health_zone,province,horizon,was_active_before,p_case_invasion,p_case_lo,p_case_hi,p_median,rank_med,rank_lo,rank_hi,mu_forecast,rr_nat,rr_nat_rank,rr01_nat,rr_ituri,rr_ituri_rank,rr_nordkivu,rr_nordkivu_rank,rr_hautuele,rr_hautuele_rank,V,priority,priority_rank,surveillance_gap,healthcare_gap,access_gap,social_vulnerability,healthcare_travel_min,method
Rethy,Ituri,1,FALSE,0.4178,0.3415,0.498,0.4195,1,1,1,0.5443,44.8802,1,1,2.9743,1,NA,NA,NA,NA,0.2703,0.6258,2,0.2143,0.6081,0,0.2587,0,Bayes-M17-med
Watsa,Haut-Uele,1,FALSE,0.3761,0.3052,0.4514,0.3773,2,2,2,0.4743,39.1111,2,0.9002,NA,NA,NA,NA,3.6204,1,0.4797,1,1,0.7297,0.8436,0,0.3456,0,Bayes-M17-med
Nyarambe,Ituri,1,FALSE,0.2194,0.1731,0.2706,0.2197,3,3,3,0.2484,20.4772,3,0.525,1.3571,2,NA,NA,NA,NA,0.1805,0.2194,11,0.1699,0.4595,0,0.0927,0,Bayes-M17-med
Biringi,Ituri,1,FALSE,0.1896,0.1505,0.2333,0.1896,4,4,4,0.2107,17.3764,4,0.4538,1.1516,3,NA,NA,NA,NA,0.3494,0.3672,3,0.3958,0.4865,0,0.5154,0,Bayes-M17-med
Mutwanga,Nord-Kivu,1,FALSE,0.1837,0.1454,0.2265,0.1837,5,5,5,0.2035,16.7768,5,0.4397,NA,NA,3.6521,1,NA,NA,0.2408,0.2452,7,0.2606,0.4672,0,0.2355,0,Bayes-M17-med
Makoro,Haut-Uele,1,FALSE,0.1418,0.1115,0.176,0.1417,6,6,6,0.1532,12.6319,6,0.3394,NA,NA,NA,NA,1.1693,2,0.3822,0.3004,5,0.556,0.5483,0,0.4247,0,Bayes-M17-med
Kayna,Nord-Kivu,1,FALSE,0.1323,0.1042,0.1638,0.1322,7,7,7,0.1422,11.7219,7,0.3167,NA,NA,2.5517,2,NA,NA,0.3113,0.2283,9,0.2278,0.6332,0,0.3842,0,Bayes-M17-med
Dungu,Haut-Uele,1,FALSE,0.1237,0.0952,0.1551,0.1235,8,8,9,0.1323,10.9076,8,0.2961,NA,NA,NA,NA,1.0097,3,0.5275,0.3617,4,0.8726,0.5598,0,0.6776,0,Bayes-M17-med
Angumu,Ituri,1,FALSE,0.1195,0.0938,0.148,0.1194,9,8,9,0.1275,10.5123,9,0.2861,0.6967,4,NA,NA,NA,NA,0.11,0.0729,35,0.1641,0.1641,0,0.112,0,Bayes-M17-med
Karisimbi,Nord-Kivu,1,FALSE,0.0968,0.0755,0.1206,0.0967,10,10,10,0.1019,8.3999,10,0.2316,NA,NA,1.8285,3,NA,NA,0.1597,0.0857,28,0.0907,0.5154,0,0.0328,0,Bayes-M17-med
Biena,Nord-Kivu,1,FALSE,0.0895,0.071,0.1102,0.0892,11,11,12,0.0938,7.7339,11,0.2141,NA,NA,1.6836,4,NA,NA,0.2013,0.0998,24,0.251,0.166,0,0.388,0,Bayes-M17-med
Linga,Ituri,1,FALSE,0.0836,0.0649,0.1048,0.0835,12,12,13,0.0874,7.2069,12,0.2001,0.4776,5,NA,NA,NA,NA,0.2148,0.0995,25,0.1969,0.3417,0,0.3205,0,Bayes-M17-med
Laybo,Ituri,1,FALSE,0.0832,0.0601,0.1114,0.082,13,11,16,0.087,7.1773,13,0.1992,0.4757,6,NA,NA,NA,NA,0.3393,0.1565,14,0.3069,0.556,0,0.4942,0,Bayes-M17-med
Jiba,Ituri,1,FALSE,0.0807,0.0628,0.1009,0.0806,14,13,16,0.0843,6.948,14,0.1932,0.4605,7,NA,NA,NA,NA,0.1651,0.0739,34,0.1815,0.1274,0,0.3514,0,Bayes-M17-med
Niangara,Haut-Uele,1,FALSE,0.0779,0.0579,0.1004,0.0776,15,12,17,0.0812,6.6972,15,0.1865,NA,NA,NA,NA,0.6199,4,0.5512,0.238,8,0.8031,0.4324,0,0.9691,0,Bayes-M17-med
Bafwagbogbo,Tshopo,1,FALSE,0.0768,0.0571,0.0987,0.0764,16,14,17,0.08,6.5956,16,0.1838,NA,NA,NA,NA,NA,NA,0.3948,0.168,12,0.8591,0.027,0,0.6931,0,Bayes-M17-med
Nyiragongo,Nord-Kivu,1,FALSE,0.0734,0.0573,0.0918,0.0733,17,15,18,0.0763,6.2943,17,0.1758,NA,NA,1.3702,5,NA,NA,0.2891,0.1177,20,0.2432,0.8764,0,0.0367,0,Bayes-M17-med
Adi,Ituri,1,FALSE,0.0717,0.0535,0.0932,0.0712,18,15,20,0.0744,6.1371,18,0.1715,0.4067,8,NA,NA,NA,NA,0.3977,0.1579,13,0.2587,0.7104,0,0.6216,0,Bayes-M17-med
Viadana,Bas-Uele,1,FALSE,0.0705,0.0521,0.0916,0.0701,19,17,21,0.0732,6.0342,19,0.1687,NA,NA,NA,NA,NA,NA,0.6846,0.2675,6,0.9131,0.9788,0,0.8465,0,Bayes-M17-med
Rutshuru,Nord-Kivu,1,FALSE,0.0668,0.052,0.0837,0.0667,20,18,20,0.0692,5.7077,20,0.16,NA,NA,1.2425,6,NA,NA,0.3721,0.1378,17,0.4093,0.9942,0,0.0849,0,Bayes-M17-med
Kirotshe,Nord-Kivu,1,FALSE,0.0636,0.0491,0.08,0.0636,21,20,21,0.0657,5.4198,21,0.1522,NA,NA,1.1798,7,NA,NA,0.3842,0.1353,18,0.3764,0.9961,0,0.1641,0,Bayes-M17-med
Alimbongo,Nord-Kivu,1,FALSE,0.062,0.0483,0.0776,0.0619,22,21,22,0.0641,5.2832,22,0.1484,NA,NA,1.1501,8,NA,NA,0.4262,0.1465,16,0.5849,0.7471,0,0.3726,0,Bayes-M17-med
Manguredjipa,Nord-Kivu,1,FALSE,0.057,0.0451,0.0705,0.0569,23,23,26,0.0587,4.8438,23,0.1365,NA,NA,1.0544,9,NA,NA,0.3475,0.1098,21,0.778,0.0579,0,0.5541,0,Bayes-M17-med
Poko,Bas-Uele,1,FALSE,0.0554,0.0412,0.0716,0.0552,24,23,27,0.0571,4.7049,24,0.1326,NA,NA,NA,NA,NA,NA,0.7271,0.2233,10,0.9923,0.9517,0,0.9643,0,Bayes-M17-med
Tshopo,Tshopo,1,FALSE,0.0552,0.043,0.0693,0.055,24,24,25,0.0569,4.6882,25,0.1322,NA,NA,NA,NA,NA,NA,0.2466,0.0755,32,0.361,0.334,0,0.2915,0,Bayes-M17-med
Rwanguba,Nord-Kivu,1,FALSE,0.0518,0.0401,0.0651,0.0518,26,25,26,0.0532,4.3887,26,0.124,NA,NA,0.9554,10,NA,NA,0.2442,0.0701,37,0.2085,0.7027,0,0.0656,0,Bayes-M17-med
Kamango,Nord-Kivu,1,FALSE,0.0514,0.0397,0.0645,0.0513,27,26,27,0.0527,4.3493,27,0.1229,NA,NA,0.9468,11,NA,NA,0.4373,0.1244,19,0.6583,0.917,0,0.1737,0,Bayes-M17-med
Kibirizi,Nord-Kivu,1,FALSE,0.0435,0.0338,0.0546,0.0434,28,28,28,0.0445,3.6701,28,0.1041,NA,NA,0.7989,12,NA,NA,0.4175,0.1007,23,0.5405,0.8552,0,0.2741,0,Bayes-M17-med
Ibanda,Sud-Kivu,1,FALSE,0.038,0.0293,0.0478,0.0379,29,29,31,0.0387,3.1914,29,0.0908,NA,NA,NA,NA,NA,NA,0.2307,0.0485,47,0.083,0.6216,0,0.2181,0,Bayes-M17-med
Faradje,Haut-Uele,1,FALSE,0.0374,0.0285,0.0475,0.0373,30,29,31,0.0382,3.1472,30,0.0896,NA,NA,NA,NA,0.2913,5,0.4474,0.0928,26,0.7606,0.666,0,0.3629,0,Bayes-M17-med
Nsele,Kinshasa,1,FALSE,0.0372,0.0289,0.0464,0.0371,31,29,32,0.0379,3.123,31,0.0889,NA,NA,NA,NA,NA,NA,0.1583,0.0326,52,0.139,0.3996,0,0.0946,0,Bayes-M17-med
Ganga,Bas-Uele,1,FALSE,0.0366,0.0271,0.0476,0.0364,32,29,34,0.0373,3.0784,32,0.0877,NA,NA,NA,NA,NA,NA,0.7218,0.1465,15,0.9672,0.9556,0,0.9643,0,Bayes-M17-med
Minova,Sud-Kivu,1,FALSE,0.0356,0.0273,0.045,0.0356,33,32,33,0.0363,2.9916,33,0.0852,NA,NA,NA,NA,NA,NA,0.3866,0.0763,29,0.4421,0.9826,0,0.1216,0,Bayes-M17-med
Gombe,Kinshasa,1,FALSE,0.0343,0.0268,0.0428,0.0342,34,32,35,0.035,2.883,34,0.0822,NA,NA,NA,NA,NA,NA,0.1622,0.0309,53,0.0695,0.5695,0,0.0097,0,Bayes-M17-med
Aba,Haut-Uele,1,FALSE,0.0328,0.025,0.0417,0.0327,35,35,37,0.0334,2.7526,35,0.0785,NA,NA,NA,NA,0.2548,6,0.569,0.1035,22,0.6004,0.6853,0,0.9903,0,Bayes-M17-med
Mweso,Nord-Kivu,1,FALSE,0.0326,0.0251,0.0413,0.0326,36,35,37,0.0332,2.7371,36,0.0781,NA,NA,0.5958,13,NA,NA,0.4189,0.0758,30,0.4498,0.9614,0,0.2645,0,Bayes-M17-med
Banalia,Tshopo,1,FALSE,0.0321,0.0241,0.0413,0.032,37,34,38,0.0327,2.6953,37,0.0769,NA,NA,NA,NA,NA,NA,0.4242,0.0756,31,0.7799,0.1178,0,0.7992,0,Bayes-M17-med
Masisi,Nord-Kivu,1,FALSE,0.0305,0.0234,0.0387,0.0305,38,37,38,0.031,2.5585,38,0.0731,NA,NA,0.557,14,NA,NA,0.4402,0.0745,33,0.4324,0.9575,0,0.3707,0,Bayes-M17-med
Katana,Sud-Kivu,1,FALSE,0.0287,0.0222,0.0361,0.0286,39,39,40,0.0291,2.3989,39,0.0686,NA,NA,NA,NA,NA,NA,0.3224,0.0512,44,0.2471,0.9112,0,0.1313,0,Bayes-M17-med
Kadutu,Sud-Kivu,1,FALSE,0.0285,0.022,0.036,0.0285,40,39,40,0.029,2.3883,40,0.0683,NA,NA,NA,NA,NA,NA,0.1636,0.0259,63,0.0579,0.3861,0,0.2104,0,Bayes-M17-med
Binza,Nord-Kivu,1,FALSE,0.0274,0.0211,0.0345,0.0274,41,41,44,0.0278,2.2931,41,0.0656,NA,NA,0.4992,15,NA,NA,0.3518,0.0535,41,0.471,0.8378,0,0.0985,0,Bayes-M17-med
Bambo,Nord-Kivu,1,FALSE,0.0273,0.0211,0.0344,0.0273,42,42,43,0.0277,2.2839,42,0.0654,NA,NA,0.4972,16,NA,NA,0.3962,0.06,39,0.5521,0.9073,0,0.1255,0,Bayes-M17-med
Limete,Kinshasa,1,FALSE,0.027,0.021,0.0337,0.0269,44,41,45,0.0274,2.2573,44,0.0646,NA,NA,NA,NA,NA,NA,0.056,0.0084,127,0.0405,0.1371,0,0.0463,0,Bayes-M17-med
Binza Ozone,Kinshasa,1,FALSE,0.027,0.021,0.0338,0.027,43,42,44,0.0274,2.2604,43,0.0647,NA,NA,NA,NA,NA,NA,0.152,0.0228,70,0.0734,0.5232,0,0.0116,0,Bayes-M17-med
Kabare,Sud-Kivu,1,FALSE,0.0263,0.0202,0.0333,0.0263,45,44,45,0.0267,2.2004,45,0.063,NA,NA,NA,NA,NA,NA,0.3567,0.052,42,0.2394,0.9884,0,0.1988,0,Bayes-M17-med
Kokolo,Kinshasa,1,FALSE,0.0242,0.0188,0.0302,0.0241,46,46,46,0.0245,2.0171,46,0.0578,NA,NA,NA,NA,NA,NA,0.2172,0.0291,57,0.0772,0.7722,0,0.0193,0,Bayes-M17-med
Lingwala,Kinshasa,1,FALSE,0.0236,0.0184,0.0295,0.0236,47,47,48,0.0239,1.9738,47,0.0566,NA,NA,NA,NA,NA,NA,0.0323,0.0042,217,0.0232,0.0907,0,0.0154,0,Bayes-M17-med
Uvira,Sud-Kivu,1,FALSE,0.0231,0.0177,0.0294,0.0231,48,47,49,0.0234,1.9316,48,0.0554,NA,NA,NA,NA,NA,NA,0.5502,0.0706,36,0.2181,0.9846,0,0.9981,0,Bayes-M17-med
Kinshasa,Kinshasa,1,FALSE,0.0221,0.0172,0.0277,0.0221,49,48,50,0.0224,1.847,49,0.053,NA,NA,NA,NA,NA,NA,0.0203,0.0025,320,0.0135,0.0463,0,0.0212,0,Bayes-M17-med
Buta,Bas-Uele,1,FALSE,0.0218,0.0165,0.0279,0.0217,50,49,52,0.022,1.8181,50,0.0522,NA,NA,NA,NA,NA,NA,0.7225,0.0873,27,0.9749,0.9923,0,0.9228,0,Bayes-M17-med
Kalamu 1,Kinshasa,1,FALSE,0.0212,0.0165,0.0265,0.0211,51,50,52,0.0214,1.7668,51,0.0507,NA,NA,NA,NA,NA,NA,0.0309,0.0036,241,0.0193,0.0734,0,0.0309,0,Bayes-M17-med
Kasa Vubu,Kinshasa,1,FALSE,0.0211,0.0164,0.0263,0.021,52,51,53,0.0213,1.758,52,0.0505,NA,NA,NA,NA,NA,NA,0.0444,0.0052,187,0.0309,0.1216,0,0.0251,0,Bayes-M17-med
Katoyi,Nord-Kivu,1,FALSE,0.0205,0.0156,0.026,0.0204,53,51,53,0.0207,1.7042,53,0.0489,NA,NA,0.371,17,NA,NA,0.4542,0.0515,43,0.4614,0.9595,0,0.3958,0,Bayes-M17-med
Lemba,Kinshasa,1,FALSE,0.0195,0.0152,0.0244,0.0195,54,54,56,0.0197,1.6282,54,0.0468,NA,NA,NA,NA,NA,NA,0.1023,0.0111,108,0.0483,0.3069,0,0.0541,0,Bayes-M17-med
Walikale,Nord-Kivu,1,FALSE,0.019,0.0146,0.0241,0.019,55,54,57,0.0192,1.5846,55,0.0455,NA,NA,0.3449,18,NA,NA,0.5729,0.0604,38,0.9459,0.9286,0,0.417,0,Bayes-M17-med
Masina 1,Kinshasa,1,FALSE,0.0189,0.0147,0.0236,0.0188,56,55,57,0.0191,1.5722,56,0.0452,NA,NA,NA,NA,NA,NA,0.0193,0.002,349,0.0077,0.0077,0,0.0618,0,Bayes-M17-med
Walungu,Sud-Kivu,1,FALSE,0.0188,0.0143,0.0239,0.0188,57,55,58,0.019,1.5662,57,0.045,NA,NA,NA,NA,NA,NA,0.3248,0.0339,50,0.1853,0.8803,0,0.2336,0,Bayes-M17-med
Kintambo,Kinshasa,1,FALSE,0.0187,0.0145,0.0233,0.0186,58,56,59,0.0189,1.5547,58,0.0447,NA,NA,NA,NA,NA,NA,0.0338,0.0035,250,0.0212,0.1004,0,0.0135,0,Bayes-M17-med
Ruzizi,Sud-Kivu,1,FALSE,0.0181,0.0138,0.0229,0.0181,59,58,59,0.0182,1.504,59,0.0433,NA,NA,NA,NA,NA,NA,0.5627,0.0564,40,0.3494,0.9093,0,0.9923,0,Bayes-M17-med
Fizi,Sud-Kivu,1,FALSE,0.0164,0.0124,0.0208,0.0163,60,60,62,0.0165,1.3597,60,0.0391,NA,NA,NA,NA,NA,NA,0.5637,0.0511,45,0.7432,0.9691,0,0.5425,0,Bayes-M17-med
Masina 2,Kinshasa,1,FALSE,0.0162,0.0126,0.0203,0.0162,61,60,62,0.0164,1.3505,61,0.0389,NA,NA,NA,NA,NA,NA,0.0265,0.0024,326,0.0174,0.0193,0,0.0695,0,Bayes-M17-med
Bandalungwa,Kinshasa,1,FALSE,0.0162,0.0126,0.0202,0.0161,62,61,64,0.0163,1.3436,62,0.0387,NA,NA,NA,NA,NA,NA,0.0709,0.0064,157,0.0328,0.2336,0,0.0174,0,Bayes-M17-med
Bengamisa,Tshopo,1,FALSE,0.0158,0.012,0.0201,0.0157,63,61,66,0.0159,1.3111,63,0.0377,NA,NA,NA,NA,NA,NA,0.3012,0.0263,59,0.612,0.2162,0,0.3764,0,Bayes-M17-med
Kalehe,Sud-Kivu,1,FALSE,0.0157,0.012,0.0198,0.0157,64,63,64,0.0158,1.3026,64,0.0375,NA,NA,NA,NA,NA,NA,0.3369,0.0293,55,0.3417,0.8649,0,0.1409,0,Bayes-M17-med
Binza Meteo,Kinshasa,1,FALSE,0.0154,0.0119,0.0193,0.0154,65,63,66,0.0155,1.2818,65,0.0369,NA,NA,NA,NA,NA,NA,0.2558,0.0219,72,0.0965,0.8996,0,0.027,0,Bayes-M17-med
Birambizo,Nord-Kivu,1,FALSE,0.0153,0.0117,0.0194,0.0153,66,65,66,0.0154,1.2732,66,0.0367,NA,NA,0.2772,19,NA,NA,0.3625,0.0308,54,0.4035,0.89,0,0.1564,0,Bayes-M17-med
Pinga,Nord-Kivu,1,FALSE,0.0145,0.0111,0.0184,0.0145,67,67,69,0.0146,1.2069,67,0.0348,NA,NA,0.2627,20,NA,NA,0.57,0.0459,48,0.9595,0.7548,0,0.5656,0,Bayes-M17-med
Bagira,Sud-Kivu,1,FALSE,0.0143,0.0109,0.0182,0.0143,68,68,70,0.0144,1.1899,68,0.0343,NA,NA,NA,NA,NA,NA,0.236,0.0187,76,0.1004,0.6371,0,0.2066,0,Bayes-M17-med
Kikimi,Kinshasa,1,FALSE,0.0139,0.0108,0.0174,0.0139,70,68,72,0.014,1.1581,70,0.0334,NA,NA,NA,NA,NA,NA,0.0835,0.0065,155,0.056,0.1911,0,0.0869,0,Bayes-M17-med
Yakusu,Tshopo,1,FALSE,0.0139,0.0109,0.0176,0.0139,70,67,78,0.014,1.1581,69,0.0334,NA,NA,NA,NA,NA,NA,0.319,0.0247,66,0.4208,0.2085,0,0.6467,0,Bayes-M17-med
Nyantende,Sud-Kivu,1,FALSE,0.0138,0.0106,0.0175,0.0138,71,69,75,0.0139,1.1471,71,0.0331,NA,NA,NA,NA,NA,NA,0.3219,0.0246,67,0.1486,0.8938,0,0.2452,0,Bayes-M17-med
Isangi,Tshopo,1,FALSE,0.0137,0.0104,0.0173,0.0136,72,69,76,0.0138,1.1356,72,0.0327,NA,NA,NA,NA,NA,NA,0.3837,0.0291,56,0.4054,0.4073,0,0.722,0,Bayes-M17-med
Matete,Kinshasa,1,FALSE,0.0136,0.0106,0.017,0.0136,73,70,76,0.0137,1.1301,73,0.0326,NA,NA,NA,NA,NA,NA,0.0492,0.0037,235,0.0251,0.1158,0,0.056,0,Bayes-M17-med
Barumbu,Kinshasa,1,FALSE,0.0135,0.0105,0.0169,0.0135,74,72,78,0.0136,1.1223,74,0.0324,NA,NA,NA,NA,NA,NA,0.014,0.001,419,0.0097,0.0232,0,0.0232,0,Bayes-M17-med
Mont Ngafula 1,Kinshasa,1,FALSE,0.0135,0.0105,0.0169,0.0135,75,73,75,0.0136,1.1221,75,0.0323,NA,NA,NA,NA,NA,NA,0.2066,0.0155,85,0.1371,0.6313,0,0.0579,0,Bayes-M17-med
Bondo,Bas-Uele,1,FALSE,0.0134,0.0104,0.0168,0.0134,77,73,78,0.0135,1.1146,76,0.0321,NA,NA,NA,NA,NA,NA,0.6737,0.0501,46,0.9961,0.9981,0,0.7008,0,Bayes-M17-med
Nyemba,Tanganyika,1,FALSE,0.0134,0.0103,0.017,0.0134,76,73,77,0.0135,1.1134,77,0.0321,NA,NA,NA,NA,NA,NA,0.3456,0.0257,65,0.5965,0.4556,0,0.3301,0,Bayes-M17-med
Lemera,Sud-Kivu,1,FALSE,0.0132,0.01,0.0168,0.0132,78,73,78,0.0133,1.0954,78,0.0316,NA,NA,NA,NA,NA,NA,0.5613,0.041,49,0.3629,0.9015,0,0.9807,0,Bayes-M17-med
Lubutu,Maniema,1,FALSE,0.0129,0.0099,0.0164,0.0129,79,79,80,0.013,1.073,79,0.0309,NA,NA,NA,NA,NA,NA,0.4706,0.0337,51,0.8205,0.2819,0,0.7799,0,Bayes-M17-med
Mubumbano,Sud-Kivu,1,FALSE,0.0129,0.0098,0.0164,0.0128,80,78,81,0.013,1.0691,80,0.0308,NA,NA,NA,NA,NA,NA,0.3658,0.0261,61,0.2683,0.9402,0,0.2548,0,Bayes-M17-med
Mont Ngafula 2,Kinshasa,1,FALSE,0.0125,0.0097,0.0157,0.0125,81,80,81,0.0126,1.0398,81,0.03,NA,NA,NA,NA,NA,NA,0.0951,0.0066,151,0.0849,0.2568,0,0.0386,0,Bayes-M17-med
Selembao,Kinshasa,1,FALSE,0.0123,0.0095,0.0154,0.0123,82,82,82,0.0124,1.0201,82,0.0294,NA,NA,NA,NA,NA,NA,0.0676,0.0046,213,0.0444,0.1815,0,0.0444,0,Bayes-M17-med
Ndjili,Kinshasa,1,FALSE,0.0115,0.0089,0.0143,0.0114,84,83,84,0.0115,0.9498,84,0.0274,NA,NA,NA,NA,NA,NA,0.0487,0.0031,276,0.027,0.1042,0,0.0637,0,Bayes-M17-med
Mwana,Sud-Kivu,1,FALSE,0.0115,0.0087,0.0146,0.0114,83,83,86,0.0115,0.9506,83,0.0274,NA,NA,NA,NA,NA,NA,0.3731,0.0237,69,0.2896,0.9035,0,0.2992,0,Bayes-M17-med
Kingabwa,Kinshasa,1,FALSE,0.0113,0.0088,0.0142,0.0113,85,84,86,0.0114,0.9386,85,0.0271,NA,NA,NA,NA,NA,NA,0.0478,0.003,281,0.0425,0.0965,0,0.0521,0,Bayes-M17-med
Ngiri Ngiri,Kinshasa,1,FALSE,0.0109,0.0084,0.0136,0.0108,87,85,89,0.0109,0.8997,87,0.026,NA,NA,NA,NA,NA,NA,0.028,0.0017,383,0.0154,0.0676,0,0.029,0,Bayes-M17-med
Kaniola,Sud-Kivu,1,FALSE,0.0109,0.0083,0.0139,0.0109,86,85,88,0.011,0.9078,86,0.0262,NA,NA,NA,NA,NA,NA,0.4513,0.0274,58,0.5328,0.9305,0,0.3417,0,Bayes-M17-med
Nyangezi,Sud-Kivu,1,FALSE,0.0108,0.0082,0.0137,0.0108,88,87,89,0.0108,0.8945,88,0.0258,NA,NA,NA,NA,NA,NA,0.36870000000000003,0.022,71,0.222,0.8842,0,0.36870000000000003,0,Bayes-M17-med
Police,Kinshasa,1,FALSE,0.0106,0.0082,0.0132,0.0105,89,87,90,0.0106,0.8751,89,0.0253,NA,NA,NA,NA,NA,NA,0.0478,0.0028,302,0.0463,0.0772,0,0.0676,0,Bayes-M17-med
Bunyakiri,Sud-Kivu,1,FALSE,0.0105,0.008,0.0133,0.0104,90,88,90,0.0105,0.868,90,0.0251,NA,NA,NA,NA,NA,NA,0.4517,0.0262,60,0.6197,0.832,0,0.3552,0,Bayes-M17-med
Kindu,Maniema,1,FALSE,0.0096,0.0073,0.0121,0.0095,91,91,91,0.0096,0.7919,91,0.0229,NA,NA,NA,NA,NA,NA,0.3181,0.0168,77,0.1351,0.2529,0,0.8842,0,Bayes-M17-med
Maluku 1,Kinshasa,1,FALSE,0.0091,0.007,0.0114,0.0091,92,92,93,0.0091,0.7525,92,0.0217,NA,NA,NA,NA,NA,NA,0.2321,0.0117,105,0.3475,0.4517,0,0.1293,0,Bayes-M17-med
Kasongo,Maniema,1,FALSE,0.0088,0.0067,0.0112,0.0088,93,92,94,0.0089,0.7308,93,0.0211,NA,NA,NA,NA,NA,NA,0.5304,0.0259,62,0.4459,0.7529,0,0.9228,0,Bayes-M17-med
Kingasani,Kinshasa,1,FALSE,0.0084,0.0065,0.0105,0.0084,94,93,96,0.0085,0.6973,94,0.0202,NA,NA,NA,NA,NA,NA,0.0294,0.0014,402,0.0058,0.0405,0,0.0714,0,Bayes-M17-med
Yabaondo,Tshopo,1,FALSE,0.0082,0.0062,0.0105,0.0082,95,94,95,0.0083,0.6823,95,0.0197,NA,NA,NA,NA,NA,NA,0.3523,0.0161,79,0.4363,0.305,0,0.668,0,Bayes-M17-med
Basoko,Tshopo,1,FALSE,0.008,0.0061,0.0101,0.0079,96,96,97,0.008,0.6583,96,0.019,NA,NA,NA,NA,NA,NA,0.3012,0.0133,100,0.5077,0.3147,0,0.3822,0,Bayes-M17-med
Shabunda,Sud-Kivu,1,FALSE,0.0079,0.006,0.01,0.0078,98,96,98,0.0079,0.6508,97,0.0188,NA,NA,NA,NA,NA,NA,0.5922,0.0258,64,0.8378,0.8726,0,0.6583,0,Bayes-M17-med
Ubundu,Tshopo,1,FALSE,0.0078,0.0059,0.01,0.0077,98,96,100,0.0078,0.6438,98,0.0186,NA,NA,NA,NA,NA,NA,0.4744,0.0204,73,0.9054,0.4305,0,0.5618,0,Bayes-M17-med
Lubumbashi,Haut-Katanga,1,FALSE,0.0077,0.0059,0.0097,0.0077,99,97,100,0.0077,0.6372,99,0.0184,NA,NA,NA,NA,NA,NA,0.1105,0.0047,207,0.1081,0.2104,0,0.1236,0,Bayes-M17-med
Nundu,Sud-Kivu,1,FALSE,0.0075,0.0057,0.0095,0.0075,101,99,101,0.0075,0.6206,101,0.0179,NA,NA,NA,NA,NA,NA,0.5927,0.0246,68,0.527,0.8494,0,0.9942,0,Bayes-M17-med
Kalemie,Tanganyika,1,FALSE,0.0075,0.0058,0.0096,0.0075,100,99,101,0.0076,0.6249,100,0.0181,NA,NA,NA,NA,NA,NA,0.3789,0.0159,81,0.6718,0.4575,0,0.3861,0,Bayes-M17-med
Kalonge,Sud-Kivu,1,FALSE,0.0068,0.0052,0.0087,0.0068,102,102,103,0.0068,0.5628,102,0.0163,NA,NA,NA,NA,NA,NA,0.404,0.0152,87,0.4961,0.8359,0,0.2838,0,Bayes-M17-med
Kunda,Maniema,1,FALSE,0.0067,0.005,0.0085,0.0066,104,103,105,0.0067,0.5505,104,0.0159,NA,NA,NA,NA,NA,NA,0.4165,0.0154,86,0.4633,0.2799,0,0.9228,0,Bayes-M17-med
Yaleko,Tshopo,1,FALSE,0.0067,0.005,0.0085,0.0066,103,102,106,0.0067,0.5521,103,0.016,NA,NA,NA,NA,NA,NA,0.402,0.0149,93,0.639,0.2452,0,0.7239,0,Bayes-M17-med
Lisala,Mongala,1,FALSE,0.0066,0.005,0.0084,0.0066,105,104,105,0.0066,0.5461,105,0.0158,NA,NA,NA,NA,NA,NA,0.4093,0.015,89,0.4286,0.4402,0,0.7683,0,Bayes-M17-med
Yamaluka,Mongala,1,FALSE,0.0064,0.005,0.008,0.0064,106,103,107,0.0064,0.5303,106,0.0153,NA,NA,NA,NA,NA,NA,0.1974,0.007,140,0.2799,0.1448,0,0.3649,0,Bayes-M17-med
Yambuku,Mongala,1,FALSE,0.0062,0.0046,0.008,0.0061,107,106,108,0.0062,0.5111,107,0.0148,NA,NA,NA,NA,NA,NA,0.4344,0.0149,92,0.5483,0.5753,0,0.6139,0,Bayes-M17-med
Makala,Kinshasa,1,FALSE,0.0059,0.0046,0.0074,0.0059,108,107,109,0.0059,0.4869,108,0.0141,NA,NA,NA,NA,NA,NA,0.0246,8e-4,436,0.0116,0.0386,0,0.0483,0,Bayes-M17-med
Opienge,Tshopo,1,FALSE,0.0057,0.0041,0.0074,0.0056,109,108,117,0.0057,0.4683,109,0.0136,NA,NA,NA,NA,NA,NA,0.4445,0.014,97,0.9556,0.0135,0,0.8089,0,Bayes-M17-med
Saramabila,Maniema,1,FALSE,0.0056,0.0043,0.0071,0.0056,110,110,111,0.0056,0.4645,110,0.0134,NA,NA,NA,NA,NA,NA,0.4768,0.0148,94,0.473,0.5502,0,0.8842,0,Bayes-M17-med
Kaziba,Sud-Kivu,1,FALSE,0.0056,0.0043,0.0071,0.0056,111,110,112,0.0056,0.4639,111,0.0134,NA,NA,NA,NA,NA,NA,0.3571,0.0111,107,0.2876,0.7838,0,0.3571,0,Bayes-M17-med
Kalamu 2,Kinshasa,1,FALSE,0.0055,0.0043,0.0069,0.0055,112,109,116,0.0055,0.4552,112,0.0132,NA,NA,NA,NA,NA,NA,0.015,5e-4,451,0.0039,0.0154,0,0.0405,0,Bayes-M17-med
Djolu,Tshuapa,1,FALSE,0.0055,0.0041,0.0071,0.0055,113,110,114,0.0055,0.4549,113,0.0132,NA,NA,NA,NA,NA,NA,0.5256,0.016,80,0.7104,0.5985,0,0.7934,0,Bayes-M17-med
Kitutu,Sud-Kivu,1,FALSE,0.0054,0.0041,0.0068,0.0053,114,112,114,0.0054,0.4438,114,0.0128,NA,NA,NA,NA,NA,NA,0.5024,0.0149,90,0.751,0.805,0,0.4537,0,Bayes-M17-med
Kongolo,Tanganyika,1,FALSE,0.0053,0.004,0.0067,0.0053,115,115,116,0.0053,0.4364,115,0.0126,NA,NA,NA,NA,NA,NA,0.6829,0.02,75,0.8861,0.9228,0,0.9228,0,Bayes-M17-med
Kibua,Nord-Kivu,1,FALSE,0.0052,0.004,0.0067,0.0052,116,113,117,0.0053,0.4339,116,0.0126,NA,NA,0.0945,21,NA,NA,0.5154,0.015,88,0.7741,0.6602,0,0.6274,0,Bayes-M17-med
Ango,Bas-Uele,1,FALSE,0.0051,0.0038,0.0067,0.0051,117,113,123,0.0052,0.4255,117,0.0123,NA,NA,NA,NA,NA,NA,0.7095,0.0202,74,1,0.8591,0,0.9788,0,Bayes-M17-med
Mumbunda,Haut-Katanga,1,FALSE,0.0051,0.0039,0.0064,0.0051,119,116,122,0.0051,0.418,119,0.0121,NA,NA,NA,NA,NA,NA,0.1853,0.0052,185,0.1197,0.5077,0,0.1139,0,Bayes-M17-med
Kabinda,Lomami,1,FALSE,0.0051,0.0038,0.0064,0.005,120,119,121,0.0051,0.4178,120,0.0121,NA,NA,NA,NA,NA,NA,0.4382,0.0123,101,0.5097,0.5541,0,0.6892,0,Bayes-M17-med
Kimbi Lulenge,Sud-Kivu,1,FALSE,0.0051,0.0039,0.0065,0.0051,118,118,119,0.0051,0.4207,118,0.0122,NA,NA,NA,NA,NA,NA,0.5507,0.0155,84,0.8475,0.8687,0,0.4865,0,Bayes-M17-med
Manika,Lualaba,1,FALSE,0.005,0.0038,0.0064,0.005,122,118,123,0.005,0.4154,122,0.012,NA,NA,NA,NA,NA,NA,0.1149,0.0032,266,0.0946,0.222,0,0.1429,0,Bayes-M17-med
Kalole,Sud-Kivu,1,FALSE,0.005,0.0038,0.0063,0.005,123,121,123,0.005,0.4108,123,0.0119,NA,NA,NA,NA,NA,NA,0.6038,0.0166,78,0.89,0.7799,0,0.7452,0,Bayes-M17-med
Mwenga,Sud-Kivu,1,FALSE,0.005,0.0038,0.0064,0.005,120,120,121,0.0051,0.4169,121,0.0121,NA,NA,NA,NA,NA,NA,0.319,0.0089,120,0.5,0.3552,0,0.4208,0,Bayes-M17-med
Itebero,Nord-Kivu,1,FALSE,0.0048,0.0037,0.0061,0.0048,124,124,126,0.0048,0.398,124,0.0115,NA,NA,0.0866,22,NA,NA,0.5574,0.0149,91,0.9112,0.722,0,0.5965,0,Bayes-M17-med
Mulungu,Sud-Kivu,1,FALSE,0.0048,0.0036,0.0061,0.0048,126,125,127,0.0048,0.3942,126,0.0114,NA,NA,NA,NA,NA,NA,0.5208,0.0138,98,0.861,0.5193,0,0.7027,0,Bayes-M17-med
Yahuma,Tshopo,1,FALSE,0.0048,0.0036,0.0061,0.0048,125,124,126,0.0048,0.3964,125,0.0115,NA,NA,NA,NA,NA,NA,0.4402,0.0117,104,0.8649,0.332,0,0.5637,0,Bayes-M17-med
Bonzola,Kasaï-Oriental,1,FALSE,0.0047,0.0035,0.0059,0.0046,127,127,128,0.0047,0.3855,127,0.0112,NA,NA,NA,NA,NA,NA,0.2958,0.0076,133,0.0927,0.7934,0,0.2973,0,Bayes-M17-med
Kamituga,Sud-Kivu,1,FALSE,0.0046,0.0035,0.0059,0.0046,128,127,129,0.0047,0.3839,128,0.0111,NA,NA,NA,NA,NA,NA,0.3596,0.0093,118,0.3938,0.6062,0,0.4382,0,Bayes-M17-med
Doruma,Haut-Uele,1,FALSE,0.0045,0.0033,0.0059,0.0045,129,125,130,0.0045,0.3726,129,0.0108,NA,NA,NA,NA,0.0345,7,0.6216,0.0155,83,0.973,0.5135,0,1,0,Bayes-M17-med
Bumba,Mongala,1,FALSE,0.0043,0.0032,0.0055,0.0043,130,130,133,0.0043,0.3543,130,0.0103,NA,NA,NA,NA,NA,NA,0.2384,0.0057,174,0.1409,0.4537,0,0.3591,0,Bayes-M17-med
Aketi,Bas-Uele,1,FALSE,0.0042,0.0031,0.0054,0.0041,133,131,138,0.0042,0.3435,133,0.0099,NA,NA,NA,NA,NA,NA,0.6762,0.0156,82,0.9903,0.9363,0,0.778,0,Bayes-M17-med
Lodja,Sankuru,1,FALSE,0.0042,0.0032,0.0053,0.0042,133,132,133,0.0042,0.3464,132,0.01,NA,NA,NA,NA,NA,NA,0.4626,0.0107,109,0.2625,0.6351,0,0.9527,0,Bayes-M17-med
Mbulula,Tanganyika,1,FALSE,0.0042,0.0032,0.0054,0.0042,131,130,132,0.0043,0.3507,131,0.0102,NA,NA,NA,NA,NA,NA,0.5934,0.014,96,0.6448,0.7761,0,0.9527,0,Bayes-M17-med
Kananga,Kasaï-Central,1,FALSE,0.0041,0.0031,0.0052,0.0041,135,134,136,0.0041,0.3371,135,0.0098,NA,NA,NA,NA,NA,NA,0.2963,0.0067,149,0.1429,0.5579,0,0.4846,0,Bayes-M17-med
Kisenso,Kinshasa,1,FALSE,0.0041,0.0032,0.0052,0.0041,134,129,136,0.0041,0.3396,134,0.0098,NA,NA,NA,NA,NA,NA,0.0589,0.0013,405,0.0367,0.139,0,0.0598,0,Bayes-M17-med
Punia,Maniema,1,FALSE,0.0041,0.0031,0.0052,0.0041,135,134,136,0.0041,0.3365,136,0.0097,NA,NA,NA,NA,NA,NA,0.3731,0.0084,126,0.7625,0.1969,0,0.5328,0,Bayes-M17-med
Kampene,Maniema,1,FALSE,0.004,0.003,0.005,0.0039,137,137,138,0.004,0.3272,137,0.0095,NA,NA,NA,NA,NA,NA,0.3962,0.0087,122,0.5251,0.1757,0,0.8842,0,Bayes-M17-med
Biyela,Kinshasa,1,FALSE,0.0039,0.003,0.0049,0.0039,141,136,147,0.0039,0.3201,141,0.0093,NA,NA,NA,NA,NA,NA,0.1076,0.0023,332,0.0637,0.2838,0,0.083,0,Bayes-M17-med
Kalima,Maniema,1,FALSE,0.0039,0.003,0.005,0.0039,138,138,140,0.0039,0.3252,138,0.0094,NA,NA,NA,NA,NA,NA,0.3094,0.0067,145,0.4595,0.3205,0,0.4575,0,Bayes-M17-med
Kabalo,Tanganyika,1,FALSE,0.0039,0.003,0.005,0.0039,139,139,141,0.0039,0.3249,139,0.0094,NA,NA,NA,NA,NA,NA,0.624,0.0136,99,0.9035,0.7568,0,0.8359,0,Bayes-M17-med
Moba,Tanganyika,1,FALSE,0.0039,0.003,0.005,0.0039,140,140,143,0.0039,0.3232,140,0.0094,NA,NA,NA,NA,NA,NA,0.3808,0.0083,128,0.6178,0.4942,0,0.4112,0,Bayes-M17-med
Kipushi,Haut-Katanga,1,FALSE,0.0038,0.0029,0.0048,0.0038,143,137,149,0.0038,0.3144,143,0.0091,NA,NA,NA,NA,NA,NA,0.1216,0.0026,313,0.2703,0.1081,0,0.1081,0,Bayes-M17-med
Kasansa,Kasaï-Oriental,1,FALSE,0.0038,0.0029,0.0048,0.0038,145,144,146,0.0038,0.3128,144,0.0091,NA,NA,NA,NA,NA,NA,0.3349,0.007,139,0.2568,0.6699,0,0.4131,0,Bayes-M17-med
Gemena,Sud-Ubangi,1,FALSE,0.0038,0.0029,0.0049,0.0038,142,137,149,0.0038,0.3171,142,0.0092,NA,NA,NA,NA,NA,NA,0.3277,0.007,141,0.1776,0.2741,0,0.8591,0,Bayes-M17-med
Titule,Bas-Uele,1,FALSE,0.0037,0.0028,0.0049,0.0037,147,139,154,0.0037,0.3084,147,0.0089,NA,NA,NA,NA,NA,NA,0.6839,0.0141,95,0.9865,0.8263,0,0.9228,0,Bayes-M17-med
Mbandaka,Equateur,1,FALSE,0.0037,0.0029,0.0047,0.0037,149,144,152,0.0037,0.3072,150,0.0089,NA,NA,NA,NA,NA,NA,0.5164,0.0106,110,0.6409,0.9633,0,0.4614,0,Bayes-M17-med
Tshamilemba,Haut-Katanga,1,FALSE,0.0037,0.0028,0.0046,0.0037,152,145,154,0.0037,0.3044,152,0.0088,NA,NA,NA,NA,NA,NA,0.0772,0.0016,390,0.0656,0.1255,0,0.1178,0,Bayes-M17-med
Kimbanseke,Kinshasa,1,FALSE,0.0037,0.0029,0.0047,0.0037,148,142,151,0.0037,0.3082,148,0.0089,NA,NA,NA,NA,NA,NA,0.0526,0.0011,416,0.0521,0.0849,0,0.0734,0,Bayes-M17-med
Lolo,Mongala,1,FALSE,0.0037,0.0028,0.0048,0.0037,145,143,152,0.0037,0.3092,146,0.009,NA,NA,NA,NA,NA,NA,0.3161,0.0066,152,0.4073,0.3263,0,0.5309,0,Bayes-M17-med
Opala,Tshopo,1,FALSE,0.0037,0.0028,0.0048,0.0037,150,145,150,0.0037,0.3074,149,0.0089,NA,NA,NA,NA,NA,NA,0.4269,0.0088,121,0.7819,0.0792,0,0.8465,0,Bayes-M17-med
Yahisuli,Tshopo,1,FALSE,0.0037,0.0028,0.0048,0.0037,146,144,148,0.0038,0.3097,145,0.009,NA,NA,NA,NA,NA,NA,0.3521,0.0073,137,0.3842,0.0714,0,0.9527,0,Bayes-M17-med
Manono,Tanganyika,1,FALSE,0.0037,0.0028,0.0047,0.0037,149,148,151,0.0037,0.3052,151,0.0088,NA,NA,NA,NA,NA,NA,0.5758,0.0118,103,0.8784,0.9537,0,0.471,0,Bayes-M17-med
Nyunzu,Tanganyika,1,FALSE,0.0036,0.0027,0.0045,0.0036,153,153,154,0.0036,0.295,153,0.0085,NA,NA,NA,NA,NA,NA,0.6023,0.0119,102,0.9653,0.834,0,0.61,0,Bayes-M17-med
Nzaba,Kasaï-Oriental,1,FALSE,0.0035,0.0027,0.0045,0.0035,155,154,155,0.0035,0.2897,155,0.0084,NA,NA,NA,NA,NA,NA,0.278,0.0054,180,0.1042,0.6931,0,0.3147,0,Bayes-M17-med
Boende,Tshuapa,1,FALSE,0.0035,0.0026,0.0046,0.0035,154,150,161,0.0035,0.2916,154,0.0084,NA,NA,NA,NA,NA,NA,0.4199,0.0082,129,0.6988,0.4807,0,0.5,0,Bayes-M17-med
Kabongo,Haut-Lomami,1,FALSE,0.0034,0.0026,0.0044,0.0034,159,156,159,0.0034,0.2827,159,0.0082,NA,NA,NA,NA,NA,NA,0.5372,0.0102,111,0.8108,0.778,0,0.5598,0,Bayes-M17-med
Maluku 2,Kinshasa,1,FALSE,0.0034,0.0027,0.0043,0.0034,157,151,162,0.0034,0.2835,157,0.0082,NA,NA,NA,NA,NA,NA,0.4184,0.008,130,0.6834,0.5463,0,0.444,0,Bayes-M17-med
Lusangi,Maniema,1,FALSE,0.0034,0.0026,0.0043,0.0034,160,159,160,0.0034,0.2793,160,0.0081,NA,NA,NA,NA,NA,NA,0.4223,0.0079,131,0.5656,0.2645,0,0.8591,0,Bayes-M17-med
Lulingu,Sud-Kivu,1,FALSE,0.0034,0.0026,0.0044,0.0034,158,157,158,0.0034,0.2828,158,0.0082,NA,NA,NA,NA,NA,NA,0.6158,0.0117,106,0.9093,0.8108,0,0.7432,0,Bayes-M17-med
Haut Plateau,Sud-Kivu,1,FALSE,0.0034,0.0026,0.0044,0.0034,156,156,157,0.0034,0.2841,156,0.0082,NA,NA,NA,NA,NA,NA,0.5246,0.01,113,0.5714,0.5444,0,0.9826,0,Bayes-M17-med
Kamina,Haut-Lomami,1,FALSE,0.0033,0.0025,0.0041,0.0032,164,164,165,0.0033,0.2686,164,0.0078,NA,NA,NA,NA,NA,NA,0.5164,0.0093,117,0.8301,0.8301,0,0.4054,0,Bayes-M17-med
Mulumba,Lomami,1,FALSE,0.0033,0.0025,0.0042,0.0033,162,160,163,0.0033,0.2737,162,0.0079,NA,NA,NA,NA,NA,NA,0.2587,0.0048,206,0.1834,0.3108,0,0.5405,0,Bayes-M17-med
Luputa,Lomami,1,FALSE,0.0033,0.0025,0.0042,0.0033,163,163,164,0.0033,0.2722,163,0.0079,NA,NA,NA,NA,NA,NA,0.3431,0.0063,162,0.3301,0.3166,0,0.7259,0,Bayes-M17-med
Minembwe,Sud-Kivu,1,FALSE,0.0033,0.0025,0.0042,0.0033,161,161,162,0.0033,0.2743,161,0.0079,NA,NA,NA,NA,NA,NA,0.5198,0.0096,115,0.7181,0.8089,0,0.5521,0,Bayes-M17-med
Tshilenge,Kasaï-Oriental,1,FALSE,0.0032,0.0025,0.0041,0.0032,165,165,166,0.0032,0.2671,165,0.0077,NA,NA,NA,NA,NA,NA,0.2799,0.005,196,0.1892,0.668,0,0.2625,0,Bayes-M17-med
Bumbu,Kinshasa,1,FALSE,0.0032,0.0025,0.004,0.0032,167,159,170,0.0032,0.2652,167,0.0077,NA,NA,NA,NA,NA,NA,0.0164,3e-4,457,0.0019,0.029,0,0.0347,0,Bayes-M17-med
Idiofa,Kwilu,1,FALSE,0.0032,0.0024,0.004,0.0032,168,168,170,0.0032,0.262,168,0.0076,NA,NA,NA,NA,NA,NA,0.486,0.0085,124,0.4537,0.749,0,0.7413,0,Bayes-M17-med
Mweneditu,Lomami,1,FALSE,0.0032,0.0024,0.0041,0.0032,166,166,167,0.0032,0.2664,166,0.0077,NA,NA,NA,NA,NA,NA,0.2799,0.005,197,0.166,0.3842,0,0.5695,0,Bayes-M17-med
Samba,Maniema,1,FALSE,0.0032,0.0024,0.004,0.0032,169,168,169,0.0032,0.262,169,0.0076,NA,NA,NA,NA,NA,NA,0.5179,0.0091,119,0.7529,0.4344,0,0.8842,0,Bayes-M17-med
Lingomo,Tshuapa,1,FALSE,0.0032,0.0024,0.0041,0.0031,170,165,171,0.0032,0.2617,170,0.0076,NA,NA,NA,NA,NA,NA,0.5627,0.0099,114,0.8263,0.5869,0,0.8378,0,Bayes-M17-med
Ngaba,Kinshasa,1,FALSE,0.003,0.0023,0.0038,0.003,172,168,175,0.003,0.2492,172,0.0072,NA,NA,NA,NA,NA,NA,0.014,2e-4,458,0,0.0058,0,0.0502,0,Bayes-M17-med
Kailo,Maniema,1,FALSE,0.003,0.0023,0.0039,0.003,171,171,172,0.003,0.2505,171,0.0073,NA,NA,NA,NA,NA,NA,0.4276,0.0072,138,0.832,0.0946,0,0.7838,0,Bayes-M17-med
Tshikapa,Kasaï,1,FALSE,0.0029,0.0022,0.0037,0.0029,175,174,176,0.0029,0.2371,175,0.0069,NA,NA,NA,NA,NA,NA,0.3156,0.005,195,0.2722,0.6506,0,0.3398,0,Bayes-M17-med
Kabeya Kamwanga,Kasaï-Oriental,1,FALSE,0.0029,0.0022,0.0037,0.0029,174,173,175,0.0029,0.2393,174,0.0069,NA,NA,NA,NA,NA,NA,0.2968,0.0048,205,0.3224,0.3919,0,0.473,0,Bayes-M17-med
Ikela,Tshuapa,1,FALSE,0.0029,0.0022,0.0038,0.0029,173,172,175,0.0029,0.2419,173,0.007,NA,NA,NA,NA,NA,NA,0.4633,0.0075,135,0.8147,0.1795,0,0.8591,0,Bayes-M17-med
Mondombe,Tshuapa,1,FALSE,0.0029,0.0021,0.0037,0.0028,176,173,178,0.0029,0.2368,176,0.0069,NA,NA,NA,NA,NA,NA,0.4797,0.0076,134,0.6622,0.3726,0,0.8842,0,Bayes-M17-med
Malemba Nkulu,Haut-Lomami,1,FALSE,0.0028,0.0021,0.0036,0.0028,178,177,178,0.0028,0.2321,178,0.0067,NA,NA,NA,NA,NA,NA,0.3895,0.0061,165,0.36870000000000003,0.7664,0,0.4228,0,Bayes-M17-med
Kamwesha,Kasaï,1,FALSE,0.0028,0.0022,0.0036,0.0028,177,176,177,0.0028,0.2349,177,0.0068,NA,NA,NA,NA,NA,NA,0.2732,0.0043,216,0.3456,0.2876,0,0.4595,0,Bayes-M17-med
Demba,Kasaï-Central,1,FALSE,0.0028,0.0021,0.0035,0.0027,179,179,180,0.0028,0.2277,179,0.0066,NA,NA,NA,NA,NA,NA,0.4117,0.0063,160,0.4653,0.7143,0,0.4672,0,Bayes-M17-med
Kitenge,Haut-Lomami,1,FALSE,0.0027,0.0021,0.0035,0.0027,180,180,182,0.0027,0.2257,180,0.0065,NA,NA,NA,NA,NA,NA,0.5729,0.0087,123,0.8668,0.8069,0,0.6178,0,Bayes-M17-med
Yamongili,Mongala,1,FALSE,0.0027,0.002,0.0035,0.0027,181,179,182,0.0027,0.2253,181,0.0065,NA,NA,NA,NA,NA,NA,0.3243,0.0049,202,0.5116,0.3668,0,0.4189,0,Bayes-M17-med
Karawa,Nord-Ubangi,1,FALSE,0.0027,0.002,0.0035,0.0027,182,181,185,0.0027,0.2213,182,0.0064,NA,NA,NA,NA,NA,NA,0.6404,0.0095,116,0.7568,0.973,0,0.832,0,Bayes-M17-med
Likati,Bas-Uele,1,FALSE,0.0026,0.0019,0.0033,0.0025,186,184,189,0.0026,0.2108,186,0.0061,NA,NA,NA,NA,NA,NA,0.7124,0.0101,112,0.9942,0.971,0,0.8842,0,Bayes-M17-med
Kaniama,Haut-Lomami,1,FALSE,0.0026,0.002,0.0034,0.0026,183,181,183,0.0026,0.2185,183,0.0063,NA,NA,NA,NA,NA,NA,0.582,0.0085,125,0.8533,0.6622,0,0.8127,0,Bayes-M17-med
Mikalayi,Kasaï-Central,1,FALSE,0.0026,0.002,0.0033,0.0026,185,184,186,0.0026,0.2137,185,0.0062,NA,NA,NA,NA,NA,NA,0.3948,0.0057,175,0.4517,0.5811,0,0.5463,0,Bayes-M17-med
Lubao,Lomami,1,FALSE,0.0026,0.002,0.0033,0.0026,184,183,187,0.0026,0.2143,184,0.0062,NA,NA,NA,NA,NA,NA,0.3982,0.0057,171,0.6486,0.1525,0,0.7915,0,Bayes-M17-med
Lukelenge,Kasaï-Oriental,1,FALSE,0.0025,0.0019,0.0031,0.0025,190,187,190,0.0025,0.204,190,0.0059,NA,NA,NA,NA,NA,NA,0.2249,0.0031,277,0.0811,0.5,0,0.3185,0,Bayes-M17-med
Lusanga,Kwilu,1,FALSE,0.0025,0.0019,0.0032,0.0025,189,186,189,0.0025,0.2068,189,0.006,NA,NA,NA,NA,NA,NA,0.4242,0.0059,167,0.4382,0.7297,0,0.529,0,Bayes-M17-med
Bwamanda,Sud-Ubangi,1,FALSE,0.0025,0.0019,0.0032,0.0025,188,188,193,0.0025,0.2073,188,0.006,NA,NA,NA,NA,NA,NA,0.4667,0.0065,154,0.4189,0.7394,0,0.7085,0,Bayes-M17-med
Bokungu,Tshuapa,1,FALSE,0.0025,0.0019,0.0033,0.0025,187,185,189,0.0025,0.2093,187,0.0061,NA,NA,NA,NA,NA,NA,0.49370000000000003,0.0069,142,0.695,0.3571,0,0.9228,0,Bayes-M17-med
Luebo,Kasaï,1,FALSE,0.0024,0.0018,0.0031,0.0024,192,191,192,0.0024,0.2012,192,0.0058,NA,NA,NA,NA,NA,NA,0.4353,0.0059,169,0.5232,0.5116,0,0.7066,0,Bayes-M17-med
Mweka,Kasaï,1,FALSE,0.0024,0.0018,0.003,0.0024,195,194,195,0.0024,0.1967,195,0.0057,NA,NA,NA,NA,NA,NA,0.5053,0.0067,150,0.4788,0.7239,0,0.8185,0,Bayes-M17-med
Cilundu,Kasaï-Oriental,1,FALSE,0.0024,0.0018,0.003,0.0024,194,194,195,0.0024,0.1967,194,0.0057,NA,NA,NA,NA,NA,NA,0.221,0.0029,289,0.2317,0.3089,0,0.3436,0,Bayes-M17-med
Diulu,Kasaï-Oriental,1,FALSE,0.0024,0.0019,0.0031,0.0024,191,188,192,0.0024,0.2017,191,0.0058,NA,NA,NA,NA,NA,NA,0.2611,0.0035,245,0.0676,0.6448,0,0.332,0,Bayes-M17-med
Ngandajika,Lomami,1,FALSE,0.0024,0.0018,0.0031,0.0024,193,192,193,0.0024,0.2002,193,0.0058,NA,NA,NA,NA,NA,NA,0.3465,0.0047,210,0.2124,0.4459,0,0.7278,0,Bayes-M17-med
Bena Leka,Kasaï-Central,1,FALSE,0.0023,0.0017,0.0029,0.0023,200,200,201,0.0023,0.1903,200,0.0055,NA,NA,NA,NA,NA,NA,0.4986,0.0064,156,0.6062,0.7162,0,0.6718,0,Bayes-M17-med
Luiza,Kasaï-Central,1,FALSE,0.0023,0.0018,0.003,0.0023,197,196,199,0.0023,0.1926,197,0.0056,NA,NA,NA,NA,NA,NA,0.4218,0.0055,178,0.4807,0.6293,0,0.5772,0,Bayes-M17-med
Masuika,Kasaï-Central,1,FALSE,0.0023,0.0017,0.0029,0.0023,202,201,204,0.0023,0.1886,202,0.0055,NA,NA,NA,NA,NA,NA,0.3885,0.0049,200,0.3263,0.5618,0,0.666,0,Bayes-M17-med
Vanga,Kwilu,1,FALSE,0.0023,0.0018,0.003,0.0023,196,196,198,0.0023,0.1927,196,0.0056,NA,NA,NA,NA,NA,NA,0.5034,0.0065,153,0.3726,0.8205,0,0.8205,0,Bayes-M17-med
Bulungu,Kwilu,1,FALSE,0.0023,0.0018,0.003,0.0023,198,198,199,0.0023,0.1921,198,0.0056,NA,NA,NA,NA,NA,NA,0.4508,0.0058,170,0.3571,0.6795,0,0.7664,0,Bayes-M17-med
Fungurume,Lualaba,1,FALSE,0.0023,0.0017,0.0029,0.0022,204,203,205,0.0023,0.1864,204,0.0054,NA,NA,NA,NA,NA,NA,0.1564,0.002,355,0.2664,0.1622,0,0.1969,0,Bayes-M17-med
Kabambare,Maniema,1,FALSE,0.0023,0.0018,0.0029,0.0023,199,196,202,0.0023,0.1911,199,0.0055,NA,NA,NA,NA,NA,NA,0.3953,0.0051,194,0.8359,0.112,0,0.6332,0,Bayes-M17-med
Tandala,Sud-Ubangi,1,FALSE,0.0023,0.0017,0.0029,0.0022,203,200,210,0.0023,0.1869,203,0.0054,NA,NA,NA,NA,NA,NA,0.4078,0.0051,189,0.2741,0.527,0,0.8301,0,Bayes-M17-med
Yalimbongo,Tshopo,1,FALSE,0.0023,0.0017,0.0029,0.0022,205,203,206,0.0023,0.1862,205,0.0054,NA,NA,NA,NA,NA,NA,0.3214,0.004,222,0.5772,0.0483,0,0.6602,0,Bayes-M17-med
Yalifafu,Tshuapa,1,FALSE,0.0023,0.0017,0.003,0.0023,201,196,207,0.0023,0.1899,201,0.0055,NA,NA,NA,NA,NA,NA,0.4797,0.0061,163,0.7664,0.2683,0,0.8842,0,Bayes-M17-med
Bukama,Haut-Lomami,1,FALSE,0.0022,0.0016,0.0027,0.0021,212,212,212,0.0022,0.1778,212,0.0052,NA,NA,NA,NA,NA,NA,0.4764,0.0057,172,0.7143,0.7625,0,0.4286,0,Bayes-M17-med
Bibanga,Kasaï-Oriental,1,FALSE,0.0022,0.0017,0.0029,0.0022,206,203,207,0.0022,0.1852,206,0.0054,NA,NA,NA,NA,NA,NA,0.2978,0.0037,236,0.3127,0.4884,0,0.39,0,Bayes-M17-med
Citenge,Kasaï-Oriental,1,FALSE,0.0022,0.0016,0.0028,0.0022,210,209,210,0.0022,0.1796,210,0.0052,NA,NA,NA,NA,NA,NA,0.2321,0.0028,301,0.1583,0.4749,0,0.2954,0,Bayes-M17-med
Kenge,Kwango,1,FALSE,0.0022,0.0017,0.0028,0.0022,209,208,209,0.0022,0.1833,209,0.0053,NA,NA,NA,NA,NA,NA,0.5574,0.0069,143,0.6139,0.8127,0,0.8031,0,Bayes-M17-med
Kanda Kanda,Lomami,1,FALSE,0.0022,0.0016,0.0027,0.0022,211,211,213,0.0022,0.1781,211,0.0052,NA,NA,NA,NA,NA,NA,0.3012,0.0036,242,0.3185,0.1737,0,0.7124,0,Bayes-M17-med
Lomela,Sankuru,1,FALSE,0.0022,0.0017,0.0028,0.0022,208,204,209,0.0022,0.1841,208,0.0053,NA,NA,NA,NA,NA,NA,0.4759,0.0059,168,0.8456,0.1351,0,0.9228,0,Bayes-M17-med
Kansimba,Tanganyika,1,FALSE,0.0022,0.0017,0.0028,0.0022,207,205,208,0.0022,0.1844,207,0.0053,NA,NA,NA,NA,NA,NA,0.5497,0.0068,144,0.9479,0.7741,0,0.4768,0,Bayes-M17-med
Kikwit Nord,Kwilu,1,FALSE,0.0021,0.0016,0.0027,0.0021,218,217,219,0.0021,0.1734,218,0.005,NA,NA,NA,NA,NA,NA,0.2915,0.0034,254,0.1236,0.5405,0,0.5019,0,Bayes-M17-med
Tshofa,Lomami,1,FALSE,0.0021,0.0016,0.0027,0.0021,214,213,216,0.0021,0.1755,214,0.0051,NA,NA,NA,NA,NA,NA,0.4416,0.0052,184,0.6757,0.3514,0,0.7394,0,Bayes-M17-med
Kalenda,Lomami,1,FALSE,0.0021,0.0016,0.0027,0.0021,216,214,217,0.0021,0.1745,216,0.0051,NA,NA,NA,NA,NA,NA,0.2886,0.0034,255,0.388,0.1873,0,0.5792,0,Bayes-M17-med
Kibombo,Maniema,1,FALSE,0.0021,0.0016,0.0027,0.0021,217,216,220,0.0021,0.1736,217,0.005,NA,NA,NA,NA,NA,NA,0.4614,0.0054,182,0.7452,0.1776,0,0.9228,0,Bayes-M17-med
Bosondjo,Mongala,1,FALSE,0.0021,0.0015,0.0027,0.002,221,218,223,0.0021,0.1701,221,0.0049,NA,NA,NA,NA,NA,NA,0.3489,0.004,224,0.5618,0.1931,0,0.6409,0,Bayes-M17-med
Pimu,Mongala,1,FALSE,0.0021,0.0016,0.0027,0.0021,215,211,219,0.0021,0.1749,215,0.0051,NA,NA,NA,NA,NA,NA,0.4257,0.005,198,0.583,0.3707,0,0.749,0,Bayes-M17-med
Yakoma,Nord-Ubangi,1,FALSE,0.0021,0.0015,0.0027,0.0021,219,215,223,0.0021,0.1715,219,0.005,NA,NA,NA,NA,NA,NA,0.6641,0.0076,132,0.7124,0.9479,0,0.9961,0,Bayes-M17-med
Katako Kombe,Sankuru,1,FALSE,0.0021,0.0016,0.0027,0.0021,214,213,215,0.0021,0.1759,213,0.0051,NA,NA,NA,NA,NA,NA,0.4703,0.0056,177,0.7857,0.1313,0,0.9643,0,Bayes-M17-med
Itombwe,Sud-Kivu,1,FALSE,0.0021,0.0016,0.0026,0.0021,220,217,221,0.0021,0.1713,220,0.005,NA,NA,NA,NA,NA,NA,0.5121,0.0059,166,0.8571,0.6737,0,0.5174,0,Bayes-M17-med
Kalonda Ouest,Kasaï,1,FALSE,0.002,0.0015,0.0025,0.002,225,225,226,0.002,0.1644,225,0.0048,NA,NA,NA,NA,NA,NA,0.2239,0.0025,321,0.2915,0.251,0,0.3533,0,Bayes-M17-med
Miabi,Kasaï-Oriental,1,FALSE,0.002,0.0015,0.0025,0.002,227,227,229,0.002,0.1632,227,0.0047,NA,NA,NA,NA,NA,NA,0.2838,0.0031,274,0.2297,0.6525,0,0.2529,0,Bayes-M17-med
Gungu,Kwilu,1,FALSE,0.002,0.0015,0.0025,0.002,226,226,228,0.002,0.1642,226,0.0048,NA,NA,NA,NA,NA,NA,0.4237,0.0047,209,0.5058,0.6969,0,0.4923,0,Bayes-M17-med
Mukedi,Kwilu,1,FALSE,0.002,0.0015,0.0026,0.002,224,222,224,0.002,0.1659,224,0.0048,NA,NA,NA,NA,NA,NA,0.4836,0.0054,181,0.5367,0.7066,0,0.6911,0,Bayes-M17-med
Ludimbi Lukula,Lomami,1,FALSE,0.002,0.0015,0.0025,0.002,229,229,231,0.002,0.1622,229,0.0047,NA,NA,NA,NA,NA,NA,0.4513,0.0049,201,0.6931,0.3475,0,0.7645,0,Bayes-M17-med
Dilala,Lualaba,1,FALSE,0.002,0.0015,0.0026,0.002,223,221,223,0.002,0.1674,223,0.0049,NA,NA,NA,NA,NA,NA,0.1347,0.0015,395,0.1506,0.2548,0,0.1332,0,Bayes-M17-med
Obokote,Maniema,1,FALSE,0.002,0.0015,0.0025,0.002,228,227,230,0.002,0.1627,228,0.0047,NA,NA,NA,NA,NA,NA,0.3209,0.0035,249,0.7239,0.0328,0,0.527,0,Bayes-M17-med
Binga,Mongala,1,FALSE,0.002,0.0015,0.0025,0.0019,230,225,234,0.002,0.161,230,0.0047,NA,NA,NA,NA,NA,NA,0.3306,0.0036,244,0.4749,0.249,0,0.5985,0,Bayes-M17-med
Vanga Kete,Sankuru,1,FALSE,0.002,0.0015,0.0026,0.002,222,220,222,0.002,0.1688,222,0.0049,NA,NA,NA,NA,NA,NA,0.4503,0.0051,191,0.4672,0.4112,0,0.9228,0,Bayes-M17-med
Mulongo,Haut-Lomami,1,FALSE,0.0019,0.0015,0.0024,0.0019,232,230,233,0.0019,0.1587,232,0.0046,NA,NA,NA,NA,NA,NA,0.4773,0.0051,192,0.7471,0.7703,0,0.3919,0,Bayes-M17-med
Luambo,Kasaï-Central,1,FALSE,0.0019,0.0014,0.0024,0.0018,242,240,243,0.0019,0.1527,242,0.0044,NA,NA,NA,NA,NA,NA,0.3769,0.0039,229,0.5347,0.5656,0,0.4073,0,Bayes-M17-med
Bipemba,Kasaï-Oriental,1,FALSE,0.0019,0.0014,0.0024,0.0019,240,238,241,0.0019,0.1535,240,0.0045,NA,NA,NA,NA,NA,NA,0.1544,0.0016,389,0.0618,0.2201,0,0.3359,0,Bayes-M17-med
Lubilanji,Kasaï-Oriental,1,FALSE,0.0019,0.0014,0.0024,0.0019,239,237,240,0.0019,0.1537,239,0.0045,NA,NA,NA,NA,NA,NA,0.1694,0.0017,376,0.0347,0.3398,0,0.3031,0,Bayes-M17-med
Muya,Kasaï-Oriental,1,FALSE,0.0019,0.0014,0.0024,0.0019,234,233,235,0.0019,0.1561,234,0.0045,NA,NA,NA,NA,NA,NA,0.2495,0.0026,308,0.0753,0.5888,0,0.334,0,Bayes-M17-med
Tshishimbi,Kasaï-Oriental,1,FALSE,0.0019,0.0014,0.0024,0.0019,241,239,242,0.0019,0.1534,241,0.0044,NA,NA,NA,NA,NA,NA,0.1742,0.0018,372,0.1795,0.2471,0,0.2703,0,Bayes-M17-med
Koshibanda,Kwilu,1,FALSE,0.0019,0.0014,0.0024,0.0019,233,232,234,0.0019,0.1574,233,0.0046,NA,NA,NA,NA,NA,NA,0.4913,0.0052,186,0.5193,0.6757,0,0.7703,0,Bayes-M17-med
Kalambayi Kabanga,Lomami,1,FALSE,0.0019,0.0014,0.0024,0.0019,237,236,238,0.0019,0.154,237,0.0045,NA,NA,NA,NA,NA,NA,0.3132,0.0032,262,0.4556,0.1602,0,0.6371,0,Bayes-M17-med
Omendjadi,Sankuru,1,FALSE,0.0019,0.0015,0.0025,0.0019,231,230,231,0.0019,0.1604,231,0.0047,NA,NA,NA,NA,NA,NA,0.4262,0.0046,214,0.5502,0.2317,0,0.9228,0,Bayes-M17-med
Ototo,Sankuru,1,FALSE,0.0019,0.0014,0.0024,0.0019,238,236,242,0.0019,0.1537,238,0.0045,NA,NA,NA,NA,NA,NA,0.4561,0.0047,208,0.5386,0.3629,0,0.9228,0,Bayes-M17-med
Libenge,Sud-Ubangi,1,FALSE,0.0019,0.0014,0.0024,0.0019,235,232,244,0.0019,0.1553,235,0.0045,NA,NA,NA,NA,NA,NA,0.3818,0.004,225,0.6293,0.3591,0,0.5386,0,Bayes-M17-med
Ankoro,Tanganyika,1,FALSE,0.0019,0.0014,0.0024,0.0019,236,235,237,0.0019,0.1549,236,0.0045,NA,NA,NA,NA,NA,NA,0.6047,0.0063,161,0.9266,0.8282,0,0.6641,0,Bayes-M17-med
Bili (Bas-Uele),Bas-Uele,1,FALSE,0.0018,0.0013,0.0023,0.0017,260,248,270,0.0018,0.1449,261,0.0042,NA,NA,NA,NA,NA,NA,0.6926,0.0067,146,0.9981,0.7992,0,0.973,0,Bayes-M17-med
Monga,Bas-Uele,1,FALSE,0.0018,0.0013,0.0023,0.0018,246,239,259,0.0018,0.1487,246,0.0043,NA,NA,NA,NA,NA,NA,0.7336,0.0073,136,0.9826,0.9672,0,0.9846,0,Bayes-M17-med
Basankusu,Equateur,1,FALSE,0.0018,0.0013,0.0023,0.0018,256,249,264,0.0018,0.1464,256,0.0042,NA,NA,NA,NA,NA,NA,0.6844,0.0067,148,0.9517,0.8629,0,0.9228,0,Bayes-M17-med
Bolomba,Equateur,1,FALSE,0.0018,0.0013,0.0023,0.0018,252,247,260,0.0018,0.1476,252,0.0043,NA,NA,NA,NA,NA,NA,0.6163,0.0061,164,0.9575,0.8533,0,0.6544,0,Bayes-M17-med
Kampemba,Haut-Katanga,1,FALSE,0.0018,0.0013,0.0023,0.0018,255,251,258,0.0018,0.1466,255,0.0043,NA,NA,NA,NA,NA,NA,0.0531,5e-4,450,0.0598,0.0367,0,0.1158,0,Bayes-M17-med
Kabondo Dianda,Haut-Lomami,1,FALSE,0.0018,0.0014,0.0023,0.0018,251,247,255,0.0018,0.1477,251,0.0043,NA,NA,NA,NA,NA,NA,0.4107,0.0041,220,0.5888,0.5714,0,0.4826,0,Bayes-M17-med
Tshikaji,Kasaï-Central,1,FALSE,0.0018,0.0014,0.0023,0.0018,247,246,254,0.0018,0.1485,247,0.0043,NA,NA,NA,NA,NA,NA,0.3195,0.0032,268,0.1873,0.5849,0,0.5058,0,Bayes-M17-med
Dibindi,Kasaï-Oriental,1,FALSE,0.0018,0.0014,0.0023,0.0018,244,243,251,0.0018,0.1502,244,0.0044,NA,NA,NA,NA,NA,NA,0.1617,0.0016,386,0.0386,0.2954,0,0.3127,0,Bayes-M17-med
Mpokolo,Kasaï-Oriental,1,FALSE,0.0018,0.0014,0.0023,0.0018,243,241,246,0.0018,0.1516,243,0.0044,NA,NA,NA,NA,NA,NA,0.2901,0.003,283,0.1255,0.6873,0,0.3475,0,Bayes-M17-med
Matadi,Kongo-Central,1,FALSE,0.0018,0.0013,0.0023,0.0018,253,250,257,0.0018,0.1468,253,0.0043,NA,NA,NA,NA,NA,NA,0.2939,0.0029,291,0.1564,0.944,0,0.0753,0,Bayes-M17-med
Ipamu,Kwilu,1,FALSE,0.0018,0.0014,0.0023,0.0018,250,247,253,0.0018,0.148,250,0.0043,NA,NA,NA,NA,NA,NA,0.5454,0.0054,179,0.4903,0.7683,0,0.9228,0,Bayes-M17-med
Kamana,Lomami,1,FALSE,0.0018,0.0014,0.0023,0.0018,245,245,252,0.0018,0.1491,245,0.0043,NA,NA,NA,NA,NA,NA,0.2944,0.0029,284,0.5309,0.0174,0,0.6293,0,Bayes-M17-med
Gbadolite,Nord-Ubangi,1,FALSE,0.0018,0.0013,0.0023,0.0018,258,250,267,0.0018,0.1459,259,0.0042,NA,NA,NA,NA,NA,NA,0.5183,0.0051,193,0.7915,0.9653,0,0.3166,0,Bayes-M17-med
Dikungu,Sankuru,1,FALSE,0.0018,0.0013,0.0023,0.0018,254,249,260,0.0018,0.1467,254,0.0043,NA,NA,NA,NA,NA,NA,0.3779,0.0037,233,0.4865,0.1409,0,0.8842,0,Bayes-M17-med
Minga,Sankuru,1,FALSE,0.0018,0.0013,0.0023,0.0018,259,251,261,0.0018,0.146,258,0.0042,NA,NA,NA,NA,NA,NA,0.5347,0.0052,183,0.7838,0.471,0,0.8842,0,Bayes-M17-med
Tshumbe,Sankuru,1,FALSE,0.0018,0.0013,0.0023,0.0018,257,250,260,0.0018,0.1462,257,0.0042,NA,NA,NA,NA,NA,NA,0.3907,0.0038,231,0.5444,0.1718,0,0.8465,0,Bayes-M17-med
Bogosenubea,Sud-Ubangi,1,FALSE,0.0018,0.0013,0.0023,0.0018,249,244,260,0.0018,0.1481,249,0.0043,NA,NA,NA,NA,NA,NA,0.4107,0.0041,218,0.4981,0.3031,0,0.8417,0,Bayes-M17-med
Basali,Tshopo,1,FALSE,0.0018,0.0013,0.0023,0.0017,261,254,262,0.0018,0.1452,260,0.0042,NA,NA,NA,NA,NA,NA,0.3779,0.0037,239,0.834,0.0251,0,0.6525,0,Bayes-M17-med
Mompono,Tshuapa,1,FALSE,0.0018,0.0013,0.0023,0.0018,248,244,255,0.0018,0.1484,248,0.0043,NA,NA,NA,NA,NA,NA,0.5598,0.0056,176,0.8089,0.6042,0,0.8263,0,Bayes-M17-med
Sakania,Haut-Katanga,1,FALSE,0.0017,0.0013,0.0022,0.0017,262,256,262,0.0017,0.1442,262,0.0042,NA,NA,NA,NA,NA,NA,0.2775,0.0027,307,0.7375,0.2355,0,0.1371,0,Bayes-M17-med
Mukanga,Haut-Lomami,1,FALSE,0.0017,0.0013,0.0022,0.0017,272,268,272,0.0017,0.1398,272,0.0041,NA,NA,NA,NA,NA,NA,0.4739,0.0044,215,0.6853,0.6911,0,0.5193,0,Bayes-M17-med
Kanzala,Kasaï,1,FALSE,0.0017,0.0013,0.0022,0.0017,267,266,269,0.0017,0.1411,267,0.0041,NA,NA,NA,NA,NA,NA,0.2046,0.0019,357,0.168,0.3127,0,0.3378,0,Bayes-M17-med
Dibaya,Kasaï-Central,1,FALSE,0.0017,0.0013,0.0022,0.0017,269,265,271,0.0017,0.1407,269,0.0041,NA,NA,NA,NA,NA,NA,0.3325,0.0031,270,0.3147,0.4479,0,0.5676,0,Bayes-M17-med
Ndekesha,Kasaï-Central,1,FALSE,0.0017,0.0013,0.0022,0.0017,263,258,265,0.0017,0.1432,263,0.0042,NA,NA,NA,NA,NA,NA,0.4059,0.0039,227,0.4768,0.4498,0,0.6969,0,Bayes-M17-med
Kansele,Kasaï-Oriental,1,FALSE,0.0017,0.0013,0.0022,0.0017,265,257,268,0.0017,0.1426,265,0.0041,NA,NA,NA,NA,NA,NA,0.2437,0.0023,330,0.0541,0.5965,0,0.3243,0,Bayes-M17-med
Kikwit Sud,Kwilu,1,FALSE,0.0017,0.0013,0.0021,0.0017,273,271,274,0.0017,0.1389,273,0.004,NA,NA,NA,NA,NA,NA,0.3282,0.0031,278,0.1313,0.7008,0,0.4807,0,Bayes-M17-med
Yasa Bonga,Kwilu,1,FALSE,0.0017,0.0013,0.0022,0.0017,271,269,271,0.0017,0.14,271,0.0041,NA,NA,NA,NA,NA,NA,0.4206,0.004,226,0.3031,0.5328,0,0.8465,0,Bayes-M17-med
Alunguli,Maniema,1,FALSE,0.0017,0.0013,0.0022,0.0017,264,254,266,0.0017,0.143,264,0.0041,NA,NA,NA,NA,NA,NA,0.3132,0.003,280,0.1737,0.195,0,0.8842,0,Bayes-M17-med
Ferekeni,Maniema,1,FALSE,0.0017,0.0013,0.0021,0.0017,274,272,275,0.0017,0.1372,274,0.004,NA,NA,NA,NA,NA,NA,0.3504,0.0032,264,0.7722,0.0425,0,0.5869,0,Bayes-M17-med
Bosobolo,Nord-Ubangi,1,FALSE,0.0017,0.0013,0.0022,0.0017,270,263,275,0.0017,0.1403,270,0.0041,NA,NA,NA,NA,NA,NA,0.7148,0.0067,147,0.9363,0.9459,0,0.9768,0,Bayes-M17-med
Lowa,Tshopo,1,FALSE,0.0017,0.0013,0.0022,0.0017,266,263,268,0.0017,0.142,266,0.0041,NA,NA,NA,NA,NA,NA,0.4073,0.0039,228,0.8938,0.0598,0,0.6757,0,Bayes-M17-med
Befale,Tshuapa,1,FALSE,0.0017,0.0013,0.0022,0.0017,268,263,273,0.0017,0.1407,268,0.0041,NA,NA,NA,NA,NA,NA,0.5145,0.0049,203,0.8822,0.4903,0,0.6853,0,Bayes-M17-med
Ruashi,Haut-Katanga,1,FALSE,0.0016,0.0012,0.002,0.0016,282,279,283,0.0016,0.1325,282,0.0038,NA,NA,NA,NA,NA,NA,0.0705,6e-4,447,0.0985,0.0637,0,0.1197,0,Bayes-M17-med
Ilebo,Kasaï,1,FALSE,0.0016,0.0012,0.0021,0.0016,277,276,279,0.0016,0.1341,277,0.0039,NA,NA,NA,NA,NA,NA,0.3142,0.0028,297,0.2162,0.6139,0,0.4266,0,Bayes-M17-med
Katende,Kasaï-Central,1,FALSE,0.0016,0.0012,0.0021,0.0016,278,277,281,0.0016,0.1335,278,0.0039,NA,NA,NA,NA,NA,NA,0.5154,0.0046,212,0.6525,0.6486,0,0.7606,0,Bayes-M17-med
Lukonga,Kasaï-Central,1,FALSE,0.0016,0.0012,0.002,0.0016,284,281,286,0.0016,0.1313,284,0.0038,NA,NA,NA,NA,NA,NA,0.3282,0.0029,292,0.2239,0.6429,0,0.4459,0,Bayes-M17-med
Tshibala,Kasaï-Central,1,FALSE,0.0016,0.0012,0.002,0.0016,287,284,287,0.0016,0.1291,287,0.0037,NA,NA,NA,NA,NA,NA,0.4218,0.0037,240,0.4266,0.5772,0,0.6834,0,Bayes-M17-med
Mukumbi,Kasaï-Oriental,1,FALSE,0.0016,0.0012,0.002,0.0016,280,278,284,0.0016,0.1327,280,0.0038,NA,NA,NA,NA,NA,NA,0.2249,0.002,351,0.2413,0.1892,0,0.4691,0,Bayes-M17-med
Kisantu,Kongo-Central,1,FALSE,0.0016,0.0012,0.002,0.0016,281,280,282,0.0016,0.1326,281,0.0038,NA,NA,NA,NA,NA,NA,0.418,0.0037,234,0.5039,0.9903,0,0.1776,0,Bayes-M17-med
Djuma,Kwilu,1,FALSE,0.0016,0.0012,0.002,0.0016,283,282,285,0.0016,0.1313,283,0.0038,NA,NA,NA,NA,NA,NA,0.5256,0.0046,211,0.4826,0.7355,0,0.8842,0,Bayes-M17-med
Boso Manzi,Mongala,1,FALSE,0.0016,0.0012,0.0021,0.0016,285,278,287,0.0016,0.1312,285,0.0038,NA,NA,NA,NA,NA,NA,0.3982,0.0035,248,0.5695,0.2278,0,0.7954,0,Bayes-M17-med
Abuzi,Nord-Ubangi,1,FALSE,0.0016,0.0012,0.0021,0.0016,286,278,288,0.0016,0.1311,286,0.0038,NA,NA,NA,NA,NA,NA,0.7153,0.0063,159,0.9846,0.9054,0,0.971,0,Bayes-M17-med
Bili (Nord-Ubangi),Nord-Ubangi,1,FALSE,0.0016,0.0012,0.0021,0.0016,279,276,285,0.0016,0.1329,279,0.0039,NA,NA,NA,NA,NA,NA,0.7075,0.0063,158,0.9247,0.9189,0,0.9865,0,Bayes-M17-med
Mobayi Mbongo,Nord-Ubangi,1,FALSE,0.0016,0.0012,0.0021,0.0016,275,273,283,0.0016,0.1355,275,0.0039,NA,NA,NA,NA,NA,NA,0.5458,0.005,199,0.9324,0.8166,0,0.4344,0,Bayes-M17-med
Kiambi,Tanganyika,1,FALSE,0.0016,0.0012,0.0021,0.0016,276,274,280,0.0016,0.1346,276,0.0039,NA,NA,NA,NA,NA,NA,0.5709,0.0052,188,0.9807,0.6834,0,0.6197,0,Bayes-M17-med
Kapolowe,Haut-Katanga,1,FALSE,0.0015,0.0011,0.0019,0.0015,299,296,299,0.0015,0.1202,299,0.0035,NA,NA,NA,NA,NA,NA,0.3026,0.0024,322,0.5579,0.444,0,0.2085,0,Bayes-M17-med
Kilwa,Haut-Katanga,1,FALSE,0.0015,0.0012,0.002,0.0015,288,286,290,0.0016,0.1278,288,0.0037,NA,NA,NA,NA,NA,NA,0.3764,0.0032,263,0.749,0.39,0,0.3668,0,Bayes-M17-med
Kisanga,Haut-Katanga,1,FALSE,0.0015,0.0011,0.0019,0.0015,297,294,298,0.0015,0.1213,297,0.0035,NA,NA,NA,NA,NA,NA,0.1081,9e-4,432,0.1293,0.2008,0,0.1023,0,Bayes-M17-med
Yangala,Kasaï-Central,1,FALSE,0.0015,0.0011,0.0019,0.0015,294,291,297,0.0015,0.1227,294,0.0036,NA,NA,NA,NA,NA,NA,0.348,0.0029,295,0.5927,0.2259,0,0.5734,0,Bayes-M17-med
Muanda,Kongo-Central,1,FALSE,0.0015,0.0011,0.0019,0.0015,292,291,294,0.0015,0.1236,292,0.0036,NA,NA,NA,NA,NA,NA,0.4093,0.0034,253,0.6371,1,0,0,0,Bayes-M17-med
Masi Manimba,Kwilu,1,FALSE,0.0015,0.0011,0.0019,0.0015,290,289,291,0.0015,0.1248,290,0.0036,NA,NA,NA,NA,NA,NA,0.4281,0.0036,243,0.332,0.4961,0,0.8842,0,Bayes-M17-med
Kalonda Est,Lomami,1,FALSE,0.0015,0.0011,0.0019,0.0015,293,290,296,0.0015,0.123,293,0.0036,NA,NA,NA,NA,NA,NA,0.3292,0.0027,304,0.5425,0.1506,0,0.6236,0,Bayes-M17-med
Wapinda,Nord-Ubangi,1,FALSE,0.0015,0.0011,0.002,0.0015,291,288,297,0.0015,0.1246,291,0.0036,NA,NA,NA,NA,NA,NA,0.6791,0.0057,173,0.9015,0.8398,0,0.9749,0,Bayes-M17-med
Wembo Nyama,Sankuru,1,FALSE,0.0015,0.0011,0.0018,0.0014,300,295,301,0.0015,0.1197,300,0.0035,NA,NA,NA,NA,NA,NA,0.4097,0.0033,259,0.5019,0.2143,0,0.9228,0,Bayes-M17-med
Boto,Sud-Ubangi,1,FALSE,0.0015,0.0011,0.0019,0.0015,298,295,305,0.0015,0.1205,298,0.0035,NA,NA,NA,NA,NA,NA,0.3596,0.0029,290,0.3282,0.5174,0,0.5927,0,Bayes-M17-med
Budjala,Sud-Ubangi,1,FALSE,0.0015,0.0011,0.0019,0.0015,295,292,302,0.0015,0.1219,295,0.0035,NA,NA,NA,NA,NA,NA,0.43,0.0035,246,0.5154,0.4035,0,0.8012,0,Bayes-M17-med
Kungu,Sud-Ubangi,1,FALSE,0.0015,0.0011,0.002,0.0015,289,289,293,0.0015,0.1252,289,0.0036,NA,NA,NA,NA,NA,NA,0.3711,0.0031,272,0.3745,0.3359,0,0.7741,0,Bayes-M17-med
Ndage,Sud-Ubangi,1,FALSE,0.0015,0.0011,0.0019,0.0015,296,293,303,0.0015,0.1218,296,0.0035,NA,NA,NA,NA,NA,NA,0.3533,0.0029,293,0.3996,0.2761,0,0.7375,0,Bayes-M17-med
Kambove,Haut-Katanga,1,FALSE,0.0014,0.0011,0.0018,0.0014,302,299,304,0.0014,0.1185,302,0.0034,NA,NA,NA,NA,NA,NA,0.306,0.0024,323,0.4247,0.6236,0,0.1757,0,Bayes-M17-med
Ndjoko Mpunda,Kasaï,1,FALSE,0.0014,0.001,0.0017,0.0013,313,311,313,0.0014,0.1115,313,0.0032,NA,NA,NA,NA,NA,NA,0.333,0.0025,319,0.3977,0.2915,0,0.6429,0,Bayes-M17-med
Kamonia,Kasaï,1,FALSE,0.0014,0.0011,0.0018,0.0014,308,306,310,0.0014,0.1157,308,0.0034,NA,NA,NA,NA,NA,NA,0.14,0.0011,417,0.3707,0.11,0,0.0792,0,Bayes-M17-med
Bandundu,Kwilu,1,FALSE,0.0014,0.001,0.0018,0.0014,311,309,311,0.0014,0.1133,311,0.0033,NA,NA,NA,NA,NA,NA,0.3364,0.0026,315,0.3436,0.751,0,0.251,0,Bayes-M17-med
Mokala,Kwilu,1,FALSE,0.0014,0.001,0.0017,0.0014,312,312,313,0.0014,0.1119,312,0.0032,NA,NA,NA,NA,NA,NA,0.5118,0.0038,230,0.4228,0.6718,0,0.9527,0,Bayes-M17-med
Kasaji,Lualaba,1,FALSE,0.0014,0.0011,0.0018,0.0014,303,300,304,0.0014,0.1184,303,0.0034,NA,NA,NA,NA,NA,NA,0.4648,0.0037,238,0.8552,0.4923,0,0.5116,0,Bayes-M17-med
Lualaba,Lualaba,1,FALSE,0.0014,0.0011,0.0018,0.0014,301,298,303,0.0014,0.1186,301,0.0034,NA,NA,NA,NA,NA,NA,0.1404,0.0011,414,0.3552,0.0347,0,0.1718,0,Bayes-M17-med
Pangi,Maniema,1,FALSE,0.0014,0.0011,0.0018,0.0014,306,304,308,0.0014,0.1167,306,0.0034,NA,NA,NA,NA,NA,NA,0.3316,0.0026,309,0.6081,0.056,0,0.6622,0,Bayes-M17-med
Loko,Nord-Ubangi,1,FALSE,0.0014,0.0011,0.0018,0.0014,307,302,310,0.0014,0.1163,307,0.0034,NA,NA,NA,NA,NA,NA,0.6535,0.0051,190,0.9402,0.9266,0,0.7471,0,Bayes-M17-med
Kole,Sankuru,1,FALSE,0.0014,0.001,0.0018,0.0014,309,308,310,0.0014,0.1147,309,0.0033,NA,NA,NA,NA,NA,NA,0.4802,0.0037,237,0.7761,0.2606,0,0.8842,0,Bayes-M17-med
Lusambo,Sankuru,1,FALSE,0.0014,0.0011,0.0018,0.0014,304,301,306,0.0014,0.1181,304,0.0034,NA,NA,NA,NA,NA,NA,0.4833,0.0038,232,0.6815,0.2992,0,0.9527,0,Bayes-M17-med
Bokonzi,Sud-Ubangi,1,FALSE,0.0014,0.0011,0.0018,0.0014,305,300,307,0.0014,0.1175,305,0.0034,NA,NA,NA,NA,NA,NA,0.236,0.0019,363,0.4305,0.083,0,0.4305,0,Bayes-M17-med
Bulu,Sud-Ubangi,1,FALSE,0.0014,0.001,0.0018,0.0014,310,307,314,0.0014,0.1143,310,0.0033,NA,NA,NA,NA,NA,NA,0.3147,0.0024,324,0.3649,0.1988,0,0.695,0,Bayes-M17-med
Pweto,Haut-Katanga,1,FALSE,0.0013,0.001,0.0017,0.0013,316,315,319,0.0013,0.1077,316,0.0031,NA,NA,NA,NA,NA,NA,0.3518,0.0025,316,0.7992,0.2587,0,0.3494,0,Bayes-M17-med
Kakenge,Kasaï,1,FALSE,0.0013,0.001,0.0016,0.0013,321,318,322,0.0013,0.1055,321,0.0031,NA,NA,NA,NA,NA,NA,0.4522,0.0032,265,0.5753,0.4788,0,0.7548,0,Bayes-M17-med
Mikope,Kasaï,1,FALSE,0.0013,0.001,0.0016,0.0013,323,320,323,0.0013,0.1046,323,0.003,NA,NA,NA,NA,NA,NA,0.3996,0.0028,300,0.6776,0.2703,0,0.6506,0,Bayes-M17-med
Muetshi,Kasaï-Central,1,FALSE,0.0013,0.001,0.0016,0.0013,319,317,320,0.0013,0.1062,319,0.0031,NA,NA,NA,NA,NA,NA,0.4792,0.0034,252,0.6158,0.5386,0,0.7625,0,Bayes-M17-med
Kimpese,Kongo-Central,1,FALSE,0.0013,0.001,0.0016,0.0013,322,319,322,0.0013,0.1051,322,0.003,NA,NA,NA,NA,NA,NA,0.4947,0.0035,251,0.7896,0.9768,0,0.2124,0,Bayes-M17-med
Makota,Lomami,1,FALSE,0.0013,0.001,0.0017,0.0013,314,312,314,0.0013,0.1108,314,0.0032,NA,NA,NA,NA,NA,NA,0.2587,0.0019,358,0.1023,0.3764,0,0.556,0,Bayes-M17-med
Boso Mondanda,Mongala,1,FALSE,0.0013,0.001,0.0016,0.0013,324,321,325,0.0013,0.1038,324,0.003,NA,NA,NA,NA,NA,NA,0.3716,0.0026,310,0.5869,0.1486,0,0.751,0,Bayes-M17-med
Businga,Nord-Ubangi,1,FALSE,0.0013,0.001,0.0017,0.0013,320,318,324,0.0013,0.1061,320,0.0031,NA,NA,NA,NA,NA,NA,0.6781,0.0048,204,0.9286,0.861,0,0.9228,0,Bayes-M17-med
Wasolo,Nord-Ubangi,1,FALSE,0.0013,0.001,0.0017,0.0013,318,315,325,0.0013,0.1064,318,0.0031,NA,NA,NA,NA,NA,NA,0.5709,0.0041,219,0.5541,0.7413,0,0.9884,0,Bayes-M17-med
Bena Dibele,Sankuru,1,FALSE,0.0013,0.001,0.0017,0.0013,315,315,316,0.0013,0.1087,315,0.0032,NA,NA,NA,NA,NA,NA,0.4093,0.003,282,0.6216,0.1564,0,0.8591,0,Bayes-M17-med
Monkoto,Tshuapa,1,FALSE,0.0013,0.001,0.0017,0.0013,317,316,322,0.0013,0.1068,317,0.0031,NA,NA,NA,NA,NA,NA,0.5598,0.004,223,0.9498,0.4054,0,0.8842,0,Bayes-M17-med
Ingende,Equateur,1,FALSE,0.0012,9e-4,0.0016,0.0012,327,324,330,0.0012,0.1017,327,0.0029,NA,NA,NA,NA,NA,NA,0.596,0.0041,221,0.9208,0.8571,0,0.6062,0,Bayes-M17-med
Kinkondja,Haut-Lomami,1,FALSE,0.0012,9e-4,0.0016,0.0012,325,323,326,0.0012,0.1026,325,0.003,NA,NA,NA,NA,NA,NA,0.4889,0.0034,257,0.7278,0.6274,0,0.6004,0,Bayes-M17-med
Bilomba,Kasaï-Central,1,FALSE,0.0012,9e-4,0.0015,0.0011,338,338,339,0.0012,0.0951,338,0.0028,NA,NA,NA,NA,NA,NA,0.4006,0.0026,314,0.3378,0.4421,0,0.8224,0,Bayes-M17-med
Katoka,Kasaï-Central,1,FALSE,0.0012,9e-4,0.0015,0.0012,329,328,331,0.0012,0.0989,329,0.0029,NA,NA,NA,NA,NA,NA,0.2645,0.0018,375,0.1216,0.473,0,0.4633,0,Bayes-M17-med
Tshikula,Kasaï-Central,1,FALSE,0.0012,9e-4,0.0016,0.0012,328,326,328,0.0012,0.1012,328,0.0029,NA,NA,NA,NA,NA,NA,0.3296,0.0022,335,0.3919,0.3185,0,0.6081,0,Bayes-M17-med
Boma,Kongo-Central,1,FALSE,0.0012,9e-4,0.0015,0.0012,337,337,337,0.0012,0.096,337,0.0028,NA,NA,NA,NA,NA,NA,0.2901,0.0019,362,0.1467,0.9247,0,0.0888,0,Bayes-M17-med
Lukula,Kongo-Central,1,FALSE,0.0012,9e-4,0.0016,0.0012,326,326,327,0.0012,0.1019,326,0.003,NA,NA,NA,NA,NA,NA,0.3933,0.0027,306,0.529,0.8745,0,0.1699,0,Bayes-M17-med
Boko Kivulu,Kongo-Central,1,FALSE,0.0012,9e-4,0.0015,0.0012,330,330,331,0.0012,0.0987,330,0.0029,NA,NA,NA,NA,NA,NA,0.4281,0.0028,296,0.5792,0.9324,0,0.2008,0,Bayes-M17-med
Mbanza Ngungu,Kongo-Central,1,FALSE,0.0012,9e-4,0.0015,0.0012,336,335,336,0.0012,0.0964,336,0.0028,NA,NA,NA,NA,NA,NA,0.3711,0.0024,325,0.3205,0.9749,0,0.1892,0,Bayes-M17-med
Bagata,Kwilu,1,FALSE,0.0012,9e-4,0.0015,0.0012,335,334,335,0.0012,0.0969,335,0.0028,NA,NA,NA,NA,NA,NA,0.5135,0.0033,258,0.6795,0.695,0,0.6795,0,Bayes-M17-med
Pay Kongila,Kwilu,1,FALSE,0.0012,9e-4,0.0015,0.0012,333,333,334,0.0012,0.0976,334,0.0028,NA,NA,NA,NA,NA,NA,0.4488,0.0029,285,0.5135,0.6467,0,0.6351,0,Bayes-M17-med
Kapanga,Lualaba,1,FALSE,0.0012,9e-4,0.0015,0.0012,332,332,332,0.0012,0.0979,332,0.0028,NA,NA,NA,NA,NA,NA,0.4112,0.0027,305,0.8514,0.3938,0,0.3996,0,Bayes-M17-med
Inongo,Mai-Ndombe,1,FALSE,0.0012,9e-4,0.0015,0.0012,331,329,336,0.0012,0.0986,331,0.0029,NA,NA,NA,NA,NA,NA,0.4952,0.0033,261,0.7645,0.2934,0,0.9228,0,Bayes-M17-med
Tunda,Maniema,1,FALSE,0.0012,9e-4,0.0015,0.0012,333,329,334,0.0012,0.0978,333,0.0028,NA,NA,NA,NA,NA,NA,0.459,0.003,279,0.8977,0.0541,0,0.8842,0,Bayes-M17-med
Likasi,Haut-Katanga,1,FALSE,0.0011,9e-4,0.0014,0.0011,341,340,341,0.0011,0.093,341,0.0027,NA,NA,NA,NA,NA,NA,0.1728,0.0011,418,0.112,0.4208,0,0.1583,0,Bayes-M17-med
Mufunga Sampwe,Haut-Katanga,1,FALSE,0.0011,8e-4,0.0013,0.001,351,350,352,0.0011,0.0868,351,0.0025,NA,NA,NA,NA,NA,NA,0.3774,0.0022,338,0.8185,0.0888,0,0.6023,0,Bayes-M17-med
Dekese,Kasaï,1,FALSE,0.0011,9e-4,0.0015,0.0011,339,338,341,0.0011,0.094,339,0.0027,NA,NA,NA,NA,NA,NA,0.4633,0.0029,287,0.9189,0.2181,0,0.7162,0,Bayes-M17-med
Kwilu Ngongo,Kongo-Central,1,FALSE,0.0011,8e-4,0.0014,0.0011,348,347,348,0.0011,0.0891,348,0.0026,NA,NA,NA,NA,NA,NA,0.3875,0.0023,331,0.4884,0.8668,0,0.195,0,Bayes-M17-med
Panzi,Kwango,1,FALSE,0.0011,9e-4,0.0014,0.0011,340,339,340,0.0011,0.0935,340,0.0027,NA,NA,NA,NA,NA,NA,0.5236,0.0033,260,0.7548,0.583,0,0.7568,0,Bayes-M17-med
Boko,Kwango,1,FALSE,0.0011,8e-4,0.0014,0.0011,344,343,344,0.0011,0.0912,343,0.0026,NA,NA,NA,NA,NA,NA,0.5121,0.0031,271,0.7336,0.61,0,0.7046,0,Bayes-M17-med
Feshi,Kwango,1,FALSE,0.0011,8e-4,0.0014,0.0011,345,345,345,0.0011,0.0912,345,0.0026,NA,NA,NA,NA,NA,NA,0.5082,0.0031,273,0.7317,0.5425,0,0.7587,0,Bayes-M17-med
Kikongo,Kwilu,1,FALSE,0.0011,8e-4,0.0013,0.001,351,350,351,0.0011,0.0869,350,0.0025,NA,NA,NA,NA,NA,NA,0.5024,0.0029,286,0.6969,0.6023,0,0.7104,0,Bayes-M17-med
Kimputu,Kwilu,1,FALSE,0.0011,8e-4,0.0014,0.0011,342,342,343,0.0011,0.0916,342,0.0027,NA,NA,NA,NA,NA,NA,0.5039,0.0031,275,0.4923,0.639,0,0.8842,0,Bayes-M17-med
Mosango,Kwilu,1,FALSE,0.0011,8e-4,0.0014,0.0011,344,343,346,0.0011,0.0912,344,0.0026,NA,NA,NA,NA,NA,NA,0.515,0.0032,269,0.5463,0.7375,0,0.7761,0,Bayes-M17-med
Wikong,Lomami,1,FALSE,0.0011,8e-4,0.0014,0.0011,349,348,350,0.0011,0.0876,349,0.0025,NA,NA,NA,NA,NA,NA,0.3663,0.0022,342,0.2529,0.4228,0,0.7896,0,Bayes-M17-med
Sandoa,Lualaba,1,FALSE,0.0011,8e-4,0.0014,0.0011,346,346,347,0.0011,0.0908,346,0.0026,NA,NA,NA,NA,NA,NA,0.5536,0.0034,256,0.9421,0.6815,0,0.5907,0,Bayes-M17-med
Bangabola,Sud-Ubangi,1,FALSE,0.0011,8e-4,0.0014,0.0011,347,342,349,0.0011,0.0905,347,0.0026,NA,NA,NA,NA,NA,NA,0.3904,0.0024,327,0.3533,0.3494,0,0.8591,0,Bayes-M17-med
Bikoro,Equateur,1,FALSE,0.001,7e-4,0.0012,0.001,367,363,370,0.001,0.0798,367,0.0023,NA,NA,NA,NA,NA,NA,0.5951,0.0032,267,0.8127,0.8147,0,0.7529,0,Bayes-M17-med
Makanza,Equateur,1,FALSE,0.001,8e-4,0.0013,0.001,360,359,365,0.001,0.0818,360,0.0024,NA,NA,NA,NA,NA,NA,0.639,0.0035,247,0.9537,0.7954,0,0.8069,0,Bayes-M17-med
Wangata,Equateur,1,FALSE,0.001,7e-4,0.0013,0.001,365,361,367,0.001,0.0804,365,0.0023,NA,NA,NA,NA,NA,NA,0.417,0.0023,334,0.2336,0.9865,0,0.4479,0,Bayes-M17-med
Kasenga,Haut-Katanga,1,FALSE,0.001,8e-4,0.0013,0.001,354,353,354,0.001,0.0839,354,0.0024,NA,NA,NA,NA,NA,NA,0.3953,0.0022,336,0.8166,0.6255,0,0.139,0,Bayes-M17-med
Lwamba,Haut-Lomami,1,FALSE,0.001,8e-4,0.0013,0.001,353,352,354,0.001,0.084,353,0.0024,NA,NA,NA,NA,NA,NA,0.4865,0.0027,303,0.8069,0.6409,0,0.4981,0,Bayes-M17-med
Songa,Haut-Lomami,1,FALSE,0.001,7e-4,0.0013,0.001,361,361,363,0.001,0.0815,361,0.0024,NA,NA,NA,NA,NA,NA,0.473,0.0026,311,0.9344,0.3533,0,0.6042,0,Bayes-M17-med
Mushenge,Kasaï,1,FALSE,0.001,7e-4,0.0012,0.001,368,365,368,0.001,0.0798,368,0.0023,NA,NA,NA,NA,NA,NA,0.3229,0.0017,381,0.5946,0.0656,0,0.6313,0,Bayes-M17-med
Kitangwa,Kasaï,1,FALSE,0.001,8e-4,0.0013,0.001,355,354,355,0.001,0.0839,355,0.0024,NA,NA,NA,NA,NA,NA,0.3287,0.0019,365,0.6332,0.1062,0,0.5753,0,Bayes-M17-med
Lubondaie,Kasaï-Central,1,FALSE,0.001,7e-4,0.0012,0.001,366,364,369,0.001,0.0799,366,0.0023,NA,NA,NA,NA,NA,NA,0.3147,0.0017,382,0.3822,0.1583,0,0.7181,0,Bayes-M17-med
Lubunga (Kasaï-Central),Kasaï-Central,1,FALSE,0.001,8e-4,0.0013,0.001,358,355,359,0.001,0.0834,358,0.0024,NA,NA,NA,NA,NA,NA,0.4599,0.0026,312,0.5637,0.4653,0,0.8108,0,Bayes-M17-med
Kahemba,Kwango,1,FALSE,0.001,7e-4,0.0013,0.001,363,362,365,0.001,0.081,363,0.0023,NA,NA,NA,NA,NA,NA,0.5367,0.0029,288,0.8958,0.7278,0,0.5232,0,Bayes-M17-med
Mungindu,Kwilu,1,FALSE,0.001,7e-4,0.0012,0.001,364,362,366,0.001,0.0809,364,0.0023,NA,NA,NA,NA,NA,NA,0.3818,0.0021,347,0.4691,0.5367,0,0.5212,0,Bayes-M17-med
Dilolo,Lualaba,1,FALSE,0.001,8e-4,0.0013,0.001,356,356,358,0.001,0.0837,356,0.0024,NA,NA,NA,NA,NA,NA,0.3663,0.0021,348,0.8398,0.6197,0,0.0058,0,Bayes-M17-med
Kanzenze,Lualaba,1,FALSE,0.001,8e-4,0.0013,0.001,360,359,360,0.001,0.0822,359,0.0024,NA,NA,NA,NA,NA,NA,0.2389,0.0013,406,0.6255,0.1429,0,0.1873,0,Bayes-M17-med
Djalo Ndjeka,Sankuru,1,FALSE,0.001,8e-4,0.0013,0.001,357,356,358,0.001,0.0835,357,0.0024,NA,NA,NA,NA,NA,NA,0.3378,0.0019,360,0.3591,0.0695,0,0.9228,0,Bayes-M17-med
Bominenge,Sud-Ubangi,1,FALSE,0.001,7e-4,0.0013,0.001,362,357,366,0.001,0.0813,362,0.0024,NA,NA,NA,NA,NA,NA,0.3258,0.0018,373,0.2819,0.0985,0,0.9228,0,Bayes-M17-med
Mawuya,Sud-Ubangi,1,FALSE,0.001,8e-4,0.0013,0.001,352,349,357,0.001,0.0864,352,0.0025,NA,NA,NA,NA,NA,NA,0.2654,0.0015,393,0.444,0.2394,0,0.3784,0,Bayes-M17-med
Busanga,Tshuapa,1,FALSE,0.001,7e-4,0.0012,9e-4,369,367,373,0.001,0.0785,369,0.0023,NA,NA,NA,NA,NA,NA,0.4452,0.0023,329,0.6602,0.168,0,0.9527,0,Bayes-M17-med
Mutena,Kasaï,1,FALSE,9e-4,7e-4,0.0012,9e-4,372,371,373,9e-4,0.0775,372,0.0022,NA,NA,NA,NA,NA,NA,0.2336,0.0012,410,0.334,0.0753,0,0.5251,0,Bayes-M17-med
Mutoto,Kasaï-Central,1,FALSE,9e-4,7e-4,0.0011,9e-4,380,379,380,9e-4,0.0708,380,0.0021,NA,NA,NA,NA,NA,NA,0.3441,0.0016,385,0.4575,0.361,0,0.5579,0,Bayes-M17-med
Seke Banza,Kongo-Central,1,FALSE,9e-4,7e-4,0.0012,9e-4,370,369,371,9e-4,0.0781,370,0.0023,NA,NA,NA,NA,NA,NA,0.4513,0.0024,328,0.6351,0.9498,0,0.2201,0,Bayes-M17-med
Massa,Kongo-Central,1,FALSE,9e-4,7e-4,0.0011,9e-4,377,377,377,9e-4,0.0742,377,0.0022,NA,NA,NA,NA,NA,NA,0.4223,0.0021,346,0.668,0.9208,0,0.1004,0,Bayes-M17-med
Kimbao,Kwango,1,FALSE,9e-4,7e-4,0.0012,9e-4,376,375,376,9e-4,0.0746,376,0.0022,NA,NA,NA,NA,NA,NA,0.5743,0.0029,294,0.7201,0.7181,0,0.8591,0,Bayes-M17-med
Popokabaka,Kwango,1,FALSE,9e-4,7e-4,0.0012,9e-4,375,373,375,9e-4,0.0764,375,0.0022,NA,NA,NA,NA,NA,NA,0.5507,0.0028,298,0.7703,0.7876,0,0.6448,0,Bayes-M17-med
Kamiji,Lomami,1,FALSE,9e-4,7e-4,0.0012,9e-4,371,368,374,9e-4,0.0776,371,0.0023,NA,NA,NA,NA,NA,NA,0.2635,0.0014,403,0.3398,0.1293,0,0.5849,0,Bayes-M17-med
Kalamba,Lualaba,1,FALSE,9e-4,7e-4,0.0011,9e-4,379,378,379,9e-4,0.071,379,0.0021,NA,NA,NA,NA,NA,NA,0.4542,0.0022,341,0.8803,0.2375,0,0.6988,0,Bayes-M17-med
Nioki,Mai-Ndombe,1,FALSE,9e-4,6e-4,0.0011,8e-4,381,381,381,9e-4,0.0701,381,0.002,NA,NA,NA,NA,NA,NA,0.389,0.0018,366,0.61,0.3958,0,0.5502,0,Bayes-M17-med
Bongandanga,Mongala,1,FALSE,9e-4,7e-4,0.0012,9e-4,373,371,376,9e-4,0.0766,373,0.0022,NA,NA,NA,NA,NA,NA,0.4228,0.0022,340,0.7587,0.0097,0,0.9228,0,Bayes-M17-med
Pania Mutombo,Sankuru,1,FALSE,9e-4,7e-4,0.0012,9e-4,374,369,378,9e-4,0.0764,374,0.0022,NA,NA,NA,NA,NA,NA,0.4117,0.0021,345,0.7413,0.1236,0,0.7819,0,Bayes-M17-med
Wema,Tshuapa,1,FALSE,9e-4,7e-4,0.0011,9e-4,378,376,380,9e-4,0.0731,378,0.0021,NA,NA,NA,NA,NA,NA,0.4469,0.0022,339,0.8494,0.1332,0,0.805,0,Bayes-M17-med
Djombo,Equateur,1,FALSE,8e-4,6e-4,0.001,8e-4,392,390,394,8e-4,0.0639,392,0.0019,NA,NA,NA,NA,NA,NA,0.6554,0.0028,299,0.917,0.7819,0,0.9228,0,Bayes-M17-med
Kikula,Haut-Katanga,1,FALSE,8e-4,6e-4,0.001,7e-4,395,393,398,8e-4,0.0621,395,0.0018,NA,NA,NA,NA,NA,NA,0.0951,4e-4,453,0.1062,0.1139,0,0.1602,0,Bayes-M17-med
Kafubu,Haut-Katanga,1,FALSE,8e-4,6e-4,0.001,8e-4,387,387,387,8e-4,0.0664,387,0.0019,NA,NA,NA,NA,NA,NA,0.2104,9e-4,429,0.6042,0.0869,0,0.1506,0,Bayes-M17-med
Kayamba,Haut-Lomami,1,FALSE,8e-4,6e-4,0.001,8e-4,386,385,388,8e-4,0.0665,386,0.0019,NA,NA,NA,NA,NA,NA,0.4276,0.0019,359,0.7027,0.4189,0,0.5888,0,Bayes-M17-med
Bulape,Kasaï,1,FALSE,8e-4,6e-4,0.001,8e-4,394,392,394,8e-4,0.0625,394,0.0018,NA,NA,NA,NA,NA,NA,0.4315,0.0018,368,0.7066,0.1853,0,0.834,0,Bayes-M17-med
Nyanga,Kasaï,1,FALSE,8e-4,6e-4,0.001,8e-4,390,389,393,8e-4,0.0642,390,0.0019,NA,NA,NA,NA,NA,NA,0.348,0.0015,396,0.4402,0.3803,0,0.5714,0,Bayes-M17-med
Bunkonde,Kasaï-Central,1,FALSE,8e-4,6e-4,0.0011,8e-4,382,382,382,8e-4,0.0681,382,0.002,NA,NA,NA,NA,NA,NA,0.3523,0.0016,388,0.4015,0.278,0,0.7297,0,Bayes-M17-med
Ndesha,Kasaï-Central,1,FALSE,8e-4,6e-4,0.001,8e-4,388,388,389,8e-4,0.0658,388,0.0019,NA,NA,NA,NA,NA,NA,0.2317,0.001,421,0.1448,0.3456,0,0.4363,0,Bayes-M17-med
Nsona Mpangu,Kongo-Central,1,FALSE,8e-4,6e-4,0.001,8e-4,384,384,384,8e-4,0.0674,384,0.002,NA,NA,NA,NA,NA,NA,0.4165,0.0019,361,0.722,0.7645,0,0.1795,0,Bayes-M17-med
Wamba Lwadi,Kwango,1,FALSE,8e-4,6e-4,0.001,8e-4,383,383,383,8e-4,0.0676,383,0.002,NA,NA,NA,NA,NA,NA,0.5492,0.0025,318,0.6467,0.8185,0,0.7317,0,Bayes-M17-med
Sia,Kwilu,1,FALSE,8e-4,6e-4,0.001,8e-4,385,385,386,8e-4,0.067,385,0.0019,NA,NA,NA,NA,NA,NA,0.3986,0.0018,371,0.4151,0.3822,0,0.7973,0,Bayes-M17-med
Kingandu,Kwilu,1,FALSE,8e-4,6e-4,0.001,8e-4,391,391,392,8e-4,0.0641,391,0.0019,NA,NA,NA,NA,NA,NA,0.4923,0.0021,344,0.7162,0.6583,0,0.5946,0,Bayes-M17-med
Oshwe,Mai-Ndombe,1,FALSE,8e-4,6e-4,0.001,8e-4,389,386,390,8e-4,0.0655,389,0.0019,NA,NA,NA,NA,NA,NA,0.4855,0.0021,343,0.8764,0.3301,0,0.7355,0,Bayes-M17-med
Zongo,Sud-Ubangi,1,FALSE,8e-4,6e-4,0.001,8e-4,393,390,395,8e-4,0.0638,393,0.0019,NA,NA,NA,NA,NA,NA,0.2418,0.001,420,0.278,0.4131,0,0.2761,0,Bayes-M17-med
Iboko,Equateur,1,FALSE,7e-4,6e-4,0.001,7e-4,397,395,402,7e-4,0.0613,397,0.0018,NA,NA,NA,NA,NA,NA,0.612,0.0025,317,0.8282,0.7915,0,0.8282,0,Bayes-M17-med
Lotumbe,Equateur,1,FALSE,7e-4,5e-4,9e-4,7e-4,405,404,408,7e-4,0.0591,405,0.0017,NA,NA,NA,NA,NA,NA,0.5816,0.0023,333,0.9691,0.7085,0,0.6486,0,Bayes-M17-med
Mitwaba,Haut-Katanga,1,FALSE,7e-4,6e-4,9e-4,7e-4,400,397,402,7e-4,0.061,400,0.0018,NA,NA,NA,NA,NA,NA,0.3528,0.0014,397,0.8012,0.0618,0,0.5483,0,Bayes-M17-med
Panda,Haut-Katanga,1,FALSE,7e-4,5e-4,9e-4,7e-4,412,411,413,7e-4,0.0564,412,0.0016,NA,NA,NA,NA,NA,NA,0.2027,8e-4,438,0.1622,0.4826,0,0.166,0,Bayes-M17-med
Kenya,Haut-Katanga,1,FALSE,7e-4,5e-4,8e-4,7e-4,416,415,417,7e-4,0.0546,416,0.0016,NA,NA,NA,NA,NA,NA,0.0569,2e-4,459,0.11,0.0116,0,0.1062,0,Bayes-M17-med
Lukafu,Haut-Katanga,1,FALSE,7e-4,5e-4,9e-4,7e-4,409,407,409,7e-4,0.0582,409,0.0017,NA,NA,NA,NA,NA,NA,0.4015,0.0016,391,0.888,0.3243,0,0.3938,0,Bayes-M17-med
Bena Tshadi,Kasaï-Central,1,FALSE,7e-4,6e-4,0.001,7e-4,396,396,397,7e-4,0.0618,396,0.0018,NA,NA,NA,NA,NA,NA,0.472,0.002,354,0.6699,0.3784,0,0.8398,0,Bayes-M17-med
Kalomba,Kasaï-Central,1,FALSE,7e-4,5e-4,9e-4,7e-4,404,401,405,7e-4,0.0596,404,0.0017,NA,NA,NA,NA,NA,NA,0.2944,0.0012,412,0.3166,0.1467,0,0.7143,0,Bayes-M17-med
Kangu,Kongo-Central,1,FALSE,7e-4,6e-4,9e-4,7e-4,401,399,402,7e-4,0.0608,401,0.0018,NA,NA,NA,NA,NA,NA,0.3528,0.0014,398,0.3803,0.8822,0,0.1486,0,Bayes-M17-med
Inga,Kongo-Central,1,FALSE,7e-4,5e-4,8e-4,7e-4,417,416,417,7e-4,0.0545,417,0.0016,NA,NA,NA,NA,NA,NA,0.3847,0.0014,400,0.5212,0.8243,0,0.1931,0,Bayes-M17-med
Gombe Matadi,Kongo-Central,1,FALSE,7e-4,5e-4,9e-4,7e-4,415,414,415,7e-4,0.0554,415,0.0016,NA,NA,NA,NA,NA,NA,0.4151,0.0015,392,0.6911,0.7857,0,0.1834,0,Bayes-M17-med
Ngidinga,Kongo-Central,1,FALSE,7e-4,5e-4,9e-4,7e-4,407,406,407,7e-4,0.0586,407,0.0017,NA,NA,NA,NA,NA,NA,0.4488,0.0018,374,0.6544,0.7432,0,0.3977,0,Bayes-M17-med
Kasongo Lunda,Kwango,1,FALSE,7e-4,6e-4,9e-4,7e-4,398,398,400,7e-4,0.0612,398,0.0018,NA,NA,NA,NA,NA,NA,0.3441,0.0014,399,0.6274,0.5946,0,0.1544,0,Bayes-M17-med
Moanza,Kwilu,1,FALSE,7e-4,5e-4,9e-4,7e-4,411,410,412,7e-4,0.0568,411,0.0016,NA,NA,NA,NA,NA,NA,0.52,0.002,353,0.5985,0.529,0,0.9527,0,Bayes-M17-med
Kafakumba,Lualaba,1,FALSE,7e-4,5e-4,9e-4,7e-4,406,405,408,7e-4,0.0587,406,0.0017,NA,NA,NA,NA,NA,NA,0.4648,0.0018,367,0.8687,0.2027,0,0.7876,0,Bayes-M17-med
Lubudi,Lualaba,1,FALSE,7e-4,5e-4,9e-4,7e-4,414,413,414,7e-4,0.0556,414,0.0016,NA,NA,NA,NA,NA,NA,0.4667,0.0017,379,0.9151,0.4614,0,0.4903,0,Bayes-M17-med
Banzow Moke,Mai-Ndombe,1,FALSE,7e-4,5e-4,9e-4,7e-4,410,410,412,7e-4,0.0572,410,0.0017,NA,NA,NA,NA,NA,NA,0.5236,0.002,350,0.6892,0.5212,0,0.8842,0,Bayes-M17-med
Kiri,Mai-Ndombe,1,FALSE,7e-4,5e-4,9e-4,7e-4,408,406,409,7e-4,0.0582,408,0.0017,NA,NA,NA,NA,NA,NA,0.5685,0.0022,337,0.8745,0.4768,0,0.9228,0,Bayes-M17-med
Kwamouth,Mai-Ndombe,1,FALSE,7e-4,6e-4,9e-4,7e-4,403,400,403,7e-4,0.0604,403,0.0018,NA,NA,NA,NA,NA,NA,0.43,0.0017,378,0.8707,0.417,0,0.4324,0,Bayes-M17-med
Mushie,Mai-Ndombe,1,FALSE,7e-4,5e-4,9e-4,7e-4,402,399,403,7e-4,0.0606,402,0.0018,NA,NA,NA,NA,NA,NA,0.4291,0.0017,377,0.7394,0.3649,0,0.612,0,Bayes-M17-med
Tshudi Loto,Sankuru,1,FALSE,7e-4,6e-4,0.001,7e-4,399,396,403,7e-4,0.0611,399,0.0018,NA,NA,NA,NA,NA,NA,0.4237,0.0017,380,0.7683,0.0039,0,0.9228,0,Bayes-M17-med
Mbaya,Sud-Ubangi,1,FALSE,7e-4,5e-4,9e-4,7e-4,413,411,417,7e-4,0.0558,413,0.0016,NA,NA,NA,NA,NA,NA,0.3142,0.0012,413,0.3514,0.2239,0,0.6815,0,Bayes-M17-med
Lukolela,Equateur,1,FALSE,6e-4,5e-4,8e-4,6e-4,422,421,423,6e-4,0.0513,422,0.0015,NA,NA,NA,NA,NA,NA,0.5787,0.002,352,0.944,0.9151,0,0.4556,0,Bayes-M17-med
Monieka,Equateur,1,FALSE,6e-4,4e-4,8e-4,6e-4,425,424,427,6e-4,0.0486,425,0.0014,NA,NA,NA,NA,NA,NA,0.596,0.0019,356,0.9768,0.7336,0,0.6737,0,Bayes-M17-med
Butumba,Haut-Lomami,1,FALSE,6e-4,4e-4,7e-4,6e-4,429,428,429,6e-4,0.0456,429,0.0013,NA,NA,NA,NA,NA,NA,0.4595,0.0014,401,0.7973,0.4151,0,0.6255,0,Bayes-M17-med
Banga Lubaka,Kasaï,1,FALSE,6e-4,4e-4,7e-4,6e-4,426,425,428,6e-4,0.0474,426,0.0014,NA,NA,NA,NA,NA,NA,0.3205,0.001,422,0.5174,0.0444,0,0.7201,0,Bayes-M17-med
Luozi,Kongo-Central,1,FALSE,6e-4,5e-4,8e-4,6e-4,423,422,423,6e-4,0.0511,423,0.0015,NA,NA,NA,NA,NA,NA,0.5241,0.0018,370,0.7355,0.8861,0,0.4749,0,Bayes-M17-med
Kimvula,Kongo-Central,1,FALSE,6e-4,4e-4,7e-4,6e-4,427,426,427,6e-4,0.0474,427,0.0014,NA,NA,NA,NA,NA,NA,0.569,0.0018,369,0.8629,0.8784,0,0.5347,0,Bayes-M17-med
Kisanji,Kwango,1,FALSE,6e-4,5e-4,8e-4,6e-4,424,424,425,6e-4,0.0495,424,0.0014,NA,NA,NA,NA,NA,NA,0.5574,0.0019,364,0.8417,0.6544,0,0.7336,0,Bayes-M17-med
Ntandembelo,Mai-Ndombe,1,FALSE,6e-4,5e-4,8e-4,6e-4,418,418,418,6e-4,0.0525,418,0.0015,NA,NA,NA,NA,NA,NA,0.4595,0.0016,387,0.6023,0.4633,0,0.7722,0,Bayes-M17-med
Pendjwa,Mai-Ndombe,1,FALSE,6e-4,4e-4,7e-4,6e-4,428,426,429,6e-4,0.0467,428,0.0014,NA,NA,NA,NA,NA,NA,0.4319,0.0014,404,0.7008,0.2124,0,0.8147,0,Bayes-M17-med
Yumbi,Mai-Ndombe,1,FALSE,6e-4,5e-4,8e-4,6e-4,419,419,419,6e-4,0.0524,419,0.0015,NA,NA,NA,NA,NA,NA,0.2741,0.001,427,0.4131,0.4015,0,0.2819,0,Bayes-M17-med
Bolobo,Mai-Ndombe,1,FALSE,6e-4,5e-4,8e-4,6e-4,420,420,421,6e-4,0.0521,420,0.0015,NA,NA,NA,NA,NA,NA,0.3388,0.0012,411,0.6313,0.4981,0,0.2259,0,Bayes-M17-med
Bosobe,Mai-Ndombe,1,FALSE,6e-4,5e-4,8e-4,6e-4,421,420,422,6e-4,0.0515,421,0.0015,NA,NA,NA,NA,NA,NA,0.4406,0.0015,394,0.4942,0.4093,0,0.8591,0,Bayes-M17-med
Bomongo,Equateur,1,FALSE,5e-4,4e-4,7e-4,5e-4,433,432,433,5e-4,0.0423,433,0.0012,NA,NA,NA,NA,NA,NA,0.5907,0.0017,384,0.9788,0.8475,0,0.5367,0,Bayes-M17-med
Kizu,Kongo-Central,1,FALSE,5e-4,4e-4,6e-4,5e-4,434,434,434,5e-4,0.0402,434,0.0012,NA,NA,NA,NA,NA,NA,0.3113,8e-4,435,0.2973,0.8707,0,0.0772,0,Bayes-M17-med
Tshela,Kongo-Central,1,FALSE,5e-4,4e-4,6e-4,5e-4,437,437,437,5e-4,0.0383,437,0.0011,NA,NA,NA,NA,NA,NA,0.3282,8e-4,434,0.417,0.888,0,0.0077,0,Bayes-M17-med
Mangembo,Kongo-Central,1,FALSE,5e-4,4e-4,6e-4,5e-4,435,435,435,5e-4,0.0386,435,0.0011,NA,NA,NA,NA,NA,NA,0.3726,0.001,426,0.5598,0.6641,0,0.2664,0,Bayes-M17-med
Nzanza,Kongo-Central,1,FALSE,5e-4,4e-4,7e-4,5e-4,430,430,430,5e-4,0.0449,430,0.0013,NA,NA,NA,NA,NA,NA,0.2172,7e-4,445,0.0888,0.6892,0,0.0907,0,Bayes-M17-med
Kimpangu,Kongo-Central,1,FALSE,5e-4,4e-4,7e-4,5e-4,432,432,433,5e-4,0.0424,432,0.0012,NA,NA,NA,NA,NA,NA,0.4488,0.0013,408,0.7085,0.9344,0,0.1525,0,Bayes-M17-med
Nselo,Kongo-Central,1,FALSE,5e-4,3e-4,6e-4,5e-4,439,439,439,5e-4,0.0377,439,0.0011,NA,NA,NA,NA,NA,NA,0.374,9e-4,428,0.6564,0.5347,0,0.305,0,Bayes-M17-med
Kajiji,Kwango,1,FALSE,5e-4,3e-4,6e-4,5e-4,438,438,438,5e-4,0.0378,438,0.0011,NA,NA,NA,NA,NA,NA,0.3533,9e-4,431,0.7934,0.1544,0,0.4653,0,Bayes-M17-med
Kitenda,Kwango,1,FALSE,5e-4,4e-4,6e-4,5e-4,436,436,436,5e-4,0.0384,436,0.0011,NA,NA,NA,NA,NA,NA,0.376,0.001,425,0.6641,0.4247,0,0.4151,0,Bayes-M17-med
Mwela Lembwa,Kwango,1,FALSE,5e-4,4e-4,7e-4,5e-4,431,431,431,5e-4,0.0441,431,0.0013,NA,NA,NA,NA,NA,NA,0.4397,0.0013,407,0.6506,0.3224,0,0.7857,0,Bayes-M17-med
Bolenge,Equateur,1,FALSE,4e-4,3e-4,5e-4,4e-4,451,449,451,4e-4,0.0302,451,9e-4,NA,NA,NA,NA,NA,NA,0.5391,0.0011,415,0.7954,0.8514,0,0.5097,0,Bayes-M17-med
Kilela Balanda,Haut-Katanga,1,FALSE,4e-4,3e-4,5e-4,4e-4,449,449,450,4e-4,0.0307,449,9e-4,NA,NA,NA,NA,NA,NA,0.3132,6e-4,446,0.9228,0.0927,0,0.2375,0,Bayes-M17-med
Kashobwe,Haut-Katanga,1,FALSE,4e-4,3e-4,5e-4,4e-4,446,446,446,4e-4,0.0332,446,0.001,NA,NA,NA,NA,NA,NA,0.3243,7e-4,442,0.805,0.3012,0,0.1911,0,Bayes-M17-med
Katuba,Haut-Katanga,1,FALSE,4e-4,3e-4,6e-4,4e-4,442,442,443,4e-4,0.0358,442,0.001,NA,NA,NA,NA,NA,NA,0.0463,1e-4,462,0.0502,0.0309,0,0.1042,0,Bayes-M17-med
Baka,Haut-Lomami,1,FALSE,4e-4,3e-4,5e-4,4e-4,444,442,445,4e-4,0.0344,444,0.001,NA,NA,NA,NA,NA,NA,0.4319,0.001,423,0.4344,0.8919,0,0.4015,0,Bayes-M17-med
Kinda,Haut-Lomami,1,FALSE,4e-4,3e-4,6e-4,4e-4,441,441,441,4e-4,0.0362,441,0.001,NA,NA,NA,NA,NA,NA,0.5077,0.0012,409,0.9884,0.4266,0,0.6158,0,Bayes-M17-med
Boma Bungu,Kongo-Central,1,FALSE,4e-4,3e-4,5e-4,4e-4,445,444,445,4e-4,0.0343,445,0.001,NA,NA,NA,NA,NA,NA,0.3209,7e-4,441,0.5811,0.5676,0,0.1351,0,Bayes-M17-med
Kinkonzi,Kongo-Central,1,FALSE,4e-4,3e-4,5e-4,4e-4,443,443,444,4e-4,0.0347,443,0.001,NA,NA,NA,NA,NA,NA,0.4252,0.001,424,0.6236,0.8958,0,0.1815,0,Bayes-M17-med
Kuimba,Kongo-Central,1,FALSE,4e-4,3e-4,6e-4,4e-4,440,440,440,4e-4,0.0364,440,0.0011,NA,NA,NA,NA,NA,NA,0.3069,8e-4,440,0.3784,0.8456,0,0.0039,0,Bayes-M17-med
Sona Bata,Kongo-Central,1,FALSE,4e-4,3e-4,5e-4,4e-4,447,447,447,4e-4,0.0322,447,9e-4,NA,NA,NA,NA,NA,NA,0.43,9e-4,430,0.7259,0.7896,0,0.2046,0,Bayes-M17-med
Tembo,Kwango,1,FALSE,4e-4,3e-4,5e-4,4e-4,448,448,448,4e-4,0.031,448,9e-4,NA,NA,NA,NA,NA,NA,0.3205,7e-4,444,0.7876,0.3977,0,0.0965,0,Bayes-M17-med
Bunkeya,Lualaba,1,FALSE,4e-4,3e-4,5e-4,4e-4,450,450,451,4e-4,0.0304,450,9e-4,NA,NA,NA,NA,NA,NA,0.4218,9e-4,433,0.8243,0.5019,0,0.361,0,Bayes-M17-med
Vangu,Haut-Katanga,1,FALSE,3e-4,2e-4,3e-4,3e-4,454,454,454,3e-4,0.022,454,6e-4,NA,NA,NA,NA,NA,NA,0.1081,2e-4,460,0.1158,0.1699,0,0.1467,0,Bayes-M17-med
Bobozo,Kasaï-Central,1,FALSE,3e-4,2e-4,4e-4,3e-4,453,453,453,3e-4,0.025,453,7e-4,NA,NA,NA,NA,NA,NA,0.2336,4e-4,454,0.1602,0.2857,0,0.4884,0,Bayes-M17-med
Vaku,Kongo-Central,1,FALSE,3e-4,2e-4,4e-4,3e-4,452,452,452,3e-4,0.0267,452,8e-4,NA,NA,NA,NA,NA,NA,0.4194,8e-4,439,0.5676,0.9421,0,0.168,0,Bayes-M17-med
Lilanga Bobangi,Equateur,1,FALSE,2e-4,1e-4,2e-4,2e-4,460,460,460,2e-4,0.0126,460,4e-4,NA,NA,NA,NA,NA,NA,0.4117,3e-4,455,0.9382,0.2664,0,0.4421,0,Bayes-M17-med
Mampoko,Equateur,1,FALSE,2e-4,2e-4,3e-4,2e-4,456,455,456,2e-4,0.0203,456,6e-4,NA,NA,NA,NA,NA,NA,0.5135,7e-4,443,0.8919,0.5058,0,0.6564,0,Bayes-M17-med
Ntondo,Equateur,1,FALSE,2e-4,2e-4,3e-4,2e-4,457,457,457,2e-4,0.019,457,6e-4,NA,NA,NA,NA,NA,NA,0.6125,8e-4,437,0.8996,0.7259,0,0.8243,0,Bayes-M17-med
Kibunzi,Kongo-Central,1,FALSE,2e-4,2e-4,3e-4,2e-4,455,455,456,2e-4,0.0203,455,6e-4,NA,NA,NA,NA,NA,NA,0.4175,6e-4,448,0.7046,0.5251,0,0.4402,0,Bayes-M17-med
Mutshatsha,Lualaba,1,FALSE,2e-4,2e-4,3e-4,2e-4,459,458,459,2e-4,0.0164,459,5e-4,NA,NA,NA,NA,NA,NA,0.3808,4e-4,452,0.971,0.1023,0,0.4498,0,Bayes-M17-med
Mimia,Mai-Ndombe,1,FALSE,2e-4,2e-4,3e-4,2e-4,458,458,459,2e-4,0.0167,458,5e-4,NA,NA,NA,NA,NA,NA,0.4841,5e-4,449,0.9614,0.0521,0,0.9228,0,Bayes-M17-med
Irebu,Equateur,1,FALSE,1e-4,1e-4,1e-4,1e-4,461,461,461,1e-4,0.0091,461,3e-4,NA,NA,NA,NA,NA,NA,0.5473,3e-4,456,0.9305,0.6776,0,0.5811,0,Bayes-M17-med
Kamalondo,Haut-Katanga,1,FALSE,1e-4,1e-4,1e-4,1e-4,463,463,463,1e-4,0.0086,463,2e-4,NA,NA,NA,NA,NA,NA,0.0352,0,464,0.029,0.0019,0,0.11,0,Bayes-M17-med
Kowe,Haut-Katanga,1,FALSE,1e-4,1e-4,1e-4,1e-4,462,462,462,1e-4,0.0087,462,3e-4,NA,NA,NA,NA,NA,NA,0.07,0,463,0.0714,0.0811,0,0.1274,0,Bayes-M17-med
Kitona,Kongo-Central,1,FALSE,1e-4,1e-4,1e-4,1e-4,464,464,464,1e-4,0.0063,464,2e-4,NA,NA,NA,NA,NA,NA,0.293,1e-4,461,0.5907,0.5792,0,0.0019,0,Bayes-M17-med
Bokoro,Mai-Ndombe,1,FALSE,0,0,0,0,465.5,465.5,465.5,0,0,465,0,NA,NA,NA,NA,NA,NA,0.471,0,465,0.6873,0.5097,0,0.6873,0,Bayes-M17-med
Idjwi,Sud-Kivu,1,FALSE,0,0,0,0,465.5,465.5,465.5,0,0,465,0,NA,NA,NA,NA,NA,NA,0.3007,0,466,0.2992,0.8224,0,0.0811,0,Bayes-M17-med
Boma Mangbetu,Haut-Uele,1,TRUE,NA,NA,NA,NA,NA,NA,NA,NA,NA,NA,NA,NA,NA,NA,NA,NA,NA,0.4122,NA,NA,0.2857,0.5039,0,0.8591,0,Bayes-M17-med
Gombari,Haut-Uele,1,TRUE,NA,NA,NA,NA,NA,NA,NA,NA,NA,NA,NA,NA,NA,NA,NA,NA,NA,0.5772,NA,NA,0.9633,0.8012,0,0.5444,0,Bayes-M17-med
Isiro,Haut-Uele,1,TRUE,NA,NA,NA,NA,NA,NA,NA,NA,NA,NA,NA,NA,NA,NA,NA,NA,NA,0.5253,NA,NA,0.39,0.7587,0,0.9527,0,Bayes-M17-med
Pawa,Haut-Uele,1,TRUE,NA,NA,NA,NA,NA,NA,NA,NA,NA,NA,NA,NA,NA,NA,NA,NA,NA,0.4315,NA,NA,0.2934,0.5734,0,0.8591,0,Bayes-M17-med
Rungu,Haut-Uele,1,TRUE,NA,NA,NA,NA,NA,NA,NA,NA,NA,NA,NA,NA,NA,NA,NA,NA,NA,0.6474,NA,NA,0.8224,0.8031,0,0.9643,0,Bayes-M17-med
Wamba,Haut-Uele,1,TRUE,NA,NA,NA,NA,NA,NA,NA,NA,NA,NA,NA,NA,NA,NA,NA,NA,NA,0.4817,NA,NA,0.6737,0.4363,0,0.8166,0,Bayes-M17-med
Adja,Ituri,1,TRUE,NA,NA,NA,NA,NA,NA,NA,NA,NA,NA,NA,NA,NA,NA,NA,NA,NA,0.2645,NA,NA,0.249,0.4286,0,0.3803,0,Bayes-M17-med
Ariwara,Ituri,1,TRUE,NA,NA,NA,NA,NA,NA,NA,NA,NA,NA,NA,NA,NA,NA,NA,NA,NA,0.2862,NA,NA,0.1988,0.6988,0,0.2471,0,Bayes-M17-med
Aru,Ituri,1,TRUE,NA,NA,NA,NA,NA,NA,NA,NA,NA,NA,NA,NA,NA,NA,NA,NA,NA,0.3528,NA,NA,0.3012,0.8417,0,0.2683,0,Bayes-M17-med
Aungba,Ituri,1,TRUE,NA,NA,NA,NA,NA,NA,NA,NA,NA,NA,NA,NA,NA,NA,NA,NA,NA,0.3354,NA,NA,0.3108,0.6564,0,0.3745,0,Bayes-M17-med
Kambala,Ituri,1,TRUE,NA,NA,NA,NA,NA,NA,NA,NA,NA,NA,NA,NA,NA,NA,NA,NA,NA,0.347,NA,NA,0.3668,0.612,0,0.4093,0,Bayes-M17-med
Logo,Ituri,1,TRUE,NA,NA,NA,NA,NA,NA,NA,NA,NA,NA,NA,NA,NA,NA,NA,NA,NA,0.2384,NA,NA,0.1757,0.5927,0,0.1853,0,Bayes-M17-med
Mahagi,Ituri,1,TRUE,NA,NA,NA,NA,NA,NA,NA,NA,NA,NA,NA,NA,NA,NA,NA,NA,NA,0.2292,NA,NA,0.1718,0.6004,0,0.1448,0,Bayes-M17-med
Rimba,Ituri,1,TRUE,NA,NA,NA,NA,NA,NA,NA,NA,NA,NA,NA,NA,NA,NA,NA,NA,NA,0.306,NA,NA,0.2008,0.7124,0,0.3108,0,Bayes-M17-med
Bambu,Ituri,1,TRUE,NA,NA,NA,NA,NA,NA,NA,NA,NA,NA,NA,NA,NA,NA,NA,NA,NA,0.2399,NA,NA,0.2046,0.4691,0,0.2857,0,Bayes-M17-med
Boga,Ituri,1,TRUE,NA,NA,NA,NA,NA,NA,NA,NA,NA,NA,NA,NA,NA,NA,NA,NA,NA,0.264,NA,NA,0.3861,0.36870000000000003,0,0.3012,0,Bayes-M17-med
Bunia,Ituri,1,TRUE,NA,NA,NA,NA,NA,NA,NA,NA,NA,NA,NA,NA,NA,NA,NA,NA,NA,0.2326,NA,NA,0.1178,0.5637,0,0.249,0,Bayes-M17-med
Damas,Ituri,1,TRUE,NA,NA,NA,NA,NA,NA,NA,NA,NA,NA,NA,NA,NA,NA,NA,NA,NA,0.3224,NA,NA,0.4479,0.3282,0,0.5135,0,Bayes-M17-med
Drodro,Ituri,1,TRUE,NA,NA,NA,NA,NA,NA,NA,NA,NA,NA,NA,NA,NA,NA,NA,NA,NA,0.2674,NA,NA,0.2066,0.5907,0,0.2722,0,Bayes-M17-med
Fataki,Ituri,1,TRUE,NA,NA,NA,NA,NA,NA,NA,NA,NA,NA,NA,NA,NA,NA,NA,NA,NA,0.3185,NA,NA,0.2259,0.7201,0,0.3282,0,Bayes-M17-med
Gety,Ituri,1,TRUE,NA,NA,NA,NA,NA,NA,NA,NA,NA,NA,NA,NA,NA,NA,NA,NA,NA,0.2592,NA,NA,0.3359,0.2973,0,0.4035,0,Bayes-M17-med
Kilo,Ituri,1,TRUE,NA,NA,NA,NA,NA,NA,NA,NA,NA,NA,NA,NA,NA,NA,NA,NA,NA,0.1448,NA,NA,0.2201,0.0502,0,0.3089,0,Bayes-M17-med
Komanda,Ituri,1,TRUE,NA,NA,NA,NA,NA,NA,NA,NA,NA,NA,NA,NA,NA,NA,NA,NA,NA,0.2341,NA,NA,0.3089,0.1197,0,0.5077,0,Bayes-M17-med
Lita,Ituri,1,TRUE,NA,NA,NA,NA,NA,NA,NA,NA,NA,NA,NA,NA,NA,NA,NA,NA,NA,0.306,NA,NA,0.2761,0.7046,0,0.2432,0,Bayes-M17-med
Lolwa,Ituri,1,TRUE,NA,NA,NA,NA,NA,NA,NA,NA,NA,NA,NA,NA,NA,NA,NA,NA,NA,0.3205,NA,NA,0.6429,0,0,0.639,0,Bayes-M17-med
Mambasa,Ituri,1,TRUE,NA,NA,NA,NA,NA,NA,NA,NA,NA,NA,NA,NA,NA,NA,NA,NA,NA,0.4324,NA,NA,0.8842,0.2625,0,0.583,0,Bayes-M17-med
Mandima,Ituri,1,TRUE,NA,NA,NA,NA,NA,NA,NA,NA,NA,NA,NA,NA,NA,NA,NA,NA,NA,0.2659,NA,NA,0.4846,0.2896,0,0.2896,0,Bayes-M17-med
Mangala,Ituri,1,TRUE,NA,NA,NA,NA,NA,NA,NA,NA,NA,NA,NA,NA,NA,NA,NA,NA,NA,0.3021,NA,NA,0.305,0.6158,0,0.2876,0,Bayes-M17-med
Mongbwalu,Ituri,1,TRUE,NA,NA,NA,NA,NA,NA,NA,NA,NA,NA,NA,NA,NA,NA,NA,NA,NA,0.2616,NA,NA,0.4112,0.1834,0,0.4517,0,Bayes-M17-med
Nia Nia,Ituri,1,TRUE,NA,NA,NA,NA,NA,NA,NA,NA,NA,NA,NA,NA,NA,NA,NA,NA,NA,0.2978,NA,NA,0.666,0.0212,0,0.5039,0,Bayes-M17-med
Nizi,Ituri,1,TRUE,NA,NA,NA,NA,NA,NA,NA,NA,NA,NA,NA,NA,NA,NA,NA,NA,NA,0.1771,NA,NA,0.1544,0.3378,0,0.2162,0,Bayes-M17-med
Nyankunde,Ituri,1,TRUE,NA,NA,NA,NA,NA,NA,NA,NA,NA,NA,NA,NA,NA,NA,NA,NA,NA,0.2514,NA,NA,0.2838,0.2432,0,0.4788,0,Bayes-M17-med
Rwampara,Ituri,1,TRUE,NA,NA,NA,NA,NA,NA,NA,NA,NA,NA,NA,NA,NA,NA,NA,NA,NA,0.319,NA,NA,0.2375,0.7452,0,0.2934,0,Bayes-M17-med
Tchomia,Ituri,1,TRUE,NA,NA,NA,NA,NA,NA,NA,NA,NA,NA,NA,NA,NA,NA,NA,NA,NA,0.1998,NA,NA,0.2104,0.3745,0,0.2143,0,Bayes-M17-med
Beni,Nord-Kivu,1,TRUE,NA,NA,NA,NA,NA,NA,NA,NA,NA,NA,NA,NA,NA,NA,NA,NA,NA,0.1559,NA,NA,0.1525,0.2297,0,0.2413,0,Bayes-M17-med
Butembo,Nord-Kivu,1,TRUE,NA,NA,NA,NA,NA,NA,NA,NA,NA,NA,NA,NA,NA,NA,NA,NA,NA,0.1829,NA,NA,0.1139,0.388,0,0.2297,0,Bayes-M17-med
Kalunguta,Nord-Kivu,1,TRUE,NA,NA,NA,NA,NA,NA,NA,NA,NA,NA,NA,NA,NA,NA,NA,NA,NA,0.1559,NA,NA,0.195,0.2066,0,0.222,0,Bayes-M17-med
Katwa,Nord-Kivu,1,TRUE,NA,NA,NA,NA,NA,NA,NA,NA,NA,NA,NA,NA,NA,NA,NA,NA,NA,0.1998,NA,NA,0.0869,0.4846,0,0.2278,0,Bayes-M17-med
Kyondo,Nord-Kivu,1,TRUE,NA,NA,NA,NA,NA,NA,NA,NA,NA,NA,NA,NA,NA,NA,NA,NA,NA,0.3238,NA,NA,0.2954,0.7973,0,0.2027,0,Bayes-M17-med
Lubero,Nord-Kivu,1,TRUE,NA,NA,NA,NA,NA,NA,NA,NA,NA,NA,NA,NA,NA,NA,NA,NA,NA,0.4585,NA,NA,0.5734,0.9382,0,0.3224,0,Bayes-M17-med
Mabalako,Nord-Kivu,1,TRUE,NA,NA,NA,NA,NA,NA,NA,NA,NA,NA,NA,NA,NA,NA,NA,NA,NA,0.1573,NA,NA,0.1931,0.2046,0,0.2317,0,Bayes-M17-med
Masereka,Nord-Kivu,1,TRUE,NA,NA,NA,NA,NA,NA,NA,NA,NA,NA,NA,NA,NA,NA,NA,NA,NA,0.36870000000000003,NA,NA,0.2548,0.9807,0,0.2394,0,Bayes-M17-med
Musienene,Nord-Kivu,1,TRUE,NA,NA,NA,NA,NA,NA,NA,NA,NA,NA,NA,NA,NA,NA,NA,NA,NA,0.319,NA,NA,0.2645,0.7317,0,0.2799,0,Bayes-M17-med
Oicha,Nord-Kivu,1,TRUE,NA,NA,NA,NA,NA,NA,NA,NA,NA,NA,NA,NA,NA,NA,NA,NA,NA,0.3364,NA,NA,0.3243,0.7606,0,0.2606,0,Bayes-M17-med
Vuhovi,Nord-Kivu,1,TRUE,NA,NA,NA,NA,NA,NA,NA,NA,NA,NA,NA,NA,NA,NA,NA,NA,NA,0.2611,NA,NA,0.2027,0.6178,0,0.2239,0,Bayes-M17-med
Goma,Nord-Kivu,1,TRUE,NA,NA,NA,NA,NA,NA,NA,NA,NA,NA,NA,NA,NA,NA,NA,NA,NA,0.2669,NA,NA,0.1274,0.8977,0,0.0425,0,Bayes-M17-med
Miti Murhesa,Sud-Kivu,1,TRUE,NA,NA,NA,NA,NA,NA,NA,NA,NA,NA,NA,NA,NA,NA,NA,NA,NA,0.3277,NA,NA,0.2355,0.9131,0,0.1622,0,Bayes-M17-med
Bafwasende,Tshopo,1,TRUE,NA,NA,NA,NA,NA,NA,NA,NA,NA,NA,NA,NA,NA,NA,NA,NA,NA,0.4546,NA,NA,0.9073,0.2413,0,0.6699,0,Bayes-M17-med
Kabondo,Tshopo,1,TRUE,NA,NA,NA,NA,NA,NA,NA,NA,NA,NA,NA,NA,NA,NA,NA,NA,NA,0.18,NA,NA,0.1911,0.2722,0,0.2568,0,Bayes-M17-med
Lubunga (Tshopo),Tshopo,1,TRUE,NA,NA,NA,NA,NA,NA,NA,NA,NA,NA,NA,NA,NA,NA,NA,NA,NA,0.2288,NA,NA,0.2452,0.3436,0,0.3263,0,Bayes-M17-med
Makiso Kisangani,Tshopo,1,TRUE,NA,NA,NA,NA,NA,NA,NA,NA,NA,NA,NA,NA,NA,NA,NA,NA,NA,0.2355,NA,NA,0.1332,0.5309,0,0.278,0,Bayes-M17-med
Mangobo,Tshopo,1,TRUE,NA,NA,NA,NA,NA,NA,NA,NA,NA,NA,NA,NA,NA,NA,NA,NA,NA,0.2061,NA,NA,0.0792,0.4382,0,0.3069,0,Bayes-M17-med
Wanierukula,Tshopo,1,TRUE,NA,NA,NA,NA,NA,NA,NA,NA,NA,NA,NA,NA,NA,NA,NA,NA,NA,0.473,NA,NA,0.8436,0.5521,0,0.4961,0,Bayes-M17-med
Rethy,Ituri,2,FALSE,0.6599,0.5684,0.7473,0.6619,1,1,1,1.0914,44.8527,1,1,2.9807,1,NA,NA,NA,NA,0.2703,0.6079,2,0.2143,0.6081,0,0.2587,0,Bayes-M17-med
Watsa,Haut-Uele,2,FALSE,0.6115,0.5223,0.6997,0.6128,2,2,2,0.9553,39.2596,2,0.9267,NA,NA,NA,NA,3.6433,1,0.4797,1,1,0.7297,0.8436,0,0.3456,0,Bayes-M17-med
Nyarambe,Ituri,2,FALSE,0.3912,0.3198,0.4666,0.3908,3,3,3,0.4989,20.5049,3,0.5928,1.3627,2,NA,NA,NA,NA,0.1805,0.2407,11,0.1699,0.4595,0,0.0927,0,Bayes-M17-med
Biringi,Ituri,2,FALSE,0.3467,0.2826,0.4151,0.3464,4,4,4,0.4276,17.5742,4,0.5254,1.1679,3,NA,NA,NA,NA,0.3494,0.4129,4,0.3958,0.4865,0,0.5154,0,Bayes-M17-med
Mutwanga,Nord-Kivu,2,FALSE,0.3363,0.2734,0.4043,0.3358,5,5,5,0.4117,16.92,5,0.5096,NA,NA,3.6353,1,NA,NA,0.2408,0.2761,7,0.2606,0.4672,0,0.2355,0,Bayes-M17-med
Makoro,Haut-Uele,2,FALSE,0.2662,0.2144,0.3233,0.2656,6,6,6,0.3105,12.7605,6,0.4034,NA,NA,NA,NA,1.1842,2,0.3822,0.3468,5,0.556,0.5483,0,0.4247,0,Bayes-M17-med
Kayna,Nord-Kivu,2,FALSE,0.2506,0.2012,0.3045,0.2501,7,7,7,0.2893,11.8895,7,0.3797,NA,NA,2.5545,2,NA,NA,0.3113,0.2659,9,0.2278,0.6332,0,0.3842,0,Bayes-M17-med
Dungu,Haut-Uele,2,FALSE,0.2301,0.1815,0.2832,0.2294,8,8,9,0.2623,10.7814,8,0.3488,NA,NA,NA,NA,1.0005,3,0.5275,0.4138,3,0.8726,0.5598,0,0.6776,0,Bayes-M17-med
Angumu,Ituri,2,FALSE,0.2278,0.1821,0.2776,0.2272,9,8,9,0.2592,10.6505,9,0.3451,0.7078,4,NA,NA,NA,NA,0.11,0.0854,36,0.1641,0.1641,0,0.112,0,Bayes-M17-med
Karisimbi,Nord-Kivu,2,FALSE,0.1866,0.1485,0.2287,0.186,10,10,10,0.207,8.5064,10,0.2828,NA,NA,1.8276,3,NA,NA,0.1597,0.1016,28,0.0907,0.5154,0,0.0328,0,Bayes-M17-med
Biena,Nord-Kivu,2,FALSE,0.1771,0.1414,0.2168,0.1763,11,11,11,0.1954,8.0283,11,0.2684,NA,NA,1.7249,4,NA,NA,0.2013,0.1215,24,0.251,0.166,0,0.388,0,Bayes-M17-med
Linga,Ituri,2,FALSE,0.1608,0.1264,0.1986,0.1601,12,12,13,0.1756,7.218,12,0.2437,0.4797,5,NA,NA,NA,NA,0.2148,0.1177,25,0.1969,0.3417,0,0.3205,0,Bayes-M17-med
Jiba,Ituri,2,FALSE,0.156,0.1226,0.1928,0.1553,13,13,14,0.1699,6.9821,13,0.2364,0.464,6,NA,NA,NA,NA,0.1651,0.0878,34,0.1815,0.1274,0,0.3514,0,Bayes-M17-med
Laybo,Ituri,2,FALSE,0.1494,0.1136,0.1923,0.1487,14,12,17,0.1623,6.6682,14,0.2265,0.4431,7,NA,NA,NA,NA,0.3393,0.1728,15,0.3069,0.556,0,0.4942,0,Bayes-M17-med
Niangara,Haut-Uele,2,FALSE,0.1442,0.11,0.183,0.1434,15,14,17,0.156,6.413,15,0.2185,NA,NA,NA,NA,0.5951,4,0.5512,0.2709,8,0.8031,0.4324,0,0.9691,0,Bayes-M17-med
Nyiragongo,Nord-Kivu,2,FALSE,0.1433,0.1132,0.1769,0.1427,16,14,18,0.1549,6.3654,16,0.2171,NA,NA,1.3676,5,NA,NA,0.2891,0.1412,20,0.2432,0.8764,0,0.0367,0,Bayes-M17-med
Bafwagbogbo,Tshopo,2,FALSE,0.1424,0.109,0.1806,0.1416,17,15,18,0.1539,6.3255,17,0.2158,NA,NA,NA,NA,NA,NA,0.3948,0.1916,12,0.8591,0.027,0,0.6931,0,Bayes-M17-med
Adi,Ituri,2,FALSE,0.1341,0.1034,0.1693,0.1336,18,16,22,0.1443,5.9305,18,0.2033,0.3941,8,NA,NA,NA,NA,0.3977,0.1819,13,0.2587,0.7104,0,0.6216,0,Bayes-M17-med
Rutshuru,Nord-Kivu,2,FALSE,0.1312,0.1037,0.1619,0.1307,19,17,20,0.1409,5.7896,19,0.1989,NA,NA,1.2439,6,NA,NA,0.3721,0.1664,17,0.4093,0.9942,0,0.0849,0,Bayes-M17-med
Viadana,Bas-Uele,2,FALSE,0.1306,0.0991,0.1667,0.1299,20,17,23,0.1402,5.7616,20,0.1979,NA,NA,NA,NA,NA,NA,0.6846,0.3047,6,0.9131,0.9788,0,0.8465,0,Bayes-M17-med
Kirotshe,Nord-Kivu,2,FALSE,0.1242,0.0976,0.154,0.1236,21,20,21,0.1328,5.4596,21,0.1883,NA,NA,1.173,7,NA,NA,0.3842,0.1627,18,0.3764,0.9961,0,0.1641,0,Bayes-M17-med
Alimbongo,Nord-Kivu,2,FALSE,0.1217,0.0959,0.1508,0.1212,22,21,22,0.1299,5.3399,22,0.1844,NA,NA,1.1473,8,NA,NA,0.4262,0.1768,14,0.5849,0.7471,0,0.3726,0,Bayes-M17-med
Manguredjipa,Nord-Kivu,2,FALSE,0.1159,0.092,0.1427,0.1152,23,22,24,0.1234,5.0703,23,0.1757,NA,NA,1.0894,9,NA,NA,0.3475,0.1373,21,0.778,0.0579,0,0.5541,0,Bayes-M17-med
Tshopo,Tshopo,2,FALSE,0.1088,0.0858,0.135,0.1084,24,24,25,0.1154,4.7414,24,0.1649,NA,NA,NA,NA,NA,NA,0.2466,0.0915,31,0.361,0.334,0,0.2915,0,Bayes-M17-med
Poko,Bas-Uele,2,FALSE,0.1042,0.0792,0.1326,0.1037,25,23,27,0.1102,4.5286,25,0.1579,NA,NA,NA,NA,NA,NA,0.7271,0.2583,10,0.9923,0.9517,0,0.9643,0,Bayes-M17-med
Rwanguba,Nord-Kivu,2,FALSE,0.1021,0.0802,0.1269,0.1016,26,25,26,0.10780000000000001,4.4313,26,0.1547,NA,NA,0.9521,10,NA,NA,0.2442,0.085,37,0.2085,0.7027,0,0.0656,0,Bayes-M17-med
Kamango,Nord-Kivu,2,FALSE,0.1009,0.079,0.1254,0.1003,27,26,27,0.1064,4.374,27,0.1528,NA,NA,0.9398,11,NA,NA,0.4373,0.1503,19,0.6583,0.917,0,0.1737,0,Bayes-M17-med
Kibirizi,Nord-Kivu,2,FALSE,0.0864,0.0678,0.1073,0.086,28,28,28,0.0904,3.7154,28,0.1309,NA,NA,0.7983,12,NA,NA,0.4175,0.1229,23,0.5405,0.8552,0,0.2741,0,Bayes-M17-med
Ibanda,Sud-Kivu,2,FALSE,0.0753,0.0588,0.0938,0.0748,29,29,29,0.0783,3.2184,29,0.1141,NA,NA,NA,NA,NA,NA,0.2307,0.0592,47,0.083,0.6216,0,0.2181,0,Bayes-M17-med
Nsele,Kinshasa,2,FALSE,0.074,0.058,0.092,0.0737,30,30,31,0.0769,3.1623,30,0.1121,NA,NA,NA,NA,NA,NA,0.1583,0.0399,52,0.139,0.3996,0,0.0946,0,Bayes-M17-med
Faradje,Haut-Uele,2,FALSE,0.0733,0.0568,0.0919,0.0728,31,30,31,0.0762,3.1298,31,0.111,NA,NA,NA,NA,0.2904,5,0.4474,0.1117,26,0.7606,0.666,0,0.3629,0,Bayes-M17-med
Minova,Sud-Kivu,2,FALSE,0.0703,0.0548,0.0879,0.0699,32,32,33,0.0729,2.9977,32,0.1065,NA,NA,NA,NA,NA,NA,0.3866,0.0926,29,0.4421,0.9826,0,0.1216,0,Bayes-M17-med
Ganga,Bas-Uele,2,FALSE,0.0695,0.0525,0.089,0.0691,33,32,34,0.0721,2.9628,33,0.1053,NA,NA,NA,NA,NA,NA,0.7218,0.171,16,0.9672,0.9556,0,0.9643,0,Bayes-M17-med
Gombe,Kinshasa,2,FALSE,0.0688,0.053900000000000003,0.0855,0.0685,34,32,34,0.0713,2.9319,34,0.1043,NA,NA,NA,NA,NA,NA,0.1622,0.038,53,0.0695,0.5695,0,0.0097,0,Bayes-M17-med
Mweso,Nord-Kivu,2,FALSE,0.0645,0.0502,0.0807,0.0641,35,35,36,0.0667,2.7414,35,0.0977,NA,NA,0.589,13,NA,NA,0.4189,0.0921,30,0.4498,0.9614,0,0.2645,0,Bayes-M17-med
Aba,Haut-Uele,2,FALSE,0.0642,0.0499,0.0808,0.0638,36,35,37,0.0664,2.7286,36,0.0973,NA,NA,NA,NA,0.2532,6,0.569,0.1245,22,0.6004,0.6853,0,0.9903,0,Bayes-M17-med
Banalia,Tshopo,2,FALSE,0.0621,0.0474,0.0788,0.0617,37,36,38,0.0642,2.6384,37,0.0942,NA,NA,NA,NA,NA,NA,0.4242,0.0899,33,0.7799,0.1178,0,0.7992,0,Bayes-M17-med
Masisi,Nord-Kivu,2,FALSE,0.0603,0.0469,0.0755,0.06,38,37,38,0.0623,2.5595,38,0.0914,NA,NA,0.54990000000000006,14,NA,NA,0.4402,0.0905,32,0.4324,0.9575,0,0.3707,0,Bayes-M17-med
Kadutu,Sud-Kivu,2,FALSE,0.0571,0.0446,0.0712,0.0567,39,39,40,0.0588,2.4158,39,0.0865,NA,NA,NA,NA,NA,NA,0.1636,0.0318,62,0.0579,0.3861,0,0.2104,0,Bayes-M17-med
Katana,Sud-Kivu,2,FALSE,0.0569,0.0444,0.0711,0.0566,40,39,40,0.0587,2.4106,40,0.0863,NA,NA,NA,NA,NA,NA,0.3224,0.0626,44,0.2471,0.9112,0,0.1313,0,Bayes-M17-med
Bambo,Nord-Kivu,2,FALSE,0.0546,0.0426,0.0681,0.0543,42,41,43,0.0561,2.3067,41,0.0827,NA,NA,0.4956,15,NA,NA,0.3962,0.0737,39,0.5521,0.9073,0,0.1255,0,Bayes-M17-med
Binza,Nord-Kivu,2,FALSE,0.0545,0.0424,0.0682,0.0542,42,41,44,0.0561,2.3044,42,0.0826,NA,NA,0.4951,16,NA,NA,0.3518,0.0654,41,0.471,0.8378,0,0.0985,0,Bayes-M17-med
Limete,Kinshasa,2,FALSE,0.0544,0.0426,0.0678,0.0542,43,41,44,0.056,2.3018,43,0.0825,NA,NA,NA,NA,NA,NA,0.056,0.0104,125,0.0405,0.1371,0,0.0463,0,Bayes-M17-med
Binza Ozone,Kinshasa,2,FALSE,0.0542,0.0424,0.0676,0.054,44,42,44,0.0558,2.2922,44,0.0822,NA,NA,NA,NA,NA,NA,0.152,0.0281,70,0.0734,0.5232,0,0.0116,0,Bayes-M17-med
Kabare,Sud-Kivu,2,FALSE,0.0522,0.0406,0.0654,0.0519,45,45,45,0.0537,2.2053,45,0.0791,NA,NA,NA,NA,NA,NA,0.3567,0.0635,42,0.2394,0.9884,0,0.1988,0,Bayes-M17-med
Kokolo,Kinshasa,2,FALSE,0.0486,0.0379,0.0605,0.0484,46,46,46,0.0498,2.0481,46,0.0736,NA,NA,NA,NA,NA,NA,0.2172,0.036,55,0.0772,0.7722,0,0.0193,0,Bayes-M17-med
Lingwala,Kinshasa,2,FALSE,0.0477,0.0372,0.0594,0.0474,47,47,47,0.0489,2.0088,47,0.0723,NA,NA,NA,NA,NA,NA,0.0323,0.0053,216,0.0232,0.0907,0,0.0154,0,Bayes-M17-med
Uvira,Sud-Kivu,2,FALSE,0.0459,0.0356,0.0576,0.0456,48,48,49,0.047,1.9323,48,0.0696,NA,NA,NA,NA,NA,NA,0.5502,0.0861,35,0.2181,0.9846,0,0.9981,0,Bayes-M17-med
Kinshasa,Kinshasa,2,FALSE,0.0447,0.0349,0.0557,0.0445,49,48,49,0.0458,1.8808,49,0.0678,NA,NA,NA,NA,NA,NA,0.0203,0.0031,317,0.0135,0.0463,0,0.0212,0,Bayes-M17-med
Kalamu 1,Kinshasa,2,FALSE,0.0428,0.0334,0.0533,0.0426,50,50,51,0.0437,1.7971,50,0.0648,NA,NA,NA,NA,NA,NA,0.0309,0.0045,237,0.0193,0.0734,0,0.0309,0,Bayes-M17-med
Buta,Bas-Uele,2,FALSE,0.0426,0.0325,0.054,0.0423,51,50,52,0.0435,1.7891,51,0.0645,NA,NA,NA,NA,NA,NA,0.7225,0.1049,27,0.9749,0.9923,0,0.9228,0,Bayes-M17-med
Kasa Vubu,Kinshasa,2,FALSE,0.0426,0.0332,0.0531,0.0424,52,51,52,0.0435,1.7889,52,0.0645,NA,NA,NA,NA,NA,NA,0.0444,0.0064,183,0.0309,0.1216,0,0.0251,0,Bayes-M17-med
Katoyi,Nord-Kivu,2,FALSE,0.0405,0.0314,0.0509,0.0403,53,53,54,0.0414,1.7012,53,0.0614,NA,NA,0.3655,17,NA,NA,0.4542,0.0628,43,0.4614,0.9595,0,0.3958,0,Bayes-M17-med
Lemba,Kinshasa,2,FALSE,0.0395,0.0308,0.0492,0.0393,54,53,54,0.0403,1.655,54,0.0598,NA,NA,NA,NA,NA,NA,0.1023,0.0138,107,0.0483,0.3069,0,0.0541,0,Bayes-M17-med
Masina 1,Kinshasa,2,FALSE,0.0381,0.0297,0.0475,0.0379,55,55,57,0.0388,1.5963,55,0.0577,NA,NA,NA,NA,NA,NA,0.0193,0.0025,349,0.0077,0.0077,0,0.0618,0,Bayes-M17-med
Kintambo,Kinshasa,2,FALSE,0.0377,0.0294,0.0471,0.0375,56,56,58,0.0385,1.5814,57,0.0572,NA,NA,NA,NA,NA,NA,0.0338,0.0043,245,0.0212,0.1004,0,0.0135,0,Bayes-M17-med
Walikale,Nord-Kivu,2,FALSE,0.0377,0.0292,0.0474,0.0375,57,55,57,0.0385,1.5816,56,0.0572,NA,NA,0.3398,18,NA,NA,0.5729,0.0737,38,0.9459,0.9286,0,0.417,0,Bayes-M17-med
Walungu,Sud-Kivu,2,FALSE,0.0373,0.0288,0.0469,0.0371,58,56,58,0.038,1.563,58,0.0565,NA,NA,NA,NA,NA,NA,0.3248,0.0413,50,0.1853,0.8803,0,0.2336,0,Bayes-M17-med
Ruzizi,Sud-Kivu,2,FALSE,0.036,0.0279,0.0452,0.0358,59,59,59,0.0367,1.5078,59,0.0546,NA,NA,NA,NA,NA,NA,0.5627,0.0691,40,0.3494,0.9093,0,0.9923,0,Bayes-M17-med
Masina 2,Kinshasa,2,FALSE,0.0328,0.0256,0.041,0.0327,60,60,61,0.0334,1.3727,60,0.0498,NA,NA,NA,NA,NA,NA,0.0265,0.003,322,0.0174,0.0193,0,0.0695,0,Bayes-M17-med
Bandalungwa,Kinshasa,2,FALSE,0.0328,0.0256,0.0409,0.0326,61,60,62,0.0333,1.3699,61,0.0497,NA,NA,NA,NA,NA,NA,0.0709,0.0079,153,0.0328,0.2336,0,0.0174,0,Bayes-M17-med
Fizi,Sud-Kivu,2,FALSE,0.0322,0.0248,0.0407,0.032,62,60,62,0.0328,1.3469,62,0.0488,NA,NA,NA,NA,NA,NA,0.5637,0.0619,46,0.7432,0.9691,0,0.5425,0,Bayes-M17-med
Binza Meteo,Kinshasa,2,FALSE,0.0312,0.0243,0.0389,0.031,64,63,65,0.0317,1.3029,64,0.0473,NA,NA,NA,NA,NA,NA,0.2558,0.0272,71,0.0965,0.8996,0,0.027,0,Bayes-M17-med
Kalehe,Sud-Kivu,2,FALSE,0.0312,0.0242,0.0392,0.031,64,63,64,0.0317,1.3031,63,0.0473,NA,NA,NA,NA,NA,NA,0.3369,0.0358,56,0.3417,0.8649,0,0.1409,0,Bayes-M17-med
Bengamisa,Tshopo,2,FALSE,0.031,0.0238,0.0393,0.0308,65,63,66,0.0315,1.2964,65,0.047,NA,NA,NA,NA,NA,NA,0.3012,0.0319,61,0.612,0.2162,0,0.3764,0,Bayes-M17-med
Birambizo,Nord-Kivu,2,FALSE,0.0306,0.0237,0.0384,0.0304,66,65,66,0.0311,1.2775,66,0.0464,NA,NA,0.2745,19,NA,NA,0.3625,0.0378,54,0.4035,0.89,0,0.1564,0,Bayes-M17-med
Pinga,Nord-Kivu,2,FALSE,0.0288,0.0222,0.0363,0.0286,67,67,70,0.0293,1.2026,67,0.0437,NA,NA,0.2584,20,NA,NA,0.57,0.056,48,0.9595,0.7548,0,0.5656,0,Bayes-M17-med
Bagira,Sud-Kivu,2,FALSE,0.0287,0.0223,0.0361,0.0286,68,68,69,0.0292,1.199,68,0.0436,NA,NA,NA,NA,NA,NA,0.236,0.0231,76,0.1004,0.6371,0,0.2066,0,Bayes-M17-med
Yakusu,Tshopo,2,FALSE,0.0286,0.0224,0.0357,0.0284,69,67,72,0.0291,1.1939,69,0.0434,NA,NA,NA,NA,NA,NA,0.319,0.0311,66,0.4208,0.2085,0,0.6467,0,Bayes-M17-med
Kikimi,Kinshasa,2,FALSE,0.0282,0.022,0.0352,0.028,70,68,70,0.0286,1.1757,70,0.0427,NA,NA,NA,NA,NA,NA,0.0835,0.008,152,0.056,0.1911,0,0.0869,0,Bayes-M17-med
Matete,Kinshasa,2,FALSE,0.0276,0.0215,0.0345,0.0275,72,71,73,0.028,1.1505,72,0.0418,NA,NA,NA,NA,NA,NA,0.0492,0.0046,233,0.0251,0.1158,0,0.056,0,Bayes-M17-med
Nyantende,Sud-Kivu,2,FALSE,0.0276,0.0214,0.0347,0.0274,71,70,74,0.028,1.1515,71,0.0419,NA,NA,NA,NA,NA,NA,0.3219,0.0303,67,0.1486,0.8938,0,0.2452,0,Bayes-M17-med
Barumbu,Kinshasa,2,FALSE,0.0274,0.0214,0.0342,0.0273,73,72,75,0.0278,1.1426,73,0.0415,NA,NA,NA,NA,NA,NA,0.014,0.0013,419,0.0097,0.0232,0,0.0232,0,Bayes-M17-med
Bondo,Bas-Uele,2,FALSE,0.0272,0.0212,0.034,0.0271,75,73,76,0.0276,1.1343,76,0.0412,NA,NA,NA,NA,NA,NA,0.6737,0.0625,45,0.9961,0.9981,0,0.7008,0,Bayes-M17-med
Mont Ngafula 1,Kinshasa,2,FALSE,0.0272,0.0212,0.034,0.0271,75,74,75,0.0276,1.1346,75,0.0413,NA,NA,NA,NA,NA,NA,0.2066,0.0192,82,0.1371,0.6313,0,0.0579,0,Bayes-M17-med
Isangi,Tshopo,2,FALSE,0.0272,0.0211,0.0343,0.0271,76,72,76,0.0276,1.1348,74,0.0413,NA,NA,NA,NA,NA,NA,0.3837,0.0356,57,0.4054,0.4073,0,0.722,0,Bayes-M17-med
Nyemba,Tanganyika,2,FALSE,0.0267,0.0207,0.0337,0.0266,77,77,77,0.0271,1.1144,77,0.0405,NA,NA,NA,NA,NA,NA,0.3456,0.0315,64,0.5965,0.4556,0,0.3301,0,Bayes-M17-med
Lemera,Sud-Kivu,2,FALSE,0.0262,0.0202,0.033,0.026,78,78,78,0.0265,1.0904,78,0.0397,NA,NA,NA,NA,NA,NA,0.5613,0.0501,49,0.3629,0.9015,0,0.9807,0,Bayes-M17-med
Lubutu,Maniema,2,FALSE,0.0257,0.0199,0.0324,0.0256,79,79,80,0.0261,1.0721,79,0.039,NA,NA,NA,NA,NA,NA,0.4706,0.0413,51,0.8205,0.2819,0,0.7799,0,Bayes-M17-med
Mubumbano,Sud-Kivu,2,FALSE,0.0257,0.0198,0.0323,0.0255,80,80,82,0.026,1.0691,80,0.0389,NA,NA,NA,NA,NA,NA,0.3658,0.032,59,0.2683,0.9402,0,0.2548,0,Bayes-M17-med
Mont Ngafula 2,Kinshasa,2,FALSE,0.0253,0.0197,0.0316,0.0252,81,79,81,0.0256,1.0528,81,0.0383,NA,NA,NA,NA,NA,NA,0.0951,0.0082,146,0.0849,0.2568,0,0.0386,0,Bayes-M17-med
Selembao,Kinshasa,2,FALSE,0.025,0.0195,0.0312,0.0249,82,81,82,0.0253,1.0401,82,0.0379,NA,NA,NA,NA,NA,NA,0.0676,0.0058,208,0.0444,0.1815,0,0.0444,0,Bayes-M17-med
Ndjili,Kinshasa,2,FALSE,0.0233,0.0181,0.0291,0.0231,83,83,84,0.0235,0.9677,83,0.0353,NA,NA,NA,NA,NA,NA,0.0487,0.0039,268,0.027,0.1042,0,0.0637,0,Bayes-M17-med
Kingabwa,Kinshasa,2,FALSE,0.023,0.0179,0.0287,0.0228,84,84,85,0.0232,0.9547,84,0.0348,NA,NA,NA,NA,NA,NA,0.0478,0.0037,279,0.0425,0.0965,0,0.0521,0,Bayes-M17-med
Mwana,Sud-Kivu,2,FALSE,0.0227,0.0175,0.0286,0.0225,85,83,86,0.023,0.9441,85,0.0344,NA,NA,NA,NA,NA,NA,0.3731,0.0289,69,0.2896,0.9035,0,0.2992,0,Bayes-M17-med
Ngiri Ngiri,Kinshasa,2,FALSE,0.0221,0.0172,0.0276,0.022,86,85,88,0.0223,0.9184,86,0.0335,NA,NA,NA,NA,NA,NA,0.028,0.0021,380,0.0154,0.0676,0,0.029,0,Bayes-M17-med
Kaniola,Sud-Kivu,2,FALSE,0.0217,0.0167,0.0274,0.0216,87,86,89,0.022,0.903,87,0.0329,NA,NA,NA,NA,NA,NA,0.4513,0.0334,58,0.5328,0.9305,0,0.3417,0,Bayes-M17-med
Nyangezi,Sud-Kivu,2,FALSE,0.0216,0.0167,0.0272,0.0214,88,87,89,0.0218,0.897,88,0.0327,NA,NA,NA,NA,NA,NA,0.36870000000000003,0.0271,72,0.222,0.8842,0,0.36870000000000003,0,Bayes-M17-med
Police,Kinshasa,2,FALSE,0.0214,0.0166,0.0267,0.0213,89,87,89,0.0216,0.8886,89,0.0324,NA,NA,NA,NA,NA,NA,0.0478,0.0035,295,0.0463,0.0772,0,0.0676,0,Bayes-M17-med
Bunyakiri,Sud-Kivu,2,FALSE,0.0208,0.016,0.0262,0.0206,90,90,90,0.021,0.8628,90,0.0315,NA,NA,NA,NA,NA,NA,0.4517,0.032,60,0.6197,0.832,0,0.3552,0,Bayes-M17-med
Kindu,Maniema,2,FALSE,0.0191,0.0148,0.0241,0.019,91,91,91,0.0193,0.7947,91,0.029,NA,NA,NA,NA,NA,NA,0.3181,0.0208,77,0.1351,0.2529,0,0.8842,0,Bayes-M17-med
Maluku 1,Kinshasa,2,FALSE,0.0184,0.0143,0.023,0.0183,92,92,92,0.0185,0.7618,92,0.0278,NA,NA,NA,NA,NA,NA,0.2321,0.0145,103,0.3475,0.4517,0,0.1293,0,Bayes-M17-med
Kasongo,Maniema,2,FALSE,0.0175,0.0135,0.0221,0.0174,93,93,94,0.0177,0.7265,93,0.0265,NA,NA,NA,NA,NA,NA,0.5304,0.0317,63,0.4459,0.7529,0,0.9228,0,Bayes-M17-med
Kingasani,Kinshasa,2,FALSE,0.0172,0.0134,0.0216,0.0171,94,93,94,0.0174,0.7149,94,0.0261,NA,NA,NA,NA,NA,NA,0.0294,0.0017,399,0.0058,0.0405,0,0.0714,0,Bayes-M17-med
Yabaondo,Tshopo,2,FALSE,0.0162,0.0124,0.0206,0.0161,95,95,95,0.0164,0.6727,95,0.0246,NA,NA,NA,NA,NA,NA,0.3523,0.0195,79,0.4363,0.305,0,0.668,0,Bayes-M17-med
Basoko,Tshopo,2,FALSE,0.0158,0.0122,0.0199,0.0157,96,96,96,0.016,0.6559,96,0.024,NA,NA,NA,NA,NA,NA,0.3012,0.0163,100,0.5077,0.3147,0,0.3822,0,Bayes-M17-med
Lubumbashi,Haut-Katanga,2,FALSE,0.0155,0.012,0.0194,0.0154,98,97,99,0.0156,0.6421,98,0.0235,NA,NA,NA,NA,NA,NA,0.1105,0.0058,203,0.1081,0.2104,0,0.1236,0,Bayes-M17-med
Shabunda,Sud-Kivu,2,FALSE,0.0155,0.0119,0.0197,0.0154,97,97,99,0.0156,0.6427,97,0.0235,NA,NA,NA,NA,NA,NA,0.5922,0.0313,65,0.8378,0.8726,0,0.6583,0,Bayes-M17-med
Ubundu,Tshopo,2,FALSE,0.0153,0.0117,0.0195,0.0152,99,97,100,0.0154,0.633,99,0.0232,NA,NA,NA,NA,NA,NA,0.4744,0.0247,73,0.9054,0.4305,0,0.5618,0,Bayes-M17-med
Kalemie,Tanganyika,2,FALSE,0.0151,0.0117,0.019,0.015,100,99,100,0.0152,0.6246,100,0.0229,NA,NA,NA,NA,NA,NA,0.3789,0.0195,80,0.6718,0.4575,0,0.3861,0,Bayes-M17-med
Nundu,Sud-Kivu,2,FALSE,0.0149,0.0114,0.0188,0.0148,101,101,101,0.015,0.6157,101,0.0225,NA,NA,NA,NA,NA,NA,0.5927,0.03,68,0.527,0.8494,0,0.9942,0,Bayes-M17-med
Kalonge,Sud-Kivu,2,FALSE,0.0135,0.0104,0.0171,0.0134,102,102,103,0.0136,0.5589,102,0.0205,NA,NA,NA,NA,NA,NA,0.404,0.0186,86,0.4961,0.8359,0,0.2838,0,Bayes-M17-med
Kunda,Maniema,2,FALSE,0.0132,0.0101,0.0167,0.0131,104,103,104,0.0133,0.5451,103,0.02,NA,NA,NA,NA,NA,NA,0.4165,0.0187,85,0.4633,0.2799,0,0.9228,0,Bayes-M17-med
Yamaluka,Mongala,2,FALSE,0.0131,0.0102,0.0163,0.013,106,103,106,0.0131,0.5403,106,0.0198,NA,NA,NA,NA,NA,NA,0.1974,0.0088,138,0.2799,0.1448,0,0.3649,0,Bayes-M17-med
Lisala,Mongala,2,FALSE,0.0131,0.0101,0.0166,0.013,105,104,105,0.0132,0.5422,105,0.0199,NA,NA,NA,NA,NA,NA,0.4093,0.0183,89,0.4286,0.4402,0,0.7683,0,Bayes-M17-med
Yaleko,Tshopo,2,FALSE,0.0131,0.01,0.0167,0.013,105,103,106,0.0132,0.5424,104,0.0199,NA,NA,NA,NA,NA,NA,0.402,0.018,93,0.639,0.2452,0,0.7239,0,Bayes-M17-med
Makala,Kinshasa,2,FALSE,0.012,0.0094,0.0151,0.012,107,107,108,0.0121,0.4977,107,0.0182,NA,NA,NA,NA,NA,NA,0.0246,0.001,436,0.0116,0.0386,0,0.0483,0,Bayes-M17-med
Yambuku,Mongala,2,FALSE,0.012,0.0091,0.0154,0.0119,108,107,109,0.0121,0.4958,108,0.0182,NA,NA,NA,NA,NA,NA,0.4344,0.0178,94,0.5483,0.5753,0,0.6139,0,Bayes-M17-med
Kalamu 2,Kinshasa,2,FALSE,0.0113,0.0088,0.0141,0.0112,109,108,113,0.0113,0.4651,109,0.0171,NA,NA,NA,NA,NA,NA,0.015,6e-4,451,0.0039,0.0154,0,0.0405,0,Bayes-M17-med
Saramabila,Maniema,2,FALSE,0.0112,0.0086,0.0141,0.0111,110,109,111,0.0112,0.4611,110,0.0169,NA,NA,NA,NA,NA,NA,0.4768,0.0181,92,0.473,0.5502,0,0.8842,0,Bayes-M17-med
Kaziba,Sud-Kivu,2,FALSE,0.0111,0.0086,0.0141,0.0111,111,110,111,0.0112,0.4605,111,0.0169,NA,NA,NA,NA,NA,NA,0.3571,0.0136,108,0.2876,0.7838,0,0.3571,0,Bayes-M17-med
Opienge,Tshopo,2,FALSE,0.0108,0.0081,0.014,0.0107,113,109,119,0.0108,0.4447,113,0.0163,NA,NA,NA,NA,NA,NA,0.4445,0.0163,99,0.9556,0.0135,0,0.8089,0,Bayes-M17-med
Djolu,Tshuapa,2,FALSE,0.0108,0.0082,0.0138,0.0107,113,112,114,0.0108,0.4453,112,0.0163,NA,NA,NA,NA,NA,NA,0.5256,0.0193,81,0.7104,0.5985,0,0.7934,0,Bayes-M17-med
Kitutu,Sud-Kivu,2,FALSE,0.0107,0.0082,0.0135,0.0106,114,112,114,0.0107,0.4408,114,0.0162,NA,NA,NA,NA,NA,NA,0.5024,0.0183,91,0.751,0.805,0,0.4537,0,Bayes-M17-med
Kibua,Nord-Kivu,2,FALSE,0.0105,0.0081,0.0133,0.0104,115,113,116,0.0106,0.4349,115,0.016,NA,NA,0.0934,21,NA,NA,0.5154,0.0185,87,0.7741,0.6602,0,0.6274,0,Bayes-M17-med
Kongolo,Tanganyika,2,FALSE,0.0105,0.008,0.0133,0.0104,115,115,116,0.0105,0.4329,116,0.0159,NA,NA,NA,NA,NA,NA,0.6829,0.0244,74,0.8861,0.9228,0,0.9228,0,Bayes-M17-med
Mumbunda,Haut-Katanga,2,FALSE,0.0102,0.0079,0.0128,0.0101,117,116,120,0.0102,0.4202,117,0.0154,NA,NA,NA,NA,NA,NA,0.1853,0.0064,184,0.1197,0.5077,0,0.1139,0,Bayes-M17-med
Manika,Lualaba,2,FALSE,0.0101,0.0078,0.0127,0.01,119,117,122,0.0101,0.4171,119,0.0153,NA,NA,NA,NA,NA,NA,0.1149,0.004,261,0.0946,0.222,0,0.1429,0,Bayes-M17-med
Kimbi Lulenge,Sud-Kivu,2,FALSE,0.0101,0.0078,0.0128,0.0101,118,117,119,0.0102,0.4188,118,0.0154,NA,NA,NA,NA,NA,NA,0.5507,0.019,83,0.8475,0.8687,0,0.4865,0,Bayes-M17-med
Ango,Bas-Uele,2,FALSE,0.01,0.0075,0.0128,0.0099,122,117,124,0.01,0.4114,122,0.0151,NA,NA,NA,NA,NA,NA,0.7095,0.0241,75,1,0.8591,0,0.9788,0,Bayes-M17-med
Kabinda,Lomami,2,FALSE,0.01,0.0077,0.0127,0.01,120,119,121,0.0101,0.414,120,0.0152,NA,NA,NA,NA,NA,NA,0.4382,0.015,101,0.5097,0.5541,0,0.6892,0,Bayes-M17-med
Mwenga,Sud-Kivu,2,FALSE,0.01,0.0077,0.0127,0.0099,121,120,122,0.0101,0.4134,121,0.0152,NA,NA,NA,NA,NA,NA,0.319,0.0109,120,0.5,0.3552,0,0.4208,0,Bayes-M17-med
Kalole,Sud-Kivu,2,FALSE,0.0099,0.0076,0.0125,0.0098,123,122,123,0.0099,0.408,123,0.015,NA,NA,NA,NA,NA,NA,0.6038,0.0203,78,0.89,0.7799,0,0.7452,0,Bayes-M17-med
Itebero,Nord-Kivu,2,FALSE,0.0096,0.0074,0.0121,0.0096,124,123,124,0.0097,0.3973,124,0.0146,NA,NA,0.0854,22,NA,NA,0.5574,0.0183,90,0.9112,0.722,0,0.5965,0,Bayes-M17-med
Mulungu,Sud-Kivu,2,FALSE,0.0095,0.0073,0.012,0.0094,125,125,126,0.0095,0.3913,125,0.0144,NA,NA,NA,NA,NA,NA,0.5208,0.0168,97,0.861,0.5193,0,0.7027,0,Bayes-M17-med
Yahuma,Tshopo,2,FALSE,0.0095,0.0072,0.012,0.0094,126,125,126,0.0095,0.391,126,0.0143,NA,NA,NA,NA,NA,NA,0.4402,0.0142,106,0.8649,0.332,0,0.5637,0,Bayes-M17-med
Bonzola,Kasaï-Oriental,2,FALSE,0.0093,0.0071,0.0117,0.0092,127,127,128,0.0093,0.3823,127,0.014,NA,NA,NA,NA,NA,NA,0.2958,0.0093,132,0.0927,0.7934,0,0.2973,0,Bayes-M17-med
Kamituga,Sud-Kivu,2,FALSE,0.0092,0.0071,0.0117,0.0092,128,127,128,0.0093,0.3813,128,0.014,NA,NA,NA,NA,NA,NA,0.3596,0.0113,118,0.3938,0.6062,0,0.4382,0,Bayes-M17-med
Doruma,Haut-Uele,2,FALSE,0.0087,0.0065,0.0112,0.0086,129,129,131,0.0087,0.3588,129,0.0132,NA,NA,NA,NA,0.0333,7,0.6216,0.0184,88,0.973,0.5135,0,1,0,Bayes-M17-med
Kisenso,Kinshasa,2,FALSE,0.0084,0.0065,0.0105,0.0083,132,129,134,0.0084,0.3448,132,0.0127,NA,NA,NA,NA,NA,NA,0.0589,0.0017,403,0.0367,0.139,0,0.0598,0,Bayes-M17-med
Bumba,Mongala,2,FALSE,0.0084,0.0064,0.0107,0.0083,131,130,133,0.0084,0.3458,131,0.0127,NA,NA,NA,NA,NA,NA,0.2384,0.0068,175,0.1409,0.4537,0,0.3591,0,Bayes-M17-med
Mbulula,Tanganyika,2,FALSE,0.0084,0.0065,0.0107,0.0084,131,130,131,0.0085,0.3473,130,0.0128,NA,NA,NA,NA,NA,NA,0.5934,0.017,95,0.6448,0.7761,0,0.9527,0,Bayes-M17-med
Lodja,Sankuru,2,FALSE,0.0083,0.0063,0.0105,0.0082,133,132,133,0.0083,0.3412,133,0.0125,NA,NA,NA,NA,NA,NA,0.4626,0.013,110,0.2625,0.6351,0,0.9527,0,Bayes-M17-med
Aketi,Bas-Uele,2,FALSE,0.0081,0.0062,0.0104,0.0081,134,133,137,0.0082,0.3352,134,0.0123,NA,NA,NA,NA,NA,NA,0.6762,0.0187,84,0.9903,0.9363,0,0.778,0,Bayes-M17-med
Kananga,Kasaï-Central,2,FALSE,0.0081,0.0062,0.0103,0.008,135,135,136,0.0081,0.334,136,0.0123,NA,NA,NA,NA,NA,NA,0.2963,0.0082,147,0.1429,0.5579,0,0.4846,0,Bayes-M17-med
Punia,Maniema,2,FALSE,0.0081,0.0062,0.0103,0.008,135,134,136,0.0081,0.3344,135,0.0123,NA,NA,NA,NA,NA,NA,0.3731,0.0103,127,0.7625,0.1969,0,0.5328,0,Bayes-M17-med
Biyela,Kinshasa,2,FALSE,0.0079,0.0061,0.0099,0.0078,138,134,142,0.0079,0.3247,137,0.0119,NA,NA,NA,NA,NA,NA,0.1076,0.0029,327,0.0637,0.2838,0,0.083,0,Bayes-M17-med
Kampene,Maniema,2,FALSE,0.0079,0.006,0.01,0.0078,137,137,138,0.0079,0.3246,138,0.0119,NA,NA,NA,NA,NA,NA,0.3962,0.0106,121,0.5251,0.1757,0,0.8842,0,Bayes-M17-med
Kalima,Maniema,2,FALSE,0.0078,0.006,0.0099,0.0078,139,138,140,0.0079,0.3227,139,0.0119,NA,NA,NA,NA,NA,NA,0.3094,0.0082,145,0.4595,0.3205,0,0.4575,0,Bayes-M17-med
Kabalo,Tanganyika,2,FALSE,0.0078,0.006,0.0099,0.0077,140,139,142,0.0078,0.3217,140,0.0118,NA,NA,NA,NA,NA,NA,0.624,0.0166,98,0.9035,0.7568,0,0.8359,0,Bayes-M17-med
Kipushi,Haut-Katanga,2,FALSE,0.0077,0.0059,0.0096,0.0076,142,139,145,0.0077,0.316,142,0.0116,NA,NA,NA,NA,NA,NA,0.1216,0.0032,309,0.2703,0.1081,0,0.1081,0,Bayes-M17-med
Moba,Tanganyika,2,FALSE,0.0077,0.0059,0.0098,0.0077,141,140,143,0.0078,0.3188,141,0.0117,NA,NA,NA,NA,NA,NA,0.3808,0.01,128,0.6178,0.4942,0,0.4112,0,Bayes-M17-med
Kimbanseke,Kinshasa,2,FALSE,0.0076,0.0059,0.0095,0.0075,143,141,149,0.0076,0.3127,143,0.0115,NA,NA,NA,NA,NA,NA,0.0526,0.0014,415,0.0521,0.0849,0,0.0734,0,Bayes-M17-med
Mbandaka,Equateur,2,FALSE,0.0075,0.0058,0.0094,0.0074,146,144,151,0.0075,0.3086,146,0.0113,NA,NA,NA,NA,NA,NA,0.5164,0.0132,109,0.6409,0.9633,0,0.4614,0,Bayes-M17-med
Kasansa,Kasaï-Oriental,2,FALSE,0.0075,0.0058,0.0095,0.0075,145,144,146,0.0075,0.3099,145,0.0114,NA,NA,NA,NA,NA,NA,0.3349,0.0086,140,0.2568,0.6699,0,0.4131,0,Bayes-M17-med
Gemena,Sud-Ubangi,2,FALSE,0.0075,0.0057,0.0096,0.0075,144,141,148,0.0076,0.3104,144,0.0114,NA,NA,NA,NA,NA,NA,0.3277,0.0084,141,0.1776,0.2741,0,0.8591,0,Bayes-M17-med
Tshamilemba,Haut-Katanga,2,FALSE,0.0074,0.0058,0.0094,0.0074,147,145,152,0.0075,0.3072,147,0.0113,NA,NA,NA,NA,NA,NA,0.0772,0.002,388,0.0656,0.1255,0,0.1178,0,Bayes-M17-med
Yahisuli,Tshopo,2,FALSE,0.0074,0.0057,0.0094,0.0074,148,146,149,0.0075,0.3068,148,0.0113,NA,NA,NA,NA,NA,NA,0.3521,0.0089,136,0.3842,0.0714,0,0.9527,0,Bayes-M17-med
Lolo,Mongala,2,FALSE,0.0073,0.0056,0.0094,0.0073,149,146,151,0.0074,0.3022,149,0.0111,NA,NA,NA,NA,NA,NA,0.3161,0.0079,155,0.4073,0.3263,0,0.5309,0,Bayes-M17-med
Opala,Tshopo,2,FALSE,0.0073,0.0056,0.0093,0.0072,151,148,152,0.0073,0.3011,151,0.0111,NA,NA,NA,NA,NA,NA,0.4269,0.0106,122,0.7819,0.0792,0,0.8465,0,Bayes-M17-med
Manono,Tanganyika,2,FALSE,0.0073,0.0056,0.0093,0.0073,150,149,152,0.0073,0.302,150,0.0111,NA,NA,NA,NA,NA,NA,0.5758,0.0144,104,0.8784,0.9537,0,0.471,0,Bayes-M17-med
Titule,Bas-Uele,2,FALSE,0.0072,0.0055,0.0093,0.0072,152,146,156,0.0073,0.2983,152,0.011,NA,NA,NA,NA,NA,NA,0.6839,0.0169,96,0.9865,0.8263,0,0.9228,0,Bayes-M17-med
Nyunzu,Tanganyika,2,FALSE,0.0071,0.0054,0.009,0.007,153,153,153,0.0071,0.2921,153,0.0107,NA,NA,NA,NA,NA,NA,0.6023,0.0145,102,0.9653,0.834,0,0.61,0,Bayes-M17-med
Nzaba,Kasaï-Oriental,2,FALSE,0.007,0.0054,0.0088,0.0069,155,154,155,0.007,0.2874,154,0.0106,NA,NA,NA,NA,NA,NA,0.278,0.0066,179,0.1042,0.6931,0,0.3147,0,Bayes-M17-med
Maluku 2,Kinshasa,2,FALSE,0.0069,0.0054,0.0087,0.0069,155,152,159,0.007,0.286,155,0.0105,NA,NA,NA,NA,NA,NA,0.4184,0.0099,129,0.6834,0.5463,0,0.444,0,Bayes-M17-med
Haut Plateau,Sud-Kivu,2,FALSE,0.0069,0.0053,0.0087,0.0068,157,156,157,0.0069,0.2827,157,0.0104,NA,NA,NA,NA,NA,NA,0.5246,0.0123,112,0.5714,0.5444,0,0.9826,0,Bayes-M17-med
Boende,Tshuapa,2,FALSE,0.0069,0.0052,0.0088,0.0068,156,154,160,0.0069,0.2844,156,0.0105,NA,NA,NA,NA,NA,NA,0.4199,0.0099,130,0.6988,0.4807,0,0.5,0,Bayes-M17-med
Kabongo,Haut-Lomami,2,FALSE,0.0068,0.0052,0.0086,0.0067,159,157,159,0.0068,0.2794,159,0.0103,NA,NA,NA,NA,NA,NA,0.5372,0.0124,111,0.8108,0.778,0,0.5598,0,Bayes-M17-med
Lulingu,Sud-Kivu,2,FALSE,0.0068,0.0052,0.0086,0.0067,158,158,158,0.0068,0.2803,158,0.0103,NA,NA,NA,NA,NA,NA,0.6158,0.0143,105,0.9093,0.8108,0,0.7432,0,Bayes-M17-med
Lusangi,Maniema,2,FALSE,0.0067,0.0052,0.0085,0.0067,160,160,161,0.0067,0.2769,160,0.0102,NA,NA,NA,NA,NA,NA,0.4223,0.0097,131,0.5656,0.2645,0,0.8591,0,Bayes-M17-med
Bumbu,Kinshasa,2,FALSE,0.0066,0.0051,0.0083,0.0066,161,157,167,0.0066,0.272,161,0.01,NA,NA,NA,NA,NA,NA,0.0164,4e-4,457,0.0019,0.029,0,0.0347,0,Bayes-M17-med
Mulumba,Lomami,2,FALSE,0.0066,0.0051,0.0083,0.0065,162,161,162,0.0066,0.2718,162,0.01,NA,NA,NA,NA,NA,NA,0.2587,0.0058,205,0.1834,0.3108,0,0.5405,0,Bayes-M17-med
Minembwe,Sud-Kivu,2,FALSE,0.0066,0.0051,0.0083,0.0065,163,161,163,0.0066,0.2716,163,0.01,NA,NA,NA,NA,NA,NA,0.5198,0.0117,115,0.7181,0.8089,0,0.5521,0,Bayes-M17-med
Luputa,Lomami,2,FALSE,0.0065,0.005,0.0083,0.0065,164,163,164,0.0065,0.269,164,0.0099,NA,NA,NA,NA,NA,NA,0.3431,0.0076,160,0.3301,0.3166,0,0.7259,0,Bayes-M17-med
Kamina,Haut-Lomami,2,FALSE,0.0064,0.0049,0.0082,0.0064,165,164,167,0.0065,0.2656,165,0.0098,NA,NA,NA,NA,NA,NA,0.5164,0.0113,117,0.8301,0.8301,0,0.4054,0,Bayes-M17-med
Tshilenge,Kasaï-Oriental,2,FALSE,0.0064,0.0049,0.0081,0.0064,166,165,166,0.0064,0.2649,166,0.0097,NA,NA,NA,NA,NA,NA,0.2799,0.0061,194,0.1892,0.668,0,0.2625,0,Bayes-M17-med
Mweneditu,Lomami,2,FALSE,0.0064,0.0049,0.0081,0.0064,167,166,168,0.0064,0.2643,167,0.0097,NA,NA,NA,NA,NA,NA,0.2799,0.0061,195,0.166,0.3842,0,0.5695,0,Bayes-M17-med
Idiofa,Kwilu,2,FALSE,0.0063,0.0048,0.008,0.0062,169,169,170,0.0063,0.2587,169,0.0095,NA,NA,NA,NA,NA,NA,0.486,0.0104,124,0.4537,0.749,0,0.7413,0,Bayes-M17-med
Samba,Maniema,2,FALSE,0.0063,0.0048,0.008,0.0063,168,168,170,0.0063,0.26,168,0.0096,NA,NA,NA,NA,NA,NA,0.5179,0.0111,119,0.7529,0.4344,0,0.8842,0,Bayes-M17-med
Ngaba,Kinshasa,2,FALSE,0.0062,0.0048,0.0077,0.0062,171,165,172,0.0062,0.2552,171,0.0094,NA,NA,NA,NA,NA,NA,0.014,3e-4,458,0,0.0058,0,0.0502,0,Bayes-M17-med
Lingomo,Tshuapa,2,FALSE,0.0062,0.0047,0.0079,0.0062,170,168,171,0.0062,0.2557,170,0.0094,NA,NA,NA,NA,NA,NA,0.5627,0.0119,114,0.8263,0.5869,0,0.8378,0,Bayes-M17-med
Kailo,Maniema,2,FALSE,0.006,0.0046,0.0076,0.006,172,171,172,0.006,0.248,172,0.0091,NA,NA,NA,NA,NA,NA,0.4276,0.0088,139,0.832,0.0946,0,0.7838,0,Bayes-M17-med
Tshikapa,Kasaï,2,FALSE,0.0057,0.0044,0.0072,0.0056,175,174,176,0.0057,0.2341,175,0.0086,NA,NA,NA,NA,NA,NA,0.3156,0.0061,196,0.2722,0.6506,0,0.3398,0,Bayes-M17-med
Kabeya Kamwanga,Kasaï-Oriental,2,FALSE,0.0057,0.0044,0.0073,0.0057,173,173,174,0.0058,0.2364,173,0.0087,NA,NA,NA,NA,NA,NA,0.2968,0.0058,206,0.3224,0.3919,0,0.473,0,Bayes-M17-med
Ikela,Tshuapa,2,FALSE,0.0057,0.0043,0.0073,0.0057,174,173,176,0.0057,0.2356,174,0.0087,NA,NA,NA,NA,NA,NA,0.4633,0.009,135,0.8147,0.1795,0,0.8591,0,Bayes-M17-med
Malemba Nkulu,Haut-Lomami,2,FALSE,0.0056,0.0043,0.0071,0.0055,178,177,178,0.0056,0.2295,178,0.0084,NA,NA,NA,NA,NA,NA,0.3895,0.0074,163,0.36870000000000003,0.7664,0,0.4228,0,Bayes-M17-med
Kamwesha,Kasaï,2,FALSE,0.0056,0.0043,0.0071,0.0056,176,175,177,0.0056,0.2315,176,0.0085,NA,NA,NA,NA,NA,NA,0.2732,0.0052,217,0.3456,0.2876,0,0.4595,0,Bayes-M17-med
Mondombe,Tshuapa,2,FALSE,0.0056,0.0042,0.0072,0.0055,177,175,179,0.0056,0.2297,177,0.0084,NA,NA,NA,NA,NA,NA,0.4797,0.0091,134,0.6622,0.3726,0,0.8842,0,Bayes-M17-med
Demba,Kasaï-Central,2,FALSE,0.0055,0.0042,0.0069,0.0054,179,178,179,0.0055,0.225,179,0.0083,NA,NA,NA,NA,NA,NA,0.4117,0.0077,158,0.4653,0.7143,0,0.4672,0,Bayes-M17-med
Kitenge,Haut-Lomami,2,FALSE,0.0054,0.0041,0.0069,0.0054,180,180,181,0.0054,0.223,180,0.0082,NA,NA,NA,NA,NA,NA,0.5729,0.0106,123,0.8668,0.8069,0,0.6178,0,Bayes-M17-med
Yamongili,Mongala,2,FALSE,0.0053,0.004,0.0068,0.0053,181,180,182,0.0053,0.2194,181,0.0081,NA,NA,NA,NA,NA,NA,0.3243,0.0059,202,0.5116,0.3668,0,0.4189,0,Bayes-M17-med
Kaniama,Haut-Lomami,2,FALSE,0.0052,0.004,0.0066,0.0052,183,181,183,0.0052,0.2155,183,0.0079,NA,NA,NA,NA,NA,NA,0.582,0.0104,126,0.8533,0.6622,0,0.8127,0,Bayes-M17-med
Lubao,Lomami,2,FALSE,0.0052,0.004,0.0065,0.0051,184,183,184,0.0052,0.2123,184,0.0078,NA,NA,NA,NA,NA,NA,0.3982,0.007,171,0.6486,0.1525,0,0.7915,0,Bayes-M17-med
Karawa,Nord-Ubangi,2,FALSE,0.0052,0.004,0.0067,0.0052,182,182,185,0.0053,0.2158,182,0.0079,NA,NA,NA,NA,NA,NA,0.6404,0.0114,116,0.7568,0.973,0,0.832,0,Bayes-M17-med
Mikalayi,Kasaï-Central,2,FALSE,0.0051,0.0039,0.0065,0.0051,185,184,185,0.0051,0.2116,185,0.0078,NA,NA,NA,NA,NA,NA,0.3948,0.0069,173,0.4517,0.5811,0,0.5463,0,Bayes-M17-med
Likati,Bas-Uele,2,FALSE,0.005,0.0038,0.0064,0.0049,186,186,189,0.005,0.2048,186,0.0075,NA,NA,NA,NA,NA,NA,0.7124,0.0121,113,0.9942,0.971,0,0.8842,0,Bayes-M17-med
Lusanga,Kwilu,2,FALSE,0.005,0.0038,0.0063,0.0049,187,186,189,0.005,0.204,187,0.0075,NA,NA,NA,NA,NA,NA,0.4242,0.0072,168,0.4382,0.7297,0,0.529,0,Bayes-M17-med
Diulu,Kasaï-Oriental,2,FALSE,0.0049,0.0038,0.0062,0.0049,191,188,191,0.0049,0.2014,191,0.0074,NA,NA,NA,NA,NA,NA,0.2611,0.0044,244,0.0676,0.6448,0,0.332,0,Bayes-M17-med
Lukelenge,Kasaï-Oriental,2,FALSE,0.0049,0.0038,0.0062,0.0049,189,187,190,0.0049,0.2024,189,0.0074,NA,NA,NA,NA,NA,NA,0.2249,0.0038,276,0.0811,0.5,0,0.3185,0,Bayes-M17-med
Bwamanda,Sud-Ubangi,2,FALSE,0.0049,0.0037,0.0063,0.0049,190,188,193,0.0049,0.202,190,0.0074,NA,NA,NA,NA,NA,NA,0.4667,0.0078,156,0.4189,0.7394,0,0.7085,0,Bayes-M17-med
Bokungu,Tshuapa,2,FALSE,0.0049,0.0037,0.0063,0.0049,188,187,190,0.0049,0.2034,188,0.0075,NA,NA,NA,NA,NA,NA,0.49370000000000003,0.0083,143,0.695,0.3571,0,0.9228,0,Bayes-M17-med
Luebo,Kasaï,2,FALSE,0.0048,0.0037,0.0061,0.0048,192,192,192,0.0048,0.1987,192,0.0073,NA,NA,NA,NA,NA,NA,0.4353,0.0072,169,0.5232,0.5116,0,0.7066,0,Bayes-M17-med
Ngandajika,Lomami,2,FALSE,0.0048,0.0037,0.0061,0.0048,193,191,193,0.0048,0.1982,193,0.0073,NA,NA,NA,NA,NA,NA,0.3465,0.0057,210,0.2124,0.4459,0,0.7278,0,Bayes-M17-med
Mweka,Kasaï,2,FALSE,0.0047,0.0036,0.006,0.0047,194,194,195,0.0047,0.1944,194,0.0071,NA,NA,NA,NA,NA,NA,0.5053,0.0081,148,0.4788,0.7239,0,0.8185,0,Bayes-M17-med
Cilundu,Kasaï-Oriental,2,FALSE,0.0047,0.0036,0.006,0.0047,195,194,195,0.0047,0.1943,195,0.0071,NA,NA,NA,NA,NA,NA,0.221,0.0036,287,0.2317,0.3089,0,0.3436,0,Bayes-M17-med
Bena Leka,Kasaï-Central,2,FALSE,0.0046,0.0035,0.0058,0.0045,200,200,201,0.0046,0.1877,200,0.0069,NA,NA,NA,NA,NA,NA,0.4986,0.0077,157,0.6062,0.7162,0,0.6718,0,Bayes-M17-med
Luiza,Kasaï-Central,2,FALSE,0.0046,0.0035,0.0059,0.0046,197,196,197,0.0046,0.1899,196,0.007,NA,NA,NA,NA,NA,NA,0.4218,0.0066,178,0.4807,0.6293,0,0.5772,0,Bayes-M17-med
Vanga,Kwilu,2,FALSE,0.0046,0.0035,0.0059,0.0046,197,196,198,0.0046,0.1899,197,0.007,NA,NA,NA,NA,NA,NA,0.5034,0.0079,154,0.3726,0.8205,0,0.8205,0,Bayes-M17-med
Bulungu,Kwilu,2,FALSE,0.0046,0.0035,0.0058,0.0046,199,198,199,0.0046,0.1896,199,0.007,NA,NA,NA,NA,NA,NA,0.4508,0.0071,170,0.3571,0.6795,0,0.7664,0,Bayes-M17-med
Kabambare,Maniema,2,FALSE,0.0046,0.0035,0.0058,0.0046,198,196,199,0.0046,0.1897,198,0.007,NA,NA,NA,NA,NA,NA,0.3953,0.0062,190,0.8359,0.112,0,0.6332,0,Bayes-M17-med
Masuika,Kasaï-Central,2,FALSE,0.0045,0.0035,0.0057,0.0045,201,201,202,0.0045,0.1861,201,0.0068,NA,NA,NA,NA,NA,NA,0.3885,0.006,200,0.3263,0.5618,0,0.666,0,Bayes-M17-med
Fungurume,Lualaba,2,FALSE,0.0045,0.0034,0.0057,0.0044,203,202,205,0.0045,0.1842,203,0.0068,NA,NA,NA,NA,NA,NA,0.1564,0.0024,355,0.2664,0.1622,0,0.1969,0,Bayes-M17-med
Yalimbongo,Tshopo,2,FALSE,0.0045,0.0034,0.0057,0.0044,205,204,206,0.0045,0.1833,204,0.0067,NA,NA,NA,NA,NA,NA,0.3214,0.0049,222,0.5772,0.0483,0,0.6602,0,Bayes-M17-med
Yalifafu,Tshuapa,2,FALSE,0.0045,0.0034,0.0057,0.0044,202,200,208,0.0045,0.1845,202,0.0068,NA,NA,NA,NA,NA,NA,0.4797,0.0073,164,0.7664,0.2683,0,0.8842,0,Bayes-M17-med
Bibanga,Kasaï-Oriental,2,FALSE,0.0044,0.0034,0.0056,0.0044,204,203,206,0.0045,0.1833,205,0.0067,NA,NA,NA,NA,NA,NA,0.2978,0.0045,236,0.3127,0.4884,0,0.39,0,Bayes-M17-med
Kenge,Kwango,2,FALSE,0.0044,0.0034,0.0056,0.0044,209,207,209,0.0044,0.1814,209,0.0067,NA,NA,NA,NA,NA,NA,0.5574,0.0084,142,0.6139,0.8127,0,0.8031,0,Bayes-M17-med
Lomela,Sankuru,2,FALSE,0.0044,0.0034,0.0056,0.0044,207,202,209,0.0044,0.1826,206,0.0067,NA,NA,NA,NA,NA,NA,0.4759,0.0072,167,0.8456,0.1351,0,0.9228,0,Bayes-M17-med
Tandala,Sud-Ubangi,2,FALSE,0.0044,0.0033,0.0057,0.0044,208,203,210,0.0044,0.182,208,0.0067,NA,NA,NA,NA,NA,NA,0.4078,0.0061,192,0.2741,0.527,0,0.8301,0,Bayes-M17-med
Kansimba,Tanganyika,2,FALSE,0.0044,0.0034,0.0056,0.0044,206,205,208,0.0044,0.1826,207,0.0067,NA,NA,NA,NA,NA,NA,0.5497,0.0083,144,0.9479,0.7741,0,0.4768,0,Bayes-M17-med
Bukama,Haut-Lomami,2,FALSE,0.0043,0.0033,0.0054,0.0042,212,212,212,0.0043,0.1759,212,0.0065,NA,NA,NA,NA,NA,NA,0.4764,0.0069,172,0.7143,0.7625,0,0.4286,0,Bayes-M17-med
Citenge,Kasaï-Oriental,2,FALSE,0.0043,0.0033,0.0055,0.0043,210,209,210,0.0043,0.1781,210,0.0066,NA,NA,NA,NA,NA,NA,0.2321,0.0034,299,0.1583,0.4749,0,0.2954,0,Bayes-M17-med
Kanda Kanda,Lomami,2,FALSE,0.0043,0.0033,0.0054,0.0043,211,211,211,0.0043,0.1766,211,0.0065,NA,NA,NA,NA,NA,NA,0.3012,0.0044,242,0.3185,0.1737,0,0.7124,0,Bayes-M17-med
Kikwit Nord,Kwilu,2,FALSE,0.0042,0.0032,0.0053,0.0042,215,213,217,0.0042,0.1728,215,0.0064,NA,NA,NA,NA,NA,NA,0.2915,0.0042,252,0.1236,0.5405,0,0.5019,0,Bayes-M17-med
Tshofa,Lomami,2,FALSE,0.0042,0.0032,0.0053,0.0042,213,213,215,0.0042,0.1733,213,0.0064,NA,NA,NA,NA,NA,NA,0.4416,0.0063,186,0.6757,0.3514,0,0.7394,0,Bayes-M17-med
Kalenda,Lomami,2,FALSE,0.0042,0.0032,0.0053,0.0042,216,215,216,0.0042,0.1725,216,0.0063,NA,NA,NA,NA,NA,NA,0.2886,0.0041,255,0.388,0.1873,0,0.5792,0,Bayes-M17-med
Kibombo,Maniema,2,FALSE,0.0042,0.0032,0.0053,0.0041,217,217,218,0.0042,0.1718,217,0.0063,NA,NA,NA,NA,NA,NA,0.4614,0.0066,182,0.7452,0.1776,0,0.9228,0,Bayes-M17-med
Katako Kombe,Sankuru,2,FALSE,0.0042,0.0032,0.0053,0.0042,214,213,216,0.0042,0.1732,214,0.0064,NA,NA,NA,NA,NA,NA,0.4703,0.0067,176,0.7857,0.1313,0,0.9643,0,Bayes-M17-med
Pimu,Mongala,2,FALSE,0.0041,0.0031,0.0053,0.0041,218,214,219,0.0041,0.1701,218,0.0063,NA,NA,NA,NA,NA,NA,0.4257,0.006,199,0.583,0.3707,0,0.749,0,Bayes-M17-med
Yakoma,Nord-Ubangi,2,FALSE,0.0041,0.0031,0.0052,0.004,220,219,223,0.0041,0.1674,220,0.0062,NA,NA,NA,NA,NA,NA,0.6641,0.0092,133,0.7124,0.9479,0,0.9961,0,Bayes-M17-med
Itombwe,Sud-Kivu,2,FALSE,0.0041,0.0032,0.0052,0.0041,219,218,220,0.0041,0.1697,219,0.0062,NA,NA,NA,NA,NA,NA,0.5121,0.0072,166,0.8571,0.6737,0,0.5174,0,Bayes-M17-med
Kalonda Ouest,Kasaï,2,FALSE,0.004,0.003,0.005,0.0039,225,225,225,0.004,0.1627,225,0.006,NA,NA,NA,NA,NA,NA,0.2239,0.003,321,0.2915,0.251,0,0.3533,0,Bayes-M17-med
Mukedi,Kwilu,2,FALSE,0.004,0.003,0.0051,0.004,224,222,224,0.004,0.1639,224,0.006,NA,NA,NA,NA,NA,NA,0.4836,0.0066,181,0.5367,0.7066,0,0.6911,0,Bayes-M17-med
Dilala,Lualaba,2,FALSE,0.004,0.0031,0.0051,0.004,223,221,223,0.004,0.1654,223,0.0061,NA,NA,NA,NA,NA,NA,0.1347,0.0018,395,0.1506,0.2548,0,0.1332,0,Bayes-M17-med
Bosondjo,Mongala,2,FALSE,0.004,0.0031,0.0052,0.004,222,221,226,0.004,0.1658,222,0.0061,NA,NA,NA,NA,NA,NA,0.3489,0.0048,225,0.5618,0.1931,0,0.6409,0,Bayes-M17-med
Vanga Kete,Sankuru,2,FALSE,0.004,0.0031,0.0051,0.004,221,220,222,0.0041,0.1665,221,0.0061,NA,NA,NA,NA,NA,NA,0.4503,0.0062,191,0.4672,0.4112,0,0.9228,0,Bayes-M17-med
Miabi,Kasaï-Oriental,2,FALSE,0.0039,0.003,0.005,0.0039,228,226,228,0.0039,0.1615,228,0.0059,NA,NA,NA,NA,NA,NA,0.2838,0.0038,273,0.2297,0.6525,0,0.2529,0,Bayes-M17-med
Gungu,Kwilu,2,FALSE,0.0039,0.003,0.005,0.0039,226,226,228,0.0039,0.162,226,0.006,NA,NA,NA,NA,NA,NA,0.4237,0.0057,211,0.5058,0.6969,0,0.4923,0,Bayes-M17-med
Ludimbi Lukula,Lomami,2,FALSE,0.0039,0.003,0.0049,0.0039,229,228,229,0.0039,0.1608,229,0.0059,NA,NA,NA,NA,NA,NA,0.4513,0.006,198,0.6931,0.3475,0,0.7645,0,Bayes-M17-med
Obokote,Maniema,2,FALSE,0.0039,0.003,0.005,0.0039,227,224,229,0.0039,0.1617,227,0.006,NA,NA,NA,NA,NA,NA,0.3209,0.0043,247,0.7239,0.0328,0,0.527,0,Bayes-M17-med
Mulongo,Haut-Lomami,2,FALSE,0.0038,0.0029,0.0048,0.0038,231,230,232,0.0038,0.1575,231,0.0058,NA,NA,NA,NA,NA,NA,0.4773,0.0062,189,0.7471,0.7703,0,0.3919,0,Bayes-M17-med
Muya,Kasaï-Oriental,2,FALSE,0.0038,0.0029,0.0048,0.0037,234,232,234,0.0038,0.1549,234,0.0057,NA,NA,NA,NA,NA,NA,0.2495,0.0032,308,0.0753,0.5888,0,0.334,0,Bayes-M17-med
Koshibanda,Kwilu,2,FALSE,0.0038,0.0029,0.0048,0.0037,233,233,234,0.0038,0.1552,233,0.0057,NA,NA,NA,NA,NA,NA,0.4913,0.0063,187,0.5193,0.6757,0,0.7703,0,Bayes-M17-med
Binga,Mongala,2,FALSE,0.0038,0.0029,0.0049,0.0038,232,230,237,0.0038,0.1567,232,0.0058,NA,NA,NA,NA,NA,NA,0.3306,0.0043,248,0.4749,0.249,0,0.5985,0,Bayes-M17-med
Omendjadi,Sankuru,2,FALSE,0.0038,0.0029,0.0049,0.0038,231,230,231,0.0038,0.1575,230,0.0058,NA,NA,NA,NA,NA,NA,0.4262,0.0056,214,0.5502,0.2317,0,0.9228,0,Bayes-M17-med
Luambo,Kasaï-Central,2,FALSE,0.0037,0.0028,0.0046,0.0036,242,242,243,0.0037,0.1505,242,0.0055,NA,NA,NA,NA,NA,NA,0.3769,0.0047,229,0.5347,0.5656,0,0.4073,0,Bayes-M17-med
Bipemba,Kasaï-Oriental,2,FALSE,0.0037,0.0028,0.0047,0.0037,237,235,240,0.0037,0.1528,237,0.0056,NA,NA,NA,NA,NA,NA,0.1544,0.002,390,0.0618,0.2201,0,0.3359,0,Bayes-M17-med
Lubilanji,Kasaï-Oriental,2,FALSE,0.0037,0.0029,0.0047,0.0037,235,232,237,0.0037,0.154,235,0.0057,NA,NA,NA,NA,NA,NA,0.1694,0.0022,374,0.0347,0.3398,0,0.3031,0,Bayes-M17-med
Tshishimbi,Kasaï-Oriental,2,FALSE,0.0037,0.0028,0.0047,0.0037,238,236,241,0.0037,0.1523,238,0.0056,NA,NA,NA,NA,NA,NA,0.1742,0.0022,369,0.1795,0.2471,0,0.2703,0,Bayes-M17-med
Kalambayi Kabanga,Lomami,2,FALSE,0.0037,0.0028,0.0047,0.0037,239,238,239,0.0037,0.152,239,0.0056,NA,NA,NA,NA,NA,NA,0.3132,0.0039,263,0.4556,0.1602,0,0.6371,0,Bayes-M17-med
Ototo,Sankuru,2,FALSE,0.0037,0.0028,0.0047,0.0036,240,238,241,0.0037,0.1514,240,0.0056,NA,NA,NA,NA,NA,NA,0.4561,0.0057,209,0.5386,0.3629,0,0.9228,0,Bayes-M17-med
Libenge,Sud-Ubangi,2,FALSE,0.0037,0.0028,0.0047,0.0036,241,235,246,0.0037,0.151,241,0.0056,NA,NA,NA,NA,NA,NA,0.3818,0.0048,226,0.6293,0.3591,0,0.5386,0,Bayes-M17-med
Ankoro,Tanganyika,2,FALSE,0.0037,0.0028,0.0047,0.0037,236,236,237,0.0037,0.1529,236,0.0056,NA,NA,NA,NA,NA,NA,0.6047,0.0077,159,0.9266,0.8282,0,0.6641,0,Bayes-M17-med
Tshikaji,Kasaï-Central,2,FALSE,0.0036,0.0027,0.0045,0.0035,246,245,249,0.0036,0.1472,246,0.0054,NA,NA,NA,NA,NA,NA,0.3195,0.0039,267,0.1873,0.5849,0,0.5058,0,Bayes-M17-med
Dibindi,Kasaï-Oriental,2,FALSE,0.0036,0.0028,0.0046,0.0036,244,242,244,0.0036,0.1493,244,0.0055,NA,NA,NA,NA,NA,NA,0.1617,0.002,385,0.0386,0.2954,0,0.3127,0,Bayes-M17-med
Mpokolo,Kasaï-Oriental,2,FALSE,0.0036,0.0028,0.0046,0.0036,243,240,243,0.0037,0.1502,243,0.0055,NA,NA,NA,NA,NA,NA,0.2901,0.0036,283,0.1255,0.6873,0,0.3475,0,Bayes-M17-med
Kamana,Lomami,2,FALSE,0.0036,0.0027,0.0045,0.0036,245,244,247,0.0036,0.1475,245,0.0054,NA,NA,NA,NA,NA,NA,0.2944,0.0036,284,0.5309,0.0174,0,0.6293,0,Bayes-M17-med
Monga,Bas-Uele,2,FALSE,0.0035,0.0027,0.0045,0.0035,252,245,258,0.0035,0.1448,252,0.0053,NA,NA,NA,NA,NA,NA,0.7336,0.0088,137,0.9826,0.9672,0,0.9846,0,Bayes-M17-med
Basankusu,Equateur,2,FALSE,0.0035,0.0026,0.0044,0.0034,260,256,267,0.0035,0.1423,260,0.0052,NA,NA,NA,NA,NA,NA,0.6844,0.0081,150,0.9517,0.8629,0,0.9228,0,Bayes-M17-med
Bolomba,Equateur,2,FALSE,0.0035,0.0026,0.0045,0.0035,257,250,262,0.0035,0.1435,257,0.0053,NA,NA,NA,NA,NA,NA,0.6163,0.0073,165,0.9575,0.8533,0,0.6544,0,Bayes-M17-med
Kampemba,Haut-Katanga,2,FALSE,0.0035,0.0027,0.0045,0.0035,248,247,254,0.0036,0.1459,248,0.0054,NA,NA,NA,NA,NA,NA,0.0531,6e-4,450,0.0598,0.0367,0,0.1158,0,Bayes-M17-med
Kabondo Dianda,Haut-Lomami,2,FALSE,0.0035,0.0027,0.0045,0.0035,248,247,252,0.0036,0.146,247,0.0054,NA,NA,NA,NA,NA,NA,0.4107,0.005,218,0.5888,0.5714,0,0.4826,0,Bayes-M17-med
Kansele,Kasaï-Oriental,2,FALSE,0.0035,0.0027,0.0044,0.0034,259,254,265,0.0035,0.1428,259,0.0053,NA,NA,NA,NA,NA,NA,0.2437,0.0029,328,0.0541,0.5965,0,0.3243,0,Bayes-M17-med
Matadi,Kongo-Central,2,FALSE,0.0035,0.0027,0.0045,0.0035,250,250,255,0.0035,0.1451,250,0.0053,NA,NA,NA,NA,NA,NA,0.2939,0.0035,290,0.1564,0.944,0,0.0753,0,Bayes-M17-med
Ipamu,Kwilu,2,FALSE,0.0035,0.0027,0.0045,0.0035,249,248,251,0.0036,0.1459,249,0.0054,NA,NA,NA,NA,NA,NA,0.5454,0.0066,180,0.4903,0.7683,0,0.9228,0,Bayes-M17-med
Alunguli,Maniema,2,FALSE,0.0035,0.0027,0.0044,0.0035,258,252,263,0.0035,0.1431,258,0.0053,NA,NA,NA,NA,NA,NA,0.3132,0.0037,280,0.1737,0.195,0,0.8842,0,Bayes-M17-med
Gbadolite,Nord-Ubangi,2,FALSE,0.0035,0.0026,0.0044,0.0034,261,257,267,0.0035,0.1423,261,0.0052,NA,NA,NA,NA,NA,NA,0.5183,0.0061,197,0.7915,0.9653,0,0.3166,0,Bayes-M17-med
Dikungu,Sankuru,2,FALSE,0.0035,0.0027,0.0045,0.0035,252,250,257,0.0035,0.1449,251,0.0053,NA,NA,NA,NA,NA,NA,0.3779,0.0045,235,0.4865,0.1409,0,0.8842,0,Bayes-M17-med
Minga,Sankuru,2,FALSE,0.0035,0.0027,0.0044,0.0035,255,253,259,0.0035,0.1443,254,0.0053,NA,NA,NA,NA,NA,NA,0.5347,0.0064,185,0.7838,0.471,0,0.8842,0,Bayes-M17-med
Tshumbe,Sankuru,2,FALSE,0.0035,0.0027,0.0045,0.0035,253,251,258,0.0035,0.1448,253,0.0053,NA,NA,NA,NA,NA,NA,0.3907,0.0047,230,0.5444,0.1718,0,0.8465,0,Bayes-M17-med
Bogosenubea,Sud-Ubangi,2,FALSE,0.0035,0.0027,0.0045,0.0035,254,248,260,0.0035,0.1443,255,0.0053,NA,NA,NA,NA,NA,NA,0.4107,0.0049,219,0.4981,0.3031,0,0.8417,0,Bayes-M17-med
Mompono,Tshuapa,2,FALSE,0.0035,0.0027,0.0045,0.0035,256,247,261,0.0035,0.1442,256,0.0053,NA,NA,NA,NA,NA,NA,0.5598,0.0067,177,0.8089,0.6042,0,0.8263,0,Bayes-M17-med
Bili (Bas-Uele),Bas-Uele,2,FALSE,0.0034,0.0026,0.0044,0.0034,266,260,272,0.0034,0.1403,266,0.0052,NA,NA,NA,NA,NA,NA,0.6926,0.008,151,0.9981,0.7992,0,0.973,0,Bayes-M17-med
Sakania,Haut-Katanga,2,FALSE,0.0034,0.0026,0.0044,0.0034,262,259,263,0.0034,0.1418,263,0.0052,NA,NA,NA,NA,NA,NA,0.2775,0.0033,307,0.7375,0.2355,0,0.1371,0,Bayes-M17-med
Mukanga,Haut-Lomami,2,FALSE,0.0034,0.0026,0.0043,0.0033,270,269,272,0.0034,0.1381,270,0.0051,NA,NA,NA,NA,NA,NA,0.4739,0.0054,215,0.6853,0.6911,0,0.5193,0,Bayes-M17-med
Kanzala,Kasaï,2,FALSE,0.0034,0.0026,0.0043,0.0034,265,257,267,0.0034,0.1407,265,0.0052,NA,NA,NA,NA,NA,NA,0.2046,0.0024,354,0.168,0.3127,0,0.3378,0,Bayes-M17-med
Dibaya,Kasaï-Central,2,FALSE,0.0034,0.0026,0.0043,0.0034,268,266,269,0.0034,0.1391,268,0.0051,NA,NA,NA,NA,NA,NA,0.3325,0.0038,270,0.3147,0.4479,0,0.5676,0,Bayes-M17-med
Ndekesha,Kasaï-Central,2,FALSE,0.0034,0.0026,0.0044,0.0034,262,256,265,0.0035,0.142,262,0.0052,NA,NA,NA,NA,NA,NA,0.4059,0.0048,227,0.4768,0.4498,0,0.6969,0,Bayes-M17-med
Kikwit Sud,Kwilu,2,FALSE,0.0034,0.0026,0.0043,0.0033,269,265,273,0.0034,0.1386,269,0.0051,NA,NA,NA,NA,NA,NA,0.3282,0.0038,275,0.1313,0.7008,0,0.4807,0,Bayes-M17-med
Lowa,Tshopo,2,FALSE,0.0034,0.0026,0.0043,0.0034,267,263,267,0.0034,0.1401,267,0.0052,NA,NA,NA,NA,NA,NA,0.4073,0.0047,228,0.8938,0.0598,0,0.6757,0,Bayes-M17-med
Basali,Tshopo,2,FALSE,0.0034,0.0026,0.0044,0.0034,264,259,266,0.0034,0.1416,264,0.0052,NA,NA,NA,NA,NA,NA,0.3779,0.0044,241,0.834,0.0251,0,0.6525,0,Bayes-M17-med
Yasa Bonga,Kwilu,2,FALSE,0.0033,0.0026,0.0043,0.0033,271,270,271,0.0034,0.1378,271,0.0051,NA,NA,NA,NA,NA,NA,0.4206,0.0048,224,0.3031,0.5328,0,0.8465,0,Bayes-M17-med
Ferekeni,Maniema,2,FALSE,0.0033,0.0025,0.0042,0.0033,274,271,274,0.0033,0.136,274,0.005,NA,NA,NA,NA,NA,NA,0.3504,0.0039,262,0.7722,0.0425,0,0.5869,0,Bayes-M17-med
Bosobolo,Nord-Ubangi,2,FALSE,0.0033,0.0025,0.0042,0.0033,273,270,275,0.0033,0.1364,273,0.005,NA,NA,NA,NA,NA,NA,0.7148,0.0081,149,0.9363,0.9459,0,0.9768,0,Bayes-M17-med
Befale,Tshuapa,2,FALSE,0.0033,0.0025,0.0043,0.0033,272,268,274,0.0033,0.1368,272,0.005,NA,NA,NA,NA,NA,NA,0.5145,0.0058,204,0.8822,0.4903,0,0.6853,0,Bayes-M17-med
Ruashi,Haut-Katanga,2,FALSE,0.0032,0.0025,0.0041,0.0032,277,276,281,0.0032,0.1319,277,0.0049,NA,NA,NA,NA,NA,NA,0.0705,8e-4,447,0.0985,0.0637,0,0.1197,0,Bayes-M17-med
Ilebo,Kasaï,2,FALSE,0.0032,0.0025,0.0041,0.0032,276,276,277,0.0032,0.1325,276,0.0049,NA,NA,NA,NA,NA,NA,0.3142,0.0034,298,0.2162,0.6139,0,0.4266,0,Bayes-M17-med
Katende,Kasaï-Central,2,FALSE,0.0032,0.0025,0.0041,0.0032,278,278,278,0.0032,0.1318,278,0.0049,NA,NA,NA,NA,NA,NA,0.5154,0.0056,213,0.6525,0.6486,0,0.7606,0,Bayes-M17-med
Lukonga,Kasaï-Central,2,FALSE,0.0032,0.0024,0.004,0.0032,282,279,284,0.0032,0.1306,282,0.0048,NA,NA,NA,NA,NA,NA,0.3282,0.0035,288,0.2239,0.6429,0,0.4459,0,Bayes-M17-med
Mukumbi,Kasaï-Oriental,2,FALSE,0.0032,0.0024,0.004,0.0032,281,280,282,0.0032,0.1311,281,0.0048,NA,NA,NA,NA,NA,NA,0.2249,0.0024,350,0.2413,0.1892,0,0.4691,0,Bayes-M17-med
Kisantu,Kongo-Central,2,FALSE,0.0032,0.0024,0.004,0.0032,280,279,280,0.0032,0.1313,280,0.0048,NA,NA,NA,NA,NA,NA,0.418,0.0045,234,0.5039,0.9903,0,0.1776,0,Bayes-M17-med
Mobayi Mbongo,Nord-Ubangi,2,FALSE,0.0032,0.0024,0.0041,0.0032,279,275,283,0.0032,0.1317,279,0.0048,NA,NA,NA,NA,NA,NA,0.5458,0.006,201,0.9324,0.8166,0,0.4344,0,Bayes-M17-med
Kiambi,Tanganyika,2,FALSE,0.0032,0.0025,0.0041,0.0032,275,274,276,0.0032,0.133,275,0.0049,NA,NA,NA,NA,NA,NA,0.5709,0.0063,188,0.9807,0.6834,0,0.6197,0,Bayes-M17-med
Kilwa,Haut-Katanga,2,FALSE,0.0031,0.0023,0.0039,0.003,288,286,288,0.0031,0.1258,288,0.0046,NA,NA,NA,NA,NA,NA,0.3764,0.0039,265,0.749,0.39,0,0.3668,0,Bayes-M17-med
Tshibala,Kasaï-Central,2,FALSE,0.0031,0.0024,0.0039,0.0031,286,284,287,0.0031,0.1274,286,0.0047,NA,NA,NA,NA,NA,NA,0.4218,0.0045,240,0.4266,0.5772,0,0.6834,0,Bayes-M17-med
Djuma,Kwilu,2,FALSE,0.0031,0.0024,0.004,0.0031,283,282,285,0.0032,0.1295,283,0.0048,NA,NA,NA,NA,NA,NA,0.5256,0.0056,212,0.4826,0.7355,0,0.8842,0,Bayes-M17-med
Boso Manzi,Mongala,2,FALSE,0.0031,0.0023,0.004,0.0031,285,283,287,0.0031,0.1277,285,0.0047,NA,NA,NA,NA,NA,NA,0.3982,0.0042,251,0.5695,0.2278,0,0.7954,0,Bayes-M17-med
Abuzi,Nord-Ubangi,2,FALSE,0.0031,0.0023,0.004,0.0031,287,285,289,0.0031,0.1271,287,0.0047,NA,NA,NA,NA,NA,NA,0.7153,0.0075,162,0.9846,0.9054,0,0.971,0,Bayes-M17-med
Bili (Nord-Ubangi),Nord-Ubangi,2,FALSE,0.0031,0.0024,0.004,0.0031,284,279,285,0.0031,0.1291,284,0.0048,NA,NA,NA,NA,NA,NA,0.7075,0.0076,161,0.9247,0.9189,0,0.9865,0,Bayes-M17-med
Muanda,Kongo-Central,2,FALSE,0.003,0.0023,0.0038,0.0029,291,291,292,0.003,0.1218,291,0.0045,NA,NA,NA,NA,NA,NA,0.4093,0.0041,254,0.6371,1,0,0,0,Bayes-M17-med
Masi Manimba,Kwilu,2,FALSE,0.003,0.0023,0.0038,0.003,289,288,291,0.003,0.1236,289,0.0045,NA,NA,NA,NA,NA,NA,0.4281,0.0044,243,0.332,0.4961,0,0.8842,0,Bayes-M17-med
Kalonda Est,Lomami,2,FALSE,0.003,0.0023,0.0038,0.0029,292,290,293,0.003,0.1218,292,0.0045,NA,NA,NA,NA,NA,NA,0.3292,0.0033,304,0.5425,0.1506,0,0.6236,0,Bayes-M17-med
Kungu,Sud-Ubangi,2,FALSE,0.003,0.0022,0.0038,0.0029,290,289,294,0.003,0.1218,290,0.0045,NA,NA,NA,NA,NA,NA,0.3711,0.0037,278,0.3745,0.3359,0,0.7741,0,Bayes-M17-med
Kapolowe,Haut-Katanga,2,FALSE,0.0029,0.0022,0.0037,0.0029,297,296,299,0.0029,0.1185,297,0.0044,NA,NA,NA,NA,NA,NA,0.3026,0.003,323,0.5579,0.444,0,0.2085,0,Bayes-M17-med
Kisanga,Haut-Katanga,2,FALSE,0.0029,0.0022,0.0037,0.0029,295,292,297,0.0029,0.1205,295,0.0044,NA,NA,NA,NA,NA,NA,0.1081,0.0011,432,0.1293,0.2008,0,0.1023,0,Bayes-M17-med
Yangala,Kasaï-Central,2,FALSE,0.0029,0.0022,0.0037,0.0029,294,293,294,0.0029,0.1209,294,0.0045,NA,NA,NA,NA,NA,NA,0.348,0.0035,294,0.5927,0.2259,0,0.5734,0,Bayes-M17-med
Wapinda,Nord-Ubangi,2,FALSE,0.0029,0.0022,0.0038,0.0029,293,290,297,0.0029,0.1211,293,0.0045,NA,NA,NA,NA,NA,NA,0.6791,0.0068,174,0.9015,0.8398,0,0.9749,0,Bayes-M17-med
Wembo Nyama,Sankuru,2,FALSE,0.0029,0.0022,0.0036,0.0029,299,295,300,0.0029,0.1183,299,0.0044,NA,NA,NA,NA,NA,NA,0.4097,0.004,259,0.5019,0.2143,0,0.9228,0,Bayes-M17-med
Budjala,Sud-Ubangi,2,FALSE,0.0029,0.0022,0.0037,0.0029,296,295,303,0.0029,0.1186,296,0.0044,NA,NA,NA,NA,NA,NA,0.43,0.0042,250,0.5154,0.4035,0,0.8012,0,Bayes-M17-med
Ndage,Sud-Ubangi,2,FALSE,0.0029,0.0022,0.0037,0.0029,298,296,304,0.0029,0.1185,298,0.0044,NA,NA,NA,NA,NA,NA,0.3533,0.0035,296,0.3996,0.2761,0,0.7375,0,Bayes-M17-med
Kambove,Haut-Katanga,2,FALSE,0.0028,0.0022,0.0036,0.0028,300,298,302,0.0028,0.1171,300,0.0043,NA,NA,NA,NA,NA,NA,0.306,0.003,324,0.4247,0.6236,0,0.1757,0,Bayes-M17-med
Kamonia,Kasaï,2,FALSE,0.0028,0.0021,0.0035,0.0028,307,305,308,0.0028,0.1143,307,0.0042,NA,NA,NA,NA,NA,NA,0.14,0.0013,416,0.3707,0.11,0,0.0792,0,Bayes-M17-med
Kasaji,Lualaba,2,FALSE,0.0028,0.0022,0.0036,0.0028,303,300,303,0.0028,0.1168,303,0.0043,NA,NA,NA,NA,NA,NA,0.4648,0.0045,238,0.8552,0.4923,0,0.5116,0,Bayes-M17-med
Lualaba,Lualaba,2,FALSE,0.0028,0.0022,0.0036,0.0028,302,299,302,0.0028,0.117,302,0.0043,NA,NA,NA,NA,NA,NA,0.1404,0.0014,414,0.3552,0.0347,0,0.1718,0,Bayes-M17-med
Pangi,Maniema,2,FALSE,0.0028,0.0022,0.0036,0.0028,305,302,307,0.0028,0.1154,305,0.0043,NA,NA,NA,NA,NA,NA,0.3316,0.0032,310,0.6081,0.056,0,0.6622,0,Bayes-M17-med
Loko,Nord-Ubangi,2,FALSE,0.0028,0.0021,0.0035,0.0027,308,306,311,0.0028,0.1133,308,0.0042,NA,NA,NA,NA,NA,NA,0.6535,0.0061,193,0.9402,0.9266,0,0.7471,0,Bayes-M17-med
Lusambo,Sankuru,2,FALSE,0.0028,0.0022,0.0036,0.0028,304,301,304,0.0028,0.1164,304,0.0043,NA,NA,NA,NA,NA,NA,0.4833,0.0047,232,0.6815,0.2992,0,0.9527,0,Bayes-M17-med
Bokonzi,Sud-Ubangi,2,FALSE,0.0028,0.0021,0.0036,0.0028,306,305,308,0.0028,0.1144,306,0.0042,NA,NA,NA,NA,NA,NA,0.236,0.0022,365,0.4305,0.083,0,0.4305,0,Bayes-M17-med
Boto,Sud-Ubangi,2,FALSE,0.0028,0.0022,0.0036,0.0028,301,298,306,0.0028,0.117,301,0.0043,NA,NA,NA,NA,NA,NA,0.3596,0.0035,293,0.3282,0.5174,0,0.5927,0,Bayes-M17-med
Ndjoko Mpunda,Kasaï,2,FALSE,0.0027,0.002,0.0034,0.0026,314,313,314,0.0027,0.1098,314,0.004,NA,NA,NA,NA,NA,NA,0.333,0.003,320,0.3977,0.2915,0,0.6429,0,Bayes-M17-med
Bandundu,Kwilu,2,FALSE,0.0027,0.0021,0.0035,0.0027,310,307,311,0.0027,0.1121,310,0.0041,NA,NA,NA,NA,NA,NA,0.3364,0.0031,314,0.3436,0.751,0,0.251,0,Bayes-M17-med
Mokala,Kwilu,2,FALSE,0.0027,0.002,0.0034,0.0027,313,312,313,0.0027,0.1103,313,0.0041,NA,NA,NA,NA,NA,NA,0.5118,0.0047,231,0.4228,0.6718,0,0.9527,0,Bayes-M17-med
Makota,Lomami,2,FALSE,0.0027,0.0021,0.0034,0.0027,312,309,314,0.0027,0.1103,312,0.0041,NA,NA,NA,NA,NA,NA,0.2587,0.0024,357,0.1023,0.3764,0,0.556,0,Bayes-M17-med
Kole,Sankuru,2,FALSE,0.0027,0.0021,0.0035,0.0027,309,309,310,0.0027,0.1123,309,0.0041,NA,NA,NA,NA,NA,NA,0.4802,0.0045,239,0.7761,0.2606,0,0.8842,0,Bayes-M17-med
Bulu,Sud-Ubangi,2,FALSE,0.0027,0.0021,0.0035,0.0027,311,309,314,0.0027,0.1117,311,0.0041,NA,NA,NA,NA,NA,NA,0.3147,0.0029,326,0.3649,0.1988,0,0.695,0,Bayes-M17-med
Pweto,Haut-Katanga,2,FALSE,0.0026,0.002,0.0033,0.0026,316,315,316,0.0026,0.1066,316,0.0039,NA,NA,NA,NA,NA,NA,0.3518,0.0031,316,0.7992,0.2587,0,0.3494,0,Bayes-M17-med
Bena Dibele,Sankuru,2,FALSE,0.0026,0.002,0.0033,0.0026,315,315,316,0.0026,0.1071,315,0.0039,NA,NA,NA,NA,NA,NA,0.4093,0.0036,282,0.6216,0.1564,0,0.8591,0,Bayes-M17-med
Kinkondja,Haut-Lomami,2,FALSE,0.0025,0.0019,0.0031,0.0024,325,322,325,0.0025,0.1014,325,0.0037,NA,NA,NA,NA,NA,NA,0.4889,0.0041,256,0.7278,0.6274,0,0.6004,0,Bayes-M17-med
Kakenge,Kasaï,2,FALSE,0.0025,0.0019,0.0032,0.0025,318,318,321,0.0025,0.104,318,0.0038,NA,NA,NA,NA,NA,NA,0.4522,0.0039,266,0.5753,0.4788,0,0.7548,0,Bayes-M17-med
Mikope,Kasaï,2,FALSE,0.0025,0.0019,0.0032,0.0025,322,320,323,0.0025,0.1031,322,0.0038,NA,NA,NA,NA,NA,NA,0.3996,0.0034,301,0.6776,0.2703,0,0.6506,0,Bayes-M17-med
Muetshi,Kasaï-Central,2,FALSE,0.0025,0.0019,0.0032,0.0025,317,317,320,0.0025,0.1047,317,0.0039,NA,NA,NA,NA,NA,NA,0.4792,0.0042,253,0.6158,0.5386,0,0.7625,0,Bayes-M17-med
Kimpese,Kongo-Central,2,FALSE,0.0025,0.0019,0.0032,0.0025,320,319,322,0.0025,0.1037,320,0.0038,NA,NA,NA,NA,NA,NA,0.4947,0.0042,249,0.7896,0.9768,0,0.2124,0,Bayes-M17-med
Boso Mondanda,Mongala,2,FALSE,0.0025,0.0019,0.0032,0.0025,324,321,324,0.0025,0.1021,324,0.0038,NA,NA,NA,NA,NA,NA,0.3716,0.0031,312,0.5869,0.1486,0,0.751,0,Bayes-M17-med
Businga,Nord-Ubangi,2,FALSE,0.0025,0.0019,0.0032,0.0025,323,319,326,0.0025,0.103,323,0.0038,NA,NA,NA,NA,NA,NA,0.6781,0.0058,207,0.9286,0.861,0,0.9228,0,Bayes-M17-med
Wasolo,Nord-Ubangi,2,FALSE,0.0025,0.0019,0.0032,0.0025,321,317,325,0.0025,0.1036,321,0.0038,NA,NA,NA,NA,NA,NA,0.5709,0.0049,220,0.5541,0.7413,0,0.9884,0,Bayes-M17-med
Monkoto,Tshuapa,2,FALSE,0.0025,0.0019,0.0032,0.0025,319,317,323,0.0025,0.1038,319,0.0038,NA,NA,NA,NA,NA,NA,0.5598,0.0048,223,0.9498,0.4054,0,0.8842,0,Bayes-M17-med
Ingende,Equateur,2,FALSE,0.0024,0.0018,0.0031,0.0024,329,326,331,0.0024,0.0989,329,0.0036,NA,NA,NA,NA,NA,NA,0.596,0.0049,221,0.9208,0.8571,0,0.6062,0,Bayes-M17-med
Katoka,Kasaï-Central,2,FALSE,0.0024,0.0019,0.0031,0.0024,328,324,329,0.0024,0.0996,328,0.0037,NA,NA,NA,NA,NA,NA,0.2645,0.0022,373,0.1216,0.473,0,0.4633,0,Bayes-M17-med
Tshikula,Kasaï-Central,2,FALSE,0.0024,0.0019,0.0031,0.0024,327,327,328,0.0024,0.1001,327,0.0037,NA,NA,NA,NA,NA,NA,0.3296,0.0027,335,0.3919,0.3185,0,0.6081,0,Bayes-M17-med
Lukula,Kongo-Central,2,FALSE,0.0024,0.0019,0.0031,0.0024,326,326,327,0.0024,0.1005,326,0.0037,NA,NA,NA,NA,NA,NA,0.3933,0.0033,306,0.529,0.8745,0,0.1699,0,Bayes-M17-med
Boko Kivulu,Kongo-Central,2,FALSE,0.0024,0.0018,0.003,0.0023,330,330,331,0.0024,0.0972,330,0.0036,NA,NA,NA,NA,NA,NA,0.4281,0.0034,297,0.5792,0.9324,0,0.2008,0,Bayes-M17-med
Tunda,Maniema,2,FALSE,0.0024,0.0018,0.003,0.0023,331,329,333,0.0024,0.0971,331,0.0036,NA,NA,NA,NA,NA,NA,0.459,0.0037,281,0.8977,0.0541,0,0.8842,0,Bayes-M17-med
Bilomba,Kasaï-Central,2,FALSE,0.0023,0.0017,0.0029,0.0023,338,338,338,0.0023,0.094,338,0.0035,NA,NA,NA,NA,NA,NA,0.4006,0.0031,315,0.3378,0.4421,0,0.8224,0,Bayes-M17-med
Boma,Kongo-Central,2,FALSE,0.0023,0.0018,0.0029,0.0023,337,336,337,0.0023,0.0948,337,0.0035,NA,NA,NA,NA,NA,NA,0.2901,0.0023,362,0.1467,0.9247,0,0.0888,0,Bayes-M17-med
Mbanza Ngungu,Kongo-Central,2,FALSE,0.0023,0.0018,0.0029,0.0023,336,334,336,0.0023,0.0954,336,0.0035,NA,NA,NA,NA,NA,NA,0.3711,0.0029,325,0.3205,0.9749,0,0.1892,0,Bayes-M17-med
Bagata,Kwilu,2,FALSE,0.0023,0.0018,0.0029,0.0023,335,335,335,0.0023,0.0955,335,0.0035,NA,NA,NA,NA,NA,NA,0.5135,0.0041,258,0.6795,0.695,0,0.6795,0,Bayes-M17-med
Pay Kongila,Kwilu,2,FALSE,0.0023,0.0018,0.003,0.0023,334,333,334,0.0023,0.096,334,0.0035,NA,NA,NA,NA,NA,NA,0.4488,0.0036,285,0.5135,0.6467,0,0.6351,0,Bayes-M17-med
Kapanga,Lualaba,2,FALSE,0.0023,0.0018,0.003,0.0023,332,332,333,0.0024,0.0966,332,0.0036,NA,NA,NA,NA,NA,NA,0.4112,0.0033,305,0.8514,0.3938,0,0.3996,0,Bayes-M17-med
Inongo,Mai-Ndombe,2,FALSE,0.0023,0.0018,0.003,0.0023,333,330,337,0.0023,0.0961,333,0.0035,NA,NA,NA,NA,NA,NA,0.4952,0.0039,264,0.7645,0.2934,0,0.9228,0,Bayes-M17-med
Likasi,Haut-Katanga,2,FALSE,0.0022,0.0017,0.0028,0.0022,339,339,341,0.0022,0.0923,339,0.0034,NA,NA,NA,NA,NA,NA,0.1728,0.0013,417,0.112,0.4208,0,0.1583,0,Bayes-M17-med
Dekese,Kasaï,2,FALSE,0.0022,0.0017,0.0029,0.0022,341,339,341,0.0022,0.0919,341,0.0034,NA,NA,NA,NA,NA,NA,0.4633,0.0035,291,0.9189,0.2181,0,0.7162,0,Bayes-M17-med
Panzi,Kwango,2,FALSE,0.0022,0.0017,0.0028,0.0022,340,340,340,0.0022,0.0921,340,0.0034,NA,NA,NA,NA,NA,NA,0.5236,0.004,260,0.7548,0.583,0,0.7568,0,Bayes-M17-med
Boko,Kwango,2,FALSE,0.0022,0.0017,0.0028,0.0022,344,343,344,0.0022,0.0901,344,0.0033,NA,NA,NA,NA,NA,NA,0.5121,0.0038,272,0.7336,0.61,0,0.7046,0,Bayes-M17-med
Feshi,Kwango,2,FALSE,0.0022,0.0017,0.0028,0.0022,345,345,345,0.0022,0.0896,345,0.0033,NA,NA,NA,NA,NA,NA,0.5082,0.0038,274,0.7317,0.5425,0,0.7587,0,Bayes-M17-med
Kimputu,Kwilu,2,FALSE,0.0022,0.0017,0.0028,0.0022,343,342,344,0.0022,0.0901,343,0.0033,NA,NA,NA,NA,NA,NA,0.5039,0.0038,277,0.4923,0.639,0,0.8842,0,Bayes-M17-med
Mosango,Kwilu,2,FALSE,0.0022,0.0017,0.0028,0.0022,342,342,343,0.0022,0.0903,342,0.0033,NA,NA,NA,NA,NA,NA,0.515,0.0039,269,0.5463,0.7375,0,0.7761,0,Bayes-M17-med
Sandoa,Lualaba,2,FALSE,0.0022,0.0017,0.0028,0.0022,346,346,346,0.0022,0.0893,346,0.0033,NA,NA,NA,NA,NA,NA,0.5536,0.0041,257,0.9421,0.6815,0,0.5907,0,Bayes-M17-med
Mufunga Sampwe,Haut-Katanga,2,FALSE,0.0021,0.0016,0.0026,0.0021,351,350,351,0.0021,0.0855,351,0.0032,NA,NA,NA,NA,NA,NA,0.3774,0.0027,337,0.8185,0.0888,0,0.6023,0,Bayes-M17-med
Kwilu Ngongo,Kongo-Central,2,FALSE,0.0021,0.0016,0.0027,0.0021,348,347,348,0.0021,0.088,348,0.0032,NA,NA,NA,NA,NA,NA,0.3875,0.0028,331,0.4884,0.8668,0,0.195,0,Bayes-M17-med
Kikongo,Kwilu,2,FALSE,0.0021,0.0016,0.0026,0.0021,350,350,351,0.0021,0.0856,350,0.0032,NA,NA,NA,NA,NA,NA,0.5024,0.0036,286,0.6969,0.6023,0,0.7104,0,Bayes-M17-med
Wikong,Lomami,2,FALSE,0.0021,0.0016,0.0027,0.0021,349,348,349,0.0021,0.0869,349,0.0032,NA,NA,NA,NA,NA,NA,0.3663,0.0026,339,0.2529,0.4228,0,0.7896,0,Bayes-M17-med
Bangabola,Sud-Ubangi,2,FALSE,0.0021,0.0016,0.0027,0.0021,347,347,349,0.0021,0.088,347,0.0032,NA,NA,NA,NA,NA,NA,0.3904,0.0028,330,0.3533,0.3494,0,0.8591,0,Bayes-M17-med
Makanza,Equateur,2,FALSE,0.002,0.0015,0.0025,0.002,359,355,361,0.002,0.0814,359,0.003,NA,NA,NA,NA,NA,NA,0.639,0.0043,246,0.9537,0.7954,0,0.8069,0,Bayes-M17-med
Kasenga,Haut-Katanga,2,FALSE,0.002,0.0015,0.0026,0.002,356,354,356,0.002,0.0826,356,0.003,NA,NA,NA,NA,NA,NA,0.3953,0.0027,336,0.8166,0.6255,0,0.139,0,Bayes-M17-med
Lwamba,Haut-Lomami,2,FALSE,0.002,0.0015,0.0026,0.002,353,353,353,0.002,0.0829,353,0.0031,NA,NA,NA,NA,NA,NA,0.4865,0.0033,303,0.8069,0.6409,0,0.4981,0,Bayes-M17-med
Songa,Haut-Lomami,2,FALSE,0.002,0.0015,0.0025,0.0019,361,361,361,0.002,0.0808,361,0.003,NA,NA,NA,NA,NA,NA,0.473,0.0032,311,0.9344,0.3533,0,0.6042,0,Bayes-M17-med
Kitangwa,Kasaï,2,FALSE,0.002,0.0015,0.0026,0.002,357,355,358,0.002,0.0825,357,0.003,NA,NA,NA,NA,NA,NA,0.3287,0.0022,364,0.6332,0.1062,0,0.5753,0,Bayes-M17-med
Lubunga (Kasaï-Central),Kasaï-Central,2,FALSE,0.002,0.0015,0.0025,0.002,358,357,358,0.002,0.0823,358,0.003,NA,NA,NA,NA,NA,NA,0.4599,0.0031,313,0.5637,0.4653,0,0.8108,0,Bayes-M17-med
Dilolo,Lualaba,2,FALSE,0.002,0.0015,0.0026,0.002,354,354,356,0.002,0.0827,354,0.003,NA,NA,NA,NA,NA,NA,0.3663,0.0025,348,0.8398,0.6197,0,0.0058,0,Bayes-M17-med
Kanzenze,Lualaba,2,FALSE,0.002,0.0015,0.0025,0.002,360,359,360,0.002,0.0812,360,0.003,NA,NA,NA,NA,NA,NA,0.2389,0.0016,406,0.6255,0.1429,0,0.1873,0,Bayes-M17-med
Djalo Ndjeka,Sankuru,2,FALSE,0.002,0.0015,0.0025,0.002,355,352,357,0.002,0.0826,355,0.003,NA,NA,NA,NA,NA,NA,0.3378,0.0023,360,0.3591,0.0695,0,0.9228,0,Bayes-M17-med
Mawuya,Sud-Ubangi,2,FALSE,0.002,0.0015,0.0026,0.002,352,352,359,0.002,0.084,352,0.0031,NA,NA,NA,NA,NA,NA,0.2654,0.0018,393,0.444,0.2394,0,0.3784,0,Bayes-M17-med
Bikoro,Equateur,2,FALSE,0.0019,0.0014,0.0024,0.0019,368,366,371,0.0019,0.0776,368,0.0029,NA,NA,NA,NA,NA,NA,0.5951,0.0038,271,0.8127,0.8147,0,0.7529,0,Bayes-M17-med
Wangata,Equateur,2,FALSE,0.0019,0.0015,0.0025,0.0019,362,362,363,0.002,0.0802,362,0.003,NA,NA,NA,NA,NA,NA,0.417,0.0028,333,0.2336,0.9865,0,0.4479,0,Bayes-M17-med
Mushenge,Kasaï,2,FALSE,0.0019,0.0015,0.0024,0.0019,366,364,367,0.0019,0.0791,366,0.0029,NA,NA,NA,NA,NA,NA,0.3229,0.0021,379,0.5946,0.0656,0,0.6313,0,Bayes-M17-med
Mutena,Kasaï,2,FALSE,0.0019,0.0014,0.0024,0.0018,372,370,373,0.0019,0.0763,372,0.0028,NA,NA,NA,NA,NA,NA,0.2336,0.0015,410,0.334,0.0753,0,0.5251,0,Bayes-M17-med
Lubondaie,Kasaï-Central,2,FALSE,0.0019,0.0015,0.0024,0.0019,367,366,368,0.0019,0.0788,367,0.0029,NA,NA,NA,NA,NA,NA,0.3147,0.0021,383,0.3822,0.1583,0,0.7181,0,Bayes-M17-med
Seke Banza,Kongo-Central,2,FALSE,0.0019,0.0014,0.0024,0.0019,370,369,370,0.0019,0.0769,369,0.0028,NA,NA,NA,NA,NA,NA,0.4513,0.0029,329,0.6351,0.9498,0,0.2201,0,Bayes-M17-med
Kahemba,Kwango,2,FALSE,0.0019,0.0015,0.0025,0.0019,364,364,365,0.0019,0.0796,364,0.0029,NA,NA,NA,NA,NA,NA,0.5367,0.0035,289,0.8958,0.7278,0,0.5232,0,Bayes-M17-med
Mungindu,Kwilu,2,FALSE,0.0019,0.0015,0.0025,0.0019,363,363,365,0.0019,0.0797,363,0.0029,NA,NA,NA,NA,NA,NA,0.3818,0.0025,347,0.4691,0.5367,0,0.5212,0,Bayes-M17-med
Kamiji,Lomami,2,FALSE,0.0019,0.0014,0.0024,0.0019,370,368,372,0.0019,0.0767,370,0.0028,NA,NA,NA,NA,NA,NA,0.2635,0.0017,404,0.3398,0.1293,0,0.5849,0,Bayes-M17-med
Bominenge,Sud-Ubangi,2,FALSE,0.0019,0.0015,0.0025,0.0019,365,362,367,0.0019,0.0791,365,0.0029,NA,NA,NA,NA,NA,NA,0.3258,0.0021,376,0.2819,0.0985,0,0.9228,0,Bayes-M17-med
Busanga,Tshuapa,2,FALSE,0.0019,0.0014,0.0024,0.0018,371,369,373,0.0019,0.0764,371,0.0028,NA,NA,NA,NA,NA,NA,0.4452,0.0028,332,0.6602,0.168,0,0.9527,0,Bayes-M17-med
Massa,Kongo-Central,2,FALSE,0.0018,0.0014,0.0023,0.0018,377,376,377,0.0018,0.0733,377,0.0027,NA,NA,NA,NA,NA,NA,0.4223,0.0026,345,0.668,0.9208,0,0.1004,0,Bayes-M17-med
Kimbao,Kwango,2,FALSE,0.0018,0.0014,0.0023,0.0018,376,375,376,0.0018,0.0735,376,0.0027,NA,NA,NA,NA,NA,NA,0.5743,0.0035,292,0.7201,0.7181,0,0.8591,0,Bayes-M17-med
Popokabaka,Kwango,2,FALSE,0.0018,0.0014,0.0023,0.0018,373,373,375,0.0018,0.075,373,0.0028,NA,NA,NA,NA,NA,NA,0.5507,0.0034,300,0.7703,0.7876,0,0.6448,0,Bayes-M17-med
Bongandanga,Mongala,2,FALSE,0.0018,0.0014,0.0023,0.0018,374,374,377,0.0018,0.0745,374,0.0027,NA,NA,NA,NA,NA,NA,0.4228,0.0026,342,0.7587,0.0097,0,0.9228,0,Bayes-M17-med
Pania Mutombo,Sankuru,2,FALSE,0.0018,0.0014,0.0023,0.0018,374,371,378,0.0018,0.0744,375,0.0027,NA,NA,NA,NA,NA,NA,0.4117,0.0025,346,0.7413,0.1236,0,0.7819,0,Bayes-M17-med
Mutoto,Kasaï-Central,2,FALSE,0.0017,0.0013,0.0022,0.0017,380,379,380,0.0017,0.0698,380,0.0026,NA,NA,NA,NA,NA,NA,0.3441,0.002,386,0.4575,0.361,0,0.5579,0,Bayes-M17-med
Kalamba,Lualaba,2,FALSE,0.0017,0.0013,0.0022,0.0017,379,378,379,0.0017,0.07,379,0.0026,NA,NA,NA,NA,NA,NA,0.4542,0.0026,340,0.8803,0.2375,0,0.6988,0,Bayes-M17-med
Nioki,Mai-Ndombe,2,FALSE,0.0017,0.0013,0.0021,0.0017,381,381,381,0.0017,0.0691,381,0.0025,NA,NA,NA,NA,NA,NA,0.389,0.0022,366,0.61,0.3958,0,0.5502,0,Bayes-M17-med
Wema,Tshuapa,2,FALSE,0.0017,0.0013,0.0022,0.0017,378,377,380,0.0017,0.071,378,0.0026,NA,NA,NA,NA,NA,NA,0.4469,0.0026,341,0.8494,0.1332,0,0.805,0,Bayes-M17-med
Kafubu,Haut-Katanga,2,FALSE,0.0016,0.0012,0.002,0.0016,387,387,388,0.0016,0.0655,387,0.0024,NA,NA,NA,NA,NA,NA,0.2104,0.0011,429,0.6042,0.0869,0,0.1506,0,Bayes-M17-med
Kayamba,Haut-Lomami,2,FALSE,0.0016,0.0012,0.002,0.0016,386,386,386,0.0016,0.0656,386,0.0024,NA,NA,NA,NA,NA,NA,0.4276,0.0023,359,0.7027,0.4189,0,0.5888,0,Bayes-M17-med
Bunkonde,Kasaï-Central,2,FALSE,0.0016,0.0013,0.0021,0.0016,382,382,382,0.0016,0.0672,382,0.0025,NA,NA,NA,NA,NA,NA,0.3523,0.002,387,0.4015,0.278,0,0.7297,0,Bayes-M17-med
Ndesha,Kasaï-Central,2,FALSE,0.0016,0.0012,0.002,0.0016,388,387,388,0.0016,0.0652,388,0.0024,NA,NA,NA,NA,NA,NA,0.2317,0.0013,420,0.1448,0.3456,0,0.4363,0,Bayes-M17-med
Nsona Mpangu,Kongo-Central,2,FALSE,0.0016,0.0012,0.0021,0.0016,384,383,384,0.0016,0.0667,384,0.0025,NA,NA,NA,NA,NA,NA,0.4165,0.0023,361,0.722,0.7645,0,0.1795,0,Bayes-M17-med
Wamba Lwadi,Kwango,2,FALSE,0.0016,0.0012,0.0021,0.0016,383,383,384,0.0016,0.0667,383,0.0025,NA,NA,NA,NA,NA,NA,0.5492,0.003,318,0.6467,0.8185,0,0.7317,0,Bayes-M17-med
Sia,Kwilu,2,FALSE,0.0016,0.0012,0.002,0.0016,385,385,385,0.0016,0.0661,385,0.0024,NA,NA,NA,NA,NA,NA,0.3986,0.0022,371,0.4151,0.3822,0,0.7973,0,Bayes-M17-med
Oshwe,Mai-Ndombe,2,FALSE,0.0016,0.0012,0.002,0.0015,389,389,391,0.0016,0.0639,389,0.0024,NA,NA,NA,NA,NA,NA,0.4855,0.0026,344,0.8764,0.3301,0,0.7355,0,Bayes-M17-med
Djombo,Equateur,2,FALSE,0.0015,0.0011,0.0019,0.0015,393,393,395,0.0015,0.062,393,0.0023,NA,NA,NA,NA,NA,NA,0.6554,0.0034,302,0.917,0.7819,0,0.9228,0,Bayes-M17-med
Iboko,Equateur,2,FALSE,0.0015,0.0011,0.0019,0.0014,400,397,401,0.0015,0.0597,400,0.0022,NA,NA,NA,NA,NA,NA,0.612,0.003,319,0.8282,0.7915,0,0.8282,0,Bayes-M17-med
Kikula,Haut-Katanga,2,FALSE,0.0015,0.0011,0.0019,0.0015,394,392,395,0.0015,0.0616,394,0.0023,NA,NA,NA,NA,NA,NA,0.0951,5e-4,453,0.1062,0.1139,0,0.1602,0,Bayes-M17-med
Mitwaba,Haut-Katanga,2,FALSE,0.0015,0.0011,0.0019,0.0015,397,397,400,0.0015,0.0603,397,0.0022,NA,NA,NA,NA,NA,NA,0.3528,0.0018,397,0.8012,0.0618,0,0.5483,0,Bayes-M17-med
Bulape,Kasaï,2,FALSE,0.0015,0.0011,0.0019,0.0015,394,394,395,0.0015,0.0615,395,0.0023,NA,NA,NA,NA,NA,NA,0.4315,0.0022,368,0.7066,0.1853,0,0.834,0,Bayes-M17-med
Nyanga,Kasaï,2,FALSE,0.0015,0.0012,0.002,0.0015,390,389,390,0.0015,0.0635,390,0.0023,NA,NA,NA,NA,NA,NA,0.348,0.0018,396,0.4402,0.3803,0,0.5714,0,Bayes-M17-med
Bena Tshadi,Kasaï-Central,2,FALSE,0.0015,0.0011,0.0019,0.0015,396,396,396,0.0015,0.0608,396,0.0022,NA,NA,NA,NA,NA,NA,0.472,0.0024,356,0.6699,0.3784,0,0.8398,0,Bayes-M17-med
Kangu,Kongo-Central,2,FALSE,0.0015,0.0011,0.0019,0.0014,399,399,401,0.0015,0.0599,399,0.0022,NA,NA,NA,NA,NA,NA,0.3528,0.0018,398,0.3803,0.8822,0,0.1486,0,Bayes-M17-med
Kasongo Lunda,Kwango,2,FALSE,0.0015,0.0011,0.0019,0.0015,398,397,399,0.0015,0.0602,398,0.0022,NA,NA,NA,NA,NA,NA,0.3441,0.0017,400,0.6274,0.5946,0,0.1544,0,Bayes-M17-med
Kingandu,Kwilu,2,FALSE,0.0015,0.0012,0.002,0.0015,391,390,391,0.0015,0.0631,391,0.0023,NA,NA,NA,NA,NA,NA,0.4923,0.0026,343,0.7162,0.6583,0,0.5946,0,Bayes-M17-med
Zongo,Sud-Ubangi,2,FALSE,0.0015,0.0011,0.0019,0.0015,392,392,393,0.0015,0.0624,392,0.0023,NA,NA,NA,NA,NA,NA,0.2418,0.0013,421,0.278,0.4131,0,0.2761,0,Bayes-M17-med
Lotumbe,Equateur,2,FALSE,0.0014,0.0011,0.0018,0.0014,407,405,408,0.0014,0.0574,407,0.0021,NA,NA,NA,NA,NA,NA,0.5816,0.0028,334,0.9691,0.7085,0,0.6486,0,Bayes-M17-med
Panda,Haut-Katanga,2,FALSE,0.0014,0.001,0.0017,0.0013,411,409,412,0.0014,0.0559,411,0.0021,NA,NA,NA,NA,NA,NA,0.2027,9e-4,437,0.1622,0.4826,0,0.166,0,Bayes-M17-med
Lukafu,Haut-Katanga,2,FALSE,0.0014,0.0011,0.0018,0.0014,408,407,409,0.0014,0.0572,408,0.0021,NA,NA,NA,NA,NA,NA,0.4015,0.0019,391,0.888,0.3243,0,0.3938,0,Bayes-M17-med
Kalomba,Kasaï-Central,2,FALSE,0.0014,0.0011,0.0018,0.0014,404,402,404,0.0014,0.0587,404,0.0022,NA,NA,NA,NA,NA,NA,0.2944,0.0014,411,0.3166,0.1467,0,0.7143,0,Bayes-M17-med
Ngidinga,Kongo-Central,2,FALSE,0.0014,0.0011,0.0018,0.0014,406,406,407,0.0014,0.0577,406,0.0021,NA,NA,NA,NA,NA,NA,0.4488,0.0021,375,0.6544,0.7432,0,0.3977,0,Bayes-M17-med
Moanza,Kwilu,2,FALSE,0.0014,0.001,0.0017,0.0014,411,410,411,0.0014,0.0559,410,0.0021,NA,NA,NA,NA,NA,NA,0.52,0.0024,352,0.5985,0.529,0,0.9527,0,Bayes-M17-med
Kafakumba,Lualaba,2,FALSE,0.0014,0.0011,0.0018,0.0014,405,405,406,0.0014,0.0577,405,0.0021,NA,NA,NA,NA,NA,NA,0.4648,0.0022,367,0.8687,0.2027,0,0.7876,0,Bayes-M17-med
Banzow Moke,Mai-Ndombe,2,FALSE,0.0014,0.001,0.0017,0.0013,412,410,413,0.0014,0.0558,412,0.0021,NA,NA,NA,NA,NA,NA,0.5236,0.0024,351,0.6892,0.5212,0,0.8842,0,Bayes-M17-med
Kiri,Mai-Ndombe,2,FALSE,0.0014,0.001,0.0018,0.0014,409,408,411,0.0014,0.0566,409,0.0021,NA,NA,NA,NA,NA,NA,0.5685,0.0027,338,0.8745,0.4768,0,0.9228,0,Bayes-M17-med
Kwamouth,Mai-Ndombe,2,FALSE,0.0014,0.0011,0.0018,0.0014,401,400,403,0.0014,0.0594,401,0.0022,NA,NA,NA,NA,NA,NA,0.43,0.0021,378,0.8707,0.417,0,0.4324,0,Bayes-M17-med
Mushie,Mai-Ndombe,2,FALSE,0.0014,0.0011,0.0018,0.0014,403,402,403,0.0014,0.0591,403,0.0022,NA,NA,NA,NA,NA,NA,0.4291,0.0021,381,0.7394,0.3649,0,0.612,0,Bayes-M17-med
Tshudi Loto,Sankuru,2,FALSE,0.0014,0.0011,0.0018,0.0014,402,398,404,0.0014,0.0593,402,0.0022,NA,NA,NA,NA,NA,NA,0.4237,0.0021,382,0.7683,0.0039,0,0.9228,0,Bayes-M17-med
Kenya,Haut-Katanga,2,FALSE,0.0013,0.001,0.0017,0.0013,416,414,416,0.0013,0.0542,416,0.002,NA,NA,NA,NA,NA,NA,0.0569,3e-4,459,0.11,0.0116,0,0.1062,0,Bayes-M17-med
Inga,Kongo-Central,2,FALSE,0.0013,0.001,0.0017,0.0013,417,416,417,0.0013,0.0537,417,0.002,NA,NA,NA,NA,NA,NA,0.3847,0.0017,401,0.5212,0.8243,0,0.1931,0,Bayes-M17-med
Gombe Matadi,Kongo-Central,2,FALSE,0.0013,0.001,0.0017,0.0013,414,414,415,0.0013,0.0545,414,0.002,NA,NA,NA,NA,NA,NA,0.4151,0.0019,392,0.6911,0.7857,0,0.1834,0,Bayes-M17-med
Lubudi,Lualaba,2,FALSE,0.0013,0.001,0.0017,0.0013,413,412,414,0.0013,0.0549,413,0.002,NA,NA,NA,NA,NA,NA,0.4667,0.0021,377,0.9151,0.4614,0,0.4903,0,Bayes-M17-med
Mbaya,Sud-Ubangi,2,FALSE,0.0013,0.001,0.0017,0.0013,415,413,417,0.0013,0.0544,415,0.002,NA,NA,NA,NA,NA,NA,0.3142,0.0014,413,0.3514,0.2239,0,0.6815,0,Bayes-M17-med
Lukolela,Equateur,2,FALSE,0.0012,9e-4,0.0016,0.0012,423,422,423,0.0012,0.0499,423,0.0018,NA,NA,NA,NA,NA,NA,0.5787,0.0024,353,0.944,0.9151,0,0.4556,0,Bayes-M17-med
Luozi,Kongo-Central,2,FALSE,0.0012,9e-4,0.0016,0.0012,422,422,423,0.0012,0.0502,422,0.0019,NA,NA,NA,NA,NA,NA,0.5241,0.0022,372,0.7355,0.8861,0,0.4749,0,Bayes-M17-med
Kisanji,Kwango,2,FALSE,0.0012,9e-4,0.0015,0.0012,424,424,424,0.0012,0.0489,424,0.0018,NA,NA,NA,NA,NA,NA,0.5574,0.0023,363,0.8417,0.6544,0,0.7336,0,Bayes-M17-med
Ntandembelo,Mai-Ndombe,2,FALSE,0.0012,9e-4,0.0016,0.0012,418,418,418,0.0013,0.0514,418,0.0019,NA,NA,NA,NA,NA,NA,0.4595,0.002,389,0.6023,0.4633,0,0.7722,0,Bayes-M17-med
Yumbi,Mai-Ndombe,2,FALSE,0.0012,9e-4,0.0016,0.0012,419,419,419,0.0012,0.0513,419,0.0019,NA,NA,NA,NA,NA,NA,0.2741,0.0012,427,0.4131,0.4015,0,0.2819,0,Bayes-M17-med
Bolobo,Mai-Ndombe,2,FALSE,0.0012,9e-4,0.0016,0.0012,420,420,421,0.0012,0.0508,420,0.0019,NA,NA,NA,NA,NA,NA,0.3388,0.0014,412,0.6313,0.4981,0,0.2259,0,Bayes-M17-med
Bosobe,Mai-Ndombe,2,FALSE,0.0012,9e-4,0.0016,0.0012,421,420,421,0.0012,0.0506,421,0.0019,NA,NA,NA,NA,NA,NA,0.4406,0.0018,394,0.4942,0.4093,0,0.8591,0,Bayes-M17-med
Monieka,Equateur,2,FALSE,0.0011,9e-4,0.0015,0.0011,425,425,426,0.0011,0.0472,425,0.0017,NA,NA,NA,NA,NA,NA,0.596,0.0023,358,0.9768,0.7336,0,0.6737,0,Bayes-M17-med
Butumba,Haut-Lomami,2,FALSE,0.0011,8e-4,0.0014,0.0011,429,428,429,0.0011,0.0448,429,0.0017,NA,NA,NA,NA,NA,NA,0.4595,0.0017,402,0.7973,0.4151,0,0.6255,0,Bayes-M17-med
Banga Lubaka,Kasaï,2,FALSE,0.0011,9e-4,0.0014,0.0011,426,425,426,0.0011,0.0467,426,0.0017,NA,NA,NA,NA,NA,NA,0.3205,0.0012,423,0.5174,0.0444,0,0.7201,0,Bayes-M17-med
Nzanza,Kongo-Central,2,FALSE,0.0011,8e-4,0.0014,0.0011,430,429,430,0.0011,0.0444,430,0.0016,NA,NA,NA,NA,NA,NA,0.2172,8e-4,445,0.0888,0.6892,0,0.0907,0,Bayes-M17-med
Kimvula,Kongo-Central,2,FALSE,0.0011,9e-4,0.0014,0.0011,427,426,427,0.0011,0.0465,427,0.0017,NA,NA,NA,NA,NA,NA,0.569,0.0022,370,0.8629,0.8784,0,0.5347,0,Bayes-M17-med
Mwela Lembwa,Kwango,2,FALSE,0.0011,8e-4,0.0013,0.0011,431,431,431,0.0011,0.0435,431,0.0016,NA,NA,NA,NA,NA,NA,0.4397,0.0016,407,0.6506,0.3224,0,0.7857,0,Bayes-M17-med
Pendjwa,Mai-Ndombe,2,FALSE,0.0011,8e-4,0.0014,0.0011,428,428,430,0.0011,0.0454,428,0.0017,NA,NA,NA,NA,NA,NA,0.4319,0.0016,405,0.7008,0.2124,0,0.8147,0,Bayes-M17-med
Bomongo,Equateur,2,FALSE,0.001,8e-4,0.0013,0.001,433,432,433,0.001,0.0411,433,0.0015,NA,NA,NA,NA,NA,NA,0.5907,0.002,384,0.9788,0.8475,0,0.5367,0,Bayes-M17-med
Kizu,Kongo-Central,2,FALSE,0.001,7e-4,0.0012,0.001,434,434,434,0.001,0.0399,434,0.0015,NA,NA,NA,NA,NA,NA,0.3113,0.001,434,0.2973,0.8707,0,0.0772,0,Bayes-M17-med
Kimpangu,Kongo-Central,2,FALSE,0.001,8e-4,0.0013,0.001,432,432,433,0.001,0.0417,432,0.0015,NA,NA,NA,NA,NA,NA,0.4488,0.0016,408,0.7085,0.9344,0,0.1525,0,Bayes-M17-med
Katuba,Haut-Katanga,2,FALSE,9e-4,7e-4,0.0011,9e-4,440,440,442,9e-4,0.0359,440,0.0013,NA,NA,NA,NA,NA,NA,0.0463,1e-4,462,0.0502,0.0309,0,0.1042,0,Bayes-M17-med
Kinda,Haut-Lomami,2,FALSE,9e-4,7e-4,0.0011,9e-4,442,441,442,9e-4,0.0357,442,0.0013,NA,NA,NA,NA,NA,NA,0.5077,0.0015,409,0.9884,0.4266,0,0.6158,0,Bayes-M17-med
Kuimba,Kongo-Central,2,FALSE,9e-4,7e-4,0.0011,9e-4,441,440,443,9e-4,0.0358,441,0.0013,NA,NA,NA,NA,NA,NA,0.3069,9e-4,440,0.3784,0.8456,0,0.0039,0,Bayes-M17-med
Tshela,Kongo-Central,2,FALSE,9e-4,7e-4,0.0012,9e-4,437,437,437,9e-4,0.0378,437,0.0014,NA,NA,NA,NA,NA,NA,0.3282,0.001,435,0.417,0.888,0,0.0077,0,Bayes-M17-med
Mangembo,Kongo-Central,2,FALSE,9e-4,7e-4,0.0012,9e-4,435,435,436,9e-4,0.0379,435,0.0014,NA,NA,NA,NA,NA,NA,0.3726,0.0012,426,0.5598,0.6641,0,0.2664,0,Bayes-M17-med
Nselo,Kongo-Central,2,FALSE,9e-4,7e-4,0.0011,9e-4,439,439,439,9e-4,0.037,439,0.0014,NA,NA,NA,NA,NA,NA,0.374,0.0011,428,0.6564,0.5347,0,0.305,0,Bayes-M17-med
Kajiji,Kwango,2,FALSE,9e-4,7e-4,0.0012,9e-4,438,438,438,9e-4,0.0373,438,0.0014,NA,NA,NA,NA,NA,NA,0.3533,0.0011,431,0.7934,0.1544,0,0.4653,0,Bayes-M17-med
Kitenda,Kwango,2,FALSE,9e-4,7e-4,0.0012,9e-4,436,435,436,9e-4,0.0379,436,0.0014,NA,NA,NA,NA,NA,NA,0.376,0.0012,425,0.6641,0.4247,0,0.4151,0,Bayes-M17-med
Kashobwe,Haut-Katanga,2,FALSE,8e-4,6e-4,0.001,8e-4,446,446,446,8e-4,0.0326,446,0.0012,NA,NA,NA,NA,NA,NA,0.3243,9e-4,442,0.805,0.3012,0,0.1911,0,Bayes-M17-med
Baka,Haut-Lomami,2,FALSE,8e-4,7e-4,0.0011,8e-4,443,441,444,8e-4,0.0347,443,0.0013,NA,NA,NA,NA,NA,NA,0.4319,0.0012,422,0.4344,0.8919,0,0.4015,0,Bayes-M17-med
Boma Bungu,Kongo-Central,2,FALSE,8e-4,6e-4,0.001,8e-4,445,444,445,8e-4,0.0339,445,0.0012,NA,NA,NA,NA,NA,NA,0.3209,9e-4,441,0.5811,0.5676,0,0.1351,0,Bayes-M17-med
Kinkonzi,Kongo-Central,2,FALSE,8e-4,6e-4,0.0011,8e-4,444,443,444,8e-4,0.0341,444,0.0013,NA,NA,NA,NA,NA,NA,0.4252,0.0012,424,0.6236,0.8958,0,0.1815,0,Bayes-M17-med
Sona Bata,Kongo-Central,2,FALSE,8e-4,6e-4,0.001,8e-4,447,447,447,8e-4,0.0317,447,0.0012,NA,NA,NA,NA,NA,NA,0.43,0.0011,430,0.7259,0.7896,0,0.2046,0,Bayes-M17-med
Bolenge,Equateur,2,FALSE,7e-4,5e-4,9e-4,7e-4,451,451,451,7e-4,0.0294,451,0.0011,NA,NA,NA,NA,NA,NA,0.5391,0.0013,418,0.7954,0.8514,0,0.5097,0,Bayes-M17-med
Kilela Balanda,Haut-Katanga,2,FALSE,7e-4,6e-4,9e-4,7e-4,449,449,449,7e-4,0.0302,449,0.0011,NA,NA,NA,NA,NA,NA,0.3132,8e-4,446,0.9228,0.0927,0,0.2375,0,Bayes-M17-med
Tembo,Kwango,2,FALSE,7e-4,6e-4,9e-4,7e-4,448,448,448,7e-4,0.0305,448,0.0011,NA,NA,NA,NA,NA,NA,0.3205,8e-4,444,0.7876,0.3977,0,0.0965,0,Bayes-M17-med
Bunkeya,Lualaba,2,FALSE,7e-4,6e-4,9e-4,7e-4,450,450,450,7e-4,0.03,450,0.0011,NA,NA,NA,NA,NA,NA,0.4218,0.001,433,0.8243,0.5019,0,0.361,0,Bayes-M17-med
Bobozo,Kasaï-Central,2,FALSE,6e-4,5e-4,8e-4,6e-4,453,453,453,6e-4,0.0247,453,9e-4,NA,NA,NA,NA,NA,NA,0.2336,5e-4,454,0.1602,0.2857,0,0.4884,0,Bayes-M17-med
Vaku,Kongo-Central,2,FALSE,6e-4,5e-4,8e-4,6e-4,452,452,452,6e-4,0.0264,452,0.001,NA,NA,NA,NA,NA,NA,0.4194,9e-4,439,0.5676,0.9421,0,0.168,0,Bayes-M17-med
Mampoko,Equateur,2,FALSE,5e-4,4e-4,6e-4,5e-4,456,455,456,5e-4,0.0198,456,7e-4,NA,NA,NA,NA,NA,NA,0.5135,8e-4,443,0.8919,0.5058,0,0.6564,0,Bayes-M17-med
Vangu,Haut-Katanga,2,FALSE,5e-4,4e-4,7e-4,5e-4,454,454,454,5e-4,0.0217,454,8e-4,NA,NA,NA,NA,NA,NA,0.1081,2e-4,460,0.1158,0.1699,0,0.1467,0,Bayes-M17-med
Kibunzi,Kongo-Central,2,FALSE,5e-4,4e-4,6e-4,5e-4,455,455,456,5e-4,0.0199,455,7e-4,NA,NA,NA,NA,NA,NA,0.4175,7e-4,448,0.7046,0.5251,0,0.4402,0,Bayes-M17-med
Ntondo,Equateur,2,FALSE,4e-4,3e-4,6e-4,4e-4,457,457,457,4e-4,0.0185,457,7e-4,NA,NA,NA,NA,NA,NA,0.6125,9e-4,438,0.8996,0.7259,0,0.8243,0,Bayes-M17-med
Mutshatsha,Lualaba,2,FALSE,4e-4,3e-4,5e-4,4e-4,459,458,459,4e-4,0.0162,459,6e-4,NA,NA,NA,NA,NA,NA,0.3808,5e-4,452,0.971,0.1023,0,0.4498,0,Bayes-M17-med
Mimia,Mai-Ndombe,2,FALSE,4e-4,3e-4,5e-4,4e-4,458,458,459,4e-4,0.0163,458,6e-4,NA,NA,NA,NA,NA,NA,0.4841,7e-4,449,0.9614,0.0521,0,0.9228,0,Bayes-M17-med
Lilanga Bobangi,Equateur,2,FALSE,3e-4,2e-4,4e-4,3e-4,460,460,460,3e-4,0.0124,460,5e-4,NA,NA,NA,NA,NA,NA,0.4117,4e-4,455,0.9382,0.2664,0,0.4421,0,Bayes-M17-med
Irebu,Equateur,2,FALSE,2e-4,2e-4,3e-4,2e-4,461,461,463,2e-4,0.0089,461,3e-4,NA,NA,NA,NA,NA,NA,0.5473,4e-4,456,0.9305,0.6776,0,0.5811,0,Bayes-M17-med
Kamalondo,Haut-Katanga,2,FALSE,2e-4,2e-4,3e-4,2e-4,463,462,463,2e-4,0.0086,463,3e-4,NA,NA,NA,NA,NA,NA,0.0352,0,464,0.029,0.0019,0,0.11,0,Bayes-M17-med
Kowe,Haut-Katanga,2,FALSE,2e-4,2e-4,3e-4,2e-4,462,461,462,2e-4,0.0087,462,3e-4,NA,NA,NA,NA,NA,NA,0.07,1e-4,463,0.0714,0.0811,0,0.1274,0,Bayes-M17-med
Kitona,Kongo-Central,2,FALSE,2e-4,1e-4,2e-4,2e-4,464,464,464,2e-4,0.0064,464,2e-4,NA,NA,NA,NA,NA,NA,0.293,2e-4,461,0.5907,0.5792,0,0.0019,0,Bayes-M17-med
Bokoro,Mai-Ndombe,2,FALSE,0,0,0,0,465,465,465,0,2e-4,465,0,NA,NA,NA,NA,NA,NA,0.471,0,465,0.6873,0.5097,0,0.6873,0,Bayes-M17-med
Idjwi,Sud-Kivu,2,FALSE,0,0,0,0,466,466,466,0,0,466,0,NA,NA,NA,NA,NA,NA,0.3007,0,466,0.2992,0.8224,0,0.0811,0,Bayes-M17-med
Boma Mangbetu,Haut-Uele,2,TRUE,NA,NA,NA,NA,NA,NA,NA,NA,NA,NA,NA,NA,NA,NA,NA,NA,NA,0.4122,NA,NA,0.2857,0.5039,0,0.8591,0,Bayes-M17-med
Gombari,Haut-Uele,2,TRUE,NA,NA,NA,NA,NA,NA,NA,NA,NA,NA,NA,NA,NA,NA,NA,NA,NA,0.5772,NA,NA,0.9633,0.8012,0,0.5444,0,Bayes-M17-med
Isiro,Haut-Uele,2,TRUE,NA,NA,NA,NA,NA,NA,NA,NA,NA,NA,NA,NA,NA,NA,NA,NA,NA,0.5253,NA,NA,0.39,0.7587,0,0.9527,0,Bayes-M17-med
Pawa,Haut-Uele,2,TRUE,NA,NA,NA,NA,NA,NA,NA,NA,NA,NA,NA,NA,NA,NA,NA,NA,NA,0.4315,NA,NA,0.2934,0.5734,0,0.8591,0,Bayes-M17-med
Rungu,Haut-Uele,2,TRUE,NA,NA,NA,NA,NA,NA,NA,NA,NA,NA,NA,NA,NA,NA,NA,NA,NA,0.6474,NA,NA,0.8224,0.8031,0,0.9643,0,Bayes-M17-med
Wamba,Haut-Uele,2,TRUE,NA,NA,NA,NA,NA,NA,NA,NA,NA,NA,NA,NA,NA,NA,NA,NA,NA,0.4817,NA,NA,0.6737,0.4363,0,0.8166,0,Bayes-M17-med
Adja,Ituri,2,TRUE,NA,NA,NA,NA,NA,NA,NA,NA,NA,NA,NA,NA,NA,NA,NA,NA,NA,0.2645,NA,NA,0.249,0.4286,0,0.3803,0,Bayes-M17-med
Ariwara,Ituri,2,TRUE,NA,NA,NA,NA,NA,NA,NA,NA,NA,NA,NA,NA,NA,NA,NA,NA,NA,0.2862,NA,NA,0.1988,0.6988,0,0.2471,0,Bayes-M17-med
Aru,Ituri,2,TRUE,NA,NA,NA,NA,NA,NA,NA,NA,NA,NA,NA,NA,NA,NA,NA,NA,NA,0.3528,NA,NA,0.3012,0.8417,0,0.2683,0,Bayes-M17-med
Aungba,Ituri,2,TRUE,NA,NA,NA,NA,NA,NA,NA,NA,NA,NA,NA,NA,NA,NA,NA,NA,NA,0.3354,NA,NA,0.3108,0.6564,0,0.3745,0,Bayes-M17-med
Kambala,Ituri,2,TRUE,NA,NA,NA,NA,NA,NA,NA,NA,NA,NA,NA,NA,NA,NA,NA,NA,NA,0.347,NA,NA,0.3668,0.612,0,0.4093,0,Bayes-M17-med
Logo,Ituri,2,TRUE,NA,NA,NA,NA,NA,NA,NA,NA,NA,NA,NA,NA,NA,NA,NA,NA,NA,0.2384,NA,NA,0.1757,0.5927,0,0.1853,0,Bayes-M17-med
Mahagi,Ituri,2,TRUE,NA,NA,NA,NA,NA,NA,NA,NA,NA,NA,NA,NA,NA,NA,NA,NA,NA,0.2292,NA,NA,0.1718,0.6004,0,0.1448,0,Bayes-M17-med
Rimba,Ituri,2,TRUE,NA,NA,NA,NA,NA,NA,NA,NA,NA,NA,NA,NA,NA,NA,NA,NA,NA,0.306,NA,NA,0.2008,0.7124,0,0.3108,0,Bayes-M17-med
Bambu,Ituri,2,TRUE,NA,NA,NA,NA,NA,NA,NA,NA,NA,NA,NA,NA,NA,NA,NA,NA,NA,0.2399,NA,NA,0.2046,0.4691,0,0.2857,0,Bayes-M17-med
Boga,Ituri,2,TRUE,NA,NA,NA,NA,NA,NA,NA,NA,NA,NA,NA,NA,NA,NA,NA,NA,NA,0.264,NA,NA,0.3861,0.36870000000000003,0,0.3012,0,Bayes-M17-med
Bunia,Ituri,2,TRUE,NA,NA,NA,NA,NA,NA,NA,NA,NA,NA,NA,NA,NA,NA,NA,NA,NA,0.2326,NA,NA,0.1178,0.5637,0,0.249,0,Bayes-M17-med
Damas,Ituri,2,TRUE,NA,NA,NA,NA,NA,NA,NA,NA,NA,NA,NA,NA,NA,NA,NA,NA,NA,0.3224,NA,NA,0.4479,0.3282,0,0.5135,0,Bayes-M17-med
Drodro,Ituri,2,TRUE,NA,NA,NA,NA,NA,NA,NA,NA,NA,NA,NA,NA,NA,NA,NA,NA,NA,0.2674,NA,NA,0.2066,0.5907,0,0.2722,0,Bayes-M17-med
Fataki,Ituri,2,TRUE,NA,NA,NA,NA,NA,NA,NA,NA,NA,NA,NA,NA,NA,NA,NA,NA,NA,0.3185,NA,NA,0.2259,0.7201,0,0.3282,0,Bayes-M17-med
Gety,Ituri,2,TRUE,NA,NA,NA,NA,NA,NA,NA,NA,NA,NA,NA,NA,NA,NA,NA,NA,NA,0.2592,NA,NA,0.3359,0.2973,0,0.4035,0,Bayes-M17-med
Kilo,Ituri,2,TRUE,NA,NA,NA,NA,NA,NA,NA,NA,NA,NA,NA,NA,NA,NA,NA,NA,NA,0.1448,NA,NA,0.2201,0.0502,0,0.3089,0,Bayes-M17-med
Komanda,Ituri,2,TRUE,NA,NA,NA,NA,NA,NA,NA,NA,NA,NA,NA,NA,NA,NA,NA,NA,NA,0.2341,NA,NA,0.3089,0.1197,0,0.5077,0,Bayes-M17-med
Lita,Ituri,2,TRUE,NA,NA,NA,NA,NA,NA,NA,NA,NA,NA,NA,NA,NA,NA,NA,NA,NA,0.306,NA,NA,0.2761,0.7046,0,0.2432,0,Bayes-M17-med
Lolwa,Ituri,2,TRUE,NA,NA,NA,NA,NA,NA,NA,NA,NA,NA,NA,NA,NA,NA,NA,NA,NA,0.3205,NA,NA,0.6429,0,0,0.639,0,Bayes-M17-med
Mambasa,Ituri,2,TRUE,NA,NA,NA,NA,NA,NA,NA,NA,NA,NA,NA,NA,NA,NA,NA,NA,NA,0.4324,NA,NA,0.8842,0.2625,0,0.583,0,Bayes-M17-med
Mandima,Ituri,2,TRUE,NA,NA,NA,NA,NA,NA,NA,NA,NA,NA,NA,NA,NA,NA,NA,NA,NA,0.2659,NA,NA,0.4846,0.2896,0,0.2896,0,Bayes-M17-med
Mangala,Ituri,2,TRUE,NA,NA,NA,NA,NA,NA,NA,NA,NA,NA,NA,NA,NA,NA,NA,NA,NA,0.3021,NA,NA,0.305,0.6158,0,0.2876,0,Bayes-M17-med
Mongbwalu,Ituri,2,TRUE,NA,NA,NA,NA,NA,NA,NA,NA,NA,NA,NA,NA,NA,NA,NA,NA,NA,0.2616,NA,NA,0.4112,0.1834,0,0.4517,0,Bayes-M17-med
Nia Nia,Ituri,2,TRUE,NA,NA,NA,NA,NA,NA,NA,NA,NA,NA,NA,NA,NA,NA,NA,NA,NA,0.2978,NA,NA,0.666,0.0212,0,0.5039,0,Bayes-M17-med
Nizi,Ituri,2,TRUE,NA,NA,NA,NA,NA,NA,NA,NA,NA,NA,NA,NA,NA,NA,NA,NA,NA,0.1771,NA,NA,0.1544,0.3378,0,0.2162,0,Bayes-M17-med
Nyankunde,Ituri,2,TRUE,NA,NA,NA,NA,NA,NA,NA,NA,NA,NA,NA,NA,NA,NA,NA,NA,NA,0.2514,NA,NA,0.2838,0.2432,0,0.4788,0,Bayes-M17-med
Rwampara,Ituri,2,TRUE,NA,NA,NA,NA,NA,NA,NA,NA,NA,NA,NA,NA,NA,NA,NA,NA,NA,0.319,NA,NA,0.2375,0.7452,0,0.2934,0,Bayes-M17-med
Tchomia,Ituri,2,TRUE,NA,NA,NA,NA,NA,NA,NA,NA,NA,NA,NA,NA,NA,NA,NA,NA,NA,0.1998,NA,NA,0.2104,0.3745,0,0.2143,0,Bayes-M17-med
Beni,Nord-Kivu,2,TRUE,NA,NA,NA,NA,NA,NA,NA,NA,NA,NA,NA,NA,NA,NA,NA,NA,NA,0.1559,NA,NA,0.1525,0.2297,0,0.2413,0,Bayes-M17-med
Butembo,Nord-Kivu,2,TRUE,NA,NA,NA,NA,NA,NA,NA,NA,NA,NA,NA,NA,NA,NA,NA,NA,NA,0.1829,NA,NA,0.1139,0.388,0,0.2297,0,Bayes-M17-med
Kalunguta,Nord-Kivu,2,TRUE,NA,NA,NA,NA,NA,NA,NA,NA,NA,NA,NA,NA,NA,NA,NA,NA,NA,0.1559,NA,NA,0.195,0.2066,0,0.222,0,Bayes-M17-med
Katwa,Nord-Kivu,2,TRUE,NA,NA,NA,NA,NA,NA,NA,NA,NA,NA,NA,NA,NA,NA,NA,NA,NA,0.1998,NA,NA,0.0869,0.4846,0,0.2278,0,Bayes-M17-med
Kyondo,Nord-Kivu,2,TRUE,NA,NA,NA,NA,NA,NA,NA,NA,NA,NA,NA,NA,NA,NA,NA,NA,NA,0.3238,NA,NA,0.2954,0.7973,0,0.2027,0,Bayes-M17-med
Lubero,Nord-Kivu,2,TRUE,NA,NA,NA,NA,NA,NA,NA,NA,NA,NA,NA,NA,NA,NA,NA,NA,NA,0.4585,NA,NA,0.5734,0.9382,0,0.3224,0,Bayes-M17-med
Mabalako,Nord-Kivu,2,TRUE,NA,NA,NA,NA,NA,NA,NA,NA,NA,NA,NA,NA,NA,NA,NA,NA,NA,0.1573,NA,NA,0.1931,0.2046,0,0.2317,0,Bayes-M17-med
Masereka,Nord-Kivu,2,TRUE,NA,NA,NA,NA,NA,NA,NA,NA,NA,NA,NA,NA,NA,NA,NA,NA,NA,0.36870000000000003,NA,NA,0.2548,0.9807,0,0.2394,0,Bayes-M17-med
Musienene,Nord-Kivu,2,TRUE,NA,NA,NA,NA,NA,NA,NA,NA,NA,NA,NA,NA,NA,NA,NA,NA,NA,0.319,NA,NA,0.2645,0.7317,0,0.2799,0,Bayes-M17-med
Oicha,Nord-Kivu,2,TRUE,NA,NA,NA,NA,NA,NA,NA,NA,NA,NA,NA,NA,NA,NA,NA,NA,NA,0.3364,NA,NA,0.3243,0.7606,0,0.2606,0,Bayes-M17-med
Vuhovi,Nord-Kivu,2,TRUE,NA,NA,NA,NA,NA,NA,NA,NA,NA,NA,NA,NA,NA,NA,NA,NA,NA,0.2611,NA,NA,0.2027,0.6178,0,0.2239,0,Bayes-M17-med
Goma,Nord-Kivu,2,TRUE,NA,NA,NA,NA,NA,NA,NA,NA,NA,NA,NA,NA,NA,NA,NA,NA,NA,0.2669,NA,NA,0.1274,0.8977,0,0.0425,0,Bayes-M17-med
Miti Murhesa,Sud-Kivu,2,TRUE,NA,NA,NA,NA,NA,NA,NA,NA,NA,NA,NA,NA,NA,NA,NA,NA,NA,0.3277,NA,NA,0.2355,0.9131,0,0.1622,0,Bayes-M17-med
Bafwasende,Tshopo,2,TRUE,NA,NA,NA,NA,NA,NA,NA,NA,NA,NA,NA,NA,NA,NA,NA,NA,NA,0.4546,NA,NA,0.9073,0.2413,0,0.6699,0,Bayes-M17-med
Kabondo,Tshopo,2,TRUE,NA,NA,NA,NA,NA,NA,NA,NA,NA,NA,NA,NA,NA,NA,NA,NA,NA,0.18,NA,NA,0.1911,0.2722,0,0.2568,0,Bayes-M17-med
Lubunga (Tshopo),Tshopo,2,TRUE,NA,NA,NA,NA,NA,NA,NA,NA,NA,NA,NA,NA,NA,NA,NA,NA,NA,0.2288,NA,NA,0.2452,0.3436,0,0.3263,0,Bayes-M17-med
Makiso Kisangani,Tshopo,2,TRUE,NA,NA,NA,NA,NA,NA,NA,NA,NA,NA,NA,NA,NA,NA,NA,NA,NA,0.2355,NA,NA,0.1332,0.5309,0,0.278,0,Bayes-M17-med
Mangobo,Tshopo,2,TRUE,NA,NA,NA,NA,NA,NA,NA,NA,NA,NA,NA,NA,NA,NA,NA,NA,NA,0.2061,NA,NA,0.0792,0.4382,0,0.3069,0,Bayes-M17-med
Wanierukula,Tshopo,2,TRUE,NA,NA,NA,NA,NA,NA,NA,NA,NA,NA,NA,NA,NA,NA,NA,NA,NA,0.473,NA,NA,0.8436,0.5521,0,0.4961,0,Bayes-M17-med
