origin_date,target,horizon,location,target_end_date,output_type,output_type_id,value
2026-08-06,first confirmed case,1,Aba,2026-08-13,pmf,invasion,0.0379
2026-08-06,first confirmed case,1,Aba,2026-08-13,pmf,no invasion,0.9621
2026-08-06,first confirmed case,1,Abuzi,2026-08-13,pmf,invasion,0.0009
2026-08-06,first confirmed case,1,Abuzi,2026-08-13,pmf,no invasion,0.9991
2026-08-06,first confirmed case,1,Adi,2026-08-13,pmf,invasion,0.0734
2026-08-06,first confirmed case,1,Adi,2026-08-13,pmf,no invasion,0.9266
2026-08-06,first confirmed case,1,Aketi,2026-08-13,pmf,invasion,0.0026
2026-08-06,first confirmed case,1,Aketi,2026-08-13,pmf,no invasion,0.9974
2026-08-06,first confirmed case,1,Alimbongo,2026-08-13,pmf,invasion,0.0872
2026-08-06,first confirmed case,1,Alimbongo,2026-08-13,pmf,no invasion,0.9128
2026-08-06,first confirmed case,1,Alunguli,2026-08-13,pmf,invasion,0.0006
2026-08-06,first confirmed case,1,Alunguli,2026-08-13,pmf,no invasion,0.9994
2026-08-06,first confirmed case,1,Ango,2026-08-13,pmf,invasion,0.0047
2026-08-06,first confirmed case,1,Ango,2026-08-13,pmf,no invasion,0.9953
2026-08-06,first confirmed case,1,Angumu,2026-08-13,pmf,invasion,0.2087
2026-08-06,first confirmed case,1,Angumu,2026-08-13,pmf,no invasion,0.7913
2026-08-06,first confirmed case,1,Ankoro,2026-08-13,pmf,invasion,0.0006
2026-08-06,first confirmed case,1,Ankoro,2026-08-13,pmf,no invasion,0.9994
2026-08-06,first confirmed case,1,Bafwagbogbo,2026-08-13,pmf,invasion,0.087
2026-08-06,first confirmed case,1,Bafwagbogbo,2026-08-13,pmf,no invasion,0.913
2026-08-06,first confirmed case,1,Bagata,2026-08-13,pmf,invasion,0.0003
2026-08-06,first confirmed case,1,Bagata,2026-08-13,pmf,no invasion,0.9997
2026-08-06,first confirmed case,1,Bagira,2026-08-13,pmf,invasion,0.0049
2026-08-06,first confirmed case,1,Bagira,2026-08-13,pmf,no invasion,0.9951
2026-08-06,first confirmed case,1,Baka,2026-08-13,pmf,invasion,0.0001
2026-08-06,first confirmed case,1,Baka,2026-08-13,pmf,no invasion,0.9999
2026-08-06,first confirmed case,1,Bambo,2026-08-13,pmf,invasion,0.0335
2026-08-06,first confirmed case,1,Bambo,2026-08-13,pmf,no invasion,0.9665
2026-08-06,first confirmed case,1,Banalia,2026-08-13,pmf,invasion,0.0332
2026-08-06,first confirmed case,1,Banalia,2026-08-13,pmf,no invasion,0.9668
2026-08-06,first confirmed case,1,Bandalungwa,2026-08-13,pmf,invasion,0.0179
2026-08-06,first confirmed case,1,Bandalungwa,2026-08-13,pmf,no invasion,0.9821
2026-08-06,first confirmed case,1,Bandundu,2026-08-13,pmf,invasion,0.0004
2026-08-06,first confirmed case,1,Bandundu,2026-08-13,pmf,no invasion,0.9996
2026-08-06,first confirmed case,1,Banga Lubaka,2026-08-13,pmf,invasion,0.0001
2026-08-06,first confirmed case,1,Banga Lubaka,2026-08-13,pmf,no invasion,0.9999
2026-08-06,first confirmed case,1,Bangabola,2026-08-13,pmf,invasion,0.0005
2026-08-06,first confirmed case,1,Bangabola,2026-08-13,pmf,no invasion,0.9995
2026-08-06,first confirmed case,1,Banzow Moke,2026-08-13,pmf,invasion,0.0003
2026-08-06,first confirmed case,1,Banzow Moke,2026-08-13,pmf,no invasion,0.9997
2026-08-06,first confirmed case,1,Barumbu,2026-08-13,pmf,invasion,0.015
2026-08-06,first confirmed case,1,Barumbu,2026-08-13,pmf,no invasion,0.985
2026-08-06,first confirmed case,1,Basali,2026-08-13,pmf,invasion,0.0014
2026-08-06,first confirmed case,1,Basali,2026-08-13,pmf,no invasion,0.9986
2026-08-06,first confirmed case,1,Basankusu,2026-08-13,pmf,invasion,0.0008
2026-08-06,first confirmed case,1,Basankusu,2026-08-13,pmf,no invasion,0.9992
2026-08-06,first confirmed case,1,Basoko,2026-08-13,pmf,invasion,0.0064
2026-08-06,first confirmed case,1,Basoko,2026-08-13,pmf,no invasion,0.9936
2026-08-06,first confirmed case,1,Befale,2026-08-13,pmf,invasion,0.0007
2026-08-06,first confirmed case,1,Befale,2026-08-13,pmf,no invasion,0.9993
2026-08-06,first confirmed case,1,Bena Dibele,2026-08-13,pmf,invasion,0.0004
2026-08-06,first confirmed case,1,Bena Dibele,2026-08-13,pmf,no invasion,0.9996
2026-08-06,first confirmed case,1,Bena Leka,2026-08-13,pmf,invasion,0.0006
2026-08-06,first confirmed case,1,Bena Leka,2026-08-13,pmf,no invasion,0.9994
2026-08-06,first confirmed case,1,Bena Tshadi,2026-08-13,pmf,invasion,0.0002
2026-08-06,first confirmed case,1,Bena Tshadi,2026-08-13,pmf,no invasion,0.9998
2026-08-06,first confirmed case,1,Bengamisa,2026-08-13,pmf,invasion,0.0153
2026-08-06,first confirmed case,1,Bengamisa,2026-08-13,pmf,no invasion,0.9847
2026-08-06,first confirmed case,1,Bibanga,2026-08-13,pmf,invasion,0.0005
2026-08-06,first confirmed case,1,Bibanga,2026-08-13,pmf,no invasion,0.9995
2026-08-06,first confirmed case,1,Biena,2026-08-13,pmf,invasion,0.1749
2026-08-06,first confirmed case,1,Biena,2026-08-13,pmf,no invasion,0.8251
2026-08-06,first confirmed case,1,Bikoro,2026-08-13,pmf,invasion,0.0004
2026-08-06,first confirmed case,1,Bikoro,2026-08-13,pmf,no invasion,0.9996
2026-08-06,first confirmed case,1,Bili (Bas-Uele),2026-08-13,pmf,invasion,0.002
2026-08-06,first confirmed case,1,Bili (Bas-Uele),2026-08-13,pmf,no invasion,0.998
2026-08-06,first confirmed case,1,Bili (Nord-Ubangi),2026-08-13,pmf,invasion,0.0008
2026-08-06,first confirmed case,1,Bili (Nord-Ubangi),2026-08-13,pmf,no invasion,0.9992
2026-08-06,first confirmed case,1,Bilomba,2026-08-13,pmf,invasion,0.0002
2026-08-06,first confirmed case,1,Bilomba,2026-08-13,pmf,no invasion,0.9998
2026-08-06,first confirmed case,1,Binga,2026-08-13,pmf,invasion,0.001
2026-08-06,first confirmed case,1,Binga,2026-08-13,pmf,no invasion,0.999
2026-08-06,first confirmed case,1,Binza,2026-08-13,pmf,invasion,0.0236
2026-08-06,first confirmed case,1,Binza,2026-08-13,pmf,no invasion,0.9764
2026-08-06,first confirmed case,1,Binza Meteo,2026-08-13,pmf,invasion,0.0154
2026-08-06,first confirmed case,1,Binza Meteo,2026-08-13,pmf,no invasion,0.9846
2026-08-06,first confirmed case,1,Binza Ozone,2026-08-13,pmf,invasion,0.0282
2026-08-06,first confirmed case,1,Binza Ozone,2026-08-13,pmf,no invasion,0.9718
2026-08-06,first confirmed case,1,Bipemba,2026-08-13,pmf,invasion,0.0004
2026-08-06,first confirmed case,1,Bipemba,2026-08-13,pmf,no invasion,0.9996
2026-08-06,first confirmed case,1,Birambizo,2026-08-13,pmf,invasion,0.019
2026-08-06,first confirmed case,1,Birambizo,2026-08-13,pmf,no invasion,0.981
2026-08-06,first confirmed case,1,Biringi,2026-08-13,pmf,invasion,0.2673
2026-08-06,first confirmed case,1,Biringi,2026-08-13,pmf,no invasion,0.7327
2026-08-06,first confirmed case,1,Biyela,2026-08-13,pmf,invasion,0.0033
2026-08-06,first confirmed case,1,Biyela,2026-08-13,pmf,no invasion,0.9967
2026-08-06,first confirmed case,1,Bobozo,2026-08-13,pmf,invasion,0.0001
2026-08-06,first confirmed case,1,Bobozo,2026-08-13,pmf,no invasion,0.9999
2026-08-06,first confirmed case,1,Boende,2026-08-13,pmf,invasion,0.0017
2026-08-06,first confirmed case,1,Boende,2026-08-13,pmf,no invasion,0.9983
2026-08-06,first confirmed case,1,Bogosenubea,2026-08-13,pmf,invasion,0.0009
2026-08-06,first confirmed case,1,Bogosenubea,2026-08-13,pmf,no invasion,0.9991
2026-08-06,first confirmed case,1,Boko,2026-08-13,pmf,invasion,0.0002
2026-08-06,first confirmed case,1,Boko,2026-08-13,pmf,no invasion,0.9998
2026-08-06,first confirmed case,1,Boko Kivulu,2026-08-13,pmf,invasion,0.0003
2026-08-06,first confirmed case,1,Boko Kivulu,2026-08-13,pmf,no invasion,0.9997
2026-08-06,first confirmed case,1,Bokonzi,2026-08-13,pmf,invasion,0.0007
2026-08-06,first confirmed case,1,Bokonzi,2026-08-13,pmf,no invasion,0.9993
2026-08-06,first confirmed case,1,Bokoro,2026-08-13,pmf,invasion,0.0
2026-08-06,first confirmed case,1,Bokoro,2026-08-13,pmf,no invasion,1.0
2026-08-06,first confirmed case,1,Bokungu,2026-08-13,pmf,invasion,0.0012
2026-08-06,first confirmed case,1,Bokungu,2026-08-13,pmf,no invasion,0.9988
2026-08-06,first confirmed case,1,Bolenge,2026-08-13,pmf,invasion,0.0002
2026-08-06,first confirmed case,1,Bolenge,2026-08-13,pmf,no invasion,0.9998
2026-08-06,first confirmed case,1,Bolobo,2026-08-13,pmf,invasion,0.0002
2026-08-06,first confirmed case,1,Bolobo,2026-08-13,pmf,no invasion,0.9998
2026-08-06,first confirmed case,1,Bolomba,2026-08-13,pmf,invasion,0.0007
2026-08-06,first confirmed case,1,Bolomba,2026-08-13,pmf,no invasion,0.9993
2026-08-06,first confirmed case,1,Boma,2026-08-13,pmf,invasion,0.0002
2026-08-06,first confirmed case,1,Boma,2026-08-13,pmf,no invasion,0.9998
2026-08-06,first confirmed case,1,Boma Bungu,2026-08-13,pmf,invasion,0.0001
2026-08-06,first confirmed case,1,Boma Bungu,2026-08-13,pmf,no invasion,0.9999
2026-08-06,first confirmed case,1,Bominenge,2026-08-13,pmf,invasion,0.0004
2026-08-06,first confirmed case,1,Bominenge,2026-08-13,pmf,no invasion,0.9996
2026-08-06,first confirmed case,1,Bomongo,2026-08-13,pmf,invasion,0.0002
2026-08-06,first confirmed case,1,Bomongo,2026-08-13,pmf,no invasion,0.9998
2026-08-06,first confirmed case,1,Bondo,2026-08-13,pmf,invasion,0.0166
2026-08-06,first confirmed case,1,Bondo,2026-08-13,pmf,no invasion,0.9834
2026-08-06,first confirmed case,1,Bongandanga,2026-08-13,pmf,invasion,0.0004
2026-08-06,first confirmed case,1,Bongandanga,2026-08-13,pmf,no invasion,0.9996
2026-08-06,first confirmed case,1,Bonzola,2026-08-13,pmf,invasion,0.0011
2026-08-06,first confirmed case,1,Bonzola,2026-08-13,pmf,no invasion,0.9989
2026-08-06,first confirmed case,1,Boso Manzi,2026-08-13,pmf,invasion,0.0008
2026-08-06,first confirmed case,1,Boso Manzi,2026-08-13,pmf,no invasion,0.9992
2026-08-06,first confirmed case,1,Boso Mondanda,2026-08-13,pmf,invasion,0.0006
2026-08-06,first confirmed case,1,Boso Mondanda,2026-08-13,pmf,no invasion,0.9994
2026-08-06,first confirmed case,1,Bosobe,2026-08-13,pmf,invasion,0.0002
2026-08-06,first confirmed case,1,Bosobe,2026-08-13,pmf,no invasion,0.9998
2026-08-06,first confirmed case,1,Bosobolo,2026-08-13,pmf,invasion,0.0008
2026-08-06,first confirmed case,1,Bosobolo,2026-08-13,pmf,no invasion,0.9992
2026-08-06,first confirmed case,1,Bosondjo,2026-08-13,pmf,invasion,0.001
2026-08-06,first confirmed case,1,Bosondjo,2026-08-13,pmf,no invasion,0.999
2026-08-06,first confirmed case,1,Boto,2026-08-13,pmf,invasion,0.0007
2026-08-06,first confirmed case,1,Boto,2026-08-13,pmf,no invasion,0.9993
2026-08-06,first confirmed case,1,Budjala,2026-08-13,pmf,invasion,0.0008
2026-08-06,first confirmed case,1,Budjala,2026-08-13,pmf,no invasion,0.9992
2026-08-06,first confirmed case,1,Bukama,2026-08-13,pmf,invasion,0.0004
2026-08-06,first confirmed case,1,Bukama,2026-08-13,pmf,no invasion,0.9996
2026-08-06,first confirmed case,1,Bulape,2026-08-13,pmf,invasion,0.0002
2026-08-06,first confirmed case,1,Bulape,2026-08-13,pmf,no invasion,0.9998
2026-08-06,first confirmed case,1,Bulu,2026-08-13,pmf,invasion,0.0007
2026-08-06,first confirmed case,1,Bulu,2026-08-13,pmf,no invasion,0.9993
2026-08-06,first confirmed case,1,Bulungu,2026-08-13,pmf,invasion,0.0006
2026-08-06,first confirmed case,1,Bulungu,2026-08-13,pmf,no invasion,0.9994
2026-08-06,first confirmed case,1,Bumba,2026-08-13,pmf,invasion,0.0024
2026-08-06,first confirmed case,1,Bumba,2026-08-13,pmf,no invasion,0.9976
2026-08-06,first confirmed case,1,Bumbu,2026-08-13,pmf,invasion,0.0031
2026-08-06,first confirmed case,1,Bumbu,2026-08-13,pmf,no invasion,0.9969
2026-08-06,first confirmed case,1,Bunkeya,2026-08-13,pmf,invasion,0.0001
2026-08-06,first confirmed case,1,Bunkeya,2026-08-13,pmf,no invasion,0.9999
2026-08-06,first confirmed case,1,Bunkonde,2026-08-13,pmf,invasion,0.0002
2026-08-06,first confirmed case,1,Bunkonde,2026-08-13,pmf,no invasion,0.9998
2026-08-06,first confirmed case,1,Bunyakiri,2026-08-13,pmf,invasion,0.0033
2026-08-06,first confirmed case,1,Bunyakiri,2026-08-13,pmf,no invasion,0.9967
2026-08-06,first confirmed case,1,Busanga,2026-08-13,pmf,invasion,0.0005
2026-08-06,first confirmed case,1,Busanga,2026-08-13,pmf,no invasion,0.9995
2026-08-06,first confirmed case,1,Businga,2026-08-13,pmf,invasion,0.0006
2026-08-06,first confirmed case,1,Businga,2026-08-13,pmf,no invasion,0.9994
2026-08-06,first confirmed case,1,Buta,2026-08-13,pmf,invasion,0.0209
2026-08-06,first confirmed case,1,Buta,2026-08-13,pmf,no invasion,0.9791
2026-08-06,first confirmed case,1,Butumba,2026-08-13,pmf,invasion,0.0001
2026-08-06,first confirmed case,1,Butumba,2026-08-13,pmf,no invasion,0.9999
2026-08-06,first confirmed case,1,Bwamanda,2026-08-13,pmf,invasion,0.0013
2026-08-06,first confirmed case,1,Bwamanda,2026-08-13,pmf,no invasion,0.9987
2026-08-06,first confirmed case,1,Cilundu,2026-08-13,pmf,invasion,0.0005
2026-08-06,first confirmed case,1,Cilundu,2026-08-13,pmf,no invasion,0.9995
2026-08-06,first confirmed case,1,Citenge,2026-08-13,pmf,invasion,0.0004
2026-08-06,first confirmed case,1,Citenge,2026-08-13,pmf,no invasion,0.9996
2026-08-06,first confirmed case,1,Dekese,2026-08-13,pmf,invasion,0.0005
2026-08-06,first confirmed case,1,Dekese,2026-08-13,pmf,no invasion,0.9995
2026-08-06,first confirmed case,1,Demba,2026-08-13,pmf,invasion,0.0006
2026-08-06,first confirmed case,1,Demba,2026-08-13,pmf,no invasion,0.9994
2026-08-06,first confirmed case,1,Dibaya,2026-08-13,pmf,invasion,0.0004
2026-08-06,first confirmed case,1,Dibaya,2026-08-13,pmf,no invasion,0.9996
2026-08-06,first confirmed case,1,Dibindi,2026-08-13,pmf,invasion,0.0004
2026-08-06,first confirmed case,1,Dibindi,2026-08-13,pmf,no invasion,0.9996
2026-08-06,first confirmed case,1,Dikungu,2026-08-13,pmf,invasion,0.0007
2026-08-06,first confirmed case,1,Dikungu,2026-08-13,pmf,no invasion,0.9993
2026-08-06,first confirmed case,1,Dilala,2026-08-13,pmf,invasion,0.0005
2026-08-06,first confirmed case,1,Dilala,2026-08-13,pmf,no invasion,0.9995
2026-08-06,first confirmed case,1,Dilolo,2026-08-13,pmf,invasion,0.0002
2026-08-06,first confirmed case,1,Dilolo,2026-08-13,pmf,no invasion,0.9998
2026-08-06,first confirmed case,1,Diulu,2026-08-13,pmf,invasion,0.0005
2026-08-06,first confirmed case,1,Diulu,2026-08-13,pmf,no invasion,0.9995
2026-08-06,first confirmed case,1,Djalo Ndjeka,2026-08-13,pmf,invasion,0.0003
2026-08-06,first confirmed case,1,Djalo Ndjeka,2026-08-13,pmf,no invasion,0.9997
2026-08-06,first confirmed case,1,Djolu,2026-08-13,pmf,invasion,0.0026
2026-08-06,first confirmed case,1,Djolu,2026-08-13,pmf,no invasion,0.9974
2026-08-06,first confirmed case,1,Djombo,2026-08-13,pmf,invasion,0.0003
2026-08-06,first confirmed case,1,Djombo,2026-08-13,pmf,no invasion,0.9997
2026-08-06,first confirmed case,1,Djuma,2026-08-13,pmf,invasion,0.0004
2026-08-06,first confirmed case,1,Djuma,2026-08-13,pmf,no invasion,0.9996
2026-08-06,first confirmed case,1,Doruma,2026-08-13,pmf,invasion,0.0063
2026-08-06,first confirmed case,1,Doruma,2026-08-13,pmf,no invasion,0.9937
2026-08-06,first confirmed case,1,Dungu,2026-08-13,pmf,invasion,0.1231
2026-08-06,first confirmed case,1,Dungu,2026-08-13,pmf,no invasion,0.8769
2026-08-06,first confirmed case,1,Faradje,2026-08-13,pmf,invasion,0.042
2026-08-06,first confirmed case,1,Faradje,2026-08-13,pmf,no invasion,0.958
2026-08-06,first confirmed case,1,Ferekeni,2026-08-13,pmf,invasion,0.0009
2026-08-06,first confirmed case,1,Ferekeni,2026-08-13,pmf,no invasion,0.9991
2026-08-06,first confirmed case,1,Feshi,2026-08-13,pmf,invasion,0.0003
2026-08-06,first confirmed case,1,Feshi,2026-08-13,pmf,no invasion,0.9997
2026-08-06,first confirmed case,1,Fizi,2026-08-13,pmf,invasion,0.0045
2026-08-06,first confirmed case,1,Fizi,2026-08-13,pmf,no invasion,0.9955
2026-08-06,first confirmed case,1,Fungurume,2026-08-13,pmf,invasion,0.0007
2026-08-06,first confirmed case,1,Fungurume,2026-08-13,pmf,no invasion,0.9993
2026-08-06,first confirmed case,1,Ganga,2026-08-13,pmf,invasion,0.0385
2026-08-06,first confirmed case,1,Ganga,2026-08-13,pmf,no invasion,0.9615
2026-08-06,first confirmed case,1,Gbadolite,2026-08-13,pmf,invasion,0.0009
2026-08-06,first confirmed case,1,Gbadolite,2026-08-13,pmf,no invasion,0.9991
2026-08-06,first confirmed case,1,Gemena,2026-08-13,pmf,invasion,0.0021
2026-08-06,first confirmed case,1,Gemena,2026-08-13,pmf,no invasion,0.9979
2026-08-06,first confirmed case,1,Gombari,2026-08-13,pmf,invasion,0.253
2026-08-06,first confirmed case,1,Gombari,2026-08-13,pmf,no invasion,0.747
2026-08-06,first confirmed case,1,Gombe,2026-08-13,pmf,invasion,0.0388
2026-08-06,first confirmed case,1,Gombe,2026-08-13,pmf,no invasion,0.9612
2026-08-06,first confirmed case,1,Gombe Matadi,2026-08-13,pmf,invasion,0.0001
2026-08-06,first confirmed case,1,Gombe Matadi,2026-08-13,pmf,no invasion,0.9999
2026-08-06,first confirmed case,1,Gungu,2026-08-13,pmf,invasion,0.0005
2026-08-06,first confirmed case,1,Gungu,2026-08-13,pmf,no invasion,0.9995
2026-08-06,first confirmed case,1,Haut Plateau,2026-08-13,pmf,invasion,0.0012
2026-08-06,first confirmed case,1,Haut Plateau,2026-08-13,pmf,no invasion,0.9988
2026-08-06,first confirmed case,1,Ibanda,2026-08-13,pmf,invasion,0.0226
2026-08-06,first confirmed case,1,Ibanda,2026-08-13,pmf,no invasion,0.9774
2026-08-06,first confirmed case,1,Iboko,2026-08-13,pmf,invasion,0.0003
2026-08-06,first confirmed case,1,Iboko,2026-08-13,pmf,no invasion,0.9997
2026-08-06,first confirmed case,1,Idiofa,2026-08-13,pmf,invasion,0.0008
2026-08-06,first confirmed case,1,Idiofa,2026-08-13,pmf,no invasion,0.9992
2026-08-06,first confirmed case,1,Idjwi,2026-08-13,pmf,invasion,0.0
2026-08-06,first confirmed case,1,Idjwi,2026-08-13,pmf,no invasion,1.0
2026-08-06,first confirmed case,1,Ikela,2026-08-13,pmf,invasion,0.0018
2026-08-06,first confirmed case,1,Ikela,2026-08-13,pmf,no invasion,0.9982
2026-08-06,first confirmed case,1,Ilebo,2026-08-13,pmf,invasion,0.0004
2026-08-06,first confirmed case,1,Ilebo,2026-08-13,pmf,no invasion,0.9996
2026-08-06,first confirmed case,1,Inga,2026-08-13,pmf,invasion,0.0001
2026-08-06,first confirmed case,1,Inga,2026-08-13,pmf,no invasion,0.9999
2026-08-06,first confirmed case,1,Ingende,2026-08-13,pmf,invasion,0.0005
2026-08-06,first confirmed case,1,Ingende,2026-08-13,pmf,no invasion,0.9995
2026-08-06,first confirmed case,1,Inongo,2026-08-13,pmf,invasion,0.0006
2026-08-06,first confirmed case,1,Inongo,2026-08-13,pmf,no invasion,0.9994
2026-08-06,first confirmed case,1,Ipamu,2026-08-13,pmf,invasion,0.0005
2026-08-06,first confirmed case,1,Ipamu,2026-08-13,pmf,no invasion,0.9995
2026-08-06,first confirmed case,1,Irebu,2026-08-13,pmf,invasion,0.0
2026-08-06,first confirmed case,1,Irebu,2026-08-13,pmf,no invasion,1.0
2026-08-06,first confirmed case,1,Isangi,2026-08-13,pmf,invasion,0.0108
2026-08-06,first confirmed case,1,Isangi,2026-08-13,pmf,no invasion,0.9892
2026-08-06,first confirmed case,1,Itebero,2026-08-13,pmf,invasion,0.0023
2026-08-06,first confirmed case,1,Itebero,2026-08-13,pmf,no invasion,0.9977
2026-08-06,first confirmed case,1,Itombwe,2026-08-13,pmf,invasion,0.0006
2026-08-06,first confirmed case,1,Itombwe,2026-08-13,pmf,no invasion,0.9994
2026-08-06,first confirmed case,1,Jiba,2026-08-13,pmf,invasion,0.2222
2026-08-06,first confirmed case,1,Jiba,2026-08-13,pmf,no invasion,0.7778
2026-08-06,first confirmed case,1,Kabalo,2026-08-13,pmf,invasion,0.0012
2026-08-06,first confirmed case,1,Kabalo,2026-08-13,pmf,no invasion,0.9988
2026-08-06,first confirmed case,1,Kabambare,2026-08-13,pmf,invasion,0.0006
2026-08-06,first confirmed case,1,Kabambare,2026-08-13,pmf,no invasion,0.9994
2026-08-06,first confirmed case,1,Kabare,2026-08-13,pmf,invasion,0.0149
2026-08-06,first confirmed case,1,Kabare,2026-08-13,pmf,no invasion,0.9851
2026-08-06,first confirmed case,1,Kabeya Kamwanga,2026-08-13,pmf,invasion,0.0007
2026-08-06,first confirmed case,1,Kabeya Kamwanga,2026-08-13,pmf,no invasion,0.9993
2026-08-06,first confirmed case,1,Kabinda,2026-08-13,pmf,invasion,0.0012
2026-08-06,first confirmed case,1,Kabinda,2026-08-13,pmf,no invasion,0.9988
2026-08-06,first confirmed case,1,Kabondo Dianda,2026-08-13,pmf,invasion,0.0003
2026-08-06,first confirmed case,1,Kabondo Dianda,2026-08-13,pmf,no invasion,0.9997
2026-08-06,first confirmed case,1,Kabongo,2026-08-13,pmf,invasion,0.0009
2026-08-06,first confirmed case,1,Kabongo,2026-08-13,pmf,no invasion,0.9991
2026-08-06,first confirmed case,1,Kadutu,2026-08-13,pmf,invasion,0.0178
2026-08-06,first confirmed case,1,Kadutu,2026-08-13,pmf,no invasion,0.9822
2026-08-06,first confirmed case,1,Kafakumba,2026-08-13,pmf,invasion,0.0002
2026-08-06,first confirmed case,1,Kafakumba,2026-08-13,pmf,no invasion,0.9998
2026-08-06,first confirmed case,1,Kafubu,2026-08-13,pmf,invasion,0.0002
2026-08-06,first confirmed case,1,Kafubu,2026-08-13,pmf,no invasion,0.9998
2026-08-06,first confirmed case,1,Kahemba,2026-08-13,pmf,invasion,0.0003
2026-08-06,first confirmed case,1,Kahemba,2026-08-13,pmf,no invasion,0.9997
2026-08-06,first confirmed case,1,Kailo,2026-08-13,pmf,invasion,0.0009
2026-08-06,first confirmed case,1,Kailo,2026-08-13,pmf,no invasion,0.9991
2026-08-06,first confirmed case,1,Kajiji,2026-08-13,pmf,invasion,0.0001
2026-08-06,first confirmed case,1,Kajiji,2026-08-13,pmf,no invasion,0.9999
2026-08-06,first confirmed case,1,Kakenge,2026-08-13,pmf,invasion,0.0003
2026-08-06,first confirmed case,1,Kakenge,2026-08-13,pmf,no invasion,0.9997
2026-08-06,first confirmed case,1,Kalamba,2026-08-13,pmf,invasion,0.0002
2026-08-06,first confirmed case,1,Kalamba,2026-08-13,pmf,no invasion,0.9998
2026-08-06,first confirmed case,1,Kalambayi Kabanga,2026-08-13,pmf,invasion,0.0004
2026-08-06,first confirmed case,1,Kalambayi Kabanga,2026-08-13,pmf,no invasion,0.9996
2026-08-06,first confirmed case,1,Kalamu 1,2026-08-13,pmf,invasion,0.0238
2026-08-06,first confirmed case,1,Kalamu 1,2026-08-13,pmf,no invasion,0.9762
2026-08-06,first confirmed case,1,Kalamu 2,2026-08-13,pmf,invasion,0.006
2026-08-06,first confirmed case,1,Kalamu 2,2026-08-13,pmf,no invasion,0.994
2026-08-06,first confirmed case,1,Kalehe,2026-08-13,pmf,invasion,0.0111
2026-08-06,first confirmed case,1,Kalehe,2026-08-13,pmf,no invasion,0.9889
2026-08-06,first confirmed case,1,Kalemie,2026-08-13,pmf,invasion,0.0045
2026-08-06,first confirmed case,1,Kalemie,2026-08-13,pmf,no invasion,0.9955
2026-08-06,first confirmed case,1,Kalenda,2026-08-13,pmf,invasion,0.0005
2026-08-06,first confirmed case,1,Kalenda,2026-08-13,pmf,no invasion,0.9995
2026-08-06,first confirmed case,1,Kalima,2026-08-13,pmf,invasion,0.0014
2026-08-06,first confirmed case,1,Kalima,2026-08-13,pmf,no invasion,0.9986
2026-08-06,first confirmed case,1,Kalole,2026-08-13,pmf,invasion,0.0014
2026-08-06,first confirmed case,1,Kalole,2026-08-13,pmf,no invasion,0.9986
2026-08-06,first confirmed case,1,Kalomba,2026-08-13,pmf,invasion,0.0001
2026-08-06,first confirmed case,1,Kalomba,2026-08-13,pmf,no invasion,0.9999
2026-08-06,first confirmed case,1,Kalonda Est,2026-08-13,pmf,invasion,0.0004
2026-08-06,first confirmed case,1,Kalonda Est,2026-08-13,pmf,no invasion,0.9996
2026-08-06,first confirmed case,1,Kalonda Ouest,2026-08-13,pmf,invasion,0.0005
2026-08-06,first confirmed case,1,Kalonda Ouest,2026-08-13,pmf,no invasion,0.9995
2026-08-06,first confirmed case,1,Kalonge,2026-08-13,pmf,invasion,0.0026
2026-08-06,first confirmed case,1,Kalonge,2026-08-13,pmf,no invasion,0.9974
2026-08-06,first confirmed case,1,Kamalondo,2026-08-13,pmf,invasion,0.0
2026-08-06,first confirmed case,1,Kamalondo,2026-08-13,pmf,no invasion,1.0
2026-08-06,first confirmed case,1,Kamana,2026-08-13,pmf,invasion,0.0005
2026-08-06,first confirmed case,1,Kamana,2026-08-13,pmf,no invasion,0.9995
2026-08-06,first confirmed case,1,Kamango,2026-08-13,pmf,invasion,0.1084
2026-08-06,first confirmed case,1,Kamango,2026-08-13,pmf,no invasion,0.8916
2026-08-06,first confirmed case,1,Kambove,2026-08-13,pmf,invasion,0.0004
2026-08-06,first confirmed case,1,Kambove,2026-08-13,pmf,no invasion,0.9996
2026-08-06,first confirmed case,1,Kamiji,2026-08-13,pmf,invasion,0.0002
2026-08-06,first confirmed case,1,Kamiji,2026-08-13,pmf,no invasion,0.9998
2026-08-06,first confirmed case,1,Kamina,2026-08-13,pmf,invasion,0.0007
2026-08-06,first confirmed case,1,Kamina,2026-08-13,pmf,no invasion,0.9993
2026-08-06,first confirmed case,1,Kamituga,2026-08-13,pmf,invasion,0.0016
2026-08-06,first confirmed case,1,Kamituga,2026-08-13,pmf,no invasion,0.9984
2026-08-06,first confirmed case,1,Kamonia,2026-08-13,pmf,invasion,0.0003
2026-08-06,first confirmed case,1,Kamonia,2026-08-13,pmf,no invasion,0.9997
2026-08-06,first confirmed case,1,Kampemba,2026-08-13,pmf,invasion,0.0005
2026-08-06,first confirmed case,1,Kampemba,2026-08-13,pmf,no invasion,0.9995
2026-08-06,first confirmed case,1,Kampene,2026-08-13,pmf,invasion,0.0011
2026-08-06,first confirmed case,1,Kampene,2026-08-13,pmf,no invasion,0.9989
2026-08-06,first confirmed case,1,Kamwesha,2026-08-13,pmf,invasion,0.0007
2026-08-06,first confirmed case,1,Kamwesha,2026-08-13,pmf,no invasion,0.9993
2026-08-06,first confirmed case,1,Kananga,2026-08-13,pmf,invasion,0.0009
2026-08-06,first confirmed case,1,Kananga,2026-08-13,pmf,no invasion,0.9991
2026-08-06,first confirmed case,1,Kanda Kanda,2026-08-13,pmf,invasion,0.0004
2026-08-06,first confirmed case,1,Kanda Kanda,2026-08-13,pmf,no invasion,0.9996
2026-08-06,first confirmed case,1,Kangu,2026-08-13,pmf,invasion,0.0001
2026-08-06,first confirmed case,1,Kangu,2026-08-13,pmf,no invasion,0.9999
2026-08-06,first confirmed case,1,Kaniama,2026-08-13,pmf,invasion,0.0006
2026-08-06,first confirmed case,1,Kaniama,2026-08-13,pmf,no invasion,0.9994
2026-08-06,first confirmed case,1,Kaniola,2026-08-13,pmf,invasion,0.0037
2026-08-06,first confirmed case,1,Kaniola,2026-08-13,pmf,no invasion,0.9963
2026-08-06,first confirmed case,1,Kansele,2026-08-13,pmf,invasion,0.0003
2026-08-06,first confirmed case,1,Kansele,2026-08-13,pmf,no invasion,0.9997
2026-08-06,first confirmed case,1,Kansimba,2026-08-13,pmf,invasion,0.0007
2026-08-06,first confirmed case,1,Kansimba,2026-08-13,pmf,no invasion,0.9993
2026-08-06,first confirmed case,1,Kanzala,2026-08-13,pmf,invasion,0.0004
2026-08-06,first confirmed case,1,Kanzala,2026-08-13,pmf,no invasion,0.9996
2026-08-06,first confirmed case,1,Kanzenze,2026-08-13,pmf,invasion,0.0002
2026-08-06,first confirmed case,1,Kanzenze,2026-08-13,pmf,no invasion,0.9998
2026-08-06,first confirmed case,1,Kapanga,2026-08-13,pmf,invasion,0.0003
2026-08-06,first confirmed case,1,Kapanga,2026-08-13,pmf,no invasion,0.9997
2026-08-06,first confirmed case,1,Kapolowe,2026-08-13,pmf,invasion,0.0004
2026-08-06,first confirmed case,1,Kapolowe,2026-08-13,pmf,no invasion,0.9996
2026-08-06,first confirmed case,1,Karawa,2026-08-13,pmf,invasion,0.0014
2026-08-06,first confirmed case,1,Karawa,2026-08-13,pmf,no invasion,0.9986
2026-08-06,first confirmed case,1,Karisimbi,2026-08-13,pmf,invasion,0.0759
2026-08-06,first confirmed case,1,Karisimbi,2026-08-13,pmf,no invasion,0.9241
2026-08-06,first confirmed case,1,Kasa Vubu,2026-08-13,pmf,invasion,0.0238
2026-08-06,first confirmed case,1,Kasa Vubu,2026-08-13,pmf,no invasion,0.9762
2026-08-06,first confirmed case,1,Kasaji,2026-08-13,pmf,invasion,0.0003
2026-08-06,first confirmed case,1,Kasaji,2026-08-13,pmf,no invasion,0.9997
2026-08-06,first confirmed case,1,Kasansa,2026-08-13,pmf,invasion,0.0008
2026-08-06,first confirmed case,1,Kasansa,2026-08-13,pmf,no invasion,0.9992
2026-08-06,first confirmed case,1,Kasenga,2026-08-13,pmf,invasion,0.0002
2026-08-06,first confirmed case,1,Kasenga,2026-08-13,pmf,no invasion,0.9998
2026-08-06,first confirmed case,1,Kashobwe,2026-08-13,pmf,invasion,0.0001
2026-08-06,first confirmed case,1,Kashobwe,2026-08-13,pmf,no invasion,0.9999
2026-08-06,first confirmed case,1,Kasongo,2026-08-13,pmf,invasion,0.0023
2026-08-06,first confirmed case,1,Kasongo,2026-08-13,pmf,no invasion,0.9977
2026-08-06,first confirmed case,1,Kasongo Lunda,2026-08-13,pmf,invasion,0.0002
2026-08-06,first confirmed case,1,Kasongo Lunda,2026-08-13,pmf,no invasion,0.9998
2026-08-06,first confirmed case,1,Katako Kombe,2026-08-13,pmf,invasion,0.0008
2026-08-06,first confirmed case,1,Katako Kombe,2026-08-13,pmf,no invasion,0.9992
2026-08-06,first confirmed case,1,Katana,2026-08-13,pmf,invasion,0.0254
2026-08-06,first confirmed case,1,Katana,2026-08-13,pmf,no invasion,0.9746
2026-08-06,first confirmed case,1,Katende,2026-08-13,pmf,invasion,0.0004
2026-08-06,first confirmed case,1,Katende,2026-08-13,pmf,no invasion,0.9996
2026-08-06,first confirmed case,1,Katoka,2026-08-13,pmf,invasion,0.0002
2026-08-06,first confirmed case,1,Katoka,2026-08-13,pmf,no invasion,0.9998
2026-08-06,first confirmed case,1,Katoyi,2026-08-13,pmf,invasion,0.0117
2026-08-06,first confirmed case,1,Katoyi,2026-08-13,pmf,no invasion,0.9883
2026-08-06,first confirmed case,1,Katuba,2026-08-13,pmf,invasion,0.0001
2026-08-06,first confirmed case,1,Katuba,2026-08-13,pmf,no invasion,0.9999
2026-08-06,first confirmed case,1,Kayamba,2026-08-13,pmf,invasion,0.0002
2026-08-06,first confirmed case,1,Kayamba,2026-08-13,pmf,no invasion,0.9998
2026-08-06,first confirmed case,1,Kayna,2026-08-13,pmf,invasion,0.1309
2026-08-06,first confirmed case,1,Kayna,2026-08-13,pmf,no invasion,0.8691
2026-08-06,first confirmed case,1,Kaziba,2026-08-13,pmf,invasion,0.0024
2026-08-06,first confirmed case,1,Kaziba,2026-08-13,pmf,no invasion,0.9976
2026-08-06,first confirmed case,1,Kenge,2026-08-13,pmf,invasion,0.0005
2026-08-06,first confirmed case,1,Kenge,2026-08-13,pmf,no invasion,0.9995
2026-08-06,first confirmed case,1,Kenya,2026-08-13,pmf,invasion,0.0002
2026-08-06,first confirmed case,1,Kenya,2026-08-13,pmf,no invasion,0.9998
2026-08-06,first confirmed case,1,Kiambi,2026-08-13,pmf,invasion,0.0004
2026-08-06,first confirmed case,1,Kiambi,2026-08-13,pmf,no invasion,0.9996
2026-08-06,first confirmed case,1,Kibirizi,2026-08-13,pmf,invasion,0.0504
2026-08-06,first confirmed case,1,Kibirizi,2026-08-13,pmf,no invasion,0.9496
2026-08-06,first confirmed case,1,Kibombo,2026-08-13,pmf,invasion,0.0005
2026-08-06,first confirmed case,1,Kibombo,2026-08-13,pmf,no invasion,0.9995
2026-08-06,first confirmed case,1,Kibua,2026-08-13,pmf,invasion,0.0046
2026-08-06,first confirmed case,1,Kibua,2026-08-13,pmf,no invasion,0.9954
2026-08-06,first confirmed case,1,Kibunzi,2026-08-13,pmf,invasion,0.0
2026-08-06,first confirmed case,1,Kibunzi,2026-08-13,pmf,no invasion,1.0
2026-08-06,first confirmed case,1,Kikimi,2026-08-13,pmf,invasion,0.0151
2026-08-06,first confirmed case,1,Kikimi,2026-08-13,pmf,no invasion,0.9849
2026-08-06,first confirmed case,1,Kikongo,2026-08-13,pmf,invasion,0.0002
2026-08-06,first confirmed case,1,Kikongo,2026-08-13,pmf,no invasion,0.9998
2026-08-06,first confirmed case,1,Kikula,2026-08-13,pmf,invasion,0.0002
2026-08-06,first confirmed case,1,Kikula,2026-08-13,pmf,no invasion,0.9998
2026-08-06,first confirmed case,1,Kikwit Nord,2026-08-13,pmf,invasion,0.0005
2026-08-06,first confirmed case,1,Kikwit Nord,2026-08-13,pmf,no invasion,0.9995
2026-08-06,first confirmed case,1,Kikwit Sud,2026-08-13,pmf,invasion,0.0004
2026-08-06,first confirmed case,1,Kikwit Sud,2026-08-13,pmf,no invasion,0.9996
2026-08-06,first confirmed case,1,Kilela Balanda,2026-08-13,pmf,invasion,0.0001
2026-08-06,first confirmed case,1,Kilela Balanda,2026-08-13,pmf,no invasion,0.9999
2026-08-06,first confirmed case,1,Kilwa,2026-08-13,pmf,invasion,0.0006
2026-08-06,first confirmed case,1,Kilwa,2026-08-13,pmf,no invasion,0.9994
2026-08-06,first confirmed case,1,Kimbanseke,2026-08-13,pmf,invasion,0.0032
2026-08-06,first confirmed case,1,Kimbanseke,2026-08-13,pmf,no invasion,0.9968
2026-08-06,first confirmed case,1,Kimbao,2026-08-13,pmf,invasion,0.0002
2026-08-06,first confirmed case,1,Kimbao,2026-08-13,pmf,no invasion,0.9998
2026-08-06,first confirmed case,1,Kimbi Lulenge,2026-08-13,pmf,invasion,0.0014
2026-08-06,first confirmed case,1,Kimbi Lulenge,2026-08-13,pmf,no invasion,0.9986
2026-08-06,first confirmed case,1,Kimpangu,2026-08-13,pmf,invasion,0.0001
2026-08-06,first confirmed case,1,Kimpangu,2026-08-13,pmf,no invasion,0.9999
2026-08-06,first confirmed case,1,Kimpese,2026-08-13,pmf,invasion,0.0003
2026-08-06,first confirmed case,1,Kimpese,2026-08-13,pmf,no invasion,0.9997
2026-08-06,first confirmed case,1,Kimputu,2026-08-13,pmf,invasion,0.0003
2026-08-06,first confirmed case,1,Kimputu,2026-08-13,pmf,no invasion,0.9997
2026-08-06,first confirmed case,1,Kimvula,2026-08-13,pmf,invasion,0.0001
2026-08-06,first confirmed case,1,Kimvula,2026-08-13,pmf,no invasion,0.9999
2026-08-06,first confirmed case,1,Kinda,2026-08-13,pmf,invasion,0.0001
2026-08-06,first confirmed case,1,Kinda,2026-08-13,pmf,no invasion,0.9999
2026-08-06,first confirmed case,1,Kindu,2026-08-13,pmf,invasion,0.0053
2026-08-06,first confirmed case,1,Kindu,2026-08-13,pmf,no invasion,0.9947
2026-08-06,first confirmed case,1,Kingabwa,2026-08-13,pmf,invasion,0.0121
2026-08-06,first confirmed case,1,Kingabwa,2026-08-13,pmf,no invasion,0.9879
2026-08-06,first confirmed case,1,Kingandu,2026-08-13,pmf,invasion,0.0002
2026-08-06,first confirmed case,1,Kingandu,2026-08-13,pmf,no invasion,0.9998
2026-08-06,first confirmed case,1,Kingasani,2026-08-13,pmf,invasion,0.0091
2026-08-06,first confirmed case,1,Kingasani,2026-08-13,pmf,no invasion,0.9909
2026-08-06,first confirmed case,1,Kinkondja,2026-08-13,pmf,invasion,0.0004
2026-08-06,first confirmed case,1,Kinkondja,2026-08-13,pmf,no invasion,0.9996
2026-08-06,first confirmed case,1,Kinkonzi,2026-08-13,pmf,invasion,0.0001
2026-08-06,first confirmed case,1,Kinkonzi,2026-08-13,pmf,no invasion,0.9999
2026-08-06,first confirmed case,1,Kinshasa,2026-08-13,pmf,invasion,0.0246
2026-08-06,first confirmed case,1,Kinshasa,2026-08-13,pmf,no invasion,0.9754
2026-08-06,first confirmed case,1,Kintambo,2026-08-13,pmf,invasion,0.0209
2026-08-06,first confirmed case,1,Kintambo,2026-08-13,pmf,no invasion,0.9791
2026-08-06,first confirmed case,1,Kipushi,2026-08-13,pmf,invasion,0.0033
2026-08-06,first confirmed case,1,Kipushi,2026-08-13,pmf,no invasion,0.9967
2026-08-06,first confirmed case,1,Kiri,2026-08-13,pmf,invasion,0.0003
2026-08-06,first confirmed case,1,Kiri,2026-08-13,pmf,no invasion,0.9997
2026-08-06,first confirmed case,1,Kirotshe,2026-08-13,pmf,invasion,0.0275
2026-08-06,first confirmed case,1,Kirotshe,2026-08-13,pmf,no invasion,0.9725
2026-08-06,first confirmed case,1,Kisanga,2026-08-13,pmf,invasion,0.0004
2026-08-06,first confirmed case,1,Kisanga,2026-08-13,pmf,no invasion,0.9996
2026-08-06,first confirmed case,1,Kisanji,2026-08-13,pmf,invasion,0.0001
2026-08-06,first confirmed case,1,Kisanji,2026-08-13,pmf,no invasion,0.9999
2026-08-06,first confirmed case,1,Kisantu,2026-08-13,pmf,invasion,0.0004
2026-08-06,first confirmed case,1,Kisantu,2026-08-13,pmf,no invasion,0.9996
2026-08-06,first confirmed case,1,Kisenso,2026-08-13,pmf,invasion,0.0033
2026-08-06,first confirmed case,1,Kisenso,2026-08-13,pmf,no invasion,0.9967
2026-08-06,first confirmed case,1,Kitangwa,2026-08-13,pmf,invasion,0.0002
2026-08-06,first confirmed case,1,Kitangwa,2026-08-13,pmf,no invasion,0.9998
2026-08-06,first confirmed case,1,Kitenda,2026-08-13,pmf,invasion,0.0001
2026-08-06,first confirmed case,1,Kitenda,2026-08-13,pmf,no invasion,0.9999
2026-08-06,first confirmed case,1,Kitenge,2026-08-13,pmf,invasion,0.0008
2026-08-06,first confirmed case,1,Kitenge,2026-08-13,pmf,no invasion,0.9992
2026-08-06,first confirmed case,1,Kitona,2026-08-13,pmf,invasion,0.0
2026-08-06,first confirmed case,1,Kitona,2026-08-13,pmf,no invasion,1.0
2026-08-06,first confirmed case,1,Kitutu,2026-08-13,pmf,invasion,0.0016
2026-08-06,first confirmed case,1,Kitutu,2026-08-13,pmf,no invasion,0.9984
2026-08-06,first confirmed case,1,Kizu,2026-08-13,pmf,invasion,0.0001
2026-08-06,first confirmed case,1,Kizu,2026-08-13,pmf,no invasion,0.9999
2026-08-06,first confirmed case,1,Kokolo,2026-08-13,pmf,invasion,0.0268
2026-08-06,first confirmed case,1,Kokolo,2026-08-13,pmf,no invasion,0.9732
2026-08-06,first confirmed case,1,Kole,2026-08-13,pmf,invasion,0.0005
2026-08-06,first confirmed case,1,Kole,2026-08-13,pmf,no invasion,0.9995
2026-08-06,first confirmed case,1,Kongolo,2026-08-13,pmf,invasion,0.0017
2026-08-06,first confirmed case,1,Kongolo,2026-08-13,pmf,no invasion,0.9983
2026-08-06,first confirmed case,1,Koshibanda,2026-08-13,pmf,invasion,0.0004
2026-08-06,first confirmed case,1,Koshibanda,2026-08-13,pmf,no invasion,0.9996
2026-08-06,first confirmed case,1,Kowe,2026-08-13,pmf,invasion,0.0
2026-08-06,first confirmed case,1,Kowe,2026-08-13,pmf,no invasion,1.0
2026-08-06,first confirmed case,1,Kuimba,2026-08-13,pmf,invasion,0.0001
2026-08-06,first confirmed case,1,Kuimba,2026-08-13,pmf,no invasion,0.9999
2026-08-06,first confirmed case,1,Kunda,2026-08-13,pmf,invasion,0.0021
2026-08-06,first confirmed case,1,Kunda,2026-08-13,pmf,no invasion,0.9979
2026-08-06,first confirmed case,1,Kungu,2026-08-13,pmf,invasion,0.0008
2026-08-06,first confirmed case,1,Kungu,2026-08-13,pmf,no invasion,0.9992
2026-08-06,first confirmed case,1,Kwamouth,2026-08-13,pmf,invasion,0.0002
2026-08-06,first confirmed case,1,Kwamouth,2026-08-13,pmf,no invasion,0.9998
2026-08-06,first confirmed case,1,Kwilu Ngongo,2026-08-13,pmf,invasion,0.0002
2026-08-06,first confirmed case,1,Kwilu Ngongo,2026-08-13,pmf,no invasion,0.9998
2026-08-06,first confirmed case,1,Laybo,2026-08-13,pmf,invasion,0.1192
2026-08-06,first confirmed case,1,Laybo,2026-08-13,pmf,no invasion,0.8808
2026-08-06,first confirmed case,1,Lemba,2026-08-13,pmf,invasion,0.0211
2026-08-06,first confirmed case,1,Lemba,2026-08-13,pmf,no invasion,0.9789
2026-08-06,first confirmed case,1,Lemera,2026-08-13,pmf,invasion,0.0038
2026-08-06,first confirmed case,1,Lemera,2026-08-13,pmf,no invasion,0.9962
2026-08-06,first confirmed case,1,Libenge,2026-08-13,pmf,invasion,0.001
2026-08-06,first confirmed case,1,Libenge,2026-08-13,pmf,no invasion,0.999
2026-08-06,first confirmed case,1,Likasi,2026-08-13,pmf,invasion,0.0003
2026-08-06,first confirmed case,1,Likasi,2026-08-13,pmf,no invasion,0.9997
2026-08-06,first confirmed case,1,Likati,2026-08-13,pmf,invasion,0.0017
2026-08-06,first confirmed case,1,Likati,2026-08-13,pmf,no invasion,0.9983
2026-08-06,first confirmed case,1,Lilanga Bobangi,2026-08-13,pmf,invasion,0.0001
2026-08-06,first confirmed case,1,Lilanga Bobangi,2026-08-13,pmf,no invasion,0.9999
2026-08-06,first confirmed case,1,Limete,2026-08-13,pmf,invasion,0.0298
2026-08-06,first confirmed case,1,Limete,2026-08-13,pmf,no invasion,0.9702
2026-08-06,first confirmed case,1,Linga,2026-08-13,pmf,invasion,0.1994
2026-08-06,first confirmed case,1,Linga,2026-08-13,pmf,no invasion,0.8006
2026-08-06,first confirmed case,1,Lingomo,2026-08-13,pmf,invasion,0.0014
2026-08-06,first confirmed case,1,Lingomo,2026-08-13,pmf,no invasion,0.9986
2026-08-06,first confirmed case,1,Lingwala,2026-08-13,pmf,invasion,0.0271
2026-08-06,first confirmed case,1,Lingwala,2026-08-13,pmf,no invasion,0.9729
2026-08-06,first confirmed case,1,Lisala,2026-08-13,pmf,invasion,0.0052
2026-08-06,first confirmed case,1,Lisala,2026-08-13,pmf,no invasion,0.9948
2026-08-06,first confirmed case,1,Lodja,2026-08-13,pmf,invasion,0.0018
2026-08-06,first confirmed case,1,Lodja,2026-08-13,pmf,no invasion,0.9982
2026-08-06,first confirmed case,1,Loko,2026-08-13,pmf,invasion,0.0007
2026-08-06,first confirmed case,1,Loko,2026-08-13,pmf,no invasion,0.9993
2026-08-06,first confirmed case,1,Lolo,2026-08-13,pmf,invasion,0.0023
2026-08-06,first confirmed case,1,Lolo,2026-08-13,pmf,no invasion,0.9977
2026-08-06,first confirmed case,1,Lomela,2026-08-13,pmf,invasion,0.0014
2026-08-06,first confirmed case,1,Lomela,2026-08-13,pmf,no invasion,0.9986
2026-08-06,first confirmed case,1,Lotumbe,2026-08-13,pmf,invasion,0.0003
2026-08-06,first confirmed case,1,Lotumbe,2026-08-13,pmf,no invasion,0.9997
2026-08-06,first confirmed case,1,Lowa,2026-08-13,pmf,invasion,0.001
2026-08-06,first confirmed case,1,Lowa,2026-08-13,pmf,no invasion,0.999
2026-08-06,first confirmed case,1,Lualaba,2026-08-13,pmf,invasion,0.0003
2026-08-06,first confirmed case,1,Lualaba,2026-08-13,pmf,no invasion,0.9997
2026-08-06,first confirmed case,1,Luambo,2026-08-13,pmf,invasion,0.0004
2026-08-06,first confirmed case,1,Luambo,2026-08-13,pmf,no invasion,0.9996
2026-08-06,first confirmed case,1,Lubao,2026-08-13,pmf,invasion,0.0006
2026-08-06,first confirmed case,1,Lubao,2026-08-13,pmf,no invasion,0.9994
2026-08-06,first confirmed case,1,Lubilanji,2026-08-13,pmf,invasion,0.0004
2026-08-06,first confirmed case,1,Lubilanji,2026-08-13,pmf,no invasion,0.9996
2026-08-06,first confirmed case,1,Lubondaie,2026-08-13,pmf,invasion,0.0002
2026-08-06,first confirmed case,1,Lubondaie,2026-08-13,pmf,no invasion,0.9998
2026-08-06,first confirmed case,1,Lubudi,2026-08-13,pmf,invasion,0.0001
2026-08-06,first confirmed case,1,Lubudi,2026-08-13,pmf,no invasion,0.9999
2026-08-06,first confirmed case,1,Lubumbashi,2026-08-13,pmf,invasion,0.0067
2026-08-06,first confirmed case,1,Lubumbashi,2026-08-13,pmf,no invasion,0.9933
2026-08-06,first confirmed case,1,Lubunga (Kasaï-Central),2026-08-13,pmf,invasion,0.0002
2026-08-06,first confirmed case,1,Lubunga (Kasaï-Central),2026-08-13,pmf,no invasion,0.9998
2026-08-06,first confirmed case,1,Lubutu,2026-08-13,pmf,invasion,0.0101
2026-08-06,first confirmed case,1,Lubutu,2026-08-13,pmf,no invasion,0.9899
2026-08-06,first confirmed case,1,Ludimbi Lukula,2026-08-13,pmf,invasion,0.0004
2026-08-06,first confirmed case,1,Ludimbi Lukula,2026-08-13,pmf,no invasion,0.9996
2026-08-06,first confirmed case,1,Luebo,2026-08-13,pmf,invasion,0.0005
2026-08-06,first confirmed case,1,Luebo,2026-08-13,pmf,no invasion,0.9995
2026-08-06,first confirmed case,1,Luiza,2026-08-13,pmf,invasion,0.0006
2026-08-06,first confirmed case,1,Luiza,2026-08-13,pmf,no invasion,0.9994
2026-08-06,first confirmed case,1,Lukafu,2026-08-13,pmf,invasion,0.0002
2026-08-06,first confirmed case,1,Lukafu,2026-08-13,pmf,no invasion,0.9998
2026-08-06,first confirmed case,1,Lukelenge,2026-08-13,pmf,invasion,0.0005
2026-08-06,first confirmed case,1,Lukelenge,2026-08-13,pmf,no invasion,0.9995
2026-08-06,first confirmed case,1,Lukolela,2026-08-13,pmf,invasion,0.0003
2026-08-06,first confirmed case,1,Lukolela,2026-08-13,pmf,no invasion,0.9997
2026-08-06,first confirmed case,1,Lukonga,2026-08-13,pmf,invasion,0.0003
2026-08-06,first confirmed case,1,Lukonga,2026-08-13,pmf,no invasion,0.9997
2026-08-06,first confirmed case,1,Lukula,2026-08-13,pmf,invasion,0.0003
2026-08-06,first confirmed case,1,Lukula,2026-08-13,pmf,no invasion,0.9997
2026-08-06,first confirmed case,1,Lulingu,2026-08-13,pmf,invasion,0.0011
2026-08-06,first confirmed case,1,Lulingu,2026-08-13,pmf,no invasion,0.9989
2026-08-06,first confirmed case,1,Luozi,2026-08-13,pmf,invasion,0.0001
2026-08-06,first confirmed case,1,Luozi,2026-08-13,pmf,no invasion,0.9999
2026-08-06,first confirmed case,1,Luputa,2026-08-13,pmf,invasion,0.0007
2026-08-06,first confirmed case,1,Luputa,2026-08-13,pmf,no invasion,0.9993
2026-08-06,first confirmed case,1,Lusambo,2026-08-13,pmf,invasion,0.0004
2026-08-06,first confirmed case,1,Lusambo,2026-08-13,pmf,no invasion,0.9996
2026-08-06,first confirmed case,1,Lusanga,2026-08-13,pmf,invasion,0.0006
2026-08-06,first confirmed case,1,Lusanga,2026-08-13,pmf,no invasion,0.9994
2026-08-06,first confirmed case,1,Lusangi,2026-08-13,pmf,invasion,0.0009
2026-08-06,first confirmed case,1,Lusangi,2026-08-13,pmf,no invasion,0.9991
2026-08-06,first confirmed case,1,Lwamba,2026-08-13,pmf,invasion,0.0003
2026-08-06,first confirmed case,1,Lwamba,2026-08-13,pmf,no invasion,0.9997
2026-08-06,first confirmed case,1,Makala,2026-08-13,pmf,invasion,0.0061
2026-08-06,first confirmed case,1,Makala,2026-08-13,pmf,no invasion,0.9939
2026-08-06,first confirmed case,1,Makanza,2026-08-13,pmf,invasion,0.0004
2026-08-06,first confirmed case,1,Makanza,2026-08-13,pmf,no invasion,0.9996
2026-08-06,first confirmed case,1,Makoro,2026-08-13,pmf,invasion,0.1843
2026-08-06,first confirmed case,1,Makoro,2026-08-13,pmf,no invasion,0.8157
2026-08-06,first confirmed case,1,Makota,2026-08-13,pmf,invasion,0.0003
2026-08-06,first confirmed case,1,Makota,2026-08-13,pmf,no invasion,0.9997
2026-08-06,first confirmed case,1,Malemba Nkulu,2026-08-13,pmf,invasion,0.0009
2026-08-06,first confirmed case,1,Malemba Nkulu,2026-08-13,pmf,no invasion,0.9991
2026-08-06,first confirmed case,1,Maluku 1,2026-08-13,pmf,invasion,0.0092
2026-08-06,first confirmed case,1,Maluku 1,2026-08-13,pmf,no invasion,0.9908
2026-08-06,first confirmed case,1,Maluku 2,2026-08-13,pmf,invasion,0.0032
2026-08-06,first confirmed case,1,Maluku 2,2026-08-13,pmf,no invasion,0.9968
2026-08-06,first confirmed case,1,Mampoko,2026-08-13,pmf,invasion,0.0001
2026-08-06,first confirmed case,1,Mampoko,2026-08-13,pmf,no invasion,0.9999
2026-08-06,first confirmed case,1,Mangembo,2026-08-13,pmf,invasion,0.0001
2026-08-06,first confirmed case,1,Mangembo,2026-08-13,pmf,no invasion,0.9999
2026-08-06,first confirmed case,1,Manguredjipa,2026-08-13,pmf,invasion,0.11
2026-08-06,first confirmed case,1,Manguredjipa,2026-08-13,pmf,no invasion,0.89
2026-08-06,first confirmed case,1,Manika,2026-08-13,pmf,invasion,0.0035
2026-08-06,first confirmed case,1,Manika,2026-08-13,pmf,no invasion,0.9965
2026-08-06,first confirmed case,1,Manono,2026-08-13,pmf,invasion,0.0012
2026-08-06,first confirmed case,1,Manono,2026-08-13,pmf,no invasion,0.9988
2026-08-06,first confirmed case,1,Masi Manimba,2026-08-13,pmf,invasion,0.0003
2026-08-06,first confirmed case,1,Masi Manimba,2026-08-13,pmf,no invasion,0.9997
2026-08-06,first confirmed case,1,Masina 1,2026-08-13,pmf,invasion,0.0209
2026-08-06,first confirmed case,1,Masina 1,2026-08-13,pmf,no invasion,0.9791
2026-08-06,first confirmed case,1,Masina 2,2026-08-13,pmf,invasion,0.0179
2026-08-06,first confirmed case,1,Masina 2,2026-08-13,pmf,no invasion,0.9821
2026-08-06,first confirmed case,1,Masisi,2026-08-13,pmf,invasion,0.0141
2026-08-06,first confirmed case,1,Masisi,2026-08-13,pmf,no invasion,0.9859
2026-08-06,first confirmed case,1,Massa,2026-08-13,pmf,invasion,0.0002
2026-08-06,first confirmed case,1,Massa,2026-08-13,pmf,no invasion,0.9998
2026-08-06,first confirmed case,1,Masuika,2026-08-13,pmf,invasion,0.0006
2026-08-06,first confirmed case,1,Masuika,2026-08-13,pmf,no invasion,0.9994
2026-08-06,first confirmed case,1,Matadi,2026-08-13,pmf,invasion,0.0004
2026-08-06,first confirmed case,1,Matadi,2026-08-13,pmf,no invasion,0.9996
2026-08-06,first confirmed case,1,Matete,2026-08-13,pmf,invasion,0.015
2026-08-06,first confirmed case,1,Matete,2026-08-13,pmf,no invasion,0.985
2026-08-06,first confirmed case,1,Mawuya,2026-08-13,pmf,invasion,0.0005
2026-08-06,first confirmed case,1,Mawuya,2026-08-13,pmf,no invasion,0.9995
2026-08-06,first confirmed case,1,Mbandaka,2026-08-13,pmf,invasion,0.0036
2026-08-06,first confirmed case,1,Mbandaka,2026-08-13,pmf,no invasion,0.9964
2026-08-06,first confirmed case,1,Mbanza Ngungu,2026-08-13,pmf,invasion,0.0002
2026-08-06,first confirmed case,1,Mbanza Ngungu,2026-08-13,pmf,no invasion,0.9998
2026-08-06,first confirmed case,1,Mbaya,2026-08-13,pmf,invasion,0.0003
2026-08-06,first confirmed case,1,Mbaya,2026-08-13,pmf,no invasion,0.9997
2026-08-06,first confirmed case,1,Mbulula,2026-08-13,pmf,invasion,0.0013
2026-08-06,first confirmed case,1,Mbulula,2026-08-13,pmf,no invasion,0.9987
2026-08-06,first confirmed case,1,Miabi,2026-08-13,pmf,invasion,0.0004
2026-08-06,first confirmed case,1,Miabi,2026-08-13,pmf,no invasion,0.9996
2026-08-06,first confirmed case,1,Mikalayi,2026-08-13,pmf,invasion,0.0006
2026-08-06,first confirmed case,1,Mikalayi,2026-08-13,pmf,no invasion,0.9994
2026-08-06,first confirmed case,1,Mikope,2026-08-13,pmf,invasion,0.0003
2026-08-06,first confirmed case,1,Mikope,2026-08-13,pmf,no invasion,0.9997
2026-08-06,first confirmed case,1,Mimia,2026-08-13,pmf,invasion,0.0001
2026-08-06,first confirmed case,1,Mimia,2026-08-13,pmf,no invasion,0.9999
2026-08-06,first confirmed case,1,Minembwe,2026-08-13,pmf,invasion,0.0009
2026-08-06,first confirmed case,1,Minembwe,2026-08-13,pmf,no invasion,0.9991
2026-08-06,first confirmed case,1,Minga,2026-08-13,pmf,invasion,0.0005
2026-08-06,first confirmed case,1,Minga,2026-08-13,pmf,no invasion,0.9995
2026-08-06,first confirmed case,1,Minova,2026-08-13,pmf,invasion,0.0172
2026-08-06,first confirmed case,1,Minova,2026-08-13,pmf,no invasion,0.9828
2026-08-06,first confirmed case,1,Mitwaba,2026-08-13,pmf,invasion,0.0002
2026-08-06,first confirmed case,1,Mitwaba,2026-08-13,pmf,no invasion,0.9998
2026-08-06,first confirmed case,1,Moanza,2026-08-13,pmf,invasion,0.0001
2026-08-06,first confirmed case,1,Moanza,2026-08-13,pmf,no invasion,0.9999
2026-08-06,first confirmed case,1,Moba,2026-08-13,pmf,invasion,0.0015
2026-08-06,first confirmed case,1,Moba,2026-08-13,pmf,no invasion,0.9985
2026-08-06,first confirmed case,1,Mobayi Mbongo,2026-08-13,pmf,invasion,0.0009
2026-08-06,first confirmed case,1,Mobayi Mbongo,2026-08-13,pmf,no invasion,0.9991
2026-08-06,first confirmed case,1,Mokala,2026-08-13,pmf,invasion,0.0003
2026-08-06,first confirmed case,1,Mokala,2026-08-13,pmf,no invasion,0.9997
2026-08-06,first confirmed case,1,Mompono,2026-08-13,pmf,invasion,0.0008
2026-08-06,first confirmed case,1,Mompono,2026-08-13,pmf,no invasion,0.9992
2026-08-06,first confirmed case,1,Mondombe,2026-08-13,pmf,invasion,0.002
2026-08-06,first confirmed case,1,Mondombe,2026-08-13,pmf,no invasion,0.998
2026-08-06,first confirmed case,1,Monga,2026-08-13,pmf,invasion,0.001
2026-08-06,first confirmed case,1,Monga,2026-08-13,pmf,no invasion,0.999
2026-08-06,first confirmed case,1,Monieka,2026-08-13,pmf,invasion,0.0002
2026-08-06,first confirmed case,1,Monieka,2026-08-13,pmf,no invasion,0.9998
2026-08-06,first confirmed case,1,Monkoto,2026-08-13,pmf,invasion,0.0006
2026-08-06,first confirmed case,1,Monkoto,2026-08-13,pmf,no invasion,0.9994
2026-08-06,first confirmed case,1,Mont Ngafula 1,2026-08-13,pmf,invasion,0.0127
2026-08-06,first confirmed case,1,Mont Ngafula 1,2026-08-13,pmf,no invasion,0.9873
2026-08-06,first confirmed case,1,Mont Ngafula 2,2026-08-13,pmf,invasion,0.0124
2026-08-06,first confirmed case,1,Mont Ngafula 2,2026-08-13,pmf,no invasion,0.9876
2026-08-06,first confirmed case,1,Mosango,2026-08-13,pmf,invasion,0.0002
2026-08-06,first confirmed case,1,Mosango,2026-08-13,pmf,no invasion,0.9998
2026-08-06,first confirmed case,1,Mpokolo,2026-08-13,pmf,invasion,0.0004
2026-08-06,first confirmed case,1,Mpokolo,2026-08-13,pmf,no invasion,0.9996
2026-08-06,first confirmed case,1,Muanda,2026-08-13,pmf,invasion,0.0003
2026-08-06,first confirmed case,1,Muanda,2026-08-13,pmf,no invasion,0.9997
2026-08-06,first confirmed case,1,Mubumbano,2026-08-13,pmf,invasion,0.0043
2026-08-06,first confirmed case,1,Mubumbano,2026-08-13,pmf,no invasion,0.9957
2026-08-06,first confirmed case,1,Muetshi,2026-08-13,pmf,invasion,0.0004
2026-08-06,first confirmed case,1,Muetshi,2026-08-13,pmf,no invasion,0.9996
2026-08-06,first confirmed case,1,Mufunga Sampwe,2026-08-13,pmf,invasion,0.0003
2026-08-06,first confirmed case,1,Mufunga Sampwe,2026-08-13,pmf,no invasion,0.9997
2026-08-06,first confirmed case,1,Mukanga,2026-08-13,pmf,invasion,0.0005
2026-08-06,first confirmed case,1,Mukanga,2026-08-13,pmf,no invasion,0.9995
2026-08-06,first confirmed case,1,Mukedi,2026-08-13,pmf,invasion,0.0004
2026-08-06,first confirmed case,1,Mukedi,2026-08-13,pmf,no invasion,0.9996
2026-08-06,first confirmed case,1,Mukumbi,2026-08-13,pmf,invasion,0.0003
2026-08-06,first confirmed case,1,Mukumbi,2026-08-13,pmf,no invasion,0.9997
2026-08-06,first confirmed case,1,Mulongo,2026-08-13,pmf,invasion,0.0006
2026-08-06,first confirmed case,1,Mulongo,2026-08-13,pmf,no invasion,0.9994
2026-08-06,first confirmed case,1,Mulumba,2026-08-13,pmf,invasion,0.0007
2026-08-06,first confirmed case,1,Mulumba,2026-08-13,pmf,no invasion,0.9993
2026-08-06,first confirmed case,1,Mulungu,2026-08-13,pmf,invasion,0.0016
2026-08-06,first confirmed case,1,Mulungu,2026-08-13,pmf,no invasion,0.9984
2026-08-06,first confirmed case,1,Mumbunda,2026-08-13,pmf,invasion,0.0037
2026-08-06,first confirmed case,1,Mumbunda,2026-08-13,pmf,no invasion,0.9963
2026-08-06,first confirmed case,1,Mungindu,2026-08-13,pmf,invasion,0.0002
2026-08-06,first confirmed case,1,Mungindu,2026-08-13,pmf,no invasion,0.9998
2026-08-06,first confirmed case,1,Mushenge,2026-08-13,pmf,invasion,0.0002
2026-08-06,first confirmed case,1,Mushenge,2026-08-13,pmf,no invasion,0.9998
2026-08-06,first confirmed case,1,Mushie,2026-08-13,pmf,invasion,0.0003
2026-08-06,first confirmed case,1,Mushie,2026-08-13,pmf,no invasion,0.9997
2026-08-06,first confirmed case,1,Mutena,2026-08-13,pmf,invasion,0.0002
2026-08-06,first confirmed case,1,Mutena,2026-08-13,pmf,no invasion,0.9998
2026-08-06,first confirmed case,1,Mutoto,2026-08-13,pmf,invasion,0.0002
2026-08-06,first confirmed case,1,Mutoto,2026-08-13,pmf,no invasion,0.9998
2026-08-06,first confirmed case,1,Mutshatsha,2026-08-13,pmf,invasion,0.0
2026-08-06,first confirmed case,1,Mutshatsha,2026-08-13,pmf,no invasion,1.0
2026-08-06,first confirmed case,1,Mutwanga,2026-08-13,pmf,invasion,0.2634
2026-08-06,first confirmed case,1,Mutwanga,2026-08-13,pmf,no invasion,0.7366
2026-08-06,first confirmed case,1,Muya,2026-08-13,pmf,invasion,0.0004
2026-08-06,first confirmed case,1,Muya,2026-08-13,pmf,no invasion,0.9996
2026-08-06,first confirmed case,1,Mwana,2026-08-13,pmf,invasion,0.0037
2026-08-06,first confirmed case,1,Mwana,2026-08-13,pmf,no invasion,0.9963
2026-08-06,first confirmed case,1,Mweka,2026-08-13,pmf,invasion,0.0006
2026-08-06,first confirmed case,1,Mweka,2026-08-13,pmf,no invasion,0.9994
2026-08-06,first confirmed case,1,Mwela Lembwa,2026-08-13,pmf,invasion,0.0001
2026-08-06,first confirmed case,1,Mwela Lembwa,2026-08-13,pmf,no invasion,0.9999
2026-08-06,first confirmed case,1,Mweneditu,2026-08-13,pmf,invasion,0.0007
2026-08-06,first confirmed case,1,Mweneditu,2026-08-13,pmf,no invasion,0.9993
2026-08-06,first confirmed case,1,Mwenga,2026-08-13,pmf,invasion,0.0019
2026-08-06,first confirmed case,1,Mwenga,2026-08-13,pmf,no invasion,0.9981
2026-08-06,first confirmed case,1,Mweso,2026-08-13,pmf,invasion,0.0342
2026-08-06,first confirmed case,1,Mweso,2026-08-13,pmf,no invasion,0.9658
2026-08-06,first confirmed case,1,Ndage,2026-08-13,pmf,invasion,0.0008
2026-08-06,first confirmed case,1,Ndage,2026-08-13,pmf,no invasion,0.9992
2026-08-06,first confirmed case,1,Ndekesha,2026-08-13,pmf,invasion,0.0004
2026-08-06,first confirmed case,1,Ndekesha,2026-08-13,pmf,no invasion,0.9996
2026-08-06,first confirmed case,1,Ndesha,2026-08-13,pmf,invasion,0.0002
2026-08-06,first confirmed case,1,Ndesha,2026-08-13,pmf,no invasion,0.9998
2026-08-06,first confirmed case,1,Ndjili,2026-08-13,pmf,invasion,0.0121
2026-08-06,first confirmed case,1,Ndjili,2026-08-13,pmf,no invasion,0.9879
2026-08-06,first confirmed case,1,Ndjoko Mpunda,2026-08-13,pmf,invasion,0.0003
2026-08-06,first confirmed case,1,Ndjoko Mpunda,2026-08-13,pmf,no invasion,0.9997
2026-08-06,first confirmed case,1,Ngaba,2026-08-13,pmf,invasion,0.0031
2026-08-06,first confirmed case,1,Ngaba,2026-08-13,pmf,no invasion,0.9969
2026-08-06,first confirmed case,1,Ngandajika,2026-08-13,pmf,invasion,0.0005
2026-08-06,first confirmed case,1,Ngandajika,2026-08-13,pmf,no invasion,0.9995
2026-08-06,first confirmed case,1,Ngidinga,2026-08-13,pmf,invasion,0.0001
2026-08-06,first confirmed case,1,Ngidinga,2026-08-13,pmf,no invasion,0.9999
2026-08-06,first confirmed case,1,Ngiri Ngiri,2026-08-13,pmf,invasion,0.012
2026-08-06,first confirmed case,1,Ngiri Ngiri,2026-08-13,pmf,no invasion,0.988
2026-08-06,first confirmed case,1,Niangara,2026-08-13,pmf,invasion,0.0776
2026-08-06,first confirmed case,1,Niangara,2026-08-13,pmf,no invasion,0.9224
2026-08-06,first confirmed case,1,Nioki,2026-08-13,pmf,invasion,0.0003
2026-08-06,first confirmed case,1,Nioki,2026-08-13,pmf,no invasion,0.9997
2026-08-06,first confirmed case,1,Nsele,2026-08-13,pmf,invasion,0.0392
2026-08-06,first confirmed case,1,Nsele,2026-08-13,pmf,no invasion,0.9608
2026-08-06,first confirmed case,1,Nselo,2026-08-13,pmf,invasion,0.0001
2026-08-06,first confirmed case,1,Nselo,2026-08-13,pmf,no invasion,0.9999
2026-08-06,first confirmed case,1,Nsona Mpangu,2026-08-13,pmf,invasion,0.0002
2026-08-06,first confirmed case,1,Nsona Mpangu,2026-08-13,pmf,no invasion,0.9998
2026-08-06,first confirmed case,1,Ntandembelo,2026-08-13,pmf,invasion,0.0002
2026-08-06,first confirmed case,1,Ntandembelo,2026-08-13,pmf,no invasion,0.9998
2026-08-06,first confirmed case,1,Ntondo,2026-08-13,pmf,invasion,0.0001
2026-08-06,first confirmed case,1,Ntondo,2026-08-13,pmf,no invasion,0.9999
2026-08-06,first confirmed case,1,Nundu,2026-08-13,pmf,invasion,0.002
2026-08-06,first confirmed case,1,Nundu,2026-08-13,pmf,no invasion,0.998
2026-08-06,first confirmed case,1,Nyanga,2026-08-13,pmf,invasion,0.0002
2026-08-06,first confirmed case,1,Nyanga,2026-08-13,pmf,no invasion,0.9998
2026-08-06,first confirmed case,1,Nyangezi,2026-08-13,pmf,invasion,0.0038
2026-08-06,first confirmed case,1,Nyangezi,2026-08-13,pmf,no invasion,0.9962
2026-08-06,first confirmed case,1,Nyantende,2026-08-13,pmf,invasion,0.007
2026-08-06,first confirmed case,1,Nyantende,2026-08-13,pmf,no invasion,0.993
2026-08-06,first confirmed case,1,Nyarambe,2026-08-13,pmf,invasion,0.2672
2026-08-06,first confirmed case,1,Nyarambe,2026-08-13,pmf,no invasion,0.7328
2026-08-06,first confirmed case,1,Nyemba,2026-08-13,pmf,invasion,0.0084
2026-08-06,first confirmed case,1,Nyemba,2026-08-13,pmf,no invasion,0.9916
2026-08-06,first confirmed case,1,Nyiragongo,2026-08-13,pmf,invasion,0.0665
2026-08-06,first confirmed case,1,Nyiragongo,2026-08-13,pmf,no invasion,0.9335
2026-08-06,first confirmed case,1,Nyunzu,2026-08-13,pmf,invasion,0.0011
2026-08-06,first confirmed case,1,Nyunzu,2026-08-13,pmf,no invasion,0.9989
2026-08-06,first confirmed case,1,Nzaba,2026-08-13,pmf,invasion,0.0008
2026-08-06,first confirmed case,1,Nzaba,2026-08-13,pmf,no invasion,0.9992
2026-08-06,first confirmed case,1,Nzanza,2026-08-13,pmf,invasion,0.0001
2026-08-06,first confirmed case,1,Nzanza,2026-08-13,pmf,no invasion,0.9999
2026-08-06,first confirmed case,1,Obokote,2026-08-13,pmf,invasion,0.0017
2026-08-06,first confirmed case,1,Obokote,2026-08-13,pmf,no invasion,0.9983
2026-08-06,first confirmed case,1,Omendjadi,2026-08-13,pmf,invasion,0.0007
2026-08-06,first confirmed case,1,Omendjadi,2026-08-13,pmf,no invasion,0.9993
2026-08-06,first confirmed case,1,Opala,2026-08-13,pmf,invasion,0.0024
2026-08-06,first confirmed case,1,Opala,2026-08-13,pmf,no invasion,0.9976
2026-08-06,first confirmed case,1,Opienge,2026-08-13,pmf,invasion,0.0238
2026-08-06,first confirmed case,1,Opienge,2026-08-13,pmf,no invasion,0.9762
2026-08-06,first confirmed case,1,Oshwe,2026-08-13,pmf,invasion,0.0004
2026-08-06,first confirmed case,1,Oshwe,2026-08-13,pmf,no invasion,0.9996
2026-08-06,first confirmed case,1,Ototo,2026-08-13,pmf,invasion,0.0007
2026-08-06,first confirmed case,1,Ototo,2026-08-13,pmf,no invasion,0.9993
2026-08-06,first confirmed case,1,Panda,2026-08-13,pmf,invasion,0.0002
2026-08-06,first confirmed case,1,Panda,2026-08-13,pmf,no invasion,0.9998
2026-08-06,first confirmed case,1,Pangi,2026-08-13,pmf,invasion,0.0004
2026-08-06,first confirmed case,1,Pangi,2026-08-13,pmf,no invasion,0.9996
2026-08-06,first confirmed case,1,Pania Mutombo,2026-08-13,pmf,invasion,0.0003
2026-08-06,first confirmed case,1,Pania Mutombo,2026-08-13,pmf,no invasion,0.9997
2026-08-06,first confirmed case,1,Panzi,2026-08-13,pmf,invasion,0.0003
2026-08-06,first confirmed case,1,Panzi,2026-08-13,pmf,no invasion,0.9997
2026-08-06,first confirmed case,1,Pay Kongila,2026-08-13,pmf,invasion,0.0003
2026-08-06,first confirmed case,1,Pay Kongila,2026-08-13,pmf,no invasion,0.9997
2026-08-06,first confirmed case,1,Pendjwa,2026-08-13,pmf,invasion,0.0002
2026-08-06,first confirmed case,1,Pendjwa,2026-08-13,pmf,no invasion,0.9998
2026-08-06,first confirmed case,1,Pimu,2026-08-13,pmf,invasion,0.001
2026-08-06,first confirmed case,1,Pimu,2026-08-13,pmf,no invasion,0.999
2026-08-06,first confirmed case,1,Pinga,2026-08-13,pmf,invasion,0.0237
2026-08-06,first confirmed case,1,Pinga,2026-08-13,pmf,no invasion,0.9763
2026-08-06,first confirmed case,1,Poko,2026-08-13,pmf,invasion,0.0617
2026-08-06,first confirmed case,1,Poko,2026-08-13,pmf,no invasion,0.9383
2026-08-06,first confirmed case,1,Police,2026-08-13,pmf,invasion,0.0119
2026-08-06,first confirmed case,1,Police,2026-08-13,pmf,no invasion,0.9881
2026-08-06,first confirmed case,1,Popokabaka,2026-08-13,pmf,invasion,0.0003
2026-08-06,first confirmed case,1,Popokabaka,2026-08-13,pmf,no invasion,0.9997
2026-08-06,first confirmed case,1,Punia,2026-08-13,pmf,invasion,0.002
2026-08-06,first confirmed case,1,Punia,2026-08-13,pmf,no invasion,0.998
2026-08-06,first confirmed case,1,Pweto,2026-08-13,pmf,invasion,0.0004
2026-08-06,first confirmed case,1,Pweto,2026-08-13,pmf,no invasion,0.9996
2026-08-06,first confirmed case,1,Ruashi,2026-08-13,pmf,invasion,0.0005
2026-08-06,first confirmed case,1,Ruashi,2026-08-13,pmf,no invasion,0.9995
2026-08-06,first confirmed case,1,Rutshuru,2026-08-13,pmf,invasion,0.0404
2026-08-06,first confirmed case,1,Rutshuru,2026-08-13,pmf,no invasion,0.9596
2026-08-06,first confirmed case,1,Ruzizi,2026-08-13,pmf,invasion,0.0071
2026-08-06,first confirmed case,1,Ruzizi,2026-08-13,pmf,no invasion,0.9929
2026-08-06,first confirmed case,1,Rwanguba,2026-08-13,pmf,invasion,0.0367
2026-08-06,first confirmed case,1,Rwanguba,2026-08-13,pmf,no invasion,0.9633
2026-08-06,first confirmed case,1,Sakania,2026-08-13,pmf,invasion,0.0004
2026-08-06,first confirmed case,1,Sakania,2026-08-13,pmf,no invasion,0.9996
2026-08-06,first confirmed case,1,Samba,2026-08-13,pmf,invasion,0.0008
2026-08-06,first confirmed case,1,Samba,2026-08-13,pmf,no invasion,0.9992
2026-08-06,first confirmed case,1,Sandoa,2026-08-13,pmf,invasion,0.0003
2026-08-06,first confirmed case,1,Sandoa,2026-08-13,pmf,no invasion,0.9997
2026-08-06,first confirmed case,1,Saramabila,2026-08-13,pmf,invasion,0.0016
2026-08-06,first confirmed case,1,Saramabila,2026-08-13,pmf,no invasion,0.9984
2026-08-06,first confirmed case,1,Seke Banza,2026-08-13,pmf,invasion,0.0002
2026-08-06,first confirmed case,1,Seke Banza,2026-08-13,pmf,no invasion,0.9998
2026-08-06,first confirmed case,1,Selembao,2026-08-13,pmf,invasion,0.0124
2026-08-06,first confirmed case,1,Selembao,2026-08-13,pmf,no invasion,0.9876
2026-08-06,first confirmed case,1,Shabunda,2026-08-13,pmf,invasion,0.0044
2026-08-06,first confirmed case,1,Shabunda,2026-08-13,pmf,no invasion,0.9956
2026-08-06,first confirmed case,1,Sia,2026-08-13,pmf,invasion,0.0002
2026-08-06,first confirmed case,1,Sia,2026-08-13,pmf,no invasion,0.9998
2026-08-06,first confirmed case,1,Sona Bata,2026-08-13,pmf,invasion,0.0001
2026-08-06,first confirmed case,1,Sona Bata,2026-08-13,pmf,no invasion,0.9999
2026-08-06,first confirmed case,1,Songa,2026-08-13,pmf,invasion,0.0002
2026-08-06,first confirmed case,1,Songa,2026-08-13,pmf,no invasion,0.9998
2026-08-06,first confirmed case,1,Tandala,2026-08-13,pmf,invasion,0.0011
2026-08-06,first confirmed case,1,Tandala,2026-08-13,pmf,no invasion,0.9989
2026-08-06,first confirmed case,1,Tembo,2026-08-13,pmf,invasion,0.0001
2026-08-06,first confirmed case,1,Tembo,2026-08-13,pmf,no invasion,0.9999
2026-08-06,first confirmed case,1,Titule,2026-08-13,pmf,invasion,0.0051
2026-08-06,first confirmed case,1,Titule,2026-08-13,pmf,no invasion,0.9949
2026-08-06,first confirmed case,1,Tshamilemba,2026-08-13,pmf,invasion,0.0033
2026-08-06,first confirmed case,1,Tshamilemba,2026-08-13,pmf,no invasion,0.9967
2026-08-06,first confirmed case,1,Tshela,2026-08-13,pmf,invasion,0.0001
2026-08-06,first confirmed case,1,Tshela,2026-08-13,pmf,no invasion,0.9999
2026-08-06,first confirmed case,1,Tshibala,2026-08-13,pmf,invasion,0.0003
2026-08-06,first confirmed case,1,Tshibala,2026-08-13,pmf,no invasion,0.9997
2026-08-06,first confirmed case,1,Tshikaji,2026-08-13,pmf,invasion,0.0004
2026-08-06,first confirmed case,1,Tshikaji,2026-08-13,pmf,no invasion,0.9996
2026-08-06,first confirmed case,1,Tshikapa,2026-08-13,pmf,invasion,0.0007
2026-08-06,first confirmed case,1,Tshikapa,2026-08-13,pmf,no invasion,0.9993
2026-08-06,first confirmed case,1,Tshikula,2026-08-13,pmf,invasion,0.0003
2026-08-06,first confirmed case,1,Tshikula,2026-08-13,pmf,no invasion,0.9997
2026-08-06,first confirmed case,1,Tshilenge,2026-08-13,pmf,invasion,0.0007
2026-08-06,first confirmed case,1,Tshilenge,2026-08-13,pmf,no invasion,0.9993
2026-08-06,first confirmed case,1,Tshishimbi,2026-08-13,pmf,invasion,0.0004
2026-08-06,first confirmed case,1,Tshishimbi,2026-08-13,pmf,no invasion,0.9996
2026-08-06,first confirmed case,1,Tshofa,2026-08-13,pmf,invasion,0.0005
2026-08-06,first confirmed case,1,Tshofa,2026-08-13,pmf,no invasion,0.9995
2026-08-06,first confirmed case,1,Tshopo,2026-08-13,pmf,invasion,0.0599
2026-08-06,first confirmed case,1,Tshopo,2026-08-13,pmf,no invasion,0.9401
2026-08-06,first confirmed case,1,Tshudi Loto,2026-08-13,pmf,invasion,0.0003
2026-08-06,first confirmed case,1,Tshudi Loto,2026-08-13,pmf,no invasion,0.9997
2026-08-06,first confirmed case,1,Tshumbe,2026-08-13,pmf,invasion,0.0005
2026-08-06,first confirmed case,1,Tshumbe,2026-08-13,pmf,no invasion,0.9995
2026-08-06,first confirmed case,1,Tunda,2026-08-13,pmf,invasion,0.0003
2026-08-06,first confirmed case,1,Tunda,2026-08-13,pmf,no invasion,0.9997
2026-08-06,first confirmed case,1,Ubundu,2026-08-13,pmf,invasion,0.0062
2026-08-06,first confirmed case,1,Ubundu,2026-08-13,pmf,no invasion,0.9938
2026-08-06,first confirmed case,1,Uvira,2026-08-13,pmf,invasion,0.0083
2026-08-06,first confirmed case,1,Uvira,2026-08-13,pmf,no invasion,0.9917
2026-08-06,first confirmed case,1,Vaku,2026-08-13,pmf,invasion,0.0001
2026-08-06,first confirmed case,1,Vaku,2026-08-13,pmf,no invasion,0.9999
2026-08-06,first confirmed case,1,Vanga,2026-08-13,pmf,invasion,0.0006
2026-08-06,first confirmed case,1,Vanga,2026-08-13,pmf,no invasion,0.9994
2026-08-06,first confirmed case,1,Vanga Kete,2026-08-13,pmf,invasion,0.0008
2026-08-06,first confirmed case,1,Vanga Kete,2026-08-13,pmf,no invasion,0.9992
2026-08-06,first confirmed case,1,Vangu,2026-08-13,pmf,invasion,0.0001
2026-08-06,first confirmed case,1,Vangu,2026-08-13,pmf,no invasion,0.9999
2026-08-06,first confirmed case,1,Viadana,2026-08-13,pmf,invasion,0.0806
2026-08-06,first confirmed case,1,Viadana,2026-08-13,pmf,no invasion,0.9194
2026-08-06,first confirmed case,1,Walikale,2026-08-13,pmf,invasion,0.0143
2026-08-06,first confirmed case,1,Walikale,2026-08-13,pmf,no invasion,0.9857
2026-08-06,first confirmed case,1,Walungu,2026-08-13,pmf,invasion,0.006
2026-08-06,first confirmed case,1,Walungu,2026-08-13,pmf,no invasion,0.994
2026-08-06,first confirmed case,1,Wamba Lwadi,2026-08-13,pmf,invasion,0.0002
2026-08-06,first confirmed case,1,Wamba Lwadi,2026-08-13,pmf,no invasion,0.9998
2026-08-06,first confirmed case,1,Wangata,2026-08-13,pmf,invasion,0.0005
2026-08-06,first confirmed case,1,Wangata,2026-08-13,pmf,no invasion,0.9995
2026-08-06,first confirmed case,1,Wapinda,2026-08-13,pmf,invasion,0.0009
2026-08-06,first confirmed case,1,Wapinda,2026-08-13,pmf,no invasion,0.9991
2026-08-06,first confirmed case,1,Wasolo,2026-08-13,pmf,invasion,0.0007
2026-08-06,first confirmed case,1,Wasolo,2026-08-13,pmf,no invasion,0.9993
2026-08-06,first confirmed case,1,Watsa,2026-08-13,pmf,invasion,0.4129
2026-08-06,first confirmed case,1,Watsa,2026-08-13,pmf,no invasion,0.5871
2026-08-06,first confirmed case,1,Wema,2026-08-13,pmf,invasion,0.0004
2026-08-06,first confirmed case,1,Wema,2026-08-13,pmf,no invasion,0.9996
2026-08-06,first confirmed case,1,Wembo Nyama,2026-08-13,pmf,invasion,0.0004
2026-08-06,first confirmed case,1,Wembo Nyama,2026-08-13,pmf,no invasion,0.9996
2026-08-06,first confirmed case,1,Wikong,2026-08-13,pmf,invasion,0.0002
2026-08-06,first confirmed case,1,Wikong,2026-08-13,pmf,no invasion,0.9998
2026-08-06,first confirmed case,1,Yabaondo,2026-08-13,pmf,invasion,0.006
2026-08-06,first confirmed case,1,Yabaondo,2026-08-13,pmf,no invasion,0.994
2026-08-06,first confirmed case,1,Yahisuli,2026-08-13,pmf,invasion,0.0031
2026-08-06,first confirmed case,1,Yahisuli,2026-08-13,pmf,no invasion,0.9969
2026-08-06,first confirmed case,1,Yahuma,2026-08-13,pmf,invasion,0.0025
2026-08-06,first confirmed case,1,Yahuma,2026-08-13,pmf,no invasion,0.9975
2026-08-06,first confirmed case,1,Yakoma,2026-08-13,pmf,invasion,0.0017
2026-08-06,first confirmed case,1,Yakoma,2026-08-13,pmf,no invasion,0.9983
2026-08-06,first confirmed case,1,Yakusu,2026-08-13,pmf,invasion,0.0095
2026-08-06,first confirmed case,1,Yakusu,2026-08-13,pmf,no invasion,0.9905
2026-08-06,first confirmed case,1,Yaleko,2026-08-13,pmf,invasion,0.0047
2026-08-06,first confirmed case,1,Yaleko,2026-08-13,pmf,no invasion,0.9953
2026-08-06,first confirmed case,1,Yalifafu,2026-08-13,pmf,invasion,0.0013
2026-08-06,first confirmed case,1,Yalifafu,2026-08-13,pmf,no invasion,0.9987
2026-08-06,first confirmed case,1,Yalimbongo,2026-08-13,pmf,invasion,0.0014
2026-08-06,first confirmed case,1,Yalimbongo,2026-08-13,pmf,no invasion,0.9986
2026-08-06,first confirmed case,1,Yamaluka,2026-08-13,pmf,invasion,0.0078
2026-08-06,first confirmed case,1,Yamaluka,2026-08-13,pmf,no invasion,0.9922
2026-08-06,first confirmed case,1,Yambuku,2026-08-13,pmf,invasion,0.0039
2026-08-06,first confirmed case,1,Yambuku,2026-08-13,pmf,no invasion,0.9961
2026-08-06,first confirmed case,1,Yamongili,2026-08-13,pmf,invasion,0.0016
2026-08-06,first confirmed case,1,Yamongili,2026-08-13,pmf,no invasion,0.9984
2026-08-06,first confirmed case,1,Yangala,2026-08-13,pmf,invasion,0.0003
2026-08-06,first confirmed case,1,Yangala,2026-08-13,pmf,no invasion,0.9997
2026-08-06,first confirmed case,1,Yasa Bonga,2026-08-13,pmf,invasion,0.0004
2026-08-06,first confirmed case,1,Yasa Bonga,2026-08-13,pmf,no invasion,0.9996
2026-08-06,first confirmed case,1,Yumbi,2026-08-13,pmf,invasion,0.0002
2026-08-06,first confirmed case,1,Yumbi,2026-08-13,pmf,no invasion,0.9998
2026-08-06,first confirmed case,1,Zongo,2026-08-13,pmf,invasion,0.0004
2026-08-06,first confirmed case,1,Zongo,2026-08-13,pmf,no invasion,0.9996
2026-08-06,first confirmed case,2,Aba,2026-08-20,pmf,invasion,0.0715
2026-08-06,first confirmed case,2,Aba,2026-08-20,pmf,no invasion,0.9285
2026-08-06,first confirmed case,2,Abuzi,2026-08-20,pmf,invasion,0.0018
2026-08-06,first confirmed case,2,Abuzi,2026-08-20,pmf,no invasion,0.9982
2026-08-06,first confirmed case,2,Adi,2026-08-20,pmf,invasion,0.1308
2026-08-06,first confirmed case,2,Adi,2026-08-20,pmf,no invasion,0.8692
2026-08-06,first confirmed case,2,Aketi,2026-08-20,pmf,invasion,0.0051
2026-08-06,first confirmed case,2,Aketi,2026-08-20,pmf,no invasion,0.9949
2026-08-06,first confirmed case,2,Alimbongo,2026-08-20,pmf,invasion,0.1713
2026-08-06,first confirmed case,2,Alimbongo,2026-08-20,pmf,no invasion,0.8287
2026-08-06,first confirmed case,2,Alunguli,2026-08-20,pmf,invasion,0.0012
2026-08-06,first confirmed case,2,Alunguli,2026-08-20,pmf,no invasion,0.9988
2026-08-06,first confirmed case,2,Ango,2026-08-20,pmf,invasion,0.0094
2026-08-06,first confirmed case,2,Ango,2026-08-20,pmf,no invasion,0.9906
2026-08-06,first confirmed case,2,Angumu,2026-08-20,pmf,invasion,0.3659
2026-08-06,first confirmed case,2,Angumu,2026-08-20,pmf,no invasion,0.6341
2026-08-06,first confirmed case,2,Ankoro,2026-08-20,pmf,invasion,0.0012
2026-08-06,first confirmed case,2,Ankoro,2026-08-20,pmf,no invasion,0.9988
2026-08-06,first confirmed case,2,Bafwagbogbo,2026-08-20,pmf,invasion,0.1705
2026-08-06,first confirmed case,2,Bafwagbogbo,2026-08-20,pmf,no invasion,0.8295
2026-08-06,first confirmed case,2,Bagata,2026-08-20,pmf,invasion,0.0005
2026-08-06,first confirmed case,2,Bagata,2026-08-20,pmf,no invasion,0.9995
2026-08-06,first confirmed case,2,Bagira,2026-08-20,pmf,invasion,0.0099
2026-08-06,first confirmed case,2,Bagira,2026-08-20,pmf,no invasion,0.9901
2026-08-06,first confirmed case,2,Baka,2026-08-20,pmf,invasion,0.0001
2026-08-06,first confirmed case,2,Baka,2026-08-20,pmf,no invasion,0.9999
2026-08-06,first confirmed case,2,Bambo,2026-08-20,pmf,invasion,0.0679
2026-08-06,first confirmed case,2,Bambo,2026-08-20,pmf,no invasion,0.9321
2026-08-06,first confirmed case,2,Banalia,2026-08-20,pmf,invasion,0.0659
2026-08-06,first confirmed case,2,Banalia,2026-08-20,pmf,no invasion,0.9341
2026-08-06,first confirmed case,2,Bandalungwa,2026-08-20,pmf,invasion,0.0348
2026-08-06,first confirmed case,2,Bandalungwa,2026-08-20,pmf,no invasion,0.9652
2026-08-06,first confirmed case,2,Bandundu,2026-08-20,pmf,invasion,0.0007
2026-08-06,first confirmed case,2,Bandundu,2026-08-20,pmf,no invasion,0.9993
2026-08-06,first confirmed case,2,Banga Lubaka,2026-08-20,pmf,invasion,0.0002
2026-08-06,first confirmed case,2,Banga Lubaka,2026-08-20,pmf,no invasion,0.9998
2026-08-06,first confirmed case,2,Bangabola,2026-08-20,pmf,invasion,0.001
2026-08-06,first confirmed case,2,Bangabola,2026-08-20,pmf,no invasion,0.999
2026-08-06,first confirmed case,2,Banzow Moke,2026-08-20,pmf,invasion,0.0006
2026-08-06,first confirmed case,2,Banzow Moke,2026-08-20,pmf,no invasion,0.9994
2026-08-06,first confirmed case,2,Barumbu,2026-08-20,pmf,invasion,0.0291
2026-08-06,first confirmed case,2,Barumbu,2026-08-20,pmf,no invasion,0.9709
2026-08-06,first confirmed case,2,Basali,2026-08-20,pmf,invasion,0.0028
2026-08-06,first confirmed case,2,Basali,2026-08-20,pmf,no invasion,0.9972
2026-08-06,first confirmed case,2,Basankusu,2026-08-20,pmf,invasion,0.0015
2026-08-06,first confirmed case,2,Basankusu,2026-08-20,pmf,no invasion,0.9985
2026-08-06,first confirmed case,2,Basoko,2026-08-20,pmf,invasion,0.0124
2026-08-06,first confirmed case,2,Basoko,2026-08-20,pmf,no invasion,0.9876
2026-08-06,first confirmed case,2,Befale,2026-08-20,pmf,invasion,0.0014
2026-08-06,first confirmed case,2,Befale,2026-08-20,pmf,no invasion,0.9986
2026-08-06,first confirmed case,2,Bena Dibele,2026-08-20,pmf,invasion,0.0009
2026-08-06,first confirmed case,2,Bena Dibele,2026-08-20,pmf,no invasion,0.9991
2026-08-06,first confirmed case,2,Bena Leka,2026-08-20,pmf,invasion,0.0011
2026-08-06,first confirmed case,2,Bena Leka,2026-08-20,pmf,no invasion,0.9989
2026-08-06,first confirmed case,2,Bena Tshadi,2026-08-20,pmf,invasion,0.0004
2026-08-06,first confirmed case,2,Bena Tshadi,2026-08-20,pmf,no invasion,0.9996
2026-08-06,first confirmed case,2,Bengamisa,2026-08-20,pmf,invasion,0.0297
2026-08-06,first confirmed case,2,Bengamisa,2026-08-20,pmf,no invasion,0.9703
2026-08-06,first confirmed case,2,Bibanga,2026-08-20,pmf,invasion,0.0009
2026-08-06,first confirmed case,2,Bibanga,2026-08-20,pmf,no invasion,0.9991
2026-08-06,first confirmed case,2,Biena,2026-08-20,pmf,invasion,0.3255
2026-08-06,first confirmed case,2,Biena,2026-08-20,pmf,no invasion,0.6745
2026-08-06,first confirmed case,2,Bikoro,2026-08-20,pmf,invasion,0.0008
2026-08-06,first confirmed case,2,Bikoro,2026-08-20,pmf,no invasion,0.9992
2026-08-06,first confirmed case,2,Bili (Bas-Uele),2026-08-20,pmf,invasion,0.004
2026-08-06,first confirmed case,2,Bili (Bas-Uele),2026-08-20,pmf,no invasion,0.996
2026-08-06,first confirmed case,2,Bili (Nord-Ubangi),2026-08-20,pmf,invasion,0.0015
2026-08-06,first confirmed case,2,Bili (Nord-Ubangi),2026-08-20,pmf,no invasion,0.9985
2026-08-06,first confirmed case,2,Bilomba,2026-08-20,pmf,invasion,0.0005
2026-08-06,first confirmed case,2,Bilomba,2026-08-20,pmf,no invasion,0.9995
2026-08-06,first confirmed case,2,Binga,2026-08-20,pmf,invasion,0.0019
2026-08-06,first confirmed case,2,Binga,2026-08-20,pmf,no invasion,0.9981
2026-08-06,first confirmed case,2,Binza,2026-08-20,pmf,invasion,0.048
2026-08-06,first confirmed case,2,Binza,2026-08-20,pmf,no invasion,0.952
2026-08-06,first confirmed case,2,Binza Meteo,2026-08-20,pmf,invasion,0.03
2026-08-06,first confirmed case,2,Binza Meteo,2026-08-20,pmf,no invasion,0.97
2026-08-06,first confirmed case,2,Binza Ozone,2026-08-20,pmf,invasion,0.0546
2026-08-06,first confirmed case,2,Binza Ozone,2026-08-20,pmf,no invasion,0.9454
2026-08-06,first confirmed case,2,Bipemba,2026-08-20,pmf,invasion,0.0007
2026-08-06,first confirmed case,2,Bipemba,2026-08-20,pmf,no invasion,0.9993
2026-08-06,first confirmed case,2,Birambizo,2026-08-20,pmf,invasion,0.039
2026-08-06,first confirmed case,2,Birambizo,2026-08-20,pmf,no invasion,0.961
2026-08-06,first confirmed case,2,Biringi,2026-08-20,pmf,invasion,0.4453
2026-08-06,first confirmed case,2,Biringi,2026-08-20,pmf,no invasion,0.5547
2026-08-06,first confirmed case,2,Biyela,2026-08-20,pmf,invasion,0.0064
2026-08-06,first confirmed case,2,Biyela,2026-08-20,pmf,no invasion,0.9936
2026-08-06,first confirmed case,2,Bobozo,2026-08-20,pmf,invasion,0.0001
2026-08-06,first confirmed case,2,Bobozo,2026-08-20,pmf,no invasion,0.9999
2026-08-06,first confirmed case,2,Boende,2026-08-20,pmf,invasion,0.0033
2026-08-06,first confirmed case,2,Boende,2026-08-20,pmf,no invasion,0.9967
2026-08-06,first confirmed case,2,Bogosenubea,2026-08-20,pmf,invasion,0.0017
2026-08-06,first confirmed case,2,Bogosenubea,2026-08-20,pmf,no invasion,0.9983
2026-08-06,first confirmed case,2,Boko,2026-08-20,pmf,invasion,0.0005
2026-08-06,first confirmed case,2,Boko,2026-08-20,pmf,no invasion,0.9995
2026-08-06,first confirmed case,2,Boko Kivulu,2026-08-20,pmf,invasion,0.0005
2026-08-06,first confirmed case,2,Boko Kivulu,2026-08-20,pmf,no invasion,0.9995
2026-08-06,first confirmed case,2,Bokonzi,2026-08-20,pmf,invasion,0.0014
2026-08-06,first confirmed case,2,Bokonzi,2026-08-20,pmf,no invasion,0.9986
2026-08-06,first confirmed case,2,Bokoro,2026-08-20,pmf,invasion,0.0
2026-08-06,first confirmed case,2,Bokoro,2026-08-20,pmf,no invasion,1.0
2026-08-06,first confirmed case,2,Bokungu,2026-08-20,pmf,invasion,0.0023
2026-08-06,first confirmed case,2,Bokungu,2026-08-20,pmf,no invasion,0.9977
2026-08-06,first confirmed case,2,Bolenge,2026-08-20,pmf,invasion,0.0003
2026-08-06,first confirmed case,2,Bolenge,2026-08-20,pmf,no invasion,0.9997
2026-08-06,first confirmed case,2,Bolobo,2026-08-20,pmf,invasion,0.0004
2026-08-06,first confirmed case,2,Bolobo,2026-08-20,pmf,no invasion,0.9996
2026-08-06,first confirmed case,2,Bolomba,2026-08-20,pmf,invasion,0.0014
2026-08-06,first confirmed case,2,Bolomba,2026-08-20,pmf,no invasion,0.9986
2026-08-06,first confirmed case,2,Boma,2026-08-20,pmf,invasion,0.0005
2026-08-06,first confirmed case,2,Boma,2026-08-20,pmf,no invasion,0.9995
2026-08-06,first confirmed case,2,Boma Bungu,2026-08-20,pmf,invasion,0.0001
2026-08-06,first confirmed case,2,Boma Bungu,2026-08-20,pmf,no invasion,0.9999
2026-08-06,first confirmed case,2,Bominenge,2026-08-20,pmf,invasion,0.0009
2026-08-06,first confirmed case,2,Bominenge,2026-08-20,pmf,no invasion,0.9991
2026-08-06,first confirmed case,2,Bomongo,2026-08-20,pmf,invasion,0.0005
2026-08-06,first confirmed case,2,Bomongo,2026-08-20,pmf,no invasion,0.9995
2026-08-06,first confirmed case,2,Bondo,2026-08-20,pmf,invasion,0.0346
2026-08-06,first confirmed case,2,Bondo,2026-08-20,pmf,no invasion,0.9654
2026-08-06,first confirmed case,2,Bongandanga,2026-08-20,pmf,invasion,0.0008
2026-08-06,first confirmed case,2,Bongandanga,2026-08-20,pmf,no invasion,0.9992
2026-08-06,first confirmed case,2,Bonzola,2026-08-20,pmf,invasion,0.0021
2026-08-06,first confirmed case,2,Bonzola,2026-08-20,pmf,no invasion,0.9979
2026-08-06,first confirmed case,2,Boso Manzi,2026-08-20,pmf,invasion,0.0016
2026-08-06,first confirmed case,2,Boso Manzi,2026-08-20,pmf,no invasion,0.9984
2026-08-06,first confirmed case,2,Boso Mondanda,2026-08-20,pmf,invasion,0.0011
2026-08-06,first confirmed case,2,Boso Mondanda,2026-08-20,pmf,no invasion,0.9989
2026-08-06,first confirmed case,2,Bosobe,2026-08-20,pmf,invasion,0.0004
2026-08-06,first confirmed case,2,Bosobe,2026-08-20,pmf,no invasion,0.9996
2026-08-06,first confirmed case,2,Bosobolo,2026-08-20,pmf,invasion,0.0016
2026-08-06,first confirmed case,2,Bosobolo,2026-08-20,pmf,no invasion,0.9984
2026-08-06,first confirmed case,2,Bosondjo,2026-08-20,pmf,invasion,0.0019
2026-08-06,first confirmed case,2,Bosondjo,2026-08-20,pmf,no invasion,0.9981
2026-08-06,first confirmed case,2,Boto,2026-08-20,pmf,invasion,0.0014
2026-08-06,first confirmed case,2,Boto,2026-08-20,pmf,no invasion,0.9986
2026-08-06,first confirmed case,2,Budjala,2026-08-20,pmf,invasion,0.0015
2026-08-06,first confirmed case,2,Budjala,2026-08-20,pmf,no invasion,0.9985
2026-08-06,first confirmed case,2,Bukama,2026-08-20,pmf,invasion,0.0008
2026-08-06,first confirmed case,2,Bukama,2026-08-20,pmf,no invasion,0.9992
2026-08-06,first confirmed case,2,Bulape,2026-08-20,pmf,invasion,0.0004
2026-08-06,first confirmed case,2,Bulape,2026-08-20,pmf,no invasion,0.9996
2026-08-06,first confirmed case,2,Bulu,2026-08-20,pmf,invasion,0.0013
2026-08-06,first confirmed case,2,Bulu,2026-08-20,pmf,no invasion,0.9987
2026-08-06,first confirmed case,2,Bulungu,2026-08-20,pmf,invasion,0.0011
2026-08-06,first confirmed case,2,Bulungu,2026-08-20,pmf,no invasion,0.9989
2026-08-06,first confirmed case,2,Bumba,2026-08-20,pmf,invasion,0.0048
2026-08-06,first confirmed case,2,Bumba,2026-08-20,pmf,no invasion,0.9952
2026-08-06,first confirmed case,2,Bumbu,2026-08-20,pmf,invasion,0.0061
2026-08-06,first confirmed case,2,Bumbu,2026-08-20,pmf,no invasion,0.9939
2026-08-06,first confirmed case,2,Bunkeya,2026-08-20,pmf,invasion,0.0002
2026-08-06,first confirmed case,2,Bunkeya,2026-08-20,pmf,no invasion,0.9998
2026-08-06,first confirmed case,2,Bunkonde,2026-08-20,pmf,invasion,0.0003
2026-08-06,first confirmed case,2,Bunkonde,2026-08-20,pmf,no invasion,0.9997
2026-08-06,first confirmed case,2,Bunyakiri,2026-08-20,pmf,invasion,0.0066
2026-08-06,first confirmed case,2,Bunyakiri,2026-08-20,pmf,no invasion,0.9934
2026-08-06,first confirmed case,2,Busanga,2026-08-20,pmf,invasion,0.0009
2026-08-06,first confirmed case,2,Busanga,2026-08-20,pmf,no invasion,0.9991
2026-08-06,first confirmed case,2,Businga,2026-08-20,pmf,invasion,0.0013
2026-08-06,first confirmed case,2,Businga,2026-08-20,pmf,no invasion,0.9987
2026-08-06,first confirmed case,2,Buta,2026-08-20,pmf,invasion,0.0416
2026-08-06,first confirmed case,2,Buta,2026-08-20,pmf,no invasion,0.9584
2026-08-06,first confirmed case,2,Butumba,2026-08-20,pmf,invasion,0.0002
2026-08-06,first confirmed case,2,Butumba,2026-08-20,pmf,no invasion,0.9998
2026-08-06,first confirmed case,2,Bwamanda,2026-08-20,pmf,invasion,0.0025
2026-08-06,first confirmed case,2,Bwamanda,2026-08-20,pmf,no invasion,0.9975
2026-08-06,first confirmed case,2,Cilundu,2026-08-20,pmf,invasion,0.001
2026-08-06,first confirmed case,2,Cilundu,2026-08-20,pmf,no invasion,0.999
2026-08-06,first confirmed case,2,Citenge,2026-08-20,pmf,invasion,0.0009
2026-08-06,first confirmed case,2,Citenge,2026-08-20,pmf,no invasion,0.9991
2026-08-06,first confirmed case,2,Dekese,2026-08-20,pmf,invasion,0.0009
2026-08-06,first confirmed case,2,Dekese,2026-08-20,pmf,no invasion,0.9991
2026-08-06,first confirmed case,2,Demba,2026-08-20,pmf,invasion,0.0013
2026-08-06,first confirmed case,2,Demba,2026-08-20,pmf,no invasion,0.9987
2026-08-06,first confirmed case,2,Dibaya,2026-08-20,pmf,invasion,0.0007
2026-08-06,first confirmed case,2,Dibaya,2026-08-20,pmf,no invasion,0.9993
2026-08-06,first confirmed case,2,Dibindi,2026-08-20,pmf,invasion,0.0007
2026-08-06,first confirmed case,2,Dibindi,2026-08-20,pmf,no invasion,0.9993
2026-08-06,first confirmed case,2,Dikungu,2026-08-20,pmf,invasion,0.0015
2026-08-06,first confirmed case,2,Dikungu,2026-08-20,pmf,no invasion,0.9985
2026-08-06,first confirmed case,2,Dilala,2026-08-20,pmf,invasion,0.0009
2026-08-06,first confirmed case,2,Dilala,2026-08-20,pmf,no invasion,0.9991
2026-08-06,first confirmed case,2,Dilolo,2026-08-20,pmf,invasion,0.0005
2026-08-06,first confirmed case,2,Dilolo,2026-08-20,pmf,no invasion,0.9995
2026-08-06,first confirmed case,2,Diulu,2026-08-20,pmf,invasion,0.001
2026-08-06,first confirmed case,2,Diulu,2026-08-20,pmf,no invasion,0.999
2026-08-06,first confirmed case,2,Djalo Ndjeka,2026-08-20,pmf,invasion,0.0006
2026-08-06,first confirmed case,2,Djalo Ndjeka,2026-08-20,pmf,no invasion,0.9994
2026-08-06,first confirmed case,2,Djolu,2026-08-20,pmf,invasion,0.0051
2026-08-06,first confirmed case,2,Djolu,2026-08-20,pmf,no invasion,0.9949
2026-08-06,first confirmed case,2,Djombo,2026-08-20,pmf,invasion,0.0007
2026-08-06,first confirmed case,2,Djombo,2026-08-20,pmf,no invasion,0.9993
2026-08-06,first confirmed case,2,Djuma,2026-08-20,pmf,invasion,0.0008
2026-08-06,first confirmed case,2,Djuma,2026-08-20,pmf,no invasion,0.9992
2026-08-06,first confirmed case,2,Doruma,2026-08-20,pmf,invasion,0.0124
2026-08-06,first confirmed case,2,Doruma,2026-08-20,pmf,no invasion,0.9876
2026-08-06,first confirmed case,2,Dungu,2026-08-20,pmf,invasion,0.2308
2026-08-06,first confirmed case,2,Dungu,2026-08-20,pmf,no invasion,0.7692
2026-08-06,first confirmed case,2,Faradje,2026-08-20,pmf,invasion,0.0814
2026-08-06,first confirmed case,2,Faradje,2026-08-20,pmf,no invasion,0.9186
2026-08-06,first confirmed case,2,Ferekeni,2026-08-20,pmf,invasion,0.0018
2026-08-06,first confirmed case,2,Ferekeni,2026-08-20,pmf,no invasion,0.9982
2026-08-06,first confirmed case,2,Feshi,2026-08-20,pmf,invasion,0.0005
2026-08-06,first confirmed case,2,Feshi,2026-08-20,pmf,no invasion,0.9995
2026-08-06,first confirmed case,2,Fizi,2026-08-20,pmf,invasion,0.0089
2026-08-06,first confirmed case,2,Fizi,2026-08-20,pmf,no invasion,0.9911
2026-08-06,first confirmed case,2,Fungurume,2026-08-20,pmf,invasion,0.0014
2026-08-06,first confirmed case,2,Fungurume,2026-08-20,pmf,no invasion,0.9986
2026-08-06,first confirmed case,2,Ganga,2026-08-20,pmf,invasion,0.0768
2026-08-06,first confirmed case,2,Ganga,2026-08-20,pmf,no invasion,0.9232
2026-08-06,first confirmed case,2,Gbadolite,2026-08-20,pmf,invasion,0.0018
2026-08-06,first confirmed case,2,Gbadolite,2026-08-20,pmf,no invasion,0.9982
2026-08-06,first confirmed case,2,Gemena,2026-08-20,pmf,invasion,0.0041
2026-08-06,first confirmed case,2,Gemena,2026-08-20,pmf,no invasion,0.9959
2026-08-06,first confirmed case,2,Gombari,2026-08-20,pmf,invasion,0.4397
2026-08-06,first confirmed case,2,Gombari,2026-08-20,pmf,no invasion,0.5603
2026-08-06,first confirmed case,2,Gombe,2026-08-20,pmf,invasion,0.0745
2026-08-06,first confirmed case,2,Gombe,2026-08-20,pmf,no invasion,0.9255
2026-08-06,first confirmed case,2,Gombe Matadi,2026-08-20,pmf,invasion,0.0003
2026-08-06,first confirmed case,2,Gombe Matadi,2026-08-20,pmf,no invasion,0.9997
2026-08-06,first confirmed case,2,Gungu,2026-08-20,pmf,invasion,0.0009
2026-08-06,first confirmed case,2,Gungu,2026-08-20,pmf,no invasion,0.9991
2026-08-06,first confirmed case,2,Haut Plateau,2026-08-20,pmf,invasion,0.0024
2026-08-06,first confirmed case,2,Haut Plateau,2026-08-20,pmf,no invasion,0.9976
2026-08-06,first confirmed case,2,Ibanda,2026-08-20,pmf,invasion,0.0441
2026-08-06,first confirmed case,2,Ibanda,2026-08-20,pmf,no invasion,0.9559
2026-08-06,first confirmed case,2,Iboko,2026-08-20,pmf,invasion,0.0005
2026-08-06,first confirmed case,2,Iboko,2026-08-20,pmf,no invasion,0.9995
2026-08-06,first confirmed case,2,Idiofa,2026-08-20,pmf,invasion,0.0015
2026-08-06,first confirmed case,2,Idiofa,2026-08-20,pmf,no invasion,0.9985
2026-08-06,first confirmed case,2,Idjwi,2026-08-20,pmf,invasion,0.0
2026-08-06,first confirmed case,2,Idjwi,2026-08-20,pmf,no invasion,1.0
2026-08-06,first confirmed case,2,Ikela,2026-08-20,pmf,invasion,0.0036
2026-08-06,first confirmed case,2,Ikela,2026-08-20,pmf,no invasion,0.9964
2026-08-06,first confirmed case,2,Ilebo,2026-08-20,pmf,invasion,0.0007
2026-08-06,first confirmed case,2,Ilebo,2026-08-20,pmf,no invasion,0.9993
2026-08-06,first confirmed case,2,Inga,2026-08-20,pmf,invasion,0.0003
2026-08-06,first confirmed case,2,Inga,2026-08-20,pmf,no invasion,0.9997
2026-08-06,first confirmed case,2,Ingende,2026-08-20,pmf,invasion,0.0009
2026-08-06,first confirmed case,2,Ingende,2026-08-20,pmf,no invasion,0.9991
2026-08-06,first confirmed case,2,Inongo,2026-08-20,pmf,invasion,0.0011
2026-08-06,first confirmed case,2,Inongo,2026-08-20,pmf,no invasion,0.9989
2026-08-06,first confirmed case,2,Ipamu,2026-08-20,pmf,invasion,0.0009
2026-08-06,first confirmed case,2,Ipamu,2026-08-20,pmf,no invasion,0.9991
2026-08-06,first confirmed case,2,Irebu,2026-08-20,pmf,invasion,0.0001
2026-08-06,first confirmed case,2,Irebu,2026-08-20,pmf,no invasion,0.9999
2026-08-06,first confirmed case,2,Isangi,2026-08-20,pmf,invasion,0.0207
2026-08-06,first confirmed case,2,Isangi,2026-08-20,pmf,no invasion,0.9793
2026-08-06,first confirmed case,2,Itebero,2026-08-20,pmf,invasion,0.0046
2026-08-06,first confirmed case,2,Itebero,2026-08-20,pmf,no invasion,0.9954
2026-08-06,first confirmed case,2,Itombwe,2026-08-20,pmf,invasion,0.0012
2026-08-06,first confirmed case,2,Itombwe,2026-08-20,pmf,no invasion,0.9988
2026-08-06,first confirmed case,2,Jiba,2026-08-20,pmf,invasion,0.4019
2026-08-06,first confirmed case,2,Jiba,2026-08-20,pmf,no invasion,0.5981
2026-08-06,first confirmed case,2,Kabalo,2026-08-20,pmf,invasion,0.0024
2026-08-06,first confirmed case,2,Kabalo,2026-08-20,pmf,no invasion,0.9976
2026-08-06,first confirmed case,2,Kabambare,2026-08-20,pmf,invasion,0.0011
2026-08-06,first confirmed case,2,Kabambare,2026-08-20,pmf,no invasion,0.9989
2026-08-06,first confirmed case,2,Kabare,2026-08-20,pmf,invasion,0.0293
2026-08-06,first confirmed case,2,Kabare,2026-08-20,pmf,no invasion,0.9707
2026-08-06,first confirmed case,2,Kabeya Kamwanga,2026-08-20,pmf,invasion,0.0013
2026-08-06,first confirmed case,2,Kabeya Kamwanga,2026-08-20,pmf,no invasion,0.9987
2026-08-06,first confirmed case,2,Kabinda,2026-08-20,pmf,invasion,0.0024
2026-08-06,first confirmed case,2,Kabinda,2026-08-20,pmf,no invasion,0.9976
2026-08-06,first confirmed case,2,Kabondo Dianda,2026-08-20,pmf,invasion,0.0007
2026-08-06,first confirmed case,2,Kabondo Dianda,2026-08-20,pmf,no invasion,0.9993
2026-08-06,first confirmed case,2,Kabongo,2026-08-20,pmf,invasion,0.0019
2026-08-06,first confirmed case,2,Kabongo,2026-08-20,pmf,no invasion,0.9981
2026-08-06,first confirmed case,2,Kadutu,2026-08-20,pmf,invasion,0.0349
2026-08-06,first confirmed case,2,Kadutu,2026-08-20,pmf,no invasion,0.9651
2026-08-06,first confirmed case,2,Kafakumba,2026-08-20,pmf,invasion,0.0003
2026-08-06,first confirmed case,2,Kafakumba,2026-08-20,pmf,no invasion,0.9997
2026-08-06,first confirmed case,2,Kafubu,2026-08-20,pmf,invasion,0.0004
2026-08-06,first confirmed case,2,Kafubu,2026-08-20,pmf,no invasion,0.9996
2026-08-06,first confirmed case,2,Kahemba,2026-08-20,pmf,invasion,0.0005
2026-08-06,first confirmed case,2,Kahemba,2026-08-20,pmf,no invasion,0.9995
2026-08-06,first confirmed case,2,Kailo,2026-08-20,pmf,invasion,0.0018
2026-08-06,first confirmed case,2,Kailo,2026-08-20,pmf,no invasion,0.9982
2026-08-06,first confirmed case,2,Kajiji,2026-08-20,pmf,invasion,0.0002
2026-08-06,first confirmed case,2,Kajiji,2026-08-20,pmf,no invasion,0.9998
2026-08-06,first confirmed case,2,Kakenge,2026-08-20,pmf,invasion,0.0006
2026-08-06,first confirmed case,2,Kakenge,2026-08-20,pmf,no invasion,0.9994
2026-08-06,first confirmed case,2,Kalamba,2026-08-20,pmf,invasion,0.0003
2026-08-06,first confirmed case,2,Kalamba,2026-08-20,pmf,no invasion,0.9997
2026-08-06,first confirmed case,2,Kalambayi Kabanga,2026-08-20,pmf,invasion,0.0008
2026-08-06,first confirmed case,2,Kalambayi Kabanga,2026-08-20,pmf,no invasion,0.9992
2026-08-06,first confirmed case,2,Kalamu 1,2026-08-20,pmf,invasion,0.046
2026-08-06,first confirmed case,2,Kalamu 1,2026-08-20,pmf,no invasion,0.954
2026-08-06,first confirmed case,2,Kalamu 2,2026-08-20,pmf,invasion,0.0118
2026-08-06,first confirmed case,2,Kalamu 2,2026-08-20,pmf,no invasion,0.9882
2026-08-06,first confirmed case,2,Kalehe,2026-08-20,pmf,invasion,0.0223
2026-08-06,first confirmed case,2,Kalehe,2026-08-20,pmf,no invasion,0.9777
2026-08-06,first confirmed case,2,Kalemie,2026-08-20,pmf,invasion,0.0089
2026-08-06,first confirmed case,2,Kalemie,2026-08-20,pmf,no invasion,0.9911
2026-08-06,first confirmed case,2,Kalenda,2026-08-20,pmf,invasion,0.0009
2026-08-06,first confirmed case,2,Kalenda,2026-08-20,pmf,no invasion,0.9991
2026-08-06,first confirmed case,2,Kalima,2026-08-20,pmf,invasion,0.0027
2026-08-06,first confirmed case,2,Kalima,2026-08-20,pmf,no invasion,0.9973
2026-08-06,first confirmed case,2,Kalole,2026-08-20,pmf,invasion,0.0027
2026-08-06,first confirmed case,2,Kalole,2026-08-20,pmf,no invasion,0.9973
2026-08-06,first confirmed case,2,Kalomba,2026-08-20,pmf,invasion,0.0003
2026-08-06,first confirmed case,2,Kalomba,2026-08-20,pmf,no invasion,0.9997
2026-08-06,first confirmed case,2,Kalonda Est,2026-08-20,pmf,invasion,0.0008
2026-08-06,first confirmed case,2,Kalonda Est,2026-08-20,pmf,no invasion,0.9992
2026-08-06,first confirmed case,2,Kalonda Ouest,2026-08-20,pmf,invasion,0.0009
2026-08-06,first confirmed case,2,Kalonda Ouest,2026-08-20,pmf,no invasion,0.9991
2026-08-06,first confirmed case,2,Kalonge,2026-08-20,pmf,invasion,0.0053
2026-08-06,first confirmed case,2,Kalonge,2026-08-20,pmf,no invasion,0.9947
2026-08-06,first confirmed case,2,Kamalondo,2026-08-20,pmf,invasion,0.0
2026-08-06,first confirmed case,2,Kamalondo,2026-08-20,pmf,no invasion,1.0
2026-08-06,first confirmed case,2,Kamana,2026-08-20,pmf,invasion,0.0009
2026-08-06,first confirmed case,2,Kamana,2026-08-20,pmf,no invasion,0.9991
2026-08-06,first confirmed case,2,Kamango,2026-08-20,pmf,invasion,0.2079
2026-08-06,first confirmed case,2,Kamango,2026-08-20,pmf,no invasion,0.7921
2026-08-06,first confirmed case,2,Kambove,2026-08-20,pmf,invasion,0.0008
2026-08-06,first confirmed case,2,Kambove,2026-08-20,pmf,no invasion,0.9992
2026-08-06,first confirmed case,2,Kamiji,2026-08-20,pmf,invasion,0.0004
2026-08-06,first confirmed case,2,Kamiji,2026-08-20,pmf,no invasion,0.9996
2026-08-06,first confirmed case,2,Kamina,2026-08-20,pmf,invasion,0.0014
2026-08-06,first confirmed case,2,Kamina,2026-08-20,pmf,no invasion,0.9986
2026-08-06,first confirmed case,2,Kamituga,2026-08-20,pmf,invasion,0.0032
2026-08-06,first confirmed case,2,Kamituga,2026-08-20,pmf,no invasion,0.9968
2026-08-06,first confirmed case,2,Kamonia,2026-08-20,pmf,invasion,0.0006
2026-08-06,first confirmed case,2,Kamonia,2026-08-20,pmf,no invasion,0.9994
2026-08-06,first confirmed case,2,Kampemba,2026-08-20,pmf,invasion,0.001
2026-08-06,first confirmed case,2,Kampemba,2026-08-20,pmf,no invasion,0.999
2026-08-06,first confirmed case,2,Kampene,2026-08-20,pmf,invasion,0.0022
2026-08-06,first confirmed case,2,Kampene,2026-08-20,pmf,no invasion,0.9978
2026-08-06,first confirmed case,2,Kamwesha,2026-08-20,pmf,invasion,0.0013
2026-08-06,first confirmed case,2,Kamwesha,2026-08-20,pmf,no invasion,0.9987
2026-08-06,first confirmed case,2,Kananga,2026-08-20,pmf,invasion,0.0019
2026-08-06,first confirmed case,2,Kananga,2026-08-20,pmf,no invasion,0.9981
2026-08-06,first confirmed case,2,Kanda Kanda,2026-08-20,pmf,invasion,0.0009
2026-08-06,first confirmed case,2,Kanda Kanda,2026-08-20,pmf,no invasion,0.9991
2026-08-06,first confirmed case,2,Kangu,2026-08-20,pmf,invasion,0.0003
2026-08-06,first confirmed case,2,Kangu,2026-08-20,pmf,no invasion,0.9997
2026-08-06,first confirmed case,2,Kaniama,2026-08-20,pmf,invasion,0.0011
2026-08-06,first confirmed case,2,Kaniama,2026-08-20,pmf,no invasion,0.9989
2026-08-06,first confirmed case,2,Kaniola,2026-08-20,pmf,invasion,0.0074
2026-08-06,first confirmed case,2,Kaniola,2026-08-20,pmf,no invasion,0.9926
2026-08-06,first confirmed case,2,Kansele,2026-08-20,pmf,invasion,0.0007
2026-08-06,first confirmed case,2,Kansele,2026-08-20,pmf,no invasion,0.9993
2026-08-06,first confirmed case,2,Kansimba,2026-08-20,pmf,invasion,0.0015
2026-08-06,first confirmed case,2,Kansimba,2026-08-20,pmf,no invasion,0.9985
2026-08-06,first confirmed case,2,Kanzala,2026-08-20,pmf,invasion,0.0008
2026-08-06,first confirmed case,2,Kanzala,2026-08-20,pmf,no invasion,0.9992
2026-08-06,first confirmed case,2,Kanzenze,2026-08-20,pmf,invasion,0.0004
2026-08-06,first confirmed case,2,Kanzenze,2026-08-20,pmf,no invasion,0.9996
2026-08-06,first confirmed case,2,Kapanga,2026-08-20,pmf,invasion,0.0005
2026-08-06,first confirmed case,2,Kapanga,2026-08-20,pmf,no invasion,0.9995
2026-08-06,first confirmed case,2,Kapolowe,2026-08-20,pmf,invasion,0.0008
2026-08-06,first confirmed case,2,Kapolowe,2026-08-20,pmf,no invasion,0.9992
2026-08-06,first confirmed case,2,Karawa,2026-08-20,pmf,invasion,0.0027
2026-08-06,first confirmed case,2,Karawa,2026-08-20,pmf,no invasion,0.9973
2026-08-06,first confirmed case,2,Karisimbi,2026-08-20,pmf,invasion,0.1458
2026-08-06,first confirmed case,2,Karisimbi,2026-08-20,pmf,no invasion,0.8542
2026-08-06,first confirmed case,2,Kasa Vubu,2026-08-20,pmf,invasion,0.046
2026-08-06,first confirmed case,2,Kasa Vubu,2026-08-20,pmf,no invasion,0.954
2026-08-06,first confirmed case,2,Kasaji,2026-08-20,pmf,invasion,0.0006
2026-08-06,first confirmed case,2,Kasaji,2026-08-20,pmf,no invasion,0.9994
2026-08-06,first confirmed case,2,Kasansa,2026-08-20,pmf,invasion,0.0017
2026-08-06,first confirmed case,2,Kasansa,2026-08-20,pmf,no invasion,0.9983
2026-08-06,first confirmed case,2,Kasenga,2026-08-20,pmf,invasion,0.0005
2026-08-06,first confirmed case,2,Kasenga,2026-08-20,pmf,no invasion,0.9995
2026-08-06,first confirmed case,2,Kashobwe,2026-08-20,pmf,invasion,0.0003
2026-08-06,first confirmed case,2,Kashobwe,2026-08-20,pmf,no invasion,0.9997
2026-08-06,first confirmed case,2,Kasongo,2026-08-20,pmf,invasion,0.0045
2026-08-06,first confirmed case,2,Kasongo,2026-08-20,pmf,no invasion,0.9955
2026-08-06,first confirmed case,2,Kasongo Lunda,2026-08-20,pmf,invasion,0.0004
2026-08-06,first confirmed case,2,Kasongo Lunda,2026-08-20,pmf,no invasion,0.9996
2026-08-06,first confirmed case,2,Katako Kombe,2026-08-20,pmf,invasion,0.0016
2026-08-06,first confirmed case,2,Katako Kombe,2026-08-20,pmf,no invasion,0.9984
2026-08-06,first confirmed case,2,Katana,2026-08-20,pmf,invasion,0.0496
2026-08-06,first confirmed case,2,Katana,2026-08-20,pmf,no invasion,0.9504
2026-08-06,first confirmed case,2,Katende,2026-08-20,pmf,invasion,0.0007
2026-08-06,first confirmed case,2,Katende,2026-08-20,pmf,no invasion,0.9993
2026-08-06,first confirmed case,2,Katoka,2026-08-20,pmf,invasion,0.0005
2026-08-06,first confirmed case,2,Katoka,2026-08-20,pmf,no invasion,0.9995
2026-08-06,first confirmed case,2,Katoyi,2026-08-20,pmf,invasion,0.0237
2026-08-06,first confirmed case,2,Katoyi,2026-08-20,pmf,no invasion,0.9763
2026-08-06,first confirmed case,2,Katuba,2026-08-20,pmf,invasion,0.0002
2026-08-06,first confirmed case,2,Katuba,2026-08-20,pmf,no invasion,0.9998
2026-08-06,first confirmed case,2,Kayamba,2026-08-20,pmf,invasion,0.0004
2026-08-06,first confirmed case,2,Kayamba,2026-08-20,pmf,no invasion,0.9996
2026-08-06,first confirmed case,2,Kayna,2026-08-20,pmf,invasion,0.2477
2026-08-06,first confirmed case,2,Kayna,2026-08-20,pmf,no invasion,0.7523
2026-08-06,first confirmed case,2,Kaziba,2026-08-20,pmf,invasion,0.0048
2026-08-06,first confirmed case,2,Kaziba,2026-08-20,pmf,no invasion,0.9952
2026-08-06,first confirmed case,2,Kenge,2026-08-20,pmf,invasion,0.001
2026-08-06,first confirmed case,2,Kenge,2026-08-20,pmf,no invasion,0.999
2026-08-06,first confirmed case,2,Kenya,2026-08-20,pmf,invasion,0.0003
2026-08-06,first confirmed case,2,Kenya,2026-08-20,pmf,no invasion,0.9997
2026-08-06,first confirmed case,2,Kiambi,2026-08-20,pmf,invasion,0.0009
2026-08-06,first confirmed case,2,Kiambi,2026-08-20,pmf,no invasion,0.9991
2026-08-06,first confirmed case,2,Kibirizi,2026-08-20,pmf,invasion,0.1018
2026-08-06,first confirmed case,2,Kibirizi,2026-08-20,pmf,no invasion,0.8982
2026-08-06,first confirmed case,2,Kibombo,2026-08-20,pmf,invasion,0.0011
2026-08-06,first confirmed case,2,Kibombo,2026-08-20,pmf,no invasion,0.9989
2026-08-06,first confirmed case,2,Kibua,2026-08-20,pmf,invasion,0.0094
2026-08-06,first confirmed case,2,Kibua,2026-08-20,pmf,no invasion,0.9906
2026-08-06,first confirmed case,2,Kibunzi,2026-08-20,pmf,invasion,0.0001
2026-08-06,first confirmed case,2,Kibunzi,2026-08-20,pmf,no invasion,0.9999
2026-08-06,first confirmed case,2,Kikimi,2026-08-20,pmf,invasion,0.0293
2026-08-06,first confirmed case,2,Kikimi,2026-08-20,pmf,no invasion,0.9707
2026-08-06,first confirmed case,2,Kikongo,2026-08-20,pmf,invasion,0.0005
2026-08-06,first confirmed case,2,Kikongo,2026-08-20,pmf,no invasion,0.9995
2026-08-06,first confirmed case,2,Kikula,2026-08-20,pmf,invasion,0.0004
2026-08-06,first confirmed case,2,Kikula,2026-08-20,pmf,no invasion,0.9996
2026-08-06,first confirmed case,2,Kikwit Nord,2026-08-20,pmf,invasion,0.001
2026-08-06,first confirmed case,2,Kikwit Nord,2026-08-20,pmf,no invasion,0.999
2026-08-06,first confirmed case,2,Kikwit Sud,2026-08-20,pmf,invasion,0.0008
2026-08-06,first confirmed case,2,Kikwit Sud,2026-08-20,pmf,no invasion,0.9992
2026-08-06,first confirmed case,2,Kilela Balanda,2026-08-20,pmf,invasion,0.0002
2026-08-06,first confirmed case,2,Kilela Balanda,2026-08-20,pmf,no invasion,0.9998
2026-08-06,first confirmed case,2,Kilwa,2026-08-20,pmf,invasion,0.0012
2026-08-06,first confirmed case,2,Kilwa,2026-08-20,pmf,no invasion,0.9988
2026-08-06,first confirmed case,2,Kimbanseke,2026-08-20,pmf,invasion,0.0063
2026-08-06,first confirmed case,2,Kimbanseke,2026-08-20,pmf,no invasion,0.9937
2026-08-06,first confirmed case,2,Kimbao,2026-08-20,pmf,invasion,0.0004
2026-08-06,first confirmed case,2,Kimbao,2026-08-20,pmf,no invasion,0.9996
2026-08-06,first confirmed case,2,Kimbi Lulenge,2026-08-20,pmf,invasion,0.0028
2026-08-06,first confirmed case,2,Kimbi Lulenge,2026-08-20,pmf,no invasion,0.9972
2026-08-06,first confirmed case,2,Kimpangu,2026-08-20,pmf,invasion,0.0002
2026-08-06,first confirmed case,2,Kimpangu,2026-08-20,pmf,no invasion,0.9998
2026-08-06,first confirmed case,2,Kimpese,2026-08-20,pmf,invasion,0.0005
2026-08-06,first confirmed case,2,Kimpese,2026-08-20,pmf,no invasion,0.9995
2026-08-06,first confirmed case,2,Kimputu,2026-08-20,pmf,invasion,0.0005
2026-08-06,first confirmed case,2,Kimputu,2026-08-20,pmf,no invasion,0.9995
2026-08-06,first confirmed case,2,Kimvula,2026-08-20,pmf,invasion,0.0003
2026-08-06,first confirmed case,2,Kimvula,2026-08-20,pmf,no invasion,0.9997
2026-08-06,first confirmed case,2,Kinda,2026-08-20,pmf,invasion,0.0001
2026-08-06,first confirmed case,2,Kinda,2026-08-20,pmf,no invasion,0.9999
2026-08-06,first confirmed case,2,Kindu,2026-08-20,pmf,invasion,0.0104
2026-08-06,first confirmed case,2,Kindu,2026-08-20,pmf,no invasion,0.9896
2026-08-06,first confirmed case,2,Kingabwa,2026-08-20,pmf,invasion,0.0236
2026-08-06,first confirmed case,2,Kingabwa,2026-08-20,pmf,no invasion,0.9764
2026-08-06,first confirmed case,2,Kingandu,2026-08-20,pmf,invasion,0.0003
2026-08-06,first confirmed case,2,Kingandu,2026-08-20,pmf,no invasion,0.9997
2026-08-06,first confirmed case,2,Kingasani,2026-08-20,pmf,invasion,0.0177
2026-08-06,first confirmed case,2,Kingasani,2026-08-20,pmf,no invasion,0.9823
2026-08-06,first confirmed case,2,Kinkondja,2026-08-20,pmf,invasion,0.0007
2026-08-06,first confirmed case,2,Kinkondja,2026-08-20,pmf,no invasion,0.9993
2026-08-06,first confirmed case,2,Kinkonzi,2026-08-20,pmf,invasion,0.0002
2026-08-06,first confirmed case,2,Kinkonzi,2026-08-20,pmf,no invasion,0.9998
2026-08-06,first confirmed case,2,Kinshasa,2026-08-20,pmf,invasion,0.0477
2026-08-06,first confirmed case,2,Kinshasa,2026-08-20,pmf,no invasion,0.9523
2026-08-06,first confirmed case,2,Kintambo,2026-08-20,pmf,invasion,0.0404
2026-08-06,first confirmed case,2,Kintambo,2026-08-20,pmf,no invasion,0.9596
2026-08-06,first confirmed case,2,Kipushi,2026-08-20,pmf,invasion,0.0065
2026-08-06,first confirmed case,2,Kipushi,2026-08-20,pmf,no invasion,0.9935
2026-08-06,first confirmed case,2,Kiri,2026-08-20,pmf,invasion,0.0006
2026-08-06,first confirmed case,2,Kiri,2026-08-20,pmf,no invasion,0.9994
2026-08-06,first confirmed case,2,Kirotshe,2026-08-20,pmf,invasion,0.0551
2026-08-06,first confirmed case,2,Kirotshe,2026-08-20,pmf,no invasion,0.9449
2026-08-06,first confirmed case,2,Kisanga,2026-08-20,pmf,invasion,0.0008
2026-08-06,first confirmed case,2,Kisanga,2026-08-20,pmf,no invasion,0.9992
2026-08-06,first confirmed case,2,Kisanji,2026-08-20,pmf,invasion,0.0003
2026-08-06,first confirmed case,2,Kisanji,2026-08-20,pmf,no invasion,0.9997
2026-08-06,first confirmed case,2,Kisantu,2026-08-20,pmf,invasion,0.0007
2026-08-06,first confirmed case,2,Kisantu,2026-08-20,pmf,no invasion,0.9993
2026-08-06,first confirmed case,2,Kisenso,2026-08-20,pmf,invasion,0.0065
2026-08-06,first confirmed case,2,Kisenso,2026-08-20,pmf,no invasion,0.9935
2026-08-06,first confirmed case,2,Kitangwa,2026-08-20,pmf,invasion,0.0005
2026-08-06,first confirmed case,2,Kitangwa,2026-08-20,pmf,no invasion,0.9995
2026-08-06,first confirmed case,2,Kitenda,2026-08-20,pmf,invasion,0.0002
2026-08-06,first confirmed case,2,Kitenda,2026-08-20,pmf,no invasion,0.9998
2026-08-06,first confirmed case,2,Kitenge,2026-08-20,pmf,invasion,0.0015
2026-08-06,first confirmed case,2,Kitenge,2026-08-20,pmf,no invasion,0.9985
2026-08-06,first confirmed case,2,Kitona,2026-08-20,pmf,invasion,0.0
2026-08-06,first confirmed case,2,Kitona,2026-08-20,pmf,no invasion,1.0
2026-08-06,first confirmed case,2,Kitutu,2026-08-20,pmf,invasion,0.0032
2026-08-06,first confirmed case,2,Kitutu,2026-08-20,pmf,no invasion,0.9968
2026-08-06,first confirmed case,2,Kizu,2026-08-20,pmf,invasion,0.0002
2026-08-06,first confirmed case,2,Kizu,2026-08-20,pmf,no invasion,0.9998
2026-08-06,first confirmed case,2,Kokolo,2026-08-20,pmf,invasion,0.0517
2026-08-06,first confirmed case,2,Kokolo,2026-08-20,pmf,no invasion,0.9483
2026-08-06,first confirmed case,2,Kole,2026-08-20,pmf,invasion,0.0011
2026-08-06,first confirmed case,2,Kole,2026-08-20,pmf,no invasion,0.9989
2026-08-06,first confirmed case,2,Kongolo,2026-08-20,pmf,invasion,0.0034
2026-08-06,first confirmed case,2,Kongolo,2026-08-20,pmf,no invasion,0.9966
2026-08-06,first confirmed case,2,Koshibanda,2026-08-20,pmf,invasion,0.0009
2026-08-06,first confirmed case,2,Koshibanda,2026-08-20,pmf,no invasion,0.9991
2026-08-06,first confirmed case,2,Kowe,2026-08-20,pmf,invasion,0.0
2026-08-06,first confirmed case,2,Kowe,2026-08-20,pmf,no invasion,1.0
2026-08-06,first confirmed case,2,Kuimba,2026-08-20,pmf,invasion,0.0002
2026-08-06,first confirmed case,2,Kuimba,2026-08-20,pmf,no invasion,0.9998
2026-08-06,first confirmed case,2,Kunda,2026-08-20,pmf,invasion,0.0043
2026-08-06,first confirmed case,2,Kunda,2026-08-20,pmf,no invasion,0.9957
2026-08-06,first confirmed case,2,Kungu,2026-08-20,pmf,invasion,0.0015
2026-08-06,first confirmed case,2,Kungu,2026-08-20,pmf,no invasion,0.9985
2026-08-06,first confirmed case,2,Kwamouth,2026-08-20,pmf,invasion,0.0003
2026-08-06,first confirmed case,2,Kwamouth,2026-08-20,pmf,no invasion,0.9997
2026-08-06,first confirmed case,2,Kwilu Ngongo,2026-08-20,pmf,invasion,0.0004
2026-08-06,first confirmed case,2,Kwilu Ngongo,2026-08-20,pmf,no invasion,0.9996
2026-08-06,first confirmed case,2,Laybo,2026-08-20,pmf,invasion,0.2029
2026-08-06,first confirmed case,2,Laybo,2026-08-20,pmf,no invasion,0.7971
2026-08-06,first confirmed case,2,Lemba,2026-08-20,pmf,invasion,0.0408
2026-08-06,first confirmed case,2,Lemba,2026-08-20,pmf,no invasion,0.9592
2026-08-06,first confirmed case,2,Lemera,2026-08-20,pmf,invasion,0.0077
2026-08-06,first confirmed case,2,Lemera,2026-08-20,pmf,no invasion,0.9923
2026-08-06,first confirmed case,2,Libenge,2026-08-20,pmf,invasion,0.0019
2026-08-06,first confirmed case,2,Libenge,2026-08-20,pmf,no invasion,0.9981
2026-08-06,first confirmed case,2,Likasi,2026-08-20,pmf,invasion,0.0006
2026-08-06,first confirmed case,2,Likasi,2026-08-20,pmf,no invasion,0.9994
2026-08-06,first confirmed case,2,Likati,2026-08-20,pmf,invasion,0.0033
2026-08-06,first confirmed case,2,Likati,2026-08-20,pmf,no invasion,0.9967
2026-08-06,first confirmed case,2,Lilanga Bobangi,2026-08-20,pmf,invasion,0.0001
2026-08-06,first confirmed case,2,Lilanga Bobangi,2026-08-20,pmf,no invasion,0.9999
2026-08-06,first confirmed case,2,Limete,2026-08-20,pmf,invasion,0.0574
2026-08-06,first confirmed case,2,Limete,2026-08-20,pmf,no invasion,0.9426
2026-08-06,first confirmed case,2,Linga,2026-08-20,pmf,invasion,0.3634
2026-08-06,first confirmed case,2,Linga,2026-08-20,pmf,no invasion,0.6366
2026-08-06,first confirmed case,2,Lingomo,2026-08-20,pmf,invasion,0.0028
2026-08-06,first confirmed case,2,Lingomo,2026-08-20,pmf,no invasion,0.9972
2026-08-06,first confirmed case,2,Lingwala,2026-08-20,pmf,invasion,0.0525
2026-08-06,first confirmed case,2,Lingwala,2026-08-20,pmf,no invasion,0.9475
2026-08-06,first confirmed case,2,Lisala,2026-08-20,pmf,invasion,0.0101
2026-08-06,first confirmed case,2,Lisala,2026-08-20,pmf,no invasion,0.9899
2026-08-06,first confirmed case,2,Lodja,2026-08-20,pmf,invasion,0.0035
2026-08-06,first confirmed case,2,Lodja,2026-08-20,pmf,no invasion,0.9965
2026-08-06,first confirmed case,2,Loko,2026-08-20,pmf,invasion,0.0013
2026-08-06,first confirmed case,2,Loko,2026-08-20,pmf,no invasion,0.9987
2026-08-06,first confirmed case,2,Lolo,2026-08-20,pmf,invasion,0.0044
2026-08-06,first confirmed case,2,Lolo,2026-08-20,pmf,no invasion,0.9956
2026-08-06,first confirmed case,2,Lomela,2026-08-20,pmf,invasion,0.0027
2026-08-06,first confirmed case,2,Lomela,2026-08-20,pmf,no invasion,0.9973
2026-08-06,first confirmed case,2,Lotumbe,2026-08-20,pmf,invasion,0.0006
2026-08-06,first confirmed case,2,Lotumbe,2026-08-20,pmf,no invasion,0.9994
2026-08-06,first confirmed case,2,Lowa,2026-08-20,pmf,invasion,0.0019
2026-08-06,first confirmed case,2,Lowa,2026-08-20,pmf,no invasion,0.9981
2026-08-06,first confirmed case,2,Lualaba,2026-08-20,pmf,invasion,0.0006
2026-08-06,first confirmed case,2,Lualaba,2026-08-20,pmf,no invasion,0.9994
2026-08-06,first confirmed case,2,Luambo,2026-08-20,pmf,invasion,0.0008
2026-08-06,first confirmed case,2,Luambo,2026-08-20,pmf,no invasion,0.9992
2026-08-06,first confirmed case,2,Lubao,2026-08-20,pmf,invasion,0.0013
2026-08-06,first confirmed case,2,Lubao,2026-08-20,pmf,no invasion,0.9987
2026-08-06,first confirmed case,2,Lubilanji,2026-08-20,pmf,invasion,0.0007
2026-08-06,first confirmed case,2,Lubilanji,2026-08-20,pmf,no invasion,0.9993
2026-08-06,first confirmed case,2,Lubondaie,2026-08-20,pmf,invasion,0.0004
2026-08-06,first confirmed case,2,Lubondaie,2026-08-20,pmf,no invasion,0.9996
2026-08-06,first confirmed case,2,Lubudi,2026-08-20,pmf,invasion,0.0002
2026-08-06,first confirmed case,2,Lubudi,2026-08-20,pmf,no invasion,0.9998
2026-08-06,first confirmed case,2,Lubumbashi,2026-08-20,pmf,invasion,0.0132
2026-08-06,first confirmed case,2,Lubumbashi,2026-08-20,pmf,no invasion,0.9868
2026-08-06,first confirmed case,2,Lubunga (Kasaï-Central),2026-08-20,pmf,invasion,0.0004
2026-08-06,first confirmed case,2,Lubunga (Kasaï-Central),2026-08-20,pmf,no invasion,0.9996
2026-08-06,first confirmed case,2,Lubutu,2026-08-20,pmf,invasion,0.0195
2026-08-06,first confirmed case,2,Lubutu,2026-08-20,pmf,no invasion,0.9805
2026-08-06,first confirmed case,2,Ludimbi Lukula,2026-08-20,pmf,invasion,0.0008
2026-08-06,first confirmed case,2,Ludimbi Lukula,2026-08-20,pmf,no invasion,0.9992
2026-08-06,first confirmed case,2,Luebo,2026-08-20,pmf,invasion,0.0011
2026-08-06,first confirmed case,2,Luebo,2026-08-20,pmf,no invasion,0.9989
2026-08-06,first confirmed case,2,Luiza,2026-08-20,pmf,invasion,0.0011
2026-08-06,first confirmed case,2,Luiza,2026-08-20,pmf,no invasion,0.9989
2026-08-06,first confirmed case,2,Lukafu,2026-08-20,pmf,invasion,0.0004
2026-08-06,first confirmed case,2,Lukafu,2026-08-20,pmf,no invasion,0.9996
2026-08-06,first confirmed case,2,Lukelenge,2026-08-20,pmf,invasion,0.001
2026-08-06,first confirmed case,2,Lukelenge,2026-08-20,pmf,no invasion,0.999
2026-08-06,first confirmed case,2,Lukolela,2026-08-20,pmf,invasion,0.0006
2026-08-06,first confirmed case,2,Lukolela,2026-08-20,pmf,no invasion,0.9994
2026-08-06,first confirmed case,2,Lukonga,2026-08-20,pmf,invasion,0.0007
2026-08-06,first confirmed case,2,Lukonga,2026-08-20,pmf,no invasion,0.9993
2026-08-06,first confirmed case,2,Lukula,2026-08-20,pmf,invasion,0.0005
2026-08-06,first confirmed case,2,Lukula,2026-08-20,pmf,no invasion,0.9995
2026-08-06,first confirmed case,2,Lulingu,2026-08-20,pmf,invasion,0.0022
2026-08-06,first confirmed case,2,Lulingu,2026-08-20,pmf,no invasion,0.9978
2026-08-06,first confirmed case,2,Luozi,2026-08-20,pmf,invasion,0.0003
2026-08-06,first confirmed case,2,Luozi,2026-08-20,pmf,no invasion,0.9997
2026-08-06,first confirmed case,2,Luputa,2026-08-20,pmf,invasion,0.0014
2026-08-06,first confirmed case,2,Luputa,2026-08-20,pmf,no invasion,0.9986
2026-08-06,first confirmed case,2,Lusambo,2026-08-20,pmf,invasion,0.0008
2026-08-06,first confirmed case,2,Lusambo,2026-08-20,pmf,no invasion,0.9992
2026-08-06,first confirmed case,2,Lusanga,2026-08-20,pmf,invasion,0.0012
2026-08-06,first confirmed case,2,Lusanga,2026-08-20,pmf,no invasion,0.9988
2026-08-06,first confirmed case,2,Lusangi,2026-08-20,pmf,invasion,0.0017
2026-08-06,first confirmed case,2,Lusangi,2026-08-20,pmf,no invasion,0.9983
2026-08-06,first confirmed case,2,Lwamba,2026-08-20,pmf,invasion,0.0006
2026-08-06,first confirmed case,2,Lwamba,2026-08-20,pmf,no invasion,0.9994
2026-08-06,first confirmed case,2,Makala,2026-08-20,pmf,invasion,0.0119
2026-08-06,first confirmed case,2,Makala,2026-08-20,pmf,no invasion,0.9881
2026-08-06,first confirmed case,2,Makanza,2026-08-20,pmf,invasion,0.0007
2026-08-06,first confirmed case,2,Makanza,2026-08-20,pmf,no invasion,0.9993
2026-08-06,first confirmed case,2,Makoro,2026-08-20,pmf,invasion,0.3268
2026-08-06,first confirmed case,2,Makoro,2026-08-20,pmf,no invasion,0.6732
2026-08-06,first confirmed case,2,Makota,2026-08-20,pmf,invasion,0.0005
2026-08-06,first confirmed case,2,Makota,2026-08-20,pmf,no invasion,0.9995
2026-08-06,first confirmed case,2,Malemba Nkulu,2026-08-20,pmf,invasion,0.0018
2026-08-06,first confirmed case,2,Malemba Nkulu,2026-08-20,pmf,no invasion,0.9982
2026-08-06,first confirmed case,2,Maluku 1,2026-08-20,pmf,invasion,0.018
2026-08-06,first confirmed case,2,Maluku 1,2026-08-20,pmf,no invasion,0.982
2026-08-06,first confirmed case,2,Maluku 2,2026-08-20,pmf,invasion,0.0062
2026-08-06,first confirmed case,2,Maluku 2,2026-08-20,pmf,no invasion,0.9938
2026-08-06,first confirmed case,2,Mampoko,2026-08-20,pmf,invasion,0.0002
2026-08-06,first confirmed case,2,Mampoko,2026-08-20,pmf,no invasion,0.9998
2026-08-06,first confirmed case,2,Mangembo,2026-08-20,pmf,invasion,0.0002
2026-08-06,first confirmed case,2,Mangembo,2026-08-20,pmf,no invasion,0.9998
2026-08-06,first confirmed case,2,Manguredjipa,2026-08-20,pmf,invasion,0.2078
2026-08-06,first confirmed case,2,Manguredjipa,2026-08-20,pmf,no invasion,0.7922
2026-08-06,first confirmed case,2,Manika,2026-08-20,pmf,invasion,0.0069
2026-08-06,first confirmed case,2,Manika,2026-08-20,pmf,no invasion,0.9931
2026-08-06,first confirmed case,2,Manono,2026-08-20,pmf,invasion,0.0024
2026-08-06,first confirmed case,2,Manono,2026-08-20,pmf,no invasion,0.9976
2026-08-06,first confirmed case,2,Masi Manimba,2026-08-20,pmf,invasion,0.0007
2026-08-06,first confirmed case,2,Masi Manimba,2026-08-20,pmf,no invasion,0.9993
2026-08-06,first confirmed case,2,Masina 1,2026-08-20,pmf,invasion,0.0405
2026-08-06,first confirmed case,2,Masina 1,2026-08-20,pmf,no invasion,0.9595
2026-08-06,first confirmed case,2,Masina 2,2026-08-20,pmf,invasion,0.0348
2026-08-06,first confirmed case,2,Masina 2,2026-08-20,pmf,no invasion,0.9652
2026-08-06,first confirmed case,2,Masisi,2026-08-20,pmf,invasion,0.0285
2026-08-06,first confirmed case,2,Masisi,2026-08-20,pmf,no invasion,0.9715
2026-08-06,first confirmed case,2,Massa,2026-08-20,pmf,invasion,0.0004
2026-08-06,first confirmed case,2,Massa,2026-08-20,pmf,no invasion,0.9996
2026-08-06,first confirmed case,2,Masuika,2026-08-20,pmf,invasion,0.0011
2026-08-06,first confirmed case,2,Masuika,2026-08-20,pmf,no invasion,0.9989
2026-08-06,first confirmed case,2,Matadi,2026-08-20,pmf,invasion,0.0008
2026-08-06,first confirmed case,2,Matadi,2026-08-20,pmf,no invasion,0.9992
2026-08-06,first confirmed case,2,Matete,2026-08-20,pmf,invasion,0.0291
2026-08-06,first confirmed case,2,Matete,2026-08-20,pmf,no invasion,0.9709
2026-08-06,first confirmed case,2,Mawuya,2026-08-20,pmf,invasion,0.0009
2026-08-06,first confirmed case,2,Mawuya,2026-08-20,pmf,no invasion,0.9991
2026-08-06,first confirmed case,2,Mbandaka,2026-08-20,pmf,invasion,0.007
2026-08-06,first confirmed case,2,Mbandaka,2026-08-20,pmf,no invasion,0.993
2026-08-06,first confirmed case,2,Mbanza Ngungu,2026-08-20,pmf,invasion,0.0005
2026-08-06,first confirmed case,2,Mbanza Ngungu,2026-08-20,pmf,no invasion,0.9995
2026-08-06,first confirmed case,2,Mbaya,2026-08-20,pmf,invasion,0.0006
2026-08-06,first confirmed case,2,Mbaya,2026-08-20,pmf,no invasion,0.9994
2026-08-06,first confirmed case,2,Mbulula,2026-08-20,pmf,invasion,0.0025
2026-08-06,first confirmed case,2,Mbulula,2026-08-20,pmf,no invasion,0.9975
2026-08-06,first confirmed case,2,Miabi,2026-08-20,pmf,invasion,0.0008
2026-08-06,first confirmed case,2,Miabi,2026-08-20,pmf,no invasion,0.9992
2026-08-06,first confirmed case,2,Mikalayi,2026-08-20,pmf,invasion,0.0011
2026-08-06,first confirmed case,2,Mikalayi,2026-08-20,pmf,no invasion,0.9989
2026-08-06,first confirmed case,2,Mikope,2026-08-20,pmf,invasion,0.0007
2026-08-06,first confirmed case,2,Mikope,2026-08-20,pmf,no invasion,0.9993
2026-08-06,first confirmed case,2,Mimia,2026-08-20,pmf,invasion,0.0001
2026-08-06,first confirmed case,2,Mimia,2026-08-20,pmf,no invasion,0.9999
2026-08-06,first confirmed case,2,Minembwe,2026-08-20,pmf,invasion,0.0018
2026-08-06,first confirmed case,2,Minembwe,2026-08-20,pmf,no invasion,0.9982
2026-08-06,first confirmed case,2,Minga,2026-08-20,pmf,invasion,0.001
2026-08-06,first confirmed case,2,Minga,2026-08-20,pmf,no invasion,0.999
2026-08-06,first confirmed case,2,Minova,2026-08-20,pmf,invasion,0.0349
2026-08-06,first confirmed case,2,Minova,2026-08-20,pmf,no invasion,0.9651
2026-08-06,first confirmed case,2,Mitwaba,2026-08-20,pmf,invasion,0.0004
2026-08-06,first confirmed case,2,Mitwaba,2026-08-20,pmf,no invasion,0.9996
2026-08-06,first confirmed case,2,Moanza,2026-08-20,pmf,invasion,0.0003
2026-08-06,first confirmed case,2,Moanza,2026-08-20,pmf,no invasion,0.9997
2026-08-06,first confirmed case,2,Moba,2026-08-20,pmf,invasion,0.003
2026-08-06,first confirmed case,2,Moba,2026-08-20,pmf,no invasion,0.997
2026-08-06,first confirmed case,2,Mobayi Mbongo,2026-08-20,pmf,invasion,0.0017
2026-08-06,first confirmed case,2,Mobayi Mbongo,2026-08-20,pmf,no invasion,0.9983
2026-08-06,first confirmed case,2,Mokala,2026-08-20,pmf,invasion,0.0007
2026-08-06,first confirmed case,2,Mokala,2026-08-20,pmf,no invasion,0.9993
2026-08-06,first confirmed case,2,Mompono,2026-08-20,pmf,invasion,0.0015
2026-08-06,first confirmed case,2,Mompono,2026-08-20,pmf,no invasion,0.9985
2026-08-06,first confirmed case,2,Mondombe,2026-08-20,pmf,invasion,0.0039
2026-08-06,first confirmed case,2,Mondombe,2026-08-20,pmf,no invasion,0.9961
2026-08-06,first confirmed case,2,Monga,2026-08-20,pmf,invasion,0.0019
2026-08-06,first confirmed case,2,Monga,2026-08-20,pmf,no invasion,0.9981
2026-08-06,first confirmed case,2,Monieka,2026-08-20,pmf,invasion,0.0004
2026-08-06,first confirmed case,2,Monieka,2026-08-20,pmf,no invasion,0.9996
2026-08-06,first confirmed case,2,Monkoto,2026-08-20,pmf,invasion,0.0011
2026-08-06,first confirmed case,2,Monkoto,2026-08-20,pmf,no invasion,0.9989
2026-08-06,first confirmed case,2,Mont Ngafula 1,2026-08-20,pmf,invasion,0.0247
2026-08-06,first confirmed case,2,Mont Ngafula 1,2026-08-20,pmf,no invasion,0.9753
2026-08-06,first confirmed case,2,Mont Ngafula 2,2026-08-20,pmf,invasion,0.0241
2026-08-06,first confirmed case,2,Mont Ngafula 2,2026-08-20,pmf,no invasion,0.9759
2026-08-06,first confirmed case,2,Mosango,2026-08-20,pmf,invasion,0.0005
2026-08-06,first confirmed case,2,Mosango,2026-08-20,pmf,no invasion,0.9995
2026-08-06,first confirmed case,2,Mpokolo,2026-08-20,pmf,invasion,0.0007
2026-08-06,first confirmed case,2,Mpokolo,2026-08-20,pmf,no invasion,0.9993
2026-08-06,first confirmed case,2,Muanda,2026-08-20,pmf,invasion,0.0006
2026-08-06,first confirmed case,2,Muanda,2026-08-20,pmf,no invasion,0.9994
2026-08-06,first confirmed case,2,Mubumbano,2026-08-20,pmf,invasion,0.0087
2026-08-06,first confirmed case,2,Mubumbano,2026-08-20,pmf,no invasion,0.9913
2026-08-06,first confirmed case,2,Muetshi,2026-08-20,pmf,invasion,0.0008
2026-08-06,first confirmed case,2,Muetshi,2026-08-20,pmf,no invasion,0.9992
2026-08-06,first confirmed case,2,Mufunga Sampwe,2026-08-20,pmf,invasion,0.0006
2026-08-06,first confirmed case,2,Mufunga Sampwe,2026-08-20,pmf,no invasion,0.9994
2026-08-06,first confirmed case,2,Mukanga,2026-08-20,pmf,invasion,0.0011
2026-08-06,first confirmed case,2,Mukanga,2026-08-20,pmf,no invasion,0.9989
2026-08-06,first confirmed case,2,Mukedi,2026-08-20,pmf,invasion,0.0009
2026-08-06,first confirmed case,2,Mukedi,2026-08-20,pmf,no invasion,0.9991
2026-08-06,first confirmed case,2,Mukumbi,2026-08-20,pmf,invasion,0.0006
2026-08-06,first confirmed case,2,Mukumbi,2026-08-20,pmf,no invasion,0.9994
2026-08-06,first confirmed case,2,Mulongo,2026-08-20,pmf,invasion,0.0012
2026-08-06,first confirmed case,2,Mulongo,2026-08-20,pmf,no invasion,0.9988
2026-08-06,first confirmed case,2,Mulumba,2026-08-20,pmf,invasion,0.0014
2026-08-06,first confirmed case,2,Mulumba,2026-08-20,pmf,no invasion,0.9986
2026-08-06,first confirmed case,2,Mulungu,2026-08-20,pmf,invasion,0.0032
2026-08-06,first confirmed case,2,Mulungu,2026-08-20,pmf,no invasion,0.9968
2026-08-06,first confirmed case,2,Mumbunda,2026-08-20,pmf,invasion,0.0073
2026-08-06,first confirmed case,2,Mumbunda,2026-08-20,pmf,no invasion,0.9927
2026-08-06,first confirmed case,2,Mungindu,2026-08-20,pmf,invasion,0.0004
2026-08-06,first confirmed case,2,Mungindu,2026-08-20,pmf,no invasion,0.9996
2026-08-06,first confirmed case,2,Mushenge,2026-08-20,pmf,invasion,0.0004
2026-08-06,first confirmed case,2,Mushenge,2026-08-20,pmf,no invasion,0.9996
2026-08-06,first confirmed case,2,Mushie,2026-08-20,pmf,invasion,0.0005
2026-08-06,first confirmed case,2,Mushie,2026-08-20,pmf,no invasion,0.9995
2026-08-06,first confirmed case,2,Mutena,2026-08-20,pmf,invasion,0.0004
2026-08-06,first confirmed case,2,Mutena,2026-08-20,pmf,no invasion,0.9996
2026-08-06,first confirmed case,2,Mutoto,2026-08-20,pmf,invasion,0.0003
2026-08-06,first confirmed case,2,Mutoto,2026-08-20,pmf,no invasion,0.9997
2026-08-06,first confirmed case,2,Mutshatsha,2026-08-20,pmf,invasion,0.0001
2026-08-06,first confirmed case,2,Mutshatsha,2026-08-20,pmf,no invasion,0.9999
2026-08-06,first confirmed case,2,Mutwanga,2026-08-20,pmf,invasion,0.4602
2026-08-06,first confirmed case,2,Mutwanga,2026-08-20,pmf,no invasion,0.5398
2026-08-06,first confirmed case,2,Muya,2026-08-20,pmf,invasion,0.0007
2026-08-06,first confirmed case,2,Muya,2026-08-20,pmf,no invasion,0.9993
2026-08-06,first confirmed case,2,Mwana,2026-08-20,pmf,invasion,0.0075
2026-08-06,first confirmed case,2,Mwana,2026-08-20,pmf,no invasion,0.9925
2026-08-06,first confirmed case,2,Mweka,2026-08-20,pmf,invasion,0.0011
2026-08-06,first confirmed case,2,Mweka,2026-08-20,pmf,no invasion,0.9989
2026-08-06,first confirmed case,2,Mwela Lembwa,2026-08-20,pmf,invasion,0.0002
2026-08-06,first confirmed case,2,Mwela Lembwa,2026-08-20,pmf,no invasion,0.9998
2026-08-06,first confirmed case,2,Mweneditu,2026-08-20,pmf,invasion,0.0014
2026-08-06,first confirmed case,2,Mweneditu,2026-08-20,pmf,no invasion,0.9986
2026-08-06,first confirmed case,2,Mwenga,2026-08-20,pmf,invasion,0.0038
2026-08-06,first confirmed case,2,Mwenga,2026-08-20,pmf,no invasion,0.9962
2026-08-06,first confirmed case,2,Mweso,2026-08-20,pmf,invasion,0.0693
2026-08-06,first confirmed case,2,Mweso,2026-08-20,pmf,no invasion,0.9307
2026-08-06,first confirmed case,2,Ndage,2026-08-20,pmf,invasion,0.0015
2026-08-06,first confirmed case,2,Ndage,2026-08-20,pmf,no invasion,0.9985
2026-08-06,first confirmed case,2,Ndekesha,2026-08-20,pmf,invasion,0.0007
2026-08-06,first confirmed case,2,Ndekesha,2026-08-20,pmf,no invasion,0.9993
2026-08-06,first confirmed case,2,Ndesha,2026-08-20,pmf,invasion,0.0003
2026-08-06,first confirmed case,2,Ndesha,2026-08-20,pmf,no invasion,0.9997
2026-08-06,first confirmed case,2,Ndjili,2026-08-20,pmf,invasion,0.0236
2026-08-06,first confirmed case,2,Ndjili,2026-08-20,pmf,no invasion,0.9764
2026-08-06,first confirmed case,2,Ndjoko Mpunda,2026-08-20,pmf,invasion,0.0006
2026-08-06,first confirmed case,2,Ndjoko Mpunda,2026-08-20,pmf,no invasion,0.9994
2026-08-06,first confirmed case,2,Ngaba,2026-08-20,pmf,invasion,0.006
2026-08-06,first confirmed case,2,Ngaba,2026-08-20,pmf,no invasion,0.994
2026-08-06,first confirmed case,2,Ngandajika,2026-08-20,pmf,invasion,0.0011
2026-08-06,first confirmed case,2,Ngandajika,2026-08-20,pmf,no invasion,0.9989
2026-08-06,first confirmed case,2,Ngidinga,2026-08-20,pmf,invasion,0.0003
2026-08-06,first confirmed case,2,Ngidinga,2026-08-20,pmf,no invasion,0.9997
2026-08-06,first confirmed case,2,Ngiri Ngiri,2026-08-20,pmf,invasion,0.0234
2026-08-06,first confirmed case,2,Ngiri Ngiri,2026-08-20,pmf,no invasion,0.9766
2026-08-06,first confirmed case,2,Niangara,2026-08-20,pmf,invasion,0.1489
2026-08-06,first confirmed case,2,Niangara,2026-08-20,pmf,no invasion,0.8511
2026-08-06,first confirmed case,2,Nioki,2026-08-20,pmf,invasion,0.0006
2026-08-06,first confirmed case,2,Nioki,2026-08-20,pmf,no invasion,0.9994
2026-08-06,first confirmed case,2,Nsele,2026-08-20,pmf,invasion,0.0753
2026-08-06,first confirmed case,2,Nsele,2026-08-20,pmf,no invasion,0.9247
2026-08-06,first confirmed case,2,Nselo,2026-08-20,pmf,invasion,0.0002
2026-08-06,first confirmed case,2,Nselo,2026-08-20,pmf,no invasion,0.9998
2026-08-06,first confirmed case,2,Nsona Mpangu,2026-08-20,pmf,invasion,0.0003
2026-08-06,first confirmed case,2,Nsona Mpangu,2026-08-20,pmf,no invasion,0.9997
2026-08-06,first confirmed case,2,Ntandembelo,2026-08-20,pmf,invasion,0.0004
2026-08-06,first confirmed case,2,Ntandembelo,2026-08-20,pmf,no invasion,0.9996
2026-08-06,first confirmed case,2,Ntondo,2026-08-20,pmf,invasion,0.0002
2026-08-06,first confirmed case,2,Ntondo,2026-08-20,pmf,no invasion,0.9998
2026-08-06,first confirmed case,2,Nundu,2026-08-20,pmf,invasion,0.0041
2026-08-06,first confirmed case,2,Nundu,2026-08-20,pmf,no invasion,0.9959
2026-08-06,first confirmed case,2,Nyanga,2026-08-20,pmf,invasion,0.0003
2026-08-06,first confirmed case,2,Nyanga,2026-08-20,pmf,no invasion,0.9997
2026-08-06,first confirmed case,2,Nyangezi,2026-08-20,pmf,invasion,0.0076
2026-08-06,first confirmed case,2,Nyangezi,2026-08-20,pmf,no invasion,0.9924
2026-08-06,first confirmed case,2,Nyantende,2026-08-20,pmf,invasion,0.014
2026-08-06,first confirmed case,2,Nyantende,2026-08-20,pmf,no invasion,0.986
2026-08-06,first confirmed case,2,Nyarambe,2026-08-20,pmf,invasion,0.4504
2026-08-06,first confirmed case,2,Nyarambe,2026-08-20,pmf,no invasion,0.5496
2026-08-06,first confirmed case,2,Nyemba,2026-08-20,pmf,invasion,0.0164
2026-08-06,first confirmed case,2,Nyemba,2026-08-20,pmf,no invasion,0.9836
2026-08-06,first confirmed case,2,Nyiragongo,2026-08-20,pmf,invasion,0.1285
2026-08-06,first confirmed case,2,Nyiragongo,2026-08-20,pmf,no invasion,0.8715
2026-08-06,first confirmed case,2,Nyunzu,2026-08-20,pmf,invasion,0.0022
2026-08-06,first confirmed case,2,Nyunzu,2026-08-20,pmf,no invasion,0.9978
2026-08-06,first confirmed case,2,Nzaba,2026-08-20,pmf,invasion,0.0015
2026-08-06,first confirmed case,2,Nzaba,2026-08-20,pmf,no invasion,0.9985
2026-08-06,first confirmed case,2,Nzanza,2026-08-20,pmf,invasion,0.0002
2026-08-06,first confirmed case,2,Nzanza,2026-08-20,pmf,no invasion,0.9998
2026-08-06,first confirmed case,2,Obokote,2026-08-20,pmf,invasion,0.0034
2026-08-06,first confirmed case,2,Obokote,2026-08-20,pmf,no invasion,0.9966
2026-08-06,first confirmed case,2,Omendjadi,2026-08-20,pmf,invasion,0.0014
2026-08-06,first confirmed case,2,Omendjadi,2026-08-20,pmf,no invasion,0.9986
2026-08-06,first confirmed case,2,Opala,2026-08-20,pmf,invasion,0.0046
2026-08-06,first confirmed case,2,Opala,2026-08-20,pmf,no invasion,0.9954
2026-08-06,first confirmed case,2,Opienge,2026-08-20,pmf,invasion,0.0512
2026-08-06,first confirmed case,2,Opienge,2026-08-20,pmf,no invasion,0.9488
2026-08-06,first confirmed case,2,Oshwe,2026-08-20,pmf,invasion,0.0008
2026-08-06,first confirmed case,2,Oshwe,2026-08-20,pmf,no invasion,0.9992
2026-08-06,first confirmed case,2,Ototo,2026-08-20,pmf,invasion,0.0014
2026-08-06,first confirmed case,2,Ototo,2026-08-20,pmf,no invasion,0.9986
2026-08-06,first confirmed case,2,Panda,2026-08-20,pmf,invasion,0.0004
2026-08-06,first confirmed case,2,Panda,2026-08-20,pmf,no invasion,0.9996
2026-08-06,first confirmed case,2,Pangi,2026-08-20,pmf,invasion,0.0009
2026-08-06,first confirmed case,2,Pangi,2026-08-20,pmf,no invasion,0.9991
2026-08-06,first confirmed case,2,Pania Mutombo,2026-08-20,pmf,invasion,0.0005
2026-08-06,first confirmed case,2,Pania Mutombo,2026-08-20,pmf,no invasion,0.9995
2026-08-06,first confirmed case,2,Panzi,2026-08-20,pmf,invasion,0.0006
2026-08-06,first confirmed case,2,Panzi,2026-08-20,pmf,no invasion,0.9994
2026-08-06,first confirmed case,2,Pay Kongila,2026-08-20,pmf,invasion,0.0005
2026-08-06,first confirmed case,2,Pay Kongila,2026-08-20,pmf,no invasion,0.9995
2026-08-06,first confirmed case,2,Pendjwa,2026-08-20,pmf,invasion,0.0004
2026-08-06,first confirmed case,2,Pendjwa,2026-08-20,pmf,no invasion,0.9996
2026-08-06,first confirmed case,2,Pimu,2026-08-20,pmf,invasion,0.002
2026-08-06,first confirmed case,2,Pimu,2026-08-20,pmf,no invasion,0.998
2026-08-06,first confirmed case,2,Pinga,2026-08-20,pmf,invasion,0.0483
2026-08-06,first confirmed case,2,Pinga,2026-08-20,pmf,no invasion,0.9517
2026-08-06,first confirmed case,2,Poko,2026-08-20,pmf,invasion,0.1201
2026-08-06,first confirmed case,2,Poko,2026-08-20,pmf,no invasion,0.8799
2026-08-06,first confirmed case,2,Police,2026-08-20,pmf,invasion,0.0232
2026-08-06,first confirmed case,2,Police,2026-08-20,pmf,no invasion,0.9768
2026-08-06,first confirmed case,2,Popokabaka,2026-08-20,pmf,invasion,0.0005
2026-08-06,first confirmed case,2,Popokabaka,2026-08-20,pmf,no invasion,0.9995
2026-08-06,first confirmed case,2,Punia,2026-08-20,pmf,invasion,0.0039
2026-08-06,first confirmed case,2,Punia,2026-08-20,pmf,no invasion,0.9961
2026-08-06,first confirmed case,2,Pweto,2026-08-20,pmf,invasion,0.0009
2026-08-06,first confirmed case,2,Pweto,2026-08-20,pmf,no invasion,0.9991
2026-08-06,first confirmed case,2,Ruashi,2026-08-20,pmf,invasion,0.0009
2026-08-06,first confirmed case,2,Ruashi,2026-08-20,pmf,no invasion,0.9991
2026-08-06,first confirmed case,2,Rutshuru,2026-08-20,pmf,invasion,0.0816
2026-08-06,first confirmed case,2,Rutshuru,2026-08-20,pmf,no invasion,0.9184
2026-08-06,first confirmed case,2,Ruzizi,2026-08-20,pmf,invasion,0.0141
2026-08-06,first confirmed case,2,Ruzizi,2026-08-20,pmf,no invasion,0.9859
2026-08-06,first confirmed case,2,Rwanguba,2026-08-20,pmf,invasion,0.0742
2026-08-06,first confirmed case,2,Rwanguba,2026-08-20,pmf,no invasion,0.9258
2026-08-06,first confirmed case,2,Sakania,2026-08-20,pmf,invasion,0.0008
2026-08-06,first confirmed case,2,Sakania,2026-08-20,pmf,no invasion,0.9992
2026-08-06,first confirmed case,2,Samba,2026-08-20,pmf,invasion,0.0015
2026-08-06,first confirmed case,2,Samba,2026-08-20,pmf,no invasion,0.9985
2026-08-06,first confirmed case,2,Sandoa,2026-08-20,pmf,invasion,0.0006
2026-08-06,first confirmed case,2,Sandoa,2026-08-20,pmf,no invasion,0.9994
2026-08-06,first confirmed case,2,Saramabila,2026-08-20,pmf,invasion,0.0031
2026-08-06,first confirmed case,2,Saramabila,2026-08-20,pmf,no invasion,0.9969
2026-08-06,first confirmed case,2,Seke Banza,2026-08-20,pmf,invasion,0.0004
2026-08-06,first confirmed case,2,Seke Banza,2026-08-20,pmf,no invasion,0.9996
2026-08-06,first confirmed case,2,Selembao,2026-08-20,pmf,invasion,0.024
2026-08-06,first confirmed case,2,Selembao,2026-08-20,pmf,no invasion,0.976
2026-08-06,first confirmed case,2,Shabunda,2026-08-20,pmf,invasion,0.0088
2026-08-06,first confirmed case,2,Shabunda,2026-08-20,pmf,no invasion,0.9912
2026-08-06,first confirmed case,2,Sia,2026-08-20,pmf,invasion,0.0004
2026-08-06,first confirmed case,2,Sia,2026-08-20,pmf,no invasion,0.9996
2026-08-06,first confirmed case,2,Sona Bata,2026-08-20,pmf,invasion,0.0001
2026-08-06,first confirmed case,2,Sona Bata,2026-08-20,pmf,no invasion,0.9999
2026-08-06,first confirmed case,2,Songa,2026-08-20,pmf,invasion,0.0005
2026-08-06,first confirmed case,2,Songa,2026-08-20,pmf,no invasion,0.9995
2026-08-06,first confirmed case,2,Tandala,2026-08-20,pmf,invasion,0.0022
2026-08-06,first confirmed case,2,Tandala,2026-08-20,pmf,no invasion,0.9978
2026-08-06,first confirmed case,2,Tembo,2026-08-20,pmf,invasion,0.0002
2026-08-06,first confirmed case,2,Tembo,2026-08-20,pmf,no invasion,0.9998
2026-08-06,first confirmed case,2,Titule,2026-08-20,pmf,invasion,0.0101
2026-08-06,first confirmed case,2,Titule,2026-08-20,pmf,no invasion,0.9899
2026-08-06,first confirmed case,2,Tshamilemba,2026-08-20,pmf,invasion,0.0064
2026-08-06,first confirmed case,2,Tshamilemba,2026-08-20,pmf,no invasion,0.9936
2026-08-06,first confirmed case,2,Tshela,2026-08-20,pmf,invasion,0.0002
2026-08-06,first confirmed case,2,Tshela,2026-08-20,pmf,no invasion,0.9998
2026-08-06,first confirmed case,2,Tshibala,2026-08-20,pmf,invasion,0.0006
2026-08-06,first confirmed case,2,Tshibala,2026-08-20,pmf,no invasion,0.9994
2026-08-06,first confirmed case,2,Tshikaji,2026-08-20,pmf,invasion,0.0008
2026-08-06,first confirmed case,2,Tshikaji,2026-08-20,pmf,no invasion,0.9992
2026-08-06,first confirmed case,2,Tshikapa,2026-08-20,pmf,invasion,0.0014
2026-08-06,first confirmed case,2,Tshikapa,2026-08-20,pmf,no invasion,0.9986
2026-08-06,first confirmed case,2,Tshikula,2026-08-20,pmf,invasion,0.0005
2026-08-06,first confirmed case,2,Tshikula,2026-08-20,pmf,no invasion,0.9995
2026-08-06,first confirmed case,2,Tshilenge,2026-08-20,pmf,invasion,0.0014
2026-08-06,first confirmed case,2,Tshilenge,2026-08-20,pmf,no invasion,0.9986
2026-08-06,first confirmed case,2,Tshishimbi,2026-08-20,pmf,invasion,0.0007
2026-08-06,first confirmed case,2,Tshishimbi,2026-08-20,pmf,no invasion,0.9993
2026-08-06,first confirmed case,2,Tshofa,2026-08-20,pmf,invasion,0.0011
2026-08-06,first confirmed case,2,Tshofa,2026-08-20,pmf,no invasion,0.9989
2026-08-06,first confirmed case,2,Tshopo,2026-08-20,pmf,invasion,0.1115
2026-08-06,first confirmed case,2,Tshopo,2026-08-20,pmf,no invasion,0.8885
2026-08-06,first confirmed case,2,Tshudi Loto,2026-08-20,pmf,invasion,0.0005
2026-08-06,first confirmed case,2,Tshudi Loto,2026-08-20,pmf,no invasion,0.9995
2026-08-06,first confirmed case,2,Tshumbe,2026-08-20,pmf,invasion,0.001
2026-08-06,first confirmed case,2,Tshumbe,2026-08-20,pmf,no invasion,0.999
2026-08-06,first confirmed case,2,Tunda,2026-08-20,pmf,invasion,0.0006
2026-08-06,first confirmed case,2,Tunda,2026-08-20,pmf,no invasion,0.9994
2026-08-06,first confirmed case,2,Ubundu,2026-08-20,pmf,invasion,0.0119
2026-08-06,first confirmed case,2,Ubundu,2026-08-20,pmf,no invasion,0.9881
2026-08-06,first confirmed case,2,Uvira,2026-08-20,pmf,invasion,0.0163
2026-08-06,first confirmed case,2,Uvira,2026-08-20,pmf,no invasion,0.9837
2026-08-06,first confirmed case,2,Vaku,2026-08-20,pmf,invasion,0.0001
2026-08-06,first confirmed case,2,Vaku,2026-08-20,pmf,no invasion,0.9999
2026-08-06,first confirmed case,2,Vanga,2026-08-20,pmf,invasion,0.0011
2026-08-06,first confirmed case,2,Vanga,2026-08-20,pmf,no invasion,0.9989
2026-08-06,first confirmed case,2,Vanga Kete,2026-08-20,pmf,invasion,0.0015
2026-08-06,first confirmed case,2,Vanga Kete,2026-08-20,pmf,no invasion,0.9985
2026-08-06,first confirmed case,2,Vangu,2026-08-20,pmf,invasion,0.0001
2026-08-06,first confirmed case,2,Vangu,2026-08-20,pmf,no invasion,0.9999
2026-08-06,first confirmed case,2,Viadana,2026-08-20,pmf,invasion,0.1553
2026-08-06,first confirmed case,2,Viadana,2026-08-20,pmf,no invasion,0.8447
2026-08-06,first confirmed case,2,Walikale,2026-08-20,pmf,invasion,0.028
2026-08-06,first confirmed case,2,Walikale,2026-08-20,pmf,no invasion,0.972
2026-08-06,first confirmed case,2,Walungu,2026-08-20,pmf,invasion,0.0121
2026-08-06,first confirmed case,2,Walungu,2026-08-20,pmf,no invasion,0.9879
2026-08-06,first confirmed case,2,Wamba Lwadi,2026-08-20,pmf,invasion,0.0004
2026-08-06,first confirmed case,2,Wamba Lwadi,2026-08-20,pmf,no invasion,0.9996
2026-08-06,first confirmed case,2,Wangata,2026-08-20,pmf,invasion,0.001
2026-08-06,first confirmed case,2,Wangata,2026-08-20,pmf,no invasion,0.999
2026-08-06,first confirmed case,2,Wapinda,2026-08-20,pmf,invasion,0.0017
2026-08-06,first confirmed case,2,Wapinda,2026-08-20,pmf,no invasion,0.9983
2026-08-06,first confirmed case,2,Wasolo,2026-08-20,pmf,invasion,0.0014
2026-08-06,first confirmed case,2,Wasolo,2026-08-20,pmf,no invasion,0.9986
2026-08-06,first confirmed case,2,Watsa,2026-08-20,pmf,invasion,0.6523
2026-08-06,first confirmed case,2,Watsa,2026-08-20,pmf,no invasion,0.3477
2026-08-06,first confirmed case,2,Wema,2026-08-20,pmf,invasion,0.0008
2026-08-06,first confirmed case,2,Wema,2026-08-20,pmf,no invasion,0.9992
2026-08-06,first confirmed case,2,Wembo Nyama,2026-08-20,pmf,invasion,0.0008
2026-08-06,first confirmed case,2,Wembo Nyama,2026-08-20,pmf,no invasion,0.9992
2026-08-06,first confirmed case,2,Wikong,2026-08-20,pmf,invasion,0.0004
2026-08-06,first confirmed case,2,Wikong,2026-08-20,pmf,no invasion,0.9996
2026-08-06,first confirmed case,2,Yabaondo,2026-08-20,pmf,invasion,0.0115
2026-08-06,first confirmed case,2,Yabaondo,2026-08-20,pmf,no invasion,0.9885
2026-08-06,first confirmed case,2,Yahisuli,2026-08-20,pmf,invasion,0.006
2026-08-06,first confirmed case,2,Yahisuli,2026-08-20,pmf,no invasion,0.994
2026-08-06,first confirmed case,2,Yahuma,2026-08-20,pmf,invasion,0.0048
2026-08-06,first confirmed case,2,Yahuma,2026-08-20,pmf,no invasion,0.9952
2026-08-06,first confirmed case,2,Yakoma,2026-08-20,pmf,invasion,0.0035
2026-08-06,first confirmed case,2,Yakoma,2026-08-20,pmf,no invasion,0.9965
2026-08-06,first confirmed case,2,Yakusu,2026-08-20,pmf,invasion,0.0183
2026-08-06,first confirmed case,2,Yakusu,2026-08-20,pmf,no invasion,0.9817
2026-08-06,first confirmed case,2,Yaleko,2026-08-20,pmf,invasion,0.0091
2026-08-06,first confirmed case,2,Yaleko,2026-08-20,pmf,no invasion,0.9909
2026-08-06,first confirmed case,2,Yalifafu,2026-08-20,pmf,invasion,0.0026
2026-08-06,first confirmed case,2,Yalifafu,2026-08-20,pmf,no invasion,0.9974
2026-08-06,first confirmed case,2,Yalimbongo,2026-08-20,pmf,invasion,0.0028
2026-08-06,first confirmed case,2,Yalimbongo,2026-08-20,pmf,no invasion,0.9972
2026-08-06,first confirmed case,2,Yamaluka,2026-08-20,pmf,invasion,0.0155
2026-08-06,first confirmed case,2,Yamaluka,2026-08-20,pmf,no invasion,0.9845
2026-08-06,first confirmed case,2,Yambuku,2026-08-20,pmf,invasion,0.0076
2026-08-06,first confirmed case,2,Yambuku,2026-08-20,pmf,no invasion,0.9924
2026-08-06,first confirmed case,2,Yamongili,2026-08-20,pmf,invasion,0.0032
2026-08-06,first confirmed case,2,Yamongili,2026-08-20,pmf,no invasion,0.9968
2026-08-06,first confirmed case,2,Yangala,2026-08-20,pmf,invasion,0.0007
2026-08-06,first confirmed case,2,Yangala,2026-08-20,pmf,no invasion,0.9993
2026-08-06,first confirmed case,2,Yasa Bonga,2026-08-20,pmf,invasion,0.0008
2026-08-06,first confirmed case,2,Yasa Bonga,2026-08-20,pmf,no invasion,0.9992
2026-08-06,first confirmed case,2,Yumbi,2026-08-20,pmf,invasion,0.0004
2026-08-06,first confirmed case,2,Yumbi,2026-08-20,pmf,no invasion,0.9996
2026-08-06,first confirmed case,2,Zongo,2026-08-20,pmf,invasion,0.0007
2026-08-06,first confirmed case,2,Zongo,2026-08-20,pmf,no invasion,0.9993
