health_zone,province,horizon,was_active_before,p_case_invasion,p_case_lo,p_case_hi,p_median,rank_med,rank_lo,rank_hi,mu_forecast,rr_nat,rr_nat_rank,rr01_nat,rr_ituri,rr_ituri_rank,rr_nordkivu,rr_nordkivu_rank,rr_hautuele,rr_hautuele_rank,V,priority,priority_rank,surveillance_gap,healthcare_gap,access_gap,social_vulnerability,healthcare_travel_min,method
Rethy,Ituri,1,FALSE,0.4678,0.3821,0.5591,0.4665,1,1,1,0.636,52.9109,1,1,3.3875,1,NA,NA,NA,NA,0.2703,0.6535,2,0.2143,0.6081,0,0.2587,0,Bayes-M17-med
Watsa,Haut-Uele,1,FALSE,0.4033,0.3279,0.4821,0.4018,2,2,2,0.5194,43.2161,2,0.8621,NA,NA,NA,NA,3.7507,1,0.4797,1,1,0.7297,0.8436,0,0.3456,0,Bayes-M17-med
Nyarambe,Ituri,1,FALSE,0.212,0.1668,0.262,0.2106,3,3,3,0.239,19.8851,3,0.4533,1.2731,2,NA,NA,NA,NA,0.1805,0.1978,9,0.1699,0.4595,0,0.0927,0,Bayes-M17-med
Biringi,Ituri,1,FALSE,0.1809,0.1416,0.2248,0.1795,4,4,4,0.2001,16.6444,4,0.3868,1.0656,3,NA,NA,NA,NA,0.3494,0.3268,4,0.3958,0.4865,0,0.5154,0,Bayes-M17-med
Kayna,Nord-Kivu,1,FALSE,0.1398,0.1089,0.1749,0.1386,5,5,5,0.1509,12.5528,5,0.2989,NA,NA,2.8145,1,NA,NA,0.3113,0.225,8,0.2278,0.6332,0,0.3842,0,Bayes-M17-med
Makoro,Haut-Uele,1,FALSE,0.1345,0.1043,0.1684,0.1335,6,6,6,0.1447,12.0402,6,0.2876,NA,NA,NA,NA,1.045,2,0.3822,0.2658,5,0.556,0.5483,0,0.4247,0,Bayes-M17-med
Dungu,Haut-Uele,1,FALSE,0.1311,0.1016,0.1646,0.1301,7,7,7,0.1408,11.7171,7,0.2804,NA,NA,NA,NA,1.0169,3,0.5275,0.3576,3,0.8726,0.5598,0,0.6776,0,Bayes-M17-med
Angumu,Ituri,1,FALSE,0.1171,0.0913,0.1456,0.1161,8,8,9,0.1248,10.3797,8,0.2504,0.6645,4,NA,NA,NA,NA,0.11,0.0666,33,0.1641,0.1641,0,0.112,0,Bayes-M17-med
Biena,Nord-Kivu,1,FALSE,0.1114,0.0872,0.1361,0.111,9,8,9,0.1182,9.8341,9,0.2381,NA,NA,2.2049,2,NA,NA,0.2013,0.1158,18,0.251,0.166,0,0.388,0,Bayes-M17-med
Karisimbi,Nord-Kivu,1,FALSE,0.1008,0.078,0.1267,0.0999,10,10,10,0.1064,8.8488,10,0.2154,NA,NA,1.984,3,NA,NA,0.1597,0.0832,25,0.0907,0.5154,0,0.0328,0,Bayes-M17-med
Linga,Ituri,1,FALSE,0.0868,0.0665,0.1105,0.0858,11,11,11,0.0909,7.5623,11,0.1855,0.4842,5,NA,NA,NA,NA,0.2148,0.0963,22,0.1969,0.3417,0,0.3205,0,Bayes-M17-med
Jiba,Ituri,1,FALSE,0.0824,0.0631,0.1049,0.0814,12,12,13,0.086,7.1587,12,0.1761,0.4583,6,NA,NA,NA,NA,0.1651,0.0703,31,0.1815,0.1274,0,0.3514,0,Bayes-M17-med
Niangara,Haut-Uele,1,FALSE,0.082,0.0618,0.1058,0.0811,13,12,14,0.0857,7.1274,13,0.1753,NA,NA,NA,NA,0.6186,4,0.5512,0.2336,7,0.8031,0.4324,0,0.9691,0,Bayes-M17-med
Nyiragongo,Nord-Kivu,1,FALSE,0.0759,0.0586,0.0958,0.0752,15,14,15,0.079,6.5743,14,0.1623,NA,NA,1.474,4,NA,NA,0.2891,0.1134,19,0.2432,0.8764,0,0.0367,0,Bayes-M17-med
Manguredjipa,Nord-Kivu,1,FALSE,0.0753,0.0585,0.0926,0.075,15,12,19,0.0783,6.5168,15,0.1609,NA,NA,1.4612,5,NA,NA,0.3475,0.1352,15,0.778,0.0579,0,0.5541,0,Bayes-M17-med
Bafwagbogbo,Tshopo,1,FALSE,0.0751,0.0559,0.0986,0.0742,16,14,17,0.0782,6.5051,16,0.1606,NA,NA,NA,NA,NA,NA,0.3948,0.1533,11,0.8591,0.027,0,0.6931,0,Bayes-M17-med
Rutshuru,Nord-Kivu,1,FALSE,0.072,0.0555,0.0909,0.0714,17,16,17,0.0748,6.2243,17,0.154,NA,NA,1.3956,6,NA,NA,0.3721,0.1385,13,0.4093,0.9942,0,0.0849,0,Bayes-M17-med
Kirotshe,Nord-Kivu,1,FALSE,0.0684,0.0525,0.0864,0.0677,18,17,18,0.0709,5.8985,18,0.1462,NA,NA,1.3225,7,NA,NA,0.3842,0.1358,14,0.3764,0.9961,0,0.1641,0,Bayes-M17-med
Alimbongo,Nord-Kivu,1,FALSE,0.0663,0.051,0.0837,0.0656,19,19,20,0.0686,5.7083,19,0.1416,NA,NA,1.2799,8,NA,NA,0.4262,0.146,12,0.5849,0.7471,0,0.3726,0,Bayes-M17-med
Adi,Ituri,1,FALSE,0.0649,0.0493,0.083,0.0643,20,19,21,0.0672,5.5878,20,0.1387,0.3577,7,NA,NA,NA,NA,0.3977,0.1334,16,0.2587,0.7104,0,0.6216,0,Bayes-M17-med
Poko,Bas-Uele,1,FALSE,0.0646,0.0487,0.083,0.064,21,19,21,0.0668,5.5617,21,0.1381,NA,NA,NA,NA,NA,NA,0.7271,0.2428,6,0.9923,0.9517,0,0.9643,0,Bayes-M17-med
Laybo,Ituri,1,FALSE,0.0563,0.0419,0.0724,0.0556,22,22,24,0.058,4.8259,22,0.1204,0.309,8,NA,NA,NA,NA,0.3393,0.0988,21,0.3069,0.556,0,0.4942,0,Bayes-M17-med
Kamango,Nord-Kivu,1,FALSE,0.0562,0.0433,0.0712,0.0557,23,22,23,0.0579,4.8196,23,0.1202,NA,NA,1.0806,9,NA,NA,0.4373,0.1271,17,0.6583,0.917,0,0.1737,0,Bayes-M17-med
Rwanguba,Nord-Kivu,1,FALSE,0.0559,0.0429,0.0707,0.0554,24,23,24,0.0575,4.7862,24,0.1194,NA,NA,1.0731,10,NA,NA,0.2442,0.0705,30,0.2085,0.7027,0,0.0656,0,Bayes-M17-med
Kibirizi,Nord-Kivu,1,FALSE,0.0468,0.0359,0.0593,0.0464,25,25,25,0.048,3.9903,25,0.1001,NA,NA,0.8947,11,NA,NA,0.4175,0.101,20,0.5405,0.8552,0,0.2741,0,Bayes-M17-med
Ganga,Bas-Uele,1,FALSE,0.0424,0.0316,0.0553,0.0418,26,26,27,0.0433,3.605,26,0.0906,NA,NA,NA,NA,NA,NA,0.7218,0.1581,10,0.9672,0.9556,0,0.9643,0,Bayes-M17-med
Faradje,Haut-Uele,1,FALSE,0.0401,0.0306,0.0509,0.0397,27,26,27,0.0409,3.4043,27,0.0857,NA,NA,NA,NA,0.2955,5,0.4474,0.0927,24,0.7606,0.666,0,0.3629,0,Bayes-M17-med
Ibanda,Sud-Kivu,1,FALSE,0.0394,0.0302,0.0499,0.039,28,28,28,0.0402,3.3422,28,0.0841,NA,NA,NA,NA,NA,NA,0.2307,0.0469,44,0.083,0.6216,0,0.2181,0,Bayes-M17-med
Minova,Sud-Kivu,1,FALSE,0.0384,0.0293,0.0487,0.038,29,29,29,0.0392,3.2586,29,0.0821,NA,NA,NA,NA,NA,NA,0.3866,0.0767,26,0.4421,0.9826,0,0.1216,0,Bayes-M17-med
Nsele,Kinshasa,1,FALSE,0.036,0.0276,0.0456,0.0356,30,30,30,0.0367,3.0496,30,0.0769,NA,NA,NA,NA,NA,NA,0.1583,0.0294,49,0.139,0.3996,0,0.0946,0,Bayes-M17-med
Mweso,Nord-Kivu,1,FALSE,0.0352,0.0269,0.0447,0.0348,31,31,31,0.0358,2.9815,31,0.0752,NA,NA,0.6685,12,NA,NA,0.4189,0.0762,27,0.4498,0.9614,0,0.2645,0,Bayes-M17-med
Gombe,Kinshasa,1,FALSE,0.033,0.0254,0.0418,0.0327,32,32,35,0.0336,2.7945,32,0.0706,NA,NA,NA,NA,NA,NA,0.1622,0.0277,51,0.0695,0.5695,0,0.0097,0,Bayes-M17-med
Masisi,Nord-Kivu,1,FALSE,0.0329,0.0251,0.0418,0.0325,33,33,34,0.0334,2.7824,33,0.0703,NA,NA,0.6238,13,NA,NA,0.4402,0.0748,28,0.4324,0.9575,0,0.3707,0,Bayes-M17-med
Aba,Haut-Uele,1,FALSE,0.0327,0.0248,0.0419,0.0323,34,33,34,0.0332,2.7638,34,0.0698,NA,NA,NA,NA,0.2399,6,0.569,0.0961,23,0.6004,0.6853,0,0.9903,0,Bayes-M17-med
Banalia,Tshopo,1,FALSE,0.0322,0.0238,0.0425,0.0318,35,32,35,0.0328,2.7261,35,0.0689,NA,NA,NA,NA,NA,NA,0.4242,0.0707,29,0.7799,0.1178,0,0.7992,0,Bayes-M17-med
Binza,Nord-Kivu,1,FALSE,0.0297,0.0227,0.0376,0.0294,36,36,36,0.0301,2.5063,36,0.0634,NA,NA,0.5619,14,NA,NA,0.3518,0.053900000000000003,38,0.471,0.8378,0,0.0985,0,Bayes-M17-med
Kadutu,Sud-Kivu,1,FALSE,0.0295,0.0226,0.0375,0.0292,37,37,37,0.03,2.4944,37,0.0631,NA,NA,NA,NA,NA,NA,0.1636,0.025,60,0.0579,0.3861,0,0.2104,0,Bayes-M17-med
Bambo,Nord-Kivu,1,FALSE,0.0292,0.0223,0.037,0.0289,38,38,38,0.0296,2.463,38,0.0623,NA,NA,0.5522,15,NA,NA,0.3962,0.0597,34,0.5521,0.9073,0,0.1255,0,Bayes-M17-med
Katana,Sud-Kivu,1,FALSE,0.029,0.0222,0.0369,0.0288,39,39,39,0.0295,2.4525,39,0.0621,NA,NA,NA,NA,NA,NA,0.3224,0.0484,42,0.2471,0.9112,0,0.1313,0,Bayes-M17-med
Kabare,Sud-Kivu,1,FALSE,0.0274,0.021,0.0348,0.0272,40,40,40,0.0278,2.3152,40,0.0586,NA,NA,NA,NA,NA,NA,0.3567,0.0506,41,0.2394,0.9884,0,0.1988,0,Bayes-M17-med
Binza Ozone,Kinshasa,1,FALSE,0.0265,0.0203,0.0336,0.0262,41,41,41,0.0268,2.2314,41,0.0566,NA,NA,NA,NA,NA,NA,0.152,0.0208,69,0.0734,0.5232,0,0.0116,0,Bayes-M17-med
Limete,Kinshasa,1,FALSE,0.026,0.0199,0.0329,0.0257,42,42,42,0.0263,2.19,42,0.0555,NA,NA,NA,NA,NA,NA,0.056,0.0075,128,0.0405,0.1371,0,0.0463,0,Bayes-M17-med
Uvira,Sud-Kivu,1,FALSE,0.0246,0.0188,0.0313,0.0243,43,43,43,0.0249,2.0734,43,0.0526,NA,NA,NA,NA,NA,NA,0.5502,0.07,32,0.2181,0.9846,0,0.9981,0,Bayes-M17-med
Kokolo,Kinshasa,1,FALSE,0.0232,0.0178,0.0294,0.023,44,44,44,0.0235,1.9557,44,0.0497,NA,NA,NA,NA,NA,NA,0.2172,0.0261,58,0.0772,0.7722,0,0.0193,0,Bayes-M17-med
Lingwala,Kinshasa,1,FALSE,0.0227,0.0174,0.0287,0.0224,45,45,45,0.0229,1.9094,45,0.0485,NA,NA,NA,NA,NA,NA,0.0323,0.0038,227,0.0232,0.0907,0,0.0154,0,Bayes-M17-med
Katoyi,Nord-Kivu,1,FALSE,0.022,0.0168,0.028,0.0218,46,46,46,0.0223,1.8548,46,0.0471,NA,NA,0.4159,16,NA,NA,0.4542,0.0517,39,0.4614,0.9595,0,0.3958,0,Bayes-M17-med
Kinshasa,Kinshasa,1,FALSE,0.0215,0.0165,0.0272,0.0212,47,47,47,0.0217,1.805,47,0.0459,NA,NA,NA,NA,NA,NA,0.0203,0.0022,325,0.0135,0.0463,0,0.0212,0,Bayes-M17-med
Kalamu 1,Kinshasa,1,FALSE,0.0204,0.0156,0.0258,0.0201,48,48,50,0.0206,1.711,48,0.0435,NA,NA,NA,NA,NA,NA,0.0309,0.0032,254,0.0193,0.0734,0,0.0309,0,Bayes-M17-med
Walungu,Sud-Kivu,1,FALSE,0.0203,0.0154,0.0258,0.02,50,48,50,0.0205,1.7026,49,0.0433,NA,NA,NA,NA,NA,NA,0.3248,0.034,46,0.1853,0.8803,0,0.2336,0,Bayes-M17-med
Kasa Vubu,Kinshasa,1,FALSE,0.0202,0.0155,0.0257,0.02,49,49,51,0.0205,1.7017,50,0.0433,NA,NA,NA,NA,NA,NA,0.0444,0.0046,201,0.0309,0.1216,0,0.0251,0,Bayes-M17-med
Walikale,Nord-Kivu,1,FALSE,0.0201,0.0153,0.0256,0.0199,51,49,51,0.0203,1.6887,51,0.0429,NA,NA,0.3786,17,NA,NA,0.5729,0.0595,35,0.9459,0.9286,0,0.417,0,Bayes-M17-med
Ruzizi,Sud-Kivu,1,FALSE,0.0191,0.0146,0.0244,0.0189,52,52,52,0.0193,1.609,52,0.0409,NA,NA,NA,NA,NA,NA,0.5627,0.0557,37,0.3494,0.9093,0,0.9923,0,Bayes-M17-med
Lemba,Kinshasa,1,FALSE,0.0189,0.0145,0.024,0.0187,53,53,53,0.0191,1.5852,53,0.0403,NA,NA,NA,NA,NA,NA,0.1023,0.01,108,0.0483,0.3069,0,0.0541,0,Bayes-M17-med
Masina 1,Kinshasa,1,FALSE,0.0182,0.014,0.0231,0.018,54,54,54,0.0184,1.5276,54,0.0389,NA,NA,NA,NA,NA,NA,0.0193,0.0018,361,0.0077,0.0077,0,0.0618,0,Bayes-M17-med
Kintambo,Kinshasa,1,FALSE,0.0179,0.0138,0.0227,0.0177,55,55,56,0.0181,1.5061,55,0.0383,NA,NA,NA,NA,NA,NA,0.0338,0.0031,262,0.0212,0.1004,0,0.0135,0,Bayes-M17-med
Fizi,Sud-Kivu,1,FALSE,0.0176,0.0134,0.0224,0.0174,56,56,56,0.0177,1.4736,56,0.0375,NA,NA,NA,NA,NA,NA,0.5637,0.0511,40,0.7432,0.9691,0,0.5425,0,Bayes-M17-med
Bondo,Bas-Uele,1,FALSE,0.017,0.0127,0.0221,0.0168,57,56,59,0.0171,1.4268,57,0.0363,NA,NA,NA,NA,NA,NA,0.6737,0.0592,36,0.9961,0.9981,0,0.7008,0,Bayes-M17-med
Kalehe,Sud-Kivu,1,FALSE,0.0166,0.0127,0.0211,0.0164,58,57,58,0.0167,1.3916,58,0.0355,NA,NA,NA,NA,NA,NA,0.3369,0.0289,50,0.3417,0.8649,0,0.1409,0,Bayes-M17-med
Birambizo,Nord-Kivu,1,FALSE,0.0165,0.0126,0.021,0.0164,59,58,59,0.0167,1.3874,59,0.0353,NA,NA,0.3111,18,NA,NA,0.3625,0.031,48,0.4035,0.89,0,0.1564,0,Bayes-M17-med
Pinga,Nord-Kivu,1,FALSE,0.016,0.0122,0.0204,0.0158,60,60,61,0.0161,1.3418,60,0.0342,NA,NA,0.3008,19,NA,NA,0.57,0.0471,43,0.9595,0.7548,0,0.5656,0,Bayes-M17-med
Masina 2,Kinshasa,1,FALSE,0.0156,0.012,0.0199,0.0155,61,61,63,0.0158,1.3125,61,0.0335,NA,NA,NA,NA,NA,NA,0.0265,0.0021,333,0.0174,0.0193,0,0.0695,0,Bayes-M17-med
Bandalungwa,Kinshasa,1,FALSE,0.0155,0.0119,0.0197,0.0154,62,62,64,0.0157,1.3022,62,0.0332,NA,NA,NA,NA,NA,NA,0.0709,0.0057,168,0.0328,0.2336,0,0.0174,0,Bayes-M17-med
Bagira,Sud-Kivu,1,FALSE,0.0154,0.0118,0.0197,0.0153,63,62,64,0.0156,1.2944,63,0.033,NA,NA,NA,NA,NA,NA,0.236,0.0188,73,0.1004,0.6371,0,0.2066,0,Bayes-M17-med
Bengamisa,Tshopo,1,FALSE,0.0154,0.0114,0.0203,0.0152,64,60,66,0.0156,1.2939,64,0.033,NA,NA,NA,NA,NA,NA,0.3012,0.024,64,0.612,0.2162,0,0.3764,0,Bayes-M17-med
Binza Meteo,Kinshasa,1,FALSE,0.015,0.0115,0.0191,0.0148,65,64,65,0.0151,1.2568,65,0.032,NA,NA,NA,NA,NA,NA,0.2558,0.0198,72,0.0965,0.8996,0,0.027,0,Bayes-M17-med
Nyantende,Sud-Kivu,1,FALSE,0.0146,0.0111,0.0185,0.0144,66,65,66,0.0147,1.2219,66,0.0312,NA,NA,NA,NA,NA,NA,0.3219,0.0243,63,0.1486,0.8938,0,0.2452,0,Bayes-M17-med
Lemera,Sud-Kivu,1,FALSE,0.0142,0.0108,0.0181,0.014,67,67,67,0.0143,1.1903,67,0.0304,NA,NA,NA,NA,NA,NA,0.5613,0.0412,45,0.3629,0.9015,0,0.9807,0,Bayes-M17-med
Mubumbano,Sud-Kivu,1,FALSE,0.0139,0.0106,0.0177,0.0137,68,68,69,0.014,1.1617,68,0.0296,NA,NA,NA,NA,NA,NA,0.3658,0.0262,57,0.2683,0.9402,0,0.2548,0,Bayes-M17-med
Nyemba,Tanganyika,1,FALSE,0.0138,0.0105,0.0175,0.0136,69,69,70,0.0139,1.155,69,0.0295,NA,NA,NA,NA,NA,NA,0.3456,0.0246,62,0.5965,0.4556,0,0.3301,0,Bayes-M17-med
Kikimi,Kinshasa,1,FALSE,0.0135,0.0103,0.0171,0.0133,70,70,71,0.0136,1.1288,70,0.0288,NA,NA,NA,NA,NA,NA,0.0835,0.0058,163,0.056,0.1911,0,0.0869,0,Bayes-M17-med
Mont Ngafula 1,Kinshasa,1,FALSE,0.0133,0.0102,0.0169,0.0132,71,71,72,0.0134,1.1158,72,0.0285,NA,NA,NA,NA,NA,NA,0.2066,0.0142,89,0.1371,0.6313,0,0.0579,0,Bayes-M17-med
Isangi,Tshopo,1,FALSE,0.0133,0.0099,0.0175,0.0131,72,68,75,0.0134,1.1164,71,0.0285,NA,NA,NA,NA,NA,NA,0.3837,0.0264,55,0.4054,0.4073,0,0.722,0,Bayes-M17-med
Matete,Kinshasa,1,FALSE,0.0131,0.01,0.0166,0.0129,73,72,75,0.0132,1.0964,73,0.028,NA,NA,NA,NA,NA,NA,0.0492,0.0033,250,0.0251,0.1158,0,0.056,0,Bayes-M17-med
Barumbu,Kinshasa,1,FALSE,0.013,0.0099,0.0165,0.0128,74,73,76,0.0131,1.0867,74,0.0277,NA,NA,NA,NA,NA,NA,0.014,9e-4,423,0.0097,0.0232,0,0.0232,0,Bayes-M17-med
Lubutu,Maniema,1,FALSE,0.0129,0.0098,0.0166,0.0128,75,73,75,0.013,1.0814,75,0.0276,NA,NA,NA,NA,NA,NA,0.4706,0.0314,47,0.8205,0.2819,0,0.7799,0,Bayes-M17-med
Mwana,Sud-Kivu,1,FALSE,0.0123,0.0094,0.0157,0.0122,76,76,77,0.0124,1.0325,76,0.0264,NA,NA,NA,NA,NA,NA,0.3731,0.0238,65,0.2896,0.9035,0,0.2992,0,Bayes-M17-med
Mont Ngafula 2,Kinshasa,1,FALSE,0.0122,0.0093,0.0155,0.0121,77,76,78,0.0123,1.0226,77,0.0261,NA,NA,NA,NA,NA,NA,0.0951,0.006,157,0.0849,0.2568,0,0.0386,0,Bayes-M17-med
Yakusu,Tshopo,1,FALSE,0.0122,0.0088,0.0162,0.012,78,73,84,0.0122,1.0185,78,0.026,NA,NA,NA,NA,NA,NA,0.319,0.0201,70,0.4208,0.2085,0,0.6467,0,Bayes-M17-med
Selembao,Kinshasa,1,FALSE,0.012,0.0092,0.0152,0.0118,79,78,80,0.012,1.0013,79,0.0256,NA,NA,NA,NA,NA,NA,0.0676,0.0042,212,0.0444,0.1815,0,0.0444,0,Bayes-M17-med
Kaniola,Sud-Kivu,1,FALSE,0.0118,0.009,0.015,0.0117,80,79,80,0.0119,0.9862,80,0.0252,NA,NA,NA,NA,NA,NA,0.4513,0.0275,52,0.5328,0.9305,0,0.3417,0,Bayes-M17-med
Nyangezi,Sud-Kivu,1,FALSE,0.0116,0.0089,0.0148,0.0115,81,80,81,0.0117,0.973,81,0.0249,NA,NA,NA,NA,NA,NA,0.36870000000000003,0.0222,67,0.222,0.8842,0,0.36870000000000003,0,Bayes-M17-med
Bunyakiri,Sud-Kivu,1,FALSE,0.0112,0.0085,0.0143,0.0111,82,82,82,0.0113,0.9405,82,0.024,NA,NA,NA,NA,NA,NA,0.4517,0.0262,56,0.6197,0.832,0,0.3552,0,Bayes-M17-med
Ndjili,Kinshasa,1,FALSE,0.0111,0.0085,0.0141,0.011,83,82,83,0.0112,0.9281,83,0.0237,NA,NA,NA,NA,NA,NA,0.0487,0.0028,293,0.027,0.1042,0,0.0637,0,Bayes-M17-med
Kingabwa,Kinshasa,1,FALSE,0.0109,0.0084,0.0139,0.0108,84,83,84,0.011,0.9126,84,0.0233,NA,NA,NA,NA,NA,NA,0.0478,0.0027,299,0.0425,0.0965,0,0.0521,0,Bayes-M17-med
Ngiri Ngiri,Kinshasa,1,FALSE,0.0104,0.008,0.0132,0.0103,85,85,85,0.0105,0.8719,85,0.0223,NA,NA,NA,NA,NA,NA,0.028,0.0015,387,0.0154,0.0676,0,0.029,0,Bayes-M17-med
Police,Kinshasa,1,FALSE,0.0101,0.0078,0.0129,0.01,86,86,86,0.0102,0.848,86,0.0217,NA,NA,NA,NA,NA,NA,0.0478,0.0025,310,0.0463,0.0772,0,0.0676,0,Bayes-M17-med
Kindu,Maniema,1,FALSE,0.0098,0.0074,0.0125,0.0097,87,87,87,0.0099,0.8195,87,0.021,NA,NA,NA,NA,NA,NA,0.3181,0.0161,76,0.1351,0.2529,0,0.8842,0,Bayes-M17-med
Kasongo,Maniema,1,FALSE,0.0095,0.0072,0.0121,0.0093,88,88,88,0.0095,0.7906,88,0.0202,NA,NA,NA,NA,NA,NA,0.5304,0.0259,59,0.4459,0.7529,0,0.9228,0,Bayes-M17-med
Maluku 1,Kinshasa,1,FALSE,0.0088,0.0067,0.0112,0.0087,89,89,91,0.0089,0.7369,89,0.0188,NA,NA,NA,NA,NA,NA,0.2321,0.0106,104,0.3475,0.4517,0,0.1293,0,Bayes-M17-med
Shabunda,Sud-Kivu,1,FALSE,0.0087,0.0066,0.0111,0.0086,90,90,90,0.0087,0.7238,90,0.0185,NA,NA,NA,NA,NA,NA,0.5922,0.0265,54,0.8378,0.8726,0,0.6583,0,Bayes-M17-med
Kingasani,Kinshasa,1,FALSE,0.0081,0.0062,0.0103,0.008,91,91,95,0.0082,0.68,91,0.0174,NA,NA,NA,NA,NA,NA,0.0294,0.0012,404,0.0058,0.0405,0,0.0714,0,Bayes-M17-med
Nundu,Sud-Kivu,1,FALSE,0.0081,0.0061,0.0103,0.008,93,92,94,0.0081,0.6735,93,0.0172,NA,NA,NA,NA,NA,NA,0.5927,0.0247,61,0.527,0.8494,0,0.9942,0,Bayes-M17-med
Yabaondo,Tshopo,1,FALSE,0.0081,0.006,0.0106,0.008,92,92,95,0.0081,0.6745,92,0.0173,NA,NA,NA,NA,NA,NA,0.3523,0.0147,87,0.4363,0.305,0,0.668,0,Bayes-M17-med
Aketi,Bas-Uele,1,FALSE,0.0078,0.0054,0.0109,0.0076,96,89,100,0.0078,0.6522,95,0.0167,NA,NA,NA,NA,NA,NA,0.6762,0.0273,53,0.9903,0.9363,0,0.778,0,Bayes-M17-med
Basoko,Tshopo,1,FALSE,0.0078,0.0059,0.0101,0.0077,95,94,95,0.0079,0.6546,94,0.0168,NA,NA,NA,NA,NA,NA,0.3012,0.0122,98,0.5077,0.3147,0,0.3822,0,Bayes-M17-med
Kalemie,Tanganyika,1,FALSE,0.0078,0.0059,0.0099,0.0077,95,93,97,0.0078,0.6503,96,0.0166,NA,NA,NA,NA,NA,NA,0.3789,0.0152,80,0.6718,0.4575,0,0.3861,0,Bayes-M17-med
Lubumbashi,Haut-Katanga,1,FALSE,0.0076,0.0058,0.0097,0.0076,97,94,98,0.0077,0.6384,97,0.0163,NA,NA,NA,NA,NA,NA,0.1105,0.0044,210,0.1081,0.2104,0,0.1236,0,Bayes-M17-med
Ubundu,Tshopo,1,FALSE,0.0074,0.0055,0.0097,0.0073,98,97,99,0.0075,0.6202,98,0.0159,NA,NA,NA,NA,NA,NA,0.4744,0.0182,74,0.9054,0.4305,0,0.5618,0,Bayes-M17-med
Kalonge,Sud-Kivu,1,FALSE,0.0073,0.0056,0.0093,0.0072,99,97,99,0.0073,0.6112,99,0.0156,NA,NA,NA,NA,NA,NA,0.404,0.0153,79,0.4961,0.8359,0,0.2838,0,Bayes-M17-med
Kunda,Maniema,1,FALSE,0.0071,0.0054,0.0091,0.007,100,98,101,0.0072,0.5951,100,0.0152,NA,NA,NA,NA,NA,NA,0.4165,0.0153,78,0.4633,0.2799,0,0.9228,0,Bayes-M17-med
Yamaluka,Mongala,1,FALSE,0.0066,0.005,0.0085,0.0065,101,101,104,0.0066,0.5527,101,0.0142,NA,NA,NA,NA,NA,NA,0.1974,0.0068,139,0.2799,0.1448,0,0.3649,0,Bayes-M17-med
Lisala,Mongala,1,FALSE,0.0066,0.005,0.0085,0.0065,102,101,104,0.0066,0.5516,103,0.0141,NA,NA,NA,NA,NA,NA,0.4093,0.014,90,0.4286,0.4402,0,0.7683,0,Bayes-M17-med
Yaleko,Tshopo,1,FALSE,0.0066,0.0049,0.0087,0.0065,103,101,103,0.0066,0.552,102,0.0141,NA,NA,NA,NA,NA,NA,0.402,0.0137,93,0.639,0.2452,0,0.7239,0,Bayes-M17-med
Yambuku,Mongala,1,FALSE,0.0065,0.0048,0.0085,0.0064,104,103,105,0.0065,0.5419,104,0.0139,NA,NA,NA,NA,NA,NA,0.4344,0.0146,88,0.5483,0.5753,0,0.6139,0,Bayes-M17-med
Titule,Bas-Uele,1,FALSE,0.0063,0.0044,0.0087,0.0062,105,100,116,0.0063,0.5258,105,0.0135,NA,NA,NA,NA,NA,NA,0.6839,0.0223,66,0.9865,0.8263,0,0.9228,0,Bayes-M17-med
Saramabila,Maniema,1,FALSE,0.006,0.0046,0.0077,0.006,107,106,107,0.006,0.5025,107,0.0129,NA,NA,NA,NA,NA,NA,0.4768,0.0148,86,0.473,0.5502,0,0.8842,0,Bayes-M17-med
Kaziba,Sud-Kivu,1,FALSE,0.006,0.0046,0.0077,0.006,106,105,107,0.0061,0.5039,106,0.0129,NA,NA,NA,NA,NA,NA,0.3571,0.0111,102,0.2876,0.7838,0,0.3571,0,Bayes-M17-med
Ango,Bas-Uele,1,FALSE,0.0058,0.0043,0.0075,0.0057,109,108,112,0.0058,0.4799,109,0.0123,NA,NA,NA,NA,NA,NA,0.7095,0.0211,68,1,0.8591,0,0.9788,0,Bayes-M17-med
Kitutu,Sud-Kivu,1,FALSE,0.0058,0.0044,0.0074,0.0057,108,107,110,0.0058,0.4808,108,0.0123,NA,NA,NA,NA,NA,NA,0.5024,0.015,83,0.751,0.805,0,0.4537,0,Bayes-M17-med
Makala,Kinshasa,1,FALSE,0.0057,0.0044,0.0073,0.0056,110,107,114,0.0057,0.4755,110,0.0122,NA,NA,NA,NA,NA,NA,0.0246,7e-4,437,0.0116,0.0386,0,0.0483,0,Bayes-M17-med
Kibua,Nord-Kivu,1,FALSE,0.0056,0.0043,0.0072,0.0056,111,109,113,0.0057,0.4709,111,0.0121,NA,NA,0.1056,20,NA,NA,0.5154,0.015,81,0.7741,0.6602,0,0.6274,0,Bayes-M17-med
Kongolo,Tanganyika,1,FALSE,0.0056,0.0043,0.0072,0.0056,111,110,112,0.0057,0.4708,112,0.0121,NA,NA,NA,NA,NA,NA,0.6829,0.0199,71,0.8861,0.9228,0,0.9228,0,Bayes-M17-med
Kimbi Lulenge,Sud-Kivu,1,FALSE,0.0055,0.0041,0.007,0.0054,115,112,115,0.0055,0.4554,115,0.0117,NA,NA,NA,NA,NA,NA,0.5507,0.0155,77,0.8475,0.8687,0,0.4865,0,Bayes-M17-med
Opienge,Tshopo,1,FALSE,0.0055,0.0041,0.0073,0.0055,113,109,119,0.0055,0.4616,113,0.0118,NA,NA,NA,NA,NA,NA,0.4445,0.0127,95,0.9556,0.0135,0,0.8089,0,Bayes-M17-med
Djolu,Tshuapa,1,FALSE,0.0055,0.0041,0.0072,0.0054,114,111,117,0.0055,0.4603,114,0.0118,NA,NA,NA,NA,NA,NA,0.5256,0.015,82,0.7104,0.5985,0,0.7934,0,Bayes-M17-med
Kabinda,Lomami,1,FALSE,0.0054,0.0041,0.0069,0.0053,117,115,117,0.0054,0.4508,117,0.0116,NA,NA,NA,NA,NA,NA,0.4382,0.0122,97,0.5097,0.5541,0,0.6892,0,Bayes-M17-med
Mwenga,Sud-Kivu,1,FALSE,0.0054,0.0041,0.0069,0.0054,116,113,117,0.0054,0.4523,116,0.0116,NA,NA,NA,NA,NA,NA,0.319,0.0089,116,0.5,0.3552,0,0.4208,0,Bayes-M17-med
Kalamu 2,Kinshasa,1,FALSE,0.0053,0.0041,0.0067,0.0052,119,115,119,0.0053,0.4415,119,0.0113,NA,NA,NA,NA,NA,NA,0.015,4e-4,448,0.0039,0.0154,0,0.0405,0,Bayes-M17-med
Kalole,Sud-Kivu,1,FALSE,0.0053,0.004,0.0068,0.0053,118,118,119,0.0053,0.4449,118,0.0114,NA,NA,NA,NA,NA,NA,0.6038,0.0166,75,0.89,0.7799,0,0.7452,0,Bayes-M17-med
Itebero,Nord-Kivu,1,FALSE,0.0052,0.0039,0.0066,0.0051,120,120,121,0.0052,0.4298,120,0.011,NA,NA,0.0964,21,NA,NA,0.5574,0.0148,85,0.9112,0.722,0,0.5965,0,Bayes-M17-med
Mumbunda,Haut-Katanga,1,FALSE,0.0051,0.0039,0.0065,0.0051,122,120,122,0.0051,0.426,122,0.0109,NA,NA,NA,NA,NA,NA,0.1853,0.0049,193,0.1197,0.5077,0,0.1139,0,Bayes-M17-med
Manika,Lualaba,1,FALSE,0.0051,0.0039,0.0065,0.005,123,123,124,0.0051,0.4233,123,0.0108,NA,NA,NA,NA,NA,NA,0.1149,0.003,273,0.0946,0.222,0,0.1429,0,Bayes-M17-med
Mulungu,Sud-Kivu,1,FALSE,0.0051,0.0039,0.0065,0.0051,121,121,122,0.0051,0.4276,121,0.011,NA,NA,NA,NA,NA,NA,0.5208,0.0138,92,0.861,0.5193,0,0.7027,0,Bayes-M17-med
Bonzola,Kasaï-Oriental,1,FALSE,0.005,0.0038,0.0063,0.0049,125,125,126,0.005,0.413,125,0.0106,NA,NA,NA,NA,NA,NA,0.2958,0.0076,127,0.0927,0.7934,0,0.2973,0,Bayes-M17-med
Kamituga,Sud-Kivu,1,FALSE,0.005,0.0038,0.0064,0.0049,124,124,125,0.005,0.4159,124,0.0107,NA,NA,NA,NA,NA,NA,0.3596,0.0093,112,0.3938,0.6062,0,0.4382,0,Bayes-M17-med
Yahuma,Tshopo,1,FALSE,0.0048,0.0036,0.0063,0.0048,126,123,126,0.0048,0.4023,126,0.0103,NA,NA,NA,NA,NA,NA,0.4402,0.011,103,0.8649,0.332,0,0.5637,0,Bayes-M17-med
Doruma,Haut-Uele,1,FALSE,0.0046,0.0034,0.0061,0.0046,127,127,128,0.0046,0.3859,127,0.0099,NA,NA,NA,NA,0.0335,7,0.6216,0.0149,84,0.973,0.5135,0,1,0,Bayes-M17-med
Bumba,Mongala,1,FALSE,0.0046,0.0034,0.006,0.0045,129,128,129,0.0046,0.3832,128,0.0098,NA,NA,NA,NA,NA,NA,0.2384,0.0057,169,0.1409,0.4537,0,0.3591,0,Bayes-M17-med
Lolo,Mongala,1,FALSE,0.0046,0.0033,0.0061,0.0045,130,127,135,0.0046,0.3799,129,0.0097,NA,NA,NA,NA,NA,NA,0.3161,0.0074,130,0.4073,0.3263,0,0.5309,0,Bayes-M17-med
Mbulula,Tanganyika,1,FALSE,0.0045,0.0034,0.0058,0.0045,129,127,130,0.0046,0.3786,130,0.0097,NA,NA,NA,NA,NA,NA,0.5934,0.0139,91,0.6448,0.7761,0,0.9527,0,Bayes-M17-med
Kananga,Kasaï-Central,1,FALSE,0.0044,0.0033,0.0056,0.0043,132,131,132,0.0044,0.3632,132,0.0093,NA,NA,NA,NA,NA,NA,0.2963,0.0067,143,0.1429,0.5579,0,0.4846,0,Bayes-M17-med
Lodja,Sankuru,1,FALSE,0.0044,0.0033,0.0057,0.0044,131,130,131,0.0044,0.3683,131,0.0094,NA,NA,NA,NA,NA,NA,0.4626,0.0106,105,0.2625,0.6351,0,0.9527,0,Bayes-M17-med
Kampene,Maniema,1,FALSE,0.0042,0.0032,0.0054,0.0042,133,132,134,0.0043,0.3538,133,0.0091,NA,NA,NA,NA,NA,NA,0.3962,0.0087,117,0.5251,0.1757,0,0.8842,0,Bayes-M17-med
Kalima,Maniema,1,FALSE,0.0042,0.0032,0.0054,0.0042,135,134,135,0.0042,0.3505,135,0.009,NA,NA,NA,NA,NA,NA,0.3094,0.0067,141,0.4595,0.3205,0,0.4575,0,Bayes-M17-med
Punia,Maniema,1,FALSE,0.0042,0.0031,0.0054,0.0041,136,133,138,0.0042,0.3478,137,0.0089,NA,NA,NA,NA,NA,NA,0.3731,0.008,123,0.7625,0.1969,0,0.5328,0,Bayes-M17-med
Kabalo,Tanganyika,1,FALSE,0.0042,0.0032,0.0054,0.0042,134,133,136,0.0042,0.3505,134,0.009,NA,NA,NA,NA,NA,NA,0.624,0.0136,94,0.9035,0.7568,0,0.8359,0,Bayes-M17-med
Moba,Tanganyika,1,FALSE,0.0042,0.0032,0.0053,0.0041,137,136,137,0.0042,0.3479,136,0.0089,NA,NA,NA,NA,NA,NA,0.3808,0.0082,121,0.6178,0.4942,0,0.4112,0,Bayes-M17-med
Kisenso,Kinshasa,1,FALSE,0.0041,0.0031,0.0052,0.0041,138,136,140,0.0041,0.3416,138,0.0088,NA,NA,NA,NA,NA,NA,0.0589,0.0012,403,0.0367,0.139,0,0.0598,0,Bayes-M17-med
Kasansa,Kasaï-Oriental,1,FALSE,0.004,0.0031,0.0052,0.004,139,139,139,0.0041,0.3373,139,0.0086,NA,NA,NA,NA,NA,NA,0.3349,0.007,136,0.2568,0.6699,0,0.4131,0,Bayes-M17-med
Gemena,Sud-Ubangi,1,FALSE,0.004,0.003,0.0052,0.0039,140,138,142,0.004,0.3324,140,0.0085,NA,NA,NA,NA,NA,NA,0.3277,0.0068,140,0.1776,0.2741,0,0.8591,0,Bayes-M17-med
Manono,Tanganyika,1,FALSE,0.0039,0.003,0.005,0.0039,141,140,141,0.004,0.3289,141,0.0084,NA,NA,NA,NA,NA,NA,0.5758,0.0117,100,0.8784,0.9537,0,0.471,0,Bayes-M17-med
Kipushi,Haut-Katanga,1,FALSE,0.0038,0.0029,0.0048,0.0037,144,143,148,0.0038,0.3147,144,0.0081,NA,NA,NA,NA,NA,NA,0.1216,0.0024,319,0.2703,0.1081,0,0.1081,0,Bayes-M17-med
Biyela,Kinshasa,1,FALSE,0.0038,0.0029,0.0049,0.0038,142,141,145,0.0039,0.3206,142,0.0082,NA,NA,NA,NA,NA,NA,0.1076,0.0021,336,0.0637,0.2838,0,0.083,0,Bayes-M17-med
Nyunzu,Tanganyika,1,FALSE,0.0038,0.0029,0.0049,0.0038,143,142,144,0.0038,0.3183,143,0.0082,NA,NA,NA,NA,NA,NA,0.6023,0.0119,99,0.9653,0.834,0,0.61,0,Bayes-M17-med
Kabongo,Haut-Lomami,1,FALSE,0.0037,0.0028,0.0047,0.0036,151,151,152,0.0037,0.3045,151,0.0078,NA,NA,NA,NA,NA,NA,0.5372,0.0101,106,0.8108,0.778,0,0.5598,0,Bayes-M17-med
Nzaba,Kasaï-Oriental,1,FALSE,0.0037,0.0028,0.0048,0.0037,145,145,147,0.0038,0.3124,145,0.008,NA,NA,NA,NA,NA,NA,0.278,0.0054,174,0.1042,0.6931,0,0.3147,0,Bayes-M17-med
Kimbanseke,Kinshasa,1,FALSE,0.0037,0.0028,0.0047,0.0037,148,146,153,0.0037,0.3079,148,0.0079,NA,NA,NA,NA,NA,NA,0.0526,0.001,416,0.0521,0.0849,0,0.0734,0,Bayes-M17-med
Lulingu,Sud-Kivu,1,FALSE,0.0037,0.0028,0.0047,0.0036,149,149,151,0.0037,0.306,150,0.0078,NA,NA,NA,NA,NA,NA,0.6158,0.0117,101,0.9093,0.8108,0,0.7432,0,Bayes-M17-med
Haut Plateau,Sud-Kivu,1,FALSE,0.0037,0.0028,0.0047,0.0037,147,147,150,0.0037,0.3086,147,0.0079,NA,NA,NA,NA,NA,NA,0.5246,0.01,107,0.5714,0.5444,0,0.9826,0,Bayes-M17-med
Opala,Tshopo,1,FALSE,0.0037,0.0028,0.0049,0.0037,146,144,153,0.0037,0.3101,146,0.008,NA,NA,NA,NA,NA,NA,0.4269,0.0082,122,0.7819,0.0792,0,0.8465,0,Bayes-M17-med
Yahisuli,Tshopo,1,FALSE,0.0037,0.0027,0.0048,0.0036,149,143,158,0.0037,0.3074,149,0.0079,NA,NA,NA,NA,NA,NA,0.3521,0.0067,142,0.3842,0.0714,0,0.9527,0,Bayes-M17-med
Mbandaka,Equateur,1,FALSE,0.0036,0.0028,0.0046,0.0036,153,150,155,0.0036,0.3028,153,0.0078,NA,NA,NA,NA,NA,NA,0.5164,0.0097,109,0.6409,0.9633,0,0.4614,0,Bayes-M17-med
Tshamilemba,Haut-Katanga,1,FALSE,0.0036,0.0028,0.0046,0.0036,152,148,156,0.0037,0.3039,152,0.0078,NA,NA,NA,NA,NA,NA,0.0772,0.0015,392,0.0656,0.1255,0,0.1178,0,Bayes-M17-med
Lusangi,Maniema,1,FALSE,0.0036,0.0027,0.0046,0.0036,153,152,155,0.0036,0.302,154,0.0077,NA,NA,NA,NA,NA,NA,0.4223,0.0079,124,0.5656,0.2645,0,0.8591,0,Bayes-M17-med
Minembwe,Sud-Kivu,1,FALSE,0.0036,0.0027,0.0046,0.0035,156,154,157,0.0036,0.2971,156,0.0076,NA,NA,NA,NA,NA,NA,0.5198,0.0096,110,0.7181,0.8089,0,0.5521,0,Bayes-M17-med
Boende,Tshuapa,1,FALSE,0.0036,0.0027,0.0047,0.0036,155,148,156,0.0036,0.3015,155,0.0077,NA,NA,NA,NA,NA,NA,0.4199,0.0079,125,0.6988,0.4807,0,0.5,0,Bayes-M17-med
Kamina,Haut-Lomami,1,FALSE,0.0035,0.0026,0.0044,0.0034,159,159,160,0.0035,0.2891,159,0.0074,NA,NA,NA,NA,NA,NA,0.5164,0.0093,113,0.8301,0.8301,0,0.4054,0,Bayes-M17-med
Tshilenge,Kasaï-Oriental,1,FALSE,0.0035,0.0026,0.0044,0.0034,160,160,161,0.0035,0.2881,160,0.0074,NA,NA,NA,NA,NA,NA,0.2799,0.005,186,0.1892,0.668,0,0.2625,0,Bayes-M17-med
Mulumba,Lomami,1,FALSE,0.0035,0.0027,0.0045,0.0035,157,156,158,0.0035,0.2952,157,0.0076,NA,NA,NA,NA,NA,NA,0.2587,0.0047,199,0.1834,0.3108,0,0.5405,0,Bayes-M17-med
Luputa,Lomami,1,FALSE,0.0035,0.0027,0.0045,0.0035,158,157,159,0.0035,0.2933,158,0.0075,NA,NA,NA,NA,NA,NA,0.3431,0.0062,153,0.3301,0.3166,0,0.7259,0,Bayes-M17-med
Likati,Bas-Uele,1,FALSE,0.0034,0.0025,0.0046,0.0034,162,148,169,0.0034,0.2856,162,0.0073,NA,NA,NA,NA,NA,NA,0.7124,0.0126,96,0.9942,0.971,0,0.8842,0,Bayes-M17-med
Maluku 2,Kinshasa,1,FALSE,0.0034,0.0026,0.0043,0.0033,164,162,165,0.0034,0.2814,165,0.0072,NA,NA,NA,NA,NA,NA,0.4184,0.0073,131,0.6834,0.5463,0,0.444,0,Bayes-M17-med
Idiofa,Kwilu,1,FALSE,0.0034,0.0026,0.0043,0.0033,164,163,165,0.0034,0.2815,164,0.0072,NA,NA,NA,NA,NA,NA,0.486,0.0085,120,0.4537,0.749,0,0.7413,0,Bayes-M17-med
Mweneditu,Lomami,1,FALSE,0.0034,0.0026,0.0044,0.0034,161,161,162,0.0035,0.2871,161,0.0074,NA,NA,NA,NA,NA,NA,0.2799,0.005,188,0.166,0.3842,0,0.5695,0,Bayes-M17-med
Samba,Maniema,1,FALSE,0.0034,0.0026,0.0043,0.0034,163,162,164,0.0034,0.2833,163,0.0073,NA,NA,NA,NA,NA,NA,0.5179,0.0091,115,0.7529,0.4344,0,0.8842,0,Bayes-M17-med
Kailo,Maniema,1,FALSE,0.0032,0.0025,0.0041,0.0032,166,165,167,0.0032,0.2696,166,0.0069,NA,NA,NA,NA,NA,NA,0.4276,0.0072,134,0.832,0.0946,0,0.7838,0,Bayes-M17-med
Lingomo,Tshuapa,1,FALSE,0.0032,0.0024,0.0042,0.0031,167,166,168,0.0032,0.266,167,0.0068,NA,NA,NA,NA,NA,NA,0.5627,0.0093,111,0.8263,0.5869,0,0.8378,0,Bayes-M17-med
Tshikapa,Kasaï,1,FALSE,0.0031,0.0023,0.0039,0.003,170,170,170,0.0031,0.2549,170,0.0065,NA,NA,NA,NA,NA,NA,0.3156,0.005,187,0.2722,0.6506,0,0.3398,0,Bayes-M17-med
Kabeya Kamwanga,Kasaï-Oriental,1,FALSE,0.0031,0.0023,0.004,0.0031,169,168,169,0.0031,0.2579,169,0.0066,NA,NA,NA,NA,NA,NA,0.2968,0.0047,198,0.3224,0.3919,0,0.473,0,Bayes-M17-med
Bumbu,Kinshasa,1,FALSE,0.0031,0.0024,0.004,0.0031,168,166,170,0.0031,0.2617,168,0.0067,NA,NA,NA,NA,NA,NA,0.0164,3e-4,453,0.0019,0.029,0,0.0347,0,Bayes-M17-med
Malemba Nkulu,Haut-Lomami,1,FALSE,0.003,0.0023,0.0038,0.003,172,172,175,0.003,0.2498,172,0.0064,NA,NA,NA,NA,NA,NA,0.3895,0.006,156,0.36870000000000003,0.7664,0,0.4228,0,Bayes-M17-med
Kamwesha,Kasaï,1,FALSE,0.003,0.0023,0.0039,0.003,171,171,172,0.003,0.2527,171,0.0065,NA,NA,NA,NA,NA,NA,0.2732,0.0043,211,0.3456,0.2876,0,0.4595,0,Bayes-M17-med
Ikela,Tshuapa,1,FALSE,0.003,0.0022,0.0038,0.0029,173,172,176,0.003,0.2464,173,0.0063,NA,NA,NA,NA,NA,NA,0.4633,0.0071,135,0.8147,0.1795,0,0.8591,0,Bayes-M17-med
Kitenge,Haut-Lomami,1,FALSE,0.0029,0.0022,0.0037,0.0029,176,175,177,0.0029,0.2432,177,0.0062,NA,NA,NA,NA,NA,NA,0.5729,0.0086,118,0.8668,0.8069,0,0.6178,0,Bayes-M17-med
Demba,Kasaï-Central,1,FALSE,0.0029,0.0022,0.0038,0.0029,175,174,176,0.0029,0.2451,174,0.0063,NA,NA,NA,NA,NA,NA,0.4117,0.0063,151,0.4653,0.7143,0,0.4672,0,Bayes-M17-med
Ngaba,Kinshasa,1,FALSE,0.0029,0.0022,0.0037,0.0029,174,172,179,0.0029,0.2446,175,0.0063,NA,NA,NA,NA,NA,NA,0.014,2e-4,454,0,0.0058,0,0.0502,0,Bayes-M17-med
Yamongili,Mongala,1,FALSE,0.0029,0.0022,0.0038,0.0029,178,173,179,0.0029,0.2425,178,0.0062,NA,NA,NA,NA,NA,NA,0.3243,0.0049,195,0.5116,0.3668,0,0.4189,0,Bayes-M17-med
Mondombe,Tshuapa,1,FALSE,0.0029,0.0022,0.0038,0.0029,177,174,177,0.0029,0.2435,176,0.0062,NA,NA,NA,NA,NA,NA,0.4797,0.0072,132,0.6622,0.3726,0,0.8842,0,Bayes-M17-med
Kaniama,Haut-Lomami,1,FALSE,0.0028,0.0021,0.0036,0.0028,179,178,180,0.0028,0.2353,179,0.006,NA,NA,NA,NA,NA,NA,0.582,0.0085,119,0.8533,0.6622,0,0.8127,0,Bayes-M17-med
Mikalayi,Kasaï-Central,1,FALSE,0.0028,0.0021,0.0035,0.0027,182,181,182,0.0028,0.2301,182,0.0059,NA,NA,NA,NA,NA,NA,0.3948,0.0056,171,0.4517,0.5811,0,0.5463,0,Bayes-M17-med
Lubao,Lomami,1,FALSE,0.0028,0.0021,0.0036,0.0027,181,180,181,0.0028,0.2314,181,0.0059,NA,NA,NA,NA,NA,NA,0.3982,0.0057,167,0.6486,0.1525,0,0.7915,0,Bayes-M17-med
Karawa,Nord-Ubangi,1,FALSE,0.0028,0.0021,0.0036,0.0027,180,178,182,0.0028,0.2323,180,0.006,NA,NA,NA,NA,NA,NA,0.6404,0.0092,114,0.7568,0.973,0,0.832,0,Bayes-M17-med
Lusanga,Kwilu,1,FALSE,0.0027,0.002,0.0034,0.0026,183,183,184,0.0027,0.222,183,0.0057,NA,NA,NA,NA,NA,NA,0.4242,0.0058,161,0.4382,0.7297,0,0.529,0,Bayes-M17-med
Luebo,Kasaï,1,FALSE,0.0026,0.002,0.0033,0.0026,187,186,188,0.0026,0.2166,187,0.0056,NA,NA,NA,NA,NA,NA,0.4353,0.0059,160,0.5232,0.5116,0,0.7066,0,Bayes-M17-med
Diulu,Kasaï-Oriental,1,FALSE,0.0026,0.002,0.0033,0.0026,185,185,187,0.0026,0.2176,185,0.0056,NA,NA,NA,NA,NA,NA,0.2611,0.0035,237,0.0676,0.6448,0,0.332,0,Bayes-M17-med
Lukelenge,Kasaï-Oriental,1,FALSE,0.0026,0.002,0.0034,0.0026,184,184,186,0.0026,0.2199,184,0.0056,NA,NA,NA,NA,NA,NA,0.2249,0.0031,270,0.0811,0.5,0,0.3185,0,Bayes-M17-med
Ngandajika,Lomami,1,FALSE,0.0026,0.002,0.0033,0.0026,188,187,189,0.0026,0.2159,188,0.0055,NA,NA,NA,NA,NA,NA,0.3465,0.0046,202,0.2124,0.4459,0,0.7278,0,Bayes-M17-med
Bwamanda,Sud-Ubangi,1,FALSE,0.0026,0.002,0.0034,0.0026,186,183,189,0.0026,0.2173,186,0.0056,NA,NA,NA,NA,NA,NA,0.4667,0.0063,150,0.4189,0.7394,0,0.7085,0,Bayes-M17-med
Bokungu,Tshuapa,1,FALSE,0.0026,0.0019,0.0034,0.0026,189,185,191,0.0026,0.2158,189,0.0055,NA,NA,NA,NA,NA,NA,0.49370000000000003,0.0066,145,0.695,0.3571,0,0.9228,0,Bayes-M17-med
Mweka,Kasaï,1,FALSE,0.0025,0.0019,0.0033,0.0025,191,190,191,0.0025,0.2116,191,0.0054,NA,NA,NA,NA,NA,NA,0.5053,0.0066,144,0.4788,0.7239,0,0.8185,0,Bayes-M17-med
Bena Leka,Kasaï-Central,1,FALSE,0.0025,0.0019,0.0032,0.0024,196,196,197,0.0025,0.2048,196,0.0053,NA,NA,NA,NA,NA,NA,0.4986,0.0063,149,0.6062,0.7162,0,0.6718,0,Bayes-M17-med
Luiza,Kasaï-Central,1,FALSE,0.0025,0.0019,0.0032,0.0025,192,192,194,0.0025,0.2072,192,0.0053,NA,NA,NA,NA,NA,NA,0.4218,0.0054,173,0.4807,0.6293,0,0.5772,0,Bayes-M17-med
Cilundu,Kasaï-Oriental,1,FALSE,0.0025,0.0019,0.0033,0.0025,190,188,192,0.0025,0.2121,190,0.0054,NA,NA,NA,NA,NA,NA,0.221,0.0029,281,0.2317,0.3089,0,0.3436,0,Bayes-M17-med
Vanga,Kwilu,1,FALSE,0.0025,0.0019,0.0032,0.0025,194,193,194,0.0025,0.2068,193,0.0053,NA,NA,NA,NA,NA,NA,0.5034,0.0065,147,0.3726,0.8205,0,0.8205,0,Bayes-M17-med
Bulungu,Kwilu,1,FALSE,0.0025,0.0019,0.0032,0.0024,195,195,195,0.0025,0.2063,195,0.0053,NA,NA,NA,NA,NA,NA,0.4508,0.0058,166,0.3571,0.6795,0,0.7664,0,Bayes-M17-med
Kabambare,Maniema,1,FALSE,0.0025,0.0019,0.0032,0.0025,194,192,196,0.0025,0.2067,194,0.0053,NA,NA,NA,NA,NA,NA,0.3953,0.0051,183,0.8359,0.112,0,0.6332,0,Bayes-M17-med
Masuika,Kasaï-Central,1,FALSE,0.0024,0.0018,0.0031,0.0024,198,197,198,0.0024,0.2029,198,0.0052,NA,NA,NA,NA,NA,NA,0.3885,0.0049,194,0.3263,0.5618,0,0.666,0,Bayes-M17-med
Bibanga,Kasaï-Oriental,1,FALSE,0.0024,0.0018,0.0031,0.0024,200,199,202,0.0024,0.1997,200,0.0051,NA,NA,NA,NA,NA,NA,0.2978,0.0037,230,0.3127,0.4884,0,0.39,0,Bayes-M17-med
Kenge,Kwango,1,FALSE,0.0024,0.0018,0.003,0.0023,203,202,204,0.0024,0.1967,203,0.005,NA,NA,NA,NA,NA,NA,0.5574,0.0068,137,0.6139,0.8127,0,0.8031,0,Bayes-M17-med
Fungurume,Lualaba,1,FALSE,0.0024,0.0018,0.0031,0.0024,199,198,200,0.0024,0.2003,199,0.0051,NA,NA,NA,NA,NA,NA,0.1564,0.0019,347,0.2664,0.1622,0,0.1969,0,Bayes-M17-med
Lomela,Sankuru,1,FALSE,0.0024,0.0018,0.003,0.0023,202,198,207,0.0024,0.197,202,0.0051,NA,NA,NA,NA,NA,NA,0.4759,0.0058,162,0.8456,0.1351,0,0.9228,0,Bayes-M17-med
Tandala,Sud-Ubangi,1,FALSE,0.0024,0.0018,0.0031,0.0023,204,200,207,0.0024,0.1959,204,0.005,NA,NA,NA,NA,NA,NA,0.4078,0.005,189,0.2741,0.527,0,0.8301,0,Bayes-M17-med
Yalimbongo,Tshopo,1,FALSE,0.0024,0.0018,0.0032,0.0024,197,190,205,0.0024,0.2036,197,0.0052,NA,NA,NA,NA,NA,NA,0.3214,0.0041,213,0.5772,0.0483,0,0.6602,0,Bayes-M17-med
Kansimba,Tanganyika,1,FALSE,0.0024,0.0018,0.0031,0.0024,201,201,203,0.0024,0.1988,201,0.0051,NA,NA,NA,NA,NA,NA,0.5497,0.0068,138,0.9479,0.7741,0,0.4768,0,Bayes-M17-med
Bukama,Haut-Lomami,1,FALSE,0.0023,0.0017,0.0029,0.0023,208,206,209,0.0023,0.1913,208,0.0049,NA,NA,NA,NA,NA,NA,0.4764,0.0057,170,0.7143,0.7625,0,0.4286,0,Bayes-M17-med
Citenge,Kasaï-Oriental,1,FALSE,0.0023,0.0018,0.003,0.0023,206,203,206,0.0023,0.1937,206,0.005,NA,NA,NA,NA,NA,NA,0.2321,0.0028,294,0.1583,0.4749,0,0.2954,0,Bayes-M17-med
Tshofa,Lomami,1,FALSE,0.0023,0.0017,0.0029,0.0022,209,209,210,0.0023,0.1894,209,0.0049,NA,NA,NA,NA,NA,NA,0.4416,0.0052,180,0.6757,0.3514,0,0.7394,0,Bayes-M17-med
Kalenda,Lomami,1,FALSE,0.0023,0.0017,0.0029,0.0022,210,210,212,0.0023,0.188,210,0.0048,NA,NA,NA,NA,NA,NA,0.2886,0.0034,246,0.388,0.1873,0,0.5792,0,Bayes-M17-med
Kanda Kanda,Lomami,1,FALSE,0.0023,0.0017,0.003,0.0023,207,204,208,0.0023,0.192,207,0.0049,NA,NA,NA,NA,NA,NA,0.3012,0.0036,235,0.3185,0.1737,0,0.7124,0,Bayes-M17-med
Kibombo,Maniema,1,FALSE,0.0023,0.0017,0.0029,0.0022,212,211,215,0.0023,0.1875,212,0.0048,NA,NA,NA,NA,NA,NA,0.4614,0.0054,176,0.7452,0.1776,0,0.9228,0,Bayes-M17-med
Katako Kombe,Sankuru,1,FALSE,0.0023,0.0017,0.0029,0.0022,211,210,212,0.0023,0.1877,211,0.0048,NA,NA,NA,NA,NA,NA,0.4703,0.0055,172,0.7857,0.1313,0,0.9643,0,Bayes-M17-med
Yalifafu,Tshuapa,1,FALSE,0.0023,0.0018,0.003,0.0023,205,202,208,0.0023,0.1951,205,0.005,NA,NA,NA,NA,NA,NA,0.4797,0.0058,164,0.7664,0.2683,0,0.8842,0,Bayes-M17-med
Bili (Bas-Uele),Bas-Uele,1,FALSE,0.0022,0.0016,0.0029,0.0022,217,205,230,0.0022,0.1821,216,0.0047,NA,NA,NA,NA,NA,NA,0.6926,0.0078,126,0.9981,0.7992,0,0.973,0,Bayes-M17-med
Kikwit Nord,Kwilu,1,FALSE,0.0022,0.0017,0.0029,0.0022,214,213,216,0.0022,0.1862,213,0.0048,NA,NA,NA,NA,NA,NA,0.2915,0.0034,245,0.1236,0.5405,0,0.5019,0,Bayes-M17-med
Dilala,Lualaba,1,FALSE,0.0022,0.0016,0.0028,0.0021,219,215,219,0.0022,0.1799,219,0.0046,NA,NA,NA,NA,NA,NA,0.1347,0.0015,389,0.1506,0.2548,0,0.1332,0,Bayes-M17-med
Pimu,Mongala,1,FALSE,0.0022,0.0016,0.0028,0.0022,215,214,217,0.0022,0.1829,215,0.0047,NA,NA,NA,NA,NA,NA,0.4257,0.0048,197,0.583,0.3707,0,0.749,0,Bayes-M17-med
Yakoma,Nord-Ubangi,1,FALSE,0.0022,0.0016,0.0029,0.0022,217,213,222,0.0022,0.1818,217,0.0047,NA,NA,NA,NA,NA,NA,0.6641,0.0075,129,0.7124,0.9479,0,0.9961,0,Bayes-M17-med
Vanga Kete,Sankuru,1,FALSE,0.0022,0.0016,0.0028,0.0021,218,216,218,0.0022,0.1802,218,0.0046,NA,NA,NA,NA,NA,NA,0.4503,0.005,185,0.4672,0.4112,0,0.9228,0,Bayes-M17-med
Itombwe,Sud-Kivu,1,FALSE,0.0022,0.0017,0.0028,0.0022,214,213,217,0.0022,0.1855,214,0.0048,NA,NA,NA,NA,NA,NA,0.5121,0.0059,158,0.8571,0.6737,0,0.5174,0,Bayes-M17-med
Mulongo,Haut-Lomami,1,FALSE,0.0021,0.0016,0.0026,0.002,227,225,229,0.0021,0.1709,227,0.0044,NA,NA,NA,NA,NA,NA,0.4773,0.0051,184,0.7471,0.7703,0,0.3919,0,Bayes-M17-med
Kalonda Ouest,Kasaï,1,FALSE,0.0021,0.0016,0.0027,0.0021,221,219,222,0.0021,0.1769,221,0.0045,NA,NA,NA,NA,NA,NA,0.2239,0.0025,313,0.2915,0.251,0,0.3533,0,Bayes-M17-med
Miabi,Kasaï-Oriental,1,FALSE,0.0021,0.0016,0.0027,0.0021,223,221,224,0.0021,0.1759,223,0.0045,NA,NA,NA,NA,NA,NA,0.2838,0.0031,266,0.2297,0.6525,0,0.2529,0,Bayes-M17-med
Gungu,Kwilu,1,FALSE,0.0021,0.0016,0.0027,0.0021,222,221,223,0.0021,0.1764,222,0.0045,NA,NA,NA,NA,NA,NA,0.4237,0.0046,203,0.5058,0.6969,0,0.4923,0,Bayes-M17-med
Mukedi,Kwilu,1,FALSE,0.0021,0.0016,0.0027,0.0021,220,218,221,0.0021,0.1784,220,0.0046,NA,NA,NA,NA,NA,NA,0.4836,0.0054,177,0.5367,0.7066,0,0.6911,0,Bayes-M17-med
Ludimbi Lukula,Lomami,1,FALSE,0.0021,0.0016,0.0027,0.0021,224,223,225,0.0021,0.175,224,0.0045,NA,NA,NA,NA,NA,NA,0.4513,0.0049,192,0.6931,0.3475,0,0.7645,0,Bayes-M17-med
Obokote,Maniema,1,FALSE,0.0021,0.0016,0.0026,0.002,226,226,227,0.0021,0.1711,226,0.0044,NA,NA,NA,NA,NA,NA,0.3209,0.0034,243,0.7239,0.0328,0,0.527,0,Bayes-M17-med
Bosondjo,Mongala,1,FALSE,0.0021,0.0016,0.0027,0.0021,225,220,225,0.0021,0.1748,225,0.0045,NA,NA,NA,NA,NA,NA,0.3489,0.0038,228,0.5618,0.1931,0,0.6409,0,Bayes-M17-med
Luambo,Kasaï-Central,1,FALSE,0.002,0.0015,0.0025,0.0019,237,237,239,0.002,0.1643,237,0.0042,NA,NA,NA,NA,NA,NA,0.3769,0.0038,222,0.5347,0.5656,0,0.4073,0,Bayes-M17-med
Bipemba,Kasaï-Oriental,1,FALSE,0.002,0.0015,0.0025,0.002,235,234,236,0.002,0.1655,235,0.0042,NA,NA,NA,NA,NA,NA,0.1544,0.0016,383,0.0618,0.2201,0,0.3359,0,Bayes-M17-med
Lubilanji,Kasaï-Oriental,1,FALSE,0.002,0.0015,0.0025,0.002,234,233,235,0.002,0.1657,234,0.0043,NA,NA,NA,NA,NA,NA,0.1694,0.0017,371,0.0347,0.3398,0,0.3031,0,Bayes-M17-med
Mpokolo,Kasaï-Oriental,1,FALSE,0.002,0.0015,0.0025,0.0019,238,238,241,0.002,0.1635,239,0.0042,NA,NA,NA,NA,NA,NA,0.2901,0.0029,276,0.1255,0.6873,0,0.3475,0,Bayes-M17-med
Muya,Kasaï-Oriental,1,FALSE,0.002,0.0015,0.0026,0.002,231,229,231,0.002,0.1683,231,0.0043,NA,NA,NA,NA,NA,NA,0.2495,0.0026,303,0.0753,0.5888,0,0.334,0,Bayes-M17-med
Tshishimbi,Kasaï-Oriental,1,FALSE,0.002,0.0015,0.0025,0.002,236,235,237,0.002,0.1654,236,0.0042,NA,NA,NA,NA,NA,NA,0.1742,0.0018,366,0.1795,0.2471,0,0.2703,0,Bayes-M17-med
Koshibanda,Kwilu,1,FALSE,0.002,0.0015,0.0026,0.002,229,226,230,0.002,0.1691,229,0.0043,NA,NA,NA,NA,NA,NA,0.4913,0.0052,181,0.5193,0.6757,0,0.7703,0,Bayes-M17-med
Kalambayi Kabanga,Lomami,1,FALSE,0.002,0.0015,0.0026,0.002,233,232,234,0.002,0.1661,233,0.0043,NA,NA,NA,NA,NA,NA,0.3132,0.0032,255,0.4556,0.1602,0,0.6371,0,Bayes-M17-med
Binga,Mongala,1,FALSE,0.002,0.0015,0.0026,0.002,230,226,236,0.002,0.169,230,0.0043,NA,NA,NA,NA,NA,NA,0.3306,0.0035,238,0.4749,0.249,0,0.5985,0,Bayes-M17-med
Omendjadi,Sankuru,1,FALSE,0.002,0.0015,0.0026,0.002,228,228,229,0.002,0.1699,228,0.0044,NA,NA,NA,NA,NA,NA,0.4262,0.0045,208,0.5502,0.2317,0,0.9228,0,Bayes-M17-med
Ototo,Sankuru,1,FALSE,0.002,0.0015,0.0025,0.0019,239,238,239,0.002,0.1635,238,0.0042,NA,NA,NA,NA,NA,NA,0.4561,0.0046,205,0.5386,0.3629,0,0.9228,0,Bayes-M17-med
Libenge,Sud-Ubangi,1,FALSE,0.002,0.0015,0.0025,0.0019,240,232,243,0.002,0.1629,240,0.0042,NA,NA,NA,NA,NA,NA,0.3818,0.0039,220,0.6293,0.3591,0,0.5386,0,Bayes-M17-med
Ankoro,Tanganyika,1,FALSE,0.002,0.0015,0.0026,0.002,232,231,233,0.002,0.1667,232,0.0043,NA,NA,NA,NA,NA,NA,0.6047,0.0063,152,0.9266,0.8282,0,0.6641,0,Bayes-M17-med
Monga,Bas-Uele,1,FALSE,0.0019,0.0014,0.0025,0.0019,246,240,255,0.0019,0.1587,246,0.0041,NA,NA,NA,NA,NA,NA,0.7336,0.0072,133,0.9826,0.9672,0,0.9846,0,Bayes-M17-med
Kampemba,Haut-Katanga,1,FALSE,0.0019,0.0014,0.0024,0.0019,248,246,250,0.0019,0.1574,247,0.004,NA,NA,NA,NA,NA,NA,0.0531,5e-4,446,0.0598,0.0367,0,0.1158,0,Bayes-M17-med
Sakania,Haut-Katanga,1,FALSE,0.0019,0.0014,0.0024,0.0018,253,251,257,0.0019,0.1546,253,0.004,NA,NA,NA,NA,NA,NA,0.2775,0.0027,302,0.7375,0.2355,0,0.1371,0,Bayes-M17-med
Kabondo Dianda,Haut-Lomami,1,FALSE,0.0019,0.0014,0.0024,0.0019,244,244,247,0.0019,0.1589,244,0.0041,NA,NA,NA,NA,NA,NA,0.4107,0.0041,214,0.5888,0.5714,0,0.4826,0,Bayes-M17-med
Ndekesha,Kasaï-Central,1,FALSE,0.0019,0.0014,0.0024,0.0018,254,252,258,0.0019,0.1542,254,0.004,NA,NA,NA,NA,NA,NA,0.4059,0.0039,219,0.4768,0.4498,0,0.6969,0,Bayes-M17-med
Tshikaji,Kasaï-Central,1,FALSE,0.0019,0.0015,0.0025,0.0019,243,242,244,0.0019,0.1599,243,0.0041,NA,NA,NA,NA,NA,NA,0.3195,0.0032,259,0.1873,0.5849,0,0.5058,0,Bayes-M17-med
Dibindi,Kasaï-Oriental,1,FALSE,0.0019,0.0015,0.0025,0.0019,241,239,242,0.0019,0.162,241,0.0042,NA,NA,NA,NA,NA,NA,0.1617,0.0016,381,0.0386,0.2954,0,0.3127,0,Bayes-M17-med
Matadi,Kongo-Central,1,FALSE,0.0019,0.0014,0.0024,0.0019,248,247,249,0.0019,0.1574,248,0.004,NA,NA,NA,NA,NA,NA,0.2939,0.0029,284,0.1564,0.944,0,0.0753,0,Bayes-M17-med
Ipamu,Kwilu,1,FALSE,0.0019,0.0014,0.0025,0.0019,245,245,245,0.0019,0.1589,245,0.0041,NA,NA,NA,NA,NA,NA,0.5454,0.0054,175,0.4903,0.7683,0,0.9228,0,Bayes-M17-med
Kamana,Lomami,1,FALSE,0.0019,0.0015,0.0025,0.0019,242,241,243,0.0019,0.1609,242,0.0041,NA,NA,NA,NA,NA,NA,0.2944,0.0029,277,0.5309,0.0174,0,0.6293,0,Bayes-M17-med
Dikungu,Sankuru,1,FALSE,0.0019,0.0014,0.0024,0.0019,251,250,253,0.0019,0.1564,251,0.004,NA,NA,NA,NA,NA,NA,0.3779,0.0037,232,0.4865,0.1409,0,0.8842,0,Bayes-M17-med
Minga,Sankuru,1,FALSE,0.0019,0.0014,0.0024,0.0019,250,249,252,0.0019,0.1571,250,0.004,NA,NA,NA,NA,NA,NA,0.5347,0.0052,179,0.7838,0.471,0,0.8842,0,Bayes-M17-med
Tshumbe,Sankuru,1,FALSE,0.0019,0.0014,0.0024,0.0019,247,246,251,0.0019,0.1574,249,0.004,NA,NA,NA,NA,NA,NA,0.3907,0.0038,223,0.5444,0.1718,0,0.8465,0,Bayes-M17-med
Bogosenubea,Sud-Ubangi,1,FALSE,0.0019,0.0014,0.0024,0.0018,252,246,258,0.0019,0.1553,252,0.004,NA,NA,NA,NA,NA,NA,0.4107,0.004,216,0.4981,0.3031,0,0.8417,0,Bayes-M17-med
Basankusu,Equateur,1,FALSE,0.0018,0.0014,0.0024,0.0018,261,256,264,0.0018,0.1518,260,0.0039,NA,NA,NA,NA,NA,NA,0.6844,0.0064,148,0.9517,0.8629,0,0.9228,0,Bayes-M17-med
Bolomba,Equateur,1,FALSE,0.0018,0.0014,0.0024,0.0018,258,254,261,0.0018,0.15310000000000001,258,0.0039,NA,NA,NA,NA,NA,NA,0.6163,0.0059,159,0.9575,0.8533,0,0.6544,0,Bayes-M17-med
Mukanga,Haut-Lomami,1,FALSE,0.0018,0.0014,0.0023,0.0018,263,259,267,0.0018,0.1504,263,0.0039,NA,NA,NA,NA,NA,NA,0.4739,0.0044,209,0.6853,0.6911,0,0.5193,0,Bayes-M17-med
Kanzala,Kasaï,1,FALSE,0.0018,0.0014,0.0023,0.0018,260,257,261,0.0018,0.1518,261,0.0039,NA,NA,NA,NA,NA,NA,0.2046,0.0019,349,0.168,0.3127,0,0.3378,0,Bayes-M17-med
Dibaya,Kasaï-Central,1,FALSE,0.0018,0.0014,0.0023,0.0018,262,256,262,0.0018,0.1516,262,0.0039,NA,NA,NA,NA,NA,NA,0.3325,0.0031,264,0.3147,0.4479,0,0.5676,0,Bayes-M17-med
Kansele,Kasaï-Oriental,1,FALSE,0.0018,0.0014,0.0024,0.0018,256,253,260,0.0018,0.1538,256,0.0039,NA,NA,NA,NA,NA,NA,0.2437,0.0023,322,0.0541,0.5965,0,0.3243,0,Bayes-M17-med
Kikwit Sud,Kwilu,1,FALSE,0.0018,0.0014,0.0023,0.0018,266,264,268,0.0018,0.1492,266,0.0038,NA,NA,NA,NA,NA,NA,0.3282,0.003,271,0.1313,0.7008,0,0.4807,0,Bayes-M17-med
Yasa Bonga,Kwilu,1,FALSE,0.0018,0.0014,0.0023,0.0018,264,260,266,0.0018,0.1503,264,0.0039,NA,NA,NA,NA,NA,NA,0.4206,0.0039,217,0.3031,0.5328,0,0.8465,0,Bayes-M17-med
Alunguli,Maniema,1,FALSE,0.0018,0.0014,0.0024,0.0018,255,254,259,0.0018,0.1538,255,0.0039,NA,NA,NA,NA,NA,NA,0.3132,0.003,275,0.1737,0.195,0,0.8842,0,Bayes-M17-med
Bosobolo,Nord-Ubangi,1,FALSE,0.0018,0.0013,0.0023,0.0017,267,264,271,0.0018,0.1473,267,0.0038,NA,NA,NA,NA,NA,NA,0.7148,0.0065,146,0.9363,0.9459,0,0.9768,0,Bayes-M17-med
Gbadolite,Nord-Ubangi,1,FALSE,0.0018,0.0014,0.0024,0.0018,257,249,263,0.0018,0.1535,257,0.0039,NA,NA,NA,NA,NA,NA,0.5183,0.0049,191,0.7915,0.9653,0,0.3166,0,Bayes-M17-med
Lowa,Tshopo,1,FALSE,0.0018,0.0014,0.0023,0.0018,265,263,265,0.0018,0.1502,265,0.0039,NA,NA,NA,NA,NA,NA,0.4073,0.0038,226,0.8938,0.0598,0,0.6757,0,Bayes-M17-med
Basali,Tshopo,1,FALSE,0.0018,0.0013,0.0023,0.0017,268,265,277,0.0018,0.1461,268,0.0038,NA,NA,NA,NA,NA,NA,0.3779,0.0034,240,0.834,0.0251,0,0.6525,0,Bayes-M17-med
Mompono,Tshuapa,1,FALSE,0.0018,0.0014,0.0024,0.0018,259,255,265,0.0018,0.1526,259,0.0039,NA,NA,NA,NA,NA,NA,0.5598,0.0053,178,0.8089,0.6042,0,0.8263,0,Bayes-M17-med
Ruashi,Haut-Katanga,1,FALSE,0.0017,0.0013,0.0022,0.0017,276,274,279,0.0017,0.1423,276,0.0037,NA,NA,NA,NA,NA,NA,0.0705,6e-4,443,0.0985,0.0637,0,0.1197,0,Bayes-M17-med
Ilebo,Kasaï,1,FALSE,0.0017,0.0013,0.0022,0.0017,272,268,273,0.0017,0.1443,272,0.0037,NA,NA,NA,NA,NA,NA,0.3142,0.0028,289,0.2162,0.6139,0,0.4266,0,Bayes-M17-med
Katende,Kasaï-Central,1,FALSE,0.0017,0.0013,0.0022,0.0017,273,269,274,0.0017,0.1438,273,0.0037,NA,NA,NA,NA,NA,NA,0.5154,0.0046,206,0.6525,0.6486,0,0.7606,0,Bayes-M17-med
Lukonga,Kasaï-Central,1,FALSE,0.0017,0.0013,0.0022,0.0017,278,276,282,0.0017,0.1414,278,0.0036,NA,NA,NA,NA,NA,NA,0.3282,0.0029,283,0.2239,0.6429,0,0.4459,0,Bayes-M17-med
Tshibala,Kasaï-Central,1,FALSE,0.0017,0.0013,0.0021,0.0016,281,279,284,0.0017,0.1388,281,0.0036,NA,NA,NA,NA,NA,NA,0.4218,0.0036,233,0.4266,0.5772,0,0.6834,0,Bayes-M17-med
Mukumbi,Kasaï-Oriental,1,FALSE,0.0017,0.0013,0.0022,0.0017,274,271,277,0.0017,0.1431,274,0.0037,NA,NA,NA,NA,NA,NA,0.2249,0.002,344,0.2413,0.1892,0,0.4691,0,Bayes-M17-med
Kisantu,Kongo-Central,1,FALSE,0.0017,0.0013,0.0022,0.0017,276,275,278,0.0017,0.1422,277,0.0037,NA,NA,NA,NA,NA,NA,0.418,0.0037,229,0.5039,0.9903,0,0.1776,0,Bayes-M17-med
Djuma,Kwilu,1,FALSE,0.0017,0.0013,0.0022,0.0017,279,278,283,0.0017,0.1409,279,0.0036,NA,NA,NA,NA,NA,NA,0.5256,0.0046,207,0.4826,0.7355,0,0.8842,0,Bayes-M17-med
Ferekeni,Maniema,1,FALSE,0.0017,0.0013,0.0022,0.0017,270,270,272,0.0017,0.1448,271,0.0037,NA,NA,NA,NA,NA,NA,0.3504,0.0031,261,0.7722,0.0425,0,0.5869,0,Bayes-M17-med
Boso Manzi,Mongala,1,FALSE,0.0017,0.0012,0.0022,0.0016,283,281,284,0.0017,0.1379,283,0.0035,NA,NA,NA,NA,NA,NA,0.3982,0.0034,242,0.5695,0.2278,0,0.7954,0,Bayes-M17-med
Abuzi,Nord-Ubangi,1,FALSE,0.0017,0.0012,0.0022,0.0016,282,280,283,0.0017,0.1383,282,0.0035,NA,NA,NA,NA,NA,NA,0.7153,0.0061,154,0.9846,0.9054,0,0.971,0,Bayes-M17-med
Bili (Nord-Ubangi),Nord-Ubangi,1,FALSE,0.0017,0.0013,0.0022,0.0016,280,276,282,0.0017,0.1393,280,0.0036,NA,NA,NA,NA,NA,NA,0.7075,0.0061,155,0.9247,0.9189,0,0.9865,0,Bayes-M17-med
Mobayi Mbongo,Nord-Ubangi,1,FALSE,0.0017,0.0013,0.0022,0.0017,275,270,280,0.0017,0.1428,275,0.0037,NA,NA,NA,NA,NA,NA,0.5458,0.0048,196,0.9324,0.8166,0,0.4344,0,Bayes-M17-med
Wapinda,Nord-Ubangi,1,FALSE,0.0017,0.0012,0.0022,0.0016,285,276,289,0.0017,0.1374,284,0.0035,NA,NA,NA,NA,NA,NA,0.6791,0.0058,165,0.9015,0.8398,0,0.9749,0,Bayes-M17-med
Befale,Tshuapa,1,FALSE,0.0017,0.0013,0.0023,0.0017,270,269,276,0.0017,0.1451,270,0.0037,NA,NA,NA,NA,NA,NA,0.5145,0.0046,204,0.8822,0.4903,0,0.6853,0,Bayes-M17-med
Kiambi,Tanganyika,1,FALSE,0.0017,0.0013,0.0022,0.0017,269,267,272,0.0017,0.1452,269,0.0037,NA,NA,NA,NA,NA,NA,0.5709,0.0051,182,0.9807,0.6834,0,0.6197,0,Bayes-M17-med
Kapolowe,Haut-Katanga,1,FALSE,0.0016,0.0012,0.002,0.0015,292,291,294,0.0016,0.1292,292,0.0033,NA,NA,NA,NA,NA,NA,0.3026,0.0024,315,0.5579,0.444,0,0.2085,0,Bayes-M17-med
Kilwa,Haut-Katanga,1,FALSE,0.0016,0.0012,0.0021,0.0016,284,281,285,0.0017,0.1374,285,0.0035,NA,NA,NA,NA,NA,NA,0.3764,0.0032,257,0.749,0.39,0,0.3668,0,Bayes-M17-med
Kisanga,Haut-Katanga,1,FALSE,0.0016,0.0012,0.002,0.0015,291,290,293,0.0016,0.1303,291,0.0033,NA,NA,NA,NA,NA,NA,0.1081,9e-4,428,0.1293,0.2008,0,0.1023,0,Bayes-M17-med
Yangala,Kasaï-Central,1,FALSE,0.0016,0.0012,0.002,0.0016,289,288,290,0.0016,0.132,289,0.0034,NA,NA,NA,NA,NA,NA,0.348,0.0029,287,0.5927,0.2259,0,0.5734,0,Bayes-M17-med
Muanda,Kongo-Central,1,FALSE,0.0016,0.0012,0.002,0.0016,288,288,288,0.0016,0.1325,288,0.0034,NA,NA,NA,NA,NA,NA,0.4093,0.0034,247,0.6371,1,0,0,0,Bayes-M17-med
Masi Manimba,Kwilu,1,FALSE,0.0016,0.0012,0.0021,0.0016,286,285,287,0.0016,0.134,286,0.0034,NA,NA,NA,NA,NA,NA,0.4281,0.0036,236,0.332,0.4961,0,0.8842,0,Bayes-M17-med
Kalonda Est,Lomami,1,FALSE,0.0016,0.0012,0.002,0.0016,287,286,289,0.0016,0.1325,287,0.0034,NA,NA,NA,NA,NA,NA,0.3292,0.0027,298,0.5425,0.1506,0,0.6236,0,Bayes-M17-med
Kungu,Sud-Ubangi,1,FALSE,0.0016,0.0012,0.002,0.0016,290,286,293,0.0016,0.1311,290,0.0034,NA,NA,NA,NA,NA,NA,0.3711,0.003,272,0.3745,0.3359,0,0.7741,0,Bayes-M17-med
Kambove,Haut-Katanga,1,FALSE,0.0015,0.0012,0.002,0.0015,297,295,298,0.0015,0.1273,297,0.0033,NA,NA,NA,NA,NA,NA,0.306,0.0024,317,0.4247,0.6236,0,0.1757,0,Bayes-M17-med
Kamonia,Kasaï,1,FALSE,0.0015,0.0011,0.0019,0.0015,302,301,304,0.0015,0.1244,302,0.0032,NA,NA,NA,NA,NA,NA,0.14,0.0011,411,0.3707,0.11,0,0.0792,0,Bayes-M17-med
Bandundu,Kwilu,1,FALSE,0.0015,0.0011,0.0019,0.0014,305,303,307,0.0015,0.1215,305,0.0031,NA,NA,NA,NA,NA,NA,0.3364,0.0025,308,0.3436,0.751,0,0.251,0,Bayes-M17-med
Kasaji,Lualaba,1,FALSE,0.0015,0.0012,0.002,0.0015,298,296,299,0.0015,0.1272,298,0.0033,NA,NA,NA,NA,NA,NA,0.4648,0.0037,231,0.8552,0.4923,0,0.5116,0,Bayes-M17-med
Lualaba,Lualaba,1,FALSE,0.0015,0.0012,0.002,0.0015,296,294,297,0.0015,0.1274,296,0.0033,NA,NA,NA,NA,NA,NA,0.1404,0.0011,410,0.3552,0.0347,0,0.1718,0,Bayes-M17-med
Pangi,Maniema,1,FALSE,0.0015,0.0011,0.0019,0.0015,301,298,302,0.0015,0.126,301,0.0032,NA,NA,NA,NA,NA,NA,0.3316,0.0026,304,0.6081,0.056,0,0.6622,0,Bayes-M17-med
Loko,Nord-Ubangi,1,FALSE,0.0015,0.0011,0.0019,0.0014,304,303,309,0.0015,0.1221,304,0.0031,NA,NA,NA,NA,NA,NA,0.6535,0.005,190,0.9402,0.9266,0,0.7471,0,Bayes-M17-med
Kole,Sankuru,1,FALSE,0.0015,0.0011,0.0019,0.0014,305,305,306,0.0015,0.1213,306,0.0031,NA,NA,NA,NA,NA,NA,0.4802,0.0036,234,0.7761,0.2606,0,0.8842,0,Bayes-M17-med
Lusambo,Sankuru,1,FALSE,0.0015,0.0012,0.002,0.0015,299,297,300,0.0015,0.127,299,0.0033,NA,NA,NA,NA,NA,NA,0.4833,0.0038,225,0.6815,0.2992,0,0.9527,0,Bayes-M17-med
Wembo Nyama,Sankuru,1,FALSE,0.0015,0.0012,0.002,0.0015,293,292,296,0.0015,0.1288,293,0.0033,NA,NA,NA,NA,NA,NA,0.4097,0.0033,252,0.5019,0.2143,0,0.9228,0,Bayes-M17-med
Bokonzi,Sud-Ubangi,1,FALSE,0.0015,0.0011,0.0019,0.0015,303,301,304,0.0015,0.1231,303,0.0032,NA,NA,NA,NA,NA,NA,0.236,0.0018,363,0.4305,0.083,0,0.4305,0,Bayes-M17-med
Boto,Sud-Ubangi,1,FALSE,0.0015,0.0011,0.002,0.0015,300,295,302,0.0015,0.1262,300,0.0032,NA,NA,NA,NA,NA,NA,0.3596,0.0028,288,0.3282,0.5174,0,0.5927,0,Bayes-M17-med
Budjala,Sud-Ubangi,1,FALSE,0.0015,0.0011,0.002,0.0015,295,292,299,0.0015,0.1278,295,0.0033,NA,NA,NA,NA,NA,NA,0.43,0.0034,241,0.5154,0.4035,0,0.8012,0,Bayes-M17-med
Ndage,Sud-Ubangi,1,FALSE,0.0015,0.0011,0.002,0.0015,294,291,300,0.0015,0.1278,294,0.0033,NA,NA,NA,NA,NA,NA,0.3533,0.0028,291,0.3996,0.2761,0,0.7375,0,Bayes-M17-med
Pweto,Haut-Katanga,1,FALSE,0.0014,0.0011,0.0018,0.0014,311,311,313,0.0014,0.116,311,0.003,NA,NA,NA,NA,NA,NA,0.3518,0.0025,309,0.7992,0.2587,0,0.3494,0,Bayes-M17-med
Kakenge,Kasaï,1,FALSE,0.0014,0.001,0.0017,0.0013,314,314,316,0.0014,0.1135,314,0.0029,NA,NA,NA,NA,NA,NA,0.4522,0.0032,258,0.5753,0.4788,0,0.7548,0,Bayes-M17-med
Ndjoko Mpunda,Kasaï,1,FALSE,0.0014,0.0011,0.0018,0.0014,308,306,309,0.0014,0.1199,309,0.0031,NA,NA,NA,NA,NA,NA,0.333,0.0025,311,0.3977,0.2915,0,0.6429,0,Bayes-M17-med
Muetshi,Kasaï-Central,1,FALSE,0.0014,0.001,0.0018,0.0014,313,313,315,0.0014,0.114,313,0.0029,NA,NA,NA,NA,NA,NA,0.4792,0.0034,244,0.6158,0.5386,0,0.7625,0,Bayes-M17-med
Kimpese,Kongo-Central,1,FALSE,0.0014,0.001,0.0017,0.0013,316,315,318,0.0014,0.1127,316,0.0029,NA,NA,NA,NA,NA,NA,0.4947,0.0035,239,0.7896,0.9768,0,0.2124,0,Bayes-M17-med
Mokala,Kwilu,1,FALSE,0.0014,0.0011,0.0019,0.0014,307,307,308,0.0014,0.12,307,0.0031,NA,NA,NA,NA,NA,NA,0.5118,0.0038,224,0.4228,0.6718,0,0.9527,0,Bayes-M17-med
Makota,Lomami,1,FALSE,0.0014,0.0011,0.0018,0.0014,310,308,310,0.0014,0.1195,310,0.0031,NA,NA,NA,NA,NA,NA,0.2587,0.0019,352,0.1023,0.3764,0,0.556,0,Bayes-M17-med
Wasolo,Nord-Ubangi,1,FALSE,0.0014,0.001,0.0018,0.0013,315,311,318,0.0014,0.1133,315,0.0029,NA,NA,NA,NA,NA,NA,0.5709,0.004,215,0.5541,0.7413,0,0.9884,0,Bayes-M17-med
Bena Dibele,Sankuru,1,FALSE,0.0014,0.0011,0.0018,0.0014,312,311,312,0.0014,0.1156,312,0.003,NA,NA,NA,NA,NA,NA,0.4093,0.0029,278,0.6216,0.1564,0,0.8591,0,Bayes-M17-med
Bulu,Sud-Ubangi,1,FALSE,0.0014,0.0011,0.0019,0.0014,309,305,310,0.0014,0.1199,308,0.0031,NA,NA,NA,NA,NA,NA,0.3147,0.0023,321,0.3649,0.1988,0,0.695,0,Bayes-M17-med
Ingende,Equateur,1,FALSE,0.0013,9e-4,0.0016,0.0012,326,323,329,0.0013,0.1055,326,0.0027,NA,NA,NA,NA,NA,NA,0.596,0.0039,218,0.9208,0.8571,0,0.6062,0,Bayes-M17-med
Kinkondja,Haut-Lomami,1,FALSE,0.0013,0.001,0.0017,0.0013,320,317,320,0.0013,0.1104,320,0.0028,NA,NA,NA,NA,NA,NA,0.4889,0.0034,249,0.7278,0.6274,0,0.6004,0,Bayes-M17-med
Mikope,Kasaï,1,FALSE,0.0013,0.001,0.0017,0.0013,317,316,319,0.0014,0.1124,317,0.0029,NA,NA,NA,NA,NA,NA,0.3996,0.0028,295,0.6776,0.2703,0,0.6506,0,Bayes-M17-med
Katoka,Kasaï-Central,1,FALSE,0.0013,0.001,0.0016,0.0013,323,323,325,0.0013,0.1065,323,0.0027,NA,NA,NA,NA,NA,NA,0.2645,0.0017,370,0.1216,0.473,0,0.4633,0,Bayes-M17-med
Tshikula,Kasaï-Central,1,FALSE,0.0013,0.001,0.0017,0.0013,322,319,322,0.0013,0.109,322,0.0028,NA,NA,NA,NA,NA,NA,0.3296,0.0022,327,0.3919,0.3185,0,0.6081,0,Bayes-M17-med
Lukula,Kongo-Central,1,FALSE,0.0013,0.001,0.0017,0.0013,321,320,321,0.0013,0.1093,321,0.0028,NA,NA,NA,NA,NA,NA,0.3933,0.0027,301,0.529,0.8745,0,0.1699,0,Bayes-M17-med
Boko Kivulu,Kongo-Central,1,FALSE,0.0013,0.001,0.0016,0.0013,325,324,326,0.0013,0.1058,324,0.0027,NA,NA,NA,NA,NA,NA,0.4281,0.0028,290,0.5792,0.9324,0,0.2008,0,Bayes-M17-med
Pay Kongila,Kwilu,1,FALSE,0.0013,0.001,0.0016,0.0012,329,327,329,0.0013,0.1048,329,0.0027,NA,NA,NA,NA,NA,NA,0.4488,0.0029,279,0.5135,0.6467,0,0.6351,0,Bayes-M17-med
Kapanga,Lualaba,1,FALSE,0.0013,0.001,0.0016,0.0012,327,326,328,0.0013,0.1052,328,0.0027,NA,NA,NA,NA,NA,NA,0.4112,0.0027,300,0.8514,0.3938,0,0.3996,0,Bayes-M17-med
Tunda,Maniema,1,FALSE,0.0013,0.001,0.0016,0.0013,325,324,327,0.0013,0.1056,325,0.0027,NA,NA,NA,NA,NA,NA,0.459,0.003,274,0.8977,0.0541,0,0.8842,0,Bayes-M17-med
Boso Mondanda,Mongala,1,FALSE,0.0013,9e-4,0.0016,0.0012,328,323,332,0.0013,0.1053,327,0.0027,NA,NA,NA,NA,NA,NA,0.3716,0.0024,314,0.5869,0.1486,0,0.751,0,Bayes-M17-med
Businga,Nord-Ubangi,1,FALSE,0.0013,0.001,0.0017,0.0013,318,314,322,0.0013,0.1114,318,0.0029,NA,NA,NA,NA,NA,NA,0.6781,0.0047,200,0.9286,0.861,0,0.9228,0,Bayes-M17-med
Monkoto,Tshuapa,1,FALSE,0.0013,0.001,0.0017,0.0013,319,317,320,0.0013,0.1109,319,0.0028,NA,NA,NA,NA,NA,NA,0.5598,0.0039,221,0.9498,0.4054,0,0.8842,0,Bayes-M17-med
Likasi,Haut-Katanga,1,FALSE,0.0012,9e-4,0.0015,0.0012,336,336,337,0.0012,0.0999,336,0.0026,NA,NA,NA,NA,NA,NA,0.1728,0.0011,412,0.112,0.4208,0,0.1583,0,Bayes-M17-med
Dekese,Kasaï,1,FALSE,0.0012,9e-4,0.0015,0.0012,337,336,337,0.0012,0.0994,337,0.0026,NA,NA,NA,NA,NA,NA,0.4633,0.0029,285,0.9189,0.2181,0,0.7162,0,Bayes-M17-med
Bilomba,Kasaï-Central,1,FALSE,0.0012,9e-4,0.0016,0.0012,334,333,334,0.0012,0.1024,334,0.0026,NA,NA,NA,NA,NA,NA,0.4006,0.0025,307,0.3378,0.4421,0,0.8224,0,Bayes-M17-med
Boma,Kongo-Central,1,FALSE,0.0012,9e-4,0.0016,0.0012,332,331,333,0.0012,0.1029,332,0.0026,NA,NA,NA,NA,NA,NA,0.2901,0.0019,357,0.1467,0.9247,0,0.0888,0,Bayes-M17-med
Mbanza Ngungu,Kongo-Central,1,FALSE,0.0012,9e-4,0.0016,0.0012,331,330,332,0.0012,0.1034,331,0.0027,NA,NA,NA,NA,NA,NA,0.3711,0.0024,318,0.3205,0.9749,0,0.1892,0,Bayes-M17-med
Panzi,Kwango,1,FALSE,0.0012,9e-4,0.0015,0.0012,335,335,335,0.0012,0.1003,335,0.0026,NA,NA,NA,NA,NA,NA,0.5236,0.0033,253,0.7548,0.583,0,0.7568,0,Bayes-M17-med
Boko,Kwango,1,FALSE,0.0012,9e-4,0.0015,0.0012,340,339,340,0.0012,0.0979,340,0.0025,NA,NA,NA,NA,NA,NA,0.5121,0.0031,265,0.7336,0.61,0,0.7046,0,Bayes-M17-med
Feshi,Kwango,1,FALSE,0.0012,9e-4,0.0015,0.0012,341,341,341,0.0012,0.0978,341,0.0025,NA,NA,NA,NA,NA,NA,0.5082,0.0031,267,0.7317,0.5425,0,0.7587,0,Bayes-M17-med
Bagata,Kwilu,1,FALSE,0.0012,9e-4,0.0016,0.0012,330,328,331,0.0012,0.104,330,0.0027,NA,NA,NA,NA,NA,NA,0.5135,0.0033,251,0.6795,0.695,0,0.6795,0,Bayes-M17-med
Kimputu,Kwilu,1,FALSE,0.0012,9e-4,0.0015,0.0012,338,338,338,0.0012,0.0983,338,0.0025,NA,NA,NA,NA,NA,NA,0.5039,0.0031,268,0.4923,0.639,0,0.8842,0,Bayes-M17-med
Mosango,Kwilu,1,FALSE,0.0012,9e-4,0.0015,0.0012,339,339,340,0.0012,0.0979,339,0.0025,NA,NA,NA,NA,NA,NA,0.515,0.0031,263,0.5463,0.7375,0,0.7761,0,Bayes-M17-med
Sandoa,Lualaba,1,FALSE,0.0012,9e-4,0.0015,0.0012,342,342,342,0.0012,0.0975,342,0.0025,NA,NA,NA,NA,NA,NA,0.5536,0.0034,248,0.9421,0.6815,0,0.5907,0,Bayes-M17-med
Inongo,Mai-Ndombe,1,FALSE,0.0012,9e-4,0.0016,0.0012,333,330,334,0.0012,0.1027,333,0.0026,NA,NA,NA,NA,NA,NA,0.4952,0.0032,260,0.7645,0.2934,0,0.9228,0,Bayes-M17-med
Mufunga Sampwe,Haut-Katanga,1,FALSE,0.0011,8e-4,0.0014,0.0011,346,345,347,0.0011,0.0933,346,0.0024,NA,NA,NA,NA,NA,NA,0.3774,0.0022,330,0.8185,0.0888,0,0.6023,0,Bayes-M17-med
Kasenga,Haut-Katanga,1,FALSE,0.0011,8e-4,0.0014,0.0011,351,350,351,0.0011,0.09,351,0.0023,NA,NA,NA,NA,NA,NA,0.3953,0.0022,329,0.8166,0.6255,0,0.139,0,Bayes-M17-med
Lwamba,Haut-Lomami,1,FALSE,0.0011,8e-4,0.0014,0.0011,349,348,349,0.0011,0.0904,349,0.0023,NA,NA,NA,NA,NA,NA,0.4865,0.0027,296,0.8069,0.6409,0,0.4981,0,Bayes-M17-med
Songa,Haut-Lomami,1,FALSE,0.0011,8e-4,0.0014,0.001,356,356,356,0.0011,0.0877,356,0.0023,NA,NA,NA,NA,NA,NA,0.473,0.0026,305,0.9344,0.3533,0,0.6042,0,Bayes-M17-med
Kitangwa,Kasaï,1,FALSE,0.0011,8e-4,0.0014,0.0011,350,349,350,0.0011,0.0901,350,0.0023,NA,NA,NA,NA,NA,NA,0.3287,0.0018,359,0.6332,0.1062,0,0.5753,0,Bayes-M17-med
Lubunga (Kasaï-Central),Kasaï-Central,1,FALSE,0.0011,8e-4,0.0014,0.0011,353,351,354,0.0011,0.0899,353,0.0023,NA,NA,NA,NA,NA,NA,0.4599,0.0026,306,0.5637,0.4653,0,0.8108,0,Bayes-M17-med
Kwilu Ngongo,Kongo-Central,1,FALSE,0.0011,9e-4,0.0015,0.0011,343,343,344,0.0011,0.0956,343,0.0025,NA,NA,NA,NA,NA,NA,0.3875,0.0023,323,0.4884,0.8668,0,0.195,0,Bayes-M17-med
Kikongo,Kwilu,1,FALSE,0.0011,8e-4,0.0014,0.0011,347,346,347,0.0011,0.0933,347,0.0024,NA,NA,NA,NA,NA,NA,0.5024,0.0029,280,0.6969,0.6023,0,0.7104,0,Bayes-M17-med
Wikong,Lomami,1,FALSE,0.0011,9e-4,0.0015,0.0011,345,344,345,0.0011,0.0943,345,0.0024,NA,NA,NA,NA,NA,NA,0.3663,0.0021,334,0.2529,0.4228,0,0.7896,0,Bayes-M17-med
Dilolo,Lualaba,1,FALSE,0.0011,8e-4,0.0014,0.0011,352,352,352,0.0011,0.0899,352,0.0023,NA,NA,NA,NA,NA,NA,0.3663,0.002,343,0.8398,0.6197,0,0.0058,0,Bayes-M17-med
Kanzenze,Lualaba,1,FALSE,0.0011,8e-4,0.0014,0.001,355,355,355,0.0011,0.0883,355,0.0023,NA,NA,NA,NA,NA,NA,0.2389,0.0013,399,0.6255,0.1429,0,0.1873,0,Bayes-M17-med
Djalo Ndjeka,Sankuru,1,FALSE,0.0011,8e-4,0.0014,0.0011,354,353,354,0.0011,0.0897,354,0.0023,NA,NA,NA,NA,NA,NA,0.3378,0.0019,354,0.3591,0.0695,0,0.9228,0,Bayes-M17-med
Bangabola,Sud-Ubangi,1,FALSE,0.0011,9e-4,0.0015,0.0011,344,343,347,0.0011,0.0948,344,0.0024,NA,NA,NA,NA,NA,NA,0.3904,0.0023,324,0.3533,0.3494,0,0.8591,0,Bayes-M17-med
Mawuya,Sud-Ubangi,1,FALSE,0.0011,8e-4,0.0014,0.0011,348,348,354,0.0011,0.0906,348,0.0023,NA,NA,NA,NA,NA,NA,0.2654,0.0015,390,0.444,0.2394,0,0.3784,0,Bayes-M17-med
Bikoro,Equateur,1,FALSE,0.001,7e-4,0.0013,0.001,366,363,367,0.001,0.0831,366,0.0021,NA,NA,NA,NA,NA,NA,0.5951,0.0031,269,0.8127,0.8147,0,0.7529,0,Bayes-M17-med
Makanza,Equateur,1,FALSE,0.001,7e-4,0.0013,0.001,368,367,371,0.001,0.0811,369,0.0021,NA,NA,NA,NA,NA,NA,0.639,0.0032,256,0.9537,0.7954,0,0.8069,0,Bayes-M17-med
Wangata,Equateur,1,FALSE,0.001,8e-4,0.0013,0.001,362,362,365,0.001,0.0839,362,0.0022,NA,NA,NA,NA,NA,NA,0.417,0.0022,331,0.2336,0.9865,0,0.4479,0,Bayes-M17-med
Mushenge,Kasaï,1,FALSE,0.001,8e-4,0.0013,0.001,360,360,361,0.001,0.0858,360,0.0022,NA,NA,NA,NA,NA,NA,0.3229,0.0017,375,0.5946,0.0656,0,0.6313,0,Bayes-M17-med
Mutena,Kasaï,1,FALSE,0.001,8e-4,0.0013,0.001,365,363,366,0.001,0.0833,365,0.0021,NA,NA,NA,NA,NA,NA,0.2336,0.0012,406,0.334,0.0753,0,0.5251,0,Bayes-M17-med
Lubondaie,Kasaï-Central,1,FALSE,0.001,8e-4,0.0013,0.001,359,359,360,0.001,0.086,359,0.0022,NA,NA,NA,NA,NA,NA,0.3147,0.0017,377,0.3822,0.1583,0,0.7181,0,Bayes-M17-med
Seke Banza,Kongo-Central,1,FALSE,0.001,8e-4,0.0013,0.001,363,362,364,0.001,0.0838,363,0.0022,NA,NA,NA,NA,NA,NA,0.4513,0.0023,320,0.6351,0.9498,0,0.2201,0,Bayes-M17-med
Massa,Kongo-Central,1,FALSE,0.001,7e-4,0.0012,9e-4,371,370,372,0.001,0.0796,371,0.002,NA,NA,NA,NA,NA,NA,0.4223,0.0021,339,0.668,0.9208,0,0.1004,0,Bayes-M17-med
Kahemba,Kwango,1,FALSE,0.001,8e-4,0.0013,0.001,358,357,358,0.001,0.0869,358,0.0022,NA,NA,NA,NA,NA,NA,0.5367,0.0029,282,0.8958,0.7278,0,0.5232,0,Bayes-M17-med
Kimbao,Kwango,1,FALSE,0.001,7e-4,0.0012,9e-4,370,368,371,0.001,0.0801,370,0.0021,NA,NA,NA,NA,NA,NA,0.5743,0.0029,286,0.7201,0.7181,0,0.8591,0,Bayes-M17-med
Popokabaka,Kwango,1,FALSE,0.001,7e-4,0.0013,0.001,367,366,369,0.001,0.0818,367,0.0021,NA,NA,NA,NA,NA,NA,0.5507,0.0028,292,0.7703,0.7876,0,0.6448,0,Bayes-M17-med
Mungindu,Kwilu,1,FALSE,0.001,8e-4,0.0013,0.001,357,357,359,0.001,0.0869,357,0.0022,NA,NA,NA,NA,NA,NA,0.3818,0.0021,342,0.4691,0.5367,0,0.5212,0,Bayes-M17-med
Kamiji,Lomami,1,FALSE,0.001,8e-4,0.0013,0.001,364,361,365,0.001,0.0836,364,0.0021,NA,NA,NA,NA,NA,NA,0.2635,0.0014,398,0.3398,0.1293,0,0.5849,0,Bayes-M17-med
Bongandanga,Mongala,1,FALSE,0.001,7e-4,0.0012,9e-4,372,370,373,0.001,0.0791,372,0.002,NA,NA,NA,NA,NA,NA,0.4228,0.0021,340,0.7587,0.0097,0,0.9228,0,Bayes-M17-med
Bominenge,Sud-Ubangi,1,FALSE,0.001,8e-4,0.0013,0.001,361,357,364,0.001,0.0853,361,0.0022,NA,NA,NA,NA,NA,NA,0.3258,0.0017,374,0.2819,0.0985,0,0.9228,0,Bayes-M17-med
Busanga,Tshuapa,1,FALSE,0.001,7e-4,0.0013,0.001,368,367,370,0.001,0.0811,368,0.0021,NA,NA,NA,NA,NA,NA,0.4452,0.0022,326,0.6602,0.168,0,0.9527,0,Bayes-M17-med
Kafubu,Haut-Katanga,1,FALSE,9e-4,6e-4,0.0011,8e-4,383,383,383,9e-4,0.0712,383,0.0018,NA,NA,NA,NA,NA,NA,0.2104,9e-4,425,0.6042,0.0869,0,0.1506,0,Bayes-M17-med
Kayamba,Haut-Lomami,1,FALSE,9e-4,7e-4,0.0011,9e-4,382,381,382,9e-4,0.0717,382,0.0018,NA,NA,NA,NA,NA,NA,0.4276,0.0019,353,0.7027,0.4189,0,0.5888,0,Bayes-M17-med
Bunkonde,Kasaï-Central,1,FALSE,9e-4,7e-4,0.0011,9e-4,378,378,378,9e-4,0.0733,378,0.0019,NA,NA,NA,NA,NA,NA,0.3523,0.0016,382,0.4015,0.278,0,0.7297,0,Bayes-M17-med
Mutoto,Kasaï-Central,1,FALSE,9e-4,7e-4,0.0012,9e-4,375,375,376,9e-4,0.0763,375,0.002,NA,NA,NA,NA,NA,NA,0.3441,0.0016,379,0.4575,0.361,0,0.5579,0,Bayes-M17-med
Ndesha,Kasaï-Central,1,FALSE,9e-4,6e-4,0.0011,8e-4,384,384,384,9e-4,0.0708,384,0.0018,NA,NA,NA,NA,NA,NA,0.2317,0.001,414,0.1448,0.3456,0,0.4363,0,Bayes-M17-med
Nsona Mpangu,Kongo-Central,1,FALSE,9e-4,7e-4,0.0011,9e-4,380,380,380,9e-4,0.0723,380,0.0019,NA,NA,NA,NA,NA,NA,0.4165,0.0019,355,0.722,0.7645,0,0.1795,0,Bayes-M17-med
Wamba Lwadi,Kwango,1,FALSE,9e-4,7e-4,0.0011,9e-4,379,379,379,9e-4,0.0725,379,0.0019,NA,NA,NA,NA,NA,NA,0.5492,0.0025,312,0.6467,0.8185,0,0.7317,0,Bayes-M17-med
Sia,Kwilu,1,FALSE,9e-4,7e-4,0.0011,9e-4,381,381,382,9e-4,0.0719,381,0.0018,NA,NA,NA,NA,NA,NA,0.3986,0.0018,368,0.4151,0.3822,0,0.7973,0,Bayes-M17-med
Kalamba,Lualaba,1,FALSE,9e-4,7e-4,0.0012,9e-4,374,373,375,9e-4,0.0764,374,0.002,NA,NA,NA,NA,NA,NA,0.4542,0.0022,332,0.8803,0.2375,0,0.6988,0,Bayes-M17-med
Nioki,Mai-Ndombe,1,FALSE,9e-4,7e-4,0.0012,9e-4,377,377,377,9e-4,0.0747,377,0.0019,NA,NA,NA,NA,NA,NA,0.389,0.0018,362,0.61,0.3958,0,0.5502,0,Bayes-M17-med
Pania Mutombo,Sankuru,1,FALSE,9e-4,7e-4,0.0012,9e-4,373,372,376,9e-4,0.0776,373,0.002,NA,NA,NA,NA,NA,NA,0.4117,0.002,345,0.7413,0.1236,0,0.7819,0,Bayes-M17-med
Wema,Tshuapa,1,FALSE,9e-4,7e-4,0.0012,9e-4,376,374,376,9e-4,0.0759,376,0.0019,NA,NA,NA,NA,NA,NA,0.4469,0.0021,337,0.8494,0.1332,0,0.805,0,Bayes-M17-med
Djombo,Equateur,1,FALSE,8e-4,6e-4,0.001,8e-4,390,389,393,8e-4,0.0668,390,0.0017,NA,NA,NA,NA,NA,NA,0.6554,0.0027,297,0.917,0.7819,0,0.9228,0,Bayes-M17-med
Iboko,Equateur,1,FALSE,8e-4,6e-4,0.001,8e-4,399,396,402,8e-4,0.0637,399,0.0016,NA,NA,NA,NA,NA,NA,0.612,0.0024,316,0.8282,0.7915,0,0.8282,0,Bayes-M17-med
Kikula,Haut-Katanga,1,FALSE,8e-4,6e-4,0.001,8e-4,391,389,391,8e-4,0.0667,391,0.0017,NA,NA,NA,NA,NA,NA,0.0951,4e-4,449,0.1062,0.1139,0,0.1602,0,Bayes-M17-med
Mitwaba,Haut-Katanga,1,FALSE,8e-4,6e-4,0.001,8e-4,393,390,394,8e-4,0.0657,393,0.0017,NA,NA,NA,NA,NA,NA,0.3528,0.0014,393,0.8012,0.0618,0,0.5483,0,Bayes-M17-med
Lukafu,Haut-Katanga,1,FALSE,8e-4,6e-4,0.001,7e-4,403,401,403,8e-4,0.0625,403,0.0016,NA,NA,NA,NA,NA,NA,0.4015,0.0016,385,0.888,0.3243,0,0.3938,0,Bayes-M17-med
Bulape,Kasaï,1,FALSE,8e-4,6e-4,0.001,8e-4,388,388,390,8e-4,0.0672,388,0.0017,NA,NA,NA,NA,NA,NA,0.4315,0.0018,364,0.7066,0.1853,0,0.834,0,Bayes-M17-med
Nyanga,Kasaï,1,FALSE,8e-4,6e-4,0.0011,8e-4,385,385,386,8e-4,0.069,385,0.0018,NA,NA,NA,NA,NA,NA,0.348,0.0015,391,0.4402,0.3803,0,0.5714,0,Bayes-M17-med
Bena Tshadi,Kasaï-Central,1,FALSE,8e-4,6e-4,0.001,8e-4,392,392,393,8e-4,0.0658,392,0.0017,NA,NA,NA,NA,NA,NA,0.472,0.0019,351,0.6699,0.3784,0,0.8398,0,Bayes-M17-med
Kalomba,Kasaï-Central,1,FALSE,8e-4,6e-4,0.001,8e-4,397,397,400,8e-4,0.0641,397,0.0016,NA,NA,NA,NA,NA,NA,0.2944,0.0012,407,0.3166,0.1467,0,0.7143,0,Bayes-M17-med
Kangu,Kongo-Central,1,FALSE,8e-4,6e-4,0.001,8e-4,395,395,395,8e-4,0.0651,395,0.0017,NA,NA,NA,NA,NA,NA,0.3528,0.0014,394,0.3803,0.8822,0,0.1486,0,Bayes-M17-med
Ngidinga,Kongo-Central,1,FALSE,8e-4,6e-4,0.001,7e-4,402,400,402,8e-4,0.0628,402,0.0016,NA,NA,NA,NA,NA,NA,0.4488,0.0018,369,0.6544,0.7432,0,0.3977,0,Bayes-M17-med
Kasongo Lunda,Kwango,1,FALSE,8e-4,6e-4,0.001,8e-4,394,392,394,8e-4,0.0656,394,0.0017,NA,NA,NA,NA,NA,NA,0.3441,0.0014,395,0.6274,0.5946,0,0.1544,0,Bayes-M17-med
Kingandu,Kwilu,1,FALSE,8e-4,6e-4,0.0011,8e-4,386,386,387,8e-4,0.0689,386,0.0018,NA,NA,NA,NA,NA,NA,0.4923,0.0021,338,0.7162,0.6583,0,0.5946,0,Bayes-M17-med
Kafakumba,Lualaba,1,FALSE,8e-4,6e-4,0.001,7e-4,401,398,401,8e-4,0.0631,401,0.0016,NA,NA,NA,NA,NA,NA,0.4648,0.0018,360,0.8687,0.2027,0,0.7876,0,Bayes-M17-med
Oshwe,Mai-Ndombe,1,FALSE,8e-4,6e-4,0.0011,8e-4,387,385,387,8e-4,0.0686,387,0.0018,NA,NA,NA,NA,NA,NA,0.4855,0.0021,341,0.8764,0.3301,0,0.7355,0,Bayes-M17-med
Kwamouth,Mai-Ndombe,1,FALSE,8e-4,6e-4,0.001,8e-4,396,396,397,8e-4,0.0648,396,0.0017,NA,NA,NA,NA,NA,NA,0.43,0.0017,373,0.8707,0.417,0,0.4324,0,Bayes-M17-med
Mushie,Mai-Ndombe,1,FALSE,8e-4,6e-4,0.001,8e-4,398,398,399,8e-4,0.0638,398,0.0016,NA,NA,NA,NA,NA,NA,0.4291,0.0017,376,0.7394,0.3649,0,0.612,0,Bayes-M17-med
Tshudi Loto,Sankuru,1,FALSE,8e-4,6e-4,0.001,8e-4,400,398,403,8e-4,0.0635,400,0.0016,NA,NA,NA,NA,NA,NA,0.4237,0.0017,378,0.7683,0.0039,0,0.9228,0,Bayes-M17-med
Zongo,Sud-Ubangi,1,FALSE,8e-4,6e-4,0.001,8e-4,389,388,393,8e-4,0.0669,389,0.0017,NA,NA,NA,NA,NA,NA,0.2418,0.001,417,0.278,0.4131,0,0.2761,0,Bayes-M17-med
Lotumbe,Equateur,1,FALSE,7e-4,6e-4,0.001,7e-4,404,404,406,7e-4,0.0612,404,0.0016,NA,NA,NA,NA,NA,NA,0.5816,0.0022,328,0.9691,0.7085,0,0.6486,0,Bayes-M17-med
Panda,Haut-Katanga,1,FALSE,7e-4,6e-4,9e-4,7e-4,407,405,408,7e-4,0.0606,407,0.0016,NA,NA,NA,NA,NA,NA,0.2027,8e-4,432,0.1622,0.4826,0,0.166,0,Bayes-M17-med
Kenya,Haut-Katanga,1,FALSE,7e-4,5e-4,9e-4,7e-4,411,411,412,7e-4,0.0587,411,0.0015,NA,NA,NA,NA,NA,NA,0.0569,2e-4,455,0.11,0.0116,0,0.1062,0,Bayes-M17-med
Inga,Kongo-Central,1,FALSE,7e-4,5e-4,9e-4,7e-4,413,412,413,7e-4,0.0584,413,0.0015,NA,NA,NA,NA,NA,NA,0.3847,0.0014,397,0.5212,0.8243,0,0.1931,0,Bayes-M17-med
Luozi,Kongo-Central,1,FALSE,7e-4,5e-4,8e-4,6e-4,417,415,418,7e-4,0.0548,417,0.0014,NA,NA,NA,NA,NA,NA,0.5241,0.0018,367,0.7355,0.8861,0,0.4749,0,Bayes-M17-med
Gombe Matadi,Kongo-Central,1,FALSE,7e-4,5e-4,9e-4,7e-4,410,409,411,7e-4,0.0594,410,0.0015,NA,NA,NA,NA,NA,NA,0.4151,0.0015,386,0.6911,0.7857,0,0.1834,0,Bayes-M17-med
Moanza,Kwilu,1,FALSE,7e-4,6e-4,9e-4,7e-4,405,404,406,7e-4,0.0609,405,0.0016,NA,NA,NA,NA,NA,NA,0.52,0.002,346,0.5985,0.529,0,0.9527,0,Bayes-M17-med
Lubudi,Lualaba,1,FALSE,7e-4,5e-4,9e-4,7e-4,408,407,410,7e-4,0.0598,408,0.0015,NA,NA,NA,NA,NA,NA,0.4667,0.0017,372,0.9151,0.4614,0,0.4903,0,Bayes-M17-med
Banzow Moke,Mai-Ndombe,1,FALSE,7e-4,5e-4,9e-4,7e-4,409,407,410,7e-4,0.0597,409,0.0015,NA,NA,NA,NA,NA,NA,0.5236,0.0019,348,0.6892,0.5212,0,0.8842,0,Bayes-M17-med
Kiri,Mai-Ndombe,1,FALSE,7e-4,5e-4,9e-4,7e-4,406,405,408,7e-4,0.0607,406,0.0016,NA,NA,NA,NA,NA,NA,0.5685,0.0021,335,0.8745,0.4768,0,0.9228,0,Bayes-M17-med
Ntandembelo,Mai-Ndombe,1,FALSE,7e-4,5e-4,9e-4,7e-4,414,414,417,7e-4,0.0551,414,0.0014,NA,NA,NA,NA,NA,NA,0.4595,0.0016,384,0.6023,0.4633,0,0.7722,0,Bayes-M17-med
Yumbi,Mai-Ndombe,1,FALSE,7e-4,5e-4,9e-4,7e-4,415,415,416,7e-4,0.0551,415,0.0014,NA,NA,NA,NA,NA,NA,0.2741,9e-4,424,0.4131,0.4015,0,0.2819,0,Bayes-M17-med
Bolobo,Mai-Ndombe,1,FALSE,7e-4,5e-4,8e-4,6e-4,418,416,418,7e-4,0.0547,418,0.0014,NA,NA,NA,NA,NA,NA,0.3388,0.0012,408,0.6313,0.4981,0,0.2259,0,Bayes-M17-med
Bosobe,Mai-Ndombe,1,FALSE,7e-4,5e-4,9e-4,7e-4,416,414,417,7e-4,0.055,416,0.0014,NA,NA,NA,NA,NA,NA,0.4406,0.0015,388,0.4942,0.4093,0,0.8591,0,Bayes-M17-med
Mbaya,Sud-Ubangi,1,FALSE,7e-4,5e-4,9e-4,7e-4,412,409,413,7e-4,0.0585,412,0.0015,NA,NA,NA,NA,NA,NA,0.3142,0.0011,409,0.3514,0.2239,0,0.6815,0,Bayes-M17-med
Lukolela,Equateur,1,FALSE,6e-4,5e-4,8e-4,6e-4,419,419,420,6e-4,0.0536,419,0.0014,NA,NA,NA,NA,NA,NA,0.5787,0.0019,350,0.944,0.9151,0,0.4556,0,Bayes-M17-med
Monieka,Equateur,1,FALSE,6e-4,5e-4,8e-4,6e-4,423,421,423,6e-4,0.0502,423,0.0013,NA,NA,NA,NA,NA,NA,0.596,0.0019,356,0.9768,0.7336,0,0.6737,0,Bayes-M17-med
Butumba,Haut-Lomami,1,FALSE,6e-4,4e-4,8e-4,6e-4,424,424,425,6e-4,0.049,424,0.0013,NA,NA,NA,NA,NA,NA,0.4595,0.0014,396,0.7973,0.4151,0,0.6255,0,Bayes-M17-med
Banga Lubaka,Kasaï,1,FALSE,6e-4,5e-4,8e-4,6e-4,421,421,422,6e-4,0.051,421,0.0013,NA,NA,NA,NA,NA,NA,0.3205,0.001,415,0.5174,0.0444,0,0.7201,0,Bayes-M17-med
Nzanza,Kongo-Central,1,FALSE,6e-4,4e-4,7e-4,6e-4,426,425,426,6e-4,0.0481,426,0.0012,NA,NA,NA,NA,NA,NA,0.2172,6e-4,441,0.0888,0.6892,0,0.0907,0,Bayes-M17-med
Kimvula,Kongo-Central,1,FALSE,6e-4,5e-4,8e-4,6e-4,422,422,423,6e-4,0.0508,422,0.0013,NA,NA,NA,NA,NA,NA,0.569,0.0018,365,0.8629,0.8784,0,0.5347,0,Bayes-M17-med
Kisanji,Kwango,1,FALSE,6e-4,5e-4,8e-4,6e-4,420,419,420,6e-4,0.0532,420,0.0014,NA,NA,NA,NA,NA,NA,0.5574,0.0018,358,0.8417,0.6544,0,0.7336,0,Bayes-M17-med
Mwela Lembwa,Kwango,1,FALSE,6e-4,4e-4,7e-4,6e-4,427,427,427,6e-4,0.0473,427,0.0012,NA,NA,NA,NA,NA,NA,0.4397,0.0013,401,0.6506,0.3224,0,0.7857,0,Bayes-M17-med
Pendjwa,Mai-Ndombe,1,FALSE,6e-4,4e-4,8e-4,6e-4,425,424,426,6e-4,0.0486,425,0.0012,NA,NA,NA,NA,NA,NA,0.4319,0.0013,400,0.7008,0.2124,0,0.8147,0,Bayes-M17-med
Bomongo,Equateur,1,FALSE,5e-4,4e-4,7e-4,5e-4,429,429,429,5e-4,0.0443,429,0.0011,NA,NA,NA,NA,NA,NA,0.5907,0.0016,380,0.9788,0.8475,0,0.5367,0,Bayes-M17-med
Katuba,Haut-Katanga,1,FALSE,5e-4,4e-4,6e-4,5e-4,438,438,438,5e-4,0.0385,438,0.001,NA,NA,NA,NA,NA,NA,0.0463,1e-4,458,0.0502,0.0309,0,0.1042,0,Bayes-M17-med
Kinda,Haut-Lomami,1,FALSE,5e-4,4e-4,6e-4,5e-4,437,437,437,5e-4,0.0389,437,0.001,NA,NA,NA,NA,NA,NA,0.5077,0.0012,405,0.9884,0.4266,0,0.6158,0,Bayes-M17-med
Kizu,Kongo-Central,1,FALSE,5e-4,4e-4,7e-4,5e-4,430,430,430,5e-4,0.0431,430,0.0011,NA,NA,NA,NA,NA,NA,0.3113,8e-4,431,0.2973,0.8707,0,0.0772,0,Bayes-M17-med
Kuimba,Kongo-Central,1,FALSE,5e-4,4e-4,6e-4,5e-4,436,436,436,5e-4,0.0391,436,0.001,NA,NA,NA,NA,NA,NA,0.3069,7e-4,435,0.3784,0.8456,0,0.0039,0,Bayes-M17-med
Tshela,Kongo-Central,1,FALSE,5e-4,4e-4,6e-4,5e-4,433,433,433,5e-4,0.0411,433,0.0011,NA,NA,NA,NA,NA,NA,0.3282,8e-4,430,0.417,0.888,0,0.0077,0,Bayes-M17-med
Mangembo,Kongo-Central,1,FALSE,5e-4,4e-4,6e-4,5e-4,431,431,431,5e-4,0.0414,431,0.0011,NA,NA,NA,NA,NA,NA,0.3726,0.001,420,0.5598,0.6641,0,0.2664,0,Bayes-M17-med
Kimpangu,Kongo-Central,1,FALSE,5e-4,4e-4,7e-4,5e-4,428,428,428,5e-4,0.0454,428,0.0012,NA,NA,NA,NA,NA,NA,0.4488,0.0013,402,0.7085,0.9344,0,0.1525,0,Bayes-M17-med
Nselo,Kongo-Central,1,FALSE,5e-4,4e-4,6e-4,5e-4,435,435,435,5e-4,0.0404,435,0.001,NA,NA,NA,NA,NA,NA,0.374,9e-4,422,0.6564,0.5347,0,0.305,0,Bayes-M17-med
Kajiji,Kwango,1,FALSE,5e-4,4e-4,6e-4,5e-4,434,434,434,5e-4,0.0406,434,0.001,NA,NA,NA,NA,NA,NA,0.3533,9e-4,427,0.7934,0.1544,0,0.4653,0,Bayes-M17-med
Kitenda,Kwango,1,FALSE,5e-4,4e-4,6e-4,5e-4,432,432,432,5e-4,0.0411,432,0.0011,NA,NA,NA,NA,NA,NA,0.376,0.001,419,0.6641,0.4247,0,0.4151,0,Bayes-M17-med
Bolenge,Equateur,1,FALSE,4e-4,3e-4,5e-4,4e-4,447,447,447,4e-4,0.0315,447,8e-4,NA,NA,NA,NA,NA,NA,0.5391,0.0011,413,0.7954,0.8514,0,0.5097,0,Bayes-M17-med
Kilela Balanda,Haut-Katanga,1,FALSE,4e-4,3e-4,5e-4,4e-4,445,445,445,4e-4,0.033,445,8e-4,NA,NA,NA,NA,NA,NA,0.3132,6e-4,442,0.9228,0.0927,0,0.2375,0,Bayes-M17-med
Kashobwe,Haut-Katanga,1,FALSE,4e-4,3e-4,5e-4,4e-4,441,441,441,4e-4,0.0356,441,9e-4,NA,NA,NA,NA,NA,NA,0.3243,7e-4,438,0.805,0.3012,0,0.1911,0,Bayes-M17-med
Baka,Haut-Lomami,1,FALSE,4e-4,3e-4,5e-4,4e-4,442,442,442,4e-4,0.0351,442,9e-4,NA,NA,NA,NA,NA,NA,0.4319,9e-4,421,0.4344,0.8919,0,0.4015,0,Bayes-M17-med
Boma Bungu,Kongo-Central,1,FALSE,4e-4,3e-4,6e-4,4e-4,440,440,440,4e-4,0.0368,440,9e-4,NA,NA,NA,NA,NA,NA,0.3209,7e-4,436,0.5811,0.5676,0,0.1351,0,Bayes-M17-med
Kinkonzi,Kongo-Central,1,FALSE,4e-4,3e-4,6e-4,4e-4,439,439,439,4e-4,0.0371,439,0.001,NA,NA,NA,NA,NA,NA,0.4252,0.001,418,0.6236,0.8958,0,0.1815,0,Bayes-M17-med
Sona Bata,Kongo-Central,1,FALSE,4e-4,3e-4,5e-4,4e-4,443,443,443,4e-4,0.0345,443,9e-4,NA,NA,NA,NA,NA,NA,0.43,9e-4,426,0.7259,0.7896,0,0.2046,0,Bayes-M17-med
Tembo,Kwango,1,FALSE,4e-4,3e-4,5e-4,4e-4,444,444,444,4e-4,0.0333,444,9e-4,NA,NA,NA,NA,NA,NA,0.3205,7e-4,440,0.7876,0.3977,0,0.0965,0,Bayes-M17-med
Bunkeya,Lualaba,1,FALSE,4e-4,3e-4,5e-4,4e-4,446,446,446,4e-4,0.0327,446,8e-4,NA,NA,NA,NA,NA,NA,0.4218,9e-4,429,0.8243,0.5019,0,0.361,0,Bayes-M17-med
Mampoko,Equateur,1,FALSE,3e-4,2e-4,3e-4,3e-4,452,452,452,3e-4,0.0213,452,5e-4,NA,NA,NA,NA,NA,NA,0.5135,7e-4,439,0.8919,0.5058,0,0.6564,0,Bayes-M17-med
Vangu,Haut-Katanga,1,FALSE,3e-4,2e-4,4e-4,3e-4,450,450,450,3e-4,0.0236,450,6e-4,NA,NA,NA,NA,NA,NA,0.1081,2e-4,456,0.1158,0.1699,0,0.1467,0,Bayes-M17-med
Bobozo,Kasaï-Central,1,FALSE,3e-4,2e-4,4e-4,3e-4,449,449,449,3e-4,0.0269,449,7e-4,NA,NA,NA,NA,NA,NA,0.2336,4e-4,450,0.1602,0.2857,0,0.4884,0,Bayes-M17-med
Vaku,Kongo-Central,1,FALSE,3e-4,3e-4,4e-4,3e-4,448,448,448,3e-4,0.0286,448,7e-4,NA,NA,NA,NA,NA,NA,0.4194,7e-4,434,0.5676,0.9421,0,0.168,0,Bayes-M17-med
Kibunzi,Kongo-Central,1,FALSE,3e-4,2e-4,3e-4,3e-4,451,451,451,3e-4,0.0218,451,6e-4,NA,NA,NA,NA,NA,NA,0.4175,6e-4,444,0.7046,0.5251,0,0.4402,0,Bayes-M17-med
Lilanga Bobangi,Equateur,1,FALSE,2e-4,1e-4,2e-4,2e-4,456,456,456,2e-4,0.0131,456,3e-4,NA,NA,NA,NA,NA,NA,0.4117,3e-4,451,0.9382,0.2664,0,0.4421,0,Bayes-M17-med
Ntondo,Equateur,1,FALSE,2e-4,2e-4,3e-4,2e-4,453,453,453,2e-4,0.0198,453,5e-4,NA,NA,NA,NA,NA,NA,0.6125,8e-4,433,0.8996,0.7259,0,0.8243,0,Bayes-M17-med
Mutshatsha,Lualaba,1,FALSE,2e-4,2e-4,3e-4,2e-4,454,454,455,2e-4,0.0176,454,5e-4,NA,NA,NA,NA,NA,NA,0.3808,4e-4,447,0.971,0.1023,0,0.4498,0,Bayes-M17-med
Mimia,Mai-Ndombe,1,FALSE,2e-4,2e-4,3e-4,2e-4,455,454,455,2e-4,0.0175,455,4e-4,NA,NA,NA,NA,NA,NA,0.4841,5e-4,445,0.9614,0.0521,0,0.9228,0,Bayes-M17-med
Irebu,Equateur,1,FALSE,1e-4,1e-4,1e-4,1e-4,457,457,457,1e-4,0.0095,457,2e-4,NA,NA,NA,NA,NA,NA,0.5473,3e-4,452,0.9305,0.6776,0,0.5811,0,Bayes-M17-med
Kamalondo,Haut-Katanga,1,FALSE,1e-4,1e-4,1e-4,1e-4,459,459,459,1e-4,0.0092,459,2e-4,NA,NA,NA,NA,NA,NA,0.0352,0,460,0.029,0.0019,0,0.11,0,Bayes-M17-med
Kowe,Haut-Katanga,1,FALSE,1e-4,1e-4,1e-4,1e-4,458,458,458,1e-4,0.0093,458,2e-4,NA,NA,NA,NA,NA,NA,0.07,0,459,0.0714,0.0811,0,0.1274,0,Bayes-M17-med
Kitona,Kongo-Central,1,FALSE,1e-4,1e-4,1e-4,1e-4,460,460,460,1e-4,0.0068,460,2e-4,NA,NA,NA,NA,NA,NA,0.293,1e-4,457,0.5907,0.5792,0,0.0019,0,Bayes-M17-med
Bokoro,Mai-Ndombe,1,FALSE,0,0,0,0,461.5,461.5,461.5,0,0,461,0,NA,NA,NA,NA,NA,NA,0.471,0,461,0.6873,0.5097,0,0.6873,0,Bayes-M17-med
Idjwi,Sud-Kivu,1,FALSE,0,0,0,0,461.5,461.5,461.5,0,0,461,0,NA,NA,NA,NA,NA,NA,0.3007,0,462,0.2992,0.8224,0,0.0811,0,Bayes-M17-med
Buta,Bas-Uele,1,TRUE,NA,NA,NA,NA,NA,NA,NA,NA,NA,NA,NA,NA,NA,NA,NA,NA,NA,0.7225,NA,NA,0.9749,0.9923,0,0.9228,0,Bayes-M17-med
Viadana,Bas-Uele,1,TRUE,NA,NA,NA,NA,NA,NA,NA,NA,NA,NA,NA,NA,NA,NA,NA,NA,NA,0.6846,NA,NA,0.9131,0.9788,0,0.8465,0,Bayes-M17-med
Boma Mangbetu,Haut-Uele,1,TRUE,NA,NA,NA,NA,NA,NA,NA,NA,NA,NA,NA,NA,NA,NA,NA,NA,NA,0.4122,NA,NA,0.2857,0.5039,0,0.8591,0,Bayes-M17-med
Gombari,Haut-Uele,1,TRUE,NA,NA,NA,NA,NA,NA,NA,NA,NA,NA,NA,NA,NA,NA,NA,NA,NA,0.5772,NA,NA,0.9633,0.8012,0,0.5444,0,Bayes-M17-med
Isiro,Haut-Uele,1,TRUE,NA,NA,NA,NA,NA,NA,NA,NA,NA,NA,NA,NA,NA,NA,NA,NA,NA,0.5253,NA,NA,0.39,0.7587,0,0.9527,0,Bayes-M17-med
Pawa,Haut-Uele,1,TRUE,NA,NA,NA,NA,NA,NA,NA,NA,NA,NA,NA,NA,NA,NA,NA,NA,NA,0.4315,NA,NA,0.2934,0.5734,0,0.8591,0,Bayes-M17-med
Rungu,Haut-Uele,1,TRUE,NA,NA,NA,NA,NA,NA,NA,NA,NA,NA,NA,NA,NA,NA,NA,NA,NA,0.6474,NA,NA,0.8224,0.8031,0,0.9643,0,Bayes-M17-med
Wamba,Haut-Uele,1,TRUE,NA,NA,NA,NA,NA,NA,NA,NA,NA,NA,NA,NA,NA,NA,NA,NA,NA,0.4817,NA,NA,0.6737,0.4363,0,0.8166,0,Bayes-M17-med
Adja,Ituri,1,TRUE,NA,NA,NA,NA,NA,NA,NA,NA,NA,NA,NA,NA,NA,NA,NA,NA,NA,0.2645,NA,NA,0.249,0.4286,0,0.3803,0,Bayes-M17-med
Ariwara,Ituri,1,TRUE,NA,NA,NA,NA,NA,NA,NA,NA,NA,NA,NA,NA,NA,NA,NA,NA,NA,0.2862,NA,NA,0.1988,0.6988,0,0.2471,0,Bayes-M17-med
Aru,Ituri,1,TRUE,NA,NA,NA,NA,NA,NA,NA,NA,NA,NA,NA,NA,NA,NA,NA,NA,NA,0.3528,NA,NA,0.3012,0.8417,0,0.2683,0,Bayes-M17-med
Aungba,Ituri,1,TRUE,NA,NA,NA,NA,NA,NA,NA,NA,NA,NA,NA,NA,NA,NA,NA,NA,NA,0.3354,NA,NA,0.3108,0.6564,0,0.3745,0,Bayes-M17-med
Kambala,Ituri,1,TRUE,NA,NA,NA,NA,NA,NA,NA,NA,NA,NA,NA,NA,NA,NA,NA,NA,NA,0.347,NA,NA,0.3668,0.612,0,0.4093,0,Bayes-M17-med
Logo,Ituri,1,TRUE,NA,NA,NA,NA,NA,NA,NA,NA,NA,NA,NA,NA,NA,NA,NA,NA,NA,0.2384,NA,NA,0.1757,0.5927,0,0.1853,0,Bayes-M17-med
Mahagi,Ituri,1,TRUE,NA,NA,NA,NA,NA,NA,NA,NA,NA,NA,NA,NA,NA,NA,NA,NA,NA,0.2292,NA,NA,0.1718,0.6004,0,0.1448,0,Bayes-M17-med
Rimba,Ituri,1,TRUE,NA,NA,NA,NA,NA,NA,NA,NA,NA,NA,NA,NA,NA,NA,NA,NA,NA,0.306,NA,NA,0.2008,0.7124,0,0.3108,0,Bayes-M17-med
Bambu,Ituri,1,TRUE,NA,NA,NA,NA,NA,NA,NA,NA,NA,NA,NA,NA,NA,NA,NA,NA,NA,0.2399,NA,NA,0.2046,0.4691,0,0.2857,0,Bayes-M17-med
Boga,Ituri,1,TRUE,NA,NA,NA,NA,NA,NA,NA,NA,NA,NA,NA,NA,NA,NA,NA,NA,NA,0.264,NA,NA,0.3861,0.36870000000000003,0,0.3012,0,Bayes-M17-med
Bunia,Ituri,1,TRUE,NA,NA,NA,NA,NA,NA,NA,NA,NA,NA,NA,NA,NA,NA,NA,NA,NA,0.2326,NA,NA,0.1178,0.5637,0,0.249,0,Bayes-M17-med
Damas,Ituri,1,TRUE,NA,NA,NA,NA,NA,NA,NA,NA,NA,NA,NA,NA,NA,NA,NA,NA,NA,0.3224,NA,NA,0.4479,0.3282,0,0.5135,0,Bayes-M17-med
Drodro,Ituri,1,TRUE,NA,NA,NA,NA,NA,NA,NA,NA,NA,NA,NA,NA,NA,NA,NA,NA,NA,0.2674,NA,NA,0.2066,0.5907,0,0.2722,0,Bayes-M17-med
Fataki,Ituri,1,TRUE,NA,NA,NA,NA,NA,NA,NA,NA,NA,NA,NA,NA,NA,NA,NA,NA,NA,0.3185,NA,NA,0.2259,0.7201,0,0.3282,0,Bayes-M17-med
Gety,Ituri,1,TRUE,NA,NA,NA,NA,NA,NA,NA,NA,NA,NA,NA,NA,NA,NA,NA,NA,NA,0.2592,NA,NA,0.3359,0.2973,0,0.4035,0,Bayes-M17-med
Kilo,Ituri,1,TRUE,NA,NA,NA,NA,NA,NA,NA,NA,NA,NA,NA,NA,NA,NA,NA,NA,NA,0.1448,NA,NA,0.2201,0.0502,0,0.3089,0,Bayes-M17-med
Komanda,Ituri,1,TRUE,NA,NA,NA,NA,NA,NA,NA,NA,NA,NA,NA,NA,NA,NA,NA,NA,NA,0.2341,NA,NA,0.3089,0.1197,0,0.5077,0,Bayes-M17-med
Lita,Ituri,1,TRUE,NA,NA,NA,NA,NA,NA,NA,NA,NA,NA,NA,NA,NA,NA,NA,NA,NA,0.306,NA,NA,0.2761,0.7046,0,0.2432,0,Bayes-M17-med
Lolwa,Ituri,1,TRUE,NA,NA,NA,NA,NA,NA,NA,NA,NA,NA,NA,NA,NA,NA,NA,NA,NA,0.3205,NA,NA,0.6429,0,0,0.639,0,Bayes-M17-med
Mambasa,Ituri,1,TRUE,NA,NA,NA,NA,NA,NA,NA,NA,NA,NA,NA,NA,NA,NA,NA,NA,NA,0.4324,NA,NA,0.8842,0.2625,0,0.583,0,Bayes-M17-med
Mandima,Ituri,1,TRUE,NA,NA,NA,NA,NA,NA,NA,NA,NA,NA,NA,NA,NA,NA,NA,NA,NA,0.2659,NA,NA,0.4846,0.2896,0,0.2896,0,Bayes-M17-med
Mangala,Ituri,1,TRUE,NA,NA,NA,NA,NA,NA,NA,NA,NA,NA,NA,NA,NA,NA,NA,NA,NA,0.3021,NA,NA,0.305,0.6158,0,0.2876,0,Bayes-M17-med
Mongbwalu,Ituri,1,TRUE,NA,NA,NA,NA,NA,NA,NA,NA,NA,NA,NA,NA,NA,NA,NA,NA,NA,0.2616,NA,NA,0.4112,0.1834,0,0.4517,0,Bayes-M17-med
Nia Nia,Ituri,1,TRUE,NA,NA,NA,NA,NA,NA,NA,NA,NA,NA,NA,NA,NA,NA,NA,NA,NA,0.2978,NA,NA,0.666,0.0212,0,0.5039,0,Bayes-M17-med
Nizi,Ituri,1,TRUE,NA,NA,NA,NA,NA,NA,NA,NA,NA,NA,NA,NA,NA,NA,NA,NA,NA,0.1771,NA,NA,0.1544,0.3378,0,0.2162,0,Bayes-M17-med
Nyankunde,Ituri,1,TRUE,NA,NA,NA,NA,NA,NA,NA,NA,NA,NA,NA,NA,NA,NA,NA,NA,NA,0.2514,NA,NA,0.2838,0.2432,0,0.4788,0,Bayes-M17-med
Rwampara,Ituri,1,TRUE,NA,NA,NA,NA,NA,NA,NA,NA,NA,NA,NA,NA,NA,NA,NA,NA,NA,0.319,NA,NA,0.2375,0.7452,0,0.2934,0,Bayes-M17-med
Tchomia,Ituri,1,TRUE,NA,NA,NA,NA,NA,NA,NA,NA,NA,NA,NA,NA,NA,NA,NA,NA,NA,0.1998,NA,NA,0.2104,0.3745,0,0.2143,0,Bayes-M17-med
Beni,Nord-Kivu,1,TRUE,NA,NA,NA,NA,NA,NA,NA,NA,NA,NA,NA,NA,NA,NA,NA,NA,NA,0.1559,NA,NA,0.1525,0.2297,0,0.2413,0,Bayes-M17-med
Butembo,Nord-Kivu,1,TRUE,NA,NA,NA,NA,NA,NA,NA,NA,NA,NA,NA,NA,NA,NA,NA,NA,NA,0.1829,NA,NA,0.1139,0.388,0,0.2297,0,Bayes-M17-med
Kalunguta,Nord-Kivu,1,TRUE,NA,NA,NA,NA,NA,NA,NA,NA,NA,NA,NA,NA,NA,NA,NA,NA,NA,0.1559,NA,NA,0.195,0.2066,0,0.222,0,Bayes-M17-med
Katwa,Nord-Kivu,1,TRUE,NA,NA,NA,NA,NA,NA,NA,NA,NA,NA,NA,NA,NA,NA,NA,NA,NA,0.1998,NA,NA,0.0869,0.4846,0,0.2278,0,Bayes-M17-med
Kyondo,Nord-Kivu,1,TRUE,NA,NA,NA,NA,NA,NA,NA,NA,NA,NA,NA,NA,NA,NA,NA,NA,NA,0.3238,NA,NA,0.2954,0.7973,0,0.2027,0,Bayes-M17-med
Lubero,Nord-Kivu,1,TRUE,NA,NA,NA,NA,NA,NA,NA,NA,NA,NA,NA,NA,NA,NA,NA,NA,NA,0.4585,NA,NA,0.5734,0.9382,0,0.3224,0,Bayes-M17-med
Mabalako,Nord-Kivu,1,TRUE,NA,NA,NA,NA,NA,NA,NA,NA,NA,NA,NA,NA,NA,NA,NA,NA,NA,0.1573,NA,NA,0.1931,0.2046,0,0.2317,0,Bayes-M17-med
Masereka,Nord-Kivu,1,TRUE,NA,NA,NA,NA,NA,NA,NA,NA,NA,NA,NA,NA,NA,NA,NA,NA,NA,0.36870000000000003,NA,NA,0.2548,0.9807,0,0.2394,0,Bayes-M17-med
Musienene,Nord-Kivu,1,TRUE,NA,NA,NA,NA,NA,NA,NA,NA,NA,NA,NA,NA,NA,NA,NA,NA,NA,0.319,NA,NA,0.2645,0.7317,0,0.2799,0,Bayes-M17-med
Mutwanga,Nord-Kivu,1,TRUE,NA,NA,NA,NA,NA,NA,NA,NA,NA,NA,NA,NA,NA,NA,NA,NA,NA,0.2408,NA,NA,0.2606,0.4672,0,0.2355,0,Bayes-M17-med
Oicha,Nord-Kivu,1,TRUE,NA,NA,NA,NA,NA,NA,NA,NA,NA,NA,NA,NA,NA,NA,NA,NA,NA,0.3364,NA,NA,0.3243,0.7606,0,0.2606,0,Bayes-M17-med
Vuhovi,Nord-Kivu,1,TRUE,NA,NA,NA,NA,NA,NA,NA,NA,NA,NA,NA,NA,NA,NA,NA,NA,NA,0.2611,NA,NA,0.2027,0.6178,0,0.2239,0,Bayes-M17-med
Goma,Nord-Kivu,1,TRUE,NA,NA,NA,NA,NA,NA,NA,NA,NA,NA,NA,NA,NA,NA,NA,NA,NA,0.2669,NA,NA,0.1274,0.8977,0,0.0425,0,Bayes-M17-med
Miti Murhesa,Sud-Kivu,1,TRUE,NA,NA,NA,NA,NA,NA,NA,NA,NA,NA,NA,NA,NA,NA,NA,NA,NA,0.3277,NA,NA,0.2355,0.9131,0,0.1622,0,Bayes-M17-med
Bafwasende,Tshopo,1,TRUE,NA,NA,NA,NA,NA,NA,NA,NA,NA,NA,NA,NA,NA,NA,NA,NA,NA,0.4546,NA,NA,0.9073,0.2413,0,0.6699,0,Bayes-M17-med
Kabondo,Tshopo,1,TRUE,NA,NA,NA,NA,NA,NA,NA,NA,NA,NA,NA,NA,NA,NA,NA,NA,NA,0.18,NA,NA,0.1911,0.2722,0,0.2568,0,Bayes-M17-med
Lubunga (Tshopo),Tshopo,1,TRUE,NA,NA,NA,NA,NA,NA,NA,NA,NA,NA,NA,NA,NA,NA,NA,NA,NA,0.2288,NA,NA,0.2452,0.3436,0,0.3263,0,Bayes-M17-med
Makiso Kisangani,Tshopo,1,TRUE,NA,NA,NA,NA,NA,NA,NA,NA,NA,NA,NA,NA,NA,NA,NA,NA,NA,0.2355,NA,NA,0.1332,0.5309,0,0.278,0,Bayes-M17-med
Mangobo,Tshopo,1,TRUE,NA,NA,NA,NA,NA,NA,NA,NA,NA,NA,NA,NA,NA,NA,NA,NA,NA,0.2061,NA,NA,0.0792,0.4382,0,0.3069,0,Bayes-M17-med
Tshopo,Tshopo,1,TRUE,NA,NA,NA,NA,NA,NA,NA,NA,NA,NA,NA,NA,NA,NA,NA,NA,NA,0.2466,NA,NA,0.361,0.334,0,0.2915,0,Bayes-M17-med
Wanierukula,Tshopo,1,TRUE,NA,NA,NA,NA,NA,NA,NA,NA,NA,NA,NA,NA,NA,NA,NA,NA,NA,0.473,NA,NA,0.8436,0.5521,0,0.4961,0,Bayes-M17-med
Rethy,Ituri,2,FALSE,0.7163,0.6245,0.8023,0.7181,1,1,1,1.2785,52.4089,1,1,3.3704,1,NA,NA,NA,NA,0.2703,0.6204,2,0.2143,0.6081,0,0.2587,0,Bayes-M17-med
Watsa,Haut-Uele,2,FALSE,0.6505,0.5602,0.7365,0.6518,2,2,2,1.0634,43.5911,2,0.9081,NA,NA,NA,NA,3.7774,1,0.4797,1,1,0.7297,0.8436,0,0.3456,0,Bayes-M17-med
Nyarambe,Ituri,2,FALSE,0.3846,0.3139,0.459,0.384,3,3,3,0.488,20.0059,3,0.5369,1.2866,2,NA,NA,NA,NA,0.1805,0.2224,9,0.1699,0.4595,0,0.0927,0,Bayes-M17-med
Biringi,Ituri,2,FALSE,0.333,0.2689,0.4013,0.3322,4,4,4,0.4068,16.6743,4,0.4649,1.0723,3,NA,NA,NA,NA,0.3494,0.3728,4,0.3958,0.4865,0,0.5154,0,Bayes-M17-med
Kayna,Nord-Kivu,2,FALSE,0.2637,0.2108,0.3205,0.2625,5,5,5,0.3072,12.5923,5,0.3682,NA,NA,2.786,1,NA,NA,0.3113,0.2631,8,0.2278,0.6332,0,0.3842,0,Bayes-M17-med
Makoro,Haut-Uele,2,FALSE,0.2538,0.2025,0.3096,0.2529,6,6,6,0.2937,12.0407,6,0.3543,NA,NA,NA,NA,1.0434,2,0.3822,0.3109,5,0.556,0.5483,0,0.4247,0,Bayes-M17-med
Dungu,Haut-Uele,2,FALSE,0.2471,0.1967,0.3025,0.2458,7,7,7,0.2848,11.6745,7,0.345,NA,NA,NA,NA,1.0117,3,0.5275,0.4178,3,0.8726,0.5598,0,0.6776,0,Bayes-M17-med
Angumu,Ituri,2,FALSE,0.2277,0.1818,0.2766,0.2268,8,8,9,0.259,10.6181,8,0.3178,0.6828,4,NA,NA,NA,NA,0.11,0.0803,33,0.1641,0.1641,0,0.112,0,Bayes-M17-med
Biena,Nord-Kivu,2,FALSE,0.2226,0.1782,0.2695,0.2221,9,8,9,0.2524,10.348,9,0.3108,NA,NA,2.2895,2,NA,NA,0.2013,0.1436,18,0.251,0.166,0,0.388,0,Bayes-M17-med
Karisimbi,Nord-Kivu,2,FALSE,0.1953,0.1548,0.2394,0.1943,10,10,10,0.2178,8.9287,10,0.2727,NA,NA,1.9755,3,NA,NA,0.1597,0.1,25,0.0907,0.5154,0,0.0328,0,Bayes-M17-med
Linga,Ituri,2,FALSE,0.1669,0.131,0.2072,0.1658,11,11,12,0.183,7.5021,11,0.233,0.4825,5,NA,NA,NA,NA,0.2148,0.1149,23,0.1969,0.3417,0,0.3205,0,Bayes-M17-med
Jiba,Ituri,2,FALSE,0.1588,0.1245,0.1973,0.1577,12,12,13,0.1733,7.1044,12,0.2217,0.4569,6,NA,NA,NA,NA,0.1651,0.084,32,0.1815,0.1274,0,0.3514,0,Bayes-M17-med
Manguredjipa,Nord-Kivu,2,FALSE,0.1561,0.1237,0.1903,0.1554,13,11,15,0.17,6.9666,13,0.2179,NA,NA,1.5414,4,NA,NA,0.3475,0.1738,13,0.778,0.0579,0,0.5541,0,Bayes-M17-med
Niangara,Haut-Uele,2,FALSE,0.1554,0.1207,0.1942,0.1542,14,13,14,0.1693,6.9389,14,0.217,NA,NA,NA,NA,0.6013,4,0.5512,0.2745,7,0.8031,0.4324,0,0.9691,0,Bayes-M17-med
Nyiragongo,Nord-Kivu,2,FALSE,0.1485,0.1167,0.1834,0.1475,15,15,15,0.161,6.6013,15,0.2073,NA,NA,1.4605,5,NA,NA,0.2891,0.1376,19,0.2432,0.8764,0,0.0367,0,Bayes-M17-med
Rutshuru,Nord-Kivu,2,FALSE,0.1415,0.1112,0.1749,0.1406,16,16,17,0.1528,6.2636,17,0.1975,NA,NA,1.3858,6,NA,NA,0.3721,0.1687,14,0.4093,0.9942,0,0.0849,0,Bayes-M17-med
Bafwagbogbo,Tshopo,2,FALSE,0.1415,0.1089,0.1784,0.1402,17,16,18,0.1529,6.2675,16,0.1976,NA,NA,NA,NA,NA,NA,0.3948,0.179,11,0.8591,0.027,0,0.6931,0,Bayes-M17-med
Kirotshe,Nord-Kivu,2,FALSE,0.1345,0.1055,0.1667,0.1337,18,17,18,0.1447,5.9313,18,0.1878,NA,NA,1.3123,7,NA,NA,0.3842,0.1656,15,0.3764,0.9961,0,0.1641,0,Bayes-M17-med
Alimbongo,Nord-Kivu,2,FALSE,0.1302,0.102,0.1611,0.1293,19,19,19,0.1397,5.7255,19,0.1817,NA,NA,1.2668,8,NA,NA,0.4262,0.1778,12,0.5849,0.7471,0,0.3726,0,Bayes-M17-med
Adi,Ituri,2,FALSE,0.1243,0.097,0.1552,0.1234,20,20,21,0.133,5.4504,20,0.1736,0.3505,7,NA,NA,NA,NA,0.3977,0.1584,16,0.2587,0.7104,0,0.6216,0,Bayes-M17-med
Poko,Bas-Uele,2,FALSE,0.1237,0.0955,0.1551,0.1226,21,20,21,0.1323,5.4213,21,0.1727,NA,NA,NA,NA,NA,NA,0.7271,0.2882,6,0.9923,0.9517,0,0.9643,0,Bayes-M17-med
Kamango,Nord-Kivu,2,FALSE,0.1109,0.0866,0.1379,0.1101,22,22,23,0.1177,4.8242,22,0.1548,NA,NA,1.0674,9,NA,NA,0.4373,0.1554,17,0.6583,0.917,0,0.1737,0,Bayes-M17-med
Rwanguba,Nord-Kivu,2,FALSE,0.1105,0.0864,0.1373,0.1098,23,23,24,0.1172,4.8058,23,0.1542,NA,NA,1.0633,10,NA,NA,0.2442,0.0865,30,0.2085,0.7027,0,0.0656,0,Bayes-M17-med
Laybo,Ituri,2,FALSE,0.1068,0.0824,0.1348,0.1058,24,22,24,0.1131,4.6358,24,0.1491,0.2981,8,NA,NA,NA,NA,0.3393,0.1161,22,0.3069,0.556,0,0.4942,0,Bayes-M17-med
Kibirizi,Nord-Kivu,2,FALSE,0.0929,0.0724,0.1158,0.0923,25,25,25,0.0976,4.002,25,0.1297,NA,NA,0.8854,11,NA,NA,0.4175,0.1243,20,0.5405,0.8552,0,0.2741,0,Bayes-M17-med
Ganga,Bas-Uele,2,FALSE,0.0818,0.0626,0.1034,0.081,26,26,28,0.0855,3.504,26,0.1143,NA,NA,NA,NA,NA,NA,0.7218,0.1893,10,0.9672,0.9556,0,0.9643,0,Bayes-M17-med
Faradje,Haut-Uele,2,FALSE,0.0798,0.0621,0.0998,0.0793,27,26,27,0.0833,3.4132,27,0.1114,NA,NA,NA,NA,0.2958,5,0.4474,0.1144,24,0.7606,0.666,0,0.3629,0,Bayes-M17-med
Ibanda,Sud-Kivu,2,FALSE,0.0787,0.0613,0.0981,0.0781,28,27,28,0.082,3.3623,28,0.1098,NA,NA,NA,NA,NA,NA,0.2307,0.0582,44,0.083,0.6216,0,0.2181,0,Bayes-M17-med
Minova,Sud-Kivu,2,FALSE,0.0765,0.0595,0.0957,0.0759,29,29,29,0.0797,3.2654,29,0.1068,NA,NA,NA,NA,NA,NA,0.3866,0.0948,26,0.4421,0.9826,0,0.1216,0,Bayes-M17-med
Nsele,Kinshasa,2,FALSE,0.0718,0.0558,0.0895,0.0712,30,30,30,0.0746,3.0561,30,0.1002,NA,NA,NA,NA,NA,NA,0.1583,0.0364,49,0.139,0.3996,0,0.0946,0,Bayes-M17-med
Mweso,Nord-Kivu,2,FALSE,0.0702,0.0545,0.0878,0.0696,31,31,31,0.0728,2.984,31,0.0979,NA,NA,0.6602,12,NA,NA,0.4189,0.0942,27,0.4498,0.9614,0,0.2645,0,Bayes-M17-med
Gombe,Kinshasa,2,FALSE,0.0662,0.0514,0.0824,0.0656,32,32,34,0.0685,2.8079,32,0.0924,NA,NA,NA,NA,NA,NA,0.1622,0.0344,52,0.0695,0.5695,0,0.0097,0,Bayes-M17-med
Masisi,Nord-Kivu,2,FALSE,0.0656,0.051,0.0822,0.0651,33,33,33,0.0679,2.7851,33,0.0916,NA,NA,0.6162,13,NA,NA,0.4402,0.0926,28,0.4324,0.9575,0,0.3707,0,Bayes-M17-med
Aba,Haut-Uele,2,FALSE,0.0647,0.0502,0.0814,0.0643,34,34,34,0.067,2.7459,34,0.0904,NA,NA,NA,NA,0.2379,6,0.569,0.1181,21,0.6004,0.6853,0,0.9903,0,Bayes-M17-med
Banalia,Tshopo,2,FALSE,0.0624,0.0476,0.0793,0.0617,35,35,37,0.0645,2.6422,35,0.0871,NA,NA,NA,NA,NA,NA,0.4242,0.0848,31,0.7799,0.1178,0,0.7992,0,Bayes-M17-med
Kadutu,Sud-Kivu,2,FALSE,0.0595,0.0463,0.0743,0.0591,36,35,37,0.0614,2.5168,36,0.0831,NA,NA,NA,NA,NA,NA,0.1636,0.0312,60,0.0579,0.3861,0,0.2104,0,Bayes-M17-med
Binza,Nord-Kivu,2,FALSE,0.0594,0.0461,0.0743,0.059,37,36,37,0.0613,2.5121000000000002,37,0.0829,NA,NA,0.5558,14,NA,NA,0.3518,0.067,38,0.471,0.8378,0,0.0985,0,Bayes-M17-med
Bambo,Nord-Kivu,2,FALSE,0.0584,0.0453,0.0731,0.058,38,38,38,0.0602,2.4694,38,0.0816,NA,NA,0.5464,15,NA,NA,0.3962,0.0742,34,0.5521,0.9073,0,0.1255,0,Bayes-M17-med
Katana,Sud-Kivu,2,FALSE,0.0581,0.045,0.0727,0.0576,39,39,39,0.0599,2.4537,39,0.0811,NA,NA,NA,NA,NA,NA,0.3224,0.06,42,0.2471,0.9112,0,0.1313,0,Bayes-M17-med
Kabare,Sud-Kivu,2,FALSE,0.055,0.0426,0.0689,0.0546,40,40,40,0.0566,2.3185,40,0.0767,NA,NA,NA,NA,NA,NA,0.3567,0.0628,41,0.2394,0.9884,0,0.1988,0,Bayes-M17-med
Binza Ozone,Kinshasa,2,FALSE,0.0531,0.0412,0.0664,0.0527,41,41,41,0.0546,2.2389,41,0.0742,NA,NA,NA,NA,NA,NA,0.152,0.0259,68,0.0734,0.5232,0,0.0116,0,Bayes-M17-med
Limete,Kinshasa,2,FALSE,0.0524,0.0406,0.0653,0.0519,42,42,42,0.0538,2.2055,42,0.0731,NA,NA,NA,NA,NA,NA,0.056,0.0094,128,0.0405,0.1371,0,0.0463,0,Bayes-M17-med
Uvira,Sud-Kivu,2,FALSE,0.0495,0.0383,0.062,0.0491,43,43,43,0.0508,2.0819,43,0.0691,NA,NA,NA,NA,NA,NA,0.5502,0.0873,29,0.2181,0.9846,0,0.9981,0,Bayes-M17-med
Kokolo,Kinshasa,2,FALSE,0.0467,0.0362,0.0584,0.0463,44,44,44,0.0479,1.9618,44,0.0652,NA,NA,NA,NA,NA,NA,0.2172,0.0325,57,0.0772,0.7722,0,0.0193,0,Bayes-M17-med
Lingwala,Kinshasa,2,FALSE,0.0457,0.0354,0.0571,0.0453,45,45,45,0.0468,1.9188,45,0.0638,NA,NA,NA,NA,NA,NA,0.0323,0.0047,226,0.0232,0.0907,0,0.0154,0,Bayes-M17-med
Katoyi,Nord-Kivu,2,FALSE,0.0442,0.0343,0.0555,0.0439,46,46,46,0.0452,1.8548,46,0.0617,NA,NA,0.4104,16,NA,NA,0.4542,0.0643,39,0.4614,0.9595,0,0.3958,0,Bayes-M17-med
Kinshasa,Kinshasa,2,FALSE,0.0433,0.0335,0.0541,0.0429,47,47,47,0.0443,1.8149,47,0.0604,NA,NA,NA,NA,NA,NA,0.0203,0.0028,325,0.0135,0.0463,0,0.0212,0,Bayes-M17-med
Kalamu 1,Kinshasa,2,FALSE,0.0411,0.0318,0.0513,0.0407,48,48,49,0.0419,1.719,48,0.0573,NA,NA,NA,NA,NA,NA,0.0309,0.0041,254,0.0193,0.0734,0,0.0309,0,Bayes-M17-med
Kasa Vubu,Kinshasa,2,FALSE,0.0408,0.0316,0.051,0.0405,49,49,50,0.0417,1.7103,49,0.057,NA,NA,NA,NA,NA,NA,0.0444,0.0058,202,0.0309,0.1216,0,0.0251,0,Bayes-M17-med
Walungu,Sud-Kivu,2,FALSE,0.0408,0.0316,0.0512,0.0405,50,48,50,0.0416,1.7069,50,0.0569,NA,NA,NA,NA,NA,NA,0.3248,0.0424,46,0.1853,0.8803,0,0.2336,0,Bayes-M17-med
Walikale,Nord-Kivu,2,FALSE,0.0402,0.0311,0.0506,0.0399,51,51,51,0.0411,1.6844,51,0.0562,NA,NA,0.3727,17,NA,NA,0.5729,0.0739,35,0.9459,0.9286,0,0.417,0,Bayes-M17-med
Ruzizi,Sud-Kivu,2,FALSE,0.0387,0.0299,0.0485,0.0384,52,52,52,0.0394,1.6168,52,0.054,NA,NA,NA,NA,NA,NA,0.5627,0.0697,37,0.3494,0.9093,0,0.9923,0,Bayes-M17-med
Lemba,Kinshasa,2,FALSE,0.0381,0.0295,0.0476,0.0378,53,53,53,0.0389,1.5934,53,0.0532,NA,NA,NA,NA,NA,NA,0.1023,0.0125,108,0.0483,0.3069,0,0.0541,0,Bayes-M17-med
Masina 1,Kinshasa,2,FALSE,0.0367,0.0284,0.0459,0.0364,54,54,54,0.0374,1.5337,54,0.0512,NA,NA,NA,NA,NA,NA,0.0193,0.0023,361,0.0077,0.0077,0,0.0618,0,Bayes-M17-med
Kintambo,Kinshasa,2,FALSE,0.0362,0.028,0.0453,0.0359,55,55,55,0.0369,1.5134,55,0.0506,NA,NA,NA,NA,NA,NA,0.0338,0.0039,264,0.0212,0.1004,0,0.0135,0,Bayes-M17-med
Fizi,Sud-Kivu,2,FALSE,0.0352,0.0272,0.0444,0.035,56,56,56,0.0359,1.4707,56,0.0492,NA,NA,NA,NA,NA,NA,0.5637,0.0636,40,0.7432,0.9691,0,0.5425,0,Bayes-M17-med
Bondo,Bas-Uele,2,FALSE,0.0335,0.0256,0.0425,0.0332,57,57,59,0.0341,1.3972,57,0.0468,NA,NA,NA,NA,NA,NA,0.6737,0.0723,36,0.9961,0.9981,0,0.7008,0,Bayes-M17-med
Kalehe,Sud-Kivu,2,FALSE,0.0334,0.0258,0.042,0.0331,58,57,58,0.034,1.3922,58,0.0466,NA,NA,NA,NA,NA,NA,0.3369,0.036,50,0.3417,0.8649,0,0.1409,0,Bayes-M17-med
Birambizo,Nord-Kivu,2,FALSE,0.0333,0.0258,0.0419,0.0331,59,57,59,0.0339,1.3907,59,0.0465,NA,NA,0.3077,18,NA,NA,0.3625,0.0387,48,0.4035,0.89,0,0.1564,0,Bayes-M17-med
Pinga,Nord-Kivu,2,FALSE,0.0322,0.0249,0.0405,0.032,60,60,60,0.0328,1.3435,60,0.045,NA,NA,0.2972,19,NA,NA,0.57,0.0589,43,0.9595,0.7548,0,0.5656,0,Bayes-M17-med
Masina 2,Kinshasa,2,FALSE,0.0317,0.0245,0.0396,0.0314,61,61,62,0.0322,1.3192,61,0.0442,NA,NA,NA,NA,NA,NA,0.0265,0.0027,335,0.0174,0.0193,0,0.0695,0,Bayes-M17-med
Bandalungwa,Kinshasa,2,FALSE,0.0315,0.0244,0.0394,0.0312,62,62,63,0.032,1.3115,62,0.0439,NA,NA,NA,NA,NA,NA,0.0709,0.0072,167,0.0328,0.2336,0,0.0174,0,Bayes-M17-med
Bagira,Sud-Kivu,2,FALSE,0.0314,0.0243,0.0394,0.0312,63,62,63,0.0319,1.3079,63,0.0438,NA,NA,NA,NA,NA,NA,0.236,0.0237,73,0.1004,0.6371,0,0.2066,0,Bayes-M17-med
Binza Meteo,Kinshasa,2,FALSE,0.0304,0.0235,0.038,0.0301,64,64,65,0.0309,1.2646,64,0.0424,NA,NA,NA,NA,NA,NA,0.2558,0.0249,71,0.0965,0.8996,0,0.027,0,Bayes-M17-med
Bengamisa,Tshopo,2,FALSE,0.0301,0.0229,0.0384,0.0297,65,63,66,0.0306,1.2524,65,0.042,NA,NA,NA,NA,NA,NA,0.3012,0.029,65,0.612,0.2162,0,0.3764,0,Bayes-M17-med
Nyantende,Sud-Kivu,2,FALSE,0.0295,0.0228,0.037,0.0293,66,65,66,0.0299,1.2273,66,0.0412,NA,NA,NA,NA,NA,NA,0.3219,0.0304,63,0.1486,0.8938,0,0.2452,0,Bayes-M17-med
Lemera,Sud-Kivu,2,FALSE,0.0286,0.0221,0.036,0.0284,67,67,67,0.0291,1.1909,67,0.04,NA,NA,NA,NA,NA,NA,0.5613,0.0515,45,0.3629,0.9015,0,0.9807,0,Bayes-M17-med
Mubumbano,Sud-Kivu,2,FALSE,0.0281,0.0217,0.0353,0.0279,68,68,68,0.0285,1.1676,68,0.0392,NA,NA,NA,NA,NA,NA,0.3658,0.0329,54,0.2683,0.9402,0,0.2548,0,Bayes-M17-med
Nyemba,Tanganyika,2,FALSE,0.0278,0.0215,0.035,0.0276,69,69,69,0.0282,1.1563,69,0.0388,NA,NA,NA,NA,NA,NA,0.3456,0.0308,62,0.5965,0.4556,0,0.3301,0,Bayes-M17-med
Kikimi,Kinshasa,2,FALSE,0.0273,0.0211,0.0342,0.027,70,70,70,0.0277,1.1338,70,0.0381,NA,NA,NA,NA,NA,NA,0.0835,0.0073,162,0.056,0.1911,0,0.0869,0,Bayes-M17-med
Mont Ngafula 1,Kinshasa,2,FALSE,0.0269,0.0208,0.0338,0.0267,71,71,72,0.0273,1.1174,71,0.0375,NA,NA,NA,NA,NA,NA,0.2066,0.0178,89,0.1371,0.6313,0,0.0579,0,Bayes-M17-med
Matete,Kinshasa,2,FALSE,0.0265,0.0205,0.0332,0.0263,72,72,73,0.0269,1.1029,72,0.037,NA,NA,NA,NA,NA,NA,0.0492,0.0042,250,0.0251,0.1158,0,0.056,0,Bayes-M17-med
Barumbu,Kinshasa,2,FALSE,0.0263,0.0203,0.0329,0.0261,73,73,74,0.0266,1.0923,73,0.0367,NA,NA,NA,NA,NA,NA,0.014,0.0012,422,0.0097,0.0232,0,0.0232,0,Bayes-M17-med
Isangi,Tshopo,2,FALSE,0.0261,0.0199,0.0333,0.0258,74,71,75,0.0265,1.0854,74,0.0365,NA,NA,NA,NA,NA,NA,0.3837,0.0321,58,0.4054,0.4073,0,0.722,0,Bayes-M17-med
Lubutu,Maniema,2,FALSE,0.0258,0.0198,0.0326,0.0255,75,74,75,0.0261,1.0706,75,0.036,NA,NA,NA,NA,NA,NA,0.4706,0.0389,47,0.8205,0.2819,0,0.7799,0,Bayes-M17-med
Mwana,Sud-Kivu,2,FALSE,0.0248,0.0192,0.0313,0.0247,76,76,77,0.0252,1.0317,76,0.0347,NA,NA,NA,NA,NA,NA,0.3731,0.0297,64,0.2896,0.9035,0,0.2992,0,Bayes-M17-med
Mont Ngafula 2,Kinshasa,2,FALSE,0.0247,0.0191,0.031,0.0245,77,76,78,0.025,1.026,77,0.0345,NA,NA,NA,NA,NA,NA,0.0951,0.0075,157,0.0849,0.2568,0,0.0386,0,Bayes-M17-med
Selembao,Kinshasa,2,FALSE,0.0244,0.0189,0.0305,0.0242,78,78,79,0.0247,1.0111,78,0.034,NA,NA,NA,NA,NA,NA,0.0676,0.0053,212,0.0444,0.1815,0,0.0444,0,Bayes-M17-med
Kaniola,Sud-Kivu,2,FALSE,0.0238,0.0184,0.03,0.0236,79,79,80,0.0241,0.9866,79,0.0332,NA,NA,NA,NA,NA,NA,0.4513,0.0344,51,0.5328,0.9305,0,0.3417,0,Bayes-M17-med
Nyangezi,Sud-Kivu,2,FALSE,0.0236,0.0182,0.0297,0.0234,80,80,81,0.0239,0.9793,80,0.0329,NA,NA,NA,NA,NA,NA,0.36870000000000003,0.0279,66,0.222,0.8842,0,0.36870000000000003,0,Bayes-M17-med
Yakusu,Tshopo,2,FALSE,0.0234,0.0176,0.0301,0.0232,81,77,84,0.0237,0.9723,81,0.0327,NA,NA,NA,NA,NA,NA,0.319,0.024,72,0.4208,0.2085,0,0.6467,0,Bayes-M17-med
Ndjili,Kinshasa,2,FALSE,0.0226,0.0175,0.0282,0.0224,83,81,83,0.0228,0.9361,83,0.0315,NA,NA,NA,NA,NA,NA,0.0487,0.0035,290,0.027,0.1042,0,0.0637,0,Bayes-M17-med
Bunyakiri,Sud-Kivu,2,FALSE,0.0226,0.0175,0.0286,0.0225,82,82,83,0.0229,0.9394,82,0.0316,NA,NA,NA,NA,NA,NA,0.4517,0.0328,55,0.6197,0.832,0,0.3552,0,Bayes-M17-med
Kingabwa,Kinshasa,2,FALSE,0.0221,0.0171,0.0277,0.0219,84,83,84,0.0224,0.9172,84,0.0309,NA,NA,NA,NA,NA,NA,0.0478,0.0034,298,0.0425,0.0965,0,0.0521,0,Bayes-M17-med
Ngiri Ngiri,Kinshasa,2,FALSE,0.0212,0.0164,0.0265,0.021,85,85,85,0.0214,0.879,85,0.0296,NA,NA,NA,NA,NA,NA,0.028,0.0019,387,0.0154,0.0676,0,0.029,0,Bayes-M17-med
Police,Kinshasa,2,FALSE,0.0205,0.0159,0.0257,0.0204,86,86,86,0.0208,0.8509,86,0.0287,NA,NA,NA,NA,NA,NA,0.0478,0.0031,310,0.0463,0.0772,0,0.0676,0,Bayes-M17-med
Kindu,Maniema,2,FALSE,0.0198,0.0153,0.025,0.0196,87,87,87,0.02,0.8198,87,0.0276,NA,NA,NA,NA,NA,NA,0.3181,0.0202,76,0.1351,0.2529,0,0.8842,0,Bayes-M17-med
Kasongo,Maniema,2,FALSE,0.0191,0.0148,0.0241,0.019,88,88,88,0.0193,0.7922,88,0.0267,NA,NA,NA,NA,NA,NA,0.5304,0.0325,56,0.4459,0.7529,0,0.9228,0,Bayes-M17-med
Maluku 1,Kinshasa,2,FALSE,0.0178,0.0138,0.0224,0.0177,89,89,89,0.018,0.7383,89,0.0249,NA,NA,NA,NA,NA,NA,0.2321,0.0133,104,0.3475,0.4517,0,0.1293,0,Bayes-M17-med
Shabunda,Sud-Kivu,2,FALSE,0.0175,0.0135,0.022,0.0173,90,90,90,0.0176,0.7227,90,0.0244,NA,NA,NA,NA,NA,NA,0.5922,0.0332,53,0.8378,0.8726,0,0.6583,0,Bayes-M17-med
Kingasani,Kinshasa,2,FALSE,0.0167,0.0129,0.0209,0.0165,91,91,92,0.0168,0.6897,91,0.0233,NA,NA,NA,NA,NA,NA,0.0294,0.0016,404,0.0058,0.0405,0,0.0714,0,Bayes-M17-med
Nundu,Sud-Kivu,2,FALSE,0.0163,0.0126,0.0205,0.0161,92,92,93,0.0164,0.6729,92,0.0227,NA,NA,NA,NA,NA,NA,0.5927,0.0309,61,0.527,0.8494,0,0.9942,0,Bayes-M17-med
Yabaondo,Tshopo,2,FALSE,0.0159,0.0121,0.0203,0.0157,93,93,95,0.016,0.6564,93,0.0222,NA,NA,NA,NA,NA,NA,0.3523,0.0179,87,0.4363,0.305,0,0.668,0,Bayes-M17-med
Kalemie,Tanganyika,2,FALSE,0.0158,0.0122,0.0198,0.0156,94,93,96,0.0159,0.651,94,0.022,NA,NA,NA,NA,NA,NA,0.3789,0.0191,80,0.6718,0.4575,0,0.3861,0,Bayes-M17-med
Basoko,Tshopo,2,FALSE,0.0156,0.0119,0.0198,0.0154,95,95,96,0.0157,0.6429,95,0.0217,NA,NA,NA,NA,NA,NA,0.3012,0.015,98,0.5077,0.3147,0,0.3822,0,Bayes-M17-med
Lubumbashi,Haut-Katanga,2,FALSE,0.0155,0.012,0.0195,0.0154,96,94,97,0.0156,0.6403,96,0.0216,NA,NA,NA,NA,NA,NA,0.1105,0.0055,210,0.1081,0.2104,0,0.1236,0,Bayes-M17-med
Kalonge,Sud-Kivu,2,FALSE,0.0148,0.0114,0.0187,0.0147,97,97,99,0.0149,0.6105,97,0.0206,NA,NA,NA,NA,NA,NA,0.404,0.0191,79,0.4961,0.8359,0,0.2838,0,Bayes-M17-med
Aketi,Bas-Uele,2,FALSE,0.0146,0.0106,0.0195,0.0144,99,94,102,0.0147,0.6035,98,0.0204,NA,NA,NA,NA,NA,NA,0.6762,0.0317,59,0.9903,0.9363,0,0.778,0,Bayes-M17-med
Ubundu,Tshopo,2,FALSE,0.0146,0.0111,0.0186,0.0144,98,98,99,0.0147,0.6015,99,0.0203,NA,NA,NA,NA,NA,NA,0.4744,0.0221,74,0.9054,0.4305,0,0.5618,0,Bayes-M17-med
Kunda,Maniema,2,FALSE,0.0144,0.0111,0.0182,0.0143,100,98,100,0.0145,0.5942,100,0.0201,NA,NA,NA,NA,NA,NA,0.4165,0.0192,78,0.4633,0.2799,0,0.9228,0,Bayes-M17-med
Yamaluka,Mongala,2,FALSE,0.0133,0.0102,0.0168,0.0131,101,101,103,0.0134,0.5476,101,0.0185,NA,NA,NA,NA,NA,NA,0.1974,0.0084,141,0.2799,0.1448,0,0.3649,0,Bayes-M17-med
Lisala,Mongala,2,FALSE,0.0132,0.0102,0.0168,0.0131,102,101,102,0.0133,0.5456,102,0.0185,NA,NA,NA,NA,NA,NA,0.4093,0.0173,91,0.4286,0.4402,0,0.7683,0,Bayes-M17-med
Yaleko,Tshopo,2,FALSE,0.013,0.0099,0.0166,0.0129,103,102,103,0.0131,0.537,103,0.0182,NA,NA,NA,NA,NA,NA,0.402,0.0168,94,0.639,0.2452,0,0.7239,0,Bayes-M17-med
Yambuku,Mongala,2,FALSE,0.0129,0.0098,0.0164,0.0127,104,104,104,0.0129,0.5307,104,0.018,NA,NA,NA,NA,NA,NA,0.4344,0.0179,88,0.5483,0.5753,0,0.6139,0,Bayes-M17-med
Saramabila,Maniema,2,FALSE,0.0122,0.0094,0.0154,0.0121,106,105,107,0.0123,0.5028,106,0.017,NA,NA,NA,NA,NA,NA,0.4768,0.0186,84,0.473,0.5502,0,0.8842,0,Bayes-M17-med
Kaziba,Sud-Kivu,2,FALSE,0.0122,0.0094,0.0154,0.0121,105,105,106,0.0123,0.5033,105,0.017,NA,NA,NA,NA,NA,NA,0.3571,0.014,102,0.2876,0.7838,0,0.3571,0,Bayes-M17-med
Titule,Bas-Uele,2,FALSE,0.0119,0.0087,0.0157,0.0117,107,105,118,0.012,0.4902,107,0.0166,NA,NA,NA,NA,NA,NA,0.6839,0.026,67,0.9865,0.8263,0,0.9228,0,Bayes-M17-med
Makala,Kinshasa,2,FALSE,0.0117,0.009,0.0146,0.0116,109,107,110,0.0117,0.4807,109,0.0163,NA,NA,NA,NA,NA,NA,0.0246,9e-4,437,0.0116,0.0386,0,0.0483,0,Bayes-M17-med
Kitutu,Sud-Kivu,2,FALSE,0.0117,0.009,0.0147,0.0116,108,108,109,0.0117,0.4812,108,0.0163,NA,NA,NA,NA,NA,NA,0.5024,0.0188,82,0.751,0.805,0,0.4537,0,Bayes-M17-med
Kibua,Nord-Kivu,2,FALSE,0.0115,0.0088,0.0144,0.0114,110,109,112,0.0115,0.4723,110,0.016,NA,NA,0.1045,20,NA,NA,0.5154,0.0189,81,0.7741,0.6602,0,0.6274,0,Bayes-M17-med
Ango,Bas-Uele,2,FALSE,0.0114,0.0087,0.0145,0.0113,112,108,112,0.0114,0.469,112,0.0159,NA,NA,NA,NA,NA,NA,0.7095,0.0259,69,1,0.8591,0,0.9788,0,Bayes-M17-med
Kongolo,Tanganyika,2,FALSE,0.0114,0.0088,0.0144,0.0113,111,110,112,0.0115,0.4711,111,0.016,NA,NA,NA,NA,NA,NA,0.6829,0.025,70,0.8861,0.9228,0,0.9228,0,Bayes-M17-med
Kimbi Lulenge,Sud-Kivu,2,FALSE,0.0111,0.0085,0.014,0.011,113,111,115,0.0111,0.457,113,0.0155,NA,NA,NA,NA,NA,NA,0.5507,0.0196,77,0.8475,0.8687,0,0.4865,0,Bayes-M17-med
Mwenga,Sud-Kivu,2,FALSE,0.011,0.0084,0.0138,0.0109,115,113,116,0.011,0.4517,115,0.0153,NA,NA,NA,NA,NA,NA,0.319,0.0112,116,0.5,0.3552,0,0.4208,0,Bayes-M17-med
Djolu,Tshuapa,2,FALSE,0.011,0.0084,0.014,0.0108,114,113,117,0.011,0.452,114,0.0153,NA,NA,NA,NA,NA,NA,0.5256,0.0185,85,0.7104,0.5985,0,0.7934,0,Bayes-M17-med
Kabinda,Lomami,2,FALSE,0.0109,0.0084,0.0138,0.0108,116,115,117,0.011,0.4506,116,0.0153,NA,NA,NA,NA,NA,NA,0.4382,0.0154,96,0.5097,0.5541,0,0.6892,0,Bayes-M17-med
Opienge,Tshopo,2,FALSE,0.0109,0.0083,0.0139,0.0107,117,113,119,0.0109,0.4479,117,0.0152,NA,NA,NA,NA,NA,NA,0.4445,0.0155,95,0.9556,0.0135,0,0.8089,0,Bayes-M17-med
Kalamu 2,Kinshasa,2,FALSE,0.0108,0.0083,0.0135,0.0107,118,114,119,0.0109,0.4456,118,0.0151,NA,NA,NA,NA,NA,NA,0.015,5e-4,448,0.0039,0.0154,0,0.0405,0,Bayes-M17-med
Kalole,Sud-Kivu,2,FALSE,0.0108,0.0083,0.0136,0.0107,118,116,119,0.0109,0.4454,119,0.0151,NA,NA,NA,NA,NA,NA,0.6038,0.0209,75,0.89,0.7799,0,0.7452,0,Bayes-M17-med
Mumbunda,Haut-Katanga,2,FALSE,0.0104,0.008,0.0131,0.0103,121,120,122,0.0104,0.4277,121,0.0145,NA,NA,NA,NA,NA,NA,0.1853,0.0062,189,0.1197,0.5077,0,0.1139,0,Bayes-M17-med
Itebero,Nord-Kivu,2,FALSE,0.0104,0.008,0.0132,0.0104,120,120,120,0.0105,0.4301,120,0.0146,NA,NA,0.0952,21,NA,NA,0.5574,0.0186,83,0.9112,0.722,0,0.5965,0,Bayes-M17-med
Mulungu,Sud-Kivu,2,FALSE,0.0104,0.008,0.0131,0.0103,122,121,122,0.0104,0.4274,122,0.0145,NA,NA,NA,NA,NA,NA,0.5208,0.0173,92,0.861,0.5193,0,0.7027,0,Bayes-M17-med
Manika,Lualaba,2,FALSE,0.0103,0.0079,0.013,0.0102,123,123,123,0.0104,0.4246,123,0.0144,NA,NA,NA,NA,NA,NA,0.1149,0.0038,272,0.0946,0.222,0,0.1429,0,Bayes-M17-med
Kamituga,Sud-Kivu,2,FALSE,0.0101,0.0078,0.0127,0.01,124,124,124,0.0102,0.4162,124,0.0141,NA,NA,NA,NA,NA,NA,0.3596,0.0116,111,0.3938,0.6062,0,0.4382,0,Bayes-M17-med
Bonzola,Kasaï-Oriental,2,FALSE,0.01,0.0077,0.0127,0.01,125,125,125,0.0101,0.4137,125,0.014,NA,NA,NA,NA,NA,NA,0.2958,0.0095,126,0.0927,0.7934,0,0.2973,0,Bayes-M17-med
Yahuma,Tshopo,2,FALSE,0.0095,0.0072,0.0121,0.0094,126,126,127,0.0096,0.3919,126,0.0133,NA,NA,NA,NA,NA,NA,0.4402,0.0134,103,0.8649,0.332,0,0.5637,0,Bayes-M17-med
Mbulula,Tanganyika,2,FALSE,0.0092,0.0071,0.0116,0.0091,127,126,130,0.0092,0.3783,127,0.0128,NA,NA,NA,NA,NA,NA,0.5934,0.0175,90,0.6448,0.7761,0,0.9527,0,Bayes-M17-med
Doruma,Haut-Uele,2,FALSE,0.0091,0.007,0.0116,0.009,128,127,130,0.0092,0.3762,128,0.0128,NA,NA,NA,NA,0.0326,7,0.6216,0.0182,86,0.973,0.5135,0,1,0,Bayes-M17-med
Bumba,Mongala,2,FALSE,0.0091,0.007,0.0116,0.009,128,128,130,0.0092,0.3758,129,0.0127,NA,NA,NA,NA,NA,NA,0.2384,0.007,171,0.1409,0.4537,0,0.3591,0,Bayes-M17-med
Lolo,Mongala,2,FALSE,0.0089,0.0067,0.0114,0.0088,131,129,137,0.0089,0.3657,131,0.0124,NA,NA,NA,NA,NA,NA,0.3161,0.009,131,0.4073,0.3263,0,0.5309,0,Bayes-M17-med
Lodja,Sankuru,2,FALSE,0.0089,0.0069,0.0113,0.0088,130,129,131,0.0089,0.3668,130,0.0124,NA,NA,NA,NA,NA,NA,0.4626,0.0132,105,0.2625,0.6351,0,0.9527,0,Bayes-M17-med
Kananga,Kasaï-Central,2,FALSE,0.0088,0.0068,0.0111,0.0088,132,130,132,0.0089,0.3635,132,0.0123,NA,NA,NA,NA,NA,NA,0.2963,0.0084,142,0.1429,0.5579,0,0.4846,0,Bayes-M17-med
Kampene,Maniema,2,FALSE,0.0086,0.0066,0.0109,0.0085,133,132,133,0.0086,0.3539,133,0.012,NA,NA,NA,NA,NA,NA,0.3962,0.0109,117,0.5251,0.1757,0,0.8842,0,Bayes-M17-med
Kalima,Maniema,2,FALSE,0.0085,0.0066,0.0108,0.0084,134,133,134,0.0086,0.3505,134,0.0119,NA,NA,NA,NA,NA,NA,0.3094,0.0084,139,0.4595,0.3205,0,0.4575,0,Bayes-M17-med
Kabalo,Tanganyika,2,FALSE,0.0085,0.0066,0.0107,0.0084,135,135,135,0.0085,0.3502,135,0.0119,NA,NA,NA,NA,NA,NA,0.624,0.017,93,0.9035,0.7568,0,0.8359,0,Bayes-M17-med
Kisenso,Kinshasa,2,FALSE,0.0084,0.0065,0.0105,0.0083,137,135,138,0.0084,0.3454,137,0.0117,NA,NA,NA,NA,NA,NA,0.0589,0.0016,403,0.0367,0.139,0,0.0598,0,Bayes-M17-med
Moba,Tanganyika,2,FALSE,0.0084,0.0065,0.0106,0.0084,136,136,137,0.0085,0.3468,136,0.0118,NA,NA,NA,NA,NA,NA,0.3808,0.0103,121,0.6178,0.4942,0,0.4112,0,Bayes-M17-med
Punia,Maniema,2,FALSE,0.0083,0.0064,0.0106,0.0083,138,136,139,0.0084,0.3435,138,0.0116,NA,NA,NA,NA,NA,NA,0.3731,0.01,123,0.7625,0.1969,0,0.5328,0,Bayes-M17-med
Kasansa,Kasaï-Oriental,2,FALSE,0.0082,0.0063,0.0104,0.0081,139,138,139,0.0082,0.3373,139,0.0114,NA,NA,NA,NA,NA,NA,0.3349,0.0088,135,0.2568,0.6699,0,0.4131,0,Bayes-M17-med
Gemena,Sud-Ubangi,2,FALSE,0.008,0.0061,0.0102,0.0079,140,140,142,0.008,0.3295,140,0.0112,NA,NA,NA,NA,NA,NA,0.3277,0.0084,140,0.1776,0.2741,0,0.8591,0,Bayes-M17-med
Manono,Tanganyika,2,FALSE,0.008,0.0062,0.0101,0.0079,141,140,141,0.008,0.3287,141,0.0111,NA,NA,NA,NA,NA,NA,0.5758,0.0147,100,0.8784,0.9537,0,0.471,0,Bayes-M17-med
Biyela,Kinshasa,2,FALSE,0.0079,0.0061,0.0099,0.0078,142,141,142,0.0079,0.3237,142,0.011,NA,NA,NA,NA,NA,NA,0.1076,0.0027,332,0.0637,0.2838,0,0.083,0,Bayes-M17-med
Nyunzu,Tanganyika,2,FALSE,0.0077,0.006,0.0098,0.0077,143,143,143,0.0078,0.3181,143,0.0108,NA,NA,NA,NA,NA,NA,0.6023,0.0149,99,0.9653,0.834,0,0.61,0,Bayes-M17-med
Kipushi,Haut-Katanga,2,FALSE,0.0076,0.0059,0.0096,0.0076,144,144,145,0.0077,0.3147,144,0.0107,NA,NA,NA,NA,NA,NA,0.1216,0.003,319,0.2703,0.1081,0,0.1081,0,Bayes-M17-med
Nzaba,Kasaï-Oriental,2,FALSE,0.0076,0.0059,0.0096,0.0075,145,144,146,0.0076,0.3128,145,0.0106,NA,NA,NA,NA,NA,NA,0.278,0.0068,174,0.1042,0.6931,0,0.3147,0,Bayes-M17-med
Kimbanseke,Kinshasa,2,FALSE,0.0075,0.0058,0.0095,0.0075,146,145,148,0.0076,0.3107,146,0.0105,NA,NA,NA,NA,NA,NA,0.0526,0.0013,415,0.0521,0.0849,0,0.0734,0,Bayes-M17-med
Haut Plateau,Sud-Kivu,2,FALSE,0.0075,0.0058,0.0095,0.0075,147,146,148,0.0075,0.3091,147,0.0105,NA,NA,NA,NA,NA,NA,0.5246,0.0126,107,0.5714,0.5444,0,0.9826,0,Bayes-M17-med
Tshamilemba,Haut-Katanga,2,FALSE,0.0074,0.0057,0.0093,0.0074,149,148,153,0.0074,0.3051,149,0.0104,NA,NA,NA,NA,NA,NA,0.0772,0.0018,392,0.0656,0.1255,0,0.1178,0,Bayes-M17-med
Kabongo,Haut-Lomami,2,FALSE,0.0074,0.0057,0.0093,0.0073,150,150,152,0.0074,0.304,150,0.0103,NA,NA,NA,NA,NA,NA,0.5372,0.0127,106,0.8108,0.778,0,0.5598,0,Bayes-M17-med
Lulingu,Sud-Kivu,2,FALSE,0.0074,0.0057,0.0094,0.0074,149,148,150,0.0075,0.3059,148,0.0104,NA,NA,NA,NA,NA,NA,0.6158,0.0147,101,0.9093,0.8108,0,0.7432,0,Bayes-M17-med
Opala,Tshopo,2,FALSE,0.0074,0.0056,0.0094,0.0073,151,146,156,0.0074,0.3029,151,0.0103,NA,NA,NA,NA,NA,NA,0.4269,0.0101,122,0.7819,0.0792,0,0.8465,0,Bayes-M17-med
Mbandaka,Equateur,2,FALSE,0.0073,0.0057,0.0093,0.0073,152,150,155,0.0074,0.3023,152,0.0103,NA,NA,NA,NA,NA,NA,0.5164,0.0122,109,0.6409,0.9633,0,0.4614,0,Bayes-M17-med
Lusangi,Maniema,2,FALSE,0.0073,0.0057,0.0093,0.0073,153,151,154,0.0074,0.3019,153,0.0102,NA,NA,NA,NA,NA,NA,0.4223,0.0099,124,0.5656,0.2645,0,0.8591,0,Bayes-M17-med
Yahisuli,Tshopo,2,FALSE,0.0073,0.0055,0.0093,0.0072,154,147,158,0.0073,0.2997,154,0.0102,NA,NA,NA,NA,NA,NA,0.3521,0.0082,144,0.3842,0.0714,0,0.9527,0,Bayes-M17-med
Boende,Tshuapa,2,FALSE,0.0073,0.0056,0.0092,0.0072,155,152,156,0.0073,0.2984,155,0.0101,NA,NA,NA,NA,NA,NA,0.4199,0.0098,125,0.6988,0.4807,0,0.5,0,Bayes-M17-med
Mulumba,Lomami,2,FALSE,0.0072,0.0055,0.0091,0.0071,157,154,157,0.0072,0.2958,157,0.01,NA,NA,NA,NA,NA,NA,0.2587,0.006,198,0.1834,0.3108,0,0.5405,0,Bayes-M17-med
Minembwe,Sud-Kivu,2,FALSE,0.0072,0.0056,0.0091,0.0072,156,154,156,0.0072,0.2967,156,0.0101,NA,NA,NA,NA,NA,NA,0.5198,0.012,110,0.7181,0.8089,0,0.5521,0,Bayes-M17-med
Luputa,Lomami,2,FALSE,0.0071,0.0055,0.009,0.0071,158,157,158,0.0071,0.2928,158,0.0099,NA,NA,NA,NA,NA,NA,0.3431,0.0078,152,0.3301,0.3166,0,0.7259,0,Bayes-M17-med
Kamina,Haut-Lomami,2,FALSE,0.007,0.0054,0.0089,0.007,159,159,160,0.007,0.289,159,0.0098,NA,NA,NA,NA,NA,NA,0.5164,0.0116,112,0.8301,0.8301,0,0.4054,0,Bayes-M17-med
Tshilenge,Kasaï-Oriental,2,FALSE,0.007,0.0054,0.0089,0.007,160,160,161,0.007,0.2883,160,0.0098,NA,NA,NA,NA,NA,NA,0.2799,0.0063,186,0.1892,0.668,0,0.2625,0,Bayes-M17-med
Mweneditu,Lomami,2,FALSE,0.007,0.0054,0.0088,0.0069,161,161,162,0.007,0.2877,161,0.0098,NA,NA,NA,NA,NA,NA,0.2799,0.0063,187,0.166,0.3842,0,0.5695,0,Bayes-M17-med
Maluku 2,Kinshasa,2,FALSE,0.0069,0.0053,0.0086,0.0068,163,162,165,0.0069,0.2821,163,0.0096,NA,NA,NA,NA,NA,NA,0.4184,0.0092,130,0.6834,0.5463,0,0.444,0,Bayes-M17-med
Samba,Maniema,2,FALSE,0.0069,0.0053,0.0087,0.0068,162,162,163,0.0069,0.2834,162,0.0096,NA,NA,NA,NA,NA,NA,0.5179,0.0114,115,0.7529,0.4344,0,0.8842,0,Bayes-M17-med
Idiofa,Kwilu,2,FALSE,0.0068,0.0053,0.0086,0.0068,164,164,165,0.0069,0.2811,164,0.0095,NA,NA,NA,NA,NA,NA,0.486,0.0106,119,0.4537,0.749,0,0.7413,0,Bayes-M17-med
Likati,Bas-Uele,2,FALSE,0.0066,0.0049,0.0086,0.0065,165,159,171,0.0066,0.2724,165,0.0092,NA,NA,NA,NA,NA,NA,0.7124,0.0151,97,0.9942,0.971,0,0.8842,0,Bayes-M17-med
Bumbu,Kinshasa,2,FALSE,0.0065,0.005,0.0081,0.0064,167,165,168,0.0065,0.2663,167,0.009,NA,NA,NA,NA,NA,NA,0.0164,3e-4,453,0.0019,0.029,0,0.0347,0,Bayes-M17-med
Kailo,Maniema,2,FALSE,0.0065,0.005,0.0083,0.0065,166,166,166,0.0066,0.269,166,0.0091,NA,NA,NA,NA,NA,NA,0.4276,0.009,132,0.832,0.0946,0,0.7838,0,Bayes-M17-med
Lingomo,Tshuapa,2,FALSE,0.0064,0.0049,0.0081,0.0063,168,167,168,0.0064,0.2615,168,0.0089,NA,NA,NA,NA,NA,NA,0.5627,0.0115,113,0.8263,0.5869,0,0.8378,0,Bayes-M17-med
Kabeya Kamwanga,Kasaï-Oriental,2,FALSE,0.0063,0.0048,0.0079,0.0062,169,167,169,0.0063,0.2573,169,0.0087,NA,NA,NA,NA,NA,NA,0.2968,0.006,199,0.3224,0.3919,0,0.473,0,Bayes-M17-med
Tshikapa,Kasaï,2,FALSE,0.0062,0.0048,0.0078,0.0061,170,170,170,0.0062,0.2546,170,0.0086,NA,NA,NA,NA,NA,NA,0.3156,0.0063,188,0.2722,0.6506,0,0.3398,0,Bayes-M17-med
Malemba Nkulu,Haut-Lomami,2,FALSE,0.0061,0.0047,0.0077,0.006,172,172,173,0.0061,0.2496,172,0.0085,NA,NA,NA,NA,NA,NA,0.3895,0.0076,154,0.36870000000000003,0.7664,0,0.4228,0,Bayes-M17-med
Kamwesha,Kasaï,2,FALSE,0.0061,0.0047,0.0077,0.0061,171,171,172,0.0061,0.2518,171,0.0085,NA,NA,NA,NA,NA,NA,0.2732,0.0054,211,0.3456,0.2876,0,0.4595,0,Bayes-M17-med
Demba,Kasaï-Central,2,FALSE,0.006,0.0046,0.0075,0.0059,174,174,174,0.006,0.2448,174,0.0083,NA,NA,NA,NA,NA,NA,0.4117,0.0079,150,0.4653,0.7143,0,0.4672,0,Bayes-M17-med
Ngaba,Kinshasa,2,FALSE,0.006,0.0047,0.0076,0.006,173,170,175,0.0061,0.2482,173,0.0084,NA,NA,NA,NA,NA,NA,0.014,3e-4,454,0,0.0058,0,0.0502,0,Bayes-M17-med
Kitenge,Haut-Lomami,2,FALSE,0.0059,0.0045,0.0075,0.0059,175,175,177,0.0059,0.2426,175,0.0082,NA,NA,NA,NA,NA,NA,0.5729,0.0108,118,0.8668,0.8069,0,0.6178,0,Bayes-M17-med
Ikela,Tshuapa,2,FALSE,0.0059,0.0045,0.0075,0.0058,176,173,176,0.0059,0.2417,176,0.0082,NA,NA,NA,NA,NA,NA,0.4633,0.0087,136,0.8147,0.1795,0,0.8591,0,Bayes-M17-med
Yamongili,Mongala,2,FALSE,0.0058,0.0044,0.0074,0.0057,178,176,181,0.0058,0.2375,178,0.0081,NA,NA,NA,NA,NA,NA,0.3243,0.006,195,0.5116,0.3668,0,0.4189,0,Bayes-M17-med
Mondombe,Tshuapa,2,FALSE,0.0058,0.0045,0.0074,0.0058,177,176,177,0.0058,0.2394,177,0.0081,NA,NA,NA,NA,NA,NA,0.4797,0.0089,133,0.6622,0.3726,0,0.8842,0,Bayes-M17-med
Kaniama,Haut-Lomami,2,FALSE,0.0057,0.0044,0.0072,0.0057,179,178,179,0.0057,0.2345,179,0.008,NA,NA,NA,NA,NA,NA,0.582,0.0106,120,0.8533,0.6622,0,0.8127,0,Bayes-M17-med
Mikalayi,Kasaï-Central,2,FALSE,0.0056,0.0043,0.0071,0.0056,181,180,182,0.0056,0.2302,181,0.0078,NA,NA,NA,NA,NA,NA,0.3948,0.0071,170,0.4517,0.5811,0,0.5463,0,Bayes-M17-med
Lubao,Lomami,2,FALSE,0.0056,0.0043,0.0071,0.0056,180,179,181,0.0056,0.2312,180,0.0078,NA,NA,NA,NA,NA,NA,0.3982,0.0072,166,0.6486,0.1525,0,0.7915,0,Bayes-M17-med
Karawa,Nord-Ubangi,2,FALSE,0.0056,0.0043,0.0071,0.0055,182,180,182,0.0056,0.2292,182,0.0078,NA,NA,NA,NA,NA,NA,0.6404,0.0114,114,0.7568,0.973,0,0.832,0,Bayes-M17-med
Lukelenge,Kasaï-Oriental,2,FALSE,0.0054,0.0041,0.0068,0.0053,184,184,184,0.0054,0.2203,184,0.0075,NA,NA,NA,NA,NA,NA,0.2249,0.0039,267,0.0811,0.5,0,0.3185,0,Bayes-M17-med
Lusanga,Kwilu,2,FALSE,0.0054,0.0042,0.0068,0.0054,183,183,183,0.0054,0.2216,183,0.0075,NA,NA,NA,NA,NA,NA,0.4242,0.0073,161,0.4382,0.7297,0,0.529,0,Bayes-M17-med
Luebo,Kasaï,2,FALSE,0.0053,0.0041,0.0066,0.0052,186,186,187,0.0053,0.2162,186,0.0073,NA,NA,NA,NA,NA,NA,0.4353,0.0073,160,0.5232,0.5116,0,0.7066,0,Bayes-M17-med
Diulu,Kasaï-Oriental,2,FALSE,0.0053,0.0041,0.0067,0.0053,185,185,185,0.0053,0.2191,185,0.0074,NA,NA,NA,NA,NA,NA,0.2611,0.0045,237,0.0676,0.6448,0,0.332,0,Bayes-M17-med
Ngandajika,Lomami,2,FALSE,0.0052,0.004,0.0066,0.0052,187,187,189,0.0053,0.2157,187,0.0073,NA,NA,NA,NA,NA,NA,0.3465,0.0058,200,0.2124,0.4459,0,0.7278,0,Bayes-M17-med
Bwamanda,Sud-Ubangi,2,FALSE,0.0052,0.004,0.0066,0.0052,188,186,190,0.0052,0.2144,188,0.0073,NA,NA,NA,NA,NA,NA,0.4667,0.0078,153,0.4189,0.7394,0,0.7085,0,Bayes-M17-med
Bokungu,Tshuapa,2,FALSE,0.0052,0.004,0.0066,0.0051,189,188,191,0.0052,0.2126,189,0.0072,NA,NA,NA,NA,NA,NA,0.49370000000000003,0.0082,145,0.695,0.3571,0,0.9228,0,Bayes-M17-med
Mweka,Kasaï,2,FALSE,0.0051,0.004,0.0065,0.0051,191,189,191,0.0052,0.2114,191,0.0072,NA,NA,NA,NA,NA,NA,0.5053,0.0083,143,0.4788,0.7239,0,0.8185,0,Bayes-M17-med
Cilundu,Kasaï-Oriental,2,FALSE,0.0051,0.004,0.0065,0.0051,190,189,191,0.0052,0.2115,190,0.0072,NA,NA,NA,NA,NA,NA,0.221,0.0036,281,0.2317,0.3089,0,0.3436,0,Bayes-M17-med
Bena Leka,Kasaï-Central,2,FALSE,0.005,0.0038,0.0063,0.0049,196,196,197,0.005,0.2042,196,0.0069,NA,NA,NA,NA,NA,NA,0.4986,0.0079,149,0.6062,0.7162,0,0.6718,0,Bayes-M17-med
Luiza,Kasaï-Central,2,FALSE,0.005,0.0039,0.0064,0.005,193,192,193,0.005,0.2066,193,0.007,NA,NA,NA,NA,NA,NA,0.4218,0.0068,173,0.4807,0.6293,0,0.5772,0,Bayes-M17-med
Vanga,Kwilu,2,FALSE,0.005,0.0039,0.0063,0.005,194,193,194,0.005,0.2062,194,0.007,NA,NA,NA,NA,NA,NA,0.5034,0.0081,146,0.3726,0.8205,0,0.8205,0,Bayes-M17-med
Bulungu,Kwilu,2,FALSE,0.005,0.0039,0.0063,0.005,195,195,195,0.005,0.2059,195,0.007,NA,NA,NA,NA,NA,NA,0.4508,0.0072,164,0.3571,0.6795,0,0.7664,0,Bayes-M17-med
Kabambare,Maniema,2,FALSE,0.005,0.0039,0.0064,0.005,192,192,195,0.005,0.2069,192,0.007,NA,NA,NA,NA,NA,NA,0.3953,0.0064,184,0.8359,0.112,0,0.6332,0,Bayes-M17-med
Masuika,Kasaï-Central,2,FALSE,0.0049,0.0038,0.0062,0.0049,197,197,198,0.0049,0.2024,197,0.0069,NA,NA,NA,NA,NA,NA,0.3885,0.0061,193,0.3263,0.5618,0,0.666,0,Bayes-M17-med
Bibanga,Kasaï-Oriental,2,FALSE,0.0049,0.0037,0.0061,0.0048,200,199,200,0.0049,0.1995,199,0.0068,NA,NA,NA,NA,NA,NA,0.2978,0.0046,230,0.3127,0.4884,0,0.39,0,Bayes-M17-med
Fungurume,Lualaba,2,FALSE,0.0049,0.0038,0.0062,0.0048,199,198,199,0.0049,0.2001,198,0.0068,NA,NA,NA,NA,NA,NA,0.1564,0.0024,348,0.2664,0.1622,0,0.1969,0,Bayes-M17-med
Kenge,Kwango,2,FALSE,0.0048,0.0037,0.0061,0.0048,203,202,203,0.0048,0.1969,203,0.0067,NA,NA,NA,NA,NA,NA,0.5574,0.0086,137,0.6139,0.8127,0,0.8031,0,Bayes-M17-med
Lomela,Sankuru,2,FALSE,0.0048,0.0037,0.0061,0.0048,201,197,204,0.0048,0.1987,200,0.0068,NA,NA,NA,NA,NA,NA,0.4759,0.0074,159,0.8456,0.1351,0,0.9228,0,Bayes-M17-med
Yalimbongo,Tshopo,2,FALSE,0.0048,0.0037,0.0062,0.0048,202,196,206,0.0048,0.1983,202,0.0067,NA,NA,NA,NA,NA,NA,0.3214,0.005,214,0.5772,0.0483,0,0.6602,0,Bayes-M17-med
Kansimba,Tanganyika,2,FALSE,0.0048,0.0037,0.0061,0.0048,201,200,201,0.0048,0.1987,201,0.0068,NA,NA,NA,NA,NA,NA,0.5497,0.0085,138,0.9479,0.7741,0,0.4768,0,Bayes-M17-med
Bukama,Haut-Lomami,2,FALSE,0.0047,0.0036,0.0059,0.0046,208,205,208,0.0047,0.1913,208,0.0065,NA,NA,NA,NA,NA,NA,0.4764,0.0071,169,0.7143,0.7625,0,0.4286,0,Bayes-M17-med
Citenge,Kasaï-Oriental,2,FALSE,0.0047,0.0036,0.006,0.0047,204,203,206,0.0047,0.1938,204,0.0066,NA,NA,NA,NA,NA,NA,0.2321,0.0035,291,0.1583,0.4749,0,0.2954,0,Bayes-M17-med
Kanda Kanda,Lomami,2,FALSE,0.0047,0.0036,0.0059,0.0046,206,204,207,0.0047,0.1922,206,0.0065,NA,NA,NA,NA,NA,NA,0.3012,0.0045,234,0.3185,0.1737,0,0.7124,0,Bayes-M17-med
Tandala,Sud-Ubangi,2,FALSE,0.0047,0.0036,0.006,0.0047,205,203,207,0.0047,0.1932,205,0.0066,NA,NA,NA,NA,NA,NA,0.4078,0.0061,191,0.2741,0.527,0,0.8301,0,Bayes-M17-med
Yalifafu,Tshuapa,2,FALSE,0.0047,0.0036,0.0059,0.0046,207,205,209,0.0047,0.1921,207,0.0065,NA,NA,NA,NA,NA,NA,0.4797,0.0072,165,0.7664,0.2683,0,0.8842,0,Bayes-M17-med
Kikwit Nord,Kwilu,2,FALSE,0.0046,0.0035,0.0058,0.0045,211,209,213,0.0046,0.1877,211,0.0064,NA,NA,NA,NA,NA,NA,0.2915,0.0043,240,0.1236,0.5405,0,0.5019,0,Bayes-M17-med
Tshofa,Lomami,2,FALSE,0.0046,0.0035,0.0058,0.0046,209,209,210,0.0046,0.1887,209,0.0064,NA,NA,NA,NA,NA,NA,0.4416,0.0065,180,0.6757,0.3514,0,0.7394,0,Bayes-M17-med
Kalenda,Lomami,2,FALSE,0.0046,0.0035,0.0058,0.0045,210,210,211,0.0046,0.1877,210,0.0064,NA,NA,NA,NA,NA,NA,0.2886,0.0042,243,0.388,0.1873,0,0.5792,0,Bayes-M17-med
Kibombo,Maniema,2,FALSE,0.0046,0.0035,0.0058,0.0045,212,211,213,0.0046,0.1872,212,0.0064,NA,NA,NA,NA,NA,NA,0.4614,0.0067,176,0.7452,0.1776,0,0.9228,0,Bayes-M17-med
Katako Kombe,Sankuru,2,FALSE,0.0045,0.0035,0.0058,0.0045,213,211,213,0.0046,0.1867,213,0.0063,NA,NA,NA,NA,NA,NA,0.4703,0.0068,172,0.7857,0.1313,0,0.9643,0,Bayes-M17-med
Itombwe,Sud-Kivu,2,FALSE,0.0045,0.0035,0.0057,0.0045,214,214,214,0.0045,0.1854,214,0.0063,NA,NA,NA,NA,NA,NA,0.5121,0.0074,158,0.8571,0.6737,0,0.5174,0,Bayes-M17-med
Dilala,Lualaba,2,FALSE,0.0044,0.0034,0.0055,0.0043,216,215,219,0.0044,0.1797,216,0.0061,NA,NA,NA,NA,NA,NA,0.1347,0.0019,388,0.1506,0.2548,0,0.1332,0,Bayes-M17-med
Pimu,Mongala,2,FALSE,0.0044,0.0034,0.0056,0.0043,215,215,219,0.0044,0.1803,215,0.0061,NA,NA,NA,NA,NA,NA,0.4257,0.006,196,0.583,0.3707,0,0.749,0,Bayes-M17-med
Yakoma,Nord-Ubangi,2,FALSE,0.0044,0.0033,0.0056,0.0043,218,216,222,0.0044,0.1793,218,0.0061,NA,NA,NA,NA,NA,NA,0.6641,0.0093,129,0.7124,0.9479,0,0.9961,0,Bayes-M17-med
Vanga Kete,Sankuru,2,FALSE,0.0044,0.0034,0.0055,0.0043,217,216,218,0.0044,0.1796,217,0.0061,NA,NA,NA,NA,NA,NA,0.4503,0.0063,185,0.4672,0.4112,0,0.9228,0,Bayes-M17-med
Bili (Bas-Uele),Bas-Uele,2,FALSE,0.0043,0.0032,0.0055,0.0042,224,215,235,0.0043,0.1746,224,0.0059,NA,NA,NA,NA,NA,NA,0.6926,0.0094,127,0.9981,0.7992,0,0.973,0,Bayes-M17-med
Kalonda Ouest,Kasaï,2,FALSE,0.0043,0.0033,0.0054,0.0043,220,218,221,0.0043,0.1769,220,0.006,NA,NA,NA,NA,NA,NA,0.2239,0.0031,313,0.2915,0.251,0,0.3533,0,Bayes-M17-med
Miabi,Kasaï-Oriental,2,FALSE,0.0043,0.0033,0.0054,0.0042,222,220,223,0.0043,0.1758,222,0.006,NA,NA,NA,NA,NA,NA,0.2838,0.0039,266,0.2297,0.6525,0,0.2529,0,Bayes-M17-med
Gungu,Kwilu,2,FALSE,0.0043,0.0033,0.0054,0.0043,222,221,222,0.0043,0.176,221,0.006,NA,NA,NA,NA,NA,NA,0.4237,0.0058,201,0.5058,0.6969,0,0.4923,0,Bayes-M17-med
Mukedi,Kwilu,2,FALSE,0.0043,0.0033,0.0055,0.0043,219,217,220,0.0043,0.1782,219,0.0061,NA,NA,NA,NA,NA,NA,0.4836,0.0067,177,0.5367,0.7066,0,0.6911,0,Bayes-M17-med
Ludimbi Lukula,Lomami,2,FALSE,0.0043,0.0033,0.0054,0.0042,223,223,225,0.0043,0.175,223,0.0059,NA,NA,NA,NA,NA,NA,0.4513,0.0062,190,0.6931,0.3475,0,0.7645,0,Bayes-M17-med
Mulongo,Haut-Lomami,2,FALSE,0.0042,0.0032,0.0053,0.0041,226,224,227,0.0042,0.1713,226,0.0058,NA,NA,NA,NA,NA,NA,0.4773,0.0064,183,0.7471,0.7703,0,0.3919,0,Bayes-M17-med
Bosondjo,Mongala,2,FALSE,0.0042,0.0032,0.0053,0.0042,225,224,226,0.0042,0.1726,225,0.0059,NA,NA,NA,NA,NA,NA,0.3489,0.0047,228,0.5618,0.1931,0,0.6409,0,Bayes-M17-med
Lubilanji,Kasaï-Oriental,2,FALSE,0.0041,0.0031,0.0051,0.004,231,226,233,0.0041,0.1676,231,0.0057,NA,NA,NA,NA,NA,NA,0.1694,0.0022,370,0.0347,0.3398,0,0.3031,0,Bayes-M17-med
Muya,Kasaï-Oriental,2,FALSE,0.0041,0.0032,0.0052,0.0041,230,227,231,0.0041,0.1686,230,0.0057,NA,NA,NA,NA,NA,NA,0.2495,0.0033,303,0.0753,0.5888,0,0.334,0,Bayes-M17-med
Koshibanda,Kwilu,2,FALSE,0.0041,0.0032,0.0052,0.0041,229,229,230,0.0041,0.1687,229,0.0057,NA,NA,NA,NA,NA,NA,0.4913,0.0065,181,0.5193,0.6757,0,0.7703,0,Bayes-M17-med
Obokote,Maniema,2,FALSE,0.0041,0.0032,0.0052,0.0041,227,226,227,0.0042,0.1702,227,0.0058,NA,NA,NA,NA,NA,NA,0.3209,0.0043,241,0.7239,0.0328,0,0.527,0,Bayes-M17-med
Binga,Mongala,2,FALSE,0.0041,0.0031,0.0052,0.004,232,229,238,0.0041,0.1665,232,0.0057,NA,NA,NA,NA,NA,NA,0.3306,0.0043,239,0.4749,0.249,0,0.5985,0,Bayes-M17-med
Omendjadi,Sankuru,2,FALSE,0.0041,0.0032,0.0052,0.0041,228,228,231,0.0041,0.1688,228,0.0057,NA,NA,NA,NA,NA,NA,0.4262,0.0056,208,0.5502,0.2317,0,0.9228,0,Bayes-M17-med
Luambo,Kasaï-Central,2,FALSE,0.004,0.0031,0.005,0.004,237,237,238,0.004,0.1637,237,0.0056,NA,NA,NA,NA,NA,NA,0.3769,0.0048,220,0.5347,0.5656,0,0.4073,0,Bayes-M17-med
Bipemba,Kasaï-Oriental,2,FALSE,0.004,0.0031,0.0051,0.004,234,231,235,0.0041,0.1663,234,0.0057,NA,NA,NA,NA,NA,NA,0.1544,0.002,383,0.0618,0.2201,0,0.3359,0,Bayes-M17-med
Dibindi,Kasaï-Oriental,2,FALSE,0.004,0.003,0.005,0.0039,240,238,241,0.004,0.1625,240,0.0055,NA,NA,NA,NA,NA,NA,0.1617,0.002,379,0.0386,0.2954,0,0.3127,0,Bayes-M17-med
Mpokolo,Kasaï-Oriental,2,FALSE,0.004,0.0031,0.005,0.0039,238,236,239,0.004,0.1635,238,0.0056,NA,NA,NA,NA,NA,NA,0.2901,0.0037,276,0.1255,0.6873,0,0.3475,0,Bayes-M17-med
Tshishimbi,Kasaï-Oriental,2,FALSE,0.004,0.0031,0.0051,0.004,235,232,236,0.004,0.1658,235,0.0056,NA,NA,NA,NA,NA,NA,0.1742,0.0023,364,0.1795,0.2471,0,0.2703,0,Bayes-M17-med
Kalambayi Kabanga,Lomami,2,FALSE,0.004,0.0031,0.0051,0.004,235,234,236,0.004,0.1655,236,0.0056,NA,NA,NA,NA,NA,NA,0.3132,0.004,255,0.4556,0.1602,0,0.6371,0,Bayes-M17-med
Ototo,Sankuru,2,FALSE,0.004,0.0031,0.005,0.0039,239,239,240,0.004,0.1628,239,0.0055,NA,NA,NA,NA,NA,NA,0.4561,0.0058,203,0.5386,0.3629,0,0.9228,0,Bayes-M17-med
Ankoro,Tanganyika,2,FALSE,0.004,0.0031,0.0051,0.004,233,232,233,0.0041,0.1663,233,0.0057,NA,NA,NA,NA,NA,NA,0.6047,0.0078,151,0.9266,0.8282,0,0.6641,0,Bayes-M17-med
Kampemba,Haut-Katanga,2,FALSE,0.0039,0.003,0.0049,0.0038,246,243,247,0.0039,0.1585,246,0.0054,NA,NA,NA,NA,NA,NA,0.0531,7e-4,445,0.0598,0.0367,0,0.1158,0,Bayes-M17-med
Kabondo Dianda,Haut-Lomami,2,FALSE,0.0039,0.003,0.0049,0.0038,244,244,245,0.0039,0.1588,244,0.0054,NA,NA,NA,NA,NA,NA,0.4107,0.0051,213,0.5888,0.5714,0,0.4826,0,Bayes-M17-med
Tshikaji,Kasaï-Central,2,FALSE,0.0039,0.003,0.0049,0.0039,243,242,243,0.0039,0.1601,243,0.0054,NA,NA,NA,NA,NA,NA,0.3195,0.004,258,0.1873,0.5849,0,0.5058,0,Bayes-M17-med
Ipamu,Kwilu,2,FALSE,0.0039,0.003,0.0049,0.0038,245,245,246,0.0039,0.1585,245,0.0054,NA,NA,NA,NA,NA,NA,0.5454,0.0067,175,0.4903,0.7683,0,0.9228,0,Bayes-M17-med
Kamana,Lomami,2,FALSE,0.0039,0.003,0.0049,0.0039,241,241,242,0.0039,0.1606,241,0.0055,NA,NA,NA,NA,NA,NA,0.2944,0.0037,277,0.5309,0.0174,0,0.6293,0,Bayes-M17-med
Libenge,Sud-Ubangi,2,FALSE,0.0039,0.003,0.005,0.0039,242,240,248,0.0039,0.1604,242,0.0055,NA,NA,NA,NA,NA,NA,0.3818,0.0048,224,0.6293,0.3591,0,0.5386,0,Bayes-M17-med
Monga,Bas-Uele,2,FALSE,0.0038,0.0029,0.0048,0.0038,251,244,256,0.0038,0.1561,251,0.0053,NA,NA,NA,NA,NA,NA,0.7336,0.0089,134,0.9826,0.9672,0,0.9846,0,Bayes-M17-med
Ndekesha,Kasaï-Central,2,FALSE,0.0038,0.0029,0.0048,0.0037,254,253,255,0.0038,0.1544,254,0.0052,NA,NA,NA,NA,NA,NA,0.4059,0.0049,218,0.4768,0.4498,0,0.6969,0,Bayes-M17-med
Kansele,Kasaï-Oriental,2,FALSE,0.0038,0.0029,0.0048,0.0038,252,249,256,0.0038,0.1554,252,0.0053,NA,NA,NA,NA,NA,NA,0.2437,0.003,320,0.0541,0.5965,0,0.3243,0,Bayes-M17-med
Matadi,Kongo-Central,2,FALSE,0.0038,0.003,0.0048,0.0038,247,247,248,0.0038,0.1574,247,0.0054,NA,NA,NA,NA,NA,NA,0.2939,0.0036,284,0.1564,0.944,0,0.0753,0,Bayes-M17-med
Alunguli,Maniema,2,FALSE,0.0038,0.0029,0.0048,0.0037,253,251,255,0.0038,0.1551,253,0.0053,NA,NA,NA,NA,NA,NA,0.3132,0.0038,273,0.1737,0.195,0,0.8842,0,Bayes-M17-med
Dikungu,Sankuru,2,FALSE,0.0038,0.0029,0.0048,0.0038,251,250,252,0.0038,0.1561,250,0.0053,NA,NA,NA,NA,NA,NA,0.3779,0.0046,231,0.4865,0.1409,0,0.8842,0,Bayes-M17-med
Minga,Sankuru,2,FALSE,0.0038,0.0029,0.0048,0.0038,249,249,250,0.0038,0.1568,249,0.0053,NA,NA,NA,NA,NA,NA,0.5347,0.0065,179,0.7838,0.471,0,0.8842,0,Bayes-M17-med
Tshumbe,Sankuru,2,FALSE,0.0038,0.0029,0.0048,0.0038,248,247,249,0.0038,0.1573,248,0.0053,NA,NA,NA,NA,NA,NA,0.3907,0.0048,221,0.5444,0.1718,0,0.8465,0,Bayes-M17-med
Bolomba,Equateur,2,FALSE,0.0037,0.0028,0.0047,0.0036,260,258,262,0.0037,0.1511,260,0.0051,NA,NA,NA,NA,NA,NA,0.6163,0.0073,163,0.9575,0.8533,0,0.6544,0,Bayes-M17-med
Sakania,Haut-Katanga,2,FALSE,0.0037,0.0029,0.0047,0.0037,255,254,256,0.0038,0.1539,255,0.0052,NA,NA,NA,NA,NA,NA,0.2775,0.0033,302,0.7375,0.2355,0,0.1371,0,Bayes-M17-med
Mukanga,Haut-Lomami,2,FALSE,0.0037,0.0028,0.0046,0.0036,262,259,263,0.0037,0.1502,262,0.0051,NA,NA,NA,NA,NA,NA,0.4739,0.0056,209,0.6853,0.6911,0,0.5193,0,Bayes-M17-med
Kanzala,Kasaï,2,FALSE,0.0037,0.0029,0.0047,0.0037,257,254,260,0.0037,0.153,257,0.0052,NA,NA,NA,NA,NA,NA,0.2046,0.0024,347,0.168,0.3127,0,0.3378,0,Bayes-M17-med
Dibaya,Kasaï-Central,2,FALSE,0.0037,0.0028,0.0047,0.0037,258,258,262,0.0037,0.1514,258,0.0051,NA,NA,NA,NA,NA,NA,0.3325,0.0039,262,0.3147,0.4479,0,0.5676,0,Bayes-M17-med
Kikwit Sud,Kwilu,2,FALSE,0.0037,0.0028,0.0046,0.0036,261,257,266,0.0037,0.1506,261,0.0051,NA,NA,NA,NA,NA,NA,0.3282,0.0039,269,0.1313,0.7008,0,0.4807,0,Bayes-M17-med
Gbadolite,Nord-Ubangi,2,FALSE,0.0037,0.0028,0.0047,0.0036,259,257,263,0.0037,0.1514,259,0.0051,NA,NA,NA,NA,NA,NA,0.5183,0.0061,194,0.7915,0.9653,0,0.3166,0,Bayes-M17-med
Bogosenubea,Sud-Ubangi,2,FALSE,0.0037,0.0029,0.0047,0.0037,256,252,260,0.0037,0.1532,256,0.0052,NA,NA,NA,NA,NA,NA,0.4107,0.0049,217,0.4981,0.3031,0,0.8417,0,Bayes-M17-med
Mompono,Tshuapa,2,FALSE,0.0037,0.0028,0.0046,0.0036,263,259,266,0.0037,0.1502,263,0.0051,NA,NA,NA,NA,NA,NA,0.5598,0.0066,178,0.8089,0.6042,0,0.8263,0,Bayes-M17-med
Basankusu,Equateur,2,FALSE,0.0036,0.0028,0.0046,0.0036,264,261,265,0.0037,0.1497,264,0.0051,NA,NA,NA,NA,NA,NA,0.6844,0.008,148,0.9517,0.8629,0,0.9228,0,Bayes-M17-med
Yasa Bonga,Kwilu,2,FALSE,0.0036,0.0028,0.0046,0.0036,265,261,265,0.0037,0.1497,265,0.0051,NA,NA,NA,NA,NA,NA,0.4206,0.0049,216,0.3031,0.5328,0,0.8465,0,Bayes-M17-med
Lowa,Tshopo,2,FALSE,0.0036,0.0028,0.0046,0.0036,266,264,266,0.0036,0.1489,266,0.0051,NA,NA,NA,NA,NA,NA,0.4073,0.0047,227,0.8938,0.0598,0,0.6757,0,Bayes-M17-med
Ruashi,Haut-Katanga,2,FALSE,0.0035,0.0027,0.0044,0.0035,272,268,276,0.0035,0.1432,272,0.0049,NA,NA,NA,NA,NA,NA,0.0705,8e-4,443,0.0985,0.0637,0,0.1197,0,Bayes-M17-med
Ilebo,Kasaï,2,FALSE,0.0035,0.0027,0.0044,0.0035,269,268,272,0.0035,0.1441,269,0.0049,NA,NA,NA,NA,NA,NA,0.3142,0.0035,288,0.2162,0.6139,0,0.4266,0,Bayes-M17-med
Katende,Kasaï-Central,2,FALSE,0.0035,0.0027,0.0044,0.0035,272,270,273,0.0035,0.1435,271,0.0049,NA,NA,NA,NA,NA,NA,0.5154,0.0058,205,0.6525,0.6486,0,0.7606,0,Bayes-M17-med
Lukonga,Kasaï-Central,2,FALSE,0.0035,0.0027,0.0044,0.0034,277,273,278,0.0035,0.1421,277,0.0048,NA,NA,NA,NA,NA,NA,0.3282,0.0036,282,0.2239,0.6429,0,0.4459,0,Bayes-M17-med
Mukumbi,Kasaï-Oriental,2,FALSE,0.0035,0.0027,0.0044,0.0034,274,273,275,0.0035,0.1427,274,0.0049,NA,NA,NA,NA,NA,NA,0.2249,0.0025,344,0.2413,0.1892,0,0.4691,0,Bayes-M17-med
Kisantu,Kongo-Central,2,FALSE,0.0035,0.0027,0.0044,0.0034,276,272,277,0.0035,0.1425,276,0.0048,NA,NA,NA,NA,NA,NA,0.418,0.0046,229,0.5039,0.9903,0,0.1776,0,Bayes-M17-med
Ferekeni,Maniema,2,FALSE,0.0035,0.0027,0.0044,0.0035,270,269,271,0.0035,0.144,270,0.0049,NA,NA,NA,NA,NA,NA,0.3504,0.0039,261,0.7722,0.0425,0,0.5869,0,Bayes-M17-med
Bosobolo,Nord-Ubangi,2,FALSE,0.0035,0.0027,0.0045,0.0035,267,267,275,0.0035,0.145,267,0.0049,NA,NA,NA,NA,NA,NA,0.7148,0.0081,147,0.9363,0.9459,0,0.9768,0,Bayes-M17-med
Basali,Tshopo,2,FALSE,0.0035,0.0027,0.0044,0.0034,275,268,279,0.0035,0.1427,275,0.0049,NA,NA,NA,NA,NA,NA,0.3779,0.0042,248,0.834,0.0251,0,0.6525,0,Bayes-M17-med
Befale,Tshuapa,2,FALSE,0.0035,0.0027,0.0044,0.0035,273,269,276,0.0035,0.1431,273,0.0049,NA,NA,NA,NA,NA,NA,0.5145,0.0057,207,0.8822,0.4903,0,0.6853,0,Bayes-M17-med
Kiambi,Tanganyika,2,FALSE,0.0035,0.0027,0.0045,0.0035,268,267,270,0.0035,0.1448,268,0.0049,NA,NA,NA,NA,NA,NA,0.5709,0.0064,182,0.9807,0.6834,0,0.6197,0,Bayes-M17-med
Tshibala,Kasaï-Central,2,FALSE,0.0034,0.0026,0.0043,0.0033,280,278,282,0.0034,0.1386,280,0.0047,NA,NA,NA,NA,NA,NA,0.4218,0.0046,233,0.4266,0.5772,0,0.6834,0,Bayes-M17-med
Djuma,Kwilu,2,FALSE,0.0034,0.0026,0.0043,0.0034,278,277,279,0.0034,0.1406,278,0.0048,NA,NA,NA,NA,NA,NA,0.5256,0.0058,206,0.4826,0.7355,0,0.8842,0,Bayes-M17-med
Mobayi Mbongo,Nord-Ubangi,2,FALSE,0.0034,0.0026,0.0044,0.0034,279,274,280,0.0034,0.1404,279,0.0048,NA,NA,NA,NA,NA,NA,0.5458,0.006,197,0.9324,0.8166,0,0.4344,0,Bayes-M17-med
Kilwa,Haut-Katanga,2,FALSE,0.0033,0.0026,0.0042,0.0033,282,281,285,0.0033,0.1367,282,0.0046,NA,NA,NA,NA,NA,NA,0.3764,0.004,256,0.749,0.39,0,0.3668,0,Bayes-M17-med
Masi Manimba,Kwilu,2,FALSE,0.0033,0.0025,0.0041,0.0032,285,282,286,0.0033,0.1342,286,0.0046,NA,NA,NA,NA,NA,NA,0.4281,0.0045,236,0.332,0.4961,0,0.8842,0,Bayes-M17-med
Boso Manzi,Mongala,2,FALSE,0.0033,0.0025,0.0042,0.0033,283,282,285,0.0033,0.1358,283,0.0046,NA,NA,NA,NA,NA,NA,0.3982,0.0042,246,0.5695,0.2278,0,0.7954,0,Bayes-M17-med
Abuzi,Nord-Ubangi,2,FALSE,0.0033,0.0025,0.0042,0.0033,284,283,286,0.0033,0.1355,284,0.0046,NA,NA,NA,NA,NA,NA,0.7153,0.0076,156,0.9846,0.9054,0,0.971,0,Bayes-M17-med
Bili (Nord-Ubangi),Nord-Ubangi,2,FALSE,0.0033,0.0026,0.0042,0.0033,281,280,283,0.0033,0.1371,281,0.0047,NA,NA,NA,NA,NA,NA,0.7075,0.0076,155,0.9247,0.9189,0,0.9865,0,Bayes-M17-med
Wapinda,Nord-Ubangi,2,FALSE,0.0033,0.0025,0.0042,0.0032,286,284,290,0.0033,0.1342,285,0.0046,NA,NA,NA,NA,NA,NA,0.6791,0.0071,168,0.9015,0.8398,0,0.9749,0,Bayes-M17-med
Kisanga,Haut-Katanga,2,FALSE,0.0032,0.0025,0.004,0.0032,290,288,291,0.0032,0.1309,290,0.0044,NA,NA,NA,NA,NA,NA,0.1081,0.0011,428,0.1293,0.2008,0,0.1023,0,Bayes-M17-med
Yangala,Kasaï-Central,2,FALSE,0.0032,0.0025,0.004,0.0032,289,289,289,0.0032,0.1315,289,0.0045,NA,NA,NA,NA,NA,NA,0.348,0.0036,286,0.5927,0.2259,0,0.5734,0,Bayes-M17-med
Muanda,Kongo-Central,2,FALSE,0.0032,0.0025,0.0041,0.0032,288,287,288,0.0032,0.1321,288,0.0045,NA,NA,NA,NA,NA,NA,0.4093,0.0042,245,0.6371,1,0,0,0,Bayes-M17-med
Kalonda Est,Lomami,2,FALSE,0.0032,0.0025,0.0041,0.0032,287,284,287,0.0032,0.1326,287,0.0045,NA,NA,NA,NA,NA,NA,0.3292,0.0034,297,0.5425,0.1506,0,0.6236,0,Bayes-M17-med
Kambove,Haut-Katanga,2,FALSE,0.0031,0.0024,0.0039,0.0031,294,293,297,0.0031,0.1273,294,0.0043,NA,NA,NA,NA,NA,NA,0.306,0.003,315,0.4247,0.6236,0,0.1757,0,Bayes-M17-med
Kapolowe,Haut-Katanga,2,FALSE,0.0031,0.0024,0.004,0.0031,292,291,292,0.0031,0.1288,292,0.0044,NA,NA,NA,NA,NA,NA,0.3026,0.003,314,0.5579,0.444,0,0.2085,0,Bayes-M17-med
Kasaji,Lualaba,2,FALSE,0.0031,0.0024,0.0039,0.0031,296,296,298,0.0031,0.1269,296,0.0043,NA,NA,NA,NA,NA,NA,0.4648,0.0046,232,0.8552,0.4923,0,0.5116,0,Bayes-M17-med
Lualaba,Lualaba,2,FALSE,0.0031,0.0024,0.0039,0.0031,295,294,296,0.0031,0.1271,295,0.0043,NA,NA,NA,NA,NA,NA,0.1404,0.0014,410,0.3552,0.0347,0,0.1718,0,Bayes-M17-med
Pangi,Maniema,2,FALSE,0.0031,0.0024,0.0039,0.003,300,298,301,0.0031,0.1257,300,0.0043,NA,NA,NA,NA,NA,NA,0.3316,0.0033,304,0.6081,0.056,0,0.6622,0,Bayes-M17-med
Lusambo,Sankuru,2,FALSE,0.0031,0.0024,0.0039,0.0031,297,297,299,0.0031,0.1264,297,0.0043,NA,NA,NA,NA,NA,NA,0.4833,0.0048,225,0.6815,0.2992,0,0.9527,0,Bayes-M17-med
Wembo Nyama,Sankuru,2,FALSE,0.0031,0.0024,0.004,0.0031,293,292,293,0.0031,0.1285,293,0.0044,NA,NA,NA,NA,NA,NA,0.4097,0.0041,252,0.5019,0.2143,0,0.9228,0,Bayes-M17-med
Budjala,Sud-Ubangi,2,FALSE,0.0031,0.0023,0.0039,0.003,299,295,300,0.0031,0.1259,299,0.0043,NA,NA,NA,NA,NA,NA,0.43,0.0042,244,0.5154,0.4035,0,0.8012,0,Bayes-M17-med
Kungu,Sud-Ubangi,2,FALSE,0.0031,0.0024,0.004,0.0031,291,290,295,0.0032,0.1293,291,0.0044,NA,NA,NA,NA,NA,NA,0.3711,0.0037,275,0.3745,0.3359,0,0.7741,0,Bayes-M17-med
Ndage,Sud-Ubangi,2,FALSE,0.0031,0.0023,0.0039,0.003,298,294,301,0.0031,0.1259,298,0.0043,NA,NA,NA,NA,NA,NA,0.3533,0.0035,295,0.3996,0.2761,0,0.7375,0,Bayes-M17-med
Kamonia,Kasaï,2,FALSE,0.003,0.0023,0.0038,0.003,301,299,302,0.003,0.1243,301,0.0042,NA,NA,NA,NA,NA,NA,0.14,0.0014,411,0.3707,0.11,0,0.0792,0,Bayes-M17-med
Bandundu,Kwilu,2,FALSE,0.003,0.0023,0.0037,0.0029,303,302,305,0.003,0.1217,303,0.0041,NA,NA,NA,NA,NA,NA,0.3364,0.0032,308,0.3436,0.751,0,0.251,0,Bayes-M17-med
Bokonzi,Sud-Ubangi,2,FALSE,0.003,0.0023,0.0038,0.0029,304,303,306,0.003,0.1215,304,0.0041,NA,NA,NA,NA,NA,NA,0.236,0.0022,366,0.4305,0.083,0,0.4305,0,Bayes-M17-med
Boto,Sud-Ubangi,2,FALSE,0.003,0.0023,0.0038,0.003,302,300,303,0.003,0.1242,302,0.0042,NA,NA,NA,NA,NA,NA,0.3596,0.0035,294,0.3282,0.5174,0,0.5927,0,Bayes-M17-med
Ndjoko Mpunda,Kasaï,2,FALSE,0.0029,0.0022,0.0037,0.0029,309,307,310,0.0029,0.1194,309,0.0041,NA,NA,NA,NA,NA,NA,0.333,0.0031,312,0.3977,0.2915,0,0.6429,0,Bayes-M17-med
Mokala,Kwilu,2,FALSE,0.0029,0.0022,0.0037,0.0029,308,305,308,0.0029,0.1197,308,0.0041,NA,NA,NA,NA,NA,NA,0.5118,0.0048,222,0.4228,0.6718,0,0.9527,0,Bayes-M17-med
Makota,Lomami,2,FALSE,0.0029,0.0023,0.0037,0.0029,307,304,310,0.0029,0.12,307,0.0041,NA,NA,NA,NA,NA,NA,0.2587,0.0024,349,0.1023,0.3764,0,0.556,0,Bayes-M17-med
Loko,Nord-Ubangi,2,FALSE,0.0029,0.0022,0.0037,0.0029,305,304,309,0.0029,0.1204,305,0.0041,NA,NA,NA,NA,NA,NA,0.6535,0.0061,192,0.9402,0.9266,0,0.7471,0,Bayes-M17-med
Kole,Sankuru,2,FALSE,0.0029,0.0022,0.0037,0.0029,306,306,307,0.0029,0.1203,306,0.0041,NA,NA,NA,NA,NA,NA,0.4802,0.0045,235,0.7761,0.2606,0,0.8842,0,Bayes-M17-med
Bulu,Sud-Ubangi,2,FALSE,0.0029,0.0022,0.0037,0.0029,310,307,310,0.0029,0.1186,310,0.004,NA,NA,NA,NA,NA,NA,0.3147,0.0029,322,0.3649,0.1988,0,0.695,0,Bayes-M17-med
Pweto,Haut-Katanga,2,FALSE,0.0028,0.0022,0.0036,0.0028,311,311,311,0.0028,0.1159,311,0.0039,NA,NA,NA,NA,NA,NA,0.3518,0.0032,309,0.7992,0.2587,0,0.3494,0,Bayes-M17-med
Kakenge,Kasaï,2,FALSE,0.0028,0.0021,0.0035,0.0027,314,314,315,0.0028,0.1132,314,0.0038,NA,NA,NA,NA,NA,NA,0.4522,0.004,257,0.5753,0.4788,0,0.7548,0,Bayes-M17-med
Muetshi,Kasaï-Central,2,FALSE,0.0028,0.0021,0.0035,0.0027,313,313,313,0.0028,0.1136,313,0.0039,NA,NA,NA,NA,NA,NA,0.4792,0.0043,242,0.6158,0.5386,0,0.7625,0,Bayes-M17-med
Bena Dibele,Sankuru,2,FALSE,0.0028,0.0022,0.0035,0.0028,312,312,312,0.0028,0.1152,312,0.0039,NA,NA,NA,NA,NA,NA,0.4093,0.0037,278,0.6216,0.1564,0,0.8591,0,Bayes-M17-med
Kinkondja,Haut-Lomami,2,FALSE,0.0027,0.0021,0.0034,0.0027,318,317,320,0.0027,0.1103,318,0.0038,NA,NA,NA,NA,NA,NA,0.4889,0.0042,247,0.7278,0.6274,0,0.6004,0,Bayes-M17-med
Mikope,Kasaï,2,FALSE,0.0027,0.0021,0.0035,0.0027,316,316,317,0.0027,0.112,316,0.0038,NA,NA,NA,NA,NA,NA,0.3996,0.0035,293,0.6776,0.2703,0,0.6506,0,Bayes-M17-med
Tshikula,Kasaï-Central,2,FALSE,0.0027,0.002,0.0034,0.0026,322,319,322,0.0027,0.1089,322,0.0037,NA,NA,NA,NA,NA,NA,0.3296,0.0028,326,0.3919,0.3185,0,0.6081,0,Bayes-M17-med
Lukula,Kongo-Central,2,FALSE,0.0027,0.002,0.0034,0.0026,321,320,321,0.0027,0.109,321,0.0037,NA,NA,NA,NA,NA,NA,0.3933,0.0033,301,0.529,0.8745,0,0.1699,0,Bayes-M17-med
Kimpese,Kongo-Central,2,FALSE,0.0027,0.0021,0.0035,0.0027,315,315,316,0.0027,0.1125,315,0.0038,NA,NA,NA,NA,NA,NA,0.4947,0.0043,238,0.7896,0.9768,0,0.2124,0,Bayes-M17-med
Businga,Nord-Ubangi,2,FALSE,0.0027,0.002,0.0034,0.0026,319,318,323,0.0027,0.1094,319,0.0037,NA,NA,NA,NA,NA,NA,0.6781,0.0058,204,0.9286,0.861,0,0.9228,0,Bayes-M17-med
Wasolo,Nord-Ubangi,2,FALSE,0.0027,0.0021,0.0035,0.0027,317,314,321,0.0027,0.1113,317,0.0038,NA,NA,NA,NA,NA,NA,0.5709,0.005,215,0.5541,0.7413,0,0.9884,0,Bayes-M17-med
Monkoto,Tshuapa,2,FALSE,0.0027,0.002,0.0034,0.0026,320,319,322,0.0027,0.1094,320,0.0037,NA,NA,NA,NA,NA,NA,0.5598,0.0048,223,0.9498,0.4054,0,0.8842,0,Bayes-M17-med
Katoka,Kasaï-Central,2,FALSE,0.0026,0.002,0.0033,0.0026,323,318,323,0.0026,0.1083,323,0.0037,NA,NA,NA,NA,NA,NA,0.2645,0.0022,367,0.1216,0.473,0,0.4633,0,Bayes-M17-med
Boko Kivulu,Kongo-Central,2,FALSE,0.0026,0.002,0.0033,0.0026,325,324,325,0.0026,0.1056,325,0.0036,NA,NA,NA,NA,NA,NA,0.4281,0.0035,289,0.5792,0.9324,0,0.2008,0,Bayes-M17-med
Kapanga,Lualaba,2,FALSE,0.0026,0.002,0.0032,0.0025,326,326,328,0.0026,0.1051,326,0.0036,NA,NA,NA,NA,NA,NA,0.4112,0.0034,299,0.8514,0.3938,0,0.3996,0,Bayes-M17-med
Tunda,Maniema,2,FALSE,0.0026,0.002,0.0033,0.0026,324,324,325,0.0026,0.1056,324,0.0036,NA,NA,NA,NA,NA,NA,0.459,0.0038,274,0.8977,0.0541,0,0.8842,0,Bayes-M17-med
Ingende,Equateur,2,FALSE,0.0025,0.0019,0.0032,0.0025,328,326,331,0.0025,0.1042,328,0.0035,NA,NA,NA,NA,NA,NA,0.596,0.0048,219,0.9208,0.8571,0,0.6062,0,Bayes-M17-med
Bilomba,Kasaï-Central,2,FALSE,0.0025,0.0019,0.0031,0.0025,333,332,334,0.0025,0.1023,333,0.0035,NA,NA,NA,NA,NA,NA,0.4006,0.0032,307,0.3378,0.4421,0,0.8224,0,Bayes-M17-med
Boma,Kongo-Central,2,FALSE,0.0025,0.0019,0.0032,0.0025,332,330,332,0.0025,0.1029,332,0.0035,NA,NA,NA,NA,NA,NA,0.2901,0.0023,356,0.1467,0.9247,0,0.0888,0,Bayes-M17-med
Mbanza Ngungu,Kongo-Central,2,FALSE,0.0025,0.0019,0.0032,0.0025,330,328,331,0.0025,0.1035,330,0.0035,NA,NA,NA,NA,NA,NA,0.3711,0.003,318,0.3205,0.9749,0,0.1892,0,Bayes-M17-med
Bagata,Kwilu,2,FALSE,0.0025,0.0019,0.0032,0.0025,329,329,330,0.0025,0.1036,329,0.0035,NA,NA,NA,NA,NA,NA,0.5135,0.0042,251,0.6795,0.695,0,0.6795,0,Bayes-M17-med
Pay Kongila,Kwilu,2,FALSE,0.0025,0.002,0.0032,0.0025,327,327,329,0.0025,0.1042,327,0.0035,NA,NA,NA,NA,NA,NA,0.4488,0.0037,279,0.5135,0.6467,0,0.6351,0,Bayes-M17-med
Inongo,Mai-Ndombe,2,FALSE,0.0025,0.0019,0.0031,0.0025,334,333,335,0.0025,0.1016,334,0.0035,NA,NA,NA,NA,NA,NA,0.4952,0.0039,263,0.7645,0.2934,0,0.9228,0,Bayes-M17-med
Boso Mondanda,Mongala,2,FALSE,0.0025,0.0019,0.0032,0.0025,331,326,333,0.0025,0.1034,331,0.0035,NA,NA,NA,NA,NA,NA,0.3716,0.003,317,0.5869,0.1486,0,0.751,0,Bayes-M17-med
Likasi,Haut-Katanga,2,FALSE,0.0024,0.0019,0.0031,0.0024,335,334,336,0.0024,0.1003,335,0.0034,NA,NA,NA,NA,NA,NA,0.1728,0.0014,412,0.112,0.4208,0,0.1583,0,Bayes-M17-med
Dekese,Kasaï,2,FALSE,0.0024,0.0018,0.003,0.0024,337,337,340,0.0024,0.0984,337,0.0033,NA,NA,NA,NA,NA,NA,0.4633,0.0036,287,0.9189,0.2181,0,0.7162,0,Bayes-M17-med
Panzi,Kwango,2,FALSE,0.0024,0.0019,0.0031,0.0024,336,335,336,0.0024,0.1,336,0.0034,NA,NA,NA,NA,NA,NA,0.5236,0.0041,253,0.7548,0.583,0,0.7568,0,Bayes-M17-med
Boko,Kwango,2,FALSE,0.0024,0.0018,0.003,0.0024,340,338,340,0.0024,0.0978,340,0.0033,NA,NA,NA,NA,NA,NA,0.5121,0.0039,265,0.7336,0.61,0,0.7046,0,Bayes-M17-med
Feshi,Kwango,2,FALSE,0.0024,0.0018,0.003,0.0024,341,341,341,0.0024,0.0973,341,0.0033,NA,NA,NA,NA,NA,NA,0.5082,0.0039,268,0.7317,0.5425,0,0.7587,0,Bayes-M17-med
Kimputu,Kwilu,2,FALSE,0.0024,0.0018,0.003,0.0024,339,338,340,0.0024,0.0979,339,0.0033,NA,NA,NA,NA,NA,NA,0.5039,0.0039,270,0.4923,0.639,0,0.8842,0,Bayes-M17-med
Mosango,Kwilu,2,FALSE,0.0024,0.0018,0.003,0.0024,338,337,339,0.0024,0.0981,338,0.0033,NA,NA,NA,NA,NA,NA,0.515,0.0039,260,0.5463,0.7375,0,0.7761,0,Bayes-M17-med
Sandoa,Lualaba,2,FALSE,0.0024,0.0018,0.003,0.0023,342,342,342,0.0024,0.097,342,0.0033,NA,NA,NA,NA,NA,NA,0.5536,0.0042,249,0.9421,0.6815,0,0.5907,0,Bayes-M17-med
Mufunga Sampwe,Haut-Katanga,2,FALSE,0.0023,0.0017,0.0029,0.0022,346,345,347,0.0023,0.093,346,0.0032,NA,NA,NA,NA,NA,NA,0.3774,0.0027,331,0.8185,0.0888,0,0.6023,0,Bayes-M17-med
Kwilu Ngongo,Kongo-Central,2,FALSE,0.0023,0.0018,0.0029,0.0023,343,343,343,0.0023,0.0955,343,0.0032,NA,NA,NA,NA,NA,NA,0.3875,0.0029,323,0.4884,0.8668,0,0.195,0,Bayes-M17-med
Kikongo,Kwilu,2,FALSE,0.0023,0.0017,0.0029,0.0022,347,346,347,0.0023,0.0929,347,0.0032,NA,NA,NA,NA,NA,NA,0.5024,0.0036,280,0.6969,0.6023,0,0.7104,0,Bayes-M17-med
Wikong,Lomami,2,FALSE,0.0023,0.0018,0.0029,0.0023,344,344,345,0.0023,0.0946,344,0.0032,NA,NA,NA,NA,NA,NA,0.3663,0.0027,333,0.2529,0.4228,0,0.7896,0,Bayes-M17-med
Bangabola,Sud-Ubangi,2,FALSE,0.0023,0.0017,0.0029,0.0023,345,344,347,0.0023,0.0934,345,0.0032,NA,NA,NA,NA,NA,NA,0.3904,0.0028,324,0.3533,0.3494,0,0.8591,0,Bayes-M17-med
Kasenga,Haut-Katanga,2,FALSE,0.0022,0.0017,0.0028,0.0022,351,350,352,0.0022,0.0897,351,0.0031,NA,NA,NA,NA,NA,NA,0.3953,0.0028,328,0.8166,0.6255,0,0.139,0,Bayes-M17-med
Lwamba,Haut-Lomami,2,FALSE,0.0022,0.0017,0.0028,0.0022,348,348,349,0.0022,0.0902,348,0.0031,NA,NA,NA,NA,NA,NA,0.4865,0.0034,296,0.8069,0.6409,0,0.4981,0,Bayes-M17-med
Kitangwa,Kasaï,2,FALSE,0.0022,0.0017,0.0028,0.0022,351,350,352,0.0022,0.0897,350,0.0031,NA,NA,NA,NA,NA,NA,0.3287,0.0023,359,0.6332,0.1062,0,0.5753,0,Bayes-M17-med
Lubunga (Kasaï-Central),Kasaï-Central,2,FALSE,0.0022,0.0017,0.0028,0.0022,353,353,354,0.0022,0.0895,353,0.003,NA,NA,NA,NA,NA,NA,0.4599,0.0032,306,0.5637,0.4653,0,0.8108,0,Bayes-M17-med
Dilolo,Lualaba,2,FALSE,0.0022,0.0017,0.0028,0.0022,349,349,351,0.0022,0.0899,349,0.0031,NA,NA,NA,NA,NA,NA,0.3663,0.0026,343,0.8398,0.6197,0,0.0058,0,Bayes-M17-med
Kanzenze,Lualaba,2,FALSE,0.0022,0.0017,0.0027,0.0021,355,354,355,0.0022,0.0882,355,0.003,NA,NA,NA,NA,NA,NA,0.2389,0.0016,399,0.6255,0.1429,0,0.1873,0,Bayes-M17-med
Djalo Ndjeka,Sankuru,2,FALSE,0.0022,0.0017,0.0028,0.0022,352,350,353,0.0022,0.0897,352,0.0031,NA,NA,NA,NA,NA,NA,0.3378,0.0024,354,0.3591,0.0695,0,0.9228,0,Bayes-M17-med
Mawuya,Sud-Ubangi,2,FALSE,0.0022,0.0017,0.0028,0.0022,354,348,356,0.0022,0.0892,354,0.003,NA,NA,NA,NA,NA,NA,0.2654,0.0018,391,0.444,0.2394,0,0.3784,0,Bayes-M17-med
Wangata,Equateur,2,FALSE,0.0021,0.0016,0.0026,0.002,361,361,362,0.0021,0.0848,361,0.0029,NA,NA,NA,NA,NA,NA,0.417,0.0028,329,0.2336,0.9865,0,0.4479,0,Bayes-M17-med
Songa,Haut-Lomami,2,FALSE,0.0021,0.0016,0.0027,0.0021,356,355,356,0.0021,0.0879,356,0.003,NA,NA,NA,NA,NA,NA,0.473,0.0032,305,0.9344,0.3533,0,0.6042,0,Bayes-M17-med
Mushenge,Kasaï,2,FALSE,0.0021,0.0016,0.0026,0.0021,359,358,360,0.0021,0.086,359,0.0029,NA,NA,NA,NA,NA,NA,0.3229,0.0022,373,0.5946,0.0656,0,0.6313,0,Bayes-M17-med
Lubondaie,Kasaï-Central,2,FALSE,0.0021,0.0016,0.0026,0.0021,360,359,360,0.0021,0.0857,360,0.0029,NA,NA,NA,NA,NA,NA,0.3147,0.0021,377,0.3822,0.1583,0,0.7181,0,Bayes-M17-med
Kahemba,Kwango,2,FALSE,0.0021,0.0016,0.0027,0.0021,358,358,359,0.0021,0.0864,358,0.0029,NA,NA,NA,NA,NA,NA,0.5367,0.0036,283,0.8958,0.7278,0,0.5232,0,Bayes-M17-med
Mungindu,Kwilu,2,FALSE,0.0021,0.0016,0.0027,0.0021,357,357,357,0.0021,0.0866,357,0.0029,NA,NA,NA,NA,NA,NA,0.3818,0.0026,340,0.4691,0.5367,0,0.5212,0,Bayes-M17-med
Bikoro,Equateur,2,FALSE,0.002,0.0015,0.0025,0.002,366,366,367,0.002,0.0819,366,0.0028,NA,NA,NA,NA,NA,NA,0.5951,0.0038,271,0.8127,0.8147,0,0.7529,0,Bayes-M17-med
Mutena,Kasaï,2,FALSE,0.002,0.0016,0.0026,0.002,365,364,365,0.002,0.0829,365,0.0028,NA,NA,NA,NA,NA,NA,0.2336,0.0015,406,0.334,0.0753,0,0.5251,0,Bayes-M17-med
Seke Banza,Kongo-Central,2,FALSE,0.002,0.0016,0.0026,0.002,363,363,364,0.002,0.0834,364,0.0028,NA,NA,NA,NA,NA,NA,0.4513,0.0029,321,0.6351,0.9498,0,0.2201,0,Bayes-M17-med
Popokabaka,Kwango,2,FALSE,0.002,0.0015,0.0025,0.002,367,366,367,0.002,0.0813,367,0.0028,NA,NA,NA,NA,NA,NA,0.5507,0.0035,292,0.7703,0.7876,0,0.6448,0,Bayes-M17-med
Kamiji,Lomami,2,FALSE,0.002,0.0016,0.0026,0.002,363,362,364,0.002,0.0835,363,0.0028,NA,NA,NA,NA,NA,NA,0.2635,0.0017,398,0.3398,0.1293,0,0.5849,0,Bayes-M17-med
Bominenge,Sud-Ubangi,2,FALSE,0.002,0.0016,0.0026,0.002,362,361,365,0.002,0.084,362,0.0029,NA,NA,NA,NA,NA,NA,0.3258,0.0021,375,0.2819,0.0985,0,0.9228,0,Bayes-M17-med
Busanga,Tshuapa,2,FALSE,0.002,0.0015,0.0025,0.0019,368,368,370,0.002,0.0801,368,0.0027,NA,NA,NA,NA,NA,NA,0.4452,0.0028,327,0.6602,0.168,0,0.9527,0,Bayes-M17-med
Makanza,Equateur,2,FALSE,0.0019,0.0015,0.0025,0.0019,369,368,371,0.002,0.08,369,0.0027,NA,NA,NA,NA,NA,NA,0.639,0.004,259,0.9537,0.7954,0,0.8069,0,Bayes-M17-med
Mutoto,Kasaï-Central,2,FALSE,0.0019,0.0014,0.0023,0.0018,375,374,375,0.0019,0.076,375,0.0026,NA,NA,NA,NA,NA,NA,0.3441,0.002,380,0.4575,0.361,0,0.5579,0,Bayes-M17-med
Massa,Kongo-Central,2,FALSE,0.0019,0.0015,0.0025,0.0019,371,369,371,0.0019,0.0795,371,0.0027,NA,NA,NA,NA,NA,NA,0.4223,0.0026,338,0.668,0.9208,0,0.1004,0,Bayes-M17-med
Kimbao,Kwango,2,FALSE,0.0019,0.0015,0.0025,0.0019,370,368,370,0.0019,0.0798,370,0.0027,NA,NA,NA,NA,NA,NA,0.5743,0.0036,285,0.7201,0.7181,0,0.8591,0,Bayes-M17-med
Kalamba,Lualaba,2,FALSE,0.0019,0.0014,0.0023,0.0018,374,373,374,0.0019,0.0761,374,0.0026,NA,NA,NA,NA,NA,NA,0.4542,0.0027,334,0.8803,0.2375,0,0.6988,0,Bayes-M17-med
Bongandanga,Mongala,2,FALSE,0.0019,0.0015,0.0024,0.0019,372,372,373,0.0019,0.0779,372,0.0026,NA,NA,NA,NA,NA,NA,0.4228,0.0026,342,0.7587,0.0097,0,0.9228,0,Bayes-M17-med
Pania Mutombo,Sankuru,2,FALSE,0.0019,0.0014,0.0024,0.0019,373,372,375,0.0019,0.0769,373,0.0026,NA,NA,NA,NA,NA,NA,0.4117,0.0025,345,0.7413,0.1236,0,0.7819,0,Bayes-M17-med
Bunkonde,Kasaï-Central,2,FALSE,0.0018,0.0014,0.0023,0.0018,378,378,378,0.0018,0.0731,378,0.0025,NA,NA,NA,NA,NA,NA,0.3523,0.002,382,0.4015,0.278,0,0.7297,0,Bayes-M17-med
Nsona Mpangu,Kongo-Central,2,FALSE,0.0018,0.0014,0.0022,0.0017,380,379,380,0.0018,0.0723,380,0.0025,NA,NA,NA,NA,NA,NA,0.4165,0.0024,355,0.722,0.7645,0,0.1795,0,Bayes-M17-med
Wamba Lwadi,Kwango,2,FALSE,0.0018,0.0014,0.0022,0.0018,379,379,380,0.0018,0.0724,379,0.0025,NA,NA,NA,NA,NA,NA,0.5492,0.0031,311,0.6467,0.8185,0,0.7317,0,Bayes-M17-med
Nioki,Mai-Ndombe,2,FALSE,0.0018,0.0014,0.0023,0.0018,377,376,377,0.0018,0.0746,377,0.0025,NA,NA,NA,NA,NA,NA,0.389,0.0023,362,0.61,0.3958,0,0.5502,0,Bayes-M17-med
Wema,Tshuapa,2,FALSE,0.0018,0.0014,0.0023,0.0018,376,376,377,0.0018,0.0748,376,0.0025,NA,NA,NA,NA,NA,NA,0.4469,0.0026,339,0.8494,0.1332,0,0.805,0,Bayes-M17-med
Kafubu,Haut-Katanga,2,FALSE,0.0017,0.0013,0.0022,0.0017,383,383,384,0.0017,0.0711,383,0.0024,NA,NA,NA,NA,NA,NA,0.2104,0.0012,425,0.6042,0.0869,0,0.1506,0,Bayes-M17-med
Kayamba,Haut-Lomami,2,FALSE,0.0017,0.0013,0.0022,0.0017,382,382,382,0.0017,0.0714,382,0.0024,NA,NA,NA,NA,NA,NA,0.4276,0.0024,353,0.7027,0.4189,0,0.5888,0,Bayes-M17-med
Nyanga,Kasaï,2,FALSE,0.0017,0.0013,0.0021,0.0017,385,385,385,0.0017,0.069,385,0.0023,NA,NA,NA,NA,NA,NA,0.348,0.0019,390,0.4402,0.3803,0,0.5714,0,Bayes-M17-med
Ndesha,Kasaï-Central,2,FALSE,0.0017,0.0013,0.0022,0.0017,384,383,384,0.0017,0.0709,384,0.0024,NA,NA,NA,NA,NA,NA,0.2317,0.0013,414,0.1448,0.3456,0,0.4363,0,Bayes-M17-med
Sia,Kwilu,2,FALSE,0.0017,0.0013,0.0022,0.0017,381,381,381,0.0018,0.0718,381,0.0024,NA,NA,NA,NA,NA,NA,0.3986,0.0022,368,0.4151,0.3822,0,0.7973,0,Bayes-M17-med
Kingandu,Kwilu,2,FALSE,0.0017,0.0013,0.0021,0.0017,386,386,386,0.0017,0.0685,386,0.0023,NA,NA,NA,NA,NA,NA,0.4923,0.0026,337,0.7162,0.6583,0,0.5946,0,Bayes-M17-med
Oshwe,Mai-Ndombe,2,FALSE,0.0017,0.0013,0.0021,0.0016,387,387,388,0.0017,0.0678,387,0.0023,NA,NA,NA,NA,NA,NA,0.4855,0.0026,341,0.8764,0.3301,0,0.7355,0,Bayes-M17-med
Djombo,Equateur,2,FALSE,0.0016,0.0012,0.002,0.0016,391,390,395,0.0016,0.0658,391,0.0022,NA,NA,NA,NA,NA,NA,0.6554,0.0034,300,0.917,0.7819,0,0.9228,0,Bayes-M17-med
Kikula,Haut-Katanga,2,FALSE,0.0016,0.0013,0.0021,0.0016,388,387,391,0.0016,0.0669,388,0.0023,NA,NA,NA,NA,NA,NA,0.0951,5e-4,449,0.1062,0.1139,0,0.1602,0,Bayes-M17-med
Mitwaba,Haut-Katanga,2,FALSE,0.0016,0.0012,0.002,0.0016,392,390,393,0.0016,0.0656,392,0.0022,NA,NA,NA,NA,NA,NA,0.3528,0.0018,393,0.8012,0.0618,0,0.5483,0,Bayes-M17-med
Bulape,Kasaï,2,FALSE,0.0016,0.0013,0.0021,0.0016,389,388,389,0.0016,0.0669,389,0.0023,NA,NA,NA,NA,NA,NA,0.4315,0.0023,363,0.7066,0.1853,0,0.834,0,Bayes-M17-med
Bena Tshadi,Kasaï-Central,2,FALSE,0.0016,0.0012,0.002,0.0016,393,392,393,0.0016,0.0655,393,0.0022,NA,NA,NA,NA,NA,NA,0.472,0.0024,351,0.6699,0.3784,0,0.8398,0,Bayes-M17-med
Kalomba,Kasaï-Central,2,FALSE,0.0016,0.0012,0.002,0.0015,397,397,397,0.0016,0.0639,397,0.0022,NA,NA,NA,NA,NA,NA,0.2944,0.0015,407,0.3166,0.1467,0,0.7143,0,Bayes-M17-med
Kangu,Kongo-Central,2,FALSE,0.0016,0.0012,0.002,0.0016,395,394,395,0.0016,0.065,395,0.0022,NA,NA,NA,NA,NA,NA,0.3528,0.0018,394,0.3803,0.8822,0,0.1486,0,Bayes-M17-med
Kasongo Lunda,Kwango,2,FALSE,0.0016,0.0012,0.002,0.0016,394,392,394,0.0016,0.0654,394,0.0022,NA,NA,NA,NA,NA,NA,0.3441,0.0018,395,0.6274,0.5946,0,0.1544,0,Bayes-M17-med
Kwamouth,Mai-Ndombe,2,FALSE,0.0016,0.0012,0.002,0.0016,396,396,396,0.0016,0.0645,396,0.0022,NA,NA,NA,NA,NA,NA,0.43,0.0022,374,0.8707,0.417,0,0.4324,0,Bayes-M17-med
Zongo,Sud-Ubangi,2,FALSE,0.0016,0.0012,0.0021,0.0016,390,388,391,0.0016,0.0663,390,0.0023,NA,NA,NA,NA,NA,NA,0.2418,0.0013,417,0.278,0.4131,0,0.2761,0,Bayes-M17-med
Iboko,Equateur,2,FALSE,0.0015,0.0012,0.0019,0.0015,399,398,401,0.0015,0.063,399,0.0021,NA,NA,NA,NA,NA,NA,0.612,0.003,316,0.8282,0.7915,0,0.8282,0,Bayes-M17-med
Lotumbe,Equateur,2,FALSE,0.0015,0.0011,0.0019,0.0015,406,404,407,0.0015,0.0605,406,0.0021,NA,NA,NA,NA,NA,NA,0.5816,0.0027,330,0.9691,0.7085,0,0.6486,0,Bayes-M17-med
Panda,Haut-Katanga,2,FALSE,0.0015,0.0011,0.0019,0.0015,404,404,406,0.0015,0.0607,404,0.0021,NA,NA,NA,NA,NA,NA,0.2027,0.001,432,0.1622,0.4826,0,0.166,0,Bayes-M17-med
Lukafu,Haut-Katanga,2,FALSE,0.0015,0.0012,0.0019,0.0015,403,402,403,0.0015,0.0622,403,0.0021,NA,NA,NA,NA,NA,NA,0.4015,0.002,385,0.888,0.3243,0,0.3938,0,Bayes-M17-med
Ngidinga,Kongo-Central,2,FALSE,0.0015,0.0012,0.0019,0.0015,401,400,402,0.0015,0.0626,401,0.0021,NA,NA,NA,NA,NA,NA,0.4488,0.0022,371,0.6544,0.7432,0,0.3977,0,Bayes-M17-med
Moanza,Kwilu,2,FALSE,0.0015,0.0011,0.0019,0.0015,405,405,406,0.0015,0.0607,405,0.0021,NA,NA,NA,NA,NA,NA,0.52,0.0025,346,0.5985,0.529,0,0.9527,0,Bayes-M17-med
Kafakumba,Lualaba,2,FALSE,0.0015,0.0012,0.0019,0.0015,400,398,401,0.0015,0.0628,400,0.0021,NA,NA,NA,NA,NA,NA,0.4648,0.0023,360,0.8687,0.2027,0,0.7876,0,Bayes-M17-med
Lubudi,Lualaba,2,FALSE,0.0015,0.0011,0.0018,0.0014,408,406,409,0.0015,0.0597,408,0.002,NA,NA,NA,NA,NA,NA,0.4667,0.0022,372,0.9151,0.4614,0,0.4903,0,Bayes-M17-med
Kiri,Mai-Ndombe,2,FALSE,0.0015,0.0011,0.0019,0.0014,407,407,410,0.0015,0.0599,407,0.002,NA,NA,NA,NA,NA,NA,0.5685,0.0027,336,0.8745,0.4768,0,0.9228,0,Bayes-M17-med
Mushie,Mai-Ndombe,2,FALSE,0.0015,0.0012,0.002,0.0015,398,398,399,0.0015,0.0631,398,0.0021,NA,NA,NA,NA,NA,NA,0.4291,0.0021,376,0.7394,0.3649,0,0.612,0,Bayes-M17-med
Tshudi Loto,Sankuru,2,FALSE,0.0015,0.0012,0.0019,0.0015,402,400,403,0.0015,0.0625,402,0.0021,NA,NA,NA,NA,NA,NA,0.4237,0.0021,378,0.7683,0.0039,0,0.9228,0,Bayes-M17-med
Kenya,Haut-Katanga,2,FALSE,0.0014,0.0011,0.0018,0.0014,411,408,411,0.0014,0.0589,411,0.002,NA,NA,NA,NA,NA,NA,0.0569,3e-4,455,0.11,0.0116,0,0.1062,0,Bayes-M17-med
Inga,Kongo-Central,2,FALSE,0.0014,0.0011,0.0018,0.0014,412,412,413,0.0014,0.0583,412,0.002,NA,NA,NA,NA,NA,NA,0.3847,0.0018,396,0.5212,0.8243,0,0.1931,0,Bayes-M17-med
Gombe Matadi,Kongo-Central,2,FALSE,0.0014,0.0011,0.0018,0.0014,409,409,410,0.0014,0.0592,409,0.002,NA,NA,NA,NA,NA,NA,0.4151,0.0019,386,0.6911,0.7857,0,0.1834,0,Bayes-M17-med
Banzow Moke,Mai-Ndombe,2,FALSE,0.0014,0.0011,0.0018,0.0014,410,408,411,0.0014,0.0591,410,0.002,NA,NA,NA,NA,NA,NA,0.5236,0.0024,350,0.6892,0.5212,0,0.8842,0,Bayes-M17-med
Mbaya,Sud-Ubangi,2,FALSE,0.0014,0.0011,0.0018,0.0014,413,412,413,0.0014,0.0578,413,0.002,NA,NA,NA,NA,NA,NA,0.3142,0.0014,409,0.3514,0.2239,0,0.6815,0,Bayes-M17-med
Lukolela,Equateur,2,FALSE,0.0013,0.001,0.0016,0.0013,420,419,420,0.0013,0.053,420,0.0018,NA,NA,NA,NA,NA,NA,0.5787,0.0024,352,0.944,0.9151,0,0.4556,0,Bayes-M17-med
Luozi,Kongo-Central,2,FALSE,0.0013,0.001,0.0017,0.0013,417,415,417,0.0013,0.0545,417,0.0019,NA,NA,NA,NA,NA,NA,0.5241,0.0022,369,0.7355,0.8861,0,0.4749,0,Bayes-M17-med
Kisanji,Kwango,2,FALSE,0.0013,0.001,0.0016,0.0013,419,419,420,0.0013,0.0531,419,0.0018,NA,NA,NA,NA,NA,NA,0.5574,0.0023,357,0.8417,0.6544,0,0.7336,0,Bayes-M17-med
Ntandembelo,Mai-Ndombe,2,FALSE,0.0013,0.001,0.0017,0.0013,415,414,416,0.0013,0.0547,415,0.0019,NA,NA,NA,NA,NA,NA,0.4595,0.002,384,0.6023,0.4633,0,0.7722,0,Bayes-M17-med
Yumbi,Mai-Ndombe,2,FALSE,0.0013,0.001,0.0017,0.0013,416,415,417,0.0013,0.0546,416,0.0019,NA,NA,NA,NA,NA,NA,0.2741,0.0012,424,0.4131,0.4015,0,0.2819,0,Bayes-M17-med
Bolobo,Mai-Ndombe,2,FALSE,0.0013,0.001,0.0017,0.0013,418,418,418,0.0013,0.0541,418,0.0018,NA,NA,NA,NA,NA,NA,0.3388,0.0014,408,0.6313,0.4981,0,0.2259,0,Bayes-M17-med
Bosobe,Mai-Ndombe,2,FALSE,0.0013,0.001,0.0017,0.0013,414,414,416,0.0013,0.0547,414,0.0019,NA,NA,NA,NA,NA,NA,0.4406,0.0019,389,0.4942,0.4093,0,0.8591,0,Bayes-M17-med
Monieka,Equateur,2,FALSE,0.0012,9e-4,0.0015,0.0012,423,423,423,0.0012,0.0496,423,0.0017,NA,NA,NA,NA,NA,NA,0.596,0.0023,358,0.9768,0.7336,0,0.6737,0,Bayes-M17-med
Butumba,Haut-Lomami,2,FALSE,0.0012,9e-4,0.0015,0.0012,424,424,424,0.0012,0.0487,424,0.0017,NA,NA,NA,NA,NA,NA,0.4595,0.0017,397,0.7973,0.4151,0,0.6255,0,Bayes-M17-med
Banga Lubaka,Kasaï,2,FALSE,0.0012,0.001,0.0016,0.0012,421,421,421,0.0012,0.0507,421,0.0017,NA,NA,NA,NA,NA,NA,0.3205,0.0013,416,0.5174,0.0444,0,0.7201,0,Bayes-M17-med
Nzanza,Kongo-Central,2,FALSE,0.0012,9e-4,0.0015,0.0012,425,425,426,0.0012,0.0482,425,0.0016,NA,NA,NA,NA,NA,NA,0.2172,8e-4,441,0.0888,0.6892,0,0.0907,0,Bayes-M17-med
Kimvula,Kongo-Central,2,FALSE,0.0012,9e-4,0.0016,0.0012,422,422,422,0.0012,0.0505,422,0.0017,NA,NA,NA,NA,NA,NA,0.569,0.0022,365,0.8629,0.8784,0,0.5347,0,Bayes-M17-med
Mwela Lembwa,Kwango,2,FALSE,0.0012,9e-4,0.0015,0.0011,427,426,427,0.0012,0.0472,427,0.0016,NA,NA,NA,NA,NA,NA,0.4397,0.0016,400,0.6506,0.3224,0,0.7857,0,Bayes-M17-med
Pendjwa,Mai-Ndombe,2,FALSE,0.0012,9e-4,0.0015,0.0012,426,425,427,0.0012,0.0479,426,0.0016,NA,NA,NA,NA,NA,NA,0.4319,0.0016,401,0.7008,0.2124,0,0.8147,0,Bayes-M17-med
Bomongo,Equateur,2,FALSE,0.0011,8e-4,0.0014,0.0011,429,429,430,0.0011,0.0437,429,0.0015,NA,NA,NA,NA,NA,NA,0.5907,0.002,381,0.9788,0.8475,0,0.5367,0,Bayes-M17-med
Kizu,Kongo-Central,2,FALSE,0.0011,8e-4,0.0013,0.001,430,429,430,0.0011,0.0433,430,0.0015,NA,NA,NA,NA,NA,NA,0.3113,0.0011,430,0.2973,0.8707,0,0.0772,0,Bayes-M17-med
Kimpangu,Kongo-Central,2,FALSE,0.0011,8e-4,0.0014,0.0011,428,428,428,0.0011,0.0452,428,0.0015,NA,NA,NA,NA,NA,NA,0.4488,0.0016,402,0.7085,0.9344,0,0.1525,0,Bayes-M17-med
Tshela,Kongo-Central,2,FALSE,0.001,8e-4,0.0013,0.001,433,433,433,0.001,0.041,433,0.0014,NA,NA,NA,NA,NA,NA,0.3282,0.0011,431,0.417,0.888,0,0.0077,0,Bayes-M17-med
Mangembo,Kongo-Central,2,FALSE,0.001,8e-4,0.0013,0.001,431,431,432,0.001,0.0412,431,0.0014,NA,NA,NA,NA,NA,NA,0.3726,0.0012,420,0.5598,0.6641,0,0.2664,0,Bayes-M17-med
Nselo,Kongo-Central,2,FALSE,0.001,8e-4,0.0012,0.001,435,435,435,0.001,0.0402,435,0.0014,NA,NA,NA,NA,NA,NA,0.374,0.0012,423,0.6564,0.5347,0,0.305,0,Bayes-M17-med
Kajiji,Kwango,2,FALSE,0.001,8e-4,0.0012,0.001,434,434,434,0.001,0.0405,434,0.0014,NA,NA,NA,NA,NA,NA,0.3533,0.0011,427,0.7934,0.1544,0,0.4653,0,Bayes-M17-med
Kitenda,Kwango,2,FALSE,0.001,8e-4,0.0013,0.001,432,431,432,0.001,0.0411,432,0.0014,NA,NA,NA,NA,NA,NA,0.376,0.0012,419,0.6641,0.4247,0,0.4151,0,Bayes-M17-med
Kashobwe,Haut-Katanga,2,FALSE,9e-4,7e-4,0.0011,9e-4,441,441,441,9e-4,0.0354,441,0.0012,NA,NA,NA,NA,NA,NA,0.3243,9e-4,438,0.805,0.3012,0,0.1911,0,Bayes-M17-med
Katuba,Haut-Katanga,2,FALSE,9e-4,7e-4,0.0012,9e-4,436,436,438,9e-4,0.0389,436,0.0013,NA,NA,NA,NA,NA,NA,0.0463,1e-4,458,0.0502,0.0309,0,0.1042,0,Bayes-M17-med
Baka,Haut-Lomami,2,FALSE,9e-4,7e-4,0.0011,8e-4,442,442,442,9e-4,0.0349,442,0.0012,NA,NA,NA,NA,NA,NA,0.4319,0.0012,421,0.4344,0.8919,0,0.4015,0,Bayes-M17-med
Kinda,Haut-Lomami,2,FALSE,9e-4,7e-4,0.0012,9e-4,438,437,438,9e-4,0.0388,438,0.0013,NA,NA,NA,NA,NA,NA,0.5077,0.0015,405,0.9884,0.4266,0,0.6158,0,Bayes-M17-med
Boma Bungu,Kongo-Central,2,FALSE,9e-4,7e-4,0.0011,9e-4,440,440,440,9e-4,0.0368,440,0.0013,NA,NA,NA,NA,NA,NA,0.3209,9e-4,436,0.5811,0.5676,0,0.1351,0,Bayes-M17-med
Kinkonzi,Kongo-Central,2,FALSE,9e-4,7e-4,0.0011,9e-4,439,439,439,9e-4,0.037,439,0.0013,NA,NA,NA,NA,NA,NA,0.4252,0.0012,418,0.6236,0.8958,0,0.1815,0,Bayes-M17-med
Kuimba,Kongo-Central,2,FALSE,9e-4,7e-4,0.0012,9e-4,437,436,438,9e-4,0.0389,437,0.0013,NA,NA,NA,NA,NA,NA,0.3069,9e-4,435,0.3784,0.8456,0,0.0039,0,Bayes-M17-med
Bolenge,Equateur,2,FALSE,8e-4,6e-4,0.001,8e-4,447,447,447,8e-4,0.0311,447,0.0011,NA,NA,NA,NA,NA,NA,0.5391,0.0013,413,0.7954,0.8514,0,0.5097,0,Bayes-M17-med
Kilela Balanda,Haut-Katanga,2,FALSE,8e-4,6e-4,0.001,8e-4,445,445,445,8e-4,0.0328,445,0.0011,NA,NA,NA,NA,NA,NA,0.3132,8e-4,442,0.9228,0.0927,0,0.2375,0,Bayes-M17-med
Sona Bata,Kongo-Central,2,FALSE,8e-4,6e-4,0.0011,8e-4,443,443,443,8e-4,0.0344,443,0.0012,NA,NA,NA,NA,NA,NA,0.43,0.0012,426,0.7259,0.7896,0,0.2046,0,Bayes-M17-med
Tembo,Kwango,2,FALSE,8e-4,6e-4,0.001,8e-4,444,444,444,8e-4,0.033,444,0.0011,NA,NA,NA,NA,NA,NA,0.3205,8e-4,440,0.7876,0.3977,0,0.0965,0,Bayes-M17-med
Bunkeya,Lualaba,2,FALSE,8e-4,6e-4,0.001,8e-4,446,446,446,8e-4,0.0326,446,0.0011,NA,NA,NA,NA,NA,NA,0.4218,0.0011,429,0.8243,0.5019,0,0.361,0,Bayes-M17-med
Bobozo,Kasaï-Central,2,FALSE,7e-4,5e-4,8e-4,6e-4,449,449,449,7e-4,0.0269,449,9e-4,NA,NA,NA,NA,NA,NA,0.2336,5e-4,450,0.1602,0.2857,0,0.4884,0,Bayes-M17-med
Vaku,Kongo-Central,2,FALSE,7e-4,5e-4,9e-4,7e-4,448,448,448,7e-4,0.0286,448,0.001,NA,NA,NA,NA,NA,NA,0.4194,9e-4,434,0.5676,0.9421,0,0.168,0,Bayes-M17-med
Vangu,Haut-Katanga,2,FALSE,6e-4,4e-4,7e-4,6e-4,450,450,450,6e-4,0.0236,450,8e-4,NA,NA,NA,NA,NA,NA,0.1081,2e-4,456,0.1158,0.1699,0,0.1467,0,Bayes-M17-med
Mampoko,Equateur,2,FALSE,5e-4,4e-4,7e-4,5e-4,452,452,452,5e-4,0.021,452,7e-4,NA,NA,NA,NA,NA,NA,0.5135,8e-4,439,0.8919,0.5058,0,0.6564,0,Bayes-M17-med
Ntondo,Equateur,2,FALSE,5e-4,4e-4,6e-4,5e-4,453,453,453,5e-4,0.0196,453,7e-4,NA,NA,NA,NA,NA,NA,0.6125,9e-4,433,0.8996,0.7259,0,0.8243,0,Bayes-M17-med
Kibunzi,Kongo-Central,2,FALSE,5e-4,4e-4,7e-4,5e-4,451,451,451,5e-4,0.0216,451,7e-4,NA,NA,NA,NA,NA,NA,0.4175,7e-4,444,0.7046,0.5251,0,0.4402,0,Bayes-M17-med
Mutshatsha,Lualaba,2,FALSE,4e-4,3e-4,5e-4,4e-4,454,454,454,4e-4,0.0176,454,6e-4,NA,NA,NA,NA,NA,NA,0.3808,5e-4,447,0.971,0.1023,0,0.4498,0,Bayes-M17-med
Mimia,Mai-Ndombe,2,FALSE,4e-4,3e-4,5e-4,4e-4,455,455,455,4e-4,0.0173,455,6e-4,NA,NA,NA,NA,NA,NA,0.4841,7e-4,446,0.9614,0.0521,0,0.9228,0,Bayes-M17-med
Lilanga Bobangi,Equateur,2,FALSE,3e-4,2e-4,4e-4,3e-4,456,456,456,3e-4,0.0131,456,4e-4,NA,NA,NA,NA,NA,NA,0.4117,4e-4,451,0.9382,0.2664,0,0.4421,0,Bayes-M17-med
Irebu,Equateur,2,FALSE,2e-4,2e-4,3e-4,2e-4,457,457,459,2e-4,0.0095,457,3e-4,NA,NA,NA,NA,NA,NA,0.5473,4e-4,452,0.9305,0.6776,0,0.5811,0,Bayes-M17-med
Kamalondo,Haut-Katanga,2,FALSE,2e-4,2e-4,3e-4,2e-4,459,458,459,2e-4,0.0094,459,3e-4,NA,NA,NA,NA,NA,NA,0.0352,0,460,0.029,0.0019,0,0.11,0,Bayes-M17-med
Kowe,Haut-Katanga,2,FALSE,2e-4,2e-4,3e-4,2e-4,458,457,458,2e-4,0.0094,458,3e-4,NA,NA,NA,NA,NA,NA,0.07,1e-4,459,0.0714,0.0811,0,0.1274,0,Bayes-M17-med
Kitona,Kongo-Central,2,FALSE,2e-4,1e-4,2e-4,2e-4,460,460,460,2e-4,0.0069,460,2e-4,NA,NA,NA,NA,NA,NA,0.293,2e-4,457,0.5907,0.5792,0,0.0019,0,Bayes-M17-med
Bokoro,Mai-Ndombe,2,FALSE,0,0,0,0,461,461,461,0,2e-4,461,0,NA,NA,NA,NA,NA,NA,0.471,0,461,0.6873,0.5097,0,0.6873,0,Bayes-M17-med
Idjwi,Sud-Kivu,2,FALSE,0,0,0,0,462,462,462,0,0,462,0,NA,NA,NA,NA,NA,NA,0.3007,0,462,0.2992,0.8224,0,0.0811,0,Bayes-M17-med
Buta,Bas-Uele,2,TRUE,NA,NA,NA,NA,NA,NA,NA,NA,NA,NA,NA,NA,NA,NA,NA,NA,NA,0.7225,NA,NA,0.9749,0.9923,0,0.9228,0,Bayes-M17-med
Viadana,Bas-Uele,2,TRUE,NA,NA,NA,NA,NA,NA,NA,NA,NA,NA,NA,NA,NA,NA,NA,NA,NA,0.6846,NA,NA,0.9131,0.9788,0,0.8465,0,Bayes-M17-med
Boma Mangbetu,Haut-Uele,2,TRUE,NA,NA,NA,NA,NA,NA,NA,NA,NA,NA,NA,NA,NA,NA,NA,NA,NA,0.4122,NA,NA,0.2857,0.5039,0,0.8591,0,Bayes-M17-med
Gombari,Haut-Uele,2,TRUE,NA,NA,NA,NA,NA,NA,NA,NA,NA,NA,NA,NA,NA,NA,NA,NA,NA,0.5772,NA,NA,0.9633,0.8012,0,0.5444,0,Bayes-M17-med
Isiro,Haut-Uele,2,TRUE,NA,NA,NA,NA,NA,NA,NA,NA,NA,NA,NA,NA,NA,NA,NA,NA,NA,0.5253,NA,NA,0.39,0.7587,0,0.9527,0,Bayes-M17-med
Pawa,Haut-Uele,2,TRUE,NA,NA,NA,NA,NA,NA,NA,NA,NA,NA,NA,NA,NA,NA,NA,NA,NA,0.4315,NA,NA,0.2934,0.5734,0,0.8591,0,Bayes-M17-med
Rungu,Haut-Uele,2,TRUE,NA,NA,NA,NA,NA,NA,NA,NA,NA,NA,NA,NA,NA,NA,NA,NA,NA,0.6474,NA,NA,0.8224,0.8031,0,0.9643,0,Bayes-M17-med
Wamba,Haut-Uele,2,TRUE,NA,NA,NA,NA,NA,NA,NA,NA,NA,NA,NA,NA,NA,NA,NA,NA,NA,0.4817,NA,NA,0.6737,0.4363,0,0.8166,0,Bayes-M17-med
Adja,Ituri,2,TRUE,NA,NA,NA,NA,NA,NA,NA,NA,NA,NA,NA,NA,NA,NA,NA,NA,NA,0.2645,NA,NA,0.249,0.4286,0,0.3803,0,Bayes-M17-med
Ariwara,Ituri,2,TRUE,NA,NA,NA,NA,NA,NA,NA,NA,NA,NA,NA,NA,NA,NA,NA,NA,NA,0.2862,NA,NA,0.1988,0.6988,0,0.2471,0,Bayes-M17-med
Aru,Ituri,2,TRUE,NA,NA,NA,NA,NA,NA,NA,NA,NA,NA,NA,NA,NA,NA,NA,NA,NA,0.3528,NA,NA,0.3012,0.8417,0,0.2683,0,Bayes-M17-med
Aungba,Ituri,2,TRUE,NA,NA,NA,NA,NA,NA,NA,NA,NA,NA,NA,NA,NA,NA,NA,NA,NA,0.3354,NA,NA,0.3108,0.6564,0,0.3745,0,Bayes-M17-med
Kambala,Ituri,2,TRUE,NA,NA,NA,NA,NA,NA,NA,NA,NA,NA,NA,NA,NA,NA,NA,NA,NA,0.347,NA,NA,0.3668,0.612,0,0.4093,0,Bayes-M17-med
Logo,Ituri,2,TRUE,NA,NA,NA,NA,NA,NA,NA,NA,NA,NA,NA,NA,NA,NA,NA,NA,NA,0.2384,NA,NA,0.1757,0.5927,0,0.1853,0,Bayes-M17-med
Mahagi,Ituri,2,TRUE,NA,NA,NA,NA,NA,NA,NA,NA,NA,NA,NA,NA,NA,NA,NA,NA,NA,0.2292,NA,NA,0.1718,0.6004,0,0.1448,0,Bayes-M17-med
Rimba,Ituri,2,TRUE,NA,NA,NA,NA,NA,NA,NA,NA,NA,NA,NA,NA,NA,NA,NA,NA,NA,0.306,NA,NA,0.2008,0.7124,0,0.3108,0,Bayes-M17-med
Bambu,Ituri,2,TRUE,NA,NA,NA,NA,NA,NA,NA,NA,NA,NA,NA,NA,NA,NA,NA,NA,NA,0.2399,NA,NA,0.2046,0.4691,0,0.2857,0,Bayes-M17-med
Boga,Ituri,2,TRUE,NA,NA,NA,NA,NA,NA,NA,NA,NA,NA,NA,NA,NA,NA,NA,NA,NA,0.264,NA,NA,0.3861,0.36870000000000003,0,0.3012,0,Bayes-M17-med
Bunia,Ituri,2,TRUE,NA,NA,NA,NA,NA,NA,NA,NA,NA,NA,NA,NA,NA,NA,NA,NA,NA,0.2326,NA,NA,0.1178,0.5637,0,0.249,0,Bayes-M17-med
Damas,Ituri,2,TRUE,NA,NA,NA,NA,NA,NA,NA,NA,NA,NA,NA,NA,NA,NA,NA,NA,NA,0.3224,NA,NA,0.4479,0.3282,0,0.5135,0,Bayes-M17-med
Drodro,Ituri,2,TRUE,NA,NA,NA,NA,NA,NA,NA,NA,NA,NA,NA,NA,NA,NA,NA,NA,NA,0.2674,NA,NA,0.2066,0.5907,0,0.2722,0,Bayes-M17-med
Fataki,Ituri,2,TRUE,NA,NA,NA,NA,NA,NA,NA,NA,NA,NA,NA,NA,NA,NA,NA,NA,NA,0.3185,NA,NA,0.2259,0.7201,0,0.3282,0,Bayes-M17-med
Gety,Ituri,2,TRUE,NA,NA,NA,NA,NA,NA,NA,NA,NA,NA,NA,NA,NA,NA,NA,NA,NA,0.2592,NA,NA,0.3359,0.2973,0,0.4035,0,Bayes-M17-med
Kilo,Ituri,2,TRUE,NA,NA,NA,NA,NA,NA,NA,NA,NA,NA,NA,NA,NA,NA,NA,NA,NA,0.1448,NA,NA,0.2201,0.0502,0,0.3089,0,Bayes-M17-med
Komanda,Ituri,2,TRUE,NA,NA,NA,NA,NA,NA,NA,NA,NA,NA,NA,NA,NA,NA,NA,NA,NA,0.2341,NA,NA,0.3089,0.1197,0,0.5077,0,Bayes-M17-med
Lita,Ituri,2,TRUE,NA,NA,NA,NA,NA,NA,NA,NA,NA,NA,NA,NA,NA,NA,NA,NA,NA,0.306,NA,NA,0.2761,0.7046,0,0.2432,0,Bayes-M17-med
Lolwa,Ituri,2,TRUE,NA,NA,NA,NA,NA,NA,NA,NA,NA,NA,NA,NA,NA,NA,NA,NA,NA,0.3205,NA,NA,0.6429,0,0,0.639,0,Bayes-M17-med
Mambasa,Ituri,2,TRUE,NA,NA,NA,NA,NA,NA,NA,NA,NA,NA,NA,NA,NA,NA,NA,NA,NA,0.4324,NA,NA,0.8842,0.2625,0,0.583,0,Bayes-M17-med
Mandima,Ituri,2,TRUE,NA,NA,NA,NA,NA,NA,NA,NA,NA,NA,NA,NA,NA,NA,NA,NA,NA,0.2659,NA,NA,0.4846,0.2896,0,0.2896,0,Bayes-M17-med
Mangala,Ituri,2,TRUE,NA,NA,NA,NA,NA,NA,NA,NA,NA,NA,NA,NA,NA,NA,NA,NA,NA,0.3021,NA,NA,0.305,0.6158,0,0.2876,0,Bayes-M17-med
Mongbwalu,Ituri,2,TRUE,NA,NA,NA,NA,NA,NA,NA,NA,NA,NA,NA,NA,NA,NA,NA,NA,NA,0.2616,NA,NA,0.4112,0.1834,0,0.4517,0,Bayes-M17-med
Nia Nia,Ituri,2,TRUE,NA,NA,NA,NA,NA,NA,NA,NA,NA,NA,NA,NA,NA,NA,NA,NA,NA,0.2978,NA,NA,0.666,0.0212,0,0.5039,0,Bayes-M17-med
Nizi,Ituri,2,TRUE,NA,NA,NA,NA,NA,NA,NA,NA,NA,NA,NA,NA,NA,NA,NA,NA,NA,0.1771,NA,NA,0.1544,0.3378,0,0.2162,0,Bayes-M17-med
Nyankunde,Ituri,2,TRUE,NA,NA,NA,NA,NA,NA,NA,NA,NA,NA,NA,NA,NA,NA,NA,NA,NA,0.2514,NA,NA,0.2838,0.2432,0,0.4788,0,Bayes-M17-med
Rwampara,Ituri,2,TRUE,NA,NA,NA,NA,NA,NA,NA,NA,NA,NA,NA,NA,NA,NA,NA,NA,NA,0.319,NA,NA,0.2375,0.7452,0,0.2934,0,Bayes-M17-med
Tchomia,Ituri,2,TRUE,NA,NA,NA,NA,NA,NA,NA,NA,NA,NA,NA,NA,NA,NA,NA,NA,NA,0.1998,NA,NA,0.2104,0.3745,0,0.2143,0,Bayes-M17-med
Beni,Nord-Kivu,2,TRUE,NA,NA,NA,NA,NA,NA,NA,NA,NA,NA,NA,NA,NA,NA,NA,NA,NA,0.1559,NA,NA,0.1525,0.2297,0,0.2413,0,Bayes-M17-med
Butembo,Nord-Kivu,2,TRUE,NA,NA,NA,NA,NA,NA,NA,NA,NA,NA,NA,NA,NA,NA,NA,NA,NA,0.1829,NA,NA,0.1139,0.388,0,0.2297,0,Bayes-M17-med
Kalunguta,Nord-Kivu,2,TRUE,NA,NA,NA,NA,NA,NA,NA,NA,NA,NA,NA,NA,NA,NA,NA,NA,NA,0.1559,NA,NA,0.195,0.2066,0,0.222,0,Bayes-M17-med
Katwa,Nord-Kivu,2,TRUE,NA,NA,NA,NA,NA,NA,NA,NA,NA,NA,NA,NA,NA,NA,NA,NA,NA,0.1998,NA,NA,0.0869,0.4846,0,0.2278,0,Bayes-M17-med
Kyondo,Nord-Kivu,2,TRUE,NA,NA,NA,NA,NA,NA,NA,NA,NA,NA,NA,NA,NA,NA,NA,NA,NA,0.3238,NA,NA,0.2954,0.7973,0,0.2027,0,Bayes-M17-med
Lubero,Nord-Kivu,2,TRUE,NA,NA,NA,NA,NA,NA,NA,NA,NA,NA,NA,NA,NA,NA,NA,NA,NA,0.4585,NA,NA,0.5734,0.9382,0,0.3224,0,Bayes-M17-med
Mabalako,Nord-Kivu,2,TRUE,NA,NA,NA,NA,NA,NA,NA,NA,NA,NA,NA,NA,NA,NA,NA,NA,NA,0.1573,NA,NA,0.1931,0.2046,0,0.2317,0,Bayes-M17-med
Masereka,Nord-Kivu,2,TRUE,NA,NA,NA,NA,NA,NA,NA,NA,NA,NA,NA,NA,NA,NA,NA,NA,NA,0.36870000000000003,NA,NA,0.2548,0.9807,0,0.2394,0,Bayes-M17-med
Musienene,Nord-Kivu,2,TRUE,NA,NA,NA,NA,NA,NA,NA,NA,NA,NA,NA,NA,NA,NA,NA,NA,NA,0.319,NA,NA,0.2645,0.7317,0,0.2799,0,Bayes-M17-med
Mutwanga,Nord-Kivu,2,TRUE,NA,NA,NA,NA,NA,NA,NA,NA,NA,NA,NA,NA,NA,NA,NA,NA,NA,0.2408,NA,NA,0.2606,0.4672,0,0.2355,0,Bayes-M17-med
Oicha,Nord-Kivu,2,TRUE,NA,NA,NA,NA,NA,NA,NA,NA,NA,NA,NA,NA,NA,NA,NA,NA,NA,0.3364,NA,NA,0.3243,0.7606,0,0.2606,0,Bayes-M17-med
Vuhovi,Nord-Kivu,2,TRUE,NA,NA,NA,NA,NA,NA,NA,NA,NA,NA,NA,NA,NA,NA,NA,NA,NA,0.2611,NA,NA,0.2027,0.6178,0,0.2239,0,Bayes-M17-med
Goma,Nord-Kivu,2,TRUE,NA,NA,NA,NA,NA,NA,NA,NA,NA,NA,NA,NA,NA,NA,NA,NA,NA,0.2669,NA,NA,0.1274,0.8977,0,0.0425,0,Bayes-M17-med
Miti Murhesa,Sud-Kivu,2,TRUE,NA,NA,NA,NA,NA,NA,NA,NA,NA,NA,NA,NA,NA,NA,NA,NA,NA,0.3277,NA,NA,0.2355,0.9131,0,0.1622,0,Bayes-M17-med
Bafwasende,Tshopo,2,TRUE,NA,NA,NA,NA,NA,NA,NA,NA,NA,NA,NA,NA,NA,NA,NA,NA,NA,0.4546,NA,NA,0.9073,0.2413,0,0.6699,0,Bayes-M17-med
Kabondo,Tshopo,2,TRUE,NA,NA,NA,NA,NA,NA,NA,NA,NA,NA,NA,NA,NA,NA,NA,NA,NA,0.18,NA,NA,0.1911,0.2722,0,0.2568,0,Bayes-M17-med
Lubunga (Tshopo),Tshopo,2,TRUE,NA,NA,NA,NA,NA,NA,NA,NA,NA,NA,NA,NA,NA,NA,NA,NA,NA,0.2288,NA,NA,0.2452,0.3436,0,0.3263,0,Bayes-M17-med
Makiso Kisangani,Tshopo,2,TRUE,NA,NA,NA,NA,NA,NA,NA,NA,NA,NA,NA,NA,NA,NA,NA,NA,NA,0.2355,NA,NA,0.1332,0.5309,0,0.278,0,Bayes-M17-med
Mangobo,Tshopo,2,TRUE,NA,NA,NA,NA,NA,NA,NA,NA,NA,NA,NA,NA,NA,NA,NA,NA,NA,0.2061,NA,NA,0.0792,0.4382,0,0.3069,0,Bayes-M17-med
Tshopo,Tshopo,2,TRUE,NA,NA,NA,NA,NA,NA,NA,NA,NA,NA,NA,NA,NA,NA,NA,NA,NA,0.2466,NA,NA,0.361,0.334,0,0.2915,0,Bayes-M17-med
Wanierukula,Tshopo,2,TRUE,NA,NA,NA,NA,NA,NA,NA,NA,NA,NA,NA,NA,NA,NA,NA,NA,NA,0.473,NA,NA,0.8436,0.5521,0,0.4961,0,Bayes-M17-med
