health_zone,province,horizon,was_active_before,p_case_invasion,p_case_lo,p_case_hi,p_median,rank_med,rank_lo,rank_hi,mu_forecast,rr_nat,rr_nat_rank,rr01_nat,rr_ituri,rr_ituri_rank,rr_nordkivu,rr_nordkivu_rank,rr_hautuele,rr_hautuele_rank,V,priority,priority_rank,surveillance_gap,healthcare_gap,access_gap,social_vulnerability,healthcare_travel_min,method
Rethy,Ituri,1,FALSE,0.4566,0.365,0.5549,0.4558,1,1,1,0.6155,70.5896,1,1,4.3778,1,NA,NA,NA,NA,0.2703,1,1,0.2143,0.6081,0,0.2587,0,Bayes-M10-med
Watsa,Haut-Uele,1,FALSE,0.2295,0.1859,0.278,0.2285,2,2,2,0.2613,29.9693,2,0.5025,NA,NA,NA,NA,3.054,1,0.4797,0.892,2,0.7297,0.8436,0,0.3456,0,Bayes-M10-med
Nyarambe,Ituri,1,FALSE,0.1421,0.1128,0.1746,0.1413,3,3,3,0.1535,17.5993,3,0.3111,1.0915,2,NA,NA,NA,NA,0.1805,0.2078,12,0.1699,0.4595,0,0.0927,0,Bayes-M10-med
Biringi,Ituri,1,FALSE,0.1107,0.0884,0.1357,0.1102,4,4,5,0.1175,13.4719,4,0.2425,0.8355,3,NA,NA,NA,NA,0.3494,0.3135,6,0.3958,0.4865,0,0.5154,0,Bayes-M10-med
Rutshuru,Nord-Kivu,1,FALSE,0.1041,0.08,0.1308,0.1032,5,5,6,0.1101,12.6261,5,0.228,NA,NA,2.3482,1,NA,NA,0.3721,0.3139,5,0.4093,0.9942,0,0.0849,0,Bayes-M10-med
Karisimbi,Nord-Kivu,1,FALSE,0.0913,0.0714,0.1134,0.0906,6,6,8,0.0958,10.9862,6,0.1999,NA,NA,2.0432,2,NA,NA,0.1597,0.1181,18,0.0907,0.5154,0,0.0328,0,Bayes-M10-med
Makoro,Haut-Uele,1,FALSE,0.0871,0.0695,0.1066,0.0866,7,7,8,0.0912,10.4569,7,0.1907,NA,NA,NA,NA,1.0656,2,0.3822,0.2697,8,0.556,0.5483,0,0.4247,0,Bayes-M10-med
Yakusu,Tshopo,1,FALSE,0.0837,0.0568,0.114,0.0828,8,4,16,0.0876,10.0423,8,0.1832,NA,NA,NA,NA,NA,NA,0.319,0.2163,10,0.4208,0.2085,0,0.6467,0,Bayes-M10-med
Poko,Bas-Uele,1,FALSE,0.082,0.0623,0.104,0.0815,9,7,10,0.0857,9.8257,9,0.1796,NA,NA,NA,NA,NA,NA,0.7271,0.4832,3,0.9923,0.9517,0,0.9643,0,Bayes-M10-med
Niangara,Haut-Uele,1,FALSE,0.0803,0.0642,0.0982,0.0799,10,9,13,0.0838,9.6102,10,0.1759,NA,NA,NA,NA,0.9793,3,0.5512,0.3587,4,0.8031,0.4324,0,0.9691,0,Bayes-M10-med
Alimbongo,Nord-Kivu,1,FALSE,0.0789,0.0606,0.0991,0.0782,11,9,11,0.0822,9.4323,11,0.1727,NA,NA,1.7542,3,NA,NA,0.4262,0.2724,7,0.5849,0.7471,0,0.3726,0,Bayes-M10-med
Kibirizi,Nord-Kivu,1,FALSE,0.0752,0.0572,0.0956,0.0746,12,10,14,0.0782,8.9725,12,0.1646,NA,NA,1.6687,4,NA,NA,0.4175,0.2543,9,0.5405,0.8552,0,0.2741,0,Bayes-M10-med
Nyiragongo,Nord-Kivu,1,FALSE,0.0748,0.0583,0.0932,0.0742,12,11,13,0.0778,8.9241,13,0.1638,NA,NA,1.6597,5,NA,NA,0.2891,0.1752,14,0.2432,0.8764,0,0.0367,0,Bayes-M10-med
Rwanguba,Nord-Kivu,1,FALSE,0.0721,0.0552,0.0908,0.0714,14,12,15,0.0749,8.5855,14,0.1578,NA,NA,1.5967,6,NA,NA,0.2442,0.1426,16,0.2085,0.7027,0,0.0656,0,Bayes-M10-med
Angumu,Ituri,1,FALSE,0.0711,0.0564,0.088,0.0708,14,13,15,0.0739,8.4698,15,0.1558,0.5253,4,NA,NA,NA,NA,0.11,0.0634,34,0.1641,0.1641,0,0.112,0,Bayes-M10-med
Kirotshe,Nord-Kivu,1,FALSE,0.0678,0.0524,0.0849,0.0672,16,15,16,0.0703,8.0584,16,0.1485,NA,NA,1.4987,7,NA,NA,0.3842,0.2111,11,0.3764,0.9961,0,0.1641,0,Bayes-M10-med
Kamango,Nord-Kivu,1,FALSE,0.0535,0.0409,0.0677,0.0531,17,17,20,0.0551,6.3136,17,0.1172,NA,NA,1.1742,8,NA,NA,0.4373,0.1897,13,0.6583,0.917,0,0.1737,0,Bayes-M10-med
Linga,Ituri,1,FALSE,0.0532,0.0417,0.0666,0.0529,18,17,18,0.0547,6.2789,18,0.1166,0.3894,5,NA,NA,NA,NA,0.2148,0.0927,25,0.1969,0.3417,0,0.3205,0,Bayes-M10-med
Jiba,Ituri,1,FALSE,0.0504,0.0395,0.0629,0.0501,19,19,20,0.0517,5.9345,19,0.1104,0.368,6,NA,NA,NA,NA,0.1651,0.0674,32,0.1815,0.1274,0,0.3514,0,Bayes-M10-med
Faradje,Haut-Uele,1,FALSE,0.0464,0.0337,0.0609,0.0457,20,17,22,0.0475,5.4495,20,0.1016,NA,NA,NA,NA,0.5553,4,0.4474,0.1681,15,0.7606,0.666,0,0.3629,0,Bayes-M10-med
Bambo,Nord-Kivu,1,FALSE,0.0389,0.0297,0.0492,0.0386,21,20,24,0.0397,4.5563,21,0.0853,NA,NA,0.8474,9,NA,NA,0.3962,0.125,17,0.5521,0.9073,0,0.1255,0,Bayes-M10-med
Bengamisa,Tshopo,1,FALSE,0.0349,0.0252,0.046,0.0343,22,21,33,0.0355,4.0742,22,0.0764,NA,NA,NA,NA,NA,NA,0.3012,0.0851,27,0.612,0.2162,0,0.3764,0,Bayes-M10-med
Binza,Nord-Kivu,1,FALSE,0.0342,0.0261,0.0433,0.0339,23,21,25,0.0348,3.9933,23,0.0749,NA,NA,0.7427,10,NA,NA,0.3518,0.0975,24,0.471,0.8378,0,0.0985,0,Bayes-M10-med
Banalia,Tshopo,1,FALSE,0.0338,0.0271,0.0413,0.0336,24,23,26,0.0344,3.9479,24,0.0741,NA,NA,NA,NA,NA,NA,0.4242,0.1163,19,0.7799,0.1178,0,0.7992,0,Bayes-M10-med
Minova,Sud-Kivu,1,FALSE,0.033,0.0254,0.0415,0.0327,25,23,27,0.0336,3.848,25,0.0722,NA,NA,NA,NA,NA,NA,0.3866,0.1033,22,0.4421,0.9826,0,0.1216,0,Bayes-M10-med
Ibanda,Sud-Kivu,1,FALSE,0.0327,0.0255,0.0409,0.0324,25,24,26,0.0333,3.8139,26,0.0716,NA,NA,NA,NA,NA,NA,0.2307,0.0611,35,0.083,0.6216,0,0.2181,0,Bayes-M10-med
Mweso,Nord-Kivu,1,FALSE,0.031,0.0237,0.0391,0.0307,27,25,30,0.0315,3.6096,27,0.0678,NA,NA,0.6713,11,NA,NA,0.4189,0.1051,21,0.4498,0.9614,0,0.2645,0,Bayes-M10-med
Nsele,Kinshasa,1,FALSE,0.0294,0.0233,0.0363,0.0293,29,28,30,0.0299,3.4248,28,0.0644,NA,NA,NA,NA,NA,NA,0.1583,0.0377,50,0.139,0.3996,0,0.0946,0,Bayes-M10-med
Masisi,Nord-Kivu,1,FALSE,0.0289,0.0228,0.0361,0.0287,30,29,31,0.0294,3.3692,29,0.0634,NA,NA,0.6266,12,NA,NA,0.4402,0.1032,23,0.4324,0.9575,0,0.3707,0,Bayes-M10-med
Adi,Ituri,1,FALSE,0.0287,0.0222,0.0362,0.0285,31,28,34,0.0292,3.345,30,0.0629,0.2075,7,NA,NA,NA,NA,0.3977,0.0926,26,0.2587,0.7104,0,0.6216,0,Bayes-M10-med
Basoko,Tshopo,1,FALSE,0.0286,0.0222,0.0357,0.0284,29,27,34,0.029,3.327,31,0.0626,NA,NA,NA,NA,NA,NA,0.3012,0.0698,31,0.5077,0.3147,0,0.3822,0,Bayes-M10-med
Laybo,Ituri,1,FALSE,0.0284,0.0222,0.0355,0.0282,33,29,34,0.0288,3.3056,32,0.0622,0.205,8,NA,NA,NA,NA,0.3393,0.0781,29,0.3069,0.556,0,0.4942,0,Bayes-M10-med
Gombe,Kinshasa,1,FALSE,0.0284,0.0225,0.035,0.0283,32,31,32,0.0288,3.3039,33,0.0622,NA,NA,NA,NA,NA,NA,0.1622,0.0373,51,0.0695,0.5695,0,0.0097,0,Bayes-M10-med
Isangi,Tshopo,1,FALSE,0.0263,0.0182,0.0356,0.0259,34,23,42,0.0266,3.056,34,0.0576,NA,NA,NA,NA,NA,NA,0.3837,0.0817,28,0.4054,0.4073,0,0.722,0,Bayes-M10-med
Aba,Haut-Uele,1,FALSE,0.0249,0.0198,0.0306,0.0247,35,31,37,0.0252,2.8877,35,0.0544,NA,NA,NA,NA,0.2943,5,0.569,0.1146,20,0.6004,0.6853,0,0.9903,0,Bayes-M10-med
Kadutu,Sud-Kivu,1,FALSE,0.0238,0.0186,0.0298,0.0236,36,33,36,0.0241,2.7674,36,0.0522,NA,NA,NA,NA,NA,NA,0.1636,0.0316,57,0.0579,0.3861,0,0.2104,0,Bayes-M10-med
Katana,Sud-Kivu,1,FALSE,0.0223,0.0175,0.0279,0.0222,37,35,39,0.0226,2.5923,37,0.0489,NA,NA,NA,NA,NA,NA,0.3224,0.0584,39,0.2471,0.9112,0,0.1313,0,Bayes-M10-med
Limete,Kinshasa,1,FALSE,0.0221,0.0175,0.0273,0.022,37,36,38,0.0223,2.5593,38,0.0483,NA,NA,NA,NA,NA,NA,0.056,0.01,105,0.0405,0.1371,0,0.0463,0,Bayes-M10-med
Kabare,Sud-Kivu,1,FALSE,0.0206,0.016,0.0258,0.0205,39,38,41,0.0208,2.3904,39,0.0452,NA,NA,NA,NA,NA,NA,0.3567,0.0596,37,0.2394,0.9884,0,0.1988,0,Bayes-M10-med
Binza Ozone,Kinshasa,1,FALSE,0.0204,0.0161,0.0252,0.0203,40,39,40,0.0206,2.3638,40,0.0447,NA,NA,NA,NA,NA,NA,0.152,0.0251,63,0.0734,0.5232,0,0.0116,0,Bayes-M10-med
Kokolo,Kinshasa,1,FALSE,0.0198,0.0157,0.0245,0.0197,41,40,41,0.02,2.2949,41,0.0434,NA,NA,NA,NA,NA,NA,0.2172,0.0349,55,0.0772,0.7722,0,0.0193,0,Bayes-M10-med
Lingwala,Kinshasa,1,FALSE,0.0196,0.0155,0.0243,0.0195,42,41,43,0.0198,2.2759,42,0.043,NA,NA,NA,NA,NA,NA,0.0323,0.0051,146,0.0232,0.0907,0,0.0154,0,Bayes-M10-med
Katoyi,Nord-Kivu,1,FALSE,0.0182,0.0141,0.0229,0.018,43,43,48,0.0184,2.1068,43,0.0399,NA,NA,0.3918,13,NA,NA,0.4542,0.067,33,0.4614,0.9595,0,0.3958,0,Bayes-M10-med
Kalamu 1,Kinshasa,1,FALSE,0.0175,0.0139,0.0217,0.0175,44,44,45,0.0177,2.0301,44,0.0384,NA,NA,NA,NA,NA,NA,0.0309,0.0044,170,0.0193,0.0734,0,0.0309,0,Bayes-M10-med
Kasa Vubu,Kinshasa,1,FALSE,0.0175,0.0138,0.0216,0.0174,46,46,47,0.0177,2.0255,46,0.0383,NA,NA,NA,NA,NA,NA,0.0444,0.0063,133,0.0309,0.1216,0,0.0251,0,Bayes-M10-med
Kinshasa,Kinshasa,1,FALSE,0.0175,0.0139,0.0217,0.0174,45,45,46,0.0177,2.0279,45,0.0384,NA,NA,NA,NA,NA,NA,0.0203,0.0029,225,0.0135,0.0463,0,0.0212,0,Bayes-M10-med
Bafwagbogbo,Tshopo,1,FALSE,0.0166,0.0132,0.0204,0.0165,47,47,50,0.0167,1.9173,47,0.0363,NA,NA,NA,NA,NA,NA,0.3948,0.053,40,0.8591,0.027,0,0.6931,0,Bayes-M10-med
Uvira,Sud-Kivu,1,FALSE,0.0158,0.0122,0.0199,0.0157,48,48,53,0.0159,1.829,48,0.0346,NA,NA,NA,NA,NA,NA,0.5502,0.0705,30,0.2181,0.9846,0,0.9981,0,Bayes-M10-med
Lemba,Kinshasa,1,FALSE,0.0157,0.0124,0.0194,0.0156,49,49,50,0.0158,1.8152,50,0.0344,NA,NA,NA,NA,NA,NA,0.1023,0.013,93,0.0483,0.3069,0,0.0541,0,Bayes-M10-med
Yabaondo,Tshopo,1,FALSE,0.0157,0.0107,0.0217,0.0155,50,37,67,0.0158,1.8163,49,0.0344,NA,NA,NA,NA,NA,NA,0.3523,0.0448,44,0.4363,0.305,0,0.668,0,Bayes-M10-med
Masina 1,Kinshasa,1,FALSE,0.0155,0.0123,0.0192,0.0154,51,50,51,0.0156,1.7922,51,0.034,NA,NA,NA,NA,NA,NA,0.0193,0.0024,249,0.0077,0.0077,0,0.0618,0,Bayes-M10-med
Kintambo,Kinshasa,1,FALSE,0.0154,0.0122,0.019,0.0153,52,51,53,0.0155,1.7786,52,0.0337,NA,NA,NA,NA,NA,NA,0.0338,0.0042,176,0.0212,0.1004,0,0.0135,0,Bayes-M10-med
Birambizo,Nord-Kivu,1,FALSE,0.0148,0.0113,0.0187,0.0146,53,50,57,0.0149,1.7065,53,0.0323,NA,NA,0.3174,14,NA,NA,0.3625,0.0434,46,0.4035,0.89,0,0.1564,0,Bayes-M10-med
Mbaya,Sud-Ubangi,1,FALSE,0.0138,0.0102,0.018,0.0137,55,47,63,0.0139,1.5997,54,0.0303,NA,NA,NA,NA,NA,NA,0.3142,0.0353,54,0.3514,0.2239,0,0.6815,0,Bayes-M10-med
Walungu,Sud-Kivu,1,FALSE,0.0136,0.0104,0.0172,0.0134,55,53,60,0.0137,1.5692,55,0.0298,NA,NA,NA,NA,NA,NA,0.3248,0.0358,53,0.1853,0.8803,0,0.2336,0,Bayes-M10-med
Ubundu,Tshopo,1,FALSE,0.0135,0.0094,0.0184,0.0133,56,44,72,0.0136,1.5587,56,0.0296,NA,NA,NA,NA,NA,NA,0.4744,0.0519,41,0.9054,0.4305,0,0.5618,0,Bayes-M10-med
Kalehe,Sud-Kivu,1,FALSE,0.0134,0.0103,0.0169,0.0133,57,54,61,0.0135,1.5448,57,0.0293,NA,NA,NA,NA,NA,NA,0.3369,0.0365,52,0.3417,0.8649,0,0.1409,0,Bayes-M10-med
Masina 2,Kinshasa,1,FALSE,0.0133,0.0105,0.0165,0.0133,57,56,58,0.0134,1.5379,58,0.0292,NA,NA,NA,NA,NA,NA,0.0265,0.0029,226,0.0174,0.0193,0,0.0695,0,Bayes-M10-med
Bandalungwa,Kinshasa,1,FALSE,0.0132,0.0105,0.0164,0.0132,58,57,59,0.0133,1.5293,59,0.029,NA,NA,NA,NA,NA,NA,0.0709,0.0076,122,0.0328,0.2336,0,0.0174,0,Bayes-M10-med
Ruzizi,Sud-Kivu,1,FALSE,0.0131,0.0101,0.0165,0.013,60,55,62,0.0132,1.5134,60,0.0287,NA,NA,NA,NA,NA,NA,0.5627,0.0598,36,0.3494,0.9093,0,0.9923,0,Bayes-M10-med
Walikale,Nord-Kivu,1,FALSE,0.0127,0.0102,0.0156,0.0127,61,54,62,0.0128,1.4716,61,0.0279,NA,NA,0.2737,15,NA,NA,0.5729,0.0592,38,0.9459,0.9286,0,0.417,0,Bayes-M10-med
Budjala,Sud-Ubangi,1,FALSE,0.0127,0.0094,0.0164,0.0126,61,54,68,0.0128,1.463,62,0.0278,NA,NA,NA,NA,NA,NA,0.43,0.0442,45,0.5154,0.4035,0,0.8012,0,Bayes-M10-med
Lubutu,Maniema,1,FALSE,0.012,0.0095,0.0148,0.0119,63,55,69,0.012,1.3806,63,0.0262,NA,NA,NA,NA,NA,NA,0.4706,0.0456,43,0.8205,0.2819,0,0.7799,0,Bayes-M10-med
Binza Meteo,Kinshasa,1,FALSE,0.0117,0.0092,0.0144,0.0116,64,61,64,0.0117,1.3456,64,0.0255,NA,NA,NA,NA,NA,NA,0.2558,0.0242,67,0.0965,0.8996,0,0.027,0,Bayes-M10-med
Bagira,Sud-Kivu,1,FALSE,0.0115,0.0088,0.0145,0.0114,65,60,68,0.0116,1.3294,65,0.0252,NA,NA,NA,NA,NA,NA,0.236,0.022,70,0.1004,0.6371,0,0.2066,0,Bayes-M10-med
Kikimi,Kinshasa,1,FALSE,0.0113,0.0089,0.0139,0.0112,66,64,66,0.0113,1.2981,66,0.0246,NA,NA,NA,NA,NA,NA,0.0835,0.0076,123,0.056,0.1911,0,0.0869,0,Bayes-M10-med
Matete,Kinshasa,1,FALSE,0.0111,0.0088,0.0137,0.011,67,65,68,0.0112,1.2809,67,0.0243,NA,NA,NA,NA,NA,NA,0.0492,0.0044,168,0.0251,0.1158,0,0.056,0,Bayes-M10-med
Barumbu,Kinshasa,1,FALSE,0.011,0.0087,0.0137,0.011,68,66,69,0.0111,1.2744,68,0.0242,NA,NA,NA,NA,NA,NA,0.014,0.0013,338,0.0097,0.0232,0,0.0232,0,Bayes-M10-med
Nyantende,Sud-Kivu,1,FALSE,0.011,0.0085,0.0138,0.0109,69,62,70,0.011,1.2668,69,0.0241,NA,NA,NA,NA,NA,NA,0.3219,0.0287,58,0.1486,0.8938,0,0.2452,0,Bayes-M10-med
Fizi,Sud-Kivu,1,FALSE,0.0101,0.0077,0.0128,0.01,70,68,72,0.0102,1.1678,70,0.0222,NA,NA,NA,NA,NA,NA,0.5637,0.0463,42,0.7432,0.9691,0,0.5425,0,Bayes-M10-med
Mont Ngafula 1,Kinshasa,1,FALSE,0.0097,0.0077,0.012,0.0097,72,71,72,0.0098,1.119,73,0.0213,NA,NA,NA,NA,NA,NA,0.2066,0.0163,79,0.1371,0.6313,0,0.0579,0,Bayes-M10-med
Yaleko,Tshopo,1,FALSE,0.0097,0.0067,0.0133,0.0096,73,56,88,0.0098,1.1214,72,0.0213,NA,NA,NA,NA,NA,NA,0.402,0.0317,56,0.639,0.2452,0,0.7239,0,Bayes-M10-med
Nyemba,Tanganyika,1,FALSE,0.0097,0.0076,0.0122,0.0096,71,70,73,0.0098,1.1214,71,0.0213,NA,NA,NA,NA,NA,NA,0.3456,0.0272,59,0.5965,0.4556,0,0.3301,0,Bayes-M10-med
Mont Ngafula 2,Kinshasa,1,FALSE,0.0094,0.0074,0.0116,0.0094,74,73,74,0.0095,1.084,74,0.0206,NA,NA,NA,NA,NA,NA,0.0951,0.0072,124,0.0849,0.2568,0,0.0386,0,Bayes-M10-med
Selembao,Kinshasa,1,FALSE,0.0094,0.0074,0.0116,0.0093,75,74,76,0.0094,1.0775,75,0.0205,NA,NA,NA,NA,NA,NA,0.0676,0.0051,147,0.0444,0.1815,0,0.0444,0,Bayes-M10-med
Ndjili,Kinshasa,1,FALSE,0.0091,0.0072,0.0113,0.0091,76,76,77,0.0092,1.0501,76,0.02,NA,NA,NA,NA,NA,NA,0.0487,0.0036,193,0.027,0.1042,0,0.0637,0,Bayes-M10-med
Pinga,Nord-Kivu,1,FALSE,0.0091,0.007,0.0114,0.009,78,74,80,0.0091,1.0436,78,0.0198,NA,NA,0.1941,16,NA,NA,0.57,0.0418,48,0.9595,0.7548,0,0.5656,0,Bayes-M10-med
Lemera,Sud-Kivu,1,FALSE,0.0091,0.007,0.0115,0.009,77,73,81,0.0091,1.0473,77,0.0199,NA,NA,NA,NA,NA,NA,0.5613,0.0413,49,0.3629,0.9015,0,0.9807,0,Bayes-M10-med
Kingabwa,Kinshasa,1,FALSE,0.009,0.0071,0.0111,0.009,78,77,79,0.0091,1.0382,79,0.0197,NA,NA,NA,NA,NA,NA,0.0478,0.0035,196,0.0425,0.0965,0,0.0521,0,Bayes-M10-med
Ngiri Ngiri,Kinshasa,1,FALSE,0.0089,0.007,0.011,0.0088,80,78,80,0.0089,1.0207,80,0.0194,NA,NA,NA,NA,NA,NA,0.028,0.002,272,0.0154,0.0676,0,0.029,0,Bayes-M10-med
Police,Kinshasa,1,FALSE,0.0088,0.0069,0.0109,0.0087,81,79,81,0.0088,1.0124,81,0.0192,NA,NA,NA,NA,NA,NA,0.0478,0.0034,201,0.0463,0.0772,0,0.0676,0,Bayes-M10-med
Mubumbano,Sud-Kivu,1,FALSE,0.0087,0.0067,0.011,0.0086,82,77,82,0.0087,1.003,82,0.0191,NA,NA,NA,NA,NA,NA,0.3658,0.0258,61,0.2683,0.9402,0,0.2548,0,Bayes-M10-med
Nyangezi,Sud-Kivu,1,FALSE,0.0083,0.0064,0.0105,0.0083,83,81,84,0.0084,0.9607,83,0.0183,NA,NA,NA,NA,NA,NA,0.36870000000000003,0.0249,66,0.222,0.8842,0,0.36870000000000003,0,Bayes-M10-med
Titule,Bas-Uele,1,FALSE,0.0076,0.0057,0.0097,0.0076,84,83,90,0.0076,0.8765,84,0.0167,NA,NA,NA,NA,NA,NA,0.6839,0.0422,47,0.9865,0.8263,0,0.9228,0,Bayes-M10-med
Bunyakiri,Sud-Kivu,1,FALSE,0.0073,0.0058,0.009,0.0073,85,84,86,0.0073,0.8385,85,0.016,NA,NA,NA,NA,NA,NA,0.4517,0.0267,60,0.6197,0.832,0,0.3552,0,Bayes-M10-med
Mwana,Sud-Kivu,1,FALSE,0.0071,0.0055,0.009,0.0071,86,84,91,0.0072,0.8212,86,0.0156,NA,NA,NA,NA,NA,NA,0.3731,0.0216,72,0.2896,0.9035,0,0.2992,0,Bayes-M10-med
Maluku 1,Kinshasa,1,FALSE,0.007,0.0055,0.0087,0.007,87,86,89,0.007,0.8048,88,0.0153,NA,NA,NA,NA,NA,NA,0.2321,0.0132,91,0.3475,0.4517,0,0.1293,0,Bayes-M10-med
Kaniola,Sud-Kivu,1,FALSE,0.007,0.0054,0.0089,0.0069,88,85,93,0.007,0.8057,87,0.0153,NA,NA,NA,NA,NA,NA,0.4513,0.0256,62,0.5328,0.9305,0,0.3417,0,Bayes-M10-med
Opienge,Tshopo,1,FALSE,0.0069,0.0055,0.0086,0.0069,89,87,89,0.0069,0.7965,89,0.0152,NA,NA,NA,NA,NA,NA,0.4445,0.0249,65,0.9556,0.0135,0,0.8089,0,Bayes-M10-med
Kingasani,Kinshasa,1,FALSE,0.0068,0.0053,0.0084,0.0067,90,89,91,0.0068,0.7798,90,0.0148,NA,NA,NA,NA,NA,NA,0.0294,0.0016,300,0.0058,0.0405,0,0.0714,0,Bayes-M10-med
Kindu,Maniema,1,FALSE,0.0065,0.0051,0.0081,0.0065,91,91,94,0.0065,0.749,91,0.0143,NA,NA,NA,NA,NA,NA,0.3181,0.0168,77,0.1351,0.2529,0,0.8842,0,Bayes-M10-med
Kasongo,Maniema,1,FALSE,0.0058,0.0045,0.0074,0.0058,93,92,96,0.0059,0.672,92,0.0128,NA,NA,NA,NA,NA,NA,0.5304,0.0251,64,0.4459,0.7529,0,0.9228,0,Bayes-M10-med
Binga,Mongala,1,FALSE,0.0057,0.0043,0.0074,0.0057,93,91,100,0.0057,0.6556,93,0.0125,NA,NA,NA,NA,NA,NA,0.3306,0.0153,81,0.4749,0.249,0,0.5985,0,Bayes-M10-med
Yahuma,Tshopo,1,FALSE,0.0056,0.0039,0.0076,0.0055,94,83,105,0.0056,0.6427,94,0.0122,NA,NA,NA,NA,NA,NA,0.4402,0.0199,74,0.8649,0.332,0,0.5637,0,Bayes-M10-med
Djolu,Tshuapa,1,FALSE,0.0055,0.0039,0.0073,0.0054,95,85,104,0.0055,0.6326,95,0.012,NA,NA,NA,NA,NA,NA,0.5256,0.0234,68,0.7104,0.5985,0,0.7934,0,Bayes-M10-med
Lubumbashi,Haut-Katanga,1,FALSE,0.0054,0.0043,0.0067,0.0054,96,94,97,0.0054,0.6212,97,0.0118,NA,NA,NA,NA,NA,NA,0.1105,0.0048,153,0.1081,0.2104,0,0.1236,0,Bayes-M10-med
Kalemie,Tanganyika,1,FALSE,0.0054,0.0042,0.0068,0.0054,97,93,99,0.0054,0.6219,96,0.0118,NA,NA,NA,NA,NA,NA,0.3789,0.0166,78,0.6718,0.4575,0,0.3861,0,Bayes-M10-med
Yahisuli,Tshopo,1,FALSE,0.0051,0.0036,0.007,0.005,98,87,109,0.0051,0.5905,98,0.0112,NA,NA,NA,NA,NA,NA,0.3521,0.0146,83,0.3842,0.0714,0,0.9527,0,Bayes-M10-med
Kibua,Nord-Kivu,1,FALSE,0.005,0.004,0.0062,0.005,99,96,100,0.005,0.5746,99,0.0109,NA,NA,0.1069,17,NA,NA,0.5154,0.0209,73,0.7741,0.6602,0,0.6274,0,Bayes-M10-med
Makala,Kinshasa,1,FALSE,0.0046,0.0036,0.0057,0.0046,101,99,101,0.0046,0.5276,100,0.0101,NA,NA,NA,NA,NA,NA,0.0246,9e-4,375,0.0116,0.0386,0,0.0483,0,Bayes-M10-med
Kalamu 2,Kinshasa,1,FALSE,0.0045,0.0035,0.0055,0.0044,103,101,103,0.0045,0.5127,103,0.0098,NA,NA,NA,NA,NA,NA,0.015,5e-4,412,0.0039,0.0154,0,0.0405,0,Bayes-M10-med
Nundu,Sud-Kivu,1,FALSE,0.0045,0.0034,0.0057,0.0045,102,98,105,0.0045,0.5179,102,0.0099,NA,NA,NA,NA,NA,NA,0.5927,0.0216,71,0.527,0.8494,0,0.9942,0,Bayes-M10-med
Gemena,Sud-Ubangi,1,FALSE,0.0045,0.0034,0.0058,0.0045,102,96,107,0.0045,0.5195,101,0.0099,NA,NA,NA,NA,NA,NA,0.3277,0.012,98,0.1776,0.2741,0,0.8591,0,Bayes-M10-med
Doruma,Haut-Uele,1,FALSE,0.0044,0.0033,0.0057,0.0044,104,98,108,0.0044,0.5053,104,0.0096,NA,NA,NA,NA,0.0515,6,0.6216,0.0221,69,0.973,0.5135,0,1,0,Bayes-M10-med
Kalonge,Sud-Kivu,1,FALSE,0.0043,0.0033,0.0054,0.0042,105,100,107,0.0043,0.4927,105,0.0094,NA,NA,NA,NA,NA,NA,0.404,0.014,88,0.4961,0.8359,0,0.2838,0,Bayes-M10-med
Opala,Tshopo,1,FALSE,0.0043,0.003,0.0058,0.0042,106,95,121,0.0043,0.49,106,0.0093,NA,NA,NA,NA,NA,NA,0.4269,0.0147,82,0.7819,0.0792,0,0.8465,0,Bayes-M10-med
Kunda,Maniema,1,FALSE,0.0042,0.0032,0.0053,0.0041,107,102,109,0.0042,0.4796,107,0.0091,NA,NA,NA,NA,NA,NA,0.4165,0.0141,86,0.4633,0.2799,0,0.9228,0,Bayes-M10-med
Itebero,Nord-Kivu,1,FALSE,0.004,0.0032,0.0048,0.0039,108,102,110,0.004,0.4547,108,0.0087,NA,NA,0.0846,18,NA,NA,0.5574,0.0179,76,0.9112,0.722,0,0.5965,0,Bayes-M10-med
Lisala,Mongala,1,FALSE,0.0039,0.0031,0.0048,0.0039,109,106,111,0.0039,0.4463,109,0.0085,NA,NA,NA,NA,NA,NA,0.4093,0.0129,96,0.4286,0.4402,0,0.7683,0,Bayes-M10-med
Saramabila,Maniema,1,FALSE,0.0036,0.0028,0.0046,0.0036,110,107,113,0.0036,0.4149,110,0.0079,NA,NA,NA,NA,NA,NA,0.4768,0.014,89,0.473,0.5502,0,0.8842,0,Bayes-M10-med
Kongolo,Tanganyika,1,FALSE,0.0035,0.0027,0.0045,0.0035,111,108,115,0.0035,0.4034,111,0.0077,NA,NA,NA,NA,NA,NA,0.6829,0.0194,75,0.8861,0.9228,0,0.9228,0,Bayes-M10-med
Kabinda,Lomami,1,FALSE,0.0034,0.0026,0.0043,0.0033,113,111,119,0.0034,0.3878,113,0.0074,NA,NA,NA,NA,NA,NA,0.4382,0.012,99,0.5097,0.5541,0,0.6892,0,Bayes-M10-med
Lolo,Mongala,1,FALSE,0.0034,0.0026,0.0043,0.0034,112,104,129,0.0034,0.3907,112,0.0074,NA,NA,NA,NA,NA,NA,0.3161,0.0087,111,0.4073,0.3263,0,0.5309,0,Bayes-M10-med
Kaziba,Sud-Kivu,1,FALSE,0.0034,0.0026,0.0043,0.0033,114,112,118,0.0034,0.3873,114,0.0074,NA,NA,NA,NA,NA,NA,0.3571,0.0098,106,0.2876,0.7838,0,0.3571,0,Bayes-M10-med
Shabunda,Sud-Kivu,1,FALSE,0.0033,0.0025,0.0041,0.0032,115,113,122,0.0033,0.3742,115,0.0071,NA,NA,NA,NA,NA,NA,0.5922,0.0156,80,0.8378,0.8726,0,0.6583,0,Bayes-M10-med
Mumbunda,Haut-Katanga,1,FALSE,0.0032,0.0025,0.004,0.0032,118,117,120,0.0032,0.3657,118,0.007,NA,NA,NA,NA,NA,NA,0.1853,0.0048,157,0.1197,0.5077,0,0.1139,0,Bayes-M10-med
Manika,Lualaba,1,FALSE,0.0032,0.0025,0.004,0.0032,116,115,117,0.0032,0.3727,116,0.0071,NA,NA,NA,NA,NA,NA,0.1149,0.003,216,0.0946,0.222,0,0.1429,0,Bayes-M10-med
Kitutu,Sud-Kivu,1,FALSE,0.0032,0.0024,0.004,0.0032,118,114,123,0.0032,0.3659,117,0.007,NA,NA,NA,NA,NA,NA,0.5024,0.013,95,0.751,0.805,0,0.4537,0,Bayes-M10-med
Kimbi Lulenge,Sud-Kivu,1,FALSE,0.0032,0.0024,0.004,0.0031,119,115,124,0.0032,0.362,119,0.0069,NA,NA,NA,NA,NA,NA,0.5507,0.0141,87,0.8475,0.8687,0,0.4865,0,Bayes-M10-med
Yamaluka,Mongala,1,FALSE,0.003,0.0024,0.0037,0.003,121,120,123,0.003,0.346,120,0.0066,NA,NA,NA,NA,NA,NA,0.1974,0.0048,154,0.2799,0.1448,0,0.3649,0,Bayes-M10-med
Mwenga,Sud-Kivu,1,FALSE,0.003,0.0023,0.0038,0.003,121,119,126,0.003,0.3424,121,0.0065,NA,NA,NA,NA,NA,NA,0.319,0.0077,121,0.5,0.3552,0,0.4208,0,Bayes-M10-med
Bonzola,Kasaï-Oriental,1,FALSE,0.0029,0.0022,0.0037,0.0029,122,120,127,0.003,0.3385,123,0.0065,NA,NA,NA,NA,NA,NA,0.2958,0.0071,126,0.0927,0.7934,0,0.2973,0,Bayes-M10-med
Punia,Maniema,1,FALSE,0.0029,0.0023,0.0036,0.0029,124,112,134,0.0029,0.3363,124,0.0064,NA,NA,NA,NA,NA,NA,0.3731,0.0089,110,0.7625,0.1969,0,0.5328,0,Bayes-M10-med
Kalole,Sud-Kivu,1,FALSE,0.0029,0.0022,0.0037,0.0029,125,121,129,0.0029,0.3338,125,0.0064,NA,NA,NA,NA,NA,NA,0.6038,0.0142,84,0.89,0.7799,0,0.7452,0,Bayes-M10-med
Lingomo,Tshuapa,1,FALSE,0.0029,0.0021,0.0039,0.0029,123,108,149,0.003,0.3387,122,0.0065,NA,NA,NA,NA,NA,NA,0.5627,0.0134,90,0.8263,0.5869,0,0.8378,0,Bayes-M10-med
Kamituga,Sud-Kivu,1,FALSE,0.0028,0.0021,0.0035,0.0028,126,123,133,0.0028,0.3214,126,0.0061,NA,NA,NA,NA,NA,NA,0.3596,0.0082,115,0.3938,0.6062,0,0.4382,0,Bayes-M10-med
Mulungu,Sud-Kivu,1,FALSE,0.0028,0.0021,0.0035,0.0028,127,124,134,0.0028,0.3209,127,0.0061,NA,NA,NA,NA,NA,NA,0.5208,0.0118,100,0.861,0.5193,0,0.7027,0,Bayes-M10-med
Kisenso,Kinshasa,1,FALSE,0.0027,0.0021,0.0034,0.0027,130,128,131,0.0027,0.3097,130,0.0059,NA,NA,NA,NA,NA,NA,0.0589,0.0013,336,0.0367,0.139,0,0.0598,0,Bayes-M10-med
Yambuku,Mongala,1,FALSE,0.0027,0.0021,0.0033,0.0026,132,129,134,0.0027,0.3046,131,0.0058,NA,NA,NA,NA,NA,NA,0.4344,0.0093,108,0.5483,0.5753,0,0.6139,0,Bayes-M10-med
Ndage,Sud-Ubangi,1,FALSE,0.0027,0.002,0.0035,0.0027,128,118,143,0.0027,0.3121,129,0.006,NA,NA,NA,NA,NA,NA,0.3533,0.0078,120,0.3996,0.2761,0,0.7375,0,Bayes-M10-med
Mbulula,Tanganyika,1,FALSE,0.0027,0.0021,0.0035,0.0027,129,125,138,0.0027,0.3138,128,0.006,NA,NA,NA,NA,NA,NA,0.5934,0.0131,92,0.6448,0.7761,0,0.9527,0,Bayes-M10-med
Aketi,Bas-Uele,1,FALSE,0.0026,0.0021,0.0032,0.0026,135,126,144,0.0026,0.2975,135,0.0057,NA,NA,NA,NA,NA,NA,0.6762,0.0142,85,0.9903,0.9363,0,0.778,0,Bayes-M10-med
Kipushi,Haut-Katanga,1,FALSE,0.0026,0.0021,0.0033,0.0026,132,130,135,0.0026,0.3031,132,0.0058,NA,NA,NA,NA,NA,NA,0.1216,0.0026,242,0.2703,0.1081,0,0.1081,0,Bayes-M10-med
Tshamilemba,Haut-Katanga,1,FALSE,0.0026,0.0021,0.0033,0.0026,134,132,138,0.0026,0.3011,134,0.0057,NA,NA,NA,NA,NA,NA,0.0772,0.0016,297,0.0656,0.1255,0,0.1178,0,Bayes-M10-med
Biyela,Kinshasa,1,FALSE,0.0026,0.0021,0.0033,0.0026,133,131,136,0.0026,0.3017,133,0.0058,NA,NA,NA,NA,NA,NA,0.1076,0.0023,255,0.0637,0.2838,0,0.083,0,Bayes-M10-med
Kimbanseke,Kinshasa,1,FALSE,0.0026,0.002,0.0032,0.0025,137,136,139,0.0026,0.2942,137,0.0056,NA,NA,NA,NA,NA,NA,0.0526,0.0011,358,0.0521,0.0849,0,0.0734,0,Bayes-M10-med
Kalima,Maniema,1,FALSE,0.0026,0.002,0.0032,0.0025,138,131,141,0.0026,0.2929,138,0.0056,NA,NA,NA,NA,NA,NA,0.3094,0.0064,132,0.4595,0.3205,0,0.4575,0,Bayes-M10-med
Kabalo,Tanganyika,1,FALSE,0.0026,0.002,0.0033,0.0025,136,127,143,0.0026,0.2953,136,0.0056,NA,NA,NA,NA,NA,NA,0.624,0.013,94,0.9035,0.7568,0,0.8359,0,Bayes-M10-med
Mbandaka,Equateur,1,FALSE,0.0025,0.002,0.0031,0.0025,140,138,141,0.0025,0.2861,139,0.0055,NA,NA,NA,NA,NA,NA,0.5164,0.0104,104,0.6409,0.9633,0,0.4614,0,Bayes-M10-med
Maluku 2,Kinshasa,1,FALSE,0.0025,0.002,0.0031,0.0025,141,139,143,0.0025,0.2852,141,0.0054,NA,NA,NA,NA,NA,NA,0.4184,0.0084,112,0.6834,0.5463,0,0.444,0,Bayes-M10-med
Kampene,Maniema,1,FALSE,0.0025,0.0019,0.0031,0.0024,142,136,145,0.0025,0.2842,143,0.0054,NA,NA,NA,NA,NA,NA,0.3962,0.0079,119,0.5251,0.1757,0,0.8842,0,Bayes-M10-med
Bumba,Mongala,1,FALSE,0.0025,0.002,0.0031,0.0025,141,125,150,0.0025,0.2858,140,0.0055,NA,NA,NA,NA,NA,NA,0.2384,0.0048,155,0.1409,0.4537,0,0.3591,0,Bayes-M10-med
Ikela,Tshuapa,1,FALSE,0.0025,0.0018,0.0032,0.0024,143,114,166,0.0025,0.2843,142,0.0054,NA,NA,NA,NA,NA,NA,0.4633,0.0093,109,0.8147,0.1795,0,0.8591,0,Bayes-M10-med
Bumbu,Kinshasa,1,FALSE,0.0024,0.0019,0.0029,0.0024,144,142,145,0.0024,0.2734,144,0.0052,NA,NA,NA,NA,NA,NA,0.0164,3e-4,435,0.0019,0.029,0,0.0347,0,Bayes-M10-med
Yalimbongo,Tshopo,1,FALSE,0.0024,0.0017,0.0031,0.0023,145,116,167,0.0024,0.2713,145,0.0052,NA,NA,NA,NA,NA,NA,0.3214,0.0062,135,0.5772,0.0483,0,0.6602,0,Bayes-M10-med
Kasansa,Kasaï-Oriental,1,FALSE,0.0023,0.0017,0.0029,0.0023,148,141,149,0.0023,0.2632,148,0.005,NA,NA,NA,NA,NA,NA,0.3349,0.0062,134,0.2568,0.6699,0,0.4131,0,Bayes-M10-med
Ngaba,Kinshasa,1,FALSE,0.0023,0.0018,0.0029,0.0023,146,143,147,0.0023,0.2672,146,0.0051,NA,NA,NA,NA,NA,NA,0.014,3e-4,441,0,0.0058,0,0.0502,0,Bayes-M10-med
Nyunzu,Tanganyika,1,FALSE,0.0023,0.0018,0.0029,0.0023,147,140,148,0.0023,0.2664,147,0.0051,NA,NA,NA,NA,NA,NA,0.6023,0.0113,101,0.9653,0.834,0,0.61,0,Bayes-M10-med
Ango,Bas-Uele,1,FALSE,0.0022,0.0017,0.0028,0.0022,150,146,153,0.0022,0.2517,150,0.0048,NA,NA,NA,NA,NA,NA,0.7095,0.0126,97,1,0.8591,0,0.9788,0,Bayes-M10-med
Kananga,Kasaï-Central,1,FALSE,0.0022,0.0017,0.0028,0.0022,149,145,150,0.0022,0.2537,149,0.0048,NA,NA,NA,NA,NA,NA,0.2963,0.0053,145,0.1429,0.5579,0,0.4846,0,Bayes-M10-med
Mulumba,Lomami,1,FALSE,0.0022,0.0017,0.0027,0.0021,151,146,153,0.0022,0.2488,151,0.0047,NA,NA,NA,NA,NA,NA,0.2587,0.0045,165,0.1834,0.3108,0,0.5405,0,Bayes-M10-med
Lodja,Sankuru,1,FALSE,0.0022,0.0017,0.0027,0.0021,152,148,152,0.0022,0.2469,152,0.0047,NA,NA,NA,NA,NA,NA,0.4626,0.0081,116,0.2625,0.6351,0,0.9527,0,Bayes-M10-med
Nzaba,Kasaï-Oriental,1,FALSE,0.0021,0.0016,0.0027,0.0021,154,152,155,0.0021,0.2404,154,0.0046,NA,NA,NA,NA,NA,NA,0.278,0.0047,158,0.1042,0.6931,0,0.3147,0,Bayes-M10-med
Lusangi,Maniema,1,FALSE,0.0021,0.0016,0.0027,0.0021,155,153,156,0.0021,0.2401,155,0.0046,NA,NA,NA,NA,NA,NA,0.4223,0.0072,125,0.5656,0.2645,0,0.8591,0,Bayes-M10-med
Obokote,Maniema,1,FALSE,0.0021,0.0016,0.0026,0.002,157,132,170,0.0021,0.2358,156,0.0045,NA,NA,NA,NA,NA,NA,0.3209,0.0053,143,0.7239,0.0328,0,0.527,0,Bayes-M10-med
Lulingu,Sud-Kivu,1,FALSE,0.0021,0.0016,0.0027,0.0021,153,151,154,0.0021,0.2409,153,0.0046,NA,NA,NA,NA,NA,NA,0.6158,0.0105,103,0.9093,0.8108,0,0.7432,0,Bayes-M10-med
Manono,Tanganyika,1,FALSE,0.0021,0.0016,0.0026,0.002,156,154,158,0.0021,0.2356,157,0.0045,NA,NA,NA,NA,NA,NA,0.5758,0.0096,107,0.8784,0.9537,0,0.471,0,Bayes-M10-med
Tshilenge,Kasaï-Oriental,1,FALSE,0.002,0.0015,0.0025,0.002,158,155,159,0.002,0.2305,158,0.0044,NA,NA,NA,NA,NA,NA,0.2799,0.0046,163,0.1892,0.668,0,0.2625,0,Bayes-M10-med
Kailo,Maniema,1,FALSE,0.002,0.0015,0.0025,0.002,159,158,160,0.002,0.2263,159,0.0043,NA,NA,NA,NA,NA,NA,0.4276,0.0068,129,0.832,0.0946,0,0.7838,0,Bayes-M10-med
Samba,Maniema,1,FALSE,0.002,0.0015,0.0025,0.0019,160,156,162,0.002,0.2251,160,0.0043,NA,NA,NA,NA,NA,NA,0.5179,0.0082,114,0.7529,0.4344,0,0.8842,0,Bayes-M10-med
Haut Plateau,Sud-Kivu,1,FALSE,0.002,0.0015,0.0025,0.0019,161,156,162,0.002,0.2249,161,0.0043,NA,NA,NA,NA,NA,NA,0.5246,0.0083,113,0.5714,0.5444,0,0.9826,0,Bayes-M10-med
Bondo,Bas-Uele,1,FALSE,0.0019,0.0015,0.0024,0.0019,162,159,164,0.0019,0.2207,162,0.0042,NA,NA,NA,NA,NA,NA,0.6737,0.0105,102,0.9961,0.9981,0,0.7008,0,Bayes-M10-med
Minembwe,Sud-Kivu,1,FALSE,0.0019,0.0014,0.0024,0.0019,163,159,165,0.0019,0.2172,163,0.0041,NA,NA,NA,NA,NA,NA,0.5198,0.008,117,0.7181,0.8089,0,0.5521,0,Bayes-M10-med
Moba,Tanganyika,1,FALSE,0.0019,0.0014,0.0024,0.0019,164,160,166,0.0019,0.2169,164,0.0041,NA,NA,NA,NA,NA,NA,0.3808,0.0058,138,0.6178,0.4942,0,0.4112,0,Bayes-M10-med
Kabongo,Haut-Lomami,1,FALSE,0.0018,0.0014,0.0023,0.0018,166,164,168,0.0018,0.2097,166,0.004,NA,NA,NA,NA,NA,NA,0.5372,0.008,118,0.8108,0.778,0,0.5598,0,Bayes-M10-med
Luputa,Lomami,1,FALSE,0.0018,0.0014,0.0023,0.0018,165,162,167,0.0018,0.2101,165,0.004,NA,NA,NA,NA,NA,NA,0.3431,0.0051,148,0.3301,0.3166,0,0.7259,0,Bayes-M10-med
Mweneditu,Lomami,1,FALSE,0.0018,0.0014,0.0023,0.0018,167,163,169,0.0018,0.2097,167,0.004,NA,NA,NA,NA,NA,NA,0.2799,0.0041,179,0.166,0.3842,0,0.5695,0,Bayes-M10-med
Lubao,Lomami,1,FALSE,0.0017,0.0013,0.0021,0.0017,169,167,172,0.0017,0.1917,169,0.0037,NA,NA,NA,NA,NA,NA,0.3982,0.0054,142,0.6486,0.1525,0,0.7915,0,Bayes-M10-med
Tandala,Sud-Ubangi,1,FALSE,0.0017,0.0013,0.0021,0.0017,169,165,173,0.0017,0.1933,168,0.0037,NA,NA,NA,NA,NA,NA,0.4078,0.0056,140,0.2741,0.527,0,0.8301,0,Bayes-M10-med
Kabeya Kamwanga,Kasaï-Oriental,1,FALSE,0.0016,0.0012,0.0021,0.0016,170,168,173,0.0016,0.1858,170,0.0035,NA,NA,NA,NA,NA,NA,0.2968,0.0039,186,0.3224,0.3919,0,0.473,0,Bayes-M10-med
Ferekeni,Maniema,1,FALSE,0.0016,0.0012,0.002,0.0016,171,157,191,0.0016,0.1806,171,0.0034,NA,NA,NA,NA,NA,NA,0.3504,0.0045,167,0.7722,0.0425,0,0.5869,0,Bayes-M10-med
Kamina,Haut-Lomami,1,FALSE,0.0015,0.0012,0.002,0.0015,172,170,175,0.0015,0.1776,172,0.0034,NA,NA,NA,NA,NA,NA,0.5164,0.0065,131,0.8301,0.8301,0,0.4054,0,Bayes-M10-med
Kitenge,Haut-Lomami,1,FALSE,0.0015,0.0011,0.0019,0.0015,175,174,178,0.0015,0.171,175,0.0033,NA,NA,NA,NA,NA,NA,0.5729,0.0069,128,0.8668,0.8069,0,0.6178,0,Bayes-M10-med
Diulu,Kasaï-Oriental,1,FALSE,0.0015,0.0012,0.002,0.0015,173,171,176,0.0015,0.1772,173,0.0034,NA,NA,NA,NA,NA,NA,0.2611,0.0033,206,0.0676,0.6448,0,0.332,0,Bayes-M10-med
Lukelenge,Kasaï-Oriental,1,FALSE,0.0015,0.0011,0.0019,0.0015,174,173,177,0.0015,0.1716,174,0.0033,NA,NA,NA,NA,NA,NA,0.2249,0.0027,234,0.0811,0.5,0,0.3185,0,Bayes-M10-med
Kabambare,Maniema,1,FALSE,0.0015,0.0011,0.0019,0.0014,177,175,181,0.0015,0.1675,178,0.0032,NA,NA,NA,NA,NA,NA,0.3953,0.0047,159,0.8359,0.112,0,0.6332,0,Bayes-M10-med
Yamongili,Mongala,1,FALSE,0.0015,0.0012,0.0018,0.0015,178,170,192,0.0015,0.1676,177,0.0032,NA,NA,NA,NA,NA,NA,0.3243,0.0038,187,0.5116,0.3668,0,0.4189,0,Bayes-M10-med
Lowa,Tshopo,1,FALSE,0.0015,0.0012,0.0018,0.0015,176,164,195,0.0015,0.1708,176,0.0033,NA,NA,NA,NA,NA,NA,0.4073,0.0049,150,0.8938,0.0598,0,0.6757,0,Bayes-M10-med
Malemba Nkulu,Haut-Lomami,1,FALSE,0.0014,0.0011,0.0018,0.0014,181,178,184,0.0014,0.161,181,0.0031,NA,NA,NA,NA,NA,NA,0.3895,0.0044,169,0.36870000000000003,0.7664,0,0.4228,0,Bayes-M10-med
Kaniama,Haut-Lomami,1,FALSE,0.0014,0.0011,0.0018,0.0014,180,177,183,0.0014,0.1613,180,0.0031,NA,NA,NA,NA,NA,NA,0.582,0.0066,130,0.8533,0.6622,0,0.8127,0,Bayes-M10-med
Citenge,Kasaï-Oriental,1,FALSE,0.0014,0.0011,0.0018,0.0014,183,179,185,0.0014,0.1598,183,0.0031,NA,NA,NA,NA,NA,NA,0.2321,0.0026,240,0.1583,0.4749,0,0.2954,0,Bayes-M10-med
Ngandajika,Lomami,1,FALSE,0.0014,0.0011,0.0018,0.0014,179,176,182,0.0014,0.1616,179,0.0031,NA,NA,NA,NA,NA,NA,0.3465,0.004,184,0.2124,0.4459,0,0.7278,0,Bayes-M10-med
Tshofa,Lomami,1,FALSE,0.0014,0.001,0.0017,0.0014,184,180,186,0.0014,0.1579,184,0.003,NA,NA,NA,NA,NA,NA,0.4416,0.0049,149,0.6757,0.3514,0,0.7394,0,Bayes-M10-med
Boende,Tshuapa,1,FALSE,0.0014,0.0011,0.0017,0.0013,185,179,187,0.0014,0.1557,185,0.003,NA,NA,NA,NA,NA,NA,0.4199,0.0046,161,0.6988,0.4807,0,0.5,0,Bayes-M10-med
Mondombe,Tshuapa,1,FALSE,0.0014,0.0011,0.0017,0.0014,182,171,196,0.0014,0.1604,182,0.0031,NA,NA,NA,NA,NA,NA,0.4797,0.0054,141,0.6622,0.3726,0,0.8842,0,Bayes-M10-med
Kamwesha,Kasaï,1,FALSE,0.0013,0.001,0.0016,0.0013,192,189,196,0.0013,0.1461,192,0.0028,NA,NA,NA,NA,NA,NA,0.2732,0.0028,229,0.3456,0.2876,0,0.4595,0,Bayes-M10-med
Tshikapa,Kasaï,1,FALSE,0.0013,0.001,0.0016,0.0012,195,193,198,0.0013,0.1444,195,0.0028,NA,NA,NA,NA,NA,NA,0.3156,0.0032,210,0.2722,0.6506,0,0.3398,0,Bayes-M10-med
Demba,Kasaï-Central,1,FALSE,0.0013,0.001,0.0017,0.0013,186,181,188,0.0013,0.1547,186,0.003,NA,NA,NA,NA,NA,NA,0.4117,0.0045,166,0.4653,0.7143,0,0.4672,0,Bayes-M10-med
Mikalayi,Kasaï-Central,1,FALSE,0.0013,0.001,0.0017,0.0013,189,184,192,0.0013,0.1506,189,0.0029,NA,NA,NA,NA,NA,NA,0.3948,0.0042,177,0.4517,0.5811,0,0.5463,0,Bayes-M10-med
Bibanga,Kasaï-Oriental,1,FALSE,0.0013,0.001,0.0017,0.0013,191,185,193,0.0013,0.1498,191,0.0029,NA,NA,NA,NA,NA,NA,0.2978,0.0031,212,0.3127,0.4884,0,0.39,0,Bayes-M10-med
Cilundu,Kasaï-Oriental,1,FALSE,0.0013,0.001,0.0017,0.0013,188,182,189,0.0013,0.1543,188,0.0029,NA,NA,NA,NA,NA,NA,0.221,0.0024,250,0.2317,0.3089,0,0.3436,0,Bayes-M10-med
Idiofa,Kwilu,1,FALSE,0.0013,0.001,0.0017,0.0013,186,183,187,0.0013,0.1547,187,0.003,NA,NA,NA,NA,NA,NA,0.486,0.0053,144,0.4537,0.749,0,0.7413,0,Bayes-M10-med
Ludimbi Lukula,Lomami,1,FALSE,0.0013,0.001,0.0016,0.0013,193,188,197,0.0013,0.1459,193,0.0028,NA,NA,NA,NA,NA,NA,0.4513,0.0046,160,0.6931,0.3475,0,0.7645,0,Bayes-M10-med
Kibombo,Maniema,1,FALSE,0.0013,0.001,0.0017,0.0013,190,186,190,0.0013,0.1503,190,0.0029,NA,NA,NA,NA,NA,NA,0.4614,0.0049,151,0.7452,0.1776,0,0.9228,0,Bayes-M10-med
Kansimba,Tanganyika,1,FALSE,0.0013,0.001,0.0016,0.0013,194,190,199,0.0013,0.1454,194,0.0028,NA,NA,NA,NA,NA,NA,0.5497,0.0056,139,0.9479,0.7741,0,0.4768,0,Bayes-M10-med
Likati,Bas-Uele,1,FALSE,0.0012,0.001,0.0015,0.0012,197,193,205,0.0012,0.14,197,0.0027,NA,NA,NA,NA,NA,NA,0.7124,0.007,127,0.9942,0.971,0,0.8842,0,Bayes-M10-med
Dibindi,Kasaï-Oriental,1,FALSE,0.0012,9e-4,0.0015,0.0011,204,201,207,0.0012,0.1321,204,0.0025,NA,NA,NA,NA,NA,NA,0.1617,0.0015,314,0.0386,0.2954,0,0.3127,0,Bayes-M10-med
Lubilanji,Kasaï-Oriental,1,FALSE,0.0012,9e-4,0.0015,0.0012,198,197,202,0.0012,0.1368,198,0.0026,NA,NA,NA,NA,NA,NA,0.1694,0.0016,298,0.0347,0.3398,0,0.3031,0,Bayes-M10-med
Kamana,Lomami,1,FALSE,0.0012,9e-4,0.0015,0.0011,203,200,205,0.0012,0.1328,201,0.0025,NA,NA,NA,NA,NA,NA,0.2944,0.0028,233,0.5309,0.0174,0,0.6293,0,Bayes-M10-med
Kanda Kanda,Lomami,1,FALSE,0.0012,9e-4,0.0016,0.0012,196,194,200,0.0012,0.142,196,0.0027,NA,NA,NA,NA,NA,NA,0.3012,0.003,217,0.3185,0.1737,0,0.7124,0,Bayes-M10-med
Karawa,Nord-Ubangi,1,FALSE,0.0012,9e-4,0.0014,0.0011,202,200,209,0.0012,0.1325,203,0.0025,NA,NA,NA,NA,NA,NA,0.6404,0.006,137,0.7568,0.973,0,0.832,0,Bayes-M10-med
Itombwe,Sud-Kivu,1,FALSE,0.0012,9e-4,0.0015,0.0012,199,199,203,0.0012,0.1342,200,0.0026,NA,NA,NA,NA,NA,NA,0.5121,0.0049,152,0.8571,0.6737,0,0.5174,0,Bayes-M10-med
Bwamanda,Sud-Ubangi,1,FALSE,0.0012,9e-4,0.0014,0.0011,201,198,211,0.0012,0.1327,202,0.0025,NA,NA,NA,NA,NA,NA,0.4667,0.0044,173,0.4189,0.7394,0,0.7085,0,Bayes-M10-med
Yalifafu,Tshuapa,1,FALSE,0.0012,9e-4,0.0014,0.0012,200,180,224,0.0012,0.1344,199,0.0026,NA,NA,NA,NA,NA,NA,0.4797,0.0046,164,0.7664,0.2683,0,0.8842,0,Bayes-M10-med
Bili (Bas-Uele),Bas-Uele,1,FALSE,0.0011,8e-4,0.0014,0.0011,216,210,223,0.0011,0.1236,216,0.0024,NA,NA,NA,NA,NA,NA,0.6926,0.006,136,0.9981,0.7992,0,0.973,0,Bayes-M10-med
Luebo,Kasaï,1,FALSE,0.0011,9e-4,0.0014,0.0011,205,203,208,0.0011,0.1312,205,0.0025,NA,NA,NA,NA,NA,NA,0.4353,0.004,182,0.5232,0.5116,0,0.7066,0,Bayes-M10-med
Mweka,Kasaï,1,FALSE,0.0011,8e-4,0.0014,0.0011,219,216,219,0.0011,0.123,219,0.0023,NA,NA,NA,NA,NA,NA,0.5053,0.0044,171,0.4788,0.7239,0,0.8185,0,Bayes-M10-med
Bena Leka,Kasaï-Central,1,FALSE,0.0011,8e-4,0.0013,0.001,222,219,223,0.0011,0.121,222,0.0023,NA,NA,NA,NA,NA,NA,0.4986,0.0043,175,0.6062,0.7162,0,0.6718,0,Bayes-M10-med
Luiza,Kasaï-Central,1,FALSE,0.0011,8e-4,0.0014,0.0011,220,214,220,0.0011,0.1228,220,0.0023,NA,NA,NA,NA,NA,NA,0.4218,0.0037,191,0.4807,0.6293,0,0.5772,0,Bayes-M10-med
Bipemba,Kasaï-Oriental,1,FALSE,0.0011,8e-4,0.0014,0.0011,209,207,213,0.0011,0.127,209,0.0024,NA,NA,NA,NA,NA,NA,0.1544,0.0014,325,0.0618,0.2201,0,0.3359,0,Bayes-M10-med
Kansele,Kasaï-Oriental,1,FALSE,0.0011,8e-4,0.0014,0.0011,214,210,216,0.0011,0.1245,214,0.0024,NA,NA,NA,NA,NA,NA,0.2437,0.0021,264,0.0541,0.5965,0,0.3243,0,Bayes-M10-med
Miabi,Kasaï-Oriental,1,FALSE,0.0011,8e-4,0.0014,0.0011,210,208,214,0.0011,0.1267,210,0.0024,NA,NA,NA,NA,NA,NA,0.2838,0.0025,244,0.2297,0.6525,0,0.2529,0,Bayes-M10-med
Mpokolo,Kasaï-Oriental,1,FALSE,0.0011,8e-4,0.0014,0.0011,217,213,219,0.0011,0.1236,217,0.0024,NA,NA,NA,NA,NA,NA,0.2901,0.0025,245,0.1255,0.6873,0,0.3475,0,Bayes-M10-med
Muya,Kasaï-Oriental,1,FALSE,0.0011,9e-4,0.0014,0.0011,206,202,209,0.0011,0.1311,206,0.0025,NA,NA,NA,NA,NA,NA,0.2495,0.0023,254,0.0753,0.5888,0,0.334,0,Bayes-M10-med
Tshishimbi,Kasaï-Oriental,1,FALSE,0.0011,8e-4,0.0014,0.0011,215,212,218,0.0011,0.1239,215,0.0024,NA,NA,NA,NA,NA,NA,0.1742,0.0015,312,0.1795,0.2471,0,0.2703,0,Bayes-M10-med
Kalambayi Kabanga,Lomami,1,FALSE,0.0011,8e-4,0.0014,0.0011,221,214,221,0.0011,0.1227,221,0.0023,NA,NA,NA,NA,NA,NA,0.3132,0.0027,235,0.4556,0.1602,0,0.6371,0,Bayes-M10-med
Kalenda,Lomami,1,FALSE,0.0011,9e-4,0.0014,0.0011,208,204,211,0.0011,0.1295,208,0.0025,NA,NA,NA,NA,NA,NA,0.2886,0.0026,238,0.388,0.1873,0,0.5792,0,Bayes-M10-med
Alunguli,Maniema,1,FALSE,0.0011,9e-4,0.0014,0.0011,212,210,217,0.0011,0.1255,212,0.0024,NA,NA,NA,NA,NA,NA,0.3132,0.0028,231,0.1737,0.195,0,0.8842,0,Bayes-M10-med
Bosondjo,Mongala,1,FALSE,0.0011,8e-4,0.0013,0.001,223,193,237,0.0011,0.1207,223,0.0023,NA,NA,NA,NA,NA,NA,0.3489,0.003,218,0.5618,0.1931,0,0.6409,0,Bayes-M10-med
Katako Kombe,Sankuru,1,FALSE,0.0011,9e-4,0.0014,0.0011,206,204,207,0.0011,0.1309,207,0.0025,NA,NA,NA,NA,NA,NA,0.4703,0.0043,174,0.7857,0.1313,0,0.9643,0,Bayes-M10-med
Vanga Kete,Sankuru,1,FALSE,0.0011,8e-4,0.0014,0.0011,218,215,219,0.0011,0.1234,218,0.0024,NA,NA,NA,NA,NA,NA,0.4503,0.0039,185,0.4672,0.4112,0,0.9228,0,Bayes-M10-med
Bogosenubea,Sud-Ubangi,1,FALSE,0.0011,8e-4,0.0014,0.0011,211,203,224,0.0011,0.1248,213,0.0024,NA,NA,NA,NA,NA,NA,0.4107,0.0036,192,0.4981,0.3031,0,0.8417,0,Bayes-M10-med
Bokungu,Tshuapa,1,FALSE,0.0011,9e-4,0.0013,0.0011,213,195,228,0.0011,0.1256,211,0.0024,NA,NA,NA,NA,NA,NA,0.49370000000000003,0.0044,172,0.695,0.3571,0,0.9228,0,Bayes-M10-med
Bukama,Haut-Lomami,1,FALSE,0.001,8e-4,0.0012,0.001,228,226,229,0.001,0.1128,228,0.0022,NA,NA,NA,NA,NA,NA,0.4764,0.0038,189,0.7143,0.7625,0,0.4286,0,Bayes-M10-med
Mulongo,Haut-Lomami,1,FALSE,0.001,7e-4,0.0012,0.001,229,225,231,0.001,0.1128,229,0.0022,NA,NA,NA,NA,NA,NA,0.4773,0.0038,188,0.7471,0.7703,0,0.3919,0,Bayes-M10-med
Masuika,Kasaï-Central,1,FALSE,0.001,8e-4,0.0013,0.001,224,221,225,0.001,0.1189,225,0.0023,NA,NA,NA,NA,NA,NA,0.3885,0.0033,207,0.3263,0.5618,0,0.666,0,Bayes-M10-med
Lusanga,Kwilu,1,FALSE,0.001,7e-4,0.0012,0.001,230,229,231,0.001,0.112,230,0.0021,NA,NA,NA,NA,NA,NA,0.4242,0.0034,203,0.4382,0.7297,0,0.529,0,Bayes-M10-med
Fungurume,Lualaba,1,FALSE,0.001,7e-4,0.0012,0.001,232,230,233,0.001,0.1104,232,0.0021,NA,NA,NA,NA,NA,NA,0.1564,0.0012,341,0.2664,0.1622,0,0.1969,0,Bayes-M10-med
Omendjadi,Sankuru,1,FALSE,0.001,8e-4,0.0013,0.001,227,226,227,0.001,0.1146,227,0.0022,NA,NA,NA,NA,NA,NA,0.4262,0.0034,197,0.5502,0.2317,0,0.9228,0,Bayes-M10-med
Dikungu,Sankuru,1,FALSE,0.001,7e-4,0.0012,0.001,231,231,232,0.001,0.1104,231,0.0021,NA,NA,NA,NA,NA,NA,0.3779,0.0029,220,0.4865,0.1409,0,0.8842,0,Bayes-M10-med
Minga,Sankuru,1,FALSE,0.001,7e-4,0.0012,0.001,233,232,234,0.001,0.1102,233,0.0021,NA,NA,NA,NA,NA,NA,0.5347,0.0042,178,0.7838,0.471,0,0.8842,0,Bayes-M10-med
Tshumbe,Sankuru,1,FALSE,0.001,8e-4,0.0013,0.001,226,223,228,0.001,0.1172,226,0.0022,NA,NA,NA,NA,NA,NA,0.3907,0.0032,209,0.5444,0.1718,0,0.8465,0,Bayes-M10-med
Kiambi,Tanganyika,1,FALSE,0.001,8e-4,0.0013,0.001,224,220,226,0.001,0.1191,224,0.0023,NA,NA,NA,NA,NA,NA,0.5709,0.0048,156,0.9807,0.6834,0,0.6197,0,Bayes-M10-med
Kalonda Ouest,Kasaï,1,FALSE,9e-4,7e-4,0.0011,9e-4,244,242,247,9e-4,0.0998,244,0.0019,NA,NA,NA,NA,NA,NA,0.2239,0.0016,302,0.2915,0.251,0,0.3533,0,Bayes-M10-med
Dibaya,Kasaï-Central,1,FALSE,9e-4,7e-4,0.0011,9e-4,237,236,241,9e-4,0.104,237,0.002,NA,NA,NA,NA,NA,NA,0.3325,0.0024,248,0.3147,0.4479,0,0.5676,0,Bayes-M10-med
Tshikaji,Kasaï-Central,1,FALSE,9e-4,7e-4,0.0012,9e-4,235,234,238,9e-4,0.1049,235,0.002,NA,NA,NA,NA,NA,NA,0.3195,0.0024,252,0.1873,0.5849,0,0.5058,0,Bayes-M10-med
Mukumbi,Kasaï-Oriental,1,FALSE,9e-4,7e-4,0.0012,9e-4,236,235,240,9e-4,0.1042,236,0.002,NA,NA,NA,NA,NA,NA,0.2249,0.0017,294,0.2413,0.1892,0,0.4691,0,Bayes-M10-med
Vanga,Kwilu,1,FALSE,9e-4,7e-4,0.0011,9e-4,242,241,244,9e-4,0.1003,242,0.0019,NA,NA,NA,NA,NA,NA,0.5034,0.0036,194,0.3726,0.8205,0,0.8205,0,Bayes-M10-med
Bulungu,Kwilu,1,FALSE,9e-4,7e-4,0.0011,9e-4,239,239,242,9e-4,0.102,239,0.0019,NA,NA,NA,NA,NA,NA,0.4508,0.0032,208,0.3571,0.6795,0,0.7664,0,Bayes-M10-med
Mukedi,Kwilu,1,FALSE,9e-4,7e-4,0.0011,9e-4,241,240,243,9e-4,0.1009,241,0.0019,NA,NA,NA,NA,NA,NA,0.4836,0.0034,198,0.5367,0.7066,0,0.6911,0,Bayes-M10-med
Kalonda Est,Lomami,1,FALSE,9e-4,6e-4,0.0011,8e-4,247,245,248,9e-4,0.0977,247,0.0019,NA,NA,NA,NA,NA,NA,0.3292,0.0023,258,0.5425,0.1506,0,0.6236,0,Bayes-M10-med
Dilala,Lualaba,1,FALSE,9e-4,7e-4,0.0011,9e-4,243,242,245,9e-4,0.0999,243,0.0019,NA,NA,NA,NA,NA,NA,0.1347,9e-4,370,0.1506,0.2548,0,0.1332,0,Bayes-M10-med
Pangi,Maniema,1,FALSE,9e-4,7e-4,0.0011,9e-4,245,244,246,9e-4,0.099,245,0.0019,NA,NA,NA,NA,NA,NA,0.3316,0.0023,253,0.6081,0.056,0,0.6622,0,Bayes-M10-med
Pimu,Mongala,1,FALSE,9e-4,7e-4,0.0011,8e-4,246,235,257,9e-4,0.098,246,0.0019,NA,NA,NA,NA,NA,NA,0.4257,0.0029,221,0.583,0.3707,0,0.749,0,Bayes-M10-med
Ototo,Sankuru,1,FALSE,9e-4,7e-4,0.0011,9e-4,238,237,239,9e-4,0.103,238,0.002,NA,NA,NA,NA,NA,NA,0.4561,0.0033,205,0.5386,0.3629,0,0.9228,0,Bayes-M10-med
Mompono,Tshuapa,1,FALSE,9e-4,7e-4,0.0011,9e-4,240,215,261,9e-4,0.1016,240,0.0019,NA,NA,NA,NA,NA,NA,0.5598,0.004,183,0.8089,0.6042,0,0.8263,0,Bayes-M10-med
Ankoro,Tanganyika,1,FALSE,9e-4,7e-4,0.0012,9e-4,234,233,236,9e-4,0.1068,234,0.002,NA,NA,NA,NA,NA,NA,0.6047,0.0046,162,0.9266,0.8282,0,0.6641,0,Bayes-M10-med
Kabondo Dianda,Haut-Lomami,1,FALSE,8e-4,6e-4,0.001,8e-4,257,254,259,8e-4,0.0918,257,0.0018,NA,NA,NA,NA,NA,NA,0.4107,0.0027,237,0.5888,0.5714,0,0.4826,0,Bayes-M10-med
Mukanga,Haut-Lomami,1,FALSE,8e-4,6e-4,0.001,8e-4,255,253,258,8e-4,0.0921,255,0.0018,NA,NA,NA,NA,NA,NA,0.4739,0.0031,214,0.6853,0.6911,0,0.5193,0,Bayes-M10-med
Katende,Kasaï-Central,1,FALSE,8e-4,6e-4,0.001,8e-4,251,249,254,8e-4,0.0938,251,0.0018,NA,NA,NA,NA,NA,NA,0.5154,0.0034,200,0.6525,0.6486,0,0.7606,0,Bayes-M10-med
Lukonga,Kasaï-Central,1,FALSE,8e-4,6e-4,0.001,8e-4,258,256,260,8e-4,0.0917,258,0.0017,NA,NA,NA,NA,NA,NA,0.3282,0.0021,265,0.2239,0.6429,0,0.4459,0,Bayes-M10-med
Ndekesha,Kasaï-Central,1,FALSE,8e-4,6e-4,0.0011,8e-4,248,246,249,8e-4,0.0966,248,0.0018,NA,NA,NA,NA,NA,NA,0.4059,0.0028,232,0.4768,0.4498,0,0.6969,0,Bayes-M10-med
Luambo,Kasaï-Central,1,FALSE,8e-4,6e-4,0.001,8e-4,253,250,255,8e-4,0.0934,253,0.0018,NA,NA,NA,NA,NA,NA,0.3769,0.0025,246,0.5347,0.5656,0,0.4073,0,Bayes-M10-med
Kenge,Kwango,1,FALSE,8e-4,6e-4,0.001,8e-4,249,248,250,8e-4,0.0945,249,0.0018,NA,NA,NA,NA,NA,NA,0.5574,0.0037,190,0.6139,0.8127,0,0.8031,0,Bayes-M10-med
Gungu,Kwilu,1,FALSE,8e-4,6e-4,0.001,8e-4,250,247,251,8e-4,0.0944,250,0.0018,NA,NA,NA,NA,NA,NA,0.4237,0.0028,228,0.5058,0.6969,0,0.4923,0,Bayes-M10-med
Kikwit Nord,Kwilu,1,FALSE,8e-4,6e-4,0.001,8e-4,252,251,253,8e-4,0.0935,252,0.0018,NA,NA,NA,NA,NA,NA,0.2915,0.0019,278,0.1236,0.5405,0,0.5019,0,Bayes-M10-med
Koshibanda,Kwilu,1,FALSE,8e-4,6e-4,0.001,8e-4,256,255,257,8e-4,0.092,256,0.0018,NA,NA,NA,NA,NA,NA,0.4913,0.0032,211,0.5193,0.6757,0,0.7703,0,Bayes-M10-med
Makota,Lomami,1,FALSE,8e-4,6e-4,0.001,7e-4,263,260,264,8e-4,0.0864,263,0.0016,NA,NA,NA,NA,NA,NA,0.2587,0.0016,303,0.1023,0.3764,0,0.556,0,Bayes-M10-med
Tunda,Maniema,1,FALSE,8e-4,6e-4,0.001,8e-4,261,259,262,8e-4,0.0875,260,0.0017,NA,NA,NA,NA,NA,NA,0.459,0.0028,227,0.8977,0.0541,0,0.8842,0,Bayes-M10-med
Yakoma,Nord-Ubangi,1,FALSE,8e-4,6e-4,9e-4,7e-4,262,260,263,8e-4,0.0866,262,0.0017,NA,NA,NA,NA,NA,NA,0.6641,0.0041,181,0.7124,0.9479,0,0.9961,0,Bayes-M10-med
Lomela,Sankuru,1,FALSE,8e-4,6e-4,0.001,8e-4,259,239,264,8e-4,0.0914,259,0.0017,NA,NA,NA,NA,NA,NA,0.4759,0.0031,215,0.8456,0.1351,0,0.9228,0,Bayes-M10-med
Wembo Nyama,Sankuru,1,FALSE,8e-4,6e-4,0.001,8e-4,254,252,256,8e-4,0.0931,254,0.0018,NA,NA,NA,NA,NA,NA,0.4097,0.0027,236,0.5019,0.2143,0,0.9228,0,Bayes-M10-med
Kungu,Sud-Ubangi,1,FALSE,8e-4,6e-4,0.001,8e-4,260,258,266,8e-4,0.0873,261,0.0017,NA,NA,NA,NA,NA,NA,0.3711,0.0023,256,0.3745,0.3359,0,0.7741,0,Bayes-M10-med
Monga,Bas-Uele,1,FALSE,7e-4,5e-4,9e-4,7e-4,268,267,270,7e-4,0.0797,268,0.0015,NA,NA,NA,NA,NA,NA,0.7336,0.0041,180,0.9826,0.9672,0,0.9846,0,Bayes-M10-med
Kampemba,Haut-Katanga,1,FALSE,7e-4,5e-4,9e-4,7e-4,267,266,268,7e-4,0.081,267,0.0015,NA,NA,NA,NA,NA,NA,0.0531,3e-4,437,0.0598,0.0367,0,0.1158,0,Bayes-M10-med
Kilwa,Haut-Katanga,1,FALSE,7e-4,5e-4,8e-4,7e-4,273,270,274,7e-4,0.0764,273,0.0015,NA,NA,NA,NA,NA,NA,0.3764,0.002,270,0.749,0.39,0,0.3668,0,Bayes-M10-med
Sakania,Haut-Katanga,1,FALSE,7e-4,5e-4,8e-4,7e-4,275,271,276,7e-4,0.0759,275,0.0014,NA,NA,NA,NA,NA,NA,0.2775,0.0015,318,0.7375,0.2355,0,0.1371,0,Bayes-M10-med
Ilebo,Kasaï,1,FALSE,7e-4,5e-4,9e-4,7e-4,269,267,270,7e-4,0.0797,269,0.0015,NA,NA,NA,NA,NA,NA,0.3142,0.0018,284,0.2162,0.6139,0,0.4266,0,Bayes-M10-med
Kanzala,Kasaï,1,FALSE,7e-4,6e-4,9e-4,7e-4,264,261,265,7e-4,0.0858,264,0.0016,NA,NA,NA,NA,NA,NA,0.2046,0.0012,339,0.168,0.3127,0,0.3378,0,Bayes-M10-med
Tshibala,Kasaï-Central,1,FALSE,7e-4,5e-4,9e-4,7e-4,270,268,271,7e-4,0.0795,270,0.0015,NA,NA,NA,NA,NA,NA,0.4218,0.0024,251,0.4266,0.5772,0,0.6834,0,Bayes-M10-med
Yangala,Kasaï-Central,1,FALSE,7e-4,5e-4,9e-4,7e-4,265,264,266,7e-4,0.0826,265,0.0016,NA,NA,NA,NA,NA,NA,0.348,0.002,271,0.5927,0.2259,0,0.5734,0,Bayes-M10-med
Ipamu,Kwilu,1,FALSE,7e-4,5e-4,8e-4,7e-4,276,272,276,7e-4,0.0757,276,0.0014,NA,NA,NA,NA,NA,NA,0.5454,0.0029,223,0.4903,0.7683,0,0.9228,0,Bayes-M10-med
Boso Manzi,Mongala,1,FALSE,7e-4,5e-4,8e-4,7e-4,272,269,278,7e-4,0.077,272,0.0015,NA,NA,NA,NA,NA,NA,0.3982,0.0022,263,0.5695,0.2278,0,0.7954,0,Bayes-M10-med
Gbadolite,Nord-Ubangi,1,FALSE,7e-4,5e-4,8e-4,7e-4,274,273,276,7e-4,0.076,274,0.0014,NA,NA,NA,NA,NA,NA,0.5183,0.0028,230,0.7915,0.9653,0,0.3166,0,Bayes-M10-med
Lusambo,Sankuru,1,FALSE,7e-4,5e-4,8e-4,6e-4,277,274,278,7e-4,0.0749,277,0.0014,NA,NA,NA,NA,NA,NA,0.4833,0.0026,243,0.6815,0.2992,0,0.9527,0,Bayes-M10-med
Libenge,Sud-Ubangi,1,FALSE,7e-4,5e-4,8e-4,7e-4,272,271,273,7e-4,0.0772,271,0.0015,NA,NA,NA,NA,NA,NA,0.3818,0.0021,267,0.6293,0.3591,0,0.5386,0,Bayes-M10-med
Befale,Tshuapa,1,FALSE,7e-4,6e-4,9e-4,7e-4,266,252,280,7e-4,0.0815,266,0.0016,NA,NA,NA,NA,NA,NA,0.5145,0.003,219,0.8822,0.4903,0,0.6853,0,Bayes-M10-med
Basankusu,Equateur,1,FALSE,6e-4,5e-4,8e-4,6e-4,288,281,294,6e-4,0.0694,288,0.0013,NA,NA,NA,NA,NA,NA,0.6844,0.0034,202,0.9517,0.8629,0,0.9228,0,Bayes-M10-med
Bolomba,Equateur,1,FALSE,6e-4,5e-4,7e-4,6e-4,296,287,301,6e-4,0.0673,295,0.0013,NA,NA,NA,NA,NA,NA,0.6163,0.0029,222,0.9575,0.8533,0,0.6544,0,Bayes-M10-med
Kambove,Haut-Katanga,1,FALSE,6e-4,5e-4,8e-4,6e-4,286,285,288,6e-4,0.0703,285,0.0013,NA,NA,NA,NA,NA,NA,0.306,0.0015,313,0.4247,0.6236,0,0.1757,0,Bayes-M10-med
Kapolowe,Haut-Katanga,1,FALSE,6e-4,5e-4,8e-4,6e-4,290,287,291,6e-4,0.0689,290,0.0013,NA,NA,NA,NA,NA,NA,0.3026,0.0015,320,0.5579,0.444,0,0.2085,0,Bayes-M10-med
Kisanga,Haut-Katanga,1,FALSE,6e-4,4e-4,7e-4,6e-4,301,299,302,6e-4,0.0657,301,0.0013,NA,NA,NA,NA,NA,NA,0.1081,5e-4,415,0.1293,0.2008,0,0.1023,0,Bayes-M10-med
Pweto,Haut-Katanga,1,FALSE,6e-4,5e-4,8e-4,6e-4,278,275,279,6e-4,0.0744,278,0.0014,NA,NA,NA,NA,NA,NA,0.3518,0.0018,280,0.7992,0.2587,0,0.3494,0,Bayes-M10-med
Ruashi,Haut-Katanga,1,FALSE,6e-4,5e-4,8e-4,6e-4,280,280,282,6e-4,0.0723,280,0.0014,NA,NA,NA,NA,NA,NA,0.0705,4e-4,429,0.0985,0.0637,0,0.1197,0,Bayes-M10-med
Kakenge,Kasaï,1,FALSE,6e-4,4e-4,7e-4,6e-4,304,304,307,6e-4,0.0639,304,0.0012,NA,NA,NA,NA,NA,NA,0.4522,0.002,268,0.5753,0.4788,0,0.7548,0,Bayes-M10-med
Ndjoko Mpunda,Kasaï,1,FALSE,6e-4,4e-4,7e-4,6e-4,295,292,297,6e-4,0.0673,296,0.0013,NA,NA,NA,NA,NA,NA,0.333,0.0016,301,0.3977,0.2915,0,0.6429,0,Bayes-M10-med
Kamonia,Kasaï,1,FALSE,6e-4,5e-4,7e-4,6e-4,292,289,294,6e-4,0.0679,291,0.0013,NA,NA,NA,NA,NA,NA,0.14,7e-4,402,0.3707,0.11,0,0.0792,0,Bayes-M10-med
Katoka,Kasaï-Central,1,FALSE,6e-4,5e-4,8e-4,6e-4,285,284,287,6e-4,0.0705,284,0.0013,NA,NA,NA,NA,NA,NA,0.2645,0.0013,333,0.1216,0.473,0,0.4633,0,Bayes-M10-med
Muetshi,Kasaï-Central,1,FALSE,6e-4,5e-4,7e-4,6e-4,293,292,294,6e-4,0.0676,293,0.0013,NA,NA,NA,NA,NA,NA,0.4792,0.0023,257,0.6158,0.5386,0,0.7625,0,Bayes-M10-med
Tshikula,Kasaï-Central,1,FALSE,6e-4,5e-4,8e-4,6e-4,281,281,283,6e-4,0.072,281,0.0014,NA,NA,NA,NA,NA,NA,0.3296,0.0017,290,0.3919,0.3185,0,0.6081,0,Bayes-M10-med
Matadi,Kongo-Central,1,FALSE,6e-4,4e-4,7e-4,6e-4,298,295,299,6e-4,0.0665,298,0.0013,NA,NA,NA,NA,NA,NA,0.2939,0.0014,327,0.1564,0.944,0,0.0753,0,Bayes-M10-med
Djuma,Kwilu,1,FALSE,6e-4,4e-4,7e-4,6e-4,300,297,300,6e-4,0.0661,300,0.0013,NA,NA,NA,NA,NA,NA,0.5256,0.0025,247,0.4826,0.7355,0,0.8842,0,Bayes-M10-med
Kikwit Sud,Kwilu,1,FALSE,6e-4,5e-4,8e-4,6e-4,279,278,280,6e-4,0.0737,279,0.0014,NA,NA,NA,NA,NA,NA,0.3282,0.0017,288,0.1313,0.7008,0,0.4807,0,Bayes-M10-med
Masi Manimba,Kwilu,1,FALSE,6e-4,4e-4,7e-4,6e-4,303,302,305,6e-4,0.0644,303,0.0012,NA,NA,NA,NA,NA,NA,0.4281,0.0019,274,0.332,0.4961,0,0.8842,0,Bayes-M10-med
Yasa Bonga,Kwilu,1,FALSE,6e-4,5e-4,8e-4,6e-4,283,282,285,6e-4,0.0711,283,0.0014,NA,NA,NA,NA,NA,NA,0.4206,0.0021,266,0.3031,0.5328,0,0.8465,0,Bayes-M10-med
Kasaji,Lualaba,1,FALSE,6e-4,5e-4,7e-4,6e-4,294,290,295,6e-4,0.0676,294,0.0013,NA,NA,NA,NA,NA,NA,0.4648,0.0022,259,0.8552,0.4923,0,0.5116,0,Bayes-M10-med
Lualaba,Lualaba,1,FALSE,6e-4,5e-4,8e-4,6e-4,289,286,290,6e-4,0.069,289,0.0013,NA,NA,NA,NA,NA,NA,0.1404,7e-4,401,0.3552,0.0347,0,0.1718,0,Bayes-M10-med
Abuzi,Nord-Ubangi,1,FALSE,6e-4,5e-4,7e-4,6e-4,299,293,302,6e-4,0.0662,299,0.0013,NA,NA,NA,NA,NA,NA,0.7153,0.0033,204,0.9846,0.9054,0,0.971,0,Bayes-M10-med
Bosobolo,Nord-Ubangi,1,FALSE,6e-4,5e-4,8e-4,6e-4,287,284,288,6e-4,0.0697,287,0.0013,NA,NA,NA,NA,NA,NA,0.7148,0.0035,195,0.9363,0.9459,0,0.9768,0,Bayes-M10-med
Mobayi Mbongo,Nord-Ubangi,1,FALSE,6e-4,5e-4,7e-4,6e-4,292,290,295,6e-4,0.0679,292,0.0013,NA,NA,NA,NA,NA,NA,0.5458,0.0026,241,0.9324,0.8166,0,0.4344,0,Bayes-M10-med
Wapinda,Nord-Ubangi,1,FALSE,6e-4,5e-4,8e-4,6e-4,282,278,288,6e-4,0.0718,282,0.0014,NA,NA,NA,NA,NA,NA,0.6791,0.0034,199,0.9015,0.8398,0,0.9749,0,Bayes-M10-med
Bena Dibele,Sankuru,1,FALSE,6e-4,4e-4,7e-4,6e-4,297,296,298,6e-4,0.0666,297,0.0013,NA,NA,NA,NA,NA,NA,0.4093,0.0019,277,0.6216,0.1564,0,0.8591,0,Bayes-M10-med
Djalo Ndjeka,Sankuru,1,FALSE,6e-4,4e-4,7e-4,6e-4,302,300,302,6e-4,0.0655,302,0.0012,NA,NA,NA,NA,NA,NA,0.3378,0.0016,305,0.3591,0.0695,0,0.9228,0,Bayes-M10-med
Kole,Sankuru,1,FALSE,6e-4,4e-4,7e-4,6e-4,305,303,306,6e-4,0.0639,305,0.0012,NA,NA,NA,NA,NA,NA,0.4802,0.0022,262,0.7761,0.2606,0,0.8842,0,Bayes-M10-med
Bangabola,Sud-Ubangi,1,FALSE,6e-4,5e-4,8e-4,6e-4,284,278,302,6e-4,0.0699,286,0.0013,NA,NA,NA,NA,NA,NA,0.3904,0.0019,276,0.3533,0.3494,0,0.8591,0,Bayes-M10-med
Likasi,Haut-Katanga,1,FALSE,5e-4,4e-4,6e-4,5e-4,322,319,323,5e-4,0.0545,322,0.001,NA,NA,NA,NA,NA,NA,0.1728,7e-4,403,0.112,0.4208,0,0.1583,0,Bayes-M10-med
Mufunga Sampwe,Haut-Katanga,1,FALSE,5e-4,3e-4,6e-4,4e-4,326,326,327,5e-4,0.0518,326,0.001,NA,NA,NA,NA,NA,NA,0.3774,0.0014,326,0.8185,0.0888,0,0.6023,0,Bayes-M10-med
Kinkondja,Haut-Lomami,1,FALSE,5e-4,4e-4,7e-4,5e-4,307,305,309,5e-4,0.063,306,0.0012,NA,NA,NA,NA,NA,NA,0.4889,0.0022,261,0.7278,0.6274,0,0.6004,0,Bayes-M10-med
Lwamba,Haut-Lomami,1,FALSE,5e-4,3e-4,6e-4,4e-4,325,325,326,5e-4,0.0518,325,0.001,NA,NA,NA,NA,NA,NA,0.4865,0.0018,282,0.8069,0.6409,0,0.4981,0,Bayes-M10-med
Mikope,Kasaï,1,FALSE,5e-4,4e-4,6e-4,5e-4,324,322,324,5e-4,0.0541,324,0.001,NA,NA,NA,NA,NA,NA,0.3996,0.0015,311,0.6776,0.2703,0,0.6506,0,Bayes-M10-med
Bilomba,Kasaï-Central,1,FALSE,5e-4,4e-4,7e-4,5e-4,310,310,311,5e-4,0.0602,310,0.0012,NA,NA,NA,NA,NA,NA,0.4006,0.0017,289,0.3378,0.4421,0,0.8224,0,Bayes-M10-med
Lubondaie,Kasaï-Central,1,FALSE,5e-4,4e-4,6e-4,5e-4,323,320,325,5e-4,0.0541,323,0.001,NA,NA,NA,NA,NA,NA,0.3147,0.0012,342,0.3822,0.1583,0,0.7181,0,Bayes-M10-med
Lubunga (Kasaï-Central),Kasaï-Central,1,FALSE,5e-4,4e-4,7e-4,5e-4,312,311,314,5e-4,0.0596,311,0.0011,NA,NA,NA,NA,NA,NA,0.4599,0.0019,275,0.5637,0.4653,0,0.8108,0,Bayes-M10-med
Muanda,Kongo-Central,1,FALSE,5e-4,4e-4,6e-4,5e-4,315,313,316,5e-4,0.0576,315,0.0011,NA,NA,NA,NA,NA,NA,0.4093,0.0017,292,0.6371,1,0,0,0,Bayes-M10-med
Kisantu,Kongo-Central,1,FALSE,5e-4,4e-4,6e-4,5e-4,314,312,315,5e-4,0.0584,314,0.0011,NA,NA,NA,NA,NA,NA,0.418,0.0017,286,0.5039,0.9903,0,0.1776,0,Bayes-M10-med
Mokala,Kwilu,1,FALSE,5e-4,4e-4,6e-4,5e-4,319,317,320,5e-4,0.0564,319,0.0011,NA,NA,NA,NA,NA,NA,0.5118,0.002,269,0.4228,0.6718,0,0.9527,0,Bayes-M10-med
Kamiji,Lomami,1,FALSE,5e-4,4e-4,6e-4,5e-4,318,315,319,5e-4,0.0569,317,0.0011,NA,NA,NA,NA,NA,NA,0.2635,0.0011,362,0.3398,0.1293,0,0.5849,0,Bayes-M10-med
Wikong,Lomami,1,FALSE,5e-4,4e-4,7e-4,5e-4,309,309,312,5e-4,0.0604,309,0.0012,NA,NA,NA,NA,NA,NA,0.3663,0.0016,306,0.2529,0.4228,0,0.7896,0,Bayes-M10-med
Kapanga,Lualaba,1,FALSE,5e-4,4e-4,6e-4,5e-4,317,315,318,5e-4,0.0571,316,0.0011,NA,NA,NA,NA,NA,NA,0.4112,0.0017,293,0.8514,0.3938,0,0.3996,0,Bayes-M10-med
Bili (Nord-Ubangi),Nord-Ubangi,1,FALSE,5e-4,4e-4,7e-4,5e-4,307,305,308,5e-4,0.0629,307,0.0012,NA,NA,NA,NA,NA,NA,0.7075,0.0031,213,0.9247,0.9189,0,0.9865,0,Bayes-M10-med
Businga,Nord-Ubangi,1,FALSE,5e-4,4e-4,6e-4,5e-4,321,319,323,5e-4,0.0548,320,0.001,NA,NA,NA,NA,NA,NA,0.6781,0.0026,239,0.9286,0.861,0,0.9228,0,Bayes-M10-med
Loko,Nord-Ubangi,1,FALSE,5e-4,4e-4,7e-4,5e-4,308,305,308,5e-4,0.0627,308,0.0012,NA,NA,NA,NA,NA,NA,0.6535,0.0029,224,0.9402,0.9266,0,0.7471,0,Bayes-M10-med
Wasolo,Nord-Ubangi,1,FALSE,5e-4,4e-4,6e-4,5e-4,322,320,324,5e-4,0.0545,321,0.001,NA,NA,NA,NA,NA,NA,0.5709,0.0022,260,0.5541,0.7413,0,0.9884,0,Bayes-M10-med
Bokonzi,Sud-Ubangi,1,FALSE,5e-4,4e-4,6e-4,5e-4,311,309,316,5e-4,0.0594,312,0.0011,NA,NA,NA,NA,NA,NA,0.236,0.001,368,0.4305,0.083,0,0.4305,0,Bayes-M10-med
Bominenge,Sud-Ubangi,1,FALSE,5e-4,4e-4,6e-4,5e-4,316,313,324,5e-4,0.0567,318,0.0011,NA,NA,NA,NA,NA,NA,0.3258,0.0013,335,0.2819,0.0985,0,0.9228,0,Bayes-M10-med
Boto,Sud-Ubangi,1,FALSE,5e-4,4e-4,6e-4,5e-4,313,313,318,5e-4,0.0584,313,0.0011,NA,NA,NA,NA,NA,NA,0.3596,0.0015,319,0.3282,0.5174,0,0.5927,0,Bayes-M10-med
Ingende,Equateur,1,FALSE,4e-4,3e-4,5e-4,4e-4,345,334,351,4e-4,0.0465,345,9e-4,NA,NA,NA,NA,NA,NA,0.596,0.002,273,0.9208,0.8571,0,0.6062,0,Bayes-M10-med
Kasenga,Haut-Katanga,1,FALSE,4e-4,3e-4,5e-4,4e-4,337,336,343,4e-4,0.0473,337,9e-4,NA,NA,NA,NA,NA,NA,0.3953,0.0013,332,0.8166,0.6255,0,0.139,0,Bayes-M10-med
Kayamba,Haut-Lomami,1,FALSE,4e-4,3e-4,5e-4,4e-4,339,337,346,4e-4,0.0472,339,9e-4,NA,NA,NA,NA,NA,NA,0.4276,0.0014,322,0.7027,0.4189,0,0.5888,0,Bayes-M10-med
Songa,Haut-Lomami,1,FALSE,4e-4,3e-4,6e-4,4e-4,329,328,329,4e-4,0.0512,329,0.001,NA,NA,NA,NA,NA,NA,0.473,0.0017,287,0.9344,0.3533,0,0.6042,0,Bayes-M10-med
Dekese,Kasaï,1,FALSE,4e-4,3e-4,5e-4,4e-4,343,339,344,4e-4,0.0468,343,9e-4,NA,NA,NA,NA,NA,NA,0.4633,0.0015,308,0.9189,0.2181,0,0.7162,0,Bayes-M10-med
Mushenge,Kasaï,1,FALSE,4e-4,3e-4,5e-4,4e-4,341,339,345,4e-4,0.047,341,9e-4,NA,NA,NA,NA,NA,NA,0.3229,0.0011,359,0.5946,0.0656,0,0.6313,0,Bayes-M10-med
Kitangwa,Kasaï,1,FALSE,4e-4,3e-4,5e-4,4e-4,334,333,335,4e-4,0.0484,334,9e-4,NA,NA,NA,NA,NA,NA,0.3287,0.0011,350,0.6332,0.1062,0,0.5753,0,Bayes-M10-med
Mutena,Kasaï,1,FALSE,4e-4,3e-4,5e-4,4e-4,352,351,353,4e-4,0.0448,352,9e-4,NA,NA,NA,NA,NA,NA,0.2336,7e-4,393,0.334,0.0753,0,0.5251,0,Bayes-M10-med
Bunkonde,Kasaï-Central,1,FALSE,4e-4,3e-4,5e-4,4e-4,346,342,348,4e-4,0.0464,346,9e-4,NA,NA,NA,NA,NA,NA,0.3523,0.0012,346,0.4015,0.278,0,0.7297,0,Bayes-M10-med
Mutoto,Kasaï-Central,1,FALSE,4e-4,3e-4,5e-4,4e-4,348,344,349,4e-4,0.0461,348,9e-4,NA,NA,NA,NA,NA,NA,0.3441,0.0011,351,0.4575,0.361,0,0.5579,0,Bayes-M10-med
Ndesha,Kasaï-Central,1,FALSE,4e-4,3e-4,5e-4,4e-4,353,350,353,4e-4,0.0448,353,9e-4,NA,NA,NA,NA,NA,NA,0.2317,7e-4,394,0.1448,0.3456,0,0.4363,0,Bayes-M10-med
Boma,Kongo-Central,1,FALSE,4e-4,3e-4,5e-4,4e-4,355,354,355,4e-4,0.0443,355,8e-4,NA,NA,NA,NA,NA,NA,0.2901,9e-4,377,0.1467,0.9247,0,0.0888,0,Bayes-M10-med
Lukula,Kongo-Central,1,FALSE,4e-4,3e-4,5e-4,4e-4,340,339,343,4e-4,0.0471,340,9e-4,NA,NA,NA,NA,NA,NA,0.3933,0.0013,334,0.529,0.8745,0,0.1699,0,Bayes-M10-med
Boko Kivulu,Kongo-Central,1,FALSE,4e-4,3e-4,5e-4,4e-4,357,356,358,4e-4,0.0438,357,8e-4,NA,NA,NA,NA,NA,NA,0.4281,0.0013,331,0.5792,0.9324,0,0.2008,0,Bayes-M10-med
Kimpese,Kongo-Central,1,FALSE,4e-4,3e-4,5e-4,4e-4,338,338,341,4e-4,0.0473,338,9e-4,NA,NA,NA,NA,NA,NA,0.4947,0.0017,295,0.7896,0.9768,0,0.2124,0,Bayes-M10-med
Mbanza Ngungu,Kongo-Central,1,FALSE,4e-4,3e-4,5e-4,4e-4,360,360,361,4e-4,0.0424,360,8e-4,NA,NA,NA,NA,NA,NA,0.3711,0.0011,353,0.3205,0.9749,0,0.1892,0,Bayes-M10-med
Kahemba,Kwango,1,FALSE,4e-4,3e-4,4e-4,3e-4,362,361,362,4e-4,0.0404,362,8e-4,NA,NA,NA,NA,NA,NA,0.5367,0.0015,310,0.8958,0.7278,0,0.5232,0,Bayes-M10-med
Panzi,Kwango,1,FALSE,4e-4,3e-4,4e-4,3e-4,363,362,363,4e-4,0.0403,363,8e-4,NA,NA,NA,NA,NA,NA,0.5236,0.0015,317,0.7548,0.583,0,0.7568,0,Bayes-M10-med
Boko,Kwango,1,FALSE,4e-4,3e-4,5e-4,4e-4,350,346,350,4e-4,0.0454,350,9e-4,NA,NA,NA,NA,NA,NA,0.5121,0.0016,296,0.7336,0.61,0,0.7046,0,Bayes-M10-med
Feshi,Kwango,1,FALSE,4e-4,3e-4,5e-4,4e-4,351,347,351,4e-4,0.0452,351,9e-4,NA,NA,NA,NA,NA,NA,0.5082,0.0016,299,0.7317,0.5425,0,0.7587,0,Bayes-M10-med
Bagata,Kwilu,1,FALSE,4e-4,3e-4,5e-4,4e-4,332,331,333,4e-4,0.0488,332,9e-4,NA,NA,NA,NA,NA,NA,0.5135,0.0018,283,0.6795,0.695,0,0.6795,0,Bayes-M10-med
Bandundu,Kwilu,1,FALSE,4e-4,3e-4,5e-4,4e-4,330,329,330,4e-4,0.0498,330,0.001,NA,NA,NA,NA,NA,NA,0.3364,0.0012,343,0.3436,0.751,0,0.251,0,Bayes-M10-med
Kikongo,Kwilu,1,FALSE,4e-4,3e-4,5e-4,4e-4,358,357,359,4e-4,0.0437,358,8e-4,NA,NA,NA,NA,NA,NA,0.5024,0.0016,307,0.6969,0.6023,0,0.7104,0,Bayes-M10-med
Kimputu,Kwilu,1,FALSE,4e-4,3e-4,5e-4,4e-4,342,341,346,4e-4,0.0469,342,9e-4,NA,NA,NA,NA,NA,NA,0.5039,0.0017,291,0.4923,0.639,0,0.8842,0,Bayes-M10-med
Mosango,Kwilu,1,FALSE,4e-4,3e-4,5e-4,4e-4,335,334,338,4e-4,0.0478,335,9e-4,NA,NA,NA,NA,NA,NA,0.515,0.0017,285,0.5463,0.7375,0,0.7761,0,Bayes-M10-med
Mungindu,Kwilu,1,FALSE,4e-4,3e-4,5e-4,4e-4,359,359,360,4e-4,0.0429,359,8e-4,NA,NA,NA,NA,NA,NA,0.3818,0.0012,345,0.4691,0.5367,0,0.5212,0,Bayes-M10-med
Pay Kongila,Kwilu,1,FALSE,4e-4,3e-4,5e-4,4e-4,331,330,331,4e-4,0.0495,331,9e-4,NA,NA,NA,NA,NA,NA,0.4488,0.0016,304,0.5135,0.6467,0,0.6351,0,Bayes-M10-med
Dilolo,Lualaba,1,FALSE,4e-4,3e-4,5e-4,4e-4,356,355,356,4e-4,0.0442,356,8e-4,NA,NA,NA,NA,NA,NA,0.3663,0.0011,347,0.8398,0.6197,0,0.0058,0,Bayes-M10-med
Kalamba,Lualaba,1,FALSE,4e-4,3e-4,5e-4,4e-4,354,352,356,4e-4,0.0444,354,8e-4,NA,NA,NA,NA,NA,NA,0.4542,0.0014,323,0.8803,0.2375,0,0.6988,0,Bayes-M10-med
Sandoa,Lualaba,1,FALSE,4e-4,3e-4,5e-4,4e-4,336,335,340,4e-4,0.0475,336,9e-4,NA,NA,NA,NA,NA,NA,0.5536,0.0019,279,0.9421,0.6815,0,0.5907,0,Bayes-M10-med
Kanzenze,Lualaba,1,FALSE,4e-4,3e-4,5e-4,4e-4,333,332,336,4e-4,0.0485,333,9e-4,NA,NA,NA,NA,NA,NA,0.2389,8e-4,389,0.6255,0.1429,0,0.1873,0,Bayes-M10-med
Bongandanga,Mongala,1,FALSE,4e-4,4e-4,5e-4,4e-4,328,308,356,4e-4,0.0513,328,0.001,NA,NA,NA,NA,NA,NA,0.4228,0.0015,309,0.7587,0.0097,0,0.9228,0,Bayes-M10-med
Boso Mondanda,Mongala,1,FALSE,4e-4,3e-4,5e-4,4e-4,344,332,348,4e-4,0.0466,344,9e-4,NA,NA,NA,NA,NA,NA,0.3716,0.0012,340,0.5869,0.1486,0,0.751,0,Bayes-M10-med
Pania Mutombo,Sankuru,1,FALSE,4e-4,3e-4,6e-4,4e-4,327,327,328,4e-4,0.0513,327,0.001,NA,NA,NA,NA,NA,NA,0.4117,0.0015,316,0.7413,0.1236,0,0.7819,0,Bayes-M10-med
Mawuya,Sud-Ubangi,1,FALSE,4e-4,3e-4,5e-4,4e-4,349,345,355,4e-4,0.0456,349,9e-4,NA,NA,NA,NA,NA,NA,0.2654,9e-4,382,0.444,0.2394,0,0.3784,0,Bayes-M10-med
Monkoto,Tshuapa,1,FALSE,4e-4,3e-4,5e-4,4e-4,347,337,349,4e-4,0.0463,347,9e-4,NA,NA,NA,NA,NA,NA,0.5598,0.0018,281,0.9498,0.4054,0,0.8842,0,Bayes-M10-med
Busanga,Tshuapa,1,FALSE,4e-4,3e-4,4e-4,4e-4,361,355,365,4e-4,0.0406,361,8e-4,NA,NA,NA,NA,NA,NA,0.4452,0.0013,337,0.6602,0.168,0,0.9527,0,Bayes-M10-med
Bikoro,Equateur,1,FALSE,3e-4,2e-4,3e-4,3e-4,385,380,385,3e-4,0.0315,385,6e-4,NA,NA,NA,NA,NA,NA,0.5951,0.0013,330,0.8127,0.8147,0,0.7529,0,Bayes-M10-med
Djombo,Equateur,1,FALSE,3e-4,2e-4,3e-4,3e-4,387,381,391,3e-4,0.0308,387,6e-4,NA,NA,NA,NA,NA,NA,0.6554,0.0014,321,0.917,0.7819,0,0.9228,0,Bayes-M10-med
Makanza,Equateur,1,FALSE,3e-4,2e-4,3e-4,3e-4,388,386,389,3e-4,0.0308,388,6e-4,NA,NA,NA,NA,NA,NA,0.639,0.0014,324,0.9537,0.7954,0,0.8069,0,Bayes-M10-med
Wangata,Equateur,1,FALSE,3e-4,2e-4,3e-4,3e-4,386,383,386,3e-4,0.0313,386,6e-4,NA,NA,NA,NA,NA,NA,0.417,9e-4,374,0.2336,0.9865,0,0.4479,0,Bayes-M10-med
Kikula,Haut-Katanga,1,FALSE,3e-4,2e-4,4e-4,3e-4,371,370,372,3e-4,0.0355,371,7e-4,NA,NA,NA,NA,NA,NA,0.0951,2e-4,443,0.1062,0.1139,0,0.1602,0,Bayes-M10-med
Mitwaba,Haut-Katanga,1,FALSE,3e-4,3e-4,4e-4,3e-4,365,364,366,3e-4,0.038,365,7e-4,NA,NA,NA,NA,NA,NA,0.3528,9e-4,371,0.8012,0.0618,0,0.5483,0,Bayes-M10-med
Panda,Haut-Katanga,1,FALSE,3e-4,2e-4,4e-4,3e-4,380,380,384,3e-4,0.0321,380,6e-4,NA,NA,NA,NA,NA,NA,0.2027,5e-4,418,0.1622,0.4826,0,0.166,0,Bayes-M10-med
Kafubu,Haut-Katanga,1,FALSE,3e-4,2e-4,4e-4,3e-4,375,375,375,3e-4,0.034,375,6e-4,NA,NA,NA,NA,NA,NA,0.2104,5e-4,414,0.6042,0.0869,0,0.1506,0,Bayes-M10-med
Lukafu,Haut-Katanga,1,FALSE,3e-4,2e-4,4e-4,3e-4,379,379,385,3e-4,0.0322,379,6e-4,NA,NA,NA,NA,NA,NA,0.4015,9e-4,376,0.888,0.3243,0,0.3938,0,Bayes-M10-med
Bulape,Kasaï,1,FALSE,3e-4,2e-4,4e-4,3e-4,368,368,368,3e-4,0.037,368,7e-4,NA,NA,NA,NA,NA,NA,0.4315,0.0011,349,0.7066,0.1853,0,0.834,0,Bayes-M10-med
Nyanga,Kasaï,1,FALSE,3e-4,2e-4,4e-4,3e-4,369,369,369,3e-4,0.0369,369,7e-4,NA,NA,NA,NA,NA,NA,0.348,9e-4,378,0.4402,0.3803,0,0.5714,0,Bayes-M10-med
Bena Tshadi,Kasaï-Central,1,FALSE,3e-4,2e-4,4e-4,3e-4,372,370,372,3e-4,0.0355,372,7e-4,NA,NA,NA,NA,NA,NA,0.472,0.0012,344,0.6699,0.3784,0,0.8398,0,Bayes-M10-med
Kalomba,Kasaï-Central,1,FALSE,3e-4,2e-4,4e-4,3e-4,373,373,373,3e-4,0.0351,373,7e-4,NA,NA,NA,NA,NA,NA,0.2944,7e-4,395,0.3166,0.1467,0,0.7143,0,Bayes-M10-med
Nsona Mpangu,Kongo-Central,1,FALSE,3e-4,2e-4,3e-4,3e-4,391,388,391,3e-4,0.03,391,6e-4,NA,NA,NA,NA,NA,NA,0.4165,9e-4,381,0.722,0.7645,0,0.1795,0,Bayes-M10-med
Seke Banza,Kongo-Central,1,FALSE,3e-4,2e-4,4e-4,3e-4,370,370,371,3e-4,0.0356,370,7e-4,NA,NA,NA,NA,NA,NA,0.4513,0.0011,348,0.6351,0.9498,0,0.2201,0,Bayes-M10-med
Kwilu Ngongo,Kongo-Central,1,FALSE,3e-4,3e-4,4e-4,3e-4,364,363,364,3e-4,0.0392,364,7e-4,NA,NA,NA,NA,NA,NA,0.3875,0.0011,360,0.4884,0.8668,0,0.195,0,Bayes-M10-med
Massa,Kongo-Central,1,FALSE,3e-4,2e-4,3e-4,3e-4,384,382,388,3e-4,0.0316,384,6e-4,NA,NA,NA,NA,NA,NA,0.4223,9e-4,372,0.668,0.9208,0,0.1004,0,Bayes-M10-med
Kimbao,Kwango,1,FALSE,3e-4,2e-4,4e-4,3e-4,367,366,367,3e-4,0.0371,367,7e-4,NA,NA,NA,NA,NA,NA,0.5743,0.0015,315,0.7201,0.7181,0,0.8591,0,Bayes-M10-med
Popokabaka,Kwango,1,FALSE,3e-4,2e-4,4e-4,3e-4,374,374,374,3e-4,0.0348,374,7e-4,NA,NA,NA,NA,NA,NA,0.5507,0.0014,328,0.7703,0.7876,0,0.6448,0,Bayes-M10-med
Wamba Lwadi,Kwango,1,FALSE,3e-4,2e-4,3e-4,2e-4,393,392,393,3e-4,0.0287,393,5e-4,NA,NA,NA,NA,NA,NA,0.5492,0.0011,352,0.6467,0.8185,0,0.7317,0,Bayes-M10-med
Sia,Kwilu,1,FALSE,3e-4,2e-4,4e-4,3e-4,377,377,379,3e-4,0.0332,377,6e-4,NA,NA,NA,NA,NA,NA,0.3986,9e-4,373,0.4151,0.3822,0,0.7973,0,Bayes-M10-med
Kingandu,Kwilu,1,FALSE,3e-4,2e-4,4e-4,3e-4,383,381,387,3e-4,0.0319,383,6e-4,NA,NA,NA,NA,NA,NA,0.4923,0.0011,354,0.7162,0.6583,0,0.5946,0,Bayes-M10-med
Kafakumba,Lualaba,1,FALSE,3e-4,2e-4,4e-4,3e-4,376,376,377,3e-4,0.0337,376,6e-4,NA,NA,NA,NA,NA,NA,0.4648,0.0011,355,0.8687,0.2027,0,0.7876,0,Bayes-M10-med
Lubudi,Lualaba,1,FALSE,3e-4,2e-4,4e-4,3e-4,378,378,382,3e-4,0.0324,378,6e-4,NA,NA,NA,NA,NA,NA,0.4667,0.0011,361,0.9151,0.4614,0,0.4903,0,Bayes-M10-med
Inongo,Mai-Ndombe,1,FALSE,3e-4,3e-4,4e-4,3e-4,366,365,367,3e-4,0.0379,366,7e-4,NA,NA,NA,NA,NA,NA,0.4952,0.0013,329,0.7645,0.2934,0,0.9228,0,Bayes-M10-med
Oshwe,Mai-Ndombe,1,FALSE,3e-4,2e-4,3e-4,3e-4,390,390,390,3e-4,0.0302,390,6e-4,NA,NA,NA,NA,NA,NA,0.4855,0.001,363,0.8764,0.3301,0,0.7355,0,Bayes-M10-med
Nioki,Mai-Ndombe,1,FALSE,3e-4,2e-4,3e-4,3e-4,389,387,389,3e-4,0.0305,389,6e-4,NA,NA,NA,NA,NA,NA,0.389,8e-4,386,0.61,0.3958,0,0.5502,0,Bayes-M10-med
Tshudi Loto,Sankuru,1,FALSE,3e-4,2e-4,3e-4,3e-4,381,376,384,3e-4,0.032,381,6e-4,NA,NA,NA,NA,NA,NA,0.4237,0.001,369,0.7683,0.0039,0,0.9228,0,Bayes-M10-med
Zongo,Sud-Ubangi,1,FALSE,3e-4,2e-4,3e-4,3e-4,392,392,394,3e-4,0.0293,392,6e-4,NA,NA,NA,NA,NA,NA,0.2418,5e-4,416,0.278,0.4131,0,0.2761,0,Bayes-M10-med
Wema,Tshuapa,1,FALSE,3e-4,2e-4,3e-4,3e-4,382,378,383,3e-4,0.032,382,6e-4,NA,NA,NA,NA,NA,NA,0.4469,0.001,365,0.8494,0.1332,0,0.805,0,Bayes-M10-med
Bomongo,Equateur,1,FALSE,2e-4,1e-4,2e-4,2e-4,428,428,431,2e-4,0.0175,428,3e-4,NA,NA,NA,NA,NA,NA,0.5907,7e-4,396,0.9788,0.8475,0,0.5367,0,Bayes-M10-med
Iboko,Equateur,1,FALSE,2e-4,2e-4,3e-4,2e-4,404,400,405,2e-4,0.0254,404,5e-4,NA,NA,NA,NA,NA,NA,0.612,0.0011,357,0.8282,0.7915,0,0.8282,0,Bayes-M10-med
Lotumbe,Equateur,1,FALSE,2e-4,2e-4,3e-4,2e-4,397,395,401,2e-4,0.0267,397,5e-4,NA,NA,NA,NA,NA,NA,0.5816,0.0011,356,0.9691,0.7085,0,0.6486,0,Bayes-M10-med
Lukolela,Equateur,1,FALSE,2e-4,1e-4,2e-4,2e-4,413,412,414,2e-4,0.0221,413,4e-4,NA,NA,NA,NA,NA,NA,0.5787,9e-4,379,0.944,0.9151,0,0.4556,0,Bayes-M10-med
Monieka,Equateur,1,FALSE,2e-4,2e-4,3e-4,2e-4,408,405,409,2e-4,0.0239,408,5e-4,NA,NA,NA,NA,NA,NA,0.596,0.001,366,0.9768,0.7336,0,0.6737,0,Bayes-M10-med
Kashobwe,Haut-Katanga,1,FALSE,2e-4,1e-4,2e-4,2e-4,426,426,426,2e-4,0.0181,426,3e-4,NA,NA,NA,NA,NA,NA,0.3243,4e-4,425,0.805,0.3012,0,0.1911,0,Bayes-M10-med
Katuba,Haut-Katanga,1,FALSE,2e-4,1e-4,2e-4,2e-4,422,421,422,2e-4,0.0189,422,4e-4,NA,NA,NA,NA,NA,NA,0.0463,1e-4,450,0.0502,0.0309,0,0.1042,0,Bayes-M10-med
Kenya,Haut-Katanga,1,FALSE,2e-4,2e-4,3e-4,2e-4,394,393,394,2e-4,0.0285,394,5e-4,NA,NA,NA,NA,NA,NA,0.0569,1e-4,448,0.11,0.0116,0,0.1062,0,Bayes-M10-med
Butumba,Haut-Lomami,1,FALSE,2e-4,2e-4,3e-4,2e-4,401,399,404,2e-4,0.0258,401,5e-4,NA,NA,NA,NA,NA,NA,0.4595,8e-4,385,0.7973,0.4151,0,0.6255,0,Bayes-M10-med
Baka,Haut-Lomami,1,FALSE,2e-4,1e-4,2e-4,2e-4,425,425,425,2e-4,0.0182,425,3e-4,NA,NA,NA,NA,NA,NA,0.4319,6e-4,410,0.4344,0.8919,0,0.4015,0,Bayes-M10-med
Kinda,Haut-Lomami,1,FALSE,2e-4,1e-4,2e-4,2e-4,417,416,417,2e-4,0.0213,417,4e-4,NA,NA,NA,NA,NA,NA,0.5077,8e-4,392,0.9884,0.4266,0,0.6158,0,Bayes-M10-med
Banga Lubaka,Kasaï,1,FALSE,2e-4,2e-4,3e-4,2e-4,398,397,399,2e-4,0.0266,398,5e-4,NA,NA,NA,NA,NA,NA,0.3205,6e-4,406,0.5174,0.0444,0,0.7201,0,Bayes-M10-med
Kangu,Kongo-Central,1,FALSE,2e-4,2e-4,3e-4,2e-4,396,396,397,2e-4,0.0275,396,5e-4,NA,NA,NA,NA,NA,NA,0.3528,7e-4,400,0.3803,0.8822,0,0.1486,0,Bayes-M10-med
Kizu,Kongo-Central,1,FALSE,2e-4,1e-4,2e-4,2e-4,427,427,427,2e-4,0.0179,427,3e-4,NA,NA,NA,NA,NA,NA,0.3113,4e-4,428,0.2973,0.8707,0,0.0772,0,Bayes-M10-med
Inga,Kongo-Central,1,FALSE,2e-4,2e-4,3e-4,2e-4,407,407,408,2e-4,0.0242,407,5e-4,NA,NA,NA,NA,NA,NA,0.3847,7e-4,404,0.5212,0.8243,0,0.1931,0,Bayes-M10-med
Luozi,Kongo-Central,1,FALSE,2e-4,2e-4,3e-4,2e-4,409,408,410,2e-4,0.023,409,4e-4,NA,NA,NA,NA,NA,NA,0.5241,8e-4,383,0.7355,0.8861,0,0.4749,0,Bayes-M10-med
Mangembo,Kongo-Central,1,FALSE,2e-4,1e-4,2e-4,1e-4,430,429,430,2e-4,0.0172,430,3e-4,NA,NA,NA,NA,NA,NA,0.3726,5e-4,420,0.5598,0.6641,0,0.2664,0,Bayes-M10-med
Nzanza,Kongo-Central,1,FALSE,2e-4,1e-4,2e-4,2e-4,419,419,420,2e-4,0.0196,419,4e-4,NA,NA,NA,NA,NA,NA,0.2172,3e-4,438,0.0888,0.6892,0,0.0907,0,Bayes-M10-med
Gombe Matadi,Kongo-Central,1,FALSE,2e-4,2e-4,3e-4,2e-4,406,406,407,2e-4,0.0244,406,5e-4,NA,NA,NA,NA,NA,NA,0.4151,7e-4,397,0.6911,0.7857,0,0.1834,0,Bayes-M10-med
Kimpangu,Kongo-Central,1,FALSE,2e-4,1e-4,2e-4,2e-4,423,423,423,2e-4,0.0185,423,4e-4,NA,NA,NA,NA,NA,NA,0.4488,6e-4,408,0.7085,0.9344,0,0.1525,0,Bayes-M10-med
Kimvula,Kongo-Central,1,FALSE,2e-4,1e-4,2e-4,2e-4,418,418,418,2e-4,0.0209,418,4e-4,NA,NA,NA,NA,NA,NA,0.569,8e-4,384,0.8629,0.8784,0,0.5347,0,Bayes-M10-med
Ngidinga,Kongo-Central,1,FALSE,2e-4,2e-4,3e-4,2e-4,400,400,401,2e-4,0.0258,400,5e-4,NA,NA,NA,NA,NA,NA,0.4488,8e-4,388,0.6544,0.7432,0,0.3977,0,Bayes-M10-med
Kajiji,Kwango,1,FALSE,2e-4,1e-4,2e-4,2e-4,424,424,424,2e-4,0.0184,424,4e-4,NA,NA,NA,NA,NA,NA,0.3533,5e-4,419,0.7934,0.1544,0,0.4653,0,Bayes-M10-med
Kisanji,Kwango,1,FALSE,2e-4,2e-4,3e-4,2e-4,403,403,406,2e-4,0.0254,403,5e-4,NA,NA,NA,NA,NA,NA,0.5574,0.001,367,0.8417,0.6544,0,0.7336,0,Bayes-M10-med
Kasongo Lunda,Kwango,1,FALSE,2e-4,2e-4,3e-4,2e-4,399,398,399,2e-4,0.0266,399,5e-4,NA,NA,NA,NA,NA,NA,0.3441,6e-4,405,0.6274,0.5946,0,0.1544,0,Bayes-M10-med
Mwela Lembwa,Kwango,1,FALSE,2e-4,1e-4,2e-4,2e-4,420,420,421,2e-4,0.0193,420,4e-4,NA,NA,NA,NA,NA,NA,0.4397,6e-4,407,0.6506,0.3224,0,0.7857,0,Bayes-M10-med
Moanza,Kwilu,1,FALSE,2e-4,2e-4,3e-4,2e-4,395,395,396,2e-4,0.0278,395,5e-4,NA,NA,NA,NA,NA,NA,0.52,0.001,364,0.5985,0.529,0,0.9527,0,Bayes-M10-med
Bunkeya,Lualaba,1,FALSE,2e-4,1e-4,2e-4,1e-4,429,428,430,2e-4,0.0173,429,3e-4,NA,NA,NA,NA,NA,NA,0.4218,5e-4,413,0.8243,0.5019,0,0.361,0,Bayes-M10-med
Banzow Moke,Mai-Ndombe,1,FALSE,2e-4,2e-4,2e-4,2e-4,412,411,413,2e-4,0.0222,412,4e-4,NA,NA,NA,NA,NA,NA,0.5236,8e-4,387,0.6892,0.5212,0,0.8842,0,Bayes-M10-med
Kiri,Mai-Ndombe,1,FALSE,2e-4,1e-4,2e-4,2e-4,414,412,415,2e-4,0.022,414,4e-4,NA,NA,NA,NA,NA,NA,0.5685,9e-4,380,0.8745,0.4768,0,0.9228,0,Bayes-M10-med
Ntandembelo,Mai-Ndombe,1,FALSE,2e-4,1e-4,2e-4,2e-4,416,416,417,2e-4,0.0215,416,4e-4,NA,NA,NA,NA,NA,NA,0.4595,7e-4,399,0.6023,0.4633,0,0.7722,0,Bayes-M10-med
Pendjwa,Mai-Ndombe,1,FALSE,2e-4,1e-4,2e-4,2e-4,421,419,422,2e-4,0.019,421,4e-4,NA,NA,NA,NA,NA,NA,0.4319,6e-4,409,0.7008,0.2124,0,0.8147,0,Bayes-M10-med
Yumbi,Mai-Ndombe,1,FALSE,2e-4,1e-4,2e-4,2e-4,415,414,415,2e-4,0.022,415,4e-4,NA,NA,NA,NA,NA,NA,0.2741,4e-4,424,0.4131,0.4015,0,0.2819,0,Bayes-M10-med
Bolobo,Mai-Ndombe,1,FALSE,2e-4,2e-4,2e-4,2e-4,410,409,410,2e-4,0.0227,410,4e-4,NA,NA,NA,NA,NA,NA,0.3388,5e-4,411,0.6313,0.4981,0,0.2259,0,Bayes-M10-med
Bosobe,Mai-Ndombe,1,FALSE,2e-4,2e-4,2e-4,2e-4,411,411,413,2e-4,0.0225,411,4e-4,NA,NA,NA,NA,NA,NA,0.4406,7e-4,398,0.4942,0.4093,0,0.8591,0,Bayes-M10-med
Kwamouth,Mai-Ndombe,1,FALSE,2e-4,2e-4,3e-4,2e-4,402,402,403,2e-4,0.0257,402,5e-4,NA,NA,NA,NA,NA,NA,0.43,8e-4,390,0.8707,0.417,0,0.4324,0,Bayes-M10-med
Mushie,Mai-Ndombe,1,FALSE,2e-4,2e-4,3e-4,2e-4,404,402,405,2e-4,0.0253,405,5e-4,NA,NA,NA,NA,NA,NA,0.4291,8e-4,391,0.7394,0.3649,0,0.612,0,Bayes-M10-med
Bolenge,Equateur,1,FALSE,1e-4,1e-4,1e-4,1e-4,443,443,443,1e-4,0.0113,443,2e-4,NA,NA,NA,NA,NA,NA,0.5391,4e-4,423,0.7954,0.8514,0,0.5097,0,Bayes-M10-med
Mampoko,Equateur,1,FALSE,1e-4,1e-4,1e-4,1e-4,446,446,446,1e-4,0.0082,446,2e-4,NA,NA,NA,NA,NA,NA,0.5135,3e-4,439,0.8919,0.5058,0,0.6564,0,Bayes-M10-med
Ntondo,Equateur,1,FALSE,1e-4,1e-4,1e-4,1e-4,447,447,447,1e-4,0.0076,447,1e-4,NA,NA,NA,NA,NA,NA,0.6125,3e-4,434,0.8996,0.7259,0,0.8243,0,Bayes-M10-med
Kilela Balanda,Haut-Katanga,1,FALSE,1e-4,1e-4,2e-4,1e-4,437,437,437,1e-4,0.0153,437,3e-4,NA,NA,NA,NA,NA,NA,0.3132,3e-4,433,0.9228,0.0927,0,0.2375,0,Bayes-M10-med
Vangu,Haut-Katanga,1,FALSE,1e-4,1e-4,1e-4,1e-4,441,441,441,1e-4,0.0121,441,2e-4,NA,NA,NA,NA,NA,NA,0.1081,1e-4,449,0.1158,0.1699,0,0.1467,0,Bayes-M10-med
Bobozo,Kasaï-Central,1,FALSE,1e-4,1e-4,2e-4,1e-4,433,433,434,1e-4,0.0165,433,3e-4,NA,NA,NA,NA,NA,NA,0.2336,3e-4,440,0.1602,0.2857,0,0.4884,0,Bayes-M10-med
Boma Bungu,Kongo-Central,1,FALSE,1e-4,1e-4,2e-4,1e-4,438,438,438,1e-4,0.0152,438,3e-4,NA,NA,NA,NA,NA,NA,0.3209,3e-4,432,0.5811,0.5676,0,0.1351,0,Bayes-M10-med
Kinkonzi,Kongo-Central,1,FALSE,1e-4,1e-4,2e-4,1e-4,436,436,436,1e-4,0.0155,436,3e-4,NA,NA,NA,NA,NA,NA,0.4252,5e-4,417,0.6236,0.8958,0,0.1815,0,Bayes-M10-med
Kuimba,Kongo-Central,1,FALSE,1e-4,1e-4,2e-4,1e-4,434,433,434,1e-4,0.0165,434,3e-4,NA,NA,NA,NA,NA,NA,0.3069,4e-4,430,0.3784,0.8456,0,0.0039,0,Bayes-M10-med
Tshela,Kongo-Central,1,FALSE,1e-4,1e-4,2e-4,1e-4,431,430,431,1e-4,0.0171,431,3e-4,NA,NA,NA,NA,NA,NA,0.3282,4e-4,427,0.417,0.888,0,0.0077,0,Bayes-M10-med
Vaku,Kongo-Central,1,FALSE,1e-4,1e-4,1e-4,1e-4,442,442,442,1e-4,0.0118,442,2e-4,NA,NA,NA,NA,NA,NA,0.4194,3e-4,431,0.5676,0.9421,0,0.168,0,Bayes-M10-med
Kibunzi,Kongo-Central,1,FALSE,1e-4,1e-4,1e-4,1e-4,444,444,444,1e-4,0.0089,444,2e-4,NA,NA,NA,NA,NA,NA,0.4175,3e-4,442,0.7046,0.5251,0,0.4402,0,Bayes-M10-med
Nselo,Kongo-Central,1,FALSE,1e-4,1e-4,2e-4,1e-4,435,435,435,1e-4,0.0164,435,3e-4,NA,NA,NA,NA,NA,NA,0.374,4e-4,422,0.6564,0.5347,0,0.305,0,Bayes-M10-med
Sona Bata,Kongo-Central,1,FALSE,1e-4,1e-4,1e-4,1e-4,440,440,440,1e-4,0.0135,440,3e-4,NA,NA,NA,NA,NA,NA,0.43,4e-4,426,0.7259,0.7896,0,0.2046,0,Bayes-M10-med
Tembo,Kwango,1,FALSE,1e-4,1e-4,2e-4,1e-4,439,439,439,1e-4,0.0137,439,3e-4,NA,NA,NA,NA,NA,NA,0.3205,3e-4,436,0.7876,0.3977,0,0.0965,0,Bayes-M10-med
Kitenda,Kwango,1,FALSE,1e-4,1e-4,2e-4,1e-4,432,432,432,1e-4,0.0167,432,3e-4,NA,NA,NA,NA,NA,NA,0.376,4e-4,421,0.6641,0.4247,0,0.4151,0,Bayes-M10-med
Mutshatsha,Lualaba,1,FALSE,1e-4,1e-4,1e-4,1e-4,445,445,445,1e-4,0.0087,445,2e-4,NA,NA,NA,NA,NA,NA,0.3808,2e-4,444,0.971,0.1023,0,0.4498,0,Bayes-M10-med
Mimia,Mai-Ndombe,1,FALSE,1e-4,0,1e-4,1e-4,448,448,448,1e-4,0.0063,448,1e-4,NA,NA,NA,NA,NA,NA,0.4841,2e-4,445,0.9614,0.0521,0,0.9228,0,Bayes-M10-med
Irebu,Equateur,1,FALSE,0,0,0,0,452,452,452,0,0.0037,452,1e-4,NA,NA,NA,NA,NA,NA,0.5473,1e-4,446,0.9305,0.6776,0,0.5811,0,Bayes-M10-med
Lilanga Bobangi,Equateur,1,FALSE,0,0,0,0,450,450,450,0,0.0046,450,1e-4,NA,NA,NA,NA,NA,NA,0.4117,1e-4,447,0.9382,0.2664,0,0.4421,0,Bayes-M10-med
Kamalondo,Haut-Katanga,1,FALSE,0,0,0,0,451,451,451,0,0.0043,451,1e-4,NA,NA,NA,NA,NA,NA,0.0352,0,453,0.029,0.0019,0,0.11,0,Bayes-M10-med
Kowe,Haut-Katanga,1,FALSE,0,0,1e-4,0,449,449,449,0,0.0047,449,1e-4,NA,NA,NA,NA,NA,NA,0.07,0,452,0.0714,0.0811,0,0.1274,0,Bayes-M10-med
Kitona,Kongo-Central,1,FALSE,0,0,0,0,453,453,453,0,0.0026,453,1e-4,NA,NA,NA,NA,NA,NA,0.293,1e-4,451,0.5907,0.5792,0,0.0019,0,Bayes-M10-med
Bokoro,Mai-Ndombe,1,FALSE,0,0,0,0,454.5,454.5,454.5,0,0,454,0,NA,NA,NA,NA,NA,NA,0.471,0,454,0.6873,0.5097,0,0.6873,0,Bayes-M10-med
Idjwi,Sud-Kivu,1,FALSE,0,0,0,0,454.5,454.5,454.5,0,0,454,0,NA,NA,NA,NA,NA,NA,0.3007,0,455,0.2992,0.8224,0,0.0811,0,Bayes-M10-med
Buta,Bas-Uele,1,TRUE,NA,NA,NA,NA,NA,NA,NA,NA,NA,NA,NA,NA,NA,NA,NA,NA,NA,0.7225,NA,NA,0.9749,0.9923,0,0.9228,0,Bayes-M10-med
Ganga,Bas-Uele,1,TRUE,NA,NA,NA,NA,NA,NA,NA,NA,NA,NA,NA,NA,NA,NA,NA,NA,NA,0.7218,NA,NA,0.9672,0.9556,0,0.9643,0,Bayes-M10-med
Viadana,Bas-Uele,1,TRUE,NA,NA,NA,NA,NA,NA,NA,NA,NA,NA,NA,NA,NA,NA,NA,NA,NA,0.6846,NA,NA,0.9131,0.9788,0,0.8465,0,Bayes-M10-med
Boma Mangbetu,Haut-Uele,1,TRUE,NA,NA,NA,NA,NA,NA,NA,NA,NA,NA,NA,NA,NA,NA,NA,NA,NA,0.4122,NA,NA,0.2857,0.5039,0,0.8591,0,Bayes-M10-med
Dungu,Haut-Uele,1,TRUE,NA,NA,NA,NA,NA,NA,NA,NA,NA,NA,NA,NA,NA,NA,NA,NA,NA,0.5275,NA,NA,0.8726,0.5598,0,0.6776,0,Bayes-M10-med
Gombari,Haut-Uele,1,TRUE,NA,NA,NA,NA,NA,NA,NA,NA,NA,NA,NA,NA,NA,NA,NA,NA,NA,0.5772,NA,NA,0.9633,0.8012,0,0.5444,0,Bayes-M10-med
Isiro,Haut-Uele,1,TRUE,NA,NA,NA,NA,NA,NA,NA,NA,NA,NA,NA,NA,NA,NA,NA,NA,NA,0.5253,NA,NA,0.39,0.7587,0,0.9527,0,Bayes-M10-med
Pawa,Haut-Uele,1,TRUE,NA,NA,NA,NA,NA,NA,NA,NA,NA,NA,NA,NA,NA,NA,NA,NA,NA,0.4315,NA,NA,0.2934,0.5734,0,0.8591,0,Bayes-M10-med
Rungu,Haut-Uele,1,TRUE,NA,NA,NA,NA,NA,NA,NA,NA,NA,NA,NA,NA,NA,NA,NA,NA,NA,0.6474,NA,NA,0.8224,0.8031,0,0.9643,0,Bayes-M10-med
Wamba,Haut-Uele,1,TRUE,NA,NA,NA,NA,NA,NA,NA,NA,NA,NA,NA,NA,NA,NA,NA,NA,NA,0.4817,NA,NA,0.6737,0.4363,0,0.8166,0,Bayes-M10-med
Adja,Ituri,1,TRUE,NA,NA,NA,NA,NA,NA,NA,NA,NA,NA,NA,NA,NA,NA,NA,NA,NA,0.2645,NA,NA,0.249,0.4286,0,0.3803,0,Bayes-M10-med
Ariwara,Ituri,1,TRUE,NA,NA,NA,NA,NA,NA,NA,NA,NA,NA,NA,NA,NA,NA,NA,NA,NA,0.2862,NA,NA,0.1988,0.6988,0,0.2471,0,Bayes-M10-med
Aru,Ituri,1,TRUE,NA,NA,NA,NA,NA,NA,NA,NA,NA,NA,NA,NA,NA,NA,NA,NA,NA,0.3528,NA,NA,0.3012,0.8417,0,0.2683,0,Bayes-M10-med
Aungba,Ituri,1,TRUE,NA,NA,NA,NA,NA,NA,NA,NA,NA,NA,NA,NA,NA,NA,NA,NA,NA,0.3354,NA,NA,0.3108,0.6564,0,0.3745,0,Bayes-M10-med
Kambala,Ituri,1,TRUE,NA,NA,NA,NA,NA,NA,NA,NA,NA,NA,NA,NA,NA,NA,NA,NA,NA,0.347,NA,NA,0.3668,0.612,0,0.4093,0,Bayes-M10-med
Logo,Ituri,1,TRUE,NA,NA,NA,NA,NA,NA,NA,NA,NA,NA,NA,NA,NA,NA,NA,NA,NA,0.2384,NA,NA,0.1757,0.5927,0,0.1853,0,Bayes-M10-med
Mahagi,Ituri,1,TRUE,NA,NA,NA,NA,NA,NA,NA,NA,NA,NA,NA,NA,NA,NA,NA,NA,NA,0.2292,NA,NA,0.1718,0.6004,0,0.1448,0,Bayes-M10-med
Rimba,Ituri,1,TRUE,NA,NA,NA,NA,NA,NA,NA,NA,NA,NA,NA,NA,NA,NA,NA,NA,NA,0.306,NA,NA,0.2008,0.7124,0,0.3108,0,Bayes-M10-med
Bambu,Ituri,1,TRUE,NA,NA,NA,NA,NA,NA,NA,NA,NA,NA,NA,NA,NA,NA,NA,NA,NA,0.2399,NA,NA,0.2046,0.4691,0,0.2857,0,Bayes-M10-med
Boga,Ituri,1,TRUE,NA,NA,NA,NA,NA,NA,NA,NA,NA,NA,NA,NA,NA,NA,NA,NA,NA,0.264,NA,NA,0.3861,0.36870000000000003,0,0.3012,0,Bayes-M10-med
Bunia,Ituri,1,TRUE,NA,NA,NA,NA,NA,NA,NA,NA,NA,NA,NA,NA,NA,NA,NA,NA,NA,0.2326,NA,NA,0.1178,0.5637,0,0.249,0,Bayes-M10-med
Damas,Ituri,1,TRUE,NA,NA,NA,NA,NA,NA,NA,NA,NA,NA,NA,NA,NA,NA,NA,NA,NA,0.3224,NA,NA,0.4479,0.3282,0,0.5135,0,Bayes-M10-med
Drodro,Ituri,1,TRUE,NA,NA,NA,NA,NA,NA,NA,NA,NA,NA,NA,NA,NA,NA,NA,NA,NA,0.2674,NA,NA,0.2066,0.5907,0,0.2722,0,Bayes-M10-med
Fataki,Ituri,1,TRUE,NA,NA,NA,NA,NA,NA,NA,NA,NA,NA,NA,NA,NA,NA,NA,NA,NA,0.3185,NA,NA,0.2259,0.7201,0,0.3282,0,Bayes-M10-med
Gety,Ituri,1,TRUE,NA,NA,NA,NA,NA,NA,NA,NA,NA,NA,NA,NA,NA,NA,NA,NA,NA,0.2592,NA,NA,0.3359,0.2973,0,0.4035,0,Bayes-M10-med
Kilo,Ituri,1,TRUE,NA,NA,NA,NA,NA,NA,NA,NA,NA,NA,NA,NA,NA,NA,NA,NA,NA,0.1448,NA,NA,0.2201,0.0502,0,0.3089,0,Bayes-M10-med
Komanda,Ituri,1,TRUE,NA,NA,NA,NA,NA,NA,NA,NA,NA,NA,NA,NA,NA,NA,NA,NA,NA,0.2341,NA,NA,0.3089,0.1197,0,0.5077,0,Bayes-M10-med
Lita,Ituri,1,TRUE,NA,NA,NA,NA,NA,NA,NA,NA,NA,NA,NA,NA,NA,NA,NA,NA,NA,0.306,NA,NA,0.2761,0.7046,0,0.2432,0,Bayes-M10-med
Lolwa,Ituri,1,TRUE,NA,NA,NA,NA,NA,NA,NA,NA,NA,NA,NA,NA,NA,NA,NA,NA,NA,0.3205,NA,NA,0.6429,0,0,0.639,0,Bayes-M10-med
Mambasa,Ituri,1,TRUE,NA,NA,NA,NA,NA,NA,NA,NA,NA,NA,NA,NA,NA,NA,NA,NA,NA,0.4324,NA,NA,0.8842,0.2625,0,0.583,0,Bayes-M10-med
Mandima,Ituri,1,TRUE,NA,NA,NA,NA,NA,NA,NA,NA,NA,NA,NA,NA,NA,NA,NA,NA,NA,0.2659,NA,NA,0.4846,0.2896,0,0.2896,0,Bayes-M10-med
Mangala,Ituri,1,TRUE,NA,NA,NA,NA,NA,NA,NA,NA,NA,NA,NA,NA,NA,NA,NA,NA,NA,0.3021,NA,NA,0.305,0.6158,0,0.2876,0,Bayes-M10-med
Mongbwalu,Ituri,1,TRUE,NA,NA,NA,NA,NA,NA,NA,NA,NA,NA,NA,NA,NA,NA,NA,NA,NA,0.2616,NA,NA,0.4112,0.1834,0,0.4517,0,Bayes-M10-med
Nia Nia,Ituri,1,TRUE,NA,NA,NA,NA,NA,NA,NA,NA,NA,NA,NA,NA,NA,NA,NA,NA,NA,0.2978,NA,NA,0.666,0.0212,0,0.5039,0,Bayes-M10-med
Nizi,Ituri,1,TRUE,NA,NA,NA,NA,NA,NA,NA,NA,NA,NA,NA,NA,NA,NA,NA,NA,NA,0.1771,NA,NA,0.1544,0.3378,0,0.2162,0,Bayes-M10-med
Nyankunde,Ituri,1,TRUE,NA,NA,NA,NA,NA,NA,NA,NA,NA,NA,NA,NA,NA,NA,NA,NA,NA,0.2514,NA,NA,0.2838,0.2432,0,0.4788,0,Bayes-M10-med
Rwampara,Ituri,1,TRUE,NA,NA,NA,NA,NA,NA,NA,NA,NA,NA,NA,NA,NA,NA,NA,NA,NA,0.319,NA,NA,0.2375,0.7452,0,0.2934,0,Bayes-M10-med
Tchomia,Ituri,1,TRUE,NA,NA,NA,NA,NA,NA,NA,NA,NA,NA,NA,NA,NA,NA,NA,NA,NA,0.1998,NA,NA,0.2104,0.3745,0,0.2143,0,Bayes-M10-med
Beni,Nord-Kivu,1,TRUE,NA,NA,NA,NA,NA,NA,NA,NA,NA,NA,NA,NA,NA,NA,NA,NA,NA,0.1559,NA,NA,0.1525,0.2297,0,0.2413,0,Bayes-M10-med
Biena,Nord-Kivu,1,TRUE,NA,NA,NA,NA,NA,NA,NA,NA,NA,NA,NA,NA,NA,NA,NA,NA,NA,0.2013,NA,NA,0.251,0.166,0,0.388,0,Bayes-M10-med
Butembo,Nord-Kivu,1,TRUE,NA,NA,NA,NA,NA,NA,NA,NA,NA,NA,NA,NA,NA,NA,NA,NA,NA,0.1829,NA,NA,0.1139,0.388,0,0.2297,0,Bayes-M10-med
Kalunguta,Nord-Kivu,1,TRUE,NA,NA,NA,NA,NA,NA,NA,NA,NA,NA,NA,NA,NA,NA,NA,NA,NA,0.1559,NA,NA,0.195,0.2066,0,0.222,0,Bayes-M10-med
Katwa,Nord-Kivu,1,TRUE,NA,NA,NA,NA,NA,NA,NA,NA,NA,NA,NA,NA,NA,NA,NA,NA,NA,0.1998,NA,NA,0.0869,0.4846,0,0.2278,0,Bayes-M10-med
Kyondo,Nord-Kivu,1,TRUE,NA,NA,NA,NA,NA,NA,NA,NA,NA,NA,NA,NA,NA,NA,NA,NA,NA,0.3238,NA,NA,0.2954,0.7973,0,0.2027,0,Bayes-M10-med
Lubero,Nord-Kivu,1,TRUE,NA,NA,NA,NA,NA,NA,NA,NA,NA,NA,NA,NA,NA,NA,NA,NA,NA,0.4585,NA,NA,0.5734,0.9382,0,0.3224,0,Bayes-M10-med
Mabalako,Nord-Kivu,1,TRUE,NA,NA,NA,NA,NA,NA,NA,NA,NA,NA,NA,NA,NA,NA,NA,NA,NA,0.1573,NA,NA,0.1931,0.2046,0,0.2317,0,Bayes-M10-med
Manguredjipa,Nord-Kivu,1,TRUE,NA,NA,NA,NA,NA,NA,NA,NA,NA,NA,NA,NA,NA,NA,NA,NA,NA,0.3475,NA,NA,0.778,0.0579,0,0.5541,0,Bayes-M10-med
Masereka,Nord-Kivu,1,TRUE,NA,NA,NA,NA,NA,NA,NA,NA,NA,NA,NA,NA,NA,NA,NA,NA,NA,0.36870000000000003,NA,NA,0.2548,0.9807,0,0.2394,0,Bayes-M10-med
Musienene,Nord-Kivu,1,TRUE,NA,NA,NA,NA,NA,NA,NA,NA,NA,NA,NA,NA,NA,NA,NA,NA,NA,0.319,NA,NA,0.2645,0.7317,0,0.2799,0,Bayes-M10-med
Mutwanga,Nord-Kivu,1,TRUE,NA,NA,NA,NA,NA,NA,NA,NA,NA,NA,NA,NA,NA,NA,NA,NA,NA,0.2408,NA,NA,0.2606,0.4672,0,0.2355,0,Bayes-M10-med
Oicha,Nord-Kivu,1,TRUE,NA,NA,NA,NA,NA,NA,NA,NA,NA,NA,NA,NA,NA,NA,NA,NA,NA,0.3364,NA,NA,0.3243,0.7606,0,0.2606,0,Bayes-M10-med
Vuhovi,Nord-Kivu,1,TRUE,NA,NA,NA,NA,NA,NA,NA,NA,NA,NA,NA,NA,NA,NA,NA,NA,NA,0.2611,NA,NA,0.2027,0.6178,0,0.2239,0,Bayes-M10-med
Goma,Nord-Kivu,1,TRUE,NA,NA,NA,NA,NA,NA,NA,NA,NA,NA,NA,NA,NA,NA,NA,NA,NA,0.2669,NA,NA,0.1274,0.8977,0,0.0425,0,Bayes-M10-med
Kayna,Nord-Kivu,1,TRUE,NA,NA,NA,NA,NA,NA,NA,NA,NA,NA,NA,NA,NA,NA,NA,NA,NA,0.3113,NA,NA,0.2278,0.6332,0,0.3842,0,Bayes-M10-med
Miti Murhesa,Sud-Kivu,1,TRUE,NA,NA,NA,NA,NA,NA,NA,NA,NA,NA,NA,NA,NA,NA,NA,NA,NA,0.3277,NA,NA,0.2355,0.9131,0,0.1622,0,Bayes-M10-med
Bulu,Sud-Ubangi,1,TRUE,NA,NA,NA,NA,NA,NA,NA,NA,NA,NA,NA,NA,NA,NA,NA,NA,NA,0.3147,NA,NA,0.3649,0.1988,0,0.695,0,Bayes-M10-med
Bafwasende,Tshopo,1,TRUE,NA,NA,NA,NA,NA,NA,NA,NA,NA,NA,NA,NA,NA,NA,NA,NA,NA,0.4546,NA,NA,0.9073,0.2413,0,0.6699,0,Bayes-M10-med
Kabondo,Tshopo,1,TRUE,NA,NA,NA,NA,NA,NA,NA,NA,NA,NA,NA,NA,NA,NA,NA,NA,NA,0.18,NA,NA,0.1911,0.2722,0,0.2568,0,Bayes-M10-med
Lubunga (Tshopo),Tshopo,1,TRUE,NA,NA,NA,NA,NA,NA,NA,NA,NA,NA,NA,NA,NA,NA,NA,NA,NA,0.2288,NA,NA,0.2452,0.3436,0,0.3263,0,Bayes-M10-med
Makiso Kisangani,Tshopo,1,TRUE,NA,NA,NA,NA,NA,NA,NA,NA,NA,NA,NA,NA,NA,NA,NA,NA,NA,0.2355,NA,NA,0.1332,0.5309,0,0.278,0,Bayes-M10-med
Mangobo,Tshopo,1,TRUE,NA,NA,NA,NA,NA,NA,NA,NA,NA,NA,NA,NA,NA,NA,NA,NA,NA,0.2061,NA,NA,0.0792,0.4382,0,0.3069,0,Bayes-M10-med
Tshopo,Tshopo,1,TRUE,NA,NA,NA,NA,NA,NA,NA,NA,NA,NA,NA,NA,NA,NA,NA,NA,NA,0.2466,NA,NA,0.361,0.334,0,0.2915,0,Bayes-M10-med
Wanierukula,Tshopo,1,TRUE,NA,NA,NA,NA,NA,NA,NA,NA,NA,NA,NA,NA,NA,NA,NA,NA,NA,0.473,NA,NA,0.8436,0.5521,0,0.4961,0,Bayes-M10-med
Basali,Tshopo,1,TRUE,NA,NA,NA,NA,NA,NA,NA,NA,NA,NA,NA,NA,NA,NA,NA,NA,NA,0.3779,NA,NA,0.834,0.0251,0,0.6525,0,Bayes-M10-med
Rethy,Ituri,2,FALSE,0.6821,0.5931,0.7695,0.682,1,1,1,1.1611,66.2394,1,1,4.2607,1,NA,NA,NA,NA,0.2703,0.9443,2,0.2143,0.6081,0,0.2587,0,Bayes-M10-med
Watsa,Haut-Uele,2,FALSE,0.407,0.342,0.4759,0.4056,2,2,2,0.5249,29.9458,2,0.5966,NA,NA,NA,NA,2.9711,1,0.4797,1,1,0.7297,0.8436,0,0.3456,0,Bayes-M10-med
Nyarambe,Ituri,2,FALSE,0.2634,0.2161,0.3148,0.2618,3,3,3,0.3066,17.4922,3,0.3862,1.1252,2,NA,NA,NA,NA,0.1805,0.2436,13,0.1699,0.4595,0,0.0927,0,Bayes-M10-med
Biringi,Ituri,2,FALSE,0.2102,0.1717,0.2517,0.2088,4,4,5,0.2364,13.488,4,0.3081,0.8676,3,NA,NA,NA,NA,0.3494,0.3762,5,0.3958,0.4865,0,0.5154,0,Bayes-M10-med
Rutshuru,Nord-Kivu,2,FALSE,0.1941,0.1568,0.2353,0.1922,5,5,6,0.2162,12.3362,5,0.2845,NA,NA,2.3366,1,NA,NA,0.3721,0.3699,6,0.4093,0.9942,0,0.0849,0,Bayes-M10-med
Yakusu,Tshopo,2,FALSE,0.1923,0.1501,0.2405,0.1905,6,4,9,0.2142,12.2184,6,0.282,NA,NA,NA,NA,NA,NA,0.319,0.3143,9,0.4208,0.2085,0,0.6467,0,Bayes-M10-med
Karisimbi,Nord-Kivu,2,FALSE,0.1734,0.1406,0.2098,0.1719,7,6,8,0.1908,10.8863,7,0.2543,NA,NA,2.062,2,NA,NA,0.1597,0.1419,20,0.0907,0.5154,0,0.0328,0,Bayes-M10-med
Makoro,Haut-Uele,2,FALSE,0.1694,0.1378,0.2037,0.1686,8,7,8,0.186,10.6086,8,0.2484,NA,NA,NA,NA,1.0526,2,0.3822,0.3318,7,0.556,0.5483,0,0.4247,0,Bayes-M10-med
Niangara,Haut-Uele,2,FALSE,0.1587,0.129,0.1911,0.1579,9,9,11,0.173,9.8699,9,0.2326,NA,NA,NA,NA,0.9793,3,0.5512,0.4479,4,0.8031,0.4324,0,0.9691,0,Bayes-M10-med
Poko,Bas-Uele,2,FALSE,0.1517,0.121,0.1856,0.1502,10,10,10,0.1648,9.4035,10,0.2224,NA,NA,NA,NA,NA,NA,0.7271,0.5651,3,0.9923,0.9517,0,0.9643,0,Bayes-M10-med
Alimbongo,Nord-Kivu,2,FALSE,0.1484,0.119,0.181,0.1467,11,9,11,0.1609,9.1777,11,0.2175,NA,NA,1.7384,3,NA,NA,0.4262,0.3239,8,0.5849,0.7471,0,0.3726,0,Bayes-M10-med
Nyiragongo,Nord-Kivu,2,FALSE,0.1428,0.1151,0.173,0.1415,12,12,13,0.1543,8.8012,12,0.2093,NA,NA,1.6671,4,NA,NA,0.2891,0.2114,15,0.2432,0.8764,0,0.0367,0,Bayes-M10-med
Kibirizi,Nord-Kivu,2,FALSE,0.1412,0.1129,0.1732,0.1398,13,12,14,0.1525,8.6985,13,0.207,NA,NA,1.6476,5,NA,NA,0.4175,0.302,10,0.5405,0.8552,0,0.2741,0,Bayes-M10-med
Angumu,Ituri,2,FALSE,0.1374,0.1111,0.1666,0.1364,14,13,15,0.1481,8.4459,14,0.2015,0.5433,4,NA,NA,NA,NA,0.11,0.0775,36,0.1641,0.1641,0,0.112,0,Bayes-M10-med
Rwanguba,Nord-Kivu,2,FALSE,0.1365,0.1095,0.1668,0.1351,15,14,15,0.147,8.3875,15,0.2002,NA,NA,1.5887,6,NA,NA,0.2442,0.1708,16,0.2085,0.7027,0,0.0656,0,Bayes-M10-med
Kirotshe,Nord-Kivu,2,FALSE,0.1303,0.1048,0.1581,0.1291,16,16,16,0.1398,7.9732,16,0.191,NA,NA,1.5102,7,NA,NA,0.3842,0.2564,11,0.3764,0.9961,0,0.1641,0,Bayes-M10-med
Faradje,Haut-Uele,2,FALSE,0.1065,0.0837,0.1332,0.1055,17,17,20,0.1128,6.4331,17,0.1562,NA,NA,NA,NA,0.6383,4,0.4474,0.2441,12,0.7606,0.666,0,0.3629,0,Bayes-M10-med
Linga,Ituri,2,FALSE,0.1032,0.0832,0.1257,0.1023,18,17,18,0.1091,6.2223,18,0.1514,0.4002,5,NA,NA,NA,NA,0.2148,0.1136,28,0.1969,0.3417,0,0.3205,0,Bayes-M10-med
Kamango,Nord-Kivu,2,FALSE,0.1016,0.0807,0.1247,0.1004,19,17,20,0.1072,6.117,19,0.1489,NA,NA,1.1586,8,NA,NA,0.4373,0.2275,14,0.6583,0.917,0,0.1737,0,Bayes-M10-med
Jiba,Ituri,2,FALSE,0.0982,0.0791,0.1194,0.0974,20,19,20,0.1034,5.9008,20,0.1439,0.3796,6,NA,NA,NA,NA,0.1651,0.083,33,0.1815,0.1274,0,0.3514,0,Bayes-M10-med
Bengamisa,Tshopo,2,FALSE,0.0806,0.0631,0.1011,0.0798,21,21,24,0.0841,4.8,21,0.1182,NA,NA,NA,NA,NA,NA,0.3012,0.1244,24,0.612,0.2162,0,0.3764,0,Bayes-M10-med
Bambo,Nord-Kivu,2,FALSE,0.0748,0.0595,0.092,0.0739,22,21,24,0.0778,4.4382,22,0.1097,NA,NA,0.8407,9,NA,NA,0.3962,0.1518,19,0.5521,0.9073,0,0.1255,0,Bayes-M10-med
Banalia,Tshopo,2,FALSE,0.0703,0.0565,0.0853,0.0698,23,23,24,0.0729,4.1587,23,0.103,NA,NA,NA,NA,NA,NA,0.4242,0.1527,18,0.7799,0.1178,0,0.7992,0,Bayes-M10-med
Binza,Nord-Kivu,2,FALSE,0.0658,0.0522,0.0811,0.065,24,22,26,0.0681,3.886,24,0.0965,NA,NA,0.7361,10,NA,NA,0.3518,0.1186,26,0.471,0.8378,0,0.0985,0,Bayes-M10-med
Ibanda,Sud-Kivu,2,FALSE,0.0641,0.0513,0.0786,0.0634,26,25,26,0.0663,3.7805,26,0.094,NA,NA,NA,NA,NA,NA,0.2307,0.0757,37,0.083,0.6216,0,0.2181,0,Bayes-M10-med
Minova,Sud-Kivu,2,FALSE,0.0641,0.0511,0.0786,0.0634,25,25,27,0.0663,3.7823,25,0.094,NA,NA,NA,NA,NA,NA,0.3866,0.1269,23,0.4421,0.9826,0,0.1216,0,Bayes-M10-med
Isangi,Tshopo,2,FALSE,0.0624,0.048,0.0793,0.0616,27,22,34,0.0645,3.678,27,0.0915,NA,NA,NA,NA,NA,NA,0.3837,0.1226,25,0.4054,0.4073,0,0.722,0,Bayes-M10-med
Mweso,Nord-Kivu,2,FALSE,0.0599,0.0476,0.0737,0.0591,28,27,30,0.0618,3.5251,28,0.0878,NA,NA,0.6677,11,NA,NA,0.4189,0.1285,22,0.4498,0.9614,0,0.2645,0,Bayes-M10-med
Basoko,Tshopo,2,FALSE,0.0585,0.0465,0.0725,0.058,29,27,35,0.0604,3.4432,29,0.0858,NA,NA,NA,NA,NA,NA,0.3012,0.0903,30,0.5077,0.3147,0,0.3822,0,Bayes-M10-med
Nsele,Kinshasa,2,FALSE,0.0583,0.0468,0.0711,0.0579,30,28,30,0.0602,3.4315,30,0.0855,NA,NA,NA,NA,NA,NA,0.1583,0.0473,51,0.139,0.3996,0,0.0946,0,Bayes-M10-med
Masisi,Nord-Kivu,2,FALSE,0.0573,0.0459,0.0702,0.0568,31,29,32,0.0591,3.3692,31,0.084,NA,NA,0.6382,12,NA,NA,0.4402,0.1292,21,0.4324,0.9575,0,0.3707,0,Bayes-M10-med
Gombe,Kinshasa,2,FALSE,0.0565,0.0453,0.0688,0.0561,32,31,34,0.0582,3.3202,32,0.0829,NA,NA,NA,NA,NA,NA,0.1622,0.0469,52,0.0695,0.5695,0,0.0097,0,Bayes-M10-med
Laybo,Ituri,2,FALSE,0.0561,0.045,0.0686,0.0556,33,31,34,0.0577,3.2945,33,0.0822,0.2119,7,NA,NA,NA,NA,0.3393,0.0975,29,0.3069,0.556,0,0.4942,0,Bayes-M10-med
Adi,Ituri,2,FALSE,0.056,0.0447,0.0687,0.0555,34,29,35,0.0577,3.2888,34,0.0821,0.2115,8,NA,NA,NA,NA,0.3977,0.1141,27,0.2587,0.7104,0,0.6216,0,Bayes-M10-med
Aba,Haut-Uele,2,FALSE,0.0534,0.0427,0.0655,0.053,35,29,35,0.0549,3.1312,35,0.0783,NA,NA,NA,NA,0.3107,5,0.569,0.1556,17,0.6004,0.6853,0,0.9903,0,Bayes-M10-med
Kadutu,Sud-Kivu,2,FALSE,0.0472,0.0377,0.0579,0.0467,36,36,37,0.0483,2.7578,36,0.0692,NA,NA,NA,NA,NA,NA,0.1636,0.0395,57,0.0579,0.3861,0,0.2104,0,Bayes-M10-med
Limete,Kinshasa,2,FALSE,0.0443,0.0355,0.053900000000000003,0.044,37,37,38,0.0453,2.586,37,0.0649,NA,NA,NA,NA,NA,NA,0.056,0.0127,107,0.0405,0.1371,0,0.0463,0,Bayes-M10-med
Katana,Sud-Kivu,2,FALSE,0.0441,0.0352,0.0541,0.0437,38,37,39,0.0451,2.5753,38,0.0647,NA,NA,NA,NA,NA,NA,0.3224,0.0729,40,0.2471,0.9112,0,0.1313,0,Bayes-M10-med
Binza Ozone,Kinshasa,2,FALSE,0.0407,0.0326,0.0497,0.0403,40,39,40,0.0416,2.3712,39,0.0597,NA,NA,NA,NA,NA,NA,0.152,0.0317,65,0.0734,0.5232,0,0.0116,0,Bayes-M10-med
Kabare,Sud-Kivu,2,FALSE,0.0405,0.0323,0.0497,0.0401,40,39,43,0.0414,2.3612,40,0.0594,NA,NA,NA,NA,NA,NA,0.3567,0.074,39,0.2394,0.9884,0,0.1988,0,Bayes-M10-med
Kokolo,Kinshasa,2,FALSE,0.0395,0.0316,0.0483,0.0392,41,41,43,0.0404,2.3026,41,0.058,NA,NA,NA,NA,NA,NA,0.2172,0.044,55,0.0772,0.7722,0,0.0193,0,Bayes-M10-med
Lingwala,Kinshasa,2,FALSE,0.0395,0.0316,0.0481,0.0392,42,42,42,0.0403,2.2973,42,0.0578,NA,NA,NA,NA,NA,NA,0.0323,0.0065,149,0.0232,0.0907,0,0.0154,0,Bayes-M10-med
Yabaondo,Tshopo,2,FALSE,0.0381,0.0291,0.0488,0.0376,43,36,52,0.0389,2.2166,43,0.0558,NA,NA,NA,NA,NA,NA,0.3523,0.0687,41,0.4363,0.305,0,0.668,0,Bayes-M10-med
Katoyi,Nord-Kivu,2,FALSE,0.0358,0.0284,0.0439,0.0354,44,43,49,0.0364,2.078,44,0.0524,NA,NA,0.3936,13,NA,NA,0.4542,0.0832,32,0.4614,0.9595,0,0.3958,0,Bayes-M10-med
Kinshasa,Kinshasa,2,FALSE,0.0353,0.0282,0.043,0.0351,45,44,45,0.036,2.0521,45,0.0518,NA,NA,NA,NA,NA,NA,0.0203,0.0037,224,0.0135,0.0463,0,0.0212,0,Bayes-M10-med
Kalamu 1,Kinshasa,2,FALSE,0.0352,0.0281,0.0429,0.0349,46,45,47,0.0358,2.0436,46,0.0516,NA,NA,NA,NA,NA,NA,0.0309,0.0056,170,0.0193,0.0734,0,0.0309,0,Bayes-M10-med
Kasa Vubu,Kinshasa,2,FALSE,0.0351,0.0281,0.0428,0.0349,47,46,48,0.0358,2.0412,47,0.0515,NA,NA,NA,NA,NA,NA,0.0444,0.008,134,0.0309,0.1216,0,0.0251,0,Bayes-M10-med
Bafwagbogbo,Tshopo,2,FALSE,0.0339,0.0271,0.0414,0.0337,48,47,49,0.0345,1.9697,48,0.0497,NA,NA,NA,NA,NA,NA,0.3948,0.0686,42,0.8591,0.027,0,0.6931,0,Bayes-M10-med
Ubundu,Tshopo,2,FALSE,0.0323,0.0248,0.0412,0.0319,49,44,59,0.0329,1.8766,49,0.0474,NA,NA,NA,NA,NA,NA,0.4744,0.0786,35,0.9054,0.4305,0,0.5618,0,Bayes-M10-med
Lemba,Kinshasa,2,FALSE,0.0315,0.0251,0.0384,0.0312,50,49,50,0.032,1.8242,50,0.0461,NA,NA,NA,NA,NA,NA,0.1023,0.0165,92,0.0483,0.3069,0,0.0541,0,Bayes-M10-med
Uvira,Sud-Kivu,2,FALSE,0.0312,0.0248,0.0383,0.0308,51,48,53,0.0317,1.8065,51,0.0457,NA,NA,NA,NA,NA,NA,0.5502,0.0878,31,0.2181,0.9846,0,0.9981,0,Bayes-M10-med
Masina 1,Kinshasa,2,FALSE,0.031,0.0248,0.0379,0.0308,51,50,52,0.0315,1.7996,52,0.0455,NA,NA,NA,NA,NA,NA,0.0193,0.0031,248,0.0077,0.0077,0,0.0618,0,Bayes-M10-med
Kintambo,Kinshasa,2,FALSE,0.0309,0.0247,0.0377,0.0307,52,51,53,0.0314,1.7915,53,0.0453,NA,NA,NA,NA,NA,NA,0.0338,0.0053,176,0.0212,0.1004,0,0.0135,0,Bayes-M10-med
Birambizo,Nord-Kivu,2,FALSE,0.0289,0.0229,0.0356,0.0285,54,53,57,0.0293,1.6722,54,0.0423,NA,NA,0.3167,14,NA,NA,0.3625,0.0536,46,0.4035,0.89,0,0.1564,0,Bayes-M10-med
Walikale,Nord-Kivu,2,FALSE,0.0273,0.0218,0.0334,0.0271,56,54,61,0.0276,1.5765,55,0.04,NA,NA,0.2986,15,NA,NA,0.5729,0.08,34,0.9459,0.9286,0,0.417,0,Bayes-M10-med
Mbaya,Sud-Ubangi,2,FALSE,0.0269,0.0205,0.0347,0.0266,56,50,63,0.0273,1.5589,56,0.0395,NA,NA,NA,NA,NA,NA,0.3142,0.0434,56,0.3514,0.2239,0,0.6815,0,Bayes-M10-med
Masina 2,Kinshasa,2,FALSE,0.0268,0.0214,0.0327,0.0266,57,57,59,0.0271,1.5478,57,0.0392,NA,NA,NA,NA,NA,NA,0.0265,0.0036,225,0.0174,0.0193,0,0.0695,0,Bayes-M10-med
Bandalungwa,Kinshasa,2,FALSE,0.0267,0.0214,0.0326,0.0265,58,57,59,0.0271,1.5464,58,0.0392,NA,NA,NA,NA,NA,NA,0.0709,0.0097,120,0.0328,0.2336,0,0.0174,0,Bayes-M10-med
Walungu,Sud-Kivu,2,FALSE,0.0267,0.0212,0.0329,0.0264,59,55,60,0.027,1.5425,59,0.0391,NA,NA,NA,NA,NA,NA,0.3248,0.0444,54,0.1853,0.8803,0,0.2336,0,Bayes-M10-med
Kalehe,Sud-Kivu,2,FALSE,0.0262,0.0208,0.0323,0.0259,60,57,62,0.0266,1.5165,60,0.0384,NA,NA,NA,NA,NA,NA,0.3369,0.0453,53,0.3417,0.8649,0,0.1409,0,Bayes-M10-med
Lubutu,Maniema,2,FALSE,0.0261,0.0208,0.0322,0.0259,61,56,63,0.0264,1.5073,61,0.0382,NA,NA,NA,NA,NA,NA,0.4706,0.0628,43,0.8205,0.2819,0,0.7799,0,Bayes-M10-med
Ruzizi,Sud-Kivu,2,FALSE,0.0258,0.0205,0.0318,0.0256,62,59,63,0.0262,1.4943,62,0.0379,NA,NA,NA,NA,NA,NA,0.5627,0.0745,38,0.3494,0.9093,0,0.9923,0,Bayes-M10-med
Budjala,Sud-Ubangi,2,FALSE,0.0247,0.0187,0.0317,0.0244,63,55,69,0.025,1.4256,63,0.0362,NA,NA,NA,NA,NA,NA,0.43,0.0543,45,0.5154,0.4035,0,0.8012,0,Bayes-M10-med
Binza Meteo,Kinshasa,2,FALSE,0.0234,0.0187,0.0287,0.0232,64,64,65,0.0237,1.3534,65,0.0344,NA,NA,NA,NA,NA,NA,0.2558,0.0307,68,0.0965,0.8996,0,0.027,0,Bayes-M10-med
Yaleko,Tshopo,2,FALSE,0.0234,0.0179,0.0299,0.0231,65,56,73,0.0237,1.3534,64,0.0344,NA,NA,NA,NA,NA,NA,0.402,0.0483,50,0.639,0.2452,0,0.7239,0,Bayes-M10-med
Bagira,Sud-Kivu,2,FALSE,0.0229,0.0182,0.0281,0.0226,66,64,67,0.0231,1.32,66,0.0335,NA,NA,NA,NA,NA,NA,0.236,0.0276,70,0.1004,0.6371,0,0.2066,0,Bayes-M10-med
Kikimi,Kinshasa,2,FALSE,0.0226,0.018,0.0276,0.0224,66,66,67,0.0229,1.3043,67,0.0331,NA,NA,NA,NA,NA,NA,0.0835,0.0097,122,0.056,0.1911,0,0.0869,0,Bayes-M10-med
Matete,Kinshasa,2,FALSE,0.0224,0.0178,0.0273,0.0222,68,67,68,0.0226,1.29,68,0.0328,NA,NA,NA,NA,NA,NA,0.0492,0.0056,168,0.0251,0.1158,0,0.056,0,Bayes-M10-med
Barumbu,Kinshasa,2,FALSE,0.0222,0.0177,0.0272,0.0221,69,68,69,0.0225,1.2824,69,0.0326,NA,NA,NA,NA,NA,NA,0.014,0.0016,338,0.0097,0.0232,0,0.0232,0,Bayes-M10-med
Nyantende,Sud-Kivu,2,FALSE,0.0217,0.0173,0.0267,0.0215,70,67,70,0.022,1.2535,70,0.0319,NA,NA,NA,NA,NA,NA,0.3219,0.0358,58,0.1486,0.8938,0,0.2452,0,Bayes-M10-med
Fizi,Sud-Kivu,2,FALSE,0.0198,0.0157,0.0245,0.0196,71,70,73,0.02,1.1407,71,0.029,NA,NA,NA,NA,NA,NA,0.5637,0.0571,44,0.7432,0.9691,0,0.5425,0,Bayes-M10-med
Mont Ngafula 1,Kinshasa,2,FALSE,0.0194,0.0155,0.0238,0.0193,72,71,73,0.0196,1.1202,72,0.0285,NA,NA,NA,NA,NA,NA,0.2066,0.0206,81,0.1371,0.6313,0,0.0579,0,Bayes-M10-med
Nyemba,Tanganyika,2,FALSE,0.0193,0.0153,0.0237,0.019,73,71,75,0.0194,1.1095,73,0.0282,NA,NA,NA,NA,NA,NA,0.3456,0.0341,61,0.5965,0.4556,0,0.3301,0,Bayes-M10-med
Mont Ngafula 2,Kinshasa,2,FALSE,0.0189,0.0151,0.0231,0.0187,75,74,75,0.019,1.086,75,0.0276,NA,NA,NA,NA,NA,NA,0.0951,0.0092,125,0.0849,0.2568,0,0.0386,0,Bayes-M10-med
Selembao,Kinshasa,2,FALSE,0.0189,0.0151,0.0231,0.0187,74,72,75,0.0191,1.088,74,0.0277,NA,NA,NA,NA,NA,NA,0.0676,0.0065,148,0.0444,0.1815,0,0.0444,0,Bayes-M10-med
Ndjili,Kinshasa,2,FALSE,0.0184,0.0147,0.0225,0.0183,76,76,78,0.0186,1.0622,76,0.027,NA,NA,NA,NA,NA,NA,0.0487,0.0046,191,0.027,0.1042,0,0.0637,0,Bayes-M10-med
Kingabwa,Kinshasa,2,FALSE,0.0181,0.0144,0.0221,0.0179,77,77,79,0.0183,1.0415,77,0.0265,NA,NA,NA,NA,NA,NA,0.0478,0.0044,196,0.0425,0.0965,0,0.0521,0,Bayes-M10-med
Ngiri Ngiri,Kinshasa,2,FALSE,0.018,0.0144,0.0219,0.0179,78,77,80,0.0181,1.0353,78,0.0264,NA,NA,NA,NA,NA,NA,0.028,0.0026,268,0.0154,0.0676,0,0.029,0,Bayes-M10-med
Pinga,Nord-Kivu,2,FALSE,0.0179,0.0142,0.022,0.0177,79,77,80,0.0181,1.0302,79,0.0262,NA,NA,0.1951,16,NA,NA,0.57,0.0522,47,0.9595,0.7548,0,0.5656,0,Bayes-M10-med
Lemera,Sud-Kivu,2,FALSE,0.0178,0.0141,0.022,0.0176,80,76,81,0.018,1.0274,80,0.0262,NA,NA,NA,NA,NA,NA,0.5613,0.0513,48,0.3629,0.9015,0,0.9807,0,Bayes-M10-med
Police,Kinshasa,2,FALSE,0.0177,0.0141,0.0216,0.0176,81,79,82,0.0179,1.0188,81,0.0259,NA,NA,NA,NA,NA,NA,0.0478,0.0043,199,0.0463,0.0772,0,0.0676,0,Bayes-M10-med
Mubumbano,Sud-Kivu,2,FALSE,0.0172,0.0137,0.0212,0.017,82,81,82,0.0174,0.9915,82,0.0253,NA,NA,NA,NA,NA,NA,0.3658,0.0323,62,0.2683,0.9402,0,0.2548,0,Bayes-M10-med
Nyangezi,Sud-Kivu,2,FALSE,0.0165,0.0131,0.0203,0.0163,83,83,84,0.0166,0.949,83,0.0242,NA,NA,NA,NA,NA,NA,0.36870000000000003,0.0312,67,0.222,0.8842,0,0.36870000000000003,0,Bayes-M10-med
Bunyakiri,Sud-Kivu,2,FALSE,0.0149,0.0119,0.0182,0.0148,84,84,87,0.0151,0.8588,84,0.0219,NA,NA,NA,NA,NA,NA,0.4517,0.0346,60,0.6197,0.832,0,0.3552,0,Bayes-M10-med
Titule,Bas-Uele,2,FALSE,0.0144,0.0113,0.018,0.0143,85,84,92,0.0145,0.8299,85,0.0212,NA,NA,NA,NA,NA,NA,0.6839,0.0506,49,0.9865,0.8263,0,0.9228,0,Bayes-M10-med
Kingasani,Kinshasa,2,FALSE,0.014,0.0111,0.017,0.0139,88,87,90,0.0141,0.8019,88,0.0205,NA,NA,NA,NA,NA,NA,0.0294,0.0021,291,0.0058,0.0405,0,0.0714,0,Bayes-M10-med
Maluku 1,Kinshasa,2,FALSE,0.014,0.0112,0.0172,0.0139,87,86,90,0.0141,0.8061,86,0.0206,NA,NA,NA,NA,NA,NA,0.2321,0.0167,91,0.3475,0.4517,0,0.1293,0,Bayes-M10-med
Mwana,Sud-Kivu,2,FALSE,0.014,0.0111,0.0173,0.0138,87,86,92,0.0141,0.8036,87,0.0205,NA,NA,NA,NA,NA,NA,0.3731,0.0267,74,0.2896,0.9035,0,0.2992,0,Bayes-M10-med
Opienge,Tshopo,2,FALSE,0.0139,0.0111,0.0171,0.0138,89,88,89,0.014,0.8015,89,0.0205,NA,NA,NA,NA,NA,NA,0.4445,0.0318,64,0.9556,0.0135,0,0.8089,0,Bayes-M10-med
Kaniola,Sud-Kivu,2,FALSE,0.0138,0.0109,0.017,0.0136,90,87,93,0.0139,0.7908,90,0.0202,NA,NA,NA,NA,NA,NA,0.4513,0.0318,63,0.5328,0.9305,0,0.3417,0,Bayes-M10-med
Yahuma,Tshopo,2,FALSE,0.0134,0.0103,0.0171,0.0132,91,83,94,0.0135,0.7698,91,0.0196,NA,NA,NA,NA,NA,NA,0.4402,0.0302,69,0.8649,0.332,0,0.5637,0,Bayes-M10-med
Djolu,Tshuapa,2,FALSE,0.0131,0.0101,0.0166,0.0129,93,85,96,0.0131,0.7501,92,0.0191,NA,NA,NA,NA,NA,NA,0.5256,0.0352,59,0.7104,0.5985,0,0.7934,0,Bayes-M10-med
Kindu,Maniema,2,FALSE,0.013,0.0104,0.016,0.0129,92,91,94,0.0131,0.7485,93,0.0191,NA,NA,NA,NA,NA,NA,0.3181,0.0212,79,0.1351,0.2529,0,0.8842,0,Bayes-M10-med
Yahisuli,Tshopo,2,FALSE,0.0124,0.0095,0.0159,0.0123,94,87,99,0.0125,0.7136,94,0.0182,NA,NA,NA,NA,NA,NA,0.3521,0.0224,77,0.3842,0.0714,0,0.9527,0,Bayes-M10-med
Kasongo,Maniema,2,FALSE,0.0115,0.0091,0.0143,0.0114,95,93,96,0.0116,0.6622,95,0.0169,NA,NA,NA,NA,NA,NA,0.5304,0.0314,66,0.4459,0.7529,0,0.9228,0,Bayes-M10-med
Binga,Mongala,2,FALSE,0.0112,0.0085,0.0143,0.011,96,92,100,0.0112,0.6412,96,0.0164,NA,NA,NA,NA,NA,NA,0.3306,0.0189,84,0.4749,0.249,0,0.5985,0,Bayes-M10-med
Lubumbashi,Haut-Katanga,2,FALSE,0.0108,0.0086,0.0133,0.0107,97,95,98,0.0109,0.6212,97,0.0159,NA,NA,NA,NA,NA,NA,0.1105,0.0061,154,0.1081,0.2104,0,0.1236,0,Bayes-M10-med
Kalemie,Tanganyika,2,FALSE,0.0107,0.0085,0.0132,0.0106,98,94,99,0.0108,0.6149,98,0.0157,NA,NA,NA,NA,NA,NA,0.3789,0.0208,80,0.6718,0.4575,0,0.3861,0,Bayes-M10-med
Kibua,Nord-Kivu,2,FALSE,0.0102,0.0082,0.0125,0.0102,99,98,100,0.0103,0.5873,99,0.015,NA,NA,0.1112,17,NA,NA,0.5154,0.027,71,0.7741,0.6602,0,0.6274,0,Bayes-M10-med
Opala,Tshopo,2,FALSE,0.0102,0.0078,0.013,0.0101,100,95,107,0.0103,0.5855,100,0.015,NA,NA,NA,NA,NA,NA,0.4269,0.0223,78,0.7819,0.0792,0,0.8465,0,Bayes-M10-med
Makala,Kinshasa,2,FALSE,0.0093,0.0074,0.0114,0.0093,101,100,102,0.0094,0.5348,101,0.0137,NA,NA,NA,NA,NA,NA,0.0246,0.0012,374,0.0116,0.0386,0,0.0483,0,Bayes-M10-med
Kalamu 2,Kinshasa,2,FALSE,0.0091,0.0072,0.0111,0.009,102,102,104,0.0091,0.5199,102,0.0133,NA,NA,NA,NA,NA,NA,0.015,7e-4,410,0.0039,0.0154,0,0.0405,0,Bayes-M10-med
Gemena,Sud-Ubangi,2,FALSE,0.0089,0.0069,0.0113,0.0088,104,99,108,0.009,0.5126,103,0.0131,NA,NA,NA,NA,NA,NA,0.3277,0.015,98,0.1776,0.2741,0,0.8591,0,Bayes-M10-med
Nundu,Sud-Kivu,2,FALSE,0.0088,0.007,0.0109,0.0087,104,102,106,0.0089,0.5069,104,0.013,NA,NA,NA,NA,NA,NA,0.5927,0.0269,73,0.527,0.8494,0,0.9942,0,Bayes-M10-med
Doruma,Haut-Uele,2,FALSE,0.0085,0.0067,0.0106,0.0084,107,102,109,0.0085,0.4847,107,0.0124,NA,NA,NA,NA,0.0481,6,0.6216,0.0269,72,0.973,0.5135,0,1,0,Bayes-M10-med
Itebero,Nord-Kivu,2,FALSE,0.0085,0.0068,0.0105,0.0085,105,102,108,0.0086,0.4896,105,0.0125,NA,NA,0.0927,18,NA,NA,0.5574,0.0244,75,0.9112,0.722,0,0.5965,0,Bayes-M10-med
Kalonge,Sud-Kivu,2,FALSE,0.0085,0.0067,0.0104,0.0084,106,104,108,0.0085,0.4856,106,0.0124,NA,NA,NA,NA,NA,NA,0.404,0.0175,88,0.4961,0.8359,0,0.2838,0,Bayes-M10-med
Kunda,Maniema,2,FALSE,0.0082,0.0065,0.0101,0.0081,108,106,110,0.0082,0.4692,108,0.012,NA,NA,NA,NA,NA,NA,0.4165,0.0175,89,0.4633,0.2799,0,0.9228,0,Bayes-M10-med
Lisala,Mongala,2,FALSE,0.0079,0.0063,0.0096,0.0078,109,109,110,0.0079,0.4498,109,0.0115,NA,NA,NA,NA,NA,NA,0.4093,0.0165,93,0.4286,0.4402,0,0.7683,0,Bayes-M10-med
Lolo,Mongala,2,FALSE,0.0078,0.0061,0.0098,0.0078,110,103,114,0.0079,0.4495,110,0.0115,NA,NA,NA,NA,NA,NA,0.3161,0.0127,106,0.4073,0.3263,0,0.5309,0,Bayes-M10-med
Saramabila,Maniema,2,FALSE,0.0071,0.0056,0.0088,0.007,111,110,114,0.0071,0.406,111,0.0104,NA,NA,NA,NA,NA,NA,0.4768,0.0173,90,0.473,0.5502,0,0.8842,0,Bayes-M10-med
Lingomo,Tshuapa,2,FALSE,0.007,0.0054,0.0089,0.0069,112,106,125,0.007,0.4,112,0.0102,NA,NA,NA,NA,NA,NA,0.5627,0.0201,82,0.8263,0.5869,0,0.8378,0,Bayes-M10-med
Kongolo,Tanganyika,2,FALSE,0.0069,0.0054,0.0085,0.0068,113,111,116,0.0069,0.3948,113,0.0101,NA,NA,NA,NA,NA,NA,0.6829,0.0241,76,0.8861,0.9228,0,0.9228,0,Bayes-M10-med
Kabinda,Lomami,2,FALSE,0.0066,0.0052,0.0082,0.0066,114,112,118,0.0067,0.3803,114,0.0097,NA,NA,NA,NA,NA,NA,0.4382,0.0149,99,0.5097,0.5541,0,0.6892,0,Bayes-M10-med
Kaziba,Sud-Kivu,2,FALSE,0.0066,0.0052,0.0082,0.0065,115,113,119,0.0066,0.3789,115,0.0097,NA,NA,NA,NA,NA,NA,0.3571,0.0121,109,0.2876,0.7838,0,0.3571,0,Bayes-M10-med
Manika,Lualaba,2,FALSE,0.0065,0.0052,0.008,0.0064,116,115,117,0.0065,0.3716,116,0.0095,NA,NA,NA,NA,NA,NA,0.1149,0.0038,219,0.0946,0.222,0,0.1429,0,Bayes-M10-med
Mumbunda,Haut-Katanga,2,FALSE,0.0064,0.0051,0.0079,0.0063,118,117,120,0.0064,0.3659,118,0.0094,NA,NA,NA,NA,NA,NA,0.1853,0.0061,157,0.1197,0.5077,0,0.1139,0,Bayes-M10-med
Shabunda,Sud-Kivu,2,FALSE,0.0064,0.0051,0.0079,0.0063,117,115,122,0.0064,0.3677,117,0.0094,NA,NA,NA,NA,NA,NA,0.5922,0.0195,83,0.8378,0.8726,0,0.6583,0,Bayes-M10-med
Punia,Maniema,2,FALSE,0.0063,0.0051,0.0078,0.0063,119,113,124,0.0064,0.3632,119,0.0093,NA,NA,NA,NA,NA,NA,0.3731,0.0121,108,0.7625,0.1969,0,0.5328,0,Bayes-M10-med
Kitutu,Sud-Kivu,2,FALSE,0.0063,0.005,0.0078,0.0062,120,117,124,0.0063,0.3592,120,0.0092,NA,NA,NA,NA,NA,NA,0.5024,0.0162,95,0.751,0.805,0,0.4537,0,Bayes-M10-med
Kimbi Lulenge,Sud-Kivu,2,FALSE,0.0062,0.0049,0.0077,0.0061,121,118,125,0.0062,0.356,121,0.0091,NA,NA,NA,NA,NA,NA,0.5507,0.0175,87,0.8475,0.8687,0,0.4865,0,Bayes-M10-med
Yamaluka,Mongala,2,FALSE,0.0061,0.0049,0.0075,0.0061,122,121,122,0.0062,0.3516,122,0.009,NA,NA,NA,NA,NA,NA,0.1974,0.0062,153,0.2799,0.1448,0,0.3649,0,Bayes-M10-med
Mwenga,Sud-Kivu,2,FALSE,0.0059,0.0046,0.0072,0.0058,123,120,127,0.0059,0.3348,123,0.0086,NA,NA,NA,NA,NA,NA,0.319,0.0096,123,0.5,0.3552,0,0.4208,0,Bayes-M10-med
Bonzola,Kasaï-Oriental,2,FALSE,0.0058,0.0046,0.0072,0.0057,124,122,128,0.0058,0.3317,124,0.0085,NA,NA,NA,NA,NA,NA,0.2958,0.0088,128,0.0927,0.7934,0,0.2973,0,Bayes-M10-med
Ikela,Tshuapa,2,FALSE,0.0058,0.0045,0.0073,0.0057,125,113,143,0.0058,0.3317,125,0.0085,NA,NA,NA,NA,NA,NA,0.4633,0.0138,102,0.8147,0.1795,0,0.8591,0,Bayes-M10-med
Kalole,Sud-Kivu,2,FALSE,0.0057,0.0045,0.0071,0.0057,126,123,129,0.0058,0.3288,126,0.0084,NA,NA,NA,NA,NA,NA,0.6038,0.0178,86,0.89,0.7799,0,0.7452,0,Bayes-M10-med
Yalimbongo,Tshopo,2,FALSE,0.0057,0.0044,0.0072,0.0056,127,115,148,0.0057,0.3244,127,0.0083,NA,NA,NA,NA,NA,NA,0.3214,0.0093,124,0.5772,0.0483,0,0.6602,0,Bayes-M10-med
Bumba,Mongala,2,FALSE,0.0055,0.0044,0.0068,0.0054,130,124,141,0.0055,0.3134,130,0.008,NA,NA,NA,NA,NA,NA,0.2384,0.0067,145,0.1409,0.4537,0,0.3591,0,Bayes-M10-med
Kamituga,Sud-Kivu,2,FALSE,0.0055,0.0043,0.0068,0.0054,128,126,134,0.0055,0.3143,128,0.0081,NA,NA,NA,NA,NA,NA,0.3596,0.0101,115,0.3938,0.6062,0,0.4382,0,Bayes-M10-med
Mulungu,Sud-Kivu,2,FALSE,0.0055,0.0043,0.0068,0.0054,129,127,137,0.0055,0.3136,129,0.008,NA,NA,NA,NA,NA,NA,0.5208,0.0146,100,0.861,0.5193,0,0.7027,0,Bayes-M10-med
Kisenso,Kinshasa,2,FALSE,0.0054,0.0043,0.0067,0.0054,130,129,132,0.0055,0.3117,131,0.008,NA,NA,NA,NA,NA,NA,0.0589,0.0016,336,0.0367,0.139,0,0.0598,0,Bayes-M10-med
Yambuku,Mongala,2,FALSE,0.0054,0.0043,0.0066,0.0054,130,129,132,0.0055,0.3113,132,0.008,NA,NA,NA,NA,NA,NA,0.4344,0.0121,110,0.5483,0.5753,0,0.6139,0,Bayes-M10-med
Ndage,Sud-Ubangi,2,FALSE,0.0054,0.0041,0.0068,0.0053,133,121,145,0.0054,0.3067,134,0.0079,NA,NA,NA,NA,NA,NA,0.3533,0.0097,121,0.3996,0.2761,0,0.7375,0,Bayes-M10-med
Mbulula,Tanganyika,2,FALSE,0.0054,0.0042,0.0067,0.0053,134,128,139,0.0054,0.3076,133,0.0079,NA,NA,NA,NA,NA,NA,0.5934,0.0163,94,0.6448,0.7761,0,0.9527,0,Bayes-M10-med
Aketi,Bas-Uele,2,FALSE,0.0053,0.0043,0.0065,0.0053,135,126,142,0.0054,0.3053,135,0.0078,NA,NA,NA,NA,NA,NA,0.6762,0.0185,85,0.9903,0.9363,0,0.778,0,Bayes-M10-med
Kipushi,Haut-Katanga,2,FALSE,0.0053,0.0042,0.0065,0.0052,136,131,137,0.0053,0.3028,137,0.0078,NA,NA,NA,NA,NA,NA,0.1216,0.0033,240,0.2703,0.1081,0,0.1081,0,Bayes-M10-med
Tshamilemba,Haut-Katanga,2,FALSE,0.0053,0.0042,0.0065,0.0052,137,134,138,0.0053,0.3019,138,0.0077,NA,NA,NA,NA,NA,NA,0.0772,0.0021,293,0.0656,0.1255,0,0.1178,0,Bayes-M10-med
Biyela,Kinshasa,2,FALSE,0.0053,0.0042,0.0065,0.0053,134,132,136,0.0053,0.3033,136,0.0078,NA,NA,NA,NA,NA,NA,0.1076,0.0029,253,0.0637,0.2838,0,0.083,0,Bayes-M10-med
Kimbanseke,Kinshasa,2,FALSE,0.0052,0.0041,0.0064,0.0051,139,137,139,0.0052,0.2968,139,0.0076,NA,NA,NA,NA,NA,NA,0.0526,0.0014,355,0.0521,0.0849,0,0.0734,0,Bayes-M10-med
Kalima,Maniema,2,FALSE,0.0051,0.004,0.0063,0.005,140,136,141,0.0051,0.2914,140,0.0075,NA,NA,NA,NA,NA,NA,0.3094,0.0081,132,0.4595,0.3205,0,0.4575,0,Bayes-M10-med
Mbandaka,Equateur,2,FALSE,0.005,0.004,0.0061,0.005,142,140,142,0.005,0.2865,142,0.0073,NA,NA,NA,NA,NA,NA,0.5164,0.0133,103,0.6409,0.9633,0,0.4614,0,Bayes-M10-med
Maluku 2,Kinshasa,2,FALSE,0.005,0.004,0.0061,0.005,143,141,143,0.005,0.2863,143,0.0073,NA,NA,NA,NA,NA,NA,0.4184,0.0107,112,0.6834,0.5463,0,0.444,0,Bayes-M10-med
Kabalo,Tanganyika,2,FALSE,0.005,0.004,0.0063,0.005,141,135,145,0.0051,0.2884,141,0.0074,NA,NA,NA,NA,NA,NA,0.624,0.0161,96,0.9035,0.7568,0,0.8359,0,Bayes-M10-med
Bumbu,Kinshasa,2,FALSE,0.0049,0.0039,0.006,0.0048,144,143,145,0.0049,0.2791,144,0.0072,NA,NA,NA,NA,NA,NA,0.0164,4e-4,435,0.0019,0.029,0,0.0347,0,Bayes-M10-med
Kampene,Maniema,2,FALSE,0.0049,0.0039,0.006,0.0048,145,139,146,0.0049,0.2787,145,0.0071,NA,NA,NA,NA,NA,NA,0.3962,0.0099,119,0.5251,0.1757,0,0.8842,0,Bayes-M10-med
Ngaba,Kinshasa,2,FALSE,0.0047,0.0038,0.0058,0.0047,146,146,147,0.0048,0.2716,146,0.007,NA,NA,NA,NA,NA,NA,0.014,3e-4,440,0,0.0058,0,0.0502,0,Bayes-M10-med
Obokote,Maniema,2,FALSE,0.0047,0.0037,0.0059,0.0047,147,131,158,0.0047,0.27,147,0.0069,NA,NA,NA,NA,NA,NA,0.3209,0.0078,135,0.7239,0.0328,0,0.527,0,Bayes-M10-med
Nyunzu,Tanganyika,2,FALSE,0.0046,0.0036,0.0056,0.0045,148,145,148,0.0046,0.261,148,0.0067,NA,NA,NA,NA,NA,NA,0.6023,0.0141,101,0.9653,0.834,0,0.61,0,Bayes-M10-med
Kasansa,Kasaï-Oriental,2,FALSE,0.0045,0.0036,0.0056,0.0045,149,147,149,0.0045,0.258,149,0.0066,NA,NA,NA,NA,NA,NA,0.3349,0.0077,136,0.2568,0.6699,0,0.4131,0,Bayes-M10-med
Kananga,Kasaï-Central,2,FALSE,0.0044,0.0035,0.0054,0.0043,150,149,150,0.0044,0.2496,150,0.0064,NA,NA,NA,NA,NA,NA,0.2963,0.0066,147,0.1429,0.5579,0,0.4846,0,Bayes-M10-med
Ango,Bas-Uele,2,FALSE,0.0043,0.0034,0.0053,0.0042,152,150,153,0.0043,0.2442,152,0.0063,NA,NA,NA,NA,NA,NA,0.7095,0.0155,97,1,0.8591,0,0.9788,0,Bayes-M10-med
Mulumba,Lomami,2,FALSE,0.0043,0.0034,0.0053,0.0042,151,151,152,0.0043,0.2449,151,0.0063,NA,NA,NA,NA,NA,NA,0.2587,0.0057,165,0.1834,0.3108,0,0.5405,0,Bayes-M10-med
Lodja,Sankuru,2,FALSE,0.0043,0.0034,0.0053,0.0042,153,151,153,0.0043,0.2439,153,0.0063,NA,NA,NA,NA,NA,NA,0.4626,0.0101,116,0.2625,0.6351,0,0.9527,0,Bayes-M10-med
Nzaba,Kasaï-Oriental,2,FALSE,0.0041,0.0033,0.0051,0.0041,154,154,155,0.0041,0.2361,154,0.0061,NA,NA,NA,NA,NA,NA,0.278,0.0059,162,0.1042,0.6931,0,0.3147,0,Bayes-M10-med
Lusangi,Maniema,2,FALSE,0.0041,0.0032,0.0051,0.0041,156,155,156,0.0041,0.2353,156,0.006,NA,NA,NA,NA,NA,NA,0.4223,0.0089,127,0.5656,0.2645,0,0.8591,0,Bayes-M10-med
Lulingu,Sud-Kivu,2,FALSE,0.0041,0.0033,0.0051,0.0041,155,154,157,0.0041,0.2354,155,0.006,NA,NA,NA,NA,NA,NA,0.6158,0.013,105,0.9093,0.8108,0,0.7432,0,Bayes-M10-med
Tshilenge,Kasaï-Oriental,2,FALSE,0.004,0.0031,0.0049,0.0039,158,157,160,0.004,0.2259,158,0.0058,NA,NA,NA,NA,NA,NA,0.2799,0.0057,166,0.1892,0.668,0,0.2625,0,Bayes-M10-med
Manono,Tanganyika,2,FALSE,0.004,0.0032,0.005,0.004,157,156,158,0.004,0.2307,157,0.0059,NA,NA,NA,NA,NA,NA,0.5758,0.0119,111,0.8784,0.9537,0,0.471,0,Bayes-M10-med
Kailo,Maniema,2,FALSE,0.0039,0.0031,0.0048,0.0039,159,159,159,0.0039,0.2236,159,0.0057,NA,NA,NA,NA,NA,NA,0.4276,0.0086,130,0.832,0.0946,0,0.7838,0,Bayes-M10-med
Samba,Maniema,2,FALSE,0.0039,0.0031,0.0048,0.0038,161,160,162,0.0039,0.2214,161,0.0057,NA,NA,NA,NA,NA,NA,0.5179,0.0103,114,0.7529,0.4344,0,0.8842,0,Bayes-M10-med
Haut Plateau,Sud-Kivu,2,FALSE,0.0039,0.0031,0.0048,0.0038,161,160,162,0.0039,0.2214,160,0.0057,NA,NA,NA,NA,NA,NA,0.5246,0.0104,113,0.5714,0.5444,0,0.9826,0,Bayes-M10-med
Bondo,Bas-Uele,2,FALSE,0.0038,0.0031,0.0047,0.0038,162,160,162,0.0038,0.2193,162,0.0056,NA,NA,NA,NA,NA,NA,0.6737,0.0132,104,0.9961,0.9981,0,0.7008,0,Bayes-M10-med
Minembwe,Sud-Kivu,2,FALSE,0.0037,0.0029,0.0046,0.0037,163,163,165,0.0037,0.2125,163,0.0055,NA,NA,NA,NA,NA,NA,0.5198,0.0099,117,0.7181,0.8089,0,0.5521,0,Bayes-M10-med
Moba,Tanganyika,2,FALSE,0.0037,0.0029,0.0046,0.0037,164,164,166,0.0037,0.212,164,0.0054,NA,NA,NA,NA,NA,NA,0.3808,0.0072,140,0.6178,0.4942,0,0.4112,0,Bayes-M10-med
Kabongo,Haut-Lomami,2,FALSE,0.0036,0.0028,0.0044,0.0036,167,167,170,0.0036,0.2055,167,0.0053,NA,NA,NA,NA,NA,NA,0.5372,0.0099,118,0.8108,0.778,0,0.5598,0,Bayes-M10-med
Luputa,Lomami,2,FALSE,0.0036,0.0028,0.0045,0.0036,165,165,168,0.0036,0.2057,165,0.0053,NA,NA,NA,NA,NA,NA,0.3431,0.0063,151,0.3301,0.3166,0,0.7259,0,Bayes-M10-med
Mweneditu,Lomami,2,FALSE,0.0036,0.0028,0.0045,0.0036,166,166,168,0.0036,0.2056,166,0.0053,NA,NA,NA,NA,NA,NA,0.2799,0.0052,183,0.166,0.3842,0,0.5695,0,Bayes-M10-med
Ferekeni,Maniema,2,FALSE,0.0035,0.0028,0.0044,0.0035,168,154,173,0.0035,0.202,168,0.0052,NA,NA,NA,NA,NA,NA,0.3504,0.0063,150,0.7722,0.0425,0,0.5869,0,Bayes-M10-med
Lubao,Lomami,2,FALSE,0.0033,0.0026,0.0041,0.0033,170,168,172,0.0033,0.1884,170,0.0048,NA,NA,NA,NA,NA,NA,0.3982,0.0067,144,0.6486,0.1525,0,0.7915,0,Bayes-M10-med
Tandala,Sud-Ubangi,2,FALSE,0.0033,0.0026,0.0042,0.0033,169,165,174,0.0033,0.191,169,0.0049,NA,NA,NA,NA,NA,NA,0.4078,0.007,142,0.2741,0.527,0,0.8301,0,Bayes-M10-med
Lowa,Tshopo,2,FALSE,0.0033,0.0026,0.0041,0.0033,171,164,177,0.0033,0.1878,171,0.0048,NA,NA,NA,NA,NA,NA,0.4073,0.0069,143,0.8938,0.0598,0,0.6757,0,Bayes-M10-med
Kabeya Kamwanga,Kasaï-Oriental,2,FALSE,0.0032,0.0025,0.0039,0.0031,172,170,174,0.0032,0.1815,172,0.0047,NA,NA,NA,NA,NA,NA,0.2968,0.0048,187,0.3224,0.3919,0,0.473,0,Bayes-M10-med
Yamongili,Mongala,2,FALSE,0.0032,0.0025,0.0039,0.0031,173,170,178,0.0032,0.1804,173,0.0046,NA,NA,NA,NA,NA,NA,0.3243,0.0052,178,0.5116,0.3668,0,0.4189,0,Bayes-M10-med
Diulu,Kasaï-Oriental,2,FALSE,0.0031,0.0024,0.0038,0.003,174,172,175,0.0031,0.1743,174,0.0045,NA,NA,NA,NA,NA,NA,0.2611,0.0041,207,0.0676,0.6448,0,0.332,0,Bayes-M10-med
Kamina,Haut-Lomami,2,FALSE,0.003,0.0024,0.0038,0.003,175,171,176,0.0031,0.1742,175,0.0045,NA,NA,NA,NA,NA,NA,0.5164,0.0081,133,0.8301,0.8301,0,0.4054,0,Bayes-M10-med
Mondombe,Tshuapa,2,FALSE,0.003,0.0024,0.0037,0.003,176,171,184,0.003,0.1729,176,0.0044,NA,NA,NA,NA,NA,NA,0.4797,0.0074,138,0.6622,0.3726,0,0.8842,0,Bayes-M10-med
Kitenge,Haut-Lomami,2,FALSE,0.0029,0.0023,0.0036,0.0029,178,175,178,0.0029,0.1677,178,0.0043,NA,NA,NA,NA,NA,NA,0.5729,0.0086,129,0.8668,0.8069,0,0.6178,0,Bayes-M10-med
Lukelenge,Kasaï-Oriental,2,FALSE,0.0029,0.0023,0.0036,0.0029,177,174,179,0.0029,0.1679,177,0.0043,NA,NA,NA,NA,NA,NA,0.2249,0.0034,234,0.0811,0.5,0,0.3185,0,Bayes-M10-med
Kabambare,Maniema,2,FALSE,0.0029,0.0023,0.0036,0.0028,179,176,181,0.0029,0.1643,179,0.0042,NA,NA,NA,NA,NA,NA,0.3953,0.0058,163,0.8359,0.112,0,0.6332,0,Bayes-M10-med
Malemba Nkulu,Haut-Lomami,2,FALSE,0.0028,0.0022,0.0034,0.0027,182,181,183,0.0028,0.1581,182,0.0041,NA,NA,NA,NA,NA,NA,0.3895,0.0055,172,0.36870000000000003,0.7664,0,0.4228,0,Bayes-M10-med
Kaniama,Haut-Lomami,2,FALSE,0.0028,0.0022,0.0034,0.0027,183,181,184,0.0028,0.1576,183,0.004,NA,NA,NA,NA,NA,NA,0.582,0.0082,131,0.8533,0.6622,0,0.8127,0,Bayes-M10-med
Ngandajika,Lomami,2,FALSE,0.0028,0.0022,0.0034,0.0027,180,179,182,0.0028,0.1585,180,0.0041,NA,NA,NA,NA,NA,NA,0.3465,0.0049,186,0.2124,0.4459,0,0.7278,0,Bayes-M10-med
Boende,Tshuapa,2,FALSE,0.0028,0.0022,0.0034,0.0028,181,179,187,0.0028,0.1585,181,0.0041,NA,NA,NA,NA,NA,NA,0.4199,0.006,159,0.6988,0.4807,0,0.5,0,Bayes-M10-med
Demba,Kasaï-Central,2,FALSE,0.0027,0.0021,0.0033,0.0026,187,186,188,0.0027,0.1518,187,0.0039,NA,NA,NA,NA,NA,NA,0.4117,0.0056,169,0.4653,0.7143,0,0.4672,0,Bayes-M10-med
Citenge,Kasaï-Oriental,2,FALSE,0.0027,0.0022,0.0034,0.0027,184,182,185,0.0028,0.1569,184,0.004,NA,NA,NA,NA,NA,NA,0.2321,0.0033,242,0.1583,0.4749,0,0.2954,0,Bayes-M10-med
Idiofa,Kwilu,2,FALSE,0.0027,0.0021,0.0033,0.0026,186,186,187,0.0027,0.1522,186,0.0039,NA,NA,NA,NA,NA,NA,0.486,0.0066,146,0.4537,0.749,0,0.7413,0,Bayes-M10-med
Tshofa,Lomami,2,FALSE,0.0027,0.0021,0.0033,0.0027,185,183,186,0.0027,0.1542,185,0.004,NA,NA,NA,NA,NA,NA,0.4416,0.0061,156,0.6757,0.3514,0,0.7394,0,Bayes-M10-med
Mikalayi,Kasaï-Central,2,FALSE,0.0026,0.002,0.0032,0.0026,189,189,193,0.0026,0.148,189,0.0038,NA,NA,NA,NA,NA,NA,0.3948,0.0052,179,0.4517,0.5811,0,0.5463,0,Bayes-M10-med
Bibanga,Kasaï-Oriental,2,FALSE,0.0026,0.002,0.0032,0.0025,191,191,195,0.0026,0.1462,192,0.0038,NA,NA,NA,NA,NA,NA,0.2978,0.0039,216,0.3127,0.4884,0,0.39,0,Bayes-M10-med
Cilundu,Kasaï-Oriental,2,FALSE,0.0026,0.0021,0.0033,0.0026,188,188,190,0.0026,0.1508,188,0.0039,NA,NA,NA,NA,NA,NA,0.221,0.003,250,0.2317,0.3089,0,0.3436,0,Bayes-M10-med
Kibombo,Maniema,2,FALSE,0.0026,0.002,0.0032,0.0026,190,190,192,0.0026,0.1478,190,0.0038,NA,NA,NA,NA,NA,NA,0.4614,0.0061,155,0.7452,0.1776,0,0.9228,0,Bayes-M10-med
Yalifafu,Tshuapa,2,FALSE,0.0026,0.002,0.0032,0.0025,192,177,202,0.0026,0.1467,191,0.0038,NA,NA,NA,NA,NA,NA,0.4797,0.0063,152,0.7664,0.2683,0,0.8842,0,Bayes-M10-med
Likati,Bas-Uele,2,FALSE,0.0025,0.002,0.003,0.0024,197,193,199,0.0025,0.1406,197,0.0036,NA,NA,NA,NA,NA,NA,0.7124,0.009,126,0.9942,0.971,0,0.8842,0,Bayes-M10-med
Kamwesha,Kasaï,2,FALSE,0.0025,0.002,0.0031,0.0025,194,193,197,0.0025,0.1432,194,0.0037,NA,NA,NA,NA,NA,NA,0.2732,0.0035,231,0.3456,0.2876,0,0.4595,0,Bayes-M10-med
Tshikapa,Kasaï,2,FALSE,0.0025,0.002,0.0031,0.0024,196,195,199,0.0025,0.1415,196,0.0036,NA,NA,NA,NA,NA,NA,0.3156,0.004,212,0.2722,0.6506,0,0.3398,0,Bayes-M10-med
Ludimbi Lukula,Lomami,2,FALSE,0.0025,0.002,0.0031,0.0025,193,192,196,0.0025,0.1435,193,0.0037,NA,NA,NA,NA,NA,NA,0.4513,0.0058,164,0.6931,0.3475,0,0.7645,0,Bayes-M10-med
Kansimba,Tanganyika,2,FALSE,0.0025,0.002,0.0031,0.0025,195,194,198,0.0025,0.1424,195,0.0037,NA,NA,NA,NA,NA,NA,0.5497,0.007,141,0.9479,0.7741,0,0.4768,0,Bayes-M10-med
Lubilanji,Kasaï-Oriental,2,FALSE,0.0024,0.0019,0.003,0.0024,199,198,201,0.0024,0.1367,199,0.0035,NA,NA,NA,NA,NA,NA,0.1694,0.0021,296,0.0347,0.3398,0,0.3031,0,Bayes-M10-med
Kanda Kanda,Lomami,2,FALSE,0.0024,0.0019,0.003,0.0024,198,196,200,0.0024,0.1391,198,0.0036,NA,NA,NA,NA,NA,NA,0.3012,0.0038,220,0.3185,0.1737,0,0.7124,0,Bayes-M10-med
Luebo,Kasaï,2,FALSE,0.0023,0.0018,0.0028,0.0022,208,204,208,0.0023,0.1289,208,0.0033,NA,NA,NA,NA,NA,NA,0.4353,0.005,184,0.5232,0.5116,0,0.7066,0,Bayes-M10-med
Dibindi,Kasaï-Oriental,2,FALSE,0.0023,0.0018,0.0028,0.0022,205,201,207,0.0023,0.13,205,0.0033,NA,NA,NA,NA,NA,NA,0.1617,0.0019,314,0.0386,0.2954,0,0.3127,0,Bayes-M10-med
Muya,Kasaï-Oriental,2,FALSE,0.0023,0.0018,0.0028,0.0022,209,204,210,0.0023,0.1286,209,0.0033,NA,NA,NA,NA,NA,NA,0.2495,0.0029,256,0.0753,0.5888,0,0.334,0,Bayes-M10-med
Kamana,Lomami,2,FALSE,0.0023,0.0018,0.0028,0.0022,206,202,209,0.0023,0.1296,206,0.0033,NA,NA,NA,NA,NA,NA,0.2944,0.0034,233,0.5309,0.0174,0,0.6293,0,Bayes-M10-med
Bosondjo,Mongala,2,FALSE,0.0023,0.0018,0.0029,0.0023,204,189,225,0.0023,0.1319,202,0.0034,NA,NA,NA,NA,NA,NA,0.3489,0.0041,206,0.5618,0.1931,0,0.6409,0,Bayes-M10-med
Karawa,Nord-Ubangi,2,FALSE,0.0023,0.0018,0.0029,0.0023,201,201,206,0.0023,0.1323,201,0.0034,NA,NA,NA,NA,NA,NA,0.6404,0.0076,137,0.7568,0.973,0,0.832,0,Bayes-M10-med
Katako Kombe,Sankuru,2,FALSE,0.0023,0.0018,0.0028,0.0022,206,204,207,0.0023,0.1296,207,0.0033,NA,NA,NA,NA,NA,NA,0.4703,0.0055,175,0.7857,0.1313,0,0.9643,0,Bayes-M10-med
Itombwe,Sud-Kivu,2,FALSE,0.0023,0.0018,0.0028,0.0023,203,200,205,0.0023,0.1314,204,0.0034,NA,NA,NA,NA,NA,NA,0.5121,0.006,158,0.8571,0.6737,0,0.5174,0,Bayes-M10-med
Bwamanda,Sud-Ubangi,2,FALSE,0.0023,0.0018,0.0029,0.0023,203,197,209,0.0023,0.1317,203,0.0034,NA,NA,NA,NA,NA,NA,0.4667,0.0055,173,0.4189,0.7394,0,0.7085,0,Bayes-M10-med
Bokungu,Tshuapa,2,FALSE,0.0023,0.0019,0.0028,0.0023,200,194,215,0.0023,0.133,200,0.0034,NA,NA,NA,NA,NA,NA,0.49370000000000003,0.0059,161,0.695,0.3571,0,0.9228,0,Bayes-M10-med
Bipemba,Kasaï-Oriental,2,FALSE,0.0022,0.0017,0.0027,0.0022,212,210,213,0.0022,0.1247,212,0.0032,NA,NA,NA,NA,NA,NA,0.1544,0.0017,326,0.0618,0.2201,0,0.3359,0,Bayes-M10-med
Kansele,Kasaï-Oriental,2,FALSE,0.0022,0.0017,0.0027,0.0021,214,213,215,0.0022,0.1235,215,0.0032,NA,NA,NA,NA,NA,NA,0.2437,0.0027,264,0.0541,0.5965,0,0.3243,0,Bayes-M10-med
Miabi,Kasaï-Oriental,2,FALSE,0.0022,0.0017,0.0027,0.0021,214,211,216,0.0022,0.1241,213,0.0032,NA,NA,NA,NA,NA,NA,0.2838,0.0032,244,0.2297,0.6525,0,0.2529,0,Bayes-M10-med
Kalenda,Lomami,2,FALSE,0.0022,0.0018,0.0027,0.0022,210,208,212,0.0022,0.1268,210,0.0033,NA,NA,NA,NA,NA,NA,0.2886,0.0033,241,0.388,0.1873,0,0.5792,0,Bayes-M10-med
Alunguli,Maniema,2,FALSE,0.0022,0.0018,0.0027,0.0022,210,205,212,0.0022,0.1267,211,0.0033,NA,NA,NA,NA,NA,NA,0.3132,0.0036,227,0.1737,0.195,0,0.8842,0,Bayes-M10-med
Bogosenubea,Sud-Ubangi,2,FALSE,0.0022,0.0017,0.0027,0.0021,213,202,223,0.0022,0.1241,214,0.0032,NA,NA,NA,NA,NA,NA,0.4107,0.0046,192,0.4981,0.3031,0,0.8417,0,Bayes-M10-med
Bili (Bas-Uele),Bas-Uele,2,FALSE,0.0021,0.0016,0.0026,0.0021,222,217,225,0.0021,0.1191,222,0.0031,NA,NA,NA,NA,NA,NA,0.6926,0.0074,139,0.9981,0.7992,0,0.973,0,Bayes-M10-med
Mweka,Kasaï,2,FALSE,0.0021,0.0017,0.0026,0.0021,218,217,219,0.0021,0.1213,218,0.0031,NA,NA,NA,NA,NA,NA,0.5053,0.0055,174,0.4788,0.7239,0,0.8185,0,Bayes-M10-med
Bena Leka,Kasaï-Central,2,FALSE,0.0021,0.0016,0.0026,0.0021,223,221,223,0.0021,0.1187,223,0.003,NA,NA,NA,NA,NA,NA,0.4986,0.0053,177,0.6062,0.7162,0,0.6718,0,Bayes-M10-med
Luiza,Kasaï-Central,2,FALSE,0.0021,0.0017,0.0026,0.0021,220,219,221,0.0021,0.1203,220,0.0031,NA,NA,NA,NA,NA,NA,0.4218,0.0045,193,0.4807,0.6293,0,0.5772,0,Bayes-M10-med
Mpokolo,Kasaï-Oriental,2,FALSE,0.0021,0.0017,0.0026,0.0021,219,216,219,0.0021,0.1212,219,0.0031,NA,NA,NA,NA,NA,NA,0.2901,0.0032,245,0.1255,0.6873,0,0.3475,0,Bayes-M10-med
Tshishimbi,Kasaï-Oriental,2,FALSE,0.0021,0.0017,0.0026,0.0021,217,214,218,0.0021,0.1217,217,0.0031,NA,NA,NA,NA,NA,NA,0.1742,0.0019,311,0.1795,0.2471,0,0.2703,0,Bayes-M10-med
Kalambayi Kabanga,Lomami,2,FALSE,0.0021,0.0017,0.0026,0.0021,221,220,222,0.0021,0.1197,221,0.0031,NA,NA,NA,NA,NA,NA,0.3132,0.0034,235,0.4556,0.1602,0,0.6371,0,Bayes-M10-med
Vanga Kete,Sankuru,2,FALSE,0.0021,0.0017,0.0026,0.0021,216,215,217,0.0021,0.1223,216,0.0031,NA,NA,NA,NA,NA,NA,0.4503,0.0049,185,0.4672,0.4112,0,0.9228,0,Bayes-M10-med
Masuika,Kasaï-Central,2,FALSE,0.002,0.0016,0.0025,0.002,224,224,225,0.002,0.1168,224,0.003,NA,NA,NA,NA,NA,NA,0.3885,0.0041,208,0.3263,0.5618,0,0.666,0,Bayes-M10-med
Omendjadi,Sankuru,2,FALSE,0.002,0.0016,0.0025,0.002,227,226,228,0.002,0.1142,227,0.0029,NA,NA,NA,NA,NA,NA,0.4262,0.0044,198,0.5502,0.2317,0,0.9228,0,Bayes-M10-med
Tshumbe,Sankuru,2,FALSE,0.002,0.0016,0.0025,0.002,226,226,227,0.002,0.1156,226,0.003,NA,NA,NA,NA,NA,NA,0.3907,0.0041,211,0.5444,0.1718,0,0.8465,0,Bayes-M10-med
Kiambi,Tanganyika,2,FALSE,0.002,0.0016,0.0025,0.002,225,223,228,0.002,0.1163,225,0.003,NA,NA,NA,NA,NA,NA,0.5709,0.006,160,0.9807,0.6834,0,0.6197,0,Bayes-M10-med
Bukama,Haut-Lomami,2,FALSE,0.0019,0.0015,0.0024,0.0019,228,228,229,0.0019,0.1112,228,0.0029,NA,NA,NA,NA,NA,NA,0.4764,0.0048,189,0.7143,0.7625,0,0.4286,0,Bayes-M10-med
Mulongo,Haut-Lomami,2,FALSE,0.0019,0.0015,0.0024,0.0019,229,228,230,0.0019,0.111,229,0.0029,NA,NA,NA,NA,NA,NA,0.4773,0.0048,188,0.7471,0.7703,0,0.3919,0,Bayes-M10-med
Lusanga,Kwilu,2,FALSE,0.0019,0.0015,0.0024,0.0019,230,230,231,0.0019,0.1102,231,0.0028,NA,NA,NA,NA,NA,NA,0.4242,0.0042,204,0.4382,0.7297,0,0.529,0,Bayes-M10-med
Fungurume,Lualaba,2,FALSE,0.0019,0.0015,0.0023,0.0019,233,232,234,0.0019,0.1084,233,0.0028,NA,NA,NA,NA,NA,NA,0.1564,0.0015,341,0.2664,0.1622,0,0.1969,0,Bayes-M10-med
Dikungu,Sankuru,2,FALSE,0.0019,0.0015,0.0024,0.0019,232,231,232,0.0019,0.1087,232,0.0028,NA,NA,NA,NA,NA,NA,0.3779,0.0037,222,0.4865,0.1409,0,0.8842,0,Bayes-M10-med
Minga,Sankuru,2,FALSE,0.0019,0.0015,0.0023,0.0019,233,233,234,0.0019,0.1084,234,0.0028,NA,NA,NA,NA,NA,NA,0.5347,0.0052,181,0.7838,0.471,0,0.8842,0,Bayes-M10-med
Mompono,Tshuapa,2,FALSE,0.0019,0.0015,0.0024,0.0019,231,212,244,0.0019,0.1103,230,0.0028,NA,NA,NA,NA,NA,NA,0.5598,0.0055,171,0.8089,0.6042,0,0.8263,0,Bayes-M10-med
Dibaya,Kasaï-Central,2,FALSE,0.0018,0.0014,0.0022,0.0018,238,237,240,0.0018,0.102,238,0.0026,NA,NA,NA,NA,NA,NA,0.3325,0.003,249,0.3147,0.4479,0,0.5676,0,Bayes-M10-med
Tshikaji,Kasaï-Central,2,FALSE,0.0018,0.0014,0.0022,0.0018,236,235,238,0.0018,0.1031,236,0.0026,NA,NA,NA,NA,NA,NA,0.3195,0.003,252,0.1873,0.5849,0,0.5058,0,Bayes-M10-med
Mukumbi,Kasaï-Oriental,2,FALSE,0.0018,0.0014,0.0022,0.0018,239,236,241,0.0018,0.1018,239,0.0026,NA,NA,NA,NA,NA,NA,0.2249,0.0021,300,0.2413,0.1892,0,0.4691,0,Bayes-M10-med
Bulungu,Kwilu,2,FALSE,0.0018,0.0014,0.0022,0.0017,241,239,242,0.0018,0.1004,241,0.0026,NA,NA,NA,NA,NA,NA,0.4508,0.0041,209,0.3571,0.6795,0,0.7664,0,Bayes-M10-med
Pimu,Mongala,2,FALSE,0.0018,0.0014,0.0022,0.0018,240,235,247,0.0018,0.1007,240,0.0026,NA,NA,NA,NA,NA,NA,0.4257,0.0038,217,0.583,0.3707,0,0.749,0,Bayes-M10-med
Ototo,Sankuru,2,FALSE,0.0018,0.0014,0.0022,0.0018,238,237,239,0.0018,0.1022,237,0.0026,NA,NA,NA,NA,NA,NA,0.4561,0.0042,205,0.5386,0.3629,0,0.9228,0,Bayes-M10-med
Ankoro,Tanganyika,2,FALSE,0.0018,0.0014,0.0023,0.0018,235,234,236,0.0018,0.1044,235,0.0027,NA,NA,NA,NA,NA,NA,0.6047,0.0057,167,0.9266,0.8282,0,0.6641,0,Bayes-M10-med
Kalonda Ouest,Kasaï,2,FALSE,0.0017,0.0014,0.0021,0.0017,244,242,245,0.0017,0.0984,244,0.0025,NA,NA,NA,NA,NA,NA,0.2239,0.002,303,0.2915,0.251,0,0.3533,0,Bayes-M10-med
Ndekesha,Kasaï-Central,2,FALSE,0.0017,0.0013,0.0021,0.0017,248,248,248,0.0017,0.0954,248,0.0024,NA,NA,NA,NA,NA,NA,0.4059,0.0035,232,0.4768,0.4498,0,0.6969,0,Bayes-M10-med
Vanga,Kwilu,2,FALSE,0.0017,0.0014,0.0021,0.0017,243,241,244,0.0017,0.0986,243,0.0025,NA,NA,NA,NA,NA,NA,0.5034,0.0045,194,0.3726,0.8205,0,0.8205,0,Bayes-M10-med
Mukedi,Kwilu,2,FALSE,0.0017,0.0014,0.0022,0.0017,242,240,243,0.0017,0.0995,242,0.0026,NA,NA,NA,NA,NA,NA,0.4836,0.0043,200,0.5367,0.7066,0,0.6911,0,Bayes-M10-med
Kalonda Est,Lomami,2,FALSE,0.0017,0.0013,0.0021,0.0017,247,246,249,0.0017,0.0956,247,0.0025,NA,NA,NA,NA,NA,NA,0.3292,0.0028,258,0.5425,0.1506,0,0.6236,0,Bayes-M10-med
Dilala,Lualaba,2,FALSE,0.0017,0.0014,0.0021,0.0017,245,243,246,0.0017,0.0983,245,0.0025,NA,NA,NA,NA,NA,NA,0.1347,0.0012,371,0.1506,0.2548,0,0.1332,0,Bayes-M10-med
Pangi,Maniema,2,FALSE,0.0017,0.0014,0.0021,0.0017,246,245,247,0.0017,0.0975,246,0.0025,NA,NA,NA,NA,NA,NA,0.3316,0.0029,254,0.6081,0.056,0,0.6622,0,Bayes-M10-med
Lomela,Sankuru,2,FALSE,0.0017,0.0013,0.002,0.0017,249,239,259,0.0017,0.095,249,0.0024,NA,NA,NA,NA,NA,NA,0.4759,0.0041,210,0.8456,0.1351,0,0.9228,0,Bayes-M10-med
Kabondo Dianda,Haut-Lomami,2,FALSE,0.0016,0.0012,0.002,0.0016,258,257,259,0.0016,0.0902,258,0.0023,NA,NA,NA,NA,NA,NA,0.4107,0.0033,237,0.5888,0.5714,0,0.4826,0,Bayes-M10-med
Mukanga,Haut-Lomami,2,FALSE,0.0016,0.0012,0.002,0.0016,257,255,259,0.0016,0.0903,257,0.0023,NA,NA,NA,NA,NA,NA,0.4739,0.0038,218,0.6853,0.6911,0,0.5193,0,Bayes-M10-med
Katende,Kasaï-Central,2,FALSE,0.0016,0.0013,0.002,0.0016,253,252,254,0.0016,0.092,253,0.0024,NA,NA,NA,NA,NA,NA,0.5154,0.0043,202,0.6525,0.6486,0,0.7606,0,Bayes-M10-med
Lukonga,Kasaï-Central,2,FALSE,0.0016,0.0012,0.002,0.0016,259,258,260,0.0016,0.09,259,0.0023,NA,NA,NA,NA,NA,NA,0.3282,0.0027,265,0.2239,0.6429,0,0.4459,0,Bayes-M10-med
Luambo,Kasaï-Central,2,FALSE,0.0016,0.0013,0.002,0.0016,254,253,255,0.0016,0.0915,254,0.0024,NA,NA,NA,NA,NA,NA,0.3769,0.0031,246,0.5347,0.5656,0,0.4073,0,Bayes-M10-med
Kenge,Kwango,2,FALSE,0.0016,0.0013,0.002,0.0016,250,249,251,0.0016,0.0933,250,0.0024,NA,NA,NA,NA,NA,NA,0.5574,0.0047,190,0.6139,0.8127,0,0.8031,0,Bayes-M10-med
Gungu,Kwilu,2,FALSE,0.0016,0.0013,0.002,0.0016,251,250,253,0.0016,0.0929,251,0.0024,NA,NA,NA,NA,NA,NA,0.4237,0.0035,229,0.5058,0.6969,0,0.4923,0,Bayes-M10-med
Kikwit Nord,Kwilu,2,FALSE,0.0016,0.0013,0.002,0.0016,251,251,252,0.0016,0.0928,252,0.0024,NA,NA,NA,NA,NA,NA,0.2915,0.0024,275,0.1236,0.5405,0,0.5019,0,Bayes-M10-med
Koshibanda,Kwilu,2,FALSE,0.0016,0.0013,0.002,0.0016,256,256,257,0.0016,0.0904,256,0.0023,NA,NA,NA,NA,NA,NA,0.4913,0.004,213,0.5193,0.6757,0,0.7703,0,Bayes-M10-med
Wembo Nyama,Sankuru,2,FALSE,0.0016,0.0013,0.002,0.0016,255,254,256,0.0016,0.0913,255,0.0023,NA,NA,NA,NA,NA,NA,0.4097,0.0034,236,0.5019,0.2143,0,0.9228,0,Bayes-M10-med
Kanzala,Kasaï,2,FALSE,0.0015,0.0012,0.0018,0.0015,265,263,265,0.0015,0.0847,265,0.0022,NA,NA,NA,NA,NA,NA,0.2046,0.0016,340,0.168,0.3127,0,0.3378,0,Bayes-M10-med
Makota,Lomami,2,FALSE,0.0015,0.0012,0.0018,0.0015,264,262,264,0.0015,0.0851,264,0.0022,NA,NA,NA,NA,NA,NA,0.2587,0.002,302,0.1023,0.3764,0,0.556,0,Bayes-M10-med
Tunda,Maniema,2,FALSE,0.0015,0.0012,0.0019,0.0015,262,260,263,0.0015,0.0861,262,0.0022,NA,NA,NA,NA,NA,NA,0.459,0.0035,228,0.8977,0.0541,0,0.8842,0,Bayes-M10-med
Yakoma,Nord-Ubangi,2,FALSE,0.0015,0.0012,0.0019,0.0015,261,261,262,0.0015,0.0867,260,0.0022,NA,NA,NA,NA,NA,NA,0.6641,0.0052,182,0.7124,0.9479,0,0.9961,0,Bayes-M10-med
Kungu,Sud-Ubangi,2,FALSE,0.0015,0.0012,0.0019,0.0015,262,254,265,0.0015,0.0866,261,0.0022,NA,NA,NA,NA,NA,NA,0.3711,0.0029,255,0.3745,0.3359,0,0.7741,0,Bayes-M10-med
Befale,Tshuapa,2,FALSE,0.0015,0.0012,0.0018,0.0015,263,250,267,0.0015,0.0859,263,0.0022,NA,NA,NA,NA,NA,NA,0.5145,0.004,215,0.8822,0.4903,0,0.6853,0,Bayes-M10-med
Monga,Bas-Uele,2,FALSE,0.0014,0.0011,0.0017,0.0014,268,266,270,0.0014,0.0795,268,0.002,NA,NA,NA,NA,NA,NA,0.7336,0.0052,180,0.9826,0.9672,0,0.9846,0,Bayes-M10-med
Kampemba,Haut-Katanga,2,FALSE,0.0014,0.0011,0.0017,0.0014,267,266,267,0.0014,0.0802,267,0.0021,NA,NA,NA,NA,NA,NA,0.0531,4e-4,437,0.0598,0.0367,0,0.1158,0,Bayes-M10-med
Ilebo,Kasaï,2,FALSE,0.0014,0.0011,0.0017,0.0014,269,268,270,0.0014,0.0783,269,0.002,NA,NA,NA,NA,NA,NA,0.3142,0.0022,284,0.2162,0.6139,0,0.4266,0,Bayes-M10-med
Tshibala,Kasaï-Central,2,FALSE,0.0014,0.0011,0.0017,0.0014,270,269,271,0.0014,0.0782,270,0.002,NA,NA,NA,NA,NA,NA,0.4218,0.003,251,0.4266,0.5772,0,0.6834,0,Bayes-M10-med
Yangala,Kasaï-Central,2,FALSE,0.0014,0.0011,0.0018,0.0014,266,265,268,0.0014,0.0807,266,0.0021,NA,NA,NA,NA,NA,NA,0.348,0.0025,272,0.5927,0.2259,0,0.5734,0,Bayes-M10-med
Boso Manzi,Mongala,2,FALSE,0.0014,0.0011,0.0017,0.0013,271,269,272,0.0014,0.0774,271,0.002,NA,NA,NA,NA,NA,NA,0.3982,0.0028,260,0.5695,0.2278,0,0.7954,0,Bayes-M10-med
Kilwa,Haut-Katanga,2,FALSE,0.0013,0.001,0.0016,0.0013,274,273,276,0.0013,0.0747,274,0.0019,NA,NA,NA,NA,NA,NA,0.3764,0.0025,271,0.749,0.39,0,0.3668,0,Bayes-M10-med
Pweto,Haut-Katanga,2,FALSE,0.0013,0.001,0.0016,0.0013,279,278,279,0.0013,0.0733,279,0.0019,NA,NA,NA,NA,NA,NA,0.3518,0.0023,280,0.7992,0.2587,0,0.3494,0,Bayes-M10-med
Ruashi,Haut-Katanga,2,FALSE,0.0013,0.001,0.0016,0.0012,280,280,281,0.0013,0.0722,280,0.0019,NA,NA,NA,NA,NA,NA,0.0705,5e-4,429,0.0985,0.0637,0,0.1197,0,Bayes-M10-med
Sakania,Haut-Katanga,2,FALSE,0.0013,0.001,0.0016,0.0013,276,274,278,0.0013,0.0742,276,0.0019,NA,NA,NA,NA,NA,NA,0.2775,0.0018,319,0.7375,0.2355,0,0.1371,0,Bayes-M10-med
Ipamu,Kwilu,2,FALSE,0.0013,0.001,0.0016,0.0013,275,275,276,0.0013,0.0743,275,0.0019,NA,NA,NA,NA,NA,NA,0.5454,0.0036,226,0.4903,0.7683,0,0.9228,0,Bayes-M10-med
Kikwit Sud,Kwilu,2,FALSE,0.0013,0.001,0.0016,0.0013,277,275,279,0.0013,0.0734,277,0.0019,NA,NA,NA,NA,NA,NA,0.3282,0.0022,287,0.1313,0.7008,0,0.4807,0,Bayes-M10-med
Gbadolite,Nord-Ubangi,2,FALSE,0.0013,0.0011,0.0016,0.0013,273,273,276,0.0013,0.0755,273,0.0019,NA,NA,NA,NA,NA,NA,0.5183,0.0035,230,0.7915,0.9653,0,0.3166,0,Bayes-M10-med
Wapinda,Nord-Ubangi,2,FALSE,0.0013,0.001,0.0015,0.0012,281,277,283,0.0013,0.0718,281,0.0018,NA,NA,NA,NA,NA,NA,0.6791,0.0044,197,0.9015,0.8398,0,0.9749,0,Bayes-M10-med
Lusambo,Sankuru,2,FALSE,0.0013,0.001,0.0016,0.0013,278,277,280,0.0013,0.0734,278,0.0019,NA,NA,NA,NA,NA,NA,0.4833,0.0032,243,0.6815,0.2992,0,0.9527,0,Bayes-M10-med
Libenge,Sud-Ubangi,2,FALSE,0.0013,0.0011,0.0017,0.0013,272,271,272,0.0013,0.0766,272,0.002,NA,NA,NA,NA,NA,NA,0.3818,0.0026,267,0.6293,0.3591,0,0.5386,0,Bayes-M10-med
Basankusu,Equateur,2,FALSE,0.0012,0.001,0.0015,0.0012,285,282,288,0.0012,0.0696,285,0.0018,NA,NA,NA,NA,NA,NA,0.6844,0.0043,201,0.9517,0.8629,0,0.9228,0,Bayes-M10-med
Bolomba,Equateur,2,FALSE,0.0012,9e-4,0.0015,0.0012,291,287,296,0.0012,0.0676,291,0.0017,NA,NA,NA,NA,NA,NA,0.6163,0.0037,221,0.9575,0.8533,0,0.6544,0,Bayes-M10-med
Kambove,Haut-Katanga,2,FALSE,0.0012,0.001,0.0015,0.0012,287,285,288,0.0012,0.0693,286,0.0018,NA,NA,NA,NA,NA,NA,0.306,0.0019,312,0.4247,0.6236,0,0.1757,0,Bayes-M10-med
Kapolowe,Haut-Katanga,2,FALSE,0.0012,9e-4,0.0015,0.0012,290,289,292,0.0012,0.0676,290,0.0017,NA,NA,NA,NA,NA,NA,0.3026,0.0018,320,0.5579,0.444,0,0.2085,0,Bayes-M10-med
Ndjoko Mpunda,Kasaï,2,FALSE,0.0012,9e-4,0.0014,0.0011,296,295,299,0.0012,0.066,296,0.0017,NA,NA,NA,NA,NA,NA,0.333,0.002,304,0.3977,0.2915,0,0.6429,0,Bayes-M10-med
Kamonia,Kasaï,2,FALSE,0.0012,9e-4,0.0014,0.0012,294,291,296,0.0012,0.0665,294,0.0017,NA,NA,NA,NA,NA,NA,0.14,8e-4,403,0.3707,0.11,0,0.0792,0,Bayes-M10-med
Katoka,Kasaï-Central,2,FALSE,0.0012,0.001,0.0015,0.0012,283,283,284,0.0012,0.0702,283,0.0018,NA,NA,NA,NA,NA,NA,0.2645,0.0017,331,0.1216,0.473,0,0.4633,0,Bayes-M10-med
Muetshi,Kasaï-Central,2,FALSE,0.0012,9e-4,0.0014,0.0012,293,292,294,0.0012,0.0665,293,0.0017,NA,NA,NA,NA,NA,NA,0.4792,0.0029,257,0.6158,0.5386,0,0.7625,0,Bayes-M10-med
Tshikula,Kasaï-Central,2,FALSE,0.0012,0.001,0.0015,0.0012,282,282,285,0.0012,0.0706,282,0.0018,NA,NA,NA,NA,NA,NA,0.3296,0.0021,292,0.3919,0.3185,0,0.6081,0,Bayes-M10-med
Yasa Bonga,Kwilu,2,FALSE,0.0012,0.001,0.0015,0.0012,284,283,287,0.0012,0.0699,284,0.0018,NA,NA,NA,NA,NA,NA,0.4206,0.0026,266,0.3031,0.5328,0,0.8465,0,Bayes-M10-med
Kasaji,Lualaba,2,FALSE,0.0012,9e-4,0.0014,0.0011,295,292,297,0.0012,0.0663,295,0.0017,NA,NA,NA,NA,NA,NA,0.4648,0.0028,261,0.8552,0.4923,0,0.5116,0,Bayes-M10-med
Lualaba,Lualaba,2,FALSE,0.0012,9e-4,0.0015,0.0012,289,288,291,0.0012,0.068,289,0.0017,NA,NA,NA,NA,NA,NA,0.1404,9e-4,401,0.3552,0.0347,0,0.1718,0,Bayes-M10-med
Abuzi,Nord-Ubangi,2,FALSE,0.0012,9e-4,0.0014,0.0011,298,293,301,0.0012,0.0658,298,0.0017,NA,NA,NA,NA,NA,NA,0.7153,0.0042,203,0.9846,0.9054,0,0.971,0,Bayes-M10-med
Bosobolo,Nord-Ubangi,2,FALSE,0.0012,0.001,0.0015,0.0012,286,285,288,0.0012,0.0693,287,0.0018,NA,NA,NA,NA,NA,NA,0.7148,0.0044,195,0.9363,0.9459,0,0.9768,0,Bayes-M10-med
Mobayi Mbongo,Nord-Ubangi,2,FALSE,0.0012,9e-4,0.0015,0.0012,291,289,292,0.0012,0.0675,292,0.0017,NA,NA,NA,NA,NA,NA,0.5458,0.0033,239,0.9324,0.8166,0,0.4344,0,Bayes-M10-med
Bena Dibele,Sankuru,2,FALSE,0.0012,9e-4,0.0014,0.0011,297,296,297,0.0012,0.0659,297,0.0017,NA,NA,NA,NA,NA,NA,0.4093,0.0024,276,0.6216,0.1564,0,0.8591,0,Bayes-M10-med
Bangabola,Sud-Ubangi,2,FALSE,0.0012,9e-4,0.0015,0.0012,287,277,298,0.0012,0.069,288,0.0018,NA,NA,NA,NA,NA,NA,0.3904,0.0024,277,0.3533,0.3494,0,0.8591,0,Bayes-M10-med
Kisanga,Haut-Katanga,2,FALSE,0.0011,9e-4,0.0014,0.0011,300,295,300,0.0012,0.0656,300,0.0017,NA,NA,NA,NA,NA,NA,0.1081,6e-4,414,0.1293,0.2008,0,0.1023,0,Bayes-M10-med
Kinkondja,Haut-Lomami,2,FALSE,0.0011,9e-4,0.0013,0.0011,308,306,309,0.0011,0.0619,308,0.0016,NA,NA,NA,NA,NA,NA,0.4889,0.0027,263,0.7278,0.6274,0,0.6004,0,Bayes-M10-med
Kakenge,Kasaï,2,FALSE,0.0011,9e-4,0.0014,0.0011,306,304,308,0.0011,0.0627,306,0.0016,NA,NA,NA,NA,NA,NA,0.4522,0.0025,269,0.5753,0.4788,0,0.7548,0,Bayes-M10-med
Matadi,Kongo-Central,2,FALSE,0.0011,9e-4,0.0014,0.0011,299,298,300,0.0012,0.0656,299,0.0017,NA,NA,NA,NA,NA,NA,0.2939,0.0017,325,0.1564,0.944,0,0.0753,0,Bayes-M10-med
Djuma,Kwilu,2,FALSE,0.0011,9e-4,0.0014,0.0011,301,299,301,0.0011,0.0652,301,0.0017,NA,NA,NA,NA,NA,NA,0.5256,0.0031,247,0.4826,0.7355,0,0.8842,0,Bayes-M10-med
Masi Manimba,Kwilu,2,FALSE,0.0011,9e-4,0.0014,0.0011,303,303,304,0.0011,0.0639,303,0.0016,NA,NA,NA,NA,NA,NA,0.4281,0.0025,274,0.332,0.4961,0,0.8842,0,Bayes-M10-med
Bili (Nord-Ubangi),Nord-Ubangi,2,FALSE,0.0011,9e-4,0.0014,0.0011,306,306,307,0.0011,0.0626,307,0.0016,NA,NA,NA,NA,NA,NA,0.7075,0.004,214,0.9247,0.9189,0,0.9865,0,Bayes-M10-med
Loko,Nord-Ubangi,2,FALSE,0.0011,9e-4,0.0014,0.0011,305,304,308,0.0011,0.0628,305,0.0016,NA,NA,NA,NA,NA,NA,0.6535,0.0037,223,0.9402,0.9266,0,0.7471,0,Bayes-M10-med
Djalo Ndjeka,Sankuru,2,FALSE,0.0011,9e-4,0.0014,0.0011,302,302,302,0.0011,0.0645,302,0.0017,NA,NA,NA,NA,NA,NA,0.3378,0.002,305,0.3591,0.0695,0,0.9228,0,Bayes-M10-med
Kole,Sankuru,2,FALSE,0.0011,9e-4,0.0014,0.0011,304,304,305,0.0011,0.0632,304,0.0016,NA,NA,NA,NA,NA,NA,0.4802,0.0027,262,0.7761,0.2606,0,0.8842,0,Bayes-M10-med
Bilomba,Kasaï-Central,2,FALSE,0.001,8e-4,0.0013,0.001,311,310,312,0.001,0.0592,311,0.0015,NA,NA,NA,NA,NA,NA,0.4006,0.0021,289,0.3378,0.4421,0,0.8224,0,Bayes-M10-med
Lubunga (Kasaï-Central),Kasaï-Central,2,FALSE,0.001,8e-4,0.0013,0.001,312,311,315,0.001,0.0582,312,0.0015,NA,NA,NA,NA,NA,NA,0.4599,0.0024,278,0.5637,0.4653,0,0.8108,0,Bayes-M10-med
Muanda,Kongo-Central,2,FALSE,0.001,8e-4,0.0012,0.001,316,314,317,0.001,0.0566,315,0.0015,NA,NA,NA,NA,NA,NA,0.4093,0.0021,295,0.6371,1,0,0,0,Bayes-M10-med
Kisantu,Kongo-Central,2,FALSE,0.001,8e-4,0.0013,0.001,313,312,315,0.001,0.058,313,0.0015,NA,NA,NA,NA,NA,NA,0.418,0.0022,286,0.5039,0.9903,0,0.1776,0,Bayes-M10-med
Mokala,Kwilu,2,FALSE,0.001,8e-4,0.0012,0.001,320,318,321,0.001,0.0553,320,0.0014,NA,NA,NA,NA,NA,NA,0.5118,0.0025,270,0.4228,0.6718,0,0.9527,0,Bayes-M10-med
Kamiji,Lomami,2,FALSE,0.001,8e-4,0.0012,0.001,318,317,320,0.001,0.0558,318,0.0014,NA,NA,NA,NA,NA,NA,0.2635,0.0013,362,0.3398,0.1293,0,0.5849,0,Bayes-M10-med
Wikong,Lomami,2,FALSE,0.001,8e-4,0.0013,0.001,309,309,311,0.001,0.0594,309,0.0015,NA,NA,NA,NA,NA,NA,0.3663,0.002,307,0.2529,0.4228,0,0.7896,0,Bayes-M10-med
Kapanga,Lualaba,2,FALSE,0.001,8e-4,0.0012,0.001,317,316,318,0.001,0.0561,317,0.0014,NA,NA,NA,NA,NA,NA,0.4112,0.0021,298,0.8514,0.3938,0,0.3996,0,Bayes-M10-med
Bongandanga,Mongala,2,FALSE,0.001,8e-4,0.0012,0.001,319,307,329,0.001,0.0558,319,0.0014,NA,NA,NA,NA,NA,NA,0.4228,0.0021,290,0.7587,0.0097,0,0.9228,0,Bayes-M10-med
Businga,Nord-Ubangi,2,FALSE,0.001,8e-4,0.0012,9e-4,322,320,322,0.001,0.0546,322,0.0014,NA,NA,NA,NA,NA,NA,0.6781,0.0033,238,0.9286,0.861,0,0.9228,0,Bayes-M10-med
Wasolo,Nord-Ubangi,2,FALSE,0.001,8e-4,0.0012,0.001,320,318,322,0.001,0.0547,321,0.0014,NA,NA,NA,NA,NA,NA,0.5709,0.0028,259,0.5541,0.7413,0,0.9884,0,Bayes-M10-med
Bokonzi,Sud-Ubangi,2,FALSE,0.001,8e-4,0.0013,0.001,310,309,313,0.001,0.0593,310,0.0015,NA,NA,NA,NA,NA,NA,0.236,0.0013,367,0.4305,0.083,0,0.4305,0,Bayes-M10-med
Bominenge,Sud-Ubangi,2,FALSE,0.001,8e-4,0.0012,0.001,316,310,321,0.001,0.0564,316,0.0014,NA,NA,NA,NA,NA,NA,0.3258,0.0017,334,0.2819,0.0985,0,0.9228,0,Bayes-M10-med
Boto,Sud-Ubangi,2,FALSE,0.001,8e-4,0.0012,0.001,314,313,315,0.001,0.0578,314,0.0015,NA,NA,NA,NA,NA,NA,0.3596,0.0019,316,0.3282,0.5174,0,0.5927,0,Bayes-M10-med
Likasi,Haut-Katanga,2,FALSE,9e-4,7e-4,0.0012,9e-4,323,320,323,9e-4,0.054,323,0.0014,NA,NA,NA,NA,NA,NA,0.1728,8e-4,402,0.112,0.4208,0,0.1583,0,Bayes-M10-med
Mufunga Sampwe,Haut-Katanga,2,FALSE,9e-4,7e-4,0.0011,9e-4,327,326,327,9e-4,0.0508,327,0.0013,NA,NA,NA,NA,NA,NA,0.3774,0.0017,327,0.8185,0.0888,0,0.6023,0,Bayes-M10-med
Lwamba,Haut-Lomami,2,FALSE,9e-4,7e-4,0.0011,9e-4,326,325,326,9e-4,0.0509,326,0.0013,NA,NA,NA,NA,NA,NA,0.4865,0.0022,282,0.8069,0.6409,0,0.4981,0,Bayes-M10-med
Songa,Haut-Lomami,2,FALSE,9e-4,7e-4,0.0011,9e-4,328,328,329,9e-4,0.0502,328,0.0013,NA,NA,NA,NA,NA,NA,0.473,0.0021,288,0.9344,0.3533,0,0.6042,0,Bayes-M10-med
Mikope,Kasaï,2,FALSE,9e-4,7e-4,0.0011,9e-4,324,323,324,9e-4,0.053,324,0.0014,NA,NA,NA,NA,NA,NA,0.3996,0.0019,313,0.6776,0.2703,0,0.6506,0,Bayes-M10-med
Lubondaie,Kasaï-Central,2,FALSE,9e-4,7e-4,0.0011,9e-4,325,323,325,9e-4,0.0529,325,0.0014,NA,NA,NA,NA,NA,NA,0.3147,0.0015,342,0.3822,0.1583,0,0.7181,0,Bayes-M10-med
Bandundu,Kwilu,2,FALSE,9e-4,7e-4,0.0011,9e-4,330,330,330,9e-4,0.0492,330,0.0013,NA,NA,NA,NA,NA,NA,0.3364,0.0015,343,0.3436,0.751,0,0.251,0,Bayes-M10-med
Pay Kongila,Kwilu,2,FALSE,9e-4,7e-4,0.0011,8e-4,331,331,331,9e-4,0.0485,331,0.0012,NA,NA,NA,NA,NA,NA,0.4488,0.002,306,0.5135,0.6467,0,0.6351,0,Bayes-M10-med
Pania Mutombo,Sankuru,2,FALSE,9e-4,7e-4,0.0011,9e-4,329,327,329,9e-4,0.0502,329,0.0013,NA,NA,NA,NA,NA,NA,0.4117,0.0019,318,0.7413,0.1236,0,0.7819,0,Bayes-M10-med
Ingende,Equateur,2,FALSE,8e-4,7e-4,0.001,8e-4,336,332,346,8e-4,0.0468,336,0.0012,NA,NA,NA,NA,NA,NA,0.596,0.0025,273,0.9208,0.8571,0,0.6062,0,Bayes-M10-med
Kasenga,Haut-Katanga,2,FALSE,8e-4,6e-4,0.001,8e-4,342,338,344,8e-4,0.0463,342,0.0012,NA,NA,NA,NA,NA,NA,0.3953,0.0016,335,0.8166,0.6255,0,0.139,0,Bayes-M10-med
Kayamba,Haut-Lomami,2,FALSE,8e-4,6e-4,0.001,8e-4,345,339,347,8e-4,0.0461,345,0.0012,NA,NA,NA,NA,NA,NA,0.4276,0.0018,323,0.7027,0.4189,0,0.5888,0,Bayes-M10-med
Dekese,Kasaï,2,FALSE,8e-4,6e-4,0.001,8e-4,344,342,345,8e-4,0.0462,344,0.0012,NA,NA,NA,NA,NA,NA,0.4633,0.0019,309,0.9189,0.2181,0,0.7162,0,Bayes-M10-med
Mushenge,Kasaï,2,FALSE,8e-4,6e-4,0.001,8e-4,341,340,341,8e-4,0.0464,341,0.0012,NA,NA,NA,NA,NA,NA,0.3229,0.0013,360,0.5946,0.0656,0,0.6313,0,Bayes-M10-med
Kitangwa,Kasaï,2,FALSE,8e-4,7e-4,0.001,8e-4,334,334,338,8e-4,0.0474,334,0.0012,NA,NA,NA,NA,NA,NA,0.3287,0.0014,354,0.6332,0.1062,0,0.5753,0,Bayes-M10-med
Mutena,Kasaï,2,FALSE,8e-4,6e-4,0.001,8e-4,352,352,354,8e-4,0.0439,352,0.0011,NA,NA,NA,NA,NA,NA,0.2336,9e-4,393,0.334,0.0753,0,0.5251,0,Bayes-M10-med
Bunkonde,Kasaï-Central,2,FALSE,8e-4,6e-4,0.001,8e-4,347,345,348,8e-4,0.0454,347,0.0012,NA,NA,NA,NA,NA,NA,0.3523,0.0014,346,0.4015,0.278,0,0.7297,0,Bayes-M10-med
Mutoto,Kasaï-Central,2,FALSE,8e-4,6e-4,0.001,8e-4,349,348,350,8e-4,0.0451,349,0.0012,NA,NA,NA,NA,NA,NA,0.3441,0.0014,356,0.4575,0.361,0,0.5579,0,Bayes-M10-med
Ndesha,Kasaï-Central,2,FALSE,8e-4,6e-4,0.001,8e-4,353,352,355,8e-4,0.0439,353,0.0011,NA,NA,NA,NA,NA,NA,0.2317,9e-4,395,0.1448,0.3456,0,0.4363,0,Bayes-M10-med
Boma,Kongo-Central,2,FALSE,8e-4,6e-4,9e-4,8e-4,354,352,354,8e-4,0.0438,354,0.0011,NA,NA,NA,NA,NA,NA,0.2901,0.0011,376,0.1467,0.9247,0,0.0888,0,Bayes-M10-med
Lukula,Kongo-Central,2,FALSE,8e-4,6e-4,0.001,8e-4,340,339,341,8e-4,0.0465,340,0.0012,NA,NA,NA,NA,NA,NA,0.3933,0.0016,337,0.529,0.8745,0,0.1699,0,Bayes-M10-med
Boko Kivulu,Kongo-Central,2,FALSE,8e-4,6e-4,9e-4,7e-4,357,356,357,8e-4,0.0432,357,0.0011,NA,NA,NA,NA,NA,NA,0.4281,0.0017,333,0.5792,0.9324,0,0.2008,0,Bayes-M10-med
Kimpese,Kongo-Central,2,FALSE,8e-4,6e-4,0.001,8e-4,338,337,339,8e-4,0.0467,338,0.0012,NA,NA,NA,NA,NA,NA,0.4947,0.0021,297,0.7896,0.9768,0,0.2124,0,Bayes-M10-med
Boko,Kwango,2,FALSE,8e-4,6e-4,0.001,8e-4,350,349,350,8e-4,0.0448,350,0.0012,NA,NA,NA,NA,NA,NA,0.5121,0.0021,299,0.7336,0.61,0,0.7046,0,Bayes-M10-med
Feshi,Kwango,2,FALSE,8e-4,6e-4,0.001,8e-4,351,350,351,8e-4,0.0444,351,0.0011,NA,NA,NA,NA,NA,NA,0.5082,0.002,301,0.7317,0.5425,0,0.7587,0,Bayes-M10-med
Bagata,Kwilu,2,FALSE,8e-4,7e-4,0.001,8e-4,333,332,335,8e-4,0.048,333,0.0012,NA,NA,NA,NA,NA,NA,0.5135,0.0022,283,0.6795,0.695,0,0.6795,0,Bayes-M10-med
Kikongo,Kwilu,2,FALSE,8e-4,6e-4,9e-4,7e-4,358,358,358,8e-4,0.043,358,0.0011,NA,NA,NA,NA,NA,NA,0.5024,0.0019,308,0.6969,0.6023,0,0.7104,0,Bayes-M10-med
Kimputu,Kwilu,2,FALSE,8e-4,6e-4,0.001,8e-4,345,342,346,8e-4,0.0461,346,0.0012,NA,NA,NA,NA,NA,NA,0.5039,0.0021,294,0.4923,0.639,0,0.8842,0,Bayes-M10-med
Mosango,Kwilu,2,FALSE,8e-4,7e-4,0.001,8e-4,335,335,336,8e-4,0.0474,335,0.0012,NA,NA,NA,NA,NA,NA,0.515,0.0022,285,0.5463,0.7375,0,0.7761,0,Bayes-M10-med
Dilolo,Lualaba,2,FALSE,8e-4,6e-4,9e-4,8e-4,355,355,356,8e-4,0.0435,355,0.0011,NA,NA,NA,NA,NA,NA,0.3663,0.0014,347,0.8398,0.6197,0,0.0058,0,Bayes-M10-med
Kalamba,Lualaba,2,FALSE,8e-4,6e-4,9e-4,8e-4,356,355,358,8e-4,0.0434,356,0.0011,NA,NA,NA,NA,NA,NA,0.4542,0.0018,324,0.8803,0.2375,0,0.6988,0,Bayes-M10-med
Sandoa,Lualaba,2,FALSE,8e-4,6e-4,0.001,8e-4,339,336,343,8e-4,0.0465,339,0.0012,NA,NA,NA,NA,NA,NA,0.5536,0.0023,281,0.9421,0.6815,0,0.5907,0,Bayes-M10-med
Kanzenze,Lualaba,2,FALSE,8e-4,7e-4,0.001,8e-4,332,332,333,8e-4,0.048,332,0.0012,NA,NA,NA,NA,NA,NA,0.2389,0.001,388,0.6255,0.1429,0,0.1873,0,Bayes-M10-med
Boso Mondanda,Mongala,2,FALSE,8e-4,7e-4,0.001,8e-4,337,334,345,8e-4,0.0468,337,0.0012,NA,NA,NA,NA,NA,NA,0.3716,0.0016,339,0.5869,0.1486,0,0.751,0,Bayes-M10-med
Mawuya,Sud-Ubangi,2,FALSE,8e-4,6e-4,0.001,8e-4,348,342,351,8e-4,0.0453,348,0.0012,NA,NA,NA,NA,NA,NA,0.2654,0.0011,382,0.444,0.2394,0,0.3784,0,Bayes-M10-med
Monkoto,Tshuapa,2,FALSE,8e-4,6e-4,0.001,8e-4,343,337,347,8e-4,0.0462,343,0.0012,NA,NA,NA,NA,NA,NA,0.5598,0.0023,279,0.9498,0.4054,0,0.8842,0,Bayes-M10-med
Mitwaba,Haut-Katanga,2,FALSE,7e-4,5e-4,8e-4,6e-4,366,365,366,7e-4,0.0374,366,0.001,NA,NA,NA,NA,NA,NA,0.3528,0.0012,372,0.8012,0.0618,0,0.5483,0,Bayes-M10-med
Kwilu Ngongo,Kongo-Central,2,FALSE,7e-4,5e-4,8e-4,7e-4,364,364,364,7e-4,0.0387,364,0.001,NA,NA,NA,NA,NA,NA,0.3875,0.0013,359,0.4884,0.8668,0,0.195,0,Bayes-M10-med
Mbanza Ngungu,Kongo-Central,2,FALSE,7e-4,6e-4,9e-4,7e-4,360,359,360,7e-4,0.0422,359,0.0011,NA,NA,NA,NA,NA,NA,0.3711,0.0014,350,0.3205,0.9749,0,0.1892,0,Bayes-M10-med
Kahemba,Kwango,2,FALSE,7e-4,5e-4,9e-4,7e-4,363,363,363,7e-4,0.0395,363,0.001,NA,NA,NA,NA,NA,NA,0.5367,0.0019,310,0.8958,0.7278,0,0.5232,0,Bayes-M10-med
Panzi,Kwango,2,FALSE,7e-4,6e-4,9e-4,7e-4,362,362,362,7e-4,0.0397,362,0.001,NA,NA,NA,NA,NA,NA,0.5236,0.0019,317,0.7548,0.583,0,0.7568,0,Bayes-M10-med
Mungindu,Kwilu,2,FALSE,7e-4,6e-4,9e-4,7e-4,360,359,361,7e-4,0.0422,360,0.0011,NA,NA,NA,NA,NA,NA,0.3818,0.0014,345,0.4691,0.5367,0,0.5212,0,Bayes-M10-med
Inongo,Mai-Ndombe,2,FALSE,7e-4,5e-4,8e-4,7e-4,365,365,366,7e-4,0.0377,365,0.001,NA,NA,NA,NA,NA,NA,0.4952,0.0017,330,0.7645,0.2934,0,0.9228,0,Bayes-M10-med
Busanga,Tshuapa,2,FALSE,7e-4,6e-4,9e-4,7e-4,361,352,361,7e-4,0.0417,361,0.0011,NA,NA,NA,NA,NA,NA,0.4452,0.0017,332,0.6602,0.168,0,0.9527,0,Bayes-M10-med
Bikoro,Equateur,2,FALSE,6e-4,4e-4,7e-4,5e-4,383,381,385,6e-4,0.0316,383,8e-4,NA,NA,NA,NA,NA,NA,0.5951,0.0017,329,0.8127,0.8147,0,0.7529,0,Bayes-M10-med
Wangata,Equateur,2,FALSE,6e-4,4e-4,7e-4,6e-4,381,377,386,6e-4,0.0317,381,8e-4,NA,NA,NA,NA,NA,NA,0.417,0.0012,370,0.2336,0.9865,0,0.4479,0,Bayes-M10-med
Kikula,Haut-Katanga,2,FALSE,6e-4,5e-4,8e-4,6e-4,371,370,371,6e-4,0.0351,371,9e-4,NA,NA,NA,NA,NA,NA,0.0951,3e-4,443,0.1062,0.1139,0,0.1602,0,Bayes-M10-med
Panda,Haut-Katanga,2,FALSE,6e-4,4e-4,7e-4,5e-4,382,379,384,6e-4,0.0317,382,8e-4,NA,NA,NA,NA,NA,NA,0.2027,6e-4,418,0.1622,0.4826,0,0.166,0,Bayes-M10-med
Kafubu,Haut-Katanga,2,FALSE,6e-4,5e-4,7e-4,6e-4,375,375,376,6e-4,0.0333,375,9e-4,NA,NA,NA,NA,NA,NA,0.2104,6e-4,416,0.6042,0.0869,0,0.1506,0,Bayes-M10-med
Lukafu,Haut-Katanga,2,FALSE,6e-4,4e-4,7e-4,5e-4,384,380,386,6e-4,0.0315,384,8e-4,NA,NA,NA,NA,NA,NA,0.4015,0.0011,379,0.888,0.3243,0,0.3938,0,Bayes-M10-med
Bulape,Kasaï,2,FALSE,6e-4,5e-4,8e-4,6e-4,369,369,369,6e-4,0.0362,369,9e-4,NA,NA,NA,NA,NA,NA,0.4315,0.0014,352,0.7066,0.1853,0,0.834,0,Bayes-M10-med
Nyanga,Kasaï,2,FALSE,6e-4,5e-4,8e-4,6e-4,367,367,368,6e-4,0.0365,367,9e-4,NA,NA,NA,NA,NA,NA,0.348,0.0011,377,0.4402,0.3803,0,0.5714,0,Bayes-M10-med
Bena Tshadi,Kasaï-Central,2,FALSE,6e-4,5e-4,8e-4,6e-4,370,370,372,6e-4,0.0351,370,9e-4,NA,NA,NA,NA,NA,NA,0.472,0.0015,344,0.6699,0.3784,0,0.8398,0,Bayes-M10-med
Kalomba,Kasaï-Central,2,FALSE,6e-4,5e-4,7e-4,6e-4,373,373,373,6e-4,0.0344,373,9e-4,NA,NA,NA,NA,NA,NA,0.2944,9e-4,396,0.3166,0.1467,0,0.7143,0,Bayes-M10-med
Seke Banza,Kongo-Central,2,FALSE,6e-4,5e-4,8e-4,6e-4,372,370,372,6e-4,0.035,372,9e-4,NA,NA,NA,NA,NA,NA,0.4513,0.0014,348,0.6351,0.9498,0,0.2201,0,Bayes-M10-med
Kimbao,Kwango,2,FALSE,6e-4,5e-4,8e-4,6e-4,368,367,368,6e-4,0.0364,368,9e-4,NA,NA,NA,NA,NA,NA,0.5743,0.0019,315,0.7201,0.7181,0,0.8591,0,Bayes-M10-med
Popokabaka,Kwango,2,FALSE,6e-4,5e-4,7e-4,6e-4,374,374,374,6e-4,0.0342,374,9e-4,NA,NA,NA,NA,NA,NA,0.5507,0.0017,328,0.7703,0.7876,0,0.6448,0,Bayes-M10-med
Sia,Kwilu,2,FALSE,6e-4,5e-4,7e-4,6e-4,377,377,380,6e-4,0.0326,377,8e-4,NA,NA,NA,NA,NA,NA,0.3986,0.0012,375,0.4151,0.3822,0,0.7973,0,Bayes-M10-med
Kafakumba,Lualaba,2,FALSE,6e-4,5e-4,7e-4,6e-4,376,376,379,6e-4,0.033,376,8e-4,NA,NA,NA,NA,NA,NA,0.4648,0.0014,358,0.8687,0.2027,0,0.7876,0,Bayes-M10-med
Lubudi,Lualaba,2,FALSE,6e-4,4e-4,7e-4,5e-4,380,378,385,6e-4,0.0317,380,8e-4,NA,NA,NA,NA,NA,NA,0.4667,0.0013,361,0.9151,0.4614,0,0.4903,0,Bayes-M10-med
Tshudi Loto,Sankuru,2,FALSE,6e-4,4e-4,7e-4,6e-4,378,375,383,6e-4,0.0321,378,8e-4,NA,NA,NA,NA,NA,NA,0.4237,0.0012,369,0.7683,0.0039,0,0.9228,0,Bayes-M10-med
Wema,Tshuapa,2,FALSE,6e-4,4e-4,7e-4,6e-4,379,378,382,6e-4,0.032,379,8e-4,NA,NA,NA,NA,NA,NA,0.4469,0.0013,365,0.8494,0.1332,0,0.805,0,Bayes-M10-med
Djombo,Equateur,2,FALSE,5e-4,4e-4,7e-4,5e-4,387,382,388,5e-4,0.0311,387,8e-4,NA,NA,NA,NA,NA,NA,0.6554,0.0018,321,0.917,0.7819,0,0.9228,0,Bayes-M10-med
Lotumbe,Equateur,2,FALSE,5e-4,4e-4,6e-4,5e-4,397,395,397,5e-4,0.027,397,7e-4,NA,NA,NA,NA,NA,NA,0.5816,0.0014,349,0.9691,0.7085,0,0.6486,0,Bayes-M10-med
Makanza,Equateur,2,FALSE,5e-4,4e-4,7e-4,5e-4,388,383,388,5e-4,0.0309,388,8e-4,NA,NA,NA,NA,NA,NA,0.639,0.0018,322,0.9537,0.7954,0,0.8069,0,Bayes-M10-med
Kenya,Haut-Katanga,2,FALSE,5e-4,4e-4,6e-4,5e-4,394,394,394,5e-4,0.028,394,7e-4,NA,NA,NA,NA,NA,NA,0.0569,1e-4,448,0.11,0.0116,0,0.1062,0,Bayes-M10-med
Banga Lubaka,Kasaï,2,FALSE,5e-4,4e-4,6e-4,5e-4,399,398,400,5e-4,0.0262,399,7e-4,NA,NA,NA,NA,NA,NA,0.3205,8e-4,406,0.5174,0.0444,0,0.7201,0,Bayes-M10-med
Kangu,Kongo-Central,2,FALSE,5e-4,4e-4,6e-4,5e-4,396,396,397,5e-4,0.0271,396,7e-4,NA,NA,NA,NA,NA,NA,0.3528,9e-4,400,0.3803,0.8822,0,0.1486,0,Bayes-M10-med
Nsona Mpangu,Kongo-Central,2,FALSE,5e-4,4e-4,6e-4,5e-4,391,391,391,5e-4,0.0296,391,8e-4,NA,NA,NA,NA,NA,NA,0.4165,0.0011,381,0.722,0.7645,0,0.1795,0,Bayes-M10-med
Massa,Kongo-Central,2,FALSE,5e-4,4e-4,7e-4,5e-4,386,384,388,5e-4,0.0311,386,8e-4,NA,NA,NA,NA,NA,NA,0.4223,0.0012,373,0.668,0.9208,0,0.1004,0,Bayes-M10-med
Kasongo Lunda,Kwango,2,FALSE,5e-4,4e-4,6e-4,5e-4,398,398,399,5e-4,0.0262,398,7e-4,NA,NA,NA,NA,NA,NA,0.3441,8e-4,405,0.6274,0.5946,0,0.1544,0,Bayes-M10-med
Wamba Lwadi,Kwango,2,FALSE,5e-4,4e-4,6e-4,5e-4,393,393,393,5e-4,0.0284,393,7e-4,NA,NA,NA,NA,NA,NA,0.5492,0.0014,353,0.6467,0.8185,0,0.7317,0,Bayes-M10-med
Kingandu,Kwilu,2,FALSE,5e-4,4e-4,7e-4,5e-4,385,382,387,5e-4,0.0313,385,8e-4,NA,NA,NA,NA,NA,NA,0.4923,0.0014,357,0.7162,0.6583,0,0.5946,0,Bayes-M10-med
Moanza,Kwilu,2,FALSE,5e-4,4e-4,6e-4,5e-4,395,395,396,5e-4,0.0274,395,7e-4,NA,NA,NA,NA,NA,NA,0.52,0.0013,366,0.5985,0.529,0,0.9527,0,Bayes-M10-med
Oshwe,Mai-Ndombe,2,FALSE,5e-4,4e-4,6e-4,5e-4,390,390,390,5e-4,0.0297,390,8e-4,NA,NA,NA,NA,NA,NA,0.4855,0.0013,364,0.8764,0.3301,0,0.7355,0,Bayes-M10-med
Nioki,Mai-Ndombe,2,FALSE,5e-4,4e-4,7e-4,5e-4,389,389,389,5e-4,0.0302,389,8e-4,NA,NA,NA,NA,NA,NA,0.389,0.0011,384,0.61,0.3958,0,0.5502,0,Bayes-M10-med
Zongo,Sud-Ubangi,2,FALSE,5e-4,4e-4,6e-4,5e-4,392,392,392,5e-4,0.0291,392,7e-4,NA,NA,NA,NA,NA,NA,0.2418,6e-4,415,0.278,0.4131,0,0.2761,0,Bayes-M10-med
Iboko,Equateur,2,FALSE,4e-4,4e-4,6e-4,4e-4,400,398,404,4e-4,0.0256,400,7e-4,NA,NA,NA,NA,NA,NA,0.612,0.0014,351,0.8282,0.7915,0,0.8282,0,Bayes-M10-med
Lukolela,Equateur,2,FALSE,4e-4,3e-4,5e-4,4e-4,414,413,415,4e-4,0.0218,414,6e-4,NA,NA,NA,NA,NA,NA,0.5787,0.0011,378,0.944,0.9151,0,0.4556,0,Bayes-M10-med
Monieka,Equateur,2,FALSE,4e-4,3e-4,5e-4,4e-4,406,401,408,4e-4,0.0244,406,6e-4,NA,NA,NA,NA,NA,NA,0.596,0.0013,363,0.9768,0.7336,0,0.6737,0,Bayes-M10-med
Butumba,Haut-Lomami,2,FALSE,4e-4,3e-4,5e-4,4e-4,403,401,405,4e-4,0.0253,403,6e-4,NA,NA,NA,NA,NA,NA,0.4595,0.001,387,0.7973,0.4151,0,0.6255,0,Bayes-M10-med
Kinda,Haut-Lomami,2,FALSE,4e-4,3e-4,5e-4,4e-4,417,417,417,4e-4,0.0209,417,5e-4,NA,NA,NA,NA,NA,NA,0.5077,0.001,392,0.9884,0.4266,0,0.6158,0,Bayes-M10-med
Inga,Kongo-Central,2,FALSE,4e-4,3e-4,5e-4,4e-4,408,407,408,4e-4,0.024,408,6e-4,NA,NA,NA,NA,NA,NA,0.3847,8e-4,404,0.5212,0.8243,0,0.1931,0,Bayes-M10-med
Luozi,Kongo-Central,2,FALSE,4e-4,3e-4,5e-4,4e-4,409,409,411,4e-4,0.0226,409,6e-4,NA,NA,NA,NA,NA,NA,0.5241,0.0011,383,0.7355,0.8861,0,0.4749,0,Bayes-M10-med
Gombe Matadi,Kongo-Central,2,FALSE,4e-4,3e-4,5e-4,4e-4,407,406,407,4e-4,0.0241,407,6e-4,NA,NA,NA,NA,NA,NA,0.4151,9e-4,397,0.6911,0.7857,0,0.1834,0,Bayes-M10-med
Kimvula,Kongo-Central,2,FALSE,4e-4,3e-4,4e-4,4e-4,418,418,418,4e-4,0.0205,418,5e-4,NA,NA,NA,NA,NA,NA,0.569,0.001,385,0.8629,0.8784,0,0.5347,0,Bayes-M10-med
Ngidinga,Kongo-Central,2,FALSE,4e-4,4e-4,6e-4,4e-4,401,400,402,4e-4,0.0255,401,7e-4,NA,NA,NA,NA,NA,NA,0.4488,0.001,389,0.6544,0.7432,0,0.3977,0,Bayes-M10-med
Kisanji,Kwango,2,FALSE,4e-4,3e-4,5e-4,4e-4,405,403,406,4e-4,0.025,405,6e-4,NA,NA,NA,NA,NA,NA,0.5574,0.0013,368,0.8417,0.6544,0,0.7336,0,Bayes-M10-med
Banzow Moke,Mai-Ndombe,2,FALSE,4e-4,3e-4,5e-4,4e-4,411,409,412,4e-4,0.0222,411,6e-4,NA,NA,NA,NA,NA,NA,0.5236,0.001,386,0.6892,0.5212,0,0.8842,0,Bayes-M10-med
Kiri,Mai-Ndombe,2,FALSE,4e-4,3e-4,5e-4,4e-4,413,412,415,4e-4,0.0219,413,6e-4,NA,NA,NA,NA,NA,NA,0.5685,0.0011,380,0.8745,0.4768,0,0.9228,0,Bayes-M10-med
Ntandembelo,Mai-Ndombe,2,FALSE,4e-4,3e-4,5e-4,4e-4,416,416,416,4e-4,0.0215,416,6e-4,NA,NA,NA,NA,NA,NA,0.4595,9e-4,398,0.6023,0.4633,0,0.7722,0,Bayes-M10-med
Yumbi,Mai-Ndombe,2,FALSE,4e-4,3e-4,5e-4,4e-4,415,414,415,4e-4,0.0218,415,6e-4,NA,NA,NA,NA,NA,NA,0.2741,5e-4,424,0.4131,0.4015,0,0.2819,0,Bayes-M10-med
Bolobo,Mai-Ndombe,2,FALSE,4e-4,3e-4,5e-4,4e-4,410,410,410,4e-4,0.0224,410,6e-4,NA,NA,NA,NA,NA,NA,0.3388,7e-4,412,0.6313,0.4981,0,0.2259,0,Bayes-M10-med
Bosobe,Mai-Ndombe,2,FALSE,4e-4,3e-4,5e-4,4e-4,412,411,413,4e-4,0.0221,412,6e-4,NA,NA,NA,NA,NA,NA,0.4406,9e-4,399,0.4942,0.4093,0,0.8591,0,Bayes-M10-med
Kwamouth,Mai-Ndombe,2,FALSE,4e-4,4e-4,5e-4,4e-4,402,402,404,4e-4,0.0253,402,6e-4,NA,NA,NA,NA,NA,NA,0.43,0.001,390,0.8707,0.417,0,0.4324,0,Bayes-M10-med
Mushie,Mai-Ndombe,2,FALSE,4e-4,3e-4,5e-4,4e-4,404,403,405,4e-4,0.0251,404,6e-4,NA,NA,NA,NA,NA,NA,0.4291,0.001,391,0.7394,0.3649,0,0.612,0,Bayes-M10-med
Bomongo,Equateur,2,FALSE,3e-4,2e-4,4e-4,3e-4,428,428,428,3e-4,0.0173,428,4e-4,NA,NA,NA,NA,NA,NA,0.5907,9e-4,394,0.9788,0.8475,0,0.5367,0,Bayes-M10-med
Kilela Balanda,Haut-Katanga,2,FALSE,3e-4,2e-4,3e-4,3e-4,438,437,438,3e-4,0.015,438,4e-4,NA,NA,NA,NA,NA,NA,0.3132,4e-4,433,0.9228,0.0927,0,0.2375,0,Bayes-M10-med
Kashobwe,Haut-Katanga,2,FALSE,3e-4,2e-4,4e-4,3e-4,427,426,427,3e-4,0.0177,427,5e-4,NA,NA,NA,NA,NA,NA,0.3243,5e-4,425,0.805,0.3012,0,0.1911,0,Bayes-M10-med
Katuba,Haut-Katanga,2,FALSE,3e-4,3e-4,4e-4,3e-4,422,421,422,3e-4,0.019,422,5e-4,NA,NA,NA,NA,NA,NA,0.0463,1e-4,450,0.0502,0.0309,0,0.1042,0,Bayes-M10-med
Baka,Haut-Lomami,2,FALSE,3e-4,2e-4,4e-4,3e-4,425,425,426,3e-4,0.0179,425,5e-4,NA,NA,NA,NA,NA,NA,0.4319,7e-4,411,0.4344,0.8919,0,0.4015,0,Bayes-M10-med
Bobozo,Kasaï-Central,2,FALSE,3e-4,2e-4,4e-4,3e-4,433,433,434,3e-4,0.0162,433,4e-4,NA,NA,NA,NA,NA,NA,0.2336,3e-4,441,0.1602,0.2857,0,0.4884,0,Bayes-M10-med
Boma Bungu,Kongo-Central,2,FALSE,3e-4,2e-4,3e-4,3e-4,437,437,438,3e-4,0.015,437,4e-4,NA,NA,NA,NA,NA,NA,0.3209,4e-4,432,0.5811,0.5676,0,0.1351,0,Bayes-M10-med
Kinkonzi,Kongo-Central,2,FALSE,3e-4,2e-4,3e-4,3e-4,436,436,436,3e-4,0.0152,436,4e-4,NA,NA,NA,NA,NA,NA,0.4252,6e-4,417,0.6236,0.8958,0,0.1815,0,Bayes-M10-med
Kizu,Kongo-Central,2,FALSE,3e-4,2e-4,4e-4,3e-4,426,425,427,3e-4,0.0178,426,5e-4,NA,NA,NA,NA,NA,NA,0.3113,5e-4,428,0.2973,0.8707,0,0.0772,0,Bayes-M10-med
Kuimba,Kongo-Central,2,FALSE,3e-4,2e-4,4e-4,3e-4,434,433,434,3e-4,0.0162,434,4e-4,NA,NA,NA,NA,NA,NA,0.3069,4e-4,430,0.3784,0.8456,0,0.0039,0,Bayes-M10-med
Tshela,Kongo-Central,2,FALSE,3e-4,2e-4,4e-4,3e-4,430,429,431,3e-4,0.0169,430,4e-4,NA,NA,NA,NA,NA,NA,0.3282,5e-4,427,0.417,0.888,0,0.0077,0,Bayes-M10-med
Mangembo,Kongo-Central,2,FALSE,3e-4,2e-4,4e-4,3e-4,431,430,431,3e-4,0.0169,431,4e-4,NA,NA,NA,NA,NA,NA,0.3726,6e-4,420,0.5598,0.6641,0,0.2664,0,Bayes-M10-med
Nzanza,Kongo-Central,2,FALSE,3e-4,3e-4,4e-4,3e-4,419,419,419,3e-4,0.0194,419,5e-4,NA,NA,NA,NA,NA,NA,0.2172,4e-4,438,0.0888,0.6892,0,0.0907,0,Bayes-M10-med
Kimpangu,Kongo-Central,2,FALSE,3e-4,3e-4,4e-4,3e-4,423,423,423,3e-4,0.0183,423,5e-4,NA,NA,NA,NA,NA,NA,0.4488,7e-4,409,0.7085,0.9344,0,0.1525,0,Bayes-M10-med
Nselo,Kongo-Central,2,FALSE,3e-4,2e-4,3e-4,3e-4,435,435,435,3e-4,0.0161,435,4e-4,NA,NA,NA,NA,NA,NA,0.374,5e-4,423,0.6564,0.5347,0,0.305,0,Bayes-M10-med
Kajiji,Kwango,2,FALSE,3e-4,2e-4,4e-4,3e-4,424,424,424,3e-4,0.018,424,5e-4,NA,NA,NA,NA,NA,NA,0.3533,6e-4,419,0.7934,0.1544,0,0.4653,0,Bayes-M10-med
Kitenda,Kwango,2,FALSE,3e-4,2e-4,4e-4,3e-4,432,432,432,3e-4,0.0165,432,4e-4,NA,NA,NA,NA,NA,NA,0.376,6e-4,421,0.6641,0.4247,0,0.4151,0,Bayes-M10-med
Mwela Lembwa,Kwango,2,FALSE,3e-4,3e-4,4e-4,3e-4,420,420,422,3e-4,0.0191,420,5e-4,NA,NA,NA,NA,NA,NA,0.4397,8e-4,407,0.6506,0.3224,0,0.7857,0,Bayes-M10-med
Bunkeya,Lualaba,2,FALSE,3e-4,2e-4,4e-4,3e-4,429,429,430,3e-4,0.017,429,4e-4,NA,NA,NA,NA,NA,NA,0.4218,6e-4,413,0.8243,0.5019,0,0.361,0,Bayes-M10-med
Pendjwa,Mai-Ndombe,2,FALSE,3e-4,3e-4,4e-4,3e-4,421,420,422,3e-4,0.019,421,5e-4,NA,NA,NA,NA,NA,NA,0.4319,7e-4,408,0.7008,0.2124,0,0.8147,0,Bayes-M10-med
Bolenge,Equateur,2,FALSE,2e-4,2e-4,2e-4,2e-4,443,443,443,2e-4,0.0114,443,3e-4,NA,NA,NA,NA,NA,NA,0.5391,5e-4,422,0.7954,0.8514,0,0.5097,0,Bayes-M10-med
Vangu,Haut-Katanga,2,FALSE,2e-4,2e-4,3e-4,2e-4,441,441,441,2e-4,0.0119,441,3e-4,NA,NA,NA,NA,NA,NA,0.1081,1e-4,449,0.1158,0.1699,0,0.1467,0,Bayes-M10-med
Vaku,Kongo-Central,2,FALSE,2e-4,2e-4,3e-4,2e-4,442,442,442,2e-4,0.0116,442,3e-4,NA,NA,NA,NA,NA,NA,0.4194,4e-4,431,0.5676,0.9421,0,0.168,0,Bayes-M10-med
Kibunzi,Kongo-Central,2,FALSE,2e-4,1e-4,2e-4,2e-4,444,444,444,2e-4,0.0088,444,2e-4,NA,NA,NA,NA,NA,NA,0.4175,3e-4,442,0.7046,0.5251,0,0.4402,0,Bayes-M10-med
Sona Bata,Kongo-Central,2,FALSE,2e-4,2e-4,3e-4,2e-4,440,440,440,2e-4,0.0133,440,3e-4,NA,NA,NA,NA,NA,NA,0.43,5e-4,426,0.7259,0.7896,0,0.2046,0,Bayes-M10-med
Tembo,Kwango,2,FALSE,2e-4,2e-4,3e-4,2e-4,439,439,439,2e-4,0.0134,439,3e-4,NA,NA,NA,NA,NA,NA,0.3205,4e-4,436,0.7876,0.3977,0,0.0965,0,Bayes-M10-med
Mutshatsha,Lualaba,2,FALSE,2e-4,1e-4,2e-4,1e-4,445,445,445,2e-4,0.0086,445,2e-4,NA,NA,NA,NA,NA,NA,0.3808,3e-4,444,0.971,0.1023,0,0.4498,0,Bayes-M10-med
Irebu,Equateur,2,FALSE,1e-4,1e-4,1e-4,1e-4,452,452,452,1e-4,0.0037,452,1e-4,NA,NA,NA,NA,NA,NA,0.5473,2e-4,446,0.9305,0.6776,0,0.5811,0,Bayes-M10-med
Lilanga Bobangi,Equateur,2,FALSE,1e-4,1e-4,1e-4,1e-4,450,450,450,1e-4,0.0046,450,1e-4,NA,NA,NA,NA,NA,NA,0.4117,2e-4,447,0.9382,0.2664,0,0.4421,0,Bayes-M10-med
Mampoko,Equateur,2,FALSE,1e-4,1e-4,2e-4,1e-4,446,446,446,1e-4,0.0082,446,2e-4,NA,NA,NA,NA,NA,NA,0.5135,4e-4,439,0.8919,0.5058,0,0.6564,0,Bayes-M10-med
Ntondo,Equateur,2,FALSE,1e-4,1e-4,2e-4,1e-4,447,447,447,1e-4,0.0076,447,2e-4,NA,NA,NA,NA,NA,NA,0.6125,4e-4,434,0.8996,0.7259,0,0.8243,0,Bayes-M10-med
Kamalondo,Haut-Katanga,2,FALSE,1e-4,1e-4,1e-4,1e-4,451,451,451,1e-4,0.0045,451,1e-4,NA,NA,NA,NA,NA,NA,0.0352,0,453,0.029,0.0019,0,0.11,0,Bayes-M10-med
Kowe,Haut-Katanga,2,FALSE,1e-4,1e-4,1e-4,1e-4,449,449,449,1e-4,0.0047,449,1e-4,NA,NA,NA,NA,NA,NA,0.07,0,452,0.0714,0.0811,0,0.1274,0,Bayes-M10-med
Mimia,Mai-Ndombe,2,FALSE,1e-4,1e-4,1e-4,1e-4,448,448,448,1e-4,0.0063,448,2e-4,NA,NA,NA,NA,NA,NA,0.4841,3e-4,445,0.9614,0.0521,0,0.9228,0,Bayes-M10-med
Kitona,Kongo-Central,2,FALSE,0,0,1e-4,0,453,453,453,0,0.0026,453,1e-4,NA,NA,NA,NA,NA,NA,0.293,1e-4,451,0.5907,0.5792,0,0.0019,0,Bayes-M10-med
Bokoro,Mai-Ndombe,2,FALSE,0,0,0,0,454.5,454.5,454.5,0,0,454,0,NA,NA,NA,NA,NA,NA,0.471,0,454,0.6873,0.5097,0,0.6873,0,Bayes-M10-med
Idjwi,Sud-Kivu,2,FALSE,0,0,0,0,454.5,454.5,454.5,0,0,454,0,NA,NA,NA,NA,NA,NA,0.3007,0,455,0.2992,0.8224,0,0.0811,0,Bayes-M10-med
Buta,Bas-Uele,2,TRUE,NA,NA,NA,NA,NA,NA,NA,NA,NA,NA,NA,NA,NA,NA,NA,NA,NA,0.7225,NA,NA,0.9749,0.9923,0,0.9228,0,Bayes-M10-med
Ganga,Bas-Uele,2,TRUE,NA,NA,NA,NA,NA,NA,NA,NA,NA,NA,NA,NA,NA,NA,NA,NA,NA,0.7218,NA,NA,0.9672,0.9556,0,0.9643,0,Bayes-M10-med
Viadana,Bas-Uele,2,TRUE,NA,NA,NA,NA,NA,NA,NA,NA,NA,NA,NA,NA,NA,NA,NA,NA,NA,0.6846,NA,NA,0.9131,0.9788,0,0.8465,0,Bayes-M10-med
Boma Mangbetu,Haut-Uele,2,TRUE,NA,NA,NA,NA,NA,NA,NA,NA,NA,NA,NA,NA,NA,NA,NA,NA,NA,0.4122,NA,NA,0.2857,0.5039,0,0.8591,0,Bayes-M10-med
Dungu,Haut-Uele,2,TRUE,NA,NA,NA,NA,NA,NA,NA,NA,NA,NA,NA,NA,NA,NA,NA,NA,NA,0.5275,NA,NA,0.8726,0.5598,0,0.6776,0,Bayes-M10-med
Gombari,Haut-Uele,2,TRUE,NA,NA,NA,NA,NA,NA,NA,NA,NA,NA,NA,NA,NA,NA,NA,NA,NA,0.5772,NA,NA,0.9633,0.8012,0,0.5444,0,Bayes-M10-med
Isiro,Haut-Uele,2,TRUE,NA,NA,NA,NA,NA,NA,NA,NA,NA,NA,NA,NA,NA,NA,NA,NA,NA,0.5253,NA,NA,0.39,0.7587,0,0.9527,0,Bayes-M10-med
Pawa,Haut-Uele,2,TRUE,NA,NA,NA,NA,NA,NA,NA,NA,NA,NA,NA,NA,NA,NA,NA,NA,NA,0.4315,NA,NA,0.2934,0.5734,0,0.8591,0,Bayes-M10-med
Rungu,Haut-Uele,2,TRUE,NA,NA,NA,NA,NA,NA,NA,NA,NA,NA,NA,NA,NA,NA,NA,NA,NA,0.6474,NA,NA,0.8224,0.8031,0,0.9643,0,Bayes-M10-med
Wamba,Haut-Uele,2,TRUE,NA,NA,NA,NA,NA,NA,NA,NA,NA,NA,NA,NA,NA,NA,NA,NA,NA,0.4817,NA,NA,0.6737,0.4363,0,0.8166,0,Bayes-M10-med
Adja,Ituri,2,TRUE,NA,NA,NA,NA,NA,NA,NA,NA,NA,NA,NA,NA,NA,NA,NA,NA,NA,0.2645,NA,NA,0.249,0.4286,0,0.3803,0,Bayes-M10-med
Ariwara,Ituri,2,TRUE,NA,NA,NA,NA,NA,NA,NA,NA,NA,NA,NA,NA,NA,NA,NA,NA,NA,0.2862,NA,NA,0.1988,0.6988,0,0.2471,0,Bayes-M10-med
Aru,Ituri,2,TRUE,NA,NA,NA,NA,NA,NA,NA,NA,NA,NA,NA,NA,NA,NA,NA,NA,NA,0.3528,NA,NA,0.3012,0.8417,0,0.2683,0,Bayes-M10-med
Aungba,Ituri,2,TRUE,NA,NA,NA,NA,NA,NA,NA,NA,NA,NA,NA,NA,NA,NA,NA,NA,NA,0.3354,NA,NA,0.3108,0.6564,0,0.3745,0,Bayes-M10-med
Kambala,Ituri,2,TRUE,NA,NA,NA,NA,NA,NA,NA,NA,NA,NA,NA,NA,NA,NA,NA,NA,NA,0.347,NA,NA,0.3668,0.612,0,0.4093,0,Bayes-M10-med
Logo,Ituri,2,TRUE,NA,NA,NA,NA,NA,NA,NA,NA,NA,NA,NA,NA,NA,NA,NA,NA,NA,0.2384,NA,NA,0.1757,0.5927,0,0.1853,0,Bayes-M10-med
Mahagi,Ituri,2,TRUE,NA,NA,NA,NA,NA,NA,NA,NA,NA,NA,NA,NA,NA,NA,NA,NA,NA,0.2292,NA,NA,0.1718,0.6004,0,0.1448,0,Bayes-M10-med
Rimba,Ituri,2,TRUE,NA,NA,NA,NA,NA,NA,NA,NA,NA,NA,NA,NA,NA,NA,NA,NA,NA,0.306,NA,NA,0.2008,0.7124,0,0.3108,0,Bayes-M10-med
Bambu,Ituri,2,TRUE,NA,NA,NA,NA,NA,NA,NA,NA,NA,NA,NA,NA,NA,NA,NA,NA,NA,0.2399,NA,NA,0.2046,0.4691,0,0.2857,0,Bayes-M10-med
Boga,Ituri,2,TRUE,NA,NA,NA,NA,NA,NA,NA,NA,NA,NA,NA,NA,NA,NA,NA,NA,NA,0.264,NA,NA,0.3861,0.36870000000000003,0,0.3012,0,Bayes-M10-med
Bunia,Ituri,2,TRUE,NA,NA,NA,NA,NA,NA,NA,NA,NA,NA,NA,NA,NA,NA,NA,NA,NA,0.2326,NA,NA,0.1178,0.5637,0,0.249,0,Bayes-M10-med
Damas,Ituri,2,TRUE,NA,NA,NA,NA,NA,NA,NA,NA,NA,NA,NA,NA,NA,NA,NA,NA,NA,0.3224,NA,NA,0.4479,0.3282,0,0.5135,0,Bayes-M10-med
Drodro,Ituri,2,TRUE,NA,NA,NA,NA,NA,NA,NA,NA,NA,NA,NA,NA,NA,NA,NA,NA,NA,0.2674,NA,NA,0.2066,0.5907,0,0.2722,0,Bayes-M10-med
Fataki,Ituri,2,TRUE,NA,NA,NA,NA,NA,NA,NA,NA,NA,NA,NA,NA,NA,NA,NA,NA,NA,0.3185,NA,NA,0.2259,0.7201,0,0.3282,0,Bayes-M10-med
Gety,Ituri,2,TRUE,NA,NA,NA,NA,NA,NA,NA,NA,NA,NA,NA,NA,NA,NA,NA,NA,NA,0.2592,NA,NA,0.3359,0.2973,0,0.4035,0,Bayes-M10-med
Kilo,Ituri,2,TRUE,NA,NA,NA,NA,NA,NA,NA,NA,NA,NA,NA,NA,NA,NA,NA,NA,NA,0.1448,NA,NA,0.2201,0.0502,0,0.3089,0,Bayes-M10-med
Komanda,Ituri,2,TRUE,NA,NA,NA,NA,NA,NA,NA,NA,NA,NA,NA,NA,NA,NA,NA,NA,NA,0.2341,NA,NA,0.3089,0.1197,0,0.5077,0,Bayes-M10-med
Lita,Ituri,2,TRUE,NA,NA,NA,NA,NA,NA,NA,NA,NA,NA,NA,NA,NA,NA,NA,NA,NA,0.306,NA,NA,0.2761,0.7046,0,0.2432,0,Bayes-M10-med
Lolwa,Ituri,2,TRUE,NA,NA,NA,NA,NA,NA,NA,NA,NA,NA,NA,NA,NA,NA,NA,NA,NA,0.3205,NA,NA,0.6429,0,0,0.639,0,Bayes-M10-med
Mambasa,Ituri,2,TRUE,NA,NA,NA,NA,NA,NA,NA,NA,NA,NA,NA,NA,NA,NA,NA,NA,NA,0.4324,NA,NA,0.8842,0.2625,0,0.583,0,Bayes-M10-med
Mandima,Ituri,2,TRUE,NA,NA,NA,NA,NA,NA,NA,NA,NA,NA,NA,NA,NA,NA,NA,NA,NA,0.2659,NA,NA,0.4846,0.2896,0,0.2896,0,Bayes-M10-med
Mangala,Ituri,2,TRUE,NA,NA,NA,NA,NA,NA,NA,NA,NA,NA,NA,NA,NA,NA,NA,NA,NA,0.3021,NA,NA,0.305,0.6158,0,0.2876,0,Bayes-M10-med
Mongbwalu,Ituri,2,TRUE,NA,NA,NA,NA,NA,NA,NA,NA,NA,NA,NA,NA,NA,NA,NA,NA,NA,0.2616,NA,NA,0.4112,0.1834,0,0.4517,0,Bayes-M10-med
Nia Nia,Ituri,2,TRUE,NA,NA,NA,NA,NA,NA,NA,NA,NA,NA,NA,NA,NA,NA,NA,NA,NA,0.2978,NA,NA,0.666,0.0212,0,0.5039,0,Bayes-M10-med
Nizi,Ituri,2,TRUE,NA,NA,NA,NA,NA,NA,NA,NA,NA,NA,NA,NA,NA,NA,NA,NA,NA,0.1771,NA,NA,0.1544,0.3378,0,0.2162,0,Bayes-M10-med
Nyankunde,Ituri,2,TRUE,NA,NA,NA,NA,NA,NA,NA,NA,NA,NA,NA,NA,NA,NA,NA,NA,NA,0.2514,NA,NA,0.2838,0.2432,0,0.4788,0,Bayes-M10-med
Rwampara,Ituri,2,TRUE,NA,NA,NA,NA,NA,NA,NA,NA,NA,NA,NA,NA,NA,NA,NA,NA,NA,0.319,NA,NA,0.2375,0.7452,0,0.2934,0,Bayes-M10-med
Tchomia,Ituri,2,TRUE,NA,NA,NA,NA,NA,NA,NA,NA,NA,NA,NA,NA,NA,NA,NA,NA,NA,0.1998,NA,NA,0.2104,0.3745,0,0.2143,0,Bayes-M10-med
Beni,Nord-Kivu,2,TRUE,NA,NA,NA,NA,NA,NA,NA,NA,NA,NA,NA,NA,NA,NA,NA,NA,NA,0.1559,NA,NA,0.1525,0.2297,0,0.2413,0,Bayes-M10-med
Biena,Nord-Kivu,2,TRUE,NA,NA,NA,NA,NA,NA,NA,NA,NA,NA,NA,NA,NA,NA,NA,NA,NA,0.2013,NA,NA,0.251,0.166,0,0.388,0,Bayes-M10-med
Butembo,Nord-Kivu,2,TRUE,NA,NA,NA,NA,NA,NA,NA,NA,NA,NA,NA,NA,NA,NA,NA,NA,NA,0.1829,NA,NA,0.1139,0.388,0,0.2297,0,Bayes-M10-med
Kalunguta,Nord-Kivu,2,TRUE,NA,NA,NA,NA,NA,NA,NA,NA,NA,NA,NA,NA,NA,NA,NA,NA,NA,0.1559,NA,NA,0.195,0.2066,0,0.222,0,Bayes-M10-med
Katwa,Nord-Kivu,2,TRUE,NA,NA,NA,NA,NA,NA,NA,NA,NA,NA,NA,NA,NA,NA,NA,NA,NA,0.1998,NA,NA,0.0869,0.4846,0,0.2278,0,Bayes-M10-med
Kyondo,Nord-Kivu,2,TRUE,NA,NA,NA,NA,NA,NA,NA,NA,NA,NA,NA,NA,NA,NA,NA,NA,NA,0.3238,NA,NA,0.2954,0.7973,0,0.2027,0,Bayes-M10-med
Lubero,Nord-Kivu,2,TRUE,NA,NA,NA,NA,NA,NA,NA,NA,NA,NA,NA,NA,NA,NA,NA,NA,NA,0.4585,NA,NA,0.5734,0.9382,0,0.3224,0,Bayes-M10-med
Mabalako,Nord-Kivu,2,TRUE,NA,NA,NA,NA,NA,NA,NA,NA,NA,NA,NA,NA,NA,NA,NA,NA,NA,0.1573,NA,NA,0.1931,0.2046,0,0.2317,0,Bayes-M10-med
Manguredjipa,Nord-Kivu,2,TRUE,NA,NA,NA,NA,NA,NA,NA,NA,NA,NA,NA,NA,NA,NA,NA,NA,NA,0.3475,NA,NA,0.778,0.0579,0,0.5541,0,Bayes-M10-med
Masereka,Nord-Kivu,2,TRUE,NA,NA,NA,NA,NA,NA,NA,NA,NA,NA,NA,NA,NA,NA,NA,NA,NA,0.36870000000000003,NA,NA,0.2548,0.9807,0,0.2394,0,Bayes-M10-med
Musienene,Nord-Kivu,2,TRUE,NA,NA,NA,NA,NA,NA,NA,NA,NA,NA,NA,NA,NA,NA,NA,NA,NA,0.319,NA,NA,0.2645,0.7317,0,0.2799,0,Bayes-M10-med
Mutwanga,Nord-Kivu,2,TRUE,NA,NA,NA,NA,NA,NA,NA,NA,NA,NA,NA,NA,NA,NA,NA,NA,NA,0.2408,NA,NA,0.2606,0.4672,0,0.2355,0,Bayes-M10-med
Oicha,Nord-Kivu,2,TRUE,NA,NA,NA,NA,NA,NA,NA,NA,NA,NA,NA,NA,NA,NA,NA,NA,NA,0.3364,NA,NA,0.3243,0.7606,0,0.2606,0,Bayes-M10-med
Vuhovi,Nord-Kivu,2,TRUE,NA,NA,NA,NA,NA,NA,NA,NA,NA,NA,NA,NA,NA,NA,NA,NA,NA,0.2611,NA,NA,0.2027,0.6178,0,0.2239,0,Bayes-M10-med
Goma,Nord-Kivu,2,TRUE,NA,NA,NA,NA,NA,NA,NA,NA,NA,NA,NA,NA,NA,NA,NA,NA,NA,0.2669,NA,NA,0.1274,0.8977,0,0.0425,0,Bayes-M10-med
Kayna,Nord-Kivu,2,TRUE,NA,NA,NA,NA,NA,NA,NA,NA,NA,NA,NA,NA,NA,NA,NA,NA,NA,0.3113,NA,NA,0.2278,0.6332,0,0.3842,0,Bayes-M10-med
Miti Murhesa,Sud-Kivu,2,TRUE,NA,NA,NA,NA,NA,NA,NA,NA,NA,NA,NA,NA,NA,NA,NA,NA,NA,0.3277,NA,NA,0.2355,0.9131,0,0.1622,0,Bayes-M10-med
Bulu,Sud-Ubangi,2,TRUE,NA,NA,NA,NA,NA,NA,NA,NA,NA,NA,NA,NA,NA,NA,NA,NA,NA,0.3147,NA,NA,0.3649,0.1988,0,0.695,0,Bayes-M10-med
Bafwasende,Tshopo,2,TRUE,NA,NA,NA,NA,NA,NA,NA,NA,NA,NA,NA,NA,NA,NA,NA,NA,NA,0.4546,NA,NA,0.9073,0.2413,0,0.6699,0,Bayes-M10-med
Kabondo,Tshopo,2,TRUE,NA,NA,NA,NA,NA,NA,NA,NA,NA,NA,NA,NA,NA,NA,NA,NA,NA,0.18,NA,NA,0.1911,0.2722,0,0.2568,0,Bayes-M10-med
Lubunga (Tshopo),Tshopo,2,TRUE,NA,NA,NA,NA,NA,NA,NA,NA,NA,NA,NA,NA,NA,NA,NA,NA,NA,0.2288,NA,NA,0.2452,0.3436,0,0.3263,0,Bayes-M10-med
Makiso Kisangani,Tshopo,2,TRUE,NA,NA,NA,NA,NA,NA,NA,NA,NA,NA,NA,NA,NA,NA,NA,NA,NA,0.2355,NA,NA,0.1332,0.5309,0,0.278,0,Bayes-M10-med
Mangobo,Tshopo,2,TRUE,NA,NA,NA,NA,NA,NA,NA,NA,NA,NA,NA,NA,NA,NA,NA,NA,NA,0.2061,NA,NA,0.0792,0.4382,0,0.3069,0,Bayes-M10-med
Tshopo,Tshopo,2,TRUE,NA,NA,NA,NA,NA,NA,NA,NA,NA,NA,NA,NA,NA,NA,NA,NA,NA,0.2466,NA,NA,0.361,0.334,0,0.2915,0,Bayes-M10-med
Wanierukula,Tshopo,2,TRUE,NA,NA,NA,NA,NA,NA,NA,NA,NA,NA,NA,NA,NA,NA,NA,NA,NA,0.473,NA,NA,0.8436,0.5521,0,0.4961,0,Bayes-M10-med
Basali,Tshopo,2,TRUE,NA,NA,NA,NA,NA,NA,NA,NA,NA,NA,NA,NA,NA,NA,NA,NA,NA,0.3779,NA,NA,0.834,0.0251,0,0.6525,0,Bayes-M10-med
