health_zone,province,horizon,was_active_before,p_case_invasion,p_case_lo,p_case_hi,mu_forecast,rr_nat,rr_nat_rank,rr01_nat,rr_ituri,rr_ituri_rank,rr_nordkivu,rr_nordkivu_rank,rr_hautuele,rr_hautuele_rank,V,priority,priority_rank,surveillance_gap,healthcare_gap,access_gap,social_vulnerability,healthcare_travel_min,method
Rethy,Ituri,1,FALSE,0.5738,0.4889,0.6633,0.8612,67.8356,1,1,3.6099,1,NA,NA,NA,NA,0.2703,1,1,0.2143,0.6081,0,0.2587,0,Bayes-M10-med
Watsa,Haut-Uele,1,FALSE,0.287,0.2325,0.349,0.3396,26.7458,2,0.5002,NA,NA,NA,NA,2.7358,1,0.4797,0.8878,2,0.7297,0.8436,0,0.3456,0,Bayes-M10-med
Nyarambe,Ituri,1,FALSE,0.2377,0.1912,0.2912,0.2723,21.4466,3,0.4143,1.1413,2,NA,NA,NA,NA,0.1805,0.2767,11,0.1699,0.4595,0,0.0927,0,Bayes-M10-med
Gombari,Haut-Uele,1,FALSE,0.2114,0.1694,0.26,0.2382,18.7607,4,0.3685,NA,NA,NA,NA,1.919,2,0.5772,0.787,3,0.9633,0.8012,0,0.5444,0,Bayes-M10-med
Biringi,Ituri,1,FALSE,0.1769,0.141,0.2185,0.1951,15.3652,5,0.3083,0.8177,3,NA,NA,NA,NA,0.3494,0.3985,5,0.3958,0.4865,0,0.5154,0,Bayes-M10-med
Kayna,Nord-Kivu,1,FALSE,0.1656,0.1318,0.2049,0.1814,14.2862,6,0.2886,NA,NA,2.947,1,NA,NA,0.3113,0.3324,8,0.2278,0.6332,0,0.3842,0,Bayes-M10-med
Mutwanga,Nord-Kivu,1,FALSE,0.1606,0.1277,0.1988,0.1754,13.8127,7,0.2798,NA,NA,2.8493,2,NA,NA,0.2408,0.2493,13,0.2606,0.4672,0,0.2355,0,Bayes-M10-med
Biena,Nord-Kivu,1,FALSE,0.1523,0.1211,0.1888,0.1656,13.0404,8,0.2655,NA,NA,2.69,3,NA,NA,0.2013,0.1977,16,0.251,0.166,0,0.388,0,Bayes-M10-med
Adi,Ituri,1,FALSE,0.1443,0.1146,0.1791,0.1562,12.3001,9,0.2516,0.6546,4,NA,NA,NA,NA,0.3977,0.3702,7,0.2587,0.7104,0,0.6216,0,Bayes-M10-med
Makoro,Haut-Uele,1,FALSE,0.1326,0.1051,0.1648,0.1425,11.224,10,0.2311,NA,NA,NA,NA,1.1481,3,0.3822,0.3269,9,0.556,0.5483,0,0.4247,0,Bayes-M10-med
Angumu,Ituri,1,FALSE,0.1154,0.0913,0.1438,0.1228,9.6717,11,0.2011,0.5147,5,NA,NA,NA,NA,0.11,0.0819,32,0.1641,0.1641,0,0.112,0,Bayes-M10-med
Viadana,Bas-Uele,1,FALSE,0.111,0.0877,0.1384,0.1178,9.2798,12,0.1935,NA,NA,NA,NA,NA,NA,0.6846,0.49,4,0.9131,0.9788,0,0.8465,0,Bayes-M10-med
Dungu,Haut-Uele,1,FALSE,0.1108,0.0876,0.1381,0.1176,9.2624,13,0.1931,NA,NA,NA,NA,0.9474,4,0.5275,0.3769,6,0.8726,0.5598,0,0.6776,0,Bayes-M10-med
Linga,Ituri,1,FALSE,0.1092,0.0863,0.1362,0.1158,9.1232,14,0.1904,0.4855,6,NA,NA,NA,NA,0.2148,0.1513,22,0.1969,0.3417,0,0.3205,0,Bayes-M10-med
Jiba,Ituri,1,FALSE,0.1015,0.0801,0.1267,0.1072,8.4397,15,0.1769,0.4491,7,NA,NA,NA,NA,0.1651,0.108,26,0.1815,0.1274,0,0.3514,0,Bayes-M10-med
Karisimbi,Nord-Kivu,1,FALSE,0.0967,0.0763,0.1208,0.1018,8.0211,16,0.1686,NA,NA,1.6546,4,NA,NA,0.1597,0.0996,27,0.0907,0.5154,0,0.0328,0,Bayes-M10-med
Manguredjipa,Nord-Kivu,1,FALSE,0.0942,0.0743,0.1176,0.099,7.7987,17,0.1641,NA,NA,1.6087,5,NA,NA,0.3475,0.211,14,0.778,0.0579,0,0.5541,0,Bayes-M10-med
Rutshuru,Nord-Kivu,1,FALSE,0.0857,0.0675,0.1072,0.0897,7.0665,18,0.1494,NA,NA,1.4577,6,NA,NA,0.3721,0.2057,15,0.4093,0.9942,0,0.0849,0,Bayes-M10-med
Nyiragongo,Nord-Kivu,1,FALSE,0.0818,0.0644,0.1024,0.0855,6.7327,19,0.1427,NA,NA,1.3888,7,NA,NA,0.2891,0.1526,20,0.2432,0.8764,0,0.0367,0,Bayes-M10-med
Niangara,Haut-Uele,1,FALSE,0.078,0.0614,0.0977,0.0813,6.4033,20,0.136,NA,NA,NA,NA,0.655,5,0.5512,0.2773,10,0.8031,0.4324,0,0.9691,0,Bayes-M10-med
Laybo,Ituri,1,FALSE,0.075,0.059,0.094,0.0781,6.1491,21,0.1308,0.3272,8,NA,NA,NA,NA,0.3393,0.1642,18,0.3069,0.556,0,0.4942,0,Bayes-M10-med
Alimbongo,Nord-Kivu,1,FALSE,0.0706,0.0555,0.0884,0.0733,5.7704,22,0.123,NA,NA,1.1903,8,NA,NA,0.4262,0.194,17,0.5849,0.7471,0,0.3726,0,Bayes-M10-med
Rwanguba,Nord-Kivu,1,FALSE,0.0593,0.0466,0.0745,0.0612,4.8225,23,0.1034,NA,NA,0.9948,9,NA,NA,0.2442,0.0935,29,0.2085,0.7027,0,0.0656,0,Bayes-M10-med
Poko,Bas-Uele,1,FALSE,0.058,0.0455,0.0728,0.0598,4.7084,24,0.1011,NA,NA,NA,NA,NA,NA,0.7271,0.2719,12,0.9923,0.9517,0,0.9643,0,Bayes-M10-med
Kibirizi,Nord-Kivu,1,FALSE,0.0563,0.0442,0.0707,0.058,4.5706,25,0.0982,NA,NA,0.9428,10,NA,NA,0.4175,0.1517,21,0.5405,0.8552,0,0.2741,0,Bayes-M10-med
Kirotshe,Nord-Kivu,1,FALSE,0.0548,0.043,0.0688,0.0564,4.4409,26,0.0955,NA,NA,0.9161,11,NA,NA,0.3842,0.1357,23,0.3764,0.9961,0,0.1641,0,Bayes-M10-med
Tshopo,Tshopo,1,FALSE,0.0503,0.0395,0.0632,0.0517,4.069,27,0.0877,NA,NA,NA,NA,NA,NA,0.2466,0.08,34,0.361,0.334,0,0.2915,0,Bayes-M10-med
Nsele,Kinshasa,1,FALSE,0.0464,0.0364,0.0584,0.0476,3.7473,28,0.0809,NA,NA,NA,NA,NA,NA,0.1583,0.0474,44,0.139,0.3996,0,0.0946,0,Bayes-M10-med
Gombe,Kinshasa,1,FALSE,0.0455,0.0357,0.0573,0.0466,3.6739,29,0.0794,NA,NA,NA,NA,NA,NA,0.1622,0.0476,43,0.0695,0.5695,0,0.0097,0,Bayes-M10-med
Kamango,Nord-Kivu,1,FALSE,0.0414,0.0325,0.0521,0.0423,3.3352,30,0.0722,NA,NA,0.688,12,NA,NA,0.4373,0.1168,25,0.6583,0.917,0,0.1737,0,Bayes-M10-med
Ibanda,Sud-Kivu,1,FALSE,0.0359,0.0281,0.0452,0.0366,2.881,31,0.0626,NA,NA,NA,NA,NA,NA,0.2307,0.0534,41,0.083,0.6216,0,0.2181,0,Bayes-M10-med
Limete,Kinshasa,1,FALSE,0.0354,0.0277,0.0445,0.036,2.8369,32,0.0616,NA,NA,NA,NA,NA,NA,0.056,0.0128,83,0.0405,0.1371,0,0.0463,0,Bayes-M10-med
Ganga,Bas-Uele,1,FALSE,0.0349,0.0273,0.0439,0.0355,2.7983,33,0.0608,NA,NA,NA,NA,NA,NA,0.7218,0.1624,19,0.9672,0.9556,0,0.9643,0,Bayes-M10-med
Faradje,Haut-Uele,1,FALSE,0.0341,0.0267,0.043,0.0348,2.7376,34,0.0595,NA,NA,NA,NA,0.28,6,0.4474,0.0985,28,0.7606,0.666,0,0.3629,0,Bayes-M10-med
Aba,Haut-Uele,1,FALSE,0.0339,0.0265,0.0427,0.0345,2.7169,35,0.0591,NA,NA,NA,NA,0.2779,7,0.569,0.1244,24,0.6004,0.6853,0,0.9903,0,Bayes-M10-med
Bambo,Nord-Kivu,1,FALSE,0.0336,0.0263,0.0423,0.0342,2.6941,36,0.0586,NA,NA,0.5558,13,NA,NA,0.3962,0.0859,30,0.5521,0.9073,0,0.1255,0,Bayes-M10-med
Binza Ozone,Kinshasa,1,FALSE,0.0323,0.0253,0.0407,0.0329,2.5899,37,0.0564,NA,NA,NA,NA,NA,NA,0.152,0.0317,53,0.0734,0.5232,0,0.0116,0,Bayes-M10-med
Kokolo,Kinshasa,1,FALSE,0.0318,0.0249,0.0401,0.0324,2.5481,38,0.0555,NA,NA,NA,NA,NA,NA,0.2172,0.0446,46,0.0772,0.7722,0,0.0193,0,Bayes-M10-med
Lingwala,Kinshasa,1,FALSE,0.0317,0.0248,0.0399,0.0322,2.5366,39,0.0552,NA,NA,NA,NA,NA,NA,0.0323,0.0066,115,0.0232,0.0907,0,0.0154,0,Bayes-M10-med
Banalia,Tshopo,1,FALSE,0.0296,0.0232,0.0373,0.0301,2.3685,40,0.0516,NA,NA,NA,NA,NA,NA,0.4242,0.081,33,0.7799,0.1178,0,0.7992,0,Bayes-M10-med
Katana,Sud-Kivu,1,FALSE,0.029,0.0227,0.0365,0.0294,2.3169,41,0.0505,NA,NA,NA,NA,NA,NA,0.3224,0.0602,39,0.2471,0.9112,0,0.1313,0,Bayes-M10-med
Kalamu 1,Kinshasa,1,FALSE,0.0283,0.0221,0.0356,0.0287,2.259,42,0.0493,NA,NA,NA,NA,NA,NA,0.0309,0.0056,124,0.0193,0.0734,0,0.0309,0,Bayes-M10-med
Kasa Vubu,Kinshasa,1,FALSE,0.0282,0.0221,0.0356,0.0286,2.2562,44,0.0492,NA,NA,NA,NA,NA,NA,0.0444,0.0081,107,0.0309,0.1216,0,0.0251,0,Bayes-M10-med
Kinshasa,Kinshasa,1,FALSE,0.0282,0.0221,0.0356,0.0287,2.2577,43,0.0492,NA,NA,NA,NA,NA,NA,0.0203,0.0037,155,0.0135,0.0463,0,0.0212,0,Bayes-M10-med
Binza,Nord-Kivu,1,FALSE,0.0281,0.022,0.0354,0.0285,2.2457,45,0.049,NA,NA,0.4632,14,NA,NA,0.3518,0.0638,38,0.471,0.8378,0,0.0985,0,Bayes-M10-med
Kadutu,Sud-Kivu,1,FALSE,0.0268,0.0209,0.0337,0.0272,2.1388,46,0.0467,NA,NA,NA,NA,NA,NA,0.1636,0.0283,56,0.0579,0.3861,0,0.2104,0,Bayes-M10-med
Minova,Sud-Kivu,1,FALSE,0.0267,0.0209,0.0336,0.0271,2.1309,47,0.0465,NA,NA,NA,NA,NA,NA,0.3866,0.0665,36,0.4421,0.9826,0,0.1216,0,Bayes-M10-med
Mweso,Nord-Kivu,1,FALSE,0.0255,0.0199,0.0322,0.0259,2.0363,48,0.0445,NA,NA,0.42,15,NA,NA,0.4189,0.0689,35,0.4498,0.9614,0,0.2645,0,Bayes-M10-med
Lemba,Kinshasa,1,FALSE,0.0251,0.0196,0.0316,0.0254,2.0002,49,0.0437,NA,NA,NA,NA,NA,NA,0.1023,0.0165,71,0.0483,0.3069,0,0.0541,0,Bayes-M10-med
Masina 1,Kinshasa,1,FALSE,0.0249,0.0195,0.0314,0.0252,1.9863,50,0.0434,NA,NA,NA,NA,NA,NA,0.0193,0.0031,175,0.0077,0.0077,0,0.0618,0,Bayes-M10-med
Kintambo,Kinshasa,1,FALSE,0.0248,0.0194,0.0312,0.0251,1.978,51,0.0432,NA,NA,NA,NA,NA,NA,0.0338,0.0054,129,0.0212,0.1004,0,0.0135,0,Bayes-M10-med
Masisi,Nord-Kivu,1,FALSE,0.0228,0.0178,0.0287,0.0231,1.8159,52,0.0397,NA,NA,0.3746,16,NA,NA,0.4402,0.0647,37,0.4324,0.9575,0,0.3707,0,Bayes-M10-med
Kabare,Sud-Kivu,1,FALSE,0.0225,0.0176,0.0283,0.0227,1.7895,53,0.0391,NA,NA,NA,NA,NA,NA,0.3567,0.0517,42,0.2394,0.9884,0,0.1988,0,Bayes-M10-med
Masina 2,Kinshasa,1,FALSE,0.0214,0.0167,0.027,0.0216,1.7036,54,0.0373,NA,NA,NA,NA,NA,NA,0.0265,0.0037,156,0.0174,0.0193,0,0.0695,0,Bayes-M10-med
Bandalungwa,Kinshasa,1,FALSE,0.0213,0.0167,0.0269,0.0216,1.6984,55,0.0372,NA,NA,NA,NA,NA,NA,0.0709,0.0098,94,0.0328,0.2336,0,0.0174,0,Bayes-M10-med
Binza Meteo,Kinshasa,1,FALSE,0.0183,0.0143,0.0231,0.0185,1.4585,56,0.032,NA,NA,NA,NA,NA,NA,0.2558,0.0303,54,0.0965,0.8996,0,0.027,0,Bayes-M10-med
Buta,Bas-Uele,1,FALSE,0.0182,0.0142,0.023,0.0184,1.4491,57,0.0318,NA,NA,NA,NA,NA,NA,0.7225,0.0849,31,0.9749,0.9923,0,0.9228,0,Bayes-M10-med
Kikimi,Kinshasa,1,FALSE,0.018,0.014,0.0227,0.0182,1.4297,58,0.0313,NA,NA,NA,NA,NA,NA,0.0835,0.0097,96,0.056,0.1911,0,0.0869,0,Bayes-M10-med
Matete,Kinshasa,1,FALSE,0.0179,0.0139,0.0225,0.018,1.4192,59,0.0311,NA,NA,NA,NA,NA,NA,0.0492,0.0057,123,0.0251,0.1158,0,0.056,0,Bayes-M10-med
Barumbu,Kinshasa,1,FALSE,0.0178,0.0139,0.0225,0.018,1.4153,60,0.031,NA,NA,NA,NA,NA,NA,0.014,0.0016,263,0.0097,0.0232,0,0.0232,0,Bayes-M10-med
Bafwagbogbo,Tshopo,1,FALSE,0.0172,0.0134,0.0217,0.0173,1.3664,61,0.03,NA,NA,NA,NA,NA,NA,0.3948,0.0438,48,0.8591,0.027,0,0.6931,0,Bayes-M10-med
Bengamisa,Tshopo,1,FALSE,0.0166,0.013,0.021,0.0168,1.3227,62,0.029,NA,NA,NA,NA,NA,NA,0.3012,0.0323,52,0.612,0.2162,0,0.3764,0,Bayes-M10-med
Uvira,Sud-Kivu,1,FALSE,0.0151,0.0118,0.0191,0.0152,1.1995,63,0.0263,NA,NA,NA,NA,NA,NA,0.5502,0.0536,40,0.2181,0.9846,0,0.9981,0,Bayes-M10-med
Mont Ngafula 1,Kinshasa,1,FALSE,0.015,0.0117,0.019,0.0151,1.1926,64,0.0262,NA,NA,NA,NA,NA,NA,0.2066,0.02,65,0.1371,0.6313,0,0.0579,0,Bayes-M10-med
Mont Ngafula 2,Kinshasa,1,FALSE,0.0148,0.0115,0.0186,0.0149,1.1713,66,0.0257,NA,NA,NA,NA,NA,NA,0.0951,0.009,103,0.0849,0.2568,0,0.0386,0,Bayes-M10-med
Katoyi,Nord-Kivu,1,FALSE,0.0148,0.0115,0.0187,0.0149,1.1731,65,0.0258,NA,NA,0.242,17,NA,NA,0.4542,0.0433,49,0.4614,0.9595,0,0.3958,0,Bayes-M10-med
Selembao,Kinshasa,1,FALSE,0.0147,0.0115,0.0186,0.0148,1.1674,67,0.0256,NA,NA,NA,NA,NA,NA,0.0676,0.0064,116,0.0444,0.1815,0,0.0444,0,Bayes-M10-med
Ndjili,Kinshasa,1,FALSE,0.0145,0.0113,0.0183,0.0146,1.1508,68,0.0253,NA,NA,NA,NA,NA,NA,0.0487,0.0046,141,0.027,0.1042,0,0.0637,0,Bayes-M10-med
Kingabwa,Kinshasa,1,FALSE,0.0144,0.0113,0.0182,0.0145,1.1435,69,0.0251,NA,NA,NA,NA,NA,NA,0.0478,0.0044,143,0.0425,0.0965,0,0.0521,0,Bayes-M10-med
Ngiri Ngiri,Kinshasa,1,FALSE,0.0143,0.0111,0.018,0.0144,1.133,70,0.0249,NA,NA,NA,NA,NA,NA,0.028,0.0026,194,0.0154,0.0676,0,0.029,0,Bayes-M10-med
Police,Kinshasa,1,FALSE,0.0142,0.0111,0.0179,0.0143,1.1279,71,0.0248,NA,NA,NA,NA,NA,NA,0.0478,0.0044,144,0.0463,0.0772,0,0.0676,0,Bayes-M10-med
Kalehe,Sud-Kivu,1,FALSE,0.013,0.0101,0.0164,0.0131,1.0283,72,0.0226,NA,NA,NA,NA,NA,NA,0.3369,0.0282,57,0.3417,0.8649,0,0.1409,0,Bayes-M10-med
Ruzizi,Sud-Kivu,1,FALSE,0.0128,0.01,0.0162,0.0129,1.0169,73,0.0224,NA,NA,NA,NA,NA,NA,0.5627,0.0465,45,0.3494,0.9093,0,0.9923,0,Bayes-M10-med
Yakusu,Tshopo,1,FALSE,0.0128,0.01,0.0161,0.0128,1.0119,74,0.0222,NA,NA,NA,NA,NA,NA,0.319,0.0263,61,0.4208,0.2085,0,0.6467,0,Bayes-M10-med
Birambizo,Nord-Kivu,1,FALSE,0.0121,0.0095,0.0153,0.0122,0.9617,75,0.0211,NA,NA,0.1984,18,NA,NA,0.3625,0.0284,55,0.4035,0.89,0,0.1564,0,Bayes-M10-med
Walikale,Nord-Kivu,1,FALSE,0.0119,0.0093,0.0151,0.012,0.9453,76,0.0208,NA,NA,0.195,19,NA,NA,0.5729,0.0441,47,0.9459,0.9286,0,0.417,0,Bayes-M10-med
Nyemba,Tanganyika,1,FALSE,0.0118,0.0092,0.0149,0.0119,0.9349,77,0.0206,NA,NA,NA,NA,NA,NA,0.3456,0.0263,60,0.5965,0.4556,0,0.3301,0,Bayes-M10-med
Walungu,Sud-Kivu,1,FALSE,0.0115,0.009,0.0145,0.0116,0.9109,78,0.02,NA,NA,NA,NA,NA,NA,0.3248,0.0241,63,0.1853,0.8803,0,0.2336,0,Bayes-M10-med
Maluku 1,Kinshasa,1,FALSE,0.011,0.0086,0.0139,0.0111,0.8735,79,0.0192,NA,NA,NA,NA,NA,NA,0.2321,0.0165,72,0.3475,0.4517,0,0.1293,0,Bayes-M10-med
Lubutu,Maniema,1,FALSE,0.011,0.0086,0.0138,0.011,0.8679,80,0.0191,NA,NA,NA,NA,NA,NA,0.4706,0.0332,50,0.8205,0.2819,0,0.7799,0,Bayes-M10-med
Nyantende,Sud-Kivu,1,FALSE,0.0109,0.0085,0.0137,0.011,0.8626,81,0.019,NA,NA,NA,NA,NA,NA,0.3219,0.0226,64,0.1486,0.8938,0,0.2452,0,Bayes-M10-med
Kingasani,Kinshasa,1,FALSE,0.0108,0.0085,0.0137,0.0109,0.8584,82,0.0189,NA,NA,NA,NA,NA,NA,0.0294,0.0021,225,0.0058,0.0405,0,0.0714,0,Bayes-M10-med
Isangi,Tshopo,1,FALSE,0.0102,0.008,0.0129,0.0103,0.8091,83,0.0178,NA,NA,NA,NA,NA,NA,0.3837,0.0253,62,0.4054,0.4073,0,0.722,0,Bayes-M10-med
Bagira,Sud-Kivu,1,FALSE,0.0097,0.0075,0.0122,0.0097,0.7644,84,0.0168,NA,NA,NA,NA,NA,NA,0.236,0.0147,79,0.1004,0.6371,0,0.2066,0,Bayes-M10-med
Fizi,Sud-Kivu,1,FALSE,0.0089,0.007,0.0113,0.009,0.7075,85,0.0156,NA,NA,NA,NA,NA,NA,0.5637,0.0325,51,0.7432,0.9691,0,0.5425,0,Bayes-M10-med
Lubumbashi,Haut-Katanga,1,FALSE,0.008,0.0062,0.0101,0.008,0.6333,86,0.014,NA,NA,NA,NA,NA,NA,0.1105,0.0057,121,0.1081,0.2104,0,0.1236,0,Bayes-M10-med
Lemera,Sud-Kivu,1,FALSE,0.0077,0.006,0.0098,0.0078,0.6127,87,0.0135,NA,NA,NA,NA,NA,NA,0.5613,0.028,58,0.3629,0.9015,0,0.9807,0,Bayes-M10-med
Mubumbano,Sud-Kivu,1,FALSE,0.0074,0.0058,0.0094,0.0075,0.5869,88,0.0129,NA,NA,NA,NA,NA,NA,0.3658,0.0175,67,0.2683,0.9402,0,0.2548,0,Bayes-M10-med
Makala,Kinshasa,1,FALSE,0.0073,0.0057,0.0092,0.0073,0.5769,90,0.0127,NA,NA,NA,NA,NA,NA,0.0246,0.0012,306,0.0116,0.0386,0,0.0483,0,Bayes-M10-med
Pinga,Nord-Kivu,1,FALSE,0.0073,0.0057,0.0093,0.0074,0.5805,89,0.0128,NA,NA,0.1198,20,NA,NA,0.57,0.027,59,0.9595,0.7548,0,0.5656,0,Bayes-M10-med
Kalamu 2,Kinshasa,1,FALSE,0.0072,0.0056,0.0091,0.0072,0.5679,92,0.0125,NA,NA,NA,NA,NA,NA,0.015,7e-4,378,0.0039,0.0154,0,0.0405,0,Bayes-M10-med
Kindu,Maniema,1,FALSE,0.0072,0.0056,0.0091,0.0072,0.5692,91,0.0125,NA,NA,NA,NA,NA,NA,0.3181,0.0148,78,0.1351,0.2529,0,0.8842,0,Bayes-M10-med
Nyangezi,Sud-Kivu,1,FALSE,0.007,0.0054,0.0088,0.007,0.5522,93,0.0122,NA,NA,NA,NA,NA,NA,0.36870000000000003,0.0166,70,0.222,0.8842,0,0.36870000000000003,0,Bayes-M10-med
Kalemie,Tanganyika,1,FALSE,0.0064,0.005,0.0081,0.0064,0.506,94,0.0112,NA,NA,NA,NA,NA,NA,0.3789,0.0156,75,0.6718,0.4575,0,0.3861,0,Bayes-M10-med
Basoko,Tshopo,1,FALSE,0.0062,0.0049,0.0079,0.0062,0.4922,95,0.0109,NA,NA,NA,NA,NA,NA,0.3012,0.0121,87,0.5077,0.3147,0,0.3822,0,Bayes-M10-med
Mwana,Sud-Kivu,1,FALSE,0.0061,0.0048,0.0077,0.0061,0.4814,96,0.0106,NA,NA,NA,NA,NA,NA,0.3731,0.0147,80,0.2896,0.9035,0,0.2992,0,Bayes-M10-med
Kaniola,Sud-Kivu,1,FALSE,0.006,0.0046,0.0075,0.006,0.4706,97,0.0104,NA,NA,NA,NA,NA,NA,0.4513,0.0173,69,0.5328,0.9305,0,0.3417,0,Bayes-M10-med
Bunyakiri,Sud-Kivu,1,FALSE,0.0055,0.0043,0.007,0.0056,0.4379,98,0.0097,NA,NA,NA,NA,NA,NA,0.4517,0.0161,74,0.6197,0.832,0,0.3552,0,Bayes-M10-med
Opienge,Tshopo,1,FALSE,0.0052,0.0041,0.0066,0.0052,0.4109,99,0.0091,NA,NA,NA,NA,NA,NA,0.4445,0.0149,76,0.9556,0.0135,0,0.8089,0,Bayes-M10-med
Kasongo,Maniema,1,FALSE,0.0051,0.004,0.0064,0.0051,0.4025,100,0.0089,NA,NA,NA,NA,NA,NA,0.5304,0.0174,68,0.4459,0.7529,0,0.9228,0,Bayes-M10-med
Lisala,Mongala,1,FALSE,0.0048,0.0037,0.0061,0.0048,0.3795,101,0.0084,NA,NA,NA,NA,NA,NA,0.4093,0.0127,85,0.4286,0.4402,0,0.7683,0,Bayes-M10-med
Yabaondo,Tshopo,1,FALSE,0.0047,0.0037,0.006,0.0047,0.3741,102,0.0083,NA,NA,NA,NA,NA,NA,0.3523,0.0108,89,0.4363,0.305,0,0.668,0,Bayes-M10-med
Doruma,Haut-Uele,1,FALSE,0.0046,0.0036,0.0058,0.0046,0.36,104,0.0079,NA,NA,NA,NA,0.0368,8,0.6216,0.0183,66,0.973,0.5135,0,1,0,Bayes-M10-med
Ubundu,Tshopo,1,FALSE,0.0046,0.0036,0.0058,0.0046,0.3607,103,0.008,NA,NA,NA,NA,NA,NA,0.4744,0.014,81,0.9054,0.4305,0,0.5618,0,Bayes-M10-med
Manika,Lualaba,1,FALSE,0.0045,0.0035,0.0057,0.0045,0.3543,105,0.0078,NA,NA,NA,NA,NA,NA,0.1149,0.0033,163,0.0946,0.222,0,0.1429,0,Bayes-M10-med
Mumbunda,Haut-Katanga,1,FALSE,0.0044,0.0035,0.0056,0.0044,0.3499,106,0.0077,NA,NA,NA,NA,NA,NA,0.1853,0.0053,131,0.1197,0.5077,0,0.1139,0,Bayes-M10-med
Yamaluka,Mongala,1,FALSE,0.0041,0.0032,0.0052,0.0042,0.3273,107,0.0072,NA,NA,NA,NA,NA,NA,0.1974,0.0053,132,0.2799,0.1448,0,0.3649,0,Bayes-M10-med
Kipushi,Haut-Katanga,1,FALSE,0.004,0.0031,0.005,0.004,0.3122,109,0.0069,NA,NA,NA,NA,NA,NA,0.1216,0.0031,174,0.2703,0.1081,0,0.1081,0,Bayes-M10-med
Kisenso,Kinshasa,1,FALSE,0.004,0.0031,0.0051,0.004,0.3163,108,0.007,NA,NA,NA,NA,NA,NA,0.0589,0.0015,269,0.0367,0.139,0,0.0598,0,Bayes-M10-med
Tshamilemba,Haut-Katanga,1,FALSE,0.0039,0.0031,0.005,0.0039,0.3109,111,0.0069,NA,NA,NA,NA,NA,NA,0.0772,0.002,235,0.0656,0.1255,0,0.1178,0,Bayes-M10-med
Biyela,Kinshasa,1,FALSE,0.0039,0.0031,0.005,0.004,0.3114,110,0.0069,NA,NA,NA,NA,NA,NA,0.1076,0.0027,188,0.0637,0.2838,0,0.083,0,Bayes-M10-med
Kimbanseke,Kinshasa,1,FALSE,0.0039,0.003,0.0049,0.0039,0.3069,113,0.0068,NA,NA,NA,NA,NA,NA,0.0526,0.0013,286,0.0521,0.0849,0,0.0734,0,Bayes-M10-med
Nundu,Sud-Kivu,1,FALSE,0.0039,0.003,0.0049,0.0039,0.3077,112,0.0068,NA,NA,NA,NA,NA,NA,0.5927,0.0149,77,0.527,0.8494,0,0.9942,0,Bayes-M10-med
Mbandaka,Equateur,1,FALSE,0.0038,0.003,0.0048,0.0038,0.3017,114,0.0067,NA,NA,NA,NA,NA,NA,0.5164,0.0127,84,0.6409,0.9633,0,0.4614,0,Bayes-M10-med
Maluku 2,Kinshasa,1,FALSE,0.0038,0.003,0.0048,0.0038,0.3014,115,0.0067,NA,NA,NA,NA,NA,NA,0.4184,0.0103,90,0.6834,0.5463,0,0.444,0,Bayes-M10-med
Titule,Bas-Uele,1,FALSE,0.0037,0.0029,0.0047,0.0037,0.2949,116,0.0065,NA,NA,NA,NA,NA,NA,0.6839,0.0165,73,0.9865,0.8263,0,0.9228,0,Bayes-M10-med
Bumbu,Kinshasa,1,FALSE,0.0037,0.0029,0.0047,0.0037,0.2943,118,0.0065,NA,NA,NA,NA,NA,NA,0.0164,4e-4,422,0.0019,0.029,0,0.0347,0,Bayes-M10-med
Ngaba,Kinshasa,1,FALSE,0.0037,0.0029,0.0047,0.0037,0.2906,119,0.0064,NA,NA,NA,NA,NA,NA,0.014,3e-4,429,0,0.0058,0,0.0502,0,Bayes-M10-med
Kunda,Maniema,1,FALSE,0.0037,0.0029,0.0046,0.0037,0.2889,120,0.0064,NA,NA,NA,NA,NA,NA,0.4165,0.0098,92,0.4633,0.2799,0,0.9228,0,Bayes-M10-med
Kibua,Nord-Kivu,1,FALSE,0.0037,0.0029,0.0047,0.0037,0.2944,117,0.0065,NA,NA,0.0607,21,NA,NA,0.5154,0.0124,86,0.7741,0.6602,0,0.6274,0,Bayes-M10-med
Kalonge,Sud-Kivu,1,FALSE,0.0036,0.0028,0.0045,0.0036,0.2828,121,0.0062,NA,NA,NA,NA,NA,NA,0.404,0.0093,98,0.4961,0.8359,0,0.2838,0,Bayes-M10-med
Yaleko,Tshopo,1,FALSE,0.0035,0.0027,0.0044,0.0035,0.2766,122,0.0061,NA,NA,NA,NA,NA,NA,0.402,0.0091,102,0.639,0.2452,0,0.7239,0,Bayes-M10-med
Saramabila,Maniema,1,FALSE,0.0032,0.0025,0.004,0.0032,0.2497,123,0.0055,NA,NA,NA,NA,NA,NA,0.4768,0.0097,95,0.473,0.5502,0,0.8842,0,Bayes-M10-med
Kongolo,Tanganyika,1,FALSE,0.0031,0.0024,0.0039,0.0031,0.2441,124,0.0054,NA,NA,NA,NA,NA,NA,0.6829,0.0136,82,0.8861,0.9228,0,0.9228,0,Bayes-M10-med
Kabinda,Lomami,1,FALSE,0.003,0.0023,0.0038,0.003,0.2346,125,0.0052,NA,NA,NA,NA,NA,NA,0.4382,0.0084,104,0.5097,0.5541,0,0.6892,0,Bayes-M10-med
Kaziba,Sud-Kivu,1,FALSE,0.0029,0.0022,0.0036,0.0029,0.2271,126,0.005,NA,NA,NA,NA,NA,NA,0.3571,0.0066,114,0.2876,0.7838,0,0.3571,0,Bayes-M10-med
Kitutu,Sud-Kivu,1,FALSE,0.0028,0.0022,0.0036,0.0028,0.2221,128,0.0049,NA,NA,NA,NA,NA,NA,0.5024,0.0091,101,0.751,0.805,0,0.4537,0,Bayes-M10-med
Shabunda,Sud-Kivu,1,FALSE,0.0028,0.0022,0.0036,0.0028,0.2237,127,0.0049,NA,NA,NA,NA,NA,NA,0.5922,0.0108,88,0.8378,0.8726,0,0.6583,0,Bayes-M10-med
Kimbi Lulenge,Sud-Kivu,1,FALSE,0.0028,0.0021,0.0035,0.0028,0.2172,129,0.0048,NA,NA,NA,NA,NA,NA,0.5507,0.0098,93,0.8475,0.8687,0,0.4865,0,Bayes-M10-med
Bonzola,Kasaï-Oriental,1,FALSE,0.0026,0.002,0.0033,0.0026,0.2048,131,0.0045,NA,NA,NA,NA,NA,NA,0.2958,0.005,134,0.0927,0.7934,0,0.2973,0,Bayes-M10-med
Itebero,Nord-Kivu,1,FALSE,0.0026,0.002,0.0033,0.0026,0.205,130,0.0045,NA,NA,0.0423,22,NA,NA,0.5574,0.0093,97,0.9112,0.722,0,0.5965,0,Bayes-M10-med
Mwenga,Sud-Kivu,1,FALSE,0.0026,0.002,0.0033,0.0026,0.2037,132,0.0045,NA,NA,NA,NA,NA,NA,0.319,0.0053,130,0.5,0.3552,0,0.4208,0,Bayes-M10-med
Kalole,Sud-Kivu,1,FALSE,0.0025,0.002,0.0032,0.0026,0.201,133,0.0044,NA,NA,NA,NA,NA,NA,0.6038,0.0099,91,0.89,0.7799,0,0.7452,0,Bayes-M10-med
Kamituga,Sud-Kivu,1,FALSE,0.0025,0.0019,0.0031,0.0025,0.1943,134,0.0043,NA,NA,NA,NA,NA,NA,0.3596,0.0057,120,0.3938,0.6062,0,0.4382,0,Bayes-M10-med
Mulungu,Sud-Kivu,1,FALSE,0.0025,0.0019,0.0031,0.0025,0.1934,135,0.0043,NA,NA,NA,NA,NA,NA,0.5208,0.0082,105,0.861,0.5193,0,0.7027,0,Bayes-M10-med
Djolu,Tshuapa,1,FALSE,0.0024,0.0018,0.003,0.0024,0.186,137,0.0041,NA,NA,NA,NA,NA,NA,0.5256,0.008,108,0.7104,0.5985,0,0.7934,0,Bayes-M10-med
Mbulula,Tanganyika,1,FALSE,0.0024,0.0019,0.003,0.0024,0.1899,136,0.0042,NA,NA,NA,NA,NA,NA,0.5934,0.0092,99,0.6448,0.7761,0,0.9527,0,Bayes-M10-med
Kabalo,Tanganyika,1,FALSE,0.0023,0.0018,0.0029,0.0023,0.179,138,0.004,NA,NA,NA,NA,NA,NA,0.624,0.0091,100,0.9035,0.7568,0,0.8359,0,Bayes-M10-med
Kampene,Maniema,1,FALSE,0.0022,0.0017,0.0027,0.0022,0.1701,141,0.0038,NA,NA,NA,NA,NA,NA,0.3962,0.0055,128,0.5251,0.1757,0,0.8842,0,Bayes-M10-med
Kalima,Maniema,1,FALSE,0.0022,0.0017,0.0027,0.0022,0.171,140,0.0038,NA,NA,NA,NA,NA,NA,0.3094,0.0043,146,0.4595,0.3205,0,0.4575,0,Bayes-M10-med
Yahuma,Tshopo,1,FALSE,0.0022,0.0017,0.0028,0.0022,0.1734,139,0.0038,NA,NA,NA,NA,NA,NA,0.4402,0.0062,117,0.8649,0.332,0,0.5637,0,Bayes-M10-med
Kasansa,Kasaï-Oriental,1,FALSE,0.002,0.0016,0.0026,0.002,0.1592,144,0.0035,NA,NA,NA,NA,NA,NA,0.3349,0.0044,145,0.2568,0.6699,0,0.4131,0,Bayes-M10-med
Yambuku,Mongala,1,FALSE,0.002,0.0016,0.0026,0.0021,0.1615,142,0.0036,NA,NA,NA,NA,NA,NA,0.4344,0.0057,119,0.5483,0.5753,0,0.6139,0,Bayes-M10-med
Nyunzu,Tanganyika,1,FALSE,0.002,0.0016,0.0026,0.0021,0.1615,143,0.0036,NA,NA,NA,NA,NA,NA,0.6023,0.008,109,0.9653,0.834,0,0.61,0,Bayes-M10-med
Kananga,Kasaï-Central,1,FALSE,0.0019,0.0015,0.0024,0.0019,0.1527,145,0.0034,NA,NA,NA,NA,NA,NA,0.2963,0.0037,153,0.1429,0.5579,0,0.4846,0,Bayes-M10-med
Mulumba,Lomami,1,FALSE,0.0019,0.0015,0.0024,0.0019,0.1505,147,0.0033,NA,NA,NA,NA,NA,NA,0.2587,0.0032,171,0.1834,0.3108,0,0.5405,0,Bayes-M10-med
Punia,Maniema,1,FALSE,0.0019,0.0015,0.0024,0.0019,0.1508,146,0.0033,NA,NA,NA,NA,NA,NA,0.3731,0.0046,140,0.7625,0.1969,0,0.5328,0,Bayes-M10-med
Lodja,Sankuru,1,FALSE,0.0019,0.0014,0.0023,0.0019,0.146,149,0.0032,NA,NA,NA,NA,NA,NA,0.4626,0.0055,127,0.2625,0.6351,0,0.9527,0,Bayes-M10-med
Yahisuli,Tshopo,1,FALSE,0.0019,0.0015,0.0024,0.0019,0.1473,148,0.0033,NA,NA,NA,NA,NA,NA,0.3521,0.0042,148,0.3842,0.0714,0,0.9527,0,Bayes-M10-med
Ango,Bas-Uele,1,FALSE,0.0018,0.0014,0.0022,0.0018,0.1402,154,0.0031,NA,NA,NA,NA,NA,NA,0.7095,0.0081,106,1,0.8591,0,0.9788,0,Bayes-M10-med
Nzaba,Kasaï-Oriental,1,FALSE,0.0018,0.0014,0.0023,0.0018,0.1455,150,0.0032,NA,NA,NA,NA,NA,NA,0.278,0.0033,164,0.1042,0.6931,0,0.3147,0,Bayes-M10-med
Tshilenge,Kasaï-Oriental,1,FALSE,0.0018,0.0014,0.0022,0.0018,0.1394,155,0.0031,NA,NA,NA,NA,NA,NA,0.2799,0.0032,169,0.1892,0.668,0,0.2625,0,Bayes-M10-med
Lusangi,Maniema,1,FALSE,0.0018,0.0014,0.0023,0.0018,0.1451,151,0.0032,NA,NA,NA,NA,NA,NA,0.4223,0.005,133,0.5656,0.2645,0,0.8591,0,Bayes-M10-med
Lulingu,Sud-Kivu,1,FALSE,0.0018,0.0014,0.0023,0.0018,0.1443,152,0.0032,NA,NA,NA,NA,NA,NA,0.6158,0.0073,111,0.9093,0.8108,0,0.7432,0,Bayes-M10-med
Manono,Tanganyika,1,FALSE,0.0018,0.0014,0.0023,0.0018,0.1429,153,0.0032,NA,NA,NA,NA,NA,NA,0.5758,0.0067,113,0.8784,0.9537,0,0.471,0,Bayes-M10-med
Aketi,Bas-Uele,1,FALSE,0.0017,0.0013,0.0022,0.0017,0.1363,156,0.003,NA,NA,NA,NA,NA,NA,0.6762,0.0075,110,0.9903,0.9363,0,0.778,0,Bayes-M10-med
Kailo,Maniema,1,FALSE,0.0017,0.0013,0.0022,0.0017,0.1345,159,0.003,NA,NA,NA,NA,NA,NA,0.4276,0.0047,138,0.832,0.0946,0,0.7838,0,Bayes-M10-med
Samba,Maniema,1,FALSE,0.0017,0.0013,0.0022,0.0017,0.1354,158,0.003,NA,NA,NA,NA,NA,NA,0.5179,0.0057,118,0.7529,0.4344,0,0.8842,0,Bayes-M10-med
Haut Plateau,Sud-Kivu,1,FALSE,0.0017,0.0013,0.0021,0.0017,0.1324,160,0.0029,NA,NA,NA,NA,NA,NA,0.5246,0.0057,122,0.5714,0.5444,0,0.9826,0,Bayes-M10-med
Minembwe,Sud-Kivu,1,FALSE,0.0017,0.0013,0.0021,0.0017,0.1309,161,0.0029,NA,NA,NA,NA,NA,NA,0.5198,0.0056,125,0.7181,0.8089,0,0.5521,0,Bayes-M10-med
Opala,Tshopo,1,FALSE,0.0017,0.0013,0.0022,0.0017,0.1361,157,0.003,NA,NA,NA,NA,NA,NA,0.4269,0.0048,136,0.7819,0.0792,0,0.8465,0,Bayes-M10-med
Moba,Tanganyika,1,FALSE,0.0017,0.0013,0.0021,0.0017,0.1308,162,0.0029,NA,NA,NA,NA,NA,NA,0.3808,0.0041,149,0.6178,0.4942,0,0.4112,0,Bayes-M10-med
Bondo,Bas-Uele,1,FALSE,0.0016,0.0012,0.002,0.0016,0.1234,167,0.0027,NA,NA,NA,NA,NA,NA,0.6737,0.0068,112,0.9961,0.9981,0,0.7008,0,Bayes-M10-med
Kabongo,Haut-Lomami,1,FALSE,0.0016,0.0012,0.002,0.0016,0.1264,165,0.0028,NA,NA,NA,NA,NA,NA,0.5372,0.0056,126,0.8108,0.778,0,0.5598,0,Bayes-M10-med
Luputa,Lomami,1,FALSE,0.0016,0.0013,0.002,0.0016,0.1268,164,0.0028,NA,NA,NA,NA,NA,NA,0.3431,0.0036,157,0.3301,0.3166,0,0.7259,0,Bayes-M10-med
Mweneditu,Lomami,1,FALSE,0.0016,0.0013,0.002,0.0016,0.1269,163,0.0028,NA,NA,NA,NA,NA,NA,0.2799,0.0029,182,0.166,0.3842,0,0.5695,0,Bayes-M10-med
Bumba,Mongala,1,FALSE,0.0016,0.0012,0.002,0.0016,0.1229,168,0.0027,NA,NA,NA,NA,NA,NA,0.2384,0.0024,201,0.1409,0.4537,0,0.3591,0,Bayes-M10-med
Lolo,Mongala,1,FALSE,0.0016,0.0012,0.002,0.0016,0.1259,166,0.0028,NA,NA,NA,NA,NA,NA,0.3161,0.0033,167,0.4073,0.3263,0,0.5309,0,Bayes-M10-med
Lubao,Lomami,1,FALSE,0.0015,0.0011,0.0019,0.0015,0.1162,169,0.0026,NA,NA,NA,NA,NA,NA,0.3982,0.0038,152,0.6486,0.1525,0,0.7915,0,Bayes-M10-med
Kamina,Haut-Lomami,1,FALSE,0.0014,0.0011,0.0017,0.0014,0.1069,172,0.0024,NA,NA,NA,NA,NA,NA,0.5164,0.0045,142,0.8301,0.8301,0,0.4054,0,Bayes-M10-med
Diulu,Kasaï-Oriental,1,FALSE,0.0014,0.0011,0.0017,0.0014,0.1072,171,0.0024,NA,NA,NA,NA,NA,NA,0.2611,0.0023,208,0.0676,0.6448,0,0.332,0,Bayes-M10-med
Kabeya Kamwanga,Kasaï-Oriental,1,FALSE,0.0014,0.0011,0.0018,0.0014,0.1124,170,0.0025,NA,NA,NA,NA,NA,NA,0.2968,0.0027,189,0.3224,0.3919,0,0.473,0,Bayes-M10-med
Kitenge,Haut-Lomami,1,FALSE,0.0013,0.001,0.0017,0.0013,0.1032,174,0.0023,NA,NA,NA,NA,NA,NA,0.5729,0.0048,135,0.8668,0.8069,0,0.6178,0,Bayes-M10-med
Lukelenge,Kasaï-Oriental,1,FALSE,0.0013,0.001,0.0017,0.0013,0.1038,173,0.0023,NA,NA,NA,NA,NA,NA,0.2249,0.0019,238,0.0811,0.5,0,0.3185,0,Bayes-M10-med
Kabambare,Maniema,1,FALSE,0.0013,0.001,0.0016,0.0013,0.101,176,0.0022,NA,NA,NA,NA,NA,NA,0.3953,0.0033,166,0.8359,0.112,0,0.6332,0,Bayes-M10-med
Lingomo,Tshuapa,1,FALSE,0.0013,0.001,0.0017,0.0013,0.103,175,0.0023,NA,NA,NA,NA,NA,NA,0.5627,0.0047,137,0.8263,0.5869,0,0.8378,0,Bayes-M10-med
Malemba Nkulu,Haut-Lomami,1,FALSE,0.0012,0.001,0.0016,0.0012,0.0974,178,0.0022,NA,NA,NA,NA,NA,NA,0.3895,0.0031,173,0.36870000000000003,0.7664,0,0.4228,0,Bayes-M10-med
Kaniama,Haut-Lomami,1,FALSE,0.0012,0.001,0.0016,0.0012,0.0973,179,0.0022,NA,NA,NA,NA,NA,NA,0.582,0.0046,139,0.8533,0.6622,0,0.8127,0,Bayes-M10-med
Demba,Kasaï-Central,1,FALSE,0.0012,9e-4,0.0015,0.0012,0.093,183,0.0021,NA,NA,NA,NA,NA,NA,0.4117,0.0031,172,0.4653,0.7143,0,0.4672,0,Bayes-M10-med
Mikalayi,Kasaï-Central,1,FALSE,0.0012,9e-4,0.0015,0.0012,0.0909,186,0.002,NA,NA,NA,NA,NA,NA,0.3948,0.0029,181,0.4517,0.5811,0,0.5463,0,Bayes-M10-med
Bibanga,Kasaï-Oriental,1,FALSE,0.0012,9e-4,0.0015,0.0012,0.0906,187,0.002,NA,NA,NA,NA,NA,NA,0.2978,0.0022,217,0.3127,0.4884,0,0.39,0,Bayes-M10-med
Cilundu,Kasaï-Oriental,1,FALSE,0.0012,9e-4,0.0015,0.0012,0.0933,182,0.0021,NA,NA,NA,NA,NA,NA,0.221,0.0017,257,0.2317,0.3089,0,0.3436,0,Bayes-M10-med
Citenge,Kasaï-Oriental,1,FALSE,0.0012,0.001,0.0015,0.0012,0.0967,180,0.0021,NA,NA,NA,NA,NA,NA,0.2321,0.0018,246,0.1583,0.4749,0,0.2954,0,Bayes-M10-med
Idiofa,Kwilu,1,FALSE,0.0012,9e-4,0.0015,0.0012,0.0929,184,0.0021,NA,NA,NA,NA,NA,NA,0.486,0.0037,154,0.4537,0.749,0,0.7413,0,Bayes-M10-med
Ngandajika,Lomami,1,FALSE,0.0012,0.001,0.0016,0.0012,0.0978,177,0.0022,NA,NA,NA,NA,NA,NA,0.3465,0.0028,186,0.2124,0.4459,0,0.7278,0,Bayes-M10-med
Tshofa,Lomami,1,FALSE,0.0012,9e-4,0.0015,0.0012,0.0956,181,0.0021,NA,NA,NA,NA,NA,NA,0.4416,0.0035,159,0.6757,0.3514,0,0.7394,0,Bayes-M10-med
Ikela,Tshuapa,1,FALSE,0.0012,9e-4,0.0015,0.0012,0.0927,185,0.0021,NA,NA,NA,NA,NA,NA,0.4633,0.0035,158,0.8147,0.1795,0,0.8591,0,Bayes-M10-med
Kamwesha,Kasaï,1,FALSE,0.0011,9e-4,0.0014,0.0011,0.0881,190,0.0019,NA,NA,NA,NA,NA,NA,0.2732,0.002,233,0.3456,0.2876,0,0.4595,0,Bayes-M10-med
Tshikapa,Kasaï,1,FALSE,0.0011,9e-4,0.0014,0.0011,0.0871,193,0.0019,NA,NA,NA,NA,NA,NA,0.3156,0.0022,215,0.2722,0.6506,0,0.3398,0,Bayes-M10-med
Ludimbi Lukula,Lomami,1,FALSE,0.0011,9e-4,0.0014,0.0011,0.0882,189,0.002,NA,NA,NA,NA,NA,NA,0.4513,0.0033,168,0.6931,0.3475,0,0.7645,0,Bayes-M10-med
Kanda Kanda,Lomami,1,FALSE,0.0011,8e-4,0.0014,0.0011,0.0859,195,0.0019,NA,NA,NA,NA,NA,NA,0.3012,0.0021,221,0.3185,0.1737,0,0.7124,0,Bayes-M10-med
Kibombo,Maniema,1,FALSE,0.0011,9e-4,0.0014,0.0011,0.0899,188,0.002,NA,NA,NA,NA,NA,NA,0.4614,0.0034,160,0.7452,0.1776,0,0.9228,0,Bayes-M10-med
Obokote,Maniema,1,FALSE,0.0011,8e-4,0.0013,0.0011,0.0836,196,0.0018,NA,NA,NA,NA,NA,NA,0.3209,0.0022,218,0.7239,0.0328,0,0.527,0,Bayes-M10-med
Gemena,Sud-Ubangi,1,FALSE,0.0011,9e-4,0.0014,0.0011,0.0864,194,0.0019,NA,NA,NA,NA,NA,NA,0.3277,0.0023,206,0.1776,0.2741,0,0.8591,0,Bayes-M10-med
Boende,Tshuapa,1,FALSE,0.0011,9e-4,0.0014,0.0011,0.0874,192,0.0019,NA,NA,NA,NA,NA,NA,0.4199,0.003,177,0.6988,0.4807,0,0.5,0,Bayes-M10-med
Kansimba,Tanganyika,1,FALSE,0.0011,9e-4,0.0014,0.0011,0.0881,191,0.0019,NA,NA,NA,NA,NA,NA,0.5497,0.004,150,0.9479,0.7741,0,0.4768,0,Bayes-M10-med
Luebo,Kasaï,1,FALSE,0.001,8e-4,0.0013,0.001,0.0788,202,0.0017,NA,NA,NA,NA,NA,NA,0.4353,0.0028,184,0.5232,0.5116,0,0.7066,0,Bayes-M10-med
Bipemba,Kasaï-Oriental,1,FALSE,0.001,8e-4,0.0012,0.001,0.0768,206,0.0017,NA,NA,NA,NA,NA,NA,0.1544,0.001,334,0.0618,0.2201,0,0.3359,0,Bayes-M10-med
Dibindi,Kasaï-Oriental,1,FALSE,0.001,8e-4,0.0013,0.001,0.0799,200,0.0018,NA,NA,NA,NA,NA,NA,0.1617,0.0011,324,0.0386,0.2954,0,0.3127,0,Bayes-M10-med
Kansele,Kasaï-Oriental,1,FALSE,0.001,7e-4,0.0012,0.001,0.0753,210,0.0017,NA,NA,NA,NA,NA,NA,0.2437,0.0015,271,0.0541,0.5965,0,0.3243,0,Bayes-M10-med
Lubilanji,Kasaï-Oriental,1,FALSE,0.001,8e-4,0.0013,0.0011,0.0827,197,0.0018,NA,NA,NA,NA,NA,NA,0.1694,0.0011,310,0.0347,0.3398,0,0.3031,0,Bayes-M10-med
Miabi,Kasaï-Oriental,1,FALSE,0.001,8e-4,0.0012,0.001,0.0766,207,0.0017,NA,NA,NA,NA,NA,NA,0.2838,0.0018,250,0.2297,0.6525,0,0.2529,0,Bayes-M10-med
Muya,Kasaï-Oriental,1,FALSE,0.001,8e-4,0.0013,0.001,0.0793,201,0.0018,NA,NA,NA,NA,NA,NA,0.2495,0.0016,262,0.0753,0.5888,0,0.334,0,Bayes-M10-med
Tshishimbi,Kasaï-Oriental,1,FALSE,0.001,7e-4,0.0012,0.001,0.075,211,0.0017,NA,NA,NA,NA,NA,NA,0.1742,0.0011,320,0.1795,0.2471,0,0.2703,0,Bayes-M10-med
Kamana,Lomami,1,FALSE,0.001,8e-4,0.0013,0.001,0.0803,199,0.0018,NA,NA,NA,NA,NA,NA,0.2944,0.0019,236,0.5309,0.0174,0,0.6293,0,Bayes-M10-med
Kalenda,Lomami,1,FALSE,0.001,8e-4,0.0013,0.001,0.0781,203,0.0017,NA,NA,NA,NA,NA,NA,0.2886,0.0018,244,0.388,0.1873,0,0.5792,0,Bayes-M10-med
Yamongili,Mongala,1,FALSE,0.001,7e-4,0.0012,0.001,0.0756,209,0.0017,NA,NA,NA,NA,NA,NA,0.3243,0.002,230,0.5116,0.3668,0,0.4189,0,Bayes-M10-med
Katako Kombe,Sankuru,1,FALSE,0.001,8e-4,0.0012,0.001,0.0776,205,0.0017,NA,NA,NA,NA,NA,NA,0.4703,0.003,178,0.7857,0.1313,0,0.9643,0,Bayes-M10-med
Itombwe,Sud-Kivu,1,FALSE,0.001,8e-4,0.0013,0.001,0.0808,198,0.0018,NA,NA,NA,NA,NA,NA,0.5121,0.0034,161,0.8571,0.6737,0,0.5174,0,Bayes-M10-med
Yalimbongo,Tshopo,1,FALSE,0.001,8e-4,0.0012,0.001,0.0778,204,0.0017,NA,NA,NA,NA,NA,NA,0.3214,0.002,228,0.5772,0.0483,0,0.6602,0,Bayes-M10-med
Mondombe,Tshuapa,1,FALSE,0.001,7e-4,0.0012,0.001,0.0758,208,0.0017,NA,NA,NA,NA,NA,NA,0.4797,0.003,179,0.6622,0.3726,0,0.8842,0,Bayes-M10-med
Bili (Bas-Uele),Bas-Uele,1,FALSE,9e-4,7e-4,0.0011,9e-4,0.0684,225,0.0015,NA,NA,NA,NA,NA,NA,0.6926,0.0039,151,0.9981,0.7992,0,0.973,0,Bayes-M10-med
Likati,Bas-Uele,1,FALSE,9e-4,7e-4,0.0012,9e-4,0.0731,217,0.0016,NA,NA,NA,NA,NA,NA,0.7124,0.0043,147,0.9942,0.971,0,0.8842,0,Bayes-M10-med
Bukama,Haut-Lomami,1,FALSE,9e-4,7e-4,0.0011,9e-4,0.0682,226,0.0015,NA,NA,NA,NA,NA,NA,0.4764,0.0027,192,0.7143,0.7625,0,0.4286,0,Bayes-M10-med
Mulongo,Haut-Lomami,1,FALSE,9e-4,7e-4,0.0011,9e-4,0.0682,227,0.0015,NA,NA,NA,NA,NA,NA,0.4773,0.0027,191,0.7471,0.7703,0,0.3919,0,Bayes-M10-med
Mweka,Kasaï,1,FALSE,9e-4,7e-4,0.0012,9e-4,0.074,215,0.0016,NA,NA,NA,NA,NA,NA,0.5053,0.0031,176,0.4788,0.7239,0,0.8185,0,Bayes-M10-med
Bena Leka,Kasaï-Central,1,FALSE,9e-4,7e-4,0.0012,9e-4,0.0724,220,0.0016,NA,NA,NA,NA,NA,NA,0.4986,0.003,180,0.6062,0.7162,0,0.6718,0,Bayes-M10-med
Luiza,Kasaï-Central,1,FALSE,9e-4,7e-4,0.0012,9e-4,0.074,214,0.0016,NA,NA,NA,NA,NA,NA,0.4218,0.0026,196,0.4807,0.6293,0,0.5772,0,Bayes-M10-med
Masuika,Kasaï-Central,1,FALSE,9e-4,7e-4,0.0012,9e-4,0.0718,222,0.0016,NA,NA,NA,NA,NA,NA,0.3885,0.0023,210,0.3263,0.5618,0,0.666,0,Bayes-M10-med
Mpokolo,Kasaï-Oriental,1,FALSE,9e-4,7e-4,0.0012,9e-4,0.0747,212,0.0017,NA,NA,NA,NA,NA,NA,0.2901,0.0018,251,0.1255,0.6873,0,0.3475,0,Bayes-M10-med
Lusanga,Kwilu,1,FALSE,9e-4,7e-4,0.0011,9e-4,0.0673,229,0.0015,NA,NA,NA,NA,NA,NA,0.4242,0.0023,203,0.4382,0.7297,0,0.529,0,Bayes-M10-med
Kalambayi Kabanga,Lomami,1,FALSE,9e-4,7e-4,0.0012,9e-4,0.0743,213,0.0016,NA,NA,NA,NA,NA,NA,0.3132,0.0019,239,0.4556,0.1602,0,0.6371,0,Bayes-M10-med
Alunguli,Maniema,1,FALSE,9e-4,7e-4,0.0012,9e-4,0.0725,218,0.0016,NA,NA,NA,NA,NA,NA,0.3132,0.0019,243,0.1737,0.195,0,0.8842,0,Bayes-M10-med
Ferekeni,Maniema,1,FALSE,9e-4,7e-4,0.0011,9e-4,0.0714,223,0.0016,NA,NA,NA,NA,NA,NA,0.3504,0.002,227,0.7722,0.0425,0,0.5869,0,Bayes-M10-med
Vanga Kete,Sankuru,1,FALSE,9e-4,7e-4,0.0012,9e-4,0.0732,216,0.0016,NA,NA,NA,NA,NA,NA,0.4503,0.0027,190,0.4672,0.4112,0,0.9228,0,Bayes-M10-med
Tshumbe,Sankuru,1,FALSE,9e-4,7e-4,0.0011,9e-4,0.0704,224,0.0016,NA,NA,NA,NA,NA,NA,0.3907,0.0023,214,0.5444,0.1718,0,0.8465,0,Bayes-M10-med
Lowa,Tshopo,1,FALSE,9e-4,7e-4,0.0012,9e-4,0.0725,219,0.0016,NA,NA,NA,NA,NA,NA,0.4073,0.0024,199,0.8938,0.0598,0,0.6757,0,Bayes-M10-med
Basali,Tshopo,1,FALSE,9e-4,7e-4,0.0011,9e-4,0.0677,228,0.0015,NA,NA,NA,NA,NA,NA,0.3779,0.0021,224,0.834,0.0251,0,0.6525,0,Bayes-M10-med
Kiambi,Tanganyika,1,FALSE,9e-4,7e-4,0.0012,9e-4,0.0723,221,0.0016,NA,NA,NA,NA,NA,NA,0.5709,0.0034,162,0.9807,0.6834,0,0.6197,0,Bayes-M10-med
Kalonda Ouest,Kasaï,1,FALSE,8e-4,6e-4,0.001,8e-4,0.0602,246,0.0013,NA,NA,NA,NA,NA,NA,0.2239,0.0011,314,0.2915,0.251,0,0.3533,0,Bayes-M10-med
Dibaya,Kasaï-Central,1,FALSE,8e-4,6e-4,0.001,8e-4,0.0627,239,0.0014,NA,NA,NA,NA,NA,NA,0.3325,0.0017,256,0.3147,0.4479,0,0.5676,0,Bayes-M10-med
Tshikaji,Kasaï-Central,1,FALSE,8e-4,6e-4,0.001,8e-4,0.0631,236,0.0014,NA,NA,NA,NA,NA,NA,0.3195,0.0017,261,0.1873,0.5849,0,0.5058,0,Bayes-M10-med
Mukumbi,Kasaï-Oriental,1,FALSE,8e-4,6e-4,0.001,8e-4,0.063,237,0.0014,NA,NA,NA,NA,NA,NA,0.2249,0.0012,305,0.2413,0.1892,0,0.4691,0,Bayes-M10-med
Vanga,Kwilu,1,FALSE,8e-4,6e-4,0.001,8e-4,0.0605,244,0.0013,NA,NA,NA,NA,NA,NA,0.5034,0.0025,197,0.3726,0.8205,0,0.8205,0,Bayes-M10-med
Bulungu,Kwilu,1,FALSE,8e-4,6e-4,0.001,8e-4,0.0615,241,0.0014,NA,NA,NA,NA,NA,NA,0.4508,0.0023,212,0.3571,0.6795,0,0.7664,0,Bayes-M10-med
Mukedi,Kwilu,1,FALSE,8e-4,6e-4,0.001,8e-4,0.061,243,0.0013,NA,NA,NA,NA,NA,NA,0.4836,0.0024,200,0.5367,0.7066,0,0.6911,0,Bayes-M10-med
Kalonda Est,Lomami,1,FALSE,8e-4,6e-4,9e-4,8e-4,0.0591,247,0.0013,NA,NA,NA,NA,NA,NA,0.3292,0.0016,265,0.5425,0.1506,0,0.6236,0,Bayes-M10-med
Dilala,Lualaba,1,FALSE,8e-4,6e-4,0.001,8e-4,0.0602,245,0.0013,NA,NA,NA,NA,NA,NA,0.1347,7e-4,379,0.1506,0.2548,0,0.1332,0,Bayes-M10-med
Fungurume,Lualaba,1,FALSE,8e-4,7e-4,0.0011,8e-4,0.0664,231,0.0015,NA,NA,NA,NA,NA,NA,0.1564,9e-4,348,0.2664,0.1622,0,0.1969,0,Bayes-M10-med
Karawa,Nord-Ubangi,1,FALSE,8e-4,6e-4,0.001,8e-4,0.063,238,0.0014,NA,NA,NA,NA,NA,NA,0.6404,0.0033,165,0.7568,0.973,0,0.832,0,Bayes-M10-med
Omendjadi,Sankuru,1,FALSE,8e-4,7e-4,0.0011,8e-4,0.0669,230,0.0015,NA,NA,NA,NA,NA,NA,0.4262,0.0023,204,0.5502,0.2317,0,0.9228,0,Bayes-M10-med
Ototo,Sankuru,1,FALSE,8e-4,6e-4,0.001,8e-4,0.0611,242,0.0014,NA,NA,NA,NA,NA,NA,0.4561,0.0023,211,0.5386,0.3629,0,0.9228,0,Bayes-M10-med
Dikungu,Sankuru,1,FALSE,8e-4,7e-4,0.0011,8e-4,0.0662,232,0.0015,NA,NA,NA,NA,NA,NA,0.3779,0.002,226,0.4865,0.1409,0,0.8842,0,Bayes-M10-med
Minga,Sankuru,1,FALSE,8e-4,7e-4,0.0011,8e-4,0.066,233,0.0015,NA,NA,NA,NA,NA,NA,0.5347,0.0029,183,0.7838,0.471,0,0.8842,0,Bayes-M10-med
Bokungu,Tshuapa,1,FALSE,8e-4,6e-4,0.001,8e-4,0.0635,235,0.0014,NA,NA,NA,NA,NA,NA,0.49370000000000003,0.0026,195,0.695,0.3571,0,0.9228,0,Bayes-M10-med
Yalifafu,Tshuapa,1,FALSE,8e-4,6e-4,0.001,8e-4,0.062,240,0.0014,NA,NA,NA,NA,NA,NA,0.4797,0.0024,198,0.7664,0.2683,0,0.8842,0,Bayes-M10-med
Ankoro,Tanganyika,1,FALSE,8e-4,6e-4,0.001,8e-4,0.0645,234,0.0014,NA,NA,NA,NA,NA,NA,0.6047,0.0032,170,0.9266,0.8282,0,0.6641,0,Bayes-M10-med
Kabondo Dianda,Haut-Lomami,1,FALSE,7e-4,5e-4,9e-4,7e-4,0.0555,257,0.0012,NA,NA,NA,NA,NA,NA,0.4107,0.0019,242,0.5888,0.5714,0,0.4826,0,Bayes-M10-med
Mukanga,Haut-Lomami,1,FALSE,7e-4,6e-4,9e-4,7e-4,0.0556,256,0.0012,NA,NA,NA,NA,NA,NA,0.4739,0.0022,219,0.6853,0.6911,0,0.5193,0,Bayes-M10-med
Kanzala,Kasaï,1,FALSE,7e-4,5e-4,8e-4,7e-4,0.0517,265,0.0011,NA,NA,NA,NA,NA,NA,0.2046,9e-4,346,0.168,0.3127,0,0.3378,0,Bayes-M10-med
Katende,Kasaï-Central,1,FALSE,7e-4,6e-4,9e-4,7e-4,0.0564,252,0.0012,NA,NA,NA,NA,NA,NA,0.5154,0.0024,202,0.6525,0.6486,0,0.7606,0,Bayes-M10-med
Lukonga,Kasaï-Central,1,FALSE,7e-4,5e-4,9e-4,7e-4,0.0552,260,0.0012,NA,NA,NA,NA,NA,NA,0.3282,0.0015,275,0.2239,0.6429,0,0.4459,0,Bayes-M10-med
Ndekesha,Kasaï-Central,1,FALSE,7e-4,6e-4,9e-4,7e-4,0.0582,249,0.0013,NA,NA,NA,NA,NA,NA,0.4059,0.0019,237,0.4768,0.4498,0,0.6969,0,Bayes-M10-med
Luambo,Kasaï-Central,1,FALSE,7e-4,6e-4,9e-4,7e-4,0.0564,253,0.0012,NA,NA,NA,NA,NA,NA,0.3769,0.0017,254,0.5347,0.5656,0,0.4073,0,Bayes-M10-med
Kenge,Kwango,1,FALSE,7e-4,6e-4,9e-4,7e-4,0.0572,250,0.0013,NA,NA,NA,NA,NA,NA,0.5574,0.0026,193,0.6139,0.8127,0,0.8031,0,Bayes-M10-med
Gungu,Kwilu,1,FALSE,7e-4,6e-4,9e-4,7e-4,0.0568,251,0.0013,NA,NA,NA,NA,NA,NA,0.4237,0.002,234,0.5058,0.6969,0,0.4923,0,Bayes-M10-med
Kikwit Nord,Kwilu,1,FALSE,7e-4,6e-4,9e-4,7e-4,0.0561,254,0.0012,NA,NA,NA,NA,NA,NA,0.2915,0.0013,284,0.1236,0.5405,0,0.5019,0,Bayes-M10-med
Koshibanda,Kwilu,1,FALSE,7e-4,5e-4,9e-4,7e-4,0.0553,259,0.0012,NA,NA,NA,NA,NA,NA,0.4913,0.0022,216,0.5193,0.6757,0,0.7703,0,Bayes-M10-med
Makota,Lomami,1,FALSE,7e-4,5e-4,8e-4,7e-4,0.0522,264,0.0012,NA,NA,NA,NA,NA,NA,0.2587,0.0011,312,0.1023,0.3764,0,0.556,0,Bayes-M10-med
Tunda,Maniema,1,FALSE,7e-4,5e-4,8e-4,7e-4,0.0525,263,0.0012,NA,NA,NA,NA,NA,NA,0.459,0.002,232,0.8977,0.0541,0,0.8842,0,Bayes-M10-med
Pangi,Maniema,1,FALSE,7e-4,6e-4,9e-4,7e-4,0.0588,248,0.0013,NA,NA,NA,NA,NA,NA,0.3316,0.0016,264,0.6081,0.056,0,0.6622,0,Bayes-M10-med
Bosondjo,Mongala,1,FALSE,7e-4,5e-4,9e-4,7e-4,0.0545,261,0.0012,NA,NA,NA,NA,NA,NA,0.3489,0.0016,267,0.5618,0.1931,0,0.6409,0,Bayes-M10-med
Pimu,Mongala,1,FALSE,7e-4,5e-4,8e-4,7e-4,0.0529,262,0.0012,NA,NA,NA,NA,NA,NA,0.4257,0.0018,245,0.583,0.3707,0,0.749,0,Bayes-M10-med
Wembo Nyama,Sankuru,1,FALSE,7e-4,6e-4,9e-4,7e-4,0.0559,255,0.0012,NA,NA,NA,NA,NA,NA,0.4097,0.0019,240,0.5019,0.2143,0,0.9228,0,Bayes-M10-med
Bwamanda,Sud-Ubangi,1,FALSE,7e-4,5e-4,9e-4,7e-4,0.0553,258,0.0012,NA,NA,NA,NA,NA,NA,0.4667,0.0021,222,0.4189,0.7394,0,0.7085,0,Bayes-M10-med
Monga,Bas-Uele,1,FALSE,6e-4,5e-4,7e-4,6e-4,0.0467,273,0.001,NA,NA,NA,NA,NA,NA,0.7336,0.0028,185,0.9826,0.9672,0,0.9846,0,Bayes-M10-med
Kampemba,Haut-Katanga,1,FALSE,6e-4,5e-4,8e-4,6e-4,0.0489,269,0.0011,NA,NA,NA,NA,NA,NA,0.0531,2e-4,450,0.0598,0.0367,0,0.1158,0,Bayes-M10-med
Kilwa,Haut-Katanga,1,FALSE,6e-4,5e-4,7e-4,6e-4,0.0463,276,0.001,NA,NA,NA,NA,NA,NA,0.3764,0.0014,277,0.749,0.39,0,0.3668,0,Bayes-M10-med
Pweto,Haut-Katanga,1,FALSE,6e-4,4e-4,7e-4,6e-4,0.045,279,0.001,NA,NA,NA,NA,NA,NA,0.3518,0.0013,288,0.7992,0.2587,0,0.3494,0,Bayes-M10-med
Ruashi,Haut-Katanga,1,FALSE,6e-4,4e-4,7e-4,6e-4,0.0437,282,0.001,NA,NA,NA,NA,NA,NA,0.0705,3e-4,443,0.0985,0.0637,0,0.1197,0,Bayes-M10-med
Sakania,Haut-Katanga,1,FALSE,6e-4,5e-4,7e-4,6e-4,0.0461,277,0.001,NA,NA,NA,NA,NA,NA,0.2775,0.001,327,0.7375,0.2355,0,0.1371,0,Bayes-M10-med
Ilebo,Kasaï,1,FALSE,6e-4,5e-4,8e-4,6e-4,0.0479,272,0.0011,NA,NA,NA,NA,NA,NA,0.3142,0.0012,295,0.2162,0.6139,0,0.4266,0,Bayes-M10-med
Tshikula,Kasaï-Central,1,FALSE,6e-4,4e-4,7e-4,6e-4,0.0433,283,0.001,NA,NA,NA,NA,NA,NA,0.3296,0.0012,301,0.3919,0.3185,0,0.6081,0,Bayes-M10-med
Tshibala,Kasaï-Central,1,FALSE,6e-4,5e-4,8e-4,6e-4,0.0479,271,0.0011,NA,NA,NA,NA,NA,NA,0.4218,0.0017,260,0.4266,0.5772,0,0.6834,0,Bayes-M10-med
Yangala,Kasaï-Central,1,FALSE,6e-4,5e-4,8e-4,6e-4,0.0498,268,0.0011,NA,NA,NA,NA,NA,NA,0.348,0.0014,279,0.5927,0.2259,0,0.5734,0,Bayes-M10-med
Ipamu,Kwilu,1,FALSE,6e-4,5e-4,7e-4,6e-4,0.0457,278,0.001,NA,NA,NA,NA,NA,NA,0.5454,0.002,229,0.4903,0.7683,0,0.9228,0,Bayes-M10-med
Kikwit Sud,Kwilu,1,FALSE,6e-4,4e-4,7e-4,6e-4,0.0442,281,0.001,NA,NA,NA,NA,NA,NA,0.3282,0.0012,299,0.1313,0.7008,0,0.4807,0,Bayes-M10-med
Binga,Mongala,1,FALSE,6e-4,5e-4,7e-4,6e-4,0.0464,274,0.001,NA,NA,NA,NA,NA,NA,0.3306,0.0013,290,0.4749,0.249,0,0.5985,0,Bayes-M10-med
Yakoma,Nord-Ubangi,1,FALSE,6e-4,5e-4,8e-4,6e-4,0.0507,266,0.0011,NA,NA,NA,NA,NA,NA,0.6641,0.0028,187,0.7124,0.9479,0,0.9961,0,Bayes-M10-med
Lomela,Sankuru,1,FALSE,6e-4,5e-4,8e-4,6e-4,0.048,270,0.0011,NA,NA,NA,NA,NA,NA,0.4759,0.0019,241,0.8456,0.1351,0,0.9228,0,Bayes-M10-med
Lusambo,Sankuru,1,FALSE,6e-4,4e-4,7e-4,6e-4,0.0448,280,0.001,NA,NA,NA,NA,NA,NA,0.4833,0.0018,252,0.6815,0.2992,0,0.9527,0,Bayes-M10-med
Tandala,Sud-Ubangi,1,FALSE,6e-4,5e-4,8e-4,6e-4,0.0499,267,0.0011,NA,NA,NA,NA,NA,NA,0.4078,0.0017,259,0.2741,0.527,0,0.8301,0,Bayes-M10-med
Mompono,Tshuapa,1,FALSE,6e-4,5e-4,7e-4,6e-4,0.0464,275,0.001,NA,NA,NA,NA,NA,NA,0.5598,0.0021,220,0.8089,0.6042,0,0.8263,0,Bayes-M10-med
Basankusu,Equateur,1,FALSE,5e-4,4e-4,7e-4,5e-4,0.0408,293,9e-4,NA,NA,NA,NA,NA,NA,0.6844,0.0023,209,0.9517,0.8629,0,0.9228,0,Bayes-M10-med
Bolomba,Equateur,1,FALSE,5e-4,4e-4,6e-4,5e-4,0.0397,303,9e-4,NA,NA,NA,NA,NA,NA,0.6163,0.002,231,0.9575,0.8533,0,0.6544,0,Bayes-M10-med
Kambove,Haut-Katanga,1,FALSE,5e-4,4e-4,7e-4,5e-4,0.0424,286,9e-4,NA,NA,NA,NA,NA,NA,0.306,0.0011,322,0.4247,0.6236,0,0.1757,0,Bayes-M10-med
Kapolowe,Haut-Katanga,1,FALSE,5e-4,4e-4,7e-4,5e-4,0.0415,289,9e-4,NA,NA,NA,NA,NA,NA,0.3026,0.001,329,0.5579,0.444,0,0.2085,0,Bayes-M10-med
Kisanga,Haut-Katanga,1,FALSE,5e-4,4e-4,6e-4,5e-4,0.0396,304,9e-4,NA,NA,NA,NA,NA,NA,0.1081,4e-4,428,0.1293,0.2008,0,0.1023,0,Bayes-M10-med
Kinkondja,Haut-Lomami,1,FALSE,5e-4,4e-4,6e-4,5e-4,0.0379,311,8e-4,NA,NA,NA,NA,NA,NA,0.4889,0.0015,270,0.7278,0.6274,0,0.6004,0,Bayes-M10-med
Kakenge,Kasaï,1,FALSE,5e-4,4e-4,6e-4,5e-4,0.0384,310,8e-4,NA,NA,NA,NA,NA,NA,0.4522,0.0014,278,0.5753,0.4788,0,0.7548,0,Bayes-M10-med
Ndjoko Mpunda,Kasaï,1,FALSE,5e-4,4e-4,7e-4,5e-4,0.0405,296,9e-4,NA,NA,NA,NA,NA,NA,0.333,0.0011,313,0.3977,0.2915,0,0.6429,0,Bayes-M10-med
Kamonia,Kasaï,1,FALSE,5e-4,4e-4,7e-4,5e-4,0.0409,292,9e-4,NA,NA,NA,NA,NA,NA,0.14,5e-4,414,0.3707,0.11,0,0.0792,0,Bayes-M10-med
Bilomba,Kasaï-Central,1,FALSE,5e-4,4e-4,6e-4,5e-4,0.0362,315,8e-4,NA,NA,NA,NA,NA,NA,0.4006,0.0012,300,0.3378,0.4421,0,0.8224,0,Bayes-M10-med
Katoka,Kasaï-Central,1,FALSE,5e-4,4e-4,7e-4,5e-4,0.0424,287,9e-4,NA,NA,NA,NA,NA,NA,0.2645,9e-4,343,0.1216,0.473,0,0.4633,0,Bayes-M10-med
Lubunga (Kasaï-Central),Kasaï-Central,1,FALSE,5e-4,4e-4,6e-4,5e-4,0.0359,316,8e-4,NA,NA,NA,NA,NA,NA,0.4599,0.0014,281,0.5637,0.4653,0,0.8108,0,Bayes-M10-med
Muetshi,Kasaï-Central,1,FALSE,5e-4,4e-4,6e-4,5e-4,0.0402,298,9e-4,NA,NA,NA,NA,NA,NA,0.4792,0.0016,266,0.6158,0.5386,0,0.7625,0,Bayes-M10-med
Matadi,Kongo-Central,1,FALSE,5e-4,4e-4,6e-4,5e-4,0.0402,299,9e-4,NA,NA,NA,NA,NA,NA,0.2939,0.001,335,0.1564,0.944,0,0.0753,0,Bayes-M10-med
Djuma,Kwilu,1,FALSE,5e-4,4e-4,6e-4,5e-4,0.04,300,9e-4,NA,NA,NA,NA,NA,NA,0.5256,0.0017,255,0.4826,0.7355,0,0.8842,0,Bayes-M10-med
Masi Manimba,Kwilu,1,FALSE,5e-4,4e-4,6e-4,5e-4,0.0389,308,9e-4,NA,NA,NA,NA,NA,NA,0.4281,0.0014,280,0.332,0.4961,0,0.8842,0,Bayes-M10-med
Yasa Bonga,Kwilu,1,FALSE,5e-4,4e-4,7e-4,5e-4,0.0431,285,0.001,NA,NA,NA,NA,NA,NA,0.4206,0.0015,274,0.3031,0.5328,0,0.8465,0,Bayes-M10-med
Wikong,Lomami,1,FALSE,5e-4,4e-4,6e-4,5e-4,0.0365,313,8e-4,NA,NA,NA,NA,NA,NA,0.3663,0.0011,316,0.2529,0.4228,0,0.7896,0,Bayes-M10-med
Kasaji,Lualaba,1,FALSE,5e-4,4e-4,7e-4,5e-4,0.0407,294,9e-4,NA,NA,NA,NA,NA,NA,0.4648,0.0015,268,0.8552,0.4923,0,0.5116,0,Bayes-M10-med
Lualaba,Lualaba,1,FALSE,5e-4,4e-4,7e-4,5e-4,0.0416,288,9e-4,NA,NA,NA,NA,NA,NA,0.1404,5e-4,412,0.3552,0.0347,0,0.1718,0,Bayes-M10-med
Boso Manzi,Mongala,1,FALSE,5e-4,4e-4,6e-4,5e-4,0.0385,309,9e-4,NA,NA,NA,NA,NA,NA,0.3982,0.0013,291,0.5695,0.2278,0,0.7954,0,Bayes-M10-med
Abuzi,Nord-Ubangi,1,FALSE,5e-4,4e-4,6e-4,5e-4,0.0395,306,9e-4,NA,NA,NA,NA,NA,NA,0.7153,0.0023,207,0.9846,0.9054,0,0.971,0,Bayes-M10-med
Bili (Nord-Ubangi),Nord-Ubangi,1,FALSE,5e-4,4e-4,6e-4,5e-4,0.0364,314,8e-4,NA,NA,NA,NA,NA,NA,0.7075,0.0021,223,0.9247,0.9189,0,0.9865,0,Bayes-M10-med
Bosobolo,Nord-Ubangi,1,FALSE,5e-4,4e-4,6e-4,5e-4,0.0398,302,9e-4,NA,NA,NA,NA,NA,NA,0.7148,0.0023,205,0.9363,0.9459,0,0.9768,0,Bayes-M10-med
Gbadolite,Nord-Ubangi,1,FALSE,5e-4,4e-4,7e-4,5e-4,0.0431,284,0.001,NA,NA,NA,NA,NA,NA,0.5183,0.0018,247,0.7915,0.9653,0,0.3166,0,Bayes-M10-med
Mobayi Mbongo,Nord-Ubangi,1,FALSE,5e-4,4e-4,6e-4,5e-4,0.0403,297,9e-4,NA,NA,NA,NA,NA,NA,0.5458,0.0018,248,0.9324,0.8166,0,0.4344,0,Bayes-M10-med
Wapinda,Nord-Ubangi,1,FALSE,5e-4,4e-4,7e-4,5e-4,0.0406,295,9e-4,NA,NA,NA,NA,NA,NA,0.6791,0.0023,213,0.9015,0.8398,0,0.9749,0,Bayes-M10-med
Bena Dibele,Sankuru,1,FALSE,5e-4,4e-4,6e-4,5e-4,0.0395,305,9e-4,NA,NA,NA,NA,NA,NA,0.4093,0.0013,285,0.6216,0.1564,0,0.8591,0,Bayes-M10-med
Djalo Ndjeka,Sankuru,1,FALSE,5e-4,4e-4,6e-4,5e-4,0.0391,307,9e-4,NA,NA,NA,NA,NA,NA,0.3378,0.0011,318,0.3591,0.0695,0,0.9228,0,Bayes-M10-med
Kole,Sankuru,1,FALSE,5e-4,4e-4,6e-4,5e-4,0.0379,312,8e-4,NA,NA,NA,NA,NA,NA,0.4802,0.0015,273,0.7761,0.2606,0,0.8842,0,Bayes-M10-med
Bogosenubea,Sud-Ubangi,1,FALSE,5e-4,4e-4,6e-4,5e-4,0.0399,301,9e-4,NA,NA,NA,NA,NA,NA,0.4107,0.0013,283,0.4981,0.3031,0,0.8417,0,Bayes-M10-med
Libenge,Sud-Ubangi,1,FALSE,5e-4,4e-4,7e-4,5e-4,0.0413,291,9e-4,NA,NA,NA,NA,NA,NA,0.3818,0.0013,289,0.6293,0.3591,0,0.5386,0,Bayes-M10-med
Befale,Tshuapa,1,FALSE,5e-4,4e-4,7e-4,5e-4,0.0415,290,9e-4,NA,NA,NA,NA,NA,NA,0.5145,0.0017,253,0.8822,0.4903,0,0.6853,0,Bayes-M10-med
Likasi,Haut-Katanga,1,FALSE,4e-4,3e-4,5e-4,4e-4,0.0329,324,7e-4,NA,NA,NA,NA,NA,NA,0.1728,5e-4,415,0.112,0.4208,0,0.1583,0,Bayes-M10-med
Mufunga Sampwe,Haut-Katanga,1,FALSE,4e-4,3e-4,5e-4,4e-4,0.0313,331,7e-4,NA,NA,NA,NA,NA,NA,0.3774,0.001,336,0.8185,0.0888,0,0.6023,0,Bayes-M10-med
Kasenga,Haut-Katanga,1,FALSE,4e-4,3e-4,5e-4,4e-4,0.0286,344,6e-4,NA,NA,NA,NA,NA,NA,0.3953,9e-4,341,0.8166,0.6255,0,0.139,0,Bayes-M10-med
Lwamba,Haut-Lomami,1,FALSE,4e-4,3e-4,5e-4,4e-4,0.0312,332,7e-4,NA,NA,NA,NA,NA,NA,0.4865,0.0012,293,0.8069,0.6409,0,0.4981,0,Bayes-M10-med
Kayamba,Haut-Lomami,1,FALSE,4e-4,3e-4,5e-4,4e-4,0.0285,348,6e-4,NA,NA,NA,NA,NA,NA,0.4276,0.001,331,0.7027,0.4189,0,0.5888,0,Bayes-M10-med
Songa,Haut-Lomami,1,FALSE,4e-4,3e-4,5e-4,4e-4,0.0308,334,7e-4,NA,NA,NA,NA,NA,NA,0.473,0.0012,298,0.9344,0.3533,0,0.6042,0,Bayes-M10-med
Dekese,Kasaï,1,FALSE,4e-4,3e-4,4e-4,4e-4,0.0278,352,6e-4,NA,NA,NA,NA,NA,NA,0.4633,0.0011,325,0.9189,0.2181,0,0.7162,0,Bayes-M10-med
Mikope,Kasaï,1,FALSE,4e-4,3e-4,5e-4,4e-4,0.0326,328,7e-4,NA,NA,NA,NA,NA,NA,0.3996,0.0011,321,0.6776,0.2703,0,0.6506,0,Bayes-M10-med
Mushenge,Kasaï,1,FALSE,4e-4,3e-4,5e-4,4e-4,0.0283,350,6e-4,NA,NA,NA,NA,NA,NA,0.3229,7e-4,371,0.5946,0.0656,0,0.6313,0,Bayes-M10-med
Kitangwa,Kasaï,1,FALSE,4e-4,3e-4,5e-4,4e-4,0.0291,341,6e-4,NA,NA,NA,NA,NA,NA,0.3287,8e-4,362,0.6332,0.1062,0,0.5753,0,Bayes-M10-med
Bunkonde,Kasaï-Central,1,FALSE,4e-4,3e-4,4e-4,4e-4,0.028,351,6e-4,NA,NA,NA,NA,NA,NA,0.3523,8e-4,355,0.4015,0.278,0,0.7297,0,Bayes-M10-med
Lubondaie,Kasaï-Central,1,FALSE,4e-4,3e-4,5e-4,4e-4,0.0327,326,7e-4,NA,NA,NA,NA,NA,NA,0.3147,8e-4,349,0.3822,0.1583,0,0.7181,0,Bayes-M10-med
Mutoto,Kasaï-Central,1,FALSE,4e-4,3e-4,4e-4,4e-4,0.0277,353,6e-4,NA,NA,NA,NA,NA,NA,0.3441,8e-4,363,0.4575,0.361,0,0.5579,0,Bayes-M10-med
Lukula,Kongo-Central,1,FALSE,4e-4,3e-4,5e-4,4e-4,0.0285,347,6e-4,NA,NA,NA,NA,NA,NA,0.3933,9e-4,342,0.529,0.8745,0,0.1699,0,Bayes-M10-med
Muanda,Kongo-Central,1,FALSE,4e-4,3e-4,6e-4,4e-4,0.0349,319,8e-4,NA,NA,NA,NA,NA,NA,0.4093,0.0012,302,0.6371,1,0,0,0,Bayes-M10-med
Kimpese,Kongo-Central,1,FALSE,4e-4,3e-4,5e-4,4e-4,0.0286,346,6e-4,NA,NA,NA,NA,NA,NA,0.4947,0.0012,307,0.7896,0.9768,0,0.2124,0,Bayes-M10-med
Kisantu,Kongo-Central,1,FALSE,4e-4,3e-4,6e-4,4e-4,0.0353,317,8e-4,NA,NA,NA,NA,NA,NA,0.418,0.0012,297,0.5039,0.9903,0,0.1776,0,Bayes-M10-med
Bagata,Kwilu,1,FALSE,4e-4,3e-4,5e-4,4e-4,0.0296,338,7e-4,NA,NA,NA,NA,NA,NA,0.5135,0.0012,294,0.6795,0.695,0,0.6795,0,Bayes-M10-med
Bandundu,Kwilu,1,FALSE,4e-4,3e-4,5e-4,4e-4,0.03,336,7e-4,NA,NA,NA,NA,NA,NA,0.3364,8e-4,351,0.3436,0.751,0,0.251,0,Bayes-M10-med
Kimputu,Kwilu,1,FALSE,4e-4,3e-4,5e-4,4e-4,0.0283,349,6e-4,NA,NA,NA,NA,NA,NA,0.5039,0.0012,303,0.4923,0.639,0,0.8842,0,Bayes-M10-med
Mokala,Kwilu,1,FALSE,4e-4,3e-4,5e-4,4e-4,0.0342,322,8e-4,NA,NA,NA,NA,NA,NA,0.5118,0.0014,276,0.4228,0.6718,0,0.9527,0,Bayes-M10-med
Mosango,Kwilu,1,FALSE,4e-4,3e-4,5e-4,4e-4,0.0288,342,6e-4,NA,NA,NA,NA,NA,NA,0.515,0.0012,296,0.5463,0.7375,0,0.7761,0,Bayes-M10-med
Pay Kongila,Kwilu,1,FALSE,4e-4,3e-4,5e-4,4e-4,0.0299,337,7e-4,NA,NA,NA,NA,NA,NA,0.4488,0.0011,315,0.5135,0.6467,0,0.6351,0,Bayes-M10-med
Kamiji,Lomami,1,FALSE,4e-4,3e-4,6e-4,4e-4,0.0344,321,8e-4,NA,NA,NA,NA,NA,NA,0.2635,7e-4,373,0.3398,0.1293,0,0.5849,0,Bayes-M10-med
Kapanga,Lualaba,1,FALSE,4e-4,3e-4,6e-4,4e-4,0.0345,320,8e-4,NA,NA,NA,NA,NA,NA,0.4112,0.0012,304,0.8514,0.3938,0,0.3996,0,Bayes-M10-med
Sandoa,Lualaba,1,FALSE,4e-4,3e-4,5e-4,4e-4,0.0286,345,6e-4,NA,NA,NA,NA,NA,NA,0.5536,0.0013,287,0.9421,0.6815,0,0.5907,0,Bayes-M10-med
Kanzenze,Lualaba,1,FALSE,4e-4,3e-4,5e-4,4e-4,0.0293,339,6e-4,NA,NA,NA,NA,NA,NA,0.2389,6e-4,398,0.6255,0.1429,0,0.1873,0,Bayes-M10-med
Businga,Nord-Ubangi,1,FALSE,4e-4,3e-4,5e-4,4e-4,0.03,335,7e-4,NA,NA,NA,NA,NA,NA,0.6781,0.0017,258,0.9286,0.861,0,0.9228,0,Bayes-M10-med
Loko,Nord-Ubangi,1,FALSE,4e-4,3e-4,5e-4,4e-4,0.0336,323,7e-4,NA,NA,NA,NA,NA,NA,0.6535,0.0018,249,0.9402,0.9266,0,0.7471,0,Bayes-M10-med
Wasolo,Nord-Ubangi,1,FALSE,4e-4,3e-4,5e-4,4e-4,0.032,329,7e-4,NA,NA,NA,NA,NA,NA,0.5709,0.0015,272,0.5541,0.7413,0,0.9884,0,Bayes-M10-med
Pania Mutombo,Sankuru,1,FALSE,4e-4,3e-4,5e-4,4e-4,0.0309,333,7e-4,NA,NA,NA,NA,NA,NA,0.4117,0.001,328,0.7413,0.1236,0,0.7819,0,Bayes-M10-med
Bokonzi,Sud-Ubangi,1,FALSE,4e-4,3e-4,5e-4,4e-4,0.0286,343,6e-4,NA,NA,NA,NA,NA,NA,0.236,6e-4,400,0.4305,0.083,0,0.4305,0,Bayes-M10-med
Boto,Sud-Ubangi,1,FALSE,4e-4,3e-4,5e-4,4e-4,0.0292,340,6e-4,NA,NA,NA,NA,NA,NA,0.3596,9e-4,347,0.3282,0.5174,0,0.5927,0,Bayes-M10-med
Budjala,Sud-Ubangi,1,FALSE,4e-4,3e-4,5e-4,4e-4,0.0328,325,7e-4,NA,NA,NA,NA,NA,NA,0.43,0.0012,308,0.5154,0.4035,0,0.8012,0,Bayes-M10-med
Bulu,Sud-Ubangi,1,FALSE,4e-4,3e-4,5e-4,4e-4,0.0319,330,7e-4,NA,NA,NA,NA,NA,NA,0.3147,8e-4,352,0.3649,0.1988,0,0.695,0,Bayes-M10-med
Kungu,Sud-Ubangi,1,FALSE,4e-4,3e-4,5e-4,4e-4,0.0326,327,7e-4,NA,NA,NA,NA,NA,NA,0.3711,0.001,333,0.3745,0.3359,0,0.7741,0,Bayes-M10-med
Ndage,Sud-Ubangi,1,FALSE,4e-4,3e-4,6e-4,4e-4,0.035,318,8e-4,NA,NA,NA,NA,NA,NA,0.3533,0.001,330,0.3996,0.2761,0,0.7375,0,Bayes-M10-med
Ingende,Equateur,1,FALSE,3e-4,3e-4,4e-4,3e-4,0.0275,354,6e-4,NA,NA,NA,NA,NA,NA,0.596,0.0013,282,0.9208,0.8571,0,0.6062,0,Bayes-M10-med
Kikula,Haut-Katanga,1,FALSE,3e-4,2e-4,3e-4,3e-4,0.0215,382,5e-4,NA,NA,NA,NA,NA,NA,0.0951,2e-4,455,0.1062,0.1139,0,0.1602,0,Bayes-M10-med
Mitwaba,Haut-Katanga,1,FALSE,3e-4,2e-4,4e-4,3e-4,0.0229,373,5e-4,NA,NA,NA,NA,NA,NA,0.3528,7e-4,380,0.8012,0.0618,0,0.5483,0,Bayes-M10-med
Kafubu,Haut-Katanga,1,FALSE,3e-4,2e-4,3e-4,3e-4,0.0206,386,5e-4,NA,NA,NA,NA,NA,NA,0.2104,4e-4,427,0.6042,0.0869,0,0.1506,0,Bayes-M10-med
Bulape,Kasaï,1,FALSE,3e-4,2e-4,4e-4,3e-4,0.0223,377,5e-4,NA,NA,NA,NA,NA,NA,0.4315,8e-4,360,0.7066,0.1853,0,0.834,0,Bayes-M10-med
Mutena,Kasaï,1,FALSE,3e-4,3e-4,4e-4,3e-4,0.027,358,6e-4,NA,NA,NA,NA,NA,NA,0.2336,5e-4,404,0.334,0.0753,0,0.5251,0,Bayes-M10-med
Nyanga,Kasaï,1,FALSE,3e-4,2e-4,4e-4,3e-4,0.0222,379,5e-4,NA,NA,NA,NA,NA,NA,0.348,6e-4,388,0.4402,0.3803,0,0.5714,0,Bayes-M10-med
Bena Tshadi,Kasaï-Central,1,FALSE,3e-4,2e-4,3e-4,3e-4,0.0212,384,5e-4,NA,NA,NA,NA,NA,NA,0.472,8e-4,353,0.6699,0.3784,0,0.8398,0,Bayes-M10-med
Ndesha,Kasaï-Central,1,FALSE,3e-4,3e-4,4e-4,3e-4,0.027,359,6e-4,NA,NA,NA,NA,NA,NA,0.2317,5e-4,405,0.1448,0.3456,0,0.4363,0,Bayes-M10-med
Kalomba,Kasaï-Central,1,FALSE,3e-4,2e-4,3e-4,3e-4,0.0212,383,5e-4,NA,NA,NA,NA,NA,NA,0.2944,5e-4,406,0.3166,0.1467,0,0.7143,0,Bayes-M10-med
Boma,Kongo-Central,1,FALSE,3e-4,3e-4,4e-4,3e-4,0.0268,360,6e-4,NA,NA,NA,NA,NA,NA,0.2901,6e-4,386,0.1467,0.9247,0,0.0888,0,Bayes-M10-med
Seke Banza,Kongo-Central,1,FALSE,3e-4,2e-4,3e-4,3e-4,0.0216,381,5e-4,NA,NA,NA,NA,NA,NA,0.4513,8e-4,358,0.6351,0.9498,0,0.2201,0,Bayes-M10-med
Boko Kivulu,Kongo-Central,1,FALSE,3e-4,3e-4,4e-4,3e-4,0.0265,365,6e-4,NA,NA,NA,NA,NA,NA,0.4281,9e-4,340,0.5792,0.9324,0,0.2008,0,Bayes-M10-med
Kwilu Ngongo,Kongo-Central,1,FALSE,3e-4,2e-4,4e-4,3e-4,0.0237,370,5e-4,NA,NA,NA,NA,NA,NA,0.3875,8e-4,367,0.4884,0.8668,0,0.195,0,Bayes-M10-med
Mbanza Ngungu,Kongo-Central,1,FALSE,3e-4,3e-4,4e-4,3e-4,0.0256,367,6e-4,NA,NA,NA,NA,NA,NA,0.3711,8e-4,364,0.3205,0.9749,0,0.1892,0,Bayes-M10-med
Kahemba,Kwango,1,FALSE,3e-4,2e-4,4e-4,3e-4,0.0245,369,5e-4,NA,NA,NA,NA,NA,NA,0.5367,0.0011,319,0.8958,0.7278,0,0.5232,0,Bayes-M10-med
Panzi,Kwango,1,FALSE,3e-4,2e-4,4e-4,3e-4,0.0245,368,5e-4,NA,NA,NA,NA,NA,NA,0.5236,0.001,326,0.7548,0.583,0,0.7568,0,Bayes-M10-med
Boko,Kwango,1,FALSE,3e-4,3e-4,4e-4,3e-4,0.0275,355,6e-4,NA,NA,NA,NA,NA,NA,0.5121,0.0012,309,0.7336,0.61,0,0.7046,0,Bayes-M10-med
Feshi,Kwango,1,FALSE,3e-4,3e-4,4e-4,3e-4,0.0274,356,6e-4,NA,NA,NA,NA,NA,NA,0.5082,0.0011,311,0.7317,0.5425,0,0.7587,0,Bayes-M10-med
Kimbao,Kwango,1,FALSE,3e-4,2e-4,4e-4,3e-4,0.0225,376,5e-4,NA,NA,NA,NA,NA,NA,0.5743,0.0011,323,0.7201,0.7181,0,0.8591,0,Bayes-M10-med
Popokabaka,Kwango,1,FALSE,3e-4,2e-4,3e-4,3e-4,0.0211,385,5e-4,NA,NA,NA,NA,NA,NA,0.5507,0.001,337,0.7703,0.7876,0,0.6448,0,Bayes-M10-med
Kikongo,Kwilu,1,FALSE,3e-4,3e-4,4e-4,3e-4,0.0265,364,6e-4,NA,NA,NA,NA,NA,NA,0.5024,0.0011,317,0.6969,0.6023,0,0.7104,0,Bayes-M10-med
Sia,Kwilu,1,FALSE,3e-4,2e-4,3e-4,3e-4,0.0201,388,4e-4,NA,NA,NA,NA,NA,NA,0.3986,7e-4,383,0.4151,0.3822,0,0.7973,0,Bayes-M10-med
Mungindu,Kwilu,1,FALSE,3e-4,3e-4,4e-4,3e-4,0.0258,366,6e-4,NA,NA,NA,NA,NA,NA,0.3818,8e-4,356,0.4691,0.5367,0,0.5212,0,Bayes-M10-med
Dilolo,Lualaba,1,FALSE,3e-4,3e-4,4e-4,3e-4,0.0266,363,6e-4,NA,NA,NA,NA,NA,NA,0.3663,8e-4,359,0.8398,0.6197,0,0.0058,0,Bayes-M10-med
Kafakumba,Lualaba,1,FALSE,3e-4,2e-4,3e-4,3e-4,0.0204,387,5e-4,NA,NA,NA,NA,NA,NA,0.4648,8e-4,366,0.8687,0.2027,0,0.7876,0,Bayes-M10-med
Kalamba,Lualaba,1,FALSE,3e-4,3e-4,4e-4,3e-4,0.0267,362,6e-4,NA,NA,NA,NA,NA,NA,0.4542,0.001,332,0.8803,0.2375,0,0.6988,0,Bayes-M10-med
Inongo,Mai-Ndombe,1,FALSE,3e-4,2e-4,4e-4,3e-4,0.0226,375,5e-4,NA,NA,NA,NA,NA,NA,0.4952,9e-4,344,0.7645,0.2934,0,0.9228,0,Bayes-M10-med
Bongandanga,Mongala,1,FALSE,3e-4,2e-4,4e-4,3e-4,0.0233,372,5e-4,NA,NA,NA,NA,NA,NA,0.4228,8e-4,357,0.7587,0.0097,0,0.9228,0,Bayes-M10-med
Boso Mondanda,Mongala,1,FALSE,3e-4,3e-4,4e-4,3e-4,0.0267,361,6e-4,NA,NA,NA,NA,NA,NA,0.3716,8e-4,354,0.5869,0.1486,0,0.751,0,Bayes-M10-med
Bangabola,Sud-Ubangi,1,FALSE,3e-4,2e-4,4e-4,3e-4,0.0234,371,5e-4,NA,NA,NA,NA,NA,NA,0.3904,7e-4,370,0.3533,0.3494,0,0.8591,0,Bayes-M10-med
Bominenge,Sud-Ubangi,1,FALSE,3e-4,2e-4,3e-4,3e-4,0.0218,380,5e-4,NA,NA,NA,NA,NA,NA,0.3258,6e-4,396,0.2819,0.0985,0,0.9228,0,Bayes-M10-med
Mawuya,Sud-Ubangi,1,FALSE,3e-4,2e-4,4e-4,3e-4,0.0222,378,5e-4,NA,NA,NA,NA,NA,NA,0.2654,5e-4,409,0.444,0.2394,0,0.3784,0,Bayes-M10-med
Monkoto,Tshuapa,1,FALSE,3e-4,3e-4,4e-4,3e-4,0.0273,357,6e-4,NA,NA,NA,NA,NA,NA,0.5598,0.0013,292,0.9498,0.4054,0,0.8842,0,Bayes-M10-med
Busanga,Tshuapa,1,FALSE,3e-4,2e-4,4e-4,3e-4,0.0227,374,5e-4,NA,NA,NA,NA,NA,NA,0.4452,8e-4,350,0.6602,0.168,0,0.9527,0,Bayes-M10-med
Bikoro,Equateur,1,FALSE,2e-4,2e-4,3e-4,2e-4,0.0186,396,4e-4,NA,NA,NA,NA,NA,NA,0.5951,9e-4,345,0.8127,0.8147,0,0.7529,0,Bayes-M10-med
Djombo,Equateur,1,FALSE,2e-4,2e-4,3e-4,2e-4,0.0175,402,4e-4,NA,NA,NA,NA,NA,NA,0.6554,9e-4,339,0.917,0.7819,0,0.9228,0,Bayes-M10-med
Iboko,Equateur,1,FALSE,2e-4,1e-4,2e-4,2e-4,0.015,416,3e-4,NA,NA,NA,NA,NA,NA,0.612,8e-4,368,0.8282,0.7915,0,0.8282,0,Bayes-M10-med
Lotumbe,Equateur,1,FALSE,2e-4,2e-4,3e-4,2e-4,0.0157,409,3e-4,NA,NA,NA,NA,NA,NA,0.5816,7e-4,369,0.9691,0.7085,0,0.6486,0,Bayes-M10-med
Lukolela,Equateur,1,FALSE,2e-4,1e-4,2e-4,2e-4,0.0132,425,3e-4,NA,NA,NA,NA,NA,NA,0.5787,6e-4,389,0.944,0.9151,0,0.4556,0,Bayes-M10-med
Makanza,Equateur,1,FALSE,2e-4,2e-4,3e-4,2e-4,0.0181,400,4e-4,NA,NA,NA,NA,NA,NA,0.639,9e-4,338,0.9537,0.7954,0,0.8069,0,Bayes-M10-med
Monieka,Equateur,1,FALSE,2e-4,1e-4,2e-4,2e-4,0.0134,423,3e-4,NA,NA,NA,NA,NA,NA,0.596,7e-4,382,0.9768,0.7336,0,0.6737,0,Bayes-M10-med
Wangata,Equateur,1,FALSE,2e-4,2e-4,3e-4,2e-4,0.0187,395,4e-4,NA,NA,NA,NA,NA,NA,0.417,6e-4,385,0.2336,0.9865,0,0.4479,0,Bayes-M10-med
Panda,Haut-Katanga,1,FALSE,2e-4,2e-4,3e-4,2e-4,0.0194,391,4e-4,NA,NA,NA,NA,NA,NA,0.2027,3e-4,432,0.1622,0.4826,0,0.166,0,Bayes-M10-med
Kenya,Haut-Katanga,1,FALSE,2e-4,2e-4,3e-4,2e-4,0.0172,404,4e-4,NA,NA,NA,NA,NA,NA,0.0569,1e-4,460,0.11,0.0116,0,0.1062,0,Bayes-M10-med
Lukafu,Haut-Katanga,1,FALSE,2e-4,2e-4,3e-4,2e-4,0.0194,390,4e-4,NA,NA,NA,NA,NA,NA,0.4015,6e-4,384,0.888,0.3243,0,0.3938,0,Bayes-M10-med
Butumba,Haut-Lomami,1,FALSE,2e-4,2e-4,2e-4,2e-4,0.0155,412,3e-4,NA,NA,NA,NA,NA,NA,0.4595,6e-4,394,0.7973,0.4151,0,0.6255,0,Bayes-M10-med
Kinda,Haut-Lomami,1,FALSE,2e-4,1e-4,2e-4,2e-4,0.0129,428,3e-4,NA,NA,NA,NA,NA,NA,0.5077,5e-4,402,0.9884,0.4266,0,0.6158,0,Bayes-M10-med
Banga Lubaka,Kasaï,1,FALSE,2e-4,2e-4,3e-4,2e-4,0.016,408,4e-4,NA,NA,NA,NA,NA,NA,0.3205,4e-4,419,0.5174,0.0444,0,0.7201,0,Bayes-M10-med
Kangu,Kongo-Central,1,FALSE,2e-4,2e-4,3e-4,2e-4,0.0167,406,4e-4,NA,NA,NA,NA,NA,NA,0.3528,5e-4,411,0.3803,0.8822,0,0.1486,0,Bayes-M10-med
Inga,Kongo-Central,1,FALSE,2e-4,1e-4,2e-4,2e-4,0.0147,419,3e-4,NA,NA,NA,NA,NA,NA,0.3847,5e-4,416,0.5212,0.8243,0,0.1931,0,Bayes-M10-med
Luozi,Kongo-Central,1,FALSE,2e-4,1e-4,2e-4,2e-4,0.0139,420,3e-4,NA,NA,NA,NA,NA,NA,0.5241,6e-4,392,0.7355,0.8861,0,0.4749,0,Bayes-M10-med
Nsona Mpangu,Kongo-Central,1,FALSE,2e-4,2e-4,3e-4,2e-4,0.0182,399,4e-4,NA,NA,NA,NA,NA,NA,0.4165,6e-4,390,0.722,0.7645,0,0.1795,0,Bayes-M10-med
Nzanza,Kongo-Central,1,FALSE,2e-4,1e-4,2e-4,2e-4,0.0119,431,3e-4,NA,NA,NA,NA,NA,NA,0.2172,2e-4,451,0.0888,0.6892,0,0.0907,0,Bayes-M10-med
Gombe Matadi,Kongo-Central,1,FALSE,2e-4,1e-4,2e-4,2e-4,0.0148,418,3e-4,NA,NA,NA,NA,NA,NA,0.4151,5e-4,407,0.6911,0.7857,0,0.1834,0,Bayes-M10-med
Kimvula,Kongo-Central,1,FALSE,2e-4,1e-4,2e-4,2e-4,0.0126,430,3e-4,NA,NA,NA,NA,NA,NA,0.569,6e-4,393,0.8629,0.8784,0,0.5347,0,Bayes-M10-med
Massa,Kongo-Central,1,FALSE,2e-4,2e-4,3e-4,2e-4,0.0191,393,4e-4,NA,NA,NA,NA,NA,NA,0.4223,7e-4,381,0.668,0.9208,0,0.1004,0,Bayes-M10-med
Ngidinga,Kongo-Central,1,FALSE,2e-4,2e-4,3e-4,2e-4,0.0156,411,3e-4,NA,NA,NA,NA,NA,NA,0.4488,6e-4,397,0.6544,0.7432,0,0.3977,0,Bayes-M10-med
Kisanji,Kwango,1,FALSE,2e-4,2e-4,2e-4,2e-4,0.0153,414,3e-4,NA,NA,NA,NA,NA,NA,0.5574,7e-4,376,0.8417,0.6544,0,0.7336,0,Bayes-M10-med
Kasongo Lunda,Kwango,1,FALSE,2e-4,2e-4,3e-4,2e-4,0.0161,407,4e-4,NA,NA,NA,NA,NA,NA,0.3441,5e-4,417,0.6274,0.5946,0,0.1544,0,Bayes-M10-med
Wamba Lwadi,Kwango,1,FALSE,2e-4,2e-4,3e-4,2e-4,0.0174,403,4e-4,NA,NA,NA,NA,NA,NA,0.5492,8e-4,361,0.6467,0.8185,0,0.7317,0,Bayes-M10-med
Kingandu,Kwilu,1,FALSE,2e-4,2e-4,3e-4,2e-4,0.0192,392,4e-4,NA,NA,NA,NA,NA,NA,0.4923,8e-4,365,0.7162,0.6583,0,0.5946,0,Bayes-M10-med
Moanza,Kwilu,1,FALSE,2e-4,2e-4,3e-4,2e-4,0.0168,405,4e-4,NA,NA,NA,NA,NA,NA,0.52,7e-4,375,0.5985,0.529,0,0.9527,0,Bayes-M10-med
Lubudi,Lualaba,1,FALSE,2e-4,2e-4,3e-4,2e-4,0.0195,389,4e-4,NA,NA,NA,NA,NA,NA,0.4667,7e-4,372,0.9151,0.4614,0,0.4903,0,Bayes-M10-med
Banzow Moke,Mai-Ndombe,1,FALSE,2e-4,1e-4,2e-4,2e-4,0.0133,424,3e-4,NA,NA,NA,NA,NA,NA,0.5236,6e-4,399,0.6892,0.5212,0,0.8842,0,Bayes-M10-med
Kiri,Mai-Ndombe,1,FALSE,2e-4,1e-4,2e-4,2e-4,0.0131,426,3e-4,NA,NA,NA,NA,NA,NA,0.5685,6e-4,391,0.8745,0.4768,0,0.9228,0,Bayes-M10-med
Ntandembelo,Mai-Ndombe,1,FALSE,2e-4,1e-4,2e-4,2e-4,0.0128,429,3e-4,NA,NA,NA,NA,NA,NA,0.4595,5e-4,410,0.6023,0.4633,0,0.7722,0,Bayes-M10-med
Oshwe,Mai-Ndombe,1,FALSE,2e-4,2e-4,3e-4,2e-4,0.0181,401,4e-4,NA,NA,NA,NA,NA,NA,0.4855,7e-4,374,0.8764,0.3301,0,0.7355,0,Bayes-M10-med
Yumbi,Mai-Ndombe,1,FALSE,2e-4,1e-4,2e-4,2e-4,0.0131,427,3e-4,NA,NA,NA,NA,NA,NA,0.2741,3e-4,438,0.4131,0.4015,0,0.2819,0,Bayes-M10-med
Bolobo,Mai-Ndombe,1,FALSE,2e-4,1e-4,2e-4,2e-4,0.0135,421,3e-4,NA,NA,NA,NA,NA,NA,0.3388,4e-4,425,0.6313,0.4981,0,0.2259,0,Bayes-M10-med
Bosobe,Mai-Ndombe,1,FALSE,2e-4,1e-4,2e-4,2e-4,0.0135,422,3e-4,NA,NA,NA,NA,NA,NA,0.4406,5e-4,408,0.4942,0.4093,0,0.8591,0,Bayes-M10-med
Kwamouth,Mai-Ndombe,1,FALSE,2e-4,2e-4,2e-4,2e-4,0.0155,413,3e-4,NA,NA,NA,NA,NA,NA,0.43,5e-4,401,0.8707,0.417,0,0.4324,0,Bayes-M10-med
Mushie,Mai-Ndombe,1,FALSE,2e-4,1e-4,2e-4,2e-4,0.0151,415,3e-4,NA,NA,NA,NA,NA,NA,0.4291,5e-4,403,0.7394,0.3649,0,0.612,0,Bayes-M10-med
Nioki,Mai-Ndombe,1,FALSE,2e-4,2e-4,3e-4,2e-4,0.0182,398,4e-4,NA,NA,NA,NA,NA,NA,0.389,6e-4,395,0.61,0.3958,0,0.5502,0,Bayes-M10-med
Tshudi Loto,Sankuru,1,FALSE,2e-4,2e-4,3e-4,2e-4,0.0184,397,4e-4,NA,NA,NA,NA,NA,NA,0.4237,6e-4,387,0.7683,0.0039,0,0.9228,0,Bayes-M10-med
Mbaya,Sud-Ubangi,1,FALSE,2e-4,1e-4,2e-4,2e-4,0.0148,417,3e-4,NA,NA,NA,NA,NA,NA,0.3142,4e-4,424,0.3514,0.2239,0,0.6815,0,Bayes-M10-med
Zongo,Sud-Ubangi,1,FALSE,2e-4,2e-4,3e-4,2e-4,0.0157,410,3e-4,NA,NA,NA,NA,NA,NA,0.2418,3e-4,435,0.278,0.4131,0,0.2761,0,Bayes-M10-med
Wema,Tshuapa,1,FALSE,2e-4,2e-4,3e-4,2e-4,0.019,394,4e-4,NA,NA,NA,NA,NA,NA,0.4469,7e-4,377,0.8494,0.1332,0,0.805,0,Bayes-M10-med
Bolenge,Equateur,1,FALSE,1e-4,1e-4,1e-4,1e-4,0.0068,455,1e-4,NA,NA,NA,NA,NA,NA,0.5391,3e-4,437,0.7954,0.8514,0,0.5097,0,Bayes-M10-med
Bomongo,Equateur,1,FALSE,1e-4,1e-4,2e-4,1e-4,0.0097,447,2e-4,NA,NA,NA,NA,NA,NA,0.5907,5e-4,413,0.9788,0.8475,0,0.5367,0,Bayes-M10-med
Mampoko,Equateur,1,FALSE,1e-4,0,1e-4,1e-4,0.0047,458,1e-4,NA,NA,NA,NA,NA,NA,0.5135,2e-4,452,0.8919,0.5058,0,0.6564,0,Bayes-M10-med
Ntondo,Equateur,1,FALSE,1e-4,0,1e-4,1e-4,0.0045,459,1e-4,NA,NA,NA,NA,NA,NA,0.6125,2e-4,448,0.8996,0.7259,0,0.8243,0,Bayes-M10-med
Kilela Balanda,Haut-Katanga,1,FALSE,1e-4,1e-4,1e-4,1e-4,0.0092,449,2e-4,NA,NA,NA,NA,NA,NA,0.3132,2e-4,447,0.9228,0.0927,0,0.2375,0,Bayes-M10-med
Kashobwe,Haut-Katanga,1,FALSE,1e-4,1e-4,2e-4,1e-4,0.0109,437,2e-4,NA,NA,NA,NA,NA,NA,0.3243,3e-4,439,0.805,0.3012,0,0.1911,0,Bayes-M10-med
Katuba,Haut-Katanga,1,FALSE,1e-4,1e-4,2e-4,1e-4,0.0114,433,3e-4,NA,NA,NA,NA,NA,NA,0.0463,0,462,0.0502,0.0309,0,0.1042,0,Bayes-M10-med
Vangu,Haut-Katanga,1,FALSE,1e-4,1e-4,1e-4,1e-4,0.0073,453,2e-4,NA,NA,NA,NA,NA,NA,0.1081,1e-4,461,0.1158,0.1699,0,0.1467,0,Bayes-M10-med
Baka,Haut-Lomami,1,FALSE,1e-4,1e-4,2e-4,1e-4,0.0109,438,2e-4,NA,NA,NA,NA,NA,NA,0.4319,4e-4,423,0.4344,0.8919,0,0.4015,0,Bayes-M10-med
Bobozo,Kasaï-Central,1,FALSE,1e-4,1e-4,2e-4,1e-4,0.0099,445,2e-4,NA,NA,NA,NA,NA,NA,0.2336,2e-4,453,0.1602,0.2857,0,0.4884,0,Bayes-M10-med
Boma Bungu,Kongo-Central,1,FALSE,1e-4,1e-4,1e-4,1e-4,0.0092,450,2e-4,NA,NA,NA,NA,NA,NA,0.3209,2e-4,446,0.5811,0.5676,0,0.1351,0,Bayes-M10-med
Kinkonzi,Kongo-Central,1,FALSE,1e-4,1e-4,2e-4,1e-4,0.0094,448,2e-4,NA,NA,NA,NA,NA,NA,0.4252,3e-4,430,0.6236,0.8958,0,0.1815,0,Bayes-M10-med
Kizu,Kongo-Central,1,FALSE,1e-4,1e-4,2e-4,1e-4,0.0109,439,2e-4,NA,NA,NA,NA,NA,NA,0.3113,3e-4,442,0.2973,0.8707,0,0.0772,0,Bayes-M10-med
Kuimba,Kongo-Central,1,FALSE,1e-4,1e-4,2e-4,1e-4,0.01,444,2e-4,NA,NA,NA,NA,NA,NA,0.3069,3e-4,444,0.3784,0.8456,0,0.0039,0,Bayes-M10-med
Tshela,Kongo-Central,1,FALSE,1e-4,1e-4,2e-4,1e-4,0.0104,442,2e-4,NA,NA,NA,NA,NA,NA,0.3282,3e-4,441,0.417,0.888,0,0.0077,0,Bayes-M10-med
Vaku,Kongo-Central,1,FALSE,1e-4,1e-4,1e-4,1e-4,0.0071,454,2e-4,NA,NA,NA,NA,NA,NA,0.4194,2e-4,445,0.5676,0.9421,0,0.168,0,Bayes-M10-med
Kibunzi,Kongo-Central,1,FALSE,1e-4,1e-4,1e-4,1e-4,0.0054,456,1e-4,NA,NA,NA,NA,NA,NA,0.4175,2e-4,454,0.7046,0.5251,0,0.4402,0,Bayes-M10-med
Mangembo,Kongo-Central,1,FALSE,1e-4,1e-4,2e-4,1e-4,0.0104,441,2e-4,NA,NA,NA,NA,NA,NA,0.3726,3e-4,433,0.5598,0.6641,0,0.2664,0,Bayes-M10-med
Kimpangu,Kongo-Central,1,FALSE,1e-4,1e-4,2e-4,1e-4,0.0112,434,2e-4,NA,NA,NA,NA,NA,NA,0.4488,4e-4,420,0.7085,0.9344,0,0.1525,0,Bayes-M10-med
Nselo,Kongo-Central,1,FALSE,1e-4,1e-4,2e-4,1e-4,0.0099,446,2e-4,NA,NA,NA,NA,NA,NA,0.374,3e-4,436,0.6564,0.5347,0,0.305,0,Bayes-M10-med
Sona Bata,Kongo-Central,1,FALSE,1e-4,1e-4,1e-4,1e-4,0.0082,452,2e-4,NA,NA,NA,NA,NA,NA,0.43,3e-4,440,0.7259,0.7896,0,0.2046,0,Bayes-M10-med
Kajiji,Kwango,1,FALSE,1e-4,1e-4,2e-4,1e-4,0.0111,436,2e-4,NA,NA,NA,NA,NA,NA,0.3533,3e-4,431,0.7934,0.1544,0,0.4653,0,Bayes-M10-med
Tembo,Kwango,1,FALSE,1e-4,1e-4,1e-4,1e-4,0.0083,451,2e-4,NA,NA,NA,NA,NA,NA,0.3205,2e-4,449,0.7876,0.3977,0,0.0965,0,Bayes-M10-med
Kitenda,Kwango,1,FALSE,1e-4,1e-4,2e-4,1e-4,0.0101,443,2e-4,NA,NA,NA,NA,NA,NA,0.376,3e-4,434,0.6641,0.4247,0,0.4151,0,Bayes-M10-med
Mwela Lembwa,Kwango,1,FALSE,1e-4,1e-4,2e-4,1e-4,0.0117,432,3e-4,NA,NA,NA,NA,NA,NA,0.4397,4e-4,418,0.6506,0.3224,0,0.7857,0,Bayes-M10-med
Bunkeya,Lualaba,1,FALSE,1e-4,1e-4,2e-4,1e-4,0.0105,440,2e-4,NA,NA,NA,NA,NA,NA,0.4218,4e-4,426,0.8243,0.5019,0,0.361,0,Bayes-M10-med
Mutshatsha,Lualaba,1,FALSE,1e-4,1e-4,1e-4,1e-4,0.0053,457,1e-4,NA,NA,NA,NA,NA,NA,0.3808,2e-4,456,0.971,0.1023,0,0.4498,0,Bayes-M10-med
Pendjwa,Mai-Ndombe,1,FALSE,1e-4,1e-4,2e-4,1e-4,0.0112,435,2e-4,NA,NA,NA,NA,NA,NA,0.4319,4e-4,421,0.7008,0.2124,0,0.8147,0,Bayes-M10-med
Irebu,Equateur,1,FALSE,0,0,0,0,0.0022,464,0,NA,NA,NA,NA,NA,NA,0.5473,1e-4,458,0.9305,0.6776,0,0.5811,0,Bayes-M10-med
Lilanga Bobangi,Equateur,1,FALSE,0,0,0,0,0.0027,462,1e-4,NA,NA,NA,NA,NA,NA,0.4117,1e-4,459,0.9382,0.2664,0,0.4421,0,Bayes-M10-med
Kamalondo,Haut-Katanga,1,FALSE,0,0,0,0,0.0026,463,1e-4,NA,NA,NA,NA,NA,NA,0.0352,0,465,0.029,0.0019,0,0.11,0,Bayes-M10-med
Kowe,Haut-Katanga,1,FALSE,0,0,0,0,0.0029,461,1e-4,NA,NA,NA,NA,NA,NA,0.07,0,464,0.0714,0.0811,0,0.1274,0,Bayes-M10-med
Kitona,Kongo-Central,1,FALSE,0,0,0,0,0.0016,465,0,NA,NA,NA,NA,NA,NA,0.293,0,463,0.5907,0.5792,0,0.0019,0,Bayes-M10-med
Mimia,Mai-Ndombe,1,FALSE,0,0,1e-4,0,0.0038,460,1e-4,NA,NA,NA,NA,NA,NA,0.4841,1e-4,457,0.9614,0.0521,0,0.9228,0,Bayes-M10-med
Bokoro,Mai-Ndombe,1,FALSE,0,0,0,0,0,466,0,NA,NA,NA,NA,NA,NA,0.471,0,466,0.6873,0.5097,0,0.6873,0,Bayes-M10-med
Idjwi,Sud-Kivu,1,FALSE,0,0,0,0,0,466,0,NA,NA,NA,NA,NA,NA,0.3007,0,467,0.2992,0.8224,0,0.0811,0,Bayes-M10-med
Boma Mangbetu,Haut-Uele,1,TRUE,NA,NA,NA,NA,NA,NA,NA,NA,NA,NA,NA,NA,NA,0.4122,NA,NA,0.2857,0.5039,0,0.8591,0,Bayes-M10-med
Isiro,Haut-Uele,1,TRUE,NA,NA,NA,NA,NA,NA,NA,NA,NA,NA,NA,NA,NA,0.5253,NA,NA,0.39,0.7587,0,0.9527,0,Bayes-M10-med
Pawa,Haut-Uele,1,TRUE,NA,NA,NA,NA,NA,NA,NA,NA,NA,NA,NA,NA,NA,0.4315,NA,NA,0.2934,0.5734,0,0.8591,0,Bayes-M10-med
Rungu,Haut-Uele,1,TRUE,NA,NA,NA,NA,NA,NA,NA,NA,NA,NA,NA,NA,NA,0.6474,NA,NA,0.8224,0.8031,0,0.9643,0,Bayes-M10-med
Wamba,Haut-Uele,1,TRUE,NA,NA,NA,NA,NA,NA,NA,NA,NA,NA,NA,NA,NA,0.4817,NA,NA,0.6737,0.4363,0,0.8166,0,Bayes-M10-med
Adja,Ituri,1,TRUE,NA,NA,NA,NA,NA,NA,NA,NA,NA,NA,NA,NA,NA,0.2645,NA,NA,0.249,0.4286,0,0.3803,0,Bayes-M10-med
Ariwara,Ituri,1,TRUE,NA,NA,NA,NA,NA,NA,NA,NA,NA,NA,NA,NA,NA,0.2862,NA,NA,0.1988,0.6988,0,0.2471,0,Bayes-M10-med
Aru,Ituri,1,TRUE,NA,NA,NA,NA,NA,NA,NA,NA,NA,NA,NA,NA,NA,0.3528,NA,NA,0.3012,0.8417,0,0.2683,0,Bayes-M10-med
Aungba,Ituri,1,TRUE,NA,NA,NA,NA,NA,NA,NA,NA,NA,NA,NA,NA,NA,0.3354,NA,NA,0.3108,0.6564,0,0.3745,0,Bayes-M10-med
Kambala,Ituri,1,TRUE,NA,NA,NA,NA,NA,NA,NA,NA,NA,NA,NA,NA,NA,0.347,NA,NA,0.3668,0.612,0,0.4093,0,Bayes-M10-med
Logo,Ituri,1,TRUE,NA,NA,NA,NA,NA,NA,NA,NA,NA,NA,NA,NA,NA,0.2384,NA,NA,0.1757,0.5927,0,0.1853,0,Bayes-M10-med
Mahagi,Ituri,1,TRUE,NA,NA,NA,NA,NA,NA,NA,NA,NA,NA,NA,NA,NA,0.2292,NA,NA,0.1718,0.6004,0,0.1448,0,Bayes-M10-med
Rimba,Ituri,1,TRUE,NA,NA,NA,NA,NA,NA,NA,NA,NA,NA,NA,NA,NA,0.306,NA,NA,0.2008,0.7124,0,0.3108,0,Bayes-M10-med
Bambu,Ituri,1,TRUE,NA,NA,NA,NA,NA,NA,NA,NA,NA,NA,NA,NA,NA,0.2399,NA,NA,0.2046,0.4691,0,0.2857,0,Bayes-M10-med
Boga,Ituri,1,TRUE,NA,NA,NA,NA,NA,NA,NA,NA,NA,NA,NA,NA,NA,0.264,NA,NA,0.3861,0.36870000000000003,0,0.3012,0,Bayes-M10-med
Bunia,Ituri,1,TRUE,NA,NA,NA,NA,NA,NA,NA,NA,NA,NA,NA,NA,NA,0.2326,NA,NA,0.1178,0.5637,0,0.249,0,Bayes-M10-med
Damas,Ituri,1,TRUE,NA,NA,NA,NA,NA,NA,NA,NA,NA,NA,NA,NA,NA,0.3224,NA,NA,0.4479,0.3282,0,0.5135,0,Bayes-M10-med
Drodro,Ituri,1,TRUE,NA,NA,NA,NA,NA,NA,NA,NA,NA,NA,NA,NA,NA,0.2674,NA,NA,0.2066,0.5907,0,0.2722,0,Bayes-M10-med
Fataki,Ituri,1,TRUE,NA,NA,NA,NA,NA,NA,NA,NA,NA,NA,NA,NA,NA,0.3185,NA,NA,0.2259,0.7201,0,0.3282,0,Bayes-M10-med
Gety,Ituri,1,TRUE,NA,NA,NA,NA,NA,NA,NA,NA,NA,NA,NA,NA,NA,0.2592,NA,NA,0.3359,0.2973,0,0.4035,0,Bayes-M10-med
Kilo,Ituri,1,TRUE,NA,NA,NA,NA,NA,NA,NA,NA,NA,NA,NA,NA,NA,0.1448,NA,NA,0.2201,0.0502,0,0.3089,0,Bayes-M10-med
Komanda,Ituri,1,TRUE,NA,NA,NA,NA,NA,NA,NA,NA,NA,NA,NA,NA,NA,0.2341,NA,NA,0.3089,0.1197,0,0.5077,0,Bayes-M10-med
Lita,Ituri,1,TRUE,NA,NA,NA,NA,NA,NA,NA,NA,NA,NA,NA,NA,NA,0.306,NA,NA,0.2761,0.7046,0,0.2432,0,Bayes-M10-med
Lolwa,Ituri,1,TRUE,NA,NA,NA,NA,NA,NA,NA,NA,NA,NA,NA,NA,NA,0.3205,NA,NA,0.6429,0,0,0.639,0,Bayes-M10-med
Mambasa,Ituri,1,TRUE,NA,NA,NA,NA,NA,NA,NA,NA,NA,NA,NA,NA,NA,0.4324,NA,NA,0.8842,0.2625,0,0.583,0,Bayes-M10-med
Mandima,Ituri,1,TRUE,NA,NA,NA,NA,NA,NA,NA,NA,NA,NA,NA,NA,NA,0.2659,NA,NA,0.4846,0.2896,0,0.2896,0,Bayes-M10-med
Mangala,Ituri,1,TRUE,NA,NA,NA,NA,NA,NA,NA,NA,NA,NA,NA,NA,NA,0.3021,NA,NA,0.305,0.6158,0,0.2876,0,Bayes-M10-med
Mongbwalu,Ituri,1,TRUE,NA,NA,NA,NA,NA,NA,NA,NA,NA,NA,NA,NA,NA,0.2616,NA,NA,0.4112,0.1834,0,0.4517,0,Bayes-M10-med
Nia Nia,Ituri,1,TRUE,NA,NA,NA,NA,NA,NA,NA,NA,NA,NA,NA,NA,NA,0.2978,NA,NA,0.666,0.0212,0,0.5039,0,Bayes-M10-med
Nizi,Ituri,1,TRUE,NA,NA,NA,NA,NA,NA,NA,NA,NA,NA,NA,NA,NA,0.1771,NA,NA,0.1544,0.3378,0,0.2162,0,Bayes-M10-med
Nyankunde,Ituri,1,TRUE,NA,NA,NA,NA,NA,NA,NA,NA,NA,NA,NA,NA,NA,0.2514,NA,NA,0.2838,0.2432,0,0.4788,0,Bayes-M10-med
Rwampara,Ituri,1,TRUE,NA,NA,NA,NA,NA,NA,NA,NA,NA,NA,NA,NA,NA,0.319,NA,NA,0.2375,0.7452,0,0.2934,0,Bayes-M10-med
Tchomia,Ituri,1,TRUE,NA,NA,NA,NA,NA,NA,NA,NA,NA,NA,NA,NA,NA,0.1998,NA,NA,0.2104,0.3745,0,0.2143,0,Bayes-M10-med
Beni,Nord-Kivu,1,TRUE,NA,NA,NA,NA,NA,NA,NA,NA,NA,NA,NA,NA,NA,0.1559,NA,NA,0.1525,0.2297,0,0.2413,0,Bayes-M10-med
Butembo,Nord-Kivu,1,TRUE,NA,NA,NA,NA,NA,NA,NA,NA,NA,NA,NA,NA,NA,0.1829,NA,NA,0.1139,0.388,0,0.2297,0,Bayes-M10-med
Kalunguta,Nord-Kivu,1,TRUE,NA,NA,NA,NA,NA,NA,NA,NA,NA,NA,NA,NA,NA,0.1559,NA,NA,0.195,0.2066,0,0.222,0,Bayes-M10-med
Katwa,Nord-Kivu,1,TRUE,NA,NA,NA,NA,NA,NA,NA,NA,NA,NA,NA,NA,NA,0.1998,NA,NA,0.0869,0.4846,0,0.2278,0,Bayes-M10-med
Kyondo,Nord-Kivu,1,TRUE,NA,NA,NA,NA,NA,NA,NA,NA,NA,NA,NA,NA,NA,0.3238,NA,NA,0.2954,0.7973,0,0.2027,0,Bayes-M10-med
Lubero,Nord-Kivu,1,TRUE,NA,NA,NA,NA,NA,NA,NA,NA,NA,NA,NA,NA,NA,0.4585,NA,NA,0.5734,0.9382,0,0.3224,0,Bayes-M10-med
Mabalako,Nord-Kivu,1,TRUE,NA,NA,NA,NA,NA,NA,NA,NA,NA,NA,NA,NA,NA,0.1573,NA,NA,0.1931,0.2046,0,0.2317,0,Bayes-M10-med
Masereka,Nord-Kivu,1,TRUE,NA,NA,NA,NA,NA,NA,NA,NA,NA,NA,NA,NA,NA,0.36870000000000003,NA,NA,0.2548,0.9807,0,0.2394,0,Bayes-M10-med
Musienene,Nord-Kivu,1,TRUE,NA,NA,NA,NA,NA,NA,NA,NA,NA,NA,NA,NA,NA,0.319,NA,NA,0.2645,0.7317,0,0.2799,0,Bayes-M10-med
Oicha,Nord-Kivu,1,TRUE,NA,NA,NA,NA,NA,NA,NA,NA,NA,NA,NA,NA,NA,0.3364,NA,NA,0.3243,0.7606,0,0.2606,0,Bayes-M10-med
Vuhovi,Nord-Kivu,1,TRUE,NA,NA,NA,NA,NA,NA,NA,NA,NA,NA,NA,NA,NA,0.2611,NA,NA,0.2027,0.6178,0,0.2239,0,Bayes-M10-med
Goma,Nord-Kivu,1,TRUE,NA,NA,NA,NA,NA,NA,NA,NA,NA,NA,NA,NA,NA,0.2669,NA,NA,0.1274,0.8977,0,0.0425,0,Bayes-M10-med
Miti Murhesa,Sud-Kivu,1,TRUE,NA,NA,NA,NA,NA,NA,NA,NA,NA,NA,NA,NA,NA,0.3277,NA,NA,0.2355,0.9131,0,0.1622,0,Bayes-M10-med
Bafwasende,Tshopo,1,TRUE,NA,NA,NA,NA,NA,NA,NA,NA,NA,NA,NA,NA,NA,0.4546,NA,NA,0.9073,0.2413,0,0.6699,0,Bayes-M10-med
Kabondo,Tshopo,1,TRUE,NA,NA,NA,NA,NA,NA,NA,NA,NA,NA,NA,NA,NA,0.18,NA,NA,0.1911,0.2722,0,0.2568,0,Bayes-M10-med
Lubunga (Tshopo),Tshopo,1,TRUE,NA,NA,NA,NA,NA,NA,NA,NA,NA,NA,NA,NA,NA,0.2288,NA,NA,0.2452,0.3436,0,0.3263,0,Bayes-M10-med
Makiso Kisangani,Tshopo,1,TRUE,NA,NA,NA,NA,NA,NA,NA,NA,NA,NA,NA,NA,NA,0.2355,NA,NA,0.1332,0.5309,0,0.278,0,Bayes-M10-med
Mangobo,Tshopo,1,TRUE,NA,NA,NA,NA,NA,NA,NA,NA,NA,NA,NA,NA,NA,0.2061,NA,NA,0.0792,0.4382,0,0.3069,0,Bayes-M10-med
Wanierukula,Tshopo,1,TRUE,NA,NA,NA,NA,NA,NA,NA,NA,NA,NA,NA,NA,NA,0.473,NA,NA,0.8436,0.5521,0,0.4961,0,Bayes-M10-med
Rethy,Ituri,2,FALSE,0.8143,0.7377,0.8859,1.7169,68.0168,1,1,3.6589,1,NA,NA,NA,NA,0.2703,0.9297,2,0.2143,0.6081,0,0.2587,0,Bayes-M10-med
Watsa,Haut-Uele,2,FALSE,0.4935,0.4139,0.5796,0.6856,27.1599,2,0.606,NA,NA,NA,NA,2.7654,1,0.4797,1,1,0.7297,0.8436,0,0.3456,0,Bayes-M10-med
Nyarambe,Ituri,2,FALSE,0.4137,0.3421,0.493,0.5373,21.2844,3,0.5081,1.145,2,NA,NA,NA,NA,0.1805,0.3154,12,0.1699,0.4595,0,0.0927,0,Bayes-M10-med
Gombari,Haut-Uele,2,FALSE,0.3636,0.2981,0.4369,0.4543,17.9955,4,0.4465,NA,NA,NA,NA,1.8323,2,0.5772,0.8865,3,0.9633,0.8012,0,0.5444,0,Bayes-M10-med
Biringi,Ituri,2,FALSE,0.3222,0.2625,0.3897,0.3907,15.4768,5,0.3957,0.8326,3,NA,NA,NA,NA,0.3494,0.4756,6,0.3958,0.4865,0,0.5154,0,Bayes-M10-med
Kayna,Nord-Kivu,2,FALSE,0.3034,0.2464,0.368,0.363,14.3807,6,0.3725,NA,NA,2.9885,1,NA,NA,0.3113,0.3989,8,0.2278,0.6332,0,0.3842,0,Bayes-M10-med
Mutwanga,Nord-Kivu,2,FALSE,0.2917,0.2366,0.3545,0.3463,13.7202,7,0.3583,NA,NA,2.8512,2,NA,NA,0.2408,0.2968,13,0.2606,0.4672,0,0.2355,0,Bayes-M10-med
Biena,Nord-Kivu,2,FALSE,0.2699,0.2182,0.3291,0.3158,12.5095,8,0.3315,NA,NA,2.5996,3,NA,NA,0.2013,0.2295,17,0.251,0.166,0,0.388,0,Bayes-M10-med
Makoro,Haut-Uele,2,FALSE,0.247,0.1989,0.3022,0.2846,11.2757,9,0.3033,NA,NA,NA,NA,1.1481,3,0.3822,0.3988,9,0.556,0.5483,0,0.4247,0,Bayes-M10-med
Adi,Ituri,2,FALSE,0.2412,0.1941,0.2953,0.2769,10.9691,10,0.2962,0.5901,4,NA,NA,NA,NA,0.3977,0.4052,7,0.2587,0.7104,0,0.6216,0,Bayes-M10-med
Viadana,Bas-Uele,2,FALSE,0.2193,0.1759,0.2693,0.2482,9.8338,11,0.2693,NA,NA,NA,NA,NA,NA,0.6846,0.6341,4,0.9131,0.9788,0,0.8465,0,Bayes-M10-med
Angumu,Ituri,2,FALSE,0.2169,0.174,0.2665,0.2452,9.7142,12,0.2664,0.5226,5,NA,NA,NA,NA,0.11,0.1008,34,0.1641,0.1641,0,0.112,0,Bayes-M10-med
Dungu,Haut-Uele,2,FALSE,0.2141,0.1716,0.2632,0.2416,9.5707,13,0.2629,NA,NA,NA,NA,0.9745,4,0.5275,0.477,5,0.8726,0.5598,0,0.6776,0,Bayes-M10-med
Linga,Ituri,2,FALSE,0.2039,0.1632,0.251,0.2286,9.0559,14,0.2504,0.4872,6,NA,NA,NA,NA,0.2148,0.1849,22,0.1969,0.3417,0,0.3205,0,Bayes-M10-med
Jiba,Ituri,2,FALSE,0.1912,0.1528,0.2358,0.2127,8.4275,15,0.2348,0.4534,7,NA,NA,NA,NA,0.1651,0.1333,26,0.1815,0.1274,0,0.3514,0,Bayes-M10-med
Karisimbi,Nord-Kivu,2,FALSE,0.1843,0.1471,0.2275,0.2042,8.0881,16,0.2263,NA,NA,1.6808,4,NA,NA,0.1597,0.1243,28,0.0907,0.5154,0,0.0328,0,Bayes-M10-med
Manguredjipa,Nord-Kivu,2,FALSE,0.1683,0.1341,0.2082,0.1847,7.3177,17,0.2067,NA,NA,1.5207,5,NA,NA,0.3475,0.2471,15,0.778,0.0579,0,0.5541,0,Bayes-M10-med
Rutshuru,Nord-Kivu,2,FALSE,0.1637,0.1303,0.2026,0.1791,7.0949,18,0.201,NA,NA,1.4744,6,NA,NA,0.3721,0.2572,14,0.4093,0.9942,0,0.0849,0,Bayes-M10-med
Nyiragongo,Nord-Kivu,2,FALSE,0.1573,0.1251,0.1949,0.1715,6.7942,19,0.1932,NA,NA,1.4119,7,NA,NA,0.2891,0.1921,21,0.2432,0.8764,0,0.0367,0,Bayes-M10-med
Niangara,Haut-Uele,2,FALSE,0.1557,0.1238,0.1929,0.1695,6.7156,20,0.1911,NA,NA,NA,NA,0.6838,5,0.5512,0.3624,10,0.8031,0.4324,0,0.9691,0,Bayes-M10-med
Alimbongo,Nord-Kivu,2,FALSE,0.136,0.10780000000000001,0.1689,0.1464,5.7995,21,0.167,NA,NA,1.2052,8,NA,NA,0.4262,0.2448,16,0.5849,0.7471,0,0.3726,0,Bayes-M10-med
Laybo,Ituri,2,FALSE,0.1353,0.1073,0.1682,0.1456,5.7696,22,0.1662,0.3104,8,NA,NA,NA,NA,0.3393,0.1939,19,0.3069,0.556,0,0.4942,0,Bayes-M10-med
Poko,Bas-Uele,2,FALSE,0.1179,0.0933,0.1469,0.1257,4.9787,23,0.1448,NA,NA,NA,NA,NA,NA,0.7271,0.3622,11,0.9923,0.9517,0,0.9643,0,Bayes-M10-med
Rwanguba,Nord-Kivu,2,FALSE,0.1148,0.0908,0.143,0.1221,4.8378,24,0.141,NA,NA,1.0053,9,NA,NA,0.2442,0.1184,29,0.2085,0.7027,0,0.0656,0,Bayes-M10-med
Kibirizi,Nord-Kivu,2,FALSE,0.1091,0.0862,0.136,0.1157,4.5824,25,0.134,NA,NA,0.9523,10,NA,NA,0.4175,0.1924,20,0.5405,0.8552,0,0.2741,0,Bayes-M10-med
Kirotshe,Nord-Kivu,2,FALSE,0.1059,0.0837,0.1322,0.1121,4.4421,26,0.1301,NA,NA,0.9231,11,NA,NA,0.3842,0.1719,23,0.3764,0.9961,0,0.1641,0,Bayes-M10-med
Tshopo,Tshopo,2,FALSE,0.0983,0.0776,0.1228,0.1036,4.1049,27,0.1207,NA,NA,NA,NA,NA,NA,0.2466,0.1024,33,0.361,0.334,0,0.2915,0,Bayes-M10-med
Nsele,Kinshasa,2,FALSE,0.0914,0.072,0.1142,0.0959,3.7999,28,0.1122,NA,NA,NA,NA,NA,NA,0.1583,0.0611,44,0.139,0.3996,0,0.0946,0,Bayes-M10-med
Gombe,Kinshasa,2,FALSE,0.0897,0.0707,0.1121,0.0941,3.7265,29,0.1101,NA,NA,NA,NA,NA,NA,0.1622,0.0614,43,0.0695,0.5695,0,0.0097,0,Bayes-M10-med
Kamango,Nord-Kivu,2,FALSE,0.0803,0.0632,0.1005,0.0838,3.3204,30,0.0986,NA,NA,0.69,12,NA,NA,0.4373,0.1484,25,0.6583,0.917,0,0.1737,0,Bayes-M10-med
Ganga,Bas-Uele,2,FALSE,0.0721,0.0567,0.0904,0.075,2.9692,31,0.0886,NA,NA,NA,NA,NA,NA,0.7218,0.22,18,0.9672,0.9556,0,0.9643,0,Bayes-M10-med
Ibanda,Sud-Kivu,2,FALSE,0.0706,0.0555,0.0885,0.0733,2.9038,32,0.0867,NA,NA,NA,NA,NA,NA,0.2307,0.0688,41,0.083,0.6216,0,0.2181,0,Bayes-M10-med
Limete,Kinshasa,2,FALSE,0.07,0.055,0.0877,0.0726,2.8774,33,0.086,NA,NA,NA,NA,NA,NA,0.056,0.0166,85,0.0405,0.1371,0,0.0463,0,Bayes-M10-med
Faradje,Haut-Uele,2,FALSE,0.0685,0.0538,0.0859,0.071,2.8133,34,0.0841,NA,NA,NA,NA,0.2864,6,0.4474,0.1294,27,0.7606,0.666,0,0.3629,0,Bayes-M10-med
Bambo,Nord-Kivu,2,FALSE,0.066,0.0519,0.0827,0.0683,2.7066,35,0.081,NA,NA,0.5625,13,NA,NA,0.3962,0.1104,31,0.5521,0.9073,0,0.1255,0,Bayes-M10-med
Aba,Haut-Uele,2,FALSE,0.0649,0.051,0.0814,0.0671,2.66,36,0.0797,NA,NA,NA,NA,0.2708,7,0.569,0.156,24,0.6004,0.6853,0,0.9903,0,Bayes-M10-med
Binza Ozone,Kinshasa,2,FALSE,0.0641,0.0504,0.0804,0.0663,2.6263,37,0.0787,NA,NA,NA,NA,NA,NA,0.152,0.0412,53,0.0734,0.5232,0,0.0116,0,Bayes-M10-med
Kokolo,Kinshasa,2,FALSE,0.0631,0.0496,0.0792,0.0652,2.5845,38,0.0775,NA,NA,NA,NA,NA,NA,0.2172,0.0579,47,0.0772,0.7722,0,0.0193,0,Bayes-M10-med
Lingwala,Kinshasa,2,FALSE,0.0628,0.0494,0.0788,0.0649,2.5729,39,0.0772,NA,NA,NA,NA,NA,NA,0.0323,0.0086,115,0.0232,0.0907,0,0.0154,0,Bayes-M10-med
Banalia,Tshopo,2,FALSE,0.0597,0.0469,0.0749,0.0616,2.441,40,0.0733,NA,NA,NA,NA,NA,NA,0.4242,0.107,32,0.7799,0.1178,0,0.7992,0,Bayes-M10-med
Katana,Sud-Kivu,2,FALSE,0.0574,0.045,0.072,0.0591,2.3416,41,0.0704,NA,NA,NA,NA,NA,NA,0.3224,0.0781,39,0.2471,0.9112,0,0.1313,0,Bayes-M10-med
Kalamu 1,Kinshasa,2,FALSE,0.0562,0.0441,0.0705,0.0578,2.2913,42,0.069,NA,NA,NA,NA,NA,NA,0.0309,0.0073,124,0.0193,0.0734,0,0.0309,0,Bayes-M10-med
Kasa Vubu,Kinshasa,2,FALSE,0.0561,0.044,0.0704,0.0578,2.2885,44,0.0689,NA,NA,NA,NA,NA,NA,0.0444,0.0105,107,0.0309,0.1216,0,0.0251,0,Bayes-M10-med
Kinshasa,Kinshasa,2,FALSE,0.0561,0.0441,0.0705,0.0578,2.29,43,0.0689,NA,NA,NA,NA,NA,NA,0.0203,0.0048,155,0.0135,0.0463,0,0.0212,0,Bayes-M10-med
Binza,Nord-Kivu,2,FALSE,0.0553,0.0434,0.0694,0.0569,2.2533,45,0.0679,NA,NA,0.4683,14,NA,NA,0.3518,0.0821,38,0.471,0.8378,0,0.0985,0,Bayes-M10-med
Kadutu,Sud-Kivu,2,FALSE,0.0529,0.0415,0.0665,0.0544,2.1564,46,0.065,NA,NA,NA,NA,NA,NA,0.1636,0.0366,57,0.0579,0.3861,0,0.2104,0,Bayes-M10-med
Minova,Sud-Kivu,2,FALSE,0.0524,0.0411,0.0658,0.0538,2.1317,47,0.0643,NA,NA,NA,NA,NA,NA,0.3866,0.0855,36,0.4421,0.9826,0,0.1216,0,Bayes-M10-med
Mweso,Nord-Kivu,2,FALSE,0.0501,0.0393,0.063,0.0514,2.0379,48,0.0615,NA,NA,0.4235,15,NA,NA,0.4189,0.0887,35,0.4498,0.9614,0,0.2645,0,Bayes-M10-med
Lemba,Kinshasa,2,FALSE,0.0499,0.0391,0.0627,0.0512,2.0285,49,0.0613,NA,NA,NA,NA,NA,NA,0.1023,0.0216,73,0.0483,0.3069,0,0.0541,0,Bayes-M10-med
Masina 1,Kinshasa,2,FALSE,0.0496,0.0389,0.0623,0.0509,2.0146,50,0.0609,NA,NA,NA,NA,NA,NA,0.0193,0.004,175,0.0077,0.0077,0,0.0618,0,Bayes-M10-med
Kintambo,Kinshasa,2,FALSE,0.0494,0.0387,0.062,0.0506,2.0063,51,0.0606,NA,NA,NA,NA,NA,NA,0.0338,0.007,129,0.0212,0.1004,0,0.0135,0,Bayes-M10-med
Masisi,Nord-Kivu,2,FALSE,0.0448,0.0351,0.0563,0.0458,1.8153,52,0.055,NA,NA,0.3772,16,NA,NA,0.4402,0.0832,37,0.4324,0.9575,0,0.3707,0,Bayes-M10-med
Kabare,Sud-Kivu,2,FALSE,0.0445,0.0348,0.0559,0.0455,1.8025,53,0.0546,NA,NA,NA,NA,NA,NA,0.3567,0.067,42,0.2394,0.9884,0,0.1988,0,Bayes-M10-med
Masina 2,Kinshasa,2,FALSE,0.0427,0.0334,0.0536,0.0436,1.7278,54,0.0524,NA,NA,NA,NA,NA,NA,0.0265,0.0048,156,0.0174,0.0193,0,0.0695,0,Bayes-M10-med
Bandalungwa,Kinshasa,2,FALSE,0.0425,0.0333,0.0535,0.0435,1.7226,55,0.0522,NA,NA,NA,NA,NA,NA,0.0709,0.0127,93,0.0328,0.2336,0,0.0174,0,Bayes-M10-med
Buta,Bas-Uele,2,FALSE,0.0373,0.0292,0.0469,0.038,1.5051,56,0.0458,NA,NA,NA,NA,NA,NA,0.7225,0.1137,30,0.9749,0.9923,0,0.9228,0,Bayes-M10-med
Binza Meteo,Kinshasa,2,FALSE,0.0366,0.0287,0.0461,0.0373,1.4787,57,0.045,NA,NA,NA,NA,NA,NA,0.2558,0.0396,54,0.0965,0.8996,0,0.027,0,Bayes-M10-med
Kikimi,Kinshasa,2,FALSE,0.0359,0.0281,0.0452,0.0366,1.4499,58,0.0441,NA,NA,NA,NA,NA,NA,0.0835,0.0127,95,0.056,0.1911,0,0.0869,0,Bayes-M10-med
Matete,Kinshasa,2,FALSE,0.0357,0.0279,0.0449,0.0363,1.4394,59,0.0438,NA,NA,NA,NA,NA,NA,0.0492,0.0074,122,0.0251,0.1158,0,0.056,0,Bayes-M10-med
Barumbu,Kinshasa,2,FALSE,0.0356,0.0278,0.0448,0.0362,1.4355,60,0.0437,NA,NA,NA,NA,NA,NA,0.014,0.0021,263,0.0097,0.0232,0,0.0232,0,Bayes-M10-med
Bafwagbogbo,Tshopo,2,FALSE,0.035,0.0274,0.044,0.0356,1.4114,61,0.043,NA,NA,NA,NA,NA,NA,0.3948,0.0583,46,0.8591,0.027,0,0.6931,0,Bayes-M10-med
Bengamisa,Tshopo,2,FALSE,0.0334,0.0261,0.042,0.0339,1.3448,62,0.041,NA,NA,NA,NA,NA,NA,0.3012,0.0424,51,0.612,0.2162,0,0.3764,0,Bayes-M10-med
Mont Ngafula 1,Kinshasa,2,FALSE,0.03,0.0235,0.0378,0.0305,1.2088,63,0.0369,NA,NA,NA,NA,NA,NA,0.2066,0.0262,65,0.1371,0.6313,0,0.0579,0,Bayes-M10-med
Uvira,Sud-Kivu,2,FALSE,0.0299,0.0234,0.0377,0.0304,1.2041,64,0.0367,NA,NA,NA,NA,NA,NA,0.5502,0.0695,40,0.2181,0.9846,0,0.9981,0,Bayes-M10-med
Mont Ngafula 2,Kinshasa,2,FALSE,0.0295,0.0231,0.0372,0.03,1.1875,65,0.0363,NA,NA,NA,NA,NA,NA,0.0951,0.0119,102,0.0849,0.2568,0,0.0386,0,Bayes-M10-med
Selembao,Kinshasa,2,FALSE,0.0294,0.023,0.0371,0.0299,1.1836,66,0.0361,NA,NA,NA,NA,NA,NA,0.0676,0.0084,116,0.0444,0.1815,0,0.0444,0,Bayes-M10-med
Katoyi,Nord-Kivu,2,FALSE,0.0292,0.0228,0.0368,0.0296,1.1739,67,0.0358,NA,NA,0.244,17,NA,NA,0.4542,0.056,49,0.4614,0.9595,0,0.3958,0,Bayes-M10-med
Ndjili,Kinshasa,2,FALSE,0.029,0.0227,0.0366,0.0295,1.167,68,0.0356,NA,NA,NA,NA,NA,NA,0.0487,0.006,140,0.027,0.1042,0,0.0637,0,Bayes-M10-med
Kingabwa,Kinshasa,2,FALSE,0.0288,0.0226,0.0363,0.0293,1.1597,69,0.0354,NA,NA,NA,NA,NA,NA,0.0478,0.0058,143,0.0425,0.0965,0,0.0521,0,Bayes-M10-med
Ngiri Ngiri,Kinshasa,2,FALSE,0.0286,0.0224,0.036,0.029,1.1491,70,0.0351,NA,NA,NA,NA,NA,NA,0.028,0.0034,194,0.0154,0.0676,0,0.029,0,Bayes-M10-med
Police,Kinshasa,2,FALSE,0.0285,0.0223,0.0358,0.0289,1.1441,71,0.0349,NA,NA,NA,NA,NA,NA,0.0478,0.0057,144,0.0463,0.0772,0,0.0676,0,Bayes-M10-med
Kalehe,Sud-Kivu,2,FALSE,0.0257,0.0201,0.0324,0.0261,1.0336,72,0.0316,NA,NA,NA,NA,NA,NA,0.3369,0.0366,56,0.3417,0.8649,0,0.1409,0,Bayes-M10-med
Ruzizi,Sud-Kivu,2,FALSE,0.0255,0.0199,0.0321,0.0258,1.0216,73,0.0313,NA,NA,NA,NA,NA,NA,0.5627,0.0605,45,0.3494,0.9093,0,0.9923,0,Bayes-M10-med
Birambizo,Nord-Kivu,2,FALSE,0.024,0.0188,0.0303,0.0243,0.963,74,0.0295,NA,NA,0.2001,18,NA,NA,0.3625,0.0368,55,0.4035,0.89,0,0.1564,0,Bayes-M10-med
Walikale,Nord-Kivu,2,FALSE,0.0237,0.0185,0.0298,0.024,0.9494,75,0.0291,NA,NA,0.1973,19,NA,NA,0.5729,0.0573,48,0.9459,0.9286,0,0.417,0,Bayes-M10-med
Nyemba,Tanganyika,2,FALSE,0.0235,0.0184,0.0296,0.0238,0.943,76,0.0289,NA,NA,NA,NA,NA,NA,0.3456,0.0343,60,0.5965,0.4556,0,0.3301,0,Bayes-M10-med
Yakusu,Tshopo,2,FALSE,0.0234,0.0183,0.0295,0.0237,0.9381,77,0.0287,NA,NA,NA,NA,NA,NA,0.319,0.0315,62,0.4208,0.2085,0,0.6467,0,Bayes-M10-med
Walungu,Sud-Kivu,2,FALSE,0.0227,0.0178,0.0287,0.023,0.9115,78,0.0279,NA,NA,NA,NA,NA,NA,0.3248,0.0312,63,0.1853,0.8803,0,0.2336,0,Bayes-M10-med
Maluku 1,Kinshasa,2,FALSE,0.0221,0.0173,0.0279,0.0224,0.8857,79,0.0271,NA,NA,NA,NA,NA,NA,0.2321,0.0217,71,0.3475,0.4517,0,0.1293,0,Bayes-M10-med
Lubutu,Maniema,2,FALSE,0.0218,0.017,0.0274,0.022,0.8715,80,0.0267,NA,NA,NA,NA,NA,NA,0.4706,0.0432,50,0.8205,0.2819,0,0.7799,0,Bayes-M10-med
Kingasani,Kinshasa,2,FALSE,0.0217,0.017,0.0274,0.022,0.8705,81,0.0267,NA,NA,NA,NA,NA,NA,0.0294,0.0027,224,0.0058,0.0405,0,0.0714,0,Bayes-M10-med
Nyantende,Sud-Kivu,2,FALSE,0.0216,0.0169,0.0273,0.0219,0.8671,82,0.0266,NA,NA,NA,NA,NA,NA,0.3219,0.0294,64,0.1486,0.8938,0,0.2452,0,Bayes-M10-med
Isangi,Tshopo,2,FALSE,0.0198,0.0154,0.0249,0.02,0.7905,83,0.0243,NA,NA,NA,NA,NA,NA,0.3837,0.032,61,0.4054,0.4073,0,0.722,0,Bayes-M10-med
Bagira,Sud-Kivu,2,FALSE,0.0191,0.0149,0.0241,0.0193,0.7654,84,0.0235,NA,NA,NA,NA,NA,NA,0.236,0.0191,79,0.1004,0.6371,0,0.2066,0,Bayes-M10-med
Fizi,Sud-Kivu,2,FALSE,0.0177,0.0138,0.0223,0.0179,0.708,85,0.0217,NA,NA,NA,NA,NA,NA,0.5637,0.0422,52,0.7432,0.9691,0,0.5425,0,Bayes-M10-med
Lubumbashi,Haut-Katanga,2,FALSE,0.0161,0.0125,0.0203,0.0162,0.6414,86,0.0197,NA,NA,NA,NA,NA,NA,0.1105,0.0075,118,0.1081,0.2104,0,0.1236,0,Bayes-M10-med
Lemera,Sud-Kivu,2,FALSE,0.0154,0.012,0.0194,0.0155,0.6133,87,0.0189,NA,NA,NA,NA,NA,NA,0.5613,0.0364,58,0.3629,0.9015,0,0.9807,0,Bayes-M10-med
Makala,Kinshasa,2,FALSE,0.0147,0.0114,0.0185,0.0148,0.585,89,0.018,NA,NA,NA,NA,NA,NA,0.0246,0.0015,301,0.0116,0.0386,0,0.0483,0,Bayes-M10-med
Mubumbano,Sud-Kivu,2,FALSE,0.0147,0.0115,0.0186,0.0148,0.5875,88,0.0181,NA,NA,NA,NA,NA,NA,0.3658,0.0227,68,0.2683,0.9402,0,0.2548,0,Bayes-M10-med
Pinga,Nord-Kivu,2,FALSE,0.0146,0.0114,0.0184,0.0147,0.5813,90,0.0179,NA,NA,0.1208,20,NA,NA,0.57,0.0351,59,0.9595,0.7548,0,0.5656,0,Bayes-M10-med
Kalamu 2,Kinshasa,2,FALSE,0.0144,0.0113,0.0182,0.0145,0.576,91,0.0177,NA,NA,NA,NA,NA,NA,0.015,9e-4,376,0.0039,0.0154,0,0.0405,0,Bayes-M10-med
Kindu,Maniema,2,FALSE,0.0144,0.0112,0.0181,0.0145,0.5731,92,0.0176,NA,NA,NA,NA,NA,NA,0.3181,0.0193,78,0.1351,0.2529,0,0.8842,0,Bayes-M10-med
Nyangezi,Sud-Kivu,2,FALSE,0.0139,0.0108,0.0175,0.014,0.5527,93,0.017,NA,NA,NA,NA,NA,NA,0.36870000000000003,0.0216,72,0.222,0.8842,0,0.36870000000000003,0,Bayes-M10-med
Kalemie,Tanganyika,2,FALSE,0.0128,0.01,0.0161,0.0129,0.5101,94,0.0157,NA,NA,NA,NA,NA,NA,0.3789,0.0205,75,0.6718,0.4575,0,0.3861,0,Bayes-M10-med
Basoko,Tshopo,2,FALSE,0.0123,0.0096,0.0155,0.0124,0.49,95,0.0151,NA,NA,NA,NA,NA,NA,0.3012,0.0156,87,0.5077,0.3147,0,0.3822,0,Bayes-M10-med
Mwana,Sud-Kivu,2,FALSE,0.0121,0.0094,0.0153,0.0122,0.4817,96,0.0148,NA,NA,NA,NA,NA,NA,0.3731,0.019,80,0.2896,0.9035,0,0.2992,0,Bayes-M10-med
Kaniola,Sud-Kivu,2,FALSE,0.0118,0.0092,0.0149,0.0119,0.4709,97,0.0145,NA,NA,NA,NA,NA,NA,0.4513,0.0225,70,0.5328,0.9305,0,0.3417,0,Bayes-M10-med
Bunyakiri,Sud-Kivu,2,FALSE,0.011,0.0085,0.0138,0.011,0.4364,98,0.0135,NA,NA,NA,NA,NA,NA,0.4517,0.0209,74,0.6197,0.832,0,0.3552,0,Bayes-M10-med
Opienge,Tshopo,2,FALSE,0.0109,0.0085,0.0138,0.011,0.4341,99,0.0134,NA,NA,NA,NA,NA,NA,0.4445,0.0205,76,0.9556,0.0135,0,0.8089,0,Bayes-M10-med
Kasongo,Maniema,2,FALSE,0.0101,0.0079,0.0128,0.0102,0.4025,100,0.0124,NA,NA,NA,NA,NA,NA,0.5304,0.0226,69,0.4459,0.7529,0,0.9228,0,Bayes-M10-med
Doruma,Haut-Uele,2,FALSE,0.0096,0.0075,0.0121,0.0096,0.3808,102,0.0117,NA,NA,NA,NA,0.0388,8,0.6216,0.0251,66,0.973,0.5135,0,1,0,Bayes-M10-med
Lisala,Mongala,2,FALSE,0.0096,0.0075,0.0122,0.0097,0.384,101,0.0118,NA,NA,NA,NA,NA,NA,0.4093,0.0167,84,0.4286,0.4402,0,0.7683,0,Bayes-M10-med
Manika,Lualaba,2,FALSE,0.009,0.007,0.0114,0.009,0.3584,104,0.0111,NA,NA,NA,NA,NA,NA,0.1149,0.0044,163,0.0946,0.222,0,0.1429,0,Bayes-M10-med
Ubundu,Tshopo,2,FALSE,0.009,0.007,0.0113,0.009,0.3572,105,0.011,NA,NA,NA,NA,NA,NA,0.4744,0.018,81,0.9054,0.4305,0,0.5618,0,Bayes-M10-med
Yabaondo,Tshopo,2,FALSE,0.009,0.007,0.0114,0.0091,0.359,103,0.0111,NA,NA,NA,NA,NA,NA,0.3523,0.0134,90,0.4363,0.305,0,0.668,0,Bayes-M10-med
Mumbunda,Haut-Katanga,2,FALSE,0.0089,0.0069,0.0112,0.0089,0.354,106,0.0109,NA,NA,NA,NA,NA,NA,0.1853,0.007,130,0.1197,0.5077,0,0.1139,0,Bayes-M10-med
Yamaluka,Mongala,2,FALSE,0.0083,0.0065,0.0105,0.0084,0.3314,107,0.0102,NA,NA,NA,NA,NA,NA,0.1974,0.0069,131,0.2799,0.1448,0,0.3649,0,Bayes-M10-med
Kisenso,Kinshasa,2,FALSE,0.0081,0.0063,0.0102,0.0081,0.3204,108,0.0099,NA,NA,NA,NA,NA,NA,0.0589,0.002,269,0.0367,0.139,0,0.0598,0,Bayes-M10-med
Kipushi,Haut-Katanga,2,FALSE,0.008,0.0062,0.01,0.008,0.3162,109,0.0098,NA,NA,NA,NA,NA,NA,0.1216,0.0041,172,0.2703,0.1081,0,0.1081,0,Bayes-M10-med
Titule,Bas-Uele,2,FALSE,0.0079,0.0062,0.01,0.0079,0.3138,112,0.0097,NA,NA,NA,NA,NA,NA,0.6839,0.0228,67,0.9865,0.8263,0,0.9228,0,Bayes-M10-med
Tshamilemba,Haut-Katanga,2,FALSE,0.0079,0.0062,0.01,0.008,0.315,111,0.0097,NA,NA,NA,NA,NA,NA,0.0772,0.0026,232,0.0656,0.1255,0,0.1178,0,Bayes-M10-med
Biyela,Kinshasa,2,FALSE,0.0079,0.0062,0.01,0.008,0.3155,110,0.0097,NA,NA,NA,NA,NA,NA,0.1076,0.0036,188,0.0637,0.2838,0,0.083,0,Bayes-M10-med
Kimbanseke,Kinshasa,2,FALSE,0.0078,0.0061,0.0099,0.0078,0.3109,113,0.0096,NA,NA,NA,NA,NA,NA,0.0526,0.0017,285,0.0521,0.0849,0,0.0734,0,Bayes-M10-med
Mbandaka,Equateur,2,FALSE,0.0077,0.006,0.0097,0.0077,0.3058,115,0.0094,NA,NA,NA,NA,NA,NA,0.5164,0.0168,83,0.6409,0.9633,0,0.4614,0,Bayes-M10-med
Maluku 2,Kinshasa,2,FALSE,0.0077,0.006,0.0097,0.0077,0.3055,116,0.0094,NA,NA,NA,NA,NA,NA,0.4184,0.0136,89,0.6834,0.5463,0,0.444,0,Bayes-M10-med
Nundu,Sud-Kivu,2,FALSE,0.0077,0.006,0.0098,0.0078,0.3079,114,0.0095,NA,NA,NA,NA,NA,NA,0.5927,0.0194,77,0.527,0.8494,0,0.9942,0,Bayes-M10-med
Bumbu,Kinshasa,2,FALSE,0.0075,0.0059,0.0095,0.0075,0.2984,117,0.0092,NA,NA,NA,NA,NA,NA,0.0164,5e-4,421,0.0019,0.029,0,0.0347,0,Bayes-M10-med
Ngaba,Kinshasa,2,FALSE,0.0074,0.0058,0.0094,0.0074,0.2946,118,0.0091,NA,NA,NA,NA,NA,NA,0.014,4e-4,429,0,0.0058,0,0.0502,0,Bayes-M10-med
Kibua,Nord-Kivu,2,FALSE,0.0074,0.0058,0.0093,0.0074,0.2936,119,0.0091,NA,NA,0.061,21,NA,NA,0.5154,0.0161,86,0.7741,0.6602,0,0.6274,0,Bayes-M10-med
Kunda,Maniema,2,FALSE,0.0073,0.0057,0.0092,0.0073,0.289,120,0.0089,NA,NA,NA,NA,NA,NA,0.4165,0.0128,92,0.4633,0.2799,0,0.9228,0,Bayes-M10-med
Kalonge,Sud-Kivu,2,FALSE,0.0071,0.0055,0.009,0.0071,0.2828,121,0.0087,NA,NA,NA,NA,NA,NA,0.404,0.0121,97,0.4961,0.8359,0,0.2838,0,Bayes-M10-med
Yaleko,Tshopo,2,FALSE,0.0068,0.0053,0.0085,0.0068,0.2688,122,0.0083,NA,NA,NA,NA,NA,NA,0.402,0.0115,103,0.639,0.2452,0,0.7239,0,Bayes-M10-med
Saramabila,Maniema,2,FALSE,0.0063,0.0049,0.0079,0.0063,0.2497,123,0.0077,NA,NA,NA,NA,NA,NA,0.4768,0.0127,96,0.473,0.5502,0,0.8842,0,Bayes-M10-med
Kongolo,Tanganyika,2,FALSE,0.0061,0.0048,0.0078,0.0062,0.244,124,0.0075,NA,NA,NA,NA,NA,NA,0.6829,0.0177,82,0.8861,0.9228,0,0.9228,0,Bayes-M10-med
Kabinda,Lomami,2,FALSE,0.0059,0.0046,0.0075,0.0059,0.2346,125,0.0072,NA,NA,NA,NA,NA,NA,0.4382,0.0109,104,0.5097,0.5541,0,0.6892,0,Bayes-M10-med
Kaziba,Sud-Kivu,2,FALSE,0.0057,0.0045,0.0072,0.0057,0.2272,126,0.007,NA,NA,NA,NA,NA,NA,0.3571,0.0086,114,0.2876,0.7838,0,0.3571,0,Bayes-M10-med
Kitutu,Sud-Kivu,2,FALSE,0.0056,0.0044,0.0071,0.0056,0.2223,128,0.0069,NA,NA,NA,NA,NA,NA,0.5024,0.0119,101,0.751,0.805,0,0.4537,0,Bayes-M10-med
Shabunda,Sud-Kivu,2,FALSE,0.0056,0.0044,0.0071,0.0056,0.2237,127,0.0069,NA,NA,NA,NA,NA,NA,0.5922,0.0141,88,0.8378,0.8726,0,0.6583,0,Bayes-M10-med
Kimbi Lulenge,Sud-Kivu,2,FALSE,0.0055,0.0043,0.0069,0.0055,0.2171,129,0.0067,NA,NA,NA,NA,NA,NA,0.5507,0.0127,94,0.8475,0.8687,0,0.4865,0,Bayes-M10-med
Bonzola,Kasaï-Oriental,2,FALSE,0.0052,0.004,0.0065,0.0052,0.2048,130,0.0063,NA,NA,NA,NA,NA,NA,0.2958,0.0064,134,0.0927,0.7934,0,0.2973,0,Bayes-M10-med
Itebero,Nord-Kivu,2,FALSE,0.0051,0.004,0.0065,0.0051,0.2032,132,0.0063,NA,NA,0.0422,22,NA,NA,0.5574,0.012,98,0.9112,0.722,0,0.5965,0,Bayes-M10-med
Kalole,Sud-Kivu,2,FALSE,0.0051,0.0039,0.0064,0.0051,0.201,133,0.0062,NA,NA,NA,NA,NA,NA,0.6038,0.0129,91,0.89,0.7799,0,0.7452,0,Bayes-M10-med
Mwenga,Sud-Kivu,2,FALSE,0.0051,0.004,0.0065,0.0051,0.2038,131,0.0063,NA,NA,NA,NA,NA,NA,0.319,0.0069,132,0.5,0.3552,0,0.4208,0,Bayes-M10-med
Kamituga,Sud-Kivu,2,FALSE,0.0049,0.0038,0.0062,0.0049,0.1944,134,0.006,NA,NA,NA,NA,NA,NA,0.3596,0.0074,121,0.3938,0.6062,0,0.4382,0,Bayes-M10-med
Mulungu,Sud-Kivu,2,FALSE,0.0049,0.0038,0.0062,0.0049,0.1936,135,0.006,NA,NA,NA,NA,NA,NA,0.5208,0.0107,106,0.861,0.5193,0,0.7027,0,Bayes-M10-med
Mbulula,Tanganyika,2,FALSE,0.0048,0.0037,0.006,0.0048,0.1899,136,0.0059,NA,NA,NA,NA,NA,NA,0.5934,0.012,99,0.6448,0.7761,0,0.9527,0,Bayes-M10-med
Djolu,Tshuapa,2,FALSE,0.0045,0.0035,0.0057,0.0046,0.1804,137,0.0056,NA,NA,NA,NA,NA,NA,0.5256,0.0101,109,0.7104,0.5985,0,0.7934,0,Bayes-M10-med
Kabalo,Tanganyika,2,FALSE,0.0045,0.0035,0.0057,0.0045,0.179,138,0.0055,NA,NA,NA,NA,NA,NA,0.624,0.0119,100,0.9035,0.7568,0,0.8359,0,Bayes-M10-med
Kampene,Maniema,2,FALSE,0.0043,0.0033,0.0054,0.0043,0.1701,140,0.0053,NA,NA,NA,NA,NA,NA,0.3962,0.0072,128,0.5251,0.1757,0,0.8842,0,Bayes-M10-med
Kalima,Maniema,2,FALSE,0.0043,0.0034,0.0054,0.0043,0.1709,139,0.0053,NA,NA,NA,NA,NA,NA,0.3094,0.0056,146,0.4595,0.3205,0,0.4575,0,Bayes-M10-med
Yahuma,Tshopo,2,FALSE,0.0042,0.0033,0.0053,0.0042,0.1676,141,0.0052,NA,NA,NA,NA,NA,NA,0.4402,0.0079,117,0.8649,0.332,0,0.5637,0,Bayes-M10-med
Yambuku,Mongala,2,FALSE,0.0041,0.0032,0.0052,0.0041,0.1621,142,0.005,NA,NA,NA,NA,NA,NA,0.4344,0.0075,119,0.5483,0.5753,0,0.6139,0,Bayes-M10-med
Nyunzu,Tanganyika,2,FALSE,0.0041,0.0032,0.0051,0.0041,0.1615,143,0.005,NA,NA,NA,NA,NA,NA,0.6023,0.0103,108,0.9653,0.834,0,0.61,0,Bayes-M10-med
Kasansa,Kasaï-Oriental,2,FALSE,0.004,0.0031,0.0051,0.004,0.1592,144,0.0049,NA,NA,NA,NA,NA,NA,0.3349,0.0057,145,0.2568,0.6699,0,0.4131,0,Bayes-M10-med
Kananga,Kasaï-Central,2,FALSE,0.0038,0.003,0.0049,0.0039,0.1528,145,0.0047,NA,NA,NA,NA,NA,NA,0.2963,0.0048,153,0.1429,0.5579,0,0.4846,0,Bayes-M10-med
Mulumba,Lomami,2,FALSE,0.0038,0.003,0.0048,0.0038,0.1505,146,0.0047,NA,NA,NA,NA,NA,NA,0.2587,0.0041,171,0.1834,0.3108,0,0.5405,0,Bayes-M10-med
Punia,Maniema,2,FALSE,0.0038,0.0029,0.0048,0.0038,0.1493,147,0.0046,NA,NA,NA,NA,NA,NA,0.3731,0.0059,141,0.7625,0.1969,0,0.5328,0,Bayes-M10-med
Nzaba,Kasaï-Oriental,2,FALSE,0.0037,0.0029,0.0046,0.0037,0.1455,149,0.0045,NA,NA,NA,NA,NA,NA,0.278,0.0043,165,0.1042,0.6931,0,0.3147,0,Bayes-M10-med
Lusangi,Maniema,2,FALSE,0.0037,0.0029,0.0046,0.0037,0.1452,150,0.0045,NA,NA,NA,NA,NA,NA,0.4223,0.0065,133,0.5656,0.2645,0,0.8591,0,Bayes-M10-med
Lodja,Sankuru,2,FALSE,0.0037,0.0029,0.0047,0.0037,0.1463,148,0.0045,NA,NA,NA,NA,NA,NA,0.4626,0.0072,127,0.2625,0.6351,0,0.9527,0,Bayes-M10-med
Ango,Bas-Uele,2,FALSE,0.0036,0.0028,0.0046,0.0036,0.1433,152,0.0044,NA,NA,NA,NA,NA,NA,0.7095,0.0108,105,1,0.8591,0,0.9788,0,Bayes-M10-med
Lulingu,Sud-Kivu,2,FALSE,0.0036,0.0028,0.0046,0.0036,0.1443,151,0.0045,NA,NA,NA,NA,NA,NA,0.6158,0.0095,111,0.9093,0.8108,0,0.7432,0,Bayes-M10-med
Yahisuli,Tshopo,2,FALSE,0.0036,0.0028,0.0046,0.0036,0.1432,153,0.0044,NA,NA,NA,NA,NA,NA,0.3521,0.0054,148,0.3842,0.0714,0,0.9527,0,Bayes-M10-med
Manono,Tanganyika,2,FALSE,0.0036,0.0028,0.0046,0.0036,0.143,154,0.0044,NA,NA,NA,NA,NA,NA,0.5758,0.0088,113,0.8784,0.9537,0,0.471,0,Bayes-M10-med
Aketi,Bas-Uele,2,FALSE,0.0035,0.0027,0.0044,0.0035,0.1377,156,0.0043,NA,NA,NA,NA,NA,NA,0.6762,0.0099,110,0.9903,0.9363,0,0.778,0,Bayes-M10-med
Tshilenge,Kasaï-Oriental,2,FALSE,0.0035,0.0027,0.0044,0.0035,0.1394,155,0.0043,NA,NA,NA,NA,NA,NA,0.2799,0.0042,170,0.1892,0.668,0,0.2625,0,Bayes-M10-med
Kailo,Maniema,2,FALSE,0.0034,0.0026,0.0043,0.0034,0.1345,158,0.0042,NA,NA,NA,NA,NA,NA,0.4276,0.0061,136,0.832,0.0946,0,0.7838,0,Bayes-M10-med
Samba,Maniema,2,FALSE,0.0034,0.0027,0.0043,0.0034,0.1355,157,0.0042,NA,NA,NA,NA,NA,NA,0.5179,0.0075,120,0.7529,0.4344,0,0.8842,0,Bayes-M10-med
Haut Plateau,Sud-Kivu,2,FALSE,0.0033,0.0026,0.0042,0.0033,0.1325,159,0.0041,NA,NA,NA,NA,NA,NA,0.5246,0.0074,123,0.5714,0.5444,0,0.9826,0,Bayes-M10-med
Minembwe,Sud-Kivu,2,FALSE,0.0033,0.0026,0.0042,0.0033,0.1309,162,0.0041,NA,NA,NA,NA,NA,NA,0.5198,0.0072,125,0.7181,0.8089,0,0.5521,0,Bayes-M10-med
Opala,Tshopo,2,FALSE,0.0033,0.0026,0.0042,0.0033,0.1317,160,0.0041,NA,NA,NA,NA,NA,NA,0.4269,0.006,139,0.7819,0.0792,0,0.8465,0,Bayes-M10-med
Moba,Tanganyika,2,FALSE,0.0033,0.0026,0.0042,0.0033,0.1309,161,0.0041,NA,NA,NA,NA,NA,NA,0.3808,0.0053,149,0.6178,0.4942,0,0.4112,0,Bayes-M10-med
Kabongo,Haut-Lomami,2,FALSE,0.0032,0.0025,0.004,0.0032,0.1265,165,0.0039,NA,NA,NA,NA,NA,NA,0.5372,0.0072,126,0.8108,0.778,0,0.5598,0,Bayes-M10-med
Luputa,Lomami,2,FALSE,0.0032,0.0025,0.004,0.0032,0.1268,164,0.0039,NA,NA,NA,NA,NA,NA,0.3431,0.0046,157,0.3301,0.3166,0,0.7259,0,Bayes-M10-med
Mweneditu,Lomami,2,FALSE,0.0032,0.0025,0.004,0.0032,0.1269,163,0.0039,NA,NA,NA,NA,NA,NA,0.2799,0.0038,182,0.166,0.3842,0,0.5695,0,Bayes-M10-med
Bondo,Bas-Uele,2,FALSE,0.0031,0.0024,0.004,0.0031,0.1246,166,0.0039,NA,NA,NA,NA,NA,NA,0.6737,0.0089,112,0.9961,0.9981,0,0.7008,0,Bayes-M10-med
Bumba,Mongala,2,FALSE,0.0031,0.0024,0.0039,0.0031,0.1227,168,0.0038,NA,NA,NA,NA,NA,NA,0.2384,0.0031,200,0.1409,0.4537,0,0.3591,0,Bayes-M10-med
Lolo,Mongala,2,FALSE,0.0031,0.0024,0.004,0.0031,0.1242,167,0.0038,NA,NA,NA,NA,NA,NA,0.3161,0.0042,168,0.4073,0.3263,0,0.5309,0,Bayes-M10-med
Lubao,Lomami,2,FALSE,0.0029,0.0023,0.0037,0.0029,0.1162,169,0.0036,NA,NA,NA,NA,NA,NA,0.3982,0.0049,152,0.6486,0.1525,0,0.7915,0,Bayes-M10-med
Kabeya Kamwanga,Kasaï-Oriental,2,FALSE,0.0028,0.0022,0.0036,0.0028,0.1125,170,0.0035,NA,NA,NA,NA,NA,NA,0.2968,0.0036,189,0.3224,0.3919,0,0.473,0,Bayes-M10-med
Kamina,Haut-Lomami,2,FALSE,0.0027,0.0021,0.0034,0.0027,0.1069,172,0.0033,NA,NA,NA,NA,NA,NA,0.5164,0.0059,142,0.8301,0.8301,0,0.4054,0,Bayes-M10-med
Diulu,Kasaï-Oriental,2,FALSE,0.0027,0.0021,0.0034,0.0027,0.1072,171,0.0033,NA,NA,NA,NA,NA,NA,0.2611,0.003,209,0.0676,0.6448,0,0.332,0,Bayes-M10-med
Kitenge,Haut-Lomami,2,FALSE,0.0026,0.002,0.0033,0.0026,0.1033,174,0.0032,NA,NA,NA,NA,NA,NA,0.5729,0.0063,135,0.8668,0.8069,0,0.6178,0,Bayes-M10-med
Lukelenge,Kasaï-Oriental,2,FALSE,0.0026,0.002,0.0033,0.0026,0.1038,173,0.0032,NA,NA,NA,NA,NA,NA,0.2249,0.0025,238,0.0811,0.5,0,0.3185,0,Bayes-M10-med
Malemba Nkulu,Haut-Lomami,2,FALSE,0.0025,0.0019,0.0031,0.0025,0.0975,178,0.003,NA,NA,NA,NA,NA,NA,0.3895,0.004,174,0.36870000000000003,0.7664,0,0.4228,0,Bayes-M10-med
Kaniama,Haut-Lomami,2,FALSE,0.0025,0.0019,0.0031,0.0025,0.0973,179,0.003,NA,NA,NA,NA,NA,NA,0.582,0.006,137,0.8533,0.6622,0,0.8127,0,Bayes-M10-med
Ngandajika,Lomami,2,FALSE,0.0025,0.0019,0.0031,0.0025,0.0978,177,0.003,NA,NA,NA,NA,NA,NA,0.3465,0.0036,186,0.2124,0.4459,0,0.7278,0,Bayes-M10-med
Kabambare,Maniema,2,FALSE,0.0025,0.002,0.0032,0.0026,0.101,175,0.0031,NA,NA,NA,NA,NA,NA,0.3953,0.0043,166,0.8359,0.112,0,0.6332,0,Bayes-M10-med
Lingomo,Tshuapa,2,FALSE,0.0025,0.002,0.0032,0.0025,0.1001,176,0.0031,NA,NA,NA,NA,NA,NA,0.5627,0.006,138,0.8263,0.5869,0,0.8378,0,Bayes-M10-med
Cilundu,Kasaï-Oriental,2,FALSE,0.0024,0.0018,0.003,0.0024,0.0933,182,0.0029,NA,NA,NA,NA,NA,NA,0.221,0.0022,257,0.2317,0.3089,0,0.3436,0,Bayes-M10-med
Citenge,Kasaï-Oriental,2,FALSE,0.0024,0.0019,0.0031,0.0024,0.0967,180,0.003,NA,NA,NA,NA,NA,NA,0.2321,0.0024,247,0.1583,0.4749,0,0.2954,0,Bayes-M10-med
Tshofa,Lomami,2,FALSE,0.0024,0.0019,0.003,0.0024,0.0956,181,0.003,NA,NA,NA,NA,NA,NA,0.4416,0.0045,158,0.6757,0.3514,0,0.7394,0,Bayes-M10-med
Demba,Kasaï-Central,2,FALSE,0.0023,0.0018,0.003,0.0024,0.0931,183,0.0029,NA,NA,NA,NA,NA,NA,0.4117,0.0041,173,0.4653,0.7143,0,0.4672,0,Bayes-M10-med
Mikalayi,Kasaï-Central,2,FALSE,0.0023,0.0018,0.0029,0.0023,0.091,185,0.0028,NA,NA,NA,NA,NA,NA,0.3948,0.0038,181,0.4517,0.5811,0,0.5463,0,Bayes-M10-med
Bibanga,Kasaï-Oriental,2,FALSE,0.0023,0.0018,0.0029,0.0023,0.0906,186,0.0028,NA,NA,NA,NA,NA,NA,0.2978,0.0029,217,0.3127,0.4884,0,0.39,0,Bayes-M10-med
Idiofa,Kwilu,2,FALSE,0.0023,0.0018,0.003,0.0023,0.0931,184,0.0029,NA,NA,NA,NA,NA,NA,0.486,0.0048,154,0.4537,0.749,0,0.7413,0,Bayes-M10-med
Kibombo,Maniema,2,FALSE,0.0023,0.0018,0.0029,0.0023,0.0899,188,0.0028,NA,NA,NA,NA,NA,NA,0.4614,0.0044,160,0.7452,0.1776,0,0.9228,0,Bayes-M10-med
Ikela,Tshuapa,2,FALSE,0.0023,0.0018,0.0029,0.0023,0.0904,187,0.0028,NA,NA,NA,NA,NA,NA,0.4633,0.0045,159,0.8147,0.1795,0,0.8591,0,Bayes-M10-med
Kamwesha,Kasaï,2,FALSE,0.0022,0.0017,0.0028,0.0022,0.0882,189,0.0027,NA,NA,NA,NA,NA,NA,0.2732,0.0026,234,0.3456,0.2876,0,0.4595,0,Bayes-M10-med
Tshikapa,Kasaï,2,FALSE,0.0022,0.0017,0.0028,0.0022,0.0872,193,0.0027,NA,NA,NA,NA,NA,NA,0.3156,0.0029,215,0.2722,0.6506,0,0.3398,0,Bayes-M10-med
Ludimbi Lukula,Lomami,2,FALSE,0.0022,0.0017,0.0028,0.0022,0.0882,190,0.0027,NA,NA,NA,NA,NA,NA,0.4513,0.0042,167,0.6931,0.3475,0,0.7645,0,Bayes-M10-med
Kanda Kanda,Lomami,2,FALSE,0.0022,0.0017,0.0027,0.0022,0.0859,195,0.0027,NA,NA,NA,NA,NA,NA,0.3012,0.0028,222,0.3185,0.1737,0,0.7124,0,Bayes-M10-med
Gemena,Sud-Ubangi,2,FALSE,0.0022,0.0017,0.0028,0.0022,0.0871,194,0.0027,NA,NA,NA,NA,NA,NA,0.3277,0.003,206,0.1776,0.2741,0,0.8591,0,Bayes-M10-med
Boende,Tshuapa,2,FALSE,0.0022,0.0017,0.0028,0.0022,0.0875,192,0.0027,NA,NA,NA,NA,NA,NA,0.4199,0.0039,177,0.6988,0.4807,0,0.5,0,Bayes-M10-med
Kansimba,Tanganyika,2,FALSE,0.0022,0.0017,0.0028,0.0022,0.0881,191,0.0027,NA,NA,NA,NA,NA,NA,0.5497,0.0052,151,0.9479,0.7741,0,0.4768,0,Bayes-M10-med
Lubilanji,Kasaï-Oriental,2,FALSE,0.0021,0.0016,0.0026,0.0021,0.0827,196,0.0026,NA,NA,NA,NA,NA,NA,0.1694,0.0015,310,0.0347,0.3398,0,0.3031,0,Bayes-M10-med
Obokote,Maniema,2,FALSE,0.0021,0.0016,0.0026,0.0021,0.0825,197,0.0026,NA,NA,NA,NA,NA,NA,0.3209,0.0028,218,0.7239,0.0328,0,0.527,0,Bayes-M10-med
Luebo,Kasaï,2,FALSE,0.002,0.0016,0.0025,0.002,0.0789,202,0.0024,NA,NA,NA,NA,NA,NA,0.4353,0.0037,185,0.5232,0.5116,0,0.7066,0,Bayes-M10-med
Dibindi,Kasaï-Oriental,2,FALSE,0.002,0.0016,0.0025,0.002,0.0799,200,0.0025,NA,NA,NA,NA,NA,NA,0.1617,0.0014,325,0.0386,0.2954,0,0.3127,0,Bayes-M10-med
Muya,Kasaï-Oriental,2,FALSE,0.002,0.0016,0.0025,0.002,0.0793,201,0.0025,NA,NA,NA,NA,NA,NA,0.2495,0.0021,262,0.0753,0.5888,0,0.334,0,Bayes-M10-med
Kamana,Lomami,2,FALSE,0.002,0.0016,0.0026,0.002,0.0803,199,0.0025,NA,NA,NA,NA,NA,NA,0.2944,0.0025,236,0.5309,0.0174,0,0.6293,0,Bayes-M10-med
Kalenda,Lomami,2,FALSE,0.002,0.0015,0.0025,0.002,0.0782,203,0.0024,NA,NA,NA,NA,NA,NA,0.2886,0.0024,244,0.388,0.1873,0,0.5792,0,Bayes-M10-med
Katako Kombe,Sankuru,2,FALSE,0.002,0.0015,0.0025,0.002,0.0777,204,0.0024,NA,NA,NA,NA,NA,NA,0.4703,0.0039,178,0.7857,0.1313,0,0.9643,0,Bayes-M10-med
Itombwe,Sud-Kivu,2,FALSE,0.002,0.0016,0.0026,0.002,0.0808,198,0.0025,NA,NA,NA,NA,NA,NA,0.5121,0.0044,161,0.8571,0.6737,0,0.5174,0,Bayes-M10-med
Likati,Bas-Uele,2,FALSE,0.0019,0.0014,0.0023,0.0019,0.0737,216,0.0023,NA,NA,NA,NA,NA,NA,0.7124,0.0056,147,0.9942,0.971,0,0.8842,0,Bayes-M10-med
Mweka,Kasaï,2,FALSE,0.0019,0.0015,0.0024,0.0019,0.0741,215,0.0023,NA,NA,NA,NA,NA,NA,0.5053,0.004,176,0.4788,0.7239,0,0.8185,0,Bayes-M10-med
Luiza,Kasaï-Central,2,FALSE,0.0019,0.0015,0.0024,0.0019,0.0741,214,0.0023,NA,NA,NA,NA,NA,NA,0.4218,0.0033,196,0.4807,0.6293,0,0.5772,0,Bayes-M10-med
Bipemba,Kasaï-Oriental,2,FALSE,0.0019,0.0015,0.0024,0.0019,0.0768,205,0.0024,NA,NA,NA,NA,NA,NA,0.1544,0.0013,334,0.0618,0.2201,0,0.3359,0,Bayes-M10-med
Kansele,Kasaï-Oriental,2,FALSE,0.0019,0.0015,0.0024,0.0019,0.0753,210,0.0023,NA,NA,NA,NA,NA,NA,0.2437,0.002,272,0.0541,0.5965,0,0.3243,0,Bayes-M10-med
Miabi,Kasaï-Oriental,2,FALSE,0.0019,0.0015,0.0024,0.0019,0.0766,206,0.0024,NA,NA,NA,NA,NA,NA,0.2838,0.0023,250,0.2297,0.6525,0,0.2529,0,Bayes-M10-med
Mpokolo,Kasaï-Oriental,2,FALSE,0.0019,0.0015,0.0024,0.0019,0.0747,212,0.0023,NA,NA,NA,NA,NA,NA,0.2901,0.0023,252,0.1255,0.6873,0,0.3475,0,Bayes-M10-med
Tshishimbi,Kasaï-Oriental,2,FALSE,0.0019,0.0015,0.0024,0.0019,0.075,211,0.0023,NA,NA,NA,NA,NA,NA,0.1742,0.0014,320,0.1795,0.2471,0,0.2703,0,Bayes-M10-med
Kalambayi Kabanga,Lomami,2,FALSE,0.0019,0.0015,0.0024,0.0019,0.0743,213,0.0023,NA,NA,NA,NA,NA,NA,0.3132,0.0025,239,0.4556,0.1602,0,0.6371,0,Bayes-M10-med
Yamongili,Mongala,2,FALSE,0.0019,0.0015,0.0024,0.0019,0.0755,208,0.0023,NA,NA,NA,NA,NA,NA,0.3243,0.0026,230,0.5116,0.3668,0,0.4189,0,Bayes-M10-med
Yalimbongo,Tshopo,2,FALSE,0.0019,0.0015,0.0024,0.0019,0.0759,207,0.0023,NA,NA,NA,NA,NA,NA,0.3214,0.0026,231,0.5772,0.0483,0,0.6602,0,Bayes-M10-med
Mondombe,Tshuapa,2,FALSE,0.0019,0.0015,0.0024,0.0019,0.0754,209,0.0023,NA,NA,NA,NA,NA,NA,0.4797,0.0039,180,0.6622,0.3726,0,0.8842,0,Bayes-M10-med
Bili (Bas-Uele),Bas-Uele,2,FALSE,0.0018,0.0014,0.0022,0.0018,0.0705,223,0.0022,NA,NA,NA,NA,NA,NA,0.6926,0.0052,150,0.9981,0.7992,0,0.973,0,Bayes-M10-med
Bena Leka,Kasaï-Central,2,FALSE,0.0018,0.0014,0.0023,0.0018,0.0725,218,0.0022,NA,NA,NA,NA,NA,NA,0.4986,0.0039,179,0.6062,0.7162,0,0.6718,0,Bayes-M10-med
Masuika,Kasaï-Central,2,FALSE,0.0018,0.0014,0.0023,0.0018,0.0719,221,0.0022,NA,NA,NA,NA,NA,NA,0.3885,0.003,210,0.3263,0.5618,0,0.666,0,Bayes-M10-med
Alunguli,Maniema,2,FALSE,0.0018,0.0014,0.0023,0.0018,0.0725,219,0.0022,NA,NA,NA,NA,NA,NA,0.3132,0.0024,243,0.1737,0.195,0,0.8842,0,Bayes-M10-med
Ferekeni,Maniema,2,FALSE,0.0018,0.0014,0.0022,0.0018,0.0703,225,0.0022,NA,NA,NA,NA,NA,NA,0.3504,0.0026,228,0.7722,0.0425,0,0.5869,0,Bayes-M10-med
Vanga Kete,Sankuru,2,FALSE,0.0018,0.0014,0.0023,0.0018,0.0733,217,0.0023,NA,NA,NA,NA,NA,NA,0.4503,0.0035,190,0.4672,0.4112,0,0.9228,0,Bayes-M10-med
Tshumbe,Sankuru,2,FALSE,0.0018,0.0014,0.0022,0.0018,0.0705,224,0.0022,NA,NA,NA,NA,NA,NA,0.3907,0.0029,214,0.5444,0.1718,0,0.8465,0,Bayes-M10-med
Lowa,Tshopo,2,FALSE,0.0018,0.0014,0.0023,0.0018,0.0715,222,0.0022,NA,NA,NA,NA,NA,NA,0.4073,0.0031,201,0.8938,0.0598,0,0.6757,0,Bayes-M10-med
Kiambi,Tanganyika,2,FALSE,0.0018,0.0014,0.0023,0.0018,0.0723,220,0.0022,NA,NA,NA,NA,NA,NA,0.5709,0.0044,162,0.9807,0.6834,0,0.6197,0,Bayes-M10-med
Bukama,Haut-Lomami,2,FALSE,0.0017,0.0013,0.0022,0.0017,0.0683,226,0.0021,NA,NA,NA,NA,NA,NA,0.4764,0.0035,192,0.7143,0.7625,0,0.4286,0,Bayes-M10-med
Mulongo,Haut-Lomami,2,FALSE,0.0017,0.0013,0.0022,0.0017,0.0682,227,0.0021,NA,NA,NA,NA,NA,NA,0.4773,0.0035,191,0.7471,0.7703,0,0.3919,0,Bayes-M10-med
Lusanga,Kwilu,2,FALSE,0.0017,0.0013,0.0021,0.0017,0.0674,228,0.0021,NA,NA,NA,NA,NA,NA,0.4242,0.003,204,0.4382,0.7297,0,0.529,0,Bayes-M10-med
Fungurume,Lualaba,2,FALSE,0.0017,0.0013,0.0021,0.0017,0.0665,230,0.0021,NA,NA,NA,NA,NA,NA,0.1564,0.0011,348,0.2664,0.1622,0,0.1969,0,Bayes-M10-med
Omendjadi,Sankuru,2,FALSE,0.0017,0.0013,0.0021,0.0017,0.067,229,0.0021,NA,NA,NA,NA,NA,NA,0.4262,0.003,205,0.5502,0.2317,0,0.9228,0,Bayes-M10-med
Dikungu,Sankuru,2,FALSE,0.0017,0.0013,0.0021,0.0017,0.0663,231,0.0021,NA,NA,NA,NA,NA,NA,0.3779,0.0027,225,0.4865,0.1409,0,0.8842,0,Bayes-M10-med
Minga,Sankuru,2,FALSE,0.0017,0.0013,0.0021,0.0017,0.0661,232,0.002,NA,NA,NA,NA,NA,NA,0.5347,0.0038,183,0.7838,0.471,0,0.8842,0,Bayes-M10-med
Basali,Tshopo,2,FALSE,0.0017,0.0013,0.0021,0.0017,0.066,233,0.002,NA,NA,NA,NA,NA,NA,0.3779,0.0027,227,0.834,0.0251,0,0.6525,0,Bayes-M10-med
Dibaya,Kasaï-Central,2,FALSE,0.0016,0.0012,0.002,0.0016,0.0627,239,0.0019,NA,NA,NA,NA,NA,NA,0.3325,0.0022,256,0.3147,0.4479,0,0.5676,0,Bayes-M10-med
Tshikaji,Kasaï-Central,2,FALSE,0.0016,0.0012,0.002,0.0016,0.0632,237,0.002,NA,NA,NA,NA,NA,NA,0.3195,0.0022,261,0.1873,0.5849,0,0.5058,0,Bayes-M10-med
Mukumbi,Kasaï-Oriental,2,FALSE,0.0016,0.0012,0.002,0.0016,0.063,238,0.002,NA,NA,NA,NA,NA,NA,0.2249,0.0015,307,0.2413,0.1892,0,0.4691,0,Bayes-M10-med
Bulungu,Kwilu,2,FALSE,0.0016,0.0012,0.002,0.0016,0.0615,241,0.0019,NA,NA,NA,NA,NA,NA,0.4508,0.003,213,0.3571,0.6795,0,0.7664,0,Bayes-M10-med
Karawa,Nord-Ubangi,2,FALSE,0.0016,0.0012,0.002,0.0016,0.0635,235,0.002,NA,NA,NA,NA,NA,NA,0.6404,0.0043,164,0.7568,0.973,0,0.832,0,Bayes-M10-med
Bokungu,Tshuapa,2,FALSE,0.0016,0.0012,0.002,0.0016,0.0634,236,0.002,NA,NA,NA,NA,NA,NA,0.49370000000000003,0.0033,195,0.695,0.3571,0,0.9228,0,Bayes-M10-med
Yalifafu,Tshuapa,2,FALSE,0.0016,0.0012,0.002,0.0016,0.0616,240,0.0019,NA,NA,NA,NA,NA,NA,0.4797,0.0031,198,0.7664,0.2683,0,0.8842,0,Bayes-M10-med
Ankoro,Tanganyika,2,FALSE,0.0016,0.0013,0.0021,0.0016,0.0645,234,0.002,NA,NA,NA,NA,NA,NA,0.6047,0.0042,169,0.9266,0.8282,0,0.6641,0,Bayes-M10-med
Kalonda Ouest,Kasaï,2,FALSE,0.0015,0.0012,0.0019,0.0015,0.0602,246,0.0019,NA,NA,NA,NA,NA,NA,0.2239,0.0014,314,0.2915,0.251,0,0.3533,0,Bayes-M10-med
Ndekesha,Kasaï-Central,2,FALSE,0.0015,0.0011,0.0019,0.0015,0.0582,249,0.0018,NA,NA,NA,NA,NA,NA,0.4059,0.0025,237,0.4768,0.4498,0,0.6969,0,Bayes-M10-med
Vanga,Kwilu,2,FALSE,0.0015,0.0012,0.0019,0.0015,0.0606,244,0.0019,NA,NA,NA,NA,NA,NA,0.5034,0.0032,197,0.3726,0.8205,0,0.8205,0,Bayes-M10-med
Mukedi,Kwilu,2,FALSE,0.0015,0.0012,0.0019,0.0015,0.0611,243,0.0019,NA,NA,NA,NA,NA,NA,0.4836,0.0031,199,0.5367,0.7066,0,0.6911,0,Bayes-M10-med
Kalonda Est,Lomami,2,FALSE,0.0015,0.0012,0.0019,0.0015,0.0591,247,0.0018,NA,NA,NA,NA,NA,NA,0.3292,0.0021,265,0.5425,0.1506,0,0.6236,0,Bayes-M10-med
Dilala,Lualaba,2,FALSE,0.0015,0.0012,0.0019,0.0015,0.0603,245,0.0019,NA,NA,NA,NA,NA,NA,0.1347,9e-4,379,0.1506,0.2548,0,0.1332,0,Bayes-M10-med
Pangi,Maniema,2,FALSE,0.0015,0.0012,0.0019,0.0015,0.0588,248,0.0018,NA,NA,NA,NA,NA,NA,0.3316,0.0021,264,0.6081,0.056,0,0.6622,0,Bayes-M10-med
Ototo,Sankuru,2,FALSE,0.0015,0.0012,0.002,0.0015,0.0612,242,0.0019,NA,NA,NA,NA,NA,NA,0.4561,0.003,211,0.5386,0.3629,0,0.9228,0,Bayes-M10-med
Kabondo Dianda,Haut-Lomami,2,FALSE,0.0014,0.0011,0.0018,0.0014,0.0555,258,0.0017,NA,NA,NA,NA,NA,NA,0.4107,0.0024,242,0.5888,0.5714,0,0.4826,0,Bayes-M10-med
Mukanga,Haut-Lomami,2,FALSE,0.0014,0.0011,0.0018,0.0014,0.0557,257,0.0017,NA,NA,NA,NA,NA,NA,0.4739,0.0028,219,0.6853,0.6911,0,0.5193,0,Bayes-M10-med
Katende,Kasaï-Central,2,FALSE,0.0014,0.0011,0.0018,0.0014,0.0564,253,0.0017,NA,NA,NA,NA,NA,NA,0.5154,0.0031,202,0.6525,0.6486,0,0.7606,0,Bayes-M10-med
Lukonga,Kasaï-Central,2,FALSE,0.0014,0.0011,0.0018,0.0014,0.0552,260,0.0017,NA,NA,NA,NA,NA,NA,0.3282,0.0019,275,0.2239,0.6429,0,0.4459,0,Bayes-M10-med
Luambo,Kasaï-Central,2,FALSE,0.0014,0.0011,0.0018,0.0014,0.0564,252,0.0017,NA,NA,NA,NA,NA,NA,0.3769,0.0023,254,0.5347,0.5656,0,0.4073,0,Bayes-M10-med
Kenge,Kwango,2,FALSE,0.0014,0.0011,0.0018,0.0014,0.0573,250,0.0018,NA,NA,NA,NA,NA,NA,0.5574,0.0034,193,0.6139,0.8127,0,0.8031,0,Bayes-M10-med
Gungu,Kwilu,2,FALSE,0.0014,0.0011,0.0018,0.0014,0.0568,251,0.0018,NA,NA,NA,NA,NA,NA,0.4237,0.0026,235,0.5058,0.6969,0,0.4923,0,Bayes-M10-med
Kikwit Nord,Kwilu,2,FALSE,0.0014,0.0011,0.0018,0.0014,0.0562,254,0.0017,NA,NA,NA,NA,NA,NA,0.2915,0.0017,284,0.1236,0.5405,0,0.5019,0,Bayes-M10-med
Koshibanda,Kwilu,2,FALSE,0.0014,0.0011,0.0018,0.0014,0.0553,259,0.0017,NA,NA,NA,NA,NA,NA,0.4913,0.0029,216,0.5193,0.6757,0,0.7703,0,Bayes-M10-med
Bosondjo,Mongala,2,FALSE,0.0014,0.0011,0.0017,0.0014,0.0541,261,0.0017,NA,NA,NA,NA,NA,NA,0.3489,0.002,268,0.5618,0.1931,0,0.6409,0,Bayes-M10-med
Wembo Nyama,Sankuru,2,FALSE,0.0014,0.0011,0.0018,0.0014,0.056,255,0.0017,NA,NA,NA,NA,NA,NA,0.4097,0.0024,240,0.5019,0.2143,0,0.9228,0,Bayes-M10-med
Bwamanda,Sud-Ubangi,2,FALSE,0.0014,0.0011,0.0018,0.0014,0.0558,256,0.0017,NA,NA,NA,NA,NA,NA,0.4667,0.0028,220,0.4189,0.7394,0,0.7085,0,Bayes-M10-med
Kanzala,Kasaï,2,FALSE,0.0013,0.001,0.0017,0.0013,0.0518,265,0.0016,NA,NA,NA,NA,NA,NA,0.2046,0.0011,347,0.168,0.3127,0,0.3378,0,Bayes-M10-med
Yangala,Kasaï-Central,2,FALSE,0.0013,0.001,0.0016,0.0013,0.0499,268,0.0015,NA,NA,NA,NA,NA,NA,0.348,0.0018,279,0.5927,0.2259,0,0.5734,0,Bayes-M10-med
Makota,Lomami,2,FALSE,0.0013,0.001,0.0017,0.0013,0.0523,264,0.0016,NA,NA,NA,NA,NA,NA,0.2587,0.0014,313,0.1023,0.3764,0,0.556,0,Bayes-M10-med
Tunda,Maniema,2,FALSE,0.0013,0.001,0.0017,0.0013,0.0525,263,0.0016,NA,NA,NA,NA,NA,NA,0.459,0.0026,233,0.8977,0.0541,0,0.8842,0,Bayes-M10-med
Pimu,Mongala,2,FALSE,0.0013,0.001,0.0017,0.0013,0.0529,262,0.0016,NA,NA,NA,NA,NA,NA,0.4257,0.0024,245,0.583,0.3707,0,0.749,0,Bayes-M10-med
Yakoma,Nord-Ubangi,2,FALSE,0.0013,0.001,0.0016,0.0013,0.051,266,0.0016,NA,NA,NA,NA,NA,NA,0.6641,0.0036,187,0.7124,0.9479,0,0.9961,0,Bayes-M10-med
Tandala,Sud-Ubangi,2,FALSE,0.0013,0.001,0.0016,0.0013,0.0502,267,0.0016,NA,NA,NA,NA,NA,NA,0.4078,0.0022,259,0.2741,0.527,0,0.8301,0,Bayes-M10-med
Monga,Bas-Uele,2,FALSE,0.0012,9e-4,0.0015,0.0012,0.047,273,0.0015,NA,NA,NA,NA,NA,NA,0.7336,0.0037,184,0.9826,0.9672,0,0.9846,0,Bayes-M10-med
Kampemba,Haut-Katanga,2,FALSE,0.0012,0.001,0.0016,0.0012,0.0489,269,0.0015,NA,NA,NA,NA,NA,NA,0.0531,3e-4,450,0.0598,0.0367,0,0.1158,0,Bayes-M10-med
Kilwa,Haut-Katanga,2,FALSE,0.0012,9e-4,0.0015,0.0012,0.0464,275,0.0014,NA,NA,NA,NA,NA,NA,0.3764,0.0019,277,0.749,0.39,0,0.3668,0,Bayes-M10-med
Sakania,Haut-Katanga,2,FALSE,0.0012,9e-4,0.0015,0.0012,0.0462,276,0.0014,NA,NA,NA,NA,NA,NA,0.2775,0.0014,327,0.7375,0.2355,0,0.1371,0,Bayes-M10-med
Ilebo,Kasaï,2,FALSE,0.0012,9e-4,0.0015,0.0012,0.048,271,0.0015,NA,NA,NA,NA,NA,NA,0.3142,0.0016,295,0.2162,0.6139,0,0.4266,0,Bayes-M10-med
Tshibala,Kasaï-Central,2,FALSE,0.0012,9e-4,0.0015,0.0012,0.048,270,0.0015,NA,NA,NA,NA,NA,NA,0.4218,0.0022,260,0.4266,0.5772,0,0.6834,0,Bayes-M10-med
Ipamu,Kwilu,2,FALSE,0.0012,9e-4,0.0015,0.0012,0.0458,278,0.0014,NA,NA,NA,NA,NA,NA,0.5454,0.0027,226,0.4903,0.7683,0,0.9228,0,Bayes-M10-med
Binga,Mongala,2,FALSE,0.0012,9e-4,0.0015,0.0012,0.0467,274,0.0014,NA,NA,NA,NA,NA,NA,0.3306,0.0016,290,0.4749,0.249,0,0.5985,0,Bayes-M10-med
Lomela,Sankuru,2,FALSE,0.0012,9e-4,0.0015,0.0012,0.0479,272,0.0015,NA,NA,NA,NA,NA,NA,0.4759,0.0024,241,0.8456,0.1351,0,0.9228,0,Bayes-M10-med
Mompono,Tshuapa,2,FALSE,0.0012,9e-4,0.0015,0.0012,0.0461,277,0.0014,NA,NA,NA,NA,NA,NA,0.5598,0.0028,223,0.8089,0.6042,0,0.8263,0,Bayes-M10-med
Kambove,Haut-Katanga,2,FALSE,0.0011,8e-4,0.0014,0.0011,0.0425,286,0.0013,NA,NA,NA,NA,NA,NA,0.306,0.0014,322,0.4247,0.6236,0,0.1757,0,Bayes-M10-med
Pweto,Haut-Katanga,2,FALSE,0.0011,9e-4,0.0014,0.0011,0.045,279,0.0014,NA,NA,NA,NA,NA,NA,0.3518,0.0017,289,0.7992,0.2587,0,0.3494,0,Bayes-M10-med
Ruashi,Haut-Katanga,2,FALSE,0.0011,9e-4,0.0014,0.0011,0.0437,282,0.0014,NA,NA,NA,NA,NA,NA,0.0705,3e-4,443,0.0985,0.0637,0,0.1197,0,Bayes-M10-med
Katoka,Kasaï-Central,2,FALSE,0.0011,8e-4,0.0014,0.0011,0.0424,287,0.0013,NA,NA,NA,NA,NA,NA,0.2645,0.0012,344,0.1216,0.473,0,0.4633,0,Bayes-M10-med
Tshikula,Kasaï-Central,2,FALSE,0.0011,9e-4,0.0014,0.0011,0.0434,284,0.0013,NA,NA,NA,NA,NA,NA,0.3296,0.0015,303,0.3919,0.3185,0,0.6081,0,Bayes-M10-med
Kikwit Sud,Kwilu,2,FALSE,0.0011,9e-4,0.0014,0.0011,0.0443,281,0.0014,NA,NA,NA,NA,NA,NA,0.3282,0.0015,299,0.1313,0.7008,0,0.4807,0,Bayes-M10-med
Yasa Bonga,Kwilu,2,FALSE,0.0011,8e-4,0.0014,0.0011,0.0431,285,0.0013,NA,NA,NA,NA,NA,NA,0.4206,0.0019,274,0.3031,0.5328,0,0.8465,0,Bayes-M10-med
Lualaba,Lualaba,2,FALSE,0.0011,8e-4,0.0013,0.0011,0.0417,288,0.0013,NA,NA,NA,NA,NA,NA,0.1404,6e-4,412,0.3552,0.0347,0,0.1718,0,Bayes-M10-med
Gbadolite,Nord-Ubangi,2,FALSE,0.0011,9e-4,0.0014,0.0011,0.0434,283,0.0013,NA,NA,NA,NA,NA,NA,0.5183,0.0024,246,0.7915,0.9653,0,0.3166,0,Bayes-M10-med
Lusambo,Sankuru,2,FALSE,0.0011,9e-4,0.0014,0.0011,0.0449,280,0.0014,NA,NA,NA,NA,NA,NA,0.4833,0.0023,251,0.6815,0.2992,0,0.9527,0,Bayes-M10-med
Libenge,Sud-Ubangi,2,FALSE,0.0011,8e-4,0.0013,0.0011,0.0416,289,0.0013,NA,NA,NA,NA,NA,NA,0.3818,0.0017,287,0.6293,0.3591,0,0.5386,0,Bayes-M10-med
Basankusu,Equateur,2,FALSE,0.001,8e-4,0.0013,0.001,0.041,293,0.0013,NA,NA,NA,NA,NA,NA,0.6844,0.003,208,0.9517,0.8629,0,0.9228,0,Bayes-M10-med
Bolomba,Equateur,2,FALSE,0.001,8e-4,0.0013,0.001,0.0399,303,0.0012,NA,NA,NA,NA,NA,NA,0.6163,0.0026,229,0.9575,0.8533,0,0.6544,0,Bayes-M10-med
Kapolowe,Haut-Katanga,2,FALSE,0.001,8e-4,0.0013,0.001,0.0416,290,0.0013,NA,NA,NA,NA,NA,NA,0.3026,0.0013,329,0.5579,0.444,0,0.2085,0,Bayes-M10-med
Kisanga,Haut-Katanga,2,FALSE,0.001,8e-4,0.0013,0.001,0.0397,305,0.0012,NA,NA,NA,NA,NA,NA,0.1081,5e-4,428,0.1293,0.2008,0,0.1023,0,Bayes-M10-med
Kinkondja,Haut-Lomami,2,FALSE,0.001,7e-4,0.0012,0.001,0.038,312,0.0012,NA,NA,NA,NA,NA,NA,0.4889,0.002,270,0.7278,0.6274,0,0.6004,0,Bayes-M10-med
Kakenge,Kasaï,2,FALSE,0.001,8e-4,0.0012,0.001,0.0385,310,0.0012,NA,NA,NA,NA,NA,NA,0.4522,0.0019,278,0.5753,0.4788,0,0.7548,0,Bayes-M10-med
Ndjoko Mpunda,Kasaï,2,FALSE,0.001,8e-4,0.0013,0.001,0.0406,297,0.0013,NA,NA,NA,NA,NA,NA,0.333,0.0014,312,0.3977,0.2915,0,0.6429,0,Bayes-M10-med
Kamonia,Kasaï,2,FALSE,0.001,8e-4,0.0013,0.001,0.041,292,0.0013,NA,NA,NA,NA,NA,NA,0.14,6e-4,414,0.3707,0.11,0,0.0792,0,Bayes-M10-med
Muetshi,Kasaï-Central,2,FALSE,0.001,8e-4,0.0013,0.001,0.0403,298,0.0012,NA,NA,NA,NA,NA,NA,0.4792,0.0021,266,0.6158,0.5386,0,0.7625,0,Bayes-M10-med
Matadi,Kongo-Central,2,FALSE,0.001,8e-4,0.0013,0.001,0.0403,299,0.0012,NA,NA,NA,NA,NA,NA,0.2939,0.0013,335,0.1564,0.944,0,0.0753,0,Bayes-M10-med
Djuma,Kwilu,2,FALSE,0.001,8e-4,0.0013,0.001,0.0401,302,0.0012,NA,NA,NA,NA,NA,NA,0.5256,0.0022,255,0.4826,0.7355,0,0.8842,0,Bayes-M10-med
Masi Manimba,Kwilu,2,FALSE,0.001,8e-4,0.0012,0.001,0.0389,308,0.0012,NA,NA,NA,NA,NA,NA,0.4281,0.0018,280,0.332,0.4961,0,0.8842,0,Bayes-M10-med
Kasaji,Lualaba,2,FALSE,0.001,8e-4,0.0013,0.001,0.0407,295,0.0013,NA,NA,NA,NA,NA,NA,0.4648,0.002,267,0.8552,0.4923,0,0.5116,0,Bayes-M10-med
Boso Manzi,Mongala,2,FALSE,0.001,8e-4,0.0012,0.001,0.0388,309,0.0012,NA,NA,NA,NA,NA,NA,0.3982,0.0016,291,0.5695,0.2278,0,0.7954,0,Bayes-M10-med
Abuzi,Nord-Ubangi,2,FALSE,0.001,8e-4,0.0013,0.001,0.0398,304,0.0012,NA,NA,NA,NA,NA,NA,0.7153,0.003,207,0.9846,0.9054,0,0.971,0,Bayes-M10-med
Bosobolo,Nord-Ubangi,2,FALSE,0.001,8e-4,0.0013,0.001,0.0402,301,0.0012,NA,NA,NA,NA,NA,NA,0.7148,0.0031,203,0.9363,0.9459,0,0.9768,0,Bayes-M10-med
Mobayi Mbongo,Nord-Ubangi,2,FALSE,0.001,8e-4,0.0013,0.001,0.0406,296,0.0013,NA,NA,NA,NA,NA,NA,0.5458,0.0024,248,0.9324,0.8166,0,0.4344,0,Bayes-M10-med
Wapinda,Nord-Ubangi,2,FALSE,0.001,8e-4,0.0013,0.001,0.041,294,0.0013,NA,NA,NA,NA,NA,NA,0.6791,0.003,212,0.9015,0.8398,0,0.9749,0,Bayes-M10-med
Bena Dibele,Sankuru,2,FALSE,0.001,8e-4,0.0013,0.001,0.0396,306,0.0012,NA,NA,NA,NA,NA,NA,0.4093,0.0017,286,0.6216,0.1564,0,0.8591,0,Bayes-M10-med
Djalo Ndjeka,Sankuru,2,FALSE,0.001,8e-4,0.0012,0.001,0.0392,307,0.0012,NA,NA,NA,NA,NA,NA,0.3378,0.0014,318,0.3591,0.0695,0,0.9228,0,Bayes-M10-med
Kole,Sankuru,2,FALSE,0.001,7e-4,0.0012,0.001,0.0381,311,0.0012,NA,NA,NA,NA,NA,NA,0.4802,0.0019,273,0.7761,0.2606,0,0.8842,0,Bayes-M10-med
Bogosenubea,Sud-Ubangi,2,FALSE,0.001,8e-4,0.0013,0.001,0.0402,300,0.0012,NA,NA,NA,NA,NA,NA,0.4107,0.0018,282,0.4981,0.3031,0,0.8417,0,Bayes-M10-med
Befale,Tshuapa,2,FALSE,0.001,8e-4,0.0013,0.001,0.0414,291,0.0013,NA,NA,NA,NA,NA,NA,0.5145,0.0023,253,0.8822,0.4903,0,0.6853,0,Bayes-M10-med
Bilomba,Kasaï-Central,2,FALSE,9e-4,7e-4,0.0012,9e-4,0.0362,315,0.0011,NA,NA,NA,NA,NA,NA,0.4006,0.0015,300,0.3378,0.4421,0,0.8224,0,Bayes-M10-med
Lubunga (Kasaï-Central),Kasaï-Central,2,FALSE,9e-4,7e-4,0.0011,9e-4,0.0359,316,0.0011,NA,NA,NA,NA,NA,NA,0.4599,0.0018,281,0.5637,0.4653,0,0.8108,0,Bayes-M10-med
Muanda,Kongo-Central,2,FALSE,9e-4,7e-4,0.0011,9e-4,0.0349,319,0.0011,NA,NA,NA,NA,NA,NA,0.4093,0.0015,302,0.6371,1,0,0,0,Bayes-M10-med
Kisantu,Kongo-Central,2,FALSE,9e-4,7e-4,0.0011,9e-4,0.0354,317,0.0011,NA,NA,NA,NA,NA,NA,0.418,0.0016,297,0.5039,0.9903,0,0.1776,0,Bayes-M10-med
Mokala,Kwilu,2,FALSE,9e-4,7e-4,0.0011,9e-4,0.0342,322,0.0011,NA,NA,NA,NA,NA,NA,0.5118,0.0019,276,0.4228,0.6718,0,0.9527,0,Bayes-M10-med
Kamiji,Lomami,2,FALSE,9e-4,7e-4,0.0011,9e-4,0.0344,321,0.0011,NA,NA,NA,NA,NA,NA,0.2635,0.001,373,0.3398,0.1293,0,0.5849,0,Bayes-M10-med
Wikong,Lomami,2,FALSE,9e-4,7e-4,0.0012,9e-4,0.0365,314,0.0011,NA,NA,NA,NA,NA,NA,0.3663,0.0014,316,0.2529,0.4228,0,0.7896,0,Bayes-M10-med
Kapanga,Lualaba,2,FALSE,9e-4,7e-4,0.0011,9e-4,0.0345,320,0.0011,NA,NA,NA,NA,NA,NA,0.4112,0.0015,305,0.8514,0.3938,0,0.3996,0,Bayes-M10-med
Bili (Nord-Ubangi),Nord-Ubangi,2,FALSE,9e-4,7e-4,0.0012,9e-4,0.0367,313,0.0011,NA,NA,NA,NA,NA,NA,0.7075,0.0028,221,0.9247,0.9189,0,0.9865,0,Bayes-M10-med
Loko,Nord-Ubangi,2,FALSE,9e-4,7e-4,0.0011,9e-4,0.0339,323,0.001,NA,NA,NA,NA,NA,NA,0.6535,0.0024,249,0.9402,0.9266,0,0.7471,0,Bayes-M10-med
Ndage,Sud-Ubangi,2,FALSE,9e-4,7e-4,0.0011,9e-4,0.0353,318,0.0011,NA,NA,NA,NA,NA,NA,0.3533,0.0013,330,0.3996,0.2761,0,0.7375,0,Bayes-M10-med
Likasi,Haut-Katanga,2,FALSE,8e-4,6e-4,0.001,8e-4,0.0329,325,0.001,NA,NA,NA,NA,NA,NA,0.1728,6e-4,415,0.112,0.4208,0,0.1583,0,Bayes-M10-med
Mufunga Sampwe,Haut-Katanga,2,FALSE,8e-4,6e-4,0.001,8e-4,0.0313,331,0.001,NA,NA,NA,NA,NA,NA,0.3774,0.0013,336,0.8185,0.0888,0,0.6023,0,Bayes-M10-med
Lwamba,Haut-Lomami,2,FALSE,8e-4,6e-4,0.001,8e-4,0.0312,332,0.001,NA,NA,NA,NA,NA,NA,0.4865,0.0016,293,0.8069,0.6409,0,0.4981,0,Bayes-M10-med
Songa,Haut-Lomami,2,FALSE,8e-4,6e-4,0.001,8e-4,0.0308,334,0.001,NA,NA,NA,NA,NA,NA,0.473,0.0016,298,0.9344,0.3533,0,0.6042,0,Bayes-M10-med
Mikope,Kasaï,2,FALSE,8e-4,6e-4,0.001,8e-4,0.0327,328,0.001,NA,NA,NA,NA,NA,NA,0.3996,0.0014,321,0.6776,0.2703,0,0.6506,0,Bayes-M10-med
Lubondaie,Kasaï-Central,2,FALSE,8e-4,6e-4,0.001,8e-4,0.0327,327,0.001,NA,NA,NA,NA,NA,NA,0.3147,0.0011,349,0.3822,0.1583,0,0.7181,0,Bayes-M10-med
Bandundu,Kwilu,2,FALSE,8e-4,6e-4,0.001,8e-4,0.03,336,9e-4,NA,NA,NA,NA,NA,NA,0.3364,0.0011,351,0.3436,0.751,0,0.251,0,Bayes-M10-med
Pay Kongila,Kwilu,2,FALSE,8e-4,6e-4,0.001,8e-4,0.03,337,9e-4,NA,NA,NA,NA,NA,NA,0.4488,0.0014,315,0.5135,0.6467,0,0.6351,0,Bayes-M10-med
Businga,Nord-Ubangi,2,FALSE,8e-4,6e-4,0.001,8e-4,0.0303,335,9e-4,NA,NA,NA,NA,NA,NA,0.6781,0.0022,258,0.9286,0.861,0,0.9228,0,Bayes-M10-med
Wasolo,Nord-Ubangi,2,FALSE,8e-4,6e-4,0.001,8e-4,0.0322,329,0.001,NA,NA,NA,NA,NA,NA,0.5709,0.002,271,0.5541,0.7413,0,0.9884,0,Bayes-M10-med
Pania Mutombo,Sankuru,2,FALSE,8e-4,6e-4,0.001,8e-4,0.0309,333,0.001,NA,NA,NA,NA,NA,NA,0.4117,0.0014,328,0.7413,0.1236,0,0.7819,0,Bayes-M10-med
Budjala,Sud-Ubangi,2,FALSE,8e-4,6e-4,0.0011,8e-4,0.033,324,0.001,NA,NA,NA,NA,NA,NA,0.43,0.0015,306,0.5154,0.4035,0,0.8012,0,Bayes-M10-med
Bulu,Sud-Ubangi,2,FALSE,8e-4,6e-4,0.001,8e-4,0.0321,330,0.001,NA,NA,NA,NA,NA,NA,0.3147,0.0011,350,0.3649,0.1988,0,0.695,0,Bayes-M10-med
Kungu,Sud-Ubangi,2,FALSE,8e-4,6e-4,0.001,8e-4,0.0329,326,0.001,NA,NA,NA,NA,NA,NA,0.3711,0.0013,331,0.3745,0.3359,0,0.7741,0,Bayes-M10-med
Ingende,Equateur,2,FALSE,7e-4,5e-4,9e-4,7e-4,0.0276,354,9e-4,NA,NA,NA,NA,NA,NA,0.596,0.0018,283,0.9208,0.8571,0,0.6062,0,Bayes-M10-med
Kasenga,Haut-Katanga,2,FALSE,7e-4,6e-4,9e-4,7e-4,0.0287,344,9e-4,NA,NA,NA,NA,NA,NA,0.3953,0.0012,341,0.8166,0.6255,0,0.139,0,Bayes-M10-med
Kayamba,Haut-Lomami,2,FALSE,7e-4,6e-4,9e-4,7e-4,0.0285,348,9e-4,NA,NA,NA,NA,NA,NA,0.4276,0.0013,332,0.7027,0.4189,0,0.5888,0,Bayes-M10-med
Dekese,Kasaï,2,FALSE,7e-4,5e-4,9e-4,7e-4,0.0279,352,9e-4,NA,NA,NA,NA,NA,NA,0.4633,0.0014,324,0.9189,0.2181,0,0.7162,0,Bayes-M10-med
Mushenge,Kasaï,2,FALSE,7e-4,6e-4,9e-4,7e-4,0.0283,350,9e-4,NA,NA,NA,NA,NA,NA,0.3229,0.001,371,0.5946,0.0656,0,0.6313,0,Bayes-M10-med
Kitangwa,Kasaï,2,FALSE,7e-4,6e-4,9e-4,7e-4,0.0292,341,9e-4,NA,NA,NA,NA,NA,NA,0.3287,0.001,362,0.6332,0.1062,0,0.5753,0,Bayes-M10-med
Mutena,Kasaï,2,FALSE,7e-4,5e-4,9e-4,7e-4,0.027,358,8e-4,NA,NA,NA,NA,NA,NA,0.2336,7e-4,404,0.334,0.0753,0,0.5251,0,Bayes-M10-med
Bunkonde,Kasaï-Central,2,FALSE,7e-4,6e-4,9e-4,7e-4,0.028,351,9e-4,NA,NA,NA,NA,NA,NA,0.3523,0.0011,355,0.4015,0.278,0,0.7297,0,Bayes-M10-med
Mutoto,Kasaï-Central,2,FALSE,7e-4,5e-4,9e-4,7e-4,0.0277,353,9e-4,NA,NA,NA,NA,NA,NA,0.3441,0.001,363,0.4575,0.361,0,0.5579,0,Bayes-M10-med
Ndesha,Kasaï-Central,2,FALSE,7e-4,5e-4,9e-4,7e-4,0.027,359,8e-4,NA,NA,NA,NA,NA,NA,0.2317,7e-4,405,0.1448,0.3456,0,0.4363,0,Bayes-M10-med
Boma,Kongo-Central,2,FALSE,7e-4,5e-4,9e-4,7e-4,0.0269,360,8e-4,NA,NA,NA,NA,NA,NA,0.2901,8e-4,386,0.1467,0.9247,0,0.0888,0,Bayes-M10-med
Lukula,Kongo-Central,2,FALSE,7e-4,6e-4,9e-4,7e-4,0.0286,347,9e-4,NA,NA,NA,NA,NA,NA,0.3933,0.0012,342,0.529,0.8745,0,0.1699,0,Bayes-M10-med
Boko Kivulu,Kongo-Central,2,FALSE,7e-4,5e-4,8e-4,7e-4,0.0265,365,8e-4,NA,NA,NA,NA,NA,NA,0.4281,0.0012,340,0.5792,0.9324,0,0.2008,0,Bayes-M10-med
Kimpese,Kongo-Central,2,FALSE,7e-4,6e-4,9e-4,7e-4,0.0286,346,9e-4,NA,NA,NA,NA,NA,NA,0.4947,0.0015,308,0.7896,0.9768,0,0.2124,0,Bayes-M10-med
Boko,Kwango,2,FALSE,7e-4,5e-4,9e-4,7e-4,0.0275,355,9e-4,NA,NA,NA,NA,NA,NA,0.5121,0.0015,309,0.7336,0.61,0,0.7046,0,Bayes-M10-med
Feshi,Kwango,2,FALSE,7e-4,5e-4,9e-4,7e-4,0.0274,357,8e-4,NA,NA,NA,NA,NA,NA,0.5082,0.0015,311,0.7317,0.5425,0,0.7587,0,Bayes-M10-med
Bagata,Kwilu,2,FALSE,7e-4,6e-4,9e-4,7e-4,0.0296,338,9e-4,NA,NA,NA,NA,NA,NA,0.5135,0.0016,294,0.6795,0.695,0,0.6795,0,Bayes-M10-med
Kikongo,Kwilu,2,FALSE,7e-4,5e-4,8e-4,7e-4,0.0266,364,8e-4,NA,NA,NA,NA,NA,NA,0.5024,0.0014,317,0.6969,0.6023,0,0.7104,0,Bayes-M10-med
Kimputu,Kwilu,2,FALSE,7e-4,6e-4,9e-4,7e-4,0.0283,349,9e-4,NA,NA,NA,NA,NA,NA,0.5039,0.0015,304,0.4923,0.639,0,0.8842,0,Bayes-M10-med
Mosango,Kwilu,2,FALSE,7e-4,6e-4,9e-4,7e-4,0.0288,343,9e-4,NA,NA,NA,NA,NA,NA,0.515,0.0016,296,0.5463,0.7375,0,0.7761,0,Bayes-M10-med
Mungindu,Kwilu,2,FALSE,7e-4,5e-4,8e-4,7e-4,0.0258,366,8e-4,NA,NA,NA,NA,NA,NA,0.3818,0.0011,356,0.4691,0.5367,0,0.5212,0,Bayes-M10-med
Dilolo,Lualaba,2,FALSE,7e-4,5e-4,8e-4,7e-4,0.0266,363,8e-4,NA,NA,NA,NA,NA,NA,0.3663,0.001,359,0.8398,0.6197,0,0.0058,0,Bayes-M10-med
Kalamba,Lualaba,2,FALSE,7e-4,5e-4,9e-4,7e-4,0.0267,362,8e-4,NA,NA,NA,NA,NA,NA,0.4542,0.0013,333,0.8803,0.2375,0,0.6988,0,Bayes-M10-med
Sandoa,Lualaba,2,FALSE,7e-4,6e-4,9e-4,7e-4,0.0287,345,9e-4,NA,NA,NA,NA,NA,NA,0.5536,0.0017,288,0.9421,0.6815,0,0.5907,0,Bayes-M10-med
Kanzenze,Lualaba,2,FALSE,7e-4,6e-4,9e-4,7e-4,0.0294,340,9e-4,NA,NA,NA,NA,NA,NA,0.2389,7e-4,398,0.6255,0.1429,0,0.1873,0,Bayes-M10-med
Boso Mondanda,Mongala,2,FALSE,7e-4,5e-4,9e-4,7e-4,0.0268,361,8e-4,NA,NA,NA,NA,NA,NA,0.3716,0.0011,354,0.5869,0.1486,0,0.751,0,Bayes-M10-med
Bokonzi,Sud-Ubangi,2,FALSE,7e-4,6e-4,9e-4,7e-4,0.0289,342,9e-4,NA,NA,NA,NA,NA,NA,0.236,7e-4,400,0.4305,0.083,0,0.4305,0,Bayes-M10-med
Boto,Sud-Ubangi,2,FALSE,7e-4,6e-4,9e-4,7e-4,0.0295,339,9e-4,NA,NA,NA,NA,NA,NA,0.3596,0.0011,346,0.3282,0.5174,0,0.5927,0,Bayes-M10-med
Monkoto,Tshuapa,2,FALSE,7e-4,5e-4,9e-4,7e-4,0.0274,356,9e-4,NA,NA,NA,NA,NA,NA,0.5598,0.0016,292,0.9498,0.4054,0,0.8842,0,Bayes-M10-med
Mitwaba,Haut-Katanga,2,FALSE,6e-4,5e-4,7e-4,6e-4,0.0229,373,7e-4,NA,NA,NA,NA,NA,NA,0.3528,9e-4,380,0.8012,0.0618,0,0.5483,0,Bayes-M10-med
Bulape,Kasaï,2,FALSE,6e-4,4e-4,7e-4,6e-4,0.0223,378,7e-4,NA,NA,NA,NA,NA,NA,0.4315,0.001,360,0.7066,0.1853,0,0.834,0,Bayes-M10-med
Nyanga,Kasaï,2,FALSE,6e-4,4e-4,7e-4,6e-4,0.0222,379,7e-4,NA,NA,NA,NA,NA,NA,0.348,8e-4,388,0.4402,0.3803,0,0.5714,0,Bayes-M10-med
Kwilu Ngongo,Kongo-Central,2,FALSE,6e-4,5e-4,8e-4,6e-4,0.0237,370,7e-4,NA,NA,NA,NA,NA,NA,0.3875,0.001,369,0.4884,0.8668,0,0.195,0,Bayes-M10-med
Mbanza Ngungu,Kongo-Central,2,FALSE,6e-4,5e-4,8e-4,6e-4,0.0257,367,8e-4,NA,NA,NA,NA,NA,NA,0.3711,0.001,364,0.3205,0.9749,0,0.1892,0,Bayes-M10-med
Kahemba,Kwango,2,FALSE,6e-4,5e-4,8e-4,6e-4,0.0245,369,8e-4,NA,NA,NA,NA,NA,NA,0.5367,0.0014,319,0.8958,0.7278,0,0.5232,0,Bayes-M10-med
Panzi,Kwango,2,FALSE,6e-4,5e-4,8e-4,6e-4,0.0245,368,8e-4,NA,NA,NA,NA,NA,NA,0.5236,0.0014,326,0.7548,0.583,0,0.7568,0,Bayes-M10-med
Kimbao,Kwango,2,FALSE,6e-4,4e-4,7e-4,6e-4,0.0225,376,7e-4,NA,NA,NA,NA,NA,NA,0.5743,0.0014,323,0.7201,0.7181,0,0.8591,0,Bayes-M10-med
Inongo,Mai-Ndombe,2,FALSE,6e-4,4e-4,7e-4,6e-4,0.0227,374,7e-4,NA,NA,NA,NA,NA,NA,0.4952,0.0012,343,0.7645,0.2934,0,0.9228,0,Bayes-M10-med
Bongandanga,Mongala,2,FALSE,6e-4,5e-4,7e-4,6e-4,0.0231,372,7e-4,NA,NA,NA,NA,NA,NA,0.4228,0.001,357,0.7587,0.0097,0,0.9228,0,Bayes-M10-med
Bangabola,Sud-Ubangi,2,FALSE,6e-4,5e-4,8e-4,6e-4,0.0236,371,7e-4,NA,NA,NA,NA,NA,NA,0.3904,0.001,367,0.3533,0.3494,0,0.8591,0,Bayes-M10-med
Bominenge,Sud-Ubangi,2,FALSE,6e-4,4e-4,7e-4,6e-4,0.0219,380,7e-4,NA,NA,NA,NA,NA,NA,0.3258,8e-4,395,0.2819,0.0985,0,0.9228,0,Bayes-M10-med
Mawuya,Sud-Ubangi,2,FALSE,6e-4,4e-4,7e-4,6e-4,0.0224,377,7e-4,NA,NA,NA,NA,NA,NA,0.2654,6e-4,409,0.444,0.2394,0,0.3784,0,Bayes-M10-med
Busanga,Tshuapa,2,FALSE,6e-4,4e-4,7e-4,6e-4,0.0227,375,7e-4,NA,NA,NA,NA,NA,NA,0.4452,0.0011,352,0.6602,0.168,0,0.9527,0,Bayes-M10-med
Bikoro,Equateur,2,FALSE,5e-4,4e-4,6e-4,5e-4,0.0186,396,6e-4,NA,NA,NA,NA,NA,NA,0.5951,0.0012,345,0.8127,0.8147,0,0.7529,0,Bayes-M10-med
Makanza,Equateur,2,FALSE,5e-4,4e-4,6e-4,5e-4,0.0182,399,6e-4,NA,NA,NA,NA,NA,NA,0.639,0.0012,338,0.9537,0.7954,0,0.8069,0,Bayes-M10-med
Wangata,Equateur,2,FALSE,5e-4,4e-4,6e-4,5e-4,0.0187,395,6e-4,NA,NA,NA,NA,NA,NA,0.417,8e-4,384,0.2336,0.9865,0,0.4479,0,Bayes-M10-med
Kikula,Haut-Katanga,2,FALSE,5e-4,4e-4,7e-4,5e-4,0.0215,382,7e-4,NA,NA,NA,NA,NA,NA,0.0951,2e-4,455,0.1062,0.1139,0,0.1602,0,Bayes-M10-med
Panda,Haut-Katanga,2,FALSE,5e-4,4e-4,6e-4,5e-4,0.0194,391,6e-4,NA,NA,NA,NA,NA,NA,0.2027,4e-4,432,0.1622,0.4826,0,0.166,0,Bayes-M10-med
Kafubu,Haut-Katanga,2,FALSE,5e-4,4e-4,7e-4,5e-4,0.0206,386,6e-4,NA,NA,NA,NA,NA,NA,0.2104,5e-4,427,0.6042,0.0869,0,0.1506,0,Bayes-M10-med
Lukafu,Haut-Katanga,2,FALSE,5e-4,4e-4,6e-4,5e-4,0.0194,390,6e-4,NA,NA,NA,NA,NA,NA,0.4015,8e-4,385,0.888,0.3243,0,0.3938,0,Bayes-M10-med
Bena Tshadi,Kasaï-Central,2,FALSE,5e-4,4e-4,7e-4,5e-4,0.0212,383,7e-4,NA,NA,NA,NA,NA,NA,0.472,0.0011,353,0.6699,0.3784,0,0.8398,0,Bayes-M10-med
Kalomba,Kasaï-Central,2,FALSE,5e-4,4e-4,7e-4,5e-4,0.0212,384,7e-4,NA,NA,NA,NA,NA,NA,0.2944,7e-4,406,0.3166,0.1467,0,0.7143,0,Bayes-M10-med
Nsona Mpangu,Kongo-Central,2,FALSE,5e-4,4e-4,6e-4,5e-4,0.0182,400,6e-4,NA,NA,NA,NA,NA,NA,0.4165,8e-4,390,0.722,0.7645,0,0.1795,0,Bayes-M10-med
Seke Banza,Kongo-Central,2,FALSE,5e-4,4e-4,7e-4,5e-4,0.0216,381,7e-4,NA,NA,NA,NA,NA,NA,0.4513,0.001,358,0.6351,0.9498,0,0.2201,0,Bayes-M10-med
Massa,Kongo-Central,2,FALSE,5e-4,4e-4,6e-4,5e-4,0.0192,393,6e-4,NA,NA,NA,NA,NA,NA,0.4223,9e-4,381,0.668,0.9208,0,0.1004,0,Bayes-M10-med
Popokabaka,Kwango,2,FALSE,5e-4,4e-4,7e-4,5e-4,0.0211,385,7e-4,NA,NA,NA,NA,NA,NA,0.5507,0.0012,337,0.7703,0.7876,0,0.6448,0,Bayes-M10-med
Sia,Kwilu,2,FALSE,5e-4,4e-4,6e-4,5e-4,0.0201,388,6e-4,NA,NA,NA,NA,NA,NA,0.3986,9e-4,383,0.4151,0.3822,0,0.7973,0,Bayes-M10-med
Kingandu,Kwilu,2,FALSE,5e-4,4e-4,6e-4,5e-4,0.0193,392,6e-4,NA,NA,NA,NA,NA,NA,0.4923,0.001,365,0.7162,0.6583,0,0.5946,0,Bayes-M10-med
Kafakumba,Lualaba,2,FALSE,5e-4,4e-4,7e-4,5e-4,0.0204,387,6e-4,NA,NA,NA,NA,NA,NA,0.4648,0.001,366,0.8687,0.2027,0,0.7876,0,Bayes-M10-med
Lubudi,Lualaba,2,FALSE,5e-4,4e-4,6e-4,5e-4,0.0196,389,6e-4,NA,NA,NA,NA,NA,NA,0.4667,0.001,372,0.9151,0.4614,0,0.4903,0,Bayes-M10-med
Oshwe,Mai-Ndombe,2,FALSE,5e-4,4e-4,6e-4,5e-4,0.0181,401,6e-4,NA,NA,NA,NA,NA,NA,0.4855,9e-4,374,0.8764,0.3301,0,0.7355,0,Bayes-M10-med
Nioki,Mai-Ndombe,2,FALSE,5e-4,4e-4,6e-4,5e-4,0.0183,398,6e-4,NA,NA,NA,NA,NA,NA,0.389,8e-4,396,0.61,0.3958,0,0.5502,0,Bayes-M10-med
Tshudi Loto,Sankuru,2,FALSE,5e-4,4e-4,6e-4,5e-4,0.0184,397,6e-4,NA,NA,NA,NA,NA,NA,0.4237,8e-4,387,0.7683,0.0039,0,0.9228,0,Bayes-M10-med
Wema,Tshuapa,2,FALSE,5e-4,4e-4,6e-4,5e-4,0.0191,394,6e-4,NA,NA,NA,NA,NA,NA,0.4469,9e-4,378,0.8494,0.1332,0,0.805,0,Bayes-M10-med
Djombo,Equateur,2,FALSE,4e-4,3e-4,6e-4,4e-4,0.0176,402,5e-4,NA,NA,NA,NA,NA,NA,0.6554,0.0012,339,0.917,0.7819,0,0.9228,0,Bayes-M10-med
Iboko,Equateur,2,FALSE,4e-4,3e-4,5e-4,4e-4,0.015,416,5e-4,NA,NA,NA,NA,NA,NA,0.612,0.001,368,0.8282,0.7915,0,0.8282,0,Bayes-M10-med
Lotumbe,Equateur,2,FALSE,4e-4,3e-4,5e-4,4e-4,0.0158,410,5e-4,NA,NA,NA,NA,NA,NA,0.5816,0.001,370,0.9691,0.7085,0,0.6486,0,Bayes-M10-med
Kenya,Haut-Katanga,2,FALSE,4e-4,3e-4,6e-4,4e-4,0.0173,404,5e-4,NA,NA,NA,NA,NA,NA,0.0569,1e-4,460,0.11,0.0116,0,0.1062,0,Bayes-M10-med
Butumba,Haut-Lomami,2,FALSE,4e-4,3e-4,5e-4,4e-4,0.0156,412,5e-4,NA,NA,NA,NA,NA,NA,0.4595,8e-4,394,0.7973,0.4151,0,0.6255,0,Bayes-M10-med
Banga Lubaka,Kasaï,2,FALSE,4e-4,3e-4,5e-4,4e-4,0.016,408,5e-4,NA,NA,NA,NA,NA,NA,0.3205,5e-4,419,0.5174,0.0444,0,0.7201,0,Bayes-M10-med
Kangu,Kongo-Central,2,FALSE,4e-4,3e-4,5e-4,4e-4,0.0167,406,5e-4,NA,NA,NA,NA,NA,NA,0.3528,6e-4,411,0.3803,0.8822,0,0.1486,0,Bayes-M10-med
Inga,Kongo-Central,2,FALSE,4e-4,3e-4,5e-4,4e-4,0.0147,419,5e-4,NA,NA,NA,NA,NA,NA,0.3847,6e-4,416,0.5212,0.8243,0,0.1931,0,Bayes-M10-med
Luozi,Kongo-Central,2,FALSE,4e-4,3e-4,4e-4,4e-4,0.0139,420,4e-4,NA,NA,NA,NA,NA,NA,0.5241,8e-4,392,0.7355,0.8861,0,0.4749,0,Bayes-M10-med
Gombe Matadi,Kongo-Central,2,FALSE,4e-4,3e-4,5e-4,4e-4,0.0148,418,5e-4,NA,NA,NA,NA,NA,NA,0.4151,7e-4,407,0.6911,0.7857,0,0.1834,0,Bayes-M10-med
Ngidinga,Kongo-Central,2,FALSE,4e-4,3e-4,5e-4,4e-4,0.0157,411,5e-4,NA,NA,NA,NA,NA,NA,0.4488,7e-4,397,0.6544,0.7432,0,0.3977,0,Bayes-M10-med
Kisanji,Kwango,2,FALSE,4e-4,3e-4,5e-4,4e-4,0.0153,414,5e-4,NA,NA,NA,NA,NA,NA,0.5574,9e-4,377,0.8417,0.6544,0,0.7336,0,Bayes-M10-med
Kasongo Lunda,Kwango,2,FALSE,4e-4,3e-4,5e-4,4e-4,0.0161,407,5e-4,NA,NA,NA,NA,NA,NA,0.3441,6e-4,417,0.6274,0.5946,0,0.1544,0,Bayes-M10-med
Wamba Lwadi,Kwango,2,FALSE,4e-4,3e-4,6e-4,4e-4,0.0175,403,5e-4,NA,NA,NA,NA,NA,NA,0.5492,0.001,361,0.6467,0.8185,0,0.7317,0,Bayes-M10-med
Moanza,Kwilu,2,FALSE,4e-4,3e-4,5e-4,4e-4,0.0168,405,5e-4,NA,NA,NA,NA,NA,NA,0.52,9e-4,375,0.5985,0.529,0,0.9527,0,Bayes-M10-med
Kwamouth,Mai-Ndombe,2,FALSE,4e-4,3e-4,5e-4,4e-4,0.0155,413,5e-4,NA,NA,NA,NA,NA,NA,0.43,7e-4,401,0.8707,0.417,0,0.4324,0,Bayes-M10-med
Mushie,Mai-Ndombe,2,FALSE,4e-4,3e-4,5e-4,4e-4,0.0152,415,5e-4,NA,NA,NA,NA,NA,NA,0.4291,7e-4,403,0.7394,0.3649,0,0.612,0,Bayes-M10-med
Mbaya,Sud-Ubangi,2,FALSE,4e-4,3e-4,5e-4,4e-4,0.0149,417,5e-4,NA,NA,NA,NA,NA,NA,0.3142,5e-4,424,0.3514,0.2239,0,0.6815,0,Bayes-M10-med
Zongo,Sud-Ubangi,2,FALSE,4e-4,3e-4,5e-4,4e-4,0.0158,409,5e-4,NA,NA,NA,NA,NA,NA,0.2418,4e-4,434,0.278,0.4131,0,0.2761,0,Bayes-M10-med
Lukolela,Equateur,2,FALSE,3e-4,3e-4,4e-4,3e-4,0.0133,425,4e-4,NA,NA,NA,NA,NA,NA,0.5787,8e-4,389,0.944,0.9151,0,0.4556,0,Bayes-M10-med
Monieka,Equateur,2,FALSE,3e-4,3e-4,4e-4,3e-4,0.0135,423,4e-4,NA,NA,NA,NA,NA,NA,0.596,9e-4,382,0.9768,0.7336,0,0.6737,0,Bayes-M10-med
Kashobwe,Haut-Katanga,2,FALSE,3e-4,2e-4,3e-4,3e-4,0.011,437,3e-4,NA,NA,NA,NA,NA,NA,0.3243,4e-4,439,0.805,0.3012,0,0.1911,0,Bayes-M10-med
Katuba,Haut-Katanga,2,FALSE,3e-4,2e-4,4e-4,3e-4,0.0114,433,4e-4,NA,NA,NA,NA,NA,NA,0.0463,1e-4,462,0.0502,0.0309,0,0.1042,0,Bayes-M10-med
Baka,Haut-Lomami,2,FALSE,3e-4,2e-4,3e-4,3e-4,0.011,438,3e-4,NA,NA,NA,NA,NA,NA,0.4319,5e-4,423,0.4344,0.8919,0,0.4015,0,Bayes-M10-med
Kinda,Haut-Lomami,2,FALSE,3e-4,3e-4,4e-4,3e-4,0.0129,428,4e-4,NA,NA,NA,NA,NA,NA,0.5077,7e-4,402,0.9884,0.4266,0,0.6158,0,Bayes-M10-med
Bobozo,Kasaï-Central,2,FALSE,3e-4,2e-4,3e-4,3e-4,0.01,445,3e-4,NA,NA,NA,NA,NA,NA,0.2336,2e-4,453,0.1602,0.2857,0,0.4884,0,Bayes-M10-med
Kizu,Kongo-Central,2,FALSE,3e-4,2e-4,3e-4,3e-4,0.0109,439,3e-4,NA,NA,NA,NA,NA,NA,0.3113,4e-4,442,0.2973,0.8707,0,0.0772,0,Bayes-M10-med
Kuimba,Kongo-Central,2,FALSE,3e-4,2e-4,3e-4,3e-4,0.01,444,3e-4,NA,NA,NA,NA,NA,NA,0.3069,3e-4,444,0.3784,0.8456,0,0.0039,0,Bayes-M10-med
Tshela,Kongo-Central,2,FALSE,3e-4,2e-4,3e-4,3e-4,0.0104,442,3e-4,NA,NA,NA,NA,NA,NA,0.3282,4e-4,441,0.417,0.888,0,0.0077,0,Bayes-M10-med
Mangembo,Kongo-Central,2,FALSE,3e-4,2e-4,3e-4,3e-4,0.0104,441,3e-4,NA,NA,NA,NA,NA,NA,0.3726,4e-4,433,0.5598,0.6641,0,0.2664,0,Bayes-M10-med
Nzanza,Kongo-Central,2,FALSE,3e-4,2e-4,4e-4,3e-4,0.0119,431,4e-4,NA,NA,NA,NA,NA,NA,0.2172,3e-4,451,0.0888,0.6892,0,0.0907,0,Bayes-M10-med
Kimpangu,Kongo-Central,2,FALSE,3e-4,2e-4,4e-4,3e-4,0.0112,435,3e-4,NA,NA,NA,NA,NA,NA,0.4488,5e-4,420,0.7085,0.9344,0,0.1525,0,Bayes-M10-med
Kimvula,Kongo-Central,2,FALSE,3e-4,2e-4,4e-4,3e-4,0.0127,430,4e-4,NA,NA,NA,NA,NA,NA,0.569,8e-4,393,0.8629,0.8784,0,0.5347,0,Bayes-M10-med
Nselo,Kongo-Central,2,FALSE,3e-4,2e-4,3e-4,3e-4,0.0099,446,3e-4,NA,NA,NA,NA,NA,NA,0.374,4e-4,436,0.6564,0.5347,0,0.305,0,Bayes-M10-med
Kajiji,Kwango,2,FALSE,3e-4,2e-4,4e-4,3e-4,0.0111,436,3e-4,NA,NA,NA,NA,NA,NA,0.3533,4e-4,431,0.7934,0.1544,0,0.4653,0,Bayes-M10-med
Kitenda,Kwango,2,FALSE,3e-4,2e-4,3e-4,3e-4,0.0102,443,3e-4,NA,NA,NA,NA,NA,NA,0.376,4e-4,435,0.6641,0.4247,0,0.4151,0,Bayes-M10-med
Mwela Lembwa,Kwango,2,FALSE,3e-4,2e-4,4e-4,3e-4,0.0117,432,4e-4,NA,NA,NA,NA,NA,NA,0.4397,5e-4,418,0.6506,0.3224,0,0.7857,0,Bayes-M10-med
Bunkeya,Lualaba,2,FALSE,3e-4,2e-4,3e-4,3e-4,0.0105,440,3e-4,NA,NA,NA,NA,NA,NA,0.4218,5e-4,426,0.8243,0.5019,0,0.361,0,Bayes-M10-med
Banzow Moke,Mai-Ndombe,2,FALSE,3e-4,3e-4,4e-4,3e-4,0.0133,424,4e-4,NA,NA,NA,NA,NA,NA,0.5236,7e-4,399,0.6892,0.5212,0,0.8842,0,Bayes-M10-med
Kiri,Mai-Ndombe,2,FALSE,3e-4,3e-4,4e-4,3e-4,0.0132,426,4e-4,NA,NA,NA,NA,NA,NA,0.5685,8e-4,391,0.8745,0.4768,0,0.9228,0,Bayes-M10-med
Ntandembelo,Mai-Ndombe,2,FALSE,3e-4,3e-4,4e-4,3e-4,0.0129,429,4e-4,NA,NA,NA,NA,NA,NA,0.4595,6e-4,410,0.6023,0.4633,0,0.7722,0,Bayes-M10-med
Pendjwa,Mai-Ndombe,2,FALSE,3e-4,2e-4,4e-4,3e-4,0.0113,434,3e-4,NA,NA,NA,NA,NA,NA,0.4319,5e-4,422,0.7008,0.2124,0,0.8147,0,Bayes-M10-med
Yumbi,Mai-Ndombe,2,FALSE,3e-4,3e-4,4e-4,3e-4,0.0132,427,4e-4,NA,NA,NA,NA,NA,NA,0.2741,4e-4,438,0.4131,0.4015,0,0.2819,0,Bayes-M10-med
Bolobo,Mai-Ndombe,2,FALSE,3e-4,3e-4,4e-4,3e-4,0.0136,421,4e-4,NA,NA,NA,NA,NA,NA,0.3388,5e-4,425,0.6313,0.4981,0,0.2259,0,Bayes-M10-med
Bosobe,Mai-Ndombe,2,FALSE,3e-4,3e-4,4e-4,3e-4,0.0136,422,4e-4,NA,NA,NA,NA,NA,NA,0.4406,6e-4,408,0.4942,0.4093,0,0.8591,0,Bayes-M10-med
Bolenge,Equateur,2,FALSE,2e-4,1e-4,2e-4,2e-4,0.0068,455,2e-4,NA,NA,NA,NA,NA,NA,0.5391,4e-4,437,0.7954,0.8514,0,0.5097,0,Bayes-M10-med
Bomongo,Equateur,2,FALSE,2e-4,2e-4,3e-4,2e-4,0.0098,447,3e-4,NA,NA,NA,NA,NA,NA,0.5907,6e-4,413,0.9788,0.8475,0,0.5367,0,Bayes-M10-med
Kilela Balanda,Haut-Katanga,2,FALSE,2e-4,2e-4,3e-4,2e-4,0.0093,449,3e-4,NA,NA,NA,NA,NA,NA,0.3132,3e-4,447,0.9228,0.0927,0,0.2375,0,Bayes-M10-med
Vangu,Haut-Katanga,2,FALSE,2e-4,1e-4,2e-4,2e-4,0.0073,453,2e-4,NA,NA,NA,NA,NA,NA,0.1081,1e-4,461,0.1158,0.1699,0,0.1467,0,Bayes-M10-med
Boma Bungu,Kongo-Central,2,FALSE,2e-4,2e-4,3e-4,2e-4,0.0092,450,3e-4,NA,NA,NA,NA,NA,NA,0.3209,3e-4,446,0.5811,0.5676,0,0.1351,0,Bayes-M10-med
Kinkonzi,Kongo-Central,2,FALSE,2e-4,2e-4,3e-4,2e-4,0.0094,448,3e-4,NA,NA,NA,NA,NA,NA,0.4252,4e-4,430,0.6236,0.8958,0,0.1815,0,Bayes-M10-med
Vaku,Kongo-Central,2,FALSE,2e-4,1e-4,2e-4,2e-4,0.0071,454,2e-4,NA,NA,NA,NA,NA,NA,0.4194,3e-4,445,0.5676,0.9421,0,0.168,0,Bayes-M10-med
Sona Bata,Kongo-Central,2,FALSE,2e-4,2e-4,3e-4,2e-4,0.0082,452,3e-4,NA,NA,NA,NA,NA,NA,0.43,4e-4,440,0.7259,0.7896,0,0.2046,0,Bayes-M10-med
Tembo,Kwango,2,FALSE,2e-4,2e-4,3e-4,2e-4,0.0083,451,3e-4,NA,NA,NA,NA,NA,NA,0.3205,3e-4,449,0.7876,0.3977,0,0.0965,0,Bayes-M10-med
Irebu,Equateur,2,FALSE,1e-4,0,1e-4,1e-4,0.0022,464,1e-4,NA,NA,NA,NA,NA,NA,0.5473,1e-4,458,0.9305,0.6776,0,0.5811,0,Bayes-M10-med
Lilanga Bobangi,Equateur,2,FALSE,1e-4,1e-4,1e-4,1e-4,0.0027,462,1e-4,NA,NA,NA,NA,NA,NA,0.4117,1e-4,459,0.9382,0.2664,0,0.4421,0,Bayes-M10-med
Mampoko,Equateur,2,FALSE,1e-4,1e-4,1e-4,1e-4,0.0047,458,1e-4,NA,NA,NA,NA,NA,NA,0.5135,3e-4,452,0.8919,0.5058,0,0.6564,0,Bayes-M10-med
Ntondo,Equateur,2,FALSE,1e-4,1e-4,1e-4,1e-4,0.0046,459,1e-4,NA,NA,NA,NA,NA,NA,0.6125,3e-4,448,0.8996,0.7259,0,0.8243,0,Bayes-M10-med
Kamalondo,Haut-Katanga,2,FALSE,1e-4,1e-4,1e-4,1e-4,0.0026,463,1e-4,NA,NA,NA,NA,NA,NA,0.0352,0,465,0.029,0.0019,0,0.11,0,Bayes-M10-med
Kowe,Haut-Katanga,2,FALSE,1e-4,1e-4,1e-4,1e-4,0.0029,461,1e-4,NA,NA,NA,NA,NA,NA,0.07,0,464,0.0714,0.0811,0,0.1274,0,Bayes-M10-med
Kibunzi,Kongo-Central,2,FALSE,1e-4,1e-4,2e-4,1e-4,0.0054,456,2e-4,NA,NA,NA,NA,NA,NA,0.4175,2e-4,454,0.7046,0.5251,0,0.4402,0,Bayes-M10-med
Mutshatsha,Lualaba,2,FALSE,1e-4,1e-4,2e-4,1e-4,0.0053,457,2e-4,NA,NA,NA,NA,NA,NA,0.3808,2e-4,456,0.971,0.1023,0,0.4498,0,Bayes-M10-med
Mimia,Mai-Ndombe,2,FALSE,1e-4,1e-4,1e-4,1e-4,0.0038,460,1e-4,NA,NA,NA,NA,NA,NA,0.4841,2e-4,457,0.9614,0.0521,0,0.9228,0,Bayes-M10-med
Kitona,Kongo-Central,2,FALSE,0,0,1e-4,0,0.0016,465,0,NA,NA,NA,NA,NA,NA,0.293,1e-4,463,0.5907,0.5792,0,0.0019,0,Bayes-M10-med
Bokoro,Mai-Ndombe,2,FALSE,0,0,0,0,0,466,0,NA,NA,NA,NA,NA,NA,0.471,0,466,0.6873,0.5097,0,0.6873,0,Bayes-M10-med
Idjwi,Sud-Kivu,2,FALSE,0,0,0,0,0,466,0,NA,NA,NA,NA,NA,NA,0.3007,0,467,0.2992,0.8224,0,0.0811,0,Bayes-M10-med
Boma Mangbetu,Haut-Uele,2,TRUE,NA,NA,NA,NA,NA,NA,NA,NA,NA,NA,NA,NA,NA,0.4122,NA,NA,0.2857,0.5039,0,0.8591,0,Bayes-M10-med
Isiro,Haut-Uele,2,TRUE,NA,NA,NA,NA,NA,NA,NA,NA,NA,NA,NA,NA,NA,0.5253,NA,NA,0.39,0.7587,0,0.9527,0,Bayes-M10-med
Pawa,Haut-Uele,2,TRUE,NA,NA,NA,NA,NA,NA,NA,NA,NA,NA,NA,NA,NA,0.4315,NA,NA,0.2934,0.5734,0,0.8591,0,Bayes-M10-med
Rungu,Haut-Uele,2,TRUE,NA,NA,NA,NA,NA,NA,NA,NA,NA,NA,NA,NA,NA,0.6474,NA,NA,0.8224,0.8031,0,0.9643,0,Bayes-M10-med
Wamba,Haut-Uele,2,TRUE,NA,NA,NA,NA,NA,NA,NA,NA,NA,NA,NA,NA,NA,0.4817,NA,NA,0.6737,0.4363,0,0.8166,0,Bayes-M10-med
Adja,Ituri,2,TRUE,NA,NA,NA,NA,NA,NA,NA,NA,NA,NA,NA,NA,NA,0.2645,NA,NA,0.249,0.4286,0,0.3803,0,Bayes-M10-med
Ariwara,Ituri,2,TRUE,NA,NA,NA,NA,NA,NA,NA,NA,NA,NA,NA,NA,NA,0.2862,NA,NA,0.1988,0.6988,0,0.2471,0,Bayes-M10-med
Aru,Ituri,2,TRUE,NA,NA,NA,NA,NA,NA,NA,NA,NA,NA,NA,NA,NA,0.3528,NA,NA,0.3012,0.8417,0,0.2683,0,Bayes-M10-med
Aungba,Ituri,2,TRUE,NA,NA,NA,NA,NA,NA,NA,NA,NA,NA,NA,NA,NA,0.3354,NA,NA,0.3108,0.6564,0,0.3745,0,Bayes-M10-med
Kambala,Ituri,2,TRUE,NA,NA,NA,NA,NA,NA,NA,NA,NA,NA,NA,NA,NA,0.347,NA,NA,0.3668,0.612,0,0.4093,0,Bayes-M10-med
Logo,Ituri,2,TRUE,NA,NA,NA,NA,NA,NA,NA,NA,NA,NA,NA,NA,NA,0.2384,NA,NA,0.1757,0.5927,0,0.1853,0,Bayes-M10-med
Mahagi,Ituri,2,TRUE,NA,NA,NA,NA,NA,NA,NA,NA,NA,NA,NA,NA,NA,0.2292,NA,NA,0.1718,0.6004,0,0.1448,0,Bayes-M10-med
Rimba,Ituri,2,TRUE,NA,NA,NA,NA,NA,NA,NA,NA,NA,NA,NA,NA,NA,0.306,NA,NA,0.2008,0.7124,0,0.3108,0,Bayes-M10-med
Bambu,Ituri,2,TRUE,NA,NA,NA,NA,NA,NA,NA,NA,NA,NA,NA,NA,NA,0.2399,NA,NA,0.2046,0.4691,0,0.2857,0,Bayes-M10-med
Boga,Ituri,2,TRUE,NA,NA,NA,NA,NA,NA,NA,NA,NA,NA,NA,NA,NA,0.264,NA,NA,0.3861,0.36870000000000003,0,0.3012,0,Bayes-M10-med
Bunia,Ituri,2,TRUE,NA,NA,NA,NA,NA,NA,NA,NA,NA,NA,NA,NA,NA,0.2326,NA,NA,0.1178,0.5637,0,0.249,0,Bayes-M10-med
Damas,Ituri,2,TRUE,NA,NA,NA,NA,NA,NA,NA,NA,NA,NA,NA,NA,NA,0.3224,NA,NA,0.4479,0.3282,0,0.5135,0,Bayes-M10-med
Drodro,Ituri,2,TRUE,NA,NA,NA,NA,NA,NA,NA,NA,NA,NA,NA,NA,NA,0.2674,NA,NA,0.2066,0.5907,0,0.2722,0,Bayes-M10-med
Fataki,Ituri,2,TRUE,NA,NA,NA,NA,NA,NA,NA,NA,NA,NA,NA,NA,NA,0.3185,NA,NA,0.2259,0.7201,0,0.3282,0,Bayes-M10-med
Gety,Ituri,2,TRUE,NA,NA,NA,NA,NA,NA,NA,NA,NA,NA,NA,NA,NA,0.2592,NA,NA,0.3359,0.2973,0,0.4035,0,Bayes-M10-med
Kilo,Ituri,2,TRUE,NA,NA,NA,NA,NA,NA,NA,NA,NA,NA,NA,NA,NA,0.1448,NA,NA,0.2201,0.0502,0,0.3089,0,Bayes-M10-med
Komanda,Ituri,2,TRUE,NA,NA,NA,NA,NA,NA,NA,NA,NA,NA,NA,NA,NA,0.2341,NA,NA,0.3089,0.1197,0,0.5077,0,Bayes-M10-med
Lita,Ituri,2,TRUE,NA,NA,NA,NA,NA,NA,NA,NA,NA,NA,NA,NA,NA,0.306,NA,NA,0.2761,0.7046,0,0.2432,0,Bayes-M10-med
Lolwa,Ituri,2,TRUE,NA,NA,NA,NA,NA,NA,NA,NA,NA,NA,NA,NA,NA,0.3205,NA,NA,0.6429,0,0,0.639,0,Bayes-M10-med
Mambasa,Ituri,2,TRUE,NA,NA,NA,NA,NA,NA,NA,NA,NA,NA,NA,NA,NA,0.4324,NA,NA,0.8842,0.2625,0,0.583,0,Bayes-M10-med
Mandima,Ituri,2,TRUE,NA,NA,NA,NA,NA,NA,NA,NA,NA,NA,NA,NA,NA,0.2659,NA,NA,0.4846,0.2896,0,0.2896,0,Bayes-M10-med
Mangala,Ituri,2,TRUE,NA,NA,NA,NA,NA,NA,NA,NA,NA,NA,NA,NA,NA,0.3021,NA,NA,0.305,0.6158,0,0.2876,0,Bayes-M10-med
Mongbwalu,Ituri,2,TRUE,NA,NA,NA,NA,NA,NA,NA,NA,NA,NA,NA,NA,NA,0.2616,NA,NA,0.4112,0.1834,0,0.4517,0,Bayes-M10-med
Nia Nia,Ituri,2,TRUE,NA,NA,NA,NA,NA,NA,NA,NA,NA,NA,NA,NA,NA,0.2978,NA,NA,0.666,0.0212,0,0.5039,0,Bayes-M10-med
Nizi,Ituri,2,TRUE,NA,NA,NA,NA,NA,NA,NA,NA,NA,NA,NA,NA,NA,0.1771,NA,NA,0.1544,0.3378,0,0.2162,0,Bayes-M10-med
Nyankunde,Ituri,2,TRUE,NA,NA,NA,NA,NA,NA,NA,NA,NA,NA,NA,NA,NA,0.2514,NA,NA,0.2838,0.2432,0,0.4788,0,Bayes-M10-med
Rwampara,Ituri,2,TRUE,NA,NA,NA,NA,NA,NA,NA,NA,NA,NA,NA,NA,NA,0.319,NA,NA,0.2375,0.7452,0,0.2934,0,Bayes-M10-med
Tchomia,Ituri,2,TRUE,NA,NA,NA,NA,NA,NA,NA,NA,NA,NA,NA,NA,NA,0.1998,NA,NA,0.2104,0.3745,0,0.2143,0,Bayes-M10-med
Beni,Nord-Kivu,2,TRUE,NA,NA,NA,NA,NA,NA,NA,NA,NA,NA,NA,NA,NA,0.1559,NA,NA,0.1525,0.2297,0,0.2413,0,Bayes-M10-med
Butembo,Nord-Kivu,2,TRUE,NA,NA,NA,NA,NA,NA,NA,NA,NA,NA,NA,NA,NA,0.1829,NA,NA,0.1139,0.388,0,0.2297,0,Bayes-M10-med
Kalunguta,Nord-Kivu,2,TRUE,NA,NA,NA,NA,NA,NA,NA,NA,NA,NA,NA,NA,NA,0.1559,NA,NA,0.195,0.2066,0,0.222,0,Bayes-M10-med
Katwa,Nord-Kivu,2,TRUE,NA,NA,NA,NA,NA,NA,NA,NA,NA,NA,NA,NA,NA,0.1998,NA,NA,0.0869,0.4846,0,0.2278,0,Bayes-M10-med
Kyondo,Nord-Kivu,2,TRUE,NA,NA,NA,NA,NA,NA,NA,NA,NA,NA,NA,NA,NA,0.3238,NA,NA,0.2954,0.7973,0,0.2027,0,Bayes-M10-med
Lubero,Nord-Kivu,2,TRUE,NA,NA,NA,NA,NA,NA,NA,NA,NA,NA,NA,NA,NA,0.4585,NA,NA,0.5734,0.9382,0,0.3224,0,Bayes-M10-med
Mabalako,Nord-Kivu,2,TRUE,NA,NA,NA,NA,NA,NA,NA,NA,NA,NA,NA,NA,NA,0.1573,NA,NA,0.1931,0.2046,0,0.2317,0,Bayes-M10-med
Masereka,Nord-Kivu,2,TRUE,NA,NA,NA,NA,NA,NA,NA,NA,NA,NA,NA,NA,NA,0.36870000000000003,NA,NA,0.2548,0.9807,0,0.2394,0,Bayes-M10-med
Musienene,Nord-Kivu,2,TRUE,NA,NA,NA,NA,NA,NA,NA,NA,NA,NA,NA,NA,NA,0.319,NA,NA,0.2645,0.7317,0,0.2799,0,Bayes-M10-med
Oicha,Nord-Kivu,2,TRUE,NA,NA,NA,NA,NA,NA,NA,NA,NA,NA,NA,NA,NA,0.3364,NA,NA,0.3243,0.7606,0,0.2606,0,Bayes-M10-med
Vuhovi,Nord-Kivu,2,TRUE,NA,NA,NA,NA,NA,NA,NA,NA,NA,NA,NA,NA,NA,0.2611,NA,NA,0.2027,0.6178,0,0.2239,0,Bayes-M10-med
Goma,Nord-Kivu,2,TRUE,NA,NA,NA,NA,NA,NA,NA,NA,NA,NA,NA,NA,NA,0.2669,NA,NA,0.1274,0.8977,0,0.0425,0,Bayes-M10-med
Miti Murhesa,Sud-Kivu,2,TRUE,NA,NA,NA,NA,NA,NA,NA,NA,NA,NA,NA,NA,NA,0.3277,NA,NA,0.2355,0.9131,0,0.1622,0,Bayes-M10-med
Bafwasende,Tshopo,2,TRUE,NA,NA,NA,NA,NA,NA,NA,NA,NA,NA,NA,NA,NA,0.4546,NA,NA,0.9073,0.2413,0,0.6699,0,Bayes-M10-med
Kabondo,Tshopo,2,TRUE,NA,NA,NA,NA,NA,NA,NA,NA,NA,NA,NA,NA,NA,0.18,NA,NA,0.1911,0.2722,0,0.2568,0,Bayes-M10-med
Lubunga (Tshopo),Tshopo,2,TRUE,NA,NA,NA,NA,NA,NA,NA,NA,NA,NA,NA,NA,NA,0.2288,NA,NA,0.2452,0.3436,0,0.3263,0,Bayes-M10-med
Makiso Kisangani,Tshopo,2,TRUE,NA,NA,NA,NA,NA,NA,NA,NA,NA,NA,NA,NA,NA,0.2355,NA,NA,0.1332,0.5309,0,0.278,0,Bayes-M10-med
Mangobo,Tshopo,2,TRUE,NA,NA,NA,NA,NA,NA,NA,NA,NA,NA,NA,NA,NA,0.2061,NA,NA,0.0792,0.4382,0,0.3069,0,Bayes-M10-med
Wanierukula,Tshopo,2,TRUE,NA,NA,NA,NA,NA,NA,NA,NA,NA,NA,NA,NA,NA,0.473,NA,NA,0.8436,0.5521,0,0.4961,0,Bayes-M10-med
