health_zone,province,horizon,was_active_before,p_case_invasion,p_case_lo,p_case_hi,mu_forecast,rr_nat,rr_nat_rank,rr01_nat,rr_ituri,rr_ituri_rank,rr_nordkivu,rr_nordkivu_rank,rr_hautuele,rr_hautuele_rank,V,priority,priority_rank,surveillance_gap,healthcare_gap,access_gap,social_vulnerability,healthcare_travel_min,method
Watsa,Haut-Uele,1,FALSE,0.2979,0.2377,0.3644,0.3552,30.819,1,1,NA,NA,NA,NA,2.6471,1,0.4797,0.9707,2,0.7297,0.8436,0,0.3456,0,Bayes-M10-med
Gombari,Haut-Uele,1,FALSE,0.255,0.2022,0.3141,0.2955,25.6389,2,0.8562,NA,NA,NA,NA,2.2021,2,0.5772,1,1,0.9633,0.8012,0,0.5444,0,Bayes-M10-med
Nyarambe,Ituri,1,FALSE,0.2528,0.2003,0.3114,0.2924,25.3728,3,0.8485,1.8381,1,NA,NA,NA,NA,0.1805,0.3099,10,0.1699,0.4595,0,0.0927,0,Bayes-M10-med
Biringi,Ituri,1,FALSE,0.1847,0.1449,0.2299,0.2047,17.7669,4,0.6202,1.2871,2,NA,NA,NA,NA,0.3494,0.4385,5,0.3958,0.4865,0,0.5154,0,Bayes-M10-med
Adi,Ituri,1,FALSE,0.1676,0.1311,0.2091,0.1838,15.9525,5,0.5626,1.1557,3,NA,NA,NA,NA,0.3977,0.4527,4,0.2587,0.7104,0,0.6216,0,Bayes-M10-med
Kayna,Nord-Kivu,1,FALSE,0.1675,0.131,0.209,0.1837,15.9453,6,0.5624,NA,NA,2.9556,1,NA,NA,0.3113,0.3542,9,0.2278,0.6332,0,0.3842,0,Bayes-M10-med
Mutwanga,Nord-Kivu,1,FALSE,0.1644,0.1285,0.2052,0.18,15.6207,7,0.5519,NA,NA,2.8955,2,NA,NA,0.2408,0.269,13,0.2606,0.4672,0,0.2355,0,Bayes-M10-med
Biena,Nord-Kivu,1,FALSE,0.15,0.117,0.1876,0.1628,14.1311,8,0.5036,NA,NA,2.6193,3,NA,NA,0.2013,0.2051,17,0.251,0.166,0,0.388,0,Bayes-M10-med
Makoro,Haut-Uele,1,FALSE,0.1405,0.1095,0.176,0.1517,13.1662,9,0.4718,NA,NA,NA,NA,1.1309,3,0.3822,0.3649,8,0.556,0.5483,0,0.4247,0,Bayes-M10-med
Bafwasende,Tshopo,1,FALSE,0.1261,0.0981,0.1583,0.135,11.7188,10,0.4234,NA,NA,NA,NA,NA,NA,0.4546,0.3895,7,0.9073,0.2413,0,0.6699,0,Bayes-M10-med
Angumu,Ituri,1,FALSE,0.1218,0.0947,0.153,0.1301,11.2898,11,0.4089,0.8179,4,NA,NA,NA,NA,0.11,0.0911,31,0.1641,0.1641,0,0.112,0,Bayes-M10-med
Dungu,Haut-Uele,1,FALSE,0.1106,0.0858,0.1391,0.1174,10.1837,12,0.3712,NA,NA,NA,NA,0.8747,4,0.5275,0.3963,6,0.8726,0.5598,0,0.6776,0,Bayes-M10-med
Linga,Ituri,1,FALSE,0.106,0.0821,0.1333,0.1121,9.7317,13,0.3557,0.705,5,NA,NA,NA,NA,0.2148,0.1546,22,0.1969,0.3417,0,0.3205,0,Bayes-M10-med
Viadana,Bas-Uele,1,FALSE,0.1032,0.08,0.1299,0.109,9.4601,14,0.3463,NA,NA,NA,NA,NA,NA,0.6846,0.4797,3,0.9131,0.9788,0,0.8465,0,Bayes-M10-med
Karisimbi,Nord-Kivu,1,FALSE,0.0993,0.0769,0.125,0.1047,9.0823,15,0.3332,NA,NA,1.6835,4,NA,NA,0.1597,0.1077,26,0.0907,0.5154,0,0.0328,0,Bayes-M10-med
Jiba,Ituri,1,FALSE,0.0952,0.0737,0.1199,0.1001,8.6883,16,0.3195,0.6294,6,NA,NA,NA,NA,0.1651,0.1067,27,0.1815,0.1274,0,0.3514,0,Bayes-M10-med
Manguredjipa,Nord-Kivu,1,FALSE,0.0919,0.0711,0.1159,0.0966,8.3784,17,0.3086,NA,NA,1.553,5,NA,NA,0.3475,0.217,15,0.778,0.0579,0,0.5541,0,Bayes-M10-med
Rutshuru,Nord-Kivu,1,FALSE,0.0863,0.0667,0.1089,0.0903,7.8382,18,0.2896,NA,NA,1.4529,6,NA,NA,0.3721,0.2181,14,0.4093,0.9942,0,0.0849,0,Bayes-M10-med
Laybo,Ituri,1,FALSE,0.0861,0.0666,0.1087,0.0902,7.8253,19,0.2892,0.5669,7,NA,NA,NA,NA,0.3393,0.1985,18,0.3069,0.556,0,0.4942,0,Bayes-M10-med
Nyiragongo,Nord-Kivu,1,FALSE,0.0841,0.065,0.1061,0.0879,7.6291,20,0.2823,NA,NA,1.4141,7,NA,NA,0.2891,0.1651,19,0.2432,0.8764,0,0.0367,0,Bayes-M10-med
Niangara,Haut-Uele,1,FALSE,0.0745,0.0575,0.0942,0.0775,6.7267,21,0.2502,NA,NA,NA,NA,0.5778,5,0.5512,0.279,11,0.8031,0.4324,0,0.9691,0,Bayes-M10-med
Alimbongo,Nord-Kivu,1,FALSE,0.0714,0.0551,0.0903,0.0741,6.4336,22,0.2397,NA,NA,1.1925,8,NA,NA,0.4262,0.2067,16,0.5849,0.7471,0,0.3726,0,Bayes-M10-med
Rwanguba,Nord-Kivu,1,FALSE,0.0597,0.046,0.0756,0.0616,5.3492,23,0.2005,NA,NA,0.9915,9,NA,NA,0.2442,0.0991,29,0.2085,0.7027,0,0.0656,0,Bayes-M10-med
Kibirizi,Nord-Kivu,1,FALSE,0.0567,0.0437,0.0718,0.0584,5.0686,24,0.1903,NA,NA,0.9395,10,NA,NA,0.4175,0.1608,20,0.5405,0.8552,0,0.2741,0,Bayes-M10-med
Kirotshe,Nord-Kivu,1,FALSE,0.0555,0.0427,0.0703,0.0571,4.959,25,0.1863,NA,NA,0.9192,11,NA,NA,0.3842,0.1449,23,0.3764,0.9961,0,0.1641,0,Bayes-M10-med
Poko,Bas-Uele,1,FALSE,0.0551,0.0424,0.0699,0.0567,4.9245,26,0.1851,NA,NA,NA,NA,NA,NA,0.7271,0.2723,12,0.9923,0.9517,0,0.9643,0,Bayes-M10-med
Nsele,Kinshasa,1,FALSE,0.0486,0.0374,0.0617,0.0499,4.3275,27,0.1632,NA,NA,NA,NA,NA,NA,0.1583,0.0523,43,0.139,0.3996,0,0.0946,0,Bayes-M10-med
Gombe,Kinshasa,1,FALSE,0.0477,0.0367,0.0605,0.0489,4.2463,28,0.1602,NA,NA,NA,NA,NA,NA,0.1622,0.0526,42,0.0695,0.5695,0,0.0097,0,Bayes-M10-med
Kamango,Nord-Kivu,1,FALSE,0.0419,0.0322,0.0531,0.0428,3.7128,29,0.1405,NA,NA,0.6882,12,NA,NA,0.4373,0.1243,25,0.6583,0.917,0,0.1737,0,Bayes-M10-med
Limete,Kinshasa,1,FALSE,0.0371,0.0285,0.0471,0.0378,3.2784,30,0.1244,NA,NA,NA,NA,NA,NA,0.056,0.0141,84,0.0405,0.1371,0,0.0463,0,Bayes-M10-med
Ibanda,Sud-Kivu,1,FALSE,0.0369,0.0283,0.0469,0.0376,3.2648,31,0.1239,NA,NA,NA,NA,NA,NA,0.2307,0.0578,39,0.083,0.6216,0,0.2181,0,Bayes-M10-med
Aba,Haut-Uele,1,FALSE,0.0364,0.0279,0.0462,0.0371,3.217,32,0.1221,NA,NA,NA,NA,0.2763,6,0.569,0.1406,24,0.6004,0.6853,0,0.9903,0,Bayes-M10-med
Faradje,Haut-Uele,1,FALSE,0.0341,0.0262,0.0434,0.0347,3.0153,33,0.1146,NA,NA,NA,NA,0.259,7,0.4474,0.1037,28,0.7606,0.666,0,0.3629,0,Bayes-M10-med
Bambo,Nord-Kivu,1,FALSE,0.034,0.0261,0.0432,0.0346,3.0002,34,0.114,NA,NA,0.5561,13,NA,NA,0.3962,0.0914,30,0.5521,0.9073,0,0.1255,0,Bayes-M10-med
Binza Ozone,Kinshasa,1,FALSE,0.0339,0.026,0.043,0.0345,2.9912,35,0.1137,NA,NA,NA,NA,NA,NA,0.152,0.035,52,0.0734,0.5232,0,0.0116,0,Bayes-M10-med
Kokolo,Kinshasa,1,FALSE,0.0334,0.0256,0.0424,0.0339,2.9448,36,0.112,NA,NA,NA,NA,NA,NA,0.2172,0.0492,47,0.0772,0.7722,0,0.0193,0,Bayes-M10-med
Lingwala,Kinshasa,1,FALSE,0.0332,0.0255,0.0422,0.0338,2.9321,37,0.1115,NA,NA,NA,NA,NA,NA,0.0323,0.0073,112,0.0232,0.0907,0,0.0154,0,Bayes-M10-med
Ganga,Bas-Uele,1,FALSE,0.0328,0.0252,0.0417,0.0333,2.894,38,0.1101,NA,NA,NA,NA,NA,NA,0.7218,0.1607,21,0.9672,0.9556,0,0.9643,0,Bayes-M10-med
Banalia,Tshopo,1,FALSE,0.0306,0.0235,0.0388,0.031,2.6941,39,0.1026,NA,NA,NA,NA,NA,NA,0.4242,0.0881,33,0.7799,0.1178,0,0.7992,0,Bayes-M10-med
Katana,Sud-Kivu,1,FALSE,0.0301,0.0231,0.0382,0.0305,2.6506,40,0.101,NA,NA,NA,NA,NA,NA,0.3224,0.0659,38,0.2471,0.9112,0,0.1313,0,Bayes-M10-med
Kalamu 1,Kinshasa,1,FALSE,0.0296,0.0227,0.0377,0.0301,2.611,41,0.0995,NA,NA,NA,NA,NA,NA,0.0309,0.0062,120,0.0193,0.0734,0,0.0309,0,Bayes-M10-med
Kasa Vubu,Kinshasa,1,FALSE,0.0296,0.0227,0.0376,0.0301,2.6079,43,0.0994,NA,NA,NA,NA,NA,NA,0.0444,0.0089,104,0.0309,0.1216,0,0.0251,0,Bayes-M10-med
Kinshasa,Kinshasa,1,FALSE,0.0296,0.0227,0.0376,0.0301,2.6095,42,0.0994,NA,NA,NA,NA,NA,NA,0.0203,0.0041,151,0.0135,0.0463,0,0.0212,0,Bayes-M10-med
Binza,Nord-Kivu,1,FALSE,0.0283,0.0217,0.036,0.0287,2.4929,44,0.095,NA,NA,0.4621,14,NA,NA,0.3518,0.0677,37,0.471,0.8378,0,0.0985,0,Bayes-M10-med
Kadutu,Sud-Kivu,1,FALSE,0.0276,0.0212,0.0351,0.028,2.4279,45,0.0926,NA,NA,NA,NA,NA,NA,0.1636,0.0307,56,0.0579,0.3861,0,0.2104,0,Bayes-M10-med
Minova,Sud-Kivu,1,FALSE,0.027,0.0207,0.0343,0.0274,2.374,46,0.0906,NA,NA,NA,NA,NA,NA,0.3866,0.0708,35,0.4421,0.9826,0,0.1216,0,Bayes-M10-med
Lemba,Kinshasa,1,FALSE,0.0263,0.0201,0.0334,0.0266,2.3107,47,0.0882,NA,NA,NA,NA,NA,NA,0.1023,0.0183,69,0.0483,0.3069,0,0.0541,0,Bayes-M10-med
Masina 1,Kinshasa,1,FALSE,0.0261,0.02,0.0332,0.0265,2.2953,48,0.0876,NA,NA,NA,NA,NA,NA,0.0193,0.0034,168,0.0077,0.0077,0,0.0618,0,Bayes-M10-med
Kintambo,Kinshasa,1,FALSE,0.026,0.0199,0.0331,0.0263,2.2862,49,0.0873,NA,NA,NA,NA,NA,NA,0.0338,0.006,126,0.0212,0.1004,0,0.0135,0,Bayes-M10-med
Mweso,Nord-Kivu,1,FALSE,0.0257,0.0197,0.0327,0.0261,2.262,50,0.0864,NA,NA,0.4193,15,NA,NA,0.4189,0.0732,34,0.4498,0.9614,0,0.2645,0,Bayes-M10-med
Yakusu,Tshopo,1,FALSE,0.0236,0.0181,0.03,0.0239,2.0746000000000002,51,0.0793,NA,NA,NA,NA,NA,NA,0.319,0.0512,44,0.4208,0.2085,0,0.6467,0,Bayes-M10-med
Masisi,Nord-Kivu,1,FALSE,0.0233,0.0179,0.0297,0.0236,2.0474,52,0.0783,NA,NA,0.3795,16,NA,NA,0.4402,0.0697,36,0.4324,0.9575,0,0.3707,0,Bayes-M10-med
Kabare,Sud-Kivu,1,FALSE,0.0231,0.0177,0.0294,0.0234,2.027,53,0.0775,NA,NA,NA,NA,NA,NA,0.3567,0.0559,41,0.2394,0.9884,0,0.1988,0,Bayes-M10-med
Masina 2,Kinshasa,1,FALSE,0.0224,0.0172,0.0285,0.0227,1.9686,54,0.0753,NA,NA,NA,NA,NA,NA,0.0265,0.004,152,0.0174,0.0193,0,0.0695,0,Bayes-M10-med
Bandalungwa,Kinshasa,1,FALSE,0.0224,0.0171,0.0284,0.0226,1.9628,55,0.0751,NA,NA,NA,NA,NA,NA,0.0709,0.0108,91,0.0328,0.2336,0,0.0174,0,Bayes-M10-med
Bengamisa,Tshopo,1,FALSE,0.02,0.0153,0.0255,0.0202,1.7562,56,0.0672,NA,NA,NA,NA,NA,NA,0.3012,0.041,50,0.612,0.2162,0,0.3764,0,Bayes-M10-med
Binza Meteo,Kinshasa,1,FALSE,0.0192,0.0147,0.0245,0.0194,1.6835,57,0.0645,NA,NA,NA,NA,NA,NA,0.2558,0.0334,55,0.0965,0.8996,0,0.027,0,Bayes-M10-med
Kikimi,Kinshasa,1,FALSE,0.0188,0.0144,0.024,0.019,1.6516,58,0.0633,NA,NA,NA,NA,NA,NA,0.0835,0.0107,93,0.056,0.1911,0,0.0869,0,Bayes-M10-med
Matete,Kinshasa,1,FALSE,0.0187,0.0143,0.0238,0.0189,1.64,59,0.0628,NA,NA,NA,NA,NA,NA,0.0492,0.0063,119,0.0251,0.1158,0,0.056,0,Bayes-M10-med
Barumbu,Kinshasa,1,FALSE,0.0187,0.0143,0.0238,0.0188,1.6356,60,0.0627,NA,NA,NA,NA,NA,NA,0.014,0.0018,258,0.0097,0.0232,0,0.0232,0,Bayes-M10-med
Buta,Bas-Uele,1,FALSE,0.0185,0.0142,0.0236,0.0187,1.6222,61,0.0622,NA,NA,NA,NA,NA,NA,0.7225,0.0909,32,0.9749,0.9923,0,0.9228,0,Bayes-M10-med
Bafwagbogbo,Tshopo,1,FALSE,0.0175,0.0134,0.0223,0.0177,1.5319,62,0.0587,NA,NA,NA,NA,NA,NA,0.3948,0.0469,48,0.8591,0.027,0,0.6931,0,Bayes-M10-med
Mont Ngafula 1,Kinshasa,1,FALSE,0.0157,0.012,0.02,0.0159,1.3754,63,0.0528,NA,NA,NA,NA,NA,NA,0.2066,0.0221,64,0.1371,0.6313,0,0.0579,0,Bayes-M10-med
Mont Ngafula 2,Kinshasa,1,FALSE,0.0155,0.0118,0.0197,0.0156,1.3519,64,0.0519,NA,NA,NA,NA,NA,NA,0.0951,0.01,99,0.0849,0.2568,0,0.0386,0,Bayes-M10-med
Selembao,Kinshasa,1,FALSE,0.0154,0.0118,0.0196,0.0155,1.3475,65,0.0517,NA,NA,NA,NA,NA,NA,0.0676,0.0071,115,0.0444,0.1815,0,0.0444,0,Bayes-M10-med
Uvira,Sud-Kivu,1,FALSE,0.0154,0.0118,0.0196,0.0155,1.3453,66,0.0516,NA,NA,NA,NA,NA,NA,0.5502,0.0575,40,0.2181,0.9846,0,0.9981,0,Bayes-M10-med
Ndjili,Kinshasa,1,FALSE,0.0152,0.0116,0.0194,0.0153,1.3291,67,0.051,NA,NA,NA,NA,NA,NA,0.0487,0.005,139,0.027,0.1042,0,0.0637,0,Bayes-M10-med
Kingabwa,Kinshasa,1,FALSE,0.0151,0.0116,0.0192,0.0152,1.3211,68,0.0507,NA,NA,NA,NA,NA,NA,0.0478,0.0049,142,0.0425,0.0965,0,0.0521,0,Bayes-M10-med
Ngiri Ngiri,Kinshasa,1,FALSE,0.015,0.0115,0.0191,0.0151,1.3093,70,0.0503,NA,NA,NA,NA,NA,NA,0.028,0.0028,190,0.0154,0.0676,0,0.029,0,Bayes-M10-med
Katoyi,Nord-Kivu,1,FALSE,0.015,0.0115,0.0191,0.0151,1.3107,69,0.0503,NA,NA,0.243,17,NA,NA,0.4542,0.0462,49,0.4614,0.9595,0,0.3958,0,Bayes-M10-med
Police,Kinshasa,1,FALSE,0.0149,0.0114,0.019,0.015,1.3038,71,0.0501,NA,NA,NA,NA,NA,NA,0.0478,0.0048,143,0.0463,0.0772,0,0.0676,0,Bayes-M10-med
Isangi,Tshopo,1,FALSE,0.0134,0.0103,0.0171,0.0135,1.17,72,0.045,NA,NA,NA,NA,NA,NA,0.3837,0.0349,53,0.4054,0.4073,0,0.722,0,Bayes-M10-med
Kalehe,Sud-Kivu,1,FALSE,0.0132,0.0101,0.0168,0.0133,1.1548,73,0.0444,NA,NA,NA,NA,NA,NA,0.3369,0.0302,57,0.3417,0.8649,0,0.1409,0,Bayes-M10-med
Ruzizi,Sud-Kivu,1,FALSE,0.0131,0.01,0.0167,0.0132,1.1424,74,0.0439,NA,NA,NA,NA,NA,NA,0.5627,0.05,46,0.3494,0.9093,0,0.9923,0,Bayes-M10-med
Walikale,Nord-Kivu,1,FALSE,0.0129,0.0099,0.0164,0.013,1.1258,75,0.0433,NA,NA,0.2087,18,NA,NA,0.5729,0.0502,45,0.9459,0.9286,0,0.417,0,Bayes-M10-med
Birambizo,Nord-Kivu,1,FALSE,0.0122,0.0094,0.0156,0.0123,1.0685,76,0.0411,NA,NA,0.1981,19,NA,NA,0.3625,0.0301,58,0.4035,0.89,0,0.1564,0,Bayes-M10-med
Nyemba,Tanganyika,1,FALSE,0.0122,0.0093,0.0155,0.0122,1.063,77,0.0409,NA,NA,NA,NA,NA,NA,0.3456,0.0286,61,0.5965,0.4556,0,0.3301,0,Bayes-M10-med
Lubutu,Maniema,1,FALSE,0.012,0.0092,0.0153,0.0121,1.0489,78,0.0403,NA,NA,NA,NA,NA,NA,0.4706,0.0384,51,0.8205,0.2819,0,0.7799,0,Bayes-M10-med
Maluku 1,Kinshasa,1,FALSE,0.0116,0.0088,0.0147,0.0116,1.0084,80,0.0388,NA,NA,NA,NA,NA,NA,0.2321,0.0182,70,0.3475,0.4517,0,0.1293,0,Bayes-M10-med
Walungu,Sud-Kivu,1,FALSE,0.0116,0.0089,0.0148,0.0117,1.0123,79,0.0389,NA,NA,NA,NA,NA,NA,0.3248,0.0256,62,0.1853,0.8803,0,0.2336,0,Bayes-M10-med
Kingasani,Kinshasa,1,FALSE,0.0114,0.0087,0.0145,0.0114,0.9916,81,0.0381,NA,NA,NA,NA,NA,NA,0.0294,0.0023,223,0.0058,0.0405,0,0.0714,0,Bayes-M10-med
Nyantende,Sud-Kivu,1,FALSE,0.0111,0.0085,0.0142,0.0112,0.9719,82,0.0374,NA,NA,NA,NA,NA,NA,0.3219,0.0244,63,0.1486,0.8938,0,0.2452,0,Bayes-M10-med
Bagira,Sud-Kivu,1,FALSE,0.0098,0.0075,0.0124,0.0098,0.8503,83,0.0327,NA,NA,NA,NA,NA,NA,0.236,0.0156,79,0.1004,0.6371,0,0.2066,0,Bayes-M10-med
Fizi,Sud-Kivu,1,FALSE,0.009,0.0069,0.0115,0.009,0.7845,84,0.0302,NA,NA,NA,NA,NA,NA,0.5637,0.0345,54,0.7432,0.9691,0,0.5425,0,Bayes-M10-med
Lubumbashi,Haut-Katanga,1,FALSE,0.0084,0.0064,0.0107,0.0084,0.7286,85,0.0281,NA,NA,NA,NA,NA,NA,0.1105,0.0063,118,0.1081,0.2104,0,0.1236,0,Bayes-M10-med
Lemera,Sud-Kivu,1,FALSE,0.0078,0.006,0.01,0.0078,0.6807,86,0.0262,NA,NA,NA,NA,NA,NA,0.5613,0.0298,59,0.3629,0.9015,0,0.9807,0,Bayes-M10-med
Makala,Kinshasa,1,FALSE,0.0076,0.0059,0.0097,0.0077,0.6663,87,0.0257,NA,NA,NA,NA,NA,NA,0.0246,0.0013,297,0.0116,0.0386,0,0.0483,0,Bayes-M10-med
Kalamu 2,Kinshasa,1,FALSE,0.0075,0.0058,0.0096,0.0076,0.6562,88,0.0253,NA,NA,NA,NA,NA,NA,0.015,8e-4,373,0.0039,0.0154,0,0.0405,0,Bayes-M10-med
Mubumbano,Sud-Kivu,1,FALSE,0.0075,0.0057,0.0095,0.0075,0.6522,89,0.0251,NA,NA,NA,NA,NA,NA,0.3658,0.0186,66,0.2683,0.9402,0,0.2548,0,Bayes-M10-med
Kindu,Maniema,1,FALSE,0.0074,0.0057,0.0095,0.0075,0.6477,90,0.025,NA,NA,NA,NA,NA,NA,0.3181,0.0161,77,0.1351,0.2529,0,0.8842,0,Bayes-M10-med
Pinga,Nord-Kivu,1,FALSE,0.0074,0.0057,0.0095,0.0075,0.6476,91,0.025,NA,NA,0.12,20,NA,NA,0.57,0.0288,60,0.9595,0.7548,0,0.5656,0,Bayes-M10-med
Basoko,Tshopo,1,FALSE,0.0073,0.0056,0.0093,0.0073,0.6357,92,0.0245,NA,NA,NA,NA,NA,NA,0.3012,0.0149,81,0.5077,0.3147,0,0.3822,0,Bayes-M10-med
Nyangezi,Sud-Kivu,1,FALSE,0.007,0.0054,0.009,0.0071,0.614,93,0.0237,NA,NA,NA,NA,NA,NA,0.36870000000000003,0.0177,73,0.222,0.8842,0,0.36870000000000003,0,Bayes-M10-med
Yabaondo,Tshopo,1,FALSE,0.0068,0.0052,0.0086,0.0068,0.5883,94,0.0227,NA,NA,NA,NA,NA,NA,0.3523,0.0162,76,0.4363,0.305,0,0.668,0,Bayes-M10-med
Kalemie,Tanganyika,1,FALSE,0.0066,0.005,0.0084,0.0066,0.5741,95,0.0221,NA,NA,NA,NA,NA,NA,0.3789,0.017,74,0.6718,0.4575,0,0.3861,0,Bayes-M10-med
Ubundu,Tshopo,1,FALSE,0.0062,0.0047,0.0079,0.0062,0.5376,96,0.0207,NA,NA,NA,NA,NA,NA,0.4744,0.0199,65,0.9054,0.4305,0,0.5618,0,Bayes-M10-med
Mwana,Sud-Kivu,1,FALSE,0.0061,0.0047,0.0078,0.0062,0.5348,97,0.0206,NA,NA,NA,NA,NA,NA,0.3731,0.0156,80,0.2896,0.9035,0,0.2992,0,Bayes-M10-med
Kaniola,Sud-Kivu,1,FALSE,0.006,0.0046,0.0077,0.006,0.5229,98,0.0202,NA,NA,NA,NA,NA,NA,0.4513,0.0184,68,0.5328,0.9305,0,0.3417,0,Bayes-M10-med
Bunyakiri,Sud-Kivu,1,FALSE,0.0058,0.0044,0.0074,0.0058,0.5034,99,0.0194,NA,NA,NA,NA,NA,NA,0.4517,0.0177,72,0.6197,0.832,0,0.3552,0,Bayes-M10-med
Kasongo,Maniema,1,FALSE,0.0051,0.0039,0.0065,0.0051,0.4466,100,0.0172,NA,NA,NA,NA,NA,NA,0.5304,0.0185,67,0.4459,0.7529,0,0.9228,0,Bayes-M10-med
Lisala,Mongala,1,FALSE,0.005,0.0038,0.0064,0.005,0.4356,101,0.0168,NA,NA,NA,NA,NA,NA,0.4093,0.0139,86,0.4286,0.4402,0,0.7683,0,Bayes-M10-med
Manika,Lualaba,1,FALSE,0.0047,0.0036,0.006,0.0047,0.406,103,0.0157,NA,NA,NA,NA,NA,NA,0.1149,0.0036,160,0.0946,0.222,0,0.1429,0,Bayes-M10-med
Opienge,Tshopo,1,FALSE,0.0047,0.0036,0.006,0.0047,0.4113,102,0.0159,NA,NA,NA,NA,NA,NA,0.4445,0.0143,83,0.9556,0.0135,0,0.8089,0,Bayes-M10-med
Yaleko,Tshopo,1,FALSE,0.0047,0.0036,0.0059,0.0047,0.4051,104,0.0156,NA,NA,NA,NA,NA,NA,0.402,0.0127,88,0.639,0.2452,0,0.7239,0,Bayes-M10-med
Mumbunda,Haut-Katanga,1,FALSE,0.0046,0.0035,0.0059,0.0046,0.4012,105,0.0155,NA,NA,NA,NA,NA,NA,0.1853,0.0058,133,0.1197,0.5077,0,0.1139,0,Bayes-M10-med
Yamaluka,Mongala,1,FALSE,0.0044,0.0033,0.0055,0.0044,0.3783,106,0.0146,NA,NA,NA,NA,NA,NA,0.1974,0.0058,132,0.2799,0.1448,0,0.3649,0,Bayes-M10-med
Doruma,Haut-Uele,1,FALSE,0.0043,0.0033,0.0055,0.0043,0.3745,107,0.0145,NA,NA,NA,NA,0.0322,8,0.6216,0.0182,71,0.973,0.5135,0,1,0,Bayes-M10-med
Kisenso,Kinshasa,1,FALSE,0.0042,0.0032,0.0053,0.0042,0.364,108,0.0141,NA,NA,NA,NA,NA,NA,0.0589,0.0017,267,0.0367,0.139,0,0.0598,0,Bayes-M10-med
Kipushi,Haut-Katanga,1,FALSE,0.0041,0.0032,0.0053,0.0041,0.3594,109,0.0139,NA,NA,NA,NA,NA,NA,0.1216,0.0034,169,0.2703,0.1081,0,0.1081,0,Bayes-M10-med
Tshamilemba,Haut-Katanga,1,FALSE,0.0041,0.0031,0.0053,0.0041,0.358,111,0.0138,NA,NA,NA,NA,NA,NA,0.0772,0.0022,230,0.0656,0.1255,0,0.1178,0,Bayes-M10-med
Biyela,Kinshasa,1,FALSE,0.0041,0.0032,0.0053,0.0041,0.3586,110,0.0138,NA,NA,NA,NA,NA,NA,0.1076,0.003,183,0.0637,0.2838,0,0.083,0,Bayes-M10-med
Kimbanseke,Kinshasa,1,FALSE,0.0041,0.0031,0.0052,0.0041,0.3535,112,0.0136,NA,NA,NA,NA,NA,NA,0.0526,0.0015,279,0.0521,0.0849,0,0.0734,0,Bayes-M10-med
Mbandaka,Equateur,1,FALSE,0.004,0.0031,0.0051,0.004,0.3478,113,0.0134,NA,NA,NA,NA,NA,NA,0.5164,0.014,85,0.6409,0.9633,0,0.4614,0,Bayes-M10-med
Maluku 2,Kinshasa,1,FALSE,0.004,0.0031,0.0051,0.004,0.3475,114,0.0134,NA,NA,NA,NA,NA,NA,0.4184,0.0114,90,0.6834,0.5463,0,0.444,0,Bayes-M10-med
Bumbu,Kinshasa,1,FALSE,0.0039,0.003,0.005,0.0039,0.3396,116,0.0131,NA,NA,NA,NA,NA,NA,0.0164,4e-4,420,0.0019,0.029,0,0.0347,0,Bayes-M10-med
Ngaba,Kinshasa,1,FALSE,0.0039,0.003,0.0049,0.0039,0.3354,118,0.013,NA,NA,NA,NA,NA,NA,0.014,4e-4,428,0,0.0058,0,0.0502,0,Bayes-M10-med
Kibua,Nord-Kivu,1,FALSE,0.0039,0.003,0.005,0.0039,0.3377,117,0.013,NA,NA,0.0626,21,NA,NA,0.5154,0.0136,87,0.7741,0.6602,0,0.6274,0,Bayes-M10-med
Nundu,Sud-Kivu,1,FALSE,0.0039,0.003,0.005,0.0039,0.3415,115,0.0132,NA,NA,NA,NA,NA,NA,0.5927,0.0158,78,0.527,0.8494,0,0.9942,0,Bayes-M10-med
Kunda,Maniema,1,FALSE,0.0037,0.0028,0.0047,0.0037,0.3205,119,0.0124,NA,NA,NA,NA,NA,NA,0.4165,0.0104,96,0.4633,0.2799,0,0.9228,0,Bayes-M10-med
Kalonge,Sud-Kivu,1,FALSE,0.0036,0.0028,0.0046,0.0036,0.3158,120,0.0122,NA,NA,NA,NA,NA,NA,0.404,0.01,100,0.4961,0.8359,0,0.2838,0,Bayes-M10-med
Titule,Bas-Uele,1,FALSE,0.0035,0.0027,0.0045,0.0035,0.3047,121,0.0118,NA,NA,NA,NA,NA,NA,0.6839,0.0163,75,0.9865,0.8263,0,0.9228,0,Bayes-M10-med
Saramabila,Maniema,1,FALSE,0.0032,0.0024,0.0041,0.0032,0.2768,122,0.0107,NA,NA,NA,NA,NA,NA,0.4768,0.0103,98,0.473,0.5502,0,0.8842,0,Bayes-M10-med
Kongolo,Tanganyika,1,FALSE,0.0031,0.0024,0.004,0.0031,0.2705,123,0.0104,NA,NA,NA,NA,NA,NA,0.6829,0.0144,82,0.8861,0.9228,0,0.9228,0,Bayes-M10-med
Kabinda,Lomami,1,FALSE,0.003,0.0023,0.0038,0.003,0.2601,124,0.01,NA,NA,NA,NA,NA,NA,0.4382,0.0089,105,0.5097,0.5541,0,0.6892,0,Bayes-M10-med
Kaziba,Sud-Kivu,1,FALSE,0.0029,0.0022,0.0037,0.0029,0.2523,126,0.0097,NA,NA,NA,NA,NA,NA,0.3571,0.007,116,0.2876,0.7838,0,0.3571,0,Bayes-M10-med
Shabunda,Sud-Kivu,1,FALSE,0.0029,0.0022,0.0036,0.0029,0.2486,128,0.0096,NA,NA,NA,NA,NA,NA,0.5922,0.0115,89,0.8378,0.8726,0,0.6583,0,Bayes-M10-med
Yahuma,Tshopo,1,FALSE,0.0029,0.0022,0.0037,0.0029,0.2498,127,0.0096,NA,NA,NA,NA,NA,NA,0.4402,0.0086,107,0.8649,0.332,0,0.5637,0,Bayes-M10-med
Djolu,Tshuapa,1,FALSE,0.0029,0.0023,0.0038,0.003,0.256,125,0.0099,NA,NA,NA,NA,NA,NA,0.5256,0.0105,94,0.7104,0.5985,0,0.7934,0,Bayes-M10-med
Itebero,Nord-Kivu,1,FALSE,0.0028,0.0022,0.0036,0.0028,0.2463,129,0.0095,NA,NA,0.0457,22,NA,NA,0.5574,0.0107,92,0.9112,0.722,0,0.5965,0,Bayes-M10-med
Kitutu,Sud-Kivu,1,FALSE,0.0028,0.0022,0.0036,0.0028,0.2462,130,0.0095,NA,NA,NA,NA,NA,NA,0.5024,0.0097,103,0.751,0.805,0,0.4537,0,Bayes-M10-med
Kimbi Lulenge,Sud-Kivu,1,FALSE,0.0028,0.0021,0.0035,0.0028,0.2406,131,0.0093,NA,NA,NA,NA,NA,NA,0.5507,0.0104,97,0.8475,0.8687,0,0.4865,0,Bayes-M10-med
Bonzola,Kasaï-Oriental,1,FALSE,0.0026,0.002,0.0033,0.0026,0.2269,132,0.0088,NA,NA,NA,NA,NA,NA,0.2958,0.0052,137,0.0927,0.7934,0,0.2973,0,Bayes-M10-med
Kalole,Sud-Kivu,1,FALSE,0.0026,0.002,0.0033,0.0026,0.2227,134,0.0086,NA,NA,NA,NA,NA,NA,0.6038,0.0105,95,0.89,0.7799,0,0.7452,0,Bayes-M10-med
Mwenga,Sud-Kivu,1,FALSE,0.0026,0.002,0.0033,0.0026,0.2261,133,0.0087,NA,NA,NA,NA,NA,NA,0.319,0.0056,134,0.5,0.3552,0,0.4208,0,Bayes-M10-med
Kamituga,Sud-Kivu,1,FALSE,0.0025,0.0019,0.0032,0.0025,0.2154,135,0.0083,NA,NA,NA,NA,NA,NA,0.3596,0.0061,124,0.3938,0.6062,0,0.4382,0,Bayes-M10-med
Mulungu,Sud-Kivu,1,FALSE,0.0025,0.0019,0.0031,0.0025,0.2145,137,0.0083,NA,NA,NA,NA,NA,NA,0.5208,0.0087,106,0.861,0.5193,0,0.7027,0,Bayes-M10-med
Yahisuli,Tshopo,1,FALSE,0.0025,0.0019,0.0032,0.0025,0.2151,136,0.0083,NA,NA,NA,NA,NA,NA,0.3521,0.0059,127,0.3842,0.0714,0,0.9527,0,Bayes-M10-med
Mbulula,Tanganyika,1,FALSE,0.0024,0.0019,0.0031,0.0024,0.2105,138,0.0081,NA,NA,NA,NA,NA,NA,0.5934,0.0098,101,0.6448,0.7761,0,0.9527,0,Bayes-M10-med
Kabalo,Tanganyika,1,FALSE,0.0023,0.0017,0.0029,0.0023,0.1983,139,0.0077,NA,NA,NA,NA,NA,NA,0.624,0.0097,102,0.9035,0.7568,0,0.8359,0,Bayes-M10-med
Kampene,Maniema,1,FALSE,0.0022,0.0017,0.0028,0.0022,0.1889,142,0.0073,NA,NA,NA,NA,NA,NA,0.3962,0.0059,131,0.5251,0.1757,0,0.8842,0,Bayes-M10-med
Kalima,Maniema,1,FALSE,0.0022,0.0017,0.0028,0.0022,0.1911,141,0.0074,NA,NA,NA,NA,NA,NA,0.3094,0.0046,145,0.4595,0.3205,0,0.4575,0,Bayes-M10-med
Opala,Tshopo,1,FALSE,0.0022,0.0017,0.0028,0.0022,0.1935,140,0.0075,NA,NA,NA,NA,NA,NA,0.4269,0.0065,117,0.7819,0.0792,0,0.8465,0,Bayes-M10-med
Punia,Maniema,1,FALSE,0.0021,0.0016,0.0027,0.0021,0.1824,144,0.007,NA,NA,NA,NA,NA,NA,0.3731,0.0053,135,0.7625,0.1969,0,0.5328,0,Bayes-M10-med
Yambuku,Mongala,1,FALSE,0.0021,0.0016,0.0027,0.0021,0.1828,143,0.0071,NA,NA,NA,NA,NA,NA,0.4344,0.0062,121,0.5483,0.5753,0,0.6139,0,Bayes-M10-med
Nyunzu,Tanganyika,1,FALSE,0.0021,0.0016,0.0026,0.0021,0.1789,145,0.0069,NA,NA,NA,NA,NA,NA,0.6023,0.0084,108,0.9653,0.834,0,0.61,0,Bayes-M10-med
Kasansa,Kasaï-Oriental,1,FALSE,0.002,0.0016,0.0026,0.002,0.1764,146,0.0068,NA,NA,NA,NA,NA,NA,0.3349,0.0046,146,0.2568,0.6699,0,0.4131,0,Bayes-M10-med
Kananga,Kasaï-Central,1,FALSE,0.0019,0.0015,0.0025,0.002,0.1692,147,0.0065,NA,NA,NA,NA,NA,NA,0.2963,0.0039,156,0.1429,0.5579,0,0.4846,0,Bayes-M10-med
Nzaba,Kasaï-Oriental,1,FALSE,0.0019,0.0014,0.0024,0.0019,0.1612,151,0.0062,NA,NA,NA,NA,NA,NA,0.278,0.0035,164,0.1042,0.6931,0,0.3147,0,Bayes-M10-med
Mulumba,Lomami,1,FALSE,0.0019,0.0015,0.0024,0.0019,0.1668,148,0.0064,NA,NA,NA,NA,NA,NA,0.2587,0.0034,172,0.1834,0.3108,0,0.5405,0,Bayes-M10-med
Lusangi,Maniema,1,FALSE,0.0019,0.0014,0.0024,0.0019,0.1609,152,0.0062,NA,NA,NA,NA,NA,NA,0.4223,0.0053,136,0.5656,0.2645,0,0.8591,0,Bayes-M10-med
Lolo,Mongala,1,FALSE,0.0019,0.0014,0.0024,0.0019,0.1629,149,0.0063,NA,NA,NA,NA,NA,NA,0.3161,0.004,153,0.4073,0.3263,0,0.5309,0,Bayes-M10-med
Lodja,Sankuru,1,FALSE,0.0019,0.0014,0.0024,0.0019,0.1622,150,0.0063,NA,NA,NA,NA,NA,NA,0.4626,0.0059,130,0.2625,0.6351,0,0.9527,0,Bayes-M10-med
Aketi,Bas-Uele,1,FALSE,0.0018,0.0014,0.0023,0.0018,0.1553,155,0.006,NA,NA,NA,NA,NA,NA,0.6762,0.0082,110,0.9903,0.9363,0,0.778,0,Bayes-M10-med
Tshilenge,Kasaï-Oriental,1,FALSE,0.0018,0.0014,0.0023,0.0018,0.1545,156,0.006,NA,NA,NA,NA,NA,NA,0.2799,0.0034,170,0.1892,0.668,0,0.2625,0,Bayes-M10-med
Lulingu,Sud-Kivu,1,FALSE,0.0018,0.0014,0.0023,0.0018,0.16,153,0.0062,NA,NA,NA,NA,NA,NA,0.6158,0.0077,111,0.9093,0.8108,0,0.7432,0,Bayes-M10-med
Manono,Tanganyika,1,FALSE,0.0018,0.0014,0.0023,0.0018,0.1582,154,0.0061,NA,NA,NA,NA,NA,NA,0.5758,0.0071,114,0.8784,0.9537,0,0.471,0,Bayes-M10-med
Ango,Bas-Uele,1,FALSE,0.0017,0.0013,0.0022,0.0017,0.1516,157,0.0059,NA,NA,NA,NA,NA,NA,0.7095,0.0084,109,1,0.8591,0,0.9788,0,Bayes-M10-med
Kailo,Maniema,1,FALSE,0.0017,0.0013,0.0022,0.0017,0.1497,159,0.0058,NA,NA,NA,NA,NA,NA,0.4276,0.005,140,0.832,0.0946,0,0.7838,0,Bayes-M10-med
Samba,Maniema,1,FALSE,0.0017,0.0013,0.0022,0.0017,0.1503,158,0.0058,NA,NA,NA,NA,NA,NA,0.5179,0.0061,123,0.7529,0.4344,0,0.8842,0,Bayes-M10-med
Bumba,Mongala,1,FALSE,0.0017,0.0013,0.0022,0.0017,0.1467,161,0.0057,NA,NA,NA,NA,NA,NA,0.2384,0.0027,198,0.1409,0.4537,0,0.3591,0,Bayes-M10-med
Haut Plateau,Sud-Kivu,1,FALSE,0.0017,0.0013,0.0022,0.0017,0.147,160,0.0057,NA,NA,NA,NA,NA,NA,0.5246,0.006,125,0.5714,0.5444,0,0.9826,0,Bayes-M10-med
Minembwe,Sud-Kivu,1,FALSE,0.0017,0.0013,0.0021,0.0017,0.1451,162,0.0056,NA,NA,NA,NA,NA,NA,0.5198,0.0059,128,0.7181,0.8089,0,0.5521,0,Bayes-M10-med
Moba,Tanganyika,1,FALSE,0.0017,0.0013,0.0021,0.0017,0.1449,163,0.0056,NA,NA,NA,NA,NA,NA,0.3808,0.0043,149,0.6178,0.4942,0,0.4112,0,Bayes-M10-med
Bondo,Bas-Uele,1,FALSE,0.0016,0.0012,0.002,0.0016,0.1369,168,0.0053,NA,NA,NA,NA,NA,NA,0.6737,0.0072,113,0.9961,0.9981,0,0.7008,0,Bayes-M10-med
Kabongo,Haut-Lomami,1,FALSE,0.0016,0.0012,0.0021,0.0016,0.14,166,0.0054,NA,NA,NA,NA,NA,NA,0.5372,0.0059,129,0.8108,0.778,0,0.5598,0,Bayes-M10-med
Luputa,Lomami,1,FALSE,0.0016,0.0012,0.0021,0.0016,0.1404,165,0.0054,NA,NA,NA,NA,NA,NA,0.3431,0.0038,158,0.3301,0.3166,0,0.7259,0,Bayes-M10-med
Mweneditu,Lomami,1,FALSE,0.0016,0.0012,0.0021,0.0016,0.1406,164,0.0054,NA,NA,NA,NA,NA,NA,0.2799,0.0031,181,0.166,0.3842,0,0.5695,0,Bayes-M10-med
Lingomo,Tshuapa,1,FALSE,0.0016,0.0012,0.0021,0.0016,0.1399,167,0.0054,NA,NA,NA,NA,NA,NA,0.5627,0.0062,122,0.8263,0.5869,0,0.8378,0,Bayes-M10-med
Lubao,Lomami,1,FALSE,0.0015,0.0011,0.0019,0.0015,0.1288,169,0.005,NA,NA,NA,NA,NA,NA,0.3982,0.004,154,0.6486,0.1525,0,0.7915,0,Bayes-M10-med
Kamina,Haut-Lomami,1,FALSE,0.0014,0.001,0.0017,0.0014,0.1184,173,0.0046,NA,NA,NA,NA,NA,NA,0.5164,0.0048,144,0.8301,0.8301,0,0.4054,0,Bayes-M10-med
Diulu,Kasaï-Oriental,1,FALSE,0.0014,0.001,0.0017,0.0014,0.1188,172,0.0046,NA,NA,NA,NA,NA,NA,0.2611,0.0024,212,0.0676,0.6448,0,0.332,0,Bayes-M10-med
Kabeya Kamwanga,Kasaï-Oriental,1,FALSE,0.0014,0.0011,0.0018,0.0014,0.1246,170,0.0048,NA,NA,NA,NA,NA,NA,0.2968,0.0029,188,0.3224,0.3919,0,0.473,0,Bayes-M10-med
Ikela,Tshuapa,1,FALSE,0.0014,0.0011,0.0018,0.0014,0.1224,171,0.0047,NA,NA,NA,NA,NA,NA,0.4633,0.0044,148,0.8147,0.1795,0,0.8591,0,Bayes-M10-med
Kitenge,Haut-Lomami,1,FALSE,0.0013,0.001,0.0017,0.0013,0.1144,175,0.0044,NA,NA,NA,NA,NA,NA,0.5729,0.0051,138,0.8668,0.8069,0,0.6178,0,Bayes-M10-med
Lukelenge,Kasaï-Oriental,1,FALSE,0.0013,0.001,0.0017,0.0013,0.115,174,0.0044,NA,NA,NA,NA,NA,NA,0.2249,0.002,238,0.0811,0.5,0,0.3185,0,Bayes-M10-med
Kabambare,Maniema,1,FALSE,0.0013,0.001,0.0016,0.0013,0.1119,176,0.0043,NA,NA,NA,NA,NA,NA,0.3953,0.0035,166,0.8359,0.112,0,0.6332,0,Bayes-M10-med
Malemba Nkulu,Haut-Lomami,1,FALSE,0.0012,9e-4,0.0016,0.0012,0.10780000000000001,179,0.0042,NA,NA,NA,NA,NA,NA,0.3895,0.0033,175,0.36870000000000003,0.7664,0,0.4228,0,Bayes-M10-med
Kaniama,Haut-Lomami,1,FALSE,0.0012,9e-4,0.0016,0.0012,0.10780000000000001,180,0.0042,NA,NA,NA,NA,NA,NA,0.582,0.0049,141,0.8533,0.6622,0,0.8127,0,Bayes-M10-med
Demba,Kasaï-Central,1,FALSE,0.0012,9e-4,0.0015,0.0012,0.1031,185,0.004,NA,NA,NA,NA,NA,NA,0.4117,0.0033,174,0.4653,0.7143,0,0.4672,0,Bayes-M10-med
Mikalayi,Kasaï-Central,1,FALSE,0.0012,9e-4,0.0015,0.0012,0.1007,187,0.0039,NA,NA,NA,NA,NA,NA,0.3948,0.0031,180,0.4517,0.5811,0,0.5463,0,Bayes-M10-med
Bibanga,Kasaï-Oriental,1,FALSE,0.0012,9e-4,0.0015,0.0012,0.1004,188,0.0039,NA,NA,NA,NA,NA,NA,0.2978,0.0023,221,0.3127,0.4884,0,0.39,0,Bayes-M10-med
Cilundu,Kasaï-Oriental,1,FALSE,0.0012,9e-4,0.0015,0.0012,0.1033,184,0.004,NA,NA,NA,NA,NA,NA,0.221,0.0018,256,0.2317,0.3089,0,0.3436,0,Bayes-M10-med
Citenge,Kasaï-Oriental,1,FALSE,0.0012,9e-4,0.0016,0.0012,0.1071,182,0.0041,NA,NA,NA,NA,NA,NA,0.2321,0.0019,245,0.1583,0.4749,0,0.2954,0,Bayes-M10-med
Idiofa,Kwilu,1,FALSE,0.0012,9e-4,0.0015,0.0012,0.103,186,0.004,NA,NA,NA,NA,NA,NA,0.486,0.0039,157,0.4537,0.749,0,0.7413,0,Bayes-M10-med
Ngandajika,Lomami,1,FALSE,0.0012,0.001,0.0016,0.0012,0.1084,177,0.0042,NA,NA,NA,NA,NA,NA,0.3465,0.0029,186,0.2124,0.4459,0,0.7278,0,Bayes-M10-med
Tshofa,Lomami,1,FALSE,0.0012,9e-4,0.0016,0.0012,0.106,183,0.0041,NA,NA,NA,NA,NA,NA,0.4416,0.0037,159,0.6757,0.3514,0,0.7394,0,Bayes-M10-med
Kibombo,Maniema,1,FALSE,0.0012,9e-4,0.0015,0.0012,0.0999,189,0.0039,NA,NA,NA,NA,NA,NA,0.4614,0.0036,161,0.7452,0.1776,0,0.9228,0,Bayes-M10-med
Obokote,Maniema,1,FALSE,0.0012,0.001,0.0016,0.0012,0.1084,178,0.0042,NA,NA,NA,NA,NA,NA,0.3209,0.0027,199,0.7239,0.0328,0,0.527,0,Bayes-M10-med
Yalimbongo,Tshopo,1,FALSE,0.0012,9e-4,0.0016,0.0012,0.1076,181,0.0042,NA,NA,NA,NA,NA,NA,0.3214,0.0027,201,0.5772,0.0483,0,0.6602,0,Bayes-M10-med
Kamwesha,Kasaï,1,FALSE,0.0011,9e-4,0.0014,0.0011,0.0976,192,0.0038,NA,NA,NA,NA,NA,NA,0.2732,0.0021,233,0.3456,0.2876,0,0.4595,0,Bayes-M10-med
Tshikapa,Kasaï,1,FALSE,0.0011,8e-4,0.0014,0.0011,0.0965,194,0.0037,NA,NA,NA,NA,NA,NA,0.3156,0.0024,219,0.2722,0.6506,0,0.3398,0,Bayes-M10-med
Lubilanji,Kasaï-Oriental,1,FALSE,0.0011,8e-4,0.0013,0.0011,0.0917,198,0.0035,NA,NA,NA,NA,NA,NA,0.1694,0.0012,309,0.0347,0.3398,0,0.3031,0,Bayes-M10-med
Ludimbi Lukula,Lomami,1,FALSE,0.0011,9e-4,0.0014,0.0011,0.0977,191,0.0038,NA,NA,NA,NA,NA,NA,0.4513,0.0035,167,0.6931,0.3475,0,0.7645,0,Bayes-M10-med
Kanda Kanda,Lomami,1,FALSE,0.0011,8e-4,0.0014,0.0011,0.0952,197,0.0037,NA,NA,NA,NA,NA,NA,0.3012,0.0022,225,0.3185,0.1737,0,0.7124,0,Bayes-M10-med
Gemena,Sud-Ubangi,1,FALSE,0.0011,8e-4,0.0014,0.0011,0.0957,196,0.0037,NA,NA,NA,NA,NA,NA,0.3277,0.0025,209,0.1776,0.2741,0,0.8591,0,Bayes-M10-med
Basali,Tshopo,1,FALSE,0.0011,8e-4,0.0014,0.0011,0.0962,195,0.0037,NA,NA,NA,NA,NA,NA,0.3779,0.0028,191,0.834,0.0251,0,0.6525,0,Bayes-M10-med
Boende,Tshuapa,1,FALSE,0.0011,9e-4,0.0014,0.0011,0.0984,190,0.0038,NA,NA,NA,NA,NA,NA,0.4199,0.0032,177,0.6988,0.4807,0,0.5,0,Bayes-M10-med
Kansimba,Tanganyika,1,FALSE,0.0011,9e-4,0.0014,0.0011,0.0976,193,0.0038,NA,NA,NA,NA,NA,NA,0.5497,0.0042,150,0.9479,0.7741,0,0.4768,0,Bayes-M10-med
Luebo,Kasaï,1,FALSE,0.001,8e-4,0.0013,0.001,0.0874,207,0.0034,NA,NA,NA,NA,NA,NA,0.4353,0.003,184,0.5232,0.5116,0,0.7066,0,Bayes-M10-med
Bipemba,Kasaï-Oriental,1,FALSE,0.001,7e-4,0.0013,0.001,0.0851,210,0.0033,NA,NA,NA,NA,NA,NA,0.1544,0.001,333,0.0618,0.2201,0,0.3359,0,Bayes-M10-med
Dibindi,Kasaï-Oriental,1,FALSE,0.001,8e-4,0.0013,0.001,0.0885,205,0.0034,NA,NA,NA,NA,NA,NA,0.1617,0.0011,323,0.0386,0.2954,0,0.3127,0,Bayes-M10-med
Kansele,Kasaï-Oriental,1,FALSE,0.001,7e-4,0.0012,0.001,0.0834,212,0.0032,NA,NA,NA,NA,NA,NA,0.2437,0.0016,270,0.0541,0.5965,0,0.3243,0,Bayes-M10-med
Miabi,Kasaï-Oriental,1,FALSE,0.001,7e-4,0.0012,0.001,0.0849,211,0.0033,NA,NA,NA,NA,NA,NA,0.2838,0.0019,250,0.2297,0.6525,0,0.2529,0,Bayes-M10-med
Mpokolo,Kasaï-Oriental,1,FALSE,0.001,7e-4,0.0012,0.001,0.0828,214,0.0032,NA,NA,NA,NA,NA,NA,0.2901,0.0019,251,0.1255,0.6873,0,0.3475,0,Bayes-M10-med
Muya,Kasaï-Oriental,1,FALSE,0.001,8e-4,0.0013,0.001,0.0879,206,0.0034,NA,NA,NA,NA,NA,NA,0.2495,0.0017,263,0.0753,0.5888,0,0.334,0,Bayes-M10-med
Tshishimbi,Kasaï-Oriental,1,FALSE,0.001,7e-4,0.0012,0.001,0.0831,213,0.0032,NA,NA,NA,NA,NA,NA,0.1742,0.0011,319,0.1795,0.2471,0,0.2703,0,Bayes-M10-med
Kamana,Lomami,1,FALSE,0.001,8e-4,0.0013,0.001,0.089,203,0.0034,NA,NA,NA,NA,NA,NA,0.2944,0.0021,235,0.5309,0.0174,0,0.6293,0,Bayes-M10-med
Kalenda,Lomami,1,FALSE,0.001,8e-4,0.0013,0.001,0.0865,208,0.0033,NA,NA,NA,NA,NA,NA,0.2886,0.002,244,0.388,0.1873,0,0.5792,0,Bayes-M10-med
Ferekeni,Maniema,1,FALSE,0.001,8e-4,0.0013,0.001,0.0898,199,0.0035,NA,NA,NA,NA,NA,NA,0.3504,0.0025,207,0.7722,0.0425,0,0.5869,0,Bayes-M10-med
Yamongili,Mongala,1,FALSE,0.001,8e-4,0.0013,0.001,0.0891,202,0.0034,NA,NA,NA,NA,NA,NA,0.3243,0.0023,224,0.5116,0.3668,0,0.4189,0,Bayes-M10-med
Katako Kombe,Sankuru,1,FALSE,0.001,8e-4,0.0013,0.001,0.0863,209,0.0033,NA,NA,NA,NA,NA,NA,0.4703,0.0032,178,0.7857,0.1313,0,0.9643,0,Bayes-M10-med
Itombwe,Sud-Kivu,1,FALSE,0.001,8e-4,0.0013,0.001,0.0896,200,0.0035,NA,NA,NA,NA,NA,NA,0.5121,0.0036,162,0.8571,0.6737,0,0.5174,0,Bayes-M10-med
Lowa,Tshopo,1,FALSE,0.001,8e-4,0.0013,0.001,0.0888,204,0.0034,NA,NA,NA,NA,NA,NA,0.4073,0.0028,193,0.8938,0.0598,0,0.6757,0,Bayes-M10-med
Mondombe,Tshuapa,1,FALSE,0.001,8e-4,0.0013,0.001,0.0894,201,0.0035,NA,NA,NA,NA,NA,NA,0.4797,0.0034,173,0.6622,0.3726,0,0.8842,0,Bayes-M10-med
Likati,Bas-Uele,1,FALSE,9e-4,7e-4,0.0012,9e-4,0.0819,218,0.0032,NA,NA,NA,NA,NA,NA,0.7124,0.0046,147,0.9942,0.971,0,0.8842,0,Bayes-M10-med
Bukama,Haut-Lomami,1,FALSE,9e-4,7e-4,0.0011,9e-4,0.0756,225,0.0029,NA,NA,NA,NA,NA,NA,0.4764,0.0028,195,0.7143,0.7625,0,0.4286,0,Bayes-M10-med
Mulongo,Haut-Lomami,1,FALSE,9e-4,7e-4,0.0011,9e-4,0.0755,226,0.0029,NA,NA,NA,NA,NA,NA,0.4773,0.0028,194,0.7471,0.7703,0,0.3919,0,Bayes-M10-med
Mweka,Kasaï,1,FALSE,9e-4,7e-4,0.0012,9e-4,0.082,216,0.0032,NA,NA,NA,NA,NA,NA,0.5053,0.0032,176,0.4788,0.7239,0,0.8185,0,Bayes-M10-med
Bena Leka,Kasaï-Central,1,FALSE,9e-4,7e-4,0.0012,9e-4,0.0803,221,0.0031,NA,NA,NA,NA,NA,NA,0.4986,0.0031,179,0.6062,0.7162,0,0.6718,0,Bayes-M10-med
Luiza,Kasaï-Central,1,FALSE,9e-4,7e-4,0.0012,9e-4,0.082,217,0.0032,NA,NA,NA,NA,NA,NA,0.4218,0.0027,200,0.4807,0.6293,0,0.5772,0,Bayes-M10-med
Masuika,Kasaï-Central,1,FALSE,9e-4,7e-4,0.0012,9e-4,0.0796,223,0.0031,NA,NA,NA,NA,NA,NA,0.3885,0.0024,215,0.3263,0.5618,0,0.666,0,Bayes-M10-med
Lusanga,Kwilu,1,FALSE,9e-4,7e-4,0.0011,9e-4,0.0747,227,0.0029,NA,NA,NA,NA,NA,NA,0.4242,0.0025,206,0.4382,0.7297,0,0.529,0,Bayes-M10-med
Kalambayi Kabanga,Lomami,1,FALSE,9e-4,7e-4,0.0012,9e-4,0.0823,215,0.0032,NA,NA,NA,NA,NA,NA,0.3132,0.002,239,0.4556,0.1602,0,0.6371,0,Bayes-M10-med
Alunguli,Maniema,1,FALSE,9e-4,7e-4,0.0012,9e-4,0.0813,219,0.0031,NA,NA,NA,NA,NA,NA,0.3132,0.002,240,0.1737,0.195,0,0.8842,0,Bayes-M10-med
Omendjadi,Sankuru,1,FALSE,9e-4,7e-4,0.0011,9e-4,0.0746,228,0.0029,NA,NA,NA,NA,NA,NA,0.4262,0.0025,205,0.5502,0.2317,0,0.9228,0,Bayes-M10-med
Vanga Kete,Sankuru,1,FALSE,9e-4,7e-4,0.0012,9e-4,0.0813,220,0.0031,NA,NA,NA,NA,NA,NA,0.4503,0.0029,189,0.4672,0.4112,0,0.9228,0,Bayes-M10-med
Tshumbe,Sankuru,1,FALSE,9e-4,7e-4,0.0011,9e-4,0.0781,224,0.003,NA,NA,NA,NA,NA,NA,0.3907,0.0024,218,0.5444,0.1718,0,0.8465,0,Bayes-M10-med
Kiambi,Tanganyika,1,FALSE,9e-4,7e-4,0.0012,9e-4,0.0801,222,0.0031,NA,NA,NA,NA,NA,NA,0.5709,0.0036,163,0.9807,0.6834,0,0.6197,0,Bayes-M10-med
Bili (Bas-Uele),Bas-Uele,1,FALSE,8e-4,6e-4,0.0011,8e-4,0.0728,234,0.0028,NA,NA,NA,NA,NA,NA,0.6926,0.0039,155,0.9981,0.7992,0,0.973,0,Bayes-M10-med
Kalonda Ouest,Kasaï,1,FALSE,8e-4,6e-4,0.001,8e-4,0.0667,245,0.0026,NA,NA,NA,NA,NA,NA,0.2239,0.0012,313,0.2915,0.251,0,0.3533,0,Bayes-M10-med
Dibaya,Kasaï-Central,1,FALSE,8e-4,6e-4,0.001,8e-4,0.0695,239,0.0027,NA,NA,NA,NA,NA,NA,0.3325,0.0018,255,0.3147,0.4479,0,0.5676,0,Bayes-M10-med
Tshikaji,Kasaï-Central,1,FALSE,8e-4,6e-4,0.001,8e-4,0.07,236,0.0027,NA,NA,NA,NA,NA,NA,0.3195,0.0017,262,0.1873,0.5849,0,0.5058,0,Bayes-M10-med
Mukumbi,Kasaï-Oriental,1,FALSE,8e-4,6e-4,0.001,8e-4,0.0698,237,0.0027,NA,NA,NA,NA,NA,NA,0.2249,0.0012,305,0.2413,0.1892,0,0.4691,0,Bayes-M10-med
Vanga,Kwilu,1,FALSE,8e-4,6e-4,0.001,8e-4,0.0671,243,0.0026,NA,NA,NA,NA,NA,NA,0.5034,0.0026,202,0.3726,0.8205,0,0.8205,0,Bayes-M10-med
Bulungu,Kwilu,1,FALSE,8e-4,6e-4,0.001,8e-4,0.0682,240,0.0026,NA,NA,NA,NA,NA,NA,0.4508,0.0024,216,0.3571,0.6795,0,0.7664,0,Bayes-M10-med
Mukedi,Kwilu,1,FALSE,8e-4,6e-4,0.001,8e-4,0.0676,242,0.0026,NA,NA,NA,NA,NA,NA,0.4836,0.0026,203,0.5367,0.7066,0,0.6911,0,Bayes-M10-med
Kalonda Est,Lomami,1,FALSE,8e-4,6e-4,0.001,8e-4,0.0655,246,0.0025,NA,NA,NA,NA,NA,NA,0.3292,0.0017,265,0.5425,0.1506,0,0.6236,0,Bayes-M10-med
Dilala,Lualaba,1,FALSE,8e-4,6e-4,0.001,8e-4,0.0667,244,0.0026,NA,NA,NA,NA,NA,NA,0.1347,7e-4,379,0.1506,0.2548,0,0.1332,0,Bayes-M10-med
Fungurume,Lualaba,1,FALSE,8e-4,6e-4,0.0011,8e-4,0.0736,229,0.0028,NA,NA,NA,NA,NA,NA,0.1564,9e-4,348,0.2664,0.1622,0,0.1969,0,Bayes-M10-med
Pangi,Maniema,1,FALSE,8e-4,6e-4,0.001,8e-4,0.0655,247,0.0025,NA,NA,NA,NA,NA,NA,0.3316,0.0017,264,0.6081,0.056,0,0.6622,0,Bayes-M10-med
Karawa,Nord-Ubangi,1,FALSE,8e-4,6e-4,0.001,8e-4,0.0697,238,0.0027,NA,NA,NA,NA,NA,NA,0.6404,0.0035,165,0.7568,0.973,0,0.832,0,Bayes-M10-med
Ototo,Sankuru,1,FALSE,8e-4,6e-4,0.001,8e-4,0.0679,241,0.0026,NA,NA,NA,NA,NA,NA,0.4561,0.0024,213,0.5386,0.3629,0,0.9228,0,Bayes-M10-med
Dikungu,Sankuru,1,FALSE,8e-4,6e-4,0.0011,8e-4,0.0734,232,0.0028,NA,NA,NA,NA,NA,NA,0.3779,0.0022,228,0.4865,0.1409,0,0.8842,0,Bayes-M10-med
Minga,Sankuru,1,FALSE,8e-4,6e-4,0.0011,8e-4,0.0732,233,0.0028,NA,NA,NA,NA,NA,NA,0.5347,0.0031,182,0.7838,0.471,0,0.8842,0,Bayes-M10-med
Bokungu,Tshuapa,1,FALSE,8e-4,6e-4,0.0011,8e-4,0.0735,231,0.0028,NA,NA,NA,NA,NA,NA,0.49370000000000003,0.0028,192,0.695,0.3571,0,0.9228,0,Bayes-M10-med
Yalifafu,Tshuapa,1,FALSE,8e-4,6e-4,0.0011,8e-4,0.0736,230,0.0028,NA,NA,NA,NA,NA,NA,0.4797,0.0028,197,0.7664,0.2683,0,0.8842,0,Bayes-M10-med
Ankoro,Tanganyika,1,FALSE,8e-4,6e-4,0.001,8e-4,0.0714,235,0.0028,NA,NA,NA,NA,NA,NA,0.6047,0.0034,171,0.9266,0.8282,0,0.6641,0,Bayes-M10-med
Kabondo Dianda,Haut-Lomami,1,FALSE,7e-4,5e-4,9e-4,7e-4,0.0614,257,0.0024,NA,NA,NA,NA,NA,NA,0.4107,0.002,243,0.5888,0.5714,0,0.4826,0,Bayes-M10-med
Mukanga,Haut-Lomami,1,FALSE,7e-4,5e-4,9e-4,7e-4,0.0616,256,0.0024,NA,NA,NA,NA,NA,NA,0.4739,0.0023,222,0.6853,0.6911,0,0.5193,0,Bayes-M10-med
Kanzala,Kasaï,1,FALSE,7e-4,5e-4,8e-4,7e-4,0.0573,264,0.0022,NA,NA,NA,NA,NA,NA,0.2046,9e-4,345,0.168,0.3127,0,0.3378,0,Bayes-M10-med
Katende,Kasaï-Central,1,FALSE,7e-4,6e-4,9e-4,7e-4,0.0625,252,0.0024,NA,NA,NA,NA,NA,NA,0.5154,0.0025,204,0.6525,0.6486,0,0.7606,0,Bayes-M10-med
Lukonga,Kasaï-Central,1,FALSE,7e-4,5e-4,9e-4,7e-4,0.0611,260,0.0024,NA,NA,NA,NA,NA,NA,0.3282,0.0016,274,0.2239,0.6429,0,0.4459,0,Bayes-M10-med
Ndekesha,Kasaï-Central,1,FALSE,7e-4,6e-4,9e-4,7e-4,0.0645,249,0.0025,NA,NA,NA,NA,NA,NA,0.4059,0.002,236,0.4768,0.4498,0,0.6969,0,Bayes-M10-med
Luambo,Kasaï-Central,1,FALSE,7e-4,6e-4,9e-4,7e-4,0.0625,253,0.0024,NA,NA,NA,NA,NA,NA,0.3769,0.0018,253,0.5347,0.5656,0,0.4073,0,Bayes-M10-med
Kenge,Kwango,1,FALSE,7e-4,6e-4,9e-4,7e-4,0.0634,250,0.0025,NA,NA,NA,NA,NA,NA,0.5574,0.0028,196,0.6139,0.8127,0,0.8031,0,Bayes-M10-med
Gungu,Kwilu,1,FALSE,7e-4,6e-4,9e-4,7e-4,0.0629,251,0.0024,NA,NA,NA,NA,NA,NA,0.4237,0.0021,234,0.5058,0.6969,0,0.4923,0,Bayes-M10-med
Kikwit Nord,Kwilu,1,FALSE,7e-4,5e-4,9e-4,7e-4,0.0622,254,0.0024,NA,NA,NA,NA,NA,NA,0.2915,0.0014,283,0.1236,0.5405,0,0.5019,0,Bayes-M10-med
Koshibanda,Kwilu,1,FALSE,7e-4,5e-4,9e-4,7e-4,0.0613,258,0.0024,NA,NA,NA,NA,NA,NA,0.4913,0.0024,220,0.5193,0.6757,0,0.7703,0,Bayes-M10-med
Makota,Lomami,1,FALSE,7e-4,5e-4,9e-4,7e-4,0.0579,263,0.0022,NA,NA,NA,NA,NA,NA,0.2587,0.0012,311,0.1023,0.3764,0,0.556,0,Bayes-M10-med
Tunda,Maniema,1,FALSE,7e-4,5e-4,9e-4,7e-4,0.0583,262,0.0023,NA,NA,NA,NA,NA,NA,0.459,0.0021,232,0.8977,0.0541,0,0.8842,0,Bayes-M10-med
Bosondjo,Mongala,1,FALSE,7e-4,6e-4,0.001,7e-4,0.065,248,0.0025,NA,NA,NA,NA,NA,NA,0.3489,0.0018,257,0.5618,0.1931,0,0.6409,0,Bayes-M10-med
Pimu,Mongala,1,FALSE,7e-4,5e-4,9e-4,7e-4,0.0598,261,0.0023,NA,NA,NA,NA,NA,NA,0.4257,0.002,241,0.583,0.3707,0,0.749,0,Bayes-M10-med
Wembo Nyama,Sankuru,1,FALSE,7e-4,5e-4,9e-4,7e-4,0.062,255,0.0024,NA,NA,NA,NA,NA,NA,0.4097,0.002,242,0.5019,0.2143,0,0.9228,0,Bayes-M10-med
Bwamanda,Sud-Ubangi,1,FALSE,7e-4,5e-4,9e-4,7e-4,0.0613,259,0.0024,NA,NA,NA,NA,NA,NA,0.4667,0.0022,226,0.4189,0.7394,0,0.7085,0,Bayes-M10-med
Monga,Bas-Uele,1,FALSE,6e-4,5e-4,8e-4,6e-4,0.0518,273,0.002,NA,NA,NA,NA,NA,NA,0.7336,0.003,185,0.9826,0.9672,0,0.9846,0,Bayes-M10-med
Kampemba,Haut-Katanga,1,FALSE,6e-4,5e-4,8e-4,6e-4,0.0542,270,0.0021,NA,NA,NA,NA,NA,NA,0.0531,2e-4,449,0.0598,0.0367,0,0.1158,0,Bayes-M10-med
Kilwa,Haut-Katanga,1,FALSE,6e-4,5e-4,8e-4,6e-4,0.0513,275,0.002,NA,NA,NA,NA,NA,NA,0.3764,0.0015,276,0.749,0.39,0,0.3668,0,Bayes-M10-med
Pweto,Haut-Katanga,1,FALSE,6e-4,4e-4,7e-4,6e-4,0.0498,278,0.0019,NA,NA,NA,NA,NA,NA,0.3518,0.0014,287,0.7992,0.2587,0,0.3494,0,Bayes-M10-med
Ruashi,Haut-Katanga,1,FALSE,6e-4,4e-4,7e-4,6e-4,0.0484,281,0.0019,NA,NA,NA,NA,NA,NA,0.0705,3e-4,442,0.0985,0.0637,0,0.1197,0,Bayes-M10-med
Sakania,Haut-Katanga,1,FALSE,6e-4,4e-4,8e-4,6e-4,0.0511,276,0.002,NA,NA,NA,NA,NA,NA,0.2775,0.0011,326,0.7375,0.2355,0,0.1371,0,Bayes-M10-med
Ilebo,Kasaï,1,FALSE,6e-4,5e-4,8e-4,6e-4,0.0531,272,0.0021,NA,NA,NA,NA,NA,NA,0.3142,0.0013,294,0.2162,0.6139,0,0.4266,0,Bayes-M10-med
Tshikula,Kasaï-Central,1,FALSE,6e-4,4e-4,7e-4,6e-4,0.048,282,0.0019,NA,NA,NA,NA,NA,NA,0.3296,0.0012,302,0.3919,0.3185,0,0.6081,0,Bayes-M10-med
Tshibala,Kasaï-Central,1,FALSE,6e-4,5e-4,8e-4,6e-4,0.0531,271,0.0021,NA,NA,NA,NA,NA,NA,0.4218,0.0018,261,0.4266,0.5772,0,0.6834,0,Bayes-M10-med
Yangala,Kasaï-Central,1,FALSE,6e-4,5e-4,8e-4,6e-4,0.0552,267,0.0021,NA,NA,NA,NA,NA,NA,0.348,0.0015,278,0.5927,0.2259,0,0.5734,0,Bayes-M10-med
Ipamu,Kwilu,1,FALSE,6e-4,4e-4,7e-4,6e-4,0.0507,277,0.002,NA,NA,NA,NA,NA,NA,0.5454,0.0022,229,0.4903,0.7683,0,0.9228,0,Bayes-M10-med
Kikwit Sud,Kwilu,1,FALSE,6e-4,4e-4,7e-4,6e-4,0.049,280,0.0019,NA,NA,NA,NA,NA,NA,0.3282,0.0013,299,0.1313,0.7008,0,0.4807,0,Bayes-M10-med
Binga,Mongala,1,FALSE,6e-4,5e-4,8e-4,6e-4,0.0516,274,0.002,NA,NA,NA,NA,NA,NA,0.3306,0.0013,290,0.4749,0.249,0,0.5985,0,Bayes-M10-med
Yakoma,Nord-Ubangi,1,FALSE,6e-4,5e-4,8e-4,6e-4,0.0564,265,0.0022,NA,NA,NA,NA,NA,NA,0.6641,0.0029,187,0.7124,0.9479,0,0.9961,0,Bayes-M10-med
Lomela,Sankuru,1,FALSE,6e-4,5e-4,8e-4,6e-4,0.0549,269,0.0021,NA,NA,NA,NA,NA,NA,0.4759,0.002,237,0.8456,0.1351,0,0.9228,0,Bayes-M10-med
Lusambo,Sankuru,1,FALSE,6e-4,4e-4,7e-4,6e-4,0.0497,279,0.0019,NA,NA,NA,NA,NA,NA,0.4833,0.0019,252,0.6815,0.2992,0,0.9527,0,Bayes-M10-med
Tandala,Sud-Ubangi,1,FALSE,6e-4,5e-4,8e-4,6e-4,0.0552,268,0.0021,NA,NA,NA,NA,NA,NA,0.4078,0.0018,260,0.2741,0.527,0,0.8301,0,Bayes-M10-med
Befale,Tshuapa,1,FALSE,6e-4,4e-4,7e-4,6e-4,0.0479,283,0.0019,NA,NA,NA,NA,NA,NA,0.5145,0.0019,247,0.8822,0.4903,0,0.6853,0,Bayes-M10-med
Mompono,Tshuapa,1,FALSE,6e-4,5e-4,8e-4,6e-4,0.0552,266,0.0021,NA,NA,NA,NA,NA,NA,0.5598,0.0024,214,0.8089,0.6042,0,0.8263,0,Bayes-M10-med
Basankusu,Equateur,1,FALSE,5e-4,4e-4,7e-4,5e-4,0.0455,291,0.0018,NA,NA,NA,NA,NA,NA,0.6844,0.0024,211,0.9517,0.8629,0,0.9228,0,Bayes-M10-med
Bolomba,Equateur,1,FALSE,5e-4,4e-4,7e-4,5e-4,0.0442,300,0.0017,NA,NA,NA,NA,NA,NA,0.6163,0.0021,231,0.9575,0.8533,0,0.6544,0,Bayes-M10-med
Kambove,Haut-Katanga,1,FALSE,5e-4,4e-4,7e-4,5e-4,0.047,286,0.0018,NA,NA,NA,NA,NA,NA,0.306,0.0011,321,0.4247,0.6236,0,0.1757,0,Bayes-M10-med
Kapolowe,Haut-Katanga,1,FALSE,5e-4,4e-4,7e-4,5e-4,0.046,289,0.0018,NA,NA,NA,NA,NA,NA,0.3026,0.0011,328,0.5579,0.444,0,0.2085,0,Bayes-M10-med
Kisanga,Haut-Katanga,1,FALSE,5e-4,4e-4,6e-4,5e-4,0.0439,303,0.0017,NA,NA,NA,NA,NA,NA,0.1081,4e-4,427,0.1293,0.2008,0,0.1023,0,Bayes-M10-med
Kinkondja,Haut-Lomami,1,FALSE,5e-4,4e-4,6e-4,5e-4,0.042,311,0.0016,NA,NA,NA,NA,NA,NA,0.4889,0.0016,269,0.7278,0.6274,0,0.6004,0,Bayes-M10-med
Kakenge,Kasaï,1,FALSE,5e-4,4e-4,6e-4,5e-4,0.0426,309,0.0016,NA,NA,NA,NA,NA,NA,0.4522,0.0015,277,0.5753,0.4788,0,0.7548,0,Bayes-M10-med
Ndjoko Mpunda,Kasaï,1,FALSE,5e-4,4e-4,7e-4,5e-4,0.0449,295,0.0017,NA,NA,NA,NA,NA,NA,0.333,0.0012,312,0.3977,0.2915,0,0.6429,0,Bayes-M10-med
Kamonia,Kasaï,1,FALSE,5e-4,4e-4,7e-4,5e-4,0.0454,292,0.0018,NA,NA,NA,NA,NA,NA,0.14,5e-4,413,0.3707,0.11,0,0.0792,0,Bayes-M10-med
Bilomba,Kasaï-Central,1,FALSE,5e-4,4e-4,6e-4,5e-4,0.0401,314,0.0016,NA,NA,NA,NA,NA,NA,0.4006,0.0013,300,0.3378,0.4421,0,0.8224,0,Bayes-M10-med
Katoka,Kasaï-Central,1,FALSE,5e-4,4e-4,7e-4,5e-4,0.047,287,0.0018,NA,NA,NA,NA,NA,NA,0.2645,0.001,343,0.1216,0.473,0,0.4633,0,Bayes-M10-med
Lubunga (Kasaï-Central),Kasaï-Central,1,FALSE,5e-4,4e-4,6e-4,5e-4,0.0398,315,0.0015,NA,NA,NA,NA,NA,NA,0.4599,0.0014,281,0.5637,0.4653,0,0.8108,0,Bayes-M10-med
Muetshi,Kasaï-Central,1,FALSE,5e-4,4e-4,7e-4,5e-4,0.0446,297,0.0017,NA,NA,NA,NA,NA,NA,0.4792,0.0017,266,0.6158,0.5386,0,0.7625,0,Bayes-M10-med
Matadi,Kongo-Central,1,FALSE,5e-4,4e-4,7e-4,5e-4,0.0446,298,0.0017,NA,NA,NA,NA,NA,NA,0.2939,0.001,334,0.1564,0.944,0,0.0753,0,Bayes-M10-med
Kisantu,Kongo-Central,1,FALSE,5e-4,3e-4,6e-4,5e-4,0.0392,316,0.0015,NA,NA,NA,NA,NA,NA,0.418,0.0013,296,0.5039,0.9903,0,0.1776,0,Bayes-M10-med
Djuma,Kwilu,1,FALSE,5e-4,4e-4,7e-4,5e-4,0.0443,299,0.0017,NA,NA,NA,NA,NA,NA,0.5256,0.0018,254,0.4826,0.7355,0,0.8842,0,Bayes-M10-med
Masi Manimba,Kwilu,1,FALSE,5e-4,4e-4,6e-4,5e-4,0.0431,307,0.0017,NA,NA,NA,NA,NA,NA,0.4281,0.0014,280,0.332,0.4961,0,0.8842,0,Bayes-M10-med
Yasa Bonga,Kwilu,1,FALSE,5e-4,4e-4,7e-4,5e-4,0.0477,284,0.0018,NA,NA,NA,NA,NA,NA,0.4206,0.0016,273,0.3031,0.5328,0,0.8465,0,Bayes-M10-med
Wikong,Lomami,1,FALSE,5e-4,4e-4,6e-4,5e-4,0.0404,312,0.0016,NA,NA,NA,NA,NA,NA,0.3663,0.0012,315,0.2529,0.4228,0,0.7896,0,Bayes-M10-med
Kasaji,Lualaba,1,FALSE,5e-4,4e-4,7e-4,5e-4,0.045,294,0.0017,NA,NA,NA,NA,NA,NA,0.4648,0.0016,268,0.8552,0.4923,0,0.5116,0,Bayes-M10-med
Lualaba,Lualaba,1,FALSE,5e-4,4e-4,7e-4,5e-4,0.0461,288,0.0018,NA,NA,NA,NA,NA,NA,0.1404,5e-4,411,0.3552,0.0347,0,0.1718,0,Bayes-M10-med
Boso Manzi,Mongala,1,FALSE,5e-4,4e-4,6e-4,5e-4,0.043,308,0.0017,NA,NA,NA,NA,NA,NA,0.3982,0.0013,289,0.5695,0.2278,0,0.7954,0,Bayes-M10-med
Abuzi,Nord-Ubangi,1,FALSE,5e-4,4e-4,6e-4,5e-4,0.0438,305,0.0017,NA,NA,NA,NA,NA,NA,0.7153,0.0025,210,0.9846,0.9054,0,0.971,0,Bayes-M10-med
Bili (Nord-Ubangi),Nord-Ubangi,1,FALSE,5e-4,4e-4,6e-4,5e-4,0.0403,313,0.0016,NA,NA,NA,NA,NA,NA,0.7075,0.0022,227,0.9247,0.9189,0,0.9865,0,Bayes-M10-med
Bosobolo,Nord-Ubangi,1,FALSE,5e-4,4e-4,6e-4,5e-4,0.044,302,0.0017,NA,NA,NA,NA,NA,NA,0.7148,0.0025,208,0.9363,0.9459,0,0.9768,0,Bayes-M10-med
Gbadolite,Nord-Ubangi,1,FALSE,5e-4,4e-4,7e-4,5e-4,0.0477,285,0.0018,NA,NA,NA,NA,NA,NA,0.5183,0.0019,246,0.7915,0.9653,0,0.3166,0,Bayes-M10-med
Mobayi Mbongo,Nord-Ubangi,1,FALSE,5e-4,4e-4,7e-4,5e-4,0.0447,296,0.0017,NA,NA,NA,NA,NA,NA,0.5458,0.0019,248,0.9324,0.8166,0,0.4344,0,Bayes-M10-med
Wapinda,Nord-Ubangi,1,FALSE,5e-4,4e-4,7e-4,5e-4,0.0451,293,0.0017,NA,NA,NA,NA,NA,NA,0.6791,0.0024,217,0.9015,0.8398,0,0.9749,0,Bayes-M10-med
Bena Dibele,Sankuru,1,FALSE,5e-4,4e-4,6e-4,5e-4,0.0439,304,0.0017,NA,NA,NA,NA,NA,NA,0.4093,0.0014,285,0.6216,0.1564,0,0.8591,0,Bayes-M10-med
Djalo Ndjeka,Sankuru,1,FALSE,5e-4,4e-4,6e-4,5e-4,0.0434,306,0.0017,NA,NA,NA,NA,NA,NA,0.3378,0.0011,317,0.3591,0.0695,0,0.9228,0,Bayes-M10-med
Kole,Sankuru,1,FALSE,5e-4,4e-4,6e-4,5e-4,0.0421,310,0.0016,NA,NA,NA,NA,NA,NA,0.4802,0.0016,272,0.7761,0.2606,0,0.8842,0,Bayes-M10-med
Bogosenubea,Sud-Ubangi,1,FALSE,5e-4,4e-4,6e-4,5e-4,0.0441,301,0.0017,NA,NA,NA,NA,NA,NA,0.4107,0.0014,284,0.4981,0.3031,0,0.8417,0,Bayes-M10-med
Libenge,Sud-Ubangi,1,FALSE,5e-4,4e-4,7e-4,5e-4,0.0456,290,0.0018,NA,NA,NA,NA,NA,NA,0.3818,0.0014,288,0.6293,0.3591,0,0.5386,0,Bayes-M10-med
Ingende,Equateur,1,FALSE,4e-4,3e-4,5e-4,4e-4,0.0306,353,0.0012,NA,NA,NA,NA,NA,NA,0.596,0.0014,282,0.9208,0.8571,0,0.6062,0,Bayes-M10-med
Likasi,Haut-Katanga,1,FALSE,4e-4,3e-4,5e-4,4e-4,0.0364,323,0.0014,NA,NA,NA,NA,NA,NA,0.1728,5e-4,414,0.112,0.4208,0,0.1583,0,Bayes-M10-med
Mufunga Sampwe,Haut-Katanga,1,FALSE,4e-4,3e-4,5e-4,4e-4,0.0346,330,0.0013,NA,NA,NA,NA,NA,NA,0.3774,0.001,335,0.8185,0.0888,0,0.6023,0,Bayes-M10-med
Kasenga,Haut-Katanga,1,FALSE,4e-4,3e-4,5e-4,4e-4,0.0317,342,0.0012,NA,NA,NA,NA,NA,NA,0.3953,0.001,340,0.8166,0.6255,0,0.139,0,Bayes-M10-med
Lwamba,Haut-Lomami,1,FALSE,4e-4,3e-4,5e-4,4e-4,0.0346,331,0.0013,NA,NA,NA,NA,NA,NA,0.4865,0.0013,293,0.8069,0.6409,0,0.4981,0,Bayes-M10-med
Kayamba,Haut-Lomami,1,FALSE,4e-4,3e-4,5e-4,4e-4,0.0315,347,0.0012,NA,NA,NA,NA,NA,NA,0.4276,0.0011,330,0.7027,0.4189,0,0.5888,0,Bayes-M10-med
Songa,Haut-Lomami,1,FALSE,4e-4,3e-4,5e-4,4e-4,0.0341,333,0.0013,NA,NA,NA,NA,NA,NA,0.473,0.0013,298,0.9344,0.3533,0,0.6042,0,Bayes-M10-med
Dekese,Kasaï,1,FALSE,4e-4,3e-4,5e-4,4e-4,0.0309,351,0.0012,NA,NA,NA,NA,NA,NA,0.4633,0.0011,324,0.9189,0.2181,0,0.7162,0,Bayes-M10-med
Mikope,Kasaï,1,FALSE,4e-4,3e-4,5e-4,4e-4,0.0362,326,0.0014,NA,NA,NA,NA,NA,NA,0.3996,0.0011,320,0.6776,0.2703,0,0.6506,0,Bayes-M10-med
Mushenge,Kasaï,1,FALSE,4e-4,3e-4,5e-4,4e-4,0.0313,349,0.0012,NA,NA,NA,NA,NA,NA,0.3229,8e-4,369,0.5946,0.0656,0,0.6313,0,Bayes-M10-med
Kitangwa,Kasaï,1,FALSE,4e-4,3e-4,5e-4,4e-4,0.0323,340,0.0012,NA,NA,NA,NA,NA,NA,0.3287,8e-4,361,0.6332,0.1062,0,0.5753,0,Bayes-M10-med
Bunkonde,Kasaï-Central,1,FALSE,4e-4,3e-4,5e-4,4e-4,0.031,350,0.0012,NA,NA,NA,NA,NA,NA,0.3523,9e-4,355,0.4015,0.278,0,0.7297,0,Bayes-M10-med
Lubondaie,Kasaï-Central,1,FALSE,4e-4,3e-4,5e-4,4e-4,0.0362,325,0.0014,NA,NA,NA,NA,NA,NA,0.3147,9e-4,349,0.3822,0.1583,0,0.7181,0,Bayes-M10-med
Mutoto,Kasaï-Central,1,FALSE,4e-4,3e-4,5e-4,4e-4,0.0307,352,0.0012,NA,NA,NA,NA,NA,NA,0.3441,8e-4,362,0.4575,0.361,0,0.5579,0,Bayes-M10-med
Lukula,Kongo-Central,1,FALSE,4e-4,3e-4,5e-4,4e-4,0.0316,346,0.0012,NA,NA,NA,NA,NA,NA,0.3933,0.001,341,0.529,0.8745,0,0.1699,0,Bayes-M10-med
Muanda,Kongo-Central,1,FALSE,4e-4,3e-4,6e-4,4e-4,0.0387,318,0.0015,NA,NA,NA,NA,NA,NA,0.4093,0.0012,301,0.6371,1,0,0,0,Bayes-M10-med
Kimpese,Kongo-Central,1,FALSE,4e-4,3e-4,5e-4,4e-4,0.0317,344,0.0012,NA,NA,NA,NA,NA,NA,0.4947,0.0012,306,0.7896,0.9768,0,0.2124,0,Bayes-M10-med
Boko,Kwango,1,FALSE,4e-4,3e-4,4e-4,4e-4,0.0305,354,0.0012,NA,NA,NA,NA,NA,NA,0.5121,0.0012,308,0.7336,0.61,0,0.7046,0,Bayes-M10-med
Bagata,Kwilu,1,FALSE,4e-4,3e-4,5e-4,4e-4,0.0328,337,0.0013,NA,NA,NA,NA,NA,NA,0.5135,0.0013,292,0.6795,0.695,0,0.6795,0,Bayes-M10-med
Bandundu,Kwilu,1,FALSE,4e-4,3e-4,5e-4,4e-4,0.0332,335,0.0013,NA,NA,NA,NA,NA,NA,0.3364,9e-4,351,0.3436,0.751,0,0.251,0,Bayes-M10-med
Kimputu,Kwilu,1,FALSE,4e-4,3e-4,5e-4,4e-4,0.0314,348,0.0012,NA,NA,NA,NA,NA,NA,0.5039,0.0012,303,0.4923,0.639,0,0.8842,0,Bayes-M10-med
Mokala,Kwilu,1,FALSE,4e-4,3e-4,6e-4,4e-4,0.0379,321,0.0015,NA,NA,NA,NA,NA,NA,0.5118,0.0015,275,0.4228,0.6718,0,0.9527,0,Bayes-M10-med
Mosango,Kwilu,1,FALSE,4e-4,3e-4,5e-4,4e-4,0.0319,341,0.0012,NA,NA,NA,NA,NA,NA,0.515,0.0013,295,0.5463,0.7375,0,0.7761,0,Bayes-M10-med
Pay Kongila,Kwilu,1,FALSE,4e-4,3e-4,5e-4,4e-4,0.0332,336,0.0013,NA,NA,NA,NA,NA,NA,0.4488,0.0012,314,0.5135,0.6467,0,0.6351,0,Bayes-M10-med
Kamiji,Lomami,1,FALSE,4e-4,3e-4,6e-4,4e-4,0.0381,320,0.0015,NA,NA,NA,NA,NA,NA,0.2635,8e-4,372,0.3398,0.1293,0,0.5849,0,Bayes-M10-med
Kapanga,Lualaba,1,FALSE,4e-4,3e-4,6e-4,4e-4,0.0382,319,0.0015,NA,NA,NA,NA,NA,NA,0.4112,0.0012,304,0.8514,0.3938,0,0.3996,0,Bayes-M10-med
Sandoa,Lualaba,1,FALSE,4e-4,3e-4,5e-4,4e-4,0.0317,343,0.0012,NA,NA,NA,NA,NA,NA,0.5536,0.0014,286,0.9421,0.6815,0,0.5907,0,Bayes-M10-med
Kanzenze,Lualaba,1,FALSE,4e-4,3e-4,5e-4,4e-4,0.0325,338,0.0013,NA,NA,NA,NA,NA,NA,0.2389,6e-4,397,0.6255,0.1429,0,0.1873,0,Bayes-M10-med
Businga,Nord-Ubangi,1,FALSE,4e-4,3e-4,5e-4,4e-4,0.0333,334,0.0013,NA,NA,NA,NA,NA,NA,0.6781,0.0018,259,0.9286,0.861,0,0.9228,0,Bayes-M10-med
Loko,Nord-Ubangi,1,FALSE,4e-4,3e-4,5e-4,4e-4,0.0372,322,0.0014,NA,NA,NA,NA,NA,NA,0.6535,0.0019,249,0.9402,0.9266,0,0.7471,0,Bayes-M10-med
Wasolo,Nord-Ubangi,1,FALSE,4e-4,3e-4,5e-4,4e-4,0.0355,328,0.0014,NA,NA,NA,NA,NA,NA,0.5709,0.0016,271,0.5541,0.7413,0,0.9884,0,Bayes-M10-med
Pania Mutombo,Sankuru,1,FALSE,4e-4,3e-4,5e-4,4e-4,0.0343,332,0.0013,NA,NA,NA,NA,NA,NA,0.4117,0.0011,327,0.7413,0.1236,0,0.7819,0,Bayes-M10-med
Bokonzi,Sud-Ubangi,1,FALSE,4e-4,3e-4,5e-4,4e-4,0.0317,345,0.0012,NA,NA,NA,NA,NA,NA,0.236,6e-4,399,0.4305,0.083,0,0.4305,0,Bayes-M10-med
Boto,Sud-Ubangi,1,FALSE,4e-4,3e-4,5e-4,4e-4,0.0323,339,0.0012,NA,NA,NA,NA,NA,NA,0.3596,9e-4,347,0.3282,0.5174,0,0.5927,0,Bayes-M10-med
Budjala,Sud-Ubangi,1,FALSE,4e-4,3e-4,5e-4,4e-4,0.0363,324,0.0014,NA,NA,NA,NA,NA,NA,0.43,0.0012,307,0.5154,0.4035,0,0.8012,0,Bayes-M10-med
Bulu,Sud-Ubangi,1,FALSE,4e-4,3e-4,5e-4,4e-4,0.0353,329,0.0014,NA,NA,NA,NA,NA,NA,0.3147,9e-4,352,0.3649,0.1988,0,0.695,0,Bayes-M10-med
Kungu,Sud-Ubangi,1,FALSE,4e-4,3e-4,5e-4,4e-4,0.0361,327,0.0014,NA,NA,NA,NA,NA,NA,0.3711,0.001,332,0.3745,0.3359,0,0.7741,0,Bayes-M10-med
Ndage,Sud-Ubangi,1,FALSE,4e-4,3e-4,6e-4,4e-4,0.0388,317,0.0015,NA,NA,NA,NA,NA,NA,0.3533,0.0011,329,0.3996,0.2761,0,0.7375,0,Bayes-M10-med
Kikula,Haut-Katanga,1,FALSE,3e-4,2e-4,3e-4,3e-4,0.0238,381,9e-4,NA,NA,NA,NA,NA,NA,0.0951,2e-4,454,0.1062,0.1139,0,0.1602,0,Bayes-M10-med
Mitwaba,Haut-Katanga,1,FALSE,3e-4,2e-4,4e-4,3e-4,0.0254,373,0.001,NA,NA,NA,NA,NA,NA,0.3528,7e-4,381,0.8012,0.0618,0,0.5483,0,Bayes-M10-med
Kafubu,Haut-Katanga,1,FALSE,3e-4,2e-4,3e-4,3e-4,0.0228,385,9e-4,NA,NA,NA,NA,NA,NA,0.2104,4e-4,426,0.6042,0.0869,0,0.1506,0,Bayes-M10-med
Bulape,Kasaï,1,FALSE,3e-4,2e-4,4e-4,3e-4,0.0247,376,0.001,NA,NA,NA,NA,NA,NA,0.4315,8e-4,359,0.7066,0.1853,0,0.834,0,Bayes-M10-med
Mutena,Kasaï,1,FALSE,3e-4,3e-4,4e-4,3e-4,0.0299,357,0.0012,NA,NA,NA,NA,NA,NA,0.2336,5e-4,403,0.334,0.0753,0,0.5251,0,Bayes-M10-med
Nyanga,Kasaï,1,FALSE,3e-4,2e-4,4e-4,3e-4,0.0246,377,0.001,NA,NA,NA,NA,NA,NA,0.348,7e-4,387,0.4402,0.3803,0,0.5714,0,Bayes-M10-med
Bena Tshadi,Kasaï-Central,1,FALSE,3e-4,2e-4,3e-4,3e-4,0.0235,383,9e-4,NA,NA,NA,NA,NA,NA,0.472,9e-4,353,0.6699,0.3784,0,0.8398,0,Bayes-M10-med
Ndesha,Kasaï-Central,1,FALSE,3e-4,3e-4,4e-4,3e-4,0.0299,358,0.0012,NA,NA,NA,NA,NA,NA,0.2317,5e-4,404,0.1448,0.3456,0,0.4363,0,Bayes-M10-med
Kalomba,Kasaï-Central,1,FALSE,3e-4,2e-4,3e-4,3e-4,0.0235,382,9e-4,NA,NA,NA,NA,NA,NA,0.2944,5e-4,405,0.3166,0.1467,0,0.7143,0,Bayes-M10-med
Boma,Kongo-Central,1,FALSE,3e-4,3e-4,4e-4,3e-4,0.0298,360,0.0012,NA,NA,NA,NA,NA,NA,0.2901,7e-4,386,0.1467,0.9247,0,0.0888,0,Bayes-M10-med
Seke Banza,Kongo-Central,1,FALSE,3e-4,2e-4,4e-4,3e-4,0.0239,380,9e-4,NA,NA,NA,NA,NA,NA,0.4513,8e-4,357,0.6351,0.9498,0,0.2201,0,Bayes-M10-med
Boko Kivulu,Kongo-Central,1,FALSE,3e-4,3e-4,4e-4,3e-4,0.0294,364,0.0011,NA,NA,NA,NA,NA,NA,0.4281,0.001,339,0.5792,0.9324,0,0.2008,0,Bayes-M10-med
Kwilu Ngongo,Kongo-Central,1,FALSE,3e-4,2e-4,4e-4,3e-4,0.0263,370,0.001,NA,NA,NA,NA,NA,NA,0.3875,8e-4,368,0.4884,0.8668,0,0.195,0,Bayes-M10-med
Mbanza Ngungu,Kongo-Central,1,FALSE,3e-4,3e-4,4e-4,3e-4,0.0284,366,0.0011,NA,NA,NA,NA,NA,NA,0.3711,8e-4,363,0.3205,0.9749,0,0.1892,0,Bayes-M10-med
Kahemba,Kwango,1,FALSE,3e-4,2e-4,4e-4,3e-4,0.0271,369,0.001,NA,NA,NA,NA,NA,NA,0.5367,0.0011,318,0.8958,0.7278,0,0.5232,0,Bayes-M10-med
Panzi,Kwango,1,FALSE,3e-4,2e-4,4e-4,3e-4,0.0271,368,0.001,NA,NA,NA,NA,NA,NA,0.5236,0.0011,325,0.7548,0.583,0,0.7568,0,Bayes-M10-med
Feshi,Kwango,1,FALSE,3e-4,3e-4,4e-4,3e-4,0.0304,356,0.0012,NA,NA,NA,NA,NA,NA,0.5082,0.0012,310,0.7317,0.5425,0,0.7587,0,Bayes-M10-med
Kimbao,Kwango,1,FALSE,3e-4,2e-4,4e-4,3e-4,0.025,375,0.001,NA,NA,NA,NA,NA,NA,0.5743,0.0011,322,0.7201,0.7181,0,0.8591,0,Bayes-M10-med
Popokabaka,Kwango,1,FALSE,3e-4,2e-4,3e-4,3e-4,0.0234,384,9e-4,NA,NA,NA,NA,NA,NA,0.5507,0.001,336,0.7703,0.7876,0,0.6448,0,Bayes-M10-med
Kikongo,Kwilu,1,FALSE,3e-4,3e-4,4e-4,3e-4,0.0294,363,0.0011,NA,NA,NA,NA,NA,NA,0.5024,0.0012,316,0.6969,0.6023,0,0.7104,0,Bayes-M10-med
Sia,Kwilu,1,FALSE,3e-4,2e-4,3e-4,3e-4,0.0223,387,9e-4,NA,NA,NA,NA,NA,NA,0.3986,7e-4,382,0.4151,0.3822,0,0.7973,0,Bayes-M10-med
Mungindu,Kwilu,1,FALSE,3e-4,3e-4,4e-4,3e-4,0.0286,365,0.0011,NA,NA,NA,NA,NA,NA,0.3818,9e-4,356,0.4691,0.5367,0,0.5212,0,Bayes-M10-med
Dilolo,Lualaba,1,FALSE,3e-4,3e-4,4e-4,3e-4,0.0294,362,0.0011,NA,NA,NA,NA,NA,NA,0.3663,8e-4,358,0.8398,0.6197,0,0.0058,0,Bayes-M10-med
Kafakumba,Lualaba,1,FALSE,3e-4,2e-4,3e-4,3e-4,0.0226,386,9e-4,NA,NA,NA,NA,NA,NA,0.4648,8e-4,365,0.8687,0.2027,0,0.7876,0,Bayes-M10-med
Kalamba,Lualaba,1,FALSE,3e-4,3e-4,4e-4,3e-4,0.0296,361,0.0011,NA,NA,NA,NA,NA,NA,0.4542,0.0011,331,0.8803,0.2375,0,0.6988,0,Bayes-M10-med
Inongo,Mai-Ndombe,1,FALSE,3e-4,2e-4,4e-4,3e-4,0.0251,374,0.001,NA,NA,NA,NA,NA,NA,0.4952,0.001,342,0.7645,0.2934,0,0.9228,0,Bayes-M10-med
Bongandanga,Mongala,1,FALSE,3e-4,2e-4,4e-4,3e-4,0.0277,367,0.0011,NA,NA,NA,NA,NA,NA,0.4228,9e-4,346,0.7587,0.0097,0,0.9228,0,Bayes-M10-med
Boso Mondanda,Mongala,1,FALSE,3e-4,3e-4,4e-4,3e-4,0.0298,359,0.0012,NA,NA,NA,NA,NA,NA,0.3716,9e-4,354,0.5869,0.1486,0,0.751,0,Bayes-M10-med
Bangabola,Sud-Ubangi,1,FALSE,3e-4,2e-4,4e-4,3e-4,0.0259,371,0.001,NA,NA,NA,NA,NA,NA,0.3904,8e-4,370,0.3533,0.3494,0,0.8591,0,Bayes-M10-med
Bominenge,Sud-Ubangi,1,FALSE,3e-4,2e-4,4e-4,3e-4,0.0241,379,9e-4,NA,NA,NA,NA,NA,NA,0.3258,6e-4,395,0.2819,0.0985,0,0.9228,0,Bayes-M10-med
Mawuya,Sud-Ubangi,1,FALSE,3e-4,2e-4,4e-4,3e-4,0.0246,378,9e-4,NA,NA,NA,NA,NA,NA,0.2654,5e-4,410,0.444,0.2394,0,0.3784,0,Bayes-M10-med
Monkoto,Tshuapa,1,FALSE,3e-4,3e-4,4e-4,4e-4,0.0304,355,0.0012,NA,NA,NA,NA,NA,NA,0.5598,0.0013,291,0.9498,0.4054,0,0.8842,0,Bayes-M10-med
Busanga,Tshuapa,1,FALSE,3e-4,2e-4,4e-4,3e-4,0.0256,372,0.001,NA,NA,NA,NA,NA,NA,0.4452,9e-4,350,0.6602,0.168,0,0.9527,0,Bayes-M10-med
Bikoro,Equateur,1,FALSE,2e-4,2e-4,3e-4,2e-4,0.0206,395,8e-4,NA,NA,NA,NA,NA,NA,0.5951,0.001,344,0.8127,0.8147,0,0.7529,0,Bayes-M10-med
Djombo,Equateur,1,FALSE,2e-4,2e-4,3e-4,2e-4,0.0196,401,8e-4,NA,NA,NA,NA,NA,NA,0.6554,0.001,338,0.917,0.7819,0,0.9228,0,Bayes-M10-med
Iboko,Equateur,1,FALSE,2e-4,1e-4,2e-4,2e-4,0.0167,415,6e-4,NA,NA,NA,NA,NA,NA,0.612,8e-4,367,0.8282,0.7915,0,0.8282,0,Bayes-M10-med
Lotumbe,Equateur,1,FALSE,2e-4,2e-4,3e-4,2e-4,0.0175,408,7e-4,NA,NA,NA,NA,NA,NA,0.5816,8e-4,366,0.9691,0.7085,0,0.6486,0,Bayes-M10-med
Lukolela,Equateur,1,FALSE,2e-4,1e-4,2e-4,2e-4,0.0147,424,6e-4,NA,NA,NA,NA,NA,NA,0.5787,7e-4,388,0.944,0.9151,0,0.4556,0,Bayes-M10-med
Makanza,Equateur,1,FALSE,2e-4,2e-4,3e-4,2e-4,0.0202,398,8e-4,NA,NA,NA,NA,NA,NA,0.639,0.001,337,0.9537,0.7954,0,0.8069,0,Bayes-M10-med
Monieka,Equateur,1,FALSE,2e-4,1e-4,2e-4,2e-4,0.0151,420,6e-4,NA,NA,NA,NA,NA,NA,0.596,7e-4,378,0.9768,0.7336,0,0.6737,0,Bayes-M10-med
Wangata,Equateur,1,FALSE,2e-4,2e-4,3e-4,2e-4,0.0208,394,8e-4,NA,NA,NA,NA,NA,NA,0.417,7e-4,384,0.2336,0.9865,0,0.4479,0,Bayes-M10-med
Panda,Haut-Katanga,1,FALSE,2e-4,2e-4,3e-4,2e-4,0.0215,390,8e-4,NA,NA,NA,NA,NA,NA,0.2027,3e-4,431,0.1622,0.4826,0,0.166,0,Bayes-M10-med
Kenya,Haut-Katanga,1,FALSE,2e-4,2e-4,3e-4,2e-4,0.0191,403,7e-4,NA,NA,NA,NA,NA,NA,0.0569,1e-4,459,0.11,0.0116,0,0.1062,0,Bayes-M10-med
Lukafu,Haut-Katanga,1,FALSE,2e-4,2e-4,3e-4,2e-4,0.0215,389,8e-4,NA,NA,NA,NA,NA,NA,0.4015,7e-4,385,0.888,0.3243,0,0.3938,0,Bayes-M10-med
Butumba,Haut-Lomami,1,FALSE,2e-4,2e-4,3e-4,2e-4,0.0172,411,7e-4,NA,NA,NA,NA,NA,NA,0.4595,6e-4,393,0.7973,0.4151,0,0.6255,0,Bayes-M10-med
Kinda,Haut-Lomami,1,FALSE,2e-4,1e-4,2e-4,2e-4,0.0143,427,6e-4,NA,NA,NA,NA,NA,NA,0.5077,6e-4,401,0.9884,0.4266,0,0.6158,0,Bayes-M10-med
Banga Lubaka,Kasaï,1,FALSE,2e-4,2e-4,3e-4,2e-4,0.0177,407,7e-4,NA,NA,NA,NA,NA,NA,0.3205,4e-4,418,0.5174,0.0444,0,0.7201,0,Bayes-M10-med
Kangu,Kongo-Central,1,FALSE,2e-4,2e-4,3e-4,2e-4,0.0185,405,7e-4,NA,NA,NA,NA,NA,NA,0.3528,5e-4,409,0.3803,0.8822,0,0.1486,0,Bayes-M10-med
Inga,Kongo-Central,1,FALSE,2e-4,1e-4,2e-4,2e-4,0.0163,418,6e-4,NA,NA,NA,NA,NA,NA,0.3847,5e-4,415,0.5212,0.8243,0,0.1931,0,Bayes-M10-med
Luozi,Kongo-Central,1,FALSE,2e-4,1e-4,2e-4,2e-4,0.0154,419,6e-4,NA,NA,NA,NA,NA,NA,0.5241,6e-4,391,0.7355,0.8861,0,0.4749,0,Bayes-M10-med
Nsona Mpangu,Kongo-Central,1,FALSE,2e-4,2e-4,3e-4,2e-4,0.0201,399,8e-4,NA,NA,NA,NA,NA,NA,0.4165,7e-4,389,0.722,0.7645,0,0.1795,0,Bayes-M10-med
Nzanza,Kongo-Central,1,FALSE,2e-4,1e-4,2e-4,2e-4,0.0131,430,5e-4,NA,NA,NA,NA,NA,NA,0.2172,2e-4,450,0.0888,0.6892,0,0.0907,0,Bayes-M10-med
Gombe Matadi,Kongo-Central,1,FALSE,2e-4,1e-4,2e-4,2e-4,0.0164,417,6e-4,NA,NA,NA,NA,NA,NA,0.4151,5e-4,406,0.6911,0.7857,0,0.1834,0,Bayes-M10-med
Kimvula,Kongo-Central,1,FALSE,2e-4,1e-4,2e-4,2e-4,0.014,429,5e-4,NA,NA,NA,NA,NA,NA,0.569,6e-4,392,0.8629,0.8784,0,0.5347,0,Bayes-M10-med
Massa,Kongo-Central,1,FALSE,2e-4,2e-4,3e-4,2e-4,0.0212,392,8e-4,NA,NA,NA,NA,NA,NA,0.4223,7e-4,380,0.668,0.9208,0,0.1004,0,Bayes-M10-med
Ngidinga,Kongo-Central,1,FALSE,2e-4,2e-4,3e-4,2e-4,0.0173,410,7e-4,NA,NA,NA,NA,NA,NA,0.4488,6e-4,396,0.6544,0.7432,0,0.3977,0,Bayes-M10-med
Kisanji,Kwango,1,FALSE,2e-4,1e-4,2e-4,2e-4,0.017,413,7e-4,NA,NA,NA,NA,NA,NA,0.5574,7e-4,376,0.8417,0.6544,0,0.7336,0,Bayes-M10-med
Kasongo Lunda,Kwango,1,FALSE,2e-4,2e-4,3e-4,2e-4,0.0179,406,7e-4,NA,NA,NA,NA,NA,NA,0.3441,5e-4,416,0.6274,0.5946,0,0.1544,0,Bayes-M10-med
Wamba Lwadi,Kwango,1,FALSE,2e-4,2e-4,3e-4,2e-4,0.0193,402,7e-4,NA,NA,NA,NA,NA,NA,0.5492,8e-4,360,0.6467,0.8185,0,0.7317,0,Bayes-M10-med
Kingandu,Kwilu,1,FALSE,2e-4,2e-4,3e-4,2e-4,0.0213,391,8e-4,NA,NA,NA,NA,NA,NA,0.4923,8e-4,364,0.7162,0.6583,0,0.5946,0,Bayes-M10-med
Moanza,Kwilu,1,FALSE,2e-4,2e-4,3e-4,2e-4,0.0186,404,7e-4,NA,NA,NA,NA,NA,NA,0.52,8e-4,375,0.5985,0.529,0,0.9527,0,Bayes-M10-med
Lubudi,Lualaba,1,FALSE,2e-4,2e-4,3e-4,2e-4,0.0217,388,8e-4,NA,NA,NA,NA,NA,NA,0.4667,8e-4,371,0.9151,0.4614,0,0.4903,0,Bayes-M10-med
Banzow Moke,Mai-Ndombe,1,FALSE,2e-4,1e-4,2e-4,2e-4,0.0147,423,6e-4,NA,NA,NA,NA,NA,NA,0.5236,6e-4,398,0.6892,0.5212,0,0.8842,0,Bayes-M10-med
Kiri,Mai-Ndombe,1,FALSE,2e-4,1e-4,2e-4,2e-4,0.0146,425,6e-4,NA,NA,NA,NA,NA,NA,0.5685,6e-4,390,0.8745,0.4768,0,0.9228,0,Bayes-M10-med
Ntandembelo,Mai-Ndombe,1,FALSE,2e-4,1e-4,2e-4,2e-4,0.0142,428,6e-4,NA,NA,NA,NA,NA,NA,0.4595,5e-4,408,0.6023,0.4633,0,0.7722,0,Bayes-M10-med
Oshwe,Mai-Ndombe,1,FALSE,2e-4,2e-4,3e-4,2e-4,0.0201,400,8e-4,NA,NA,NA,NA,NA,NA,0.4855,8e-4,374,0.8764,0.3301,0,0.7355,0,Bayes-M10-med
Yumbi,Mai-Ndombe,1,FALSE,2e-4,1e-4,2e-4,2e-4,0.0146,426,6e-4,NA,NA,NA,NA,NA,NA,0.2741,3e-4,437,0.4131,0.4015,0,0.2819,0,Bayes-M10-med
Bolobo,Mai-Ndombe,1,FALSE,2e-4,1e-4,2e-4,2e-4,0.015,421,6e-4,NA,NA,NA,NA,NA,NA,0.3388,4e-4,424,0.6313,0.4981,0,0.2259,0,Bayes-M10-med
Bosobe,Mai-Ndombe,1,FALSE,2e-4,1e-4,2e-4,2e-4,0.015,422,6e-4,NA,NA,NA,NA,NA,NA,0.4406,5e-4,407,0.4942,0.4093,0,0.8591,0,Bayes-M10-med
Kwamouth,Mai-Ndombe,1,FALSE,2e-4,2e-4,3e-4,2e-4,0.0172,412,7e-4,NA,NA,NA,NA,NA,NA,0.43,6e-4,400,0.8707,0.417,0,0.4324,0,Bayes-M10-med
Mushie,Mai-Ndombe,1,FALSE,2e-4,1e-4,2e-4,2e-4,0.0168,414,6e-4,NA,NA,NA,NA,NA,NA,0.4291,6e-4,402,0.7394,0.3649,0,0.612,0,Bayes-M10-med
Nioki,Mai-Ndombe,1,FALSE,2e-4,2e-4,3e-4,2e-4,0.0202,397,8e-4,NA,NA,NA,NA,NA,NA,0.389,6e-4,394,0.61,0.3958,0,0.5502,0,Bayes-M10-med
Tshudi Loto,Sankuru,1,FALSE,2e-4,2e-4,3e-4,2e-4,0.0205,396,8e-4,NA,NA,NA,NA,NA,NA,0.4237,7e-4,383,0.7683,0.0039,0,0.9228,0,Bayes-M10-med
Mbaya,Sud-Ubangi,1,FALSE,2e-4,1e-4,2e-4,2e-4,0.0164,416,6e-4,NA,NA,NA,NA,NA,NA,0.3142,4e-4,423,0.3514,0.2239,0,0.6815,0,Bayes-M10-med
Zongo,Sud-Ubangi,1,FALSE,2e-4,2e-4,3e-4,2e-4,0.0174,409,7e-4,NA,NA,NA,NA,NA,NA,0.2418,3e-4,434,0.278,0.4131,0,0.2761,0,Bayes-M10-med
Wema,Tshuapa,1,FALSE,2e-4,2e-4,3e-4,2e-4,0.0211,393,8e-4,NA,NA,NA,NA,NA,NA,0.4469,7e-4,377,0.8494,0.1332,0,0.805,0,Bayes-M10-med
Bolenge,Equateur,1,FALSE,1e-4,1e-4,1e-4,1e-4,0.0075,454,3e-4,NA,NA,NA,NA,NA,NA,0.5391,3e-4,436,0.7954,0.8514,0,0.5097,0,Bayes-M10-med
Bomongo,Equateur,1,FALSE,1e-4,1e-4,2e-4,1e-4,0.0108,446,4e-4,NA,NA,NA,NA,NA,NA,0.5907,5e-4,412,0.9788,0.8475,0,0.5367,0,Bayes-M10-med
Mampoko,Equateur,1,FALSE,1e-4,0,1e-4,1e-4,0.0052,457,2e-4,NA,NA,NA,NA,NA,NA,0.5135,2e-4,451,0.8919,0.5058,0,0.6564,0,Bayes-M10-med
Ntondo,Equateur,1,FALSE,1e-4,0,1e-4,1e-4,0.005,458,2e-4,NA,NA,NA,NA,NA,NA,0.6125,2e-4,447,0.8996,0.7259,0,0.8243,0,Bayes-M10-med
Kilela Balanda,Haut-Katanga,1,FALSE,1e-4,1e-4,2e-4,1e-4,0.0102,448,4e-4,NA,NA,NA,NA,NA,NA,0.3132,3e-4,446,0.9228,0.0927,0,0.2375,0,Bayes-M10-med
Kashobwe,Haut-Katanga,1,FALSE,1e-4,1e-4,2e-4,1e-4,0.0121,437,5e-4,NA,NA,NA,NA,NA,NA,0.3243,3e-4,438,0.805,0.3012,0,0.1911,0,Bayes-M10-med
Katuba,Haut-Katanga,1,FALSE,1e-4,1e-4,2e-4,1e-4,0.0126,432,5e-4,NA,NA,NA,NA,NA,NA,0.0463,0,461,0.0502,0.0309,0,0.1042,0,Bayes-M10-med
Vangu,Haut-Katanga,1,FALSE,1e-4,1e-4,1e-4,1e-4,0.0081,452,3e-4,NA,NA,NA,NA,NA,NA,0.1081,1e-4,460,0.1158,0.1699,0,0.1467,0,Bayes-M10-med
Baka,Haut-Lomami,1,FALSE,1e-4,1e-4,2e-4,1e-4,0.0121,436,5e-4,NA,NA,NA,NA,NA,NA,0.4319,4e-4,422,0.4344,0.8919,0,0.4015,0,Bayes-M10-med
Bobozo,Kasaï-Central,1,FALSE,1e-4,1e-4,2e-4,1e-4,0.011,444,4e-4,NA,NA,NA,NA,NA,NA,0.2336,2e-4,452,0.1602,0.2857,0,0.4884,0,Bayes-M10-med
Boma Bungu,Kongo-Central,1,FALSE,1e-4,1e-4,2e-4,1e-4,0.0102,449,4e-4,NA,NA,NA,NA,NA,NA,0.3209,3e-4,445,0.5811,0.5676,0,0.1351,0,Bayes-M10-med
Kinkonzi,Kongo-Central,1,FALSE,1e-4,1e-4,2e-4,1e-4,0.0104,447,4e-4,NA,NA,NA,NA,NA,NA,0.4252,3e-4,429,0.6236,0.8958,0,0.1815,0,Bayes-M10-med
Kizu,Kongo-Central,1,FALSE,1e-4,1e-4,2e-4,1e-4,0.012,438,5e-4,NA,NA,NA,NA,NA,NA,0.3113,3e-4,441,0.2973,0.8707,0,0.0772,0,Bayes-M10-med
Kuimba,Kongo-Central,1,FALSE,1e-4,1e-4,2e-4,1e-4,0.0111,443,4e-4,NA,NA,NA,NA,NA,NA,0.3069,3e-4,443,0.3784,0.8456,0,0.0039,0,Bayes-M10-med
Tshela,Kongo-Central,1,FALSE,1e-4,1e-4,2e-4,1e-4,0.0115,441,4e-4,NA,NA,NA,NA,NA,NA,0.3282,3e-4,440,0.417,0.888,0,0.0077,0,Bayes-M10-med
Vaku,Kongo-Central,1,FALSE,1e-4,1e-4,1e-4,1e-4,0.0079,453,3e-4,NA,NA,NA,NA,NA,NA,0.4194,3e-4,444,0.5676,0.9421,0,0.168,0,Bayes-M10-med
Kibunzi,Kongo-Central,1,FALSE,1e-4,1e-4,1e-4,1e-4,0.006,455,2e-4,NA,NA,NA,NA,NA,NA,0.4175,2e-4,453,0.7046,0.5251,0,0.4402,0,Bayes-M10-med
Mangembo,Kongo-Central,1,FALSE,1e-4,1e-4,2e-4,1e-4,0.0116,440,4e-4,NA,NA,NA,NA,NA,NA,0.3726,3e-4,432,0.5598,0.6641,0,0.2664,0,Bayes-M10-med
Kimpangu,Kongo-Central,1,FALSE,1e-4,1e-4,2e-4,1e-4,0.0125,434,5e-4,NA,NA,NA,NA,NA,NA,0.4488,4e-4,419,0.7085,0.9344,0,0.1525,0,Bayes-M10-med
Nselo,Kongo-Central,1,FALSE,1e-4,1e-4,2e-4,1e-4,0.011,445,4e-4,NA,NA,NA,NA,NA,NA,0.374,3e-4,435,0.6564,0.5347,0,0.305,0,Bayes-M10-med
Sona Bata,Kongo-Central,1,FALSE,1e-4,1e-4,1e-4,1e-4,0.0091,451,4e-4,NA,NA,NA,NA,NA,NA,0.43,3e-4,439,0.7259,0.7896,0,0.2046,0,Bayes-M10-med
Kajiji,Kwango,1,FALSE,1e-4,1e-4,2e-4,1e-4,0.0123,435,5e-4,NA,NA,NA,NA,NA,NA,0.3533,3e-4,430,0.7934,0.1544,0,0.4653,0,Bayes-M10-med
Tembo,Kwango,1,FALSE,1e-4,1e-4,1e-4,1e-4,0.0092,450,4e-4,NA,NA,NA,NA,NA,NA,0.3205,2e-4,448,0.7876,0.3977,0,0.0965,0,Bayes-M10-med
Kitenda,Kwango,1,FALSE,1e-4,1e-4,2e-4,1e-4,0.0112,442,4e-4,NA,NA,NA,NA,NA,NA,0.376,3e-4,433,0.6641,0.4247,0,0.4151,0,Bayes-M10-med
Mwela Lembwa,Kwango,1,FALSE,1e-4,1e-4,2e-4,1e-4,0.013,431,5e-4,NA,NA,NA,NA,NA,NA,0.4397,4e-4,417,0.6506,0.3224,0,0.7857,0,Bayes-M10-med
Bunkeya,Lualaba,1,FALSE,1e-4,1e-4,2e-4,1e-4,0.0116,439,4e-4,NA,NA,NA,NA,NA,NA,0.4218,4e-4,425,0.8243,0.5019,0,0.361,0,Bayes-M10-med
Mutshatsha,Lualaba,1,FALSE,1e-4,1e-4,1e-4,1e-4,0.0058,456,2e-4,NA,NA,NA,NA,NA,NA,0.3808,2e-4,455,0.971,0.1023,0,0.4498,0,Bayes-M10-med
Pendjwa,Mai-Ndombe,1,FALSE,1e-4,1e-4,2e-4,1e-4,0.0125,433,5e-4,NA,NA,NA,NA,NA,NA,0.4319,4e-4,421,0.7008,0.2124,0,0.8147,0,Bayes-M10-med
Irebu,Equateur,1,FALSE,0,0,0,0,0.0025,463,1e-4,NA,NA,NA,NA,NA,NA,0.5473,1e-4,457,0.9305,0.6776,0,0.5811,0,Bayes-M10-med
Lilanga Bobangi,Equateur,1,FALSE,0,0,0,0,0.003,461,1e-4,NA,NA,NA,NA,NA,NA,0.4117,1e-4,458,0.9382,0.2664,0,0.4421,0,Bayes-M10-med
Kamalondo,Haut-Katanga,1,FALSE,0,0,0,0,0.0029,462,1e-4,NA,NA,NA,NA,NA,NA,0.0352,0,464,0.029,0.0019,0,0.11,0,Bayes-M10-med
Kowe,Haut-Katanga,1,FALSE,0,0,0,0,0.0032,460,1e-4,NA,NA,NA,NA,NA,NA,0.07,0,463,0.0714,0.0811,0,0.1274,0,Bayes-M10-med
Kitona,Kongo-Central,1,FALSE,0,0,0,0,0.0018,464,1e-4,NA,NA,NA,NA,NA,NA,0.293,0,462,0.5907,0.5792,0,0.0019,0,Bayes-M10-med
Mimia,Mai-Ndombe,1,FALSE,0,0,1e-4,0,0.0042,459,2e-4,NA,NA,NA,NA,NA,NA,0.4841,2e-4,456,0.9614,0.0521,0,0.9228,0,Bayes-M10-med
Bokoro,Mai-Ndombe,1,FALSE,0,0,0,0,0,465,0,NA,NA,NA,NA,NA,NA,0.471,0,465,0.6873,0.5097,0,0.6873,0,Bayes-M10-med
Idjwi,Sud-Kivu,1,FALSE,0,0,0,0,0,465,0,NA,NA,NA,NA,NA,NA,0.3007,0,466,0.2992,0.8224,0,0.0811,0,Bayes-M10-med
Boma Mangbetu,Haut-Uele,1,TRUE,NA,NA,NA,NA,NA,NA,NA,NA,NA,NA,NA,NA,NA,0.4122,NA,NA,0.2857,0.5039,0,0.8591,0,Bayes-M10-med
Isiro,Haut-Uele,1,TRUE,NA,NA,NA,NA,NA,NA,NA,NA,NA,NA,NA,NA,NA,0.5253,NA,NA,0.39,0.7587,0,0.9527,0,Bayes-M10-med
Pawa,Haut-Uele,1,TRUE,NA,NA,NA,NA,NA,NA,NA,NA,NA,NA,NA,NA,NA,0.4315,NA,NA,0.2934,0.5734,0,0.8591,0,Bayes-M10-med
Rungu,Haut-Uele,1,TRUE,NA,NA,NA,NA,NA,NA,NA,NA,NA,NA,NA,NA,NA,0.6474,NA,NA,0.8224,0.8031,0,0.9643,0,Bayes-M10-med
Wamba,Haut-Uele,1,TRUE,NA,NA,NA,NA,NA,NA,NA,NA,NA,NA,NA,NA,NA,0.4817,NA,NA,0.6737,0.4363,0,0.8166,0,Bayes-M10-med
Adja,Ituri,1,TRUE,NA,NA,NA,NA,NA,NA,NA,NA,NA,NA,NA,NA,NA,0.2645,NA,NA,0.249,0.4286,0,0.3803,0,Bayes-M10-med
Ariwara,Ituri,1,TRUE,NA,NA,NA,NA,NA,NA,NA,NA,NA,NA,NA,NA,NA,0.2862,NA,NA,0.1988,0.6988,0,0.2471,0,Bayes-M10-med
Aru,Ituri,1,TRUE,NA,NA,NA,NA,NA,NA,NA,NA,NA,NA,NA,NA,NA,0.3528,NA,NA,0.3012,0.8417,0,0.2683,0,Bayes-M10-med
Aungba,Ituri,1,TRUE,NA,NA,NA,NA,NA,NA,NA,NA,NA,NA,NA,NA,NA,0.3354,NA,NA,0.3108,0.6564,0,0.3745,0,Bayes-M10-med
Kambala,Ituri,1,TRUE,NA,NA,NA,NA,NA,NA,NA,NA,NA,NA,NA,NA,NA,0.347,NA,NA,0.3668,0.612,0,0.4093,0,Bayes-M10-med
Logo,Ituri,1,TRUE,NA,NA,NA,NA,NA,NA,NA,NA,NA,NA,NA,NA,NA,0.2384,NA,NA,0.1757,0.5927,0,0.1853,0,Bayes-M10-med
Mahagi,Ituri,1,TRUE,NA,NA,NA,NA,NA,NA,NA,NA,NA,NA,NA,NA,NA,0.2292,NA,NA,0.1718,0.6004,0,0.1448,0,Bayes-M10-med
Rimba,Ituri,1,TRUE,NA,NA,NA,NA,NA,NA,NA,NA,NA,NA,NA,NA,NA,0.306,NA,NA,0.2008,0.7124,0,0.3108,0,Bayes-M10-med
Bambu,Ituri,1,TRUE,NA,NA,NA,NA,NA,NA,NA,NA,NA,NA,NA,NA,NA,0.2399,NA,NA,0.2046,0.4691,0,0.2857,0,Bayes-M10-med
Boga,Ituri,1,TRUE,NA,NA,NA,NA,NA,NA,NA,NA,NA,NA,NA,NA,NA,0.264,NA,NA,0.3861,0.36870000000000003,0,0.3012,0,Bayes-M10-med
Bunia,Ituri,1,TRUE,NA,NA,NA,NA,NA,NA,NA,NA,NA,NA,NA,NA,NA,0.2326,NA,NA,0.1178,0.5637,0,0.249,0,Bayes-M10-med
Damas,Ituri,1,TRUE,NA,NA,NA,NA,NA,NA,NA,NA,NA,NA,NA,NA,NA,0.3224,NA,NA,0.4479,0.3282,0,0.5135,0,Bayes-M10-med
Drodro,Ituri,1,TRUE,NA,NA,NA,NA,NA,NA,NA,NA,NA,NA,NA,NA,NA,0.2674,NA,NA,0.2066,0.5907,0,0.2722,0,Bayes-M10-med
Fataki,Ituri,1,TRUE,NA,NA,NA,NA,NA,NA,NA,NA,NA,NA,NA,NA,NA,0.3185,NA,NA,0.2259,0.7201,0,0.3282,0,Bayes-M10-med
Gety,Ituri,1,TRUE,NA,NA,NA,NA,NA,NA,NA,NA,NA,NA,NA,NA,NA,0.2592,NA,NA,0.3359,0.2973,0,0.4035,0,Bayes-M10-med
Kilo,Ituri,1,TRUE,NA,NA,NA,NA,NA,NA,NA,NA,NA,NA,NA,NA,NA,0.1448,NA,NA,0.2201,0.0502,0,0.3089,0,Bayes-M10-med
Komanda,Ituri,1,TRUE,NA,NA,NA,NA,NA,NA,NA,NA,NA,NA,NA,NA,NA,0.2341,NA,NA,0.3089,0.1197,0,0.5077,0,Bayes-M10-med
Lita,Ituri,1,TRUE,NA,NA,NA,NA,NA,NA,NA,NA,NA,NA,NA,NA,NA,0.306,NA,NA,0.2761,0.7046,0,0.2432,0,Bayes-M10-med
Lolwa,Ituri,1,TRUE,NA,NA,NA,NA,NA,NA,NA,NA,NA,NA,NA,NA,NA,0.3205,NA,NA,0.6429,0,0,0.639,0,Bayes-M10-med
Mambasa,Ituri,1,TRUE,NA,NA,NA,NA,NA,NA,NA,NA,NA,NA,NA,NA,NA,0.4324,NA,NA,0.8842,0.2625,0,0.583,0,Bayes-M10-med
Mandima,Ituri,1,TRUE,NA,NA,NA,NA,NA,NA,NA,NA,NA,NA,NA,NA,NA,0.2659,NA,NA,0.4846,0.2896,0,0.2896,0,Bayes-M10-med
Mangala,Ituri,1,TRUE,NA,NA,NA,NA,NA,NA,NA,NA,NA,NA,NA,NA,NA,0.3021,NA,NA,0.305,0.6158,0,0.2876,0,Bayes-M10-med
Mongbwalu,Ituri,1,TRUE,NA,NA,NA,NA,NA,NA,NA,NA,NA,NA,NA,NA,NA,0.2616,NA,NA,0.4112,0.1834,0,0.4517,0,Bayes-M10-med
Nia Nia,Ituri,1,TRUE,NA,NA,NA,NA,NA,NA,NA,NA,NA,NA,NA,NA,NA,0.2978,NA,NA,0.666,0.0212,0,0.5039,0,Bayes-M10-med
Nizi,Ituri,1,TRUE,NA,NA,NA,NA,NA,NA,NA,NA,NA,NA,NA,NA,NA,0.1771,NA,NA,0.1544,0.3378,0,0.2162,0,Bayes-M10-med
Nyankunde,Ituri,1,TRUE,NA,NA,NA,NA,NA,NA,NA,NA,NA,NA,NA,NA,NA,0.2514,NA,NA,0.2838,0.2432,0,0.4788,0,Bayes-M10-med
Rethy,Ituri,1,TRUE,NA,NA,NA,NA,NA,NA,NA,NA,NA,NA,NA,NA,NA,0.2703,NA,NA,0.2143,0.6081,0,0.2587,0,Bayes-M10-med
Rwampara,Ituri,1,TRUE,NA,NA,NA,NA,NA,NA,NA,NA,NA,NA,NA,NA,NA,0.319,NA,NA,0.2375,0.7452,0,0.2934,0,Bayes-M10-med
Tchomia,Ituri,1,TRUE,NA,NA,NA,NA,NA,NA,NA,NA,NA,NA,NA,NA,NA,0.1998,NA,NA,0.2104,0.3745,0,0.2143,0,Bayes-M10-med
Beni,Nord-Kivu,1,TRUE,NA,NA,NA,NA,NA,NA,NA,NA,NA,NA,NA,NA,NA,0.1559,NA,NA,0.1525,0.2297,0,0.2413,0,Bayes-M10-med
Butembo,Nord-Kivu,1,TRUE,NA,NA,NA,NA,NA,NA,NA,NA,NA,NA,NA,NA,NA,0.1829,NA,NA,0.1139,0.388,0,0.2297,0,Bayes-M10-med
Kalunguta,Nord-Kivu,1,TRUE,NA,NA,NA,NA,NA,NA,NA,NA,NA,NA,NA,NA,NA,0.1559,NA,NA,0.195,0.2066,0,0.222,0,Bayes-M10-med
Katwa,Nord-Kivu,1,TRUE,NA,NA,NA,NA,NA,NA,NA,NA,NA,NA,NA,NA,NA,0.1998,NA,NA,0.0869,0.4846,0,0.2278,0,Bayes-M10-med
Kyondo,Nord-Kivu,1,TRUE,NA,NA,NA,NA,NA,NA,NA,NA,NA,NA,NA,NA,NA,0.3238,NA,NA,0.2954,0.7973,0,0.2027,0,Bayes-M10-med
Lubero,Nord-Kivu,1,TRUE,NA,NA,NA,NA,NA,NA,NA,NA,NA,NA,NA,NA,NA,0.4585,NA,NA,0.5734,0.9382,0,0.3224,0,Bayes-M10-med
Mabalako,Nord-Kivu,1,TRUE,NA,NA,NA,NA,NA,NA,NA,NA,NA,NA,NA,NA,NA,0.1573,NA,NA,0.1931,0.2046,0,0.2317,0,Bayes-M10-med
Masereka,Nord-Kivu,1,TRUE,NA,NA,NA,NA,NA,NA,NA,NA,NA,NA,NA,NA,NA,0.36870000000000003,NA,NA,0.2548,0.9807,0,0.2394,0,Bayes-M10-med
Musienene,Nord-Kivu,1,TRUE,NA,NA,NA,NA,NA,NA,NA,NA,NA,NA,NA,NA,NA,0.319,NA,NA,0.2645,0.7317,0,0.2799,0,Bayes-M10-med
Oicha,Nord-Kivu,1,TRUE,NA,NA,NA,NA,NA,NA,NA,NA,NA,NA,NA,NA,NA,0.3364,NA,NA,0.3243,0.7606,0,0.2606,0,Bayes-M10-med
Vuhovi,Nord-Kivu,1,TRUE,NA,NA,NA,NA,NA,NA,NA,NA,NA,NA,NA,NA,NA,0.2611,NA,NA,0.2027,0.6178,0,0.2239,0,Bayes-M10-med
Goma,Nord-Kivu,1,TRUE,NA,NA,NA,NA,NA,NA,NA,NA,NA,NA,NA,NA,NA,0.2669,NA,NA,0.1274,0.8977,0,0.0425,0,Bayes-M10-med
Miti Murhesa,Sud-Kivu,1,TRUE,NA,NA,NA,NA,NA,NA,NA,NA,NA,NA,NA,NA,NA,0.3277,NA,NA,0.2355,0.9131,0,0.1622,0,Bayes-M10-med
Kabondo,Tshopo,1,TRUE,NA,NA,NA,NA,NA,NA,NA,NA,NA,NA,NA,NA,NA,0.18,NA,NA,0.1911,0.2722,0,0.2568,0,Bayes-M10-med
Lubunga (Tshopo),Tshopo,1,TRUE,NA,NA,NA,NA,NA,NA,NA,NA,NA,NA,NA,NA,NA,0.2288,NA,NA,0.2452,0.3436,0,0.3263,0,Bayes-M10-med
Makiso Kisangani,Tshopo,1,TRUE,NA,NA,NA,NA,NA,NA,NA,NA,NA,NA,NA,NA,NA,0.2355,NA,NA,0.1332,0.5309,0,0.278,0,Bayes-M10-med
Mangobo,Tshopo,1,TRUE,NA,NA,NA,NA,NA,NA,NA,NA,NA,NA,NA,NA,NA,0.2061,NA,NA,0.0792,0.4382,0,0.3069,0,Bayes-M10-med
Tshopo,Tshopo,1,TRUE,NA,NA,NA,NA,NA,NA,NA,NA,NA,NA,NA,NA,NA,0.2466,NA,NA,0.361,0.334,0,0.2915,0,Bayes-M10-med
Wanierukula,Tshopo,1,TRUE,NA,NA,NA,NA,NA,NA,NA,NA,NA,NA,NA,NA,NA,0.473,NA,NA,0.8436,0.5521,0,0.4961,0,Bayes-M10-med
Watsa,Haut-Uele,2,FALSE,0.5158,0.4283,0.6069,0.7316,30.6879,1,1,NA,NA,NA,NA,2.6358,1,0.4797,0.9406,2,0.7297,0.8436,0,0.3456,0,Bayes-M10-med
Gombari,Haut-Uele,2,FALSE,0.4558,0.374,0.5425,0.6129,25.7064,2,0.8836,NA,NA,NA,NA,2.208,2,0.5772,1,1,0.9633,0.8012,0,0.5444,0,Bayes-M10-med
Nyarambe,Ituri,2,FALSE,0.4402,0.3601,0.5255,0.5842,24.5026,3,0.8533,1.8553,1,NA,NA,NA,NA,0.1805,0.302,12,0.1699,0.4595,0,0.0927,0,Bayes-M10-med
Biringi,Ituri,2,FALSE,0.3379,0.2715,0.4107,0.4144,17.3808,4,0.6551,1.316,2,NA,NA,NA,NA,0.3494,0.4488,4,0.3958,0.4865,0,0.5154,0,Bayes-M10-med
Kayna,Nord-Kivu,2,FALSE,0.3302,0.2649,0.4018,0.4026,16.8884,5,0.6401,NA,NA,3.0381,1,NA,NA,0.3113,0.3906,8,0.2278,0.6332,0,0.3842,0,Bayes-M10-med
Mutwanga,Nord-Kivu,2,FALSE,0.3175,0.2542,0.3872,0.3837,16.0957,6,0.6155,NA,NA,2.8955,2,NA,NA,0.2408,0.2906,13,0.2606,0.4672,0,0.2355,0,Bayes-M10-med
Adi,Ituri,2,FALSE,0.282,0.2245,0.3458,0.3326,13.9492,7,0.5466,1.0562,3,NA,NA,NA,NA,0.3977,0.4262,6,0.2587,0.7104,0,0.6216,0,Bayes-M10-med
Biena,Nord-Kivu,2,FALSE,0.2787,0.2217,0.342,0.328,13.7573,8,0.5403,NA,NA,2.4749,3,NA,NA,0.2013,0.2132,17,0.251,0.166,0,0.388,0,Bayes-M10-med
Makoro,Haut-Uele,2,FALSE,0.2644,0.2099,0.3252,0.3083,12.9302,9,0.5127,NA,NA,NA,NA,1.1106,3,0.3822,0.3842,9,0.556,0.5483,0,0.4247,0,Bayes-M10-med
Bafwasende,Tshopo,2,FALSE,0.2386,0.1887,0.2946,0.2735,11.4733,10,0.4626,NA,NA,NA,NA,NA,NA,0.4546,0.4124,7,0.9073,0.2413,0,0.6699,0,Bayes-M10-med
Angumu,Ituri,2,FALSE,0.2301,0.1817,0.2844,0.2623,11.0012,11,0.446,0.833,4,NA,NA,NA,NA,0.11,0.0962,33,0.1641,0.1641,0,0.112,0,Bayes-M10-med
Dungu,Haut-Uele,2,FALSE,0.2172,0.1711,0.269,0.2456,10.3006,12,0.421,NA,NA,NA,NA,0.8847,4,0.5275,0.4355,5,0.8726,0.5598,0,0.6776,0,Bayes-M10-med
Viadana,Bas-Uele,2,FALSE,0.2109,0.166,0.2614,0.2375,9.9611,13,0.4088,NA,NA,NA,NA,NA,NA,0.6846,0.5487,3,0.9131,0.9788,0,0.8465,0,Bayes-M10-med
Linga,Ituri,2,FALSE,0.2055,0.1617,0.255,0.2307,9.6766,14,0.3984,0.7327,5,NA,NA,NA,NA,0.2148,0.1678,23,0.1969,0.3417,0,0.3205,0,Bayes-M10-med
Karisimbi,Nord-Kivu,2,FALSE,0.1986,0.1561,0.2467,0.222,9.3108,15,0.385,NA,NA,1.675,4,NA,NA,0.1597,0.1206,26,0.0907,0.5154,0,0.0328,0,Bayes-M10-med
Jiba,Ituri,2,FALSE,0.1869,0.1466,0.2325,0.2074,8.7004,16,0.3623,0.6588,6,NA,NA,NA,NA,0.1651,0.1173,29,0.1815,0.1274,0,0.3514,0,Bayes-M10-med
Rutshuru,Nord-Kivu,2,FALSE,0.1805,0.1414,0.2247,0.1995,8.3675,17,0.3498,NA,NA,1.5053,5,NA,NA,0.3721,0.2552,14,0.4093,0.9942,0,0.0849,0,Bayes-M10-med
Nyiragongo,Nord-Kivu,2,FALSE,0.1693,0.1325,0.2112,0.186,7.8,18,0.3283,NA,NA,1.4032,6,NA,NA,0.2891,0.1861,21,0.2432,0.8764,0,0.0367,0,Bayes-M10-med
Manguredjipa,Nord-Kivu,2,FALSE,0.1688,0.132,0.2105,0.1853,7.7708,19,0.3272,NA,NA,1.3979,7,NA,NA,0.3475,0.2229,16,0.778,0.0579,0,0.5541,0,Bayes-M10-med
Laybo,Ituri,2,FALSE,0.1582,0.1236,0.1977,0.1726,7.2391,20,0.3067,0.5481,7,NA,NA,NA,NA,0.3393,0.204,18,0.3069,0.556,0,0.4942,0,Bayes-M10-med
Niangara,Haut-Uele,2,FALSE,0.1535,0.1198,0.1919,0.167,7.0034,21,0.2976,NA,NA,NA,NA,0.6015,5,0.5512,0.3216,10,0.8031,0.4324,0,0.9691,0,Bayes-M10-med
Alimbongo,Nord-Kivu,2,FALSE,0.1489,0.1162,0.1863,0.1615,6.7758,22,0.2887,NA,NA,1.2189,8,NA,NA,0.4262,0.2412,15,0.5849,0.7471,0,0.3726,0,Bayes-M10-med
Rwanguba,Nord-Kivu,2,FALSE,0.1268,0.0986,0.1591,0.1358,5.6965,23,0.2458,NA,NA,1.0248,9,NA,NA,0.2442,0.1177,28,0.2085,0.7027,0,0.0656,0,Bayes-M10-med
Kibirizi,Nord-Kivu,2,FALSE,0.1211,0.0941,0.152,0.1292,5.4207,24,0.2347,NA,NA,0.9752,10,NA,NA,0.4175,0.1921,19,0.5405,0.8552,0,0.2741,0,Bayes-M10-med
Kirotshe,Nord-Kivu,2,FALSE,0.1173,0.0911,0.1474,0.1249,5.2407,25,0.2274,NA,NA,0.9428,11,NA,NA,0.3842,0.1713,22,0.3764,0.9961,0,0.1641,0,Bayes-M10-med
Poko,Bas-Uele,2,FALSE,0.1149,0.0892,0.1445,0.1223,5.1286,26,0.2228,NA,NA,NA,NA,NA,NA,0.7271,0.3176,11,0.9923,0.9517,0,0.9643,0,Bayes-M10-med
Nsele,Kinshasa,2,FALSE,0.0963,0.0746,0.1213,0.1014,4.2516,27,0.1867,NA,NA,NA,NA,NA,NA,0.1583,0.0579,44,0.139,0.3996,0,0.0946,0,Bayes-M10-med
Gombe,Kinshasa,2,FALSE,0.0945,0.0731,0.1191,0.0994,4.1674,28,0.1831,NA,NA,NA,NA,NA,NA,0.1622,0.0582,43,0.0695,0.5695,0,0.0097,0,Bayes-M10-med
Kamango,Nord-Kivu,2,FALSE,0.0883,0.0683,0.1114,0.0926,3.8823,29,0.1712,NA,NA,0.6984,12,NA,NA,0.4373,0.1468,25,0.6583,0.917,0,0.1737,0,Bayes-M10-med
Ibanda,Sud-Kivu,2,FALSE,0.076,0.0587,0.0961,0.0791,3.3195,30,0.1474,NA,NA,NA,NA,NA,NA,0.2307,0.0667,40,0.083,0.6216,0,0.2181,0,Bayes-M10-med
Limete,Kinshasa,2,FALSE,0.0738,0.057,0.0933,0.0767,3.2181,31,0.143,NA,NA,NA,NA,NA,NA,0.056,0.0157,87,0.0405,0.1371,0,0.0463,0,Bayes-M10-med
Bambo,Nord-Kivu,2,FALSE,0.0728,0.0562,0.092,0.0756,3.1718,32,0.1411,NA,NA,0.5706,13,NA,NA,0.3962,0.1096,30,0.5521,0.9073,0,0.1255,0,Bayes-M10-med
Aba,Haut-Uele,2,FALSE,0.0708,0.0546,0.0895,0.0735,3.0816,33,0.1372,NA,NA,NA,NA,0.2647,6,0.569,0.15310000000000001,24,0.6004,0.6853,0,0.9903,0,Bayes-M10-med
Faradje,Haut-Uele,2,FALSE,0.0699,0.053900000000000003,0.0883,0.0725,3.0402,34,0.1354,NA,NA,NA,NA,0.2611,7,0.4474,0.1188,27,0.7606,0.666,0,0.3629,0,Bayes-M10-med
Ganga,Bas-Uele,2,FALSE,0.0697,0.0537,0.0881,0.0723,3.0311,35,0.135,NA,NA,NA,NA,NA,NA,0.7218,0.1911,20,0.9672,0.9556,0,0.9643,0,Bayes-M10-med
Binza Ozone,Kinshasa,2,FALSE,0.0676,0.0521,0.0855,0.0701,2.9384,36,0.1311,NA,NA,NA,NA,NA,NA,0.152,0.0391,53,0.0734,0.5232,0,0.0116,0,Bayes-M10-med
Kokolo,Kinshasa,2,FALSE,0.0665,0.0513,0.0842,0.0689,2.8904,37,0.129,NA,NA,NA,NA,NA,NA,0.2172,0.0549,47,0.0772,0.7722,0,0.0193,0,Bayes-M10-med
Lingwala,Kinshasa,2,FALSE,0.0662,0.0511,0.0838,0.0686,2.8772,38,0.1284,NA,NA,NA,NA,NA,NA,0.0323,0.0081,115,0.0232,0.0907,0,0.0154,0,Bayes-M10-med
Banalia,Tshopo,2,FALSE,0.0633,0.0488,0.0801,0.0654,2.7451,39,0.1227,NA,NA,NA,NA,NA,NA,0.4242,0.1021,32,0.7799,0.1178,0,0.7992,0,Bayes-M10-med
Binza,Nord-Kivu,2,FALSE,0.0613,0.0472,0.0776,0.0633,2.6539,40,0.1188,NA,NA,0.4774,14,NA,NA,0.3518,0.0819,37,0.471,0.8378,0,0.0985,0,Bayes-M10-med
Katana,Sud-Kivu,2,FALSE,0.0611,0.0471,0.0774,0.0631,2.6468,41,0.1185,NA,NA,NA,NA,NA,NA,0.3224,0.0749,38,0.2471,0.9112,0,0.1313,0,Bayes-M10-med
Kalamu 1,Kinshasa,2,FALSE,0.0592,0.0456,0.075,0.0611,2.5624,42,0.1148,NA,NA,NA,NA,NA,NA,0.0309,0.007,128,0.0193,0.0734,0,0.0309,0,Bayes-M10-med
Kinshasa,Kinshasa,2,FALSE,0.0592,0.0456,0.0749,0.0611,2.5609,43,0.1147,NA,NA,NA,NA,NA,NA,0.0203,0.0046,156,0.0135,0.0463,0,0.0212,0,Bayes-M10-med
Kasa Vubu,Kinshasa,2,FALSE,0.0591,0.0456,0.0749,0.061,2.5592,44,0.1147,NA,NA,NA,NA,NA,NA,0.0444,0.01,108,0.0309,0.1216,0,0.0251,0,Bayes-M10-med
Minova,Sud-Kivu,2,FALSE,0.0579,0.0446,0.0734,0.0597,2.5043,45,0.1123,NA,NA,NA,NA,NA,NA,0.3866,0.0851,35,0.4421,0.9826,0,0.1216,0,Bayes-M10-med
Kadutu,Sud-Kivu,2,FALSE,0.0569,0.0439,0.0721,0.0587,2.4611,46,0.1104,NA,NA,NA,NA,NA,NA,0.1636,0.0354,59,0.0579,0.3861,0,0.2104,0,Bayes-M10-med
Mweso,Nord-Kivu,2,FALSE,0.0553,0.0426,0.0701,0.0569,2.3885,47,0.1072,NA,NA,0.4297,15,NA,NA,0.4189,0.0881,34,0.4498,0.9614,0,0.2645,0,Bayes-M10-med
Lemba,Kinshasa,2,FALSE,0.0526,0.0405,0.0667,0.0541,2.2692,48,0.102,NA,NA,NA,NA,NA,NA,0.1023,0.0205,73,0.0483,0.3069,0,0.0541,0,Bayes-M10-med
Masina 1,Kinshasa,2,FALSE,0.0523,0.0402,0.0662,0.0537,2.2532,49,0.1013,NA,NA,NA,NA,NA,NA,0.0193,0.0038,177,0.0077,0.0077,0,0.0618,0,Bayes-M10-med
Kintambo,Kinshasa,2,FALSE,0.0521,0.0401,0.066,0.0535,2.2437,50,0.1009,NA,NA,NA,NA,NA,NA,0.0338,0.0067,131,0.0212,0.1004,0,0.0135,0,Bayes-M10-med
Masisi,Nord-Kivu,2,FALSE,0.05,0.0385,0.0634,0.0513,2.1519,51,0.0969,NA,NA,0.3871,16,NA,NA,0.4402,0.0836,36,0.4324,0.9575,0,0.3707,0,Bayes-M10-med
Kabare,Sud-Kivu,2,FALSE,0.0479,0.0368,0.0608,0.0491,2.0602,52,0.0929,NA,NA,NA,NA,NA,NA,0.3567,0.0649,41,0.2394,0.9884,0,0.1988,0,Bayes-M10-med
Masina 2,Kinshasa,2,FALSE,0.045,0.0346,0.0571,0.0461,1.9325,53,0.0872,NA,NA,NA,NA,NA,NA,0.0265,0.0045,157,0.0174,0.0193,0,0.0695,0,Bayes-M10-med
Bandalungwa,Kinshasa,2,FALSE,0.0449,0.0345,0.0569,0.0459,1.9265,54,0.087,NA,NA,NA,NA,NA,NA,0.0709,0.0121,96,0.0328,0.2336,0,0.0174,0,Bayes-M10-med
Yakusu,Tshopo,2,FALSE,0.0431,0.0331,0.0546,0.044,1.8471,55,0.0835,NA,NA,NA,NA,NA,NA,0.319,0.0522,49,0.4208,0.2085,0,0.6467,0,Bayes-M10-med
Bengamisa,Tshopo,2,FALSE,0.0398,0.0306,0.0505,0.0406,1.7039,56,0.0771,NA,NA,NA,NA,NA,NA,0.3012,0.0455,50,0.612,0.2162,0,0.3764,0,Bayes-M10-med
Binza Meteo,Kinshasa,2,FALSE,0.0387,0.0297,0.0491,0.0395,1.655,57,0.075,NA,NA,NA,NA,NA,NA,0.2558,0.0376,55,0.0965,0.8996,0,0.027,0,Bayes-M10-med
Buta,Bas-Uele,2,FALSE,0.0381,0.0293,0.0484,0.0389,1.6321,58,0.0739,NA,NA,NA,NA,NA,NA,0.7225,0.1048,31,0.9749,0.9923,0,0.9228,0,Bayes-M10-med
Kikimi,Kinshasa,2,FALSE,0.0379,0.0291,0.0481,0.0387,1.6219,59,0.0735,NA,NA,NA,NA,NA,NA,0.0835,0.012,97,0.056,0.1911,0,0.0869,0,Bayes-M10-med
Matete,Kinshasa,2,FALSE,0.0376,0.0289,0.0478,0.0384,1.6099,60,0.073,NA,NA,NA,NA,NA,NA,0.0492,0.007,125,0.0251,0.1158,0,0.056,0,Bayes-M10-med
Barumbu,Kinshasa,2,FALSE,0.0375,0.0288,0.0477,0.0383,1.6054,61,0.0728,NA,NA,NA,NA,NA,NA,0.014,0.002,266,0.0097,0.0232,0,0.0232,0,Bayes-M10-med
Bafwagbogbo,Tshopo,2,FALSE,0.0362,0.0278,0.046,0.0369,1.548,62,0.0702,NA,NA,NA,NA,NA,NA,0.3948,0.0543,48,0.8591,0.027,0,0.6931,0,Bayes-M10-med
Uvira,Sud-Kivu,2,FALSE,0.0325,0.025,0.0413,0.0331,1.3866,63,0.063,NA,NA,NA,NA,NA,NA,0.5502,0.068,39,0.2181,0.9846,0,0.9981,0,Bayes-M10-med
Katoyi,Nord-Kivu,2,FALSE,0.0323,0.0248,0.0411,0.0329,1.379,64,0.0627,NA,NA,0.2481,17,NA,NA,0.4542,0.0558,46,0.4614,0.9595,0,0.3958,0,Bayes-M10-med
Mont Ngafula 1,Kinshasa,2,FALSE,0.0317,0.0244,0.0403,0.0323,1.3536,65,0.0615,NA,NA,NA,NA,NA,NA,0.2066,0.0249,64,0.1371,0.6313,0,0.0579,0,Bayes-M10-med
Mont Ngafula 2,Kinshasa,2,FALSE,0.0312,0.0239,0.0396,0.0317,1.3292,66,0.0604,NA,NA,NA,NA,NA,NA,0.0951,0.0113,103,0.0849,0.2568,0,0.0386,0,Bayes-M10-med
Selembao,Kinshasa,2,FALSE,0.0311,0.0239,0.0395,0.0316,1.3247,67,0.0602,NA,NA,NA,NA,NA,NA,0.0676,0.008,116,0.0444,0.1815,0,0.0444,0,Bayes-M10-med
Ndjili,Kinshasa,2,FALSE,0.0306,0.0235,0.0389,0.0311,1.3056,68,0.0594,NA,NA,NA,NA,NA,NA,0.0487,0.0057,142,0.027,0.1042,0,0.0637,0,Bayes-M10-med
Kingabwa,Kinshasa,2,FALSE,0.0304,0.0234,0.0387,0.0309,1.2973,69,0.059,NA,NA,NA,NA,NA,NA,0.0478,0.0055,145,0.0425,0.0965,0,0.0521,0,Bayes-M10-med
Ngiri Ngiri,Kinshasa,2,FALSE,0.0302,0.0231,0.0383,0.0306,1.2852,70,0.0585,NA,NA,NA,NA,NA,NA,0.028,0.0032,197,0.0154,0.0676,0,0.029,0,Bayes-M10-med
Police,Kinshasa,2,FALSE,0.03,0.023,0.0382,0.0305,1.2794,71,0.0582,NA,NA,NA,NA,NA,NA,0.0478,0.0055,146,0.0463,0.0772,0,0.0676,0,Bayes-M10-med
Kalehe,Sud-Kivu,2,FALSE,0.028,0.0215,0.0356,0.0284,1.192,72,0.0543,NA,NA,NA,NA,NA,NA,0.3369,0.0359,58,0.3417,0.8649,0,0.1409,0,Bayes-M10-med
Ruzizi,Sud-Kivu,2,FALSE,0.0276,0.0212,0.0351,0.028,1.1747,73,0.0535,NA,NA,NA,NA,NA,NA,0.5627,0.0591,42,0.3494,0.9093,0,0.9923,0,Bayes-M10-med
Birambizo,Nord-Kivu,2,FALSE,0.0266,0.0204,0.0338,0.0269,1.13,74,0.0515,NA,NA,0.2033,18,NA,NA,0.3625,0.0366,56,0.4035,0.89,0,0.1564,0,Bayes-M10-med
Walikale,Nord-Kivu,2,FALSE,0.0264,0.0202,0.0336,0.0268,1.1221,75,0.0512,NA,NA,0.2019,19,NA,NA,0.5729,0.0575,45,0.9459,0.9286,0,0.417,0,Bayes-M10-med
Isangi,Tshopo,2,FALSE,0.0263,0.0201,0.0334,0.0266,1.1168,76,0.0509,NA,NA,NA,NA,NA,NA,0.3837,0.0383,54,0.4054,0.4073,0,0.722,0,Bayes-M10-med
Nyemba,Tanganyika,2,FALSE,0.0251,0.0193,0.0319,0.0254,1.0669,77,0.0487,NA,NA,NA,NA,NA,NA,0.3456,0.033,61,0.5965,0.4556,0,0.3301,0,Bayes-M10-med
Walungu,Sud-Kivu,2,FALSE,0.0249,0.0191,0.0317,0.0253,1.0601,78,0.0484,NA,NA,NA,NA,NA,NA,0.3248,0.0308,62,0.1853,0.8803,0,0.2336,0,Bayes-M10-med
Lubutu,Maniema,2,FALSE,0.0245,0.0188,0.0311,0.0248,1.0398,79,0.0475,NA,NA,NA,NA,NA,NA,0.4706,0.0438,51,0.8205,0.2819,0,0.7799,0,Bayes-M10-med
Nyantende,Sud-Kivu,2,FALSE,0.0235,0.018,0.0299,0.0238,0.9981,80,0.0456,NA,NA,NA,NA,NA,NA,0.3219,0.0288,63,0.1486,0.8938,0,0.2452,0,Bayes-M10-med
Maluku 1,Kinshasa,2,FALSE,0.0233,0.0179,0.0297,0.0236,0.9912,81,0.0453,NA,NA,NA,NA,NA,NA,0.2321,0.0206,72,0.3475,0.4517,0,0.1293,0,Bayes-M10-med
Kingasani,Kinshasa,2,FALSE,0.0229,0.0176,0.0292,0.0232,0.9738,82,0.0445,NA,NA,NA,NA,NA,NA,0.0294,0.0026,229,0.0058,0.0405,0,0.0714,0,Bayes-M10-med
Bagira,Sud-Kivu,2,FALSE,0.0211,0.0161,0.0268,0.0213,0.8934,83,0.0408,NA,NA,NA,NA,NA,NA,0.236,0.0189,77,0.1004,0.6371,0,0.2066,0,Bayes-M10-med
Fizi,Sud-Kivu,2,FALSE,0.0193,0.0148,0.0245,0.0195,0.8167,84,0.0374,NA,NA,NA,NA,NA,NA,0.5637,0.0413,52,0.7432,0.9691,0,0.5425,0,Bayes-M10-med
Lubumbashi,Haut-Katanga,2,FALSE,0.017,0.013,0.0216,0.0172,0.7194,85,0.033,NA,NA,NA,NA,NA,NA,0.1105,0.0071,122,0.1081,0.2104,0,0.1236,0,Bayes-M10-med
Lemera,Sud-Kivu,2,FALSE,0.0168,0.0129,0.0214,0.017,0.7127,86,0.0327,NA,NA,NA,NA,NA,NA,0.5613,0.0359,57,0.3629,0.9015,0,0.9807,0,Bayes-M10-med
Pinga,Nord-Kivu,2,FALSE,0.0162,0.0124,0.0206,0.0163,0.6836,87,0.0313,NA,NA,0.123,20,NA,NA,0.57,0.035,60,0.9595,0.7548,0,0.5656,0,Bayes-M10-med
Mubumbano,Sud-Kivu,2,FALSE,0.0161,0.0124,0.0206,0.0163,0.6828,88,0.0313,NA,NA,NA,NA,NA,NA,0.3658,0.0224,66,0.2683,0.9402,0,0.2548,0,Bayes-M10-med
Makala,Kinshasa,2,FALSE,0.0155,0.0119,0.0197,0.0156,0.6546,89,0.03,NA,NA,NA,NA,NA,NA,0.0246,0.0014,310,0.0116,0.0386,0,0.0483,0,Bayes-M10-med
Kindu,Maniema,2,FALSE,0.0154,0.0118,0.0197,0.0156,0.6529,90,0.0299,NA,NA,NA,NA,NA,NA,0.3181,0.0187,79,0.1351,0.2529,0,0.8842,0,Bayes-M10-med
Kalamu 2,Kinshasa,2,FALSE,0.0152,0.0117,0.0194,0.0154,0.6442,92,0.0295,NA,NA,NA,NA,NA,NA,0.015,9e-4,377,0.0039,0.0154,0,0.0405,0,Bayes-M10-med
Nyangezi,Sud-Kivu,2,FALSE,0.0152,0.0117,0.0194,0.0154,0.6446,91,0.0296,NA,NA,NA,NA,NA,NA,0.36870000000000003,0.0214,70,0.222,0.8842,0,0.36870000000000003,0,Bayes-M10-med
Basoko,Tshopo,2,FALSE,0.0146,0.0112,0.0186,0.0147,0.6177,93,0.0283,NA,NA,NA,NA,NA,NA,0.3012,0.0167,82,0.5077,0.3147,0,0.3822,0,Bayes-M10-med
Kalemie,Tanganyika,2,FALSE,0.0137,0.0105,0.0174,0.0138,0.5774,94,0.0265,NA,NA,NA,NA,NA,NA,0.3789,0.0197,74,0.6718,0.4575,0,0.3861,0,Bayes-M10-med
Yabaondo,Tshopo,2,FALSE,0.0133,0.0102,0.0169,0.0134,0.5614,95,0.0258,NA,NA,NA,NA,NA,NA,0.3523,0.0178,80,0.4363,0.305,0,0.668,0,Bayes-M10-med
Mwana,Sud-Kivu,2,FALSE,0.0132,0.0101,0.0169,0.0133,0.5593,96,0.0257,NA,NA,NA,NA,NA,NA,0.3731,0.0188,78,0.2896,0.9035,0,0.2992,0,Bayes-M10-med
Kaniola,Sud-Kivu,2,FALSE,0.013,0.0099,0.0165,0.013,0.5471,97,0.0251,NA,NA,NA,NA,NA,NA,0.4513,0.0222,67,0.5328,0.9305,0,0.3417,0,Bayes-M10-med
Ubundu,Tshopo,2,FALSE,0.0125,0.0096,0.016,0.0126,0.5291,98,0.0243,NA,NA,NA,NA,NA,NA,0.4744,0.0226,65,0.9054,0.4305,0,0.5618,0,Bayes-M10-med
Bunyakiri,Sud-Kivu,2,FALSE,0.0124,0.0095,0.0158,0.0125,0.5235,99,0.024,NA,NA,NA,NA,NA,NA,0.4517,0.0213,71,0.6197,0.832,0,0.3552,0,Bayes-M10-med
Kasongo,Maniema,2,FALSE,0.011,0.0084,0.014,0.0111,0.4638,100,0.0213,NA,NA,NA,NA,NA,NA,0.5304,0.0222,68,0.4459,0.7529,0,0.9228,0,Bayes-M10-med
Lisala,Mongala,2,FALSE,0.0102,0.0078,0.0131,0.0103,0.4321,101,0.0199,NA,NA,NA,NA,NA,NA,0.4093,0.0159,86,0.4286,0.4402,0,0.7683,0,Bayes-M10-med
Opienge,Tshopo,2,FALSE,0.0099,0.0076,0.0126,0.0099,0.4161,102,0.0191,NA,NA,NA,NA,NA,NA,0.4445,0.0167,83,0.9556,0.0135,0,0.8089,0,Bayes-M10-med
Manika,Lualaba,2,FALSE,0.0096,0.0073,0.0122,0.0096,0.4029,103,0.0185,NA,NA,NA,NA,NA,NA,0.1149,0.0042,164,0.0946,0.222,0,0.1429,0,Bayes-M10-med
Mumbunda,Haut-Katanga,2,FALSE,0.0094,0.0072,0.012,0.0095,0.3979,104,0.0183,NA,NA,NA,NA,NA,NA,0.1853,0.0067,132,0.1197,0.5077,0,0.1139,0,Bayes-M10-med
Doruma,Haut-Uele,2,FALSE,0.0093,0.0071,0.0118,0.0093,0.3902,106,0.0179,NA,NA,NA,NA,0.0335,8,0.6216,0.0219,69,0.973,0.5135,0,1,0,Bayes-M10-med
Yaleko,Tshopo,2,FALSE,0.0093,0.0071,0.0118,0.0093,0.3902,105,0.0179,NA,NA,NA,NA,NA,NA,0.402,0.0141,88,0.639,0.2452,0,0.7239,0,Bayes-M10-med
Yamaluka,Mongala,2,FALSE,0.0089,0.0068,0.0113,0.0089,0.373,107,0.0172,NA,NA,NA,NA,NA,NA,0.1974,0.0066,133,0.2799,0.1448,0,0.3649,0,Bayes-M10-med
Kisenso,Kinshasa,2,FALSE,0.0085,0.0065,0.0109,0.0086,0.3593,108,0.0165,NA,NA,NA,NA,NA,NA,0.0589,0.0019,270,0.0367,0.139,0,0.0598,0,Bayes-M10-med
Nundu,Sud-Kivu,2,FALSE,0.0085,0.0065,0.0108,0.0085,0.3564,109,0.0164,NA,NA,NA,NA,NA,NA,0.5927,0.0191,76,0.527,0.8494,0,0.9942,0,Bayes-M10-med
Kipushi,Haut-Katanga,2,FALSE,0.0084,0.0064,0.0107,0.0085,0.3545,110,0.0163,NA,NA,NA,NA,NA,NA,0.1216,0.0039,175,0.2703,0.1081,0,0.1081,0,Bayes-M10-med
Tshamilemba,Haut-Katanga,2,FALSE,0.0084,0.0064,0.0107,0.0084,0.3531,113,0.0163,NA,NA,NA,NA,NA,NA,0.0772,0.0025,235,0.0656,0.1255,0,0.1178,0,Bayes-M10-med
Biyela,Kinshasa,2,FALSE,0.0084,0.0064,0.0107,0.0084,0.3537,111,0.0163,NA,NA,NA,NA,NA,NA,0.1076,0.0034,188,0.0637,0.2838,0,0.083,0,Bayes-M10-med
Kibua,Nord-Kivu,2,FALSE,0.0084,0.0064,0.0107,0.0084,0.3532,112,0.0163,NA,NA,0.0635,21,NA,NA,0.5154,0.0164,84,0.7741,0.6602,0,0.6274,0,Bayes-M10-med
Kimbanseke,Kinshasa,2,FALSE,0.0083,0.0063,0.0105,0.0083,0.3484,114,0.016,NA,NA,NA,NA,NA,NA,0.0526,0.0017,285,0.0521,0.0849,0,0.0734,0,Bayes-M10-med
Mbandaka,Equateur,2,FALSE,0.0081,0.0062,0.0104,0.0082,0.3424,115,0.0158,NA,NA,NA,NA,NA,NA,0.5164,0.016,85,0.6409,0.9633,0,0.4614,0,Bayes-M10-med
Maluku 2,Kinshasa,2,FALSE,0.0081,0.0062,0.0104,0.0082,0.3422,116,0.0157,NA,NA,NA,NA,NA,NA,0.4184,0.0129,90,0.6834,0.5463,0,0.444,0,Bayes-M10-med
Bumbu,Kinshasa,2,FALSE,0.0079,0.0061,0.0101,0.008,0.334,117,0.0154,NA,NA,NA,NA,NA,NA,0.0164,5e-4,421,0.0019,0.029,0,0.0347,0,Bayes-M10-med
Kunda,Maniema,2,FALSE,0.0079,0.0061,0.0101,0.0079,0.3332,118,0.0153,NA,NA,NA,NA,NA,NA,0.4165,0.0125,93,0.4633,0.2799,0,0.9228,0,Bayes-M10-med
Ngaba,Kinshasa,2,FALSE,0.0078,0.006,0.01,0.0079,0.3297,120,0.0152,NA,NA,NA,NA,NA,NA,0.014,4e-4,428,0,0.0058,0,0.0502,0,Bayes-M10-med
Kalonge,Sud-Kivu,2,FALSE,0.0078,0.006,0.01,0.0079,0.3299,119,0.0152,NA,NA,NA,NA,NA,NA,0.404,0.012,98,0.4961,0.8359,0,0.2838,0,Bayes-M10-med
Titule,Bas-Uele,2,FALSE,0.0075,0.0058,0.0096,0.0076,0.3171,121,0.0146,NA,NA,NA,NA,NA,NA,0.6839,0.0196,75,0.9865,0.8263,0,0.9228,0,Bayes-M10-med
Saramabila,Maniema,2,FALSE,0.0068,0.0052,0.0087,0.0069,0.2876,122,0.0132,NA,NA,NA,NA,NA,NA,0.4768,0.0124,95,0.473,0.5502,0,0.8842,0,Bayes-M10-med
Kongolo,Tanganyika,2,FALSE,0.0067,0.0051,0.0085,0.0067,0.2805,123,0.0129,NA,NA,NA,NA,NA,NA,0.6829,0.0173,81,0.8861,0.9228,0,0.9228,0,Bayes-M10-med
Kabinda,Lomami,2,FALSE,0.0064,0.0049,0.0082,0.0064,0.2698,124,0.0124,NA,NA,NA,NA,NA,NA,0.4382,0.0107,104,0.5097,0.5541,0,0.6892,0,Bayes-M10-med
Kaziba,Sud-Kivu,2,FALSE,0.0063,0.0048,0.008,0.0063,0.2638,125,0.0122,NA,NA,NA,NA,NA,NA,0.3571,0.0085,114,0.2876,0.7838,0,0.3571,0,Bayes-M10-med
Kitutu,Sud-Kivu,2,FALSE,0.0061,0.0047,0.0078,0.0061,0.2563,127,0.0118,NA,NA,NA,NA,NA,NA,0.5024,0.0116,101,0.751,0.805,0,0.4537,0,Bayes-M10-med
Shabunda,Sud-Kivu,2,FALSE,0.0061,0.0047,0.0078,0.0062,0.2583,126,0.0119,NA,NA,NA,NA,NA,NA,0.5922,0.0138,89,0.8378,0.8726,0,0.6583,0,Bayes-M10-med
Itebero,Nord-Kivu,2,FALSE,0.006,0.0046,0.0077,0.006,0.2536,128,0.0117,NA,NA,0.0456,22,NA,NA,0.5574,0.0128,91,0.9112,0.722,0,0.5965,0,Bayes-M10-med
Kimbi Lulenge,Sud-Kivu,2,FALSE,0.0059,0.0045,0.0076,0.006,0.25,129,0.0115,NA,NA,NA,NA,NA,NA,0.5507,0.0124,94,0.8475,0.8687,0,0.4865,0,Bayes-M10-med
Djolu,Tshuapa,2,FALSE,0.0059,0.0045,0.0075,0.0059,0.2478,130,0.0114,NA,NA,NA,NA,NA,NA,0.5256,0.0118,99,0.7104,0.5985,0,0.7934,0,Bayes-M10-med
Yahuma,Tshopo,2,FALSE,0.0058,0.0044,0.0073,0.0058,0.2421,131,0.0112,NA,NA,NA,NA,NA,NA,0.4402,0.0096,110,0.8649,0.332,0,0.5637,0,Bayes-M10-med
Bonzola,Kasaï-Oriental,2,FALSE,0.0056,0.0043,0.0071,0.0056,0.2354,133,0.0108,NA,NA,NA,NA,NA,NA,0.2958,0.0063,136,0.0927,0.7934,0,0.2973,0,Bayes-M10-med
Mwenga,Sud-Kivu,2,FALSE,0.0056,0.0043,0.0072,0.0056,0.236,132,0.0109,NA,NA,NA,NA,NA,NA,0.319,0.0068,130,0.5,0.3552,0,0.4208,0,Bayes-M10-med
Kalole,Sud-Kivu,2,FALSE,0.0055,0.0042,0.007,0.0055,0.2312,134,0.0107,NA,NA,NA,NA,NA,NA,0.6038,0.0126,92,0.89,0.7799,0,0.7452,0,Bayes-M10-med
Kamituga,Sud-Kivu,2,FALSE,0.0053,0.0041,0.0068,0.0053,0.2243,135,0.0103,NA,NA,NA,NA,NA,NA,0.3596,0.0073,120,0.3938,0.6062,0,0.4382,0,Bayes-M10-med
Mulungu,Sud-Kivu,2,FALSE,0.0053,0.0041,0.0068,0.0053,0.224,136,0.0103,NA,NA,NA,NA,NA,NA,0.5208,0.0105,105,0.861,0.5193,0,0.7027,0,Bayes-M10-med
Mbulula,Tanganyika,2,FALSE,0.0052,0.004,0.0066,0.0052,0.2184,137,0.0101,NA,NA,NA,NA,NA,NA,0.5934,0.0117,100,0.6448,0.7761,0,0.9527,0,Bayes-M10-med
Yahisuli,Tshopo,2,FALSE,0.0049,0.0038,0.0063,0.0049,0.2074,138,0.0096,NA,NA,NA,NA,NA,NA,0.3521,0.0066,134,0.3842,0.0714,0,0.9527,0,Bayes-M10-med
Kabalo,Tanganyika,2,FALSE,0.0049,0.0037,0.0062,0.0049,0.2057,139,0.0095,NA,NA,NA,NA,NA,NA,0.624,0.0116,102,0.9035,0.7568,0,0.8359,0,Bayes-M10-med
Kampene,Maniema,2,FALSE,0.0047,0.0036,0.006,0.0047,0.1963,141,0.0091,NA,NA,NA,NA,NA,NA,0.3962,0.007,127,0.5251,0.1757,0,0.8842,0,Bayes-M10-med
Kalima,Maniema,2,FALSE,0.0047,0.0036,0.006,0.0047,0.198,140,0.0091,NA,NA,NA,NA,NA,NA,0.3094,0.0055,144,0.4595,0.3205,0,0.4575,0,Bayes-M10-med
Opala,Tshopo,2,FALSE,0.0045,0.0034,0.0057,0.0045,0.1877,142,0.0087,NA,NA,NA,NA,NA,NA,0.4269,0.0072,121,0.7819,0.0792,0,0.8465,0,Bayes-M10-med
Kasansa,Kasaï-Oriental,2,FALSE,0.0044,0.0033,0.0056,0.0044,0.183,146,0.0084,NA,NA,NA,NA,NA,NA,0.3349,0.0055,143,0.2568,0.6699,0,0.4131,0,Bayes-M10-med
Punia,Maniema,2,FALSE,0.0044,0.0034,0.0057,0.0044,0.1864,144,0.0086,NA,NA,NA,NA,NA,NA,0.3731,0.0063,137,0.7625,0.1969,0,0.5328,0,Bayes-M10-med
Yambuku,Mongala,2,FALSE,0.0044,0.0034,0.0057,0.0044,0.1864,143,0.0086,NA,NA,NA,NA,NA,NA,0.4344,0.0073,117,0.5483,0.5753,0,0.6139,0,Bayes-M10-med
Nyunzu,Tanganyika,2,FALSE,0.0044,0.0034,0.0056,0.0044,0.1856,145,0.0086,NA,NA,NA,NA,NA,NA,0.6023,0.0101,106,0.9653,0.834,0,0.61,0,Bayes-M10-med
Kananga,Kasaï-Central,2,FALSE,0.0042,0.0032,0.0053,0.0042,0.1756,147,0.0081,NA,NA,NA,NA,NA,NA,0.2963,0.0047,153,0.1429,0.5579,0,0.4846,0,Bayes-M10-med
Mulumba,Lomami,2,FALSE,0.0041,0.0031,0.0052,0.0041,0.173,148,0.008,NA,NA,NA,NA,NA,NA,0.2587,0.004,170,0.1834,0.3108,0,0.5405,0,Bayes-M10-med
Nzaba,Kasaï-Oriental,2,FALSE,0.004,0.003,0.0051,0.004,0.1672,150,0.0077,NA,NA,NA,NA,NA,NA,0.278,0.0042,163,0.1042,0.6931,0,0.3147,0,Bayes-M10-med
Lusangi,Maniema,2,FALSE,0.004,0.003,0.0051,0.004,0.1672,151,0.0077,NA,NA,NA,NA,NA,NA,0.4223,0.0064,135,0.5656,0.2645,0,0.8591,0,Bayes-M10-med
Lodja,Sankuru,2,FALSE,0.004,0.0031,0.0051,0.004,0.1681,149,0.0078,NA,NA,NA,NA,NA,NA,0.4626,0.007,126,0.2625,0.6351,0,0.9527,0,Bayes-M10-med
Lulingu,Sud-Kivu,2,FALSE,0.004,0.003,0.005,0.004,0.1662,152,0.0077,NA,NA,NA,NA,NA,NA,0.6158,0.0093,111,0.9093,0.8108,0,0.7432,0,Bayes-M10-med
Manono,Tanganyika,2,FALSE,0.0039,0.003,0.005,0.0039,0.1641,153,0.0076,NA,NA,NA,NA,NA,NA,0.5758,0.0085,112,0.8784,0.9537,0,0.471,0,Bayes-M10-med
Aketi,Bas-Uele,2,FALSE,0.0038,0.0029,0.0048,0.0038,0.1577,156,0.0073,NA,NA,NA,NA,NA,NA,0.6762,0.0096,109,0.9903,0.9363,0,0.778,0,Bayes-M10-med
Tshilenge,Kasaï-Oriental,2,FALSE,0.0038,0.0029,0.0049,0.0038,0.1602,154,0.0074,NA,NA,NA,NA,NA,NA,0.2799,0.0041,169,0.1892,0.668,0,0.2625,0,Bayes-M10-med
Lolo,Mongala,2,FALSE,0.0038,0.0029,0.0048,0.0038,0.1597,155,0.0074,NA,NA,NA,NA,NA,NA,0.3161,0.0046,155,0.4073,0.3263,0,0.5309,0,Bayes-M10-med
Ango,Bas-Uele,2,FALSE,0.0037,0.0028,0.0047,0.0037,0.1561,158,0.0072,NA,NA,NA,NA,NA,NA,0.7095,0.01,107,1,0.8591,0,0.9788,0,Bayes-M10-med
Kailo,Maniema,2,FALSE,0.0037,0.0028,0.0047,0.0037,0.1552,159,0.0072,NA,NA,NA,NA,NA,NA,0.4276,0.006,139,0.832,0.0946,0,0.7838,0,Bayes-M10-med
Samba,Maniema,2,FALSE,0.0037,0.0028,0.0047,0.0037,0.1562,157,0.0072,NA,NA,NA,NA,NA,NA,0.5179,0.0073,118,0.7529,0.4344,0,0.8842,0,Bayes-M10-med
Haut Plateau,Sud-Kivu,2,FALSE,0.0037,0.0028,0.0047,0.0037,0.1537,160,0.0071,NA,NA,NA,NA,NA,NA,0.5246,0.0073,119,0.5714,0.5444,0,0.9826,0,Bayes-M10-med
Minembwe,Sud-Kivu,2,FALSE,0.0036,0.0027,0.0046,0.0036,0.1506,161,0.0069,NA,NA,NA,NA,NA,NA,0.5198,0.0071,123,0.7181,0.8089,0,0.5521,0,Bayes-M10-med
Moba,Tanganyika,2,FALSE,0.0036,0.0027,0.0046,0.0036,0.1504,162,0.0069,NA,NA,NA,NA,NA,NA,0.3808,0.0052,148,0.6178,0.4942,0,0.4112,0,Bayes-M10-med
Kabongo,Haut-Lomami,2,FALSE,0.0035,0.0026,0.0044,0.0035,0.1453,166,0.0067,NA,NA,NA,NA,NA,NA,0.5372,0.0071,124,0.8108,0.778,0,0.5598,0,Bayes-M10-med
Luputa,Lomami,2,FALSE,0.0035,0.0027,0.0044,0.0035,0.1458,165,0.0067,NA,NA,NA,NA,NA,NA,0.3431,0.0045,158,0.3301,0.3166,0,0.7259,0,Bayes-M10-med
Mweneditu,Lomami,2,FALSE,0.0035,0.0027,0.0044,0.0035,0.1458,164,0.0067,NA,NA,NA,NA,NA,NA,0.2799,0.0037,181,0.166,0.3842,0,0.5695,0,Bayes-M10-med
Bumba,Mongala,2,FALSE,0.0035,0.0027,0.0045,0.0035,0.1472,163,0.0068,NA,NA,NA,NA,NA,NA,0.2384,0.0032,200,0.1409,0.4537,0,0.3591,0,Bayes-M10-med
Bondo,Bas-Uele,2,FALSE,0.0033,0.0025,0.0043,0.0033,0.14,167,0.0065,NA,NA,NA,NA,NA,NA,0.6737,0.0085,113,0.9961,0.9981,0,0.7008,0,Bayes-M10-med
Lubao,Lomami,2,FALSE,0.0032,0.0024,0.0041,0.0032,0.1336,169,0.0062,NA,NA,NA,NA,NA,NA,0.3982,0.0048,151,0.6486,0.1525,0,0.7915,0,Bayes-M10-med
Lingomo,Tshuapa,2,FALSE,0.0032,0.0025,0.0041,0.0032,0.1359,168,0.0063,NA,NA,NA,NA,NA,NA,0.5627,0.0069,129,0.8263,0.5869,0,0.8378,0,Bayes-M10-med
Kabeya Kamwanga,Kasaï-Oriental,2,FALSE,0.0031,0.0024,0.0039,0.0031,0.1292,170,0.006,NA,NA,NA,NA,NA,NA,0.2968,0.0035,187,0.3224,0.3919,0,0.473,0,Bayes-M10-med
Kamina,Haut-Lomami,2,FALSE,0.0029,0.0022,0.0037,0.0029,0.1229,172,0.0057,NA,NA,NA,NA,NA,NA,0.5164,0.0057,141,0.8301,0.8301,0,0.4054,0,Bayes-M10-med
Diulu,Kasaï-Oriental,2,FALSE,0.0029,0.0022,0.0037,0.0029,0.1232,171,0.0057,NA,NA,NA,NA,NA,NA,0.2611,0.0029,210,0.0676,0.6448,0,0.332,0,Bayes-M10-med
Kitenge,Haut-Lomami,2,FALSE,0.0028,0.0022,0.0036,0.0028,0.1187,175,0.0055,NA,NA,NA,NA,NA,NA,0.5729,0.0062,138,0.8668,0.8069,0,0.6178,0,Bayes-M10-med
Lukelenge,Kasaï-Oriental,2,FALSE,0.0028,0.0022,0.0036,0.0028,0.1193,174,0.0055,NA,NA,NA,NA,NA,NA,0.2249,0.0024,237,0.0811,0.5,0,0.3185,0,Bayes-M10-med
Kabambare,Maniema,2,FALSE,0.0028,0.0021,0.0035,0.0028,0.1163,176,0.0054,NA,NA,NA,NA,NA,NA,0.3953,0.0042,165,0.8359,0.112,0,0.6332,0,Bayes-M10-med
Ikela,Tshuapa,2,FALSE,0.0028,0.0022,0.0036,0.0028,0.1193,173,0.0055,NA,NA,NA,NA,NA,NA,0.4633,0.005,150,0.8147,0.1795,0,0.8591,0,Bayes-M10-med
Malemba Nkulu,Haut-Lomami,2,FALSE,0.0027,0.002,0.0034,0.0027,0.112,178,0.0052,NA,NA,NA,NA,NA,NA,0.3895,0.0039,172,0.36870000000000003,0.7664,0,0.4228,0,Bayes-M10-med
Kaniama,Haut-Lomami,2,FALSE,0.0027,0.002,0.0034,0.0027,0.1118,179,0.0052,NA,NA,NA,NA,NA,NA,0.582,0.0059,140,0.8533,0.6622,0,0.8127,0,Bayes-M10-med
Ngandajika,Lomami,2,FALSE,0.0027,0.002,0.0034,0.0027,0.1125,177,0.0052,NA,NA,NA,NA,NA,NA,0.3465,0.0035,184,0.2124,0.4459,0,0.7278,0,Bayes-M10-med
Cilundu,Kasaï-Oriental,2,FALSE,0.0026,0.002,0.0033,0.0026,0.1072,183,0.0049,NA,NA,NA,NA,NA,NA,0.221,0.0021,256,0.2317,0.3089,0,0.3436,0,Bayes-M10-med
Citenge,Kasaï-Oriental,2,FALSE,0.0026,0.002,0.0034,0.0026,0.1111,180,0.0051,NA,NA,NA,NA,NA,NA,0.2321,0.0023,245,0.1583,0.4749,0,0.2954,0,Bayes-M10-med
Tshofa,Lomami,2,FALSE,0.0026,0.002,0.0033,0.0026,0.1099,181,0.0051,NA,NA,NA,NA,NA,NA,0.4416,0.0044,159,0.6757,0.3514,0,0.7394,0,Bayes-M10-med
Obokote,Maniema,2,FALSE,0.0026,0.002,0.0033,0.0026,0.1093,182,0.005,NA,NA,NA,NA,NA,NA,0.3209,0.0032,199,0.7239,0.0328,0,0.527,0,Bayes-M10-med
Demba,Kasaï-Central,2,FALSE,0.0025,0.0019,0.0033,0.0026,0.1071,184,0.0049,NA,NA,NA,NA,NA,NA,0.4117,0.004,171,0.4653,0.7143,0,0.4672,0,Bayes-M10-med
Mikalayi,Kasaï-Central,2,FALSE,0.0025,0.0019,0.0032,0.0025,0.1045,187,0.0048,NA,NA,NA,NA,NA,NA,0.3948,0.0037,180,0.4517,0.5811,0,0.5463,0,Bayes-M10-med
Bibanga,Kasaï-Oriental,2,FALSE,0.0025,0.0019,0.0032,0.0025,0.1042,188,0.0048,NA,NA,NA,NA,NA,NA,0.2978,0.0028,221,0.3127,0.4884,0,0.39,0,Bayes-M10-med
Idiofa,Kwilu,2,FALSE,0.0025,0.0019,0.0032,0.0025,0.1069,185,0.0049,NA,NA,NA,NA,NA,NA,0.486,0.0047,154,0.4537,0.749,0,0.7413,0,Bayes-M10-med
Kibombo,Maniema,2,FALSE,0.0025,0.0019,0.0031,0.0025,0.1036,189,0.0048,NA,NA,NA,NA,NA,NA,0.4614,0.0043,160,0.7452,0.1776,0,0.9228,0,Bayes-M10-med
Yalimbongo,Tshopo,2,FALSE,0.0025,0.0019,0.0032,0.0025,0.1051,186,0.0049,NA,NA,NA,NA,NA,NA,0.3214,0.0031,203,0.5772,0.0483,0,0.6602,0,Bayes-M10-med
Kamwesha,Kasaï,2,FALSE,0.0024,0.0018,0.0031,0.0024,0.1013,191,0.0047,NA,NA,NA,NA,NA,NA,0.2732,0.0025,232,0.3456,0.2876,0,0.4595,0,Bayes-M10-med
Tshikapa,Kasaï,2,FALSE,0.0024,0.0018,0.003,0.0024,0.1001,194,0.0046,NA,NA,NA,NA,NA,NA,0.3156,0.0029,217,0.2722,0.6506,0,0.3398,0,Bayes-M10-med
Ludimbi Lukula,Lomami,2,FALSE,0.0024,0.0018,0.0031,0.0024,0.1014,190,0.0047,NA,NA,NA,NA,NA,NA,0.4513,0.0041,167,0.6931,0.3475,0,0.7645,0,Bayes-M10-med
Kanda Kanda,Lomami,2,FALSE,0.0024,0.0018,0.003,0.0024,0.0988,195,0.0046,NA,NA,NA,NA,NA,NA,0.3012,0.0027,223,0.3185,0.1737,0,0.7124,0,Bayes-M10-med
Boende,Tshuapa,2,FALSE,0.0024,0.0018,0.0031,0.0024,0.101,193,0.0047,NA,NA,NA,NA,NA,NA,0.4199,0.0038,176,0.6988,0.4807,0,0.5,0,Bayes-M10-med
Kansimba,Tanganyika,2,FALSE,0.0024,0.0018,0.0031,0.0024,0.1012,192,0.0047,NA,NA,NA,NA,NA,NA,0.5497,0.005,149,0.9479,0.7741,0,0.4768,0,Bayes-M10-med
Lubilanji,Kasaï-Oriental,2,FALSE,0.0023,0.0017,0.0029,0.0023,0.0951,197,0.0044,NA,NA,NA,NA,NA,NA,0.1694,0.0015,307,0.0347,0.3398,0,0.3031,0,Bayes-M10-med
Gemena,Sud-Ubangi,2,FALSE,0.0023,0.0018,0.003,0.0023,0.0985,196,0.0045,NA,NA,NA,NA,NA,NA,0.3277,0.0029,208,0.1776,0.2741,0,0.8591,0,Bayes-M10-med
Luebo,Kasaï,2,FALSE,0.0022,0.0017,0.0028,0.0022,0.0907,204,0.0042,NA,NA,NA,NA,NA,NA,0.4353,0.0036,183,0.5232,0.5116,0,0.7066,0,Bayes-M10-med
Dibindi,Kasaï-Oriental,2,FALSE,0.0022,0.0017,0.0028,0.0022,0.0918,201,0.0042,NA,NA,NA,NA,NA,NA,0.1617,0.0013,323,0.0386,0.2954,0,0.3127,0,Bayes-M10-med
Muya,Kasaï-Oriental,2,FALSE,0.0022,0.0017,0.0028,0.0022,0.0911,202,0.0042,NA,NA,NA,NA,NA,NA,0.2495,0.0021,262,0.0753,0.5888,0,0.334,0,Bayes-M10-med
Kamana,Lomami,2,FALSE,0.0022,0.0017,0.0028,0.0022,0.0924,200,0.0043,NA,NA,NA,NA,NA,NA,0.2944,0.0025,234,0.5309,0.0174,0,0.6293,0,Bayes-M10-med
Ferekeni,Maniema,2,FALSE,0.0022,0.0017,0.0028,0.0022,0.091,203,0.0042,NA,NA,NA,NA,NA,NA,0.3504,0.0029,214,0.7722,0.0425,0,0.5869,0,Bayes-M10-med
Itombwe,Sud-Kivu,2,FALSE,0.0022,0.0017,0.0028,0.0022,0.093,199,0.0043,NA,NA,NA,NA,NA,NA,0.5121,0.0043,161,0.8571,0.6737,0,0.5174,0,Bayes-M10-med
Lowa,Tshopo,2,FALSE,0.0022,0.0016,0.0027,0.0022,0.0903,205,0.0042,NA,NA,NA,NA,NA,NA,0.4073,0.0033,193,0.8938,0.0598,0,0.6757,0,Bayes-M10-med
Basali,Tshopo,2,FALSE,0.0022,0.0017,0.0028,0.0022,0.0932,198,0.0043,NA,NA,NA,NA,NA,NA,0.3779,0.0032,198,0.834,0.0251,0,0.6525,0,Bayes-M10-med
Bipemba,Kasaï-Oriental,2,FALSE,0.0021,0.0016,0.0027,0.0021,0.0883,210,0.0041,NA,NA,NA,NA,NA,NA,0.1544,0.0012,333,0.0618,0.2201,0,0.3359,0,Bayes-M10-med
Kansele,Kasaï-Oriental,2,FALSE,0.0021,0.0016,0.0026,0.0021,0.0866,212,0.004,NA,NA,NA,NA,NA,NA,0.2437,0.0019,269,0.0541,0.5965,0,0.3243,0,Bayes-M10-med
Miabi,Kasaï-Oriental,2,FALSE,0.0021,0.0016,0.0027,0.0021,0.088,211,0.0041,NA,NA,NA,NA,NA,NA,0.2838,0.0023,250,0.2297,0.6525,0,0.2529,0,Bayes-M10-med
Tshishimbi,Kasaï-Oriental,2,FALSE,0.0021,0.0016,0.0026,0.0021,0.0862,213,0.004,NA,NA,NA,NA,NA,NA,0.1742,0.0014,319,0.1795,0.2471,0,0.2703,0,Bayes-M10-med
Kalenda,Lomami,2,FALSE,0.0021,0.0016,0.0027,0.0021,0.0898,207,0.0041,NA,NA,NA,NA,NA,NA,0.2886,0.0023,244,0.388,0.1873,0,0.5792,0,Bayes-M10-med
Yamongili,Mongala,2,FALSE,0.0021,0.0016,0.0027,0.0021,0.0897,208,0.0041,NA,NA,NA,NA,NA,NA,0.3243,0.0026,226,0.5116,0.3668,0,0.4189,0,Bayes-M10-med
Katako Kombe,Sankuru,2,FALSE,0.0021,0.0016,0.0027,0.0021,0.0893,209,0.0041,NA,NA,NA,NA,NA,NA,0.4703,0.0038,178,0.7857,0.1313,0,0.9643,0,Bayes-M10-med
Mondombe,Tshuapa,2,FALSE,0.0021,0.0016,0.0027,0.0022,0.0902,206,0.0042,NA,NA,NA,NA,NA,NA,0.4797,0.0039,173,0.6622,0.3726,0,0.8842,0,Bayes-M10-med
Likati,Bas-Uele,2,FALSE,0.002,0.0015,0.0025,0.002,0.0836,220,0.0039,NA,NA,NA,NA,NA,NA,0.7124,0.0054,147,0.9942,0.971,0,0.8842,0,Bayes-M10-med
Mweka,Kasaï,2,FALSE,0.002,0.0015,0.0026,0.002,0.0851,217,0.0039,NA,NA,NA,NA,NA,NA,0.5053,0.0039,174,0.4788,0.7239,0,0.8185,0,Bayes-M10-med
Bena Leka,Kasaï-Central,2,FALSE,0.002,0.0015,0.0025,0.002,0.0834,221,0.0038,NA,NA,NA,NA,NA,NA,0.4986,0.0038,179,0.6062,0.7162,0,0.6718,0,Bayes-M10-med
Luiza,Kasaï-Central,2,FALSE,0.002,0.0016,0.0026,0.002,0.0852,216,0.0039,NA,NA,NA,NA,NA,NA,0.4218,0.0033,195,0.4807,0.6293,0,0.5772,0,Bayes-M10-med
Masuika,Kasaï-Central,2,FALSE,0.002,0.0015,0.0025,0.002,0.0826,223,0.0038,NA,NA,NA,NA,NA,NA,0.3885,0.0029,211,0.3263,0.5618,0,0.666,0,Bayes-M10-med
Mpokolo,Kasaï-Oriental,2,FALSE,0.002,0.0016,0.0026,0.002,0.0859,214,0.004,NA,NA,NA,NA,NA,NA,0.2901,0.0023,252,0.1255,0.6873,0,0.3475,0,Bayes-M10-med
Kalambayi Kabanga,Lomami,2,FALSE,0.002,0.0016,0.0026,0.002,0.0854,215,0.0039,NA,NA,NA,NA,NA,NA,0.3132,0.0024,239,0.4556,0.1602,0,0.6371,0,Bayes-M10-med
Alunguli,Maniema,2,FALSE,0.002,0.0015,0.0026,0.002,0.0842,219,0.0039,NA,NA,NA,NA,NA,NA,0.3132,0.0024,240,0.1737,0.195,0,0.8842,0,Bayes-M10-med
Vanga Kete,Sankuru,2,FALSE,0.002,0.0015,0.0026,0.002,0.0842,218,0.0039,NA,NA,NA,NA,NA,NA,0.4503,0.0034,189,0.4672,0.4112,0,0.9228,0,Bayes-M10-med
Kiambi,Tanganyika,2,FALSE,0.002,0.0015,0.0025,0.002,0.0831,222,0.0038,NA,NA,NA,NA,NA,NA,0.5709,0.0043,162,0.9807,0.6834,0,0.6197,0,Bayes-M10-med
Bukama,Haut-Lomami,2,FALSE,0.0019,0.0014,0.0024,0.0019,0.0784,225,0.0036,NA,NA,NA,NA,NA,NA,0.4764,0.0034,191,0.7143,0.7625,0,0.4286,0,Bayes-M10-med
Mulongo,Haut-Lomami,2,FALSE,0.0019,0.0014,0.0024,0.0019,0.0784,226,0.0036,NA,NA,NA,NA,NA,NA,0.4773,0.0034,190,0.7471,0.7703,0,0.3919,0,Bayes-M10-med
Tshumbe,Sankuru,2,FALSE,0.0019,0.0015,0.0025,0.0019,0.081,224,0.0037,NA,NA,NA,NA,NA,NA,0.3907,0.0029,216,0.5444,0.1718,0,0.8465,0,Bayes-M10-med
Bili (Bas-Uele),Bas-Uele,2,FALSE,0.0018,0.0014,0.0023,0.0018,0.0753,232,0.0035,NA,NA,NA,NA,NA,NA,0.6926,0.0047,152,0.9981,0.7992,0,0.973,0,Bayes-M10-med
Lusanga,Kwilu,2,FALSE,0.0018,0.0014,0.0024,0.0018,0.0775,227,0.0036,NA,NA,NA,NA,NA,NA,0.4242,0.003,206,0.4382,0.7297,0,0.529,0,Bayes-M10-med
Fungurume,Lualaba,2,FALSE,0.0018,0.0014,0.0023,0.0018,0.0763,229,0.0035,NA,NA,NA,NA,NA,NA,0.1564,0.0011,346,0.2664,0.1622,0,0.1969,0,Bayes-M10-med
Omendjadi,Sankuru,2,FALSE,0.0018,0.0014,0.0023,0.0018,0.0772,228,0.0036,NA,NA,NA,NA,NA,NA,0.4262,0.003,205,0.5502,0.2317,0,0.9228,0,Bayes-M10-med
Dikungu,Sankuru,2,FALSE,0.0018,0.0014,0.0023,0.0018,0.0761,230,0.0035,NA,NA,NA,NA,NA,NA,0.3779,0.0026,227,0.4865,0.1409,0,0.8842,0,Bayes-M10-med
Minga,Sankuru,2,FALSE,0.0018,0.0014,0.0023,0.0018,0.076,231,0.0035,NA,NA,NA,NA,NA,NA,0.5347,0.0037,182,0.7838,0.471,0,0.8842,0,Bayes-M10-med
Bokungu,Tshuapa,2,FALSE,0.0018,0.0014,0.0023,0.0018,0.0747,233,0.0034,NA,NA,NA,NA,NA,NA,0.49370000000000003,0.0033,192,0.695,0.3571,0,0.9228,0,Bayes-M10-med
Yalifafu,Tshuapa,2,FALSE,0.0018,0.0013,0.0023,0.0018,0.0741,235,0.0034,NA,NA,NA,NA,NA,NA,0.4797,0.0032,196,0.7664,0.2683,0,0.8842,0,Bayes-M10-med
Ankoro,Tanganyika,2,FALSE,0.0018,0.0014,0.0023,0.0018,0.0742,234,0.0034,NA,NA,NA,NA,NA,NA,0.6047,0.0041,168,0.9266,0.8282,0,0.6641,0,Bayes-M10-med
Dibaya,Kasaï-Central,2,FALSE,0.0017,0.0013,0.0022,0.0017,0.0721,238,0.0033,NA,NA,NA,NA,NA,NA,0.3325,0.0022,255,0.3147,0.4479,0,0.5676,0,Bayes-M10-med
Tshikaji,Kasaï-Central,2,FALSE,0.0017,0.0013,0.0022,0.0017,0.0726,236,0.0034,NA,NA,NA,NA,NA,NA,0.3195,0.0021,258,0.1873,0.5849,0,0.5058,0,Bayes-M10-med
Mukumbi,Kasaï-Oriental,2,FALSE,0.0017,0.0013,0.0022,0.0017,0.0724,237,0.0033,NA,NA,NA,NA,NA,NA,0.2249,0.0015,304,0.2413,0.1892,0,0.4691,0,Bayes-M10-med
Vanga,Kwilu,2,FALSE,0.0017,0.0013,0.0021,0.0017,0.0696,243,0.0032,NA,NA,NA,NA,NA,NA,0.5034,0.0032,201,0.3726,0.8205,0,0.8205,0,Bayes-M10-med
Bulungu,Kwilu,2,FALSE,0.0017,0.0013,0.0021,0.0017,0.0707,240,0.0033,NA,NA,NA,NA,NA,NA,0.4508,0.0029,215,0.3571,0.6795,0,0.7664,0,Bayes-M10-med
Mukedi,Kwilu,2,FALSE,0.0017,0.0013,0.0021,0.0017,0.0701,242,0.0032,NA,NA,NA,NA,NA,NA,0.4836,0.0031,202,0.5367,0.7066,0,0.6911,0,Bayes-M10-med
Karawa,Nord-Ubangi,2,FALSE,0.0017,0.0013,0.0022,0.0017,0.0717,239,0.0033,NA,NA,NA,NA,NA,NA,0.6404,0.0042,166,0.7568,0.973,0,0.832,0,Bayes-M10-med
Ototo,Sankuru,2,FALSE,0.0017,0.0013,0.0021,0.0017,0.0704,241,0.0032,NA,NA,NA,NA,NA,NA,0.4561,0.0029,212,0.5386,0.3629,0,0.9228,0,Bayes-M10-med
Kalonda Ouest,Kasaï,2,FALSE,0.0016,0.0013,0.0021,0.0016,0.0692,244,0.0032,NA,NA,NA,NA,NA,NA,0.2239,0.0014,313,0.2915,0.251,0,0.3533,0,Bayes-M10-med
Ndekesha,Kasaï-Central,2,FALSE,0.0016,0.0012,0.002,0.0016,0.0669,248,0.0031,NA,NA,NA,NA,NA,NA,0.4059,0.0025,236,0.4768,0.4498,0,0.6969,0,Bayes-M10-med
Kenge,Kwango,2,FALSE,0.0016,0.0012,0.002,0.0016,0.0658,249,0.003,NA,NA,NA,NA,NA,NA,0.5574,0.0033,194,0.6139,0.8127,0,0.8031,0,Bayes-M10-med
Gungu,Kwilu,2,FALSE,0.0016,0.0012,0.002,0.0016,0.0652,251,0.003,NA,NA,NA,NA,NA,NA,0.4237,0.0025,233,0.5058,0.6969,0,0.4923,0,Bayes-M10-med
Kalonda Est,Lomami,2,FALSE,0.0016,0.0012,0.0021,0.0016,0.068,246,0.0031,NA,NA,NA,NA,NA,NA,0.3292,0.002,264,0.5425,0.1506,0,0.6236,0,Bayes-M10-med
Dilala,Lualaba,2,FALSE,0.0016,0.0013,0.0021,0.0016,0.0692,245,0.0032,NA,NA,NA,NA,NA,NA,0.1347,8e-4,378,0.1506,0.2548,0,0.1332,0,Bayes-M10-med
Pangi,Maniema,2,FALSE,0.0016,0.0012,0.0021,0.0016,0.0679,247,0.0031,NA,NA,NA,NA,NA,NA,0.3316,0.002,263,0.6081,0.056,0,0.6622,0,Bayes-M10-med
Bosondjo,Mongala,2,FALSE,0.0016,0.0012,0.002,0.0016,0.0654,250,0.003,NA,NA,NA,NA,NA,NA,0.3489,0.0021,261,0.5618,0.1931,0,0.6409,0,Bayes-M10-med
Kabondo Dianda,Haut-Lomami,2,FALSE,0.0015,0.0012,0.0019,0.0015,0.0638,257,0.0029,NA,NA,NA,NA,NA,NA,0.4107,0.0024,242,0.5888,0.5714,0,0.4826,0,Bayes-M10-med
Mukanga,Haut-Lomami,2,FALSE,0.0015,0.0012,0.0019,0.0015,0.0639,256,0.003,NA,NA,NA,NA,NA,NA,0.4739,0.0027,222,0.6853,0.6911,0,0.5193,0,Bayes-M10-med
Katende,Kasaï-Central,2,FALSE,0.0015,0.0012,0.002,0.0015,0.0649,252,0.003,NA,NA,NA,NA,NA,NA,0.5154,0.003,204,0.6525,0.6486,0,0.7606,0,Bayes-M10-med
Lukonga,Kasaï-Central,2,FALSE,0.0015,0.0012,0.0019,0.0015,0.0635,259,0.0029,NA,NA,NA,NA,NA,NA,0.3282,0.0019,272,0.2239,0.6429,0,0.4459,0,Bayes-M10-med
Luambo,Kasaï-Central,2,FALSE,0.0015,0.0012,0.002,0.0015,0.0648,253,0.003,NA,NA,NA,NA,NA,NA,0.3769,0.0022,253,0.5347,0.5656,0,0.4073,0,Bayes-M10-med
Kikwit Nord,Kwilu,2,FALSE,0.0015,0.0012,0.002,0.0015,0.0646,254,0.003,NA,NA,NA,NA,NA,NA,0.2915,0.0017,281,0.1236,0.5405,0,0.5019,0,Bayes-M10-med
Koshibanda,Kwilu,2,FALSE,0.0015,0.0012,0.0019,0.0015,0.0635,258,0.0029,NA,NA,NA,NA,NA,NA,0.4913,0.0028,219,0.5193,0.6757,0,0.7703,0,Bayes-M10-med
Pimu,Mongala,2,FALSE,0.0015,0.0011,0.0019,0.0015,0.0612,261,0.0028,NA,NA,NA,NA,NA,NA,0.4257,0.0024,243,0.583,0.3707,0,0.749,0,Bayes-M10-med
Wembo Nyama,Sankuru,2,FALSE,0.0015,0.0012,0.002,0.0015,0.0643,255,0.003,NA,NA,NA,NA,NA,NA,0.4097,0.0024,241,0.5019,0.2143,0,0.9228,0,Bayes-M10-med
Bwamanda,Sud-Ubangi,2,FALSE,0.0015,0.0011,0.0019,0.0015,0.0631,260,0.0029,NA,NA,NA,NA,NA,NA,0.4667,0.0027,224,0.4189,0.7394,0,0.7085,0,Bayes-M10-med
Kanzala,Kasaï,2,FALSE,0.0014,0.0011,0.0018,0.0014,0.0595,264,0.0027,NA,NA,NA,NA,NA,NA,0.2046,0.0011,345,0.168,0.3127,0,0.3378,0,Bayes-M10-med
Yangala,Kasaï-Central,2,FALSE,0.0014,0.001,0.0017,0.0014,0.0573,266,0.0026,NA,NA,NA,NA,NA,NA,0.348,0.0018,278,0.5927,0.2259,0,0.5734,0,Bayes-M10-med
Makota,Lomami,2,FALSE,0.0014,0.0011,0.0018,0.0014,0.0601,263,0.0028,NA,NA,NA,NA,NA,NA,0.2587,0.0014,311,0.1023,0.3764,0,0.556,0,Bayes-M10-med
Tunda,Maniema,2,FALSE,0.0014,0.0011,0.0018,0.0014,0.0605,262,0.0028,NA,NA,NA,NA,NA,NA,0.459,0.0025,231,0.8977,0.0541,0,0.8842,0,Bayes-M10-med
Yakoma,Nord-Ubangi,2,FALSE,0.0014,0.0011,0.0018,0.0014,0.0578,265,0.0027,NA,NA,NA,NA,NA,NA,0.6641,0.0035,186,0.7124,0.9479,0,0.9961,0,Bayes-M10-med
Tandala,Sud-Ubangi,2,FALSE,0.0014,0.001,0.0017,0.0014,0.0568,267,0.0026,NA,NA,NA,NA,NA,NA,0.4078,0.0021,260,0.2741,0.527,0,0.8301,0,Bayes-M10-med
Monga,Bas-Uele,2,FALSE,0.0013,0.001,0.0016,0.0013,0.053,274,0.0024,NA,NA,NA,NA,NA,NA,0.7336,0.0035,185,0.9826,0.9672,0,0.9846,0,Bayes-M10-med
Kampemba,Haut-Katanga,2,FALSE,0.0013,0.001,0.0017,0.0013,0.0562,268,0.0026,NA,NA,NA,NA,NA,NA,0.0531,3e-4,449,0.0598,0.0367,0,0.1158,0,Bayes-M10-med
Kilwa,Haut-Katanga,2,FALSE,0.0013,0.001,0.0016,0.0013,0.0532,273,0.0025,NA,NA,NA,NA,NA,NA,0.3764,0.0018,276,0.749,0.39,0,0.3668,0,Bayes-M10-med
Sakania,Haut-Katanga,2,FALSE,0.0013,0.001,0.0016,0.0013,0.053,275,0.0024,NA,NA,NA,NA,NA,NA,0.2775,0.0013,326,0.7375,0.2355,0,0.1371,0,Bayes-M10-med
Ilebo,Kasaï,2,FALSE,0.0013,0.001,0.0017,0.0013,0.055,272,0.0025,NA,NA,NA,NA,NA,NA,0.3142,0.0016,294,0.2162,0.6139,0,0.4266,0,Bayes-M10-med
Tshibala,Kasaï-Central,2,FALSE,0.0013,0.001,0.0017,0.0013,0.0551,271,0.0025,NA,NA,NA,NA,NA,NA,0.4218,0.0021,257,0.4266,0.5772,0,0.6834,0,Bayes-M10-med
Ipamu,Kwilu,2,FALSE,0.0013,0.001,0.0016,0.0013,0.0526,277,0.0024,NA,NA,NA,NA,NA,NA,0.5454,0.0026,228,0.4903,0.7683,0,0.9228,0,Bayes-M10-med
Binga,Mongala,2,FALSE,0.0013,0.001,0.0016,0.0013,0.0529,276,0.0024,NA,NA,NA,NA,NA,NA,0.3306,0.0016,291,0.4749,0.249,0,0.5985,0,Bayes-M10-med
Lomela,Sankuru,2,FALSE,0.0013,0.001,0.0017,0.0013,0.0562,269,0.0026,NA,NA,NA,NA,NA,NA,0.4759,0.0024,238,0.8456,0.1351,0,0.9228,0,Bayes-M10-med
Mompono,Tshuapa,2,FALSE,0.0013,0.001,0.0017,0.0013,0.0557,270,0.0026,NA,NA,NA,NA,NA,NA,0.5598,0.0028,220,0.8089,0.6042,0,0.8263,0,Bayes-M10-med
Kambove,Haut-Katanga,2,FALSE,0.0012,9e-4,0.0015,0.0012,0.0487,286,0.0023,NA,NA,NA,NA,NA,NA,0.306,0.0014,321,0.4247,0.6236,0,0.1757,0,Bayes-M10-med
Pweto,Haut-Katanga,2,FALSE,0.0012,9e-4,0.0016,0.0012,0.0517,278,0.0024,NA,NA,NA,NA,NA,NA,0.3518,0.0016,287,0.7992,0.2587,0,0.3494,0,Bayes-M10-med
Ruashi,Haut-Katanga,2,FALSE,0.0012,9e-4,0.0015,0.0012,0.0502,281,0.0023,NA,NA,NA,NA,NA,NA,0.0705,3e-4,442,0.0985,0.0637,0,0.1197,0,Bayes-M10-med
Katoka,Kasaï-Central,2,FALSE,0.0012,9e-4,0.0015,0.0012,0.0488,285,0.0023,NA,NA,NA,NA,NA,NA,0.2645,0.0012,341,0.1216,0.473,0,0.4633,0,Bayes-M10-med
Tshikula,Kasaï-Central,2,FALSE,0.0012,9e-4,0.0015,0.0012,0.0498,282,0.0023,NA,NA,NA,NA,NA,NA,0.3296,0.0015,300,0.3919,0.3185,0,0.6081,0,Bayes-M10-med
Kikwit Sud,Kwilu,2,FALSE,0.0012,9e-4,0.0015,0.0012,0.0509,280,0.0023,NA,NA,NA,NA,NA,NA,0.3282,0.0015,298,0.1313,0.7008,0,0.4807,0,Bayes-M10-med
Yasa Bonga,Kwilu,2,FALSE,0.0012,9e-4,0.0015,0.0012,0.0495,283,0.0023,NA,NA,NA,NA,NA,NA,0.4206,0.0019,273,0.3031,0.5328,0,0.8465,0,Bayes-M10-med
Gbadolite,Nord-Ubangi,2,FALSE,0.0012,9e-4,0.0015,0.0012,0.049,284,0.0023,NA,NA,NA,NA,NA,NA,0.5183,0.0023,246,0.7915,0.9653,0,0.3166,0,Bayes-M10-med
Lusambo,Sankuru,2,FALSE,0.0012,9e-4,0.0016,0.0012,0.0516,279,0.0024,NA,NA,NA,NA,NA,NA,0.4833,0.0023,251,0.6815,0.2992,0,0.9527,0,Bayes-M10-med
Befale,Tshuapa,2,FALSE,0.0012,9e-4,0.0015,0.0012,0.0487,287,0.0023,NA,NA,NA,NA,NA,NA,0.5145,0.0023,248,0.8822,0.4903,0,0.6853,0,Bayes-M10-med
Basankusu,Equateur,2,FALSE,0.0011,9e-4,0.0014,0.0011,0.0468,292,0.0022,NA,NA,NA,NA,NA,NA,0.6844,0.0029,213,0.9517,0.8629,0,0.9228,0,Bayes-M10-med
Bolomba,Equateur,2,FALSE,0.0011,8e-4,0.0014,0.0011,0.0455,302,0.0021,NA,NA,NA,NA,NA,NA,0.6163,0.0025,230,0.9575,0.8533,0,0.6544,0,Bayes-M10-med
Kapolowe,Haut-Katanga,2,FALSE,0.0011,9e-4,0.0015,0.0011,0.0477,289,0.0022,NA,NA,NA,NA,NA,NA,0.3026,0.0013,328,0.5579,0.444,0,0.2085,0,Bayes-M10-med
Kisanga,Haut-Katanga,2,FALSE,0.0011,8e-4,0.0014,0.0011,0.0456,300,0.0021,NA,NA,NA,NA,NA,NA,0.1081,4e-4,427,0.1293,0.2008,0,0.1023,0,Bayes-M10-med
Kakenge,Kasaï,2,FALSE,0.0011,8e-4,0.0013,0.0011,0.0442,308,0.002,NA,NA,NA,NA,NA,NA,0.4522,0.0018,277,0.5753,0.4788,0,0.7548,0,Bayes-M10-med
Ndjoko Mpunda,Kasaï,2,FALSE,0.0011,8e-4,0.0014,0.0011,0.0466,294,0.0022,NA,NA,NA,NA,NA,NA,0.333,0.0014,312,0.3977,0.2915,0,0.6429,0,Bayes-M10-med
Kamonia,Kasaï,2,FALSE,0.0011,9e-4,0.0014,0.0011,0.047,290,0.0022,NA,NA,NA,NA,NA,NA,0.14,6e-4,412,0.3707,0.11,0,0.0792,0,Bayes-M10-med
Muetshi,Kasaï-Central,2,FALSE,0.0011,8e-4,0.0014,0.0011,0.0463,295,0.0021,NA,NA,NA,NA,NA,NA,0.4792,0.002,265,0.6158,0.5386,0,0.7625,0,Bayes-M10-med
Matadi,Kongo-Central,2,FALSE,0.0011,8e-4,0.0014,0.0011,0.0462,296,0.0021,NA,NA,NA,NA,NA,NA,0.2939,0.0012,334,0.1564,0.944,0,0.0753,0,Bayes-M10-med
Djuma,Kwilu,2,FALSE,0.0011,8e-4,0.0014,0.0011,0.046,298,0.0021,NA,NA,NA,NA,NA,NA,0.5256,0.0022,254,0.4826,0.7355,0,0.8842,0,Bayes-M10-med
Masi Manimba,Kwilu,2,FALSE,0.0011,8e-4,0.0014,0.0011,0.0447,307,0.0021,NA,NA,NA,NA,NA,NA,0.4281,0.0017,279,0.332,0.4961,0,0.8842,0,Bayes-M10-med
Kasaji,Lualaba,2,FALSE,0.0011,9e-4,0.0014,0.0011,0.0467,293,0.0022,NA,NA,NA,NA,NA,NA,0.4648,0.002,267,0.8552,0.4923,0,0.5116,0,Bayes-M10-med
Lualaba,Lualaba,2,FALSE,0.0011,9e-4,0.0015,0.0011,0.0478,288,0.0022,NA,NA,NA,NA,NA,NA,0.1404,6e-4,411,0.3552,0.0347,0,0.1718,0,Bayes-M10-med
Boso Manzi,Mongala,2,FALSE,0.0011,8e-4,0.0013,0.0011,0.0441,309,0.002,NA,NA,NA,NA,NA,NA,0.3982,0.0016,289,0.5695,0.2278,0,0.7954,0,Bayes-M10-med
Abuzi,Nord-Ubangi,2,FALSE,0.0011,8e-4,0.0014,0.0011,0.0451,305,0.0021,NA,NA,NA,NA,NA,NA,0.7153,0.0029,209,0.9846,0.9054,0,0.971,0,Bayes-M10-med
Bosobolo,Nord-Ubangi,2,FALSE,0.0011,8e-4,0.0014,0.0011,0.0452,304,0.0021,NA,NA,NA,NA,NA,NA,0.7148,0.0029,207,0.9363,0.9459,0,0.9768,0,Bayes-M10-med
Mobayi Mbongo,Nord-Ubangi,2,FALSE,0.0011,8e-4,0.0014,0.0011,0.0459,299,0.0021,NA,NA,NA,NA,NA,NA,0.5458,0.0023,247,0.9324,0.8166,0,0.4344,0,Bayes-M10-med
Wapinda,Nord-Ubangi,2,FALSE,0.0011,8e-4,0.0014,0.0011,0.0461,297,0.0021,NA,NA,NA,NA,NA,NA,0.6791,0.0028,218,0.9015,0.8398,0,0.9749,0,Bayes-M10-med
Bena Dibele,Sankuru,2,FALSE,0.0011,8e-4,0.0014,0.0011,0.0455,301,0.0021,NA,NA,NA,NA,NA,NA,0.4093,0.0017,284,0.6216,0.1564,0,0.8591,0,Bayes-M10-med
Djalo Ndjeka,Sankuru,2,FALSE,0.0011,8e-4,0.0014,0.0011,0.045,306,0.0021,NA,NA,NA,NA,NA,NA,0.3378,0.0014,317,0.3591,0.0695,0,0.9228,0,Bayes-M10-med
Bogosenubea,Sud-Ubangi,2,FALSE,0.0011,8e-4,0.0014,0.0011,0.0454,303,0.0021,NA,NA,NA,NA,NA,NA,0.4107,0.0017,283,0.4981,0.3031,0,0.8417,0,Bayes-M10-med
Libenge,Sud-Ubangi,2,FALSE,0.0011,9e-4,0.0014,0.0011,0.047,291,0.0022,NA,NA,NA,NA,NA,NA,0.3818,0.0016,288,0.6293,0.3591,0,0.5386,0,Bayes-M10-med
Kinkondja,Haut-Lomami,2,FALSE,0.001,8e-4,0.0013,0.001,0.0436,310,0.002,NA,NA,NA,NA,NA,NA,0.4889,0.0019,268,0.7278,0.6274,0,0.6004,0,Bayes-M10-med
Bilomba,Kasaï-Central,2,FALSE,0.001,8e-4,0.0013,0.001,0.0416,313,0.0019,NA,NA,NA,NA,NA,NA,0.4006,0.0015,299,0.3378,0.4421,0,0.8224,0,Bayes-M10-med
Lubunga (Kasaï-Central),Kasaï-Central,2,FALSE,0.001,8e-4,0.0013,0.001,0.0413,315,0.0019,NA,NA,NA,NA,NA,NA,0.4599,0.0017,280,0.5637,0.4653,0,0.8108,0,Bayes-M10-med
Muanda,Kongo-Central,2,FALSE,0.001,7e-4,0.0012,0.001,0.04,317,0.0018,NA,NA,NA,NA,NA,NA,0.4093,0.0015,302,0.6371,1,0,0,0,Bayes-M10-med
Kisantu,Kongo-Central,2,FALSE,0.001,7e-4,0.0012,0.001,0.0405,316,0.0019,NA,NA,NA,NA,NA,NA,0.418,0.0015,296,0.5039,0.9903,0,0.1776,0,Bayes-M10-med
Wikong,Lomami,2,FALSE,0.001,8e-4,0.0013,0.001,0.0419,312,0.0019,NA,NA,NA,NA,NA,NA,0.3663,0.0014,315,0.2529,0.4228,0,0.7896,0,Bayes-M10-med
Bili (Nord-Ubangi),Nord-Ubangi,2,FALSE,0.001,8e-4,0.0013,0.001,0.0414,314,0.0019,NA,NA,NA,NA,NA,NA,0.7075,0.0027,225,0.9247,0.9189,0,0.9865,0,Bayes-M10-med
Kole,Sankuru,2,FALSE,0.001,8e-4,0.0013,0.001,0.0436,311,0.002,NA,NA,NA,NA,NA,NA,0.4802,0.0019,271,0.7761,0.2606,0,0.8842,0,Bayes-M10-med
Likasi,Haut-Katanga,2,FALSE,9e-4,7e-4,0.0011,9e-4,0.0378,323,0.0017,NA,NA,NA,NA,NA,NA,0.1728,6e-4,414,0.112,0.4208,0,0.1583,0,Bayes-M10-med
Mufunga Sampwe,Haut-Katanga,2,FALSE,9e-4,7e-4,0.0011,9e-4,0.036,330,0.0017,NA,NA,NA,NA,NA,NA,0.3774,0.0012,335,0.8185,0.0888,0,0.6023,0,Bayes-M10-med
Lwamba,Haut-Lomami,2,FALSE,9e-4,7e-4,0.0011,9e-4,0.0359,331,0.0017,NA,NA,NA,NA,NA,NA,0.4865,0.0016,292,0.8069,0.6409,0,0.4981,0,Bayes-M10-med
Mikope,Kasaï,2,FALSE,9e-4,7e-4,0.0011,9e-4,0.0375,325,0.0017,NA,NA,NA,NA,NA,NA,0.3996,0.0014,320,0.6776,0.2703,0,0.6506,0,Bayes-M10-med
Lubondaie,Kasaï-Central,2,FALSE,9e-4,7e-4,0.0011,9e-4,0.0376,324,0.0017,NA,NA,NA,NA,NA,NA,0.3147,0.0011,348,0.3822,0.1583,0,0.7181,0,Bayes-M10-med
Mokala,Kwilu,2,FALSE,9e-4,7e-4,0.0012,9e-4,0.0393,321,0.0018,NA,NA,NA,NA,NA,NA,0.5118,0.0018,275,0.4228,0.6718,0,0.9527,0,Bayes-M10-med
Kamiji,Lomami,2,FALSE,9e-4,7e-4,0.0012,9e-4,0.0395,320,0.0018,NA,NA,NA,NA,NA,NA,0.2635,9e-4,372,0.3398,0.1293,0,0.5849,0,Bayes-M10-med
Kapanga,Lualaba,2,FALSE,9e-4,7e-4,0.0012,9e-4,0.0396,319,0.0018,NA,NA,NA,NA,NA,NA,0.4112,0.0015,303,0.8514,0.3938,0,0.3996,0,Bayes-M10-med
Loko,Nord-Ubangi,2,FALSE,9e-4,7e-4,0.0012,9e-4,0.0382,322,0.0018,NA,NA,NA,NA,NA,NA,0.6535,0.0023,249,0.9402,0.9266,0,0.7471,0,Bayes-M10-med
Wasolo,Nord-Ubangi,2,FALSE,9e-4,7e-4,0.0011,9e-4,0.0364,328,0.0017,NA,NA,NA,NA,NA,NA,0.5709,0.0019,274,0.5541,0.7413,0,0.9884,0,Bayes-M10-med
Budjala,Sud-Ubangi,2,FALSE,9e-4,7e-4,0.0011,9e-4,0.0373,326,0.0017,NA,NA,NA,NA,NA,NA,0.43,0.0015,308,0.5154,0.4035,0,0.8012,0,Bayes-M10-med
Bulu,Sud-Ubangi,2,FALSE,9e-4,7e-4,0.0011,9e-4,0.0363,329,0.0017,NA,NA,NA,NA,NA,NA,0.3147,0.001,353,0.3649,0.1988,0,0.695,0,Bayes-M10-med
Kungu,Sud-Ubangi,2,FALSE,9e-4,7e-4,0.0011,9e-4,0.0372,327,0.0017,NA,NA,NA,NA,NA,NA,0.3711,0.0013,332,0.3745,0.3359,0,0.7741,0,Bayes-M10-med
Ndage,Sud-Ubangi,2,FALSE,9e-4,7e-4,0.0012,9e-4,0.0398,318,0.0018,NA,NA,NA,NA,NA,NA,0.3533,0.0013,329,0.3996,0.2761,0,0.7375,0,Bayes-M10-med
Ingende,Equateur,2,FALSE,8e-4,6e-4,0.001,8e-4,0.0315,354,0.0015,NA,NA,NA,NA,NA,NA,0.596,0.0017,282,0.9208,0.8571,0,0.6062,0,Bayes-M10-med
Kasenga,Haut-Katanga,2,FALSE,8e-4,6e-4,0.001,8e-4,0.0329,343,0.0015,NA,NA,NA,NA,NA,NA,0.3953,0.0012,340,0.8166,0.6255,0,0.139,0,Bayes-M10-med
Kayamba,Haut-Lomami,2,FALSE,8e-4,6e-4,0.001,8e-4,0.0327,346,0.0015,NA,NA,NA,NA,NA,NA,0.4276,0.0013,330,0.7027,0.4189,0,0.5888,0,Bayes-M10-med
Songa,Haut-Lomami,2,FALSE,8e-4,6e-4,0.0011,8e-4,0.0354,333,0.0016,NA,NA,NA,NA,NA,NA,0.473,0.0015,297,0.9344,0.3533,0,0.6042,0,Bayes-M10-med
Dekese,Kasaï,2,FALSE,8e-4,6e-4,0.001,8e-4,0.032,351,0.0015,NA,NA,NA,NA,NA,NA,0.4633,0.0013,324,0.9189,0.2181,0,0.7162,0,Bayes-M10-med
Mushenge,Kasaï,2,FALSE,8e-4,6e-4,0.001,8e-4,0.0325,349,0.0015,NA,NA,NA,NA,NA,NA,0.3229,0.001,368,0.5946,0.0656,0,0.6313,0,Bayes-M10-med
Kitangwa,Kasaï,2,FALSE,8e-4,6e-4,0.001,8e-4,0.0335,339,0.0015,NA,NA,NA,NA,NA,NA,0.3287,0.001,360,0.6332,0.1062,0,0.5753,0,Bayes-M10-med
Bunkonde,Kasaï-Central,2,FALSE,8e-4,6e-4,0.001,8e-4,0.0322,350,0.0015,NA,NA,NA,NA,NA,NA,0.3523,0.001,355,0.4015,0.278,0,0.7297,0,Bayes-M10-med
Mutoto,Kasaï-Central,2,FALSE,8e-4,6e-4,0.001,8e-4,0.0319,352,0.0015,NA,NA,NA,NA,NA,NA,0.3441,0.001,362,0.4575,0.361,0,0.5579,0,Bayes-M10-med
Lukula,Kongo-Central,2,FALSE,8e-4,6e-4,0.001,8e-4,0.0327,345,0.0015,NA,NA,NA,NA,NA,NA,0.3933,0.0012,342,0.529,0.8745,0,0.1699,0,Bayes-M10-med
Kimpese,Kongo-Central,2,FALSE,8e-4,6e-4,0.001,8e-4,0.0328,344,0.0015,NA,NA,NA,NA,NA,NA,0.4947,0.0015,305,0.7896,0.9768,0,0.2124,0,Bayes-M10-med
Boko,Kwango,2,FALSE,8e-4,6e-4,0.001,8e-4,0.0316,353,0.0015,NA,NA,NA,NA,NA,NA,0.5121,0.0015,306,0.7336,0.61,0,0.7046,0,Bayes-M10-med
Bagata,Kwilu,2,FALSE,8e-4,6e-4,0.001,8e-4,0.034,337,0.0016,NA,NA,NA,NA,NA,NA,0.5135,0.0016,293,0.6795,0.695,0,0.6795,0,Bayes-M10-med
Bandundu,Kwilu,2,FALSE,8e-4,6e-4,0.001,8e-4,0.0344,335,0.0016,NA,NA,NA,NA,NA,NA,0.3364,0.001,351,0.3436,0.751,0,0.251,0,Bayes-M10-med
Kimputu,Kwilu,2,FALSE,8e-4,6e-4,0.001,8e-4,0.0325,347,0.0015,NA,NA,NA,NA,NA,NA,0.5039,0.0015,301,0.4923,0.639,0,0.8842,0,Bayes-M10-med
Mosango,Kwilu,2,FALSE,8e-4,6e-4,0.001,8e-4,0.0331,341,0.0015,NA,NA,NA,NA,NA,NA,0.515,0.0015,295,0.5463,0.7375,0,0.7761,0,Bayes-M10-med
Pay Kongila,Kwilu,2,FALSE,8e-4,6e-4,0.001,8e-4,0.0344,334,0.0016,NA,NA,NA,NA,NA,NA,0.4488,0.0014,314,0.5135,0.6467,0,0.6351,0,Bayes-M10-med
Sandoa,Lualaba,2,FALSE,8e-4,6e-4,0.001,8e-4,0.0329,342,0.0015,NA,NA,NA,NA,NA,NA,0.5536,0.0017,286,0.9421,0.6815,0,0.5907,0,Bayes-M10-med
Kanzenze,Lualaba,2,FALSE,8e-4,6e-4,0.001,8e-4,0.0337,338,0.0016,NA,NA,NA,NA,NA,NA,0.2389,7e-4,397,0.6255,0.1429,0,0.1873,0,Bayes-M10-med
Businga,Nord-Ubangi,2,FALSE,8e-4,6e-4,0.001,8e-4,0.0342,336,0.0016,NA,NA,NA,NA,NA,NA,0.6781,0.0021,259,0.9286,0.861,0,0.9228,0,Bayes-M10-med
Pania Mutombo,Sankuru,2,FALSE,8e-4,6e-4,0.0011,8e-4,0.0356,332,0.0016,NA,NA,NA,NA,NA,NA,0.4117,0.0013,327,0.7413,0.1236,0,0.7819,0,Bayes-M10-med
Bokonzi,Sud-Ubangi,2,FALSE,8e-4,6e-4,0.001,8e-4,0.0325,348,0.0015,NA,NA,NA,NA,NA,NA,0.236,7e-4,399,0.4305,0.083,0,0.4305,0,Bayes-M10-med
Boto,Sud-Ubangi,2,FALSE,8e-4,6e-4,0.001,8e-4,0.0332,340,0.0015,NA,NA,NA,NA,NA,NA,0.3596,0.0011,347,0.3282,0.5174,0,0.5927,0,Bayes-M10-med
Mutena,Kasaï,2,FALSE,7e-4,6e-4,9e-4,7e-4,0.031,358,0.0014,NA,NA,NA,NA,NA,NA,0.2336,7e-4,403,0.334,0.0753,0,0.5251,0,Bayes-M10-med
Ndesha,Kasaï-Central,2,FALSE,7e-4,6e-4,9e-4,7e-4,0.031,357,0.0014,NA,NA,NA,NA,NA,NA,0.2317,7e-4,404,0.1448,0.3456,0,0.4363,0,Bayes-M10-med
Boma,Kongo-Central,2,FALSE,7e-4,6e-4,9e-4,7e-4,0.0308,359,0.0014,NA,NA,NA,NA,NA,NA,0.2901,8e-4,385,0.1467,0.9247,0,0.0888,0,Bayes-M10-med
Boko Kivulu,Kongo-Central,2,FALSE,7e-4,6e-4,9e-4,7e-4,0.0304,364,0.0014,NA,NA,NA,NA,NA,NA,0.4281,0.0012,339,0.5792,0.9324,0,0.2008,0,Bayes-M10-med
Mbanza Ngungu,Kongo-Central,2,FALSE,7e-4,5e-4,9e-4,7e-4,0.0294,366,0.0014,NA,NA,NA,NA,NA,NA,0.3711,0.001,363,0.3205,0.9749,0,0.1892,0,Bayes-M10-med
Kahemba,Kwango,2,FALSE,7e-4,5e-4,9e-4,7e-4,0.0281,367,0.0013,NA,NA,NA,NA,NA,NA,0.5367,0.0014,318,0.8958,0.7278,0,0.5232,0,Bayes-M10-med
Panzi,Kwango,2,FALSE,7e-4,5e-4,9e-4,7e-4,0.0281,368,0.0013,NA,NA,NA,NA,NA,NA,0.5236,0.0013,325,0.7548,0.583,0,0.7568,0,Bayes-M10-med
Feshi,Kwango,2,FALSE,7e-4,6e-4,0.001,8e-4,0.0315,355,0.0015,NA,NA,NA,NA,NA,NA,0.5082,0.0014,309,0.7317,0.5425,0,0.7587,0,Bayes-M10-med
Kikongo,Kwilu,2,FALSE,7e-4,6e-4,9e-4,7e-4,0.0305,363,0.0014,NA,NA,NA,NA,NA,NA,0.5024,0.0014,316,0.6969,0.6023,0,0.7104,0,Bayes-M10-med
Mungindu,Kwilu,2,FALSE,7e-4,5e-4,9e-4,7e-4,0.0297,365,0.0014,NA,NA,NA,NA,NA,NA,0.3818,0.001,356,0.4691,0.5367,0,0.5212,0,Bayes-M10-med
Dilolo,Lualaba,2,FALSE,7e-4,6e-4,9e-4,7e-4,0.0305,362,0.0014,NA,NA,NA,NA,NA,NA,0.3663,0.001,357,0.8398,0.6197,0,0.0058,0,Bayes-M10-med
Kalamba,Lualaba,2,FALSE,7e-4,6e-4,9e-4,7e-4,0.0307,360,0.0014,NA,NA,NA,NA,NA,NA,0.4542,0.0013,331,0.8803,0.2375,0,0.6988,0,Bayes-M10-med
Bongandanga,Mongala,2,FALSE,7e-4,5e-4,8e-4,7e-4,0.0279,369,0.0013,NA,NA,NA,NA,NA,NA,0.4228,0.0011,349,0.7587,0.0097,0,0.9228,0,Bayes-M10-med
Boso Mondanda,Mongala,2,FALSE,7e-4,6e-4,9e-4,7e-4,0.0306,361,0.0014,NA,NA,NA,NA,NA,NA,0.3716,0.001,354,0.5869,0.1486,0,0.751,0,Bayes-M10-med
Monkoto,Tshuapa,2,FALSE,7e-4,6e-4,0.001,7e-4,0.0313,356,0.0014,NA,NA,NA,NA,NA,NA,0.5598,0.0016,290,0.9498,0.4054,0,0.8842,0,Bayes-M10-med
Kikula,Haut-Katanga,2,FALSE,6e-4,4e-4,7e-4,6e-4,0.0246,381,0.0011,NA,NA,NA,NA,NA,NA,0.0951,2e-4,454,0.1062,0.1139,0,0.1602,0,Bayes-M10-med
Mitwaba,Haut-Katanga,2,FALSE,6e-4,5e-4,8e-4,6e-4,0.0264,372,0.0012,NA,NA,NA,NA,NA,NA,0.3528,8e-4,379,0.8012,0.0618,0,0.5483,0,Bayes-M10-med
Kafubu,Haut-Katanga,2,FALSE,6e-4,4e-4,7e-4,6e-4,0.0236,385,0.0011,NA,NA,NA,NA,NA,NA,0.2104,5e-4,426,0.6042,0.0869,0,0.1506,0,Bayes-M10-med
Bulape,Kasaï,2,FALSE,6e-4,5e-4,8e-4,6e-4,0.0256,376,0.0012,NA,NA,NA,NA,NA,NA,0.4315,0.001,359,0.7066,0.1853,0,0.834,0,Bayes-M10-med
Nyanga,Kasaï,2,FALSE,6e-4,5e-4,8e-4,6e-4,0.0255,377,0.0012,NA,NA,NA,NA,NA,NA,0.348,8e-4,387,0.4402,0.3803,0,0.5714,0,Bayes-M10-med
Bena Tshadi,Kasaï-Central,2,FALSE,6e-4,4e-4,7e-4,6e-4,0.0244,383,0.0011,NA,NA,NA,NA,NA,NA,0.472,0.001,352,0.6699,0.3784,0,0.8398,0,Bayes-M10-med
Kalomba,Kasaï-Central,2,FALSE,6e-4,4e-4,7e-4,6e-4,0.0244,382,0.0011,NA,NA,NA,NA,NA,NA,0.2944,7e-4,405,0.3166,0.1467,0,0.7143,0,Bayes-M10-med
Seke Banza,Kongo-Central,2,FALSE,6e-4,5e-4,8e-4,6e-4,0.0248,380,0.0011,NA,NA,NA,NA,NA,NA,0.4513,0.001,358,0.6351,0.9498,0,0.2201,0,Bayes-M10-med
Kwilu Ngongo,Kongo-Central,2,FALSE,6e-4,5e-4,8e-4,6e-4,0.0272,370,0.0013,NA,NA,NA,NA,NA,NA,0.3875,0.001,366,0.4884,0.8668,0,0.195,0,Bayes-M10-med
Kimbao,Kwango,2,FALSE,6e-4,5e-4,8e-4,6e-4,0.0258,375,0.0012,NA,NA,NA,NA,NA,NA,0.5743,0.0013,322,0.7201,0.7181,0,0.8591,0,Bayes-M10-med
Popokabaka,Kwango,2,FALSE,6e-4,4e-4,7e-4,6e-4,0.0242,384,0.0011,NA,NA,NA,NA,NA,NA,0.5507,0.0012,336,0.7703,0.7876,0,0.6448,0,Bayes-M10-med
Sia,Kwilu,2,FALSE,6e-4,4e-4,7e-4,6e-4,0.0231,387,0.0011,NA,NA,NA,NA,NA,NA,0.3986,8e-4,382,0.4151,0.3822,0,0.7973,0,Bayes-M10-med
Kafakumba,Lualaba,2,FALSE,6e-4,4e-4,7e-4,6e-4,0.0234,386,0.0011,NA,NA,NA,NA,NA,NA,0.4648,0.001,365,0.8687,0.2027,0,0.7876,0,Bayes-M10-med
Inongo,Mai-Ndombe,2,FALSE,6e-4,5e-4,8e-4,6e-4,0.0259,374,0.0012,NA,NA,NA,NA,NA,NA,0.4952,0.0012,343,0.7645,0.2934,0,0.9228,0,Bayes-M10-med
Bangabola,Sud-Ubangi,2,FALSE,6e-4,5e-4,8e-4,6e-4,0.0267,371,0.0012,NA,NA,NA,NA,NA,NA,0.3904,9e-4,371,0.3533,0.3494,0,0.8591,0,Bayes-M10-med
Bominenge,Sud-Ubangi,2,FALSE,6e-4,5e-4,8e-4,6e-4,0.0248,379,0.0011,NA,NA,NA,NA,NA,NA,0.3258,7e-4,395,0.2819,0.0985,0,0.9228,0,Bayes-M10-med
Mawuya,Sud-Ubangi,2,FALSE,6e-4,5e-4,8e-4,6e-4,0.0253,378,0.0012,NA,NA,NA,NA,NA,NA,0.2654,6e-4,410,0.444,0.2394,0,0.3784,0,Bayes-M10-med
Busanga,Tshuapa,2,FALSE,6e-4,5e-4,8e-4,6e-4,0.0262,373,0.0012,NA,NA,NA,NA,NA,NA,0.4452,0.0011,350,0.6602,0.168,0,0.9527,0,Bayes-M10-med
Bikoro,Equateur,2,FALSE,5e-4,4e-4,6e-4,5e-4,0.0212,396,0.001,NA,NA,NA,NA,NA,NA,0.5951,0.0011,344,0.8127,0.8147,0,0.7529,0,Bayes-M10-med
Djombo,Equateur,2,FALSE,5e-4,4e-4,6e-4,5e-4,0.0201,401,9e-4,NA,NA,NA,NA,NA,NA,0.6554,0.0012,338,0.917,0.7819,0,0.9228,0,Bayes-M10-med
Makanza,Equateur,2,FALSE,5e-4,4e-4,6e-4,5e-4,0.0208,399,0.001,NA,NA,NA,NA,NA,NA,0.639,0.0012,337,0.9537,0.7954,0,0.8069,0,Bayes-M10-med
Wangata,Equateur,2,FALSE,5e-4,4e-4,7e-4,5e-4,0.0214,394,0.001,NA,NA,NA,NA,NA,NA,0.417,8e-4,386,0.2336,0.9865,0,0.4479,0,Bayes-M10-med
Panda,Haut-Katanga,2,FALSE,5e-4,4e-4,7e-4,5e-4,0.0223,390,0.001,NA,NA,NA,NA,NA,NA,0.2027,4e-4,431,0.1622,0.4826,0,0.166,0,Bayes-M10-med
Kenya,Haut-Katanga,2,FALSE,5e-4,4e-4,6e-4,5e-4,0.0198,403,9e-4,NA,NA,NA,NA,NA,NA,0.0569,1e-4,459,0.11,0.0116,0,0.1062,0,Bayes-M10-med
Lukafu,Haut-Katanga,2,FALSE,5e-4,4e-4,7e-4,5e-4,0.0223,389,0.001,NA,NA,NA,NA,NA,NA,0.4015,8e-4,384,0.888,0.3243,0,0.3938,0,Bayes-M10-med
Kangu,Kongo-Central,2,FALSE,5e-4,3e-4,6e-4,5e-4,0.0191,405,9e-4,NA,NA,NA,NA,NA,NA,0.3528,6e-4,409,0.3803,0.8822,0,0.1486,0,Bayes-M10-med
Nsona Mpangu,Kongo-Central,2,FALSE,5e-4,4e-4,6e-4,5e-4,0.0208,398,0.001,NA,NA,NA,NA,NA,NA,0.4165,8e-4,389,0.722,0.7645,0,0.1795,0,Bayes-M10-med
Massa,Kongo-Central,2,FALSE,5e-4,4e-4,7e-4,5e-4,0.022,392,0.001,NA,NA,NA,NA,NA,NA,0.4223,8e-4,380,0.668,0.9208,0,0.1004,0,Bayes-M10-med
Wamba Lwadi,Kwango,2,FALSE,5e-4,4e-4,6e-4,5e-4,0.02,402,9e-4,NA,NA,NA,NA,NA,NA,0.5492,0.001,361,0.6467,0.8185,0,0.7317,0,Bayes-M10-med
Kingandu,Kwilu,2,FALSE,5e-4,4e-4,7e-4,5e-4,0.0221,391,0.001,NA,NA,NA,NA,NA,NA,0.4923,0.001,364,0.7162,0.6583,0,0.5946,0,Bayes-M10-med
Moanza,Kwilu,2,FALSE,5e-4,4e-4,6e-4,5e-4,0.0193,404,9e-4,NA,NA,NA,NA,NA,NA,0.52,9e-4,374,0.5985,0.529,0,0.9527,0,Bayes-M10-med
Lubudi,Lualaba,2,FALSE,5e-4,4e-4,7e-4,5e-4,0.0225,388,0.001,NA,NA,NA,NA,NA,NA,0.4667,0.001,369,0.9151,0.4614,0,0.4903,0,Bayes-M10-med
Oshwe,Mai-Ndombe,2,FALSE,5e-4,4e-4,6e-4,5e-4,0.0207,400,0.001,NA,NA,NA,NA,NA,NA,0.4855,9e-4,373,0.8764,0.3301,0,0.7355,0,Bayes-M10-med
Nioki,Mai-Ndombe,2,FALSE,5e-4,4e-4,6e-4,5e-4,0.0209,397,0.001,NA,NA,NA,NA,NA,NA,0.389,7e-4,394,0.61,0.3958,0,0.5502,0,Bayes-M10-med
Tshudi Loto,Sankuru,2,FALSE,5e-4,4e-4,6e-4,5e-4,0.0212,395,0.001,NA,NA,NA,NA,NA,NA,0.4237,8e-4,383,0.7683,0.0039,0,0.9228,0,Bayes-M10-med
Wema,Tshuapa,2,FALSE,5e-4,4e-4,7e-4,5e-4,0.0217,393,0.001,NA,NA,NA,NA,NA,NA,0.4469,9e-4,376,0.8494,0.1332,0,0.805,0,Bayes-M10-med
Iboko,Equateur,2,FALSE,4e-4,3e-4,5e-4,4e-4,0.0172,415,8e-4,NA,NA,NA,NA,NA,NA,0.612,0.001,367,0.8282,0.7915,0,0.8282,0,Bayes-M10-med
Lotumbe,Equateur,2,FALSE,4e-4,3e-4,5e-4,4e-4,0.018,408,8e-4,NA,NA,NA,NA,NA,NA,0.5816,0.001,370,0.9691,0.7085,0,0.6486,0,Bayes-M10-med
Lukolela,Equateur,2,FALSE,4e-4,3e-4,5e-4,4e-4,0.0152,424,7e-4,NA,NA,NA,NA,NA,NA,0.5787,8e-4,388,0.944,0.9151,0,0.4556,0,Bayes-M10-med
Monieka,Equateur,2,FALSE,4e-4,3e-4,5e-4,4e-4,0.0155,422,7e-4,NA,NA,NA,NA,NA,NA,0.596,8e-4,381,0.9768,0.7336,0,0.6737,0,Bayes-M10-med
Butumba,Haut-Lomami,2,FALSE,4e-4,3e-4,5e-4,4e-4,0.0179,410,8e-4,NA,NA,NA,NA,NA,NA,0.4595,7e-4,393,0.7973,0.4151,0,0.6255,0,Bayes-M10-med
Kinda,Haut-Lomami,2,FALSE,4e-4,3e-4,5e-4,4e-4,0.0148,427,7e-4,NA,NA,NA,NA,NA,NA,0.5077,7e-4,401,0.9884,0.4266,0,0.6158,0,Bayes-M10-med
Banga Lubaka,Kasaï,2,FALSE,4e-4,3e-4,6e-4,4e-4,0.0184,407,9e-4,NA,NA,NA,NA,NA,NA,0.3205,5e-4,418,0.5174,0.0444,0,0.7201,0,Bayes-M10-med
Inga,Kongo-Central,2,FALSE,4e-4,3e-4,5e-4,4e-4,0.0168,418,8e-4,NA,NA,NA,NA,NA,NA,0.3847,6e-4,415,0.5212,0.8243,0,0.1931,0,Bayes-M10-med
Luozi,Kongo-Central,2,FALSE,4e-4,3e-4,5e-4,4e-4,0.0159,419,7e-4,NA,NA,NA,NA,NA,NA,0.5241,8e-4,391,0.7355,0.8861,0,0.4749,0,Bayes-M10-med
Gombe Matadi,Kongo-Central,2,FALSE,4e-4,3e-4,5e-4,4e-4,0.017,416,8e-4,NA,NA,NA,NA,NA,NA,0.4151,6e-4,406,0.6911,0.7857,0,0.1834,0,Bayes-M10-med
Ngidinga,Kongo-Central,2,FALSE,4e-4,3e-4,5e-4,4e-4,0.018,409,8e-4,NA,NA,NA,NA,NA,NA,0.4488,7e-4,396,0.6544,0.7432,0,0.3977,0,Bayes-M10-med
Kisanji,Kwango,2,FALSE,4e-4,3e-4,5e-4,4e-4,0.0176,413,8e-4,NA,NA,NA,NA,NA,NA,0.5574,9e-4,375,0.8417,0.6544,0,0.7336,0,Bayes-M10-med
Kasongo Lunda,Kwango,2,FALSE,4e-4,3e-4,6e-4,4e-4,0.0185,406,9e-4,NA,NA,NA,NA,NA,NA,0.3441,6e-4,416,0.6274,0.5946,0,0.1544,0,Bayes-M10-med
Banzow Moke,Mai-Ndombe,2,FALSE,4e-4,3e-4,5e-4,4e-4,0.0152,423,7e-4,NA,NA,NA,NA,NA,NA,0.5236,7e-4,398,0.6892,0.5212,0,0.8842,0,Bayes-M10-med
Kiri,Mai-Ndombe,2,FALSE,4e-4,3e-4,5e-4,4e-4,0.015,426,7e-4,NA,NA,NA,NA,NA,NA,0.5685,8e-4,390,0.8745,0.4768,0,0.9228,0,Bayes-M10-med
Ntandembelo,Mai-Ndombe,2,FALSE,4e-4,3e-4,4e-4,4e-4,0.0147,428,7e-4,NA,NA,NA,NA,NA,NA,0.4595,6e-4,408,0.6023,0.4633,0,0.7722,0,Bayes-M10-med
Yumbi,Mai-Ndombe,2,FALSE,4e-4,3e-4,5e-4,4e-4,0.0151,425,7e-4,NA,NA,NA,NA,NA,NA,0.2741,4e-4,437,0.4131,0.4015,0,0.2819,0,Bayes-M10-med
Bolobo,Mai-Ndombe,2,FALSE,4e-4,3e-4,5e-4,4e-4,0.0155,420,7e-4,NA,NA,NA,NA,NA,NA,0.3388,5e-4,424,0.6313,0.4981,0,0.2259,0,Bayes-M10-med
Bosobe,Mai-Ndombe,2,FALSE,4e-4,3e-4,5e-4,4e-4,0.0155,421,7e-4,NA,NA,NA,NA,NA,NA,0.4406,6e-4,407,0.4942,0.4093,0,0.8591,0,Bayes-M10-med
Kwamouth,Mai-Ndombe,2,FALSE,4e-4,3e-4,5e-4,4e-4,0.0178,412,8e-4,NA,NA,NA,NA,NA,NA,0.43,7e-4,400,0.8707,0.417,0,0.4324,0,Bayes-M10-med
Mushie,Mai-Ndombe,2,FALSE,4e-4,3e-4,5e-4,4e-4,0.0173,414,8e-4,NA,NA,NA,NA,NA,NA,0.4291,7e-4,402,0.7394,0.3649,0,0.612,0,Bayes-M10-med
Mbaya,Sud-Ubangi,2,FALSE,4e-4,3e-4,5e-4,4e-4,0.0169,417,8e-4,NA,NA,NA,NA,NA,NA,0.3142,5e-4,423,0.3514,0.2239,0,0.6815,0,Bayes-M10-med
Zongo,Sud-Ubangi,2,FALSE,4e-4,3e-4,5e-4,4e-4,0.0178,411,8e-4,NA,NA,NA,NA,NA,NA,0.2418,4e-4,434,0.278,0.4131,0,0.2761,0,Bayes-M10-med
Bomongo,Equateur,2,FALSE,3e-4,2e-4,3e-4,3e-4,0.0111,446,5e-4,NA,NA,NA,NA,NA,NA,0.5907,6e-4,413,0.9788,0.8475,0,0.5367,0,Bayes-M10-med
Kilela Balanda,Haut-Katanga,2,FALSE,3e-4,2e-4,3e-4,3e-4,0.0106,448,5e-4,NA,NA,NA,NA,NA,NA,0.3132,3e-4,446,0.9228,0.0927,0,0.2375,0,Bayes-M10-med
Kashobwe,Haut-Katanga,2,FALSE,3e-4,2e-4,4e-4,3e-4,0.0126,437,6e-4,NA,NA,NA,NA,NA,NA,0.3243,4e-4,438,0.805,0.3012,0,0.1911,0,Bayes-M10-med
Katuba,Haut-Katanga,2,FALSE,3e-4,2e-4,4e-4,3e-4,0.0131,432,6e-4,NA,NA,NA,NA,NA,NA,0.0463,1e-4,461,0.0502,0.0309,0,0.1042,0,Bayes-M10-med
Baka,Haut-Lomami,2,FALSE,3e-4,2e-4,4e-4,3e-4,0.0126,436,6e-4,NA,NA,NA,NA,NA,NA,0.4319,5e-4,422,0.4344,0.8919,0,0.4015,0,Bayes-M10-med
Bobozo,Kasaï-Central,2,FALSE,3e-4,2e-4,3e-4,3e-4,0.0114,444,5e-4,NA,NA,NA,NA,NA,NA,0.2336,2e-4,452,0.1602,0.2857,0,0.4884,0,Bayes-M10-med
Boma Bungu,Kongo-Central,2,FALSE,3e-4,2e-4,3e-4,3e-4,0.0106,449,5e-4,NA,NA,NA,NA,NA,NA,0.3209,3e-4,445,0.5811,0.5676,0,0.1351,0,Bayes-M10-med
Kinkonzi,Kongo-Central,2,FALSE,3e-4,2e-4,3e-4,3e-4,0.0108,447,5e-4,NA,NA,NA,NA,NA,NA,0.4252,4e-4,429,0.6236,0.8958,0,0.1815,0,Bayes-M10-med
Kizu,Kongo-Central,2,FALSE,3e-4,2e-4,4e-4,3e-4,0.0125,438,6e-4,NA,NA,NA,NA,NA,NA,0.3113,4e-4,441,0.2973,0.8707,0,0.0772,0,Bayes-M10-med
Kuimba,Kongo-Central,2,FALSE,3e-4,2e-4,3e-4,3e-4,0.0115,443,5e-4,NA,NA,NA,NA,NA,NA,0.3069,3e-4,443,0.3784,0.8456,0,0.0039,0,Bayes-M10-med
Tshela,Kongo-Central,2,FALSE,3e-4,2e-4,4e-4,3e-4,0.0119,441,6e-4,NA,NA,NA,NA,NA,NA,0.3282,4e-4,440,0.417,0.888,0,0.0077,0,Bayes-M10-med
Mangembo,Kongo-Central,2,FALSE,3e-4,2e-4,4e-4,3e-4,0.012,440,6e-4,NA,NA,NA,NA,NA,NA,0.3726,4e-4,432,0.5598,0.6641,0,0.2664,0,Bayes-M10-med
Nzanza,Kongo-Central,2,FALSE,3e-4,2e-4,4e-4,3e-4,0.0136,430,6e-4,NA,NA,NA,NA,NA,NA,0.2172,3e-4,450,0.0888,0.6892,0,0.0907,0,Bayes-M10-med
Kimpangu,Kongo-Central,2,FALSE,3e-4,2e-4,4e-4,3e-4,0.0129,433,6e-4,NA,NA,NA,NA,NA,NA,0.4488,5e-4,419,0.7085,0.9344,0,0.1525,0,Bayes-M10-med
Kimvula,Kongo-Central,2,FALSE,3e-4,3e-4,4e-4,3e-4,0.0145,429,7e-4,NA,NA,NA,NA,NA,NA,0.569,7e-4,392,0.8629,0.8784,0,0.5347,0,Bayes-M10-med
Nselo,Kongo-Central,2,FALSE,3e-4,2e-4,3e-4,3e-4,0.0114,445,5e-4,NA,NA,NA,NA,NA,NA,0.374,4e-4,435,0.6564,0.5347,0,0.305,0,Bayes-M10-med
Kajiji,Kwango,2,FALSE,3e-4,2e-4,4e-4,3e-4,0.0128,435,6e-4,NA,NA,NA,NA,NA,NA,0.3533,4e-4,430,0.7934,0.1544,0,0.4653,0,Bayes-M10-med
Kitenda,Kwango,2,FALSE,3e-4,2e-4,4e-4,3e-4,0.0116,442,5e-4,NA,NA,NA,NA,NA,NA,0.376,4e-4,433,0.6641,0.4247,0,0.4151,0,Bayes-M10-med
Mwela Lembwa,Kwango,2,FALSE,3e-4,2e-4,4e-4,3e-4,0.0134,431,6e-4,NA,NA,NA,NA,NA,NA,0.4397,5e-4,417,0.6506,0.3224,0,0.7857,0,Bayes-M10-med
Bunkeya,Lualaba,2,FALSE,3e-4,2e-4,4e-4,3e-4,0.0121,439,6e-4,NA,NA,NA,NA,NA,NA,0.4218,5e-4,425,0.8243,0.5019,0,0.361,0,Bayes-M10-med
Pendjwa,Mai-Ndombe,2,FALSE,3e-4,2e-4,4e-4,3e-4,0.0128,434,6e-4,NA,NA,NA,NA,NA,NA,0.4319,5e-4,420,0.7008,0.2124,0,0.8147,0,Bayes-M10-med
Bolenge,Equateur,2,FALSE,2e-4,1e-4,2e-4,2e-4,0.0078,454,4e-4,NA,NA,NA,NA,NA,NA,0.5391,4e-4,436,0.7954,0.8514,0,0.5097,0,Bayes-M10-med
Vangu,Haut-Katanga,2,FALSE,2e-4,2e-4,3e-4,2e-4,0.0084,452,4e-4,NA,NA,NA,NA,NA,NA,0.1081,1e-4,460,0.1158,0.1699,0,0.1467,0,Bayes-M10-med
Vaku,Kongo-Central,2,FALSE,2e-4,1e-4,2e-4,2e-4,0.0082,453,4e-4,NA,NA,NA,NA,NA,NA,0.4194,3e-4,444,0.5676,0.9421,0,0.168,0,Bayes-M10-med
Sona Bata,Kongo-Central,2,FALSE,2e-4,2e-4,3e-4,2e-4,0.0094,451,4e-4,NA,NA,NA,NA,NA,NA,0.43,4e-4,439,0.7259,0.7896,0,0.2046,0,Bayes-M10-med
Tembo,Kwango,2,FALSE,2e-4,2e-4,3e-4,2e-4,0.0095,450,4e-4,NA,NA,NA,NA,NA,NA,0.3205,3e-4,448,0.7876,0.3977,0,0.0965,0,Bayes-M10-med
Irebu,Equateur,2,FALSE,1e-4,0,1e-4,1e-4,0.0025,463,1e-4,NA,NA,NA,NA,NA,NA,0.5473,1e-4,457,0.9305,0.6776,0,0.5811,0,Bayes-M10-med
Lilanga Bobangi,Equateur,2,FALSE,1e-4,1e-4,1e-4,1e-4,0.0031,461,1e-4,NA,NA,NA,NA,NA,NA,0.4117,1e-4,458,0.9382,0.2664,0,0.4421,0,Bayes-M10-med
Mampoko,Equateur,2,FALSE,1e-4,1e-4,2e-4,1e-4,0.0053,457,2e-4,NA,NA,NA,NA,NA,NA,0.5135,2e-4,451,0.8919,0.5058,0,0.6564,0,Bayes-M10-med
Ntondo,Equateur,2,FALSE,1e-4,1e-4,2e-4,1e-4,0.0052,458,2e-4,NA,NA,NA,NA,NA,NA,0.6125,3e-4,447,0.8996,0.7259,0,0.8243,0,Bayes-M10-med
Kamalondo,Haut-Katanga,2,FALSE,1e-4,1e-4,1e-4,1e-4,0.003,462,1e-4,NA,NA,NA,NA,NA,NA,0.0352,0,464,0.029,0.0019,0,0.11,0,Bayes-M10-med
Kowe,Haut-Katanga,2,FALSE,1e-4,1e-4,1e-4,1e-4,0.0033,460,2e-4,NA,NA,NA,NA,NA,NA,0.07,0,463,0.0714,0.0811,0,0.1274,0,Bayes-M10-med
Kibunzi,Kongo-Central,2,FALSE,1e-4,1e-4,2e-4,1e-4,0.0062,455,3e-4,NA,NA,NA,NA,NA,NA,0.4175,2e-4,453,0.7046,0.5251,0,0.4402,0,Bayes-M10-med
Mutshatsha,Lualaba,2,FALSE,1e-4,1e-4,2e-4,1e-4,0.006,456,3e-4,NA,NA,NA,NA,NA,NA,0.3808,2e-4,455,0.971,0.1023,0,0.4498,0,Bayes-M10-med
Mimia,Mai-Ndombe,2,FALSE,1e-4,1e-4,1e-4,1e-4,0.0043,459,2e-4,NA,NA,NA,NA,NA,NA,0.4841,2e-4,456,0.9614,0.0521,0,0.9228,0,Bayes-M10-med
Kitona,Kongo-Central,2,FALSE,0,0,1e-4,0,0.0018,464,1e-4,NA,NA,NA,NA,NA,NA,0.293,0,462,0.5907,0.5792,0,0.0019,0,Bayes-M10-med
Bokoro,Mai-Ndombe,2,FALSE,0,0,0,0,0,465,0,NA,NA,NA,NA,NA,NA,0.471,0,465,0.6873,0.5097,0,0.6873,0,Bayes-M10-med
Idjwi,Sud-Kivu,2,FALSE,0,0,0,0,0,465,0,NA,NA,NA,NA,NA,NA,0.3007,0,466,0.2992,0.8224,0,0.0811,0,Bayes-M10-med
Boma Mangbetu,Haut-Uele,2,TRUE,NA,NA,NA,NA,NA,NA,NA,NA,NA,NA,NA,NA,NA,0.4122,NA,NA,0.2857,0.5039,0,0.8591,0,Bayes-M10-med
Isiro,Haut-Uele,2,TRUE,NA,NA,NA,NA,NA,NA,NA,NA,NA,NA,NA,NA,NA,0.5253,NA,NA,0.39,0.7587,0,0.9527,0,Bayes-M10-med
Pawa,Haut-Uele,2,TRUE,NA,NA,NA,NA,NA,NA,NA,NA,NA,NA,NA,NA,NA,0.4315,NA,NA,0.2934,0.5734,0,0.8591,0,Bayes-M10-med
Rungu,Haut-Uele,2,TRUE,NA,NA,NA,NA,NA,NA,NA,NA,NA,NA,NA,NA,NA,0.6474,NA,NA,0.8224,0.8031,0,0.9643,0,Bayes-M10-med
Wamba,Haut-Uele,2,TRUE,NA,NA,NA,NA,NA,NA,NA,NA,NA,NA,NA,NA,NA,0.4817,NA,NA,0.6737,0.4363,0,0.8166,0,Bayes-M10-med
Adja,Ituri,2,TRUE,NA,NA,NA,NA,NA,NA,NA,NA,NA,NA,NA,NA,NA,0.2645,NA,NA,0.249,0.4286,0,0.3803,0,Bayes-M10-med
Ariwara,Ituri,2,TRUE,NA,NA,NA,NA,NA,NA,NA,NA,NA,NA,NA,NA,NA,0.2862,NA,NA,0.1988,0.6988,0,0.2471,0,Bayes-M10-med
Aru,Ituri,2,TRUE,NA,NA,NA,NA,NA,NA,NA,NA,NA,NA,NA,NA,NA,0.3528,NA,NA,0.3012,0.8417,0,0.2683,0,Bayes-M10-med
Aungba,Ituri,2,TRUE,NA,NA,NA,NA,NA,NA,NA,NA,NA,NA,NA,NA,NA,0.3354,NA,NA,0.3108,0.6564,0,0.3745,0,Bayes-M10-med
Kambala,Ituri,2,TRUE,NA,NA,NA,NA,NA,NA,NA,NA,NA,NA,NA,NA,NA,0.347,NA,NA,0.3668,0.612,0,0.4093,0,Bayes-M10-med
Logo,Ituri,2,TRUE,NA,NA,NA,NA,NA,NA,NA,NA,NA,NA,NA,NA,NA,0.2384,NA,NA,0.1757,0.5927,0,0.1853,0,Bayes-M10-med
Mahagi,Ituri,2,TRUE,NA,NA,NA,NA,NA,NA,NA,NA,NA,NA,NA,NA,NA,0.2292,NA,NA,0.1718,0.6004,0,0.1448,0,Bayes-M10-med
Rimba,Ituri,2,TRUE,NA,NA,NA,NA,NA,NA,NA,NA,NA,NA,NA,NA,NA,0.306,NA,NA,0.2008,0.7124,0,0.3108,0,Bayes-M10-med
Bambu,Ituri,2,TRUE,NA,NA,NA,NA,NA,NA,NA,NA,NA,NA,NA,NA,NA,0.2399,NA,NA,0.2046,0.4691,0,0.2857,0,Bayes-M10-med
Boga,Ituri,2,TRUE,NA,NA,NA,NA,NA,NA,NA,NA,NA,NA,NA,NA,NA,0.264,NA,NA,0.3861,0.36870000000000003,0,0.3012,0,Bayes-M10-med
Bunia,Ituri,2,TRUE,NA,NA,NA,NA,NA,NA,NA,NA,NA,NA,NA,NA,NA,0.2326,NA,NA,0.1178,0.5637,0,0.249,0,Bayes-M10-med
Damas,Ituri,2,TRUE,NA,NA,NA,NA,NA,NA,NA,NA,NA,NA,NA,NA,NA,0.3224,NA,NA,0.4479,0.3282,0,0.5135,0,Bayes-M10-med
Drodro,Ituri,2,TRUE,NA,NA,NA,NA,NA,NA,NA,NA,NA,NA,NA,NA,NA,0.2674,NA,NA,0.2066,0.5907,0,0.2722,0,Bayes-M10-med
Fataki,Ituri,2,TRUE,NA,NA,NA,NA,NA,NA,NA,NA,NA,NA,NA,NA,NA,0.3185,NA,NA,0.2259,0.7201,0,0.3282,0,Bayes-M10-med
Gety,Ituri,2,TRUE,NA,NA,NA,NA,NA,NA,NA,NA,NA,NA,NA,NA,NA,0.2592,NA,NA,0.3359,0.2973,0,0.4035,0,Bayes-M10-med
Kilo,Ituri,2,TRUE,NA,NA,NA,NA,NA,NA,NA,NA,NA,NA,NA,NA,NA,0.1448,NA,NA,0.2201,0.0502,0,0.3089,0,Bayes-M10-med
Komanda,Ituri,2,TRUE,NA,NA,NA,NA,NA,NA,NA,NA,NA,NA,NA,NA,NA,0.2341,NA,NA,0.3089,0.1197,0,0.5077,0,Bayes-M10-med
Lita,Ituri,2,TRUE,NA,NA,NA,NA,NA,NA,NA,NA,NA,NA,NA,NA,NA,0.306,NA,NA,0.2761,0.7046,0,0.2432,0,Bayes-M10-med
Lolwa,Ituri,2,TRUE,NA,NA,NA,NA,NA,NA,NA,NA,NA,NA,NA,NA,NA,0.3205,NA,NA,0.6429,0,0,0.639,0,Bayes-M10-med
Mambasa,Ituri,2,TRUE,NA,NA,NA,NA,NA,NA,NA,NA,NA,NA,NA,NA,NA,0.4324,NA,NA,0.8842,0.2625,0,0.583,0,Bayes-M10-med
Mandima,Ituri,2,TRUE,NA,NA,NA,NA,NA,NA,NA,NA,NA,NA,NA,NA,NA,0.2659,NA,NA,0.4846,0.2896,0,0.2896,0,Bayes-M10-med
Mangala,Ituri,2,TRUE,NA,NA,NA,NA,NA,NA,NA,NA,NA,NA,NA,NA,NA,0.3021,NA,NA,0.305,0.6158,0,0.2876,0,Bayes-M10-med
Mongbwalu,Ituri,2,TRUE,NA,NA,NA,NA,NA,NA,NA,NA,NA,NA,NA,NA,NA,0.2616,NA,NA,0.4112,0.1834,0,0.4517,0,Bayes-M10-med
Nia Nia,Ituri,2,TRUE,NA,NA,NA,NA,NA,NA,NA,NA,NA,NA,NA,NA,NA,0.2978,NA,NA,0.666,0.0212,0,0.5039,0,Bayes-M10-med
Nizi,Ituri,2,TRUE,NA,NA,NA,NA,NA,NA,NA,NA,NA,NA,NA,NA,NA,0.1771,NA,NA,0.1544,0.3378,0,0.2162,0,Bayes-M10-med
Nyankunde,Ituri,2,TRUE,NA,NA,NA,NA,NA,NA,NA,NA,NA,NA,NA,NA,NA,0.2514,NA,NA,0.2838,0.2432,0,0.4788,0,Bayes-M10-med
Rethy,Ituri,2,TRUE,NA,NA,NA,NA,NA,NA,NA,NA,NA,NA,NA,NA,NA,0.2703,NA,NA,0.2143,0.6081,0,0.2587,0,Bayes-M10-med
Rwampara,Ituri,2,TRUE,NA,NA,NA,NA,NA,NA,NA,NA,NA,NA,NA,NA,NA,0.319,NA,NA,0.2375,0.7452,0,0.2934,0,Bayes-M10-med
Tchomia,Ituri,2,TRUE,NA,NA,NA,NA,NA,NA,NA,NA,NA,NA,NA,NA,NA,0.1998,NA,NA,0.2104,0.3745,0,0.2143,0,Bayes-M10-med
Beni,Nord-Kivu,2,TRUE,NA,NA,NA,NA,NA,NA,NA,NA,NA,NA,NA,NA,NA,0.1559,NA,NA,0.1525,0.2297,0,0.2413,0,Bayes-M10-med
Butembo,Nord-Kivu,2,TRUE,NA,NA,NA,NA,NA,NA,NA,NA,NA,NA,NA,NA,NA,0.1829,NA,NA,0.1139,0.388,0,0.2297,0,Bayes-M10-med
Kalunguta,Nord-Kivu,2,TRUE,NA,NA,NA,NA,NA,NA,NA,NA,NA,NA,NA,NA,NA,0.1559,NA,NA,0.195,0.2066,0,0.222,0,Bayes-M10-med
Katwa,Nord-Kivu,2,TRUE,NA,NA,NA,NA,NA,NA,NA,NA,NA,NA,NA,NA,NA,0.1998,NA,NA,0.0869,0.4846,0,0.2278,0,Bayes-M10-med
Kyondo,Nord-Kivu,2,TRUE,NA,NA,NA,NA,NA,NA,NA,NA,NA,NA,NA,NA,NA,0.3238,NA,NA,0.2954,0.7973,0,0.2027,0,Bayes-M10-med
Lubero,Nord-Kivu,2,TRUE,NA,NA,NA,NA,NA,NA,NA,NA,NA,NA,NA,NA,NA,0.4585,NA,NA,0.5734,0.9382,0,0.3224,0,Bayes-M10-med
Mabalako,Nord-Kivu,2,TRUE,NA,NA,NA,NA,NA,NA,NA,NA,NA,NA,NA,NA,NA,0.1573,NA,NA,0.1931,0.2046,0,0.2317,0,Bayes-M10-med
Masereka,Nord-Kivu,2,TRUE,NA,NA,NA,NA,NA,NA,NA,NA,NA,NA,NA,NA,NA,0.36870000000000003,NA,NA,0.2548,0.9807,0,0.2394,0,Bayes-M10-med
Musienene,Nord-Kivu,2,TRUE,NA,NA,NA,NA,NA,NA,NA,NA,NA,NA,NA,NA,NA,0.319,NA,NA,0.2645,0.7317,0,0.2799,0,Bayes-M10-med
Oicha,Nord-Kivu,2,TRUE,NA,NA,NA,NA,NA,NA,NA,NA,NA,NA,NA,NA,NA,0.3364,NA,NA,0.3243,0.7606,0,0.2606,0,Bayes-M10-med
Vuhovi,Nord-Kivu,2,TRUE,NA,NA,NA,NA,NA,NA,NA,NA,NA,NA,NA,NA,NA,0.2611,NA,NA,0.2027,0.6178,0,0.2239,0,Bayes-M10-med
Goma,Nord-Kivu,2,TRUE,NA,NA,NA,NA,NA,NA,NA,NA,NA,NA,NA,NA,NA,0.2669,NA,NA,0.1274,0.8977,0,0.0425,0,Bayes-M10-med
Miti Murhesa,Sud-Kivu,2,TRUE,NA,NA,NA,NA,NA,NA,NA,NA,NA,NA,NA,NA,NA,0.3277,NA,NA,0.2355,0.9131,0,0.1622,0,Bayes-M10-med
Kabondo,Tshopo,2,TRUE,NA,NA,NA,NA,NA,NA,NA,NA,NA,NA,NA,NA,NA,0.18,NA,NA,0.1911,0.2722,0,0.2568,0,Bayes-M10-med
Lubunga (Tshopo),Tshopo,2,TRUE,NA,NA,NA,NA,NA,NA,NA,NA,NA,NA,NA,NA,NA,0.2288,NA,NA,0.2452,0.3436,0,0.3263,0,Bayes-M10-med
Makiso Kisangani,Tshopo,2,TRUE,NA,NA,NA,NA,NA,NA,NA,NA,NA,NA,NA,NA,NA,0.2355,NA,NA,0.1332,0.5309,0,0.278,0,Bayes-M10-med
Mangobo,Tshopo,2,TRUE,NA,NA,NA,NA,NA,NA,NA,NA,NA,NA,NA,NA,NA,0.2061,NA,NA,0.0792,0.4382,0,0.3069,0,Bayes-M10-med
Tshopo,Tshopo,2,TRUE,NA,NA,NA,NA,NA,NA,NA,NA,NA,NA,NA,NA,NA,0.2466,NA,NA,0.361,0.334,0,0.2915,0,Bayes-M10-med
Wanierukula,Tshopo,2,TRUE,NA,NA,NA,NA,NA,NA,NA,NA,NA,NA,NA,NA,NA,0.473,NA,NA,0.8436,0.5521,0,0.4961,0,Bayes-M10-med
