health_zone,province,horizon,was_active_before,p_case_invasion,p_case_lo,p_case_hi,p_median,rank_med,rank_lo,rank_hi,mu_forecast,rr_nat,rr_nat_rank,rr01_nat,rr_ituri,rr_ituri_rank,rr_nordkivu,rr_nordkivu_rank,rr_hautuele,rr_hautuele_rank,V,priority,priority_rank,surveillance_gap,healthcare_gap,access_gap,social_vulnerability,healthcare_travel_min,method
Rethy,Ituri,1,FALSE,0.3441,0.2609,0.44,0.341,1,1,2,0.4253,40.2434,1,1,2.8851,1,NA,NA,NA,NA,0.2703,0.5725,2,0.2143,0.6081,0,0.2587,0,Bayes-M17-med
Watsa,Haut-Uele,1,FALSE,0.3387,0.2648,0.4228,0.3358,2,1,2,0.4161,39.3746,2,0.984,NA,NA,NA,NA,3.5853,1,0.4797,1,1,0.7297,0.8436,0,0.3456,0,Bayes-M17-med
Nyarambe,Ituri,1,FALSE,0.185,0.1367,0.2428,0.1821,3,3,3,0.2053,19.4267,3,0.5375,1.3927,2,NA,NA,NA,NA,0.1805,0.2055,11,0.1699,0.4595,0,0.0927,0,Bayes-M17-med
Mutwanga,Nord-Kivu,1,FALSE,0.168,0.1278,0.21560000000000001,0.1659,4,4,4,0.1844,17.4463,4,0.488,NA,NA,3.6663,1,NA,NA,0.2408,0.249,8,0.2606,0.4672,0,0.2355,0,Bayes-M17-med
Biringi,Ituri,1,FALSE,0.1571,0.1175,0.2044,0.1549,5,5,5,0.1714,16.2148,5,0.4564,1.1625,3,NA,NA,NA,NA,0.3494,0.3378,4,0.3958,0.4865,0,0.5154,0,Bayes-M17-med
Makoro,Haut-Uele,1,FALSE,0.1211,0.0901,0.1579,0.1193,6,6,7,0.1293,12.2363,6,0.3518,NA,NA,NA,NA,1.1142,2,0.3822,0.2848,6,0.556,0.5483,0,0.4247,0,Bayes-M17-med
Kayna,Nord-Kivu,1,FALSE,0.1208,0.0917,0.1559,0.1191,7,6,7,0.129,12.2044,7,0.351,NA,NA,2.5647,2,NA,NA,0.3113,0.2315,10,0.2278,0.6332,0,0.3842,0,Bayes-M17-med
Dungu,Haut-Uele,1,FALSE,0.1135,0.0845,0.1484,0.1119,8,8,8,0.1207,11.4214,8,0.3298,NA,NA,NA,NA,1.04,3,0.5275,0.3685,3,0.8726,0.5598,0,0.6776,0,Bayes-M17-med
Angumu,Ituri,1,FALSE,0.0968,0.0708,0.1281,0.0952,9,9,9,0.102,9.6538,9,0.2814,0.6921,4,NA,NA,NA,NA,0.11,0.0656,36,0.1641,0.1641,0,0.112,0,Bayes-M17-med
Karisimbi,Nord-Kivu,1,FALSE,0.0857,0.0641,0.1114,0.0844,10,10,11,0.0897,8.4842,10,0.2489,NA,NA,1.7829,3,NA,NA,0.1597,0.0842,28,0.0907,0.5154,0,0.0328,0,Bayes-M17-med
Biena,Nord-Kivu,1,FALSE,0.0791,0.0612,0.1006,0.0785,11,10,15,0.0825,7.8085,11,0.2299,NA,NA,1.6409,4,NA,NA,0.2013,0.098,24,0.251,0.166,0,0.388,0,Bayes-M17-med
Bafwagbogbo,Tshopo,1,FALSE,0.0774,0.0573,0.1022,0.0762,12,11,12,0.0806,7.6286,12,0.2248,NA,NA,NA,NA,NA,NA,0.3948,0.188,12,0.8591,0.027,0,0.6931,0,Bayes-M17-med
Niangara,Haut-Uele,1,FALSE,0.0749,0.0546,0.1001,0.0737,13,12,14,0.078,7.3818,13,0.2178,NA,NA,NA,NA,0.6722,4,0.5512,0.2543,7,0.8031,0.4324,0,0.9691,0,Bayes-M17-med
Laybo,Ituri,1,FALSE,0.0726,0.049,0.1029,0.0708,14,11,17,0.0755,7.1457,14,0.2109,0.5123,5,NA,NA,NA,NA,0.3393,0.1516,15,0.3069,0.556,0,0.4942,0,Bayes-M17-med
Viadana,Bas-Uele,1,FALSE,0.0679,0.0492,0.0911,0.0668,15,14,17,0.0704,6.665,15,0.1974,NA,NA,NA,NA,NA,NA,0.6846,0.2863,5,0.9131,0.9788,0,0.8465,0,Bayes-M17-med
Linga,Ituri,1,FALSE,0.0657,0.047,0.0886,0.0644,17,15,18,0.068,6.4362,16,0.1908,0.4614,6,NA,NA,NA,NA,0.2148,0.0868,27,0.1969,0.3417,0,0.3205,0,Bayes-M17-med
Adi,Ituri,1,FALSE,0.0649,0.045,0.0899,0.0636,17,15,21,0.0673,6.3641,17,0.1887,0.4563,7,NA,NA,NA,NA,0.3977,0.159,13,0.2587,0.7104,0,0.6216,0,Bayes-M17-med
Nyiragongo,Nord-Kivu,1,FALSE,0.0646,0.0482,0.0843,0.0637,18,15,18,0.0669,6.3267,18,0.1877,NA,NA,1.3295,5,NA,NA,0.2891,0.115,20,0.2432,0.8764,0,0.0367,0,Bayes-M17-med
Jiba,Ituri,1,FALSE,0.0624,0.0445,0.0845,0.0613,19,17,22,0.0645,6.1039,19,0.1813,0.4376,8,NA,NA,NA,NA,0.1651,0.0634,37,0.1815,0.1274,0,0.3514,0,Bayes-M17-med
Rutshuru,Nord-Kivu,1,FALSE,0.0619,0.0466,0.0806,0.061,20,16,20,0.064,6.0534,20,0.1799,NA,NA,1.2721,6,NA,NA,0.3721,0.1418,17,0.4093,0.9942,0,0.0849,0,Bayes-M17-med
Kirotshe,Nord-Kivu,1,FALSE,0.0585,0.0438,0.0763,0.0576,21,19,21,0.0603,5.7069,21,0.1699,NA,NA,1.1993,7,NA,NA,0.3842,0.1383,18,0.3764,0.9961,0,0.1641,0,Bayes-M17-med
Alimbongo,Nord-Kivu,1,FALSE,0.0566,0.0426,0.0736,0.0558,22,21,23,0.0583,5.518,22,0.1645,NA,NA,1.1596,8,NA,NA,0.4262,0.1485,16,0.5849,0.7471,0,0.3726,0,Bayes-M17-med
Poko,Bas-Uele,1,FALSE,0.0534,0.0391,0.0711,0.0526,23,22,24,0.0549,5.1926,23,0.155,NA,NA,NA,NA,NA,NA,0.7271,0.2388,9,0.9923,0.9517,0,0.9643,0,Bayes-M17-med
Manguredjipa,Nord-Kivu,1,FALSE,0.049,0.0378,0.062,0.0484,24,23,27,0.0502,4.7539,24,0.1423,NA,NA,0.999,9,NA,NA,0.3475,0.1047,21,0.778,0.0579,0,0.5541,0,Bayes-M17-med
Rwanguba,Nord-Kivu,1,FALSE,0.0479,0.0359,0.0626,0.0471,25,24,26,0.0491,4.6441,25,0.1391,NA,NA,0.9759,10,NA,NA,0.2442,0.0719,33,0.2085,0.7027,0,0.0656,0,Bayes-M17-med
Tshopo,Tshopo,1,FALSE,0.0473,0.0362,0.0614,0.0467,26,25,27,0.0485,4.5908,26,0.1375,NA,NA,NA,NA,NA,NA,0.2466,0.0718,34,0.361,0.334,0,0.2915,0,Bayes-M17-med
Kamango,Nord-Kivu,1,FALSE,0.047,0.0351,0.0615,0.0463,27,25,27,0.0482,4.5598,27,0.1366,NA,NA,0.9582,11,NA,NA,0.4373,0.1265,19,0.6583,0.917,0,0.1737,0,Bayes-M17-med
Kibirizi,Nord-Kivu,1,FALSE,0.0403,0.0303,0.0527,0.0397,28,28,28,0.0412,3.8974,28,0.1172,NA,NA,0.819,12,NA,NA,0.4175,0.1036,22,0.5405,0.8552,0,0.2741,0,Bayes-M17-med
Ganga,Bas-Uele,1,FALSE,0.035,0.0253,0.047,0.0343,29,29,31,0.0356,3.3691,29,0.1016,NA,NA,NA,NA,NA,NA,0.7218,0.1553,14,0.9672,0.9556,0,0.9643,0,Bayes-M17-med
Faradje,Haut-Uele,1,FALSE,0.0338,0.0248,0.0447,0.0332,30,30,31,0.0344,3.2539,30,0.0982,NA,NA,NA,NA,0.2963,5,0.4474,0.093,25,0.7606,0.666,0,0.3629,0,Bayes-M17-med
Ibanda,Sud-Kivu,1,FALSE,0.0334,0.0248,0.0439,0.0329,31,29,31,0.034,3.2165,31,0.0971,NA,NA,NA,NA,NA,NA,0.2307,0.0474,47,0.083,0.6216,0,0.2181,0,Bayes-M17-med
Minova,Sud-Kivu,1,FALSE,0.0327,0.0243,0.0429,0.0322,32,31,32,0.0333,3.148,32,0.095,NA,NA,NA,NA,NA,NA,0.3866,0.0778,30,0.4421,0.9826,0,0.1216,0,Bayes-M17-med
Banalia,Tshopo,1,FALSE,0.0305,0.0226,0.0403,0.03,33,33,35,0.031,2.9296,33,0.0885,NA,NA,NA,NA,NA,NA,0.4242,0.0796,29,0.7799,0.1178,0,0.7992,0,Bayes-M17-med
Nsele,Kinshasa,1,FALSE,0.0304,0.0224,0.04,0.0299,34,33,34,0.0308,2.9186,34,0.0882,NA,NA,NA,NA,NA,NA,0.1583,0.0296,53,0.139,0.3996,0,0.0946,0,Bayes-M17-med
Mweso,Nord-Kivu,1,FALSE,0.03,0.0223,0.0393,0.0295,35,33,36,0.0305,2.8834,35,0.0872,NA,NA,0.6059,13,NA,NA,0.4189,0.0774,31,0.4498,0.9614,0,0.2645,0,Bayes-M17-med
Aba,Haut-Uele,1,FALSE,0.0291,0.0211,0.0389,0.0286,36,35,37,0.0296,2.8004,36,0.0847,NA,NA,NA,NA,0.255,6,0.569,0.1021,23,0.6004,0.6853,0,0.9903,0,Bayes-M17-med
Masisi,Nord-Kivu,1,FALSE,0.028,0.0208,0.0367,0.0276,37,36,38,0.0284,2.6893,37,0.0814,NA,NA,0.5651,14,NA,NA,0.4402,0.0759,32,0.4324,0.9575,0,0.3707,0,Bayes-M17-med
Gombe,Kinshasa,1,FALSE,0.0278,0.0205,0.0366,0.0274,38,37,38,0.0282,2.6663,38,0.0807,NA,NA,NA,NA,NA,NA,0.1622,0.0277,57,0.0695,0.5695,0,0.0097,0,Bayes-M17-med
Binza,Nord-Kivu,1,FALSE,0.0253,0.0189,0.0332,0.0249,39,39,40,0.0256,2.4241,39,0.0735,NA,NA,0.5094,15,NA,NA,0.3518,0.0548,41,0.471,0.8378,0,0.0985,0,Bayes-M17-med
Kadutu,Sud-Kivu,1,FALSE,0.025,0.0185,0.033,0.0246,40,39,41,0.0254,2.3996,40,0.0727,NA,NA,NA,NA,NA,NA,0.1636,0.0252,64,0.0579,0.3861,0,0.2104,0,Bayes-M17-med
Bambo,Nord-Kivu,1,FALSE,0.0249,0.0186,0.0327,0.0245,41,40,42,0.0253,2.3899,41,0.0724,NA,NA,0.5022,16,NA,NA,0.3962,0.0608,38,0.5521,0.9073,0,0.1255,0,Bayes-M17-med
Katana,Sud-Kivu,1,FALSE,0.0246,0.0182,0.0324,0.0242,42,41,42,0.0249,2.3541,42,0.0714,NA,NA,NA,NA,NA,NA,0.3224,0.0487,46,0.2471,0.9112,0,0.1313,0,Bayes-M17-med
Kabare,Sud-Kivu,1,FALSE,0.0233,0.0172,0.0307,0.0229,43,43,43,0.0236,2.2298,43,0.0677,NA,NA,NA,NA,NA,NA,0.3567,0.0511,45,0.2394,0.9884,0,0.1988,0,Bayes-M17-med
Binza Ozone,Kinshasa,1,FALSE,0.0222,0.0164,0.0293,0.0219,44,44,44,0.0225,2.1251,44,0.0645,NA,NA,NA,NA,NA,NA,0.152,0.0208,73,0.0734,0.5232,0,0.0116,0,Bayes-M17-med
Limete,Kinshasa,1,FALSE,0.0219,0.0161,0.0288,0.0215,45,45,45,0.0221,2.0916,45,0.0635,NA,NA,NA,NA,NA,NA,0.056,0.0075,136,0.0405,0.1371,0,0.0463,0,Bayes-M17-med
Uvira,Sud-Kivu,1,FALSE,0.0209,0.0155,0.0276,0.0206,46,46,46,0.0212,2.0032,46,0.0609,NA,NA,NA,NA,NA,NA,0.5502,0.0709,35,0.2181,0.9846,0,0.9981,0,Bayes-M17-med
Buta,Bas-Uele,1,FALSE,0.0197,0.0145,0.026,0.0193,47,47,48,0.0199,1.8807,47,0.0572,NA,NA,NA,NA,NA,NA,0.7225,0.0875,26,0.9749,0.9923,0,0.9228,0,Bayes-M17-med
Kokolo,Kinshasa,1,FALSE,0.0195,0.0144,0.0258,0.0193,48,47,48,0.0197,1.8677,48,0.0568,NA,NA,NA,NA,NA,NA,0.2172,0.0261,63,0.0772,0.7722,0,0.0193,0,Bayes-M17-med
Lingwala,Kinshasa,1,FALSE,0.0191,0.014,0.0252,0.0188,49,49,49,0.0193,1.8219,49,0.0554,NA,NA,NA,NA,NA,NA,0.0323,0.0038,236,0.0232,0.0907,0,0.0154,0,Bayes-M17-med
Katoyi,Nord-Kivu,1,FALSE,0.0188,0.0139,0.0247,0.0185,50,50,50,0.0189,1.7922,50,0.0545,NA,NA,0.3766,17,NA,NA,0.4542,0.0524,42,0.4614,0.9595,0,0.3958,0,Bayes-M17-med
Kinshasa,Kinshasa,1,FALSE,0.018,0.0132,0.0237,0.0177,51,51,51,0.0181,1.7147,51,0.0522,NA,NA,NA,NA,NA,NA,0.0203,0.0022,338,0.0135,0.0463,0,0.0212,0,Bayes-M17-med
Walungu,Sud-Kivu,1,FALSE,0.0172,0.0128,0.0227,0.017,52,52,52,0.0174,1.6466,52,0.0501,NA,NA,NA,NA,NA,NA,0.3248,0.0345,50,0.1853,0.8803,0,0.2336,0,Bayes-M17-med
Kalamu 1,Kinshasa,1,FALSE,0.0171,0.0126,0.0226,0.0168,53,53,53,0.0173,1.6327,53,0.0497,NA,NA,NA,NA,NA,NA,0.0309,0.0033,267,0.0193,0.0734,0,0.0309,0,Bayes-M17-med
Kasa Vubu,Kinshasa,1,FALSE,0.017,0.0125,0.0225,0.0168,54,54,55,0.0172,1.6234,54,0.0494,NA,NA,NA,NA,NA,NA,0.0444,0.0046,212,0.0309,0.1216,0,0.0251,0,Bayes-M17-med
Walikale,Nord-Kivu,1,FALSE,0.0169,0.0125,0.0223,0.0166,55,54,55,0.017,1.6102,55,0.049,NA,NA,0.3384,18,NA,NA,0.5729,0.0595,39,0.9459,0.9286,0,0.417,0,Bayes-M17-med
Ruzizi,Sud-Kivu,1,FALSE,0.0163,0.012,0.0215,0.016,56,56,56,0.0164,1.5533,56,0.0473,NA,NA,NA,NA,NA,NA,0.5627,0.0564,40,0.3494,0.9093,0,0.9923,0,Bayes-M17-med
Lemba,Kinshasa,1,FALSE,0.0159,0.0117,0.021,0.0157,57,57,57,0.016,1.5158,57,0.0462,NA,NA,NA,NA,NA,NA,0.1023,0.01,114,0.0483,0.3069,0,0.0541,0,Bayes-M17-med
Masina 1,Kinshasa,1,FALSE,0.0153,0.0112,0.0202,0.015,58,58,58,0.0154,1.4573,58,0.0444,NA,NA,NA,NA,NA,NA,0.0193,0.0018,375,0.0077,0.0077,0,0.0618,0,Bayes-M17-med
Kintambo,Kinshasa,1,FALSE,0.0151,0.0111,0.0199,0.0149,59,59,60,0.0152,1.4377,59,0.0438,NA,NA,NA,NA,NA,NA,0.0338,0.0031,276,0.0212,0.1004,0,0.0135,0,Bayes-M17-med
Fizi,Sud-Kivu,1,FALSE,0.015,0.0111,0.0198,0.0148,60,59,60,0.0151,1.4307,60,0.0436,NA,NA,NA,NA,NA,NA,0.5637,0.0521,44,0.7432,0.9691,0,0.5425,0,Bayes-M17-med
Bengamisa,Tshopo,1,FALSE,0.0142,0.0107,0.0187,0.014,61,61,63,0.0143,1.3559,61,0.0413,NA,NA,NA,NA,NA,NA,0.3012,0.0264,62,0.612,0.2162,0,0.3764,0,Bayes-M17-med
Birambizo,Nord-Kivu,1,FALSE,0.0141,0.0105,0.0185,0.0138,63,62,63,0.0142,1.3417,63,0.0409,NA,NA,0.282,19,NA,NA,0.3625,0.0314,52,0.4035,0.89,0,0.1564,0,Bayes-M17-med
Kalehe,Sud-Kivu,1,FALSE,0.0141,0.0104,0.0186,0.0139,62,61,64,0.0142,1.3421,62,0.0409,NA,NA,NA,NA,NA,NA,0.3369,0.0292,54,0.3417,0.8649,0,0.1409,0,Bayes-M17-med
Pinga,Nord-Kivu,1,FALSE,0.0135,0.0099,0.0178,0.0132,64,64,65,0.0136,1.2828,64,0.0391,NA,NA,0.2696,20,NA,NA,0.57,0.0472,48,0.9595,0.7548,0,0.5656,0,Bayes-M17-med
Masina 2,Kinshasa,1,FALSE,0.0131,0.0097,0.0174,0.0129,65,65,69,0.0132,1.2522,65,0.0382,NA,NA,NA,NA,NA,NA,0.0265,0.0021,346,0.0174,0.0193,0,0.0695,0,Bayes-M17-med
Bandalungwa,Kinshasa,1,FALSE,0.0131,0.0096,0.0173,0.0129,67,66,70,0.0131,1.2438,67,0.0379,NA,NA,NA,NA,NA,NA,0.0709,0.0057,177,0.0328,0.2336,0,0.0174,0,Bayes-M17-med
Bagira,Sud-Kivu,1,FALSE,0.0131,0.0097,0.0173,0.0129,66,66,67,0.0132,1.2514,66,0.0382,NA,NA,NA,NA,NA,NA,0.236,0.0191,76,0.1004,0.6371,0,0.2066,0,Bayes-M17-med
Binza Meteo,Kinshasa,1,FALSE,0.0127,0.0093,0.0167,0.0125,68,68,71,0.0128,1.2075,68,0.0368,NA,NA,NA,NA,NA,NA,0.2558,0.02,75,0.0965,0.8996,0,0.027,0,Bayes-M17-med
Bondo,Bas-Uele,1,FALSE,0.0126,0.0096,0.0163,0.0124,69,65,71,0.0127,1.1984,69,0.0366,NA,NA,NA,NA,NA,NA,0.6737,0.0522,43,0.9961,0.9981,0,0.7008,0,Bayes-M17-med
Nyantende,Sud-Kivu,1,FALSE,0.0124,0.0091,0.0163,0.0122,70,69,72,0.0125,1.1783,70,0.036,NA,NA,NA,NA,NA,NA,0.3219,0.0245,67,0.1486,0.8938,0,0.2452,0,Bayes-M17-med
Isangi,Tshopo,1,FALSE,0.0122,0.0092,0.0158,0.012,71,68,74,0.0122,1.1587,71,0.0354,NA,NA,NA,NA,NA,NA,0.3837,0.0287,55,0.4054,0.4073,0,0.722,0,Bayes-M17-med
Lemera,Sud-Kivu,1,FALSE,0.0121,0.0089,0.016,0.0119,72,70,73,0.0122,1.1518,72,0.0352,NA,NA,NA,NA,NA,NA,0.5613,0.0418,49,0.3629,0.9015,0,0.9807,0,Bayes-M17-med
Yakusu,Tshopo,1,FALSE,0.0121,0.0092,0.0154,0.012,73,61,83,0.0122,1.1514,73,0.0351,NA,NA,NA,NA,NA,NA,0.319,0.0237,69,0.4208,0.2085,0,0.6467,0,Bayes-M17-med
Mubumbano,Sud-Kivu,1,FALSE,0.0118,0.0087,0.0156,0.0116,74,72,74,0.0119,1.1242,74,0.0343,NA,NA,NA,NA,NA,NA,0.3658,0.0266,60,0.2683,0.9402,0,0.2548,0,Bayes-M17-med
Nyemba,Tanganyika,1,FALSE,0.0117,0.0086,0.0155,0.0115,75,73,75,0.0118,1.116,75,0.0341,NA,NA,NA,NA,NA,NA,0.3456,0.0249,66,0.5965,0.4556,0,0.3301,0,Bayes-M17-med
Kikimi,Kinshasa,1,FALSE,0.0113,0.0083,0.015,0.0112,76,75,77,0.0114,1.0781,76,0.0329,NA,NA,NA,NA,NA,NA,0.0835,0.0058,173,0.056,0.1911,0,0.0869,0,Bayes-M17-med
Mont Ngafula 1,Kinshasa,1,FALSE,0.0112,0.0083,0.0148,0.0111,77,76,78,0.0113,1.0683,77,0.0326,NA,NA,NA,NA,NA,NA,0.2066,0.0143,96,0.1371,0.6313,0,0.0579,0,Bayes-M17-med
Lubutu,Maniema,1,FALSE,0.0111,0.0082,0.0146,0.0109,78,76,79,0.0111,1.0529,78,0.0321,NA,NA,NA,NA,NA,NA,0.4706,0.032,51,0.8205,0.2819,0,0.7799,0,Bayes-M17-med
Matete,Kinshasa,1,FALSE,0.011,0.0081,0.0146,0.0108,79,77,79,0.0111,1.0476,79,0.032,NA,NA,NA,NA,NA,NA,0.0492,0.0033,260,0.0251,0.1158,0,0.056,0,Bayes-M17-med
Barumbu,Kinshasa,1,FALSE,0.0109,0.008,0.0144,0.0108,80,79,80,0.011,1.0388,80,0.0317,NA,NA,NA,NA,NA,NA,0.014,9e-4,430,0.0097,0.0232,0,0.0232,0,Bayes-M17-med
Mwana,Sud-Kivu,1,FALSE,0.0105,0.0078,0.0139,0.0103,81,80,81,0.0106,0.9998,81,0.0305,NA,NA,NA,NA,NA,NA,0.3731,0.0241,68,0.2896,0.9035,0,0.2992,0,Bayes-M17-med
Mont Ngafula 2,Kinshasa,1,FALSE,0.0103,0.0076,0.0136,0.0102,82,81,82,0.0104,0.982,82,0.03,NA,NA,NA,NA,NA,NA,0.0951,0.006,163,0.0849,0.2568,0,0.0386,0,Bayes-M17-med
Selembao,Kinshasa,1,FALSE,0.0101,0.0074,0.0134,0.01,83,82,84,0.0102,0.961,83,0.0294,NA,NA,NA,NA,NA,NA,0.0676,0.0042,221,0.0444,0.1815,0,0.0444,0,Bayes-M17-med
Kaniola,Sud-Kivu,1,FALSE,0.01,0.0074,0.0132,0.0099,84,83,84,0.0101,0.9548,84,0.0292,NA,NA,NA,NA,NA,NA,0.4513,0.0279,56,0.5328,0.9305,0,0.3417,0,Bayes-M17-med
Nyangezi,Sud-Kivu,1,FALSE,0.0099,0.0073,0.013,0.0097,85,85,85,0.0099,0.9407,85,0.0287,NA,NA,NA,NA,NA,NA,0.36870000000000003,0.0224,70,0.222,0.8842,0,0.36870000000000003,0,Bayes-M17-med
Bunyakiri,Sud-Kivu,1,FALSE,0.0096,0.0071,0.0126,0.0094,86,86,86,0.0096,0.9115,86,0.0279,NA,NA,NA,NA,NA,NA,0.4517,0.0267,58,0.6197,0.832,0,0.3552,0,Bayes-M17-med
Ndjili,Kinshasa,1,FALSE,0.0093,0.0069,0.0123,0.0092,87,87,87,0.0094,0.8873,87,0.0271,NA,NA,NA,NA,NA,NA,0.0487,0.0028,301,0.027,0.1042,0,0.0637,0,Bayes-M17-med
Kingabwa,Kinshasa,1,FALSE,0.0092,0.0068,0.0122,0.0091,88,88,88,0.0092,0.8741,88,0.0267,NA,NA,NA,NA,NA,NA,0.0478,0.0027,306,0.0425,0.0965,0,0.0521,0,Bayes-M17-med
Ngiri Ngiri,Kinshasa,1,FALSE,0.0088,0.0064,0.0116,0.0086,89,89,89,0.0088,0.8332,89,0.0255,NA,NA,NA,NA,NA,NA,0.028,0.0015,395,0.0154,0.0676,0,0.029,0,Bayes-M17-med
Police,Kinshasa,1,FALSE,0.0085,0.0062,0.0112,0.0084,90,90,91,0.0085,0.8081,90,0.0247,NA,NA,NA,NA,NA,NA,0.0478,0.0025,321,0.0463,0.0772,0,0.0676,0,Bayes-M17-med
Kindu,Maniema,1,FALSE,0.0084,0.0062,0.0111,0.0083,91,90,91,0.0085,0.8005,91,0.0245,NA,NA,NA,NA,NA,NA,0.3181,0.0165,81,0.1351,0.2529,0,0.8842,0,Bayes-M17-med
Kasongo,Maniema,1,FALSE,0.0081,0.006,0.0107,0.008,92,92,92,0.0081,0.7699,92,0.0235,NA,NA,NA,NA,NA,NA,0.5304,0.0265,61,0.4459,0.7529,0,0.9228,0,Bayes-M17-med
Yabaondo,Tshopo,1,FALSE,0.0076,0.0057,0.01,0.0075,93,93,95,0.0077,0.7253,93,0.0222,NA,NA,NA,NA,NA,NA,0.3523,0.0166,79,0.4363,0.305,0,0.668,0,Bayes-M17-med
Maluku 1,Kinshasa,1,FALSE,0.0074,0.0055,0.0098,0.0073,94,94,95,0.0075,0.7072,94,0.0216,NA,NA,NA,NA,NA,NA,0.2321,0.0106,109,0.3475,0.4517,0,0.1293,0,Bayes-M17-med
Shabunda,Sud-Kivu,1,FALSE,0.0073,0.0054,0.0097,0.0072,95,93,97,0.0073,0.6941,95,0.0212,NA,NA,NA,NA,NA,NA,0.5922,0.0266,59,0.8378,0.8726,0,0.6583,0,Bayes-M17-med
Ubundu,Tshopo,1,FALSE,0.0072,0.0054,0.0094,0.0071,96,94,99,0.0072,0.6815,96,0.0209,NA,NA,NA,NA,NA,NA,0.4744,0.021,72,0.9054,0.4305,0,0.5618,0,Bayes-M17-med
Basoko,Tshopo,1,FALSE,0.0071,0.0053,0.0093,0.007,97,96,97,0.0071,0.6722,97,0.0206,NA,NA,NA,NA,NA,NA,0.3012,0.0131,100,0.5077,0.3147,0,0.3822,0,Bayes-M17-med
Nundu,Sud-Kivu,1,FALSE,0.0069,0.0051,0.0091,0.0068,98,97,99,0.0069,0.6529,98,0.02,NA,NA,NA,NA,NA,NA,0.5927,0.0251,65,0.527,0.8494,0,0.9942,0,Bayes-M17-med
Kingasani,Kinshasa,1,FALSE,0.0068,0.005,0.009,0.0067,99,98,99,0.0069,0.6495,99,0.0199,NA,NA,NA,NA,NA,NA,0.0294,0.0012,412,0.0058,0.0405,0,0.0714,0,Bayes-M17-med
Kalemie,Tanganyika,1,FALSE,0.0066,0.0049,0.0088,0.0065,100,100,100,0.0067,0.6304,100,0.0193,NA,NA,NA,NA,NA,NA,0.3789,0.0155,87,0.6718,0.4575,0,0.3861,0,Bayes-M17-med
Lubumbashi,Haut-Katanga,1,FALSE,0.0065,0.0048,0.0086,0.0064,101,101,102,0.0065,0.6155,101,0.0188,NA,NA,NA,NA,NA,NA,0.1105,0.0044,215,0.1081,0.2104,0,0.1236,0,Bayes-M17-med
Kalonge,Sud-Kivu,1,FALSE,0.0062,0.0046,0.0082,0.0061,102,102,103,0.0063,0.5918,102,0.0181,NA,NA,NA,NA,NA,NA,0.404,0.0155,86,0.4961,0.8359,0,0.2838,0,Bayes-M17-med
Yaleko,Tshopo,1,FALSE,0.0062,0.0046,0.0082,0.0061,103,101,104,0.0062,0.589,103,0.018,NA,NA,NA,NA,NA,NA,0.402,0.0154,89,0.639,0.2452,0,0.7239,0,Bayes-M17-med
Kunda,Maniema,1,FALSE,0.0061,0.0045,0.0081,0.006,104,103,104,0.0061,0.5804,104,0.0178,NA,NA,NA,NA,NA,NA,0.4165,0.0157,85,0.4633,0.2799,0,0.9228,0,Bayes-M17-med
Yambuku,Mongala,1,FALSE,0.0059,0.0043,0.0078,0.0058,105,105,107,0.0059,0.5586,105,0.0171,NA,NA,NA,NA,NA,NA,0.4344,0.0157,84,0.5483,0.5753,0,0.6139,0,Bayes-M17-med
Lisala,Mongala,1,FALSE,0.0059,0.0043,0.0078,0.0058,106,105,106,0.0059,0.5574,106,0.0171,NA,NA,NA,NA,NA,NA,0.4093,0.0148,95,0.4286,0.4402,0,0.7683,0,Bayes-M17-med
Yamaluka,Mongala,1,FALSE,0.0057,0.0043,0.0074,0.0056,107,105,108,0.0057,0.5398,107,0.0165,NA,NA,NA,NA,NA,NA,0.1974,0.0069,147,0.2799,0.1448,0,0.3649,0,Bayes-M17-med
Opienge,Tshopo,1,FALSE,0.0056,0.0041,0.0076,0.0055,108,107,108,0.0057,0.5353,108,0.0164,NA,NA,NA,NA,NA,NA,0.4445,0.0154,88,0.9556,0.0135,0,0.8089,0,Bayes-M17-med
Saramabila,Maniema,1,FALSE,0.0052,0.0038,0.0068,0.0051,110,109,111,0.0052,0.4894,110,0.015,NA,NA,NA,NA,NA,NA,0.4768,0.0151,92,0.473,0.5502,0,0.8842,0,Bayes-M17-med
Djolu,Tshuapa,1,FALSE,0.0052,0.0038,0.0068,0.0051,109,109,110,0.0052,0.4923,109,0.0151,NA,NA,NA,NA,NA,NA,0.5256,0.0168,78,0.7104,0.5985,0,0.7934,0,Bayes-M17-med
Kaziba,Sud-Kivu,1,FALSE,0.0051,0.0038,0.0068,0.0051,111,110,111,0.0052,0.4879,111,0.0149,NA,NA,NA,NA,NA,NA,0.3571,0.0113,106,0.2876,0.7838,0,0.3571,0,Bayes-M17-med
Ango,Bas-Uele,1,FALSE,0.0049,0.0036,0.0066,0.0048,113,112,116,0.0049,0.464,113,0.0142,NA,NA,NA,NA,NA,NA,0.7095,0.0214,71,1,0.8591,0,0.9788,0,Bayes-M17-med
Kitutu,Sud-Kivu,1,FALSE,0.0049,0.0036,0.0065,0.0048,112,112,113,0.0049,0.467,112,0.0143,NA,NA,NA,NA,NA,NA,0.5024,0.0152,91,0.751,0.805,0,0.4537,0,Bayes-M17-med
Kongolo,Tanganyika,1,FALSE,0.0049,0.0036,0.0064,0.0048,114,113,114,0.0049,0.4605,114,0.0141,NA,NA,NA,NA,NA,NA,0.6829,0.0204,74,0.8861,0.9228,0,0.9228,0,Bayes-M17-med
Makala,Kinshasa,1,FALSE,0.0048,0.0035,0.0064,0.0047,115,115,116,0.0048,0.4558,115,0.014,NA,NA,NA,NA,NA,NA,0.0246,7e-4,443,0.0116,0.0386,0,0.0483,0,Bayes-M17-med
Kibua,Nord-Kivu,1,FALSE,0.0048,0.0036,0.0063,0.0047,116,113,116,0.0048,0.4554,116,0.014,NA,NA,0.0957,21,NA,NA,0.5154,0.0152,90,0.7741,0.6602,0,0.6274,0,Bayes-M17-med
Kimbi Lulenge,Sud-Kivu,1,FALSE,0.0047,0.0034,0.0062,0.0046,117,117,117,0.0047,0.443,117,0.0136,NA,NA,NA,NA,NA,NA,0.5507,0.0158,83,0.8475,0.8687,0,0.4865,0,Bayes-M17-med
Kabinda,Lomami,1,FALSE,0.0046,0.0034,0.0061,0.0046,118,118,119,0.0047,0.4408,118,0.0135,NA,NA,NA,NA,NA,NA,0.4382,0.0125,101,0.5097,0.5541,0,0.6892,0,Bayes-M17-med
Kalole,Sud-Kivu,1,FALSE,0.0046,0.0034,0.006,0.0045,120,120,121,0.0046,0.4323,120,0.0132,NA,NA,NA,NA,NA,NA,0.6038,0.0169,77,0.89,0.7799,0,0.7452,0,Bayes-M17-med
Mwenga,Sud-Kivu,1,FALSE,0.0046,0.0034,0.0061,0.0046,119,119,120,0.0046,0.4386,119,0.0134,NA,NA,NA,NA,NA,NA,0.319,0.0091,121,0.5,0.3552,0,0.4208,0,Bayes-M17-med
Kalamu 2,Kinshasa,1,FALSE,0.0045,0.0033,0.0059,0.0044,121,121,123,0.0045,0.4222,121,0.0129,NA,NA,NA,NA,NA,NA,0.015,4e-4,452,0.0039,0.0154,0,0.0405,0,Bayes-M17-med
Yahuma,Tshopo,1,FALSE,0.0045,0.0033,0.0058,0.0044,122,118,127,0.0045,0.4221,122,0.0129,NA,NA,NA,NA,NA,NA,0.4402,0.0121,103,0.8649,0.332,0,0.5637,0,Bayes-M17-med
Mumbunda,Haut-Katanga,1,FALSE,0.0044,0.0032,0.0058,0.0043,125,123,125,0.0044,0.4131,125,0.0127,NA,NA,NA,NA,NA,NA,0.1853,0.005,203,0.1197,0.5077,0,0.1139,0,Bayes-M17-med
Itebero,Nord-Kivu,1,FALSE,0.0044,0.0033,0.0058,0.0043,123,122,125,0.0044,0.417,123,0.0128,NA,NA,0.0876,22,NA,NA,0.5574,0.0151,93,0.9112,0.722,0,0.5965,0,Bayes-M17-med
Mulungu,Sud-Kivu,1,FALSE,0.0044,0.0032,0.0058,0.0043,124,123,125,0.0044,0.4148,124,0.0127,NA,NA,NA,NA,NA,NA,0.5208,0.014,98,0.861,0.5193,0,0.7027,0,Bayes-M17-med
Doruma,Haut-Uele,1,FALSE,0.0043,0.0031,0.0058,0.0042,127,121,129,0.0043,0.4074,128,0.0125,NA,NA,NA,NA,0.0371,7,0.6216,0.0164,82,0.973,0.5135,0,1,0,Bayes-M17-med
Bonzola,Kasaï-Oriental,1,FALSE,0.0043,0.0032,0.0057,0.0042,128,127,128,0.0043,0.4076,127,0.0125,NA,NA,NA,NA,NA,NA,0.2958,0.0078,133,0.0927,0.7934,0,0.2973,0,Bayes-M17-med
Manika,Lualaba,1,FALSE,0.0043,0.0032,0.0057,0.0043,126,126,126,0.0043,0.4102,126,0.0126,NA,NA,NA,NA,NA,NA,0.1149,0.0031,281,0.0946,0.222,0,0.1429,0,Bayes-M17-med
Kamituga,Sud-Kivu,1,FALSE,0.0043,0.0031,0.0056,0.0042,129,128,129,0.0043,0.4039,129,0.0124,NA,NA,NA,NA,NA,NA,0.3596,0.0094,118,0.3938,0.6062,0,0.4382,0,Bayes-M17-med
Bumba,Mongala,1,FALSE,0.0041,0.003,0.0054,0.004,130,130,130,0.0041,0.3871,130,0.0119,NA,NA,NA,NA,NA,NA,0.2384,0.006,168,0.1409,0.4537,0,0.3591,0,Bayes-M17-med
Aketi,Bas-Uele,1,FALSE,0.004,0.0029,0.0053,0.0039,131,131,131,0.004,0.3758,131,0.0115,NA,NA,NA,NA,NA,NA,0.6762,0.0165,80,0.9903,0.9363,0,0.778,0,Bayes-M17-med
Lodja,Sankuru,1,FALSE,0.0039,0.0029,0.0052,0.0038,132,132,133,0.0039,0.3703,132,0.0113,NA,NA,NA,NA,NA,NA,0.4626,0.0111,107,0.2625,0.6351,0,0.9527,0,Bayes-M17-med
Mbulula,Tanganyika,1,FALSE,0.0039,0.0029,0.0052,0.0038,133,132,133,0.0039,0.3699,133,0.0113,NA,NA,NA,NA,NA,NA,0.5934,0.0142,97,0.6448,0.7761,0,0.9527,0,Bayes-M17-med
Kananga,Kasaï-Central,1,FALSE,0.0038,0.0028,0.005,0.0037,134,134,135,0.0038,0.3563,134,0.0109,NA,NA,NA,NA,NA,NA,0.2963,0.0069,150,0.1429,0.5579,0,0.4846,0,Bayes-M17-med
Punia,Maniema,1,FALSE,0.0037,0.0027,0.0048,0.0036,135,134,142,0.0037,0.347,135,0.0106,NA,NA,NA,NA,NA,NA,0.3731,0.0084,128,0.7625,0.1969,0,0.5328,0,Bayes-M17-med
Titule,Bas-Uele,1,FALSE,0.0036,0.0026,0.0048,0.0035,141,135,146,0.0036,0.338,141,0.0104,NA,NA,NA,NA,NA,NA,0.6839,0.015,94,0.9865,0.8263,0,0.9228,0,Bayes-M17-med
Kampene,Maniema,1,FALSE,0.0036,0.0027,0.0048,0.0036,136,136,137,0.0036,0.3449,137,0.0106,NA,NA,NA,NA,NA,NA,0.3962,0.0089,123,0.5251,0.1757,0,0.8842,0,Bayes-M17-med
Kalima,Maniema,1,FALSE,0.0036,0.0027,0.0048,0.0036,138,137,138,0.0036,0.3432,138,0.0105,NA,NA,NA,NA,NA,NA,0.3094,0.0069,149,0.4595,0.3205,0,0.4575,0,Bayes-M17-med
Gemena,Sud-Ubangi,1,FALSE,0.0036,0.0027,0.0048,0.0036,136,135,142,0.0037,0.3455,136,0.0106,NA,NA,NA,NA,NA,NA,0.3277,0.0074,139,0.1776,0.2741,0,0.8591,0,Bayes-M17-med
Kabalo,Tanganyika,1,FALSE,0.0036,0.0027,0.0048,0.0036,139,138,139,0.0036,0.3429,139,0.0105,NA,NA,NA,NA,NA,NA,0.624,0.0139,99,0.9035,0.7568,0,0.8359,0,Bayes-M17-med
Moba,Tanganyika,1,FALSE,0.0036,0.0027,0.0048,0.0035,140,140,141,0.0036,0.3418,140,0.0105,NA,NA,NA,NA,NA,NA,0.3808,0.0085,127,0.6178,0.4942,0,0.4112,0,Bayes-M17-med
Kasansa,Kasaï-Oriental,1,FALSE,0.0035,0.0026,0.0046,0.0034,145,143,145,0.0035,0.3302,145,0.0101,NA,NA,NA,NA,NA,NA,0.3349,0.0072,141,0.2568,0.6699,0,0.4131,0,Bayes-M17-med
Kisenso,Kinshasa,1,FALSE,0.0035,0.0026,0.0046,0.0034,146,143,146,0.0035,0.3301,146,0.0101,NA,NA,NA,NA,NA,NA,0.0589,0.0013,408,0.0367,0.139,0,0.0598,0,Bayes-M17-med
Lolo,Mongala,1,FALSE,0.0035,0.0026,0.0047,0.0035,142,141,143,0.0036,0.3362,142,0.0103,NA,NA,NA,NA,NA,NA,0.3161,0.0069,148,0.4073,0.3263,0,0.5309,0,Bayes-M17-med
Opala,Tshopo,1,FALSE,0.0035,0.0026,0.0046,0.0034,143,140,145,0.0035,0.3314,143,0.0102,NA,NA,NA,NA,NA,NA,0.4269,0.0092,120,0.7819,0.0792,0,0.8465,0,Bayes-M17-med
Yahisuli,Tshopo,1,FALSE,0.0035,0.0026,0.0046,0.0034,144,136,148,0.0035,0.3308,144,0.0101,NA,NA,NA,NA,NA,NA,0.3521,0.0076,135,0.3842,0.0714,0,0.9527,0,Bayes-M17-med
Boende,Tshuapa,1,FALSE,0.0034,0.0025,0.0045,0.0033,148,147,148,0.0034,0.3185,148,0.0098,NA,NA,NA,NA,NA,NA,0.4199,0.0087,126,0.6988,0.4807,0,0.5,0,Bayes-M17-med
Manono,Tanganyika,1,FALSE,0.0034,0.0025,0.0045,0.0033,147,146,147,0.0034,0.3224,147,0.0099,NA,NA,NA,NA,NA,NA,0.5758,0.0121,104,0.8784,0.9537,0,0.471,0,Bayes-M17-med
Biyela,Kinshasa,1,FALSE,0.0033,0.0024,0.0043,0.0032,150,150,150,0.0033,0.3094,150,0.0095,NA,NA,NA,NA,NA,NA,0.1076,0.0022,344,0.0637,0.2838,0,0.083,0,Bayes-M17-med
Nyunzu,Tanganyika,1,FALSE,0.0033,0.0024,0.0043,0.0032,149,149,149,0.0033,0.3112,149,0.0095,NA,NA,NA,NA,NA,NA,0.6023,0.0122,102,0.9653,0.834,0,0.61,0,Bayes-M17-med
Kipushi,Haut-Katanga,1,FALSE,0.0032,0.0023,0.0042,0.0032,152,152,152,0.0032,0.3034,152,0.0093,NA,NA,NA,NA,NA,NA,0.1216,0.0024,328,0.2703,0.1081,0,0.1081,0,Bayes-M17-med
Kabongo,Haut-Lomami,1,FALSE,0.0032,0.0023,0.0042,0.0031,153,153,155,0.0032,0.2988,153,0.0092,NA,NA,NA,NA,NA,NA,0.5372,0.0104,110,0.8108,0.778,0,0.5598,0,Bayes-M17-med
Nzaba,Kasaï-Oriental,1,FALSE,0.0032,0.0024,0.0043,0.0032,151,151,151,0.0032,0.3059,151,0.0094,NA,NA,NA,NA,NA,NA,0.278,0.0055,180,0.1042,0.6931,0,0.3147,0,Bayes-M17-med
Haut Plateau,Sud-Kivu,1,FALSE,0.0032,0.0023,0.0042,0.0031,154,153,155,0.0032,0.2988,154,0.0092,NA,NA,NA,NA,NA,NA,0.5246,0.0102,112,0.5714,0.5444,0,0.9826,0,Bayes-M17-med
Mbandaka,Equateur,1,FALSE,0.0031,0.0023,0.0042,0.0031,156,155,156,0.0031,0.2975,156,0.0091,NA,NA,NA,NA,NA,NA,0.5164,0.01,115,0.6409,0.9633,0,0.4614,0,Bayes-M17-med
Tshamilemba,Haut-Katanga,1,FALSE,0.0031,0.0023,0.0041,0.003,159,159,159,0.0031,0.2927,159,0.009,NA,NA,NA,NA,NA,NA,0.0772,0.0015,398,0.0656,0.1255,0,0.1178,0,Bayes-M17-med
Kimbanseke,Kinshasa,1,FALSE,0.0031,0.0023,0.0041,0.0031,157,154,158,0.0031,0.2968,157,0.0091,NA,NA,NA,NA,NA,NA,0.0526,0.001,422,0.0521,0.0849,0,0.0734,0,Bayes-M17-med
Lusangi,Maniema,1,FALSE,0.0031,0.0023,0.0041,0.0031,158,157,158,0.0031,0.2944,158,0.009,NA,NA,NA,NA,NA,NA,0.4223,0.0081,130,0.5656,0.2645,0,0.8591,0,Bayes-M17-med
Lulingu,Sud-Kivu,1,FALSE,0.0031,0.0023,0.0042,0.0031,155,154,157,0.0031,0.2978,155,0.0091,NA,NA,NA,NA,NA,NA,0.6158,0.0119,105,0.9093,0.8108,0,0.7432,0,Bayes-M17-med
Kamina,Haut-Lomami,1,FALSE,0.003,0.0022,0.004,0.0029,163,163,164,0.003,0.2841,163,0.0087,NA,NA,NA,NA,NA,NA,0.5164,0.0095,117,0.8301,0.8301,0,0.4054,0,Bayes-M17-med
Tshilenge,Kasaï-Oriental,1,FALSE,0.003,0.0022,0.0039,0.0029,165,165,165,0.003,0.282,165,0.0086,NA,NA,NA,NA,NA,NA,0.2799,0.0051,198,0.1892,0.668,0,0.2625,0,Bayes-M17-med
Mulumba,Lomami,1,FALSE,0.003,0.0022,0.004,0.003,160,160,161,0.0031,0.2889,160,0.0089,NA,NA,NA,NA,NA,NA,0.2587,0.0049,206,0.1834,0.3108,0,0.5405,0,Bayes-M17-med
Luputa,Lomami,1,FALSE,0.003,0.0022,0.004,0.003,162,162,162,0.003,0.2876,162,0.0088,NA,NA,NA,NA,NA,NA,0.3431,0.0064,161,0.3301,0.3166,0,0.7259,0,Bayes-M17-med
Mweneditu,Lomami,1,FALSE,0.003,0.0022,0.0039,0.0029,166,166,166,0.003,0.2814,166,0.0086,NA,NA,NA,NA,NA,NA,0.2799,0.0051,199,0.166,0.3842,0,0.5695,0,Bayes-M17-med
Minembwe,Sud-Kivu,1,FALSE,0.003,0.0022,0.004,0.003,161,160,161,0.003,0.2886,161,0.0088,NA,NA,NA,NA,NA,NA,0.5198,0.0097,116,0.7181,0.8089,0,0.5521,0,Bayes-M17-med
Lingomo,Tshuapa,1,FALSE,0.003,0.0022,0.004,0.0029,164,163,164,0.003,0.284,164,0.0087,NA,NA,NA,NA,NA,NA,0.5627,0.0104,111,0.8263,0.5869,0,0.8378,0,Bayes-M17-med
Maluku 2,Kinshasa,1,FALSE,0.0029,0.0021,0.0038,0.0028,169,169,169,0.0029,0.2706,169,0.0083,NA,NA,NA,NA,NA,NA,0.4184,0.0074,137,0.6834,0.5463,0,0.444,0,Bayes-M17-med
Idiofa,Kwilu,1,FALSE,0.0029,0.0022,0.0039,0.0029,167,167,168,0.0029,0.2776,167,0.0085,NA,NA,NA,NA,NA,NA,0.486,0.0088,124,0.4537,0.749,0,0.7413,0,Bayes-M17-med
Samba,Maniema,1,FALSE,0.0029,0.0021,0.0039,0.0029,168,167,168,0.0029,0.2762,168,0.0085,NA,NA,NA,NA,NA,NA,0.5179,0.0093,119,0.7529,0.4344,0,0.8842,0,Bayes-M17-med
Kailo,Maniema,1,FALSE,0.0028,0.0021,0.0037,0.0027,170,170,170,0.0028,0.2647,170,0.0081,NA,NA,NA,NA,NA,NA,0.4276,0.0074,138,0.832,0.0946,0,0.7838,0,Bayes-M17-med
Ikela,Tshuapa,1,FALSE,0.0028,0.002,0.0037,0.0027,171,171,171,0.0028,0.263,171,0.0081,NA,NA,NA,NA,NA,NA,0.4633,0.0079,132,0.8147,0.1795,0,0.8591,0,Bayes-M17-med
Kabeya Kamwanga,Kasaï-Oriental,1,FALSE,0.0027,0.002,0.0035,0.0026,173,173,173,0.0027,0.2528,173,0.0078,NA,NA,NA,NA,NA,NA,0.2968,0.0049,204,0.3224,0.3919,0,0.473,0,Bayes-M17-med
Bumbu,Kinshasa,1,FALSE,0.0027,0.0019,0.0035,0.0026,174,174,176,0.0027,0.2512,174,0.0077,NA,NA,NA,NA,NA,NA,0.0164,3e-4,457,0.0019,0.029,0,0.0347,0,Bayes-M17-med
Mondombe,Tshuapa,1,FALSE,0.0027,0.002,0.0036,0.0027,172,172,172,0.0027,0.2588,172,0.0079,NA,NA,NA,NA,NA,NA,0.4797,0.0081,131,0.6622,0.3726,0,0.8842,0,Bayes-M17-med
Malemba Nkulu,Haut-Lomami,1,FALSE,0.0026,0.0019,0.0034,0.0025,178,177,178,0.0026,0.2454,178,0.0075,NA,NA,NA,NA,NA,NA,0.3895,0.0062,162,0.36870000000000003,0.7664,0,0.4228,0,Bayes-M17-med
Kamwesha,Kasaï,1,FALSE,0.0026,0.0019,0.0035,0.0026,176,176,177,0.0026,0.2486,176,0.0076,NA,NA,NA,NA,NA,NA,0.2732,0.0044,214,0.3456,0.2876,0,0.4595,0,Bayes-M17-med
Tshikapa,Kasaï,1,FALSE,0.0026,0.0019,0.0035,0.0026,175,174,175,0.0027,0.2509,175,0.0077,NA,NA,NA,NA,NA,NA,0.3156,0.0051,196,0.2722,0.6506,0,0.3398,0,Bayes-M17-med
Yamongili,Mongala,1,FALSE,0.0026,0.0019,0.0035,0.0026,177,175,178,0.0026,0.2463,177,0.0076,NA,NA,NA,NA,NA,NA,0.3243,0.0052,194,0.5116,0.3668,0,0.4189,0,Bayes-M17-med
Kitenge,Haut-Lomami,1,FALSE,0.0025,0.0019,0.0033,0.0025,181,180,181,0.0025,0.2385,181,0.0073,NA,NA,NA,NA,NA,NA,0.5729,0.0089,122,0.8668,0.8069,0,0.6178,0,Bayes-M17-med
Demba,Kasaï-Central,1,FALSE,0.0025,0.0019,0.0034,0.0025,180,179,180,0.0025,0.2408,180,0.0074,NA,NA,NA,NA,NA,NA,0.4117,0.0064,159,0.4653,0.7143,0,0.4672,0,Bayes-M17-med
Ngaba,Kinshasa,1,FALSE,0.0025,0.0018,0.0033,0.0024,182,182,183,0.0025,0.2342,182,0.0072,NA,NA,NA,NA,NA,NA,0.014,2e-4,459,0,0.0058,0,0.0502,0,Bayes-M17-med
Karawa,Nord-Ubangi,1,FALSE,0.0025,0.0019,0.0034,0.0025,179,179,181,0.0025,0.2412,179,0.0074,NA,NA,NA,NA,NA,NA,0.6404,0.01,113,0.7568,0.973,0,0.832,0,Bayes-M17-med
Likati,Bas-Uele,1,FALSE,0.0024,0.0018,0.0033,0.0024,183,182,185,0.0024,0.231,183,0.0071,NA,NA,NA,NA,NA,NA,0.7124,0.0107,108,0.9942,0.971,0,0.8842,0,Bayes-M17-med
Kaniama,Haut-Lomami,1,FALSE,0.0024,0.0018,0.0032,0.0024,184,183,185,0.0024,0.2309,184,0.0071,NA,NA,NA,NA,NA,NA,0.582,0.0087,125,0.8533,0.6622,0,0.8127,0,Bayes-M17-med
Mikalayi,Kasaï-Central,1,FALSE,0.0024,0.0018,0.0032,0.0023,187,187,187,0.0024,0.2259,187,0.0069,NA,NA,NA,NA,NA,NA,0.3948,0.0058,175,0.4517,0.5811,0,0.5463,0,Bayes-M17-med
Lubao,Lomami,1,FALSE,0.0024,0.0018,0.0032,0.0023,186,186,188,0.0024,0.2261,186,0.0069,NA,NA,NA,NA,NA,NA,0.3982,0.0058,171,0.6486,0.1525,0,0.7915,0,Bayes-M17-med
Bwamanda,Sud-Ubangi,1,FALSE,0.0024,0.0017,0.0032,0.0023,188,186,188,0.0024,0.2257,188,0.0069,NA,NA,NA,NA,NA,NA,0.4667,0.0068,151,0.4189,0.7394,0,0.7085,0,Bayes-M17-med
Bokungu,Tshuapa,1,FALSE,0.0024,0.0018,0.0032,0.0024,185,184,185,0.0024,0.2289,185,0.007,NA,NA,NA,NA,NA,NA,0.49370000000000003,0.0073,140,0.695,0.3571,0,0.9228,0,Bayes-M17-med
Lukelenge,Kasaï-Oriental,1,FALSE,0.0023,0.0017,0.003,0.0022,190,190,190,0.0023,0.2153,190,0.0066,NA,NA,NA,NA,NA,NA,0.2249,0.0031,274,0.0811,0.5,0,0.3185,0,Bayes-M17-med
Lusanga,Kwilu,1,FALSE,0.0023,0.0017,0.0031,0.0023,189,189,189,0.0023,0.2191,189,0.0067,NA,NA,NA,NA,NA,NA,0.4242,0.006,164,0.4382,0.7297,0,0.529,0,Bayes-M17-med
Luebo,Kasaï,1,FALSE,0.0022,0.0017,0.003,0.0022,192,191,192,0.0022,0.2129,192,0.0065,NA,NA,NA,NA,NA,NA,0.4353,0.006,166,0.5232,0.5116,0,0.7066,0,Bayes-M17-med
Mweka,Kasaï,1,FALSE,0.0022,0.0016,0.0029,0.0022,194,194,195,0.0022,0.2081,194,0.0064,NA,NA,NA,NA,NA,NA,0.5053,0.0068,152,0.4788,0.7239,0,0.8185,0,Bayes-M17-med
Luiza,Kasaï-Central,1,FALSE,0.0022,0.0016,0.0028,0.0021,198,198,200,0.0022,0.2037,198,0.0062,NA,NA,NA,NA,NA,NA,0.4218,0.0056,178,0.4807,0.6293,0,0.5772,0,Bayes-M17-med
Cilundu,Kasaï-Oriental,1,FALSE,0.0022,0.0016,0.0029,0.0022,195,194,196,0.0022,0.2078,195,0.0064,NA,NA,NA,NA,NA,NA,0.221,0.003,289,0.2317,0.3089,0,0.3436,0,Bayes-M17-med
Diulu,Kasaï-Oriental,1,FALSE,0.0022,0.0017,0.003,0.0022,191,191,192,0.0023,0.213,191,0.0065,NA,NA,NA,NA,NA,NA,0.2611,0.0036,246,0.0676,0.6448,0,0.332,0,Bayes-M17-med
Vanga,Kwilu,1,FALSE,0.0022,0.0016,0.0029,0.0021,197,197,199,0.0022,0.2042,197,0.0063,NA,NA,NA,NA,NA,NA,0.5034,0.0067,153,0.3726,0.8205,0,0.8205,0,Bayes-M17-med
Ngandajika,Lomami,1,FALSE,0.0022,0.0016,0.003,0.0022,193,193,193,0.0022,0.2114,193,0.0065,NA,NA,NA,NA,NA,NA,0.3465,0.0048,209,0.2124,0.4459,0,0.7278,0,Bayes-M17-med
Yalifafu,Tshuapa,1,FALSE,0.0022,0.0016,0.0029,0.0022,196,194,196,0.0022,0.2076,196,0.0064,NA,NA,NA,NA,NA,NA,0.4797,0.0065,157,0.7664,0.2683,0,0.8842,0,Bayes-M17-med
Bena Leka,Kasaï-Central,1,FALSE,0.0021,0.0016,0.0028,0.0021,201,201,203,0.0021,0.2014,201,0.0062,NA,NA,NA,NA,NA,NA,0.4986,0.0065,156,0.6062,0.7162,0,0.6718,0,Bayes-M17-med
Masuika,Kasaï-Central,1,FALSE,0.0021,0.0015,0.0028,0.0021,204,203,204,0.0021,0.1995,204,0.0061,NA,NA,NA,NA,NA,NA,0.3885,0.005,201,0.3263,0.5618,0,0.666,0,Bayes-M17-med
Bibanga,Kasaï-Oriental,1,FALSE,0.0021,0.0015,0.0027,0.002,206,206,206,0.0021,0.1956,206,0.006,NA,NA,NA,NA,NA,NA,0.2978,0.0038,238,0.3127,0.4884,0,0.39,0,Bayes-M17-med
Kenge,Kwango,1,FALSE,0.0021,0.0015,0.0027,0.002,208,207,208,0.0021,0.1943,208,0.006,NA,NA,NA,NA,NA,NA,0.5574,0.007,145,0.6139,0.8127,0,0.8031,0,Bayes-M17-med
Bulungu,Kwilu,1,FALSE,0.0021,0.0016,0.0028,0.0021,199,199,200,0.0022,0.2036,199,0.0062,NA,NA,NA,NA,NA,NA,0.4508,0.006,169,0.3571,0.6795,0,0.7664,0,Bayes-M17-med
Fungurume,Lualaba,1,FALSE,0.0021,0.0015,0.0028,0.002,205,205,205,0.0021,0.1974,205,0.0061,NA,NA,NA,NA,NA,NA,0.1564,0.002,355,0.2664,0.1622,0,0.1969,0,Bayes-M17-med
Kabambare,Maniema,1,FALSE,0.0021,0.0016,0.0028,0.0021,202,201,202,0.0021,0.2013,202,0.0062,NA,NA,NA,NA,NA,NA,0.3953,0.0052,195,0.8359,0.112,0,0.6332,0,Bayes-M17-med
Tandala,Sud-Ubangi,1,FALSE,0.0021,0.0016,0.0029,0.0021,200,197,203,0.0022,0.2034,200,0.0062,NA,NA,NA,NA,NA,NA,0.4078,0.0054,183,0.2741,0.527,0,0.8301,0,Bayes-M17-med
Yalimbongo,Tshopo,1,FALSE,0.0021,0.0016,0.0028,0.0021,203,197,204,0.0021,0.201,203,0.0062,NA,NA,NA,NA,NA,NA,0.3214,0.0042,222,0.5772,0.0483,0,0.6602,0,Bayes-M17-med
Kansimba,Tanganyika,1,FALSE,0.0021,0.0015,0.0027,0.002,207,207,208,0.0021,0.1948,207,0.006,NA,NA,NA,NA,NA,NA,0.5497,0.007,146,0.9479,0.7741,0,0.4768,0,Bayes-M17-med
Bukama,Haut-Lomami,1,FALSE,0.002,0.0015,0.0026,0.002,212,211,213,0.002,0.1881,211,0.0058,NA,NA,NA,NA,NA,NA,0.4764,0.0058,172,0.7143,0.7625,0,0.4286,0,Bayes-M17-med
Citenge,Kasaï-Oriental,1,FALSE,0.002,0.0015,0.0026,0.002,210,209,212,0.002,0.1897,210,0.0058,NA,NA,NA,NA,NA,NA,0.2321,0.0029,299,0.1583,0.4749,0,0.2954,0,Bayes-M17-med
Tshofa,Lomami,1,FALSE,0.002,0.0014,0.0026,0.0019,217,214,217,0.002,0.1852,217,0.0057,NA,NA,NA,NA,NA,NA,0.4416,0.0053,188,0.6757,0.3514,0,0.7394,0,Bayes-M17-med
Kanda Kanda,Lomami,1,FALSE,0.002,0.0015,0.0026,0.002,212,211,215,0.002,0.1881,212,0.0058,NA,NA,NA,NA,NA,NA,0.3012,0.0037,243,0.3185,0.1737,0,0.7124,0,Bayes-M17-med
Bosondjo,Mongala,1,FALSE,0.002,0.0014,0.0026,0.0019,216,215,216,0.002,0.1858,216,0.0057,NA,NA,NA,NA,NA,NA,0.3489,0.0042,220,0.5618,0.1931,0,0.6409,0,Bayes-M17-med
Pimu,Mongala,1,FALSE,0.002,0.0015,0.0027,0.002,209,209,210,0.002,0.1911,209,0.0059,NA,NA,NA,NA,NA,NA,0.4257,0.0053,189,0.583,0.3707,0,0.749,0,Bayes-M17-med
Yakoma,Nord-Ubangi,1,FALSE,0.002,0.0014,0.0026,0.0019,213,210,216,0.002,0.1876,214,0.0058,NA,NA,NA,NA,NA,NA,0.6641,0.0081,129,0.7124,0.9479,0,0.9961,0,Bayes-M17-med
Katako Kombe,Sankuru,1,FALSE,0.002,0.0015,0.0026,0.0019,215,213,215,0.002,0.1875,215,0.0058,NA,NA,NA,NA,NA,NA,0.4703,0.0057,176,0.7857,0.1313,0,0.9643,0,Bayes-M17-med
Lomela,Sankuru,1,FALSE,0.002,0.0014,0.0027,0.0019,214,209,220,0.002,0.1878,213,0.0058,NA,NA,NA,NA,NA,NA,0.4759,0.0058,174,0.8456,0.1351,0,0.9228,0,Bayes-M17-med
Kikwit Nord,Kwilu,1,FALSE,0.0019,0.0014,0.0026,0.0019,219,219,219,0.0019,0.1837,219,0.0056,NA,NA,NA,NA,NA,NA,0.2915,0.0035,251,0.1236,0.5405,0,0.5019,0,Bayes-M17-med
Mukedi,Kwilu,1,FALSE,0.0019,0.0014,0.0025,0.0018,225,224,225,0.0019,0.1757,225,0.0054,NA,NA,NA,NA,NA,NA,0.4836,0.0055,181,0.5367,0.7066,0,0.6911,0,Bayes-M17-med
Kalenda,Lomami,1,FALSE,0.0019,0.0014,0.0026,0.0019,218,217,218,0.0019,0.1845,218,0.0057,NA,NA,NA,NA,NA,NA,0.2886,0.0035,253,0.388,0.1873,0,0.5792,0,Bayes-M17-med
Dilala,Lualaba,1,FALSE,0.0019,0.0014,0.0025,0.0018,223,223,224,0.0019,0.1773,223,0.0054,NA,NA,NA,NA,NA,NA,0.1347,0.0016,393,0.1506,0.2548,0,0.1332,0,Bayes-M17-med
Kibombo,Maniema,1,FALSE,0.0019,0.0014,0.0026,0.0019,220,218,220,0.0019,0.1831,220,0.0056,NA,NA,NA,NA,NA,NA,0.4614,0.0055,182,0.7452,0.1776,0,0.9228,0,Bayes-M17-med
Binga,Mongala,1,FALSE,0.0019,0.0014,0.0025,0.0018,224,223,228,0.0019,0.1757,224,0.0054,NA,NA,NA,NA,NA,NA,0.3306,0.0038,239,0.4749,0.249,0,0.5985,0,Bayes-M17-med
Vanga Kete,Sankuru,1,FALSE,0.0019,0.0014,0.0025,0.0019,222,221,222,0.0019,0.1797,222,0.0055,NA,NA,NA,NA,NA,NA,0.4503,0.0053,191,0.4672,0.4112,0,0.9228,0,Bayes-M17-med
Itombwe,Sud-Kivu,1,FALSE,0.0019,0.0014,0.0025,0.0019,221,221,222,0.0019,0.1803,221,0.0055,NA,NA,NA,NA,NA,NA,0.5121,0.006,167,0.8571,0.6737,0,0.5174,0,Bayes-M17-med
Mulongo,Haut-Lomami,1,FALSE,0.0018,0.0013,0.0023,0.0017,233,232,233,0.0018,0.1678,233,0.0051,NA,NA,NA,NA,NA,NA,0.4773,0.0052,193,0.7471,0.7703,0,0.3919,0,Bayes-M17-med
Kalonda Ouest,Kasaï,1,FALSE,0.0018,0.0014,0.0024,0.0018,226,226,226,0.0018,0.1741,226,0.0053,NA,NA,NA,NA,NA,NA,0.2239,0.0025,319,0.2915,0.251,0,0.3533,0,Bayes-M17-med
Miabi,Kasaï-Oriental,1,FALSE,0.0018,0.0013,0.0024,0.0018,228,228,229,0.0018,0.1724,228,0.0053,NA,NA,NA,NA,NA,NA,0.2838,0.0032,273,0.2297,0.6525,0,0.2529,0,Bayes-M17-med
Gungu,Kwilu,1,FALSE,0.0018,0.0013,0.0024,0.0018,227,227,227,0.0018,0.1739,227,0.0053,NA,NA,NA,NA,NA,NA,0.4237,0.0048,207,0.5058,0.6969,0,0.4923,0,Bayes-M17-med
Koshibanda,Kwilu,1,FALSE,0.0018,0.0013,0.0023,0.0017,234,234,234,0.0018,0.1667,234,0.0051,NA,NA,NA,NA,NA,NA,0.4913,0.0053,187,0.5193,0.6757,0,0.7703,0,Bayes-M17-med
Ludimbi Lukula,Lomami,1,FALSE,0.0018,0.0013,0.0024,0.0018,231,230,231,0.0018,0.1712,231,0.0053,NA,NA,NA,NA,NA,NA,0.4513,0.005,202,0.6931,0.3475,0,0.7645,0,Bayes-M17-med
Obokote,Maniema,1,FALSE,0.0018,0.0013,0.0024,0.0018,229,224,232,0.0018,0.1721,229,0.0053,NA,NA,NA,NA,NA,NA,0.3209,0.0036,247,0.7239,0.0328,0,0.527,0,Bayes-M17-med
Omendjadi,Sankuru,1,FALSE,0.0018,0.0013,0.0024,0.0018,230,228,231,0.0018,0.172,230,0.0053,NA,NA,NA,NA,NA,NA,0.4262,0.0048,208,0.5502,0.2317,0,0.9228,0,Bayes-M17-med
Libenge,Sud-Ubangi,1,FALSE,0.0018,0.0013,0.0024,0.0018,232,230,233,0.0018,0.169,232,0.0052,NA,NA,NA,NA,NA,NA,0.3818,0.0042,223,0.6293,0.3591,0,0.5386,0,Bayes-M17-med
Bili (Bas-Uele),Bas-Uele,1,FALSE,0.0017,0.0012,0.0022,0.0016,250,239,258,0.0017,0.1589,250,0.0049,NA,NA,NA,NA,NA,NA,0.6926,0.0072,142,0.9981,0.7992,0,0.973,0,Bayes-M17-med
Monga,Bas-Uele,1,FALSE,0.0017,0.0013,0.0023,0.0017,238,235,246,0.0017,0.1627,239,0.005,NA,NA,NA,NA,NA,NA,0.7336,0.0078,134,0.9826,0.9672,0,0.9846,0,Bayes-M17-med
Basankusu,Equateur,1,FALSE,0.0017,0.0012,0.0022,0.0017,248,247,250,0.0017,0.1597,248,0.0049,NA,NA,NA,NA,NA,NA,0.6844,0.0071,143,0.9517,0.8629,0,0.9228,0,Bayes-M17-med
Bolomba,Equateur,1,FALSE,0.0017,0.0012,0.0023,0.0017,246,242,247,0.0017,0.1609,246,0.0049,NA,NA,NA,NA,NA,NA,0.6163,0.0064,158,0.9575,0.8533,0,0.6544,0,Bayes-M17-med
Kabondo Dianda,Haut-Lomami,1,FALSE,0.0017,0.0012,0.0022,0.0016,256,255,256,0.0017,0.1563,256,0.0048,NA,NA,NA,NA,NA,NA,0.4107,0.0042,224,0.5888,0.5714,0,0.4826,0,Bayes-M17-med
Tshikaji,Kasaï-Central,1,FALSE,0.0017,0.0012,0.0022,0.0016,254,252,254,0.0017,0.157,254,0.0048,NA,NA,NA,NA,NA,NA,0.3195,0.0033,266,0.1873,0.5849,0,0.5058,0,Bayes-M17-med
Luambo,Kasaï-Central,1,FALSE,0.0017,0.0013,0.0023,0.0017,244,242,247,0.0017,0.1617,244,0.005,NA,NA,NA,NA,NA,NA,0.3769,0.004,228,0.5347,0.5656,0,0.4073,0,Bayes-M17-med
Bipemba,Kasaï-Oriental,1,FALSE,0.0017,0.0013,0.0023,0.0017,242,240,246,0.0017,0.162,242,0.005,NA,NA,NA,NA,NA,NA,0.1544,0.0016,388,0.0618,0.2201,0,0.3359,0,Bayes-M17-med
Dibindi,Kasaï-Oriental,1,FALSE,0.0017,0.0012,0.0022,0.0016,251,248,251,0.0017,0.1586,251,0.0049,NA,NA,NA,NA,NA,NA,0.1617,0.0017,386,0.0386,0.2954,0,0.3127,0,Bayes-M17-med
Lubilanji,Kasaï-Oriental,1,FALSE,0.0017,0.0013,0.0023,0.0017,240,239,244,0.0017,0.1622,240,0.005,NA,NA,NA,NA,NA,NA,0.1694,0.0018,380,0.0347,0.3398,0,0.3031,0,Bayes-M17-med
Mpokolo,Kasaï-Oriental,1,FALSE,0.0017,0.0012,0.0022,0.0017,247,245,250,0.0017,0.1601,247,0.0049,NA,NA,NA,NA,NA,NA,0.2901,0.003,285,0.1255,0.6873,0,0.3475,0,Bayes-M17-med
Muya,Kasaï-Oriental,1,FALSE,0.0017,0.0013,0.0023,0.0017,235,235,237,0.0017,0.1648,235,0.0051,NA,NA,NA,NA,NA,NA,0.2495,0.0027,308,0.0753,0.5888,0,0.334,0,Bayes-M17-med
Tshishimbi,Kasaï-Oriental,1,FALSE,0.0017,0.0013,0.0023,0.0017,243,241,247,0.0017,0.1619,243,0.005,NA,NA,NA,NA,NA,NA,0.1742,0.0018,373,0.1795,0.2471,0,0.2703,0,Bayes-M17-med
Ipamu,Kwilu,1,FALSE,0.0017,0.0012,0.0022,0.0016,255,252,255,0.0017,0.1569,255,0.0048,NA,NA,NA,NA,NA,NA,0.5454,0.0056,179,0.4903,0.7683,0,0.9228,0,Bayes-M17-med
Kalambayi Kabanga,Lomami,1,FALSE,0.0017,0.0013,0.0023,0.0017,239,238,243,0.0017,0.1627,238,0.005,NA,NA,NA,NA,NA,NA,0.3132,0.0033,262,0.4556,0.1602,0,0.6371,0,Bayes-M17-med
Kamana,Lomami,1,FALSE,0.0017,0.0012,0.0022,0.0016,252,251,253,0.0017,0.1574,252,0.0048,NA,NA,NA,NA,NA,NA,0.2944,0.003,286,0.5309,0.0174,0,0.6293,0,Bayes-M17-med
Gbadolite,Nord-Ubangi,1,FALSE,0.0017,0.0012,0.0022,0.0017,249,246,253,0.0017,0.1592,249,0.0049,NA,NA,NA,NA,NA,NA,0.5183,0.0054,186,0.7915,0.9653,0,0.3166,0,Bayes-M17-med
Ototo,Sankuru,1,FALSE,0.0017,0.0013,0.0023,0.0017,236,236,236,0.0017,0.1643,236,0.005,NA,NA,NA,NA,NA,NA,0.4561,0.0049,205,0.5386,0.3629,0,0.9228,0,Bayes-M17-med
Bogosenubea,Sud-Ubangi,1,FALSE,0.0017,0.0012,0.0023,0.0017,245,239,249,0.0017,0.1613,245,0.0049,NA,NA,NA,NA,NA,NA,0.4107,0.0043,217,0.4981,0.3031,0,0.8417,0,Bayes-M17-med
Basali,Tshopo,1,FALSE,0.0017,0.0012,0.0022,0.0016,253,244,259,0.0017,0.1572,253,0.0048,NA,NA,NA,NA,NA,NA,0.3779,0.0039,232,0.834,0.0251,0,0.6525,0,Bayes-M17-med
Mompono,Tshuapa,1,FALSE,0.0017,0.0013,0.0023,0.0017,241,240,243,0.0017,0.1622,241,0.005,NA,NA,NA,NA,NA,NA,0.5598,0.0059,170,0.8089,0.6042,0,0.8263,0,Bayes-M17-med
Ankoro,Tanganyika,1,FALSE,0.0017,0.0013,0.0023,0.0017,237,237,239,0.0017,0.1638,237,0.005,NA,NA,NA,NA,NA,NA,0.6047,0.0064,160,0.9266,0.8282,0,0.6641,0,Bayes-M17-med
Kampemba,Haut-Katanga,1,FALSE,0.0016,0.0012,0.0022,0.0016,259,258,259,0.0016,0.1553,259,0.0048,NA,NA,NA,NA,NA,NA,0.0531,5e-4,450,0.0598,0.0367,0,0.1158,0,Bayes-M17-med
Sakania,Haut-Katanga,1,FALSE,0.0016,0.0012,0.0021,0.0016,264,263,264,0.0016,0.1528,264,0.0047,NA,NA,NA,NA,NA,NA,0.2775,0.0028,305,0.7375,0.2355,0,0.1371,0,Bayes-M17-med
Mukanga,Haut-Lomami,1,FALSE,0.0016,0.0011,0.0021,0.0015,273,272,273,0.0016,0.1478,273,0.0045,NA,NA,NA,NA,NA,NA,0.4739,0.0046,213,0.6853,0.6911,0,0.5193,0,Bayes-M17-med
Kanzala,Kasaï,1,FALSE,0.0016,0.0012,0.0021,0.0016,269,269,270,0.0016,0.1494,269,0.0046,NA,NA,NA,NA,NA,NA,0.2046,0.002,356,0.168,0.3127,0,0.3378,0,Bayes-M17-med
Dibaya,Kasaï-Central,1,FALSE,0.0016,0.0012,0.0021,0.0015,270,270,272,0.0016,0.1487,270,0.0046,NA,NA,NA,NA,NA,NA,0.3325,0.0032,270,0.3147,0.4479,0,0.5676,0,Bayes-M17-med
Ndekesha,Kasaï-Central,1,FALSE,0.0016,0.0012,0.0021,0.0016,265,265,265,0.0016,0.1515,265,0.0046,NA,NA,NA,NA,NA,NA,0.4059,0.004,226,0.4768,0.4498,0,0.6969,0,Bayes-M17-med
Kansele,Kasaï-Oriental,1,FALSE,0.0016,0.0012,0.0021,0.0016,268,267,268,0.0016,0.1505,268,0.0046,NA,NA,NA,NA,NA,NA,0.2437,0.0024,329,0.0541,0.5965,0,0.3243,0,Bayes-M17-med
Matadi,Kongo-Central,1,FALSE,0.0016,0.0012,0.0022,0.0016,257,256,258,0.0016,0.1558,257,0.0048,NA,NA,NA,NA,NA,NA,0.2939,0.003,290,0.1564,0.944,0,0.0753,0,Bayes-M17-med
Kikwit Sud,Kwilu,1,FALSE,0.0016,0.0011,0.0021,0.0015,274,273,274,0.0016,0.1472,274,0.0045,NA,NA,NA,NA,NA,NA,0.3282,0.0031,275,0.1313,0.7008,0,0.4807,0,Bayes-M17-med
Yasa Bonga,Kwilu,1,FALSE,0.0016,0.0012,0.0021,0.0015,271,271,271,0.0016,0.1484,271,0.0046,NA,NA,NA,NA,NA,NA,0.4206,0.0041,225,0.3031,0.5328,0,0.8465,0,Bayes-M17-med
Alunguli,Maniema,1,FALSE,0.0016,0.0012,0.0021,0.0016,266,266,267,0.0016,0.1511,266,0.0046,NA,NA,NA,NA,NA,NA,0.3132,0.0031,279,0.1737,0.195,0,0.8842,0,Bayes-M17-med
Bosobolo,Nord-Ubangi,1,FALSE,0.0016,0.0012,0.0021,0.0016,263,259,268,0.0016,0.1528,263,0.0047,NA,NA,NA,NA,NA,NA,0.7148,0.0071,144,0.9363,0.9459,0,0.9768,0,Bayes-M17-med
Mobayi Mbongo,Nord-Ubangi,1,FALSE,0.0016,0.0011,0.0021,0.0015,272,267,275,0.0016,0.148,272,0.0045,NA,NA,NA,NA,NA,NA,0.5458,0.0053,192,0.9324,0.8166,0,0.4344,0,Bayes-M17-med
Dikungu,Sankuru,1,FALSE,0.0016,0.0012,0.0022,0.0016,258,255,261,0.0016,0.1555,258,0.0048,NA,NA,NA,NA,NA,NA,0.3779,0.0038,235,0.4865,0.1409,0,0.8842,0,Bayes-M17-med
Minga,Sankuru,1,FALSE,0.0016,0.0012,0.0022,0.0016,261,261,263,0.0016,0.1544,261,0.0047,NA,NA,NA,NA,NA,NA,0.5347,0.0054,185,0.7838,0.471,0,0.8842,0,Bayes-M17-med
Tshumbe,Sankuru,1,FALSE,0.0016,0.0012,0.0022,0.0016,260,260,262,0.0016,0.1546,260,0.0047,NA,NA,NA,NA,NA,NA,0.3907,0.0039,231,0.5444,0.1718,0,0.8465,0,Bayes-M17-med
Lowa,Tshopo,1,FALSE,0.0016,0.0012,0.0021,0.0016,267,263,269,0.0016,0.1507,267,0.0046,NA,NA,NA,NA,NA,NA,0.4073,0.004,227,0.8938,0.0598,0,0.6757,0,Bayes-M17-med
Befale,Tshuapa,1,FALSE,0.0016,0.0012,0.0022,0.0016,262,259,262,0.0016,0.1539,262,0.0047,NA,NA,NA,NA,NA,NA,0.5145,0.0051,197,0.8822,0.4903,0,0.6853,0,Bayes-M17-med
Ruashi,Haut-Katanga,1,FALSE,0.0015,0.0011,0.002,0.0015,283,283,284,0.0015,0.1403,283,0.0043,NA,NA,NA,NA,NA,NA,0.0705,6e-4,447,0.0985,0.0637,0,0.1197,0,Bayes-M17-med
Ilebo,Kasaï,1,FALSE,0.0015,0.0011,0.002,0.0015,280,278,280,0.0015,0.142,280,0.0044,NA,NA,NA,NA,NA,NA,0.3142,0.0029,297,0.2162,0.6139,0,0.4266,0,Bayes-M17-med
Katende,Kasaï-Central,1,FALSE,0.0015,0.0011,0.002,0.0015,281,279,281,0.0015,0.1411,281,0.0043,NA,NA,NA,NA,NA,NA,0.5154,0.0047,211,0.6525,0.6486,0,0.7606,0,Bayes-M17-med
Lukonga,Kasaï-Central,1,FALSE,0.0015,0.0011,0.0019,0.0014,286,285,287,0.0015,0.1388,286,0.0043,NA,NA,NA,NA,NA,NA,0.3282,0.003,292,0.2239,0.6429,0,0.4459,0,Bayes-M17-med
Mukumbi,Kasaï-Oriental,1,FALSE,0.0015,0.0011,0.002,0.0015,284,282,284,0.0015,0.1402,284,0.0043,NA,NA,NA,NA,NA,NA,0.2249,0.002,352,0.2413,0.1892,0,0.4691,0,Bayes-M17-med
Kisantu,Kongo-Central,1,FALSE,0.0015,0.0011,0.002,0.0015,282,282,283,0.0015,0.1407,282,0.0043,NA,NA,NA,NA,NA,NA,0.418,0.0038,234,0.5039,0.9903,0,0.1776,0,Bayes-M17-med
Djuma,Kwilu,1,FALSE,0.0015,0.0011,0.0019,0.0014,285,285,286,0.0015,0.1392,285,0.0043,NA,NA,NA,NA,NA,NA,0.5256,0.0048,210,0.4826,0.7355,0,0.8842,0,Bayes-M17-med
Ferekeni,Maniema,1,FALSE,0.0015,0.0011,0.002,0.0015,275,273,278,0.0015,0.1454,275,0.0045,NA,NA,NA,NA,NA,NA,0.3504,0.0033,261,0.7722,0.0425,0,0.5869,0,Bayes-M17-med
Boso Manzi,Mongala,1,FALSE,0.0015,0.0011,0.002,0.0015,278,277,280,0.0015,0.1432,278,0.0044,NA,NA,NA,NA,NA,NA,0.3982,0.0037,242,0.5695,0.2278,0,0.7954,0,Bayes-M17-med
Abuzi,Nord-Ubangi,1,FALSE,0.0015,0.0011,0.002,0.0015,277,276,281,0.0015,0.1432,277,0.0044,NA,NA,NA,NA,NA,NA,0.7153,0.0067,154,0.9846,0.9054,0,0.971,0,Bayes-M17-med
Bili (Nord-Ubangi),Nord-Ubangi,1,FALSE,0.0015,0.0011,0.002,0.0015,276,275,276,0.0015,0.1447,276,0.0044,NA,NA,NA,NA,NA,NA,0.7075,0.0067,155,0.9247,0.9189,0,0.9865,0,Bayes-M17-med
Kiambi,Tanganyika,1,FALSE,0.0015,0.0011,0.002,0.0015,279,277,280,0.0015,0.1421,279,0.0044,NA,NA,NA,NA,NA,NA,0.5709,0.0053,190,0.9807,0.6834,0,0.6197,0,Bayes-M17-med
Kilwa,Haut-Katanga,1,FALSE,0.0014,0.0011,0.0019,0.0014,290,288,290,0.0014,0.1353,290,0.0042,NA,NA,NA,NA,NA,NA,0.3764,0.0033,263,0.749,0.39,0,0.3668,0,Bayes-M17-med
Kisanga,Haut-Katanga,1,FALSE,0.0014,0.001,0.0018,0.0013,298,298,300,0.0014,0.1285,298,0.0039,NA,NA,NA,NA,NA,NA,0.1081,9e-4,432,0.1293,0.2008,0,0.1023,0,Bayes-M17-med
Tshibala,Kasaï-Central,1,FALSE,0.0014,0.0011,0.0019,0.0014,288,287,289,0.0014,0.1366,287,0.0042,NA,NA,NA,NA,NA,NA,0.4218,0.0037,240,0.4266,0.5772,0,0.6834,0,Bayes-M17-med
Yangala,Kasaï-Central,1,FALSE,0.0014,0.001,0.0018,0.0013,297,296,297,0.0014,0.1297,297,0.004,NA,NA,NA,NA,NA,NA,0.348,0.0029,294,0.5927,0.2259,0,0.5734,0,Bayes-M17-med
Muanda,Kongo-Central,1,FALSE,0.0014,0.001,0.0018,0.0014,294,294,295,0.0014,0.1311,294,0.004,NA,NA,NA,NA,NA,NA,0.4093,0.0035,250,0.6371,1,0,0,0,Bayes-M17-med
Masi Manimba,Kwilu,1,FALSE,0.0014,0.001,0.0018,0.0014,293,291,294,0.0014,0.1323,293,0.0041,NA,NA,NA,NA,NA,NA,0.4281,0.0037,244,0.332,0.4961,0,0.8842,0,Bayes-M17-med
Kalonda Est,Lomami,1,FALSE,0.0014,0.001,0.0018,0.0013,296,295,297,0.0014,0.1299,296,0.004,NA,NA,NA,NA,NA,NA,0.3292,0.0028,302,0.5425,0.1506,0,0.6236,0,Bayes-M17-med
Wapinda,Nord-Ubangi,1,FALSE,0.0014,0.0011,0.0019,0.0014,287,286,290,0.0014,0.1365,288,0.0042,NA,NA,NA,NA,NA,NA,0.6791,0.006,165,0.9015,0.8398,0,0.9749,0,Bayes-M17-med
Boto,Sud-Ubangi,1,FALSE,0.0014,0.001,0.0018,0.0014,295,293,297,0.0014,0.131,295,0.004,NA,NA,NA,NA,NA,NA,0.3596,0.0031,280,0.3282,0.5174,0,0.5927,0,Bayes-M17-med
Budjala,Sud-Ubangi,1,FALSE,0.0014,0.001,0.0019,0.0014,291,291,292,0.0014,0.1329,291,0.0041,NA,NA,NA,NA,NA,NA,0.43,0.0037,241,0.5154,0.4035,0,0.8012,0,Bayes-M17-med
Kungu,Sud-Ubangi,1,FALSE,0.0014,0.0011,0.0019,0.0014,289,288,289,0.0014,0.1363,289,0.0042,NA,NA,NA,NA,NA,NA,0.3711,0.0033,264,0.3745,0.3359,0,0.7741,0,Bayes-M17-med
Ndage,Sud-Ubangi,1,FALSE,0.0014,0.001,0.0019,0.0014,292,292,293,0.0014,0.1327,292,0.0041,NA,NA,NA,NA,NA,NA,0.3533,0.003,282,0.3996,0.2761,0,0.7375,0,Bayes-M17-med
Kambove,Haut-Katanga,1,FALSE,0.0013,0.001,0.0018,0.0013,304,303,305,0.0013,0.1254,304,0.0038,NA,NA,NA,NA,NA,NA,0.306,0.0025,323,0.4247,0.6236,0,0.1757,0,Bayes-M17-med
Kapolowe,Haut-Katanga,1,FALSE,0.0013,0.001,0.0018,0.0013,300,299,301,0.0013,0.1273,300,0.0039,NA,NA,NA,NA,NA,NA,0.3026,0.0025,320,0.5579,0.444,0,0.2085,0,Bayes-M17-med
Kamonia,Kasaï,1,FALSE,0.0013,0.001,0.0017,0.0013,310,310,310,0.0013,0.1225,310,0.0038,NA,NA,NA,NA,NA,NA,0.14,0.0011,416,0.3707,0.11,0,0.0792,0,Bayes-M17-med
Bandundu,Kwilu,1,FALSE,0.0013,9e-4,0.0017,0.0012,311,311,311,0.0013,0.1201,311,0.0037,NA,NA,NA,NA,NA,NA,0.3364,0.0026,313,0.3436,0.751,0,0.251,0,Bayes-M17-med
Mokala,Kwilu,1,FALSE,0.0013,9e-4,0.0017,0.0012,312,312,312,0.0013,0.1186,312,0.0036,NA,NA,NA,NA,NA,NA,0.5118,0.0039,229,0.4228,0.6718,0,0.9527,0,Bayes-M17-med
Kasaji,Lualaba,1,FALSE,0.0013,0.001,0.0018,0.0013,305,304,306,0.0013,0.1254,305,0.0038,NA,NA,NA,NA,NA,NA,0.4648,0.0038,237,0.8552,0.4923,0,0.5116,0,Bayes-M17-med
Lualaba,Lualaba,1,FALSE,0.0013,0.001,0.0018,0.0013,303,302,304,0.0013,0.1256,303,0.0039,NA,NA,NA,NA,NA,NA,0.1404,0.0011,415,0.3552,0.0347,0,0.1718,0,Bayes-M17-med
Pangi,Maniema,1,FALSE,0.0013,0.001,0.0017,0.0013,309,307,309,0.0013,0.1231,309,0.0038,NA,NA,NA,NA,NA,NA,0.3316,0.0027,310,0.6081,0.056,0,0.6622,0,Bayes-M17-med
Loko,Nord-Ubangi,1,FALSE,0.0013,0.001,0.0018,0.0013,301,299,306,0.0013,0.1267,301,0.0039,NA,NA,NA,NA,NA,NA,0.6535,0.0054,184,0.9402,0.9266,0,0.7471,0,Bayes-M17-med
Kole,Sankuru,1,FALSE,0.0013,0.001,0.0017,0.0013,308,308,309,0.0013,0.1233,308,0.0038,NA,NA,NA,NA,NA,NA,0.4802,0.0039,233,0.7761,0.2606,0,0.8842,0,Bayes-M17-med
Lusambo,Sankuru,1,FALSE,0.0013,0.001,0.0017,0.0013,306,305,307,0.0013,0.1251,306,0.0038,NA,NA,NA,NA,NA,NA,0.4833,0.0039,230,0.6815,0.2992,0,0.9527,0,Bayes-M17-med
Wembo Nyama,Sankuru,1,FALSE,0.0013,0.001,0.0018,0.0013,302,300,303,0.0013,0.1265,302,0.0039,NA,NA,NA,NA,NA,NA,0.4097,0.0034,258,0.5019,0.2143,0,0.9228,0,Bayes-M17-med
Bokonzi,Sud-Ubangi,1,FALSE,0.0013,0.001,0.0018,0.0013,299,298,301,0.0014,0.1278,299,0.0039,NA,NA,NA,NA,NA,NA,0.236,0.002,358,0.4305,0.083,0,0.4305,0,Bayes-M17-med
Bulu,Sud-Ubangi,1,FALSE,0.0013,0.001,0.0018,0.0013,307,302,308,0.0013,0.1247,307,0.0038,NA,NA,NA,NA,NA,NA,0.3147,0.0026,318,0.3649,0.1988,0,0.695,0,Bayes-M17-med
Ingende,Equateur,1,FALSE,0.0012,9e-4,0.0016,0.0012,325,321,325,0.0012,0.1109,325,0.0034,NA,NA,NA,NA,NA,NA,0.596,0.0043,218,0.9208,0.8571,0,0.6062,0,Bayes-M17-med
Pweto,Haut-Katanga,1,FALSE,0.0012,9e-4,0.0016,0.0012,319,319,319,0.0012,0.1139,319,0.0035,NA,NA,NA,NA,NA,NA,0.3518,0.0026,315,0.7992,0.2587,0,0.3494,0,Bayes-M17-med
Kakenge,Kasaï,1,FALSE,0.0012,9e-4,0.0016,0.0012,321,321,323,0.0012,0.1116,321,0.0034,NA,NA,NA,NA,NA,NA,0.4522,0.0033,265,0.5753,0.4788,0,0.7548,0,Bayes-M17-med
Mikope,Kasaï,1,FALSE,0.0012,9e-4,0.0016,0.0012,324,324,324,0.0012,0.1109,324,0.0034,NA,NA,NA,NA,NA,NA,0.3996,0.0029,298,0.6776,0.2703,0,0.6506,0,Bayes-M17-med
Ndjoko Mpunda,Kasaï,1,FALSE,0.0012,9e-4,0.0016,0.0012,313,313,314,0.0012,0.118,313,0.0036,NA,NA,NA,NA,NA,NA,0.333,0.0026,317,0.3977,0.2915,0,0.6429,0,Bayes-M17-med
Muetshi,Kasaï-Central,1,FALSE,0.0012,9e-4,0.0016,0.0012,320,320,321,0.0012,0.1125,320,0.0035,NA,NA,NA,NA,NA,NA,0.4792,0.0035,249,0.6158,0.5386,0,0.7625,0,Bayes-M17-med
Kimpese,Kongo-Central,1,FALSE,0.0012,9e-4,0.0016,0.0012,323,322,323,0.0012,0.1115,323,0.0034,NA,NA,NA,NA,NA,NA,0.4947,0.0036,248,0.7896,0.9768,0,0.2124,0,Bayes-M17-med
Makota,Lomami,1,FALSE,0.0012,9e-4,0.0016,0.0012,314,314,317,0.0012,0.1171,314,0.0036,NA,NA,NA,NA,NA,NA,0.2587,0.002,357,0.1023,0.3764,0,0.556,0,Bayes-M17-med
Boso Mondanda,Mongala,1,FALSE,0.0012,9e-4,0.0016,0.0012,322,316,325,0.0012,0.1116,322,0.0034,NA,NA,NA,NA,NA,NA,0.3716,0.0027,307,0.5869,0.1486,0,0.751,0,Bayes-M17-med
Businga,Nord-Ubangi,1,FALSE,0.0012,9e-4,0.0016,0.0012,318,315,320,0.0012,0.1157,318,0.0035,NA,NA,NA,NA,NA,NA,0.6781,0.0051,200,0.9286,0.861,0,0.9228,0,Bayes-M17-med
Wasolo,Nord-Ubangi,1,FALSE,0.0012,9e-4,0.0016,0.0012,315,313,318,0.0012,0.1164,315,0.0036,NA,NA,NA,NA,NA,NA,0.5709,0.0043,216,0.5541,0.7413,0,0.9884,0,Bayes-M17-med
Bena Dibele,Sankuru,1,FALSE,0.0012,9e-4,0.0016,0.0012,317,315,318,0.0012,0.1162,317,0.0036,NA,NA,NA,NA,NA,NA,0.4093,0.0031,277,0.6216,0.1564,0,0.8591,0,Bayes-M17-med
Monkoto,Tshuapa,1,FALSE,0.0012,9e-4,0.0016,0.0012,316,315,317,0.0012,0.1164,316,0.0036,NA,NA,NA,NA,NA,NA,0.5598,0.0042,219,0.9498,0.4054,0,0.8842,0,Bayes-M17-med
Kinkondja,Haut-Lomami,1,FALSE,0.0011,8e-4,0.0015,0.0011,326,326,326,0.0011,0.1086,326,0.0033,NA,NA,NA,NA,NA,NA,0.4889,0.0035,254,0.7278,0.6274,0,0.6004,0,Bayes-M17-med
Dekese,Kasaï,1,FALSE,0.0011,8e-4,0.0014,0.001,338,338,339,0.0011,0.1011,338,0.0031,NA,NA,NA,NA,NA,NA,0.4633,0.003,283,0.9189,0.2181,0,0.7162,0,Bayes-M17-med
Bilomba,Kasaï-Central,1,FALSE,0.0011,8e-4,0.0014,0.001,339,338,339,0.0011,0.1006,339,0.0031,NA,NA,NA,NA,NA,NA,0.4006,0.0026,314,0.3378,0.4421,0,0.8224,0,Bayes-M17-med
Katoka,Kasaï-Central,1,FALSE,0.0011,8e-4,0.0015,0.0011,331,330,331,0.0011,0.1045,331,0.0032,NA,NA,NA,NA,NA,NA,0.2645,0.0018,377,0.1216,0.473,0,0.4633,0,Bayes-M17-med
Tshikula,Kasaï-Central,1,FALSE,0.0011,8e-4,0.0015,0.0011,329,328,329,0.0011,0.107,329,0.0033,NA,NA,NA,NA,NA,NA,0.3296,0.0023,335,0.3919,0.3185,0,0.6081,0,Bayes-M17-med
Boma,Kongo-Central,1,FALSE,0.0011,8e-4,0.0014,0.0011,337,337,337,0.0011,0.1018,337,0.0031,NA,NA,NA,NA,NA,NA,0.2901,0.0019,362,0.1467,0.9247,0,0.0888,0,Bayes-M17-med
Lukula,Kongo-Central,1,FALSE,0.0011,8e-4,0.0015,0.0011,327,327,327,0.0011,0.1082,327,0.0033,NA,NA,NA,NA,NA,NA,0.3933,0.0028,304,0.529,0.8745,0,0.1699,0,Bayes-M17-med
Boko Kivulu,Kongo-Central,1,FALSE,0.0011,8e-4,0.0015,0.0011,330,330,331,0.0011,0.1047,330,0.0032,NA,NA,NA,NA,NA,NA,0.4281,0.0029,295,0.5792,0.9324,0,0.2008,0,Bayes-M17-med
Mbanza Ngungu,Kongo-Central,1,FALSE,0.0011,8e-4,0.0014,0.0011,336,336,336,0.0011,0.1022,336,0.0031,NA,NA,NA,NA,NA,NA,0.3711,0.0025,325,0.3205,0.9749,0,0.1892,0,Bayes-M17-med
Bagata,Kwilu,1,FALSE,0.0011,8e-4,0.0014,0.0011,335,335,335,0.0011,0.1027,335,0.0032,NA,NA,NA,NA,NA,NA,0.5135,0.0034,256,0.6795,0.695,0,0.6795,0,Bayes-M17-med
Pay Kongila,Kwilu,1,FALSE,0.0011,8e-4,0.0014,0.0011,333,333,334,0.0011,0.1034,333,0.0032,NA,NA,NA,NA,NA,NA,0.4488,0.003,284,0.5135,0.6467,0,0.6351,0,Bayes-M17-med
Kapanga,Lualaba,1,FALSE,0.0011,8e-4,0.0014,0.0011,332,332,333,0.0011,0.1036,332,0.0032,NA,NA,NA,NA,NA,NA,0.4112,0.0028,303,0.8514,0.3938,0,0.3996,0,Bayes-M17-med
Inongo,Mai-Ndombe,1,FALSE,0.0011,8e-4,0.0015,0.0011,328,328,329,0.0011,0.1071,328,0.0033,NA,NA,NA,NA,NA,NA,0.4952,0.0034,255,0.7645,0.2934,0,0.9228,0,Bayes-M17-med
Tunda,Maniema,1,FALSE,0.0011,8e-4,0.0014,0.0011,334,332,334,0.0011,0.1033,334,0.0032,NA,NA,NA,NA,NA,NA,0.459,0.0031,278,0.8977,0.0541,0,0.8842,0,Bayes-M17-med
Likasi,Haut-Katanga,1,FALSE,0.001,8e-4,0.0014,0.001,342,341,342,0.001,0.0985,342,0.003,NA,NA,NA,NA,NA,NA,0.1728,0.0011,417,0.112,0.4208,0,0.1583,0,Bayes-M17-med
Mufunga Sampwe,Haut-Katanga,1,FALSE,0.001,7e-4,0.0013,0.001,352,352,353,0.001,0.0919,352,0.0028,NA,NA,NA,NA,NA,NA,0.3774,0.0023,337,0.8185,0.0888,0,0.6023,0,Bayes-M17-med
Kwilu Ngongo,Kongo-Central,1,FALSE,0.001,7e-4,0.0013,0.001,348,348,349,0.001,0.0945,348,0.0029,NA,NA,NA,NA,NA,NA,0.3875,0.0024,330,0.4884,0.8668,0,0.195,0,Bayes-M17-med
Panzi,Kwango,1,FALSE,0.001,8e-4,0.0014,0.001,340,340,341,0.001,0.0992,340,0.003,NA,NA,NA,NA,NA,NA,0.5236,0.0034,257,0.7548,0.583,0,0.7568,0,Bayes-M17-med
Boko,Kwango,1,FALSE,0.001,8e-4,0.0014,0.001,344,344,345,0.001,0.0967,344,0.003,NA,NA,NA,NA,NA,NA,0.5121,0.0032,269,0.7336,0.61,0,0.7046,0,Bayes-M17-med
Feshi,Kwango,1,FALSE,0.001,8e-4,0.0014,0.001,345,345,346,0.001,0.0966,345,0.003,NA,NA,NA,NA,NA,NA,0.5082,0.0032,271,0.7317,0.5425,0,0.7587,0,Bayes-M17-med
Kikongo,Kwilu,1,FALSE,0.001,7e-4,0.0013,0.001,351,351,352,0.001,0.0922,351,0.0028,NA,NA,NA,NA,NA,NA,0.5024,0.003,287,0.6969,0.6023,0,0.7104,0,Bayes-M17-med
Kimputu,Kwilu,1,FALSE,0.001,8e-4,0.0014,0.001,343,343,343,0.001,0.0971,343,0.003,NA,NA,NA,NA,NA,NA,0.5039,0.0032,272,0.4923,0.639,0,0.8842,0,Bayes-M17-med
Mosango,Kwilu,1,FALSE,0.001,8e-4,0.0014,0.001,346,344,346,0.001,0.0966,346,0.003,NA,NA,NA,NA,NA,NA,0.515,0.0032,268,0.5463,0.7375,0,0.7761,0,Bayes-M17-med
Wikong,Lomami,1,FALSE,0.001,7e-4,0.0013,0.001,350,350,350,0.001,0.0926,350,0.0028,NA,NA,NA,NA,NA,NA,0.3663,0.0022,341,0.2529,0.4228,0,0.7896,0,Bayes-M17-med
Sandoa,Lualaba,1,FALSE,0.001,7e-4,0.0013,0.001,347,347,347,0.001,0.0963,347,0.003,NA,NA,NA,NA,NA,NA,0.5536,0.0035,252,0.9421,0.6815,0,0.5907,0,Bayes-M17-med
Bangabola,Sud-Ubangi,1,FALSE,0.001,8e-4,0.0014,0.001,341,340,342,0.001,0.0985,341,0.003,NA,NA,NA,NA,NA,NA,0.3904,0.0025,322,0.3533,0.3494,0,0.8591,0,Bayes-M17-med
Mawuya,Sud-Ubangi,1,FALSE,0.001,7e-4,0.0013,0.001,349,348,349,0.001,0.094,349,0.0029,NA,NA,NA,NA,NA,NA,0.2654,0.0016,389,0.444,0.2394,0,0.3784,0,Bayes-M17-med
Bikoro,Equateur,1,FALSE,9e-4,7e-4,0.0012,9e-4,363,361,364,9e-4,0.0868,363,0.0027,NA,NA,NA,NA,NA,NA,0.5951,0.0034,259,0.8127,0.8147,0,0.7529,0,Bayes-M17-med
Makanza,Equateur,1,FALSE,9e-4,7e-4,0.0012,9e-4,361,351,370,9e-4,0.0873,361,0.0027,NA,NA,NA,NA,NA,NA,0.639,0.0036,245,0.9537,0.7954,0,0.8069,0,Bayes-M17-med
Wangata,Equateur,1,FALSE,9e-4,7e-4,0.0012,9e-4,360,359,362,9e-4,0.0873,360,0.0027,NA,NA,NA,NA,NA,NA,0.417,0.0024,331,0.2336,0.9865,0,0.4479,0,Bayes-M17-med
Kasenga,Haut-Katanga,1,FALSE,9e-4,7e-4,0.0012,9e-4,354,354,355,9e-4,0.0888,354,0.0027,NA,NA,NA,NA,NA,NA,0.3953,0.0023,336,0.8166,0.6255,0,0.139,0,Bayes-M17-med
Lwamba,Haut-Lomami,1,FALSE,9e-4,7e-4,0.0012,9e-4,353,353,356,9e-4,0.0889,353,0.0027,NA,NA,NA,NA,NA,NA,0.4865,0.0028,300,0.8069,0.6409,0,0.4981,0,Bayes-M17-med
Songa,Haut-Lomami,1,FALSE,9e-4,7e-4,0.0012,9e-4,364,363,364,9e-4,0.0862,364,0.0026,NA,NA,NA,NA,NA,NA,0.473,0.0027,311,0.9344,0.3533,0,0.6042,0,Bayes-M17-med
Mushenge,Kasaï,1,FALSE,9e-4,7e-4,0.0012,9e-4,369,367,369,9e-4,0.0845,369,0.0026,NA,NA,NA,NA,NA,NA,0.3229,0.0018,381,0.5946,0.0656,0,0.6313,0,Bayes-M17-med
Kitangwa,Kasaï,1,FALSE,9e-4,7e-4,0.0012,9e-4,355,354,356,9e-4,0.0888,355,0.0027,NA,NA,NA,NA,NA,NA,0.3287,0.0019,364,0.6332,0.1062,0,0.5753,0,Bayes-M17-med
Mutena,Kasaï,1,FALSE,9e-4,6e-4,0.0011,9e-4,373,372,374,9e-4,0.082,372,0.0025,NA,NA,NA,NA,NA,NA,0.2336,0.0012,409,0.334,0.0753,0,0.5251,0,Bayes-M17-med
Lubondaie,Kasaï-Central,1,FALSE,9e-4,7e-4,0.0012,9e-4,368,368,369,9e-4,0.0845,368,0.0026,NA,NA,NA,NA,NA,NA,0.3147,0.0017,383,0.3822,0.1583,0,0.7181,0,Bayes-M17-med
Lubunga (Kasaï-Central),Kasaï-Central,1,FALSE,9e-4,7e-4,0.0012,9e-4,359,358,360,9e-4,0.0882,359,0.0027,NA,NA,NA,NA,NA,NA,0.4599,0.0026,312,0.5637,0.4653,0,0.8108,0,Bayes-M17-med
Seke Banza,Kongo-Central,1,FALSE,9e-4,6e-4,0.0012,9e-4,371,371,372,9e-4,0.0829,371,0.0025,NA,NA,NA,NA,NA,NA,0.4513,0.0024,327,0.6351,0.9498,0,0.2201,0,Bayes-M17-med
Kahemba,Kwango,1,FALSE,9e-4,7e-4,0.0012,9e-4,365,365,366,9e-4,0.0859,366,0.0026,NA,NA,NA,NA,NA,NA,0.5367,0.003,288,0.8958,0.7278,0,0.5232,0,Bayes-M17-med
Popokabaka,Kwango,1,FALSE,9e-4,6e-4,0.0011,8e-4,375,374,375,9e-4,0.081,375,0.0025,NA,NA,NA,NA,NA,NA,0.5507,0.0029,296,0.7703,0.7876,0,0.6448,0,Bayes-M17-med
Mungindu,Kwilu,1,FALSE,9e-4,7e-4,0.0012,9e-4,366,366,367,9e-4,0.0857,367,0.0026,NA,NA,NA,NA,NA,NA,0.3818,0.0021,347,0.4691,0.5367,0,0.5212,0,Bayes-M17-med
Kamiji,Lomami,1,FALSE,9e-4,6e-4,0.0011,9e-4,373,372,374,9e-4,0.082,373,0.0025,NA,NA,NA,NA,NA,NA,0.2635,0.0014,403,0.3398,0.1293,0,0.5849,0,Bayes-M17-med
Dilolo,Lualaba,1,FALSE,9e-4,7e-4,0.0012,9e-4,357,356,357,9e-4,0.0887,356,0.0027,NA,NA,NA,NA,NA,NA,0.3663,0.0021,349,0.8398,0.6197,0,0.0058,0,Bayes-M17-med
Kanzenze,Lualaba,1,FALSE,9e-4,7e-4,0.0012,9e-4,362,361,362,9e-4,0.087,362,0.0027,NA,NA,NA,NA,NA,NA,0.2389,0.0014,404,0.6255,0.1429,0,0.1873,0,Bayes-M17-med
Bongandanga,Mongala,1,FALSE,9e-4,6e-4,0.0012,9e-4,370,369,371,9e-4,0.0837,370,0.0026,NA,NA,NA,NA,NA,NA,0.4228,0.0023,334,0.7587,0.0097,0,0.9228,0,Bayes-M17-med
Djalo Ndjeka,Sankuru,1,FALSE,9e-4,7e-4,0.0012,9e-4,358,358,359,9e-4,0.0883,358,0.0027,NA,NA,NA,NA,NA,NA,0.3378,0.0019,360,0.3591,0.0695,0,0.9228,0,Bayes-M17-med
Pania Mutombo,Sankuru,1,FALSE,9e-4,6e-4,0.0011,8e-4,374,368,378,9e-4,0.0818,374,0.0025,NA,NA,NA,NA,NA,NA,0.4117,0.0022,342,0.7413,0.1236,0,0.7819,0,Bayes-M17-med
Bominenge,Sud-Ubangi,1,FALSE,9e-4,7e-4,0.0012,9e-4,357,353,360,9e-4,0.0886,357,0.0027,NA,NA,NA,NA,NA,NA,0.3258,0.0019,367,0.2819,0.0985,0,0.9228,0,Bayes-M17-med
Busanga,Tshuapa,1,FALSE,9e-4,7e-4,0.0012,9e-4,365,363,367,9e-4,0.0859,365,0.0026,NA,NA,NA,NA,NA,NA,0.4452,0.0025,324,0.6602,0.168,0,0.9527,0,Bayes-M17-med
Bunkonde,Kasaï-Central,1,FALSE,8e-4,6e-4,0.001,7e-4,382,382,382,8e-4,0.072,382,0.0022,NA,NA,NA,NA,NA,NA,0.3523,0.0016,387,0.4015,0.278,0,0.7297,0,Bayes-M17-med
Mutoto,Kasaï-Central,1,FALSE,8e-4,6e-4,0.001,8e-4,380,380,381,8e-4,0.0749,380,0.0023,NA,NA,NA,NA,NA,NA,0.3441,0.0017,385,0.4575,0.361,0,0.5579,0,Bayes-M17-med
Nsona Mpangu,Kongo-Central,1,FALSE,8e-4,6e-4,0.001,7e-4,384,384,384,8e-4,0.0715,384,0.0022,NA,NA,NA,NA,NA,NA,0.4165,0.0019,361,0.722,0.7645,0,0.1795,0,Bayes-M17-med
Massa,Kongo-Central,1,FALSE,8e-4,6e-4,0.0011,8e-4,378,377,378,8e-4,0.0787,378,0.0024,NA,NA,NA,NA,NA,NA,0.4223,0.0022,345,0.668,0.9208,0,0.1004,0,Bayes-M17-med
Kimbao,Kwango,1,FALSE,8e-4,6e-4,0.0011,8e-4,377,376,377,8e-4,0.0791,377,0.0024,NA,NA,NA,NA,NA,NA,0.5743,0.003,293,0.7201,0.7181,0,0.8591,0,Bayes-M17-med
Wamba Lwadi,Kwango,1,FALSE,8e-4,6e-4,0.001,7e-4,383,383,383,8e-4,0.0717,383,0.0022,NA,NA,NA,NA,NA,NA,0.5492,0.0026,316,0.6467,0.8185,0,0.7317,0,Bayes-M17-med
Sia,Kwilu,1,FALSE,8e-4,6e-4,0.001,7e-4,385,385,386,8e-4,0.0711,385,0.0022,NA,NA,NA,NA,NA,NA,0.3986,0.0018,371,0.4151,0.3822,0,0.7973,0,Bayes-M17-med
Kalamba,Lualaba,1,FALSE,8e-4,6e-4,0.0011,8e-4,379,379,380,8e-4,0.0751,379,0.0023,NA,NA,NA,NA,NA,NA,0.4542,0.0022,340,0.8803,0.2375,0,0.6988,0,Bayes-M17-med
Nioki,Mai-Ndombe,1,FALSE,8e-4,6e-4,0.001,8e-4,381,379,381,8e-4,0.0748,381,0.0023,NA,NA,NA,NA,NA,NA,0.389,0.0019,365,0.61,0.3958,0,0.5502,0,Bayes-M17-med
Wema,Tshuapa,1,FALSE,8e-4,6e-4,0.0011,8e-4,376,375,376,8e-4,0.0797,376,0.0024,NA,NA,NA,NA,NA,NA,0.4469,0.0023,333,0.8494,0.1332,0,0.805,0,Bayes-M17-med
Djombo,Equateur,1,FALSE,7e-4,5e-4,0.001,7e-4,389,388,390,7e-4,0.0697,389,0.0021,NA,NA,NA,NA,NA,NA,0.6554,0.003,291,0.917,0.7819,0,0.9228,0,Bayes-M17-med
Iboko,Equateur,1,FALSE,7e-4,5e-4,9e-4,7e-4,394,394,395,7e-4,0.0668,394,0.0021,NA,NA,NA,NA,NA,NA,0.612,0.0027,309,0.8282,0.7915,0,0.8282,0,Bayes-M17-med
Lotumbe,Equateur,1,FALSE,7e-4,5e-4,9e-4,7e-4,403,400,404,7e-4,0.0644,403,0.002,NA,NA,NA,NA,NA,NA,0.5816,0.0024,326,0.9691,0.7085,0,0.6486,0,Bayes-M17-med
Kikula,Haut-Katanga,1,FALSE,7e-4,5e-4,9e-4,7e-4,398,398,399,7e-4,0.0657,398,0.002,NA,NA,NA,NA,NA,NA,0.0951,4e-4,453,0.1062,0.1139,0,0.1602,0,Bayes-M17-med
Mitwaba,Haut-Katanga,1,FALSE,7e-4,5e-4,9e-4,7e-4,401,401,403,7e-4,0.0645,401,0.002,NA,NA,NA,NA,NA,NA,0.3528,0.0015,396,0.8012,0.0618,0,0.5483,0,Bayes-M17-med
Kafubu,Haut-Katanga,1,FALSE,7e-4,5e-4,0.001,7e-4,388,387,388,7e-4,0.0703,388,0.0022,NA,NA,NA,NA,NA,NA,0.2104,0.001,428,0.6042,0.0869,0,0.1506,0,Bayes-M17-med
Lukafu,Haut-Katanga,1,FALSE,7e-4,5e-4,9e-4,6e-4,410,409,411,7e-4,0.0616,410,0.0019,NA,NA,NA,NA,NA,NA,0.4015,0.0016,390,0.888,0.3243,0,0.3938,0,Bayes-M17-med
Kayamba,Haut-Lomami,1,FALSE,7e-4,5e-4,0.001,7e-4,387,386,390,7e-4,0.0703,387,0.0022,NA,NA,NA,NA,NA,NA,0.4276,0.002,359,0.7027,0.4189,0,0.5888,0,Bayes-M17-med
Bulape,Kasaï,1,FALSE,7e-4,5e-4,9e-4,7e-4,396,396,396,7e-4,0.0662,396,0.002,NA,NA,NA,NA,NA,NA,0.4315,0.0019,369,0.7066,0.1853,0,0.834,0,Bayes-M17-med
Nyanga,Kasaï,1,FALSE,7e-4,5e-4,9e-4,7e-4,393,392,393,7e-4,0.0679,393,0.0021,NA,NA,NA,NA,NA,NA,0.348,0.0015,394,0.4402,0.3803,0,0.5714,0,Bayes-M17-med
Bena Tshadi,Kasaï-Central,1,FALSE,7e-4,5e-4,9e-4,7e-4,397,397,397,7e-4,0.066,397,0.002,NA,NA,NA,NA,NA,NA,0.472,0.002,354,0.6699,0.3784,0,0.8398,0,Bayes-M17-med
Ndesha,Kasaï-Central,1,FALSE,7e-4,5e-4,0.001,7e-4,390,389,391,7e-4,0.0695,390,0.0021,NA,NA,NA,NA,NA,NA,0.2317,0.001,419,0.1448,0.3456,0,0.4363,0,Bayes-M17-med
Kalomba,Kasaï-Central,1,FALSE,7e-4,5e-4,9e-4,7e-4,406,405,406,7e-4,0.0631,406,0.0019,NA,NA,NA,NA,NA,NA,0.2944,0.0012,413,0.3166,0.1467,0,0.7143,0,Bayes-M17-med
Kangu,Kongo-Central,1,FALSE,7e-4,5e-4,9e-4,7e-4,402,401,402,7e-4,0.0645,402,0.002,NA,NA,NA,NA,NA,NA,0.3528,0.0015,397,0.3803,0.8822,0,0.1486,0,Bayes-M17-med
Ngidinga,Kongo-Central,1,FALSE,7e-4,5e-4,9e-4,6e-4,407,407,408,7e-4,0.0622,407,0.0019,NA,NA,NA,NA,NA,NA,0.4488,0.0018,376,0.6544,0.7432,0,0.3977,0,Bayes-M17-med
Kasongo Lunda,Kwango,1,FALSE,7e-4,5e-4,9e-4,7e-4,400,400,401,7e-4,0.0649,400,0.002,NA,NA,NA,NA,NA,NA,0.3441,0.0015,399,0.6274,0.5946,0,0.1544,0,Bayes-M17-med
Kingandu,Kwilu,1,FALSE,7e-4,5e-4,0.001,7e-4,392,392,393,7e-4,0.068,392,0.0021,NA,NA,NA,NA,NA,NA,0.4923,0.0022,343,0.7162,0.6583,0,0.5946,0,Bayes-M17-med
Kafakumba,Lualaba,1,FALSE,7e-4,5e-4,9e-4,6e-4,408,407,409,7e-4,0.0621,408,0.0019,NA,NA,NA,NA,NA,NA,0.4648,0.0019,366,0.8687,0.2027,0,0.7876,0,Bayes-M17-med
Banzow Moke,Mai-Ndombe,1,FALSE,7e-4,5e-4,9e-4,6e-4,409,407,410,7e-4,0.0621,409,0.0019,NA,NA,NA,NA,NA,NA,0.5236,0.0021,348,0.6892,0.5212,0,0.8842,0,Bayes-M17-med
Kiri,Mai-Ndombe,1,FALSE,7e-4,5e-4,9e-4,7e-4,405,405,406,7e-4,0.0633,405,0.0019,NA,NA,NA,NA,NA,NA,0.5685,0.0023,332,0.8745,0.4768,0,0.9228,0,Bayes-M17-med
Oshwe,Mai-Ndombe,1,FALSE,7e-4,5e-4,0.001,7e-4,386,385,387,7e-4,0.0709,386,0.0022,NA,NA,NA,NA,NA,NA,0.4855,0.0022,339,0.8764,0.3301,0,0.7355,0,Bayes-M17-med
Kwamouth,Mai-Ndombe,1,FALSE,7e-4,5e-4,9e-4,7e-4,404,403,404,7e-4,0.064,404,0.002,NA,NA,NA,NA,NA,NA,0.43,0.0018,378,0.8707,0.417,0,0.4324,0,Bayes-M17-med
Mushie,Mai-Ndombe,1,FALSE,7e-4,5e-4,9e-4,7e-4,399,398,399,7e-4,0.0654,399,0.002,NA,NA,NA,NA,NA,NA,0.4291,0.0018,374,0.7394,0.3649,0,0.612,0,Bayes-M17-med
Tshudi Loto,Sankuru,1,FALSE,7e-4,5e-4,9e-4,7e-4,395,395,395,7e-4,0.0666,395,0.002,NA,NA,NA,NA,NA,NA,0.4237,0.0018,372,0.7683,0.0039,0,0.9228,0,Bayes-M17-med
Zongo,Sud-Ubangi,1,FALSE,7e-4,5e-4,0.001,7e-4,391,388,391,7e-4,0.0694,391,0.0021,NA,NA,NA,NA,NA,NA,0.2418,0.0011,418,0.278,0.4131,0,0.2761,0,Bayes-M17-med
Lukolela,Equateur,1,FALSE,6e-4,4e-4,8e-4,6e-4,421,421,421,6e-4,0.0555,421,0.0017,NA,NA,NA,NA,NA,NA,0.5787,0.0021,350,0.944,0.9151,0,0.4556,0,Bayes-M17-med
Monieka,Equateur,1,FALSE,6e-4,4e-4,7e-4,6e-4,424,424,424,6e-4,0.0531,424,0.0016,NA,NA,NA,NA,NA,NA,0.596,0.0021,351,0.9768,0.7336,0,0.6737,0,Bayes-M17-med
Panda,Haut-Katanga,1,FALSE,6e-4,5e-4,8e-4,6e-4,413,413,413,6e-4,0.0598,413,0.0018,NA,NA,NA,NA,NA,NA,0.2027,8e-4,437,0.1622,0.4826,0,0.166,0,Bayes-M17-med
Kenya,Haut-Katanga,1,FALSE,6e-4,4e-4,8e-4,6e-4,416,416,417,6e-4,0.0579,416,0.0018,NA,NA,NA,NA,NA,NA,0.0569,2e-4,458,0.11,0.0116,0,0.1062,0,Bayes-M17-med
Inga,Kongo-Central,1,FALSE,6e-4,4e-4,8e-4,6e-4,417,416,417,6e-4,0.0578,417,0.0018,NA,NA,NA,NA,NA,NA,0.3847,0.0014,400,0.5212,0.8243,0,0.1931,0,Bayes-M17-med
Luozi,Kongo-Central,1,FALSE,6e-4,4e-4,8e-4,6e-4,423,423,423,6e-4,0.0542,423,0.0017,NA,NA,NA,NA,NA,NA,0.5241,0.0018,370,0.7355,0.8861,0,0.4749,0,Bayes-M17-med
Gombe Matadi,Kongo-Central,1,FALSE,6e-4,5e-4,8e-4,6e-4,415,414,415,6e-4,0.0587,415,0.0018,NA,NA,NA,NA,NA,NA,0.4151,0.0016,391,0.6911,0.7857,0,0.1834,0,Bayes-M17-med
Kisanji,Kwango,1,FALSE,6e-4,4e-4,7e-4,5e-4,425,425,425,6e-4,0.0525,425,0.0016,NA,NA,NA,NA,NA,NA,0.5574,0.0019,363,0.8417,0.6544,0,0.7336,0,Bayes-M17-med
Moanza,Kwilu,1,FALSE,6e-4,5e-4,8e-4,6e-4,412,411,412,6e-4,0.0602,412,0.0018,NA,NA,NA,NA,NA,NA,0.52,0.002,353,0.5985,0.529,0,0.9527,0,Bayes-M17-med
Lubudi,Lualaba,1,FALSE,6e-4,5e-4,8e-4,6e-4,414,414,415,6e-4,0.0589,414,0.0018,NA,NA,NA,NA,NA,NA,0.4667,0.0018,379,0.9151,0.4614,0,0.4903,0,Bayes-M17-med
Ntandembelo,Mai-Ndombe,1,FALSE,6e-4,4e-4,8e-4,6e-4,418,418,418,6e-4,0.0569,418,0.0017,NA,NA,NA,NA,NA,NA,0.4595,0.0017,384,0.6023,0.4633,0,0.7722,0,Bayes-M17-med
Yumbi,Mai-Ndombe,1,FALSE,6e-4,4e-4,8e-4,6e-4,419,419,419,6e-4,0.0567,419,0.0017,NA,NA,NA,NA,NA,NA,0.2741,0.001,423,0.4131,0.4015,0,0.2819,0,Bayes-M17-med
Bolobo,Mai-Ndombe,1,FALSE,6e-4,4e-4,8e-4,6e-4,420,420,420,6e-4,0.0563,420,0.0017,NA,NA,NA,NA,NA,NA,0.3388,0.0012,411,0.6313,0.4981,0,0.2259,0,Bayes-M17-med
Bosobe,Mai-Ndombe,1,FALSE,6e-4,4e-4,8e-4,6e-4,422,422,422,6e-4,0.0547,422,0.0017,NA,NA,NA,NA,NA,NA,0.4406,0.0016,392,0.4942,0.4093,0,0.8591,0,Bayes-M17-med
Mbaya,Sud-Ubangi,1,FALSE,6e-4,5e-4,9e-4,6e-4,411,410,412,6e-4,0.0608,411,0.0019,NA,NA,NA,NA,NA,NA,0.3142,0.0012,410,0.3514,0.2239,0,0.6815,0,Bayes-M17-med
Bomongo,Equateur,1,FALSE,5e-4,4e-4,6e-4,5e-4,432,432,432,5e-4,0.0459,432,0.0014,NA,NA,NA,NA,NA,NA,0.5907,0.0018,382,0.9788,0.8475,0,0.5367,0,Bayes-M17-med
Butumba,Haut-Lomami,1,FALSE,5e-4,4e-4,7e-4,5e-4,429,429,429,5e-4,0.0483,429,0.0015,NA,NA,NA,NA,NA,NA,0.4595,0.0014,401,0.7973,0.4151,0,0.6255,0,Bayes-M17-med
Banga Lubaka,Kasaï,1,FALSE,5e-4,4e-4,7e-4,5e-4,428,427,428,5e-4,0.0502,428,0.0015,NA,NA,NA,NA,NA,NA,0.3205,0.001,420,0.5174,0.0444,0,0.7201,0,Bayes-M17-med
Kizu,Kongo-Central,1,FALSE,5e-4,3e-4,6e-4,4e-4,434,434,434,5e-4,0.0427,434,0.0013,NA,NA,NA,NA,NA,NA,0.3113,9e-4,435,0.2973,0.8707,0,0.0772,0,Bayes-M17-med
Nzanza,Kongo-Central,1,FALSE,5e-4,4e-4,7e-4,5e-4,430,430,430,5e-4,0.0476,430,0.0015,NA,NA,NA,NA,NA,NA,0.2172,7e-4,445,0.0888,0.6892,0,0.0907,0,Bayes-M17-med
Kimpangu,Kongo-Central,1,FALSE,5e-4,3e-4,6e-4,5e-4,433,433,433,5e-4,0.0449,433,0.0014,NA,NA,NA,NA,NA,NA,0.4488,0.0013,406,0.7085,0.9344,0,0.1525,0,Bayes-M17-med
Kimvula,Kongo-Central,1,FALSE,5e-4,4e-4,7e-4,5e-4,427,427,428,5e-4,0.0502,427,0.0015,NA,NA,NA,NA,NA,NA,0.569,0.0019,368,0.8629,0.8784,0,0.5347,0,Bayes-M17-med
Mwela Lembwa,Kwango,1,FALSE,5e-4,4e-4,7e-4,5e-4,431,431,431,5e-4,0.0467,431,0.0014,NA,NA,NA,NA,NA,NA,0.4397,0.0013,405,0.6506,0.3224,0,0.7857,0,Bayes-M17-med
Pendjwa,Mai-Ndombe,1,FALSE,5e-4,4e-4,7e-4,5e-4,426,426,426,5e-4,0.0508,426,0.0016,NA,NA,NA,NA,NA,NA,0.4319,0.0014,402,0.7008,0.2124,0,0.8147,0,Bayes-M17-med
Kashobwe,Haut-Katanga,1,FALSE,4e-4,3e-4,5e-4,4e-4,446,445,446,4e-4,0.0351,446,0.0011,NA,NA,NA,NA,NA,NA,0.3243,7e-4,441,0.805,0.3012,0,0.1911,0,Bayes-M17-med
Katuba,Haut-Katanga,1,FALSE,4e-4,3e-4,5e-4,4e-4,442,442,443,4e-4,0.0379,442,0.0012,NA,NA,NA,NA,NA,NA,0.0463,1e-4,462,0.0502,0.0309,0,0.1042,0,Bayes-M17-med
Baka,Haut-Lomami,1,FALSE,4e-4,3e-4,5e-4,4e-4,445,441,447,4e-4,0.0357,445,0.0011,NA,NA,NA,NA,NA,NA,0.4319,0.001,424,0.4344,0.8919,0,0.4015,0,Bayes-M17-med
Kinda,Haut-Lomami,1,FALSE,4e-4,3e-4,5e-4,4e-4,441,441,442,4e-4,0.0383,441,0.0012,NA,NA,NA,NA,NA,NA,0.5077,0.0013,407,0.9884,0.4266,0,0.6158,0,Bayes-M17-med
Boma Bungu,Kongo-Central,1,FALSE,4e-4,3e-4,5e-4,4e-4,444,444,445,4e-4,0.0364,444,0.0011,NA,NA,NA,NA,NA,NA,0.3209,8e-4,440,0.5811,0.5676,0,0.1351,0,Bayes-M17-med
Kinkonzi,Kongo-Central,1,FALSE,4e-4,3e-4,5e-4,4e-4,443,443,444,4e-4,0.0368,443,0.0011,NA,NA,NA,NA,NA,NA,0.4252,0.001,421,0.6236,0.8958,0,0.1815,0,Bayes-M17-med
Kuimba,Kongo-Central,1,FALSE,4e-4,3e-4,5e-4,4e-4,440,440,440,4e-4,0.0387,440,0.0012,NA,NA,NA,NA,NA,NA,0.3069,8e-4,439,0.3784,0.8456,0,0.0039,0,Bayes-M17-med
Tshela,Kongo-Central,1,FALSE,4e-4,3e-4,6e-4,4e-4,437,437,437,4e-4,0.0407,437,0.0012,NA,NA,NA,NA,NA,NA,0.3282,9e-4,434,0.417,0.888,0,0.0077,0,Bayes-M17-med
Mangembo,Kongo-Central,1,FALSE,4e-4,3e-4,6e-4,4e-4,435,435,435,4e-4,0.041,435,0.0013,NA,NA,NA,NA,NA,NA,0.3726,0.001,426,0.5598,0.6641,0,0.2664,0,Bayes-M17-med
Nselo,Kongo-Central,1,FALSE,4e-4,3e-4,6e-4,4e-4,439,439,439,4e-4,0.04,439,0.0012,NA,NA,NA,NA,NA,NA,0.374,0.001,427,0.6564,0.5347,0,0.305,0,Bayes-M17-med
Sona Bata,Kongo-Central,1,FALSE,4e-4,3e-4,5e-4,4e-4,447,446,447,4e-4,0.0341,447,0.001,NA,NA,NA,NA,NA,NA,0.43,0.001,429,0.7259,0.7896,0,0.2046,0,Bayes-M17-med
Kajiji,Kwango,1,FALSE,4e-4,3e-4,6e-4,4e-4,438,438,438,4e-4,0.0401,438,0.0012,NA,NA,NA,NA,NA,NA,0.3533,9e-4,431,0.7934,0.1544,0,0.4653,0,Bayes-M17-med
Kitenda,Kwango,1,FALSE,4e-4,3e-4,6e-4,4e-4,436,436,436,4e-4,0.0407,436,0.0013,NA,NA,NA,NA,NA,NA,0.376,0.001,425,0.6641,0.4247,0,0.4151,0,Bayes-M17-med
Bolenge,Equateur,1,FALSE,3e-4,3e-4,5e-4,3e-4,449,448,449,3e-4,0.0328,449,0.001,NA,NA,NA,NA,NA,NA,0.5391,0.0011,414,0.7954,0.8514,0,0.5097,0,Bayes-M17-med
Kilela Balanda,Haut-Katanga,1,FALSE,3e-4,3e-4,5e-4,3e-4,450,450,450,3e-4,0.0325,450,0.001,NA,NA,NA,NA,NA,NA,0.3132,7e-4,446,0.9228,0.0927,0,0.2375,0,Bayes-M17-med
Bobozo,Kasaï-Central,1,FALSE,3e-4,2e-4,4e-4,3e-4,453,453,453,3e-4,0.0264,453,8e-4,NA,NA,NA,NA,NA,NA,0.2336,4e-4,454,0.1602,0.2857,0,0.4884,0,Bayes-M17-med
Vaku,Kongo-Central,1,FALSE,3e-4,2e-4,4e-4,3e-4,452,452,452,3e-4,0.0283,452,9e-4,NA,NA,NA,NA,NA,NA,0.4194,8e-4,438,0.5676,0.9421,0,0.168,0,Bayes-M17-med
Tembo,Kwango,1,FALSE,3e-4,3e-4,5e-4,3e-4,448,448,449,3e-4,0.0329,448,0.001,NA,NA,NA,NA,NA,NA,0.3205,7e-4,444,0.7876,0.3977,0,0.0965,0,Bayes-M17-med
Bunkeya,Lualaba,1,FALSE,3e-4,3e-4,5e-4,3e-4,451,451,451,3e-4,0.0322,451,0.001,NA,NA,NA,NA,NA,NA,0.4218,9e-4,433,0.8243,0.5019,0,0.361,0,Bayes-M17-med
Mampoko,Equateur,1,FALSE,2e-4,2e-4,3e-4,2e-4,455,455,455,2e-4,0.022,455,7e-4,NA,NA,NA,NA,NA,NA,0.5135,7e-4,442,0.8919,0.5058,0,0.6564,0,Bayes-M17-med
Ntondo,Equateur,1,FALSE,2e-4,2e-4,3e-4,2e-4,457,457,457,2e-4,0.0206,457,6e-4,NA,NA,NA,NA,NA,NA,0.6125,8e-4,436,0.8996,0.7259,0,0.8243,0,Bayes-M17-med
Vangu,Haut-Katanga,1,FALSE,2e-4,2e-4,3e-4,2e-4,454,454,454,2e-4,0.0233,454,7e-4,NA,NA,NA,NA,NA,NA,0.1081,2e-4,460,0.1158,0.1699,0,0.1467,0,Bayes-M17-med
Kibunzi,Kongo-Central,1,FALSE,2e-4,2e-4,3e-4,2e-4,456,456,456,2e-4,0.0215,456,7e-4,NA,NA,NA,NA,NA,NA,0.4175,6e-4,448,0.7046,0.5251,0,0.4402,0,Bayes-M17-med
Mutshatsha,Lualaba,1,FALSE,2e-4,1e-4,2e-4,2e-4,459,459,459,2e-4,0.0174,459,5e-4,NA,NA,NA,NA,NA,NA,0.3808,4e-4,451,0.971,0.1023,0,0.4498,0,Bayes-M17-med
Mimia,Mai-Ndombe,1,FALSE,2e-4,1e-4,3e-4,2e-4,458,458,458,2e-4,0.0181,458,6e-4,NA,NA,NA,NA,NA,NA,0.4841,6e-4,449,0.9614,0.0521,0,0.9228,0,Bayes-M17-med
Irebu,Equateur,1,FALSE,1e-4,1e-4,1e-4,1e-4,461,461,461,1e-4,0.0099,461,3e-4,NA,NA,NA,NA,NA,NA,0.5473,4e-4,456,0.9305,0.6776,0,0.5811,0,Bayes-M17-med
Lilanga Bobangi,Equateur,1,FALSE,1e-4,1e-4,2e-4,1e-4,460,460,460,1e-4,0.0137,460,4e-4,NA,NA,NA,NA,NA,NA,0.4117,4e-4,455,0.9382,0.2664,0,0.4421,0,Bayes-M17-med
Kamalondo,Haut-Katanga,1,FALSE,1e-4,1e-4,1e-4,1e-4,463,463,463,1e-4,0.0091,463,3e-4,NA,NA,NA,NA,NA,NA,0.0352,0,464,0.029,0.0019,0,0.11,0,Bayes-M17-med
Kowe,Haut-Katanga,1,FALSE,1e-4,1e-4,1e-4,1e-4,462,462,462,1e-4,0.0092,462,3e-4,NA,NA,NA,NA,NA,NA,0.07,0,463,0.0714,0.0811,0,0.1274,0,Bayes-M17-med
Kitona,Kongo-Central,1,FALSE,1e-4,1e-4,1e-4,1e-4,464,464,464,1e-4,0.0067,464,2e-4,NA,NA,NA,NA,NA,NA,0.293,1e-4,461,0.5907,0.5792,0,0.0019,0,Bayes-M17-med
Bokoro,Mai-Ndombe,1,FALSE,0,0,0,0,465.5,465.5,465.5,0,0,465,0,NA,NA,NA,NA,NA,NA,0.471,0,465,0.6873,0.5097,0,0.6873,0,Bayes-M17-med
Idjwi,Sud-Kivu,1,FALSE,0,0,0,0,465.5,465.5,465.5,0,0,465,0,NA,NA,NA,NA,NA,NA,0.3007,0,466,0.2992,0.8224,0,0.0811,0,Bayes-M17-med
Boma Mangbetu,Haut-Uele,1,TRUE,NA,NA,NA,NA,NA,NA,NA,NA,NA,NA,NA,NA,NA,NA,NA,NA,NA,0.4122,NA,NA,0.2857,0.5039,0,0.8591,0,Bayes-M17-med
Gombari,Haut-Uele,1,TRUE,NA,NA,NA,NA,NA,NA,NA,NA,NA,NA,NA,NA,NA,NA,NA,NA,NA,0.5772,NA,NA,0.9633,0.8012,0,0.5444,0,Bayes-M17-med
Isiro,Haut-Uele,1,TRUE,NA,NA,NA,NA,NA,NA,NA,NA,NA,NA,NA,NA,NA,NA,NA,NA,NA,0.5253,NA,NA,0.39,0.7587,0,0.9527,0,Bayes-M17-med
Pawa,Haut-Uele,1,TRUE,NA,NA,NA,NA,NA,NA,NA,NA,NA,NA,NA,NA,NA,NA,NA,NA,NA,0.4315,NA,NA,0.2934,0.5734,0,0.8591,0,Bayes-M17-med
Rungu,Haut-Uele,1,TRUE,NA,NA,NA,NA,NA,NA,NA,NA,NA,NA,NA,NA,NA,NA,NA,NA,NA,0.6474,NA,NA,0.8224,0.8031,0,0.9643,0,Bayes-M17-med
Wamba,Haut-Uele,1,TRUE,NA,NA,NA,NA,NA,NA,NA,NA,NA,NA,NA,NA,NA,NA,NA,NA,NA,0.4817,NA,NA,0.6737,0.4363,0,0.8166,0,Bayes-M17-med
Adja,Ituri,1,TRUE,NA,NA,NA,NA,NA,NA,NA,NA,NA,NA,NA,NA,NA,NA,NA,NA,NA,0.2645,NA,NA,0.249,0.4286,0,0.3803,0,Bayes-M17-med
Ariwara,Ituri,1,TRUE,NA,NA,NA,NA,NA,NA,NA,NA,NA,NA,NA,NA,NA,NA,NA,NA,NA,0.2862,NA,NA,0.1988,0.6988,0,0.2471,0,Bayes-M17-med
Aru,Ituri,1,TRUE,NA,NA,NA,NA,NA,NA,NA,NA,NA,NA,NA,NA,NA,NA,NA,NA,NA,0.3528,NA,NA,0.3012,0.8417,0,0.2683,0,Bayes-M17-med
Aungba,Ituri,1,TRUE,NA,NA,NA,NA,NA,NA,NA,NA,NA,NA,NA,NA,NA,NA,NA,NA,NA,0.3354,NA,NA,0.3108,0.6564,0,0.3745,0,Bayes-M17-med
Kambala,Ituri,1,TRUE,NA,NA,NA,NA,NA,NA,NA,NA,NA,NA,NA,NA,NA,NA,NA,NA,NA,0.347,NA,NA,0.3668,0.612,0,0.4093,0,Bayes-M17-med
Logo,Ituri,1,TRUE,NA,NA,NA,NA,NA,NA,NA,NA,NA,NA,NA,NA,NA,NA,NA,NA,NA,0.2384,NA,NA,0.1757,0.5927,0,0.1853,0,Bayes-M17-med
Mahagi,Ituri,1,TRUE,NA,NA,NA,NA,NA,NA,NA,NA,NA,NA,NA,NA,NA,NA,NA,NA,NA,0.2292,NA,NA,0.1718,0.6004,0,0.1448,0,Bayes-M17-med
Rimba,Ituri,1,TRUE,NA,NA,NA,NA,NA,NA,NA,NA,NA,NA,NA,NA,NA,NA,NA,NA,NA,0.306,NA,NA,0.2008,0.7124,0,0.3108,0,Bayes-M17-med
Bambu,Ituri,1,TRUE,NA,NA,NA,NA,NA,NA,NA,NA,NA,NA,NA,NA,NA,NA,NA,NA,NA,0.2399,NA,NA,0.2046,0.4691,0,0.2857,0,Bayes-M17-med
Boga,Ituri,1,TRUE,NA,NA,NA,NA,NA,NA,NA,NA,NA,NA,NA,NA,NA,NA,NA,NA,NA,0.264,NA,NA,0.3861,0.36870000000000003,0,0.3012,0,Bayes-M17-med
Bunia,Ituri,1,TRUE,NA,NA,NA,NA,NA,NA,NA,NA,NA,NA,NA,NA,NA,NA,NA,NA,NA,0.2326,NA,NA,0.1178,0.5637,0,0.249,0,Bayes-M17-med
Damas,Ituri,1,TRUE,NA,NA,NA,NA,NA,NA,NA,NA,NA,NA,NA,NA,NA,NA,NA,NA,NA,0.3224,NA,NA,0.4479,0.3282,0,0.5135,0,Bayes-M17-med
Drodro,Ituri,1,TRUE,NA,NA,NA,NA,NA,NA,NA,NA,NA,NA,NA,NA,NA,NA,NA,NA,NA,0.2674,NA,NA,0.2066,0.5907,0,0.2722,0,Bayes-M17-med
Fataki,Ituri,1,TRUE,NA,NA,NA,NA,NA,NA,NA,NA,NA,NA,NA,NA,NA,NA,NA,NA,NA,0.3185,NA,NA,0.2259,0.7201,0,0.3282,0,Bayes-M17-med
Gety,Ituri,1,TRUE,NA,NA,NA,NA,NA,NA,NA,NA,NA,NA,NA,NA,NA,NA,NA,NA,NA,0.2592,NA,NA,0.3359,0.2973,0,0.4035,0,Bayes-M17-med
Kilo,Ituri,1,TRUE,NA,NA,NA,NA,NA,NA,NA,NA,NA,NA,NA,NA,NA,NA,NA,NA,NA,0.1448,NA,NA,0.2201,0.0502,0,0.3089,0,Bayes-M17-med
Komanda,Ituri,1,TRUE,NA,NA,NA,NA,NA,NA,NA,NA,NA,NA,NA,NA,NA,NA,NA,NA,NA,0.2341,NA,NA,0.3089,0.1197,0,0.5077,0,Bayes-M17-med
Lita,Ituri,1,TRUE,NA,NA,NA,NA,NA,NA,NA,NA,NA,NA,NA,NA,NA,NA,NA,NA,NA,0.306,NA,NA,0.2761,0.7046,0,0.2432,0,Bayes-M17-med
Lolwa,Ituri,1,TRUE,NA,NA,NA,NA,NA,NA,NA,NA,NA,NA,NA,NA,NA,NA,NA,NA,NA,0.3205,NA,NA,0.6429,0,0,0.639,0,Bayes-M17-med
Mambasa,Ituri,1,TRUE,NA,NA,NA,NA,NA,NA,NA,NA,NA,NA,NA,NA,NA,NA,NA,NA,NA,0.4324,NA,NA,0.8842,0.2625,0,0.583,0,Bayes-M17-med
Mandima,Ituri,1,TRUE,NA,NA,NA,NA,NA,NA,NA,NA,NA,NA,NA,NA,NA,NA,NA,NA,NA,0.2659,NA,NA,0.4846,0.2896,0,0.2896,0,Bayes-M17-med
Mangala,Ituri,1,TRUE,NA,NA,NA,NA,NA,NA,NA,NA,NA,NA,NA,NA,NA,NA,NA,NA,NA,0.3021,NA,NA,0.305,0.6158,0,0.2876,0,Bayes-M17-med
Mongbwalu,Ituri,1,TRUE,NA,NA,NA,NA,NA,NA,NA,NA,NA,NA,NA,NA,NA,NA,NA,NA,NA,0.2616,NA,NA,0.4112,0.1834,0,0.4517,0,Bayes-M17-med
Nia Nia,Ituri,1,TRUE,NA,NA,NA,NA,NA,NA,NA,NA,NA,NA,NA,NA,NA,NA,NA,NA,NA,0.2978,NA,NA,0.666,0.0212,0,0.5039,0,Bayes-M17-med
Nizi,Ituri,1,TRUE,NA,NA,NA,NA,NA,NA,NA,NA,NA,NA,NA,NA,NA,NA,NA,NA,NA,0.1771,NA,NA,0.1544,0.3378,0,0.2162,0,Bayes-M17-med
Nyankunde,Ituri,1,TRUE,NA,NA,NA,NA,NA,NA,NA,NA,NA,NA,NA,NA,NA,NA,NA,NA,NA,0.2514,NA,NA,0.2838,0.2432,0,0.4788,0,Bayes-M17-med
Rwampara,Ituri,1,TRUE,NA,NA,NA,NA,NA,NA,NA,NA,NA,NA,NA,NA,NA,NA,NA,NA,NA,0.319,NA,NA,0.2375,0.7452,0,0.2934,0,Bayes-M17-med
Tchomia,Ituri,1,TRUE,NA,NA,NA,NA,NA,NA,NA,NA,NA,NA,NA,NA,NA,NA,NA,NA,NA,0.1998,NA,NA,0.2104,0.3745,0,0.2143,0,Bayes-M17-med
Beni,Nord-Kivu,1,TRUE,NA,NA,NA,NA,NA,NA,NA,NA,NA,NA,NA,NA,NA,NA,NA,NA,NA,0.1559,NA,NA,0.1525,0.2297,0,0.2413,0,Bayes-M17-med
Butembo,Nord-Kivu,1,TRUE,NA,NA,NA,NA,NA,NA,NA,NA,NA,NA,NA,NA,NA,NA,NA,NA,NA,0.1829,NA,NA,0.1139,0.388,0,0.2297,0,Bayes-M17-med
Kalunguta,Nord-Kivu,1,TRUE,NA,NA,NA,NA,NA,NA,NA,NA,NA,NA,NA,NA,NA,NA,NA,NA,NA,0.1559,NA,NA,0.195,0.2066,0,0.222,0,Bayes-M17-med
Katwa,Nord-Kivu,1,TRUE,NA,NA,NA,NA,NA,NA,NA,NA,NA,NA,NA,NA,NA,NA,NA,NA,NA,0.1998,NA,NA,0.0869,0.4846,0,0.2278,0,Bayes-M17-med
Kyondo,Nord-Kivu,1,TRUE,NA,NA,NA,NA,NA,NA,NA,NA,NA,NA,NA,NA,NA,NA,NA,NA,NA,0.3238,NA,NA,0.2954,0.7973,0,0.2027,0,Bayes-M17-med
Lubero,Nord-Kivu,1,TRUE,NA,NA,NA,NA,NA,NA,NA,NA,NA,NA,NA,NA,NA,NA,NA,NA,NA,0.4585,NA,NA,0.5734,0.9382,0,0.3224,0,Bayes-M17-med
Mabalako,Nord-Kivu,1,TRUE,NA,NA,NA,NA,NA,NA,NA,NA,NA,NA,NA,NA,NA,NA,NA,NA,NA,0.1573,NA,NA,0.1931,0.2046,0,0.2317,0,Bayes-M17-med
Masereka,Nord-Kivu,1,TRUE,NA,NA,NA,NA,NA,NA,NA,NA,NA,NA,NA,NA,NA,NA,NA,NA,NA,0.36870000000000003,NA,NA,0.2548,0.9807,0,0.2394,0,Bayes-M17-med
Musienene,Nord-Kivu,1,TRUE,NA,NA,NA,NA,NA,NA,NA,NA,NA,NA,NA,NA,NA,NA,NA,NA,NA,0.319,NA,NA,0.2645,0.7317,0,0.2799,0,Bayes-M17-med
Oicha,Nord-Kivu,1,TRUE,NA,NA,NA,NA,NA,NA,NA,NA,NA,NA,NA,NA,NA,NA,NA,NA,NA,0.3364,NA,NA,0.3243,0.7606,0,0.2606,0,Bayes-M17-med
Vuhovi,Nord-Kivu,1,TRUE,NA,NA,NA,NA,NA,NA,NA,NA,NA,NA,NA,NA,NA,NA,NA,NA,NA,0.2611,NA,NA,0.2027,0.6178,0,0.2239,0,Bayes-M17-med
Goma,Nord-Kivu,1,TRUE,NA,NA,NA,NA,NA,NA,NA,NA,NA,NA,NA,NA,NA,NA,NA,NA,NA,0.2669,NA,NA,0.1274,0.8977,0,0.0425,0,Bayes-M17-med
Miti Murhesa,Sud-Kivu,1,TRUE,NA,NA,NA,NA,NA,NA,NA,NA,NA,NA,NA,NA,NA,NA,NA,NA,NA,0.3277,NA,NA,0.2355,0.9131,0,0.1622,0,Bayes-M17-med
Bafwasende,Tshopo,1,TRUE,NA,NA,NA,NA,NA,NA,NA,NA,NA,NA,NA,NA,NA,NA,NA,NA,NA,0.4546,NA,NA,0.9073,0.2413,0,0.6699,0,Bayes-M17-med
Kabondo,Tshopo,1,TRUE,NA,NA,NA,NA,NA,NA,NA,NA,NA,NA,NA,NA,NA,NA,NA,NA,NA,0.18,NA,NA,0.1911,0.2722,0,0.2568,0,Bayes-M17-med
Lubunga (Tshopo),Tshopo,1,TRUE,NA,NA,NA,NA,NA,NA,NA,NA,NA,NA,NA,NA,NA,NA,NA,NA,NA,0.2288,NA,NA,0.2452,0.3436,0,0.3263,0,Bayes-M17-med
Makiso Kisangani,Tshopo,1,TRUE,NA,NA,NA,NA,NA,NA,NA,NA,NA,NA,NA,NA,NA,NA,NA,NA,NA,0.2355,NA,NA,0.1332,0.5309,0,0.278,0,Bayes-M17-med
Mangobo,Tshopo,1,TRUE,NA,NA,NA,NA,NA,NA,NA,NA,NA,NA,NA,NA,NA,NA,NA,NA,NA,0.2061,NA,NA,0.0792,0.4382,0,0.3069,0,Bayes-M17-med
Wanierukula,Tshopo,1,TRUE,NA,NA,NA,NA,NA,NA,NA,NA,NA,NA,NA,NA,NA,NA,NA,NA,NA,0.473,NA,NA,0.8436,0.5521,0,0.4961,0,Bayes-M17-med
Watsa,Haut-Uele,2,FALSE,0.5462,0.4508,0.6444,0.5452,1,1,2,0.7987,39.6268,1,1,NA,NA,NA,NA,3.6079,1,0.4797,1,1,0.7297,0.8436,0,0.3456,0,Bayes-M17-med
Rethy,Ituri,2,FALSE,0.5401,0.4375,0.6471,0.5392,2,1,2,0.7868,39.0358,2,0.9889,2.877,1,NA,NA,NA,NA,0.2703,0.5571,2,0.2143,0.6081,0,0.2587,0,Bayes-M17-med
Nyarambe,Ituri,2,FALSE,0.3171,0.2464,0.3969,0.3146,3,3,3,0.3837,19.0351,3,0.5805,1.4029,2,NA,NA,NA,NA,0.1805,0.2184,11,0.1699,0.4595,0,0.0927,0,Bayes-M17-med
Mutwanga,Nord-Kivu,2,FALSE,0.2977,0.2343,0.3679,0.2958,4,4,4,0.3552,17.6208,4,0.5451,NA,NA,3.6263,1,NA,NA,0.2408,0.2737,8,0.2606,0.4672,0,0.2355,0,Bayes-M17-med
Biringi,Ituri,2,FALSE,0.2767,0.21560000000000001,0.3463,0.2745,5,5,5,0.3255,16.1495,5,0.5067,1.1902,3,NA,NA,NA,NA,0.3494,0.369,4,0.3958,0.4865,0,0.5154,0,Bayes-M17-med
Kayna,Nord-Kivu,2,FALSE,0.2208,0.1722,0.2755,0.219,6,6,7,0.2503,12.4193,6,0.4043,NA,NA,2.5559,2,NA,NA,0.3113,0.2623,10,0.2278,0.6332,0,0.3842,0,Bayes-M17-med
Makoro,Haut-Uele,2,FALSE,0.2173,0.1675,0.2746,0.2153,7,6,7,0.2459,12.1984,7,0.3979,NA,NA,NA,NA,1.1106,2,0.3822,0.317,6,0.556,0.5483,0,0.4247,0,Bayes-M17-med
Dungu,Haut-Uele,2,FALSE,0.2042,0.157,0.2591,0.2023,8,8,8,0.2292,11.3732,8,0.374,NA,NA,NA,NA,1.0355,3,0.5275,0.4112,3,0.8726,0.5598,0,0.6776,0,Bayes-M17-med
Angumu,Ituri,2,FALSE,0.1736,0.1319,0.2219,0.1719,9,9,9,0.1913,9.4904,9,0.3179,0.6995,4,NA,NA,NA,NA,0.11,0.0729,36,0.1641,0.1641,0,0.112,0,Bayes-M17-med
Karisimbi,Nord-Kivu,2,FALSE,0.1589,0.1223,0.2003,0.1574,10,10,11,0.1734,8.6054,10,0.2909,NA,NA,1.771,3,NA,NA,0.1597,0.0969,27,0.0907,0.5154,0,0.0328,0,Bayes-M17-med
Biena,Nord-Kivu,2,FALSE,0.1537,0.1204,0.1906,0.1522,11,10,11,0.1672,8.2959,11,0.2814,NA,NA,1.7073,4,NA,NA,0.2013,0.1181,23,0.251,0.166,0,0.388,0,Bayes-M17-med
Bafwagbogbo,Tshopo,2,FALSE,0.1414,0.1075,0.1814,0.1398,12,12,13,0.1528,7.5832,12,0.259,NA,NA,NA,NA,NA,NA,0.3948,0.2131,12,0.8591,0.027,0,0.6931,0,Bayes-M17-med
Niangara,Haut-Uele,2,FALSE,0.1358,0.1019,0.1748,0.1342,13,13,14,0.1463,7.257,13,0.2486,NA,NA,NA,NA,0.6607,4,0.5512,0.2856,7,0.8031,0.4324,0,0.9691,0,Bayes-M17-med
Laybo,Ituri,2,FALSE,0.1245,0.0879,0.1688,0.1231,14,12,20,0.1334,6.6171,14,0.228,0.4877,5,NA,NA,NA,NA,0.3393,0.1612,18,0.3069,0.556,0,0.4942,0,Bayes-M17-med
Viadana,Bas-Uele,2,FALSE,0.1231,0.0919,0.1595,0.1217,15,14,18,0.1317,6.5341,15,0.2255,NA,NA,NA,NA,NA,NA,0.6846,0.3218,5,0.9131,0.9788,0,0.8465,0,Bayes-M17-med
Nyiragongo,Nord-Kivu,2,FALSE,0.1206,0.0923,0.1532,0.1193,16,14,18,0.1288,6.3882,16,0.2208,NA,NA,1.3147,5,NA,NA,0.2891,0.1331,20,0.2432,0.8764,0,0.0367,0,Bayes-M17-med
Linga,Ituri,2,FALSE,0.1179,0.0877,0.1536,0.1164,17,16,19,0.1257,6.2364,17,0.2158,0.4596,6,NA,NA,NA,NA,0.2148,0.0966,28,0.1969,0.3417,0,0.3205,0,Bayes-M17-med
Rutshuru,Nord-Kivu,2,FALSE,0.1173,0.0903,0.1481,0.1162,18,16,19,0.125,6.2016,18,0.2148,NA,NA,1.2763,6,NA,NA,0.3721,0.1666,16,0.4093,0.9942,0,0.0849,0,Bayes-M17-med
Adi,Ituri,2,FALSE,0.1149,0.0828,0.15310000000000001,0.1137,19,15,23,0.1223,6.0694,19,0.2104,0.4473,7,NA,NA,NA,NA,0.3977,0.1744,14,0.2587,0.7104,0,0.6216,0,Bayes-M17-med
Jiba,Ituri,2,FALSE,0.1121,0.0832,0.1463,0.1106,20,18,22,0.1192,5.9129,20,0.2053,0.4358,8,NA,NA,NA,NA,0.1651,0.0706,38,0.1815,0.1274,0,0.3514,0,Bayes-M17-med
Kirotshe,Nord-Kivu,2,FALSE,0.1104,0.0845,0.1398,0.1092,21,18,21,0.1171,5.8111,21,0.2021,NA,NA,1.1959,7,NA,NA,0.3842,0.1618,17,0.3764,0.9961,0,0.1641,0,Bayes-M17-med
Alimbongo,Nord-Kivu,2,FALSE,0.107,0.0821,0.1354,0.1059,22,20,22,0.1133,5.6224,22,0.1959,NA,NA,1.1571,8,NA,NA,0.4262,0.174,15,0.5849,0.7471,0,0.3726,0,Bayes-M17-med
Poko,Bas-Uele,2,FALSE,0.0983,0.0738,0.1269,0.0972,23,22,25,0.1037,5.1435,23,0.18,NA,NA,NA,NA,NA,NA,0.7271,0.2729,9,0.9923,0.9517,0,0.9643,0,Bayes-M17-med
Manguredjipa,Nord-Kivu,2,FALSE,0.098,0.077,0.1225,0.0971,24,21,24,0.1032,5.1225,24,0.1794,NA,NA,1.0542,9,NA,NA,0.3475,0.13,21,0.778,0.0579,0,0.5541,0,Bayes-M17-med
Tshopo,Tshopo,2,FALSE,0.0913,0.0701,0.1148,0.0902,25,24,27,0.0958,4.7543,25,0.1671,NA,NA,NA,NA,NA,NA,0.2466,0.0859,33,0.361,0.334,0,0.2915,0,Bayes-M17-med
Rwanguba,Nord-Kivu,2,FALSE,0.0909,0.0696,0.1154,0.09,26,25,26,0.0955,4.7369,26,0.1665,NA,NA,0.9749,10,NA,NA,0.2442,0.0848,34,0.2085,0.7027,0,0.0656,0,Bayes-M17-med
Kamango,Nord-Kivu,2,FALSE,0.0885,0.0673,0.113,0.0875,27,26,27,0.0927,4.6007,27,0.162,NA,NA,0.9468,11,NA,NA,0.4373,0.1476,19,0.6583,0.917,0,0.1737,0,Bayes-M17-med
Kibirizi,Nord-Kivu,2,FALSE,0.077,0.0589,0.0979,0.0762,28,28,28,0.0802,3.9815,28,0.1411,NA,NA,0.8194,12,NA,NA,0.4175,0.1227,22,0.5405,0.8552,0,0.2741,0,Bayes-M17-med
Ganga,Bas-Uele,2,FALSE,0.0647,0.0481,0.0843,0.0639,29,29,32,0.067,3.3228,29,0.1185,NA,NA,NA,NA,NA,NA,0.7218,0.1783,13,0.9672,0.9556,0,0.9643,0,Bayes-M17-med
Faradje,Haut-Uele,2,FALSE,0.0635,0.0479,0.082,0.0627,30,30,31,0.0656,3.257,30,0.1162,NA,NA,NA,NA,0.2965,5,0.4474,0.1084,25,0.7606,0.666,0,0.3629,0,Bayes-M17-med
Ibanda,Sud-Kivu,2,FALSE,0.0633,0.048,0.0812,0.0625,31,29,31,0.0655,3.2484,31,0.1159,NA,NA,NA,NA,NA,NA,0.2307,0.0558,48,0.083,0.6216,0,0.2181,0,Bayes-M17-med
Minova,Sud-Kivu,2,FALSE,0.0622,0.0472,0.0795,0.0615,32,30,32,0.0643,3.1885,32,0.1139,NA,NA,NA,NA,NA,NA,0.3866,0.0918,30,0.4421,0.9826,0,0.1216,0,Bayes-M17-med
Banalia,Tshopo,2,FALSE,0.0577,0.0435,0.0745,0.0568,33,33,35,0.0594,2.9488,33,0.1056,NA,NA,NA,NA,NA,NA,0.4242,0.0934,29,0.7799,0.1178,0,0.7992,0,Bayes-M17-med
Mweso,Nord-Kivu,2,FALSE,0.0571,0.0433,0.0731,0.0564,34,33,35,0.0588,2.9181,34,0.1045,NA,NA,0.6005,13,NA,NA,0.4189,0.0913,31,0.4498,0.9614,0,0.2645,0,Bayes-M17-med
Nsele,Kinshasa,2,FALSE,0.0568,0.0428,0.0736,0.0561,35,33,35,0.0586,2.9054,35,0.1041,NA,NA,NA,NA,NA,NA,0.1583,0.0343,55,0.139,0.3996,0,0.0946,0,Bayes-M17-med
Aba,Haut-Uele,2,FALSE,0.0542,0.0404,0.0706,0.0535,36,36,37,0.0558,2.7684,36,0.0993,NA,NA,NA,NA,0.2521,6,0.569,0.1178,24,0.6004,0.6853,0,0.9903,0,Bayes-M17-med
Masisi,Nord-Kivu,2,FALSE,0.0534,0.0404,0.0683,0.0527,37,36,37,0.0549,2.7224,37,0.0977,NA,NA,0.5603,14,NA,NA,0.4402,0.0896,32,0.4324,0.9575,0,0.3707,0,Bayes-M17-med
Gombe,Kinshasa,2,FALSE,0.0521,0.0393,0.0675,0.0515,38,38,38,0.0536,2.6573,38,0.0954,NA,NA,NA,NA,NA,NA,0.1622,0.0323,57,0.0695,0.5695,0,0.0097,0,Bayes-M17-med
Binza,Nord-Kivu,2,FALSE,0.0484,0.0367,0.0619,0.0478,39,39,39,0.0496,2.4611,39,0.0886,NA,NA,0.5065,15,NA,NA,0.3518,0.0649,41,0.471,0.8378,0,0.0985,0,Bayes-M17-med
Bambo,Nord-Kivu,2,FALSE,0.0478,0.0363,0.0611,0.0472,40,40,41,0.049,2.4314,40,0.0875,NA,NA,0.5004,16,NA,NA,0.3962,0.0723,37,0.5521,0.9073,0,0.1255,0,Bayes-M17-med
Kadutu,Sud-Kivu,2,FALSE,0.0478,0.0362,0.0613,0.0472,41,40,41,0.049,2.4294,41,0.0874,NA,NA,NA,NA,NA,NA,0.1636,0.0298,65,0.0579,0.3861,0,0.2104,0,Bayes-M17-med
Katana,Sud-Kivu,2,FALSE,0.0463,0.0349,0.0598,0.0457,42,42,42,0.0474,2.3529,42,0.0847,NA,NA,NA,NA,NA,NA,0.3224,0.057,46,0.2471,0.9112,0,0.1313,0,Bayes-M17-med
Kabare,Sud-Kivu,2,FALSE,0.0441,0.0334,0.0569,0.0436,43,43,43,0.0452,2.2412,43,0.0808,NA,NA,NA,NA,NA,NA,0.3567,0.0601,45,0.2394,0.9884,0,0.1988,0,Bayes-M17-med
Binza Ozone,Kinshasa,2,FALSE,0.0419,0.0315,0.0542,0.0414,44,44,44,0.0428,2.1228,44,0.0766,NA,NA,NA,NA,NA,NA,0.152,0.0243,73,0.0734,0.5232,0,0.0116,0,Bayes-M17-med
Limete,Kinshasa,2,FALSE,0.0413,0.0311,0.0534,0.0408,45,45,45,0.0422,2.0929,45,0.0756,NA,NA,NA,NA,NA,NA,0.056,0.0088,136,0.0405,0.1371,0,0.0463,0,Bayes-M17-med
Uvira,Sud-Kivu,2,FALSE,0.0399,0.0301,0.0514,0.0394,46,46,46,0.0408,2.0232,46,0.0731,NA,NA,NA,NA,NA,NA,0.5502,0.0839,35,0.2181,0.9846,0,0.9981,0,Bayes-M17-med
Buta,Bas-Uele,2,FALSE,0.0372,0.028,0.0484,0.0367,47,47,48,0.038,1.8837,47,0.0682,NA,NA,NA,NA,NA,NA,0.7225,0.1027,26,0.9749,0.9923,0,0.9228,0,Bayes-M17-med
Kokolo,Kinshasa,2,FALSE,0.0368,0.0276,0.0477,0.0363,48,47,48,0.0375,1.8596,48,0.0673,NA,NA,NA,NA,NA,NA,0.2172,0.0305,64,0.0772,0.7722,0,0.0193,0,Bayes-M17-med
Lingwala,Kinshasa,2,FALSE,0.0359,0.027,0.0466,0.0355,49,49,50,0.0366,1.8167,49,0.0658,NA,NA,NA,NA,NA,NA,0.0323,0.0044,240,0.0232,0.0907,0,0.0154,0,Bayes-M17-med
Katoyi,Nord-Kivu,2,FALSE,0.0358,0.0271,0.046,0.0354,50,49,50,0.0365,1.8102,50,0.0656,NA,NA,0.3725,17,NA,NA,0.4542,0.0621,43,0.4614,0.9595,0,0.3958,0,Bayes-M17-med
Kinshasa,Kinshasa,2,FALSE,0.034,0.0256,0.044,0.0336,51,51,51,0.0346,1.7156,51,0.0622,NA,NA,NA,NA,NA,NA,0.0203,0.0026,341,0.0135,0.0463,0,0.0212,0,Bayes-M17-med
Walungu,Sud-Kivu,2,FALSE,0.033,0.0249,0.0424,0.0326,52,52,52,0.0335,1.6641,52,0.0604,NA,NA,NA,NA,NA,NA,0.3248,0.0409,50,0.1853,0.8803,0,0.2336,0,Bayes-M17-med
Kalamu 1,Kinshasa,2,FALSE,0.0323,0.0242,0.0419,0.0319,53,53,54,0.0328,1.6274,53,0.0591,NA,NA,NA,NA,NA,NA,0.0309,0.0038,270,0.0193,0.0734,0,0.0309,0,Bayes-M17-med
Kasa Vubu,Kinshasa,2,FALSE,0.0321,0.0241,0.0417,0.0317,54,54,55,0.0326,1.6186,54,0.0587,NA,NA,NA,NA,NA,NA,0.0444,0.0054,212,0.0309,0.1216,0,0.0251,0,Bayes-M17-med
Walikale,Nord-Kivu,2,FALSE,0.032,0.0241,0.0414,0.0316,55,53,55,0.0326,1.6156,55,0.0586,NA,NA,0.3325,18,NA,NA,0.5729,0.07,39,0.9459,0.9286,0,0.417,0,Bayes-M17-med
Ruzizi,Sud-Kivu,2,FALSE,0.0311,0.0235,0.0401,0.0307,56,56,56,0.0316,1.57,56,0.057,NA,NA,NA,NA,NA,NA,0.5627,0.0669,40,0.3494,0.9093,0,0.9923,0,Bayes-M17-med
Lemba,Kinshasa,2,FALSE,0.03,0.0226,0.039,0.0297,57,57,57,0.0305,1.5131,57,0.055,NA,NA,NA,NA,NA,NA,0.1023,0.0117,115,0.0483,0.3069,0,0.0541,0,Bayes-M17-med
Masina 1,Kinshasa,2,FALSE,0.0288,0.0216,0.0375,0.0284,58,58,59,0.0292,1.4504,58,0.0527,NA,NA,NA,NA,NA,NA,0.0193,0.0021,379,0.0077,0.0077,0,0.0618,0,Bayes-M17-med
Kintambo,Kinshasa,2,FALSE,0.0285,0.0214,0.037,0.0281,60,59,61,0.0289,1.4336,60,0.0521,NA,NA,NA,NA,NA,NA,0.0338,0.0037,279,0.0212,0.1004,0,0.0135,0,Bayes-M17-med
Fizi,Sud-Kivu,2,FALSE,0.0285,0.0215,0.0369,0.0282,59,59,60,0.029,1.4374,59,0.0523,NA,NA,NA,NA,NA,NA,0.5637,0.0614,44,0.7432,0.9691,0,0.5425,0,Bayes-M17-med
Bengamisa,Tshopo,2,FALSE,0.0276,0.0209,0.0353,0.0273,61,61,61,0.028,1.3894,61,0.0505,NA,NA,NA,NA,NA,NA,0.3012,0.0317,58,0.612,0.2162,0,0.3764,0,Bayes-M17-med
Birambizo,Nord-Kivu,2,FALSE,0.027,0.0204,0.0347,0.0267,62,62,63,0.0274,1.3604,62,0.0495,NA,NA,0.28,19,NA,NA,0.3625,0.0374,52,0.4035,0.89,0,0.1564,0,Bayes-M17-med
Kalehe,Sud-Kivu,2,FALSE,0.0269,0.0203,0.0346,0.0265,63,63,64,0.0272,1.3515,63,0.0492,NA,NA,NA,NA,NA,NA,0.3369,0.0345,54,0.3417,0.8649,0,0.1409,0,Bayes-M17-med
Pinga,Nord-Kivu,2,FALSE,0.0257,0.0193,0.0332,0.0253,64,64,66,0.026,1.2898,64,0.047,NA,NA,0.2654,20,NA,NA,0.57,0.0558,47,0.9595,0.7548,0,0.5656,0,Bayes-M17-med
Bagira,Sud-Kivu,2,FALSE,0.0254,0.0192,0.0325,0.0251,65,65,66,0.0257,1.2765,65,0.0465,NA,NA,NA,NA,NA,NA,0.236,0.0229,76,0.1004,0.6371,0,0.2066,0,Bayes-M17-med
Yakusu,Tshopo,2,FALSE,0.0253,0.0196,0.0319,0.025,66,58,73,0.0256,1.2724,66,0.0463,NA,NA,NA,NA,NA,NA,0.319,0.0308,63,0.4208,0.2085,0,0.6467,0,Bayes-M17-med
Masina 2,Kinshasa,2,FALSE,0.0248,0.0186,0.0323,0.0245,67,66,70,0.0252,1.2478,67,0.0455,NA,NA,NA,NA,NA,NA,0.0265,0.0025,347,0.0174,0.0193,0,0.0695,0,Bayes-M17-med
Bondo,Bas-Uele,2,FALSE,0.0247,0.0188,0.0316,0.0245,68,65,69,0.0251,1.2431,69,0.0453,NA,NA,NA,NA,NA,NA,0.6737,0.0636,42,0.9961,0.9981,0,0.7008,0,Bayes-M17-med
Bandalungwa,Kinshasa,2,FALSE,0.0247,0.0186,0.0321,0.0244,68,67,69,0.0251,1.2438,68,0.0453,NA,NA,NA,NA,NA,NA,0.0709,0.0067,177,0.0328,0.2336,0,0.0174,0,Bayes-M17-med
Binza Meteo,Kinshasa,2,FALSE,0.0241,0.0181,0.0312,0.0238,70,69,71,0.0244,1.2104,70,0.0441,NA,NA,NA,NA,NA,NA,0.2558,0.0235,75,0.0965,0.8996,0,0.027,0,Bayes-M17-med
Isangi,Tshopo,2,FALSE,0.0239,0.0182,0.0304,0.0237,71,68,72,0.0242,1.2024,71,0.0438,NA,NA,NA,NA,NA,NA,0.3837,0.0351,53,0.4054,0.4073,0,0.722,0,Bayes-M17-med
Nyantende,Sud-Kivu,2,FALSE,0.0237,0.0179,0.0305,0.0234,72,70,72,0.024,1.1904,72,0.0434,NA,NA,NA,NA,NA,NA,0.3219,0.0291,68,0.1486,0.8938,0,0.2452,0,Bayes-M17-med
Lemera,Sud-Kivu,2,FALSE,0.0231,0.0174,0.0298,0.0228,73,72,73,0.0234,1.1613,73,0.0423,NA,NA,NA,NA,NA,NA,0.5613,0.0495,49,0.3629,0.9015,0,0.9807,0,Bayes-M17-med
Mubumbano,Sud-Kivu,2,FALSE,0.0227,0.0171,0.0292,0.0224,74,74,74,0.023,1.1389,74,0.0415,NA,NA,NA,NA,NA,NA,0.3658,0.0317,59,0.2683,0.9402,0,0.2548,0,Bayes-M17-med
Nyemba,Tanganyika,2,FALSE,0.0223,0.0168,0.0289,0.022,75,75,75,0.0225,1.1185,75,0.0408,NA,NA,NA,NA,NA,NA,0.3456,0.0294,67,0.5965,0.4556,0,0.3301,0,Bayes-M17-med
Kikimi,Kinshasa,2,FALSE,0.0214,0.0161,0.0279,0.0211,76,76,77,0.0216,1.0742,76,0.0392,NA,NA,NA,NA,NA,NA,0.0835,0.0068,174,0.056,0.1911,0,0.0869,0,Bayes-M17-med
Mont Ngafula 1,Kinshasa,2,FALSE,0.0213,0.016,0.0276,0.021,77,77,78,0.0215,1.0682,77,0.039,NA,NA,NA,NA,NA,NA,0.2066,0.0168,97,0.1371,0.6313,0,0.0579,0,Bayes-M17-med
Lubutu,Maniema,2,FALSE,0.0212,0.016,0.0273,0.0209,78,76,78,0.0214,1.0639,78,0.0388,NA,NA,NA,NA,NA,NA,0.4706,0.0381,51,0.8205,0.2819,0,0.7799,0,Bayes-M17-med
Matete,Kinshasa,2,FALSE,0.0209,0.0157,0.0271,0.0206,79,79,79,0.0211,1.0464,79,0.0382,NA,NA,NA,NA,NA,NA,0.0492,0.0039,262,0.0251,0.1158,0,0.056,0,Bayes-M17-med
Barumbu,Kinshasa,2,FALSE,0.0207,0.0155,0.0269,0.0204,80,80,80,0.0209,1.0377,80,0.0379,NA,NA,NA,NA,NA,NA,0.014,0.0011,430,0.0097,0.0232,0,0.0232,0,Bayes-M17-med
Mwana,Sud-Kivu,2,FALSE,0.0201,0.0151,0.0259,0.0198,81,81,81,0.0203,1.0062,81,0.0367,NA,NA,NA,NA,NA,NA,0.3731,0.0286,69,0.2896,0.9035,0,0.2992,0,Bayes-M17-med
Mont Ngafula 2,Kinshasa,2,FALSE,0.0196,0.0147,0.0254,0.0193,82,82,82,0.0198,0.9803,82,0.0358,NA,NA,NA,NA,NA,NA,0.0951,0.0071,168,0.0849,0.2568,0,0.0386,0,Bayes-M17-med
Selembao,Kinshasa,2,FALSE,0.0193,0.0145,0.0249,0.019,83,83,85,0.0195,0.9657,83,0.0353,NA,NA,NA,NA,NA,NA,0.0676,0.005,222,0.0444,0.1815,0,0.0444,0,Bayes-M17-med
Kaniola,Sud-Kivu,2,FALSE,0.0192,0.0145,0.0248,0.019,84,83,84,0.0194,0.9624,84,0.0352,NA,NA,NA,NA,NA,NA,0.4513,0.0331,56,0.5328,0.9305,0,0.3417,0,Bayes-M17-med
Nyangezi,Sud-Kivu,2,FALSE,0.0191,0.0144,0.0245,0.0188,85,84,85,0.0192,0.9551,85,0.0349,NA,NA,NA,NA,NA,NA,0.36870000000000003,0.0268,70,0.222,0.8842,0,0.36870000000000003,0,Bayes-M17-med
Bunyakiri,Sud-Kivu,2,FALSE,0.0183,0.0138,0.0237,0.0181,86,86,86,0.0185,0.919,86,0.0336,NA,NA,NA,NA,NA,NA,0.4517,0.0316,60,0.6197,0.832,0,0.3552,0,Bayes-M17-med
Ndjili,Kinshasa,2,FALSE,0.0177,0.0133,0.0231,0.0175,87,87,87,0.0179,0.8882,87,0.0325,NA,NA,NA,NA,NA,NA,0.0487,0.0033,302,0.027,0.1042,0,0.0637,0,Bayes-M17-med
Kingabwa,Kinshasa,2,FALSE,0.0175,0.0131,0.0227,0.0172,88,88,88,0.0176,0.8739,88,0.032,NA,NA,NA,NA,NA,NA,0.0478,0.0032,308,0.0425,0.0965,0,0.0521,0,Bayes-M17-med
Ngiri Ngiri,Kinshasa,2,FALSE,0.0167,0.0125,0.0216,0.0165,89,89,89,0.0168,0.8346,89,0.0305,NA,NA,NA,NA,NA,NA,0.028,0.0018,395,0.0154,0.0676,0,0.029,0,Bayes-M17-med
Kindu,Maniema,2,FALSE,0.0162,0.0122,0.0209,0.016,90,90,91,0.0164,0.8113,90,0.0297,NA,NA,NA,NA,NA,NA,0.3181,0.0197,80,0.1351,0.2529,0,0.8842,0,Bayes-M17-med
Police,Kinshasa,2,FALSE,0.0161,0.012,0.0209,0.0158,91,90,91,0.0162,0.8034,91,0.0294,NA,NA,NA,NA,NA,NA,0.0478,0.0029,325,0.0463,0.0772,0,0.0676,0,Bayes-M17-med
Kasongo,Maniema,2,FALSE,0.0155,0.0117,0.0201,0.0153,92,92,92,0.0157,0.777,92,0.0284,NA,NA,NA,NA,NA,NA,0.5304,0.0314,61,0.4459,0.7529,0,0.9228,0,Bayes-M17-med
Yabaondo,Tshopo,2,FALSE,0.0149,0.0113,0.0191,0.0148,93,93,93,0.0151,0.7472,93,0.0274,NA,NA,NA,NA,NA,NA,0.3523,0.0201,78,0.4363,0.305,0,0.668,0,Bayes-M17-med
Maluku 1,Kinshasa,2,FALSE,0.0141,0.0106,0.0184,0.0139,94,94,95,0.0142,0.7052,94,0.0258,NA,NA,NA,NA,NA,NA,0.2321,0.0125,109,0.3475,0.4517,0,0.1293,0,Bayes-M17-med
Ubundu,Tshopo,2,FALSE,0.014,0.0106,0.0179,0.0138,95,94,97,0.0141,0.6999,95,0.0256,NA,NA,NA,NA,NA,NA,0.4744,0.0254,71,0.9054,0.4305,0,0.5618,0,Bayes-M17-med
Shabunda,Sud-Kivu,2,FALSE,0.0139,0.0104,0.0181,0.0137,96,94,97,0.014,0.6933,96,0.0254,NA,NA,NA,NA,NA,NA,0.5922,0.0314,62,0.8378,0.8726,0,0.6583,0,Bayes-M17-med
Basoko,Tshopo,2,FALSE,0.0137,0.0103,0.0175,0.0135,97,96,97,0.0138,0.6842,97,0.0251,NA,NA,NA,NA,NA,NA,0.3012,0.0157,100,0.5077,0.3147,0,0.3822,0,Bayes-M17-med
Kingasani,Kinshasa,2,FALSE,0.0131,0.0098,0.017,0.0129,99,98,99,0.0132,0.6539,99,0.024,NA,NA,NA,NA,NA,NA,0.0294,0.0015,411,0.0058,0.0405,0,0.0714,0,Bayes-M17-med
Nundu,Sud-Kivu,2,FALSE,0.0131,0.0099,0.017,0.013,98,98,99,0.0132,0.6567,98,0.0241,NA,NA,NA,NA,NA,NA,0.5927,0.0297,66,0.527,0.8494,0,0.9942,0,Bayes-M17-med
Kalemie,Tanganyika,2,FALSE,0.0127,0.0095,0.0164,0.0125,100,100,100,0.0127,0.6322,100,0.0232,NA,NA,NA,NA,NA,NA,0.3789,0.0183,88,0.6718,0.4575,0,0.3861,0,Bayes-M17-med
Lubumbashi,Haut-Katanga,2,FALSE,0.0123,0.0092,0.016,0.0122,101,101,102,0.0124,0.6151,101,0.0226,NA,NA,NA,NA,NA,NA,0.1105,0.0052,215,0.1081,0.2104,0,0.1236,0,Bayes-M17-med
Yaleko,Tshopo,2,FALSE,0.0121,0.0091,0.0155,0.0119,102,101,103,0.0122,0.6032,102,0.0221,NA,NA,NA,NA,NA,NA,0.402,0.0185,85,0.639,0.2452,0,0.7239,0,Bayes-M17-med
Kalonge,Sud-Kivu,2,FALSE,0.0119,0.009,0.0154,0.0118,103,102,103,0.012,0.5956,103,0.0218,NA,NA,NA,NA,NA,NA,0.404,0.0184,87,0.4961,0.8359,0,0.2838,0,Bayes-M17-med
Kunda,Maniema,2,FALSE,0.0117,0.0088,0.0152,0.0115,104,104,104,0.0118,0.5836,104,0.0214,NA,NA,NA,NA,NA,NA,0.4165,0.0186,84,0.4633,0.2799,0,0.9228,0,Bayes-M17-med
Yamaluka,Mongala,2,FALSE,0.0112,0.0085,0.0143,0.0111,106,105,107,0.0113,0.559,106,0.0205,NA,NA,NA,NA,NA,NA,0.1974,0.0084,142,0.2799,0.1448,0,0.3649,0,Bayes-M17-med
Yambuku,Mongala,2,FALSE,0.0112,0.0084,0.0146,0.011,107,105,107,0.0112,0.5574,107,0.0205,NA,NA,NA,NA,NA,NA,0.4344,0.0185,86,0.5483,0.5753,0,0.6139,0,Bayes-M17-med
Lisala,Mongala,2,FALSE,0.0112,0.0084,0.0145,0.0111,106,105,106,0.0113,0.5593,105,0.0205,NA,NA,NA,NA,NA,NA,0.4093,0.0175,95,0.4286,0.4402,0,0.7683,0,Bayes-M17-med
Opienge,Tshopo,2,FALSE,0.0107,0.0079,0.0139,0.0105,108,108,108,0.0107,0.5315,108,0.0195,NA,NA,NA,NA,NA,NA,0.4445,0.0181,91,0.9556,0.0135,0,0.8089,0,Bayes-M17-med
Djolu,Tshuapa,2,FALSE,0.01,0.0075,0.0129,0.0099,109,109,109,0.0101,0.4989,109,0.0183,NA,NA,NA,NA,NA,NA,0.5256,0.0201,79,0.7104,0.5985,0,0.7934,0,Bayes-M17-med
Saramabila,Maniema,2,FALSE,0.0099,0.0074,0.0128,0.0098,110,110,110,0.0099,0.4931,110,0.0181,NA,NA,NA,NA,NA,NA,0.4768,0.018,93,0.473,0.5502,0,0.8842,0,Bayes-M17-med
Kaziba,Sud-Kivu,2,FALSE,0.0098,0.0074,0.0127,0.0097,111,111,111,0.0099,0.4908,111,0.018,NA,NA,NA,NA,NA,NA,0.3571,0.0134,106,0.2876,0.7838,0,0.3571,0,Bayes-M17-med
Kitutu,Sud-Kivu,2,FALSE,0.0094,0.0071,0.0122,0.0093,112,112,113,0.0095,0.4706,112,0.0173,NA,NA,NA,NA,NA,NA,0.5024,0.0181,90,0.751,0.805,0,0.4537,0,Bayes-M17-med
Kibua,Nord-Kivu,2,FALSE,0.0093,0.007,0.0119,0.0092,114,113,115,0.0093,0.4624,114,0.017,NA,NA,0.0952,21,NA,NA,0.5154,0.0182,89,0.7741,0.6602,0,0.6274,0,Bayes-M17-med
Kongolo,Tanganyika,2,FALSE,0.0093,0.007,0.0121,0.0092,113,113,114,0.0094,0.4642,113,0.017,NA,NA,NA,NA,NA,NA,0.6829,0.0243,74,0.8861,0.9228,0,0.9228,0,Bayes-M17-med
Ango,Bas-Uele,2,FALSE,0.0092,0.0068,0.0121,0.0091,115,112,118,0.0093,0.4595,115,0.0169,NA,NA,NA,NA,NA,NA,0.7095,0.025,72,1,0.8591,0,0.9788,0,Bayes-M17-med
Makala,Kinshasa,2,FALSE,0.0092,0.0069,0.0119,0.0091,116,115,116,0.0092,0.4586,116,0.0168,NA,NA,NA,NA,NA,NA,0.0246,9e-4,443,0.0116,0.0386,0,0.0483,0,Bayes-M17-med
Kimbi Lulenge,Sud-Kivu,2,FALSE,0.009,0.0068,0.0116,0.0089,117,116,117,0.009,0.4475,117,0.0164,NA,NA,NA,NA,NA,NA,0.5507,0.0189,83,0.8475,0.8687,0,0.4865,0,Bayes-M17-med
Kabinda,Lomami,2,FALSE,0.0089,0.0067,0.0115,0.0088,118,118,118,0.0089,0.444,118,0.0163,NA,NA,NA,NA,NA,NA,0.4382,0.0149,101,0.5097,0.5541,0,0.6892,0,Bayes-M17-med
Mwenga,Sud-Kivu,2,FALSE,0.0088,0.0067,0.0115,0.0087,119,119,119,0.0089,0.441,119,0.0162,NA,NA,NA,NA,NA,NA,0.319,0.0108,121,0.5,0.3552,0,0.4208,0,Bayes-M17-med
Kalole,Sud-Kivu,2,FALSE,0.0087,0.0066,0.0113,0.0086,120,120,121,0.0088,0.4357,120,0.016,NA,NA,NA,NA,NA,NA,0.6038,0.0201,77,0.89,0.7799,0,0.7452,0,Bayes-M17-med
Yahuma,Tshopo,2,FALSE,0.0087,0.0066,0.0111,0.0086,121,117,121,0.0087,0.4334,121,0.0159,NA,NA,NA,NA,NA,NA,0.4402,0.0146,102,0.8649,0.332,0,0.5637,0,Bayes-M17-med
Kalamu 2,Kinshasa,2,FALSE,0.0085,0.0064,0.011,0.0084,122,122,123,0.0085,0.4235,122,0.0156,NA,NA,NA,NA,NA,NA,0.015,5e-4,452,0.0039,0.0154,0,0.0405,0,Bayes-M17-med
Itebero,Nord-Kivu,2,FALSE,0.0085,0.0064,0.0109,0.0084,123,122,123,0.0085,0.4227,123,0.0155,NA,NA,0.087,22,NA,NA,0.5574,0.018,92,0.9112,0.722,0,0.5965,0,Bayes-M17-med
Mulungu,Sud-Kivu,2,FALSE,0.0084,0.0063,0.0109,0.0083,124,124,125,0.0084,0.4175,124,0.0153,NA,NA,NA,NA,NA,NA,0.5208,0.0167,98,0.861,0.5193,0,0.7027,0,Bayes-M17-med
Mumbunda,Haut-Katanga,2,FALSE,0.0083,0.0062,0.0108,0.0082,125,125,126,0.0084,0.4144,125,0.0152,NA,NA,NA,NA,NA,NA,0.1853,0.0059,203,0.1197,0.5077,0,0.1139,0,Bayes-M17-med
Bonzola,Kasaï-Oriental,2,FALSE,0.0082,0.0062,0.0107,0.0081,127,126,128,0.0083,0.4109,127,0.0151,NA,NA,NA,NA,NA,NA,0.2958,0.0093,133,0.0927,0.7934,0,0.2973,0,Bayes-M17-med
Manika,Lualaba,2,FALSE,0.0082,0.0062,0.0107,0.0081,126,126,127,0.0083,0.411,126,0.0151,NA,NA,NA,NA,NA,NA,0.1149,0.0036,280,0.0946,0.222,0,0.1429,0,Bayes-M17-med
Kamituga,Sud-Kivu,2,FALSE,0.0082,0.0061,0.0106,0.0081,128,128,129,0.0082,0.4069,128,0.015,NA,NA,NA,NA,NA,NA,0.3596,0.0112,118,0.3938,0.6062,0,0.4382,0,Bayes-M17-med
Doruma,Haut-Uele,2,FALSE,0.0081,0.006,0.0106,0.008,129,124,129,0.0081,0.4025,129,0.0148,NA,NA,NA,NA,0.0366,7,0.6216,0.0192,82,0.973,0.5135,0,1,0,Bayes-M17-med
Bumba,Mongala,2,FALSE,0.0078,0.0059,0.0102,0.0077,130,130,130,0.0078,0.3893,130,0.0143,NA,NA,NA,NA,NA,NA,0.2384,0.0071,167,0.1409,0.4537,0,0.3591,0,Bayes-M17-med
Aketi,Bas-Uele,2,FALSE,0.0076,0.0057,0.0099,0.0075,131,131,131,0.0076,0.3779,131,0.0139,NA,NA,NA,NA,NA,NA,0.6762,0.0196,81,0.9903,0.9363,0,0.778,0,Bayes-M17-med
Lodja,Sankuru,2,FALSE,0.0075,0.0056,0.0097,0.0074,132,132,133,0.0075,0.3724,132,0.0137,NA,NA,NA,NA,NA,NA,0.4626,0.0132,107,0.2625,0.6351,0,0.9527,0,Bayes-M17-med
Mbulula,Tanganyika,2,FALSE,0.0075,0.0056,0.0097,0.0074,133,132,133,0.0075,0.3722,133,0.0137,NA,NA,NA,NA,NA,NA,0.5934,0.0169,96,0.6448,0.7761,0,0.9527,0,Bayes-M17-med
Kananga,Kasaï-Central,2,FALSE,0.0072,0.0054,0.0093,0.0071,134,134,135,0.0072,0.3591,134,0.0132,NA,NA,NA,NA,NA,NA,0.2963,0.0082,150,0.1429,0.5579,0,0.4846,0,Bayes-M17-med
Punia,Maniema,2,FALSE,0.0071,0.0054,0.0092,0.007,135,134,135,0.0072,0.3554,135,0.0131,NA,NA,NA,NA,NA,NA,0.3731,0.0102,127,0.7625,0.1969,0,0.5328,0,Bayes-M17-med
Kampene,Maniema,2,FALSE,0.007,0.0052,0.009,0.0069,137,137,138,0.007,0.3475,137,0.0128,NA,NA,NA,NA,NA,NA,0.3962,0.0106,122,0.5251,0.1757,0,0.8842,0,Bayes-M17-med
Kalima,Maniema,2,FALSE,0.007,0.0052,0.009,0.0069,138,138,139,0.007,0.3461,138,0.0127,NA,NA,NA,NA,NA,NA,0.3094,0.0082,149,0.4595,0.3205,0,0.4575,0,Bayes-M17-med
Gemena,Sud-Ubangi,2,FALSE,0.007,0.0052,0.0091,0.0069,136,136,140,0.007,0.3475,136,0.0128,NA,NA,NA,NA,NA,NA,0.3277,0.0087,138,0.1776,0.2741,0,0.8591,0,Bayes-M17-med
Yahisuli,Tshopo,2,FALSE,0.0069,0.0052,0.0088,0.0068,141,136,145,0.0069,0.3418,141,0.0126,NA,NA,NA,NA,NA,NA,0.3521,0.0092,134,0.3842,0.0714,0,0.9527,0,Bayes-M17-med
Kabalo,Tanganyika,2,FALSE,0.0069,0.0052,0.009,0.0068,139,139,140,0.007,0.3451,139,0.0127,NA,NA,NA,NA,NA,NA,0.624,0.0165,99,0.9035,0.7568,0,0.8359,0,Bayes-M17-med
Moba,Tanganyika,2,FALSE,0.0069,0.0052,0.009,0.0068,140,140,142,0.0069,0.343,140,0.0126,NA,NA,NA,NA,NA,NA,0.3808,0.01,128,0.6178,0.4942,0,0.4112,0,Bayes-M17-med
Lolo,Mongala,2,FALSE,0.0068,0.0051,0.0088,0.0067,142,141,143,0.0068,0.3391,142,0.0125,NA,NA,NA,NA,NA,NA,0.3161,0.0082,148,0.4073,0.3263,0,0.5309,0,Bayes-M17-med
Opala,Tshopo,2,FALSE,0.0068,0.0051,0.0087,0.0067,143,141,144,0.0068,0.3368,143,0.0124,NA,NA,NA,NA,NA,NA,0.4269,0.011,120,0.7819,0.0792,0,0.8465,0,Bayes-M17-med
Titule,Bas-Uele,2,FALSE,0.0067,0.005,0.0088,0.0067,144,137,146,0.0068,0.3361,144,0.0124,NA,NA,NA,NA,NA,NA,0.6839,0.0176,94,0.9865,0.8263,0,0.9228,0,Bayes-M17-med
Kasansa,Kasaï-Oriental,2,FALSE,0.0067,0.005,0.0087,0.0066,146,145,146,0.0067,0.3326,146,0.0122,NA,NA,NA,NA,NA,NA,0.3349,0.0085,141,0.2568,0.6699,0,0.4131,0,Bayes-M17-med
Kisenso,Kinshasa,2,FALSE,0.0067,0.005,0.0087,0.0066,145,144,146,0.0067,0.3329,145,0.0122,NA,NA,NA,NA,NA,NA,0.0589,0.0015,407,0.0367,0.139,0,0.0598,0,Bayes-M17-med
Manono,Tanganyika,2,FALSE,0.0065,0.0049,0.0085,0.0064,147,147,147,0.0065,0.3244,147,0.0119,NA,NA,NA,NA,NA,NA,0.5758,0.0143,104,0.8784,0.9537,0,0.471,0,Bayes-M17-med
Boende,Tshuapa,2,FALSE,0.0064,0.0048,0.0083,0.0063,148,148,148,0.0064,0.3199,148,0.0118,NA,NA,NA,NA,NA,NA,0.4199,0.0103,126,0.6988,0.4807,0,0.5,0,Bayes-M17-med
Biyela,Kinshasa,2,FALSE,0.0063,0.0047,0.0081,0.0062,150,150,150,0.0063,0.3113,150,0.0114,NA,NA,NA,NA,NA,NA,0.1076,0.0026,344,0.0637,0.2838,0,0.083,0,Bayes-M17-med
Nyunzu,Tanganyika,2,FALSE,0.0063,0.0047,0.0082,0.0062,149,149,149,0.0063,0.3131,149,0.0115,NA,NA,NA,NA,NA,NA,0.6023,0.0145,103,0.9653,0.834,0,0.61,0,Bayes-M17-med
Nzaba,Kasaï-Oriental,2,FALSE,0.0062,0.0047,0.008,0.0061,151,151,151,0.0062,0.3085,151,0.0113,NA,NA,NA,NA,NA,NA,0.278,0.0066,180,0.1042,0.6931,0,0.3147,0,Bayes-M17-med
Kipushi,Haut-Katanga,2,FALSE,0.0061,0.0045,0.0079,0.006,152,152,155,0.0061,0.3021,152,0.0111,NA,NA,NA,NA,NA,NA,0.1216,0.0028,331,0.2703,0.1081,0,0.1081,0,Bayes-M17-med
Haut Plateau,Sud-Kivu,2,FALSE,0.0061,0.0046,0.0078,0.006,153,152,154,0.0061,0.3014,153,0.0111,NA,NA,NA,NA,NA,NA,0.5246,0.0121,112,0.5714,0.5444,0,0.9826,0,Bayes-M17-med
Mbandaka,Equateur,2,FALSE,0.006,0.0045,0.0078,0.0059,157,157,158,0.006,0.2971,157,0.0109,NA,NA,NA,NA,NA,NA,0.5164,0.0118,114,0.6409,0.9633,0,0.4614,0,Bayes-M17-med
Kabongo,Haut-Lomami,2,FALSE,0.006,0.0045,0.0078,0.006,154,153,154,0.0061,0.3005,154,0.0111,NA,NA,NA,NA,NA,NA,0.5372,0.0124,111,0.8108,0.778,0,0.5598,0,Bayes-M17-med
Kimbanseke,Kinshasa,2,FALSE,0.006,0.0045,0.0078,0.0059,156,156,156,0.006,0.2983,156,0.011,NA,NA,NA,NA,NA,NA,0.0526,0.0012,423,0.0521,0.0849,0,0.0734,0,Bayes-M17-med
Lusangi,Maniema,2,FALSE,0.006,0.0045,0.0077,0.0059,158,157,158,0.006,0.2963,158,0.0109,NA,NA,NA,NA,NA,NA,0.4223,0.0096,130,0.5656,0.2645,0,0.8591,0,Bayes-M17-med
Lulingu,Sud-Kivu,2,FALSE,0.006,0.0045,0.0078,0.0059,155,154,155,0.006,0.2996,155,0.011,NA,NA,NA,NA,NA,NA,0.6158,0.0142,105,0.9093,0.8108,0,0.7432,0,Bayes-M17-med
Tshamilemba,Haut-Katanga,2,FALSE,0.0059,0.0044,0.0077,0.0058,159,159,160,0.0059,0.2926,159,0.0108,NA,NA,NA,NA,NA,NA,0.0772,0.0017,398,0.0656,0.1255,0,0.1178,0,Bayes-M17-med
Mulumba,Lomami,2,FALSE,0.0059,0.0044,0.0076,0.0058,160,159,160,0.0059,0.2916,160,0.0107,NA,NA,NA,NA,NA,NA,0.2587,0.0058,205,0.1834,0.3108,0,0.5405,0,Bayes-M17-med
Luputa,Lomami,2,FALSE,0.0058,0.0044,0.0075,0.0057,162,162,162,0.0058,0.2891,162,0.0106,NA,NA,NA,NA,NA,NA,0.3431,0.0076,161,0.3301,0.3166,0,0.7259,0,Bayes-M17-med
Minembwe,Sud-Kivu,2,FALSE,0.0058,0.0044,0.0076,0.0057,161,161,161,0.0058,0.2899,161,0.0107,NA,NA,NA,NA,NA,NA,0.5198,0.0116,116,0.7181,0.8089,0,0.5521,0,Bayes-M17-med
Lingomo,Tshuapa,2,FALSE,0.0058,0.0043,0.0075,0.0057,163,163,164,0.0058,0.2871,163,0.0106,NA,NA,NA,NA,NA,NA,0.5627,0.0124,110,0.8263,0.5869,0,0.8378,0,Bayes-M17-med
Kamina,Haut-Lomami,2,FALSE,0.0057,0.0043,0.0075,0.0057,164,163,164,0.0058,0.2859,164,0.0105,NA,NA,NA,NA,NA,NA,0.5164,0.0113,117,0.8301,0.8301,0,0.4054,0,Bayes-M17-med
Tshilenge,Kasaï-Oriental,2,FALSE,0.0057,0.0043,0.0074,0.0056,165,165,165,0.0057,0.2843,165,0.0105,NA,NA,NA,NA,NA,NA,0.2799,0.0061,197,0.1892,0.668,0,0.2625,0,Bayes-M17-med
Mweneditu,Lomami,2,FALSE,0.0057,0.0043,0.0074,0.0056,166,166,166,0.0057,0.2839,166,0.0104,NA,NA,NA,NA,NA,NA,0.2799,0.0061,198,0.166,0.3842,0,0.5695,0,Bayes-M17-med
Idiofa,Kwilu,2,FALSE,0.0056,0.0042,0.0073,0.0055,167,167,168,0.0056,0.2791,167,0.0103,NA,NA,NA,NA,NA,NA,0.486,0.0104,124,0.4537,0.749,0,0.7413,0,Bayes-M17-med
Samba,Maniema,2,FALSE,0.0056,0.0042,0.0072,0.0055,168,167,168,0.0056,0.2783,168,0.0102,NA,NA,NA,NA,NA,NA,0.5179,0.0111,119,0.7529,0.4344,0,0.8842,0,Bayes-M17-med
Maluku 2,Kinshasa,2,FALSE,0.0054,0.0041,0.0071,0.0054,169,169,169,0.0054,0.2699,169,0.0099,NA,NA,NA,NA,NA,NA,0.4184,0.0087,140,0.6834,0.5463,0,0.444,0,Bayes-M17-med
Kailo,Maniema,2,FALSE,0.0054,0.004,0.0069,0.0053,170,170,170,0.0054,0.2663,170,0.0098,NA,NA,NA,NA,NA,NA,0.4276,0.0087,137,0.832,0.0946,0,0.7838,0,Bayes-M17-med
Ikela,Tshuapa,2,FALSE,0.0053,0.004,0.0069,0.0052,171,171,171,0.0053,0.2647,171,0.0097,NA,NA,NA,NA,NA,NA,0.4633,0.0094,132,0.8147,0.1795,0,0.8591,0,Bayes-M17-med
Mondombe,Tshuapa,2,FALSE,0.0052,0.0039,0.0068,0.0051,172,172,172,0.0052,0.2588,172,0.0095,NA,NA,NA,NA,NA,NA,0.4797,0.0095,131,0.6622,0.3726,0,0.8842,0,Bayes-M17-med
Tshikapa,Kasaï,2,FALSE,0.0051,0.0038,0.0066,0.005,175,174,175,0.0051,0.2523,175,0.0093,NA,NA,NA,NA,NA,NA,0.3156,0.0061,196,0.2722,0.6506,0,0.3398,0,Bayes-M17-med
Kabeya Kamwanga,Kasaï-Oriental,2,FALSE,0.0051,0.0038,0.0066,0.005,174,173,174,0.0051,0.2539,174,0.0093,NA,NA,NA,NA,NA,NA,0.2968,0.0058,206,0.3224,0.3919,0,0.473,0,Bayes-M17-med
Bumbu,Kinshasa,2,FALSE,0.0051,0.0038,0.0066,0.005,173,173,175,0.0051,0.2542,173,0.0094,NA,NA,NA,NA,NA,NA,0.0164,3e-4,457,0.0019,0.029,0,0.0347,0,Bayes-M17-med
Malemba Nkulu,Haut-Lomami,2,FALSE,0.005,0.0037,0.0064,0.0049,178,177,178,0.005,0.2469,178,0.0091,NA,NA,NA,NA,NA,NA,0.3895,0.0074,162,0.36870000000000003,0.7664,0,0.4228,0,Bayes-M17-med
Kamwesha,Kasaï,2,FALSE,0.005,0.0038,0.0065,0.0049,176,176,176,0.005,0.2494,176,0.0092,NA,NA,NA,NA,NA,NA,0.2732,0.0052,214,0.3456,0.2876,0,0.4595,0,Bayes-M17-med
Yamongili,Mongala,2,FALSE,0.005,0.0037,0.0065,0.0049,177,177,178,0.005,0.2471,177,0.0091,NA,NA,NA,NA,NA,NA,0.3243,0.0061,195,0.5116,0.3668,0,0.4189,0,Bayes-M17-med
Demba,Kasaï-Central,2,FALSE,0.0049,0.0037,0.0063,0.0048,179,179,180,0.0049,0.2421,179,0.0089,NA,NA,NA,NA,NA,NA,0.4117,0.0076,158,0.4653,0.7143,0,0.4672,0,Bayes-M17-med
Karawa,Nord-Ubangi,2,FALSE,0.0049,0.0036,0.0063,0.0048,180,179,181,0.0049,0.2416,180,0.0089,NA,NA,NA,NA,NA,NA,0.6404,0.0119,113,0.7568,0.973,0,0.832,0,Bayes-M17-med
Kitenge,Haut-Lomami,2,FALSE,0.0048,0.0036,0.0063,0.0048,181,180,181,0.0048,0.2396,181,0.0088,NA,NA,NA,NA,NA,NA,0.5729,0.0105,123,0.8668,0.8069,0,0.6178,0,Bayes-M17-med
Kaniama,Haut-Lomami,2,FALSE,0.0047,0.0035,0.0061,0.0046,183,183,184,0.0047,0.2317,183,0.0085,NA,NA,NA,NA,NA,NA,0.582,0.0103,125,0.8533,0.6622,0,0.8127,0,Bayes-M17-med
Ngaba,Kinshasa,2,FALSE,0.0047,0.0036,0.0062,0.0047,182,182,183,0.0048,0.2362,182,0.0087,NA,NA,NA,NA,NA,NA,0.014,3e-4,459,0,0.0058,0,0.0502,0,Bayes-M17-med
Likati,Bas-Uele,2,FALSE,0.0046,0.0035,0.0061,0.0046,184,182,185,0.0047,0.2309,184,0.0085,NA,NA,NA,NA,NA,NA,0.7124,0.0126,108,0.9942,0.971,0,0.8842,0,Bayes-M17-med
Mikalayi,Kasaï-Central,2,FALSE,0.0046,0.0034,0.0059,0.0045,186,184,187,0.0046,0.2277,186,0.0084,NA,NA,NA,NA,NA,NA,0.3948,0.0069,173,0.4517,0.5811,0,0.5463,0,Bayes-M17-med
Lubao,Lomami,2,FALSE,0.0046,0.0034,0.0059,0.0045,187,186,188,0.0046,0.2275,187,0.0084,NA,NA,NA,NA,NA,NA,0.3982,0.007,171,0.6486,0.1525,0,0.7915,0,Bayes-M17-med
Bokungu,Tshuapa,2,FALSE,0.0046,0.0035,0.006,0.0045,185,185,186,0.0046,0.2291,185,0.0084,NA,NA,NA,NA,NA,NA,0.49370000000000003,0.0087,139,0.695,0.3571,0,0.9228,0,Bayes-M17-med
Bwamanda,Sud-Ubangi,2,FALSE,0.0045,0.0034,0.0059,0.0045,188,186,188,0.0046,0.2259,188,0.0083,NA,NA,NA,NA,NA,NA,0.4667,0.0081,152,0.4189,0.7394,0,0.7085,0,Bayes-M17-med
Lukelenge,Kasaï-Oriental,2,FALSE,0.0044,0.0033,0.0057,0.0043,190,190,190,0.0044,0.2173,190,0.008,NA,NA,NA,NA,NA,NA,0.2249,0.0038,275,0.0811,0.5,0,0.3185,0,Bayes-M17-med
Lusanga,Kwilu,2,FALSE,0.0044,0.0033,0.0058,0.0044,189,189,189,0.0044,0.2202,189,0.0081,NA,NA,NA,NA,NA,NA,0.4242,0.0072,163,0.4382,0.7297,0,0.529,0,Bayes-M17-med
Luebo,Kasaï,2,FALSE,0.0043,0.0032,0.0056,0.0042,192,192,192,0.0043,0.2139,192,0.0079,NA,NA,NA,NA,NA,NA,0.4353,0.0071,164,0.5232,0.5116,0,0.7066,0,Bayes-M17-med
Diulu,Kasaï-Oriental,2,FALSE,0.0043,0.0033,0.0056,0.0043,191,191,191,0.0044,0.2161,191,0.008,NA,NA,NA,NA,NA,NA,0.2611,0.0043,246,0.0676,0.6448,0,0.332,0,Bayes-M17-med
Ngandajika,Lomami,2,FALSE,0.0043,0.0032,0.0055,0.0042,193,193,193,0.0043,0.2127,193,0.0078,NA,NA,NA,NA,NA,NA,0.3465,0.0057,208,0.2124,0.4459,0,0.7278,0,Bayes-M17-med
Mweka,Kasaï,2,FALSE,0.0042,0.0032,0.0055,0.0042,194,194,195,0.0042,0.2094,194,0.0077,NA,NA,NA,NA,NA,NA,0.5053,0.0081,151,0.4788,0.7239,0,0.8185,0,Bayes-M17-med
Cilundu,Kasaï-Oriental,2,FALSE,0.0042,0.0032,0.0055,0.0041,195,195,196,0.0042,0.2087,195,0.0077,NA,NA,NA,NA,NA,NA,0.221,0.0035,290,0.2317,0.3089,0,0.3436,0,Bayes-M17-med
Yalifafu,Tshuapa,2,FALSE,0.0042,0.0031,0.0054,0.0041,196,195,197,0.0042,0.208,196,0.0077,NA,NA,NA,NA,NA,NA,0.4797,0.0077,157,0.7664,0.2683,0,0.8842,0,Bayes-M17-med
Bena Leka,Kasaï-Central,2,FALSE,0.0041,0.0031,0.0053,0.004,203,202,203,0.0041,0.2021,203,0.0074,NA,NA,NA,NA,NA,NA,0.4986,0.0077,156,0.6062,0.7162,0,0.6718,0,Bayes-M17-med
Luiza,Kasaï-Central,2,FALSE,0.0041,0.0031,0.0053,0.0041,200,199,200,0.0041,0.2044,200,0.0075,NA,NA,NA,NA,NA,NA,0.4218,0.0066,178,0.4807,0.6293,0,0.5772,0,Bayes-M17-med
Vanga,Kwilu,2,FALSE,0.0041,0.0031,0.0054,0.0041,198,197,198,0.0041,0.205,198,0.0075,NA,NA,NA,NA,NA,NA,0.5034,0.0079,153,0.3726,0.8205,0,0.8205,0,Bayes-M17-med
Bulungu,Kwilu,2,FALSE,0.0041,0.0031,0.0053,0.0041,199,198,199,0.0041,0.2047,199,0.0075,NA,NA,NA,NA,NA,NA,0.4508,0.0071,169,0.3571,0.6795,0,0.7664,0,Bayes-M17-med
Kabambare,Maniema,2,FALSE,0.0041,0.0031,0.0053,0.004,202,201,202,0.0041,0.2029,202,0.0075,NA,NA,NA,NA,NA,NA,0.3953,0.0062,194,0.8359,0.112,0,0.6332,0,Bayes-M17-med
Tandala,Sud-Ubangi,2,FALSE,0.0041,0.0031,0.0053,0.004,201,197,203,0.0041,0.2035,201,0.0075,NA,NA,NA,NA,NA,NA,0.4078,0.0064,184,0.2741,0.527,0,0.8301,0,Bayes-M17-med
Yalimbongo,Tshopo,2,FALSE,0.0041,0.0031,0.0053,0.0041,197,195,203,0.0041,0.205,197,0.0076,NA,NA,NA,NA,NA,NA,0.3214,0.0051,219,0.5772,0.0483,0,0.6602,0,Bayes-M17-med
Masuika,Kasaï-Central,2,FALSE,0.004,0.003,0.0052,0.004,204,204,204,0.004,0.2004,204,0.0074,NA,NA,NA,NA,NA,NA,0.3885,0.006,201,0.3263,0.5618,0,0.666,0,Bayes-M17-med
Bibanga,Kasaï-Oriental,2,FALSE,0.004,0.003,0.0051,0.0039,206,206,206,0.004,0.1968,206,0.0072,NA,NA,NA,NA,NA,NA,0.2978,0.0045,236,0.3127,0.4884,0,0.39,0,Bayes-M17-med
Fungurume,Lualaba,2,FALSE,0.004,0.003,0.0052,0.0039,205,205,205,0.004,0.1986,205,0.0073,NA,NA,NA,NA,NA,NA,0.1564,0.0024,356,0.2664,0.1622,0,0.1969,0,Bayes-M17-med
Kenge,Kwango,2,FALSE,0.0039,0.003,0.0051,0.0039,208,208,208,0.0039,0.1958,208,0.0072,NA,NA,NA,NA,NA,NA,0.5574,0.0084,146,0.6139,0.8127,0,0.8031,0,Bayes-M17-med
Kansimba,Tanganyika,2,FALSE,0.0039,0.003,0.0051,0.0039,207,207,207,0.004,0.196,207,0.0072,NA,NA,NA,NA,NA,NA,0.5497,0.0083,147,0.9479,0.7741,0,0.4768,0,Bayes-M17-med
Bukama,Haut-Lomami,2,FALSE,0.0038,0.0029,0.0049,0.0038,212,212,213,0.0038,0.1895,212,0.007,NA,NA,NA,NA,NA,NA,0.4764,0.0069,172,0.7143,0.7625,0,0.4286,0,Bayes-M17-med
Citenge,Kasaï-Oriental,2,FALSE,0.0038,0.0029,0.005,0.0038,210,209,210,0.0039,0.1911,210,0.007,NA,NA,NA,NA,NA,NA,0.2321,0.0034,299,0.1583,0.4749,0,0.2954,0,Bayes-M17-med
Kikwit Nord,Kwilu,2,FALSE,0.0038,0.0028,0.0048,0.0037,216,213,219,0.0038,0.1865,216,0.0069,NA,NA,NA,NA,NA,NA,0.2915,0.0042,249,0.1236,0.5405,0,0.5019,0,Bayes-M17-med
Kanda Kanda,Lomami,2,FALSE,0.0038,0.0029,0.0049,0.0038,211,210,213,0.0038,0.1896,211,0.007,NA,NA,NA,NA,NA,NA,0.3012,0.0044,244,0.3185,0.1737,0,0.7124,0,Bayes-M17-med
Bosondjo,Mongala,2,FALSE,0.0038,0.0028,0.0049,0.0037,216,215,216,0.0038,0.1868,215,0.0069,NA,NA,NA,NA,NA,NA,0.3489,0.005,220,0.5618,0.1931,0,0.6409,0,Bayes-M17-med
Pimu,Mongala,2,FALSE,0.0038,0.0029,0.005,0.0038,209,209,211,0.0039,0.1914,209,0.007,NA,NA,NA,NA,NA,NA,0.4257,0.0063,190,0.583,0.3707,0,0.749,0,Bayes-M17-med
Yakoma,Nord-Ubangi,2,FALSE,0.0038,0.0028,0.0049,0.0037,213,211,215,0.0038,0.1882,214,0.0069,NA,NA,NA,NA,NA,NA,0.6641,0.0096,129,0.7124,0.9479,0,0.9961,0,Bayes-M17-med
Katako Kombe,Sankuru,2,FALSE,0.0038,0.0028,0.0049,0.0037,214,213,215,0.0038,0.1883,213,0.0069,NA,NA,NA,NA,NA,NA,0.4703,0.0068,175,0.7857,0.1313,0,0.9643,0,Bayes-M17-med
Tshofa,Lomami,2,FALSE,0.0037,0.0028,0.0049,0.0037,217,217,217,0.0037,0.1859,217,0.0068,NA,NA,NA,NA,NA,NA,0.4416,0.0063,188,0.6757,0.3514,0,0.7394,0,Bayes-M17-med
Kalenda,Lomami,2,FALSE,0.0037,0.0028,0.0048,0.0037,219,218,219,0.0037,0.1854,219,0.0068,NA,NA,NA,NA,NA,NA,0.2886,0.0041,252,0.388,0.1873,0,0.5792,0,Bayes-M17-med
Kibombo,Maniema,2,FALSE,0.0037,0.0028,0.0048,0.0037,220,219,220,0.0037,0.1841,220,0.0068,NA,NA,NA,NA,NA,NA,0.4614,0.0065,182,0.7452,0.1776,0,0.9228,0,Bayes-M17-med
Lomela,Sankuru,2,FALSE,0.0037,0.0028,0.0049,0.0037,218,213,221,0.0037,0.1858,218,0.0068,NA,NA,NA,NA,NA,NA,0.4759,0.0068,176,0.8456,0.1351,0,0.9228,0,Bayes-M17-med
Mukedi,Kwilu,2,FALSE,0.0036,0.0027,0.0046,0.0035,224,224,225,0.0036,0.1767,224,0.0065,NA,NA,NA,NA,NA,NA,0.4836,0.0066,181,0.5367,0.7066,0,0.6911,0,Bayes-M17-med
Dilala,Lualaba,2,FALSE,0.0036,0.0027,0.0047,0.0035,223,223,223,0.0036,0.1783,223,0.0066,NA,NA,NA,NA,NA,NA,0.1347,0.0018,393,0.1506,0.2548,0,0.1332,0,Bayes-M17-med
Vanga Kete,Sankuru,2,FALSE,0.0036,0.0027,0.0047,0.0036,222,221,222,0.0036,0.1807,222,0.0067,NA,NA,NA,NA,NA,NA,0.4503,0.0062,191,0.4672,0.4112,0,0.9228,0,Bayes-M17-med
Itombwe,Sud-Kivu,2,FALSE,0.0036,0.0027,0.0047,0.0036,221,220,222,0.0037,0.1812,221,0.0067,NA,NA,NA,NA,NA,NA,0.5121,0.0071,165,0.8571,0.6737,0,0.5174,0,Bayes-M17-med
Kalonda Ouest,Kasaï,2,FALSE,0.0035,0.0027,0.0046,0.0035,226,226,226,0.0035,0.1753,226,0.0065,NA,NA,NA,NA,NA,NA,0.2239,0.003,319,0.2915,0.251,0,0.3533,0,Bayes-M17-med
Miabi,Kasaï-Oriental,2,FALSE,0.0035,0.0026,0.0045,0.0034,229,228,229,0.0035,0.1735,229,0.0064,NA,NA,NA,NA,NA,NA,0.2838,0.0038,271,0.2297,0.6525,0,0.2529,0,Bayes-M17-med
Gungu,Kwilu,2,FALSE,0.0035,0.0026,0.0046,0.0035,228,227,228,0.0035,0.1747,228,0.0064,NA,NA,NA,NA,NA,NA,0.4237,0.0057,207,0.5058,0.6969,0,0.4923,0,Bayes-M17-med
Ludimbi Lukula,Lomami,2,FALSE,0.0035,0.0026,0.0045,0.0034,231,230,231,0.0035,0.1724,231,0.0064,NA,NA,NA,NA,NA,NA,0.4513,0.006,202,0.6931,0.3475,0,0.7645,0,Bayes-M17-med
Obokote,Maniema,2,FALSE,0.0035,0.0027,0.0045,0.0035,227,224,229,0.0035,0.1751,227,0.0065,NA,NA,NA,NA,NA,NA,0.3209,0.0043,247,0.7239,0.0328,0,0.527,0,Bayes-M17-med
Binga,Mongala,2,FALSE,0.0035,0.0026,0.0046,0.0035,225,224,228,0.0035,0.1758,225,0.0065,NA,NA,NA,NA,NA,NA,0.3306,0.0045,238,0.4749,0.249,0,0.5985,0,Bayes-M17-med
Omendjadi,Sankuru,2,FALSE,0.0035,0.0026,0.0045,0.0034,230,230,231,0.0035,0.1726,230,0.0064,NA,NA,NA,NA,NA,NA,0.4262,0.0056,209,0.5502,0.2317,0,0.9228,0,Bayes-M17-med
Mulongo,Haut-Lomami,2,FALSE,0.0034,0.0026,0.0044,0.0034,232,232,233,0.0034,0.1693,232,0.0062,NA,NA,NA,NA,NA,NA,0.4773,0.0062,192,0.7471,0.7703,0,0.3919,0,Bayes-M17-med
Koshibanda,Kwilu,2,FALSE,0.0034,0.0025,0.0044,0.0033,234,234,234,0.0034,0.1674,234,0.0062,NA,NA,NA,NA,NA,NA,0.4913,0.0063,187,0.5193,0.6757,0,0.7703,0,Bayes-M17-med
Libenge,Sud-Ubangi,2,FALSE,0.0034,0.0025,0.0044,0.0033,233,232,236,0.0034,0.1687,233,0.0062,NA,NA,NA,NA,NA,NA,0.3818,0.0049,224,0.6293,0.3591,0,0.5386,0,Bayes-M17-med
Monga,Bas-Uele,2,FALSE,0.0033,0.0025,0.0043,0.0032,242,237,247,0.0033,0.1628,242,0.006,NA,NA,NA,NA,NA,NA,0.7336,0.0092,135,0.9826,0.9672,0,0.9846,0,Bayes-M17-med
Luambo,Kasaï-Central,2,FALSE,0.0033,0.0024,0.0042,0.0032,244,242,245,0.0033,0.1621,244,0.006,NA,NA,NA,NA,NA,NA,0.3769,0.0047,228,0.5347,0.5656,0,0.4073,0,Bayes-M17-med
Bipemba,Kasaï-Oriental,2,FALSE,0.0033,0.0025,0.0043,0.0033,239,237,242,0.0033,0.164,239,0.006,NA,NA,NA,NA,NA,NA,0.1544,0.0019,388,0.0618,0.2201,0,0.3359,0,Bayes-M17-med
Lubilanji,Kasaï-Oriental,2,FALSE,0.0033,0.0025,0.0043,0.0033,236,233,239,0.0033,0.1653,236,0.0061,NA,NA,NA,NA,NA,NA,0.1694,0.0022,377,0.0347,0.3398,0,0.3031,0,Bayes-M17-med
Muya,Kasaï-Oriental,2,FALSE,0.0033,0.0025,0.0043,0.0033,235,235,235,0.0034,0.1662,235,0.0061,NA,NA,NA,NA,NA,NA,0.2495,0.0032,307,0.0753,0.5888,0,0.334,0,Bayes-M17-med
Tshishimbi,Kasaï-Oriental,2,FALSE,0.0033,0.0025,0.0043,0.0032,240,240,244,0.0033,0.1636,240,0.006,NA,NA,NA,NA,NA,NA,0.1742,0.0022,371,0.1795,0.2471,0,0.2703,0,Bayes-M17-med
Kalambayi Kabanga,Lomami,2,FALSE,0.0033,0.0025,0.0043,0.0032,241,240,241,0.0033,0.1632,241,0.006,NA,NA,NA,NA,NA,NA,0.3132,0.0039,261,0.4556,0.1602,0,0.6371,0,Bayes-M17-med
Ototo,Sankuru,2,FALSE,0.0033,0.0025,0.0043,0.0033,237,236,238,0.0033,0.1653,237,0.0061,NA,NA,NA,NA,NA,NA,0.4561,0.0058,204,0.5386,0.3629,0,0.9228,0,Bayes-M17-med
Mompono,Tshuapa,2,FALSE,0.0033,0.0024,0.0042,0.0032,243,241,244,0.0033,0.1624,243,0.006,NA,NA,NA,NA,NA,NA,0.5598,0.007,170,0.8089,0.6042,0,0.8263,0,Bayes-M17-med
Ankoro,Tanganyika,2,FALSE,0.0033,0.0025,0.0043,0.0033,238,237,239,0.0033,0.1645,238,0.0061,NA,NA,NA,NA,NA,NA,0.6047,0.0076,159,0.9266,0.8282,0,0.6641,0,Bayes-M17-med
Bili (Bas-Uele),Bas-Uele,2,FALSE,0.0032,0.0024,0.0042,0.0031,254,247,263,0.0032,0.1581,254,0.0058,NA,NA,NA,NA,NA,NA,0.6926,0.0084,143,0.9981,0.7992,0,0.973,0,Bayes-M17-med
Basankusu,Equateur,2,FALSE,0.0032,0.0024,0.0042,0.0032,249,248,253,0.0032,0.1596,249,0.0059,NA,NA,NA,NA,NA,NA,0.6844,0.0084,144,0.9517,0.8629,0,0.9228,0,Bayes-M17-med
Bolomba,Equateur,2,FALSE,0.0032,0.0024,0.0042,0.0032,247,246,249,0.0032,0.1608,247,0.0059,NA,NA,NA,NA,NA,NA,0.6163,0.0076,160,0.9575,0.8533,0,0.6544,0,Bayes-M17-med
Kampemba,Haut-Katanga,2,FALSE,0.0032,0.0024,0.0041,0.0031,256,251,258,0.0032,0.1574,256,0.0058,NA,NA,NA,NA,NA,NA,0.0531,6e-4,450,0.0598,0.0367,0,0.1158,0,Bayes-M17-med
Kabondo Dianda,Haut-Lomami,2,FALSE,0.0032,0.0024,0.0041,0.0031,256,255,257,0.0032,0.1573,257,0.0058,NA,NA,NA,NA,NA,NA,0.4107,0.005,223,0.5888,0.5714,0,0.4826,0,Bayes-M17-med
Tshikaji,Kasaï-Central,2,FALSE,0.0032,0.0024,0.0041,0.0031,252,250,254,0.0032,0.1583,252,0.0058,NA,NA,NA,NA,NA,NA,0.3195,0.0039,266,0.1873,0.5849,0,0.5058,0,Bayes-M17-med
Dibindi,Kasaï-Oriental,2,FALSE,0.0032,0.0024,0.0042,0.0032,248,245,251,0.0032,0.1603,248,0.0059,NA,NA,NA,NA,NA,NA,0.1617,0.002,385,0.0386,0.2954,0,0.3127,0,Bayes-M17-med
Mpokolo,Kasaï-Oriental,2,FALSE,0.0032,0.0024,0.0042,0.0032,246,243,249,0.0033,0.1613,246,0.0059,NA,NA,NA,NA,NA,NA,0.2901,0.0036,284,0.1255,0.6873,0,0.3475,0,Bayes-M17-med
Matadi,Kongo-Central,2,FALSE,0.0032,0.0024,0.0041,0.0031,258,257,258,0.0032,0.1568,258,0.0058,NA,NA,NA,NA,NA,NA,0.2939,0.0035,291,0.1564,0.944,0,0.0753,0,Bayes-M17-med
Ipamu,Kwilu,2,FALSE,0.0032,0.0024,0.0041,0.0031,255,255,256,0.0032,0.1575,255,0.0058,NA,NA,NA,NA,NA,NA,0.5454,0.0066,179,0.4903,0.7683,0,0.9228,0,Bayes-M17-med
Kamana,Lomami,2,FALSE,0.0032,0.0024,0.0041,0.0031,253,252,253,0.0032,0.1582,253,0.0058,NA,NA,NA,NA,NA,NA,0.2944,0.0036,285,0.5309,0.0174,0,0.6293,0,Bayes-M17-med
Gbadolite,Nord-Ubangi,2,FALSE,0.0032,0.0024,0.0042,0.0032,250,248,254,0.0032,0.1595,250,0.0059,NA,NA,NA,NA,NA,NA,0.5183,0.0063,186,0.7915,0.9653,0,0.3166,0,Bayes-M17-med
Bogosenubea,Sud-Ubangi,2,FALSE,0.0032,0.0024,0.0042,0.0032,245,243,248,0.0033,0.1614,245,0.0059,NA,NA,NA,NA,NA,NA,0.4107,0.0051,217,0.4981,0.3031,0,0.8417,0,Bayes-M17-med
Basali,Tshopo,2,FALSE,0.0032,0.0024,0.0041,0.0032,251,246,254,0.0032,0.159,251,0.0059,NA,NA,NA,NA,NA,NA,0.3779,0.0046,232,0.834,0.0251,0,0.6525,0,Bayes-M17-med
Sakania,Haut-Katanga,2,FALSE,0.0031,0.0023,0.004,0.003,265,264,268,0.0031,0.153,265,0.0056,NA,NA,NA,NA,NA,NA,0.2775,0.0033,305,0.7375,0.2355,0,0.1371,0,Bayes-M17-med
Kanzala,Kasaï,2,FALSE,0.0031,0.0023,0.0039,0.003,269,267,269,0.0031,0.1517,269,0.0056,NA,NA,NA,NA,NA,NA,0.2046,0.0024,355,0.168,0.3127,0,0.3378,0,Bayes-M17-med
Ndekesha,Kasaï-Central,2,FALSE,0.0031,0.0023,0.004,0.003,266,264,266,0.0031,0.1528,266,0.0056,NA,NA,NA,NA,NA,NA,0.4059,0.0048,226,0.4768,0.4498,0,0.6969,0,Bayes-M17-med
Kansele,Kasaï-Oriental,2,FALSE,0.0031,0.0023,0.004,0.003,264,262,267,0.0031,0.1533,264,0.0056,NA,NA,NA,NA,NA,NA,0.2437,0.0029,328,0.0541,0.5965,0,0.3243,0,Bayes-M17-med
Alunguli,Maniema,2,FALSE,0.0031,0.0023,0.004,0.0031,263,260,266,0.0031,0.1537,263,0.0057,NA,NA,NA,NA,NA,NA,0.3132,0.0037,276,0.1737,0.195,0,0.8842,0,Bayes-M17-med
Bosobolo,Nord-Ubangi,2,FALSE,0.0031,0.0023,0.004,0.003,267,263,270,0.0031,0.1527,267,0.0056,NA,NA,NA,NA,NA,NA,0.7148,0.0084,145,0.9363,0.9459,0,0.9768,0,Bayes-M17-med
Dikungu,Sankuru,2,FALSE,0.0031,0.0024,0.0041,0.0031,259,257,261,0.0031,0.1562,259,0.0058,NA,NA,NA,NA,NA,NA,0.3779,0.0045,235,0.4865,0.1409,0,0.8842,0,Bayes-M17-med
Minga,Sankuru,2,FALSE,0.0031,0.0023,0.0041,0.0031,261,260,261,0.0031,0.1553,261,0.0057,NA,NA,NA,NA,NA,NA,0.5347,0.0064,183,0.7838,0.471,0,0.8842,0,Bayes-M17-med
Tshumbe,Sankuru,2,FALSE,0.0031,0.0024,0.0041,0.0031,260,259,260,0.0031,0.1557,260,0.0057,NA,NA,NA,NA,NA,NA,0.3907,0.0047,230,0.5444,0.1718,0,0.8465,0,Bayes-M17-med
Lowa,Tshopo,2,FALSE,0.0031,0.0023,0.004,0.003,268,266,268,0.0031,0.152,268,0.0056,NA,NA,NA,NA,NA,NA,0.4073,0.0048,227,0.8938,0.0598,0,0.6757,0,Bayes-M17-med
Befale,Tshuapa,2,FALSE,0.0031,0.0023,0.004,0.0031,262,262,265,0.0031,0.1541,262,0.0057,NA,NA,NA,NA,NA,NA,0.5145,0.0061,199,0.8822,0.4903,0,0.6853,0,Bayes-M17-med
Mukanga,Haut-Lomami,2,FALSE,0.003,0.0022,0.0039,0.003,273,272,274,0.003,0.1486,273,0.0055,NA,NA,NA,NA,NA,NA,0.4739,0.0054,213,0.6853,0.6911,0,0.5193,0,Bayes-M17-med
Dibaya,Kasaï-Central,2,FALSE,0.003,0.0023,0.0039,0.003,271,270,271,0.003,0.1496,271,0.0055,NA,NA,NA,NA,NA,NA,0.3325,0.0038,269,0.3147,0.4479,0,0.5676,0,Bayes-M17-med
Kikwit Sud,Kwilu,2,FALSE,0.003,0.0023,0.0039,0.003,270,269,273,0.003,0.1496,270,0.0055,NA,NA,NA,NA,NA,NA,0.3282,0.0038,273,0.1313,0.7008,0,0.4807,0,Bayes-M17-med
Yasa Bonga,Kwilu,2,FALSE,0.003,0.0022,0.0039,0.003,272,272,274,0.003,0.1488,272,0.0055,NA,NA,NA,NA,NA,NA,0.4206,0.0048,225,0.3031,0.5328,0,0.8465,0,Bayes-M17-med
Ferekeni,Maniema,2,FALSE,0.003,0.0022,0.0038,0.0029,275,272,275,0.003,0.1475,275,0.0054,NA,NA,NA,NA,NA,NA,0.3504,0.004,259,0.7722,0.0425,0,0.5869,0,Bayes-M17-med
Mobayi Mbongo,Nord-Ubangi,2,FALSE,0.003,0.0022,0.0039,0.0029,274,270,275,0.003,0.1479,274,0.0054,NA,NA,NA,NA,NA,NA,0.5458,0.0062,193,0.9324,0.8166,0,0.4344,0,Bayes-M17-med
Ruashi,Haut-Katanga,2,FALSE,0.0029,0.0021,0.0037,0.0028,281,276,283,0.0029,0.1422,281,0.0052,NA,NA,NA,NA,NA,NA,0.0705,8e-4,447,0.0985,0.0637,0,0.1197,0,Bayes-M17-med
Ilebo,Kasaï,2,FALSE,0.0029,0.0022,0.0037,0.0028,278,277,279,0.0029,0.1428,278,0.0053,NA,NA,NA,NA,NA,NA,0.3142,0.0034,296,0.2162,0.6139,0,0.4266,0,Bayes-M17-med
Katende,Kasaï-Central,2,FALSE,0.0029,0.0021,0.0037,0.0028,282,281,283,0.0029,0.1418,283,0.0052,NA,NA,NA,NA,NA,NA,0.5154,0.0056,211,0.6525,0.6486,0,0.7606,0,Bayes-M17-med
Kisantu,Kongo-Central,2,FALSE,0.0029,0.0021,0.0037,0.0028,282,280,283,0.0029,0.1419,282,0.0052,NA,NA,NA,NA,NA,NA,0.418,0.0046,234,0.5039,0.9903,0,0.1776,0,Bayes-M17-med
Boso Manzi,Mongala,2,FALSE,0.0029,0.0022,0.0038,0.0028,277,277,282,0.0029,0.1432,277,0.0053,NA,NA,NA,NA,NA,NA,0.3982,0.0044,245,0.5695,0.2278,0,0.7954,0,Bayes-M17-med
Abuzi,Nord-Ubangi,2,FALSE,0.0029,0.0021,0.0038,0.0028,279,278,285,0.0029,0.1427,279,0.0053,NA,NA,NA,NA,NA,NA,0.7153,0.0078,155,0.9846,0.9054,0,0.971,0,Bayes-M17-med
Bili (Nord-Ubangi),Nord-Ubangi,2,FALSE,0.0029,0.0022,0.0038,0.0029,276,276,279,0.0029,0.1443,276,0.0053,NA,NA,NA,NA,NA,NA,0.7075,0.0078,154,0.9247,0.9189,0,0.9865,0,Bayes-M17-med
Kiambi,Tanganyika,2,FALSE,0.0029,0.0022,0.0037,0.0028,280,278,280,0.0029,0.1426,280,0.0053,NA,NA,NA,NA,NA,NA,0.5709,0.0063,189,0.9807,0.6834,0,0.6197,0,Bayes-M17-med
Lukonga,Kasaï-Central,2,FALSE,0.0028,0.0021,0.0037,0.0028,285,283,286,0.0028,0.1405,285,0.0052,NA,NA,NA,NA,NA,NA,0.3282,0.0035,289,0.2239,0.6429,0,0.4459,0,Bayes-M17-med
Tshibala,Kasaï-Central,2,FALSE,0.0028,0.0021,0.0036,0.0027,287,287,289,0.0028,0.1372,287,0.0051,NA,NA,NA,NA,NA,NA,0.4218,0.0044,239,0.4266,0.5772,0,0.6834,0,Bayes-M17-med
Mukumbi,Kasaï-Oriental,2,FALSE,0.0028,0.0021,0.0037,0.0028,284,284,285,0.0028,0.1408,284,0.0052,NA,NA,NA,NA,NA,NA,0.2249,0.0024,352,0.2413,0.1892,0,0.4691,0,Bayes-M17-med
Djuma,Kwilu,2,FALSE,0.0028,0.0021,0.0037,0.0028,286,285,286,0.0028,0.1398,286,0.0052,NA,NA,NA,NA,NA,NA,0.5256,0.0056,210,0.4826,0.7355,0,0.8842,0,Bayes-M17-med
Kilwa,Haut-Katanga,2,FALSE,0.0027,0.002,0.0035,0.0027,290,288,290,0.0027,0.1355,290,0.005,NA,NA,NA,NA,NA,NA,0.3764,0.0039,263,0.749,0.39,0,0.3668,0,Bayes-M17-med
Muanda,Kongo-Central,2,FALSE,0.0027,0.002,0.0034,0.0026,294,292,295,0.0027,0.1317,294,0.0049,NA,NA,NA,NA,NA,NA,0.4093,0.0041,251,0.6371,1,0,0,0,Bayes-M17-med
Masi Manimba,Kwilu,2,FALSE,0.0027,0.002,0.0035,0.0026,291,291,293,0.0027,0.1334,291,0.0049,NA,NA,NA,NA,NA,NA,0.4281,0.0044,242,0.332,0.4961,0,0.8842,0,Bayes-M17-med
Wapinda,Nord-Ubangi,2,FALSE,0.0027,0.0021,0.0036,0.0027,288,287,290,0.0028,0.1365,288,0.005,NA,NA,NA,NA,NA,NA,0.6791,0.0071,166,0.9015,0.8398,0,0.9749,0,Bayes-M17-med
Budjala,Sud-Ubangi,2,FALSE,0.0027,0.002,0.0035,0.0026,292,291,293,0.0027,0.1328,292,0.0049,NA,NA,NA,NA,NA,NA,0.43,0.0044,243,0.5154,0.4035,0,0.8012,0,Bayes-M17-med
Kungu,Sud-Ubangi,2,FALSE,0.0027,0.0021,0.0036,0.0027,289,288,289,0.0027,0.1362,289,0.005,NA,NA,NA,NA,NA,NA,0.3711,0.0039,265,0.3745,0.3359,0,0.7741,0,Bayes-M17-med
Ndage,Sud-Ubangi,2,FALSE,0.0027,0.002,0.0035,0.0026,293,292,295,0.0027,0.1326,293,0.0049,NA,NA,NA,NA,NA,NA,0.3533,0.0036,282,0.3996,0.2761,0,0.7375,0,Bayes-M17-med
Kapolowe,Haut-Katanga,2,FALSE,0.0026,0.0019,0.0033,0.0025,300,299,301,0.0026,0.1278,300,0.0047,NA,NA,NA,NA,NA,NA,0.3026,0.003,320,0.5579,0.444,0,0.2085,0,Bayes-M17-med
Kisanga,Haut-Katanga,2,FALSE,0.0026,0.002,0.0034,0.0026,298,296,298,0.0026,0.13,298,0.0048,NA,NA,NA,NA,NA,NA,0.1081,0.0011,432,0.1293,0.2008,0,0.1023,0,Bayes-M17-med
Yangala,Kasaï-Central,2,FALSE,0.0026,0.002,0.0034,0.0026,297,297,297,0.0026,0.13,297,0.0048,NA,NA,NA,NA,NA,NA,0.348,0.0035,294,0.5927,0.2259,0,0.5734,0,Bayes-M17-med
Kalonda Est,Lomami,2,FALSE,0.0026,0.002,0.0034,0.0026,295,294,296,0.0026,0.1308,295,0.0048,NA,NA,NA,NA,NA,NA,0.3292,0.0033,301,0.5425,0.1506,0,0.6236,0,Bayes-M17-med
Loko,Nord-Ubangi,2,FALSE,0.0026,0.0019,0.0033,0.0025,302,300,305,0.0026,0.1269,302,0.0047,NA,NA,NA,NA,NA,NA,0.6535,0.0064,185,0.9402,0.9266,0,0.7471,0,Bayes-M17-med
Wembo Nyama,Sankuru,2,FALSE,0.0026,0.0019,0.0033,0.0025,301,300,302,0.0026,0.1272,301,0.0047,NA,NA,NA,NA,NA,NA,0.4097,0.004,258,0.5019,0.2143,0,0.9228,0,Bayes-M17-med
Bokonzi,Sud-Ubangi,2,FALSE,0.0026,0.0019,0.0034,0.0025,299,299,301,0.0026,0.1278,299,0.0047,NA,NA,NA,NA,NA,NA,0.236,0.0023,359,0.4305,0.083,0,0.4305,0,Bayes-M17-med
Boto,Sud-Ubangi,2,FALSE,0.0026,0.002,0.0034,0.0026,296,294,298,0.0026,0.1306,296,0.0048,NA,NA,NA,NA,NA,NA,0.3596,0.0036,281,0.3282,0.5174,0,0.5927,0,Bayes-M17-med
Kambove,Haut-Katanga,2,FALSE,0.0025,0.0019,0.0033,0.0025,303,302,305,0.0025,0.1263,303,0.0047,NA,NA,NA,NA,NA,NA,0.306,0.003,321,0.4247,0.6236,0,0.1757,0,Bayes-M17-med
Kamonia,Kasaï,2,FALSE,0.0025,0.0019,0.0032,0.0024,310,309,310,0.0025,0.1232,310,0.0045,NA,NA,NA,NA,NA,NA,0.14,0.0013,416,0.3707,0.11,0,0.0792,0,Bayes-M17-med
Kasaji,Lualaba,2,FALSE,0.0025,0.0019,0.0033,0.0025,305,304,306,0.0025,0.1259,305,0.0046,NA,NA,NA,NA,NA,NA,0.4648,0.0045,237,0.8552,0.4923,0,0.5116,0,Bayes-M17-med
Lualaba,Lualaba,2,FALSE,0.0025,0.0019,0.0033,0.0025,304,303,304,0.0025,0.1261,304,0.0046,NA,NA,NA,NA,NA,NA,0.1404,0.0014,414,0.3552,0.0347,0,0.1718,0,Bayes-M17-med
Pangi,Maniema,2,FALSE,0.0025,0.0019,0.0032,0.0025,308,308,309,0.0025,0.1237,308,0.0046,NA,NA,NA,NA,NA,NA,0.3316,0.0032,310,0.6081,0.056,0,0.6622,0,Bayes-M17-med
Kole,Sankuru,2,FALSE,0.0025,0.0019,0.0032,0.0025,309,308,310,0.0025,0.1235,309,0.0046,NA,NA,NA,NA,NA,NA,0.4802,0.0046,233,0.7761,0.2606,0,0.8842,0,Bayes-M17-med
Lusambo,Sankuru,2,FALSE,0.0025,0.0019,0.0033,0.0025,306,306,307,0.0025,0.1254,306,0.0046,NA,NA,NA,NA,NA,NA,0.4833,0.0047,231,0.6815,0.2992,0,0.9527,0,Bayes-M17-med
Bulu,Sud-Ubangi,2,FALSE,0.0025,0.0019,0.0033,0.0025,307,303,307,0.0025,0.1252,307,0.0046,NA,NA,NA,NA,NA,NA,0.3147,0.003,318,0.3649,0.1988,0,0.695,0,Bayes-M17-med
Ndjoko Mpunda,Kasaï,2,FALSE,0.0024,0.0018,0.0031,0.0024,314,313,314,0.0024,0.1183,314,0.0044,NA,NA,NA,NA,NA,NA,0.333,0.003,317,0.3977,0.2915,0,0.6429,0,Bayes-M17-med
Bandundu,Kwilu,2,FALSE,0.0024,0.0018,0.0032,0.0024,311,311,311,0.0024,0.1211,311,0.0045,NA,NA,NA,NA,NA,NA,0.3364,0.0031,312,0.3436,0.751,0,0.251,0,Bayes-M17-med
Mokala,Kwilu,2,FALSE,0.0024,0.0018,0.0031,0.0024,312,312,313,0.0024,0.1191,312,0.0044,NA,NA,NA,NA,NA,NA,0.5118,0.0047,229,0.4228,0.6718,0,0.9527,0,Bayes-M17-med
Makota,Lomami,2,FALSE,0.0024,0.0018,0.0031,0.0024,313,312,314,0.0024,0.1185,313,0.0044,NA,NA,NA,NA,NA,NA,0.2587,0.0024,357,0.1023,0.3764,0,0.556,0,Bayes-M17-med
Bena Dibele,Sankuru,2,FALSE,0.0024,0.0018,0.0031,0.0023,315,315,317,0.0024,0.1169,315,0.0043,NA,NA,NA,NA,NA,NA,0.4093,0.0037,277,0.6216,0.1564,0,0.8591,0,Bayes-M17-med
Pweto,Haut-Katanga,2,FALSE,0.0023,0.0017,0.003,0.0023,319,318,319,0.0023,0.1146,319,0.0042,NA,NA,NA,NA,NA,NA,0.3518,0.0031,315,0.7992,0.2587,0,0.3494,0,Bayes-M17-med
Kakenge,Kasaï,2,FALSE,0.0023,0.0017,0.0029,0.0022,322,321,322,0.0023,0.1121,322,0.0041,NA,NA,NA,NA,NA,NA,0.4522,0.0039,264,0.5753,0.4788,0,0.7548,0,Bayes-M17-med
Muetshi,Kasaï-Central,2,FALSE,0.0023,0.0017,0.003,0.0022,321,320,321,0.0023,0.113,321,0.0042,NA,NA,NA,NA,NA,NA,0.4792,0.0042,250,0.6158,0.5386,0,0.7625,0,Bayes-M17-med
Kimpese,Kongo-Central,2,FALSE,0.0023,0.0017,0.0029,0.0022,323,322,323,0.0023,0.1121,323,0.0041,NA,NA,NA,NA,NA,NA,0.4947,0.0043,248,0.7896,0.9768,0,0.2124,0,Bayes-M17-med
Boso Mondanda,Mongala,2,FALSE,0.0023,0.0017,0.0029,0.0023,320,316,323,0.0023,0.1136,320,0.0042,NA,NA,NA,NA,NA,NA,0.3716,0.0032,306,0.5869,0.1486,0,0.751,0,Bayes-M17-med
Businga,Nord-Ubangi,2,FALSE,0.0023,0.0017,0.003,0.0023,318,318,320,0.0023,0.1153,318,0.0042,NA,NA,NA,NA,NA,NA,0.6781,0.006,200,0.9286,0.861,0,0.9228,0,Bayes-M17-med
Wasolo,Nord-Ubangi,2,FALSE,0.0023,0.0018,0.0031,0.0023,316,315,317,0.0023,0.1165,316,0.0043,NA,NA,NA,NA,NA,NA,0.5709,0.0051,216,0.5541,0.7413,0,0.9884,0,Bayes-M17-med
Monkoto,Tshuapa,2,FALSE,0.0023,0.0018,0.003,0.0023,317,316,317,0.0023,0.1163,317,0.0043,NA,NA,NA,NA,NA,NA,0.5598,0.005,221,0.9498,0.4054,0,0.8842,0,Bayes-M17-med
Ingende,Equateur,2,FALSE,0.0022,0.0017,0.0029,0.0022,325,324,325,0.0022,0.111,325,0.0041,NA,NA,NA,NA,NA,NA,0.596,0.0051,218,0.9208,0.8571,0,0.6062,0,Bayes-M17-med
Kinkondja,Haut-Lomami,2,FALSE,0.0022,0.0017,0.0029,0.0022,326,326,326,0.0022,0.1092,326,0.004,NA,NA,NA,NA,NA,NA,0.4889,0.0041,253,0.7278,0.6274,0,0.6004,0,Bayes-M17-med
Mikope,Kasaï,2,FALSE,0.0022,0.0017,0.0029,0.0022,324,324,325,0.0022,0.1114,324,0.0041,NA,NA,NA,NA,NA,NA,0.3996,0.0034,298,0.6776,0.2703,0,0.6506,0,Bayes-M17-med
Katoka,Kasaï-Central,2,FALSE,0.0022,0.0016,0.0028,0.0021,330,327,330,0.0022,0.1071,330,0.0039,NA,NA,NA,NA,NA,NA,0.2645,0.0022,373,0.1216,0.473,0,0.4633,0,Bayes-M17-med
Tshikula,Kasaï-Central,2,FALSE,0.0022,0.0016,0.0028,0.0021,328,328,329,0.0022,0.1076,328,0.004,NA,NA,NA,NA,NA,NA,0.3296,0.0027,335,0.3919,0.3185,0,0.6081,0,Bayes-M17-med
Lukula,Kongo-Central,2,FALSE,0.0022,0.0016,0.0028,0.0022,327,327,328,0.0022,0.1087,327,0.004,NA,NA,NA,NA,NA,NA,0.3933,0.0033,304,0.529,0.8745,0,0.1699,0,Bayes-M17-med
Inongo,Mai-Ndombe,2,FALSE,0.0022,0.0016,0.0028,0.0021,329,328,330,0.0022,0.1072,329,0.004,NA,NA,NA,NA,NA,NA,0.4952,0.0041,255,0.7645,0.2934,0,0.9228,0,Bayes-M17-med
Boma,Kongo-Central,2,FALSE,0.0021,0.0016,0.0027,0.002,337,337,337,0.0021,0.1025,337,0.0038,NA,NA,NA,NA,NA,NA,0.2901,0.0023,362,0.1467,0.9247,0,0.0888,0,Bayes-M17-med
Boko Kivulu,Kongo-Central,2,FALSE,0.0021,0.0016,0.0028,0.0021,331,331,331,0.0021,0.1051,331,0.0039,NA,NA,NA,NA,NA,NA,0.4281,0.0035,295,0.5792,0.9324,0,0.2008,0,Bayes-M17-med
Mbanza Ngungu,Kongo-Central,2,FALSE,0.0021,0.0016,0.0027,0.002,335,334,336,0.0021,0.1031,335,0.0038,NA,NA,NA,NA,NA,NA,0.3711,0.0029,324,0.3205,0.9749,0,0.1892,0,Bayes-M17-med
Bagata,Kwilu,2,FALSE,0.0021,0.0016,0.0027,0.002,336,335,336,0.0021,0.1031,336,0.0038,NA,NA,NA,NA,NA,NA,0.5135,0.0041,256,0.6795,0.695,0,0.6795,0,Bayes-M17-med
Pay Kongila,Kwilu,2,FALSE,0.0021,0.0016,0.0027,0.0021,334,333,335,0.0021,0.1036,334,0.0038,NA,NA,NA,NA,NA,NA,0.4488,0.0036,286,0.5135,0.6467,0,0.6351,0,Bayes-M17-med
Kapanga,Lualaba,2,FALSE,0.0021,0.0016,0.0027,0.0021,332,332,333,0.0021,0.1041,332,0.0038,NA,NA,NA,NA,NA,NA,0.4112,0.0033,303,0.8514,0.3938,0,0.3996,0,Bayes-M17-med
Tunda,Maniema,2,FALSE,0.0021,0.0016,0.0027,0.0021,333,332,334,0.0021,0.1041,333,0.0038,NA,NA,NA,NA,NA,NA,0.459,0.0037,278,0.8977,0.0541,0,0.8842,0,Bayes-M17-med
Likasi,Haut-Katanga,2,FALSE,0.002,0.0015,0.0026,0.002,340,340,342,0.002,0.0995,340,0.0037,NA,NA,NA,NA,NA,NA,0.1728,0.0013,417,0.112,0.4208,0,0.1583,0,Bayes-M17-med
Dekese,Kasaï,2,FALSE,0.002,0.0015,0.0026,0.002,339,338,339,0.002,0.1011,339,0.0037,NA,NA,NA,NA,NA,NA,0.4633,0.0036,283,0.9189,0.2181,0,0.7162,0,Bayes-M17-med
Bilomba,Kasaï-Central,2,FALSE,0.002,0.0015,0.0026,0.002,338,338,339,0.002,0.1012,338,0.0037,NA,NA,NA,NA,NA,NA,0.4006,0.0031,314,0.3378,0.4421,0,0.8224,0,Bayes-M17-med
Panzi,Kwango,2,FALSE,0.002,0.0015,0.0026,0.002,341,340,341,0.002,0.0995,341,0.0037,NA,NA,NA,NA,NA,NA,0.5236,0.004,257,0.7548,0.583,0,0.7568,0,Bayes-M17-med
Boko,Kwango,2,FALSE,0.002,0.0015,0.0025,0.0019,345,343,345,0.002,0.0973,345,0.0036,NA,NA,NA,NA,NA,NA,0.5121,0.0038,268,0.7336,0.61,0,0.7046,0,Bayes-M17-med
Kimputu,Kwilu,2,FALSE,0.002,0.0015,0.0025,0.0019,344,343,345,0.002,0.0973,344,0.0036,NA,NA,NA,NA,NA,NA,0.5039,0.0038,274,0.4923,0.639,0,0.8842,0,Bayes-M17-med
Mosango,Kwilu,2,FALSE,0.002,0.0015,0.0025,0.0019,343,342,344,0.002,0.0975,343,0.0036,NA,NA,NA,NA,NA,NA,0.515,0.0039,267,0.5463,0.7375,0,0.7761,0,Bayes-M17-med
Bangabola,Sud-Ubangi,2,FALSE,0.002,0.0015,0.0026,0.002,342,341,344,0.002,0.0984,342,0.0036,NA,NA,NA,NA,NA,NA,0.3904,0.003,322,0.3533,0.3494,0,0.8591,0,Bayes-M17-med
Mufunga Sampwe,Haut-Katanga,2,FALSE,0.0019,0.0014,0.0024,0.0018,352,352,353,0.0019,0.0921,352,0.0034,NA,NA,NA,NA,NA,NA,0.3774,0.0027,337,0.8185,0.0888,0,0.6023,0,Bayes-M17-med
Kwilu Ngongo,Kongo-Central,2,FALSE,0.0019,0.0014,0.0025,0.0019,348,348,348,0.0019,0.0951,348,0.0035,NA,NA,NA,NA,NA,NA,0.3875,0.0028,330,0.4884,0.8668,0,0.195,0,Bayes-M17-med
Feshi,Kwango,2,FALSE,0.0019,0.0015,0.0025,0.0019,346,346,346,0.002,0.0968,346,0.0036,NA,NA,NA,NA,NA,NA,0.5082,0.0038,272,0.7317,0.5425,0,0.7587,0,Bayes-M17-med
Kikongo,Kwilu,2,FALSE,0.0019,0.0014,0.0024,0.0018,351,351,352,0.0019,0.0925,351,0.0034,NA,NA,NA,NA,NA,NA,0.5024,0.0036,287,0.6969,0.6023,0,0.7104,0,Bayes-M17-med
Wikong,Lomami,2,FALSE,0.0019,0.0014,0.0024,0.0019,350,349,350,0.0019,0.0935,350,0.0034,NA,NA,NA,NA,NA,NA,0.3663,0.0026,339,0.2529,0.4228,0,0.7896,0,Bayes-M17-med
Sandoa,Lualaba,2,FALSE,0.0019,0.0015,0.0025,0.0019,347,347,347,0.0019,0.0964,347,0.0036,NA,NA,NA,NA,NA,NA,0.5536,0.0041,254,0.9421,0.6815,0,0.5907,0,Bayes-M17-med
Mawuya,Sud-Ubangi,2,FALSE,0.0019,0.0014,0.0025,0.0019,349,349,351,0.0019,0.0939,349,0.0035,NA,NA,NA,NA,NA,NA,0.2654,0.0019,389,0.444,0.2394,0,0.3784,0,Bayes-M17-med
Makanza,Equateur,2,FALSE,0.0018,0.0014,0.0023,0.0018,353,350,361,0.0018,0.0901,353,0.0033,NA,NA,NA,NA,NA,NA,0.639,0.0044,241,0.9537,0.7954,0,0.8069,0,Bayes-M17-med
Wangata,Equateur,2,FALSE,0.0018,0.0014,0.0023,0.0018,354,354,360,0.0018,0.0893,354,0.0033,NA,NA,NA,NA,NA,NA,0.417,0.0029,329,0.2336,0.9865,0,0.4479,0,Bayes-M17-med
Kasenga,Haut-Katanga,2,FALSE,0.0018,0.0013,0.0023,0.0018,357,355,358,0.0018,0.0891,357,0.0033,NA,NA,NA,NA,NA,NA,0.3953,0.0027,336,0.8166,0.6255,0,0.139,0,Bayes-M17-med
Lwamba,Haut-Lomami,2,FALSE,0.0018,0.0013,0.0023,0.0018,356,353,356,0.0018,0.0893,356,0.0033,NA,NA,NA,NA,NA,NA,0.4865,0.0033,300,0.8069,0.6409,0,0.4981,0,Bayes-M17-med
Songa,Haut-Lomami,2,FALSE,0.0018,0.0013,0.0023,0.0017,363,363,364,0.0018,0.087,363,0.0032,NA,NA,NA,NA,NA,NA,0.473,0.0032,309,0.9344,0.3533,0,0.6042,0,Bayes-M17-med
Kitangwa,Kasaï,2,FALSE,0.0018,0.0013,0.0023,0.0018,358,356,359,0.0018,0.089,358,0.0033,NA,NA,NA,NA,NA,NA,0.3287,0.0022,365,0.6332,0.1062,0,0.5753,0,Bayes-M17-med
Lubunga (Kasaï-Central),Kasaï-Central,2,FALSE,0.0018,0.0013,0.0023,0.0018,361,359,361,0.0018,0.0884,361,0.0033,NA,NA,NA,NA,NA,NA,0.4599,0.0031,313,0.5637,0.4653,0,0.8108,0,Bayes-M17-med
Dilolo,Lualaba,2,FALSE,0.0018,0.0014,0.0023,0.0018,355,354,355,0.0018,0.0893,355,0.0033,NA,NA,NA,NA,NA,NA,0.3663,0.0025,348,0.8398,0.6197,0,0.0058,0,Bayes-M17-med
Kanzenze,Lualaba,2,FALSE,0.0018,0.0013,0.0023,0.0017,362,361,362,0.0018,0.0875,362,0.0032,NA,NA,NA,NA,NA,NA,0.2389,0.0016,404,0.6255,0.1429,0,0.1873,0,Bayes-M17-med
Djalo Ndjeka,Sankuru,2,FALSE,0.0018,0.0013,0.0023,0.0018,357,357,359,0.0018,0.0889,359,0.0033,NA,NA,NA,NA,NA,NA,0.3378,0.0023,360,0.3591,0.0695,0,0.9228,0,Bayes-M17-med
Bominenge,Sud-Ubangi,2,FALSE,0.0018,0.0013,0.0023,0.0018,360,353,362,0.0018,0.0885,360,0.0033,NA,NA,NA,NA,NA,NA,0.3258,0.0022,367,0.2819,0.0985,0,0.9228,0,Bayes-M17-med
Bikoro,Equateur,2,FALSE,0.0017,0.0013,0.0023,0.0017,364,363,364,0.0017,0.0867,364,0.0032,NA,NA,NA,NA,NA,NA,0.5951,0.004,260,0.8127,0.8147,0,0.7529,0,Bayes-M17-med
Mushenge,Kasaï,2,FALSE,0.0017,0.0013,0.0022,0.0017,368,367,368,0.0017,0.0852,368,0.0031,NA,NA,NA,NA,NA,NA,0.3229,0.0021,381,0.5946,0.0656,0,0.6313,0,Bayes-M17-med
Mutena,Kasaï,2,FALSE,0.0017,0.0012,0.0022,0.0016,373,373,374,0.0017,0.0822,373,0.003,NA,NA,NA,NA,NA,NA,0.2336,0.0015,409,0.334,0.0753,0,0.5251,0,Bayes-M17-med
Lubondaie,Kasaï-Central,2,FALSE,0.0017,0.0013,0.0022,0.0017,369,369,369,0.0017,0.0848,369,0.0031,NA,NA,NA,NA,NA,NA,0.3147,0.002,383,0.3822,0.1583,0,0.7181,0,Bayes-M17-med
Seke Banza,Kongo-Central,2,FALSE,0.0017,0.0013,0.0022,0.0017,371,371,372,0.0017,0.0831,371,0.0031,NA,NA,NA,NA,NA,NA,0.4513,0.0029,326,0.6351,0.9498,0,0.2201,0,Bayes-M17-med
Kahemba,Kwango,2,FALSE,0.0017,0.0013,0.0022,0.0017,367,366,367,0.0017,0.0859,367,0.0032,NA,NA,NA,NA,NA,NA,0.5367,0.0035,288,0.8958,0.7278,0,0.5232,0,Bayes-M17-med
Mungindu,Kwilu,2,FALSE,0.0017,0.0013,0.0023,0.0017,366,365,367,0.0017,0.086,366,0.0032,NA,NA,NA,NA,NA,NA,0.3818,0.0025,346,0.4691,0.5367,0,0.5212,0,Bayes-M17-med
Kamiji,Lomami,2,FALSE,0.0017,0.0012,0.0022,0.0016,372,372,373,0.0017,0.0824,372,0.003,NA,NA,NA,NA,NA,NA,0.2635,0.0017,403,0.3398,0.1293,0,0.5849,0,Bayes-M17-med
Bongandanga,Mongala,2,FALSE,0.0017,0.0013,0.0022,0.0017,370,370,370,0.0017,0.0839,370,0.0031,NA,NA,NA,NA,NA,NA,0.4228,0.0027,334,0.7587,0.0097,0,0.9228,0,Bayes-M17-med
Busanga,Tshuapa,2,FALSE,0.0017,0.0013,0.0023,0.0017,365,365,368,0.0017,0.086,365,0.0032,NA,NA,NA,NA,NA,NA,0.4452,0.0029,323,0.6602,0.168,0,0.9527,0,Bayes-M17-med
Massa,Kongo-Central,2,FALSE,0.0016,0.0012,0.0021,0.0016,378,377,378,0.0016,0.0792,378,0.0029,NA,NA,NA,NA,NA,NA,0.4223,0.0026,343,0.668,0.9208,0,0.1004,0,Bayes-M17-med
Kimbao,Kwango,2,FALSE,0.0016,0.0012,0.0021,0.0016,377,376,377,0.0016,0.0794,377,0.0029,NA,NA,NA,NA,NA,NA,0.5743,0.0035,293,0.7201,0.7181,0,0.8591,0,Bayes-M17-med
Popokabaka,Kwango,2,FALSE,0.0016,0.0012,0.0021,0.0016,374,374,375,0.0016,0.0811,374,0.003,NA,NA,NA,NA,NA,NA,0.5507,0.0034,297,0.7703,0.7876,0,0.6448,0,Bayes-M17-med
Pania Mutombo,Sankuru,2,FALSE,0.0016,0.0012,0.0021,0.0016,375,371,378,0.0016,0.081,375,0.003,NA,NA,NA,NA,NA,NA,0.4117,0.0026,345,0.7413,0.1236,0,0.7819,0,Bayes-M17-med
Wema,Tshuapa,2,FALSE,0.0016,0.0012,0.0021,0.0016,376,375,378,0.0016,0.0796,376,0.0029,NA,NA,NA,NA,NA,NA,0.4469,0.0027,333,0.8494,0.1332,0,0.805,0,Bayes-M17-med
Bunkonde,Kasaï-Central,2,FALSE,0.0015,0.0011,0.0019,0.0014,382,382,382,0.0015,0.0723,382,0.0027,NA,NA,NA,NA,NA,NA,0.3523,0.002,387,0.4015,0.278,0,0.7297,0,Bayes-M17-med
Mutoto,Kasaï-Central,2,FALSE,0.0015,0.0011,0.002,0.0015,381,381,381,0.0015,0.0752,381,0.0028,NA,NA,NA,NA,NA,NA,0.3441,0.002,386,0.4575,0.361,0,0.5579,0,Bayes-M17-med
Nsona Mpangu,Kongo-Central,2,FALSE,0.0015,0.0011,0.0019,0.0014,384,383,384,0.0015,0.0721,384,0.0027,NA,NA,NA,NA,NA,NA,0.4165,0.0023,361,0.722,0.7645,0,0.1795,0,Bayes-M17-med
Wamba Lwadi,Kwango,2,FALSE,0.0015,0.0011,0.0019,0.0014,383,383,384,0.0015,0.0721,383,0.0027,NA,NA,NA,NA,NA,NA,0.5492,0.003,316,0.6467,0.8185,0,0.7317,0,Bayes-M17-med
Kalamba,Lualaba,2,FALSE,0.0015,0.0011,0.002,0.0015,379,379,379,0.0015,0.0753,379,0.0028,NA,NA,NA,NA,NA,NA,0.4542,0.0026,340,0.8803,0.2375,0,0.6988,0,Bayes-M17-med
Nioki,Mai-Ndombe,2,FALSE,0.0015,0.0011,0.002,0.0015,380,380,380,0.0015,0.0752,380,0.0028,NA,NA,NA,NA,NA,NA,0.389,0.0022,364,0.61,0.3958,0,0.5502,0,Bayes-M17-med
Djombo,Equateur,2,FALSE,0.0014,0.001,0.0018,0.0014,391,389,391,0.0014,0.0696,391,0.0026,NA,NA,NA,NA,NA,NA,0.6554,0.0035,292,0.917,0.7819,0,0.9228,0,Bayes-M17-med
Kafubu,Haut-Katanga,2,FALSE,0.0014,0.0011,0.0018,0.0014,387,386,387,0.0014,0.0707,387,0.0026,NA,NA,NA,NA,NA,NA,0.2104,0.0011,428,0.6042,0.0869,0,0.1506,0,Bayes-M17-med
Kayamba,Haut-Lomami,2,FALSE,0.0014,0.0011,0.0018,0.0014,388,387,388,0.0014,0.0706,388,0.0026,NA,NA,NA,NA,NA,NA,0.4276,0.0023,358,0.7027,0.4189,0,0.5888,0,Bayes-M17-med
Nyanga,Kasaï,2,FALSE,0.0014,0.001,0.0018,0.0014,392,392,392,0.0014,0.0684,392,0.0025,NA,NA,NA,NA,NA,NA,0.348,0.0018,394,0.4402,0.3803,0,0.5714,0,Bayes-M17-med
Ndesha,Kasaï-Central,2,FALSE,0.0014,0.0011,0.0018,0.0014,389,388,391,0.0014,0.0701,389,0.0026,NA,NA,NA,NA,NA,NA,0.2317,0.0012,419,0.1448,0.3456,0,0.4363,0,Bayes-M17-med
Sia,Kwilu,2,FALSE,0.0014,0.0011,0.0019,0.0014,385,385,385,0.0014,0.0714,385,0.0026,NA,NA,NA,NA,NA,NA,0.3986,0.0022,372,0.4151,0.3822,0,0.7973,0,Bayes-M17-med
Kingandu,Kwilu,2,FALSE,0.0014,0.001,0.0018,0.0014,393,393,393,0.0014,0.0681,393,0.0025,NA,NA,NA,NA,NA,NA,0.4923,0.0026,342,0.7162,0.6583,0,0.5946,0,Bayes-M17-med
Oshwe,Mai-Ndombe,2,FALSE,0.0014,0.0011,0.0019,0.0014,386,386,389,0.0014,0.0708,386,0.0026,NA,NA,NA,NA,NA,NA,0.4855,0.0026,338,0.8764,0.3301,0,0.7355,0,Bayes-M17-med
Zongo,Sud-Ubangi,2,FALSE,0.0014,0.0011,0.0018,0.0014,390,389,391,0.0014,0.0697,390,0.0026,NA,NA,NA,NA,NA,NA,0.2418,0.0013,418,0.278,0.4131,0,0.2761,0,Bayes-M17-med
Iboko,Equateur,2,FALSE,0.0013,0.001,0.0018,0.0013,394,394,395,0.0013,0.0669,394,0.0025,NA,NA,NA,NA,NA,NA,0.612,0.0031,311,0.8282,0.7915,0,0.8282,0,Bayes-M17-med
Lotumbe,Equateur,2,FALSE,0.0013,0.001,0.0017,0.0013,403,401,404,0.0013,0.0644,403,0.0024,NA,NA,NA,NA,NA,NA,0.5816,0.0029,327,0.9691,0.7085,0,0.6486,0,Bayes-M17-med
Kikula,Haut-Katanga,2,FALSE,0.0013,0.001,0.0017,0.0013,396,394,398,0.0013,0.0664,396,0.0024,NA,NA,NA,NA,NA,NA,0.0951,5e-4,453,0.1062,0.1139,0,0.1602,0,Bayes-M17-med
Mitwaba,Haut-Katanga,2,FALSE,0.0013,0.001,0.0017,0.0013,401,400,402,0.0013,0.0649,401,0.0024,NA,NA,NA,NA,NA,NA,0.3528,0.0018,396,0.8012,0.0618,0,0.5483,0,Bayes-M17-med
Bulape,Kasaï,2,FALSE,0.0013,0.001,0.0017,0.0013,397,396,397,0.0013,0.0663,397,0.0024,NA,NA,NA,NA,NA,NA,0.4315,0.0022,368,0.7066,0.1853,0,0.834,0,Bayes-M17-med
Bena Tshadi,Kasaï-Central,2,FALSE,0.0013,0.001,0.0017,0.0013,398,397,398,0.0013,0.0662,398,0.0024,NA,NA,NA,NA,NA,NA,0.472,0.0024,354,0.6699,0.3784,0,0.8398,0,Bayes-M17-med
Kalomba,Kasaï-Central,2,FALSE,0.0013,0.001,0.0017,0.0013,405,405,406,0.0013,0.0633,405,0.0023,NA,NA,NA,NA,NA,NA,0.2944,0.0014,413,0.3166,0.1467,0,0.7143,0,Bayes-M17-med
Kangu,Kongo-Central,2,FALSE,0.0013,0.001,0.0017,0.0013,402,402,402,0.0013,0.0648,402,0.0024,NA,NA,NA,NA,NA,NA,0.3528,0.0018,397,0.3803,0.8822,0,0.1486,0,Bayes-M17-med
Ngidinga,Kongo-Central,2,FALSE,0.0013,9e-4,0.0016,0.0012,407,407,408,0.0013,0.0623,407,0.0023,NA,NA,NA,NA,NA,NA,0.4488,0.0022,376,0.6544,0.7432,0,0.3977,0,Bayes-M17-med
Kasongo Lunda,Kwango,2,FALSE,0.0013,0.001,0.0017,0.0013,400,400,400,0.0013,0.0651,400,0.0024,NA,NA,NA,NA,NA,NA,0.3441,0.0017,399,0.6274,0.5946,0,0.1544,0,Bayes-M17-med
Kafakumba,Lualaba,2,FALSE,0.0013,9e-4,0.0016,0.0012,408,408,409,0.0013,0.0622,408,0.0023,NA,NA,NA,NA,NA,NA,0.4648,0.0022,366,0.8687,0.2027,0,0.7876,0,Bayes-M17-med
Banzow Moke,Mai-Ndombe,2,FALSE,0.0013,9e-4,0.0016,0.0012,409,407,409,0.0013,0.0622,409,0.0023,NA,NA,NA,NA,NA,NA,0.5236,0.0025,349,0.6892,0.5212,0,0.8842,0,Bayes-M17-med
Kiri,Mai-Ndombe,2,FALSE,0.0013,0.001,0.0017,0.0013,406,405,406,0.0013,0.0632,406,0.0023,NA,NA,NA,NA,NA,NA,0.5685,0.0028,332,0.8745,0.4768,0,0.9228,0,Bayes-M17-med
Kwamouth,Mai-Ndombe,2,FALSE,0.0013,0.001,0.0017,0.0013,404,403,404,0.0013,0.0642,404,0.0024,NA,NA,NA,NA,NA,NA,0.43,0.0021,380,0.8707,0.417,0,0.4324,0,Bayes-M17-med
Mushie,Mai-Ndombe,2,FALSE,0.0013,0.001,0.0017,0.0013,399,399,400,0.0013,0.0654,399,0.0024,NA,NA,NA,NA,NA,NA,0.4291,0.0022,375,0.7394,0.3649,0,0.612,0,Bayes-M17-med
Tshudi Loto,Sankuru,2,FALSE,0.0013,0.001,0.0017,0.0013,395,395,398,0.0013,0.0666,395,0.0025,NA,NA,NA,NA,NA,NA,0.4237,0.0022,374,0.7683,0.0039,0,0.9228,0,Bayes-M17-med
Panda,Haut-Katanga,2,FALSE,0.0012,9e-4,0.0016,0.0012,413,411,413,0.0012,0.0603,413,0.0022,NA,NA,NA,NA,NA,NA,0.2027,9e-4,437,0.1622,0.4826,0,0.166,0,Bayes-M17-med
Kenya,Haut-Katanga,2,FALSE,0.0012,9e-4,0.0015,0.0012,416,415,416,0.0012,0.0585,416,0.0022,NA,NA,NA,NA,NA,NA,0.0569,3e-4,458,0.11,0.0116,0,0.1062,0,Bayes-M17-med
Lukafu,Haut-Katanga,2,FALSE,0.0012,9e-4,0.0016,0.0012,410,410,410,0.0012,0.0617,410,0.0023,NA,NA,NA,NA,NA,NA,0.4015,0.0019,390,0.888,0.3243,0,0.3938,0,Bayes-M17-med
Inga,Kongo-Central,2,FALSE,0.0012,9e-4,0.0015,0.0012,417,417,417,0.0012,0.0581,417,0.0021,NA,NA,NA,NA,NA,NA,0.3847,0.0017,400,0.5212,0.8243,0,0.1931,0,Bayes-M17-med
Gombe Matadi,Kongo-Central,2,FALSE,0.0012,9e-4,0.0015,0.0012,415,415,416,0.0012,0.0589,415,0.0022,NA,NA,NA,NA,NA,NA,0.4151,0.0019,391,0.6911,0.7857,0,0.1834,0,Bayes-M17-med
Moanza,Kwilu,2,FALSE,0.0012,9e-4,0.0016,0.0012,412,412,413,0.0012,0.0604,412,0.0022,NA,NA,NA,NA,NA,NA,0.52,0.0024,353,0.5985,0.529,0,0.9527,0,Bayes-M17-med
Lubudi,Lualaba,2,FALSE,0.0012,9e-4,0.0015,0.0012,414,414,414,0.0012,0.0592,414,0.0022,NA,NA,NA,NA,NA,NA,0.4667,0.0021,378,0.9151,0.4614,0,0.4903,0,Bayes-M17-med
Mbaya,Sud-Ubangi,2,FALSE,0.0012,9e-4,0.0016,0.0012,411,411,412,0.0012,0.061,411,0.0022,NA,NA,NA,NA,NA,NA,0.3142,0.0015,410,0.3514,0.2239,0,0.6815,0,Bayes-M17-med
Lukolela,Equateur,2,FALSE,0.0011,8e-4,0.0015,0.0011,421,421,421,0.0011,0.0555,421,0.002,NA,NA,NA,NA,NA,NA,0.5787,0.0025,350,0.944,0.9151,0,0.4556,0,Bayes-M17-med
Monieka,Equateur,2,FALSE,0.0011,8e-4,0.0014,0.0011,424,424,425,0.0011,0.0531,424,0.002,NA,NA,NA,NA,NA,NA,0.596,0.0024,351,0.9768,0.7336,0,0.6737,0,Bayes-M17-med
Luozi,Kongo-Central,2,FALSE,0.0011,8e-4,0.0014,0.0011,423,423,423,0.0011,0.0543,423,0.002,NA,NA,NA,NA,NA,NA,0.5241,0.0022,370,0.7355,0.8861,0,0.4749,0,Bayes-M17-med
Kisanji,Kwango,2,FALSE,0.0011,8e-4,0.0014,0.001,425,424,425,0.0011,0.0528,425,0.0019,NA,NA,NA,NA,NA,NA,0.5574,0.0023,363,0.8417,0.6544,0,0.7336,0,Bayes-M17-med
Ntandembelo,Mai-Ndombe,2,FALSE,0.0011,9e-4,0.0015,0.0011,418,418,418,0.0012,0.0571,418,0.0021,NA,NA,NA,NA,NA,NA,0.4595,0.002,384,0.6023,0.4633,0,0.7722,0,Bayes-M17-med
Yumbi,Mai-Ndombe,2,FALSE,0.0011,9e-4,0.0015,0.0011,419,419,419,0.0011,0.0568,419,0.0021,NA,NA,NA,NA,NA,NA,0.2741,0.0012,424,0.4131,0.4015,0,0.2819,0,Bayes-M17-med
Bolobo,Mai-Ndombe,2,FALSE,0.0011,8e-4,0.0015,0.0011,420,420,420,0.0011,0.0563,420,0.0021,NA,NA,NA,NA,NA,NA,0.3388,0.0015,412,0.6313,0.4981,0,0.2259,0,Bayes-M17-med
Bosobe,Mai-Ndombe,2,FALSE,0.0011,8e-4,0.0014,0.0011,422,422,422,0.0011,0.0548,422,0.002,NA,NA,NA,NA,NA,NA,0.4406,0.0019,392,0.4942,0.4093,0,0.8591,0,Bayes-M17-med
Butumba,Haut-Lomami,2,FALSE,0.001,7e-4,0.0013,0.001,429,429,430,0.001,0.0483,429,0.0018,NA,NA,NA,NA,NA,NA,0.4595,0.0017,401,0.7973,0.4151,0,0.6255,0,Bayes-M17-med
Banga Lubaka,Kasaï,2,FALSE,0.001,8e-4,0.0013,0.001,427,427,427,0.001,0.0504,427,0.0019,NA,NA,NA,NA,NA,NA,0.3205,0.0012,420,0.5174,0.0444,0,0.7201,0,Bayes-M17-med
Nzanza,Kongo-Central,2,FALSE,0.001,7e-4,0.0013,0.001,430,429,430,0.001,0.0481,430,0.0018,NA,NA,NA,NA,NA,NA,0.2172,8e-4,445,0.0888,0.6892,0,0.0907,0,Bayes-M17-med
Kimvula,Kongo-Central,2,FALSE,0.001,8e-4,0.0013,0.001,428,428,428,0.001,0.0503,428,0.0019,NA,NA,NA,NA,NA,NA,0.569,0.0022,369,0.8629,0.8784,0,0.5347,0,Bayes-M17-med
Pendjwa,Mai-Ndombe,2,FALSE,0.001,8e-4,0.0013,0.001,426,426,426,0.001,0.0507,426,0.0019,NA,NA,NA,NA,NA,NA,0.4319,0.0017,402,0.7008,0.2124,0,0.8147,0,Bayes-M17-med
Bomongo,Equateur,2,FALSE,9e-4,7e-4,0.0012,9e-4,432,432,432,9e-4,0.0458,432,0.0017,NA,NA,NA,NA,NA,NA,0.5907,0.0021,382,0.9788,0.8475,0,0.5367,0,Bayes-M17-med
Kizu,Kongo-Central,2,FALSE,9e-4,7e-4,0.0011,9e-4,434,434,434,9e-4,0.0431,434,0.0016,NA,NA,NA,NA,NA,NA,0.3113,0.001,434,0.2973,0.8707,0,0.0772,0,Bayes-M17-med
Kimpangu,Kongo-Central,2,FALSE,9e-4,7e-4,0.0012,9e-4,433,433,433,9e-4,0.045,433,0.0017,NA,NA,NA,NA,NA,NA,0.4488,0.0016,406,0.7085,0.9344,0,0.1525,0,Bayes-M17-med
Mwela Lembwa,Kwango,2,FALSE,9e-4,7e-4,0.0012,9e-4,431,431,431,9e-4,0.047,431,0.0017,NA,NA,NA,NA,NA,NA,0.4397,0.0016,405,0.6506,0.3224,0,0.7857,0,Bayes-M17-med
Katuba,Haut-Katanga,2,FALSE,8e-4,6e-4,0.001,8e-4,441,440,442,8e-4,0.0387,441,0.0014,NA,NA,NA,NA,NA,NA,0.0463,1e-4,462,0.0502,0.0309,0,0.1042,0,Bayes-M17-med
Kinda,Haut-Lomami,2,FALSE,8e-4,6e-4,0.001,8e-4,442,441,443,8e-4,0.0384,442,0.0014,NA,NA,NA,NA,NA,NA,0.5077,0.0015,408,0.9884,0.4266,0,0.6158,0,Bayes-M17-med
Kuimba,Kongo-Central,2,FALSE,8e-4,6e-4,0.001,8e-4,440,440,442,8e-4,0.0388,440,0.0014,NA,NA,NA,NA,NA,NA,0.3069,9e-4,439,0.3784,0.8456,0,0.0039,0,Bayes-M17-med
Tshela,Kongo-Central,2,FALSE,8e-4,6e-4,0.0011,8e-4,437,437,437,8e-4,0.0408,437,0.0015,NA,NA,NA,NA,NA,NA,0.3282,0.001,435,0.417,0.888,0,0.0077,0,Bayes-M17-med
Mangembo,Kongo-Central,2,FALSE,8e-4,6e-4,0.0011,8e-4,435,435,436,8e-4,0.041,435,0.0015,NA,NA,NA,NA,NA,NA,0.3726,0.0012,426,0.5598,0.6641,0,0.2664,0,Bayes-M17-med
Nselo,Kongo-Central,2,FALSE,8e-4,6e-4,0.001,8e-4,439,439,439,8e-4,0.04,439,0.0015,NA,NA,NA,NA,NA,NA,0.374,0.0012,427,0.6564,0.5347,0,0.305,0,Bayes-M17-med
Kajiji,Kwango,2,FALSE,8e-4,6e-4,0.0011,8e-4,438,438,438,8e-4,0.0403,438,0.0015,NA,NA,NA,NA,NA,NA,0.3533,0.0011,431,0.7934,0.1544,0,0.4653,0,Bayes-M17-med
Kitenda,Kwango,2,FALSE,8e-4,6e-4,0.0011,8e-4,436,435,436,8e-4,0.0409,436,0.0015,NA,NA,NA,NA,NA,NA,0.376,0.0012,425,0.6641,0.4247,0,0.4151,0,Bayes-M17-med
Bolenge,Equateur,2,FALSE,7e-4,5e-4,9e-4,7e-4,449,449,449,7e-4,0.0328,449,0.0012,NA,NA,NA,NA,NA,NA,0.5391,0.0014,415,0.7954,0.8514,0,0.5097,0,Bayes-M17-med
Kilela Balanda,Haut-Katanga,2,FALSE,7e-4,5e-4,9e-4,6e-4,450,450,450,7e-4,0.0326,450,0.0012,NA,NA,NA,NA,NA,NA,0.3132,8e-4,446,0.9228,0.0927,0,0.2375,0,Bayes-M17-med
Kashobwe,Haut-Katanga,2,FALSE,7e-4,5e-4,9e-4,7e-4,446,446,446,7e-4,0.0352,446,0.0013,NA,NA,NA,NA,NA,NA,0.3243,9e-4,441,0.805,0.3012,0,0.1911,0,Bayes-M17-med
Baka,Haut-Lomami,2,FALSE,7e-4,6e-4,0.001,7e-4,443,441,445,7e-4,0.0371,443,0.0014,NA,NA,NA,NA,NA,NA,0.4319,0.0012,421,0.4344,0.8919,0,0.4015,0,Bayes-M17-med
Boma Bungu,Kongo-Central,2,FALSE,7e-4,6e-4,0.001,7e-4,445,444,445,7e-4,0.0367,445,0.0014,NA,NA,NA,NA,NA,NA,0.3209,9e-4,440,0.5811,0.5676,0,0.1351,0,Bayes-M17-med
Kinkonzi,Kongo-Central,2,FALSE,7e-4,6e-4,0.001,7e-4,444,443,444,7e-4,0.0368,444,0.0014,NA,NA,NA,NA,NA,NA,0.4252,0.0012,422,0.6236,0.8958,0,0.1815,0,Bayes-M17-med
Sona Bata,Kongo-Central,2,FALSE,7e-4,5e-4,9e-4,7e-4,447,447,447,7e-4,0.0342,447,0.0013,NA,NA,NA,NA,NA,NA,0.43,0.0011,429,0.7259,0.7896,0,0.2046,0,Bayes-M17-med
Tembo,Kwango,2,FALSE,7e-4,5e-4,9e-4,7e-4,448,448,448,7e-4,0.0329,448,0.0012,NA,NA,NA,NA,NA,NA,0.3205,8e-4,444,0.7876,0.3977,0,0.0965,0,Bayes-M17-med
Bunkeya,Lualaba,2,FALSE,7e-4,5e-4,8e-4,6e-4,451,451,451,7e-4,0.0323,451,0.0012,NA,NA,NA,NA,NA,NA,0.4218,0.001,433,0.8243,0.5019,0,0.361,0,Bayes-M17-med
Vaku,Kongo-Central,2,FALSE,6e-4,4e-4,7e-4,6e-4,452,452,452,6e-4,0.0285,452,0.0011,NA,NA,NA,NA,NA,NA,0.4194,9e-4,438,0.5676,0.9421,0,0.168,0,Bayes-M17-med
Vangu,Haut-Katanga,2,FALSE,5e-4,4e-4,6e-4,5e-4,454,454,454,5e-4,0.0234,454,9e-4,NA,NA,NA,NA,NA,NA,0.1081,2e-4,460,0.1158,0.1699,0,0.1467,0,Bayes-M17-med
Bobozo,Kasaï-Central,2,FALSE,5e-4,4e-4,7e-4,5e-4,453,453,453,5e-4,0.0265,453,0.001,NA,NA,NA,NA,NA,NA,0.2336,5e-4,454,0.1602,0.2857,0,0.4884,0,Bayes-M17-med
Mampoko,Equateur,2,FALSE,4e-4,3e-4,6e-4,4e-4,455,455,455,4e-4,0.022,455,8e-4,NA,NA,NA,NA,NA,NA,0.5135,9e-4,442,0.8919,0.5058,0,0.6564,0,Bayes-M17-med
Ntondo,Equateur,2,FALSE,4e-4,3e-4,5e-4,4e-4,457,457,457,4e-4,0.0206,457,8e-4,NA,NA,NA,NA,NA,NA,0.6125,0.001,436,0.8996,0.7259,0,0.8243,0,Bayes-M17-med
Kibunzi,Kongo-Central,2,FALSE,4e-4,3e-4,6e-4,4e-4,456,456,456,4e-4,0.0216,456,8e-4,NA,NA,NA,NA,NA,NA,0.4175,7e-4,448,0.7046,0.5251,0,0.4402,0,Bayes-M17-med
Mutshatsha,Lualaba,2,FALSE,4e-4,3e-4,5e-4,3e-4,459,459,459,4e-4,0.0174,459,6e-4,NA,NA,NA,NA,NA,NA,0.3808,5e-4,451,0.971,0.1023,0,0.4498,0,Bayes-M17-med
Mimia,Mai-Ndombe,2,FALSE,4e-4,3e-4,5e-4,4e-4,458,458,458,4e-4,0.0181,458,7e-4,NA,NA,NA,NA,NA,NA,0.4841,7e-4,449,0.9614,0.0521,0,0.9228,0,Bayes-M17-med
Lilanga Bobangi,Equateur,2,FALSE,3e-4,2e-4,4e-4,3e-4,460,460,460,3e-4,0.0138,460,5e-4,NA,NA,NA,NA,NA,NA,0.4117,4e-4,455,0.9382,0.2664,0,0.4421,0,Bayes-M17-med
Irebu,Equateur,2,FALSE,2e-4,1e-4,3e-4,2e-4,461,461,461,2e-4,0.0099,461,4e-4,NA,NA,NA,NA,NA,NA,0.5473,4e-4,456,0.9305,0.6776,0,0.5811,0,Bayes-M17-med
Kamalondo,Haut-Katanga,2,FALSE,2e-4,1e-4,2e-4,2e-4,463,463,463,2e-4,0.0093,463,3e-4,NA,NA,NA,NA,NA,NA,0.0352,0,464,0.029,0.0019,0,0.11,0,Bayes-M17-med
Kowe,Haut-Katanga,2,FALSE,2e-4,1e-4,2e-4,2e-4,462,462,462,2e-4,0.0094,462,3e-4,NA,NA,NA,NA,NA,NA,0.07,1e-4,463,0.0714,0.0811,0,0.1274,0,Bayes-M17-med
Kitona,Kongo-Central,2,FALSE,1e-4,1e-4,2e-4,1e-4,464,464,464,1e-4,0.0069,464,3e-4,NA,NA,NA,NA,NA,NA,0.293,2e-4,461,0.5907,0.5792,0,0.0019,0,Bayes-M17-med
Bokoro,Mai-Ndombe,2,FALSE,0,0,0,0,465,465,465,0,2e-4,465,0,NA,NA,NA,NA,NA,NA,0.471,0,465,0.6873,0.5097,0,0.6873,0,Bayes-M17-med
Idjwi,Sud-Kivu,2,FALSE,0,0,0,0,466,466,466,0,0,466,0,NA,NA,NA,NA,NA,NA,0.3007,0,466,0.2992,0.8224,0,0.0811,0,Bayes-M17-med
Boma Mangbetu,Haut-Uele,2,TRUE,NA,NA,NA,NA,NA,NA,NA,NA,NA,NA,NA,NA,NA,NA,NA,NA,NA,0.4122,NA,NA,0.2857,0.5039,0,0.8591,0,Bayes-M17-med
Gombari,Haut-Uele,2,TRUE,NA,NA,NA,NA,NA,NA,NA,NA,NA,NA,NA,NA,NA,NA,NA,NA,NA,0.5772,NA,NA,0.9633,0.8012,0,0.5444,0,Bayes-M17-med
Isiro,Haut-Uele,2,TRUE,NA,NA,NA,NA,NA,NA,NA,NA,NA,NA,NA,NA,NA,NA,NA,NA,NA,0.5253,NA,NA,0.39,0.7587,0,0.9527,0,Bayes-M17-med
Pawa,Haut-Uele,2,TRUE,NA,NA,NA,NA,NA,NA,NA,NA,NA,NA,NA,NA,NA,NA,NA,NA,NA,0.4315,NA,NA,0.2934,0.5734,0,0.8591,0,Bayes-M17-med
Rungu,Haut-Uele,2,TRUE,NA,NA,NA,NA,NA,NA,NA,NA,NA,NA,NA,NA,NA,NA,NA,NA,NA,0.6474,NA,NA,0.8224,0.8031,0,0.9643,0,Bayes-M17-med
Wamba,Haut-Uele,2,TRUE,NA,NA,NA,NA,NA,NA,NA,NA,NA,NA,NA,NA,NA,NA,NA,NA,NA,0.4817,NA,NA,0.6737,0.4363,0,0.8166,0,Bayes-M17-med
Adja,Ituri,2,TRUE,NA,NA,NA,NA,NA,NA,NA,NA,NA,NA,NA,NA,NA,NA,NA,NA,NA,0.2645,NA,NA,0.249,0.4286,0,0.3803,0,Bayes-M17-med
Ariwara,Ituri,2,TRUE,NA,NA,NA,NA,NA,NA,NA,NA,NA,NA,NA,NA,NA,NA,NA,NA,NA,0.2862,NA,NA,0.1988,0.6988,0,0.2471,0,Bayes-M17-med
Aru,Ituri,2,TRUE,NA,NA,NA,NA,NA,NA,NA,NA,NA,NA,NA,NA,NA,NA,NA,NA,NA,0.3528,NA,NA,0.3012,0.8417,0,0.2683,0,Bayes-M17-med
Aungba,Ituri,2,TRUE,NA,NA,NA,NA,NA,NA,NA,NA,NA,NA,NA,NA,NA,NA,NA,NA,NA,0.3354,NA,NA,0.3108,0.6564,0,0.3745,0,Bayes-M17-med
Kambala,Ituri,2,TRUE,NA,NA,NA,NA,NA,NA,NA,NA,NA,NA,NA,NA,NA,NA,NA,NA,NA,0.347,NA,NA,0.3668,0.612,0,0.4093,0,Bayes-M17-med
Logo,Ituri,2,TRUE,NA,NA,NA,NA,NA,NA,NA,NA,NA,NA,NA,NA,NA,NA,NA,NA,NA,0.2384,NA,NA,0.1757,0.5927,0,0.1853,0,Bayes-M17-med
Mahagi,Ituri,2,TRUE,NA,NA,NA,NA,NA,NA,NA,NA,NA,NA,NA,NA,NA,NA,NA,NA,NA,0.2292,NA,NA,0.1718,0.6004,0,0.1448,0,Bayes-M17-med
Rimba,Ituri,2,TRUE,NA,NA,NA,NA,NA,NA,NA,NA,NA,NA,NA,NA,NA,NA,NA,NA,NA,0.306,NA,NA,0.2008,0.7124,0,0.3108,0,Bayes-M17-med
Bambu,Ituri,2,TRUE,NA,NA,NA,NA,NA,NA,NA,NA,NA,NA,NA,NA,NA,NA,NA,NA,NA,0.2399,NA,NA,0.2046,0.4691,0,0.2857,0,Bayes-M17-med
Boga,Ituri,2,TRUE,NA,NA,NA,NA,NA,NA,NA,NA,NA,NA,NA,NA,NA,NA,NA,NA,NA,0.264,NA,NA,0.3861,0.36870000000000003,0,0.3012,0,Bayes-M17-med
Bunia,Ituri,2,TRUE,NA,NA,NA,NA,NA,NA,NA,NA,NA,NA,NA,NA,NA,NA,NA,NA,NA,0.2326,NA,NA,0.1178,0.5637,0,0.249,0,Bayes-M17-med
Damas,Ituri,2,TRUE,NA,NA,NA,NA,NA,NA,NA,NA,NA,NA,NA,NA,NA,NA,NA,NA,NA,0.3224,NA,NA,0.4479,0.3282,0,0.5135,0,Bayes-M17-med
Drodro,Ituri,2,TRUE,NA,NA,NA,NA,NA,NA,NA,NA,NA,NA,NA,NA,NA,NA,NA,NA,NA,0.2674,NA,NA,0.2066,0.5907,0,0.2722,0,Bayes-M17-med
Fataki,Ituri,2,TRUE,NA,NA,NA,NA,NA,NA,NA,NA,NA,NA,NA,NA,NA,NA,NA,NA,NA,0.3185,NA,NA,0.2259,0.7201,0,0.3282,0,Bayes-M17-med
Gety,Ituri,2,TRUE,NA,NA,NA,NA,NA,NA,NA,NA,NA,NA,NA,NA,NA,NA,NA,NA,NA,0.2592,NA,NA,0.3359,0.2973,0,0.4035,0,Bayes-M17-med
Kilo,Ituri,2,TRUE,NA,NA,NA,NA,NA,NA,NA,NA,NA,NA,NA,NA,NA,NA,NA,NA,NA,0.1448,NA,NA,0.2201,0.0502,0,0.3089,0,Bayes-M17-med
Komanda,Ituri,2,TRUE,NA,NA,NA,NA,NA,NA,NA,NA,NA,NA,NA,NA,NA,NA,NA,NA,NA,0.2341,NA,NA,0.3089,0.1197,0,0.5077,0,Bayes-M17-med
Lita,Ituri,2,TRUE,NA,NA,NA,NA,NA,NA,NA,NA,NA,NA,NA,NA,NA,NA,NA,NA,NA,0.306,NA,NA,0.2761,0.7046,0,0.2432,0,Bayes-M17-med
Lolwa,Ituri,2,TRUE,NA,NA,NA,NA,NA,NA,NA,NA,NA,NA,NA,NA,NA,NA,NA,NA,NA,0.3205,NA,NA,0.6429,0,0,0.639,0,Bayes-M17-med
Mambasa,Ituri,2,TRUE,NA,NA,NA,NA,NA,NA,NA,NA,NA,NA,NA,NA,NA,NA,NA,NA,NA,0.4324,NA,NA,0.8842,0.2625,0,0.583,0,Bayes-M17-med
Mandima,Ituri,2,TRUE,NA,NA,NA,NA,NA,NA,NA,NA,NA,NA,NA,NA,NA,NA,NA,NA,NA,0.2659,NA,NA,0.4846,0.2896,0,0.2896,0,Bayes-M17-med
Mangala,Ituri,2,TRUE,NA,NA,NA,NA,NA,NA,NA,NA,NA,NA,NA,NA,NA,NA,NA,NA,NA,0.3021,NA,NA,0.305,0.6158,0,0.2876,0,Bayes-M17-med
Mongbwalu,Ituri,2,TRUE,NA,NA,NA,NA,NA,NA,NA,NA,NA,NA,NA,NA,NA,NA,NA,NA,NA,0.2616,NA,NA,0.4112,0.1834,0,0.4517,0,Bayes-M17-med
Nia Nia,Ituri,2,TRUE,NA,NA,NA,NA,NA,NA,NA,NA,NA,NA,NA,NA,NA,NA,NA,NA,NA,0.2978,NA,NA,0.666,0.0212,0,0.5039,0,Bayes-M17-med
Nizi,Ituri,2,TRUE,NA,NA,NA,NA,NA,NA,NA,NA,NA,NA,NA,NA,NA,NA,NA,NA,NA,0.1771,NA,NA,0.1544,0.3378,0,0.2162,0,Bayes-M17-med
Nyankunde,Ituri,2,TRUE,NA,NA,NA,NA,NA,NA,NA,NA,NA,NA,NA,NA,NA,NA,NA,NA,NA,0.2514,NA,NA,0.2838,0.2432,0,0.4788,0,Bayes-M17-med
Rwampara,Ituri,2,TRUE,NA,NA,NA,NA,NA,NA,NA,NA,NA,NA,NA,NA,NA,NA,NA,NA,NA,0.319,NA,NA,0.2375,0.7452,0,0.2934,0,Bayes-M17-med
Tchomia,Ituri,2,TRUE,NA,NA,NA,NA,NA,NA,NA,NA,NA,NA,NA,NA,NA,NA,NA,NA,NA,0.1998,NA,NA,0.2104,0.3745,0,0.2143,0,Bayes-M17-med
Beni,Nord-Kivu,2,TRUE,NA,NA,NA,NA,NA,NA,NA,NA,NA,NA,NA,NA,NA,NA,NA,NA,NA,0.1559,NA,NA,0.1525,0.2297,0,0.2413,0,Bayes-M17-med
Butembo,Nord-Kivu,2,TRUE,NA,NA,NA,NA,NA,NA,NA,NA,NA,NA,NA,NA,NA,NA,NA,NA,NA,0.1829,NA,NA,0.1139,0.388,0,0.2297,0,Bayes-M17-med
Kalunguta,Nord-Kivu,2,TRUE,NA,NA,NA,NA,NA,NA,NA,NA,NA,NA,NA,NA,NA,NA,NA,NA,NA,0.1559,NA,NA,0.195,0.2066,0,0.222,0,Bayes-M17-med
Katwa,Nord-Kivu,2,TRUE,NA,NA,NA,NA,NA,NA,NA,NA,NA,NA,NA,NA,NA,NA,NA,NA,NA,0.1998,NA,NA,0.0869,0.4846,0,0.2278,0,Bayes-M17-med
Kyondo,Nord-Kivu,2,TRUE,NA,NA,NA,NA,NA,NA,NA,NA,NA,NA,NA,NA,NA,NA,NA,NA,NA,0.3238,NA,NA,0.2954,0.7973,0,0.2027,0,Bayes-M17-med
Lubero,Nord-Kivu,2,TRUE,NA,NA,NA,NA,NA,NA,NA,NA,NA,NA,NA,NA,NA,NA,NA,NA,NA,0.4585,NA,NA,0.5734,0.9382,0,0.3224,0,Bayes-M17-med
Mabalako,Nord-Kivu,2,TRUE,NA,NA,NA,NA,NA,NA,NA,NA,NA,NA,NA,NA,NA,NA,NA,NA,NA,0.1573,NA,NA,0.1931,0.2046,0,0.2317,0,Bayes-M17-med
Masereka,Nord-Kivu,2,TRUE,NA,NA,NA,NA,NA,NA,NA,NA,NA,NA,NA,NA,NA,NA,NA,NA,NA,0.36870000000000003,NA,NA,0.2548,0.9807,0,0.2394,0,Bayes-M17-med
Musienene,Nord-Kivu,2,TRUE,NA,NA,NA,NA,NA,NA,NA,NA,NA,NA,NA,NA,NA,NA,NA,NA,NA,0.319,NA,NA,0.2645,0.7317,0,0.2799,0,Bayes-M17-med
Oicha,Nord-Kivu,2,TRUE,NA,NA,NA,NA,NA,NA,NA,NA,NA,NA,NA,NA,NA,NA,NA,NA,NA,0.3364,NA,NA,0.3243,0.7606,0,0.2606,0,Bayes-M17-med
Vuhovi,Nord-Kivu,2,TRUE,NA,NA,NA,NA,NA,NA,NA,NA,NA,NA,NA,NA,NA,NA,NA,NA,NA,0.2611,NA,NA,0.2027,0.6178,0,0.2239,0,Bayes-M17-med
Goma,Nord-Kivu,2,TRUE,NA,NA,NA,NA,NA,NA,NA,NA,NA,NA,NA,NA,NA,NA,NA,NA,NA,0.2669,NA,NA,0.1274,0.8977,0,0.0425,0,Bayes-M17-med
Miti Murhesa,Sud-Kivu,2,TRUE,NA,NA,NA,NA,NA,NA,NA,NA,NA,NA,NA,NA,NA,NA,NA,NA,NA,0.3277,NA,NA,0.2355,0.9131,0,0.1622,0,Bayes-M17-med
Bafwasende,Tshopo,2,TRUE,NA,NA,NA,NA,NA,NA,NA,NA,NA,NA,NA,NA,NA,NA,NA,NA,NA,0.4546,NA,NA,0.9073,0.2413,0,0.6699,0,Bayes-M17-med
Kabondo,Tshopo,2,TRUE,NA,NA,NA,NA,NA,NA,NA,NA,NA,NA,NA,NA,NA,NA,NA,NA,NA,0.18,NA,NA,0.1911,0.2722,0,0.2568,0,Bayes-M17-med
Lubunga (Tshopo),Tshopo,2,TRUE,NA,NA,NA,NA,NA,NA,NA,NA,NA,NA,NA,NA,NA,NA,NA,NA,NA,0.2288,NA,NA,0.2452,0.3436,0,0.3263,0,Bayes-M17-med
Makiso Kisangani,Tshopo,2,TRUE,NA,NA,NA,NA,NA,NA,NA,NA,NA,NA,NA,NA,NA,NA,NA,NA,NA,0.2355,NA,NA,0.1332,0.5309,0,0.278,0,Bayes-M17-med
Mangobo,Tshopo,2,TRUE,NA,NA,NA,NA,NA,NA,NA,NA,NA,NA,NA,NA,NA,NA,NA,NA,NA,0.2061,NA,NA,0.0792,0.4382,0,0.3069,0,Bayes-M17-med
Wanierukula,Tshopo,2,TRUE,NA,NA,NA,NA,NA,NA,NA,NA,NA,NA,NA,NA,NA,NA,NA,NA,NA,0.473,NA,NA,0.8436,0.5521,0,0.4961,0,Bayes-M17-med
