health_zone,province,horizon,was_active_before,p_case_invasion,p_case_lo,p_case_hi,mu_forecast,rr_nat,rr_nat_rank,rr01_nat,rr_ituri,rr_ituri_rank,rr_nordkivu,rr_nordkivu_rank,rr_hautuele,rr_hautuele_rank,V,priority,priority_rank,surveillance_gap,healthcare_gap,access_gap,social_vulnerability,healthcare_travel_min,method
Watsa,Haut-Uele,1,FALSE,0.2827,0.2273,0.3432,0.3334,27.3996,1,1,NA,NA,NA,NA,2.0729,1,0.4797,0.9718,2,0.7297,0.8436,0,0.3456,0,Bayes-M10-med
Nyarambe,Ituri,1,FALSE,0.2508,0.2007,0.306,0.2896,23.8016,2,0.8872,1.7596,1,NA,NA,NA,NA,0.1805,0.3244,11,0.1699,0.4595,0,0.0927,0,Bayes-M10-med
Dungu,Haut-Uele,1,FALSE,0.2505,0.2005,0.3057,0.2893,23.7751,3,0.8864,NA,NA,NA,NA,1.7987,2,0.5275,0.9472,3,0.8726,0.5598,0,0.6776,0,Bayes-M10-med
Gombari,Haut-Uele,1,FALSE,0.2417,0.1932,0.2953,0.2776,22.8088,4,0.8552,NA,NA,NA,NA,1.7256,3,0.5772,1,1,0.9633,0.8012,0,0.5444,0,Bayes-M10-med
Lubero,Nord-Kivu,1,FALSE,0.2368,0.1891,0.2895,0.2711,22.2747,5,0.8378,NA,NA,3.9127,1,NA,NA,0.4585,0.7782,4,0.5734,0.9382,0,0.3224,0,Bayes-M10-med
Adi,Ituri,1,FALSE,0.234,0.1868,0.2861,0.2673,21.9658,6,0.8277,1.6239,2,NA,NA,NA,NA,0.3977,0.6668,5,0.2587,0.7104,0,0.6216,0,Bayes-M10-med
Biena,Nord-Kivu,1,FALSE,0.1823,0.1444,0.2246,0.2017,16.5737,7,0.6449,NA,NA,2.9113,2,NA,NA,0.2013,0.2629,13,0.251,0.166,0,0.388,0,Bayes-M10-med
Biringi,Ituri,1,FALSE,0.1768,0.14,0.218,0.195,16.025,8,0.6256,1.1847,3,NA,NA,NA,NA,0.3494,0.4428,6,0.3958,0.4865,0,0.5154,0,Bayes-M10-med
Mutwanga,Nord-Kivu,1,FALSE,0.1494,0.1178,0.1848,0.1621,13.3187,9,0.5285,NA,NA,2.3395,3,NA,NA,0.2408,0.2578,14,0.2606,0.4672,0,0.2355,0,Bayes-M10-med
Kayna,Nord-Kivu,1,FALSE,0.1465,0.1155,0.1813,0.1586,13.037,10,0.5182,NA,NA,2.29,4,NA,NA,0.3113,0.3268,10,0.2278,0.6332,0,0.3842,0,Bayes-M10-med
Makoro,Haut-Uele,1,FALSE,0.1355,0.1066,0.168,0.1458,11.9821,11,0.4793,NA,NA,NA,NA,0.9065,4,0.3822,0.3711,9,0.556,0.5483,0,0.4247,0,Bayes-M10-med
Manguredjipa,Nord-Kivu,1,FALSE,0.1273,0.1001,0.158,0.1363,11.2046,12,0.4503,NA,NA,1.9682,5,NA,NA,0.3475,0.317,12,0.778,0.0579,0,0.5541,0,Bayes-M10-med
Bafwasende,Tshopo,1,FALSE,0.1264,0.0994,0.1569,0.1353,11.1202,13,0.4471,NA,NA,NA,NA,NA,NA,0.4546,0.4118,7,0.9073,0.2413,0,0.6699,0,Bayes-M10-med
Angumu,Ituri,1,FALSE,0.1176,0.0923,0.1461,0.1252,10.2915,14,0.4159,0.7608,4,NA,NA,NA,NA,0.11,0.0927,30,0.1641,0.1641,0,0.112,0,Bayes-M10-med
Laybo,Ituri,1,FALSE,0.1052,0.0824,0.1309,0.1113,9.1423,15,0.372,0.6759,5,NA,NA,NA,NA,0.3393,0.2557,15,0.3069,0.556,0,0.4942,0,Bayes-M10-med
Karisimbi,Nord-Kivu,1,FALSE,0.0955,0.0748,0.119,0.1005,8.2591,16,0.3379,NA,NA,1.4508,6,NA,NA,0.1597,0.1094,28,0.0907,0.5154,0,0.0328,0,Bayes-M10-med
Kabondo,Tshopo,1,FALSE,0.0954,0.0747,0.1189,0.1004,8.2475,17,0.3375,NA,NA,NA,NA,NA,NA,0.18,0.1231,26,0.1911,0.2722,0,0.2568,0,Bayes-M10-med
Linga,Ituri,1,FALSE,0.0839,0.0656,0.1047,0.0877,7.2109,18,0.2969,0.5331,6,NA,NA,NA,NA,0.2148,0.1292,25,0.1969,0.3417,0,0.3205,0,Bayes-M10-med
Viadana,Bas-Uele,1,FALSE,0.0836,0.0653,0.1043,0.0873,7.1779,19,0.2956,NA,NA,NA,NA,NA,NA,0.6846,0.41,8,0.9131,0.9788,0,0.8465,0,Bayes-M10-med
Nyiragongo,Nord-Kivu,1,FALSE,0.0766,0.0598,0.0956,0.0797,6.5519,20,0.2709,NA,NA,1.1509,7,NA,NA,0.2891,0.1586,21,0.2432,0.8764,0,0.0367,0,Bayes-M10-med
Rutshuru,Nord-Kivu,1,FALSE,0.0751,0.0587,0.0939,0.0782,6.4226,21,0.2657,NA,NA,1.1282,8,NA,NA,0.3721,0.2003,18,0.4093,0.9942,0,0.0849,0,Bayes-M10-med
Jiba,Ituri,1,FALSE,0.0732,0.0571,0.0914,0.076,6.2496,22,0.2589,0.462,7,NA,NA,NA,NA,0.1651,0.0866,32,0.1815,0.1274,0,0.3514,0,Bayes-M10-med
Alimbongo,Nord-Kivu,1,FALSE,0.0628,0.0489,0.0785,0.0649,5.3299,23,0.222,NA,NA,0.9362,9,NA,NA,0.4262,0.1917,19,0.5849,0.7471,0,0.3726,0,Bayes-M10-med
Wanierukula,Tshopo,1,FALSE,0.0612,0.0477,0.0766,0.0632,5.1938,24,0.2165,NA,NA,NA,NA,NA,NA,0.473,0.2075,17,0.8436,0.5521,0,0.4961,0,Bayes-M10-med
Rwanguba,Nord-Kivu,1,FALSE,0.052,0.0405,0.0652,0.0535,4.3926,25,0.184,NA,NA,0.7716,10,NA,NA,0.2442,0.091,31,0.2085,0.7027,0,0.0656,0,Bayes-M10-med
Kirotshe,Nord-Kivu,1,FALSE,0.0503,0.0391,0.063,0.0516,4.2402,26,0.1778,NA,NA,0.7448,11,NA,NA,0.3842,0.1384,23,0.3764,0.9961,0,0.1641,0,Bayes-M10-med
Kibirizi,Nord-Kivu,1,FALSE,0.0486,0.0378,0.0609,0.0498,4.0951,27,0.1719,NA,NA,0.7193,12,NA,NA,0.4175,0.1454,22,0.5405,0.8552,0,0.2741,0,Bayes-M10-med
Nsele,Kinshasa,1,FALSE,0.0457,0.0356,0.0573,0.0468,3.847,28,0.1617,NA,NA,NA,NA,NA,NA,0.1583,0.0519,46,0.139,0.3996,0,0.0946,0,Bayes-M10-med
Poko,Bas-Uele,1,FALSE,0.0453,0.0352,0.0568,0.0463,3.8076,29,0.1601,NA,NA,NA,NA,NA,NA,0.7271,0.2358,16,0.9923,0.9517,0,0.9643,0,Bayes-M10-med
Gombe,Kinshasa,1,FALSE,0.0449,0.0349,0.0563,0.046,3.7774,30,0.1589,NA,NA,NA,NA,NA,NA,0.1622,0.0522,45,0.0695,0.5695,0,0.0097,0,Bayes-M10-med
Aba,Haut-Uele,1,FALSE,0.0413,0.0321,0.0519,0.0422,3.4714,31,0.1463,NA,NA,NA,NA,0.2626,5,0.569,0.1686,20,0.6004,0.6853,0,0.9903,0,Bayes-M10-med
Kamango,Nord-Kivu,1,FALSE,0.0374,0.0291,0.047,0.0382,3.1378,32,0.1325,NA,NA,0.5512,13,NA,NA,0.4373,0.1174,27,0.6583,0.917,0,0.1737,0,Bayes-M10-med
Limete,Kinshasa,1,FALSE,0.0348,0.0271,0.0438,0.0355,2.916,33,0.1233,NA,NA,NA,NA,NA,NA,0.056,0.014,84,0.0405,0.1371,0,0.0463,0,Bayes-M10-med
Ibanda,Sud-Kivu,1,FALSE,0.0337,0.0262,0.0423,0.0343,2.8185,34,0.1192,NA,NA,NA,NA,NA,NA,0.2307,0.0557,41,0.083,0.6216,0,0.2181,0,Bayes-M10-med
Faradje,Haut-Uele,1,FALSE,0.033,0.0256,0.0414,0.0336,2.7586,35,0.1167,NA,NA,NA,NA,0.2087,6,0.4474,0.1058,29,0.7606,0.666,0,0.3629,0,Bayes-M10-med
Binza Ozone,Kinshasa,1,FALSE,0.0318,0.0247,0.04,0.0324,2.6592,36,0.1126,NA,NA,NA,NA,NA,NA,0.152,0.0347,54,0.0734,0.5232,0,0.0116,0,Bayes-M10-med
Kokolo,Kinshasa,1,FALSE,0.0314,0.0244,0.0394,0.0319,2.6195,37,0.1109,NA,NA,NA,NA,NA,NA,0.2172,0.0488,47,0.0772,0.7722,0,0.0193,0,Bayes-M10-med
Lingwala,Kinshasa,1,FALSE,0.0312,0.0243,0.0392,0.0317,2.6086,38,0.1105,NA,NA,NA,NA,NA,NA,0.0323,0.0072,114,0.0232,0.0907,0,0.0154,0,Bayes-M10-med
Bambo,Nord-Kivu,1,FALSE,0.0297,0.023,0.0373,0.0301,2.4772,39,0.105,NA,NA,0.4351,14,NA,NA,0.3962,0.0843,33,0.5521,0.9073,0,0.1255,0,Bayes-M10-med
Kalamu 1,Kinshasa,1,FALSE,0.0279,0.0216,0.035,0.0283,2.3228,41,0.0986,NA,NA,NA,NA,NA,NA,0.0309,0.0062,122,0.0193,0.0734,0,0.0309,0,Bayes-M10-med
Katana,Sud-Kivu,1,FALSE,0.0279,0.0216,0.035,0.0283,2.3246000000000002,40,0.0986,NA,NA,NA,NA,NA,NA,0.3224,0.0644,39,0.2471,0.9112,0,0.1313,0,Bayes-M10-med
Kasa Vubu,Kinshasa,1,FALSE,0.0278,0.0216,0.035,0.0282,2.3201,43,0.0985,NA,NA,NA,NA,NA,NA,0.0444,0.0089,106,0.0309,0.1216,0,0.0251,0,Bayes-M10-med
Kinshasa,Kinshasa,1,FALSE,0.0278,0.0216,0.035,0.0282,2.3215,42,0.0985,NA,NA,NA,NA,NA,NA,0.0203,0.004,152,0.0135,0.0463,0,0.0212,0,Bayes-M10-med
Ganga,Bas-Uele,1,FALSE,0.0266,0.0206,0.0334,0.027,2.2166,44,0.0941,NA,NA,NA,NA,NA,NA,0.7218,0.1376,24,0.9672,0.9556,0,0.9643,0,Bayes-M10-med
Banalia,Tshopo,1,FALSE,0.0256,0.0199,0.0322,0.026,2.1339,45,0.0907,NA,NA,NA,NA,NA,NA,0.4242,0.0779,35,0.7799,0.1178,0,0.7992,0,Bayes-M10-med
Kadutu,Sud-Kivu,1,FALSE,0.0252,0.0196,0.0317,0.0256,2.1016,46,0.0893,NA,NA,NA,NA,NA,NA,0.1636,0.0296,58,0.0579,0.3861,0,0.2104,0,Bayes-M10-med
Lemba,Kinshasa,1,FALSE,0.0247,0.0192,0.031,0.025,2.0548,47,0.0873,NA,NA,NA,NA,NA,NA,0.1023,0.0181,68,0.0483,0.3069,0,0.0541,0,Bayes-M10-med
Binza,Nord-Kivu,1,FALSE,0.0246,0.0191,0.031,0.0249,2.0492,48,0.0871,NA,NA,0.3599,15,NA,NA,0.3518,0.0621,40,0.471,0.8378,0,0.0985,0,Bayes-M10-med
Masina 1,Kinshasa,1,FALSE,0.0245,0.019,0.0308,0.0248,2.0416,49,0.0868,NA,NA,NA,NA,NA,NA,0.0193,0.0034,166,0.0077,0.0077,0,0.0618,0,Bayes-M10-med
Kintambo,Kinshasa,1,FALSE,0.0244,0.019,0.0307,0.0247,2.0338,50,0.0865,NA,NA,NA,NA,NA,NA,0.0338,0.0059,125,0.0212,0.1004,0,0.0135,0,Bayes-M10-med
Minova,Sud-Kivu,1,FALSE,0.024,0.0186,0.0302,0.0243,1.9978,51,0.0849,NA,NA,NA,NA,NA,NA,0.3866,0.0665,37,0.4421,0.9826,0,0.1216,0,Bayes-M10-med
Yakusu,Tshopo,1,FALSE,0.0239,0.0186,0.0301,0.0242,1.9924,52,0.0847,NA,NA,NA,NA,NA,NA,0.319,0.0548,42,0.4208,0.2085,0,0.6467,0,Bayes-M10-med
Mweso,Nord-Kivu,1,FALSE,0.0225,0.0175,0.0283,0.0228,1.8705,53,0.0796,NA,NA,0.3286,16,NA,NA,0.4189,0.0675,36,0.4498,0.9614,0,0.2645,0,Bayes-M10-med
Masina 2,Kinshasa,1,FALSE,0.0211,0.0163,0.0265,0.0213,1.7509,54,0.0746,NA,NA,NA,NA,NA,NA,0.0265,0.004,153,0.0174,0.0193,0,0.0695,0,Bayes-M10-med
Kabare,Sud-Kivu,1,FALSE,0.0211,0.0163,0.0265,0.0213,1.7501,55,0.0745,NA,NA,NA,NA,NA,NA,0.3567,0.0538,44,0.2394,0.9884,0,0.1988,0,Bayes-M10-med
Bandalungwa,Kinshasa,1,FALSE,0.021,0.0163,0.0264,0.0212,1.746,56,0.0744,NA,NA,NA,NA,NA,NA,0.0709,0.0107,93,0.0328,0.2336,0,0.0174,0,Bayes-M10-med
Masisi,Nord-Kivu,1,FALSE,0.0206,0.016,0.026,0.0209,1.7138,57,0.073,NA,NA,0.301,17,NA,NA,0.4402,0.0651,38,0.4324,0.9575,0,0.3707,0,Bayes-M10-med
Binza Meteo,Kinshasa,1,FALSE,0.018,0.014,0.0227,0.0182,1.496,58,0.0638,NA,NA,NA,NA,NA,NA,0.2558,0.0331,56,0.0965,0.8996,0,0.027,0,Bayes-M10-med
Kikimi,Kinshasa,1,FALSE,0.0177,0.0137,0.0223,0.0179,1.4686,59,0.0626,NA,NA,NA,NA,NA,NA,0.0835,0.0106,94,0.056,0.1911,0,0.0869,0,Bayes-M10-med
Matete,Kinshasa,1,FALSE,0.0176,0.0136,0.0221,0.0178,1.4587,60,0.0622,NA,NA,NA,NA,NA,NA,0.0492,0.0062,120,0.0251,0.1158,0,0.056,0,Bayes-M10-med
Bengamisa,Tshopo,1,FALSE,0.0176,0.0136,0.0221,0.0177,1.4557,61,0.0621,NA,NA,NA,NA,NA,NA,0.3012,0.0379,52,0.612,0.2162,0,0.3764,0,Bayes-M10-med
Barumbu,Kinshasa,1,FALSE,0.0175,0.0136,0.0221,0.0177,1.4549,62,0.0621,NA,NA,NA,NA,NA,NA,0.014,0.0018,255,0.0097,0.0232,0,0.0232,0,Bayes-M10-med
Buta,Bas-Uele,1,FALSE,0.0162,0.0126,0.0204,0.0164,1.3451,63,0.0574,NA,NA,NA,NA,NA,NA,0.7225,0.084,34,0.9749,0.9923,0,0.9228,0,Bayes-M10-med
Bafwagbogbo,Tshopo,1,FALSE,0.0151,0.0117,0.019,0.0152,1.2499,64,0.0534,NA,NA,NA,NA,NA,NA,0.3948,0.0427,51,0.8591,0.027,0,0.6931,0,Bayes-M10-med
Mont Ngafula 1,Kinshasa,1,FALSE,0.0147,0.0114,0.0186,0.0149,1.2213,65,0.0522,NA,NA,NA,NA,NA,NA,0.2066,0.0218,66,0.1371,0.6313,0,0.0579,0,Bayes-M10-med
Mont Ngafula 2,Kinshasa,1,FALSE,0.0145,0.0112,0.0183,0.0146,1.2011,66,0.0513,NA,NA,NA,NA,NA,NA,0.0951,0.0099,99,0.0849,0.2568,0,0.0386,0,Bayes-M10-med
Selembao,Kinshasa,1,FALSE,0.0145,0.0112,0.0182,0.0146,1.1973,67,0.0512,NA,NA,NA,NA,NA,NA,0.0676,0.007,115,0.0444,0.1815,0,0.0444,0,Bayes-M10-med
Ndjili,Kinshasa,1,FALSE,0.0143,0.0111,0.018,0.0144,1.1816,68,0.0505,NA,NA,NA,NA,NA,NA,0.0487,0.005,140,0.027,0.1042,0,0.0637,0,Bayes-M10-med
Kingabwa,Kinshasa,1,FALSE,0.0142,0.011,0.0179,0.0143,1.1747,69,0.0502,NA,NA,NA,NA,NA,NA,0.0478,0.0049,142,0.0425,0.0965,0,0.0521,0,Bayes-M10-med
Ngiri Ngiri,Kinshasa,1,FALSE,0.0141,0.0109,0.0177,0.0142,1.1647,70,0.0498,NA,NA,NA,NA,NA,NA,0.028,0.0028,188,0.0154,0.0676,0,0.029,0,Bayes-M10-med
Police,Kinshasa,1,FALSE,0.014,0.0109,0.0176,0.0141,1.1599,71,0.0496,NA,NA,NA,NA,NA,NA,0.0478,0.0048,143,0.0463,0.0772,0,0.0676,0,Bayes-M10-med
Uvira,Sud-Kivu,1,FALSE,0.0139,0.0108,0.0175,0.014,1.1488,72,0.0491,NA,NA,NA,NA,NA,NA,0.5502,0.0547,43,0.2181,0.9846,0,0.9981,0,Bayes-M10-med
Katoyi,Nord-Kivu,1,FALSE,0.0133,0.0103,0.0167,0.0134,1.0986,73,0.047,NA,NA,0.193,18,NA,NA,0.4542,0.0432,50,0.4614,0.9595,0,0.3958,0,Bayes-M10-med
Isangi,Tshopo,1,FALSE,0.0124,0.0096,0.0156,0.0125,1.0248,74,0.0438,NA,NA,NA,NA,NA,NA,0.3837,0.0341,55,0.4054,0.4073,0,0.722,0,Bayes-M10-med
Walikale,Nord-Kivu,1,FALSE,0.0119,0.0092,0.0149,0.0119,0.9803,76,0.0419,NA,NA,0.1722,19,NA,NA,0.5729,0.0487,48,0.9459,0.9286,0,0.417,0,Bayes-M10-med
Kalehe,Sud-Kivu,1,FALSE,0.0119,0.0092,0.015,0.012,0.9847,75,0.0421,NA,NA,NA,NA,NA,NA,0.3369,0.0288,59,0.3417,0.8649,0,0.1409,0,Bayes-M10-med
Ruzizi,Sud-Kivu,1,FALSE,0.0118,0.0092,0.0149,0.0119,0.9772,77,0.0418,NA,NA,NA,NA,NA,NA,0.5627,0.0477,49,0.3494,0.9093,0,0.9923,0,Bayes-M10-med
Nyemba,Tanganyika,1,FALSE,0.0113,0.0087,0.0142,0.0113,0.9307,78,0.0398,NA,NA,NA,NA,NA,NA,0.3456,0.0279,61,0.5965,0.4556,0,0.3301,0,Bayes-M10-med
Lubutu,Maniema,1,FALSE,0.011,0.0085,0.0139,0.0111,0.9115,79,0.039,NA,NA,NA,NA,NA,NA,0.4706,0.0372,53,0.8205,0.2819,0,0.7799,0,Bayes-M10-med
Maluku 1,Kinshasa,1,FALSE,0.0108,0.0084,0.0137,0.0109,0.8961,80,0.0384,NA,NA,NA,NA,NA,NA,0.2321,0.018,69,0.3475,0.4517,0,0.1293,0,Bayes-M10-med
Kingasani,Kinshasa,1,FALSE,0.0107,0.0083,0.0134,0.0107,0.8817,82,0.0378,NA,NA,NA,NA,NA,NA,0.0294,0.0023,222,0.0058,0.0405,0,0.0714,0,Bayes-M10-med
Birambizo,Nord-Kivu,1,FALSE,0.0107,0.0083,0.0135,0.0107,0.8831,81,0.0378,NA,NA,0.1551,20,NA,NA,0.3625,0.0278,62,0.4035,0.89,0,0.1564,0,Bayes-M10-med
Walungu,Sud-Kivu,1,FALSE,0.0103,0.008,0.013,0.0104,0.8519,83,0.0365,NA,NA,NA,NA,NA,NA,0.3248,0.024,64,0.1853,0.8803,0,0.2336,0,Bayes-M10-med
Nyantende,Sud-Kivu,1,FALSE,0.0101,0.0078,0.0127,0.0101,0.8316,84,0.0356,NA,NA,NA,NA,NA,NA,0.3219,0.0232,65,0.1486,0.8938,0,0.2452,0,Bayes-M10-med
Bagira,Sud-Kivu,1,FALSE,0.0086,0.0067,0.0109,0.0087,0.7128,85,0.0306,NA,NA,NA,NA,NA,NA,0.236,0.0146,82,0.1004,0.6371,0,0.2066,0,Bayes-M10-med
Fizi,Sud-Kivu,1,FALSE,0.0081,0.0063,0.0102,0.0081,0.6672,86,0.0286,NA,NA,NA,NA,NA,NA,0.5637,0.0327,57,0.7432,0.9691,0,0.5425,0,Bayes-M10-med
Lubumbashi,Haut-Katanga,1,FALSE,0.0078,0.0061,0.0099,0.0079,0.6454,87,0.0277,NA,NA,NA,NA,NA,NA,0.1105,0.0062,121,0.1081,0.2104,0,0.1236,0,Bayes-M10-med
Makala,Kinshasa,1,FALSE,0.0072,0.0056,0.009,0.0072,0.5922,88,0.0254,NA,NA,NA,NA,NA,NA,0.0246,0.0013,293,0.0116,0.0386,0,0.0483,0,Bayes-M10-med
Kalamu 2,Kinshasa,1,FALSE,0.0071,0.0055,0.0089,0.0071,0.5837,89,0.025,NA,NA,NA,NA,NA,NA,0.015,8e-4,371,0.0039,0.0154,0,0.0405,0,Bayes-M10-med
Lemera,Sud-Kivu,1,FALSE,0.0069,0.0054,0.0088,0.007,0.5728,90,0.0246,NA,NA,NA,NA,NA,NA,0.5613,0.0279,60,0.3629,0.9015,0,0.9807,0,Bayes-M10-med
Kindu,Maniema,1,FALSE,0.0068,0.0053,0.0086,0.0069,0.5646,91,0.0242,NA,NA,NA,NA,NA,NA,0.3181,0.0156,78,0.1351,0.2529,0,0.8842,0,Bayes-M10-med
Basoko,Tshopo,1,FALSE,0.0068,0.0053,0.0086,0.0068,0.5609,92,0.0241,NA,NA,NA,NA,NA,NA,0.3012,0.0147,80,0.5077,0.3147,0,0.3822,0,Bayes-M10-med
Mubumbano,Sud-Kivu,1,FALSE,0.0067,0.0052,0.0084,0.0067,0.5488,93,0.0235,NA,NA,NA,NA,NA,NA,0.3658,0.0174,72,0.2683,0.9402,0,0.2548,0,Bayes-M10-med
Pinga,Nord-Kivu,1,FALSE,0.0065,0.005,0.0082,0.0065,0.5379,94,0.0231,NA,NA,0.0945,21,NA,NA,0.57,0.0266,63,0.9595,0.7548,0,0.5656,0,Bayes-M10-med
Nyangezi,Sud-Kivu,1,FALSE,0.0062,0.0048,0.0079,0.0063,0.515,95,0.0221,NA,NA,NA,NA,NA,NA,0.36870000000000003,0.0165,76,0.222,0.8842,0,0.36870000000000003,0,Bayes-M10-med
Yabaondo,Tshopo,1,FALSE,0.0062,0.0048,0.0078,0.0062,0.5126,96,0.022,NA,NA,NA,NA,NA,NA,0.3523,0.0157,77,0.4363,0.305,0,0.668,0,Bayes-M10-med
Kalemie,Tanganyika,1,FALSE,0.0061,0.0047,0.0077,0.0061,0.5023,97,0.0216,NA,NA,NA,NA,NA,NA,0.3789,0.0165,75,0.6718,0.4575,0,0.3861,0,Bayes-M10-med
Mwana,Sud-Kivu,1,FALSE,0.0055,0.0042,0.0069,0.0055,0.4509,98,0.0194,NA,NA,NA,NA,NA,NA,0.3731,0.0146,81,0.2896,0.9035,0,0.2992,0,Bayes-M10-med
Ubundu,Tshopo,1,FALSE,0.0054,0.0042,0.0068,0.0054,0.4442,99,0.0191,NA,NA,NA,NA,NA,NA,0.4744,0.0183,67,0.9054,0.4305,0,0.5618,0,Bayes-M10-med
Kaniola,Sud-Kivu,1,FALSE,0.0053,0.0041,0.0067,0.0054,0.4408,100,0.0189,NA,NA,NA,NA,NA,NA,0.4513,0.0173,73,0.5328,0.9305,0,0.3417,0,Bayes-M10-med
Bunyakiri,Sud-Kivu,1,FALSE,0.0051,0.004,0.0065,0.0052,0.4235,101,0.0182,NA,NA,NA,NA,NA,NA,0.4517,0.0166,74,0.6197,0.832,0,0.3552,0,Bayes-M10-med
Lisala,Mongala,1,FALSE,0.0047,0.0036,0.0059,0.0047,0.3846,102,0.0165,NA,NA,NA,NA,NA,NA,0.4093,0.0137,87,0.4286,0.4402,0,0.7683,0,Bayes-M10-med
Kasongo,Maniema,1,FALSE,0.0046,0.0036,0.0058,0.0046,0.3812,103,0.0164,NA,NA,NA,NA,NA,NA,0.5304,0.0176,71,0.4459,0.7529,0,0.9228,0,Bayes-M10-med
Manika,Lualaba,1,FALSE,0.0044,0.0034,0.0055,0.0044,0.3583,104,0.0154,NA,NA,NA,NA,NA,NA,0.1149,0.0036,161,0.0946,0.222,0,0.1429,0,Bayes-M10-med
Mumbunda,Haut-Katanga,1,FALSE,0.0043,0.0033,0.0054,0.0043,0.3541,105,0.0152,NA,NA,NA,NA,NA,NA,0.1853,0.0057,129,0.1197,0.5077,0,0.1139,0,Bayes-M10-med
Opienge,Tshopo,1,FALSE,0.0043,0.0033,0.0054,0.0043,0.3521,106,0.0151,NA,NA,NA,NA,NA,NA,0.4445,0.0136,88,0.9556,0.0135,0,0.8089,0,Bayes-M10-med
Yaleko,Tshopo,1,FALSE,0.0043,0.0033,0.0054,0.0043,0.3508,107,0.0151,NA,NA,NA,NA,NA,NA,0.402,0.0123,90,0.639,0.2452,0,0.7239,0,Bayes-M10-med
Yamaluka,Mongala,1,FALSE,0.0041,0.0032,0.0051,0.0041,0.3355,108,0.0144,NA,NA,NA,NA,NA,NA,0.1974,0.0058,127,0.2799,0.1448,0,0.3649,0,Bayes-M10-med
Doruma,Haut-Uele,1,FALSE,0.004,0.0031,0.005,0.004,0.3294,109,0.0142,NA,NA,NA,NA,0.0249,7,0.6216,0.0178,70,0.973,0.5135,0,1,0,Bayes-M10-med
Kipushi,Haut-Katanga,1,FALSE,0.0039,0.003,0.0049,0.0039,0.3185,111,0.0137,NA,NA,NA,NA,NA,NA,0.1216,0.0034,167,0.2703,0.1081,0,0.1081,0,Bayes-M10-med
Tshamilemba,Haut-Katanga,1,FALSE,0.0039,0.003,0.0049,0.0039,0.3173,113,0.0136,NA,NA,NA,NA,NA,NA,0.0772,0.0021,228,0.0656,0.1255,0,0.1178,0,Bayes-M10-med
Kisenso,Kinshasa,1,FALSE,0.0039,0.003,0.0049,0.0039,0.3226,110,0.0139,NA,NA,NA,NA,NA,NA,0.0589,0.0017,265,0.0367,0.139,0,0.0598,0,Bayes-M10-med
Biyela,Kinshasa,1,FALSE,0.0039,0.003,0.0049,0.0039,0.3179,112,0.0137,NA,NA,NA,NA,NA,NA,0.1076,0.003,181,0.0637,0.2838,0,0.083,0,Bayes-M10-med
Kimbanseke,Kinshasa,1,FALSE,0.0038,0.0029,0.0048,0.0038,0.3136,114,0.0135,NA,NA,NA,NA,NA,NA,0.0526,0.0014,279,0.0521,0.0849,0,0.0734,0,Bayes-M10-med
Mbandaka,Equateur,1,FALSE,0.0037,0.0029,0.0047,0.0038,0.3087,115,0.0133,NA,NA,NA,NA,NA,NA,0.5164,0.0139,85,0.6409,0.9633,0,0.4614,0,Bayes-M10-med
Bumbu,Kinshasa,1,FALSE,0.0037,0.0028,0.0046,0.0037,0.3017,117,0.013,NA,NA,NA,NA,NA,NA,0.0164,4e-4,419,0.0019,0.029,0,0.0347,0,Bayes-M10-med
Maluku 2,Kinshasa,1,FALSE,0.0037,0.0029,0.0047,0.0038,0.3084,116,0.0133,NA,NA,NA,NA,NA,NA,0.4184,0.0112,91,0.6834,0.5463,0,0.444,0,Bayes-M10-med
Ngaba,Kinshasa,1,FALSE,0.0036,0.0028,0.0046,0.0036,0.2981,118,0.0128,NA,NA,NA,NA,NA,NA,0.014,4e-4,428,0,0.0058,0,0.0502,0,Bayes-M10-med
Nundu,Sud-Kivu,1,FALSE,0.0035,0.0027,0.0044,0.0035,0.2888,119,0.0124,NA,NA,NA,NA,NA,NA,0.5927,0.0149,79,0.527,0.8494,0,0.9942,0,Bayes-M10-med
Kibua,Nord-Kivu,1,FALSE,0.0034,0.0027,0.0043,0.0034,0.2823,120,0.0121,NA,NA,0.0496,22,NA,NA,0.5154,0.0127,89,0.7741,0.6602,0,0.6274,0,Bayes-M10-med
Kunda,Maniema,1,FALSE,0.0033,0.0026,0.0042,0.0033,0.2735,121,0.0118,NA,NA,NA,NA,NA,NA,0.4165,0.0099,98,0.4633,0.2799,0,0.9228,0,Bayes-M10-med
Kalonge,Sud-Kivu,1,FALSE,0.0032,0.0025,0.0041,0.0032,0.2662,122,0.0114,NA,NA,NA,NA,NA,NA,0.404,0.0094,102,0.4961,0.8359,0,0.2838,0,Bayes-M10-med
Titule,Bas-Uele,1,FALSE,0.0029,0.0022,0.0036,0.0029,0.2361,124,0.0101,NA,NA,NA,NA,NA,NA,0.6839,0.0141,83,0.9865,0.8263,0,0.9228,0,Bayes-M10-med
Saramabila,Maniema,1,FALSE,0.0029,0.0022,0.0036,0.0029,0.2362,123,0.0102,NA,NA,NA,NA,NA,NA,0.4768,0.0098,101,0.473,0.5502,0,0.8842,0,Bayes-M10-med
Kongolo,Tanganyika,1,FALSE,0.0028,0.0022,0.0035,0.0028,0.2314,125,0.0099,NA,NA,NA,NA,NA,NA,0.6829,0.0138,86,0.8861,0.9228,0,0.9228,0,Bayes-M10-med
Kabinda,Lomami,1,FALSE,0.0027,0.0021,0.0034,0.0027,0.2224,127,0.0096,NA,NA,NA,NA,NA,NA,0.4382,0.0085,107,0.5097,0.5541,0,0.6892,0,Bayes-M10-med
Djolu,Tshuapa,1,FALSE,0.0027,0.0021,0.0035,0.0028,0.2263,126,0.0097,NA,NA,NA,NA,NA,NA,0.5256,0.0104,95,0.7104,0.5985,0,0.7934,0,Bayes-M10-med
Kaziba,Sud-Kivu,1,FALSE,0.0026,0.002,0.0033,0.0026,0.2128,129,0.0091,NA,NA,NA,NA,NA,NA,0.3571,0.0066,118,0.2876,0.7838,0,0.3571,0,Bayes-M10-med
Shabunda,Sud-Kivu,1,FALSE,0.0026,0.002,0.0032,0.0026,0.212,130,0.0091,NA,NA,NA,NA,NA,NA,0.5922,0.0109,92,0.8378,0.8726,0,0.6583,0,Bayes-M10-med
Yahuma,Tshopo,1,FALSE,0.0026,0.002,0.0033,0.0026,0.2169,128,0.0093,NA,NA,NA,NA,NA,NA,0.4402,0.0083,108,0.8649,0.332,0,0.5637,0,Bayes-M10-med
Itebero,Nord-Kivu,1,FALSE,0.0025,0.0019,0.0032,0.0025,0.2068,132,0.0089,NA,NA,0.0363,23,NA,NA,0.5574,0.01,96,0.9112,0.722,0,0.5965,0,Bayes-M10-med
Kitutu,Sud-Kivu,1,FALSE,0.0025,0.002,0.0032,0.0025,0.2095,131,0.009,NA,NA,NA,NA,NA,NA,0.5024,0.0092,105,0.751,0.805,0,0.4537,0,Bayes-M10-med
Kimbi Lulenge,Sud-Kivu,1,FALSE,0.0025,0.0019,0.0031,0.0025,0.2054,133,0.0088,NA,NA,NA,NA,NA,NA,0.5507,0.0099,100,0.8475,0.8687,0,0.4865,0,Bayes-M10-med
Bonzola,Kasaï-Oriental,1,FALSE,0.0024,0.0018,0.003,0.0024,0.1941,134,0.0083,NA,NA,NA,NA,NA,NA,0.2958,0.005,139,0.0927,0.7934,0,0.2973,0,Bayes-M10-med
Kalole,Sud-Kivu,1,FALSE,0.0023,0.0018,0.0029,0.0023,0.1903,136,0.0082,NA,NA,NA,NA,NA,NA,0.6038,0.01,97,0.89,0.7799,0,0.7452,0,Bayes-M10-med
Mwenga,Sud-Kivu,1,FALSE,0.0023,0.0018,0.0029,0.0023,0.1912,135,0.0082,NA,NA,NA,NA,NA,NA,0.319,0.0053,136,0.5,0.3552,0,0.4208,0,Bayes-M10-med
Yahisuli,Tshopo,1,FALSE,0.0023,0.0018,0.0029,0.0023,0.1862,137,0.008,NA,NA,NA,NA,NA,NA,0.3521,0.0057,130,0.3842,0.0714,0,0.9527,0,Bayes-M10-med
Kamituga,Sud-Kivu,1,FALSE,0.0022,0.0017,0.0028,0.0022,0.1831,138,0.0079,NA,NA,NA,NA,NA,NA,0.3596,0.0057,128,0.3938,0.6062,0,0.4382,0,Bayes-M10-med
Mulungu,Sud-Kivu,1,FALSE,0.0022,0.0017,0.0028,0.0022,0.1817,139,0.0078,NA,NA,NA,NA,NA,NA,0.5208,0.0082,109,0.861,0.5193,0,0.7027,0,Bayes-M10-med
Mbulula,Tanganyika,1,FALSE,0.0022,0.0017,0.0028,0.0022,0.18,140,0.0077,NA,NA,NA,NA,NA,NA,0.5934,0.0093,103,0.6448,0.7761,0,0.9527,0,Bayes-M10-med
Kabalo,Tanganyika,1,FALSE,0.0021,0.0016,0.0026,0.0021,0.1696,141,0.0073,NA,NA,NA,NA,NA,NA,0.624,0.0092,104,0.9035,0.7568,0,0.8359,0,Bayes-M10-med
Kampene,Maniema,1,FALSE,0.002,0.0015,0.0025,0.002,0.1612,144,0.0069,NA,NA,NA,NA,NA,NA,0.3962,0.0056,135,0.5251,0.1757,0,0.8842,0,Bayes-M10-med
Kalima,Maniema,1,FALSE,0.002,0.0015,0.0025,0.002,0.1631,143,0.007,NA,NA,NA,NA,NA,NA,0.3094,0.0044,148,0.4595,0.3205,0,0.4575,0,Bayes-M10-med
Opala,Tshopo,1,FALSE,0.002,0.0016,0.0026,0.0021,0.1685,142,0.0072,NA,NA,NA,NA,NA,NA,0.4269,0.0063,119,0.7819,0.0792,0,0.8465,0,Bayes-M10-med
Punia,Maniema,1,FALSE,0.0019,0.0015,0.0024,0.0019,0.1547,146,0.0067,NA,NA,NA,NA,NA,NA,0.3731,0.005,138,0.7625,0.1969,0,0.5328,0,Bayes-M10-med
Yambuku,Mongala,1,FALSE,0.0019,0.0015,0.0024,0.0019,0.1585,145,0.0068,NA,NA,NA,NA,NA,NA,0.4344,0.006,124,0.5483,0.5753,0,0.6139,0,Bayes-M10-med
Nyunzu,Tanganyika,1,FALSE,0.0019,0.0014,0.0023,0.0019,0.153,147,0.0066,NA,NA,NA,NA,NA,NA,0.6023,0.008,110,0.9653,0.834,0,0.61,0,Bayes-M10-med
Kananga,Kasaï-Central,1,FALSE,0.0018,0.0014,0.0022,0.0018,0.1445,149,0.0062,NA,NA,NA,NA,NA,NA,0.2963,0.0037,157,0.1429,0.5579,0,0.4846,0,Bayes-M10-med
Kasansa,Kasaï-Oriental,1,FALSE,0.0018,0.0014,0.0023,0.0018,0.1509,148,0.0065,NA,NA,NA,NA,NA,NA,0.3349,0.0044,147,0.2568,0.6699,0,0.4131,0,Bayes-M10-med
Nzaba,Kasaï-Oriental,1,FALSE,0.0017,0.0013,0.0021,0.0017,0.1379,153,0.0059,NA,NA,NA,NA,NA,NA,0.278,0.0033,169,0.1042,0.6931,0,0.3147,0,Bayes-M10-med
Mulumba,Lomami,1,FALSE,0.0017,0.0013,0.0022,0.0017,0.1427,151,0.0061,NA,NA,NA,NA,NA,NA,0.2587,0.0032,174,0.1834,0.3108,0,0.5405,0,Bayes-M10-med
Lusangi,Maniema,1,FALSE,0.0017,0.0013,0.0021,0.0017,0.1373,154,0.0059,NA,NA,NA,NA,NA,NA,0.4223,0.0051,137,0.5656,0.2645,0,0.8591,0,Bayes-M10-med
Lolo,Mongala,1,FALSE,0.0017,0.0013,0.0022,0.0017,0.143,150,0.0062,NA,NA,NA,NA,NA,NA,0.3161,0.0039,155,0.4073,0.3263,0,0.5309,0,Bayes-M10-med
Lodja,Sankuru,1,FALSE,0.0017,0.0013,0.0021,0.0017,0.1381,152,0.0059,NA,NA,NA,NA,NA,NA,0.4626,0.0056,134,0.2625,0.6351,0,0.9527,0,Bayes-M10-med
Lulingu,Sud-Kivu,1,FALSE,0.0017,0.0013,0.0021,0.0017,0.1365,155,0.0059,NA,NA,NA,NA,NA,NA,0.6158,0.0073,113,0.9093,0.8108,0,0.7432,0,Bayes-M10-med
Aketi,Bas-Uele,1,FALSE,0.0016,0.0012,0.002,0.0016,0.1328,157,0.0057,NA,NA,NA,NA,NA,NA,0.6762,0.0078,112,0.9903,0.9363,0,0.778,0,Bayes-M10-med
Ango,Bas-Uele,1,FALSE,0.0016,0.0012,0.002,0.0016,0.1285,159,0.0055,NA,NA,NA,NA,NA,NA,0.7095,0.0079,111,1,0.8591,0,0.9788,0,Bayes-M10-med
Tshilenge,Kasaï-Oriental,1,FALSE,0.0016,0.0012,0.002,0.0016,0.1322,158,0.0057,NA,NA,NA,NA,NA,NA,0.2799,0.0032,173,0.1892,0.668,0,0.2625,0,Bayes-M10-med
Kailo,Maniema,1,FALSE,0.0016,0.0012,0.002,0.0016,0.1278,162,0.0055,NA,NA,NA,NA,NA,NA,0.4276,0.0048,144,0.832,0.0946,0,0.7838,0,Bayes-M10-med
Samba,Maniema,1,FALSE,0.0016,0.0012,0.002,0.0016,0.1282,160,0.0055,NA,NA,NA,NA,NA,NA,0.5179,0.0058,126,0.7529,0.4344,0,0.8842,0,Bayes-M10-med
Bumba,Mongala,1,FALSE,0.0016,0.0012,0.002,0.0016,0.1282,161,0.0055,NA,NA,NA,NA,NA,NA,0.2384,0.0027,198,0.1409,0.4537,0,0.3591,0,Bayes-M10-med
Manono,Tanganyika,1,FALSE,0.0016,0.0013,0.0021,0.0016,0.1353,156,0.0058,NA,NA,NA,NA,NA,NA,0.5758,0.0068,117,0.8784,0.9537,0,0.471,0,Bayes-M10-med
Kabongo,Haut-Lomami,1,FALSE,0.0015,0.0011,0.0018,0.0015,0.1195,169,0.0051,NA,NA,NA,NA,NA,NA,0.5372,0.0056,133,0.8108,0.778,0,0.5598,0,Bayes-M10-med
Luputa,Lomami,1,FALSE,0.0015,0.0011,0.0018,0.0015,0.12,168,0.0052,NA,NA,NA,NA,NA,NA,0.3431,0.0036,160,0.3301,0.3166,0,0.7259,0,Bayes-M10-med
Mweneditu,Lomami,1,FALSE,0.0015,0.0011,0.0018,0.0015,0.1202,167,0.0052,NA,NA,NA,NA,NA,NA,0.2799,0.0029,184,0.166,0.3842,0,0.5695,0,Bayes-M10-med
Haut Plateau,Sud-Kivu,1,FALSE,0.0015,0.0012,0.0019,0.0015,0.1241,163,0.0053,NA,NA,NA,NA,NA,NA,0.5246,0.0057,131,0.5714,0.5444,0,0.9826,0,Bayes-M10-med
Minembwe,Sud-Kivu,1,FALSE,0.0015,0.0012,0.0019,0.0015,0.1238,164,0.0053,NA,NA,NA,NA,NA,NA,0.5198,0.0056,132,0.7181,0.8089,0,0.5521,0,Bayes-M10-med
Lingomo,Tshuapa,1,FALSE,0.0015,0.0012,0.0019,0.0015,0.1235,166,0.0053,NA,NA,NA,NA,NA,NA,0.5627,0.0061,123,0.8263,0.5869,0,0.8378,0,Bayes-M10-med
Moba,Tanganyika,1,FALSE,0.0015,0.0012,0.0019,0.0015,0.1236,165,0.0053,NA,NA,NA,NA,NA,NA,0.3808,0.0041,151,0.6178,0.4942,0,0.4112,0,Bayes-M10-med
Bondo,Bas-Uele,1,FALSE,0.0014,0.0011,0.0018,0.0014,0.1178,170,0.0051,NA,NA,NA,NA,NA,NA,0.6737,0.0069,116,0.9961,0.9981,0,0.7008,0,Bayes-M10-med
Kabeya Kamwanga,Kasaï-Oriental,1,FALSE,0.0013,0.001,0.0016,0.0013,0.1065,173,0.0046,NA,NA,NA,NA,NA,NA,0.2968,0.0028,191,0.3224,0.3919,0,0.473,0,Bayes-M10-med
Lubao,Lomami,1,FALSE,0.0013,0.001,0.0017,0.0013,0.1101,171,0.0047,NA,NA,NA,NA,NA,NA,0.3982,0.0038,156,0.6486,0.1525,0,0.7915,0,Bayes-M10-med
Ikela,Tshuapa,1,FALSE,0.0013,0.001,0.0017,0.0013,0.108,172,0.0046,NA,NA,NA,NA,NA,NA,0.4633,0.0044,150,0.8147,0.1795,0,0.8591,0,Bayes-M10-med
Kamina,Haut-Lomami,1,FALSE,0.0012,0.001,0.0015,0.0012,0.101,175,0.0043,NA,NA,NA,NA,NA,NA,0.5164,0.0045,146,0.8301,0.8301,0,0.4054,0,Bayes-M10-med
Kitenge,Haut-Lomami,1,FALSE,0.0012,9e-4,0.0015,0.0012,0.0977,177,0.0042,NA,NA,NA,NA,NA,NA,0.5729,0.0049,141,0.8668,0.8069,0,0.6178,0,Bayes-M10-med
Diulu,Kasaï-Oriental,1,FALSE,0.0012,0.001,0.0016,0.0012,0.1016,174,0.0044,NA,NA,NA,NA,NA,NA,0.2611,0.0023,215,0.0676,0.6448,0,0.332,0,Bayes-M10-med
Lukelenge,Kasaï-Oriental,1,FALSE,0.0012,9e-4,0.0015,0.0012,0.0984,176,0.0042,NA,NA,NA,NA,NA,NA,0.2249,0.0019,240,0.0811,0.5,0,0.3185,0,Bayes-M10-med
Kabambare,Maniema,1,FALSE,0.0012,9e-4,0.0015,0.0012,0.0955,178,0.0041,NA,NA,NA,NA,NA,NA,0.3953,0.0033,170,0.8359,0.112,0,0.6332,0,Bayes-M10-med
Malemba Nkulu,Haut-Lomami,1,FALSE,0.0011,9e-4,0.0014,0.0011,0.092,182,0.004,NA,NA,NA,NA,NA,NA,0.3895,0.0031,177,0.36870000000000003,0.7664,0,0.4228,0,Bayes-M10-med
Kaniama,Haut-Lomami,1,FALSE,0.0011,9e-4,0.0014,0.0011,0.092,181,0.004,NA,NA,NA,NA,NA,NA,0.582,0.0047,145,0.8533,0.6622,0,0.8127,0,Bayes-M10-med
Demba,Kasaï-Central,1,FALSE,0.0011,8e-4,0.0013,0.0011,0.0879,187,0.0038,NA,NA,NA,NA,NA,NA,0.4117,0.0032,176,0.4653,0.7143,0,0.4672,0,Bayes-M10-med
Cilundu,Kasaï-Oriental,1,FALSE,0.0011,8e-4,0.0014,0.0011,0.0884,186,0.0038,NA,NA,NA,NA,NA,NA,0.221,0.0017,260,0.2317,0.3089,0,0.3436,0,Bayes-M10-med
Citenge,Kasaï-Oriental,1,FALSE,0.0011,9e-4,0.0014,0.0011,0.0916,183,0.0039,NA,NA,NA,NA,NA,NA,0.2321,0.0019,248,0.1583,0.4749,0,0.2954,0,Bayes-M10-med
Idiofa,Kwilu,1,FALSE,0.0011,8e-4,0.0013,0.0011,0.0878,188,0.0038,NA,NA,NA,NA,NA,NA,0.486,0.0037,158,0.4537,0.749,0,0.7413,0,Bayes-M10-med
Ngandajika,Lomami,1,FALSE,0.0011,9e-4,0.0014,0.0011,0.0927,180,0.004,NA,NA,NA,NA,NA,NA,0.3465,0.0028,190,0.2124,0.4459,0,0.7278,0,Bayes-M10-med
Tshofa,Lomami,1,FALSE,0.0011,9e-4,0.0014,0.0011,0.0906,185,0.0039,NA,NA,NA,NA,NA,NA,0.4416,0.0035,162,0.6757,0.3514,0,0.7394,0,Bayes-M10-med
Obokote,Maniema,1,FALSE,0.0011,9e-4,0.0014,0.0011,0.0907,184,0.0039,NA,NA,NA,NA,NA,NA,0.3209,0.0025,203,0.7239,0.0328,0,0.527,0,Bayes-M10-med
Yalimbongo,Tshopo,1,FALSE,0.0011,9e-4,0.0014,0.0011,0.0937,179,0.004,NA,NA,NA,NA,NA,NA,0.3214,0.0026,201,0.5772,0.0483,0,0.6602,0,Bayes-M10-med
Kamwesha,Kasaï,1,FALSE,0.001,8e-4,0.0013,0.001,0.0833,195,0.0036,NA,NA,NA,NA,NA,NA,0.2732,0.002,235,0.3456,0.2876,0,0.4595,0,Bayes-M10-med
Tshikapa,Kasaï,1,FALSE,0.001,8e-4,0.0013,0.001,0.0823,197,0.0035,NA,NA,NA,NA,NA,NA,0.3156,0.0023,221,0.2722,0.6506,0,0.3398,0,Bayes-M10-med
Mikalayi,Kasaï-Central,1,FALSE,0.001,8e-4,0.0013,0.001,0.086,189,0.0037,NA,NA,NA,NA,NA,NA,0.3948,0.003,183,0.4517,0.5811,0,0.5463,0,Bayes-M10-med
Bibanga,Kasaï-Oriental,1,FALSE,0.001,8e-4,0.0013,0.001,0.0859,190,0.0037,NA,NA,NA,NA,NA,NA,0.2978,0.0022,224,0.3127,0.4884,0,0.39,0,Bayes-M10-med
Lubilanji,Kasaï-Oriental,1,FALSE,0.001,7e-4,0.0012,0.001,0.0784,200,0.0034,NA,NA,NA,NA,NA,NA,0.1694,0.0012,311,0.0347,0.3398,0,0.3031,0,Bayes-M10-med
Ludimbi Lukula,Lomami,1,FALSE,0.001,8e-4,0.0013,0.001,0.0836,193,0.0036,NA,NA,NA,NA,NA,NA,0.4513,0.0033,171,0.6931,0.3475,0,0.7645,0,Bayes-M10-med
Kanda Kanda,Lomami,1,FALSE,0.001,8e-4,0.0012,0.001,0.0814,199,0.0035,NA,NA,NA,NA,NA,NA,0.3012,0.0021,227,0.3185,0.1737,0,0.7124,0,Bayes-M10-med
Kibombo,Maniema,1,FALSE,0.001,8e-4,0.0013,0.001,0.0854,191,0.0037,NA,NA,NA,NA,NA,NA,0.4614,0.0034,163,0.7452,0.1776,0,0.9228,0,Bayes-M10-med
Gemena,Sud-Ubangi,1,FALSE,0.001,8e-4,0.0013,0.001,0.082,198,0.0035,NA,NA,NA,NA,NA,NA,0.3277,0.0023,212,0.1776,0.2741,0,0.8591,0,Bayes-M10-med
Basali,Tshopo,1,FALSE,0.001,8e-4,0.0013,0.001,0.0831,196,0.0036,NA,NA,NA,NA,NA,NA,0.3779,0.0027,192,0.834,0.0251,0,0.6525,0,Bayes-M10-med
Boende,Tshuapa,1,FALSE,0.001,8e-4,0.0013,0.001,0.0845,192,0.0036,NA,NA,NA,NA,NA,NA,0.4199,0.0031,178,0.6988,0.4807,0,0.5,0,Bayes-M10-med
Kansimba,Tanganyika,1,FALSE,0.001,8e-4,0.0013,0.001,0.0834,194,0.0036,NA,NA,NA,NA,NA,NA,0.5497,0.004,154,0.9479,0.7741,0,0.4768,0,Bayes-M10-med
Likati,Bas-Uele,1,FALSE,9e-4,7e-4,0.0011,9e-4,0.0705,217,0.003,NA,NA,NA,NA,NA,NA,0.7124,0.0044,149,0.9942,0.971,0,0.8842,0,Bayes-M10-med
Luebo,Kasaï,1,FALSE,9e-4,7e-4,0.0011,9e-4,0.0745,209,0.0032,NA,NA,NA,NA,NA,NA,0.4353,0.0028,187,0.5232,0.5116,0,0.7066,0,Bayes-M10-med
Mweka,Kasaï,1,FALSE,9e-4,7e-4,0.0011,9e-4,0.07,219,0.003,NA,NA,NA,NA,NA,NA,0.5053,0.0031,179,0.4788,0.7239,0,0.8185,0,Bayes-M10-med
Luiza,Kasaï-Central,1,FALSE,9e-4,7e-4,0.0011,9e-4,0.0699,220,0.003,NA,NA,NA,NA,NA,NA,0.4218,0.0026,202,0.4807,0.6293,0,0.5772,0,Bayes-M10-med
Bipemba,Kasaï-Oriental,1,FALSE,9e-4,7e-4,0.0011,9e-4,0.0728,212,0.0031,NA,NA,NA,NA,NA,NA,0.1544,0.001,335,0.0618,0.2201,0,0.3359,0,Bayes-M10-med
Dibindi,Kasaï-Oriental,1,FALSE,9e-4,7e-4,0.0012,9e-4,0.0757,206,0.0033,NA,NA,NA,NA,NA,NA,0.1617,0.0011,325,0.0386,0.2954,0,0.3127,0,Bayes-M10-med
Kansele,Kasaï-Oriental,1,FALSE,9e-4,7e-4,0.0011,9e-4,0.0714,214,0.0031,NA,NA,NA,NA,NA,NA,0.2437,0.0015,273,0.0541,0.5965,0,0.3243,0,Bayes-M10-med
Miabi,Kasaï-Oriental,1,FALSE,9e-4,7e-4,0.0011,9e-4,0.0726,213,0.0031,NA,NA,NA,NA,NA,NA,0.2838,0.0018,252,0.2297,0.6525,0,0.2529,0,Bayes-M10-med
Mpokolo,Kasaï-Oriental,1,FALSE,9e-4,7e-4,0.0011,9e-4,0.0709,216,0.003,NA,NA,NA,NA,NA,NA,0.2901,0.0018,253,0.1255,0.6873,0,0.3475,0,Bayes-M10-med
Muya,Kasaï-Oriental,1,FALSE,9e-4,7e-4,0.0012,9e-4,0.0752,207,0.0032,NA,NA,NA,NA,NA,NA,0.2495,0.0016,266,0.0753,0.5888,0,0.334,0,Bayes-M10-med
Tshishimbi,Kasaï-Oriental,1,FALSE,9e-4,7e-4,0.0011,9e-4,0.071,215,0.0031,NA,NA,NA,NA,NA,NA,0.1742,0.0011,321,0.1795,0.2471,0,0.2703,0,Bayes-M10-med
Kalambayi Kabanga,Lomami,1,FALSE,9e-4,7e-4,0.0011,9e-4,0.0704,218,0.003,NA,NA,NA,NA,NA,NA,0.3132,0.0019,241,0.4556,0.1602,0,0.6371,0,Bayes-M10-med
Kamana,Lomami,1,FALSE,9e-4,7e-4,0.0012,9e-4,0.0762,204,0.0033,NA,NA,NA,NA,NA,NA,0.2944,0.002,237,0.5309,0.0174,0,0.6293,0,Bayes-M10-med
Kalenda,Lomami,1,FALSE,9e-4,7e-4,0.0011,9e-4,0.0739,210,0.0032,NA,NA,NA,NA,NA,NA,0.2886,0.0019,246,0.388,0.1873,0,0.5792,0,Bayes-M10-med
Ferekeni,Maniema,1,FALSE,9e-4,7e-4,0.0012,9e-4,0.0761,205,0.0033,NA,NA,NA,NA,NA,NA,0.3504,0.0023,214,0.7722,0.0425,0,0.5869,0,Bayes-M10-med
Yamongili,Mongala,1,FALSE,9e-4,7e-4,0.0012,9e-4,0.0775,201,0.0033,NA,NA,NA,NA,NA,NA,0.3243,0.0022,225,0.5116,0.3668,0,0.4189,0,Bayes-M10-med
Katako Kombe,Sankuru,1,FALSE,9e-4,7e-4,0.0011,9e-4,0.0736,211,0.0032,NA,NA,NA,NA,NA,NA,0.4703,0.003,180,0.7857,0.1313,0,0.9643,0,Bayes-M10-med
Itombwe,Sud-Kivu,1,FALSE,9e-4,7e-4,0.0012,9e-4,0.0765,203,0.0033,NA,NA,NA,NA,NA,NA,0.5121,0.0034,164,0.8571,0.6737,0,0.5174,0,Bayes-M10-med
Lowa,Tshopo,1,FALSE,9e-4,7e-4,0.0011,9e-4,0.0748,208,0.0032,NA,NA,NA,NA,NA,NA,0.4073,0.0027,199,0.8938,0.0598,0,0.6757,0,Bayes-M10-med
Mondombe,Tshuapa,1,FALSE,9e-4,7e-4,0.0012,9e-4,0.0775,202,0.0033,NA,NA,NA,NA,NA,NA,0.4797,0.0032,172,0.6622,0.3726,0,0.8842,0,Bayes-M10-med
Bukama,Haut-Lomami,1,FALSE,8e-4,6e-4,0.001,8e-4,0.0644,227,0.0028,NA,NA,NA,NA,NA,NA,0.4764,0.0027,196,0.7143,0.7625,0,0.4286,0,Bayes-M10-med
Mulongo,Haut-Lomami,1,FALSE,8e-4,6e-4,0.001,8e-4,0.0644,228,0.0028,NA,NA,NA,NA,NA,NA,0.4773,0.0027,195,0.7471,0.7703,0,0.3919,0,Bayes-M10-med
Bena Leka,Kasaï-Central,1,FALSE,8e-4,6e-4,0.0011,8e-4,0.0685,224,0.0029,NA,NA,NA,NA,NA,NA,0.4986,0.003,182,0.6062,0.7162,0,0.6718,0,Bayes-M10-med
Masuika,Kasaï-Central,1,FALSE,8e-4,6e-4,0.001,8e-4,0.0679,225,0.0029,NA,NA,NA,NA,NA,NA,0.3885,0.0023,216,0.3263,0.5618,0,0.666,0,Bayes-M10-med
Lusanga,Kwilu,1,FALSE,8e-4,6e-4,0.001,8e-4,0.0637,230,0.0027,NA,NA,NA,NA,NA,NA,0.4242,0.0024,208,0.4382,0.7297,0,0.529,0,Bayes-M10-med
Fungurume,Lualaba,1,FALSE,8e-4,6e-4,0.001,8e-4,0.0628,233,0.0027,NA,NA,NA,NA,NA,NA,0.1564,9e-4,350,0.2664,0.1622,0,0.1969,0,Bayes-M10-med
Alunguli,Maniema,1,FALSE,8e-4,7e-4,0.0011,8e-4,0.0693,221,0.003,NA,NA,NA,NA,NA,NA,0.3132,0.0019,243,0.1737,0.195,0,0.8842,0,Bayes-M10-med
Omendjadi,Sankuru,1,FALSE,8e-4,6e-4,0.001,8e-4,0.0636,231,0.0027,NA,NA,NA,NA,NA,NA,0.4262,0.0024,207,0.5502,0.2317,0,0.9228,0,Bayes-M10-med
Vanga Kete,Sankuru,1,FALSE,8e-4,7e-4,0.0011,8e-4,0.0692,222,0.003,NA,NA,NA,NA,NA,NA,0.4503,0.0027,194,0.4672,0.4112,0,0.9228,0,Bayes-M10-med
Dikungu,Sankuru,1,FALSE,8e-4,6e-4,0.001,8e-4,0.0626,234,0.0027,NA,NA,NA,NA,NA,NA,0.3779,0.0021,231,0.4865,0.1409,0,0.8842,0,Bayes-M10-med
Minga,Sankuru,1,FALSE,8e-4,6e-4,0.001,8e-4,0.0625,235,0.0027,NA,NA,NA,NA,NA,NA,0.5347,0.0029,185,0.7838,0.471,0,0.8842,0,Bayes-M10-med
Tshumbe,Sankuru,1,FALSE,8e-4,6e-4,0.001,8e-4,0.0666,226,0.0029,NA,NA,NA,NA,NA,NA,0.3907,0.0023,220,0.5444,0.1718,0,0.8465,0,Bayes-M10-med
Bokungu,Tshuapa,1,FALSE,8e-4,6e-4,0.001,8e-4,0.0635,232,0.0027,NA,NA,NA,NA,NA,NA,0.49370000000000003,0.0027,193,0.695,0.3571,0,0.9228,0,Bayes-M10-med
Yalifafu,Tshuapa,1,FALSE,8e-4,6e-4,0.001,8e-4,0.0637,229,0.0027,NA,NA,NA,NA,NA,NA,0.4797,0.0027,197,0.7664,0.2683,0,0.8842,0,Bayes-M10-med
Kiambi,Tanganyika,1,FALSE,8e-4,6e-4,0.0011,8e-4,0.0685,223,0.0029,NA,NA,NA,NA,NA,NA,0.5709,0.0034,165,0.9807,0.6834,0,0.6197,0,Bayes-M10-med
Bili (Bas-Uele),Bas-Uele,1,FALSE,7e-4,6e-4,9e-4,7e-4,0.06,237,0.0026,NA,NA,NA,NA,NA,NA,0.6926,0.0036,159,0.9981,0.7992,0,0.973,0,Bayes-M10-med
Kalonda Ouest,Kasaï,1,FALSE,7e-4,5e-4,9e-4,7e-4,0.0569,247,0.0024,NA,NA,NA,NA,NA,NA,0.2239,0.0011,315,0.2915,0.251,0,0.3533,0,Bayes-M10-med
Dibaya,Kasaï-Central,1,FALSE,7e-4,6e-4,9e-4,7e-4,0.0593,241,0.0026,NA,NA,NA,NA,NA,NA,0.3325,0.0017,258,0.3147,0.4479,0,0.5676,0,Bayes-M10-med
Ndekesha,Kasaï-Central,1,FALSE,7e-4,5e-4,8e-4,7e-4,0.055,251,0.0024,NA,NA,NA,NA,NA,NA,0.4059,0.0019,239,0.4768,0.4498,0,0.6969,0,Bayes-M10-med
Tshikaji,Kasaï-Central,1,FALSE,7e-4,6e-4,9e-4,7e-4,0.0597,239,0.0026,NA,NA,NA,NA,NA,NA,0.3195,0.0017,264,0.1873,0.5849,0,0.5058,0,Bayes-M10-med
Mukumbi,Kasaï-Oriental,1,FALSE,7e-4,6e-4,9e-4,7e-4,0.0597,240,0.0026,NA,NA,NA,NA,NA,NA,0.2249,0.0012,306,0.2413,0.1892,0,0.4691,0,Bayes-M10-med
Kenge,Kwango,1,FALSE,7e-4,5e-4,8e-4,7e-4,0.0542,252,0.0023,NA,NA,NA,NA,NA,NA,0.5574,0.0026,200,0.6139,0.8127,0,0.8031,0,Bayes-M10-med
Vanga,Kwilu,1,FALSE,7e-4,5e-4,9e-4,7e-4,0.0573,245,0.0025,NA,NA,NA,NA,NA,NA,0.5034,0.0025,204,0.3726,0.8205,0,0.8205,0,Bayes-M10-med
Bulungu,Kwilu,1,FALSE,7e-4,5e-4,9e-4,7e-4,0.0582,242,0.0025,NA,NA,NA,NA,NA,NA,0.4508,0.0023,219,0.3571,0.6795,0,0.7664,0,Bayes-M10-med
Gungu,Kwilu,1,FALSE,7e-4,5e-4,8e-4,7e-4,0.0536,253,0.0023,NA,NA,NA,NA,NA,NA,0.4237,0.002,236,0.5058,0.6969,0,0.4923,0,Bayes-M10-med
Mukedi,Kwilu,1,FALSE,7e-4,5e-4,9e-4,7e-4,0.0577,244,0.0025,NA,NA,NA,NA,NA,NA,0.4836,0.0024,205,0.5367,0.7066,0,0.6911,0,Bayes-M10-med
Kalonda Est,Lomami,1,FALSE,7e-4,5e-4,9e-4,7e-4,0.056,249,0.0024,NA,NA,NA,NA,NA,NA,0.3292,0.0016,268,0.5425,0.1506,0,0.6236,0,Bayes-M10-med
Dilala,Lualaba,1,FALSE,7e-4,5e-4,9e-4,7e-4,0.057,246,0.0025,NA,NA,NA,NA,NA,NA,0.1347,7e-4,382,0.1506,0.2548,0,0.1332,0,Bayes-M10-med
Pangi,Maniema,1,FALSE,7e-4,5e-4,9e-4,7e-4,0.056,250,0.0024,NA,NA,NA,NA,NA,NA,0.3316,0.0016,267,0.6081,0.056,0,0.6622,0,Bayes-M10-med
Bosondjo,Mongala,1,FALSE,7e-4,5e-4,9e-4,7e-4,0.0565,248,0.0024,NA,NA,NA,NA,NA,NA,0.3489,0.0017,259,0.5618,0.1931,0,0.6409,0,Bayes-M10-med
Karawa,Nord-Ubangi,1,FALSE,7e-4,6e-4,9e-4,7e-4,0.0599,238,0.0026,NA,NA,NA,NA,NA,NA,0.6404,0.0033,168,0.7568,0.973,0,0.832,0,Bayes-M10-med
Ototo,Sankuru,1,FALSE,7e-4,5e-4,9e-4,7e-4,0.0577,243,0.0025,NA,NA,NA,NA,NA,NA,0.4561,0.0023,218,0.5386,0.3629,0,0.9228,0,Bayes-M10-med
Ankoro,Tanganyika,1,FALSE,7e-4,6e-4,9e-4,7e-4,0.0609,236,0.0026,NA,NA,NA,NA,NA,NA,0.6047,0.0032,175,0.9266,0.8282,0,0.6641,0,Bayes-M10-med
Kampemba,Haut-Katanga,1,FALSE,6e-4,4e-4,7e-4,6e-4,0.0462,272,0.002,NA,NA,NA,NA,NA,NA,0.0531,2e-4,451,0.0598,0.0367,0,0.1158,0,Bayes-M10-med
Kabondo Dianda,Haut-Lomami,1,FALSE,6e-4,5e-4,8e-4,6e-4,0.0524,259,0.0023,NA,NA,NA,NA,NA,NA,0.4107,0.0019,245,0.5888,0.5714,0,0.4826,0,Bayes-M10-med
Mukanga,Haut-Lomami,1,FALSE,6e-4,5e-4,8e-4,6e-4,0.0525,258,0.0023,NA,NA,NA,NA,NA,NA,0.4739,0.0022,226,0.6853,0.6911,0,0.5193,0,Bayes-M10-med
Ilebo,Kasaï,1,FALSE,6e-4,4e-4,7e-4,6e-4,0.0453,274,0.002,NA,NA,NA,NA,NA,NA,0.3142,0.0012,297,0.2162,0.6139,0,0.4266,0,Bayes-M10-med
Kanzala,Kasaï,1,FALSE,6e-4,5e-4,8e-4,6e-4,0.0489,266,0.0021,NA,NA,NA,NA,NA,NA,0.2046,9e-4,348,0.168,0.3127,0,0.3378,0,Bayes-M10-med
Katende,Kasaï-Central,1,FALSE,6e-4,5e-4,8e-4,6e-4,0.0533,254,0.0023,NA,NA,NA,NA,NA,NA,0.5154,0.0024,206,0.6525,0.6486,0,0.7606,0,Bayes-M10-med
Lukonga,Kasaï-Central,1,FALSE,6e-4,5e-4,8e-4,6e-4,0.0522,262,0.0022,NA,NA,NA,NA,NA,NA,0.3282,0.0015,276,0.2239,0.6429,0,0.4459,0,Bayes-M10-med
Luambo,Kasaï-Central,1,FALSE,6e-4,5e-4,8e-4,6e-4,0.0533,255,0.0023,NA,NA,NA,NA,NA,NA,0.3769,0.0018,256,0.5347,0.5656,0,0.4073,0,Bayes-M10-med
Tshibala,Kasaï-Central,1,FALSE,6e-4,4e-4,7e-4,6e-4,0.0453,273,0.002,NA,NA,NA,NA,NA,NA,0.4218,0.0017,263,0.4266,0.5772,0,0.6834,0,Bayes-M10-med
Yangala,Kasaï-Central,1,FALSE,6e-4,4e-4,7e-4,6e-4,0.0471,270,0.002,NA,NA,NA,NA,NA,NA,0.348,0.0014,281,0.5927,0.2259,0,0.5734,0,Bayes-M10-med
Kikwit Nord,Kwilu,1,FALSE,6e-4,5e-4,8e-4,6e-4,0.0531,256,0.0023,NA,NA,NA,NA,NA,NA,0.2915,0.0013,286,0.1236,0.5405,0,0.5019,0,Bayes-M10-med
Koshibanda,Kwilu,1,FALSE,6e-4,5e-4,8e-4,6e-4,0.0523,261,0.0023,NA,NA,NA,NA,NA,NA,0.4913,0.0022,223,0.5193,0.6757,0,0.7703,0,Bayes-M10-med
Makota,Lomami,1,FALSE,6e-4,5e-4,8e-4,6e-4,0.0495,265,0.0021,NA,NA,NA,NA,NA,NA,0.2587,0.0011,313,0.1023,0.3764,0,0.556,0,Bayes-M10-med
Tunda,Maniema,1,FALSE,6e-4,5e-4,8e-4,6e-4,0.0498,264,0.0021,NA,NA,NA,NA,NA,NA,0.459,0.002,234,0.8977,0.0541,0,0.8842,0,Bayes-M10-med
Pimu,Mongala,1,FALSE,6e-4,5e-4,8e-4,6e-4,0.0515,263,0.0022,NA,NA,NA,NA,NA,NA,0.4257,0.0019,242,0.583,0.3707,0,0.749,0,Bayes-M10-med
Yakoma,Nord-Ubangi,1,FALSE,6e-4,5e-4,7e-4,6e-4,0.0487,267,0.0021,NA,NA,NA,NA,NA,NA,0.6641,0.0028,189,0.7124,0.9479,0,0.9961,0,Bayes-M10-med
Lomela,Sankuru,1,FALSE,6e-4,4e-4,7e-4,6e-4,0.0469,271,0.002,NA,NA,NA,NA,NA,NA,0.4759,0.0019,238,0.8456,0.1351,0,0.9228,0,Bayes-M10-med
Wembo Nyama,Sankuru,1,FALSE,6e-4,5e-4,8e-4,6e-4,0.0529,257,0.0023,NA,NA,NA,NA,NA,NA,0.4097,0.0019,244,0.5019,0.2143,0,0.9228,0,Bayes-M10-med
Bwamanda,Sud-Ubangi,1,FALSE,6e-4,5e-4,8e-4,6e-4,0.0524,260,0.0023,NA,NA,NA,NA,NA,NA,0.4667,0.0021,229,0.4189,0.7394,0,0.7085,0,Bayes-M10-med
Tandala,Sud-Ubangi,1,FALSE,6e-4,4e-4,7e-4,6e-4,0.0472,269,0.002,NA,NA,NA,NA,NA,NA,0.4078,0.0017,262,0.2741,0.527,0,0.8301,0,Bayes-M10-med
Mompono,Tshuapa,1,FALSE,6e-4,5e-4,7e-4,6e-4,0.048,268,0.0021,NA,NA,NA,NA,NA,NA,0.5598,0.0023,211,0.8089,0.6042,0,0.8263,0,Bayes-M10-med
Monga,Bas-Uele,1,FALSE,5e-4,4e-4,7e-4,5e-4,0.0446,275,0.0019,NA,NA,NA,NA,NA,NA,0.7336,0.0029,186,0.9826,0.9672,0,0.9846,0,Bayes-M10-med
Basankusu,Equateur,1,FALSE,5e-4,4e-4,6e-4,5e-4,0.039,292,0.0017,NA,NA,NA,NA,NA,NA,0.6844,0.0023,213,0.9517,0.8629,0,0.9228,0,Bayes-M10-med
Bolomba,Equateur,1,FALSE,5e-4,4e-4,6e-4,5e-4,0.0379,302,0.0016,NA,NA,NA,NA,NA,NA,0.6163,0.002,233,0.9575,0.8533,0,0.6544,0,Bayes-M10-med
Kambove,Haut-Katanga,1,FALSE,5e-4,4e-4,6e-4,5e-4,0.0401,288,0.0017,NA,NA,NA,NA,NA,NA,0.306,0.0011,323,0.4247,0.6236,0,0.1757,0,Bayes-M10-med
Kapolowe,Haut-Katanga,1,FALSE,5e-4,4e-4,6e-4,5e-4,0.0393,291,0.0017,NA,NA,NA,NA,NA,NA,0.3026,0.001,330,0.5579,0.444,0,0.2085,0,Bayes-M10-med
Kilwa,Haut-Katanga,1,FALSE,5e-4,4e-4,7e-4,5e-4,0.0438,277,0.0019,NA,NA,NA,NA,NA,NA,0.3764,0.0014,278,0.749,0.39,0,0.3668,0,Bayes-M10-med
Kisanga,Haut-Katanga,1,FALSE,5e-4,4e-4,6e-4,5e-4,0.0375,306,0.0016,NA,NA,NA,NA,NA,NA,0.1081,4e-4,430,0.1293,0.2008,0,0.1023,0,Bayes-M10-med
Pweto,Haut-Katanga,1,FALSE,5e-4,4e-4,7e-4,5e-4,0.0425,280,0.0018,NA,NA,NA,NA,NA,NA,0.3518,0.0013,289,0.7992,0.2587,0,0.3494,0,Bayes-M10-med
Ruashi,Haut-Katanga,1,FALSE,5e-4,4e-4,6e-4,5e-4,0.0413,283,0.0018,NA,NA,NA,NA,NA,NA,0.0705,3e-4,445,0.0985,0.0637,0,0.1197,0,Bayes-M10-med
Sakania,Haut-Katanga,1,FALSE,5e-4,4e-4,7e-4,5e-4,0.0436,278,0.0019,NA,NA,NA,NA,NA,NA,0.2775,0.0011,328,0.7375,0.2355,0,0.1371,0,Bayes-M10-med
Ndjoko Mpunda,Kasaï,1,FALSE,5e-4,4e-4,6e-4,5e-4,0.0383,298,0.0017,NA,NA,NA,NA,NA,NA,0.333,0.0011,314,0.3977,0.2915,0,0.6429,0,Bayes-M10-med
Kamonia,Kasaï,1,FALSE,5e-4,4e-4,6e-4,5e-4,0.0387,295,0.0017,NA,NA,NA,NA,NA,NA,0.14,5e-4,415,0.3707,0.11,0,0.0792,0,Bayes-M10-med
Katoka,Kasaï-Central,1,FALSE,5e-4,4e-4,6e-4,5e-4,0.0401,289,0.0017,NA,NA,NA,NA,NA,NA,0.2645,9e-4,345,0.1216,0.473,0,0.4633,0,Bayes-M10-med
Muetshi,Kasaï-Central,1,FALSE,5e-4,4e-4,6e-4,5e-4,0.038,300,0.0016,NA,NA,NA,NA,NA,NA,0.4792,0.0016,269,0.6158,0.5386,0,0.7625,0,Bayes-M10-med
Tshikula,Kasaï-Central,1,FALSE,5e-4,4e-4,6e-4,5e-4,0.041,286,0.0018,NA,NA,NA,NA,NA,NA,0.3296,0.0012,304,0.3919,0.3185,0,0.6081,0,Bayes-M10-med
Matadi,Kongo-Central,1,FALSE,5e-4,4e-4,6e-4,5e-4,0.0382,299,0.0016,NA,NA,NA,NA,NA,NA,0.2939,0.001,336,0.1564,0.944,0,0.0753,0,Bayes-M10-med
Djuma,Kwilu,1,FALSE,5e-4,4e-4,6e-4,5e-4,0.0379,301,0.0016,NA,NA,NA,NA,NA,NA,0.5256,0.0017,257,0.4826,0.7355,0,0.8842,0,Bayes-M10-med
Ipamu,Kwilu,1,FALSE,5e-4,4e-4,7e-4,5e-4,0.0433,279,0.0019,NA,NA,NA,NA,NA,NA,0.5454,0.0021,232,0.4903,0.7683,0,0.9228,0,Bayes-M10-med
Kikwit Sud,Kwilu,1,FALSE,5e-4,4e-4,6e-4,5e-4,0.0418,282,0.0018,NA,NA,NA,NA,NA,NA,0.3282,0.0012,301,0.1313,0.7008,0,0.4807,0,Bayes-M10-med
Yasa Bonga,Kwilu,1,FALSE,5e-4,4e-4,6e-4,5e-4,0.0408,287,0.0018,NA,NA,NA,NA,NA,NA,0.4206,0.0015,275,0.3031,0.5328,0,0.8465,0,Bayes-M10-med
Kasaji,Lualaba,1,FALSE,5e-4,4e-4,6e-4,5e-4,0.0384,297,0.0017,NA,NA,NA,NA,NA,NA,0.4648,0.0016,270,0.8552,0.4923,0,0.5116,0,Bayes-M10-med
Lualaba,Lualaba,1,FALSE,5e-4,4e-4,6e-4,5e-4,0.0393,290,0.0017,NA,NA,NA,NA,NA,NA,0.1404,5e-4,413,0.3552,0.0347,0,0.1718,0,Bayes-M10-med
Binga,Mongala,1,FALSE,5e-4,4e-4,7e-4,5e-4,0.0445,276,0.0019,NA,NA,NA,NA,NA,NA,0.3306,0.0013,292,0.4749,0.249,0,0.5985,0,Bayes-M10-med
Boso Manzi,Mongala,1,FALSE,5e-4,3e-4,6e-4,5e-4,0.037,309,0.0016,NA,NA,NA,NA,NA,NA,0.3982,0.0013,291,0.5695,0.2278,0,0.7954,0,Bayes-M10-med
Abuzi,Nord-Ubangi,1,FALSE,5e-4,4e-4,6e-4,5e-4,0.0377,305,0.0016,NA,NA,NA,NA,NA,NA,0.7153,0.0024,210,0.9846,0.9054,0,0.971,0,Bayes-M10-med
Bosobolo,Nord-Ubangi,1,FALSE,5e-4,4e-4,6e-4,5e-4,0.0378,304,0.0016,NA,NA,NA,NA,NA,NA,0.7148,0.0024,209,0.9363,0.9459,0,0.9768,0,Bayes-M10-med
Gbadolite,Nord-Ubangi,1,FALSE,5e-4,4e-4,6e-4,5e-4,0.041,285,0.0018,NA,NA,NA,NA,NA,NA,0.5183,0.0019,247,0.7915,0.9653,0,0.3166,0,Bayes-M10-med
Mobayi Mbongo,Nord-Ubangi,1,FALSE,5e-4,4e-4,6e-4,5e-4,0.0384,296,0.0017,NA,NA,NA,NA,NA,NA,0.5458,0.0018,250,0.9324,0.8166,0,0.4344,0,Bayes-M10-med
Wapinda,Nord-Ubangi,1,FALSE,5e-4,4e-4,6e-4,5e-4,0.0388,294,0.0017,NA,NA,NA,NA,NA,NA,0.6791,0.0023,217,0.9015,0.8398,0,0.9749,0,Bayes-M10-med
Bena Dibele,Sankuru,1,FALSE,5e-4,4e-4,6e-4,5e-4,0.0373,307,0.0016,NA,NA,NA,NA,NA,NA,0.4093,0.0013,287,0.6216,0.1564,0,0.8591,0,Bayes-M10-med
Djalo Ndjeka,Sankuru,1,FALSE,5e-4,3e-4,6e-4,5e-4,0.0371,308,0.0016,NA,NA,NA,NA,NA,NA,0.3378,0.0011,319,0.3591,0.0695,0,0.9228,0,Bayes-M10-med
Lusambo,Sankuru,1,FALSE,5e-4,4e-4,6e-4,5e-4,0.0423,281,0.0018,NA,NA,NA,NA,NA,NA,0.4833,0.0018,254,0.6815,0.2992,0,0.9527,0,Bayes-M10-med
Bogosenubea,Sud-Ubangi,1,FALSE,5e-4,4e-4,6e-4,5e-4,0.0378,303,0.0016,NA,NA,NA,NA,NA,NA,0.4107,0.0014,285,0.4981,0.3031,0,0.8417,0,Bayes-M10-med
Libenge,Sud-Ubangi,1,FALSE,5e-4,4e-4,6e-4,5e-4,0.0389,293,0.0017,NA,NA,NA,NA,NA,NA,0.3818,0.0013,290,0.6293,0.3591,0,0.5386,0,Bayes-M10-med
Befale,Tshuapa,1,FALSE,5e-4,4e-4,6e-4,5e-4,0.0413,284,0.0018,NA,NA,NA,NA,NA,NA,0.5145,0.0019,249,0.8822,0.4903,0,0.6853,0,Bayes-M10-med
Likasi,Haut-Katanga,1,FALSE,4e-4,3e-4,5e-4,4e-4,0.0311,326,0.0013,NA,NA,NA,NA,NA,NA,0.1728,5e-4,416,0.112,0.4208,0,0.1583,0,Bayes-M10-med
Mufunga Sampwe,Haut-Katanga,1,FALSE,4e-4,3e-4,5e-4,4e-4,0.0296,332,0.0013,NA,NA,NA,NA,NA,NA,0.3774,0.001,337,0.8185,0.0888,0,0.6023,0,Bayes-M10-med
Kinkondja,Haut-Lomami,1,FALSE,4e-4,3e-4,5e-4,4e-4,0.0358,312,0.0015,NA,NA,NA,NA,NA,NA,0.4889,0.0015,271,0.7278,0.6274,0,0.6004,0,Bayes-M10-med
Lwamba,Haut-Lomami,1,FALSE,4e-4,3e-4,5e-4,4e-4,0.0295,333,0.0013,NA,NA,NA,NA,NA,NA,0.4865,0.0013,296,0.8069,0.6409,0,0.4981,0,Bayes-M10-med
Songa,Haut-Lomami,1,FALSE,4e-4,3e-4,4e-4,4e-4,0.0291,335,0.0013,NA,NA,NA,NA,NA,NA,0.473,0.0012,300,0.9344,0.3533,0,0.6042,0,Bayes-M10-med
Kakenge,Kasaï,1,FALSE,4e-4,3e-4,6e-4,4e-4,0.0363,311,0.0016,NA,NA,NA,NA,NA,NA,0.4522,0.0014,280,0.5753,0.4788,0,0.7548,0,Bayes-M10-med
Mikope,Kasaï,1,FALSE,4e-4,3e-4,5e-4,4e-4,0.0309,327,0.0013,NA,NA,NA,NA,NA,NA,0.3996,0.0011,322,0.6776,0.2703,0,0.6506,0,Bayes-M10-med
Bilomba,Kasaï-Central,1,FALSE,4e-4,3e-4,5e-4,4e-4,0.0342,316,0.0015,NA,NA,NA,NA,NA,NA,0.4006,0.0012,302,0.3378,0.4421,0,0.8224,0,Bayes-M10-med
Lubondaie,Kasaï-Central,1,FALSE,4e-4,3e-4,5e-4,4e-4,0.0309,328,0.0013,NA,NA,NA,NA,NA,NA,0.3147,8e-4,352,0.3822,0.1583,0,0.7181,0,Bayes-M10-med
Lubunga (Kasaï-Central),Kasaï-Central,1,FALSE,4e-4,3e-4,5e-4,4e-4,0.034,317,0.0015,NA,NA,NA,NA,NA,NA,0.4599,0.0014,284,0.5637,0.4653,0,0.8108,0,Bayes-M10-med
Muanda,Kongo-Central,1,FALSE,4e-4,3e-4,5e-4,4e-4,0.0331,320,0.0014,NA,NA,NA,NA,NA,NA,0.4093,0.0012,303,0.6371,1,0,0,0,Bayes-M10-med
Kisantu,Kongo-Central,1,FALSE,4e-4,3e-4,5e-4,4e-4,0.0335,318,0.0014,NA,NA,NA,NA,NA,NA,0.418,0.0012,299,0.5039,0.9903,0,0.1776,0,Bayes-M10-med
Masi Manimba,Kwilu,1,FALSE,4e-4,3e-4,6e-4,4e-4,0.0368,310,0.0016,NA,NA,NA,NA,NA,NA,0.4281,0.0014,282,0.332,0.4961,0,0.8842,0,Bayes-M10-med
Mokala,Kwilu,1,FALSE,4e-4,3e-4,5e-4,4e-4,0.0324,323,0.0014,NA,NA,NA,NA,NA,NA,0.5118,0.0014,277,0.4228,0.6718,0,0.9527,0,Bayes-M10-med
Kamiji,Lomami,1,FALSE,4e-4,3e-4,5e-4,4e-4,0.0325,322,0.0014,NA,NA,NA,NA,NA,NA,0.2635,7e-4,375,0.3398,0.1293,0,0.5849,0,Bayes-M10-med
Wikong,Lomami,1,FALSE,4e-4,3e-4,5e-4,4e-4,0.0345,315,0.0015,NA,NA,NA,NA,NA,NA,0.3663,0.0011,318,0.2529,0.4228,0,0.7896,0,Bayes-M10-med
Kapanga,Lualaba,1,FALSE,4e-4,3e-4,5e-4,4e-4,0.0326,321,0.0014,NA,NA,NA,NA,NA,NA,0.4112,0.0012,308,0.8514,0.3938,0,0.3996,0,Bayes-M10-med
Bili (Nord-Ubangi),Nord-Ubangi,1,FALSE,4e-4,3e-4,5e-4,4e-4,0.0345,314,0.0015,NA,NA,NA,NA,NA,NA,0.7075,0.0021,230,0.9247,0.9189,0,0.9865,0,Bayes-M10-med
Loko,Nord-Ubangi,1,FALSE,4e-4,3e-4,5e-4,4e-4,0.032,324,0.0014,NA,NA,NA,NA,NA,NA,0.6535,0.0018,251,0.9402,0.9266,0,0.7471,0,Bayes-M10-med
Wasolo,Nord-Ubangi,1,FALSE,4e-4,3e-4,5e-4,4e-4,0.0306,330,0.0013,NA,NA,NA,NA,NA,NA,0.5709,0.0015,272,0.5541,0.7413,0,0.9884,0,Bayes-M10-med
Kole,Sankuru,1,FALSE,4e-4,3e-4,5e-4,4e-4,0.0358,313,0.0015,NA,NA,NA,NA,NA,NA,0.4802,0.0015,274,0.7761,0.2606,0,0.8842,0,Bayes-M10-med
Pania Mutombo,Sankuru,1,FALSE,4e-4,3e-4,4e-4,4e-4,0.0293,334,0.0013,NA,NA,NA,NA,NA,NA,0.4117,0.0011,329,0.7413,0.1236,0,0.7819,0,Bayes-M10-med
Budjala,Sud-Ubangi,1,FALSE,4e-4,3e-4,5e-4,4e-4,0.0311,325,0.0013,NA,NA,NA,NA,NA,NA,0.43,0.0012,309,0.5154,0.4035,0,0.8012,0,Bayes-M10-med
Bulu,Sud-Ubangi,1,FALSE,4e-4,3e-4,5e-4,4e-4,0.0303,331,0.0013,NA,NA,NA,NA,NA,NA,0.3147,8e-4,354,0.3649,0.1988,0,0.695,0,Bayes-M10-med
Kungu,Sud-Ubangi,1,FALSE,4e-4,3e-4,5e-4,4e-4,0.0308,329,0.0013,NA,NA,NA,NA,NA,NA,0.3711,0.001,334,0.3745,0.3359,0,0.7741,0,Bayes-M10-med
Ndage,Sud-Ubangi,1,FALSE,4e-4,3e-4,5e-4,4e-4,0.0333,319,0.0014,NA,NA,NA,NA,NA,NA,0.3533,0.001,331,0.3996,0.2761,0,0.7375,0,Bayes-M10-med
Ingende,Equateur,1,FALSE,3e-4,2e-4,4e-4,3e-4,0.0262,354,0.0011,NA,NA,NA,NA,NA,NA,0.596,0.0014,283,0.9208,0.8571,0,0.6062,0,Bayes-M10-med
Mitwaba,Haut-Katanga,1,FALSE,3e-4,2e-4,3e-4,3e-4,0.0217,375,9e-4,NA,NA,NA,NA,NA,NA,0.3528,7e-4,383,0.8012,0.0618,0,0.5483,0,Bayes-M10-med
Kasenga,Haut-Katanga,1,FALSE,3e-4,3e-4,4e-4,3e-4,0.0271,346,0.0012,NA,NA,NA,NA,NA,NA,0.3953,9e-4,342,0.8166,0.6255,0,0.139,0,Bayes-M10-med
Kayamba,Haut-Lomami,1,FALSE,3e-4,3e-4,4e-4,3e-4,0.0269,349,0.0012,NA,NA,NA,NA,NA,NA,0.4276,0.001,332,0.7027,0.4189,0,0.5888,0,Bayes-M10-med
Bulape,Kasaï,1,FALSE,3e-4,2e-4,3e-4,3e-4,0.0211,378,9e-4,NA,NA,NA,NA,NA,NA,0.4315,8e-4,361,0.7066,0.1853,0,0.834,0,Bayes-M10-med
Dekese,Kasaï,1,FALSE,3e-4,2e-4,4e-4,3e-4,0.0263,353,0.0011,NA,NA,NA,NA,NA,NA,0.4633,0.0011,326,0.9189,0.2181,0,0.7162,0,Bayes-M10-med
Mushenge,Kasaï,1,FALSE,3e-4,3e-4,4e-4,3e-4,0.0267,351,0.0012,NA,NA,NA,NA,NA,NA,0.3229,8e-4,373,0.5946,0.0656,0,0.6313,0,Bayes-M10-med
Kitangwa,Kasaï,1,FALSE,3e-4,3e-4,4e-4,3e-4,0.0276,342,0.0012,NA,NA,NA,NA,NA,NA,0.3287,8e-4,363,0.6332,0.1062,0,0.5753,0,Bayes-M10-med
Mutena,Kasaï,1,FALSE,3e-4,2e-4,4e-4,3e-4,0.0255,360,0.0011,NA,NA,NA,NA,NA,NA,0.2336,5e-4,405,0.334,0.0753,0,0.5251,0,Bayes-M10-med
Nyanga,Kasaï,1,FALSE,3e-4,2e-4,3e-4,3e-4,0.021,379,9e-4,NA,NA,NA,NA,NA,NA,0.348,6e-4,389,0.4402,0.3803,0,0.5714,0,Bayes-M10-med
Bunkonde,Kasaï-Central,1,FALSE,3e-4,2e-4,4e-4,3e-4,0.0265,352,0.0011,NA,NA,NA,NA,NA,NA,0.3523,8e-4,357,0.4015,0.278,0,0.7297,0,Bayes-M10-med
Mutoto,Kasaï-Central,1,FALSE,3e-4,2e-4,4e-4,3e-4,0.0262,355,0.0011,NA,NA,NA,NA,NA,NA,0.3441,8e-4,365,0.4575,0.361,0,0.5579,0,Bayes-M10-med
Ndesha,Kasaï-Central,1,FALSE,3e-4,2e-4,4e-4,3e-4,0.0255,361,0.0011,NA,NA,NA,NA,NA,NA,0.2317,5e-4,406,0.1448,0.3456,0,0.4363,0,Bayes-M10-med
Boma,Kongo-Central,1,FALSE,3e-4,2e-4,4e-4,3e-4,0.0255,362,0.0011,NA,NA,NA,NA,NA,NA,0.2901,6e-4,387,0.1467,0.9247,0,0.0888,0,Bayes-M10-med
Lukula,Kongo-Central,1,FALSE,3e-4,3e-4,4e-4,3e-4,0.0271,347,0.0012,NA,NA,NA,NA,NA,NA,0.3933,9e-4,343,0.529,0.8745,0,0.1699,0,Bayes-M10-med
Boko Kivulu,Kongo-Central,1,FALSE,3e-4,2e-4,4e-4,3e-4,0.0251,365,0.0011,NA,NA,NA,NA,NA,NA,0.4281,9e-4,341,0.5792,0.9324,0,0.2008,0,Bayes-M10-med
Kimpese,Kongo-Central,1,FALSE,3e-4,3e-4,4e-4,3e-4,0.0271,345,0.0012,NA,NA,NA,NA,NA,NA,0.4947,0.0012,307,0.7896,0.9768,0,0.2124,0,Bayes-M10-med
Kwilu Ngongo,Kongo-Central,1,FALSE,3e-4,2e-4,3e-4,3e-4,0.0225,372,0.001,NA,NA,NA,NA,NA,NA,0.3875,8e-4,370,0.4884,0.8668,0,0.195,0,Bayes-M10-med
Mbanza Ngungu,Kongo-Central,1,FALSE,3e-4,2e-4,4e-4,3e-4,0.0243,368,0.001,NA,NA,NA,NA,NA,NA,0.3711,8e-4,364,0.3205,0.9749,0,0.1892,0,Bayes-M10-med
Kahemba,Kwango,1,FALSE,3e-4,2e-4,4e-4,3e-4,0.0232,371,0.001,NA,NA,NA,NA,NA,NA,0.5367,0.0011,320,0.8958,0.7278,0,0.5232,0,Bayes-M10-med
Panzi,Kwango,1,FALSE,3e-4,2e-4,4e-4,3e-4,0.0232,370,0.001,NA,NA,NA,NA,NA,NA,0.5236,0.0011,327,0.7548,0.583,0,0.7568,0,Bayes-M10-med
Boko,Kwango,1,FALSE,3e-4,2e-4,4e-4,3e-4,0.0261,356,0.0011,NA,NA,NA,NA,NA,NA,0.5121,0.0012,310,0.7336,0.61,0,0.7046,0,Bayes-M10-med
Feshi,Kwango,1,FALSE,3e-4,2e-4,4e-4,3e-4,0.026,357,0.0011,NA,NA,NA,NA,NA,NA,0.5082,0.0012,312,0.7317,0.5425,0,0.7587,0,Bayes-M10-med
Kimbao,Kwango,1,FALSE,3e-4,2e-4,3e-4,3e-4,0.0214,377,9e-4,NA,NA,NA,NA,NA,NA,0.5743,0.0011,324,0.7201,0.7181,0,0.8591,0,Bayes-M10-med
Bagata,Kwilu,1,FALSE,3e-4,3e-4,4e-4,3e-4,0.028,339,0.0012,NA,NA,NA,NA,NA,NA,0.5135,0.0013,295,0.6795,0.695,0,0.6795,0,Bayes-M10-med
Bandundu,Kwilu,1,FALSE,3e-4,3e-4,4e-4,3e-4,0.0284,337,0.0012,NA,NA,NA,NA,NA,NA,0.3364,8e-4,353,0.3436,0.751,0,0.251,0,Bayes-M10-med
Kikongo,Kwilu,1,FALSE,3e-4,2e-4,4e-4,3e-4,0.0252,364,0.0011,NA,NA,NA,NA,NA,NA,0.5024,0.0011,317,0.6969,0.6023,0,0.7104,0,Bayes-M10-med
Kimputu,Kwilu,1,FALSE,3e-4,3e-4,4e-4,3e-4,0.0268,350,0.0012,NA,NA,NA,NA,NA,NA,0.5039,0.0012,305,0.4923,0.639,0,0.8842,0,Bayes-M10-med
Mosango,Kwilu,1,FALSE,3e-4,3e-4,4e-4,3e-4,0.0272,343,0.0012,NA,NA,NA,NA,NA,NA,0.515,0.0012,298,0.5463,0.7375,0,0.7761,0,Bayes-M10-med
Mungindu,Kwilu,1,FALSE,3e-4,2e-4,4e-4,3e-4,0.0244,367,0.001,NA,NA,NA,NA,NA,NA,0.3818,8e-4,358,0.4691,0.5367,0,0.5212,0,Bayes-M10-med
Pay Kongila,Kwilu,1,FALSE,3e-4,3e-4,4e-4,3e-4,0.0284,338,0.0012,NA,NA,NA,NA,NA,NA,0.4488,0.0011,316,0.5135,0.6467,0,0.6351,0,Bayes-M10-med
Dilolo,Lualaba,1,FALSE,3e-4,2e-4,4e-4,3e-4,0.0251,366,0.0011,NA,NA,NA,NA,NA,NA,0.3663,8e-4,360,0.8398,0.6197,0,0.0058,0,Bayes-M10-med
Kalamba,Lualaba,1,FALSE,3e-4,2e-4,4e-4,3e-4,0.0252,363,0.0011,NA,NA,NA,NA,NA,NA,0.4542,0.001,333,0.8803,0.2375,0,0.6988,0,Bayes-M10-med
Sandoa,Lualaba,1,FALSE,3e-4,3e-4,4e-4,3e-4,0.027,348,0.0012,NA,NA,NA,NA,NA,NA,0.5536,0.0013,288,0.9421,0.6815,0,0.5907,0,Bayes-M10-med
Kanzenze,Lualaba,1,FALSE,3e-4,3e-4,4e-4,3e-4,0.0277,340,0.0012,NA,NA,NA,NA,NA,NA,0.2389,6e-4,399,0.6255,0.1429,0,0.1873,0,Bayes-M10-med
Inongo,Mai-Ndombe,1,FALSE,3e-4,2e-4,3e-4,3e-4,0.0215,376,9e-4,NA,NA,NA,NA,NA,NA,0.4952,9e-4,344,0.7645,0.2934,0,0.9228,0,Bayes-M10-med
Bongandanga,Mongala,1,FALSE,3e-4,2e-4,4e-4,3e-4,0.0241,369,0.001,NA,NA,NA,NA,NA,NA,0.4228,9e-4,347,0.7587,0.0097,0,0.9228,0,Bayes-M10-med
Boso Mondanda,Mongala,1,FALSE,3e-4,2e-4,4e-4,3e-4,0.0257,359,0.0011,NA,NA,NA,NA,NA,NA,0.3716,8e-4,355,0.5869,0.1486,0,0.751,0,Bayes-M10-med
Businga,Nord-Ubangi,1,FALSE,3e-4,3e-4,4e-4,3e-4,0.0286,336,0.0012,NA,NA,NA,NA,NA,NA,0.6781,0.0017,261,0.9286,0.861,0,0.9228,0,Bayes-M10-med
Bangabola,Sud-Ubangi,1,FALSE,3e-4,2e-4,3e-4,3e-4,0.0221,373,0.001,NA,NA,NA,NA,NA,NA,0.3904,8e-4,372,0.3533,0.3494,0,0.8591,0,Bayes-M10-med
Bokonzi,Sud-Ubangi,1,FALSE,3e-4,3e-4,4e-4,3e-4,0.0272,344,0.0012,NA,NA,NA,NA,NA,NA,0.236,6e-4,401,0.4305,0.083,0,0.4305,0,Bayes-M10-med
Bominenge,Sud-Ubangi,1,FALSE,3e-4,2e-4,3e-4,3e-4,0.0207,381,9e-4,NA,NA,NA,NA,NA,NA,0.3258,6e-4,396,0.2819,0.0985,0,0.9228,0,Bayes-M10-med
Boto,Sud-Ubangi,1,FALSE,3e-4,3e-4,4e-4,3e-4,0.0277,341,0.0012,NA,NA,NA,NA,NA,NA,0.3596,9e-4,349,0.3282,0.5174,0,0.5927,0,Bayes-M10-med
Mawuya,Sud-Ubangi,1,FALSE,3e-4,2e-4,3e-4,3e-4,0.021,380,9e-4,NA,NA,NA,NA,NA,NA,0.2654,5e-4,412,0.444,0.2394,0,0.3784,0,Bayes-M10-med
Monkoto,Tshuapa,1,FALSE,3e-4,2e-4,4e-4,3e-4,0.0259,358,0.0011,NA,NA,NA,NA,NA,NA,0.5598,0.0013,294,0.9498,0.4054,0,0.8842,0,Bayes-M10-med
Busanga,Tshuapa,1,FALSE,3e-4,2e-4,3e-4,3e-4,0.0219,374,9e-4,NA,NA,NA,NA,NA,NA,0.4452,9e-4,351,0.6602,0.168,0,0.9527,0,Bayes-M10-med
Bikoro,Equateur,1,FALSE,2e-4,2e-4,3e-4,2e-4,0.0177,397,8e-4,NA,NA,NA,NA,NA,NA,0.5951,9e-4,346,0.8127,0.8147,0,0.7529,0,Bayes-M10-med
Djombo,Equateur,1,FALSE,2e-4,2e-4,3e-4,2e-4,0.0169,403,7e-4,NA,NA,NA,NA,NA,NA,0.6554,0.001,338,0.917,0.7819,0,0.9228,0,Bayes-M10-med
Iboko,Equateur,1,FALSE,2e-4,1e-4,2e-4,2e-4,0.0142,417,6e-4,NA,NA,NA,NA,NA,NA,0.612,8e-4,369,0.8282,0.7915,0,0.8282,0,Bayes-M10-med
Lotumbe,Equateur,1,FALSE,2e-4,1e-4,2e-4,2e-4,0.015,410,6e-4,NA,NA,NA,NA,NA,NA,0.5816,8e-4,368,0.9691,0.7085,0,0.6486,0,Bayes-M10-med
Lukolela,Equateur,1,FALSE,2e-4,1e-4,2e-4,2e-4,0.0125,426,5e-4,NA,NA,NA,NA,NA,NA,0.5787,6e-4,390,0.944,0.9151,0,0.4556,0,Bayes-M10-med
Makanza,Equateur,1,FALSE,2e-4,2e-4,3e-4,2e-4,0.0172,400,7e-4,NA,NA,NA,NA,NA,NA,0.639,0.001,340,0.9537,0.7954,0,0.8069,0,Bayes-M10-med
Monieka,Equateur,1,FALSE,2e-4,1e-4,2e-4,2e-4,0.013,422,6e-4,NA,NA,NA,NA,NA,NA,0.596,7e-4,380,0.9768,0.7336,0,0.6737,0,Bayes-M10-med
Wangata,Equateur,1,FALSE,2e-4,2e-4,3e-4,2e-4,0.0177,396,8e-4,NA,NA,NA,NA,NA,NA,0.417,6e-4,386,0.2336,0.9865,0,0.4479,0,Bayes-M10-med
Kikula,Haut-Katanga,1,FALSE,2e-4,2e-4,3e-4,2e-4,0.0203,383,9e-4,NA,NA,NA,NA,NA,NA,0.0951,2e-4,456,0.1062,0.1139,0,0.1602,0,Bayes-M10-med
Panda,Haut-Katanga,1,FALSE,2e-4,2e-4,3e-4,2e-4,0.0183,392,8e-4,NA,NA,NA,NA,NA,NA,0.2027,3e-4,433,0.1622,0.4826,0,0.166,0,Bayes-M10-med
Kafubu,Haut-Katanga,1,FALSE,2e-4,2e-4,3e-4,2e-4,0.0194,387,8e-4,NA,NA,NA,NA,NA,NA,0.2104,4e-4,429,0.6042,0.0869,0,0.1506,0,Bayes-M10-med
Kenya,Haut-Katanga,1,FALSE,2e-4,2e-4,2e-4,2e-4,0.0163,405,7e-4,NA,NA,NA,NA,NA,NA,0.0569,1e-4,461,0.11,0.0116,0,0.1062,0,Bayes-M10-med
Lukafu,Haut-Katanga,1,FALSE,2e-4,2e-4,3e-4,2e-4,0.0184,391,8e-4,NA,NA,NA,NA,NA,NA,0.4015,6e-4,388,0.888,0.3243,0,0.3938,0,Bayes-M10-med
Butumba,Haut-Lomami,1,FALSE,2e-4,1e-4,2e-4,2e-4,0.0147,413,6e-4,NA,NA,NA,NA,NA,NA,0.4595,6e-4,395,0.7973,0.4151,0,0.6255,0,Bayes-M10-med
Banga Lubaka,Kasaï,1,FALSE,2e-4,1e-4,2e-4,2e-4,0.0151,409,7e-4,NA,NA,NA,NA,NA,NA,0.3205,4e-4,421,0.5174,0.0444,0,0.7201,0,Bayes-M10-med
Bena Tshadi,Kasaï-Central,1,FALSE,2e-4,2e-4,3e-4,2e-4,0.02,386,9e-4,NA,NA,NA,NA,NA,NA,0.472,8e-4,356,0.6699,0.3784,0,0.8398,0,Bayes-M10-med
Kalomba,Kasaï-Central,1,FALSE,2e-4,2e-4,3e-4,2e-4,0.0201,384,9e-4,NA,NA,NA,NA,NA,NA,0.2944,5e-4,407,0.3166,0.1467,0,0.7143,0,Bayes-M10-med
Kangu,Kongo-Central,1,FALSE,2e-4,1e-4,2e-4,2e-4,0.0158,407,7e-4,NA,NA,NA,NA,NA,NA,0.3528,5e-4,410,0.3803,0.8822,0,0.1486,0,Bayes-M10-med
Inga,Kongo-Central,1,FALSE,2e-4,1e-4,2e-4,2e-4,0.0139,420,6e-4,NA,NA,NA,NA,NA,NA,0.3847,5e-4,417,0.5212,0.8243,0,0.1931,0,Bayes-M10-med
Luozi,Kongo-Central,1,FALSE,2e-4,1e-4,2e-4,2e-4,0.0132,421,6e-4,NA,NA,NA,NA,NA,NA,0.5241,6e-4,393,0.7355,0.8861,0,0.4749,0,Bayes-M10-med
Nsona Mpangu,Kongo-Central,1,FALSE,2e-4,2e-4,3e-4,2e-4,0.0172,401,7e-4,NA,NA,NA,NA,NA,NA,0.4165,6e-4,391,0.722,0.7645,0,0.1795,0,Bayes-M10-med
Seke Banza,Kongo-Central,1,FALSE,2e-4,2e-4,3e-4,2e-4,0.0205,382,9e-4,NA,NA,NA,NA,NA,NA,0.4513,8e-4,359,0.6351,0.9498,0,0.2201,0,Bayes-M10-med
Gombe Matadi,Kongo-Central,1,FALSE,2e-4,1e-4,2e-4,2e-4,0.014,419,6e-4,NA,NA,NA,NA,NA,NA,0.4151,5e-4,408,0.6911,0.7857,0,0.1834,0,Bayes-M10-med
Massa,Kongo-Central,1,FALSE,2e-4,2e-4,3e-4,2e-4,0.0182,394,8e-4,NA,NA,NA,NA,NA,NA,0.4223,7e-4,381,0.668,0.9208,0,0.1004,0,Bayes-M10-med
Ngidinga,Kongo-Central,1,FALSE,2e-4,1e-4,2e-4,2e-4,0.0148,412,6e-4,NA,NA,NA,NA,NA,NA,0.4488,6e-4,398,0.6544,0.7432,0,0.3977,0,Bayes-M10-med
Kisanji,Kwango,1,FALSE,2e-4,1e-4,2e-4,2e-4,0.0145,415,6e-4,NA,NA,NA,NA,NA,NA,0.5574,7e-4,379,0.8417,0.6544,0,0.7336,0,Bayes-M10-med
Kasongo Lunda,Kwango,1,FALSE,2e-4,1e-4,2e-4,2e-4,0.0153,408,7e-4,NA,NA,NA,NA,NA,NA,0.3441,5e-4,418,0.6274,0.5946,0,0.1544,0,Bayes-M10-med
Popokabaka,Kwango,1,FALSE,2e-4,2e-4,3e-4,2e-4,0.02,385,9e-4,NA,NA,NA,NA,NA,NA,0.5507,0.001,339,0.7703,0.7876,0,0.6448,0,Bayes-M10-med
Wamba Lwadi,Kwango,1,FALSE,2e-4,2e-4,3e-4,2e-4,0.0166,404,7e-4,NA,NA,NA,NA,NA,NA,0.5492,8e-4,362,0.6467,0.8185,0,0.7317,0,Bayes-M10-med
Sia,Kwilu,1,FALSE,2e-4,2e-4,3e-4,2e-4,0.0191,389,8e-4,NA,NA,NA,NA,NA,NA,0.3986,7e-4,384,0.4151,0.3822,0,0.7973,0,Bayes-M10-med
Kingandu,Kwilu,1,FALSE,2e-4,2e-4,3e-4,2e-4,0.0182,393,8e-4,NA,NA,NA,NA,NA,NA,0.4923,8e-4,366,0.7162,0.6583,0,0.5946,0,Bayes-M10-med
Moanza,Kwilu,1,FALSE,2e-4,1e-4,2e-4,2e-4,0.0159,406,7e-4,NA,NA,NA,NA,NA,NA,0.52,7e-4,377,0.5985,0.529,0,0.9527,0,Bayes-M10-med
Kafakumba,Lualaba,1,FALSE,2e-4,2e-4,3e-4,2e-4,0.0193,388,8e-4,NA,NA,NA,NA,NA,NA,0.4648,8e-4,367,0.8687,0.2027,0,0.7876,0,Bayes-M10-med
Lubudi,Lualaba,1,FALSE,2e-4,2e-4,3e-4,2e-4,0.0185,390,8e-4,NA,NA,NA,NA,NA,NA,0.4667,8e-4,374,0.9151,0.4614,0,0.4903,0,Bayes-M10-med
Banzow Moke,Mai-Ndombe,1,FALSE,2e-4,1e-4,2e-4,2e-4,0.0126,425,5e-4,NA,NA,NA,NA,NA,NA,0.5236,6e-4,400,0.6892,0.5212,0,0.8842,0,Bayes-M10-med
Kiri,Mai-Ndombe,1,FALSE,2e-4,1e-4,2e-4,2e-4,0.0125,427,5e-4,NA,NA,NA,NA,NA,NA,0.5685,6e-4,392,0.8745,0.4768,0,0.9228,0,Bayes-M10-med
Oshwe,Mai-Ndombe,1,FALSE,2e-4,2e-4,3e-4,2e-4,0.0171,402,7e-4,NA,NA,NA,NA,NA,NA,0.4855,7e-4,376,0.8764,0.3301,0,0.7355,0,Bayes-M10-med
Yumbi,Mai-Ndombe,1,FALSE,2e-4,1e-4,2e-4,2e-4,0.0124,428,5e-4,NA,NA,NA,NA,NA,NA,0.2741,3e-4,439,0.4131,0.4015,0,0.2819,0,Bayes-M10-med
Bolobo,Mai-Ndombe,1,FALSE,2e-4,1e-4,2e-4,2e-4,0.0128,423,6e-4,NA,NA,NA,NA,NA,NA,0.3388,4e-4,426,0.6313,0.4981,0,0.2259,0,Bayes-M10-med
Bosobe,Mai-Ndombe,1,FALSE,2e-4,1e-4,2e-4,2e-4,0.0128,424,6e-4,NA,NA,NA,NA,NA,NA,0.4406,5e-4,409,0.4942,0.4093,0,0.8591,0,Bayes-M10-med
Kwamouth,Mai-Ndombe,1,FALSE,2e-4,1e-4,2e-4,2e-4,0.0147,414,6e-4,NA,NA,NA,NA,NA,NA,0.43,6e-4,402,0.8707,0.417,0,0.4324,0,Bayes-M10-med
Mushie,Mai-Ndombe,1,FALSE,2e-4,1e-4,2e-4,2e-4,0.0143,416,6e-4,NA,NA,NA,NA,NA,NA,0.4291,5e-4,404,0.7394,0.3649,0,0.612,0,Bayes-M10-med
Nioki,Mai-Ndombe,1,FALSE,2e-4,2e-4,3e-4,2e-4,0.0173,399,7e-4,NA,NA,NA,NA,NA,NA,0.389,6e-4,397,0.61,0.3958,0,0.5502,0,Bayes-M10-med
Tshudi Loto,Sankuru,1,FALSE,2e-4,2e-4,3e-4,2e-4,0.0175,398,8e-4,NA,NA,NA,NA,NA,NA,0.4237,6e-4,385,0.7683,0.0039,0,0.9228,0,Bayes-M10-med
Mbaya,Sud-Ubangi,1,FALSE,2e-4,1e-4,2e-4,2e-4,0.0141,418,6e-4,NA,NA,NA,NA,NA,NA,0.3142,4e-4,425,0.3514,0.2239,0,0.6815,0,Bayes-M10-med
Zongo,Sud-Ubangi,1,FALSE,2e-4,1e-4,2e-4,2e-4,0.0149,411,6e-4,NA,NA,NA,NA,NA,NA,0.2418,3e-4,436,0.278,0.4131,0,0.2761,0,Bayes-M10-med
Wema,Tshuapa,1,FALSE,2e-4,2e-4,3e-4,2e-4,0.0181,395,8e-4,NA,NA,NA,NA,NA,NA,0.4469,7e-4,378,0.8494,0.1332,0,0.805,0,Bayes-M10-med
Bolenge,Equateur,1,FALSE,1e-4,1e-4,1e-4,1e-4,0.0064,456,3e-4,NA,NA,NA,NA,NA,NA,0.5391,3e-4,438,0.7954,0.8514,0,0.5097,0,Bayes-M10-med
Bomongo,Equateur,1,FALSE,1e-4,1e-4,1e-4,1e-4,0.0092,448,4e-4,NA,NA,NA,NA,NA,NA,0.5907,5e-4,414,0.9788,0.8475,0,0.5367,0,Bayes-M10-med
Mampoko,Equateur,1,FALSE,1e-4,0,1e-4,1e-4,0.0044,459,2e-4,NA,NA,NA,NA,NA,NA,0.5135,2e-4,453,0.8919,0.5058,0,0.6564,0,Bayes-M10-med
Ntondo,Equateur,1,FALSE,1e-4,0,1e-4,1e-4,0.0043,460,2e-4,NA,NA,NA,NA,NA,NA,0.6125,2e-4,449,0.8996,0.7259,0,0.8243,0,Bayes-M10-med
Kilela Balanda,Haut-Katanga,1,FALSE,1e-4,1e-4,1e-4,1e-4,0.0087,450,4e-4,NA,NA,NA,NA,NA,NA,0.3132,2e-4,448,0.9228,0.0927,0,0.2375,0,Bayes-M10-med
Kashobwe,Haut-Katanga,1,FALSE,1e-4,1e-4,2e-4,1e-4,0.0103,439,4e-4,NA,NA,NA,NA,NA,NA,0.3243,3e-4,440,0.805,0.3012,0,0.1911,0,Bayes-M10-med
Katuba,Haut-Katanga,1,FALSE,1e-4,1e-4,2e-4,1e-4,0.0108,434,5e-4,NA,NA,NA,NA,NA,NA,0.0463,0,463,0.0502,0.0309,0,0.1042,0,Bayes-M10-med
Vangu,Haut-Katanga,1,FALSE,1e-4,1e-4,1e-4,1e-4,0.0069,454,3e-4,NA,NA,NA,NA,NA,NA,0.1081,1e-4,462,0.1158,0.1699,0,0.1467,0,Bayes-M10-med
Baka,Haut-Lomami,1,FALSE,1e-4,1e-4,2e-4,1e-4,0.0103,438,4e-4,NA,NA,NA,NA,NA,NA,0.4319,4e-4,424,0.4344,0.8919,0,0.4015,0,Bayes-M10-med
Kinda,Haut-Lomami,1,FALSE,1e-4,1e-4,2e-4,1e-4,0.0122,429,5e-4,NA,NA,NA,NA,NA,NA,0.5077,5e-4,403,0.9884,0.4266,0,0.6158,0,Bayes-M10-med
Bobozo,Kasaï-Central,1,FALSE,1e-4,1e-4,1e-4,1e-4,0.0094,447,4e-4,NA,NA,NA,NA,NA,NA,0.2336,2e-4,454,0.1602,0.2857,0,0.4884,0,Bayes-M10-med
Boma Bungu,Kongo-Central,1,FALSE,1e-4,1e-4,1e-4,1e-4,0.0087,451,4e-4,NA,NA,NA,NA,NA,NA,0.3209,2e-4,447,0.5811,0.5676,0,0.1351,0,Bayes-M10-med
Kinkonzi,Kongo-Central,1,FALSE,1e-4,1e-4,1e-4,1e-4,0.0089,449,4e-4,NA,NA,NA,NA,NA,NA,0.4252,3e-4,431,0.6236,0.8958,0,0.1815,0,Bayes-M10-med
Kizu,Kongo-Central,1,FALSE,1e-4,1e-4,2e-4,1e-4,0.0103,440,4e-4,NA,NA,NA,NA,NA,NA,0.3113,3e-4,443,0.2973,0.8707,0,0.0772,0,Bayes-M10-med
Kuimba,Kongo-Central,1,FALSE,1e-4,1e-4,1e-4,1e-4,0.0095,445,4e-4,NA,NA,NA,NA,NA,NA,0.3069,3e-4,444,0.3784,0.8456,0,0.0039,0,Bayes-M10-med
Tshela,Kongo-Central,1,FALSE,1e-4,1e-4,2e-4,1e-4,0.0099,443,4e-4,NA,NA,NA,NA,NA,NA,0.3282,3e-4,442,0.417,0.888,0,0.0077,0,Bayes-M10-med
Vaku,Kongo-Central,1,FALSE,1e-4,1e-4,1e-4,1e-4,0.0068,455,3e-4,NA,NA,NA,NA,NA,NA,0.4194,2e-4,446,0.5676,0.9421,0,0.168,0,Bayes-M10-med
Kibunzi,Kongo-Central,1,FALSE,1e-4,0,1e-4,1e-4,0.0051,457,2e-4,NA,NA,NA,NA,NA,NA,0.4175,2e-4,455,0.7046,0.5251,0,0.4402,0,Bayes-M10-med
Mangembo,Kongo-Central,1,FALSE,1e-4,1e-4,2e-4,1e-4,0.0099,442,4e-4,NA,NA,NA,NA,NA,NA,0.3726,3e-4,434,0.5598,0.6641,0,0.2664,0,Bayes-M10-med
Nzanza,Kongo-Central,1,FALSE,1e-4,1e-4,2e-4,1e-4,0.0112,432,5e-4,NA,NA,NA,NA,NA,NA,0.2172,2e-4,452,0.0888,0.6892,0,0.0907,0,Bayes-M10-med
Kimpangu,Kongo-Central,1,FALSE,1e-4,1e-4,2e-4,1e-4,0.0107,436,5e-4,NA,NA,NA,NA,NA,NA,0.4488,4e-4,422,0.7085,0.9344,0,0.1525,0,Bayes-M10-med
Kimvula,Kongo-Central,1,FALSE,1e-4,1e-4,2e-4,1e-4,0.012,431,5e-4,NA,NA,NA,NA,NA,NA,0.569,6e-4,394,0.8629,0.8784,0,0.5347,0,Bayes-M10-med
Nselo,Kongo-Central,1,FALSE,1e-4,1e-4,1e-4,1e-4,0.0094,446,4e-4,NA,NA,NA,NA,NA,NA,0.374,3e-4,437,0.6564,0.5347,0,0.305,0,Bayes-M10-med
Sona Bata,Kongo-Central,1,FALSE,1e-4,1e-4,1e-4,1e-4,0.0078,453,3e-4,NA,NA,NA,NA,NA,NA,0.43,3e-4,441,0.7259,0.7896,0,0.2046,0,Bayes-M10-med
Kajiji,Kwango,1,FALSE,1e-4,1e-4,2e-4,1e-4,0.0106,437,5e-4,NA,NA,NA,NA,NA,NA,0.3533,3e-4,432,0.7934,0.1544,0,0.4653,0,Bayes-M10-med
Tembo,Kwango,1,FALSE,1e-4,1e-4,1e-4,1e-4,0.0079,452,3e-4,NA,NA,NA,NA,NA,NA,0.3205,2e-4,450,0.7876,0.3977,0,0.0965,0,Bayes-M10-med
Kitenda,Kwango,1,FALSE,1e-4,1e-4,1e-4,1e-4,0.0096,444,4e-4,NA,NA,NA,NA,NA,NA,0.376,3e-4,435,0.6641,0.4247,0,0.4151,0,Bayes-M10-med
Mwela Lembwa,Kwango,1,FALSE,1e-4,1e-4,2e-4,1e-4,0.0111,433,5e-4,NA,NA,NA,NA,NA,NA,0.4397,4e-4,420,0.6506,0.3224,0,0.7857,0,Bayes-M10-med
Bunkeya,Lualaba,1,FALSE,1e-4,1e-4,2e-4,1e-4,0.0099,441,4e-4,NA,NA,NA,NA,NA,NA,0.4218,4e-4,427,0.8243,0.5019,0,0.361,0,Bayes-M10-med
Mutshatsha,Lualaba,1,FALSE,1e-4,0,1e-4,1e-4,0.005,458,2e-4,NA,NA,NA,NA,NA,NA,0.3808,2e-4,457,0.971,0.1023,0,0.4498,0,Bayes-M10-med
Ntandembelo,Mai-Ndombe,1,FALSE,1e-4,1e-4,2e-4,1e-4,0.0121,430,5e-4,NA,NA,NA,NA,NA,NA,0.4595,5e-4,411,0.6023,0.4633,0,0.7722,0,Bayes-M10-med
Pendjwa,Mai-Ndombe,1,FALSE,1e-4,1e-4,2e-4,1e-4,0.0107,435,5e-4,NA,NA,NA,NA,NA,NA,0.4319,4e-4,423,0.7008,0.2124,0,0.8147,0,Bayes-M10-med
Irebu,Equateur,1,FALSE,0,0,0,0,0.0021,465,1e-4,NA,NA,NA,NA,NA,NA,0.5473,1e-4,459,0.9305,0.6776,0,0.5811,0,Bayes-M10-med
Lilanga Bobangi,Equateur,1,FALSE,0,0,0,0,0.0026,463,1e-4,NA,NA,NA,NA,NA,NA,0.4117,1e-4,460,0.9382,0.2664,0,0.4421,0,Bayes-M10-med
Kamalondo,Haut-Katanga,1,FALSE,0,0,0,0,0.0025,464,1e-4,NA,NA,NA,NA,NA,NA,0.0352,0,466,0.029,0.0019,0,0.11,0,Bayes-M10-med
Kowe,Haut-Katanga,1,FALSE,0,0,0,0,0.0027,462,1e-4,NA,NA,NA,NA,NA,NA,0.07,0,465,0.0714,0.0811,0,0.1274,0,Bayes-M10-med
Kitona,Kongo-Central,1,FALSE,0,0,0,0,0.0015,466,1e-4,NA,NA,NA,NA,NA,NA,0.293,0,464,0.5907,0.5792,0,0.0019,0,Bayes-M10-med
Mimia,Mai-Ndombe,1,FALSE,0,0,1e-4,0,0.0036,461,2e-4,NA,NA,NA,NA,NA,NA,0.4841,2e-4,458,0.9614,0.0521,0,0.9228,0,Bayes-M10-med
Bokoro,Mai-Ndombe,1,FALSE,0,0,0,0,0,467,0,NA,NA,NA,NA,NA,NA,0.471,0,467,0.6873,0.5097,0,0.6873,0,Bayes-M10-med
Idjwi,Sud-Kivu,1,FALSE,0,0,0,0,0,467,0,NA,NA,NA,NA,NA,NA,0.3007,0,468,0.2992,0.8224,0,0.0811,0,Bayes-M10-med
Boma Mangbetu,Haut-Uele,1,TRUE,NA,NA,NA,NA,NA,NA,NA,NA,NA,NA,NA,NA,NA,0.4122,NA,NA,0.2857,0.5039,0,0.8591,0,Bayes-M10-med
Isiro,Haut-Uele,1,TRUE,NA,NA,NA,NA,NA,NA,NA,NA,NA,NA,NA,NA,NA,0.5253,NA,NA,0.39,0.7587,0,0.9527,0,Bayes-M10-med
Niangara,Haut-Uele,1,TRUE,NA,NA,NA,NA,NA,NA,NA,NA,NA,NA,NA,NA,NA,0.5512,NA,NA,0.8031,0.4324,0,0.9691,0,Bayes-M10-med
Pawa,Haut-Uele,1,TRUE,NA,NA,NA,NA,NA,NA,NA,NA,NA,NA,NA,NA,NA,0.4315,NA,NA,0.2934,0.5734,0,0.8591,0,Bayes-M10-med
Rungu,Haut-Uele,1,TRUE,NA,NA,NA,NA,NA,NA,NA,NA,NA,NA,NA,NA,NA,0.6474,NA,NA,0.8224,0.8031,0,0.9643,0,Bayes-M10-med
Wamba,Haut-Uele,1,TRUE,NA,NA,NA,NA,NA,NA,NA,NA,NA,NA,NA,NA,NA,0.4817,NA,NA,0.6737,0.4363,0,0.8166,0,Bayes-M10-med
Adja,Ituri,1,TRUE,NA,NA,NA,NA,NA,NA,NA,NA,NA,NA,NA,NA,NA,0.2645,NA,NA,0.249,0.4286,0,0.3803,0,Bayes-M10-med
Ariwara,Ituri,1,TRUE,NA,NA,NA,NA,NA,NA,NA,NA,NA,NA,NA,NA,NA,0.2862,NA,NA,0.1988,0.6988,0,0.2471,0,Bayes-M10-med
Aru,Ituri,1,TRUE,NA,NA,NA,NA,NA,NA,NA,NA,NA,NA,NA,NA,NA,0.3528,NA,NA,0.3012,0.8417,0,0.2683,0,Bayes-M10-med
Aungba,Ituri,1,TRUE,NA,NA,NA,NA,NA,NA,NA,NA,NA,NA,NA,NA,NA,0.3354,NA,NA,0.3108,0.6564,0,0.3745,0,Bayes-M10-med
Kambala,Ituri,1,TRUE,NA,NA,NA,NA,NA,NA,NA,NA,NA,NA,NA,NA,NA,0.347,NA,NA,0.3668,0.612,0,0.4093,0,Bayes-M10-med
Logo,Ituri,1,TRUE,NA,NA,NA,NA,NA,NA,NA,NA,NA,NA,NA,NA,NA,0.2384,NA,NA,0.1757,0.5927,0,0.1853,0,Bayes-M10-med
Mahagi,Ituri,1,TRUE,NA,NA,NA,NA,NA,NA,NA,NA,NA,NA,NA,NA,NA,0.2292,NA,NA,0.1718,0.6004,0,0.1448,0,Bayes-M10-med
Rimba,Ituri,1,TRUE,NA,NA,NA,NA,NA,NA,NA,NA,NA,NA,NA,NA,NA,0.306,NA,NA,0.2008,0.7124,0,0.3108,0,Bayes-M10-med
Bambu,Ituri,1,TRUE,NA,NA,NA,NA,NA,NA,NA,NA,NA,NA,NA,NA,NA,0.2399,NA,NA,0.2046,0.4691,0,0.2857,0,Bayes-M10-med
Boga,Ituri,1,TRUE,NA,NA,NA,NA,NA,NA,NA,NA,NA,NA,NA,NA,NA,0.264,NA,NA,0.3861,0.36870000000000003,0,0.3012,0,Bayes-M10-med
Bunia,Ituri,1,TRUE,NA,NA,NA,NA,NA,NA,NA,NA,NA,NA,NA,NA,NA,0.2326,NA,NA,0.1178,0.5637,0,0.249,0,Bayes-M10-med
Damas,Ituri,1,TRUE,NA,NA,NA,NA,NA,NA,NA,NA,NA,NA,NA,NA,NA,0.3224,NA,NA,0.4479,0.3282,0,0.5135,0,Bayes-M10-med
Drodro,Ituri,1,TRUE,NA,NA,NA,NA,NA,NA,NA,NA,NA,NA,NA,NA,NA,0.2674,NA,NA,0.2066,0.5907,0,0.2722,0,Bayes-M10-med
Fataki,Ituri,1,TRUE,NA,NA,NA,NA,NA,NA,NA,NA,NA,NA,NA,NA,NA,0.3185,NA,NA,0.2259,0.7201,0,0.3282,0,Bayes-M10-med
Gety,Ituri,1,TRUE,NA,NA,NA,NA,NA,NA,NA,NA,NA,NA,NA,NA,NA,0.2592,NA,NA,0.3359,0.2973,0,0.4035,0,Bayes-M10-med
Kilo,Ituri,1,TRUE,NA,NA,NA,NA,NA,NA,NA,NA,NA,NA,NA,NA,NA,0.1448,NA,NA,0.2201,0.0502,0,0.3089,0,Bayes-M10-med
Komanda,Ituri,1,TRUE,NA,NA,NA,NA,NA,NA,NA,NA,NA,NA,NA,NA,NA,0.2341,NA,NA,0.3089,0.1197,0,0.5077,0,Bayes-M10-med
Lita,Ituri,1,TRUE,NA,NA,NA,NA,NA,NA,NA,NA,NA,NA,NA,NA,NA,0.306,NA,NA,0.2761,0.7046,0,0.2432,0,Bayes-M10-med
Lolwa,Ituri,1,TRUE,NA,NA,NA,NA,NA,NA,NA,NA,NA,NA,NA,NA,NA,0.3205,NA,NA,0.6429,0,0,0.639,0,Bayes-M10-med
Mambasa,Ituri,1,TRUE,NA,NA,NA,NA,NA,NA,NA,NA,NA,NA,NA,NA,NA,0.4324,NA,NA,0.8842,0.2625,0,0.583,0,Bayes-M10-med
Mandima,Ituri,1,TRUE,NA,NA,NA,NA,NA,NA,NA,NA,NA,NA,NA,NA,NA,0.2659,NA,NA,0.4846,0.2896,0,0.2896,0,Bayes-M10-med
Mangala,Ituri,1,TRUE,NA,NA,NA,NA,NA,NA,NA,NA,NA,NA,NA,NA,NA,0.3021,NA,NA,0.305,0.6158,0,0.2876,0,Bayes-M10-med
Mongbwalu,Ituri,1,TRUE,NA,NA,NA,NA,NA,NA,NA,NA,NA,NA,NA,NA,NA,0.2616,NA,NA,0.4112,0.1834,0,0.4517,0,Bayes-M10-med
Nia Nia,Ituri,1,TRUE,NA,NA,NA,NA,NA,NA,NA,NA,NA,NA,NA,NA,NA,0.2978,NA,NA,0.666,0.0212,0,0.5039,0,Bayes-M10-med
Nizi,Ituri,1,TRUE,NA,NA,NA,NA,NA,NA,NA,NA,NA,NA,NA,NA,NA,0.1771,NA,NA,0.1544,0.3378,0,0.2162,0,Bayes-M10-med
Nyankunde,Ituri,1,TRUE,NA,NA,NA,NA,NA,NA,NA,NA,NA,NA,NA,NA,NA,0.2514,NA,NA,0.2838,0.2432,0,0.4788,0,Bayes-M10-med
Rethy,Ituri,1,TRUE,NA,NA,NA,NA,NA,NA,NA,NA,NA,NA,NA,NA,NA,0.2703,NA,NA,0.2143,0.6081,0,0.2587,0,Bayes-M10-med
Rwampara,Ituri,1,TRUE,NA,NA,NA,NA,NA,NA,NA,NA,NA,NA,NA,NA,NA,0.319,NA,NA,0.2375,0.7452,0,0.2934,0,Bayes-M10-med
Tchomia,Ituri,1,TRUE,NA,NA,NA,NA,NA,NA,NA,NA,NA,NA,NA,NA,NA,0.1998,NA,NA,0.2104,0.3745,0,0.2143,0,Bayes-M10-med
Beni,Nord-Kivu,1,TRUE,NA,NA,NA,NA,NA,NA,NA,NA,NA,NA,NA,NA,NA,0.1559,NA,NA,0.1525,0.2297,0,0.2413,0,Bayes-M10-med
Butembo,Nord-Kivu,1,TRUE,NA,NA,NA,NA,NA,NA,NA,NA,NA,NA,NA,NA,NA,0.1829,NA,NA,0.1139,0.388,0,0.2297,0,Bayes-M10-med
Kalunguta,Nord-Kivu,1,TRUE,NA,NA,NA,NA,NA,NA,NA,NA,NA,NA,NA,NA,NA,0.1559,NA,NA,0.195,0.2066,0,0.222,0,Bayes-M10-med
Katwa,Nord-Kivu,1,TRUE,NA,NA,NA,NA,NA,NA,NA,NA,NA,NA,NA,NA,NA,0.1998,NA,NA,0.0869,0.4846,0,0.2278,0,Bayes-M10-med
Kyondo,Nord-Kivu,1,TRUE,NA,NA,NA,NA,NA,NA,NA,NA,NA,NA,NA,NA,NA,0.3238,NA,NA,0.2954,0.7973,0,0.2027,0,Bayes-M10-med
Mabalako,Nord-Kivu,1,TRUE,NA,NA,NA,NA,NA,NA,NA,NA,NA,NA,NA,NA,NA,0.1573,NA,NA,0.1931,0.2046,0,0.2317,0,Bayes-M10-med
Masereka,Nord-Kivu,1,TRUE,NA,NA,NA,NA,NA,NA,NA,NA,NA,NA,NA,NA,NA,0.36870000000000003,NA,NA,0.2548,0.9807,0,0.2394,0,Bayes-M10-med
Musienene,Nord-Kivu,1,TRUE,NA,NA,NA,NA,NA,NA,NA,NA,NA,NA,NA,NA,NA,0.319,NA,NA,0.2645,0.7317,0,0.2799,0,Bayes-M10-med
Oicha,Nord-Kivu,1,TRUE,NA,NA,NA,NA,NA,NA,NA,NA,NA,NA,NA,NA,NA,0.3364,NA,NA,0.3243,0.7606,0,0.2606,0,Bayes-M10-med
Vuhovi,Nord-Kivu,1,TRUE,NA,NA,NA,NA,NA,NA,NA,NA,NA,NA,NA,NA,NA,0.2611,NA,NA,0.2027,0.6178,0,0.2239,0,Bayes-M10-med
Goma,Nord-Kivu,1,TRUE,NA,NA,NA,NA,NA,NA,NA,NA,NA,NA,NA,NA,NA,0.2669,NA,NA,0.1274,0.8977,0,0.0425,0,Bayes-M10-med
Miti Murhesa,Sud-Kivu,1,TRUE,NA,NA,NA,NA,NA,NA,NA,NA,NA,NA,NA,NA,NA,0.3277,NA,NA,0.2355,0.9131,0,0.1622,0,Bayes-M10-med
Lubunga (Tshopo),Tshopo,1,TRUE,NA,NA,NA,NA,NA,NA,NA,NA,NA,NA,NA,NA,NA,0.2288,NA,NA,0.2452,0.3436,0,0.3263,0,Bayes-M10-med
Makiso Kisangani,Tshopo,1,TRUE,NA,NA,NA,NA,NA,NA,NA,NA,NA,NA,NA,NA,NA,0.2355,NA,NA,0.1332,0.5309,0,0.278,0,Bayes-M10-med
Mangobo,Tshopo,1,TRUE,NA,NA,NA,NA,NA,NA,NA,NA,NA,NA,NA,NA,NA,0.2061,NA,NA,0.0792,0.4382,0,0.3069,0,Bayes-M10-med
Tshopo,Tshopo,1,TRUE,NA,NA,NA,NA,NA,NA,NA,NA,NA,NA,NA,NA,NA,0.2466,NA,NA,0.361,0.334,0,0.2915,0,Bayes-M10-med
Watsa,Haut-Uele,2,FALSE,0.4696,0.3897,0.553,0.6385,26.9504,1,1,NA,NA,NA,NA,2.0488,1,0.4797,0.9573,3,0.7297,0.8436,0,0.3456,0,Bayes-M10-med
Dungu,Haut-Uele,2,FALSE,0.4461,0.3686,0.5275,0.5946,25.0975,2,0.95,NA,NA,NA,NA,1.9079,2,0.5275,1,1,0.8726,0.5598,0,0.6776,0,Bayes-M10-med
Nyarambe,Ituri,2,FALSE,0.4289,0.3533,0.5087,0.5637,23.7917,3,0.9134,1.7982,1,NA,NA,NA,NA,0.1805,0.329,12,0.1699,0.4595,0,0.0927,0,Bayes-M10-med
Lubero,Nord-Kivu,2,FALSE,0.4151,0.3411,0.4935,0.5394,22.7672,4,0.8839,NA,NA,3.8714,1,NA,NA,0.4585,0.8087,4,0.5734,0.9382,0,0.3224,0,Bayes-M10-med
Gombari,Haut-Uele,2,FALSE,0.4011,0.3288,0.4779,0.5155,21.7566,5,0.854,NA,NA,NA,NA,1.6539,3,0.5772,0.9837,2,0.9633,0.8012,0,0.5444,0,Bayes-M10-med
Adi,Ituri,2,FALSE,0.3833,0.3133,0.4581,0.4859,20.5084,6,0.8162,1.55,2,NA,NA,NA,NA,0.3977,0.6477,5,0.2587,0.7104,0,0.6216,0,Bayes-M10-med
Biena,Nord-Kivu,2,FALSE,0.3457,0.2808,0.4157,0.4261,17.9858,7,0.7361,NA,NA,3.0583,2,NA,NA,0.2013,0.2956,13,0.251,0.166,0,0.388,0,Bayes-M10-med
Biringi,Ituri,2,FALSE,0.3132,0.2531,0.3785,0.3772,15.9228,8,0.6669,1.2034,3,NA,NA,NA,NA,0.3494,0.465,6,0.3958,0.4865,0,0.5154,0,Bayes-M10-med
Mutwanga,Nord-Kivu,2,FALSE,0.2719,0.2183,0.3307,0.3184,13.4399,9,0.579,NA,NA,2.2853,3,NA,NA,0.2408,0.2783,14,0.2606,0.4672,0,0.2355,0,Bayes-M10-med
Kayna,Nord-Kivu,2,FALSE,0.2699,0.2166,0.3283,0.3156,13.3202,10,0.5746,NA,NA,2.265,4,NA,NA,0.3113,0.357,11,0.2278,0.6332,0,0.3842,0,Bayes-M10-med
Manguredjipa,Nord-Kivu,2,FALSE,0.2523,0.2019,0.3077,0.2916,12.31,11,0.5372,NA,NA,2.0932,5,NA,NA,0.3475,0.3725,10,0.778,0.0579,0,0.5541,0,Bayes-M10-med
Makoro,Haut-Uele,2,FALSE,0.2443,0.1953,0.2984,0.281,11.8604,12,0.5203,NA,NA,NA,NA,0.9016,4,0.3822,0.3968,9,0.556,0.5483,0,0.4247,0,Bayes-M10-med
Bafwasende,Tshopo,2,FALSE,0.2296,0.1831,0.281,0.2616,11.0401,13,0.4889,NA,NA,NA,NA,NA,NA,0.4546,0.4435,7,0.9073,0.2413,0,0.6699,0,Bayes-M10-med
Angumu,Ituri,2,FALSE,0.2142,0.1705,0.2627,0.2417,10.2018,14,0.4562,0.7711,4,NA,NA,NA,NA,0.11,0.1002,31,0.1641,0.1641,0,0.112,0,Bayes-M10-med
Laybo,Ituri,2,FALSE,0.187,0.1483,0.2302,0.2075,8.7572,15,0.3982,0.6619,5,NA,NA,NA,NA,0.3393,0.2696,15,0.3069,0.556,0,0.4942,0,Bayes-M10-med
Karisimbi,Nord-Kivu,2,FALSE,0.1768,0.1399,0.2179,0.1949,8.2276,16,0.3764,NA,NA,1.399,6,NA,NA,0.1597,0.12,28,0.0907,0.5154,0,0.0328,0,Bayes-M10-med
Kabondo,Tshopo,2,FALSE,0.1718,0.1359,0.2119,0.1888,7.9707,17,0.3658,NA,NA,NA,NA,NA,NA,0.18,0.1314,27,0.1911,0.2722,0,0.2568,0,Bayes-M10-med
Linga,Ituri,2,FALSE,0.1567,0.1237,0.1937,0.1707,7.2068,18,0.3337,0.5447,6,NA,NA,NA,NA,0.2148,0.143,25,0.1969,0.3417,0,0.3205,0,Bayes-M10-med
Viadana,Bas-Uele,2,FALSE,0.1523,0.1202,0.1884,0.1656,6.9886,19,0.3244,NA,NA,NA,NA,NA,NA,0.6846,0.4432,8,0.9131,0.9788,0,0.8465,0,Bayes-M10-med
Rutshuru,Nord-Kivu,2,FALSE,0.1447,0.114,0.1792,0.1566,6.6087,20,0.3081,NA,NA,1.1237,7,NA,NA,0.3721,0.2288,17,0.4093,0.9942,0,0.0849,0,Bayes-M10-med
Nyiragongo,Nord-Kivu,2,FALSE,0.1442,0.1137,0.1786,0.156,6.5847,21,0.3071,NA,NA,1.1197,8,NA,NA,0.2891,0.1772,21,0.2432,0.8764,0,0.0367,0,Bayes-M10-med
Jiba,Ituri,2,FALSE,0.137,0.1079,0.1698,0.1476,6.2283,22,0.2917,0.4707,7,NA,NA,NA,NA,0.1651,0.0961,33,0.1815,0.1274,0,0.3514,0,Bayes-M10-med
Alimbongo,Nord-Kivu,2,FALSE,0.1209,0.095,0.1502,0.1291,5.4487,23,0.2575,NA,NA,0.9265,9,NA,NA,0.4262,0.219,19,0.5849,0.7471,0,0.3726,0,Bayes-M10-med
Wanierukula,Tshopo,2,FALSE,0.1133,0.0889,0.1409,0.1204,5.0837,24,0.2413,NA,NA,NA,NA,NA,NA,0.473,0.2278,18,0.8436,0.5521,0,0.4961,0,Bayes-M10-med
Rwanguba,Nord-Kivu,2,FALSE,0.1013,0.0794,0.1262,0.107,4.5154,25,0.2158,NA,NA,0.7678,10,NA,NA,0.2442,0.1052,30,0.2085,0.7027,0,0.0656,0,Bayes-M10-med
Kirotshe,Nord-Kivu,2,FALSE,0.0969,0.0759,0.1207,0.102,4.3064,26,0.2063,NA,NA,0.7323,11,NA,NA,0.3842,0.1582,23,0.3764,0.9961,0,0.1641,0,Bayes-M10-med
Kibirizi,Nord-Kivu,2,FALSE,0.0949,0.0743,0.1183,0.0998,4.2137,27,0.2021,NA,NA,0.7165,12,NA,NA,0.4175,0.1684,22,0.5405,0.8552,0,0.2741,0,Bayes-M10-med
Nsele,Kinshasa,2,FALSE,0.086,0.0672,0.1073,0.09,3.7975,28,0.183,NA,NA,NA,NA,NA,NA,0.1583,0.0578,45,0.139,0.3996,0,0.0946,0,Bayes-M10-med
Gombe,Kinshasa,2,FALSE,0.0844,0.066,0.1054,0.0883,3.727,29,0.1798,NA,NA,NA,NA,NA,NA,0.1622,0.0582,44,0.0695,0.5695,0,0.0097,0,Bayes-M10-med
Poko,Bas-Uele,2,FALSE,0.0843,0.0659,0.1052,0.0882,3.7215,30,0.1795,NA,NA,NA,NA,NA,NA,0.7271,0.2605,16,0.9923,0.9517,0,0.9643,0,Bayes-M10-med
Aba,Haut-Uele,2,FALSE,0.0765,0.0597,0.0955,0.0796,3.3598,31,0.1628,NA,NA,NA,NA,0.2554,5,0.569,0.1849,20,0.6004,0.6853,0,0.9903,0,Bayes-M10-med
Kamango,Nord-Kivu,2,FALSE,0.073,0.057,0.0912,0.0758,3.2015,32,0.1554,NA,NA,0.5444,13,NA,NA,0.4373,0.1356,26,0.6583,0.917,0,0.1737,0,Bayes-M10-med
Limete,Kinshasa,2,FALSE,0.0659,0.0514,0.0824,0.0682,2.8773,33,0.1402,NA,NA,NA,NA,NA,NA,0.056,0.0157,86,0.0405,0.1371,0,0.0463,0,Bayes-M10-med
Ibanda,Sud-Kivu,2,FALSE,0.0648,0.0505,0.081,0.067,2.8282,34,0.1379,NA,NA,NA,NA,NA,NA,0.2307,0.0635,41,0.083,0.6216,0,0.2181,0,Bayes-M10-med
Faradje,Haut-Uele,2,FALSE,0.0626,0.0488,0.0783,0.0646,2.7287,35,0.1332,NA,NA,NA,NA,0.2074,6,0.4474,0.1189,29,0.7606,0.666,0,0.3629,0,Bayes-M10-med
Binza Ozone,Kinshasa,2,FALSE,0.0603,0.047,0.0754,0.0622,2.6248,36,0.1283,NA,NA,NA,NA,NA,NA,0.152,0.0389,54,0.0734,0.5232,0,0.0116,0,Bayes-M10-med
Kokolo,Kinshasa,2,FALSE,0.0594,0.0463,0.0743,0.0612,2.5846,37,0.1264,NA,NA,NA,NA,NA,NA,0.2172,0.0548,49,0.0772,0.7722,0,0.0193,0,Bayes-M10-med
Lingwala,Kinshasa,2,FALSE,0.0591,0.0461,0.074,0.061,2.5736,38,0.1259,NA,NA,NA,NA,NA,NA,0.0323,0.0081,114,0.0232,0.0907,0,0.0154,0,Bayes-M10-med
Bambo,Nord-Kivu,2,FALSE,0.0583,0.0454,0.073,0.0601,2.5366,39,0.1241,NA,NA,0.4313,14,NA,NA,0.3962,0.0981,32,0.5521,0.9073,0,0.1255,0,Bayes-M10-med
Katana,Sud-Kivu,2,FALSE,0.0533,0.0415,0.0668,0.0548,2.3124,40,0.1135,NA,NA,NA,NA,NA,NA,0.3224,0.073,39,0.2471,0.9112,0,0.1313,0,Bayes-M10-med
Kalamu 1,Kinshasa,2,FALSE,0.0528,0.0411,0.0662,0.0543,2.2917,41,0.1125,NA,NA,NA,NA,NA,NA,0.0309,0.0069,121,0.0193,0.0734,0,0.0309,0,Bayes-M10-med
Kasa Vubu,Kinshasa,2,FALSE,0.0528,0.0411,0.0661,0.0542,2.289,43,0.1123,NA,NA,NA,NA,NA,NA,0.0444,0.01,106,0.0309,0.1216,0,0.0251,0,Bayes-M10-med
Kinshasa,Kinshasa,2,FALSE,0.0528,0.0411,0.0661,0.0543,2.2905,42,0.1124,NA,NA,NA,NA,NA,NA,0.0203,0.0045,153,0.0135,0.0463,0,0.0212,0,Bayes-M10-med
Ganga,Bas-Uele,2,FALSE,0.0501,0.039,0.0627,0.0514,2.1688,44,0.1066,NA,NA,NA,NA,NA,NA,0.7218,0.1535,24,0.9672,0.9556,0,0.9643,0,Bayes-M10-med
Binza,Nord-Kivu,2,FALSE,0.0486,0.0378,0.0609,0.0498,2.104,46,0.1035,NA,NA,0.3578,15,NA,NA,0.3518,0.0727,40,0.471,0.8378,0,0.0985,0,Bayes-M10-med
Kadutu,Sud-Kivu,2,FALSE,0.0486,0.0379,0.061,0.0499,2.1057,45,0.1036,NA,NA,NA,NA,NA,NA,0.1636,0.0338,58,0.0579,0.3861,0,0.2104,0,Bayes-M10-med
Banalia,Tshopo,2,FALSE,0.048,0.0373,0.0602,0.0492,2.0772,47,0.1022,NA,NA,NA,NA,NA,NA,0.4242,0.0865,35,0.7799,0.1178,0,0.7992,0,Bayes-M10-med
Minova,Sud-Kivu,2,FALSE,0.0471,0.0366,0.059,0.0483,2.0369,48,0.1003,NA,NA,NA,NA,NA,NA,0.3866,0.0774,37,0.4421,0.9826,0,0.1216,0,Bayes-M10-med
Lemba,Kinshasa,2,FALSE,0.0469,0.0365,0.0588,0.048,2.0279,49,0.0998,NA,NA,NA,NA,NA,NA,0.1023,0.0204,71,0.0483,0.3069,0,0.0541,0,Bayes-M10-med
Masina 1,Kinshasa,2,FALSE,0.0466,0.0362,0.0584,0.0477,2.0145,50,0.0992,NA,NA,NA,NA,NA,NA,0.0193,0.0038,171,0.0077,0.0077,0,0.0618,0,Bayes-M10-med
Kintambo,Kinshasa,2,FALSE,0.0464,0.0361,0.0582,0.0475,2.0066,51,0.0988,NA,NA,NA,NA,NA,NA,0.0338,0.0067,128,0.0212,0.1004,0,0.0135,0,Bayes-M10-med
Mweso,Nord-Kivu,2,FALSE,0.0443,0.0345,0.0556,0.0453,1.9137,52,0.0943,NA,NA,0.3254,16,NA,NA,0.4189,0.0789,36,0.4498,0.9614,0,0.2645,0,Bayes-M10-med
Yakusu,Tshopo,2,FALSE,0.0413,0.0321,0.0519,0.0422,1.7823,53,0.088,NA,NA,NA,NA,NA,NA,0.319,0.056,46,0.4208,0.2085,0,0.6467,0,Bayes-M10-med
Kabare,Sud-Kivu,2,FALSE,0.0407,0.0317,0.0511,0.0416,1.756,54,0.0867,NA,NA,NA,NA,NA,NA,0.3567,0.0617,43,0.2394,0.9884,0,0.1988,0,Bayes-M10-med
Masisi,Nord-Kivu,2,FALSE,0.0404,0.0314,0.0508,0.0413,1.7436,55,0.0861,NA,NA,0.2965,17,NA,NA,0.4402,0.0757,38,0.4324,0.9575,0,0.3707,0,Bayes-M10-med
Masina 2,Kinshasa,2,FALSE,0.0401,0.0312,0.0503,0.0409,1.7278,56,0.0854,NA,NA,NA,NA,NA,NA,0.0265,0.0045,154,0.0174,0.0193,0,0.0695,0,Bayes-M10-med
Bandalungwa,Kinshasa,2,FALSE,0.04,0.0311,0.0502,0.0408,1.7227,57,0.0851,NA,NA,NA,NA,NA,NA,0.0709,0.0121,93,0.0328,0.2336,0,0.0174,0,Bayes-M10-med
Binza Meteo,Kinshasa,2,FALSE,0.0344,0.0267,0.0432,0.035,1.4771,58,0.0732,NA,NA,NA,NA,NA,NA,0.2558,0.0374,56,0.0965,0.8996,0,0.027,0,Bayes-M10-med
Kikimi,Kinshasa,2,FALSE,0.0337,0.0262,0.0424,0.0343,1.4494,59,0.0719,NA,NA,NA,NA,NA,NA,0.0835,0.012,94,0.056,0.1911,0,0.0869,0,Bayes-M10-med
Matete,Kinshasa,2,FALSE,0.0335,0.026,0.0421,0.0341,1.4394,60,0.0714,NA,NA,NA,NA,NA,NA,0.0492,0.007,120,0.0251,0.1158,0,0.056,0,Bayes-M10-med
Barumbu,Kinshasa,2,FALSE,0.0334,0.026,0.042,0.034,1.4356,61,0.0712,NA,NA,NA,NA,NA,NA,0.014,0.002,259,0.0097,0.0232,0,0.0232,0,Bayes-M10-med
Bengamisa,Tshopo,2,FALSE,0.0319,0.0247,0.04,0.0324,1.3673,62,0.0679,NA,NA,NA,NA,NA,NA,0.3012,0.0408,53,0.612,0.2162,0,0.3764,0,Bayes-M10-med
Buta,Bas-Uele,2,FALSE,0.0306,0.0237,0.0384,0.0311,1.3109,63,0.0651,NA,NA,NA,NA,NA,NA,0.7225,0.0939,34,0.9749,0.9923,0,0.9228,0,Bayes-M10-med
Bafwagbogbo,Tshopo,2,FALSE,0.0285,0.0221,0.0358,0.0289,1.2215,64,0.0607,NA,NA,NA,NA,NA,NA,0.3948,0.0478,51,0.8591,0.027,0,0.6931,0,Bayes-M10-med
Mont Ngafula 1,Kinshasa,2,FALSE,0.0282,0.0219,0.0354,0.0286,1.2065,65,0.06,NA,NA,NA,NA,NA,NA,0.2066,0.0247,66,0.1371,0.6313,0,0.0579,0,Bayes-M10-med
Mont Ngafula 2,Kinshasa,2,FALSE,0.0277,0.0215,0.0348,0.0281,1.1861,66,0.059,NA,NA,NA,NA,NA,NA,0.0951,0.0112,101,0.0849,0.2568,0,0.0386,0,Bayes-M10-med
Selembao,Kinshasa,2,FALSE,0.0276,0.0214,0.0347,0.028,1.1823,67,0.0588,NA,NA,NA,NA,NA,NA,0.0676,0.0079,117,0.0444,0.1815,0,0.0444,0,Bayes-M10-med
Ndjili,Kinshasa,2,FALSE,0.0272,0.0211,0.0342,0.0276,1.1663,68,0.058,NA,NA,NA,NA,NA,NA,0.0487,0.0056,141,0.027,0.1042,0,0.0637,0,Bayes-M10-med
Kingabwa,Kinshasa,2,FALSE,0.0271,0.021,0.034,0.0275,1.1593,70,0.0577,NA,NA,NA,NA,NA,NA,0.0478,0.0055,143,0.0425,0.0965,0,0.0521,0,Bayes-M10-med
Uvira,Sud-Kivu,2,FALSE,0.0271,0.0211,0.0341,0.0275,1.1613,69,0.0578,NA,NA,NA,NA,NA,NA,0.5502,0.0634,42,0.2181,0.9846,0,0.9981,0,Bayes-M10-med
Ngiri Ngiri,Kinshasa,2,FALSE,0.0269,0.0208,0.0337,0.0272,1.1492,71,0.0572,NA,NA,NA,NA,NA,NA,0.028,0.0032,191,0.0154,0.0676,0,0.029,0,Bayes-M10-med
Police,Kinshasa,2,FALSE,0.0267,0.0208,0.0336,0.0271,1.1443,72,0.0569,NA,NA,NA,NA,NA,NA,0.0478,0.0054,145,0.0463,0.0772,0,0.0676,0,Bayes-M10-med
Katoyi,Nord-Kivu,2,FALSE,0.0262,0.0203,0.0329,0.0265,1.1201,73,0.0558,NA,NA,0.1905,18,NA,NA,0.4542,0.0505,50,0.4614,0.9595,0,0.3958,0,Bayes-M10-med
Kalehe,Sud-Kivu,2,FALSE,0.0233,0.0181,0.0293,0.0236,0.9956,74,0.0496,NA,NA,NA,NA,NA,NA,0.3369,0.0334,59,0.3417,0.8649,0,0.1409,0,Bayes-M10-med
Ruzizi,Sud-Kivu,2,FALSE,0.0231,0.0179,0.029,0.0234,0.9866,75,0.0492,NA,NA,NA,NA,NA,NA,0.5627,0.0552,47,0.3494,0.9093,0,0.9923,0,Bayes-M10-med
Walikale,Nord-Kivu,2,FALSE,0.0226,0.0176,0.0285,0.0229,0.9672,76,0.0482,NA,NA,0.1645,19,NA,NA,0.5729,0.0551,48,0.9459,0.9286,0,0.417,0,Bayes-M10-med
Isangi,Tshopo,2,FALSE,0.0225,0.0175,0.0283,0.0228,0.9609,77,0.0479,NA,NA,NA,NA,NA,NA,0.3837,0.0367,57,0.4054,0.4073,0,0.722,0,Bayes-M10-med
Nyemba,Tanganyika,2,FALSE,0.0218,0.0169,0.0274,0.022,0.9287,78,0.0463,NA,NA,NA,NA,NA,NA,0.3456,0.0319,62,0.5965,0.4556,0,0.3301,0,Bayes-M10-med
Birambizo,Nord-Kivu,2,FALSE,0.0212,0.0164,0.0266,0.0214,0.9039,79,0.0451,NA,NA,0.1537,20,NA,NA,0.3625,0.0326,61,0.4035,0.89,0,0.1564,0,Bayes-M10-med
Lubutu,Maniema,2,FALSE,0.021,0.0162,0.0264,0.0212,0.894,80,0.0446,NA,NA,NA,NA,NA,NA,0.4706,0.0419,52,0.8205,0.2819,0,0.7799,0,Bayes-M10-med
Maluku 1,Kinshasa,2,FALSE,0.0207,0.0161,0.0261,0.021,0.8848,81,0.0442,NA,NA,NA,NA,NA,NA,0.2321,0.0205,68,0.3475,0.4517,0,0.1293,0,Bayes-M10-med
Kingasani,Kinshasa,2,FALSE,0.0204,0.0158,0.0257,0.0206,0.8702,82,0.0434,NA,NA,NA,NA,NA,NA,0.0294,0.0026,224,0.0058,0.0405,0,0.0714,0,Bayes-M10-med
Walungu,Sud-Kivu,2,FALSE,0.0204,0.0158,0.0256,0.0206,0.8682,83,0.0433,NA,NA,NA,NA,NA,NA,0.3248,0.0281,64,0.1853,0.8803,0,0.2336,0,Bayes-M10-med
Nyantende,Sud-Kivu,2,FALSE,0.0197,0.0153,0.0247,0.0199,0.8388,84,0.0419,NA,NA,NA,NA,NA,NA,0.3219,0.0269,65,0.1486,0.8938,0,0.2452,0,Bayes-M10-med
Bagira,Sud-Kivu,2,FALSE,0.0171,0.0132,0.0215,0.0172,0.7274,85,0.0364,NA,NA,NA,NA,NA,NA,0.236,0.0171,80,0.1004,0.6371,0,0.2066,0,Bayes-M10-med
Fizi,Sud-Kivu,2,FALSE,0.0159,0.0124,0.0201,0.0161,0.6783,86,0.0339,NA,NA,NA,NA,NA,NA,0.5637,0.0382,55,0.7432,0.9691,0,0.5425,0,Bayes-M10-med
Lubumbashi,Haut-Katanga,2,FALSE,0.015,0.0116,0.0189,0.0151,0.6386,87,0.032,NA,NA,NA,NA,NA,NA,0.1105,0.0071,119,0.1081,0.2104,0,0.1236,0,Bayes-M10-med
Makala,Kinshasa,2,FALSE,0.0138,0.0107,0.0173,0.0139,0.5846,88,0.0293,NA,NA,NA,NA,NA,NA,0.0246,0.0014,297,0.0116,0.0386,0,0.0483,0,Bayes-M10-med
Lemera,Sud-Kivu,2,FALSE,0.0137,0.0106,0.0173,0.0138,0.5838,89,0.0292,NA,NA,NA,NA,NA,NA,0.5613,0.0328,60,0.3629,0.9015,0,0.9807,0,Bayes-M10-med
Kalamu 2,Kinshasa,2,FALSE,0.0136,0.0105,0.0171,0.0136,0.5759,90,0.0289,NA,NA,NA,NA,NA,NA,0.015,9e-4,375,0.0039,0.0154,0,0.0405,0,Bayes-M10-med
Kindu,Maniema,2,FALSE,0.0133,0.0103,0.0167,0.0134,0.5641,91,0.0283,NA,NA,NA,NA,NA,NA,0.3181,0.0179,77,0.1351,0.2529,0,0.8842,0,Bayes-M10-med
Mubumbano,Sud-Kivu,2,FALSE,0.0132,0.0102,0.0166,0.0132,0.5592,92,0.028,NA,NA,NA,NA,NA,NA,0.3658,0.0205,69,0.2683,0.9402,0,0.2548,0,Bayes-M10-med
Pinga,Nord-Kivu,2,FALSE,0.0129,0.01,0.0163,0.013,0.5498,93,0.0276,NA,NA,0.0935,21,NA,NA,0.57,0.0313,63,0.9595,0.7548,0,0.5656,0,Bayes-M10-med
Basoko,Tshopo,2,FALSE,0.0127,0.0099,0.016,0.0128,0.5404,94,0.0271,NA,NA,NA,NA,NA,NA,0.3012,0.0163,82,0.5077,0.3147,0,0.3822,0,Bayes-M10-med
Nyangezi,Sud-Kivu,2,FALSE,0.0124,0.0096,0.0156,0.0125,0.5255,95,0.0263,NA,NA,NA,NA,NA,NA,0.36870000000000003,0.0194,74,0.222,0.8842,0,0.36870000000000003,0,Bayes-M10-med
Kalemie,Tanganyika,2,FALSE,0.0118,0.0092,0.0149,0.0119,0.5018,96,0.0252,NA,NA,NA,NA,NA,NA,0.3789,0.019,76,0.6718,0.4575,0,0.3861,0,Bayes-M10-med
Yabaondo,Tshopo,2,FALSE,0.0112,0.0087,0.0141,0.0113,0.475,97,0.0238,NA,NA,NA,NA,NA,NA,0.3523,0.0168,81,0.4363,0.305,0,0.668,0,Bayes-M10-med
Mwana,Sud-Kivu,2,FALSE,0.0108,0.0084,0.0136,0.0109,0.4594,98,0.0231,NA,NA,NA,NA,NA,NA,0.3731,0.0172,79,0.2896,0.9035,0,0.2992,0,Bayes-M10-med
Kaniola,Sud-Kivu,2,FALSE,0.0106,0.0082,0.0133,0.0106,0.4492,99,0.0225,NA,NA,NA,NA,NA,NA,0.4513,0.0203,72,0.5328,0.9305,0,0.3417,0,Bayes-M10-med
Bunyakiri,Sud-Kivu,2,FALSE,0.0101,0.0078,0.0127,0.0101,0.4278,100,0.0215,NA,NA,NA,NA,NA,NA,0.4517,0.0194,75,0.6197,0.832,0,0.3552,0,Bayes-M10-med
Ubundu,Tshopo,2,FALSE,0.0098,0.0076,0.0123,0.0098,0.4137,101,0.0208,NA,NA,NA,NA,NA,NA,0.4744,0.0197,73,0.9054,0.4305,0,0.5618,0,Bayes-M10-med
Kasongo,Maniema,2,FALSE,0.0091,0.0071,0.0115,0.0092,0.3873,102,0.0194,NA,NA,NA,NA,NA,NA,0.5304,0.0206,67,0.4459,0.7529,0,0.9228,0,Bayes-M10-med
Lisala,Mongala,2,FALSE,0.009,0.0069,0.0113,0.009,0.3806,103,0.0191,NA,NA,NA,NA,NA,NA,0.4093,0.0156,87,0.4286,0.4402,0,0.7683,0,Bayes-M10-med
Manika,Lualaba,2,FALSE,0.0084,0.0065,0.0106,0.0084,0.3554,104,0.0179,NA,NA,NA,NA,NA,NA,0.1149,0.0041,161,0.0946,0.222,0,0.1429,0,Bayes-M10-med
Mumbunda,Haut-Katanga,2,FALSE,0.0083,0.0064,0.0104,0.0083,0.3512,105,0.0176,NA,NA,NA,NA,NA,NA,0.1853,0.0065,132,0.1197,0.5077,0,0.1139,0,Bayes-M10-med
Opienge,Tshopo,2,FALSE,0.0082,0.0063,0.0103,0.0082,0.3466,106,0.0174,NA,NA,NA,NA,NA,NA,0.4445,0.0154,88,0.9556,0.0135,0,0.8089,0,Bayes-M10-med
Yamaluka,Mongala,2,FALSE,0.0078,0.0061,0.0098,0.0078,0.3312,107,0.0166,NA,NA,NA,NA,NA,NA,0.1974,0.0066,130,0.2799,0.1448,0,0.3649,0,Bayes-M10-med
Yaleko,Tshopo,2,FALSE,0.0078,0.006,0.0098,0.0078,0.329,108,0.0165,NA,NA,NA,NA,NA,NA,0.402,0.0133,90,0.639,0.2452,0,0.7239,0,Bayes-M10-med
Doruma,Haut-Uele,2,FALSE,0.0077,0.006,0.0097,0.0078,0.3278,109,0.0165,NA,NA,NA,NA,0.0249,7,0.6216,0.0204,70,0.973,0.5135,0,1,0,Bayes-M10-med
Kisenso,Kinshasa,2,FALSE,0.0075,0.0058,0.0095,0.0076,0.3191,110,0.016,NA,NA,NA,NA,NA,NA,0.0589,0.0019,268,0.0367,0.139,0,0.0598,0,Bayes-M10-med
Kipushi,Haut-Katanga,2,FALSE,0.0074,0.0058,0.0094,0.0075,0.315,111,0.0158,NA,NA,NA,NA,NA,NA,0.1216,0.0038,170,0.2703,0.1081,0,0.1081,0,Bayes-M10-med
Tshamilemba,Haut-Katanga,2,FALSE,0.0074,0.0057,0.0093,0.0074,0.3138,113,0.0158,NA,NA,NA,NA,NA,NA,0.0772,0.0024,230,0.0656,0.1255,0,0.1178,0,Bayes-M10-med
Biyela,Kinshasa,2,FALSE,0.0074,0.0057,0.0093,0.0074,0.3144,112,0.0158,NA,NA,NA,NA,NA,NA,0.1076,0.0034,185,0.0637,0.2838,0,0.083,0,Bayes-M10-med
Kimbanseke,Kinshasa,2,FALSE,0.0073,0.0057,0.0092,0.0073,0.31,114,0.0156,NA,NA,NA,NA,NA,NA,0.0526,0.0016,281,0.0521,0.0849,0,0.0734,0,Bayes-M10-med
Mbandaka,Equateur,2,FALSE,0.0072,0.0056,0.0091,0.0072,0.3049,115,0.0153,NA,NA,NA,NA,NA,NA,0.5164,0.0158,85,0.6409,0.9633,0,0.4614,0,Bayes-M10-med
Maluku 2,Kinshasa,2,FALSE,0.0072,0.0056,0.0091,0.0072,0.3048,116,0.0153,NA,NA,NA,NA,NA,NA,0.4184,0.0128,92,0.6834,0.5463,0,0.444,0,Bayes-M10-med
Bumbu,Kinshasa,2,FALSE,0.007,0.0054,0.0089,0.0071,0.2979,117,0.015,NA,NA,NA,NA,NA,NA,0.0164,5e-4,421,0.0019,0.029,0,0.0347,0,Bayes-M10-med
Ngaba,Kinshasa,2,FALSE,0.0069,0.0054,0.0088,0.007,0.2943,118,0.0148,NA,NA,NA,NA,NA,NA,0.014,4e-4,430,0,0.0058,0,0.0502,0,Bayes-M10-med
Nundu,Sud-Kivu,2,FALSE,0.0069,0.0054,0.0087,0.007,0.2939,119,0.0148,NA,NA,NA,NA,NA,NA,0.5927,0.0175,78,0.527,0.8494,0,0.9942,0,Bayes-M10-med
Kibua,Nord-Kivu,2,FALSE,0.0067,0.0052,0.0085,0.0068,0.2858,120,0.0144,NA,NA,0.0486,22,NA,NA,0.5154,0.0148,89,0.7741,0.6602,0,0.6274,0,Bayes-M10-med
Kunda,Maniema,2,FALSE,0.0066,0.0051,0.0083,0.0066,0.2779,121,0.014,NA,NA,NA,NA,NA,NA,0.4165,0.0116,96,0.4633,0.2799,0,0.9228,0,Bayes-M10-med
Kalonge,Sud-Kivu,2,FALSE,0.0064,0.005,0.0081,0.0064,0.2708,122,0.0136,NA,NA,NA,NA,NA,NA,0.404,0.011,102,0.4961,0.8359,0,0.2838,0,Bayes-M10-med
Saramabila,Maniema,2,FALSE,0.0057,0.0044,0.0071,0.0057,0.2401,123,0.0121,NA,NA,NA,NA,NA,NA,0.4768,0.0115,99,0.473,0.5502,0,0.8842,0,Bayes-M10-med
Kongolo,Tanganyika,2,FALSE,0.0056,0.0043,0.007,0.0056,0.235,124,0.0118,NA,NA,NA,NA,NA,NA,0.6829,0.0161,83,0.8861,0.9228,0,0.9228,0,Bayes-M10-med
Titule,Bas-Uele,2,FALSE,0.0055,0.0042,0.0069,0.0055,0.231,125,0.0116,NA,NA,NA,NA,NA,NA,0.6839,0.0159,84,0.9865,0.8263,0,0.9228,0,Bayes-M10-med
Kabinda,Lomami,2,FALSE,0.0053,0.0041,0.0067,0.0054,0.2259,126,0.0114,NA,NA,NA,NA,NA,NA,0.4382,0.0099,107,0.5097,0.5541,0,0.6892,0,Bayes-M10-med
Kaziba,Sud-Kivu,2,FALSE,0.0051,0.004,0.0065,0.0051,0.2168,127,0.0109,NA,NA,NA,NA,NA,NA,0.3571,0.0078,118,0.2876,0.7838,0,0.3571,0,Bayes-M10-med
Shabunda,Sud-Kivu,2,FALSE,0.0051,0.0039,0.0064,0.0051,0.2154,129,0.0108,NA,NA,NA,NA,NA,NA,0.5922,0.0128,91,0.8378,0.8726,0,0.6583,0,Bayes-M10-med
Djolu,Tshuapa,2,FALSE,0.0051,0.0039,0.0064,0.0051,0.2157,128,0.0109,NA,NA,NA,NA,NA,NA,0.5256,0.0114,100,0.7104,0.5985,0,0.7934,0,Bayes-M10-med
Kitutu,Sud-Kivu,2,FALSE,0.005,0.0039,0.0063,0.005,0.213,130,0.0107,NA,NA,NA,NA,NA,NA,0.5024,0.0107,105,0.751,0.805,0,0.4537,0,Bayes-M10-med
Itebero,Nord-Kivu,2,FALSE,0.0049,0.0038,0.0061,0.0049,0.2064,132,0.0104,NA,NA,0.0351,23,NA,NA,0.5574,0.0116,97,0.9112,0.722,0,0.5965,0,Bayes-M10-med
Kimbi Lulenge,Sud-Kivu,2,FALSE,0.0049,0.0038,0.0062,0.0049,0.2088,131,0.0105,NA,NA,NA,NA,NA,NA,0.5507,0.0115,98,0.8475,0.8687,0,0.4865,0,Bayes-M10-med
Yahuma,Tshopo,2,FALSE,0.0048,0.0037,0.0061,0.0049,0.205,133,0.0103,NA,NA,NA,NA,NA,NA,0.4402,0.0091,111,0.8649,0.332,0,0.5637,0,Bayes-M10-med
Bonzola,Kasaï-Oriental,2,FALSE,0.0047,0.0036,0.0059,0.0047,0.1971,134,0.0099,NA,NA,NA,NA,NA,NA,0.2958,0.0059,138,0.0927,0.7934,0,0.2973,0,Bayes-M10-med
Kalole,Sud-Kivu,2,FALSE,0.0046,0.0035,0.0058,0.0046,0.1932,136,0.0097,NA,NA,NA,NA,NA,NA,0.6038,0.0117,95,0.89,0.7799,0,0.7452,0,Bayes-M10-med
Mwenga,Sud-Kivu,2,FALSE,0.0046,0.0036,0.0058,0.0046,0.1947,135,0.0098,NA,NA,NA,NA,NA,NA,0.319,0.0062,135,0.5,0.3552,0,0.4208,0,Bayes-M10-med
Kamituga,Sud-Kivu,2,FALSE,0.0044,0.0034,0.0055,0.0044,0.1862,137,0.0094,NA,NA,NA,NA,NA,NA,0.3596,0.0067,125,0.3938,0.6062,0,0.4382,0,Bayes-M10-med
Mulungu,Sud-Kivu,2,FALSE,0.0044,0.0034,0.0055,0.0044,0.1849,138,0.0093,NA,NA,NA,NA,NA,NA,0.5208,0.0097,108,0.861,0.5193,0,0.7027,0,Bayes-M10-med
Mbulula,Tanganyika,2,FALSE,0.0043,0.0033,0.0054,0.0043,0.1829,139,0.0092,NA,NA,NA,NA,NA,NA,0.5934,0.0109,103,0.6448,0.7761,0,0.9527,0,Bayes-M10-med
Yahisuli,Tshopo,2,FALSE,0.0041,0.0032,0.0052,0.0041,0.1748,140,0.0088,NA,NA,NA,NA,NA,NA,0.3521,0.0062,136,0.3842,0.0714,0,0.9527,0,Bayes-M10-med
Kabalo,Tanganyika,2,FALSE,0.0041,0.0032,0.0051,0.0041,0.1723,141,0.0087,NA,NA,NA,NA,NA,NA,0.624,0.0108,104,0.9035,0.7568,0,0.8359,0,Bayes-M10-med
Kampene,Maniema,2,FALSE,0.0039,0.003,0.0049,0.0039,0.1637,143,0.0082,NA,NA,NA,NA,NA,NA,0.3962,0.0065,133,0.5251,0.1757,0,0.8842,0,Bayes-M10-med
Kalima,Maniema,2,FALSE,0.0039,0.003,0.0049,0.0039,0.1653,142,0.0083,NA,NA,NA,NA,NA,NA,0.3094,0.0051,148,0.4595,0.3205,0,0.4575,0,Bayes-M10-med
Opala,Tshopo,2,FALSE,0.0038,0.0029,0.0048,0.0038,0.1596,144,0.008,NA,NA,NA,NA,NA,NA,0.4269,0.0068,123,0.7819,0.0792,0,0.8465,0,Bayes-M10-med
Yambuku,Mongala,2,FALSE,0.0037,0.0029,0.0047,0.0037,0.158,145,0.008,NA,NA,NA,NA,NA,NA,0.4344,0.0069,122,0.5483,0.5753,0,0.6139,0,Bayes-M10-med
Nyunzu,Tanganyika,2,FALSE,0.0037,0.0028,0.0046,0.0037,0.1554,146,0.0078,NA,NA,NA,NA,NA,NA,0.6023,0.0094,109,0.9653,0.834,0,0.61,0,Bayes-M10-med
Kasansa,Kasaï-Oriental,2,FALSE,0.0036,0.0028,0.0046,0.0036,0.1533,148,0.0077,NA,NA,NA,NA,NA,NA,0.3349,0.0052,147,0.2568,0.6699,0,0.4131,0,Bayes-M10-med
Punia,Maniema,2,FALSE,0.0036,0.0028,0.0046,0.0036,0.1535,147,0.0077,NA,NA,NA,NA,NA,NA,0.3731,0.0058,139,0.7625,0.1969,0,0.5328,0,Bayes-M10-med
Kananga,Kasaï-Central,2,FALSE,0.0035,0.0027,0.0044,0.0035,0.1467,149,0.0074,NA,NA,NA,NA,NA,NA,0.2963,0.0044,157,0.1429,0.5579,0,0.4846,0,Bayes-M10-med
Mulumba,Lomami,2,FALSE,0.0034,0.0027,0.0043,0.0034,0.1449,150,0.0073,NA,NA,NA,NA,NA,NA,0.2587,0.0038,173,0.1834,0.3108,0,0.5405,0,Bayes-M10-med
Nzaba,Kasaï-Oriental,2,FALSE,0.0033,0.0026,0.0042,0.0033,0.1401,151,0.0071,NA,NA,NA,NA,NA,NA,0.278,0.0039,166,0.1042,0.6931,0,0.3147,0,Bayes-M10-med
Lusangi,Maniema,2,FALSE,0.0033,0.0026,0.0042,0.0033,0.1396,153,0.007,NA,NA,NA,NA,NA,NA,0.4223,0.0059,137,0.5656,0.2645,0,0.8591,0,Bayes-M10-med
Lolo,Mongala,2,FALSE,0.0033,0.0025,0.0041,0.0033,0.1377,155,0.0069,NA,NA,NA,NA,NA,NA,0.3161,0.0044,156,0.4073,0.3263,0,0.5309,0,Bayes-M10-med
Lodja,Sankuru,2,FALSE,0.0033,0.0026,0.0042,0.0033,0.1398,152,0.007,NA,NA,NA,NA,NA,NA,0.4626,0.0065,134,0.2625,0.6351,0,0.9527,0,Bayes-M10-med
Lulingu,Sud-Kivu,2,FALSE,0.0033,0.0025,0.0041,0.0033,0.1387,154,0.007,NA,NA,NA,NA,NA,NA,0.6158,0.0086,113,0.9093,0.8108,0,0.7432,0,Bayes-M10-med
Tshilenge,Kasaï-Oriental,2,FALSE,0.0032,0.0025,0.004,0.0032,0.1342,157,0.0068,NA,NA,NA,NA,NA,NA,0.2799,0.0038,172,0.1892,0.668,0,0.2625,0,Bayes-M10-med
Manono,Tanganyika,2,FALSE,0.0032,0.0025,0.0041,0.0033,0.1374,156,0.0069,NA,NA,NA,NA,NA,NA,0.5758,0.008,116,0.8784,0.9537,0,0.471,0,Bayes-M10-med
Aketi,Bas-Uele,2,FALSE,0.0031,0.0024,0.0039,0.0031,0.1313,158,0.0066,NA,NA,NA,NA,NA,NA,0.6762,0.0089,112,0.9903,0.9363,0,0.778,0,Bayes-M10-med
Kailo,Maniema,2,FALSE,0.0031,0.0024,0.0039,0.0031,0.1296,160,0.0065,NA,NA,NA,NA,NA,NA,0.4276,0.0056,142,0.832,0.0946,0,0.7838,0,Bayes-M10-med
Samba,Maniema,2,FALSE,0.0031,0.0024,0.0039,0.0031,0.1303,159,0.0066,NA,NA,NA,NA,NA,NA,0.5179,0.0068,124,0.7529,0.4344,0,0.8842,0,Bayes-M10-med
Ango,Bas-Uele,2,FALSE,0.003,0.0023,0.0038,0.003,0.1283,161,0.0065,NA,NA,NA,NA,NA,NA,0.7095,0.0091,110,1,0.8591,0,0.9788,0,Bayes-M10-med
Bumba,Mongala,2,FALSE,0.003,0.0023,0.0038,0.003,0.1258,163,0.0063,NA,NA,NA,NA,NA,NA,0.2384,0.003,199,0.1409,0.4537,0,0.3591,0,Bayes-M10-med
Haut Plateau,Sud-Kivu,2,FALSE,0.003,0.0023,0.0038,0.003,0.1264,162,0.0064,NA,NA,NA,NA,NA,NA,0.5246,0.0067,127,0.5714,0.5444,0,0.9826,0,Bayes-M10-med
Minembwe,Sud-Kivu,2,FALSE,0.003,0.0023,0.0037,0.003,0.1257,164,0.0063,NA,NA,NA,NA,NA,NA,0.5198,0.0066,129,0.7181,0.8089,0,0.5521,0,Bayes-M10-med
Moba,Tanganyika,2,FALSE,0.003,0.0023,0.0037,0.003,0.1255,165,0.0063,NA,NA,NA,NA,NA,NA,0.3808,0.0048,151,0.6178,0.4942,0,0.4112,0,Bayes-M10-med
Kabongo,Haut-Lomami,2,FALSE,0.0029,0.0022,0.0036,0.0029,0.1213,168,0.0061,NA,NA,NA,NA,NA,NA,0.5372,0.0066,131,0.8108,0.778,0,0.5598,0,Bayes-M10-med
Luputa,Lomami,2,FALSE,0.0029,0.0022,0.0036,0.0029,0.1218,167,0.0061,NA,NA,NA,NA,NA,NA,0.3431,0.0042,159,0.3301,0.3166,0,0.7259,0,Bayes-M10-med
Mweneditu,Lomami,2,FALSE,0.0029,0.0022,0.0036,0.0029,0.1221,166,0.0061,NA,NA,NA,NA,NA,NA,0.2799,0.0034,183,0.166,0.3842,0,0.5695,0,Bayes-M10-med
Bondo,Bas-Uele,2,FALSE,0.0028,0.0022,0.0035,0.0028,0.1177,170,0.0059,NA,NA,NA,NA,NA,NA,0.6737,0.008,115,0.9961,0.9981,0,0.7008,0,Bayes-M10-med
Lingomo,Tshuapa,2,FALSE,0.0028,0.0022,0.0035,0.0028,0.1181,169,0.0059,NA,NA,NA,NA,NA,NA,0.5627,0.0067,126,0.8263,0.5869,0,0.8378,0,Bayes-M10-med
Kabeya Kamwanga,Kasaï-Oriental,2,FALSE,0.0026,0.002,0.0032,0.0026,0.1082,172,0.0055,NA,NA,NA,NA,NA,NA,0.2968,0.0032,190,0.3224,0.3919,0,0.473,0,Bayes-M10-med
Lubao,Lomami,2,FALSE,0.0026,0.002,0.0033,0.0026,0.1119,171,0.0056,NA,NA,NA,NA,NA,NA,0.3982,0.0045,155,0.6486,0.1525,0,0.7915,0,Bayes-M10-med
Ikela,Tshuapa,2,FALSE,0.0025,0.0019,0.0031,0.0025,0.1037,173,0.0052,NA,NA,NA,NA,NA,NA,0.4633,0.0048,150,0.8147,0.1795,0,0.8591,0,Bayes-M10-med
Kamina,Haut-Lomami,2,FALSE,0.0024,0.0019,0.0031,0.0024,0.1026,175,0.0052,NA,NA,NA,NA,NA,NA,0.5164,0.0053,146,0.8301,0.8301,0,0.4054,0,Bayes-M10-med
Diulu,Kasaï-Oriental,2,FALSE,0.0024,0.0019,0.0031,0.0024,0.1032,174,0.0052,NA,NA,NA,NA,NA,NA,0.2611,0.0027,212,0.0676,0.6448,0,0.332,0,Bayes-M10-med
Lukelenge,Kasaï-Oriental,2,FALSE,0.0024,0.0018,0.003,0.0024,0.0999,176,0.005,NA,NA,NA,NA,NA,NA,0.2249,0.0023,239,0.0811,0.5,0,0.3185,0,Bayes-M10-med
Kitenge,Haut-Lomami,2,FALSE,0.0023,0.0018,0.003,0.0023,0.0992,177,0.005,NA,NA,NA,NA,NA,NA,0.5729,0.0057,140,0.8668,0.8069,0,0.6178,0,Bayes-M10-med
Kabambare,Maniema,2,FALSE,0.0023,0.0018,0.0029,0.0023,0.0971,178,0.0049,NA,NA,NA,NA,NA,NA,0.3953,0.0039,168,0.8359,0.112,0,0.6332,0,Bayes-M10-med
Malemba Nkulu,Haut-Lomami,2,FALSE,0.0022,0.0017,0.0028,0.0022,0.0934,180,0.0047,NA,NA,NA,NA,NA,NA,0.3895,0.0037,177,0.36870000000000003,0.7664,0,0.4228,0,Bayes-M10-med
Kaniama,Haut-Lomami,2,FALSE,0.0022,0.0017,0.0028,0.0022,0.0934,181,0.0047,NA,NA,NA,NA,NA,NA,0.582,0.0055,144,0.8533,0.6622,0,0.8127,0,Bayes-M10-med
Citenge,Kasaï-Oriental,2,FALSE,0.0022,0.0017,0.0028,0.0022,0.0931,182,0.0047,NA,NA,NA,NA,NA,NA,0.2321,0.0022,247,0.1583,0.4749,0,0.2954,0,Bayes-M10-med
Ngandajika,Lomami,2,FALSE,0.0022,0.0017,0.0028,0.0022,0.0942,179,0.0047,NA,NA,NA,NA,NA,NA,0.3465,0.0033,188,0.2124,0.4459,0,0.7278,0,Bayes-M10-med
Tshofa,Lomami,2,FALSE,0.0022,0.0017,0.0027,0.0022,0.0921,183,0.0046,NA,NA,NA,NA,NA,NA,0.4416,0.0041,162,0.6757,0.3514,0,0.7394,0,Bayes-M10-med
Demba,Kasaï-Central,2,FALSE,0.0021,0.0016,0.0027,0.0021,0.0893,185,0.0045,NA,NA,NA,NA,NA,NA,0.4117,0.0037,175,0.4653,0.7143,0,0.4672,0,Bayes-M10-med
Mikalayi,Kasaï-Central,2,FALSE,0.0021,0.0016,0.0026,0.0021,0.0873,189,0.0044,NA,NA,NA,NA,NA,NA,0.3948,0.0035,182,0.4517,0.5811,0,0.5463,0,Bayes-M10-med
Bibanga,Kasaï-Oriental,2,FALSE,0.0021,0.0016,0.0026,0.0021,0.0872,190,0.0044,NA,NA,NA,NA,NA,NA,0.2978,0.0026,223,0.3127,0.4884,0,0.39,0,Bayes-M10-med
Cilundu,Kasaï-Oriental,2,FALSE,0.0021,0.0016,0.0027,0.0021,0.0897,184,0.0045,NA,NA,NA,NA,NA,NA,0.221,0.002,258,0.2317,0.3089,0,0.3436,0,Bayes-M10-med
Idiofa,Kwilu,2,FALSE,0.0021,0.0016,0.0027,0.0021,0.0891,187,0.0045,NA,NA,NA,NA,NA,NA,0.486,0.0044,158,0.4537,0.749,0,0.7413,0,Bayes-M10-med
Kibombo,Maniema,2,FALSE,0.0021,0.0016,0.0026,0.0021,0.0867,191,0.0044,NA,NA,NA,NA,NA,NA,0.4614,0.004,163,0.7452,0.1776,0,0.9228,0,Bayes-M10-med
Obokote,Maniema,2,FALSE,0.0021,0.0016,0.0026,0.0021,0.0882,188,0.0044,NA,NA,NA,NA,NA,NA,0.3209,0.0028,205,0.7239,0.0328,0,0.527,0,Bayes-M10-med
Yalimbongo,Tshopo,2,FALSE,0.0021,0.0016,0.0027,0.0021,0.0892,186,0.0045,NA,NA,NA,NA,NA,NA,0.3214,0.0029,203,0.5772,0.0483,0,0.6602,0,Bayes-M10-med
Kamwesha,Kasaï,2,FALSE,0.002,0.0015,0.0025,0.002,0.0845,195,0.0043,NA,NA,NA,NA,NA,NA,0.2732,0.0023,235,0.3456,0.2876,0,0.4595,0,Bayes-M10-med
Tshikapa,Kasaï,2,FALSE,0.002,0.0015,0.0025,0.002,0.0835,196,0.0042,NA,NA,NA,NA,NA,NA,0.3156,0.0027,219,0.2722,0.6506,0,0.3398,0,Bayes-M10-med
Ludimbi Lukula,Lomami,2,FALSE,0.002,0.0016,0.0025,0.002,0.0849,192,0.0043,NA,NA,NA,NA,NA,NA,0.4513,0.0039,169,0.6931,0.3475,0,0.7645,0,Bayes-M10-med
Kanda Kanda,Lomami,2,FALSE,0.002,0.0015,0.0025,0.002,0.0826,197,0.0042,NA,NA,NA,NA,NA,NA,0.3012,0.0025,226,0.3185,0.1737,0,0.7124,0,Bayes-M10-med
Boende,Tshuapa,2,FALSE,0.002,0.0016,0.0025,0.002,0.0847,194,0.0043,NA,NA,NA,NA,NA,NA,0.4199,0.0036,179,0.6988,0.4807,0,0.5,0,Bayes-M10-med
Kansimba,Tanganyika,2,FALSE,0.002,0.0016,0.0025,0.002,0.0847,193,0.0043,NA,NA,NA,NA,NA,NA,0.5497,0.0047,152,0.9479,0.7741,0,0.4768,0,Bayes-M10-med
Lubilanji,Kasaï-Oriental,2,FALSE,0.0019,0.0015,0.0024,0.0019,0.0797,199,0.004,NA,NA,NA,NA,NA,NA,0.1694,0.0014,310,0.0347,0.3398,0,0.3031,0,Bayes-M10-med
Gemena,Sud-Ubangi,2,FALSE,0.0019,0.0015,0.0025,0.0019,0.0822,198,0.0041,NA,NA,NA,NA,NA,NA,0.3277,0.0027,211,0.1776,0.2741,0,0.8591,0,Bayes-M10-med
Basali,Tshopo,2,FALSE,0.0019,0.0014,0.0023,0.0019,0.0784,200,0.004,NA,NA,NA,NA,NA,NA,0.3779,0.003,201,0.834,0.0251,0,0.6525,0,Bayes-M10-med
Luebo,Kasaï,2,FALSE,0.0018,0.0014,0.0023,0.0018,0.0757,207,0.0038,NA,NA,NA,NA,NA,NA,0.4353,0.0033,186,0.5232,0.5116,0,0.7066,0,Bayes-M10-med
Bipemba,Kasaï-Oriental,2,FALSE,0.0018,0.0014,0.0022,0.0018,0.0739,211,0.0037,NA,NA,NA,NA,NA,NA,0.1544,0.0011,335,0.0618,0.2201,0,0.3359,0,Bayes-M10-med
Dibindi,Kasaï-Oriental,2,FALSE,0.0018,0.0014,0.0023,0.0018,0.0769,203,0.0039,NA,NA,NA,NA,NA,NA,0.1617,0.0013,325,0.0386,0.2954,0,0.3127,0,Bayes-M10-med
Muya,Kasaï-Oriental,2,FALSE,0.0018,0.0014,0.0023,0.0018,0.0764,205,0.0038,NA,NA,NA,NA,NA,NA,0.2495,0.0019,265,0.0753,0.5888,0,0.334,0,Bayes-M10-med
Kamana,Lomami,2,FALSE,0.0018,0.0014,0.0023,0.0018,0.0773,202,0.0039,NA,NA,NA,NA,NA,NA,0.2944,0.0023,237,0.5309,0.0174,0,0.6293,0,Bayes-M10-med
Kalenda,Lomami,2,FALSE,0.0018,0.0014,0.0022,0.0018,0.075,208,0.0038,NA,NA,NA,NA,NA,NA,0.2886,0.0022,246,0.388,0.1873,0,0.5792,0,Bayes-M10-med
Ferekeni,Maniema,2,FALSE,0.0018,0.0014,0.0022,0.0018,0.0748,209,0.0038,NA,NA,NA,NA,NA,NA,0.3504,0.0026,221,0.7722,0.0425,0,0.5869,0,Bayes-M10-med
Yamongili,Mongala,2,FALSE,0.0018,0.0014,0.0023,0.0018,0.0763,206,0.0038,NA,NA,NA,NA,NA,NA,0.3243,0.0025,227,0.5116,0.3668,0,0.4189,0,Bayes-M10-med
Katako Kombe,Sankuru,2,FALSE,0.0018,0.0014,0.0022,0.0018,0.0745,210,0.0038,NA,NA,NA,NA,NA,NA,0.4703,0.0035,180,0.7857,0.1313,0,0.9643,0,Bayes-M10-med
Itombwe,Sud-Kivu,2,FALSE,0.0018,0.0014,0.0023,0.0018,0.0777,201,0.0039,NA,NA,NA,NA,NA,NA,0.5121,0.004,164,0.8571,0.6737,0,0.5174,0,Bayes-M10-med
Mondombe,Tshuapa,2,FALSE,0.0018,0.0014,0.0023,0.0018,0.0765,204,0.0039,NA,NA,NA,NA,NA,NA,0.4797,0.0037,176,0.6622,0.3726,0,0.8842,0,Bayes-M10-med
Likati,Bas-Uele,2,FALSE,0.0017,0.0013,0.0021,0.0017,0.0703,220,0.0035,NA,NA,NA,NA,NA,NA,0.7124,0.005,149,0.9942,0.971,0,0.8842,0,Bayes-M10-med
Mweka,Kasaï,2,FALSE,0.0017,0.0013,0.0021,0.0017,0.071,218,0.0036,NA,NA,NA,NA,NA,NA,0.5053,0.0036,178,0.4788,0.7239,0,0.8185,0,Bayes-M10-med
Luiza,Kasaï-Central,2,FALSE,0.0017,0.0013,0.0021,0.0017,0.071,219,0.0036,NA,NA,NA,NA,NA,NA,0.4218,0.003,200,0.4807,0.6293,0,0.5772,0,Bayes-M10-med
Kansele,Kasaï-Oriental,2,FALSE,0.0017,0.0013,0.0022,0.0017,0.0725,214,0.0037,NA,NA,NA,NA,NA,NA,0.2437,0.0018,272,0.0541,0.5965,0,0.3243,0,Bayes-M10-med
Miabi,Kasaï-Oriental,2,FALSE,0.0017,0.0013,0.0022,0.0017,0.0737,213,0.0037,NA,NA,NA,NA,NA,NA,0.2838,0.0021,252,0.2297,0.6525,0,0.2529,0,Bayes-M10-med
Mpokolo,Kasaï-Oriental,2,FALSE,0.0017,0.0013,0.0021,0.0017,0.072,216,0.0036,NA,NA,NA,NA,NA,NA,0.2901,0.0021,253,0.1255,0.6873,0,0.3475,0,Bayes-M10-med
Tshishimbi,Kasaï-Oriental,2,FALSE,0.0017,0.0013,0.0022,0.0017,0.0721,215,0.0036,NA,NA,NA,NA,NA,NA,0.1742,0.0013,321,0.1795,0.2471,0,0.2703,0,Bayes-M10-med
Kalambayi Kabanga,Lomami,2,FALSE,0.0017,0.0013,0.0021,0.0017,0.0715,217,0.0036,NA,NA,NA,NA,NA,NA,0.3132,0.0023,240,0.4556,0.1602,0,0.6371,0,Bayes-M10-med
Alunguli,Maniema,2,FALSE,0.0017,0.0013,0.0021,0.0017,0.0702,221,0.0035,NA,NA,NA,NA,NA,NA,0.3132,0.0022,243,0.1737,0.195,0,0.8842,0,Bayes-M10-med
Vanga Kete,Sankuru,2,FALSE,0.0017,0.0013,0.0021,0.0017,0.0701,222,0.0035,NA,NA,NA,NA,NA,NA,0.4503,0.0032,192,0.4672,0.4112,0,0.9228,0,Bayes-M10-med
Lowa,Tshopo,2,FALSE,0.0017,0.0014,0.0022,0.0018,0.0739,212,0.0037,NA,NA,NA,NA,NA,NA,0.4073,0.003,198,0.8938,0.0598,0,0.6757,0,Bayes-M10-med
Bena Leka,Kasaï-Central,2,FALSE,0.0016,0.0013,0.0021,0.0016,0.0695,224,0.0035,NA,NA,NA,NA,NA,NA,0.4986,0.0035,181,0.6062,0.7162,0,0.6718,0,Bayes-M10-med
Masuika,Kasaï-Central,2,FALSE,0.0016,0.0013,0.0021,0.0016,0.0689,225,0.0035,NA,NA,NA,NA,NA,NA,0.3885,0.0027,214,0.3263,0.5618,0,0.666,0,Bayes-M10-med
Tshumbe,Sankuru,2,FALSE,0.0016,0.0012,0.002,0.0016,0.0676,226,0.0034,NA,NA,NA,NA,NA,NA,0.3907,0.0027,218,0.5444,0.1718,0,0.8465,0,Bayes-M10-med
Kiambi,Tanganyika,2,FALSE,0.0016,0.0013,0.0021,0.0016,0.0696,223,0.0035,NA,NA,NA,NA,NA,NA,0.5709,0.004,165,0.9807,0.6834,0,0.6197,0,Bayes-M10-med
Bukama,Haut-Lomami,2,FALSE,0.0015,0.0012,0.002,0.0015,0.0654,228,0.0033,NA,NA,NA,NA,NA,NA,0.4764,0.0031,194,0.7143,0.7625,0,0.4286,0,Bayes-M10-med
Mulongo,Haut-Lomami,2,FALSE,0.0015,0.0012,0.002,0.0015,0.0654,227,0.0033,NA,NA,NA,NA,NA,NA,0.4773,0.0031,193,0.7471,0.7703,0,0.3919,0,Bayes-M10-med
Lusanga,Kwilu,2,FALSE,0.0015,0.0012,0.0019,0.0015,0.0646,229,0.0033,NA,NA,NA,NA,NA,NA,0.4242,0.0028,208,0.4382,0.7297,0,0.529,0,Bayes-M10-med
Fungurume,Lualaba,2,FALSE,0.0015,0.0012,0.0019,0.0015,0.0637,231,0.0032,NA,NA,NA,NA,NA,NA,0.1564,0.001,350,0.2664,0.1622,0,0.1969,0,Bayes-M10-med
Omendjadi,Sankuru,2,FALSE,0.0015,0.0012,0.0019,0.0015,0.0643,230,0.0032,NA,NA,NA,NA,NA,NA,0.4262,0.0028,207,0.5502,0.2317,0,0.9228,0,Bayes-M10-med
Dikungu,Sankuru,2,FALSE,0.0015,0.0012,0.0019,0.0015,0.0635,232,0.0032,NA,NA,NA,NA,NA,NA,0.3779,0.0024,231,0.4865,0.1409,0,0.8842,0,Bayes-M10-med
Minga,Sankuru,2,FALSE,0.0015,0.0012,0.0019,0.0015,0.0634,233,0.0032,NA,NA,NA,NA,NA,NA,0.5347,0.0034,184,0.7838,0.471,0,0.8842,0,Bayes-M10-med
Bokungu,Tshuapa,2,FALSE,0.0015,0.0012,0.0019,0.0015,0.063,234,0.0032,NA,NA,NA,NA,NA,NA,0.49370000000000003,0.0031,195,0.695,0.3571,0,0.9228,0,Bayes-M10-med
Yalifafu,Tshuapa,2,FALSE,0.0015,0.0011,0.0019,0.0015,0.0628,235,0.0032,NA,NA,NA,NA,NA,NA,0.4797,0.003,197,0.7664,0.2683,0,0.8842,0,Bayes-M10-med
Ankoro,Tanganyika,2,FALSE,0.0015,0.0011,0.0018,0.0015,0.0619,236,0.0031,NA,NA,NA,NA,NA,NA,0.6047,0.0038,174,0.9266,0.8282,0,0.6641,0,Bayes-M10-med
Bili (Bas-Uele),Bas-Uele,2,FALSE,0.0014,0.0011,0.0018,0.0014,0.0596,241,0.003,NA,NA,NA,NA,NA,NA,0.6926,0.0042,160,0.9981,0.7992,0,0.973,0,Bayes-M10-med
Kalonda Ouest,Kasaï,2,FALSE,0.0014,0.0011,0.0017,0.0014,0.0577,247,0.0029,NA,NA,NA,NA,NA,NA,0.2239,0.0013,315,0.2915,0.251,0,0.3533,0,Bayes-M10-med
Dibaya,Kasaï-Central,2,FALSE,0.0014,0.0011,0.0018,0.0014,0.0602,239,0.003,NA,NA,NA,NA,NA,NA,0.3325,0.002,257,0.3147,0.4479,0,0.5676,0,Bayes-M10-med
Tshikaji,Kasaï-Central,2,FALSE,0.0014,0.0011,0.0018,0.0014,0.0606,238,0.0031,NA,NA,NA,NA,NA,NA,0.3195,0.0019,263,0.1873,0.5849,0,0.5058,0,Bayes-M10-med
Mukumbi,Kasaï-Oriental,2,FALSE,0.0014,0.0011,0.0018,0.0014,0.0606,237,0.0031,NA,NA,NA,NA,NA,NA,0.2249,0.0014,306,0.2413,0.1892,0,0.4691,0,Bayes-M10-med
Vanga,Kwilu,2,FALSE,0.0014,0.0011,0.0017,0.0014,0.0581,245,0.0029,NA,NA,NA,NA,NA,NA,0.5034,0.0029,202,0.3726,0.8205,0,0.8205,0,Bayes-M10-med
Bulungu,Kwilu,2,FALSE,0.0014,0.0011,0.0018,0.0014,0.059,242,0.003,NA,NA,NA,NA,NA,NA,0.4508,0.0027,216,0.3571,0.6795,0,0.7664,0,Bayes-M10-med
Mukedi,Kwilu,2,FALSE,0.0014,0.0011,0.0017,0.0014,0.0585,243,0.003,NA,NA,NA,NA,NA,NA,0.4836,0.0028,204,0.5367,0.7066,0,0.6911,0,Bayes-M10-med
Dilala,Lualaba,2,FALSE,0.0014,0.0011,0.0017,0.0014,0.0578,246,0.0029,NA,NA,NA,NA,NA,NA,0.1347,8e-4,380,0.1506,0.2548,0,0.1332,0,Bayes-M10-med
Karawa,Nord-Ubangi,2,FALSE,0.0014,0.0011,0.0018,0.0014,0.06,240,0.003,NA,NA,NA,NA,NA,NA,0.6404,0.0039,167,0.7568,0.973,0,0.832,0,Bayes-M10-med
Ototo,Sankuru,2,FALSE,0.0014,0.0011,0.0017,0.0014,0.0585,244,0.0029,NA,NA,NA,NA,NA,NA,0.4561,0.0027,215,0.5386,0.3629,0,0.9228,0,Bayes-M10-med
Kabondo Dianda,Haut-Lomami,2,FALSE,0.0013,0.001,0.0016,0.0013,0.0532,259,0.0027,NA,NA,NA,NA,NA,NA,0.4107,0.0022,245,0.5888,0.5714,0,0.4826,0,Bayes-M10-med
Mukanga,Haut-Lomami,2,FALSE,0.0013,0.001,0.0016,0.0013,0.0534,258,0.0027,NA,NA,NA,NA,NA,NA,0.4739,0.0025,225,0.6853,0.6911,0,0.5193,0,Bayes-M10-med
Katende,Kasaï-Central,2,FALSE,0.0013,0.001,0.0016,0.0013,0.0542,254,0.0027,NA,NA,NA,NA,NA,NA,0.5154,0.0028,206,0.6525,0.6486,0,0.7606,0,Bayes-M10-med
Lukonga,Kasaï-Central,2,FALSE,0.0013,0.001,0.0016,0.0013,0.053,261,0.0027,NA,NA,NA,NA,NA,NA,0.3282,0.0017,276,0.2239,0.6429,0,0.4459,0,Bayes-M10-med
Ndekesha,Kasaï-Central,2,FALSE,0.0013,0.001,0.0017,0.0013,0.0558,250,0.0028,NA,NA,NA,NA,NA,NA,0.4059,0.0023,238,0.4768,0.4498,0,0.6969,0,Bayes-M10-med
Luambo,Kasaï-Central,2,FALSE,0.0013,0.001,0.0016,0.0013,0.0541,255,0.0027,NA,NA,NA,NA,NA,NA,0.3769,0.0021,255,0.5347,0.5656,0,0.4073,0,Bayes-M10-med
Kenge,Kwango,2,FALSE,0.0013,0.001,0.0016,0.0013,0.0549,252,0.0028,NA,NA,NA,NA,NA,NA,0.5574,0.0031,196,0.6139,0.8127,0,0.8031,0,Bayes-M10-med
Gungu,Kwilu,2,FALSE,0.0013,0.001,0.0016,0.0013,0.0544,253,0.0027,NA,NA,NA,NA,NA,NA,0.4237,0.0023,236,0.5058,0.6969,0,0.4923,0,Bayes-M10-med
Kikwit Nord,Kwilu,2,FALSE,0.0013,0.001,0.0016,0.0013,0.0538,256,0.0027,NA,NA,NA,NA,NA,NA,0.2915,0.0016,285,0.1236,0.5405,0,0.5019,0,Bayes-M10-med
Koshibanda,Kwilu,2,FALSE,0.0013,0.001,0.0016,0.0013,0.053,260,0.0027,NA,NA,NA,NA,NA,NA,0.4913,0.0026,222,0.5193,0.6757,0,0.7703,0,Bayes-M10-med
Kalonda Est,Lomami,2,FALSE,0.0013,0.001,0.0017,0.0013,0.0569,248,0.0029,NA,NA,NA,NA,NA,NA,0.3292,0.0019,267,0.5425,0.1506,0,0.6236,0,Bayes-M10-med
Pangi,Maniema,2,FALSE,0.0013,0.001,0.0017,0.0013,0.0568,249,0.0029,NA,NA,NA,NA,NA,NA,0.3316,0.0019,266,0.6081,0.056,0,0.6622,0,Bayes-M10-med
Bosondjo,Mongala,2,FALSE,0.0013,0.001,0.0017,0.0013,0.0557,251,0.0028,NA,NA,NA,NA,NA,NA,0.3489,0.002,260,0.5618,0.1931,0,0.6409,0,Bayes-M10-med
Wembo Nyama,Sankuru,2,FALSE,0.0013,0.001,0.0016,0.0013,0.0537,257,0.0027,NA,NA,NA,NA,NA,NA,0.4097,0.0022,242,0.5019,0.2143,0,0.9228,0,Bayes-M10-med
Kanzala,Kasaï,2,FALSE,0.0012,9e-4,0.0015,0.0012,0.0496,266,0.0025,NA,NA,NA,NA,NA,NA,0.2046,0.001,347,0.168,0.3127,0,0.3378,0,Bayes-M10-med
Makota,Lomami,2,FALSE,0.0012,9e-4,0.0015,0.0012,0.0503,265,0.0025,NA,NA,NA,NA,NA,NA,0.2587,0.0013,313,0.1023,0.3764,0,0.556,0,Bayes-M10-med
Tunda,Maniema,2,FALSE,0.0012,9e-4,0.0015,0.0012,0.0505,264,0.0025,NA,NA,NA,NA,NA,NA,0.459,0.0023,234,0.8977,0.0541,0,0.8842,0,Bayes-M10-med
Pimu,Mongala,2,FALSE,0.0012,9e-4,0.0015,0.0012,0.0515,263,0.0026,NA,NA,NA,NA,NA,NA,0.4257,0.0022,244,0.583,0.3707,0,0.749,0,Bayes-M10-med
Yakoma,Nord-Ubangi,2,FALSE,0.0012,9e-4,0.0015,0.0012,0.0488,267,0.0025,NA,NA,NA,NA,NA,NA,0.6641,0.0033,189,0.7124,0.9479,0,0.9961,0,Bayes-M10-med
Bwamanda,Sud-Ubangi,2,FALSE,0.0012,0.001,0.0016,0.0012,0.0526,262,0.0027,NA,NA,NA,NA,NA,NA,0.4667,0.0025,228,0.4189,0.7394,0,0.7085,0,Bayes-M10-med
Monga,Bas-Uele,2,FALSE,0.0011,8e-4,0.0013,0.0011,0.0447,275,0.0023,NA,NA,NA,NA,NA,NA,0.7336,0.0033,187,0.9826,0.9672,0,0.9846,0,Bayes-M10-med
Kampemba,Haut-Katanga,2,FALSE,0.0011,9e-4,0.0014,0.0011,0.0469,271,0.0024,NA,NA,NA,NA,NA,NA,0.0531,3e-4,451,0.0598,0.0367,0,0.1158,0,Bayes-M10-med
Kilwa,Haut-Katanga,2,FALSE,0.0011,8e-4,0.0013,0.0011,0.0444,277,0.0022,NA,NA,NA,NA,NA,NA,0.3764,0.0017,278,0.749,0.39,0,0.3668,0,Bayes-M10-med
Ilebo,Kasaï,2,FALSE,0.0011,8e-4,0.0014,0.0011,0.046,274,0.0023,NA,NA,NA,NA,NA,NA,0.3142,0.0015,296,0.2162,0.6139,0,0.4266,0,Bayes-M10-med
Tshibala,Kasaï-Central,2,FALSE,0.0011,8e-4,0.0014,0.0011,0.046,273,0.0023,NA,NA,NA,NA,NA,NA,0.4218,0.002,262,0.4266,0.5772,0,0.6834,0,Bayes-M10-med
Yangala,Kasaï-Central,2,FALSE,0.0011,9e-4,0.0014,0.0011,0.0478,268,0.0024,NA,NA,NA,NA,NA,NA,0.348,0.0017,280,0.5927,0.2259,0,0.5734,0,Bayes-M10-med
Binga,Mongala,2,FALSE,0.0011,8e-4,0.0013,0.0011,0.0445,276,0.0022,NA,NA,NA,NA,NA,NA,0.3306,0.0015,292,0.4749,0.249,0,0.5985,0,Bayes-M10-med
Lomela,Sankuru,2,FALSE,0.0011,9e-4,0.0014,0.0011,0.0469,272,0.0024,NA,NA,NA,NA,NA,NA,0.4759,0.0022,241,0.8456,0.1351,0,0.9228,0,Bayes-M10-med
Tandala,Sud-Ubangi,2,FALSE,0.0011,9e-4,0.0014,0.0011,0.0474,269,0.0024,NA,NA,NA,NA,NA,NA,0.4078,0.0019,264,0.2741,0.527,0,0.8301,0,Bayes-M10-med
Mompono,Tshuapa,2,FALSE,0.0011,9e-4,0.0014,0.0011,0.0474,270,0.0024,NA,NA,NA,NA,NA,NA,0.5598,0.0027,217,0.8089,0.6042,0,0.8263,0,Bayes-M10-med
Kambove,Haut-Katanga,2,FALSE,0.001,7e-4,0.0012,0.001,0.0407,289,0.0021,NA,NA,NA,NA,NA,NA,0.306,0.0013,323,0.4247,0.6236,0,0.1757,0,Bayes-M10-med
Pweto,Haut-Katanga,2,FALSE,0.001,8e-4,0.0013,0.001,0.0432,280,0.0022,NA,NA,NA,NA,NA,NA,0.3518,0.0015,288,0.7992,0.2587,0,0.3494,0,Bayes-M10-med
Ruashi,Haut-Katanga,2,FALSE,0.001,8e-4,0.0013,0.001,0.0419,283,0.0021,NA,NA,NA,NA,NA,NA,0.0705,3e-4,444,0.0985,0.0637,0,0.1197,0,Bayes-M10-med
Sakania,Haut-Katanga,2,FALSE,0.001,8e-4,0.0013,0.001,0.0442,278,0.0022,NA,NA,NA,NA,NA,NA,0.2775,0.0012,328,0.7375,0.2355,0,0.1371,0,Bayes-M10-med
Katoka,Kasaï-Central,2,FALSE,0.001,7e-4,0.0012,0.001,0.0407,288,0.0021,NA,NA,NA,NA,NA,NA,0.2645,0.0011,344,0.1216,0.473,0,0.4633,0,Bayes-M10-med
Tshikula,Kasaï-Central,2,FALSE,0.001,8e-4,0.0012,0.001,0.0416,284,0.0021,NA,NA,NA,NA,NA,NA,0.3296,0.0014,304,0.3919,0.3185,0,0.6081,0,Bayes-M10-med
Ipamu,Kwilu,2,FALSE,0.001,8e-4,0.0013,0.001,0.0439,279,0.0022,NA,NA,NA,NA,NA,NA,0.5454,0.0024,232,0.4903,0.7683,0,0.9228,0,Bayes-M10-med
Kikwit Sud,Kwilu,2,FALSE,0.001,8e-4,0.0013,0.001,0.0424,282,0.0021,NA,NA,NA,NA,NA,NA,0.3282,0.0014,301,0.1313,0.7008,0,0.4807,0,Bayes-M10-med
Yasa Bonga,Kwilu,2,FALSE,0.001,8e-4,0.0012,0.001,0.0413,285,0.0021,NA,NA,NA,NA,NA,NA,0.4206,0.0017,275,0.3031,0.5328,0,0.8465,0,Bayes-M10-med
Gbadolite,Nord-Ubangi,2,FALSE,0.001,8e-4,0.0012,0.001,0.0412,286,0.0021,NA,NA,NA,NA,NA,NA,0.5183,0.0021,248,0.7915,0.9653,0,0.3166,0,Bayes-M10-med
Lusambo,Sankuru,2,FALSE,0.001,8e-4,0.0013,0.001,0.0429,281,0.0022,NA,NA,NA,NA,NA,NA,0.4833,0.0021,254,0.6815,0.2992,0,0.9527,0,Bayes-M10-med
Befale,Tshuapa,2,FALSE,0.001,8e-4,0.0012,0.001,0.0411,287,0.0021,NA,NA,NA,NA,NA,NA,0.5145,0.0021,249,0.8822,0.4903,0,0.6853,0,Bayes-M10-med
Basankusu,Equateur,2,FALSE,9e-4,7e-4,0.0012,9e-4,0.0392,293,0.002,NA,NA,NA,NA,NA,NA,0.6844,0.0027,213,0.9517,0.8629,0,0.9228,0,Bayes-M10-med
Bolomba,Equateur,2,FALSE,9e-4,7e-4,0.0011,9e-4,0.038,302,0.0019,NA,NA,NA,NA,NA,NA,0.6163,0.0024,233,0.9575,0.8533,0,0.6544,0,Bayes-M10-med
Kapolowe,Haut-Katanga,2,FALSE,9e-4,7e-4,0.0012,9e-4,0.0398,291,0.002,NA,NA,NA,NA,NA,NA,0.3026,0.0012,330,0.5579,0.444,0,0.2085,0,Bayes-M10-med
Kisanga,Haut-Katanga,2,FALSE,9e-4,7e-4,0.0011,9e-4,0.038,303,0.0019,NA,NA,NA,NA,NA,NA,0.1081,4e-4,429,0.1293,0.2008,0,0.1023,0,Bayes-M10-med
Kinkondja,Haut-Lomami,2,FALSE,9e-4,7e-4,0.0011,9e-4,0.0364,312,0.0018,NA,NA,NA,NA,NA,NA,0.4889,0.0018,271,0.7278,0.6274,0,0.6004,0,Bayes-M10-med
Kakenge,Kasaï,2,FALSE,9e-4,7e-4,0.0011,9e-4,0.0368,311,0.0019,NA,NA,NA,NA,NA,NA,0.4522,0.0017,279,0.5753,0.4788,0,0.7548,0,Bayes-M10-med
Ndjoko Mpunda,Kasaï,2,FALSE,9e-4,7e-4,0.0012,9e-4,0.0389,296,0.002,NA,NA,NA,NA,NA,NA,0.333,0.0013,314,0.3977,0.2915,0,0.6429,0,Bayes-M10-med
Kamonia,Kasaï,2,FALSE,9e-4,7e-4,0.0012,9e-4,0.0393,292,0.002,NA,NA,NA,NA,NA,NA,0.14,6e-4,414,0.3707,0.11,0,0.0792,0,Bayes-M10-med
Muetshi,Kasaï-Central,2,FALSE,9e-4,7e-4,0.0012,9e-4,0.0385,300,0.0019,NA,NA,NA,NA,NA,NA,0.4792,0.0019,269,0.6158,0.5386,0,0.7625,0,Bayes-M10-med
Matadi,Kongo-Central,2,FALSE,9e-4,7e-4,0.0012,9e-4,0.0387,298,0.002,NA,NA,NA,NA,NA,NA,0.2939,0.0011,336,0.1564,0.944,0,0.0753,0,Bayes-M10-med
Djuma,Kwilu,2,FALSE,9e-4,7e-4,0.0011,9e-4,0.0384,301,0.0019,NA,NA,NA,NA,NA,NA,0.5256,0.002,256,0.4826,0.7355,0,0.8842,0,Bayes-M10-med
Masi Manimba,Kwilu,2,FALSE,9e-4,7e-4,0.0011,9e-4,0.0373,309,0.0019,NA,NA,NA,NA,NA,NA,0.4281,0.0016,282,0.332,0.4961,0,0.8842,0,Bayes-M10-med
Kasaji,Lualaba,2,FALSE,9e-4,7e-4,0.0012,9e-4,0.039,295,0.002,NA,NA,NA,NA,NA,NA,0.4648,0.0018,270,0.8552,0.4923,0,0.5116,0,Bayes-M10-med
Lualaba,Lualaba,2,FALSE,9e-4,7e-4,0.0012,9e-4,0.0399,290,0.002,NA,NA,NA,NA,NA,NA,0.1404,6e-4,412,0.3552,0.0347,0,0.1718,0,Bayes-M10-med
Boso Manzi,Mongala,2,FALSE,9e-4,7e-4,0.0011,9e-4,0.0371,310,0.0019,NA,NA,NA,NA,NA,NA,0.3982,0.0015,291,0.5695,0.2278,0,0.7954,0,Bayes-M10-med
Abuzi,Nord-Ubangi,2,FALSE,9e-4,7e-4,0.0011,9e-4,0.0378,306,0.0019,NA,NA,NA,NA,NA,NA,0.7153,0.0027,210,0.9846,0.9054,0,0.971,0,Bayes-M10-med
Bosobolo,Nord-Ubangi,2,FALSE,9e-4,7e-4,0.0011,9e-4,0.0379,305,0.0019,NA,NA,NA,NA,NA,NA,0.7148,0.0027,209,0.9363,0.9459,0,0.9768,0,Bayes-M10-med
Mobayi Mbongo,Nord-Ubangi,2,FALSE,9e-4,7e-4,0.0012,9e-4,0.0386,299,0.0019,NA,NA,NA,NA,NA,NA,0.5458,0.0021,250,0.9324,0.8166,0,0.4344,0,Bayes-M10-med
Wapinda,Nord-Ubangi,2,FALSE,9e-4,7e-4,0.0012,9e-4,0.0388,297,0.002,NA,NA,NA,NA,NA,NA,0.6791,0.0026,220,0.9015,0.8398,0,0.9749,0,Bayes-M10-med
Bena Dibele,Sankuru,2,FALSE,9e-4,7e-4,0.0011,9e-4,0.0378,307,0.0019,NA,NA,NA,NA,NA,NA,0.4093,0.0016,287,0.6216,0.1564,0,0.8591,0,Bayes-M10-med
Djalo Ndjeka,Sankuru,2,FALSE,9e-4,7e-4,0.0011,9e-4,0.0376,308,0.0019,NA,NA,NA,NA,NA,NA,0.3378,0.0013,319,0.3591,0.0695,0,0.9228,0,Bayes-M10-med
Kole,Sankuru,2,FALSE,9e-4,7e-4,0.0011,9e-4,0.0362,313,0.0018,NA,NA,NA,NA,NA,NA,0.4802,0.0018,274,0.7761,0.2606,0,0.8842,0,Bayes-M10-med
Bogosenubea,Sud-Ubangi,2,FALSE,9e-4,7e-4,0.0011,9e-4,0.0379,304,0.0019,NA,NA,NA,NA,NA,NA,0.4107,0.0016,286,0.4981,0.3031,0,0.8417,0,Bayes-M10-med
Libenge,Sud-Ubangi,2,FALSE,9e-4,7e-4,0.0012,9e-4,0.0391,294,0.002,NA,NA,NA,NA,NA,NA,0.3818,0.0015,290,0.6293,0.3591,0,0.5386,0,Bayes-M10-med
Bilomba,Kasaï-Central,2,FALSE,8e-4,6e-4,0.001,8e-4,0.0347,315,0.0018,NA,NA,NA,NA,NA,NA,0.4006,0.0014,302,0.3378,0.4421,0,0.8224,0,Bayes-M10-med
Lubunga (Kasaï-Central),Kasaï-Central,2,FALSE,8e-4,6e-4,0.001,8e-4,0.0345,317,0.0017,NA,NA,NA,NA,NA,NA,0.4599,0.0016,283,0.5637,0.4653,0,0.8108,0,Bayes-M10-med
Muanda,Kongo-Central,2,FALSE,8e-4,6e-4,0.001,8e-4,0.0335,319,0.0017,NA,NA,NA,NA,NA,NA,0.4093,0.0014,303,0.6371,1,0,0,0,Bayes-M10-med
Kisantu,Kongo-Central,2,FALSE,8e-4,6e-4,0.001,8e-4,0.034,318,0.0017,NA,NA,NA,NA,NA,NA,0.418,0.0014,299,0.5039,0.9903,0,0.1776,0,Bayes-M10-med
Mokala,Kwilu,2,FALSE,8e-4,6e-4,0.001,8e-4,0.0329,323,0.0017,NA,NA,NA,NA,NA,NA,0.5118,0.0017,277,0.4228,0.6718,0,0.9527,0,Bayes-M10-med
Kamiji,Lomami,2,FALSE,8e-4,6e-4,0.001,8e-4,0.033,322,0.0017,NA,NA,NA,NA,NA,NA,0.2635,9e-4,373,0.3398,0.1293,0,0.5849,0,Bayes-M10-med
Wikong,Lomami,2,FALSE,8e-4,6e-4,0.001,8e-4,0.035,314,0.0018,NA,NA,NA,NA,NA,NA,0.3663,0.0013,317,0.2529,0.4228,0,0.7896,0,Bayes-M10-med
Kapanga,Lualaba,2,FALSE,8e-4,6e-4,0.001,8e-4,0.0331,321,0.0017,NA,NA,NA,NA,NA,NA,0.4112,0.0014,307,0.8514,0.3938,0,0.3996,0,Bayes-M10-med
Bili (Nord-Ubangi),Nord-Ubangi,2,FALSE,8e-4,6e-4,0.001,8e-4,0.0346,316,0.0017,NA,NA,NA,NA,NA,NA,0.7075,0.0025,229,0.9247,0.9189,0,0.9865,0,Bayes-M10-med
Loko,Nord-Ubangi,2,FALSE,8e-4,6e-4,0.001,8e-4,0.032,324,0.0016,NA,NA,NA,NA,NA,NA,0.6535,0.0021,251,0.9402,0.9266,0,0.7471,0,Bayes-M10-med
Ndage,Sud-Ubangi,2,FALSE,8e-4,6e-4,0.001,8e-4,0.0333,320,0.0017,NA,NA,NA,NA,NA,NA,0.3533,0.0012,331,0.3996,0.2761,0,0.7375,0,Bayes-M10-med
Likasi,Haut-Katanga,2,FALSE,7e-4,6e-4,9e-4,7e-4,0.0315,325,0.0016,NA,NA,NA,NA,NA,NA,0.1728,5e-4,416,0.112,0.4208,0,0.1583,0,Bayes-M10-med
Mufunga Sampwe,Haut-Katanga,2,FALSE,7e-4,5e-4,9e-4,7e-4,0.03,332,0.0015,NA,NA,NA,NA,NA,NA,0.3774,0.0011,337,0.8185,0.0888,0,0.6023,0,Bayes-M10-med
Kasenga,Haut-Katanga,2,FALSE,7e-4,5e-4,8e-4,7e-4,0.0275,344,0.0014,NA,NA,NA,NA,NA,NA,0.3953,0.0011,342,0.8166,0.6255,0,0.139,0,Bayes-M10-med
Lwamba,Haut-Lomami,2,FALSE,7e-4,5e-4,9e-4,7e-4,0.0299,333,0.0015,NA,NA,NA,NA,NA,NA,0.4865,0.0015,295,0.8069,0.6409,0,0.4981,0,Bayes-M10-med
Songa,Haut-Lomami,2,FALSE,7e-4,5e-4,9e-4,7e-4,0.0296,335,0.0015,NA,NA,NA,NA,NA,NA,0.473,0.0014,300,0.9344,0.3533,0,0.6042,0,Bayes-M10-med
Mikope,Kasaï,2,FALSE,7e-4,6e-4,9e-4,7e-4,0.0313,327,0.0016,NA,NA,NA,NA,NA,NA,0.3996,0.0013,322,0.6776,0.2703,0,0.6506,0,Bayes-M10-med
Kitangwa,Kasaï,2,FALSE,7e-4,5e-4,8e-4,7e-4,0.028,341,0.0014,NA,NA,NA,NA,NA,NA,0.3287,9e-4,363,0.6332,0.1062,0,0.5753,0,Bayes-M10-med
Lubondaie,Kasaï-Central,2,FALSE,7e-4,6e-4,9e-4,7e-4,0.0313,326,0.0016,NA,NA,NA,NA,NA,NA,0.3147,0.001,351,0.3822,0.1583,0,0.7181,0,Bayes-M10-med
Kimpese,Kongo-Central,2,FALSE,7e-4,5e-4,8e-4,7e-4,0.0275,345,0.0014,NA,NA,NA,NA,NA,NA,0.4947,0.0014,308,0.7896,0.9768,0,0.2124,0,Bayes-M10-med
Bagata,Kwilu,2,FALSE,7e-4,5e-4,8e-4,7e-4,0.0284,339,0.0014,NA,NA,NA,NA,NA,NA,0.5135,0.0015,294,0.6795,0.695,0,0.6795,0,Bayes-M10-med
Bandundu,Kwilu,2,FALSE,7e-4,5e-4,9e-4,7e-4,0.0288,336,0.0015,NA,NA,NA,NA,NA,NA,0.3364,0.001,353,0.3436,0.751,0,0.251,0,Bayes-M10-med
Mosango,Kwilu,2,FALSE,7e-4,5e-4,8e-4,7e-4,0.0276,343,0.0014,NA,NA,NA,NA,NA,NA,0.515,0.0014,298,0.5463,0.7375,0,0.7761,0,Bayes-M10-med
Pay Kongila,Kwilu,2,FALSE,7e-4,5e-4,9e-4,7e-4,0.0287,337,0.0014,NA,NA,NA,NA,NA,NA,0.4488,0.0013,316,0.5135,0.6467,0,0.6351,0,Bayes-M10-med
Kanzenze,Lualaba,2,FALSE,7e-4,5e-4,8e-4,7e-4,0.0281,340,0.0014,NA,NA,NA,NA,NA,NA,0.2389,7e-4,399,0.6255,0.1429,0,0.1873,0,Bayes-M10-med
Businga,Nord-Ubangi,2,FALSE,7e-4,5e-4,9e-4,7e-4,0.0286,338,0.0014,NA,NA,NA,NA,NA,NA,0.6781,0.002,261,0.9286,0.861,0,0.9228,0,Bayes-M10-med
Wasolo,Nord-Ubangi,2,FALSE,7e-4,6e-4,9e-4,7e-4,0.0307,330,0.0015,NA,NA,NA,NA,NA,NA,0.5709,0.0018,273,0.5541,0.7413,0,0.9884,0,Bayes-M10-med
Pania Mutombo,Sankuru,2,FALSE,7e-4,5e-4,9e-4,7e-4,0.0297,334,0.0015,NA,NA,NA,NA,NA,NA,0.4117,0.0012,329,0.7413,0.1236,0,0.7819,0,Bayes-M10-med
Boto,Sud-Ubangi,2,FALSE,7e-4,5e-4,8e-4,7e-4,0.0278,342,0.0014,NA,NA,NA,NA,NA,NA,0.3596,0.001,349,0.3282,0.5174,0,0.5927,0,Bayes-M10-med
Budjala,Sud-Ubangi,2,FALSE,7e-4,6e-4,9e-4,7e-4,0.0312,328,0.0016,NA,NA,NA,NA,NA,NA,0.43,0.0014,311,0.5154,0.4035,0,0.8012,0,Bayes-M10-med
Bulu,Sud-Ubangi,2,FALSE,7e-4,6e-4,9e-4,7e-4,0.0304,331,0.0015,NA,NA,NA,NA,NA,NA,0.3147,0.001,356,0.3649,0.1988,0,0.695,0,Bayes-M10-med
Kungu,Sud-Ubangi,2,FALSE,7e-4,6e-4,9e-4,7e-4,0.0309,329,0.0016,NA,NA,NA,NA,NA,NA,0.3711,0.0012,334,0.3745,0.3359,0,0.7741,0,Bayes-M10-med
Ingende,Equateur,2,FALSE,6e-4,5e-4,8e-4,6e-4,0.0263,356,0.0013,NA,NA,NA,NA,NA,NA,0.596,0.0016,284,0.9208,0.8571,0,0.6062,0,Bayes-M10-med
Kayamba,Haut-Lomami,2,FALSE,6e-4,5e-4,8e-4,6e-4,0.0273,348,0.0014,NA,NA,NA,NA,NA,NA,0.4276,0.0012,332,0.7027,0.4189,0,0.5888,0,Bayes-M10-med
Dekese,Kasaï,2,FALSE,6e-4,5e-4,8e-4,6e-4,0.0266,354,0.0013,NA,NA,NA,NA,NA,NA,0.4633,0.0012,327,0.9189,0.2181,0,0.7162,0,Bayes-M10-med
Mushenge,Kasaï,2,FALSE,6e-4,5e-4,8e-4,6e-4,0.0271,351,0.0014,NA,NA,NA,NA,NA,NA,0.3229,9e-4,371,0.5946,0.0656,0,0.6313,0,Bayes-M10-med
Mutena,Kasaï,2,FALSE,6e-4,5e-4,8e-4,6e-4,0.0259,359,0.0013,NA,NA,NA,NA,NA,NA,0.2336,6e-4,405,0.334,0.0753,0,0.5251,0,Bayes-M10-med
Bunkonde,Kasaï-Central,2,FALSE,6e-4,5e-4,8e-4,6e-4,0.0269,352,0.0014,NA,NA,NA,NA,NA,NA,0.3523,0.001,357,0.4015,0.278,0,0.7297,0,Bayes-M10-med
Mutoto,Kasaï-Central,2,FALSE,6e-4,5e-4,8e-4,6e-4,0.0266,353,0.0013,NA,NA,NA,NA,NA,NA,0.3441,9e-4,364,0.4575,0.361,0,0.5579,0,Bayes-M10-med
Ndesha,Kasaï-Central,2,FALSE,6e-4,5e-4,8e-4,6e-4,0.0259,360,0.0013,NA,NA,NA,NA,NA,NA,0.2317,6e-4,406,0.1448,0.3456,0,0.4363,0,Bayes-M10-med
Boma,Kongo-Central,2,FALSE,6e-4,5e-4,8e-4,6e-4,0.0258,361,0.0013,NA,NA,NA,NA,NA,NA,0.2901,8e-4,385,0.1467,0.9247,0,0.0888,0,Bayes-M10-med
Lukula,Kongo-Central,2,FALSE,6e-4,5e-4,8e-4,6e-4,0.0274,347,0.0014,NA,NA,NA,NA,NA,NA,0.3933,0.0011,343,0.529,0.8745,0,0.1699,0,Bayes-M10-med
Boko Kivulu,Kongo-Central,2,FALSE,6e-4,5e-4,8e-4,6e-4,0.0255,365,0.0013,NA,NA,NA,NA,NA,NA,0.4281,0.0011,341,0.5792,0.9324,0,0.2008,0,Bayes-M10-med
Mbanza Ngungu,Kongo-Central,2,FALSE,6e-4,5e-4,7e-4,6e-4,0.0247,368,0.0012,NA,NA,NA,NA,NA,NA,0.3711,9e-4,365,0.3205,0.9749,0,0.1892,0,Bayes-M10-med
Kahemba,Kwango,2,FALSE,6e-4,4e-4,7e-4,6e-4,0.0235,371,0.0012,NA,NA,NA,NA,NA,NA,0.5367,0.0013,320,0.8958,0.7278,0,0.5232,0,Bayes-M10-med
Panzi,Kwango,2,FALSE,6e-4,4e-4,7e-4,6e-4,0.0235,370,0.0012,NA,NA,NA,NA,NA,NA,0.5236,0.0012,326,0.7548,0.583,0,0.7568,0,Bayes-M10-med
Boko,Kwango,2,FALSE,6e-4,5e-4,8e-4,6e-4,0.0264,355,0.0013,NA,NA,NA,NA,NA,NA,0.5121,0.0014,309,0.7336,0.61,0,0.7046,0,Bayes-M10-med
Feshi,Kwango,2,FALSE,6e-4,5e-4,8e-4,6e-4,0.0263,357,0.0013,NA,NA,NA,NA,NA,NA,0.5082,0.0013,312,0.7317,0.5425,0,0.7587,0,Bayes-M10-med
Kikongo,Kwilu,2,FALSE,6e-4,5e-4,8e-4,6e-4,0.0255,364,0.0013,NA,NA,NA,NA,NA,NA,0.5024,0.0013,318,0.6969,0.6023,0,0.7104,0,Bayes-M10-med
Kimputu,Kwilu,2,FALSE,6e-4,5e-4,8e-4,6e-4,0.0272,350,0.0014,NA,NA,NA,NA,NA,NA,0.5039,0.0014,305,0.4923,0.639,0,0.8842,0,Bayes-M10-med
Mungindu,Kwilu,2,FALSE,6e-4,5e-4,7e-4,6e-4,0.0247,367,0.0012,NA,NA,NA,NA,NA,NA,0.3818,0.001,358,0.4691,0.5367,0,0.5212,0,Bayes-M10-med
Dilolo,Lualaba,2,FALSE,6e-4,5e-4,8e-4,6e-4,0.0255,366,0.0013,NA,NA,NA,NA,NA,NA,0.3663,9e-4,360,0.8398,0.6197,0,0.0058,0,Bayes-M10-med
Kalamba,Lualaba,2,FALSE,6e-4,5e-4,8e-4,6e-4,0.0256,363,0.0013,NA,NA,NA,NA,NA,NA,0.4542,0.0012,333,0.8803,0.2375,0,0.6988,0,Bayes-M10-med
Sandoa,Lualaba,2,FALSE,6e-4,5e-4,8e-4,6e-4,0.0274,346,0.0014,NA,NA,NA,NA,NA,NA,0.5536,0.0015,289,0.9421,0.6815,0,0.5907,0,Bayes-M10-med
Bongandanga,Mongala,2,FALSE,6e-4,4e-4,7e-4,6e-4,0.0238,369,0.0012,NA,NA,NA,NA,NA,NA,0.4228,0.001,348,0.7587,0.0097,0,0.9228,0,Bayes-M10-med
Boso Mondanda,Mongala,2,FALSE,6e-4,5e-4,8e-4,6e-4,0.0257,362,0.0013,NA,NA,NA,NA,NA,NA,0.3716,0.001,355,0.5869,0.1486,0,0.751,0,Bayes-M10-med
Bokonzi,Sud-Ubangi,2,FALSE,6e-4,5e-4,8e-4,6e-4,0.0273,349,0.0014,NA,NA,NA,NA,NA,NA,0.236,6e-4,401,0.4305,0.083,0,0.4305,0,Bayes-M10-med
Monkoto,Tshuapa,2,FALSE,6e-4,5e-4,8e-4,6e-4,0.0261,358,0.0013,NA,NA,NA,NA,NA,NA,0.5598,0.0015,293,0.9498,0.4054,0,0.8842,0,Bayes-M10-med
Kikula,Haut-Katanga,2,FALSE,5e-4,4e-4,6e-4,5e-4,0.0206,383,0.001,NA,NA,NA,NA,NA,NA,0.0951,2e-4,456,0.1062,0.1139,0,0.1602,0,Bayes-M10-med
Mitwaba,Haut-Katanga,2,FALSE,5e-4,4e-4,7e-4,5e-4,0.022,374,0.0011,NA,NA,NA,NA,NA,NA,0.3528,8e-4,382,0.8012,0.0618,0,0.5483,0,Bayes-M10-med
Kafubu,Haut-Katanga,2,FALSE,5e-4,4e-4,6e-4,5e-4,0.0197,387,0.001,NA,NA,NA,NA,NA,NA,0.2104,4e-4,428,0.6042,0.0869,0,0.1506,0,Bayes-M10-med
Bulape,Kasaï,2,FALSE,5e-4,4e-4,6e-4,5e-4,0.0214,378,0.0011,NA,NA,NA,NA,NA,NA,0.4315,9e-4,361,0.7066,0.1853,0,0.834,0,Bayes-M10-med
Nyanga,Kasaï,2,FALSE,5e-4,4e-4,6e-4,5e-4,0.0213,379,0.0011,NA,NA,NA,NA,NA,NA,0.348,7e-4,389,0.4402,0.3803,0,0.5714,0,Bayes-M10-med
Bena Tshadi,Kasaï-Central,2,FALSE,5e-4,4e-4,6e-4,5e-4,0.0203,386,0.001,NA,NA,NA,NA,NA,NA,0.472,0.001,354,0.6699,0.3784,0,0.8398,0,Bayes-M10-med
Kalomba,Kasaï-Central,2,FALSE,5e-4,4e-4,6e-4,5e-4,0.0203,384,0.001,NA,NA,NA,NA,NA,NA,0.2944,6e-4,407,0.3166,0.1467,0,0.7143,0,Bayes-M10-med
Seke Banza,Kongo-Central,2,FALSE,5e-4,4e-4,6e-4,5e-4,0.0207,382,0.001,NA,NA,NA,NA,NA,NA,0.4513,9e-4,359,0.6351,0.9498,0,0.2201,0,Bayes-M10-med
Kwilu Ngongo,Kongo-Central,2,FALSE,5e-4,4e-4,7e-4,5e-4,0.0228,372,0.0011,NA,NA,NA,NA,NA,NA,0.3875,9e-4,368,0.4884,0.8668,0,0.195,0,Bayes-M10-med
Kimbao,Kwango,2,FALSE,5e-4,4e-4,6e-4,5e-4,0.0216,377,0.0011,NA,NA,NA,NA,NA,NA,0.5743,0.0013,324,0.7201,0.7181,0,0.8591,0,Bayes-M10-med
Popokabaka,Kwango,2,FALSE,5e-4,4e-4,6e-4,5e-4,0.0203,385,0.001,NA,NA,NA,NA,NA,NA,0.5507,0.0011,338,0.7703,0.7876,0,0.6448,0,Bayes-M10-med
Sia,Kwilu,2,FALSE,5e-4,4e-4,6e-4,5e-4,0.0193,389,0.001,NA,NA,NA,NA,NA,NA,0.3986,8e-4,384,0.4151,0.3822,0,0.7973,0,Bayes-M10-med
Kafakumba,Lualaba,2,FALSE,5e-4,4e-4,6e-4,5e-4,0.0196,388,0.001,NA,NA,NA,NA,NA,NA,0.4648,9e-4,367,0.8687,0.2027,0,0.7876,0,Bayes-M10-med
Inongo,Mai-Ndombe,2,FALSE,5e-4,4e-4,6e-4,5e-4,0.0216,376,0.0011,NA,NA,NA,NA,NA,NA,0.4952,0.0011,345,0.7645,0.2934,0,0.9228,0,Bayes-M10-med
Bangabola,Sud-Ubangi,2,FALSE,5e-4,4e-4,7e-4,5e-4,0.0222,373,0.0011,NA,NA,NA,NA,NA,NA,0.3904,9e-4,374,0.3533,0.3494,0,0.8591,0,Bayes-M10-med
Bominenge,Sud-Ubangi,2,FALSE,5e-4,4e-4,6e-4,5e-4,0.0208,381,0.001,NA,NA,NA,NA,NA,NA,0.3258,7e-4,397,0.2819,0.0985,0,0.9228,0,Bayes-M10-med
Mawuya,Sud-Ubangi,2,FALSE,5e-4,4e-4,6e-4,5e-4,0.0211,380,0.0011,NA,NA,NA,NA,NA,NA,0.2654,6e-4,413,0.444,0.2394,0,0.3784,0,Bayes-M10-med
Busanga,Tshuapa,2,FALSE,5e-4,4e-4,7e-4,5e-4,0.022,375,0.0011,NA,NA,NA,NA,NA,NA,0.4452,0.001,352,0.6602,0.168,0,0.9527,0,Bayes-M10-med
Bikoro,Equateur,2,FALSE,4e-4,3e-4,5e-4,4e-4,0.0178,397,9e-4,NA,NA,NA,NA,NA,NA,0.5951,0.0011,346,0.8127,0.8147,0,0.7529,0,Bayes-M10-med
Djombo,Equateur,2,FALSE,4e-4,3e-4,5e-4,4e-4,0.0169,403,9e-4,NA,NA,NA,NA,NA,NA,0.6554,0.0011,339,0.917,0.7819,0,0.9228,0,Bayes-M10-med
Lotumbe,Equateur,2,FALSE,4e-4,3e-4,5e-4,4e-4,0.0151,410,8e-4,NA,NA,NA,NA,NA,NA,0.5816,9e-4,369,0.9691,0.7085,0,0.6486,0,Bayes-M10-med
Makanza,Equateur,2,FALSE,4e-4,3e-4,5e-4,4e-4,0.0173,401,9e-4,NA,NA,NA,NA,NA,NA,0.639,0.0011,340,0.9537,0.7954,0,0.8069,0,Bayes-M10-med
Wangata,Equateur,2,FALSE,4e-4,3e-4,5e-4,4e-4,0.0179,396,9e-4,NA,NA,NA,NA,NA,NA,0.417,7e-4,388,0.2336,0.9865,0,0.4479,0,Bayes-M10-med
Panda,Haut-Katanga,2,FALSE,4e-4,3e-4,6e-4,4e-4,0.0186,392,9e-4,NA,NA,NA,NA,NA,NA,0.2027,4e-4,433,0.1622,0.4826,0,0.166,0,Bayes-M10-med
Kenya,Haut-Katanga,2,FALSE,4e-4,3e-4,5e-4,4e-4,0.0165,405,8e-4,NA,NA,NA,NA,NA,NA,0.0569,1e-4,461,0.11,0.0116,0,0.1062,0,Bayes-M10-med
Lukafu,Haut-Katanga,2,FALSE,4e-4,3e-4,6e-4,4e-4,0.0186,391,9e-4,NA,NA,NA,NA,NA,NA,0.4015,8e-4,386,0.888,0.3243,0,0.3938,0,Bayes-M10-med
Butumba,Haut-Lomami,2,FALSE,4e-4,3e-4,4e-4,4e-4,0.0149,413,8e-4,NA,NA,NA,NA,NA,NA,0.4595,7e-4,395,0.7973,0.4151,0,0.6255,0,Bayes-M10-med
Banga Lubaka,Kasaï,2,FALSE,4e-4,3e-4,5e-4,4e-4,0.0154,409,8e-4,NA,NA,NA,NA,NA,NA,0.3205,5e-4,420,0.5174,0.0444,0,0.7201,0,Bayes-M10-med
Kangu,Kongo-Central,2,FALSE,4e-4,3e-4,5e-4,4e-4,0.016,407,8e-4,NA,NA,NA,NA,NA,NA,0.3528,6e-4,410,0.3803,0.8822,0,0.1486,0,Bayes-M10-med
Nsona Mpangu,Kongo-Central,2,FALSE,4e-4,3e-4,5e-4,4e-4,0.0175,400,9e-4,NA,NA,NA,NA,NA,NA,0.4165,7e-4,391,0.722,0.7645,0,0.1795,0,Bayes-M10-med
Massa,Kongo-Central,2,FALSE,4e-4,3e-4,5e-4,4e-4,0.0184,394,9e-4,NA,NA,NA,NA,NA,NA,0.4223,8e-4,381,0.668,0.9208,0,0.1004,0,Bayes-M10-med
Ngidinga,Kongo-Central,2,FALSE,4e-4,3e-4,4e-4,4e-4,0.015,411,8e-4,NA,NA,NA,NA,NA,NA,0.4488,7e-4,398,0.6544,0.7432,0,0.3977,0,Bayes-M10-med
Kasongo Lunda,Kwango,2,FALSE,4e-4,3e-4,5e-4,4e-4,0.0155,408,8e-4,NA,NA,NA,NA,NA,NA,0.3441,5e-4,418,0.6274,0.5946,0,0.1544,0,Bayes-M10-med
Wamba Lwadi,Kwango,2,FALSE,4e-4,3e-4,5e-4,4e-4,0.0168,404,8e-4,NA,NA,NA,NA,NA,NA,0.5492,9e-4,362,0.6467,0.8185,0,0.7317,0,Bayes-M10-med
Kingandu,Kwilu,2,FALSE,4e-4,3e-4,6e-4,4e-4,0.0185,393,9e-4,NA,NA,NA,NA,NA,NA,0.4923,9e-4,366,0.7162,0.6583,0,0.5946,0,Bayes-M10-med
Moanza,Kwilu,2,FALSE,4e-4,3e-4,5e-4,4e-4,0.0161,406,8e-4,NA,NA,NA,NA,NA,NA,0.52,8e-4,376,0.5985,0.529,0,0.9527,0,Bayes-M10-med
Lubudi,Lualaba,2,FALSE,4e-4,3e-4,6e-4,4e-4,0.0188,390,9e-4,NA,NA,NA,NA,NA,NA,0.4667,9e-4,372,0.9151,0.4614,0,0.4903,0,Bayes-M10-med
Oshwe,Mai-Ndombe,2,FALSE,4e-4,3e-4,5e-4,4e-4,0.0173,402,9e-4,NA,NA,NA,NA,NA,NA,0.4855,8e-4,377,0.8764,0.3301,0,0.7355,0,Bayes-M10-med
Kwamouth,Mai-Ndombe,2,FALSE,4e-4,3e-4,4e-4,4e-4,0.0149,414,8e-4,NA,NA,NA,NA,NA,NA,0.43,6e-4,402,0.8707,0.417,0,0.4324,0,Bayes-M10-med
Nioki,Mai-Ndombe,2,FALSE,4e-4,3e-4,5e-4,4e-4,0.0175,399,9e-4,NA,NA,NA,NA,NA,NA,0.389,7e-4,396,0.61,0.3958,0,0.5502,0,Bayes-M10-med
Tshudi Loto,Sankuru,2,FALSE,4e-4,3e-4,5e-4,4e-4,0.0176,398,9e-4,NA,NA,NA,NA,NA,NA,0.4237,8e-4,387,0.7683,0.0039,0,0.9228,0,Bayes-M10-med
Zongo,Sud-Ubangi,2,FALSE,4e-4,3e-4,4e-4,4e-4,0.0149,412,8e-4,NA,NA,NA,NA,NA,NA,0.2418,4e-4,436,0.278,0.4131,0,0.2761,0,Bayes-M10-med
Wema,Tshuapa,2,FALSE,4e-4,3e-4,5e-4,4e-4,0.0181,395,9e-4,NA,NA,NA,NA,NA,NA,0.4469,8e-4,379,0.8494,0.1332,0,0.805,0,Bayes-M10-med
Iboko,Equateur,2,FALSE,3e-4,3e-4,4e-4,3e-4,0.0143,417,7e-4,NA,NA,NA,NA,NA,NA,0.612,9e-4,370,0.8282,0.7915,0,0.8282,0,Bayes-M10-med
Lukolela,Equateur,2,FALSE,3e-4,2e-4,4e-4,3e-4,0.0127,426,6e-4,NA,NA,NA,NA,NA,NA,0.5787,7e-4,390,0.944,0.9151,0,0.4556,0,Bayes-M10-med
Monieka,Equateur,2,FALSE,3e-4,2e-4,4e-4,3e-4,0.013,422,7e-4,NA,NA,NA,NA,NA,NA,0.596,8e-4,383,0.9768,0.7336,0,0.6737,0,Bayes-M10-med
Katuba,Haut-Katanga,2,FALSE,3e-4,2e-4,3e-4,3e-4,0.0109,434,6e-4,NA,NA,NA,NA,NA,NA,0.0463,1e-4,463,0.0502,0.0309,0,0.1042,0,Bayes-M10-med
Kinda,Haut-Lomami,2,FALSE,3e-4,2e-4,4e-4,3e-4,0.0123,429,6e-4,NA,NA,NA,NA,NA,NA,0.5077,6e-4,403,0.9884,0.4266,0,0.6158,0,Bayes-M10-med
Inga,Kongo-Central,2,FALSE,3e-4,3e-4,4e-4,3e-4,0.0141,420,7e-4,NA,NA,NA,NA,NA,NA,0.3847,5e-4,417,0.5212,0.8243,0,0.1931,0,Bayes-M10-med
Luozi,Kongo-Central,2,FALSE,3e-4,2e-4,4e-4,3e-4,0.0134,421,7e-4,NA,NA,NA,NA,NA,NA,0.5241,7e-4,393,0.7355,0.8861,0,0.4749,0,Bayes-M10-med
Nzanza,Kongo-Central,2,FALSE,3e-4,2e-4,3e-4,3e-4,0.0114,432,6e-4,NA,NA,NA,NA,NA,NA,0.2172,2e-4,452,0.0888,0.6892,0,0.0907,0,Bayes-M10-med
Gombe Matadi,Kongo-Central,2,FALSE,3e-4,3e-4,4e-4,3e-4,0.0142,418,7e-4,NA,NA,NA,NA,NA,NA,0.4151,6e-4,408,0.6911,0.7857,0,0.1834,0,Bayes-M10-med
Kimpangu,Kongo-Central,2,FALSE,3e-4,2e-4,3e-4,3e-4,0.0108,435,5e-4,NA,NA,NA,NA,NA,NA,0.4488,5e-4,422,0.7085,0.9344,0,0.1525,0,Bayes-M10-med
Kimvula,Kongo-Central,2,FALSE,3e-4,2e-4,4e-4,3e-4,0.0121,431,6e-4,NA,NA,NA,NA,NA,NA,0.569,7e-4,394,0.8629,0.8784,0,0.5347,0,Bayes-M10-med
Kajiji,Kwango,2,FALSE,3e-4,2e-4,3e-4,3e-4,0.0107,437,5e-4,NA,NA,NA,NA,NA,NA,0.3533,4e-4,432,0.7934,0.1544,0,0.4653,0,Bayes-M10-med
Kisanji,Kwango,2,FALSE,3e-4,3e-4,4e-4,3e-4,0.0147,415,7e-4,NA,NA,NA,NA,NA,NA,0.5574,8e-4,378,0.8417,0.6544,0,0.7336,0,Bayes-M10-med
Mwela Lembwa,Kwango,2,FALSE,3e-4,2e-4,3e-4,3e-4,0.0112,433,6e-4,NA,NA,NA,NA,NA,NA,0.4397,5e-4,419,0.6506,0.3224,0,0.7857,0,Bayes-M10-med
Banzow Moke,Mai-Ndombe,2,FALSE,3e-4,2e-4,4e-4,3e-4,0.0127,425,6e-4,NA,NA,NA,NA,NA,NA,0.5236,7e-4,400,0.6892,0.5212,0,0.8842,0,Bayes-M10-med
Kiri,Mai-Ndombe,2,FALSE,3e-4,2e-4,4e-4,3e-4,0.0126,427,6e-4,NA,NA,NA,NA,NA,NA,0.5685,7e-4,392,0.8745,0.4768,0,0.9228,0,Bayes-M10-med
Ntandembelo,Mai-Ndombe,2,FALSE,3e-4,2e-4,4e-4,3e-4,0.0122,430,6e-4,NA,NA,NA,NA,NA,NA,0.4595,6e-4,411,0.6023,0.4633,0,0.7722,0,Bayes-M10-med
Pendjwa,Mai-Ndombe,2,FALSE,3e-4,2e-4,3e-4,3e-4,0.0107,436,5e-4,NA,NA,NA,NA,NA,NA,0.4319,5e-4,423,0.7008,0.2124,0,0.8147,0,Bayes-M10-med
Yumbi,Mai-Ndombe,2,FALSE,3e-4,2e-4,4e-4,3e-4,0.0126,428,6e-4,NA,NA,NA,NA,NA,NA,0.2741,3e-4,439,0.4131,0.4015,0,0.2819,0,Bayes-M10-med
Bolobo,Mai-Ndombe,2,FALSE,3e-4,2e-4,4e-4,3e-4,0.013,424,7e-4,NA,NA,NA,NA,NA,NA,0.3388,4e-4,426,0.6313,0.4981,0,0.2259,0,Bayes-M10-med
Bosobe,Mai-Ndombe,2,FALSE,3e-4,2e-4,4e-4,3e-4,0.013,423,7e-4,NA,NA,NA,NA,NA,NA,0.4406,6e-4,409,0.4942,0.4093,0,0.8591,0,Bayes-M10-med
Mushie,Mai-Ndombe,2,FALSE,3e-4,3e-4,4e-4,3e-4,0.0145,416,7e-4,NA,NA,NA,NA,NA,NA,0.4291,6e-4,404,0.7394,0.3649,0,0.612,0,Bayes-M10-med
Mbaya,Sud-Ubangi,2,FALSE,3e-4,3e-4,4e-4,3e-4,0.0141,419,7e-4,NA,NA,NA,NA,NA,NA,0.3142,4e-4,425,0.3514,0.2239,0,0.6815,0,Bayes-M10-med
Bolenge,Equateur,2,FALSE,2e-4,1e-4,2e-4,2e-4,0.0065,456,3e-4,NA,NA,NA,NA,NA,NA,0.5391,4e-4,438,0.7954,0.8514,0,0.5097,0,Bayes-M10-med
Bomongo,Equateur,2,FALSE,2e-4,2e-4,3e-4,2e-4,0.0093,448,5e-4,NA,NA,NA,NA,NA,NA,0.5907,6e-4,415,0.9788,0.8475,0,0.5367,0,Bayes-M10-med
Kilela Balanda,Haut-Katanga,2,FALSE,2e-4,2e-4,3e-4,2e-4,0.0089,450,4e-4,NA,NA,NA,NA,NA,NA,0.3132,3e-4,448,0.9228,0.0927,0,0.2375,0,Bayes-M10-med
Kashobwe,Haut-Katanga,2,FALSE,2e-4,2e-4,3e-4,2e-4,0.0105,439,5e-4,NA,NA,NA,NA,NA,NA,0.3243,3e-4,440,0.805,0.3012,0,0.1911,0,Bayes-M10-med
Vangu,Haut-Katanga,2,FALSE,2e-4,1e-4,2e-4,2e-4,0.007,454,4e-4,NA,NA,NA,NA,NA,NA,0.1081,1e-4,462,0.1158,0.1699,0,0.1467,0,Bayes-M10-med
Baka,Haut-Lomami,2,FALSE,2e-4,2e-4,3e-4,2e-4,0.0105,438,5e-4,NA,NA,NA,NA,NA,NA,0.4319,5e-4,424,0.4344,0.8919,0,0.4015,0,Bayes-M10-med
Bobozo,Kasaï-Central,2,FALSE,2e-4,2e-4,3e-4,2e-4,0.0095,446,5e-4,NA,NA,NA,NA,NA,NA,0.2336,2e-4,454,0.1602,0.2857,0,0.4884,0,Bayes-M10-med
Boma Bungu,Kongo-Central,2,FALSE,2e-4,2e-4,3e-4,2e-4,0.0088,451,4e-4,NA,NA,NA,NA,NA,NA,0.3209,3e-4,447,0.5811,0.5676,0,0.1351,0,Bayes-M10-med
Kinkonzi,Kongo-Central,2,FALSE,2e-4,2e-4,3e-4,2e-4,0.009,449,5e-4,NA,NA,NA,NA,NA,NA,0.4252,4e-4,431,0.6236,0.8958,0,0.1815,0,Bayes-M10-med
Kizu,Kongo-Central,2,FALSE,2e-4,2e-4,3e-4,2e-4,0.0104,440,5e-4,NA,NA,NA,NA,NA,NA,0.3113,3e-4,443,0.2973,0.8707,0,0.0772,0,Bayes-M10-med
Kuimba,Kongo-Central,2,FALSE,2e-4,2e-4,3e-4,2e-4,0.0096,445,5e-4,NA,NA,NA,NA,NA,NA,0.3069,3e-4,445,0.3784,0.8456,0,0.0039,0,Bayes-M10-med
Tshela,Kongo-Central,2,FALSE,2e-4,2e-4,3e-4,2e-4,0.01,443,5e-4,NA,NA,NA,NA,NA,NA,0.3282,3e-4,442,0.417,0.888,0,0.0077,0,Bayes-M10-med
Vaku,Kongo-Central,2,FALSE,2e-4,1e-4,2e-4,2e-4,0.0068,455,3e-4,NA,NA,NA,NA,NA,NA,0.4194,3e-4,446,0.5676,0.9421,0,0.168,0,Bayes-M10-med
Mangembo,Kongo-Central,2,FALSE,2e-4,2e-4,3e-4,2e-4,0.01,442,5e-4,NA,NA,NA,NA,NA,NA,0.3726,4e-4,434,0.5598,0.6641,0,0.2664,0,Bayes-M10-med
Nselo,Kongo-Central,2,FALSE,2e-4,2e-4,3e-4,2e-4,0.0095,447,5e-4,NA,NA,NA,NA,NA,NA,0.374,4e-4,437,0.6564,0.5347,0,0.305,0,Bayes-M10-med
Sona Bata,Kongo-Central,2,FALSE,2e-4,1e-4,2e-4,2e-4,0.0079,453,4e-4,NA,NA,NA,NA,NA,NA,0.43,3e-4,441,0.7259,0.7896,0,0.2046,0,Bayes-M10-med
Tembo,Kwango,2,FALSE,2e-4,1e-4,2e-4,2e-4,0.008,452,4e-4,NA,NA,NA,NA,NA,NA,0.3205,3e-4,450,0.7876,0.3977,0,0.0965,0,Bayes-M10-med
Kitenda,Kwango,2,FALSE,2e-4,2e-4,3e-4,2e-4,0.0097,444,5e-4,NA,NA,NA,NA,NA,NA,0.376,4e-4,435,0.6641,0.4247,0,0.4151,0,Bayes-M10-med
Bunkeya,Lualaba,2,FALSE,2e-4,2e-4,3e-4,2e-4,0.0101,441,5e-4,NA,NA,NA,NA,NA,NA,0.4218,4e-4,427,0.8243,0.5019,0,0.361,0,Bayes-M10-med
Irebu,Equateur,2,FALSE,1e-4,0,1e-4,1e-4,0.0021,465,1e-4,NA,NA,NA,NA,NA,NA,0.5473,1e-4,459,0.9305,0.6776,0,0.5811,0,Bayes-M10-med
Lilanga Bobangi,Equateur,2,FALSE,1e-4,0,1e-4,1e-4,0.0026,463,1e-4,NA,NA,NA,NA,NA,NA,0.4117,1e-4,460,0.9382,0.2664,0,0.4421,0,Bayes-M10-med
Mampoko,Equateur,2,FALSE,1e-4,1e-4,1e-4,1e-4,0.0044,459,2e-4,NA,NA,NA,NA,NA,NA,0.5135,2e-4,453,0.8919,0.5058,0,0.6564,0,Bayes-M10-med
Ntondo,Equateur,2,FALSE,1e-4,1e-4,1e-4,1e-4,0.0044,460,2e-4,NA,NA,NA,NA,NA,NA,0.6125,3e-4,449,0.8996,0.7259,0,0.8243,0,Bayes-M10-med
Kamalondo,Haut-Katanga,2,FALSE,1e-4,0,1e-4,1e-4,0.0025,464,1e-4,NA,NA,NA,NA,NA,NA,0.0352,0,466,0.029,0.0019,0,0.11,0,Bayes-M10-med
Kowe,Haut-Katanga,2,FALSE,1e-4,1e-4,1e-4,1e-4,0.0027,462,1e-4,NA,NA,NA,NA,NA,NA,0.07,0,465,0.0714,0.0811,0,0.1274,0,Bayes-M10-med
Kibunzi,Kongo-Central,2,FALSE,1e-4,1e-4,2e-4,1e-4,0.0052,457,3e-4,NA,NA,NA,NA,NA,NA,0.4175,2e-4,455,0.7046,0.5251,0,0.4402,0,Bayes-M10-med
Mutshatsha,Lualaba,2,FALSE,1e-4,1e-4,2e-4,1e-4,0.005,458,3e-4,NA,NA,NA,NA,NA,NA,0.3808,2e-4,457,0.971,0.1023,0,0.4498,0,Bayes-M10-med
Mimia,Mai-Ndombe,2,FALSE,1e-4,1e-4,1e-4,1e-4,0.0036,461,2e-4,NA,NA,NA,NA,NA,NA,0.4841,2e-4,458,0.9614,0.0521,0,0.9228,0,Bayes-M10-med
Kitona,Kongo-Central,2,FALSE,0,0,0,0,0.0015,466,1e-4,NA,NA,NA,NA,NA,NA,0.293,0,464,0.5907,0.5792,0,0.0019,0,Bayes-M10-med
Bokoro,Mai-Ndombe,2,FALSE,0,0,0,0,0,467,0,NA,NA,NA,NA,NA,NA,0.471,0,467,0.6873,0.5097,0,0.6873,0,Bayes-M10-med
Idjwi,Sud-Kivu,2,FALSE,0,0,0,0,0,467,0,NA,NA,NA,NA,NA,NA,0.3007,0,468,0.2992,0.8224,0,0.0811,0,Bayes-M10-med
Boma Mangbetu,Haut-Uele,2,TRUE,NA,NA,NA,NA,NA,NA,NA,NA,NA,NA,NA,NA,NA,0.4122,NA,NA,0.2857,0.5039,0,0.8591,0,Bayes-M10-med
Isiro,Haut-Uele,2,TRUE,NA,NA,NA,NA,NA,NA,NA,NA,NA,NA,NA,NA,NA,0.5253,NA,NA,0.39,0.7587,0,0.9527,0,Bayes-M10-med
Niangara,Haut-Uele,2,TRUE,NA,NA,NA,NA,NA,NA,NA,NA,NA,NA,NA,NA,NA,0.5512,NA,NA,0.8031,0.4324,0,0.9691,0,Bayes-M10-med
Pawa,Haut-Uele,2,TRUE,NA,NA,NA,NA,NA,NA,NA,NA,NA,NA,NA,NA,NA,0.4315,NA,NA,0.2934,0.5734,0,0.8591,0,Bayes-M10-med
Rungu,Haut-Uele,2,TRUE,NA,NA,NA,NA,NA,NA,NA,NA,NA,NA,NA,NA,NA,0.6474,NA,NA,0.8224,0.8031,0,0.9643,0,Bayes-M10-med
Wamba,Haut-Uele,2,TRUE,NA,NA,NA,NA,NA,NA,NA,NA,NA,NA,NA,NA,NA,0.4817,NA,NA,0.6737,0.4363,0,0.8166,0,Bayes-M10-med
Adja,Ituri,2,TRUE,NA,NA,NA,NA,NA,NA,NA,NA,NA,NA,NA,NA,NA,0.2645,NA,NA,0.249,0.4286,0,0.3803,0,Bayes-M10-med
Ariwara,Ituri,2,TRUE,NA,NA,NA,NA,NA,NA,NA,NA,NA,NA,NA,NA,NA,0.2862,NA,NA,0.1988,0.6988,0,0.2471,0,Bayes-M10-med
Aru,Ituri,2,TRUE,NA,NA,NA,NA,NA,NA,NA,NA,NA,NA,NA,NA,NA,0.3528,NA,NA,0.3012,0.8417,0,0.2683,0,Bayes-M10-med
Aungba,Ituri,2,TRUE,NA,NA,NA,NA,NA,NA,NA,NA,NA,NA,NA,NA,NA,0.3354,NA,NA,0.3108,0.6564,0,0.3745,0,Bayes-M10-med
Kambala,Ituri,2,TRUE,NA,NA,NA,NA,NA,NA,NA,NA,NA,NA,NA,NA,NA,0.347,NA,NA,0.3668,0.612,0,0.4093,0,Bayes-M10-med
Logo,Ituri,2,TRUE,NA,NA,NA,NA,NA,NA,NA,NA,NA,NA,NA,NA,NA,0.2384,NA,NA,0.1757,0.5927,0,0.1853,0,Bayes-M10-med
Mahagi,Ituri,2,TRUE,NA,NA,NA,NA,NA,NA,NA,NA,NA,NA,NA,NA,NA,0.2292,NA,NA,0.1718,0.6004,0,0.1448,0,Bayes-M10-med
Rimba,Ituri,2,TRUE,NA,NA,NA,NA,NA,NA,NA,NA,NA,NA,NA,NA,NA,0.306,NA,NA,0.2008,0.7124,0,0.3108,0,Bayes-M10-med
Bambu,Ituri,2,TRUE,NA,NA,NA,NA,NA,NA,NA,NA,NA,NA,NA,NA,NA,0.2399,NA,NA,0.2046,0.4691,0,0.2857,0,Bayes-M10-med
Boga,Ituri,2,TRUE,NA,NA,NA,NA,NA,NA,NA,NA,NA,NA,NA,NA,NA,0.264,NA,NA,0.3861,0.36870000000000003,0,0.3012,0,Bayes-M10-med
Bunia,Ituri,2,TRUE,NA,NA,NA,NA,NA,NA,NA,NA,NA,NA,NA,NA,NA,0.2326,NA,NA,0.1178,0.5637,0,0.249,0,Bayes-M10-med
Damas,Ituri,2,TRUE,NA,NA,NA,NA,NA,NA,NA,NA,NA,NA,NA,NA,NA,0.3224,NA,NA,0.4479,0.3282,0,0.5135,0,Bayes-M10-med
Drodro,Ituri,2,TRUE,NA,NA,NA,NA,NA,NA,NA,NA,NA,NA,NA,NA,NA,0.2674,NA,NA,0.2066,0.5907,0,0.2722,0,Bayes-M10-med
Fataki,Ituri,2,TRUE,NA,NA,NA,NA,NA,NA,NA,NA,NA,NA,NA,NA,NA,0.3185,NA,NA,0.2259,0.7201,0,0.3282,0,Bayes-M10-med
Gety,Ituri,2,TRUE,NA,NA,NA,NA,NA,NA,NA,NA,NA,NA,NA,NA,NA,0.2592,NA,NA,0.3359,0.2973,0,0.4035,0,Bayes-M10-med
Kilo,Ituri,2,TRUE,NA,NA,NA,NA,NA,NA,NA,NA,NA,NA,NA,NA,NA,0.1448,NA,NA,0.2201,0.0502,0,0.3089,0,Bayes-M10-med
Komanda,Ituri,2,TRUE,NA,NA,NA,NA,NA,NA,NA,NA,NA,NA,NA,NA,NA,0.2341,NA,NA,0.3089,0.1197,0,0.5077,0,Bayes-M10-med
Lita,Ituri,2,TRUE,NA,NA,NA,NA,NA,NA,NA,NA,NA,NA,NA,NA,NA,0.306,NA,NA,0.2761,0.7046,0,0.2432,0,Bayes-M10-med
Lolwa,Ituri,2,TRUE,NA,NA,NA,NA,NA,NA,NA,NA,NA,NA,NA,NA,NA,0.3205,NA,NA,0.6429,0,0,0.639,0,Bayes-M10-med
Mambasa,Ituri,2,TRUE,NA,NA,NA,NA,NA,NA,NA,NA,NA,NA,NA,NA,NA,0.4324,NA,NA,0.8842,0.2625,0,0.583,0,Bayes-M10-med
Mandima,Ituri,2,TRUE,NA,NA,NA,NA,NA,NA,NA,NA,NA,NA,NA,NA,NA,0.2659,NA,NA,0.4846,0.2896,0,0.2896,0,Bayes-M10-med
Mangala,Ituri,2,TRUE,NA,NA,NA,NA,NA,NA,NA,NA,NA,NA,NA,NA,NA,0.3021,NA,NA,0.305,0.6158,0,0.2876,0,Bayes-M10-med
Mongbwalu,Ituri,2,TRUE,NA,NA,NA,NA,NA,NA,NA,NA,NA,NA,NA,NA,NA,0.2616,NA,NA,0.4112,0.1834,0,0.4517,0,Bayes-M10-med
Nia Nia,Ituri,2,TRUE,NA,NA,NA,NA,NA,NA,NA,NA,NA,NA,NA,NA,NA,0.2978,NA,NA,0.666,0.0212,0,0.5039,0,Bayes-M10-med
Nizi,Ituri,2,TRUE,NA,NA,NA,NA,NA,NA,NA,NA,NA,NA,NA,NA,NA,0.1771,NA,NA,0.1544,0.3378,0,0.2162,0,Bayes-M10-med
Nyankunde,Ituri,2,TRUE,NA,NA,NA,NA,NA,NA,NA,NA,NA,NA,NA,NA,NA,0.2514,NA,NA,0.2838,0.2432,0,0.4788,0,Bayes-M10-med
Rethy,Ituri,2,TRUE,NA,NA,NA,NA,NA,NA,NA,NA,NA,NA,NA,NA,NA,0.2703,NA,NA,0.2143,0.6081,0,0.2587,0,Bayes-M10-med
Rwampara,Ituri,2,TRUE,NA,NA,NA,NA,NA,NA,NA,NA,NA,NA,NA,NA,NA,0.319,NA,NA,0.2375,0.7452,0,0.2934,0,Bayes-M10-med
Tchomia,Ituri,2,TRUE,NA,NA,NA,NA,NA,NA,NA,NA,NA,NA,NA,NA,NA,0.1998,NA,NA,0.2104,0.3745,0,0.2143,0,Bayes-M10-med
Beni,Nord-Kivu,2,TRUE,NA,NA,NA,NA,NA,NA,NA,NA,NA,NA,NA,NA,NA,0.1559,NA,NA,0.1525,0.2297,0,0.2413,0,Bayes-M10-med
Butembo,Nord-Kivu,2,TRUE,NA,NA,NA,NA,NA,NA,NA,NA,NA,NA,NA,NA,NA,0.1829,NA,NA,0.1139,0.388,0,0.2297,0,Bayes-M10-med
Kalunguta,Nord-Kivu,2,TRUE,NA,NA,NA,NA,NA,NA,NA,NA,NA,NA,NA,NA,NA,0.1559,NA,NA,0.195,0.2066,0,0.222,0,Bayes-M10-med
Katwa,Nord-Kivu,2,TRUE,NA,NA,NA,NA,NA,NA,NA,NA,NA,NA,NA,NA,NA,0.1998,NA,NA,0.0869,0.4846,0,0.2278,0,Bayes-M10-med
Kyondo,Nord-Kivu,2,TRUE,NA,NA,NA,NA,NA,NA,NA,NA,NA,NA,NA,NA,NA,0.3238,NA,NA,0.2954,0.7973,0,0.2027,0,Bayes-M10-med
Mabalako,Nord-Kivu,2,TRUE,NA,NA,NA,NA,NA,NA,NA,NA,NA,NA,NA,NA,NA,0.1573,NA,NA,0.1931,0.2046,0,0.2317,0,Bayes-M10-med
Masereka,Nord-Kivu,2,TRUE,NA,NA,NA,NA,NA,NA,NA,NA,NA,NA,NA,NA,NA,0.36870000000000003,NA,NA,0.2548,0.9807,0,0.2394,0,Bayes-M10-med
Musienene,Nord-Kivu,2,TRUE,NA,NA,NA,NA,NA,NA,NA,NA,NA,NA,NA,NA,NA,0.319,NA,NA,0.2645,0.7317,0,0.2799,0,Bayes-M10-med
Oicha,Nord-Kivu,2,TRUE,NA,NA,NA,NA,NA,NA,NA,NA,NA,NA,NA,NA,NA,0.3364,NA,NA,0.3243,0.7606,0,0.2606,0,Bayes-M10-med
Vuhovi,Nord-Kivu,2,TRUE,NA,NA,NA,NA,NA,NA,NA,NA,NA,NA,NA,NA,NA,0.2611,NA,NA,0.2027,0.6178,0,0.2239,0,Bayes-M10-med
Goma,Nord-Kivu,2,TRUE,NA,NA,NA,NA,NA,NA,NA,NA,NA,NA,NA,NA,NA,0.2669,NA,NA,0.1274,0.8977,0,0.0425,0,Bayes-M10-med
Miti Murhesa,Sud-Kivu,2,TRUE,NA,NA,NA,NA,NA,NA,NA,NA,NA,NA,NA,NA,NA,0.3277,NA,NA,0.2355,0.9131,0,0.1622,0,Bayes-M10-med
Lubunga (Tshopo),Tshopo,2,TRUE,NA,NA,NA,NA,NA,NA,NA,NA,NA,NA,NA,NA,NA,0.2288,NA,NA,0.2452,0.3436,0,0.3263,0,Bayes-M10-med
Makiso Kisangani,Tshopo,2,TRUE,NA,NA,NA,NA,NA,NA,NA,NA,NA,NA,NA,NA,NA,0.2355,NA,NA,0.1332,0.5309,0,0.278,0,Bayes-M10-med
Mangobo,Tshopo,2,TRUE,NA,NA,NA,NA,NA,NA,NA,NA,NA,NA,NA,NA,NA,0.2061,NA,NA,0.0792,0.4382,0,0.3069,0,Bayes-M10-med
Tshopo,Tshopo,2,TRUE,NA,NA,NA,NA,NA,NA,NA,NA,NA,NA,NA,NA,NA,0.2466,NA,NA,0.361,0.334,0,0.2915,0,Bayes-M10-med
