origin_date,target,horizon,location,target_end_date,output_type,output_type_id,value
2026-10-08,first confirmed case,1,Aba,2026-10-15,pmf,invasion,0.012689
2026-10-08,first confirmed case,1,Aba,2026-10-15,pmf,no invasion,0.987311
2026-10-08,first confirmed case,1,Abuzi,2026-10-15,pmf,invasion,0.000867
2026-10-08,first confirmed case,1,Abuzi,2026-10-15,pmf,no invasion,0.999133
2026-10-08,first confirmed case,1,Adi,2026-10-15,pmf,invasion,0.009176
2026-10-08,first confirmed case,1,Adi,2026-10-15,pmf,no invasion,0.990824
2026-10-08,first confirmed case,1,Aketi,2026-10-15,pmf,invasion,0.003624
2026-10-08,first confirmed case,1,Aketi,2026-10-15,pmf,no invasion,0.996376
2026-10-08,first confirmed case,1,Alunguli,2026-10-15,pmf,invasion,0.001228
2026-10-08,first confirmed case,1,Alunguli,2026-10-15,pmf,no invasion,0.998772
2026-10-08,first confirmed case,1,Angumu,2026-10-15,pmf,invasion,0.005902
2026-10-08,first confirmed case,1,Angumu,2026-10-15,pmf,no invasion,0.994098
2026-10-08,first confirmed case,1,Ankoro,2026-10-15,pmf,invasion,0.000511
2026-10-08,first confirmed case,1,Ankoro,2026-10-15,pmf,no invasion,0.999489
2026-10-08,first confirmed case,1,Bafwagbogbo,2026-10-15,pmf,invasion,0.014641
2026-10-08,first confirmed case,1,Bafwagbogbo,2026-10-15,pmf,no invasion,0.985359
2026-10-08,first confirmed case,1,Bagata,2026-10-15,pmf,invasion,0.000261
2026-10-08,first confirmed case,1,Bagata,2026-10-15,pmf,no invasion,0.999739
2026-10-08,first confirmed case,1,Bagira,2026-10-15,pmf,invasion,0.002486
2026-10-08,first confirmed case,1,Bagira,2026-10-15,pmf,no invasion,0.997514
2026-10-08,first confirmed case,1,Baka,2026-10-15,pmf,invasion,6.9e-05
2026-10-08,first confirmed case,1,Baka,2026-10-15,pmf,no invasion,0.999931
2026-10-08,first confirmed case,1,Bambo,2026-10-15,pmf,invasion,0.004391
2026-10-08,first confirmed case,1,Bambo,2026-10-15,pmf,no invasion,0.995609
2026-10-08,first confirmed case,1,Banalia,2026-10-15,pmf,invasion,0.019504
2026-10-08,first confirmed case,1,Banalia,2026-10-15,pmf,no invasion,0.980496
2026-10-08,first confirmed case,1,Bandalungwa,2026-10-15,pmf,invasion,0.000455
2026-10-08,first confirmed case,1,Bandalungwa,2026-10-15,pmf,no invasion,0.999545
2026-10-08,first confirmed case,1,Bandundu,2026-10-15,pmf,invasion,0.000174
2026-10-08,first confirmed case,1,Bandundu,2026-10-15,pmf,no invasion,0.999826
2026-10-08,first confirmed case,1,Banga Lubaka,2026-10-15,pmf,invasion,0.000141
2026-10-08,first confirmed case,1,Banga Lubaka,2026-10-15,pmf,no invasion,0.999859
2026-10-08,first confirmed case,1,Bangabola,2026-10-15,pmf,invasion,0.000206
2026-10-08,first confirmed case,1,Bangabola,2026-10-15,pmf,no invasion,0.999794
2026-10-08,first confirmed case,1,Banzow Moke,2026-10-15,pmf,invasion,0.000124
2026-10-08,first confirmed case,1,Banzow Moke,2026-10-15,pmf,no invasion,0.999876
2026-10-08,first confirmed case,1,Barumbu,2026-10-15,pmf,invasion,0.000477
2026-10-08,first confirmed case,1,Barumbu,2026-10-15,pmf,no invasion,0.999523
2026-10-08,first confirmed case,1,Basankusu,2026-10-15,pmf,invasion,0.000358
2026-10-08,first confirmed case,1,Basankusu,2026-10-15,pmf,no invasion,0.999642
2026-10-08,first confirmed case,1,Befale,2026-10-15,pmf,invasion,0.000345
2026-10-08,first confirmed case,1,Befale,2026-10-15,pmf,no invasion,0.999655
2026-10-08,first confirmed case,1,Bena Dibele,2026-10-15,pmf,invasion,0.000334
2026-10-08,first confirmed case,1,Bena Dibele,2026-10-15,pmf,no invasion,0.999666
2026-10-08,first confirmed case,1,Bena Leka,2026-10-15,pmf,invasion,0.000582
2026-10-08,first confirmed case,1,Bena Leka,2026-10-15,pmf,no invasion,0.999418
2026-10-08,first confirmed case,1,Bena Tshadi,2026-10-15,pmf,invasion,0.00018
2026-10-08,first confirmed case,1,Bena Tshadi,2026-10-15,pmf,no invasion,0.99982
2026-10-08,first confirmed case,1,Bengamisa,2026-10-15,pmf,invasion,0.005414
2026-10-08,first confirmed case,1,Bengamisa,2026-10-15,pmf,no invasion,0.994586
2026-10-08,first confirmed case,1,Bibanga,2026-10-15,pmf,invasion,0.000473
2026-10-08,first confirmed case,1,Bibanga,2026-10-15,pmf,no invasion,0.999527
2026-10-08,first confirmed case,1,Bikoro,2026-10-15,pmf,invasion,0.00017
2026-10-08,first confirmed case,1,Bikoro,2026-10-15,pmf,no invasion,0.99983
2026-10-08,first confirmed case,1,Bili (Bas-Uele),2026-10-15,pmf,invasion,0.003105
2026-10-08,first confirmed case,1,Bili (Bas-Uele),2026-10-15,pmf,no invasion,0.996895
2026-10-08,first confirmed case,1,Bili (Nord-Ubangi),2026-10-15,pmf,invasion,0.000869
2026-10-08,first confirmed case,1,Bili (Nord-Ubangi),2026-10-15,pmf,no invasion,0.999131
2026-10-08,first confirmed case,1,Bilomba,2026-10-15,pmf,invasion,0.00092
2026-10-08,first confirmed case,1,Bilomba,2026-10-15,pmf,no invasion,0.99908
2026-10-08,first confirmed case,1,Binga,2026-10-15,pmf,invasion,0.000938
2026-10-08,first confirmed case,1,Binga,2026-10-15,pmf,no invasion,0.999062
2026-10-08,first confirmed case,1,Binza,2026-10-15,pmf,invasion,0.003286
2026-10-08,first confirmed case,1,Binza,2026-10-15,pmf,no invasion,0.996714
2026-10-08,first confirmed case,1,Binza Meteo,2026-10-15,pmf,invasion,0.000614
2026-10-08,first confirmed case,1,Binza Meteo,2026-10-15,pmf,no invasion,0.999386
2026-10-08,first confirmed case,1,Binza Ozone,2026-10-15,pmf,invasion,0.001438
2026-10-08,first confirmed case,1,Binza Ozone,2026-10-15,pmf,no invasion,0.998562
2026-10-08,first confirmed case,1,Bipemba,2026-10-15,pmf,invasion,0.000458
2026-10-08,first confirmed case,1,Bipemba,2026-10-15,pmf,no invasion,0.999542
2026-10-08,first confirmed case,1,Birambizo,2026-10-15,pmf,invasion,0.001838
2026-10-08,first confirmed case,1,Birambizo,2026-10-15,pmf,no invasion,0.998162
2026-10-08,first confirmed case,1,Biringi,2026-10-15,pmf,invasion,0.025948
2026-10-08,first confirmed case,1,Biringi,2026-10-15,pmf,no invasion,0.974052
2026-10-08,first confirmed case,1,Biyela,2026-10-15,pmf,invasion,0.000118
2026-10-08,first confirmed case,1,Biyela,2026-10-15,pmf,no invasion,0.999882
2026-10-08,first confirmed case,1,Bobozo,2026-10-15,pmf,invasion,0.000194
2026-10-08,first confirmed case,1,Bobozo,2026-10-15,pmf,no invasion,0.999806
2026-10-08,first confirmed case,1,Boende,2026-10-15,pmf,invasion,0.000605
2026-10-08,first confirmed case,1,Boende,2026-10-15,pmf,no invasion,0.999395
2026-10-08,first confirmed case,1,Bogosenubea,2026-10-15,pmf,invasion,0.000367
2026-10-08,first confirmed case,1,Bogosenubea,2026-10-15,pmf,no invasion,0.999633
2026-10-08,first confirmed case,1,Boko,2026-10-15,pmf,invasion,0.000361
2026-10-08,first confirmed case,1,Boko,2026-10-15,pmf,no invasion,0.999639
2026-10-08,first confirmed case,1,Boko Kivulu,2026-10-15,pmf,invasion,0.000137
2026-10-08,first confirmed case,1,Boko Kivulu,2026-10-15,pmf,no invasion,0.999863
2026-10-08,first confirmed case,1,Bokonzi,2026-10-15,pmf,invasion,0.000167
2026-10-08,first confirmed case,1,Bokonzi,2026-10-15,pmf,no invasion,0.999833
2026-10-08,first confirmed case,1,Bokoro,2026-10-15,pmf,invasion,0.000496
2026-10-08,first confirmed case,1,Bokoro,2026-10-15,pmf,no invasion,0.999504
2026-10-08,first confirmed case,1,Bokungu,2026-10-15,pmf,invasion,0.001573
2026-10-08,first confirmed case,1,Bokungu,2026-10-15,pmf,no invasion,0.998427
2026-10-08,first confirmed case,1,Bolenge,2026-10-15,pmf,invasion,0.000228
2026-10-08,first confirmed case,1,Bolenge,2026-10-15,pmf,no invasion,0.999772
2026-10-08,first confirmed case,1,Bolobo,2026-10-15,pmf,invasion,0.00017
2026-10-08,first confirmed case,1,Bolobo,2026-10-15,pmf,no invasion,0.99983
2026-10-08,first confirmed case,1,Bolomba,2026-10-15,pmf,invasion,0.00035
2026-10-08,first confirmed case,1,Bolomba,2026-10-15,pmf,no invasion,0.99965
2026-10-08,first confirmed case,1,Boma,2026-10-15,pmf,invasion,7.7e-05
2026-10-08,first confirmed case,1,Boma,2026-10-15,pmf,no invasion,0.999923
2026-10-08,first confirmed case,1,Boma Bungu,2026-10-15,pmf,invasion,4.4e-05
2026-10-08,first confirmed case,1,Boma Bungu,2026-10-15,pmf,no invasion,0.999956
2026-10-08,first confirmed case,1,Bominenge,2026-10-15,pmf,invasion,0.00044
2026-10-08,first confirmed case,1,Bominenge,2026-10-15,pmf,no invasion,0.99956
2026-10-08,first confirmed case,1,Bomongo,2026-10-15,pmf,invasion,6.8e-05
2026-10-08,first confirmed case,1,Bomongo,2026-10-15,pmf,no invasion,0.999932
2026-10-08,first confirmed case,1,Bondo,2026-10-15,pmf,invasion,0.005868
2026-10-08,first confirmed case,1,Bondo,2026-10-15,pmf,no invasion,0.994132
2026-10-08,first confirmed case,1,Bongandanga,2026-10-15,pmf,invasion,0.000605
2026-10-08,first confirmed case,1,Bongandanga,2026-10-15,pmf,no invasion,0.999395
2026-10-08,first confirmed case,1,Bonzola,2026-10-15,pmf,invasion,0.000976
2026-10-08,first confirmed case,1,Bonzola,2026-10-15,pmf,no invasion,0.999024
2026-10-08,first confirmed case,1,Boso Manzi,2026-10-15,pmf,invasion,0.000338
2026-10-08,first confirmed case,1,Boso Manzi,2026-10-15,pmf,no invasion,0.999662
2026-10-08,first confirmed case,1,Boso Mondanda,2026-10-15,pmf,invasion,0.000255
2026-10-08,first confirmed case,1,Boso Mondanda,2026-10-15,pmf,no invasion,0.999745
2026-10-08,first confirmed case,1,Bosobe,2026-10-15,pmf,invasion,0.000126
2026-10-08,first confirmed case,1,Bosobe,2026-10-15,pmf,no invasion,0.999874
2026-10-08,first confirmed case,1,Bosobolo,2026-10-15,pmf,invasion,0.000336
2026-10-08,first confirmed case,1,Bosobolo,2026-10-15,pmf,no invasion,0.999664
2026-10-08,first confirmed case,1,Bosondjo,2026-10-15,pmf,invasion,0.000449
2026-10-08,first confirmed case,1,Bosondjo,2026-10-15,pmf,no invasion,0.999551
2026-10-08,first confirmed case,1,Boto,2026-10-15,pmf,invasion,0.000209
2026-10-08,first confirmed case,1,Boto,2026-10-15,pmf,no invasion,0.999791
2026-10-08,first confirmed case,1,Budjala,2026-10-15,pmf,invasion,0.001846
2026-10-08,first confirmed case,1,Budjala,2026-10-15,pmf,no invasion,0.998154
2026-10-08,first confirmed case,1,Bukama,2026-10-15,pmf,invasion,0.000401
2026-10-08,first confirmed case,1,Bukama,2026-10-15,pmf,no invasion,0.999599
2026-10-08,first confirmed case,1,Bulape,2026-10-15,pmf,invasion,0.000587
2026-10-08,first confirmed case,1,Bulape,2026-10-15,pmf,no invasion,0.999413
2026-10-08,first confirmed case,1,Bulungu,2026-10-15,pmf,invasion,0.000567
2026-10-08,first confirmed case,1,Bulungu,2026-10-15,pmf,no invasion,0.999433
2026-10-08,first confirmed case,1,Bumba,2026-10-15,pmf,invasion,0.00411
2026-10-08,first confirmed case,1,Bumba,2026-10-15,pmf,no invasion,0.99589
2026-10-08,first confirmed case,1,Bumbu,2026-10-15,pmf,invasion,8e-05
2026-10-08,first confirmed case,1,Bumbu,2026-10-15,pmf,no invasion,0.99992
2026-10-08,first confirmed case,1,Bunkeya,2026-10-15,pmf,invasion,6.2e-05
2026-10-08,first confirmed case,1,Bunkeya,2026-10-15,pmf,no invasion,0.999938
2026-10-08,first confirmed case,1,Bunkonde,2026-10-15,pmf,invasion,0.000698
2026-10-08,first confirmed case,1,Bunkonde,2026-10-15,pmf,no invasion,0.999302
2026-10-08,first confirmed case,1,Bunyakiri,2026-10-15,pmf,invasion,0.001862
2026-10-08,first confirmed case,1,Bunyakiri,2026-10-15,pmf,no invasion,0.998138
2026-10-08,first confirmed case,1,Busanga,2026-10-15,pmf,invasion,0.000201
2026-10-08,first confirmed case,1,Busanga,2026-10-15,pmf,no invasion,0.999799
2026-10-08,first confirmed case,1,Businga,2026-10-15,pmf,invasion,0.000613
2026-10-08,first confirmed case,1,Businga,2026-10-15,pmf,no invasion,0.999387
2026-10-08,first confirmed case,1,Butumba,2026-10-15,pmf,invasion,0.000381
2026-10-08,first confirmed case,1,Butumba,2026-10-15,pmf,no invasion,0.999619
2026-10-08,first confirmed case,1,Bwamanda,2026-10-15,pmf,invasion,0.000455
2026-10-08,first confirmed case,1,Bwamanda,2026-10-15,pmf,no invasion,0.999545
2026-10-08,first confirmed case,1,Cilundu,2026-10-15,pmf,invasion,0.001308
2026-10-08,first confirmed case,1,Cilundu,2026-10-15,pmf,no invasion,0.998692
2026-10-08,first confirmed case,1,Citenge,2026-10-15,pmf,invasion,0.000404
2026-10-08,first confirmed case,1,Citenge,2026-10-15,pmf,no invasion,0.999596
2026-10-08,first confirmed case,1,Dekese,2026-10-15,pmf,invasion,0.000241
2026-10-08,first confirmed case,1,Dekese,2026-10-15,pmf,no invasion,0.999759
2026-10-08,first confirmed case,1,Demba,2026-10-15,pmf,invasion,0.00057
2026-10-08,first confirmed case,1,Demba,2026-10-15,pmf,no invasion,0.99943
2026-10-08,first confirmed case,1,Dibaya,2026-10-15,pmf,invasion,0.001376
2026-10-08,first confirmed case,1,Dibaya,2026-10-15,pmf,no invasion,0.998624
2026-10-08,first confirmed case,1,Dibindi,2026-10-15,pmf,invasion,0.000361
2026-10-08,first confirmed case,1,Dibindi,2026-10-15,pmf,no invasion,0.999639
2026-10-08,first confirmed case,1,Dikungu,2026-10-15,pmf,invasion,0.00059
2026-10-08,first confirmed case,1,Dikungu,2026-10-15,pmf,no invasion,0.99941
2026-10-08,first confirmed case,1,Dilala,2026-10-15,pmf,invasion,0.000218
2026-10-08,first confirmed case,1,Dilala,2026-10-15,pmf,no invasion,0.999782
2026-10-08,first confirmed case,1,Dilolo,2026-10-15,pmf,invasion,2e-05
2026-10-08,first confirmed case,1,Dilolo,2026-10-15,pmf,no invasion,0.99998
2026-10-08,first confirmed case,1,Diulu,2026-10-15,pmf,invasion,0.000559
2026-10-08,first confirmed case,1,Diulu,2026-10-15,pmf,no invasion,0.999441
2026-10-08,first confirmed case,1,Djalo Ndjeka,2026-10-15,pmf,invasion,0.000312
2026-10-08,first confirmed case,1,Djalo Ndjeka,2026-10-15,pmf,no invasion,0.999688
2026-10-08,first confirmed case,1,Djolu,2026-10-15,pmf,invasion,0.001699
2026-10-08,first confirmed case,1,Djolu,2026-10-15,pmf,no invasion,0.998301
2026-10-08,first confirmed case,1,Djombo,2026-10-15,pmf,invasion,0.000405
2026-10-08,first confirmed case,1,Djombo,2026-10-15,pmf,no invasion,0.999595
2026-10-08,first confirmed case,1,Djuma,2026-10-15,pmf,invasion,0.000355
2026-10-08,first confirmed case,1,Djuma,2026-10-15,pmf,no invasion,0.999645
2026-10-08,first confirmed case,1,Doruma,2026-10-15,pmf,invasion,0.004933
2026-10-08,first confirmed case,1,Doruma,2026-10-15,pmf,no invasion,0.995067
2026-10-08,first confirmed case,1,Faradje,2026-10-15,pmf,invasion,0.010736
2026-10-08,first confirmed case,1,Faradje,2026-10-15,pmf,no invasion,0.989264
2026-10-08,first confirmed case,1,Ferekeni,2026-10-15,pmf,invasion,0.000452
2026-10-08,first confirmed case,1,Ferekeni,2026-10-15,pmf,no invasion,0.999548
2026-10-08,first confirmed case,1,Feshi,2026-10-15,pmf,invasion,0.000244
2026-10-08,first confirmed case,1,Feshi,2026-10-15,pmf,no invasion,0.999756
2026-10-08,first confirmed case,1,Fizi,2026-10-15,pmf,invasion,0.004
2026-10-08,first confirmed case,1,Fizi,2026-10-15,pmf,no invasion,0.996
2026-10-08,first confirmed case,1,Fungurume,2026-10-15,pmf,invasion,0.000283
2026-10-08,first confirmed case,1,Fungurume,2026-10-15,pmf,no invasion,0.999717
2026-10-08,first confirmed case,1,Gbadolite,2026-10-15,pmf,invasion,0.000215
2026-10-08,first confirmed case,1,Gbadolite,2026-10-15,pmf,no invasion,0.999785
2026-10-08,first confirmed case,1,Gemena,2026-10-15,pmf,invasion,0.001338
2026-10-08,first confirmed case,1,Gemena,2026-10-15,pmf,no invasion,0.998662
2026-10-08,first confirmed case,1,Gombe,2026-10-15,pmf,invasion,0.002102
2026-10-08,first confirmed case,1,Gombe,2026-10-15,pmf,no invasion,0.997898
2026-10-08,first confirmed case,1,Gombe Matadi,2026-10-15,pmf,invasion,0.000197
2026-10-08,first confirmed case,1,Gombe Matadi,2026-10-15,pmf,no invasion,0.999803
2026-10-08,first confirmed case,1,Gungu,2026-10-15,pmf,invasion,0.000389
2026-10-08,first confirmed case,1,Gungu,2026-10-15,pmf,no invasion,0.999611
2026-10-08,first confirmed case,1,Haut Plateau,2026-10-15,pmf,invasion,0.000858
2026-10-08,first confirmed case,1,Haut Plateau,2026-10-15,pmf,no invasion,0.999142
2026-10-08,first confirmed case,1,Ibanda,2026-10-15,pmf,invasion,0.008231
2026-10-08,first confirmed case,1,Ibanda,2026-10-15,pmf,no invasion,0.991769
2026-10-08,first confirmed case,1,Iboko,2026-10-15,pmf,invasion,0.000366
2026-10-08,first confirmed case,1,Iboko,2026-10-15,pmf,no invasion,0.999634
2026-10-08,first confirmed case,1,Idiofa,2026-10-15,pmf,invasion,0.00086
2026-10-08,first confirmed case,1,Idiofa,2026-10-15,pmf,no invasion,0.99914
2026-10-08,first confirmed case,1,Idjwi,2026-10-15,pmf,invasion,0.000967
2026-10-08,first confirmed case,1,Idjwi,2026-10-15,pmf,no invasion,0.999033
2026-10-08,first confirmed case,1,Ikela,2026-10-15,pmf,invasion,0.001663
2026-10-08,first confirmed case,1,Ikela,2026-10-15,pmf,no invasion,0.998337
2026-10-08,first confirmed case,1,Ilebo,2026-10-15,pmf,invasion,0.000291
2026-10-08,first confirmed case,1,Ilebo,2026-10-15,pmf,no invasion,0.999709
2026-10-08,first confirmed case,1,Inga,2026-10-15,pmf,invasion,7.1e-05
2026-10-08,first confirmed case,1,Inga,2026-10-15,pmf,no invasion,0.999929
2026-10-08,first confirmed case,1,Ingende,2026-10-15,pmf,invasion,0.000218
2026-10-08,first confirmed case,1,Ingende,2026-10-15,pmf,no invasion,0.999782
2026-10-08,first confirmed case,1,Inongo,2026-10-15,pmf,invasion,0.000213
2026-10-08,first confirmed case,1,Inongo,2026-10-15,pmf,no invasion,0.999787
2026-10-08,first confirmed case,1,Ipamu,2026-10-15,pmf,invasion,0.000408
2026-10-08,first confirmed case,1,Ipamu,2026-10-15,pmf,no invasion,0.999592
2026-10-08,first confirmed case,1,Irebu,2026-10-15,pmf,invasion,0.000132
2026-10-08,first confirmed case,1,Irebu,2026-10-15,pmf,no invasion,0.999868
2026-10-08,first confirmed case,1,Isangi,2026-10-15,pmf,invasion,0.005667
2026-10-08,first confirmed case,1,Isangi,2026-10-15,pmf,no invasion,0.994333
2026-10-08,first confirmed case,1,Itebero,2026-10-15,pmf,invasion,0.001252
2026-10-08,first confirmed case,1,Itebero,2026-10-15,pmf,no invasion,0.998748
2026-10-08,first confirmed case,1,Itombwe,2026-10-15,pmf,invasion,0.000452
2026-10-08,first confirmed case,1,Itombwe,2026-10-15,pmf,no invasion,0.999548
2026-10-08,first confirmed case,1,Jiba,2026-10-15,pmf,invasion,0.06183
2026-10-08,first confirmed case,1,Jiba,2026-10-15,pmf,no invasion,0.938171
2026-10-08,first confirmed case,1,Kabalo,2026-10-15,pmf,invasion,0.001443
2026-10-08,first confirmed case,1,Kabalo,2026-10-15,pmf,no invasion,0.998557
2026-10-08,first confirmed case,1,Kabambare,2026-10-15,pmf,invasion,0.000686
2026-10-08,first confirmed case,1,Kabambare,2026-10-15,pmf,no invasion,0.999314
2026-10-08,first confirmed case,1,Kabare,2026-10-15,pmf,invasion,0.002627
2026-10-08,first confirmed case,1,Kabare,2026-10-15,pmf,no invasion,0.997373
2026-10-08,first confirmed case,1,Kabeya Kamwanga,2026-10-15,pmf,invasion,0.000717
2026-10-08,first confirmed case,1,Kabeya Kamwanga,2026-10-15,pmf,no invasion,0.999283
2026-10-08,first confirmed case,1,Kabinda,2026-10-15,pmf,invasion,0.001792
2026-10-08,first confirmed case,1,Kabinda,2026-10-15,pmf,no invasion,0.998208
2026-10-08,first confirmed case,1,Kabondo Dianda,2026-10-15,pmf,invasion,0.000355
2026-10-08,first confirmed case,1,Kabondo Dianda,2026-10-15,pmf,no invasion,0.999645
2026-10-08,first confirmed case,1,Kabongo,2026-10-15,pmf,invasion,0.000893
2026-10-08,first confirmed case,1,Kabongo,2026-10-15,pmf,no invasion,0.999107
2026-10-08,first confirmed case,1,Kadutu,2026-10-15,pmf,invasion,0.005742
2026-10-08,first confirmed case,1,Kadutu,2026-10-15,pmf,no invasion,0.994258
2026-10-08,first confirmed case,1,Kafakumba,2026-10-15,pmf,invasion,0.000529
2026-10-08,first confirmed case,1,Kafakumba,2026-10-15,pmf,no invasion,0.999471
2026-10-08,first confirmed case,1,Kafubu,2026-10-15,pmf,invasion,0.000172
2026-10-08,first confirmed case,1,Kafubu,2026-10-15,pmf,no invasion,0.999828
2026-10-08,first confirmed case,1,Kahemba,2026-10-15,pmf,invasion,0.000181
2026-10-08,first confirmed case,1,Kahemba,2026-10-15,pmf,no invasion,0.999819
2026-10-08,first confirmed case,1,Kailo,2026-10-15,pmf,invasion,0.001433
2026-10-08,first confirmed case,1,Kailo,2026-10-15,pmf,no invasion,0.998567
2026-10-08,first confirmed case,1,Kajiji,2026-10-15,pmf,invasion,7.4e-05
2026-10-08,first confirmed case,1,Kajiji,2026-10-15,pmf,no invasion,0.999926
2026-10-08,first confirmed case,1,Kakenge,2026-10-15,pmf,invasion,0.000321
2026-10-08,first confirmed case,1,Kakenge,2026-10-15,pmf,no invasion,0.999679
2026-10-08,first confirmed case,1,Kalamba,2026-10-15,pmf,invasion,0.000217
2026-10-08,first confirmed case,1,Kalamba,2026-10-15,pmf,no invasion,0.999783
2026-10-08,first confirmed case,1,Kalambayi Kabanga,2026-10-15,pmf,invasion,0.000548
2026-10-08,first confirmed case,1,Kalambayi Kabanga,2026-10-15,pmf,no invasion,0.999452
2026-10-08,first confirmed case,1,Kalamu 1,2026-10-15,pmf,invasion,0.000668
2026-10-08,first confirmed case,1,Kalamu 1,2026-10-15,pmf,no invasion,0.999332
2026-10-08,first confirmed case,1,Kalamu 2,2026-10-15,pmf,invasion,0.00015
2026-10-08,first confirmed case,1,Kalamu 2,2026-10-15,pmf,no invasion,0.99985
2026-10-08,first confirmed case,1,Kalehe,2026-10-15,pmf,invasion,0.001887
2026-10-08,first confirmed case,1,Kalehe,2026-10-15,pmf,no invasion,0.998113
2026-10-08,first confirmed case,1,Kalemie,2026-10-15,pmf,invasion,0.00171
2026-10-08,first confirmed case,1,Kalemie,2026-10-15,pmf,no invasion,0.99829
2026-10-08,first confirmed case,1,Kalenda,2026-10-15,pmf,invasion,0.000563
2026-10-08,first confirmed case,1,Kalenda,2026-10-15,pmf,no invasion,0.999437
2026-10-08,first confirmed case,1,Kalima,2026-10-15,pmf,invasion,0.002142
2026-10-08,first confirmed case,1,Kalima,2026-10-15,pmf,no invasion,0.997858
2026-10-08,first confirmed case,1,Kalole,2026-10-15,pmf,invasion,0.0014
2026-10-08,first confirmed case,1,Kalole,2026-10-15,pmf,no invasion,0.9986
2026-10-08,first confirmed case,1,Kalomba,2026-10-15,pmf,invasion,0.000539
2026-10-08,first confirmed case,1,Kalomba,2026-10-15,pmf,no invasion,0.999461
2026-10-08,first confirmed case,1,Kalonda Est,2026-10-15,pmf,invasion,0.000433
2026-10-08,first confirmed case,1,Kalonda Est,2026-10-15,pmf,no invasion,0.999567
2026-10-08,first confirmed case,1,Kalonda Ouest,2026-10-15,pmf,invasion,0.00049
2026-10-08,first confirmed case,1,Kalonda Ouest,2026-10-15,pmf,no invasion,0.99951
2026-10-08,first confirmed case,1,Kalonge,2026-10-15,pmf,invasion,0.00095
2026-10-08,first confirmed case,1,Kalonge,2026-10-15,pmf,no invasion,0.99905
2026-10-08,first confirmed case,1,Kamalondo,2026-10-15,pmf,invasion,0.000178
2026-10-08,first confirmed case,1,Kamalondo,2026-10-15,pmf,no invasion,0.999822
2026-10-08,first confirmed case,1,Kamana,2026-10-15,pmf,invasion,0.000584
2026-10-08,first confirmed case,1,Kamana,2026-10-15,pmf,no invasion,0.999416
2026-10-08,first confirmed case,1,Kamango,2026-10-15,pmf,invasion,0.011624
2026-10-08,first confirmed case,1,Kamango,2026-10-15,pmf,no invasion,0.988376
2026-10-08,first confirmed case,1,Kambove,2026-10-15,pmf,invasion,0.00019
2026-10-08,first confirmed case,1,Kambove,2026-10-15,pmf,no invasion,0.99981
2026-10-08,first confirmed case,1,Kamiji,2026-10-15,pmf,invasion,0.000762
2026-10-08,first confirmed case,1,Kamiji,2026-10-15,pmf,no invasion,0.999238
2026-10-08,first confirmed case,1,Kamina,2026-10-15,pmf,invasion,0.0006
2026-10-08,first confirmed case,1,Kamina,2026-10-15,pmf,no invasion,0.9994
2026-10-08,first confirmed case,1,Kamituga,2026-10-15,pmf,invasion,0.001162
2026-10-08,first confirmed case,1,Kamituga,2026-10-15,pmf,no invasion,0.998838
2026-10-08,first confirmed case,1,Kamonia,2026-10-15,pmf,invasion,6.8e-05
2026-10-08,first confirmed case,1,Kamonia,2026-10-15,pmf,no invasion,0.999932
2026-10-08,first confirmed case,1,Kampemba,2026-10-15,pmf,invasion,0.00032
2026-10-08,first confirmed case,1,Kampemba,2026-10-15,pmf,no invasion,0.99968
2026-10-08,first confirmed case,1,Kampene,2026-10-15,pmf,invasion,0.001487
2026-10-08,first confirmed case,1,Kampene,2026-10-15,pmf,no invasion,0.998513
2026-10-08,first confirmed case,1,Kamwesha,2026-10-15,pmf,invasion,0.000605
2026-10-08,first confirmed case,1,Kamwesha,2026-10-15,pmf,no invasion,0.999395
2026-10-08,first confirmed case,1,Kananga,2026-10-15,pmf,invasion,0.001085
2026-10-08,first confirmed case,1,Kananga,2026-10-15,pmf,no invasion,0.998915
2026-10-08,first confirmed case,1,Kanda Kanda,2026-10-15,pmf,invasion,0.000671
2026-10-08,first confirmed case,1,Kanda Kanda,2026-10-15,pmf,no invasion,0.999329
2026-10-08,first confirmed case,1,Kangu,2026-10-15,pmf,invasion,6e-05
2026-10-08,first confirmed case,1,Kangu,2026-10-15,pmf,no invasion,0.99994
2026-10-08,first confirmed case,1,Kaniama,2026-10-15,pmf,invasion,0.000798
2026-10-08,first confirmed case,1,Kaniama,2026-10-15,pmf,no invasion,0.999202
2026-10-08,first confirmed case,1,Kaniola,2026-10-15,pmf,invasion,0.001576
2026-10-08,first confirmed case,1,Kaniola,2026-10-15,pmf,no invasion,0.998424
2026-10-08,first confirmed case,1,Kansele,2026-10-15,pmf,invasion,0.000371
2026-10-08,first confirmed case,1,Kansele,2026-10-15,pmf,no invasion,0.999629
2026-10-08,first confirmed case,1,Kansimba,2026-10-15,pmf,invasion,0.000555
2026-10-08,first confirmed case,1,Kansimba,2026-10-15,pmf,no invasion,0.999445
2026-10-08,first confirmed case,1,Kanzala,2026-10-15,pmf,invasion,0.000585
2026-10-08,first confirmed case,1,Kanzala,2026-10-15,pmf,no invasion,0.999415
2026-10-08,first confirmed case,1,Kanzenze,2026-10-15,pmf,invasion,9.3e-05
2026-10-08,first confirmed case,1,Kanzenze,2026-10-15,pmf,no invasion,0.999907
2026-10-08,first confirmed case,1,Kapanga,2026-10-15,pmf,invasion,0.000224
2026-10-08,first confirmed case,1,Kapanga,2026-10-15,pmf,no invasion,0.999776
2026-10-08,first confirmed case,1,Kapolowe,2026-10-15,pmf,invasion,0.000191
2026-10-08,first confirmed case,1,Kapolowe,2026-10-15,pmf,no invasion,0.999809
2026-10-08,first confirmed case,1,Karawa,2026-10-15,pmf,invasion,0.000524
2026-10-08,first confirmed case,1,Karawa,2026-10-15,pmf,no invasion,0.999476
2026-10-08,first confirmed case,1,Karisimbi,2026-10-15,pmf,invasion,0.004906
2026-10-08,first confirmed case,1,Karisimbi,2026-10-15,pmf,no invasion,0.995094
2026-10-08,first confirmed case,1,Kasa Vubu,2026-10-15,pmf,invasion,0.000719
2026-10-08,first confirmed case,1,Kasa Vubu,2026-10-15,pmf,no invasion,0.999281
2026-10-08,first confirmed case,1,Kasaji,2026-10-15,pmf,invasion,0.000294
2026-10-08,first confirmed case,1,Kasaji,2026-10-15,pmf,no invasion,0.999706
2026-10-08,first confirmed case,1,Kasansa,2026-10-15,pmf,invasion,0.000897
2026-10-08,first confirmed case,1,Kasansa,2026-10-15,pmf,no invasion,0.999103
2026-10-08,first confirmed case,1,Kasenga,2026-10-15,pmf,invasion,8.8e-05
2026-10-08,first confirmed case,1,Kasenga,2026-10-15,pmf,no invasion,0.999912
2026-10-08,first confirmed case,1,Kashobwe,2026-10-15,pmf,invasion,3.7e-05
2026-10-08,first confirmed case,1,Kashobwe,2026-10-15,pmf,no invasion,0.999963
2026-10-08,first confirmed case,1,Kasongo,2026-10-15,pmf,invasion,0.003009
2026-10-08,first confirmed case,1,Kasongo,2026-10-15,pmf,no invasion,0.996991
2026-10-08,first confirmed case,1,Kasongo Lunda,2026-10-15,pmf,invasion,5.4e-05
2026-10-08,first confirmed case,1,Kasongo Lunda,2026-10-15,pmf,no invasion,0.999946
2026-10-08,first confirmed case,1,Katako Kombe,2026-10-15,pmf,invasion,0.000639
2026-10-08,first confirmed case,1,Katako Kombe,2026-10-15,pmf,no invasion,0.999361
2026-10-08,first confirmed case,1,Katana,2026-10-15,pmf,invasion,0.002584
2026-10-08,first confirmed case,1,Katana,2026-10-15,pmf,no invasion,0.997416
2026-10-08,first confirmed case,1,Katende,2026-10-15,pmf,invasion,0.000486
2026-10-08,first confirmed case,1,Katende,2026-10-15,pmf,no invasion,0.999514
2026-10-08,first confirmed case,1,Katoka,2026-10-15,pmf,invasion,0.000559
2026-10-08,first confirmed case,1,Katoka,2026-10-15,pmf,no invasion,0.999441
2026-10-08,first confirmed case,1,Katoyi,2026-10-15,pmf,invasion,0.004659
2026-10-08,first confirmed case,1,Katoyi,2026-10-15,pmf,no invasion,0.995341
2026-10-08,first confirmed case,1,Katuba,2026-10-15,pmf,invasion,4.6e-05
2026-10-08,first confirmed case,1,Katuba,2026-10-15,pmf,no invasion,0.999954
2026-10-08,first confirmed case,1,Kayamba,2026-10-15,pmf,invasion,0.000208
2026-10-08,first confirmed case,1,Kayamba,2026-10-15,pmf,no invasion,0.999792
2026-10-08,first confirmed case,1,Kaziba,2026-10-15,pmf,invasion,0.000929
2026-10-08,first confirmed case,1,Kaziba,2026-10-15,pmf,no invasion,0.999071
2026-10-08,first confirmed case,1,Kenge,2026-10-15,pmf,invasion,0.000733
2026-10-08,first confirmed case,1,Kenge,2026-10-15,pmf,no invasion,0.999267
2026-10-08,first confirmed case,1,Kenya,2026-10-15,pmf,invasion,0.000272
2026-10-08,first confirmed case,1,Kenya,2026-10-15,pmf,no invasion,0.999728
2026-10-08,first confirmed case,1,Kiambi,2026-10-15,pmf,invasion,0.000528
2026-10-08,first confirmed case,1,Kiambi,2026-10-15,pmf,no invasion,0.999472
2026-10-08,first confirmed case,1,Kibirizi,2026-10-15,pmf,invasion,0.021116
2026-10-08,first confirmed case,1,Kibirizi,2026-10-15,pmf,no invasion,0.978884
2026-10-08,first confirmed case,1,Kibombo,2026-10-15,pmf,invasion,0.000756
2026-10-08,first confirmed case,1,Kibombo,2026-10-15,pmf,no invasion,0.999244
2026-10-08,first confirmed case,1,Kibua,2026-10-15,pmf,invasion,0.00234
2026-10-08,first confirmed case,1,Kibua,2026-10-15,pmf,no invasion,0.99766
2026-10-08,first confirmed case,1,Kibunzi,2026-10-15,pmf,invasion,3.7e-05
2026-10-08,first confirmed case,1,Kibunzi,2026-10-15,pmf,no invasion,0.999963
2026-10-08,first confirmed case,1,Kikimi,2026-10-15,pmf,invasion,0.000372
2026-10-08,first confirmed case,1,Kikimi,2026-10-15,pmf,no invasion,0.999628
2026-10-08,first confirmed case,1,Kikongo,2026-10-15,pmf,invasion,0.00024
2026-10-08,first confirmed case,1,Kikongo,2026-10-15,pmf,no invasion,0.99976
2026-10-08,first confirmed case,1,Kikula,2026-10-15,pmf,invasion,9e-05
2026-10-08,first confirmed case,1,Kikula,2026-10-15,pmf,no invasion,0.99991
2026-10-08,first confirmed case,1,Kikwit Nord,2026-10-15,pmf,invasion,0.000653
2026-10-08,first confirmed case,1,Kikwit Nord,2026-10-15,pmf,no invasion,0.999347
2026-10-08,first confirmed case,1,Kikwit Sud,2026-10-15,pmf,invasion,0.00043
2026-10-08,first confirmed case,1,Kikwit Sud,2026-10-15,pmf,no invasion,0.99957
2026-10-08,first confirmed case,1,Kilela Balanda,2026-10-15,pmf,invasion,3.7e-05
2026-10-08,first confirmed case,1,Kilela Balanda,2026-10-15,pmf,no invasion,0.999963
2026-10-08,first confirmed case,1,Kilwa,2026-10-15,pmf,invasion,0.000258
2026-10-08,first confirmed case,1,Kilwa,2026-10-15,pmf,no invasion,0.999742
2026-10-08,first confirmed case,1,Kimbanseke,2026-10-15,pmf,invasion,7.9e-05
2026-10-08,first confirmed case,1,Kimbanseke,2026-10-15,pmf,no invasion,0.999921
2026-10-08,first confirmed case,1,Kimbao,2026-10-15,pmf,invasion,0.000204
2026-10-08,first confirmed case,1,Kimbao,2026-10-15,pmf,no invasion,0.999796
2026-10-08,first confirmed case,1,Kimbi Lulenge,2026-10-15,pmf,invasion,0.001489
2026-10-08,first confirmed case,1,Kimbi Lulenge,2026-10-15,pmf,no invasion,0.998511
2026-10-08,first confirmed case,1,Kimpangu,2026-10-15,pmf,invasion,3.6e-05
2026-10-08,first confirmed case,1,Kimpangu,2026-10-15,pmf,no invasion,0.999964
2026-10-08,first confirmed case,1,Kimpese,2026-10-15,pmf,invasion,0.000195
2026-10-08,first confirmed case,1,Kimpese,2026-10-15,pmf,no invasion,0.999805
2026-10-08,first confirmed case,1,Kimputu,2026-10-15,pmf,invasion,0.000759
2026-10-08,first confirmed case,1,Kimputu,2026-10-15,pmf,no invasion,0.999241
2026-10-08,first confirmed case,1,Kimvula,2026-10-15,pmf,invasion,0.000297
2026-10-08,first confirmed case,1,Kimvula,2026-10-15,pmf,no invasion,0.999703
2026-10-08,first confirmed case,1,Kinda,2026-10-15,pmf,invasion,0.0001
2026-10-08,first confirmed case,1,Kinda,2026-10-15,pmf,no invasion,0.9999
2026-10-08,first confirmed case,1,Kindu,2026-10-15,pmf,invasion,0.010005
2026-10-08,first confirmed case,1,Kindu,2026-10-15,pmf,no invasion,0.989995
2026-10-08,first confirmed case,1,Kingabwa,2026-10-15,pmf,invasion,0.000362
2026-10-08,first confirmed case,1,Kingabwa,2026-10-15,pmf,no invasion,0.999638
2026-10-08,first confirmed case,1,Kingandu,2026-10-15,pmf,invasion,0.000154
2026-10-08,first confirmed case,1,Kingandu,2026-10-15,pmf,no invasion,0.999846
2026-10-08,first confirmed case,1,Kingasani,2026-10-15,pmf,invasion,0.000194
2026-10-08,first confirmed case,1,Kingasani,2026-10-15,pmf,no invasion,0.999806
2026-10-08,first confirmed case,1,Kinkondja,2026-10-15,pmf,invasion,0.000287
2026-10-08,first confirmed case,1,Kinkondja,2026-10-15,pmf,no invasion,0.999713
2026-10-08,first confirmed case,1,Kinkonzi,2026-10-15,pmf,invasion,3.2e-05
2026-10-08,first confirmed case,1,Kinkonzi,2026-10-15,pmf,no invasion,0.999968
2026-10-08,first confirmed case,1,Kinshasa,2026-10-15,pmf,invasion,0.000816
2026-10-08,first confirmed case,1,Kinshasa,2026-10-15,pmf,no invasion,0.999184
2026-10-08,first confirmed case,1,Kintambo,2026-10-15,pmf,invasion,0.000736
2026-10-08,first confirmed case,1,Kintambo,2026-10-15,pmf,no invasion,0.999264
2026-10-08,first confirmed case,1,Kipushi,2026-10-15,pmf,invasion,0.000178
2026-10-08,first confirmed case,1,Kipushi,2026-10-15,pmf,no invasion,0.999822
2026-10-08,first confirmed case,1,Kiri,2026-10-15,pmf,invasion,0.000121
2026-10-08,first confirmed case,1,Kiri,2026-10-15,pmf,no invasion,0.999879
2026-10-08,first confirmed case,1,Kirotshe,2026-10-15,pmf,invasion,0.007368
2026-10-08,first confirmed case,1,Kirotshe,2026-10-15,pmf,no invasion,0.992632
2026-10-08,first confirmed case,1,Kisanga,2026-10-15,pmf,invasion,0.000156
2026-10-08,first confirmed case,1,Kisanga,2026-10-15,pmf,no invasion,0.999844
2026-10-08,first confirmed case,1,Kisanji,2026-10-15,pmf,invasion,0.000133
2026-10-08,first confirmed case,1,Kisanji,2026-10-15,pmf,no invasion,0.999867
2026-10-08,first confirmed case,1,Kisantu,2026-10-15,pmf,invasion,0.000195
2026-10-08,first confirmed case,1,Kisantu,2026-10-15,pmf,no invasion,0.999805
2026-10-08,first confirmed case,1,Kisenso,2026-10-15,pmf,invasion,0.000178
2026-10-08,first confirmed case,1,Kisenso,2026-10-15,pmf,no invasion,0.999822
2026-10-08,first confirmed case,1,Kitangwa,2026-10-15,pmf,invasion,0.000682
2026-10-08,first confirmed case,1,Kitangwa,2026-10-15,pmf,no invasion,0.999318
2026-10-08,first confirmed case,1,Kitenda,2026-10-15,pmf,invasion,6.5e-05
2026-10-08,first confirmed case,1,Kitenda,2026-10-15,pmf,no invasion,0.999935
2026-10-08,first confirmed case,1,Kitenge,2026-10-15,pmf,invasion,0.000764
2026-10-08,first confirmed case,1,Kitenge,2026-10-15,pmf,no invasion,0.999236
2026-10-08,first confirmed case,1,Kitona,2026-10-15,pmf,invasion,5e-06
2026-10-08,first confirmed case,1,Kitona,2026-10-15,pmf,no invasion,0.999995
2026-10-08,first confirmed case,1,Kitutu,2026-10-15,pmf,invasion,0.001086
2026-10-08,first confirmed case,1,Kitutu,2026-10-15,pmf,no invasion,0.998914
2026-10-08,first confirmed case,1,Kizu,2026-10-15,pmf,invasion,2e-05
2026-10-08,first confirmed case,1,Kizu,2026-10-15,pmf,no invasion,0.99998
2026-10-08,first confirmed case,1,Kokolo,2026-10-15,pmf,invasion,0.000968
2026-10-08,first confirmed case,1,Kokolo,2026-10-15,pmf,no invasion,0.999032
2026-10-08,first confirmed case,1,Kole,2026-10-15,pmf,invasion,0.000324
2026-10-08,first confirmed case,1,Kole,2026-10-15,pmf,no invasion,0.999676
2026-10-08,first confirmed case,1,Kongolo,2026-10-15,pmf,invasion,0.002011
2026-10-08,first confirmed case,1,Kongolo,2026-10-15,pmf,no invasion,0.997989
2026-10-08,first confirmed case,1,Koshibanda,2026-10-15,pmf,invasion,0.00048
2026-10-08,first confirmed case,1,Koshibanda,2026-10-15,pmf,no invasion,0.99952
2026-10-08,first confirmed case,1,Kowe,2026-10-15,pmf,invasion,2.2e-05
2026-10-08,first confirmed case,1,Kowe,2026-10-15,pmf,no invasion,0.999978
2026-10-08,first confirmed case,1,Kuimba,2026-10-15,pmf,invasion,8e-06
2026-10-08,first confirmed case,1,Kuimba,2026-10-15,pmf,no invasion,0.999992
2026-10-08,first confirmed case,1,Kunda,2026-10-15,pmf,invasion,0.002082
2026-10-08,first confirmed case,1,Kunda,2026-10-15,pmf,no invasion,0.997918
2026-10-08,first confirmed case,1,Kungu,2026-10-15,pmf,invasion,0.000277
2026-10-08,first confirmed case,1,Kungu,2026-10-15,pmf,no invasion,0.999723
2026-10-08,first confirmed case,1,Kwamouth,2026-10-15,pmf,invasion,0.000148
2026-10-08,first confirmed case,1,Kwamouth,2026-10-15,pmf,no invasion,0.999852
2026-10-08,first confirmed case,1,Kwilu Ngongo,2026-10-15,pmf,invasion,0.000151
2026-10-08,first confirmed case,1,Kwilu Ngongo,2026-10-15,pmf,no invasion,0.999849
2026-10-08,first confirmed case,1,Laybo,2026-10-15,pmf,invasion,0.007661
2026-10-08,first confirmed case,1,Laybo,2026-10-15,pmf,no invasion,0.992339
2026-10-08,first confirmed case,1,Lemba,2026-10-15,pmf,invasion,0.000987
2026-10-08,first confirmed case,1,Lemba,2026-10-15,pmf,no invasion,0.999013
2026-10-08,first confirmed case,1,Lemera,2026-10-15,pmf,invasion,0.003776
2026-10-08,first confirmed case,1,Lemera,2026-10-15,pmf,no invasion,0.996224
2026-10-08,first confirmed case,1,Libenge,2026-10-15,pmf,invasion,0.000275
2026-10-08,first confirmed case,1,Libenge,2026-10-15,pmf,no invasion,0.999725
2026-10-08,first confirmed case,1,Likasi,2026-10-15,pmf,invasion,0.000141
2026-10-08,first confirmed case,1,Likasi,2026-10-15,pmf,no invasion,0.999859
2026-10-08,first confirmed case,1,Likati,2026-10-15,pmf,invasion,0.001422
2026-10-08,first confirmed case,1,Likati,2026-10-15,pmf,no invasion,0.998578
2026-10-08,first confirmed case,1,Lilanga Bobangi,2026-10-15,pmf,invasion,1.8e-05
2026-10-08,first confirmed case,1,Lilanga Bobangi,2026-10-15,pmf,no invasion,0.999982
2026-10-08,first confirmed case,1,Limete,2026-10-15,pmf,invasion,0.001411
2026-10-08,first confirmed case,1,Limete,2026-10-15,pmf,no invasion,0.998589
2026-10-08,first confirmed case,1,Linga,2026-10-15,pmf,invasion,0.053401
2026-10-08,first confirmed case,1,Linga,2026-10-15,pmf,no invasion,0.946599
2026-10-08,first confirmed case,1,Lingomo,2026-10-15,pmf,invasion,0.000776
2026-10-08,first confirmed case,1,Lingomo,2026-10-15,pmf,no invasion,0.999224
2026-10-08,first confirmed case,1,Lingwala,2026-10-15,pmf,invasion,0.001036
2026-10-08,first confirmed case,1,Lingwala,2026-10-15,pmf,no invasion,0.998964
2026-10-08,first confirmed case,1,Lisala,2026-10-15,pmf,invasion,0.002172
2026-10-08,first confirmed case,1,Lisala,2026-10-15,pmf,no invasion,0.997828
2026-10-08,first confirmed case,1,Lodja,2026-10-15,pmf,invasion,0.001699
2026-10-08,first confirmed case,1,Lodja,2026-10-15,pmf,no invasion,0.998301
2026-10-08,first confirmed case,1,Loko,2026-10-15,pmf,invasion,0.000279
2026-10-08,first confirmed case,1,Loko,2026-10-15,pmf,no invasion,0.999721
2026-10-08,first confirmed case,1,Lolo,2026-10-15,pmf,invasion,0.009677
2026-10-08,first confirmed case,1,Lolo,2026-10-15,pmf,no invasion,0.990323
2026-10-08,first confirmed case,1,Lomela,2026-10-15,pmf,invasion,0.000512
2026-10-08,first confirmed case,1,Lomela,2026-10-15,pmf,no invasion,0.999488
2026-10-08,first confirmed case,1,Lotumbe,2026-10-15,pmf,invasion,0.00013
2026-10-08,first confirmed case,1,Lotumbe,2026-10-15,pmf,no invasion,0.99987
2026-10-08,first confirmed case,1,Lowa,2026-10-15,pmf,invasion,0.001826
2026-10-08,first confirmed case,1,Lowa,2026-10-15,pmf,no invasion,0.998174
2026-10-08,first confirmed case,1,Lualaba,2026-10-15,pmf,invasion,0.000385
2026-10-08,first confirmed case,1,Lualaba,2026-10-15,pmf,no invasion,0.999615
2026-10-08,first confirmed case,1,Luambo,2026-10-15,pmf,invasion,0.000322
2026-10-08,first confirmed case,1,Luambo,2026-10-15,pmf,no invasion,0.999678
2026-10-08,first confirmed case,1,Lubao,2026-10-15,pmf,invasion,0.002739
2026-10-08,first confirmed case,1,Lubao,2026-10-15,pmf,no invasion,0.997261
2026-10-08,first confirmed case,1,Lubilanji,2026-10-15,pmf,invasion,0.000346
2026-10-08,first confirmed case,1,Lubilanji,2026-10-15,pmf,no invasion,0.999654
2026-10-08,first confirmed case,1,Lubondaie,2026-10-15,pmf,invasion,0.000811
2026-10-08,first confirmed case,1,Lubondaie,2026-10-15,pmf,no invasion,0.999189
2026-10-08,first confirmed case,1,Lubudi,2026-10-15,pmf,invasion,0.000183
2026-10-08,first confirmed case,1,Lubudi,2026-10-15,pmf,no invasion,0.999817
2026-10-08,first confirmed case,1,Lubumbashi,2026-10-15,pmf,invasion,0.001252
2026-10-08,first confirmed case,1,Lubumbashi,2026-10-15,pmf,no invasion,0.998748
2026-10-08,first confirmed case,1,Lubunga (Kasaï-Central),2026-10-15,pmf,invasion,0.000898
2026-10-08,first confirmed case,1,Lubunga (Kasaï-Central),2026-10-15,pmf,no invasion,0.999102
2026-10-08,first confirmed case,1,Lubutu,2026-10-15,pmf,invasion,0.004744
2026-10-08,first confirmed case,1,Lubutu,2026-10-15,pmf,no invasion,0.995256
2026-10-08,first confirmed case,1,Ludimbi Lukula,2026-10-15,pmf,invasion,0.002129
2026-10-08,first confirmed case,1,Ludimbi Lukula,2026-10-15,pmf,no invasion,0.997871
2026-10-08,first confirmed case,1,Luebo,2026-10-15,pmf,invasion,0.00066
2026-10-08,first confirmed case,1,Luebo,2026-10-15,pmf,no invasion,0.99934
2026-10-08,first confirmed case,1,Luiza,2026-10-15,pmf,invasion,0.000583
2026-10-08,first confirmed case,1,Luiza,2026-10-15,pmf,no invasion,0.999417
2026-10-08,first confirmed case,1,Lukafu,2026-10-15,pmf,invasion,0.00012
2026-10-08,first confirmed case,1,Lukafu,2026-10-15,pmf,no invasion,0.99988
2026-10-08,first confirmed case,1,Lukelenge,2026-10-15,pmf,invasion,0.000459
2026-10-08,first confirmed case,1,Lukelenge,2026-10-15,pmf,no invasion,0.999541
2026-10-08,first confirmed case,1,Lukolela,2026-10-15,pmf,invasion,0.000136
2026-10-08,first confirmed case,1,Lukolela,2026-10-15,pmf,no invasion,0.999864
2026-10-08,first confirmed case,1,Lukonga,2026-10-15,pmf,invasion,0.000637
2026-10-08,first confirmed case,1,Lukonga,2026-10-15,pmf,no invasion,0.999363
2026-10-08,first confirmed case,1,Lukula,2026-10-15,pmf,invasion,0.0001
2026-10-08,first confirmed case,1,Lukula,2026-10-15,pmf,no invasion,0.9999
2026-10-08,first confirmed case,1,Lulingu,2026-10-15,pmf,invasion,0.001808
2026-10-08,first confirmed case,1,Lulingu,2026-10-15,pmf,no invasion,0.998192
2026-10-08,first confirmed case,1,Luozi,2026-10-15,pmf,invasion,0.000297
2026-10-08,first confirmed case,1,Luozi,2026-10-15,pmf,no invasion,0.999703
2026-10-08,first confirmed case,1,Luputa,2026-10-15,pmf,invasion,0.001007
2026-10-08,first confirmed case,1,Luputa,2026-10-15,pmf,no invasion,0.998993
2026-10-08,first confirmed case,1,Lusambo,2026-10-15,pmf,invasion,0.000403
2026-10-08,first confirmed case,1,Lusambo,2026-10-15,pmf,no invasion,0.999597
2026-10-08,first confirmed case,1,Lusanga,2026-10-15,pmf,invasion,0.000657
2026-10-08,first confirmed case,1,Lusanga,2026-10-15,pmf,no invasion,0.999343
2026-10-08,first confirmed case,1,Lusangi,2026-10-15,pmf,invasion,0.001039
2026-10-08,first confirmed case,1,Lusangi,2026-10-15,pmf,no invasion,0.998961
2026-10-08,first confirmed case,1,Lwamba,2026-10-15,pmf,invasion,0.000628
2026-10-08,first confirmed case,1,Lwamba,2026-10-15,pmf,no invasion,0.999372
2026-10-08,first confirmed case,1,Makala,2026-10-15,pmf,invasion,0.000149
2026-10-08,first confirmed case,1,Makala,2026-10-15,pmf,no invasion,0.999851
2026-10-08,first confirmed case,1,Makanza,2026-10-15,pmf,invasion,0.000459
2026-10-08,first confirmed case,1,Makanza,2026-10-15,pmf,no invasion,0.999541
2026-10-08,first confirmed case,1,Makoro,2026-10-15,pmf,invasion,0.022161
2026-10-08,first confirmed case,1,Makoro,2026-10-15,pmf,no invasion,0.977839
2026-10-08,first confirmed case,1,Makota,2026-10-15,pmf,invasion,0.000411
2026-10-08,first confirmed case,1,Makota,2026-10-15,pmf,no invasion,0.999589
2026-10-08,first confirmed case,1,Malemba Nkulu,2026-10-15,pmf,invasion,0.000563
2026-10-08,first confirmed case,1,Malemba Nkulu,2026-10-15,pmf,no invasion,0.999437
2026-10-08,first confirmed case,1,Maluku 1,2026-10-15,pmf,invasion,0.000476
2026-10-08,first confirmed case,1,Maluku 1,2026-10-15,pmf,no invasion,0.999524
2026-10-08,first confirmed case,1,Maluku 2,2026-10-15,pmf,invasion,0.00032
2026-10-08,first confirmed case,1,Maluku 2,2026-10-15,pmf,no invasion,0.99968
2026-10-08,first confirmed case,1,Mampoko,2026-10-15,pmf,invasion,0.000141
2026-10-08,first confirmed case,1,Mampoko,2026-10-15,pmf,no invasion,0.999859
2026-10-08,first confirmed case,1,Mangembo,2026-10-15,pmf,invasion,0.000149
2026-10-08,first confirmed case,1,Mangembo,2026-10-15,pmf,no invasion,0.999851
2026-10-08,first confirmed case,1,Manika,2026-10-15,pmf,invasion,0.000525
2026-10-08,first confirmed case,1,Manika,2026-10-15,pmf,no invasion,0.999475
2026-10-08,first confirmed case,1,Manono,2026-10-15,pmf,invasion,0.000895
2026-10-08,first confirmed case,1,Manono,2026-10-15,pmf,no invasion,0.999105
2026-10-08,first confirmed case,1,Masi Manimba,2026-10-15,pmf,invasion,0.000432
2026-10-08,first confirmed case,1,Masi Manimba,2026-10-15,pmf,no invasion,0.999568
2026-10-08,first confirmed case,1,Masina 1,2026-10-15,pmf,invasion,0.000582
2026-10-08,first confirmed case,1,Masina 1,2026-10-15,pmf,no invasion,0.999418
2026-10-08,first confirmed case,1,Masina 2,2026-10-15,pmf,invasion,0.000324
2026-10-08,first confirmed case,1,Masina 2,2026-10-15,pmf,no invasion,0.999676
2026-10-08,first confirmed case,1,Masisi,2026-10-15,pmf,invasion,0.00716
2026-10-08,first confirmed case,1,Masisi,2026-10-15,pmf,no invasion,0.99284
2026-10-08,first confirmed case,1,Massa,2026-10-15,pmf,invasion,0.00011
2026-10-08,first confirmed case,1,Massa,2026-10-15,pmf,no invasion,0.99989
2026-10-08,first confirmed case,1,Masuika,2026-10-15,pmf,invasion,0.001755
2026-10-08,first confirmed case,1,Masuika,2026-10-15,pmf,no invasion,0.998245
2026-10-08,first confirmed case,1,Matadi,2026-10-15,pmf,invasion,0.000174
2026-10-08,first confirmed case,1,Matadi,2026-10-15,pmf,no invasion,0.999826
2026-10-08,first confirmed case,1,Matete,2026-10-15,pmf,invasion,0.000495
2026-10-08,first confirmed case,1,Matete,2026-10-15,pmf,no invasion,0.999505
2026-10-08,first confirmed case,1,Mawuya,2026-10-15,pmf,invasion,0.000274
2026-10-08,first confirmed case,1,Mawuya,2026-10-15,pmf,no invasion,0.999726
2026-10-08,first confirmed case,1,Mbandaka,2026-10-15,pmf,invasion,0.000409
2026-10-08,first confirmed case,1,Mbandaka,2026-10-15,pmf,no invasion,0.999591
2026-10-08,first confirmed case,1,Mbanza Ngungu,2026-10-15,pmf,invasion,0.000162
2026-10-08,first confirmed case,1,Mbanza Ngungu,2026-10-15,pmf,no invasion,0.999838
2026-10-08,first confirmed case,1,Mbaya,2026-10-15,pmf,invasion,0.001885
2026-10-08,first confirmed case,1,Mbaya,2026-10-15,pmf,no invasion,0.998115
2026-10-08,first confirmed case,1,Mbulula,2026-10-15,pmf,invasion,0.001448
2026-10-08,first confirmed case,1,Mbulula,2026-10-15,pmf,no invasion,0.998552
2026-10-08,first confirmed case,1,Miabi,2026-10-15,pmf,invasion,0.000298
2026-10-08,first confirmed case,1,Miabi,2026-10-15,pmf,no invasion,0.999702
2026-10-08,first confirmed case,1,Mikalayi,2026-10-15,pmf,invasion,0.00066
2026-10-08,first confirmed case,1,Mikalayi,2026-10-15,pmf,no invasion,0.99934
2026-10-08,first confirmed case,1,Mikope,2026-10-15,pmf,invasion,0.000275
2026-10-08,first confirmed case,1,Mikope,2026-10-15,pmf,no invasion,0.999725
2026-10-08,first confirmed case,1,Mimia,2026-10-15,pmf,invasion,9.9e-05
2026-10-08,first confirmed case,1,Mimia,2026-10-15,pmf,no invasion,0.999901
2026-10-08,first confirmed case,1,Minembwe,2026-10-15,pmf,invasion,0.002349
2026-10-08,first confirmed case,1,Minembwe,2026-10-15,pmf,no invasion,0.997651
2026-10-08,first confirmed case,1,Minga,2026-10-15,pmf,invasion,0.000534
2026-10-08,first confirmed case,1,Minga,2026-10-15,pmf,no invasion,0.999466
2026-10-08,first confirmed case,1,Minova,2026-10-15,pmf,invasion,0.004017
2026-10-08,first confirmed case,1,Minova,2026-10-15,pmf,no invasion,0.995983
2026-10-08,first confirmed case,1,Mitwaba,2026-10-15,pmf,invasion,0.000168
2026-10-08,first confirmed case,1,Mitwaba,2026-10-15,pmf,no invasion,0.999832
2026-10-08,first confirmed case,1,Moanza,2026-10-15,pmf,invasion,0.000454
2026-10-08,first confirmed case,1,Moanza,2026-10-15,pmf,no invasion,0.999546
2026-10-08,first confirmed case,1,Moba,2026-10-15,pmf,invasion,0.000804
2026-10-08,first confirmed case,1,Moba,2026-10-15,pmf,no invasion,0.999196
2026-10-08,first confirmed case,1,Mobayi Mbongo,2026-10-15,pmf,invasion,0.000259
2026-10-08,first confirmed case,1,Mobayi Mbongo,2026-10-15,pmf,no invasion,0.999741
2026-10-08,first confirmed case,1,Mokala,2026-10-15,pmf,invasion,0.000308
2026-10-08,first confirmed case,1,Mokala,2026-10-15,pmf,no invasion,0.999692
2026-10-08,first confirmed case,1,Mompono,2026-10-15,pmf,invasion,0.001218
2026-10-08,first confirmed case,1,Mompono,2026-10-15,pmf,no invasion,0.998782
2026-10-08,first confirmed case,1,Mondombe,2026-10-15,pmf,invasion,0.000622
2026-10-08,first confirmed case,1,Mondombe,2026-10-15,pmf,no invasion,0.999378
2026-10-08,first confirmed case,1,Monga,2026-10-15,pmf,invasion,0.00072
2026-10-08,first confirmed case,1,Monga,2026-10-15,pmf,no invasion,0.99928
2026-10-08,first confirmed case,1,Monieka,2026-10-15,pmf,invasion,0.000113
2026-10-08,first confirmed case,1,Monieka,2026-10-15,pmf,no invasion,0.999887
2026-10-08,first confirmed case,1,Monkoto,2026-10-15,pmf,invasion,0.00025
2026-10-08,first confirmed case,1,Monkoto,2026-10-15,pmf,no invasion,0.99975
2026-10-08,first confirmed case,1,Mont Ngafula 1,2026-10-15,pmf,invasion,0.000559
2026-10-08,first confirmed case,1,Mont Ngafula 1,2026-10-15,pmf,no invasion,0.999441
2026-10-08,first confirmed case,1,Mont Ngafula 2,2026-10-15,pmf,invasion,0.000439
2026-10-08,first confirmed case,1,Mont Ngafula 2,2026-10-15,pmf,no invasion,0.999561
2026-10-08,first confirmed case,1,Mosango,2026-10-15,pmf,invasion,0.000364
2026-10-08,first confirmed case,1,Mosango,2026-10-15,pmf,no invasion,0.999636
2026-10-08,first confirmed case,1,Mpokolo,2026-10-15,pmf,invasion,0.001038
2026-10-08,first confirmed case,1,Mpokolo,2026-10-15,pmf,no invasion,0.998962
2026-10-08,first confirmed case,1,Muanda,2026-10-15,pmf,invasion,1.3e-05
2026-10-08,first confirmed case,1,Muanda,2026-10-15,pmf,no invasion,0.999987
2026-10-08,first confirmed case,1,Mubumbano,2026-10-15,pmf,invasion,0.001796
2026-10-08,first confirmed case,1,Mubumbano,2026-10-15,pmf,no invasion,0.998204
2026-10-08,first confirmed case,1,Muetshi,2026-10-15,pmf,invasion,0.000339
2026-10-08,first confirmed case,1,Muetshi,2026-10-15,pmf,no invasion,0.999661
2026-10-08,first confirmed case,1,Mufunga Sampwe,2026-10-15,pmf,invasion,0.000733
2026-10-08,first confirmed case,1,Mufunga Sampwe,2026-10-15,pmf,no invasion,0.999267
2026-10-08,first confirmed case,1,Mukanga,2026-10-15,pmf,invasion,0.000386
2026-10-08,first confirmed case,1,Mukanga,2026-10-15,pmf,no invasion,0.999614
2026-10-08,first confirmed case,1,Mukedi,2026-10-15,pmf,invasion,0.000566
2026-10-08,first confirmed case,1,Mukedi,2026-10-15,pmf,no invasion,0.999434
2026-10-08,first confirmed case,1,Mukumbi,2026-10-15,pmf,invasion,0.001157
2026-10-08,first confirmed case,1,Mukumbi,2026-10-15,pmf,no invasion,0.998843
2026-10-08,first confirmed case,1,Mulongo,2026-10-15,pmf,invasion,0.000398
2026-10-08,first confirmed case,1,Mulongo,2026-10-15,pmf,no invasion,0.999602
2026-10-08,first confirmed case,1,Mulumba,2026-10-15,pmf,invasion,0.001
2026-10-08,first confirmed case,1,Mulumba,2026-10-15,pmf,no invasion,0.999
2026-10-08,first confirmed case,1,Mulungu,2026-10-15,pmf,invasion,0.00158
2026-10-08,first confirmed case,1,Mulungu,2026-10-15,pmf,no invasion,0.99842
2026-10-08,first confirmed case,1,Mumbunda,2026-10-15,pmf,invasion,0.000941
2026-10-08,first confirmed case,1,Mumbunda,2026-10-15,pmf,no invasion,0.999059
2026-10-08,first confirmed case,1,Mungindu,2026-10-15,pmf,invasion,0.000563
2026-10-08,first confirmed case,1,Mungindu,2026-10-15,pmf,no invasion,0.999437
2026-10-08,first confirmed case,1,Mushenge,2026-10-15,pmf,invasion,0.000222
2026-10-08,first confirmed case,1,Mushenge,2026-10-15,pmf,no invasion,0.999778
2026-10-08,first confirmed case,1,Mushie,2026-10-15,pmf,invasion,0.000129
2026-10-08,first confirmed case,1,Mushie,2026-10-15,pmf,no invasion,0.999871
2026-10-08,first confirmed case,1,Mutena,2026-10-15,pmf,invasion,0.000191
2026-10-08,first confirmed case,1,Mutena,2026-10-15,pmf,no invasion,0.999809
2026-10-08,first confirmed case,1,Mutoto,2026-10-15,pmf,invasion,0.000609
2026-10-08,first confirmed case,1,Mutoto,2026-10-15,pmf,no invasion,0.999391
2026-10-08,first confirmed case,1,Mutshatsha,2026-10-15,pmf,invasion,3.3e-05
2026-10-08,first confirmed case,1,Mutshatsha,2026-10-15,pmf,no invasion,0.999967
2026-10-08,first confirmed case,1,Muya,2026-10-15,pmf,invasion,0.000354
2026-10-08,first confirmed case,1,Muya,2026-10-15,pmf,no invasion,0.999646
2026-10-08,first confirmed case,1,Mwana,2026-10-15,pmf,invasion,0.002174
2026-10-08,first confirmed case,1,Mwana,2026-10-15,pmf,no invasion,0.997826
2026-10-08,first confirmed case,1,Mweka,2026-10-15,pmf,invasion,0.000661
2026-10-08,first confirmed case,1,Mweka,2026-10-15,pmf,no invasion,0.999339
2026-10-08,first confirmed case,1,Mwela Lembwa,2026-10-15,pmf,invasion,0.000106
2026-10-08,first confirmed case,1,Mwela Lembwa,2026-10-15,pmf,no invasion,0.999894
2026-10-08,first confirmed case,1,Mweneditu,2026-10-15,pmf,invasion,0.000973
2026-10-08,first confirmed case,1,Mweneditu,2026-10-15,pmf,no invasion,0.999027
2026-10-08,first confirmed case,1,Mwenga,2026-10-15,pmf,invasion,0.00264
2026-10-08,first confirmed case,1,Mwenga,2026-10-15,pmf,no invasion,0.99736
2026-10-08,first confirmed case,1,Mweso,2026-10-15,pmf,invasion,0.00662
2026-10-08,first confirmed case,1,Mweso,2026-10-15,pmf,no invasion,0.99338
2026-10-08,first confirmed case,1,Ndage,2026-10-15,pmf,invasion,0.000537
2026-10-08,first confirmed case,1,Ndage,2026-10-15,pmf,no invasion,0.999463
2026-10-08,first confirmed case,1,Ndekesha,2026-10-15,pmf,invasion,0.001418
2026-10-08,first confirmed case,1,Ndekesha,2026-10-15,pmf,no invasion,0.998582
2026-10-08,first confirmed case,1,Ndesha,2026-10-15,pmf,invasion,0.00016
2026-10-08,first confirmed case,1,Ndesha,2026-10-15,pmf,no invasion,0.99984
2026-10-08,first confirmed case,1,Ndjili,2026-10-15,pmf,invasion,0.000341
2026-10-08,first confirmed case,1,Ndjili,2026-10-15,pmf,no invasion,0.999659
2026-10-08,first confirmed case,1,Ndjoko Mpunda,2026-10-15,pmf,invasion,0.000984
2026-10-08,first confirmed case,1,Ndjoko Mpunda,2026-10-15,pmf,no invasion,0.999016
2026-10-08,first confirmed case,1,Ngaba,2026-10-15,pmf,invasion,8.1e-05
2026-10-08,first confirmed case,1,Ngaba,2026-10-15,pmf,no invasion,0.999919
2026-10-08,first confirmed case,1,Ngandajika,2026-10-15,pmf,invasion,0.00238
2026-10-08,first confirmed case,1,Ngandajika,2026-10-15,pmf,no invasion,0.99762
2026-10-08,first confirmed case,1,Ngidinga,2026-10-15,pmf,invasion,9.8e-05
2026-10-08,first confirmed case,1,Ngidinga,2026-10-15,pmf,no invasion,0.999902
2026-10-08,first confirmed case,1,Ngiri Ngiri,2026-10-15,pmf,invasion,0.000241
2026-10-08,first confirmed case,1,Ngiri Ngiri,2026-10-15,pmf,no invasion,0.999759
2026-10-08,first confirmed case,1,Niangara,2026-10-15,pmf,invasion,0.044835
2026-10-08,first confirmed case,1,Niangara,2026-10-15,pmf,no invasion,0.955165
2026-10-08,first confirmed case,1,Nioki,2026-10-15,pmf,invasion,0.000152
2026-10-08,first confirmed case,1,Nioki,2026-10-15,pmf,no invasion,0.999848
2026-10-08,first confirmed case,1,Nsele,2026-10-15,pmf,invasion,0.001779
2026-10-08,first confirmed case,1,Nsele,2026-10-15,pmf,no invasion,0.998221
2026-10-08,first confirmed case,1,Nselo,2026-10-15,pmf,invasion,5e-05
2026-10-08,first confirmed case,1,Nselo,2026-10-15,pmf,no invasion,0.99995
2026-10-08,first confirmed case,1,Nsona Mpangu,2026-10-15,pmf,invasion,0.000136
2026-10-08,first confirmed case,1,Nsona Mpangu,2026-10-15,pmf,no invasion,0.999864
2026-10-08,first confirmed case,1,Ntandembelo,2026-10-15,pmf,invasion,0.00012
2026-10-08,first confirmed case,1,Ntandembelo,2026-10-15,pmf,no invasion,0.99988
2026-10-08,first confirmed case,1,Ntondo,2026-10-15,pmf,invasion,0.000121
2026-10-08,first confirmed case,1,Ntondo,2026-10-15,pmf,no invasion,0.999879
2026-10-08,first confirmed case,1,Nundu,2026-10-15,pmf,invasion,0.00275
2026-10-08,first confirmed case,1,Nundu,2026-10-15,pmf,no invasion,0.99725
2026-10-08,first confirmed case,1,Nyanga,2026-10-15,pmf,invasion,0.000171
2026-10-08,first confirmed case,1,Nyanga,2026-10-15,pmf,no invasion,0.999829
2026-10-08,first confirmed case,1,Nyangezi,2026-10-15,pmf,invasion,0.001981
2026-10-08,first confirmed case,1,Nyangezi,2026-10-15,pmf,no invasion,0.998019
2026-10-08,first confirmed case,1,Nyantende,2026-10-15,pmf,invasion,0.001567
2026-10-08,first confirmed case,1,Nyantende,2026-10-15,pmf,no invasion,0.998433
2026-10-08,first confirmed case,1,Nyarambe,2026-10-15,pmf,invasion,0.009559
2026-10-08,first confirmed case,1,Nyarambe,2026-10-15,pmf,no invasion,0.990441
2026-10-08,first confirmed case,1,Nyemba,2026-10-15,pmf,invasion,0.002691
2026-10-08,first confirmed case,1,Nyemba,2026-10-15,pmf,no invasion,0.997309
2026-10-08,first confirmed case,1,Nyiragongo,2026-10-15,pmf,invasion,0.004023
2026-10-08,first confirmed case,1,Nyiragongo,2026-10-15,pmf,no invasion,0.995977
2026-10-08,first confirmed case,1,Nyunzu,2026-10-15,pmf,invasion,0.001152
2026-10-08,first confirmed case,1,Nyunzu,2026-10-15,pmf,no invasion,0.998848
2026-10-08,first confirmed case,1,Nzaba,2026-10-15,pmf,invasion,0.000716
2026-10-08,first confirmed case,1,Nzaba,2026-10-15,pmf,no invasion,0.999284
2026-10-08,first confirmed case,1,Nzanza,2026-10-15,pmf,invasion,3.7e-05
2026-10-08,first confirmed case,1,Nzanza,2026-10-15,pmf,no invasion,0.999963
2026-10-08,first confirmed case,1,Obokote,2026-10-15,pmf,invasion,0.0005
2026-10-08,first confirmed case,1,Obokote,2026-10-15,pmf,no invasion,0.9995
2026-10-08,first confirmed case,1,Omendjadi,2026-10-15,pmf,invasion,0.001631
2026-10-08,first confirmed case,1,Omendjadi,2026-10-15,pmf,no invasion,0.998369
2026-10-08,first confirmed case,1,Opala,2026-10-15,pmf,invasion,0.000954
2026-10-08,first confirmed case,1,Opala,2026-10-15,pmf,no invasion,0.999046
2026-10-08,first confirmed case,1,Opienge,2026-10-15,pmf,invasion,0.003403
2026-10-08,first confirmed case,1,Opienge,2026-10-15,pmf,no invasion,0.996597
2026-10-08,first confirmed case,1,Oshwe,2026-10-15,pmf,invasion,0.000169
2026-10-08,first confirmed case,1,Oshwe,2026-10-15,pmf,no invasion,0.999831
2026-10-08,first confirmed case,1,Ototo,2026-10-15,pmf,invasion,0.000509
2026-10-08,first confirmed case,1,Ototo,2026-10-15,pmf,no invasion,0.999491
2026-10-08,first confirmed case,1,Panda,2026-10-15,pmf,invasion,9.8e-05
2026-10-08,first confirmed case,1,Panda,2026-10-15,pmf,no invasion,0.999902
2026-10-08,first confirmed case,1,Pangi,2026-10-15,pmf,invasion,0.000436
2026-10-08,first confirmed case,1,Pangi,2026-10-15,pmf,no invasion,0.999564
2026-10-08,first confirmed case,1,Pania Mutombo,2026-10-15,pmf,invasion,0.000248
2026-10-08,first confirmed case,1,Pania Mutombo,2026-10-15,pmf,no invasion,0.999752
2026-10-08,first confirmed case,1,Panzi,2026-10-15,pmf,invasion,0.000222
2026-10-08,first confirmed case,1,Panzi,2026-10-15,pmf,no invasion,0.999778
2026-10-08,first confirmed case,1,Pay Kongila,2026-10-15,pmf,invasion,0.000247
2026-10-08,first confirmed case,1,Pay Kongila,2026-10-15,pmf,no invasion,0.999753
2026-10-08,first confirmed case,1,Pendjwa,2026-10-15,pmf,invasion,0.000282
2026-10-08,first confirmed case,1,Pendjwa,2026-10-15,pmf,no invasion,0.999718
2026-10-08,first confirmed case,1,Pimu,2026-10-15,pmf,invasion,0.000436
2026-10-08,first confirmed case,1,Pimu,2026-10-15,pmf,no invasion,0.999564
2026-10-08,first confirmed case,1,Pinga,2026-10-15,pmf,invasion,0.004154
2026-10-08,first confirmed case,1,Pinga,2026-10-15,pmf,no invasion,0.995846
2026-10-08,first confirmed case,1,Poko,2026-10-15,pmf,invasion,0.039109
2026-10-08,first confirmed case,1,Poko,2026-10-15,pmf,no invasion,0.960891
2026-10-08,first confirmed case,1,Police,2026-10-15,pmf,invasion,0.000203
2026-10-08,first confirmed case,1,Police,2026-10-15,pmf,no invasion,0.999797
2026-10-08,first confirmed case,1,Popokabaka,2026-10-15,pmf,invasion,0.000196
2026-10-08,first confirmed case,1,Popokabaka,2026-10-15,pmf,no invasion,0.999804
2026-10-08,first confirmed case,1,Punia,2026-10-15,pmf,invasion,0.002225
2026-10-08,first confirmed case,1,Punia,2026-10-15,pmf,no invasion,0.997775
2026-10-08,first confirmed case,1,Pweto,2026-10-15,pmf,invasion,0.000255
2026-10-08,first confirmed case,1,Pweto,2026-10-15,pmf,no invasion,0.999745
2026-10-08,first confirmed case,1,Rethy,2026-10-15,pmf,invasion,0.136772
2026-10-08,first confirmed case,1,Rethy,2026-10-15,pmf,no invasion,0.863228
2026-10-08,first confirmed case,1,Ruashi,2026-10-15,pmf,invasion,0.000197
2026-10-08,first confirmed case,1,Ruashi,2026-10-15,pmf,no invasion,0.999803
2026-10-08,first confirmed case,1,Rutshuru,2026-10-15,pmf,invasion,0.009041
2026-10-08,first confirmed case,1,Rutshuru,2026-10-15,pmf,no invasion,0.990959
2026-10-08,first confirmed case,1,Ruzizi,2026-10-15,pmf,invasion,0.006262
2026-10-08,first confirmed case,1,Ruzizi,2026-10-15,pmf,no invasion,0.993738
2026-10-08,first confirmed case,1,Rwanguba,2026-10-15,pmf,invasion,0.01184
2026-10-08,first confirmed case,1,Rwanguba,2026-10-15,pmf,no invasion,0.98816
2026-10-08,first confirmed case,1,Sakania,2026-10-15,pmf,invasion,0.000212
2026-10-08,first confirmed case,1,Sakania,2026-10-15,pmf,no invasion,0.999788
2026-10-08,first confirmed case,1,Samba,2026-10-15,pmf,invasion,0.000986
2026-10-08,first confirmed case,1,Samba,2026-10-15,pmf,no invasion,0.999014
2026-10-08,first confirmed case,1,Sandoa,2026-10-15,pmf,invasion,0.000237
2026-10-08,first confirmed case,1,Sandoa,2026-10-15,pmf,no invasion,0.999763
2026-10-08,first confirmed case,1,Saramabila,2026-10-15,pmf,invasion,0.001912
2026-10-08,first confirmed case,1,Saramabila,2026-10-15,pmf,no invasion,0.998088
2026-10-08,first confirmed case,1,Seke Banza,2026-10-15,pmf,invasion,9.5e-05
2026-10-08,first confirmed case,1,Seke Banza,2026-10-15,pmf,no invasion,0.999905
2026-10-08,first confirmed case,1,Selembao,2026-10-15,pmf,invasion,0.000406
2026-10-08,first confirmed case,1,Selembao,2026-10-15,pmf,no invasion,0.999594
2026-10-08,first confirmed case,1,Shabunda,2026-10-15,pmf,invasion,0.003843
2026-10-08,first confirmed case,1,Shabunda,2026-10-15,pmf,no invasion,0.996157
2026-10-08,first confirmed case,1,Sia,2026-10-15,pmf,invasion,0.000181
2026-10-08,first confirmed case,1,Sia,2026-10-15,pmf,no invasion,0.999819
2026-10-08,first confirmed case,1,Sona Bata,2026-10-15,pmf,invasion,8e-05
2026-10-08,first confirmed case,1,Sona Bata,2026-10-15,pmf,no invasion,0.99992
2026-10-08,first confirmed case,1,Songa,2026-10-15,pmf,invasion,0.000238
2026-10-08,first confirmed case,1,Songa,2026-10-15,pmf,no invasion,0.999762
2026-10-08,first confirmed case,1,Tandala,2026-10-15,pmf,invasion,0.000495
2026-10-08,first confirmed case,1,Tandala,2026-10-15,pmf,no invasion,0.999505
2026-10-08,first confirmed case,1,Tembo,2026-10-15,pmf,invasion,1.8e-05
2026-10-08,first confirmed case,1,Tembo,2026-10-15,pmf,no invasion,0.999982
2026-10-08,first confirmed case,1,Titule,2026-10-15,pmf,invasion,0.004628
2026-10-08,first confirmed case,1,Titule,2026-10-15,pmf,no invasion,0.995372
2026-10-08,first confirmed case,1,Tshamilemba,2026-10-15,pmf,invasion,0.000519
2026-10-08,first confirmed case,1,Tshamilemba,2026-10-15,pmf,no invasion,0.999481
2026-10-08,first confirmed case,1,Tshela,2026-10-15,pmf,invasion,1e-05
2026-10-08,first confirmed case,1,Tshela,2026-10-15,pmf,no invasion,0.99999
2026-10-08,first confirmed case,1,Tshibala,2026-10-15,pmf,invasion,0.001195
2026-10-08,first confirmed case,1,Tshibala,2026-10-15,pmf,no invasion,0.998805
2026-10-08,first confirmed case,1,Tshikaji,2026-10-15,pmf,invasion,0.000606
2026-10-08,first confirmed case,1,Tshikaji,2026-10-15,pmf,no invasion,0.999394
2026-10-08,first confirmed case,1,Tshikapa,2026-10-15,pmf,invasion,0.000588
2026-10-08,first confirmed case,1,Tshikapa,2026-10-15,pmf,no invasion,0.999412
2026-10-08,first confirmed case,1,Tshikula,2026-10-15,pmf,invasion,0.000324
2026-10-08,first confirmed case,1,Tshikula,2026-10-15,pmf,no invasion,0.999676
2026-10-08,first confirmed case,1,Tshilenge,2026-10-15,pmf,invasion,0.000545
2026-10-08,first confirmed case,1,Tshilenge,2026-10-15,pmf,no invasion,0.999455
2026-10-08,first confirmed case,1,Tshishimbi,2026-10-15,pmf,invasion,0.000306
2026-10-08,first confirmed case,1,Tshishimbi,2026-10-15,pmf,no invasion,0.999694
2026-10-08,first confirmed case,1,Tshofa,2026-10-15,pmf,invasion,0.002298
2026-10-08,first confirmed case,1,Tshofa,2026-10-15,pmf,no invasion,0.997702
2026-10-08,first confirmed case,1,Tshudi Loto,2026-10-15,pmf,invasion,0.000431
2026-10-08,first confirmed case,1,Tshudi Loto,2026-10-15,pmf,no invasion,0.999569
2026-10-08,first confirmed case,1,Tshumbe,2026-10-15,pmf,invasion,0.000559
2026-10-08,first confirmed case,1,Tshumbe,2026-10-15,pmf,no invasion,0.999441
2026-10-08,first confirmed case,1,Tunda,2026-10-15,pmf,invasion,0.000402
2026-10-08,first confirmed case,1,Tunda,2026-10-15,pmf,no invasion,0.999598
2026-10-08,first confirmed case,1,Ubundu,2026-10-15,pmf,invasion,0.002229
2026-10-08,first confirmed case,1,Ubundu,2026-10-15,pmf,no invasion,0.997771
2026-10-08,first confirmed case,1,Uvira,2026-10-15,pmf,invasion,0.01048
2026-10-08,first confirmed case,1,Uvira,2026-10-15,pmf,no invasion,0.98952
2026-10-08,first confirmed case,1,Vaku,2026-10-15,pmf,invasion,5.4e-05
2026-10-08,first confirmed case,1,Vaku,2026-10-15,pmf,no invasion,0.999946
2026-10-08,first confirmed case,1,Vanga,2026-10-15,pmf,invasion,0.000549
2026-10-08,first confirmed case,1,Vanga,2026-10-15,pmf,no invasion,0.999451
2026-10-08,first confirmed case,1,Vanga Kete,2026-10-15,pmf,invasion,0.0006
2026-10-08,first confirmed case,1,Vanga Kete,2026-10-15,pmf,no invasion,0.9994
2026-10-08,first confirmed case,1,Vangu,2026-10-15,pmf,invasion,2.9e-05
2026-10-08,first confirmed case,1,Vangu,2026-10-15,pmf,no invasion,0.999971
2026-10-08,first confirmed case,1,Walikale,2026-10-15,pmf,invasion,0.009199
2026-10-08,first confirmed case,1,Walikale,2026-10-15,pmf,no invasion,0.990802
2026-10-08,first confirmed case,1,Walungu,2026-10-15,pmf,invasion,0.00259
2026-10-08,first confirmed case,1,Walungu,2026-10-15,pmf,no invasion,0.99741
2026-10-08,first confirmed case,1,Wamba Lwadi,2026-10-15,pmf,invasion,0.000157
2026-10-08,first confirmed case,1,Wamba Lwadi,2026-10-15,pmf,no invasion,0.999843
2026-10-08,first confirmed case,1,Wangata,2026-10-15,pmf,invasion,0.000407
2026-10-08,first confirmed case,1,Wangata,2026-10-15,pmf,no invasion,0.999593
2026-10-08,first confirmed case,1,Wapinda,2026-10-15,pmf,invasion,0.000505
2026-10-08,first confirmed case,1,Wapinda,2026-10-15,pmf,no invasion,0.999495
2026-10-08,first confirmed case,1,Wasolo,2026-10-15,pmf,invasion,0.000821
2026-10-08,first confirmed case,1,Wasolo,2026-10-15,pmf,no invasion,0.999179
2026-10-08,first confirmed case,1,Watsa,2026-10-15,pmf,invasion,0.077145
2026-10-08,first confirmed case,1,Watsa,2026-10-15,pmf,no invasion,0.922856
2026-10-08,first confirmed case,1,Wema,2026-10-15,pmf,invasion,0.000171
2026-10-08,first confirmed case,1,Wema,2026-10-15,pmf,no invasion,0.999829
2026-10-08,first confirmed case,1,Wembo Nyama,2026-10-15,pmf,invasion,0.00045
2026-10-08,first confirmed case,1,Wembo Nyama,2026-10-15,pmf,no invasion,0.99955
2026-10-08,first confirmed case,1,Wikong,2026-10-15,pmf,invasion,0.000299
2026-10-08,first confirmed case,1,Wikong,2026-10-15,pmf,no invasion,0.999701
2026-10-08,first confirmed case,1,Yabaondo,2026-10-15,pmf,invasion,0.003338
2026-10-08,first confirmed case,1,Yabaondo,2026-10-15,pmf,no invasion,0.996662
2026-10-08,first confirmed case,1,Yahisuli,2026-10-15,pmf,invasion,0.00148
2026-10-08,first confirmed case,1,Yahisuli,2026-10-15,pmf,no invasion,0.99852
2026-10-08,first confirmed case,1,Yahuma,2026-10-15,pmf,invasion,0.001544
2026-10-08,first confirmed case,1,Yahuma,2026-10-15,pmf,no invasion,0.998456
2026-10-08,first confirmed case,1,Yakoma,2026-10-15,pmf,invasion,0.00074
2026-10-08,first confirmed case,1,Yakoma,2026-10-15,pmf,no invasion,0.99926
2026-10-08,first confirmed case,1,Yakusu,2026-10-15,pmf,invasion,0.047127
2026-10-08,first confirmed case,1,Yakusu,2026-10-15,pmf,no invasion,0.952873
2026-10-08,first confirmed case,1,Yaleko,2026-10-15,pmf,invasion,0.001915
2026-10-08,first confirmed case,1,Yaleko,2026-10-15,pmf,no invasion,0.998085
2026-10-08,first confirmed case,1,Yalifafu,2026-10-15,pmf,invasion,0.00161
2026-10-08,first confirmed case,1,Yalifafu,2026-10-15,pmf,no invasion,0.99839
2026-10-08,first confirmed case,1,Yalimbongo,2026-10-15,pmf,invasion,0.014271
2026-10-08,first confirmed case,1,Yalimbongo,2026-10-15,pmf,no invasion,0.985729
2026-10-08,first confirmed case,1,Yamaluka,2026-10-15,pmf,invasion,0.001756
2026-10-08,first confirmed case,1,Yamaluka,2026-10-15,pmf,no invasion,0.998244
2026-10-08,first confirmed case,1,Yambuku,2026-10-15,pmf,invasion,0.001521
2026-10-08,first confirmed case,1,Yambuku,2026-10-15,pmf,no invasion,0.998479
2026-10-08,first confirmed case,1,Yamongili,2026-10-15,pmf,invasion,0.001535
2026-10-08,first confirmed case,1,Yamongili,2026-10-15,pmf,no invasion,0.998465
2026-10-08,first confirmed case,1,Yangala,2026-10-15,pmf,invasion,0.001106
2026-10-08,first confirmed case,1,Yangala,2026-10-15,pmf,no invasion,0.998894
2026-10-08,first confirmed case,1,Yasa Bonga,2026-10-15,pmf,invasion,0.000382
2026-10-08,first confirmed case,1,Yasa Bonga,2026-10-15,pmf,no invasion,0.999618
2026-10-08,first confirmed case,1,Yumbi,2026-10-15,pmf,invasion,0.0001
2026-10-08,first confirmed case,1,Yumbi,2026-10-15,pmf,no invasion,0.9999
2026-10-08,first confirmed case,1,Zongo,2026-10-15,pmf,invasion,6.4e-05
2026-10-08,first confirmed case,1,Zongo,2026-10-15,pmf,no invasion,0.999936
2026-10-08,first confirmed case,2,Aba,2026-10-22,pmf,invasion,0.018257
2026-10-08,first confirmed case,2,Aba,2026-10-22,pmf,no invasion,0.981743
2026-10-08,first confirmed case,2,Abuzi,2026-10-22,pmf,invasion,0.001217
2026-10-08,first confirmed case,2,Abuzi,2026-10-22,pmf,no invasion,0.998783
2026-10-08,first confirmed case,2,Adi,2026-10-22,pmf,invasion,0.013376
2026-10-08,first confirmed case,2,Adi,2026-10-22,pmf,no invasion,0.986624
2026-10-08,first confirmed case,2,Aketi,2026-10-22,pmf,invasion,0.005299
2026-10-08,first confirmed case,2,Aketi,2026-10-22,pmf,no invasion,0.994701
2026-10-08,first confirmed case,2,Alunguli,2026-10-22,pmf,invasion,0.001888
2026-10-08,first confirmed case,2,Alunguli,2026-10-22,pmf,no invasion,0.998112
2026-10-08,first confirmed case,2,Angumu,2026-10-22,pmf,invasion,0.008143
2026-10-08,first confirmed case,2,Angumu,2026-10-22,pmf,no invasion,0.991857
2026-10-08,first confirmed case,2,Ankoro,2026-10-22,pmf,invasion,0.000733
2026-10-08,first confirmed case,2,Ankoro,2026-10-22,pmf,no invasion,0.999267
2026-10-08,first confirmed case,2,Bafwagbogbo,2026-10-22,pmf,invasion,0.020462
2026-10-08,first confirmed case,2,Bafwagbogbo,2026-10-22,pmf,no invasion,0.979538
2026-10-08,first confirmed case,2,Bagata,2026-10-22,pmf,invasion,0.000378
2026-10-08,first confirmed case,2,Bagata,2026-10-22,pmf,no invasion,0.999622
2026-10-08,first confirmed case,2,Bagira,2026-10-22,pmf,invasion,0.003556
2026-10-08,first confirmed case,2,Bagira,2026-10-22,pmf,no invasion,0.996444
2026-10-08,first confirmed case,2,Baka,2026-10-22,pmf,invasion,0.000101
2026-10-08,first confirmed case,2,Baka,2026-10-22,pmf,no invasion,0.999899
2026-10-08,first confirmed case,2,Bambo,2026-10-22,pmf,invasion,0.006248
2026-10-08,first confirmed case,2,Bambo,2026-10-22,pmf,no invasion,0.993752
2026-10-08,first confirmed case,2,Banalia,2026-10-22,pmf,invasion,0.027496
2026-10-08,first confirmed case,2,Banalia,2026-10-22,pmf,no invasion,0.972504
2026-10-08,first confirmed case,2,Bandalungwa,2026-10-22,pmf,invasion,0.000639
2026-10-08,first confirmed case,2,Bandalungwa,2026-10-22,pmf,no invasion,0.999361
2026-10-08,first confirmed case,2,Bandundu,2026-10-22,pmf,invasion,0.000256
2026-10-08,first confirmed case,2,Bandundu,2026-10-22,pmf,no invasion,0.999744
2026-10-08,first confirmed case,2,Banga Lubaka,2026-10-22,pmf,invasion,0.000205
2026-10-08,first confirmed case,2,Banga Lubaka,2026-10-22,pmf,no invasion,0.999795
2026-10-08,first confirmed case,2,Bangabola,2026-10-22,pmf,invasion,0.000289
2026-10-08,first confirmed case,2,Bangabola,2026-10-22,pmf,no invasion,0.999711
2026-10-08,first confirmed case,2,Banzow Moke,2026-10-22,pmf,invasion,0.000194
2026-10-08,first confirmed case,2,Banzow Moke,2026-10-22,pmf,no invasion,0.999806
2026-10-08,first confirmed case,2,Barumbu,2026-10-22,pmf,invasion,0.000661
2026-10-08,first confirmed case,2,Barumbu,2026-10-22,pmf,no invasion,0.999339
2026-10-08,first confirmed case,2,Basankusu,2026-10-22,pmf,invasion,0.000513
2026-10-08,first confirmed case,2,Basankusu,2026-10-22,pmf,no invasion,0.999487
2026-10-08,first confirmed case,2,Befale,2026-10-22,pmf,invasion,0.000536
2026-10-08,first confirmed case,2,Befale,2026-10-22,pmf,no invasion,0.999464
2026-10-08,first confirmed case,2,Bena Dibele,2026-10-22,pmf,invasion,0.000496
2026-10-08,first confirmed case,2,Bena Dibele,2026-10-22,pmf,no invasion,0.999504
2026-10-08,first confirmed case,2,Bena Leka,2026-10-22,pmf,invasion,0.000843
2026-10-08,first confirmed case,2,Bena Leka,2026-10-22,pmf,no invasion,0.999157
2026-10-08,first confirmed case,2,Bena Tshadi,2026-10-22,pmf,invasion,0.000268
2026-10-08,first confirmed case,2,Bena Tshadi,2026-10-22,pmf,no invasion,0.999732
2026-10-08,first confirmed case,2,Bengamisa,2026-10-22,pmf,invasion,0.0077
2026-10-08,first confirmed case,2,Bengamisa,2026-10-22,pmf,no invasion,0.9923
2026-10-08,first confirmed case,2,Bibanga,2026-10-22,pmf,invasion,0.000673
2026-10-08,first confirmed case,2,Bibanga,2026-10-22,pmf,no invasion,0.999327
2026-10-08,first confirmed case,2,Bikoro,2026-10-22,pmf,invasion,0.00025
2026-10-08,first confirmed case,2,Bikoro,2026-10-22,pmf,no invasion,0.99975
2026-10-08,first confirmed case,2,Bili (Bas-Uele),2026-10-22,pmf,invasion,0.004228
2026-10-08,first confirmed case,2,Bili (Bas-Uele),2026-10-22,pmf,no invasion,0.995772
2026-10-08,first confirmed case,2,Bili (Nord-Ubangi),2026-10-22,pmf,invasion,0.001219
2026-10-08,first confirmed case,2,Bili (Nord-Ubangi),2026-10-22,pmf,no invasion,0.998781
2026-10-08,first confirmed case,2,Bilomba,2026-10-22,pmf,invasion,0.001325
2026-10-08,first confirmed case,2,Bilomba,2026-10-22,pmf,no invasion,0.998675
2026-10-08,first confirmed case,2,Binga,2026-10-22,pmf,invasion,0.001246
2026-10-08,first confirmed case,2,Binga,2026-10-22,pmf,no invasion,0.998754
2026-10-08,first confirmed case,2,Binza,2026-10-22,pmf,invasion,0.004664
2026-10-08,first confirmed case,2,Binza,2026-10-22,pmf,no invasion,0.995336
2026-10-08,first confirmed case,2,Binza Meteo,2026-10-22,pmf,invasion,0.000852
2026-10-08,first confirmed case,2,Binza Meteo,2026-10-22,pmf,no invasion,0.999148
2026-10-08,first confirmed case,2,Binza Ozone,2026-10-22,pmf,invasion,0.001983
2026-10-08,first confirmed case,2,Binza Ozone,2026-10-22,pmf,no invasion,0.998017
2026-10-08,first confirmed case,2,Bipemba,2026-10-22,pmf,invasion,0.000673
2026-10-08,first confirmed case,2,Bipemba,2026-10-22,pmf,no invasion,0.999327
2026-10-08,first confirmed case,2,Birambizo,2026-10-22,pmf,invasion,0.002642
2026-10-08,first confirmed case,2,Birambizo,2026-10-22,pmf,no invasion,0.997358
2026-10-08,first confirmed case,2,Biringi,2026-10-22,pmf,invasion,0.035938
2026-10-08,first confirmed case,2,Biringi,2026-10-22,pmf,no invasion,0.964062
2026-10-08,first confirmed case,2,Biyela,2026-10-22,pmf,invasion,0.000167
2026-10-08,first confirmed case,2,Biyela,2026-10-22,pmf,no invasion,0.999833
2026-10-08,first confirmed case,2,Bobozo,2026-10-22,pmf,invasion,0.000274
2026-10-08,first confirmed case,2,Bobozo,2026-10-22,pmf,no invasion,0.999726
2026-10-08,first confirmed case,2,Boende,2026-10-22,pmf,invasion,0.000888
2026-10-08,first confirmed case,2,Boende,2026-10-22,pmf,no invasion,0.999112
2026-10-08,first confirmed case,2,Bogosenubea,2026-10-22,pmf,invasion,0.000538
2026-10-08,first confirmed case,2,Bogosenubea,2026-10-22,pmf,no invasion,0.999462
2026-10-08,first confirmed case,2,Boko,2026-10-22,pmf,invasion,0.000519
2026-10-08,first confirmed case,2,Boko,2026-10-22,pmf,no invasion,0.999481
2026-10-08,first confirmed case,2,Boko Kivulu,2026-10-22,pmf,invasion,0.000198
2026-10-08,first confirmed case,2,Boko Kivulu,2026-10-22,pmf,no invasion,0.999802
2026-10-08,first confirmed case,2,Bokonzi,2026-10-22,pmf,invasion,0.000245
2026-10-08,first confirmed case,2,Bokonzi,2026-10-22,pmf,no invasion,0.999755
2026-10-08,first confirmed case,2,Bokoro,2026-10-22,pmf,invasion,0.000731
2026-10-08,first confirmed case,2,Bokoro,2026-10-22,pmf,no invasion,0.999269
2026-10-08,first confirmed case,2,Bokungu,2026-10-22,pmf,invasion,0.002218
2026-10-08,first confirmed case,2,Bokungu,2026-10-22,pmf,no invasion,0.997782
2026-10-08,first confirmed case,2,Bolenge,2026-10-22,pmf,invasion,0.000317
2026-10-08,first confirmed case,2,Bolenge,2026-10-22,pmf,no invasion,0.999683
2026-10-08,first confirmed case,2,Bolobo,2026-10-22,pmf,invasion,0.000236
2026-10-08,first confirmed case,2,Bolobo,2026-10-22,pmf,no invasion,0.999764
2026-10-08,first confirmed case,2,Bolomba,2026-10-22,pmf,invasion,0.00052
2026-10-08,first confirmed case,2,Bolomba,2026-10-22,pmf,no invasion,0.99948
2026-10-08,first confirmed case,2,Boma,2026-10-22,pmf,invasion,0.00011
2026-10-08,first confirmed case,2,Boma,2026-10-22,pmf,no invasion,0.99989
2026-10-08,first confirmed case,2,Boma Bungu,2026-10-22,pmf,invasion,6.3e-05
2026-10-08,first confirmed case,2,Boma Bungu,2026-10-22,pmf,no invasion,0.999937
2026-10-08,first confirmed case,2,Bominenge,2026-10-22,pmf,invasion,0.000619
2026-10-08,first confirmed case,2,Bominenge,2026-10-22,pmf,no invasion,0.999381
2026-10-08,first confirmed case,2,Bomongo,2026-10-22,pmf,invasion,0.0001
2026-10-08,first confirmed case,2,Bomongo,2026-10-22,pmf,no invasion,0.9999
2026-10-08,first confirmed case,2,Bondo,2026-10-22,pmf,invasion,0.008134
2026-10-08,first confirmed case,2,Bondo,2026-10-22,pmf,no invasion,0.991866
2026-10-08,first confirmed case,2,Bongandanga,2026-10-22,pmf,invasion,0.000849
2026-10-08,first confirmed case,2,Bongandanga,2026-10-22,pmf,no invasion,0.999151
2026-10-08,first confirmed case,2,Bonzola,2026-10-22,pmf,invasion,0.001409
2026-10-08,first confirmed case,2,Bonzola,2026-10-22,pmf,no invasion,0.998591
2026-10-08,first confirmed case,2,Boso Manzi,2026-10-22,pmf,invasion,0.000508
2026-10-08,first confirmed case,2,Boso Manzi,2026-10-22,pmf,no invasion,0.999492
2026-10-08,first confirmed case,2,Boso Mondanda,2026-10-22,pmf,invasion,0.000363
2026-10-08,first confirmed case,2,Boso Mondanda,2026-10-22,pmf,no invasion,0.999637
2026-10-08,first confirmed case,2,Bosobe,2026-10-22,pmf,invasion,0.000191
2026-10-08,first confirmed case,2,Bosobe,2026-10-22,pmf,no invasion,0.999809
2026-10-08,first confirmed case,2,Bosobolo,2026-10-22,pmf,invasion,0.000502
2026-10-08,first confirmed case,2,Bosobolo,2026-10-22,pmf,no invasion,0.999498
2026-10-08,first confirmed case,2,Bosondjo,2026-10-22,pmf,invasion,0.000655
2026-10-08,first confirmed case,2,Bosondjo,2026-10-22,pmf,no invasion,0.999345
2026-10-08,first confirmed case,2,Boto,2026-10-22,pmf,invasion,0.000295
2026-10-08,first confirmed case,2,Boto,2026-10-22,pmf,no invasion,0.999705
2026-10-08,first confirmed case,2,Budjala,2026-10-22,pmf,invasion,0.002314
2026-10-08,first confirmed case,2,Budjala,2026-10-22,pmf,no invasion,0.997686
2026-10-08,first confirmed case,2,Bukama,2026-10-22,pmf,invasion,0.000609
2026-10-08,first confirmed case,2,Bukama,2026-10-22,pmf,no invasion,0.999391
2026-10-08,first confirmed case,2,Bulape,2026-10-22,pmf,invasion,0.000818
2026-10-08,first confirmed case,2,Bulape,2026-10-22,pmf,no invasion,0.999182
2026-10-08,first confirmed case,2,Bulungu,2026-10-22,pmf,invasion,0.000836
2026-10-08,first confirmed case,2,Bulungu,2026-10-22,pmf,no invasion,0.999164
2026-10-08,first confirmed case,2,Bumba,2026-10-22,pmf,invasion,0.005767
2026-10-08,first confirmed case,2,Bumba,2026-10-22,pmf,no invasion,0.994233
2026-10-08,first confirmed case,2,Bumbu,2026-10-22,pmf,invasion,0.000116
2026-10-08,first confirmed case,2,Bumbu,2026-10-22,pmf,no invasion,0.999884
2026-10-08,first confirmed case,2,Bunkeya,2026-10-22,pmf,invasion,9.2e-05
2026-10-08,first confirmed case,2,Bunkeya,2026-10-22,pmf,no invasion,0.999908
2026-10-08,first confirmed case,2,Bunkonde,2026-10-22,pmf,invasion,0.000985
2026-10-08,first confirmed case,2,Bunkonde,2026-10-22,pmf,no invasion,0.999015
2026-10-08,first confirmed case,2,Bunyakiri,2026-10-22,pmf,invasion,0.00266
2026-10-08,first confirmed case,2,Bunyakiri,2026-10-22,pmf,no invasion,0.99734
2026-10-08,first confirmed case,2,Busanga,2026-10-22,pmf,invasion,0.000321
2026-10-08,first confirmed case,2,Busanga,2026-10-22,pmf,no invasion,0.999679
2026-10-08,first confirmed case,2,Businga,2026-10-22,pmf,invasion,0.000854
2026-10-08,first confirmed case,2,Businga,2026-10-22,pmf,no invasion,0.999146
2026-10-08,first confirmed case,2,Butumba,2026-10-22,pmf,invasion,0.00053
2026-10-08,first confirmed case,2,Butumba,2026-10-22,pmf,no invasion,0.99947
2026-10-08,first confirmed case,2,Bwamanda,2026-10-22,pmf,invasion,0.000653
2026-10-08,first confirmed case,2,Bwamanda,2026-10-22,pmf,no invasion,0.999347
2026-10-08,first confirmed case,2,Cilundu,2026-10-22,pmf,invasion,0.001829
2026-10-08,first confirmed case,2,Cilundu,2026-10-22,pmf,no invasion,0.998171
2026-10-08,first confirmed case,2,Citenge,2026-10-22,pmf,invasion,0.000596
2026-10-08,first confirmed case,2,Citenge,2026-10-22,pmf,no invasion,0.999404
2026-10-08,first confirmed case,2,Dekese,2026-10-22,pmf,invasion,0.000343
2026-10-08,first confirmed case,2,Dekese,2026-10-22,pmf,no invasion,0.999657
2026-10-08,first confirmed case,2,Demba,2026-10-22,pmf,invasion,0.000831
2026-10-08,first confirmed case,2,Demba,2026-10-22,pmf,no invasion,0.999169
2026-10-08,first confirmed case,2,Dibaya,2026-10-22,pmf,invasion,0.001976
2026-10-08,first confirmed case,2,Dibaya,2026-10-22,pmf,no invasion,0.998024
2026-10-08,first confirmed case,2,Dibindi,2026-10-22,pmf,invasion,0.000534
2026-10-08,first confirmed case,2,Dibindi,2026-10-22,pmf,no invasion,0.999466
2026-10-08,first confirmed case,2,Dikungu,2026-10-22,pmf,invasion,0.000867
2026-10-08,first confirmed case,2,Dikungu,2026-10-22,pmf,no invasion,0.999133
2026-10-08,first confirmed case,2,Dilala,2026-10-22,pmf,invasion,0.000311
2026-10-08,first confirmed case,2,Dilala,2026-10-22,pmf,no invasion,0.999689
2026-10-08,first confirmed case,2,Dilolo,2026-10-22,pmf,invasion,3e-05
2026-10-08,first confirmed case,2,Dilolo,2026-10-22,pmf,no invasion,0.99997
2026-10-08,first confirmed case,2,Diulu,2026-10-22,pmf,invasion,0.000822
2026-10-08,first confirmed case,2,Diulu,2026-10-22,pmf,no invasion,0.999178
2026-10-08,first confirmed case,2,Djalo Ndjeka,2026-10-22,pmf,invasion,0.000465
2026-10-08,first confirmed case,2,Djalo Ndjeka,2026-10-22,pmf,no invasion,0.999535
2026-10-08,first confirmed case,2,Djolu,2026-10-22,pmf,invasion,0.002488
2026-10-08,first confirmed case,2,Djolu,2026-10-22,pmf,no invasion,0.997512
2026-10-08,first confirmed case,2,Djombo,2026-10-22,pmf,invasion,0.000568
2026-10-08,first confirmed case,2,Djombo,2026-10-22,pmf,no invasion,0.999432
2026-10-08,first confirmed case,2,Djuma,2026-10-22,pmf,invasion,0.000535
2026-10-08,first confirmed case,2,Djuma,2026-10-22,pmf,no invasion,0.999465
2026-10-08,first confirmed case,2,Doruma,2026-10-22,pmf,invasion,0.006866
2026-10-08,first confirmed case,2,Doruma,2026-10-22,pmf,no invasion,0.993134
2026-10-08,first confirmed case,2,Faradje,2026-10-22,pmf,invasion,0.015549
2026-10-08,first confirmed case,2,Faradje,2026-10-22,pmf,no invasion,0.984451
2026-10-08,first confirmed case,2,Ferekeni,2026-10-22,pmf,invasion,0.000713
2026-10-08,first confirmed case,2,Ferekeni,2026-10-22,pmf,no invasion,0.999287
2026-10-08,first confirmed case,2,Feshi,2026-10-22,pmf,invasion,0.000349
2026-10-08,first confirmed case,2,Feshi,2026-10-22,pmf,no invasion,0.999651
2026-10-08,first confirmed case,2,Fizi,2026-10-22,pmf,invasion,0.005686
2026-10-08,first confirmed case,2,Fizi,2026-10-22,pmf,no invasion,0.994314
2026-10-08,first confirmed case,2,Fungurume,2026-10-22,pmf,invasion,0.000405
2026-10-08,first confirmed case,2,Fungurume,2026-10-22,pmf,no invasion,0.999595
2026-10-08,first confirmed case,2,Gbadolite,2026-10-22,pmf,invasion,0.000313
2026-10-08,first confirmed case,2,Gbadolite,2026-10-22,pmf,no invasion,0.999687
2026-10-08,first confirmed case,2,Gemena,2026-10-22,pmf,invasion,0.001865
2026-10-08,first confirmed case,2,Gemena,2026-10-22,pmf,no invasion,0.998135
2026-10-08,first confirmed case,2,Gombe,2026-10-22,pmf,invasion,0.002897
2026-10-08,first confirmed case,2,Gombe,2026-10-22,pmf,no invasion,0.997103
2026-10-08,first confirmed case,2,Gombe Matadi,2026-10-22,pmf,invasion,0.000277
2026-10-08,first confirmed case,2,Gombe Matadi,2026-10-22,pmf,no invasion,0.999723
2026-10-08,first confirmed case,2,Gungu,2026-10-22,pmf,invasion,0.000586
2026-10-08,first confirmed case,2,Gungu,2026-10-22,pmf,no invasion,0.999414
2026-10-08,first confirmed case,2,Haut Plateau,2026-10-22,pmf,invasion,0.001296
2026-10-08,first confirmed case,2,Haut Plateau,2026-10-22,pmf,no invasion,0.998704
2026-10-08,first confirmed case,2,Ibanda,2026-10-22,pmf,invasion,0.011578
2026-10-08,first confirmed case,2,Ibanda,2026-10-22,pmf,no invasion,0.988422
2026-10-08,first confirmed case,2,Iboko,2026-10-22,pmf,invasion,0.000531
2026-10-08,first confirmed case,2,Iboko,2026-10-22,pmf,no invasion,0.999469
2026-10-08,first confirmed case,2,Idiofa,2026-10-22,pmf,invasion,0.001286
2026-10-08,first confirmed case,2,Idiofa,2026-10-22,pmf,no invasion,0.998714
2026-10-08,first confirmed case,2,Idjwi,2026-10-22,pmf,invasion,0.001387
2026-10-08,first confirmed case,2,Idjwi,2026-10-22,pmf,no invasion,0.998613
2026-10-08,first confirmed case,2,Ikela,2026-10-22,pmf,invasion,0.002347
2026-10-08,first confirmed case,2,Ikela,2026-10-22,pmf,no invasion,0.997653
2026-10-08,first confirmed case,2,Ilebo,2026-10-22,pmf,invasion,0.000427
2026-10-08,first confirmed case,2,Ilebo,2026-10-22,pmf,no invasion,0.999573
2026-10-08,first confirmed case,2,Inga,2026-10-22,pmf,invasion,0.000103
2026-10-08,first confirmed case,2,Inga,2026-10-22,pmf,no invasion,0.999897
2026-10-08,first confirmed case,2,Ingende,2026-10-22,pmf,invasion,0.000334
2026-10-08,first confirmed case,2,Ingende,2026-10-22,pmf,no invasion,0.999666
2026-10-08,first confirmed case,2,Inongo,2026-10-22,pmf,invasion,0.000305
2026-10-08,first confirmed case,2,Inongo,2026-10-22,pmf,no invasion,0.999695
2026-10-08,first confirmed case,2,Ipamu,2026-10-22,pmf,invasion,0.000594
2026-10-08,first confirmed case,2,Ipamu,2026-10-22,pmf,no invasion,0.999406
2026-10-08,first confirmed case,2,Irebu,2026-10-22,pmf,invasion,0.000183
2026-10-08,first confirmed case,2,Irebu,2026-10-22,pmf,no invasion,0.999817
2026-10-08,first confirmed case,2,Isangi,2026-10-22,pmf,invasion,0.007904
2026-10-08,first confirmed case,2,Isangi,2026-10-22,pmf,no invasion,0.992096
2026-10-08,first confirmed case,2,Itebero,2026-10-22,pmf,invasion,0.001917
2026-10-08,first confirmed case,2,Itebero,2026-10-22,pmf,no invasion,0.998083
2026-10-08,first confirmed case,2,Itombwe,2026-10-22,pmf,invasion,0.000676
2026-10-08,first confirmed case,2,Itombwe,2026-10-22,pmf,no invasion,0.999324
2026-10-08,first confirmed case,2,Jiba,2026-10-22,pmf,invasion,0.084217
2026-10-08,first confirmed case,2,Jiba,2026-10-22,pmf,no invasion,0.915783
2026-10-08,first confirmed case,2,Kabalo,2026-10-22,pmf,invasion,0.002072
2026-10-08,first confirmed case,2,Kabalo,2026-10-22,pmf,no invasion,0.997928
2026-10-08,first confirmed case,2,Kabambare,2026-10-22,pmf,invasion,0.001005
2026-10-08,first confirmed case,2,Kabambare,2026-10-22,pmf,no invasion,0.998995
2026-10-08,first confirmed case,2,Kabare,2026-10-22,pmf,invasion,0.003722
2026-10-08,first confirmed case,2,Kabare,2026-10-22,pmf,no invasion,0.996278
2026-10-08,first confirmed case,2,Kabeya Kamwanga,2026-10-22,pmf,invasion,0.00103
2026-10-08,first confirmed case,2,Kabeya Kamwanga,2026-10-22,pmf,no invasion,0.99897
2026-10-08,first confirmed case,2,Kabinda,2026-10-22,pmf,invasion,0.002703
2026-10-08,first confirmed case,2,Kabinda,2026-10-22,pmf,no invasion,0.997297
2026-10-08,first confirmed case,2,Kabondo Dianda,2026-10-22,pmf,invasion,0.000523
2026-10-08,first confirmed case,2,Kabondo Dianda,2026-10-22,pmf,no invasion,0.999477
2026-10-08,first confirmed case,2,Kabongo,2026-10-22,pmf,invasion,0.001305
2026-10-08,first confirmed case,2,Kabongo,2026-10-22,pmf,no invasion,0.998695
2026-10-08,first confirmed case,2,Kadutu,2026-10-22,pmf,invasion,0.008129
2026-10-08,first confirmed case,2,Kadutu,2026-10-22,pmf,no invasion,0.991871
2026-10-08,first confirmed case,2,Kafakumba,2026-10-22,pmf,invasion,0.000737
2026-10-08,first confirmed case,2,Kafakumba,2026-10-22,pmf,no invasion,0.999263
2026-10-08,first confirmed case,2,Kafubu,2026-10-22,pmf,invasion,0.00024
2026-10-08,first confirmed case,2,Kafubu,2026-10-22,pmf,no invasion,0.99976
2026-10-08,first confirmed case,2,Kahemba,2026-10-22,pmf,invasion,0.000256
2026-10-08,first confirmed case,2,Kahemba,2026-10-22,pmf,no invasion,0.999744
2026-10-08,first confirmed case,2,Kailo,2026-10-22,pmf,invasion,0.002149
2026-10-08,first confirmed case,2,Kailo,2026-10-22,pmf,no invasion,0.997851
2026-10-08,first confirmed case,2,Kajiji,2026-10-22,pmf,invasion,0.000107
2026-10-08,first confirmed case,2,Kajiji,2026-10-22,pmf,no invasion,0.999893
2026-10-08,first confirmed case,2,Kakenge,2026-10-22,pmf,invasion,0.000465
2026-10-08,first confirmed case,2,Kakenge,2026-10-22,pmf,no invasion,0.999535
2026-10-08,first confirmed case,2,Kalamba,2026-10-22,pmf,invasion,0.000311
2026-10-08,first confirmed case,2,Kalamba,2026-10-22,pmf,no invasion,0.999689
2026-10-08,first confirmed case,2,Kalambayi Kabanga,2026-10-22,pmf,invasion,0.000779
2026-10-08,first confirmed case,2,Kalambayi Kabanga,2026-10-22,pmf,no invasion,0.999221
2026-10-08,first confirmed case,2,Kalamu 1,2026-10-22,pmf,invasion,0.000926
2026-10-08,first confirmed case,2,Kalamu 1,2026-10-22,pmf,no invasion,0.999074
2026-10-08,first confirmed case,2,Kalamu 2,2026-10-22,pmf,invasion,0.000211
2026-10-08,first confirmed case,2,Kalamu 2,2026-10-22,pmf,no invasion,0.999789
2026-10-08,first confirmed case,2,Kalehe,2026-10-22,pmf,invasion,0.002662
2026-10-08,first confirmed case,2,Kalehe,2026-10-22,pmf,no invasion,0.997338
2026-10-08,first confirmed case,2,Kalemie,2026-10-22,pmf,invasion,0.002429
2026-10-08,first confirmed case,2,Kalemie,2026-10-22,pmf,no invasion,0.997571
2026-10-08,first confirmed case,2,Kalenda,2026-10-22,pmf,invasion,0.000827
2026-10-08,first confirmed case,2,Kalenda,2026-10-22,pmf,no invasion,0.999173
2026-10-08,first confirmed case,2,Kalima,2026-10-22,pmf,invasion,0.003125
2026-10-08,first confirmed case,2,Kalima,2026-10-22,pmf,no invasion,0.996875
2026-10-08,first confirmed case,2,Kalole,2026-10-22,pmf,invasion,0.002104
2026-10-08,first confirmed case,2,Kalole,2026-10-22,pmf,no invasion,0.997896
2026-10-08,first confirmed case,2,Kalomba,2026-10-22,pmf,invasion,0.000754
2026-10-08,first confirmed case,2,Kalomba,2026-10-22,pmf,no invasion,0.999246
2026-10-08,first confirmed case,2,Kalonda Est,2026-10-22,pmf,invasion,0.000623
2026-10-08,first confirmed case,2,Kalonda Est,2026-10-22,pmf,no invasion,0.999377
2026-10-08,first confirmed case,2,Kalonda Ouest,2026-10-22,pmf,invasion,0.000728
2026-10-08,first confirmed case,2,Kalonda Ouest,2026-10-22,pmf,no invasion,0.999272
2026-10-08,first confirmed case,2,Kalonge,2026-10-22,pmf,invasion,0.001347
2026-10-08,first confirmed case,2,Kalonge,2026-10-22,pmf,no invasion,0.998653
2026-10-08,first confirmed case,2,Kamalondo,2026-10-22,pmf,invasion,0.000249
2026-10-08,first confirmed case,2,Kamalondo,2026-10-22,pmf,no invasion,0.999751
2026-10-08,first confirmed case,2,Kamana,2026-10-22,pmf,invasion,0.00083
2026-10-08,first confirmed case,2,Kamana,2026-10-22,pmf,no invasion,0.99917
2026-10-08,first confirmed case,2,Kamango,2026-10-22,pmf,invasion,0.016261
2026-10-08,first confirmed case,2,Kamango,2026-10-22,pmf,no invasion,0.983739
2026-10-08,first confirmed case,2,Kambove,2026-10-22,pmf,invasion,0.000277
2026-10-08,first confirmed case,2,Kambove,2026-10-22,pmf,no invasion,0.999723
2026-10-08,first confirmed case,2,Kamiji,2026-10-22,pmf,invasion,0.001077
2026-10-08,first confirmed case,2,Kamiji,2026-10-22,pmf,no invasion,0.998923
2026-10-08,first confirmed case,2,Kamina,2026-10-22,pmf,invasion,0.000889
2026-10-08,first confirmed case,2,Kamina,2026-10-22,pmf,no invasion,0.999111
2026-10-08,first confirmed case,2,Kamituga,2026-10-22,pmf,invasion,0.001655
2026-10-08,first confirmed case,2,Kamituga,2026-10-22,pmf,no invasion,0.998345
2026-10-08,first confirmed case,2,Kamonia,2026-10-22,pmf,invasion,9.8e-05
2026-10-08,first confirmed case,2,Kamonia,2026-10-22,pmf,no invasion,0.999902
2026-10-08,first confirmed case,2,Kampemba,2026-10-22,pmf,invasion,0.000457
2026-10-08,first confirmed case,2,Kampemba,2026-10-22,pmf,no invasion,0.999543
2026-10-08,first confirmed case,2,Kampene,2026-10-22,pmf,invasion,0.002144
2026-10-08,first confirmed case,2,Kampene,2026-10-22,pmf,no invasion,0.997856
2026-10-08,first confirmed case,2,Kamwesha,2026-10-22,pmf,invasion,0.00087
2026-10-08,first confirmed case,2,Kamwesha,2026-10-22,pmf,no invasion,0.99913
2026-10-08,first confirmed case,2,Kananga,2026-10-22,pmf,invasion,0.001626
2026-10-08,first confirmed case,2,Kananga,2026-10-22,pmf,no invasion,0.998374
2026-10-08,first confirmed case,2,Kanda Kanda,2026-10-22,pmf,invasion,0.000993
2026-10-08,first confirmed case,2,Kanda Kanda,2026-10-22,pmf,no invasion,0.999007
2026-10-08,first confirmed case,2,Kangu,2026-10-22,pmf,invasion,8.6e-05
2026-10-08,first confirmed case,2,Kangu,2026-10-22,pmf,no invasion,0.999914
2026-10-08,first confirmed case,2,Kaniama,2026-10-22,pmf,invasion,0.001139
2026-10-08,first confirmed case,2,Kaniama,2026-10-22,pmf,no invasion,0.998861
2026-10-08,first confirmed case,2,Kaniola,2026-10-22,pmf,invasion,0.002276
2026-10-08,first confirmed case,2,Kaniola,2026-10-22,pmf,no invasion,0.997724
2026-10-08,first confirmed case,2,Kansele,2026-10-22,pmf,invasion,0.000565
2026-10-08,first confirmed case,2,Kansele,2026-10-22,pmf,no invasion,0.999435
2026-10-08,first confirmed case,2,Kansimba,2026-10-22,pmf,invasion,0.000805
2026-10-08,first confirmed case,2,Kansimba,2026-10-22,pmf,no invasion,0.999195
2026-10-08,first confirmed case,2,Kanzala,2026-10-22,pmf,invasion,0.000838
2026-10-08,first confirmed case,2,Kanzala,2026-10-22,pmf,no invasion,0.999162
2026-10-08,first confirmed case,2,Kanzenze,2026-10-22,pmf,invasion,0.000137
2026-10-08,first confirmed case,2,Kanzenze,2026-10-22,pmf,no invasion,0.999863
2026-10-08,first confirmed case,2,Kapanga,2026-10-22,pmf,invasion,0.000345
2026-10-08,first confirmed case,2,Kapanga,2026-10-22,pmf,no invasion,0.999655
2026-10-08,first confirmed case,2,Kapolowe,2026-10-22,pmf,invasion,0.000273
2026-10-08,first confirmed case,2,Kapolowe,2026-10-22,pmf,no invasion,0.999727
2026-10-08,first confirmed case,2,Karawa,2026-10-22,pmf,invasion,0.000774
2026-10-08,first confirmed case,2,Karawa,2026-10-22,pmf,no invasion,0.999226
2026-10-08,first confirmed case,2,Karisimbi,2026-10-22,pmf,invasion,0.006902
2026-10-08,first confirmed case,2,Karisimbi,2026-10-22,pmf,no invasion,0.993098
2026-10-08,first confirmed case,2,Kasa Vubu,2026-10-22,pmf,invasion,0.000997
2026-10-08,first confirmed case,2,Kasa Vubu,2026-10-22,pmf,no invasion,0.999003
2026-10-08,first confirmed case,2,Kasaji,2026-10-22,pmf,invasion,0.000421
2026-10-08,first confirmed case,2,Kasaji,2026-10-22,pmf,no invasion,0.999579
2026-10-08,first confirmed case,2,Kasansa,2026-10-22,pmf,invasion,0.001314
2026-10-08,first confirmed case,2,Kasansa,2026-10-22,pmf,no invasion,0.998686
2026-10-08,first confirmed case,2,Kasenga,2026-10-22,pmf,invasion,0.000125
2026-10-08,first confirmed case,2,Kasenga,2026-10-22,pmf,no invasion,0.999875
2026-10-08,first confirmed case,2,Kashobwe,2026-10-22,pmf,invasion,5.2e-05
2026-10-08,first confirmed case,2,Kashobwe,2026-10-22,pmf,no invasion,0.999948
2026-10-08,first confirmed case,2,Kasongo,2026-10-22,pmf,invasion,0.004541
2026-10-08,first confirmed case,2,Kasongo,2026-10-22,pmf,no invasion,0.995459
2026-10-08,first confirmed case,2,Kasongo Lunda,2026-10-22,pmf,invasion,7.9e-05
2026-10-08,first confirmed case,2,Kasongo Lunda,2026-10-22,pmf,no invasion,0.999921
2026-10-08,first confirmed case,2,Katako Kombe,2026-10-22,pmf,invasion,0.000944
2026-10-08,first confirmed case,2,Katako Kombe,2026-10-22,pmf,no invasion,0.999056
2026-10-08,first confirmed case,2,Katana,2026-10-22,pmf,invasion,0.003602
2026-10-08,first confirmed case,2,Katana,2026-10-22,pmf,no invasion,0.996398
2026-10-08,first confirmed case,2,Katende,2026-10-22,pmf,invasion,0.000708
2026-10-08,first confirmed case,2,Katende,2026-10-22,pmf,no invasion,0.999292
2026-10-08,first confirmed case,2,Katoka,2026-10-22,pmf,invasion,0.000848
2026-10-08,first confirmed case,2,Katoka,2026-10-22,pmf,no invasion,0.999152
2026-10-08,first confirmed case,2,Katoyi,2026-10-22,pmf,invasion,0.00662
2026-10-08,first confirmed case,2,Katoyi,2026-10-22,pmf,no invasion,0.99338
2026-10-08,first confirmed case,2,Katuba,2026-10-22,pmf,invasion,7e-05
2026-10-08,first confirmed case,2,Katuba,2026-10-22,pmf,no invasion,0.99993
2026-10-08,first confirmed case,2,Kayamba,2026-10-22,pmf,invasion,0.000296
2026-10-08,first confirmed case,2,Kayamba,2026-10-22,pmf,no invasion,0.999704
2026-10-08,first confirmed case,2,Kaziba,2026-10-22,pmf,invasion,0.001316
2026-10-08,first confirmed case,2,Kaziba,2026-10-22,pmf,no invasion,0.998684
2026-10-08,first confirmed case,2,Kenge,2026-10-22,pmf,invasion,0.00107
2026-10-08,first confirmed case,2,Kenge,2026-10-22,pmf,no invasion,0.99893
2026-10-08,first confirmed case,2,Kenya,2026-10-22,pmf,invasion,0.000378
2026-10-08,first confirmed case,2,Kenya,2026-10-22,pmf,no invasion,0.999622
2026-10-08,first confirmed case,2,Kiambi,2026-10-22,pmf,invasion,0.000757
2026-10-08,first confirmed case,2,Kiambi,2026-10-22,pmf,no invasion,0.999243
2026-10-08,first confirmed case,2,Kibirizi,2026-10-22,pmf,invasion,0.029806
2026-10-08,first confirmed case,2,Kibirizi,2026-10-22,pmf,no invasion,0.970194
2026-10-08,first confirmed case,2,Kibombo,2026-10-22,pmf,invasion,0.001115
2026-10-08,first confirmed case,2,Kibombo,2026-10-22,pmf,no invasion,0.998885
2026-10-08,first confirmed case,2,Kibua,2026-10-22,pmf,invasion,0.003354
2026-10-08,first confirmed case,2,Kibua,2026-10-22,pmf,no invasion,0.996646
2026-10-08,first confirmed case,2,Kibunzi,2026-10-22,pmf,invasion,5.3e-05
2026-10-08,first confirmed case,2,Kibunzi,2026-10-22,pmf,no invasion,0.999947
2026-10-08,first confirmed case,2,Kikimi,2026-10-22,pmf,invasion,0.000519
2026-10-08,first confirmed case,2,Kikimi,2026-10-22,pmf,no invasion,0.999481
2026-10-08,first confirmed case,2,Kikongo,2026-10-22,pmf,invasion,0.000346
2026-10-08,first confirmed case,2,Kikongo,2026-10-22,pmf,no invasion,0.999654
2026-10-08,first confirmed case,2,Kikula,2026-10-22,pmf,invasion,0.000131
2026-10-08,first confirmed case,2,Kikula,2026-10-22,pmf,no invasion,0.999869
2026-10-08,first confirmed case,2,Kikwit Nord,2026-10-22,pmf,invasion,0.000982
2026-10-08,first confirmed case,2,Kikwit Nord,2026-10-22,pmf,no invasion,0.999018
2026-10-08,first confirmed case,2,Kikwit Sud,2026-10-22,pmf,invasion,0.000677
2026-10-08,first confirmed case,2,Kikwit Sud,2026-10-22,pmf,no invasion,0.999323
2026-10-08,first confirmed case,2,Kilela Balanda,2026-10-22,pmf,invasion,5.3e-05
2026-10-08,first confirmed case,2,Kilela Balanda,2026-10-22,pmf,no invasion,0.999947
2026-10-08,first confirmed case,2,Kilwa,2026-10-22,pmf,invasion,0.000368
2026-10-08,first confirmed case,2,Kilwa,2026-10-22,pmf,no invasion,0.999632
2026-10-08,first confirmed case,2,Kimbanseke,2026-10-22,pmf,invasion,0.000114
2026-10-08,first confirmed case,2,Kimbanseke,2026-10-22,pmf,no invasion,0.999886
2026-10-08,first confirmed case,2,Kimbao,2026-10-22,pmf,invasion,0.000291
2026-10-08,first confirmed case,2,Kimbao,2026-10-22,pmf,no invasion,0.999709
2026-10-08,first confirmed case,2,Kimbi Lulenge,2026-10-22,pmf,invasion,0.002156
2026-10-08,first confirmed case,2,Kimbi Lulenge,2026-10-22,pmf,no invasion,0.997844
2026-10-08,first confirmed case,2,Kimpangu,2026-10-22,pmf,invasion,5.1e-05
2026-10-08,first confirmed case,2,Kimpangu,2026-10-22,pmf,no invasion,0.999949
2026-10-08,first confirmed case,2,Kimpese,2026-10-22,pmf,invasion,0.00028
2026-10-08,first confirmed case,2,Kimpese,2026-10-22,pmf,no invasion,0.99972
2026-10-08,first confirmed case,2,Kimputu,2026-10-22,pmf,invasion,0.001063
2026-10-08,first confirmed case,2,Kimputu,2026-10-22,pmf,no invasion,0.998937
2026-10-08,first confirmed case,2,Kimvula,2026-10-22,pmf,invasion,0.000413
2026-10-08,first confirmed case,2,Kimvula,2026-10-22,pmf,no invasion,0.999587
2026-10-08,first confirmed case,2,Kinda,2026-10-22,pmf,invasion,0.000143
2026-10-08,first confirmed case,2,Kinda,2026-10-22,pmf,no invasion,0.999857
2026-10-08,first confirmed case,2,Kindu,2026-10-22,pmf,invasion,0.01406
2026-10-08,first confirmed case,2,Kindu,2026-10-22,pmf,no invasion,0.98594
2026-10-08,first confirmed case,2,Kingabwa,2026-10-22,pmf,invasion,0.0005
2026-10-08,first confirmed case,2,Kingabwa,2026-10-22,pmf,no invasion,0.9995
2026-10-08,first confirmed case,2,Kingandu,2026-10-22,pmf,invasion,0.000222
2026-10-08,first confirmed case,2,Kingandu,2026-10-22,pmf,no invasion,0.999778
2026-10-08,first confirmed case,2,Kingasani,2026-10-22,pmf,invasion,0.000288
2026-10-08,first confirmed case,2,Kingasani,2026-10-22,pmf,no invasion,0.999712
2026-10-08,first confirmed case,2,Kinkondja,2026-10-22,pmf,invasion,0.000426
2026-10-08,first confirmed case,2,Kinkondja,2026-10-22,pmf,no invasion,0.999574
2026-10-08,first confirmed case,2,Kinkonzi,2026-10-22,pmf,invasion,4.6e-05
2026-10-08,first confirmed case,2,Kinkonzi,2026-10-22,pmf,no invasion,0.999954
2026-10-08,first confirmed case,2,Kinshasa,2026-10-22,pmf,invasion,0.001141
2026-10-08,first confirmed case,2,Kinshasa,2026-10-22,pmf,no invasion,0.998859
2026-10-08,first confirmed case,2,Kintambo,2026-10-22,pmf,invasion,0.00102
2026-10-08,first confirmed case,2,Kintambo,2026-10-22,pmf,no invasion,0.99898
2026-10-08,first confirmed case,2,Kipushi,2026-10-22,pmf,invasion,0.000249
2026-10-08,first confirmed case,2,Kipushi,2026-10-22,pmf,no invasion,0.999751
2026-10-08,first confirmed case,2,Kiri,2026-10-22,pmf,invasion,0.000178
2026-10-08,first confirmed case,2,Kiri,2026-10-22,pmf,no invasion,0.999822
2026-10-08,first confirmed case,2,Kirotshe,2026-10-22,pmf,invasion,0.010622
2026-10-08,first confirmed case,2,Kirotshe,2026-10-22,pmf,no invasion,0.989378
2026-10-08,first confirmed case,2,Kisanga,2026-10-22,pmf,invasion,0.000226
2026-10-08,first confirmed case,2,Kisanga,2026-10-22,pmf,no invasion,0.999774
2026-10-08,first confirmed case,2,Kisanji,2026-10-22,pmf,invasion,0.000195
2026-10-08,first confirmed case,2,Kisanji,2026-10-22,pmf,no invasion,0.999805
2026-10-08,first confirmed case,2,Kisantu,2026-10-22,pmf,invasion,0.000284
2026-10-08,first confirmed case,2,Kisantu,2026-10-22,pmf,no invasion,0.999716
2026-10-08,first confirmed case,2,Kisenso,2026-10-22,pmf,invasion,0.00025
2026-10-08,first confirmed case,2,Kisenso,2026-10-22,pmf,no invasion,0.99975
2026-10-08,first confirmed case,2,Kitangwa,2026-10-22,pmf,invasion,0.000949
2026-10-08,first confirmed case,2,Kitangwa,2026-10-22,pmf,no invasion,0.999051
2026-10-08,first confirmed case,2,Kitenda,2026-10-22,pmf,invasion,9.3e-05
2026-10-08,first confirmed case,2,Kitenda,2026-10-22,pmf,no invasion,0.999907
2026-10-08,first confirmed case,2,Kitenge,2026-10-22,pmf,invasion,0.001125
2026-10-08,first confirmed case,2,Kitenge,2026-10-22,pmf,no invasion,0.998875
2026-10-08,first confirmed case,2,Kitona,2026-10-22,pmf,invasion,7e-06
2026-10-08,first confirmed case,2,Kitona,2026-10-22,pmf,no invasion,0.999993
2026-10-08,first confirmed case,2,Kitutu,2026-10-22,pmf,invasion,0.0016
2026-10-08,first confirmed case,2,Kitutu,2026-10-22,pmf,no invasion,0.9984
2026-10-08,first confirmed case,2,Kizu,2026-10-22,pmf,invasion,3e-05
2026-10-08,first confirmed case,2,Kizu,2026-10-22,pmf,no invasion,0.99997
2026-10-08,first confirmed case,2,Kokolo,2026-10-22,pmf,invasion,0.001332
2026-10-08,first confirmed case,2,Kokolo,2026-10-22,pmf,no invasion,0.998668
2026-10-08,first confirmed case,2,Kole,2026-10-22,pmf,invasion,0.000472
2026-10-08,first confirmed case,2,Kole,2026-10-22,pmf,no invasion,0.999528
2026-10-08,first confirmed case,2,Kongolo,2026-10-22,pmf,invasion,0.002982
2026-10-08,first confirmed case,2,Kongolo,2026-10-22,pmf,no invasion,0.997018
2026-10-08,first confirmed case,2,Koshibanda,2026-10-22,pmf,invasion,0.000701
2026-10-08,first confirmed case,2,Koshibanda,2026-10-22,pmf,no invasion,0.999299
2026-10-08,first confirmed case,2,Kowe,2026-10-22,pmf,invasion,3.1e-05
2026-10-08,first confirmed case,2,Kowe,2026-10-22,pmf,no invasion,0.999969
2026-10-08,first confirmed case,2,Kuimba,2026-10-22,pmf,invasion,1.1e-05
2026-10-08,first confirmed case,2,Kuimba,2026-10-22,pmf,no invasion,0.999989
2026-10-08,first confirmed case,2,Kunda,2026-10-22,pmf,invasion,0.002986
2026-10-08,first confirmed case,2,Kunda,2026-10-22,pmf,no invasion,0.997014
2026-10-08,first confirmed case,2,Kungu,2026-10-22,pmf,invasion,0.000397
2026-10-08,first confirmed case,2,Kungu,2026-10-22,pmf,no invasion,0.999603
2026-10-08,first confirmed case,2,Kwamouth,2026-10-22,pmf,invasion,0.000209
2026-10-08,first confirmed case,2,Kwamouth,2026-10-22,pmf,no invasion,0.999791
2026-10-08,first confirmed case,2,Kwilu Ngongo,2026-10-22,pmf,invasion,0.000215
2026-10-08,first confirmed case,2,Kwilu Ngongo,2026-10-22,pmf,no invasion,0.999785
2026-10-08,first confirmed case,2,Laybo,2026-10-22,pmf,invasion,0.011057
2026-10-08,first confirmed case,2,Laybo,2026-10-22,pmf,no invasion,0.988943
2026-10-08,first confirmed case,2,Lemba,2026-10-22,pmf,invasion,0.001363
2026-10-08,first confirmed case,2,Lemba,2026-10-22,pmf,no invasion,0.998637
2026-10-08,first confirmed case,2,Lemera,2026-10-22,pmf,invasion,0.005457
2026-10-08,first confirmed case,2,Lemera,2026-10-22,pmf,no invasion,0.994543
2026-10-08,first confirmed case,2,Libenge,2026-10-22,pmf,invasion,0.000393
2026-10-08,first confirmed case,2,Libenge,2026-10-22,pmf,no invasion,0.999607
2026-10-08,first confirmed case,2,Likasi,2026-10-22,pmf,invasion,0.000207
2026-10-08,first confirmed case,2,Likasi,2026-10-22,pmf,no invasion,0.999793
2026-10-08,first confirmed case,2,Likati,2026-10-22,pmf,invasion,0.002054
2026-10-08,first confirmed case,2,Likati,2026-10-22,pmf,no invasion,0.997946
2026-10-08,first confirmed case,2,Lilanga Bobangi,2026-10-22,pmf,invasion,3.2e-05
2026-10-08,first confirmed case,2,Lilanga Bobangi,2026-10-22,pmf,no invasion,0.999968
2026-10-08,first confirmed case,2,Limete,2026-10-22,pmf,invasion,0.001958
2026-10-08,first confirmed case,2,Limete,2026-10-22,pmf,no invasion,0.998042
2026-10-08,first confirmed case,2,Linga,2026-10-22,pmf,invasion,0.072761
2026-10-08,first confirmed case,2,Linga,2026-10-22,pmf,no invasion,0.927239
2026-10-08,first confirmed case,2,Lingomo,2026-10-22,pmf,invasion,0.001169
2026-10-08,first confirmed case,2,Lingomo,2026-10-22,pmf,no invasion,0.998831
2026-10-08,first confirmed case,2,Lingwala,2026-10-22,pmf,invasion,0.001439
2026-10-08,first confirmed case,2,Lingwala,2026-10-22,pmf,no invasion,0.998561
2026-10-08,first confirmed case,2,Lisala,2026-10-22,pmf,invasion,0.003039
2026-10-08,first confirmed case,2,Lisala,2026-10-22,pmf,no invasion,0.996961
2026-10-08,first confirmed case,2,Lodja,2026-10-22,pmf,invasion,0.002479
2026-10-08,first confirmed case,2,Lodja,2026-10-22,pmf,no invasion,0.997521
2026-10-08,first confirmed case,2,Loko,2026-10-22,pmf,invasion,0.000416
2026-10-08,first confirmed case,2,Loko,2026-10-22,pmf,no invasion,0.999584
2026-10-08,first confirmed case,2,Lolo,2026-10-22,pmf,invasion,0.013573
2026-10-08,first confirmed case,2,Lolo,2026-10-22,pmf,no invasion,0.986427
2026-10-08,first confirmed case,2,Lomela,2026-10-22,pmf,invasion,0.000749
2026-10-08,first confirmed case,2,Lomela,2026-10-22,pmf,no invasion,0.999251
2026-10-08,first confirmed case,2,Lotumbe,2026-10-22,pmf,invasion,0.000196
2026-10-08,first confirmed case,2,Lotumbe,2026-10-22,pmf,no invasion,0.999804
2026-10-08,first confirmed case,2,Lowa,2026-10-22,pmf,invasion,0.002545
2026-10-08,first confirmed case,2,Lowa,2026-10-22,pmf,no invasion,0.997455
2026-10-08,first confirmed case,2,Lualaba,2026-10-22,pmf,invasion,0.000539
2026-10-08,first confirmed case,2,Lualaba,2026-10-22,pmf,no invasion,0.999461
2026-10-08,first confirmed case,2,Luambo,2026-10-22,pmf,invasion,0.000472
2026-10-08,first confirmed case,2,Luambo,2026-10-22,pmf,no invasion,0.999528
2026-10-08,first confirmed case,2,Lubao,2026-10-22,pmf,invasion,0.00388
2026-10-08,first confirmed case,2,Lubao,2026-10-22,pmf,no invasion,0.99612
2026-10-08,first confirmed case,2,Lubilanji,2026-10-22,pmf,invasion,0.000559
2026-10-08,first confirmed case,2,Lubilanji,2026-10-22,pmf,no invasion,0.999441
2026-10-08,first confirmed case,2,Lubondaie,2026-10-22,pmf,invasion,0.001139
2026-10-08,first confirmed case,2,Lubondaie,2026-10-22,pmf,no invasion,0.998861
2026-10-08,first confirmed case,2,Lubudi,2026-10-22,pmf,invasion,0.000261
2026-10-08,first confirmed case,2,Lubudi,2026-10-22,pmf,no invasion,0.999739
2026-10-08,first confirmed case,2,Lubumbashi,2026-10-22,pmf,invasion,0.001744
2026-10-08,first confirmed case,2,Lubumbashi,2026-10-22,pmf,no invasion,0.998256
2026-10-08,first confirmed case,2,Lubunga (Kasaï-Central),2026-10-22,pmf,invasion,0.001251
2026-10-08,first confirmed case,2,Lubunga (Kasaï-Central),2026-10-22,pmf,no invasion,0.998749
2026-10-08,first confirmed case,2,Lubutu,2026-10-22,pmf,invasion,0.00668
2026-10-08,first confirmed case,2,Lubutu,2026-10-22,pmf,no invasion,0.99332
2026-10-08,first confirmed case,2,Ludimbi Lukula,2026-10-22,pmf,invasion,0.003062
2026-10-08,first confirmed case,2,Ludimbi Lukula,2026-10-22,pmf,no invasion,0.996938
2026-10-08,first confirmed case,2,Luebo,2026-10-22,pmf,invasion,0.000981
2026-10-08,first confirmed case,2,Luebo,2026-10-22,pmf,no invasion,0.999019
2026-10-08,first confirmed case,2,Luiza,2026-10-22,pmf,invasion,0.000857
2026-10-08,first confirmed case,2,Luiza,2026-10-22,pmf,no invasion,0.999143
2026-10-08,first confirmed case,2,Lukafu,2026-10-22,pmf,invasion,0.00017
2026-10-08,first confirmed case,2,Lukafu,2026-10-22,pmf,no invasion,0.99983
2026-10-08,first confirmed case,2,Lukelenge,2026-10-22,pmf,invasion,0.00066
2026-10-08,first confirmed case,2,Lukelenge,2026-10-22,pmf,no invasion,0.99934
2026-10-08,first confirmed case,2,Lukolela,2026-10-22,pmf,invasion,0.00019
2026-10-08,first confirmed case,2,Lukolela,2026-10-22,pmf,no invasion,0.99981
2026-10-08,first confirmed case,2,Lukonga,2026-10-22,pmf,invasion,0.00092
2026-10-08,first confirmed case,2,Lukonga,2026-10-22,pmf,no invasion,0.99908
2026-10-08,first confirmed case,2,Lukula,2026-10-22,pmf,invasion,0.000144
2026-10-08,first confirmed case,2,Lukula,2026-10-22,pmf,no invasion,0.999856
2026-10-08,first confirmed case,2,Lulingu,2026-10-22,pmf,invasion,0.002562
2026-10-08,first confirmed case,2,Lulingu,2026-10-22,pmf,no invasion,0.997438
2026-10-08,first confirmed case,2,Luozi,2026-10-22,pmf,invasion,0.000418
2026-10-08,first confirmed case,2,Luozi,2026-10-22,pmf,no invasion,0.999582
2026-10-08,first confirmed case,2,Luputa,2026-10-22,pmf,invasion,0.001466
2026-10-08,first confirmed case,2,Luputa,2026-10-22,pmf,no invasion,0.998534
2026-10-08,first confirmed case,2,Lusambo,2026-10-22,pmf,invasion,0.000572
2026-10-08,first confirmed case,2,Lusambo,2026-10-22,pmf,no invasion,0.999428
2026-10-08,first confirmed case,2,Lusanga,2026-10-22,pmf,invasion,0.000947
2026-10-08,first confirmed case,2,Lusanga,2026-10-22,pmf,no invasion,0.999053
2026-10-08,first confirmed case,2,Lusangi,2026-10-22,pmf,invasion,0.001522
2026-10-08,first confirmed case,2,Lusangi,2026-10-22,pmf,no invasion,0.998478
2026-10-08,first confirmed case,2,Lwamba,2026-10-22,pmf,invasion,0.000885
2026-10-08,first confirmed case,2,Lwamba,2026-10-22,pmf,no invasion,0.999115
2026-10-08,first confirmed case,2,Makala,2026-10-22,pmf,invasion,0.000213
2026-10-08,first confirmed case,2,Makala,2026-10-22,pmf,no invasion,0.999787
2026-10-08,first confirmed case,2,Makanza,2026-10-22,pmf,invasion,0.000647
2026-10-08,first confirmed case,2,Makanza,2026-10-22,pmf,no invasion,0.999353
2026-10-08,first confirmed case,2,Makoro,2026-10-22,pmf,invasion,0.031676
2026-10-08,first confirmed case,2,Makoro,2026-10-22,pmf,no invasion,0.968324
2026-10-08,first confirmed case,2,Makota,2026-10-22,pmf,invasion,0.000621
2026-10-08,first confirmed case,2,Makota,2026-10-22,pmf,no invasion,0.999379
2026-10-08,first confirmed case,2,Malemba Nkulu,2026-10-22,pmf,invasion,0.000845
2026-10-08,first confirmed case,2,Malemba Nkulu,2026-10-22,pmf,no invasion,0.999155
2026-10-08,first confirmed case,2,Maluku 1,2026-10-22,pmf,invasion,0.000657
2026-10-08,first confirmed case,2,Maluku 1,2026-10-22,pmf,no invasion,0.999343
2026-10-08,first confirmed case,2,Maluku 2,2026-10-22,pmf,invasion,0.000467
2026-10-08,first confirmed case,2,Maluku 2,2026-10-22,pmf,no invasion,0.999533
2026-10-08,first confirmed case,2,Mampoko,2026-10-22,pmf,invasion,0.000195
2026-10-08,first confirmed case,2,Mampoko,2026-10-22,pmf,no invasion,0.999805
2026-10-08,first confirmed case,2,Mangembo,2026-10-22,pmf,invasion,0.000207
2026-10-08,first confirmed case,2,Mangembo,2026-10-22,pmf,no invasion,0.999793
2026-10-08,first confirmed case,2,Manika,2026-10-22,pmf,invasion,0.000743
2026-10-08,first confirmed case,2,Manika,2026-10-22,pmf,no invasion,0.999257
2026-10-08,first confirmed case,2,Manono,2026-10-22,pmf,invasion,0.001306
2026-10-08,first confirmed case,2,Manono,2026-10-22,pmf,no invasion,0.998694
2026-10-08,first confirmed case,2,Masi Manimba,2026-10-22,pmf,invasion,0.000673
2026-10-08,first confirmed case,2,Masi Manimba,2026-10-22,pmf,no invasion,0.999327
2026-10-08,first confirmed case,2,Masina 1,2026-10-22,pmf,invasion,0.000805
2026-10-08,first confirmed case,2,Masina 1,2026-10-22,pmf,no invasion,0.999195
2026-10-08,first confirmed case,2,Masina 2,2026-10-22,pmf,invasion,0.000453
2026-10-08,first confirmed case,2,Masina 2,2026-10-22,pmf,no invasion,0.999547
2026-10-08,first confirmed case,2,Masisi,2026-10-22,pmf,invasion,0.010253
2026-10-08,first confirmed case,2,Masisi,2026-10-22,pmf,no invasion,0.989747
2026-10-08,first confirmed case,2,Massa,2026-10-22,pmf,invasion,0.000154
2026-10-08,first confirmed case,2,Massa,2026-10-22,pmf,no invasion,0.999846
2026-10-08,first confirmed case,2,Masuika,2026-10-22,pmf,invasion,0.002474
2026-10-08,first confirmed case,2,Masuika,2026-10-22,pmf,no invasion,0.997526
2026-10-08,first confirmed case,2,Matadi,2026-10-22,pmf,invasion,0.000246
2026-10-08,first confirmed case,2,Matadi,2026-10-22,pmf,no invasion,0.999754
2026-10-08,first confirmed case,2,Matete,2026-10-22,pmf,invasion,0.000687
2026-10-08,first confirmed case,2,Matete,2026-10-22,pmf,no invasion,0.999313
2026-10-08,first confirmed case,2,Mawuya,2026-10-22,pmf,invasion,0.000385
2026-10-08,first confirmed case,2,Mawuya,2026-10-22,pmf,no invasion,0.999615
2026-10-08,first confirmed case,2,Mbandaka,2026-10-22,pmf,invasion,0.000574
2026-10-08,first confirmed case,2,Mbandaka,2026-10-22,pmf,no invasion,0.999426
2026-10-08,first confirmed case,2,Mbanza Ngungu,2026-10-22,pmf,invasion,0.000238
2026-10-08,first confirmed case,2,Mbanza Ngungu,2026-10-22,pmf,no invasion,0.999762
2026-10-08,first confirmed case,2,Mbaya,2026-10-22,pmf,invasion,0.002365
2026-10-08,first confirmed case,2,Mbaya,2026-10-22,pmf,no invasion,0.997635
2026-10-08,first confirmed case,2,Mbulula,2026-10-22,pmf,invasion,0.002123
2026-10-08,first confirmed case,2,Mbulula,2026-10-22,pmf,no invasion,0.997877
2026-10-08,first confirmed case,2,Miabi,2026-10-22,pmf,invasion,0.000442
2026-10-08,first confirmed case,2,Miabi,2026-10-22,pmf,no invasion,0.999558
2026-10-08,first confirmed case,2,Mikalayi,2026-10-22,pmf,invasion,0.001007
2026-10-08,first confirmed case,2,Mikalayi,2026-10-22,pmf,no invasion,0.998993
2026-10-08,first confirmed case,2,Mikope,2026-10-22,pmf,invasion,0.000392
2026-10-08,first confirmed case,2,Mikope,2026-10-22,pmf,no invasion,0.999608
2026-10-08,first confirmed case,2,Mimia,2026-10-22,pmf,invasion,0.00014
2026-10-08,first confirmed case,2,Mimia,2026-10-22,pmf,no invasion,0.99986
2026-10-08,first confirmed case,2,Minembwe,2026-10-22,pmf,invasion,0.00328
2026-10-08,first confirmed case,2,Minembwe,2026-10-22,pmf,no invasion,0.99672
2026-10-08,first confirmed case,2,Minga,2026-10-22,pmf,invasion,0.000788
2026-10-08,first confirmed case,2,Minga,2026-10-22,pmf,no invasion,0.999212
2026-10-08,first confirmed case,2,Minova,2026-10-22,pmf,invasion,0.005687
2026-10-08,first confirmed case,2,Minova,2026-10-22,pmf,no invasion,0.994313
2026-10-08,first confirmed case,2,Mitwaba,2026-10-22,pmf,invasion,0.000259
2026-10-08,first confirmed case,2,Mitwaba,2026-10-22,pmf,no invasion,0.999741
2026-10-08,first confirmed case,2,Moanza,2026-10-22,pmf,invasion,0.000643
2026-10-08,first confirmed case,2,Moanza,2026-10-22,pmf,no invasion,0.999357
2026-10-08,first confirmed case,2,Moba,2026-10-22,pmf,invasion,0.001145
2026-10-08,first confirmed case,2,Moba,2026-10-22,pmf,no invasion,0.998855
2026-10-08,first confirmed case,2,Mobayi Mbongo,2026-10-22,pmf,invasion,0.000382
2026-10-08,first confirmed case,2,Mobayi Mbongo,2026-10-22,pmf,no invasion,0.999618
2026-10-08,first confirmed case,2,Mokala,2026-10-22,pmf,invasion,0.00044
2026-10-08,first confirmed case,2,Mokala,2026-10-22,pmf,no invasion,0.99956
2026-10-08,first confirmed case,2,Mompono,2026-10-22,pmf,invasion,0.001697
2026-10-08,first confirmed case,2,Mompono,2026-10-22,pmf,no invasion,0.998303
2026-10-08,first confirmed case,2,Mondombe,2026-10-22,pmf,invasion,0.000909
2026-10-08,first confirmed case,2,Mondombe,2026-10-22,pmf,no invasion,0.999091
2026-10-08,first confirmed case,2,Monga,2026-10-22,pmf,invasion,0.001106
2026-10-08,first confirmed case,2,Monga,2026-10-22,pmf,no invasion,0.998894
2026-10-08,first confirmed case,2,Monieka,2026-10-22,pmf,invasion,0.000169
2026-10-08,first confirmed case,2,Monieka,2026-10-22,pmf,no invasion,0.999831
2026-10-08,first confirmed case,2,Monkoto,2026-10-22,pmf,invasion,0.000356
2026-10-08,first confirmed case,2,Monkoto,2026-10-22,pmf,no invasion,0.999644
2026-10-08,first confirmed case,2,Mont Ngafula 1,2026-10-22,pmf,invasion,0.000773
2026-10-08,first confirmed case,2,Mont Ngafula 1,2026-10-22,pmf,no invasion,0.999227
2026-10-08,first confirmed case,2,Mont Ngafula 2,2026-10-22,pmf,invasion,0.000606
2026-10-08,first confirmed case,2,Mont Ngafula 2,2026-10-22,pmf,no invasion,0.999394
2026-10-08,first confirmed case,2,Mosango,2026-10-22,pmf,invasion,0.000551
2026-10-08,first confirmed case,2,Mosango,2026-10-22,pmf,no invasion,0.999449
2026-10-08,first confirmed case,2,Mpokolo,2026-10-22,pmf,invasion,0.001473
2026-10-08,first confirmed case,2,Mpokolo,2026-10-22,pmf,no invasion,0.998527
2026-10-08,first confirmed case,2,Muanda,2026-10-22,pmf,invasion,1.8e-05
2026-10-08,first confirmed case,2,Muanda,2026-10-22,pmf,no invasion,0.999982
2026-10-08,first confirmed case,2,Mubumbano,2026-10-22,pmf,invasion,0.002643
2026-10-08,first confirmed case,2,Mubumbano,2026-10-22,pmf,no invasion,0.997357
2026-10-08,first confirmed case,2,Muetshi,2026-10-22,pmf,invasion,0.000497
2026-10-08,first confirmed case,2,Muetshi,2026-10-22,pmf,no invasion,0.999503
2026-10-08,first confirmed case,2,Mufunga Sampwe,2026-10-22,pmf,invasion,0.001028
2026-10-08,first confirmed case,2,Mufunga Sampwe,2026-10-22,pmf,no invasion,0.998972
2026-10-08,first confirmed case,2,Mukanga,2026-10-22,pmf,invasion,0.000561
2026-10-08,first confirmed case,2,Mukanga,2026-10-22,pmf,no invasion,0.999439
2026-10-08,first confirmed case,2,Mukedi,2026-10-22,pmf,invasion,0.00085
2026-10-08,first confirmed case,2,Mukedi,2026-10-22,pmf,no invasion,0.99915
2026-10-08,first confirmed case,2,Mukumbi,2026-10-22,pmf,invasion,0.001632
2026-10-08,first confirmed case,2,Mukumbi,2026-10-22,pmf,no invasion,0.998368
2026-10-08,first confirmed case,2,Mulongo,2026-10-22,pmf,invasion,0.000593
2026-10-08,first confirmed case,2,Mulongo,2026-10-22,pmf,no invasion,0.999407
2026-10-08,first confirmed case,2,Mulumba,2026-10-22,pmf,invasion,0.001557
2026-10-08,first confirmed case,2,Mulumba,2026-10-22,pmf,no invasion,0.998443
2026-10-08,first confirmed case,2,Mulungu,2026-10-22,pmf,invasion,0.002236
2026-10-08,first confirmed case,2,Mulungu,2026-10-22,pmf,no invasion,0.997764
2026-10-08,first confirmed case,2,Mumbunda,2026-10-22,pmf,invasion,0.001319
2026-10-08,first confirmed case,2,Mumbunda,2026-10-22,pmf,no invasion,0.998681
2026-10-08,first confirmed case,2,Mungindu,2026-10-22,pmf,invasion,0.000791
2026-10-08,first confirmed case,2,Mungindu,2026-10-22,pmf,no invasion,0.999209
2026-10-08,first confirmed case,2,Mushenge,2026-10-22,pmf,invasion,0.000346
2026-10-08,first confirmed case,2,Mushenge,2026-10-22,pmf,no invasion,0.999654
2026-10-08,first confirmed case,2,Mushie,2026-10-22,pmf,invasion,0.000188
2026-10-08,first confirmed case,2,Mushie,2026-10-22,pmf,no invasion,0.999812
2026-10-08,first confirmed case,2,Mutena,2026-10-22,pmf,invasion,0.000277
2026-10-08,first confirmed case,2,Mutena,2026-10-22,pmf,no invasion,0.999723
2026-10-08,first confirmed case,2,Mutoto,2026-10-22,pmf,invasion,0.00085
2026-10-08,first confirmed case,2,Mutoto,2026-10-22,pmf,no invasion,0.99915
2026-10-08,first confirmed case,2,Mutshatsha,2026-10-22,pmf,invasion,4.8e-05
2026-10-08,first confirmed case,2,Mutshatsha,2026-10-22,pmf,no invasion,0.999952
2026-10-08,first confirmed case,2,Muya,2026-10-22,pmf,invasion,0.000516
2026-10-08,first confirmed case,2,Muya,2026-10-22,pmf,no invasion,0.999484
2026-10-08,first confirmed case,2,Mwana,2026-10-22,pmf,invasion,0.003063
2026-10-08,first confirmed case,2,Mwana,2026-10-22,pmf,no invasion,0.996937
2026-10-08,first confirmed case,2,Mweka,2026-10-22,pmf,invasion,0.000991
2026-10-08,first confirmed case,2,Mweka,2026-10-22,pmf,no invasion,0.999009
2026-10-08,first confirmed case,2,Mwela Lembwa,2026-10-22,pmf,invasion,0.000163
2026-10-08,first confirmed case,2,Mwela Lembwa,2026-10-22,pmf,no invasion,0.999837
2026-10-08,first confirmed case,2,Mweneditu,2026-10-22,pmf,invasion,0.001447
2026-10-08,first confirmed case,2,Mweneditu,2026-10-22,pmf,no invasion,0.998553
2026-10-08,first confirmed case,2,Mwenga,2026-10-22,pmf,invasion,0.003682
2026-10-08,first confirmed case,2,Mwenga,2026-10-22,pmf,no invasion,0.996318
2026-10-08,first confirmed case,2,Mweso,2026-10-22,pmf,invasion,0.009452
2026-10-08,first confirmed case,2,Mweso,2026-10-22,pmf,no invasion,0.990548
2026-10-08,first confirmed case,2,Ndage,2026-10-22,pmf,invasion,0.00073
2026-10-08,first confirmed case,2,Ndage,2026-10-22,pmf,no invasion,0.99927
2026-10-08,first confirmed case,2,Ndekesha,2026-10-22,pmf,invasion,0.002062
2026-10-08,first confirmed case,2,Ndekesha,2026-10-22,pmf,no invasion,0.997938
2026-10-08,first confirmed case,2,Ndesha,2026-10-22,pmf,invasion,0.000233
2026-10-08,first confirmed case,2,Ndesha,2026-10-22,pmf,no invasion,0.999767
2026-10-08,first confirmed case,2,Ndjili,2026-10-22,pmf,invasion,0.000481
2026-10-08,first confirmed case,2,Ndjili,2026-10-22,pmf,no invasion,0.999519
2026-10-08,first confirmed case,2,Ndjoko Mpunda,2026-10-22,pmf,invasion,0.001377
2026-10-08,first confirmed case,2,Ndjoko Mpunda,2026-10-22,pmf,no invasion,0.998623
2026-10-08,first confirmed case,2,Ngaba,2026-10-22,pmf,invasion,0.000115
2026-10-08,first confirmed case,2,Ngaba,2026-10-22,pmf,no invasion,0.999885
2026-10-08,first confirmed case,2,Ngandajika,2026-10-22,pmf,invasion,0.003346
2026-10-08,first confirmed case,2,Ngandajika,2026-10-22,pmf,no invasion,0.996654
2026-10-08,first confirmed case,2,Ngidinga,2026-10-22,pmf,invasion,0.000148
2026-10-08,first confirmed case,2,Ngidinga,2026-10-22,pmf,no invasion,0.999852
2026-10-08,first confirmed case,2,Ngiri Ngiri,2026-10-22,pmf,invasion,0.000343
2026-10-08,first confirmed case,2,Ngiri Ngiri,2026-10-22,pmf,no invasion,0.999657
2026-10-08,first confirmed case,2,Niangara,2026-10-22,pmf,invasion,0.062361
2026-10-08,first confirmed case,2,Niangara,2026-10-22,pmf,no invasion,0.937639
2026-10-08,first confirmed case,2,Nioki,2026-10-22,pmf,invasion,0.000225
2026-10-08,first confirmed case,2,Nioki,2026-10-22,pmf,no invasion,0.999775
2026-10-08,first confirmed case,2,Nsele,2026-10-22,pmf,invasion,0.002452
2026-10-08,first confirmed case,2,Nsele,2026-10-22,pmf,no invasion,0.997548
2026-10-08,first confirmed case,2,Nselo,2026-10-22,pmf,invasion,7.1e-05
2026-10-08,first confirmed case,2,Nselo,2026-10-22,pmf,no invasion,0.999929
2026-10-08,first confirmed case,2,Nsona Mpangu,2026-10-22,pmf,invasion,0.000191
2026-10-08,first confirmed case,2,Nsona Mpangu,2026-10-22,pmf,no invasion,0.999809
2026-10-08,first confirmed case,2,Ntandembelo,2026-10-22,pmf,invasion,0.000184
2026-10-08,first confirmed case,2,Ntandembelo,2026-10-22,pmf,no invasion,0.999816
2026-10-08,first confirmed case,2,Ntondo,2026-10-22,pmf,invasion,0.000177
2026-10-08,first confirmed case,2,Ntondo,2026-10-22,pmf,no invasion,0.999823
2026-10-08,first confirmed case,2,Nundu,2026-10-22,pmf,invasion,0.003957
2026-10-08,first confirmed case,2,Nundu,2026-10-22,pmf,no invasion,0.996043
2026-10-08,first confirmed case,2,Nyanga,2026-10-22,pmf,invasion,0.000275
2026-10-08,first confirmed case,2,Nyanga,2026-10-22,pmf,no invasion,0.999725
2026-10-08,first confirmed case,2,Nyangezi,2026-10-22,pmf,invasion,0.002897
2026-10-08,first confirmed case,2,Nyangezi,2026-10-22,pmf,no invasion,0.997103
2026-10-08,first confirmed case,2,Nyantende,2026-10-22,pmf,invasion,0.002268
2026-10-08,first confirmed case,2,Nyantende,2026-10-22,pmf,no invasion,0.997732
2026-10-08,first confirmed case,2,Nyarambe,2026-10-22,pmf,invasion,0.013343
2026-10-08,first confirmed case,2,Nyarambe,2026-10-22,pmf,no invasion,0.986657
2026-10-08,first confirmed case,2,Nyemba,2026-10-22,pmf,invasion,0.003808
2026-10-08,first confirmed case,2,Nyemba,2026-10-22,pmf,no invasion,0.996192
2026-10-08,first confirmed case,2,Nyiragongo,2026-10-22,pmf,invasion,0.005651
2026-10-08,first confirmed case,2,Nyiragongo,2026-10-22,pmf,no invasion,0.994349
2026-10-08,first confirmed case,2,Nyunzu,2026-10-22,pmf,invasion,0.001678
2026-10-08,first confirmed case,2,Nyunzu,2026-10-22,pmf,no invasion,0.998322
2026-10-08,first confirmed case,2,Nzaba,2026-10-22,pmf,invasion,0.001051
2026-10-08,first confirmed case,2,Nzaba,2026-10-22,pmf,no invasion,0.998949
2026-10-08,first confirmed case,2,Nzanza,2026-10-22,pmf,invasion,5.4e-05
2026-10-08,first confirmed case,2,Nzanza,2026-10-22,pmf,no invasion,0.999946
2026-10-08,first confirmed case,2,Obokote,2026-10-22,pmf,invasion,0.000772
2026-10-08,first confirmed case,2,Obokote,2026-10-22,pmf,no invasion,0.999228
2026-10-08,first confirmed case,2,Omendjadi,2026-10-22,pmf,invasion,0.002318
2026-10-08,first confirmed case,2,Omendjadi,2026-10-22,pmf,no invasion,0.997682
2026-10-08,first confirmed case,2,Opala,2026-10-22,pmf,invasion,0.001356
2026-10-08,first confirmed case,2,Opala,2026-10-22,pmf,no invasion,0.998644
2026-10-08,first confirmed case,2,Opienge,2026-10-22,pmf,invasion,0.004656
2026-10-08,first confirmed case,2,Opienge,2026-10-22,pmf,no invasion,0.995344
2026-10-08,first confirmed case,2,Oshwe,2026-10-22,pmf,invasion,0.000241
2026-10-08,first confirmed case,2,Oshwe,2026-10-22,pmf,no invasion,0.999759
2026-10-08,first confirmed case,2,Ototo,2026-10-22,pmf,invasion,0.000772
2026-10-08,first confirmed case,2,Ototo,2026-10-22,pmf,no invasion,0.999228
2026-10-08,first confirmed case,2,Panda,2026-10-22,pmf,invasion,0.00014
2026-10-08,first confirmed case,2,Panda,2026-10-22,pmf,no invasion,0.99986
2026-10-08,first confirmed case,2,Pangi,2026-10-22,pmf,invasion,0.000648
2026-10-08,first confirmed case,2,Pangi,2026-10-22,pmf,no invasion,0.999352
2026-10-08,first confirmed case,2,Pania Mutombo,2026-10-22,pmf,invasion,0.000353
2026-10-08,first confirmed case,2,Pania Mutombo,2026-10-22,pmf,no invasion,0.999647
2026-10-08,first confirmed case,2,Panzi,2026-10-22,pmf,invasion,0.000321
2026-10-08,first confirmed case,2,Panzi,2026-10-22,pmf,no invasion,0.999679
2026-10-08,first confirmed case,2,Pay Kongila,2026-10-22,pmf,invasion,0.000356
2026-10-08,first confirmed case,2,Pay Kongila,2026-10-22,pmf,no invasion,0.999644
2026-10-08,first confirmed case,2,Pendjwa,2026-10-22,pmf,invasion,0.000397
2026-10-08,first confirmed case,2,Pendjwa,2026-10-22,pmf,no invasion,0.999603
2026-10-08,first confirmed case,2,Pimu,2026-10-22,pmf,invasion,0.000666
2026-10-08,first confirmed case,2,Pimu,2026-10-22,pmf,no invasion,0.999334
2026-10-08,first confirmed case,2,Pinga,2026-10-22,pmf,invasion,0.005927
2026-10-08,first confirmed case,2,Pinga,2026-10-22,pmf,no invasion,0.994073
2026-10-08,first confirmed case,2,Poko,2026-10-22,pmf,invasion,0.05424
2026-10-08,first confirmed case,2,Poko,2026-10-22,pmf,no invasion,0.94576
2026-10-08,first confirmed case,2,Police,2026-10-22,pmf,invasion,0.000283
2026-10-08,first confirmed case,2,Police,2026-10-22,pmf,no invasion,0.999717
2026-10-08,first confirmed case,2,Popokabaka,2026-10-22,pmf,invasion,0.000278
2026-10-08,first confirmed case,2,Popokabaka,2026-10-22,pmf,no invasion,0.999722
2026-10-08,first confirmed case,2,Punia,2026-10-22,pmf,invasion,0.00311
2026-10-08,first confirmed case,2,Punia,2026-10-22,pmf,no invasion,0.99689
2026-10-08,first confirmed case,2,Pweto,2026-10-22,pmf,invasion,0.000378
2026-10-08,first confirmed case,2,Pweto,2026-10-22,pmf,no invasion,0.999622
2026-10-08,first confirmed case,2,Rethy,2026-10-22,pmf,invasion,0.183828
2026-10-08,first confirmed case,2,Rethy,2026-10-22,pmf,no invasion,0.816172
2026-10-08,first confirmed case,2,Ruashi,2026-10-22,pmf,invasion,0.000287
2026-10-08,first confirmed case,2,Ruashi,2026-10-22,pmf,no invasion,0.999713
2026-10-08,first confirmed case,2,Rutshuru,2026-10-22,pmf,invasion,0.012904
2026-10-08,first confirmed case,2,Rutshuru,2026-10-22,pmf,no invasion,0.987096
2026-10-08,first confirmed case,2,Ruzizi,2026-10-22,pmf,invasion,0.009195
2026-10-08,first confirmed case,2,Ruzizi,2026-10-22,pmf,no invasion,0.990805
2026-10-08,first confirmed case,2,Rwanguba,2026-10-22,pmf,invasion,0.016582
2026-10-08,first confirmed case,2,Rwanguba,2026-10-22,pmf,no invasion,0.983418
2026-10-08,first confirmed case,2,Sakania,2026-10-22,pmf,invasion,0.000297
2026-10-08,first confirmed case,2,Sakania,2026-10-22,pmf,no invasion,0.999703
2026-10-08,first confirmed case,2,Samba,2026-10-22,pmf,invasion,0.001478
2026-10-08,first confirmed case,2,Samba,2026-10-22,pmf,no invasion,0.998522
2026-10-08,first confirmed case,2,Sandoa,2026-10-22,pmf,invasion,0.000336
2026-10-08,first confirmed case,2,Sandoa,2026-10-22,pmf,no invasion,0.999664
2026-10-08,first confirmed case,2,Saramabila,2026-10-22,pmf,invasion,0.002769
2026-10-08,first confirmed case,2,Saramabila,2026-10-22,pmf,no invasion,0.997231
2026-10-08,first confirmed case,2,Seke Banza,2026-10-22,pmf,invasion,0.000136
2026-10-08,first confirmed case,2,Seke Banza,2026-10-22,pmf,no invasion,0.999864
2026-10-08,first confirmed case,2,Selembao,2026-10-22,pmf,invasion,0.000571
2026-10-08,first confirmed case,2,Selembao,2026-10-22,pmf,no invasion,0.999429
2026-10-08,first confirmed case,2,Shabunda,2026-10-22,pmf,invasion,0.005454
2026-10-08,first confirmed case,2,Shabunda,2026-10-22,pmf,no invasion,0.994546
2026-10-08,first confirmed case,2,Sia,2026-10-22,pmf,invasion,0.000269
2026-10-08,first confirmed case,2,Sia,2026-10-22,pmf,no invasion,0.999731
2026-10-08,first confirmed case,2,Sona Bata,2026-10-22,pmf,invasion,0.000113
2026-10-08,first confirmed case,2,Sona Bata,2026-10-22,pmf,no invasion,0.999887
2026-10-08,first confirmed case,2,Songa,2026-10-22,pmf,invasion,0.000346
2026-10-08,first confirmed case,2,Songa,2026-10-22,pmf,no invasion,0.999654
2026-10-08,first confirmed case,2,Tandala,2026-10-22,pmf,invasion,0.000701
2026-10-08,first confirmed case,2,Tandala,2026-10-22,pmf,no invasion,0.999299
2026-10-08,first confirmed case,2,Tembo,2026-10-22,pmf,invasion,2.5e-05
2026-10-08,first confirmed case,2,Tembo,2026-10-22,pmf,no invasion,0.999975
2026-10-08,first confirmed case,2,Titule,2026-10-22,pmf,invasion,0.006573
2026-10-08,first confirmed case,2,Titule,2026-10-22,pmf,no invasion,0.993427
2026-10-08,first confirmed case,2,Tshamilemba,2026-10-22,pmf,invasion,0.00073
2026-10-08,first confirmed case,2,Tshamilemba,2026-10-22,pmf,no invasion,0.99927
2026-10-08,first confirmed case,2,Tshela,2026-10-22,pmf,invasion,1.5e-05
2026-10-08,first confirmed case,2,Tshela,2026-10-22,pmf,no invasion,0.999985
2026-10-08,first confirmed case,2,Tshibala,2026-10-22,pmf,invasion,0.001708
2026-10-08,first confirmed case,2,Tshibala,2026-10-22,pmf,no invasion,0.998292
2026-10-08,first confirmed case,2,Tshikaji,2026-10-22,pmf,invasion,0.000884
2026-10-08,first confirmed case,2,Tshikaji,2026-10-22,pmf,no invasion,0.999116
2026-10-08,first confirmed case,2,Tshikapa,2026-10-22,pmf,invasion,0.000839
2026-10-08,first confirmed case,2,Tshikapa,2026-10-22,pmf,no invasion,0.999161
2026-10-08,first confirmed case,2,Tshikula,2026-10-22,pmf,invasion,0.000504
2026-10-08,first confirmed case,2,Tshikula,2026-10-22,pmf,no invasion,0.999496
2026-10-08,first confirmed case,2,Tshilenge,2026-10-22,pmf,invasion,0.000796
2026-10-08,first confirmed case,2,Tshilenge,2026-10-22,pmf,no invasion,0.999204
2026-10-08,first confirmed case,2,Tshishimbi,2026-10-22,pmf,invasion,0.00045
2026-10-08,first confirmed case,2,Tshishimbi,2026-10-22,pmf,no invasion,0.99955
2026-10-08,first confirmed case,2,Tshofa,2026-10-22,pmf,invasion,0.0032
2026-10-08,first confirmed case,2,Tshofa,2026-10-22,pmf,no invasion,0.9968
2026-10-08,first confirmed case,2,Tshudi Loto,2026-10-22,pmf,invasion,0.000601
2026-10-08,first confirmed case,2,Tshudi Loto,2026-10-22,pmf,no invasion,0.999399
2026-10-08,first confirmed case,2,Tshumbe,2026-10-22,pmf,invasion,0.000858
2026-10-08,first confirmed case,2,Tshumbe,2026-10-22,pmf,no invasion,0.999142
2026-10-08,first confirmed case,2,Tunda,2026-10-22,pmf,invasion,0.000598
2026-10-08,first confirmed case,2,Tunda,2026-10-22,pmf,no invasion,0.999402
2026-10-08,first confirmed case,2,Ubundu,2026-10-22,pmf,invasion,0.003113
2026-10-08,first confirmed case,2,Ubundu,2026-10-22,pmf,no invasion,0.996887
2026-10-08,first confirmed case,2,Uvira,2026-10-22,pmf,invasion,0.015299
2026-10-08,first confirmed case,2,Uvira,2026-10-22,pmf,no invasion,0.984701
2026-10-08,first confirmed case,2,Vaku,2026-10-22,pmf,invasion,7.7e-05
2026-10-08,first confirmed case,2,Vaku,2026-10-22,pmf,no invasion,0.999923
2026-10-08,first confirmed case,2,Vanga,2026-10-22,pmf,invasion,0.000799
2026-10-08,first confirmed case,2,Vanga,2026-10-22,pmf,no invasion,0.999201
2026-10-08,first confirmed case,2,Vanga Kete,2026-10-22,pmf,invasion,0.000917
2026-10-08,first confirmed case,2,Vanga Kete,2026-10-22,pmf,no invasion,0.999083
2026-10-08,first confirmed case,2,Vangu,2026-10-22,pmf,invasion,4.2e-05
2026-10-08,first confirmed case,2,Vangu,2026-10-22,pmf,no invasion,0.999958
2026-10-08,first confirmed case,2,Walikale,2026-10-22,pmf,invasion,0.012803
2026-10-08,first confirmed case,2,Walikale,2026-10-22,pmf,no invasion,0.987197
2026-10-08,first confirmed case,2,Walungu,2026-10-22,pmf,invasion,0.003709
2026-10-08,first confirmed case,2,Walungu,2026-10-22,pmf,no invasion,0.996291
2026-10-08,first confirmed case,2,Wamba Lwadi,2026-10-22,pmf,invasion,0.000238
2026-10-08,first confirmed case,2,Wamba Lwadi,2026-10-22,pmf,no invasion,0.999762
2026-10-08,first confirmed case,2,Wangata,2026-10-22,pmf,invasion,0.000577
2026-10-08,first confirmed case,2,Wangata,2026-10-22,pmf,no invasion,0.999423
2026-10-08,first confirmed case,2,Wapinda,2026-10-22,pmf,invasion,0.000757
2026-10-08,first confirmed case,2,Wapinda,2026-10-22,pmf,no invasion,0.999243
2026-10-08,first confirmed case,2,Wasolo,2026-10-22,pmf,invasion,0.001213
2026-10-08,first confirmed case,2,Wasolo,2026-10-22,pmf,no invasion,0.998787
2026-10-08,first confirmed case,2,Watsa,2026-10-22,pmf,invasion,0.111009
2026-10-08,first confirmed case,2,Watsa,2026-10-22,pmf,no invasion,0.888991
2026-10-08,first confirmed case,2,Wema,2026-10-22,pmf,invasion,0.000245
2026-10-08,first confirmed case,2,Wema,2026-10-22,pmf,no invasion,0.999755
2026-10-08,first confirmed case,2,Wembo Nyama,2026-10-22,pmf,invasion,0.000649
2026-10-08,first confirmed case,2,Wembo Nyama,2026-10-22,pmf,no invasion,0.999351
2026-10-08,first confirmed case,2,Wikong,2026-10-22,pmf,invasion,0.000469
2026-10-08,first confirmed case,2,Wikong,2026-10-22,pmf,no invasion,0.999531
2026-10-08,first confirmed case,2,Yabaondo,2026-10-22,pmf,invasion,0.004745
2026-10-08,first confirmed case,2,Yabaondo,2026-10-22,pmf,no invasion,0.995255
2026-10-08,first confirmed case,2,Yahisuli,2026-10-22,pmf,invasion,0.002112
2026-10-08,first confirmed case,2,Yahisuli,2026-10-22,pmf,no invasion,0.997888
2026-10-08,first confirmed case,2,Yahuma,2026-10-22,pmf,invasion,0.002163
2026-10-08,first confirmed case,2,Yahuma,2026-10-22,pmf,no invasion,0.997837
2026-10-08,first confirmed case,2,Yakoma,2026-10-22,pmf,invasion,0.001164
2026-10-08,first confirmed case,2,Yakoma,2026-10-22,pmf,no invasion,0.998836
2026-10-08,first confirmed case,2,Yakusu,2026-10-22,pmf,invasion,0.062006
2026-10-08,first confirmed case,2,Yakusu,2026-10-22,pmf,no invasion,0.937994
2026-10-08,first confirmed case,2,Yaleko,2026-10-22,pmf,invasion,0.002739
2026-10-08,first confirmed case,2,Yaleko,2026-10-22,pmf,no invasion,0.997261
2026-10-08,first confirmed case,2,Yalifafu,2026-10-22,pmf,invasion,0.002281
2026-10-08,first confirmed case,2,Yalifafu,2026-10-22,pmf,no invasion,0.997719
2026-10-08,first confirmed case,2,Yalimbongo,2026-10-22,pmf,invasion,0.01946
2026-10-08,first confirmed case,2,Yalimbongo,2026-10-22,pmf,no invasion,0.98054
2026-10-08,first confirmed case,2,Yamaluka,2026-10-22,pmf,invasion,0.00245
2026-10-08,first confirmed case,2,Yamaluka,2026-10-22,pmf,no invasion,0.99755
2026-10-08,first confirmed case,2,Yambuku,2026-10-22,pmf,invasion,0.002221
2026-10-08,first confirmed case,2,Yambuku,2026-10-22,pmf,no invasion,0.997779
2026-10-08,first confirmed case,2,Yamongili,2026-10-22,pmf,invasion,0.002197
2026-10-08,first confirmed case,2,Yamongili,2026-10-22,pmf,no invasion,0.997803
2026-10-08,first confirmed case,2,Yangala,2026-10-22,pmf,invasion,0.001542
2026-10-08,first confirmed case,2,Yangala,2026-10-22,pmf,no invasion,0.998458
2026-10-08,first confirmed case,2,Yasa Bonga,2026-10-22,pmf,invasion,0.000554
2026-10-08,first confirmed case,2,Yasa Bonga,2026-10-22,pmf,no invasion,0.999446
2026-10-08,first confirmed case,2,Yumbi,2026-10-22,pmf,invasion,0.000145
2026-10-08,first confirmed case,2,Yumbi,2026-10-22,pmf,no invasion,0.999855
2026-10-08,first confirmed case,2,Zongo,2026-10-22,pmf,invasion,9.3e-05
2026-10-08,first confirmed case,2,Zongo,2026-10-22,pmf,no invasion,0.999907
