health_zone,province,horizon,was_active_before,p_case_invasion,p_case_lo,p_case_hi,mu_forecast,rr_nat,rr_nat_rank,rr01_nat,rr_ituri,rr_ituri_rank,rr_nordkivu,rr_nordkivu_rank,rr_hautuele,rr_hautuele_rank,V,priority,priority_rank,surveillance_gap,healthcare_gap,access_gap,social_vulnerability,healthcare_travel_min,method
Watsa,Haut-Uele,1,FALSE,0.4129,0.3346,0.4915,0.5359,42.7705,1,1,NA,NA,NA,NA,3.2155,1,0.4797,1,1,0.7297,0.8436,0,0.3456,0,Bayes-M17-dist-short
Biringi,Ituri,1,FALSE,0.2673,0.2113,0.3256,0.3122,24.9147,2,0.6474,1.4213,1,NA,NA,NA,NA,0.3494,0.4716,3,0.3958,0.4865,0,0.5154,0,Bayes-M17-dist-short
Nyarambe,Ituri,1,FALSE,0.2672,0.2112,0.3254,0.312,24.9008,3,0.6471,1.4205,2,NA,NA,NA,NA,0.1805,0.2435,8,0.1699,0.4595,0,0.0927,0,Bayes-M17-dist-short
Mutwanga,Nord-Kivu,1,FALSE,0.2634,0.2081,0.3211,0.3068,24.4907,4,0.638,NA,NA,4.6484,1,NA,NA,0.2408,0.3203,6,0.2606,0.4672,0,0.2355,0,Bayes-M17-dist-short
Gombari,Haut-Uele,1,FALSE,0.253,0.1995,0.3089,0.2927,23.3637,5,0.6128,NA,NA,NA,NA,1.7565,2,0.5772,0.73740000000000006,2,0.9633,0.8012,0,0.5444,0,Bayes-M17-dist-short
Jiba,Ituri,1,FALSE,0.2222,0.1744,0.2725,0.2521,20.1204,6,0.5383,1.1478,3,NA,NA,NA,NA,0.1651,0.1852,17,0.1815,0.1274,0,0.3514,0,Bayes-M17-dist-short
Angumu,Ituri,1,FALSE,0.2087,0.1634,0.2563,0.2347,18.7303,7,0.5054,1.0685,4,NA,NA,NA,NA,0.11,0.1159,22,0.1641,0.1641,0,0.112,0,Bayes-M17-dist-short
Linga,Ituri,1,FALSE,0.1994,0.156,0.2453,0.223,17.8018,8,0.4831,1.0156,5,NA,NA,NA,NA,0.2148,0.2163,11,0.1969,0.3417,0,0.3205,0,Bayes-M17-dist-short
Makoro,Haut-Uele,1,FALSE,0.1843,0.1438,0.2272,0.2042,16.2979,9,0.4464,NA,NA,NA,NA,1.2253,3,0.3822,0.3557,4,0.556,0.5483,0,0.4247,0,Bayes-M17-dist-short
Biena,Nord-Kivu,1,FALSE,0.1749,0.1362,0.2158,0.1926,15.3761,10,0.4235,NA,NA,2.9184,2,NA,NA,0.2013,0.1777,18,0.251,0.166,0,0.388,0,Bayes-M17-dist-short
Kayna,Nord-Kivu,1,FALSE,0.1309,0.1013,0.1625,0.1405,11.217,11,0.3171,NA,NA,2.129,3,NA,NA,0.3113,0.2057,13,0.2278,0.6332,0,0.3842,0,Bayes-M17-dist-short
Dungu,Haut-Uele,1,FALSE,0.1231,0.0952,0.153,0.1316,10.5025,12,0.2982,NA,NA,NA,NA,0.7896,4,0.5275,0.3279,5,0.8726,0.5598,0,0.6776,0,Bayes-M17-dist-short
Laybo,Ituri,1,FALSE,0.1192,0.0921,0.1482,0.1271,10.1441,13,0.2887,0.5787,6,NA,NA,NA,NA,0.3393,0.2042,14,0.3069,0.556,0,0.4942,0,Bayes-M17-dist-short
Manguredjipa,Nord-Kivu,1,FALSE,0.11,0.0849,0.1369,0.1167,9.3111,14,0.2664,NA,NA,1.7673,4,NA,NA,0.3475,0.1929,15,0.778,0.0579,0,0.5541,0,Bayes-M17-dist-short
Kamango,Nord-Kivu,1,FALSE,0.1084,0.0836,0.1349,0.1149,9.1673,15,0.2625,NA,NA,1.74,5,NA,NA,0.4373,0.2392,9,0.6583,0.917,0,0.1737,0,Bayes-M17-dist-short
Alimbongo,Nord-Kivu,1,FALSE,0.0872,0.0671,0.1089,0.0914,7.2942,16,0.2113,NA,NA,1.3845,6,NA,NA,0.4262,0.1877,16,0.5849,0.7471,0,0.3726,0,Bayes-M17-dist-short
Bafwagbogbo,Tshopo,1,FALSE,0.087,0.067,0.1087,0.0912,7.2768,17,0.2108,NA,NA,NA,NA,NA,NA,0.3948,0.1735,19,0.8591,0.027,0,0.6931,0,Bayes-M17-dist-short
Viadana,Bas-Uele,1,FALSE,0.0806,0.0619,0.1007,0.0841,6.7108,18,0.1951,NA,NA,NA,NA,NA,NA,0.6846,0.2785,7,0.9131,0.9788,0,0.8465,0,Bayes-M17-dist-short
Niangara,Haut-Uele,1,FALSE,0.0776,0.0596,0.097,0.0809,6.4564,19,0.188,NA,NA,NA,NA,0.4854,5,0.5512,0.216,12,0.8031,0.4324,0,0.9691,0,Bayes-M17-dist-short
Karisimbi,Nord-Kivu,1,FALSE,0.0759,0.0583,0.0949,0.079,6.3057,20,0.1838,NA,NA,1.1968,7,NA,NA,0.1597,0.0612,34,0.0907,0.5154,0,0.0328,0,Bayes-M17-dist-short
Adi,Ituri,1,FALSE,0.0734,0.0564,0.0918,0.0763,6.0926,21,0.1779,0.3476,7,NA,NA,NA,NA,0.3977,0.1474,20,0.2587,0.7104,0,0.6216,0,Bayes-M17-dist-short
Nyiragongo,Nord-Kivu,1,FALSE,0.0665,0.051,0.0833,0.0689,5.4994,22,0.1611,NA,NA,1.0438,8,NA,NA,0.2891,0.0971,25,0.2432,0.8764,0,0.0367,0,Bayes-M17-dist-short
Poko,Bas-Uele,1,FALSE,0.0617,0.0473,0.0773,0.0638,5.0888,23,0.1495,NA,NA,NA,NA,NA,NA,0.7271,0.2266,10,0.9923,0.9517,0,0.9643,0,Bayes-M17-dist-short
Tshopo,Tshopo,1,FALSE,0.0599,0.0459,0.0751,0.0618,4.9342,24,0.1451,NA,NA,NA,NA,NA,NA,0.2466,0.0746,29,0.361,0.334,0,0.2915,0,Bayes-M17-dist-short
Kibirizi,Nord-Kivu,1,FALSE,0.0504,0.0386,0.0633,0.0518,4.1333,25,0.1222,NA,NA,0.7845,9,NA,NA,0.4175,0.1063,24,0.5405,0.8552,0,0.2741,0,Bayes-M17-dist-short
Faradje,Haut-Uele,1,FALSE,0.042,0.0321,0.0528,0.043,3.4296,26,0.1018,NA,NA,NA,NA,0.2578,6,0.4474,0.095,26,0.7606,0.666,0,0.3629,0,Bayes-M17-dist-short
Rutshuru,Nord-Kivu,1,FALSE,0.0404,0.0309,0.0507,0.0412,3.2919,27,0.0978,NA,NA,0.6248,10,NA,NA,0.3721,0.0759,28,0.4093,0.9942,0,0.0849,0,Bayes-M17-dist-short
Nsele,Kinshasa,1,FALSE,0.0392,0.03,0.0493,0.04,3.1965,28,0.095,NA,NA,NA,NA,NA,NA,0.1583,0.0314,45,0.139,0.3996,0,0.0946,0,Bayes-M17-dist-short
Gombe,Kinshasa,1,FALSE,0.0388,0.0297,0.0487,0.0396,3.161,29,0.094,NA,NA,NA,NA,NA,NA,0.1622,0.0318,44,0.0695,0.5695,0,0.0097,0,Bayes-M17-dist-short
Ganga,Bas-Uele,1,FALSE,0.0385,0.0294,0.0484,0.0393,3.1368,30,0.0933,NA,NA,NA,NA,NA,NA,0.7218,0.1404,21,0.9672,0.9556,0,0.9643,0,Bayes-M17-dist-short
Aba,Haut-Uele,1,FALSE,0.0379,0.029,0.0476,0.0387,3.0872,31,0.0919,NA,NA,NA,NA,0.2321,7,0.569,0.109,23,0.6004,0.6853,0,0.9903,0,Bayes-M17-dist-short
Rwanguba,Nord-Kivu,1,FALSE,0.0367,0.028,0.0461,0.0374,2.9843,32,0.0889,NA,NA,0.5664,11,NA,NA,0.2442,0.0452,38,0.2085,0.7027,0,0.0656,0,Bayes-M17-dist-short
Mweso,Nord-Kivu,1,FALSE,0.0342,0.0261,0.043,0.0348,2.7783,33,0.0828,NA,NA,0.5273,12,NA,NA,0.4189,0.0723,30,0.4498,0.9614,0,0.2645,0,Bayes-M17-dist-short
Bambo,Nord-Kivu,1,FALSE,0.0335,0.0256,0.0421,0.0341,2.7183,34,0.0811,NA,NA,0.5159,13,NA,NA,0.3962,0.067,33,0.5521,0.9073,0,0.1255,0,Bayes-M17-dist-short
Banalia,Tshopo,1,FALSE,0.0332,0.0254,0.0417,0.0338,2.6959,35,0.0804,NA,NA,NA,NA,NA,NA,0.4242,0.0711,31,0.7799,0.1178,0,0.7992,0,Bayes-M17-dist-short
Limete,Kinshasa,1,FALSE,0.0298,0.0227,0.0375,0.0302,2.4142,36,0.0721,NA,NA,NA,NA,NA,NA,0.056,0.0084,84,0.0405,0.1371,0,0.0463,0,Bayes-M17-dist-short
Binza Ozone,Kinshasa,1,FALSE,0.0282,0.0216,0.0355,0.0287,2.2875,37,0.0684,NA,NA,NA,NA,NA,NA,0.152,0.0217,54,0.0734,0.5232,0,0.0116,0,Bayes-M17-dist-short
Kirotshe,Nord-Kivu,1,FALSE,0.0275,0.0209,0.0345,0.0278,2.2226,38,0.0665,NA,NA,0.4219,14,NA,NA,0.3842,0.0532,37,0.3764,0.9961,0,0.1641,0,Bayes-M17-dist-short
Lingwala,Kinshasa,1,FALSE,0.0271,0.0207,0.0341,0.0275,2.1967,39,0.0657,NA,NA,NA,NA,NA,NA,0.0323,0.0044,112,0.0232,0.0907,0,0.0154,0,Bayes-M17-dist-short
Kokolo,Kinshasa,1,FALSE,0.0268,0.0204,0.0337,0.0272,2.1685,40,0.0649,NA,NA,NA,NA,NA,NA,0.2172,0.0294,47,0.0772,0.7722,0,0.0193,0,Bayes-M17-dist-short
Katana,Sud-Kivu,1,FALSE,0.0254,0.0193,0.0319,0.0257,2.0506,41,0.0614,NA,NA,NA,NA,NA,NA,0.3224,0.0413,40,0.2471,0.9112,0,0.1313,0,Bayes-M17-dist-short
Kinshasa,Kinshasa,1,FALSE,0.0246,0.0188,0.031,0.0249,1.9903,42,0.0596,NA,NA,NA,NA,NA,NA,0.0203,0.0025,160,0.0135,0.0463,0,0.0212,0,Bayes-M17-dist-short
Kalamu 1,Kinshasa,1,FALSE,0.0238,0.0181,0.0299,0.0241,1.922,44,0.0576,NA,NA,NA,NA,NA,NA,0.0309,0.0037,128,0.0193,0.0734,0,0.0309,0,Bayes-M17-dist-short
Kasa Vubu,Kinshasa,1,FALSE,0.0238,0.0181,0.0299,0.0241,1.9198,45,0.0575,NA,NA,NA,NA,NA,NA,0.0444,0.0053,107,0.0309,0.1216,0,0.0251,0,Bayes-M17-dist-short
Opienge,Tshopo,1,FALSE,0.0238,0.0181,0.0299,0.0241,1.922,43,0.0576,NA,NA,NA,NA,NA,NA,0.4445,0.0534,36,0.9556,0.0135,0,0.8089,0,Bayes-M17-dist-short
Pinga,Nord-Kivu,1,FALSE,0.0237,0.0181,0.0299,0.024,1.9172,46,0.0575,NA,NA,0.3639,15,NA,NA,0.57,0.0683,32,0.9595,0.7548,0,0.5656,0,Bayes-M17-dist-short
Binza,Nord-Kivu,1,FALSE,0.0236,0.018,0.0297,0.0239,1.9073,47,0.0572,NA,NA,0.362,16,NA,NA,0.3518,0.0419,39,0.471,0.8378,0,0.0985,0,Bayes-M17-dist-short
Ibanda,Sud-Kivu,1,FALSE,0.0226,0.0172,0.0284,0.0228,1.8227,48,0.0547,NA,NA,NA,NA,NA,NA,0.2307,0.0263,50,0.083,0.6216,0,0.2181,0,Bayes-M17-dist-short
Lemba,Kinshasa,1,FALSE,0.0211,0.0161,0.0265,0.0213,1.6997,49,0.051,NA,NA,NA,NA,NA,NA,0.1023,0.0109,71,0.0483,0.3069,0,0.0541,0,Bayes-M17-dist-short
Buta,Bas-Uele,1,FALSE,0.0209,0.0159,0.0263,0.0211,1.6866,50,0.0506,NA,NA,NA,NA,NA,NA,0.7225,0.0763,27,0.9749,0.9923,0,0.9228,0,Bayes-M17-dist-short
Masina 1,Kinshasa,1,FALSE,0.0209,0.0159,0.0263,0.0211,1.6859,51,0.0506,NA,NA,NA,NA,NA,NA,0.0193,0.002,179,0.0077,0.0077,0,0.0618,0,Bayes-M17-dist-short
Kintambo,Kinshasa,1,FALSE,0.0209,0.0159,0.0263,0.0211,1.6836,52,0.0505,NA,NA,NA,NA,NA,NA,0.0338,0.0036,131,0.0212,0.1004,0,0.0135,0,Bayes-M17-dist-short
Birambizo,Nord-Kivu,1,FALSE,0.019,0.0145,0.0239,0.0192,1.5319,53,0.046,NA,NA,0.2908,17,NA,NA,0.3625,0.0348,42,0.4035,0.89,0,0.1564,0,Bayes-M17-dist-short
Masina 2,Kinshasa,1,FALSE,0.0179,0.0137,0.0226,0.0181,1.4455,54,0.0435,NA,NA,NA,NA,NA,NA,0.0265,0.0024,162,0.0174,0.0193,0,0.0695,0,Bayes-M17-dist-short
Bandalungwa,Kinshasa,1,FALSE,0.0179,0.0137,0.0226,0.0181,1.4455,55,0.0435,NA,NA,NA,NA,NA,NA,0.0709,0.0064,94,0.0328,0.2336,0,0.0174,0,Bayes-M17-dist-short
Kadutu,Sud-Kivu,1,FALSE,0.0178,0.0135,0.0224,0.0179,1.4315,56,0.043,NA,NA,NA,NA,NA,NA,0.1636,0.0147,64,0.0579,0.3861,0,0.2104,0,Bayes-M17-dist-short
Minova,Sud-Kivu,1,FALSE,0.0172,0.0131,0.0217,0.0174,1.3878,57,0.0417,NA,NA,NA,NA,NA,NA,0.3866,0.0336,43,0.4421,0.9826,0,0.1216,0,Bayes-M17-dist-short
Bondo,Bas-Uele,1,FALSE,0.0166,0.0127,0.0209,0.0168,1.3372,58,0.0402,NA,NA,NA,NA,NA,NA,0.6737,0.0565,35,0.9961,0.9981,0,0.7008,0,Bayes-M17-dist-short
Binza Meteo,Kinshasa,1,FALSE,0.0154,0.0118,0.0195,0.0156,1.2428,59,0.0374,NA,NA,NA,NA,NA,NA,0.2558,0.0199,57,0.0965,0.8996,0,0.027,0,Bayes-M17-dist-short
Bengamisa,Tshopo,1,FALSE,0.0153,0.0116,0.0192,0.0154,1.2279,60,0.037,NA,NA,NA,NA,NA,NA,0.3012,0.0232,52,0.612,0.2162,0,0.3764,0,Bayes-M17-dist-short
Kikimi,Kinshasa,1,FALSE,0.0151,0.0115,0.019,0.0152,1.2115,61,0.0365,NA,NA,NA,NA,NA,NA,0.0835,0.0063,95,0.056,0.1911,0,0.0869,0,Bayes-M17-dist-short
Matete,Kinshasa,1,FALSE,0.015,0.0114,0.0189,0.0151,1.2067,62,0.0363,NA,NA,NA,NA,NA,NA,0.0492,0.0037,127,0.0251,0.1158,0,0.056,0,Bayes-M17-dist-short
Barumbu,Kinshasa,1,FALSE,0.015,0.0114,0.0189,0.0151,1.206,63,0.0363,NA,NA,NA,NA,NA,NA,0.014,0.0011,250,0.0097,0.0232,0,0.0232,0,Bayes-M17-dist-short
Kabare,Sud-Kivu,1,FALSE,0.0149,0.0113,0.0188,0.015,1.1972,64,0.0361,NA,NA,NA,NA,NA,NA,0.3567,0.0268,48,0.2394,0.9884,0,0.1988,0,Bayes-M17-dist-short
Walikale,Nord-Kivu,1,FALSE,0.0143,0.0109,0.018,0.0144,1.1458,65,0.0345,NA,NA,0.2175,18,NA,NA,0.5729,0.0412,41,0.9459,0.9286,0,0.417,0,Bayes-M17-dist-short
Masisi,Nord-Kivu,1,FALSE,0.0141,0.0107,0.0177,0.0142,1.1324,66,0.0341,NA,NA,0.2149,19,NA,NA,0.4402,0.0313,46,0.4324,0.9575,0,0.3707,0,Bayes-M17-dist-short
Mont Ngafula 1,Kinshasa,1,FALSE,0.0127,0.0097,0.016,0.0128,1.0189,67,0.0307,NA,NA,NA,NA,NA,NA,0.2066,0.0132,67,0.1371,0.6313,0,0.0579,0,Bayes-M17-dist-short
Mont Ngafula 2,Kinshasa,1,FALSE,0.0124,0.0094,0.0156,0.0125,0.9964,68,0.03,NA,NA,NA,NA,NA,NA,0.0951,0.006,100,0.0849,0.2568,0,0.0386,0,Bayes-M17-dist-short
Selembao,Kinshasa,1,FALSE,0.0124,0.0094,0.0156,0.0124,0.9923,69,0.0299,NA,NA,NA,NA,NA,NA,0.0676,0.0042,116,0.0444,0.1815,0,0.0444,0,Bayes-M17-dist-short
Kingabwa,Kinshasa,1,FALSE,0.0121,0.0092,0.0153,0.0122,0.9729,71,0.0293,NA,NA,NA,NA,NA,NA,0.0478,0.0029,151,0.0425,0.0965,0,0.0521,0,Bayes-M17-dist-short
Ndjili,Kinshasa,1,FALSE,0.0121,0.0092,0.0153,0.0122,0.974,70,0.0294,NA,NA,NA,NA,NA,NA,0.0487,0.003,144,0.027,0.1042,0,0.0637,0,Bayes-M17-dist-short
Ngiri Ngiri,Kinshasa,1,FALSE,0.012,0.0091,0.0151,0.0121,0.9642,72,0.0291,NA,NA,NA,NA,NA,NA,0.028,0.0017,195,0.0154,0.0676,0,0.029,0,Bayes-M17-dist-short
Police,Kinshasa,1,FALSE,0.0119,0.0091,0.015,0.012,0.9584,73,0.0289,NA,NA,NA,NA,NA,NA,0.0478,0.0029,152,0.0463,0.0772,0,0.0676,0,Bayes-M17-dist-short
Katoyi,Nord-Kivu,1,FALSE,0.0117,0.0089,0.0147,0.0118,0.9383,74,0.0283,NA,NA,0.1781,20,NA,NA,0.4542,0.0268,49,0.4614,0.9595,0,0.3958,0,Bayes-M17-dist-short
Kalehe,Sud-Kivu,1,FALSE,0.0111,0.0085,0.014,0.0112,0.8909,75,0.0269,NA,NA,NA,NA,NA,NA,0.3369,0.0189,59,0.3417,0.8649,0,0.1409,0,Bayes-M17-dist-short
Isangi,Tshopo,1,FALSE,0.0108,0.0082,0.0136,0.0108,0.8633,76,0.0261,NA,NA,NA,NA,NA,NA,0.3837,0.0208,55,0.4054,0.4073,0,0.722,0,Bayes-M17-dist-short
Lubutu,Maniema,1,FALSE,0.0101,0.0077,0.0128,0.0102,0.8116,77,0.0245,NA,NA,NA,NA,NA,NA,0.4706,0.024,51,0.8205,0.2819,0,0.7799,0,Bayes-M17-dist-short
Yakusu,Tshopo,1,FALSE,0.0095,0.0072,0.012,0.0095,0.7615,78,0.023,NA,NA,NA,NA,NA,NA,0.319,0.0153,62,0.4208,0.2085,0,0.6467,0,Bayes-M17-dist-short
Maluku 1,Kinshasa,1,FALSE,0.0092,0.007,0.0116,0.0093,0.741,79,0.0224,NA,NA,NA,NA,NA,NA,0.2321,0.0108,73,0.3475,0.4517,0,0.1293,0,Bayes-M17-dist-short
Kingasani,Kinshasa,1,FALSE,0.0091,0.0069,0.0114,0.0091,0.7268,80,0.022,NA,NA,NA,NA,NA,NA,0.0294,0.0013,218,0.0058,0.0405,0,0.0714,0,Bayes-M17-dist-short
Nyemba,Tanganyika,1,FALSE,0.0084,0.0064,0.0105,0.0084,0.6705,81,0.0203,NA,NA,NA,NA,NA,NA,0.3456,0.0146,65,0.5965,0.4556,0,0.3301,0,Bayes-M17-dist-short
Uvira,Sud-Kivu,1,FALSE,0.0083,0.0063,0.0104,0.0083,0.6627,82,0.02,NA,NA,NA,NA,NA,NA,0.5502,0.023,53,0.2181,0.9846,0,0.9981,0,Bayes-M17-dist-short
Yamaluka,Mongala,1,FALSE,0.0078,0.006,0.0099,0.0079,0.6267,83,0.0189,NA,NA,NA,NA,NA,NA,0.1974,0.0078,87,0.2799,0.1448,0,0.3649,0,Bayes-M17-dist-short
Ruzizi,Sud-Kivu,1,FALSE,0.0071,0.0054,0.009,0.0072,0.5717,84,0.0173,NA,NA,NA,NA,NA,NA,0.5627,0.0203,56,0.3494,0.9093,0,0.9923,0,Bayes-M17-dist-short
Nyantende,Sud-Kivu,1,FALSE,0.007,0.0054,0.0089,0.0071,0.5644,85,0.0171,NA,NA,NA,NA,NA,NA,0.3219,0.0115,70,0.1486,0.8938,0,0.2452,0,Bayes-M17-dist-short
Lubumbashi,Haut-Katanga,1,FALSE,0.0067,0.0051,0.0085,0.0068,0.5396,86,0.0163,NA,NA,NA,NA,NA,NA,0.1105,0.0038,126,0.1081,0.2104,0,0.1236,0,Bayes-M17-dist-short
Basoko,Tshopo,1,FALSE,0.0064,0.0049,0.0081,0.0064,0.5134,87,0.0155,NA,NA,NA,NA,NA,NA,0.3012,0.0097,77,0.5077,0.3147,0,0.3822,0,Bayes-M17-dist-short
Doruma,Haut-Uele,1,FALSE,0.0063,0.0048,0.0079,0.0063,0.5015,88,0.0152,NA,NA,NA,NA,0.0377,8,0.6216,0.0197,58,0.973,0.5135,0,1,0,Bayes-M17-dist-short
Ubundu,Tshopo,1,FALSE,0.0062,0.0047,0.0078,0.0062,0.498,89,0.0151,NA,NA,NA,NA,NA,NA,0.4744,0.0149,63,0.9054,0.4305,0,0.5618,0,Bayes-M17-dist-short
Makala,Kinshasa,1,FALSE,0.0061,0.0046,0.0077,0.0061,0.4891,90,0.0148,NA,NA,NA,NA,NA,NA,0.0246,8e-4,288,0.0116,0.0386,0,0.0483,0,Bayes-M17-dist-short
Kalamu 2,Kinshasa,1,FALSE,0.006,0.0046,0.0076,0.006,0.4827,91,0.0146,NA,NA,NA,NA,NA,NA,0.015,5e-4,362,0.0039,0.0154,0,0.0405,0,Bayes-M17-dist-short
Walungu,Sud-Kivu,1,FALSE,0.006,0.0046,0.0076,0.006,0.4809,92,0.0145,NA,NA,NA,NA,NA,NA,0.3248,0.0099,76,0.1853,0.8803,0,0.2336,0,Bayes-M17-dist-short
Yabaondo,Tshopo,1,FALSE,0.006,0.0045,0.0075,0.006,0.4786,93,0.0145,NA,NA,NA,NA,NA,NA,0.3523,0.0106,75,0.4363,0.305,0,0.668,0,Bayes-M17-dist-short
Kindu,Maniema,1,FALSE,0.0053,0.004,0.0067,0.0053,0.4237,94,0.0128,NA,NA,NA,NA,NA,NA,0.3181,0.0085,82,0.1351,0.2529,0,0.8842,0,Bayes-M17-dist-short
Lisala,Mongala,1,FALSE,0.0052,0.0039,0.0065,0.0052,0.413,95,0.0125,NA,NA,NA,NA,NA,NA,0.4093,0.0107,74,0.4286,0.4402,0,0.7683,0,Bayes-M17-dist-short
Titule,Bas-Uele,1,FALSE,0.0051,0.0038,0.0064,0.0051,0.4041,96,0.0122,NA,NA,NA,NA,NA,NA,0.6839,0.0174,60,0.9865,0.8263,0,0.9228,0,Bayes-M17-dist-short
Bagira,Sud-Kivu,1,FALSE,0.0049,0.0037,0.0062,0.0049,0.3909,97,0.0118,NA,NA,NA,NA,NA,NA,0.236,0.0058,102,0.1004,0.6371,0,0.2066,0,Bayes-M17-dist-short
Ango,Bas-Uele,1,FALSE,0.0047,0.0035,0.0059,0.0047,0.3721,99,0.0113,NA,NA,NA,NA,NA,NA,0.7095,0.0167,61,1,0.8591,0,0.9788,0,Bayes-M17-dist-short
Yaleko,Tshopo,1,FALSE,0.0047,0.0036,0.006,0.0047,0.3786,98,0.0115,NA,NA,NA,NA,NA,NA,0.402,0.0096,78,0.639,0.2452,0,0.7239,0,Bayes-M17-dist-short
Kibua,Nord-Kivu,1,FALSE,0.0046,0.0035,0.0058,0.0046,0.3663,100,0.0111,NA,NA,0.0695,21,NA,NA,0.5154,0.0119,69,0.7741,0.6602,0,0.6274,0,Bayes-M17-dist-short
Fizi,Sud-Kivu,1,FALSE,0.0045,0.0034,0.0056,0.0045,0.3576,102,0.0108,NA,NA,NA,NA,NA,NA,0.5637,0.0127,68,0.7432,0.9691,0,0.5425,0,Bayes-M17-dist-short
Kalemie,Tanganyika,1,FALSE,0.0045,0.0035,0.0057,0.0046,0.3639,101,0.011,NA,NA,NA,NA,NA,NA,0.3789,0.0087,81,0.6718,0.4575,0,0.3861,0,Bayes-M17-dist-short
Shabunda,Sud-Kivu,1,FALSE,0.0044,0.0034,0.0056,0.0044,0.3543,103,0.0107,NA,NA,NA,NA,NA,NA,0.5922,0.0132,66,0.8378,0.8726,0,0.6583,0,Bayes-M17-dist-short
Mubumbano,Sud-Kivu,1,FALSE,0.0043,0.0033,0.0054,0.0043,0.3451,104,0.0105,NA,NA,NA,NA,NA,NA,0.3658,0.008,86,0.2683,0.9402,0,0.2548,0,Bayes-M17-dist-short
Yambuku,Mongala,1,FALSE,0.0039,0.0029,0.0049,0.0039,0.3098,105,0.0094,NA,NA,NA,NA,NA,NA,0.4344,0.0085,83,0.5483,0.5753,0,0.6139,0,Bayes-M17-dist-short
Nyangezi,Sud-Kivu,1,FALSE,0.0038,0.0029,0.0047,0.0038,0.3007,107,0.0091,NA,NA,NA,NA,NA,NA,0.36870000000000003,0.007,90,0.222,0.8842,0,0.36870000000000003,0,Bayes-M17-dist-short
Lemera,Sud-Kivu,1,FALSE,0.0038,0.0029,0.0048,0.0038,0.3061,106,0.0093,NA,NA,NA,NA,NA,NA,0.5613,0.0108,72,0.3629,0.9015,0,0.9807,0,Bayes-M17-dist-short
Mumbunda,Haut-Katanga,1,FALSE,0.0037,0.0028,0.0047,0.0037,0.2986,108,0.009,NA,NA,NA,NA,NA,NA,0.1853,0.0035,134,0.1197,0.5077,0,0.1139,0,Bayes-M17-dist-short
Kaniola,Sud-Kivu,1,FALSE,0.0037,0.0028,0.0046,0.0037,0.2947,110,0.0089,NA,NA,NA,NA,NA,NA,0.4513,0.0084,85,0.5328,0.9305,0,0.3417,0,Bayes-M17-dist-short
Mwana,Sud-Kivu,1,FALSE,0.0037,0.0028,0.0047,0.0037,0.2971,109,0.009,NA,NA,NA,NA,NA,NA,0.3731,0.007,91,0.2896,0.9035,0,0.2992,0,Bayes-M17-dist-short
Mbandaka,Equateur,1,FALSE,0.0036,0.0027,0.0045,0.0036,0.2855,111,0.0086,NA,NA,NA,NA,NA,NA,0.5164,0.0093,79,0.6409,0.9633,0,0.4614,0,Bayes-M17-dist-short
Manika,Lualaba,1,FALSE,0.0035,0.0027,0.0044,0.0035,0.2815,112,0.0085,NA,NA,NA,NA,NA,NA,0.1149,0.002,177,0.0946,0.222,0,0.1429,0,Bayes-M17-dist-short
Kipushi,Haut-Katanga,1,FALSE,0.0033,0.0025,0.0042,0.0033,0.2657,113,0.008,NA,NA,NA,NA,NA,NA,0.1216,0.002,178,0.2703,0.1081,0,0.1081,0,Bayes-M17-dist-short
Tshamilemba,Haut-Katanga,1,FALSE,0.0033,0.0025,0.0041,0.0033,0.2626,116,0.008,NA,NA,NA,NA,NA,NA,0.0772,0.0013,225,0.0656,0.1255,0,0.1178,0,Bayes-M17-dist-short
Kisenso,Kinshasa,1,FALSE,0.0033,0.0025,0.0042,0.0033,0.2653,114,0.008,NA,NA,NA,NA,NA,NA,0.0589,0.001,257,0.0367,0.139,0,0.0598,0,Bayes-M17-dist-short
Biyela,Kinshasa,1,FALSE,0.0033,0.0025,0.0041,0.0033,0.2607,117,0.0079,NA,NA,NA,NA,NA,NA,0.1076,0.0018,192,0.0637,0.2838,0,0.083,0,Bayes-M17-dist-short
Bunyakiri,Sud-Kivu,1,FALSE,0.0033,0.0025,0.0042,0.0033,0.2643,115,0.008,NA,NA,NA,NA,NA,NA,0.4517,0.0075,88,0.6197,0.832,0,0.3552,0,Bayes-M17-dist-short
Kimbanseke,Kinshasa,1,FALSE,0.0032,0.0025,0.0041,0.0032,0.2581,118,0.0078,NA,NA,NA,NA,NA,NA,0.0526,9e-4,276,0.0521,0.0849,0,0.0734,0,Bayes-M17-dist-short
Maluku 2,Kinshasa,1,FALSE,0.0032,0.0024,0.004,0.0032,0.2525,119,0.0076,NA,NA,NA,NA,NA,NA,0.4184,0.0067,93,0.6834,0.5463,0,0.444,0,Bayes-M17-dist-short
Bumbu,Kinshasa,1,FALSE,0.0031,0.0024,0.0039,0.0031,0.2483,121,0.0075,NA,NA,NA,NA,NA,NA,0.0164,3e-4,416,0.0019,0.029,0,0.0347,0,Bayes-M17-dist-short
Ngaba,Kinshasa,1,FALSE,0.0031,0.0023,0.0039,0.0031,0.245,122,0.0074,NA,NA,NA,NA,NA,NA,0.014,2e-4,426,0,0.0058,0,0.0502,0,Bayes-M17-dist-short
Yahisuli,Tshopo,1,FALSE,0.0031,0.0024,0.0039,0.0031,0.2501,120,0.0076,NA,NA,NA,NA,NA,NA,0.3521,0.0056,104,0.3842,0.0714,0,0.9527,0,Bayes-M17-dist-short
Aketi,Bas-Uele,1,FALSE,0.0026,0.002,0.0033,0.0026,0.2081,125,0.0063,NA,NA,NA,NA,NA,NA,0.6762,0.0089,80,0.9903,0.9363,0,0.778,0,Bayes-M17-dist-short
Kalonge,Sud-Kivu,1,FALSE,0.0026,0.002,0.0033,0.0026,0.209,124,0.0063,NA,NA,NA,NA,NA,NA,0.404,0.0053,106,0.4961,0.8359,0,0.2838,0,Bayes-M17-dist-short
Djolu,Tshuapa,1,FALSE,0.0026,0.002,0.0033,0.0026,0.2108,123,0.0064,NA,NA,NA,NA,NA,NA,0.5256,0.007,89,0.7104,0.5985,0,0.7934,0,Bayes-M17-dist-short
Yahuma,Tshopo,1,FALSE,0.0025,0.0019,0.0031,0.0025,0.1988,126,0.006,NA,NA,NA,NA,NA,NA,0.4402,0.0055,105,0.8649,0.332,0,0.5637,0,Bayes-M17-dist-short
Bumba,Mongala,1,FALSE,0.0024,0.0018,0.0031,0.0024,0.1941,127,0.0059,NA,NA,NA,NA,NA,NA,0.2384,0.0029,150,0.1409,0.4537,0,0.3591,0,Bayes-M17-dist-short
Kaziba,Sud-Kivu,1,FALSE,0.0024,0.0018,0.003,0.0024,0.1904,128,0.0058,NA,NA,NA,NA,NA,NA,0.3571,0.0043,114,0.2876,0.7838,0,0.3571,0,Bayes-M17-dist-short
Opala,Tshopo,1,FALSE,0.0024,0.0018,0.003,0.0024,0.1889,129,0.0057,NA,NA,NA,NA,NA,NA,0.4269,0.0051,108,0.7819,0.0792,0,0.8465,0,Bayes-M17-dist-short
Kasongo,Maniema,1,FALSE,0.0023,0.0017,0.0029,0.0023,0.1822,130,0.0055,NA,NA,NA,NA,NA,NA,0.5304,0.0061,98,0.4459,0.7529,0,0.9228,0,Bayes-M17-dist-short
Lolo,Mongala,1,FALSE,0.0023,0.0017,0.0028,0.0023,0.1804,131,0.0055,NA,NA,NA,NA,NA,NA,0.3161,0.0036,129,0.4073,0.3263,0,0.5309,0,Bayes-M17-dist-short
Itebero,Nord-Kivu,1,FALSE,0.0023,0.0017,0.0028,0.0023,0.1799,132,0.0055,NA,NA,0.0341,22,NA,NA,0.5574,0.0063,96,0.9112,0.722,0,0.5965,0,Bayes-M17-dist-short
Kunda,Maniema,1,FALSE,0.0021,0.0016,0.0027,0.0021,0.1704,133,0.0052,NA,NA,NA,NA,NA,NA,0.4165,0.0045,110,0.4633,0.2799,0,0.9228,0,Bayes-M17-dist-short
Gemena,Sud-Ubangi,1,FALSE,0.0021,0.0016,0.0027,0.0021,0.1685,134,0.0051,NA,NA,NA,NA,NA,NA,0.3277,0.0035,135,0.1776,0.2741,0,0.8591,0,Bayes-M17-dist-short
Bili (Bas-Uele),Bas-Uele,1,FALSE,0.002,0.0015,0.0025,0.002,0.1595,138,0.0048,NA,NA,NA,NA,NA,NA,0.6926,0.007,92,0.9981,0.7992,0,0.973,0,Bayes-M17-dist-short
Punia,Maniema,1,FALSE,0.002,0.0015,0.0026,0.002,0.1626,136,0.0049,NA,NA,NA,NA,NA,NA,0.3731,0.0038,122,0.7625,0.1969,0,0.5328,0,Bayes-M17-dist-short
Nundu,Sud-Kivu,1,FALSE,0.002,0.0016,0.0026,0.002,0.1634,135,0.005,NA,NA,NA,NA,NA,NA,0.5927,0.0061,97,0.527,0.8494,0,0.9942,0,Bayes-M17-dist-short
Mondombe,Tshuapa,1,FALSE,0.002,0.0015,0.0025,0.002,0.1606,137,0.0049,NA,NA,NA,NA,NA,NA,0.4797,0.0049,109,0.6622,0.3726,0,0.8842,0,Bayes-M17-dist-short
Mwenga,Sud-Kivu,1,FALSE,0.0019,0.0014,0.0024,0.0019,0.1495,139,0.0045,NA,NA,NA,NA,NA,NA,0.319,0.003,143,0.5,0.3552,0,0.4208,0,Bayes-M17-dist-short
Lodja,Sankuru,1,FALSE,0.0018,0.0013,0.0022,0.0018,0.1411,141,0.0043,NA,NA,NA,NA,NA,NA,0.4626,0.0041,118,0.2625,0.6351,0,0.9527,0,Bayes-M17-dist-short
Ikela,Tshuapa,1,FALSE,0.0018,0.0014,0.0023,0.0018,0.1471,140,0.0045,NA,NA,NA,NA,NA,NA,0.4633,0.0043,113,0.8147,0.1795,0,0.8591,0,Bayes-M17-dist-short
Likati,Bas-Uele,1,FALSE,0.0017,0.0013,0.0021,0.0017,0.1329,146,0.004,NA,NA,NA,NA,NA,NA,0.7124,0.006,99,0.9942,0.971,0,0.8842,0,Bayes-M17-dist-short
Obokote,Maniema,1,FALSE,0.0017,0.0013,0.0022,0.0017,0.1377,143,0.0042,NA,NA,NA,NA,NA,NA,0.3209,0.0028,154,0.7239,0.0328,0,0.527,0,Bayes-M17-dist-short
Yakoma,Nord-Ubangi,1,FALSE,0.0017,0.0013,0.0022,0.0017,0.1385,142,0.0042,NA,NA,NA,NA,NA,NA,0.6641,0.0058,103,0.7124,0.9479,0,0.9961,0,Bayes-M17-dist-short
Boende,Tshuapa,1,FALSE,0.0017,0.0013,0.0021,0.0017,0.1333,145,0.004,NA,NA,NA,NA,NA,NA,0.4199,0.0035,132,0.6988,0.4807,0,0.5,0,Bayes-M17-dist-short
Kongolo,Tanganyika,1,FALSE,0.0017,0.0013,0.0022,0.0017,0.1367,144,0.0041,NA,NA,NA,NA,NA,NA,0.6829,0.0059,101,0.8861,0.9228,0,0.9228,0,Bayes-M17-dist-short
Saramabila,Maniema,1,FALSE,0.0016,0.0012,0.002,0.0016,0.1261,151,0.0038,NA,NA,NA,NA,NA,NA,0.4768,0.0038,123,0.473,0.5502,0,0.8842,0,Bayes-M17-dist-short
Yamongili,Mongala,1,FALSE,0.0016,0.0012,0.002,0.0016,0.129,148,0.0039,NA,NA,NA,NA,NA,NA,0.3243,0.0026,158,0.5116,0.3668,0,0.4189,0,Bayes-M17-dist-short
Kamituga,Sud-Kivu,1,FALSE,0.0016,0.0012,0.002,0.0016,0.1291,147,0.0039,NA,NA,NA,NA,NA,NA,0.3596,0.0029,148,0.3938,0.6062,0,0.4382,0,Bayes-M17-dist-short
Kitutu,Sud-Kivu,1,FALSE,0.0016,0.0012,0.002,0.0016,0.1278,150,0.0039,NA,NA,NA,NA,NA,NA,0.5024,0.0041,120,0.751,0.805,0,0.4537,0,Bayes-M17-dist-short
Mulungu,Sud-Kivu,1,FALSE,0.0016,0.0012,0.002,0.0016,0.1285,149,0.0039,NA,NA,NA,NA,NA,NA,0.5208,0.0042,115,0.861,0.5193,0,0.7027,0,Bayes-M17-dist-short
Moba,Tanganyika,1,FALSE,0.0015,0.0012,0.0019,0.0015,0.1228,152,0.0037,NA,NA,NA,NA,NA,NA,0.3808,0.003,146,0.6178,0.4942,0,0.4112,0,Bayes-M17-dist-short
Kalima,Maniema,1,FALSE,0.0014,0.001,0.0017,0.0014,0.1085,160,0.0033,NA,NA,NA,NA,NA,NA,0.3094,0.0021,174,0.4595,0.3205,0,0.4575,0,Bayes-M17-dist-short
Karawa,Nord-Ubangi,1,FALSE,0.0014,0.001,0.0017,0.0014,0.1102,158,0.0033,NA,NA,NA,NA,NA,NA,0.6404,0.0045,111,0.7568,0.973,0,0.832,0,Bayes-M17-dist-short
Lomela,Sankuru,1,FALSE,0.0014,0.0011,0.0018,0.0014,0.1118,156,0.0034,NA,NA,NA,NA,NA,NA,0.4759,0.0034,138,0.8456,0.1351,0,0.9228,0,Bayes-M17-dist-short
Kalole,Sud-Kivu,1,FALSE,0.0014,0.001,0.0017,0.0014,0.1089,159,0.0033,NA,NA,NA,NA,NA,NA,0.6038,0.0042,117,0.89,0.7799,0,0.7452,0,Bayes-M17-dist-short
Kimbi Lulenge,Sud-Kivu,1,FALSE,0.0014,0.0011,0.0018,0.0014,0.1117,157,0.0034,NA,NA,NA,NA,NA,NA,0.5507,0.0039,121,0.8475,0.8687,0,0.4865,0,Bayes-M17-dist-short
Basali,Tshopo,1,FALSE,0.0014,0.0011,0.0018,0.0014,0.1154,154,0.0035,NA,NA,NA,NA,NA,NA,0.3779,0.0028,155,0.834,0.0251,0,0.6525,0,Bayes-M17-dist-short
Yalimbongo,Tshopo,1,FALSE,0.0014,0.0011,0.0018,0.0014,0.1141,155,0.0035,NA,NA,NA,NA,NA,NA,0.3214,0.0023,165,0.5772,0.0483,0,0.6602,0,Bayes-M17-dist-short
Lingomo,Tshuapa,1,FALSE,0.0014,0.0011,0.0018,0.0014,0.1156,153,0.0035,NA,NA,NA,NA,NA,NA,0.5627,0.0041,119,0.8263,0.5869,0,0.8378,0,Bayes-M17-dist-short
Bwamanda,Sud-Ubangi,1,FALSE,0.0013,0.001,0.0016,0.0013,0.1007,163,0.0031,NA,NA,NA,NA,NA,NA,0.4667,0.003,145,0.4189,0.7394,0,0.7085,0,Bayes-M17-dist-short
Yalifafu,Tshuapa,1,FALSE,0.0013,0.001,0.0017,0.0013,0.1056,161,0.0032,NA,NA,NA,NA,NA,NA,0.4797,0.0032,140,0.7664,0.2683,0,0.8842,0,Bayes-M17-dist-short
Mbulula,Tanganyika,1,FALSE,0.0013,0.001,0.0016,0.0013,0.1008,162,0.0031,NA,NA,NA,NA,NA,NA,0.5934,0.0038,125,0.6448,0.7761,0,0.9527,0,Bayes-M17-dist-short
Kabinda,Lomami,1,FALSE,0.0012,9e-4,0.0015,0.0012,0.0967,164,0.0029,NA,NA,NA,NA,NA,NA,0.4382,0.0027,157,0.5097,0.5541,0,0.6892,0,Bayes-M17-dist-short
Haut Plateau,Sud-Kivu,1,FALSE,0.0012,9e-4,0.0015,0.0012,0.0957,167,0.0029,NA,NA,NA,NA,NA,NA,0.5246,0.0032,141,0.5714,0.5444,0,0.9826,0,Bayes-M17-dist-short
Bokungu,Tshuapa,1,FALSE,0.0012,9e-4,0.0015,0.0012,0.0939,168,0.0028,NA,NA,NA,NA,NA,NA,0.49370000000000003,0.0029,149,0.695,0.3571,0,0.9228,0,Bayes-M17-dist-short
Kabalo,Tanganyika,1,FALSE,0.0012,9e-4,0.0015,0.0012,0.0961,166,0.0029,NA,NA,NA,NA,NA,NA,0.624,0.0038,124,0.9035,0.7568,0,0.8359,0,Bayes-M17-dist-short
Manono,Tanganyika,1,FALSE,0.0012,9e-4,0.0015,0.0012,0.0962,165,0.0029,NA,NA,NA,NA,NA,NA,0.5758,0.0035,133,0.8784,0.9537,0,0.471,0,Bayes-M17-dist-short
Bonzola,Kasaï-Oriental,1,FALSE,0.0011,8e-4,0.0014,0.0011,0.0871,173,0.0026,NA,NA,NA,NA,NA,NA,0.2958,0.0016,201,0.0927,0.7934,0,0.2973,0,Bayes-M17-dist-short
Kampene,Maniema,1,FALSE,0.0011,8e-4,0.0014,0.0011,0.0882,172,0.0027,NA,NA,NA,NA,NA,NA,0.3962,0.0022,169,0.5251,0.1757,0,0.8842,0,Bayes-M17-dist-short
Lulingu,Sud-Kivu,1,FALSE,0.0011,9e-4,0.0014,0.0011,0.0895,169,0.0027,NA,NA,NA,NA,NA,NA,0.6158,0.0035,136,0.9093,0.8108,0,0.7432,0,Bayes-M17-dist-short
Tandala,Sud-Ubangi,1,FALSE,0.0011,9e-4,0.0014,0.0011,0.0894,170,0.0027,NA,NA,NA,NA,NA,NA,0.4078,0.0023,166,0.2741,0.527,0,0.8301,0,Bayes-M17-dist-short
Nyunzu,Tanganyika,1,FALSE,0.0011,8e-4,0.0014,0.0011,0.0891,171,0.0027,NA,NA,NA,NA,NA,NA,0.6023,0.0034,137,0.9653,0.834,0,0.61,0,Bayes-M17-dist-short
Monga,Bas-Uele,1,FALSE,0.001,7e-4,0.0012,0.001,0.0775,178,0.0024,NA,NA,NA,NA,NA,NA,0.7336,0.0036,130,0.9826,0.9672,0,0.9846,0,Bayes-M17-dist-short
Binga,Mongala,1,FALSE,0.001,8e-4,0.0012,0.001,0.0791,175,0.0024,NA,NA,NA,NA,NA,NA,0.3306,0.0017,198,0.4749,0.249,0,0.5985,0,Bayes-M17-dist-short
Bosondjo,Mongala,1,FALSE,0.001,7e-4,0.0012,0.001,0.0781,177,0.0024,NA,NA,NA,NA,NA,NA,0.3489,0.0017,193,0.5618,0.1931,0,0.6409,0,Bayes-M17-dist-short
Pimu,Mongala,1,FALSE,0.001,8e-4,0.0013,0.001,0.0808,174,0.0025,NA,NA,NA,NA,NA,NA,0.4257,0.0022,172,0.583,0.3707,0,0.749,0,Bayes-M17-dist-short
Libenge,Sud-Ubangi,1,FALSE,0.001,7e-4,0.0012,0.001,0.0765,179,0.0023,NA,NA,NA,NA,NA,NA,0.3818,0.0018,186,0.6293,0.3591,0,0.5386,0,Bayes-M17-dist-short
Lowa,Tshopo,1,FALSE,0.001,7e-4,0.0012,0.001,0.0784,176,0.0024,NA,NA,NA,NA,NA,NA,0.4073,0.002,180,0.8938,0.0598,0,0.6757,0,Bayes-M17-dist-short
Malemba Nkulu,Haut-Lomami,1,FALSE,9e-4,7e-4,0.0012,9e-4,0.0735,183,0.0022,NA,NA,NA,NA,NA,NA,0.3895,0.0018,191,0.36870000000000003,0.7664,0,0.4228,0,Bayes-M17-dist-short
Kabongo,Haut-Lomami,1,FALSE,9e-4,7e-4,0.0012,9e-4,0.0756,181,0.0023,NA,NA,NA,NA,NA,NA,0.5372,0.0026,159,0.8108,0.778,0,0.5598,0,Bayes-M17-dist-short
Kananga,Kasaï-Central,1,FALSE,9e-4,7e-4,0.0012,9e-4,0.0758,180,0.0023,NA,NA,NA,NA,NA,NA,0.2963,0.0014,213,0.1429,0.5579,0,0.4846,0,Bayes-M17-dist-short
Lusangi,Maniema,1,FALSE,9e-4,7e-4,0.0011,9e-4,0.0691,190,0.0021,NA,NA,NA,NA,NA,NA,0.4223,0.0018,187,0.5656,0.2645,0,0.8591,0,Bayes-M17-dist-short
Kailo,Maniema,1,FALSE,9e-4,7e-4,0.0012,9e-4,0.0737,182,0.0022,NA,NA,NA,NA,NA,NA,0.4276,0.002,181,0.832,0.0946,0,0.7838,0,Bayes-M17-dist-short
Ferekeni,Maniema,1,FALSE,9e-4,7e-4,0.0011,9e-4,0.072,186,0.0022,NA,NA,NA,NA,NA,NA,0.3504,0.0016,202,0.7722,0.0425,0,0.5869,0,Bayes-M17-dist-short
Abuzi,Nord-Ubangi,1,FALSE,9e-4,7e-4,0.0012,9e-4,0.0729,185,0.0022,NA,NA,NA,NA,NA,NA,0.7153,0.0033,139,0.9846,0.9054,0,0.971,0,Bayes-M17-dist-short
Gbadolite,Nord-Ubangi,1,FALSE,9e-4,7e-4,0.0011,9e-4,0.0713,187,0.0022,NA,NA,NA,NA,NA,NA,0.5183,0.0023,164,0.7915,0.9653,0,0.3166,0,Bayes-M17-dist-short
Mobayi Mbongo,Nord-Ubangi,1,FALSE,9e-4,7e-4,0.0011,9e-4,0.0695,189,0.0021,NA,NA,NA,NA,NA,NA,0.5458,0.0024,163,0.9324,0.8166,0,0.4344,0,Bayes-M17-dist-short
Wapinda,Nord-Ubangi,1,FALSE,9e-4,7e-4,0.0011,9e-4,0.0686,191,0.0021,NA,NA,NA,NA,NA,NA,0.6791,0.0029,147,0.9015,0.8398,0,0.9749,0,Bayes-M17-dist-short
Minembwe,Sud-Kivu,1,FALSE,9e-4,7e-4,0.0012,9e-4,0.0733,184,0.0022,NA,NA,NA,NA,NA,NA,0.5198,0.0024,161,0.7181,0.8089,0,0.5521,0,Bayes-M17-dist-short
Bogosenubea,Sud-Ubangi,1,FALSE,9e-4,7e-4,0.0011,9e-4,0.0703,188,0.0021,NA,NA,NA,NA,NA,NA,0.4107,0.0018,189,0.4981,0.3031,0,0.8417,0,Bayes-M17-dist-short
Basankusu,Equateur,1,FALSE,8e-4,6e-4,0.001,8e-4,0.0627,196,0.0019,NA,NA,NA,NA,NA,NA,0.6844,0.0027,156,0.9517,0.8629,0,0.9228,0,Bayes-M17-dist-short
Kitenge,Haut-Lomami,1,FALSE,8e-4,6e-4,0.001,8e-4,0.0616,201,0.0019,NA,NA,NA,NA,NA,NA,0.5729,0.0022,168,0.8668,0.8069,0,0.6178,0,Bayes-M17-dist-short
Kasansa,Kasaï-Oriental,1,FALSE,8e-4,6e-4,0.0011,8e-4,0.0676,192,0.002,NA,NA,NA,NA,NA,NA,0.3349,0.0014,211,0.2568,0.6699,0,0.4131,0,Bayes-M17-dist-short
Nzaba,Kasaï-Oriental,1,FALSE,8e-4,6e-4,0.001,8e-4,0.0622,199,0.0019,NA,NA,NA,NA,NA,NA,0.278,0.0011,244,0.1042,0.6931,0,0.3147,0,Bayes-M17-dist-short
Idiofa,Kwilu,1,FALSE,8e-4,6e-4,0.001,8e-4,0.0624,198,0.0019,NA,NA,NA,NA,NA,NA,0.486,0.0019,184,0.4537,0.749,0,0.7413,0,Bayes-M17-dist-short
Samba,Maniema,1,FALSE,8e-4,6e-4,9e-4,8e-4,0.0599,206,0.0018,NA,NA,NA,NA,NA,NA,0.5179,0.002,182,0.7529,0.4344,0,0.8842,0,Bayes-M17-dist-short
Boso Manzi,Mongala,1,FALSE,8e-4,6e-4,0.001,8e-4,0.0658,194,0.002,NA,NA,NA,NA,NA,NA,0.3982,0.0017,197,0.5695,0.2278,0,0.7954,0,Bayes-M17-dist-short
Bili (Nord-Ubangi),Nord-Ubangi,1,FALSE,8e-4,6e-4,0.001,8e-4,0.0626,197,0.0019,NA,NA,NA,NA,NA,NA,0.7075,0.0028,153,0.9247,0.9189,0,0.9865,0,Bayes-M17-dist-short
Bosobolo,Nord-Ubangi,1,FALSE,8e-4,6e-4,0.0011,8e-4,0.0668,193,0.002,NA,NA,NA,NA,NA,NA,0.7148,0.003,142,0.9363,0.9459,0,0.9768,0,Bayes-M17-dist-short
Katako Kombe,Sankuru,1,FALSE,8e-4,6e-4,0.001,8e-4,0.0656,195,0.002,NA,NA,NA,NA,NA,NA,0.4703,0.002,183,0.7857,0.1313,0,0.9643,0,Bayes-M17-dist-short
Vanga Kete,Sankuru,1,FALSE,8e-4,6e-4,0.001,8e-4,0.0603,205,0.0018,NA,NA,NA,NA,NA,NA,0.4503,0.0017,194,0.4672,0.4112,0,0.9228,0,Bayes-M17-dist-short
Budjala,Sud-Ubangi,1,FALSE,8e-4,6e-4,0.001,8e-4,0.0604,204,0.0018,NA,NA,NA,NA,NA,NA,0.43,0.0016,199,0.5154,0.4035,0,0.8012,0,Bayes-M17-dist-short
Kungu,Sud-Ubangi,1,FALSE,8e-4,6e-4,0.001,8e-4,0.0604,203,0.0018,NA,NA,NA,NA,NA,NA,0.3711,0.0014,215,0.3745,0.3359,0,0.7741,0,Bayes-M17-dist-short
Ndage,Sud-Ubangi,1,FALSE,8e-4,6e-4,0.001,8e-4,0.0615,202,0.0019,NA,NA,NA,NA,NA,NA,0.3533,0.0014,217,0.3996,0.2761,0,0.7375,0,Bayes-M17-dist-short
Mompono,Tshuapa,1,FALSE,8e-4,6e-4,0.001,8e-4,0.0621,200,0.0019,NA,NA,NA,NA,NA,NA,0.5598,0.0022,171,0.8089,0.6042,0,0.8263,0,Bayes-M17-dist-short
Bolomba,Equateur,1,FALSE,7e-4,5e-4,9e-4,7e-4,0.0575,213,0.0017,NA,NA,NA,NA,NA,NA,0.6163,0.0022,167,0.9575,0.8533,0,0.6544,0,Bayes-M17-dist-short
Kamina,Haut-Lomami,1,FALSE,7e-4,5e-4,9e-4,7e-4,0.0557,219,0.0017,NA,NA,NA,NA,NA,NA,0.5164,0.0018,190,0.8301,0.8301,0,0.4054,0,Bayes-M17-dist-short
Kamwesha,Kasaï,1,FALSE,7e-4,5e-4,8e-4,7e-4,0.0537,224,0.0016,NA,NA,NA,NA,NA,NA,0.2732,9e-4,269,0.3456,0.2876,0,0.4595,0,Bayes-M17-dist-short
Tshikapa,Kasaï,1,FALSE,7e-4,5e-4,9e-4,7e-4,0.0549,222,0.0017,NA,NA,NA,NA,NA,NA,0.3156,0.0011,242,0.2722,0.6506,0,0.3398,0,Bayes-M17-dist-short
Kabeya Kamwanga,Kasaï-Oriental,1,FALSE,7e-4,5e-4,8e-4,7e-4,0.0523,225,0.0016,NA,NA,NA,NA,NA,NA,0.2968,0.001,260,0.3224,0.3919,0,0.473,0,Bayes-M17-dist-short
Tshilenge,Kasaï-Oriental,1,FALSE,7e-4,5e-4,9e-4,7e-4,0.0572,215,0.0017,NA,NA,NA,NA,NA,NA,0.2799,0.001,253,0.1892,0.668,0,0.2625,0,Bayes-M17-dist-short
Mulumba,Lomami,1,FALSE,7e-4,5e-4,9e-4,7e-4,0.0575,214,0.0017,NA,NA,NA,NA,NA,NA,0.2587,9e-4,266,0.1834,0.3108,0,0.5405,0,Bayes-M17-dist-short
Luputa,Lomami,1,FALSE,7e-4,6e-4,9e-4,7e-4,0.0582,210,0.0018,NA,NA,NA,NA,NA,NA,0.3431,0.0013,230,0.3301,0.3166,0,0.7259,0,Bayes-M17-dist-short
Mweneditu,Lomami,1,FALSE,7e-4,5e-4,9e-4,7e-4,0.0566,217,0.0017,NA,NA,NA,NA,NA,NA,0.2799,0.001,255,0.166,0.3842,0,0.5695,0,Bayes-M17-dist-short
Fungurume,Lualaba,1,FALSE,7e-4,5e-4,9e-4,7e-4,0.055,221,0.0017,NA,NA,NA,NA,NA,NA,0.1564,5e-4,347,0.2664,0.1622,0,0.1969,0,Bayes-M17-dist-short
Loko,Nord-Ubangi,1,FALSE,7e-4,5e-4,8e-4,7e-4,0.0519,226,0.0016,NA,NA,NA,NA,NA,NA,0.6535,0.0021,173,0.9402,0.9266,0,0.7471,0,Bayes-M17-dist-short
Wasolo,Nord-Ubangi,1,FALSE,7e-4,6e-4,9e-4,7e-4,0.0579,211,0.0018,NA,NA,NA,NA,NA,NA,0.5709,0.0021,175,0.5541,0.7413,0,0.9884,0,Bayes-M17-dist-short
Omendjadi,Sankuru,1,FALSE,7e-4,6e-4,9e-4,7e-4,0.0578,212,0.0018,NA,NA,NA,NA,NA,NA,0.4262,0.0016,205,0.5502,0.2317,0,0.9228,0,Bayes-M17-dist-short
Ototo,Sankuru,1,FALSE,7e-4,5e-4,9e-4,7e-4,0.0553,220,0.0017,NA,NA,NA,NA,NA,NA,0.4561,0.0016,203,0.5386,0.3629,0,0.9228,0,Bayes-M17-dist-short
Dikungu,Sankuru,1,FALSE,7e-4,6e-4,9e-4,7e-4,0.0598,207,0.0018,NA,NA,NA,NA,NA,NA,0.3779,0.0014,212,0.4865,0.1409,0,0.8842,0,Bayes-M17-dist-short
Bokonzi,Sud-Ubangi,1,FALSE,7e-4,5e-4,9e-4,7e-4,0.0571,216,0.0017,NA,NA,NA,NA,NA,NA,0.236,9e-4,280,0.4305,0.083,0,0.4305,0,Bayes-M17-dist-short
Boto,Sud-Ubangi,1,FALSE,7e-4,6e-4,9e-4,7e-4,0.0587,209,0.0018,NA,NA,NA,NA,NA,NA,0.3596,0.0013,219,0.3282,0.5174,0,0.5927,0,Bayes-M17-dist-short
Bulu,Sud-Ubangi,1,FALSE,7e-4,5e-4,9e-4,7e-4,0.0544,223,0.0017,NA,NA,NA,NA,NA,NA,0.3147,0.0011,245,0.3649,0.1988,0,0.695,0,Bayes-M17-dist-short
Befale,Tshuapa,1,FALSE,7e-4,5e-4,9e-4,7e-4,0.0565,218,0.0017,NA,NA,NA,NA,NA,NA,0.5145,0.0018,188,0.8822,0.4903,0,0.6853,0,Bayes-M17-dist-short
Kansimba,Tanganyika,1,FALSE,7e-4,6e-4,9e-4,7e-4,0.0591,208,0.0018,NA,NA,NA,NA,NA,NA,0.5497,0.0021,176,0.9479,0.7741,0,0.4768,0,Bayes-M17-dist-short
Kilwa,Haut-Katanga,1,FALSE,6e-4,5e-4,8e-4,6e-4,0.0481,235,0.0015,NA,NA,NA,NA,NA,NA,0.3764,0.0011,238,0.749,0.39,0,0.3668,0,Bayes-M17-dist-short
Mulongo,Haut-Lomami,1,FALSE,6e-4,5e-4,8e-4,6e-4,0.0482,234,0.0015,NA,NA,NA,NA,NA,NA,0.4773,0.0015,208,0.7471,0.7703,0,0.3919,0,Bayes-M17-dist-short
Kaniama,Haut-Lomami,1,FALSE,6e-4,4e-4,7e-4,6e-4,0.0451,242,0.0014,NA,NA,NA,NA,NA,NA,0.582,0.0017,196,0.8533,0.6622,0,0.8127,0,Bayes-M17-dist-short
Mweka,Kasaï,1,FALSE,6e-4,4e-4,7e-4,6e-4,0.045,246,0.0014,NA,NA,NA,NA,NA,NA,0.5053,0.0014,210,0.4788,0.7239,0,0.8185,0,Bayes-M17-dist-short
Bena Leka,Kasaï-Central,1,FALSE,6e-4,4e-4,7e-4,6e-4,0.045,245,0.0014,NA,NA,NA,NA,NA,NA,0.4986,0.0014,214,0.6062,0.7162,0,0.6718,0,Bayes-M17-dist-short
Demba,Kasaï-Central,1,FALSE,6e-4,5e-4,8e-4,6e-4,0.0503,229,0.0015,NA,NA,NA,NA,NA,NA,0.4117,0.0013,222,0.4653,0.7143,0,0.4672,0,Bayes-M17-dist-short
Mikalayi,Kasaï-Central,1,FALSE,6e-4,4e-4,7e-4,6e-4,0.045,244,0.0014,NA,NA,NA,NA,NA,NA,0.3948,0.0011,239,0.4517,0.5811,0,0.5463,0,Bayes-M17-dist-short
Luiza,Kasaï-Central,1,FALSE,6e-4,4e-4,7e-4,6e-4,0.0459,241,0.0014,NA,NA,NA,NA,NA,NA,0.4218,0.0012,232,0.4807,0.6293,0,0.5772,0,Bayes-M17-dist-short
Masuika,Kasaï-Central,1,FALSE,6e-4,4e-4,7e-4,6e-4,0.0441,247,0.0013,NA,NA,NA,NA,NA,NA,0.3885,0.0011,246,0.3263,0.5618,0,0.666,0,Bayes-M17-dist-short
Vanga,Kwilu,1,FALSE,6e-4,4e-4,7e-4,6e-4,0.0463,236,0.0014,NA,NA,NA,NA,NA,NA,0.5034,0.0015,207,0.3726,0.8205,0,0.8205,0,Bayes-M17-dist-short
Bulungu,Kwilu,1,FALSE,6e-4,4e-4,7e-4,6e-4,0.0462,237,0.0014,NA,NA,NA,NA,NA,NA,0.4508,0.0013,220,0.3571,0.6795,0,0.7664,0,Bayes-M17-dist-short
Lusanga,Kwilu,1,FALSE,6e-4,5e-4,8e-4,6e-4,0.0489,230,0.0015,NA,NA,NA,NA,NA,NA,0.4242,0.0013,221,0.4382,0.7297,0,0.529,0,Bayes-M17-dist-short
Lubao,Lomami,1,FALSE,6e-4,5e-4,8e-4,6e-4,0.0508,228,0.0015,NA,NA,NA,NA,NA,NA,0.3982,0.0013,226,0.6486,0.1525,0,0.7915,0,Bayes-M17-dist-short
Inongo,Mai-Ndombe,1,FALSE,6e-4,4e-4,7e-4,6e-4,0.0459,239,0.0014,NA,NA,NA,NA,NA,NA,0.4952,0.0014,209,0.7645,0.2934,0,0.9228,0,Bayes-M17-dist-short
Kabambare,Maniema,1,FALSE,6e-4,4e-4,7e-4,6e-4,0.0459,240,0.0014,NA,NA,NA,NA,NA,NA,0.3953,0.0011,237,0.8359,0.112,0,0.6332,0,Bayes-M17-dist-short
Alunguli,Maniema,1,FALSE,6e-4,5e-4,8e-4,6e-4,0.0487,231,0.0015,NA,NA,NA,NA,NA,NA,0.3132,0.001,262,0.1737,0.195,0,0.8842,0,Bayes-M17-dist-short
Boso Mondanda,Mongala,1,FALSE,6e-4,4e-4,7e-4,6e-4,0.045,243,0.0014,NA,NA,NA,NA,NA,NA,0.3716,0.0011,251,0.5869,0.1486,0,0.751,0,Bayes-M17-dist-short
Businga,Nord-Ubangi,1,FALSE,6e-4,5e-4,8e-4,6e-4,0.0515,227,0.0016,NA,NA,NA,NA,NA,NA,0.6781,0.0022,170,0.9286,0.861,0,0.9228,0,Bayes-M17-dist-short
Itombwe,Sud-Kivu,1,FALSE,6e-4,5e-4,8e-4,6e-4,0.0484,233,0.0015,NA,NA,NA,NA,NA,NA,0.5121,0.0016,204,0.8571,0.6737,0,0.5174,0,Bayes-M17-dist-short
Monkoto,Tshuapa,1,FALSE,6e-4,4e-4,7e-4,6e-4,0.0462,238,0.0014,NA,NA,NA,NA,NA,NA,0.5598,0.0016,200,0.9498,0.4054,0,0.8842,0,Bayes-M17-dist-short
Ankoro,Tanganyika,1,FALSE,6e-4,5e-4,8e-4,6e-4,0.0486,232,0.0015,NA,NA,NA,NA,NA,NA,0.6047,0.0019,185,0.9266,0.8282,0,0.6641,0,Bayes-M17-dist-short
Ingende,Equateur,1,FALSE,5e-4,4e-4,6e-4,5e-4,0.0369,268,0.0011,NA,NA,NA,NA,NA,NA,0.596,0.0014,216,0.9208,0.8571,0,0.6062,0,Bayes-M17-dist-short
Wangata,Equateur,1,FALSE,5e-4,4e-4,6e-4,5e-4,0.0403,259,0.0012,NA,NA,NA,NA,NA,NA,0.417,0.0011,249,0.2336,0.9865,0,0.4479,0,Bayes-M17-dist-short
Kampemba,Haut-Katanga,1,FALSE,5e-4,4e-4,7e-4,5e-4,0.0413,258,0.0013,NA,NA,NA,NA,NA,NA,0.0531,1e-4,448,0.0598,0.0367,0,0.1158,0,Bayes-M17-dist-short
Ruashi,Haut-Katanga,1,FALSE,5e-4,3e-4,6e-4,5e-4,0.0367,272,0.0011,NA,NA,NA,NA,NA,NA,0.0705,2e-4,442,0.0985,0.0637,0,0.1197,0,Bayes-M17-dist-short
Mukanga,Haut-Lomami,1,FALSE,5e-4,4e-4,7e-4,5e-4,0.0423,253,0.0013,NA,NA,NA,NA,NA,NA,0.4739,0.0013,228,0.6853,0.6911,0,0.5193,0,Bayes-M17-dist-short
Dekese,Kasaï,1,FALSE,5e-4,4e-4,6e-4,5e-4,0.0368,270,0.0011,NA,NA,NA,NA,NA,NA,0.4633,0.0011,248,0.9189,0.2181,0,0.7162,0,Bayes-M17-dist-short
Luebo,Kasaï,1,FALSE,5e-4,4e-4,7e-4,5e-4,0.0424,252,0.0013,NA,NA,NA,NA,NA,NA,0.4353,0.0012,236,0.5232,0.5116,0,0.7066,0,Bayes-M17-dist-short
Kalonda Ouest,Kasaï,1,FALSE,5e-4,3e-4,6e-4,5e-4,0.0361,274,0.0011,NA,NA,NA,NA,NA,NA,0.2239,5e-4,353,0.2915,0.251,0,0.3533,0,Bayes-M17-dist-short
Bibanga,Kasaï-Oriental,1,FALSE,5e-4,4e-4,6e-4,5e-4,0.0375,266,0.0011,NA,NA,NA,NA,NA,NA,0.2978,7e-4,302,0.3127,0.4884,0,0.39,0,Bayes-M17-dist-short
Cilundu,Kasaï-Oriental,1,FALSE,5e-4,4e-4,7e-4,5e-4,0.0416,257,0.0013,NA,NA,NA,NA,NA,NA,0.221,6e-4,337,0.2317,0.3089,0,0.3436,0,Bayes-M17-dist-short
Diulu,Kasaï-Oriental,1,FALSE,5e-4,4e-4,6e-4,5e-4,0.0398,260,0.0012,NA,NA,NA,NA,NA,NA,0.2611,7e-4,312,0.0676,0.6448,0,0.332,0,Bayes-M17-dist-short
Lukelenge,Kasaï-Oriental,1,FALSE,5e-4,4e-4,7e-4,5e-4,0.042,254,0.0013,NA,NA,NA,NA,NA,NA,0.2249,6e-4,331,0.0811,0.5,0,0.3185,0,Bayes-M17-dist-short
Kenge,Kwango,1,FALSE,5e-4,4e-4,7e-4,5e-4,0.0418,256,0.0013,NA,NA,NA,NA,NA,NA,0.5574,0.0015,206,0.6139,0.8127,0,0.8031,0,Bayes-M17-dist-short
Gungu,Kwilu,1,FALSE,5e-4,4e-4,6e-4,5e-4,0.0368,271,0.0011,NA,NA,NA,NA,NA,NA,0.4237,0.001,258,0.5058,0.6969,0,0.4923,0,Bayes-M17-dist-short
Ipamu,Kwilu,1,FALSE,5e-4,4e-4,6e-4,5e-4,0.0368,269,0.0011,NA,NA,NA,NA,NA,NA,0.5454,0.0013,227,0.4903,0.7683,0,0.9228,0,Bayes-M17-dist-short
Kikwit Nord,Kwilu,1,FALSE,5e-4,4e-4,6e-4,5e-4,0.0394,261,0.0012,NA,NA,NA,NA,NA,NA,0.2915,7e-4,297,0.1236,0.5405,0,0.5019,0,Bayes-M17-dist-short
Kamana,Lomami,1,FALSE,5e-4,4e-4,6e-4,5e-4,0.0372,267,0.0011,NA,NA,NA,NA,NA,NA,0.2944,7e-4,304,0.5309,0.0174,0,0.6293,0,Bayes-M17-dist-short
Ngandajika,Lomami,1,FALSE,5e-4,4e-4,7e-4,5e-4,0.0426,251,0.0013,NA,NA,NA,NA,NA,NA,0.3465,9e-4,267,0.2124,0.4459,0,0.7278,0,Bayes-M17-dist-short
Tshofa,Lomami,1,FALSE,5e-4,4e-4,7e-4,5e-4,0.0434,248,0.0013,NA,NA,NA,NA,NA,NA,0.4416,0.0012,234,0.6757,0.3514,0,0.7394,0,Bayes-M17-dist-short
Kalenda,Lomami,1,FALSE,5e-4,3e-4,6e-4,5e-4,0.0361,273,0.0011,NA,NA,NA,NA,NA,NA,0.2886,7e-4,311,0.388,0.1873,0,0.5792,0,Bayes-M17-dist-short
Dilala,Lualaba,1,FALSE,5e-4,3e-4,6e-4,5e-4,0.036,275,0.0011,NA,NA,NA,NA,NA,NA,0.1347,3e-4,403,0.1506,0.2548,0,0.1332,0,Bayes-M17-dist-short
Kibombo,Maniema,1,FALSE,5e-4,4e-4,7e-4,5e-4,0.0419,255,0.0013,NA,NA,NA,NA,NA,NA,0.4614,0.0012,233,0.7452,0.1776,0,0.9228,0,Bayes-M17-dist-short
Kole,Sankuru,1,FALSE,5e-4,4e-4,7e-4,5e-4,0.043,249,0.0013,NA,NA,NA,NA,NA,NA,0.4802,0.0013,223,0.7761,0.2606,0,0.8842,0,Bayes-M17-dist-short
Minga,Sankuru,1,FALSE,5e-4,4e-4,6e-4,5e-4,0.038,264,0.0012,NA,NA,NA,NA,NA,NA,0.5347,0.0013,224,0.7838,0.471,0,0.8842,0,Bayes-M17-dist-short
Tshumbe,Sankuru,1,FALSE,5e-4,4e-4,6e-4,5e-4,0.0381,263,0.0012,NA,NA,NA,NA,NA,NA,0.3907,9e-4,265,0.5444,0.1718,0,0.8465,0,Bayes-M17-dist-short
Bangabola,Sud-Ubangi,1,FALSE,5e-4,4e-4,7e-4,5e-4,0.0426,250,0.0013,NA,NA,NA,NA,NA,NA,0.3904,0.0011,252,0.3533,0.3494,0,0.8591,0,Bayes-M17-dist-short
Mawuya,Sud-Ubangi,1,FALSE,5e-4,4e-4,6e-4,5e-4,0.0378,265,0.0011,NA,NA,NA,NA,NA,NA,0.2654,6e-4,321,0.444,0.2394,0,0.3784,0,Bayes-M17-dist-short
Busanga,Tshuapa,1,FALSE,5e-4,4e-4,6e-4,5e-4,0.0384,262,0.0012,NA,NA,NA,NA,NA,NA,0.4452,0.0011,247,0.6602,0.168,0,0.9527,0,Bayes-M17-dist-short
Bikoro,Equateur,1,FALSE,4e-4,3e-4,5e-4,4e-4,0.0331,292,0.001,NA,NA,NA,NA,NA,NA,0.5951,0.0012,231,0.8127,0.8147,0,0.7529,0,Bayes-M17-dist-short
Makanza,Equateur,1,FALSE,4e-4,3e-4,5e-4,4e-4,0.0296,312,9e-4,NA,NA,NA,NA,NA,NA,0.639,0.0012,235,0.9537,0.7954,0,0.8069,0,Bayes-M17-dist-short
Kambove,Haut-Katanga,1,FALSE,4e-4,3e-4,5e-4,4e-4,0.0336,288,0.001,NA,NA,NA,NA,NA,NA,0.306,7e-4,317,0.4247,0.6236,0,0.1757,0,Bayes-M17-dist-short
Kapolowe,Haut-Katanga,1,FALSE,4e-4,3e-4,5e-4,4e-4,0.0341,285,0.001,NA,NA,NA,NA,NA,NA,0.3026,7e-4,315,0.5579,0.444,0,0.2085,0,Bayes-M17-dist-short
Kisanga,Haut-Katanga,1,FALSE,4e-4,3e-4,5e-4,4e-4,0.0332,291,0.001,NA,NA,NA,NA,NA,NA,0.1081,2e-4,424,0.1293,0.2008,0,0.1023,0,Bayes-M17-dist-short
Pweto,Haut-Katanga,1,FALSE,4e-4,3e-4,5e-4,4e-4,0.0346,284,0.001,NA,NA,NA,NA,NA,NA,0.3518,8e-4,286,0.7992,0.2587,0,0.3494,0,Bayes-M17-dist-short
Sakania,Haut-Katanga,1,FALSE,4e-4,3e-4,5e-4,4e-4,0.0338,286,0.001,NA,NA,NA,NA,NA,NA,0.2775,6e-4,332,0.7375,0.2355,0,0.1371,0,Bayes-M17-dist-short
Bukama,Haut-Lomami,1,FALSE,4e-4,3e-4,5e-4,4e-4,0.0332,290,0.001,NA,NA,NA,NA,NA,NA,0.4764,0.001,256,0.7143,0.7625,0,0.4286,0,Bayes-M17-dist-short
Kinkondja,Haut-Lomami,1,FALSE,4e-4,3e-4,4e-4,4e-4,0.0283,320,9e-4,NA,NA,NA,NA,NA,NA,0.4889,9e-4,274,0.7278,0.6274,0,0.6004,0,Bayes-M17-dist-short
Ilebo,Kasaï,1,FALSE,4e-4,3e-4,5e-4,4e-4,0.0296,311,9e-4,NA,NA,NA,NA,NA,NA,0.3142,6e-4,334,0.2162,0.6139,0,0.4266,0,Bayes-M17-dist-short
Kanzala,Kasaï,1,FALSE,4e-4,3e-4,5e-4,4e-4,0.0303,307,9e-4,NA,NA,NA,NA,NA,NA,0.2046,4e-4,379,0.168,0.3127,0,0.3378,0,Bayes-M17-dist-short
Dibaya,Kasaï-Central,1,FALSE,4e-4,3e-4,5e-4,4e-4,0.029,316,9e-4,NA,NA,NA,NA,NA,NA,0.3325,6e-4,328,0.3147,0.4479,0,0.5676,0,Bayes-M17-dist-short
Katende,Kasaï-Central,1,FALSE,4e-4,3e-4,5e-4,4e-4,0.0285,318,9e-4,NA,NA,NA,NA,NA,NA,0.5154,9e-4,268,0.6525,0.6486,0,0.7606,0,Bayes-M17-dist-short
Muetshi,Kasaï-Central,1,FALSE,4e-4,3e-4,5e-4,4e-4,0.0313,300,9e-4,NA,NA,NA,NA,NA,NA,0.4792,9e-4,264,0.6158,0.5386,0,0.7625,0,Bayes-M17-dist-short
Ndekesha,Kasaï-Central,1,FALSE,4e-4,3e-4,5e-4,4e-4,0.0285,319,9e-4,NA,NA,NA,NA,NA,NA,0.4059,7e-4,293,0.4768,0.4498,0,0.6969,0,Bayes-M17-dist-short
Tshikaji,Kasaï-Central,1,FALSE,4e-4,3e-4,5e-4,4e-4,0.0306,304,9e-4,NA,NA,NA,NA,NA,NA,0.3195,6e-4,325,0.1873,0.5849,0,0.5058,0,Bayes-M17-dist-short
Luambo,Kasaï-Central,1,FALSE,4e-4,3e-4,5e-4,4e-4,0.0319,296,0.001,NA,NA,NA,NA,NA,NA,0.3769,8e-4,287,0.5347,0.5656,0,0.4073,0,Bayes-M17-dist-short
Bipemba,Kasaï-Oriental,1,FALSE,4e-4,3e-4,5e-4,4e-4,0.0295,313,9e-4,NA,NA,NA,NA,NA,NA,0.1544,3e-4,408,0.0618,0.2201,0,0.3359,0,Bayes-M17-dist-short
Citenge,Kasaï-Oriental,1,FALSE,4e-4,3e-4,6e-4,4e-4,0.0358,279,0.0011,NA,NA,NA,NA,NA,NA,0.2321,5e-4,350,0.1583,0.4749,0,0.2954,0,Bayes-M17-dist-short
Dibindi,Kasaï-Oriental,1,FALSE,4e-4,3e-4,5e-4,4e-4,0.0289,317,9e-4,NA,NA,NA,NA,NA,NA,0.1617,3e-4,407,0.0386,0.2954,0,0.3127,0,Bayes-M17-dist-short
Lubilanji,Kasaï-Oriental,1,FALSE,4e-4,3e-4,5e-4,4e-4,0.0293,314,9e-4,NA,NA,NA,NA,NA,NA,0.1694,3e-4,401,0.0347,0.3398,0,0.3031,0,Bayes-M17-dist-short
Miabi,Kasaï-Oriental,1,FALSE,4e-4,3e-4,5e-4,4e-4,0.0328,293,0.001,NA,NA,NA,NA,NA,NA,0.2838,6e-4,335,0.2297,0.6525,0,0.2529,0,Bayes-M17-dist-short
Mpokolo,Kasaï-Oriental,1,FALSE,4e-4,3e-4,5e-4,4e-4,0.0291,315,9e-4,NA,NA,NA,NA,NA,NA,0.2901,5e-4,348,0.1255,0.6873,0,0.3475,0,Bayes-M17-dist-short
Muya,Kasaï-Oriental,1,FALSE,4e-4,3e-4,5e-4,4e-4,0.0301,308,9e-4,NA,NA,NA,NA,NA,NA,0.2495,5e-4,359,0.0753,0.5888,0,0.334,0,Bayes-M17-dist-short
Tshishimbi,Kasaï-Oriental,1,FALSE,4e-4,3e-4,5e-4,4e-4,0.0296,310,9e-4,NA,NA,NA,NA,NA,NA,0.1742,3e-4,398,0.1795,0.2471,0,0.2703,0,Bayes-M17-dist-short
Matadi,Kongo-Central,1,FALSE,4e-4,3e-4,5e-4,4e-4,0.031,302,9e-4,NA,NA,NA,NA,NA,NA,0.2939,6e-4,339,0.1564,0.944,0,0.0753,0,Bayes-M17-dist-short
Kisantu,Kongo-Central,1,FALSE,4e-4,3e-4,4e-4,4e-4,0.0279,322,8e-4,NA,NA,NA,NA,NA,NA,0.418,7e-4,291,0.5039,0.9903,0,0.1776,0,Bayes-M17-dist-short
Bandundu,Kwilu,1,FALSE,4e-4,3e-4,5e-4,4e-4,0.0299,309,9e-4,NA,NA,NA,NA,NA,NA,0.3364,6e-4,319,0.3436,0.751,0,0.251,0,Bayes-M17-dist-short
Djuma,Kwilu,1,FALSE,4e-4,3e-4,5e-4,4e-4,0.0304,306,9e-4,NA,NA,NA,NA,NA,NA,0.5256,0.001,254,0.4826,0.7355,0,0.8842,0,Bayes-M17-dist-short
Kikwit Sud,Kwilu,1,FALSE,4e-4,3e-4,5e-4,4e-4,0.0308,303,9e-4,NA,NA,NA,NA,NA,NA,0.3282,6e-4,318,0.1313,0.7008,0,0.4807,0,Bayes-M17-dist-short
Koshibanda,Kwilu,1,FALSE,4e-4,3e-4,6e-4,4e-4,0.0354,281,0.0011,NA,NA,NA,NA,NA,NA,0.4913,0.0011,241,0.5193,0.6757,0,0.7703,0,Bayes-M17-dist-short
Mukedi,Kwilu,1,FALSE,4e-4,3e-4,6e-4,4e-4,0.0358,278,0.0011,NA,NA,NA,NA,NA,NA,0.4836,0.0011,243,0.5367,0.7066,0,0.6911,0,Bayes-M17-dist-short
Yasa Bonga,Kwilu,1,FALSE,4e-4,3e-4,5e-4,4e-4,0.0324,294,0.001,NA,NA,NA,NA,NA,NA,0.4206,9e-4,275,0.3031,0.5328,0,0.8465,0,Bayes-M17-dist-short
Kalambayi Kabanga,Lomami,1,FALSE,4e-4,3e-4,5e-4,4e-4,0.0336,289,0.001,NA,NA,NA,NA,NA,NA,0.3132,7e-4,310,0.4556,0.1602,0,0.6371,0,Bayes-M17-dist-short
Kalonda Est,Lomami,1,FALSE,4e-4,3e-4,5e-4,4e-4,0.0305,305,9e-4,NA,NA,NA,NA,NA,NA,0.3292,6e-4,320,0.5425,0.1506,0,0.6236,0,Bayes-M17-dist-short
Ludimbi Lukula,Lomami,1,FALSE,4e-4,3e-4,5e-4,4e-4,0.0337,287,0.001,NA,NA,NA,NA,NA,NA,0.4513,0.001,263,0.6931,0.3475,0,0.7645,0,Bayes-M17-dist-short
Kanda Kanda,Lomami,1,FALSE,4e-4,3e-4,6e-4,4e-4,0.0357,280,0.0011,NA,NA,NA,NA,NA,NA,0.3012,7e-4,307,0.3185,0.1737,0,0.7124,0,Bayes-M17-dist-short
Oshwe,Mai-Ndombe,1,FALSE,4e-4,3e-4,5e-4,4e-4,0.0321,295,0.001,NA,NA,NA,NA,NA,NA,0.4855,0.001,259,0.8764,0.3301,0,0.7355,0,Bayes-M17-dist-short
Pangi,Maniema,1,FALSE,4e-4,3e-4,6e-4,4e-4,0.0359,276,0.0011,NA,NA,NA,NA,NA,NA,0.3316,8e-4,290,0.6081,0.056,0,0.6622,0,Bayes-M17-dist-short
Bongandanga,Mongala,1,FALSE,4e-4,3e-4,5e-4,4e-4,0.0319,297,0.001,NA,NA,NA,NA,NA,NA,0.4228,9e-4,279,0.7587,0.0097,0,0.9228,0,Bayes-M17-dist-short
Bena Dibele,Sankuru,1,FALSE,4e-4,3e-4,6e-4,4e-4,0.0358,277,0.0011,NA,NA,NA,NA,NA,NA,0.4093,9e-4,270,0.6216,0.1564,0,0.8591,0,Bayes-M17-dist-short
Lusambo,Sankuru,1,FALSE,4e-4,3e-4,5e-4,4e-4,0.0318,298,0.001,NA,NA,NA,NA,NA,NA,0.4833,0.001,261,0.6815,0.2992,0,0.9527,0,Bayes-M17-dist-short
Wembo Nyama,Sankuru,1,FALSE,4e-4,3e-4,5e-4,4e-4,0.0314,299,0.001,NA,NA,NA,NA,NA,NA,0.4097,8e-4,283,0.5019,0.2143,0,0.9228,0,Bayes-M17-dist-short
Bominenge,Sud-Ubangi,1,FALSE,4e-4,3e-4,6e-4,4e-4,0.0354,282,0.0011,NA,NA,NA,NA,NA,NA,0.3258,7e-4,294,0.2819,0.0985,0,0.9228,0,Bayes-M17-dist-short
Zongo,Sud-Ubangi,1,FALSE,4e-4,3e-4,4e-4,4e-4,0.0281,321,9e-4,NA,NA,NA,NA,NA,NA,0.2418,4e-4,370,0.278,0.4131,0,0.2761,0,Bayes-M17-dist-short
Wema,Tshuapa,1,FALSE,4e-4,3e-4,5e-4,4e-4,0.0312,301,9e-4,NA,NA,NA,NA,NA,NA,0.4469,9e-4,273,0.8494,0.1332,0,0.805,0,Bayes-M17-dist-short
Kiambi,Tanganyika,1,FALSE,4e-4,3e-4,6e-4,4e-4,0.0351,283,0.0011,NA,NA,NA,NA,NA,NA,0.5709,0.0013,229,0.9807,0.6834,0,0.6197,0,Bayes-M17-dist-short
Djombo,Equateur,1,FALSE,3e-4,3e-4,4e-4,3e-4,0.0268,328,8e-4,NA,NA,NA,NA,NA,NA,0.6554,0.0011,240,0.917,0.7819,0,0.9228,0,Bayes-M17-dist-short
Iboko,Equateur,1,FALSE,3e-4,2e-4,3e-4,3e-4,0.0217,358,7e-4,NA,NA,NA,NA,NA,NA,0.612,8e-4,282,0.8282,0.7915,0,0.8282,0,Bayes-M17-dist-short
Lotumbe,Equateur,1,FALSE,3e-4,2e-4,4e-4,3e-4,0.023,350,7e-4,NA,NA,NA,NA,NA,NA,0.5816,8e-4,281,0.9691,0.7085,0,0.6486,0,Bayes-M17-dist-short
Lukolela,Equateur,1,FALSE,3e-4,2e-4,4e-4,3e-4,0.025,337,8e-4,NA,NA,NA,NA,NA,NA,0.5787,9e-4,271,0.944,0.9151,0,0.4556,0,Bayes-M17-dist-short
Likasi,Haut-Katanga,1,FALSE,3e-4,2e-4,4e-4,3e-4,0.0253,335,8e-4,NA,NA,NA,NA,NA,NA,0.1728,3e-4,411,0.112,0.4208,0,0.1583,0,Bayes-M17-dist-short
Mufunga Sampwe,Haut-Katanga,1,FALSE,3e-4,2e-4,4e-4,3e-4,0.0233,348,7e-4,NA,NA,NA,NA,NA,NA,0.3774,6e-4,343,0.8185,0.0888,0,0.6023,0,Bayes-M17-dist-short
Kabondo Dianda,Haut-Lomami,1,FALSE,3e-4,3e-4,4e-4,3e-4,0.0276,324,8e-4,NA,NA,NA,NA,NA,NA,0.4107,7e-4,300,0.5888,0.5714,0,0.4826,0,Bayes-M17-dist-short
Lwamba,Haut-Lomami,1,FALSE,3e-4,2e-4,4e-4,3e-4,0.0234,346,7e-4,NA,NA,NA,NA,NA,NA,0.4865,7e-4,298,0.8069,0.6409,0,0.4981,0,Bayes-M17-dist-short
Kakenge,Kasaï,1,FALSE,3e-4,2e-4,4e-4,3e-4,0.0235,345,7e-4,NA,NA,NA,NA,NA,NA,0.4522,7e-4,309,0.5753,0.4788,0,0.7548,0,Bayes-M17-dist-short
Mikope,Kasaï,1,FALSE,3e-4,3e-4,4e-4,3e-4,0.027,327,8e-4,NA,NA,NA,NA,NA,NA,0.3996,7e-4,306,0.6776,0.2703,0,0.6506,0,Bayes-M17-dist-short
Ndjoko Mpunda,Kasaï,1,FALSE,3e-4,2e-4,4e-4,3e-4,0.0236,344,7e-4,NA,NA,NA,NA,NA,NA,0.333,5e-4,354,0.3977,0.2915,0,0.6429,0,Bayes-M17-dist-short
Kamonia,Kasaï,1,FALSE,3e-4,2e-4,4e-4,3e-4,0.0245,339,7e-4,NA,NA,NA,NA,NA,NA,0.14,2e-4,425,0.3707,0.11,0,0.0792,0,Bayes-M17-dist-short
Lukonga,Kasaï-Central,1,FALSE,3e-4,3e-4,4e-4,3e-4,0.0267,330,8e-4,NA,NA,NA,NA,NA,NA,0.3282,6e-4,344,0.2239,0.6429,0,0.4459,0,Bayes-M17-dist-short
Tshikula,Kasaï-Central,1,FALSE,3e-4,2e-4,3e-4,3e-4,0.0213,360,6e-4,NA,NA,NA,NA,NA,NA,0.3296,4e-4,367,0.3919,0.3185,0,0.6081,0,Bayes-M17-dist-short
Tshibala,Kasaï-Central,1,FALSE,3e-4,2e-4,4e-4,3e-4,0.0259,331,8e-4,NA,NA,NA,NA,NA,NA,0.4218,7e-4,305,0.4266,0.5772,0,0.6834,0,Bayes-M17-dist-short
Yangala,Kasaï-Central,1,FALSE,3e-4,3e-4,4e-4,3e-4,0.0268,329,8e-4,NA,NA,NA,NA,NA,NA,0.348,6e-4,333,0.5927,0.2259,0,0.5734,0,Bayes-M17-dist-short
Kansele,Kasaï-Oriental,1,FALSE,3e-4,3e-4,4e-4,3e-4,0.0271,326,8e-4,NA,NA,NA,NA,NA,NA,0.2437,4e-4,373,0.0541,0.5965,0,0.3243,0,Bayes-M17-dist-short
Mukumbi,Kasaï-Oriental,1,FALSE,3e-4,2e-4,4e-4,3e-4,0.0257,333,8e-4,NA,NA,NA,NA,NA,NA,0.2249,4e-4,387,0.2413,0.1892,0,0.4691,0,Bayes-M17-dist-short
Lukula,Kongo-Central,1,FALSE,3e-4,2e-4,3e-4,3e-4,0.0206,362,6e-4,NA,NA,NA,NA,NA,NA,0.3933,5e-4,352,0.529,0.8745,0,0.1699,0,Bayes-M17-dist-short
Muanda,Kongo-Central,1,FALSE,3e-4,2e-4,4e-4,3e-4,0.0254,334,8e-4,NA,NA,NA,NA,NA,NA,0.4093,7e-4,313,0.6371,1,0,0,0,Bayes-M17-dist-short
Boko Kivulu,Kongo-Central,1,FALSE,3e-4,2e-4,3e-4,3e-4,0.0204,365,6e-4,NA,NA,NA,NA,NA,NA,0.4281,6e-4,345,0.5792,0.9324,0,0.2008,0,Bayes-M17-dist-short
Kimpese,Kongo-Central,1,FALSE,3e-4,2e-4,3e-4,3e-4,0.0215,359,7e-4,NA,NA,NA,NA,NA,NA,0.4947,7e-4,308,0.7896,0.9768,0,0.2124,0,Bayes-M17-dist-short
Kahemba,Kwango,1,FALSE,3e-4,2e-4,3e-4,3e-4,0.0206,363,6e-4,NA,NA,NA,NA,NA,NA,0.5367,7e-4,303,0.8958,0.7278,0,0.5232,0,Bayes-M17-dist-short
Panzi,Kwango,1,FALSE,3e-4,2e-4,4e-4,3e-4,0.0236,343,7e-4,NA,NA,NA,NA,NA,NA,0.5236,8e-4,285,0.7548,0.583,0,0.7568,0,Bayes-M17-dist-short
Feshi,Kwango,1,FALSE,3e-4,2e-4,3e-4,3e-4,0.0203,367,6e-4,NA,NA,NA,NA,NA,NA,0.5082,7e-4,316,0.7317,0.5425,0,0.7587,0,Bayes-M17-dist-short
Popokabaka,Kwango,1,FALSE,3e-4,2e-4,3e-4,3e-4,0.0218,356,7e-4,NA,NA,NA,NA,NA,NA,0.5507,8e-4,289,0.7703,0.7876,0,0.6448,0,Bayes-M17-dist-short
Bagata,Kwilu,1,FALSE,3e-4,2e-4,3e-4,3e-4,0.0221,353,7e-4,NA,NA,NA,NA,NA,NA,0.5135,7e-4,299,0.6795,0.695,0,0.6795,0,Bayes-M17-dist-short
Kimputu,Kwilu,1,FALSE,3e-4,2e-4,3e-4,3e-4,0.0205,364,6e-4,NA,NA,NA,NA,NA,NA,0.5039,7e-4,314,0.4923,0.639,0,0.8842,0,Bayes-M17-dist-short
Masi Manimba,Kwilu,1,FALSE,3e-4,3e-4,4e-4,3e-4,0.0271,325,8e-4,NA,NA,NA,NA,NA,NA,0.4281,7e-4,292,0.332,0.4961,0,0.8842,0,Bayes-M17-dist-short
Mokala,Kwilu,1,FALSE,3e-4,3e-4,4e-4,3e-4,0.0279,323,8e-4,NA,NA,NA,NA,NA,NA,0.5118,9e-4,272,0.4228,0.6718,0,0.9527,0,Bayes-M17-dist-short
Pay Kongila,Kwilu,1,FALSE,3e-4,2e-4,3e-4,3e-4,0.022,354,7e-4,NA,NA,NA,NA,NA,NA,0.4488,6e-4,323,0.5135,0.6467,0,0.6351,0,Bayes-M17-dist-short
Makota,Lomami,1,FALSE,3e-4,2e-4,3e-4,3e-4,0.0203,366,6e-4,NA,NA,NA,NA,NA,NA,0.2587,3e-4,396,0.1023,0.3764,0,0.556,0,Bayes-M17-dist-short
Kapanga,Lualaba,1,FALSE,3e-4,2e-4,3e-4,3e-4,0.0217,357,7e-4,NA,NA,NA,NA,NA,NA,0.4112,6e-4,342,0.8514,0.3938,0,0.3996,0,Bayes-M17-dist-short
Kasaji,Lualaba,1,FALSE,3e-4,2e-4,4e-4,3e-4,0.0247,338,8e-4,NA,NA,NA,NA,NA,NA,0.4648,7e-4,296,0.8552,0.4923,0,0.5116,0,Bayes-M17-dist-short
Sandoa,Lualaba,1,FALSE,3e-4,2e-4,4e-4,3e-4,0.0227,351,7e-4,NA,NA,NA,NA,NA,NA,0.5536,8e-4,284,0.9421,0.6815,0,0.5907,0,Bayes-M17-dist-short
Lualaba,Lualaba,1,FALSE,3e-4,2e-4,4e-4,3e-4,0.024,341,7e-4,NA,NA,NA,NA,NA,NA,0.1404,2e-4,427,0.3552,0.0347,0,0.1718,0,Bayes-M17-dist-short
Banzow Moke,Mai-Ndombe,1,FALSE,3e-4,2e-4,4e-4,3e-4,0.0258,332,8e-4,NA,NA,NA,NA,NA,NA,0.5236,9e-4,278,0.6892,0.5212,0,0.8842,0,Bayes-M17-dist-short
Kiri,Mai-Ndombe,1,FALSE,3e-4,2e-4,4e-4,3e-4,0.0238,342,7e-4,NA,NA,NA,NA,NA,NA,0.5685,9e-4,277,0.8745,0.4768,0,0.9228,0,Bayes-M17-dist-short
Mushie,Mai-Ndombe,1,FALSE,3e-4,2e-4,3e-4,3e-4,0.0211,361,6e-4,NA,NA,NA,NA,NA,NA,0.4291,6e-4,341,0.7394,0.3649,0,0.612,0,Bayes-M17-dist-short
Nioki,Mai-Ndombe,1,FALSE,3e-4,2e-4,4e-4,3e-4,0.0234,347,7e-4,NA,NA,NA,NA,NA,NA,0.389,6e-4,340,0.61,0.3958,0,0.5502,0,Bayes-M17-dist-short
Tunda,Maniema,1,FALSE,3e-4,2e-4,4e-4,3e-4,0.0251,336,8e-4,NA,NA,NA,NA,NA,NA,0.459,7e-4,295,0.8977,0.0541,0,0.8842,0,Bayes-M17-dist-short
Djalo Ndjeka,Sankuru,1,FALSE,3e-4,2e-4,3e-4,3e-4,0.022,355,7e-4,NA,NA,NA,NA,NA,NA,0.3378,5e-4,360,0.3591,0.0695,0,0.9228,0,Bayes-M17-dist-short
Tshudi Loto,Sankuru,1,FALSE,3e-4,2e-4,4e-4,3e-4,0.0224,352,7e-4,NA,NA,NA,NA,NA,NA,0.4237,6e-4,330,0.7683,0.0039,0,0.9228,0,Bayes-M17-dist-short
Pania Mutombo,Sankuru,1,FALSE,3e-4,2e-4,4e-4,3e-4,0.0231,349,7e-4,NA,NA,NA,NA,NA,NA,0.4117,6e-4,329,0.7413,0.1236,0,0.7819,0,Bayes-M17-dist-short
Mbaya,Sud-Ubangi,1,FALSE,3e-4,2e-4,4e-4,3e-4,0.0244,340,7e-4,NA,NA,NA,NA,NA,NA,0.3142,5e-4,355,0.3514,0.2239,0,0.6815,0,Bayes-M17-dist-short
Bolenge,Equateur,1,FALSE,2e-4,1e-4,2e-4,2e-4,0.0132,414,4e-4,NA,NA,NA,NA,NA,NA,0.5391,5e-4,365,0.7954,0.8514,0,0.5097,0,Bayes-M17-dist-short
Bomongo,Equateur,1,FALSE,2e-4,2e-4,3e-4,2e-4,0.019,375,6e-4,NA,NA,NA,NA,NA,NA,0.5907,7e-4,301,0.9788,0.8475,0,0.5367,0,Bayes-M17-dist-short
Monieka,Equateur,1,FALSE,2e-4,2e-4,3e-4,2e-4,0.0168,387,5e-4,NA,NA,NA,NA,NA,NA,0.596,6e-4,322,0.9768,0.7336,0,0.6737,0,Bayes-M17-dist-short
Kikula,Haut-Katanga,1,FALSE,2e-4,2e-4,3e-4,2e-4,0.0161,397,5e-4,NA,NA,NA,NA,NA,NA,0.0951,1e-4,456,0.1062,0.1139,0,0.1602,0,Bayes-M17-dist-short
Mitwaba,Haut-Katanga,1,FALSE,2e-4,1e-4,2e-4,2e-4,0.0157,400,5e-4,NA,NA,NA,NA,NA,NA,0.3528,3e-4,390,0.8012,0.0618,0,0.5483,0,Bayes-M17-dist-short
Panda,Haut-Katanga,1,FALSE,2e-4,1e-4,2e-4,2e-4,0.0144,407,4e-4,NA,NA,NA,NA,NA,NA,0.2027,2e-4,434,0.1622,0.4826,0,0.166,0,Bayes-M17-dist-short
Kafubu,Haut-Katanga,1,FALSE,2e-4,2e-4,3e-4,2e-4,0.0177,385,5e-4,NA,NA,NA,NA,NA,NA,0.2104,2e-4,422,0.6042,0.0869,0,0.1506,0,Bayes-M17-dist-short
Kasenga,Haut-Katanga,1,FALSE,2e-4,2e-4,3e-4,2e-4,0.0191,374,6e-4,NA,NA,NA,NA,NA,NA,0.3953,5e-4,357,0.8166,0.6255,0,0.139,0,Bayes-M17-dist-short
Kenya,Haut-Katanga,1,FALSE,2e-4,1e-4,2e-4,2e-4,0.0135,412,4e-4,NA,NA,NA,NA,NA,NA,0.0569,0,459,0.11,0.0116,0,0.1062,0,Bayes-M17-dist-short
Lukafu,Haut-Katanga,1,FALSE,2e-4,2e-4,3e-4,2e-4,0.0164,391,5e-4,NA,NA,NA,NA,NA,NA,0.4015,4e-4,372,0.888,0.3243,0,0.3938,0,Bayes-M17-dist-short
Kayamba,Haut-Lomami,1,FALSE,2e-4,1e-4,2e-4,2e-4,0.0145,405,4e-4,NA,NA,NA,NA,NA,NA,0.4276,4e-4,378,0.7027,0.4189,0,0.5888,0,Bayes-M17-dist-short
Songa,Haut-Lomami,1,FALSE,2e-4,2e-4,3e-4,2e-4,0.0193,370,6e-4,NA,NA,NA,NA,NA,NA,0.473,6e-4,338,0.9344,0.3533,0,0.6042,0,Bayes-M17-dist-short
Bulape,Kasaï,1,FALSE,2e-4,1e-4,2e-4,2e-4,0.0142,408,4e-4,NA,NA,NA,NA,NA,NA,0.4315,4e-4,380,0.7066,0.1853,0,0.834,0,Bayes-M17-dist-short
Mushenge,Kasaï,1,FALSE,2e-4,2e-4,3e-4,2e-4,0.0164,393,5e-4,NA,NA,NA,NA,NA,NA,0.3229,3e-4,395,0.5946,0.0656,0,0.6313,0,Bayes-M17-dist-short
Kitangwa,Kasaï,1,FALSE,2e-4,2e-4,3e-4,2e-4,0.0181,379,6e-4,NA,NA,NA,NA,NA,NA,0.3287,4e-4,382,0.6332,0.1062,0,0.5753,0,Bayes-M17-dist-short
Mutena,Kasaï,1,FALSE,2e-4,2e-4,3e-4,2e-4,0.0162,395,5e-4,NA,NA,NA,NA,NA,NA,0.2336,2e-4,420,0.334,0.0753,0,0.5251,0,Bayes-M17-dist-short
Nyanga,Kasaï,1,FALSE,2e-4,1e-4,2e-4,2e-4,0.0121,419,4e-4,NA,NA,NA,NA,NA,NA,0.348,3e-4,413,0.4402,0.3803,0,0.5714,0,Bayes-M17-dist-short
Bena Tshadi,Kasaï-Central,1,FALSE,2e-4,2e-4,3e-4,2e-4,0.0177,384,5e-4,NA,NA,NA,NA,NA,NA,0.472,5e-4,349,0.6699,0.3784,0,0.8398,0,Bayes-M17-dist-short
Bilomba,Kasaï-Central,1,FALSE,2e-4,2e-4,3e-4,2e-4,0.0188,378,6e-4,NA,NA,NA,NA,NA,NA,0.4006,5e-4,358,0.3378,0.4421,0,0.8224,0,Bayes-M17-dist-short
Bunkonde,Kasaï-Central,1,FALSE,2e-4,1e-4,2e-4,2e-4,0.0135,413,4e-4,NA,NA,NA,NA,NA,NA,0.3523,3e-4,406,0.4015,0.278,0,0.7297,0,Bayes-M17-dist-short
Katoka,Kasaï-Central,1,FALSE,2e-4,2e-4,3e-4,2e-4,0.0191,372,6e-4,NA,NA,NA,NA,NA,NA,0.2645,3e-4,399,0.1216,0.473,0,0.4633,0,Bayes-M17-dist-short
Lubondaie,Kasaï-Central,1,FALSE,2e-4,2e-4,3e-4,2e-4,0.0166,390,5e-4,NA,NA,NA,NA,NA,NA,0.3147,3e-4,397,0.3822,0.1583,0,0.7181,0,Bayes-M17-dist-short
Lubunga (Kasaï-Central),Kasaï-Central,1,FALSE,2e-4,2e-4,3e-4,2e-4,0.0164,392,5e-4,NA,NA,NA,NA,NA,NA,0.4599,5e-4,356,0.5637,0.4653,0,0.8108,0,Bayes-M17-dist-short
Mutoto,Kasaï-Central,1,FALSE,2e-4,1e-4,2e-4,2e-4,0.014,409,4e-4,NA,NA,NA,NA,NA,NA,0.3441,3e-4,404,0.4575,0.361,0,0.5579,0,Bayes-M17-dist-short
Ndesha,Kasaï-Central,1,FALSE,2e-4,1e-4,2e-4,2e-4,0.0123,418,4e-4,NA,NA,NA,NA,NA,NA,0.2317,2e-4,438,0.1448,0.3456,0,0.4363,0,Bayes-M17-dist-short
Boma,Kongo-Central,1,FALSE,2e-4,2e-4,3e-4,2e-4,0.0192,371,6e-4,NA,NA,NA,NA,NA,NA,0.2901,4e-4,389,0.1467,0.9247,0,0.0888,0,Bayes-M17-dist-short
Nsona Mpangu,Kongo-Central,1,FALSE,2e-4,1e-4,2e-4,2e-4,0.013,415,4e-4,NA,NA,NA,NA,NA,NA,0.4165,3e-4,392,0.722,0.7645,0,0.1795,0,Bayes-M17-dist-short
Seke Banza,Kongo-Central,1,FALSE,2e-4,1e-4,2e-4,2e-4,0.0156,401,5e-4,NA,NA,NA,NA,NA,NA,0.4513,4e-4,366,0.6351,0.9498,0,0.2201,0,Bayes-M17-dist-short
Kwilu Ngongo,Kongo-Central,1,FALSE,2e-4,2e-4,3e-4,2e-4,0.0178,383,5e-4,NA,NA,NA,NA,NA,NA,0.3875,4e-4,369,0.4884,0.8668,0,0.195,0,Bayes-M17-dist-short
Massa,Kongo-Central,1,FALSE,2e-4,1e-4,2e-4,2e-4,0.0149,402,5e-4,NA,NA,NA,NA,NA,NA,0.4223,4e-4,377,0.668,0.9208,0,0.1004,0,Bayes-M17-dist-short
Mbanza Ngungu,Kongo-Central,1,FALSE,2e-4,2e-4,3e-4,2e-4,0.0194,369,6e-4,NA,NA,NA,NA,NA,NA,0.3711,5e-4,363,0.3205,0.9749,0,0.1892,0,Bayes-M17-dist-short
Boko,Kwango,1,FALSE,2e-4,2e-4,3e-4,2e-4,0.019,377,6e-4,NA,NA,NA,NA,NA,NA,0.5121,6e-4,327,0.7336,0.61,0,0.7046,0,Bayes-M17-dist-short
Kasongo Lunda,Kwango,1,FALSE,2e-4,1e-4,2e-4,2e-4,0.0146,403,4e-4,NA,NA,NA,NA,NA,NA,0.3441,3e-4,400,0.6274,0.5946,0,0.1544,0,Bayes-M17-dist-short
Kimbao,Kwango,1,FALSE,2e-4,2e-4,3e-4,2e-4,0.0162,396,5e-4,NA,NA,NA,NA,NA,NA,0.5743,6e-4,336,0.7201,0.7181,0,0.8591,0,Bayes-M17-dist-short
Wamba Lwadi,Kwango,1,FALSE,2e-4,1e-4,2e-4,2e-4,0.0157,399,5e-4,NA,NA,NA,NA,NA,NA,0.5492,5e-4,346,0.6467,0.8185,0,0.7317,0,Bayes-M17-dist-short
Kikongo,Kwilu,1,FALSE,2e-4,2e-4,3e-4,2e-4,0.0194,368,6e-4,NA,NA,NA,NA,NA,NA,0.5024,6e-4,326,0.6969,0.6023,0,0.7104,0,Bayes-M17-dist-short
Sia,Kwilu,1,FALSE,2e-4,1e-4,2e-4,2e-4,0.0146,404,4e-4,NA,NA,NA,NA,NA,NA,0.3986,4e-4,386,0.4151,0.3822,0,0.7973,0,Bayes-M17-dist-short
Kingandu,Kwilu,1,FALSE,2e-4,1e-4,2e-4,2e-4,0.0137,411,4e-4,NA,NA,NA,NA,NA,NA,0.4923,4e-4,371,0.7162,0.6583,0,0.5946,0,Bayes-M17-dist-short
Mosango,Kwilu,1,FALSE,2e-4,2e-4,3e-4,2e-4,0.019,376,6e-4,NA,NA,NA,NA,NA,NA,0.515,6e-4,324,0.5463,0.7375,0,0.7761,0,Bayes-M17-dist-short
Mungindu,Kwilu,1,FALSE,2e-4,2e-4,3e-4,2e-4,0.0168,388,5e-4,NA,NA,NA,NA,NA,NA,0.3818,4e-4,375,0.4691,0.5367,0,0.5212,0,Bayes-M17-dist-short
Kamiji,Lomami,1,FALSE,2e-4,1e-4,2e-4,2e-4,0.0145,406,4e-4,NA,NA,NA,NA,NA,NA,0.2635,2e-4,419,0.3398,0.1293,0,0.5849,0,Bayes-M17-dist-short
Wikong,Lomami,1,FALSE,2e-4,2e-4,3e-4,2e-4,0.0179,381,5e-4,NA,NA,NA,NA,NA,NA,0.3663,4e-4,374,0.2529,0.4228,0,0.7896,0,Bayes-M17-dist-short
Dilolo,Lualaba,1,FALSE,2e-4,2e-4,3e-4,2e-4,0.0191,373,6e-4,NA,NA,NA,NA,NA,NA,0.3663,4e-4,368,0.8398,0.6197,0,0.0058,0,Bayes-M17-dist-short
Kafakumba,Lualaba,1,FALSE,2e-4,1e-4,2e-4,2e-4,0.0127,416,4e-4,NA,NA,NA,NA,NA,NA,0.4648,4e-4,384,0.8687,0.2027,0,0.7876,0,Bayes-M17-dist-short
Kalamba,Lualaba,1,FALSE,2e-4,1e-4,2e-4,2e-4,0.014,410,4e-4,NA,NA,NA,NA,NA,NA,0.4542,4e-4,376,0.8803,0.2375,0,0.6988,0,Bayes-M17-dist-short
Kanzenze,Lualaba,1,FALSE,2e-4,1e-4,2e-4,2e-4,0.0157,398,5e-4,NA,NA,NA,NA,NA,NA,0.2389,2e-4,421,0.6255,0.1429,0,0.1873,0,Bayes-M17-dist-short
Ntandembelo,Mai-Ndombe,1,FALSE,2e-4,2e-4,3e-4,2e-4,0.0179,382,5e-4,NA,NA,NA,NA,NA,NA,0.4595,5e-4,351,0.6023,0.4633,0,0.7722,0,Bayes-M17-dist-short
Pendjwa,Mai-Ndombe,1,FALSE,2e-4,2e-4,3e-4,2e-4,0.0168,389,5e-4,NA,NA,NA,NA,NA,NA,0.4319,5e-4,361,0.7008,0.2124,0,0.8147,0,Bayes-M17-dist-short
Yumbi,Mai-Ndombe,1,FALSE,2e-4,2e-4,3e-4,2e-4,0.0177,386,5e-4,NA,NA,NA,NA,NA,NA,0.2741,3e-4,402,0.4131,0.4015,0,0.2819,0,Bayes-M17-dist-short
Bolobo,Mai-Ndombe,1,FALSE,2e-4,2e-4,3e-4,2e-4,0.018,380,5e-4,NA,NA,NA,NA,NA,NA,0.3388,4e-4,381,0.6313,0.4981,0,0.2259,0,Bayes-M17-dist-short
Bosobe,Mai-Ndombe,1,FALSE,2e-4,2e-4,3e-4,2e-4,0.0163,394,5e-4,NA,NA,NA,NA,NA,NA,0.4406,5e-4,364,0.4942,0.4093,0,0.8591,0,Bayes-M17-dist-short
Kwamouth,Mai-Ndombe,1,FALSE,2e-4,1e-4,2e-4,2e-4,0.0126,417,4e-4,NA,NA,NA,NA,NA,NA,0.43,3e-4,391,0.8707,0.417,0,0.4324,0,Bayes-M17-dist-short
Lilanga Bobangi,Equateur,1,FALSE,1e-4,0,1e-4,1e-4,0.0049,456,1e-4,NA,NA,NA,NA,NA,NA,0.4117,1e-4,450,0.9382,0.2664,0,0.4421,0,Bayes-M17-dist-short
Mampoko,Equateur,1,FALSE,1e-4,1e-4,1e-4,1e-4,0.0087,435,3e-4,NA,NA,NA,NA,NA,NA,0.5135,3e-4,410,0.8919,0.5058,0,0.6564,0,Bayes-M17-dist-short
Ntondo,Equateur,1,FALSE,1e-4,1e-4,1e-4,1e-4,0.0078,441,2e-4,NA,NA,NA,NA,NA,NA,0.6125,3e-4,405,0.8996,0.7259,0,0.8243,0,Bayes-M17-dist-short
Kilela Balanda,Haut-Katanga,1,FALSE,1e-4,1e-4,1e-4,1e-4,0.0076,443,2e-4,NA,NA,NA,NA,NA,NA,0.3132,2e-4,445,0.9228,0.0927,0,0.2375,0,Bayes-M17-dist-short
Kashobwe,Haut-Katanga,1,FALSE,1e-4,1e-4,2e-4,1e-4,0.0102,426,3e-4,NA,NA,NA,NA,NA,NA,0.3243,2e-4,430,0.805,0.3012,0,0.1911,0,Bayes-M17-dist-short
Katuba,Haut-Katanga,1,FALSE,1e-4,1e-4,1e-4,1e-4,0.0084,436,3e-4,NA,NA,NA,NA,NA,NA,0.0463,0,461,0.0502,0.0309,0,0.1042,0,Bayes-M17-dist-short
Vangu,Haut-Katanga,1,FALSE,1e-4,0,1e-4,1e-4,0.005,455,2e-4,NA,NA,NA,NA,NA,NA,0.1081,0,460,0.1158,0.1699,0,0.1467,0,Bayes-M17-dist-short
Butumba,Haut-Lomami,1,FALSE,1e-4,1e-4,1e-4,1e-4,0.0087,434,3e-4,NA,NA,NA,NA,NA,NA,0.4595,3e-4,417,0.7973,0.4151,0,0.6255,0,Bayes-M17-dist-short
Baka,Haut-Lomami,1,FALSE,1e-4,1e-4,1e-4,1e-4,0.0063,450,2e-4,NA,NA,NA,NA,NA,NA,0.4319,2e-4,440,0.4344,0.8919,0,0.4015,0,Bayes-M17-dist-short
Kinda,Haut-Lomami,1,FALSE,1e-4,1e-4,1e-4,1e-4,0.0058,453,2e-4,NA,NA,NA,NA,NA,NA,0.5077,2e-4,433,0.9884,0.4266,0,0.6158,0,Bayes-M17-dist-short
Banga Lubaka,Kasaï,1,FALSE,1e-4,1e-4,2e-4,1e-4,0.0097,430,3e-4,NA,NA,NA,NA,NA,NA,0.3205,2e-4,432,0.5174,0.0444,0,0.7201,0,Bayes-M17-dist-short
Bobozo,Kasaï-Central,1,FALSE,1e-4,0,1e-4,1e-4,0.0041,458,1e-4,NA,NA,NA,NA,NA,NA,0.2336,1e-4,458,0.1602,0.2857,0,0.4884,0,Bayes-M17-dist-short
Kalomba,Kasaï-Central,1,FALSE,1e-4,1e-4,2e-4,1e-4,0.0114,423,3e-4,NA,NA,NA,NA,NA,NA,0.2944,2e-4,428,0.3166,0.1467,0,0.7143,0,Bayes-M17-dist-short
Boma Bungu,Kongo-Central,1,FALSE,1e-4,1e-4,1e-4,1e-4,0.006,451,2e-4,NA,NA,NA,NA,NA,NA,0.3209,1e-4,452,0.5811,0.5676,0,0.1351,0,Bayes-M17-dist-short
Kangu,Kongo-Central,1,FALSE,1e-4,1e-4,2e-4,1e-4,0.0116,421,4e-4,NA,NA,NA,NA,NA,NA,0.3528,3e-4,415,0.3803,0.8822,0,0.1486,0,Bayes-M17-dist-short
Kinkonzi,Kongo-Central,1,FALSE,1e-4,1e-4,1e-4,1e-4,0.0065,449,2e-4,NA,NA,NA,NA,NA,NA,0.4252,2e-4,439,0.6236,0.8958,0,0.1815,0,Bayes-M17-dist-short
Kizu,Kongo-Central,1,FALSE,1e-4,1e-4,1e-4,1e-4,0.0073,445,2e-4,NA,NA,NA,NA,NA,NA,0.3113,1e-4,447,0.2973,0.8707,0,0.0772,0,Bayes-M17-dist-short
Kuimba,Kongo-Central,1,FALSE,1e-4,1e-4,1e-4,1e-4,0.0067,448,2e-4,NA,NA,NA,NA,NA,NA,0.3069,1e-4,449,0.3784,0.8456,0,0.0039,0,Bayes-M17-dist-short
Tshela,Kongo-Central,1,FALSE,1e-4,1e-4,1e-4,1e-4,0.0069,447,2e-4,NA,NA,NA,NA,NA,NA,0.3282,1e-4,446,0.417,0.888,0,0.0077,0,Bayes-M17-dist-short
Vaku,Kongo-Central,1,FALSE,1e-4,0,1e-4,1e-4,0.0047,457,1e-4,NA,NA,NA,NA,NA,NA,0.4194,1e-4,451,0.5676,0.9421,0,0.168,0,Bayes-M17-dist-short
Inga,Kongo-Central,1,FALSE,1e-4,1e-4,2e-4,1e-4,0.0102,427,3e-4,NA,NA,NA,NA,NA,NA,0.3847,2e-4,418,0.5212,0.8243,0,0.1931,0,Bayes-M17-dist-short
Luozi,Kongo-Central,1,FALSE,1e-4,1e-4,2e-4,1e-4,0.0101,429,3e-4,NA,NA,NA,NA,NA,NA,0.5241,3e-4,393,0.7355,0.8861,0,0.4749,0,Bayes-M17-dist-short
Mangembo,Kongo-Central,1,FALSE,1e-4,1e-4,1e-4,1e-4,0.0078,440,2e-4,NA,NA,NA,NA,NA,NA,0.3726,2e-4,435,0.5598,0.6641,0,0.2664,0,Bayes-M17-dist-short
Nzanza,Kongo-Central,1,FALSE,1e-4,1e-4,1e-4,1e-4,0.0081,437,2e-4,NA,NA,NA,NA,NA,NA,0.2172,1e-4,454,0.0888,0.6892,0,0.0907,0,Bayes-M17-dist-short
Gombe Matadi,Kongo-Central,1,FALSE,1e-4,1e-4,2e-4,1e-4,0.011,424,3e-4,NA,NA,NA,NA,NA,NA,0.4151,3e-4,409,0.6911,0.7857,0,0.1834,0,Bayes-M17-dist-short
Kimpangu,Kongo-Central,1,FALSE,1e-4,1e-4,1e-4,1e-4,0.008,439,2e-4,NA,NA,NA,NA,NA,NA,0.4488,2e-4,423,0.7085,0.9344,0,0.1525,0,Bayes-M17-dist-short
Kimvula,Kongo-Central,1,FALSE,1e-4,1e-4,2e-4,1e-4,0.0102,425,3e-4,NA,NA,NA,NA,NA,NA,0.569,4e-4,385,0.8629,0.8784,0,0.5347,0,Bayes-M17-dist-short
Ngidinga,Kongo-Central,1,FALSE,1e-4,1e-4,2e-4,1e-4,0.0118,420,4e-4,NA,NA,NA,NA,NA,NA,0.4488,3e-4,394,0.6544,0.7432,0,0.3977,0,Bayes-M17-dist-short
Nselo,Kongo-Central,1,FALSE,1e-4,1e-4,1e-4,1e-4,0.0072,446,2e-4,NA,NA,NA,NA,NA,NA,0.374,2e-4,441,0.6564,0.5347,0,0.305,0,Bayes-M17-dist-short
Sona Bata,Kongo-Central,1,FALSE,1e-4,1e-4,1e-4,1e-4,0.0058,454,2e-4,NA,NA,NA,NA,NA,NA,0.43,2e-4,443,0.7259,0.7896,0,0.2046,0,Bayes-M17-dist-short
Kajiji,Kwango,1,FALSE,1e-4,1e-4,1e-4,1e-4,0.0081,438,2e-4,NA,NA,NA,NA,NA,NA,0.3533,2e-4,437,0.7934,0.1544,0,0.4653,0,Bayes-M17-dist-short
Kisanji,Kwango,1,FALSE,1e-4,1e-4,2e-4,1e-4,0.0101,428,3e-4,NA,NA,NA,NA,NA,NA,0.5574,4e-4,388,0.8417,0.6544,0,0.7336,0,Bayes-M17-dist-short
Tembo,Kwango,1,FALSE,1e-4,1e-4,1e-4,1e-4,0.0077,442,2e-4,NA,NA,NA,NA,NA,NA,0.3205,2e-4,444,0.7876,0.3977,0,0.0965,0,Bayes-M17-dist-short
Kitenda,Kwango,1,FALSE,1e-4,1e-4,1e-4,1e-4,0.0088,433,3e-4,NA,NA,NA,NA,NA,NA,0.376,2e-4,429,0.6641,0.4247,0,0.4151,0,Bayes-M17-dist-short
Mwela Lembwa,Kwango,1,FALSE,1e-4,1e-4,2e-4,1e-4,0.0095,431,3e-4,NA,NA,NA,NA,NA,NA,0.4397,3e-4,414,0.6506,0.3224,0,0.7857,0,Bayes-M17-dist-short
Moanza,Kwilu,1,FALSE,1e-4,1e-4,2e-4,1e-4,0.0114,422,3e-4,NA,NA,NA,NA,NA,NA,0.52,4e-4,383,0.5985,0.529,0,0.9527,0,Bayes-M17-dist-short
Bunkeya,Lualaba,1,FALSE,1e-4,1e-4,1e-4,1e-4,0.0074,444,2e-4,NA,NA,NA,NA,NA,NA,0.4218,2e-4,431,0.8243,0.5019,0,0.361,0,Bayes-M17-dist-short
Lubudi,Lualaba,1,FALSE,1e-4,1e-4,1e-4,1e-4,0.0093,432,3e-4,NA,NA,NA,NA,NA,NA,0.4667,3e-4,412,0.9151,0.4614,0,0.4903,0,Bayes-M17-dist-short
Mimia,Mai-Ndombe,1,FALSE,1e-4,1e-4,1e-4,1e-4,0.006,452,2e-4,NA,NA,NA,NA,NA,NA,0.4841,2e-4,436,0.9614,0.0521,0,0.9228,0,Bayes-M17-dist-short
Irebu,Equateur,1,FALSE,0,0,1e-4,0,0.0034,460,1e-4,NA,NA,NA,NA,NA,NA,0.5473,1e-4,453,0.9305,0.6776,0,0.5811,0,Bayes-M17-dist-short
Kamalondo,Haut-Katanga,1,FALSE,0,0,0,0,0.0017,462,1e-4,NA,NA,NA,NA,NA,NA,0.0352,0,464,0.029,0.0019,0,0.11,0,Bayes-M17-dist-short
Kowe,Haut-Katanga,1,FALSE,0,0,0,0,0.0012,463,0,NA,NA,NA,NA,NA,NA,0.07,0,463,0.0714,0.0811,0,0.1274,0,Bayes-M17-dist-short
Kitona,Kongo-Central,1,FALSE,0,0,0,0,9e-4,464,0,NA,NA,NA,NA,NA,NA,0.293,0,462,0.5907,0.5792,0,0.0019,0,Bayes-M17-dist-short
Kibunzi,Kongo-Central,1,FALSE,0,0,1e-4,0,0.0037,459,1e-4,NA,NA,NA,NA,NA,NA,0.4175,1e-4,455,0.7046,0.5251,0,0.4402,0,Bayes-M17-dist-short
Mutshatsha,Lualaba,1,FALSE,0,0,0,0,0.0027,461,1e-4,NA,NA,NA,NA,NA,NA,0.3808,1e-4,457,0.971,0.1023,0,0.4498,0,Bayes-M17-dist-short
Bokoro,Mai-Ndombe,1,FALSE,0,0,0,0,0,465,0,NA,NA,NA,NA,NA,NA,0.471,0,465,0.6873,0.5097,0,0.6873,0,Bayes-M17-dist-short
Idjwi,Sud-Kivu,1,FALSE,0,0,0,0,0,465,0,NA,NA,NA,NA,NA,NA,0.3007,0,466,0.2992,0.8224,0,0.0811,0,Bayes-M17-dist-short
Boma Mangbetu,Haut-Uele,1,TRUE,NA,NA,NA,NA,NA,NA,NA,NA,NA,NA,NA,NA,NA,0.4122,NA,NA,0.2857,0.5039,0,0.8591,0,Bayes-M17-dist-short
Isiro,Haut-Uele,1,TRUE,NA,NA,NA,NA,NA,NA,NA,NA,NA,NA,NA,NA,NA,0.5253,NA,NA,0.39,0.7587,0,0.9527,0,Bayes-M17-dist-short
Pawa,Haut-Uele,1,TRUE,NA,NA,NA,NA,NA,NA,NA,NA,NA,NA,NA,NA,NA,0.4315,NA,NA,0.2934,0.5734,0,0.8591,0,Bayes-M17-dist-short
Rungu,Haut-Uele,1,TRUE,NA,NA,NA,NA,NA,NA,NA,NA,NA,NA,NA,NA,NA,0.6474,NA,NA,0.8224,0.8031,0,0.9643,0,Bayes-M17-dist-short
Wamba,Haut-Uele,1,TRUE,NA,NA,NA,NA,NA,NA,NA,NA,NA,NA,NA,NA,NA,0.4817,NA,NA,0.6737,0.4363,0,0.8166,0,Bayes-M17-dist-short
Adja,Ituri,1,TRUE,NA,NA,NA,NA,NA,NA,NA,NA,NA,NA,NA,NA,NA,0.2645,NA,NA,0.249,0.4286,0,0.3803,0,Bayes-M17-dist-short
Ariwara,Ituri,1,TRUE,NA,NA,NA,NA,NA,NA,NA,NA,NA,NA,NA,NA,NA,0.2862,NA,NA,0.1988,0.6988,0,0.2471,0,Bayes-M17-dist-short
Aru,Ituri,1,TRUE,NA,NA,NA,NA,NA,NA,NA,NA,NA,NA,NA,NA,NA,0.3528,NA,NA,0.3012,0.8417,0,0.2683,0,Bayes-M17-dist-short
Aungba,Ituri,1,TRUE,NA,NA,NA,NA,NA,NA,NA,NA,NA,NA,NA,NA,NA,0.3354,NA,NA,0.3108,0.6564,0,0.3745,0,Bayes-M17-dist-short
Kambala,Ituri,1,TRUE,NA,NA,NA,NA,NA,NA,NA,NA,NA,NA,NA,NA,NA,0.347,NA,NA,0.3668,0.612,0,0.4093,0,Bayes-M17-dist-short
Logo,Ituri,1,TRUE,NA,NA,NA,NA,NA,NA,NA,NA,NA,NA,NA,NA,NA,0.2384,NA,NA,0.1757,0.5927,0,0.1853,0,Bayes-M17-dist-short
Mahagi,Ituri,1,TRUE,NA,NA,NA,NA,NA,NA,NA,NA,NA,NA,NA,NA,NA,0.2292,NA,NA,0.1718,0.6004,0,0.1448,0,Bayes-M17-dist-short
Rimba,Ituri,1,TRUE,NA,NA,NA,NA,NA,NA,NA,NA,NA,NA,NA,NA,NA,0.306,NA,NA,0.2008,0.7124,0,0.3108,0,Bayes-M17-dist-short
Bambu,Ituri,1,TRUE,NA,NA,NA,NA,NA,NA,NA,NA,NA,NA,NA,NA,NA,0.2399,NA,NA,0.2046,0.4691,0,0.2857,0,Bayes-M17-dist-short
Boga,Ituri,1,TRUE,NA,NA,NA,NA,NA,NA,NA,NA,NA,NA,NA,NA,NA,0.264,NA,NA,0.3861,0.36870000000000003,0,0.3012,0,Bayes-M17-dist-short
Bunia,Ituri,1,TRUE,NA,NA,NA,NA,NA,NA,NA,NA,NA,NA,NA,NA,NA,0.2326,NA,NA,0.1178,0.5637,0,0.249,0,Bayes-M17-dist-short
Damas,Ituri,1,TRUE,NA,NA,NA,NA,NA,NA,NA,NA,NA,NA,NA,NA,NA,0.3224,NA,NA,0.4479,0.3282,0,0.5135,0,Bayes-M17-dist-short
Drodro,Ituri,1,TRUE,NA,NA,NA,NA,NA,NA,NA,NA,NA,NA,NA,NA,NA,0.2674,NA,NA,0.2066,0.5907,0,0.2722,0,Bayes-M17-dist-short
Fataki,Ituri,1,TRUE,NA,NA,NA,NA,NA,NA,NA,NA,NA,NA,NA,NA,NA,0.3185,NA,NA,0.2259,0.7201,0,0.3282,0,Bayes-M17-dist-short
Gety,Ituri,1,TRUE,NA,NA,NA,NA,NA,NA,NA,NA,NA,NA,NA,NA,NA,0.2592,NA,NA,0.3359,0.2973,0,0.4035,0,Bayes-M17-dist-short
Kilo,Ituri,1,TRUE,NA,NA,NA,NA,NA,NA,NA,NA,NA,NA,NA,NA,NA,0.1448,NA,NA,0.2201,0.0502,0,0.3089,0,Bayes-M17-dist-short
Komanda,Ituri,1,TRUE,NA,NA,NA,NA,NA,NA,NA,NA,NA,NA,NA,NA,NA,0.2341,NA,NA,0.3089,0.1197,0,0.5077,0,Bayes-M17-dist-short
Lita,Ituri,1,TRUE,NA,NA,NA,NA,NA,NA,NA,NA,NA,NA,NA,NA,NA,0.306,NA,NA,0.2761,0.7046,0,0.2432,0,Bayes-M17-dist-short
Lolwa,Ituri,1,TRUE,NA,NA,NA,NA,NA,NA,NA,NA,NA,NA,NA,NA,NA,0.3205,NA,NA,0.6429,0,0,0.639,0,Bayes-M17-dist-short
Mambasa,Ituri,1,TRUE,NA,NA,NA,NA,NA,NA,NA,NA,NA,NA,NA,NA,NA,0.4324,NA,NA,0.8842,0.2625,0,0.583,0,Bayes-M17-dist-short
Mandima,Ituri,1,TRUE,NA,NA,NA,NA,NA,NA,NA,NA,NA,NA,NA,NA,NA,0.2659,NA,NA,0.4846,0.2896,0,0.2896,0,Bayes-M17-dist-short
Mangala,Ituri,1,TRUE,NA,NA,NA,NA,NA,NA,NA,NA,NA,NA,NA,NA,NA,0.3021,NA,NA,0.305,0.6158,0,0.2876,0,Bayes-M17-dist-short
Mongbwalu,Ituri,1,TRUE,NA,NA,NA,NA,NA,NA,NA,NA,NA,NA,NA,NA,NA,0.2616,NA,NA,0.4112,0.1834,0,0.4517,0,Bayes-M17-dist-short
Nia Nia,Ituri,1,TRUE,NA,NA,NA,NA,NA,NA,NA,NA,NA,NA,NA,NA,NA,0.2978,NA,NA,0.666,0.0212,0,0.5039,0,Bayes-M17-dist-short
Nizi,Ituri,1,TRUE,NA,NA,NA,NA,NA,NA,NA,NA,NA,NA,NA,NA,NA,0.1771,NA,NA,0.1544,0.3378,0,0.2162,0,Bayes-M17-dist-short
Nyankunde,Ituri,1,TRUE,NA,NA,NA,NA,NA,NA,NA,NA,NA,NA,NA,NA,NA,0.2514,NA,NA,0.2838,0.2432,0,0.4788,0,Bayes-M17-dist-short
Rethy,Ituri,1,TRUE,NA,NA,NA,NA,NA,NA,NA,NA,NA,NA,NA,NA,NA,0.2703,NA,NA,0.2143,0.6081,0,0.2587,0,Bayes-M17-dist-short
Rwampara,Ituri,1,TRUE,NA,NA,NA,NA,NA,NA,NA,NA,NA,NA,NA,NA,NA,0.319,NA,NA,0.2375,0.7452,0,0.2934,0,Bayes-M17-dist-short
Tchomia,Ituri,1,TRUE,NA,NA,NA,NA,NA,NA,NA,NA,NA,NA,NA,NA,NA,0.1998,NA,NA,0.2104,0.3745,0,0.2143,0,Bayes-M17-dist-short
Beni,Nord-Kivu,1,TRUE,NA,NA,NA,NA,NA,NA,NA,NA,NA,NA,NA,NA,NA,0.1559,NA,NA,0.1525,0.2297,0,0.2413,0,Bayes-M17-dist-short
Butembo,Nord-Kivu,1,TRUE,NA,NA,NA,NA,NA,NA,NA,NA,NA,NA,NA,NA,NA,0.1829,NA,NA,0.1139,0.388,0,0.2297,0,Bayes-M17-dist-short
Kalunguta,Nord-Kivu,1,TRUE,NA,NA,NA,NA,NA,NA,NA,NA,NA,NA,NA,NA,NA,0.1559,NA,NA,0.195,0.2066,0,0.222,0,Bayes-M17-dist-short
Katwa,Nord-Kivu,1,TRUE,NA,NA,NA,NA,NA,NA,NA,NA,NA,NA,NA,NA,NA,0.1998,NA,NA,0.0869,0.4846,0,0.2278,0,Bayes-M17-dist-short
Kyondo,Nord-Kivu,1,TRUE,NA,NA,NA,NA,NA,NA,NA,NA,NA,NA,NA,NA,NA,0.3238,NA,NA,0.2954,0.7973,0,0.2027,0,Bayes-M17-dist-short
Lubero,Nord-Kivu,1,TRUE,NA,NA,NA,NA,NA,NA,NA,NA,NA,NA,NA,NA,NA,0.4585,NA,NA,0.5734,0.9382,0,0.3224,0,Bayes-M17-dist-short
Mabalako,Nord-Kivu,1,TRUE,NA,NA,NA,NA,NA,NA,NA,NA,NA,NA,NA,NA,NA,0.1573,NA,NA,0.1931,0.2046,0,0.2317,0,Bayes-M17-dist-short
Masereka,Nord-Kivu,1,TRUE,NA,NA,NA,NA,NA,NA,NA,NA,NA,NA,NA,NA,NA,0.36870000000000003,NA,NA,0.2548,0.9807,0,0.2394,0,Bayes-M17-dist-short
Musienene,Nord-Kivu,1,TRUE,NA,NA,NA,NA,NA,NA,NA,NA,NA,NA,NA,NA,NA,0.319,NA,NA,0.2645,0.7317,0,0.2799,0,Bayes-M17-dist-short
Oicha,Nord-Kivu,1,TRUE,NA,NA,NA,NA,NA,NA,NA,NA,NA,NA,NA,NA,NA,0.3364,NA,NA,0.3243,0.7606,0,0.2606,0,Bayes-M17-dist-short
Vuhovi,Nord-Kivu,1,TRUE,NA,NA,NA,NA,NA,NA,NA,NA,NA,NA,NA,NA,NA,0.2611,NA,NA,0.2027,0.6178,0,0.2239,0,Bayes-M17-dist-short
Goma,Nord-Kivu,1,TRUE,NA,NA,NA,NA,NA,NA,NA,NA,NA,NA,NA,NA,NA,0.2669,NA,NA,0.1274,0.8977,0,0.0425,0,Bayes-M17-dist-short
Miti Murhesa,Sud-Kivu,1,TRUE,NA,NA,NA,NA,NA,NA,NA,NA,NA,NA,NA,NA,NA,0.3277,NA,NA,0.2355,0.9131,0,0.1622,0,Bayes-M17-dist-short
Bafwasende,Tshopo,1,TRUE,NA,NA,NA,NA,NA,NA,NA,NA,NA,NA,NA,NA,NA,0.4546,NA,NA,0.9073,0.2413,0,0.6699,0,Bayes-M17-dist-short
Kabondo,Tshopo,1,TRUE,NA,NA,NA,NA,NA,NA,NA,NA,NA,NA,NA,NA,NA,0.18,NA,NA,0.1911,0.2722,0,0.2568,0,Bayes-M17-dist-short
Lubunga (Tshopo),Tshopo,1,TRUE,NA,NA,NA,NA,NA,NA,NA,NA,NA,NA,NA,NA,NA,0.2288,NA,NA,0.2452,0.3436,0,0.3263,0,Bayes-M17-dist-short
Makiso Kisangani,Tshopo,1,TRUE,NA,NA,NA,NA,NA,NA,NA,NA,NA,NA,NA,NA,NA,0.2355,NA,NA,0.1332,0.5309,0,0.278,0,Bayes-M17-dist-short
Mangobo,Tshopo,1,TRUE,NA,NA,NA,NA,NA,NA,NA,NA,NA,NA,NA,NA,NA,0.2061,NA,NA,0.0792,0.4382,0,0.3069,0,Bayes-M17-dist-short
Wanierukula,Tshopo,1,TRUE,NA,NA,NA,NA,NA,NA,NA,NA,NA,NA,NA,NA,NA,0.473,NA,NA,0.8436,0.5521,0,0.4961,0,Bayes-M17-dist-short
Watsa,Haut-Uele,2,FALSE,0.6523,0.5566,0.7408,1.0698,42.9691,1,1,NA,NA,NA,NA,3.2332,1,0.4797,1,1,0.7297,0.8436,0,0.3456,0,Bayes-M17-dist-short
Mutwanga,Nord-Kivu,2,FALSE,0.4602,0.3764,0.5433,0.6211,24.945,2,0.7055,NA,NA,4.6218,1,NA,NA,0.2408,0.3542,6,0.2606,0.4672,0,0.2355,0,Bayes-M17-dist-short
Nyarambe,Ituri,2,FALSE,0.4504,0.3676,0.5327,0.6028,24.2123,3,0.6904,1.4098,1,NA,NA,NA,NA,0.1805,0.2598,11,0.1699,0.4595,0,0.0927,0,Bayes-M17-dist-short
Biringi,Ituri,2,FALSE,0.4453,0.3631,0.5271,0.5934,23.8362,4,0.6826,1.3879,2,NA,NA,NA,NA,0.3494,0.4972,3,0.3958,0.4865,0,0.5154,0,Bayes-M17-dist-short
Gombari,Haut-Uele,2,FALSE,0.4397,0.3582,0.521,0.5833,23.4272,5,0.6741,NA,NA,NA,NA,1.7628,2,0.5772,0.811,2,0.9633,0.8012,0,0.5444,0,Bayes-M17-dist-short
Jiba,Ituri,2,FALSE,0.4019,0.3251,0.4793,0.5171,20.7684,6,0.616,1.2093,3,NA,NA,NA,NA,0.1651,0.212,18,0.1815,0.1274,0,0.3514,0,Bayes-M17-dist-short
Angumu,Ituri,2,FALSE,0.3659,0.2941,0.439,0.4581,18.3982,7,0.561,1.0712,4,NA,NA,NA,NA,0.11,0.1287,24,0.1641,0.1641,0,0.112,0,Bayes-M17-dist-short
Linga,Ituri,2,FALSE,0.3634,0.2919,0.4361,0.454,18.2343,8,0.557,1.0617,5,NA,NA,NA,NA,0.2148,0.2494,12,0.1969,0.3417,0,0.3205,0,Bayes-M17-dist-short
Makoro,Haut-Uele,2,FALSE,0.3268,0.2609,0.3946,0.3976,15.9711,9,0.501,NA,NA,NA,NA,1.2017,3,0.3822,0.3992,4,0.556,0.5483,0,0.4247,0,Bayes-M17-dist-short
Biena,Nord-Kivu,2,FALSE,0.3255,0.2598,0.3931,0.3957,15.8927,10,0.499,NA,NA,2.9446,2,NA,NA,0.2013,0.2094,19,0.251,0.166,0,0.388,0,Bayes-M17-dist-short
Kayna,Nord-Kivu,2,FALSE,0.2477,0.1951,0.3026,0.2855,11.4691,11,0.3797,NA,NA,2.125,3,NA,NA,0.3113,0.2464,13,0.2278,0.6332,0,0.3842,0,Bayes-M17-dist-short
Dungu,Haut-Uele,2,FALSE,0.2308,0.1813,0.2826,0.2632,10.5702,12,0.3538,NA,NA,NA,NA,0.7954,4,0.5275,0.389,5,0.8726,0.5598,0,0.6776,0,Bayes-M17-dist-short
Kamango,Nord-Kivu,2,FALSE,0.2079,0.1628,0.2555,0.2337,9.3886,13,0.3188,NA,NA,1.7395,4,NA,NA,0.4373,0.2905,8,0.6583,0.917,0,0.1737,0,Bayes-M17-dist-short
Manguredjipa,Nord-Kivu,2,FALSE,0.2078,0.1627,0.2553,0.2336,9.3818,14,0.3185,NA,NA,1.7383,5,NA,NA,0.3475,0.2307,15,0.778,0.0579,0,0.5541,0,Bayes-M17-dist-short
Laybo,Ituri,2,FALSE,0.2029,0.1587,0.2494,0.2273,9.131,15,0.311,0.5317,6,NA,NA,NA,NA,0.3393,0.2199,16,0.3069,0.556,0,0.4942,0,Bayes-M17-dist-short
Alimbongo,Nord-Kivu,2,FALSE,0.1713,0.1334,0.2115,0.1883,7.5648,16,0.2626,NA,NA,1.4016,6,NA,NA,0.4262,0.2333,14,0.5849,0.7471,0,0.3726,0,Bayes-M17-dist-short
Bafwagbogbo,Tshopo,2,FALSE,0.1705,0.1327,0.2105,0.1873,7.5229,17,0.2613,NA,NA,NA,NA,NA,NA,0.3948,0.215,17,0.8591,0.027,0,0.6931,0,Bayes-M17-dist-short
Viadana,Bas-Uele,2,FALSE,0.1553,0.1207,0.1922,0.1691,6.793,18,0.2381,NA,NA,NA,NA,NA,NA,0.6846,0.3398,7,0.9131,0.9788,0,0.8465,0,Bayes-M17-dist-short
Niangara,Haut-Uele,2,FALSE,0.1489,0.1156,0.1844,0.1615,6.4869,19,0.2282,NA,NA,NA,NA,0.4881,5,0.5512,0.2622,10,0.8031,0.4324,0,0.9691,0,Bayes-M17-dist-short
Karisimbi,Nord-Kivu,2,FALSE,0.1458,0.1131,0.1807,0.1579,6.3424,20,0.2235,NA,NA,1.1751,7,NA,NA,0.1597,0.0744,35,0.0907,0.5154,0,0.0328,0,Bayes-M17-dist-short
Adi,Ituri,2,FALSE,0.1308,0.1013,0.1624,0.1405,5.6416,21,0.2006,0.3285,7,NA,NA,NA,NA,0.3977,0.1663,21,0.2587,0.7104,0,0.6216,0,Bayes-M17-dist-short
Nyiragongo,Nord-Kivu,2,FALSE,0.1285,0.0995,0.1596,0.1378,5.5343,22,0.197,NA,NA,1.0254,8,NA,NA,0.2891,0.1187,25,0.2432,0.8764,0,0.0367,0,Bayes-M17-dist-short
Poko,Bas-Uele,2,FALSE,0.1201,0.0928,0.1493,0.1281,5.1451,23,0.1841,NA,NA,NA,NA,NA,NA,0.7271,0.279,9,0.9923,0.9517,0,0.9643,0,Bayes-M17-dist-short
Tshopo,Tshopo,2,FALSE,0.1115,0.0861,0.1388,0.1184,4.7559,24,0.171,NA,NA,NA,NA,NA,NA,0.2466,0.0879,32,0.361,0.334,0,0.2915,0,Bayes-M17-dist-short
Kibirizi,Nord-Kivu,2,FALSE,0.1018,0.0785,0.1268,0.1075,4.3162,25,0.156,NA,NA,0.7997,9,NA,NA,0.4175,0.1358,22,0.5405,0.8552,0,0.2741,0,Bayes-M17-dist-short
Rutshuru,Nord-Kivu,2,FALSE,0.0816,0.0627,0.1019,0.0852,3.4212,26,0.1251,NA,NA,0.6339,10,NA,NA,0.3721,0.097,27,0.4093,0.9942,0,0.0849,0,Bayes-M17-dist-short
Faradje,Haut-Uele,2,FALSE,0.0814,0.0625,0.1017,0.0849,3.412,27,0.1247,NA,NA,NA,NA,0.2567,6,0.4474,0.1163,26,0.7606,0.666,0,0.3629,0,Bayes-M17-dist-short
Ganga,Bas-Uele,2,FALSE,0.0768,0.059,0.096,0.08,3.2138,28,0.1178,NA,NA,NA,NA,NA,NA,0.7218,0.1772,20,0.9672,0.9556,0,0.9643,0,Bayes-M17-dist-short
Nsele,Kinshasa,2,FALSE,0.0753,0.0578,0.0941,0.0783,3.1463,29,0.1154,NA,NA,NA,NA,NA,NA,0.1583,0.0381,46,0.139,0.3996,0,0.0946,0,Bayes-M17-dist-short
Gombe,Kinshasa,2,FALSE,0.0745,0.0572,0.0932,0.0775,3.1135,30,0.1142,NA,NA,NA,NA,NA,NA,0.1622,0.0386,45,0.0695,0.5695,0,0.0097,0,Bayes-M17-dist-short
Rwanguba,Nord-Kivu,2,FALSE,0.0742,0.057,0.0928,0.0771,3.0984,31,0.1137,NA,NA,0.5741,11,NA,NA,0.2442,0.0579,38,0.2085,0.7027,0,0.0656,0,Bayes-M17-dist-short
Aba,Haut-Uele,2,FALSE,0.0715,0.0549,0.0894,0.0742,2.9821,32,0.1096,NA,NA,NA,NA,0.2244,7,0.569,0.13,23,0.6004,0.6853,0,0.9903,0,Bayes-M17-dist-short
Mweso,Nord-Kivu,2,FALSE,0.0693,0.0531,0.0867,0.0718,2.8851,33,0.1062,NA,NA,0.5345,12,NA,NA,0.4189,0.0927,29,0.4498,0.9614,0,0.2645,0,Bayes-M17-dist-short
Bambo,Nord-Kivu,2,FALSE,0.0679,0.0521,0.085,0.0704,2.8262,34,0.1041,NA,NA,0.5236,13,NA,NA,0.3962,0.086,33,0.5521,0.9073,0,0.1255,0,Bayes-M17-dist-short
Banalia,Tshopo,2,FALSE,0.0659,0.0506,0.0825,0.0683,2.7421,35,0.1011,NA,NA,NA,NA,NA,NA,0.4242,0.0894,30,0.7799,0.1178,0,0.7992,0,Bayes-M17-dist-short
Limete,Kinshasa,2,FALSE,0.0574,0.044,0.072,0.0592,2.3771,36,0.088,NA,NA,NA,NA,NA,NA,0.056,0.0103,85,0.0405,0.1371,0,0.0463,0,Bayes-M17-dist-short
Kirotshe,Nord-Kivu,2,FALSE,0.0551,0.0422,0.0691,0.0567,2.2784,37,0.0845,NA,NA,0.4221,14,NA,NA,0.3842,0.0677,37,0.3764,0.9961,0,0.1641,0,Bayes-M17-dist-short
Binza Ozone,Kinshasa,2,FALSE,0.0546,0.0418,0.0685,0.0562,2.2579,38,0.0837,NA,NA,NA,NA,NA,NA,0.152,0.0265,54,0.0734,0.5232,0,0.0116,0,Bayes-M17-dist-short
Lingwala,Kinshasa,2,FALSE,0.0525,0.0402,0.0658,0.053900000000000003,2.1661,39,0.0804,NA,NA,NA,NA,NA,NA,0.0323,0.0054,113,0.0232,0.0907,0,0.0154,0,Bayes-M17-dist-short
Kokolo,Kinshasa,2,FALSE,0.0517,0.0396,0.0649,0.0532,2.1355,40,0.0793,NA,NA,NA,NA,NA,NA,0.2172,0.0359,47,0.0772,0.7722,0,0.0193,0,Bayes-M17-dist-short
Opienge,Tshopo,2,FALSE,0.0512,0.0392,0.0642,0.0525,2.1102,41,0.0784,NA,NA,NA,NA,NA,NA,0.4445,0.0727,36,0.9556,0.0135,0,0.8089,0,Bayes-M17-dist-short
Katana,Sud-Kivu,2,FALSE,0.0496,0.038,0.0622,0.0509,2.0439,42,0.076,NA,NA,NA,NA,NA,NA,0.3224,0.0511,41,0.2471,0.9112,0,0.1313,0,Bayes-M17-dist-short
Pinga,Nord-Kivu,2,FALSE,0.0483,0.037,0.0606,0.0496,1.9904,43,0.0741,NA,NA,0.3688,15,NA,NA,0.57,0.088,31,0.9595,0.7548,0,0.5656,0,Bayes-M17-dist-short
Binza,Nord-Kivu,2,FALSE,0.048,0.0367,0.0602,0.0492,1.9764,44,0.0736,NA,NA,0.3662,16,NA,NA,0.3518,0.054,39,0.471,0.8378,0,0.0985,0,Bayes-M17-dist-short
Kinshasa,Kinshasa,2,FALSE,0.0477,0.0365,0.0598,0.0489,1.9634,45,0.0731,NA,NA,NA,NA,NA,NA,0.0203,0.0031,160,0.0135,0.0463,0,0.0212,0,Bayes-M17-dist-short
Kalamu 1,Kinshasa,2,FALSE,0.046,0.0352,0.0577,0.0471,1.8927,46,0.0705,NA,NA,NA,NA,NA,NA,0.0309,0.0045,128,0.0193,0.0734,0,0.0309,0,Bayes-M17-dist-short
Kasa Vubu,Kinshasa,2,FALSE,0.046,0.0352,0.0577,0.0471,1.8906,47,0.0704,NA,NA,NA,NA,NA,NA,0.0444,0.0065,107,0.0309,0.1216,0,0.0251,0,Bayes-M17-dist-short
Ibanda,Sud-Kivu,2,FALSE,0.0441,0.0338,0.0554,0.0452,1.8145,48,0.0677,NA,NA,NA,NA,NA,NA,0.2307,0.0325,50,0.083,0.6216,0,0.2181,0,Bayes-M17-dist-short
Buta,Bas-Uele,2,FALSE,0.0416,0.0318,0.0523,0.0425,1.7087,49,0.0638,NA,NA,NA,NA,NA,NA,0.7225,0.0961,28,0.9749,0.9923,0,0.9228,0,Bayes-M17-dist-short
Lemba,Kinshasa,2,FALSE,0.0408,0.0312,0.0512,0.0417,1.6739,50,0.0625,NA,NA,NA,NA,NA,NA,0.1023,0.0133,73,0.0483,0.3069,0,0.0541,0,Bayes-M17-dist-short
Masina 1,Kinshasa,2,FALSE,0.0405,0.0309,0.0508,0.0413,1.6607,51,0.0621,NA,NA,NA,NA,NA,NA,0.0193,0.0025,181,0.0077,0.0077,0,0.0618,0,Bayes-M17-dist-short
Kintambo,Kinshasa,2,FALSE,0.0404,0.0309,0.0508,0.0413,1.6579,52,0.062,NA,NA,NA,NA,NA,NA,0.0338,0.0044,134,0.0212,0.1004,0,0.0135,0,Bayes-M17-dist-short
Birambizo,Nord-Kivu,2,FALSE,0.039,0.0298,0.0489,0.0397,1.5965,53,0.0597,NA,NA,0.2958,17,NA,NA,0.3625,0.0451,42,0.4035,0.89,0,0.1564,0,Bayes-M17-dist-short
Kadutu,Sud-Kivu,2,FALSE,0.0349,0.0266,0.0438,0.0355,1.4259,55,0.0534,NA,NA,NA,NA,NA,NA,0.1636,0.0182,63,0.0579,0.3861,0,0.2104,0,Bayes-M17-dist-short
Minova,Sud-Kivu,2,FALSE,0.0349,0.0266,0.0438,0.0355,1.4268,54,0.0535,NA,NA,NA,NA,NA,NA,0.3866,0.0431,43,0.4421,0.9826,0,0.1216,0,Bayes-M17-dist-short
Masina 2,Kinshasa,2,FALSE,0.0348,0.0266,0.0438,0.0355,1.4239,56,0.0534,NA,NA,NA,NA,NA,NA,0.0265,0.003,163,0.0174,0.0193,0,0.0695,0,Bayes-M17-dist-short
Bandalungwa,Kinshasa,2,FALSE,0.0348,0.0266,0.0437,0.0354,1.4233,57,0.0533,NA,NA,NA,NA,NA,NA,0.0709,0.0079,95,0.0328,0.2336,0,0.0174,0,Bayes-M17-dist-short
Bondo,Bas-Uele,2,FALSE,0.0346,0.0264,0.0435,0.0352,1.4141,58,0.053,NA,NA,NA,NA,NA,NA,0.6737,0.0745,34,0.9961,0.9981,0,0.7008,0,Bayes-M17-dist-short
Binza Meteo,Kinshasa,2,FALSE,0.03,0.0229,0.0377,0.0305,1.2236,59,0.046,NA,NA,NA,NA,NA,NA,0.2558,0.0245,58,0.0965,0.8996,0,0.027,0,Bayes-M17-dist-short
Bengamisa,Tshopo,2,FALSE,0.0297,0.0227,0.0373,0.0301,1.2104,60,0.0455,NA,NA,NA,NA,NA,NA,0.3012,0.0286,53,0.612,0.2162,0,0.3764,0,Bayes-M17-dist-short
Kikimi,Kinshasa,2,FALSE,0.0293,0.0223,0.0368,0.0297,1.1935,62,0.0449,NA,NA,NA,NA,NA,NA,0.0835,0.0078,96,0.056,0.1911,0,0.0869,0,Bayes-M17-dist-short
Kabare,Sud-Kivu,2,FALSE,0.0293,0.0223,0.0368,0.0297,1.1937,61,0.0449,NA,NA,NA,NA,NA,NA,0.3567,0.0334,49,0.2394,0.9884,0,0.1988,0,Bayes-M17-dist-short
Matete,Kinshasa,2,FALSE,0.0291,0.0222,0.0366,0.0296,1.1882,63,0.0447,NA,NA,NA,NA,NA,NA,0.0492,0.0046,127,0.0251,0.1158,0,0.056,0,Bayes-M17-dist-short
Barumbu,Kinshasa,2,FALSE,0.0291,0.0222,0.0366,0.0296,1.1872,64,0.0446,NA,NA,NA,NA,NA,NA,0.014,0.0013,251,0.0097,0.0232,0,0.0232,0,Bayes-M17-dist-short
Masisi,Nord-Kivu,2,FALSE,0.0285,0.0217,0.0358,0.0289,1.1607,65,0.0436,NA,NA,0.215,18,NA,NA,0.4402,0.04,44,0.4324,0.9575,0,0.3707,0,Bayes-M17-dist-short
Walikale,Nord-Kivu,2,FALSE,0.028,0.0213,0.0352,0.0284,1.1394,66,0.0429,NA,NA,0.2111,19,NA,NA,0.5729,0.0512,40,0.9459,0.9286,0,0.417,0,Bayes-M17-dist-short
Mont Ngafula 1,Kinshasa,2,FALSE,0.0247,0.0188,0.031,0.025,1.0033,67,0.0378,NA,NA,NA,NA,NA,NA,0.2066,0.0163,67,0.1371,0.6313,0,0.0579,0,Bayes-M17-dist-short
Mont Ngafula 2,Kinshasa,2,FALSE,0.0241,0.0184,0.0304,0.0244,0.9813,68,0.037,NA,NA,NA,NA,NA,NA,0.0951,0.0073,103,0.0849,0.2568,0,0.0386,0,Bayes-M17-dist-short
Selembao,Kinshasa,2,FALSE,0.024,0.0183,0.0302,0.0243,0.9772,69,0.0368,NA,NA,NA,NA,NA,NA,0.0676,0.0052,117,0.0444,0.1815,0,0.0444,0,Bayes-M17-dist-short
Katoyi,Nord-Kivu,2,FALSE,0.0237,0.0181,0.0299,0.024,0.9657,70,0.0364,NA,NA,0.1789,20,NA,NA,0.4542,0.0345,48,0.4614,0.9595,0,0.3958,0,Bayes-M17-dist-short
Kingabwa,Kinshasa,2,FALSE,0.0236,0.018,0.0296,0.0238,0.9578,72,0.0361,NA,NA,NA,NA,NA,NA,0.0478,0.0036,151,0.0425,0.0965,0,0.0521,0,Bayes-M17-dist-short
Ndjili,Kinshasa,2,FALSE,0.0236,0.018,0.0297,0.0239,0.9596,71,0.0362,NA,NA,NA,NA,NA,NA,0.0487,0.0037,147,0.027,0.1042,0,0.0637,0,Bayes-M17-dist-short
Ngiri Ngiri,Kinshasa,2,FALSE,0.0234,0.0178,0.0294,0.0236,0.9493,73,0.0358,NA,NA,NA,NA,NA,NA,0.028,0.0021,195,0.0154,0.0676,0,0.029,0,Bayes-M17-dist-short
Police,Kinshasa,2,FALSE,0.0232,0.0177,0.0292,0.0235,0.944,74,0.0356,NA,NA,NA,NA,NA,NA,0.0478,0.0035,152,0.0463,0.0772,0,0.0676,0,Bayes-M17-dist-short
Kalehe,Sud-Kivu,2,FALSE,0.0223,0.017,0.0281,0.0226,0.9076,75,0.0342,NA,NA,NA,NA,NA,NA,0.3369,0.024,59,0.3417,0.8649,0,0.1409,0,Bayes-M17-dist-short
Isangi,Tshopo,2,FALSE,0.0207,0.0158,0.0261,0.0209,0.8404,76,0.0317,NA,NA,NA,NA,NA,NA,0.3837,0.0254,56,0.4054,0.4073,0,0.722,0,Bayes-M17-dist-short
Lubutu,Maniema,2,FALSE,0.0195,0.0149,0.0246,0.0197,0.7925,77,0.0299,NA,NA,NA,NA,NA,NA,0.4706,0.0294,51,0.8205,0.2819,0,0.7799,0,Bayes-M17-dist-short
Yakusu,Tshopo,2,FALSE,0.0183,0.0139,0.023,0.0184,0.741,78,0.028,NA,NA,NA,NA,NA,NA,0.319,0.0186,62,0.4208,0.2085,0,0.6467,0,Bayes-M17-dist-short
Maluku 1,Kinshasa,2,FALSE,0.018,0.0137,0.0227,0.0182,0.7296,79,0.0276,NA,NA,NA,NA,NA,NA,0.2321,0.0134,72,0.3475,0.4517,0,0.1293,0,Bayes-M17-dist-short
Kingasani,Kinshasa,2,FALSE,0.0177,0.0135,0.0222,0.0178,0.716,80,0.0271,NA,NA,NA,NA,NA,NA,0.0294,0.0017,218,0.0058,0.0405,0,0.0714,0,Bayes-M17-dist-short
Nyemba,Tanganyika,2,FALSE,0.0164,0.0125,0.0206,0.0165,0.6635,81,0.0251,NA,NA,NA,NA,NA,NA,0.3456,0.0181,64,0.5965,0.4556,0,0.3301,0,Bayes-M17-dist-short
Uvira,Sud-Kivu,2,FALSE,0.0163,0.0124,0.0206,0.0165,0.661,82,0.025,NA,NA,NA,NA,NA,NA,0.5502,0.0287,52,0.2181,0.9846,0,0.9981,0,Bayes-M17-dist-short
Yamaluka,Mongala,2,FALSE,0.0155,0.0118,0.0196,0.0157,0.629,83,0.0238,NA,NA,NA,NA,NA,NA,0.1974,0.0098,87,0.2799,0.1448,0,0.3649,0,Bayes-M17-dist-short
Ruzizi,Sud-Kivu,2,FALSE,0.0141,0.0108,0.0178,0.0142,0.5716,84,0.0217,NA,NA,NA,NA,NA,NA,0.5627,0.0254,55,0.3494,0.9093,0,0.9923,0,Bayes-M17-dist-short
Nyantende,Sud-Kivu,2,FALSE,0.014,0.0107,0.0177,0.0141,0.5683,85,0.0215,NA,NA,NA,NA,NA,NA,0.3219,0.0144,70,0.1486,0.8938,0,0.2452,0,Bayes-M17-dist-short
Lubumbashi,Haut-Katanga,2,FALSE,0.0132,0.01,0.0166,0.0132,0.5319,86,0.0202,NA,NA,NA,NA,NA,NA,0.1105,0.0046,126,0.1081,0.2104,0,0.1236,0,Bayes-M17-dist-short
Doruma,Haut-Uele,2,FALSE,0.0124,0.0094,0.0156,0.0125,0.501,88,0.019,NA,NA,NA,NA,0.0377,8,0.6216,0.0246,57,0.973,0.5135,0,1,0,Bayes-M17-dist-short
Basoko,Tshopo,2,FALSE,0.0124,0.0095,0.0157,0.0125,0.5022,87,0.019,NA,NA,NA,NA,NA,NA,0.3012,0.012,77,0.5077,0.3147,0,0.3822,0,Bayes-M17-dist-short
Walungu,Sud-Kivu,2,FALSE,0.0121,0.0092,0.0152,0.0121,0.4873,89,0.0185,NA,NA,NA,NA,NA,NA,0.3248,0.0125,76,0.1853,0.8803,0,0.2336,0,Bayes-M17-dist-short
Makala,Kinshasa,2,FALSE,0.0119,0.0091,0.015,0.012,0.4817,90,0.0183,NA,NA,NA,NA,NA,NA,0.0246,9e-4,290,0.0116,0.0386,0,0.0483,0,Bayes-M17-dist-short
Ubundu,Tshopo,2,FALSE,0.0119,0.0091,0.015,0.012,0.4811,91,0.0182,NA,NA,NA,NA,NA,NA,0.4744,0.018,65,0.9054,0.4305,0,0.5618,0,Bayes-M17-dist-short
Kalamu 2,Kinshasa,2,FALSE,0.0118,0.009,0.0148,0.0118,0.4753,92,0.018,NA,NA,NA,NA,NA,NA,0.015,6e-4,363,0.0039,0.0154,0,0.0405,0,Bayes-M17-dist-short
Yabaondo,Tshopo,2,FALSE,0.0115,0.0088,0.0145,0.0116,0.4662,93,0.0177,NA,NA,NA,NA,NA,NA,0.3523,0.013,75,0.4363,0.305,0,0.668,0,Bayes-M17-dist-short
Kindu,Maniema,2,FALSE,0.0104,0.0079,0.013,0.0104,0.4181,94,0.0159,NA,NA,NA,NA,NA,NA,0.3181,0.0105,83,0.1351,0.2529,0,0.8842,0,Bayes-M17-dist-short
Titule,Bas-Uele,2,FALSE,0.0101,0.0077,0.0127,0.0101,0.407,95,0.0155,NA,NA,NA,NA,NA,NA,0.6839,0.022,60,0.9865,0.8263,0,0.9228,0,Bayes-M17-dist-short
Lisala,Mongala,2,FALSE,0.0101,0.0077,0.0127,0.0101,0.4061,96,0.0154,NA,NA,NA,NA,NA,NA,0.4093,0.0132,74,0.4286,0.4402,0,0.7683,0,Bayes-M17-dist-short
Bagira,Sud-Kivu,2,FALSE,0.0099,0.0075,0.0125,0.0099,0.399,97,0.0152,NA,NA,NA,NA,NA,NA,0.236,0.0075,100,0.1004,0.6371,0,0.2066,0,Bayes-M17-dist-short
Ango,Bas-Uele,2,FALSE,0.0094,0.0072,0.0118,0.0094,0.3793,99,0.0144,NA,NA,NA,NA,NA,NA,0.7095,0.0213,61,1,0.8591,0,0.9788,0,Bayes-M17-dist-short
Kibua,Nord-Kivu,2,FALSE,0.0094,0.0072,0.0119,0.0095,0.3811,98,0.0145,NA,NA,0.0706,21,NA,NA,0.5154,0.0156,69,0.7741,0.6602,0,0.6274,0,Bayes-M17-dist-short
Yaleko,Tshopo,2,FALSE,0.0091,0.007,0.0115,0.0092,0.3691,100,0.014,NA,NA,NA,NA,NA,NA,0.402,0.0117,78,0.639,0.2452,0,0.7239,0,Bayes-M17-dist-short
Fizi,Sud-Kivu,2,FALSE,0.0089,0.0068,0.0112,0.0089,0.3579,102,0.0136,NA,NA,NA,NA,NA,NA,0.5637,0.016,68,0.7432,0.9691,0,0.5425,0,Bayes-M17-dist-short
Kalemie,Tanganyika,2,FALSE,0.0089,0.0068,0.0113,0.009,0.3603,101,0.0137,NA,NA,NA,NA,NA,NA,0.3789,0.0108,81,0.6718,0.4575,0,0.3861,0,Bayes-M17-dist-short
Shabunda,Sud-Kivu,2,FALSE,0.0088,0.0067,0.0111,0.0088,0.355,103,0.0135,NA,NA,NA,NA,NA,NA,0.5922,0.0166,66,0.8378,0.8726,0,0.6583,0,Bayes-M17-dist-short
Mubumbano,Sud-Kivu,2,FALSE,0.0087,0.0066,0.0109,0.0087,0.3501,104,0.0133,NA,NA,NA,NA,NA,NA,0.3658,0.0101,86,0.2683,0.9402,0,0.2548,0,Bayes-M17-dist-short
Lemera,Sud-Kivu,2,FALSE,0.0077,0.0058,0.0097,0.0077,0.3098,105,0.0118,NA,NA,NA,NA,NA,NA,0.5613,0.0138,71,0.3629,0.9015,0,0.9807,0,Bayes-M17-dist-short
Yambuku,Mongala,2,FALSE,0.0076,0.0057,0.0095,0.0076,0.3045,107,0.0116,NA,NA,NA,NA,NA,NA,0.4344,0.0105,84,0.5483,0.5753,0,0.6139,0,Bayes-M17-dist-short
Nyangezi,Sud-Kivu,2,FALSE,0.0076,0.0058,0.0096,0.0077,0.3074,106,0.0117,NA,NA,NA,NA,NA,NA,0.36870000000000003,0.009,89,0.222,0.8842,0,0.36870000000000003,0,Bayes-M17-dist-short
Mwana,Sud-Kivu,2,FALSE,0.0075,0.0057,0.0094,0.0075,0.3007,108,0.0114,NA,NA,NA,NA,NA,NA,0.3731,0.0089,90,0.2896,0.9035,0,0.2992,0,Bayes-M17-dist-short
Kaniola,Sud-Kivu,2,FALSE,0.0074,0.0056,0.0093,0.0074,0.2989,109,0.0114,NA,NA,NA,NA,NA,NA,0.4513,0.0107,82,0.5328,0.9305,0,0.3417,0,Bayes-M17-dist-short
Mumbunda,Haut-Katanga,2,FALSE,0.0073,0.0056,0.0092,0.0073,0.2945,110,0.0112,NA,NA,NA,NA,NA,NA,0.1853,0.0043,135,0.1197,0.5077,0,0.1139,0,Bayes-M17-dist-short
Mbandaka,Equateur,2,FALSE,0.007,0.0053,0.0088,0.007,0.2809,111,0.0107,NA,NA,NA,NA,NA,NA,0.5164,0.0115,79,0.6409,0.9633,0,0.4614,0,Bayes-M17-dist-short
Manika,Lualaba,2,FALSE,0.0069,0.0052,0.0087,0.0069,0.2776,112,0.0106,NA,NA,NA,NA,NA,NA,0.1149,0.0025,177,0.0946,0.222,0,0.1429,0,Bayes-M17-dist-short
Bunyakiri,Sud-Kivu,2,FALSE,0.0066,0.0051,0.0084,0.0067,0.2678,113,0.0102,NA,NA,NA,NA,NA,NA,0.4517,0.0096,88,0.6197,0.832,0,0.3552,0,Bayes-M17-dist-short
Kipushi,Haut-Katanga,2,FALSE,0.0065,0.0049,0.0082,0.0065,0.2619,114,0.01,NA,NA,NA,NA,NA,NA,0.1216,0.0025,179,0.2703,0.1081,0,0.1081,0,Bayes-M17-dist-short
Kisenso,Kinshasa,2,FALSE,0.0065,0.0049,0.0082,0.0065,0.2616,115,0.01,NA,NA,NA,NA,NA,NA,0.0589,0.0012,260,0.0367,0.139,0,0.0598,0,Bayes-M17-dist-short
Tshamilemba,Haut-Katanga,2,FALSE,0.0064,0.0049,0.0081,0.0064,0.2588,116,0.0098,NA,NA,NA,NA,NA,NA,0.0772,0.0016,229,0.0656,0.1255,0,0.1178,0,Bayes-M17-dist-short
Biyela,Kinshasa,2,FALSE,0.0064,0.0049,0.008,0.0064,0.2571,117,0.0098,NA,NA,NA,NA,NA,NA,0.1076,0.0022,192,0.0637,0.2838,0,0.083,0,Bayes-M17-dist-short
Kimbanseke,Kinshasa,2,FALSE,0.0063,0.0048,0.008,0.0063,0.2544,118,0.0097,NA,NA,NA,NA,NA,NA,0.0526,0.0011,276,0.0521,0.0849,0,0.0734,0,Bayes-M17-dist-short
Maluku 2,Kinshasa,2,FALSE,0.0062,0.0047,0.0078,0.0062,0.2488,119,0.0095,NA,NA,NA,NA,NA,NA,0.4184,0.0083,93,0.6834,0.5463,0,0.444,0,Bayes-M17-dist-short
Bumbu,Kinshasa,2,FALSE,0.0061,0.0046,0.0077,0.0061,0.2446,120,0.0093,NA,NA,NA,NA,NA,NA,0.0164,3e-4,416,0.0019,0.029,0,0.0347,0,Bayes-M17-dist-short
Ngaba,Kinshasa,2,FALSE,0.006,0.0046,0.0076,0.006,0.2414,122,0.0092,NA,NA,NA,NA,NA,NA,0.014,3e-4,426,0,0.0058,0,0.0502,0,Bayes-M17-dist-short
Yahisuli,Tshopo,2,FALSE,0.006,0.0046,0.0076,0.0061,0.2438,121,0.0093,NA,NA,NA,NA,NA,NA,0.3521,0.0068,105,0.3842,0.0714,0,0.9527,0,Bayes-M17-dist-short
Kalonge,Sud-Kivu,2,FALSE,0.0053,0.004,0.0067,0.0053,0.2133,123,0.0081,NA,NA,NA,NA,NA,NA,0.404,0.0068,104,0.4961,0.8359,0,0.2838,0,Bayes-M17-dist-short
Aketi,Bas-Uele,2,FALSE,0.0051,0.0039,0.0064,0.0051,0.2053,125,0.0078,NA,NA,NA,NA,NA,NA,0.6762,0.011,80,0.9903,0.9363,0,0.778,0,Bayes-M17-dist-short
Djolu,Tshuapa,2,FALSE,0.0051,0.0039,0.0065,0.0051,0.2065,124,0.0079,NA,NA,NA,NA,NA,NA,0.5256,0.0086,92,0.7104,0.5985,0,0.7934,0,Bayes-M17-dist-short
Bumba,Mongala,2,FALSE,0.0048,0.0036,0.006,0.0048,0.1914,128,0.0073,NA,NA,NA,NA,NA,NA,0.2384,0.0036,149,0.1409,0.4537,0,0.3591,0,Bayes-M17-dist-short
Kaziba,Sud-Kivu,2,FALSE,0.0048,0.0037,0.0061,0.0048,0.1947,126,0.0074,NA,NA,NA,NA,NA,NA,0.3571,0.0055,112,0.2876,0.7838,0,0.3571,0,Bayes-M17-dist-short
Yahuma,Tshopo,2,FALSE,0.0048,0.0036,0.006,0.0048,0.1921,127,0.0073,NA,NA,NA,NA,NA,NA,0.4402,0.0067,106,0.8649,0.332,0,0.5637,0,Bayes-M17-dist-short
Itebero,Nord-Kivu,2,FALSE,0.0046,0.0035,0.0058,0.0046,0.1848,129,0.007,NA,NA,0.0342,22,NA,NA,0.5574,0.0082,94,0.9112,0.722,0,0.5965,0,Bayes-M17-dist-short
Opala,Tshopo,2,FALSE,0.0046,0.0035,0.0058,0.0046,0.1846,130,0.007,NA,NA,NA,NA,NA,NA,0.4269,0.0063,108,0.7819,0.0792,0,0.8465,0,Bayes-M17-dist-short
Kasongo,Maniema,2,FALSE,0.0045,0.0035,0.0057,0.0046,0.1829,131,0.007,NA,NA,NA,NA,NA,NA,0.5304,0.0077,98,0.4459,0.7529,0,0.9228,0,Bayes-M17-dist-short
Lolo,Mongala,2,FALSE,0.0044,0.0034,0.0056,0.0044,0.1781,132,0.0068,NA,NA,NA,NA,NA,NA,0.3161,0.0045,130,0.4073,0.3263,0,0.5309,0,Bayes-M17-dist-short
Kunda,Maniema,2,FALSE,0.0043,0.0032,0.0054,0.0043,0.1712,133,0.0065,NA,NA,NA,NA,NA,NA,0.4165,0.0057,110,0.4633,0.2799,0,0.9228,0,Bayes-M17-dist-short
Nundu,Sud-Kivu,2,FALSE,0.0041,0.0031,0.0052,0.0041,0.1648,135,0.0063,NA,NA,NA,NA,NA,NA,0.5927,0.0078,97,0.527,0.8494,0,0.9942,0,Bayes-M17-dist-short
Gemena,Sud-Ubangi,2,FALSE,0.0041,0.0031,0.0052,0.0041,0.1658,134,0.0063,NA,NA,NA,NA,NA,NA,0.3277,0.0043,136,0.1776,0.2741,0,0.8591,0,Bayes-M17-dist-short
Bili (Bas-Uele),Bas-Uele,2,FALSE,0.004,0.003,0.005,0.004,0.1596,136,0.0061,NA,NA,NA,NA,NA,NA,0.6926,0.0088,91,0.9981,0.7992,0,0.973,0,Bayes-M17-dist-short
Punia,Maniema,2,FALSE,0.0039,0.003,0.0049,0.0039,0.1574,137,0.006,NA,NA,NA,NA,NA,NA,0.3731,0.0047,125,0.7625,0.1969,0,0.5328,0,Bayes-M17-dist-short
Mondombe,Tshuapa,2,FALSE,0.0039,0.003,0.0049,0.0039,0.1569,138,0.006,NA,NA,NA,NA,NA,NA,0.4797,0.006,109,0.6622,0.3726,0,0.8842,0,Bayes-M17-dist-short
Mwenga,Sud-Kivu,2,FALSE,0.0038,0.0029,0.0048,0.0038,0.152,139,0.0058,NA,NA,NA,NA,NA,NA,0.319,0.0039,142,0.5,0.3552,0,0.4208,0,Bayes-M17-dist-short
Ikela,Tshuapa,2,FALSE,0.0036,0.0027,0.0045,0.0036,0.1441,140,0.0055,NA,NA,NA,NA,NA,NA,0.4633,0.0053,115,0.8147,0.1795,0,0.8591,0,Bayes-M17-dist-short
Yakoma,Nord-Ubangi,2,FALSE,0.0035,0.0027,0.0045,0.0035,0.142,141,0.0054,NA,NA,NA,NA,NA,NA,0.6641,0.0075,99,0.7124,0.9479,0,0.9961,0,Bayes-M17-dist-short
Lodja,Sankuru,2,FALSE,0.0035,0.0026,0.0044,0.0035,0.1393,142,0.0053,NA,NA,NA,NA,NA,NA,0.4626,0.0051,119,0.2625,0.6351,0,0.9527,0,Bayes-M17-dist-short
Obokote,Maniema,2,FALSE,0.0034,0.0026,0.0043,0.0034,0.1374,143,0.0052,NA,NA,NA,NA,NA,NA,0.3209,0.0035,153,0.7239,0.0328,0,0.527,0,Bayes-M17-dist-short
Kongolo,Tanganyika,2,FALSE,0.0034,0.0026,0.0043,0.0034,0.1368,144,0.0052,NA,NA,NA,NA,NA,NA,0.6829,0.0074,102,0.8861,0.9228,0,0.9228,0,Bayes-M17-dist-short
Likati,Bas-Uele,2,FALSE,0.0033,0.0025,0.0041,0.0033,0.1315,145,0.005,NA,NA,NA,NA,NA,NA,0.7124,0.0074,101,0.9942,0.971,0,0.8842,0,Bayes-M17-dist-short
Boende,Tshuapa,2,FALSE,0.0033,0.0025,0.0041,0.0033,0.1309,146,0.005,NA,NA,NA,NA,NA,NA,0.4199,0.0044,133,0.6988,0.4807,0,0.5,0,Bayes-M17-dist-short
Yamongili,Mongala,2,FALSE,0.0032,0.0024,0.004,0.0032,0.1272,150,0.0048,NA,NA,NA,NA,NA,NA,0.3243,0.0033,158,0.5116,0.3668,0,0.4189,0,Bayes-M17-dist-short
Kamituga,Sud-Kivu,2,FALSE,0.0032,0.0025,0.0041,0.0033,0.1307,147,0.005,NA,NA,NA,NA,NA,NA,0.3596,0.0037,144,0.3938,0.6062,0,0.4382,0,Bayes-M17-dist-short
Kitutu,Sud-Kivu,2,FALSE,0.0032,0.0024,0.004,0.0032,0.1287,149,0.0049,NA,NA,NA,NA,NA,NA,0.5024,0.0051,118,0.751,0.805,0,0.4537,0,Bayes-M17-dist-short
Mulungu,Sud-Kivu,2,FALSE,0.0032,0.0025,0.0041,0.0032,0.1304,148,0.005,NA,NA,NA,NA,NA,NA,0.5208,0.0054,114,0.861,0.5193,0,0.7027,0,Bayes-M17-dist-short
Saramabila,Maniema,2,FALSE,0.0031,0.0024,0.004,0.0032,0.1266,151,0.0048,NA,NA,NA,NA,NA,NA,0.4768,0.0048,122,0.473,0.5502,0,0.8842,0,Bayes-M17-dist-short
Moba,Tanganyika,2,FALSE,0.003,0.0023,0.0038,0.0031,0.1226,152,0.0047,NA,NA,NA,NA,NA,NA,0.3808,0.0037,145,0.6178,0.4942,0,0.4112,0,Bayes-M17-dist-short
Kimbi Lulenge,Sud-Kivu,2,FALSE,0.0028,0.0021,0.0035,0.0028,0.1122,155,0.0043,NA,NA,NA,NA,NA,NA,0.5507,0.0049,121,0.8475,0.8687,0,0.4865,0,Bayes-M17-dist-short
Basali,Tshopo,2,FALSE,0.0028,0.0021,0.0035,0.0028,0.1132,154,0.0043,NA,NA,NA,NA,NA,NA,0.3779,0.0034,155,0.834,0.0251,0,0.6525,0,Bayes-M17-dist-short
Yalimbongo,Tshopo,2,FALSE,0.0028,0.0021,0.0035,0.0028,0.1118,156,0.0043,NA,NA,NA,NA,NA,NA,0.3214,0.0029,166,0.5772,0.0483,0,0.6602,0,Bayes-M17-dist-short
Lingomo,Tshuapa,2,FALSE,0.0028,0.0021,0.0036,0.0028,0.1134,153,0.0043,NA,NA,NA,NA,NA,NA,0.5627,0.0051,120,0.8263,0.5869,0,0.8378,0,Bayes-M17-dist-short
Kalima,Maniema,2,FALSE,0.0027,0.0021,0.0034,0.0027,0.1094,158,0.0042,NA,NA,NA,NA,NA,NA,0.3094,0.0027,173,0.4595,0.3205,0,0.4575,0,Bayes-M17-dist-short
Karawa,Nord-Ubangi,2,FALSE,0.0027,0.0021,0.0034,0.0027,0.1087,159,0.0041,NA,NA,NA,NA,NA,NA,0.6404,0.0055,111,0.7568,0.973,0,0.832,0,Bayes-M17-dist-short
Lomela,Sankuru,2,FALSE,0.0027,0.0021,0.0034,0.0027,0.1086,160,0.0041,NA,NA,NA,NA,NA,NA,0.4759,0.0041,138,0.8456,0.1351,0,0.9228,0,Bayes-M17-dist-short
Kalole,Sud-Kivu,2,FALSE,0.0027,0.0021,0.0034,0.0027,0.1095,157,0.0042,NA,NA,NA,NA,NA,NA,0.6038,0.0053,116,0.89,0.7799,0,0.7452,0,Bayes-M17-dist-short
Yalifafu,Tshuapa,2,FALSE,0.0026,0.002,0.0033,0.0026,0.1036,161,0.0039,NA,NA,NA,NA,NA,NA,0.4797,0.0039,141,0.7664,0.2683,0,0.8842,0,Bayes-M17-dist-short
Bwamanda,Sud-Ubangi,2,FALSE,0.0025,0.0019,0.0031,0.0025,0.0993,163,0.0038,NA,NA,NA,NA,NA,NA,0.4667,0.0037,146,0.4189,0.7394,0,0.7085,0,Bayes-M17-dist-short
Mbulula,Tanganyika,2,FALSE,0.0025,0.0019,0.0032,0.0025,0.101,162,0.0038,NA,NA,NA,NA,NA,NA,0.5934,0.0048,124,0.6448,0.7761,0,0.9527,0,Bayes-M17-dist-short
Kabinda,Lomami,2,FALSE,0.0024,0.0018,0.003,0.0024,0.0968,165,0.0037,NA,NA,NA,NA,NA,NA,0.4382,0.0034,156,0.5097,0.5541,0,0.6892,0,Bayes-M17-dist-short
Haut Plateau,Sud-Kivu,2,FALSE,0.0024,0.0019,0.0031,0.0024,0.0979,164,0.0037,NA,NA,NA,NA,NA,NA,0.5246,0.0041,140,0.5714,0.5444,0,0.9826,0,Bayes-M17-dist-short
Kabalo,Tanganyika,2,FALSE,0.0024,0.0018,0.003,0.0024,0.0962,167,0.0037,NA,NA,NA,NA,NA,NA,0.624,0.0048,123,0.9035,0.7568,0,0.8359,0,Bayes-M17-dist-short
Manono,Tanganyika,2,FALSE,0.0024,0.0018,0.003,0.0024,0.0962,166,0.0037,NA,NA,NA,NA,NA,NA,0.5758,0.0044,132,0.8784,0.9537,0,0.471,0,Bayes-M17-dist-short
Bokungu,Tshuapa,2,FALSE,0.0023,0.0017,0.0029,0.0023,0.0922,168,0.0035,NA,NA,NA,NA,NA,NA,0.49370000000000003,0.0036,150,0.695,0.3571,0,0.9228,0,Bayes-M17-dist-short
Kampene,Maniema,2,FALSE,0.0022,0.0017,0.0028,0.0022,0.0888,171,0.0034,NA,NA,NA,NA,NA,NA,0.3962,0.0028,168,0.5251,0.1757,0,0.8842,0,Bayes-M17-dist-short
Lulingu,Sud-Kivu,2,FALSE,0.0022,0.0017,0.0028,0.0022,0.0903,169,0.0034,NA,NA,NA,NA,NA,NA,0.6158,0.0044,131,0.9093,0.8108,0,0.7432,0,Bayes-M17-dist-short
Tandala,Sud-Ubangi,2,FALSE,0.0022,0.0017,0.0028,0.0022,0.0882,172,0.0034,NA,NA,NA,NA,NA,NA,0.4078,0.0029,165,0.2741,0.527,0,0.8301,0,Bayes-M17-dist-short
Nyunzu,Tanganyika,2,FALSE,0.0022,0.0017,0.0028,0.0022,0.0892,170,0.0034,NA,NA,NA,NA,NA,NA,0.6023,0.0043,137,0.9653,0.834,0,0.61,0,Bayes-M17-dist-short
Bonzola,Kasaï-Oriental,2,FALSE,0.0021,0.0016,0.0027,0.0021,0.0859,173,0.0033,NA,NA,NA,NA,NA,NA,0.2958,0.002,201,0.0927,0.7934,0,0.2973,0,Bayes-M17-dist-short
Pimu,Mongala,2,FALSE,0.002,0.0015,0.0025,0.002,0.0796,174,0.003,NA,NA,NA,NA,NA,NA,0.4257,0.0027,172,0.583,0.3707,0,0.749,0,Bayes-M17-dist-short
Monga,Bas-Uele,2,FALSE,0.0019,0.0015,0.0024,0.0019,0.0767,177,0.0029,NA,NA,NA,NA,NA,NA,0.7336,0.0045,129,0.9826,0.9672,0,0.9846,0,Bayes-M17-dist-short
Kabongo,Haut-Lomami,2,FALSE,0.0019,0.0014,0.0024,0.0019,0.0754,180,0.0029,NA,NA,NA,NA,NA,NA,0.5372,0.0032,159,0.8108,0.778,0,0.5598,0,Bayes-M17-dist-short
Kananga,Kasaï-Central,2,FALSE,0.0019,0.0014,0.0024,0.0019,0.0757,179,0.0029,NA,NA,NA,NA,NA,NA,0.2963,0.0018,212,0.1429,0.5579,0,0.4846,0,Bayes-M17-dist-short
Binga,Mongala,2,FALSE,0.0019,0.0015,0.0024,0.0019,0.078,175,0.003,NA,NA,NA,NA,NA,NA,0.3306,0.002,198,0.4749,0.249,0,0.5985,0,Bayes-M17-dist-short
Bosondjo,Mongala,2,FALSE,0.0019,0.0015,0.0024,0.0019,0.0767,178,0.0029,NA,NA,NA,NA,NA,NA,0.3489,0.0021,194,0.5618,0.1931,0,0.6409,0,Bayes-M17-dist-short
Libenge,Sud-Ubangi,2,FALSE,0.0019,0.0014,0.0024,0.0019,0.0754,181,0.0029,NA,NA,NA,NA,NA,NA,0.3818,0.0023,187,0.6293,0.3591,0,0.5386,0,Bayes-M17-dist-short
Lowa,Tshopo,2,FALSE,0.0019,0.0015,0.0024,0.0019,0.0779,176,0.003,NA,NA,NA,NA,NA,NA,0.4073,0.0025,180,0.8938,0.0598,0,0.6757,0,Bayes-M17-dist-short
Malemba Nkulu,Haut-Lomami,2,FALSE,0.0018,0.0014,0.0023,0.0018,0.0735,184,0.0028,NA,NA,NA,NA,NA,NA,0.3895,0.0023,188,0.36870000000000003,0.7664,0,0.4228,0,Bayes-M17-dist-short
Kailo,Maniema,2,FALSE,0.0018,0.0014,0.0023,0.0019,0.0743,182,0.0028,NA,NA,NA,NA,NA,NA,0.4276,0.0025,178,0.832,0.0946,0,0.7838,0,Bayes-M17-dist-short
Ferekeni,Maniema,2,FALSE,0.0018,0.0014,0.0022,0.0018,0.0716,186,0.0027,NA,NA,NA,NA,NA,NA,0.3504,0.002,203,0.7722,0.0425,0,0.5869,0,Bayes-M17-dist-short
Abuzi,Nord-Ubangi,2,FALSE,0.0018,0.0014,0.0023,0.0018,0.072,185,0.0027,NA,NA,NA,NA,NA,NA,0.7153,0.0041,139,0.9846,0.9054,0,0.971,0,Bayes-M17-dist-short
Gbadolite,Nord-Ubangi,2,FALSE,0.0018,0.0013,0.0022,0.0018,0.0704,187,0.0027,NA,NA,NA,NA,NA,NA,0.5183,0.0029,164,0.7915,0.9653,0,0.3166,0,Bayes-M17-dist-short
Minembwe,Sud-Kivu,2,FALSE,0.0018,0.0014,0.0023,0.0018,0.074,183,0.0028,NA,NA,NA,NA,NA,NA,0.5198,0.0031,161,0.7181,0.8089,0,0.5521,0,Bayes-M17-dist-short
Kasansa,Kasaï-Oriental,2,FALSE,0.0017,0.0013,0.0021,0.0017,0.0675,192,0.0026,NA,NA,NA,NA,NA,NA,0.3349,0.0018,210,0.2568,0.6699,0,0.4131,0,Bayes-M17-dist-short
Lusangi,Maniema,2,FALSE,0.0017,0.0013,0.0022,0.0017,0.0694,188,0.0026,NA,NA,NA,NA,NA,NA,0.4223,0.0023,186,0.5656,0.2645,0,0.8591,0,Bayes-M17-dist-short
Mobayi Mbongo,Nord-Ubangi,2,FALSE,0.0017,0.0013,0.0022,0.0017,0.0687,190,0.0026,NA,NA,NA,NA,NA,NA,0.5458,0.003,162,0.9324,0.8166,0,0.4344,0,Bayes-M17-dist-short
Wapinda,Nord-Ubangi,2,FALSE,0.0017,0.0013,0.0021,0.0017,0.0679,191,0.0026,NA,NA,NA,NA,NA,NA,0.6791,0.0037,148,0.9015,0.8398,0,0.9749,0,Bayes-M17-dist-short
Bogosenubea,Sud-Ubangi,2,FALSE,0.0017,0.0013,0.0022,0.0017,0.0694,189,0.0026,NA,NA,NA,NA,NA,NA,0.4107,0.0023,191,0.4981,0.3031,0,0.8417,0,Bayes-M17-dist-short
Boso Manzi,Mongala,2,FALSE,0.0016,0.0012,0.002,0.0016,0.0651,194,0.0025,NA,NA,NA,NA,NA,NA,0.3982,0.0021,197,0.5695,0.2278,0,0.7954,0,Bayes-M17-dist-short
Bosobolo,Nord-Ubangi,2,FALSE,0.0016,0.0012,0.0021,0.0016,0.0659,193,0.0025,NA,NA,NA,NA,NA,NA,0.7148,0.0037,143,0.9363,0.9459,0,0.9768,0,Bayes-M17-dist-short
Katako Kombe,Sankuru,2,FALSE,0.0016,0.0012,0.002,0.0016,0.065,195,0.0025,NA,NA,NA,NA,NA,NA,0.4703,0.0024,183,0.7857,0.1313,0,0.9643,0,Bayes-M17-dist-short
Basankusu,Equateur,2,FALSE,0.0015,0.0012,0.0019,0.0015,0.0616,200,0.0023,NA,NA,NA,NA,NA,NA,0.6844,0.0034,157,0.9517,0.8629,0,0.9228,0,Bayes-M17-dist-short
Kitenge,Haut-Lomami,2,FALSE,0.0015,0.0012,0.0019,0.0015,0.0616,199,0.0024,NA,NA,NA,NA,NA,NA,0.5729,0.0028,167,0.8668,0.8069,0,0.6178,0,Bayes-M17-dist-short
Nzaba,Kasaï-Oriental,2,FALSE,0.0015,0.0012,0.0019,0.0015,0.0617,197,0.0024,NA,NA,NA,NA,NA,NA,0.278,0.0014,244,0.1042,0.6931,0,0.3147,0,Bayes-M17-dist-short
Idiofa,Kwilu,2,FALSE,0.0015,0.0012,0.0019,0.0015,0.0621,196,0.0024,NA,NA,NA,NA,NA,NA,0.486,0.0024,184,0.4537,0.749,0,0.7413,0,Bayes-M17-dist-short
Samba,Maniema,2,FALSE,0.0015,0.0011,0.0019,0.0015,0.0602,203,0.0023,NA,NA,NA,NA,NA,NA,0.5179,0.0025,182,0.7529,0.4344,0,0.8842,0,Bayes-M17-dist-short
Bili (Nord-Ubangi),Nord-Ubangi,2,FALSE,0.0015,0.0012,0.0019,0.0015,0.0617,198,0.0024,NA,NA,NA,NA,NA,NA,0.7075,0.0035,154,0.9247,0.9189,0,0.9865,0,Bayes-M17-dist-short
Vanga Kete,Sankuru,2,FALSE,0.0015,0.0011,0.0019,0.0015,0.0598,204,0.0023,NA,NA,NA,NA,NA,NA,0.4503,0.0021,193,0.4672,0.4112,0,0.9228,0,Bayes-M17-dist-short
Dikungu,Sankuru,2,FALSE,0.0015,0.0011,0.0018,0.0015,0.0587,208,0.0022,NA,NA,NA,NA,NA,NA,0.3779,0.0018,214,0.4865,0.1409,0,0.8842,0,Bayes-M17-dist-short
Budjala,Sud-Ubangi,2,FALSE,0.0015,0.0011,0.0019,0.0015,0.0595,205,0.0023,NA,NA,NA,NA,NA,NA,0.43,0.002,199,0.5154,0.4035,0,0.8012,0,Bayes-M17-dist-short
Kungu,Sud-Ubangi,2,FALSE,0.0015,0.0011,0.0019,0.0015,0.0594,206,0.0023,NA,NA,NA,NA,NA,NA,0.3711,0.0018,215,0.3745,0.3359,0,0.7741,0,Bayes-M17-dist-short
Ndage,Sud-Ubangi,2,FALSE,0.0015,0.0012,0.0019,0.0015,0.0608,202,0.0023,NA,NA,NA,NA,NA,NA,0.3533,0.0017,217,0.3996,0.2761,0,0.7375,0,Bayes-M17-dist-short
Mompono,Tshuapa,2,FALSE,0.0015,0.0012,0.0019,0.0015,0.061,201,0.0023,NA,NA,NA,NA,NA,NA,0.5598,0.0027,171,0.8089,0.6042,0,0.8263,0,Bayes-M17-dist-short
Kansimba,Tanganyika,2,FALSE,0.0015,0.0011,0.0019,0.0015,0.0591,207,0.0023,NA,NA,NA,NA,NA,NA,0.5497,0.0026,176,0.9479,0.7741,0,0.4768,0,Bayes-M17-dist-short
Bolomba,Equateur,2,FALSE,0.0014,0.0011,0.0018,0.0014,0.0565,215,0.0022,NA,NA,NA,NA,NA,NA,0.6163,0.0028,169,0.9575,0.8533,0,0.6544,0,Bayes-M17-dist-short
Kamina,Haut-Lomami,2,FALSE,0.0014,0.001,0.0017,0.0014,0.0554,219,0.0021,NA,NA,NA,NA,NA,NA,0.5164,0.0023,189,0.8301,0.8301,0,0.4054,0,Bayes-M17-dist-short
Tshikapa,Kasaï,2,FALSE,0.0014,0.001,0.0017,0.0014,0.0546,221,0.0021,NA,NA,NA,NA,NA,NA,0.3156,0.0014,242,0.2722,0.6506,0,0.3398,0,Bayes-M17-dist-short
Tshilenge,Kasaï-Oriental,2,FALSE,0.0014,0.0011,0.0018,0.0014,0.0572,213,0.0022,NA,NA,NA,NA,NA,NA,0.2799,0.0013,253,0.1892,0.668,0,0.2625,0,Bayes-M17-dist-short
Mulumba,Lomami,2,FALSE,0.0014,0.0011,0.0018,0.0014,0.0575,211,0.0022,NA,NA,NA,NA,NA,NA,0.2587,0.0012,265,0.1834,0.3108,0,0.5405,0,Bayes-M17-dist-short
Luputa,Lomami,2,FALSE,0.0014,0.0011,0.0018,0.0014,0.058,209,0.0022,NA,NA,NA,NA,NA,NA,0.3431,0.0016,230,0.3301,0.3166,0,0.7259,0,Bayes-M17-dist-short
Mweneditu,Lomami,2,FALSE,0.0014,0.0011,0.0018,0.0014,0.0564,216,0.0022,NA,NA,NA,NA,NA,NA,0.2799,0.0013,255,0.166,0.3842,0,0.5695,0,Bayes-M17-dist-short
Fungurume,Lualaba,2,FALSE,0.0014,0.001,0.0017,0.0014,0.0546,222,0.0021,NA,NA,NA,NA,NA,NA,0.1564,7e-4,347,0.2664,0.1622,0,0.1969,0,Bayes-M17-dist-short
Wasolo,Nord-Ubangi,2,FALSE,0.0014,0.0011,0.0018,0.0014,0.0573,212,0.0022,NA,NA,NA,NA,NA,NA,0.5709,0.0026,175,0.5541,0.7413,0,0.9884,0,Bayes-M17-dist-short
Omendjadi,Sankuru,2,FALSE,0.0014,0.0011,0.0018,0.0014,0.0571,214,0.0022,NA,NA,NA,NA,NA,NA,0.4262,0.0019,205,0.5502,0.2317,0,0.9228,0,Bayes-M17-dist-short
Ototo,Sankuru,2,FALSE,0.0014,0.001,0.0017,0.0014,0.0547,220,0.0021,NA,NA,NA,NA,NA,NA,0.4561,0.002,204,0.5386,0.3629,0,0.9228,0,Bayes-M17-dist-short
Bokonzi,Sud-Ubangi,2,FALSE,0.0014,0.0011,0.0018,0.0014,0.0563,217,0.0021,NA,NA,NA,NA,NA,NA,0.236,0.0011,278,0.4305,0.083,0,0.4305,0,Bayes-M17-dist-short
Boto,Sud-Ubangi,2,FALSE,0.0014,0.0011,0.0018,0.0014,0.0578,210,0.0022,NA,NA,NA,NA,NA,NA,0.3596,0.0017,219,0.3282,0.5174,0,0.5927,0,Bayes-M17-dist-short
Befale,Tshuapa,2,FALSE,0.0014,0.0011,0.0017,0.0014,0.0555,218,0.0021,NA,NA,NA,NA,NA,NA,0.5145,0.0023,190,0.8822,0.4903,0,0.6853,0,Bayes-M17-dist-short
Kamwesha,Kasaï,2,FALSE,0.0013,0.001,0.0017,0.0013,0.0535,224,0.002,NA,NA,NA,NA,NA,NA,0.2732,0.0012,269,0.3456,0.2876,0,0.4595,0,Bayes-M17-dist-short
Demba,Kasaï-Central,2,FALSE,0.0013,0.001,0.0016,0.0013,0.0503,229,0.0019,NA,NA,NA,NA,NA,NA,0.4117,0.0016,221,0.4653,0.7143,0,0.4672,0,Bayes-M17-dist-short
Kabeya Kamwanga,Kasaï-Oriental,2,FALSE,0.0013,0.001,0.0016,0.0013,0.0518,225,0.002,NA,NA,NA,NA,NA,NA,0.2968,0.0012,258,0.3224,0.3919,0,0.473,0,Bayes-M17-dist-short
Lubao,Lomami,2,FALSE,0.0013,0.001,0.0016,0.0013,0.051,227,0.0019,NA,NA,NA,NA,NA,NA,0.3982,0.0016,224,0.6486,0.1525,0,0.7915,0,Bayes-M17-dist-short
Businga,Nord-Ubangi,2,FALSE,0.0013,0.001,0.0016,0.0013,0.0509,228,0.0019,NA,NA,NA,NA,NA,NA,0.6781,0.0027,170,0.9286,0.861,0,0.9228,0,Bayes-M17-dist-short
Loko,Nord-Ubangi,2,FALSE,0.0013,0.001,0.0016,0.0013,0.0513,226,0.002,NA,NA,NA,NA,NA,NA,0.6535,0.0027,174,0.9402,0.9266,0,0.7471,0,Bayes-M17-dist-short
Bulu,Sud-Ubangi,2,FALSE,0.0013,0.001,0.0017,0.0013,0.0537,223,0.002,NA,NA,NA,NA,NA,NA,0.3147,0.0013,246,0.3649,0.1988,0,0.695,0,Bayes-M17-dist-short
Kilwa,Haut-Katanga,2,FALSE,0.0012,9e-4,0.0015,0.0012,0.0478,235,0.0018,NA,NA,NA,NA,NA,NA,0.3764,0.0014,238,0.749,0.39,0,0.3668,0,Bayes-M17-dist-short
Mulongo,Haut-Lomami,2,FALSE,0.0012,9e-4,0.0015,0.0012,0.0482,234,0.0018,NA,NA,NA,NA,NA,NA,0.4773,0.0018,208,0.7471,0.7703,0,0.3919,0,Bayes-M17-dist-short
Lusanga,Kwilu,2,FALSE,0.0012,9e-4,0.0015,0.0012,0.0486,231,0.0019,NA,NA,NA,NA,NA,NA,0.4242,0.0016,222,0.4382,0.7297,0,0.529,0,Bayes-M17-dist-short
Alunguli,Maniema,2,FALSE,0.0012,9e-4,0.0015,0.0012,0.0484,233,0.0018,NA,NA,NA,NA,NA,NA,0.3132,0.0012,263,0.1737,0.195,0,0.8842,0,Bayes-M17-dist-short
Itombwe,Sud-Kivu,2,FALSE,0.0012,9e-4,0.0015,0.0012,0.049,230,0.0019,NA,NA,NA,NA,NA,NA,0.5121,0.002,202,0.8571,0.6737,0,0.5174,0,Bayes-M17-dist-short
Ankoro,Tanganyika,2,FALSE,0.0012,9e-4,0.0015,0.0012,0.0486,232,0.0019,NA,NA,NA,NA,NA,NA,0.6047,0.0023,185,0.9266,0.8282,0,0.6641,0,Bayes-M17-dist-short
Mukanga,Haut-Lomami,2,FALSE,0.0011,8e-4,0.0013,0.0011,0.0423,250,0.0016,NA,NA,NA,NA,NA,NA,0.4739,0.0016,227,0.6853,0.6911,0,0.5193,0,Bayes-M17-dist-short
Kaniama,Haut-Lomami,2,FALSE,0.0011,9e-4,0.0014,0.0011,0.0449,245,0.0017,NA,NA,NA,NA,NA,NA,0.582,0.0021,196,0.8533,0.6622,0,0.8127,0,Bayes-M17-dist-short
Luebo,Kasaï,2,FALSE,0.0011,8e-4,0.0013,0.0011,0.0423,251,0.0016,NA,NA,NA,NA,NA,NA,0.4353,0.0015,235,0.5232,0.5116,0,0.7066,0,Bayes-M17-dist-short
Mweka,Kasaï,2,FALSE,0.0011,9e-4,0.0014,0.0011,0.0451,243,0.0017,NA,NA,NA,NA,NA,NA,0.5053,0.0018,209,0.4788,0.7239,0,0.8185,0,Bayes-M17-dist-short
Bena Leka,Kasaï-Central,2,FALSE,0.0011,9e-4,0.0014,0.0011,0.0451,242,0.0017,NA,NA,NA,NA,NA,NA,0.4986,0.0018,211,0.6062,0.7162,0,0.6718,0,Bayes-M17-dist-short
Mikalayi,Kasaï-Central,2,FALSE,0.0011,9e-4,0.0014,0.0011,0.045,244,0.0017,NA,NA,NA,NA,NA,NA,0.3948,0.0014,239,0.4517,0.5811,0,0.5463,0,Bayes-M17-dist-short
Luiza,Kasaï-Central,2,FALSE,0.0011,9e-4,0.0014,0.0011,0.0457,239,0.0017,NA,NA,NA,NA,NA,NA,0.4218,0.0015,233,0.4807,0.6293,0,0.5772,0,Bayes-M17-dist-short
Masuika,Kasaï-Central,2,FALSE,0.0011,8e-4,0.0014,0.0011,0.0438,247,0.0017,NA,NA,NA,NA,NA,NA,0.3885,0.0014,245,0.3263,0.5618,0,0.666,0,Bayes-M17-dist-short
Vanga,Kwilu,2,FALSE,0.0011,9e-4,0.0014,0.0011,0.0461,237,0.0018,NA,NA,NA,NA,NA,NA,0.5034,0.0018,207,0.3726,0.8205,0,0.8205,0,Bayes-M17-dist-short
Bulungu,Kwilu,2,FALSE,0.0011,9e-4,0.0014,0.0011,0.046,238,0.0018,NA,NA,NA,NA,NA,NA,0.4508,0.0016,220,0.3571,0.6795,0,0.7664,0,Bayes-M17-dist-short
Ngandajika,Lomami,2,FALSE,0.0011,8e-4,0.0013,0.0011,0.0425,249,0.0016,NA,NA,NA,NA,NA,NA,0.3465,0.0012,267,0.2124,0.4459,0,0.7278,0,Bayes-M17-dist-short
Tshofa,Lomami,2,FALSE,0.0011,8e-4,0.0014,0.0011,0.0436,248,0.0017,NA,NA,NA,NA,NA,NA,0.4416,0.0015,234,0.6757,0.3514,0,0.7394,0,Bayes-M17-dist-short
Inongo,Mai-Ndombe,2,FALSE,0.0011,9e-4,0.0014,0.0011,0.0452,241,0.0017,NA,NA,NA,NA,NA,NA,0.4952,0.0018,213,0.7645,0.2934,0,0.9228,0,Bayes-M17-dist-short
Kabambare,Maniema,2,FALSE,0.0011,9e-4,0.0014,0.0011,0.0461,236,0.0018,NA,NA,NA,NA,NA,NA,0.3953,0.0014,236,0.8359,0.112,0,0.6332,0,Bayes-M17-dist-short
Kibombo,Maniema,2,FALSE,0.0011,8e-4,0.0013,0.0011,0.0423,253,0.0016,NA,NA,NA,NA,NA,NA,0.4614,0.0016,231,0.7452,0.1776,0,0.9228,0,Bayes-M17-dist-short
Boso Mondanda,Mongala,2,FALSE,0.0011,8e-4,0.0014,0.0011,0.0439,246,0.0017,NA,NA,NA,NA,NA,NA,0.3716,0.0013,252,0.5869,0.1486,0,0.751,0,Bayes-M17-dist-short
Kole,Sankuru,2,FALSE,0.0011,8e-4,0.0013,0.0011,0.0423,252,0.0016,NA,NA,NA,NA,NA,NA,0.4802,0.0016,225,0.7761,0.2606,0,0.8842,0,Bayes-M17-dist-short
Monkoto,Tshuapa,2,FALSE,0.0011,9e-4,0.0014,0.0011,0.0454,240,0.0017,NA,NA,NA,NA,NA,NA,0.5598,0.002,200,0.9498,0.4054,0,0.8842,0,Bayes-M17-dist-short
Wangata,Equateur,2,FALSE,0.001,7e-4,0.0012,0.001,0.0396,260,0.0015,NA,NA,NA,NA,NA,NA,0.417,0.0013,249,0.2336,0.9865,0,0.4479,0,Bayes-M17-dist-short
Kampemba,Haut-Katanga,2,FALSE,0.001,8e-4,0.0013,0.001,0.0409,258,0.0016,NA,NA,NA,NA,NA,NA,0.0531,2e-4,448,0.0598,0.0367,0,0.1158,0,Bayes-M17-dist-short
Cilundu,Kasaï-Oriental,2,FALSE,0.001,8e-4,0.0013,0.001,0.0415,257,0.0016,NA,NA,NA,NA,NA,NA,0.221,7e-4,336,0.2317,0.3089,0,0.3436,0,Bayes-M17-dist-short
Diulu,Kasaï-Oriental,2,FALSE,0.001,8e-4,0.0012,0.001,0.0398,259,0.0015,NA,NA,NA,NA,NA,NA,0.2611,8e-4,312,0.0676,0.6448,0,0.332,0,Bayes-M17-dist-short
Lukelenge,Kasaï-Oriental,2,FALSE,0.001,8e-4,0.0013,0.001,0.0417,255,0.0016,NA,NA,NA,NA,NA,NA,0.2249,7e-4,329,0.0811,0.5,0,0.3185,0,Bayes-M17-dist-short
Kenge,Kwango,2,FALSE,0.001,8e-4,0.0013,0.001,0.0416,256,0.0016,NA,NA,NA,NA,NA,NA,0.5574,0.0018,206,0.6139,0.8127,0,0.8031,0,Bayes-M17-dist-short
Kikwit Nord,Kwilu,2,FALSE,0.001,7e-4,0.0012,0.001,0.0392,261,0.0015,NA,NA,NA,NA,NA,NA,0.2915,9e-4,295,0.1236,0.5405,0,0.5019,0,Bayes-M17-dist-short
Minga,Sankuru,2,FALSE,0.001,7e-4,0.0012,0.001,0.0382,263,0.0015,NA,NA,NA,NA,NA,NA,0.5347,0.0016,223,0.7838,0.471,0,0.8842,0,Bayes-M17-dist-short
Tshumbe,Sankuru,2,FALSE,0.001,7e-4,0.0012,0.001,0.0383,262,0.0015,NA,NA,NA,NA,NA,NA,0.3907,0.0012,264,0.5444,0.1718,0,0.8465,0,Bayes-M17-dist-short
Bangabola,Sud-Ubangi,2,FALSE,0.001,8e-4,0.0013,0.001,0.042,254,0.0016,NA,NA,NA,NA,NA,NA,0.3904,0.0013,250,0.3533,0.3494,0,0.8591,0,Bayes-M17-dist-short
Ingende,Equateur,2,FALSE,9e-4,7e-4,0.0011,9e-4,0.0362,273,0.0014,NA,NA,NA,NA,NA,NA,0.596,0.0017,216,0.9208,0.8571,0,0.6062,0,Bayes-M17-dist-short
Pweto,Haut-Katanga,2,FALSE,9e-4,7e-4,0.0011,9e-4,0.0346,284,0.0013,NA,NA,NA,NA,NA,NA,0.3518,0.001,286,0.7992,0.2587,0,0.3494,0,Bayes-M17-dist-short
Ruashi,Haut-Katanga,2,FALSE,9e-4,7e-4,0.0011,9e-4,0.0364,270,0.0014,NA,NA,NA,NA,NA,NA,0.0705,2e-4,442,0.0985,0.0637,0,0.1197,0,Bayes-M17-dist-short
Dekese,Kasaï,2,FALSE,9e-4,7e-4,0.0011,9e-4,0.0363,271,0.0014,NA,NA,NA,NA,NA,NA,0.4633,0.0013,248,0.9189,0.2181,0,0.7162,0,Bayes-M17-dist-short
Kalonda Ouest,Kasaï,2,FALSE,9e-4,7e-4,0.0011,9e-4,0.036,275,0.0014,NA,NA,NA,NA,NA,NA,0.2239,6e-4,352,0.2915,0.251,0,0.3533,0,Bayes-M17-dist-short
Bibanga,Kasaï-Oriental,2,FALSE,9e-4,7e-4,0.0012,9e-4,0.0374,265,0.0014,NA,NA,NA,NA,NA,NA,0.2978,9e-4,301,0.3127,0.4884,0,0.39,0,Bayes-M17-dist-short
Citenge,Kasaï-Oriental,2,FALSE,9e-4,7e-4,0.0011,9e-4,0.0358,276,0.0014,NA,NA,NA,NA,NA,NA,0.2321,7e-4,349,0.1583,0.4749,0,0.2954,0,Bayes-M17-dist-short
Gungu,Kwilu,2,FALSE,9e-4,7e-4,0.0011,9e-4,0.0366,269,0.0014,NA,NA,NA,NA,NA,NA,0.4237,0.0012,257,0.5058,0.6969,0,0.4923,0,Bayes-M17-dist-short
Ipamu,Kwilu,2,FALSE,9e-4,7e-4,0.0012,9e-4,0.0367,268,0.0014,NA,NA,NA,NA,NA,NA,0.5454,0.0016,228,0.4903,0.7683,0,0.9228,0,Bayes-M17-dist-short
Koshibanda,Kwilu,2,FALSE,9e-4,7e-4,0.0011,9e-4,0.0353,281,0.0013,NA,NA,NA,NA,NA,NA,0.4913,0.0014,240,0.5193,0.6757,0,0.7703,0,Bayes-M17-dist-short
Mukedi,Kwilu,2,FALSE,9e-4,7e-4,0.0011,9e-4,0.0356,279,0.0014,NA,NA,NA,NA,NA,NA,0.4836,0.0014,243,0.5367,0.7066,0,0.6911,0,Bayes-M17-dist-short
Kamana,Lomami,2,FALSE,9e-4,7e-4,0.0012,9e-4,0.0373,266,0.0014,NA,NA,NA,NA,NA,NA,0.2944,9e-4,304,0.5309,0.0174,0,0.6293,0,Bayes-M17-dist-short
Kalenda,Lomami,2,FALSE,9e-4,7e-4,0.0011,9e-4,0.036,274,0.0014,NA,NA,NA,NA,NA,NA,0.2886,8e-4,311,0.388,0.1873,0,0.5792,0,Bayes-M17-dist-short
Kanda Kanda,Lomami,2,FALSE,9e-4,7e-4,0.0011,9e-4,0.0357,278,0.0014,NA,NA,NA,NA,NA,NA,0.3012,9e-4,307,0.3185,0.1737,0,0.7124,0,Bayes-M17-dist-short
Dilala,Lualaba,2,FALSE,9e-4,7e-4,0.0011,9e-4,0.0357,277,0.0014,NA,NA,NA,NA,NA,NA,0.1347,4e-4,403,0.1506,0.2548,0,0.1332,0,Bayes-M17-dist-short
Pangi,Maniema,2,FALSE,9e-4,7e-4,0.0011,9e-4,0.0363,272,0.0014,NA,NA,NA,NA,NA,NA,0.3316,0.001,287,0.6081,0.056,0,0.6622,0,Bayes-M17-dist-short
Bena Dibele,Sankuru,2,FALSE,9e-4,7e-4,0.0011,9e-4,0.0353,280,0.0013,NA,NA,NA,NA,NA,NA,0.4093,0.0012,270,0.6216,0.1564,0,0.8591,0,Bayes-M17-dist-short
Bominenge,Sud-Ubangi,2,FALSE,9e-4,7e-4,0.0011,9e-4,0.035,283,0.0013,NA,NA,NA,NA,NA,NA,0.3258,9e-4,297,0.2819,0.0985,0,0.9228,0,Bayes-M17-dist-short
Mawuya,Sud-Ubangi,2,FALSE,9e-4,7e-4,0.0012,9e-4,0.0373,267,0.0014,NA,NA,NA,NA,NA,NA,0.2654,8e-4,321,0.444,0.2394,0,0.3784,0,Bayes-M17-dist-short
Busanga,Tshuapa,2,FALSE,9e-4,7e-4,0.0012,9e-4,0.0378,264,0.0014,NA,NA,NA,NA,NA,NA,0.4452,0.0013,247,0.6602,0.168,0,0.9527,0,Bayes-M17-dist-short
Kiambi,Tanganyika,2,FALSE,9e-4,7e-4,0.0011,9e-4,0.0351,282,0.0013,NA,NA,NA,NA,NA,NA,0.5709,0.0016,226,0.9807,0.6834,0,0.6197,0,Bayes-M17-dist-short
Bikoro,Equateur,2,FALSE,8e-4,6e-4,0.001,8e-4,0.0325,293,0.0012,NA,NA,NA,NA,NA,NA,0.5951,0.0015,232,0.8127,0.8147,0,0.7529,0,Bayes-M17-dist-short
Kambove,Haut-Katanga,2,FALSE,8e-4,6e-4,0.001,8e-4,0.0334,289,0.0013,NA,NA,NA,NA,NA,NA,0.306,8e-4,317,0.4247,0.6236,0,0.1757,0,Bayes-M17-dist-short
Kapolowe,Haut-Katanga,2,FALSE,8e-4,6e-4,0.0011,8e-4,0.0338,285,0.0013,NA,NA,NA,NA,NA,NA,0.3026,8e-4,316,0.5579,0.444,0,0.2085,0,Bayes-M17-dist-short
Kisanga,Haut-Katanga,2,FALSE,8e-4,6e-4,0.001,8e-4,0.0329,291,0.0013,NA,NA,NA,NA,NA,NA,0.1081,3e-4,424,0.1293,0.2008,0,0.1023,0,Bayes-M17-dist-short
Sakania,Haut-Katanga,2,FALSE,8e-4,6e-4,0.0011,8e-4,0.0335,288,0.0013,NA,NA,NA,NA,NA,NA,0.2775,7e-4,331,0.7375,0.2355,0,0.1371,0,Bayes-M17-dist-short
Bukama,Haut-Lomami,2,FALSE,8e-4,6e-4,0.001,8e-4,0.033,290,0.0013,NA,NA,NA,NA,NA,NA,0.4764,0.0013,256,0.7143,0.7625,0,0.4286,0,Bayes-M17-dist-short
Kanzala,Kasaï,2,FALSE,8e-4,6e-4,9e-4,8e-4,0.0302,307,0.0012,NA,NA,NA,NA,NA,NA,0.2046,5e-4,379,0.168,0.3127,0,0.3378,0,Bayes-M17-dist-short
Muetshi,Kasaï-Central,2,FALSE,8e-4,6e-4,0.001,8e-4,0.0308,300,0.0012,NA,NA,NA,NA,NA,NA,0.4792,0.0012,266,0.6158,0.5386,0,0.7625,0,Bayes-M17-dist-short
Tshikaji,Kasaï-Central,2,FALSE,8e-4,6e-4,0.001,8e-4,0.0306,304,0.0012,NA,NA,NA,NA,NA,NA,0.3195,8e-4,324,0.1873,0.5849,0,0.5058,0,Bayes-M17-dist-short
Luambo,Kasaï-Central,2,FALSE,8e-4,6e-4,0.001,8e-4,0.0318,295,0.0012,NA,NA,NA,NA,NA,NA,0.3769,0.001,288,0.5347,0.5656,0,0.4073,0,Bayes-M17-dist-short
Miabi,Kasaï-Oriental,2,FALSE,8e-4,6e-4,0.001,8e-4,0.0327,292,0.0012,NA,NA,NA,NA,NA,NA,0.2838,7e-4,334,0.2297,0.6525,0,0.2529,0,Bayes-M17-dist-short
Matadi,Kongo-Central,2,FALSE,8e-4,6e-4,0.001,8e-4,0.0308,301,0.0012,NA,NA,NA,NA,NA,NA,0.2939,7e-4,338,0.1564,0.944,0,0.0753,0,Bayes-M17-dist-short
Djuma,Kwilu,2,FALSE,8e-4,6e-4,0.001,8e-4,0.0303,306,0.0012,NA,NA,NA,NA,NA,NA,0.5256,0.0013,254,0.4826,0.7355,0,0.8842,0,Bayes-M17-dist-short
Kikwit Sud,Kwilu,2,FALSE,8e-4,6e-4,0.001,8e-4,0.0306,305,0.0012,NA,NA,NA,NA,NA,NA,0.3282,8e-4,320,0.1313,0.7008,0,0.4807,0,Bayes-M17-dist-short
Yasa Bonga,Kwilu,2,FALSE,8e-4,6e-4,0.001,8e-4,0.0322,294,0.0012,NA,NA,NA,NA,NA,NA,0.4206,0.0011,275,0.3031,0.5328,0,0.8465,0,Bayes-M17-dist-short
Kalambayi Kabanga,Lomami,2,FALSE,8e-4,6e-4,0.0011,8e-4,0.0337,287,0.0013,NA,NA,NA,NA,NA,NA,0.3132,8e-4,310,0.4556,0.1602,0,0.6371,0,Bayes-M17-dist-short
Kalonda Est,Lomami,2,FALSE,8e-4,6e-4,0.001,8e-4,0.0306,303,0.0012,NA,NA,NA,NA,NA,NA,0.3292,8e-4,318,0.5425,0.1506,0,0.6236,0,Bayes-M17-dist-short
Ludimbi Lukula,Lomami,2,FALSE,8e-4,6e-4,0.0011,8e-4,0.0338,286,0.0013,NA,NA,NA,NA,NA,NA,0.4513,0.0012,262,0.6931,0.3475,0,0.7645,0,Bayes-M17-dist-short
Oshwe,Mai-Ndombe,2,FALSE,8e-4,6e-4,0.001,8e-4,0.0315,298,0.0012,NA,NA,NA,NA,NA,NA,0.4855,0.0012,261,0.8764,0.3301,0,0.7355,0,Bayes-M17-dist-short
Bongandanga,Mongala,2,FALSE,8e-4,6e-4,0.001,8e-4,0.0313,299,0.0012,NA,NA,NA,NA,NA,NA,0.4228,0.0011,280,0.7587,0.0097,0,0.9228,0,Bayes-M17-dist-short
Lusambo,Sankuru,2,FALSE,8e-4,6e-4,0.001,8e-4,0.0318,296,0.0012,NA,NA,NA,NA,NA,NA,0.4833,0.0012,259,0.6815,0.2992,0,0.9527,0,Bayes-M17-dist-short
Wembo Nyama,Sankuru,2,FALSE,8e-4,6e-4,0.001,8e-4,0.0316,297,0.0012,NA,NA,NA,NA,NA,NA,0.4097,0.001,283,0.5019,0.2143,0,0.9228,0,Bayes-M17-dist-short
Wema,Tshuapa,2,FALSE,8e-4,6e-4,0.001,8e-4,0.0307,302,0.0012,NA,NA,NA,NA,NA,NA,0.4469,0.0011,274,0.8494,0.1332,0,0.805,0,Bayes-M17-dist-short
Djombo,Equateur,2,FALSE,7e-4,5e-4,8e-4,7e-4,0.0264,330,0.001,NA,NA,NA,NA,NA,NA,0.6554,0.0014,241,0.917,0.7819,0,0.9228,0,Bayes-M17-dist-short
Makanza,Equateur,2,FALSE,7e-4,5e-4,9e-4,7e-4,0.0283,319,0.0011,NA,NA,NA,NA,NA,NA,0.639,0.0014,237,0.9537,0.7954,0,0.8069,0,Bayes-M17-dist-short
Kabondo Dianda,Haut-Lomami,2,FALSE,7e-4,5e-4,9e-4,7e-4,0.0274,324,0.001,NA,NA,NA,NA,NA,NA,0.4107,9e-4,300,0.5888,0.5714,0,0.4826,0,Bayes-M17-dist-short
Kinkondja,Haut-Lomami,2,FALSE,7e-4,5e-4,9e-4,7e-4,0.0282,320,0.0011,NA,NA,NA,NA,NA,NA,0.4889,0.0011,273,0.7278,0.6274,0,0.6004,0,Bayes-M17-dist-short
Ilebo,Kasaï,2,FALSE,7e-4,6e-4,9e-4,7e-4,0.0297,310,0.0011,NA,NA,NA,NA,NA,NA,0.3142,7e-4,330,0.2162,0.6139,0,0.4266,0,Bayes-M17-dist-short
Mikope,Kasaï,2,FALSE,7e-4,5e-4,8e-4,7e-4,0.0269,327,0.001,NA,NA,NA,NA,NA,NA,0.3996,9e-4,306,0.6776,0.2703,0,0.6506,0,Bayes-M17-dist-short
Dibaya,Kasaï-Central,2,FALSE,7e-4,5e-4,9e-4,7e-4,0.0289,316,0.0011,NA,NA,NA,NA,NA,NA,0.3325,8e-4,328,0.3147,0.4479,0,0.5676,0,Bayes-M17-dist-short
Katende,Kasaï-Central,2,FALSE,7e-4,5e-4,9e-4,7e-4,0.0285,317,0.0011,NA,NA,NA,NA,NA,NA,0.5154,0.0012,268,0.6525,0.6486,0,0.7606,0,Bayes-M17-dist-short
Lukonga,Kasaï-Central,2,FALSE,7e-4,5e-4,8e-4,7e-4,0.0267,328,0.001,NA,NA,NA,NA,NA,NA,0.3282,7e-4,342,0.2239,0.6429,0,0.4459,0,Bayes-M17-dist-short
Ndekesha,Kasaï-Central,2,FALSE,7e-4,5e-4,9e-4,7e-4,0.0284,318,0.0011,NA,NA,NA,NA,NA,NA,0.4059,9e-4,294,0.4768,0.4498,0,0.6969,0,Bayes-M17-dist-short
Yangala,Kasaï-Central,2,FALSE,7e-4,5e-4,8e-4,7e-4,0.0267,329,0.001,NA,NA,NA,NA,NA,NA,0.348,7e-4,332,0.5927,0.2259,0,0.5734,0,Bayes-M17-dist-short
Bipemba,Kasaï-Oriental,2,FALSE,7e-4,6e-4,9e-4,7e-4,0.0295,312,0.0011,NA,NA,NA,NA,NA,NA,0.1544,4e-4,408,0.0618,0.2201,0,0.3359,0,Bayes-M17-dist-short
Dibindi,Kasaï-Oriental,2,FALSE,7e-4,5e-4,9e-4,7e-4,0.0289,315,0.0011,NA,NA,NA,NA,NA,NA,0.1617,4e-4,407,0.0386,0.2954,0,0.3127,0,Bayes-M17-dist-short
Kansele,Kasaï-Oriental,2,FALSE,7e-4,5e-4,9e-4,7e-4,0.0271,325,0.001,NA,NA,NA,NA,NA,NA,0.2437,5e-4,372,0.0541,0.5965,0,0.3243,0,Bayes-M17-dist-short
Lubilanji,Kasaï-Oriental,2,FALSE,7e-4,6e-4,9e-4,7e-4,0.0293,313,0.0011,NA,NA,NA,NA,NA,NA,0.1694,4e-4,401,0.0347,0.3398,0,0.3031,0,Bayes-M17-dist-short
Mpokolo,Kasaï-Oriental,2,FALSE,7e-4,6e-4,9e-4,7e-4,0.0291,314,0.0011,NA,NA,NA,NA,NA,NA,0.2901,7e-4,348,0.1255,0.6873,0,0.3475,0,Bayes-M17-dist-short
Muya,Kasaï-Oriental,2,FALSE,7e-4,6e-4,9e-4,7e-4,0.0301,308,0.0011,NA,NA,NA,NA,NA,NA,0.2495,6e-4,358,0.0753,0.5888,0,0.334,0,Bayes-M17-dist-short
Tshishimbi,Kasaï-Oriental,2,FALSE,7e-4,6e-4,9e-4,7e-4,0.0296,311,0.0011,NA,NA,NA,NA,NA,NA,0.1742,4e-4,398,0.1795,0.2471,0,0.2703,0,Bayes-M17-dist-short
Kisantu,Kongo-Central,2,FALSE,7e-4,5e-4,9e-4,7e-4,0.0278,321,0.0011,NA,NA,NA,NA,NA,NA,0.418,9e-4,292,0.5039,0.9903,0,0.1776,0,Bayes-M17-dist-short
Bandundu,Kwilu,2,FALSE,7e-4,6e-4,9e-4,7e-4,0.0299,309,0.0011,NA,NA,NA,NA,NA,NA,0.3364,8e-4,319,0.3436,0.751,0,0.251,0,Bayes-M17-dist-short
Masi Manimba,Kwilu,2,FALSE,7e-4,5e-4,8e-4,7e-4,0.027,326,0.001,NA,NA,NA,NA,NA,NA,0.4281,9e-4,293,0.332,0.4961,0,0.8842,0,Bayes-M17-dist-short
Mokala,Kwilu,2,FALSE,7e-4,5e-4,9e-4,7e-4,0.0277,322,0.0011,NA,NA,NA,NA,NA,NA,0.5118,0.0011,272,0.4228,0.6718,0,0.9527,0,Bayes-M17-dist-short
Zongo,Sud-Ubangi,2,FALSE,7e-4,5e-4,9e-4,7e-4,0.0277,323,0.0011,NA,NA,NA,NA,NA,NA,0.2418,5e-4,371,0.278,0.4131,0,0.2761,0,Bayes-M17-dist-short
Lotumbe,Equateur,2,FALSE,6e-4,4e-4,7e-4,6e-4,0.0226,349,9e-4,NA,NA,NA,NA,NA,NA,0.5816,0.001,281,0.9691,0.7085,0,0.6486,0,Bayes-M17-dist-short
Lukolela,Equateur,2,FALSE,6e-4,5e-4,8e-4,6e-4,0.0246,337,9e-4,NA,NA,NA,NA,NA,NA,0.5787,0.0011,271,0.944,0.9151,0,0.4556,0,Bayes-M17-dist-short
Likasi,Haut-Katanga,2,FALSE,6e-4,5e-4,8e-4,6e-4,0.0251,336,0.001,NA,NA,NA,NA,NA,NA,0.1728,3e-4,411,0.112,0.4208,0,0.1583,0,Bayes-M17-dist-short
Mufunga Sampwe,Haut-Katanga,2,FALSE,6e-4,4e-4,7e-4,6e-4,0.0232,347,9e-4,NA,NA,NA,NA,NA,NA,0.3774,7e-4,344,0.8185,0.0888,0,0.6023,0,Bayes-M17-dist-short
Lwamba,Haut-Lomami,2,FALSE,6e-4,4e-4,7e-4,6e-4,0.0234,346,9e-4,NA,NA,NA,NA,NA,NA,0.4865,9e-4,298,0.8069,0.6409,0,0.4981,0,Bayes-M17-dist-short
Kakenge,Kasaï,2,FALSE,6e-4,4e-4,7e-4,6e-4,0.0236,342,9e-4,NA,NA,NA,NA,NA,NA,0.4522,8e-4,308,0.5753,0.4788,0,0.7548,0,Bayes-M17-dist-short
Ndjoko Mpunda,Kasaï,2,FALSE,6e-4,4e-4,7e-4,6e-4,0.0235,344,9e-4,NA,NA,NA,NA,NA,NA,0.333,6e-4,354,0.3977,0.2915,0,0.6429,0,Bayes-M17-dist-short
Kamonia,Kasaï,2,FALSE,6e-4,5e-4,8e-4,6e-4,0.0244,339,9e-4,NA,NA,NA,NA,NA,NA,0.14,3e-4,425,0.3707,0.11,0,0.0792,0,Bayes-M17-dist-short
Tshibala,Kasaï-Central,2,FALSE,6e-4,5e-4,8e-4,6e-4,0.0259,331,0.001,NA,NA,NA,NA,NA,NA,0.4218,9e-4,305,0.4266,0.5772,0,0.6834,0,Bayes-M17-dist-short
Mukumbi,Kasaï-Oriental,2,FALSE,6e-4,5e-4,8e-4,6e-4,0.0256,332,0.001,NA,NA,NA,NA,NA,NA,0.2249,5e-4,387,0.2413,0.1892,0,0.4691,0,Bayes-M17-dist-short
Muanda,Kongo-Central,2,FALSE,6e-4,5e-4,8e-4,6e-4,0.0252,335,0.001,NA,NA,NA,NA,NA,NA,0.4093,8e-4,313,0.6371,1,0,0,0,Bayes-M17-dist-short
Panzi,Kwango,2,FALSE,6e-4,4e-4,7e-4,6e-4,0.0235,343,9e-4,NA,NA,NA,NA,NA,NA,0.5236,0.001,285,0.7548,0.583,0,0.7568,0,Bayes-M17-dist-short
Kasaji,Lualaba,2,FALSE,6e-4,5e-4,8e-4,6e-4,0.0246,338,9e-4,NA,NA,NA,NA,NA,NA,0.4648,9e-4,296,0.8552,0.4923,0,0.5116,0,Bayes-M17-dist-short
Sandoa,Lualaba,2,FALSE,6e-4,4e-4,7e-4,6e-4,0.0226,350,9e-4,NA,NA,NA,NA,NA,NA,0.5536,0.001,284,0.9421,0.6815,0,0.5907,0,Bayes-M17-dist-short
Lualaba,Lualaba,2,FALSE,6e-4,5e-4,7e-4,6e-4,0.0239,341,9e-4,NA,NA,NA,NA,NA,NA,0.1404,3e-4,427,0.3552,0.0347,0,0.1718,0,Bayes-M17-dist-short
Banzow Moke,Mai-Ndombe,2,FALSE,6e-4,5e-4,8e-4,6e-4,0.0253,334,0.001,NA,NA,NA,NA,NA,NA,0.5236,0.0011,279,0.6892,0.5212,0,0.8842,0,Bayes-M17-dist-short
Kiri,Mai-Ndombe,2,FALSE,6e-4,4e-4,7e-4,6e-4,0.0234,345,9e-4,NA,NA,NA,NA,NA,NA,0.5685,0.0011,277,0.8745,0.4768,0,0.9228,0,Bayes-M17-dist-short
Nioki,Mai-Ndombe,2,FALSE,6e-4,4e-4,7e-4,6e-4,0.023,348,9e-4,NA,NA,NA,NA,NA,NA,0.389,7e-4,339,0.61,0.3958,0,0.5502,0,Bayes-M17-dist-short
Tunda,Maniema,2,FALSE,6e-4,5e-4,8e-4,6e-4,0.0253,333,0.001,NA,NA,NA,NA,NA,NA,0.459,9e-4,291,0.8977,0.0541,0,0.8842,0,Bayes-M17-dist-short
Djalo Ndjeka,Sankuru,2,FALSE,6e-4,4e-4,7e-4,6e-4,0.0222,351,8e-4,NA,NA,NA,NA,NA,NA,0.3378,6e-4,359,0.3591,0.0695,0,0.9228,0,Bayes-M17-dist-short
Mbaya,Sud-Ubangi,2,FALSE,6e-4,5e-4,8e-4,6e-4,0.0241,340,9e-4,NA,NA,NA,NA,NA,NA,0.3142,6e-4,356,0.3514,0.2239,0,0.6815,0,Bayes-M17-dist-short
Bomongo,Equateur,2,FALSE,5e-4,4e-4,6e-4,5e-4,0.0188,377,7e-4,NA,NA,NA,NA,NA,NA,0.5907,9e-4,302,0.9788,0.8475,0,0.5367,0,Bayes-M17-dist-short
Iboko,Equateur,2,FALSE,5e-4,4e-4,7e-4,5e-4,0.0213,358,8e-4,NA,NA,NA,NA,NA,NA,0.612,0.001,282,0.8282,0.7915,0,0.8282,0,Bayes-M17-dist-short
Kasenga,Haut-Katanga,2,FALSE,5e-4,4e-4,6e-4,5e-4,0.0189,376,7e-4,NA,NA,NA,NA,NA,NA,0.3953,6e-4,360,0.8166,0.6255,0,0.139,0,Bayes-M17-dist-short
Songa,Haut-Lomami,2,FALSE,5e-4,4e-4,6e-4,5e-4,0.0193,370,7e-4,NA,NA,NA,NA,NA,NA,0.473,7e-4,337,0.9344,0.3533,0,0.6042,0,Bayes-M17-dist-short
Kitangwa,Kasaï,2,FALSE,5e-4,3e-4,6e-4,5e-4,0.0181,379,7e-4,NA,NA,NA,NA,NA,NA,0.3287,5e-4,382,0.6332,0.1062,0,0.5753,0,Bayes-M17-dist-short
Bilomba,Kasaï-Central,2,FALSE,5e-4,4e-4,6e-4,5e-4,0.0187,378,7e-4,NA,NA,NA,NA,NA,NA,0.4006,6e-4,357,0.3378,0.4421,0,0.8224,0,Bayes-M17-dist-short
Katoka,Kasaï-Central,2,FALSE,5e-4,4e-4,6e-4,5e-4,0.0191,371,7e-4,NA,NA,NA,NA,NA,NA,0.2645,4e-4,399,0.1216,0.473,0,0.4633,0,Bayes-M17-dist-short
Tshikula,Kasaï-Central,2,FALSE,5e-4,4e-4,7e-4,5e-4,0.0213,360,8e-4,NA,NA,NA,NA,NA,NA,0.3296,6e-4,367,0.3919,0.3185,0,0.6081,0,Bayes-M17-dist-short
Boma,Kongo-Central,2,FALSE,5e-4,4e-4,6e-4,5e-4,0.0191,372,7e-4,NA,NA,NA,NA,NA,NA,0.2901,4e-4,389,0.1467,0.9247,0,0.0888,0,Bayes-M17-dist-short
Lukula,Kongo-Central,2,FALSE,5e-4,4e-4,6e-4,5e-4,0.0205,363,8e-4,NA,NA,NA,NA,NA,NA,0.3933,6e-4,351,0.529,0.8745,0,0.1699,0,Bayes-M17-dist-short
Boko Kivulu,Kongo-Central,2,FALSE,5e-4,4e-4,6e-4,5e-4,0.0203,365,8e-4,NA,NA,NA,NA,NA,NA,0.4281,7e-4,345,0.5792,0.9324,0,0.2008,0,Bayes-M17-dist-short
Kimpese,Kongo-Central,2,FALSE,5e-4,4e-4,7e-4,5e-4,0.0214,357,8e-4,NA,NA,NA,NA,NA,NA,0.4947,8e-4,309,0.7896,0.9768,0,0.2124,0,Bayes-M17-dist-short
Mbanza Ngungu,Kongo-Central,2,FALSE,5e-4,4e-4,6e-4,5e-4,0.0193,369,7e-4,NA,NA,NA,NA,NA,NA,0.3711,6e-4,361,0.3205,0.9749,0,0.1892,0,Bayes-M17-dist-short
Kahemba,Kwango,2,FALSE,5e-4,4e-4,6e-4,5e-4,0.0205,362,8e-4,NA,NA,NA,NA,NA,NA,0.5367,9e-4,303,0.8958,0.7278,0,0.5232,0,Bayes-M17-dist-short
Boko,Kwango,2,FALSE,5e-4,4e-4,6e-4,5e-4,0.0189,375,7e-4,NA,NA,NA,NA,NA,NA,0.5121,8e-4,327,0.7336,0.61,0,0.7046,0,Bayes-M17-dist-short
Feshi,Kwango,2,FALSE,5e-4,4e-4,6e-4,5e-4,0.0202,367,8e-4,NA,NA,NA,NA,NA,NA,0.5082,8e-4,315,0.7317,0.5425,0,0.7587,0,Bayes-M17-dist-short
Popokabaka,Kwango,2,FALSE,5e-4,4e-4,7e-4,5e-4,0.0217,355,8e-4,NA,NA,NA,NA,NA,NA,0.5507,0.001,289,0.7703,0.7876,0,0.6448,0,Bayes-M17-dist-short
Bagata,Kwilu,2,FALSE,5e-4,4e-4,7e-4,5e-4,0.022,352,8e-4,NA,NA,NA,NA,NA,NA,0.5135,9e-4,299,0.6795,0.695,0,0.6795,0,Bayes-M17-dist-short
Kikongo,Kwilu,2,FALSE,5e-4,4e-4,6e-4,5e-4,0.0194,368,7e-4,NA,NA,NA,NA,NA,NA,0.5024,8e-4,326,0.6969,0.6023,0,0.7104,0,Bayes-M17-dist-short
Kimputu,Kwilu,2,FALSE,5e-4,4e-4,6e-4,5e-4,0.0204,364,8e-4,NA,NA,NA,NA,NA,NA,0.5039,8e-4,314,0.4923,0.639,0,0.8842,0,Bayes-M17-dist-short
Mosango,Kwilu,2,FALSE,5e-4,4e-4,6e-4,5e-4,0.0189,374,7e-4,NA,NA,NA,NA,NA,NA,0.515,8e-4,325,0.5463,0.7375,0,0.7761,0,Bayes-M17-dist-short
Pay Kongila,Kwilu,2,FALSE,5e-4,4e-4,7e-4,5e-4,0.0219,353,8e-4,NA,NA,NA,NA,NA,NA,0.4488,8e-4,323,0.5135,0.6467,0,0.6351,0,Bayes-M17-dist-short
Makota,Lomami,2,FALSE,5e-4,4e-4,6e-4,5e-4,0.0203,366,8e-4,NA,NA,NA,NA,NA,NA,0.2587,4e-4,396,0.1023,0.3764,0,0.556,0,Bayes-M17-dist-short
Dilolo,Lualaba,2,FALSE,5e-4,4e-4,6e-4,5e-4,0.019,373,7e-4,NA,NA,NA,NA,NA,NA,0.3663,6e-4,368,0.8398,0.6197,0,0.0058,0,Bayes-M17-dist-short
Kapanga,Lualaba,2,FALSE,5e-4,4e-4,7e-4,5e-4,0.0216,356,8e-4,NA,NA,NA,NA,NA,NA,0.4112,7e-4,340,0.8514,0.3938,0,0.3996,0,Bayes-M17-dist-short
Mushie,Mai-Ndombe,2,FALSE,5e-4,4e-4,6e-4,5e-4,0.0206,361,8e-4,NA,NA,NA,NA,NA,NA,0.4291,7e-4,341,0.7394,0.3649,0,0.612,0,Bayes-M17-dist-short
Tshudi Loto,Sankuru,2,FALSE,5e-4,4e-4,7e-4,5e-4,0.0219,354,8e-4,NA,NA,NA,NA,NA,NA,0.4237,7e-4,333,0.7683,0.0039,0,0.9228,0,Bayes-M17-dist-short
Pania Mutombo,Sankuru,2,FALSE,5e-4,4e-4,7e-4,5e-4,0.0213,359,8e-4,NA,NA,NA,NA,NA,NA,0.4117,7e-4,343,0.7413,0.1236,0,0.7819,0,Bayes-M17-dist-short
Monieka,Equateur,2,FALSE,4e-4,3e-4,5e-4,4e-4,0.0165,389,6e-4,NA,NA,NA,NA,NA,NA,0.596,8e-4,322,0.9768,0.7336,0,0.6737,0,Bayes-M17-dist-short
Kikula,Haut-Katanga,2,FALSE,4e-4,3e-4,5e-4,4e-4,0.016,397,6e-4,NA,NA,NA,NA,NA,NA,0.0951,1e-4,456,0.1062,0.1139,0,0.1602,0,Bayes-M17-dist-short
Mitwaba,Haut-Katanga,2,FALSE,4e-4,3e-4,5e-4,4e-4,0.0156,398,6e-4,NA,NA,NA,NA,NA,NA,0.3528,4e-4,390,0.8012,0.0618,0,0.5483,0,Bayes-M17-dist-short
Panda,Haut-Katanga,2,FALSE,4e-4,3e-4,4e-4,4e-4,0.0143,407,5e-4,NA,NA,NA,NA,NA,NA,0.2027,2e-4,435,0.1622,0.4826,0,0.166,0,Bayes-M17-dist-short
Kafubu,Haut-Katanga,2,FALSE,4e-4,3e-4,6e-4,4e-4,0.0176,383,7e-4,NA,NA,NA,NA,NA,NA,0.2104,3e-4,422,0.6042,0.0869,0,0.1506,0,Bayes-M17-dist-short
Lukafu,Haut-Katanga,2,FALSE,4e-4,3e-4,5e-4,4e-4,0.0164,393,6e-4,NA,NA,NA,NA,NA,NA,0.4015,5e-4,373,0.888,0.3243,0,0.3938,0,Bayes-M17-dist-short
Kayamba,Haut-Lomami,2,FALSE,4e-4,3e-4,5e-4,4e-4,0.0145,405,6e-4,NA,NA,NA,NA,NA,NA,0.4276,5e-4,378,0.7027,0.4189,0,0.5888,0,Bayes-M17-dist-short
Bulape,Kasaï,2,FALSE,4e-4,3e-4,4e-4,4e-4,0.0142,408,5e-4,NA,NA,NA,NA,NA,NA,0.4315,5e-4,380,0.7066,0.1853,0,0.834,0,Bayes-M17-dist-short
Mushenge,Kasaï,2,FALSE,4e-4,3e-4,5e-4,4e-4,0.0164,392,6e-4,NA,NA,NA,NA,NA,NA,0.3229,4e-4,393,0.5946,0.0656,0,0.6313,0,Bayes-M17-dist-short
Mutena,Kasaï,2,FALSE,4e-4,3e-4,5e-4,4e-4,0.0161,394,6e-4,NA,NA,NA,NA,NA,NA,0.2336,3e-4,420,0.334,0.0753,0,0.5251,0,Bayes-M17-dist-short
Bena Tshadi,Kasaï-Central,2,FALSE,4e-4,3e-4,5e-4,4e-4,0.0175,384,7e-4,NA,NA,NA,NA,NA,NA,0.472,7e-4,350,0.6699,0.3784,0,0.8398,0,Bayes-M17-dist-short
Lubondaie,Kasaï-Central,2,FALSE,4e-4,3e-4,5e-4,4e-4,0.0166,388,6e-4,NA,NA,NA,NA,NA,NA,0.3147,4e-4,397,0.3822,0.1583,0,0.7181,0,Bayes-M17-dist-short
Lubunga (Kasaï-Central),Kasaï-Central,2,FALSE,4e-4,3e-4,5e-4,4e-4,0.0164,391,6e-4,NA,NA,NA,NA,NA,NA,0.4599,6e-4,355,0.5637,0.4653,0,0.8108,0,Bayes-M17-dist-short
Seke Banza,Kongo-Central,2,FALSE,4e-4,3e-4,5e-4,4e-4,0.0156,401,6e-4,NA,NA,NA,NA,NA,NA,0.4513,6e-4,366,0.6351,0.9498,0,0.2201,0,Bayes-M17-dist-short
Kwilu Ngongo,Kongo-Central,2,FALSE,4e-4,3e-4,6e-4,4e-4,0.0177,381,7e-4,NA,NA,NA,NA,NA,NA,0.3875,5e-4,369,0.4884,0.8668,0,0.195,0,Bayes-M17-dist-short
Massa,Kongo-Central,2,FALSE,4e-4,3e-4,5e-4,4e-4,0.0148,402,6e-4,NA,NA,NA,NA,NA,NA,0.4223,5e-4,377,0.668,0.9208,0,0.1004,0,Bayes-M17-dist-short
Kasongo Lunda,Kwango,2,FALSE,4e-4,3e-4,5e-4,4e-4,0.0146,403,6e-4,NA,NA,NA,NA,NA,NA,0.3441,4e-4,400,0.6274,0.5946,0,0.1544,0,Bayes-M17-dist-short
Kimbao,Kwango,2,FALSE,4e-4,3e-4,5e-4,4e-4,0.0161,395,6e-4,NA,NA,NA,NA,NA,NA,0.5743,7e-4,335,0.7201,0.7181,0,0.8591,0,Bayes-M17-dist-short
Wamba Lwadi,Kwango,2,FALSE,4e-4,3e-4,5e-4,4e-4,0.0156,399,6e-4,NA,NA,NA,NA,NA,NA,0.5492,7e-4,346,0.6467,0.8185,0,0.7317,0,Bayes-M17-dist-short
Sia,Kwilu,2,FALSE,4e-4,3e-4,5e-4,4e-4,0.0145,404,6e-4,NA,NA,NA,NA,NA,NA,0.3986,5e-4,386,0.4151,0.3822,0,0.7973,0,Bayes-M17-dist-short
Mungindu,Kwilu,2,FALSE,4e-4,3e-4,5e-4,4e-4,0.0167,387,6e-4,NA,NA,NA,NA,NA,NA,0.3818,5e-4,375,0.4691,0.5367,0,0.5212,0,Bayes-M17-dist-short
Kamiji,Lomami,2,FALSE,4e-4,3e-4,5e-4,4e-4,0.0144,406,6e-4,NA,NA,NA,NA,NA,NA,0.2635,3e-4,419,0.3398,0.1293,0,0.5849,0,Bayes-M17-dist-short
Wikong,Lomami,2,FALSE,4e-4,3e-4,6e-4,4e-4,0.0179,380,7e-4,NA,NA,NA,NA,NA,NA,0.3663,5e-4,374,0.2529,0.4228,0,0.7896,0,Bayes-M17-dist-short
Kanzenze,Lualaba,2,FALSE,4e-4,3e-4,5e-4,4e-4,0.0156,400,6e-4,NA,NA,NA,NA,NA,NA,0.2389,3e-4,421,0.6255,0.1429,0,0.1873,0,Bayes-M17-dist-short
Ntandembelo,Mai-Ndombe,2,FALSE,4e-4,3e-4,5e-4,4e-4,0.0175,385,7e-4,NA,NA,NA,NA,NA,NA,0.4595,6e-4,353,0.6023,0.4633,0,0.7722,0,Bayes-M17-dist-short
Pendjwa,Mai-Ndombe,2,FALSE,4e-4,3e-4,5e-4,4e-4,0.0165,390,6e-4,NA,NA,NA,NA,NA,NA,0.4319,6e-4,362,0.7008,0.2124,0,0.8147,0,Bayes-M17-dist-short
Yumbi,Mai-Ndombe,2,FALSE,4e-4,3e-4,5e-4,4e-4,0.0173,386,7e-4,NA,NA,NA,NA,NA,NA,0.2741,4e-4,405,0.4131,0.4015,0,0.2819,0,Bayes-M17-dist-short
Bolobo,Mai-Ndombe,2,FALSE,4e-4,3e-4,6e-4,4e-4,0.0177,382,7e-4,NA,NA,NA,NA,NA,NA,0.3388,5e-4,381,0.6313,0.4981,0,0.2259,0,Bayes-M17-dist-short
Bosobe,Mai-Ndombe,2,FALSE,4e-4,3e-4,5e-4,4e-4,0.016,396,6e-4,NA,NA,NA,NA,NA,NA,0.4406,6e-4,364,0.4942,0.4093,0,0.8591,0,Bayes-M17-dist-short
Bolenge,Equateur,2,FALSE,3e-4,2e-4,4e-4,3e-4,0.013,414,5e-4,NA,NA,NA,NA,NA,NA,0.5391,6e-4,365,0.7954,0.8514,0,0.5097,0,Bayes-M17-dist-short
Kashobwe,Haut-Katanga,2,FALSE,3e-4,2e-4,3e-4,3e-4,0.0102,426,4e-4,NA,NA,NA,NA,NA,NA,0.3243,3e-4,430,0.805,0.3012,0,0.1911,0,Bayes-M17-dist-short
Kenya,Haut-Katanga,2,FALSE,3e-4,3e-4,4e-4,3e-4,0.0134,413,5e-4,NA,NA,NA,NA,NA,NA,0.0569,1e-4,459,0.11,0.0116,0,0.1062,0,Bayes-M17-dist-short
Nyanga,Kasaï,2,FALSE,3e-4,2e-4,4e-4,3e-4,0.0121,419,5e-4,NA,NA,NA,NA,NA,NA,0.348,3e-4,413,0.4402,0.3803,0,0.5714,0,Bayes-M17-dist-short
Bunkonde,Kasaï-Central,2,FALSE,3e-4,3e-4,4e-4,3e-4,0.0135,412,5e-4,NA,NA,NA,NA,NA,NA,0.3523,4e-4,404,0.4015,0.278,0,0.7297,0,Bayes-M17-dist-short
Mutoto,Kasaï-Central,2,FALSE,3e-4,3e-4,4e-4,3e-4,0.014,409,5e-4,NA,NA,NA,NA,NA,NA,0.3441,4e-4,402,0.4575,0.361,0,0.5579,0,Bayes-M17-dist-short
Ndesha,Kasaï-Central,2,FALSE,3e-4,2e-4,4e-4,3e-4,0.0123,418,5e-4,NA,NA,NA,NA,NA,NA,0.2317,2e-4,437,0.1448,0.3456,0,0.4363,0,Bayes-M17-dist-short
Kalomba,Kasaï-Central,2,FALSE,3e-4,2e-4,4e-4,3e-4,0.0113,423,4e-4,NA,NA,NA,NA,NA,NA,0.2944,3e-4,428,0.3166,0.1467,0,0.7143,0,Bayes-M17-dist-short
Kangu,Kongo-Central,2,FALSE,3e-4,2e-4,4e-4,3e-4,0.0116,421,4e-4,NA,NA,NA,NA,NA,NA,0.3528,3e-4,415,0.3803,0.8822,0,0.1486,0,Bayes-M17-dist-short
Inga,Kongo-Central,2,FALSE,3e-4,2e-4,3e-4,3e-4,0.0101,427,4e-4,NA,NA,NA,NA,NA,NA,0.3847,3e-4,418,0.5212,0.8243,0,0.1931,0,Bayes-M17-dist-short
Luozi,Kongo-Central,2,FALSE,3e-4,2e-4,3e-4,3e-4,0.0101,429,4e-4,NA,NA,NA,NA,NA,NA,0.5241,4e-4,394,0.7355,0.8861,0,0.4749,0,Bayes-M17-dist-short
Nsona Mpangu,Kongo-Central,2,FALSE,3e-4,2e-4,4e-4,3e-4,0.0129,415,5e-4,NA,NA,NA,NA,NA,NA,0.4165,4e-4,392,0.722,0.7645,0,0.1795,0,Bayes-M17-dist-short
Gombe Matadi,Kongo-Central,2,FALSE,3e-4,2e-4,3e-4,3e-4,0.0109,424,4e-4,NA,NA,NA,NA,NA,NA,0.4151,4e-4,409,0.6911,0.7857,0,0.1834,0,Bayes-M17-dist-short
Kimvula,Kongo-Central,2,FALSE,3e-4,2e-4,3e-4,3e-4,0.0102,425,4e-4,NA,NA,NA,NA,NA,NA,0.569,5e-4,385,0.8629,0.8784,0,0.5347,0,Bayes-M17-dist-short
Ngidinga,Kongo-Central,2,FALSE,3e-4,2e-4,4e-4,3e-4,0.0117,420,4e-4,NA,NA,NA,NA,NA,NA,0.4488,4e-4,395,0.6544,0.7432,0,0.3977,0,Bayes-M17-dist-short
Kisanji,Kwango,2,FALSE,3e-4,2e-4,3e-4,3e-4,0.0101,428,4e-4,NA,NA,NA,NA,NA,NA,0.5574,4e-4,388,0.8417,0.6544,0,0.7336,0,Bayes-M17-dist-short
Kingandu,Kwilu,2,FALSE,3e-4,3e-4,4e-4,3e-4,0.0136,411,5e-4,NA,NA,NA,NA,NA,NA,0.4923,5e-4,370,0.7162,0.6583,0,0.5946,0,Bayes-M17-dist-short
Moanza,Kwilu,2,FALSE,3e-4,2e-4,4e-4,3e-4,0.0114,422,4e-4,NA,NA,NA,NA,NA,NA,0.52,5e-4,383,0.5985,0.529,0,0.9527,0,Bayes-M17-dist-short
Kafakumba,Lualaba,2,FALSE,3e-4,2e-4,4e-4,3e-4,0.0126,417,5e-4,NA,NA,NA,NA,NA,NA,0.4648,5e-4,384,0.8687,0.2027,0,0.7876,0,Bayes-M17-dist-short
Kalamba,Lualaba,2,FALSE,3e-4,3e-4,4e-4,3e-4,0.014,410,5e-4,NA,NA,NA,NA,NA,NA,0.4542,5e-4,376,0.8803,0.2375,0,0.6988,0,Bayes-M17-dist-short
Kwamouth,Mai-Ndombe,2,FALSE,3e-4,2e-4,4e-4,3e-4,0.0126,416,5e-4,NA,NA,NA,NA,NA,NA,0.43,4e-4,391,0.8707,0.417,0,0.4324,0,Bayes-M17-dist-short
Mampoko,Equateur,2,FALSE,2e-4,2e-4,3e-4,2e-4,0.0086,435,3e-4,NA,NA,NA,NA,NA,NA,0.5135,3e-4,410,0.8919,0.5058,0,0.6564,0,Bayes-M17-dist-short
Ntondo,Equateur,2,FALSE,2e-4,1e-4,2e-4,2e-4,0.0077,442,3e-4,NA,NA,NA,NA,NA,NA,0.6125,4e-4,406,0.8996,0.7259,0,0.8243,0,Bayes-M17-dist-short
Kilela Balanda,Haut-Katanga,2,FALSE,2e-4,1e-4,2e-4,2e-4,0.0076,443,3e-4,NA,NA,NA,NA,NA,NA,0.3132,2e-4,445,0.9228,0.0927,0,0.2375,0,Bayes-M17-dist-short
Katuba,Haut-Katanga,2,FALSE,2e-4,2e-4,3e-4,2e-4,0.0083,436,3e-4,NA,NA,NA,NA,NA,NA,0.0463,0,461,0.0502,0.0309,0,0.1042,0,Bayes-M17-dist-short
Butumba,Haut-Lomami,2,FALSE,2e-4,2e-4,3e-4,2e-4,0.0087,434,3e-4,NA,NA,NA,NA,NA,NA,0.4595,3e-4,417,0.7973,0.4151,0,0.6255,0,Bayes-M17-dist-short
Banga Lubaka,Kasaï,2,FALSE,2e-4,2e-4,3e-4,2e-4,0.0096,430,4e-4,NA,NA,NA,NA,NA,NA,0.3205,2e-4,432,0.5174,0.0444,0,0.7201,0,Bayes-M17-dist-short
Kinkonzi,Kongo-Central,2,FALSE,2e-4,1e-4,2e-4,2e-4,0.0064,449,2e-4,NA,NA,NA,NA,NA,NA,0.4252,2e-4,439,0.6236,0.8958,0,0.1815,0,Bayes-M17-dist-short
Kizu,Kongo-Central,2,FALSE,2e-4,1e-4,2e-4,2e-4,0.0072,445,3e-4,NA,NA,NA,NA,NA,NA,0.3113,2e-4,447,0.2973,0.8707,0,0.0772,0,Bayes-M17-dist-short
Kuimba,Kongo-Central,2,FALSE,2e-4,1e-4,2e-4,2e-4,0.0066,448,3e-4,NA,NA,NA,NA,NA,NA,0.3069,2e-4,449,0.3784,0.8456,0,0.0039,0,Bayes-M17-dist-short
Tshela,Kongo-Central,2,FALSE,2e-4,1e-4,2e-4,2e-4,0.0069,447,3e-4,NA,NA,NA,NA,NA,NA,0.3282,2e-4,446,0.417,0.888,0,0.0077,0,Bayes-M17-dist-short
Mangembo,Kongo-Central,2,FALSE,2e-4,1e-4,2e-4,2e-4,0.0078,440,3e-4,NA,NA,NA,NA,NA,NA,0.3726,2e-4,434,0.5598,0.6641,0,0.2664,0,Bayes-M17-dist-short
Nzanza,Kongo-Central,2,FALSE,2e-4,2e-4,3e-4,2e-4,0.0081,438,3e-4,NA,NA,NA,NA,NA,NA,0.2172,1e-4,454,0.0888,0.6892,0,0.0907,0,Bayes-M17-dist-short
Kimpangu,Kongo-Central,2,FALSE,2e-4,2e-4,3e-4,2e-4,0.008,439,3e-4,NA,NA,NA,NA,NA,NA,0.4488,3e-4,423,0.7085,0.9344,0,0.1525,0,Bayes-M17-dist-short
Nselo,Kongo-Central,2,FALSE,2e-4,1e-4,2e-4,2e-4,0.0072,446,3e-4,NA,NA,NA,NA,NA,NA,0.374,2e-4,440,0.6564,0.5347,0,0.305,0,Bayes-M17-dist-short
Kajiji,Kwango,2,FALSE,2e-4,2e-4,3e-4,2e-4,0.0081,437,3e-4,NA,NA,NA,NA,NA,NA,0.3533,2e-4,436,0.7934,0.1544,0,0.4653,0,Bayes-M17-dist-short
Tembo,Kwango,2,FALSE,2e-4,1e-4,2e-4,2e-4,0.0077,441,3e-4,NA,NA,NA,NA,NA,NA,0.3205,2e-4,444,0.7876,0.3977,0,0.0965,0,Bayes-M17-dist-short
Kitenda,Kwango,2,FALSE,2e-4,2e-4,3e-4,2e-4,0.0088,433,3e-4,NA,NA,NA,NA,NA,NA,0.376,3e-4,429,0.6641,0.4247,0,0.4151,0,Bayes-M17-dist-short
Mwela Lembwa,Kwango,2,FALSE,2e-4,2e-4,3e-4,2e-4,0.0095,431,4e-4,NA,NA,NA,NA,NA,NA,0.4397,3e-4,414,0.6506,0.3224,0,0.7857,0,Bayes-M17-dist-short
Bunkeya,Lualaba,2,FALSE,2e-4,1e-4,2e-4,2e-4,0.0074,444,3e-4,NA,NA,NA,NA,NA,NA,0.4218,2e-4,431,0.8243,0.5019,0,0.361,0,Bayes-M17-dist-short
Lubudi,Lualaba,2,FALSE,2e-4,2e-4,3e-4,2e-4,0.0092,432,4e-4,NA,NA,NA,NA,NA,NA,0.4667,3e-4,412,0.9151,0.4614,0,0.4903,0,Bayes-M17-dist-short
Irebu,Equateur,2,FALSE,1e-4,1e-4,1e-4,1e-4,0.0034,460,1e-4,NA,NA,NA,NA,NA,NA,0.5473,1e-4,453,0.9305,0.6776,0,0.5811,0,Bayes-M17-dist-short
Lilanga Bobangi,Equateur,2,FALSE,1e-4,1e-4,2e-4,1e-4,0.0048,456,2e-4,NA,NA,NA,NA,NA,NA,0.4117,2e-4,450,0.9382,0.2664,0,0.4421,0,Bayes-M17-dist-short
Vangu,Haut-Katanga,2,FALSE,1e-4,1e-4,2e-4,1e-4,0.005,455,2e-4,NA,NA,NA,NA,NA,NA,0.1081,0,460,0.1158,0.1699,0,0.1467,0,Bayes-M17-dist-short
Baka,Haut-Lomami,2,FALSE,1e-4,1e-4,2e-4,1e-4,0.006,451,2e-4,NA,NA,NA,NA,NA,NA,0.4319,2e-4,441,0.4344,0.8919,0,0.4015,0,Bayes-M17-dist-short
Kinda,Haut-Lomami,2,FALSE,1e-4,1e-4,2e-4,1e-4,0.0058,453,2e-4,NA,NA,NA,NA,NA,NA,0.5077,2e-4,433,0.9884,0.4266,0,0.6158,0,Bayes-M17-dist-short
Bobozo,Kasaï-Central,2,FALSE,1e-4,1e-4,1e-4,1e-4,0.0041,458,2e-4,NA,NA,NA,NA,NA,NA,0.2336,1e-4,458,0.1602,0.2857,0,0.4884,0,Bayes-M17-dist-short
Boma Bungu,Kongo-Central,2,FALSE,1e-4,1e-4,2e-4,1e-4,0.006,450,2e-4,NA,NA,NA,NA,NA,NA,0.3209,2e-4,452,0.5811,0.5676,0,0.1351,0,Bayes-M17-dist-short
Vaku,Kongo-Central,2,FALSE,1e-4,1e-4,1e-4,1e-4,0.0047,457,2e-4,NA,NA,NA,NA,NA,NA,0.4194,2e-4,451,0.5676,0.9421,0,0.168,0,Bayes-M17-dist-short
Kibunzi,Kongo-Central,2,FALSE,1e-4,1e-4,1e-4,1e-4,0.0037,459,1e-4,NA,NA,NA,NA,NA,NA,0.4175,1e-4,455,0.7046,0.5251,0,0.4402,0,Bayes-M17-dist-short
Sona Bata,Kongo-Central,2,FALSE,1e-4,1e-4,2e-4,1e-4,0.0058,454,2e-4,NA,NA,NA,NA,NA,NA,0.43,2e-4,443,0.7259,0.7896,0,0.2046,0,Bayes-M17-dist-short
Mutshatsha,Lualaba,2,FALSE,1e-4,1e-4,1e-4,1e-4,0.0027,461,1e-4,NA,NA,NA,NA,NA,NA,0.3808,1e-4,457,0.971,0.1023,0,0.4498,0,Bayes-M17-dist-short
Mimia,Mai-Ndombe,2,FALSE,1e-4,1e-4,2e-4,1e-4,0.0059,452,2e-4,NA,NA,NA,NA,NA,NA,0.4841,2e-4,438,0.9614,0.0521,0,0.9228,0,Bayes-M17-dist-short
Kamalondo,Haut-Katanga,2,FALSE,0,0,1e-4,0,0.0017,462,1e-4,NA,NA,NA,NA,NA,NA,0.0352,0,464,0.029,0.0019,0,0.11,0,Bayes-M17-dist-short
Kowe,Haut-Katanga,2,FALSE,0,0,0,0,0.0012,463,0,NA,NA,NA,NA,NA,NA,0.07,0,463,0.0714,0.0811,0,0.1274,0,Bayes-M17-dist-short
Kitona,Kongo-Central,2,FALSE,0,0,0,0,9e-4,464,0,NA,NA,NA,NA,NA,NA,0.293,0,462,0.5907,0.5792,0,0.0019,0,Bayes-M17-dist-short
Bokoro,Mai-Ndombe,2,FALSE,0,0,0,0,0,465,0,NA,NA,NA,NA,NA,NA,0.471,0,465,0.6873,0.5097,0,0.6873,0,Bayes-M17-dist-short
Idjwi,Sud-Kivu,2,FALSE,0,0,0,0,0,465,0,NA,NA,NA,NA,NA,NA,0.3007,0,466,0.2992,0.8224,0,0.0811,0,Bayes-M17-dist-short
Boma Mangbetu,Haut-Uele,2,TRUE,NA,NA,NA,NA,NA,NA,NA,NA,NA,NA,NA,NA,NA,0.4122,NA,NA,0.2857,0.5039,0,0.8591,0,Bayes-M17-dist-short
Isiro,Haut-Uele,2,TRUE,NA,NA,NA,NA,NA,NA,NA,NA,NA,NA,NA,NA,NA,0.5253,NA,NA,0.39,0.7587,0,0.9527,0,Bayes-M17-dist-short
Pawa,Haut-Uele,2,TRUE,NA,NA,NA,NA,NA,NA,NA,NA,NA,NA,NA,NA,NA,0.4315,NA,NA,0.2934,0.5734,0,0.8591,0,Bayes-M17-dist-short
Rungu,Haut-Uele,2,TRUE,NA,NA,NA,NA,NA,NA,NA,NA,NA,NA,NA,NA,NA,0.6474,NA,NA,0.8224,0.8031,0,0.9643,0,Bayes-M17-dist-short
Wamba,Haut-Uele,2,TRUE,NA,NA,NA,NA,NA,NA,NA,NA,NA,NA,NA,NA,NA,0.4817,NA,NA,0.6737,0.4363,0,0.8166,0,Bayes-M17-dist-short
Adja,Ituri,2,TRUE,NA,NA,NA,NA,NA,NA,NA,NA,NA,NA,NA,NA,NA,0.2645,NA,NA,0.249,0.4286,0,0.3803,0,Bayes-M17-dist-short
Ariwara,Ituri,2,TRUE,NA,NA,NA,NA,NA,NA,NA,NA,NA,NA,NA,NA,NA,0.2862,NA,NA,0.1988,0.6988,0,0.2471,0,Bayes-M17-dist-short
Aru,Ituri,2,TRUE,NA,NA,NA,NA,NA,NA,NA,NA,NA,NA,NA,NA,NA,0.3528,NA,NA,0.3012,0.8417,0,0.2683,0,Bayes-M17-dist-short
Aungba,Ituri,2,TRUE,NA,NA,NA,NA,NA,NA,NA,NA,NA,NA,NA,NA,NA,0.3354,NA,NA,0.3108,0.6564,0,0.3745,0,Bayes-M17-dist-short
Kambala,Ituri,2,TRUE,NA,NA,NA,NA,NA,NA,NA,NA,NA,NA,NA,NA,NA,0.347,NA,NA,0.3668,0.612,0,0.4093,0,Bayes-M17-dist-short
Logo,Ituri,2,TRUE,NA,NA,NA,NA,NA,NA,NA,NA,NA,NA,NA,NA,NA,0.2384,NA,NA,0.1757,0.5927,0,0.1853,0,Bayes-M17-dist-short
Mahagi,Ituri,2,TRUE,NA,NA,NA,NA,NA,NA,NA,NA,NA,NA,NA,NA,NA,0.2292,NA,NA,0.1718,0.6004,0,0.1448,0,Bayes-M17-dist-short
Rimba,Ituri,2,TRUE,NA,NA,NA,NA,NA,NA,NA,NA,NA,NA,NA,NA,NA,0.306,NA,NA,0.2008,0.7124,0,0.3108,0,Bayes-M17-dist-short
Bambu,Ituri,2,TRUE,NA,NA,NA,NA,NA,NA,NA,NA,NA,NA,NA,NA,NA,0.2399,NA,NA,0.2046,0.4691,0,0.2857,0,Bayes-M17-dist-short
Boga,Ituri,2,TRUE,NA,NA,NA,NA,NA,NA,NA,NA,NA,NA,NA,NA,NA,0.264,NA,NA,0.3861,0.36870000000000003,0,0.3012,0,Bayes-M17-dist-short
Bunia,Ituri,2,TRUE,NA,NA,NA,NA,NA,NA,NA,NA,NA,NA,NA,NA,NA,0.2326,NA,NA,0.1178,0.5637,0,0.249,0,Bayes-M17-dist-short
Damas,Ituri,2,TRUE,NA,NA,NA,NA,NA,NA,NA,NA,NA,NA,NA,NA,NA,0.3224,NA,NA,0.4479,0.3282,0,0.5135,0,Bayes-M17-dist-short
Drodro,Ituri,2,TRUE,NA,NA,NA,NA,NA,NA,NA,NA,NA,NA,NA,NA,NA,0.2674,NA,NA,0.2066,0.5907,0,0.2722,0,Bayes-M17-dist-short
Fataki,Ituri,2,TRUE,NA,NA,NA,NA,NA,NA,NA,NA,NA,NA,NA,NA,NA,0.3185,NA,NA,0.2259,0.7201,0,0.3282,0,Bayes-M17-dist-short
Gety,Ituri,2,TRUE,NA,NA,NA,NA,NA,NA,NA,NA,NA,NA,NA,NA,NA,0.2592,NA,NA,0.3359,0.2973,0,0.4035,0,Bayes-M17-dist-short
Kilo,Ituri,2,TRUE,NA,NA,NA,NA,NA,NA,NA,NA,NA,NA,NA,NA,NA,0.1448,NA,NA,0.2201,0.0502,0,0.3089,0,Bayes-M17-dist-short
Komanda,Ituri,2,TRUE,NA,NA,NA,NA,NA,NA,NA,NA,NA,NA,NA,NA,NA,0.2341,NA,NA,0.3089,0.1197,0,0.5077,0,Bayes-M17-dist-short
Lita,Ituri,2,TRUE,NA,NA,NA,NA,NA,NA,NA,NA,NA,NA,NA,NA,NA,0.306,NA,NA,0.2761,0.7046,0,0.2432,0,Bayes-M17-dist-short
Lolwa,Ituri,2,TRUE,NA,NA,NA,NA,NA,NA,NA,NA,NA,NA,NA,NA,NA,0.3205,NA,NA,0.6429,0,0,0.639,0,Bayes-M17-dist-short
Mambasa,Ituri,2,TRUE,NA,NA,NA,NA,NA,NA,NA,NA,NA,NA,NA,NA,NA,0.4324,NA,NA,0.8842,0.2625,0,0.583,0,Bayes-M17-dist-short
Mandima,Ituri,2,TRUE,NA,NA,NA,NA,NA,NA,NA,NA,NA,NA,NA,NA,NA,0.2659,NA,NA,0.4846,0.2896,0,0.2896,0,Bayes-M17-dist-short
Mangala,Ituri,2,TRUE,NA,NA,NA,NA,NA,NA,NA,NA,NA,NA,NA,NA,NA,0.3021,NA,NA,0.305,0.6158,0,0.2876,0,Bayes-M17-dist-short
Mongbwalu,Ituri,2,TRUE,NA,NA,NA,NA,NA,NA,NA,NA,NA,NA,NA,NA,NA,0.2616,NA,NA,0.4112,0.1834,0,0.4517,0,Bayes-M17-dist-short
Nia Nia,Ituri,2,TRUE,NA,NA,NA,NA,NA,NA,NA,NA,NA,NA,NA,NA,NA,0.2978,NA,NA,0.666,0.0212,0,0.5039,0,Bayes-M17-dist-short
Nizi,Ituri,2,TRUE,NA,NA,NA,NA,NA,NA,NA,NA,NA,NA,NA,NA,NA,0.1771,NA,NA,0.1544,0.3378,0,0.2162,0,Bayes-M17-dist-short
Nyankunde,Ituri,2,TRUE,NA,NA,NA,NA,NA,NA,NA,NA,NA,NA,NA,NA,NA,0.2514,NA,NA,0.2838,0.2432,0,0.4788,0,Bayes-M17-dist-short
Rethy,Ituri,2,TRUE,NA,NA,NA,NA,NA,NA,NA,NA,NA,NA,NA,NA,NA,0.2703,NA,NA,0.2143,0.6081,0,0.2587,0,Bayes-M17-dist-short
Rwampara,Ituri,2,TRUE,NA,NA,NA,NA,NA,NA,NA,NA,NA,NA,NA,NA,NA,0.319,NA,NA,0.2375,0.7452,0,0.2934,0,Bayes-M17-dist-short
Tchomia,Ituri,2,TRUE,NA,NA,NA,NA,NA,NA,NA,NA,NA,NA,NA,NA,NA,0.1998,NA,NA,0.2104,0.3745,0,0.2143,0,Bayes-M17-dist-short
Beni,Nord-Kivu,2,TRUE,NA,NA,NA,NA,NA,NA,NA,NA,NA,NA,NA,NA,NA,0.1559,NA,NA,0.1525,0.2297,0,0.2413,0,Bayes-M17-dist-short
Butembo,Nord-Kivu,2,TRUE,NA,NA,NA,NA,NA,NA,NA,NA,NA,NA,NA,NA,NA,0.1829,NA,NA,0.1139,0.388,0,0.2297,0,Bayes-M17-dist-short
Kalunguta,Nord-Kivu,2,TRUE,NA,NA,NA,NA,NA,NA,NA,NA,NA,NA,NA,NA,NA,0.1559,NA,NA,0.195,0.2066,0,0.222,0,Bayes-M17-dist-short
Katwa,Nord-Kivu,2,TRUE,NA,NA,NA,NA,NA,NA,NA,NA,NA,NA,NA,NA,NA,0.1998,NA,NA,0.0869,0.4846,0,0.2278,0,Bayes-M17-dist-short
Kyondo,Nord-Kivu,2,TRUE,NA,NA,NA,NA,NA,NA,NA,NA,NA,NA,NA,NA,NA,0.3238,NA,NA,0.2954,0.7973,0,0.2027,0,Bayes-M17-dist-short
Lubero,Nord-Kivu,2,TRUE,NA,NA,NA,NA,NA,NA,NA,NA,NA,NA,NA,NA,NA,0.4585,NA,NA,0.5734,0.9382,0,0.3224,0,Bayes-M17-dist-short
Mabalako,Nord-Kivu,2,TRUE,NA,NA,NA,NA,NA,NA,NA,NA,NA,NA,NA,NA,NA,0.1573,NA,NA,0.1931,0.2046,0,0.2317,0,Bayes-M17-dist-short
Masereka,Nord-Kivu,2,TRUE,NA,NA,NA,NA,NA,NA,NA,NA,NA,NA,NA,NA,NA,0.36870000000000003,NA,NA,0.2548,0.9807,0,0.2394,0,Bayes-M17-dist-short
Musienene,Nord-Kivu,2,TRUE,NA,NA,NA,NA,NA,NA,NA,NA,NA,NA,NA,NA,NA,0.319,NA,NA,0.2645,0.7317,0,0.2799,0,Bayes-M17-dist-short
Oicha,Nord-Kivu,2,TRUE,NA,NA,NA,NA,NA,NA,NA,NA,NA,NA,NA,NA,NA,0.3364,NA,NA,0.3243,0.7606,0,0.2606,0,Bayes-M17-dist-short
Vuhovi,Nord-Kivu,2,TRUE,NA,NA,NA,NA,NA,NA,NA,NA,NA,NA,NA,NA,NA,0.2611,NA,NA,0.2027,0.6178,0,0.2239,0,Bayes-M17-dist-short
Goma,Nord-Kivu,2,TRUE,NA,NA,NA,NA,NA,NA,NA,NA,NA,NA,NA,NA,NA,0.2669,NA,NA,0.1274,0.8977,0,0.0425,0,Bayes-M17-dist-short
Miti Murhesa,Sud-Kivu,2,TRUE,NA,NA,NA,NA,NA,NA,NA,NA,NA,NA,NA,NA,NA,0.3277,NA,NA,0.2355,0.9131,0,0.1622,0,Bayes-M17-dist-short
Bafwasende,Tshopo,2,TRUE,NA,NA,NA,NA,NA,NA,NA,NA,NA,NA,NA,NA,NA,0.4546,NA,NA,0.9073,0.2413,0,0.6699,0,Bayes-M17-dist-short
Kabondo,Tshopo,2,TRUE,NA,NA,NA,NA,NA,NA,NA,NA,NA,NA,NA,NA,NA,0.18,NA,NA,0.1911,0.2722,0,0.2568,0,Bayes-M17-dist-short
Lubunga (Tshopo),Tshopo,2,TRUE,NA,NA,NA,NA,NA,NA,NA,NA,NA,NA,NA,NA,NA,0.2288,NA,NA,0.2452,0.3436,0,0.3263,0,Bayes-M17-dist-short
Makiso Kisangani,Tshopo,2,TRUE,NA,NA,NA,NA,NA,NA,NA,NA,NA,NA,NA,NA,NA,0.2355,NA,NA,0.1332,0.5309,0,0.278,0,Bayes-M17-dist-short
Mangobo,Tshopo,2,TRUE,NA,NA,NA,NA,NA,NA,NA,NA,NA,NA,NA,NA,NA,0.2061,NA,NA,0.0792,0.4382,0,0.3069,0,Bayes-M17-dist-short
Wanierukula,Tshopo,2,TRUE,NA,NA,NA,NA,NA,NA,NA,NA,NA,NA,NA,NA,NA,0.473,NA,NA,0.8436,0.5521,0,0.4961,0,Bayes-M17-dist-short
