health_zone,province,horizon,was_active_before,p_case_invasion,p_case_lo,p_case_hi,p_median,rank_med,rank_lo,rank_hi,mu_forecast,rr_nat,rr_nat_rank,rr01_nat,rr_ituri,rr_ituri_rank,rr_nordkivu,rr_nordkivu_rank,rr_hautuele,rr_hautuele_rank,V,priority,priority_rank,surveillance_gap,healthcare_gap,access_gap,social_vulnerability,healthcare_travel_min,method
Rethy,Ituri,1,FALSE,0.4874,0.3877,0.5834,0.4872,1,1,1,0.67490000000000006,54.8274,1,1,3.4166,1,NA,NA,NA,NA,0.2703,0.7242,2,0.2143,0.6081,0,0.2587,0,Bayes-M17-med
Watsa,Haut-Uele,1,FALSE,0.3792,0.2982,0.4624,0.3779,2,2,2,0.48,38.9931,2,0.778,NA,NA,NA,NA,3.6339,1,0.4797,1,1,0.7297,0.8436,0,0.3456,0,Bayes-M17-med
Nyarambe,Ituri,1,FALSE,0.2126,0.1632,0.2655,0.2113,3,3,3,0.2398,19.4808,3,0.4362,1.214,2,NA,NA,NA,NA,0.1805,0.211,10,0.1699,0.4595,0,0.0927,0,Bayes-M17-med
Biringi,Ituri,1,FALSE,0.1892,0.1473,0.2344,0.1881,5,4,5,0.2103,17.0814,4,0.3882,1.0644,3,NA,NA,NA,NA,0.3494,0.3634,4,0.3958,0.4865,0,0.5154,0,Bayes-M17-med
Mutwanga,Nord-Kivu,1,FALSE,0.1891,0.1449,0.2368,0.1879,4,4,5,0.2102,17.0784,5,0.388,NA,NA,3.7217,1,NA,NA,0.2408,0.2504,7,0.2606,0.4672,0,0.2355,0,Bayes-M17-med
Makoro,Haut-Uele,1,FALSE,0.1357,0.1028,0.1715,0.1347,6,6,7,0.1461,11.8683,6,0.2784,NA,NA,NA,NA,1.1061,2,0.3822,0.2851,5,0.556,0.5483,0,0.4247,0,Bayes-M17-med
Kayna,Nord-Kivu,1,FALSE,0.1342,0.1007,0.1707,0.1331,7,6,7,0.1444,11.7333,7,0.2754,NA,NA,2.5569,2,NA,NA,0.3113,0.2297,9,0.2278,0.6332,0,0.3842,0,Bayes-M17-med
Dungu,Haut-Uele,1,FALSE,0.1261,0.0923,0.1628,0.1252,8,8,8,0.1351,10.9736,8,0.2587,NA,NA,NA,NA,1.0227,3,0.5275,0.3657,3,0.8726,0.5598,0,0.6776,0,Bayes-M17-med
Angumu,Ituri,1,FALSE,0.1143,0.0871,0.1438,0.1133,9,9,9,0.1215,9.8712,9,0.2344,0.6151,4,NA,NA,NA,NA,0.11,0.0691,34,0.1641,0.1641,0,0.112,0,Bayes-M17-med
Karisimbi,Nord-Kivu,1,FALSE,0.0974,0.0732,0.1239,0.0966,10,10,10,0.1027,8.3404,10,0.1999,NA,NA,1.8175,3,NA,NA,0.1597,0.0856,26,0.0907,0.5154,0,0.0328,0,Bayes-M17-med
Linga,Ituri,1,FALSE,0.0933,0.0689,0.1195,0.0924,11,11,11,0.0981,7.9666,11,0.1914,0.4964,5,NA,NA,NA,NA,0.2148,0.1101,20,0.1969,0.3417,0,0.3205,0,Bayes-M17-med
Jiba,Ituri,1,FALSE,0.0893,0.0661,0.1145,0.0885,12,12,12,0.0937,7.6094,12,0.1832,0.4742,6,NA,NA,NA,NA,0.1651,0.081,27,0.1815,0.1274,0,0.3514,0,Bayes-M17-med
Biena,Nord-Kivu,1,FALSE,0.0851,0.0617,0.1096,0.0843,13,13,14,0.0891,7.2348,13,0.1746,NA,NA,1.5766,4,NA,NA,0.2013,0.0941,25,0.251,0.166,0,0.388,0,Bayes-M17-med
Niangara,Haut-Uele,1,FALSE,0.0823,0.0579,0.1094,0.0813,14,13,14,0.0861,6.9915,14,0.1689,NA,NA,NA,NA,0.6516,4,0.5512,0.2495,8,0.8031,0.4324,0,0.9691,0,Bayes-M17-med
Bafwagbogbo,Tshopo,1,FALSE,0.0785,0.0554,0.1042,0.0775,15,15,16,0.0818,6.648,15,0.161,NA,NA,NA,NA,NA,NA,0.3948,0.1703,12,0.8591,0.027,0,0.6931,0,Bayes-M17-med
Nyiragongo,Nord-Kivu,1,FALSE,0.0738,0.0555,0.094,0.0732,16,15,17,0.0768,6.2376,16,0.1515,NA,NA,1.3593,5,NA,NA,0.2891,0.1173,19,0.2432,0.8764,0,0.0367,0,Bayes-M17-med
Adi,Ituri,1,FALSE,0.0706,0.0516,0.0908,0.07,17,17,19,0.0733,5.9544,17,0.1448,0.3711,7,NA,NA,NA,NA,0.3977,0.1543,13,0.2587,0.7104,0,0.6216,0,Bayes-M17-med
Rutshuru,Nord-Kivu,1,FALSE,0.0685,0.0499,0.0889,0.0679,18,17,19,0.0711,5.7747,18,0.1406,NA,NA,1.2584,6,NA,NA,0.3721,0.1402,15,0.4093,0.9942,0,0.0849,0,Bayes-M17-med
Laybo,Ituri,1,FALSE,0.0664,0.0475,0.0876,0.0656,19,18,22,0.0688,5.5871,19,0.1362,0.3482,8,NA,NA,NA,NA,0.3393,0.1238,18,0.3069,0.556,0,0.4942,0,Bayes-M17-med
Poko,Bas-Uele,1,FALSE,0.0657,0.0464,0.0868,0.065,20,18,22,0.0681,5.5284,20,0.1348,NA,NA,NA,NA,NA,NA,0.7271,0.2626,6,0.9923,0.9517,0,0.9643,0,Bayes-M17-med
Kirotshe,Nord-Kivu,1,FALSE,0.0654,0.0474,0.0851,0.0648,21,19,21,0.0677,5.4994,21,0.1342,NA,NA,1.1984,7,NA,NA,0.3842,0.1381,16,0.3764,0.9961,0,0.1641,0,Bayes-M17-med
Alimbongo,Nord-Kivu,1,FALSE,0.0629,0.0461,0.0811,0.0623,22,21,22,0.065,5.2839,22,0.1291,NA,NA,1.1515,8,NA,NA,0.4262,0.1474,14,0.5849,0.7471,0,0.3726,0,Bayes-M17-med
Kamango,Nord-Kivu,1,FALSE,0.0541,0.0401,0.0695,0.0535,23,23,24,0.0556,4.5187,23,0.1109,NA,NA,0.9847,9,NA,NA,0.4373,0.13,17,0.6583,0.917,0,0.1737,0,Bayes-M17-med
Rwanguba,Nord-Kivu,1,FALSE,0.0532,0.0386,0.0693,0.0527,24,23,25,0.0547,4.4442,24,0.1091,NA,NA,0.9685,10,NA,NA,0.2442,0.0714,33,0.2085,0.7027,0,0.0656,0,Bayes-M17-med
Manguredjipa,Nord-Kivu,1,FALSE,0.0521,0.0374,0.0679,0.0517,25,24,25,0.0536,4.3535,25,0.107,NA,NA,0.9487,11,NA,NA,0.3475,0.0996,23,0.778,0.0579,0,0.5541,0,Bayes-M17-med
Kibirizi,Nord-Kivu,1,FALSE,0.0446,0.0323,0.058,0.0441,26,26,27,0.0457,3.7089,26,0.0915,NA,NA,0.8083,12,NA,NA,0.4175,0.1024,22,0.5405,0.8552,0,0.2741,0,Bayes-M17-med
Ganga,Bas-Uele,1,FALSE,0.0435,0.0304,0.0579,0.043,27,26,27,0.0445,3.6181,27,0.0893,NA,NA,NA,NA,NA,NA,0.7218,0.1727,11,0.9672,0.9556,0,0.9643,0,Bayes-M17-med
Faradje,Haut-Uele,1,FALSE,0.0383,0.0276,0.0502,0.038,28,28,30,0.0391,3.1779,28,0.0787,NA,NA,NA,NA,0.2962,5,0.4474,0.0943,24,0.7606,0.666,0,0.3629,0,Bayes-M17-med
Ibanda,Sud-Kivu,1,FALSE,0.0382,0.0282,0.0493,0.0378,29,28,29,0.039,3.1674,29,0.0784,NA,NA,NA,NA,NA,NA,0.2307,0.0485,44,0.083,0.6216,0,0.2181,0,Bayes-M17-med
Minova,Sud-Kivu,1,FALSE,0.0367,0.0265,0.048,0.0363,30,30,32,0.0374,3.0376,30,0.0753,NA,NA,NA,NA,NA,NA,0.3866,0.0779,29,0.4421,0.9826,0,0.1216,0,Bayes-M17-med
Nsele,Kinshasa,1,FALSE,0.036,0.0275,0.0456,0.0358,31,28,32,0.0367,2.982,31,0.0739,NA,NA,NA,NA,NA,NA,0.1583,0.0314,51,0.139,0.3996,0,0.0946,0,Bayes-M17-med
Banalia,Tshopo,1,FALSE,0.0344,0.0244,0.0457,0.034,32,31,34,0.0351,2.8494,32,0.0707,NA,NA,NA,NA,NA,NA,0.4242,0.0803,28,0.7799,0.1178,0,0.7992,0,Bayes-M17-med
Mweso,Nord-Kivu,1,FALSE,0.0336,0.0242,0.044,0.0333,33,33,34,0.0342,2.7792,33,0.069,NA,NA,0.6057,13,NA,NA,0.4189,0.0774,30,0.4498,0.9614,0,0.2645,0,Bayes-M17-med
Gombe,Kinshasa,1,FALSE,0.0331,0.0253,0.0418,0.0329,34,31,36,0.0337,2.7368,34,0.0679,NA,NA,NA,NA,NA,NA,0.1622,0.0295,55,0.0695,0.5695,0,0.0097,0,Bayes-M17-med
Aba,Haut-Uele,1,FALSE,0.033,0.0237,0.0432,0.0327,35,34,35,0.0336,2.7266,35,0.0677,NA,NA,NA,NA,0.2541,6,0.569,0.1032,21,0.6004,0.6853,0,0.9903,0,Bayes-M17-med
Masisi,Nord-Kivu,1,FALSE,0.0315,0.0227,0.0412,0.0312,36,35,36,0.032,2.6001,36,0.0646,NA,NA,0.5666,14,NA,NA,0.4402,0.0762,31,0.4324,0.9575,0,0.3707,0,Bayes-M17-med
Kadutu,Sud-Kivu,1,FALSE,0.0287,0.0212,0.037,0.0284,37,37,38,0.0291,2.367,37,0.0589,NA,NA,NA,NA,NA,NA,0.1636,0.0258,63,0.0579,0.3861,0,0.2104,0,Bayes-M17-med
Katana,Sud-Kivu,1,FALSE,0.0285,0.0213,0.0365,0.0282,38,37,40,0.0289,2.349,38,0.0585,NA,NA,NA,NA,NA,NA,0.3224,0.0505,43,0.2471,0.9112,0,0.1313,0,Bayes-M17-med
Binza,Nord-Kivu,1,FALSE,0.0282,0.0204,0.0369,0.0279,39,37,41,0.0286,2.3247,39,0.0579,NA,NA,0.5066,15,NA,NA,0.3518,0.0545,39,0.471,0.8378,0,0.0985,0,Bayes-M17-med
Bambo,Nord-Kivu,1,FALSE,0.0279,0.0203,0.0363,0.0276,40,39,42,0.0283,2.2975,40,0.0572,NA,NA,0.5007,16,NA,NA,0.3962,0.0607,37,0.5521,0.9073,0,0.1255,0,Bayes-M17-med
Kabare,Sud-Kivu,1,FALSE,0.0266,0.0196,0.0344,0.0263,41,41,43,0.027,2.1914,41,0.0546,NA,NA,NA,NA,NA,NA,0.3567,0.0522,42,0.2394,0.9884,0,0.1988,0,Bayes-M17-med
Binza Ozone,Kinshasa,1,FALSE,0.0264,0.0201,0.0336,0.0262,42,39,42,0.0268,2.1773,42,0.0542,NA,NA,NA,NA,NA,NA,0.152,0.0221,71,0.0734,0.5232,0,0.0116,0,Bayes-M17-med
Limete,Kinshasa,1,FALSE,0.0261,0.0199,0.033,0.0259,43,40,43,0.0264,2.146,43,0.0535,NA,NA,NA,NA,NA,NA,0.056,0.008,130,0.0405,0.1371,0,0.0463,0,Bayes-M17-med
Uvira,Sud-Kivu,1,FALSE,0.0237,0.0171,0.031,0.0234,44,44,46,0.024,1.9477,44,0.0486,NA,NA,NA,NA,NA,NA,0.5502,0.0716,32,0.2181,0.9846,0,0.9981,0,Bayes-M17-med
Kokolo,Kinshasa,1,FALSE,0.0233,0.0178,0.0295,0.0231,45,44,45,0.0236,1.9157,45,0.0478,NA,NA,NA,NA,NA,NA,0.2172,0.0278,58,0.0772,0.7722,0,0.0193,0,Bayes-M17-med
Lingwala,Kinshasa,1,FALSE,0.0228,0.0174,0.0288,0.0226,46,45,46,0.023,1.8717,46,0.0467,NA,NA,NA,NA,NA,NA,0.0323,0.004,223,0.0232,0.0907,0,0.0154,0,Bayes-M17-med
Kinshasa,Kinshasa,1,FALSE,0.0215,0.0164,0.0272,0.0214,47,47,48,0.0218,1.7687,47,0.0442,NA,NA,NA,NA,NA,NA,0.0203,0.0024,324,0.0135,0.0463,0,0.0212,0,Bayes-M17-med
Katoyi,Nord-Kivu,1,FALSE,0.0211,0.0151,0.0277,0.0209,48,47,50,0.0213,1.7314,48,0.0432,NA,NA,0.3773,17,NA,NA,0.4542,0.0526,40,0.4614,0.9595,0,0.3958,0,Bayes-M17-med
Kalamu 1,Kinshasa,1,FALSE,0.0204,0.0156,0.0258,0.0203,49,48,51,0.0206,1.6765,49,0.0419,NA,NA,NA,NA,NA,NA,0.0309,0.0035,250,0.0193,0.0734,0,0.0309,0,Bayes-M17-med
Kasa Vubu,Kinshasa,1,FALSE,0.0203,0.0155,0.0257,0.0202,50,49,52,0.0205,1.6675,50,0.0417,NA,NA,NA,NA,NA,NA,0.0444,0.005,200,0.0309,0.1216,0,0.0251,0,Bayes-M17-med
Walikale,Nord-Kivu,1,FALSE,0.0198,0.0146,0.0255,0.0196,51,50,52,0.02,1.6224,51,0.0406,NA,NA,0.3535,18,NA,NA,0.5729,0.0623,36,0.9459,0.9286,0,0.417,0,Bayes-M17-med
Walungu,Sud-Kivu,1,FALSE,0.0194,0.0139,0.0255,0.0192,52,49,55,0.0196,1.591,52,0.0398,NA,NA,NA,NA,NA,NA,0.3248,0.0346,48,0.1853,0.8803,0,0.2336,0,Bayes-M17-med
Lemba,Kinshasa,1,FALSE,0.0189,0.0144,0.0239,0.0187,53,51,55,0.0191,1.5505,53,0.0388,NA,NA,NA,NA,NA,NA,0.1023,0.0106,107,0.0483,0.3069,0,0.0541,0,Bayes-M17-med
Ruzizi,Sud-Kivu,1,FALSE,0.0184,0.0134,0.0241,0.0183,54,53,56,0.0186,1.513,54,0.0378,NA,NA,NA,NA,NA,NA,0.5627,0.0571,38,0.3494,0.9093,0,0.9923,0,Bayes-M17-med
Bondo,Bas-Uele,1,FALSE,0.0182,0.0131,0.0237,0.018,55,53,57,0.0183,1.4898,56,0.0373,NA,NA,NA,NA,NA,NA,0.6737,0.0673,35,0.9961,0.9981,0,0.7008,0,Bayes-M17-med
Masina 1,Kinshasa,1,FALSE,0.0182,0.0139,0.0231,0.0181,56,53,56,0.0184,1.4944,55,0.0374,NA,NA,NA,NA,NA,NA,0.0193,0.0019,357,0.0077,0.0077,0,0.0618,0,Bayes-M17-med
Kintambo,Kinshasa,1,FALSE,0.018,0.0137,0.0228,0.0179,57,54,59,0.0182,1.4756,57,0.0369,NA,NA,NA,NA,NA,NA,0.0338,0.0033,258,0.0212,0.1004,0,0.0135,0,Bayes-M17-med
Bengamisa,Tshopo,1,FALSE,0.017,0.0121,0.0224,0.0168,58,57,61,0.0171,1.3915,58,0.0348,NA,NA,NA,NA,NA,NA,0.3012,0.0281,56,0.612,0.2162,0,0.3764,0,Bayes-M17-med
Fizi,Sud-Kivu,1,FALSE,0.0169,0.012,0.0222,0.0167,59,58,60,0.017,1.3809,59,0.0346,NA,NA,NA,NA,NA,NA,0.5637,0.0522,41,0.7432,0.9691,0,0.5425,0,Bayes-M17-med
Kalehe,Sud-Kivu,1,FALSE,0.016,0.0116,0.0208,0.0158,60,60,63,0.0161,1.3079,60,0.0328,NA,NA,NA,NA,NA,NA,0.3369,0.0296,54,0.3417,0.8649,0,0.1409,0,Bayes-M17-med
Birambizo,Nord-Kivu,1,FALSE,0.0158,0.0114,0.0207,0.0156,61,61,64,0.0159,1.2928,61,0.0324,NA,NA,0.2817,19,NA,NA,0.3625,0.0315,50,0.4035,0.89,0,0.1564,0,Bayes-M17-med
Masina 2,Kinshasa,1,FALSE,0.0157,0.0119,0.0198,0.0155,62,58,64,0.0158,1.284,62,0.0322,NA,NA,NA,NA,NA,NA,0.0265,0.0023,331,0.0174,0.0193,0,0.0695,0,Bayes-M17-med
Bandalungwa,Kinshasa,1,FALSE,0.0156,0.0119,0.0197,0.0155,63,59,66,0.0157,1.2758,63,0.032,NA,NA,NA,NA,NA,NA,0.0709,0.0061,164,0.0328,0.2336,0,0.0174,0,Bayes-M17-med
Pinga,Nord-Kivu,1,FALSE,0.0153,0.0111,0.0199,0.0151,64,62,65,0.0154,1.2501,64,0.0313,NA,NA,0.2724,20,NA,NA,0.57,0.0478,45,0.9595,0.7548,0,0.5656,0,Bayes-M17-med
Binza Meteo,Kinshasa,1,FALSE,0.015,0.0114,0.0191,0.0149,65,62,68,0.0151,1.2273,65,0.0308,NA,NA,NA,NA,NA,NA,0.2558,0.0211,72,0.0965,0.8996,0,0.027,0,Bayes-M17-med
Bagira,Sud-Kivu,1,FALSE,0.0148,0.0106,0.0194,0.0146,66,63,67,0.0149,1.2086,66,0.0303,NA,NA,NA,NA,NA,NA,0.236,0.0192,75,0.1004,0.6371,0,0.2066,0,Bayes-M17-med
Isangi,Tshopo,1,FALSE,0.0145,0.0104,0.019,0.0143,67,66,71,0.0146,1.1858,67,0.0297,NA,NA,NA,NA,NA,NA,0.3837,0.0306,52,0.4054,0.4073,0,0.722,0,Bayes-M17-med
Yakusu,Tshopo,1,FALSE,0.0144,0.0102,0.0188,0.0143,68,65,73,0.0145,1.1775,68,0.0295,NA,NA,NA,NA,NA,NA,0.319,0.0252,65,0.4208,0.2085,0,0.6467,0,Bayes-M17-med
Nyantende,Sud-Kivu,1,FALSE,0.0141,0.0102,0.0183,0.0139,69,69,72,0.0142,1.1506,69,0.0288,NA,NA,NA,NA,NA,NA,0.3219,0.0249,67,0.1486,0.8938,0,0.2452,0,Bayes-M17-med
Lemera,Sud-Kivu,1,FALSE,0.0136,0.0097,0.0179,0.0135,70,70,76,0.0137,1.1127,70,0.0279,NA,NA,NA,NA,NA,NA,0.5613,0.042,46,0.3629,0.9015,0,0.9807,0,Bayes-M17-med
Kikimi,Kinshasa,1,FALSE,0.0135,0.0103,0.0171,0.0134,71,66,75,0.0136,1.1031,71,0.0277,NA,NA,NA,NA,NA,NA,0.0835,0.0062,163,0.056,0.1911,0,0.0869,0,Bayes-M17-med
Nyemba,Tanganyika,1,FALSE,0.0135,0.0099,0.0174,0.0133,72,71,74,0.0136,1.1013,72,0.0276,NA,NA,NA,NA,NA,NA,0.3456,0.0256,64,0.5965,0.4556,0,0.3301,0,Bayes-M17-med
Mont Ngafula 1,Kinshasa,1,FALSE,0.0134,0.0101,0.017,0.0132,73,70,75,0.0134,1.0921,73,0.0274,NA,NA,NA,NA,NA,NA,0.2066,0.0152,93,0.1371,0.6313,0,0.0579,0,Bayes-M17-med
Lubutu,Maniema,1,FALSE,0.0133,0.0098,0.0172,0.0131,74,73,76,0.0134,1.0862,74,0.0272,NA,NA,NA,NA,NA,NA,0.4706,0.0343,49,0.8205,0.2819,0,0.7799,0,Bayes-M17-med
Mubumbano,Sud-Kivu,1,FALSE,0.0133,0.0095,0.0175,0.0131,75,71,78,0.0134,1.0862,75,0.0272,NA,NA,NA,NA,NA,NA,0.3658,0.0267,61,0.2683,0.9402,0,0.2548,0,Bayes-M17-med
Matete,Kinshasa,1,FALSE,0.0131,0.01,0.0166,0.013,76,68,76,0.0132,1.0738,76,0.0269,NA,NA,NA,NA,NA,NA,0.0492,0.0036,245,0.0251,0.1158,0,0.056,0,Bayes-M17-med
Barumbu,Kinshasa,1,FALSE,0.013,0.0099,0.0165,0.0129,77,69,77,0.0131,1.0654,77,0.0267,NA,NA,NA,NA,NA,NA,0.014,0.001,420,0.0097,0.0232,0,0.0232,0,Bayes-M17-med
Mont Ngafula 2,Kinshasa,1,FALSE,0.0122,0.0092,0.0155,0.0121,78,77,79,0.0123,0.9971,78,0.025,NA,NA,NA,NA,NA,NA,0.0951,0.0064,158,0.0849,0.2568,0,0.0386,0,Bayes-M17-med
Selembao,Kinshasa,1,FALSE,0.012,0.0091,0.0152,0.0119,79,79,81,0.012,0.977,79,0.0245,NA,NA,NA,NA,NA,NA,0.0676,0.0044,213,0.0444,0.1815,0,0.0444,0,Bayes-M17-med
Mwana,Sud-Kivu,1,FALSE,0.0118,0.0084,0.0156,0.0117,80,78,82,0.0119,0.9659,80,0.0242,NA,NA,NA,NA,NA,NA,0.3731,0.0242,68,0.2896,0.9035,0,0.2992,0,Bayes-M17-med
Kaniola,Sud-Kivu,1,FALSE,0.0113,0.0081,0.0149,0.0112,81,81,85,0.0114,0.9225,81,0.0232,NA,NA,NA,NA,NA,NA,0.4513,0.028,57,0.5328,0.9305,0,0.3417,0,Bayes-M17-med
Ndjili,Kinshasa,1,FALSE,0.0111,0.0084,0.0141,0.011,83,80,84,0.0112,0.9063,83,0.0228,NA,NA,NA,NA,NA,NA,0.0487,0.003,287,0.027,0.1042,0,0.0637,0,Bayes-M17-med
Nyangezi,Sud-Kivu,1,FALSE,0.0111,0.008,0.0146,0.011,82,82,86,0.0112,0.9086,82,0.0228,NA,NA,NA,NA,NA,NA,0.36870000000000003,0.0225,70,0.222,0.8842,0,0.36870000000000003,0,Bayes-M17-med
Kingabwa,Kinshasa,1,FALSE,0.0109,0.0083,0.0139,0.0109,84,81,86,0.011,0.8936,84,0.0224,NA,NA,NA,NA,NA,NA,0.0478,0.0029,297,0.0425,0.0965,0,0.0521,0,Bayes-M17-med
Bunyakiri,Sud-Kivu,1,FALSE,0.0108,0.0077,0.0142,0.0107,85,83,87,0.0109,0.8839,85,0.0222,NA,NA,NA,NA,NA,NA,0.4517,0.0269,60,0.6197,0.832,0,0.3552,0,Bayes-M17-med
Ngiri Ngiri,Kinshasa,1,FALSE,0.0105,0.008,0.0132,0.0104,86,83,87,0.0105,0.8544,86,0.0215,NA,NA,NA,NA,NA,NA,0.028,0.0016,386,0.0154,0.0676,0,0.029,0,Bayes-M17-med
Aketi,Bas-Uele,1,FALSE,0.0103,0.0074,0.0135,0.0102,87,83,89,0.0104,0.8417,87,0.0211,NA,NA,NA,NA,NA,NA,0.6762,0.0383,47,0.9903,0.9363,0,0.778,0,Bayes-M17-med
Police,Kinshasa,1,FALSE,0.0102,0.0078,0.0129,0.0101,88,84,89,0.0102,0.8303,88,0.0209,NA,NA,NA,NA,NA,NA,0.0478,0.0027,305,0.0463,0.0772,0,0.0676,0,Bayes-M17-med
Kindu,Maniema,1,FALSE,0.0097,0.0071,0.0126,0.0096,89,88,89,0.0098,0.7927,89,0.0199,NA,NA,NA,NA,NA,NA,0.3181,0.017,77,0.1351,0.2529,0,0.8842,0,Bayes-M17-med
Kasongo,Maniema,1,FALSE,0.0091,0.0065,0.012,0.009,90,90,92,0.0091,0.7428,90,0.0187,NA,NA,NA,NA,NA,NA,0.5304,0.0265,62,0.4459,0.7529,0,0.9228,0,Bayes-M17-med
Maluku 1,Kinshasa,1,FALSE,0.0088,0.0067,0.0112,0.0087,91,90,93,0.0089,0.7197,91,0.0181,NA,NA,NA,NA,NA,NA,0.2321,0.0113,105,0.3475,0.4517,0,0.1293,0,Bayes-M17-med
Yabaondo,Tshopo,1,FALSE,0.0087,0.0061,0.0115,0.0086,92,91,94,0.0087,0.7073,92,0.0178,NA,NA,NA,NA,NA,NA,0.3523,0.0168,78,0.4363,0.305,0,0.668,0,Bayes-M17-med
Shabunda,Sud-Kivu,1,FALSE,0.0083,0.006,0.0109,0.0082,93,93,94,0.0083,0.6778,93,0.017,NA,NA,NA,NA,NA,NA,0.5922,0.027,59,0.8378,0.8726,0,0.6583,0,Bayes-M17-med
Basoko,Tshopo,1,FALSE,0.0082,0.0059,0.0107,0.0081,94,94,95,0.0082,0.668,94,0.0168,NA,NA,NA,NA,NA,NA,0.3012,0.0136,98,0.5077,0.3147,0,0.3822,0,Bayes-M17-med
Kingasani,Kinshasa,1,FALSE,0.0081,0.0062,0.0103,0.0081,95,92,98,0.0082,0.6644,95,0.0167,NA,NA,NA,NA,NA,NA,0.0294,0.0013,403,0.0058,0.0405,0,0.0714,0,Bayes-M17-med
Titule,Bas-Uele,1,FALSE,0.008,0.0057,0.0104,0.0079,96,92,100,0.008,0.6491,97,0.0163,NA,NA,NA,NA,NA,NA,0.6839,0.0299,53,0.9865,0.8263,0,0.9228,0,Bayes-M17-med
Ubundu,Tshopo,1,FALSE,0.008,0.0057,0.0106,0.0079,97,95,98,0.0081,0.6545,96,0.0165,NA,NA,NA,NA,NA,NA,0.4744,0.0209,73,0.9054,0.4305,0,0.5618,0,Bayes-M17-med
Nundu,Sud-Kivu,1,FALSE,0.0077,0.0055,0.0102,0.0076,98,96,99,0.0078,0.6305,98,0.0159,NA,NA,NA,NA,NA,NA,0.5927,0.0252,66,0.527,0.8494,0,0.9942,0,Bayes-M17-med
Lubumbashi,Haut-Katanga,1,FALSE,0.0076,0.0057,0.0097,0.0075,100,96,100,0.0076,0.618,100,0.0155,NA,NA,NA,NA,NA,NA,0.1105,0.0046,211,0.1081,0.2104,0,0.1236,0,Bayes-M17-med
Kalemie,Tanganyika,1,FALSE,0.0076,0.0056,0.0099,0.0075,99,98,100,0.0076,0.6198,99,0.0156,NA,NA,NA,NA,NA,NA,0.3789,0.0158,83,0.6718,0.4575,0,0.3861,0,Bayes-M17-med
Kalonge,Sud-Kivu,1,FALSE,0.007,0.005,0.0092,0.0069,102,102,102,0.007,0.5723,102,0.0144,NA,NA,NA,NA,NA,NA,0.404,0.0156,86,0.4961,0.8359,0,0.2838,0,Bayes-M17-med
Yaleko,Tshopo,1,FALSE,0.007,0.0049,0.0093,0.0069,101,101,104,0.0071,0.5733,101,0.0144,NA,NA,NA,NA,NA,NA,0.402,0.0155,87,0.639,0.2452,0,0.7239,0,Bayes-M17-med
Kunda,Maniema,1,FALSE,0.0069,0.0049,0.0091,0.0068,104,103,105,0.0069,0.5598,104,0.0141,NA,NA,NA,NA,NA,NA,0.4165,0.0157,84,0.4633,0.2799,0,0.9228,0,Bayes-M17-med
Yamaluka,Mongala,1,FALSE,0.0069,0.0051,0.0089,0.0068,103,101,106,0.0069,0.5634,103,0.0142,NA,NA,NA,NA,NA,NA,0.1974,0.0075,137,0.2799,0.1448,0,0.3649,0,Bayes-M17-med
Yambuku,Mongala,1,FALSE,0.0067,0.0047,0.0089,0.0066,106,104,106,0.0067,0.5433,106,0.0137,NA,NA,NA,NA,NA,NA,0.4344,0.0159,81,0.5483,0.5753,0,0.6139,0,Bayes-M17-med
Lisala,Mongala,1,FALSE,0.0067,0.0049,0.0088,0.0067,105,103,106,0.0068,0.5496,105,0.0138,NA,NA,NA,NA,NA,NA,0.4093,0.0152,92,0.4286,0.4402,0,0.7683,0,Bayes-M17-med
Ango,Bas-Uele,1,FALSE,0.0058,0.0041,0.0078,0.0058,107,107,111,0.0059,0.4754,107,0.012,NA,NA,NA,NA,NA,NA,0.7095,0.0228,69,1,0.8591,0,0.9788,0,Bayes-M17-med
Saramabila,Maniema,1,FALSE,0.0058,0.0041,0.0077,0.0057,109,108,110,0.0058,0.4718,108,0.0119,NA,NA,NA,NA,NA,NA,0.4768,0.0152,91,0.473,0.5502,0,0.8842,0,Bayes-M17-med
Kaziba,Sud-Kivu,1,FALSE,0.0058,0.0041,0.0076,0.0057,109,108,110,0.0058,0.4714,109,0.0119,NA,NA,NA,NA,NA,NA,0.3571,0.0114,104,0.2876,0.7838,0,0.3571,0,Bayes-M17-med
Makala,Kinshasa,1,FALSE,0.0057,0.0043,0.0073,0.0057,111,107,115,0.0057,0.4648,111,0.0117,NA,NA,NA,NA,NA,NA,0.0246,8e-4,435,0.0116,0.0386,0,0.0483,0,Bayes-M17-med
Opienge,Tshopo,1,FALSE,0.0057,0.004,0.0077,0.0056,110,107,114,0.0057,0.4662,110,0.0117,NA,NA,NA,NA,NA,NA,0.4445,0.014,96,0.9556,0.0135,0,0.8089,0,Bayes-M17-med
Djolu,Tshuapa,1,FALSE,0.0057,0.004,0.0076,0.0056,111,111,113,0.0057,0.4615,112,0.0116,NA,NA,NA,NA,NA,NA,0.5256,0.0164,79,0.7104,0.5985,0,0.7934,0,Bayes-M17-med
Kitutu,Sud-Kivu,1,FALSE,0.0055,0.0039,0.0073,0.0055,113,112,114,0.0055,0.4508,113,0.0114,NA,NA,NA,NA,NA,NA,0.5024,0.0153,90,0.751,0.805,0,0.4537,0,Bayes-M17-med
Kibua,Nord-Kivu,1,FALSE,0.0054,0.0039,0.0071,0.0054,115,114,116,0.0054,0.4415,115,0.0111,NA,NA,0.0962,21,NA,NA,0.5154,0.0154,88,0.7741,0.6602,0,0.6274,0,Bayes-M17-med
Kongolo,Tanganyika,1,FALSE,0.0054,0.0039,0.0072,0.0054,114,113,116,0.0055,0.4433,114,0.0112,NA,NA,NA,NA,NA,NA,0.6829,0.0204,74,0.8861,0.9228,0,0.9228,0,Bayes-M17-med
Kalamu 2,Kinshasa,1,FALSE,0.0053,0.004,0.0067,0.0053,116,108,123,0.0053,0.4326,116,0.0109,NA,NA,NA,NA,NA,NA,0.015,4e-4,448,0.0039,0.0154,0,0.0405,0,Bayes-M17-med
Kabinda,Lomami,1,FALSE,0.0052,0.0037,0.0069,0.0052,118,117,121,0.0052,0.4245,118,0.0107,NA,NA,NA,NA,NA,NA,0.4382,0.0126,99,0.5097,0.5541,0,0.6892,0,Bayes-M17-med
Lolo,Mongala,1,FALSE,0.0052,0.0037,0.0068,0.0051,119,116,123,0.0052,0.4213,120,0.0106,NA,NA,NA,NA,NA,NA,0.3161,0.009,120,0.4073,0.3263,0,0.5309,0,Bayes-M17-med
Mwenga,Sud-Kivu,1,FALSE,0.0052,0.0037,0.0069,0.0051,120,118,120,0.0052,0.4236,119,0.0107,NA,NA,NA,NA,NA,NA,0.319,0.0091,118,0.5,0.3552,0,0.4208,0,Bayes-M17-med
Kimbi Lulenge,Sud-Kivu,1,FALSE,0.0052,0.0037,0.0069,0.0052,117,116,119,0.0053,0.4273,117,0.0108,NA,NA,NA,NA,NA,NA,0.5507,0.0159,82,0.8475,0.8687,0,0.4865,0,Bayes-M17-med
Kalole,Sud-Kivu,1,FALSE,0.0051,0.0036,0.0068,0.0051,121,120,123,0.0051,0.4173,121,0.0105,NA,NA,NA,NA,NA,NA,0.6038,0.017,76,0.89,0.7799,0,0.7452,0,Bayes-M17-med
Yahuma,Tshopo,1,FALSE,0.0051,0.0036,0.0068,0.005,122,119,125,0.0051,0.4157,122,0.0105,NA,NA,NA,NA,NA,NA,0.4402,0.0123,100,0.8649,0.332,0,0.5637,0,Bayes-M17-med
Mumbunda,Haut-Katanga,1,FALSE,0.005,0.0037,0.0065,0.005,123,117,126,0.005,0.4101,123,0.0103,NA,NA,NA,NA,NA,NA,0.1853,0.0051,195,0.1197,0.5077,0,0.1139,0,Bayes-M17-med
Manika,Lualaba,1,FALSE,0.005,0.0037,0.0064,0.0049,124,118,127,0.005,0.4075,124,0.0103,NA,NA,NA,NA,NA,NA,0.1149,0.0032,272,0.0946,0.222,0,0.1429,0,Bayes-M17-med
Itebero,Nord-Kivu,1,FALSE,0.005,0.0036,0.0066,0.0049,125,122,125,0.005,0.4064,125,0.0102,NA,NA,0.0886,22,NA,NA,0.5574,0.0153,89,0.9112,0.722,0,0.5965,0,Bayes-M17-med
Mulungu,Sud-Kivu,1,FALSE,0.0049,0.0035,0.0065,0.0049,126,124,126,0.0049,0.4005,126,0.0101,NA,NA,NA,NA,NA,NA,0.5208,0.0141,95,0.861,0.5193,0,0.7027,0,Bayes-M17-med
Bonzola,Kasaï-Oriental,1,FALSE,0.0048,0.0034,0.0063,0.0047,129,128,129,0.0048,0.3894,129,0.0098,NA,NA,NA,NA,NA,NA,0.2958,0.0078,132,0.0927,0.7934,0,0.2973,0,Bayes-M17-med
Bumba,Mongala,1,FALSE,0.0048,0.0034,0.0064,0.0048,127,125,129,0.0048,0.3924,127,0.0099,NA,NA,NA,NA,NA,NA,0.2384,0.0063,159,0.1409,0.4537,0,0.3591,0,Bayes-M17-med
Kamituga,Sud-Kivu,1,FALSE,0.0048,0.0034,0.0063,0.0047,128,127,129,0.0048,0.3899,128,0.0098,NA,NA,NA,NA,NA,NA,0.3596,0.0095,115,0.3938,0.6062,0,0.4382,0,Bayes-M17-med
Doruma,Haut-Uele,1,FALSE,0.0047,0.0032,0.0063,0.0046,130,128,130,0.0047,0.3808,130,0.0096,NA,NA,NA,NA,0.0355,7,0.6216,0.016,80,0.973,0.5135,0,1,0,Bayes-M17-med
Mbulula,Tanganyika,1,FALSE,0.0044,0.0031,0.0058,0.0043,131,131,132,0.0044,0.3562,131,0.009,NA,NA,NA,NA,NA,NA,0.5934,0.0143,94,0.6448,0.7761,0,0.9527,0,Bayes-M17-med
Punia,Maniema,1,FALSE,0.0043,0.003,0.0056,0.0042,133,133,134,0.0043,0.348,133,0.0088,NA,NA,NA,NA,NA,NA,0.3731,0.0088,123,0.7625,0.1969,0,0.5328,0,Bayes-M17-med
Lodja,Sankuru,1,FALSE,0.0043,0.0031,0.0058,0.0043,132,132,133,0.0043,0.3524,132,0.0089,NA,NA,NA,NA,NA,NA,0.4626,0.011,106,0.2625,0.6351,0,0.9527,0,Bayes-M17-med
Kananga,Kasaï-Central,1,FALSE,0.0042,0.003,0.0056,0.0042,134,134,135,0.0042,0.3429,134,0.0086,NA,NA,NA,NA,NA,NA,0.2963,0.0069,146,0.1429,0.5579,0,0.4846,0,Bayes-M17-med
Kisenso,Kinshasa,1,FALSE,0.0041,0.003,0.0052,0.004,137,131,143,0.0041,0.3305,137,0.0083,NA,NA,NA,NA,NA,NA,0.0589,0.0013,404,0.0367,0.139,0,0.0598,0,Bayes-M17-med
Kampene,Maniema,1,FALSE,0.0041,0.0029,0.0054,0.004,135,135,137,0.0041,0.3328,135,0.0084,NA,NA,NA,NA,NA,NA,0.3962,0.0089,121,0.5251,0.1757,0,0.8842,0,Bayes-M17-med
Kalima,Maniema,1,FALSE,0.0041,0.0029,0.0054,0.004,136,136,138,0.0041,0.3314,136,0.0084,NA,NA,NA,NA,NA,NA,0.3094,0.0069,145,0.4595,0.3205,0,0.4575,0,Bayes-M17-med
Kabalo,Tanganyika,1,FALSE,0.0041,0.0029,0.0054,0.004,138,137,140,0.0041,0.33,138,0.0083,NA,NA,NA,NA,NA,NA,0.624,0.0139,97,0.9035,0.7568,0,0.8359,0,Bayes-M17-med
Likati,Bas-Uele,1,FALSE,0.004,0.0029,0.0053,0.004,139,135,145,0.004,0.3266,141,0.0082,NA,NA,NA,NA,NA,NA,0.7124,0.0157,85,0.9942,0.971,0,0.8842,0,Bayes-M17-med
Gemena,Sud-Ubangi,1,FALSE,0.004,0.0028,0.0054,0.004,141,136,144,0.004,0.3274,140,0.0083,NA,NA,NA,NA,NA,NA,0.3277,0.0072,139,0.1776,0.2741,0,0.8591,0,Bayes-M17-med
Moba,Tanganyika,1,FALSE,0.004,0.0029,0.0054,0.004,140,139,141,0.004,0.3283,139,0.0083,NA,NA,NA,NA,NA,NA,0.3808,0.0084,126,0.6178,0.4942,0,0.4112,0,Bayes-M17-med
Kasansa,Kasaï-Oriental,1,FALSE,0.0039,0.0028,0.0052,0.0039,143,142,146,0.0039,0.3179,143,0.008,NA,NA,NA,NA,NA,NA,0.3349,0.0072,140,0.2568,0.6699,0,0.4131,0,Bayes-M17-med
Opala,Tshopo,1,FALSE,0.0039,0.0027,0.0052,0.0038,144,143,150,0.0039,0.3143,144,0.0079,NA,NA,NA,NA,NA,NA,0.4269,0.0091,119,0.7819,0.0792,0,0.8465,0,Bayes-M17-med
Yahisuli,Tshopo,1,FALSE,0.0039,0.0028,0.0052,0.0039,142,140,148,0.0039,0.3191,142,0.008,NA,NA,NA,NA,NA,NA,0.3521,0.0076,136,0.3842,0.0714,0,0.9527,0,Bayes-M17-med
Biyela,Kinshasa,1,FALSE,0.0038,0.0029,0.0049,0.0038,145,136,148,0.0038,0.3106,145,0.0078,NA,NA,NA,NA,NA,NA,0.1076,0.0023,334,0.0637,0.2838,0,0.083,0,Bayes-M17-med
Manono,Tanganyika,1,FALSE,0.0038,0.0027,0.005,0.0038,146,145,149,0.0038,0.31,146,0.0078,NA,NA,NA,NA,NA,NA,0.5758,0.0121,102,0.8784,0.9537,0,0.471,0,Bayes-M17-med
Kipushi,Haut-Katanga,1,FALSE,0.0037,0.0028,0.0048,0.0037,147,139,150,0.0038,0.3048,147,0.0077,NA,NA,NA,NA,NA,NA,0.1216,0.0025,318,0.2703,0.1081,0,0.1081,0,Bayes-M17-med
Kimbanseke,Kinshasa,1,FALSE,0.0037,0.0028,0.0047,0.0036,149,143,154,0.0037,0.2986,149,0.0075,NA,NA,NA,NA,NA,NA,0.0526,0.0011,416,0.0521,0.0849,0,0.0734,0,Bayes-M17-med
Nyunzu,Tanganyika,1,FALSE,0.0037,0.0026,0.0049,0.0036,148,147,152,0.0037,0.2996,148,0.0076,NA,NA,NA,NA,NA,NA,0.6023,0.0122,101,0.9653,0.834,0,0.61,0,Bayes-M17-med
Mbandaka,Equateur,1,FALSE,0.0036,0.0027,0.0047,0.0036,150,144,156,0.0037,0.2966,150,0.0075,NA,NA,NA,NA,NA,NA,0.5164,0.0103,109,0.6409,0.9633,0,0.4614,0,Bayes-M17-med
Tshamilemba,Haut-Katanga,1,FALSE,0.0036,0.0027,0.0046,0.0036,153,145,157,0.0036,0.2946,152,0.0074,NA,NA,NA,NA,NA,NA,0.0772,0.0015,393,0.0656,0.1255,0,0.1178,0,Bayes-M17-med
Nzaba,Kasaï-Oriental,1,FALSE,0.0036,0.0026,0.0048,0.0036,152,149,153,0.0036,0.2944,153,0.0074,NA,NA,NA,NA,NA,NA,0.278,0.0055,177,0.1042,0.6931,0,0.3147,0,Bayes-M17-med
Boende,Tshuapa,1,FALSE,0.0036,0.0026,0.0048,0.0036,151,146,154,0.0036,0.2951,151,0.0074,NA,NA,NA,NA,NA,NA,0.4199,0.0084,127,0.6988,0.4807,0,0.5,0,Bayes-M17-med
Kabongo,Haut-Lomami,1,FALSE,0.0035,0.0025,0.0047,0.0035,156,151,157,0.0035,0.2874,155,0.0072,NA,NA,NA,NA,NA,NA,0.5372,0.0104,108,0.8108,0.778,0,0.5598,0,Bayes-M17-med
Lusangi,Maniema,1,FALSE,0.0035,0.0025,0.0046,0.0034,157,155,158,0.0035,0.2838,157,0.0072,NA,NA,NA,NA,NA,NA,0.4223,0.0081,129,0.5656,0.2645,0,0.8591,0,Bayes-M17-med
Lulingu,Sud-Kivu,1,FALSE,0.0035,0.0025,0.0047,0.0035,155,153,156,0.0035,0.2873,156,0.0072,NA,NA,NA,NA,NA,NA,0.6158,0.012,103,0.9093,0.8108,0,0.7432,0,Bayes-M17-med
Haut Plateau,Sud-Kivu,1,FALSE,0.0035,0.0025,0.0047,0.0035,154,151,154,0.0036,0.2887,154,0.0073,NA,NA,NA,NA,NA,NA,0.5246,0.0102,110,0.5714,0.5444,0,0.9826,0,Bayes-M17-med
Kamina,Haut-Lomami,1,FALSE,0.0034,0.0024,0.0045,0.0033,162,161,163,0.0034,0.2731,162,0.0069,NA,NA,NA,NA,NA,NA,0.5164,0.0095,114,0.8301,0.8301,0,0.4054,0,Bayes-M17-med
Maluku 2,Kinshasa,1,FALSE,0.0034,0.0025,0.0043,0.0033,161,151,167,0.0034,0.2734,161,0.0069,NA,NA,NA,NA,NA,NA,0.4184,0.0077,134,0.6834,0.5463,0,0.444,0,Bayes-M17-med
Mulumba,Lomami,1,FALSE,0.0034,0.0024,0.0045,0.0034,159,158,161,0.0034,0.2781,159,0.007,NA,NA,NA,NA,NA,NA,0.2587,0.0049,203,0.1834,0.3108,0,0.5405,0,Bayes-M17-med
Luputa,Lomami,1,FALSE,0.0034,0.0024,0.0045,0.0034,160,160,162,0.0034,0.2767,160,0.007,NA,NA,NA,NA,NA,NA,0.3431,0.0064,157,0.3301,0.3166,0,0.7259,0,Bayes-M17-med
Minembwe,Sud-Kivu,1,FALSE,0.0034,0.0024,0.0045,0.0034,158,158,160,0.0034,0.2786,158,0.007,NA,NA,NA,NA,NA,NA,0.5198,0.0098,113,0.7181,0.8089,0,0.5521,0,Bayes-M17-med
Tshilenge,Kasaï-Oriental,1,FALSE,0.0033,0.0024,0.0044,0.0033,163,162,164,0.0033,0.2715,163,0.0068,NA,NA,NA,NA,NA,NA,0.2799,0.0051,194,0.1892,0.668,0,0.2625,0,Bayes-M17-med
Idiofa,Kwilu,1,FALSE,0.0033,0.0023,0.0044,0.0032,165,165,167,0.0033,0.2666,165,0.0067,NA,NA,NA,NA,NA,NA,0.486,0.0088,124,0.4537,0.749,0,0.7413,0,Bayes-M17-med
Mweneditu,Lomami,1,FALSE,0.0033,0.0024,0.0044,0.0033,164,163,165,0.0033,0.2708,164,0.0068,NA,NA,NA,NA,NA,NA,0.2799,0.0051,196,0.166,0.3842,0,0.5695,0,Bayes-M17-med
Samba,Maniema,1,FALSE,0.0033,0.0023,0.0043,0.0032,166,165,166,0.0033,0.2663,166,0.0067,NA,NA,NA,NA,NA,NA,0.5179,0.0093,117,0.7529,0.4344,0,0.8842,0,Bayes-M17-med
Lingomo,Tshuapa,1,FALSE,0.0033,0.0023,0.0044,0.0032,167,164,169,0.0033,0.2657,167,0.0067,NA,NA,NA,NA,NA,NA,0.5627,0.0101,111,0.8263,0.5869,0,0.8378,0,Bayes-M17-med
Bumbu,Kinshasa,1,FALSE,0.0031,0.0024,0.004,0.0031,169,159,174,0.0031,0.2548,169,0.0064,NA,NA,NA,NA,NA,NA,0.0164,3e-4,454,0.0019,0.029,0,0.0347,0,Bayes-M17-med
Kailo,Maniema,1,FALSE,0.0031,0.0022,0.0042,0.0031,168,168,170,0.0031,0.2552,168,0.0064,NA,NA,NA,NA,NA,NA,0.4276,0.0074,138,0.832,0.0946,0,0.7838,0,Bayes-M17-med
Tshikapa,Kasaï,1,FALSE,0.003,0.0021,0.0039,0.0029,174,173,174,0.003,0.2412,173,0.0061,NA,NA,NA,NA,NA,NA,0.3156,0.0051,193,0.2722,0.6506,0,0.3398,0,Bayes-M17-med
Kabeya Kamwanga,Kasaï-Oriental,1,FALSE,0.003,0.0021,0.004,0.003,172,171,173,0.003,0.2433,172,0.0061,NA,NA,NA,NA,NA,NA,0.2968,0.0049,202,0.3224,0.3919,0,0.473,0,Bayes-M17-med
Yamongili,Mongala,1,FALSE,0.003,0.0021,0.004,0.003,170,169,171,0.003,0.2472,170,0.0062,NA,NA,NA,NA,NA,NA,0.3243,0.0054,180,0.5116,0.3668,0,0.4189,0,Bayes-M17-med
Ikela,Tshuapa,1,FALSE,0.003,0.0021,0.004,0.003,171,170,173,0.003,0.2456,171,0.0062,NA,NA,NA,NA,NA,NA,0.4633,0.0077,135,0.8147,0.1795,0,0.8591,0,Bayes-M17-med
Malemba Nkulu,Haut-Lomami,1,FALSE,0.0029,0.0021,0.0038,0.0029,177,176,177,0.0029,0.2358,177,0.0059,NA,NA,NA,NA,NA,NA,0.3895,0.0062,162,0.36870000000000003,0.7664,0,0.4228,0,Bayes-M17-med
Kamwesha,Kasaï,1,FALSE,0.0029,0.0021,0.0039,0.0029,175,174,175,0.0029,0.239,175,0.006,NA,NA,NA,NA,NA,NA,0.2732,0.0044,214,0.3456,0.2876,0,0.4595,0,Bayes-M17-med
Ngaba,Kinshasa,1,FALSE,0.0029,0.0022,0.0037,0.0029,176,168,180,0.0029,0.2385,176,0.006,NA,NA,NA,NA,NA,NA,0.014,2e-4,455,0,0.0058,0,0.0502,0,Bayes-M17-med
Mondombe,Tshuapa,1,FALSE,0.0029,0.0021,0.0039,0.0029,174,172,176,0.003,0.2398,174,0.006,NA,NA,NA,NA,NA,NA,0.4797,0.0078,133,0.6622,0.3726,0,0.8842,0,Bayes-M17-med
Kitenge,Haut-Lomami,1,FALSE,0.0028,0.002,0.0037,0.0028,179,179,180,0.0028,0.2294,179,0.0058,NA,NA,NA,NA,NA,NA,0.5729,0.0089,122,0.8668,0.8069,0,0.6178,0,Bayes-M17-med
Demba,Kasaï-Central,1,FALSE,0.0028,0.002,0.0038,0.0028,178,177,178,0.0029,0.2317,178,0.0058,NA,NA,NA,NA,NA,NA,0.4117,0.0064,155,0.4653,0.7143,0,0.4672,0,Bayes-M17-med
Karawa,Nord-Ubangi,1,FALSE,0.0028,0.002,0.0038,0.0028,180,177,180,0.0028,0.2293,180,0.0058,NA,NA,NA,NA,NA,NA,0.6404,0.0099,112,0.7568,0.973,0,0.832,0,Bayes-M17-med
Kaniama,Haut-Lomami,1,FALSE,0.0027,0.0019,0.0036,0.0027,181,181,181,0.0027,0.2221,181,0.0056,NA,NA,NA,NA,NA,NA,0.582,0.0087,125,0.8533,0.6622,0,0.8127,0,Bayes-M17-med
Mikalayi,Kasaï-Central,1,FALSE,0.0027,0.0019,0.0035,0.0026,183,182,184,0.0027,0.2174,183,0.0055,NA,NA,NA,NA,NA,NA,0.3948,0.0058,171,0.4517,0.5811,0,0.5463,0,Bayes-M17-med
Lubao,Lomami,1,FALSE,0.0027,0.0019,0.0035,0.0026,182,182,183,0.0027,0.2178,182,0.0055,NA,NA,NA,NA,NA,NA,0.3982,0.0059,169,0.6486,0.1525,0,0.7915,0,Bayes-M17-med
Lusanga,Kwilu,1,FALSE,0.0026,0.0018,0.0034,0.0026,187,186,187,0.0026,0.2104,187,0.0053,NA,NA,NA,NA,NA,NA,0.4242,0.006,165,0.4382,0.7297,0,0.529,0,Bayes-M17-med
Bwamanda,Sud-Ubangi,1,FALSE,0.0026,0.0018,0.0035,0.0026,185,184,185,0.0026,0.2139,184,0.0054,NA,NA,NA,NA,NA,NA,0.4667,0.0067,149,0.4189,0.7394,0,0.7085,0,Bayes-M17-med
Yalimbongo,Tshopo,1,FALSE,0.0026,0.0018,0.0035,0.0026,184,182,186,0.0026,0.2137,185,0.0054,NA,NA,NA,NA,NA,NA,0.3214,0.0046,210,0.5772,0.0483,0,0.6602,0,Bayes-M17-med
Bokungu,Tshuapa,1,FALSE,0.0026,0.0018,0.0035,0.0026,186,185,187,0.0026,0.2119,186,0.0053,NA,NA,NA,NA,NA,NA,0.49370000000000003,0.0071,141,0.695,0.3571,0,0.9228,0,Bayes-M17-med
Bili (Bas-Uele),Bas-Uele,1,FALSE,0.0025,0.0017,0.0032,0.0024,192,188,201,0.0025,0.2004,192,0.0051,NA,NA,NA,NA,NA,NA,0.6926,0.0094,116,0.9981,0.7992,0,0.973,0,Bayes-M17-med
Luebo,Kasaï,1,FALSE,0.0025,0.0018,0.0033,0.0025,190,189,191,0.0025,0.2047,190,0.0052,NA,NA,NA,NA,NA,NA,0.4353,0.006,167,0.5232,0.5116,0,0.7066,0,Bayes-M17-med
Mweka,Kasaï,1,FALSE,0.0025,0.0017,0.0033,0.0024,193,192,193,0.0025,0.2003,193,0.0051,NA,NA,NA,NA,NA,NA,0.5053,0.0068,148,0.4788,0.7239,0,0.8185,0,Bayes-M17-med
Cilundu,Kasaï-Oriental,1,FALSE,0.0025,0.0017,0.0033,0.0024,194,193,194,0.0025,0.2,194,0.005,NA,NA,NA,NA,NA,NA,0.221,0.003,286,0.2317,0.3089,0,0.3436,0,Bayes-M17-med
Diulu,Kasaï-Oriental,1,FALSE,0.0025,0.0018,0.0033,0.0025,189,189,190,0.0025,0.205,189,0.0052,NA,NA,NA,NA,NA,NA,0.2611,0.0036,242,0.0676,0.6448,0,0.332,0,Bayes-M17-med
Lukelenge,Kasaï-Oriental,1,FALSE,0.0025,0.0018,0.0034,0.0025,188,188,189,0.0026,0.2073,188,0.0052,NA,NA,NA,NA,NA,NA,0.2249,0.0032,273,0.0811,0.5,0,0.3185,0,Bayes-M17-med
Ngandajika,Lomami,1,FALSE,0.0025,0.0018,0.0033,0.0025,191,191,192,0.0025,0.2035,191,0.0051,NA,NA,NA,NA,NA,NA,0.3465,0.0048,206,0.2124,0.4459,0,0.7278,0,Bayes-M17-med
Bena Leka,Kasaï-Central,1,FALSE,0.0024,0.0017,0.0032,0.0024,199,199,199,0.0024,0.1939,199,0.0049,NA,NA,NA,NA,NA,NA,0.4986,0.0065,153,0.6062,0.7162,0,0.6718,0,Bayes-M17-med
Luiza,Kasaï-Central,1,FALSE,0.0024,0.0017,0.0032,0.0024,196,194,196,0.0024,0.1958,196,0.0049,NA,NA,NA,NA,NA,NA,0.4218,0.0056,175,0.4807,0.6293,0,0.5772,0,Bayes-M17-med
Masuika,Kasaï-Central,1,FALSE,0.0024,0.0017,0.0031,0.0023,202,200,202,0.0024,0.1917,202,0.0048,NA,NA,NA,NA,NA,NA,0.3885,0.005,198,0.3263,0.5618,0,0.666,0,Bayes-M17-med
Vanga,Kwilu,1,FALSE,0.0024,0.0017,0.0032,0.0024,195,194,196,0.0024,0.196,195,0.0049,NA,NA,NA,NA,NA,NA,0.5034,0.0067,150,0.3726,0.8205,0,0.8205,0,Bayes-M17-med
Bulungu,Kwilu,1,FALSE,0.0024,0.0017,0.0032,0.0024,197,196,197,0.0024,0.1955,197,0.0049,NA,NA,NA,NA,NA,NA,0.4508,0.006,168,0.3571,0.6795,0,0.7664,0,Bayes-M17-med
Kabambare,Maniema,1,FALSE,0.0024,0.0017,0.0032,0.0024,198,198,201,0.0024,0.194,198,0.0049,NA,NA,NA,NA,NA,NA,0.3953,0.0052,192,0.8359,0.112,0,0.6332,0,Bayes-M17-med
Tandala,Sud-Ubangi,1,FALSE,0.0024,0.0017,0.0032,0.0023,200,198,202,0.0024,0.1929,200,0.0049,NA,NA,NA,NA,NA,NA,0.4078,0.0053,186,0.2741,0.527,0,0.8301,0,Bayes-M17-med
Yalifafu,Tshuapa,1,FALSE,0.0024,0.0017,0.0032,0.0023,201,198,202,0.0024,0.1924,201,0.0049,NA,NA,NA,NA,NA,NA,0.4797,0.0062,160,0.7664,0.2683,0,0.8842,0,Bayes-M17-med
Bibanga,Kasaï-Oriental,1,FALSE,0.0023,0.0016,0.0031,0.0023,204,204,204,0.0023,0.1883,204,0.0047,NA,NA,NA,NA,NA,NA,0.2978,0.0038,232,0.3127,0.4884,0,0.39,0,Bayes-M17-med
Kenge,Kwango,1,FALSE,0.0023,0.0016,0.003,0.0023,206,206,206,0.0023,0.1864,206,0.0047,NA,NA,NA,NA,NA,NA,0.5574,0.007,142,0.6139,0.8127,0,0.8031,0,Bayes-M17-med
Fungurume,Lualaba,1,FALSE,0.0023,0.0017,0.0031,0.0023,203,203,203,0.0023,0.1895,203,0.0048,NA,NA,NA,NA,NA,NA,0.1564,0.002,351,0.2664,0.1622,0,0.1969,0,Bayes-M17-med
Kansimba,Tanganyika,1,FALSE,0.0023,0.0016,0.0031,0.0023,205,205,205,0.0023,0.1873,205,0.0047,NA,NA,NA,NA,NA,NA,0.5497,0.007,144,0.9479,0.7741,0,0.4768,0,Bayes-M17-med
Bukama,Haut-Lomami,1,FALSE,0.0022,0.0016,0.003,0.0022,210,209,212,0.0022,0.1808,210,0.0046,NA,NA,NA,NA,NA,NA,0.4764,0.0058,170,0.7143,0.7625,0,0.4286,0,Bayes-M17-med
Citenge,Kasaï-Oriental,1,FALSE,0.0022,0.0016,0.003,0.0022,207,207,209,0.0022,0.1826,207,0.0046,NA,NA,NA,NA,NA,NA,0.2321,0.0029,298,0.1583,0.4749,0,0.2954,0,Bayes-M17-med
Kikwit Nord,Kwilu,1,FALSE,0.0022,0.0015,0.0029,0.0021,217,216,217,0.0022,0.1764,217,0.0044,NA,NA,NA,NA,NA,NA,0.2915,0.0035,249,0.1236,0.5405,0,0.5019,0,Bayes-M17-med
Tshofa,Lomami,1,FALSE,0.0022,0.0016,0.0029,0.0022,214,211,214,0.0022,0.1784,214,0.0045,NA,NA,NA,NA,NA,NA,0.4416,0.0053,183,0.6757,0.3514,0,0.7394,0,Bayes-M17-med
Kalenda,Lomami,1,FALSE,0.0022,0.0016,0.0029,0.0022,215,215,215,0.0022,0.1774,215,0.0045,NA,NA,NA,NA,NA,NA,0.2886,0.0035,251,0.388,0.1873,0,0.5792,0,Bayes-M17-med
Kanda Kanda,Lomami,1,FALSE,0.0022,0.0016,0.003,0.0022,209,208,211,0.0022,0.181,209,0.0046,NA,NA,NA,NA,NA,NA,0.3012,0.0037,238,0.3185,0.1737,0,0.7124,0,Bayes-M17-med
Kibombo,Maniema,1,FALSE,0.0022,0.0015,0.0029,0.0021,216,216,217,0.0022,0.1768,216,0.0045,NA,NA,NA,NA,NA,NA,0.4614,0.0055,179,0.7452,0.1776,0,0.9228,0,Bayes-M17-med
Pimu,Mongala,1,FALSE,0.0022,0.0016,0.003,0.0022,211,209,214,0.0022,0.1802,211,0.0045,NA,NA,NA,NA,NA,NA,0.4257,0.0052,191,0.583,0.3707,0,0.749,0,Bayes-M17-med
Yakoma,Nord-Ubangi,1,FALSE,0.0022,0.0016,0.003,0.0022,208,207,211,0.0022,0.1818,208,0.0046,NA,NA,NA,NA,NA,NA,0.6641,0.0082,128,0.7124,0.9479,0,0.9961,0,Bayes-M17-med
Katako Kombe,Sankuru,1,FALSE,0.0022,0.0016,0.0029,0.0022,213,212,213,0.0022,0.1791,213,0.0045,NA,NA,NA,NA,NA,NA,0.4703,0.0057,173,0.7857,0.1313,0,0.9643,0,Bayes-M17-med
Lomela,Sankuru,1,FALSE,0.0022,0.0016,0.0029,0.0022,211,208,214,0.0022,0.1802,212,0.0045,NA,NA,NA,NA,NA,NA,0.4759,0.0058,172,0.8456,0.1351,0,0.9228,0,Bayes-M17-med
Kalonda Ouest,Kasaï,1,FALSE,0.0021,0.0015,0.0027,0.002,224,223,224,0.0021,0.1673,224,0.0042,NA,NA,NA,NA,NA,NA,0.2239,0.0025,316,0.2915,0.251,0,0.3533,0,Bayes-M17-med
Gungu,Kwilu,1,FALSE,0.0021,0.0015,0.0027,0.002,225,224,225,0.0021,0.167,225,0.0042,NA,NA,NA,NA,NA,NA,0.4237,0.0048,205,0.5058,0.6969,0,0.4923,0,Bayes-M17-med
Mukedi,Kwilu,1,FALSE,0.0021,0.0015,0.0028,0.0021,222,222,223,0.0021,0.1688,222,0.0043,NA,NA,NA,NA,NA,NA,0.4836,0.0055,178,0.5367,0.7066,0,0.6911,0,Bayes-M17-med
Dilala,Lualaba,1,FALSE,0.0021,0.0015,0.0028,0.0021,221,220,221,0.0021,0.1702,221,0.0043,NA,NA,NA,NA,NA,NA,0.1347,0.0015,391,0.1506,0.2548,0,0.1332,0,Bayes-M17-med
Binga,Mongala,1,FALSE,0.0021,0.0014,0.0027,0.002,223,222,228,0.0021,0.1674,223,0.0042,NA,NA,NA,NA,NA,NA,0.3306,0.0037,237,0.4749,0.249,0,0.5985,0,Bayes-M17-med
Bosondjo,Mongala,1,FALSE,0.0021,0.0015,0.0028,0.0021,219,218,221,0.0021,0.1723,219,0.0043,NA,NA,NA,NA,NA,NA,0.3489,0.0041,221,0.5618,0.1931,0,0.6409,0,Bayes-M17-med
Vanga Kete,Sankuru,1,FALSE,0.0021,0.0015,0.0028,0.0021,220,219,220,0.0021,0.1718,220,0.0043,NA,NA,NA,NA,NA,NA,0.4503,0.0052,189,0.4672,0.4112,0,0.9228,0,Bayes-M17-med
Itombwe,Sud-Kivu,1,FALSE,0.0021,0.0015,0.0028,0.0021,218,218,219,0.0021,0.174,218,0.0044,NA,NA,NA,NA,NA,NA,0.5121,0.006,166,0.8571,0.6737,0,0.5174,0,Bayes-M17-med
Monga,Bas-Uele,1,FALSE,0.002,0.0014,0.0026,0.0019,233,231,235,0.002,0.1595,233,0.004,NA,NA,NA,NA,NA,NA,0.7336,0.0079,131,0.9826,0.9672,0,0.9846,0,Bayes-M17-med
Mulongo,Haut-Lomami,1,FALSE,0.002,0.0014,0.0026,0.002,230,230,231,0.002,0.1612,230,0.0041,NA,NA,NA,NA,NA,NA,0.4773,0.0052,190,0.7471,0.7703,0,0.3919,0,Bayes-M17-med
Miabi,Kasaï-Oriental,1,FALSE,0.002,0.0015,0.0027,0.002,227,226,227,0.002,0.1659,227,0.0042,NA,NA,NA,NA,NA,NA,0.2838,0.0032,270,0.2297,0.6525,0,0.2529,0,Bayes-M17-med
Muya,Kasaï-Oriental,1,FALSE,0.002,0.0014,0.0026,0.0019,234,232,234,0.002,0.1586,234,0.004,NA,NA,NA,NA,NA,NA,0.2495,0.0027,304,0.0753,0.5888,0,0.334,0,Bayes-M17-med
Koshibanda,Kwilu,1,FALSE,0.002,0.0014,0.0026,0.0019,231,231,233,0.002,0.1601,231,0.004,NA,NA,NA,NA,NA,NA,0.4913,0.0053,185,0.5193,0.6757,0,0.7703,0,Bayes-M17-med
Ludimbi Lukula,Lomami,1,FALSE,0.002,0.0014,0.0027,0.002,228,227,228,0.002,0.1648,228,0.0042,NA,NA,NA,NA,NA,NA,0.4513,0.005,199,0.6931,0.3475,0,0.7645,0,Bayes-M17-med
Obokote,Maniema,1,FALSE,0.002,0.0015,0.0027,0.002,226,225,226,0.0021,0.1667,226,0.0042,NA,NA,NA,NA,NA,NA,0.3209,0.0036,243,0.7239,0.0328,0,0.527,0,Bayes-M17-med
Omendjadi,Sankuru,1,FALSE,0.002,0.0014,0.0027,0.002,229,229,229,0.002,0.1631,229,0.0041,NA,NA,NA,NA,NA,NA,0.4262,0.0047,209,0.5502,0.2317,0,0.9228,0,Bayes-M17-med
Libenge,Sud-Ubangi,1,FALSE,0.002,0.0014,0.0026,0.0019,232,230,234,0.002,0.16,232,0.004,NA,NA,NA,NA,NA,NA,0.3818,0.0041,219,0.6293,0.3591,0,0.5386,0,Bayes-M17-med
Tshikaji,Kasaï-Central,1,FALSE,0.0019,0.0013,0.0025,0.0018,247,245,249,0.0019,0.151,247,0.0038,NA,NA,NA,NA,NA,NA,0.3195,0.0033,263,0.1873,0.5849,0,0.5058,0,Bayes-M17-med
Luambo,Kasaï-Central,1,FALSE,0.0019,0.0014,0.0025,0.0019,241,241,241,0.0019,0.1554,241,0.0039,NA,NA,NA,NA,NA,NA,0.3769,0.004,226,0.5347,0.5656,0,0.4073,0,Bayes-M17-med
Bipemba,Kasaï-Oriental,1,FALSE,0.0019,0.0014,0.0025,0.0019,239,238,239,0.0019,0.156,239,0.0039,NA,NA,NA,NA,NA,NA,0.1544,0.0016,385,0.0618,0.2201,0,0.3359,0,Bayes-M17-med
Dibindi,Kasaï-Oriental,1,FALSE,0.0019,0.0013,0.0025,0.0019,244,243,245,0.0019,0.1526,244,0.0039,NA,NA,NA,NA,NA,NA,0.1617,0.0017,382,0.0386,0.2954,0,0.3127,0,Bayes-M17-med
Lubilanji,Kasaï-Oriental,1,FALSE,0.0019,0.0014,0.0025,0.0019,238,237,238,0.0019,0.1562,238,0.0039,NA,NA,NA,NA,NA,NA,0.1694,0.0018,373,0.0347,0.3398,0,0.3031,0,Bayes-M17-med
Mpokolo,Kasaï-Oriental,1,FALSE,0.0019,0.0013,0.0025,0.0019,242,242,243,0.0019,0.1541,242,0.0039,NA,NA,NA,NA,NA,NA,0.2901,0.003,278,0.1255,0.6873,0,0.3475,0,Bayes-M17-med
Tshishimbi,Kasaï-Oriental,1,FALSE,0.0019,0.0014,0.0025,0.0019,240,239,240,0.0019,0.1559,240,0.0039,NA,NA,NA,NA,NA,NA,0.1742,0.0018,370,0.1795,0.2471,0,0.2703,0,Bayes-M17-med
Ipamu,Kwilu,1,FALSE,0.0019,0.0013,0.0025,0.0018,248,247,249,0.0019,0.1506,248,0.0038,NA,NA,NA,NA,NA,NA,0.5454,0.0056,176,0.4903,0.7683,0,0.9228,0,Bayes-M17-med
Kalambayi Kabanga,Lomami,1,FALSE,0.0019,0.0014,0.0026,0.0019,236,236,237,0.0019,0.1566,236,0.004,NA,NA,NA,NA,NA,NA,0.3132,0.0033,260,0.4556,0.1602,0,0.6371,0,Bayes-M17-med
Kamana,Lomami,1,FALSE,0.0019,0.0013,0.0025,0.0018,246,244,248,0.0019,0.1516,246,0.0038,NA,NA,NA,NA,NA,NA,0.2944,0.003,280,0.5309,0.0174,0,0.6293,0,Bayes-M17-med
Gbadolite,Nord-Ubangi,1,FALSE,0.0019,0.0013,0.0025,0.0018,245,244,249,0.0019,0.1519,245,0.0038,NA,NA,NA,NA,NA,NA,0.5183,0.0053,184,0.7915,0.9653,0,0.3166,0,Bayes-M17-med
Ototo,Sankuru,1,FALSE,0.0019,0.0014,0.0026,0.0019,237,236,240,0.0019,0.1564,237,0.0039,NA,NA,NA,NA,NA,NA,0.4561,0.0048,204,0.5386,0.3629,0,0.9228,0,Bayes-M17-med
Bogosenubea,Sud-Ubangi,1,FALSE,0.0019,0.0013,0.0025,0.0019,243,242,246,0.0019,0.153,243,0.0039,NA,NA,NA,NA,NA,NA,0.4107,0.0042,216,0.4981,0.3031,0,0.8417,0,Bayes-M17-med
Ankoro,Tanganyika,1,FALSE,0.0019,0.0014,0.0026,0.0019,235,234,235,0.0019,0.1574,235,0.004,NA,NA,NA,NA,NA,NA,0.6047,0.0064,156,0.9266,0.8282,0,0.6641,0,Bayes-M17-med
Basankusu,Equateur,1,FALSE,0.0018,0.0013,0.0024,0.0018,258,252,259,0.0018,0.1482,257,0.0037,NA,NA,NA,NA,NA,NA,0.6844,0.0069,147,0.9517,0.8629,0,0.9228,0,Bayes-M17-med
Bolomba,Equateur,1,FALSE,0.0018,0.0013,0.0024,0.0018,252,247,256,0.0018,0.1494,251,0.0038,NA,NA,NA,NA,NA,NA,0.6163,0.0062,161,0.9575,0.8533,0,0.6544,0,Bayes-M17-med
Kampemba,Haut-Katanga,1,FALSE,0.0018,0.0013,0.0024,0.0018,253,253,254,0.0018,0.149,253,0.0038,NA,NA,NA,NA,NA,NA,0.0531,5e-4,447,0.0598,0.0367,0,0.1158,0,Bayes-M17-med
Sakania,Haut-Katanga,1,FALSE,0.0018,0.0013,0.0024,0.0018,259,258,260,0.0018,0.1464,259,0.0037,NA,NA,NA,NA,NA,NA,0.2775,0.0027,303,0.7375,0.2355,0,0.1371,0,Bayes-M17-med
Kabondo Dianda,Haut-Lomami,1,FALSE,0.0018,0.0013,0.0025,0.0018,249,248,251,0.0018,0.1502,250,0.0038,NA,NA,NA,NA,NA,NA,0.4107,0.0042,217,0.5888,0.5714,0,0.4826,0,Bayes-M17-med
Kanzala,Kasaï,1,FALSE,0.0018,0.0013,0.0023,0.0017,265,264,266,0.0018,0.1436,265,0.0036,NA,NA,NA,NA,NA,NA,0.2046,0.002,352,0.168,0.3127,0,0.3378,0,Bayes-M17-med
Dibaya,Kasaï-Central,1,FALSE,0.0018,0.0013,0.0023,0.0017,266,265,268,0.0018,0.143,266,0.0036,NA,NA,NA,NA,NA,NA,0.3325,0.0032,267,0.3147,0.4479,0,0.5676,0,Bayes-M17-med
Ndekesha,Kasaï-Central,1,FALSE,0.0018,0.0013,0.0024,0.0018,261,261,261,0.0018,0.1457,261,0.0037,NA,NA,NA,NA,NA,NA,0.4059,0.004,224,0.4768,0.4498,0,0.6969,0,Bayes-M17-med
Kansele,Kasaï-Oriental,1,FALSE,0.0018,0.0013,0.0024,0.0018,264,262,264,0.0018,0.1449,264,0.0037,NA,NA,NA,NA,NA,NA,0.2437,0.0024,326,0.0541,0.5965,0,0.3243,0,Bayes-M17-med
Matadi,Kongo-Central,1,FALSE,0.0018,0.0013,0.0024,0.0018,251,250,253,0.0018,0.1494,252,0.0038,NA,NA,NA,NA,NA,NA,0.2939,0.003,288,0.1564,0.944,0,0.0753,0,Bayes-M17-med
Yasa Bonga,Kwilu,1,FALSE,0.0018,0.0012,0.0023,0.0017,267,267,269,0.0018,0.1425,267,0.0036,NA,NA,NA,NA,NA,NA,0.4206,0.0041,222,0.3031,0.5328,0,0.8465,0,Bayes-M17-med
Alunguli,Maniema,1,FALSE,0.0018,0.0013,0.0024,0.0018,260,258,262,0.0018,0.1458,260,0.0037,NA,NA,NA,NA,NA,NA,0.3132,0.0031,276,0.1737,0.195,0,0.8842,0,Bayes-M17-med
Bosobolo,Nord-Ubangi,1,FALSE,0.0018,0.0013,0.0024,0.0018,262,259,266,0.0018,0.1453,262,0.0037,NA,NA,NA,NA,NA,NA,0.7148,0.007,143,0.9363,0.9459,0,0.9768,0,Bayes-M17-med
Dikungu,Sankuru,1,FALSE,0.0018,0.0013,0.0024,0.0018,256,254,258,0.0018,0.1483,256,0.0037,NA,NA,NA,NA,NA,NA,0.3779,0.0038,231,0.4865,0.1409,0,0.8842,0,Bayes-M17-med
Minga,Sankuru,1,FALSE,0.0018,0.0013,0.0024,0.0018,255,252,257,0.0018,0.1487,255,0.0038,NA,NA,NA,NA,NA,NA,0.5347,0.0054,181,0.7838,0.471,0,0.8842,0,Bayes-M17-med
Tshumbe,Sankuru,1,FALSE,0.0018,0.0013,0.0024,0.0018,254,250,256,0.0018,0.1489,254,0.0038,NA,NA,NA,NA,NA,NA,0.3907,0.0039,228,0.5444,0.1718,0,0.8465,0,Bayes-M17-med
Lowa,Tshopo,1,FALSE,0.0018,0.0013,0.0024,0.0018,263,263,263,0.0018,0.145,263,0.0037,NA,NA,NA,NA,NA,NA,0.4073,0.004,225,0.8938,0.0598,0,0.6757,0,Bayes-M17-med
Basali,Tshopo,1,FALSE,0.0018,0.0013,0.0024,0.0018,257,254,259,0.0018,0.1482,258,0.0037,NA,NA,NA,NA,NA,NA,0.3779,0.0038,234,0.834,0.0251,0,0.6525,0,Bayes-M17-med
Befale,Tshuapa,1,FALSE,0.0018,0.0012,0.0023,0.0017,268,265,270,0.0018,0.1424,268,0.0036,NA,NA,NA,NA,NA,NA,0.5145,0.005,201,0.8822,0.4903,0,0.6853,0,Bayes-M17-med
Mompono,Tshuapa,1,FALSE,0.0018,0.0013,0.0025,0.0018,250,246,255,0.0018,0.1503,249,0.0038,NA,NA,NA,NA,NA,NA,0.5598,0.0057,174,0.8089,0.6042,0,0.8263,0,Bayes-M17-med
Ruashi,Haut-Katanga,1,FALSE,0.0017,0.0012,0.0022,0.0016,282,281,282,0.0017,0.1346,282,0.0034,NA,NA,NA,NA,NA,NA,0.0705,6e-4,444,0.0985,0.0637,0,0.1197,0,Bayes-M17-med
Mukanga,Haut-Lomami,1,FALSE,0.0017,0.0012,0.0023,0.0017,269,268,270,0.0017,0.142,269,0.0036,NA,NA,NA,NA,NA,NA,0.4739,0.0045,212,0.6853,0.6911,0,0.5193,0,Bayes-M17-med
Ilebo,Kasaï,1,FALSE,0.0017,0.0012,0.0022,0.0017,277,275,278,0.0017,0.1367,278,0.0034,NA,NA,NA,NA,NA,NA,0.3142,0.0029,294,0.2162,0.6139,0,0.4266,0,Bayes-M17-med
Katende,Kasaï-Central,1,FALSE,0.0017,0.0012,0.0022,0.0017,279,276,279,0.0017,0.1359,279,0.0034,NA,NA,NA,NA,NA,NA,0.5154,0.0047,208,0.6525,0.6486,0,0.7606,0,Bayes-M17-med
Mukumbi,Kasaï-Oriental,1,FALSE,0.0017,0.0012,0.0022,0.0016,281,279,282,0.0017,0.1349,281,0.0034,NA,NA,NA,NA,NA,NA,0.2249,0.0021,346,0.2413,0.1892,0,0.4691,0,Bayes-M17-med
Kisantu,Kongo-Central,1,FALSE,0.0017,0.0012,0.0022,0.0016,280,280,281,0.0017,0.135,280,0.0034,NA,NA,NA,NA,NA,NA,0.418,0.0038,230,0.5039,0.9903,0,0.1776,0,Bayes-M17-med
Kikwit Sud,Kwilu,1,FALSE,0.0017,0.0012,0.0023,0.0017,271,269,272,0.0017,0.1413,271,0.0036,NA,NA,NA,NA,NA,NA,0.3282,0.0031,274,0.1313,0.7008,0,0.4807,0,Bayes-M17-med
Ferekeni,Maniema,1,FALSE,0.0017,0.0012,0.0023,0.0017,273,271,273,0.0017,0.14,273,0.0035,NA,NA,NA,NA,NA,NA,0.3504,0.0033,259,0.7722,0.0425,0,0.5869,0,Bayes-M17-med
Boso Manzi,Mongala,1,FALSE,0.0017,0.0012,0.0022,0.0017,276,276,280,0.0017,0.1368,276,0.0035,NA,NA,NA,NA,NA,NA,0.3982,0.0037,239,0.5695,0.2278,0,0.7954,0,Bayes-M17-med
Abuzi,Nord-Ubangi,1,FALSE,0.0017,0.0012,0.0023,0.0017,274,274,277,0.0017,0.1375,274,0.0035,NA,NA,NA,NA,NA,NA,0.7153,0.0066,151,0.9846,0.9054,0,0.971,0,Bayes-M17-med
Bili (Nord-Ubangi),Nord-Ubangi,1,FALSE,0.0017,0.0012,0.0023,0.0017,275,274,278,0.0017,0.1373,275,0.0035,NA,NA,NA,NA,NA,NA,0.7075,0.0066,152,0.9247,0.9189,0,0.9865,0,Bayes-M17-med
Mobayi Mbongo,Nord-Ubangi,1,FALSE,0.0017,0.0012,0.0023,0.0017,270,267,272,0.0017,0.1417,270,0.0036,NA,NA,NA,NA,NA,NA,0.5458,0.0052,188,0.9324,0.8166,0,0.4344,0,Bayes-M17-med
Wapinda,Nord-Ubangi,1,FALSE,0.0017,0.0012,0.0023,0.0017,271,266,273,0.0017,0.1411,272,0.0036,NA,NA,NA,NA,NA,NA,0.6791,0.0065,154,0.9015,0.8398,0,0.9749,0,Bayes-M17-med
Kiambi,Tanganyika,1,FALSE,0.0017,0.0012,0.0022,0.0017,277,274,278,0.0017,0.1367,277,0.0034,NA,NA,NA,NA,NA,NA,0.5709,0.0053,187,0.9807,0.6834,0,0.6197,0,Bayes-M17-med
Kilwa,Haut-Katanga,1,FALSE,0.0016,0.0011,0.0021,0.0016,286,286,287,0.0016,0.1299,286,0.0033,NA,NA,NA,NA,NA,NA,0.3764,0.0033,261,0.749,0.39,0,0.3668,0,Bayes-M17-med
Lukonga,Kasaï-Central,1,FALSE,0.0016,0.0012,0.0022,0.0016,283,283,284,0.0016,0.1336,283,0.0034,NA,NA,NA,NA,NA,NA,0.3282,0.003,289,0.2239,0.6429,0,0.4459,0,Bayes-M17-med
Tshibala,Kasaï-Central,1,FALSE,0.0016,0.0011,0.0021,0.0016,285,285,285,0.0016,0.1313,285,0.0033,NA,NA,NA,NA,NA,NA,0.4218,0.0037,236,0.4266,0.5772,0,0.6834,0,Bayes-M17-med
Djuma,Kwilu,1,FALSE,0.0016,0.0012,0.0022,0.0016,284,283,284,0.0016,0.1336,284,0.0034,NA,NA,NA,NA,NA,NA,0.5256,0.0047,207,0.4826,0.7355,0,0.8842,0,Bayes-M17-med
Masi Manimba,Kwilu,1,FALSE,0.0016,0.0011,0.0021,0.0015,288,288,290,0.0016,0.127,288,0.0032,NA,NA,NA,NA,NA,NA,0.4281,0.0037,240,0.332,0.4961,0,0.8842,0,Bayes-M17-med
Kungu,Sud-Ubangi,1,FALSE,0.0016,0.0011,0.0021,0.0016,287,286,287,0.0016,0.1289,287,0.0033,NA,NA,NA,NA,NA,NA,0.3711,0.0032,265,0.3745,0.3359,0,0.7741,0,Bayes-M17-med
Ndage,Sud-Ubangi,1,FALSE,0.0016,0.0011,0.0021,0.0015,289,288,292,0.0016,0.1263,289,0.0032,NA,NA,NA,NA,NA,NA,0.3533,0.003,279,0.3996,0.2761,0,0.7375,0,Bayes-M17-med
Kambove,Haut-Katanga,1,FALSE,0.0015,0.0011,0.002,0.0015,302,299,302,0.0015,0.1204,302,0.003,NA,NA,NA,NA,NA,NA,0.306,0.0025,320,0.4247,0.6236,0,0.1757,0,Bayes-M17-med
Kapolowe,Haut-Katanga,1,FALSE,0.0015,0.0011,0.002,0.0015,296,296,296,0.0015,0.1222,296,0.0031,NA,NA,NA,NA,NA,NA,0.3026,0.0025,319,0.5579,0.444,0,0.2085,0,Bayes-M17-med
Kisanga,Haut-Katanga,1,FALSE,0.0015,0.0011,0.002,0.0015,295,294,295,0.0015,0.1233,295,0.0031,NA,NA,NA,NA,NA,NA,0.1081,9e-4,429,0.1293,0.2008,0,0.1023,0,Bayes-M17-med
Yangala,Kasaï-Central,1,FALSE,0.0015,0.0011,0.002,0.0015,293,291,294,0.0015,0.1247,293,0.0031,NA,NA,NA,NA,NA,NA,0.348,0.0029,291,0.5927,0.2259,0,0.5734,0,Bayes-M17-med
Muanda,Kongo-Central,1,FALSE,0.0015,0.0011,0.0021,0.0015,291,289,291,0.0015,0.1257,291,0.0032,NA,NA,NA,NA,NA,NA,0.4093,0.0035,248,0.6371,1,0,0,0,Bayes-M17-med
Kalonda Est,Lomami,1,FALSE,0.0015,0.0011,0.002,0.0015,292,290,293,0.0015,0.125,292,0.0032,NA,NA,NA,NA,NA,NA,0.3292,0.0028,300,0.5425,0.1506,0,0.6236,0,Bayes-M17-med
Kasaji,Lualaba,1,FALSE,0.0015,0.0011,0.002,0.0015,301,300,301,0.0015,0.1204,301,0.003,NA,NA,NA,NA,NA,NA,0.4648,0.0038,235,0.8552,0.4923,0,0.5116,0,Bayes-M17-med
Lualaba,Lualaba,1,FALSE,0.0015,0.0011,0.002,0.0015,300,298,300,0.0015,0.1206,300,0.003,NA,NA,NA,NA,NA,NA,0.1404,0.0011,411,0.3552,0.0347,0,0.1718,0,Bayes-M17-med
Pangi,Maniema,1,FALSE,0.0015,0.001,0.0019,0.0014,304,302,305,0.0015,0.1189,304,0.003,NA,NA,NA,NA,NA,NA,0.3316,0.0027,306,0.6081,0.056,0,0.6622,0,Bayes-M17-med
Loko,Nord-Ubangi,1,FALSE,0.0015,0.001,0.002,0.0015,299,298,304,0.0015,0.1206,299,0.003,NA,NA,NA,NA,NA,NA,0.6535,0.0053,182,0.9402,0.9266,0,0.7471,0,Bayes-M17-med
Lusambo,Sankuru,1,FALSE,0.0015,0.0011,0.002,0.0015,303,301,303,0.0015,0.1203,303,0.003,NA,NA,NA,NA,NA,NA,0.4833,0.0039,229,0.6815,0.2992,0,0.9527,0,Bayes-M17-med
Wembo Nyama,Sankuru,1,FALSE,0.0015,0.0011,0.002,0.0015,297,296,299,0.0015,0.1219,297,0.0031,NA,NA,NA,NA,NA,NA,0.4097,0.0034,255,0.5019,0.2143,0,0.9228,0,Bayes-M17-med
Bokonzi,Sud-Ubangi,1,FALSE,0.0015,0.001,0.002,0.0015,298,297,303,0.0015,0.1208,298,0.003,NA,NA,NA,NA,NA,NA,0.236,0.0019,359,0.4305,0.083,0,0.4305,0,Bayes-M17-med
Boto,Sud-Ubangi,1,FALSE,0.0015,0.0011,0.002,0.0015,294,292,295,0.0015,0.1238,294,0.0031,NA,NA,NA,NA,NA,NA,0.3596,0.003,282,0.3282,0.5174,0,0.5927,0,Bayes-M17-med
Budjala,Sud-Ubangi,1,FALSE,0.0015,0.0011,0.0021,0.0015,290,289,293,0.0016,0.1259,290,0.0032,NA,NA,NA,NA,NA,NA,0.43,0.0037,241,0.5154,0.4035,0,0.8012,0,Bayes-M17-med
Bulu,Sud-Ubangi,1,FALSE,0.0015,0.001,0.0019,0.0014,305,304,306,0.0015,0.1184,305,0.003,NA,NA,NA,NA,NA,NA,0.3147,0.0025,317,0.3649,0.1988,0,0.695,0,Bayes-M17-med
Ndjoko Mpunda,Kasaï,1,FALSE,0.0014,0.001,0.0019,0.0014,311,310,311,0.0014,0.1134,311,0.0029,NA,NA,NA,NA,NA,NA,0.333,0.0026,315,0.3977,0.2915,0,0.6429,0,Bayes-M17-med
Kamonia,Kasaï,1,FALSE,0.0014,0.001,0.0019,0.0014,306,305,306,0.0014,0.1177,306,0.003,NA,NA,NA,NA,NA,NA,0.14,0.0011,413,0.3707,0.11,0,0.0792,0,Bayes-M17-med
Bandundu,Kwilu,1,FALSE,0.0014,0.001,0.0019,0.0014,308,308,308,0.0014,0.1154,308,0.0029,NA,NA,NA,NA,NA,NA,0.3364,0.0026,310,0.3436,0.751,0,0.251,0,Bayes-M17-med
Mokala,Kwilu,1,FALSE,0.0014,0.001,0.0019,0.0014,309,309,310,0.0014,0.1138,309,0.0029,NA,NA,NA,NA,NA,NA,0.5118,0.0039,227,0.4228,0.6718,0,0.9527,0,Bayes-M17-med
Makota,Lomami,1,FALSE,0.0014,0.001,0.0018,0.0014,312,311,312,0.0014,0.1127,312,0.0028,NA,NA,NA,NA,NA,NA,0.2587,0.002,354,0.1023,0.3764,0,0.556,0,Bayes-M17-med
Businga,Nord-Ubangi,1,FALSE,0.0014,0.001,0.0018,0.0013,314,313,315,0.0014,0.11,314,0.0028,NA,NA,NA,NA,NA,NA,0.6781,0.005,197,0.9286,0.861,0,0.9228,0,Bayes-M17-med
Wasolo,Nord-Ubangi,1,FALSE,0.0014,0.001,0.0019,0.0014,310,309,312,0.0014,0.1135,310,0.0029,NA,NA,NA,NA,NA,NA,0.5709,0.0044,215,0.5541,0.7413,0,0.9884,0,Bayes-M17-med
Bena Dibele,Sankuru,1,FALSE,0.0014,0.001,0.0018,0.0013,313,313,314,0.0014,0.1106,313,0.0028,NA,NA,NA,NA,NA,NA,0.4093,0.0031,277,0.6216,0.1564,0,0.8591,0,Bayes-M17-med
Kole,Sankuru,1,FALSE,0.0014,0.001,0.0019,0.0014,307,307,307,0.0014,0.1166,307,0.0029,NA,NA,NA,NA,NA,NA,0.4802,0.0038,233,0.7761,0.2606,0,0.8842,0,Bayes-M17-med
Ingende,Equateur,1,FALSE,0.0013,9e-4,0.0017,0.0013,325,323,325,0.0013,0.1029,324,0.0026,NA,NA,NA,NA,NA,NA,0.596,0.0041,218,0.9208,0.8571,0,0.6062,0,Bayes-M17-med
Pweto,Haut-Katanga,1,FALSE,0.0013,0.001,0.0018,0.0013,315,314,316,0.0013,0.1094,315,0.0028,NA,NA,NA,NA,NA,NA,0.3518,0.0026,312,0.7992,0.2587,0,0.3494,0,Bayes-M17-med
Kinkondja,Haut-Lomami,1,FALSE,0.0013,9e-4,0.0017,0.0013,322,321,322,0.0013,0.1043,322,0.0026,NA,NA,NA,NA,NA,NA,0.4889,0.0034,253,0.7278,0.6274,0,0.6004,0,Bayes-M17-med
Kakenge,Kasaï,1,FALSE,0.0013,9e-4,0.0018,0.0013,318,317,318,0.0013,0.1075,318,0.0027,NA,NA,NA,NA,NA,NA,0.4522,0.0033,262,0.5753,0.4788,0,0.7548,0,Bayes-M17-med
Mikope,Kasaï,1,FALSE,0.0013,9e-4,0.0017,0.0013,320,320,320,0.0013,0.1065,320,0.0027,NA,NA,NA,NA,NA,NA,0.3996,0.0029,296,0.6776,0.2703,0,0.6506,0,Bayes-M17-med
Muetshi,Kasaï-Central,1,FALSE,0.0013,9e-4,0.0018,0.0013,316,316,317,0.0013,0.1083,316,0.0027,NA,NA,NA,NA,NA,NA,0.4792,0.0035,247,0.6158,0.5386,0,0.7625,0,Bayes-M17-med
Tshikula,Kasaï-Central,1,FALSE,0.0013,9e-4,0.0017,0.0013,324,324,325,0.0013,0.1029,325,0.0026,NA,NA,NA,NA,NA,NA,0.3296,0.0023,330,0.3919,0.3185,0,0.6081,0,Bayes-M17-med
Lukula,Kongo-Central,1,FALSE,0.0013,9e-4,0.0017,0.0013,323,323,324,0.0013,0.1037,323,0.0026,NA,NA,NA,NA,NA,NA,0.3933,0.0028,302,0.529,0.8745,0,0.1699,0,Bayes-M17-med
Kimpese,Kongo-Central,1,FALSE,0.0013,9e-4,0.0017,0.0013,319,319,319,0.0013,0.1069,319,0.0027,NA,NA,NA,NA,NA,NA,0.4947,0.0036,244,0.7896,0.9768,0,0.2124,0,Bayes-M17-med
Boso Mondanda,Mongala,1,FALSE,0.0013,9e-4,0.0017,0.0013,321,321,322,0.0013,0.1051,321,0.0027,NA,NA,NA,NA,NA,NA,0.3716,0.0026,308,0.5869,0.1486,0,0.751,0,Bayes-M17-med
Monkoto,Tshuapa,1,FALSE,0.0013,9e-4,0.0018,0.0013,317,315,318,0.0013,0.1082,317,0.0027,NA,NA,NA,NA,NA,NA,0.5598,0.0041,220,0.9498,0.4054,0,0.8842,0,Bayes-M17-med
Likasi,Haut-Katanga,1,FALSE,0.0012,8e-4,0.0015,0.0011,338,338,338,0.0012,0.0945,338,0.0024,NA,NA,NA,NA,NA,NA,0.1728,0.0011,414,0.112,0.4208,0,0.1583,0,Bayes-M17-med
Dekese,Kasaï,1,FALSE,0.0012,8e-4,0.0016,0.0012,336,336,337,0.0012,0.0955,336,0.0024,NA,NA,NA,NA,NA,NA,0.4633,0.003,284,0.9189,0.2181,0,0.7162,0,Bayes-M17-med
Bilomba,Kasaï-Central,1,FALSE,0.0012,8e-4,0.0016,0.0012,335,335,335,0.0012,0.0968,335,0.0024,NA,NA,NA,NA,NA,NA,0.4006,0.0026,311,0.3378,0.4421,0,0.8224,0,Bayes-M17-med
Katoka,Kasaï-Central,1,FALSE,0.0012,9e-4,0.0016,0.0012,326,326,328,0.0012,0.1006,326,0.0025,NA,NA,NA,NA,NA,NA,0.2645,0.0018,372,0.1216,0.473,0,0.4633,0,Bayes-M17-med
Boma,Kongo-Central,1,FALSE,0.0012,9e-4,0.0016,0.0012,334,334,334,0.0012,0.0976,334,0.0025,NA,NA,NA,NA,NA,NA,0.2901,0.0019,360,0.1467,0.9247,0,0.0888,0,Bayes-M17-med
Boko Kivulu,Kongo-Central,1,FALSE,0.0012,9e-4,0.0016,0.0012,327,327,327,0.0012,0.1004,327,0.0025,NA,NA,NA,NA,NA,NA,0.4281,0.0029,293,0.5792,0.9324,0,0.2008,0,Bayes-M17-med
Mbanza Ngungu,Kongo-Central,1,FALSE,0.0012,9e-4,0.0016,0.0012,333,333,333,0.0012,0.0981,333,0.0025,NA,NA,NA,NA,NA,NA,0.3711,0.0025,321,0.3205,0.9749,0,0.1892,0,Bayes-M17-med
Panzi,Kwango,1,FALSE,0.0012,8e-4,0.0016,0.0012,337,336,337,0.0012,0.0951,337,0.0024,NA,NA,NA,NA,NA,NA,0.5236,0.0034,256,0.7548,0.583,0,0.7568,0,Bayes-M17-med
Bagata,Kwilu,1,FALSE,0.0012,9e-4,0.0016,0.0012,332,332,332,0.0012,0.0986,332,0.0025,NA,NA,NA,NA,NA,NA,0.5135,0.0034,254,0.6795,0.695,0,0.6795,0,Bayes-M17-med
Pay Kongila,Kwilu,1,FALSE,0.0012,9e-4,0.0016,0.0012,331,330,331,0.0012,0.0993,331,0.0025,NA,NA,NA,NA,NA,NA,0.4488,0.003,281,0.5135,0.6467,0,0.6351,0,Bayes-M17-med
Kapanga,Lualaba,1,FALSE,0.0012,9e-4,0.0016,0.0012,329,329,330,0.0012,0.0995,330,0.0025,NA,NA,NA,NA,NA,NA,0.4112,0.0028,301,0.8514,0.3938,0,0.3996,0,Bayes-M17-med
Inongo,Mai-Ndombe,1,FALSE,0.0012,9e-4,0.0016,0.0012,328,326,331,0.0012,0.0999,328,0.0025,NA,NA,NA,NA,NA,NA,0.4952,0.0033,257,0.7645,0.2934,0,0.9228,0,Bayes-M17-med
Tunda,Maniema,1,FALSE,0.0012,9e-4,0.0016,0.0012,329,328,331,0.0012,0.0996,329,0.0025,NA,NA,NA,NA,NA,NA,0.459,0.0031,275,0.8977,0.0541,0,0.8842,0,Bayes-M17-med
Mufunga Sampwe,Haut-Katanga,1,FALSE,0.0011,8e-4,0.0014,0.0011,349,348,349,0.0011,0.0882,349,0.0022,NA,NA,NA,NA,NA,NA,0.3774,0.0023,335,0.8185,0.0888,0,0.6023,0,Bayes-M17-med
Lwamba,Haut-Lomami,1,FALSE,0.0011,7e-4,0.0014,0.001,350,350,350,0.0011,0.0854,350,0.0022,NA,NA,NA,NA,NA,NA,0.4865,0.0028,299,0.8069,0.6409,0,0.4981,0,Bayes-M17-med
Kitangwa,Kasaï,1,FALSE,0.0011,7e-4,0.0014,0.001,351,351,351,0.0011,0.0853,351,0.0022,NA,NA,NA,NA,NA,NA,0.3287,0.0019,362,0.6332,0.1062,0,0.5753,0,Bayes-M17-med
Kwilu Ngongo,Kongo-Central,1,FALSE,0.0011,8e-4,0.0015,0.0011,345,345,345,0.0011,0.0907,345,0.0023,NA,NA,NA,NA,NA,NA,0.3875,0.0024,327,0.4884,0.8668,0,0.195,0,Bayes-M17-med
Boko,Kwango,1,FALSE,0.0011,8e-4,0.0015,0.0011,341,341,341,0.0011,0.0928,341,0.0023,NA,NA,NA,NA,NA,NA,0.5121,0.0032,268,0.7336,0.61,0,0.7046,0,Bayes-M17-med
Feshi,Kwango,1,FALSE,0.0011,8e-4,0.0015,0.0011,342,342,343,0.0011,0.0927,343,0.0023,NA,NA,NA,NA,NA,NA,0.5082,0.0032,269,0.7317,0.5425,0,0.7587,0,Bayes-M17-med
Kikongo,Kwilu,1,FALSE,0.0011,8e-4,0.0014,0.0011,348,347,348,0.0011,0.0884,348,0.0022,NA,NA,NA,NA,NA,NA,0.5024,0.003,283,0.6969,0.6023,0,0.7104,0,Bayes-M17-med
Kimputu,Kwilu,1,FALSE,0.0011,8e-4,0.0015,0.0011,339,339,340,0.0011,0.0932,340,0.0024,NA,NA,NA,NA,NA,NA,0.5039,0.0032,271,0.4923,0.639,0,0.8842,0,Bayes-M17-med
Mosango,Kwilu,1,FALSE,0.0011,8e-4,0.0015,0.0011,342,340,343,0.0011,0.0928,342,0.0023,NA,NA,NA,NA,NA,NA,0.515,0.0032,266,0.5463,0.7375,0,0.7761,0,Bayes-M17-med
Wikong,Lomami,1,FALSE,0.0011,8e-4,0.0015,0.0011,346,346,347,0.0011,0.0891,346,0.0022,NA,NA,NA,NA,NA,NA,0.3663,0.0022,339,0.2529,0.4228,0,0.7896,0,Bayes-M17-med
Sandoa,Lualaba,1,FALSE,0.0011,8e-4,0.0015,0.0011,344,343,344,0.0011,0.0924,344,0.0023,NA,NA,NA,NA,NA,NA,0.5536,0.0035,252,0.9421,0.6815,0,0.5907,0,Bayes-M17-med
Bangabola,Sud-Ubangi,1,FALSE,0.0011,8e-4,0.0015,0.0011,340,339,344,0.0011,0.0932,339,0.0024,NA,NA,NA,NA,NA,NA,0.3904,0.0025,322,0.3533,0.3494,0,0.8591,0,Bayes-M17-med
Mawuya,Sud-Ubangi,1,FALSE,0.0011,8e-4,0.0015,0.0011,347,346,349,0.0011,0.089,347,0.0022,NA,NA,NA,NA,NA,NA,0.2654,0.0016,388,0.444,0.2394,0,0.3784,0,Bayes-M17-med
Bikoro,Equateur,1,FALSE,0.001,7e-4,0.0013,0.001,365,362,365,0.001,0.0809,365,0.002,NA,NA,NA,NA,NA,NA,0.5951,0.0033,264,0.8127,0.8147,0,0.7529,0,Bayes-M17-med
Makanza,Equateur,1,FALSE,0.001,7e-4,0.0013,0.001,362,361,364,0.001,0.0813,362,0.0021,NA,NA,NA,NA,NA,NA,0.639,0.0035,246,0.9537,0.7954,0,0.8069,0,Bayes-M17-med
Wangata,Equateur,1,FALSE,0.001,7e-4,0.0013,0.001,362,360,364,0.001,0.0815,361,0.0021,NA,NA,NA,NA,NA,NA,0.417,0.0023,329,0.2336,0.9865,0,0.4479,0,Bayes-M17-med
Kasenga,Haut-Katanga,1,FALSE,0.001,7e-4,0.0014,0.001,352,352,353,0.001,0.0852,352,0.0022,NA,NA,NA,NA,NA,NA,0.3953,0.0023,332,0.8166,0.6255,0,0.139,0,Bayes-M17-med
Songa,Haut-Lomami,1,FALSE,0.001,7e-4,0.0014,0.001,358,357,358,0.001,0.0829,358,0.0021,NA,NA,NA,NA,NA,NA,0.473,0.0027,307,0.9344,0.3533,0,0.6042,0,Bayes-M17-med
Mushenge,Kasaï,1,FALSE,0.001,7e-4,0.0013,0.001,363,361,364,0.001,0.0813,363,0.0021,NA,NA,NA,NA,NA,NA,0.3229,0.0018,377,0.5946,0.0656,0,0.6313,0,Bayes-M17-med
Mutena,Kasaï,1,FALSE,0.001,7e-4,0.0013,0.001,369,368,369,0.001,0.0788,369,0.002,NA,NA,NA,NA,NA,NA,0.2336,0.0012,407,0.334,0.0753,0,0.5251,0,Bayes-M17-med
Lubondaie,Kasaï-Central,1,FALSE,0.001,7e-4,0.0013,0.001,364,361,365,0.001,0.0812,364,0.002,NA,NA,NA,NA,NA,NA,0.3147,0.0017,380,0.3822,0.1583,0,0.7181,0,Bayes-M17-med
Lubunga (Kasaï-Central),Kasaï-Central,1,FALSE,0.001,7e-4,0.0014,0.001,355,355,356,0.001,0.0849,355,0.0021,NA,NA,NA,NA,NA,NA,0.4599,0.0026,309,0.5637,0.4653,0,0.8108,0,Bayes-M17-med
Seke Banza,Kongo-Central,1,FALSE,0.001,7e-4,0.0013,0.001,366,366,367,0.001,0.0795,366,0.002,NA,NA,NA,NA,NA,NA,0.4513,0.0024,323,0.6351,0.9498,0,0.2201,0,Bayes-M17-med
Kahemba,Kwango,1,FALSE,0.001,7e-4,0.0013,0.001,359,359,359,0.001,0.0824,359,0.0021,NA,NA,NA,NA,NA,NA,0.5367,0.003,285,0.8958,0.7278,0,0.5232,0,Bayes-M17-med
Popokabaka,Kwango,1,FALSE,0.001,7e-4,0.0013,9e-4,371,370,371,0.001,0.0777,371,0.002,NA,NA,NA,NA,NA,NA,0.5507,0.0029,295,0.7703,0.7876,0,0.6448,0,Bayes-M17-med
Mungindu,Kwilu,1,FALSE,0.001,7e-4,0.0013,0.001,360,360,361,0.001,0.0823,360,0.0021,NA,NA,NA,NA,NA,NA,0.3818,0.0021,343,0.4691,0.5367,0,0.5212,0,Bayes-M17-med
Kamiji,Lomami,1,FALSE,0.001,7e-4,0.0013,0.001,368,367,370,0.001,0.0789,368,0.002,NA,NA,NA,NA,NA,NA,0.2635,0.0014,399,0.3398,0.1293,0,0.5849,0,Bayes-M17-med
Dilolo,Lualaba,1,FALSE,0.001,7e-4,0.0014,0.001,353,353,354,0.001,0.0851,353,0.0021,NA,NA,NA,NA,NA,NA,0.3663,0.0021,344,0.8398,0.6197,0,0.0058,0,Bayes-M17-med
Kanzenze,Lualaba,1,FALSE,0.001,7e-4,0.0014,0.001,357,356,357,0.001,0.0835,357,0.0021,NA,NA,NA,NA,NA,NA,0.2389,0.0013,401,0.6255,0.1429,0,0.1873,0,Bayes-M17-med
Bongandanga,Mongala,1,FALSE,0.001,7e-4,0.0013,9e-4,370,368,371,0.001,0.0781,370,0.002,NA,NA,NA,NA,NA,NA,0.4228,0.0022,337,0.7587,0.0097,0,0.9228,0,Bayes-M17-med
Djalo Ndjeka,Sankuru,1,FALSE,0.001,7e-4,0.0014,0.001,354,353,355,0.001,0.085,354,0.0021,NA,NA,NA,NA,NA,NA,0.3378,0.0019,356,0.3591,0.0695,0,0.9228,0,Bayes-M17-med
Bominenge,Sud-Ubangi,1,FALSE,0.001,7e-4,0.0014,0.001,356,354,358,0.001,0.0841,356,0.0021,NA,NA,NA,NA,NA,NA,0.3258,0.0019,367,0.2819,0.0985,0,0.9228,0,Bayes-M17-med
Busanga,Tshuapa,1,FALSE,0.001,7e-4,0.0013,0.001,367,366,369,0.001,0.0795,367,0.002,NA,NA,NA,NA,NA,NA,0.4452,0.0024,325,0.6602,0.168,0,0.9527,0,Bayes-M17-med
Bunkonde,Kasaï-Central,1,FALSE,9e-4,6e-4,0.0011,8e-4,379,379,379,9e-4,0.0693,379,0.0017,NA,NA,NA,NA,NA,NA,0.3523,0.0017,384,0.4015,0.278,0,0.7297,0,Bayes-M17-med
Mutoto,Kasaï-Central,1,FALSE,9e-4,6e-4,0.0012,9e-4,377,376,377,9e-4,0.0721,377,0.0018,NA,NA,NA,NA,NA,NA,0.3441,0.0017,381,0.4575,0.361,0,0.5579,0,Bayes-M17-med
Massa,Kongo-Central,1,FALSE,9e-4,7e-4,0.0012,9e-4,373,373,373,9e-4,0.0755,373,0.0019,NA,NA,NA,NA,NA,NA,0.4223,0.0022,342,0.668,0.9208,0,0.1004,0,Bayes-M17-med
Kimbao,Kwango,1,FALSE,9e-4,7e-4,0.0012,9e-4,372,372,372,9e-4,0.0759,372,0.0019,NA,NA,NA,NA,NA,NA,0.5743,0.0029,290,0.7201,0.7181,0,0.8591,0,Bayes-M17-med
Kalamba,Lualaba,1,FALSE,9e-4,6e-4,0.0012,9e-4,376,375,376,9e-4,0.0722,376,0.0018,NA,NA,NA,NA,NA,NA,0.4542,0.0022,338,0.8803,0.2375,0,0.6988,0,Bayes-M17-med
Nioki,Mai-Ndombe,1,FALSE,9e-4,6e-4,0.0012,9e-4,378,378,378,9e-4,0.0714,378,0.0018,NA,NA,NA,NA,NA,NA,0.389,0.0019,363,0.61,0.3958,0,0.5502,0,Bayes-M17-med
Pania Mutombo,Sankuru,1,FALSE,9e-4,6e-4,0.0012,9e-4,375,374,377,9e-4,0.0736,375,0.0019,NA,NA,NA,NA,NA,NA,0.4117,0.002,347,0.7413,0.1236,0,0.7819,0,Bayes-M17-med
Wema,Tshuapa,1,FALSE,9e-4,6e-4,0.0012,9e-4,374,374,375,9e-4,0.074,374,0.0019,NA,NA,NA,NA,NA,NA,0.4469,0.0022,336,0.8494,0.1332,0,0.805,0,Bayes-M17-med
Djombo,Equateur,1,FALSE,8e-4,6e-4,0.0011,8e-4,388,388,390,8e-4,0.0656,388,0.0017,NA,NA,NA,NA,NA,NA,0.6554,0.0029,292,0.917,0.7819,0,0.9228,0,Bayes-M17-med
Iboko,Equateur,1,FALSE,8e-4,5e-4,0.001,8e-4,395,394,398,8e-4,0.0621,395,0.0016,NA,NA,NA,NA,NA,NA,0.612,0.0026,313,0.8282,0.7915,0,0.8282,0,Bayes-M17-med
Kikula,Haut-Katanga,1,FALSE,8e-4,6e-4,0.001,8e-4,392,392,392,8e-4,0.0631,392,0.0016,NA,NA,NA,NA,NA,NA,0.0951,4e-4,450,0.1062,0.1139,0,0.1602,0,Bayes-M17-med
Mitwaba,Haut-Katanga,1,FALSE,8e-4,5e-4,0.001,8e-4,396,395,399,8e-4,0.062,396,0.0016,NA,NA,NA,NA,NA,NA,0.3528,0.0015,394,0.8012,0.0618,0,0.5483,0,Bayes-M17-med
Kafubu,Haut-Katanga,1,FALSE,8e-4,6e-4,0.0011,8e-4,384,384,384,8e-4,0.0674,384,0.0017,NA,NA,NA,NA,NA,NA,0.2104,0.001,426,0.6042,0.0869,0,0.1506,0,Bayes-M17-med
Kayamba,Haut-Lomami,1,FALSE,8e-4,6e-4,0.0011,8e-4,383,383,383,8e-4,0.0676,383,0.0017,NA,NA,NA,NA,NA,NA,0.4276,0.002,355,0.7027,0.4189,0,0.5888,0,Bayes-M17-med
Bulape,Kasaï,1,FALSE,8e-4,6e-4,0.001,8e-4,391,391,391,8e-4,0.0637,391,0.0016,NA,NA,NA,NA,NA,NA,0.4315,0.0019,365,0.7066,0.1853,0,0.834,0,Bayes-M17-med
Nyanga,Kasaï,1,FALSE,8e-4,6e-4,0.0011,8e-4,389,387,390,8e-4,0.0653,389,0.0016,NA,NA,NA,NA,NA,NA,0.348,0.0015,392,0.4402,0.3803,0,0.5714,0,Bayes-M17-med
Bena Tshadi,Kasaï-Central,1,FALSE,8e-4,5e-4,0.001,8e-4,393,393,393,8e-4,0.0629,393,0.0016,NA,NA,NA,NA,NA,NA,0.472,0.002,350,0.6699,0.3784,0,0.8398,0,Bayes-M17-med
Ndesha,Kasaï-Central,1,FALSE,8e-4,6e-4,0.0011,8e-4,385,385,386,8e-4,0.0669,385,0.0017,NA,NA,NA,NA,NA,NA,0.2317,0.001,417,0.1448,0.3456,0,0.4363,0,Bayes-M17-med
Kangu,Kongo-Central,1,FALSE,8e-4,5e-4,0.001,8e-4,397,396,398,8e-4,0.0618,397,0.0016,NA,NA,NA,NA,NA,NA,0.3528,0.0015,395,0.3803,0.8822,0,0.1486,0,Bayes-M17-med
Nsona Mpangu,Kongo-Central,1,FALSE,8e-4,6e-4,0.0011,8e-4,381,381,381,8e-4,0.0686,381,0.0017,NA,NA,NA,NA,NA,NA,0.4165,0.0019,358,0.722,0.7645,0,0.1795,0,Bayes-M17-med
Kasongo Lunda,Kwango,1,FALSE,8e-4,5e-4,0.001,8e-4,394,394,396,8e-4,0.0622,394,0.0016,NA,NA,NA,NA,NA,NA,0.3441,0.0014,396,0.6274,0.5946,0,0.1544,0,Bayes-M17-med
Wamba Lwadi,Kwango,1,FALSE,8e-4,6e-4,0.0011,8e-4,380,380,380,8e-4,0.0688,380,0.0017,NA,NA,NA,NA,NA,NA,0.5492,0.0026,314,0.6467,0.8185,0,0.7317,0,Bayes-M17-med
Sia,Kwilu,1,FALSE,8e-4,6e-4,0.0011,8e-4,382,382,382,8e-4,0.0682,382,0.0017,NA,NA,NA,NA,NA,NA,0.3986,0.0018,369,0.4151,0.3822,0,0.7973,0,Bayes-M17-med
Kingandu,Kwilu,1,FALSE,8e-4,6e-4,0.0011,8e-4,389,388,390,8e-4,0.0653,390,0.0016,NA,NA,NA,NA,NA,NA,0.4923,0.0022,341,0.7162,0.6583,0,0.5946,0,Bayes-M17-med
Oshwe,Mai-Ndombe,1,FALSE,8e-4,6e-4,0.0011,8e-4,386,385,386,8e-4,0.0664,386,0.0017,NA,NA,NA,NA,NA,NA,0.4855,0.0022,340,0.8764,0.3301,0,0.7355,0,Bayes-M17-med
Kwamouth,Mai-Ndombe,1,FALSE,8e-4,5e-4,0.001,7e-4,399,397,400,8e-4,0.0615,400,0.0016,NA,NA,NA,NA,NA,NA,0.43,0.0018,374,0.8707,0.417,0,0.4324,0,Bayes-M17-med
Mushie,Mai-Ndombe,1,FALSE,8e-4,5e-4,0.001,7e-4,400,397,400,8e-4,0.0615,399,0.0016,NA,NA,NA,NA,NA,NA,0.4291,0.0018,376,0.7394,0.3649,0,0.612,0,Bayes-M17-med
Tshudi Loto,Sankuru,1,FALSE,8e-4,5e-4,0.001,8e-4,398,395,399,8e-4,0.0618,398,0.0016,NA,NA,NA,NA,NA,NA,0.4237,0.0018,378,0.7683,0.0039,0,0.9228,0,Bayes-M17-med
Zongo,Sud-Ubangi,1,FALSE,8e-4,6e-4,0.0011,8e-4,387,387,390,8e-4,0.0657,387,0.0017,NA,NA,NA,NA,NA,NA,0.2418,0.0011,415,0.278,0.4131,0,0.2761,0,Bayes-M17-med
Lotumbe,Equateur,1,FALSE,7e-4,5e-4,0.001,7e-4,402,402,405,7e-4,0.0598,402,0.0015,NA,NA,NA,NA,NA,NA,0.5816,0.0024,328,0.9691,0.7085,0,0.6486,0,Bayes-M17-med
Panda,Haut-Katanga,1,FALSE,7e-4,5e-4,9e-4,7e-4,410,408,410,7e-4,0.0573,410,0.0014,NA,NA,NA,NA,NA,NA,0.2027,8e-4,434,0.1622,0.4826,0,0.166,0,Bayes-M17-med
Kenya,Haut-Katanga,1,FALSE,7e-4,5e-4,9e-4,7e-4,413,413,413,7e-4,0.0555,413,0.0014,NA,NA,NA,NA,NA,NA,0.0569,2e-4,456,0.11,0.0116,0,0.1062,0,Bayes-M17-med
Lukafu,Haut-Katanga,1,FALSE,7e-4,5e-4,0.001,7e-4,405,404,406,7e-4,0.0591,405,0.0015,NA,NA,NA,NA,NA,NA,0.4015,0.0016,387,0.888,0.3243,0,0.3938,0,Bayes-M17-med
Kalomba,Kasaï-Central,1,FALSE,7e-4,5e-4,0.001,7e-4,401,401,401,7e-4,0.0607,401,0.0015,NA,NA,NA,NA,NA,NA,0.2944,0.0012,410,0.3166,0.1467,0,0.7143,0,Bayes-M17-med
Inga,Kongo-Central,1,FALSE,7e-4,5e-4,9e-4,7e-4,414,414,414,7e-4,0.0554,414,0.0014,NA,NA,NA,NA,NA,NA,0.3847,0.0014,397,0.5212,0.8243,0,0.1931,0,Bayes-M17-med
Gombe Matadi,Kongo-Central,1,FALSE,7e-4,5e-4,9e-4,7e-4,412,412,412,7e-4,0.0563,412,0.0014,NA,NA,NA,NA,NA,NA,0.4151,0.0016,389,0.6911,0.7857,0,0.1834,0,Bayes-M17-med
Ngidinga,Kongo-Central,1,FALSE,7e-4,5e-4,0.001,7e-4,403,403,404,7e-4,0.0596,404,0.0015,NA,NA,NA,NA,NA,NA,0.4488,0.0018,371,0.6544,0.7432,0,0.3977,0,Bayes-M17-med
Moanza,Kwilu,1,FALSE,7e-4,5e-4,9e-4,7e-4,408,407,409,7e-4,0.0578,408,0.0015,NA,NA,NA,NA,NA,NA,0.52,0.002,349,0.5985,0.529,0,0.9527,0,Bayes-M17-med
Kafakumba,Lualaba,1,FALSE,7e-4,5e-4,0.001,7e-4,403,402,404,7e-4,0.0597,403,0.0015,NA,NA,NA,NA,NA,NA,0.4648,0.0019,364,0.8687,0.2027,0,0.7876,0,Bayes-M17-med
Lubudi,Lualaba,1,FALSE,7e-4,5e-4,9e-4,7e-4,411,411,411,7e-4,0.0565,411,0.0014,NA,NA,NA,NA,NA,NA,0.4667,0.0018,375,0.9151,0.4614,0,0.4903,0,Bayes-M17-med
Banzow Moke,Mai-Ndombe,1,FALSE,7e-4,5e-4,0.001,7e-4,407,407,409,7e-4,0.058,407,0.0015,NA,NA,NA,NA,NA,NA,0.5236,0.0021,345,0.6892,0.5212,0,0.8842,0,Bayes-M17-med
Kiri,Mai-Ndombe,1,FALSE,7e-4,5e-4,0.001,7e-4,406,405,406,7e-4,0.059,406,0.0015,NA,NA,NA,NA,NA,NA,0.5685,0.0023,333,0.8745,0.4768,0,0.9228,0,Bayes-M17-med
Ntandembelo,Mai-Ndombe,1,FALSE,7e-4,5e-4,9e-4,6e-4,415,415,415,7e-4,0.0532,415,0.0013,NA,NA,NA,NA,NA,NA,0.4595,0.0017,383,0.6023,0.4633,0,0.7722,0,Bayes-M17-med
Yumbi,Mai-Ndombe,1,FALSE,7e-4,5e-4,9e-4,6e-4,416,416,416,7e-4,0.0532,416,0.0013,NA,NA,NA,NA,NA,NA,0.2741,0.001,424,0.4131,0.4015,0,0.2819,0,Bayes-M17-med
Mbaya,Sud-Ubangi,1,FALSE,7e-4,5e-4,9e-4,7e-4,409,408,410,7e-4,0.0577,409,0.0015,NA,NA,NA,NA,NA,NA,0.3142,0.0012,408,0.3514,0.2239,0,0.6815,0,Bayes-M17-med
Lukolela,Equateur,1,FALSE,6e-4,5e-4,9e-4,6e-4,420,419,420,6e-4,0.052,420,0.0013,NA,NA,NA,NA,NA,NA,0.5787,0.002,348,0.944,0.9151,0,0.4556,0,Bayes-M17-med
Monieka,Equateur,1,FALSE,6e-4,4e-4,8e-4,6e-4,422,422,422,6e-4,0.0492,422,0.0012,NA,NA,NA,NA,NA,NA,0.596,0.002,353,0.9768,0.7336,0,0.6737,0,Bayes-M17-med
Butumba,Haut-Lomami,1,FALSE,6e-4,4e-4,8e-4,6e-4,426,426,426,6e-4,0.0464,426,0.0012,NA,NA,NA,NA,NA,NA,0.4595,0.0014,398,0.7973,0.4151,0,0.6255,0,Bayes-M17-med
Banga Lubaka,Kasaï,1,FALSE,6e-4,4e-4,8e-4,6e-4,423,423,424,6e-4,0.0482,423,0.0012,NA,NA,NA,NA,NA,NA,0.3205,0.001,418,0.5174,0.0444,0,0.7201,0,Bayes-M17-med
Luozi,Kongo-Central,1,FALSE,6e-4,5e-4,9e-4,6e-4,419,419,420,6e-4,0.052,419,0.0013,NA,NA,NA,NA,NA,NA,0.5241,0.0018,368,0.7355,0.8861,0,0.4749,0,Bayes-M17-med
Nzanza,Kongo-Central,1,FALSE,6e-4,4e-4,7e-4,6e-4,427,427,427,6e-4,0.0457,427,0.0012,NA,NA,NA,NA,NA,NA,0.2172,7e-4,442,0.0888,0.6892,0,0.0907,0,Bayes-M17-med
Kimvula,Kongo-Central,1,FALSE,6e-4,4e-4,8e-4,6e-4,424,423,424,6e-4,0.0482,424,0.0012,NA,NA,NA,NA,NA,NA,0.569,0.0019,366,0.8629,0.8784,0,0.5347,0,Bayes-M17-med
Kisanji,Kwango,1,FALSE,6e-4,4e-4,8e-4,6e-4,421,421,421,6e-4,0.0504,421,0.0013,NA,NA,NA,NA,NA,NA,0.5574,0.0019,361,0.8417,0.6544,0,0.7336,0,Bayes-M17-med
Mwela Lembwa,Kwango,1,FALSE,6e-4,4e-4,7e-4,5e-4,428,428,428,6e-4,0.0449,428,0.0011,NA,NA,NA,NA,NA,NA,0.4397,0.0013,402,0.6506,0.3224,0,0.7857,0,Bayes-M17-med
Pendjwa,Mai-Ndombe,1,FALSE,6e-4,4e-4,8e-4,6e-4,425,425,425,6e-4,0.0473,425,0.0012,NA,NA,NA,NA,NA,NA,0.4319,0.0014,400,0.7008,0.2124,0,0.8147,0,Bayes-M17-med
Bolobo,Mai-Ndombe,1,FALSE,6e-4,5e-4,9e-4,6e-4,417,417,417,6e-4,0.0528,417,0.0013,NA,NA,NA,NA,NA,NA,0.3388,0.0012,409,0.6313,0.4981,0,0.2259,0,Bayes-M17-med
Bosobe,Mai-Ndombe,1,FALSE,6e-4,5e-4,9e-4,6e-4,418,418,418,6e-4,0.0524,418,0.0013,NA,NA,NA,NA,NA,NA,0.4406,0.0016,390,0.4942,0.4093,0,0.8591,0,Bayes-M17-med
Bomongo,Equateur,1,FALSE,5e-4,4e-4,7e-4,5e-4,429,429,430,5e-4,0.0433,429,0.0011,NA,NA,NA,NA,NA,NA,0.5907,0.0017,379,0.9788,0.8475,0,0.5367,0,Bayes-M17-med
Kinda,Haut-Lomami,1,FALSE,5e-4,3e-4,6e-4,4e-4,438,438,438,5e-4,0.0368,438,9e-4,NA,NA,NA,NA,NA,NA,0.5077,0.0013,406,0.9884,0.4266,0,0.6158,0,Bayes-M17-med
Kizu,Kongo-Central,1,FALSE,5e-4,4e-4,7e-4,5e-4,431,431,431,5e-4,0.0409,431,0.001,NA,NA,NA,NA,NA,NA,0.3113,9e-4,432,0.2973,0.8707,0,0.0772,0,Bayes-M17-med
Kuimba,Kongo-Central,1,FALSE,5e-4,3e-4,6e-4,5e-4,437,437,437,5e-4,0.0371,437,9e-4,NA,NA,NA,NA,NA,NA,0.3069,8e-4,437,0.3784,0.8456,0,0.0039,0,Bayes-M17-med
Tshela,Kongo-Central,1,FALSE,5e-4,3e-4,6e-4,5e-4,434,434,434,5e-4,0.039,434,0.001,NA,NA,NA,NA,NA,NA,0.3282,9e-4,431,0.417,0.888,0,0.0077,0,Bayes-M17-med
Mangembo,Kongo-Central,1,FALSE,5e-4,3e-4,6e-4,5e-4,432,432,432,5e-4,0.0393,432,0.001,NA,NA,NA,NA,NA,NA,0.3726,0.001,423,0.5598,0.6641,0,0.2664,0,Bayes-M17-med
Kimpangu,Kongo-Central,1,FALSE,5e-4,4e-4,7e-4,5e-4,430,429,430,5e-4,0.0431,430,0.0011,NA,NA,NA,NA,NA,NA,0.4488,0.0013,405,0.7085,0.9344,0,0.1525,0,Bayes-M17-med
Nselo,Kongo-Central,1,FALSE,5e-4,3e-4,6e-4,5e-4,436,436,436,5e-4,0.0383,436,0.001,NA,NA,NA,NA,NA,NA,0.374,0.001,425,0.6564,0.5347,0,0.305,0,Bayes-M17-med
Kajiji,Kwango,1,FALSE,5e-4,3e-4,6e-4,5e-4,435,435,435,5e-4,0.0385,435,0.001,NA,NA,NA,NA,NA,NA,0.3533,9e-4,428,0.7934,0.1544,0,0.4653,0,Bayes-M17-med
Kitenda,Kwango,1,FALSE,5e-4,3e-4,6e-4,5e-4,433,433,433,5e-4,0.039,433,0.001,NA,NA,NA,NA,NA,NA,0.376,0.001,422,0.6641,0.4247,0,0.4151,0,Bayes-M17-med
Bolenge,Equateur,1,FALSE,4e-4,3e-4,5e-4,4e-4,448,448,448,4e-4,0.0306,448,8e-4,NA,NA,NA,NA,NA,NA,0.5391,0.0011,412,0.7954,0.8514,0,0.5097,0,Bayes-M17-med
Kilela Balanda,Haut-Katanga,1,FALSE,4e-4,3e-4,5e-4,4e-4,446,446,446,4e-4,0.0312,446,8e-4,NA,NA,NA,NA,NA,NA,0.3132,7e-4,443,0.9228,0.0927,0,0.2375,0,Bayes-M17-med
Kashobwe,Haut-Katanga,1,FALSE,4e-4,3e-4,6e-4,4e-4,443,443,443,4e-4,0.0337,443,9e-4,NA,NA,NA,NA,NA,NA,0.3243,7e-4,439,0.805,0.3012,0,0.1911,0,Bayes-M17-med
Katuba,Haut-Katanga,1,FALSE,4e-4,3e-4,6e-4,4e-4,439,439,439,4e-4,0.0364,439,9e-4,NA,NA,NA,NA,NA,NA,0.0463,1e-4,459,0.0502,0.0309,0,0.1042,0,Bayes-M17-med
Baka,Haut-Lomami,1,FALSE,4e-4,3e-4,6e-4,4e-4,442,442,442,4e-4,0.0343,442,9e-4,NA,NA,NA,NA,NA,NA,0.4319,0.001,421,0.4344,0.8919,0,0.4015,0,Bayes-M17-med
Boma Bungu,Kongo-Central,1,FALSE,4e-4,3e-4,6e-4,4e-4,441,441,441,4e-4,0.0349,441,9e-4,NA,NA,NA,NA,NA,NA,0.3209,8e-4,438,0.5811,0.5676,0,0.1351,0,Bayes-M17-med
Kinkonzi,Kongo-Central,1,FALSE,4e-4,3e-4,6e-4,4e-4,440,440,440,4e-4,0.0353,440,9e-4,NA,NA,NA,NA,NA,NA,0.4252,0.001,419,0.6236,0.8958,0,0.1815,0,Bayes-M17-med
Sona Bata,Kongo-Central,1,FALSE,4e-4,3e-4,5e-4,4e-4,444,444,444,4e-4,0.0328,444,8e-4,NA,NA,NA,NA,NA,NA,0.43,0.001,427,0.7259,0.7896,0,0.2046,0,Bayes-M17-med
Tembo,Kwango,1,FALSE,4e-4,3e-4,5e-4,4e-4,445,445,445,4e-4,0.0316,445,8e-4,NA,NA,NA,NA,NA,NA,0.3205,7e-4,441,0.7876,0.3977,0,0.0965,0,Bayes-M17-med
Bunkeya,Lualaba,1,FALSE,4e-4,3e-4,5e-4,4e-4,447,447,447,4e-4,0.0309,447,8e-4,NA,NA,NA,NA,NA,NA,0.4218,9e-4,430,0.8243,0.5019,0,0.361,0,Bayes-M17-med
Mampoko,Equateur,1,FALSE,3e-4,2e-4,3e-4,3e-4,452,452,453,3e-4,0.0207,452,5e-4,NA,NA,NA,NA,NA,NA,0.5135,7e-4,440,0.8919,0.5058,0,0.6564,0,Bayes-M17-med
Vangu,Haut-Katanga,1,FALSE,3e-4,2e-4,4e-4,3e-4,451,451,451,3e-4,0.0224,451,6e-4,NA,NA,NA,NA,NA,NA,0.1081,2e-4,457,0.1158,0.1699,0,0.1467,0,Bayes-M17-med
Bobozo,Kasaï-Central,1,FALSE,3e-4,2e-4,4e-4,3e-4,450,450,450,3e-4,0.0254,450,6e-4,NA,NA,NA,NA,NA,NA,0.2336,4e-4,451,0.1602,0.2857,0,0.4884,0,Bayes-M17-med
Vaku,Kongo-Central,1,FALSE,3e-4,2e-4,4e-4,3e-4,449,449,449,3e-4,0.0272,449,7e-4,NA,NA,NA,NA,NA,NA,0.4194,8e-4,436,0.5676,0.9421,0,0.168,0,Bayes-M17-med
Kibunzi,Kongo-Central,1,FALSE,3e-4,2e-4,3e-4,3e-4,453,452,453,3e-4,0.0207,453,5e-4,NA,NA,NA,NA,NA,NA,0.4175,6e-4,445,0.7046,0.5251,0,0.4402,0,Bayes-M17-med
Lilanga Bobangi,Equateur,1,FALSE,2e-4,1e-4,2e-4,2e-4,457,457,457,2e-4,0.0127,457,3e-4,NA,NA,NA,NA,NA,NA,0.4117,4e-4,452,0.9382,0.2664,0,0.4421,0,Bayes-M17-med
Ntondo,Equateur,1,FALSE,2e-4,2e-4,3e-4,2e-4,454,454,454,2e-4,0.0192,454,5e-4,NA,NA,NA,NA,NA,NA,0.6125,8e-4,433,0.8996,0.7259,0,0.8243,0,Bayes-M17-med
Mutshatsha,Lualaba,1,FALSE,2e-4,1e-4,3e-4,2e-4,456,456,456,2e-4,0.0167,456,4e-4,NA,NA,NA,NA,NA,NA,0.3808,4e-4,449,0.971,0.1023,0,0.4498,0,Bayes-M17-med
Mimia,Mai-Ndombe,1,FALSE,2e-4,1e-4,3e-4,2e-4,455,455,455,2e-4,0.0169,455,4e-4,NA,NA,NA,NA,NA,NA,0.4841,6e-4,446,0.9614,0.0521,0,0.9228,0,Bayes-M17-med
Irebu,Equateur,1,FALSE,1e-4,1e-4,2e-4,1e-4,458,458,458,1e-4,0.0092,458,2e-4,NA,NA,NA,NA,NA,NA,0.5473,3e-4,453,0.9305,0.6776,0,0.5811,0,Bayes-M17-med
Kamalondo,Haut-Katanga,1,FALSE,1e-4,1e-4,1e-4,1e-4,460,460,460,1e-4,0.0087,460,2e-4,NA,NA,NA,NA,NA,NA,0.0352,0,461,0.029,0.0019,0,0.11,0,Bayes-M17-med
Kowe,Haut-Katanga,1,FALSE,1e-4,1e-4,1e-4,1e-4,459,459,459,1e-4,0.0088,459,2e-4,NA,NA,NA,NA,NA,NA,0.07,0,460,0.0714,0.0811,0,0.1274,0,Bayes-M17-med
Kitona,Kongo-Central,1,FALSE,1e-4,1e-4,1e-4,1e-4,461,461,461,1e-4,0.0064,461,2e-4,NA,NA,NA,NA,NA,NA,0.293,1e-4,458,0.5907,0.5792,0,0.0019,0,Bayes-M17-med
Bokoro,Mai-Ndombe,1,FALSE,0,0,0,0,462.5,462.5,462.5,0,0,462,0,NA,NA,NA,NA,NA,NA,0.471,0,462,0.6873,0.5097,0,0.6873,0,Bayes-M17-med
Idjwi,Sud-Kivu,1,FALSE,0,0,0,0,462.5,462.5,462.5,0,0,462,0,NA,NA,NA,NA,NA,NA,0.3007,0,463,0.2992,0.8224,0,0.0811,0,Bayes-M17-med
Buta,Bas-Uele,1,TRUE,NA,NA,NA,NA,NA,NA,NA,NA,NA,NA,NA,NA,NA,NA,NA,NA,NA,0.7225,NA,NA,0.9749,0.9923,0,0.9228,0,Bayes-M17-med
Viadana,Bas-Uele,1,TRUE,NA,NA,NA,NA,NA,NA,NA,NA,NA,NA,NA,NA,NA,NA,NA,NA,NA,0.6846,NA,NA,0.9131,0.9788,0,0.8465,0,Bayes-M17-med
Boma Mangbetu,Haut-Uele,1,TRUE,NA,NA,NA,NA,NA,NA,NA,NA,NA,NA,NA,NA,NA,NA,NA,NA,NA,0.4122,NA,NA,0.2857,0.5039,0,0.8591,0,Bayes-M17-med
Gombari,Haut-Uele,1,TRUE,NA,NA,NA,NA,NA,NA,NA,NA,NA,NA,NA,NA,NA,NA,NA,NA,NA,0.5772,NA,NA,0.9633,0.8012,0,0.5444,0,Bayes-M17-med
Isiro,Haut-Uele,1,TRUE,NA,NA,NA,NA,NA,NA,NA,NA,NA,NA,NA,NA,NA,NA,NA,NA,NA,0.5253,NA,NA,0.39,0.7587,0,0.9527,0,Bayes-M17-med
Pawa,Haut-Uele,1,TRUE,NA,NA,NA,NA,NA,NA,NA,NA,NA,NA,NA,NA,NA,NA,NA,NA,NA,0.4315,NA,NA,0.2934,0.5734,0,0.8591,0,Bayes-M17-med
Rungu,Haut-Uele,1,TRUE,NA,NA,NA,NA,NA,NA,NA,NA,NA,NA,NA,NA,NA,NA,NA,NA,NA,0.6474,NA,NA,0.8224,0.8031,0,0.9643,0,Bayes-M17-med
Wamba,Haut-Uele,1,TRUE,NA,NA,NA,NA,NA,NA,NA,NA,NA,NA,NA,NA,NA,NA,NA,NA,NA,0.4817,NA,NA,0.6737,0.4363,0,0.8166,0,Bayes-M17-med
Adja,Ituri,1,TRUE,NA,NA,NA,NA,NA,NA,NA,NA,NA,NA,NA,NA,NA,NA,NA,NA,NA,0.2645,NA,NA,0.249,0.4286,0,0.3803,0,Bayes-M17-med
Ariwara,Ituri,1,TRUE,NA,NA,NA,NA,NA,NA,NA,NA,NA,NA,NA,NA,NA,NA,NA,NA,NA,0.2862,NA,NA,0.1988,0.6988,0,0.2471,0,Bayes-M17-med
Aru,Ituri,1,TRUE,NA,NA,NA,NA,NA,NA,NA,NA,NA,NA,NA,NA,NA,NA,NA,NA,NA,0.3528,NA,NA,0.3012,0.8417,0,0.2683,0,Bayes-M17-med
Aungba,Ituri,1,TRUE,NA,NA,NA,NA,NA,NA,NA,NA,NA,NA,NA,NA,NA,NA,NA,NA,NA,0.3354,NA,NA,0.3108,0.6564,0,0.3745,0,Bayes-M17-med
Kambala,Ituri,1,TRUE,NA,NA,NA,NA,NA,NA,NA,NA,NA,NA,NA,NA,NA,NA,NA,NA,NA,0.347,NA,NA,0.3668,0.612,0,0.4093,0,Bayes-M17-med
Logo,Ituri,1,TRUE,NA,NA,NA,NA,NA,NA,NA,NA,NA,NA,NA,NA,NA,NA,NA,NA,NA,0.2384,NA,NA,0.1757,0.5927,0,0.1853,0,Bayes-M17-med
Mahagi,Ituri,1,TRUE,NA,NA,NA,NA,NA,NA,NA,NA,NA,NA,NA,NA,NA,NA,NA,NA,NA,0.2292,NA,NA,0.1718,0.6004,0,0.1448,0,Bayes-M17-med
Rimba,Ituri,1,TRUE,NA,NA,NA,NA,NA,NA,NA,NA,NA,NA,NA,NA,NA,NA,NA,NA,NA,0.306,NA,NA,0.2008,0.7124,0,0.3108,0,Bayes-M17-med
Bambu,Ituri,1,TRUE,NA,NA,NA,NA,NA,NA,NA,NA,NA,NA,NA,NA,NA,NA,NA,NA,NA,0.2399,NA,NA,0.2046,0.4691,0,0.2857,0,Bayes-M17-med
Boga,Ituri,1,TRUE,NA,NA,NA,NA,NA,NA,NA,NA,NA,NA,NA,NA,NA,NA,NA,NA,NA,0.264,NA,NA,0.3861,0.36870000000000003,0,0.3012,0,Bayes-M17-med
Bunia,Ituri,1,TRUE,NA,NA,NA,NA,NA,NA,NA,NA,NA,NA,NA,NA,NA,NA,NA,NA,NA,0.2326,NA,NA,0.1178,0.5637,0,0.249,0,Bayes-M17-med
Damas,Ituri,1,TRUE,NA,NA,NA,NA,NA,NA,NA,NA,NA,NA,NA,NA,NA,NA,NA,NA,NA,0.3224,NA,NA,0.4479,0.3282,0,0.5135,0,Bayes-M17-med
Drodro,Ituri,1,TRUE,NA,NA,NA,NA,NA,NA,NA,NA,NA,NA,NA,NA,NA,NA,NA,NA,NA,0.2674,NA,NA,0.2066,0.5907,0,0.2722,0,Bayes-M17-med
Fataki,Ituri,1,TRUE,NA,NA,NA,NA,NA,NA,NA,NA,NA,NA,NA,NA,NA,NA,NA,NA,NA,0.3185,NA,NA,0.2259,0.7201,0,0.3282,0,Bayes-M17-med
Gety,Ituri,1,TRUE,NA,NA,NA,NA,NA,NA,NA,NA,NA,NA,NA,NA,NA,NA,NA,NA,NA,0.2592,NA,NA,0.3359,0.2973,0,0.4035,0,Bayes-M17-med
Kilo,Ituri,1,TRUE,NA,NA,NA,NA,NA,NA,NA,NA,NA,NA,NA,NA,NA,NA,NA,NA,NA,0.1448,NA,NA,0.2201,0.0502,0,0.3089,0,Bayes-M17-med
Komanda,Ituri,1,TRUE,NA,NA,NA,NA,NA,NA,NA,NA,NA,NA,NA,NA,NA,NA,NA,NA,NA,0.2341,NA,NA,0.3089,0.1197,0,0.5077,0,Bayes-M17-med
Lita,Ituri,1,TRUE,NA,NA,NA,NA,NA,NA,NA,NA,NA,NA,NA,NA,NA,NA,NA,NA,NA,0.306,NA,NA,0.2761,0.7046,0,0.2432,0,Bayes-M17-med
Lolwa,Ituri,1,TRUE,NA,NA,NA,NA,NA,NA,NA,NA,NA,NA,NA,NA,NA,NA,NA,NA,NA,0.3205,NA,NA,0.6429,0,0,0.639,0,Bayes-M17-med
Mambasa,Ituri,1,TRUE,NA,NA,NA,NA,NA,NA,NA,NA,NA,NA,NA,NA,NA,NA,NA,NA,NA,0.4324,NA,NA,0.8842,0.2625,0,0.583,0,Bayes-M17-med
Mandima,Ituri,1,TRUE,NA,NA,NA,NA,NA,NA,NA,NA,NA,NA,NA,NA,NA,NA,NA,NA,NA,0.2659,NA,NA,0.4846,0.2896,0,0.2896,0,Bayes-M17-med
Mangala,Ituri,1,TRUE,NA,NA,NA,NA,NA,NA,NA,NA,NA,NA,NA,NA,NA,NA,NA,NA,NA,0.3021,NA,NA,0.305,0.6158,0,0.2876,0,Bayes-M17-med
Mongbwalu,Ituri,1,TRUE,NA,NA,NA,NA,NA,NA,NA,NA,NA,NA,NA,NA,NA,NA,NA,NA,NA,0.2616,NA,NA,0.4112,0.1834,0,0.4517,0,Bayes-M17-med
Nia Nia,Ituri,1,TRUE,NA,NA,NA,NA,NA,NA,NA,NA,NA,NA,NA,NA,NA,NA,NA,NA,NA,0.2978,NA,NA,0.666,0.0212,0,0.5039,0,Bayes-M17-med
Nizi,Ituri,1,TRUE,NA,NA,NA,NA,NA,NA,NA,NA,NA,NA,NA,NA,NA,NA,NA,NA,NA,0.1771,NA,NA,0.1544,0.3378,0,0.2162,0,Bayes-M17-med
Nyankunde,Ituri,1,TRUE,NA,NA,NA,NA,NA,NA,NA,NA,NA,NA,NA,NA,NA,NA,NA,NA,NA,0.2514,NA,NA,0.2838,0.2432,0,0.4788,0,Bayes-M17-med
Rwampara,Ituri,1,TRUE,NA,NA,NA,NA,NA,NA,NA,NA,NA,NA,NA,NA,NA,NA,NA,NA,NA,0.319,NA,NA,0.2375,0.7452,0,0.2934,0,Bayes-M17-med
Tchomia,Ituri,1,TRUE,NA,NA,NA,NA,NA,NA,NA,NA,NA,NA,NA,NA,NA,NA,NA,NA,NA,0.1998,NA,NA,0.2104,0.3745,0,0.2143,0,Bayes-M17-med
Beni,Nord-Kivu,1,TRUE,NA,NA,NA,NA,NA,NA,NA,NA,NA,NA,NA,NA,NA,NA,NA,NA,NA,0.1559,NA,NA,0.1525,0.2297,0,0.2413,0,Bayes-M17-med
Butembo,Nord-Kivu,1,TRUE,NA,NA,NA,NA,NA,NA,NA,NA,NA,NA,NA,NA,NA,NA,NA,NA,NA,0.1829,NA,NA,0.1139,0.388,0,0.2297,0,Bayes-M17-med
Kalunguta,Nord-Kivu,1,TRUE,NA,NA,NA,NA,NA,NA,NA,NA,NA,NA,NA,NA,NA,NA,NA,NA,NA,0.1559,NA,NA,0.195,0.2066,0,0.222,0,Bayes-M17-med
Katwa,Nord-Kivu,1,TRUE,NA,NA,NA,NA,NA,NA,NA,NA,NA,NA,NA,NA,NA,NA,NA,NA,NA,0.1998,NA,NA,0.0869,0.4846,0,0.2278,0,Bayes-M17-med
Kyondo,Nord-Kivu,1,TRUE,NA,NA,NA,NA,NA,NA,NA,NA,NA,NA,NA,NA,NA,NA,NA,NA,NA,0.3238,NA,NA,0.2954,0.7973,0,0.2027,0,Bayes-M17-med
Lubero,Nord-Kivu,1,TRUE,NA,NA,NA,NA,NA,NA,NA,NA,NA,NA,NA,NA,NA,NA,NA,NA,NA,0.4585,NA,NA,0.5734,0.9382,0,0.3224,0,Bayes-M17-med
Mabalako,Nord-Kivu,1,TRUE,NA,NA,NA,NA,NA,NA,NA,NA,NA,NA,NA,NA,NA,NA,NA,NA,NA,0.1573,NA,NA,0.1931,0.2046,0,0.2317,0,Bayes-M17-med
Masereka,Nord-Kivu,1,TRUE,NA,NA,NA,NA,NA,NA,NA,NA,NA,NA,NA,NA,NA,NA,NA,NA,NA,0.36870000000000003,NA,NA,0.2548,0.9807,0,0.2394,0,Bayes-M17-med
Musienene,Nord-Kivu,1,TRUE,NA,NA,NA,NA,NA,NA,NA,NA,NA,NA,NA,NA,NA,NA,NA,NA,NA,0.319,NA,NA,0.2645,0.7317,0,0.2799,0,Bayes-M17-med
Oicha,Nord-Kivu,1,TRUE,NA,NA,NA,NA,NA,NA,NA,NA,NA,NA,NA,NA,NA,NA,NA,NA,NA,0.3364,NA,NA,0.3243,0.7606,0,0.2606,0,Bayes-M17-med
Vuhovi,Nord-Kivu,1,TRUE,NA,NA,NA,NA,NA,NA,NA,NA,NA,NA,NA,NA,NA,NA,NA,NA,NA,0.2611,NA,NA,0.2027,0.6178,0,0.2239,0,Bayes-M17-med
Goma,Nord-Kivu,1,TRUE,NA,NA,NA,NA,NA,NA,NA,NA,NA,NA,NA,NA,NA,NA,NA,NA,NA,0.2669,NA,NA,0.1274,0.8977,0,0.0425,0,Bayes-M17-med
Miti Murhesa,Sud-Kivu,1,TRUE,NA,NA,NA,NA,NA,NA,NA,NA,NA,NA,NA,NA,NA,NA,NA,NA,NA,0.3277,NA,NA,0.2355,0.9131,0,0.1622,0,Bayes-M17-med
Bafwasende,Tshopo,1,TRUE,NA,NA,NA,NA,NA,NA,NA,NA,NA,NA,NA,NA,NA,NA,NA,NA,NA,0.4546,NA,NA,0.9073,0.2413,0,0.6699,0,Bayes-M17-med
Kabondo,Tshopo,1,TRUE,NA,NA,NA,NA,NA,NA,NA,NA,NA,NA,NA,NA,NA,NA,NA,NA,NA,0.18,NA,NA,0.1911,0.2722,0,0.2568,0,Bayes-M17-med
Lubunga (Tshopo),Tshopo,1,TRUE,NA,NA,NA,NA,NA,NA,NA,NA,NA,NA,NA,NA,NA,NA,NA,NA,NA,0.2288,NA,NA,0.2452,0.3436,0,0.3263,0,Bayes-M17-med
Makiso Kisangani,Tshopo,1,TRUE,NA,NA,NA,NA,NA,NA,NA,NA,NA,NA,NA,NA,NA,NA,NA,NA,NA,0.2355,NA,NA,0.1332,0.5309,0,0.278,0,Bayes-M17-med
Mangobo,Tshopo,1,TRUE,NA,NA,NA,NA,NA,NA,NA,NA,NA,NA,NA,NA,NA,NA,NA,NA,NA,0.2061,NA,NA,0.0792,0.4382,0,0.3069,0,Bayes-M17-med
Tshopo,Tshopo,1,TRUE,NA,NA,NA,NA,NA,NA,NA,NA,NA,NA,NA,NA,NA,NA,NA,NA,NA,0.2466,NA,NA,0.361,0.334,0,0.2915,0,Bayes-M17-med
Wanierukula,Tshopo,1,TRUE,NA,NA,NA,NA,NA,NA,NA,NA,NA,NA,NA,NA,NA,NA,NA,NA,NA,0.473,NA,NA,0.8436,0.5521,0,0.4961,0,Bayes-M17-med
Rethy,Ituri,2,FALSE,0.7262,0.6342,0.8112,0.7287,1,1,1,1.3161,54.7045,1,1,3.3946,1,NA,NA,NA,NA,0.2703,0.6757,2,0.2143,0.6081,0,0.2587,0,Bayes-M17-med
Watsa,Haut-Uele,2,FALSE,0.6055,0.5135,0.6947,0.6065,2,2,2,0.9403,39.0863,2,0.8338,NA,NA,NA,NA,3.6531,1,0.4797,1,1,0.7297,0.8436,0,0.3456,0,Bayes-M17-med
Nyarambe,Ituri,2,FALSE,0.3764,0.3055,0.4482,0.3758,3,3,3,0.4748,19.7361,3,0.5183,1.2247,2,NA,NA,NA,NA,0.1805,0.2339,10,0.1699,0.4595,0,0.0927,0,Bayes-M17-med
Biringi,Ituri,2,FALSE,0.3434,0.2792,0.4081,0.342,4,4,5,0.4226,17.5668,4,0.4729,1.0901,3,NA,NA,NA,NA,0.3494,0.4131,4,0.3958,0.4865,0,0.5154,0,Bayes-M17-med
Mutwanga,Nord-Kivu,2,FALSE,0.3383,0.273,0.4066,0.3375,5,4,5,0.4149,17.247,5,0.4659,NA,NA,3.762,1,NA,NA,0.2408,0.2805,8,0.2606,0.4672,0,0.2355,0,Bayes-M17-med
Makoro,Haut-Uele,2,FALSE,0.2498,0.1986,0.3034,0.2488,6,6,6,0.2883,11.9846,6,0.3439,NA,NA,NA,NA,1.1201,2,0.3822,0.3287,5,0.556,0.5483,0,0.4247,0,Bayes-M17-med
Kayna,Nord-Kivu,2,FALSE,0.2453,0.1944,0.3005,0.2441,7,7,7,0.2824,11.7397,7,0.3378,NA,NA,2.5607,2,NA,NA,0.3113,0.2629,9,0.2278,0.6332,0,0.3842,0,Bayes-M17-med
Dungu,Haut-Uele,2,FALSE,0.2291,0.1795,0.2839,0.2278,8,8,8,0.2611,10.8524,8,0.3155,NA,NA,NA,NA,1.0143,3,0.5275,0.4161,3,0.8726,0.5598,0,0.6776,0,Bayes-M17-med
Angumu,Ituri,2,FALSE,0.2149,0.1707,0.2613,0.2139,9,9,9,0.2426,10.0833,9,0.2959,0.6257,4,NA,NA,NA,NA,0.11,0.0814,34,0.1641,0.1641,0,0.112,0,Bayes-M17-med
Karisimbi,Nord-Kivu,2,FALSE,0.1834,0.1445,0.2252,0.1824,10,10,10,0.203,8.4397,10,0.2525,NA,NA,1.8409,3,NA,NA,0.1597,0.1008,26,0.0907,0.5154,0,0.0328,0,Bayes-M17-med
Linga,Ituri,2,FALSE,0.1742,0.1365,0.2159,0.1731,11,11,11,0.1918,7.9733,11,0.2398,0.4948,5,NA,NA,NA,NA,0.2148,0.1288,20,0.1969,0.3417,0,0.3205,0,Bayes-M17-med
Jiba,Ituri,2,FALSE,0.1675,0.1314,0.2074,0.1665,12,12,12,0.1837,7.6354,12,0.2306,0.4738,6,NA,NA,NA,NA,0.1651,0.0952,27,0.1815,0.1274,0,0.3514,0,Bayes-M17-med
Biena,Nord-Kivu,2,FALSE,0.1575,0.1216,0.1971,0.1563,13,13,13,0.1717,7.1373,13,0.2168,NA,NA,1.5568,4,NA,NA,0.2013,0.1091,25,0.251,0.166,0,0.388,0,Bayes-M17-med
Niangara,Haut-Uele,2,FALSE,0.1496,0.1136,0.1897,0.1483,14,14,15,0.1624,6.7512,14,0.206,NA,NA,NA,NA,0.631,4,0.5512,0.2838,7,0.8031,0.4324,0,0.9691,0,Bayes-M17-med
Bafwagbogbo,Tshopo,2,FALSE,0.1429,0.1087,0.1812,0.1416,15,15,16,0.1545,6.424,15,0.1968,NA,NA,NA,NA,NA,NA,0.3948,0.1942,12,0.8591,0.027,0,0.6931,0,Bayes-M17-med
Nyiragongo,Nord-Kivu,2,FALSE,0.1405,0.11,0.1735,0.1397,16,14,16,0.1517,6.304,16,0.1935,NA,NA,1.375,5,NA,NA,0.2891,0.1398,19,0.2432,0.8764,0,0.0367,0,Bayes-M17-med
Adi,Ituri,2,FALSE,0.1311,0.1014,0.1633,0.1301,17,17,18,0.1408,5.851,17,0.1805,0.3631,7,NA,NA,NA,NA,0.3977,0.1795,13,0.2587,0.7104,0,0.6216,0,Bayes-M17-med
Rutshuru,Nord-Kivu,2,FALSE,0.1289,0.0996,0.1612,0.128,18,17,18,0.1383,5.748,18,0.1776,NA,NA,1.2538,6,NA,NA,0.3721,0.1652,15,0.4093,0.9942,0,0.0849,0,Bayes-M17-med
Kirotshe,Nord-Kivu,2,FALSE,0.1231,0.0948,0.1541,0.1222,19,19,20,0.1316,5.4698,19,0.1695,NA,NA,1.1931,7,NA,NA,0.3842,0.1628,16,0.3764,0.9961,0,0.1641,0,Bayes-M17-med
Poko,Bas-Uele,2,FALSE,0.1212,0.0921,0.1539,0.1203,20,19,22,0.1295,5.3821,20,0.167,NA,NA,NA,NA,NA,NA,0.7271,0.3035,6,0.9923,0.9517,0,0.9643,0,Bayes-M17-med
Laybo,Ituri,2,FALSE,0.121,0.0918,0.1527,0.1198,21,19,22,0.1292,5.3704,21,0.1666,0.3333,8,NA,NA,NA,NA,0.3393,0.1413,18,0.3069,0.556,0,0.4942,0,Bayes-M17-med
Alimbongo,Nord-Kivu,2,FALSE,0.1186,0.0918,0.1484,0.1177,22,21,22,0.1264,5.2548,22,0.1633,NA,NA,1.1462,8,NA,NA,0.4262,0.174,14,0.5849,0.7471,0,0.3726,0,Bayes-M17-med
Kamango,Nord-Kivu,2,FALSE,0.1031,0.08,0.1288,0.1024,23,23,23,0.109,4.5296,23,0.142,NA,NA,0.988,9,NA,NA,0.4373,0.1552,17,0.6583,0.917,0,0.1737,0,Bayes-M17-med
Rwanguba,Nord-Kivu,2,FALSE,0.1006,0.0773,0.1263,0.0998,24,24,24,0.1062,4.4125,24,0.1385,NA,NA,0.9625,10,NA,NA,0.2442,0.0846,33,0.2085,0.7027,0,0.0656,0,Bayes-M17-med
Manguredjipa,Nord-Kivu,2,FALSE,0.0977,0.0746,0.1235,0.0969,25,25,25,0.1029,4.2768,25,0.1345,NA,NA,0.9329,11,NA,NA,0.3475,0.1168,23,0.778,0.0579,0,0.5541,0,Bayes-M17-med
Kibirizi,Nord-Kivu,2,FALSE,0.0847,0.065,0.1066,0.084,26,26,26,0.0886,3.6815,26,0.1166,NA,NA,0.803,12,NA,NA,0.4175,0.1217,22,0.5405,0.8552,0,0.2741,0,Bayes-M17-med
Ganga,Bas-Uele,2,FALSE,0.081,0.0611,0.1037,0.0803,27,27,27,0.0845,3.5143,27,0.1115,NA,NA,NA,NA,NA,NA,0.7218,0.2012,11,0.9672,0.9556,0,0.9643,0,Bayes-M17-med
Ibanda,Sud-Kivu,2,FALSE,0.0738,0.0572,0.0922,0.0733,28,28,29,0.0767,3.19,28,0.1016,NA,NA,NA,NA,NA,NA,0.2307,0.0586,44,0.083,0.6216,0,0.2181,0,Bayes-M17-med
Faradje,Haut-Uele,2,FALSE,0.073,0.0559,0.0924,0.0724,29,28,30,0.0759,3.1546,29,0.1005,NA,NA,NA,NA,0.2948,5,0.4474,0.1125,24,0.7606,0.666,0,0.3629,0,Bayes-M17-med
Nsele,Kinshasa,2,FALSE,0.071,0.0555,0.0875,0.0704,30,29,31,0.0737,3.0621,30,0.0977,NA,NA,NA,NA,NA,NA,0.1583,0.0387,50,0.139,0.3996,0,0.0946,0,Bayes-M17-med
Minova,Sud-Kivu,2,FALSE,0.0698,0.0533,0.0883,0.0692,31,30,32,0.0724,3.0092,31,0.0961,NA,NA,NA,NA,NA,NA,0.3866,0.0929,29,0.4421,0.9826,0,0.1216,0,Bayes-M17-med
Gombe,Kinshasa,2,FALSE,0.0657,0.0516,0.0809,0.0652,32,31,34,0.068,2.8266,32,0.0905,NA,NA,NA,NA,NA,NA,0.1622,0.0367,52,0.0695,0.5695,0,0.0097,0,Bayes-M17-med
Banalia,Tshopo,2,FALSE,0.0649,0.0491,0.0829,0.0643,33,32,34,0.0672,2.7926,33,0.0894,NA,NA,NA,NA,NA,NA,0.4242,0.0948,28,0.7799,0.1178,0,0.7992,0,Bayes-M17-med
Mweso,Nord-Kivu,2,FALSE,0.064,0.0488,0.081,0.0634,34,33,34,0.0662,2.7503,34,0.0881,NA,NA,0.5999,13,NA,NA,0.4189,0.0923,30,0.4498,0.9614,0,0.2645,0,Bayes-M17-med
Aba,Haut-Uele,2,FALSE,0.0628,0.0479,0.0794,0.0623,35,34,35,0.065,2.6997,35,0.0865,NA,NA,NA,NA,0.2523,6,0.569,0.1231,21,0.6004,0.6853,0,0.9903,0,Bayes-M17-med
Masisi,Nord-Kivu,2,FALSE,0.06,0.0457,0.076,0.0594,36,36,36,0.0619,2.5726,36,0.0826,NA,NA,0.5612,14,NA,NA,0.4402,0.0909,31,0.4324,0.9575,0,0.3707,0,Bayes-M17-med
Kadutu,Sud-Kivu,2,FALSE,0.0559,0.0433,0.0699,0.0555,37,37,37,0.0576,2.3931,37,0.077,NA,NA,NA,NA,NA,NA,0.1636,0.0315,63,0.0579,0.3861,0,0.2104,0,Bayes-M17-med
Katana,Sud-Kivu,2,FALSE,0.0554,0.0429,0.0691,0.055,38,38,38,0.0571,2.3714,38,0.0763,NA,NA,NA,NA,NA,NA,0.3224,0.0615,43,0.2471,0.9112,0,0.1313,0,Bayes-M17-med
Binza,Nord-Kivu,2,FALSE,0.0538,0.0411,0.0682,0.0534,39,39,41,0.0554,2.302,39,0.0741,NA,NA,0.5021,15,NA,NA,0.3518,0.0652,39,0.471,0.8378,0,0.0985,0,Bayes-M17-med
Bambo,Nord-Kivu,2,FALSE,0.0535,0.041,0.0675,0.053,40,40,41,0.055,2.2865,40,0.0737,NA,NA,0.4987,16,NA,NA,0.3962,0.073,37,0.5521,0.9073,0,0.1255,0,Bayes-M17-med
Binza Ozone,Kinshasa,2,FALSE,0.0523,0.0408,0.0647,0.0518,41,40,42,0.0538,2.2343,41,0.072,NA,NA,NA,NA,NA,NA,0.152,0.0274,69,0.0734,0.5232,0,0.0116,0,Bayes-M17-med
Limete,Kinshasa,2,FALSE,0.052,0.0408,0.0641,0.0515,42,39,43,0.0534,2.2203,42,0.0716,NA,NA,NA,NA,NA,NA,0.056,0.01,128,0.0405,0.1371,0,0.0463,0,Bayes-M17-med
Kabare,Sud-Kivu,2,FALSE,0.0514,0.0396,0.0646,0.0509,43,41,43,0.0528,2.1927,43,0.0707,NA,NA,NA,NA,NA,NA,0.3567,0.0631,40,0.2394,0.9884,0,0.1988,0,Bayes-M17-med
Kokolo,Kinshasa,2,FALSE,0.0464,0.0363,0.0573,0.046,44,44,45,0.0475,1.9745,44,0.0638,NA,NA,NA,NA,NA,NA,0.2172,0.0347,56,0.0772,0.7722,0,0.0193,0,Bayes-M17-med
Uvira,Sud-Kivu,2,FALSE,0.0456,0.0348,0.0575,0.0451,45,44,46,0.0467,1.9392,45,0.0627,NA,NA,NA,NA,NA,NA,0.5502,0.0863,32,0.2181,0.9846,0,0.9981,0,Bayes-M17-med
Lingwala,Kinshasa,2,FALSE,0.0455,0.0356,0.0561,0.0451,46,45,46,0.0465,1.9345,46,0.0626,NA,NA,NA,NA,NA,NA,0.0323,0.0051,217,0.0232,0.0907,0,0.0154,0,Bayes-M17-med
Kinshasa,Kinshasa,2,FALSE,0.0429,0.0336,0.0531,0.0426,47,47,47,0.0439,1.8254,47,0.0591,NA,NA,NA,NA,NA,NA,0.0203,0.003,321,0.0135,0.0463,0,0.0212,0,Bayes-M17-med
Kalamu 1,Kinshasa,2,FALSE,0.0408,0.0319,0.0504,0.0404,48,48,49,0.0417,1.7316,48,0.0562,NA,NA,NA,NA,NA,NA,0.0309,0.0043,245,0.0193,0.0734,0,0.0309,0,Bayes-M17-med
Kasa Vubu,Kinshasa,2,FALSE,0.0406,0.0318,0.0501,0.0402,49,49,50,0.0415,1.7234,49,0.0559,NA,NA,NA,NA,NA,NA,0.0444,0.0062,193,0.0309,0.1216,0,0.0251,0,Bayes-M17-med
Katoyi,Nord-Kivu,2,FALSE,0.0403,0.0306,0.0513,0.0399,50,48,50,0.0412,1.7106,50,0.0555,NA,NA,0.3731,17,NA,NA,0.4542,0.063,41,0.4614,0.9595,0,0.3958,0,Bayes-M17-med
Walikale,Nord-Kivu,2,FALSE,0.0384,0.0296,0.0483,0.0381,51,51,52,0.0392,1.6304,51,0.0529,NA,NA,0.3556,18,NA,NA,0.5729,0.0758,36,0.9459,0.9286,0,0.417,0,Bayes-M17-med
Lemba,Kinshasa,2,FALSE,0.0377,0.0295,0.0467,0.0374,52,51,53,0.0385,1.5989,52,0.0519,NA,NA,NA,NA,NA,NA,0.1023,0.0133,106,0.0483,0.3069,0,0.0541,0,Bayes-M17-med
Walungu,Sud-Kivu,2,FALSE,0.0372,0.0282,0.0473,0.0368,53,52,55,0.0379,1.5751,53,0.0512,NA,NA,NA,NA,NA,NA,0.3248,0.0416,49,0.1853,0.8803,0,0.2336,0,Bayes-M17-med
Masina 1,Kinshasa,2,FALSE,0.0364,0.0284,0.045,0.0361,54,53,55,0.0371,1.5411,54,0.0501,NA,NA,NA,NA,NA,NA,0.0193,0.0024,350,0.0077,0.0077,0,0.0618,0,Bayes-M17-med
Kintambo,Kinshasa,2,FALSE,0.036,0.0282,0.0445,0.0357,55,54,57,0.0367,1.5241,55,0.0496,NA,NA,NA,NA,NA,NA,0.0338,0.0042,251,0.0212,0.1004,0,0.0135,0,Bayes-M17-med
Ruzizi,Sud-Kivu,2,FALSE,0.0357,0.0273,0.045,0.0353,56,54,56,0.0363,1.5098,56,0.0491,NA,NA,NA,NA,NA,NA,0.5627,0.0691,38,0.3494,0.9093,0,0.9923,0,Bayes-M17-med
Bondo,Bas-Uele,2,FALSE,0.035,0.0266,0.0443,0.0347,57,54,57,0.0356,1.4812,57,0.0482,NA,NA,NA,NA,NA,NA,0.6737,0.0812,35,0.9961,0.9981,0,0.7008,0,Bayes-M17-med
Bengamisa,Tshopo,2,FALSE,0.0323,0.0245,0.0413,0.032,58,58,61,0.0329,1.3659,58,0.0445,NA,NA,NA,NA,NA,NA,0.3012,0.0335,58,0.612,0.2162,0,0.3764,0,Bayes-M17-med
Fizi,Sud-Kivu,2,FALSE,0.0322,0.0244,0.0411,0.0319,59,59,61,0.0327,1.3599,59,0.0443,NA,NA,NA,NA,NA,NA,0.5637,0.0624,42,0.7432,0.9691,0,0.5425,0,Bayes-M17-med
Masina 2,Kinshasa,2,FALSE,0.0314,0.0245,0.0388,0.0311,60,58,62,0.0319,1.3254,60,0.0432,NA,NA,NA,NA,NA,NA,0.0265,0.0029,326,0.0174,0.0193,0,0.0695,0,Bayes-M17-med
Bandalungwa,Kinshasa,2,FALSE,0.0313,0.0245,0.0386,0.031,61,59,63,0.0318,1.3204,61,0.043,NA,NA,NA,NA,NA,NA,0.0709,0.0076,160,0.0328,0.2336,0,0.0174,0,Bayes-M17-med
Kalehe,Sud-Kivu,2,FALSE,0.0308,0.0235,0.0389,0.0305,62,60,63,0.0313,1.3009,62,0.0424,NA,NA,NA,NA,NA,NA,0.3369,0.0357,55,0.3417,0.8649,0,0.1409,0,Bayes-M17-med
Birambizo,Nord-Kivu,2,FALSE,0.0303,0.023,0.0386,0.0301,63,61,64,0.0308,1.2812,63,0.0418,NA,NA,0.2795,19,NA,NA,0.3625,0.0379,51,0.4035,0.89,0,0.1564,0,Bayes-M17-med
Binza Meteo,Kinshasa,2,FALSE,0.0299,0.0233,0.037,0.0296,64,62,65,0.0304,1.2626,64,0.0412,NA,NA,NA,NA,NA,NA,0.2558,0.0263,72,0.0965,0.8996,0,0.027,0,Bayes-M17-med
Pinga,Nord-Kivu,2,FALSE,0.0295,0.0226,0.0374,0.0293,65,64,65,0.03,1.246,65,0.0406,NA,NA,0.2718,20,NA,NA,0.57,0.0579,45,0.9595,0.7548,0,0.5656,0,Bayes-M17-med
Bagira,Sud-Kivu,2,FALSE,0.0286,0.0218,0.0362,0.0283,66,66,67,0.029,1.2068,66,0.0394,NA,NA,NA,NA,NA,NA,0.236,0.0232,75,0.1004,0.6371,0,0.2066,0,Bayes-M17-med
Isangi,Tshopo,2,FALSE,0.0277,0.0211,0.0354,0.0275,67,67,72,0.0282,1.1702,67,0.0382,NA,NA,NA,NA,NA,NA,0.3837,0.0367,53,0.4054,0.4073,0,0.722,0,Bayes-M17-med
Yakusu,Tshopo,2,FALSE,0.0275,0.0207,0.035,0.0273,68,67,73,0.0279,1.1586,68,0.0378,NA,NA,NA,NA,NA,NA,0.319,0.0302,67,0.4208,0.2085,0,0.6467,0,Bayes-M17-med
Nyantende,Sud-Kivu,2,FALSE,0.0273,0.0209,0.0345,0.027,69,69,71,0.0277,1.1499,69,0.0376,NA,NA,NA,NA,NA,NA,0.3219,0.0302,66,0.1486,0.8938,0,0.2452,0,Bayes-M17-med
Kikimi,Kinshasa,2,FALSE,0.027,0.021,0.0334,0.0267,70,67,72,0.0273,1.1367,70,0.0371,NA,NA,NA,NA,NA,NA,0.0835,0.0078,157,0.056,0.1911,0,0.0869,0,Bayes-M17-med
Mont Ngafula 1,Kinshasa,2,FALSE,0.0265,0.0205,0.033,0.0263,72,70,74,0.0268,1.1157,71,0.0365,NA,NA,NA,NA,NA,NA,0.2066,0.0188,86,0.1371,0.6313,0,0.0579,0,Bayes-M17-med
Matete,Kinshasa,2,FALSE,0.0263,0.0206,0.0326,0.0261,72,68,76,0.0267,1.1095,72,0.0363,NA,NA,NA,NA,NA,NA,0.0492,0.0045,238,0.0251,0.1158,0,0.056,0,Bayes-M17-med
Nyemba,Tanganyika,2,FALSE,0.0262,0.0202,0.033,0.026,73,71,74,0.0266,1.1052,73,0.0361,NA,NA,NA,NA,NA,NA,0.3456,0.0312,64,0.5965,0.4556,0,0.3301,0,Bayes-M17-med
Barumbu,Kinshasa,2,FALSE,0.0261,0.0204,0.0323,0.0259,75,69,77,0.0265,1.1006,74,0.036,NA,NA,NA,NA,NA,NA,0.014,0.0013,418,0.0097,0.0232,0,0.0232,0,Bayes-M17-med
Lemera,Sud-Kivu,2,FALSE,0.0261,0.0197,0.0333,0.0258,74,70,76,0.0264,1.0991,75,0.0359,NA,NA,NA,NA,NA,NA,0.5613,0.0504,46,0.3629,0.9015,0,0.9807,0,Bayes-M17-med
Lubutu,Maniema,2,FALSE,0.0258,0.0198,0.0325,0.0256,75,75,76,0.0262,1.0884,76,0.0356,NA,NA,NA,NA,NA,NA,0.4706,0.0419,48,0.8205,0.2819,0,0.7799,0,Bayes-M17-med
Mubumbano,Sud-Kivu,2,FALSE,0.0256,0.0194,0.0326,0.0254,77,73,78,0.0259,1.078,77,0.0352,NA,NA,NA,NA,NA,NA,0.3658,0.0322,61,0.2683,0.9402,0,0.2548,0,Bayes-M17-med
Mont Ngafula 2,Kinshasa,2,FALSE,0.0243,0.0189,0.0301,0.0241,78,77,78,0.0246,1.0221,78,0.0334,NA,NA,NA,NA,NA,NA,0.0951,0.0079,151,0.0849,0.2568,0,0.0386,0,Bayes-M17-med
Selembao,Kinshasa,2,FALSE,0.024,0.0186,0.0297,0.0238,79,79,79,0.0243,1.0087,79,0.033,NA,NA,NA,NA,NA,NA,0.0676,0.0056,212,0.0444,0.1815,0,0.0444,0,Bayes-M17-med
Mwana,Sud-Kivu,2,FALSE,0.0227,0.0171,0.0289,0.0224,80,80,83,0.0229,0.9527,80,0.0312,NA,NA,NA,NA,NA,NA,0.3731,0.0291,68,0.2896,0.9035,0,0.2992,0,Bayes-M17-med
Ndjili,Kinshasa,2,FALSE,0.0223,0.0174,0.0276,0.0221,81,80,83,0.0225,0.9368,81,0.0307,NA,NA,NA,NA,NA,NA,0.0487,0.0037,276,0.027,0.1042,0,0.0637,0,Bayes-M17-med
Kingabwa,Kinshasa,2,FALSE,0.0219,0.0171,0.0272,0.0217,82,81,85,0.0222,0.9213,82,0.0302,NA,NA,NA,NA,NA,NA,0.0478,0.0036,284,0.0425,0.0965,0,0.0521,0,Bayes-M17-med
Kaniola,Sud-Kivu,2,FALSE,0.0217,0.0164,0.0277,0.0215,83,81,85,0.0219,0.9111,83,0.0298,NA,NA,NA,NA,NA,NA,0.4513,0.0337,57,0.5328,0.9305,0,0.3417,0,Bayes-M17-med
Nyangezi,Sud-Kivu,2,FALSE,0.0215,0.0163,0.0273,0.0213,84,82,86,0.0217,0.9033,84,0.0296,NA,NA,NA,NA,NA,NA,0.36870000000000003,0.0273,70,0.222,0.8842,0,0.36870000000000003,0,Bayes-M17-med
Ngiri Ngiri,Kinshasa,2,FALSE,0.0211,0.0165,0.0261,0.0209,85,83,87,0.0213,0.8851,85,0.029,NA,NA,NA,NA,NA,NA,0.028,0.002,381,0.0154,0.0676,0,0.029,0,Bayes-M17-med
Bunyakiri,Sud-Kivu,2,FALSE,0.0208,0.0157,0.0265,0.0206,86,84,87,0.021,0.8722,86,0.0286,NA,NA,NA,NA,NA,NA,0.4517,0.0323,60,0.6197,0.832,0,0.3552,0,Bayes-M17-med
Police,Kinshasa,2,FALSE,0.0204,0.0159,0.0252,0.0202,87,84,88,0.0206,0.8567,87,0.0281,NA,NA,NA,NA,NA,NA,0.0478,0.0034,301,0.0463,0.0772,0,0.0676,0,Bayes-M17-med
Aketi,Bas-Uele,2,FALSE,0.02,0.0151,0.0254,0.0199,88,81,89,0.0202,0.8416,88,0.0276,NA,NA,NA,NA,NA,NA,0.6762,0.0466,47,0.9903,0.9363,0,0.778,0,Bayes-M17-med
Kindu,Maniema,2,FALSE,0.0189,0.0145,0.0239,0.0187,89,88,89,0.0191,0.7937,89,0.026,NA,NA,NA,NA,NA,NA,0.3181,0.0207,76,0.1351,0.2529,0,0.8842,0,Bayes-M17-med
Maluku 1,Kinshasa,2,FALSE,0.0176,0.0136,0.0218,0.0174,90,90,91,0.0178,0.7378,90,0.0242,NA,NA,NA,NA,NA,NA,0.2321,0.0141,104,0.3475,0.4517,0,0.1293,0,Bayes-M17-med
Kasongo,Maniema,2,FALSE,0.0175,0.0132,0.0224,0.0173,91,90,92,0.0177,0.7346,91,0.0241,NA,NA,NA,NA,NA,NA,0.5304,0.032,62,0.4459,0.7529,0,0.9228,0,Bayes-M17-med
Kingasani,Kinshasa,2,FALSE,0.0165,0.0129,0.0204,0.0163,93,91,95,0.0166,0.6914,93,0.0227,NA,NA,NA,NA,NA,NA,0.0294,0.0017,400,0.0058,0.0405,0,0.0714,0,Bayes-M17-med
Yabaondo,Tshopo,2,FALSE,0.0165,0.0124,0.0212,0.0164,92,92,94,0.0167,0.6923,92,0.0227,NA,NA,NA,NA,NA,NA,0.3523,0.02,78,0.4363,0.305,0,0.668,0,Bayes-M17-med
Shabunda,Sud-Kivu,2,FALSE,0.0161,0.0122,0.0204,0.0159,94,93,94,0.0162,0.6739,94,0.0221,NA,NA,NA,NA,NA,NA,0.5922,0.0328,59,0.8378,0.8726,0,0.6583,0,Bayes-M17-med
Basoko,Tshopo,2,FALSE,0.0158,0.012,0.0201,0.0157,95,95,96,0.016,0.6636,95,0.0218,NA,NA,NA,NA,NA,NA,0.3012,0.0164,98,0.5077,0.3147,0,0.3822,0,Bayes-M17-med
Titule,Bas-Uele,2,FALSE,0.0154,0.0116,0.0196,0.0153,96,93,100,0.0155,0.6449,96,0.0212,NA,NA,NA,NA,NA,NA,0.6839,0.0362,54,0.9865,0.8263,0,0.9228,0,Bayes-M17-med
Ubundu,Tshopo,2,FALSE,0.0153,0.0115,0.0195,0.0151,97,96,98,0.0154,0.6395,97,0.021,NA,NA,NA,NA,NA,NA,0.4744,0.0249,73,0.9054,0.4305,0,0.5618,0,Bayes-M17-med
Lubumbashi,Haut-Katanga,2,FALSE,0.015,0.0116,0.0187,0.0149,98,96,100,0.0151,0.6289,98,0.0207,NA,NA,NA,NA,NA,NA,0.1105,0.0057,208,0.1081,0.2104,0,0.1236,0,Bayes-M17-med
Nundu,Sud-Kivu,2,FALSE,0.0148,0.0112,0.019,0.0147,99,98,100,0.015,0.6216,99,0.0204,NA,NA,NA,NA,NA,NA,0.5927,0.0303,65,0.527,0.8494,0,0.9942,0,Bayes-M17-med
Kalemie,Tanganyika,2,FALSE,0.0148,0.0114,0.0187,0.0147,100,98,100,0.0149,0.6208,100,0.0204,NA,NA,NA,NA,NA,NA,0.3789,0.0193,80,0.6718,0.4575,0,0.3861,0,Bayes-M17-med
Yamaluka,Mongala,2,FALSE,0.0136,0.0105,0.017,0.0135,101,101,103,0.0137,0.5684,101,0.0187,NA,NA,NA,NA,NA,NA,0.1974,0.0092,135,0.2799,0.1448,0,0.3649,0,Bayes-M17-med
Kalonge,Sud-Kivu,2,FALSE,0.0135,0.0102,0.0172,0.0133,102,101,102,0.0136,0.5644,102,0.0186,NA,NA,NA,NA,NA,NA,0.404,0.0188,87,0.4961,0.8359,0,0.2838,0,Bayes-M17-med
Yaleko,Tshopo,2,FALSE,0.0134,0.0101,0.0172,0.0132,103,101,105,0.0135,0.5599,103,0.0184,NA,NA,NA,NA,NA,NA,0.402,0.0185,89,0.639,0.2452,0,0.7239,0,Bayes-M17-med
Kunda,Maniema,2,FALSE,0.0132,0.01,0.0169,0.0131,104,104,105,0.0133,0.5515,104,0.0181,NA,NA,NA,NA,NA,NA,0.4165,0.0189,84,0.4633,0.2799,0,0.9228,0,Bayes-M17-med
Lisala,Mongala,2,FALSE,0.0131,0.01,0.0166,0.013,105,103,105,0.0132,0.5487,105,0.0181,NA,NA,NA,NA,NA,NA,0.4093,0.0185,91,0.4286,0.4402,0,0.7683,0,Bayes-M17-med
Yambuku,Mongala,2,FALSE,0.0127,0.0095,0.0163,0.0126,106,106,106,0.0128,0.5308,106,0.0175,NA,NA,NA,NA,NA,NA,0.4344,0.019,83,0.5483,0.5753,0,0.6139,0,Bayes-M17-med
Makala,Kinshasa,2,FALSE,0.0115,0.009,0.0143,0.0114,107,107,112,0.0116,0.4814,107,0.0159,NA,NA,NA,NA,NA,NA,0.0246,0.001,433,0.0116,0.0386,0,0.0483,0,Bayes-M17-med
Ango,Bas-Uele,2,FALSE,0.0111,0.0083,0.0142,0.011,110,107,111,0.0111,0.4626,110,0.0152,NA,NA,NA,NA,NA,NA,0.7095,0.027,71,1,0.8591,0,0.9788,0,Bayes-M17-med
Saramabila,Maniema,2,FALSE,0.0111,0.0084,0.0143,0.011,108,108,109,0.0112,0.4659,108,0.0153,NA,NA,NA,NA,NA,NA,0.4768,0.0183,93,0.473,0.5502,0,0.8842,0,Bayes-M17-med
Kaziba,Sud-Kivu,2,FALSE,0.0111,0.0084,0.0142,0.011,110,109,110,0.0112,0.4648,109,0.0153,NA,NA,NA,NA,NA,NA,0.3571,0.0137,105,0.2876,0.7838,0,0.3571,0,Bayes-M17-med
Opienge,Tshopo,2,FALSE,0.0108,0.008,0.0139,0.0106,112,110,116,0.0108,0.4501,112,0.0148,NA,NA,NA,NA,NA,NA,0.4445,0.0165,97,0.9556,0.0135,0,0.8089,0,Bayes-M17-med
Djolu,Tshuapa,2,FALSE,0.0108,0.0081,0.0139,0.0107,112,111,112,0.0109,0.4514,111,0.0149,NA,NA,NA,NA,NA,NA,0.5256,0.0195,79,0.7104,0.5985,0,0.7934,0,Bayes-M17-med
Kalamu 2,Kinshasa,2,FALSE,0.0107,0.0084,0.0133,0.0106,113,108,117,0.0108,0.4484,113,0.0148,NA,NA,NA,NA,NA,NA,0.015,6e-4,448,0.0039,0.0154,0,0.0405,0,Bayes-M17-med
Kitutu,Sud-Kivu,2,FALSE,0.0107,0.008,0.0136,0.0105,113,112,114,0.0107,0.4452,114,0.0147,NA,NA,NA,NA,NA,NA,0.5024,0.0184,92,0.751,0.805,0,0.4537,0,Bayes-M17-med
Kibua,Nord-Kivu,2,FALSE,0.0105,0.0079,0.0134,0.0104,115,114,115,0.0105,0.4379,115,0.0144,NA,NA,0.0955,21,NA,NA,0.5154,0.0186,88,0.7741,0.6602,0,0.6274,0,Bayes-M17-med
Kongolo,Tanganyika,2,FALSE,0.0105,0.0079,0.0134,0.0104,116,114,116,0.0105,0.4378,116,0.0144,NA,NA,NA,NA,NA,NA,0.6829,0.0246,74,0.8861,0.9228,0,0.9228,0,Bayes-M17-med
Kimbi Lulenge,Sud-Kivu,2,FALSE,0.0101,0.0076,0.0129,0.01,117,117,119,0.0102,0.4231,117,0.0139,NA,NA,NA,NA,NA,NA,0.5507,0.0192,81,0.8475,0.8687,0,0.4865,0,Bayes-M17-med
Kabinda,Lomami,2,FALSE,0.01,0.0076,0.0128,0.0099,118,118,120,0.0101,0.4188,118,0.0138,NA,NA,NA,NA,NA,NA,0.4382,0.0151,99,0.5097,0.5541,0,0.6892,0,Bayes-M17-med
Lolo,Mongala,2,FALSE,0.01,0.0075,0.0127,0.0099,120,116,123,0.01,0.4169,120,0.0137,NA,NA,NA,NA,NA,NA,0.3161,0.0109,119,0.4073,0.3263,0,0.5309,0,Bayes-M17-med
Mwenga,Sud-Kivu,2,FALSE,0.01,0.0075,0.0128,0.0099,120,119,122,0.01,0.4175,119,0.0138,NA,NA,NA,NA,NA,NA,0.319,0.011,118,0.5,0.3552,0,0.4208,0,Bayes-M17-med
Mumbunda,Haut-Katanga,2,FALSE,0.0099,0.0076,0.0125,0.0099,121,117,123,0.01,0.415,121,0.0137,NA,NA,NA,NA,NA,NA,0.1853,0.0063,188,0.1197,0.5077,0,0.1139,0,Bayes-M17-med
Manika,Lualaba,2,FALSE,0.0099,0.0076,0.0124,0.0098,123,118,125,0.0099,0.4119,123,0.0136,NA,NA,NA,NA,NA,NA,0.1149,0.0039,265,0.0946,0.222,0,0.1429,0,Bayes-M17-med
Kalole,Sud-Kivu,2,FALSE,0.0099,0.0075,0.0126,0.0098,122,121,123,0.0099,0.4123,122,0.0136,NA,NA,NA,NA,NA,NA,0.6038,0.0205,77,0.89,0.7799,0,0.7452,0,Bayes-M17-med
Yahuma,Tshopo,2,FALSE,0.0097,0.0073,0.0125,0.0096,124,122,125,0.0098,0.4059,124,0.0134,NA,NA,NA,NA,NA,NA,0.4402,0.0147,100,0.8649,0.332,0,0.5637,0,Bayes-M17-med
Itebero,Nord-Kivu,2,FALSE,0.0096,0.0073,0.0123,0.0095,125,124,125,0.0097,0.4022,125,0.0133,NA,NA,0.0877,22,NA,NA,0.5574,0.0185,90,0.9112,0.722,0,0.5965,0,Bayes-M17-med
Mulungu,Sud-Kivu,2,FALSE,0.0095,0.0071,0.0121,0.0094,126,126,126,0.0095,0.3951,126,0.013,NA,NA,NA,NA,NA,NA,0.5208,0.017,95,0.861,0.5193,0,0.7027,0,Bayes-M17-med
Bonzola,Kasaï-Oriental,2,FALSE,0.0092,0.007,0.0118,0.0091,128,127,129,0.0093,0.3849,129,0.0127,NA,NA,NA,NA,NA,NA,0.2958,0.0094,133,0.0927,0.7934,0,0.2973,0,Bayes-M17-med
Bumba,Mongala,2,FALSE,0.0092,0.007,0.0119,0.0092,127,127,129,0.0093,0.3861,127,0.0127,NA,NA,NA,NA,NA,NA,0.2384,0.0076,161,0.1409,0.4537,0,0.3591,0,Bayes-M17-med
Kamituga,Sud-Kivu,2,FALSE,0.0092,0.007,0.0118,0.0091,128,127,129,0.0093,0.385,128,0.0127,NA,NA,NA,NA,NA,NA,0.3596,0.0114,115,0.3938,0.6062,0,0.4382,0,Bayes-M17-med
Doruma,Haut-Uele,2,FALSE,0.0088,0.0066,0.0114,0.0087,130,130,130,0.0089,0.3684,130,0.0121,NA,NA,NA,NA,0.0344,7,0.6216,0.0189,85,0.973,0.5135,0,1,0,Bayes-M17-med
Mbulula,Tanganyika,2,FALSE,0.0084,0.0063,0.0108,0.0083,131,131,132,0.0084,0.3512,131,0.0116,NA,NA,NA,NA,NA,NA,0.5934,0.0172,94,0.6448,0.7761,0,0.9527,0,Bayes-M17-med
Lodja,Sankuru,2,FALSE,0.0083,0.0063,0.0107,0.0082,132,132,133,0.0083,0.3468,132,0.0114,NA,NA,NA,NA,NA,NA,0.4626,0.0132,107,0.2625,0.6351,0,0.9527,0,Bayes-M17-med
Punia,Maniema,2,FALSE,0.0082,0.0062,0.0105,0.0081,133,132,134,0.0083,0.3432,133,0.0113,NA,NA,NA,NA,NA,NA,0.3731,0.0106,123,0.7625,0.1969,0,0.5328,0,Bayes-M17-med
Kananga,Kasaï-Central,2,FALSE,0.0081,0.0061,0.0104,0.008,134,134,136,0.0081,0.3386,135,0.0112,NA,NA,NA,NA,NA,NA,0.2963,0.0083,146,0.1429,0.5579,0,0.4846,0,Bayes-M17-med
Kisenso,Kinshasa,2,FALSE,0.0081,0.0063,0.0101,0.0081,135,131,139,0.0081,0.3386,134,0.0112,NA,NA,NA,NA,NA,NA,0.0589,0.0016,402,0.0367,0.139,0,0.0598,0,Bayes-M17-med
Kampene,Maniema,2,FALSE,0.0079,0.0059,0.0101,0.0078,136,136,137,0.0079,0.3285,136,0.0108,NA,NA,NA,NA,NA,NA,0.3962,0.0107,121,0.5251,0.1757,0,0.8842,0,Bayes-M17-med
Likati,Bas-Uele,2,FALSE,0.0078,0.0058,0.0099,0.0077,139,134,145,0.0078,0.3235,139,0.0107,NA,NA,NA,NA,NA,NA,0.7124,0.019,82,0.9942,0.971,0,0.8842,0,Bayes-M17-med
Kalima,Maniema,2,FALSE,0.0078,0.0059,0.01,0.0078,137,137,138,0.0079,0.3274,137,0.0108,NA,NA,NA,NA,NA,NA,0.3094,0.0084,145,0.4595,0.3205,0,0.4575,0,Bayes-M17-med
Kabalo,Tanganyika,2,FALSE,0.0078,0.0059,0.01,0.0077,138,138,140,0.0078,0.3253,138,0.0107,NA,NA,NA,NA,NA,NA,0.624,0.0167,96,0.9035,0.7568,0,0.8359,0,Bayes-M17-med
Gemena,Sud-Ubangi,2,FALSE,0.0077,0.0058,0.0099,0.0076,141,139,144,0.0078,0.3223,141,0.0106,NA,NA,NA,NA,NA,NA,0.3277,0.0087,139,0.1776,0.2741,0,0.8591,0,Bayes-M17-med
Moba,Tanganyika,2,FALSE,0.0077,0.0058,0.0099,0.0077,140,140,142,0.0078,0.3228,140,0.0107,NA,NA,NA,NA,NA,NA,0.3808,0.0101,126,0.6178,0.4942,0,0.4112,0,Bayes-M17-med
Biyela,Kinshasa,2,FALSE,0.0076,0.0059,0.0095,0.0076,142,136,146,0.0077,0.3182,142,0.0105,NA,NA,NA,NA,NA,NA,0.1076,0.0028,329,0.0637,0.2838,0,0.083,0,Bayes-M17-med
Kasansa,Kasaï-Oriental,2,FALSE,0.0075,0.0057,0.0096,0.0074,143,142,146,0.0075,0.3137,143,0.0104,NA,NA,NA,NA,NA,NA,0.3349,0.0087,140,0.2568,0.6699,0,0.4131,0,Bayes-M17-med
Yahisuli,Tshopo,2,FALSE,0.0075,0.0056,0.0096,0.0074,144,142,148,0.0075,0.3122,144,0.0103,NA,NA,NA,NA,NA,NA,0.3521,0.0091,137,0.3842,0.0714,0,0.9527,0,Bayes-M17-med
Kipushi,Haut-Katanga,2,FALSE,0.0074,0.0057,0.0093,0.0074,145,140,147,0.0074,0.3094,145,0.0102,NA,NA,NA,NA,NA,NA,0.1216,0.0031,313,0.2703,0.1081,0,0.1081,0,Bayes-M17-med
Kimbanseke,Kinshasa,2,FALSE,0.0073,0.0057,0.0091,0.0073,147,141,149,0.0074,0.306,147,0.0101,NA,NA,NA,NA,NA,NA,0.0526,0.0013,415,0.0521,0.0849,0,0.0734,0,Bayes-M17-med
Opala,Tshopo,2,FALSE,0.0073,0.0055,0.0095,0.0073,146,144,150,0.0074,0.3065,146,0.0101,NA,NA,NA,NA,NA,NA,0.4269,0.0108,120,0.7819,0.0792,0,0.8465,0,Bayes-M17-med
Manono,Tanganyika,2,FALSE,0.0073,0.0055,0.0094,0.0073,148,145,149,0.0074,0.3056,148,0.0101,NA,NA,NA,NA,NA,NA,0.5758,0.0145,102,0.8784,0.9537,0,0.471,0,Bayes-M17-med
Mbandaka,Equateur,2,FALSE,0.0072,0.0056,0.009,0.0072,149,146,152,0.0072,0.3012,149,0.0099,NA,NA,NA,NA,NA,NA,0.5164,0.0128,108,0.6409,0.9633,0,0.4614,0,Bayes-M17-med
Tshamilemba,Haut-Katanga,2,FALSE,0.0072,0.0056,0.009,0.0071,150,144,153,0.0072,0.3004,150,0.0099,NA,NA,NA,NA,NA,NA,0.0772,0.0019,388,0.0656,0.1255,0,0.1178,0,Bayes-M17-med
Nyunzu,Tanganyika,2,FALSE,0.0071,0.0053,0.0091,0.007,151,148,151,0.0071,0.2953,151,0.0097,NA,NA,NA,NA,NA,NA,0.6023,0.0147,101,0.9653,0.834,0,0.61,0,Bayes-M17-med
Nzaba,Kasaï-Oriental,2,FALSE,0.007,0.0053,0.0089,0.0069,152,151,153,0.007,0.291,152,0.0096,NA,NA,NA,NA,NA,NA,0.278,0.0067,177,0.1042,0.6931,0,0.3147,0,Bayes-M17-med
Boende,Tshuapa,2,FALSE,0.0069,0.0052,0.0089,0.0069,153,150,155,0.007,0.2894,153,0.0096,NA,NA,NA,NA,NA,NA,0.4199,0.01,127,0.6988,0.4807,0,0.5,0,Bayes-M17-med
Kabongo,Haut-Lomami,2,FALSE,0.0068,0.0051,0.0087,0.0067,156,155,158,0.0068,0.2831,156,0.0093,NA,NA,NA,NA,NA,NA,0.5372,0.0126,109,0.8108,0.778,0,0.5598,0,Bayes-M17-med
Lulingu,Sud-Kivu,2,FALSE,0.0068,0.0051,0.0087,0.0067,156,155,157,0.0068,0.2834,155,0.0094,NA,NA,NA,NA,NA,NA,0.6158,0.0144,103,0.9093,0.8108,0,0.7432,0,Bayes-M17-med
Haut Plateau,Sud-Kivu,2,FALSE,0.0068,0.0052,0.0087,0.0068,154,154,155,0.0069,0.2854,154,0.0094,NA,NA,NA,NA,NA,NA,0.5246,0.0124,110,0.5714,0.5444,0,0.9826,0,Bayes-M17-med
Maluku 2,Kinshasa,2,FALSE,0.0067,0.0052,0.0083,0.0066,158,152,164,0.0067,0.2791,158,0.0092,NA,NA,NA,NA,NA,NA,0.4184,0.0096,131,0.6834,0.5463,0,0.444,0,Bayes-M17-med
Lusangi,Maniema,2,FALSE,0.0067,0.0051,0.0086,0.0066,157,157,159,0.0067,0.2799,157,0.0092,NA,NA,NA,NA,NA,NA,0.4223,0.0098,130,0.5656,0.2645,0,0.8591,0,Bayes-M17-med
Mulumba,Lomami,2,FALSE,0.0066,0.005,0.0084,0.0065,159,158,160,0.0066,0.275,159,0.0091,NA,NA,NA,NA,NA,NA,0.2587,0.0059,202,0.1834,0.3108,0,0.5405,0,Bayes-M17-med
Minembwe,Sud-Kivu,2,FALSE,0.0066,0.005,0.0084,0.0065,160,158,161,0.0066,0.2745,160,0.0091,NA,NA,NA,NA,NA,NA,0.5198,0.0118,113,0.7181,0.8089,0,0.5521,0,Bayes-M17-med
Kamina,Haut-Lomami,2,FALSE,0.0065,0.0049,0.0083,0.0064,162,161,163,0.0065,0.2693,162,0.0089,NA,NA,NA,NA,NA,NA,0.5164,0.0115,114,0.8301,0.8301,0,0.4054,0,Bayes-M17-med
Luputa,Lomami,2,FALSE,0.0065,0.0049,0.0084,0.0065,161,160,162,0.0066,0.2725,161,0.009,NA,NA,NA,NA,NA,NA,0.3431,0.0077,159,0.3301,0.3166,0,0.7259,0,Bayes-M17-med
Tshilenge,Kasaï-Oriental,2,FALSE,0.0064,0.0049,0.0082,0.0064,163,162,164,0.0064,0.2681,163,0.0089,NA,NA,NA,NA,NA,NA,0.2799,0.0062,195,0.1892,0.668,0,0.2625,0,Bayes-M17-med
Mweneditu,Lomami,2,FALSE,0.0064,0.0048,0.0082,0.0064,164,163,165,0.0064,0.2677,164,0.0088,NA,NA,NA,NA,NA,NA,0.2799,0.0062,197,0.166,0.3842,0,0.5695,0,Bayes-M17-med
Bumbu,Kinshasa,2,FALSE,0.0063,0.0049,0.0079,0.0063,165,156,169,0.0064,0.2646,165,0.0087,NA,NA,NA,NA,NA,NA,0.0164,4e-4,454,0.0019,0.029,0,0.0347,0,Bayes-M17-med
Idiofa,Kwilu,2,FALSE,0.0063,0.0048,0.0081,0.0062,167,165,168,0.0063,0.2626,167,0.0087,NA,NA,NA,NA,NA,NA,0.486,0.0105,124,0.4537,0.749,0,0.7413,0,Bayes-M17-med
Samba,Maniema,2,FALSE,0.0063,0.0048,0.0081,0.0062,166,166,167,0.0063,0.263,166,0.0087,NA,NA,NA,NA,NA,NA,0.5179,0.0112,117,0.7529,0.4344,0,0.8842,0,Bayes-M17-med
Lingomo,Tshuapa,2,FALSE,0.0062,0.0047,0.008,0.0062,168,167,169,0.0063,0.26,168,0.0086,NA,NA,NA,NA,NA,NA,0.5627,0.0121,111,0.8263,0.5869,0,0.8378,0,Bayes-M17-med
Kailo,Maniema,2,FALSE,0.006,0.0046,0.0077,0.006,169,168,170,0.0061,0.2515,169,0.0083,NA,NA,NA,NA,NA,NA,0.4276,0.0089,138,0.832,0.0946,0,0.7838,0,Bayes-M17-med
Ngaba,Kinshasa,2,FALSE,0.0059,0.0046,0.0074,0.0059,170,166,176,0.006,0.2477,170,0.0082,NA,NA,NA,NA,NA,NA,0.014,3e-4,455,0,0.0058,0,0.0502,0,Bayes-M17-med
Yamongili,Mongala,2,FALSE,0.0058,0.0044,0.0075,0.0058,171,170,171,0.0058,0.2426,171,0.008,NA,NA,NA,NA,NA,NA,0.3243,0.0065,180,0.5116,0.3668,0,0.4189,0,Bayes-M17-med
Tshikapa,Kasaï,2,FALSE,0.0057,0.0043,0.0073,0.0056,174,173,174,0.0057,0.2376,174,0.0078,NA,NA,NA,NA,NA,NA,0.3156,0.0062,196,0.2722,0.6506,0,0.3398,0,Bayes-M17-med
Kabeya Kamwanga,Kasaï-Oriental,2,FALSE,0.0057,0.0043,0.0074,0.0057,172,172,173,0.0058,0.2394,173,0.0079,NA,NA,NA,NA,NA,NA,0.2968,0.0059,203,0.3224,0.3919,0,0.473,0,Bayes-M17-med
Ikela,Tshuapa,2,FALSE,0.0057,0.0043,0.0074,0.0057,172,171,174,0.0058,0.2396,172,0.0079,NA,NA,NA,NA,NA,NA,0.4633,0.0092,136,0.8147,0.1795,0,0.8591,0,Bayes-M17-med
Malemba Nkulu,Haut-Lomami,2,FALSE,0.0056,0.0042,0.0071,0.0055,177,176,177,0.0056,0.2324,177,0.0077,NA,NA,NA,NA,NA,NA,0.3895,0.0075,162,0.36870000000000003,0.7664,0,0.4228,0,Bayes-M17-med
Kamwesha,Kasaï,2,FALSE,0.0056,0.0043,0.0072,0.0056,175,175,176,0.0057,0.2349,175,0.0078,NA,NA,NA,NA,NA,NA,0.2732,0.0053,214,0.3456,0.2876,0,0.4595,0,Bayes-M17-med
Mondombe,Tshuapa,2,FALSE,0.0056,0.0042,0.0072,0.0056,176,174,177,0.0056,0.2338,176,0.0077,NA,NA,NA,NA,NA,NA,0.4797,0.0093,134,0.6622,0.3726,0,0.8842,0,Bayes-M17-med
Demba,Kasaï-Central,2,FALSE,0.0055,0.0041,0.007,0.0054,178,178,178,0.0055,0.2282,178,0.0075,NA,NA,NA,NA,NA,NA,0.4117,0.0078,156,0.4653,0.7143,0,0.4672,0,Bayes-M17-med
Kitenge,Haut-Lomami,2,FALSE,0.0054,0.0041,0.007,0.0054,179,179,180,0.0054,0.2258,179,0.0075,NA,NA,NA,NA,NA,NA,0.5729,0.0107,122,0.8668,0.8069,0,0.6178,0,Bayes-M17-med
Karawa,Nord-Ubangi,2,FALSE,0.0054,0.004,0.0069,0.0053,180,179,180,0.0054,0.2248,180,0.0074,NA,NA,NA,NA,NA,NA,0.6404,0.0119,112,0.7568,0.973,0,0.832,0,Bayes-M17-med
Kaniama,Haut-Lomami,2,FALSE,0.0052,0.004,0.0067,0.0052,181,181,181,0.0053,0.2183,181,0.0072,NA,NA,NA,NA,NA,NA,0.582,0.0105,125,0.8533,0.6622,0,0.8127,0,Bayes-M17-med
Lubao,Lomami,2,FALSE,0.0052,0.0039,0.0066,0.0051,182,182,183,0.0052,0.2147,182,0.0071,NA,NA,NA,NA,NA,NA,0.3982,0.0071,169,0.6486,0.1525,0,0.7915,0,Bayes-M17-med
Mikalayi,Kasaï-Central,2,FALSE,0.0051,0.0039,0.0066,0.0051,183,182,183,0.0052,0.2146,183,0.0071,NA,NA,NA,NA,NA,NA,0.3948,0.007,171,0.4517,0.5811,0,0.5463,0,Bayes-M17-med
Lusanga,Kwilu,2,FALSE,0.005,0.0037,0.0064,0.0049,186,186,187,0.005,0.2071,186,0.0068,NA,NA,NA,NA,NA,NA,0.4242,0.0073,166,0.4382,0.7297,0,0.529,0,Bayes-M17-med
Bwamanda,Sud-Ubangi,2,FALSE,0.005,0.0038,0.0065,0.005,185,184,185,0.005,0.2095,185,0.0069,NA,NA,NA,NA,NA,NA,0.4667,0.0081,149,0.4189,0.7394,0,0.7085,0,Bayes-M17-med
Yalimbongo,Tshopo,2,FALSE,0.005,0.0038,0.0065,0.005,184,184,186,0.0051,0.2103,184,0.0069,NA,NA,NA,NA,NA,NA,0.3214,0.0056,211,0.5772,0.0483,0,0.6602,0,Bayes-M17-med
Bokungu,Tshuapa,2,FALSE,0.005,0.0037,0.0064,0.0049,187,186,189,0.005,0.207,187,0.0068,NA,NA,NA,NA,NA,NA,0.49370000000000003,0.0084,142,0.695,0.3571,0,0.9228,0,Bayes-M17-med
Diulu,Kasaï-Oriental,2,FALSE,0.0049,0.0037,0.0063,0.0048,189,189,190,0.0049,0.2038,189,0.0067,NA,NA,NA,NA,NA,NA,0.2611,0.0044,242,0.0676,0.6448,0,0.332,0,Bayes-M17-med
Lukelenge,Kasaï-Oriental,2,FALSE,0.0049,0.0037,0.0063,0.0049,188,187,189,0.0049,0.2049,188,0.0068,NA,NA,NA,NA,NA,NA,0.2249,0.0038,274,0.0811,0.5,0,0.3185,0,Bayes-M17-med
Luebo,Kasaï,2,FALSE,0.0048,0.0036,0.0062,0.0048,190,190,191,0.0048,0.2016,190,0.0067,NA,NA,NA,NA,NA,NA,0.4353,0.0073,167,0.5232,0.5116,0,0.7066,0,Bayes-M17-med
Ngandajika,Lomami,2,FALSE,0.0048,0.0036,0.0062,0.0048,191,191,192,0.0048,0.2006,191,0.0066,NA,NA,NA,NA,NA,NA,0.3465,0.0057,206,0.2124,0.4459,0,0.7278,0,Bayes-M17-med
Bili (Bas-Uele),Bas-Uele,2,FALSE,0.0047,0.0036,0.0061,0.0047,192,188,197,0.0047,0.1973,193,0.0065,NA,NA,NA,NA,NA,NA,0.6926,0.0113,116,0.9981,0.7992,0,0.973,0,Bayes-M17-med
Mweka,Kasaï,2,FALSE,0.0047,0.0036,0.0061,0.0047,193,192,193,0.0047,0.1974,192,0.0065,NA,NA,NA,NA,NA,NA,0.5053,0.0082,147,0.4788,0.7239,0,0.8185,0,Bayes-M17-med
Cilundu,Kasaï-Oriental,2,FALSE,0.0047,0.0036,0.0061,0.0047,194,193,194,0.0047,0.1968,194,0.0065,NA,NA,NA,NA,NA,NA,0.221,0.0036,286,0.2317,0.3089,0,0.3436,0,Bayes-M17-med
Bena Leka,Kasaï-Central,2,FALSE,0.0046,0.0035,0.0059,0.0045,199,199,199,0.0046,0.1906,199,0.0063,NA,NA,NA,NA,NA,NA,0.4986,0.0079,153,0.6062,0.7162,0,0.6718,0,Bayes-M17-med
Luiza,Kasaï-Central,2,FALSE,0.0046,0.0035,0.0059,0.0046,196,196,197,0.0046,0.1925,196,0.0064,NA,NA,NA,NA,NA,NA,0.4218,0.0067,175,0.4807,0.6293,0,0.5772,0,Bayes-M17-med
Vanga,Kwilu,2,FALSE,0.0046,0.0035,0.0059,0.0046,195,194,195,0.0046,0.1928,195,0.0064,NA,NA,NA,NA,NA,NA,0.5034,0.008,150,0.3726,0.8205,0,0.8205,0,Bayes-M17-med
Bulungu,Kwilu,2,FALSE,0.0046,0.0035,0.0059,0.0046,197,195,197,0.0046,0.1925,197,0.0064,NA,NA,NA,NA,NA,NA,0.4508,0.0072,168,0.3571,0.6795,0,0.7664,0,Bayes-M17-med
Kabambare,Maniema,2,FALSE,0.0046,0.0035,0.0059,0.0046,198,195,198,0.0046,0.1916,198,0.0063,NA,NA,NA,NA,NA,NA,0.3953,0.0063,191,0.8359,0.112,0,0.6332,0,Bayes-M17-med
Masuika,Kasaï-Central,2,FALSE,0.0045,0.0034,0.0058,0.0045,201,200,202,0.0045,0.1887,201,0.0062,NA,NA,NA,NA,NA,NA,0.3885,0.0061,199,0.3263,0.5618,0,0.666,0,Bayes-M17-med
Bibanga,Kasaï-Oriental,2,FALSE,0.0045,0.0034,0.0057,0.0044,204,203,204,0.0045,0.1856,204,0.0061,NA,NA,NA,NA,NA,NA,0.2978,0.0046,232,0.3127,0.4884,0,0.39,0,Bayes-M17-med
Fungurume,Lualaba,2,FALSE,0.0045,0.0034,0.0058,0.0044,203,201,203,0.0045,0.1869,203,0.0062,NA,NA,NA,NA,NA,NA,0.1564,0.0024,352,0.2664,0.1622,0,0.1969,0,Bayes-M17-med
Tandala,Sud-Ubangi,2,FALSE,0.0045,0.0034,0.0058,0.0045,200,200,202,0.0045,0.1888,200,0.0062,NA,NA,NA,NA,NA,NA,0.4078,0.0064,186,0.2741,0.527,0,0.8301,0,Bayes-M17-med
Yalifafu,Tshuapa,2,FALSE,0.0045,0.0034,0.0058,0.0045,202,201,204,0.0045,0.1879,202,0.0062,NA,NA,NA,NA,NA,NA,0.4797,0.0075,163,0.7664,0.2683,0,0.8842,0,Bayes-M17-med
Kenge,Kwango,2,FALSE,0.0044,0.0033,0.0057,0.0044,206,206,206,0.0044,0.1842,206,0.0061,NA,NA,NA,NA,NA,NA,0.5574,0.0085,141,0.6139,0.8127,0,0.8031,0,Bayes-M17-med
Kansimba,Tanganyika,2,FALSE,0.0044,0.0033,0.0057,0.0044,205,205,205,0.0044,0.1847,205,0.0061,NA,NA,NA,NA,NA,NA,0.5497,0.0084,144,0.9479,0.7741,0,0.4768,0,Bayes-M17-med
Bukama,Haut-Lomami,2,FALSE,0.0043,0.0032,0.0055,0.0042,210,209,211,0.0043,0.1784,210,0.0059,NA,NA,NA,NA,NA,NA,0.4764,0.007,170,0.7143,0.7625,0,0.4286,0,Bayes-M17-med
Citenge,Kasaï-Oriental,2,FALSE,0.0043,0.0033,0.0055,0.0043,207,207,207,0.0043,0.1802,207,0.006,NA,NA,NA,NA,NA,NA,0.2321,0.0035,298,0.1583,0.4749,0,0.2954,0,Bayes-M17-med
Kanda Kanda,Lomami,2,FALSE,0.0043,0.0032,0.0055,0.0042,209,208,210,0.0043,0.1788,209,0.0059,NA,NA,NA,NA,NA,NA,0.3012,0.0044,239,0.3185,0.1737,0,0.7124,0,Bayes-M17-med
Yakoma,Nord-Ubangi,2,FALSE,0.0043,0.0032,0.0055,0.0042,208,208,210,0.0043,0.1788,208,0.0059,NA,NA,NA,NA,NA,NA,0.6641,0.0098,129,0.7124,0.9479,0,0.9961,0,Bayes-M17-med
Kikwit Nord,Kwilu,2,FALSE,0.0042,0.0032,0.0054,0.0042,214,211,216,0.0042,0.1754,214,0.0058,NA,NA,NA,NA,NA,NA,0.2915,0.0042,248,0.1236,0.5405,0,0.5019,0,Bayes-M17-med
Tshofa,Lomami,2,FALSE,0.0042,0.0032,0.0054,0.0042,215,213,215,0.0042,0.1754,215,0.0058,NA,NA,NA,NA,NA,NA,0.4416,0.0064,182,0.6757,0.3514,0,0.7394,0,Bayes-M17-med
Kalenda,Lomami,2,FALSE,0.0042,0.0032,0.0054,0.0042,216,215,216,0.0042,0.1748,216,0.0058,NA,NA,NA,NA,NA,NA,0.2886,0.0042,252,0.388,0.1873,0,0.5792,0,Bayes-M17-med
Kibombo,Maniema,2,FALSE,0.0042,0.0032,0.0054,0.0041,217,216,217,0.0042,0.1742,217,0.0058,NA,NA,NA,NA,NA,NA,0.4614,0.0066,179,0.7452,0.1776,0,0.9228,0,Bayes-M17-med
Pimu,Mongala,2,FALSE,0.0042,0.0032,0.0055,0.0042,212,211,216,0.0042,0.1764,212,0.0058,NA,NA,NA,NA,NA,NA,0.4257,0.0062,194,0.583,0.3707,0,0.749,0,Bayes-M17-med
Katako Kombe,Sankuru,2,FALSE,0.0042,0.0032,0.0054,0.0042,213,212,213,0.0042,0.176,213,0.0058,NA,NA,NA,NA,NA,NA,0.4703,0.0068,173,0.7857,0.1313,0,0.9643,0,Bayes-M17-med
Lomela,Sankuru,2,FALSE,0.0042,0.0032,0.0055,0.0042,211,210,216,0.0043,0.1767,211,0.0058,NA,NA,NA,NA,NA,NA,0.4759,0.007,172,0.8456,0.1351,0,0.9228,0,Bayes-M17-med
Bosondjo,Mongala,2,FALSE,0.0041,0.003,0.0052,0.004,220,219,221,0.0041,0.1687,220,0.0056,NA,NA,NA,NA,NA,NA,0.3489,0.0049,223,0.5618,0.1931,0,0.6409,0,Bayes-M17-med
Vanga Kete,Sankuru,2,FALSE,0.0041,0.0031,0.0052,0.004,219,219,220,0.0041,0.1691,219,0.0056,NA,NA,NA,NA,NA,NA,0.4503,0.0063,189,0.4672,0.4112,0,0.9228,0,Bayes-M17-med
Itombwe,Sud-Kivu,2,FALSE,0.0041,0.0031,0.0053,0.0041,218,218,218,0.0041,0.1715,218,0.0057,NA,NA,NA,NA,NA,NA,0.5121,0.0073,165,0.8571,0.6737,0,0.5174,0,Bayes-M17-med
Kalonda Ouest,Kasaï,2,FALSE,0.004,0.003,0.0051,0.0039,223,223,224,0.004,0.1651,223,0.0055,NA,NA,NA,NA,NA,NA,0.2239,0.0031,317,0.2915,0.251,0,0.3533,0,Bayes-M17-med
Mukedi,Kwilu,2,FALSE,0.004,0.003,0.0051,0.004,222,222,222,0.004,0.1664,222,0.0055,NA,NA,NA,NA,NA,NA,0.4836,0.0066,178,0.5367,0.7066,0,0.6911,0,Bayes-M17-med
Dilala,Lualaba,2,FALSE,0.004,0.003,0.0052,0.004,221,220,221,0.004,0.1678,221,0.0055,NA,NA,NA,NA,NA,NA,0.1347,0.0019,392,0.1506,0.2548,0,0.1332,0,Bayes-M17-med
Obokote,Maniema,2,FALSE,0.004,0.003,0.0051,0.0039,224,224,226,0.004,0.1647,224,0.0054,NA,NA,NA,NA,NA,NA,0.3209,0.0044,244,0.7239,0.0328,0,0.527,0,Bayes-M17-med
Miabi,Kasaï-Oriental,2,FALSE,0.0039,0.003,0.005,0.0039,227,226,227,0.0039,0.1636,227,0.0054,NA,NA,NA,NA,NA,NA,0.2838,0.0038,270,0.2297,0.6525,0,0.2529,0,Bayes-M17-med
Gungu,Kwilu,2,FALSE,0.0039,0.003,0.0051,0.0039,225,225,225,0.004,0.1644,225,0.0054,NA,NA,NA,NA,NA,NA,0.4237,0.0058,205,0.5058,0.6969,0,0.4923,0,Bayes-M17-med
Ludimbi Lukula,Lomami,2,FALSE,0.0039,0.0029,0.005,0.0039,228,227,228,0.0039,0.1626,228,0.0054,NA,NA,NA,NA,NA,NA,0.4513,0.0061,198,0.6931,0.3475,0,0.7645,0,Bayes-M17-med
Binga,Mongala,2,FALSE,0.0039,0.003,0.0051,0.0039,226,223,228,0.0039,0.1639,226,0.0054,NA,NA,NA,NA,NA,NA,0.3306,0.0045,237,0.4749,0.249,0,0.5985,0,Bayes-M17-med
Monga,Bas-Uele,2,FALSE,0.0038,0.0028,0.0048,0.0037,233,232,235,0.0038,0.1566,233,0.0052,NA,NA,NA,NA,NA,NA,0.7336,0.0095,132,0.9826,0.9672,0,0.9846,0,Bayes-M17-med
Mulongo,Haut-Lomami,2,FALSE,0.0038,0.0029,0.0049,0.0038,230,229,230,0.0038,0.1594,230,0.0053,NA,NA,NA,NA,NA,NA,0.4773,0.0063,190,0.7471,0.7703,0,0.3919,0,Bayes-M17-med
Muya,Kasaï-Oriental,2,FALSE,0.0038,0.0028,0.0048,0.0037,232,232,234,0.0038,0.1568,232,0.0052,NA,NA,NA,NA,NA,NA,0.2495,0.0032,305,0.0753,0.5888,0,0.334,0,Bayes-M17-med
Koshibanda,Kwilu,2,FALSE,0.0038,0.0029,0.0049,0.0037,231,231,233,0.0038,0.1575,231,0.0052,NA,NA,NA,NA,NA,NA,0.4913,0.0064,183,0.5193,0.6757,0,0.7703,0,Bayes-M17-med
Omendjadi,Sankuru,2,FALSE,0.0038,0.0029,0.0049,0.0038,229,229,230,0.0039,0.1601,229,0.0053,NA,NA,NA,NA,NA,NA,0.4262,0.0056,210,0.5502,0.2317,0,0.9228,0,Bayes-M17-med
Libenge,Sud-Ubangi,2,FALSE,0.0038,0.0028,0.0048,0.0037,234,232,238,0.0038,0.1564,234,0.0052,NA,NA,NA,NA,NA,NA,0.3818,0.0049,220,0.6293,0.3591,0,0.5386,0,Bayes-M17-med
Luambo,Kasaï-Central,2,FALSE,0.0037,0.0028,0.0047,0.0036,241,241,241,0.0037,0.1527,241,0.005,NA,NA,NA,NA,NA,NA,0.3769,0.0048,226,0.5347,0.5656,0,0.4073,0,Bayes-M17-med
Bipemba,Kasaï-Oriental,2,FALSE,0.0037,0.0028,0.0047,0.0037,237,234,239,0.0037,0.1547,237,0.0051,NA,NA,NA,NA,NA,NA,0.1544,0.002,386,0.0618,0.2201,0,0.3359,0,Bayes-M17-med
Lubilanji,Kasaï-Oriental,2,FALSE,0.0037,0.0028,0.0048,0.0037,235,231,236,0.0038,0.1559,235,0.0052,NA,NA,NA,NA,NA,NA,0.1694,0.0022,372,0.0347,0.3398,0,0.3031,0,Bayes-M17-med
Mpokolo,Kasaï-Oriental,2,FALSE,0.0037,0.0028,0.0047,0.0036,242,242,242,0.0037,0.1521,242,0.005,NA,NA,NA,NA,NA,NA,0.2901,0.0036,279,0.1255,0.6873,0,0.3475,0,Bayes-M17-med
Tshishimbi,Kasaï-Oriental,2,FALSE,0.0037,0.0028,0.0047,0.0037,238,236,240,0.0037,0.1543,238,0.0051,NA,NA,NA,NA,NA,NA,0.1742,0.0022,367,0.1795,0.2471,0,0.2703,0,Bayes-M17-med
Kalambayi Kabanga,Lomami,2,FALSE,0.0037,0.0028,0.0047,0.0037,239,238,240,0.0037,0.1539,240,0.0051,NA,NA,NA,NA,NA,NA,0.3132,0.004,260,0.4556,0.1602,0,0.6371,0,Bayes-M17-med
Ototo,Sankuru,2,FALSE,0.0037,0.0028,0.0047,0.0037,239,238,240,0.0037,0.1539,239,0.0051,NA,NA,NA,NA,NA,NA,0.4561,0.0058,204,0.5386,0.3629,0,0.9228,0,Bayes-M17-med
Ankoro,Tanganyika,2,FALSE,0.0037,0.0028,0.0048,0.0037,236,235,237,0.0037,0.1549,236,0.0051,NA,NA,NA,NA,NA,NA,0.6047,0.0077,158,0.9266,0.8282,0,0.6641,0,Bayes-M17-med
Kampemba,Haut-Katanga,2,FALSE,0.0036,0.0027,0.0045,0.0035,250,246,253,0.0036,0.148,250,0.0049,NA,NA,NA,NA,NA,NA,0.0531,6e-4,447,0.0598,0.0367,0,0.1158,0,Bayes-M17-med
Kabondo Dianda,Haut-Lomami,2,FALSE,0.0036,0.0027,0.0046,0.0035,249,248,250,0.0036,0.1481,249,0.0049,NA,NA,NA,NA,NA,NA,0.4107,0.005,218,0.5888,0.5714,0,0.4826,0,Bayes-M17-med
Tshikaji,Kasaï-Central,2,FALSE,0.0036,0.0027,0.0046,0.0035,246,244,247,0.0036,0.1492,246,0.0049,NA,NA,NA,NA,NA,NA,0.3195,0.0039,263,0.1873,0.5849,0,0.5058,0,Bayes-M17-med
Dibindi,Kasaï-Oriental,2,FALSE,0.0036,0.0027,0.0046,0.0036,243,243,244,0.0036,0.1511,243,0.005,NA,NA,NA,NA,NA,NA,0.1617,0.002,382,0.0386,0.2954,0,0.3127,0,Bayes-M17-med
Ipamu,Kwilu,2,FALSE,0.0036,0.0027,0.0046,0.0035,248,248,250,0.0036,0.1482,248,0.0049,NA,NA,NA,NA,NA,NA,0.5454,0.0067,176,0.4903,0.7683,0,0.9228,0,Bayes-M17-med
Kamana,Lomami,2,FALSE,0.0036,0.0027,0.0046,0.0035,245,245,246,0.0036,0.1493,245,0.0049,NA,NA,NA,NA,NA,NA,0.2944,0.0036,280,0.5309,0.0174,0,0.6293,0,Bayes-M17-med
Gbadolite,Nord-Ubangi,2,FALSE,0.0036,0.0027,0.0046,0.0035,247,245,250,0.0036,0.149,247,0.0049,NA,NA,NA,NA,NA,NA,0.5183,0.0064,185,0.7915,0.9653,0,0.3166,0,Bayes-M17-med
Bogosenubea,Sud-Ubangi,2,FALSE,0.0036,0.0027,0.0046,0.0036,244,243,247,0.0036,0.1499,244,0.005,NA,NA,NA,NA,NA,NA,0.4107,0.0051,216,0.4981,0.3031,0,0.8417,0,Bayes-M17-med
Basankusu,Equateur,2,FALSE,0.0035,0.0026,0.0045,0.0034,258,256,262,0.0035,0.1448,258,0.0048,NA,NA,NA,NA,NA,NA,0.6844,0.0082,148,0.9517,0.8629,0,0.9228,0,Bayes-M17-med
Bolomba,Equateur,2,FALSE,0.0035,0.0026,0.0045,0.0035,256,252,259,0.0035,0.146,256,0.0048,NA,NA,NA,NA,NA,NA,0.6163,0.0074,164,0.9575,0.8533,0,0.6544,0,Bayes-M17-med
Sakania,Haut-Katanga,2,FALSE,0.0035,0.0026,0.0044,0.0034,262,259,263,0.0035,0.1437,262,0.0048,NA,NA,NA,NA,NA,NA,0.2775,0.0033,304,0.7375,0.2355,0,0.1371,0,Bayes-M17-med
Ndekesha,Kasaï-Central,2,FALSE,0.0035,0.0026,0.0044,0.0034,261,258,262,0.0035,0.144,261,0.0048,NA,NA,NA,NA,NA,NA,0.4059,0.0048,224,0.4768,0.4498,0,0.6969,0,Bayes-M17-med
Kansele,Kasaï-Oriental,2,FALSE,0.0035,0.0026,0.0044,0.0034,259,256,263,0.0035,0.1445,259,0.0048,NA,NA,NA,NA,NA,NA,0.2437,0.0029,325,0.0541,0.5965,0,0.3243,0,Bayes-M17-med
Matadi,Kongo-Central,2,FALSE,0.0035,0.0027,0.0045,0.0035,251,251,252,0.0035,0.1474,251,0.0049,NA,NA,NA,NA,NA,NA,0.2939,0.0036,289,0.1564,0.944,0,0.0753,0,Bayes-M17-med
Alunguli,Maniema,2,FALSE,0.0035,0.0026,0.0045,0.0035,257,254,260,0.0035,0.1453,257,0.0048,NA,NA,NA,NA,NA,NA,0.3132,0.0038,275,0.1737,0.195,0,0.8842,0,Bayes-M17-med
Dikungu,Sankuru,2,FALSE,0.0035,0.0026,0.0045,0.0035,255,253,257,0.0035,0.1462,255,0.0048,NA,NA,NA,NA,NA,NA,0.3779,0.0046,231,0.4865,0.1409,0,0.8842,0,Bayes-M17-med
Minga,Sankuru,2,FALSE,0.0035,0.0027,0.0045,0.0035,254,253,256,0.0035,0.1465,254,0.0048,NA,NA,NA,NA,NA,NA,0.5347,0.0065,181,0.7838,0.471,0,0.8842,0,Bayes-M17-med
Tshumbe,Sankuru,2,FALSE,0.0035,0.0027,0.0045,0.0035,252,252,254,0.0035,0.1469,252,0.0049,NA,NA,NA,NA,NA,NA,0.3907,0.0047,227,0.5444,0.1718,0,0.8465,0,Bayes-M17-med
Basali,Tshopo,2,FALSE,0.0035,0.0026,0.0045,0.0034,260,257,263,0.0035,0.1444,260,0.0048,NA,NA,NA,NA,NA,NA,0.3779,0.0045,235,0.834,0.0251,0,0.6525,0,Bayes-M17-med
Mompono,Tshuapa,2,FALSE,0.0035,0.0026,0.0045,0.0035,253,250,257,0.0035,0.1467,253,0.0049,NA,NA,NA,NA,NA,NA,0.5598,0.0068,174,0.8089,0.6042,0,0.8263,0,Bayes-M17-med
Mukanga,Haut-Lomami,2,FALSE,0.0034,0.0025,0.0043,0.0033,269,268,271,0.0034,0.1399,269,0.0046,NA,NA,NA,NA,NA,NA,0.4739,0.0055,213,0.6853,0.6911,0,0.5193,0,Bayes-M17-med
Kanzala,Kasaï,2,FALSE,0.0034,0.0026,0.0044,0.0034,263,260,265,0.0034,0.1429,263,0.0047,NA,NA,NA,NA,NA,NA,0.2046,0.0024,351,0.168,0.3127,0,0.3378,0,Bayes-M17-med
Dibaya,Kasaï-Central,2,FALSE,0.0034,0.0026,0.0043,0.0034,266,266,267,0.0034,0.141,266,0.0047,NA,NA,NA,NA,NA,NA,0.3325,0.0039,267,0.3147,0.4479,0,0.5676,0,Bayes-M17-med
Kikwit Sud,Kwilu,2,FALSE,0.0034,0.0026,0.0043,0.0033,267,264,270,0.0034,0.1408,267,0.0047,NA,NA,NA,NA,NA,NA,0.3282,0.0038,272,0.1313,0.7008,0,0.4807,0,Bayes-M17-med
Yasa Bonga,Kwilu,2,FALSE,0.0034,0.0025,0.0043,0.0033,268,268,269,0.0034,0.14,268,0.0046,NA,NA,NA,NA,NA,NA,0.4206,0.0049,222,0.3031,0.5328,0,0.8465,0,Bayes-M17-med
Bosobolo,Nord-Ubangi,2,FALSE,0.0034,0.0026,0.0044,0.0034,265,262,267,0.0034,0.1421,265,0.0047,NA,NA,NA,NA,NA,NA,0.7148,0.0084,143,0.9363,0.9459,0,0.9768,0,Bayes-M17-med
Lowa,Tshopo,2,FALSE,0.0034,0.0026,0.0044,0.0034,264,263,265,0.0034,0.1424,264,0.0047,NA,NA,NA,NA,NA,NA,0.4073,0.0048,225,0.8938,0.0598,0,0.6757,0,Bayes-M17-med
Ferekeni,Maniema,2,FALSE,0.0033,0.0025,0.0043,0.0033,273,271,273,0.0033,0.1381,273,0.0046,NA,NA,NA,NA,NA,NA,0.3504,0.004,259,0.7722,0.0425,0,0.5869,0,Bayes-M17-med
Mobayi Mbongo,Nord-Ubangi,2,FALSE,0.0033,0.0025,0.0043,0.0033,271,270,273,0.0033,0.1386,271,0.0046,NA,NA,NA,NA,NA,NA,0.5458,0.0063,192,0.9324,0.8166,0,0.4344,0,Bayes-M17-med
Wapinda,Nord-Ubangi,2,FALSE,0.0033,0.0025,0.0043,0.0033,272,267,273,0.0033,0.1385,272,0.0046,NA,NA,NA,NA,NA,NA,0.6791,0.0078,155,0.9015,0.8398,0,0.9749,0,Bayes-M17-med
Befale,Tshuapa,2,FALSE,0.0033,0.0025,0.0043,0.0033,270,268,272,0.0034,0.1393,270,0.0046,NA,NA,NA,NA,NA,NA,0.5145,0.0059,201,0.8822,0.4903,0,0.6853,0,Bayes-M17-med
Ruashi,Haut-Katanga,2,FALSE,0.0032,0.0024,0.0041,0.0032,280,275,281,0.0032,0.1337,280,0.0044,NA,NA,NA,NA,NA,NA,0.0705,8e-4,444,0.0985,0.0637,0,0.1197,0,Bayes-M17-med
Ilebo,Kasaï,2,FALSE,0.0032,0.0024,0.0042,0.0032,274,274,277,0.0032,0.1347,274,0.0045,NA,NA,NA,NA,NA,NA,0.3142,0.0035,294,0.2162,0.6139,0,0.4266,0,Bayes-M17-med
Katende,Kasaï-Central,2,FALSE,0.0032,0.0024,0.0041,0.0032,279,277,279,0.0032,0.1338,279,0.0044,NA,NA,NA,NA,NA,NA,0.5154,0.0057,209,0.6525,0.6486,0,0.7606,0,Bayes-M17-med
Lukonga,Kasaï-Central,2,FALSE,0.0032,0.0024,0.0041,0.0032,283,279,283,0.0032,0.1325,283,0.0044,NA,NA,NA,NA,NA,NA,0.3282,0.0036,285,0.2239,0.6429,0,0.4459,0,Bayes-M17-med
Mukumbi,Kasaï-Oriental,2,FALSE,0.0032,0.0024,0.0041,0.0032,282,280,283,0.0032,0.1328,282,0.0044,NA,NA,NA,NA,NA,NA,0.2249,0.0025,345,0.2413,0.1892,0,0.4691,0,Bayes-M17-med
Kisantu,Kongo-Central,2,FALSE,0.0032,0.0024,0.0041,0.0032,281,277,281,0.0032,0.1334,281,0.0044,NA,NA,NA,NA,NA,NA,0.418,0.0046,230,0.5039,0.9903,0,0.1776,0,Bayes-M17-med
Djuma,Kwilu,2,FALSE,0.0032,0.0024,0.0041,0.0031,284,284,284,0.0032,0.1315,284,0.0043,NA,NA,NA,NA,NA,NA,0.5256,0.0057,207,0.4826,0.7355,0,0.8842,0,Bayes-M17-med
Boso Manzi,Mongala,2,FALSE,0.0032,0.0024,0.0041,0.0032,278,276,281,0.0032,0.134,278,0.0044,NA,NA,NA,NA,NA,NA,0.3982,0.0044,241,0.5695,0.2278,0,0.7954,0,Bayes-M17-med
Abuzi,Nord-Ubangi,2,FALSE,0.0032,0.0024,0.0042,0.0032,276,274,283,0.0032,0.1342,276,0.0044,NA,NA,NA,NA,NA,NA,0.7153,0.0079,152,0.9846,0.9054,0,0.971,0,Bayes-M17-med
Bili (Nord-Ubangi),Nord-Ubangi,2,FALSE,0.0032,0.0024,0.0041,0.0032,277,275,282,0.0032,0.1341,277,0.0044,NA,NA,NA,NA,NA,NA,0.7075,0.0078,154,0.9247,0.9189,0,0.9865,0,Bayes-M17-med
Kiambi,Tanganyika,2,FALSE,0.0032,0.0024,0.0041,0.0032,275,275,278,0.0032,0.1344,275,0.0044,NA,NA,NA,NA,NA,NA,0.5709,0.0063,187,0.9807,0.6834,0,0.6197,0,Bayes-M17-med
Kilwa,Haut-Katanga,2,FALSE,0.0031,0.0023,0.0039,0.003,286,286,286,0.0031,0.1274,286,0.0042,NA,NA,NA,NA,NA,NA,0.3764,0.004,261,0.749,0.39,0,0.3668,0,Bayes-M17-med
Tshibala,Kasaï-Central,2,FALSE,0.0031,0.0023,0.004,0.0031,285,285,285,0.0031,0.1293,285,0.0043,NA,NA,NA,NA,NA,NA,0.4218,0.0045,236,0.4266,0.5772,0,0.6834,0,Bayes-M17-med
Muanda,Kongo-Central,2,FALSE,0.003,0.0022,0.0038,0.0029,289,289,291,0.003,0.1237,289,0.0041,NA,NA,NA,NA,NA,NA,0.4093,0.0042,250,0.6371,1,0,0,0,Bayes-M17-med
Masi Manimba,Kwilu,2,FALSE,0.003,0.0023,0.0039,0.003,288,287,288,0.003,0.1255,288,0.0042,NA,NA,NA,NA,NA,NA,0.4281,0.0044,240,0.332,0.4961,0,0.8842,0,Bayes-M17-med
Kalonda Est,Lomami,2,FALSE,0.003,0.0022,0.0038,0.0029,291,289,292,0.003,0.1233,291,0.0041,NA,NA,NA,NA,NA,NA,0.3292,0.0034,300,0.5425,0.1506,0,0.6236,0,Bayes-M17-med
Budjala,Sud-Ubangi,2,FALSE,0.003,0.0022,0.0038,0.0029,292,290,294,0.003,0.1232,292,0.0041,NA,NA,NA,NA,NA,NA,0.43,0.0044,243,0.5154,0.4035,0,0.8012,0,Bayes-M17-med
Kungu,Sud-Ubangi,2,FALSE,0.003,0.0023,0.0039,0.003,287,287,288,0.003,0.1261,287,0.0042,NA,NA,NA,NA,NA,NA,0.3711,0.0039,269,0.3745,0.3359,0,0.7741,0,Bayes-M17-med
Ndage,Sud-Ubangi,2,FALSE,0.003,0.0022,0.0038,0.0029,290,289,293,0.003,0.1236,290,0.0041,NA,NA,NA,NA,NA,NA,0.3533,0.0036,283,0.3996,0.2761,0,0.7375,0,Bayes-M17-med
Kambove,Haut-Katanga,2,FALSE,0.0029,0.0022,0.0037,0.0028,298,298,301,0.0029,0.1188,298,0.0039,NA,NA,NA,NA,NA,NA,0.306,0.003,320,0.4247,0.6236,0,0.1757,0,Bayes-M17-med
Kapolowe,Haut-Katanga,2,FALSE,0.0029,0.0022,0.0037,0.0029,296,296,296,0.0029,0.1202,296,0.004,NA,NA,NA,NA,NA,NA,0.3026,0.003,319,0.5579,0.444,0,0.2085,0,Bayes-M17-med
Kisanga,Haut-Katanga,2,FALSE,0.0029,0.0022,0.0038,0.0029,294,291,295,0.0029,0.1222,294,0.004,NA,NA,NA,NA,NA,NA,0.1081,0.0011,429,0.1293,0.2008,0,0.1023,0,Bayes-M17-med
Yangala,Kasaï-Central,2,FALSE,0.0029,0.0022,0.0038,0.0029,293,292,294,0.0029,0.1225,293,0.0041,NA,NA,NA,NA,NA,NA,0.348,0.0035,292,0.5927,0.2259,0,0.5734,0,Bayes-M17-med
Lualaba,Lualaba,2,FALSE,0.0029,0.0021,0.0037,0.0028,299,299,301,0.0029,0.1187,299,0.0039,NA,NA,NA,NA,NA,NA,0.1404,0.0014,411,0.3552,0.0347,0,0.1718,0,Bayes-M17-med
Wembo Nyama,Sankuru,2,FALSE,0.0029,0.0022,0.0037,0.0029,297,295,297,0.0029,0.1201,297,0.004,NA,NA,NA,NA,NA,NA,0.4097,0.0041,256,0.5019,0.2143,0,0.9228,0,Bayes-M17-med
Boto,Sud-Ubangi,2,FALSE,0.0029,0.0022,0.0037,0.0029,295,294,297,0.0029,0.1208,295,0.004,NA,NA,NA,NA,NA,NA,0.3596,0.0036,287,0.3282,0.5174,0,0.5927,0,Bayes-M17-med
Kamonia,Kasaï,2,FALSE,0.0028,0.0021,0.0036,0.0028,306,305,306,0.0028,0.116,306,0.0038,NA,NA,NA,NA,NA,NA,0.14,0.0013,412,0.3707,0.11,0,0.0792,0,Bayes-M17-med
Kasaji,Lualaba,2,FALSE,0.0028,0.0021,0.0037,0.0028,300,300,302,0.0028,0.1185,300,0.0039,NA,NA,NA,NA,NA,NA,0.4648,0.0046,233,0.8552,0.4923,0,0.5116,0,Bayes-M17-med
Pangi,Maniema,2,FALSE,0.0028,0.0021,0.0036,0.0028,304,302,304,0.0028,0.1171,304,0.0039,NA,NA,NA,NA,NA,NA,0.3316,0.0032,306,0.6081,0.056,0,0.6622,0,Bayes-M17-med
Loko,Nord-Ubangi,2,FALSE,0.0028,0.0021,0.0037,0.0028,302,299,303,0.0028,0.1182,303,0.0039,NA,NA,NA,NA,NA,NA,0.6535,0.0064,184,0.9402,0.9266,0,0.7471,0,Bayes-M17-med
Lusambo,Sankuru,2,FALSE,0.0028,0.0021,0.0036,0.0028,301,301,303,0.0028,0.1182,301,0.0039,NA,NA,NA,NA,NA,NA,0.4833,0.0047,229,0.6815,0.2992,0,0.9527,0,Bayes-M17-med
Bokonzi,Sud-Ubangi,2,FALSE,0.0028,0.0021,0.0037,0.0028,303,298,303,0.0028,0.1182,302,0.0039,NA,NA,NA,NA,NA,NA,0.236,0.0023,360,0.4305,0.083,0,0.4305,0,Bayes-M17-med
Bulu,Sud-Ubangi,2,FALSE,0.0028,0.0021,0.0036,0.0028,305,305,306,0.0028,0.1163,305,0.0038,NA,NA,NA,NA,NA,NA,0.3147,0.003,318,0.3649,0.1988,0,0.695,0,Bayes-M17-med
Ndjoko Mpunda,Kasaï,2,FALSE,0.0027,0.002,0.0034,0.0027,311,311,311,0.0027,0.1115,311,0.0037,NA,NA,NA,NA,NA,NA,0.333,0.0031,316,0.3977,0.2915,0,0.6429,0,Bayes-M17-med
Bandundu,Kwilu,2,FALSE,0.0027,0.0021,0.0035,0.0027,308,307,308,0.0027,0.114,308,0.0038,NA,NA,NA,NA,NA,NA,0.3364,0.0032,309,0.3436,0.751,0,0.251,0,Bayes-M17-med
Mokala,Kwilu,2,FALSE,0.0027,0.002,0.0035,0.0027,309,309,310,0.0027,0.112,309,0.0037,NA,NA,NA,NA,NA,NA,0.5118,0.0047,228,0.4228,0.6718,0,0.9527,0,Bayes-M17-med
Makota,Lomami,2,FALSE,0.0027,0.002,0.0034,0.0027,310,309,312,0.0027,0.1117,310,0.0037,NA,NA,NA,NA,NA,NA,0.2587,0.0024,354,0.1023,0.3764,0,0.556,0,Bayes-M17-med
Wasolo,Nord-Ubangi,2,FALSE,0.0027,0.002,0.0034,0.0026,312,309,312,0.0027,0.1114,312,0.0037,NA,NA,NA,NA,NA,NA,0.5709,0.0053,215,0.5541,0.7413,0,0.9884,0,Bayes-M17-med
Kole,Sankuru,2,FALSE,0.0027,0.0021,0.0035,0.0027,307,307,308,0.0027,0.1143,307,0.0038,NA,NA,NA,NA,NA,NA,0.4802,0.0045,234,0.7761,0.2606,0,0.8842,0,Bayes-M17-med
Pweto,Haut-Katanga,2,FALSE,0.0026,0.002,0.0033,0.0026,314,314,315,0.0026,0.1079,314,0.0036,NA,NA,NA,NA,NA,NA,0.3518,0.0031,312,0.7992,0.2587,0,0.3494,0,Bayes-M17-med
Muetshi,Kasaï-Central,2,FALSE,0.0026,0.0019,0.0033,0.0025,316,315,316,0.0026,0.1065,316,0.0035,NA,NA,NA,NA,NA,NA,0.4792,0.0042,249,0.6158,0.5386,0,0.7625,0,Bayes-M17-med
Businga,Nord-Ubangi,2,FALSE,0.0026,0.0019,0.0033,0.0026,315,314,316,0.0026,0.1074,315,0.0036,NA,NA,NA,NA,NA,NA,0.6781,0.006,200,0.9286,0.861,0,0.9228,0,Bayes-M17-med
Bena Dibele,Sankuru,2,FALSE,0.0026,0.002,0.0034,0.0026,313,313,313,0.0026,0.1089,313,0.0036,NA,NA,NA,NA,NA,NA,0.4093,0.0037,278,0.6216,0.1564,0,0.8591,0,Bayes-M17-med
Kinkondja,Haut-Lomami,2,FALSE,0.0025,0.0019,0.0032,0.0024,322,321,322,0.0025,0.1028,322,0.0034,NA,NA,NA,NA,NA,NA,0.4889,0.0042,253,0.7278,0.6274,0,0.6004,0,Bayes-M17-med
Kakenge,Kasaï,2,FALSE,0.0025,0.0019,0.0033,0.0025,317,317,318,0.0025,0.1057,317,0.0035,NA,NA,NA,NA,NA,NA,0.4522,0.004,262,0.5753,0.4788,0,0.7548,0,Bayes-M17-med
Mikope,Kasaï,2,FALSE,0.0025,0.0019,0.0032,0.0025,320,319,320,0.0025,0.1047,320,0.0035,NA,NA,NA,NA,NA,NA,0.3996,0.0035,297,0.6776,0.2703,0,0.6506,0,Bayes-M17-med
Lukula,Kongo-Central,2,FALSE,0.0025,0.0018,0.0032,0.0024,323,323,323,0.0025,0.1021,323,0.0034,NA,NA,NA,NA,NA,NA,0.3933,0.0033,303,0.529,0.8745,0,0.1699,0,Bayes-M17-med
Kimpese,Kongo-Central,2,FALSE,0.0025,0.0019,0.0032,0.0025,319,318,319,0.0025,0.1053,319,0.0035,NA,NA,NA,NA,NA,NA,0.4947,0.0043,246,0.7896,0.9768,0,0.2124,0,Bayes-M17-med
Boso Mondanda,Mongala,2,FALSE,0.0025,0.0019,0.0032,0.0024,321,321,324,0.0025,0.1028,321,0.0034,NA,NA,NA,NA,NA,NA,0.3716,0.0032,310,0.5869,0.1486,0,0.751,0,Bayes-M17-med
Monkoto,Tshuapa,2,FALSE,0.0025,0.0019,0.0033,0.0025,318,317,320,0.0025,0.1056,318,0.0035,NA,NA,NA,NA,NA,NA,0.5598,0.0049,221,0.9498,0.4054,0,0.8842,0,Bayes-M17-med
Ingende,Equateur,2,FALSE,0.0024,0.0018,0.0031,0.0024,326,324,326,0.0024,0.1007,326,0.0033,NA,NA,NA,NA,NA,NA,0.596,0.005,219,0.9208,0.8571,0,0.6062,0,Bayes-M17-med
Katoka,Kasaï-Central,2,FALSE,0.0024,0.0018,0.0031,0.0024,325,322,326,0.0024,0.101,325,0.0033,NA,NA,NA,NA,NA,NA,0.2645,0.0022,371,0.1216,0.473,0,0.4633,0,Bayes-M17-med
Tshikula,Kasaï-Central,2,FALSE,0.0024,0.0018,0.0031,0.0024,324,324,325,0.0024,0.1015,324,0.0034,NA,NA,NA,NA,NA,NA,0.3296,0.0028,332,0.3919,0.3185,0,0.6081,0,Bayes-M17-med
Boko Kivulu,Kongo-Central,2,FALSE,0.0024,0.0018,0.003,0.0024,327,327,328,0.0024,0.0988,327,0.0033,NA,NA,NA,NA,NA,NA,0.4281,0.0035,293,0.5792,0.9324,0,0.2008,0,Bayes-M17-med
Kapanga,Lualaba,2,FALSE,0.0024,0.0018,0.003,0.0023,329,329,330,0.0024,0.098,329,0.0032,NA,NA,NA,NA,NA,NA,0.4112,0.0033,302,0.8514,0.3938,0,0.3996,0,Bayes-M17-med
Tunda,Maniema,2,FALSE,0.0024,0.0018,0.003,0.0023,328,327,329,0.0024,0.0984,328,0.0033,NA,NA,NA,NA,NA,NA,0.459,0.0037,277,0.8977,0.0541,0,0.8842,0,Bayes-M17-med
Bilomba,Kasaï-Central,2,FALSE,0.0023,0.0017,0.0029,0.0023,335,335,335,0.0023,0.0954,335,0.0032,NA,NA,NA,NA,NA,NA,0.4006,0.0032,311,0.3378,0.4421,0,0.8224,0,Bayes-M17-med
Boma,Kongo-Central,2,FALSE,0.0023,0.0017,0.003,0.0023,334,334,334,0.0023,0.0963,334,0.0032,NA,NA,NA,NA,NA,NA,0.2901,0.0023,359,0.1467,0.9247,0,0.0888,0,Bayes-M17-med
Mbanza Ngungu,Kongo-Central,2,FALSE,0.0023,0.0018,0.003,0.0023,332,330,333,0.0023,0.0969,333,0.0032,NA,NA,NA,NA,NA,NA,0.3711,0.003,322,0.3205,0.9749,0,0.1892,0,Bayes-M17-med
Bagata,Kwilu,2,FALSE,0.0023,0.0018,0.003,0.0023,333,332,333,0.0023,0.0969,332,0.0032,NA,NA,NA,NA,NA,NA,0.5135,0.0041,255,0.6795,0.695,0,0.6795,0,Bayes-M17-med
Pay Kongila,Kwilu,2,FALSE,0.0023,0.0018,0.003,0.0023,331,330,331,0.0023,0.0975,331,0.0032,NA,NA,NA,NA,NA,NA,0.4488,0.0036,281,0.5135,0.6467,0,0.6351,0,Bayes-M17-med
Inongo,Mai-Ndombe,2,FALSE,0.0023,0.0018,0.003,0.0023,330,328,332,0.0024,0.0977,330,0.0032,NA,NA,NA,NA,NA,NA,0.4952,0.004,258,0.7645,0.2934,0,0.9228,0,Bayes-M17-med
Likasi,Haut-Katanga,2,FALSE,0.0022,0.0017,0.0029,0.0022,336,336,338,0.0023,0.0936,336,0.0031,NA,NA,NA,NA,NA,NA,0.1728,0.0013,413,0.112,0.4208,0,0.1583,0,Bayes-M17-med
Dekese,Kasaï,2,FALSE,0.0022,0.0017,0.0029,0.0022,338,336,338,0.0022,0.0934,338,0.0031,NA,NA,NA,NA,NA,NA,0.4633,0.0036,290,0.9189,0.2181,0,0.7162,0,Bayes-M17-med
Panzi,Kwango,2,FALSE,0.0022,0.0017,0.0029,0.0022,337,337,337,0.0023,0.0936,337,0.0031,NA,NA,NA,NA,NA,NA,0.5236,0.0041,257,0.7548,0.583,0,0.7568,0,Bayes-M17-med
Boko,Kwango,2,FALSE,0.0022,0.0017,0.0028,0.0022,341,340,342,0.0022,0.0915,341,0.003,NA,NA,NA,NA,NA,NA,0.5121,0.0039,268,0.7336,0.61,0,0.7046,0,Bayes-M17-med
Feshi,Kwango,2,FALSE,0.0022,0.0016,0.0028,0.0022,343,342,343,0.0022,0.091,343,0.003,NA,NA,NA,NA,NA,NA,0.5082,0.0038,271,0.7317,0.5425,0,0.7587,0,Bayes-M17-med
Kimputu,Kwilu,2,FALSE,0.0022,0.0017,0.0028,0.0022,340,339,341,0.0022,0.0915,340,0.003,NA,NA,NA,NA,NA,NA,0.5039,0.0038,273,0.4923,0.639,0,0.8842,0,Bayes-M17-med
Mosango,Kwilu,2,FALSE,0.0022,0.0017,0.0028,0.0022,339,339,341,0.0022,0.0917,339,0.003,NA,NA,NA,NA,NA,NA,0.515,0.0039,264,0.5463,0.7375,0,0.7761,0,Bayes-M17-med
Sandoa,Lualaba,2,FALSE,0.0022,0.0016,0.0028,0.0022,344,343,344,0.0022,0.0906,344,0.003,NA,NA,NA,NA,NA,NA,0.5536,0.0042,254,0.9421,0.6815,0,0.5907,0,Bayes-M17-med
Bangabola,Sud-Ubangi,2,FALSE,0.0022,0.0016,0.0028,0.0022,342,339,344,0.0022,0.0911,342,0.003,NA,NA,NA,NA,NA,NA,0.3904,0.0029,323,0.3533,0.3494,0,0.8591,0,Bayes-M17-med
Mufunga Sampwe,Haut-Katanga,2,FALSE,0.0021,0.0016,0.0027,0.0021,349,348,349,0.0021,0.0867,349,0.0029,NA,NA,NA,NA,NA,NA,0.3774,0.0027,335,0.8185,0.0888,0,0.6023,0,Bayes-M17-med
Kwilu Ngongo,Kongo-Central,2,FALSE,0.0021,0.0016,0.0028,0.0021,345,345,345,0.0022,0.0894,345,0.003,NA,NA,NA,NA,NA,NA,0.3875,0.0029,327,0.4884,0.8668,0,0.195,0,Bayes-M17-med
Kikongo,Kwilu,2,FALSE,0.0021,0.0016,0.0027,0.0021,348,347,348,0.0021,0.0869,347,0.0029,NA,NA,NA,NA,NA,NA,0.5024,0.0036,282,0.6969,0.6023,0,0.7104,0,Bayes-M17-med
Wikong,Lomami,2,FALSE,0.0021,0.0016,0.0027,0.0021,346,346,346,0.0021,0.0881,346,0.0029,NA,NA,NA,NA,NA,NA,0.3663,0.0027,338,0.2529,0.4228,0,0.7896,0,Bayes-M17-med
Mawuya,Sud-Ubangi,2,FALSE,0.0021,0.0016,0.0027,0.0021,347,347,349,0.0021,0.0869,348,0.0029,NA,NA,NA,NA,NA,NA,0.2654,0.0019,389,0.444,0.2394,0,0.3784,0,Bayes-M17-med
Wangata,Equateur,2,FALSE,0.002,0.0015,0.0025,0.0019,359,357,361,0.002,0.0815,359,0.0027,NA,NA,NA,NA,NA,NA,0.417,0.0028,331,0.2336,0.9865,0,0.4479,0,Bayes-M17-med
Kasenga,Haut-Katanga,2,FALSE,0.002,0.0015,0.0026,0.002,354,353,354,0.002,0.0837,354,0.0028,NA,NA,NA,NA,NA,NA,0.3953,0.0027,333,0.8166,0.6255,0,0.139,0,Bayes-M17-med
Lwamba,Haut-Lomami,2,FALSE,0.002,0.0015,0.0026,0.002,350,350,352,0.002,0.0841,350,0.0028,NA,NA,NA,NA,NA,NA,0.4865,0.0034,299,0.8069,0.6409,0,0.4981,0,Bayes-M17-med
Songa,Haut-Lomami,2,FALSE,0.002,0.0015,0.0025,0.0019,358,357,358,0.002,0.0819,358,0.0027,NA,NA,NA,NA,NA,NA,0.473,0.0032,307,0.9344,0.3533,0,0.6042,0,Bayes-M17-med
Kitangwa,Kasaï,2,FALSE,0.002,0.0015,0.0026,0.002,353,351,353,0.002,0.0838,353,0.0028,NA,NA,NA,NA,NA,NA,0.3287,0.0023,362,0.6332,0.1062,0,0.5753,0,Bayes-M17-med
Lubunga (Kasaï-Central),Kasaï-Central,2,FALSE,0.002,0.0015,0.0026,0.002,355,355,355,0.002,0.0834,355,0.0028,NA,NA,NA,NA,NA,NA,0.4599,0.0032,308,0.5637,0.4653,0,0.8108,0,Bayes-M17-med
Dilolo,Lualaba,2,FALSE,0.002,0.0015,0.0026,0.002,351,350,352,0.002,0.084,351,0.0028,NA,NA,NA,NA,NA,NA,0.3663,0.0025,344,0.8398,0.6197,0,0.0058,0,Bayes-M17-med
Kanzenze,Lualaba,2,FALSE,0.002,0.0015,0.0025,0.002,356,356,357,0.002,0.0824,356,0.0027,NA,NA,NA,NA,NA,NA,0.2389,0.0016,403,0.6255,0.1429,0,0.1873,0,Bayes-M17-med
Djalo Ndjeka,Sankuru,2,FALSE,0.002,0.0015,0.0026,0.002,352,351,354,0.002,0.0839,352,0.0028,NA,NA,NA,NA,NA,NA,0.3378,0.0023,357,0.3591,0.0695,0,0.9228,0,Bayes-M17-med
Bominenge,Sud-Ubangi,2,FALSE,0.002,0.0015,0.0025,0.002,357,356,359,0.002,0.0823,357,0.0027,NA,NA,NA,NA,NA,NA,0.3258,0.0022,368,0.2819,0.0985,0,0.9228,0,Bayes-M17-med
Bikoro,Equateur,2,FALSE,0.0019,0.0014,0.0024,0.0019,365,365,365,0.0019,0.0789,365,0.0026,NA,NA,NA,NA,NA,NA,0.5951,0.0039,266,0.8127,0.8147,0,0.7529,0,Bayes-M17-med
Makanza,Equateur,2,FALSE,0.0019,0.0014,0.0025,0.0019,363,362,364,0.0019,0.08,363,0.0026,NA,NA,NA,NA,NA,NA,0.639,0.0042,247,0.9537,0.7954,0,0.8069,0,Bayes-M17-med
Mushenge,Kasaï,2,FALSE,0.0019,0.0015,0.0025,0.0019,362,361,363,0.0019,0.0804,362,0.0027,NA,NA,NA,NA,NA,NA,0.3229,0.0021,376,0.5946,0.0656,0,0.6313,0,Bayes-M17-med
Mutena,Kasaï,2,FALSE,0.0019,0.0014,0.0024,0.0018,369,368,369,0.0019,0.0774,369,0.0026,NA,NA,NA,NA,NA,NA,0.2336,0.0015,407,0.334,0.0753,0,0.5251,0,Bayes-M17-med
Lubondaie,Kasaï-Central,2,FALSE,0.0019,0.0014,0.0025,0.0019,364,363,364,0.0019,0.0798,364,0.0026,NA,NA,NA,NA,NA,NA,0.3147,0.0021,379,0.3822,0.1583,0,0.7181,0,Bayes-M17-med
Seke Banza,Kongo-Central,2,FALSE,0.0019,0.0014,0.0024,0.0019,366,366,367,0.0019,0.0781,366,0.0026,NA,NA,NA,NA,NA,NA,0.4513,0.0029,324,0.6351,0.9498,0,0.2201,0,Bayes-M17-med
Kahemba,Kwango,2,FALSE,0.0019,0.0015,0.0025,0.0019,361,360,362,0.0019,0.0808,361,0.0027,NA,NA,NA,NA,NA,NA,0.5367,0.0036,288,0.8958,0.7278,0,0.5232,0,Bayes-M17-med
Mungindu,Kwilu,2,FALSE,0.0019,0.0015,0.0025,0.0019,360,359,360,0.0019,0.0809,360,0.0027,NA,NA,NA,NA,NA,NA,0.3818,0.0026,343,0.4691,0.5367,0,0.5212,0,Bayes-M17-med
Kamiji,Lomami,2,FALSE,0.0019,0.0014,0.0024,0.0018,368,367,368,0.0019,0.0777,368,0.0026,NA,NA,NA,NA,NA,NA,0.2635,0.0017,399,0.3398,0.1293,0,0.5849,0,Bayes-M17-med
Busanga,Tshuapa,2,FALSE,0.0019,0.0014,0.0024,0.0019,367,366,369,0.0019,0.0778,367,0.0026,NA,NA,NA,NA,NA,NA,0.4452,0.0029,328,0.6602,0.168,0,0.9527,0,Bayes-M17-med
Massa,Kongo-Central,2,FALSE,0.0018,0.0013,0.0023,0.0018,373,372,373,0.0018,0.0745,373,0.0025,NA,NA,NA,NA,NA,NA,0.4223,0.0026,342,0.668,0.9208,0,0.1004,0,Bayes-M17-med
Kimbao,Kwango,2,FALSE,0.0018,0.0014,0.0023,0.0018,372,372,373,0.0018,0.0746,372,0.0025,NA,NA,NA,NA,NA,NA,0.5743,0.0035,291,0.7201,0.7181,0,0.8591,0,Bayes-M17-med
Popokabaka,Kwango,2,FALSE,0.0018,0.0014,0.0024,0.0018,371,370,371,0.0018,0.0762,371,0.0025,NA,NA,NA,NA,NA,NA,0.5507,0.0035,296,0.7703,0.7876,0,0.6448,0,Bayes-M17-med
Bongandanga,Mongala,2,FALSE,0.0018,0.0014,0.0024,0.0018,370,370,371,0.0018,0.0763,370,0.0025,NA,NA,NA,NA,NA,NA,0.4228,0.0027,337,0.7587,0.0097,0,0.9228,0,Bayes-M17-med
Mutoto,Kasaï-Central,2,FALSE,0.0017,0.0013,0.0022,0.0017,377,376,377,0.0017,0.0708,377,0.0023,NA,NA,NA,NA,NA,NA,0.3441,0.002,383,0.4575,0.361,0,0.5579,0,Bayes-M17-med
Kalamba,Lualaba,2,FALSE,0.0017,0.0013,0.0022,0.0017,376,375,376,0.0017,0.0709,376,0.0023,NA,NA,NA,NA,NA,NA,0.4542,0.0027,339,0.8803,0.2375,0,0.6988,0,Bayes-M17-med
Nioki,Mai-Ndombe,2,FALSE,0.0017,0.0013,0.0022,0.0017,378,378,378,0.0017,0.0703,378,0.0023,NA,NA,NA,NA,NA,NA,0.389,0.0023,363,0.61,0.3958,0,0.5502,0,Bayes-M17-med
Pania Mutombo,Sankuru,2,FALSE,0.0017,0.0013,0.0022,0.0017,375,374,377,0.0017,0.072,375,0.0024,NA,NA,NA,NA,NA,NA,0.4117,0.0025,347,0.7413,0.1236,0,0.7819,0,Bayes-M17-med
Wema,Tshuapa,2,FALSE,0.0017,0.0013,0.0022,0.0017,374,374,375,0.0017,0.0722,374,0.0024,NA,NA,NA,NA,NA,NA,0.4469,0.0027,336,0.8494,0.1332,0,0.805,0,Bayes-M17-med
Kafubu,Haut-Katanga,2,FALSE,0.0016,0.0012,0.002,0.0016,384,384,384,0.0016,0.0664,384,0.0022,NA,NA,NA,NA,NA,NA,0.2104,0.0012,426,0.6042,0.0869,0,0.1506,0,Bayes-M17-med
Kayamba,Haut-Lomami,2,FALSE,0.0016,0.0012,0.0021,0.0016,383,383,383,0.0016,0.0665,383,0.0022,NA,NA,NA,NA,NA,NA,0.4276,0.0024,356,0.7027,0.4189,0,0.5888,0,Bayes-M17-med
Bunkonde,Kasaï-Central,2,FALSE,0.0016,0.0012,0.0021,0.0016,379,379,379,0.0016,0.0682,379,0.0023,NA,NA,NA,NA,NA,NA,0.3523,0.002,384,0.4015,0.278,0,0.7297,0,Bayes-M17-med
Ndesha,Kasaï-Central,2,FALSE,0.0016,0.0012,0.002,0.0016,385,385,385,0.0016,0.0661,385,0.0022,NA,NA,NA,NA,NA,NA,0.2317,0.0013,417,0.1448,0.3456,0,0.4363,0,Bayes-M17-med
Nsona Mpangu,Kongo-Central,2,FALSE,0.0016,0.0012,0.0021,0.0016,381,380,381,0.0016,0.0677,381,0.0022,NA,NA,NA,NA,NA,NA,0.4165,0.0023,358,0.722,0.7645,0,0.1795,0,Bayes-M17-med
Wamba Lwadi,Kwango,2,FALSE,0.0016,0.0012,0.0021,0.0016,380,380,381,0.0016,0.0678,380,0.0022,NA,NA,NA,NA,NA,NA,0.5492,0.0031,314,0.6467,0.8185,0,0.7317,0,Bayes-M17-med
Sia,Kwilu,2,FALSE,0.0016,0.0012,0.0021,0.0016,382,382,382,0.0016,0.0671,382,0.0022,NA,NA,NA,NA,NA,NA,0.3986,0.0022,369,0.4151,0.3822,0,0.7973,0,Bayes-M17-med
Oshwe,Mai-Ndombe,2,FALSE,0.0016,0.0012,0.002,0.0015,386,386,387,0.0016,0.0649,386,0.0021,NA,NA,NA,NA,NA,NA,0.4855,0.0026,341,0.8764,0.3301,0,0.7355,0,Bayes-M17-med
Zongo,Sud-Ubangi,2,FALSE,0.0016,0.0012,0.002,0.0015,387,387,388,0.0016,0.0646,387,0.0021,NA,NA,NA,NA,NA,NA,0.2418,0.0013,416,0.278,0.4131,0,0.2761,0,Bayes-M17-med
Djombo,Equateur,2,FALSE,0.0015,0.0012,0.002,0.0015,390,388,390,0.0015,0.0641,390,0.0021,NA,NA,NA,NA,NA,NA,0.6554,0.0035,295,0.917,0.7819,0,0.9228,0,Bayes-M17-med
Iboko,Equateur,2,FALSE,0.0015,0.0011,0.0019,0.0014,397,395,397,0.0015,0.0608,397,0.002,NA,NA,NA,NA,NA,NA,0.612,0.0031,315,0.8282,0.7915,0,0.8282,0,Bayes-M17-med
Kikula,Haut-Katanga,2,FALSE,0.0015,0.0011,0.0019,0.0015,392,391,392,0.0015,0.0624,392,0.0021,NA,NA,NA,NA,NA,NA,0.0951,5e-4,450,0.1062,0.1139,0,0.1602,0,Bayes-M17-med
Mitwaba,Haut-Katanga,2,FALSE,0.0015,0.0011,0.0019,0.0015,395,394,396,0.0015,0.0611,395,0.002,NA,NA,NA,NA,NA,NA,0.3528,0.0018,394,0.8012,0.0618,0,0.5483,0,Bayes-M17-med
Bulape,Kasaï,2,FALSE,0.0015,0.0011,0.0019,0.0015,391,391,392,0.0015,0.0625,391,0.0021,NA,NA,NA,NA,NA,NA,0.4315,0.0022,365,0.7066,0.1853,0,0.834,0,Bayes-M17-med
Nyanga,Kasaï,2,FALSE,0.0015,0.0012,0.002,0.0015,388,386,389,0.0016,0.0644,388,0.0021,NA,NA,NA,NA,NA,NA,0.348,0.0019,393,0.4402,0.3803,0,0.5714,0,Bayes-M17-med
Bena Tshadi,Kasaï-Central,2,FALSE,0.0015,0.0011,0.0019,0.0015,393,393,393,0.0015,0.0618,393,0.002,NA,NA,NA,NA,NA,NA,0.472,0.0024,353,0.6699,0.3784,0,0.8398,0,Bayes-M17-med
Kangu,Kongo-Central,2,FALSE,0.0015,0.0011,0.0019,0.0014,396,396,397,0.0015,0.0609,396,0.002,NA,NA,NA,NA,NA,NA,0.3528,0.0018,395,0.3803,0.8822,0,0.1486,0,Bayes-M17-med
Kasongo Lunda,Kwango,2,FALSE,0.0015,0.0011,0.0019,0.0015,394,394,395,0.0015,0.0612,394,0.002,NA,NA,NA,NA,NA,NA,0.3441,0.0017,396,0.6274,0.5946,0,0.1544,0,Bayes-M17-med
Kingandu,Kwilu,2,FALSE,0.0015,0.0012,0.002,0.0015,389,389,390,0.0015,0.0641,389,0.0021,NA,NA,NA,NA,NA,NA,0.4923,0.0026,340,0.7162,0.6583,0,0.5946,0,Bayes-M17-med
Kwamouth,Mai-Ndombe,2,FALSE,0.0015,0.0011,0.0019,0.0014,398,398,400,0.0015,0.0604,398,0.002,NA,NA,NA,NA,NA,NA,0.43,0.0021,375,0.8707,0.417,0,0.4324,0,Bayes-M17-med
Lotumbe,Equateur,2,FALSE,0.0014,0.0011,0.0018,0.0014,404,402,405,0.0014,0.0585,404,0.0019,NA,NA,NA,NA,NA,NA,0.5816,0.0028,330,0.9691,0.7085,0,0.6486,0,Bayes-M17-med
Panda,Haut-Katanga,2,FALSE,0.0014,0.001,0.0017,0.0013,409,407,410,0.0014,0.0567,409,0.0019,NA,NA,NA,NA,NA,NA,0.2027,0.001,435,0.1622,0.4826,0,0.166,0,Bayes-M17-med
Lukafu,Haut-Katanga,2,FALSE,0.0014,0.0011,0.0018,0.0014,405,404,405,0.0014,0.058,405,0.0019,NA,NA,NA,NA,NA,NA,0.4015,0.0019,387,0.888,0.3243,0,0.3938,0,Bayes-M17-med
Kalomba,Kasaï-Central,2,FALSE,0.0014,0.0011,0.0018,0.0014,401,401,401,0.0014,0.0596,401,0.002,NA,NA,NA,NA,NA,NA,0.2944,0.0015,409,0.3166,0.1467,0,0.7143,0,Bayes-M17-med
Ngidinga,Kongo-Central,2,FALSE,0.0014,0.0011,0.0018,0.0014,402,402,403,0.0014,0.0586,402,0.0019,NA,NA,NA,NA,NA,NA,0.4488,0.0022,373,0.6544,0.7432,0,0.3977,0,Bayes-M17-med
Moanza,Kwilu,2,FALSE,0.0014,0.001,0.0018,0.0014,408,407,409,0.0014,0.0568,408,0.0019,NA,NA,NA,NA,NA,NA,0.52,0.0024,348,0.5985,0.529,0,0.9527,0,Bayes-M17-med
Kafakumba,Lualaba,2,FALSE,0.0014,0.0011,0.0018,0.0014,403,402,404,0.0014,0.0586,403,0.0019,NA,NA,NA,NA,NA,NA,0.4648,0.0023,364,0.8687,0.2027,0,0.7876,0,Bayes-M17-med
Banzow Moke,Mai-Ndombe,2,FALSE,0.0014,0.001,0.0018,0.0014,407,407,409,0.0014,0.0568,407,0.0019,NA,NA,NA,NA,NA,NA,0.5236,0.0025,346,0.6892,0.5212,0,0.8842,0,Bayes-M17-med
Kiri,Mai-Ndombe,2,FALSE,0.0014,0.001,0.0018,0.0014,406,406,406,0.0014,0.0576,406,0.0019,NA,NA,NA,NA,NA,NA,0.5685,0.0027,334,0.8745,0.4768,0,0.9228,0,Bayes-M17-med
Mushie,Mai-Ndombe,2,FALSE,0.0014,0.0011,0.0019,0.0014,400,399,400,0.0014,0.0601,400,0.002,NA,NA,NA,NA,NA,NA,0.4291,0.0021,377,0.7394,0.3649,0,0.612,0,Bayes-M17-med
Tshudi Loto,Sankuru,2,FALSE,0.0014,0.0011,0.0019,0.0014,399,398,400,0.0015,0.0603,399,0.002,NA,NA,NA,NA,NA,NA,0.4237,0.0021,378,0.7683,0.0039,0,0.9228,0,Bayes-M17-med
Mbaya,Sud-Ubangi,2,FALSE,0.0014,0.001,0.0018,0.0013,410,408,410,0.0014,0.0566,410,0.0019,NA,NA,NA,NA,NA,NA,0.3142,0.0015,408,0.3514,0.2239,0,0.6815,0,Bayes-M17-med
Kenya,Haut-Katanga,2,FALSE,0.0013,0.001,0.0017,0.0013,413,413,413,0.0013,0.055,413,0.0018,NA,NA,NA,NA,NA,NA,0.0569,3e-4,456,0.11,0.0116,0,0.1062,0,Bayes-M17-med
Inga,Kongo-Central,2,FALSE,0.0013,0.001,0.0017,0.0013,414,414,414,0.0013,0.0546,414,0.0018,NA,NA,NA,NA,NA,NA,0.3847,0.0017,397,0.5212,0.8243,0,0.1931,0,Bayes-M17-med
Gombe Matadi,Kongo-Central,2,FALSE,0.0013,0.001,0.0017,0.0013,412,412,412,0.0013,0.0554,412,0.0018,NA,NA,NA,NA,NA,NA,0.4151,0.0019,390,0.6911,0.7857,0,0.1834,0,Bayes-M17-med
Lubudi,Lualaba,2,FALSE,0.0013,0.001,0.0017,0.0013,411,411,411,0.0013,0.0557,411,0.0018,NA,NA,NA,NA,NA,NA,0.4667,0.0022,374,0.9151,0.4614,0,0.4903,0,Bayes-M17-med
Ntandembelo,Mai-Ndombe,2,FALSE,0.0013,9e-4,0.0016,0.0012,415,415,415,0.0013,0.0522,415,0.0017,NA,NA,NA,NA,NA,NA,0.4595,0.002,385,0.6023,0.4633,0,0.7722,0,Bayes-M17-med
Yumbi,Mai-Ndombe,2,FALSE,0.0013,9e-4,0.0016,0.0012,416,416,416,0.0013,0.0521,416,0.0017,NA,NA,NA,NA,NA,NA,0.2741,0.0012,424,0.4131,0.4015,0,0.2819,0,Bayes-M17-med
Lukolela,Equateur,2,FALSE,0.0012,9e-4,0.0016,0.0012,420,420,420,0.0012,0.0508,420,0.0017,NA,NA,NA,NA,NA,NA,0.5787,0.0024,349,0.944,0.9151,0,0.4556,0,Bayes-M17-med
Monieka,Equateur,2,FALSE,0.0012,9e-4,0.0015,0.0011,422,422,422,0.0012,0.0481,422,0.0016,NA,NA,NA,NA,NA,NA,0.596,0.0024,355,0.9768,0.7336,0,0.6737,0,Bayes-M17-med
Luozi,Kongo-Central,2,FALSE,0.0012,9e-4,0.0016,0.0012,419,419,419,0.0012,0.051,419,0.0017,NA,NA,NA,NA,NA,NA,0.5241,0.0022,370,0.7355,0.8861,0,0.4749,0,Bayes-M17-med
Kisanji,Kwango,2,FALSE,0.0012,9e-4,0.0015,0.0012,421,421,421,0.0012,0.0497,421,0.0016,NA,NA,NA,NA,NA,NA,0.5574,0.0023,361,0.8417,0.6544,0,0.7336,0,Bayes-M17-med
Bolobo,Mai-Ndombe,2,FALSE,0.0012,9e-4,0.0016,0.0012,417,417,418,0.0012,0.0516,417,0.0017,NA,NA,NA,NA,NA,NA,0.3388,0.0014,410,0.6313,0.4981,0,0.2259,0,Bayes-M17-med
Bosobe,Mai-Ndombe,2,FALSE,0.0012,9e-4,0.0016,0.0012,418,417,418,0.0012,0.0515,418,0.0017,NA,NA,NA,NA,NA,NA,0.4406,0.0019,391,0.4942,0.4093,0,0.8591,0,Bayes-M17-med
Butumba,Haut-Lomami,2,FALSE,0.0011,8e-4,0.0014,0.0011,426,426,426,0.0011,0.0455,426,0.0015,NA,NA,NA,NA,NA,NA,0.4595,0.0017,398,0.7973,0.4151,0,0.6255,0,Bayes-M17-med
Banga Lubaka,Kasaï,2,FALSE,0.0011,9e-4,0.0015,0.0011,423,423,423,0.0011,0.0474,423,0.0016,NA,NA,NA,NA,NA,NA,0.3205,0.0013,419,0.5174,0.0444,0,0.7201,0,Bayes-M17-med
Nzanza,Kongo-Central,2,FALSE,0.0011,8e-4,0.0014,0.0011,427,427,427,0.0011,0.0452,427,0.0015,NA,NA,NA,NA,NA,NA,0.2172,8e-4,442,0.0888,0.6892,0,0.0907,0,Bayes-M17-med
Kimvula,Kongo-Central,2,FALSE,0.0011,9e-4,0.0015,0.0011,424,424,424,0.0011,0.0472,424,0.0016,NA,NA,NA,NA,NA,NA,0.569,0.0022,366,0.8629,0.8784,0,0.5347,0,Bayes-M17-med
Mwela Lembwa,Kwango,2,FALSE,0.0011,8e-4,0.0014,0.0011,428,428,428,0.0011,0.0442,428,0.0015,NA,NA,NA,NA,NA,NA,0.4397,0.0016,404,0.6506,0.3224,0,0.7857,0,Bayes-M17-med
Pendjwa,Mai-Ndombe,2,FALSE,0.0011,8e-4,0.0014,0.0011,425,425,425,0.0011,0.0462,425,0.0015,NA,NA,NA,NA,NA,NA,0.4319,0.0017,401,0.7008,0.2124,0,0.8147,0,Bayes-M17-med
Bomongo,Equateur,2,FALSE,0.001,8e-4,0.0013,0.001,430,429,430,0.001,0.0423,430,0.0014,NA,NA,NA,NA,NA,NA,0.5907,0.0021,380,0.9788,0.8475,0,0.5367,0,Bayes-M17-med
Kizu,Kongo-Central,2,FALSE,0.001,7e-4,0.0012,0.001,431,431,431,0.001,0.0405,431,0.0013,NA,NA,NA,NA,NA,NA,0.3113,0.001,431,0.2973,0.8707,0,0.0772,0,Bayes-M17-med
Kimpangu,Kongo-Central,2,FALSE,0.001,8e-4,0.0013,0.001,429,429,430,0.001,0.0423,429,0.0014,NA,NA,NA,NA,NA,NA,0.4488,0.0016,405,0.7085,0.9344,0,0.1525,0,Bayes-M17-med
Katuba,Haut-Katanga,2,FALSE,9e-4,7e-4,0.0011,9e-4,438,437,439,9e-4,0.0364,438,0.0012,NA,NA,NA,NA,NA,NA,0.0463,1e-4,459,0.0502,0.0309,0,0.1042,0,Bayes-M17-med
Kinda,Haut-Lomami,2,FALSE,9e-4,7e-4,0.0011,9e-4,439,438,439,9e-4,0.0362,439,0.0012,NA,NA,NA,NA,NA,NA,0.5077,0.0015,406,0.9884,0.4266,0,0.6158,0,Bayes-M17-med
Kuimba,Kongo-Central,2,FALSE,9e-4,7e-4,0.0011,9e-4,437,437,438,9e-4,0.0364,437,0.0012,NA,NA,NA,NA,NA,NA,0.3069,9e-4,437,0.3784,0.8456,0,0.0039,0,Bayes-M17-med
Tshela,Kongo-Central,2,FALSE,9e-4,7e-4,0.0012,9e-4,434,434,434,9e-4,0.0384,434,0.0013,NA,NA,NA,NA,NA,NA,0.3282,0.001,432,0.417,0.888,0,0.0077,0,Bayes-M17-med
Mangembo,Kongo-Central,2,FALSE,9e-4,7e-4,0.0012,9e-4,432,432,433,9e-4,0.0385,432,0.0013,NA,NA,NA,NA,NA,NA,0.3726,0.0012,423,0.5598,0.6641,0,0.2664,0,Bayes-M17-med
Nselo,Kongo-Central,2,FALSE,9e-4,7e-4,0.0012,9e-4,436,436,436,9e-4,0.0376,436,0.0012,NA,NA,NA,NA,NA,NA,0.374,0.0012,425,0.6564,0.5347,0,0.305,0,Bayes-M17-med
Kajiji,Kwango,2,FALSE,9e-4,7e-4,0.0012,9e-4,435,435,435,9e-4,0.0379,435,0.0013,NA,NA,NA,NA,NA,NA,0.3533,0.0011,428,0.7934,0.1544,0,0.4653,0,Bayes-M17-med
Kitenda,Kwango,2,FALSE,9e-4,7e-4,0.0012,9e-4,433,432,433,9e-4,0.0385,433,0.0013,NA,NA,NA,NA,NA,NA,0.376,0.0012,422,0.6641,0.4247,0,0.4151,0,Bayes-M17-med
Kashobwe,Haut-Katanga,2,FALSE,8e-4,6e-4,0.001,8e-4,443,443,443,8e-4,0.0331,443,0.0011,NA,NA,NA,NA,NA,NA,0.3243,9e-4,439,0.805,0.3012,0,0.1911,0,Bayes-M17-med
Baka,Haut-Lomami,2,FALSE,8e-4,6e-4,0.001,8e-4,442,442,442,8e-4,0.0339,442,0.0011,NA,NA,NA,NA,NA,NA,0.4319,0.0012,421,0.4344,0.8919,0,0.4015,0,Bayes-M17-med
Boma Bungu,Kongo-Central,2,FALSE,8e-4,6e-4,0.0011,8e-4,441,441,441,8e-4,0.0344,441,0.0011,NA,NA,NA,NA,NA,NA,0.3209,9e-4,438,0.5811,0.5676,0,0.1351,0,Bayes-M17-med
Kinkonzi,Kongo-Central,2,FALSE,8e-4,6e-4,0.0011,8e-4,440,440,440,8e-4,0.0346,440,0.0011,NA,NA,NA,NA,NA,NA,0.4252,0.0012,420,0.6236,0.8958,0,0.1815,0,Bayes-M17-med
Sona Bata,Kongo-Central,2,FALSE,8e-4,6e-4,0.001,8e-4,444,444,444,8e-4,0.0322,444,0.0011,NA,NA,NA,NA,NA,NA,0.43,0.0011,427,0.7259,0.7896,0,0.2046,0,Bayes-M17-med
Bolenge,Equateur,2,FALSE,7e-4,5e-4,9e-4,7e-4,448,448,448,7e-4,0.0299,448,0.001,NA,NA,NA,NA,NA,NA,0.5391,0.0013,414,0.7954,0.8514,0,0.5097,0,Bayes-M17-med
Kilela Balanda,Haut-Katanga,2,FALSE,7e-4,6e-4,9e-4,7e-4,446,446,446,7e-4,0.0306,446,0.001,NA,NA,NA,NA,NA,NA,0.3132,8e-4,443,0.9228,0.0927,0,0.2375,0,Bayes-M17-med
Tembo,Kwango,2,FALSE,7e-4,6e-4,0.001,7e-4,445,445,445,7e-4,0.0309,445,0.001,NA,NA,NA,NA,NA,NA,0.3205,8e-4,441,0.7876,0.3977,0,0.0965,0,Bayes-M17-med
Bunkeya,Lualaba,2,FALSE,7e-4,6e-4,9e-4,7e-4,447,447,447,7e-4,0.0304,447,0.001,NA,NA,NA,NA,NA,NA,0.4218,0.0011,430,0.8243,0.5019,0,0.361,0,Bayes-M17-med
Bobozo,Kasaï-Central,2,FALSE,6e-4,5e-4,8e-4,6e-4,450,450,450,6e-4,0.025,450,8e-4,NA,NA,NA,NA,NA,NA,0.2336,5e-4,451,0.1602,0.2857,0,0.4884,0,Bayes-M17-med
Vaku,Kongo-Central,2,FALSE,6e-4,5e-4,8e-4,6e-4,449,449,449,6e-4,0.0268,449,9e-4,NA,NA,NA,NA,NA,NA,0.4194,9e-4,436,0.5676,0.9421,0,0.168,0,Bayes-M17-med
Mampoko,Equateur,2,FALSE,5e-4,4e-4,6e-4,5e-4,452,452,453,5e-4,0.0203,452,7e-4,NA,NA,NA,NA,NA,NA,0.5135,9e-4,440,0.8919,0.5058,0,0.6564,0,Bayes-M17-med
Ntondo,Equateur,2,FALSE,5e-4,3e-4,6e-4,4e-4,454,454,454,5e-4,0.0188,454,6e-4,NA,NA,NA,NA,NA,NA,0.6125,0.001,434,0.8996,0.7259,0,0.8243,0,Bayes-M17-med
Vangu,Haut-Katanga,2,FALSE,5e-4,4e-4,7e-4,5e-4,451,451,451,5e-4,0.022,451,7e-4,NA,NA,NA,NA,NA,NA,0.1081,2e-4,457,0.1158,0.1699,0,0.1467,0,Bayes-M17-med
Kibunzi,Kongo-Central,2,FALSE,5e-4,4e-4,6e-4,5e-4,453,452,453,5e-4,0.0203,453,7e-4,NA,NA,NA,NA,NA,NA,0.4175,7e-4,445,0.7046,0.5251,0,0.4402,0,Bayes-M17-med
Mutshatsha,Lualaba,2,FALSE,4e-4,3e-4,5e-4,4e-4,456,456,456,4e-4,0.0164,456,5e-4,NA,NA,NA,NA,NA,NA,0.3808,5e-4,449,0.971,0.1023,0,0.4498,0,Bayes-M17-med
Mimia,Mai-Ndombe,2,FALSE,4e-4,3e-4,5e-4,4e-4,455,455,455,4e-4,0.0166,455,5e-4,NA,NA,NA,NA,NA,NA,0.4841,7e-4,446,0.9614,0.0521,0,0.9228,0,Bayes-M17-med
Lilanga Bobangi,Equateur,2,FALSE,3e-4,2e-4,4e-4,3e-4,457,457,457,3e-4,0.0126,457,4e-4,NA,NA,NA,NA,NA,NA,0.4117,4e-4,452,0.9382,0.2664,0,0.4421,0,Bayes-M17-med
Irebu,Equateur,2,FALSE,2e-4,2e-4,3e-4,2e-4,458,458,458,2e-4,0.0091,458,3e-4,NA,NA,NA,NA,NA,NA,0.5473,4e-4,453,0.9305,0.6776,0,0.5811,0,Bayes-M17-med
Kamalondo,Haut-Katanga,2,FALSE,2e-4,2e-4,3e-4,2e-4,460,460,460,2e-4,0.0088,460,3e-4,NA,NA,NA,NA,NA,NA,0.0352,0,461,0.029,0.0019,0,0.11,0,Bayes-M17-med
Kowe,Haut-Katanga,2,FALSE,2e-4,2e-4,3e-4,2e-4,459,459,459,2e-4,0.0088,459,3e-4,NA,NA,NA,NA,NA,NA,0.07,1e-4,460,0.0714,0.0811,0,0.1274,0,Bayes-M17-med
Kitona,Kongo-Central,2,FALSE,2e-4,1e-4,2e-4,2e-4,461,461,461,2e-4,0.0065,461,2e-4,NA,NA,NA,NA,NA,NA,0.293,2e-4,458,0.5907,0.5792,0,0.0019,0,Bayes-M17-med
Bokoro,Mai-Ndombe,2,FALSE,0,0,0,0,462,462,462,0,2e-4,462,0,NA,NA,NA,NA,NA,NA,0.471,0,462,0.6873,0.5097,0,0.6873,0,Bayes-M17-med
Idjwi,Sud-Kivu,2,FALSE,0,0,0,0,463,463,463,0,0,463,0,NA,NA,NA,NA,NA,NA,0.3007,0,463,0.2992,0.8224,0,0.0811,0,Bayes-M17-med
Buta,Bas-Uele,2,TRUE,NA,NA,NA,NA,NA,NA,NA,NA,NA,NA,NA,NA,NA,NA,NA,NA,NA,0.7225,NA,NA,0.9749,0.9923,0,0.9228,0,Bayes-M17-med
Viadana,Bas-Uele,2,TRUE,NA,NA,NA,NA,NA,NA,NA,NA,NA,NA,NA,NA,NA,NA,NA,NA,NA,0.6846,NA,NA,0.9131,0.9788,0,0.8465,0,Bayes-M17-med
Boma Mangbetu,Haut-Uele,2,TRUE,NA,NA,NA,NA,NA,NA,NA,NA,NA,NA,NA,NA,NA,NA,NA,NA,NA,0.4122,NA,NA,0.2857,0.5039,0,0.8591,0,Bayes-M17-med
Gombari,Haut-Uele,2,TRUE,NA,NA,NA,NA,NA,NA,NA,NA,NA,NA,NA,NA,NA,NA,NA,NA,NA,0.5772,NA,NA,0.9633,0.8012,0,0.5444,0,Bayes-M17-med
Isiro,Haut-Uele,2,TRUE,NA,NA,NA,NA,NA,NA,NA,NA,NA,NA,NA,NA,NA,NA,NA,NA,NA,0.5253,NA,NA,0.39,0.7587,0,0.9527,0,Bayes-M17-med
Pawa,Haut-Uele,2,TRUE,NA,NA,NA,NA,NA,NA,NA,NA,NA,NA,NA,NA,NA,NA,NA,NA,NA,0.4315,NA,NA,0.2934,0.5734,0,0.8591,0,Bayes-M17-med
Rungu,Haut-Uele,2,TRUE,NA,NA,NA,NA,NA,NA,NA,NA,NA,NA,NA,NA,NA,NA,NA,NA,NA,0.6474,NA,NA,0.8224,0.8031,0,0.9643,0,Bayes-M17-med
Wamba,Haut-Uele,2,TRUE,NA,NA,NA,NA,NA,NA,NA,NA,NA,NA,NA,NA,NA,NA,NA,NA,NA,0.4817,NA,NA,0.6737,0.4363,0,0.8166,0,Bayes-M17-med
Adja,Ituri,2,TRUE,NA,NA,NA,NA,NA,NA,NA,NA,NA,NA,NA,NA,NA,NA,NA,NA,NA,0.2645,NA,NA,0.249,0.4286,0,0.3803,0,Bayes-M17-med
Ariwara,Ituri,2,TRUE,NA,NA,NA,NA,NA,NA,NA,NA,NA,NA,NA,NA,NA,NA,NA,NA,NA,0.2862,NA,NA,0.1988,0.6988,0,0.2471,0,Bayes-M17-med
Aru,Ituri,2,TRUE,NA,NA,NA,NA,NA,NA,NA,NA,NA,NA,NA,NA,NA,NA,NA,NA,NA,0.3528,NA,NA,0.3012,0.8417,0,0.2683,0,Bayes-M17-med
Aungba,Ituri,2,TRUE,NA,NA,NA,NA,NA,NA,NA,NA,NA,NA,NA,NA,NA,NA,NA,NA,NA,0.3354,NA,NA,0.3108,0.6564,0,0.3745,0,Bayes-M17-med
Kambala,Ituri,2,TRUE,NA,NA,NA,NA,NA,NA,NA,NA,NA,NA,NA,NA,NA,NA,NA,NA,NA,0.347,NA,NA,0.3668,0.612,0,0.4093,0,Bayes-M17-med
Logo,Ituri,2,TRUE,NA,NA,NA,NA,NA,NA,NA,NA,NA,NA,NA,NA,NA,NA,NA,NA,NA,0.2384,NA,NA,0.1757,0.5927,0,0.1853,0,Bayes-M17-med
Mahagi,Ituri,2,TRUE,NA,NA,NA,NA,NA,NA,NA,NA,NA,NA,NA,NA,NA,NA,NA,NA,NA,0.2292,NA,NA,0.1718,0.6004,0,0.1448,0,Bayes-M17-med
Rimba,Ituri,2,TRUE,NA,NA,NA,NA,NA,NA,NA,NA,NA,NA,NA,NA,NA,NA,NA,NA,NA,0.306,NA,NA,0.2008,0.7124,0,0.3108,0,Bayes-M17-med
Bambu,Ituri,2,TRUE,NA,NA,NA,NA,NA,NA,NA,NA,NA,NA,NA,NA,NA,NA,NA,NA,NA,0.2399,NA,NA,0.2046,0.4691,0,0.2857,0,Bayes-M17-med
Boga,Ituri,2,TRUE,NA,NA,NA,NA,NA,NA,NA,NA,NA,NA,NA,NA,NA,NA,NA,NA,NA,0.264,NA,NA,0.3861,0.36870000000000003,0,0.3012,0,Bayes-M17-med
Bunia,Ituri,2,TRUE,NA,NA,NA,NA,NA,NA,NA,NA,NA,NA,NA,NA,NA,NA,NA,NA,NA,0.2326,NA,NA,0.1178,0.5637,0,0.249,0,Bayes-M17-med
Damas,Ituri,2,TRUE,NA,NA,NA,NA,NA,NA,NA,NA,NA,NA,NA,NA,NA,NA,NA,NA,NA,0.3224,NA,NA,0.4479,0.3282,0,0.5135,0,Bayes-M17-med
Drodro,Ituri,2,TRUE,NA,NA,NA,NA,NA,NA,NA,NA,NA,NA,NA,NA,NA,NA,NA,NA,NA,0.2674,NA,NA,0.2066,0.5907,0,0.2722,0,Bayes-M17-med
Fataki,Ituri,2,TRUE,NA,NA,NA,NA,NA,NA,NA,NA,NA,NA,NA,NA,NA,NA,NA,NA,NA,0.3185,NA,NA,0.2259,0.7201,0,0.3282,0,Bayes-M17-med
Gety,Ituri,2,TRUE,NA,NA,NA,NA,NA,NA,NA,NA,NA,NA,NA,NA,NA,NA,NA,NA,NA,0.2592,NA,NA,0.3359,0.2973,0,0.4035,0,Bayes-M17-med
Kilo,Ituri,2,TRUE,NA,NA,NA,NA,NA,NA,NA,NA,NA,NA,NA,NA,NA,NA,NA,NA,NA,0.1448,NA,NA,0.2201,0.0502,0,0.3089,0,Bayes-M17-med
Komanda,Ituri,2,TRUE,NA,NA,NA,NA,NA,NA,NA,NA,NA,NA,NA,NA,NA,NA,NA,NA,NA,0.2341,NA,NA,0.3089,0.1197,0,0.5077,0,Bayes-M17-med
Lita,Ituri,2,TRUE,NA,NA,NA,NA,NA,NA,NA,NA,NA,NA,NA,NA,NA,NA,NA,NA,NA,0.306,NA,NA,0.2761,0.7046,0,0.2432,0,Bayes-M17-med
Lolwa,Ituri,2,TRUE,NA,NA,NA,NA,NA,NA,NA,NA,NA,NA,NA,NA,NA,NA,NA,NA,NA,0.3205,NA,NA,0.6429,0,0,0.639,0,Bayes-M17-med
Mambasa,Ituri,2,TRUE,NA,NA,NA,NA,NA,NA,NA,NA,NA,NA,NA,NA,NA,NA,NA,NA,NA,0.4324,NA,NA,0.8842,0.2625,0,0.583,0,Bayes-M17-med
Mandima,Ituri,2,TRUE,NA,NA,NA,NA,NA,NA,NA,NA,NA,NA,NA,NA,NA,NA,NA,NA,NA,0.2659,NA,NA,0.4846,0.2896,0,0.2896,0,Bayes-M17-med
Mangala,Ituri,2,TRUE,NA,NA,NA,NA,NA,NA,NA,NA,NA,NA,NA,NA,NA,NA,NA,NA,NA,0.3021,NA,NA,0.305,0.6158,0,0.2876,0,Bayes-M17-med
Mongbwalu,Ituri,2,TRUE,NA,NA,NA,NA,NA,NA,NA,NA,NA,NA,NA,NA,NA,NA,NA,NA,NA,0.2616,NA,NA,0.4112,0.1834,0,0.4517,0,Bayes-M17-med
Nia Nia,Ituri,2,TRUE,NA,NA,NA,NA,NA,NA,NA,NA,NA,NA,NA,NA,NA,NA,NA,NA,NA,0.2978,NA,NA,0.666,0.0212,0,0.5039,0,Bayes-M17-med
Nizi,Ituri,2,TRUE,NA,NA,NA,NA,NA,NA,NA,NA,NA,NA,NA,NA,NA,NA,NA,NA,NA,0.1771,NA,NA,0.1544,0.3378,0,0.2162,0,Bayes-M17-med
Nyankunde,Ituri,2,TRUE,NA,NA,NA,NA,NA,NA,NA,NA,NA,NA,NA,NA,NA,NA,NA,NA,NA,0.2514,NA,NA,0.2838,0.2432,0,0.4788,0,Bayes-M17-med
Rwampara,Ituri,2,TRUE,NA,NA,NA,NA,NA,NA,NA,NA,NA,NA,NA,NA,NA,NA,NA,NA,NA,0.319,NA,NA,0.2375,0.7452,0,0.2934,0,Bayes-M17-med
Tchomia,Ituri,2,TRUE,NA,NA,NA,NA,NA,NA,NA,NA,NA,NA,NA,NA,NA,NA,NA,NA,NA,0.1998,NA,NA,0.2104,0.3745,0,0.2143,0,Bayes-M17-med
Beni,Nord-Kivu,2,TRUE,NA,NA,NA,NA,NA,NA,NA,NA,NA,NA,NA,NA,NA,NA,NA,NA,NA,0.1559,NA,NA,0.1525,0.2297,0,0.2413,0,Bayes-M17-med
Butembo,Nord-Kivu,2,TRUE,NA,NA,NA,NA,NA,NA,NA,NA,NA,NA,NA,NA,NA,NA,NA,NA,NA,0.1829,NA,NA,0.1139,0.388,0,0.2297,0,Bayes-M17-med
Kalunguta,Nord-Kivu,2,TRUE,NA,NA,NA,NA,NA,NA,NA,NA,NA,NA,NA,NA,NA,NA,NA,NA,NA,0.1559,NA,NA,0.195,0.2066,0,0.222,0,Bayes-M17-med
Katwa,Nord-Kivu,2,TRUE,NA,NA,NA,NA,NA,NA,NA,NA,NA,NA,NA,NA,NA,NA,NA,NA,NA,0.1998,NA,NA,0.0869,0.4846,0,0.2278,0,Bayes-M17-med
Kyondo,Nord-Kivu,2,TRUE,NA,NA,NA,NA,NA,NA,NA,NA,NA,NA,NA,NA,NA,NA,NA,NA,NA,0.3238,NA,NA,0.2954,0.7973,0,0.2027,0,Bayes-M17-med
Lubero,Nord-Kivu,2,TRUE,NA,NA,NA,NA,NA,NA,NA,NA,NA,NA,NA,NA,NA,NA,NA,NA,NA,0.4585,NA,NA,0.5734,0.9382,0,0.3224,0,Bayes-M17-med
Mabalako,Nord-Kivu,2,TRUE,NA,NA,NA,NA,NA,NA,NA,NA,NA,NA,NA,NA,NA,NA,NA,NA,NA,0.1573,NA,NA,0.1931,0.2046,0,0.2317,0,Bayes-M17-med
Masereka,Nord-Kivu,2,TRUE,NA,NA,NA,NA,NA,NA,NA,NA,NA,NA,NA,NA,NA,NA,NA,NA,NA,0.36870000000000003,NA,NA,0.2548,0.9807,0,0.2394,0,Bayes-M17-med
Musienene,Nord-Kivu,2,TRUE,NA,NA,NA,NA,NA,NA,NA,NA,NA,NA,NA,NA,NA,NA,NA,NA,NA,0.319,NA,NA,0.2645,0.7317,0,0.2799,0,Bayes-M17-med
Oicha,Nord-Kivu,2,TRUE,NA,NA,NA,NA,NA,NA,NA,NA,NA,NA,NA,NA,NA,NA,NA,NA,NA,0.3364,NA,NA,0.3243,0.7606,0,0.2606,0,Bayes-M17-med
Vuhovi,Nord-Kivu,2,TRUE,NA,NA,NA,NA,NA,NA,NA,NA,NA,NA,NA,NA,NA,NA,NA,NA,NA,0.2611,NA,NA,0.2027,0.6178,0,0.2239,0,Bayes-M17-med
Goma,Nord-Kivu,2,TRUE,NA,NA,NA,NA,NA,NA,NA,NA,NA,NA,NA,NA,NA,NA,NA,NA,NA,0.2669,NA,NA,0.1274,0.8977,0,0.0425,0,Bayes-M17-med
Miti Murhesa,Sud-Kivu,2,TRUE,NA,NA,NA,NA,NA,NA,NA,NA,NA,NA,NA,NA,NA,NA,NA,NA,NA,0.3277,NA,NA,0.2355,0.9131,0,0.1622,0,Bayes-M17-med
Bafwasende,Tshopo,2,TRUE,NA,NA,NA,NA,NA,NA,NA,NA,NA,NA,NA,NA,NA,NA,NA,NA,NA,0.4546,NA,NA,0.9073,0.2413,0,0.6699,0,Bayes-M17-med
Kabondo,Tshopo,2,TRUE,NA,NA,NA,NA,NA,NA,NA,NA,NA,NA,NA,NA,NA,NA,NA,NA,NA,0.18,NA,NA,0.1911,0.2722,0,0.2568,0,Bayes-M17-med
Lubunga (Tshopo),Tshopo,2,TRUE,NA,NA,NA,NA,NA,NA,NA,NA,NA,NA,NA,NA,NA,NA,NA,NA,NA,0.2288,NA,NA,0.2452,0.3436,0,0.3263,0,Bayes-M17-med
Makiso Kisangani,Tshopo,2,TRUE,NA,NA,NA,NA,NA,NA,NA,NA,NA,NA,NA,NA,NA,NA,NA,NA,NA,0.2355,NA,NA,0.1332,0.5309,0,0.278,0,Bayes-M17-med
Mangobo,Tshopo,2,TRUE,NA,NA,NA,NA,NA,NA,NA,NA,NA,NA,NA,NA,NA,NA,NA,NA,NA,0.2061,NA,NA,0.0792,0.4382,0,0.3069,0,Bayes-M17-med
Tshopo,Tshopo,2,TRUE,NA,NA,NA,NA,NA,NA,NA,NA,NA,NA,NA,NA,NA,NA,NA,NA,NA,0.2466,NA,NA,0.361,0.334,0,0.2915,0,Bayes-M17-med
Wanierukula,Tshopo,2,TRUE,NA,NA,NA,NA,NA,NA,NA,NA,NA,NA,NA,NA,NA,NA,NA,NA,NA,0.473,NA,NA,0.8436,0.5521,0,0.4961,0,Bayes-M17-med
