origin_date,target,horizon,location,target_end_date,output_type,output_type_id,value
2026-10-07,first confirmed case,1,Aba,2026-10-14,pmf,invasion,0.013815
2026-10-07,first confirmed case,1,Aba,2026-10-14,pmf,no invasion,0.986185
2026-10-07,first confirmed case,1,Abuzi,2026-10-14,pmf,invasion,0.00081
2026-10-07,first confirmed case,1,Abuzi,2026-10-14,pmf,no invasion,0.99919
2026-10-07,first confirmed case,1,Adi,2026-10-14,pmf,invasion,0.011024
2026-10-07,first confirmed case,1,Adi,2026-10-14,pmf,no invasion,0.988976
2026-10-07,first confirmed case,1,Aketi,2026-10-14,pmf,invasion,0.003254
2026-10-07,first confirmed case,1,Aketi,2026-10-14,pmf,no invasion,0.996746
2026-10-07,first confirmed case,1,Alunguli,2026-10-14,pmf,invasion,0.001175
2026-10-07,first confirmed case,1,Alunguli,2026-10-14,pmf,no invasion,0.998825
2026-10-07,first confirmed case,1,Ango,2026-10-14,pmf,invasion,0.001085
2026-10-07,first confirmed case,1,Ango,2026-10-14,pmf,no invasion,0.998915
2026-10-07,first confirmed case,1,Angumu,2026-10-14,pmf,invasion,0.004981
2026-10-07,first confirmed case,1,Angumu,2026-10-14,pmf,no invasion,0.995019
2026-10-07,first confirmed case,1,Ankoro,2026-10-14,pmf,invasion,0.000432
2026-10-07,first confirmed case,1,Ankoro,2026-10-14,pmf,no invasion,0.999568
2026-10-07,first confirmed case,1,Bafwagbogbo,2026-10-14,pmf,invasion,0.015014
2026-10-07,first confirmed case,1,Bafwagbogbo,2026-10-14,pmf,no invasion,0.984986
2026-10-07,first confirmed case,1,Bagata,2026-10-14,pmf,invasion,0.000209
2026-10-07,first confirmed case,1,Bagata,2026-10-14,pmf,no invasion,0.999791
2026-10-07,first confirmed case,1,Bagira,2026-10-14,pmf,invasion,0.002604
2026-10-07,first confirmed case,1,Bagira,2026-10-14,pmf,no invasion,0.997396
2026-10-07,first confirmed case,1,Baka,2026-10-14,pmf,invasion,5.2e-05
2026-10-07,first confirmed case,1,Baka,2026-10-14,pmf,no invasion,0.999948
2026-10-07,first confirmed case,1,Bambo,2026-10-14,pmf,invasion,0.003414
2026-10-07,first confirmed case,1,Bambo,2026-10-14,pmf,no invasion,0.996586
2026-10-07,first confirmed case,1,Banalia,2026-10-14,pmf,invasion,0.020241
2026-10-07,first confirmed case,1,Banalia,2026-10-14,pmf,no invasion,0.979759
2026-10-07,first confirmed case,1,Bandalungwa,2026-10-14,pmf,invasion,0.000204
2026-10-07,first confirmed case,1,Bandalungwa,2026-10-14,pmf,no invasion,0.999796
2026-10-07,first confirmed case,1,Bandundu,2026-10-14,pmf,invasion,0.000114
2026-10-07,first confirmed case,1,Bandundu,2026-10-14,pmf,no invasion,0.999886
2026-10-07,first confirmed case,1,Banga Lubaka,2026-10-14,pmf,invasion,0.000117
2026-10-07,first confirmed case,1,Banga Lubaka,2026-10-14,pmf,no invasion,0.999883
2026-10-07,first confirmed case,1,Bangabola,2026-10-14,pmf,invasion,0.000283
2026-10-07,first confirmed case,1,Bangabola,2026-10-14,pmf,no invasion,0.999717
2026-10-07,first confirmed case,1,Banzow Moke,2026-10-14,pmf,invasion,0.000101
2026-10-07,first confirmed case,1,Banzow Moke,2026-10-14,pmf,no invasion,0.999899
2026-10-07,first confirmed case,1,Barumbu,2026-10-14,pmf,invasion,0.000216
2026-10-07,first confirmed case,1,Barumbu,2026-10-14,pmf,no invasion,0.999784
2026-10-07,first confirmed case,1,Basankusu,2026-10-14,pmf,invasion,0.000312
2026-10-07,first confirmed case,1,Basankusu,2026-10-14,pmf,no invasion,0.999688
2026-10-07,first confirmed case,1,Befale,2026-10-14,pmf,invasion,0.000313
2026-10-07,first confirmed case,1,Befale,2026-10-14,pmf,no invasion,0.999687
2026-10-07,first confirmed case,1,Bena Dibele,2026-10-14,pmf,invasion,0.000286
2026-10-07,first confirmed case,1,Bena Dibele,2026-10-14,pmf,no invasion,0.999714
2026-10-07,first confirmed case,1,Bena Leka,2026-10-14,pmf,invasion,0.00049
2026-10-07,first confirmed case,1,Bena Leka,2026-10-14,pmf,no invasion,0.99951
2026-10-07,first confirmed case,1,Bena Tshadi,2026-10-14,pmf,invasion,0.000153
2026-10-07,first confirmed case,1,Bena Tshadi,2026-10-14,pmf,no invasion,0.999847
2026-10-07,first confirmed case,1,Bengamisa,2026-10-14,pmf,invasion,0.006292
2026-10-07,first confirmed case,1,Bengamisa,2026-10-14,pmf,no invasion,0.993708
2026-10-07,first confirmed case,1,Bibanga,2026-10-14,pmf,invasion,0.000365
2026-10-07,first confirmed case,1,Bibanga,2026-10-14,pmf,no invasion,0.999635
2026-10-07,first confirmed case,1,Bikoro,2026-10-14,pmf,invasion,0.000143
2026-10-07,first confirmed case,1,Bikoro,2026-10-14,pmf,no invasion,0.999857
2026-10-07,first confirmed case,1,Bili (Bas-Uele),2026-10-14,pmf,invasion,0.000514
2026-10-07,first confirmed case,1,Bili (Bas-Uele),2026-10-14,pmf,no invasion,0.999486
2026-10-07,first confirmed case,1,Bili (Nord-Ubangi),2026-10-14,pmf,invasion,0.000896
2026-10-07,first confirmed case,1,Bili (Nord-Ubangi),2026-10-14,pmf,no invasion,0.999104
2026-10-07,first confirmed case,1,Bilomba,2026-10-14,pmf,invasion,0.000822
2026-10-07,first confirmed case,1,Bilomba,2026-10-14,pmf,no invasion,0.999178
2026-10-07,first confirmed case,1,Binga,2026-10-14,pmf,invasion,0.002112
2026-10-07,first confirmed case,1,Binga,2026-10-14,pmf,no invasion,0.997888
2026-10-07,first confirmed case,1,Binza,2026-10-14,pmf,invasion,0.002322
2026-10-07,first confirmed case,1,Binza,2026-10-14,pmf,no invasion,0.997678
2026-10-07,first confirmed case,1,Binza Meteo,2026-10-14,pmf,invasion,0.00028
2026-10-07,first confirmed case,1,Binza Meteo,2026-10-14,pmf,no invasion,0.99972
2026-10-07,first confirmed case,1,Binza Ozone,2026-10-14,pmf,invasion,0.000636
2026-10-07,first confirmed case,1,Binza Ozone,2026-10-14,pmf,no invasion,0.999364
2026-10-07,first confirmed case,1,Bipemba,2026-10-14,pmf,invasion,0.000343
2026-10-07,first confirmed case,1,Bipemba,2026-10-14,pmf,no invasion,0.999657
2026-10-07,first confirmed case,1,Birambizo,2026-10-14,pmf,invasion,0.001461
2026-10-07,first confirmed case,1,Birambizo,2026-10-14,pmf,no invasion,0.998539
2026-10-07,first confirmed case,1,Biringi,2026-10-14,pmf,invasion,0.028963
2026-10-07,first confirmed case,1,Biringi,2026-10-14,pmf,no invasion,0.971036
2026-10-07,first confirmed case,1,Biyela,2026-10-14,pmf,invasion,6.1e-05
2026-10-07,first confirmed case,1,Biyela,2026-10-14,pmf,no invasion,0.999939
2026-10-07,first confirmed case,1,Bobozo,2026-10-14,pmf,invasion,0.000161
2026-10-07,first confirmed case,1,Bobozo,2026-10-14,pmf,no invasion,0.999839
2026-10-07,first confirmed case,1,Boende,2026-10-14,pmf,invasion,0.0005
2026-10-07,first confirmed case,1,Boende,2026-10-14,pmf,no invasion,0.9995
2026-10-07,first confirmed case,1,Bogosenubea,2026-10-14,pmf,invasion,0.000508
2026-10-07,first confirmed case,1,Bogosenubea,2026-10-14,pmf,no invasion,0.999492
2026-10-07,first confirmed case,1,Boko,2026-10-14,pmf,invasion,0.000297
2026-10-07,first confirmed case,1,Boko,2026-10-14,pmf,no invasion,0.999703
2026-10-07,first confirmed case,1,Boko Kivulu,2026-10-14,pmf,invasion,8.4e-05
2026-10-07,first confirmed case,1,Boko Kivulu,2026-10-14,pmf,no invasion,0.999916
2026-10-07,first confirmed case,1,Bokonzi,2026-10-14,pmf,invasion,0.000165
2026-10-07,first confirmed case,1,Bokonzi,2026-10-14,pmf,no invasion,0.999835
2026-10-07,first confirmed case,1,Bokoro,2026-10-14,pmf,invasion,0.000425
2026-10-07,first confirmed case,1,Bokoro,2026-10-14,pmf,no invasion,0.999575
2026-10-07,first confirmed case,1,Bokungu,2026-10-14,pmf,invasion,0.001487
2026-10-07,first confirmed case,1,Bokungu,2026-10-14,pmf,no invasion,0.998513
2026-10-07,first confirmed case,1,Bolenge,2026-10-14,pmf,invasion,0.000183
2026-10-07,first confirmed case,1,Bolenge,2026-10-14,pmf,no invasion,0.999817
2026-10-07,first confirmed case,1,Bolobo,2026-10-14,pmf,invasion,0.00011
2026-10-07,first confirmed case,1,Bolobo,2026-10-14,pmf,no invasion,0.99989
2026-10-07,first confirmed case,1,Bolomba,2026-10-14,pmf,invasion,0.000297
2026-10-07,first confirmed case,1,Bolomba,2026-10-14,pmf,no invasion,0.999703
2026-10-07,first confirmed case,1,Boma,2026-10-14,pmf,invasion,3.9e-05
2026-10-07,first confirmed case,1,Boma,2026-10-14,pmf,no invasion,0.999961
2026-10-07,first confirmed case,1,Boma Bungu,2026-10-14,pmf,invasion,2.5e-05
2026-10-07,first confirmed case,1,Boma Bungu,2026-10-14,pmf,no invasion,0.999975
2026-10-07,first confirmed case,1,Bominenge,2026-10-14,pmf,invasion,0.000519
2026-10-07,first confirmed case,1,Bominenge,2026-10-14,pmf,no invasion,0.999481
2026-10-07,first confirmed case,1,Bomongo,2026-10-14,pmf,invasion,6.1e-05
2026-10-07,first confirmed case,1,Bomongo,2026-10-14,pmf,no invasion,0.999939
2026-10-07,first confirmed case,1,Bondo,2026-10-14,pmf,invasion,0.005074
2026-10-07,first confirmed case,1,Bondo,2026-10-14,pmf,no invasion,0.994926
2026-10-07,first confirmed case,1,Bongandanga,2026-10-14,pmf,invasion,0.000583
2026-10-07,first confirmed case,1,Bongandanga,2026-10-14,pmf,no invasion,0.999417
2026-10-07,first confirmed case,1,Bonzola,2026-10-14,pmf,invasion,0.000712
2026-10-07,first confirmed case,1,Bonzola,2026-10-14,pmf,no invasion,0.999288
2026-10-07,first confirmed case,1,Boso Manzi,2026-10-14,pmf,invasion,0.000369
2026-10-07,first confirmed case,1,Boso Manzi,2026-10-14,pmf,no invasion,0.999631
2026-10-07,first confirmed case,1,Boso Mondanda,2026-10-14,pmf,invasion,0.000233
2026-10-07,first confirmed case,1,Boso Mondanda,2026-10-14,pmf,no invasion,0.999767
2026-10-07,first confirmed case,1,Bosobe,2026-10-14,pmf,invasion,0.000101
2026-10-07,first confirmed case,1,Bosobe,2026-10-14,pmf,no invasion,0.999899
2026-10-07,first confirmed case,1,Bosobolo,2026-10-14,pmf,invasion,0.000322
2026-10-07,first confirmed case,1,Bosobolo,2026-10-14,pmf,no invasion,0.999678
2026-10-07,first confirmed case,1,Bosondjo,2026-10-14,pmf,invasion,0.000415
2026-10-07,first confirmed case,1,Bosondjo,2026-10-14,pmf,no invasion,0.999585
2026-10-07,first confirmed case,1,Boto,2026-10-14,pmf,invasion,0.000218
2026-10-07,first confirmed case,1,Boto,2026-10-14,pmf,no invasion,0.999782
2026-10-07,first confirmed case,1,Budjala,2026-10-14,pmf,invasion,0.005111
2026-10-07,first confirmed case,1,Budjala,2026-10-14,pmf,no invasion,0.994889
2026-10-07,first confirmed case,1,Bukama,2026-10-14,pmf,invasion,0.000305
2026-10-07,first confirmed case,1,Bukama,2026-10-14,pmf,no invasion,0.999695
2026-10-07,first confirmed case,1,Bulape,2026-10-14,pmf,invasion,0.000512
2026-10-07,first confirmed case,1,Bulape,2026-10-14,pmf,no invasion,0.999488
2026-10-07,first confirmed case,1,Bulungu,2026-10-14,pmf,invasion,0.000465
2026-10-07,first confirmed case,1,Bulungu,2026-10-14,pmf,no invasion,0.999535
2026-10-07,first confirmed case,1,Bumba,2026-10-14,pmf,invasion,0.00366
2026-10-07,first confirmed case,1,Bumba,2026-10-14,pmf,no invasion,0.99634
2026-10-07,first confirmed case,1,Bumbu,2026-10-14,pmf,invasion,3.7e-05
2026-10-07,first confirmed case,1,Bumbu,2026-10-14,pmf,no invasion,0.999963
2026-10-07,first confirmed case,1,Bunkeya,2026-10-14,pmf,invasion,4.5e-05
2026-10-07,first confirmed case,1,Bunkeya,2026-10-14,pmf,no invasion,0.999955
2026-10-07,first confirmed case,1,Bunkonde,2026-10-14,pmf,invasion,0.000625
2026-10-07,first confirmed case,1,Bunkonde,2026-10-14,pmf,no invasion,0.999375
2026-10-07,first confirmed case,1,Bunyakiri,2026-10-14,pmf,invasion,0.001852
2026-10-07,first confirmed case,1,Bunyakiri,2026-10-14,pmf,no invasion,0.998148
2026-10-07,first confirmed case,1,Busanga,2026-10-14,pmf,invasion,0.000179
2026-10-07,first confirmed case,1,Busanga,2026-10-14,pmf,no invasion,0.999821
2026-10-07,first confirmed case,1,Businga,2026-10-14,pmf,invasion,0.000638
2026-10-07,first confirmed case,1,Businga,2026-10-14,pmf,no invasion,0.999362
2026-10-07,first confirmed case,1,Butumba,2026-10-14,pmf,invasion,0.000322
2026-10-07,first confirmed case,1,Butumba,2026-10-14,pmf,no invasion,0.999678
2026-10-07,first confirmed case,1,Bwamanda,2026-10-14,pmf,invasion,0.00055
2026-10-07,first confirmed case,1,Bwamanda,2026-10-14,pmf,no invasion,0.99945
2026-10-07,first confirmed case,1,Cilundu,2026-10-14,pmf,invasion,0.000999
2026-10-07,first confirmed case,1,Cilundu,2026-10-14,pmf,no invasion,0.999001
2026-10-07,first confirmed case,1,Citenge,2026-10-14,pmf,invasion,0.000293
2026-10-07,first confirmed case,1,Citenge,2026-10-14,pmf,no invasion,0.999707
2026-10-07,first confirmed case,1,Dekese,2026-10-14,pmf,invasion,0.0002
2026-10-07,first confirmed case,1,Dekese,2026-10-14,pmf,no invasion,0.9998
2026-10-07,first confirmed case,1,Demba,2026-10-14,pmf,invasion,0.000445
2026-10-07,first confirmed case,1,Demba,2026-10-14,pmf,no invasion,0.999555
2026-10-07,first confirmed case,1,Dibaya,2026-10-14,pmf,invasion,0.001196
2026-10-07,first confirmed case,1,Dibaya,2026-10-14,pmf,no invasion,0.998804
2026-10-07,first confirmed case,1,Dibindi,2026-10-14,pmf,invasion,0.000264
2026-10-07,first confirmed case,1,Dibindi,2026-10-14,pmf,no invasion,0.999736
2026-10-07,first confirmed case,1,Dikungu,2026-10-14,pmf,invasion,0.000521
2026-10-07,first confirmed case,1,Dikungu,2026-10-14,pmf,no invasion,0.999479
2026-10-07,first confirmed case,1,Dilala,2026-10-14,pmf,invasion,0.000127
2026-10-07,first confirmed case,1,Dilala,2026-10-14,pmf,no invasion,0.999873
2026-10-07,first confirmed case,1,Dilolo,2026-10-14,pmf,invasion,8e-06
2026-10-07,first confirmed case,1,Dilolo,2026-10-14,pmf,no invasion,0.999992
2026-10-07,first confirmed case,1,Diulu,2026-10-14,pmf,invasion,0.000416
2026-10-07,first confirmed case,1,Diulu,2026-10-14,pmf,no invasion,0.999584
2026-10-07,first confirmed case,1,Djalo Ndjeka,2026-10-14,pmf,invasion,0.000276
2026-10-07,first confirmed case,1,Djalo Ndjeka,2026-10-14,pmf,no invasion,0.999724
2026-10-07,first confirmed case,1,Djolu,2026-10-14,pmf,invasion,0.001717
2026-10-07,first confirmed case,1,Djolu,2026-10-14,pmf,no invasion,0.998283
2026-10-07,first confirmed case,1,Djombo,2026-10-14,pmf,invasion,0.000385
2026-10-07,first confirmed case,1,Djombo,2026-10-14,pmf,no invasion,0.999615
2026-10-07,first confirmed case,1,Djuma,2026-10-14,pmf,invasion,0.000289
2026-10-07,first confirmed case,1,Djuma,2026-10-14,pmf,no invasion,0.999711
2026-10-07,first confirmed case,1,Doruma,2026-10-14,pmf,invasion,0.004563
2026-10-07,first confirmed case,1,Doruma,2026-10-14,pmf,no invasion,0.995437
2026-10-07,first confirmed case,1,Faradje,2026-10-14,pmf,invasion,0.009033
2026-10-07,first confirmed case,1,Faradje,2026-10-14,pmf,no invasion,0.990967
2026-10-07,first confirmed case,1,Ferekeni,2026-10-14,pmf,invasion,0.000428
2026-10-07,first confirmed case,1,Ferekeni,2026-10-14,pmf,no invasion,0.999572
2026-10-07,first confirmed case,1,Feshi,2026-10-14,pmf,invasion,0.000198
2026-10-07,first confirmed case,1,Feshi,2026-10-14,pmf,no invasion,0.999802
2026-10-07,first confirmed case,1,Fizi,2026-10-14,pmf,invasion,0.003855
2026-10-07,first confirmed case,1,Fizi,2026-10-14,pmf,no invasion,0.996145
2026-10-07,first confirmed case,1,Fungurume,2026-10-14,pmf,invasion,0.000178
2026-10-07,first confirmed case,1,Fungurume,2026-10-14,pmf,no invasion,0.999822
2026-10-07,first confirmed case,1,Gbadolite,2026-10-14,pmf,invasion,0.000167
2026-10-07,first confirmed case,1,Gbadolite,2026-10-14,pmf,no invasion,0.999833
2026-10-07,first confirmed case,1,Gemena,2026-10-14,pmf,invasion,0.00232
2026-10-07,first confirmed case,1,Gemena,2026-10-14,pmf,no invasion,0.99768
2026-10-07,first confirmed case,1,Gombe,2026-10-14,pmf,invasion,0.00093
2026-10-07,first confirmed case,1,Gombe,2026-10-14,pmf,no invasion,0.99907
2026-10-07,first confirmed case,1,Gombe Matadi,2026-10-14,pmf,invasion,0.00012
2026-10-07,first confirmed case,1,Gombe Matadi,2026-10-14,pmf,no invasion,0.99988
2026-10-07,first confirmed case,1,Gungu,2026-10-14,pmf,invasion,0.000297
2026-10-07,first confirmed case,1,Gungu,2026-10-14,pmf,no invasion,0.999703
2026-10-07,first confirmed case,1,Haut Plateau,2026-10-14,pmf,invasion,0.000956
2026-10-07,first confirmed case,1,Haut Plateau,2026-10-14,pmf,no invasion,0.999044
2026-10-07,first confirmed case,1,Ibanda,2026-10-14,pmf,invasion,0.008819
2026-10-07,first confirmed case,1,Ibanda,2026-10-14,pmf,no invasion,0.991181
2026-10-07,first confirmed case,1,Iboko,2026-10-14,pmf,invasion,0.000326
2026-10-07,first confirmed case,1,Iboko,2026-10-14,pmf,no invasion,0.999674
2026-10-07,first confirmed case,1,Idiofa,2026-10-14,pmf,invasion,0.000712
2026-10-07,first confirmed case,1,Idiofa,2026-10-14,pmf,no invasion,0.999288
2026-10-07,first confirmed case,1,Idjwi,2026-10-14,pmf,invasion,0.000657
2026-10-07,first confirmed case,1,Idjwi,2026-10-14,pmf,no invasion,0.999343
2026-10-07,first confirmed case,1,Ikela,2026-10-14,pmf,invasion,0.001642
2026-10-07,first confirmed case,1,Ikela,2026-10-14,pmf,no invasion,0.998358
2026-10-07,first confirmed case,1,Ilebo,2026-10-14,pmf,invasion,0.000219
2026-10-07,first confirmed case,1,Ilebo,2026-10-14,pmf,no invasion,0.999781
2026-10-07,first confirmed case,1,Inga,2026-10-14,pmf,invasion,4.3e-05
2026-10-07,first confirmed case,1,Inga,2026-10-14,pmf,no invasion,0.999957
2026-10-07,first confirmed case,1,Ingende,2026-10-14,pmf,invasion,0.000184
2026-10-07,first confirmed case,1,Ingende,2026-10-14,pmf,no invasion,0.999816
2026-10-07,first confirmed case,1,Inongo,2026-10-14,pmf,invasion,0.000176
2026-10-07,first confirmed case,1,Inongo,2026-10-14,pmf,no invasion,0.999824
2026-10-07,first confirmed case,1,Ipamu,2026-10-14,pmf,invasion,0.000333
2026-10-07,first confirmed case,1,Ipamu,2026-10-14,pmf,no invasion,0.999667
2026-10-07,first confirmed case,1,Irebu,2026-10-14,pmf,invasion,0.000107
2026-10-07,first confirmed case,1,Irebu,2026-10-14,pmf,no invasion,0.999893
2026-10-07,first confirmed case,1,Isangi,2026-10-14,pmf,invasion,0.006834
2026-10-07,first confirmed case,1,Isangi,2026-10-14,pmf,no invasion,0.993166
2026-10-07,first confirmed case,1,Itebero,2026-10-14,pmf,invasion,0.001318
2026-10-07,first confirmed case,1,Itebero,2026-10-14,pmf,no invasion,0.998682
2026-10-07,first confirmed case,1,Itombwe,2026-10-14,pmf,invasion,0.000419
2026-10-07,first confirmed case,1,Itombwe,2026-10-14,pmf,no invasion,0.999581
2026-10-07,first confirmed case,1,Jiba,2026-10-14,pmf,invasion,0.070368
2026-10-07,first confirmed case,1,Jiba,2026-10-14,pmf,no invasion,0.929632
2026-10-07,first confirmed case,1,Kabalo,2026-10-14,pmf,invasion,0.001289
2026-10-07,first confirmed case,1,Kabalo,2026-10-14,pmf,no invasion,0.998711
2026-10-07,first confirmed case,1,Kabambare,2026-10-14,pmf,invasion,0.000638
2026-10-07,first confirmed case,1,Kabambare,2026-10-14,pmf,no invasion,0.999362
2026-10-07,first confirmed case,1,Kabare,2026-10-14,pmf,invasion,0.002464
2026-10-07,first confirmed case,1,Kabare,2026-10-14,pmf,no invasion,0.997536
2026-10-07,first confirmed case,1,Kabeya Kamwanga,2026-10-14,pmf,invasion,0.000575
2026-10-07,first confirmed case,1,Kabeya Kamwanga,2026-10-14,pmf,no invasion,0.999425
2026-10-07,first confirmed case,1,Kabinda,2026-10-14,pmf,invasion,0.001598
2026-10-07,first confirmed case,1,Kabinda,2026-10-14,pmf,no invasion,0.998402
2026-10-07,first confirmed case,1,Kabondo Dianda,2026-10-14,pmf,invasion,0.000277
2026-10-07,first confirmed case,1,Kabondo Dianda,2026-10-14,pmf,no invasion,0.999723
2026-10-07,first confirmed case,1,Kabongo,2026-10-14,pmf,invasion,0.000738
2026-10-07,first confirmed case,1,Kabongo,2026-10-14,pmf,no invasion,0.999262
2026-10-07,first confirmed case,1,Kadutu,2026-10-14,pmf,invasion,0.006164
2026-10-07,first confirmed case,1,Kadutu,2026-10-14,pmf,no invasion,0.993836
2026-10-07,first confirmed case,1,Kafakumba,2026-10-14,pmf,invasion,0.000464
2026-10-07,first confirmed case,1,Kafakumba,2026-10-14,pmf,no invasion,0.999536
2026-10-07,first confirmed case,1,Kafubu,2026-10-14,pmf,invasion,0.000104
2026-10-07,first confirmed case,1,Kafubu,2026-10-14,pmf,no invasion,0.999896
2026-10-07,first confirmed case,1,Kahemba,2026-10-14,pmf,invasion,0.000138
2026-10-07,first confirmed case,1,Kahemba,2026-10-14,pmf,no invasion,0.999862
2026-10-07,first confirmed case,1,Kailo,2026-10-14,pmf,invasion,0.001325
2026-10-07,first confirmed case,1,Kailo,2026-10-14,pmf,no invasion,0.998675
2026-10-07,first confirmed case,1,Kajiji,2026-10-14,pmf,invasion,5.4e-05
2026-10-07,first confirmed case,1,Kajiji,2026-10-14,pmf,no invasion,0.999946
2026-10-07,first confirmed case,1,Kakenge,2026-10-14,pmf,invasion,0.000271
2026-10-07,first confirmed case,1,Kakenge,2026-10-14,pmf,no invasion,0.999729
2026-10-07,first confirmed case,1,Kalamba,2026-10-14,pmf,invasion,0.000184
2026-10-07,first confirmed case,1,Kalamba,2026-10-14,pmf,no invasion,0.999816
2026-10-07,first confirmed case,1,Kalambayi Kabanga,2026-10-14,pmf,invasion,0.000473
2026-10-07,first confirmed case,1,Kalambayi Kabanga,2026-10-14,pmf,no invasion,0.999527
2026-10-07,first confirmed case,1,Kalamu 1,2026-10-14,pmf,invasion,0.000308
2026-10-07,first confirmed case,1,Kalamu 1,2026-10-14,pmf,no invasion,0.999692
2026-10-07,first confirmed case,1,Kalamu 2,2026-10-14,pmf,invasion,7e-05
2026-10-07,first confirmed case,1,Kalamu 2,2026-10-14,pmf,no invasion,0.99993
2026-10-07,first confirmed case,1,Kalehe,2026-10-14,pmf,invasion,0.00155
2026-10-07,first confirmed case,1,Kalehe,2026-10-14,pmf,no invasion,0.99845
2026-10-07,first confirmed case,1,Kalemie,2026-10-14,pmf,invasion,0.001375
2026-10-07,first confirmed case,1,Kalemie,2026-10-14,pmf,no invasion,0.998625
2026-10-07,first confirmed case,1,Kalenda,2026-10-14,pmf,invasion,0.000471
2026-10-07,first confirmed case,1,Kalenda,2026-10-14,pmf,no invasion,0.999529
2026-10-07,first confirmed case,1,Kalima,2026-10-14,pmf,invasion,0.001856
2026-10-07,first confirmed case,1,Kalima,2026-10-14,pmf,no invasion,0.998144
2026-10-07,first confirmed case,1,Kalole,2026-10-14,pmf,invasion,0.001394
2026-10-07,first confirmed case,1,Kalole,2026-10-14,pmf,no invasion,0.998606
2026-10-07,first confirmed case,1,Kalomba,2026-10-14,pmf,invasion,0.000472
2026-10-07,first confirmed case,1,Kalomba,2026-10-14,pmf,no invasion,0.999528
2026-10-07,first confirmed case,1,Kalonda Est,2026-10-14,pmf,invasion,0.000372
2026-10-07,first confirmed case,1,Kalonda Est,2026-10-14,pmf,no invasion,0.999628
2026-10-07,first confirmed case,1,Kalonda Ouest,2026-10-14,pmf,invasion,0.000357
2026-10-07,first confirmed case,1,Kalonda Ouest,2026-10-14,pmf,no invasion,0.999643
2026-10-07,first confirmed case,1,Kalonge,2026-10-14,pmf,invasion,0.000907
2026-10-07,first confirmed case,1,Kalonge,2026-10-14,pmf,no invasion,0.999093
2026-10-07,first confirmed case,1,Kamalondo,2026-10-14,pmf,invasion,0.000103
2026-10-07,first confirmed case,1,Kamalondo,2026-10-14,pmf,no invasion,0.999897
2026-10-07,first confirmed case,1,Kamana,2026-10-14,pmf,invasion,0.000509
2026-10-07,first confirmed case,1,Kamana,2026-10-14,pmf,no invasion,0.999491
2026-10-07,first confirmed case,1,Kamango,2026-10-14,pmf,invasion,0.009408
2026-10-07,first confirmed case,1,Kamango,2026-10-14,pmf,no invasion,0.990592
2026-10-07,first confirmed case,1,Kambove,2026-10-14,pmf,invasion,0.000116
2026-10-07,first confirmed case,1,Kambove,2026-10-14,pmf,no invasion,0.999884
2026-10-07,first confirmed case,1,Kamiji,2026-10-14,pmf,invasion,0.000668
2026-10-07,first confirmed case,1,Kamiji,2026-10-14,pmf,no invasion,0.999332
2026-10-07,first confirmed case,1,Kamina,2026-10-14,pmf,invasion,0.000454
2026-10-07,first confirmed case,1,Kamina,2026-10-14,pmf,no invasion,0.999546
2026-10-07,first confirmed case,1,Kamituga,2026-10-14,pmf,invasion,0.001081
2026-10-07,first confirmed case,1,Kamituga,2026-10-14,pmf,no invasion,0.998919
2026-10-07,first confirmed case,1,Kamonia,2026-10-14,pmf,invasion,3.5e-05
2026-10-07,first confirmed case,1,Kamonia,2026-10-14,pmf,no invasion,0.999965
2026-10-07,first confirmed case,1,Kampemba,2026-10-14,pmf,invasion,0.000182
2026-10-07,first confirmed case,1,Kampemba,2026-10-14,pmf,no invasion,0.999818
2026-10-07,first confirmed case,1,Kampene,2026-10-14,pmf,invasion,0.001425
2026-10-07,first confirmed case,1,Kampene,2026-10-14,pmf,no invasion,0.998575
2026-10-07,first confirmed case,1,Kamwesha,2026-10-14,pmf,invasion,0.000467
2026-10-07,first confirmed case,1,Kamwesha,2026-10-14,pmf,no invasion,0.999533
2026-10-07,first confirmed case,1,Kananga,2026-10-14,pmf,invasion,0.000874
2026-10-07,first confirmed case,1,Kananga,2026-10-14,pmf,no invasion,0.999126
2026-10-07,first confirmed case,1,Kanda Kanda,2026-10-14,pmf,invasion,0.000588
2026-10-07,first confirmed case,1,Kanda Kanda,2026-10-14,pmf,no invasion,0.999412
2026-10-07,first confirmed case,1,Kangu,2026-10-14,pmf,invasion,3.4e-05
2026-10-07,first confirmed case,1,Kangu,2026-10-14,pmf,no invasion,0.999966
2026-10-07,first confirmed case,1,Kaniama,2026-10-14,pmf,invasion,0.000693
2026-10-07,first confirmed case,1,Kaniama,2026-10-14,pmf,no invasion,0.999307
2026-10-07,first confirmed case,1,Kaniola,2026-10-14,pmf,invasion,0.001476
2026-10-07,first confirmed case,1,Kaniola,2026-10-14,pmf,no invasion,0.998524
2026-10-07,first confirmed case,1,Kansele,2026-10-14,pmf,invasion,0.000274
2026-10-07,first confirmed case,1,Kansele,2026-10-14,pmf,no invasion,0.999726
2026-10-07,first confirmed case,1,Kansimba,2026-10-14,pmf,invasion,0.000446
2026-10-07,first confirmed case,1,Kansimba,2026-10-14,pmf,no invasion,0.999554
2026-10-07,first confirmed case,1,Kanzala,2026-10-14,pmf,invasion,0.000426
2026-10-07,first confirmed case,1,Kanzala,2026-10-14,pmf,no invasion,0.999574
2026-10-07,first confirmed case,1,Kanzenze,2026-10-14,pmf,invasion,5.7e-05
2026-10-07,first confirmed case,1,Kanzenze,2026-10-14,pmf,no invasion,0.999943
2026-10-07,first confirmed case,1,Kapanga,2026-10-14,pmf,invasion,0.000167
2026-10-07,first confirmed case,1,Kapanga,2026-10-14,pmf,no invasion,0.999833
2026-10-07,first confirmed case,1,Kapolowe,2026-10-14,pmf,invasion,0.000121
2026-10-07,first confirmed case,1,Kapolowe,2026-10-14,pmf,no invasion,0.999879
2026-10-07,first confirmed case,1,Karawa,2026-10-14,pmf,invasion,0.000591
2026-10-07,first confirmed case,1,Karawa,2026-10-14,pmf,no invasion,0.999409
2026-10-07,first confirmed case,1,Karisimbi,2026-10-14,pmf,invasion,0.004244
2026-10-07,first confirmed case,1,Karisimbi,2026-10-14,pmf,no invasion,0.995756
2026-10-07,first confirmed case,1,Kasa Vubu,2026-10-14,pmf,invasion,0.000328
2026-10-07,first confirmed case,1,Kasa Vubu,2026-10-14,pmf,no invasion,0.999672
2026-10-07,first confirmed case,1,Kasaji,2026-10-14,pmf,invasion,0.000228
2026-10-07,first confirmed case,1,Kasaji,2026-10-14,pmf,no invasion,0.999772
2026-10-07,first confirmed case,1,Kasansa,2026-10-14,pmf,invasion,0.000705
2026-10-07,first confirmed case,1,Kasansa,2026-10-14,pmf,no invasion,0.999295
2026-10-07,first confirmed case,1,Kasenga,2026-10-14,pmf,invasion,5.1e-05
2026-10-07,first confirmed case,1,Kasenga,2026-10-14,pmf,no invasion,0.999949
2026-10-07,first confirmed case,1,Kashobwe,2026-10-14,pmf,invasion,2.2e-05
2026-10-07,first confirmed case,1,Kashobwe,2026-10-14,pmf,no invasion,0.999978
2026-10-07,first confirmed case,1,Kasongo,2026-10-14,pmf,invasion,0.002898
2026-10-07,first confirmed case,1,Kasongo,2026-10-14,pmf,no invasion,0.997102
2026-10-07,first confirmed case,1,Kasongo Lunda,2026-10-14,pmf,invasion,3.1e-05
2026-10-07,first confirmed case,1,Kasongo Lunda,2026-10-14,pmf,no invasion,0.999969
2026-10-07,first confirmed case,1,Katako Kombe,2026-10-14,pmf,invasion,0.000562
2026-10-07,first confirmed case,1,Katako Kombe,2026-10-14,pmf,no invasion,0.999438
2026-10-07,first confirmed case,1,Katana,2026-10-14,pmf,invasion,0.002248
2026-10-07,first confirmed case,1,Katana,2026-10-14,pmf,no invasion,0.997752
2026-10-07,first confirmed case,1,Katende,2026-10-14,pmf,invasion,0.000421
2026-10-07,first confirmed case,1,Katende,2026-10-14,pmf,no invasion,0.999579
2026-10-07,first confirmed case,1,Katoka,2026-10-14,pmf,invasion,0.000454
2026-10-07,first confirmed case,1,Katoka,2026-10-14,pmf,no invasion,0.999546
2026-10-07,first confirmed case,1,Katoyi,2026-10-14,pmf,invasion,0.004662
2026-10-07,first confirmed case,1,Katoyi,2026-10-14,pmf,no invasion,0.995338
2026-10-07,first confirmed case,1,Katuba,2026-10-14,pmf,invasion,2.5e-05
2026-10-07,first confirmed case,1,Katuba,2026-10-14,pmf,no invasion,0.999975
2026-10-07,first confirmed case,1,Kayamba,2026-10-14,pmf,invasion,0.000174
2026-10-07,first confirmed case,1,Kayamba,2026-10-14,pmf,no invasion,0.999826
2026-10-07,first confirmed case,1,Kaziba,2026-10-14,pmf,invasion,0.000885
2026-10-07,first confirmed case,1,Kaziba,2026-10-14,pmf,no invasion,0.999115
2026-10-07,first confirmed case,1,Kenge,2026-10-14,pmf,invasion,0.00061
2026-10-07,first confirmed case,1,Kenge,2026-10-14,pmf,no invasion,0.99939
2026-10-07,first confirmed case,1,Kenya,2026-10-14,pmf,invasion,0.000154
2026-10-07,first confirmed case,1,Kenya,2026-10-14,pmf,no invasion,0.999846
2026-10-07,first confirmed case,1,Kiambi,2026-10-14,pmf,invasion,0.000457
2026-10-07,first confirmed case,1,Kiambi,2026-10-14,pmf,no invasion,0.999543
2026-10-07,first confirmed case,1,Kibirizi,2026-10-14,pmf,invasion,0.023216
2026-10-07,first confirmed case,1,Kibirizi,2026-10-14,pmf,no invasion,0.976784
2026-10-07,first confirmed case,1,Kibombo,2026-10-14,pmf,invasion,0.0007
2026-10-07,first confirmed case,1,Kibombo,2026-10-14,pmf,no invasion,0.9993
2026-10-07,first confirmed case,1,Kibua,2026-10-14,pmf,invasion,0.002662
2026-10-07,first confirmed case,1,Kibua,2026-10-14,pmf,no invasion,0.997338
2026-10-07,first confirmed case,1,Kibunzi,2026-10-14,pmf,invasion,2.6e-05
2026-10-07,first confirmed case,1,Kibunzi,2026-10-14,pmf,no invasion,0.999974
2026-10-07,first confirmed case,1,Kikimi,2026-10-14,pmf,invasion,0.000198
2026-10-07,first confirmed case,1,Kikimi,2026-10-14,pmf,no invasion,0.999802
2026-10-07,first confirmed case,1,Kikongo,2026-10-14,pmf,invasion,0.000192
2026-10-07,first confirmed case,1,Kikongo,2026-10-14,pmf,no invasion,0.999808
2026-10-07,first confirmed case,1,Kikula,2026-10-14,pmf,invasion,5.5e-05
2026-10-07,first confirmed case,1,Kikula,2026-10-14,pmf,no invasion,0.999945
2026-10-07,first confirmed case,1,Kikwit Nord,2026-10-14,pmf,invasion,0.000512
2026-10-07,first confirmed case,1,Kikwit Nord,2026-10-14,pmf,no invasion,0.999488
2026-10-07,first confirmed case,1,Kikwit Sud,2026-10-14,pmf,invasion,0.000332
2026-10-07,first confirmed case,1,Kikwit Sud,2026-10-14,pmf,no invasion,0.999668
2026-10-07,first confirmed case,1,Kilela Balanda,2026-10-14,pmf,invasion,2.4e-05
2026-10-07,first confirmed case,1,Kilela Balanda,2026-10-14,pmf,no invasion,0.999976
2026-10-07,first confirmed case,1,Kilwa,2026-10-14,pmf,invasion,0.000186
2026-10-07,first confirmed case,1,Kilwa,2026-10-14,pmf,no invasion,0.999814
2026-10-07,first confirmed case,1,Kimbanseke,2026-10-14,pmf,invasion,4e-05
2026-10-07,first confirmed case,1,Kimbanseke,2026-10-14,pmf,no invasion,0.99996
2026-10-07,first confirmed case,1,Kimbao,2026-10-14,pmf,invasion,0.000165
2026-10-07,first confirmed case,1,Kimbao,2026-10-14,pmf,no invasion,0.999835
2026-10-07,first confirmed case,1,Kimbi Lulenge,2026-10-14,pmf,invasion,0.001348
2026-10-07,first confirmed case,1,Kimbi Lulenge,2026-10-14,pmf,no invasion,0.998652
2026-10-07,first confirmed case,1,Kimpangu,2026-10-14,pmf,invasion,2e-05
2026-10-07,first confirmed case,1,Kimpangu,2026-10-14,pmf,no invasion,0.99998
2026-10-07,first confirmed case,1,Kimpese,2026-10-14,pmf,invasion,0.000122
2026-10-07,first confirmed case,1,Kimpese,2026-10-14,pmf,no invasion,0.999878
2026-10-07,first confirmed case,1,Kimputu,2026-10-14,pmf,invasion,0.000648
2026-10-07,first confirmed case,1,Kimputu,2026-10-14,pmf,no invasion,0.999352
2026-10-07,first confirmed case,1,Kimvula,2026-10-14,pmf,invasion,0.000233
2026-10-07,first confirmed case,1,Kimvula,2026-10-14,pmf,no invasion,0.999767
2026-10-07,first confirmed case,1,Kinda,2026-10-14,pmf,invasion,8.2e-05
2026-10-07,first confirmed case,1,Kinda,2026-10-14,pmf,no invasion,0.999918
2026-10-07,first confirmed case,1,Kindu,2026-10-14,pmf,invasion,0.00966
2026-10-07,first confirmed case,1,Kindu,2026-10-14,pmf,no invasion,0.99034
2026-10-07,first confirmed case,1,Kingabwa,2026-10-14,pmf,invasion,0.000173
2026-10-07,first confirmed case,1,Kingabwa,2026-10-14,pmf,no invasion,0.999827
2026-10-07,first confirmed case,1,Kingandu,2026-10-14,pmf,invasion,0.000122
2026-10-07,first confirmed case,1,Kingandu,2026-10-14,pmf,no invasion,0.999878
2026-10-07,first confirmed case,1,Kingasani,2026-10-14,pmf,invasion,0.0001
2026-10-07,first confirmed case,1,Kingasani,2026-10-14,pmf,no invasion,0.9999
2026-10-07,first confirmed case,1,Kinkondja,2026-10-14,pmf,invasion,0.000237
2026-10-07,first confirmed case,1,Kinkondja,2026-10-14,pmf,no invasion,0.999763
2026-10-07,first confirmed case,1,Kinkonzi,2026-10-14,pmf,invasion,1.9e-05
2026-10-07,first confirmed case,1,Kinkonzi,2026-10-14,pmf,no invasion,0.999981
2026-10-07,first confirmed case,1,Kinshasa,2026-10-14,pmf,invasion,0.000367
2026-10-07,first confirmed case,1,Kinshasa,2026-10-14,pmf,no invasion,0.999633
2026-10-07,first confirmed case,1,Kintambo,2026-10-14,pmf,invasion,0.000327
2026-10-07,first confirmed case,1,Kintambo,2026-10-14,pmf,no invasion,0.999673
2026-10-07,first confirmed case,1,Kipushi,2026-10-14,pmf,invasion,0.0001
2026-10-07,first confirmed case,1,Kipushi,2026-10-14,pmf,no invasion,0.9999
2026-10-07,first confirmed case,1,Kiri,2026-10-14,pmf,invasion,0.0001
2026-10-07,first confirmed case,1,Kiri,2026-10-14,pmf,no invasion,0.9999
2026-10-07,first confirmed case,1,Kirotshe,2026-10-14,pmf,invasion,0.007344
2026-10-07,first confirmed case,1,Kirotshe,2026-10-14,pmf,no invasion,0.992656
2026-10-07,first confirmed case,1,Kisanga,2026-10-14,pmf,invasion,8.7e-05
2026-10-07,first confirmed case,1,Kisanga,2026-10-14,pmf,no invasion,0.999913
2026-10-07,first confirmed case,1,Kisanji,2026-10-14,pmf,invasion,0.000108
2026-10-07,first confirmed case,1,Kisanji,2026-10-14,pmf,no invasion,0.999892
2026-10-07,first confirmed case,1,Kisantu,2026-10-14,pmf,invasion,0.000117
2026-10-07,first confirmed case,1,Kisantu,2026-10-14,pmf,no invasion,0.999883
2026-10-07,first confirmed case,1,Kisenso,2026-10-14,pmf,invasion,8.7e-05
2026-10-07,first confirmed case,1,Kisenso,2026-10-14,pmf,no invasion,0.999913
2026-10-07,first confirmed case,1,Kitangwa,2026-10-14,pmf,invasion,0.000568
2026-10-07,first confirmed case,1,Kitangwa,2026-10-14,pmf,no invasion,0.999432
2026-10-07,first confirmed case,1,Kitenda,2026-10-14,pmf,invasion,4.6e-05
2026-10-07,first confirmed case,1,Kitenda,2026-10-14,pmf,no invasion,0.999954
2026-10-07,first confirmed case,1,Kitenge,2026-10-14,pmf,invasion,0.000649
2026-10-07,first confirmed case,1,Kitenge,2026-10-14,pmf,no invasion,0.999351
2026-10-07,first confirmed case,1,Kitona,2026-10-14,pmf,invasion,2e-06
2026-10-07,first confirmed case,1,Kitona,2026-10-14,pmf,no invasion,0.999998
2026-10-07,first confirmed case,1,Kitutu,2026-10-14,pmf,invasion,0.000998
2026-10-07,first confirmed case,1,Kitutu,2026-10-14,pmf,no invasion,0.999002
2026-10-07,first confirmed case,1,Kizu,2026-10-14,pmf,invasion,1e-05
2026-10-07,first confirmed case,1,Kizu,2026-10-14,pmf,no invasion,0.99999
2026-10-07,first confirmed case,1,Kokolo,2026-10-14,pmf,invasion,0.000435
2026-10-07,first confirmed case,1,Kokolo,2026-10-14,pmf,no invasion,0.999565
2026-10-07,first confirmed case,1,Kole,2026-10-14,pmf,invasion,0.000275
2026-10-07,first confirmed case,1,Kole,2026-10-14,pmf,no invasion,0.999725
2026-10-07,first confirmed case,1,Kongolo,2026-10-14,pmf,invasion,0.001807
2026-10-07,first confirmed case,1,Kongolo,2026-10-14,pmf,no invasion,0.998193
2026-10-07,first confirmed case,1,Koshibanda,2026-10-14,pmf,invasion,0.000398
2026-10-07,first confirmed case,1,Koshibanda,2026-10-14,pmf,no invasion,0.999602
2026-10-07,first confirmed case,1,Kowe,2026-10-14,pmf,invasion,1.3e-05
2026-10-07,first confirmed case,1,Kowe,2026-10-14,pmf,no invasion,0.999987
2026-10-07,first confirmed case,1,Kuimba,2026-10-14,pmf,invasion,3e-06
2026-10-07,first confirmed case,1,Kuimba,2026-10-14,pmf,no invasion,0.999997
2026-10-07,first confirmed case,1,Kunda,2026-10-14,pmf,invasion,0.001966
2026-10-07,first confirmed case,1,Kunda,2026-10-14,pmf,no invasion,0.998034
2026-10-07,first confirmed case,1,Kungu,2026-10-14,pmf,invasion,0.000357
2026-10-07,first confirmed case,1,Kungu,2026-10-14,pmf,no invasion,0.999643
2026-10-07,first confirmed case,1,Kwamouth,2026-10-14,pmf,invasion,0.000109
2026-10-07,first confirmed case,1,Kwamouth,2026-10-14,pmf,no invasion,0.999891
2026-10-07,first confirmed case,1,Kwilu Ngongo,2026-10-14,pmf,invasion,9.3e-05
2026-10-07,first confirmed case,1,Kwilu Ngongo,2026-10-14,pmf,no invasion,0.999907
2026-10-07,first confirmed case,1,Laybo,2026-10-14,pmf,invasion,0.007889
2026-10-07,first confirmed case,1,Laybo,2026-10-14,pmf,no invasion,0.992111
2026-10-07,first confirmed case,1,Lemba,2026-10-14,pmf,invasion,0.000478
2026-10-07,first confirmed case,1,Lemba,2026-10-14,pmf,no invasion,0.999522
2026-10-07,first confirmed case,1,Lemera,2026-10-14,pmf,invasion,0.004451
2026-10-07,first confirmed case,1,Lemera,2026-10-14,pmf,no invasion,0.995549
2026-10-07,first confirmed case,1,Libenge,2026-10-14,pmf,invasion,0.000268
2026-10-07,first confirmed case,1,Libenge,2026-10-14,pmf,no invasion,0.999732
2026-10-07,first confirmed case,1,Likasi,2026-10-14,pmf,invasion,8.5e-05
2026-10-07,first confirmed case,1,Likasi,2026-10-14,pmf,no invasion,0.999915
2026-10-07,first confirmed case,1,Likati,2026-10-14,pmf,invasion,0.001361
2026-10-07,first confirmed case,1,Likati,2026-10-14,pmf,no invasion,0.998639
2026-10-07,first confirmed case,1,Lilanga Bobangi,2026-10-14,pmf,invasion,1.3e-05
2026-10-07,first confirmed case,1,Lilanga Bobangi,2026-10-14,pmf,no invasion,0.999987
2026-10-07,first confirmed case,1,Limete,2026-10-14,pmf,invasion,0.000666
2026-10-07,first confirmed case,1,Limete,2026-10-14,pmf,no invasion,0.999334
2026-10-07,first confirmed case,1,Linga,2026-10-14,pmf,invasion,0.057657
2026-10-07,first confirmed case,1,Linga,2026-10-14,pmf,no invasion,0.942343
2026-10-07,first confirmed case,1,Lingomo,2026-10-14,pmf,invasion,0.000789
2026-10-07,first confirmed case,1,Lingomo,2026-10-14,pmf,no invasion,0.999211
2026-10-07,first confirmed case,1,Lingwala,2026-10-14,pmf,invasion,0.000464
2026-10-07,first confirmed case,1,Lingwala,2026-10-14,pmf,no invasion,0.999536
2026-10-07,first confirmed case,1,Lisala,2026-10-14,pmf,invasion,0.002344
2026-10-07,first confirmed case,1,Lisala,2026-10-14,pmf,no invasion,0.997656
2026-10-07,first confirmed case,1,Lodja,2026-10-14,pmf,invasion,0.001492
2026-10-07,first confirmed case,1,Lodja,2026-10-14,pmf,no invasion,0.998508
2026-10-07,first confirmed case,1,Loko,2026-10-14,pmf,invasion,0.000286
2026-10-07,first confirmed case,1,Loko,2026-10-14,pmf,no invasion,0.999714
2026-10-07,first confirmed case,1,Lolo,2026-10-14,pmf,invasion,0.010131
2026-10-07,first confirmed case,1,Lolo,2026-10-14,pmf,no invasion,0.989869
2026-10-07,first confirmed case,1,Lomela,2026-10-14,pmf,invasion,0.000467
2026-10-07,first confirmed case,1,Lomela,2026-10-14,pmf,no invasion,0.999533
2026-10-07,first confirmed case,1,Lotumbe,2026-10-14,pmf,invasion,0.000111
2026-10-07,first confirmed case,1,Lotumbe,2026-10-14,pmf,no invasion,0.999889
2026-10-07,first confirmed case,1,Lowa,2026-10-14,pmf,invasion,0.001756
2026-10-07,first confirmed case,1,Lowa,2026-10-14,pmf,no invasion,0.998244
2026-10-07,first confirmed case,1,Lualaba,2026-10-14,pmf,invasion,0.000241
2026-10-07,first confirmed case,1,Lualaba,2026-10-14,pmf,no invasion,0.999759
2026-10-07,first confirmed case,1,Luambo,2026-10-14,pmf,invasion,0.00024
2026-10-07,first confirmed case,1,Luambo,2026-10-14,pmf,no invasion,0.99976
2026-10-07,first confirmed case,1,Lubao,2026-10-14,pmf,invasion,0.002601
2026-10-07,first confirmed case,1,Lubao,2026-10-14,pmf,no invasion,0.997399
2026-10-07,first confirmed case,1,Lubilanji,2026-10-14,pmf,invasion,0.000251
2026-10-07,first confirmed case,1,Lubilanji,2026-10-14,pmf,no invasion,0.999749
2026-10-07,first confirmed case,1,Lubondaie,2026-10-14,pmf,invasion,0.000725
2026-10-07,first confirmed case,1,Lubondaie,2026-10-14,pmf,no invasion,0.999275
2026-10-07,first confirmed case,1,Lubudi,2026-10-14,pmf,invasion,0.000145
2026-10-07,first confirmed case,1,Lubudi,2026-10-14,pmf,no invasion,0.999855
2026-10-07,first confirmed case,1,Lubumbashi,2026-10-14,pmf,invasion,0.000737
2026-10-07,first confirmed case,1,Lubumbashi,2026-10-14,pmf,no invasion,0.999263
2026-10-07,first confirmed case,1,Lubunga (Kasaï-Central),2026-10-14,pmf,invasion,0.000813
2026-10-07,first confirmed case,1,Lubunga (Kasaï-Central),2026-10-14,pmf,no invasion,0.999187
2026-10-07,first confirmed case,1,Lubutu,2026-10-14,pmf,invasion,0.004975
2026-10-07,first confirmed case,1,Lubutu,2026-10-14,pmf,no invasion,0.995025
2026-10-07,first confirmed case,1,Ludimbi Lukula,2026-10-14,pmf,invasion,0.00199
2026-10-07,first confirmed case,1,Ludimbi Lukula,2026-10-14,pmf,no invasion,0.99801
2026-10-07,first confirmed case,1,Luebo,2026-10-14,pmf,invasion,0.000562
2026-10-07,first confirmed case,1,Luebo,2026-10-14,pmf,no invasion,0.999438
2026-10-07,first confirmed case,1,Luiza,2026-10-14,pmf,invasion,0.00048
2026-10-07,first confirmed case,1,Luiza,2026-10-14,pmf,no invasion,0.99952
2026-10-07,first confirmed case,1,Lukafu,2026-10-14,pmf,invasion,8.7e-05
2026-10-07,first confirmed case,1,Lukafu,2026-10-14,pmf,no invasion,0.999913
2026-10-07,first confirmed case,1,Lukelenge,2026-10-14,pmf,invasion,0.000336
2026-10-07,first confirmed case,1,Lukelenge,2026-10-14,pmf,no invasion,0.999664
2026-10-07,first confirmed case,1,Lukolela,2026-10-14,pmf,invasion,0.0001
2026-10-07,first confirmed case,1,Lukolela,2026-10-14,pmf,no invasion,0.9999
2026-10-07,first confirmed case,1,Lukonga,2026-10-14,pmf,invasion,0.000512
2026-10-07,first confirmed case,1,Lukonga,2026-10-14,pmf,no invasion,0.999488
2026-10-07,first confirmed case,1,Lukula,2026-10-14,pmf,invasion,5.7e-05
2026-10-07,first confirmed case,1,Lukula,2026-10-14,pmf,no invasion,0.999943
2026-10-07,first confirmed case,1,Lulingu,2026-10-14,pmf,invasion,0.001796
2026-10-07,first confirmed case,1,Lulingu,2026-10-14,pmf,no invasion,0.998204
2026-10-07,first confirmed case,1,Luozi,2026-10-14,pmf,invasion,0.000225
2026-10-07,first confirmed case,1,Luozi,2026-10-14,pmf,no invasion,0.999775
2026-10-07,first confirmed case,1,Luputa,2026-10-14,pmf,invasion,0.000876
2026-10-07,first confirmed case,1,Luputa,2026-10-14,pmf,no invasion,0.999124
2026-10-07,first confirmed case,1,Lusambo,2026-10-14,pmf,invasion,0.000346
2026-10-07,first confirmed case,1,Lusambo,2026-10-14,pmf,no invasion,0.999654
2026-10-07,first confirmed case,1,Lusanga,2026-10-14,pmf,invasion,0.000518
2026-10-07,first confirmed case,1,Lusanga,2026-10-14,pmf,no invasion,0.999482
2026-10-07,first confirmed case,1,Lusangi,2026-10-14,pmf,invasion,0.000988
2026-10-07,first confirmed case,1,Lusangi,2026-10-14,pmf,no invasion,0.999012
2026-10-07,first confirmed case,1,Lwamba,2026-10-14,pmf,invasion,0.000518
2026-10-07,first confirmed case,1,Lwamba,2026-10-14,pmf,no invasion,0.999482
2026-10-07,first confirmed case,1,Makala,2026-10-14,pmf,invasion,7e-05
2026-10-07,first confirmed case,1,Makala,2026-10-14,pmf,no invasion,0.99993
2026-10-07,first confirmed case,1,Makanza,2026-10-14,pmf,invasion,0.000406
2026-10-07,first confirmed case,1,Makanza,2026-10-14,pmf,no invasion,0.999594
2026-10-07,first confirmed case,1,Makoro,2026-10-14,pmf,invasion,0.022242
2026-10-07,first confirmed case,1,Makoro,2026-10-14,pmf,no invasion,0.977758
2026-10-07,first confirmed case,1,Makota,2026-10-14,pmf,invasion,0.000347
2026-10-07,first confirmed case,1,Makota,2026-10-14,pmf,no invasion,0.999653
2026-10-07,first confirmed case,1,Malemba Nkulu,2026-10-14,pmf,invasion,0.000432
2026-10-07,first confirmed case,1,Malemba Nkulu,2026-10-14,pmf,no invasion,0.999568
2026-10-07,first confirmed case,1,Maluku 1,2026-10-14,pmf,invasion,0.000279
2026-10-07,first confirmed case,1,Maluku 1,2026-10-14,pmf,no invasion,0.999721
2026-10-07,first confirmed case,1,Maluku 2,2026-10-14,pmf,invasion,0.000243
2026-10-07,first confirmed case,1,Maluku 2,2026-10-14,pmf,no invasion,0.999757
2026-10-07,first confirmed case,1,Mampoko,2026-10-14,pmf,invasion,0.000131
2026-10-07,first confirmed case,1,Mampoko,2026-10-14,pmf,no invasion,0.999869
2026-10-07,first confirmed case,1,Mangembo,2026-10-14,pmf,invasion,9.9e-05
2026-10-07,first confirmed case,1,Mangembo,2026-10-14,pmf,no invasion,0.999901
2026-10-07,first confirmed case,1,Manika,2026-10-14,pmf,invasion,0.000319
2026-10-07,first confirmed case,1,Manika,2026-10-14,pmf,no invasion,0.999681
2026-10-07,first confirmed case,1,Manono,2026-10-14,pmf,invasion,0.000715
2026-10-07,first confirmed case,1,Manono,2026-10-14,pmf,no invasion,0.999285
2026-10-07,first confirmed case,1,Masi Manimba,2026-10-14,pmf,invasion,0.000358
2026-10-07,first confirmed case,1,Masi Manimba,2026-10-14,pmf,no invasion,0.999642
2026-10-07,first confirmed case,1,Masina 1,2026-10-14,pmf,invasion,0.00029
2026-10-07,first confirmed case,1,Masina 1,2026-10-14,pmf,no invasion,0.99971
2026-10-07,first confirmed case,1,Masina 2,2026-10-14,pmf,invasion,0.000166
2026-10-07,first confirmed case,1,Masina 2,2026-10-14,pmf,no invasion,0.999834
2026-10-07,first confirmed case,1,Masisi,2026-10-14,pmf,invasion,0.007279
2026-10-07,first confirmed case,1,Masisi,2026-10-14,pmf,no invasion,0.992721
2026-10-07,first confirmed case,1,Massa,2026-10-14,pmf,invasion,6e-05
2026-10-07,first confirmed case,1,Massa,2026-10-14,pmf,no invasion,0.99994
2026-10-07,first confirmed case,1,Masuika,2026-10-14,pmf,invasion,0.001536
2026-10-07,first confirmed case,1,Masuika,2026-10-14,pmf,no invasion,0.998464
2026-10-07,first confirmed case,1,Matadi,2026-10-14,pmf,invasion,8.7e-05
2026-10-07,first confirmed case,1,Matadi,2026-10-14,pmf,no invasion,0.999913
2026-10-07,first confirmed case,1,Matete,2026-10-14,pmf,invasion,0.000244
2026-10-07,first confirmed case,1,Matete,2026-10-14,pmf,no invasion,0.999756
2026-10-07,first confirmed case,1,Mawuya,2026-10-14,pmf,invasion,0.000259
2026-10-07,first confirmed case,1,Mawuya,2026-10-14,pmf,no invasion,0.999741
2026-10-07,first confirmed case,1,Mbandaka,2026-10-14,pmf,invasion,0.000315
2026-10-07,first confirmed case,1,Mbandaka,2026-10-14,pmf,no invasion,0.999685
2026-10-07,first confirmed case,1,Mbanza Ngungu,2026-10-14,pmf,invasion,9.9e-05
2026-10-07,first confirmed case,1,Mbanza Ngungu,2026-10-14,pmf,no invasion,0.999901
2026-10-07,first confirmed case,1,Mbaya,2026-10-14,pmf,invasion,0.005575
2026-10-07,first confirmed case,1,Mbaya,2026-10-14,pmf,no invasion,0.994425
2026-10-07,first confirmed case,1,Mbulula,2026-10-14,pmf,invasion,0.001325
2026-10-07,first confirmed case,1,Mbulula,2026-10-14,pmf,no invasion,0.998675
2026-10-07,first confirmed case,1,Miabi,2026-10-14,pmf,invasion,0.000208
2026-10-07,first confirmed case,1,Miabi,2026-10-14,pmf,no invasion,0.999792
2026-10-07,first confirmed case,1,Mikalayi,2026-10-14,pmf,invasion,0.000541
2026-10-07,first confirmed case,1,Mikalayi,2026-10-14,pmf,no invasion,0.999459
2026-10-07,first confirmed case,1,Mikope,2026-10-14,pmf,invasion,0.000221
2026-10-07,first confirmed case,1,Mikope,2026-10-14,pmf,no invasion,0.999779
2026-10-07,first confirmed case,1,Mimia,2026-10-14,pmf,invasion,8.4e-05
2026-10-07,first confirmed case,1,Mimia,2026-10-14,pmf,no invasion,0.999916
2026-10-07,first confirmed case,1,Minembwe,2026-10-14,pmf,invasion,0.002328
2026-10-07,first confirmed case,1,Minembwe,2026-10-14,pmf,no invasion,0.997672
2026-10-07,first confirmed case,1,Minga,2026-10-14,pmf,invasion,0.000466
2026-10-07,first confirmed case,1,Minga,2026-10-14,pmf,no invasion,0.999534
2026-10-07,first confirmed case,1,Minova,2026-10-14,pmf,invasion,0.003437
2026-10-07,first confirmed case,1,Minova,2026-10-14,pmf,no invasion,0.996563
2026-10-07,first confirmed case,1,Mitwaba,2026-10-14,pmf,invasion,0.000137
2026-10-07,first confirmed case,1,Mitwaba,2026-10-14,pmf,no invasion,0.999863
2026-10-07,first confirmed case,1,Moanza,2026-10-14,pmf,invasion,0.000385
2026-10-07,first confirmed case,1,Moanza,2026-10-14,pmf,no invasion,0.999615
2026-10-07,first confirmed case,1,Moba,2026-10-14,pmf,invasion,0.000611
2026-10-07,first confirmed case,1,Moba,2026-10-14,pmf,no invasion,0.999389
2026-10-07,first confirmed case,1,Mobayi Mbongo,2026-10-14,pmf,invasion,0.000199
2026-10-07,first confirmed case,1,Mobayi Mbongo,2026-10-14,pmf,no invasion,0.999801
2026-10-07,first confirmed case,1,Mokala,2026-10-14,pmf,invasion,0.000249
2026-10-07,first confirmed case,1,Mokala,2026-10-14,pmf,no invasion,0.999751
2026-10-07,first confirmed case,1,Mompono,2026-10-14,pmf,invasion,0.001164
2026-10-07,first confirmed case,1,Mompono,2026-10-14,pmf,no invasion,0.998836
2026-10-07,first confirmed case,1,Mondombe,2026-10-14,pmf,invasion,0.000576
2026-10-07,first confirmed case,1,Mondombe,2026-10-14,pmf,no invasion,0.999424
2026-10-07,first confirmed case,1,Monga,2026-10-14,pmf,invasion,0.000393
2026-10-07,first confirmed case,1,Monga,2026-10-14,pmf,no invasion,0.999607
2026-10-07,first confirmed case,1,Monieka,2026-10-14,pmf,invasion,9.9e-05
2026-10-07,first confirmed case,1,Monieka,2026-10-14,pmf,no invasion,0.999901
2026-10-07,first confirmed case,1,Monkoto,2026-10-14,pmf,invasion,0.000215
2026-10-07,first confirmed case,1,Monkoto,2026-10-14,pmf,no invasion,0.999785
2026-10-07,first confirmed case,1,Mont Ngafula 1,2026-10-14,pmf,invasion,0.000273
2026-10-07,first confirmed case,1,Mont Ngafula 1,2026-10-14,pmf,no invasion,0.999727
2026-10-07,first confirmed case,1,Mont Ngafula 2,2026-10-14,pmf,invasion,0.000203
2026-10-07,first confirmed case,1,Mont Ngafula 2,2026-10-14,pmf,no invasion,0.999797
2026-10-07,first confirmed case,1,Mosango,2026-10-14,pmf,invasion,0.000305
2026-10-07,first confirmed case,1,Mosango,2026-10-14,pmf,no invasion,0.999695
2026-10-07,first confirmed case,1,Mpokolo,2026-10-14,pmf,invasion,0.0008
2026-10-07,first confirmed case,1,Mpokolo,2026-10-14,pmf,no invasion,0.9992
2026-10-07,first confirmed case,1,Muanda,2026-10-14,pmf,invasion,4e-06
2026-10-07,first confirmed case,1,Muanda,2026-10-14,pmf,no invasion,0.999996
2026-10-07,first confirmed case,1,Mubumbano,2026-10-14,pmf,invasion,0.001662
2026-10-07,first confirmed case,1,Mubumbano,2026-10-14,pmf,no invasion,0.998338
2026-10-07,first confirmed case,1,Muetshi,2026-10-14,pmf,invasion,0.00029
2026-10-07,first confirmed case,1,Muetshi,2026-10-14,pmf,no invasion,0.99971
2026-10-07,first confirmed case,1,Mufunga Sampwe,2026-10-14,pmf,invasion,0.000626
2026-10-07,first confirmed case,1,Mufunga Sampwe,2026-10-14,pmf,no invasion,0.999374
2026-10-07,first confirmed case,1,Mukanga,2026-10-14,pmf,invasion,0.00031
2026-10-07,first confirmed case,1,Mukanga,2026-10-14,pmf,no invasion,0.99969
2026-10-07,first confirmed case,1,Mukedi,2026-10-14,pmf,invasion,0.000472
2026-10-07,first confirmed case,1,Mukedi,2026-10-14,pmf,no invasion,0.999528
2026-10-07,first confirmed case,1,Mukumbi,2026-10-14,pmf,invasion,0.000965
2026-10-07,first confirmed case,1,Mukumbi,2026-10-14,pmf,no invasion,0.999035
2026-10-07,first confirmed case,1,Mulongo,2026-10-14,pmf,invasion,0.000302
2026-10-07,first confirmed case,1,Mulongo,2026-10-14,pmf,no invasion,0.999698
2026-10-07,first confirmed case,1,Mulumba,2026-10-14,pmf,invasion,0.000842
2026-10-07,first confirmed case,1,Mulumba,2026-10-14,pmf,no invasion,0.999158
2026-10-07,first confirmed case,1,Mulungu,2026-10-14,pmf,invasion,0.001684
2026-10-07,first confirmed case,1,Mulungu,2026-10-14,pmf,no invasion,0.998316
2026-10-07,first confirmed case,1,Mumbunda,2026-10-14,pmf,invasion,0.000543
2026-10-07,first confirmed case,1,Mumbunda,2026-10-14,pmf,no invasion,0.999457
2026-10-07,first confirmed case,1,Mungindu,2026-10-14,pmf,invasion,0.000455
2026-10-07,first confirmed case,1,Mungindu,2026-10-14,pmf,no invasion,0.999545
2026-10-07,first confirmed case,1,Mushenge,2026-10-14,pmf,invasion,0.000183
2026-10-07,first confirmed case,1,Mushenge,2026-10-14,pmf,no invasion,0.999817
2026-10-07,first confirmed case,1,Mushie,2026-10-14,pmf,invasion,0.000101
2026-10-07,first confirmed case,1,Mushie,2026-10-14,pmf,no invasion,0.999899
2026-10-07,first confirmed case,1,Mutena,2026-10-14,pmf,invasion,0.000151
2026-10-07,first confirmed case,1,Mutena,2026-10-14,pmf,no invasion,0.999849
2026-10-07,first confirmed case,1,Mutoto,2026-10-14,pmf,invasion,0.000521
2026-10-07,first confirmed case,1,Mutoto,2026-10-14,pmf,no invasion,0.999479
2026-10-07,first confirmed case,1,Mutshatsha,2026-10-14,pmf,invasion,2.5e-05
2026-10-07,first confirmed case,1,Mutshatsha,2026-10-14,pmf,no invasion,0.999975
2026-10-07,first confirmed case,1,Muya,2026-10-14,pmf,invasion,0.000261
2026-10-07,first confirmed case,1,Muya,2026-10-14,pmf,no invasion,0.999739
2026-10-07,first confirmed case,1,Mwana,2026-10-14,pmf,invasion,0.002017
2026-10-07,first confirmed case,1,Mwana,2026-10-14,pmf,no invasion,0.997983
2026-10-07,first confirmed case,1,Mweka,2026-10-14,pmf,invasion,0.000563
2026-10-07,first confirmed case,1,Mweka,2026-10-14,pmf,no invasion,0.999437
2026-10-07,first confirmed case,1,Mwela Lembwa,2026-10-14,pmf,invasion,8.6e-05
2026-10-07,first confirmed case,1,Mwela Lembwa,2026-10-14,pmf,no invasion,0.999914
2026-10-07,first confirmed case,1,Mweneditu,2026-10-14,pmf,invasion,0.000822
2026-10-07,first confirmed case,1,Mweneditu,2026-10-14,pmf,no invasion,0.999178
2026-10-07,first confirmed case,1,Mwenga,2026-10-14,pmf,invasion,0.002597
2026-10-07,first confirmed case,1,Mwenga,2026-10-14,pmf,no invasion,0.997403
2026-10-07,first confirmed case,1,Mweso,2026-10-14,pmf,invasion,0.005819
2026-10-07,first confirmed case,1,Mweso,2026-10-14,pmf,no invasion,0.994181
2026-10-07,first confirmed case,1,Ndage,2026-10-14,pmf,invasion,0.00113
2026-10-07,first confirmed case,1,Ndage,2026-10-14,pmf,no invasion,0.99887
2026-10-07,first confirmed case,1,Ndekesha,2026-10-14,pmf,invasion,0.001261
2026-10-07,first confirmed case,1,Ndekesha,2026-10-14,pmf,no invasion,0.998739
2026-10-07,first confirmed case,1,Ndesha,2026-10-14,pmf,invasion,0.000124
2026-10-07,first confirmed case,1,Ndesha,2026-10-14,pmf,no invasion,0.999876
2026-10-07,first confirmed case,1,Ndjili,2026-10-14,pmf,invasion,0.000172
2026-10-07,first confirmed case,1,Ndjili,2026-10-14,pmf,no invasion,0.999828
2026-10-07,first confirmed case,1,Ndjoko Mpunda,2026-10-14,pmf,invasion,0.000851
2026-10-07,first confirmed case,1,Ndjoko Mpunda,2026-10-14,pmf,no invasion,0.999149
2026-10-07,first confirmed case,1,Ngaba,2026-10-14,pmf,invasion,3.8e-05
2026-10-07,first confirmed case,1,Ngaba,2026-10-14,pmf,no invasion,0.999962
2026-10-07,first confirmed case,1,Ngandajika,2026-10-14,pmf,invasion,0.002185
2026-10-07,first confirmed case,1,Ngandajika,2026-10-14,pmf,no invasion,0.997815
2026-10-07,first confirmed case,1,Ngidinga,2026-10-14,pmf,invasion,6.9e-05
2026-10-07,first confirmed case,1,Ngidinga,2026-10-14,pmf,no invasion,0.999931
2026-10-07,first confirmed case,1,Ngiri Ngiri,2026-10-14,pmf,invasion,0.00011
2026-10-07,first confirmed case,1,Ngiri Ngiri,2026-10-14,pmf,no invasion,0.99989
2026-10-07,first confirmed case,1,Niangara,2026-10-14,pmf,invasion,0.047145
2026-10-07,first confirmed case,1,Niangara,2026-10-14,pmf,no invasion,0.952855
2026-10-07,first confirmed case,1,Nioki,2026-10-14,pmf,invasion,0.000115
2026-10-07,first confirmed case,1,Nioki,2026-10-14,pmf,no invasion,0.999885
2026-10-07,first confirmed case,1,Nsele,2026-10-14,pmf,invasion,0.000965
2026-10-07,first confirmed case,1,Nsele,2026-10-14,pmf,no invasion,0.999035
2026-10-07,first confirmed case,1,Nselo,2026-10-14,pmf,invasion,3.3e-05
2026-10-07,first confirmed case,1,Nselo,2026-10-14,pmf,no invasion,0.999967
2026-10-07,first confirmed case,1,Nsona Mpangu,2026-10-14,pmf,invasion,8.2e-05
2026-10-07,first confirmed case,1,Nsona Mpangu,2026-10-14,pmf,no invasion,0.999918
2026-10-07,first confirmed case,1,Ntandembelo,2026-10-14,pmf,invasion,9.6e-05
2026-10-07,first confirmed case,1,Ntandembelo,2026-10-14,pmf,no invasion,0.999904
2026-10-07,first confirmed case,1,Ntondo,2026-10-14,pmf,invasion,0.000102
2026-10-07,first confirmed case,1,Ntondo,2026-10-14,pmf,no invasion,0.999898
2026-10-07,first confirmed case,1,Nundu,2026-10-14,pmf,invasion,0.003246
2026-10-07,first confirmed case,1,Nundu,2026-10-14,pmf,no invasion,0.996754
2026-10-07,first confirmed case,1,Nyanga,2026-10-14,pmf,invasion,0.000138
2026-10-07,first confirmed case,1,Nyanga,2026-10-14,pmf,no invasion,0.999862
2026-10-07,first confirmed case,1,Nyangezi,2026-10-14,pmf,invasion,0.0022
2026-10-07,first confirmed case,1,Nyangezi,2026-10-14,pmf,no invasion,0.9978
2026-10-07,first confirmed case,1,Nyantende,2026-10-14,pmf,invasion,0.001587
2026-10-07,first confirmed case,1,Nyantende,2026-10-14,pmf,no invasion,0.998413
2026-10-07,first confirmed case,1,Nyarambe,2026-10-14,pmf,invasion,0.007988
2026-10-07,first confirmed case,1,Nyarambe,2026-10-14,pmf,no invasion,0.992012
2026-10-07,first confirmed case,1,Nyemba,2026-10-14,pmf,invasion,0.002173
2026-10-07,first confirmed case,1,Nyemba,2026-10-14,pmf,no invasion,0.997827
2026-10-07,first confirmed case,1,Nyiragongo,2026-10-14,pmf,invasion,0.00294
2026-10-07,first confirmed case,1,Nyiragongo,2026-10-14,pmf,no invasion,0.99706
2026-10-07,first confirmed case,1,Nyunzu,2026-10-14,pmf,invasion,0.001009
2026-10-07,first confirmed case,1,Nyunzu,2026-10-14,pmf,no invasion,0.998991
2026-10-07,first confirmed case,1,Nzaba,2026-10-14,pmf,invasion,0.000526
2026-10-07,first confirmed case,1,Nzaba,2026-10-14,pmf,no invasion,0.999474
2026-10-07,first confirmed case,1,Nzanza,2026-10-14,pmf,invasion,1.9e-05
2026-10-07,first confirmed case,1,Nzanza,2026-10-14,pmf,no invasion,0.999981
2026-10-07,first confirmed case,1,Obokote,2026-10-14,pmf,invasion,0.0005
2026-10-07,first confirmed case,1,Obokote,2026-10-14,pmf,no invasion,0.9995
2026-10-07,first confirmed case,1,Omendjadi,2026-10-14,pmf,invasion,0.001486
2026-10-07,first confirmed case,1,Omendjadi,2026-10-14,pmf,no invasion,0.998514
2026-10-07,first confirmed case,1,Opala,2026-10-14,pmf,invasion,0.001011
2026-10-07,first confirmed case,1,Opala,2026-10-14,pmf,no invasion,0.998989
2026-10-07,first confirmed case,1,Opienge,2026-10-14,pmf,invasion,0.003523
2026-10-07,first confirmed case,1,Opienge,2026-10-14,pmf,no invasion,0.996477
2026-10-07,first confirmed case,1,Oshwe,2026-10-14,pmf,invasion,0.000134
2026-10-07,first confirmed case,1,Oshwe,2026-10-14,pmf,no invasion,0.999866
2026-10-07,first confirmed case,1,Ototo,2026-10-14,pmf,invasion,0.000439
2026-10-07,first confirmed case,1,Ototo,2026-10-14,pmf,no invasion,0.999561
2026-10-07,first confirmed case,1,Panda,2026-10-14,pmf,invasion,6e-05
2026-10-07,first confirmed case,1,Panda,2026-10-14,pmf,no invasion,0.99994
2026-10-07,first confirmed case,1,Pangi,2026-10-14,pmf,invasion,0.000397
2026-10-07,first confirmed case,1,Pangi,2026-10-14,pmf,no invasion,0.999603
2026-10-07,first confirmed case,1,Pania Mutombo,2026-10-14,pmf,invasion,0.000217
2026-10-07,first confirmed case,1,Pania Mutombo,2026-10-14,pmf,no invasion,0.999783
2026-10-07,first confirmed case,1,Panzi,2026-10-14,pmf,invasion,0.000179
2026-10-07,first confirmed case,1,Panzi,2026-10-14,pmf,no invasion,0.999821
2026-10-07,first confirmed case,1,Pay Kongila,2026-10-14,pmf,invasion,0.000197
2026-10-07,first confirmed case,1,Pay Kongila,2026-10-14,pmf,no invasion,0.999803
2026-10-07,first confirmed case,1,Pendjwa,2026-10-14,pmf,invasion,0.000247
2026-10-07,first confirmed case,1,Pendjwa,2026-10-14,pmf,no invasion,0.999753
2026-10-07,first confirmed case,1,Pimu,2026-10-14,pmf,invasion,0.000415
2026-10-07,first confirmed case,1,Pimu,2026-10-14,pmf,no invasion,0.999585
2026-10-07,first confirmed case,1,Pinga,2026-10-14,pmf,invasion,0.004368
2026-10-07,first confirmed case,1,Pinga,2026-10-14,pmf,no invasion,0.995632
2026-10-07,first confirmed case,1,Poko,2026-10-14,pmf,invasion,0.041691
2026-10-07,first confirmed case,1,Poko,2026-10-14,pmf,no invasion,0.958309
2026-10-07,first confirmed case,1,Police,2026-10-14,pmf,invasion,0.000104
2026-10-07,first confirmed case,1,Police,2026-10-14,pmf,no invasion,0.999896
2026-10-07,first confirmed case,1,Popokabaka,2026-10-14,pmf,invasion,0.000152
2026-10-07,first confirmed case,1,Popokabaka,2026-10-14,pmf,no invasion,0.999848
2026-10-07,first confirmed case,1,Punia,2026-10-14,pmf,invasion,0.002009
2026-10-07,first confirmed case,1,Punia,2026-10-14,pmf,no invasion,0.997991
2026-10-07,first confirmed case,1,Pweto,2026-10-14,pmf,invasion,0.000186
2026-10-07,first confirmed case,1,Pweto,2026-10-14,pmf,no invasion,0.999814
2026-10-07,first confirmed case,1,Rethy,2026-10-14,pmf,invasion,0.144924
2026-10-07,first confirmed case,1,Rethy,2026-10-14,pmf,no invasion,0.855076
2026-10-07,first confirmed case,1,Ruashi,2026-10-14,pmf,invasion,0.000113
2026-10-07,first confirmed case,1,Ruashi,2026-10-14,pmf,no invasion,0.999887
2026-10-07,first confirmed case,1,Rutshuru,2026-10-14,pmf,invasion,0.007079
2026-10-07,first confirmed case,1,Rutshuru,2026-10-14,pmf,no invasion,0.992921
2026-10-07,first confirmed case,1,Ruzizi,2026-10-14,pmf,invasion,0.008236
2026-10-07,first confirmed case,1,Ruzizi,2026-10-14,pmf,no invasion,0.991764
2026-10-07,first confirmed case,1,Rwanguba,2026-10-14,pmf,invasion,0.00841
2026-10-07,first confirmed case,1,Rwanguba,2026-10-14,pmf,no invasion,0.99159
2026-10-07,first confirmed case,1,Sakania,2026-10-14,pmf,invasion,0.000124
2026-10-07,first confirmed case,1,Sakania,2026-10-14,pmf,no invasion,0.999876
2026-10-07,first confirmed case,1,Samba,2026-10-14,pmf,invasion,0.000933
2026-10-07,first confirmed case,1,Samba,2026-10-14,pmf,no invasion,0.999067
2026-10-07,first confirmed case,1,Sandoa,2026-10-14,pmf,invasion,0.000189
2026-10-07,first confirmed case,1,Sandoa,2026-10-14,pmf,no invasion,0.999811
2026-10-07,first confirmed case,1,Saramabila,2026-10-14,pmf,invasion,0.00184
2026-10-07,first confirmed case,1,Saramabila,2026-10-14,pmf,no invasion,0.99816
2026-10-07,first confirmed case,1,Seke Banza,2026-10-14,pmf,invasion,5.8e-05
2026-10-07,first confirmed case,1,Seke Banza,2026-10-14,pmf,no invasion,0.999942
2026-10-07,first confirmed case,1,Selembao,2026-10-14,pmf,invasion,0.00019
2026-10-07,first confirmed case,1,Selembao,2026-10-14,pmf,no invasion,0.99981
2026-10-07,first confirmed case,1,Shabunda,2026-10-14,pmf,invasion,0.003688
2026-10-07,first confirmed case,1,Shabunda,2026-10-14,pmf,no invasion,0.996312
2026-10-07,first confirmed case,1,Sia,2026-10-14,pmf,invasion,0.000147
2026-10-07,first confirmed case,1,Sia,2026-10-14,pmf,no invasion,0.999853
2026-10-07,first confirmed case,1,Sona Bata,2026-10-14,pmf,invasion,5e-05
2026-10-07,first confirmed case,1,Sona Bata,2026-10-14,pmf,no invasion,0.99995
2026-10-07,first confirmed case,1,Songa,2026-10-14,pmf,invasion,0.000198
2026-10-07,first confirmed case,1,Songa,2026-10-14,pmf,no invasion,0.999802
2026-10-07,first confirmed case,1,Tandala,2026-10-14,pmf,invasion,0.00076
2026-10-07,first confirmed case,1,Tandala,2026-10-14,pmf,no invasion,0.99924
2026-10-07,first confirmed case,1,Tembo,2026-10-14,pmf,invasion,9e-06
2026-10-07,first confirmed case,1,Tembo,2026-10-14,pmf,no invasion,0.999991
2026-10-07,first confirmed case,1,Titule,2026-10-14,pmf,invasion,0.002734
2026-10-07,first confirmed case,1,Titule,2026-10-14,pmf,no invasion,0.997266
2026-10-07,first confirmed case,1,Tshamilemba,2026-10-14,pmf,invasion,0.000303
2026-10-07,first confirmed case,1,Tshamilemba,2026-10-14,pmf,no invasion,0.999697
2026-10-07,first confirmed case,1,Tshela,2026-10-14,pmf,invasion,4e-06
2026-10-07,first confirmed case,1,Tshela,2026-10-14,pmf,no invasion,0.999996
2026-10-07,first confirmed case,1,Tshibala,2026-10-14,pmf,invasion,0.001048
2026-10-07,first confirmed case,1,Tshibala,2026-10-14,pmf,no invasion,0.998952
2026-10-07,first confirmed case,1,Tshikaji,2026-10-14,pmf,invasion,0.000499
2026-10-07,first confirmed case,1,Tshikaji,2026-10-14,pmf,no invasion,0.999501
2026-10-07,first confirmed case,1,Tshikapa,2026-10-14,pmf,invasion,0.000421
2026-10-07,first confirmed case,1,Tshikapa,2026-10-14,pmf,no invasion,0.999579
2026-10-07,first confirmed case,1,Tshikula,2026-10-14,pmf,invasion,0.000272
2026-10-07,first confirmed case,1,Tshikula,2026-10-14,pmf,no invasion,0.999728
2026-10-07,first confirmed case,1,Tshilenge,2026-10-14,pmf,invasion,0.000387
2026-10-07,first confirmed case,1,Tshilenge,2026-10-14,pmf,no invasion,0.999613
2026-10-07,first confirmed case,1,Tshishimbi,2026-10-14,pmf,invasion,0.000218
2026-10-07,first confirmed case,1,Tshishimbi,2026-10-14,pmf,no invasion,0.999782
2026-10-07,first confirmed case,1,Tshofa,2026-10-14,pmf,invasion,0.002136
2026-10-07,first confirmed case,1,Tshofa,2026-10-14,pmf,no invasion,0.997864
2026-10-07,first confirmed case,1,Tshudi Loto,2026-10-14,pmf,invasion,0.000391
2026-10-07,first confirmed case,1,Tshudi Loto,2026-10-14,pmf,no invasion,0.999609
2026-10-07,first confirmed case,1,Tshumbe,2026-10-14,pmf,invasion,0.000493
2026-10-07,first confirmed case,1,Tshumbe,2026-10-14,pmf,no invasion,0.999507
2026-10-07,first confirmed case,1,Tunda,2026-10-14,pmf,invasion,0.000363
2026-10-07,first confirmed case,1,Tunda,2026-10-14,pmf,no invasion,0.999637
2026-10-07,first confirmed case,1,Ubundu,2026-10-14,pmf,invasion,0.002563
2026-10-07,first confirmed case,1,Ubundu,2026-10-14,pmf,no invasion,0.997437
2026-10-07,first confirmed case,1,Uvira,2026-10-14,pmf,invasion,0.013516
2026-10-07,first confirmed case,1,Uvira,2026-10-14,pmf,no invasion,0.986484
2026-10-07,first confirmed case,1,Vaku,2026-10-14,pmf,invasion,3.2e-05
2026-10-07,first confirmed case,1,Vaku,2026-10-14,pmf,no invasion,0.999968
2026-10-07,first confirmed case,1,Vanga,2026-10-14,pmf,invasion,0.000449
2026-10-07,first confirmed case,1,Vanga,2026-10-14,pmf,no invasion,0.999551
2026-10-07,first confirmed case,1,Vanga Kete,2026-10-14,pmf,invasion,0.000523
2026-10-07,first confirmed case,1,Vanga Kete,2026-10-14,pmf,no invasion,0.999477
2026-10-07,first confirmed case,1,Vangu,2026-10-14,pmf,invasion,1.7e-05
2026-10-07,first confirmed case,1,Vangu,2026-10-14,pmf,no invasion,0.999983
2026-10-07,first confirmed case,1,Walikale,2026-10-14,pmf,invasion,0.008776
2026-10-07,first confirmed case,1,Walikale,2026-10-14,pmf,no invasion,0.991224
2026-10-07,first confirmed case,1,Walungu,2026-10-14,pmf,invasion,0.002419
2026-10-07,first confirmed case,1,Walungu,2026-10-14,pmf,no invasion,0.997581
2026-10-07,first confirmed case,1,Wamba Lwadi,2026-10-14,pmf,invasion,0.000126
2026-10-07,first confirmed case,1,Wamba Lwadi,2026-10-14,pmf,no invasion,0.999874
2026-10-07,first confirmed case,1,Wangata,2026-10-14,pmf,invasion,0.000314
2026-10-07,first confirmed case,1,Wangata,2026-10-14,pmf,no invasion,0.999686
2026-10-07,first confirmed case,1,Wapinda,2026-10-14,pmf,invasion,0.000455
2026-10-07,first confirmed case,1,Wapinda,2026-10-14,pmf,no invasion,0.999545
2026-10-07,first confirmed case,1,Wasolo,2026-10-14,pmf,invasion,0.000797
2026-10-07,first confirmed case,1,Wasolo,2026-10-14,pmf,no invasion,0.999203
2026-10-07,first confirmed case,1,Watsa,2026-10-14,pmf,invasion,0.074476
2026-10-07,first confirmed case,1,Watsa,2026-10-14,pmf,no invasion,0.925524
2026-10-07,first confirmed case,1,Wema,2026-10-14,pmf,invasion,0.000147
2026-10-07,first confirmed case,1,Wema,2026-10-14,pmf,no invasion,0.999853
2026-10-07,first confirmed case,1,Wembo Nyama,2026-10-14,pmf,invasion,0.000397
2026-10-07,first confirmed case,1,Wembo Nyama,2026-10-14,pmf,no invasion,0.999603
2026-10-07,first confirmed case,1,Wikong,2026-10-14,pmf,invasion,0.000257
2026-10-07,first confirmed case,1,Wikong,2026-10-14,pmf,no invasion,0.999743
2026-10-07,first confirmed case,1,Yabaondo,2026-10-14,pmf,invasion,0.003909
2026-10-07,first confirmed case,1,Yabaondo,2026-10-14,pmf,no invasion,0.996091
2026-10-07,first confirmed case,1,Yahisuli,2026-10-14,pmf,invasion,0.001641
2026-10-07,first confirmed case,1,Yahisuli,2026-10-14,pmf,no invasion,0.998359
2026-10-07,first confirmed case,1,Yahuma,2026-10-14,pmf,invasion,0.001579
2026-10-07,first confirmed case,1,Yahuma,2026-10-14,pmf,no invasion,0.998421
2026-10-07,first confirmed case,1,Yakoma,2026-10-14,pmf,invasion,0.000681
2026-10-07,first confirmed case,1,Yakoma,2026-10-14,pmf,no invasion,0.999319
2026-10-07,first confirmed case,1,Yakusu,2026-10-14,pmf,invasion,0.061444
2026-10-07,first confirmed case,1,Yakusu,2026-10-14,pmf,no invasion,0.938556
2026-10-07,first confirmed case,1,Yaleko,2026-10-14,pmf,invasion,0.002199
2026-10-07,first confirmed case,1,Yaleko,2026-10-14,pmf,no invasion,0.997801
2026-10-07,first confirmed case,1,Yalifafu,2026-10-14,pmf,invasion,0.001533
2026-10-07,first confirmed case,1,Yalifafu,2026-10-14,pmf,no invasion,0.998467
2026-10-07,first confirmed case,1,Yalimbongo,2026-10-14,pmf,invasion,0.01658
2026-10-07,first confirmed case,1,Yalimbongo,2026-10-14,pmf,no invasion,0.98342
2026-10-07,first confirmed case,1,Yamaluka,2026-10-14,pmf,invasion,0.00153
2026-10-07,first confirmed case,1,Yamaluka,2026-10-14,pmf,no invasion,0.99847
2026-10-07,first confirmed case,1,Yambuku,2026-10-14,pmf,invasion,0.001419
2026-10-07,first confirmed case,1,Yambuku,2026-10-14,pmf,no invasion,0.998581
2026-10-07,first confirmed case,1,Yamongili,2026-10-14,pmf,invasion,0.001403
2026-10-07,first confirmed case,1,Yamongili,2026-10-14,pmf,no invasion,0.998597
2026-10-07,first confirmed case,1,Yangala,2026-10-14,pmf,invasion,0.000952
2026-10-07,first confirmed case,1,Yangala,2026-10-14,pmf,no invasion,0.999048
2026-10-07,first confirmed case,1,Yasa Bonga,2026-10-14,pmf,invasion,0.000311
2026-10-07,first confirmed case,1,Yasa Bonga,2026-10-14,pmf,no invasion,0.999689
2026-10-07,first confirmed case,1,Yumbi,2026-10-14,pmf,invasion,6.7e-05
2026-10-07,first confirmed case,1,Yumbi,2026-10-14,pmf,no invasion,0.999933
2026-10-07,first confirmed case,1,Zongo,2026-10-14,pmf,invasion,5.2e-05
2026-10-07,first confirmed case,1,Zongo,2026-10-14,pmf,no invasion,0.999948
2026-10-07,first confirmed case,2,Aba,2026-10-21,pmf,invasion,0.020893
2026-10-07,first confirmed case,2,Aba,2026-10-21,pmf,no invasion,0.979107
2026-10-07,first confirmed case,2,Abuzi,2026-10-21,pmf,invasion,0.00121
2026-10-07,first confirmed case,2,Abuzi,2026-10-21,pmf,no invasion,0.99879
2026-10-07,first confirmed case,2,Adi,2026-10-21,pmf,invasion,0.016741
2026-10-07,first confirmed case,2,Adi,2026-10-21,pmf,no invasion,0.983259
2026-10-07,first confirmed case,2,Aketi,2026-10-21,pmf,invasion,0.005029
2026-10-07,first confirmed case,2,Aketi,2026-10-21,pmf,no invasion,0.994971
2026-10-07,first confirmed case,2,Alunguli,2026-10-21,pmf,invasion,0.001882
2026-10-07,first confirmed case,2,Alunguli,2026-10-21,pmf,no invasion,0.998118
2026-10-07,first confirmed case,2,Ango,2026-10-21,pmf,invasion,0.001623
2026-10-07,first confirmed case,2,Ango,2026-10-21,pmf,no invasion,0.998377
2026-10-07,first confirmed case,2,Angumu,2026-10-21,pmf,invasion,0.007357
2026-10-07,first confirmed case,2,Angumu,2026-10-21,pmf,no invasion,0.992643
2026-10-07,first confirmed case,2,Ankoro,2026-10-21,pmf,invasion,0.000659
2026-10-07,first confirmed case,2,Ankoro,2026-10-21,pmf,no invasion,0.999341
2026-10-07,first confirmed case,2,Bafwagbogbo,2026-10-21,pmf,invasion,0.022163
2026-10-07,first confirmed case,2,Bafwagbogbo,2026-10-21,pmf,no invasion,0.977837
2026-10-07,first confirmed case,2,Bagata,2026-10-21,pmf,invasion,0.00032
2026-10-07,first confirmed case,2,Bagata,2026-10-21,pmf,no invasion,0.99968
2026-10-07,first confirmed case,2,Bagira,2026-10-21,pmf,invasion,0.003963
2026-10-07,first confirmed case,2,Bagira,2026-10-21,pmf,no invasion,0.996037
2026-10-07,first confirmed case,2,Baka,2026-10-21,pmf,invasion,8.1e-05
2026-10-07,first confirmed case,2,Baka,2026-10-21,pmf,no invasion,0.999919
2026-10-07,first confirmed case,2,Bambo,2026-10-21,pmf,invasion,0.005181
2026-10-07,first confirmed case,2,Bambo,2026-10-21,pmf,no invasion,0.994819
2026-10-07,first confirmed case,2,Banalia,2026-10-21,pmf,invasion,0.029893
2026-10-07,first confirmed case,2,Banalia,2026-10-21,pmf,no invasion,0.970107
2026-10-07,first confirmed case,2,Bandalungwa,2026-10-21,pmf,invasion,0.000304
2026-10-07,first confirmed case,2,Bandalungwa,2026-10-21,pmf,no invasion,0.999696
2026-10-07,first confirmed case,2,Bandundu,2026-10-21,pmf,invasion,0.000175
2026-10-07,first confirmed case,2,Bandundu,2026-10-21,pmf,no invasion,0.999825
2026-10-07,first confirmed case,2,Banga Lubaka,2026-10-21,pmf,invasion,0.000179
2026-10-07,first confirmed case,2,Banga Lubaka,2026-10-21,pmf,no invasion,0.999821
2026-10-07,first confirmed case,2,Bangabola,2026-10-21,pmf,invasion,0.000414
2026-10-07,first confirmed case,2,Bangabola,2026-10-21,pmf,no invasion,0.999586
2026-10-07,first confirmed case,2,Banzow Moke,2026-10-21,pmf,invasion,0.000162
2026-10-07,first confirmed case,2,Banzow Moke,2026-10-21,pmf,no invasion,0.999838
2026-10-07,first confirmed case,2,Barumbu,2026-10-21,pmf,invasion,0.000319
2026-10-07,first confirmed case,2,Barumbu,2026-10-21,pmf,no invasion,0.999681
2026-10-07,first confirmed case,2,Basankusu,2026-10-21,pmf,invasion,0.000473
2026-10-07,first confirmed case,2,Basankusu,2026-10-21,pmf,no invasion,0.999527
2026-10-07,first confirmed case,2,Befale,2026-10-21,pmf,invasion,0.000504
2026-10-07,first confirmed case,2,Befale,2026-10-21,pmf,no invasion,0.999496
2026-10-07,first confirmed case,2,Bena Dibele,2026-10-21,pmf,invasion,0.000446
2026-10-07,first confirmed case,2,Bena Dibele,2026-10-21,pmf,no invasion,0.999554
2026-10-07,first confirmed case,2,Bena Leka,2026-10-21,pmf,invasion,0.000752
2026-10-07,first confirmed case,2,Bena Leka,2026-10-21,pmf,no invasion,0.999248
2026-10-07,first confirmed case,2,Bena Tshadi,2026-10-21,pmf,invasion,0.000238
2026-10-07,first confirmed case,2,Bena Tshadi,2026-10-21,pmf,no invasion,0.999762
2026-10-07,first confirmed case,2,Bengamisa,2026-10-21,pmf,invasion,0.009353
2026-10-07,first confirmed case,2,Bengamisa,2026-10-21,pmf,no invasion,0.990647
2026-10-07,first confirmed case,2,Bibanga,2026-10-21,pmf,invasion,0.000553
2026-10-07,first confirmed case,2,Bibanga,2026-10-21,pmf,no invasion,0.999447
2026-10-07,first confirmed case,2,Bikoro,2026-10-21,pmf,invasion,0.00022
2026-10-07,first confirmed case,2,Bikoro,2026-10-21,pmf,no invasion,0.99978
2026-10-07,first confirmed case,2,Bili (Bas-Uele),2026-10-21,pmf,invasion,0.000771
2026-10-07,first confirmed case,2,Bili (Bas-Uele),2026-10-21,pmf,no invasion,0.999229
2026-10-07,first confirmed case,2,Bili (Nord-Ubangi),2026-10-21,pmf,invasion,0.001338
2026-10-07,first confirmed case,2,Bili (Nord-Ubangi),2026-10-21,pmf,no invasion,0.998662
2026-10-07,first confirmed case,2,Bilomba,2026-10-21,pmf,invasion,0.001253
2026-10-07,first confirmed case,2,Bilomba,2026-10-21,pmf,no invasion,0.998747
2026-10-07,first confirmed case,2,Binga,2026-10-21,pmf,invasion,0.002913
2026-10-07,first confirmed case,2,Binga,2026-10-21,pmf,no invasion,0.997087
2026-10-07,first confirmed case,2,Binza,2026-10-21,pmf,invasion,0.003521
2026-10-07,first confirmed case,2,Binza,2026-10-21,pmf,no invasion,0.996479
2026-10-07,first confirmed case,2,Binza Meteo,2026-10-21,pmf,invasion,0.000415
2026-10-07,first confirmed case,2,Binza Meteo,2026-10-21,pmf,no invasion,0.999585
2026-10-07,first confirmed case,2,Binza Ozone,2026-10-21,pmf,invasion,0.00094
2026-10-07,first confirmed case,2,Binza Ozone,2026-10-21,pmf,no invasion,0.99906
2026-10-07,first confirmed case,2,Bipemba,2026-10-21,pmf,invasion,0.000531
2026-10-07,first confirmed case,2,Bipemba,2026-10-21,pmf,no invasion,0.999469
2026-10-07,first confirmed case,2,Birambizo,2026-10-21,pmf,invasion,0.002241
2026-10-07,first confirmed case,2,Birambizo,2026-10-21,pmf,no invasion,0.997759
2026-10-07,first confirmed case,2,Biringi,2026-10-21,pmf,invasion,0.042715
2026-10-07,first confirmed case,2,Biringi,2026-10-21,pmf,no invasion,0.957285
2026-10-07,first confirmed case,2,Biyela,2026-10-21,pmf,invasion,9.1e-05
2026-10-07,first confirmed case,2,Biyela,2026-10-21,pmf,no invasion,0.999909
2026-10-07,first confirmed case,2,Bobozo,2026-10-21,pmf,invasion,0.000242
2026-10-07,first confirmed case,2,Bobozo,2026-10-21,pmf,no invasion,0.999758
2026-10-07,first confirmed case,2,Boende,2026-10-21,pmf,invasion,0.000772
2026-10-07,first confirmed case,2,Boende,2026-10-21,pmf,no invasion,0.999228
2026-10-07,first confirmed case,2,Bogosenubea,2026-10-21,pmf,invasion,0.000772
2026-10-07,first confirmed case,2,Bogosenubea,2026-10-21,pmf,no invasion,0.999228
2026-10-07,first confirmed case,2,Boko,2026-10-21,pmf,invasion,0.000453
2026-10-07,first confirmed case,2,Boko,2026-10-21,pmf,no invasion,0.999547
2026-10-07,first confirmed case,2,Boko Kivulu,2026-10-21,pmf,invasion,0.000127
2026-10-07,first confirmed case,2,Boko Kivulu,2026-10-21,pmf,no invasion,0.999873
2026-10-07,first confirmed case,2,Bokonzi,2026-10-21,pmf,invasion,0.000252
2026-10-07,first confirmed case,2,Bokonzi,2026-10-21,pmf,no invasion,0.999748
2026-10-07,first confirmed case,2,Bokoro,2026-10-21,pmf,invasion,0.000655
2026-10-07,first confirmed case,2,Bokoro,2026-10-21,pmf,no invasion,0.999345
2026-10-07,first confirmed case,2,Bokungu,2026-10-21,pmf,invasion,0.002238
2026-10-07,first confirmed case,2,Bokungu,2026-10-21,pmf,no invasion,0.997762
2026-10-07,first confirmed case,2,Bolenge,2026-10-21,pmf,invasion,0.000273
2026-10-07,first confirmed case,2,Bolenge,2026-10-21,pmf,no invasion,0.999727
2026-10-07,first confirmed case,2,Bolobo,2026-10-21,pmf,invasion,0.000163
2026-10-07,first confirmed case,2,Bolobo,2026-10-21,pmf,no invasion,0.999837
2026-10-07,first confirmed case,2,Bolomba,2026-10-21,pmf,invasion,0.000463
2026-10-07,first confirmed case,2,Bolomba,2026-10-21,pmf,no invasion,0.999537
2026-10-07,first confirmed case,2,Boma,2026-10-21,pmf,invasion,5.9e-05
2026-10-07,first confirmed case,2,Boma,2026-10-21,pmf,no invasion,0.999941
2026-10-07,first confirmed case,2,Boma Bungu,2026-10-21,pmf,invasion,3.7e-05
2026-10-07,first confirmed case,2,Boma Bungu,2026-10-21,pmf,no invasion,0.999963
2026-10-07,first confirmed case,2,Bominenge,2026-10-21,pmf,invasion,0.000775
2026-10-07,first confirmed case,2,Bominenge,2026-10-21,pmf,no invasion,0.999225
2026-10-07,first confirmed case,2,Bomongo,2026-10-21,pmf,invasion,9.3e-05
2026-10-07,first confirmed case,2,Bomongo,2026-10-21,pmf,no invasion,0.999907
2026-10-07,first confirmed case,2,Bondo,2026-10-21,pmf,invasion,0.007536
2026-10-07,first confirmed case,2,Bondo,2026-10-21,pmf,no invasion,0.992464
2026-10-07,first confirmed case,2,Bongandanga,2026-10-21,pmf,invasion,0.000876
2026-10-07,first confirmed case,2,Bongandanga,2026-10-21,pmf,no invasion,0.999124
2026-10-07,first confirmed case,2,Bonzola,2026-10-21,pmf,invasion,0.001089
2026-10-07,first confirmed case,2,Bonzola,2026-10-21,pmf,no invasion,0.998911
2026-10-07,first confirmed case,2,Boso Manzi,2026-10-21,pmf,invasion,0.000577
2026-10-07,first confirmed case,2,Boso Manzi,2026-10-21,pmf,no invasion,0.999423
2026-10-07,first confirmed case,2,Boso Mondanda,2026-10-21,pmf,invasion,0.000353
2026-10-07,first confirmed case,2,Boso Mondanda,2026-10-21,pmf,no invasion,0.999647
2026-10-07,first confirmed case,2,Bosobe,2026-10-21,pmf,invasion,0.000159
2026-10-07,first confirmed case,2,Bosobe,2026-10-21,pmf,no invasion,0.999841
2026-10-07,first confirmed case,2,Bosobolo,2026-10-21,pmf,invasion,0.000503
2026-10-07,first confirmed case,2,Bosobolo,2026-10-21,pmf,no invasion,0.999497
2026-10-07,first confirmed case,2,Bosondjo,2026-10-21,pmf,invasion,0.000639
2026-10-07,first confirmed case,2,Bosondjo,2026-10-21,pmf,no invasion,0.999361
2026-10-07,first confirmed case,2,Boto,2026-10-21,pmf,invasion,0.000324
2026-10-07,first confirmed case,2,Boto,2026-10-21,pmf,no invasion,0.999676
2026-10-07,first confirmed case,2,Budjala,2026-10-21,pmf,invasion,0.006867
2026-10-07,first confirmed case,2,Budjala,2026-10-21,pmf,no invasion,0.993133
2026-10-07,first confirmed case,2,Bukama,2026-10-21,pmf,invasion,0.000483
2026-10-07,first confirmed case,2,Bukama,2026-10-21,pmf,no invasion,0.999517
2026-10-07,first confirmed case,2,Bulape,2026-10-21,pmf,invasion,0.000762
2026-10-07,first confirmed case,2,Bulape,2026-10-21,pmf,no invasion,0.999238
2026-10-07,first confirmed case,2,Bulungu,2026-10-21,pmf,invasion,0.000721
2026-10-07,first confirmed case,2,Bulungu,2026-10-21,pmf,no invasion,0.999279
2026-10-07,first confirmed case,2,Bumba,2026-10-21,pmf,invasion,0.005472
2026-10-07,first confirmed case,2,Bumba,2026-10-21,pmf,no invasion,0.994528
2026-10-07,first confirmed case,2,Bumbu,2026-10-21,pmf,invasion,5.5e-05
2026-10-07,first confirmed case,2,Bumbu,2026-10-21,pmf,no invasion,0.999945
2026-10-07,first confirmed case,2,Bunkeya,2026-10-21,pmf,invasion,6.9e-05
2026-10-07,first confirmed case,2,Bunkeya,2026-10-21,pmf,no invasion,0.999931
2026-10-07,first confirmed case,2,Bunkonde,2026-10-21,pmf,invasion,0.000939
2026-10-07,first confirmed case,2,Bunkonde,2026-10-21,pmf,no invasion,0.999061
2026-10-07,first confirmed case,2,Bunyakiri,2026-10-21,pmf,invasion,0.002817
2026-10-07,first confirmed case,2,Bunyakiri,2026-10-21,pmf,no invasion,0.997183
2026-10-07,first confirmed case,2,Busanga,2026-10-21,pmf,invasion,0.000296
2026-10-07,first confirmed case,2,Busanga,2026-10-21,pmf,no invasion,0.999704
2026-10-07,first confirmed case,2,Businga,2026-10-21,pmf,invasion,0.000949
2026-10-07,first confirmed case,2,Businga,2026-10-21,pmf,no invasion,0.999051
2026-10-07,first confirmed case,2,Butumba,2026-10-21,pmf,invasion,0.00048
2026-10-07,first confirmed case,2,Butumba,2026-10-21,pmf,no invasion,0.99952
2026-10-07,first confirmed case,2,Bwamanda,2026-10-21,pmf,invasion,0.000825
2026-10-07,first confirmed case,2,Bwamanda,2026-10-21,pmf,no invasion,0.999175
2026-10-07,first confirmed case,2,Cilundu,2026-10-21,pmf,invasion,0.001491
2026-10-07,first confirmed case,2,Cilundu,2026-10-21,pmf,no invasion,0.998509
2026-10-07,first confirmed case,2,Citenge,2026-10-21,pmf,invasion,0.000455
2026-10-07,first confirmed case,2,Citenge,2026-10-21,pmf,no invasion,0.999545
2026-10-07,first confirmed case,2,Dekese,2026-10-21,pmf,invasion,0.000301
2026-10-07,first confirmed case,2,Dekese,2026-10-21,pmf,no invasion,0.999699
2026-10-07,first confirmed case,2,Demba,2026-10-21,pmf,invasion,0.000686
2026-10-07,first confirmed case,2,Demba,2026-10-21,pmf,no invasion,0.999314
2026-10-07,first confirmed case,2,Dibaya,2026-10-21,pmf,invasion,0.00182
2026-10-07,first confirmed case,2,Dibaya,2026-10-21,pmf,no invasion,0.99818
2026-10-07,first confirmed case,2,Dibindi,2026-10-21,pmf,invasion,0.00041
2026-10-07,first confirmed case,2,Dibindi,2026-10-21,pmf,no invasion,0.99959
2026-10-07,first confirmed case,2,Dikungu,2026-10-21,pmf,invasion,0.000807
2026-10-07,first confirmed case,2,Dikungu,2026-10-21,pmf,no invasion,0.999193
2026-10-07,first confirmed case,2,Dilala,2026-10-21,pmf,invasion,0.000192
2026-10-07,first confirmed case,2,Dilala,2026-10-21,pmf,no invasion,0.999808
2026-10-07,first confirmed case,2,Dilolo,2026-10-21,pmf,invasion,1.2e-05
2026-10-07,first confirmed case,2,Dilolo,2026-10-21,pmf,no invasion,0.999988
2026-10-07,first confirmed case,2,Diulu,2026-10-21,pmf,invasion,0.000643
2026-10-07,first confirmed case,2,Diulu,2026-10-21,pmf,no invasion,0.999357
2026-10-07,first confirmed case,2,Djalo Ndjeka,2026-10-21,pmf,invasion,0.000432
2026-10-07,first confirmed case,2,Djalo Ndjeka,2026-10-21,pmf,no invasion,0.999568
2026-10-07,first confirmed case,2,Djolu,2026-10-21,pmf,invasion,0.002652
2026-10-07,first confirmed case,2,Djolu,2026-10-21,pmf,no invasion,0.997348
2026-10-07,first confirmed case,2,Djombo,2026-10-21,pmf,invasion,0.000576
2026-10-07,first confirmed case,2,Djombo,2026-10-21,pmf,no invasion,0.999424
2026-10-07,first confirmed case,2,Djuma,2026-10-21,pmf,invasion,0.000455
2026-10-07,first confirmed case,2,Djuma,2026-10-21,pmf,no invasion,0.999545
2026-10-07,first confirmed case,2,Doruma,2026-10-21,pmf,invasion,0.006688
2026-10-07,first confirmed case,2,Doruma,2026-10-21,pmf,no invasion,0.993312
2026-10-07,first confirmed case,2,Faradje,2026-10-21,pmf,invasion,0.013871
2026-10-07,first confirmed case,2,Faradje,2026-10-21,pmf,no invasion,0.986129
2026-10-07,first confirmed case,2,Ferekeni,2026-10-21,pmf,invasion,0.000698
2026-10-07,first confirmed case,2,Ferekeni,2026-10-21,pmf,no invasion,0.999302
2026-10-07,first confirmed case,2,Feshi,2026-10-21,pmf,invasion,0.000301
2026-10-07,first confirmed case,2,Feshi,2026-10-21,pmf,no invasion,0.999699
2026-10-07,first confirmed case,2,Fizi,2026-10-21,pmf,invasion,0.005844
2026-10-07,first confirmed case,2,Fizi,2026-10-21,pmf,no invasion,0.994156
2026-10-07,first confirmed case,2,Fungurume,2026-10-21,pmf,invasion,0.00027
2026-10-07,first confirmed case,2,Fungurume,2026-10-21,pmf,no invasion,0.99973
2026-10-07,first confirmed case,2,Gbadolite,2026-10-21,pmf,invasion,0.000256
2026-10-07,first confirmed case,2,Gbadolite,2026-10-21,pmf,no invasion,0.999744
2026-10-07,first confirmed case,2,Gemena,2026-10-21,pmf,invasion,0.003372
2026-10-07,first confirmed case,2,Gemena,2026-10-21,pmf,no invasion,0.996628
2026-10-07,first confirmed case,2,Gombe,2026-10-21,pmf,invasion,0.001374
2026-10-07,first confirmed case,2,Gombe,2026-10-21,pmf,no invasion,0.998626
2026-10-07,first confirmed case,2,Gombe Matadi,2026-10-21,pmf,invasion,0.00018
2026-10-07,first confirmed case,2,Gombe Matadi,2026-10-21,pmf,no invasion,0.99982
2026-10-07,first confirmed case,2,Gungu,2026-10-21,pmf,invasion,0.000468
2026-10-07,first confirmed case,2,Gungu,2026-10-21,pmf,no invasion,0.999532
2026-10-07,first confirmed case,2,Haut Plateau,2026-10-21,pmf,invasion,0.001541
2026-10-07,first confirmed case,2,Haut Plateau,2026-10-21,pmf,no invasion,0.998459
2026-10-07,first confirmed case,2,Ibanda,2026-10-21,pmf,invasion,0.013234
2026-10-07,first confirmed case,2,Ibanda,2026-10-21,pmf,no invasion,0.986766
2026-10-07,first confirmed case,2,Iboko,2026-10-21,pmf,invasion,0.000498
2026-10-07,first confirmed case,2,Iboko,2026-10-21,pmf,no invasion,0.999502
2026-10-07,first confirmed case,2,Idiofa,2026-10-21,pmf,invasion,0.001116
2026-10-07,first confirmed case,2,Idiofa,2026-10-21,pmf,no invasion,0.998884
2026-10-07,first confirmed case,2,Idjwi,2026-10-21,pmf,invasion,0.001002
2026-10-07,first confirmed case,2,Idjwi,2026-10-21,pmf,no invasion,0.998998
2026-10-07,first confirmed case,2,Ikela,2026-10-21,pmf,invasion,0.002462
2026-10-07,first confirmed case,2,Ikela,2026-10-21,pmf,no invasion,0.997538
2026-10-07,first confirmed case,2,Ilebo,2026-10-21,pmf,invasion,0.000338
2026-10-07,first confirmed case,2,Ilebo,2026-10-21,pmf,no invasion,0.999662
2026-10-07,first confirmed case,2,Inga,2026-10-21,pmf,invasion,6.5e-05
2026-10-07,first confirmed case,2,Inga,2026-10-21,pmf,no invasion,0.999935
2026-10-07,first confirmed case,2,Ingende,2026-10-21,pmf,invasion,0.000291
2026-10-07,first confirmed case,2,Ingende,2026-10-21,pmf,no invasion,0.999709
2026-10-07,first confirmed case,2,Inongo,2026-10-21,pmf,invasion,0.000267
2026-10-07,first confirmed case,2,Inongo,2026-10-21,pmf,no invasion,0.999733
2026-10-07,first confirmed case,2,Ipamu,2026-10-21,pmf,invasion,0.000513
2026-10-07,first confirmed case,2,Ipamu,2026-10-21,pmf,no invasion,0.999487
2026-10-07,first confirmed case,2,Irebu,2026-10-21,pmf,invasion,0.000159
2026-10-07,first confirmed case,2,Irebu,2026-10-21,pmf,no invasion,0.999841
2026-10-07,first confirmed case,2,Isangi,2026-10-21,pmf,invasion,0.01018
2026-10-07,first confirmed case,2,Isangi,2026-10-21,pmf,no invasion,0.98982
2026-10-07,first confirmed case,2,Itebero,2026-10-21,pmf,invasion,0.002108
2026-10-07,first confirmed case,2,Itebero,2026-10-21,pmf,no invasion,0.997892
2026-10-07,first confirmed case,2,Itombwe,2026-10-21,pmf,invasion,0.000661
2026-10-07,first confirmed case,2,Itombwe,2026-10-21,pmf,no invasion,0.999339
2026-10-07,first confirmed case,2,Jiba,2026-10-21,pmf,invasion,0.102047
2026-10-07,first confirmed case,2,Jiba,2026-10-21,pmf,no invasion,0.897953
2026-10-07,first confirmed case,2,Kabalo,2026-10-21,pmf,invasion,0.001966
2026-10-07,first confirmed case,2,Kabalo,2026-10-21,pmf,no invasion,0.998034
2026-10-07,first confirmed case,2,Kabambare,2026-10-21,pmf,invasion,0.000987
2026-10-07,first confirmed case,2,Kabambare,2026-10-21,pmf,no invasion,0.999013
2026-10-07,first confirmed case,2,Kabare,2026-10-21,pmf,invasion,0.003729
2026-10-07,first confirmed case,2,Kabare,2026-10-21,pmf,no invasion,0.996271
2026-10-07,first confirmed case,2,Kabeya Kamwanga,2026-10-21,pmf,invasion,0.000878
2026-10-07,first confirmed case,2,Kabeya Kamwanga,2026-10-21,pmf,no invasion,0.999122
2026-10-07,first confirmed case,2,Kabinda,2026-10-21,pmf,invasion,0.00253
2026-10-07,first confirmed case,2,Kabinda,2026-10-21,pmf,no invasion,0.99747
2026-10-07,first confirmed case,2,Kabondo Dianda,2026-10-21,pmf,invasion,0.00043
2026-10-07,first confirmed case,2,Kabondo Dianda,2026-10-21,pmf,no invasion,0.99957
2026-10-07,first confirmed case,2,Kabongo,2026-10-21,pmf,invasion,0.00114
2026-10-07,first confirmed case,2,Kabongo,2026-10-21,pmf,no invasion,0.99886
2026-10-07,first confirmed case,2,Kadutu,2026-10-21,pmf,invasion,0.009296
2026-10-07,first confirmed case,2,Kadutu,2026-10-21,pmf,no invasion,0.990704
2026-10-07,first confirmed case,2,Kafakumba,2026-10-21,pmf,invasion,0.00069
2026-10-07,first confirmed case,2,Kafakumba,2026-10-21,pmf,no invasion,0.99931
2026-10-07,first confirmed case,2,Kafubu,2026-10-21,pmf,invasion,0.000156
2026-10-07,first confirmed case,2,Kafubu,2026-10-21,pmf,no invasion,0.999844
2026-10-07,first confirmed case,2,Kahemba,2026-10-21,pmf,invasion,0.000208
2026-10-07,first confirmed case,2,Kahemba,2026-10-21,pmf,no invasion,0.999792
2026-10-07,first confirmed case,2,Kailo,2026-10-21,pmf,invasion,0.002089
2026-10-07,first confirmed case,2,Kailo,2026-10-21,pmf,no invasion,0.997911
2026-10-07,first confirmed case,2,Kajiji,2026-10-21,pmf,invasion,8.3e-05
2026-10-07,first confirmed case,2,Kajiji,2026-10-21,pmf,no invasion,0.999917
2026-10-07,first confirmed case,2,Kakenge,2026-10-21,pmf,invasion,0.000416
2026-10-07,first confirmed case,2,Kakenge,2026-10-21,pmf,no invasion,0.999584
2026-10-07,first confirmed case,2,Kalamba,2026-10-21,pmf,invasion,0.00028
2026-10-07,first confirmed case,2,Kalamba,2026-10-21,pmf,no invasion,0.99972
2026-10-07,first confirmed case,2,Kalambayi Kabanga,2026-10-21,pmf,invasion,0.000718
2026-10-07,first confirmed case,2,Kalambayi Kabanga,2026-10-21,pmf,no invasion,0.999282
2026-10-07,first confirmed case,2,Kalamu 1,2026-10-21,pmf,invasion,0.000456
2026-10-07,first confirmed case,2,Kalamu 1,2026-10-21,pmf,no invasion,0.999544
2026-10-07,first confirmed case,2,Kalamu 2,2026-10-21,pmf,invasion,0.000104
2026-10-07,first confirmed case,2,Kalamu 2,2026-10-21,pmf,no invasion,0.999896
2026-10-07,first confirmed case,2,Kalehe,2026-10-21,pmf,invasion,0.002335
2026-10-07,first confirmed case,2,Kalehe,2026-10-21,pmf,no invasion,0.997665
2026-10-07,first confirmed case,2,Kalemie,2026-10-21,pmf,invasion,0.002077
2026-10-07,first confirmed case,2,Kalemie,2026-10-21,pmf,no invasion,0.997923
2026-10-07,first confirmed case,2,Kalenda,2026-10-21,pmf,invasion,0.00073
2026-10-07,first confirmed case,2,Kalenda,2026-10-21,pmf,no invasion,0.99927
2026-10-07,first confirmed case,2,Kalima,2026-10-21,pmf,invasion,0.00286
2026-10-07,first confirmed case,2,Kalima,2026-10-21,pmf,no invasion,0.99714
2026-10-07,first confirmed case,2,Kalole,2026-10-21,pmf,invasion,0.002203
2026-10-07,first confirmed case,2,Kalole,2026-10-21,pmf,no invasion,0.997797
2026-10-07,first confirmed case,2,Kalomba,2026-10-21,pmf,invasion,0.000706
2026-10-07,first confirmed case,2,Kalomba,2026-10-21,pmf,no invasion,0.999294
2026-10-07,first confirmed case,2,Kalonda Est,2026-10-21,pmf,invasion,0.000569
2026-10-07,first confirmed case,2,Kalonda Est,2026-10-21,pmf,no invasion,0.999431
2026-10-07,first confirmed case,2,Kalonda Ouest,2026-10-21,pmf,invasion,0.000555
2026-10-07,first confirmed case,2,Kalonda Ouest,2026-10-21,pmf,no invasion,0.999445
2026-10-07,first confirmed case,2,Kalonge,2026-10-21,pmf,invasion,0.001373
2026-10-07,first confirmed case,2,Kalonge,2026-10-21,pmf,no invasion,0.998627
2026-10-07,first confirmed case,2,Kamalondo,2026-10-21,pmf,invasion,0.000153
2026-10-07,first confirmed case,2,Kamalondo,2026-10-21,pmf,no invasion,0.999847
2026-10-07,first confirmed case,2,Kamana,2026-10-21,pmf,invasion,0.000772
2026-10-07,first confirmed case,2,Kamana,2026-10-21,pmf,no invasion,0.999228
2026-10-07,first confirmed case,2,Kamango,2026-10-21,pmf,invasion,0.014056
2026-10-07,first confirmed case,2,Kamango,2026-10-21,pmf,no invasion,0.985944
2026-10-07,first confirmed case,2,Kambove,2026-10-21,pmf,invasion,0.000178
2026-10-07,first confirmed case,2,Kambove,2026-10-21,pmf,no invasion,0.999822
2026-10-07,first confirmed case,2,Kamiji,2026-10-21,pmf,invasion,0.001005
2026-10-07,first confirmed case,2,Kamiji,2026-10-21,pmf,no invasion,0.998995
2026-10-07,first confirmed case,2,Kamina,2026-10-21,pmf,invasion,0.000707
2026-10-07,first confirmed case,2,Kamina,2026-10-21,pmf,no invasion,0.999293
2026-10-07,first confirmed case,2,Kamituga,2026-10-21,pmf,invasion,0.00164
2026-10-07,first confirmed case,2,Kamituga,2026-10-21,pmf,no invasion,0.99836
2026-10-07,first confirmed case,2,Kamonia,2026-10-21,pmf,invasion,5.3e-05
2026-10-07,first confirmed case,2,Kamonia,2026-10-21,pmf,no invasion,0.999947
2026-10-07,first confirmed case,2,Kampemba,2026-10-21,pmf,invasion,0.000275
2026-10-07,first confirmed case,2,Kampemba,2026-10-21,pmf,no invasion,0.999725
2026-10-07,first confirmed case,2,Kampene,2026-10-21,pmf,invasion,0.002182
2026-10-07,first confirmed case,2,Kampene,2026-10-21,pmf,no invasion,0.997818
2026-10-07,first confirmed case,2,Kamwesha,2026-10-21,pmf,invasion,0.000712
2026-10-07,first confirmed case,2,Kamwesha,2026-10-21,pmf,no invasion,0.999288
2026-10-07,first confirmed case,2,Kananga,2026-10-21,pmf,invasion,0.00137
2026-10-07,first confirmed case,2,Kananga,2026-10-21,pmf,no invasion,0.99863
2026-10-07,first confirmed case,2,Kanda Kanda,2026-10-21,pmf,invasion,0.000918
2026-10-07,first confirmed case,2,Kanda Kanda,2026-10-21,pmf,no invasion,0.999082
2026-10-07,first confirmed case,2,Kangu,2026-10-21,pmf,invasion,5.1e-05
2026-10-07,first confirmed case,2,Kangu,2026-10-21,pmf,no invasion,0.999949
2026-10-07,first confirmed case,2,Kaniama,2026-10-21,pmf,invasion,0.001052
2026-10-07,first confirmed case,2,Kaniama,2026-10-21,pmf,no invasion,0.998948
2026-10-07,first confirmed case,2,Kaniola,2026-10-21,pmf,invasion,0.002269
2026-10-07,first confirmed case,2,Kaniola,2026-10-21,pmf,no invasion,0.997731
2026-10-07,first confirmed case,2,Kansele,2026-10-21,pmf,invasion,0.000433
2026-10-07,first confirmed case,2,Kansele,2026-10-21,pmf,no invasion,0.999567
2026-10-07,first confirmed case,2,Kansimba,2026-10-21,pmf,invasion,0.000685
2026-10-07,first confirmed case,2,Kansimba,2026-10-21,pmf,no invasion,0.999315
2026-10-07,first confirmed case,2,Kanzala,2026-10-21,pmf,invasion,0.000646
2026-10-07,first confirmed case,2,Kanzala,2026-10-21,pmf,no invasion,0.999354
2026-10-07,first confirmed case,2,Kanzenze,2026-10-21,pmf,invasion,8.8e-05
2026-10-07,first confirmed case,2,Kanzenze,2026-10-21,pmf,no invasion,0.999912
2026-10-07,first confirmed case,2,Kapanga,2026-10-21,pmf,invasion,0.000268
2026-10-07,first confirmed case,2,Kapanga,2026-10-21,pmf,no invasion,0.999732
2026-10-07,first confirmed case,2,Kapolowe,2026-10-21,pmf,invasion,0.000184
2026-10-07,first confirmed case,2,Kapolowe,2026-10-21,pmf,no invasion,0.999816
2026-10-07,first confirmed case,2,Karawa,2026-10-21,pmf,invasion,0.000916
2026-10-07,first confirmed case,2,Karawa,2026-10-21,pmf,no invasion,0.999084
2026-10-07,first confirmed case,2,Karisimbi,2026-10-21,pmf,invasion,0.006369
2026-10-07,first confirmed case,2,Karisimbi,2026-10-21,pmf,no invasion,0.993631
2026-10-07,first confirmed case,2,Kasa Vubu,2026-10-21,pmf,invasion,0.000486
2026-10-07,first confirmed case,2,Kasa Vubu,2026-10-21,pmf,no invasion,0.999514
2026-10-07,first confirmed case,2,Kasaji,2026-10-21,pmf,invasion,0.000346
2026-10-07,first confirmed case,2,Kasaji,2026-10-21,pmf,no invasion,0.999654
2026-10-07,first confirmed case,2,Kasansa,2026-10-21,pmf,invasion,0.001089
2026-10-07,first confirmed case,2,Kasansa,2026-10-21,pmf,no invasion,0.998911
2026-10-07,first confirmed case,2,Kasenga,2026-10-21,pmf,invasion,7.7e-05
2026-10-07,first confirmed case,2,Kasenga,2026-10-21,pmf,no invasion,0.999923
2026-10-07,first confirmed case,2,Kashobwe,2026-10-21,pmf,invasion,3.4e-05
2026-10-07,first confirmed case,2,Kashobwe,2026-10-21,pmf,no invasion,0.999966
2026-10-07,first confirmed case,2,Kasongo,2026-10-21,pmf,invasion,0.004596
2026-10-07,first confirmed case,2,Kasongo,2026-10-21,pmf,no invasion,0.995404
2026-10-07,first confirmed case,2,Kasongo Lunda,2026-10-21,pmf,invasion,4.8e-05
2026-10-07,first confirmed case,2,Kasongo Lunda,2026-10-21,pmf,no invasion,0.999952
2026-10-07,first confirmed case,2,Katako Kombe,2026-10-21,pmf,invasion,0.000874
2026-10-07,first confirmed case,2,Katako Kombe,2026-10-21,pmf,no invasion,0.999126
2026-10-07,first confirmed case,2,Katana,2026-10-21,pmf,invasion,0.003352
2026-10-07,first confirmed case,2,Katana,2026-10-21,pmf,no invasion,0.996648
2026-10-07,first confirmed case,2,Katende,2026-10-21,pmf,invasion,0.000648
2026-10-07,first confirmed case,2,Katende,2026-10-21,pmf,no invasion,0.999352
2026-10-07,first confirmed case,2,Katoka,2026-10-21,pmf,invasion,0.000715
2026-10-07,first confirmed case,2,Katoka,2026-10-21,pmf,no invasion,0.999285
2026-10-07,first confirmed case,2,Katoyi,2026-10-21,pmf,invasion,0.007077
2026-10-07,first confirmed case,2,Katoyi,2026-10-21,pmf,no invasion,0.992923
2026-10-07,first confirmed case,2,Katuba,2026-10-21,pmf,invasion,4e-05
2026-10-07,first confirmed case,2,Katuba,2026-10-21,pmf,no invasion,0.99996
2026-10-07,first confirmed case,2,Kayamba,2026-10-21,pmf,invasion,0.000263
2026-10-07,first confirmed case,2,Kayamba,2026-10-21,pmf,no invasion,0.999737
2026-10-07,first confirmed case,2,Kaziba,2026-10-21,pmf,invasion,0.001338
2026-10-07,first confirmed case,2,Kaziba,2026-10-21,pmf,no invasion,0.998662
2026-10-07,first confirmed case,2,Kenge,2026-10-21,pmf,invasion,0.000938
2026-10-07,first confirmed case,2,Kenge,2026-10-21,pmf,no invasion,0.999062
2026-10-07,first confirmed case,2,Kenya,2026-10-21,pmf,invasion,0.000229
2026-10-07,first confirmed case,2,Kenya,2026-10-21,pmf,no invasion,0.999771
2026-10-07,first confirmed case,2,Kiambi,2026-10-21,pmf,invasion,0.000696
2026-10-07,first confirmed case,2,Kiambi,2026-10-21,pmf,no invasion,0.999304
2026-10-07,first confirmed case,2,Kibirizi,2026-10-21,pmf,invasion,0.034498
2026-10-07,first confirmed case,2,Kibirizi,2026-10-21,pmf,no invasion,0.965502
2026-10-07,first confirmed case,2,Kibombo,2026-10-21,pmf,invasion,0.001091
2026-10-07,first confirmed case,2,Kibombo,2026-10-21,pmf,no invasion,0.998909
2026-10-07,first confirmed case,2,Kibua,2026-10-21,pmf,invasion,0.004057
2026-10-07,first confirmed case,2,Kibua,2026-10-21,pmf,no invasion,0.995943
2026-10-07,first confirmed case,2,Kibunzi,2026-10-21,pmf,invasion,4e-05
2026-10-07,first confirmed case,2,Kibunzi,2026-10-21,pmf,no invasion,0.99996
2026-10-07,first confirmed case,2,Kikimi,2026-10-21,pmf,invasion,0.000295
2026-10-07,first confirmed case,2,Kikimi,2026-10-21,pmf,no invasion,0.999705
2026-10-07,first confirmed case,2,Kikongo,2026-10-21,pmf,invasion,0.000294
2026-10-07,first confirmed case,2,Kikongo,2026-10-21,pmf,no invasion,0.999706
2026-10-07,first confirmed case,2,Kikula,2026-10-21,pmf,invasion,8.3e-05
2026-10-07,first confirmed case,2,Kikula,2026-10-21,pmf,no invasion,0.999917
2026-10-07,first confirmed case,2,Kikwit Nord,2026-10-21,pmf,invasion,0.000803
2026-10-07,first confirmed case,2,Kikwit Nord,2026-10-21,pmf,no invasion,0.999197
2026-10-07,first confirmed case,2,Kikwit Sud,2026-10-21,pmf,invasion,0.000538
2026-10-07,first confirmed case,2,Kikwit Sud,2026-10-21,pmf,no invasion,0.999462
2026-10-07,first confirmed case,2,Kilela Balanda,2026-10-21,pmf,invasion,3.6e-05
2026-10-07,first confirmed case,2,Kilela Balanda,2026-10-21,pmf,no invasion,0.999964
2026-10-07,first confirmed case,2,Kilwa,2026-10-21,pmf,invasion,0.000282
2026-10-07,first confirmed case,2,Kilwa,2026-10-21,pmf,no invasion,0.999718
2026-10-07,first confirmed case,2,Kimbanseke,2026-10-21,pmf,invasion,6e-05
2026-10-07,first confirmed case,2,Kimbanseke,2026-10-21,pmf,no invasion,0.99994
2026-10-07,first confirmed case,2,Kimbao,2026-10-21,pmf,invasion,0.00025
2026-10-07,first confirmed case,2,Kimbao,2026-10-21,pmf,no invasion,0.99975
2026-10-07,first confirmed case,2,Kimbi Lulenge,2026-10-21,pmf,invasion,0.002066
2026-10-07,first confirmed case,2,Kimbi Lulenge,2026-10-21,pmf,no invasion,0.997934
2026-10-07,first confirmed case,2,Kimpangu,2026-10-21,pmf,invasion,3.1e-05
2026-10-07,first confirmed case,2,Kimpangu,2026-10-21,pmf,no invasion,0.999969
2026-10-07,first confirmed case,2,Kimpese,2026-10-21,pmf,invasion,0.000185
2026-10-07,first confirmed case,2,Kimpese,2026-10-21,pmf,no invasion,0.999815
2026-10-07,first confirmed case,2,Kimputu,2026-10-21,pmf,invasion,0.000968
2026-10-07,first confirmed case,2,Kimputu,2026-10-21,pmf,no invasion,0.999032
2026-10-07,first confirmed case,2,Kimvula,2026-10-21,pmf,invasion,0.000347
2026-10-07,first confirmed case,2,Kimvula,2026-10-21,pmf,no invasion,0.999653
2026-10-07,first confirmed case,2,Kinda,2026-10-21,pmf,invasion,0.000125
2026-10-07,first confirmed case,2,Kinda,2026-10-21,pmf,no invasion,0.999875
2026-10-07,first confirmed case,2,Kindu,2026-10-21,pmf,invasion,0.014459
2026-10-07,first confirmed case,2,Kindu,2026-10-21,pmf,no invasion,0.985541
2026-10-07,first confirmed case,2,Kingabwa,2026-10-21,pmf,invasion,0.000256
2026-10-07,first confirmed case,2,Kingabwa,2026-10-21,pmf,no invasion,0.999744
2026-10-07,first confirmed case,2,Kingandu,2026-10-21,pmf,invasion,0.000186
2026-10-07,first confirmed case,2,Kingandu,2026-10-21,pmf,no invasion,0.999814
2026-10-07,first confirmed case,2,Kingasani,2026-10-21,pmf,invasion,0.000153
2026-10-07,first confirmed case,2,Kingasani,2026-10-21,pmf,no invasion,0.999847
2026-10-07,first confirmed case,2,Kinkondja,2026-10-21,pmf,invasion,0.000369
2026-10-07,first confirmed case,2,Kinkondja,2026-10-21,pmf,no invasion,0.999631
2026-10-07,first confirmed case,2,Kinkonzi,2026-10-21,pmf,invasion,2.8e-05
2026-10-07,first confirmed case,2,Kinkonzi,2026-10-21,pmf,no invasion,0.999972
2026-10-07,first confirmed case,2,Kinshasa,2026-10-21,pmf,invasion,0.000545
2026-10-07,first confirmed case,2,Kinshasa,2026-10-21,pmf,no invasion,0.999455
2026-10-07,first confirmed case,2,Kintambo,2026-10-21,pmf,invasion,0.000484
2026-10-07,first confirmed case,2,Kintambo,2026-10-21,pmf,no invasion,0.999516
2026-10-07,first confirmed case,2,Kipushi,2026-10-21,pmf,invasion,0.00015
2026-10-07,first confirmed case,2,Kipushi,2026-10-21,pmf,no invasion,0.99985
2026-10-07,first confirmed case,2,Kiri,2026-10-21,pmf,invasion,0.000154
2026-10-07,first confirmed case,2,Kiri,2026-10-21,pmf,no invasion,0.999846
2026-10-07,first confirmed case,2,Kirotshe,2026-10-21,pmf,invasion,0.011274
2026-10-07,first confirmed case,2,Kirotshe,2026-10-21,pmf,no invasion,0.988726
2026-10-07,first confirmed case,2,Kisanga,2026-10-21,pmf,invasion,0.000132
2026-10-07,first confirmed case,2,Kisanga,2026-10-21,pmf,no invasion,0.999868
2026-10-07,first confirmed case,2,Kisanji,2026-10-21,pmf,invasion,0.000168
2026-10-07,first confirmed case,2,Kisanji,2026-10-21,pmf,no invasion,0.999832
2026-10-07,first confirmed case,2,Kisantu,2026-10-21,pmf,invasion,0.000178
2026-10-07,first confirmed case,2,Kisantu,2026-10-21,pmf,no invasion,0.999822
2026-10-07,first confirmed case,2,Kisenso,2026-10-21,pmf,invasion,0.00013
2026-10-07,first confirmed case,2,Kisenso,2026-10-21,pmf,no invasion,0.99987
2026-10-07,first confirmed case,2,Kitangwa,2026-10-21,pmf,invasion,0.000845
2026-10-07,first confirmed case,2,Kitangwa,2026-10-21,pmf,no invasion,0.999155
2026-10-07,first confirmed case,2,Kitenda,2026-10-21,pmf,invasion,7e-05
2026-10-07,first confirmed case,2,Kitenda,2026-10-21,pmf,no invasion,0.99993
2026-10-07,first confirmed case,2,Kitenge,2026-10-21,pmf,invasion,0.001008
2026-10-07,first confirmed case,2,Kitenge,2026-10-21,pmf,no invasion,0.998992
2026-10-07,first confirmed case,2,Kitona,2026-10-21,pmf,invasion,2e-06
2026-10-07,first confirmed case,2,Kitona,2026-10-21,pmf,no invasion,0.999998
2026-10-07,first confirmed case,2,Kitutu,2026-10-21,pmf,invasion,0.001555
2026-10-07,first confirmed case,2,Kitutu,2026-10-21,pmf,no invasion,0.998445
2026-10-07,first confirmed case,2,Kizu,2026-10-21,pmf,invasion,1.5e-05
2026-10-07,first confirmed case,2,Kizu,2026-10-21,pmf,no invasion,0.999985
2026-10-07,first confirmed case,2,Kokolo,2026-10-21,pmf,invasion,0.000643
2026-10-07,first confirmed case,2,Kokolo,2026-10-21,pmf,no invasion,0.999357
2026-10-07,first confirmed case,2,Kole,2026-10-21,pmf,invasion,0.000423
2026-10-07,first confirmed case,2,Kole,2026-10-21,pmf,no invasion,0.999577
2026-10-07,first confirmed case,2,Kongolo,2026-10-21,pmf,invasion,0.002828
2026-10-07,first confirmed case,2,Kongolo,2026-10-21,pmf,no invasion,0.997172
2026-10-07,first confirmed case,2,Koshibanda,2026-10-21,pmf,invasion,0.000613
2026-10-07,first confirmed case,2,Koshibanda,2026-10-21,pmf,no invasion,0.999387
2026-10-07,first confirmed case,2,Kowe,2026-10-21,pmf,invasion,1.9e-05
2026-10-07,first confirmed case,2,Kowe,2026-10-21,pmf,no invasion,0.999981
2026-10-07,first confirmed case,2,Kuimba,2026-10-21,pmf,invasion,5e-06
2026-10-07,first confirmed case,2,Kuimba,2026-10-21,pmf,no invasion,0.999995
2026-10-07,first confirmed case,2,Kunda,2026-10-21,pmf,invasion,0.003001
2026-10-07,first confirmed case,2,Kunda,2026-10-21,pmf,no invasion,0.996999
2026-10-07,first confirmed case,2,Kungu,2026-10-21,pmf,invasion,0.000533
2026-10-07,first confirmed case,2,Kungu,2026-10-21,pmf,no invasion,0.999467
2026-10-07,first confirmed case,2,Kwamouth,2026-10-21,pmf,invasion,0.000164
2026-10-07,first confirmed case,2,Kwamouth,2026-10-21,pmf,no invasion,0.999836
2026-10-07,first confirmed case,2,Kwilu Ngongo,2026-10-21,pmf,invasion,0.000139
2026-10-07,first confirmed case,2,Kwilu Ngongo,2026-10-21,pmf,no invasion,0.999861
2026-10-07,first confirmed case,2,Laybo,2026-10-21,pmf,invasion,0.012014
2026-10-07,first confirmed case,2,Laybo,2026-10-21,pmf,no invasion,0.987986
2026-10-07,first confirmed case,2,Lemba,2026-10-21,pmf,invasion,0.000707
2026-10-07,first confirmed case,2,Lemba,2026-10-21,pmf,no invasion,0.999293
2026-10-07,first confirmed case,2,Lemera,2026-10-21,pmf,invasion,0.00687
2026-10-07,first confirmed case,2,Lemera,2026-10-21,pmf,no invasion,0.99313
2026-10-07,first confirmed case,2,Libenge,2026-10-21,pmf,invasion,0.000403
2026-10-07,first confirmed case,2,Libenge,2026-10-21,pmf,no invasion,0.999597
2026-10-07,first confirmed case,2,Likasi,2026-10-21,pmf,invasion,0.000131
2026-10-07,first confirmed case,2,Likasi,2026-10-21,pmf,no invasion,0.999869
2026-10-07,first confirmed case,2,Likati,2026-10-21,pmf,invasion,0.002075
2026-10-07,first confirmed case,2,Likati,2026-10-21,pmf,no invasion,0.997925
2026-10-07,first confirmed case,2,Lilanga Bobangi,2026-10-21,pmf,invasion,2.3e-05
2026-10-07,first confirmed case,2,Lilanga Bobangi,2026-10-21,pmf,no invasion,0.999977
2026-10-07,first confirmed case,2,Limete,2026-10-21,pmf,invasion,0.000986
2026-10-07,first confirmed case,2,Limete,2026-10-21,pmf,no invasion,0.999014
2026-10-07,first confirmed case,2,Linga,2026-10-21,pmf,invasion,0.083794
2026-10-07,first confirmed case,2,Linga,2026-10-21,pmf,no invasion,0.916206
2026-10-07,first confirmed case,2,Lingomo,2026-10-21,pmf,invasion,0.001237
2026-10-07,first confirmed case,2,Lingomo,2026-10-21,pmf,no invasion,0.998763
2026-10-07,first confirmed case,2,Lingwala,2026-10-21,pmf,invasion,0.000688
2026-10-07,first confirmed case,2,Lingwala,2026-10-21,pmf,no invasion,0.999312
2026-10-07,first confirmed case,2,Lisala,2026-10-21,pmf,invasion,0.003508
2026-10-07,first confirmed case,2,Lisala,2026-10-21,pmf,no invasion,0.996492
2026-10-07,first confirmed case,2,Lodja,2026-10-21,pmf,invasion,0.002297
2026-10-07,first confirmed case,2,Lodja,2026-10-21,pmf,no invasion,0.997703
2026-10-07,first confirmed case,2,Loko,2026-10-21,pmf,invasion,0.000446
2026-10-07,first confirmed case,2,Loko,2026-10-21,pmf,no invasion,0.999554
2026-10-07,first confirmed case,2,Lolo,2026-10-21,pmf,invasion,0.015106
2026-10-07,first confirmed case,2,Lolo,2026-10-21,pmf,no invasion,0.984894
2026-10-07,first confirmed case,2,Lomela,2026-10-21,pmf,invasion,0.00072
2026-10-07,first confirmed case,2,Lomela,2026-10-21,pmf,no invasion,0.99928
2026-10-07,first confirmed case,2,Lotumbe,2026-10-21,pmf,invasion,0.000174
2026-10-07,first confirmed case,2,Lotumbe,2026-10-21,pmf,no invasion,0.999826
2026-10-07,first confirmed case,2,Lowa,2026-10-21,pmf,invasion,0.002633
2026-10-07,first confirmed case,2,Lowa,2026-10-21,pmf,no invasion,0.997367
2026-10-07,first confirmed case,2,Lualaba,2026-10-21,pmf,invasion,0.000359
2026-10-07,first confirmed case,2,Lualaba,2026-10-21,pmf,no invasion,0.999641
2026-10-07,first confirmed case,2,Luambo,2026-10-21,pmf,invasion,0.000372
2026-10-07,first confirmed case,2,Luambo,2026-10-21,pmf,no invasion,0.999628
2026-10-07,first confirmed case,2,Lubao,2026-10-21,pmf,invasion,0.003922
2026-10-07,first confirmed case,2,Lubao,2026-10-21,pmf,no invasion,0.996078
2026-10-07,first confirmed case,2,Lubilanji,2026-10-21,pmf,invasion,0.000413
2026-10-07,first confirmed case,2,Lubilanji,2026-10-21,pmf,no invasion,0.999587
2026-10-07,first confirmed case,2,Lubondaie,2026-10-21,pmf,invasion,0.001085
2026-10-07,first confirmed case,2,Lubondaie,2026-10-21,pmf,no invasion,0.998915
2026-10-07,first confirmed case,2,Lubudi,2026-10-21,pmf,invasion,0.000219
2026-10-07,first confirmed case,2,Lubudi,2026-10-21,pmf,no invasion,0.999781
2026-10-07,first confirmed case,2,Lubumbashi,2026-10-21,pmf,invasion,0.001095
2026-10-07,first confirmed case,2,Lubumbashi,2026-10-21,pmf,no invasion,0.998905
2026-10-07,first confirmed case,2,Lubunga (Kasaï-Central),2026-10-21,pmf,invasion,0.001212
2026-10-07,first confirmed case,2,Lubunga (Kasaï-Central),2026-10-21,pmf,no invasion,0.998788
2026-10-07,first confirmed case,2,Lubutu,2026-10-21,pmf,invasion,0.007484
2026-10-07,first confirmed case,2,Lubutu,2026-10-21,pmf,no invasion,0.992516
2026-10-07,first confirmed case,2,Ludimbi Lukula,2026-10-21,pmf,invasion,0.003032
2026-10-07,first confirmed case,2,Ludimbi Lukula,2026-10-21,pmf,no invasion,0.996968
2026-10-07,first confirmed case,2,Luebo,2026-10-21,pmf,invasion,0.000877
2026-10-07,first confirmed case,2,Luebo,2026-10-21,pmf,no invasion,0.999123
2026-10-07,first confirmed case,2,Luiza,2026-10-21,pmf,invasion,0.000745
2026-10-07,first confirmed case,2,Luiza,2026-10-21,pmf,no invasion,0.999255
2026-10-07,first confirmed case,2,Lukafu,2026-10-21,pmf,invasion,0.000132
2026-10-07,first confirmed case,2,Lukafu,2026-10-21,pmf,no invasion,0.999868
2026-10-07,first confirmed case,2,Lukelenge,2026-10-21,pmf,invasion,0.000513
2026-10-07,first confirmed case,2,Lukelenge,2026-10-21,pmf,no invasion,0.999487
2026-10-07,first confirmed case,2,Lukolela,2026-10-21,pmf,invasion,0.000151
2026-10-07,first confirmed case,2,Lukolela,2026-10-21,pmf,no invasion,0.999849
2026-10-07,first confirmed case,2,Lukonga,2026-10-21,pmf,invasion,0.000781
2026-10-07,first confirmed case,2,Lukonga,2026-10-21,pmf,no invasion,0.999219
2026-10-07,first confirmed case,2,Lukula,2026-10-21,pmf,invasion,8.7e-05
2026-10-07,first confirmed case,2,Lukula,2026-10-21,pmf,no invasion,0.999913
2026-10-07,first confirmed case,2,Lulingu,2026-10-21,pmf,invasion,0.00271
2026-10-07,first confirmed case,2,Lulingu,2026-10-21,pmf,no invasion,0.99729
2026-10-07,first confirmed case,2,Luozi,2026-10-21,pmf,invasion,0.000337
2026-10-07,first confirmed case,2,Luozi,2026-10-21,pmf,no invasion,0.999663
2026-10-07,first confirmed case,2,Luputa,2026-10-21,pmf,invasion,0.00135
2026-10-07,first confirmed case,2,Luputa,2026-10-21,pmf,no invasion,0.99865
2026-10-07,first confirmed case,2,Lusambo,2026-10-21,pmf,invasion,0.000524
2026-10-07,first confirmed case,2,Lusambo,2026-10-21,pmf,no invasion,0.999476
2026-10-07,first confirmed case,2,Lusanga,2026-10-21,pmf,invasion,0.000789
2026-10-07,first confirmed case,2,Lusanga,2026-10-21,pmf,no invasion,0.999211
2026-10-07,first confirmed case,2,Lusangi,2026-10-21,pmf,invasion,0.001533
2026-10-07,first confirmed case,2,Lusangi,2026-10-21,pmf,no invasion,0.998467
2026-10-07,first confirmed case,2,Lwamba,2026-10-21,pmf,invasion,0.000777
2026-10-07,first confirmed case,2,Lwamba,2026-10-21,pmf,no invasion,0.999223
2026-10-07,first confirmed case,2,Makala,2026-10-21,pmf,invasion,0.000105
2026-10-07,first confirmed case,2,Makala,2026-10-21,pmf,no invasion,0.999895
2026-10-07,first confirmed case,2,Makanza,2026-10-21,pmf,invasion,0.000612
2026-10-07,first confirmed case,2,Makanza,2026-10-21,pmf,no invasion,0.999388
2026-10-07,first confirmed case,2,Makoro,2026-10-21,pmf,invasion,0.033591
2026-10-07,first confirmed case,2,Makoro,2026-10-21,pmf,no invasion,0.96641
2026-10-07,first confirmed case,2,Makota,2026-10-21,pmf,invasion,0.000548
2026-10-07,first confirmed case,2,Makota,2026-10-21,pmf,no invasion,0.999452
2026-10-07,first confirmed case,2,Malemba Nkulu,2026-10-21,pmf,invasion,0.000678
2026-10-07,first confirmed case,2,Malemba Nkulu,2026-10-21,pmf,no invasion,0.999322
2026-10-07,first confirmed case,2,Maluku 1,2026-10-21,pmf,invasion,0.000413
2026-10-07,first confirmed case,2,Maluku 1,2026-10-21,pmf,no invasion,0.999587
2026-10-07,first confirmed case,2,Maluku 2,2026-10-21,pmf,invasion,0.000372
2026-10-07,first confirmed case,2,Maluku 2,2026-10-21,pmf,no invasion,0.999628
2026-10-07,first confirmed case,2,Mampoko,2026-10-21,pmf,invasion,0.000195
2026-10-07,first confirmed case,2,Mampoko,2026-10-21,pmf,no invasion,0.999805
2026-10-07,first confirmed case,2,Mangembo,2026-10-21,pmf,invasion,0.000147
2026-10-07,first confirmed case,2,Mangembo,2026-10-21,pmf,no invasion,0.999853
2026-10-07,first confirmed case,2,Manika,2026-10-21,pmf,invasion,0.000478
2026-10-07,first confirmed case,2,Manika,2026-10-21,pmf,no invasion,0.999522
2026-10-07,first confirmed case,2,Manono,2026-10-21,pmf,invasion,0.001102
2026-10-07,first confirmed case,2,Manono,2026-10-21,pmf,no invasion,0.998898
2026-10-07,first confirmed case,2,Masi Manimba,2026-10-21,pmf,invasion,0.000576
2026-10-07,first confirmed case,2,Masi Manimba,2026-10-21,pmf,no invasion,0.999424
2026-10-07,first confirmed case,2,Masina 1,2026-10-21,pmf,invasion,0.000429
2026-10-07,first confirmed case,2,Masina 1,2026-10-21,pmf,no invasion,0.999571
2026-10-07,first confirmed case,2,Masina 2,2026-10-21,pmf,invasion,0.000247
2026-10-07,first confirmed case,2,Masina 2,2026-10-21,pmf,no invasion,0.999753
2026-10-07,first confirmed case,2,Masisi,2026-10-21,pmf,invasion,0.01111
2026-10-07,first confirmed case,2,Masisi,2026-10-21,pmf,no invasion,0.98889
2026-10-07,first confirmed case,2,Massa,2026-10-21,pmf,invasion,9e-05
2026-10-07,first confirmed case,2,Massa,2026-10-21,pmf,no invasion,0.99991
2026-10-07,first confirmed case,2,Masuika,2026-10-21,pmf,invasion,0.002305
2026-10-07,first confirmed case,2,Masuika,2026-10-21,pmf,no invasion,0.997695
2026-10-07,first confirmed case,2,Matadi,2026-10-21,pmf,invasion,0.000131
2026-10-07,first confirmed case,2,Matadi,2026-10-21,pmf,no invasion,0.999869
2026-10-07,first confirmed case,2,Matete,2026-10-21,pmf,invasion,0.000361
2026-10-07,first confirmed case,2,Matete,2026-10-21,pmf,no invasion,0.999639
2026-10-07,first confirmed case,2,Mawuya,2026-10-21,pmf,invasion,0.000387
2026-10-07,first confirmed case,2,Mawuya,2026-10-21,pmf,no invasion,0.999613
2026-10-07,first confirmed case,2,Mbandaka,2026-10-21,pmf,invasion,0.000473
2026-10-07,first confirmed case,2,Mbandaka,2026-10-21,pmf,no invasion,0.999527
2026-10-07,first confirmed case,2,Mbanza Ngungu,2026-10-21,pmf,invasion,0.000151
2026-10-07,first confirmed case,2,Mbanza Ngungu,2026-10-21,pmf,no invasion,0.999849
2026-10-07,first confirmed case,2,Mbaya,2026-10-21,pmf,invasion,0.007506
2026-10-07,first confirmed case,2,Mbaya,2026-10-21,pmf,no invasion,0.992494
2026-10-07,first confirmed case,2,Mbulula,2026-10-21,pmf,invasion,0.002052
2026-10-07,first confirmed case,2,Mbulula,2026-10-21,pmf,no invasion,0.997948
2026-10-07,first confirmed case,2,Miabi,2026-10-21,pmf,invasion,0.000324
2026-10-07,first confirmed case,2,Miabi,2026-10-21,pmf,no invasion,0.999676
2026-10-07,first confirmed case,2,Mikalayi,2026-10-21,pmf,invasion,0.000861
2026-10-07,first confirmed case,2,Mikalayi,2026-10-21,pmf,no invasion,0.999139
2026-10-07,first confirmed case,2,Mikope,2026-10-21,pmf,invasion,0.000335
2026-10-07,first confirmed case,2,Mikope,2026-10-21,pmf,no invasion,0.999665
2026-10-07,first confirmed case,2,Mimia,2026-10-21,pmf,invasion,0.000126
2026-10-07,first confirmed case,2,Mimia,2026-10-21,pmf,no invasion,0.999874
2026-10-07,first confirmed case,2,Minembwe,2026-10-21,pmf,invasion,0.003476
2026-10-07,first confirmed case,2,Minembwe,2026-10-21,pmf,no invasion,0.996524
2026-10-07,first confirmed case,2,Minga,2026-10-21,pmf,invasion,0.000726
2026-10-07,first confirmed case,2,Minga,2026-10-21,pmf,no invasion,0.999274
2026-10-07,first confirmed case,2,Minova,2026-10-21,pmf,invasion,0.005198
2026-10-07,first confirmed case,2,Minova,2026-10-21,pmf,no invasion,0.994802
2026-10-07,first confirmed case,2,Mitwaba,2026-10-21,pmf,invasion,0.000219
2026-10-07,first confirmed case,2,Mitwaba,2026-10-21,pmf,no invasion,0.999781
2026-10-07,first confirmed case,2,Moanza,2026-10-21,pmf,invasion,0.00058
2026-10-07,first confirmed case,2,Moanza,2026-10-21,pmf,no invasion,0.99942
2026-10-07,first confirmed case,2,Moba,2026-10-21,pmf,invasion,0.000926
2026-10-07,first confirmed case,2,Moba,2026-10-21,pmf,no invasion,0.999074
2026-10-07,first confirmed case,2,Mobayi Mbongo,2026-10-21,pmf,invasion,0.000308
2026-10-07,first confirmed case,2,Mobayi Mbongo,2026-10-21,pmf,no invasion,0.999692
2026-10-07,first confirmed case,2,Mokala,2026-10-21,pmf,invasion,0.000378
2026-10-07,first confirmed case,2,Mokala,2026-10-21,pmf,no invasion,0.999622
2026-10-07,first confirmed case,2,Mompono,2026-10-21,pmf,invasion,0.001741
2026-10-07,first confirmed case,2,Mompono,2026-10-21,pmf,no invasion,0.998259
2026-10-07,first confirmed case,2,Mondombe,2026-10-21,pmf,invasion,0.000886
2026-10-07,first confirmed case,2,Mondombe,2026-10-21,pmf,no invasion,0.999114
2026-10-07,first confirmed case,2,Monga,2026-10-21,pmf,invasion,0.000665
2026-10-07,first confirmed case,2,Monga,2026-10-21,pmf,no invasion,0.999335
2026-10-07,first confirmed case,2,Monieka,2026-10-21,pmf,invasion,0.000154
2026-10-07,first confirmed case,2,Monieka,2026-10-21,pmf,no invasion,0.999846
2026-10-07,first confirmed case,2,Monkoto,2026-10-21,pmf,invasion,0.000325
2026-10-07,first confirmed case,2,Monkoto,2026-10-21,pmf,no invasion,0.999675
2026-10-07,first confirmed case,2,Mont Ngafula 1,2026-10-21,pmf,invasion,0.000404
2026-10-07,first confirmed case,2,Mont Ngafula 1,2026-10-21,pmf,no invasion,0.999596
2026-10-07,first confirmed case,2,Mont Ngafula 2,2026-10-21,pmf,invasion,0.0003
2026-10-07,first confirmed case,2,Mont Ngafula 2,2026-10-21,pmf,no invasion,0.9997
2026-10-07,first confirmed case,2,Mosango,2026-10-21,pmf,invasion,0.00048
2026-10-07,first confirmed case,2,Mosango,2026-10-21,pmf,no invasion,0.99952
2026-10-07,first confirmed case,2,Mpokolo,2026-10-21,pmf,invasion,0.001205
2026-10-07,first confirmed case,2,Mpokolo,2026-10-21,pmf,no invasion,0.998795
2026-10-07,first confirmed case,2,Muanda,2026-10-21,pmf,invasion,6e-06
2026-10-07,first confirmed case,2,Muanda,2026-10-21,pmf,no invasion,0.999994
2026-10-07,first confirmed case,2,Mubumbano,2026-10-21,pmf,invasion,0.002588
2026-10-07,first confirmed case,2,Mubumbano,2026-10-21,pmf,no invasion,0.997412
2026-10-07,first confirmed case,2,Muetshi,2026-10-21,pmf,invasion,0.000448
2026-10-07,first confirmed case,2,Muetshi,2026-10-21,pmf,no invasion,0.999552
2026-10-07,first confirmed case,2,Mufunga Sampwe,2026-10-21,pmf,invasion,0.000937
2026-10-07,first confirmed case,2,Mufunga Sampwe,2026-10-21,pmf,no invasion,0.999063
2026-10-07,first confirmed case,2,Mukanga,2026-10-21,pmf,invasion,0.000476
2026-10-07,first confirmed case,2,Mukanga,2026-10-21,pmf,no invasion,0.999524
2026-10-07,first confirmed case,2,Mukedi,2026-10-21,pmf,invasion,0.000741
2026-10-07,first confirmed case,2,Mukedi,2026-10-21,pmf,no invasion,0.999259
2026-10-07,first confirmed case,2,Mukumbi,2026-10-21,pmf,invasion,0.00145
2026-10-07,first confirmed case,2,Mukumbi,2026-10-21,pmf,no invasion,0.99855
2026-10-07,first confirmed case,2,Mulongo,2026-10-21,pmf,invasion,0.000471
2026-10-07,first confirmed case,2,Mulongo,2026-10-21,pmf,no invasion,0.999529
2026-10-07,first confirmed case,2,Mulumba,2026-10-21,pmf,invasion,0.001363
2026-10-07,first confirmed case,2,Mulumba,2026-10-21,pmf,no invasion,0.998637
2026-10-07,first confirmed case,2,Mulungu,2026-10-21,pmf,invasion,0.002543
2026-10-07,first confirmed case,2,Mulungu,2026-10-21,pmf,no invasion,0.997457
2026-10-07,first confirmed case,2,Mumbunda,2026-10-21,pmf,invasion,0.000809
2026-10-07,first confirmed case,2,Mumbunda,2026-10-21,pmf,no invasion,0.999191
2026-10-07,first confirmed case,2,Mungindu,2026-10-21,pmf,invasion,0.000681
2026-10-07,first confirmed case,2,Mungindu,2026-10-21,pmf,no invasion,0.999319
2026-10-07,first confirmed case,2,Mushenge,2026-10-21,pmf,invasion,0.000295
2026-10-07,first confirmed case,2,Mushenge,2026-10-21,pmf,no invasion,0.999705
2026-10-07,first confirmed case,2,Mushie,2026-10-21,pmf,invasion,0.000154
2026-10-07,first confirmed case,2,Mushie,2026-10-21,pmf,no invasion,0.999846
2026-10-07,first confirmed case,2,Mutena,2026-10-21,pmf,invasion,0.000231
2026-10-07,first confirmed case,2,Mutena,2026-10-21,pmf,no invasion,0.999769
2026-10-07,first confirmed case,2,Mutoto,2026-10-21,pmf,invasion,0.000776
2026-10-07,first confirmed case,2,Mutoto,2026-10-21,pmf,no invasion,0.999224
2026-10-07,first confirmed case,2,Mutshatsha,2026-10-21,pmf,invasion,3.8e-05
2026-10-07,first confirmed case,2,Mutshatsha,2026-10-21,pmf,no invasion,0.999962
2026-10-07,first confirmed case,2,Muya,2026-10-21,pmf,invasion,0.000402
2026-10-07,first confirmed case,2,Muya,2026-10-21,pmf,no invasion,0.999598
2026-10-07,first confirmed case,2,Mwana,2026-10-21,pmf,invasion,0.003036
2026-10-07,first confirmed case,2,Mwana,2026-10-21,pmf,no invasion,0.996964
2026-10-07,first confirmed case,2,Mweka,2026-10-21,pmf,invasion,0.000883
2026-10-07,first confirmed case,2,Mweka,2026-10-21,pmf,no invasion,0.999117
2026-10-07,first confirmed case,2,Mwela Lembwa,2026-10-21,pmf,invasion,0.000136
2026-10-07,first confirmed case,2,Mwela Lembwa,2026-10-21,pmf,no invasion,0.999864
2026-10-07,first confirmed case,2,Mweneditu,2026-10-21,pmf,invasion,0.001285
2026-10-07,first confirmed case,2,Mweneditu,2026-10-21,pmf,no invasion,0.998715
2026-10-07,first confirmed case,2,Mwenga,2026-10-21,pmf,invasion,0.003875
2026-10-07,first confirmed case,2,Mwenga,2026-10-21,pmf,no invasion,0.996125
2026-10-07,first confirmed case,2,Mweso,2026-10-21,pmf,invasion,0.00888
2026-10-07,first confirmed case,2,Mweso,2026-10-21,pmf,no invasion,0.99112
2026-10-07,first confirmed case,2,Ndage,2026-10-21,pmf,invasion,0.0016
2026-10-07,first confirmed case,2,Ndage,2026-10-21,pmf,no invasion,0.9984
2026-10-07,first confirmed case,2,Ndekesha,2026-10-21,pmf,invasion,0.001934
2026-10-07,first confirmed case,2,Ndekesha,2026-10-21,pmf,no invasion,0.998066
2026-10-07,first confirmed case,2,Ndesha,2026-10-21,pmf,invasion,0.000191
2026-10-07,first confirmed case,2,Ndesha,2026-10-21,pmf,no invasion,0.999809
2026-10-07,first confirmed case,2,Ndjili,2026-10-21,pmf,invasion,0.000257
2026-10-07,first confirmed case,2,Ndjili,2026-10-21,pmf,no invasion,0.999743
2026-10-07,first confirmed case,2,Ndjoko Mpunda,2026-10-21,pmf,invasion,0.001271
2026-10-07,first confirmed case,2,Ndjoko Mpunda,2026-10-21,pmf,no invasion,0.998729
2026-10-07,first confirmed case,2,Ngaba,2026-10-21,pmf,invasion,5.7e-05
2026-10-07,first confirmed case,2,Ngaba,2026-10-21,pmf,no invasion,0.999943
2026-10-07,first confirmed case,2,Ngandajika,2026-10-21,pmf,invasion,0.003276
2026-10-07,first confirmed case,2,Ngandajika,2026-10-21,pmf,no invasion,0.996724
2026-10-07,first confirmed case,2,Ngidinga,2026-10-21,pmf,invasion,0.000108
2026-10-07,first confirmed case,2,Ngidinga,2026-10-21,pmf,no invasion,0.999892
2026-10-07,first confirmed case,2,Ngiri Ngiri,2026-10-21,pmf,invasion,0.000165
2026-10-07,first confirmed case,2,Ngiri Ngiri,2026-10-21,pmf,no invasion,0.999835
2026-10-07,first confirmed case,2,Niangara,2026-10-21,pmf,invasion,0.068652
2026-10-07,first confirmed case,2,Niangara,2026-10-21,pmf,no invasion,0.931348
2026-10-07,first confirmed case,2,Nioki,2026-10-21,pmf,invasion,0.000179
2026-10-07,first confirmed case,2,Nioki,2026-10-21,pmf,no invasion,0.999821
2026-10-07,first confirmed case,2,Nsele,2026-10-21,pmf,invasion,0.001426
2026-10-07,first confirmed case,2,Nsele,2026-10-21,pmf,no invasion,0.998574
2026-10-07,first confirmed case,2,Nselo,2026-10-21,pmf,invasion,4.9e-05
2026-10-07,first confirmed case,2,Nselo,2026-10-21,pmf,no invasion,0.999951
2026-10-07,first confirmed case,2,Nsona Mpangu,2026-10-21,pmf,invasion,0.000122
2026-10-07,first confirmed case,2,Nsona Mpangu,2026-10-21,pmf,no invasion,0.999878
2026-10-07,first confirmed case,2,Ntandembelo,2026-10-21,pmf,invasion,0.000153
2026-10-07,first confirmed case,2,Ntandembelo,2026-10-21,pmf,no invasion,0.999847
2026-10-07,first confirmed case,2,Ntondo,2026-10-21,pmf,invasion,0.000156
2026-10-07,first confirmed case,2,Ntondo,2026-10-21,pmf,no invasion,0.999844
2026-10-07,first confirmed case,2,Nundu,2026-10-21,pmf,invasion,0.004978
2026-10-07,first confirmed case,2,Nundu,2026-10-21,pmf,no invasion,0.995022
2026-10-07,first confirmed case,2,Nyanga,2026-10-21,pmf,invasion,0.000227
2026-10-07,first confirmed case,2,Nyanga,2026-10-21,pmf,no invasion,0.999773
2026-10-07,first confirmed case,2,Nyangezi,2026-10-21,pmf,invasion,0.003422
2026-10-07,first confirmed case,2,Nyangezi,2026-10-21,pmf,no invasion,0.996578
2026-10-07,first confirmed case,2,Nyantende,2026-10-21,pmf,invasion,0.002446
2026-10-07,first confirmed case,2,Nyantende,2026-10-21,pmf,no invasion,0.997554
2026-10-07,first confirmed case,2,Nyarambe,2026-10-21,pmf,invasion,0.011897
2026-10-07,first confirmed case,2,Nyarambe,2026-10-21,pmf,no invasion,0.988103
2026-10-07,first confirmed case,2,Nyemba,2026-10-21,pmf,invasion,0.003273
2026-10-07,first confirmed case,2,Nyemba,2026-10-21,pmf,no invasion,0.996727
2026-10-07,first confirmed case,2,Nyiragongo,2026-10-21,pmf,invasion,0.004412
2026-10-07,first confirmed case,2,Nyiragongo,2026-10-21,pmf,no invasion,0.995588
2026-10-07,first confirmed case,2,Nyunzu,2026-10-21,pmf,invasion,0.001557
2026-10-07,first confirmed case,2,Nyunzu,2026-10-21,pmf,no invasion,0.998443
2026-10-07,first confirmed case,2,Nzaba,2026-10-21,pmf,invasion,0.000812
2026-10-07,first confirmed case,2,Nzaba,2026-10-21,pmf,no invasion,0.999188
2026-10-07,first confirmed case,2,Nzanza,2026-10-21,pmf,invasion,2.9e-05
2026-10-07,first confirmed case,2,Nzanza,2026-10-21,pmf,no invasion,0.999971
2026-10-07,first confirmed case,2,Obokote,2026-10-21,pmf,invasion,0.000803
2026-10-07,first confirmed case,2,Obokote,2026-10-21,pmf,no invasion,0.999197
2026-10-07,first confirmed case,2,Omendjadi,2026-10-21,pmf,invasion,0.002245
2026-10-07,first confirmed case,2,Omendjadi,2026-10-21,pmf,no invasion,0.997755
2026-10-07,first confirmed case,2,Opala,2026-10-21,pmf,invasion,0.00152
2026-10-07,first confirmed case,2,Opala,2026-10-21,pmf,no invasion,0.99848
2026-10-07,first confirmed case,2,Opienge,2026-10-21,pmf,invasion,0.005085
2026-10-07,first confirmed case,2,Opienge,2026-10-21,pmf,no invasion,0.994915
2026-10-07,first confirmed case,2,Oshwe,2026-10-21,pmf,invasion,0.000203
2026-10-07,first confirmed case,2,Oshwe,2026-10-21,pmf,no invasion,0.999797
2026-10-07,first confirmed case,2,Ototo,2026-10-21,pmf,invasion,0.000694
2026-10-07,first confirmed case,2,Ototo,2026-10-21,pmf,no invasion,0.999306
2026-10-07,first confirmed case,2,Panda,2026-10-21,pmf,invasion,9.1e-05
2026-10-07,first confirmed case,2,Panda,2026-10-21,pmf,no invasion,0.999909
2026-10-07,first confirmed case,2,Pangi,2026-10-21,pmf,invasion,0.000623
2026-10-07,first confirmed case,2,Pangi,2026-10-21,pmf,no invasion,0.999377
2026-10-07,first confirmed case,2,Pania Mutombo,2026-10-21,pmf,invasion,0.000329
2026-10-07,first confirmed case,2,Pania Mutombo,2026-10-21,pmf,no invasion,0.999671
2026-10-07,first confirmed case,2,Panzi,2026-10-21,pmf,invasion,0.000273
2026-10-07,first confirmed case,2,Panzi,2026-10-21,pmf,no invasion,0.999727
2026-10-07,first confirmed case,2,Pay Kongila,2026-10-21,pmf,invasion,0.000301
2026-10-07,first confirmed case,2,Pay Kongila,2026-10-21,pmf,no invasion,0.999699
2026-10-07,first confirmed case,2,Pendjwa,2026-10-21,pmf,invasion,0.000371
2026-10-07,first confirmed case,2,Pendjwa,2026-10-21,pmf,no invasion,0.999629
2026-10-07,first confirmed case,2,Pimu,2026-10-21,pmf,invasion,0.00066
2026-10-07,first confirmed case,2,Pimu,2026-10-21,pmf,no invasion,0.99934
2026-10-07,first confirmed case,2,Pinga,2026-10-21,pmf,invasion,0.006637
2026-10-07,first confirmed case,2,Pinga,2026-10-21,pmf,no invasion,0.993363
2026-10-07,first confirmed case,2,Poko,2026-10-21,pmf,invasion,0.060084
2026-10-07,first confirmed case,2,Poko,2026-10-21,pmf,no invasion,0.939916
2026-10-07,first confirmed case,2,Police,2026-10-21,pmf,invasion,0.000155
2026-10-07,first confirmed case,2,Police,2026-10-21,pmf,no invasion,0.999845
2026-10-07,first confirmed case,2,Popokabaka,2026-10-21,pmf,invasion,0.00023
2026-10-07,first confirmed case,2,Popokabaka,2026-10-21,pmf,no invasion,0.99977
2026-10-07,first confirmed case,2,Punia,2026-10-21,pmf,invasion,0.003008
2026-10-07,first confirmed case,2,Punia,2026-10-21,pmf,no invasion,0.996992
2026-10-07,first confirmed case,2,Pweto,2026-10-21,pmf,invasion,0.000288
2026-10-07,first confirmed case,2,Pweto,2026-10-21,pmf,no invasion,0.999712
2026-10-07,first confirmed case,2,Rethy,2026-10-21,pmf,invasion,0.20446
2026-10-07,first confirmed case,2,Rethy,2026-10-21,pmf,no invasion,0.79554
2026-10-07,first confirmed case,2,Ruashi,2026-10-21,pmf,invasion,0.000172
2026-10-07,first confirmed case,2,Ruashi,2026-10-21,pmf,no invasion,0.999828
2026-10-07,first confirmed case,2,Rutshuru,2026-10-21,pmf,invasion,0.010734
2026-10-07,first confirmed case,2,Rutshuru,2026-10-21,pmf,no invasion,0.989266
2026-10-07,first confirmed case,2,Ruzizi,2026-10-21,pmf,invasion,0.012892
2026-10-07,first confirmed case,2,Ruzizi,2026-10-21,pmf,no invasion,0.987108
2026-10-07,first confirmed case,2,Rwanguba,2026-10-21,pmf,invasion,0.012604
2026-10-07,first confirmed case,2,Rwanguba,2026-10-21,pmf,no invasion,0.987396
2026-10-07,first confirmed case,2,Sakania,2026-10-21,pmf,invasion,0.000185
2026-10-07,first confirmed case,2,Sakania,2026-10-21,pmf,no invasion,0.999815
2026-10-07,first confirmed case,2,Samba,2026-10-21,pmf,invasion,0.001472
2026-10-07,first confirmed case,2,Samba,2026-10-21,pmf,no invasion,0.998528
2026-10-07,first confirmed case,2,Sandoa,2026-10-21,pmf,invasion,0.000285
2026-10-07,first confirmed case,2,Sandoa,2026-10-21,pmf,no invasion,0.999715
2026-10-07,first confirmed case,2,Saramabila,2026-10-21,pmf,invasion,0.002827
2026-10-07,first confirmed case,2,Saramabila,2026-10-21,pmf,no invasion,0.997173
2026-10-07,first confirmed case,2,Seke Banza,2026-10-21,pmf,invasion,8.8e-05
2026-10-07,first confirmed case,2,Seke Banza,2026-10-21,pmf,no invasion,0.999912
2026-10-07,first confirmed case,2,Selembao,2026-10-21,pmf,invasion,0.000283
2026-10-07,first confirmed case,2,Selembao,2026-10-21,pmf,no invasion,0.999717
2026-10-07,first confirmed case,2,Shabunda,2026-10-21,pmf,invasion,0.005567
2026-10-07,first confirmed case,2,Shabunda,2026-10-21,pmf,no invasion,0.994433
2026-10-07,first confirmed case,2,Sia,2026-10-21,pmf,invasion,0.000228
2026-10-07,first confirmed case,2,Sia,2026-10-21,pmf,no invasion,0.999772
2026-10-07,first confirmed case,2,Sona Bata,2026-10-21,pmf,invasion,7.5e-05
2026-10-07,first confirmed case,2,Sona Bata,2026-10-21,pmf,no invasion,0.999925
2026-10-07,first confirmed case,2,Songa,2026-10-21,pmf,invasion,0.000305
2026-10-07,first confirmed case,2,Songa,2026-10-21,pmf,no invasion,0.999695
2026-10-07,first confirmed case,2,Tandala,2026-10-21,pmf,invasion,0.001116
2026-10-07,first confirmed case,2,Tandala,2026-10-21,pmf,no invasion,0.998884
2026-10-07,first confirmed case,2,Tembo,2026-10-21,pmf,invasion,1.4e-05
2026-10-07,first confirmed case,2,Tembo,2026-10-21,pmf,no invasion,0.999986
2026-10-07,first confirmed case,2,Titule,2026-10-21,pmf,invasion,0.004093
2026-10-07,first confirmed case,2,Titule,2026-10-21,pmf,no invasion,0.995907
2026-10-07,first confirmed case,2,Tshamilemba,2026-10-21,pmf,invasion,0.000453
2026-10-07,first confirmed case,2,Tshamilemba,2026-10-21,pmf,no invasion,0.999547
2026-10-07,first confirmed case,2,Tshela,2026-10-21,pmf,invasion,6e-06
2026-10-07,first confirmed case,2,Tshela,2026-10-21,pmf,no invasion,0.999994
2026-10-07,first confirmed case,2,Tshibala,2026-10-21,pmf,invasion,0.001589
2026-10-07,first confirmed case,2,Tshibala,2026-10-21,pmf,no invasion,0.998411
2026-10-07,first confirmed case,2,Tshikaji,2026-10-21,pmf,invasion,0.000767
2026-10-07,first confirmed case,2,Tshikaji,2026-10-21,pmf,no invasion,0.999233
2026-10-07,first confirmed case,2,Tshikapa,2026-10-21,pmf,invasion,0.000637
2026-10-07,first confirmed case,2,Tshikapa,2026-10-21,pmf,no invasion,0.999363
2026-10-07,first confirmed case,2,Tshikula,2026-10-21,pmf,invasion,0.00044
2026-10-07,first confirmed case,2,Tshikula,2026-10-21,pmf,no invasion,0.99956
2026-10-07,first confirmed case,2,Tshilenge,2026-10-21,pmf,invasion,0.000597
2026-10-07,first confirmed case,2,Tshilenge,2026-10-21,pmf,no invasion,0.999403
2026-10-07,first confirmed case,2,Tshishimbi,2026-10-21,pmf,invasion,0.000337
2026-10-07,first confirmed case,2,Tshishimbi,2026-10-21,pmf,no invasion,0.999663
2026-10-07,first confirmed case,2,Tshofa,2026-10-21,pmf,invasion,0.003181
2026-10-07,first confirmed case,2,Tshofa,2026-10-21,pmf,no invasion,0.996819
2026-10-07,first confirmed case,2,Tshudi Loto,2026-10-21,pmf,invasion,0.000583
2026-10-07,first confirmed case,2,Tshudi Loto,2026-10-21,pmf,no invasion,0.999417
2026-10-07,first confirmed case,2,Tshumbe,2026-10-21,pmf,invasion,0.00079
2026-10-07,first confirmed case,2,Tshumbe,2026-10-21,pmf,no invasion,0.99921
2026-10-07,first confirmed case,2,Tunda,2026-10-21,pmf,invasion,0.000568
2026-10-07,first confirmed case,2,Tunda,2026-10-21,pmf,no invasion,0.999432
2026-10-07,first confirmed case,2,Ubundu,2026-10-21,pmf,invasion,0.003814
2026-10-07,first confirmed case,2,Ubundu,2026-10-21,pmf,no invasion,0.996186
2026-10-07,first confirmed case,2,Uvira,2026-10-21,pmf,invasion,0.020972
2026-10-07,first confirmed case,2,Uvira,2026-10-21,pmf,no invasion,0.979028
2026-10-07,first confirmed case,2,Vaku,2026-10-21,pmf,invasion,4.8e-05
2026-10-07,first confirmed case,2,Vaku,2026-10-21,pmf,no invasion,0.999952
2026-10-07,first confirmed case,2,Vanga,2026-10-21,pmf,invasion,0.00069
2026-10-07,first confirmed case,2,Vanga,2026-10-21,pmf,no invasion,0.99931
2026-10-07,first confirmed case,2,Vanga Kete,2026-10-21,pmf,invasion,0.000833
2026-10-07,first confirmed case,2,Vanga Kete,2026-10-21,pmf,no invasion,0.999167
2026-10-07,first confirmed case,2,Vangu,2026-10-21,pmf,invasion,2.6e-05
2026-10-07,first confirmed case,2,Vangu,2026-10-21,pmf,no invasion,0.999974
2026-10-07,first confirmed case,2,Walikale,2026-10-21,pmf,invasion,0.013049
2026-10-07,first confirmed case,2,Walikale,2026-10-21,pmf,no invasion,0.986951
2026-10-07,first confirmed case,2,Walungu,2026-10-21,pmf,invasion,0.003692
2026-10-07,first confirmed case,2,Walungu,2026-10-21,pmf,no invasion,0.996308
2026-10-07,first confirmed case,2,Wamba Lwadi,2026-10-21,pmf,invasion,0.000198
2026-10-07,first confirmed case,2,Wamba Lwadi,2026-10-21,pmf,no invasion,0.999802
2026-10-07,first confirmed case,2,Wangata,2026-10-21,pmf,invasion,0.000473
2026-10-07,first confirmed case,2,Wangata,2026-10-21,pmf,no invasion,0.999527
2026-10-07,first confirmed case,2,Wapinda,2026-10-21,pmf,invasion,0.000714
2026-10-07,first confirmed case,2,Wapinda,2026-10-21,pmf,no invasion,0.999286
2026-10-07,first confirmed case,2,Wasolo,2026-10-21,pmf,invasion,0.001237
2026-10-07,first confirmed case,2,Wasolo,2026-10-21,pmf,no invasion,0.998763
2026-10-07,first confirmed case,2,Watsa,2026-10-21,pmf,invasion,0.112342
2026-10-07,first confirmed case,2,Watsa,2026-10-21,pmf,no invasion,0.887658
2026-10-07,first confirmed case,2,Wema,2026-10-21,pmf,invasion,0.000223
2026-10-07,first confirmed case,2,Wema,2026-10-21,pmf,no invasion,0.999777
2026-10-07,first confirmed case,2,Wembo Nyama,2026-10-21,pmf,invasion,0.000607
2026-10-07,first confirmed case,2,Wembo Nyama,2026-10-21,pmf,no invasion,0.999393
2026-10-07,first confirmed case,2,Wikong,2026-10-21,pmf,invasion,0.000418
2026-10-07,first confirmed case,2,Wikong,2026-10-21,pmf,no invasion,0.999582
2026-10-07,first confirmed case,2,Yabaondo,2026-10-21,pmf,invasion,0.005888
2026-10-07,first confirmed case,2,Yabaondo,2026-10-21,pmf,no invasion,0.994112
2026-10-07,first confirmed case,2,Yahisuli,2026-10-21,pmf,invasion,0.002488
2026-10-07,first confirmed case,2,Yahisuli,2026-10-21,pmf,no invasion,0.997512
2026-10-07,first confirmed case,2,Yahuma,2026-10-21,pmf,invasion,0.002359
2026-10-07,first confirmed case,2,Yahuma,2026-10-21,pmf,no invasion,0.997641
2026-10-07,first confirmed case,2,Yakoma,2026-10-21,pmf,invasion,0.001111
2026-10-07,first confirmed case,2,Yakoma,2026-10-21,pmf,no invasion,0.998889
2026-10-07,first confirmed case,2,Yakusu,2026-10-21,pmf,invasion,0.08871
2026-10-07,first confirmed case,2,Yakusu,2026-10-21,pmf,no invasion,0.91129
2026-10-07,first confirmed case,2,Yaleko,2026-10-21,pmf,invasion,0.003324
2026-10-07,first confirmed case,2,Yaleko,2026-10-21,pmf,no invasion,0.996676
2026-10-07,first confirmed case,2,Yalifafu,2026-10-21,pmf,invasion,0.002322
2026-10-07,first confirmed case,2,Yalifafu,2026-10-21,pmf,no invasion,0.997678
2026-10-07,first confirmed case,2,Yalimbongo,2026-10-21,pmf,invasion,0.024156
2026-10-07,first confirmed case,2,Yalimbongo,2026-10-21,pmf,no invasion,0.975844
2026-10-07,first confirmed case,2,Yamaluka,2026-10-21,pmf,invasion,0.002289
2026-10-07,first confirmed case,2,Yamaluka,2026-10-21,pmf,no invasion,0.997711
2026-10-07,first confirmed case,2,Yambuku,2026-10-21,pmf,invasion,0.002179
2026-10-07,first confirmed case,2,Yambuku,2026-10-21,pmf,no invasion,0.997821
2026-10-07,first confirmed case,2,Yamongili,2026-10-21,pmf,invasion,0.002132
2026-10-07,first confirmed case,2,Yamongili,2026-10-21,pmf,no invasion,0.997868
2026-10-07,first confirmed case,2,Yangala,2026-10-21,pmf,invasion,0.00142
2026-10-07,first confirmed case,2,Yangala,2026-10-21,pmf,no invasion,0.99858
2026-10-07,first confirmed case,2,Yasa Bonga,2026-10-21,pmf,invasion,0.000477
2026-10-07,first confirmed case,2,Yasa Bonga,2026-10-21,pmf,no invasion,0.999523
2026-10-07,first confirmed case,2,Yumbi,2026-10-21,pmf,invasion,0.000102
2026-10-07,first confirmed case,2,Yumbi,2026-10-21,pmf,no invasion,0.999898
2026-10-07,first confirmed case,2,Zongo,2026-10-21,pmf,invasion,7.9e-05
2026-10-07,first confirmed case,2,Zongo,2026-10-21,pmf,no invasion,0.999921
