health_zone,province,horizon,was_active_before,p_case_invasion,p_case_lo,p_case_hi,p_median,rank_med,rank_lo,rank_hi,mu_forecast,rr_nat,rr_nat_rank,rr01_nat,rr_ituri,rr_ituri_rank,rr_nordkivu,rr_nordkivu_rank,rr_hautuele,rr_hautuele_rank,V,priority,priority_rank,surveillance_gap,healthcare_gap,access_gap,social_vulnerability,healthcare_travel_min,method
Rethy,Ituri,1,FALSE,0.5463,0.4493,0.6395,0.5466,1,1,1,0.7985,78.5938,1,1,4.241,1,NA,NA,NA,NA,0.2703,1,1,0.2143,0.6081,0,0.2587,0,Bayes-M10-med
Watsa,Haut-Uele,1,FALSE,0.2482,0.1851,0.317,0.2458,2,2,2,0.2867,28.2173,2,0.4543,NA,NA,NA,NA,3.1486,1,0.4797,0.8064,2,0.7297,0.8436,0,0.3456,0,Bayes-M10-med
Nyarambe,Ituri,1,FALSE,0.1707,0.1275,0.2194,0.169,3,3,3,0.1877,18.4796,3,0.3125,0.9972,2,NA,NA,NA,NA,0.1805,0.2087,11,0.1699,0.4595,0,0.0927,0,Bayes-M10-med
Kayna,Nord-Kivu,1,FALSE,0.146,0.114,0.1804,0.145,4,4,4,0.1581,15.5615,4,0.2672,NA,NA,2.8985,1,NA,NA,0.3113,0.3078,6,0.2278,0.6332,0,0.3842,0,Bayes-M10-med
Mutwanga,Nord-Kivu,1,FALSE,0.1425,0.1097,0.178,0.1416,5,5,5,0.1541,15.1635,5,0.2609,NA,NA,2.8244,2,NA,NA,0.2408,0.2325,10,0.2606,0.4672,0,0.2355,0,Bayes-M10-med
Biena,Nord-Kivu,1,FALSE,0.14,0.1084,0.1746,0.1391,6,6,6,0.1511,14.8737,6,0.2563,NA,NA,2.7704,3,NA,NA,0.2013,0.1908,15,0.251,0.166,0,0.388,0,Bayes-M10-med
Biringi,Ituri,1,FALSE,0.1319,0.0984,0.1694,0.1307,7,7,7,0.1417,13.9497,7,0.2414,0.7527,3,NA,NA,NA,NA,0.3494,0.3121,5,0.3958,0.4865,0,0.5154,0,Bayes-M10-med
Viadana,Bas-Uele,1,FALSE,0.1113,0.077,0.1504,0.1101,8,8,10,0.1183,11.643,8,0.2037,NA,NA,NA,NA,NA,NA,0.6846,0.516,3,0.9131,0.9788,0,0.8465,0,Bayes-M10-med
Dungu,Haut-Uele,1,FALSE,0.1007,0.0723,0.1326,0.0995,9,9,12,0.1063,10.4677,9,0.1843,NA,NA,NA,NA,1.168,2,0.5275,0.3598,4,0.8726,0.5598,0,0.6776,0,Bayes-M10-med
Makoro,Haut-Uele,1,FALSE,0.1004,0.0742,0.1305,0.0993,10,9,10,0.106,10.4366,10,0.1839,NA,NA,NA,NA,1.1646,3,0.3822,0.26,9,0.556,0.5483,0,0.4247,0,Bayes-M10-med
Linga,Ituri,1,FALSE,0.0946,0.0733,0.1176,0.0938,11,8,11,0.0995,9.7894,11,0.1731,0.5282,4,NA,NA,NA,NA,0.2148,0.1376,19,0.1969,0.3417,0,0.3205,0,Bayes-M10-med
Jiba,Ituri,1,FALSE,0.0889,0.0689,0.1106,0.0882,12,11,15,0.0932,9.1765,12,0.1628,0.4952,5,NA,NA,NA,NA,0.1651,0.0994,23,0.1815,0.1274,0,0.3514,0,Bayes-M10-med
Manguredjipa,Nord-Kivu,1,FALSE,0.0856,0.065,0.1085,0.0849,13,13,13,0.0896,8.8212,13,0.1567,NA,NA,1.6431,4,NA,NA,0.3475,0.2015,12,0.778,0.0579,0,0.5541,0,Bayes-M10-med
Angumu,Ituri,1,FALSE,0.0833,0.0616,0.10780000000000001,0.0825,14,13,16,0.0871,8.5738,14,0.1525,0.4626,6,NA,NA,NA,NA,0.11,0.0621,36,0.1641,0.1641,0,0.112,0,Bayes-M10-med
Karisimbi,Nord-Kivu,1,FALSE,0.0806,0.0617,0.1015,0.0799,15,15,16,0.0841,8.2771,15,0.1475,NA,NA,1.5417,5,NA,NA,0.1597,0.0872,27,0.0907,0.5154,0,0.0328,0,Bayes-M10-med
Rutshuru,Nord-Kivu,1,FALSE,0.0785,0.0607,0.0977,0.0778,16,14,17,0.0818,8.0495,16,0.1436,NA,NA,1.4993,6,NA,NA,0.3721,0.1977,13,0.4093,0.9942,0,0.0849,0,Bayes-M10-med
Niangara,Haut-Uele,1,FALSE,0.0781,0.0544,0.1052,0.0772,17,13,18,0.0814,8.0137,17,0.1429,NA,NA,NA,NA,0.8942,4,0.5512,0.2914,7,0.8031,0.4324,0,0.9691,0,Bayes-M10-med
Nyiragongo,Nord-Kivu,1,FALSE,0.067,0.0511,0.0846,0.0665,18,17,19,0.0695,6.8361,18,0.1227,NA,NA,1.2733,7,NA,NA,0.2891,0.1313,20,0.2432,0.8764,0,0.0367,0,Bayes-M10-med
Alimbongo,Nord-Kivu,1,FALSE,0.0625,0.0482,0.0781,0.062,19,19,20,0.0646,6.3583,19,0.1144,NA,NA,1.1843,8,NA,NA,0.4262,0.1804,16,0.5849,0.7471,0,0.3726,0,Bayes-M10-med
Poko,Bas-Uele,1,FALSE,0.0572,0.0398,0.0773,0.0565,21,19,23,0.059,5.8089,20,0.1048,NA,NA,NA,NA,NA,NA,0.7271,0.2819,8,0.9923,0.9517,0,0.9643,0,Bayes-M10-med
Adi,Ituri,1,FALSE,0.055,0.0372,0.0774,0.0537,21,19,25,0.0567,5.5808,21,0.1008,0.3011,7,NA,NA,NA,NA,0.3977,0.1483,17,0.2587,0.7104,0,0.6216,0,Bayes-M10-med
Rwanguba,Nord-Kivu,1,FALSE,0.0543,0.0418,0.0677,0.0538,22,20,22,0.0558,5.495,22,0.0993,NA,NA,1.0235,9,NA,NA,0.2442,0.0898,25,0.2085,0.7027,0,0.0656,0,Bayes-M10-med
Kibirizi,Nord-Kivu,1,FALSE,0.0512,0.0395,0.064,0.0508,23,22,23,0.0526,5.1799,23,0.0938,NA,NA,0.9648,10,NA,NA,0.4175,0.1449,18,0.5405,0.8552,0,0.2741,0,Bayes-M10-med
Kirotshe,Nord-Kivu,1,FALSE,0.0502,0.0387,0.0629,0.0498,24,23,24,0.0516,5.0762,24,0.092,NA,NA,0.9455,11,NA,NA,0.3842,0.1307,21,0.3764,0.9961,0,0.1641,0,Bayes-M10-med
Laybo,Ituri,1,FALSE,0.0409,0.0289,0.0549,0.0402,25,25,27,0.0418,4.1126,25,0.0749,0.2219,8,NA,NA,NA,NA,0.3393,0.094,24,0.3069,0.556,0,0.4942,0,Bayes-M10-med
Ganga,Bas-Uele,1,FALSE,0.0404,0.0281,0.0542,0.0401,26,24,27,0.0413,4.0662,26,0.074,NA,NA,NA,NA,NA,NA,0.7218,0.1977,14,0.9672,0.9556,0,0.9643,0,Bayes-M10-med
Kamango,Nord-Kivu,1,FALSE,0.0384,0.0294,0.0482,0.0381,27,25,27,0.0392,3.8608,27,0.0704,NA,NA,0.7191,12,NA,NA,0.4373,0.1139,22,0.6583,0.917,0,0.1737,0,Bayes-M10-med
Nsele,Kinshasa,1,FALSE,0.0335,0.0248,0.0435,0.0332,28,28,28,0.0341,3.36,28,0.0614,NA,NA,NA,NA,NA,NA,0.1583,0.036,46,0.139,0.3996,0,0.0946,0,Bayes-M10-med
Gombe,Kinshasa,1,FALSE,0.0327,0.0242,0.0424,0.0324,29,29,29,0.0333,3.2765,29,0.0599,NA,NA,NA,NA,NA,NA,0.1622,0.0359,47,0.0695,0.5695,0,0.0097,0,Bayes-M10-med
Bambo,Nord-Kivu,1,FALSE,0.03,0.023,0.0376,0.0297,30,30,33,0.0304,2.9967,30,0.0549,NA,NA,0.5582,13,NA,NA,0.3962,0.0804,30,0.5521,0.9073,0,0.1255,0,Bayes-M10-med
Banalia,Tshopo,1,FALSE,0.0296,0.021,0.0393,0.0292,31,30,33,0.0301,2.9589,31,0.0542,NA,NA,NA,NA,NA,NA,0.4242,0.085,29,0.7799,0.1178,0,0.7992,0,Bayes-M10-med
Faradje,Haut-Uele,1,FALSE,0.0295,0.0209,0.0393,0.0291,32,30,33,0.0299,2.9464,32,0.054,NA,NA,NA,NA,0.3288,5,0.4474,0.0893,26,0.7606,0.666,0,0.3629,0,Bayes-M10-med
Ibanda,Sud-Kivu,1,FALSE,0.0293,0.0221,0.0373,0.0291,33,31,33,0.0298,2.9305,33,0.0537,NA,NA,NA,NA,NA,NA,0.2307,0.0458,40,0.083,0.6216,0,0.2181,0,Bayes-M10-med
Binza,Nord-Kivu,1,FALSE,0.0256,0.0197,0.032,0.0254,34,32,35,0.0259,2.5534,34,0.0469,NA,NA,0.4756,14,NA,NA,0.3518,0.061,37,0.471,0.8378,0,0.0985,0,Bayes-M10-med
Limete,Kinshasa,1,FALSE,0.0254,0.0187,0.033,0.0251,35,34,36,0.0257,2.5327,35,0.0465,NA,NA,NA,NA,NA,NA,0.056,0.0096,90,0.0405,0.1371,0,0.0463,0,Bayes-M10-med
Minova,Sud-Kivu,1,FALSE,0.0244,0.0187,0.0307,0.0242,36,35,38,0.0247,2.4345,36,0.0447,NA,NA,NA,NA,NA,NA,0.3866,0.0639,34,0.4421,0.9826,0,0.1216,0,Bayes-M10-med
Binza Ozone,Kinshasa,1,FALSE,0.0233,0.0172,0.0302,0.0231,38,37,38,0.0236,2.3212,37,0.0427,NA,NA,NA,NA,NA,NA,0.152,0.024,59,0.0734,0.5232,0,0.0116,0,Bayes-M10-med
Mweso,Nord-Kivu,1,FALSE,0.0233,0.0179,0.0292,0.0231,38,37,42,0.0235,2.3174,38,0.0426,NA,NA,0.4316,15,NA,NA,0.4189,0.066,32,0.4498,0.9614,0,0.2645,0,Bayes-M10-med
Kokolo,Kinshasa,1,FALSE,0.0228,0.0168,0.0296,0.0226,39,38,40,0.0231,2.2736,39,0.0418,NA,NA,NA,NA,NA,NA,0.2172,0.0336,48,0.0772,0.7722,0,0.0193,0,Bayes-M10-med
Lingwala,Kinshasa,1,FALSE,0.0227,0.0167,0.0295,0.0225,40,40,41,0.023,2.2605,40,0.0415,NA,NA,NA,NA,NA,NA,0.0323,0.005,124,0.0232,0.0907,0,0.0154,0,Bayes-M10-med
Aba,Haut-Uele,1,FALSE,0.0226,0.016,0.0302,0.0222,41,36,44,0.0228,2.2468,41,0.0413,NA,NA,NA,NA,0.2507,6,0.569,0.0869,28,0.6004,0.6853,0,0.9903,0,Bayes-M10-med
Katana,Sud-Kivu,1,FALSE,0.0223,0.0166,0.0286,0.0221,42,40,42,0.0225,2.2175,42,0.0408,NA,NA,NA,NA,NA,NA,0.3224,0.0486,39,0.2471,0.9112,0,0.1313,0,Bayes-M10-med
Kadutu,Sud-Kivu,1,FALSE,0.0217,0.0163,0.0276,0.0215,43,42,43,0.0219,2.1558,43,0.0396,NA,NA,NA,NA,NA,NA,0.1636,0.024,58,0.0579,0.3861,0,0.2104,0,Bayes-M10-med
Masisi,Nord-Kivu,1,FALSE,0.0209,0.016,0.0262,0.0207,44,42,47,0.0211,2.0748,44,0.0382,NA,NA,0.3865,16,NA,NA,0.4402,0.0622,35,0.4324,0.9575,0,0.3707,0,Bayes-M10-med
Kalamu 1,Kinshasa,1,FALSE,0.0202,0.0149,0.0263,0.02,45,44,45,0.0205,2.0142,45,0.0371,NA,NA,NA,NA,NA,NA,0.0309,0.0042,140,0.0193,0.0734,0,0.0309,0,Bayes-M10-med
Kasa Vubu,Kinshasa,1,FALSE,0.0202,0.0149,0.0263,0.02,47,46,47,0.0204,2.011,47,0.037,NA,NA,NA,NA,NA,NA,0.0444,0.0061,115,0.0309,0.1216,0,0.0251,0,Bayes-M10-med
Kinshasa,Kinshasa,1,FALSE,0.0202,0.0149,0.0263,0.02,46,45,46,0.0204,2.0127,46,0.037,NA,NA,NA,NA,NA,NA,0.0203,0.0028,179,0.0135,0.0463,0,0.0212,0,Bayes-M10-med
Kabare,Sud-Kivu,1,FALSE,0.0184,0.0138,0.0234,0.0182,48,48,50,0.0186,1.8275,48,0.0337,NA,NA,NA,NA,NA,NA,0.3567,0.0444,41,0.2394,0.9884,0,0.1988,0,Bayes-M10-med
Lemba,Kinshasa,1,FALSE,0.018,0.0133,0.0234,0.0178,49,48,49,0.0182,1.7892,49,0.033,NA,NA,NA,NA,NA,NA,0.1023,0.0125,81,0.0483,0.3069,0,0.0541,0,Bayes-M10-med
Masina 1,Kinshasa,1,FALSE,0.0179,0.0131,0.0232,0.0177,50,49,51,0.018,1.7734,50,0.0327,NA,NA,NA,NA,NA,NA,0.0193,0.0023,201,0.0077,0.0077,0,0.0618,0,Bayes-M10-med
Kintambo,Kinshasa,1,FALSE,0.0178,0.0131,0.0231,0.0176,51,51,52,0.0179,1.764,51,0.0325,NA,NA,NA,NA,NA,NA,0.0338,0.0041,144,0.0212,0.1004,0,0.0135,0,Bayes-M10-med
Bengamisa,Tshopo,1,FALSE,0.016,0.0117,0.0207,0.0158,52,52,54,0.0161,1.5846,52,0.0292,NA,NA,NA,NA,NA,NA,0.3012,0.0326,49,0.612,0.2162,0,0.3764,0,Bayes-M10-med
Aketi,Bas-Uele,1,FALSE,0.0154,0.0112,0.0203,0.0153,53,50,58,0.0156,1.5325,53,0.0283,NA,NA,NA,NA,NA,NA,0.6762,0.0707,31,0.9903,0.9363,0,0.778,0,Bayes-M10-med
Bafwagbogbo,Tshopo,1,FALSE,0.0154,0.0109,0.0204,0.0152,54,53,57,0.0155,1.5252,54,0.0281,NA,NA,NA,NA,NA,NA,0.3948,0.0411,44,0.8591,0.027,0,0.6931,0,Bayes-M10-med
Masina 2,Kinshasa,1,FALSE,0.0153,0.0113,0.0199,0.0152,54,53,56,0.0155,1.5212,55,0.0281,NA,NA,NA,NA,NA,NA,0.0265,0.0028,181,0.0174,0.0193,0,0.0695,0,Bayes-M10-med
Bandalungwa,Kinshasa,1,FALSE,0.0153,0.0112,0.0199,0.0151,55,54,57,0.0154,1.5153,56,0.028,NA,NA,NA,NA,NA,NA,0.0709,0.0073,107,0.0328,0.2336,0,0.0174,0,Bayes-M10-med
Titule,Bas-Uele,1,FALSE,0.0141,0.0101,0.0186,0.014,57,53,64,0.0142,1.4017,57,0.0259,NA,NA,NA,NA,NA,NA,0.6839,0.0655,33,0.9865,0.8263,0,0.9228,0,Bayes-M10-med
Katoyi,Nord-Kivu,1,FALSE,0.0135,0.0103,0.017,0.0134,59,56,62,0.0136,1.3374,58,0.0247,NA,NA,0.2491,17,NA,NA,0.4542,0.0415,43,0.4614,0.9595,0,0.3958,0,Bayes-M10-med
Yakusu,Tshopo,1,FALSE,0.0134,0.0101,0.0169,0.0133,59,56,64,0.0135,1.3278,59,0.0245,NA,NA,NA,NA,NA,NA,0.319,0.0289,51,0.4208,0.2085,0,0.6467,0,Bayes-M10-med
Binza Meteo,Kinshasa,1,FALSE,0.0132,0.0098,0.0172,0.0131,60,57,61,0.0133,1.312,60,0.0242,NA,NA,NA,NA,NA,NA,0.2558,0.0229,61,0.0965,0.8996,0,0.027,0,Bayes-M10-med
Uvira,Sud-Kivu,1,FALSE,0.0131,0.0099,0.0166,0.013,61,59,64,0.0132,1.2945,61,0.0239,NA,NA,NA,NA,NA,NA,0.5502,0.0487,38,0.2181,0.9846,0,0.9981,0,Bayes-M10-med
Kikimi,Kinshasa,1,FALSE,0.0129,0.0095,0.0168,0.0128,62,59,62,0.013,1.2791,62,0.0236,NA,NA,NA,NA,NA,NA,0.0835,0.0073,108,0.056,0.1911,0,0.0869,0,Bayes-M10-med
Matete,Kinshasa,1,FALSE,0.0128,0.0094,0.0166,0.0127,63,60,63,0.0129,1.2672,63,0.0234,NA,NA,NA,NA,NA,NA,0.0492,0.0043,139,0.0251,0.1158,0,0.056,0,Bayes-M10-med
Barumbu,Kinshasa,1,FALSE,0.0127,0.0094,0.0166,0.0126,64,61,64,0.0128,1.2627,64,0.0233,NA,NA,NA,NA,NA,NA,0.014,0.0012,287,0.0097,0.0232,0,0.0232,0,Bayes-M10-med
Birambizo,Nord-Kivu,1,FALSE,0.0111,0.0085,0.0139,0.011,66,65,71,0.0111,1.0958,66,0.0203,NA,NA,0.2041,18,NA,NA,0.3625,0.0272,53,0.4035,0.89,0,0.1564,0,Bayes-M10-med
Kalehe,Sud-Kivu,1,FALSE,0.0111,0.0084,0.0141,0.011,66,65,67,0.0112,1.0999,65,0.0203,NA,NA,NA,NA,NA,NA,0.3369,0.0254,56,0.3417,0.8649,0,0.1409,0,Bayes-M10-med
Ruzizi,Sud-Kivu,1,FALSE,0.011,0.0083,0.0139,0.0109,67,67,69,0.011,1.0852,67,0.0201,NA,NA,NA,NA,NA,NA,0.5627,0.0418,42,0.3494,0.9093,0,0.9923,0,Bayes-M10-med
Mont Ngafula 1,Kinshasa,1,FALSE,0.0109,0.008,0.0142,0.0108,68,65,69,0.011,1.079,68,0.02,NA,NA,NA,NA,NA,NA,0.2066,0.0153,70,0.1371,0.6313,0,0.0579,0,Bayes-M10-med
Mont Ngafula 2,Kinshasa,1,FALSE,0.0107,0.0079,0.0139,0.0105,69,66,70,0.0107,1.0547,69,0.0195,NA,NA,NA,NA,NA,NA,0.0951,0.0069,110,0.0849,0.2568,0,0.0386,0,Bayes-M10-med
Selembao,Kinshasa,1,FALSE,0.0106,0.0078,0.0138,0.0105,70,68,71,0.0107,1.0502,70,0.0194,NA,NA,NA,NA,NA,NA,0.0676,0.0049,127,0.0444,0.1815,0,0.0444,0,Bayes-M10-med
Ndjili,Kinshasa,1,FALSE,0.0104,0.0077,0.0135,0.0103,72,70,72,0.0105,1.0313,72,0.0191,NA,NA,NA,NA,NA,NA,0.0487,0.0034,153,0.027,0.1042,0,0.0637,0,Bayes-M10-med
Walungu,Sud-Kivu,1,FALSE,0.0104,0.008,0.0132,0.0104,71,68,75,0.0105,1.0341,71,0.0191,NA,NA,NA,NA,NA,NA,0.3248,0.023,60,0.1853,0.8803,0,0.2336,0,Bayes-M10-med
Kingabwa,Kinshasa,1,FALSE,0.0103,0.0076,0.0134,0.0102,73,72,73,0.0104,1.0231,73,0.0189,NA,NA,NA,NA,NA,NA,0.0478,0.0033,156,0.0425,0.0965,0,0.0521,0,Bayes-M10-med
Ngiri Ngiri,Kinshasa,1,FALSE,0.0102,0.0075,0.0133,0.0101,74,73,74,0.0103,1.011,74,0.0187,NA,NA,NA,NA,NA,NA,0.028,0.0019,227,0.0154,0.0676,0,0.029,0,Bayes-M10-med
Police,Kinshasa,1,FALSE,0.0102,0.0075,0.0132,0.0101,75,74,75,0.0102,1.0053,75,0.0186,NA,NA,NA,NA,NA,NA,0.0478,0.0033,159,0.0463,0.0772,0,0.0676,0,Bayes-M10-med
Walikale,Nord-Kivu,1,FALSE,0.0096,0.0072,0.0123,0.0095,76,76,76,0.0096,0.9471,76,0.0175,NA,NA,0.1764,19,NA,NA,0.5729,0.0372,45,0.9459,0.9286,0,0.417,0,Bayes-M10-med
Isangi,Tshopo,1,FALSE,0.0093,0.0071,0.0117,0.0092,78,77,79,0.0093,0.9154,78,0.0169,NA,NA,NA,NA,NA,NA,0.3837,0.0241,57,0.4054,0.4073,0,0.722,0,Bayes-M10-med
Nyemba,Tanganyika,1,FALSE,0.0093,0.007,0.012,0.0092,77,77,79,0.0094,0.9232,77,0.0171,NA,NA,NA,NA,NA,NA,0.3456,0.0218,62,0.5965,0.4556,0,0.3301,0,Bayes-M10-med
Nyantende,Sud-Kivu,1,FALSE,0.0092,0.007,0.0117,0.0091,79,78,79,0.0093,0.9123,79,0.0169,NA,NA,NA,NA,NA,NA,0.3219,0.0201,63,0.1486,0.8938,0,0.2452,0,Bayes-M10-med
Bagira,Sud-Kivu,1,FALSE,0.0088,0.0067,0.0111,0.0087,80,80,81,0.0088,0.8702,80,0.0161,NA,NA,NA,NA,NA,NA,0.236,0.0141,73,0.1004,0.6371,0,0.2066,0,Bayes-M10-med
Lubutu,Maniema,1,FALSE,0.0087,0.0065,0.0112,0.0086,81,80,81,0.0088,0.8621,81,0.016,NA,NA,NA,NA,NA,NA,0.4706,0.0278,52,0.8205,0.2819,0,0.7799,0,Bayes-M10-med
Fizi,Sud-Kivu,1,FALSE,0.0081,0.0061,0.0103,0.008,82,82,84,0.0081,0.8006,82,0.0148,NA,NA,NA,NA,NA,NA,0.5637,0.0309,50,0.7432,0.9691,0,0.5425,0,Bayes-M10-med
Maluku 1,Kinshasa,1,FALSE,0.0079,0.0059,0.0103,0.0079,83,82,83,0.008,0.7854,83,0.0145,NA,NA,NA,NA,NA,NA,0.2321,0.0125,80,0.3475,0.4517,0,0.1293,0,Bayes-M10-med
Kingasani,Kinshasa,1,FALSE,0.0078,0.0057,0.0101,0.0077,84,83,84,0.0078,0.7681,84,0.0142,NA,NA,NA,NA,NA,NA,0.0294,0.0015,259,0.0058,0.0405,0,0.0714,0,Bayes-M10-med
Lemera,Sud-Kivu,1,FALSE,0.007,0.0054,0.0089,0.007,85,85,85,0.0071,0.6955,85,0.0129,NA,NA,NA,NA,NA,NA,0.5613,0.0268,54,0.3629,0.9015,0,0.9807,0,Bayes-M10-med
Pinga,Nord-Kivu,1,FALSE,0.0067,0.0051,0.0084,0.0067,87,86,87,0.0067,0.663,87,0.0123,NA,NA,0.1235,20,NA,NA,0.57,0.0259,55,0.9595,0.7548,0,0.5656,0,Bayes-M10-med
Mubumbano,Sud-Kivu,1,FALSE,0.0067,0.0051,0.0085,0.0067,86,86,87,0.0068,0.6663,86,0.0123,NA,NA,NA,NA,NA,NA,0.3658,0.0167,65,0.2683,0.9402,0,0.2548,0,Bayes-M10-med
Nyangezi,Sud-Kivu,1,FALSE,0.0064,0.0049,0.008,0.0063,88,88,88,0.0064,0.6286,88,0.0117,NA,NA,NA,NA,NA,NA,0.36870000000000003,0.0159,68,0.222,0.8842,0,0.36870000000000003,0,Bayes-M10-med
Lubumbashi,Haut-Katanga,1,FALSE,0.0059,0.0043,0.0076,0.0058,89,89,91,0.0059,0.5816,89,0.0108,NA,NA,NA,NA,NA,NA,0.1105,0.0044,135,0.1081,0.2104,0,0.1236,0,Bayes-M10-med
Kindu,Maniema,1,FALSE,0.0059,0.0044,0.0075,0.0058,90,89,91,0.0059,0.5779,90,0.0107,NA,NA,NA,NA,NA,NA,0.3181,0.0126,79,0.1351,0.2529,0,0.8842,0,Bayes-M10-med
Mwana,Sud-Kivu,1,FALSE,0.0055,0.0042,0.007,0.0055,91,91,92,0.0056,0.5468,91,0.0101,NA,NA,NA,NA,NA,NA,0.3731,0.014,75,0.2896,0.9035,0,0.2992,0,Bayes-M10-med
Kaniola,Sud-Kivu,1,FALSE,0.0054,0.0041,0.0068,0.0054,92,92,95,0.0054,0.535,92,0.0099,NA,NA,NA,NA,NA,NA,0.4513,0.0166,67,0.5328,0.9305,0,0.3417,0,Bayes-M10-med
Basoko,Tshopo,1,FALSE,0.0053,0.0039,0.0068,0.0052,94,93,96,0.0053,0.5216,93,0.0097,NA,NA,NA,NA,NA,NA,0.3012,0.0108,86,0.5077,0.3147,0,0.3822,0,Bayes-M10-med
Makala,Kinshasa,1,FALSE,0.0052,0.0039,0.0068,0.0052,95,92,96,0.0053,0.5174,94,0.0096,NA,NA,NA,NA,NA,NA,0.0246,9e-4,342,0.0116,0.0386,0,0.0483,0,Bayes-M10-med
Lolo,Mongala,1,FALSE,0.0052,0.0038,0.0068,0.0052,93,90,100,0.0052,0.515,95,0.0096,NA,NA,NA,NA,NA,NA,0.3161,0.0112,84,0.4073,0.3263,0,0.5309,0,Bayes-M10-med
Kalamu 2,Kinshasa,1,FALSE,0.0051,0.0038,0.0067,0.0051,96,95,98,0.0052,0.5071,96,0.0094,NA,NA,NA,NA,NA,NA,0.015,5e-4,398,0.0039,0.0154,0,0.0405,0,Bayes-M10-med
Bunyakiri,Sud-Kivu,1,FALSE,0.0051,0.0039,0.0064,0.005,98,93,99,0.0051,0.501,98,0.0093,NA,NA,NA,NA,NA,NA,0.4517,0.0155,69,0.6197,0.832,0,0.3552,0,Bayes-M10-med
Kalemie,Tanganyika,1,FALSE,0.0051,0.0038,0.0066,0.0051,97,95,97,0.0051,0.5052,97,0.0094,NA,NA,NA,NA,NA,NA,0.3789,0.0131,76,0.6718,0.4575,0,0.3861,0,Bayes-M10-med
Opienge,Tshopo,1,FALSE,0.0049,0.0035,0.0067,0.0049,99,93,102,0.005,0.4881,99,0.0091,NA,NA,NA,NA,NA,NA,0.4445,0.0149,71,0.9556,0.0135,0,0.8089,0,Bayes-M10-med
Yabaondo,Tshopo,1,FALSE,0.0048,0.0036,0.006,0.0047,100,98,102,0.0048,0.4689,100,0.0087,NA,NA,NA,NA,NA,NA,0.3523,0.0113,83,0.4363,0.305,0,0.668,0,Bayes-M10-med
Kasongo,Maniema,1,FALSE,0.0046,0.0035,0.0059,0.0046,101,100,101,0.0046,0.4566,101,0.0085,NA,NA,NA,NA,NA,NA,0.5304,0.0166,66,0.4459,0.7529,0,0.9228,0,Bayes-M10-med
Ubundu,Tshopo,1,FALSE,0.0044,0.0033,0.0055,0.0043,102,101,103,0.0044,0.4301,102,0.008,NA,NA,NA,NA,NA,NA,0.4744,0.014,74,0.9054,0.4305,0,0.5618,0,Bayes-M10-med
Doruma,Haut-Uele,1,FALSE,0.0041,0.0028,0.0055,0.004,103,101,107,0.0041,0.4043,103,0.0075,NA,NA,NA,NA,0.0451,7,0.6216,0.0173,64,0.973,0.5135,0,1,0,Bayes-M10-med
Lisala,Mongala,1,FALSE,0.0038,0.0028,0.0049,0.0037,104,104,104,0.0038,0.3733,104,0.0069,NA,NA,NA,NA,NA,NA,0.4093,0.0105,87,0.4286,0.4402,0,0.7683,0,Bayes-M10-med
Nundu,Sud-Kivu,1,FALSE,0.0035,0.0027,0.0045,0.0035,105,103,106,0.0035,0.349,105,0.0065,NA,NA,NA,NA,NA,NA,0.5927,0.0142,72,0.527,0.8494,0,0.9942,0,Bayes-M10-med
Yaleko,Tshopo,1,FALSE,0.0035,0.0027,0.0044,0.0035,106,105,109,0.0035,0.3434,106,0.0064,NA,NA,NA,NA,NA,NA,0.402,0.0095,91,0.639,0.2452,0,0.7239,0,Bayes-M10-med
Manika,Lualaba,1,FALSE,0.0034,0.0025,0.0044,0.0033,108,106,110,0.0034,0.3335,108,0.0062,NA,NA,NA,NA,NA,NA,0.1149,0.0026,186,0.0946,0.222,0,0.1429,0,Bayes-M10-med
Kibua,Nord-Kivu,1,FALSE,0.0034,0.0026,0.0043,0.0034,107,106,109,0.0034,0.3376,107,0.0063,NA,NA,0.0629,21,NA,NA,0.5154,0.012,82,0.7741,0.6602,0,0.6274,0,Bayes-M10-med
Mumbunda,Haut-Katanga,1,FALSE,0.0033,0.0025,0.0043,0.0033,109,107,111,0.0033,0.3287,109,0.0061,NA,NA,NA,NA,NA,NA,0.1853,0.0042,141,0.1197,0.5077,0,0.1139,0,Bayes-M10-med
Kunda,Maniema,1,FALSE,0.0033,0.0025,0.0042,0.0033,110,108,110,0.0033,0.3275,110,0.0061,NA,NA,NA,NA,NA,NA,0.4165,0.0094,93,0.4633,0.2799,0,0.9228,0,Bayes-M10-med
Kalonge,Sud-Kivu,1,FALSE,0.0033,0.0025,0.0041,0.0032,111,109,112,0.0033,0.3217,111,0.006,NA,NA,NA,NA,NA,NA,0.404,0.0089,98,0.4961,0.8359,0,0.2838,0,Bayes-M10-med
Yamaluka,Mongala,1,FALSE,0.0032,0.0023,0.0042,0.0032,112,110,112,0.0032,0.3151,112,0.0059,NA,NA,NA,NA,NA,NA,0.1974,0.0043,138,0.2799,0.1448,0,0.3649,0,Bayes-M10-med
Kipushi,Haut-Katanga,1,FALSE,0.0029,0.0021,0.0038,0.0029,114,114,116,0.0029,0.2857,114,0.0053,NA,NA,NA,NA,NA,NA,0.1216,0.0024,197,0.2703,0.1081,0,0.1081,0,Bayes-M10-med
Tshamilemba,Haut-Katanga,1,FALSE,0.0029,0.0021,0.0037,0.0029,116,116,118,0.0029,0.2843,116,0.0053,NA,NA,NA,NA,NA,NA,0.0772,0.0015,264,0.0656,0.1255,0,0.1178,0,Bayes-M10-med
Kisenso,Kinshasa,1,FALSE,0.0029,0.0022,0.0038,0.0029,113,113,115,0.003,0.2905,113,0.0054,NA,NA,NA,NA,NA,NA,0.0589,0.0012,291,0.0367,0.139,0,0.0598,0,Bayes-M10-med
Biyela,Kinshasa,1,FALSE,0.0029,0.0021,0.0038,0.0029,115,115,117,0.0029,0.2849,115,0.0053,NA,NA,NA,NA,NA,NA,0.1076,0.0021,219,0.0637,0.2838,0,0.083,0,Bayes-M10-med
Saramabila,Maniema,1,FALSE,0.0029,0.0022,0.0036,0.0028,117,113,120,0.0029,0.283,117,0.0053,NA,NA,NA,NA,NA,NA,0.4768,0.0093,95,0.473,0.5502,0,0.8842,0,Bayes-M10-med
Mbandaka,Equateur,1,FALSE,0.0028,0.002,0.0036,0.0028,120,118,122,0.0028,0.2742,120,0.0051,NA,NA,NA,NA,NA,NA,0.5164,0.0097,89,0.6409,0.9633,0,0.4614,0,Bayes-M10-med
Kimbanseke,Kinshasa,1,FALSE,0.0028,0.0021,0.0037,0.0028,118,117,120,0.0028,0.2797,118,0.0052,NA,NA,NA,NA,NA,NA,0.0526,0.001,321,0.0521,0.0849,0,0.0734,0,Bayes-M10-med
Maluku 2,Kinshasa,1,FALSE,0.0028,0.002,0.0036,0.0027,121,119,123,0.0028,0.2735,121,0.0051,NA,NA,NA,NA,NA,NA,0.4184,0.0079,104,0.6834,0.5463,0,0.444,0,Bayes-M10-med
Kongolo,Tanganyika,1,FALSE,0.0028,0.0021,0.0036,0.0028,119,114,122,0.0028,0.2764,119,0.0051,NA,NA,NA,NA,NA,NA,0.6829,0.013,78,0.8861,0.9228,0,0.9228,0,Bayes-M10-med
Likati,Bas-Uele,1,FALSE,0.0027,0.002,0.0035,0.0027,123,113,130,0.0027,0.2652,124,0.0049,NA,NA,NA,NA,NA,NA,0.7124,0.013,77,0.9942,0.971,0,0.8842,0,Bayes-M10-med
Bumbu,Kinshasa,1,FALSE,0.0027,0.002,0.0035,0.0027,124,121,126,0.0027,0.2654,123,0.0049,NA,NA,NA,NA,NA,NA,0.0164,3e-4,430,0.0019,0.029,0,0.0347,0,Bayes-M10-med
Kabinda,Lomami,1,FALSE,0.0027,0.002,0.0034,0.0027,123,119,125,0.0027,0.266,122,0.0049,NA,NA,NA,NA,NA,NA,0.4382,0.008,103,0.5097,0.5541,0,0.6892,0,Bayes-M10-med
Ngaba,Kinshasa,1,FALSE,0.0026,0.0019,0.0034,0.0026,125,123,128,0.0027,0.2611,125,0.0048,NA,NA,NA,NA,NA,NA,0.014,3e-4,439,0,0.0058,0,0.0502,0,Bayes-M10-med
Kaziba,Sud-Kivu,1,FALSE,0.0026,0.002,0.0033,0.0026,126,121,127,0.0026,0.2579,126,0.0048,NA,NA,NA,NA,NA,NA,0.3571,0.0063,114,0.2876,0.7838,0,0.3571,0,Bayes-M10-med
Kitutu,Sud-Kivu,1,FALSE,0.0026,0.0019,0.0032,0.0025,128,125,129,0.0026,0.2514,128,0.0047,NA,NA,NA,NA,NA,NA,0.5024,0.0087,101,0.751,0.805,0,0.4537,0,Bayes-M10-med
Shabunda,Sud-Kivu,1,FALSE,0.0026,0.002,0.0033,0.0026,127,124,128,0.0026,0.2538,127,0.0047,NA,NA,NA,NA,NA,NA,0.5922,0.0103,88,0.8378,0.8726,0,0.6583,0,Bayes-M10-med
Kimbi Lulenge,Sud-Kivu,1,FALSE,0.0025,0.0019,0.0032,0.0025,129,128,130,0.0025,0.2462,129,0.0046,NA,NA,NA,NA,NA,NA,0.5507,0.0093,94,0.8475,0.8687,0,0.4865,0,Bayes-M10-med
Bondo,Bas-Uele,1,FALSE,0.0024,0.0018,0.0031,0.0024,130,126,137,0.0024,0.2364,131,0.0044,NA,NA,NA,NA,NA,NA,0.6737,0.0109,85,0.9961,0.9981,0,0.7008,0,Bayes-M10-med
Bonzola,Kasaï-Oriental,1,FALSE,0.0024,0.0018,0.003,0.0023,132,131,133,0.0024,0.2318,132,0.0043,NA,NA,NA,NA,NA,NA,0.2958,0.0047,129,0.0927,0.7934,0,0.2973,0,Bayes-M10-med
Itebero,Nord-Kivu,1,FALSE,0.0024,0.0018,0.003,0.0024,131,129,131,0.0024,0.2371,130,0.0044,NA,NA,0.0442,22,NA,NA,0.5574,0.0091,96,0.9112,0.722,0,0.5965,0,Bayes-M10-med
Kalole,Sud-Kivu,1,FALSE,0.0023,0.0017,0.0029,0.0023,135,134,135,0.0023,0.2275,135,0.0042,NA,NA,NA,NA,NA,NA,0.6038,0.0094,92,0.89,0.7799,0,0.7452,0,Bayes-M10-med
Mwenga,Sud-Kivu,1,FALSE,0.0023,0.0018,0.003,0.0023,133,131,133,0.0023,0.2312,133,0.0043,NA,NA,NA,NA,NA,NA,0.319,0.0051,123,0.5,0.3552,0,0.4208,0,Bayes-M10-med
Djolu,Tshuapa,1,FALSE,0.0023,0.0018,0.0029,0.0023,134,132,136,0.0023,0.2289,134,0.0043,NA,NA,NA,NA,NA,NA,0.5256,0.0083,102,0.7104,0.5985,0,0.7934,0,Bayes-M10-med
Yambuku,Mongala,1,FALSE,0.0022,0.0016,0.0028,0.0022,138,136,141,0.0022,0.2147,139,0.004,NA,NA,NA,NA,NA,NA,0.4344,0.0064,112,0.5483,0.5753,0,0.6139,0,Bayes-M10-med
Kamituga,Sud-Kivu,1,FALSE,0.0022,0.0017,0.0028,0.0022,136,135,138,0.0022,0.2198,136,0.0041,NA,NA,NA,NA,NA,NA,0.3596,0.0054,117,0.3938,0.6062,0,0.4382,0,Bayes-M10-med
Mulungu,Sud-Kivu,1,FALSE,0.0022,0.0017,0.0028,0.0022,137,135,139,0.0022,0.2189,137,0.0041,NA,NA,NA,NA,NA,NA,0.5208,0.0078,105,0.861,0.5193,0,0.7027,0,Bayes-M10-med
Yahuma,Tshopo,1,FALSE,0.0022,0.0017,0.0027,0.0022,140,138,141,0.0022,0.2139,140,0.004,NA,NA,NA,NA,NA,NA,0.4402,0.0065,111,0.8649,0.332,0,0.5637,0,Bayes-M10-med
Mbulula,Tanganyika,1,FALSE,0.0022,0.0017,0.0028,0.0022,139,138,140,0.0022,0.2153,138,0.004,NA,NA,NA,NA,NA,NA,0.5934,0.0088,99,0.6448,0.7761,0,0.9527,0,Bayes-M10-med
Bumba,Mongala,1,FALSE,0.0021,0.0016,0.0028,0.0021,141,134,142,0.0021,0.2107,141,0.0039,NA,NA,NA,NA,NA,NA,0.2384,0.0035,152,0.1409,0.4537,0,0.3591,0,Bayes-M10-med
Kabalo,Tanganyika,1,FALSE,0.0021,0.0016,0.0026,0.002,142,140,142,0.0021,0.2026,142,0.0038,NA,NA,NA,NA,NA,NA,0.624,0.0087,100,0.9035,0.7568,0,0.8359,0,Bayes-M10-med
Kampene,Maniema,1,FALSE,0.002,0.0015,0.0025,0.0019,144,144,145,0.002,0.193,144,0.0036,NA,NA,NA,NA,NA,NA,0.3962,0.0053,122,0.5251,0.1757,0,0.8842,0,Bayes-M10-med
Kalima,Maniema,1,FALSE,0.002,0.0015,0.0025,0.002,143,143,144,0.002,0.1941,143,0.0036,NA,NA,NA,NA,NA,NA,0.3094,0.0041,143,0.4595,0.3205,0,0.4575,0,Bayes-M10-med
Ango,Bas-Uele,1,FALSE,0.0019,0.0014,0.0025,0.0019,145,143,151,0.0019,0.186,145,0.0035,NA,NA,NA,NA,NA,NA,0.7095,0.0091,97,1,0.8591,0,0.9788,0,Bayes-M10-med
Yahisuli,Tshopo,1,FALSE,0.0019,0.0014,0.0023,0.0018,146,145,148,0.0019,0.1825,147,0.0034,NA,NA,NA,NA,NA,NA,0.3521,0.0044,133,0.3842,0.0714,0,0.9527,0,Bayes-M10-med
Nyunzu,Tanganyika,1,FALSE,0.0019,0.0014,0.0024,0.0018,146,146,147,0.0019,0.183,146,0.0034,NA,NA,NA,NA,NA,NA,0.6023,0.0076,106,0.9653,0.834,0,0.61,0,Bayes-M10-med
Kananga,Kasaï-Central,1,FALSE,0.0018,0.0013,0.0022,0.0017,150,149,150,0.0018,0.1731,150,0.0032,NA,NA,NA,NA,NA,NA,0.2963,0.0035,151,0.1429,0.5579,0,0.4846,0,Bayes-M10-med
Kasansa,Kasaï-Oriental,1,FALSE,0.0018,0.0014,0.0023,0.0018,148,147,148,0.0018,0.1802,148,0.0033,NA,NA,NA,NA,NA,NA,0.3349,0.0041,142,0.2568,0.6699,0,0.4131,0,Bayes-M10-med
Punia,Maniema,1,FALSE,0.0018,0.0013,0.0023,0.0018,149,148,149,0.0018,0.175,149,0.0033,NA,NA,NA,NA,NA,NA,0.3731,0.0045,132,0.7625,0.1969,0,0.5328,0,Bayes-M10-med
Nzaba,Kasaï-Oriental,1,FALSE,0.0017,0.0013,0.0021,0.0017,154,153,155,0.0017,0.1647,154,0.0031,NA,NA,NA,NA,NA,NA,0.278,0.0031,164,0.1042,0.6931,0,0.3147,0,Bayes-M10-med
Mulumba,Lomami,1,FALSE,0.0017,0.0013,0.0022,0.0017,151,150,151,0.0017,0.1704,151,0.0032,NA,NA,NA,NA,NA,NA,0.2587,0.003,169,0.1834,0.3108,0,0.5405,0,Bayes-M10-med
Lusangi,Maniema,1,FALSE,0.0017,0.0013,0.0021,0.0017,155,154,155,0.0017,0.1645,155,0.0031,NA,NA,NA,NA,NA,NA,0.4223,0.0048,128,0.5656,0.2645,0,0.8591,0,Bayes-M10-med
Lodja,Sankuru,1,FALSE,0.0017,0.0013,0.0022,0.0017,152,152,153,0.0017,0.1677,152,0.0031,NA,NA,NA,NA,NA,NA,0.4626,0.0053,119,0.2625,0.6351,0,0.9527,0,Bayes-M10-med
Lulingu,Sud-Kivu,1,FALSE,0.0017,0.0013,0.0021,0.0016,156,155,156,0.0017,0.1636,156,0.003,NA,NA,NA,NA,NA,NA,0.6158,0.0069,109,0.9093,0.8108,0,0.7432,0,Bayes-M10-med
Opala,Tshopo,1,FALSE,0.0017,0.0013,0.0021,0.0017,153,151,157,0.0017,0.1669,153,0.0031,NA,NA,NA,NA,NA,NA,0.4269,0.0049,125,0.7819,0.0792,0,0.8465,0,Bayes-M10-med
Tshilenge,Kasaï-Oriental,1,FALSE,0.0016,0.0012,0.002,0.0016,158,158,159,0.0016,0.1578,158,0.0029,NA,NA,NA,NA,NA,NA,0.2799,0.003,168,0.1892,0.668,0,0.2625,0,Bayes-M10-med
Kailo,Maniema,1,FALSE,0.0016,0.0012,0.002,0.0015,160,160,161,0.0016,0.1528,160,0.0028,NA,NA,NA,NA,NA,NA,0.4276,0.0045,131,0.832,0.0946,0,0.7838,0,Bayes-M10-med
Samba,Maniema,1,FALSE,0.0016,0.0012,0.002,0.0015,159,159,160,0.0016,0.1536,159,0.0029,NA,NA,NA,NA,NA,NA,0.5179,0.0055,116,0.7529,0.4344,0,0.8842,0,Bayes-M10-med
Manono,Tanganyika,1,FALSE,0.0016,0.0012,0.0021,0.0016,157,156,157,0.0016,0.1617,157,0.003,NA,NA,NA,NA,NA,NA,0.5758,0.0064,113,0.8784,0.9537,0,0.471,0,Bayes-M10-med
Kabongo,Haut-Lomami,1,FALSE,0.0015,0.0011,0.0018,0.0014,167,166,167,0.0015,0.1434,167,0.0027,NA,NA,NA,NA,NA,NA,0.5372,0.0053,120,0.8108,0.778,0,0.5598,0,Bayes-M10-med
Luputa,Lomami,1,FALSE,0.0015,0.0011,0.0019,0.0014,165,164,166,0.0015,0.1436,165,0.0027,NA,NA,NA,NA,NA,NA,0.3431,0.0034,154,0.3301,0.3166,0,0.7259,0,Bayes-M10-med
Mweneditu,Lomami,1,FALSE,0.0015,0.0011,0.0019,0.0014,166,165,166,0.0015,0.1436,166,0.0027,NA,NA,NA,NA,NA,NA,0.2799,0.0028,180,0.166,0.3842,0,0.5695,0,Bayes-M10-med
Haut Plateau,Sud-Kivu,1,FALSE,0.0015,0.0012,0.0019,0.0015,162,161,162,0.0015,0.1504,161,0.0028,NA,NA,NA,NA,NA,NA,0.5246,0.0054,118,0.5714,0.5444,0,0.9826,0,Bayes-M10-med
Minembwe,Sud-Kivu,1,FALSE,0.0015,0.0011,0.0019,0.0015,164,163,164,0.0015,0.148,164,0.0027,NA,NA,NA,NA,NA,NA,0.5198,0.0053,121,0.7181,0.8089,0,0.5521,0,Bayes-M10-med
Yalimbongo,Tshopo,1,FALSE,0.0015,0.0011,0.002,0.0015,161,158,167,0.0015,0.1503,162,0.0028,NA,NA,NA,NA,NA,NA,0.3214,0.0033,157,0.5772,0.0483,0,0.6602,0,Bayes-M10-med
Moba,Tanganyika,1,FALSE,0.0015,0.0011,0.0019,0.0015,163,162,163,0.0015,0.1486,163,0.0028,NA,NA,NA,NA,NA,NA,0.3808,0.0039,145,0.6178,0.4942,0,0.4112,0,Bayes-M10-med
Kabeya Kamwanga,Kasaï-Oriental,1,FALSE,0.0013,0.001,0.0016,0.0013,169,169,170,0.0013,0.1272,169,0.0024,NA,NA,NA,NA,NA,NA,0.2968,0.0026,187,0.3224,0.3919,0,0.473,0,Bayes-M10-med
Lubao,Lomami,1,FALSE,0.0013,0.001,0.0017,0.0013,168,168,169,0.0013,0.1317,168,0.0024,NA,NA,NA,NA,NA,NA,0.3982,0.0036,148,0.6486,0.1525,0,0.7915,0,Bayes-M10-med
Lingomo,Tshuapa,1,FALSE,0.0013,0.001,0.0016,0.0013,170,169,171,0.0013,0.1263,170,0.0023,NA,NA,NA,NA,NA,NA,0.5627,0.0049,126,0.8263,0.5869,0,0.8378,0,Bayes-M10-med
Kamina,Haut-Lomami,1,FALSE,0.0012,9e-4,0.0016,0.0012,172,171,172,0.0012,0.1214,172,0.0023,NA,NA,NA,NA,NA,NA,0.5164,0.0043,136,0.8301,0.8301,0,0.4054,0,Bayes-M10-med
Kitenge,Haut-Lomami,1,FALSE,0.0012,9e-4,0.0015,0.0012,175,174,175,0.0012,0.117,175,0.0022,NA,NA,NA,NA,NA,NA,0.5729,0.0046,130,0.8668,0.8069,0,0.6178,0,Bayes-M10-med
Diulu,Kasaï-Oriental,1,FALSE,0.0012,9e-4,0.0016,0.0012,173,171,173,0.0012,0.1213,173,0.0023,NA,NA,NA,NA,NA,NA,0.2611,0.0022,210,0.0676,0.6448,0,0.332,0,Bayes-M10-med
Lukelenge,Kasaï-Oriental,1,FALSE,0.0012,9e-4,0.0015,0.0012,174,173,174,0.0012,0.1175,174,0.0022,NA,NA,NA,NA,NA,NA,0.2249,0.0018,238,0.0811,0.5,0,0.3185,0,Bayes-M10-med
Kabambare,Maniema,1,FALSE,0.0012,9e-4,0.0015,0.0012,176,176,176,0.0012,0.1145,176,0.0021,NA,NA,NA,NA,NA,NA,0.3953,0.0031,165,0.8359,0.112,0,0.6332,0,Bayes-M10-med
Yamongili,Mongala,1,FALSE,0.0012,9e-4,0.0016,0.0012,171,168,175,0.0012,0.1224,171,0.0023,NA,NA,NA,NA,NA,NA,0.3243,0.0027,183,0.5116,0.3668,0,0.4189,0,Bayes-M10-med
Malemba Nkulu,Haut-Lomami,1,FALSE,0.0011,8e-4,0.0014,0.0011,179,179,179,0.0011,0.1105,179,0.0021,NA,NA,NA,NA,NA,NA,0.3895,0.003,174,0.36870000000000003,0.7664,0,0.4228,0,Bayes-M10-med
Kaniama,Haut-Lomami,1,FALSE,0.0011,8e-4,0.0014,0.0011,180,180,180,0.0011,0.1103,180,0.0021,NA,NA,NA,NA,NA,NA,0.582,0.0044,134,0.8533,0.6622,0,0.8127,0,Bayes-M10-med
Demba,Kasaï-Central,1,FALSE,0.0011,8e-4,0.0014,0.0011,184,184,185,0.0011,0.1057,184,0.002,NA,NA,NA,NA,NA,NA,0.4117,0.003,171,0.4653,0.7143,0,0.4672,0,Bayes-M10-med
Cilundu,Kasaï-Oriental,1,FALSE,0.0011,8e-4,0.0014,0.0011,185,183,186,0.0011,0.1056,185,0.002,NA,NA,NA,NA,NA,NA,0.221,0.0016,255,0.2317,0.3089,0,0.3436,0,Bayes-M10-med
Citenge,Kasaï-Oriental,1,FALSE,0.0011,8e-4,0.0014,0.0011,181,181,181,0.0011,0.1094,181,0.002,NA,NA,NA,NA,NA,NA,0.2321,0.0017,244,0.1583,0.4749,0,0.2954,0,Bayes-M10-med
Idiofa,Kwilu,1,FALSE,0.0011,8e-4,0.0014,0.0011,183,183,185,0.0011,0.1059,183,0.002,NA,NA,NA,NA,NA,NA,0.486,0.0035,150,0.4537,0.749,0,0.7413,0,Bayes-M10-med
Ngandajika,Lomami,1,FALSE,0.0011,9e-4,0.0014,0.0011,178,178,178,0.0011,0.1107,178,0.0021,NA,NA,NA,NA,NA,NA,0.3465,0.0026,185,0.2124,0.4459,0,0.7278,0,Bayes-M10-med
Tshofa,Lomami,1,FALSE,0.0011,8e-4,0.0014,0.0011,182,182,183,0.0011,0.1082,182,0.002,NA,NA,NA,NA,NA,NA,0.4416,0.0033,160,0.6757,0.3514,0,0.7394,0,Bayes-M10-med
Gemena,Sud-Ubangi,1,FALSE,0.0011,8e-4,0.0014,0.001,186,182,195,0.0011,0.1039,186,0.0019,NA,NA,NA,NA,NA,NA,0.3277,0.0023,200,0.1776,0.2741,0,0.8591,0,Bayes-M10-med
Ikela,Tshuapa,1,FALSE,0.0011,9e-4,0.0015,0.0011,177,177,177,0.0011,0.1127,177,0.0021,NA,NA,NA,NA,NA,NA,0.4633,0.0036,149,0.8147,0.1795,0,0.8591,0,Bayes-M10-med
Kamwesha,Kasaï,1,FALSE,0.001,8e-4,0.0013,0.001,191,191,192,0.001,0.1002,191,0.0019,NA,NA,NA,NA,NA,NA,0.2732,0.0019,230,0.3456,0.2876,0,0.4595,0,Bayes-M10-med
Tshikapa,Kasaï,1,FALSE,0.001,8e-4,0.0013,0.001,194,194,195,0.001,0.0991,194,0.0018,NA,NA,NA,NA,NA,NA,0.3156,0.0022,213,0.2722,0.6506,0,0.3398,0,Bayes-M10-med
Mikalayi,Kasaï-Central,1,FALSE,0.001,8e-4,0.0013,0.001,187,186,188,0.001,0.1031,187,0.0019,NA,NA,NA,NA,NA,NA,0.3948,0.0028,178,0.4517,0.5811,0,0.5463,0,Bayes-M10-med
Bibanga,Kasaï-Oriental,1,FALSE,0.001,8e-4,0.0013,0.001,189,187,189,0.001,0.1026,189,0.0019,NA,NA,NA,NA,NA,NA,0.2978,0.0021,220,0.3127,0.4884,0,0.39,0,Bayes-M10-med
Lubilanji,Kasaï-Oriental,1,FALSE,0.001,7e-4,0.0012,9e-4,197,197,198,0.001,0.0937,197,0.0017,NA,NA,NA,NA,NA,NA,0.1694,0.0011,306,0.0347,0.3398,0,0.3031,0,Bayes-M10-med
Ludimbi Lukula,Lomami,1,FALSE,0.001,8e-4,0.0013,0.001,192,190,193,0.001,0.0999,192,0.0019,NA,NA,NA,NA,NA,NA,0.4513,0.0031,166,0.6931,0.3475,0,0.7645,0,Bayes-M10-med
Kanda Kanda,Lomami,1,FALSE,0.001,7e-4,0.0013,0.001,196,196,196,0.001,0.0973,196,0.0018,NA,NA,NA,NA,NA,NA,0.3012,0.002,223,0.3185,0.1737,0,0.7124,0,Bayes-M10-med
Kibombo,Maniema,1,FALSE,0.001,8e-4,0.0013,0.001,190,188,190,0.001,0.1021,190,0.0019,NA,NA,NA,NA,NA,NA,0.4614,0.0032,161,0.7452,0.1776,0,0.9228,0,Bayes-M10-med
Obokote,Maniema,1,FALSE,0.001,8e-4,0.0013,0.001,195,189,197,0.001,0.0988,195,0.0018,NA,NA,NA,NA,NA,NA,0.3209,0.0022,209,0.7239,0.0328,0,0.527,0,Bayes-M10-med
Boende,Tshuapa,1,FALSE,0.001,8e-4,0.0013,0.001,188,187,193,0.001,0.1028,188,0.0019,NA,NA,NA,NA,NA,NA,0.4199,0.003,172,0.6988,0.4807,0,0.5,0,Bayes-M10-med
Kansimba,Tanganyika,1,FALSE,0.001,8e-4,0.0013,0.001,193,192,194,0.001,0.0997,193,0.0019,NA,NA,NA,NA,NA,NA,0.5497,0.0038,147,0.9479,0.7741,0,0.4768,0,Bayes-M10-med
Bili (Bas-Uele),Bas-Uele,1,FALSE,9e-4,7e-4,0.0012,9e-4,201,195,222,9e-4,0.0899,201,0.0017,NA,NA,NA,NA,NA,NA,0.6926,0.0043,137,0.9981,0.7992,0,0.973,0,Bayes-M10-med
Luebo,Kasaï,1,FALSE,9e-4,7e-4,0.0012,9e-4,204,202,204,9e-4,0.0896,204,0.0017,NA,NA,NA,NA,NA,NA,0.4353,0.0027,184,0.5232,0.5116,0,0.7066,0,Bayes-M10-med
Mweka,Kasaï,1,FALSE,9e-4,6e-4,0.0011,8e-4,214,212,216,9e-4,0.0841,214,0.0016,NA,NA,NA,NA,NA,NA,0.5053,0.0029,175,0.4788,0.7239,0,0.8185,0,Bayes-M10-med
Luiza,Kasaï-Central,1,FALSE,9e-4,6e-4,0.0011,8e-4,214,213,215,9e-4,0.0841,213,0.0016,NA,NA,NA,NA,NA,NA,0.4218,0.0024,193,0.4807,0.6293,0,0.5772,0,Bayes-M10-med
Bipemba,Kasaï-Oriental,1,FALSE,9e-4,7e-4,0.0011,9e-4,207,205,208,9e-4,0.0869,207,0.0016,NA,NA,NA,NA,NA,NA,0.1544,9e-4,333,0.0618,0.2201,0,0.3359,0,Bayes-M10-med
Dibindi,Kasaï-Oriental,1,FALSE,9e-4,7e-4,0.0012,9e-4,200,200,202,9e-4,0.0904,200,0.0017,NA,NA,NA,NA,NA,NA,0.1617,0.001,322,0.0386,0.2954,0,0.3127,0,Bayes-M10-med
Kansele,Kasaï-Oriental,1,FALSE,9e-4,7e-4,0.0011,9e-4,209,209,210,9e-4,0.0852,209,0.0016,NA,NA,NA,NA,NA,NA,0.2437,0.0014,268,0.0541,0.5965,0,0.3243,0,Bayes-M10-med
Miabi,Kasaï-Oriental,1,FALSE,9e-4,7e-4,0.0011,9e-4,208,207,209,9e-4,0.0867,208,0.0016,NA,NA,NA,NA,NA,NA,0.2838,0.0017,249,0.2297,0.6525,0,0.2529,0,Bayes-M10-med
Mpokolo,Kasaï-Oriental,1,FALSE,9e-4,6e-4,0.0011,9e-4,212,211,212,9e-4,0.0846,212,0.0016,NA,NA,NA,NA,NA,NA,0.2901,0.0017,250,0.1255,0.6873,0,0.3475,0,Bayes-M10-med
Muya,Kasaï-Oriental,1,FALSE,9e-4,7e-4,0.0012,9e-4,203,201,204,9e-4,0.0898,203,0.0017,NA,NA,NA,NA,NA,NA,0.2495,0.0015,260,0.0753,0.5888,0,0.334,0,Bayes-M10-med
Tshishimbi,Kasaï-Oriental,1,FALSE,9e-4,7e-4,0.0011,9e-4,211,210,211,9e-4,0.0849,211,0.0016,NA,NA,NA,NA,NA,NA,0.1742,0.001,318,0.1795,0.2471,0,0.2703,0,Bayes-M10-med
Kalambayi Kabanga,Lomami,1,FALSE,9e-4,6e-4,0.0011,8e-4,215,213,216,9e-4,0.0841,215,0.0016,NA,NA,NA,NA,NA,NA,0.3132,0.0018,239,0.4556,0.1602,0,0.6371,0,Bayes-M10-med
Kamana,Lomami,1,FALSE,9e-4,7e-4,0.0012,9e-4,199,199,201,9e-4,0.091,199,0.0017,NA,NA,NA,NA,NA,NA,0.2944,0.0018,236,0.5309,0.0174,0,0.6293,0,Bayes-M10-med
Kalenda,Lomami,1,FALSE,9e-4,7e-4,0.0011,9e-4,206,203,207,9e-4,0.0885,206,0.0016,NA,NA,NA,NA,NA,NA,0.2886,0.0018,243,0.388,0.1873,0,0.5792,0,Bayes-M10-med
Ferekeni,Maniema,1,FALSE,9e-4,6e-4,0.0011,8e-4,216,211,220,9e-4,0.0838,216,0.0016,NA,NA,NA,NA,NA,NA,0.3504,0.002,222,0.7722,0.0425,0,0.5869,0,Bayes-M10-med
Katako Kombe,Sankuru,1,FALSE,9e-4,7e-4,0.0011,9e-4,205,204,206,9e-4,0.0888,205,0.0017,NA,NA,NA,NA,NA,NA,0.4703,0.0029,176,0.7857,0.1313,0,0.9643,0,Bayes-M10-med
Itombwe,Sud-Kivu,1,FALSE,9e-4,7e-4,0.0012,9e-4,198,198,200,9e-4,0.0915,198,0.0017,NA,NA,NA,NA,NA,NA,0.5121,0.0032,162,0.8571,0.6737,0,0.5174,0,Bayes-M10-med
Lowa,Tshopo,1,FALSE,9e-4,7e-4,0.0011,9e-4,210,208,217,9e-4,0.0849,210,0.0016,NA,NA,NA,NA,NA,NA,0.4073,0.0024,198,0.8938,0.0598,0,0.6757,0,Bayes-M10-med
Mondombe,Tshuapa,1,FALSE,9e-4,7e-4,0.0012,9e-4,202,199,206,9e-4,0.0898,202,0.0017,NA,NA,NA,NA,NA,NA,0.4797,0.003,173,0.6622,0.3726,0,0.8842,0,Bayes-M10-med
Bukama,Haut-Lomami,1,FALSE,8e-4,6e-4,0.001,8e-4,225,224,227,8e-4,0.0775,225,0.0014,NA,NA,NA,NA,NA,NA,0.4764,0.0025,190,0.7143,0.7625,0,0.4286,0,Bayes-M10-med
Mulongo,Haut-Lomami,1,FALSE,8e-4,6e-4,0.001,8e-4,226,225,228,8e-4,0.0773,226,0.0014,NA,NA,NA,NA,NA,NA,0.4773,0.0025,189,0.7471,0.7703,0,0.3919,0,Bayes-M10-med
Bena Leka,Kasaï-Central,1,FALSE,8e-4,6e-4,0.0011,8e-4,221,218,221,8e-4,0.0824,220,0.0015,NA,NA,NA,NA,NA,NA,0.4986,0.0028,177,0.6062,0.7162,0,0.6718,0,Bayes-M10-med
Masuika,Kasaï-Central,1,FALSE,8e-4,6e-4,0.0011,8e-4,223,221,223,8e-4,0.0816,223,0.0015,NA,NA,NA,NA,NA,NA,0.3885,0.0022,208,0.3263,0.5618,0,0.666,0,Bayes-M10-med
Lusanga,Kwilu,1,FALSE,8e-4,6e-4,0.001,8e-4,228,226,229,8e-4,0.0768,228,0.0014,NA,NA,NA,NA,NA,NA,0.4242,0.0022,206,0.4382,0.7297,0,0.529,0,Bayes-M10-med
Fungurume,Lualaba,1,FALSE,8e-4,6e-4,0.001,8e-4,230,229,231,8e-4,0.0757,230,0.0014,NA,NA,NA,NA,NA,NA,0.1564,8e-4,348,0.2664,0.1622,0,0.1969,0,Bayes-M10-med
Alunguli,Maniema,1,FALSE,8e-4,6e-4,0.0011,8e-4,219,218,220,8e-4,0.0825,219,0.0015,NA,NA,NA,NA,NA,NA,0.3132,0.0018,242,0.1737,0.195,0,0.8842,0,Bayes-M10-med
Karawa,Nord-Ubangi,1,FALSE,8e-4,6e-4,0.001,8e-4,229,225,233,8e-4,0.0762,229,0.0014,NA,NA,NA,NA,NA,NA,0.6404,0.0034,155,0.7568,0.973,0,0.832,0,Bayes-M10-med
Wapinda,Nord-Ubangi,1,FALSE,8e-4,6e-4,0.0011,8e-4,220,200,228,8e-4,0.082,221,0.0015,NA,NA,NA,NA,NA,NA,0.6791,0.0038,146,0.9015,0.8398,0,0.9749,0,Bayes-M10-med
Omendjadi,Sankuru,1,FALSE,8e-4,6e-4,0.001,8e-4,227,226,228,8e-4,0.0771,227,0.0014,NA,NA,NA,NA,NA,NA,0.4262,0.0023,204,0.5502,0.2317,0,0.9228,0,Bayes-M10-med
Vanga Kete,Sankuru,1,FALSE,8e-4,6e-4,0.0011,8e-4,217,215,218,8e-4,0.0836,217,0.0016,NA,NA,NA,NA,NA,NA,0.4503,0.0026,188,0.4672,0.4112,0,0.9228,0,Bayes-M10-med
Dikungu,Sankuru,1,FALSE,8e-4,6e-4,0.001,8e-4,231,230,232,8e-4,0.0753,231,0.0014,NA,NA,NA,NA,NA,NA,0.3779,0.002,225,0.4865,0.1409,0,0.8842,0,Bayes-M10-med
Minga,Sankuru,1,FALSE,8e-4,6e-4,0.001,8e-4,232,231,233,8e-4,0.0749,232,0.0014,NA,NA,NA,NA,NA,NA,0.5347,0.0028,182,0.7838,0.471,0,0.8842,0,Bayes-M10-med
Tshumbe,Sankuru,1,FALSE,8e-4,6e-4,0.001,8e-4,224,223,224,8e-4,0.0799,224,0.0015,NA,NA,NA,NA,NA,NA,0.3907,0.0021,214,0.5444,0.1718,0,0.8465,0,Bayes-M10-med
Basali,Tshopo,1,FALSE,8e-4,6e-4,0.0011,8e-4,218,213,223,8e-4,0.083,218,0.0015,NA,NA,NA,NA,NA,NA,0.3779,0.0022,212,0.834,0.0251,0,0.6525,0,Bayes-M10-med
Bokungu,Tshuapa,1,FALSE,8e-4,6e-4,0.001,8e-4,233,230,234,8e-4,0.0747,233,0.0014,NA,NA,NA,NA,NA,NA,0.49370000000000003,0.0025,191,0.695,0.3571,0,0.9228,0,Bayes-M10-med
Kiambi,Tanganyika,1,FALSE,8e-4,6e-4,0.0011,8e-4,222,220,222,8e-4,0.0818,222,0.0015,NA,NA,NA,NA,NA,NA,0.5709,0.0032,163,0.9807,0.6834,0,0.6197,0,Bayes-M10-med
Monga,Bas-Uele,1,FALSE,7e-4,5e-4,9e-4,7e-4,250,241,262,7e-4,0.0653,250,0.0012,NA,NA,NA,NA,NA,NA,0.7336,0.0033,158,0.9826,0.9672,0,0.9846,0,Bayes-M10-med
Kalonda Ouest,Kasaï,1,FALSE,7e-4,5e-4,9e-4,7e-4,244,243,246,7e-4,0.0685,244,0.0013,NA,NA,NA,NA,NA,NA,0.2239,0.0011,308,0.2915,0.251,0,0.3533,0,Bayes-M10-med
Dibaya,Kasaï-Central,1,FALSE,7e-4,5e-4,9e-4,7e-4,238,238,238,7e-4,0.0711,238,0.0013,NA,NA,NA,NA,NA,NA,0.3325,0.0016,254,0.3147,0.4479,0,0.5676,0,Bayes-M10-med
Katende,Kasaï-Central,1,FALSE,7e-4,5e-4,8e-4,6e-4,255,250,257,7e-4,0.064,255,0.0012,NA,NA,NA,NA,NA,NA,0.5154,0.0023,203,0.6525,0.6486,0,0.7606,0,Bayes-M10-med
Ndekesha,Kasaï-Central,1,FALSE,7e-4,5e-4,9e-4,7e-4,249,247,250,7e-4,0.0661,249,0.0012,NA,NA,NA,NA,NA,NA,0.4059,0.0018,235,0.4768,0.4498,0,0.6969,0,Bayes-M10-med
Tshikaji,Kasaï-Central,1,FALSE,7e-4,5e-4,9e-4,7e-4,236,234,236,7e-4,0.0716,236,0.0013,NA,NA,NA,NA,NA,NA,0.3195,0.0016,257,0.1873,0.5849,0,0.5058,0,Bayes-M10-med
Luambo,Kasaï-Central,1,FALSE,7e-4,5e-4,8e-4,6e-4,254,251,255,7e-4,0.0641,254,0.0012,NA,NA,NA,NA,NA,NA,0.3769,0.0017,252,0.5347,0.5656,0,0.4073,0,Bayes-M10-med
Mukumbi,Kasaï-Oriental,1,FALSE,7e-4,5e-4,9e-4,7e-4,237,237,237,7e-4,0.0713,237,0.0013,NA,NA,NA,NA,NA,NA,0.2249,0.0011,304,0.2413,0.1892,0,0.4691,0,Bayes-M10-med
Kenge,Kwango,1,FALSE,7e-4,5e-4,8e-4,7e-4,251,248,253,7e-4,0.0652,251,0.0012,NA,NA,NA,NA,NA,NA,0.5574,0.0025,192,0.6139,0.8127,0,0.8031,0,Bayes-M10-med
Vanga,Kwilu,1,FALSE,7e-4,5e-4,9e-4,7e-4,242,242,244,7e-4,0.069,242,0.0013,NA,NA,NA,NA,NA,NA,0.5034,0.0024,196,0.3726,0.8205,0,0.8205,0,Bayes-M10-med
Bulungu,Kwilu,1,FALSE,7e-4,5e-4,9e-4,7e-4,240,239,240,7e-4,0.07,240,0.0013,NA,NA,NA,NA,NA,NA,0.4508,0.0022,211,0.3571,0.6795,0,0.7664,0,Bayes-M10-med
Gungu,Kwilu,1,FALSE,7e-4,5e-4,8e-4,7e-4,253,249,254,7e-4,0.0647,253,0.0012,NA,NA,NA,NA,NA,NA,0.4237,0.0019,228,0.5058,0.6969,0,0.4923,0,Bayes-M10-med
Mukedi,Kwilu,1,FALSE,7e-4,5e-4,9e-4,7e-4,241,241,242,7e-4,0.0694,241,0.0013,NA,NA,NA,NA,NA,NA,0.4836,0.0023,202,0.5367,0.7066,0,0.6911,0,Bayes-M10-med
Kalonda Est,Lomami,1,FALSE,7e-4,5e-4,9e-4,7e-4,245,245,248,7e-4,0.0669,245,0.0012,NA,NA,NA,NA,NA,NA,0.3292,0.0015,262,0.5425,0.1506,0,0.6236,0,Bayes-M10-med
Dilala,Lualaba,1,FALSE,7e-4,5e-4,9e-4,7e-4,243,243,245,7e-4,0.0686,243,0.0013,NA,NA,NA,NA,NA,NA,0.1347,6e-4,376,0.1506,0.2548,0,0.1332,0,Bayes-M10-med
Pangi,Maniema,1,FALSE,7e-4,5e-4,9e-4,7e-4,246,246,249,7e-4,0.0668,246,0.0012,NA,NA,NA,NA,NA,NA,0.3316,0.0015,261,0.6081,0.056,0,0.6622,0,Bayes-M10-med
Bosondjo,Mongala,1,FALSE,7e-4,5e-4,8e-4,7e-4,252,250,257,7e-4,0.0647,252,0.0012,NA,NA,NA,NA,NA,NA,0.3489,0.0016,258,0.5618,0.1931,0,0.6409,0,Bayes-M10-med
Yakoma,Nord-Ubangi,1,FALSE,7e-4,5e-4,9e-4,7e-4,247,243,260,7e-4,0.0661,247,0.0012,NA,NA,NA,NA,NA,NA,0.6641,0.003,170,0.7124,0.9479,0,0.9961,0,Bayes-M10-med
Ototo,Sankuru,1,FALSE,7e-4,5e-4,9e-4,7e-4,239,239,240,7e-4,0.0701,239,0.0013,NA,NA,NA,NA,NA,NA,0.4561,0.0022,207,0.5386,0.3629,0,0.9228,0,Bayes-M10-med
Bwamanda,Sud-Ubangi,1,FALSE,7e-4,5e-4,9e-4,7e-4,248,245,258,7e-4,0.0661,248,0.0012,NA,NA,NA,NA,NA,NA,0.4667,0.0021,218,0.4189,0.7394,0,0.7085,0,Bayes-M10-med
Yalifafu,Tshuapa,1,FALSE,7e-4,6e-4,0.001,7e-4,234,234,236,7e-4,0.0735,234,0.0014,NA,NA,NA,NA,NA,NA,0.4797,0.0024,195,0.7664,0.2683,0,0.8842,0,Bayes-M10-med
Ankoro,Tanganyika,1,FALSE,7e-4,6e-4,9e-4,7e-4,235,232,235,7e-4,0.0732,235,0.0014,NA,NA,NA,NA,NA,NA,0.6047,0.003,167,0.9266,0.8282,0,0.6641,0,Bayes-M10-med
Kampemba,Haut-Katanga,1,FALSE,6e-4,4e-4,7e-4,6e-4,270,268,271,6e-4,0.0557,270,0.001,NA,NA,NA,NA,NA,NA,0.0531,2e-4,447,0.0598,0.0367,0,0.1158,0,Bayes-M10-med
Kabondo Dianda,Haut-Lomami,1,FALSE,6e-4,5e-4,8e-4,6e-4,260,255,261,6e-4,0.063,260,0.0012,NA,NA,NA,NA,NA,NA,0.4107,0.0018,241,0.5888,0.5714,0,0.4826,0,Bayes-M10-med
Mukanga,Haut-Lomami,1,FALSE,6e-4,5e-4,8e-4,6e-4,259,254,260,6e-4,0.0631,259,0.0012,NA,NA,NA,NA,NA,NA,0.4739,0.0021,221,0.6853,0.6911,0,0.5193,0,Bayes-M10-med
Ilebo,Kasaï,1,FALSE,6e-4,4e-4,7e-4,5e-4,272,271,273,6e-4,0.0545,273,0.001,NA,NA,NA,NA,NA,NA,0.3142,0.0012,290,0.2162,0.6139,0,0.4266,0,Bayes-M10-med
Kanzala,Kasaï,1,FALSE,6e-4,5e-4,8e-4,6e-4,266,265,267,6e-4,0.0588,266,0.0011,NA,NA,NA,NA,NA,NA,0.2046,8e-4,345,0.168,0.3127,0,0.3378,0,Bayes-M10-med
Lukonga,Kasaï-Central,1,FALSE,6e-4,5e-4,8e-4,6e-4,262,258,262,6e-4,0.0626,262,0.0012,NA,NA,NA,NA,NA,NA,0.3282,0.0014,270,0.2239,0.6429,0,0.4459,0,Bayes-M10-med
Tshibala,Kasaï-Central,1,FALSE,6e-4,4e-4,7e-4,5e-4,272,270,274,6e-4,0.0545,272,0.001,NA,NA,NA,NA,NA,NA,0.4218,0.0016,256,0.4266,0.5772,0,0.6834,0,Bayes-M10-med
Yangala,Kasaï-Central,1,FALSE,6e-4,4e-4,7e-4,6e-4,268,266,269,6e-4,0.0566,268,0.0011,NA,NA,NA,NA,NA,NA,0.348,0.0014,275,0.5927,0.2259,0,0.5734,0,Bayes-M10-med
Kikwit Nord,Kwilu,1,FALSE,6e-4,5e-4,8e-4,6e-4,256,252,256,7e-4,0.064,256,0.0012,NA,NA,NA,NA,NA,NA,0.2915,0.0013,281,0.1236,0.5405,0,0.5019,0,Bayes-M10-med
Koshibanda,Kwilu,1,FALSE,6e-4,5e-4,8e-4,6e-4,260,256,261,6e-4,0.063,261,0.0012,NA,NA,NA,NA,NA,NA,0.4913,0.0021,216,0.5193,0.6757,0,0.7703,0,Bayes-M10-med
Makota,Lomami,1,FALSE,6e-4,5e-4,8e-4,6e-4,265,264,266,6e-4,0.0591,265,0.0011,NA,NA,NA,NA,NA,NA,0.2587,0.0011,310,0.1023,0.3764,0,0.556,0,Bayes-M10-med
Tunda,Maniema,1,FALSE,6e-4,5e-4,8e-4,6e-4,264,263,265,6e-4,0.0595,264,0.0011,NA,NA,NA,NA,NA,NA,0.459,0.0019,231,0.8977,0.0541,0,0.8842,0,Bayes-M10-med
Binga,Mongala,1,FALSE,6e-4,4e-4,7e-4,6e-4,267,264,272,6e-4,0.0569,267,0.0011,NA,NA,NA,NA,NA,NA,0.3306,0.0013,278,0.4749,0.249,0,0.5985,0,Bayes-M10-med
Pimu,Mongala,1,FALSE,6e-4,5e-4,8e-4,6e-4,257,252,262,6e-4,0.0637,257,0.0012,NA,NA,NA,NA,NA,NA,0.4257,0.0019,233,0.583,0.3707,0,0.749,0,Bayes-M10-med
Lomela,Sankuru,1,FALSE,6e-4,4e-4,7e-4,6e-4,268,268,269,6e-4,0.0563,269,0.001,NA,NA,NA,NA,NA,NA,0.4759,0.0018,234,0.8456,0.1351,0,0.9228,0,Bayes-M10-med
Wembo Nyama,Sankuru,1,FALSE,6e-4,5e-4,8e-4,6e-4,258,253,258,6e-4,0.0634,258,0.0012,NA,NA,NA,NA,NA,NA,0.4097,0.0018,240,0.5019,0.2143,0,0.9228,0,Bayes-M10-med
Tandala,Sud-Ubangi,1,FALSE,6e-4,4e-4,8e-4,6e-4,263,263,267,6e-4,0.0597,263,0.0011,NA,NA,NA,NA,NA,NA,0.4078,0.0017,251,0.2741,0.527,0,0.8301,0,Bayes-M10-med
Mompono,Tshuapa,1,FALSE,6e-4,4e-4,7e-4,6e-4,271,270,273,6e-4,0.0552,271,0.001,NA,NA,NA,NA,NA,NA,0.5598,0.0021,217,0.8089,0.6042,0,0.8263,0,Bayes-M10-med
Basankusu,Equateur,1,FALSE,5e-4,4e-4,6e-4,5e-4,292,290,295,5e-4,0.0477,292,9e-4,NA,NA,NA,NA,NA,NA,0.6844,0.0022,205,0.9517,0.8629,0,0.9228,0,Bayes-M10-med
Bolomba,Equateur,1,FALSE,5e-4,3e-4,6e-4,5e-4,298,295,303,5e-4,0.0463,298,9e-4,NA,NA,NA,NA,NA,NA,0.6163,0.002,224,0.9575,0.8533,0,0.6544,0,Bayes-M10-med
Kambove,Haut-Katanga,1,FALSE,5e-4,4e-4,6e-4,5e-4,289,285,292,5e-4,0.0483,288,9e-4,NA,NA,NA,NA,NA,NA,0.306,0.001,319,0.4247,0.6236,0,0.1757,0,Bayes-M10-med
Kapolowe,Haut-Katanga,1,FALSE,5e-4,4e-4,6e-4,5e-4,294,287,296,5e-4,0.0473,294,9e-4,NA,NA,NA,NA,NA,NA,0.3026,0.001,326,0.5579,0.444,0,0.2085,0,Bayes-M10-med
Kilwa,Haut-Katanga,1,FALSE,5e-4,4e-4,7e-4,5e-4,275,274,275,5e-4,0.0526,275,0.001,NA,NA,NA,NA,NA,NA,0.3764,0.0014,272,0.749,0.39,0,0.3668,0,Bayes-M10-med
Kisanga,Haut-Katanga,1,FALSE,5e-4,3e-4,6e-4,5e-4,304,301,306,5e-4,0.0451,304,8e-4,NA,NA,NA,NA,NA,NA,0.1081,3e-4,424,0.1293,0.2008,0,0.1023,0,Bayes-M10-med
Pweto,Haut-Katanga,1,FALSE,5e-4,4e-4,7e-4,5e-4,278,277,280,5e-4,0.051,278,9e-4,NA,NA,NA,NA,NA,NA,0.3518,0.0012,285,0.7992,0.2587,0,0.3494,0,Bayes-M10-med
Ruashi,Haut-Katanga,1,FALSE,5e-4,4e-4,6e-4,5e-4,282,281,286,5e-4,0.0497,282,9e-4,NA,NA,NA,NA,NA,NA,0.0705,2e-4,440,0.0985,0.0637,0,0.1197,0,Bayes-M10-med
Sakania,Haut-Katanga,1,FALSE,5e-4,4e-4,7e-4,5e-4,276,275,276,5e-4,0.0525,276,0.001,NA,NA,NA,NA,NA,NA,0.2775,0.001,324,0.7375,0.2355,0,0.1371,0,Bayes-M10-med
Ndjoko Mpunda,Kasaï,1,FALSE,5e-4,4e-4,6e-4,5e-4,299,294,300,5e-4,0.0461,299,9e-4,NA,NA,NA,NA,NA,NA,0.333,0.0011,307,0.3977,0.2915,0,0.6429,0,Bayes-M10-med
Kamonia,Kasaï,1,FALSE,5e-4,4e-4,6e-4,5e-4,296,291,298,5e-4,0.0466,296,9e-4,NA,NA,NA,NA,NA,NA,0.14,4e-4,411,0.3707,0.11,0,0.0792,0,Bayes-M10-med
Katoka,Kasaï-Central,1,FALSE,5e-4,4e-4,6e-4,5e-4,290,284,293,5e-4,0.0481,290,9e-4,NA,NA,NA,NA,NA,NA,0.2645,9e-4,341,0.1216,0.473,0,0.4633,0,Bayes-M10-med
Muetshi,Kasaï-Central,1,FALSE,5e-4,4e-4,6e-4,5e-4,301,296,302,5e-4,0.0459,301,9e-4,NA,NA,NA,NA,NA,NA,0.4792,0.0015,263,0.6158,0.5386,0,0.7625,0,Bayes-M10-med
Tshikula,Kasaï-Central,1,FALSE,5e-4,4e-4,6e-4,5e-4,284,282,290,5e-4,0.0492,284,9e-4,NA,NA,NA,NA,NA,NA,0.3296,0.0011,300,0.3919,0.3185,0,0.6081,0,Bayes-M10-med
Matadi,Kongo-Central,1,FALSE,5e-4,4e-4,6e-4,5e-4,300,298,301,5e-4,0.0459,300,9e-4,NA,NA,NA,NA,NA,NA,0.2939,9e-4,331,0.1564,0.944,0,0.0753,0,Bayes-M10-med
Djuma,Kwilu,1,FALSE,5e-4,3e-4,6e-4,5e-4,302,300,304,5e-4,0.0456,302,8e-4,NA,NA,NA,NA,NA,NA,0.5256,0.0016,253,0.4826,0.7355,0,0.8842,0,Bayes-M10-med
Ipamu,Kwilu,1,FALSE,5e-4,4e-4,7e-4,5e-4,277,276,277,5e-4,0.0521,277,0.001,NA,NA,NA,NA,NA,NA,0.5454,0.002,226,0.4903,0.7683,0,0.9228,0,Bayes-M10-med
Kikwit Sud,Kwilu,1,FALSE,5e-4,4e-4,7e-4,5e-4,280,279,282,5e-4,0.0504,280,9e-4,NA,NA,NA,NA,NA,NA,0.3282,0.0011,296,0.1313,0.7008,0,0.4807,0,Bayes-M10-med
Masi Manimba,Kwilu,1,FALSE,5e-4,3e-4,6e-4,4e-4,307,306,308,5e-4,0.0443,306,8e-4,NA,NA,NA,NA,NA,NA,0.4281,0.0013,277,0.332,0.4961,0,0.8842,0,Bayes-M10-med
Yasa Bonga,Kwilu,1,FALSE,5e-4,4e-4,6e-4,5e-4,285,283,288,5e-4,0.0491,285,9e-4,NA,NA,NA,NA,NA,NA,0.4206,0.0014,269,0.3031,0.5328,0,0.8465,0,Bayes-M10-med
Kasaji,Lualaba,1,FALSE,5e-4,4e-4,6e-4,5e-4,297,293,299,5e-4,0.0463,297,9e-4,NA,NA,NA,NA,NA,NA,0.4648,0.0015,265,0.8552,0.4923,0,0.5116,0,Bayes-M10-med
Lualaba,Lualaba,1,FALSE,5e-4,4e-4,6e-4,5e-4,293,286,294,5e-4,0.0474,293,9e-4,NA,NA,NA,NA,NA,NA,0.1404,5e-4,410,0.3552,0.0347,0,0.1718,0,Bayes-M10-med
Boso Manzi,Mongala,1,FALSE,5e-4,4e-4,6e-4,5e-4,295,290,305,5e-4,0.0471,295,9e-4,NA,NA,NA,NA,NA,NA,0.3982,0.0013,279,0.5695,0.2278,0,0.7954,0,Bayes-M10-med
Abuzi,Nord-Ubangi,1,FALSE,5e-4,4e-4,7e-4,5e-4,283,279,290,5e-4,0.0496,283,9e-4,NA,NA,NA,NA,NA,NA,0.7153,0.0024,194,0.9846,0.9054,0,0.971,0,Bayes-M10-med
Bosobolo,Nord-Ubangi,1,FALSE,5e-4,4e-4,6e-4,5e-4,288,284,297,5e-4,0.0483,289,9e-4,NA,NA,NA,NA,NA,NA,0.7148,0.0024,199,0.9363,0.9459,0,0.9768,0,Bayes-M10-med
Gbadolite,Nord-Ubangi,1,FALSE,5e-4,4e-4,7e-4,5e-4,274,272,280,5e-4,0.0528,274,0.001,NA,NA,NA,NA,NA,NA,0.5183,0.0019,229,0.7915,0.9653,0,0.3166,0,Bayes-M10-med
Mobayi Mbongo,Nord-Ubangi,1,FALSE,5e-4,4e-4,7e-4,5e-4,281,278,288,5e-4,0.0499,281,9e-4,NA,NA,NA,NA,NA,NA,0.5458,0.0019,232,0.9324,0.8166,0,0.4344,0,Bayes-M10-med
Bena Dibele,Sankuru,1,FALSE,5e-4,3e-4,6e-4,5e-4,303,302,305,5e-4,0.0453,303,8e-4,NA,NA,NA,NA,NA,NA,0.4093,0.0013,283,0.6216,0.1564,0,0.8591,0,Bayes-M10-med
Djalo Ndjeka,Sankuru,1,FALSE,5e-4,3e-4,6e-4,4e-4,305,304,307,5e-4,0.0445,305,8e-4,NA,NA,NA,NA,NA,NA,0.3378,0.001,314,0.3591,0.0695,0,0.9228,0,Bayes-M10-med
Lusambo,Sankuru,1,FALSE,5e-4,4e-4,7e-4,5e-4,279,278,281,5e-4,0.051,279,9e-4,NA,NA,NA,NA,NA,NA,0.4833,0.0017,248,0.6815,0.2992,0,0.9527,0,Bayes-M10-med
Bogosenubea,Sud-Ubangi,1,FALSE,5e-4,4e-4,6e-4,5e-4,291,285,299,5e-4,0.048,291,9e-4,NA,NA,NA,NA,NA,NA,0.4107,0.0014,274,0.4981,0.3031,0,0.8417,0,Bayes-M10-med
Libenge,Sud-Ubangi,1,FALSE,5e-4,4e-4,6e-4,5e-4,287,283,292,5e-4,0.0487,287,9e-4,NA,NA,NA,NA,NA,NA,0.3818,0.0013,282,0.6293,0.3591,0,0.5386,0,Bayes-M10-med
Befale,Tshuapa,1,FALSE,5e-4,4e-4,6e-4,5e-4,286,285,288,5e-4,0.0488,286,9e-4,NA,NA,NA,NA,NA,NA,0.5145,0.0017,246,0.8822,0.4903,0,0.6853,0,Bayes-M10-med
Likasi,Haut-Katanga,1,FALSE,4e-4,3e-4,5e-4,4e-4,325,323,326,4e-4,0.0374,325,7e-4,NA,NA,NA,NA,NA,NA,0.1728,4e-4,412,0.112,0.4208,0,0.1583,0,Bayes-M10-med
Mufunga Sampwe,Haut-Katanga,1,FALSE,4e-4,3e-4,5e-4,4e-4,329,328,329,4e-4,0.0356,329,7e-4,NA,NA,NA,NA,NA,NA,0.3774,9e-4,334,0.8185,0.0888,0,0.6023,0,Bayes-M10-med
Kinkondja,Haut-Lomami,1,FALSE,4e-4,3e-4,6e-4,4e-4,311,308,312,4e-4,0.0431,311,8e-4,NA,NA,NA,NA,NA,NA,0.4889,0.0015,266,0.7278,0.6274,0,0.6004,0,Bayes-M10-med
Lwamba,Haut-Lomami,1,FALSE,4e-4,3e-4,5e-4,4e-4,330,329,330,4e-4,0.0355,330,7e-4,NA,NA,NA,NA,NA,NA,0.4865,0.0012,289,0.8069,0.6409,0,0.4981,0,Bayes-M10-med
Songa,Haut-Lomami,1,FALSE,4e-4,3e-4,5e-4,4e-4,332,331,333,4e-4,0.035,332,7e-4,NA,NA,NA,NA,NA,NA,0.473,0.0011,295,0.9344,0.3533,0,0.6042,0,Bayes-M10-med
Kakenge,Kasaï,1,FALSE,4e-4,3e-4,6e-4,4e-4,309,307,311,4e-4,0.0437,309,8e-4,NA,NA,NA,NA,NA,NA,0.4522,0.0014,273,0.5753,0.4788,0,0.7548,0,Bayes-M10-med
Mikope,Kasaï,1,FALSE,4e-4,3e-4,5e-4,4e-4,326,325,327,4e-4,0.0372,326,7e-4,NA,NA,NA,NA,NA,NA,0.3996,0.001,316,0.6776,0.2703,0,0.6506,0,Bayes-M10-med
Bilomba,Kasaï-Central,1,FALSE,4e-4,3e-4,5e-4,4e-4,314,313,316,4e-4,0.0411,314,8e-4,NA,NA,NA,NA,NA,NA,0.4006,0.0011,297,0.3378,0.4421,0,0.8224,0,Bayes-M10-med
Lubondaie,Kasaï-Central,1,FALSE,4e-4,3e-4,5e-4,4e-4,327,324,328,4e-4,0.0371,327,7e-4,NA,NA,NA,NA,NA,NA,0.3147,8e-4,350,0.3822,0.1583,0,0.7181,0,Bayes-M10-med
Lubunga (Kasaï-Central),Kasaï-Central,1,FALSE,4e-4,3e-4,5e-4,4e-4,316,314,317,4e-4,0.0407,316,8e-4,NA,NA,NA,NA,NA,NA,0.4599,0.0013,280,0.5637,0.4653,0,0.8108,0,Bayes-M10-med
Muanda,Kongo-Central,1,FALSE,4e-4,3e-4,5e-4,4e-4,318,317,320,4e-4,0.0398,318,7e-4,NA,NA,NA,NA,NA,NA,0.4093,0.0011,298,0.6371,1,0,0,0,Bayes-M10-med
Kisantu,Kongo-Central,1,FALSE,4e-4,3e-4,5e-4,4e-4,317,316,318,4e-4,0.0403,317,7e-4,NA,NA,NA,NA,NA,NA,0.418,0.0012,294,0.5039,0.9903,0,0.1776,0,Bayes-M10-med
Mokala,Kwilu,1,FALSE,4e-4,3e-4,5e-4,4e-4,321,320,323,4e-4,0.039,321,7e-4,NA,NA,NA,NA,NA,NA,0.5118,0.0014,271,0.4228,0.6718,0,0.9527,0,Bayes-M10-med
Kamiji,Lomami,1,FALSE,4e-4,3e-4,5e-4,4e-4,322,319,324,4e-4,0.0389,322,7e-4,NA,NA,NA,NA,NA,NA,0.2635,7e-4,370,0.3398,0.1293,0,0.5849,0,Bayes-M10-med
Wikong,Lomami,1,FALSE,4e-4,3e-4,5e-4,4e-4,313,312,314,4e-4,0.0414,313,8e-4,NA,NA,NA,NA,NA,NA,0.3663,0.001,312,0.2529,0.4228,0,0.7896,0,Bayes-M10-med
Kapanga,Lualaba,1,FALSE,4e-4,3e-4,5e-4,4e-4,320,318,322,4e-4,0.0392,320,7e-4,NA,NA,NA,NA,NA,NA,0.4112,0.0011,302,0.8514,0.3938,0,0.3996,0,Bayes-M10-med
Bili (Nord-Ubangi),Nord-Ubangi,1,FALSE,4e-4,3e-4,6e-4,4e-4,308,303,311,4e-4,0.044,308,8e-4,NA,NA,NA,NA,NA,NA,0.7075,0.0021,215,0.9247,0.9189,0,0.9865,0,Bayes-M10-med
Businga,Nord-Ubangi,1,FALSE,4e-4,3e-4,5e-4,4e-4,328,325,332,4e-4,0.0364,328,7e-4,NA,NA,NA,NA,NA,NA,0.6781,0.0017,247,0.9286,0.861,0,0.9228,0,Bayes-M10-med
Loko,Nord-Ubangi,1,FALSE,4e-4,3e-4,5e-4,4e-4,315,313,321,4e-4,0.0409,315,8e-4,NA,NA,NA,NA,NA,NA,0.6535,0.0018,237,0.9402,0.9266,0,0.7471,0,Bayes-M10-med
Wasolo,Nord-Ubangi,1,FALSE,4e-4,3e-4,6e-4,4e-4,306,297,311,4e-4,0.0441,307,8e-4,NA,NA,NA,NA,NA,NA,0.5709,0.0017,245,0.5541,0.7413,0,0.9884,0,Bayes-M10-med
Kole,Sankuru,1,FALSE,4e-4,3e-4,6e-4,4e-4,309,308,310,4e-4,0.0436,310,8e-4,NA,NA,NA,NA,NA,NA,0.4802,0.0014,267,0.7761,0.2606,0,0.8842,0,Bayes-M10-med
Pania Mutombo,Sankuru,1,FALSE,4e-4,3e-4,5e-4,4e-4,331,330,333,4e-4,0.035,331,7e-4,NA,NA,NA,NA,NA,NA,0.4117,0.001,325,0.7413,0.1236,0,0.7819,0,Bayes-M10-med
Budjala,Sud-Ubangi,1,FALSE,4e-4,3e-4,5e-4,4e-4,319,315,322,4e-4,0.0395,319,7e-4,NA,NA,NA,NA,NA,NA,0.43,0.0012,292,0.5154,0.4035,0,0.8012,0,Bayes-M10-med
Bulu,Sud-Ubangi,1,FALSE,4e-4,3e-4,5e-4,4e-4,323,319,327,4e-4,0.0386,323,7e-4,NA,NA,NA,NA,NA,NA,0.3147,8e-4,344,0.3649,0.1988,0,0.695,0,Bayes-M10-med
Kungu,Sud-Ubangi,1,FALSE,4e-4,3e-4,5e-4,4e-4,324,321,326,4e-4,0.0384,324,7e-4,NA,NA,NA,NA,NA,NA,0.3711,0.001,327,0.3745,0.3359,0,0.7741,0,Bayes-M10-med
Ndage,Sud-Ubangi,1,FALSE,4e-4,3e-4,6e-4,4e-4,312,308,315,4e-4,0.0426,312,8e-4,NA,NA,NA,NA,NA,NA,0.3533,0.001,313,0.3996,0.2761,0,0.7375,0,Bayes-M10-med
Ingende,Equateur,1,FALSE,3e-4,2e-4,4e-4,3e-4,348,341,353,3e-4,0.0321,348,6e-4,NA,NA,NA,NA,NA,NA,0.596,0.0013,276,0.9208,0.8571,0,0.6062,0,Bayes-M10-med
Mitwaba,Haut-Katanga,1,FALSE,3e-4,2e-4,3e-4,3e-4,374,370,374,3e-4,0.026,374,5e-4,NA,NA,NA,NA,NA,NA,0.3528,6e-4,378,0.8012,0.0618,0,0.5483,0,Bayes-M10-med
Kasenga,Haut-Katanga,1,FALSE,3e-4,2e-4,4e-4,3e-4,343,340,346,3e-4,0.0326,343,6e-4,NA,NA,NA,NA,NA,NA,0.3953,9e-4,338,0.8166,0.6255,0,0.139,0,Bayes-M10-med
Kayamba,Haut-Lomami,1,FALSE,3e-4,2e-4,4e-4,3e-4,345,341,350,3e-4,0.0323,345,6e-4,NA,NA,NA,NA,NA,NA,0.4276,9e-4,328,0.7027,0.4189,0,0.5888,0,Bayes-M10-med
Bulape,Kasaï,1,FALSE,3e-4,2e-4,3e-4,3e-4,376,374,376,3e-4,0.0253,376,5e-4,NA,NA,NA,NA,NA,NA,0.4315,8e-4,357,0.7066,0.1853,0,0.834,0,Bayes-M10-med
Dekese,Kasaï,1,FALSE,3e-4,2e-4,4e-4,3e-4,349,348,350,3e-4,0.032,349,6e-4,NA,NA,NA,NA,NA,NA,0.4633,0.001,317,0.9189,0.2181,0,0.7162,0,Bayes-M10-med
Mushenge,Kasaï,1,FALSE,3e-4,2e-4,4e-4,3e-4,347,345,351,3e-4,0.0322,347,6e-4,NA,NA,NA,NA,NA,NA,0.3229,7e-4,368,0.5946,0.0656,0,0.6313,0,Bayes-M10-med
Kitangwa,Kasaï,1,FALSE,3e-4,3e-4,4e-4,3e-4,339,337,339,3e-4,0.0332,339,6e-4,NA,NA,NA,NA,NA,NA,0.3287,8e-4,359,0.6332,0.1062,0,0.5753,0,Bayes-M10-med
Mutena,Kasaï,1,FALSE,3e-4,2e-4,4e-4,3e-4,356,356,357,3e-4,0.0307,356,6e-4,NA,NA,NA,NA,NA,NA,0.2336,5e-4,401,0.334,0.0753,0,0.5251,0,Bayes-M10-med
Nyanga,Kasaï,1,FALSE,3e-4,2e-4,3e-4,3e-4,377,375,377,3e-4,0.0253,377,5e-4,NA,NA,NA,NA,NA,NA,0.348,6e-4,385,0.4402,0.3803,0,0.5714,0,Bayes-M10-med
Bunkonde,Kasaï-Central,1,FALSE,3e-4,2e-4,4e-4,3e-4,351,347,352,3e-4,0.0318,351,6e-4,NA,NA,NA,NA,NA,NA,0.3523,8e-4,354,0.4015,0.278,0,0.7297,0,Bayes-M10-med
Mutoto,Kasaï-Central,1,FALSE,3e-4,2e-4,4e-4,3e-4,353,350,354,3e-4,0.0315,353,6e-4,NA,NA,NA,NA,NA,NA,0.3441,7e-4,361,0.4575,0.361,0,0.5579,0,Bayes-M10-med
Ndesha,Kasaï-Central,1,FALSE,3e-4,2e-4,4e-4,3e-4,358,354,358,3e-4,0.0306,358,6e-4,NA,NA,NA,NA,NA,NA,0.2317,5e-4,403,0.1448,0.3456,0,0.4363,0,Bayes-M10-med
Boma,Kongo-Central,1,FALSE,3e-4,2e-4,4e-4,3e-4,357,356,359,3e-4,0.0306,357,6e-4,NA,NA,NA,NA,NA,NA,0.2901,6e-4,383,0.1467,0.9247,0,0.0888,0,Bayes-M10-med
Lukula,Kongo-Central,1,FALSE,3e-4,2e-4,4e-4,3e-4,344,343,344,3e-4,0.0325,344,6e-4,NA,NA,NA,NA,NA,NA,0.3933,9e-4,340,0.529,0.8745,0,0.1699,0,Bayes-M10-med
Boko Kivulu,Kongo-Central,1,FALSE,3e-4,2e-4,4e-4,3e-4,362,360,362,3e-4,0.0302,362,6e-4,NA,NA,NA,NA,NA,NA,0.4281,9e-4,337,0.5792,0.9324,0,0.2008,0,Bayes-M10-med
Kimpese,Kongo-Central,1,FALSE,3e-4,2e-4,4e-4,3e-4,342,341,343,3e-4,0.0326,342,6e-4,NA,NA,NA,NA,NA,NA,0.4947,0.0011,301,0.7896,0.9768,0,0.2124,0,Bayes-M10-med
Kwilu Ngongo,Kongo-Central,1,FALSE,3e-4,2e-4,4e-4,3e-4,369,368,371,3e-4,0.027,369,5e-4,NA,NA,NA,NA,NA,NA,0.3875,7e-4,367,0.4884,0.8668,0,0.195,0,Bayes-M10-med
Mbanza Ngungu,Kongo-Central,1,FALSE,3e-4,2e-4,4e-4,3e-4,364,364,364,3e-4,0.0292,364,5e-4,NA,NA,NA,NA,NA,NA,0.3711,7e-4,360,0.3205,0.9749,0,0.1892,0,Bayes-M10-med
Kahemba,Kwango,1,FALSE,3e-4,2e-4,4e-4,3e-4,367,365,368,3e-4,0.0279,367,5e-4,NA,NA,NA,NA,NA,NA,0.5367,0.001,315,0.8958,0.7278,0,0.5232,0,Bayes-M10-med
Panzi,Kwango,1,FALSE,3e-4,2e-4,4e-4,3e-4,366,366,367,3e-4,0.0279,366,5e-4,NA,NA,NA,NA,NA,NA,0.5236,0.001,323,0.7548,0.583,0,0.7568,0,Bayes-M10-med
Boko,Kwango,1,FALSE,3e-4,2e-4,4e-4,3e-4,354,351,354,3e-4,0.0313,354,6e-4,NA,NA,NA,NA,NA,NA,0.5121,0.0011,303,0.7336,0.61,0,0.7046,0,Bayes-M10-med
Feshi,Kwango,1,FALSE,3e-4,2e-4,4e-4,3e-4,355,352,355,3e-4,0.0312,355,6e-4,NA,NA,NA,NA,NA,NA,0.5082,0.0011,305,0.7317,0.5425,0,0.7587,0,Bayes-M10-med
Kimbao,Kwango,1,FALSE,3e-4,2e-4,3e-4,3e-4,375,372,375,3e-4,0.0257,375,5e-4,NA,NA,NA,NA,NA,NA,0.5743,0.001,320,0.7201,0.7181,0,0.8591,0,Bayes-M10-med
Bagata,Kwilu,1,FALSE,3e-4,3e-4,4e-4,3e-4,336,335,337,3e-4,0.0337,336,6e-4,NA,NA,NA,NA,NA,NA,0.5135,0.0012,288,0.6795,0.695,0,0.6795,0,Bayes-M10-med
Bandundu,Kwilu,1,FALSE,3e-4,3e-4,4e-4,3e-4,334,334,335,3e-4,0.0341,335,6e-4,NA,NA,NA,NA,NA,NA,0.3364,8e-4,351,0.3436,0.751,0,0.251,0,Bayes-M10-med
Kikongo,Kwilu,1,FALSE,3e-4,2e-4,4e-4,3e-4,361,359,361,3e-4,0.0302,361,6e-4,NA,NA,NA,NA,NA,NA,0.5024,0.001,311,0.6969,0.6023,0,0.7104,0,Bayes-M10-med
Kimputu,Kwilu,1,FALSE,3e-4,2e-4,4e-4,3e-4,346,346,348,3e-4,0.0322,346,6e-4,NA,NA,NA,NA,NA,NA,0.5039,0.0011,299,0.4923,0.639,0,0.8842,0,Bayes-M10-med
Mosango,Kwilu,1,FALSE,3e-4,3e-4,4e-4,3e-4,340,338,340,3e-4,0.0328,340,6e-4,NA,NA,NA,NA,NA,NA,0.515,0.0012,293,0.5463,0.7375,0,0.7761,0,Bayes-M10-med
Mungindu,Kwilu,1,FALSE,3e-4,2e-4,4e-4,3e-4,363,363,363,3e-4,0.0294,363,5e-4,NA,NA,NA,NA,NA,NA,0.3818,8e-4,353,0.4691,0.5367,0,0.5212,0,Bayes-M10-med
Pay Kongila,Kwilu,1,FALSE,3e-4,3e-4,4e-4,3e-4,334,333,336,3e-4,0.0341,334,6e-4,NA,NA,NA,NA,NA,NA,0.4488,0.0011,309,0.5135,0.6467,0,0.6351,0,Bayes-M10-med
Dilolo,Lualaba,1,FALSE,3e-4,2e-4,4e-4,3e-4,360,360,361,3e-4,0.0303,360,6e-4,NA,NA,NA,NA,NA,NA,0.3663,8e-4,356,0.8398,0.6197,0,0.0058,0,Bayes-M10-med
Kalamba,Lualaba,1,FALSE,3e-4,2e-4,4e-4,3e-4,359,358,362,3e-4,0.0303,359,6e-4,NA,NA,NA,NA,NA,NA,0.4542,9e-4,329,0.8803,0.2375,0,0.6988,0,Bayes-M10-med
Sandoa,Lualaba,1,FALSE,3e-4,2e-4,4e-4,3e-4,341,339,345,3e-4,0.0326,341,6e-4,NA,NA,NA,NA,NA,NA,0.5536,0.0012,284,0.9421,0.6815,0,0.5907,0,Bayes-M10-med
Kanzenze,Lualaba,1,FALSE,3e-4,3e-4,4e-4,3e-4,338,336,338,3e-4,0.0334,338,6e-4,NA,NA,NA,NA,NA,NA,0.2389,5e-4,395,0.6255,0.1429,0,0.1873,0,Bayes-M10-med
Inongo,Mai-Ndombe,1,FALSE,3e-4,2e-4,3e-4,3e-4,372,372,373,3e-4,0.0263,372,5e-4,NA,NA,NA,NA,NA,NA,0.4952,9e-4,336,0.7645,0.2934,0,0.9228,0,Bayes-M10-med
Bongandanga,Mongala,1,FALSE,3e-4,2e-4,4e-4,3e-4,365,365,367,3e-4,0.028,365,5e-4,NA,NA,NA,NA,NA,NA,0.4228,8e-4,346,0.7587,0.0097,0,0.9228,0,Bayes-M10-med
Boso Mondanda,Mongala,1,FALSE,3e-4,2e-4,4e-4,3e-4,350,342,357,3e-4,0.0318,350,6e-4,NA,NA,NA,NA,NA,NA,0.3716,8e-4,349,0.5869,0.1486,0,0.751,0,Bayes-M10-med
Bangabola,Sud-Ubangi,1,FALSE,3e-4,2e-4,4e-4,3e-4,368,365,369,3e-4,0.0277,368,5e-4,NA,NA,NA,NA,NA,NA,0.3904,7e-4,362,0.3533,0.3494,0,0.8591,0,Bayes-M10-med
Bokonzi,Sud-Ubangi,1,FALSE,3e-4,3e-4,4e-4,3e-4,337,334,348,3e-4,0.0335,337,6e-4,NA,NA,NA,NA,NA,NA,0.236,5e-4,396,0.4305,0.083,0,0.4305,0,Bayes-M10-med
Bominenge,Sud-Ubangi,1,FALSE,3e-4,2e-4,3e-4,3e-4,371,369,376,3e-4,0.0264,371,5e-4,NA,NA,NA,NA,NA,NA,0.3258,6e-4,388,0.2819,0.0985,0,0.9228,0,Bayes-M10-med
Boto,Sud-Ubangi,1,FALSE,3e-4,3e-4,4e-4,3e-4,333,331,343,3e-4,0.0341,333,6e-4,NA,NA,NA,NA,NA,NA,0.3596,8e-4,343,0.3282,0.5174,0,0.5927,0,Bayes-M10-med
Mawuya,Sud-Ubangi,1,FALSE,3e-4,2e-4,3e-4,3e-4,373,372,376,3e-4,0.0261,373,5e-4,NA,NA,NA,NA,NA,NA,0.2654,5e-4,405,0.444,0.2394,0,0.3784,0,Bayes-M10-med
Monkoto,Tshuapa,1,FALSE,3e-4,2e-4,4e-4,3e-4,352,347,355,3e-4,0.0317,352,6e-4,NA,NA,NA,NA,NA,NA,0.5598,0.0012,286,0.9498,0.4054,0,0.8842,0,Bayes-M10-med
Busanga,Tshuapa,1,FALSE,3e-4,2e-4,3e-4,3e-4,370,370,371,3e-4,0.0266,370,5e-4,NA,NA,NA,NA,NA,NA,0.4452,8e-4,347,0.6602,0.168,0,0.9527,0,Bayes-M10-med
Bikoro,Equateur,1,FALSE,2e-4,2e-4,3e-4,2e-4,393,391,394,2e-4,0.0216,393,4e-4,NA,NA,NA,NA,NA,NA,0.5951,9e-4,339,0.8127,0.8147,0,0.7529,0,Bayes-M10-med
Djombo,Equateur,1,FALSE,2e-4,2e-4,3e-4,2e-4,397,395,399,2e-4,0.0209,397,4e-4,NA,NA,NA,NA,NA,NA,0.6554,9e-4,330,0.917,0.7819,0,0.9228,0,Bayes-M10-med
Iboko,Equateur,1,FALSE,2e-4,1e-4,2e-4,2e-4,414,410,414,2e-4,0.0174,414,3e-4,NA,NA,NA,NA,NA,NA,0.612,7e-4,366,0.8282,0.7915,0,0.8282,0,Bayes-M10-med
Lotumbe,Equateur,1,FALSE,2e-4,1e-4,2e-4,2e-4,405,405,407,2e-4,0.0184,405,3e-4,NA,NA,NA,NA,NA,NA,0.5816,7e-4,365,0.9691,0.7085,0,0.6486,0,Bayes-M10-med
Lukolela,Equateur,1,FALSE,2e-4,1e-4,2e-4,2e-4,423,422,423,2e-4,0.0152,423,3e-4,NA,NA,NA,NA,NA,NA,0.5787,6e-4,384,0.944,0.9151,0,0.4556,0,Bayes-M10-med
Makanza,Equateur,1,FALSE,2e-4,2e-4,3e-4,2e-4,395,395,398,2e-4,0.0211,395,4e-4,NA,NA,NA,NA,NA,NA,0.639,9e-4,332,0.9537,0.7954,0,0.8069,0,Bayes-M10-med
Monieka,Equateur,1,FALSE,2e-4,1e-4,2e-4,2e-4,418,417,419,2e-4,0.0158,418,3e-4,NA,NA,NA,NA,NA,NA,0.596,6e-4,375,0.9768,0.7336,0,0.6737,0,Bayes-M10-med
Wangata,Equateur,1,FALSE,2e-4,2e-4,3e-4,2e-4,392,388,392,2e-4,0.0217,392,4e-4,NA,NA,NA,NA,NA,NA,0.417,6e-4,381,0.2336,0.9865,0,0.4479,0,Bayes-M10-med
Kikula,Haut-Katanga,1,FALSE,2e-4,2e-4,3e-4,2e-4,379,379,379,2e-4,0.0244,379,5e-4,NA,NA,NA,NA,NA,NA,0.0951,2e-4,452,0.1062,0.1139,0,0.1602,0,Bayes-M10-med
Panda,Haut-Katanga,1,FALSE,2e-4,2e-4,3e-4,2e-4,388,388,390,2e-4,0.0221,388,4e-4,NA,NA,NA,NA,NA,NA,0.2027,3e-4,427,0.1622,0.4826,0,0.166,0,Bayes-M10-med
Kafubu,Haut-Katanga,1,FALSE,2e-4,2e-4,3e-4,2e-4,383,383,383,2e-4,0.0234,383,4e-4,NA,NA,NA,NA,NA,NA,0.2104,3e-4,423,0.6042,0.0869,0,0.1506,0,Bayes-M10-med
Kenya,Haut-Katanga,1,FALSE,2e-4,2e-4,3e-4,2e-4,401,401,401,2e-4,0.0196,401,4e-4,NA,NA,NA,NA,NA,NA,0.0569,1e-4,457,0.11,0.0116,0,0.1062,0,Bayes-M10-med
Lukafu,Haut-Katanga,1,FALSE,2e-4,2e-4,3e-4,2e-4,387,387,389,2e-4,0.0221,387,4e-4,NA,NA,NA,NA,NA,NA,0.4015,6e-4,382,0.888,0.3243,0,0.3938,0,Bayes-M10-med
Butumba,Haut-Lomami,1,FALSE,2e-4,1e-4,2e-4,2e-4,410,408,411,2e-4,0.0177,410,3e-4,NA,NA,NA,NA,NA,NA,0.4595,6e-4,392,0.7973,0.4151,0,0.6255,0,Bayes-M10-med
Banga Lubaka,Kasaï,1,FALSE,2e-4,1e-4,2e-4,2e-4,407,405,408,2e-4,0.0182,407,3e-4,NA,NA,NA,NA,NA,NA,0.3205,4e-4,416,0.5174,0.0444,0,0.7201,0,Bayes-M10-med
Bena Tshadi,Kasaï-Central,1,FALSE,2e-4,2e-4,3e-4,2e-4,380,380,381,2e-4,0.0242,380,5e-4,NA,NA,NA,NA,NA,NA,0.472,8e-4,352,0.6699,0.3784,0,0.8398,0,Bayes-M10-med
Kalomba,Kasaï-Central,1,FALSE,2e-4,2e-4,3e-4,2e-4,381,380,382,2e-4,0.0241,381,4e-4,NA,NA,NA,NA,NA,NA,0.2944,5e-4,402,0.3166,0.1467,0,0.7143,0,Bayes-M10-med
Kangu,Kongo-Central,1,FALSE,2e-4,1e-4,2e-4,2e-4,403,403,403,2e-4,0.019,403,4e-4,NA,NA,NA,NA,NA,NA,0.3528,5e-4,408,0.3803,0.8822,0,0.1486,0,Bayes-M10-med
Inga,Kongo-Central,1,FALSE,2e-4,1e-4,2e-4,2e-4,416,416,416,2e-4,0.0167,416,3e-4,NA,NA,NA,NA,NA,NA,0.3847,4e-4,413,0.5212,0.8243,0,0.1931,0,Bayes-M10-med
Luozi,Kongo-Central,1,FALSE,2e-4,1e-4,2e-4,2e-4,417,417,418,2e-4,0.0158,417,3e-4,NA,NA,NA,NA,NA,NA,0.5241,6e-4,389,0.7355,0.8861,0,0.4749,0,Bayes-M10-med
Nsona Mpangu,Kongo-Central,1,FALSE,2e-4,2e-4,3e-4,2e-4,399,396,399,2e-4,0.0207,399,4e-4,NA,NA,NA,NA,NA,NA,0.4165,6e-4,387,0.722,0.7645,0,0.1795,0,Bayes-M10-med
Seke Banza,Kongo-Central,1,FALSE,2e-4,2e-4,3e-4,2e-4,378,378,378,2e-4,0.0246,378,5e-4,NA,NA,NA,NA,NA,NA,0.4513,8e-4,355,0.6351,0.9498,0,0.2201,0,Bayes-M10-med
Gombe Matadi,Kongo-Central,1,FALSE,2e-4,1e-4,2e-4,2e-4,415,415,415,2e-4,0.0169,415,3e-4,NA,NA,NA,NA,NA,NA,0.4151,5e-4,404,0.6911,0.7857,0,0.1834,0,Bayes-M10-med
Massa,Kongo-Central,1,FALSE,2e-4,2e-4,3e-4,2e-4,391,390,394,2e-4,0.0218,391,4e-4,NA,NA,NA,NA,NA,NA,0.4223,6e-4,377,0.668,0.9208,0,0.1004,0,Bayes-M10-med
Ngidinga,Kongo-Central,1,FALSE,2e-4,1e-4,2e-4,2e-4,409,406,409,2e-4,0.0178,409,3e-4,NA,NA,NA,NA,NA,NA,0.4488,6e-4,394,0.6544,0.7432,0,0.3977,0,Bayes-M10-med
Kisanji,Kwango,1,FALSE,2e-4,1e-4,2e-4,2e-4,413,411,414,2e-4,0.0174,413,3e-4,NA,NA,NA,NA,NA,NA,0.5574,7e-4,374,0.8417,0.6544,0,0.7336,0,Bayes-M10-med
Kasongo Lunda,Kwango,1,FALSE,2e-4,1e-4,2e-4,2e-4,406,404,407,2e-4,0.0184,406,3e-4,NA,NA,NA,NA,NA,NA,0.3441,4e-4,414,0.6274,0.5946,0,0.1544,0,Bayes-M10-med
Popokabaka,Kwango,1,FALSE,2e-4,2e-4,3e-4,2e-4,382,381,382,2e-4,0.0241,382,4e-4,NA,NA,NA,NA,NA,NA,0.5507,9e-4,335,0.7703,0.7876,0,0.6448,0,Bayes-M10-med
Wamba Lwadi,Kwango,1,FALSE,2e-4,2e-4,3e-4,2e-4,400,400,400,2e-4,0.0199,400,4e-4,NA,NA,NA,NA,NA,NA,0.5492,8e-4,358,0.6467,0.8185,0,0.7317,0,Bayes-M10-med
Sia,Kwilu,1,FALSE,2e-4,2e-4,3e-4,2e-4,385,385,385,2e-4,0.0229,385,4e-4,NA,NA,NA,NA,NA,NA,0.3986,6e-4,380,0.4151,0.3822,0,0.7973,0,Bayes-M10-med
Kingandu,Kwilu,1,FALSE,2e-4,2e-4,3e-4,2e-4,390,389,392,2e-4,0.0219,390,4e-4,NA,NA,NA,NA,NA,NA,0.4923,7e-4,363,0.7162,0.6583,0,0.5946,0,Bayes-M10-med
Moanza,Kwilu,1,FALSE,2e-4,1e-4,2e-4,2e-4,402,402,402,2e-4,0.0192,402,4e-4,NA,NA,NA,NA,NA,NA,0.52,7e-4,372,0.5985,0.529,0,0.9527,0,Bayes-M10-med
Kafakumba,Lualaba,1,FALSE,2e-4,2e-4,3e-4,2e-4,384,384,384,2e-4,0.0232,384,4e-4,NA,NA,NA,NA,NA,NA,0.4648,7e-4,364,0.8687,0.2027,0,0.7876,0,Bayes-M10-med
Lubudi,Lualaba,1,FALSE,2e-4,2e-4,3e-4,2e-4,386,386,387,2e-4,0.0222,386,4e-4,NA,NA,NA,NA,NA,NA,0.4667,7e-4,369,0.9151,0.4614,0,0.4903,0,Bayes-M10-med
Banzow Moke,Mai-Ndombe,1,FALSE,2e-4,1e-4,2e-4,2e-4,421,420,421,2e-4,0.0154,421,3e-4,NA,NA,NA,NA,NA,NA,0.5236,6e-4,393,0.6892,0.5212,0,0.8842,0,Bayes-M10-med
Kiri,Mai-Ndombe,1,FALSE,2e-4,1e-4,2e-4,2e-4,422,421,424,2e-4,0.0153,422,3e-4,NA,NA,NA,NA,NA,NA,0.5685,6e-4,386,0.8745,0.4768,0,0.9228,0,Bayes-M10-med
Ntandembelo,Mai-Ndombe,1,FALSE,2e-4,1e-4,2e-4,1e-4,425,425,426,2e-4,0.0148,425,3e-4,NA,NA,NA,NA,NA,NA,0.4595,5e-4,406,0.6023,0.4633,0,0.7722,0,Bayes-M10-med
Oshwe,Mai-Ndombe,1,FALSE,2e-4,2e-4,3e-4,2e-4,398,397,398,2e-4,0.0208,398,4e-4,NA,NA,NA,NA,NA,NA,0.4855,7e-4,371,0.8764,0.3301,0,0.7355,0,Bayes-M10-med
Yumbi,Mai-Ndombe,1,FALSE,2e-4,1e-4,2e-4,2e-4,424,423,424,2e-4,0.0152,424,3e-4,NA,NA,NA,NA,NA,NA,0.2741,3e-4,434,0.4131,0.4015,0,0.2819,0,Bayes-M10-med
Bolobo,Mai-Ndombe,1,FALSE,2e-4,1e-4,2e-4,2e-4,419,418,419,2e-4,0.0156,419,3e-4,NA,NA,NA,NA,NA,NA,0.3388,4e-4,421,0.6313,0.4981,0,0.2259,0,Bayes-M10-med
Bosobe,Mai-Ndombe,1,FALSE,2e-4,1e-4,2e-4,2e-4,420,420,422,2e-4,0.0154,420,3e-4,NA,NA,NA,NA,NA,NA,0.4406,5e-4,407,0.4942,0.4093,0,0.8591,0,Bayes-M10-med
Kwamouth,Mai-Ndombe,1,FALSE,2e-4,1e-4,2e-4,2e-4,411,409,412,2e-4,0.0176,411,3e-4,NA,NA,NA,NA,NA,NA,0.43,5e-4,397,0.8707,0.417,0,0.4324,0,Bayes-M10-med
Mushie,Mai-Ndombe,1,FALSE,2e-4,1e-4,2e-4,2e-4,413,412,413,2e-4,0.0175,412,3e-4,NA,NA,NA,NA,NA,NA,0.4291,5e-4,399,0.7394,0.3649,0,0.612,0,Bayes-M10-med
Nioki,Mai-Ndombe,1,FALSE,2e-4,2e-4,3e-4,2e-4,396,395,397,2e-4,0.0209,396,4e-4,NA,NA,NA,NA,NA,NA,0.389,6e-4,391,0.61,0.3958,0,0.5502,0,Bayes-M10-med
Tshudi Loto,Sankuru,1,FALSE,2e-4,2e-4,3e-4,2e-4,394,393,394,2e-4,0.0215,394,4e-4,NA,NA,NA,NA,NA,NA,0.4237,6e-4,379,0.7683,0.0039,0,0.9228,0,Bayes-M10-med
Mbaya,Sud-Ubangi,1,FALSE,2e-4,1e-4,2e-4,2e-4,408,406,413,2e-4,0.0179,408,3e-4,NA,NA,NA,NA,NA,NA,0.3142,4e-4,418,0.3514,0.2239,0,0.6815,0,Bayes-M10-med
Zongo,Sud-Ubangi,1,FALSE,2e-4,1e-4,2e-4,2e-4,404,404,410,2e-4,0.0184,404,3e-4,NA,NA,NA,NA,NA,NA,0.2418,3e-4,428,0.278,0.4131,0,0.2761,0,Bayes-M10-med
Wema,Tshuapa,1,FALSE,2e-4,2e-4,3e-4,2e-4,389,386,391,2e-4,0.022,389,4e-4,NA,NA,NA,NA,NA,NA,0.4469,7e-4,373,0.8494,0.1332,0,0.805,0,Bayes-M10-med
Bolenge,Equateur,1,FALSE,1e-4,1e-4,1e-4,1e-4,452,452,452,1e-4,0.0079,452,1e-4,NA,NA,NA,NA,NA,NA,0.5391,3e-4,432,0.7954,0.8514,0,0.5097,0,Bayes-M10-med
Bomongo,Equateur,1,FALSE,1e-4,1e-4,1e-4,1e-4,443,441,444,1e-4,0.0113,443,2e-4,NA,NA,NA,NA,NA,NA,0.5907,5e-4,409,0.9788,0.8475,0,0.5367,0,Bayes-M10-med
Mampoko,Equateur,1,FALSE,1e-4,0,1e-4,1e-4,455,455,455,1e-4,0.0054,455,1e-4,NA,NA,NA,NA,NA,NA,0.5135,2e-4,449,0.8919,0.5058,0,0.6564,0,Bayes-M10-med
Ntondo,Equateur,1,FALSE,1e-4,0,1e-4,1e-4,456,456,456,1e-4,0.0053,456,1e-4,NA,NA,NA,NA,NA,NA,0.6125,2e-4,445,0.8996,0.7259,0,0.8243,0,Bayes-M10-med
Kilela Balanda,Haut-Katanga,1,FALSE,1e-4,1e-4,1e-4,1e-4,446,446,446,1e-4,0.0105,446,2e-4,NA,NA,NA,NA,NA,NA,0.3132,2e-4,444,0.9228,0.0927,0,0.2375,0,Bayes-M10-med
Kashobwe,Haut-Katanga,1,FALSE,1e-4,1e-4,2e-4,1e-4,434,434,435,1e-4,0.0125,434,2e-4,NA,NA,NA,NA,NA,NA,0.3243,3e-4,435,0.805,0.3012,0,0.1911,0,Bayes-M10-med
Katuba,Haut-Katanga,1,FALSE,1e-4,1e-4,2e-4,1e-4,431,430,431,1e-4,0.013,431,2e-4,NA,NA,NA,NA,NA,NA,0.0463,0,459,0.0502,0.0309,0,0.1042,0,Bayes-M10-med
Vangu,Haut-Katanga,1,FALSE,1e-4,1e-4,1e-4,1e-4,450,450,450,1e-4,0.0083,450,2e-4,NA,NA,NA,NA,NA,NA,0.1081,1e-4,458,0.1158,0.1699,0,0.1467,0,Bayes-M10-med
Baka,Haut-Lomami,1,FALSE,1e-4,1e-4,2e-4,1e-4,435,434,436,1e-4,0.0124,435,2e-4,NA,NA,NA,NA,NA,NA,0.4319,4e-4,420,0.4344,0.8919,0,0.4015,0,Bayes-M10-med
Kinda,Haut-Lomami,1,FALSE,1e-4,1e-4,2e-4,1e-4,426,425,426,1e-4,0.0146,426,3e-4,NA,NA,NA,NA,NA,NA,0.5077,5e-4,400,0.9884,0.4266,0,0.6158,0,Bayes-M10-med
Bobozo,Kasaï-Central,1,FALSE,1e-4,1e-4,1e-4,1e-4,444,441,444,1e-4,0.0113,444,2e-4,NA,NA,NA,NA,NA,NA,0.2336,2e-4,450,0.1602,0.2857,0,0.4884,0,Bayes-M10-med
Boma Bungu,Kongo-Central,1,FALSE,1e-4,1e-4,1e-4,1e-4,447,447,447,1e-4,0.0105,447,2e-4,NA,NA,NA,NA,NA,NA,0.3209,2e-4,443,0.5811,0.5676,0,0.1351,0,Bayes-M10-med
Kinkonzi,Kongo-Central,1,FALSE,1e-4,1e-4,1e-4,1e-4,445,445,445,1e-4,0.0107,445,2e-4,NA,NA,NA,NA,NA,NA,0.4252,3e-4,425,0.6236,0.8958,0,0.1815,0,Bayes-M10-med
Kizu,Kongo-Central,1,FALSE,1e-4,1e-4,2e-4,1e-4,436,435,436,1e-4,0.0124,436,2e-4,NA,NA,NA,NA,NA,NA,0.3113,3e-4,438,0.2973,0.8707,0,0.0772,0,Bayes-M10-med
Kuimba,Kongo-Central,1,FALSE,1e-4,1e-4,1e-4,1e-4,441,441,442,1e-4,0.0114,441,2e-4,NA,NA,NA,NA,NA,NA,0.3069,2e-4,441,0.3784,0.8456,0,0.0039,0,Bayes-M10-med
Tshela,Kongo-Central,1,FALSE,1e-4,1e-4,2e-4,1e-4,439,439,439,1e-4,0.0118,439,2e-4,NA,NA,NA,NA,NA,NA,0.3282,3e-4,437,0.417,0.888,0,0.0077,0,Bayes-M10-med
Vaku,Kongo-Central,1,FALSE,1e-4,1e-4,1e-4,1e-4,451,451,451,1e-4,0.0081,451,2e-4,NA,NA,NA,NA,NA,NA,0.4194,2e-4,442,0.5676,0.9421,0,0.168,0,Bayes-M10-med
Kibunzi,Kongo-Central,1,FALSE,1e-4,0,1e-4,1e-4,453,453,453,1e-4,0.0062,453,1e-4,NA,NA,NA,NA,NA,NA,0.4175,2e-4,451,0.7046,0.5251,0,0.4402,0,Bayes-M10-med
Mangembo,Kongo-Central,1,FALSE,1e-4,1e-4,2e-4,1e-4,438,438,438,1e-4,0.0119,438,2e-4,NA,NA,NA,NA,NA,NA,0.3726,3e-4,429,0.5598,0.6641,0,0.2664,0,Bayes-M10-med
Nzanza,Kongo-Central,1,FALSE,1e-4,1e-4,2e-4,1e-4,428,428,428,1e-4,0.0135,428,3e-4,NA,NA,NA,NA,NA,NA,0.2172,2e-4,448,0.0888,0.6892,0,0.0907,0,Bayes-M10-med
Kimpangu,Kongo-Central,1,FALSE,1e-4,1e-4,2e-4,1e-4,432,431,432,1e-4,0.0128,432,2e-4,NA,NA,NA,NA,NA,NA,0.4488,4e-4,417,0.7085,0.9344,0,0.1525,0,Bayes-M10-med
Kimvula,Kongo-Central,1,FALSE,1e-4,1e-4,2e-4,1e-4,427,427,427,1e-4,0.0144,427,3e-4,NA,NA,NA,NA,NA,NA,0.569,6e-4,390,0.8629,0.8784,0,0.5347,0,Bayes-M10-med
Nselo,Kongo-Central,1,FALSE,1e-4,1e-4,1e-4,1e-4,443,442,443,1e-4,0.0113,442,2e-4,NA,NA,NA,NA,NA,NA,0.374,3e-4,433,0.6564,0.5347,0,0.305,0,Bayes-M10-med
Sona Bata,Kongo-Central,1,FALSE,1e-4,1e-4,1e-4,1e-4,449,449,449,1e-4,0.0093,449,2e-4,NA,NA,NA,NA,NA,NA,0.43,3e-4,436,0.7259,0.7896,0,0.2046,0,Bayes-M10-med
Kajiji,Kwango,1,FALSE,1e-4,1e-4,2e-4,1e-4,433,432,433,1e-4,0.0127,433,2e-4,NA,NA,NA,NA,NA,NA,0.3533,3e-4,426,0.7934,0.1544,0,0.4653,0,Bayes-M10-med
Tembo,Kwango,1,FALSE,1e-4,1e-4,1e-4,1e-4,448,448,448,1e-4,0.0095,448,2e-4,NA,NA,NA,NA,NA,NA,0.3205,2e-4,446,0.7876,0.3977,0,0.0965,0,Bayes-M10-med
Kitenda,Kwango,1,FALSE,1e-4,1e-4,1e-4,1e-4,440,440,440,1e-4,0.0116,440,2e-4,NA,NA,NA,NA,NA,NA,0.376,3e-4,431,0.6641,0.4247,0,0.4151,0,Bayes-M10-med
Mwela Lembwa,Kwango,1,FALSE,1e-4,1e-4,2e-4,1e-4,429,429,429,1e-4,0.0133,429,2e-4,NA,NA,NA,NA,NA,NA,0.4397,4e-4,415,0.6506,0.3224,0,0.7857,0,Bayes-M10-med
Bunkeya,Lualaba,1,FALSE,1e-4,1e-4,2e-4,1e-4,437,437,437,1e-4,0.0119,437,2e-4,NA,NA,NA,NA,NA,NA,0.4218,3e-4,422,0.8243,0.5019,0,0.361,0,Bayes-M10-med
Mutshatsha,Lualaba,1,FALSE,1e-4,0,1e-4,1e-4,454,454,454,1e-4,0.006,454,1e-4,NA,NA,NA,NA,NA,NA,0.3808,2e-4,453,0.971,0.1023,0,0.4498,0,Bayes-M10-med
Pendjwa,Mai-Ndombe,1,FALSE,1e-4,1e-4,2e-4,1e-4,430,430,433,1e-4,0.013,430,2e-4,NA,NA,NA,NA,NA,NA,0.4319,4e-4,419,0.7008,0.2124,0,0.8147,0,Bayes-M10-med
Irebu,Equateur,1,FALSE,0,0,0,0,461,461,461,0,0.0026,461,0,NA,NA,NA,NA,NA,NA,0.5473,1e-4,455,0.9305,0.6776,0,0.5811,0,Bayes-M10-med
Lilanga Bobangi,Equateur,1,FALSE,0,0,0,0,459,459,459,0,0.0032,459,1e-4,NA,NA,NA,NA,NA,NA,0.4117,1e-4,456,0.9382,0.2664,0,0.4421,0,Bayes-M10-med
Kamalondo,Haut-Katanga,1,FALSE,0,0,0,0,460,460,460,0,0.003,460,1e-4,NA,NA,NA,NA,NA,NA,0.0352,0,462,0.029,0.0019,0,0.11,0,Bayes-M10-med
Kowe,Haut-Katanga,1,FALSE,0,0,0,0,458,458,458,0,0.0033,458,1e-4,NA,NA,NA,NA,NA,NA,0.07,0,461,0.0714,0.0811,0,0.1274,0,Bayes-M10-med
Kitona,Kongo-Central,1,FALSE,0,0,0,0,462,462,462,0,0.0018,462,0,NA,NA,NA,NA,NA,NA,0.293,0,460,0.5907,0.5792,0,0.0019,0,Bayes-M10-med
Mimia,Mai-Ndombe,1,FALSE,0,0,1e-4,0,457,457,457,0,0.0044,457,1e-4,NA,NA,NA,NA,NA,NA,0.4841,1e-4,454,0.9614,0.0521,0,0.9228,0,Bayes-M10-med
Bokoro,Mai-Ndombe,1,FALSE,0,0,0,0,463.5,463.5,463.5,0,0,463,0,NA,NA,NA,NA,NA,NA,0.471,0,463,0.6873,0.5097,0,0.6873,0,Bayes-M10-med
Idjwi,Sud-Kivu,1,FALSE,0,0,0,0,463.5,463.5,463.5,0,0,463,0,NA,NA,NA,NA,NA,NA,0.3007,0,464,0.2992,0.8224,0,0.0811,0,Bayes-M10-med
Buta,Bas-Uele,1,TRUE,NA,NA,NA,NA,NA,NA,NA,NA,NA,NA,NA,NA,NA,NA,NA,NA,NA,0.7225,NA,NA,0.9749,0.9923,0,0.9228,0,Bayes-M10-med
Boma Mangbetu,Haut-Uele,1,TRUE,NA,NA,NA,NA,NA,NA,NA,NA,NA,NA,NA,NA,NA,NA,NA,NA,NA,0.4122,NA,NA,0.2857,0.5039,0,0.8591,0,Bayes-M10-med
Gombari,Haut-Uele,1,TRUE,NA,NA,NA,NA,NA,NA,NA,NA,NA,NA,NA,NA,NA,NA,NA,NA,NA,0.5772,NA,NA,0.9633,0.8012,0,0.5444,0,Bayes-M10-med
Isiro,Haut-Uele,1,TRUE,NA,NA,NA,NA,NA,NA,NA,NA,NA,NA,NA,NA,NA,NA,NA,NA,NA,0.5253,NA,NA,0.39,0.7587,0,0.9527,0,Bayes-M10-med
Pawa,Haut-Uele,1,TRUE,NA,NA,NA,NA,NA,NA,NA,NA,NA,NA,NA,NA,NA,NA,NA,NA,NA,0.4315,NA,NA,0.2934,0.5734,0,0.8591,0,Bayes-M10-med
Rungu,Haut-Uele,1,TRUE,NA,NA,NA,NA,NA,NA,NA,NA,NA,NA,NA,NA,NA,NA,NA,NA,NA,0.6474,NA,NA,0.8224,0.8031,0,0.9643,0,Bayes-M10-med
Wamba,Haut-Uele,1,TRUE,NA,NA,NA,NA,NA,NA,NA,NA,NA,NA,NA,NA,NA,NA,NA,NA,NA,0.4817,NA,NA,0.6737,0.4363,0,0.8166,0,Bayes-M10-med
Adja,Ituri,1,TRUE,NA,NA,NA,NA,NA,NA,NA,NA,NA,NA,NA,NA,NA,NA,NA,NA,NA,0.2645,NA,NA,0.249,0.4286,0,0.3803,0,Bayes-M10-med
Ariwara,Ituri,1,TRUE,NA,NA,NA,NA,NA,NA,NA,NA,NA,NA,NA,NA,NA,NA,NA,NA,NA,0.2862,NA,NA,0.1988,0.6988,0,0.2471,0,Bayes-M10-med
Aru,Ituri,1,TRUE,NA,NA,NA,NA,NA,NA,NA,NA,NA,NA,NA,NA,NA,NA,NA,NA,NA,0.3528,NA,NA,0.3012,0.8417,0,0.2683,0,Bayes-M10-med
Aungba,Ituri,1,TRUE,NA,NA,NA,NA,NA,NA,NA,NA,NA,NA,NA,NA,NA,NA,NA,NA,NA,0.3354,NA,NA,0.3108,0.6564,0,0.3745,0,Bayes-M10-med
Kambala,Ituri,1,TRUE,NA,NA,NA,NA,NA,NA,NA,NA,NA,NA,NA,NA,NA,NA,NA,NA,NA,0.347,NA,NA,0.3668,0.612,0,0.4093,0,Bayes-M10-med
Logo,Ituri,1,TRUE,NA,NA,NA,NA,NA,NA,NA,NA,NA,NA,NA,NA,NA,NA,NA,NA,NA,0.2384,NA,NA,0.1757,0.5927,0,0.1853,0,Bayes-M10-med
Mahagi,Ituri,1,TRUE,NA,NA,NA,NA,NA,NA,NA,NA,NA,NA,NA,NA,NA,NA,NA,NA,NA,0.2292,NA,NA,0.1718,0.6004,0,0.1448,0,Bayes-M10-med
Rimba,Ituri,1,TRUE,NA,NA,NA,NA,NA,NA,NA,NA,NA,NA,NA,NA,NA,NA,NA,NA,NA,0.306,NA,NA,0.2008,0.7124,0,0.3108,0,Bayes-M10-med
Bambu,Ituri,1,TRUE,NA,NA,NA,NA,NA,NA,NA,NA,NA,NA,NA,NA,NA,NA,NA,NA,NA,0.2399,NA,NA,0.2046,0.4691,0,0.2857,0,Bayes-M10-med
Boga,Ituri,1,TRUE,NA,NA,NA,NA,NA,NA,NA,NA,NA,NA,NA,NA,NA,NA,NA,NA,NA,0.264,NA,NA,0.3861,0.36870000000000003,0,0.3012,0,Bayes-M10-med
Bunia,Ituri,1,TRUE,NA,NA,NA,NA,NA,NA,NA,NA,NA,NA,NA,NA,NA,NA,NA,NA,NA,0.2326,NA,NA,0.1178,0.5637,0,0.249,0,Bayes-M10-med
Damas,Ituri,1,TRUE,NA,NA,NA,NA,NA,NA,NA,NA,NA,NA,NA,NA,NA,NA,NA,NA,NA,0.3224,NA,NA,0.4479,0.3282,0,0.5135,0,Bayes-M10-med
Drodro,Ituri,1,TRUE,NA,NA,NA,NA,NA,NA,NA,NA,NA,NA,NA,NA,NA,NA,NA,NA,NA,0.2674,NA,NA,0.2066,0.5907,0,0.2722,0,Bayes-M10-med
Fataki,Ituri,1,TRUE,NA,NA,NA,NA,NA,NA,NA,NA,NA,NA,NA,NA,NA,NA,NA,NA,NA,0.3185,NA,NA,0.2259,0.7201,0,0.3282,0,Bayes-M10-med
Gety,Ituri,1,TRUE,NA,NA,NA,NA,NA,NA,NA,NA,NA,NA,NA,NA,NA,NA,NA,NA,NA,0.2592,NA,NA,0.3359,0.2973,0,0.4035,0,Bayes-M10-med
Kilo,Ituri,1,TRUE,NA,NA,NA,NA,NA,NA,NA,NA,NA,NA,NA,NA,NA,NA,NA,NA,NA,0.1448,NA,NA,0.2201,0.0502,0,0.3089,0,Bayes-M10-med
Komanda,Ituri,1,TRUE,NA,NA,NA,NA,NA,NA,NA,NA,NA,NA,NA,NA,NA,NA,NA,NA,NA,0.2341,NA,NA,0.3089,0.1197,0,0.5077,0,Bayes-M10-med
Lita,Ituri,1,TRUE,NA,NA,NA,NA,NA,NA,NA,NA,NA,NA,NA,NA,NA,NA,NA,NA,NA,0.306,NA,NA,0.2761,0.7046,0,0.2432,0,Bayes-M10-med
Lolwa,Ituri,1,TRUE,NA,NA,NA,NA,NA,NA,NA,NA,NA,NA,NA,NA,NA,NA,NA,NA,NA,0.3205,NA,NA,0.6429,0,0,0.639,0,Bayes-M10-med
Mambasa,Ituri,1,TRUE,NA,NA,NA,NA,NA,NA,NA,NA,NA,NA,NA,NA,NA,NA,NA,NA,NA,0.4324,NA,NA,0.8842,0.2625,0,0.583,0,Bayes-M10-med
Mandima,Ituri,1,TRUE,NA,NA,NA,NA,NA,NA,NA,NA,NA,NA,NA,NA,NA,NA,NA,NA,NA,0.2659,NA,NA,0.4846,0.2896,0,0.2896,0,Bayes-M10-med
Mangala,Ituri,1,TRUE,NA,NA,NA,NA,NA,NA,NA,NA,NA,NA,NA,NA,NA,NA,NA,NA,NA,0.3021,NA,NA,0.305,0.6158,0,0.2876,0,Bayes-M10-med
Mongbwalu,Ituri,1,TRUE,NA,NA,NA,NA,NA,NA,NA,NA,NA,NA,NA,NA,NA,NA,NA,NA,NA,0.2616,NA,NA,0.4112,0.1834,0,0.4517,0,Bayes-M10-med
Nia Nia,Ituri,1,TRUE,NA,NA,NA,NA,NA,NA,NA,NA,NA,NA,NA,NA,NA,NA,NA,NA,NA,0.2978,NA,NA,0.666,0.0212,0,0.5039,0,Bayes-M10-med
Nizi,Ituri,1,TRUE,NA,NA,NA,NA,NA,NA,NA,NA,NA,NA,NA,NA,NA,NA,NA,NA,NA,0.1771,NA,NA,0.1544,0.3378,0,0.2162,0,Bayes-M10-med
Nyankunde,Ituri,1,TRUE,NA,NA,NA,NA,NA,NA,NA,NA,NA,NA,NA,NA,NA,NA,NA,NA,NA,0.2514,NA,NA,0.2838,0.2432,0,0.4788,0,Bayes-M10-med
Rwampara,Ituri,1,TRUE,NA,NA,NA,NA,NA,NA,NA,NA,NA,NA,NA,NA,NA,NA,NA,NA,NA,0.319,NA,NA,0.2375,0.7452,0,0.2934,0,Bayes-M10-med
Tchomia,Ituri,1,TRUE,NA,NA,NA,NA,NA,NA,NA,NA,NA,NA,NA,NA,NA,NA,NA,NA,NA,0.1998,NA,NA,0.2104,0.3745,0,0.2143,0,Bayes-M10-med
Beni,Nord-Kivu,1,TRUE,NA,NA,NA,NA,NA,NA,NA,NA,NA,NA,NA,NA,NA,NA,NA,NA,NA,0.1559,NA,NA,0.1525,0.2297,0,0.2413,0,Bayes-M10-med
Butembo,Nord-Kivu,1,TRUE,NA,NA,NA,NA,NA,NA,NA,NA,NA,NA,NA,NA,NA,NA,NA,NA,NA,0.1829,NA,NA,0.1139,0.388,0,0.2297,0,Bayes-M10-med
Kalunguta,Nord-Kivu,1,TRUE,NA,NA,NA,NA,NA,NA,NA,NA,NA,NA,NA,NA,NA,NA,NA,NA,NA,0.1559,NA,NA,0.195,0.2066,0,0.222,0,Bayes-M10-med
Katwa,Nord-Kivu,1,TRUE,NA,NA,NA,NA,NA,NA,NA,NA,NA,NA,NA,NA,NA,NA,NA,NA,NA,0.1998,NA,NA,0.0869,0.4846,0,0.2278,0,Bayes-M10-med
Kyondo,Nord-Kivu,1,TRUE,NA,NA,NA,NA,NA,NA,NA,NA,NA,NA,NA,NA,NA,NA,NA,NA,NA,0.3238,NA,NA,0.2954,0.7973,0,0.2027,0,Bayes-M10-med
Lubero,Nord-Kivu,1,TRUE,NA,NA,NA,NA,NA,NA,NA,NA,NA,NA,NA,NA,NA,NA,NA,NA,NA,0.4585,NA,NA,0.5734,0.9382,0,0.3224,0,Bayes-M10-med
Mabalako,Nord-Kivu,1,TRUE,NA,NA,NA,NA,NA,NA,NA,NA,NA,NA,NA,NA,NA,NA,NA,NA,NA,0.1573,NA,NA,0.1931,0.2046,0,0.2317,0,Bayes-M10-med
Masereka,Nord-Kivu,1,TRUE,NA,NA,NA,NA,NA,NA,NA,NA,NA,NA,NA,NA,NA,NA,NA,NA,NA,0.36870000000000003,NA,NA,0.2548,0.9807,0,0.2394,0,Bayes-M10-med
Musienene,Nord-Kivu,1,TRUE,NA,NA,NA,NA,NA,NA,NA,NA,NA,NA,NA,NA,NA,NA,NA,NA,NA,0.319,NA,NA,0.2645,0.7317,0,0.2799,0,Bayes-M10-med
Oicha,Nord-Kivu,1,TRUE,NA,NA,NA,NA,NA,NA,NA,NA,NA,NA,NA,NA,NA,NA,NA,NA,NA,0.3364,NA,NA,0.3243,0.7606,0,0.2606,0,Bayes-M10-med
Vuhovi,Nord-Kivu,1,TRUE,NA,NA,NA,NA,NA,NA,NA,NA,NA,NA,NA,NA,NA,NA,NA,NA,NA,0.2611,NA,NA,0.2027,0.6178,0,0.2239,0,Bayes-M10-med
Goma,Nord-Kivu,1,TRUE,NA,NA,NA,NA,NA,NA,NA,NA,NA,NA,NA,NA,NA,NA,NA,NA,NA,0.2669,NA,NA,0.1274,0.8977,0,0.0425,0,Bayes-M10-med
Miti Murhesa,Sud-Kivu,1,TRUE,NA,NA,NA,NA,NA,NA,NA,NA,NA,NA,NA,NA,NA,NA,NA,NA,NA,0.3277,NA,NA,0.2355,0.9131,0,0.1622,0,Bayes-M10-med
Bafwasende,Tshopo,1,TRUE,NA,NA,NA,NA,NA,NA,NA,NA,NA,NA,NA,NA,NA,NA,NA,NA,NA,0.4546,NA,NA,0.9073,0.2413,0,0.6699,0,Bayes-M10-med
Kabondo,Tshopo,1,TRUE,NA,NA,NA,NA,NA,NA,NA,NA,NA,NA,NA,NA,NA,NA,NA,NA,NA,0.18,NA,NA,0.1911,0.2722,0,0.2568,0,Bayes-M10-med
Lubunga (Tshopo),Tshopo,1,TRUE,NA,NA,NA,NA,NA,NA,NA,NA,NA,NA,NA,NA,NA,NA,NA,NA,NA,0.2288,NA,NA,0.2452,0.3436,0,0.3263,0,Bayes-M10-med
Makiso Kisangani,Tshopo,1,TRUE,NA,NA,NA,NA,NA,NA,NA,NA,NA,NA,NA,NA,NA,NA,NA,NA,NA,0.2355,NA,NA,0.1332,0.5309,0,0.278,0,Bayes-M10-med
Mangobo,Tshopo,1,TRUE,NA,NA,NA,NA,NA,NA,NA,NA,NA,NA,NA,NA,NA,NA,NA,NA,NA,0.2061,NA,NA,0.0792,0.4382,0,0.3069,0,Bayes-M10-med
Tshopo,Tshopo,1,TRUE,NA,NA,NA,NA,NA,NA,NA,NA,NA,NA,NA,NA,NA,NA,NA,NA,NA,0.2466,NA,NA,0.361,0.334,0,0.2915,0,Bayes-M10-med
Wanierukula,Tshopo,1,TRUE,NA,NA,NA,NA,NA,NA,NA,NA,NA,NA,NA,NA,NA,NA,NA,NA,NA,0.473,NA,NA,0.8436,0.5521,0,0.4961,0,Bayes-M10-med
Rethy,Ituri,2,FALSE,0.7923,0.7012,0.8741,0.7948,1,1,1,1.6045,79.0005,1,1,4.2756,1,NA,NA,NA,NA,0.2703,1,1,0.2143,0.6081,0,0.2587,0,Bayes-M10-med
Watsa,Haut-Uele,2,FALSE,0.4234,0.3374,0.5208,0.4212,2,2,2,0.5553,27.3407,2,0.5344,NA,NA,NA,NA,3.1602,1,0.4797,0.9485,2,0.7297,0.8436,0,0.3456,0,Bayes-M10-med
Nyarambe,Ituri,2,FALSE,0.3061,0.2399,0.382,0.3032,3,3,3,0.3674,18.0872,3,0.3863,0.9789,2,NA,NA,NA,NA,0.1805,0.258,13,0.1699,0.4595,0,0.0927,0,Bayes-M10-med
Kayna,Nord-Kivu,2,FALSE,0.2779,0.2199,0.3412,0.2759,4,4,4,0.3269,16.0934,4,0.3507,NA,NA,2.9127,1,NA,NA,0.3113,0.404,5,0.2278,0.6332,0,0.3842,0,Bayes-M10-med
Mutwanga,Nord-Kivu,2,FALSE,0.268,0.2108,0.3316,0.2662,5,5,5,0.3132,15.4224,5,0.3383,NA,NA,2.7913,2,NA,NA,0.2408,0.3014,10,0.2606,0.4672,0,0.2355,0,Bayes-M10-med
Biena,Nord-Kivu,2,FALSE,0.2652,0.2086,0.3277,0.2632,6,6,6,0.3093,15.2306,6,0.3347,NA,NA,2.7566,3,NA,NA,0.2013,0.2492,15,0.251,0.166,0,0.388,0,Bayes-M10-med
Biringi,Ituri,2,FALSE,0.2421,0.1879,0.304,0.24,7,7,7,0.2782,13.6997,7,0.3055,0.7414,3,NA,NA,NA,NA,0.3494,0.395,6,0.3958,0.4865,0,0.5154,0,Bayes-M10-med
Viadana,Bas-Uele,2,FALSE,0.1974,0.1468,0.2579,0.1953,8,8,11,0.2209,10.8745,8,0.2492,NA,NA,NA,NA,NA,NA,0.6846,0.6312,3,0.9131,0.9788,0,0.8465,0,Bayes-M10-med
Makoro,Haut-Uele,2,FALSE,0.1869,0.1435,0.2378,0.1849,9,9,10,0.2075,10.2184,9,0.2359,NA,NA,NA,NA,1.1811,2,0.3822,0.3336,9,0.556,0.5483,0,0.4247,0,Bayes-M10-med
Linga,Ituri,2,FALSE,0.1857,0.1449,0.2306,0.1843,10,8,11,0.2059,10.1372,10,0.2343,0.5486,4,NA,NA,NA,NA,0.2148,0.1862,18,0.1969,0.3417,0,0.3205,0,Bayes-M10-med
Dungu,Haut-Uele,2,FALSE,0.1842,0.1394,0.2365,0.1822,11,9,12,0.2043,10.0585,11,0.2325,NA,NA,NA,NA,1.1626,3,0.5275,0.4538,4,0.8726,0.5598,0,0.6776,0,Bayes-M10-med
Jiba,Ituri,2,FALSE,0.1754,0.1368,0.2184,0.1742,12,9,12,0.1933,9.519,12,0.2214,0.5152,5,NA,NA,NA,NA,0.1651,0.1352,23,0.1815,0.1274,0,0.3514,0,Bayes-M10-med
Manguredjipa,Nord-Kivu,2,FALSE,0.1654,0.1277,0.2081,0.1638,13,13,13,0.1813,8.9245,13,0.2088,NA,NA,1.6152,4,NA,NA,0.3475,0.2684,12,0.778,0.0579,0,0.5541,0,Bayes-M10-med
Karisimbi,Nord-Kivu,2,FALSE,0.1575,0.1217,0.1978,0.1558,15,14,15,0.1717,8.4548,14,0.1988,NA,NA,1.5302,5,NA,NA,0.1597,0.1175,27,0.0907,0.5154,0,0.0328,0,Bayes-M10-med
Angumu,Ituri,2,FALSE,0.157,0.1203,0.2,0.1553,15,14,16,0.1712,8.4282,15,0.1981,0.4561,6,NA,NA,NA,NA,0.11,0.0807,37,0.1641,0.1641,0,0.112,0,Bayes-M10-med
Rutshuru,Nord-Kivu,2,FALSE,0.157,0.1223,0.1959,0.1555,16,14,17,0.1712,8.4275,16,0.1982,NA,NA,1.5253,6,NA,NA,0.3721,0.2729,11,0.4093,0.9942,0,0.0849,0,Bayes-M10-med
Niangara,Haut-Uele,2,FALSE,0.1419,0.1049,0.1866,0.1402,17,16,18,0.1534,7.5546,17,0.1791,NA,NA,NA,NA,0.8732,4,0.5512,0.3652,7,0.8031,0.4324,0,0.9691,0,Bayes-M10-med
Nyiragongo,Nord-Kivu,2,FALSE,0.1315,0.1013,0.1662,0.1303,18,17,18,0.1413,6.9569,18,0.166,NA,NA,1.2591,7,NA,NA,0.2891,0.1776,21,0.2432,0.8764,0,0.0367,0,Bayes-M10-med
Alimbongo,Nord-Kivu,2,FALSE,0.1246,0.0963,0.1566,0.1234,19,19,19,0.1333,6.5639,19,0.1573,NA,NA,1.188,8,NA,NA,0.4262,0.248,16,0.5849,0.7471,0,0.3726,0,Bayes-M10-med
Rwanguba,Nord-Kivu,2,FALSE,0.1098,0.0848,0.1379,0.1087,20,20,21,0.1165,5.7343,20,0.1386,NA,NA,1.0378,9,NA,NA,0.2442,0.1252,24,0.2085,0.7027,0,0.0656,0,Bayes-M10-med
Poko,Bas-Uele,2,FALSE,0.1053,0.0776,0.1394,0.104,21,20,24,0.1115,5.4914,21,0.133,NA,NA,NA,NA,NA,NA,0.7271,0.3577,8,0.9923,0.9517,0,0.9643,0,Bayes-M10-med
Kibirizi,Nord-Kivu,2,FALSE,0.104,0.0803,0.1307,0.1029,22,21,23,0.11,5.414,22,0.1313,NA,NA,0.9799,10,NA,NA,0.4175,0.2028,17,0.5405,0.8552,0,0.2741,0,Bayes-M10-med
Kirotshe,Nord-Kivu,2,FALSE,0.1018,0.0784,0.1283,0.1007,23,22,24,0.1075,5.2925,23,0.1285,NA,NA,0.9579,11,NA,NA,0.3842,0.1826,19,0.3764,0.9961,0,0.1641,0,Bayes-M10-med
Adi,Ituri,2,FALSE,0.0976,0.0689,0.1345,0.0958,24,20,26,0.103,5.07,24,0.1232,0.2744,7,NA,NA,NA,NA,0.3977,0.1813,20,0.2587,0.7104,0,0.6216,0,Bayes-M10-med
Kamango,Nord-Kivu,2,FALSE,0.0775,0.0594,0.0981,0.0766,25,25,27,0.0807,3.9744,25,0.0978,NA,NA,0.7193,12,NA,NA,0.4373,0.1582,22,0.6583,0.917,0,0.1737,0,Bayes-M10-med
Ganga,Bas-Uele,2,FALSE,0.0756,0.0557,0.0998,0.0747,26,24,27,0.0787,3.8757,26,0.0954,NA,NA,NA,NA,NA,NA,0.7218,0.2548,14,0.9672,0.9556,0,0.9643,0,Bayes-M10-med
Laybo,Ituri,2,FALSE,0.0756,0.0559,0.1003,0.0745,27,25,27,0.0787,3.8755,27,0.0954,0.2097,8,NA,NA,NA,NA,0.3393,0.1198,25,0.3069,0.556,0,0.4942,0,Bayes-M10-med
Nsele,Kinshasa,2,FALSE,0.0651,0.0493,0.0836,0.0643,28,28,28,0.0673,3.3154,28,0.0821,NA,NA,NA,NA,NA,NA,0.1583,0.0481,47,0.139,0.3996,0,0.0946,0,Bayes-M10-med
Gombe,Kinshasa,2,FALSE,0.0636,0.0482,0.0817,0.0628,29,29,30,0.0658,3.2375,29,0.0803,NA,NA,NA,NA,NA,NA,0.1622,0.0482,46,0.0695,0.5695,0,0.0097,0,Bayes-M10-med
Bambo,Nord-Kivu,2,FALSE,0.0611,0.0468,0.0774,0.0605,30,29,31,0.0631,3.1063,30,0.0771,NA,NA,0.5622,13,NA,NA,0.3962,0.1131,29,0.5521,0.9073,0,0.1255,0,Bayes-M10-med
Ibanda,Sud-Kivu,2,FALSE,0.0586,0.0446,0.0749,0.058,31,31,33,0.0605,2.9778,31,0.074,NA,NA,NA,NA,NA,NA,0.2307,0.0632,40,0.083,0.6216,0,0.2181,0,Bayes-M10-med
Faradje,Haut-Uele,2,FALSE,0.0563,0.0419,0.0741,0.0555,32,31,33,0.058,2.856,32,0.0711,NA,NA,NA,NA,0.3301,5,0.4474,0.1176,26,0.7606,0.666,0,0.3629,0,Bayes-M10-med
Banalia,Tshopo,2,FALSE,0.0562,0.0417,0.0735,0.0554,33,31,34,0.0579,2.8495,33,0.0709,NA,NA,NA,NA,NA,NA,0.4242,0.1113,30,0.7799,0.1178,0,0.7992,0,Bayes-M10-med
Binza,Nord-Kivu,2,FALSE,0.0524,0.0401,0.0664,0.0518,34,32,34,0.053900000000000003,2.6524,34,0.0662,NA,NA,0.4801,14,NA,NA,0.3518,0.0861,36,0.471,0.8378,0,0.0985,0,Bayes-M10-med
Minova,Sud-Kivu,2,FALSE,0.0499,0.0382,0.0633,0.0494,35,35,36,0.0512,2.5228,35,0.063,NA,NA,NA,NA,NA,NA,0.3866,0.0901,33,0.4421,0.9826,0,0.1216,0,Bayes-M10-med
Limete,Kinshasa,2,FALSE,0.0498,0.0377,0.0639,0.0492,36,35,37,0.0511,2.5172,36,0.0629,NA,NA,NA,NA,NA,NA,0.056,0.013,95,0.0405,0.1371,0,0.0463,0,Bayes-M10-med
Mweso,Nord-Kivu,2,FALSE,0.0475,0.0364,0.0603,0.047,37,36,38,0.0487,2.3998,37,0.06,NA,NA,0.4343,15,NA,NA,0.4189,0.093,32,0.4498,0.9614,0,0.2645,0,Bayes-M10-med
Binza Ozone,Kinshasa,2,FALSE,0.0455,0.0344,0.0586,0.0449,38,37,39,0.0466,2.2927,38,0.0574,NA,NA,NA,NA,NA,NA,0.152,0.0323,60,0.0734,0.5232,0,0.0116,0,Bayes-M10-med
Kokolo,Kinshasa,2,FALSE,0.0445,0.0336,0.0574,0.044,39,39,43,0.0456,2.2433,39,0.0562,NA,NA,NA,NA,NA,NA,0.2172,0.0451,48,0.0772,0.7722,0,0.0193,0,Bayes-M10-med
Lingwala,Kinshasa,2,FALSE,0.0445,0.0336,0.0572,0.0439,40,39,42,0.0456,2.2431,40,0.0562,NA,NA,NA,NA,NA,NA,0.0323,0.0067,127,0.0232,0.0907,0,0.0154,0,Bayes-M10-med
Katana,Sud-Kivu,2,FALSE,0.044,0.0333,0.0563,0.0435,41,41,42,0.045,2.2164,41,0.0555,NA,NA,NA,NA,NA,NA,0.3224,0.0662,39,0.2471,0.9112,0,0.1313,0,Bayes-M10-med
Kadutu,Sud-Kivu,2,FALSE,0.0436,0.033,0.0558,0.0431,42,40,43,0.0446,2.1941,42,0.055,NA,NA,NA,NA,NA,NA,0.1636,0.0333,58,0.0579,0.3861,0,0.2104,0,Bayes-M10-med
Aba,Haut-Uele,2,FALSE,0.0427,0.0317,0.0561,0.0421,43,41,44,0.0437,2.1501,43,0.053900000000000003,NA,NA,NA,NA,0.2485,6,0.569,0.1135,28,0.6004,0.6853,0,0.9903,0,Bayes-M10-med
Masisi,Nord-Kivu,2,FALSE,0.0427,0.0326,0.0542,0.0422,44,39,44,0.0436,2.1483,44,0.053900000000000003,NA,NA,0.3888,16,NA,NA,0.4402,0.0877,35,0.4324,0.9575,0,0.3707,0,Bayes-M10-med
Kinshasa,Kinshasa,2,FALSE,0.0398,0.0301,0.0512,0.0393,45,45,45,0.0407,2.0025,45,0.0503,NA,NA,NA,NA,NA,NA,0.0203,0.0038,183,0.0135,0.0463,0,0.0212,0,Bayes-M10-med
Kalamu 1,Kinshasa,2,FALSE,0.0397,0.0299,0.0511,0.0391,46,46,47,0.0405,1.9935,46,0.0501,NA,NA,NA,NA,NA,NA,0.0309,0.0057,143,0.0193,0.0734,0,0.0309,0,Bayes-M10-med
Kasa Vubu,Kinshasa,2,FALSE,0.0396,0.0299,0.051,0.0391,47,46,47,0.0405,1.9923,47,0.05,NA,NA,NA,NA,NA,NA,0.0444,0.0082,115,0.0309,0.1216,0,0.0251,0,Bayes-M10-med
Kabare,Sud-Kivu,2,FALSE,0.0369,0.0279,0.0472,0.0364,48,48,48,0.0376,1.8509,48,0.0465,NA,NA,NA,NA,NA,NA,0.3567,0.0614,41,0.2394,0.9884,0,0.1988,0,Bayes-M10-med
Lemba,Kinshasa,2,FALSE,0.0353,0.0266,0.0455,0.0348,49,49,50,0.0359,1.7695,49,0.0445,NA,NA,NA,NA,NA,NA,0.1023,0.0169,82,0.0483,0.3069,0,0.0541,0,Bayes-M10-med
Masina 1,Kinshasa,2,FALSE,0.0349,0.0264,0.0451,0.0345,50,50,51,0.0356,1.7515,50,0.0441,NA,NA,NA,NA,NA,NA,0.0193,0.0031,205,0.0077,0.0077,0,0.0618,0,Bayes-M10-med
Kintambo,Kinshasa,2,FALSE,0.0348,0.0263,0.0449,0.0344,51,51,52,0.0355,1.747,51,0.044,NA,NA,NA,NA,NA,NA,0.0338,0.0055,144,0.0212,0.1004,0,0.0135,0,Bayes-M10-med
Bengamisa,Tshopo,2,FALSE,0.0314,0.0236,0.0404,0.031,52,52,54,0.0319,1.5718,52,0.0396,NA,NA,NA,NA,NA,NA,0.3012,0.0442,49,0.612,0.2162,0,0.3764,0,Bayes-M10-med
Aketi,Bas-Uele,2,FALSE,0.0303,0.0224,0.0399,0.0299,53,49,58,0.0308,1.516,53,0.0383,NA,NA,NA,NA,NA,NA,0.6762,0.0957,31,0.9903,0.9363,0,0.778,0,Bayes-M10-med
Masina 2,Kinshasa,2,FALSE,0.0301,0.0227,0.0388,0.0297,55,53,55,0.0306,1.506,55,0.038,NA,NA,NA,NA,NA,NA,0.0265,0.0037,184,0.0174,0.0193,0,0.0695,0,Bayes-M10-med
Bandalungwa,Kinshasa,2,FALSE,0.0301,0.0227,0.0388,0.0297,54,53,57,0.0306,1.5069,54,0.038,NA,NA,NA,NA,NA,NA,0.0709,0.01,107,0.0328,0.2336,0,0.0174,0,Bayes-M10-med
Bafwagbogbo,Tshopo,2,FALSE,0.0294,0.0218,0.0387,0.029,56,54,57,0.0299,1.471,56,0.0371,NA,NA,NA,NA,NA,NA,0.3948,0.0542,44,0.8591,0.027,0,0.6931,0,Bayes-M10-med
Katoyi,Nord-Kivu,2,FALSE,0.0276,0.0211,0.0352,0.0273,58,55,58,0.028,1.381,57,0.0349,NA,NA,0.2499,17,NA,NA,0.4542,0.0586,42,0.4614,0.9595,0,0.3958,0,Bayes-M10-med
Titule,Bas-Uele,2,FALSE,0.0275,0.0202,0.0362,0.0272,57,53,64,0.0279,1.3735,58,0.0347,NA,NA,NA,NA,NA,NA,0.6839,0.0878,34,0.9865,0.8263,0,0.9228,0,Bayes-M10-med
Yakusu,Tshopo,2,FALSE,0.0269,0.0205,0.0344,0.0266,59,56,60,0.0273,1.3449,59,0.034,NA,NA,NA,NA,NA,NA,0.319,0.0401,51,0.4208,0.2085,0,0.6467,0,Bayes-M10-med
Uvira,Sud-Kivu,2,FALSE,0.0266,0.0202,0.034,0.0263,60,59,61,0.027,1.3274,60,0.0336,NA,NA,NA,NA,NA,NA,0.5502,0.0683,38,0.2181,0.9846,0,0.9981,0,Bayes-M10-med
Binza Meteo,Kinshasa,2,FALSE,0.0261,0.0196,0.0336,0.0257,61,59,61,0.0264,1.3006,61,0.0329,NA,NA,NA,NA,NA,NA,0.2558,0.0311,61,0.0965,0.8996,0,0.027,0,Bayes-M10-med
Kikimi,Kinshasa,2,FALSE,0.0254,0.0191,0.0327,0.025,62,61,62,0.0257,1.2648,62,0.032,NA,NA,NA,NA,NA,NA,0.0835,0.0099,108,0.056,0.1911,0,0.0869,0,Bayes-M10-med
Matete,Kinshasa,2,FALSE,0.0252,0.019,0.0325,0.0248,63,62,63,0.0255,1.2553,63,0.0318,NA,NA,NA,NA,NA,NA,0.0492,0.0058,140,0.0251,0.1158,0,0.056,0,Bayes-M10-med
Barumbu,Kinshasa,2,FALSE,0.025,0.0189,0.0323,0.0247,64,63,64,0.0254,1.2495,64,0.0316,NA,NA,NA,NA,NA,NA,0.014,0.0016,292,0.0097,0.0232,0,0.0232,0,Bayes-M10-med
Birambizo,Nord-Kivu,2,FALSE,0.0229,0.0174,0.0291,0.0226,65,65,66,0.0231,1.1386,65,0.0288,NA,NA,0.2061,18,NA,NA,0.3625,0.0387,52,0.4035,0.89,0,0.1564,0,Bayes-M10-med
Kalehe,Sud-Kivu,2,FALSE,0.0226,0.0171,0.0289,0.0223,66,65,66,0.0228,1.1235,66,0.0285,NA,NA,NA,NA,NA,NA,0.3369,0.0355,56,0.3417,0.8649,0,0.1409,0,Bayes-M10-med
Ruzizi,Sud-Kivu,2,FALSE,0.0223,0.0169,0.0285,0.022,67,67,67,0.0225,1.1103,67,0.0281,NA,NA,NA,NA,NA,NA,0.5627,0.0586,43,0.3494,0.9093,0,0.9923,0,Bayes-M10-med
Mont Ngafula 1,Kinshasa,2,FALSE,0.0214,0.0161,0.0277,0.0211,69,68,69,0.0217,1.0664,69,0.027,NA,NA,NA,NA,NA,NA,0.2066,0.0207,70,0.1371,0.6313,0,0.0579,0,Bayes-M10-med
Walungu,Sud-Kivu,2,FALSE,0.0214,0.0163,0.0273,0.0212,68,68,71,0.0217,1.0678,68,0.0271,NA,NA,NA,NA,NA,NA,0.3248,0.0325,59,0.1853,0.8803,0,0.2336,0,Bayes-M10-med
Selembao,Kinshasa,2,FALSE,0.021,0.0158,0.0271,0.0207,70,69,70,0.0212,1.0455,70,0.0265,NA,NA,NA,NA,NA,NA,0.0676,0.0066,129,0.0444,0.1815,0,0.0444,0,Bayes-M10-med
Mont Ngafula 2,Kinshasa,2,FALSE,0.0209,0.0158,0.0271,0.0207,71,69,71,0.0212,1.0418,71,0.0264,NA,NA,NA,NA,NA,NA,0.0951,0.0093,110,0.0849,0.2568,0,0.0386,0,Bayes-M10-med
Ndjili,Kinshasa,2,FALSE,0.0206,0.0155,0.0266,0.0204,72,72,72,0.0209,1.0273,72,0.0261,NA,NA,NA,NA,NA,NA,0.0487,0.0047,154,0.027,0.1042,0,0.0637,0,Bayes-M10-med
Kingabwa,Kinshasa,2,FALSE,0.0203,0.0153,0.0263,0.02,73,73,74,0.0205,1.0101,73,0.0256,NA,NA,NA,NA,NA,NA,0.0478,0.0045,161,0.0425,0.0965,0,0.0521,0,Bayes-M10-med
Ngiri Ngiri,Kinshasa,2,FALSE,0.0203,0.0153,0.0261,0.02,74,73,74,0.0205,1.0086,74,0.0256,NA,NA,NA,NA,NA,NA,0.028,0.0026,229,0.0154,0.0676,0,0.029,0,Bayes-M10-med
Police,Kinshasa,2,FALSE,0.02,0.0151,0.0258,0.0197,75,75,75,0.0202,0.9945,75,0.0252,NA,NA,NA,NA,NA,NA,0.0478,0.0045,163,0.0463,0.0772,0,0.0676,0,Bayes-M10-med
Walikale,Nord-Kivu,2,FALSE,0.0192,0.0145,0.0247,0.019,76,76,77,0.0194,0.9551,76,0.0242,NA,NA,0.1729,19,NA,NA,0.5729,0.0514,45,0.9459,0.9286,0,0.417,0,Bayes-M10-med
Nyantende,Sud-Kivu,2,FALSE,0.0188,0.0142,0.024,0.0186,78,78,79,0.019,0.9335,78,0.0237,NA,NA,NA,NA,NA,NA,0.3219,0.0282,63,0.1486,0.8938,0,0.2452,0,Bayes-M10-med
Isangi,Tshopo,2,FALSE,0.0188,0.0143,0.0241,0.0186,77,76,79,0.019,0.9355,77,0.0237,NA,NA,NA,NA,NA,NA,0.3837,0.0337,57,0.4054,0.4073,0,0.722,0,Bayes-M10-med
Nyemba,Tanganyika,2,FALSE,0.0186,0.0141,0.024,0.0184,79,77,80,0.0188,0.927,79,0.0235,NA,NA,NA,NA,NA,NA,0.3456,0.0301,62,0.5965,0.4556,0,0.3301,0,Bayes-M10-med
Bagira,Sud-Kivu,2,FALSE,0.0183,0.0139,0.0233,0.0181,80,79,80,0.0185,0.9093,80,0.0231,NA,NA,NA,NA,NA,NA,0.236,0.0202,71,0.1004,0.6371,0,0.2066,0,Bayes-M10-med
Lubutu,Maniema,2,FALSE,0.0174,0.0131,0.0225,0.0172,81,81,81,0.0176,0.8667,81,0.022,NA,NA,NA,NA,NA,NA,0.4706,0.0383,53,0.8205,0.2819,0,0.7799,0,Bayes-M10-med
Fizi,Sud-Kivu,2,FALSE,0.0165,0.0125,0.0211,0.0163,82,82,82,0.0167,0.8199,82,0.0208,NA,NA,NA,NA,NA,NA,0.5637,0.0435,50,0.7432,0.9691,0,0.5425,0,Bayes-M10-med
Kingasani,Kinshasa,2,FALSE,0.0157,0.0118,0.0201,0.0155,83,83,84,0.0158,0.7776,83,0.0198,NA,NA,NA,NA,NA,NA,0.0294,0.0022,260,0.0058,0.0405,0,0.0714,0,Bayes-M10-med
Maluku 1,Kinshasa,2,FALSE,0.0156,0.0118,0.0202,0.0154,84,83,84,0.0157,0.7753,84,0.0197,NA,NA,NA,NA,NA,NA,0.2321,0.0169,81,0.3475,0.4517,0,0.1293,0,Bayes-M10-med
Lemera,Sud-Kivu,2,FALSE,0.0145,0.011,0.0184,0.0143,85,85,85,0.0146,0.7169,85,0.0182,NA,NA,NA,NA,NA,NA,0.5613,0.0379,54,0.3629,0.9015,0,0.9807,0,Bayes-M10-med
Pinga,Nord-Kivu,2,FALSE,0.0139,0.0106,0.0177,0.0137,87,87,87,0.014,0.6884,87,0.0175,NA,NA,0.1246,20,NA,NA,0.57,0.037,55,0.9595,0.7548,0,0.5656,0,Bayes-M10-med
Mubumbano,Sud-Kivu,2,FALSE,0.0139,0.0106,0.0178,0.0138,86,86,86,0.014,0.6916,86,0.0176,NA,NA,NA,NA,NA,NA,0.3658,0.0238,64,0.2683,0.9402,0,0.2548,0,Bayes-M10-med
Nyangezi,Sud-Kivu,2,FALSE,0.0132,0.01,0.0168,0.013,88,88,88,0.0133,0.6538,88,0.0166,NA,NA,NA,NA,NA,NA,0.36870000000000003,0.0227,67,0.222,0.8842,0,0.36870000000000003,0,Bayes-M10-med
Kindu,Maniema,2,FALSE,0.0118,0.0089,0.0151,0.0116,89,89,90,0.0118,0.5828,89,0.0149,NA,NA,NA,NA,NA,NA,0.3181,0.0175,79,0.1351,0.2529,0,0.8842,0,Bayes-M10-med
Lubumbashi,Haut-Katanga,2,FALSE,0.0116,0.0088,0.015,0.0115,90,89,92,0.0117,0.5769,90,0.0147,NA,NA,NA,NA,NA,NA,0.1105,0.006,136,0.1081,0.2104,0,0.1236,0,Bayes-M10-med
Mwana,Sud-Kivu,2,FALSE,0.0113,0.0086,0.0145,0.0112,91,90,92,0.0114,0.5617,91,0.0143,NA,NA,NA,NA,NA,NA,0.3731,0.0198,74,0.2896,0.9035,0,0.2992,0,Bayes-M10-med
Kaniola,Sud-Kivu,2,FALSE,0.0111,0.0084,0.0142,0.011,92,92,93,0.0112,0.5512,92,0.014,NA,NA,NA,NA,NA,NA,0.4513,0.0235,66,0.5328,0.9305,0,0.3417,0,Bayes-M10-med
Basoko,Tshopo,2,FALSE,0.0106,0.008,0.0136,0.0104,93,93,94,0.0106,0.5235,93,0.0133,NA,NA,NA,NA,NA,NA,0.3012,0.0149,86,0.5077,0.3147,0,0.3822,0,Bayes-M10-med
Makala,Kinshasa,2,FALSE,0.0104,0.0078,0.0135,0.0103,95,94,96,0.0105,0.5166,95,0.0132,NA,NA,NA,NA,NA,NA,0.0246,0.0012,342,0.0116,0.0386,0,0.0483,0,Bayes-M10-med
Lolo,Mongala,2,FALSE,0.0104,0.0078,0.0136,0.0103,95,89,99,0.0105,0.5172,94,0.0132,NA,NA,NA,NA,NA,NA,0.3161,0.0154,84,0.4073,0.3263,0,0.5309,0,Bayes-M10-med
Bunyakiri,Sud-Kivu,2,FALSE,0.0104,0.0079,0.0133,0.0103,96,93,97,0.0105,0.5162,96,0.0132,NA,NA,NA,NA,NA,NA,0.4517,0.022,69,0.6197,0.832,0,0.3552,0,Bayes-M10-med
Kalemie,Tanganyika,2,FALSE,0.0103,0.0077,0.0132,0.0101,97,96,98,0.0103,0.5082,97,0.013,NA,NA,NA,NA,NA,NA,0.3789,0.0182,77,0.6718,0.4575,0,0.3861,0,Bayes-M10-med
Kalamu 2,Kinshasa,2,FALSE,0.0102,0.0077,0.0132,0.0101,98,95,98,0.0103,0.5059,98,0.0129,NA,NA,NA,NA,NA,NA,0.015,7e-4,400,0.0039,0.0154,0,0.0405,0,Bayes-M10-med
Yabaondo,Tshopo,2,FALSE,0.0098,0.0074,0.0125,0.0096,99,97,100,0.0098,0.4836,99,0.0123,NA,NA,NA,NA,NA,NA,0.3523,0.0161,83,0.4363,0.305,0,0.668,0,Bayes-M10-med
Kasongo,Maniema,2,FALSE,0.0095,0.0072,0.0122,0.0094,100,100,101,0.0096,0.4706,100,0.012,NA,NA,NA,NA,NA,NA,0.5304,0.0236,65,0.4459,0.7529,0,0.9228,0,Bayes-M10-med
Opienge,Tshopo,2,FALSE,0.0094,0.0069,0.0125,0.0093,101,99,102,0.0094,0.4652,101,0.0119,NA,NA,NA,NA,NA,NA,0.4445,0.0195,75,0.9556,0.0135,0,0.8089,0,Bayes-M10-med
Ubundu,Tshopo,2,FALSE,0.0089,0.0068,0.0114,0.0088,102,101,102,0.009,0.4421,102,0.0113,NA,NA,NA,NA,NA,NA,0.4744,0.0198,73,0.9054,0.4305,0,0.5618,0,Bayes-M10-med
Doruma,Haut-Uele,2,FALSE,0.0077,0.0056,0.0103,0.0076,103,103,107,0.0078,0.3831,103,0.0098,NA,NA,NA,NA,0.0443,7,0.6216,0.0225,68,0.973,0.5135,0,1,0,Bayes-M10-med
Lisala,Mongala,2,FALSE,0.0075,0.0056,0.0096,0.0074,104,103,106,0.0075,0.3694,104,0.0094,NA,NA,NA,NA,NA,NA,0.4093,0.0143,88,0.4286,0.4402,0,0.7683,0,Bayes-M10-med
Nundu,Sud-Kivu,2,FALSE,0.0073,0.0055,0.0093,0.0072,105,103,106,0.0073,0.3585,105,0.0092,NA,NA,NA,NA,NA,NA,0.5927,0.0201,72,0.527,0.8494,0,0.9942,0,Bayes-M10-med
Kibua,Nord-Kivu,2,FALSE,0.0071,0.0054,0.009,0.007,107,105,107,0.0071,0.3499,107,0.0089,NA,NA,0.0633,21,NA,NA,0.5154,0.017,80,0.7741,0.6602,0,0.6274,0,Bayes-M10-med
Yaleko,Tshopo,2,FALSE,0.0071,0.0054,0.0091,0.007,106,105,107,0.0072,0.3528,106,0.009,NA,NA,NA,NA,NA,NA,0.402,0.0134,89,0.639,0.2452,0,0.7239,0,Bayes-M10-med
Kunda,Maniema,2,FALSE,0.0068,0.0051,0.0087,0.0067,108,108,110,0.0068,0.3351,108,0.0086,NA,NA,NA,NA,NA,NA,0.4165,0.0132,93,0.4633,0.2799,0,0.9228,0,Bayes-M10-med
Manika,Lualaba,2,FALSE,0.0067,0.0051,0.0087,0.0066,109,108,110,0.0067,0.332,109,0.0085,NA,NA,NA,NA,NA,NA,0.1149,0.0036,188,0.0946,0.222,0,0.1429,0,Bayes-M10-med
Kalonge,Sud-Kivu,2,FALSE,0.0067,0.0051,0.0086,0.0066,110,109,111,0.0067,0.3306,110,0.0084,NA,NA,NA,NA,NA,NA,0.404,0.0126,97,0.4961,0.8359,0,0.2838,0,Bayes-M10-med
Mumbunda,Haut-Katanga,2,FALSE,0.0066,0.005,0.0086,0.0066,111,109,111,0.0067,0.3284,111,0.0084,NA,NA,NA,NA,NA,NA,0.1853,0.0058,142,0.1197,0.5077,0,0.1139,0,Bayes-M10-med
Yamaluka,Mongala,2,FALSE,0.0063,0.0047,0.0081,0.0062,112,112,112,0.0063,0.3118,112,0.008,NA,NA,NA,NA,NA,NA,0.1974,0.0058,139,0.2799,0.1448,0,0.3649,0,Bayes-M10-med
Kisenso,Kinshasa,2,FALSE,0.0059,0.0044,0.0076,0.0058,114,113,115,0.0059,0.2898,114,0.0074,NA,NA,NA,NA,NA,NA,0.0589,0.0016,294,0.0367,0.139,0,0.0598,0,Bayes-M10-med
Saramabila,Maniema,2,FALSE,0.0059,0.0044,0.0075,0.0058,113,113,117,0.0059,0.2901,113,0.0074,NA,NA,NA,NA,NA,NA,0.4768,0.0131,94,0.473,0.5502,0,0.8842,0,Bayes-M10-med
Kipushi,Haut-Katanga,2,FALSE,0.0057,0.0043,0.0074,0.0056,117,114,119,0.0057,0.2828,117,0.0072,NA,NA,NA,NA,NA,NA,0.1216,0.0033,200,0.2703,0.1081,0,0.1081,0,Bayes-M10-med
Tshamilemba,Haut-Katanga,2,FALSE,0.0057,0.0043,0.0074,0.0056,118,117,118,0.0057,0.2822,118,0.0072,NA,NA,NA,NA,NA,NA,0.0772,0.0021,265,0.0656,0.1255,0,0.1178,0,Bayes-M10-med
Biyela,Kinshasa,2,FALSE,0.0057,0.0043,0.0074,0.0057,115,115,117,0.0058,0.2837,115,0.0073,NA,NA,NA,NA,NA,NA,0.1076,0.0029,221,0.0637,0.2838,0,0.083,0,Bayes-M10-med
Kimbanseke,Kinshasa,2,FALSE,0.0057,0.0042,0.0073,0.0056,119,118,120,0.0057,0.2792,119,0.0071,NA,NA,NA,NA,NA,NA,0.0526,0.0014,325,0.0521,0.0849,0,0.0734,0,Bayes-M10-med
Kongolo,Tanganyika,2,FALSE,0.0057,0.0043,0.0073,0.0057,116,114,119,0.0058,0.2831,116,0.0072,NA,NA,NA,NA,NA,NA,0.6829,0.0183,76,0.8861,0.9228,0,0.9228,0,Bayes-M10-med
Mbandaka,Equateur,2,FALSE,0.0055,0.0041,0.0071,0.0054,122,120,126,0.0055,0.2708,122,0.0069,NA,NA,NA,NA,NA,NA,0.5164,0.0132,91,0.6409,0.9633,0,0.4614,0,Bayes-M10-med
Maluku 2,Kinshasa,2,FALSE,0.0055,0.0041,0.0071,0.0054,121,121,124,0.0055,0.2712,121,0.0069,NA,NA,NA,NA,NA,NA,0.4184,0.0107,105,0.6834,0.5463,0,0.444,0,Bayes-M10-med
Kabinda,Lomami,2,FALSE,0.0055,0.0042,0.0071,0.0055,120,117,123,0.0055,0.2729,120,0.007,NA,NA,NA,NA,NA,NA,0.4382,0.0113,103,0.5097,0.5541,0,0.6892,0,Bayes-M10-med
Bumbu,Kinshasa,2,FALSE,0.0054,0.0041,0.007,0.0053,123,122,125,0.0054,0.2672,123,0.0068,NA,NA,NA,NA,NA,NA,0.0164,4e-4,431,0.0019,0.029,0,0.0347,0,Bayes-M10-med
Kaziba,Sud-Kivu,2,FALSE,0.0054,0.0041,0.0069,0.0053,124,121,125,0.0054,0.2649,124,0.0068,NA,NA,NA,NA,NA,NA,0.3571,0.0089,113,0.2876,0.7838,0,0.3571,0,Bayes-M10-med
Likati,Bas-Uele,2,FALSE,0.0053,0.0039,0.007,0.0053,126,113,130,0.0053,0.2627,125,0.0067,NA,NA,NA,NA,NA,NA,0.7124,0.0177,78,0.9942,0.971,0,0.8842,0,Bayes-M10-med
Ngaba,Kinshasa,2,FALSE,0.0053,0.004,0.0068,0.0052,126,124,128,0.0053,0.2615,126,0.0067,NA,NA,NA,NA,NA,NA,0.014,3e-4,440,0,0.0058,0,0.0502,0,Bayes-M10-med
Shabunda,Sud-Kivu,2,FALSE,0.0053,0.004,0.0068,0.0052,127,123,127,0.0053,0.2602,127,0.0067,NA,NA,NA,NA,NA,NA,0.5922,0.0146,87,0.8378,0.8726,0,0.6583,0,Bayes-M10-med
Kitutu,Sud-Kivu,2,FALSE,0.0052,0.004,0.0067,0.0052,128,125,128,0.0053,0.2587,128,0.0066,NA,NA,NA,NA,NA,NA,0.5024,0.0123,100,0.751,0.805,0,0.4537,0,Bayes-M10-med
Kimbi Lulenge,Sud-Kivu,2,FALSE,0.0051,0.0039,0.0066,0.0051,129,128,130,0.0052,0.2538,129,0.0065,NA,NA,NA,NA,NA,NA,0.5507,0.0132,92,0.8475,0.8687,0,0.4865,0,Bayes-M10-med
Itebero,Nord-Kivu,2,FALSE,0.005,0.0038,0.0064,0.0049,130,129,131,0.005,0.2463,130,0.0063,NA,NA,0.0446,22,NA,NA,0.5574,0.013,96,0.9112,0.722,0,0.5965,0,Bayes-M10-med
Bonzola,Kasaï-Oriental,2,FALSE,0.0048,0.0036,0.0062,0.0048,131,131,132,0.0048,0.2376,131,0.0061,NA,NA,NA,NA,NA,NA,0.2958,0.0067,128,0.0927,0.7934,0,0.2973,0,Bayes-M10-med
Mwenga,Sud-Kivu,2,FALSE,0.0048,0.0036,0.0062,0.0047,132,131,133,0.0048,0.2371,132,0.0061,NA,NA,NA,NA,NA,NA,0.319,0.0072,123,0.5,0.3552,0,0.4208,0,Bayes-M10-med
Djolu,Tshuapa,2,FALSE,0.0048,0.0036,0.0061,0.0047,134,132,135,0.0048,0.2346,133,0.006,NA,NA,NA,NA,NA,NA,0.5256,0.0117,102,0.7104,0.5985,0,0.7934,0,Bayes-M10-med
Bondo,Bas-Uele,2,FALSE,0.0047,0.0035,0.0062,0.0047,133,129,139,0.0048,0.2343,134,0.006,NA,NA,NA,NA,NA,NA,0.6737,0.0149,85,0.9961,0.9981,0,0.7008,0,Bayes-M10-med
Kalole,Sud-Kivu,2,FALSE,0.0047,0.0036,0.0061,0.0047,135,133,135,0.0048,0.2343,135,0.006,NA,NA,NA,NA,NA,NA,0.6038,0.0134,90,0.89,0.7799,0,0.7452,0,Bayes-M10-med
Kamituga,Sud-Kivu,2,FALSE,0.0046,0.0035,0.0058,0.0045,136,135,137,0.0046,0.2253,136,0.0058,NA,NA,NA,NA,NA,NA,0.3596,0.0077,118,0.3938,0.6062,0,0.4382,0,Bayes-M10-med
Mulungu,Sud-Kivu,2,FALSE,0.0045,0.0034,0.0058,0.0045,137,136,138,0.0046,0.2245,137,0.0057,NA,NA,NA,NA,NA,NA,0.5208,0.0111,104,0.861,0.5193,0,0.7027,0,Bayes-M10-med
Mbulula,Tanganyika,2,FALSE,0.0045,0.0034,0.0057,0.0044,138,138,140,0.0045,0.2208,138,0.0056,NA,NA,NA,NA,NA,NA,0.5934,0.0124,98,0.6448,0.7761,0,0.9527,0,Bayes-M10-med
Yahuma,Tshopo,2,FALSE,0.0044,0.0034,0.0057,0.0044,139,137,141,0.0045,0.2192,139,0.0056,NA,NA,NA,NA,NA,NA,0.4402,0.0091,111,0.8649,0.332,0,0.5637,0,Bayes-M10-med
Bumba,Mongala,2,FALSE,0.0043,0.0032,0.0056,0.0043,141,136,142,0.0043,0.2133,141,0.0055,NA,NA,NA,NA,NA,NA,0.2384,0.0048,152,0.1409,0.4537,0,0.3591,0,Bayes-M10-med
Yambuku,Mongala,2,FALSE,0.0043,0.0033,0.0056,0.0043,140,139,141,0.0044,0.2144,140,0.0055,NA,NA,NA,NA,NA,NA,0.4344,0.0088,114,0.5483,0.5753,0,0.6139,0,Bayes-M10-med
Kabalo,Tanganyika,2,FALSE,0.0042,0.0032,0.0054,0.0042,142,140,142,0.0042,0.2073,142,0.0053,NA,NA,NA,NA,NA,NA,0.624,0.0122,101,0.9035,0.7568,0,0.8359,0,Bayes-M10-med
Kampene,Maniema,2,FALSE,0.004,0.003,0.0051,0.004,144,144,144,0.004,0.1976,144,0.0051,NA,NA,NA,NA,NA,NA,0.3962,0.0074,122,0.5251,0.1757,0,0.8842,0,Bayes-M10-med
Kalima,Maniema,2,FALSE,0.004,0.0031,0.0052,0.004,143,143,143,0.0041,0.1995,143,0.0051,NA,NA,NA,NA,NA,NA,0.3094,0.0058,138,0.4595,0.3205,0,0.4575,0,Bayes-M10-med
Yahisuli,Tshopo,2,FALSE,0.0038,0.0029,0.0049,0.0038,145,145,148,0.0038,0.1881,145,0.0048,NA,NA,NA,NA,NA,NA,0.3521,0.0063,133,0.3842,0.0714,0,0.9527,0,Bayes-M10-med
Nyunzu,Tanganyika,2,FALSE,0.0038,0.0029,0.0049,0.0038,146,145,146,0.0038,0.1876,146,0.0048,NA,NA,NA,NA,NA,NA,0.6023,0.0107,106,0.9653,0.834,0,0.61,0,Bayes-M10-med
Ango,Bas-Uele,2,FALSE,0.0037,0.0028,0.0048,0.0037,148,145,152,0.0037,0.1831,148,0.0047,NA,NA,NA,NA,NA,NA,0.7095,0.0123,99,1,0.8591,0,0.9788,0,Bayes-M10-med
Kasansa,Kasaï-Oriental,2,FALSE,0.0037,0.0028,0.0048,0.0037,147,147,148,0.0038,0.1848,147,0.0047,NA,NA,NA,NA,NA,NA,0.3349,0.0059,137,0.2568,0.6699,0,0.4131,0,Bayes-M10-med
Kananga,Kasaï-Central,2,FALSE,0.0036,0.0027,0.0046,0.0036,150,149,150,0.0036,0.1779,150,0.0046,NA,NA,NA,NA,NA,NA,0.2963,0.005,151,0.1429,0.5579,0,0.4846,0,Bayes-M10-med
Mulumba,Lomami,2,FALSE,0.0036,0.0027,0.0046,0.0035,151,150,151,0.0036,0.1755,151,0.0045,NA,NA,NA,NA,NA,NA,0.2587,0.0043,167,0.1834,0.3108,0,0.5405,0,Bayes-M10-med
Punia,Maniema,2,FALSE,0.0036,0.0027,0.0047,0.0036,149,148,149,0.0036,0.1791,149,0.0046,NA,NA,NA,NA,NA,NA,0.3731,0.0063,132,0.7625,0.1969,0,0.5328,0,Bayes-M10-med
Lodja,Sankuru,2,FALSE,0.0035,0.0026,0.0045,0.0034,153,152,154,0.0035,0.1709,152,0.0044,NA,NA,NA,NA,NA,NA,0.4626,0.0075,119,0.2625,0.6351,0,0.9527,0,Bayes-M10-med
Opala,Tshopo,2,FALSE,0.0035,0.0026,0.0044,0.0034,152,151,155,0.0035,0.1707,153,0.0044,NA,NA,NA,NA,NA,NA,0.4269,0.0069,125,0.7819,0.0792,0,0.8465,0,Bayes-M10-med
Nzaba,Kasaï-Oriental,2,FALSE,0.0034,0.0026,0.0044,0.0034,154,153,154,0.0034,0.1693,154,0.0043,NA,NA,NA,NA,NA,NA,0.278,0.0045,164,0.1042,0.6931,0,0.3147,0,Bayes-M10-med
Lusangi,Maniema,2,FALSE,0.0034,0.0026,0.0044,0.0034,155,154,155,0.0034,0.1688,155,0.0043,NA,NA,NA,NA,NA,NA,0.4223,0.0068,126,0.5656,0.2645,0,0.8591,0,Bayes-M10-med
Lulingu,Sud-Kivu,2,FALSE,0.0034,0.0026,0.0043,0.0034,156,156,156,0.0034,0.1673,156,0.0043,NA,NA,NA,NA,NA,NA,0.6158,0.0098,109,0.9093,0.8108,0,0.7432,0,Bayes-M10-med
Manono,Tanganyika,2,FALSE,0.0034,0.0025,0.0043,0.0033,157,157,157,0.0034,0.1658,157,0.0042,NA,NA,NA,NA,NA,NA,0.5758,0.009,112,0.8784,0.9537,0,0.471,0,Bayes-M10-med
Tshilenge,Kasaï-Oriental,2,FALSE,0.0033,0.0025,0.0042,0.0032,158,158,159,0.0033,0.1618,158,0.0041,NA,NA,NA,NA,NA,NA,0.2799,0.0043,168,0.1892,0.668,0,0.2625,0,Bayes-M10-med
Kailo,Maniema,2,FALSE,0.0032,0.0024,0.0041,0.0031,160,160,161,0.0032,0.1567,160,0.004,NA,NA,NA,NA,NA,NA,0.4276,0.0063,131,0.832,0.0946,0,0.7838,0,Bayes-M10-med
Samba,Maniema,2,FALSE,0.0032,0.0024,0.0041,0.0032,159,159,160,0.0032,0.1581,159,0.004,NA,NA,NA,NA,NA,NA,0.5179,0.0078,116,0.7529,0.4344,0,0.8842,0,Bayes-M10-med
Haut Plateau,Sud-Kivu,2,FALSE,0.0032,0.0024,0.004,0.0031,161,160,162,0.0032,0.1556,161,0.004,NA,NA,NA,NA,NA,NA,0.5246,0.0077,117,0.5714,0.5444,0,0.9826,0,Bayes-M10-med
Minembwe,Sud-Kivu,2,FALSE,0.0031,0.0023,0.0039,0.003,164,163,164,0.0031,0.1514,164,0.0039,NA,NA,NA,NA,NA,NA,0.5198,0.0075,121,0.7181,0.8089,0,0.5521,0,Bayes-M10-med
Yalimbongo,Tshopo,2,FALSE,0.0031,0.0024,0.004,0.0031,162,158,164,0.0031,0.1536,162,0.0039,NA,NA,NA,NA,NA,NA,0.3214,0.0047,155,0.5772,0.0483,0,0.6602,0,Bayes-M10-med
Moba,Tanganyika,2,FALSE,0.0031,0.0023,0.004,0.003,163,162,163,0.0031,0.1518,163,0.0039,NA,NA,NA,NA,NA,NA,0.3808,0.0055,145,0.6178,0.4942,0,0.4112,0,Bayes-M10-med
Kabongo,Haut-Lomami,2,FALSE,0.003,0.0023,0.0038,0.0029,167,167,167,0.003,0.1469,167,0.0038,NA,NA,NA,NA,NA,NA,0.5372,0.0075,120,0.8108,0.778,0,0.5598,0,Bayes-M10-med
Luputa,Lomami,2,FALSE,0.003,0.0023,0.0038,0.0029,166,166,166,0.003,0.1471,166,0.0038,NA,NA,NA,NA,NA,NA,0.3431,0.0048,153,0.3301,0.3166,0,0.7259,0,Bayes-M10-med
Mweneditu,Lomami,2,FALSE,0.003,0.0023,0.0038,0.003,165,165,165,0.003,0.1473,165,0.0038,NA,NA,NA,NA,NA,NA,0.2799,0.0039,179,0.166,0.3842,0,0.5695,0,Bayes-M10-med
Lubao,Lomami,2,FALSE,0.0027,0.0021,0.0035,0.0027,168,168,168,0.0027,0.1354,168,0.0035,NA,NA,NA,NA,NA,NA,0.3982,0.0051,148,0.6486,0.1525,0,0.7915,0,Bayes-M10-med
Kabeya Kamwanga,Kasaï-Oriental,2,FALSE,0.0026,0.002,0.0034,0.0026,169,169,170,0.0026,0.13,169,0.0033,NA,NA,NA,NA,NA,NA,0.2968,0.0037,187,0.3224,0.3919,0,0.473,0,Bayes-M10-med
Lingomo,Tshuapa,2,FALSE,0.0026,0.002,0.0034,0.0026,170,169,171,0.0026,0.1295,170,0.0033,NA,NA,NA,NA,NA,NA,0.5627,0.0069,124,0.8263,0.5869,0,0.8378,0,Bayes-M10-med
Kamina,Haut-Lomami,2,FALSE,0.0025,0.0019,0.0032,0.0025,172,172,173,0.0025,0.1244,172,0.0032,NA,NA,NA,NA,NA,NA,0.5164,0.0061,135,0.8301,0.8301,0,0.4054,0,Bayes-M10-med
Diulu,Kasaï-Oriental,2,FALSE,0.0025,0.0019,0.0032,0.0025,171,171,172,0.0025,0.1249,171,0.0032,NA,NA,NA,NA,NA,NA,0.2611,0.0031,209,0.0676,0.6448,0,0.332,0,Bayes-M10-med
Yamongili,Mongala,2,FALSE,0.0025,0.0019,0.0032,0.0025,173,170,176,0.0025,0.1228,173,0.0031,NA,NA,NA,NA,NA,NA,0.3243,0.0038,182,0.5116,0.3668,0,0.4189,0,Bayes-M10-med
Kitenge,Haut-Lomami,2,FALSE,0.0024,0.0018,0.0031,0.0024,175,174,175,0.0024,0.12,175,0.0031,NA,NA,NA,NA,NA,NA,0.5729,0.0065,130,0.8668,0.8069,0,0.6178,0,Bayes-M10-med
Lukelenge,Kasaï-Oriental,2,FALSE,0.0024,0.0018,0.0031,0.0024,174,173,174,0.0024,0.1203,174,0.0031,NA,NA,NA,NA,NA,NA,0.2249,0.0026,237,0.0811,0.5,0,0.3185,0,Bayes-M10-med
Kabambare,Maniema,2,FALSE,0.0024,0.0018,0.0031,0.0024,176,175,176,0.0024,0.1177,176,0.003,NA,NA,NA,NA,NA,NA,0.3953,0.0044,165,0.8359,0.112,0,0.6332,0,Bayes-M10-med
Malemba Nkulu,Haut-Lomami,2,FALSE,0.0023,0.0017,0.003,0.0023,179,179,179,0.0023,0.1135,179,0.0029,NA,NA,NA,NA,NA,NA,0.3895,0.0042,171,0.36870000000000003,0.7664,0,0.4228,0,Bayes-M10-med
Kaniama,Haut-Lomami,2,FALSE,0.0023,0.0017,0.0029,0.0023,180,180,181,0.0023,0.1127,180,0.0029,NA,NA,NA,NA,NA,NA,0.582,0.0062,134,0.8533,0.6622,0,0.8127,0,Bayes-M10-med
Citenge,Kasaï-Oriental,2,FALSE,0.0023,0.0017,0.0029,0.0023,181,180,181,0.0023,0.1124,181,0.0029,NA,NA,NA,NA,NA,NA,0.2321,0.0025,244,0.1583,0.4749,0,0.2954,0,Bayes-M10-med
Ngandajika,Lomami,2,FALSE,0.0023,0.0017,0.003,0.0023,178,178,178,0.0023,0.1136,178,0.0029,NA,NA,NA,NA,NA,NA,0.3465,0.0037,185,0.2124,0.4459,0,0.7278,0,Bayes-M10-med
Ikela,Tshuapa,2,FALSE,0.0023,0.0018,0.003,0.0023,177,177,177,0.0023,0.1149,177,0.0029,NA,NA,NA,NA,NA,NA,0.4633,0.005,149,0.8147,0.1795,0,0.8591,0,Bayes-M10-med
Demba,Kasaï-Central,2,FALSE,0.0022,0.0017,0.0028,0.0022,184,184,184,0.0022,0.1082,184,0.0028,NA,NA,NA,NA,NA,NA,0.4117,0.0042,170,0.4653,0.7143,0,0.4672,0,Bayes-M10-med
Cilundu,Kasaï-Oriental,2,FALSE,0.0022,0.0017,0.0028,0.0022,185,185,185,0.0022,0.108,185,0.0028,NA,NA,NA,NA,NA,NA,0.221,0.0023,255,0.2317,0.3089,0,0.3436,0,Bayes-M10-med
Idiofa,Kwilu,2,FALSE,0.0022,0.0017,0.0028,0.0022,183,183,183,0.0022,0.1084,183,0.0028,NA,NA,NA,NA,NA,NA,0.486,0.005,150,0.4537,0.749,0,0.7413,0,Bayes-M10-med
Tshofa,Lomami,2,FALSE,0.0022,0.0017,0.0029,0.0022,182,182,182,0.0022,0.1105,182,0.0028,NA,NA,NA,NA,NA,NA,0.4416,0.0046,157,0.6757,0.3514,0,0.7394,0,Bayes-M10-med
Kamwesha,Kasaï,2,FALSE,0.0021,0.0016,0.0027,0.0021,193,191,194,0.0021,0.1024,194,0.0026,NA,NA,NA,NA,NA,NA,0.2732,0.0026,230,0.3456,0.2876,0,0.4595,0,Bayes-M10-med
Tshikapa,Kasaï,2,FALSE,0.0021,0.0016,0.0026,0.002,195,194,195,0.0021,0.1012,195,0.0026,NA,NA,NA,NA,NA,NA,0.3156,0.003,214,0.2722,0.6506,0,0.3398,0,Bayes-M10-med
Mikalayi,Kasaï-Central,2,FALSE,0.0021,0.0016,0.0028,0.0021,186,186,188,0.0021,0.1058,186,0.0027,NA,NA,NA,NA,NA,NA,0.3948,0.004,178,0.4517,0.5811,0,0.5463,0,Bayes-M10-med
Bibanga,Kasaï-Oriental,2,FALSE,0.0021,0.0016,0.0027,0.0021,187,187,189,0.0021,0.1048,187,0.0027,NA,NA,NA,NA,NA,NA,0.2978,0.003,216,0.3127,0.4884,0,0.39,0,Bayes-M10-med
Ludimbi Lukula,Lomami,2,FALSE,0.0021,0.0016,0.0027,0.0021,191,190,192,0.0021,0.1028,192,0.0026,NA,NA,NA,NA,NA,NA,0.4513,0.0044,166,0.6931,0.3475,0,0.7645,0,Bayes-M10-med
Kibombo,Maniema,2,FALSE,0.0021,0.0016,0.0027,0.0021,188,188,190,0.0021,0.1046,188,0.0027,NA,NA,NA,NA,NA,NA,0.4614,0.0046,158,0.7452,0.1776,0,0.9228,0,Bayes-M10-med
Obokote,Maniema,2,FALSE,0.0021,0.0016,0.0027,0.0021,191,187,195,0.0021,0.1028,191,0.0026,NA,NA,NA,NA,NA,NA,0.3209,0.0031,206,0.7239,0.0328,0,0.527,0,Bayes-M10-med
Gemena,Sud-Ubangi,2,FALSE,0.0021,0.0016,0.0027,0.0021,189,186,195,0.0021,0.1042,189,0.0027,NA,NA,NA,NA,NA,NA,0.3277,0.0032,201,0.1776,0.2741,0,0.8591,0,Bayes-M10-med
Boende,Tshuapa,2,FALSE,0.0021,0.0016,0.0027,0.0021,190,187,194,0.0021,0.1035,190,0.0027,NA,NA,NA,NA,NA,NA,0.4199,0.0041,174,0.6988,0.4807,0,0.5,0,Bayes-M10-med
Kansimba,Tanganyika,2,FALSE,0.0021,0.0016,0.0027,0.0021,193,191,194,0.0021,0.1024,193,0.0026,NA,NA,NA,NA,NA,NA,0.5497,0.0053,146,0.9479,0.7741,0,0.4768,0,Bayes-M10-med
Lubilanji,Kasaï-Oriental,2,FALSE,0.002,0.0015,0.0025,0.002,197,197,197,0.002,0.0979,197,0.0025,NA,NA,NA,NA,NA,NA,0.1694,0.0016,300,0.0347,0.3398,0,0.3031,0,Bayes-M10-med
Kanda Kanda,Lomami,2,FALSE,0.002,0.0015,0.0026,0.002,196,196,196,0.002,0.0997,196,0.0026,NA,NA,NA,NA,NA,NA,0.3012,0.0028,223,0.3185,0.1737,0,0.7124,0,Bayes-M10-med
Luebo,Kasaï,2,FALSE,0.0019,0.0014,0.0024,0.0018,202,202,203,0.0019,0.0918,202,0.0024,NA,NA,NA,NA,NA,NA,0.4353,0.0038,181,0.5232,0.5116,0,0.7066,0,Bayes-M10-med
Dibindi,Kasaï-Oriental,2,FALSE,0.0019,0.0014,0.0024,0.0019,199,199,200,0.0019,0.0931,199,0.0024,NA,NA,NA,NA,NA,NA,0.1617,0.0014,319,0.0386,0.2954,0,0.3127,0,Bayes-M10-med
Muya,Kasaï-Oriental,2,FALSE,0.0019,0.0014,0.0024,0.0018,201,201,202,0.0019,0.0921,201,0.0024,NA,NA,NA,NA,NA,NA,0.2495,0.0022,258,0.0753,0.5888,0,0.334,0,Bayes-M10-med
Kamana,Lomami,2,FALSE,0.0019,0.0014,0.0024,0.0019,200,199,200,0.0019,0.0929,200,0.0024,NA,NA,NA,NA,NA,NA,0.2944,0.0026,233,0.5309,0.0174,0,0.6293,0,Bayes-M10-med
Itombwe,Sud-Kivu,2,FALSE,0.0019,0.0014,0.0024,0.0019,198,198,198,0.0019,0.0937,198,0.0024,NA,NA,NA,NA,NA,NA,0.5121,0.0045,159,0.8571,0.6737,0,0.5174,0,Bayes-M10-med
Bili (Bas-Uele),Bas-Uele,2,FALSE,0.0018,0.0013,0.0023,0.0018,209,201,223,0.0018,0.088,209,0.0023,NA,NA,NA,NA,NA,NA,0.6926,0.0058,141,0.9981,0.7992,0,0.973,0,Bayes-M10-med
Mweka,Kasaï,2,FALSE,0.0018,0.0013,0.0022,0.0017,213,213,214,0.0018,0.0863,214,0.0022,NA,NA,NA,NA,NA,NA,0.5053,0.0041,173,0.4788,0.7239,0,0.8185,0,Bayes-M10-med
Bipemba,Kasaï-Oriental,2,FALSE,0.0018,0.0014,0.0023,0.0018,206,206,207,0.0018,0.0893,206,0.0023,NA,NA,NA,NA,NA,NA,0.1544,0.0013,331,0.0618,0.2201,0,0.3359,0,Bayes-M10-med
Kansele,Kasaï-Oriental,2,FALSE,0.0018,0.0014,0.0023,0.0018,208,205,210,0.0018,0.0885,208,0.0023,NA,NA,NA,NA,NA,NA,0.2437,0.002,267,0.0541,0.5965,0,0.3243,0,Bayes-M10-med
Miabi,Kasaï-Oriental,2,FALSE,0.0018,0.0014,0.0023,0.0018,208,207,208,0.0018,0.0888,207,0.0023,NA,NA,NA,NA,NA,NA,0.2838,0.0024,247,0.2297,0.6525,0,0.2529,0,Bayes-M10-med
Mpokolo,Kasaï-Oriental,2,FALSE,0.0018,0.0013,0.0023,0.0017,212,212,212,0.0018,0.0869,212,0.0022,NA,NA,NA,NA,NA,NA,0.2901,0.0024,248,0.1255,0.6873,0,0.3475,0,Bayes-M10-med
Tshishimbi,Kasaï-Oriental,2,FALSE,0.0018,0.0013,0.0023,0.0017,211,210,211,0.0018,0.0872,211,0.0022,NA,NA,NA,NA,NA,NA,0.1742,0.0014,315,0.1795,0.2471,0,0.2703,0,Bayes-M10-med
Kalenda,Lomami,2,FALSE,0.0018,0.0014,0.0024,0.0018,204,203,206,0.0018,0.0906,204,0.0023,NA,NA,NA,NA,NA,NA,0.2886,0.0025,243,0.388,0.1873,0,0.5792,0,Bayes-M10-med
Ferekeni,Maniema,2,FALSE,0.0018,0.0013,0.0022,0.0017,213,210,218,0.0018,0.0865,213,0.0022,NA,NA,NA,NA,NA,NA,0.3504,0.0029,222,0.7722,0.0425,0,0.5869,0,Bayes-M10-med
Katako Kombe,Sankuru,2,FALSE,0.0018,0.0014,0.0024,0.0018,204,203,205,0.0018,0.0907,203,0.0023,NA,NA,NA,NA,NA,NA,0.4703,0.004,176,0.7857,0.1313,0,0.9643,0,Bayes-M10-med
Lowa,Tshopo,2,FALSE,0.0018,0.0013,0.0023,0.0018,210,207,213,0.0018,0.0877,210,0.0022,NA,NA,NA,NA,NA,NA,0.4073,0.0034,195,0.8938,0.0598,0,0.6757,0,Bayes-M10-med
Mondombe,Tshuapa,2,FALSE,0.0018,0.0014,0.0024,0.0018,205,203,209,0.0018,0.0905,205,0.0023,NA,NA,NA,NA,NA,NA,0.4797,0.0041,175,0.6622,0.3726,0,0.8842,0,Bayes-M10-med
Bena Leka,Kasaï-Central,2,FALSE,0.0017,0.0013,0.0022,0.0017,220,219,220,0.0017,0.0842,220,0.0022,NA,NA,NA,NA,NA,NA,0.4986,0.004,177,0.6062,0.7162,0,0.6718,0,Bayes-M10-med
Luiza,Kasaï-Central,2,FALSE,0.0017,0.0013,0.0022,0.0017,215,214,216,0.0017,0.086,215,0.0022,NA,NA,NA,NA,NA,NA,0.4218,0.0034,193,0.4807,0.6293,0,0.5772,0,Bayes-M10-med
Masuika,Kasaï-Central,2,FALSE,0.0017,0.0013,0.0022,0.0017,222,220,222,0.0017,0.0837,222,0.0021,NA,NA,NA,NA,NA,NA,0.3885,0.0031,210,0.3263,0.5618,0,0.666,0,Bayes-M10-med
Kalambayi Kabanga,Lomami,2,FALSE,0.0017,0.0013,0.0022,0.0017,216,215,217,0.0017,0.0859,216,0.0022,NA,NA,NA,NA,NA,NA,0.3132,0.0025,238,0.4556,0.1602,0,0.6371,0,Bayes-M10-med
Alunguli,Maniema,2,FALSE,0.0017,0.0013,0.0022,0.0017,218,213,219,0.0017,0.0856,218,0.0022,NA,NA,NA,NA,NA,NA,0.3132,0.0025,239,0.1737,0.195,0,0.8842,0,Bayes-M10-med
Wapinda,Nord-Ubangi,2,FALSE,0.0017,0.0012,0.0021,0.0016,224,209,231,0.0017,0.0815,224,0.0021,NA,NA,NA,NA,NA,NA,0.6791,0.0052,147,0.9015,0.8398,0,0.9749,0,Bayes-M10-med
Vanga Kete,Sankuru,2,FALSE,0.0017,0.0013,0.0022,0.0017,217,216,218,0.0017,0.0858,217,0.0022,NA,NA,NA,NA,NA,NA,0.4503,0.0037,186,0.4672,0.4112,0,0.9228,0,Bayes-M10-med
Tshumbe,Sankuru,2,FALSE,0.0017,0.0013,0.0021,0.0016,223,222,224,0.0017,0.0821,223,0.0021,NA,NA,NA,NA,NA,NA,0.3907,0.003,212,0.5444,0.1718,0,0.8465,0,Bayes-M10-med
Basali,Tshopo,2,FALSE,0.0017,0.0013,0.0022,0.0017,219,216,223,0.0017,0.0848,219,0.0022,NA,NA,NA,NA,NA,NA,0.3779,0.003,213,0.834,0.0251,0,0.6525,0,Bayes-M10-med
Kiambi,Tanganyika,2,FALSE,0.0017,0.0013,0.0022,0.0017,221,221,222,0.0017,0.0837,221,0.0021,NA,NA,NA,NA,NA,NA,0.5709,0.0045,162,0.9807,0.6834,0,0.6197,0,Bayes-M10-med
Bukama,Haut-Lomami,2,FALSE,0.0016,0.0012,0.0021,0.0016,225,224,225,0.0016,0.0797,225,0.002,NA,NA,NA,NA,NA,NA,0.4764,0.0036,190,0.7143,0.7625,0,0.4286,0,Bayes-M10-med
Mulongo,Haut-Lomami,2,FALSE,0.0016,0.0012,0.0021,0.0016,226,224,226,0.0016,0.0796,226,0.002,NA,NA,NA,NA,NA,NA,0.4773,0.0036,189,0.7471,0.7703,0,0.3919,0,Bayes-M10-med
Lusanga,Kwilu,2,FALSE,0.0016,0.0012,0.002,0.0016,228,227,228,0.0016,0.0786,228,0.002,NA,NA,NA,NA,NA,NA,0.4242,0.0032,204,0.4382,0.7297,0,0.529,0,Bayes-M10-med
Fungurume,Lualaba,2,FALSE,0.0016,0.0012,0.002,0.0016,229,228,230,0.0016,0.0774,229,0.002,NA,NA,NA,NA,NA,NA,0.1564,0.0011,346,0.2664,0.1622,0,0.1969,0,Bayes-M10-med
Omendjadi,Sankuru,2,FALSE,0.0016,0.0012,0.0021,0.0016,227,226,227,0.0016,0.0788,227,0.002,NA,NA,NA,NA,NA,NA,0.4262,0.0032,203,0.5502,0.2317,0,0.9228,0,Bayes-M10-med
Dikungu,Sankuru,2,FALSE,0.0016,0.0012,0.002,0.0015,230,229,231,0.0016,0.0771,230,0.002,NA,NA,NA,NA,NA,NA,0.3779,0.0028,224,0.4865,0.1409,0,0.8842,0,Bayes-M10-med
Minga,Sankuru,2,FALSE,0.0016,0.0012,0.002,0.0015,231,230,233,0.0016,0.0768,231,0.002,NA,NA,NA,NA,NA,NA,0.5347,0.0039,180,0.7838,0.471,0,0.8842,0,Bayes-M10-med
Dibaya,Kasaï-Central,2,FALSE,0.0015,0.0011,0.0019,0.0015,238,237,238,0.0015,0.0729,238,0.0019,NA,NA,NA,NA,NA,NA,0.3325,0.0023,254,0.3147,0.4479,0,0.5676,0,Bayes-M10-med
Tshikaji,Kasaï-Central,2,FALSE,0.0015,0.0011,0.0019,0.0015,236,234,236,0.0015,0.0736,236,0.0019,NA,NA,NA,NA,NA,NA,0.3195,0.0022,257,0.1873,0.5849,0,0.5058,0,Bayes-M10-med
Mukumbi,Kasaï-Oriental,2,FALSE,0.0015,0.0011,0.0019,0.0015,237,237,238,0.0015,0.073,237,0.0019,NA,NA,NA,NA,NA,NA,0.2249,0.0016,305,0.2413,0.1892,0,0.4691,0,Bayes-M10-med
Bulungu,Kwilu,2,FALSE,0.0015,0.0011,0.0019,0.0014,240,240,240,0.0015,0.0716,240,0.0018,NA,NA,NA,NA,NA,NA,0.4508,0.0031,211,0.3571,0.6795,0,0.7664,0,Bayes-M10-med
Karawa,Nord-Ubangi,2,FALSE,0.0015,0.0012,0.002,0.0015,232,229,235,0.0015,0.0763,232,0.002,NA,NA,NA,NA,NA,NA,0.6404,0.0046,156,0.7568,0.973,0,0.832,0,Bayes-M10-med
Ototo,Sankuru,2,FALSE,0.0015,0.0011,0.0019,0.0014,239,239,239,0.0015,0.0717,239,0.0018,NA,NA,NA,NA,NA,NA,0.4561,0.0031,208,0.5386,0.3629,0,0.9228,0,Bayes-M10-med
Bokungu,Tshuapa,2,FALSE,0.0015,0.0012,0.002,0.0015,233,232,234,0.0015,0.0753,233,0.0019,NA,NA,NA,NA,NA,NA,0.49370000000000003,0.0035,192,0.695,0.3571,0,0.9228,0,Bayes-M10-med
Yalifafu,Tshuapa,2,FALSE,0.0015,0.0011,0.0019,0.0015,235,234,235,0.0015,0.0745,235,0.0019,NA,NA,NA,NA,NA,NA,0.4797,0.0034,194,0.7664,0.2683,0,0.8842,0,Bayes-M10-med
Ankoro,Tanganyika,2,FALSE,0.0015,0.0011,0.0019,0.0015,234,232,235,0.0015,0.0748,234,0.0019,NA,NA,NA,NA,NA,NA,0.6047,0.0043,169,0.9266,0.8282,0,0.6641,0,Bayes-M10-med
Kalonda Ouest,Kasaï,2,FALSE,0.0014,0.0011,0.0018,0.0014,244,242,244,0.0014,0.0703,244,0.0018,NA,NA,NA,NA,NA,NA,0.2239,0.0015,308,0.2915,0.251,0,0.3533,0,Bayes-M10-med
Ndekesha,Kasaï-Central,2,FALSE,0.0014,0.001,0.0018,0.0014,247,245,249,0.0014,0.0682,247,0.0017,NA,NA,NA,NA,NA,NA,0.4059,0.0026,231,0.4768,0.4498,0,0.6969,0,Bayes-M10-med
Kenge,Kwango,2,FALSE,0.0014,0.001,0.0017,0.0013,248,248,251,0.0014,0.0669,248,0.0017,NA,NA,NA,NA,NA,NA,0.5574,0.0035,191,0.6139,0.8127,0,0.8031,0,Bayes-M10-med
Vanga,Kwilu,2,FALSE,0.0014,0.0011,0.0018,0.0014,242,242,244,0.0014,0.0704,242,0.0018,NA,NA,NA,NA,NA,NA,0.5034,0.0034,196,0.3726,0.8205,0,0.8205,0,Bayes-M10-med
Mukedi,Kwilu,2,FALSE,0.0014,0.0011,0.0019,0.0014,241,241,241,0.0014,0.0712,241,0.0018,NA,NA,NA,NA,NA,NA,0.4836,0.0033,199,0.5367,0.7066,0,0.6911,0,Bayes-M10-med
Kalonda Est,Lomami,2,FALSE,0.0014,0.0011,0.0018,0.0014,245,245,246,0.0014,0.0685,245,0.0018,NA,NA,NA,NA,NA,NA,0.3292,0.0021,262,0.5425,0.1506,0,0.6236,0,Bayes-M10-med
Dilala,Lualaba,2,FALSE,0.0014,0.0011,0.0018,0.0014,243,243,243,0.0014,0.0703,243,0.0018,NA,NA,NA,NA,NA,NA,0.1347,9e-4,376,0.1506,0.2548,0,0.1332,0,Bayes-M10-med
Pangi,Maniema,2,FALSE,0.0014,0.001,0.0018,0.0014,246,246,247,0.0014,0.0684,246,0.0018,NA,NA,NA,NA,NA,NA,0.3316,0.0021,261,0.6081,0.056,0,0.6622,0,Bayes-M10-med
Monga,Bas-Uele,2,FALSE,0.0013,0.001,0.0017,0.0013,256,248,262,0.0013,0.0653,256,0.0017,NA,NA,NA,NA,NA,NA,0.7336,0.0045,160,0.9826,0.9672,0,0.9846,0,Bayes-M10-med
Kabondo Dianda,Haut-Lomami,2,FALSE,0.0013,0.001,0.0017,0.0013,259,253,260,0.0013,0.0647,259,0.0017,NA,NA,NA,NA,NA,NA,0.4107,0.0025,241,0.5888,0.5714,0,0.4826,0,Bayes-M10-med
Mukanga,Haut-Lomami,2,FALSE,0.0013,0.001,0.0017,0.0013,258,254,259,0.0013,0.0647,258,0.0017,NA,NA,NA,NA,NA,NA,0.4739,0.0029,220,0.6853,0.6911,0,0.5193,0,Bayes-M10-med
Katende,Kasaï-Central,2,FALSE,0.0013,0.001,0.0017,0.0013,253,251,256,0.0013,0.0655,253,0.0017,NA,NA,NA,NA,NA,NA,0.5154,0.0032,202,0.6525,0.6486,0,0.7606,0,Bayes-M10-med
Lukonga,Kasaï-Central,2,FALSE,0.0013,0.001,0.0017,0.0013,261,257,262,0.0013,0.0642,261,0.0016,NA,NA,NA,NA,NA,NA,0.3282,0.002,269,0.2239,0.6429,0,0.4459,0,Bayes-M10-med
Luambo,Kasaï-Central,2,FALSE,0.0013,0.001,0.0017,0.0013,255,252,255,0.0013,0.0655,254,0.0017,NA,NA,NA,NA,NA,NA,0.3769,0.0023,250,0.5347,0.5656,0,0.4073,0,Bayes-M10-med
Gungu,Kwilu,2,FALSE,0.0013,0.001,0.0017,0.0013,250,250,252,0.0013,0.0662,250,0.0017,NA,NA,NA,NA,NA,NA,0.4237,0.0027,227,0.5058,0.6969,0,0.4923,0,Bayes-M10-med
Kikwit Nord,Kwilu,2,FALSE,0.0013,0.001,0.0017,0.0013,252,249,254,0.0013,0.0661,252,0.0017,NA,NA,NA,NA,NA,NA,0.2915,0.0018,278,0.1236,0.5405,0,0.5019,0,Bayes-M10-med
Koshibanda,Kwilu,2,FALSE,0.0013,0.001,0.0017,0.0013,260,258,261,0.0013,0.0644,260,0.0016,NA,NA,NA,NA,NA,NA,0.4913,0.003,215,0.5193,0.6757,0,0.7703,0,Bayes-M10-med
Bosondjo,Mongala,2,FALSE,0.0013,0.001,0.0017,0.0013,254,252,258,0.0013,0.0655,255,0.0017,NA,NA,NA,NA,NA,NA,0.3489,0.0022,259,0.5618,0.1931,0,0.6409,0,Bayes-M10-med
Pimu,Mongala,2,FALSE,0.0013,0.001,0.0017,0.0013,262,257,262,0.0013,0.0641,262,0.0016,NA,NA,NA,NA,NA,NA,0.4257,0.0026,234,0.583,0.3707,0,0.749,0,Bayes-M10-med
Yakoma,Nord-Ubangi,2,FALSE,0.0013,0.001,0.0017,0.0013,249,247,259,0.0013,0.0663,249,0.0017,NA,NA,NA,NA,NA,NA,0.6641,0.0042,172,0.7124,0.9479,0,0.9961,0,Bayes-M10-med
Wembo Nyama,Sankuru,2,FALSE,0.0013,0.001,0.0017,0.0013,257,255,258,0.0013,0.0648,257,0.0017,NA,NA,NA,NA,NA,NA,0.4097,0.0025,242,0.5019,0.2143,0,0.9228,0,Bayes-M10-med
Bwamanda,Sud-Ubangi,2,FALSE,0.0013,0.001,0.0017,0.0013,251,248,259,0.0013,0.0661,251,0.0017,NA,NA,NA,NA,NA,NA,0.4667,0.0029,219,0.4189,0.7394,0,0.7085,0,Bayes-M10-med
Kampemba,Haut-Katanga,2,FALSE,0.0012,9e-4,0.0015,0.0012,268,266,270,0.0012,0.0575,268,0.0015,NA,NA,NA,NA,NA,NA,0.0531,3e-4,447,0.0598,0.0367,0,0.1158,0,Bayes-M10-med
Kanzala,Kasaï,2,FALSE,0.0012,9e-4,0.0016,0.0012,265,265,266,0.0012,0.0606,265,0.0016,NA,NA,NA,NA,NA,NA,0.2046,0.0012,343,0.168,0.3127,0,0.3378,0,Bayes-M10-med
Yangala,Kasaï-Central,2,FALSE,0.0012,9e-4,0.0015,0.0012,267,267,268,0.0012,0.0578,267,0.0015,NA,NA,NA,NA,NA,NA,0.348,0.0019,274,0.5927,0.2259,0,0.5734,0,Bayes-M10-med
Makota,Lomami,2,FALSE,0.0012,9e-4,0.0016,0.0012,264,263,265,0.0012,0.061,264,0.0016,NA,NA,NA,NA,NA,NA,0.2587,0.0015,307,0.1023,0.3764,0,0.556,0,Bayes-M10-med
Tunda,Maniema,2,FALSE,0.0012,9e-4,0.0016,0.0012,263,263,264,0.0012,0.0611,263,0.0016,NA,NA,NA,NA,NA,NA,0.459,0.0027,228,0.8977,0.0541,0,0.8842,0,Bayes-M10-med
Binga,Mongala,2,FALSE,0.0012,9e-4,0.0015,0.0011,269,267,272,0.0012,0.0573,269,0.0015,NA,NA,NA,NA,NA,NA,0.3306,0.0018,280,0.4749,0.249,0,0.5985,0,Bayes-M10-med
Lomela,Sankuru,2,FALSE,0.0012,9e-4,0.0015,0.0011,270,269,270,0.0012,0.0569,270,0.0015,NA,NA,NA,NA,NA,NA,0.4759,0.0026,236,0.8456,0.1351,0,0.9228,0,Bayes-M10-med
Tandala,Sud-Ubangi,2,FALSE,0.0012,9e-4,0.0016,0.0012,266,263,267,0.0012,0.0598,266,0.0015,NA,NA,NA,NA,NA,NA,0.4078,0.0023,253,0.2741,0.527,0,0.8301,0,Bayes-M10-med
Kilwa,Haut-Katanga,2,FALSE,0.0011,8e-4,0.0014,0.0011,274,274,275,0.0011,0.0537,274,0.0014,NA,NA,NA,NA,NA,NA,0.3764,0.0019,272,0.749,0.39,0,0.3668,0,Bayes-M10-med
Pweto,Haut-Katanga,2,FALSE,0.0011,8e-4,0.0014,0.0011,278,276,278,0.0011,0.0527,278,0.0013,NA,NA,NA,NA,NA,NA,0.3518,0.0018,284,0.7992,0.2587,0,0.3494,0,Bayes-M10-med
Ruashi,Haut-Katanga,2,FALSE,0.0011,8e-4,0.0013,0.001,281,279,281,0.0011,0.0519,281,0.0013,NA,NA,NA,NA,NA,NA,0.0705,3e-4,439,0.0985,0.0637,0,0.1197,0,Bayes-M10-med
Sakania,Haut-Katanga,2,FALSE,0.0011,8e-4,0.0014,0.0011,275,275,276,0.0011,0.0534,275,0.0014,NA,NA,NA,NA,NA,NA,0.2775,0.0014,323,0.7375,0.2355,0,0.1371,0,Bayes-M10-med
Ilebo,Kasaï,2,FALSE,0.0011,9e-4,0.0015,0.0011,273,271,273,0.0011,0.0556,273,0.0014,NA,NA,NA,NA,NA,NA,0.3142,0.0017,289,0.2162,0.6139,0,0.4266,0,Bayes-M10-med
Tshibala,Kasaï-Central,2,FALSE,0.0011,9e-4,0.0015,0.0011,271,270,272,0.0011,0.0559,271,0.0014,NA,NA,NA,NA,NA,NA,0.4218,0.0022,256,0.4266,0.5772,0,0.6834,0,Bayes-M10-med
Ipamu,Kwilu,2,FALSE,0.0011,8e-4,0.0014,0.0011,276,276,277,0.0011,0.0532,276,0.0014,NA,NA,NA,NA,NA,NA,0.5454,0.0028,225,0.4903,0.7683,0,0.9228,0,Bayes-M10-med
Kikwit Sud,Kwilu,2,FALSE,0.0011,8e-4,0.0014,0.001,279,278,280,0.0011,0.0523,279,0.0013,NA,NA,NA,NA,NA,NA,0.3282,0.0016,293,0.1313,0.7008,0,0.4807,0,Bayes-M10-med
Gbadolite,Nord-Ubangi,2,FALSE,0.0011,8e-4,0.0014,0.0011,277,274,282,0.0011,0.0528,277,0.0014,NA,NA,NA,NA,NA,NA,0.5183,0.0026,232,0.7915,0.9653,0,0.3166,0,Bayes-M10-med
Lusambo,Sankuru,2,FALSE,0.0011,8e-4,0.0014,0.001,280,279,280,0.0011,0.052,280,0.0013,NA,NA,NA,NA,NA,NA,0.4833,0.0024,249,0.6815,0.2992,0,0.9527,0,Bayes-M10-med
Mompono,Tshuapa,2,FALSE,0.0011,9e-4,0.0015,0.0011,272,271,273,0.0011,0.0557,272,0.0014,NA,NA,NA,NA,NA,NA,0.5598,0.003,217,0.8089,0.6042,0,0.8263,0,Bayes-M10-med
Basankusu,Equateur,2,FALSE,0.001,7e-4,0.0013,0.001,294,292,299,0.001,0.0478,294,0.0012,NA,NA,NA,NA,NA,NA,0.6844,0.0031,207,0.9517,0.8629,0,0.9228,0,Bayes-M10-med
Kambove,Haut-Katanga,2,FALSE,0.001,8e-4,0.0013,0.001,286,285,289,0.001,0.0496,286,0.0013,NA,NA,NA,NA,NA,NA,0.306,0.0014,316,0.4247,0.6236,0,0.1757,0,Bayes-M10-med
Kapolowe,Haut-Katanga,2,FALSE,0.001,7e-4,0.0013,0.001,291,288,294,0.001,0.0484,291,0.0012,NA,NA,NA,NA,NA,NA,0.3026,0.0014,326,0.5579,0.444,0,0.2085,0,Bayes-M10-med
Kisanga,Haut-Katanga,2,FALSE,0.001,7e-4,0.0012,9e-4,298,289,303,0.001,0.0472,298,0.0012,NA,NA,NA,NA,NA,NA,0.1081,5e-4,423,0.1293,0.2008,0,0.1023,0,Bayes-M10-med
Ndjoko Mpunda,Kasaï,2,FALSE,0.001,7e-4,0.0012,9e-4,298,295,299,0.001,0.0471,299,0.0012,NA,NA,NA,NA,NA,NA,0.333,0.0015,309,0.3977,0.2915,0,0.6429,0,Bayes-M10-med
Kamonia,Kasaï,2,FALSE,0.001,7e-4,0.0012,0.001,295,291,296,0.001,0.0475,295,0.0012,NA,NA,NA,NA,NA,NA,0.14,6e-4,412,0.3707,0.11,0,0.0792,0,Bayes-M10-med
Katoka,Kasaï-Central,2,FALSE,0.001,8e-4,0.0013,0.001,284,281,290,0.001,0.0501,284,0.0013,NA,NA,NA,NA,NA,NA,0.2645,0.0013,337,0.1216,0.473,0,0.4633,0,Bayes-M10-med
Muetshi,Kasaï-Central,2,FALSE,0.001,7e-4,0.0012,9e-4,301,297,301,0.001,0.0469,301,0.0012,NA,NA,NA,NA,NA,NA,0.4792,0.0021,263,0.6158,0.5386,0,0.7625,0,Bayes-M10-med
Tshikula,Kasaï-Central,2,FALSE,0.001,8e-4,0.0013,0.001,282,282,284,0.001,0.0504,282,0.0013,NA,NA,NA,NA,NA,NA,0.3296,0.0016,298,0.3919,0.3185,0,0.6081,0,Bayes-M10-med
Matadi,Kongo-Central,2,FALSE,0.001,7e-4,0.0012,9e-4,300,296,300,0.001,0.047,300,0.0012,NA,NA,NA,NA,NA,NA,0.2939,0.0013,330,0.1564,0.944,0,0.0753,0,Bayes-M10-med
Yasa Bonga,Kwilu,2,FALSE,0.001,8e-4,0.0013,0.001,284,283,285,0.001,0.0501,283,0.0013,NA,NA,NA,NA,NA,NA,0.4206,0.002,270,0.3031,0.5328,0,0.8465,0,Bayes-M10-med
Kasaji,Lualaba,2,FALSE,0.001,7e-4,0.0012,9e-4,296,292,298,0.001,0.0473,296,0.0012,NA,NA,NA,NA,NA,NA,0.4648,0.0021,264,0.8552,0.4923,0,0.5116,0,Bayes-M10-med
Lualaba,Lualaba,2,FALSE,0.001,7e-4,0.0013,0.001,290,286,293,0.001,0.0486,290,0.0012,NA,NA,NA,NA,NA,NA,0.1404,6e-4,409,0.3552,0.0347,0,0.1718,0,Bayes-M10-med
Boso Manzi,Mongala,2,FALSE,0.001,7e-4,0.0012,9e-4,297,295,305,0.001,0.0472,297,0.0012,NA,NA,NA,NA,NA,NA,0.3982,0.0018,282,0.5695,0.2278,0,0.7954,0,Bayes-M10-med
Abuzi,Nord-Ubangi,2,FALSE,0.001,8e-4,0.0013,0.001,287,283,293,0.001,0.0494,287,0.0013,NA,NA,NA,NA,NA,NA,0.7153,0.0033,197,0.9846,0.9054,0,0.971,0,Bayes-M10-med
Bosobolo,Nord-Ubangi,2,FALSE,0.001,7e-4,0.0013,0.001,292,288,301,0.001,0.0483,292,0.0012,NA,NA,NA,NA,NA,NA,0.7148,0.0033,198,0.9363,0.9459,0,0.9768,0,Bayes-M10-med
Mobayi Mbongo,Nord-Ubangi,2,FALSE,0.001,8e-4,0.0013,0.001,285,282,290,0.001,0.0499,285,0.0013,NA,NA,NA,NA,NA,NA,0.5458,0.0026,235,0.9324,0.8166,0,0.4344,0,Bayes-M10-med
Bogosenubea,Sud-Ubangi,2,FALSE,0.001,7e-4,0.0013,0.001,293,291,299,0.001,0.0482,293,0.0012,NA,NA,NA,NA,NA,NA,0.4107,0.0019,275,0.4981,0.3031,0,0.8417,0,Bayes-M10-med
Libenge,Sud-Ubangi,2,FALSE,0.001,7e-4,0.0013,0.001,289,287,294,0.001,0.0487,289,0.0012,NA,NA,NA,NA,NA,NA,0.3818,0.0018,283,0.6293,0.3591,0,0.5386,0,Bayes-M10-med
Befale,Tshuapa,2,FALSE,0.001,8e-4,0.0013,0.001,287,286,288,0.001,0.0493,288,0.0013,NA,NA,NA,NA,NA,NA,0.5145,0.0024,245,0.8822,0.4903,0,0.6853,0,Bayes-M10-med
Bolomba,Equateur,2,FALSE,9e-4,7e-4,0.0012,9e-4,303,297,305,9e-4,0.0466,303,0.0012,NA,NA,NA,NA,NA,NA,0.6163,0.0027,226,0.9575,0.8533,0,0.6544,0,Bayes-M10-med
Kinkondja,Haut-Lomami,2,FALSE,9e-4,7e-4,0.0012,9e-4,310,308,311,9e-4,0.0443,310,0.0011,NA,NA,NA,NA,NA,NA,0.4889,0.0021,266,0.7278,0.6274,0,0.6004,0,Bayes-M10-med
Kakenge,Kasaï,2,FALSE,9e-4,7e-4,0.0012,9e-4,307,307,310,9e-4,0.0446,307,0.0011,NA,NA,NA,NA,NA,NA,0.4522,0.0019,273,0.5753,0.4788,0,0.7548,0,Bayes-M10-med
Bilomba,Kasaï-Central,2,FALSE,9e-4,6e-4,0.0011,8e-4,314,312,314,9e-4,0.0422,314,0.0011,NA,NA,NA,NA,NA,NA,0.4006,0.0016,297,0.3378,0.4421,0,0.8224,0,Bayes-M10-med
Djuma,Kwilu,2,FALSE,9e-4,7e-4,0.0012,9e-4,302,298,303,9e-4,0.0467,302,0.0012,NA,NA,NA,NA,NA,NA,0.5256,0.0023,252,0.4826,0.7355,0,0.8842,0,Bayes-M10-med
Masi Manimba,Kwilu,2,FALSE,9e-4,7e-4,0.0012,9e-4,305,303,307,9e-4,0.0456,305,0.0012,NA,NA,NA,NA,NA,NA,0.4281,0.0019,276,0.332,0.4961,0,0.8842,0,Bayes-M10-med
Wikong,Lomami,2,FALSE,9e-4,7e-4,0.0011,9e-4,313,310,313,9e-4,0.0426,313,0.0011,NA,NA,NA,NA,NA,NA,0.3663,0.0015,311,0.2529,0.4228,0,0.7896,0,Bayes-M10-med
Bili (Nord-Ubangi),Nord-Ubangi,2,FALSE,9e-4,7e-4,0.0011,9e-4,311,307,312,9e-4,0.0439,311,0.0011,NA,NA,NA,NA,NA,NA,0.7075,0.0029,218,0.9247,0.9189,0,0.9865,0,Bayes-M10-med
Wasolo,Nord-Ubangi,2,FALSE,9e-4,7e-4,0.0012,9e-4,308,305,311,9e-4,0.0444,308,0.0011,NA,NA,NA,NA,NA,NA,0.5709,0.0024,246,0.5541,0.7413,0,0.9884,0,Bayes-M10-med
Bena Dibele,Sankuru,2,FALSE,9e-4,7e-4,0.0012,9e-4,304,302,304,9e-4,0.0462,304,0.0012,NA,NA,NA,NA,NA,NA,0.4093,0.0018,281,0.6216,0.1564,0,0.8591,0,Bayes-M10-med
Djalo Ndjeka,Sankuru,2,FALSE,9e-4,7e-4,0.0012,9e-4,306,304,306,9e-4,0.0456,306,0.0012,NA,NA,NA,NA,NA,NA,0.3378,0.0015,313,0.3591,0.0695,0,0.9228,0,Bayes-M10-med
Kole,Sankuru,2,FALSE,9e-4,7e-4,0.0012,9e-4,309,309,310,9e-4,0.0443,309,0.0011,NA,NA,NA,NA,NA,NA,0.4802,0.002,268,0.7761,0.2606,0,0.8842,0,Bayes-M10-med
Ndage,Sud-Ubangi,2,FALSE,9e-4,7e-4,0.0011,9e-4,312,312,316,9e-4,0.0426,312,0.0011,NA,NA,NA,NA,NA,NA,0.3533,0.0014,318,0.3996,0.2761,0,0.7375,0,Bayes-M10-med
Likasi,Haut-Katanga,2,FALSE,8e-4,6e-4,0.001,8e-4,324,322,325,8e-4,0.0386,324,0.001,NA,NA,NA,NA,NA,NA,0.1728,6e-4,411,0.112,0.4208,0,0.1583,0,Bayes-M10-med
Mikope,Kasaï,2,FALSE,8e-4,6e-4,0.001,8e-4,327,325,327,8e-4,0.0379,327,0.001,NA,NA,NA,NA,NA,NA,0.3996,0.0014,317,0.6776,0.2703,0,0.6506,0,Bayes-M10-med
Lubondaie,Kasaï-Central,2,FALSE,8e-4,6e-4,0.001,8e-4,326,324,327,8e-4,0.0379,326,0.001,NA,NA,NA,NA,NA,NA,0.3147,0.0011,349,0.3822,0.1583,0,0.7181,0,Bayes-M10-med
Lubunga (Kasaï-Central),Kasaï-Central,2,FALSE,8e-4,6e-4,0.0011,8e-4,316,315,316,8e-4,0.0416,316,0.0011,NA,NA,NA,NA,NA,NA,0.4599,0.0018,279,0.5637,0.4653,0,0.8108,0,Bayes-M10-med
Muanda,Kongo-Central,2,FALSE,8e-4,6e-4,0.0011,8e-4,318,317,318,8e-4,0.0406,318,0.001,NA,NA,NA,NA,NA,NA,0.4093,0.0016,299,0.6371,1,0,0,0,Bayes-M10-med
Kisantu,Kongo-Central,2,FALSE,8e-4,6e-4,0.0011,8e-4,315,314,317,8e-4,0.0416,315,0.0011,NA,NA,NA,NA,NA,NA,0.418,0.0016,291,0.5039,0.9903,0,0.1776,0,Bayes-M10-med
Mokala,Kwilu,2,FALSE,8e-4,6e-4,0.001,8e-4,321,321,322,8e-4,0.0396,321,0.001,NA,NA,NA,NA,NA,NA,0.5118,0.0019,271,0.4228,0.6718,0,0.9527,0,Bayes-M10-med
Kamiji,Lomami,2,FALSE,8e-4,6e-4,0.001,8e-4,320,319,322,8e-4,0.0399,320,0.001,NA,NA,NA,NA,NA,NA,0.2635,0.001,370,0.3398,0.1293,0,0.5849,0,Bayes-M10-med
Kapanga,Lualaba,2,FALSE,8e-4,6e-4,0.001,8e-4,319,318,320,8e-4,0.0401,319,0.001,NA,NA,NA,NA,NA,NA,0.4112,0.0016,303,0.8514,0.3938,0,0.3996,0,Bayes-M10-med
Loko,Nord-Ubangi,2,FALSE,8e-4,6e-4,0.0011,8e-4,317,315,320,8e-4,0.041,317,0.001,NA,NA,NA,NA,NA,NA,0.6535,0.0025,240,0.9402,0.9266,0,0.7471,0,Bayes-M10-med
Budjala,Sud-Ubangi,2,FALSE,8e-4,6e-4,0.001,8e-4,322,319,323,8e-4,0.0395,322,0.001,NA,NA,NA,NA,NA,NA,0.43,0.0016,295,0.5154,0.4035,0,0.8012,0,Bayes-M10-med
Bulu,Sud-Ubangi,2,FALSE,8e-4,6e-4,0.001,8e-4,323,323,326,8e-4,0.0388,323,0.001,NA,NA,NA,NA,NA,NA,0.3147,0.0012,345,0.3649,0.1988,0,0.695,0,Bayes-M10-med
Kungu,Sud-Ubangi,2,FALSE,8e-4,6e-4,0.001,8e-4,325,324,327,8e-4,0.0386,325,0.001,NA,NA,NA,NA,NA,NA,0.3711,0.0014,327,0.3745,0.3359,0,0.7741,0,Bayes-M10-med
Ingende,Equateur,2,FALSE,7e-4,5e-4,8e-4,6e-4,350,345,352,7e-4,0.0324,350,8e-4,NA,NA,NA,NA,NA,NA,0.596,0.0018,277,0.9208,0.8571,0,0.6062,0,Bayes-M10-med
Mufunga Sampwe,Haut-Katanga,2,FALSE,7e-4,6e-4,9e-4,7e-4,329,328,329,7e-4,0.0364,328,9e-4,NA,NA,NA,NA,NA,NA,0.3774,0.0013,333,0.8185,0.0888,0,0.6023,0,Bayes-M10-med
Kasenga,Haut-Katanga,2,FALSE,7e-4,5e-4,9e-4,7e-4,344,341,344,7e-4,0.0332,344,9e-4,NA,NA,NA,NA,NA,NA,0.3953,0.0012,338,0.8166,0.6255,0,0.139,0,Bayes-M10-med
Lwamba,Haut-Lomami,2,FALSE,7e-4,6e-4,9e-4,7e-4,329,328,330,7e-4,0.0364,329,9e-4,NA,NA,NA,NA,NA,NA,0.4865,0.0017,287,0.8069,0.6409,0,0.4981,0,Bayes-M10-med
Kayamba,Haut-Lomami,2,FALSE,7e-4,5e-4,9e-4,7e-4,346,344,347,7e-4,0.033,346,8e-4,NA,NA,NA,NA,NA,NA,0.4276,0.0013,328,0.7027,0.4189,0,0.5888,0,Bayes-M10-med
Songa,Haut-Lomami,2,FALSE,7e-4,6e-4,9e-4,7e-4,331,330,332,7e-4,0.0358,331,9e-4,NA,NA,NA,NA,NA,NA,0.473,0.0016,296,0.9344,0.3533,0,0.6042,0,Bayes-M10-med
Dekese,Kasaï,2,FALSE,7e-4,5e-4,8e-4,7e-4,349,349,350,7e-4,0.0324,349,8e-4,NA,NA,NA,NA,NA,NA,0.4633,0.0014,320,0.9189,0.2181,0,0.7162,0,Bayes-M10-med
Mushenge,Kasaï,2,FALSE,7e-4,5e-4,9e-4,7e-4,345,343,348,7e-4,0.033,345,8e-4,NA,NA,NA,NA,NA,NA,0.3229,0.001,368,0.5946,0.0656,0,0.6313,0,Bayes-M10-med
Kitangwa,Kasaï,2,FALSE,7e-4,5e-4,9e-4,7e-4,339,338,339,7e-4,0.0338,339,9e-4,NA,NA,NA,NA,NA,NA,0.3287,0.0011,360,0.6332,0.1062,0,0.5753,0,Bayes-M10-med
Bunkonde,Kasaï-Central,2,FALSE,7e-4,5e-4,8e-4,7e-4,348,347,352,7e-4,0.0325,348,8e-4,NA,NA,NA,NA,NA,NA,0.3523,0.0011,354,0.4015,0.278,0,0.7297,0,Bayes-M10-med
Mutoto,Kasaï-Central,2,FALSE,7e-4,5e-4,8e-4,6e-4,351,349,353,7e-4,0.0321,351,8e-4,NA,NA,NA,NA,NA,NA,0.3441,0.001,361,0.4575,0.361,0,0.5579,0,Bayes-M10-med
Lukula,Kongo-Central,2,FALSE,7e-4,5e-4,9e-4,7e-4,342,340,344,7e-4,0.0333,342,9e-4,NA,NA,NA,NA,NA,NA,0.3933,0.0012,339,0.529,0.8745,0,0.1699,0,Bayes-M10-med
Kimpese,Kongo-Central,2,FALSE,7e-4,5e-4,9e-4,7e-4,341,339,341,7e-4,0.0334,341,9e-4,NA,NA,NA,NA,NA,NA,0.4947,0.0016,302,0.7896,0.9768,0,0.2124,0,Bayes-M10-med
Boko,Kwango,2,FALSE,7e-4,5e-4,8e-4,6e-4,352,351,354,7e-4,0.0321,352,8e-4,NA,NA,NA,NA,NA,NA,0.5121,0.0016,304,0.7336,0.61,0,0.7046,0,Bayes-M10-med
Bagata,Kwilu,2,FALSE,7e-4,5e-4,9e-4,7e-4,336,336,336,7e-4,0.0344,336,9e-4,NA,NA,NA,NA,NA,NA,0.5135,0.0017,288,0.6795,0.695,0,0.6795,0,Bayes-M10-med
Bandundu,Kwilu,2,FALSE,7e-4,5e-4,9e-4,7e-4,333,332,334,7e-4,0.0349,333,9e-4,NA,NA,NA,NA,NA,NA,0.3364,0.0011,351,0.3436,0.751,0,0.251,0,Bayes-M10-med
Kimputu,Kwilu,2,FALSE,7e-4,5e-4,9e-4,7e-4,347,346,347,7e-4,0.0329,347,8e-4,NA,NA,NA,NA,NA,NA,0.5039,0.0016,301,0.4923,0.639,0,0.8842,0,Bayes-M10-med
Mosango,Kwilu,2,FALSE,7e-4,5e-4,9e-4,7e-4,338,337,340,7e-4,0.0338,338,9e-4,NA,NA,NA,NA,NA,NA,0.515,0.0017,290,0.5463,0.7375,0,0.7761,0,Bayes-M10-med
Pay Kongila,Kwilu,2,FALSE,7e-4,5e-4,9e-4,7e-4,334,334,335,7e-4,0.0348,334,9e-4,NA,NA,NA,NA,NA,NA,0.4488,0.0015,310,0.5135,0.6467,0,0.6351,0,Bayes-M10-med
Sandoa,Lualaba,2,FALSE,7e-4,5e-4,9e-4,7e-4,343,342,343,7e-4,0.0332,343,9e-4,NA,NA,NA,NA,NA,NA,0.5536,0.0017,285,0.9421,0.6815,0,0.5907,0,Bayes-M10-med
Kanzenze,Lualaba,2,FALSE,7e-4,5e-4,9e-4,7e-4,335,334,338,7e-4,0.0345,335,9e-4,NA,NA,NA,NA,NA,NA,0.2389,8e-4,393,0.6255,0.1429,0,0.1873,0,Bayes-M10-med
Businga,Nord-Ubangi,2,FALSE,7e-4,6e-4,9e-4,7e-4,330,328,333,7e-4,0.0363,330,9e-4,NA,NA,NA,NA,NA,NA,0.6781,0.0023,251,0.9286,0.861,0,0.9228,0,Bayes-M10-med
Pania Mutombo,Sankuru,2,FALSE,7e-4,5e-4,9e-4,7e-4,332,331,332,7e-4,0.0358,332,9e-4,NA,NA,NA,NA,NA,NA,0.4117,0.0014,324,0.7413,0.1236,0,0.7819,0,Bayes-M10-med
Bokonzi,Sud-Ubangi,2,FALSE,7e-4,5e-4,9e-4,7e-4,340,337,348,7e-4,0.0336,340,9e-4,NA,NA,NA,NA,NA,NA,0.236,8e-4,396,0.4305,0.083,0,0.4305,0,Bayes-M10-med
Boto,Sud-Ubangi,2,FALSE,7e-4,5e-4,9e-4,7e-4,337,333,345,7e-4,0.034,337,9e-4,NA,NA,NA,NA,NA,NA,0.3596,0.0012,344,0.3282,0.5174,0,0.5927,0,Bayes-M10-med
Mutena,Kasaï,2,FALSE,6e-4,5e-4,8e-4,6e-4,357,356,358,6e-4,0.0313,357,8e-4,NA,NA,NA,NA,NA,NA,0.2336,7e-4,401,0.334,0.0753,0,0.5251,0,Bayes-M10-med
Ndesha,Kasaï-Central,2,FALSE,6e-4,5e-4,8e-4,6e-4,358,355,358,6e-4,0.0313,358,8e-4,NA,NA,NA,NA,NA,NA,0.2317,7e-4,402,0.1448,0.3456,0,0.4363,0,Bayes-M10-med
Boma,Kongo-Central,2,FALSE,6e-4,5e-4,8e-4,6e-4,356,354,357,6e-4,0.0314,356,8e-4,NA,NA,NA,NA,NA,NA,0.2901,9e-4,382,0.1467,0.9247,0,0.0888,0,Bayes-M10-med
Boko Kivulu,Kongo-Central,2,FALSE,6e-4,5e-4,8e-4,6e-4,361,360,361,6e-4,0.031,361,8e-4,NA,NA,NA,NA,NA,NA,0.4281,0.0013,336,0.5792,0.9324,0,0.2008,0,Bayes-M10-med
Kwilu Ngongo,Kongo-Central,2,FALSE,6e-4,4e-4,7e-4,6e-4,368,368,369,6e-4,0.0277,368,7e-4,NA,NA,NA,NA,NA,NA,0.3875,0.001,367,0.4884,0.8668,0,0.195,0,Bayes-M10-med
Mbanza Ngungu,Kongo-Central,2,FALSE,6e-4,5e-4,8e-4,6e-4,363,363,364,6e-4,0.0302,363,8e-4,NA,NA,NA,NA,NA,NA,0.3711,0.0011,357,0.3205,0.9749,0,0.1892,0,Bayes-M10-med
Kahemba,Kwango,2,FALSE,6e-4,4e-4,7e-4,6e-4,367,366,367,6e-4,0.0283,366,7e-4,NA,NA,NA,NA,NA,NA,0.5367,0.0014,314,0.8958,0.7278,0,0.5232,0,Bayes-M10-med
Panzi,Kwango,2,FALSE,6e-4,4e-4,7e-4,6e-4,365,365,366,6e-4,0.0284,365,7e-4,NA,NA,NA,NA,NA,NA,0.5236,0.0014,322,0.7548,0.583,0,0.7568,0,Bayes-M10-med
Feshi,Kwango,2,FALSE,6e-4,5e-4,8e-4,6e-4,355,353,355,6e-4,0.0318,355,8e-4,NA,NA,NA,NA,NA,NA,0.5082,0.0015,306,0.7317,0.5425,0,0.7587,0,Bayes-M10-med
Kikongo,Kwilu,2,FALSE,6e-4,5e-4,8e-4,6e-4,362,362,362,6e-4,0.0309,362,8e-4,NA,NA,NA,NA,NA,NA,0.5024,0.0015,312,0.6969,0.6023,0,0.7104,0,Bayes-M10-med
Mungindu,Kwilu,2,FALSE,6e-4,5e-4,8e-4,6e-4,364,363,364,6e-4,0.0301,364,8e-4,NA,NA,NA,NA,NA,NA,0.3818,0.0011,353,0.4691,0.5367,0,0.5212,0,Bayes-M10-med
Dilolo,Lualaba,2,FALSE,6e-4,5e-4,8e-4,6e-4,359,358,360,6e-4,0.031,359,8e-4,NA,NA,NA,NA,NA,NA,0.3663,0.0011,355,0.8398,0.6197,0,0.0058,0,Bayes-M10-med
Kalamba,Lualaba,2,FALSE,6e-4,5e-4,8e-4,6e-4,360,359,361,6e-4,0.031,360,8e-4,NA,NA,NA,NA,NA,NA,0.4542,0.0013,329,0.8803,0.2375,0,0.6988,0,Bayes-M10-med
Bongandanga,Mongala,2,FALSE,6e-4,4e-4,7e-4,6e-4,366,365,367,6e-4,0.0283,367,7e-4,NA,NA,NA,NA,NA,NA,0.4228,0.0011,347,0.7587,0.0097,0,0.9228,0,Bayes-M10-med
Boso Mondanda,Mongala,2,FALSE,6e-4,5e-4,8e-4,6e-4,354,350,361,6e-4,0.0319,354,8e-4,NA,NA,NA,NA,NA,NA,0.3716,0.0011,350,0.5869,0.1486,0,0.751,0,Bayes-M10-med
Bangabola,Sud-Ubangi,2,FALSE,6e-4,4e-4,7e-4,6e-4,369,368,370,6e-4,0.0277,369,7e-4,NA,NA,NA,NA,NA,NA,0.3904,0.001,366,0.3533,0.3494,0,0.8591,0,Bayes-M10-med
Monkoto,Tshuapa,2,FALSE,6e-4,5e-4,8e-4,6e-4,353,351,358,6e-4,0.0319,353,8e-4,NA,NA,NA,NA,NA,NA,0.5598,0.0017,286,0.9498,0.4054,0,0.8842,0,Bayes-M10-med
Wangata,Equateur,2,FALSE,5e-4,3e-4,6e-4,5e-4,389,388,390,5e-4,0.0225,389,6e-4,NA,NA,NA,NA,NA,NA,0.417,9e-4,379,0.2336,0.9865,0,0.4479,0,Bayes-M10-med
Kikula,Haut-Katanga,2,FALSE,5e-4,4e-4,7e-4,5e-4,378,378,379,5e-4,0.0251,378,6e-4,NA,NA,NA,NA,NA,NA,0.0951,2e-4,452,0.1062,0.1139,0,0.1602,0,Bayes-M10-med
Mitwaba,Haut-Katanga,2,FALSE,5e-4,4e-4,7e-4,5e-4,371,369,374,5e-4,0.0268,371,7e-4,NA,NA,NA,NA,NA,NA,0.3528,9e-4,377,0.8012,0.0618,0,0.5483,0,Bayes-M10-med
Panda,Haut-Katanga,2,FALSE,5e-4,3e-4,6e-4,5e-4,387,386,387,5e-4,0.0227,387,6e-4,NA,NA,NA,NA,NA,NA,0.2027,4e-4,426,0.1622,0.4826,0,0.166,0,Bayes-M10-med
Kafubu,Haut-Katanga,2,FALSE,5e-4,4e-4,6e-4,5e-4,383,383,383,5e-4,0.0239,383,6e-4,NA,NA,NA,NA,NA,NA,0.2104,5e-4,424,0.6042,0.0869,0,0.1506,0,Bayes-M10-med
Lukafu,Haut-Katanga,2,FALSE,5e-4,3e-4,6e-4,5e-4,388,388,389,5e-4,0.0225,388,6e-4,NA,NA,NA,NA,NA,NA,0.4015,9e-4,384,0.888,0.3243,0,0.3938,0,Bayes-M10-med
Bulape,Kasaï,2,FALSE,5e-4,4e-4,7e-4,5e-4,377,375,377,5e-4,0.0258,377,7e-4,NA,NA,NA,NA,NA,NA,0.4315,0.0011,359,0.7066,0.1853,0,0.834,0,Bayes-M10-med
Nyanga,Kasaï,2,FALSE,5e-4,4e-4,7e-4,5e-4,376,372,376,5e-4,0.026,376,7e-4,NA,NA,NA,NA,NA,NA,0.348,9e-4,383,0.4402,0.3803,0,0.5714,0,Bayes-M10-med
Bena Tshadi,Kasaï-Central,2,FALSE,5e-4,4e-4,6e-4,5e-4,380,380,380,5e-4,0.0248,380,6e-4,NA,NA,NA,NA,NA,NA,0.472,0.0011,352,0.6699,0.3784,0,0.8398,0,Bayes-M10-med
Kalomba,Kasaï-Central,2,FALSE,5e-4,4e-4,6e-4,5e-4,381,381,381,5e-4,0.0246,381,6e-4,NA,NA,NA,NA,NA,NA,0.2944,7e-4,403,0.3166,0.1467,0,0.7143,0,Bayes-M10-med
Seke Banza,Kongo-Central,2,FALSE,5e-4,4e-4,7e-4,5e-4,379,378,379,5e-4,0.0251,379,6e-4,NA,NA,NA,NA,NA,NA,0.4513,0.0011,356,0.6351,0.9498,0,0.2201,0,Bayes-M10-med
Massa,Kongo-Central,2,FALSE,5e-4,3e-4,6e-4,4e-4,391,390,392,5e-4,0.0224,391,6e-4,NA,NA,NA,NA,NA,NA,0.4223,9e-4,378,0.668,0.9208,0,0.1004,0,Bayes-M10-med
Kimbao,Kwango,2,FALSE,5e-4,4e-4,7e-4,5e-4,375,373,375,5e-4,0.0261,375,7e-4,NA,NA,NA,NA,NA,NA,0.5743,0.0014,321,0.7201,0.7181,0,0.8591,0,Bayes-M10-med
Popokabaka,Kwango,2,FALSE,5e-4,4e-4,6e-4,5e-4,382,382,382,5e-4,0.0245,382,6e-4,NA,NA,NA,NA,NA,NA,0.5507,0.0013,335,0.7703,0.7876,0,0.6448,0,Bayes-M10-med
Sia,Kwilu,2,FALSE,5e-4,4e-4,6e-4,5e-4,385,385,385,5e-4,0.0234,385,6e-4,NA,NA,NA,NA,NA,NA,0.3986,9e-4,380,0.4151,0.3822,0,0.7973,0,Bayes-M10-med
Kingandu,Kwilu,2,FALSE,5e-4,3e-4,6e-4,4e-4,390,389,391,5e-4,0.0224,390,6e-4,NA,NA,NA,NA,NA,NA,0.4923,0.001,362,0.7162,0.6583,0,0.5946,0,Bayes-M10-med
Kafakumba,Lualaba,2,FALSE,5e-4,4e-4,6e-4,5e-4,384,384,384,5e-4,0.0236,384,6e-4,NA,NA,NA,NA,NA,NA,0.4648,0.001,363,0.8687,0.2027,0,0.7876,0,Bayes-M10-med
Lubudi,Lualaba,2,FALSE,5e-4,3e-4,6e-4,5e-4,386,386,387,5e-4,0.0227,386,6e-4,NA,NA,NA,NA,NA,NA,0.4667,0.001,369,0.9151,0.4614,0,0.4903,0,Bayes-M10-med
Inongo,Mai-Ndombe,2,FALSE,5e-4,4e-4,7e-4,5e-4,372,372,374,5e-4,0.0264,372,7e-4,NA,NA,NA,NA,NA,NA,0.4952,0.0012,340,0.7645,0.2934,0,0.9228,0,Bayes-M10-med
Bominenge,Sud-Ubangi,2,FALSE,5e-4,4e-4,7e-4,5e-4,373,371,376,5e-4,0.0264,373,7e-4,NA,NA,NA,NA,NA,NA,0.3258,8e-4,388,0.2819,0.0985,0,0.9228,0,Bayes-M10-med
Mawuya,Sud-Ubangi,2,FALSE,5e-4,4e-4,7e-4,5e-4,374,373,377,5e-4,0.0262,374,7e-4,NA,NA,NA,NA,NA,NA,0.2654,7e-4,405,0.444,0.2394,0,0.3784,0,Bayes-M10-med
Busanga,Tshuapa,2,FALSE,5e-4,4e-4,7e-4,5e-4,370,370,371,5e-4,0.0269,370,7e-4,NA,NA,NA,NA,NA,NA,0.4452,0.0011,348,0.6602,0.168,0,0.9527,0,Bayes-M10-med
Bikoro,Equateur,2,FALSE,4e-4,3e-4,6e-4,4e-4,393,393,393,4e-4,0.0218,393,6e-4,NA,NA,NA,NA,NA,NA,0.5951,0.0012,341,0.8127,0.8147,0,0.7529,0,Bayes-M10-med
Djombo,Equateur,2,FALSE,4e-4,3e-4,6e-4,4e-4,399,397,400,4e-4,0.021,399,5e-4,NA,NA,NA,NA,NA,NA,0.6554,0.0013,332,0.917,0.7819,0,0.9228,0,Bayes-M10-med
Iboko,Equateur,2,FALSE,4e-4,3e-4,5e-4,4e-4,413,412,414,4e-4,0.0177,413,5e-4,NA,NA,NA,NA,NA,NA,0.612,0.001,364,0.8282,0.7915,0,0.8282,0,Bayes-M10-med
Lotumbe,Equateur,2,FALSE,4e-4,3e-4,5e-4,4e-4,406,405,406,4e-4,0.0186,406,5e-4,NA,NA,NA,NA,NA,NA,0.5816,0.001,365,0.9691,0.7085,0,0.6486,0,Bayes-M10-med
Makanza,Equateur,2,FALSE,4e-4,3e-4,6e-4,4e-4,395,395,397,4e-4,0.0213,396,5e-4,NA,NA,NA,NA,NA,NA,0.639,0.0013,334,0.9537,0.7954,0,0.8069,0,Bayes-M10-med
Kenya,Haut-Katanga,2,FALSE,4e-4,3e-4,5e-4,4e-4,401,401,401,4e-4,0.0201,401,5e-4,NA,NA,NA,NA,NA,NA,0.0569,1e-4,457,0.11,0.0116,0,0.1062,0,Bayes-M10-med
Butumba,Haut-Lomami,2,FALSE,4e-4,3e-4,5e-4,4e-4,410,408,410,4e-4,0.018,410,5e-4,NA,NA,NA,NA,NA,NA,0.4595,8e-4,392,0.7973,0.4151,0,0.6255,0,Bayes-M10-med
Banga Lubaka,Kasaï,2,FALSE,4e-4,3e-4,5e-4,4e-4,405,405,407,4e-4,0.0186,405,5e-4,NA,NA,NA,NA,NA,NA,0.3205,6e-4,416,0.5174,0.0444,0,0.7201,0,Bayes-M10-med
Kangu,Kongo-Central,2,FALSE,4e-4,3e-4,5e-4,4e-4,403,403,403,4e-4,0.0194,403,5e-4,NA,NA,NA,NA,NA,NA,0.3528,7e-4,408,0.3803,0.8822,0,0.1486,0,Bayes-M10-med
Nsona Mpangu,Kongo-Central,2,FALSE,4e-4,3e-4,6e-4,4e-4,397,396,399,4e-4,0.0212,397,5e-4,NA,NA,NA,NA,NA,NA,0.4165,8e-4,386,0.722,0.7645,0,0.1795,0,Bayes-M10-med
Gombe Matadi,Kongo-Central,2,FALSE,4e-4,3e-4,5e-4,3e-4,415,415,415,4e-4,0.0173,415,4e-4,NA,NA,NA,NA,NA,NA,0.4151,7e-4,404,0.6911,0.7857,0,0.1834,0,Bayes-M10-med
Ngidinga,Kongo-Central,2,FALSE,4e-4,3e-4,5e-4,4e-4,408,407,409,4e-4,0.0182,408,5e-4,NA,NA,NA,NA,NA,NA,0.4488,8e-4,395,0.6544,0.7432,0,0.3977,0,Bayes-M10-med
Kisanji,Kwango,2,FALSE,4e-4,3e-4,5e-4,4e-4,412,410,414,4e-4,0.0179,412,5e-4,NA,NA,NA,NA,NA,NA,0.5574,9e-4,373,0.8417,0.6544,0,0.7336,0,Bayes-M10-med
Kasongo Lunda,Kwango,2,FALSE,4e-4,3e-4,5e-4,4e-4,404,404,406,4e-4,0.0188,404,5e-4,NA,NA,NA,NA,NA,NA,0.3441,6e-4,414,0.6274,0.5946,0,0.1544,0,Bayes-M10-med
Wamba Lwadi,Kwango,2,FALSE,4e-4,3e-4,5e-4,4e-4,400,399,400,4e-4,0.0204,400,5e-4,NA,NA,NA,NA,NA,NA,0.5492,0.0011,358,0.6467,0.8185,0,0.7317,0,Bayes-M10-med
Moanza,Kwilu,2,FALSE,4e-4,3e-4,5e-4,4e-4,402,402,402,4e-4,0.0196,402,5e-4,NA,NA,NA,NA,NA,NA,0.52,0.001,372,0.5985,0.529,0,0.9527,0,Bayes-M10-med
Oshwe,Mai-Ndombe,2,FALSE,4e-4,3e-4,6e-4,4e-4,398,398,399,4e-4,0.0211,398,5e-4,NA,NA,NA,NA,NA,NA,0.4855,0.001,371,0.8764,0.3301,0,0.7355,0,Bayes-M10-med
Kwamouth,Mai-Ndombe,2,FALSE,4e-4,3e-4,5e-4,4e-4,411,409,411,4e-4,0.018,411,5e-4,NA,NA,NA,NA,NA,NA,0.43,7e-4,397,0.8707,0.417,0,0.4324,0,Bayes-M10-med
Mushie,Mai-Ndombe,2,FALSE,4e-4,3e-4,5e-4,4e-4,414,413,414,4e-4,0.0177,414,5e-4,NA,NA,NA,NA,NA,NA,0.4291,7e-4,399,0.7394,0.3649,0,0.612,0,Bayes-M10-med
Nioki,Mai-Ndombe,2,FALSE,4e-4,3e-4,6e-4,4e-4,396,395,396,4e-4,0.0213,395,5e-4,NA,NA,NA,NA,NA,NA,0.389,8e-4,391,0.61,0.3958,0,0.5502,0,Bayes-M10-med
Tshudi Loto,Sankuru,2,FALSE,4e-4,3e-4,6e-4,4e-4,394,394,394,4e-4,0.0217,394,6e-4,NA,NA,NA,NA,NA,NA,0.4237,9e-4,381,0.7683,0.0039,0,0.9228,0,Bayes-M10-med
Mbaya,Sud-Ubangi,2,FALSE,4e-4,3e-4,5e-4,4e-4,409,408,412,4e-4,0.0181,409,5e-4,NA,NA,NA,NA,NA,NA,0.3142,5e-4,419,0.3514,0.2239,0,0.6815,0,Bayes-M10-med
Zongo,Sud-Ubangi,2,FALSE,4e-4,3e-4,5e-4,4e-4,407,405,411,4e-4,0.0184,407,5e-4,NA,NA,NA,NA,NA,NA,0.2418,4e-4,429,0.278,0.4131,0,0.2761,0,Bayes-M10-med
Wema,Tshuapa,2,FALSE,4e-4,3e-4,6e-4,4e-4,392,389,392,4e-4,0.0221,392,6e-4,NA,NA,NA,NA,NA,NA,0.4469,9e-4,374,0.8494,0.1332,0,0.805,0,Bayes-M10-med
Lukolela,Equateur,2,FALSE,3e-4,2e-4,4e-4,3e-4,423,422,423,3e-4,0.0154,422,4e-4,NA,NA,NA,NA,NA,NA,0.5787,8e-4,385,0.944,0.9151,0,0.4556,0,Bayes-M10-med
Monieka,Equateur,2,FALSE,3e-4,2e-4,4e-4,3e-4,418,417,418,3e-4,0.016,418,4e-4,NA,NA,NA,NA,NA,NA,0.596,9e-4,375,0.9768,0.7336,0,0.6737,0,Bayes-M10-med
Kashobwe,Haut-Katanga,2,FALSE,3e-4,2e-4,3e-4,3e-4,436,434,436,3e-4,0.0127,436,3e-4,NA,NA,NA,NA,NA,NA,0.3243,4e-4,435,0.805,0.3012,0,0.1911,0,Bayes-M10-med
Katuba,Haut-Katanga,2,FALSE,3e-4,2e-4,4e-4,3e-4,430,429,430,3e-4,0.0136,430,3e-4,NA,NA,NA,NA,NA,NA,0.0463,1e-4,459,0.0502,0.0309,0,0.1042,0,Bayes-M10-med
Baka,Haut-Lomami,2,FALSE,3e-4,2e-4,3e-4,3e-4,434,434,435,3e-4,0.0128,434,3e-4,NA,NA,NA,NA,NA,NA,0.4319,5e-4,420,0.4344,0.8919,0,0.4015,0,Bayes-M10-med
Kinda,Haut-Lomami,2,FALSE,3e-4,2e-4,4e-4,3e-4,426,426,426,3e-4,0.015,426,4e-4,NA,NA,NA,NA,NA,NA,0.5077,7e-4,398,0.9884,0.4266,0,0.6158,0,Bayes-M10-med
Kizu,Kongo-Central,2,FALSE,3e-4,2e-4,3e-4,3e-4,435,435,436,3e-4,0.0127,435,3e-4,NA,NA,NA,NA,NA,NA,0.3113,4e-4,438,0.2973,0.8707,0,0.0772,0,Bayes-M10-med
Inga,Kongo-Central,2,FALSE,3e-4,3e-4,4e-4,3e-4,416,416,416,3e-4,0.0172,416,4e-4,NA,NA,NA,NA,NA,NA,0.3847,6e-4,413,0.5212,0.8243,0,0.1931,0,Bayes-M10-med
Luozi,Kongo-Central,2,FALSE,3e-4,2e-4,4e-4,3e-4,417,417,418,3e-4,0.0162,417,4e-4,NA,NA,NA,NA,NA,NA,0.5241,8e-4,389,0.7355,0.8861,0,0.4749,0,Bayes-M10-med
Nzanza,Kongo-Central,2,FALSE,3e-4,2e-4,4e-4,3e-4,428,428,428,3e-4,0.0139,428,4e-4,NA,NA,NA,NA,NA,NA,0.2172,3e-4,448,0.0888,0.6892,0,0.0907,0,Bayes-M10-med
Kimpangu,Kongo-Central,2,FALSE,3e-4,2e-4,3e-4,3e-4,432,431,432,3e-4,0.0131,432,3e-4,NA,NA,NA,NA,NA,NA,0.4488,6e-4,417,0.7085,0.9344,0,0.1525,0,Bayes-M10-med
Kimvula,Kongo-Central,2,FALSE,3e-4,2e-4,4e-4,3e-4,427,427,427,3e-4,0.0147,427,4e-4,NA,NA,NA,NA,NA,NA,0.569,8e-4,390,0.8629,0.8784,0,0.5347,0,Bayes-M10-med
Kajiji,Kwango,2,FALSE,3e-4,2e-4,3e-4,3e-4,433,433,433,3e-4,0.0129,433,3e-4,NA,NA,NA,NA,NA,NA,0.3533,4e-4,427,0.7934,0.1544,0,0.4653,0,Bayes-M10-med
Mwela Lembwa,Kwango,2,FALSE,3e-4,2e-4,4e-4,3e-4,429,429,430,3e-4,0.0137,429,4e-4,NA,NA,NA,NA,NA,NA,0.4397,6e-4,415,0.6506,0.3224,0,0.7857,0,Bayes-M10-med
Banzow Moke,Mai-Ndombe,2,FALSE,3e-4,2e-4,4e-4,3e-4,421,420,421,3e-4,0.0157,421,4e-4,NA,NA,NA,NA,NA,NA,0.5236,8e-4,394,0.6892,0.5212,0,0.8842,0,Bayes-M10-med
Kiri,Mai-Ndombe,2,FALSE,3e-4,2e-4,4e-4,3e-4,424,422,424,3e-4,0.0154,424,4e-4,NA,NA,NA,NA,NA,NA,0.5685,8e-4,387,0.8745,0.4768,0,0.9228,0,Bayes-M10-med
Ntandembelo,Mai-Ndombe,2,FALSE,3e-4,2e-4,4e-4,3e-4,425,425,425,3e-4,0.0151,425,4e-4,NA,NA,NA,NA,NA,NA,0.4595,7e-4,406,0.6023,0.4633,0,0.7722,0,Bayes-M10-med
Pendjwa,Mai-Ndombe,2,FALSE,3e-4,2e-4,3e-4,3e-4,431,431,432,3e-4,0.0132,431,3e-4,NA,NA,NA,NA,NA,NA,0.4319,5e-4,418,0.7008,0.2124,0,0.8147,0,Bayes-M10-med
Yumbi,Mai-Ndombe,2,FALSE,3e-4,2e-4,4e-4,3e-4,423,422,424,3e-4,0.0154,423,4e-4,NA,NA,NA,NA,NA,NA,0.2741,4e-4,434,0.4131,0.4015,0,0.2819,0,Bayes-M10-med
Bolobo,Mai-Ndombe,2,FALSE,3e-4,2e-4,4e-4,3e-4,419,419,419,3e-4,0.0158,419,4e-4,NA,NA,NA,NA,NA,NA,0.3388,5e-4,421,0.6313,0.4981,0,0.2259,0,Bayes-M10-med
Bosobe,Mai-Ndombe,2,FALSE,3e-4,2e-4,4e-4,3e-4,420,420,421,3e-4,0.0157,420,4e-4,NA,NA,NA,NA,NA,NA,0.4406,7e-4,407,0.4942,0.4093,0,0.8591,0,Bayes-M10-med
Bolenge,Equateur,2,FALSE,2e-4,1e-4,2e-4,2e-4,452,452,452,2e-4,0.008,452,2e-4,NA,NA,NA,NA,NA,NA,0.5391,4e-4,432,0.7954,0.8514,0,0.5097,0,Bayes-M10-med
Bomongo,Equateur,2,FALSE,2e-4,2e-4,3e-4,2e-4,444,442,444,2e-4,0.0113,444,3e-4,NA,NA,NA,NA,NA,NA,0.5907,6e-4,410,0.9788,0.8475,0,0.5367,0,Bayes-M10-med
Kilela Balanda,Haut-Katanga,2,FALSE,2e-4,2e-4,3e-4,2e-4,447,446,447,2e-4,0.0107,447,3e-4,NA,NA,NA,NA,NA,NA,0.3132,3e-4,444,0.9228,0.0927,0,0.2375,0,Bayes-M10-med
Vangu,Haut-Katanga,2,FALSE,2e-4,1e-4,2e-4,2e-4,450,450,450,2e-4,0.0085,450,2e-4,NA,NA,NA,NA,NA,NA,0.1081,1e-4,458,0.1158,0.1699,0,0.1467,0,Bayes-M10-med
Bobozo,Kasaï-Central,2,FALSE,2e-4,2e-4,3e-4,2e-4,442,441,444,2e-4,0.0116,442,3e-4,NA,NA,NA,NA,NA,NA,0.2336,3e-4,450,0.1602,0.2857,0,0.4884,0,Bayes-M10-med
Boma Bungu,Kongo-Central,2,FALSE,2e-4,2e-4,3e-4,2e-4,446,446,447,2e-4,0.0108,446,3e-4,NA,NA,NA,NA,NA,NA,0.3209,3e-4,443,0.5811,0.5676,0,0.1351,0,Bayes-M10-med
Kinkonzi,Kongo-Central,2,FALSE,2e-4,2e-4,3e-4,2e-4,445,445,445,2e-4,0.0109,445,3e-4,NA,NA,NA,NA,NA,NA,0.4252,4e-4,425,0.6236,0.8958,0,0.1815,0,Bayes-M10-med
Kuimba,Kongo-Central,2,FALSE,2e-4,2e-4,3e-4,2e-4,441,441,442,2e-4,0.0116,441,3e-4,NA,NA,NA,NA,NA,NA,0.3069,3e-4,441,0.3784,0.8456,0,0.0039,0,Bayes-M10-med
Tshela,Kongo-Central,2,FALSE,2e-4,2e-4,3e-4,2e-4,438,438,439,2e-4,0.0121,438,3e-4,NA,NA,NA,NA,NA,NA,0.3282,4e-4,437,0.417,0.888,0,0.0077,0,Bayes-M10-med
Vaku,Kongo-Central,2,FALSE,2e-4,1e-4,2e-4,2e-4,451,451,451,2e-4,0.0083,451,2e-4,NA,NA,NA,NA,NA,NA,0.4194,3e-4,442,0.5676,0.9421,0,0.168,0,Bayes-M10-med
Mangembo,Kongo-Central,2,FALSE,2e-4,2e-4,3e-4,2e-4,439,438,439,2e-4,0.0121,439,3e-4,NA,NA,NA,NA,NA,NA,0.3726,4e-4,428,0.5598,0.6641,0,0.2664,0,Bayes-M10-med
Nselo,Kongo-Central,2,FALSE,2e-4,2e-4,3e-4,2e-4,443,442,443,2e-4,0.0115,443,3e-4,NA,NA,NA,NA,NA,NA,0.374,4e-4,433,0.6564,0.5347,0,0.305,0,Bayes-M10-med
Sona Bata,Kongo-Central,2,FALSE,2e-4,1e-4,2e-4,2e-4,449,448,449,2e-4,0.0096,449,2e-4,NA,NA,NA,NA,NA,NA,0.43,4e-4,436,0.7259,0.7896,0,0.2046,0,Bayes-M10-med
Tembo,Kwango,2,FALSE,2e-4,1e-4,3e-4,2e-4,448,448,449,2e-4,0.0096,448,2e-4,NA,NA,NA,NA,NA,NA,0.3205,3e-4,446,0.7876,0.3977,0,0.0965,0,Bayes-M10-med
Kitenda,Kwango,2,FALSE,2e-4,2e-4,3e-4,2e-4,440,440,440,2e-4,0.0118,440,3e-4,NA,NA,NA,NA,NA,NA,0.376,4e-4,430,0.6641,0.4247,0,0.4151,0,Bayes-M10-med
Bunkeya,Lualaba,2,FALSE,2e-4,2e-4,3e-4,2e-4,437,437,437,2e-4,0.0122,437,3e-4,NA,NA,NA,NA,NA,NA,0.4218,5e-4,422,0.8243,0.5019,0,0.361,0,Bayes-M10-med
Irebu,Equateur,2,FALSE,1e-4,0,1e-4,1e-4,461,461,461,1e-4,0.0026,461,1e-4,NA,NA,NA,NA,NA,NA,0.5473,1e-4,455,0.9305,0.6776,0,0.5811,0,Bayes-M10-med
Lilanga Bobangi,Equateur,2,FALSE,1e-4,1e-4,1e-4,1e-4,459,459,460,1e-4,0.0033,459,1e-4,NA,NA,NA,NA,NA,NA,0.4117,1e-4,456,0.9382,0.2664,0,0.4421,0,Bayes-M10-med
Mampoko,Equateur,2,FALSE,1e-4,1e-4,1e-4,1e-4,455,455,455,1e-4,0.0054,455,1e-4,NA,NA,NA,NA,NA,NA,0.5135,3e-4,449,0.8919,0.5058,0,0.6564,0,Bayes-M10-med
Ntondo,Equateur,2,FALSE,1e-4,1e-4,1e-4,1e-4,456,456,456,1e-4,0.0053,456,1e-4,NA,NA,NA,NA,NA,NA,0.6125,3e-4,445,0.8996,0.7259,0,0.8243,0,Bayes-M10-med
Kamalondo,Haut-Katanga,2,FALSE,1e-4,1e-4,1e-4,1e-4,460,459,460,1e-4,0.0032,460,1e-4,NA,NA,NA,NA,NA,NA,0.0352,0,462,0.029,0.0019,0,0.11,0,Bayes-M10-med
Kowe,Haut-Katanga,2,FALSE,1e-4,1e-4,1e-4,1e-4,458,458,458,1e-4,0.0034,458,1e-4,NA,NA,NA,NA,NA,NA,0.07,0,461,0.0714,0.0811,0,0.1274,0,Bayes-M10-med
Kibunzi,Kongo-Central,2,FALSE,1e-4,1e-4,2e-4,1e-4,453,453,453,1e-4,0.0063,453,2e-4,NA,NA,NA,NA,NA,NA,0.4175,2e-4,451,0.7046,0.5251,0,0.4402,0,Bayes-M10-med
Mutshatsha,Lualaba,2,FALSE,1e-4,1e-4,2e-4,1e-4,454,454,454,1e-4,0.0061,454,2e-4,NA,NA,NA,NA,NA,NA,0.3808,2e-4,453,0.971,0.1023,0,0.4498,0,Bayes-M10-med
Mimia,Mai-Ndombe,2,FALSE,1e-4,1e-4,1e-4,1e-4,457,457,457,1e-4,0.0044,457,1e-4,NA,NA,NA,NA,NA,NA,0.4841,2e-4,454,0.9614,0.0521,0,0.9228,0,Bayes-M10-med
Kitona,Kongo-Central,2,FALSE,0,0,0,0,462,462,462,0,0.0019,462,0,NA,NA,NA,NA,NA,NA,0.293,1e-4,460,0.5907,0.5792,0,0.0019,0,Bayes-M10-med
Bokoro,Mai-Ndombe,2,FALSE,0,0,0,0,463.5,463.5,463.5,0,0,463,0,NA,NA,NA,NA,NA,NA,0.471,0,463,0.6873,0.5097,0,0.6873,0,Bayes-M10-med
Idjwi,Sud-Kivu,2,FALSE,0,0,0,0,463.5,463.5,463.5,0,0,463,0,NA,NA,NA,NA,NA,NA,0.3007,0,464,0.2992,0.8224,0,0.0811,0,Bayes-M10-med
Buta,Bas-Uele,2,TRUE,NA,NA,NA,NA,NA,NA,NA,NA,NA,NA,NA,NA,NA,NA,NA,NA,NA,0.7225,NA,NA,0.9749,0.9923,0,0.9228,0,Bayes-M10-med
Boma Mangbetu,Haut-Uele,2,TRUE,NA,NA,NA,NA,NA,NA,NA,NA,NA,NA,NA,NA,NA,NA,NA,NA,NA,0.4122,NA,NA,0.2857,0.5039,0,0.8591,0,Bayes-M10-med
Gombari,Haut-Uele,2,TRUE,NA,NA,NA,NA,NA,NA,NA,NA,NA,NA,NA,NA,NA,NA,NA,NA,NA,0.5772,NA,NA,0.9633,0.8012,0,0.5444,0,Bayes-M10-med
Isiro,Haut-Uele,2,TRUE,NA,NA,NA,NA,NA,NA,NA,NA,NA,NA,NA,NA,NA,NA,NA,NA,NA,0.5253,NA,NA,0.39,0.7587,0,0.9527,0,Bayes-M10-med
Pawa,Haut-Uele,2,TRUE,NA,NA,NA,NA,NA,NA,NA,NA,NA,NA,NA,NA,NA,NA,NA,NA,NA,0.4315,NA,NA,0.2934,0.5734,0,0.8591,0,Bayes-M10-med
Rungu,Haut-Uele,2,TRUE,NA,NA,NA,NA,NA,NA,NA,NA,NA,NA,NA,NA,NA,NA,NA,NA,NA,0.6474,NA,NA,0.8224,0.8031,0,0.9643,0,Bayes-M10-med
Wamba,Haut-Uele,2,TRUE,NA,NA,NA,NA,NA,NA,NA,NA,NA,NA,NA,NA,NA,NA,NA,NA,NA,0.4817,NA,NA,0.6737,0.4363,0,0.8166,0,Bayes-M10-med
Adja,Ituri,2,TRUE,NA,NA,NA,NA,NA,NA,NA,NA,NA,NA,NA,NA,NA,NA,NA,NA,NA,0.2645,NA,NA,0.249,0.4286,0,0.3803,0,Bayes-M10-med
Ariwara,Ituri,2,TRUE,NA,NA,NA,NA,NA,NA,NA,NA,NA,NA,NA,NA,NA,NA,NA,NA,NA,0.2862,NA,NA,0.1988,0.6988,0,0.2471,0,Bayes-M10-med
Aru,Ituri,2,TRUE,NA,NA,NA,NA,NA,NA,NA,NA,NA,NA,NA,NA,NA,NA,NA,NA,NA,0.3528,NA,NA,0.3012,0.8417,0,0.2683,0,Bayes-M10-med
Aungba,Ituri,2,TRUE,NA,NA,NA,NA,NA,NA,NA,NA,NA,NA,NA,NA,NA,NA,NA,NA,NA,0.3354,NA,NA,0.3108,0.6564,0,0.3745,0,Bayes-M10-med
Kambala,Ituri,2,TRUE,NA,NA,NA,NA,NA,NA,NA,NA,NA,NA,NA,NA,NA,NA,NA,NA,NA,0.347,NA,NA,0.3668,0.612,0,0.4093,0,Bayes-M10-med
Logo,Ituri,2,TRUE,NA,NA,NA,NA,NA,NA,NA,NA,NA,NA,NA,NA,NA,NA,NA,NA,NA,0.2384,NA,NA,0.1757,0.5927,0,0.1853,0,Bayes-M10-med
Mahagi,Ituri,2,TRUE,NA,NA,NA,NA,NA,NA,NA,NA,NA,NA,NA,NA,NA,NA,NA,NA,NA,0.2292,NA,NA,0.1718,0.6004,0,0.1448,0,Bayes-M10-med
Rimba,Ituri,2,TRUE,NA,NA,NA,NA,NA,NA,NA,NA,NA,NA,NA,NA,NA,NA,NA,NA,NA,0.306,NA,NA,0.2008,0.7124,0,0.3108,0,Bayes-M10-med
Bambu,Ituri,2,TRUE,NA,NA,NA,NA,NA,NA,NA,NA,NA,NA,NA,NA,NA,NA,NA,NA,NA,0.2399,NA,NA,0.2046,0.4691,0,0.2857,0,Bayes-M10-med
Boga,Ituri,2,TRUE,NA,NA,NA,NA,NA,NA,NA,NA,NA,NA,NA,NA,NA,NA,NA,NA,NA,0.264,NA,NA,0.3861,0.36870000000000003,0,0.3012,0,Bayes-M10-med
Bunia,Ituri,2,TRUE,NA,NA,NA,NA,NA,NA,NA,NA,NA,NA,NA,NA,NA,NA,NA,NA,NA,0.2326,NA,NA,0.1178,0.5637,0,0.249,0,Bayes-M10-med
Damas,Ituri,2,TRUE,NA,NA,NA,NA,NA,NA,NA,NA,NA,NA,NA,NA,NA,NA,NA,NA,NA,0.3224,NA,NA,0.4479,0.3282,0,0.5135,0,Bayes-M10-med
Drodro,Ituri,2,TRUE,NA,NA,NA,NA,NA,NA,NA,NA,NA,NA,NA,NA,NA,NA,NA,NA,NA,0.2674,NA,NA,0.2066,0.5907,0,0.2722,0,Bayes-M10-med
Fataki,Ituri,2,TRUE,NA,NA,NA,NA,NA,NA,NA,NA,NA,NA,NA,NA,NA,NA,NA,NA,NA,0.3185,NA,NA,0.2259,0.7201,0,0.3282,0,Bayes-M10-med
Gety,Ituri,2,TRUE,NA,NA,NA,NA,NA,NA,NA,NA,NA,NA,NA,NA,NA,NA,NA,NA,NA,0.2592,NA,NA,0.3359,0.2973,0,0.4035,0,Bayes-M10-med
Kilo,Ituri,2,TRUE,NA,NA,NA,NA,NA,NA,NA,NA,NA,NA,NA,NA,NA,NA,NA,NA,NA,0.1448,NA,NA,0.2201,0.0502,0,0.3089,0,Bayes-M10-med
Komanda,Ituri,2,TRUE,NA,NA,NA,NA,NA,NA,NA,NA,NA,NA,NA,NA,NA,NA,NA,NA,NA,0.2341,NA,NA,0.3089,0.1197,0,0.5077,0,Bayes-M10-med
Lita,Ituri,2,TRUE,NA,NA,NA,NA,NA,NA,NA,NA,NA,NA,NA,NA,NA,NA,NA,NA,NA,0.306,NA,NA,0.2761,0.7046,0,0.2432,0,Bayes-M10-med
Lolwa,Ituri,2,TRUE,NA,NA,NA,NA,NA,NA,NA,NA,NA,NA,NA,NA,NA,NA,NA,NA,NA,0.3205,NA,NA,0.6429,0,0,0.639,0,Bayes-M10-med
Mambasa,Ituri,2,TRUE,NA,NA,NA,NA,NA,NA,NA,NA,NA,NA,NA,NA,NA,NA,NA,NA,NA,0.4324,NA,NA,0.8842,0.2625,0,0.583,0,Bayes-M10-med
Mandima,Ituri,2,TRUE,NA,NA,NA,NA,NA,NA,NA,NA,NA,NA,NA,NA,NA,NA,NA,NA,NA,0.2659,NA,NA,0.4846,0.2896,0,0.2896,0,Bayes-M10-med
Mangala,Ituri,2,TRUE,NA,NA,NA,NA,NA,NA,NA,NA,NA,NA,NA,NA,NA,NA,NA,NA,NA,0.3021,NA,NA,0.305,0.6158,0,0.2876,0,Bayes-M10-med
Mongbwalu,Ituri,2,TRUE,NA,NA,NA,NA,NA,NA,NA,NA,NA,NA,NA,NA,NA,NA,NA,NA,NA,0.2616,NA,NA,0.4112,0.1834,0,0.4517,0,Bayes-M10-med
Nia Nia,Ituri,2,TRUE,NA,NA,NA,NA,NA,NA,NA,NA,NA,NA,NA,NA,NA,NA,NA,NA,NA,0.2978,NA,NA,0.666,0.0212,0,0.5039,0,Bayes-M10-med
Nizi,Ituri,2,TRUE,NA,NA,NA,NA,NA,NA,NA,NA,NA,NA,NA,NA,NA,NA,NA,NA,NA,0.1771,NA,NA,0.1544,0.3378,0,0.2162,0,Bayes-M10-med
Nyankunde,Ituri,2,TRUE,NA,NA,NA,NA,NA,NA,NA,NA,NA,NA,NA,NA,NA,NA,NA,NA,NA,0.2514,NA,NA,0.2838,0.2432,0,0.4788,0,Bayes-M10-med
Rwampara,Ituri,2,TRUE,NA,NA,NA,NA,NA,NA,NA,NA,NA,NA,NA,NA,NA,NA,NA,NA,NA,0.319,NA,NA,0.2375,0.7452,0,0.2934,0,Bayes-M10-med
Tchomia,Ituri,2,TRUE,NA,NA,NA,NA,NA,NA,NA,NA,NA,NA,NA,NA,NA,NA,NA,NA,NA,0.1998,NA,NA,0.2104,0.3745,0,0.2143,0,Bayes-M10-med
Beni,Nord-Kivu,2,TRUE,NA,NA,NA,NA,NA,NA,NA,NA,NA,NA,NA,NA,NA,NA,NA,NA,NA,0.1559,NA,NA,0.1525,0.2297,0,0.2413,0,Bayes-M10-med
Butembo,Nord-Kivu,2,TRUE,NA,NA,NA,NA,NA,NA,NA,NA,NA,NA,NA,NA,NA,NA,NA,NA,NA,0.1829,NA,NA,0.1139,0.388,0,0.2297,0,Bayes-M10-med
Kalunguta,Nord-Kivu,2,TRUE,NA,NA,NA,NA,NA,NA,NA,NA,NA,NA,NA,NA,NA,NA,NA,NA,NA,0.1559,NA,NA,0.195,0.2066,0,0.222,0,Bayes-M10-med
Katwa,Nord-Kivu,2,TRUE,NA,NA,NA,NA,NA,NA,NA,NA,NA,NA,NA,NA,NA,NA,NA,NA,NA,0.1998,NA,NA,0.0869,0.4846,0,0.2278,0,Bayes-M10-med
Kyondo,Nord-Kivu,2,TRUE,NA,NA,NA,NA,NA,NA,NA,NA,NA,NA,NA,NA,NA,NA,NA,NA,NA,0.3238,NA,NA,0.2954,0.7973,0,0.2027,0,Bayes-M10-med
Lubero,Nord-Kivu,2,TRUE,NA,NA,NA,NA,NA,NA,NA,NA,NA,NA,NA,NA,NA,NA,NA,NA,NA,0.4585,NA,NA,0.5734,0.9382,0,0.3224,0,Bayes-M10-med
Mabalako,Nord-Kivu,2,TRUE,NA,NA,NA,NA,NA,NA,NA,NA,NA,NA,NA,NA,NA,NA,NA,NA,NA,0.1573,NA,NA,0.1931,0.2046,0,0.2317,0,Bayes-M10-med
Masereka,Nord-Kivu,2,TRUE,NA,NA,NA,NA,NA,NA,NA,NA,NA,NA,NA,NA,NA,NA,NA,NA,NA,0.36870000000000003,NA,NA,0.2548,0.9807,0,0.2394,0,Bayes-M10-med
Musienene,Nord-Kivu,2,TRUE,NA,NA,NA,NA,NA,NA,NA,NA,NA,NA,NA,NA,NA,NA,NA,NA,NA,0.319,NA,NA,0.2645,0.7317,0,0.2799,0,Bayes-M10-med
Oicha,Nord-Kivu,2,TRUE,NA,NA,NA,NA,NA,NA,NA,NA,NA,NA,NA,NA,NA,NA,NA,NA,NA,0.3364,NA,NA,0.3243,0.7606,0,0.2606,0,Bayes-M10-med
Vuhovi,Nord-Kivu,2,TRUE,NA,NA,NA,NA,NA,NA,NA,NA,NA,NA,NA,NA,NA,NA,NA,NA,NA,0.2611,NA,NA,0.2027,0.6178,0,0.2239,0,Bayes-M10-med
Goma,Nord-Kivu,2,TRUE,NA,NA,NA,NA,NA,NA,NA,NA,NA,NA,NA,NA,NA,NA,NA,NA,NA,0.2669,NA,NA,0.1274,0.8977,0,0.0425,0,Bayes-M10-med
Miti Murhesa,Sud-Kivu,2,TRUE,NA,NA,NA,NA,NA,NA,NA,NA,NA,NA,NA,NA,NA,NA,NA,NA,NA,0.3277,NA,NA,0.2355,0.9131,0,0.1622,0,Bayes-M10-med
Bafwasende,Tshopo,2,TRUE,NA,NA,NA,NA,NA,NA,NA,NA,NA,NA,NA,NA,NA,NA,NA,NA,NA,0.4546,NA,NA,0.9073,0.2413,0,0.6699,0,Bayes-M10-med
Kabondo,Tshopo,2,TRUE,NA,NA,NA,NA,NA,NA,NA,NA,NA,NA,NA,NA,NA,NA,NA,NA,NA,0.18,NA,NA,0.1911,0.2722,0,0.2568,0,Bayes-M10-med
Lubunga (Tshopo),Tshopo,2,TRUE,NA,NA,NA,NA,NA,NA,NA,NA,NA,NA,NA,NA,NA,NA,NA,NA,NA,0.2288,NA,NA,0.2452,0.3436,0,0.3263,0,Bayes-M10-med
Makiso Kisangani,Tshopo,2,TRUE,NA,NA,NA,NA,NA,NA,NA,NA,NA,NA,NA,NA,NA,NA,NA,NA,NA,0.2355,NA,NA,0.1332,0.5309,0,0.278,0,Bayes-M10-med
Mangobo,Tshopo,2,TRUE,NA,NA,NA,NA,NA,NA,NA,NA,NA,NA,NA,NA,NA,NA,NA,NA,NA,0.2061,NA,NA,0.0792,0.4382,0,0.3069,0,Bayes-M10-med
Tshopo,Tshopo,2,TRUE,NA,NA,NA,NA,NA,NA,NA,NA,NA,NA,NA,NA,NA,NA,NA,NA,NA,0.2466,NA,NA,0.361,0.334,0,0.2915,0,Bayes-M10-med
Wanierukula,Tshopo,2,TRUE,NA,NA,NA,NA,NA,NA,NA,NA,NA,NA,NA,NA,NA,NA,NA,NA,NA,0.473,NA,NA,0.8436,0.5521,0,0.4961,0,Bayes-M10-med
