health_zone,province,horizon,was_active_before,p_case_invasion,p_case_lo,p_case_hi,p_median,rank_med,rank_lo,rank_hi,mu_forecast,rr_nat,rr_nat_rank,rr01_nat,rr_ituri,rr_ituri_rank,rr_nordkivu,rr_nordkivu_rank,rr_hautuele,rr_hautuele_rank,V,priority,priority_rank,surveillance_gap,healthcare_gap,access_gap,social_vulnerability,healthcare_travel_min,method
Rethy,Ituri,1,FALSE,0.4306,0.3536,0.5108,0.4305,1,1,1,0.5667,58.6323,1,1,3.7341,1,NA,NA,NA,NA,0.2703,0.7397,2,0.2143,0.6081,0,0.2587,0,Bayes-M17-med
Watsa,Haut-Uele,1,FALSE,0.3279,0.2646,0.3975,0.3274,2,2,2,0.3992,41.304,2,0.7616,NA,NA,NA,NA,3.6605,1,0.4797,1,1,0.7297,0.8436,0,0.3456,0,Bayes-M17-med
Nyarambe,Ituri,1,FALSE,0.1741,0.1378,0.2139,0.1734,3,3,3,0.1917,19.8318,3,0.4044,1.263,2,NA,NA,NA,NA,0.1805,0.1998,8,0.1699,0.4595,0,0.0927,0,Bayes-M17-med
Biringi,Ituri,1,FALSE,0.1263,0.098,0.1587,0.1257,4,4,4,0.1352,13.9898,4,0.2933,0.891,3,NA,NA,NA,NA,0.3494,0.2805,5,0.3958,0.4865,0,0.5154,0,Bayes-M17-med
Dungu,Haut-Uele,1,FALSE,0.1095,0.0857,0.1369,0.1089,5,5,5,0.1161,12.0111,5,0.2543,NA,NA,NA,NA,1.0645,2,0.5275,0.3671,3,0.8726,0.5598,0,0.6776,0,Bayes-M17-med
Makoro,Haut-Uele,1,FALSE,0.1032,0.0806,0.1288,0.1027,6,6,6,0.1091,11.285,6,0.2397,NA,NA,NA,NA,1.0001,3,0.3822,0.2508,7,0.556,0.5483,0,0.4247,0,Bayes-M17-med
Karisimbi,Nord-Kivu,1,FALSE,0.0935,0.0731,0.1161,0.093,7,7,7,0.0982,10.1625,7,0.2171,NA,NA,2.3116,1,NA,NA,0.1597,0.0949,19,0.0907,0.5154,0,0.0328,0,Bayes-M17-med
Angumu,Ituri,1,FALSE,0.092,0.0718,0.1147,0.0916,8,8,8,0.0967,10.0012,8,0.2138,0.6369,4,NA,NA,NA,NA,0.11,0.0644,32,0.1641,0.1641,0,0.112,0,Bayes-M17-med
Rutshuru,Nord-Kivu,1,FALSE,0.0734,0.0576,0.0904,0.0731,9,9,13,0.0763,7.8947,9,0.1705,NA,NA,1.7958,2,NA,NA,0.3721,0.1737,10,0.4093,0.9942,0,0.0849,0,Bayes-M17-med
Niangara,Haut-Uele,1,FALSE,0.0716,0.0554,0.0907,0.0712,10,9,13,0.0744,7.6986,10,0.1664,NA,NA,NA,NA,0.6823,4,0.5512,0.251,6,0.8031,0.4324,0,0.9691,0,Bayes-M17-med
Linga,Ituri,1,FALSE,0.0706,0.0549,0.0887,0.0702,11,11,12,0.0733,7.5796,11,0.1639,0.4827,5,NA,NA,NA,NA,0.2148,0.0964,17,0.1969,0.3417,0,0.3205,0,Bayes-M17-med
Nyiragongo,Nord-Kivu,1,FALSE,0.07,0.0547,0.0868,0.0696,12,10,14,0.0726,7.5097,12,0.1625,NA,NA,1.7082,3,NA,NA,0.2891,0.1286,15,0.2432,0.8764,0,0.0367,0,Bayes-M17-med
Bafwagbogbo,Tshopo,1,FALSE,0.0687,0.0531,0.087,0.0683,13,11,15,0.0713,7.3715,13,0.1596,NA,NA,NA,NA,NA,NA,0.3948,0.1724,11,0.8591,0.027,0,0.6931,0,Bayes-M17-med
Kirotshe,Nord-Kivu,1,FALSE,0.0677,0.053,0.0841,0.0674,14,12,15,0.0702,7.2611,14,0.1573,NA,NA,1.6517,4,NA,NA,0.3842,0.1654,12,0.3764,0.9961,0,0.1641,0,Bayes-M17-med
Poko,Bas-Uele,1,FALSE,0.0651,0.0489,0.0841,0.0645,15,12,17,0.0674,6.9733,15,0.1512,NA,NA,NA,NA,NA,NA,0.7271,0.301,4,0.9923,0.9517,0,0.9643,0,Bayes-M17-med
Alimbongo,Nord-Kivu,1,FALSE,0.0646,0.0506,0.0798,0.0643,16,14,17,0.0668,6.909,16,0.1499,NA,NA,1.5716,5,NA,NA,0.4262,0.1749,9,0.5849,0.7471,0,0.3726,0,Bayes-M17-med
Jiba,Ituri,1,FALSE,0.064,0.0496,0.0807,0.0636,16,16,17,0.0662,6.852,17,0.1487,0.4364,6,NA,NA,NA,NA,0.1651,0.0672,30,0.1815,0.1274,0,0.3514,0,Bayes-M17-med
Kamango,Nord-Kivu,1,FALSE,0.0569,0.044,0.0715,0.0565,18,18,20,0.0586,6.0601,18,0.1321,NA,NA,1.3785,6,NA,NA,0.4373,0.158,13,0.6583,0.917,0,0.1737,0,Bayes-M17-med
Rwanguba,Nord-Kivu,1,FALSE,0.056,0.0438,0.0694,0.0558,19,18,19,0.0576,5.9639,19,0.13,NA,NA,1.3566,7,NA,NA,0.2442,0.0869,24,0.2085,0.7027,0,0.0656,0,Bayes-M17-med
Kibirizi,Nord-Kivu,1,FALSE,0.0523,0.0409,0.0645,0.052,20,18,21,0.0538,5.5623,20,0.1215,NA,NA,1.2652,8,NA,NA,0.4175,0.1388,14,0.5405,0.8552,0,0.2741,0,Bayes-M17-med
Adi,Ituri,1,FALSE,0.0455,0.035,0.0578,0.0452,21,20,21,0.0466,4.8168,21,0.1056,0.3068,7,NA,NA,NA,NA,0.3977,0.1149,16,0.2587,0.7104,0,0.6216,0,Bayes-M17-med
Minova,Sud-Kivu,1,FALSE,0.0378,0.0294,0.0472,0.0376,22,22,23,0.0385,3.9873,22,0.0878,NA,NA,NA,NA,NA,NA,0.3866,0.0929,21,0.4421,0.9826,0,0.1216,0,Bayes-M17-med
Laybo,Ituri,1,FALSE,0.0371,0.0285,0.0472,0.0369,23,22,24,0.0378,3.9121,23,0.0861,0.2491,8,NA,NA,NA,NA,0.3393,0.08,26,0.3069,0.556,0,0.4942,0,Bayes-M17-med
Ibanda,Sud-Kivu,1,FALSE,0.0353,0.0274,0.0443,0.0351,24,24,24,0.036,3.7211,24,0.082,NA,NA,NA,NA,NA,NA,0.2307,0.0518,39,0.083,0.6216,0,0.2181,0,Bayes-M17-med
Mweso,Nord-Kivu,1,FALSE,0.0347,0.027,0.0433,0.0345,25,24,25,0.0354,3.6585,25,0.0807,NA,NA,0.8322,9,NA,NA,0.4189,0.0925,22,0.4498,0.9614,0,0.2645,0,Bayes-M17-med
Faradje,Haut-Uele,1,FALSE,0.033,0.0255,0.0418,0.0328,26,26,27,0.0336,3.4761,26,0.0767,NA,NA,NA,NA,0.3081,5,0.4474,0.0939,20,0.7606,0.666,0,0.3629,0,Bayes-M17-med
Masisi,Nord-Kivu,1,FALSE,0.0321,0.0249,0.0401,0.0319,27,26,27,0.0326,3.3769,27,0.0746,NA,NA,0.7681,10,NA,NA,0.4402,0.0898,23,0.4324,0.9575,0,0.3707,0,Bayes-M17-med
Binza,Nord-Kivu,1,FALSE,0.0295,0.023,0.0367,0.0293,29,28,29,0.0299,3.0971,28,0.0685,NA,NA,0.7045,11,NA,NA,0.3518,0.0659,31,0.471,0.8378,0,0.0985,0,Bayes-M17-med
Banalia,Tshopo,1,FALSE,0.0295,0.0226,0.0375,0.0293,29,28,30,0.0299,3.0945,29,0.0684,NA,NA,NA,NA,NA,NA,0.4242,0.0794,27,0.7799,0.1178,0,0.7992,0,Bayes-M17-med
Bambo,Nord-Kivu,1,FALSE,0.0292,0.0228,0.0362,0.0291,30,28,30,0.0296,3.0666,30,0.0678,NA,NA,0.6975,12,NA,NA,0.3962,0.0735,28,0.5521,0.9073,0,0.1255,0,Bayes-M17-med
Nsele,Kinshasa,1,FALSE,0.0276,0.0213,0.0349,0.0274,31,31,31,0.028,2.8976,31,0.0641,NA,NA,NA,NA,NA,NA,0.1583,0.0278,56,0.139,0.3996,0,0.0946,0,Bayes-M17-med
Aba,Haut-Uele,1,FALSE,0.0264,0.0204,0.0335,0.0262,32,32,33,0.0268,2.7698,32,0.0613,NA,NA,NA,NA,0.2455,6,0.569,0.0955,18,0.6004,0.6853,0,0.9903,0,Bayes-M17-med
Kadutu,Sud-Kivu,1,FALSE,0.0263,0.0204,0.0331,0.0262,33,32,33,0.0267,2.7616,33,0.0612,NA,NA,NA,NA,NA,NA,0.1636,0.0274,58,0.0579,0.3861,0,0.2104,0,Bayes-M17-med
Gombe,Kinshasa,1,FALSE,0.0249,0.0192,0.0315,0.0247,34,34,36,0.0252,2.6059,34,0.0578,NA,NA,NA,NA,NA,NA,0.1622,0.0256,61,0.0695,0.5695,0,0.0097,0,Bayes-M17-med
Kabare,Sud-Kivu,1,FALSE,0.0248,0.0192,0.0311,0.0246,35,34,36,0.0251,2.5961,35,0.0575,NA,NA,NA,NA,NA,NA,0.3567,0.0562,38,0.2394,0.9884,0,0.1988,0,Bayes-M17-med
Katana,Sud-Kivu,1,FALSE,0.0247,0.0191,0.031,0.0245,36,35,36,0.025,2.5857,36,0.0573,NA,NA,NA,NA,NA,NA,0.3224,0.0506,40,0.2471,0.9112,0,0.1313,0,Bayes-M17-med
Uvira,Sud-Kivu,1,FALSE,0.023,0.0178,0.0289,0.0229,37,37,37,0.0233,2.4077,37,0.0534,NA,NA,NA,NA,NA,NA,0.5502,0.0804,25,0.2181,0.9846,0,0.9981,0,Bayes-M17-med
Katoyi,Nord-Kivu,1,FALSE,0.0214,0.0166,0.0268,0.0213,38,38,38,0.0217,2.2413,38,0.0498,NA,NA,0.5098,13,NA,NA,0.4542,0.0619,34,0.4614,0.9595,0,0.3958,0,Bayes-M17-med
Binza Ozone,Kinshasa,1,FALSE,0.0205,0.0158,0.0258,0.0203,39,39,39,0.0207,2.1392,39,0.0475,NA,NA,NA,NA,NA,NA,0.152,0.0198,69,0.0734,0.5232,0,0.0116,0,Bayes-M17-med
Limete,Kinshasa,1,FALSE,0.0197,0.0152,0.0249,0.0196,40,40,41,0.0199,2.0587,40,0.0458,NA,NA,NA,NA,NA,NA,0.056,0.007,148,0.0405,0.1371,0,0.0463,0,Bayes-M17-med
Walungu,Sud-Kivu,1,FALSE,0.0194,0.015,0.0244,0.0193,41,40,41,0.0196,2.0306,41,0.0451,NA,NA,NA,NA,NA,NA,0.3248,0.0401,42,0.1853,0.8803,0,0.2336,0,Bayes-M17-med
Walikale,Nord-Kivu,1,FALSE,0.0186,0.0142,0.0237,0.0184,42,42,43,0.0187,1.9378,42,0.0431,NA,NA,0.4408,14,NA,NA,0.5729,0.0676,29,0.9459,0.9286,0,0.417,0,Bayes-M17-med
Ruzizi,Sud-Kivu,1,FALSE,0.0178,0.0138,0.0224,0.0177,43,42,44,0.018,1.8612,43,0.0414,NA,NA,NA,NA,NA,NA,0.5627,0.0638,33,0.3494,0.9093,0,0.9923,0,Bayes-M17-med
Kokolo,Kinshasa,1,FALSE,0.0175,0.0135,0.0222,0.0174,44,43,44,0.0177,1.8311,44,0.0407,NA,NA,NA,NA,NA,NA,0.2172,0.0242,63,0.0772,0.7722,0,0.0193,0,Bayes-M17-med
Lingwala,Kinshasa,1,FALSE,0.017,0.0131,0.0216,0.0169,45,45,46,0.0172,1.7781,45,0.0396,NA,NA,NA,NA,NA,NA,0.0323,0.0035,259,0.0232,0.0907,0,0.0154,0,Bayes-M17-med
Fizi,Sud-Kivu,1,FALSE,0.0166,0.0128,0.0208,0.0165,46,46,47,0.0167,1.7284,46,0.0385,NA,NA,NA,NA,NA,NA,0.5637,0.0594,36,0.7432,0.9691,0,0.5425,0,Bayes-M17-med
Kinshasa,Kinshasa,1,FALSE,0.0163,0.0126,0.0206,0.0162,48,46,48,0.0164,1.6996,48,0.0378,NA,NA,NA,NA,NA,NA,0.0203,0.0021,350,0.0135,0.0463,0,0.0212,0,Bayes-M17-med
Birambizo,Nord-Kivu,1,FALSE,0.0163,0.0127,0.0204,0.0162,47,45,49,0.0165,1.7039,47,0.0379,NA,NA,0.3876,15,NA,NA,0.3625,0.0376,43,0.4035,0.89,0,0.1564,0,Bayes-M17-med
Pinga,Nord-Kivu,1,FALSE,0.0157,0.0121,0.02,0.0156,49,48,50,0.0159,1.6423,49,0.0366,NA,NA,0.3736,16,NA,NA,0.57,0.0571,37,0.9595,0.7548,0,0.5656,0,Bayes-M17-med
Kalehe,Sud-Kivu,1,FALSE,0.0155,0.012,0.0194,0.0154,50,49,52,0.0156,1.6136,50,0.0359,NA,NA,NA,NA,NA,NA,0.3369,0.0331,45,0.3417,0.8649,0,0.1409,0,Bayes-M17-med
Kalamu 1,Kinshasa,1,FALSE,0.0153,0.0118,0.0194,0.0152,51,50,53,0.0154,1.5952,51,0.0355,NA,NA,NA,NA,NA,NA,0.0309,0.003,295,0.0193,0.0734,0,0.0309,0,Bayes-M17-med
Kasa Vubu,Kinshasa,1,FALSE,0.0152,0.0117,0.0192,0.0151,52,51,54,0.0153,1.5843,52,0.0353,NA,NA,NA,NA,NA,NA,0.0444,0.0043,219,0.0309,0.1216,0,0.0251,0,Bayes-M17-med
Bagira,Sud-Kivu,1,FALSE,0.0149,0.0115,0.0187,0.0148,53,52,54,0.015,1.5513,53,0.0346,NA,NA,NA,NA,NA,NA,0.236,0.0223,66,0.1004,0.6371,0,0.2066,0,Bayes-M17-med
Bengamisa,Tshopo,1,FALSE,0.0147,0.0113,0.0186,0.0146,54,53,55,0.0148,1.5311,54,0.0341,NA,NA,NA,NA,NA,NA,0.3012,0.0281,54,0.612,0.2162,0,0.3764,0,Bayes-M17-med
Yakusu,Tshopo,1,FALSE,0.0146,0.0113,0.0182,0.0145,55,51,56,0.0147,1.5199,55,0.0339,NA,NA,NA,NA,NA,NA,0.319,0.0296,52,0.4208,0.2085,0,0.6467,0,Bayes-M17-med
Lemba,Kinshasa,1,FALSE,0.0144,0.0111,0.0182,0.0143,56,55,57,0.0145,1.4966,56,0.0334,NA,NA,NA,NA,NA,NA,0.1023,0.0093,118,0.0483,0.3069,0,0.0541,0,Bayes-M17-med
Bondo,Bas-Uele,1,FALSE,0.0139,0.0108,0.0174,0.0138,57,56,61,0.014,1.4475,57,0.0323,NA,NA,NA,NA,NA,NA,0.6737,0.0595,35,0.9961,0.9981,0,0.7008,0,Bayes-M17-med
Masina 1,Kinshasa,1,FALSE,0.0137,0.0105,0.0173,0.0136,58,57,60,0.0138,1.4264,58,0.0318,NA,NA,NA,NA,NA,NA,0.0193,0.0017,385,0.0077,0.0077,0,0.0618,0,Bayes-M17-med
Lemera,Sud-Kivu,1,FALSE,0.0136,0.0105,0.0171,0.0135,59,58,60,0.0137,1.4159,59,0.0316,NA,NA,NA,NA,NA,NA,0.5613,0.0485,41,0.3629,0.9015,0,0.9807,0,Bayes-M17-med
Kintambo,Kinshasa,1,FALSE,0.0135,0.0104,0.0171,0.0134,60,58,62,0.0136,1.4067,60,0.0314,NA,NA,NA,NA,NA,NA,0.0338,0.0029,300,0.0212,0.1004,0,0.0135,0,Bayes-M17-med
Nyantende,Sud-Kivu,1,FALSE,0.0135,0.0104,0.017,0.0134,61,59,61,0.0136,1.406,61,0.0313,NA,NA,NA,NA,NA,NA,0.3219,0.0276,57,0.1486,0.8938,0,0.2452,0,Bayes-M17-med
Mubumbano,Sud-Kivu,1,FALSE,0.0133,0.0103,0.0167,0.0132,62,61,62,0.0134,1.3816,62,0.0308,NA,NA,NA,NA,NA,NA,0.3658,0.0308,50,0.2683,0.9402,0,0.2548,0,Bayes-M17-med
Isangi,Tshopo,1,FALSE,0.013,0.01,0.0164,0.0129,63,63,63,0.0131,1.3551,63,0.0302,NA,NA,NA,NA,NA,NA,0.3837,0.0317,47,0.4054,0.4073,0,0.722,0,Bayes-M17-med
Nyemba,Tanganyika,1,FALSE,0.0119,0.0092,0.0151,0.0119,64,64,65,0.012,1.2437,64,0.0277,NA,NA,NA,NA,NA,NA,0.3456,0.0262,59,0.5965,0.4556,0,0.3301,0,Bayes-M17-med
Masina 2,Kinshasa,1,FALSE,0.0118,0.0091,0.0149,0.0117,65,64,66,0.0119,1.2263,65,0.0274,NA,NA,NA,NA,NA,NA,0.0265,0.002,364,0.0174,0.0193,0,0.0695,0,Bayes-M17-med
Mwana,Sud-Kivu,1,FALSE,0.0118,0.0091,0.0148,0.0117,66,65,68,0.0118,1.2244,66,0.0273,NA,NA,NA,NA,NA,NA,0.3731,0.0279,55,0.2896,0.9035,0,0.2992,0,Bayes-M17-med
Bandalungwa,Kinshasa,1,FALSE,0.0117,0.009,0.0148,0.0116,67,66,67,0.0118,1.2196,67,0.0272,NA,NA,NA,NA,NA,NA,0.0709,0.0053,195,0.0328,0.2336,0,0.0174,0,Bayes-M17-med
Binza Meteo,Kinshasa,1,FALSE,0.0117,0.009,0.0148,0.0116,68,67,68,0.0118,1.2164,68,0.0271,NA,NA,NA,NA,NA,NA,0.2558,0.019,71,0.0965,0.8996,0,0.027,0,Bayes-M17-med
Lubutu,Maniema,1,FALSE,0.0114,0.0088,0.0144,0.0113,69,69,71,0.0115,1.1863,69,0.0265,NA,NA,NA,NA,NA,NA,0.4706,0.0341,44,0.8205,0.2819,0,0.7799,0,Bayes-M17-med
Kaniola,Sud-Kivu,1,FALSE,0.0112,0.0087,0.0141,0.0112,70,69,70,0.0113,1.1702,70,0.0261,NA,NA,NA,NA,NA,NA,0.4513,0.0323,46,0.5328,0.9305,0,0.3417,0,Bayes-M17-med
Nyangezi,Sud-Kivu,1,FALSE,0.0112,0.0087,0.014,0.0111,71,70,71,0.0113,1.1643,71,0.026,NA,NA,NA,NA,NA,NA,0.36870000000000003,0.0262,60,0.222,0.8842,0,0.36870000000000003,0,Bayes-M17-med
Bunyakiri,Sud-Kivu,1,FALSE,0.0108,0.0083,0.0135,0.0107,72,72,72,0.0108,1.1187,72,0.025,NA,NA,NA,NA,NA,NA,0.4517,0.0309,49,0.6197,0.832,0,0.3552,0,Bayes-M17-med
Mont Ngafula 1,Kinshasa,1,FALSE,0.0105,0.0081,0.0133,0.0105,73,73,73,0.0106,1.0938,73,0.0244,NA,NA,NA,NA,NA,NA,0.2066,0.0138,92,0.1371,0.6313,0,0.0579,0,Bayes-M17-med
Kikimi,Kinshasa,1,FALSE,0.0102,0.0078,0.0129,0.0101,74,74,74,0.0103,1.0618,74,0.0237,NA,NA,NA,NA,NA,NA,0.0835,0.0054,188,0.056,0.1911,0,0.0869,0,Bayes-M17-med
Matete,Kinshasa,1,FALSE,0.0099,0.0076,0.0125,0.0098,75,75,75,0.0099,1.029,75,0.023,NA,NA,NA,NA,NA,NA,0.0492,0.0031,288,0.0251,0.1158,0,0.056,0,Bayes-M17-med
Barumbu,Kinshasa,1,FALSE,0.0098,0.0076,0.0124,0.0097,76,76,76,0.0099,1.0205,76,0.0228,NA,NA,NA,NA,NA,NA,0.014,9e-4,427,0.0097,0.0232,0,0.0232,0,Bayes-M17-med
Mont Ngafula 2,Kinshasa,1,FALSE,0.0095,0.0073,0.0121,0.0095,77,77,77,0.0096,0.9896,77,0.0221,NA,NA,NA,NA,NA,NA,0.0951,0.0058,178,0.0849,0.2568,0,0.0386,0,Bayes-M17-med
Selembao,Kinshasa,1,FALSE,0.0093,0.0072,0.0118,0.0092,78,78,78,0.0093,0.9656,78,0.0216,NA,NA,NA,NA,NA,NA,0.0676,0.004,233,0.0444,0.1815,0,0.0444,0,Bayes-M17-med
Kasongo,Maniema,1,FALSE,0.0089,0.0069,0.0112,0.0088,79,79,80,0.0089,0.9204,79,0.0206,NA,NA,NA,NA,NA,NA,0.5304,0.0299,51,0.4459,0.7529,0,0.9228,0,Bayes-M17-med
Kindu,Maniema,1,FALSE,0.0088,0.0068,0.0111,0.0088,80,79,80,0.0089,0.9183,80,0.0205,NA,NA,NA,NA,NA,NA,0.3181,0.0179,75,0.1351,0.2529,0,0.8842,0,Bayes-M17-med
Ndjili,Kinshasa,1,FALSE,0.0085,0.0065,0.0107,0.0084,81,81,82,0.0085,0.8781,81,0.0196,NA,NA,NA,NA,NA,NA,0.0487,0.0026,314,0.027,0.1042,0,0.0637,0,Bayes-M17-med
Kingabwa,Kinshasa,1,FALSE,0.0083,0.0064,0.0106,0.0083,82,82,83,0.0084,0.8666,82,0.0194,NA,NA,NA,NA,NA,NA,0.0478,0.0025,319,0.0425,0.0965,0,0.0521,0,Bayes-M17-med
Shabunda,Sud-Kivu,1,FALSE,0.0083,0.0063,0.0106,0.0082,83,81,84,0.0083,0.8598,83,0.0192,NA,NA,NA,NA,NA,NA,0.5922,0.0312,48,0.8378,0.8726,0,0.6583,0,Bayes-M17-med
Ngiri Ngiri,Kinshasa,1,FALSE,0.0079,0.0061,0.01,0.0078,84,84,85,0.0079,0.8183,85,0.0183,NA,NA,NA,NA,NA,NA,0.028,0.0014,398,0.0154,0.0676,0,0.029,0,Bayes-M17-med
Yabaondo,Tshopo,1,FALSE,0.0079,0.0061,0.01,0.0078,85,84,85,0.0079,0.8192,84,0.0183,NA,NA,NA,NA,NA,NA,0.3523,0.0177,76,0.4363,0.305,0,0.668,0,Bayes-M17-med
Police,Kinshasa,1,FALSE,0.0076,0.0058,0.0096,0.0075,87,86,87,0.0076,0.7866,87,0.0176,NA,NA,NA,NA,NA,NA,0.0478,0.0023,336,0.0463,0.0772,0,0.0676,0,Bayes-M17-med
Nundu,Sud-Kivu,1,FALSE,0.0076,0.0059,0.0096,0.0076,86,86,87,0.0077,0.7944,86,0.0178,NA,NA,NA,NA,NA,NA,0.5927,0.0288,53,0.527,0.8494,0,0.9942,0,Bayes-M17-med
Ubundu,Tshopo,1,FALSE,0.0073,0.0056,0.0092,0.0072,88,88,88,0.0073,0.7556,88,0.0169,NA,NA,NA,NA,NA,NA,0.4744,0.0219,67,0.9054,0.4305,0,0.5618,0,Bayes-M17-med
Basoko,Tshopo,1,FALSE,0.0071,0.0054,0.0089,0.007,89,89,90,0.0071,0.7347,89,0.0164,NA,NA,NA,NA,NA,NA,0.3012,0.0135,94,0.5077,0.3147,0,0.3822,0,Bayes-M17-med
Kalonge,Sud-Kivu,1,FALSE,0.007,0.0054,0.0088,0.0069,90,89,90,0.007,0.7255,90,0.0162,NA,NA,NA,NA,NA,NA,0.404,0.0179,73,0.4961,0.8359,0,0.2838,0,Bayes-M17-med
Maluku 1,Kinshasa,1,FALSE,0.0068,0.0053,0.0087,0.0068,91,91,92,0.0069,0.7093,91,0.0159,NA,NA,NA,NA,NA,NA,0.2321,0.0101,110,0.3475,0.4517,0,0.1293,0,Bayes-M17-med
Kalemie,Tanganyika,1,FALSE,0.0068,0.0052,0.0086,0.0067,92,91,92,0.0068,0.7034,92,0.0157,NA,NA,NA,NA,NA,NA,0.3789,0.0163,84,0.6718,0.4575,0,0.3861,0,Bayes-M17-med
Kunda,Maniema,1,FALSE,0.0067,0.0051,0.0084,0.0066,93,93,93,0.0067,0.6912,93,0.0155,NA,NA,NA,NA,NA,NA,0.4165,0.0176,77,0.4633,0.2799,0,0.9228,0,Bayes-M17-med
Yaleko,Tshopo,1,FALSE,0.0064,0.0049,0.0081,0.0064,94,94,94,0.0064,0.664,94,0.0149,NA,NA,NA,NA,NA,NA,0.402,0.0163,83,0.639,0.2452,0,0.7239,0,Bayes-M17-med
Lubumbashi,Haut-Katanga,1,FALSE,0.0062,0.0047,0.0078,0.0061,96,95,96,0.0062,0.6388,96,0.0143,NA,NA,NA,NA,NA,NA,0.1105,0.0043,216,0.1081,0.2104,0,0.1236,0,Bayes-M17-med
Kingasani,Kinshasa,1,FALSE,0.0062,0.0047,0.0078,0.0061,95,95,96,0.0062,0.6402,95,0.0143,NA,NA,NA,NA,NA,NA,0.0294,0.0012,411,0.0058,0.0405,0,0.0714,0,Bayes-M17-med
Yambuku,Mongala,1,FALSE,0.0058,0.0045,0.0074,0.0058,97,97,99,0.0058,0.6029,97,0.0135,NA,NA,NA,NA,NA,NA,0.4344,0.016,86,0.5483,0.5753,0,0.6139,0,Bayes-M17-med
Kaziba,Sud-Kivu,1,FALSE,0.0058,0.0044,0.0072,0.0057,98,97,101,0.0058,0.5974,98,0.0134,NA,NA,NA,NA,NA,NA,0.3571,0.0131,98,0.2876,0.7838,0,0.3571,0,Bayes-M17-med
Ango,Bas-Uele,1,FALSE,0.0056,0.0042,0.0072,0.0055,102,98,104,0.0056,0.5793,101,0.013,NA,NA,NA,NA,NA,NA,0.7095,0.0252,62,1,0.8591,0,0.9788,0,Bayes-M17-med
Saramabila,Maniema,1,FALSE,0.0056,0.0044,0.0071,0.0056,100,99,102,0.0057,0.5847,100,0.0131,NA,NA,NA,NA,NA,NA,0.4768,0.0171,81,0.473,0.5502,0,0.8842,0,Bayes-M17-med
Yamaluka,Mongala,1,FALSE,0.0056,0.0043,0.007,0.0055,101,98,103,0.0056,0.5778,102,0.0129,NA,NA,NA,NA,NA,NA,0.1974,0.007,149,0.2799,0.1448,0,0.3649,0,Bayes-M17-med
Lisala,Mongala,1,FALSE,0.0056,0.0043,0.0071,0.0056,100,99,102,0.0057,0.5851,99,0.0131,NA,NA,NA,NA,NA,NA,0.4093,0.0147,89,0.4286,0.4402,0,0.7683,0,Bayes-M17-med
Kibua,Nord-Kivu,1,FALSE,0.0055,0.0043,0.0069,0.0055,103,101,104,0.0055,0.5702,103,0.0128,NA,NA,0.1297,17,NA,NA,0.5154,0.018,72,0.7741,0.6602,0,0.6274,0,Bayes-M17-med
Kitutu,Sud-Kivu,1,FALSE,0.0054,0.0042,0.0068,0.0054,104,103,105,0.0054,0.5635,104,0.0126,NA,NA,NA,NA,NA,NA,0.5024,0.0173,79,0.751,0.805,0,0.4537,0,Bayes-M17-med
Titule,Bas-Uele,1,FALSE,0.0053,0.0038,0.007,0.0052,105,98,116,0.0053,0.5488,105,0.0123,NA,NA,NA,NA,NA,NA,0.6839,0.023,64,0.9865,0.8263,0,0.9228,0,Bayes-M17-med
Kongolo,Tanganyika,1,FALSE,0.0052,0.004,0.0066,0.0052,106,105,106,0.0053,0.5435,106,0.0122,NA,NA,NA,NA,NA,NA,0.6829,0.0227,65,0.8861,0.9228,0,0.9228,0,Bayes-M17-med
Mwenga,Sud-Kivu,1,FALSE,0.0051,0.004,0.0065,0.0051,107,106,110,0.0052,0.5332,107,0.0119,NA,NA,NA,NA,NA,NA,0.319,0.0104,108,0.5,0.3552,0,0.4208,0,Bayes-M17-med
Kimbi Lulenge,Sud-Kivu,1,FALSE,0.0051,0.004,0.0065,0.0051,109,107,109,0.0051,0.5314,109,0.0119,NA,NA,NA,NA,NA,NA,0.5507,0.0179,74,0.8475,0.8687,0,0.4865,0,Bayes-M17-med
Djolu,Tshuapa,1,FALSE,0.0051,0.004,0.0065,0.0051,108,107,108,0.0052,0.533,108,0.0119,NA,NA,NA,NA,NA,NA,0.5256,0.0172,80,0.7104,0.5985,0,0.7934,0,Bayes-M17-med
Kabinda,Lomami,1,FALSE,0.005,0.0039,0.0063,0.005,110,110,111,0.005,0.5205,110,0.0117,NA,NA,NA,NA,NA,NA,0.4382,0.014,90,0.5097,0.5541,0,0.6892,0,Bayes-M17-med
Itebero,Nord-Kivu,1,FALSE,0.005,0.0038,0.0062,0.0049,112,111,114,0.005,0.5144,112,0.0115,NA,NA,0.117,18,NA,NA,0.5574,0.0176,78,0.9112,0.722,0,0.5965,0,Bayes-M17-med
Kalole,Sud-Kivu,1,FALSE,0.005,0.0039,0.0063,0.005,111,109,113,0.005,0.5202,111,0.0116,NA,NA,NA,NA,NA,NA,0.6038,0.0193,70,0.89,0.7799,0,0.7452,0,Bayes-M17-med
Mulungu,Sud-Kivu,1,FALSE,0.0049,0.0038,0.0061,0.0048,114,112,115,0.0049,0.5036,114,0.0113,NA,NA,NA,NA,NA,NA,0.5208,0.0161,85,0.861,0.5193,0,0.7027,0,Bayes-M17-med
Opienge,Tshopo,1,FALSE,0.0049,0.0037,0.0063,0.0049,113,109,114,0.0049,0.5094,113,0.0114,NA,NA,NA,NA,NA,NA,0.4445,0.0139,91,0.9556,0.0135,0,0.8089,0,Bayes-M17-med
Aketi,Bas-Uele,1,FALSE,0.0047,0.0035,0.0061,0.0046,117,112,119,0.0047,0.4826,117,0.0108,NA,NA,NA,NA,NA,NA,0.6762,0.02,68,0.9903,0.9363,0,0.778,0,Bayes-M17-med
Kamituga,Sud-Kivu,1,FALSE,0.0047,0.0036,0.0059,0.0047,115,113,117,0.0047,0.488,115,0.0109,NA,NA,NA,NA,NA,NA,0.3596,0.0108,104,0.3938,0.6062,0,0.4382,0,Bayes-M17-med
Yahuma,Tshopo,1,FALSE,0.0047,0.0036,0.0059,0.0047,116,115,117,0.0047,0.4878,116,0.0109,NA,NA,NA,NA,NA,NA,0.4402,0.0132,97,0.8649,0.332,0,0.5637,0,Bayes-M17-med
Bonzola,Kasaï-Oriental,1,FALSE,0.0046,0.0035,0.0058,0.0046,118,117,118,0.0046,0.4747,118,0.0106,NA,NA,NA,NA,NA,NA,0.2958,0.0086,122,0.0927,0.7934,0,0.2973,0,Bayes-M17-med
Makala,Kinshasa,1,FALSE,0.0044,0.0034,0.0056,0.0044,119,118,119,0.0044,0.4547,119,0.0102,NA,NA,NA,NA,NA,NA,0.0246,7e-4,439,0.0116,0.0386,0,0.0483,0,Bayes-M17-med
Doruma,Haut-Uele,1,FALSE,0.0043,0.0033,0.0054,0.0042,121,120,123,0.0043,0.4419,120,0.0099,NA,NA,NA,NA,0.0392,7,0.6216,0.0168,82,0.973,0.5135,0,1,0,Bayes-M17-med
Mumbunda,Haut-Katanga,1,FALSE,0.0043,0.0033,0.0054,0.0042,120,120,121,0.0043,0.4417,121,0.0099,NA,NA,NA,NA,NA,NA,0.1853,0.005,204,0.1197,0.5077,0,0.1139,0,Bayes-M17-med
Manika,Lualaba,1,FALSE,0.0042,0.0033,0.0054,0.0042,122,122,123,0.0042,0.4387,122,0.0098,NA,NA,NA,NA,NA,NA,0.1149,0.0031,289,0.0946,0.222,0,0.1429,0,Bayes-M17-med
Mbulula,Tanganyika,1,FALSE,0.0042,0.0033,0.0053,0.0042,123,120,123,0.0042,0.438,123,0.0098,NA,NA,NA,NA,NA,NA,0.5934,0.0159,87,0.6448,0.7761,0,0.9527,0,Bayes-M17-med
Bumba,Mongala,1,FALSE,0.0041,0.0031,0.0052,0.004,124,124,129,0.0041,0.4225,124,0.0095,NA,NA,NA,NA,NA,NA,0.2384,0.0062,165,0.1409,0.4537,0,0.3591,0,Bayes-M17-med
Lodja,Sankuru,1,FALSE,0.0041,0.0031,0.0051,0.004,125,125,125,0.0041,0.4217,125,0.0094,NA,NA,NA,NA,NA,NA,0.4626,0.012,99,0.2625,0.6351,0,0.9527,0,Bayes-M17-med
Kananga,Kasaï-Central,1,FALSE,0.004,0.0031,0.0051,0.004,127,126,128,0.004,0.4179,127,0.0094,NA,NA,NA,NA,NA,NA,0.2963,0.0076,134,0.1429,0.5579,0,0.4846,0,Bayes-M17-med
Kalamu 2,Kinshasa,1,FALSE,0.004,0.0031,0.0051,0.004,128,125,129,0.004,0.4158,128,0.0093,NA,NA,NA,NA,NA,NA,0.015,4e-4,446,0.0039,0.0154,0,0.0405,0,Bayes-M17-med
Kampene,Maniema,1,FALSE,0.004,0.0031,0.005,0.0039,129,127,129,0.004,0.4113,129,0.0092,NA,NA,NA,NA,NA,NA,0.3962,0.01,111,0.5251,0.1757,0,0.8842,0,Bayes-M17-med
Punia,Maniema,1,FALSE,0.004,0.0031,0.0051,0.004,126,124,127,0.0041,0.4192,126,0.0094,NA,NA,NA,NA,NA,NA,0.3731,0.0096,115,0.7625,0.1969,0,0.5328,0,Bayes-M17-med
Kalima,Maniema,1,FALSE,0.0039,0.003,0.005,0.0039,130,129,130,0.0039,0.4072,130,0.0091,NA,NA,NA,NA,NA,NA,0.3094,0.0077,132,0.4595,0.3205,0,0.4575,0,Bayes-M17-med
Kabalo,Tanganyika,1,FALSE,0.0039,0.003,0.0049,0.0039,131,131,131,0.0039,0.4045,131,0.0091,NA,NA,NA,NA,NA,NA,0.624,0.0155,88,0.9035,0.7568,0,0.8359,0,Bayes-M17-med
Moba,Tanganyika,1,FALSE,0.0039,0.003,0.0049,0.0038,132,132,133,0.0039,0.3998,132,0.009,NA,NA,NA,NA,NA,NA,0.3808,0.0093,119,0.6178,0.4942,0,0.4112,0,Bayes-M17-med
Kasansa,Kasaï-Oriental,1,FALSE,0.0038,0.0029,0.0047,0.0037,133,133,134,0.0038,0.3889,133,0.0087,NA,NA,NA,NA,NA,NA,0.3349,0.008,128,0.2568,0.6699,0,0.4131,0,Bayes-M17-med
Lolo,Mongala,1,FALSE,0.0037,0.0028,0.0048,0.0037,134,132,137,0.0037,0.3863,134,0.0087,NA,NA,NA,NA,NA,NA,0.3161,0.0075,136,0.4073,0.3263,0,0.5309,0,Bayes-M17-med
Manono,Tanganyika,1,FALSE,0.0037,0.0028,0.0046,0.0036,135,134,137,0.0037,0.3788,135,0.0085,NA,NA,NA,NA,NA,NA,0.5758,0.0134,96,0.8784,0.9537,0,0.471,0,Bayes-M17-med
Gemena,Sud-Ubangi,1,FALSE,0.0036,0.0028,0.0046,0.0036,137,135,139,0.0036,0.3721,137,0.0083,NA,NA,NA,NA,NA,NA,0.3277,0.0075,137,0.1776,0.2741,0,0.8591,0,Bayes-M17-med
Yahisuli,Tshopo,1,FALSE,0.0036,0.0028,0.0046,0.0036,136,135,136,0.0036,0.3775,136,0.0085,NA,NA,NA,NA,NA,NA,0.3521,0.0082,125,0.3842,0.0714,0,0.9527,0,Bayes-M17-med
Nzaba,Kasaï-Oriental,1,FALSE,0.0035,0.0027,0.0044,0.0035,141,141,141,0.0035,0.3601,141,0.0081,NA,NA,NA,NA,NA,NA,0.278,0.0061,168,0.1042,0.6931,0,0.3147,0,Bayes-M17-med
Haut Plateau,Sud-Kivu,1,FALSE,0.0035,0.0027,0.0044,0.0035,140,136,140,0.0035,0.3654,140,0.0082,NA,NA,NA,NA,NA,NA,0.5246,0.0118,100,0.5714,0.5444,0,0.9826,0,Bayes-M17-med
Opala,Tshopo,1,FALSE,0.0035,0.0027,0.0045,0.0035,139,138,140,0.0035,0.3662,139,0.0082,NA,NA,NA,NA,NA,NA,0.4269,0.0096,116,0.7819,0.0792,0,0.8465,0,Bayes-M17-med
Nyunzu,Tanganyika,1,FALSE,0.0035,0.0027,0.0045,0.0035,138,137,139,0.0036,0.3679,138,0.0082,NA,NA,NA,NA,NA,NA,0.6023,0.0136,93,0.9653,0.834,0,0.61,0,Bayes-M17-med
Kabongo,Haut-Lomami,1,FALSE,0.0034,0.0026,0.0043,0.0034,144,143,145,0.0034,0.3502,144,0.0078,NA,NA,NA,NA,NA,NA,0.5372,0.0115,102,0.8108,0.778,0,0.5598,0,Bayes-M17-med
Lusangi,Maniema,1,FALSE,0.0034,0.0026,0.0043,0.0034,143,143,144,0.0034,0.3511,143,0.0079,NA,NA,NA,NA,NA,NA,0.4223,0.0091,120,0.5656,0.2645,0,0.8591,0,Bayes-M17-med
Lulingu,Sud-Kivu,1,FALSE,0.0034,0.0027,0.0043,0.0034,142,142,142,0.0035,0.357,142,0.008,NA,NA,NA,NA,NA,NA,0.6158,0.0135,95,0.9093,0.8108,0,0.7432,0,Bayes-M17-med
Minembwe,Sud-Kivu,1,FALSE,0.0034,0.0026,0.0042,0.0033,145,144,146,0.0034,0.3478,145,0.0078,NA,NA,NA,NA,NA,NA,0.5198,0.0111,103,0.7181,0.8089,0,0.5521,0,Bayes-M17-med
Kisenso,Kinshasa,1,FALSE,0.0033,0.0026,0.0042,0.0033,146,145,147,0.0033,0.3446,146,0.0077,NA,NA,NA,NA,NA,NA,0.0589,0.0012,405,0.0367,0.139,0,0.0598,0,Bayes-M17-med
Mulumba,Lomami,1,FALSE,0.0033,0.0025,0.0041,0.0033,147,146,148,0.0033,0.3404,147,0.0076,NA,NA,NA,NA,NA,NA,0.2587,0.0054,190,0.1834,0.3108,0,0.5405,0,Bayes-M17-med
Luputa,Lomami,1,FALSE,0.0033,0.0025,0.0041,0.0032,148,148,149,0.0033,0.3377,148,0.0076,NA,NA,NA,NA,NA,NA,0.3431,0.0071,145,0.3301,0.3166,0,0.7259,0,Bayes-M17-med
Boende,Tshuapa,1,FALSE,0.0033,0.0025,0.0041,0.0032,149,147,151,0.0033,0.3377,149,0.0076,NA,NA,NA,NA,NA,NA,0.4199,0.0087,121,0.6988,0.4807,0,0.5,0,Bayes-M17-med
Kamina,Haut-Lomami,1,FALSE,0.0032,0.0025,0.004,0.0032,151,150,151,0.0032,0.3321,151,0.0074,NA,NA,NA,NA,NA,NA,0.5164,0.0105,106,0.8301,0.8301,0,0.4054,0,Bayes-M17-med
Tshilenge,Kasaï-Oriental,1,FALSE,0.0032,0.0025,0.004,0.0032,150,149,151,0.0032,0.3322,150,0.0074,NA,NA,NA,NA,NA,NA,0.2799,0.0057,180,0.1892,0.668,0,0.2625,0,Bayes-M17-med
Mweneditu,Lomami,1,FALSE,0.0032,0.0025,0.004,0.0032,152,152,152,0.0032,0.3307,152,0.0074,NA,NA,NA,NA,NA,NA,0.2799,0.0057,181,0.166,0.3842,0,0.5695,0,Bayes-M17-med
Samba,Maniema,1,FALSE,0.0032,0.0025,0.004,0.0032,153,153,153,0.0032,0.3291,153,0.0074,NA,NA,NA,NA,NA,NA,0.5179,0.0105,107,0.7529,0.4344,0,0.8842,0,Bayes-M17-med
Biyela,Kinshasa,1,FALSE,0.0031,0.0024,0.0039,0.0031,155,154,155,0.0031,0.3207,155,0.0072,NA,NA,NA,NA,NA,NA,0.1076,0.0021,348,0.0637,0.2838,0,0.083,0,Bayes-M17-med
Idiofa,Kwilu,1,FALSE,0.0031,0.0024,0.0039,0.0031,154,154,155,0.0031,0.3223,154,0.0072,NA,NA,NA,NA,NA,NA,0.486,0.0096,114,0.4537,0.749,0,0.7413,0,Bayes-M17-med
Kipushi,Haut-Katanga,1,FALSE,0.003,0.0023,0.0038,0.003,156,156,157,0.003,0.3142,156,0.007,NA,NA,NA,NA,NA,NA,0.1216,0.0023,330,0.2703,0.1081,0,0.1081,0,Bayes-M17-med
Kimbanseke,Kinshasa,1,FALSE,0.003,0.0023,0.0037,0.0029,158,158,159,0.003,0.30620000000000003,158,0.0069,NA,NA,NA,NA,NA,NA,0.0526,0.001,423,0.0521,0.0849,0,0.0734,0,Bayes-M17-med
Kailo,Maniema,1,FALSE,0.003,0.0023,0.0038,0.003,157,156,157,0.003,0.3123,157,0.007,NA,NA,NA,NA,NA,NA,0.4276,0.0082,124,0.832,0.0946,0,0.7838,0,Bayes-M17-med
Mbandaka,Equateur,1,FALSE,0.0029,0.0022,0.0037,0.0029,161,160,162,0.0029,0.301,161,0.0067,NA,NA,NA,NA,NA,NA,0.5164,0.0095,117,0.6409,0.9633,0,0.4614,0,Bayes-M17-med
Tshamilemba,Haut-Katanga,1,FALSE,0.0029,0.0022,0.0037,0.0029,160,160,161,0.0029,0.3019,160,0.0068,NA,NA,NA,NA,NA,NA,0.0772,0.0014,396,0.0656,0.1255,0,0.1178,0,Bayes-M17-med
Kabeya Kamwanga,Kasaï-Oriental,1,FALSE,0.0029,0.0022,0.0036,0.0028,162,161,162,0.0029,0.2971,162,0.0067,NA,NA,NA,NA,NA,NA,0.2968,0.0054,189,0.3224,0.3919,0,0.473,0,Bayes-M17-med
Lingomo,Tshuapa,1,FALSE,0.0029,0.0023,0.0037,0.0029,159,158,159,0.0029,0.3052,159,0.0068,NA,NA,NA,NA,NA,NA,0.5627,0.0105,105,0.8263,0.5869,0,0.8378,0,Bayes-M17-med
Malemba Nkulu,Haut-Lomami,1,FALSE,0.0028,0.0021,0.0035,0.0028,165,165,165,0.0028,0.2872,165,0.0064,NA,NA,NA,NA,NA,NA,0.3895,0.0069,151,0.36870000000000003,0.7664,0,0.4228,0,Bayes-M17-med
Kamwesha,Kasaï,1,FALSE,0.0028,0.0022,0.0035,0.0028,164,164,164,0.0028,0.2899,164,0.0065,NA,NA,NA,NA,NA,NA,0.2732,0.0049,205,0.3456,0.2876,0,0.4595,0,Bayes-M17-med
Tshikapa,Kasaï,1,FALSE,0.0028,0.0022,0.0036,0.0028,163,163,163,0.0028,0.2923,163,0.0066,NA,NA,NA,NA,NA,NA,0.3156,0.0057,182,0.2722,0.6506,0,0.3398,0,Bayes-M17-med
Kitenge,Haut-Lomami,1,FALSE,0.0027,0.0021,0.0034,0.0027,168,167,169,0.0027,0.2799,168,0.0063,NA,NA,NA,NA,NA,NA,0.5729,0.0098,112,0.8668,0.8069,0,0.6178,0,Bayes-M17-med
Demba,Kasaï-Central,1,FALSE,0.0027,0.0021,0.0034,0.0027,166,166,167,0.0027,0.2817,166,0.0063,NA,NA,NA,NA,NA,NA,0.4117,0.0071,143,0.4653,0.7143,0,0.4672,0,Bayes-M17-med
Maluku 2,Kinshasa,1,FALSE,0.0027,0.002,0.0034,0.0026,169,168,171,0.0027,0.276,169,0.0062,NA,NA,NA,NA,NA,NA,0.4184,0.0071,146,0.6834,0.5463,0,0.444,0,Bayes-M17-med
Ikela,Tshuapa,1,FALSE,0.0027,0.0021,0.0034,0.0027,167,166,168,0.0027,0.2814,167,0.0063,NA,NA,NA,NA,NA,NA,0.4633,0.008,127,0.8147,0.1795,0,0.8591,0,Bayes-M17-med
Likati,Bas-Uele,1,FALSE,0.0026,0.0019,0.0033,0.0025,174,168,178,0.0026,0.2661,174,0.006,NA,NA,NA,NA,NA,NA,0.7124,0.0116,101,0.9942,0.971,0,0.8842,0,Bayes-M17-med
Kaniama,Haut-Lomami,1,FALSE,0.0026,0.002,0.0033,0.0026,171,170,173,0.0026,0.2707,171,0.0061,NA,NA,NA,NA,NA,NA,0.582,0.0097,113,0.8533,0.6622,0,0.8127,0,Bayes-M17-med
Mikalayi,Kasaï-Central,1,FALSE,0.0026,0.002,0.0032,0.0025,175,173,176,0.0026,0.2645,175,0.0059,NA,NA,NA,NA,NA,NA,0.3948,0.0064,162,0.4517,0.5811,0,0.5463,0,Bayes-M17-med
Lubao,Lomami,1,FALSE,0.0026,0.002,0.0033,0.0026,173,171,174,0.0026,0.2675,173,0.006,NA,NA,NA,NA,NA,NA,0.3982,0.0065,157,0.6486,0.1525,0,0.7915,0,Bayes-M17-med
Yamongili,Mongala,1,FALSE,0.0026,0.002,0.0033,0.0026,172,171,174,0.0026,0.268,172,0.006,NA,NA,NA,NA,NA,NA,0.3243,0.0053,192,0.5116,0.3668,0,0.4189,0,Bayes-M17-med
Mondombe,Tshuapa,1,FALSE,0.0026,0.002,0.0034,0.0026,170,169,172,0.0026,0.2735,170,0.0061,NA,NA,NA,NA,NA,NA,0.4797,0.0081,126,0.6622,0.3726,0,0.8842,0,Bayes-M17-med
Lusanga,Kwilu,1,FALSE,0.0025,0.0019,0.0031,0.0024,177,177,178,0.0025,0.2541,177,0.0057,NA,NA,NA,NA,NA,NA,0.4242,0.0066,156,0.4382,0.7297,0,0.529,0,Bayes-M17-med
Karawa,Nord-Ubangi,1,FALSE,0.0025,0.0019,0.0032,0.0025,176,175,177,0.0025,0.2599,176,0.0058,NA,NA,NA,NA,NA,NA,0.6404,0.0102,109,0.7568,0.973,0,0.832,0,Bayes-M17-med
Luebo,Kasaï,1,FALSE,0.0024,0.0018,0.003,0.0024,182,181,182,0.0024,0.2488,182,0.0056,NA,NA,NA,NA,NA,NA,0.4353,0.0066,155,0.5232,0.5116,0,0.7066,0,Bayes-M17-med
Cilundu,Kasaï-Oriental,1,FALSE,0.0024,0.0018,0.003,0.0023,183,183,185,0.0024,0.2443,183,0.0055,NA,NA,NA,NA,NA,NA,0.221,0.0033,271,0.2317,0.3089,0,0.3436,0,Bayes-M17-med
Diulu,Kasaï-Oriental,1,FALSE,0.0024,0.0019,0.0031,0.0024,180,179,180,0.0024,0.2509,180,0.0056,NA,NA,NA,NA,NA,NA,0.2611,0.004,231,0.0676,0.6448,0,0.332,0,Bayes-M17-med
Lukelenge,Kasaï-Oriental,1,FALSE,0.0024,0.0019,0.0031,0.0024,179,176,179,0.0025,0.2536,178,0.0057,NA,NA,NA,NA,NA,NA,0.2249,0.0035,260,0.0811,0.5,0,0.3185,0,Bayes-M17-med
Bumbu,Kinshasa,1,FALSE,0.0024,0.0019,0.0031,0.0024,178,177,180,0.0024,0.2535,179,0.0057,NA,NA,NA,NA,NA,NA,0.0164,3e-4,449,0.0019,0.029,0,0.0347,0,Bayes-M17-med
Ngandajika,Lomami,1,FALSE,0.0024,0.0019,0.003,0.0024,181,181,183,0.0024,0.2488,181,0.0056,NA,NA,NA,NA,NA,NA,0.3465,0.0053,194,0.2124,0.4459,0,0.7278,0,Bayes-M17-med
Bwamanda,Sud-Ubangi,1,FALSE,0.0024,0.0018,0.003,0.0023,184,181,188,0.0024,0.2435,184,0.0055,NA,NA,NA,NA,NA,NA,0.4667,0.007,150,0.4189,0.7394,0,0.7085,0,Bayes-M17-med
Mweka,Kasaï,1,FALSE,0.0023,0.0018,0.003,0.0023,185,184,186,0.0023,0.243,185,0.0054,NA,NA,NA,NA,NA,NA,0.5053,0.0075,135,0.4788,0.7239,0,0.8185,0,Bayes-M17-med
Bena Leka,Kasaï-Central,1,FALSE,0.0023,0.0017,0.0029,0.0023,192,192,193,0.0023,0.2355,192,0.0053,NA,NA,NA,NA,NA,NA,0.4986,0.0072,141,0.6062,0.7162,0,0.6718,0,Bayes-M17-med
Luiza,Kasaï-Central,1,FALSE,0.0023,0.0018,0.0029,0.0023,189,188,190,0.0023,0.238,189,0.0053,NA,NA,NA,NA,NA,NA,0.4218,0.0062,166,0.4807,0.6293,0,0.5772,0,Bayes-M17-med
Ngaba,Kinshasa,1,FALSE,0.0023,0.0017,0.0029,0.0022,193,189,195,0.0023,0.2339,193,0.0052,NA,NA,NA,NA,NA,NA,0.014,2e-4,451,0,0.0058,0,0.0502,0,Bayes-M17-med
Vanga,Kwilu,1,FALSE,0.0023,0.0018,0.0029,0.0023,190,190,191,0.0023,0.2365,190,0.0053,NA,NA,NA,NA,NA,NA,0.5034,0.0073,139,0.3726,0.8205,0,0.8205,0,Bayes-M17-med
Bulungu,Kwilu,1,FALSE,0.0023,0.0018,0.0029,0.0023,191,191,192,0.0023,0.236,191,0.0053,NA,NA,NA,NA,NA,NA,0.4508,0.0065,158,0.3571,0.6795,0,0.7664,0,Bayes-M17-med
Kabambare,Maniema,1,FALSE,0.0023,0.0018,0.0029,0.0023,188,186,188,0.0023,0.2404,188,0.0054,NA,NA,NA,NA,NA,NA,0.3953,0.0058,176,0.8359,0.112,0,0.6332,0,Bayes-M17-med
Lomela,Sankuru,1,FALSE,0.0023,0.0018,0.003,0.0023,186,185,187,0.0023,0.2422,186,0.0054,NA,NA,NA,NA,NA,NA,0.4759,0.0071,147,0.8456,0.1351,0,0.9228,0,Bayes-M17-med
Bokungu,Tshuapa,1,FALSE,0.0023,0.0018,0.003,0.0023,187,184,189,0.0023,0.242,187,0.0054,NA,NA,NA,NA,NA,NA,0.49370000000000003,0.0073,138,0.695,0.3571,0,0.9228,0,Bayes-M17-med
Masuika,Kasaï-Central,1,FALSE,0.0022,0.0017,0.0028,0.0022,194,193,195,0.0023,0.2329,194,0.0052,NA,NA,NA,NA,NA,NA,0.3885,0.0056,184,0.3263,0.5618,0,0.666,0,Bayes-M17-med
Bibanga,Kasaï-Oriental,1,FALSE,0.0022,0.0017,0.0028,0.0022,196,195,197,0.0022,0.2302,196,0.0052,NA,NA,NA,NA,NA,NA,0.2978,0.0042,223,0.3127,0.4884,0,0.39,0,Bayes-M17-med
Citenge,Kasaï-Oriental,1,FALSE,0.0022,0.0017,0.0027,0.0021,200,200,202,0.0022,0.2234,200,0.005,NA,NA,NA,NA,NA,NA,0.2321,0.0032,281,0.1583,0.4749,0,0.2954,0,Bayes-M17-med
Kenge,Kwango,1,FALSE,0.0022,0.0017,0.0027,0.0022,199,199,200,0.0022,0.2249,199,0.005,NA,NA,NA,NA,NA,NA,0.5574,0.0077,133,0.6139,0.8127,0,0.8031,0,Bayes-M17-med
Fungurume,Lualaba,1,FALSE,0.0022,0.0017,0.0028,0.0022,197,196,198,0.0022,0.2294,197,0.0051,NA,NA,NA,NA,NA,NA,0.1564,0.0022,339,0.2664,0.1622,0,0.1969,0,Bayes-M17-med
Yalimbongo,Tshopo,1,FALSE,0.0022,0.0017,0.0029,0.0022,195,190,198,0.0022,0.2327,195,0.0052,NA,NA,NA,NA,NA,NA,0.3214,0.0046,207,0.5772,0.0483,0,0.6602,0,Bayes-M17-med
Kansimba,Tanganyika,1,FALSE,0.0022,0.0017,0.0028,0.0022,198,196,198,0.0022,0.229,198,0.0051,NA,NA,NA,NA,NA,NA,0.5497,0.0077,131,0.9479,0.7741,0,0.4768,0,Bayes-M17-med
Bukama,Haut-Lomami,1,FALSE,0.0021,0.0016,0.0027,0.0021,202,202,204,0.0021,0.2196,202,0.0049,NA,NA,NA,NA,NA,NA,0.4764,0.0064,161,0.7143,0.7625,0,0.4286,0,Bayes-M17-med
Kikwit Nord,Kwilu,1,FALSE,0.0021,0.0016,0.0026,0.002,210,210,210,0.0021,0.2131,210,0.0048,NA,NA,NA,NA,NA,NA,0.2915,0.0038,240,0.1236,0.5405,0,0.5019,0,Bayes-M17-med
Tshofa,Lomami,1,FALSE,0.0021,0.0016,0.0027,0.0021,205,203,205,0.0021,0.2185,205,0.0049,NA,NA,NA,NA,NA,NA,0.4416,0.0059,172,0.6757,0.3514,0,0.7394,0,Bayes-M17-med
Kalenda,Lomami,1,FALSE,0.0021,0.0016,0.0026,0.0021,208,206,208,0.0021,0.2163,208,0.0049,NA,NA,NA,NA,NA,NA,0.2886,0.0038,238,0.388,0.1873,0,0.5792,0,Bayes-M17-med
Kanda Kanda,Lomami,1,FALSE,0.0021,0.0016,0.0027,0.0021,201,201,203,0.0021,0.2212,201,0.005,NA,NA,NA,NA,NA,NA,0.3012,0.0041,228,0.3185,0.1737,0,0.7124,0,Bayes-M17-med
Kibombo,Maniema,1,FALSE,0.0021,0.0016,0.0026,0.0021,206,205,207,0.0021,0.2172,206,0.0049,NA,NA,NA,NA,NA,NA,0.4614,0.0062,167,0.7452,0.1776,0,0.9228,0,Bayes-M17-med
Katako Kombe,Sankuru,1,FALSE,0.0021,0.0016,0.0026,0.0021,209,207,209,0.0021,0.2155,209,0.0048,NA,NA,NA,NA,NA,NA,0.4703,0.0062,163,0.7857,0.1313,0,0.9643,0,Bayes-M17-med
Itombwe,Sud-Kivu,1,FALSE,0.0021,0.0016,0.0026,0.0021,207,204,209,0.0021,0.217,207,0.0049,NA,NA,NA,NA,NA,NA,0.5121,0.0068,152,0.8571,0.6737,0,0.5174,0,Bayes-M17-med
Tandala,Sud-Ubangi,1,FALSE,0.0021,0.0016,0.0027,0.0021,203,200,209,0.0021,0.2195,203,0.0049,NA,NA,NA,NA,NA,NA,0.4078,0.0055,185,0.2741,0.527,0,0.8301,0,Bayes-M17-med
Yalifafu,Tshuapa,1,FALSE,0.0021,0.0016,0.0027,0.0021,204,201,207,0.0021,0.2193,204,0.0049,NA,NA,NA,NA,NA,NA,0.4797,0.0065,160,0.7664,0.2683,0,0.8842,0,Bayes-M17-med
Kalonda Ouest,Kasaï,1,FALSE,0.002,0.0015,0.0025,0.0019,216,216,217,0.002,0.2028,216,0.0045,NA,NA,NA,NA,NA,NA,0.2239,0.0028,307,0.2915,0.251,0,0.3533,0,Bayes-M17-med
Miabi,Kasaï-Oriental,1,FALSE,0.002,0.0015,0.0025,0.0019,217,215,219,0.002,0.2026,217,0.0045,NA,NA,NA,NA,NA,NA,0.2838,0.0035,256,0.2297,0.6525,0,0.2529,0,Bayes-M17-med
Mukedi,Kwilu,1,FALSE,0.002,0.0015,0.0025,0.002,213,213,215,0.002,0.2044,213,0.0046,NA,NA,NA,NA,NA,NA,0.4836,0.0061,170,0.5367,0.7066,0,0.6911,0,Bayes-M17-med
Ludimbi Lukula,Lomami,1,FALSE,0.002,0.0015,0.0025,0.0019,218,217,220,0.002,0.202,218,0.0045,NA,NA,NA,NA,NA,NA,0.4513,0.0056,183,0.6931,0.3475,0,0.7645,0,Bayes-M17-med
Dilala,Lualaba,1,FALSE,0.002,0.0015,0.0025,0.002,212,212,214,0.002,0.2061,212,0.0046,NA,NA,NA,NA,NA,NA,0.1347,0.0017,382,0.1506,0.2548,0,0.1332,0,Bayes-M17-med
Obokote,Maniema,1,FALSE,0.002,0.0015,0.0025,0.002,215,214,217,0.002,0.2033,215,0.0046,NA,NA,NA,NA,NA,NA,0.3209,0.004,232,0.7239,0.0328,0,0.527,0,Bayes-M17-med
Pimu,Mongala,1,FALSE,0.002,0.0015,0.0025,0.002,214,211,219,0.002,0.2042,214,0.0046,NA,NA,NA,NA,NA,NA,0.4257,0.0053,191,0.583,0.3707,0,0.749,0,Bayes-M17-med
Vanga Kete,Sankuru,1,FALSE,0.002,0.0015,0.0025,0.002,211,211,213,0.002,0.2069,211,0.0046,NA,NA,NA,NA,NA,NA,0.4503,0.0057,179,0.4672,0.4112,0,0.9228,0,Bayes-M17-med
Mulongo,Haut-Lomami,1,FALSE,0.0019,0.0015,0.0024,0.0019,222,220,222,0.0019,0.1966,222,0.0044,NA,NA,NA,NA,NA,NA,0.4773,0.0058,177,0.7471,0.7703,0,0.3919,0,Bayes-M17-med
Muya,Kasaï-Oriental,1,FALSE,0.0019,0.0014,0.0024,0.0019,224,222,226,0.0019,0.1941,224,0.0044,NA,NA,NA,NA,NA,NA,0.2495,0.003,297,0.0753,0.5888,0,0.334,0,Bayes-M17-med
Gungu,Kwilu,1,FALSE,0.0019,0.0015,0.0025,0.0019,219,218,219,0.002,0.2019,219,0.0045,NA,NA,NA,NA,NA,NA,0.4237,0.0053,196,0.5058,0.6969,0,0.4923,0,Bayes-M17-med
Koshibanda,Kwilu,1,FALSE,0.0019,0.0014,0.0024,0.0019,225,223,225,0.0019,0.1937,225,0.0043,NA,NA,NA,NA,NA,NA,0.4913,0.0058,175,0.5193,0.6757,0,0.7703,0,Bayes-M17-med
Bosondjo,Mongala,1,FALSE,0.0019,0.0015,0.0024,0.0019,221,221,225,0.0019,0.1967,221,0.0044,NA,NA,NA,NA,NA,NA,0.3489,0.0042,222,0.5618,0.1931,0,0.6409,0,Bayes-M17-med
Yakoma,Nord-Ubangi,1,FALSE,0.0019,0.0015,0.0025,0.0019,220,212,221,0.002,0.2019,220,0.0045,NA,NA,NA,NA,NA,NA,0.6641,0.0082,123,0.7124,0.9479,0,0.9961,0,Bayes-M17-med
Omendjadi,Sankuru,1,FALSE,0.0019,0.0014,0.0024,0.0019,223,223,224,0.0019,0.1943,223,0.0044,NA,NA,NA,NA,NA,NA,0.4262,0.0051,202,0.5502,0.2317,0,0.9228,0,Bayes-M17-med
Ankoro,Tanganyika,1,FALSE,0.0019,0.0014,0.0023,0.0018,226,226,228,0.0019,0.1916,226,0.0043,NA,NA,NA,NA,NA,NA,0.6047,0.0071,144,0.9266,0.8282,0,0.6641,0,Bayes-M17-med
Bili (Bas-Uele),Bas-Uele,1,FALSE,0.0018,0.0014,0.0023,0.0018,236,224,251,0.0018,0.1865,236,0.0042,NA,NA,NA,NA,NA,NA,0.6926,0.0079,130,0.9981,0.7992,0,0.973,0,Bayes-M17-med
Kabondo Dianda,Haut-Lomami,1,FALSE,0.0018,0.0014,0.0022,0.0018,240,238,240,0.0018,0.1824,240,0.0041,NA,NA,NA,NA,NA,NA,0.4107,0.0046,206,0.5888,0.5714,0,0.4826,0,Bayes-M17-med
Tshikaji,Kasaï-Central,1,FALSE,0.0018,0.0014,0.0022,0.0018,238,236,239,0.0018,0.1839,238,0.0041,NA,NA,NA,NA,NA,NA,0.3195,0.0036,253,0.1873,0.5849,0,0.5058,0,Bayes-M17-med
Luambo,Kasaï-Central,1,FALSE,0.0018,0.0014,0.0023,0.0018,233,232,233,0.0018,0.1884,232,0.0042,NA,NA,NA,NA,NA,NA,0.3769,0.0044,213,0.5347,0.5656,0,0.4073,0,Bayes-M17-med
Bipemba,Kasaï-Oriental,1,FALSE,0.0018,0.0014,0.0023,0.0018,229,229,231,0.0018,0.1908,229,0.0043,NA,NA,NA,NA,NA,NA,0.1544,0.0018,377,0.0618,0.2201,0,0.3359,0,Bayes-M17-med
Dibindi,Kasaï-Oriental,1,FALSE,0.0018,0.0014,0.0023,0.0018,235,233,237,0.0018,0.1868,235,0.0042,NA,NA,NA,NA,NA,NA,0.1617,0.0019,374,0.0386,0.2954,0,0.3127,0,Bayes-M17-med
Lubilanji,Kasaï-Oriental,1,FALSE,0.0018,0.0014,0.0023,0.0018,228,228,230,0.0018,0.1911,228,0.0043,NA,NA,NA,NA,NA,NA,0.1694,0.002,365,0.0347,0.3398,0,0.3031,0,Bayes-M17-med
Mpokolo,Kasaï-Oriental,1,FALSE,0.0018,0.0014,0.0023,0.0018,232,231,235,0.0018,0.1884,233,0.0042,NA,NA,NA,NA,NA,NA,0.2901,0.0034,268,0.1255,0.6873,0,0.3475,0,Bayes-M17-med
Tshishimbi,Kasaï-Oriental,1,FALSE,0.0018,0.0014,0.0023,0.0018,230,230,232,0.0018,0.1906,230,0.0043,NA,NA,NA,NA,NA,NA,0.1742,0.002,357,0.1795,0.2471,0,0.2703,0,Bayes-M17-med
Ipamu,Kwilu,1,FALSE,0.0018,0.0014,0.0022,0.0017,241,240,241,0.0018,0.1817,241,0.0041,NA,NA,NA,NA,NA,NA,0.5454,0.0061,169,0.4903,0.7683,0,0.9228,0,Bayes-M17-med
Kalambayi Kabanga,Lomami,1,FALSE,0.0018,0.0014,0.0023,0.0018,227,226,229,0.0018,0.1914,227,0.0043,NA,NA,NA,NA,NA,NA,0.3132,0.0037,249,0.4556,0.1602,0,0.6371,0,Bayes-M17-med
Kamana,Lomami,1,FALSE,0.0018,0.0014,0.0023,0.0018,237,234,238,0.0018,0.1857,237,0.0042,NA,NA,NA,NA,NA,NA,0.2944,0.0034,267,0.5309,0.0174,0,0.6293,0,Bayes-M17-med
Binga,Mongala,1,FALSE,0.0018,0.0014,0.0023,0.0018,231,227,237,0.0018,0.1888,231,0.0042,NA,NA,NA,NA,NA,NA,0.3306,0.0038,239,0.4749,0.249,0,0.5985,0,Bayes-M17-med
Ototo,Sankuru,1,FALSE,0.0018,0.0014,0.0023,0.0018,234,234,235,0.0018,0.1871,234,0.0042,NA,NA,NA,NA,NA,NA,0.4561,0.0052,197,0.5386,0.3629,0,0.9228,0,Bayes-M17-med
Tshumbe,Sankuru,1,FALSE,0.0018,0.0014,0.0022,0.0017,242,239,243,0.0018,0.1816,242,0.0041,NA,NA,NA,NA,NA,NA,0.3907,0.0044,214,0.5444,0.1718,0,0.8465,0,Bayes-M17-med
Libenge,Sud-Ubangi,1,FALSE,0.0018,0.0014,0.0022,0.0018,239,236,246,0.0018,0.1826,239,0.0041,NA,NA,NA,NA,NA,NA,0.3818,0.0043,220,0.6293,0.3591,0,0.5386,0,Bayes-M17-med
Monga,Bas-Uele,1,FALSE,0.0017,0.0013,0.0022,0.0017,251,242,258,0.0017,0.1761,251,0.0039,NA,NA,NA,NA,NA,NA,0.7336,0.0079,129,0.9826,0.9672,0,0.9846,0,Bayes-M17-med
Bolomba,Equateur,1,FALSE,0.0017,0.0013,0.0021,0.0016,259,256,260,0.0017,0.1715,259,0.0038,NA,NA,NA,NA,NA,NA,0.6163,0.0065,159,0.9575,0.8533,0,0.6544,0,Bayes-M17-med
Kampemba,Haut-Katanga,1,FALSE,0.0017,0.0013,0.0022,0.0017,244,242,245,0.0017,0.1802,244,0.004,NA,NA,NA,NA,NA,NA,0.0531,6e-4,441,0.0598,0.0367,0,0.1158,0,Bayes-M17-med
Sakania,Haut-Katanga,1,FALSE,0.0017,0.0013,0.0022,0.0017,250,249,250,0.0017,0.1769,250,0.004,NA,NA,NA,NA,NA,NA,0.2775,0.003,292,0.7375,0.2355,0,0.1371,0,Bayes-M17-med
Mukanga,Haut-Lomami,1,FALSE,0.0017,0.0013,0.0021,0.0017,256,254,260,0.0017,0.1729,256,0.0039,NA,NA,NA,NA,NA,NA,0.4739,0.005,203,0.6853,0.6911,0,0.5193,0,Bayes-M17-med
Kanzala,Kasaï,1,FALSE,0.0017,0.0013,0.0021,0.0017,254,253,257,0.0017,0.1741,254,0.0039,NA,NA,NA,NA,NA,NA,0.2046,0.0022,341,0.168,0.3127,0,0.3378,0,Bayes-M17-med
Dibaya,Kasaï-Central,1,FALSE,0.0017,0.0013,0.0021,0.0017,253,252,258,0.0017,0.1744,253,0.0039,NA,NA,NA,NA,NA,NA,0.3325,0.0036,254,0.3147,0.4479,0,0.5676,0,Bayes-M17-med
Ndekesha,Kasaï-Central,1,FALSE,0.0017,0.0013,0.0022,0.0017,249,248,251,0.0017,0.1772,249,0.004,NA,NA,NA,NA,NA,NA,0.4059,0.0044,209,0.4768,0.4498,0,0.6969,0,Bayes-M17-med
Kansele,Kasaï-Oriental,1,FALSE,0.0017,0.0013,0.0022,0.0017,248,247,252,0.0017,0.1773,248,0.004,NA,NA,NA,NA,NA,NA,0.2437,0.0027,312,0.0541,0.5965,0,0.3243,0,Bayes-M17-med
Matadi,Kongo-Central,1,FALSE,0.0017,0.0013,0.0022,0.0017,246,245,246,0.0017,0.1796,246,0.004,NA,NA,NA,NA,NA,NA,0.2939,0.0032,277,0.1564,0.944,0,0.0753,0,Bayes-M17-med
Yasa Bonga,Kwilu,1,FALSE,0.0017,0.0013,0.0021,0.0016,257,255,261,0.0017,0.1718,257,0.0039,NA,NA,NA,NA,NA,NA,0.4206,0.0044,208,0.3031,0.5328,0,0.8465,0,Bayes-M17-med
Alunguli,Maniema,1,FALSE,0.0017,0.0013,0.0022,0.0017,247,244,248,0.0017,0.1787,247,0.004,NA,NA,NA,NA,NA,NA,0.3132,0.0034,265,0.1737,0.195,0,0.8842,0,Bayes-M17-med
Gbadolite,Nord-Ubangi,1,FALSE,0.0017,0.0013,0.0021,0.0016,260,254,264,0.0017,0.1713,260,0.0038,NA,NA,NA,NA,NA,NA,0.5183,0.0055,187,0.7915,0.9653,0,0.3166,0,Bayes-M17-med
Dikungu,Sankuru,1,FALSE,0.0017,0.0013,0.0022,0.0017,245,243,247,0.0017,0.1797,245,0.004,NA,NA,NA,NA,NA,NA,0.3779,0.0042,224,0.4865,0.1409,0,0.8842,0,Bayes-M17-med
Minga,Sankuru,1,FALSE,0.0017,0.0013,0.0022,0.0017,243,241,244,0.0017,0.181,243,0.0041,NA,NA,NA,NA,NA,NA,0.5347,0.0059,171,0.7838,0.471,0,0.8842,0,Bayes-M17-med
Bogosenubea,Sud-Ubangi,1,FALSE,0.0017,0.0013,0.0021,0.0017,255,249,259,0.0017,0.1739,255,0.0039,NA,NA,NA,NA,NA,NA,0.4107,0.0044,212,0.4981,0.3031,0,0.8417,0,Bayes-M17-med
Lowa,Tshopo,1,FALSE,0.0017,0.0013,0.0021,0.0017,252,250,253,0.0017,0.1757,252,0.0039,NA,NA,NA,NA,NA,NA,0.4073,0.0044,211,0.8938,0.0598,0,0.6757,0,Bayes-M17-med
Mompono,Tshuapa,1,FALSE,0.0017,0.0013,0.0021,0.0016,258,255,261,0.0017,0.1716,258,0.0038,NA,NA,NA,NA,NA,NA,0.5598,0.0059,173,0.8089,0.6042,0,0.8263,0,Bayes-M17-med
Basankusu,Equateur,1,FALSE,0.0016,0.0013,0.0021,0.0016,263,259,265,0.0016,0.17,263,0.0038,NA,NA,NA,NA,NA,NA,0.6844,0.0071,142,0.9517,0.8629,0,0.9228,0,Bayes-M17-med
Ruashi,Haut-Katanga,1,FALSE,0.0016,0.0012,0.002,0.0016,270,269,272,0.0016,0.1628,270,0.0037,NA,NA,NA,NA,NA,NA,0.0705,7e-4,438,0.0985,0.0637,0,0.1197,0,Bayes-M17-med
Ilebo,Kasaï,1,FALSE,0.0016,0.0012,0.002,0.0016,266,266,268,0.0016,0.1655,266,0.0037,NA,NA,NA,NA,NA,NA,0.3142,0.0032,280,0.2162,0.6139,0,0.4266,0,Bayes-M17-med
Katende,Kasaï-Central,1,FALSE,0.0016,0.0012,0.002,0.0016,267,266,269,0.0016,0.1653,267,0.0037,NA,NA,NA,NA,NA,NA,0.5154,0.0052,198,0.6525,0.6486,0,0.7606,0,Bayes-M17-med
Lukonga,Kasaï-Central,1,FALSE,0.0016,0.0012,0.002,0.0016,272,269,274,0.0016,0.1626,272,0.0036,NA,NA,NA,NA,NA,NA,0.3282,0.0033,274,0.2239,0.6429,0,0.4459,0,Bayes-M17-med
Mukumbi,Kasaï-Oriental,1,FALSE,0.0016,0.0012,0.002,0.0016,268,268,270,0.0016,0.1648,268,0.0037,NA,NA,NA,NA,NA,NA,0.2249,0.0023,337,0.2413,0.1892,0,0.4691,0,Bayes-M17-med
Kisantu,Kongo-Central,1,FALSE,0.0016,0.0012,0.002,0.0016,272,271,273,0.0016,0.1624,273,0.0036,NA,NA,NA,NA,NA,NA,0.418,0.0042,225,0.5039,0.9903,0,0.1776,0,Bayes-M17-med
Djuma,Kwilu,1,FALSE,0.0016,0.0012,0.002,0.0015,274,272,275,0.0016,0.1611,274,0.0036,NA,NA,NA,NA,NA,NA,0.5256,0.0052,199,0.4826,0.7355,0,0.8842,0,Bayes-M17-med
Kikwit Sud,Kwilu,1,FALSE,0.0016,0.0013,0.0021,0.0016,261,257,263,0.0017,0.1708,261,0.0038,NA,NA,NA,NA,NA,NA,0.3282,0.0034,263,0.1313,0.7008,0,0.4807,0,Bayes-M17-med
Ferekeni,Maniema,1,FALSE,0.0016,0.0013,0.0021,0.0016,262,256,264,0.0016,0.1702,262,0.0038,NA,NA,NA,NA,NA,NA,0.3504,0.0037,250,0.7722,0.0425,0,0.5869,0,Bayes-M17-med
Bosobolo,Nord-Ubangi,1,FALSE,0.0016,0.0012,0.002,0.0016,269,265,273,0.0016,0.1646,269,0.0037,NA,NA,NA,NA,NA,NA,0.7148,0.0072,140,0.9363,0.9459,0,0.9768,0,Bayes-M17-med
Basali,Tshopo,1,FALSE,0.0016,0.0013,0.0021,0.0016,263,262,264,0.0016,0.1699,264,0.0038,NA,NA,NA,NA,NA,NA,0.3779,0.0039,234,0.834,0.0251,0,0.6525,0,Bayes-M17-med
Befale,Tshuapa,1,FALSE,0.0016,0.0012,0.002,0.0016,271,268,274,0.0016,0.1627,271,0.0036,NA,NA,NA,NA,NA,NA,0.5145,0.0051,201,0.8822,0.4903,0,0.6853,0,Bayes-M17-med
Kiambi,Tanganyika,1,FALSE,0.0016,0.0012,0.002,0.0016,265,262,266,0.0016,0.1675,265,0.0038,NA,NA,NA,NA,NA,NA,0.5709,0.0059,174,0.9807,0.6834,0,0.6197,0,Bayes-M17-med
Kilwa,Haut-Katanga,1,FALSE,0.0015,0.0012,0.0019,0.0015,277,276,280,0.0015,0.1574,277,0.0035,NA,NA,NA,NA,NA,NA,0.3764,0.0036,251,0.749,0.39,0,0.3668,0,Bayes-M17-med
Tshibala,Kasaï-Central,1,FALSE,0.0015,0.0012,0.0019,0.0015,275,275,277,0.0015,0.1593,275,0.0036,NA,NA,NA,NA,NA,NA,0.4218,0.0041,227,0.4266,0.5772,0,0.6834,0,Bayes-M17-med
Yangala,Kasaï-Central,1,FALSE,0.0015,0.0011,0.0018,0.0015,283,281,285,0.0015,0.1517,283,0.0034,NA,NA,NA,NA,NA,NA,0.348,0.0032,276,0.5927,0.2259,0,0.5734,0,Bayes-M17-med
Muanda,Kongo-Central,1,FALSE,0.0015,0.0011,0.0018,0.0014,284,282,285,0.0015,0.1511,284,0.0034,NA,NA,NA,NA,NA,NA,0.4093,0.0038,242,0.6371,1,0,0,0,Bayes-M17-med
Masi Manimba,Kwilu,1,FALSE,0.0015,0.0011,0.0019,0.0015,281,279,281,0.0015,0.1532,281,0.0034,NA,NA,NA,NA,NA,NA,0.4281,0.004,230,0.332,0.4961,0,0.8842,0,Bayes-M17-med
Kalonda Est,Lomami,1,FALSE,0.0015,0.0011,0.0019,0.0015,282,278,283,0.0015,0.1527,282,0.0034,NA,NA,NA,NA,NA,NA,0.3292,0.0031,290,0.5425,0.1506,0,0.6236,0,Bayes-M17-med
Boso Manzi,Mongala,1,FALSE,0.0015,0.0011,0.0019,0.0015,280,279,283,0.0015,0.1541,279,0.0035,NA,NA,NA,NA,NA,NA,0.3982,0.0038,245,0.5695,0.2278,0,0.7954,0,Bayes-M17-med
Abuzi,Nord-Ubangi,1,FALSE,0.0015,0.0011,0.0019,0.0015,280,278,284,0.0015,0.154,280,0.0035,NA,NA,NA,NA,NA,NA,0.7153,0.0068,154,0.9846,0.9054,0,0.971,0,Bayes-M17-med
Bili (Nord-Ubangi),Nord-Ubangi,1,FALSE,0.0015,0.0012,0.0019,0.0015,278,276,280,0.0015,0.156,278,0.0035,NA,NA,NA,NA,NA,NA,0.7075,0.0068,153,0.9247,0.9189,0,0.9865,0,Bayes-M17-med
Mobayi Mbongo,Nord-Ubangi,1,FALSE,0.0015,0.0012,0.002,0.0015,276,271,277,0.0015,0.1591,276,0.0036,NA,NA,NA,NA,NA,NA,0.5458,0.0053,193,0.9324,0.8166,0,0.4344,0,Bayes-M17-med
Kambove,Haut-Katanga,1,FALSE,0.0014,0.0011,0.0018,0.0014,292,291,294,0.0014,0.1459,293,0.0033,NA,NA,NA,NA,NA,NA,0.306,0.0027,309,0.4247,0.6236,0,0.1757,0,Bayes-M17-med
Kapolowe,Haut-Katanga,1,FALSE,0.0014,0.0011,0.0018,0.0014,288,287,289,0.0014,0.148,288,0.0033,NA,NA,NA,NA,NA,NA,0.3026,0.0027,308,0.5579,0.444,0,0.2085,0,Bayes-M17-med
Kisanga,Haut-Katanga,1,FALSE,0.0014,0.0011,0.0018,0.0014,285,285,287,0.0014,0.1491,285,0.0033,NA,NA,NA,NA,NA,NA,0.1081,0.001,422,0.1293,0.2008,0,0.1023,0,Bayes-M17-med
Kamonia,Kasaï,1,FALSE,0.0014,0.0011,0.0017,0.0014,297,295,298,0.0014,0.1426,297,0.0032,NA,NA,NA,NA,NA,NA,0.14,0.0012,406,0.3707,0.11,0,0.0792,0,Bayes-M17-med
Kasaji,Lualaba,1,FALSE,0.0014,0.0011,0.0018,0.0014,294,292,295,0.0014,0.1457,294,0.0033,NA,NA,NA,NA,NA,NA,0.4648,0.0042,226,0.8552,0.4923,0,0.5116,0,Bayes-M17-med
Lualaba,Lualaba,1,FALSE,0.0014,0.0011,0.0018,0.0014,291,290,292,0.0014,0.146,292,0.0033,NA,NA,NA,NA,NA,NA,0.1404,0.0013,404,0.3552,0.0347,0,0.1718,0,Bayes-M17-med
Pangi,Maniema,1,FALSE,0.0014,0.0011,0.0018,0.0014,290,288,296,0.0014,0.1461,290,0.0033,NA,NA,NA,NA,NA,NA,0.3316,0.003,296,0.6081,0.056,0,0.6622,0,Bayes-M17-med
Wapinda,Nord-Ubangi,1,FALSE,0.0014,0.0011,0.0018,0.0014,286,282,293,0.0014,0.1489,286,0.0033,NA,NA,NA,NA,NA,NA,0.6791,0.0062,164,0.9015,0.8398,0,0.9749,0,Bayes-M17-med
Lusambo,Sankuru,1,FALSE,0.0014,0.0011,0.0018,0.0014,291,289,292,0.0014,0.146,291,0.0033,NA,NA,NA,NA,NA,NA,0.4833,0.0043,215,0.6815,0.2992,0,0.9527,0,Bayes-M17-med
Wembo Nyama,Sankuru,1,FALSE,0.0014,0.0011,0.0018,0.0014,287,286,288,0.0014,0.1486,287,0.0033,NA,NA,NA,NA,NA,NA,0.4097,0.0037,247,0.5019,0.2143,0,0.9228,0,Bayes-M17-med
Boto,Sud-Ubangi,1,FALSE,0.0014,0.001,0.0017,0.0014,298,297,298,0.0014,0.1415,298,0.0032,NA,NA,NA,NA,NA,NA,0.3596,0.0031,285,0.3282,0.5174,0,0.5927,0,Bayes-M17-med
Budjala,Sud-Ubangi,1,FALSE,0.0014,0.0011,0.0018,0.0014,296,291,296,0.0014,0.143,295,0.0032,NA,NA,NA,NA,NA,NA,0.43,0.0038,244,0.5154,0.4035,0,0.8012,0,Bayes-M17-med
Kungu,Sud-Ubangi,1,FALSE,0.0014,0.0011,0.0018,0.0014,289,286,294,0.0014,0.1469,289,0.0033,NA,NA,NA,NA,NA,NA,0.3711,0.0033,269,0.3745,0.3359,0,0.7741,0,Bayes-M17-med
Ndage,Sud-Ubangi,1,FALSE,0.0014,0.0011,0.0018,0.0014,296,290,297,0.0014,0.143,296,0.0032,NA,NA,NA,NA,NA,NA,0.3533,0.0031,287,0.3996,0.2761,0,0.7375,0,Bayes-M17-med
Pweto,Haut-Katanga,1,FALSE,0.0013,0.001,0.0016,0.0013,307,305,307,0.0013,0.1334,307,0.003,NA,NA,NA,NA,NA,NA,0.3518,0.0029,302,0.7992,0.2587,0,0.3494,0,Bayes-M17-med
Kakenge,Kasaï,1,FALSE,0.0013,0.001,0.0016,0.0013,310,310,310,0.0013,0.1303,310,0.0029,NA,NA,NA,NA,NA,NA,0.4522,0.0036,252,0.5753,0.4788,0,0.7548,0,Bayes-M17-med
Ndjoko Mpunda,Kasaï,1,FALSE,0.0013,0.001,0.0017,0.0013,303,301,303,0.0013,0.1376,303,0.0031,NA,NA,NA,NA,NA,NA,0.333,0.0028,305,0.3977,0.2915,0,0.6429,0,Bayes-M17-med
Muetshi,Kasaï-Central,1,FALSE,0.0013,0.001,0.0016,0.0013,309,308,309,0.0013,0.1312,309,0.0029,NA,NA,NA,NA,NA,NA,0.4792,0.0039,237,0.6158,0.5386,0,0.7625,0,Bayes-M17-med
Bandundu,Kwilu,1,FALSE,0.0013,0.001,0.0017,0.0013,299,299,301,0.0013,0.1389,299,0.0031,NA,NA,NA,NA,NA,NA,0.3364,0.0029,303,0.3436,0.751,0,0.251,0,Bayes-M17-med
Mokala,Kwilu,1,FALSE,0.0013,0.001,0.0017,0.0013,304,303,305,0.0013,0.1371,304,0.0031,NA,NA,NA,NA,NA,NA,0.5118,0.0043,218,0.4228,0.6718,0,0.9527,0,Bayes-M17-med
Makota,Lomami,1,FALSE,0.0013,0.001,0.0017,0.0013,302,300,305,0.0013,0.1376,302,0.0031,NA,NA,NA,NA,NA,NA,0.2587,0.0022,342,0.1023,0.3764,0,0.556,0,Bayes-M17-med
Loko,Nord-Ubangi,1,FALSE,0.0013,0.001,0.0017,0.0013,305,300,306,0.0013,0.1365,305,0.0031,NA,NA,NA,NA,NA,NA,0.6535,0.0055,186,0.9402,0.9266,0,0.7471,0,Bayes-M17-med
Bena Dibele,Sankuru,1,FALSE,0.0013,0.001,0.0016,0.0013,308,307,308,0.0013,0.1322,308,0.003,NA,NA,NA,NA,NA,NA,0.4093,0.0033,270,0.6216,0.1564,0,0.8591,0,Bayes-M17-med
Kole,Sankuru,1,FALSE,0.0013,0.001,0.0017,0.0013,301,300,302,0.0013,0.1381,300,0.0031,NA,NA,NA,NA,NA,NA,0.4802,0.0041,229,0.7761,0.2606,0,0.8842,0,Bayes-M17-med
Bokonzi,Sud-Ubangi,1,FALSE,0.0013,0.001,0.0017,0.0013,301,299,304,0.0013,0.138,301,0.0031,NA,NA,NA,NA,NA,NA,0.236,0.002,362,0.4305,0.083,0,0.4305,0,Bayes-M17-med
Bulu,Sud-Ubangi,1,FALSE,0.0013,0.001,0.0016,0.0013,306,306,309,0.0013,0.1341,306,0.003,NA,NA,NA,NA,NA,NA,0.3147,0.0026,316,0.3649,0.1988,0,0.695,0,Bayes-M17-med
Kinkondja,Haut-Lomami,1,FALSE,0.0012,9e-4,0.0015,0.0012,313,313,315,0.0012,0.1268,313,0.0028,NA,NA,NA,NA,NA,NA,0.4889,0.0038,241,0.7278,0.6274,0,0.6004,0,Bayes-M17-med
Mikope,Kasaï,1,FALSE,0.0012,0.001,0.0016,0.0012,312,311,313,0.0012,0.1285,312,0.0029,NA,NA,NA,NA,NA,NA,0.3996,0.0032,284,0.6776,0.2703,0,0.6506,0,Bayes-M17-med
Katoka,Kasaï-Central,1,FALSE,0.0012,9e-4,0.0015,0.0012,320,317,320,0.0012,0.1225,320,0.0027,NA,NA,NA,NA,NA,NA,0.2645,0.002,363,0.1216,0.473,0,0.4633,0,Bayes-M17-med
Tshikula,Kasaï-Central,1,FALSE,0.0012,9e-4,0.0015,0.0012,315,314,317,0.0012,0.1253,315,0.0028,NA,NA,NA,NA,NA,NA,0.3296,0.0025,318,0.3919,0.3185,0,0.6081,0,Bayes-M17-med
Lukula,Kongo-Central,1,FALSE,0.0012,9e-4,0.0015,0.0012,316,315,319,0.0012,0.1246,317,0.0028,NA,NA,NA,NA,NA,NA,0.3933,0.003,293,0.529,0.8745,0,0.1699,0,Bayes-M17-med
Boko Kivulu,Kongo-Central,1,FALSE,0.0012,9e-4,0.0015,0.0012,322,322,323,0.0012,0.1207,322,0.0027,NA,NA,NA,NA,NA,NA,0.4281,0.0032,282,0.5792,0.9324,0,0.2008,0,Bayes-M17-med
Kimpese,Kongo-Central,1,FALSE,0.0012,0.001,0.0016,0.0012,311,311,312,0.0012,0.1286,311,0.0029,NA,NA,NA,NA,NA,NA,0.4947,0.0039,235,0.7896,0.9768,0,0.2124,0,Bayes-M17-med
Pay Kongila,Kwilu,1,FALSE,0.0012,9e-4,0.0015,0.0011,324,324,325,0.0012,0.1198,324,0.0027,NA,NA,NA,NA,NA,NA,0.4488,0.0033,272,0.5135,0.6467,0,0.6351,0,Bayes-M17-med
Kapanga,Lualaba,1,FALSE,0.0012,9e-4,0.0015,0.0012,323,322,323,0.0012,0.1207,323,0.0027,NA,NA,NA,NA,NA,NA,0.4112,0.003,291,0.8514,0.3938,0,0.3996,0,Bayes-M17-med
Tunda,Maniema,1,FALSE,0.0012,9e-4,0.0015,0.0012,321,318,321,0.0012,0.1221,321,0.0027,NA,NA,NA,NA,NA,NA,0.459,0.0034,264,0.8977,0.0541,0,0.8842,0,Bayes-M17-med
Boso Mondanda,Mongala,1,FALSE,0.0012,9e-4,0.0015,0.0012,319,316,319,0.0012,0.124,319,0.0028,NA,NA,NA,NA,NA,NA,0.3716,0.0028,304,0.5869,0.1486,0,0.751,0,Bayes-M17-med
Businga,Nord-Ubangi,1,FALSE,0.0012,9e-4,0.0015,0.0012,317,314,321,0.0012,0.1246,316,0.0028,NA,NA,NA,NA,NA,NA,0.6781,0.0052,200,0.9286,0.861,0,0.9228,0,Bayes-M17-med
Wasolo,Nord-Ubangi,1,FALSE,0.0012,9e-4,0.0015,0.0012,314,312,320,0.0012,0.1255,314,0.0028,NA,NA,NA,NA,NA,NA,0.5709,0.0044,210,0.5541,0.7413,0,0.9884,0,Bayes-M17-med
Monkoto,Tshuapa,1,FALSE,0.0012,9e-4,0.0015,0.0012,318,316,319,0.0012,0.1243,318,0.0028,NA,NA,NA,NA,NA,NA,0.5598,0.0043,221,0.9498,0.4054,0,0.8842,0,Bayes-M17-med
Ingende,Equateur,1,FALSE,0.0011,9e-4,0.0014,0.0011,326,324,329,0.0011,0.1181,326,0.0026,NA,NA,NA,NA,NA,NA,0.596,0.0043,217,0.9208,0.8571,0,0.6062,0,Bayes-M17-med
Likasi,Haut-Katanga,1,FALSE,0.0011,9e-4,0.0014,0.0011,332,330,332,0.0011,0.1145,332,0.0026,NA,NA,NA,NA,NA,NA,0.1728,0.0012,407,0.112,0.4208,0,0.1583,0,Bayes-M17-med
Dekese,Kasaï,1,FALSE,0.0011,8e-4,0.0014,0.0011,333,333,334,0.0011,0.113,333,0.0025,NA,NA,NA,NA,NA,NA,0.4633,0.0032,279,0.9189,0.2181,0,0.7162,0,Bayes-M17-med
Bilomba,Kasaï-Central,1,FALSE,0.0011,9e-4,0.0014,0.0011,328,326,329,0.0011,0.1176,328,0.0026,NA,NA,NA,NA,NA,NA,0.4006,0.0029,301,0.3378,0.4421,0,0.8224,0,Bayes-M17-med
Boma,Kongo-Central,1,FALSE,0.0011,9e-4,0.0014,0.0011,329,328,329,0.0011,0.1173,329,0.0026,NA,NA,NA,NA,NA,NA,0.2901,0.0021,351,0.1467,0.9247,0,0.0888,0,Bayes-M17-med
Kwilu Ngongo,Kongo-Central,1,FALSE,0.0011,8e-4,0.0013,0.001,339,339,339,0.0011,0.1091,339,0.0024,NA,NA,NA,NA,NA,NA,0.3875,0.0026,315,0.4884,0.8668,0,0.195,0,Bayes-M17-med
Mbanza Ngungu,Kongo-Central,1,FALSE,0.0011,9e-4,0.0014,0.0011,327,326,327,0.0011,0.118,327,0.0026,NA,NA,NA,NA,NA,NA,0.3711,0.0027,310,0.3205,0.9749,0,0.1892,0,Bayes-M17-med
Panzi,Kwango,1,FALSE,0.0011,9e-4,0.0014,0.0011,331,331,332,0.0011,0.1145,331,0.0026,NA,NA,NA,NA,NA,NA,0.5236,0.0037,248,0.7548,0.583,0,0.7568,0,Bayes-M17-med
Boko,Kwango,1,FALSE,0.0011,8e-4,0.0014,0.0011,336,336,336,0.0011,0.1118,336,0.0025,NA,NA,NA,NA,NA,NA,0.5121,0.0035,257,0.7336,0.61,0,0.7046,0,Bayes-M17-med
Feshi,Kwango,1,FALSE,0.0011,8e-4,0.0014,0.0011,337,337,337,0.0011,0.1118,337,0.0025,NA,NA,NA,NA,NA,NA,0.5082,0.0035,261,0.7317,0.5425,0,0.7587,0,Bayes-M17-med
Bagata,Kwilu,1,FALSE,0.0011,9e-4,0.0015,0.0011,325,325,326,0.0011,0.1188,325,0.0027,NA,NA,NA,NA,NA,NA,0.5135,0.0037,246,0.6795,0.695,0,0.6795,0,Bayes-M17-med
Kimputu,Kwilu,1,FALSE,0.0011,8e-4,0.0014,0.0011,334,333,334,0.0011,0.1125,334,0.0025,NA,NA,NA,NA,NA,NA,0.5039,0.0035,262,0.4923,0.639,0,0.8842,0,Bayes-M17-med
Mosango,Kwilu,1,FALSE,0.0011,8e-4,0.0014,0.0011,335,335,335,0.0011,0.112,335,0.0025,NA,NA,NA,NA,NA,NA,0.515,0.0035,255,0.5463,0.7375,0,0.7761,0,Bayes-M17-med
Sandoa,Lualaba,1,FALSE,0.0011,8e-4,0.0014,0.0011,338,338,338,0.0011,0.1116,338,0.0025,NA,NA,NA,NA,NA,NA,0.5536,0.0038,243,0.9421,0.6815,0,0.5907,0,Bayes-M17-med
Inongo,Mai-Ndombe,1,FALSE,0.0011,9e-4,0.0014,0.0011,330,330,332,0.0011,0.1153,330,0.0026,NA,NA,NA,NA,NA,NA,0.4952,0.0035,258,0.7645,0.2934,0,0.9228,0,Bayes-M17-med
Makanza,Equateur,1,FALSE,0.001,7e-4,0.0012,9e-4,357,354,357,0.001,0.0985,356,0.0022,NA,NA,NA,NA,NA,NA,0.639,0.0039,236,0.9537,0.7954,0,0.8069,0,Bayes-M17-med
Mufunga Sampwe,Haut-Katanga,1,FALSE,0.001,8e-4,0.0013,0.001,341,341,342,0.001,0.1071,341,0.0024,NA,NA,NA,NA,NA,NA,0.3774,0.0025,322,0.8185,0.0888,0,0.6023,0,Bayes-M17-med
Kasenga,Haut-Katanga,1,FALSE,0.001,8e-4,0.0013,0.001,348,348,349,0.001,0.1031,348,0.0023,NA,NA,NA,NA,NA,NA,0.3953,0.0025,320,0.8166,0.6255,0,0.139,0,Bayes-M17-med
Lwamba,Haut-Lomami,1,FALSE,0.001,8e-4,0.0013,0.001,344,343,344,0.001,0.1039,344,0.0023,NA,NA,NA,NA,NA,NA,0.4865,0.0031,286,0.8069,0.6409,0,0.4981,0,Bayes-M17-med
Songa,Haut-Lomami,1,FALSE,0.001,7e-4,0.0012,0.001,352,351,352,0.001,0.1008,352,0.0023,NA,NA,NA,NA,NA,NA,0.473,0.0029,298,0.9344,0.3533,0,0.6042,0,Bayes-M17-med
Mushenge,Kasaï,1,FALSE,0.001,7e-4,0.0012,9e-4,356,356,357,0.001,0.0985,357,0.0022,NA,NA,NA,NA,NA,NA,0.3229,0.002,368,0.5946,0.0656,0,0.6313,0,Bayes-M17-med
Kitangwa,Kasaï,1,FALSE,0.001,8e-4,0.0013,0.001,347,347,347,0.001,0.1032,347,0.0023,NA,NA,NA,NA,NA,NA,0.3287,0.0021,352,0.6332,0.1062,0,0.5753,0,Bayes-M17-med
Lubondaie,Kasaï-Central,1,FALSE,0.001,7e-4,0.0012,9e-4,355,355,356,0.001,0.0988,355,0.0022,NA,NA,NA,NA,NA,NA,0.3147,0.0019,370,0.3822,0.1583,0,0.7181,0,Bayes-M17-med
Lubunga (Kasaï-Central),Kasaï-Central,1,FALSE,0.001,8e-4,0.0013,0.001,346,346,348,0.001,0.1034,346,0.0023,NA,NA,NA,NA,NA,NA,0.4599,0.0029,299,0.5637,0.4653,0,0.8108,0,Bayes-M17-med
Kahemba,Kwango,1,FALSE,0.001,7e-4,0.0012,0.001,354,354,355,0.001,0.0993,354,0.0022,NA,NA,NA,NA,NA,NA,0.5367,0.0033,275,0.8958,0.7278,0,0.5232,0,Bayes-M17-med
Kikongo,Kwilu,1,FALSE,0.001,8e-4,0.0013,0.001,342,342,343,0.001,0.1065,342,0.0024,NA,NA,NA,NA,NA,NA,0.5024,0.0033,273,0.6969,0.6023,0,0.7104,0,Bayes-M17-med
Mungindu,Kwilu,1,FALSE,0.001,7e-4,0.0012,0.001,353,353,353,0.001,0.0994,353,0.0022,NA,NA,NA,NA,NA,NA,0.3818,0.0023,332,0.4691,0.5367,0,0.5212,0,Bayes-M17-med
Wikong,Lomami,1,FALSE,0.001,8e-4,0.0013,0.001,340,340,341,0.001,0.1084,340,0.0024,NA,NA,NA,NA,NA,NA,0.3663,0.0024,325,0.2529,0.4228,0,0.7896,0,Bayes-M17-med
Dilolo,Lualaba,1,FALSE,0.001,8e-4,0.0013,0.001,349,349,350,0.001,0.1029,349,0.0023,NA,NA,NA,NA,NA,NA,0.3663,0.0023,333,0.8398,0.6197,0,0.0058,0,Bayes-M17-med
Kanzenze,Lualaba,1,FALSE,0.001,8e-4,0.0012,0.001,351,350,351,0.001,0.1012,351,0.0023,NA,NA,NA,NA,NA,NA,0.2389,0.0015,393,0.6255,0.1429,0,0.1873,0,Bayes-M17-med
Djalo Ndjeka,Sankuru,1,FALSE,0.001,8e-4,0.0013,0.001,345,345,346,0.001,0.1036,345,0.0023,NA,NA,NA,NA,NA,NA,0.3378,0.0021,346,0.3591,0.0695,0,0.9228,0,Bayes-M17-med
Bangabola,Sud-Ubangi,1,FALSE,0.001,8e-4,0.0013,0.001,343,340,344,0.001,0.1062,343,0.0024,NA,NA,NA,NA,NA,NA,0.3904,0.0025,317,0.3533,0.3494,0,0.8591,0,Bayes-M17-med
Mawuya,Sud-Ubangi,1,FALSE,0.001,8e-4,0.0012,0.001,350,345,352,0.001,0.1016,350,0.0023,NA,NA,NA,NA,NA,NA,0.2654,0.0017,386,0.444,0.2394,0,0.3784,0,Bayes-M17-med
Bikoro,Equateur,1,FALSE,9e-4,7e-4,0.0011,9e-4,364,363,364,9e-4,0.0931,364,0.0021,NA,NA,NA,NA,NA,NA,0.5951,0.0034,266,0.8127,0.8147,0,0.7529,0,Bayes-M17-med
Wangata,Equateur,1,FALSE,9e-4,7e-4,0.0012,9e-4,362,361,363,9e-4,0.0941,362,0.0021,NA,NA,NA,NA,NA,NA,0.417,0.0024,326,0.2336,0.9865,0,0.4479,0,Bayes-M17-med
Mutena,Kasaï,1,FALSE,9e-4,7e-4,0.0012,9e-4,360,359,362,9e-4,0.0955,360,0.0021,NA,NA,NA,NA,NA,NA,0.2336,0.0014,400,0.334,0.0753,0,0.5251,0,Bayes-M17-med
Seke Banza,Kongo-Central,1,FALSE,9e-4,7e-4,0.0012,9e-4,360,359,360,9e-4,0.0955,359,0.0021,NA,NA,NA,NA,NA,NA,0.4513,0.0026,313,0.6351,0.9498,0,0.2201,0,Bayes-M17-med
Massa,Kongo-Central,1,FALSE,9e-4,7e-4,0.0011,9e-4,366,366,367,9e-4,0.0909,366,0.002,NA,NA,NA,NA,NA,NA,0.4223,0.0024,329,0.668,0.9208,0,0.1004,0,Bayes-M17-med
Kimbao,Kwango,1,FALSE,9e-4,7e-4,0.0011,9e-4,365,365,366,9e-4,0.0915,365,0.0021,NA,NA,NA,NA,NA,NA,0.5743,0.0032,278,0.7201,0.7181,0,0.8591,0,Bayes-M17-med
Popokabaka,Kwango,1,FALSE,9e-4,7e-4,0.0011,9e-4,363,362,364,9e-4,0.0933,363,0.0021,NA,NA,NA,NA,NA,NA,0.5507,0.0032,283,0.7703,0.7876,0,0.6448,0,Bayes-M17-med
Kamiji,Lomami,1,FALSE,9e-4,7e-4,0.0012,9e-4,358,358,359,9e-4,0.0962,358,0.0022,NA,NA,NA,NA,NA,NA,0.2635,0.0016,392,0.3398,0.1293,0,0.5849,0,Bayes-M17-med
Bongandanga,Mongala,1,FALSE,9e-4,7e-4,0.0011,9e-4,368,368,370,9e-4,0.0889,368,0.002,NA,NA,NA,NA,NA,NA,0.4228,0.0023,334,0.7587,0.0097,0,0.9228,0,Bayes-M17-med
Bominenge,Sud-Ubangi,1,FALSE,9e-4,7e-4,0.0012,9e-4,361,358,361,9e-4,0.0954,361,0.0021,NA,NA,NA,NA,NA,NA,0.3258,0.0019,371,0.2819,0.0985,0,0.9228,0,Bayes-M17-med
Busanga,Tshuapa,1,FALSE,9e-4,7e-4,0.0011,9e-4,367,365,367,9e-4,0.0908,367,0.002,NA,NA,NA,NA,NA,NA,0.4452,0.0025,321,0.6602,0.168,0,0.9527,0,Bayes-M17-med
Kafubu,Haut-Katanga,1,FALSE,8e-4,6e-4,0.001,8e-4,379,379,380,8e-4,0.0814,379,0.0018,NA,NA,NA,NA,NA,NA,0.2104,0.0011,418,0.6042,0.0869,0,0.1506,0,Bayes-M17-med
Kayamba,Haut-Lomami,1,FALSE,8e-4,6e-4,0.001,8e-4,377,375,378,8e-4,0.0824,377,0.0018,NA,NA,NA,NA,NA,NA,0.4276,0.0022,344,0.7027,0.4189,0,0.5888,0,Bayes-M17-med
Nyanga,Kasaï,1,FALSE,8e-4,6e-4,0.001,8e-4,381,381,381,8e-4,0.0791,381,0.0018,NA,NA,NA,NA,NA,NA,0.348,0.0017,384,0.4402,0.3803,0,0.5714,0,Bayes-M17-med
Bunkonde,Kasaï-Central,1,FALSE,8e-4,6e-4,0.001,8e-4,374,373,374,8e-4,0.0843,374,0.0019,NA,NA,NA,NA,NA,NA,0.3523,0.0018,376,0.4015,0.278,0,0.7297,0,Bayes-M17-med
Mutoto,Kasaï-Central,1,FALSE,8e-4,7e-4,0.0011,8e-4,370,369,370,8e-4,0.0876,370,0.002,NA,NA,NA,NA,NA,NA,0.3441,0.0019,375,0.4575,0.361,0,0.5579,0,Bayes-M17-med
Ndesha,Kasaï-Central,1,FALSE,8e-4,6e-4,0.001,8e-4,380,379,380,8e-4,0.0814,380,0.0018,NA,NA,NA,NA,NA,NA,0.2317,0.0012,410,0.1448,0.3456,0,0.4363,0,Bayes-M17-med
Nsona Mpangu,Kongo-Central,1,FALSE,8e-4,6e-4,0.001,8e-4,376,376,377,8e-4,0.0825,376,0.0019,NA,NA,NA,NA,NA,NA,0.4165,0.0021,349,0.722,0.7645,0,0.1795,0,Bayes-M17-med
Wamba Lwadi,Kwango,1,FALSE,8e-4,6e-4,0.001,8e-4,375,375,376,8e-4,0.0828,375,0.0019,NA,NA,NA,NA,NA,NA,0.5492,0.0028,306,0.6467,0.8185,0,0.7317,0,Bayes-M17-med
Sia,Kwilu,1,FALSE,8e-4,6e-4,0.001,8e-4,378,377,378,8e-4,0.0822,378,0.0018,NA,NA,NA,NA,NA,NA,0.3986,0.002,360,0.4151,0.3822,0,0.7973,0,Bayes-M17-med
Kingandu,Kwilu,1,FALSE,8e-4,6e-4,0.001,8e-4,382,382,382,8e-4,0.0787,382,0.0018,NA,NA,NA,NA,NA,NA,0.4923,0.0024,327,0.7162,0.6583,0,0.5946,0,Bayes-M17-med
Kalamba,Lualaba,1,FALSE,8e-4,7e-4,0.0011,8e-4,369,368,369,8e-4,0.0877,369,0.002,NA,NA,NA,NA,NA,NA,0.4542,0.0024,324,0.8803,0.2375,0,0.6988,0,Bayes-M17-med
Nioki,Mai-Ndombe,1,FALSE,8e-4,6e-4,0.001,8e-4,372,372,373,8e-4,0.0852,372,0.0019,NA,NA,NA,NA,NA,NA,0.389,0.002,358,0.61,0.3958,0,0.5502,0,Bayes-M17-med
Pania Mutombo,Sankuru,1,FALSE,8e-4,6e-4,0.0011,8e-4,371,371,371,8e-4,0.0867,371,0.0019,NA,NA,NA,NA,NA,NA,0.4117,0.0022,340,0.7413,0.1236,0,0.7819,0,Bayes-M17-med
Wema,Tshuapa,1,FALSE,8e-4,6e-4,0.001,8e-4,373,372,374,8e-4,0.085,373,0.0019,NA,NA,NA,NA,NA,NA,0.4469,0.0023,331,0.8494,0.1332,0,0.805,0,Bayes-M17-med
Djombo,Equateur,1,FALSE,7e-4,6e-4,9e-4,7e-4,390,387,393,7e-4,0.0746,390,0.0017,NA,NA,NA,NA,NA,NA,0.6554,0.003,294,0.917,0.7819,0,0.9228,0,Bayes-M17-med
Iboko,Equateur,1,FALSE,7e-4,5e-4,9e-4,7e-4,399,395,399,7e-4,0.0714,399,0.0016,NA,NA,NA,NA,NA,NA,0.612,0.0027,311,0.8282,0.7915,0,0.8282,0,Bayes-M17-med
Lotumbe,Equateur,1,FALSE,7e-4,5e-4,8e-4,7e-4,403,401,404,7e-4,0.0686,402,0.0015,NA,NA,NA,NA,NA,NA,0.5816,0.0024,323,0.9691,0.7085,0,0.6486,0,Bayes-M17-med
Kikula,Haut-Katanga,1,FALSE,7e-4,6e-4,9e-4,7e-4,385,384,386,7e-4,0.0764,385,0.0017,NA,NA,NA,NA,NA,NA,0.0951,4e-4,444,0.1062,0.1139,0,0.1602,0,Bayes-M17-med
Mitwaba,Haut-Katanga,1,FALSE,7e-4,6e-4,9e-4,7e-4,386,386,389,7e-4,0.0754,386,0.0017,NA,NA,NA,NA,NA,NA,0.3528,0.0016,387,0.8012,0.0618,0,0.5483,0,Bayes-M17-med
Panda,Haut-Katanga,1,FALSE,7e-4,5e-4,8e-4,7e-4,401,401,402,7e-4,0.0694,401,0.0016,NA,NA,NA,NA,NA,NA,0.2027,9e-4,428,0.1622,0.4826,0,0.166,0,Bayes-M17-med
Lukafu,Haut-Katanga,1,FALSE,7e-4,5e-4,9e-4,7e-4,397,395,399,7e-4,0.0716,397,0.0016,NA,NA,NA,NA,NA,NA,0.4015,0.0018,379,0.888,0.3243,0,0.3938,0,Bayes-M17-med
Bulape,Kasaï,1,FALSE,7e-4,6e-4,9e-4,7e-4,384,383,384,7e-4,0.0771,384,0.0017,NA,NA,NA,NA,NA,NA,0.4315,0.002,356,0.7066,0.1853,0,0.834,0,Bayes-M17-med
Bena Tshadi,Kasaï-Central,1,FALSE,7e-4,6e-4,9e-4,7e-4,387,387,389,7e-4,0.0752,387,0.0017,NA,NA,NA,NA,NA,NA,0.472,0.0022,343,0.6699,0.3784,0,0.8398,0,Bayes-M17-med
Kalomba,Kasaï-Central,1,FALSE,7e-4,5e-4,9e-4,7e-4,393,391,393,7e-4,0.0735,393,0.0017,NA,NA,NA,NA,NA,NA,0.2944,0.0013,401,0.3166,0.1467,0,0.7143,0,Bayes-M17-med
Kangu,Kongo-Central,1,FALSE,7e-4,6e-4,9e-4,7e-4,391,389,391,7e-4,0.0743,391,0.0017,NA,NA,NA,NA,NA,NA,0.3528,0.0016,388,0.3803,0.8822,0,0.1486,0,Bayes-M17-med
Gombe Matadi,Kongo-Central,1,FALSE,7e-4,5e-4,8e-4,7e-4,405,403,406,7e-4,0.0677,405,0.0015,NA,NA,NA,NA,NA,NA,0.4151,0.0017,381,0.6911,0.7857,0,0.1834,0,Bayes-M17-med
Ngidinga,Kongo-Central,1,FALSE,7e-4,5e-4,9e-4,7e-4,397,396,398,7e-4,0.0717,396,0.0016,NA,NA,NA,NA,NA,NA,0.4488,0.002,366,0.6544,0.7432,0,0.3977,0,Bayes-M17-med
Kasongo Lunda,Kwango,1,FALSE,7e-4,6e-4,9e-4,7e-4,389,388,390,7e-4,0.0749,389,0.0017,NA,NA,NA,NA,NA,NA,0.3441,0.0016,390,0.6274,0.5946,0,0.1544,0,Bayes-M17-med
Moanza,Kwilu,1,FALSE,7e-4,5e-4,9e-4,7e-4,400,400,400,7e-4,0.0696,400,0.0016,NA,NA,NA,NA,NA,NA,0.52,0.0022,338,0.5985,0.529,0,0.9527,0,Bayes-M17-med
Kafakumba,Lualaba,1,FALSE,7e-4,5e-4,9e-4,7e-4,394,394,397,7e-4,0.0723,394,0.0016,NA,NA,NA,NA,NA,NA,0.4648,0.0021,354,0.8687,0.2027,0,0.7876,0,Bayes-M17-med
Lubudi,Lualaba,1,FALSE,7e-4,5e-4,8e-4,7e-4,402,402,404,7e-4,0.0686,403,0.0015,NA,NA,NA,NA,NA,NA,0.4667,0.002,367,0.9151,0.4614,0,0.4903,0,Bayes-M17-med
Kiri,Mai-Ndombe,1,FALSE,7e-4,5e-4,8e-4,7e-4,404,403,406,7e-4,0.0681,404,0.0015,NA,NA,NA,NA,NA,NA,0.5685,0.0024,328,0.8745,0.4768,0,0.9228,0,Bayes-M17-med
Oshwe,Mai-Ndombe,1,FALSE,7e-4,6e-4,9e-4,7e-4,383,383,385,7e-4,0.0772,383,0.0017,NA,NA,NA,NA,NA,NA,0.4855,0.0023,335,0.8764,0.3301,0,0.7355,0,Bayes-M17-med
Kwamouth,Mai-Ndombe,1,FALSE,7e-4,5e-4,9e-4,7e-4,392,390,392,7e-4,0.0739,392,0.0017,NA,NA,NA,NA,NA,NA,0.43,0.002,369,0.8707,0.417,0,0.4324,0,Bayes-M17-med
Mushie,Mai-Ndombe,1,FALSE,7e-4,5e-4,9e-4,7e-4,395,394,397,7e-4,0.0721,395,0.0016,NA,NA,NA,NA,NA,NA,0.4291,0.0019,372,0.7394,0.3649,0,0.612,0,Bayes-M17-med
Tshudi Loto,Sankuru,1,FALSE,7e-4,5e-4,9e-4,7e-4,398,396,398,7e-4,0.0714,398,0.0016,NA,NA,NA,NA,NA,NA,0.4237,0.0019,373,0.7683,0.0039,0,0.9228,0,Bayes-M17-med
Zongo,Sud-Ubangi,1,FALSE,7e-4,6e-4,9e-4,7e-4,388,385,392,7e-4,0.075,388,0.0017,NA,NA,NA,NA,NA,NA,0.2418,0.0011,413,0.278,0.4131,0,0.2761,0,Bayes-M17-med
Lukolela,Equateur,1,FALSE,6e-4,4e-4,7e-4,6e-4,416,415,416,6e-4,0.0603,416,0.0014,NA,NA,NA,NA,NA,NA,0.5787,0.0021,347,0.944,0.9151,0,0.4556,0,Bayes-M17-med
Kenya,Haut-Katanga,1,FALSE,6e-4,5e-4,8e-4,6e-4,406,405,407,6e-4,0.0671,406,0.0015,NA,NA,NA,NA,NA,NA,0.0569,2e-4,450,0.11,0.0116,0,0.1062,0,Bayes-M17-med
Banga Lubaka,Kasaï,1,FALSE,6e-4,4e-4,7e-4,6e-4,417,417,417,6e-4,0.0583,417,0.0013,NA,NA,NA,NA,NA,NA,0.3205,0.0011,412,0.5174,0.0444,0,0.7201,0,Bayes-M17-med
Inga,Kongo-Central,1,FALSE,6e-4,5e-4,8e-4,6e-4,408,407,409,6e-4,0.0666,408,0.0015,NA,NA,NA,NA,NA,NA,0.3847,0.0016,391,0.5212,0.8243,0,0.1931,0,Bayes-M17-med
Luozi,Kongo-Central,1,FALSE,6e-4,5e-4,8e-4,6e-4,411,411,413,6e-4,0.0625,411,0.0014,NA,NA,NA,NA,NA,NA,0.5241,0.002,361,0.7355,0.8861,0,0.4749,0,Bayes-M17-med
Kimvula,Kongo-Central,1,FALSE,6e-4,4e-4,7e-4,6e-4,418,418,418,6e-4,0.0579,418,0.0013,NA,NA,NA,NA,NA,NA,0.569,0.002,359,0.8629,0.8784,0,0.5347,0,Bayes-M17-med
Kisanji,Kwango,1,FALSE,6e-4,5e-4,7e-4,6e-4,415,415,416,6e-4,0.0608,415,0.0014,NA,NA,NA,NA,NA,NA,0.5574,0.0021,353,0.8417,0.6544,0,0.7336,0,Bayes-M17-med
Banzow Moke,Mai-Ndombe,1,FALSE,6e-4,5e-4,8e-4,6e-4,407,405,408,6e-4,0.067,407,0.0015,NA,NA,NA,NA,NA,NA,0.5236,0.0022,345,0.6892,0.5212,0,0.8842,0,Bayes-M17-med
Ntandembelo,Mai-Ndombe,1,FALSE,6e-4,5e-4,8e-4,6e-4,413,411,413,6e-4,0.0621,413,0.0014,NA,NA,NA,NA,NA,NA,0.4595,0.0018,380,0.6023,0.4633,0,0.7722,0,Bayes-M17-med
Yumbi,Mai-Ndombe,1,FALSE,6e-4,5e-4,8e-4,6e-4,412,412,412,6e-4,0.0621,412,0.0014,NA,NA,NA,NA,NA,NA,0.2741,0.001,419,0.4131,0.4015,0,0.2819,0,Bayes-M17-med
Bolobo,Mai-Ndombe,1,FALSE,6e-4,5e-4,8e-4,6e-4,414,414,414,6e-4,0.0618,414,0.0014,NA,NA,NA,NA,NA,NA,0.3388,0.0013,402,0.6313,0.4981,0,0.2259,0,Bayes-M17-med
Bosobe,Mai-Ndombe,1,FALSE,6e-4,5e-4,8e-4,6e-4,410,410,410,6e-4,0.0628,410,0.0014,NA,NA,NA,NA,NA,NA,0.4406,0.0017,383,0.4942,0.4093,0,0.8591,0,Bayes-M17-med
Mbaya,Sud-Ubangi,1,FALSE,6e-4,5e-4,8e-4,6e-4,409,408,409,6e-4,0.0654,409,0.0015,NA,NA,NA,NA,NA,NA,0.3142,0.0013,403,0.3514,0.2239,0,0.6815,0,Bayes-M17-med
Bomongo,Equateur,1,FALSE,5e-4,4e-4,6e-4,5e-4,425,425,426,5e-4,0.0498,425,0.0011,NA,NA,NA,NA,NA,NA,0.5907,0.0018,378,0.9788,0.8475,0,0.5367,0,Bayes-M17-med
Monieka,Equateur,1,FALSE,5e-4,4e-4,7e-4,5e-4,419,419,420,5e-4,0.0563,419,0.0013,NA,NA,NA,NA,NA,NA,0.596,0.0021,355,0.9768,0.7336,0,0.6737,0,Bayes-M17-med
Butumba,Haut-Lomami,1,FALSE,5e-4,4e-4,7e-4,5e-4,420,419,420,5e-4,0.0561,420,0.0013,NA,NA,NA,NA,NA,NA,0.4595,0.0016,389,0.7973,0.4151,0,0.6255,0,Bayes-M17-med
Kizu,Kongo-Central,1,FALSE,5e-4,4e-4,6e-4,5e-4,426,425,426,5e-4,0.0492,426,0.0011,NA,NA,NA,NA,NA,NA,0.3113,9e-4,426,0.2973,0.8707,0,0.0772,0,Bayes-M17-med
Tshela,Kongo-Central,1,FALSE,5e-4,3e-4,6e-4,4e-4,429,429,429,5e-4,0.0468,429,0.0011,NA,NA,NA,NA,NA,NA,0.3282,9e-4,425,0.417,0.888,0,0.0077,0,Bayes-M17-med
Mangembo,Kongo-Central,1,FALSE,5e-4,4e-4,6e-4,5e-4,427,427,427,5e-4,0.0472,427,0.0011,NA,NA,NA,NA,NA,NA,0.3726,0.0011,416,0.5598,0.6641,0,0.2664,0,Bayes-M17-med
Nzanza,Kongo-Central,1,FALSE,5e-4,4e-4,7e-4,5e-4,421,421,422,5e-4,0.0549,421,0.0012,NA,NA,NA,NA,NA,NA,0.2172,7e-4,436,0.0888,0.6892,0,0.0907,0,Bayes-M17-med
Kimpangu,Kongo-Central,1,FALSE,5e-4,4e-4,6e-4,5e-4,424,424,424,5e-4,0.0518,424,0.0012,NA,NA,NA,NA,NA,NA,0.4488,0.0014,397,0.7085,0.9344,0,0.1525,0,Bayes-M17-med
Kitenda,Kwango,1,FALSE,5e-4,3e-4,6e-4,5e-4,428,428,428,5e-4,0.0469,428,0.0011,NA,NA,NA,NA,NA,NA,0.376,0.0011,415,0.6641,0.4247,0,0.4151,0,Bayes-M17-med
Mwela Lembwa,Kwango,1,FALSE,5e-4,4e-4,7e-4,5e-4,423,422,423,5e-4,0.054,423,0.0012,NA,NA,NA,NA,NA,NA,0.4397,0.0015,394,0.6506,0.3224,0,0.7857,0,Bayes-M17-med
Pendjwa,Mai-Ndombe,1,FALSE,5e-4,4e-4,7e-4,5e-4,422,421,423,5e-4,0.0544,422,0.0012,NA,NA,NA,NA,NA,NA,0.4319,0.0014,395,0.7008,0.2124,0,0.8147,0,Bayes-M17-med
Kilela Balanda,Haut-Katanga,1,FALSE,4e-4,3e-4,5e-4,4e-4,441,441,441,4e-4,0.0377,441,8e-4,NA,NA,NA,NA,NA,NA,0.3132,7e-4,437,0.9228,0.0927,0,0.2375,0,Bayes-M17-med
Kashobwe,Haut-Katanga,1,FALSE,4e-4,3e-4,5e-4,4e-4,438,438,438,4e-4,0.0408,438,9e-4,NA,NA,NA,NA,NA,NA,0.3243,8e-4,433,0.805,0.3012,0,0.1911,0,Bayes-M17-med
Katuba,Haut-Katanga,1,FALSE,4e-4,3e-4,5e-4,4e-4,434,434,435,4e-4,0.044,434,0.001,NA,NA,NA,NA,NA,NA,0.0463,1e-4,454,0.0502,0.0309,0,0.1042,0,Bayes-M17-med
Baka,Haut-Lomami,1,FALSE,4e-4,3e-4,5e-4,4e-4,435,433,435,4e-4,0.0437,435,0.001,NA,NA,NA,NA,NA,NA,0.4319,0.0012,409,0.4344,0.8919,0,0.4015,0,Bayes-M17-med
Kinda,Haut-Lomami,1,FALSE,4e-4,3e-4,5e-4,4e-4,432,432,433,4e-4,0.0447,432,0.001,NA,NA,NA,NA,NA,NA,0.5077,0.0014,399,0.9884,0.4266,0,0.6158,0,Bayes-M17-med
Boma Bungu,Kongo-Central,1,FALSE,4e-4,3e-4,5e-4,4e-4,437,437,437,4e-4,0.042,437,9e-4,NA,NA,NA,NA,NA,NA,0.3209,8e-4,432,0.5811,0.5676,0,0.1351,0,Bayes-M17-med
Kinkonzi,Kongo-Central,1,FALSE,4e-4,3e-4,5e-4,4e-4,436,436,436,4e-4,0.0423,436,0.001,NA,NA,NA,NA,NA,NA,0.4252,0.0011,414,0.6236,0.8958,0,0.1815,0,Bayes-M17-med
Kuimba,Kongo-Central,1,FALSE,4e-4,3e-4,5e-4,4e-4,433,432,434,4e-4,0.0445,433,0.001,NA,NA,NA,NA,NA,NA,0.3069,8e-4,430,0.3784,0.8456,0,0.0039,0,Bayes-M17-med
Nselo,Kongo-Central,1,FALSE,4e-4,3e-4,6e-4,4e-4,431,431,431,4e-4,0.0461,431,0.001,NA,NA,NA,NA,NA,NA,0.374,0.0011,417,0.6564,0.5347,0,0.305,0,Bayes-M17-med
Sona Bata,Kongo-Central,1,FALSE,4e-4,3e-4,5e-4,4e-4,439,439,439,4e-4,0.0394,439,9e-4,NA,NA,NA,NA,NA,NA,0.43,0.001,420,0.7259,0.7896,0,0.2046,0,Bayes-M17-med
Kajiji,Kwango,1,FALSE,4e-4,3e-4,6e-4,4e-4,430,430,430,4e-4,0.0464,430,0.001,NA,NA,NA,NA,NA,NA,0.3533,0.001,421,0.7934,0.1544,0,0.4653,0,Bayes-M17-med
Tembo,Kwango,1,FALSE,4e-4,3e-4,5e-4,4e-4,440,440,440,4e-4,0.0379,440,9e-4,NA,NA,NA,NA,NA,NA,0.3205,7e-4,435,0.7876,0.3977,0,0.0965,0,Bayes-M17-med
Bunkeya,Lualaba,1,FALSE,4e-4,3e-4,5e-4,4e-4,442,442,442,4e-4,0.0375,442,8e-4,NA,NA,NA,NA,NA,NA,0.4218,0.001,424,0.8243,0.5019,0,0.361,0,Bayes-M17-med
Bolenge,Equateur,1,FALSE,3e-4,3e-4,4e-4,3e-4,443,443,443,3e-4,0.0353,443,8e-4,NA,NA,NA,NA,NA,NA,0.5391,0.0012,408,0.7954,0.8514,0,0.5097,0,Bayes-M17-med
Vangu,Haut-Katanga,1,FALSE,3e-4,2e-4,3e-4,3e-4,446,446,446,3e-4,0.0271,446,6e-4,NA,NA,NA,NA,NA,NA,0.1081,2e-4,452,0.1158,0.1699,0,0.1467,0,Bayes-M17-med
Bobozo,Kasaï-Central,1,FALSE,3e-4,2e-4,4e-4,3e-4,445,445,445,3e-4,0.0309,445,7e-4,NA,NA,NA,NA,NA,NA,0.2336,4e-4,445,0.1602,0.2857,0,0.4884,0,Bayes-M17-med
Vaku,Kongo-Central,1,FALSE,3e-4,2e-4,4e-4,3e-4,444,444,444,3e-4,0.0326,444,7e-4,NA,NA,NA,NA,NA,NA,0.4194,8e-4,429,0.5676,0.9421,0,0.168,0,Bayes-M17-med
Mampoko,Equateur,1,FALSE,2e-4,2e-4,3e-4,2e-4,448,448,448,2e-4,0.0239,448,5e-4,NA,NA,NA,NA,NA,NA,0.5135,8e-4,434,0.8919,0.5058,0,0.6564,0,Bayes-M17-med
Ntondo,Equateur,1,FALSE,2e-4,2e-4,3e-4,2e-4,449,449,449,2e-4,0.0223,449,5e-4,NA,NA,NA,NA,NA,NA,0.6125,8e-4,431,0.8996,0.7259,0,0.8243,0,Bayes-M17-med
Kibunzi,Kongo-Central,1,FALSE,2e-4,2e-4,3e-4,2e-4,447,447,447,2e-4,0.0248,447,6e-4,NA,NA,NA,NA,NA,NA,0.4175,6e-4,440,0.7046,0.5251,0,0.4402,0,Bayes-M17-med
Mutshatsha,Lualaba,1,FALSE,2e-4,2e-4,2e-4,2e-4,450,450,450,2e-4,0.0202,450,5e-4,NA,NA,NA,NA,NA,NA,0.3808,5e-4,443,0.971,0.1023,0,0.4498,0,Bayes-M17-med
Mimia,Mai-Ndombe,1,FALSE,2e-4,1e-4,2e-4,2e-4,451,451,451,2e-4,0.0196,451,4e-4,NA,NA,NA,NA,NA,NA,0.4841,6e-4,442,0.9614,0.0521,0,0.9228,0,Bayes-M17-med
Irebu,Equateur,1,FALSE,1e-4,1e-4,1e-4,1e-4,453,453,454,1e-4,0.0107,453,2e-4,NA,NA,NA,NA,NA,NA,0.5473,4e-4,448,0.9305,0.6776,0,0.5811,0,Bayes-M17-med
Lilanga Bobangi,Equateur,1,FALSE,1e-4,1e-4,2e-4,1e-4,452,452,452,1e-4,0.0147,452,3e-4,NA,NA,NA,NA,NA,NA,0.4117,4e-4,447,0.9382,0.2664,0,0.4421,0,Bayes-M17-med
Kamalondo,Haut-Katanga,1,FALSE,1e-4,1e-4,1e-4,1e-4,455,455,455,1e-4,0.0105,455,2e-4,NA,NA,NA,NA,NA,NA,0.0352,0,456,0.029,0.0019,0,0.11,0,Bayes-M17-med
Kowe,Haut-Katanga,1,FALSE,1e-4,1e-4,1e-4,1e-4,454,453,454,1e-4,0.0107,454,2e-4,NA,NA,NA,NA,NA,NA,0.07,0,455,0.0714,0.0811,0,0.1274,0,Bayes-M17-med
Kitona,Kongo-Central,1,FALSE,1e-4,1e-4,1e-4,1e-4,456,456,456,1e-4,0.0077,456,2e-4,NA,NA,NA,NA,NA,NA,0.293,1e-4,453,0.5907,0.5792,0,0.0019,0,Bayes-M17-med
Bokoro,Mai-Ndombe,1,FALSE,0,0,0,0,457.5,457.5,457.5,0,0,457,0,NA,NA,NA,NA,NA,NA,0.471,0,457,0.6873,0.5097,0,0.6873,0,Bayes-M17-med
Idjwi,Sud-Kivu,1,FALSE,0,0,0,0,457.5,457.5,457.5,0,0,457,0,NA,NA,NA,NA,NA,NA,0.3007,0,458,0.2992,0.8224,0,0.0811,0,Bayes-M17-med
Buta,Bas-Uele,1,TRUE,NA,NA,NA,NA,NA,NA,NA,NA,NA,NA,NA,NA,NA,NA,NA,NA,NA,0.7225,NA,NA,0.9749,0.9923,0,0.9228,0,Bayes-M17-med
Ganga,Bas-Uele,1,TRUE,NA,NA,NA,NA,NA,NA,NA,NA,NA,NA,NA,NA,NA,NA,NA,NA,NA,0.7218,NA,NA,0.9672,0.9556,0,0.9643,0,Bayes-M17-med
Viadana,Bas-Uele,1,TRUE,NA,NA,NA,NA,NA,NA,NA,NA,NA,NA,NA,NA,NA,NA,NA,NA,NA,0.6846,NA,NA,0.9131,0.9788,0,0.8465,0,Bayes-M17-med
Boma Mangbetu,Haut-Uele,1,TRUE,NA,NA,NA,NA,NA,NA,NA,NA,NA,NA,NA,NA,NA,NA,NA,NA,NA,0.4122,NA,NA,0.2857,0.5039,0,0.8591,0,Bayes-M17-med
Gombari,Haut-Uele,1,TRUE,NA,NA,NA,NA,NA,NA,NA,NA,NA,NA,NA,NA,NA,NA,NA,NA,NA,0.5772,NA,NA,0.9633,0.8012,0,0.5444,0,Bayes-M17-med
Isiro,Haut-Uele,1,TRUE,NA,NA,NA,NA,NA,NA,NA,NA,NA,NA,NA,NA,NA,NA,NA,NA,NA,0.5253,NA,NA,0.39,0.7587,0,0.9527,0,Bayes-M17-med
Pawa,Haut-Uele,1,TRUE,NA,NA,NA,NA,NA,NA,NA,NA,NA,NA,NA,NA,NA,NA,NA,NA,NA,0.4315,NA,NA,0.2934,0.5734,0,0.8591,0,Bayes-M17-med
Rungu,Haut-Uele,1,TRUE,NA,NA,NA,NA,NA,NA,NA,NA,NA,NA,NA,NA,NA,NA,NA,NA,NA,0.6474,NA,NA,0.8224,0.8031,0,0.9643,0,Bayes-M17-med
Wamba,Haut-Uele,1,TRUE,NA,NA,NA,NA,NA,NA,NA,NA,NA,NA,NA,NA,NA,NA,NA,NA,NA,0.4817,NA,NA,0.6737,0.4363,0,0.8166,0,Bayes-M17-med
Adja,Ituri,1,TRUE,NA,NA,NA,NA,NA,NA,NA,NA,NA,NA,NA,NA,NA,NA,NA,NA,NA,0.2645,NA,NA,0.249,0.4286,0,0.3803,0,Bayes-M17-med
Ariwara,Ituri,1,TRUE,NA,NA,NA,NA,NA,NA,NA,NA,NA,NA,NA,NA,NA,NA,NA,NA,NA,0.2862,NA,NA,0.1988,0.6988,0,0.2471,0,Bayes-M17-med
Aru,Ituri,1,TRUE,NA,NA,NA,NA,NA,NA,NA,NA,NA,NA,NA,NA,NA,NA,NA,NA,NA,0.3528,NA,NA,0.3012,0.8417,0,0.2683,0,Bayes-M17-med
Aungba,Ituri,1,TRUE,NA,NA,NA,NA,NA,NA,NA,NA,NA,NA,NA,NA,NA,NA,NA,NA,NA,0.3354,NA,NA,0.3108,0.6564,0,0.3745,0,Bayes-M17-med
Kambala,Ituri,1,TRUE,NA,NA,NA,NA,NA,NA,NA,NA,NA,NA,NA,NA,NA,NA,NA,NA,NA,0.347,NA,NA,0.3668,0.612,0,0.4093,0,Bayes-M17-med
Logo,Ituri,1,TRUE,NA,NA,NA,NA,NA,NA,NA,NA,NA,NA,NA,NA,NA,NA,NA,NA,NA,0.2384,NA,NA,0.1757,0.5927,0,0.1853,0,Bayes-M17-med
Mahagi,Ituri,1,TRUE,NA,NA,NA,NA,NA,NA,NA,NA,NA,NA,NA,NA,NA,NA,NA,NA,NA,0.2292,NA,NA,0.1718,0.6004,0,0.1448,0,Bayes-M17-med
Rimba,Ituri,1,TRUE,NA,NA,NA,NA,NA,NA,NA,NA,NA,NA,NA,NA,NA,NA,NA,NA,NA,0.306,NA,NA,0.2008,0.7124,0,0.3108,0,Bayes-M17-med
Bambu,Ituri,1,TRUE,NA,NA,NA,NA,NA,NA,NA,NA,NA,NA,NA,NA,NA,NA,NA,NA,NA,0.2399,NA,NA,0.2046,0.4691,0,0.2857,0,Bayes-M17-med
Boga,Ituri,1,TRUE,NA,NA,NA,NA,NA,NA,NA,NA,NA,NA,NA,NA,NA,NA,NA,NA,NA,0.264,NA,NA,0.3861,0.36870000000000003,0,0.3012,0,Bayes-M17-med
Bunia,Ituri,1,TRUE,NA,NA,NA,NA,NA,NA,NA,NA,NA,NA,NA,NA,NA,NA,NA,NA,NA,0.2326,NA,NA,0.1178,0.5637,0,0.249,0,Bayes-M17-med
Damas,Ituri,1,TRUE,NA,NA,NA,NA,NA,NA,NA,NA,NA,NA,NA,NA,NA,NA,NA,NA,NA,0.3224,NA,NA,0.4479,0.3282,0,0.5135,0,Bayes-M17-med
Drodro,Ituri,1,TRUE,NA,NA,NA,NA,NA,NA,NA,NA,NA,NA,NA,NA,NA,NA,NA,NA,NA,0.2674,NA,NA,0.2066,0.5907,0,0.2722,0,Bayes-M17-med
Fataki,Ituri,1,TRUE,NA,NA,NA,NA,NA,NA,NA,NA,NA,NA,NA,NA,NA,NA,NA,NA,NA,0.3185,NA,NA,0.2259,0.7201,0,0.3282,0,Bayes-M17-med
Gety,Ituri,1,TRUE,NA,NA,NA,NA,NA,NA,NA,NA,NA,NA,NA,NA,NA,NA,NA,NA,NA,0.2592,NA,NA,0.3359,0.2973,0,0.4035,0,Bayes-M17-med
Kilo,Ituri,1,TRUE,NA,NA,NA,NA,NA,NA,NA,NA,NA,NA,NA,NA,NA,NA,NA,NA,NA,0.1448,NA,NA,0.2201,0.0502,0,0.3089,0,Bayes-M17-med
Komanda,Ituri,1,TRUE,NA,NA,NA,NA,NA,NA,NA,NA,NA,NA,NA,NA,NA,NA,NA,NA,NA,0.2341,NA,NA,0.3089,0.1197,0,0.5077,0,Bayes-M17-med
Lita,Ituri,1,TRUE,NA,NA,NA,NA,NA,NA,NA,NA,NA,NA,NA,NA,NA,NA,NA,NA,NA,0.306,NA,NA,0.2761,0.7046,0,0.2432,0,Bayes-M17-med
Lolwa,Ituri,1,TRUE,NA,NA,NA,NA,NA,NA,NA,NA,NA,NA,NA,NA,NA,NA,NA,NA,NA,0.3205,NA,NA,0.6429,0,0,0.639,0,Bayes-M17-med
Mambasa,Ituri,1,TRUE,NA,NA,NA,NA,NA,NA,NA,NA,NA,NA,NA,NA,NA,NA,NA,NA,NA,0.4324,NA,NA,0.8842,0.2625,0,0.583,0,Bayes-M17-med
Mandima,Ituri,1,TRUE,NA,NA,NA,NA,NA,NA,NA,NA,NA,NA,NA,NA,NA,NA,NA,NA,NA,0.2659,NA,NA,0.4846,0.2896,0,0.2896,0,Bayes-M17-med
Mangala,Ituri,1,TRUE,NA,NA,NA,NA,NA,NA,NA,NA,NA,NA,NA,NA,NA,NA,NA,NA,NA,0.3021,NA,NA,0.305,0.6158,0,0.2876,0,Bayes-M17-med
Mongbwalu,Ituri,1,TRUE,NA,NA,NA,NA,NA,NA,NA,NA,NA,NA,NA,NA,NA,NA,NA,NA,NA,0.2616,NA,NA,0.4112,0.1834,0,0.4517,0,Bayes-M17-med
Nia Nia,Ituri,1,TRUE,NA,NA,NA,NA,NA,NA,NA,NA,NA,NA,NA,NA,NA,NA,NA,NA,NA,0.2978,NA,NA,0.666,0.0212,0,0.5039,0,Bayes-M17-med
Nizi,Ituri,1,TRUE,NA,NA,NA,NA,NA,NA,NA,NA,NA,NA,NA,NA,NA,NA,NA,NA,NA,0.1771,NA,NA,0.1544,0.3378,0,0.2162,0,Bayes-M17-med
Nyankunde,Ituri,1,TRUE,NA,NA,NA,NA,NA,NA,NA,NA,NA,NA,NA,NA,NA,NA,NA,NA,NA,0.2514,NA,NA,0.2838,0.2432,0,0.4788,0,Bayes-M17-med
Rwampara,Ituri,1,TRUE,NA,NA,NA,NA,NA,NA,NA,NA,NA,NA,NA,NA,NA,NA,NA,NA,NA,0.319,NA,NA,0.2375,0.7452,0,0.2934,0,Bayes-M17-med
Tchomia,Ituri,1,TRUE,NA,NA,NA,NA,NA,NA,NA,NA,NA,NA,NA,NA,NA,NA,NA,NA,NA,0.1998,NA,NA,0.2104,0.3745,0,0.2143,0,Bayes-M17-med
Beni,Nord-Kivu,1,TRUE,NA,NA,NA,NA,NA,NA,NA,NA,NA,NA,NA,NA,NA,NA,NA,NA,NA,0.1559,NA,NA,0.1525,0.2297,0,0.2413,0,Bayes-M17-med
Biena,Nord-Kivu,1,TRUE,NA,NA,NA,NA,NA,NA,NA,NA,NA,NA,NA,NA,NA,NA,NA,NA,NA,0.2013,NA,NA,0.251,0.166,0,0.388,0,Bayes-M17-med
Butembo,Nord-Kivu,1,TRUE,NA,NA,NA,NA,NA,NA,NA,NA,NA,NA,NA,NA,NA,NA,NA,NA,NA,0.1829,NA,NA,0.1139,0.388,0,0.2297,0,Bayes-M17-med
Kalunguta,Nord-Kivu,1,TRUE,NA,NA,NA,NA,NA,NA,NA,NA,NA,NA,NA,NA,NA,NA,NA,NA,NA,0.1559,NA,NA,0.195,0.2066,0,0.222,0,Bayes-M17-med
Katwa,Nord-Kivu,1,TRUE,NA,NA,NA,NA,NA,NA,NA,NA,NA,NA,NA,NA,NA,NA,NA,NA,NA,0.1998,NA,NA,0.0869,0.4846,0,0.2278,0,Bayes-M17-med
Kyondo,Nord-Kivu,1,TRUE,NA,NA,NA,NA,NA,NA,NA,NA,NA,NA,NA,NA,NA,NA,NA,NA,NA,0.3238,NA,NA,0.2954,0.7973,0,0.2027,0,Bayes-M17-med
Lubero,Nord-Kivu,1,TRUE,NA,NA,NA,NA,NA,NA,NA,NA,NA,NA,NA,NA,NA,NA,NA,NA,NA,0.4585,NA,NA,0.5734,0.9382,0,0.3224,0,Bayes-M17-med
Mabalako,Nord-Kivu,1,TRUE,NA,NA,NA,NA,NA,NA,NA,NA,NA,NA,NA,NA,NA,NA,NA,NA,NA,0.1573,NA,NA,0.1931,0.2046,0,0.2317,0,Bayes-M17-med
Manguredjipa,Nord-Kivu,1,TRUE,NA,NA,NA,NA,NA,NA,NA,NA,NA,NA,NA,NA,NA,NA,NA,NA,NA,0.3475,NA,NA,0.778,0.0579,0,0.5541,0,Bayes-M17-med
Masereka,Nord-Kivu,1,TRUE,NA,NA,NA,NA,NA,NA,NA,NA,NA,NA,NA,NA,NA,NA,NA,NA,NA,0.36870000000000003,NA,NA,0.2548,0.9807,0,0.2394,0,Bayes-M17-med
Musienene,Nord-Kivu,1,TRUE,NA,NA,NA,NA,NA,NA,NA,NA,NA,NA,NA,NA,NA,NA,NA,NA,NA,0.319,NA,NA,0.2645,0.7317,0,0.2799,0,Bayes-M17-med
Mutwanga,Nord-Kivu,1,TRUE,NA,NA,NA,NA,NA,NA,NA,NA,NA,NA,NA,NA,NA,NA,NA,NA,NA,0.2408,NA,NA,0.2606,0.4672,0,0.2355,0,Bayes-M17-med
Oicha,Nord-Kivu,1,TRUE,NA,NA,NA,NA,NA,NA,NA,NA,NA,NA,NA,NA,NA,NA,NA,NA,NA,0.3364,NA,NA,0.3243,0.7606,0,0.2606,0,Bayes-M17-med
Vuhovi,Nord-Kivu,1,TRUE,NA,NA,NA,NA,NA,NA,NA,NA,NA,NA,NA,NA,NA,NA,NA,NA,NA,0.2611,NA,NA,0.2027,0.6178,0,0.2239,0,Bayes-M17-med
Goma,Nord-Kivu,1,TRUE,NA,NA,NA,NA,NA,NA,NA,NA,NA,NA,NA,NA,NA,NA,NA,NA,NA,0.2669,NA,NA,0.1274,0.8977,0,0.0425,0,Bayes-M17-med
Kayna,Nord-Kivu,1,TRUE,NA,NA,NA,NA,NA,NA,NA,NA,NA,NA,NA,NA,NA,NA,NA,NA,NA,0.3113,NA,NA,0.2278,0.6332,0,0.3842,0,Bayes-M17-med
Miti Murhesa,Sud-Kivu,1,TRUE,NA,NA,NA,NA,NA,NA,NA,NA,NA,NA,NA,NA,NA,NA,NA,NA,NA,0.3277,NA,NA,0.2355,0.9131,0,0.1622,0,Bayes-M17-med
Bafwasende,Tshopo,1,TRUE,NA,NA,NA,NA,NA,NA,NA,NA,NA,NA,NA,NA,NA,NA,NA,NA,NA,0.4546,NA,NA,0.9073,0.2413,0,0.6699,0,Bayes-M17-med
Kabondo,Tshopo,1,TRUE,NA,NA,NA,NA,NA,NA,NA,NA,NA,NA,NA,NA,NA,NA,NA,NA,NA,0.18,NA,NA,0.1911,0.2722,0,0.2568,0,Bayes-M17-med
Lubunga (Tshopo),Tshopo,1,TRUE,NA,NA,NA,NA,NA,NA,NA,NA,NA,NA,NA,NA,NA,NA,NA,NA,NA,0.2288,NA,NA,0.2452,0.3436,0,0.3263,0,Bayes-M17-med
Makiso Kisangani,Tshopo,1,TRUE,NA,NA,NA,NA,NA,NA,NA,NA,NA,NA,NA,NA,NA,NA,NA,NA,NA,0.2355,NA,NA,0.1332,0.5309,0,0.278,0,Bayes-M17-med
Mangobo,Tshopo,1,TRUE,NA,NA,NA,NA,NA,NA,NA,NA,NA,NA,NA,NA,NA,NA,NA,NA,NA,0.2061,NA,NA,0.0792,0.4382,0,0.3069,0,Bayes-M17-med
Tshopo,Tshopo,1,TRUE,NA,NA,NA,NA,NA,NA,NA,NA,NA,NA,NA,NA,NA,NA,NA,NA,NA,0.2466,NA,NA,0.361,0.334,0,0.2915,0,Bayes-M17-med
Wanierukula,Tshopo,1,TRUE,NA,NA,NA,NA,NA,NA,NA,NA,NA,NA,NA,NA,NA,NA,NA,NA,NA,0.473,NA,NA,0.8436,0.5521,0,0.4961,0,Bayes-M17-med
Rethy,Ituri,2,FALSE,0.6709,0.5836,0.756,0.6723,1,1,1,1.1248,58.3856,1,1,3.7352,1,NA,NA,NA,NA,0.2703,0.6962,2,0.2143,0.6081,0,0.2587,0,Bayes-M17-med
Watsa,Haut-Uele,2,FALSE,0.5429,0.4589,0.6288,0.5431,2,2,2,0.7896,40.9861,2,0.8092,NA,NA,NA,NA,3.6573,1,0.4797,1,1,0.7297,0.8436,0,0.3456,0,Bayes-M17-med
Nyarambe,Ituri,2,FALSE,0.3191,0.2608,0.383,0.3186,3,3,3,0.3859,20.0303,3,0.4756,1.2814,2,NA,NA,NA,NA,0.1805,0.2212,8,0.1699,0.4595,0,0.0927,0,Bayes-M17-med
Biringi,Ituri,2,FALSE,0.2311,0.1847,0.2825,0.2302,4,4,4,0.2636,13.6836,4,0.3445,0.8754,3,NA,NA,NA,NA,0.3494,0.3101,5,0.3958,0.4865,0,0.5154,0,Bayes-M17-med
Dungu,Haut-Uele,2,FALSE,0.2057,0.1648,0.2515,0.2047,5,5,5,0.2308,11.9822,5,0.3066,NA,NA,NA,NA,1.0692,2,0.5275,0.4166,3,0.8726,0.5598,0,0.6776,0,Bayes-M17-med
Makoro,Haut-Uele,2,FALSE,0.1945,0.1557,0.2381,0.1935,6,6,6,0.2168,11.2551,6,0.29,NA,NA,NA,NA,1.0043,3,0.3822,0.2855,7,0.556,0.5483,0,0.4247,0,Bayes-M17-med
Karisimbi,Nord-Kivu,2,FALSE,0.1796,0.144,0.2197,0.179,7,7,7,0.1983,10.2953,7,0.2677,NA,NA,2.2983,1,NA,NA,0.1597,0.1101,22,0.0907,0.5154,0,0.0328,0,Bayes-M17-med
Angumu,Ituri,2,FALSE,0.1753,0.1398,0.2147,0.1747,8,8,8,0.1931,10.023,8,0.2612,0.6412,4,NA,NA,NA,NA,0.11,0.0741,34,0.1641,0.1641,0,0.112,0,Bayes-M17-med
Rutshuru,Nord-Kivu,2,FALSE,0.1452,0.1158,0.1778,0.1448,9,9,9,0.1571,8.1536,9,0.2164,NA,NA,1.8202,2,NA,NA,0.3721,0.2074,10,0.4093,0.9942,0,0.0849,0,Bayes-M17-med
Nyiragongo,Nord-Kivu,2,FALSE,0.1364,0.1086,0.1677,0.136,10,10,12,0.1469,7.6247,10,0.2033,NA,NA,1.7021,3,NA,NA,0.2891,0.1514,15,0.2432,0.8764,0,0.0367,0,Bayes-M17-med
Niangara,Haut-Uele,2,FALSE,0.1355,0.1069,0.1679,0.1348,11,10,13,0.1458,7.5698,11,0.202,NA,NA,NA,NA,0.6755,4,0.5512,0.2867,6,0.8031,0.4324,0,0.9691,0,Bayes-M17-med
Linga,Ituri,2,FALSE,0.1352,0.1073,0.1669,0.1343,12,11,12,0.1454,7.5494,12,0.2015,0.483,5,NA,NA,NA,NA,0.2148,0.1115,18,0.1969,0.3417,0,0.3205,0,Bayes-M17-med
Kirotshe,Nord-Kivu,2,FALSE,0.1328,0.1056,0.1632,0.1322,13,11,14,0.1426,7.4039,13,0.1979,NA,NA,1.6528,4,NA,NA,0.3842,0.1958,12,0.3764,0.9961,0,0.1641,0,Bayes-M17-med
Bafwagbogbo,Tshopo,2,FALSE,0.1297,0.1021,0.1606,0.129,14,13,15,0.1391,7.2204,14,0.1933,NA,NA,NA,NA,NA,NA,0.3948,0.1966,11,0.8591,0.027,0,0.6931,0,Bayes-M17-med
Alimbongo,Nord-Kivu,2,FALSE,0.1268,0.1009,0.1558,0.1264,15,14,17,0.1358,7.0496,15,0.189,NA,NA,1.5737,5,NA,NA,0.4262,0.2075,9,0.5849,0.7471,0,0.3726,0,Bayes-M17-med
Jiba,Ituri,2,FALSE,0.1222,0.0965,0.1515,0.1216,16,16,17,0.1305,6.7745,16,0.1821,0.4334,6,NA,NA,NA,NA,0.1651,0.0774,31,0.1815,0.1274,0,0.3514,0,Bayes-M17-med
Poko,Bas-Uele,2,FALSE,0.1207,0.094,0.1514,0.1199,17,15,19,0.1289,6.6905,17,0.18,NA,NA,NA,NA,NA,NA,0.7271,0.3371,4,0.9923,0.9517,0,0.9643,0,Bayes-M17-med
Rwanguba,Nord-Kivu,2,FALSE,0.1108,0.088,0.1364,0.1105,18,18,19,0.1176,6.1051,18,0.1652,NA,NA,1.3629,6,NA,NA,0.2442,0.1039,24,0.2085,0.7027,0,0.0656,0,Bayes-M17-med
Kamango,Nord-Kivu,2,FALSE,0.1095,0.0864,0.1356,0.109,19,18,20,0.1162,6.0293,19,0.1633,NA,NA,1.346,7,NA,NA,0.4373,0.1839,13,0.6583,0.917,0,0.1737,0,Bayes-M17-med
Kibirizi,Nord-Kivu,2,FALSE,0.1077,0.0855,0.1322,0.1071,20,17,20,0.114,5.9195,20,0.1605,NA,NA,1.3214,8,NA,NA,0.4175,0.1726,14,0.5405,0.8552,0,0.2741,0,Bayes-M17-med
Adi,Ituri,2,FALSE,0.0874,0.0686,0.1091,0.0869,21,21,21,0.0916,4.7539,21,0.1303,0.3041,7,NA,NA,NA,NA,0.3977,0.1335,16,0.2587,0.7104,0,0.6216,0,Bayes-M17-med
Minova,Sud-Kivu,2,FALSE,0.0749,0.0592,0.0928,0.0746,22,22,22,0.0779,4.045,22,0.1117,NA,NA,NA,NA,NA,NA,0.3866,0.1112,19,0.4421,0.9826,0,0.1216,0,Bayes-M17-med
Laybo,Ituri,2,FALSE,0.0714,0.0559,0.0892,0.0709,23,23,25,0.0742,3.8495,23,0.1065,0.2463,8,NA,NA,NA,NA,0.3393,0.093,26,0.3069,0.556,0,0.4942,0,Bayes-M17-med
Ibanda,Sud-Kivu,2,FALSE,0.0698,0.0551,0.0866,0.0694,24,23,24,0.0724,3.7568,24,0.104,NA,NA,NA,NA,NA,NA,0.2307,0.0618,39,0.083,0.6216,0,0.2181,0,Bayes-M17-med
Mweso,Nord-Kivu,2,FALSE,0.0689,0.0545,0.0855,0.0686,25,24,25,0.0715,3.7101,25,0.1027,NA,NA,0.8282,9,NA,NA,0.4189,0.1109,20,0.4498,0.9614,0,0.2645,0,Bayes-M17-med
Faradje,Haut-Uele,2,FALSE,0.0645,0.0507,0.0804,0.0641,26,26,27,0.0667,3.4644,26,0.0962,NA,NA,NA,NA,0.3091,5,0.4474,0.1108,21,0.7606,0.666,0,0.3629,0,Bayes-M17-med
Masisi,Nord-Kivu,2,FALSE,0.0637,0.0503,0.079,0.0634,27,26,27,0.0659,3.4191,27,0.095,NA,NA,0.7633,10,NA,NA,0.4402,0.1077,23,0.4324,0.9575,0,0.3707,0,Bayes-M17-med
Bambo,Nord-Kivu,2,FALSE,0.0589,0.0465,0.073,0.0588,28,28,30,0.0608,3.1557,28,0.0879,NA,NA,0.7045,11,NA,NA,0.3962,0.0897,28,0.5521,0.9073,0,0.1255,0,Bayes-M17-med
Binza,Nord-Kivu,2,FALSE,0.0589,0.0464,0.073,0.0586,29,28,29,0.0607,3.1523,29,0.0878,NA,NA,0.7037,12,NA,NA,0.3518,0.0795,29,0.471,0.8378,0,0.0985,0,Bayes-M17-med
Banalia,Tshopo,2,FALSE,0.0571,0.0445,0.0713,0.0567,30,28,30,0.0588,3.0528,30,0.0851,NA,NA,NA,NA,NA,NA,0.4242,0.093,27,0.7799,0.1178,0,0.7992,0,Bayes-M17-med
Nsele,Kinshasa,2,FALSE,0.0538,0.042,0.0671,0.0535,31,31,31,0.0553,2.8704,31,0.0801,NA,NA,NA,NA,NA,NA,0.1583,0.0327,58,0.139,0.3996,0,0.0946,0,Bayes-M17-med
Kadutu,Sud-Kivu,2,FALSE,0.0524,0.0413,0.0652,0.0521,32,32,33,0.0538,2.7952,32,0.0781,NA,NA,NA,NA,NA,NA,0.1636,0.0329,57,0.0579,0.3861,0,0.2104,0,Bayes-M17-med
Aba,Haut-Uele,2,FALSE,0.0517,0.0404,0.0646,0.0514,33,32,33,0.0531,2.7546,33,0.077,NA,NA,NA,NA,0.2458,6,0.569,0.1129,17,0.6004,0.6853,0,0.9903,0,Bayes-M17-med
Kabare,Sud-Kivu,2,FALSE,0.049,0.0385,0.0611,0.0487,34,34,35,0.0503,2.6087,34,0.073,NA,NA,NA,NA,NA,NA,0.3567,0.0671,38,0.2394,0.9884,0,0.1988,0,Bayes-M17-med
Gombe,Kinshasa,2,FALSE,0.0485,0.0379,0.0606,0.0483,35,34,36,0.0498,2.5839,35,0.0723,NA,NA,NA,NA,NA,NA,0.1622,0.0302,61,0.0695,0.5695,0,0.0097,0,Bayes-M17-med
Katana,Sud-Kivu,2,FALSE,0.0485,0.038,0.0604,0.0482,36,35,36,0.0497,2.5814,36,0.0723,NA,NA,NA,NA,NA,NA,0.3224,0.06,40,0.2471,0.9112,0,0.1313,0,Bayes-M17-med
Uvira,Sud-Kivu,2,FALSE,0.0457,0.036,0.057,0.0455,37,37,37,0.0468,2.4316,37,0.0682,NA,NA,NA,NA,NA,NA,0.5502,0.0966,25,0.2181,0.9846,0,0.9981,0,Bayes-M17-med
Katoyi,Nord-Kivu,2,FALSE,0.0427,0.0336,0.0531,0.0424,38,38,38,0.0436,2.2648,38,0.0636,NA,NA,0.5056,13,NA,NA,0.4542,0.0744,33,0.4614,0.9595,0,0.3958,0,Bayes-M17-med
Binza Ozone,Kinshasa,2,FALSE,0.0401,0.0313,0.0501,0.0399,39,39,39,0.041,2.1271,39,0.0598,NA,NA,NA,NA,NA,NA,0.152,0.0234,68,0.0734,0.5232,0,0.0116,0,Bayes-M17-med
Walungu,Sud-Kivu,2,FALSE,0.0388,0.0305,0.0483,0.0385,40,40,41,0.0395,2.0524,40,0.0578,NA,NA,NA,NA,NA,NA,0.3248,0.0483,42,0.1853,0.8803,0,0.2336,0,Bayes-M17-med
Limete,Kinshasa,2,FALSE,0.0387,0.0302,0.0483,0.0385,41,40,41,0.0395,2.0482,41,0.0576,NA,NA,NA,NA,NA,NA,0.056,0.0083,150,0.0405,0.1371,0,0.0463,0,Bayes-M17-med
Walikale,Nord-Kivu,2,FALSE,0.0359,0.0278,0.045,0.0356,42,42,43,0.0366,1.8982,42,0.0535,NA,NA,0.4237,14,NA,NA,0.5729,0.079,30,0.9459,0.9286,0,0.417,0,Bayes-M17-med
Ruzizi,Sud-Kivu,2,FALSE,0.0356,0.028,0.0444,0.0354,43,42,43,0.0362,1.8812,43,0.053,NA,NA,NA,NA,NA,NA,0.5627,0.0769,32,0.3494,0.9093,0,0.9923,0,Bayes-M17-med
Kokolo,Kinshasa,2,FALSE,0.0343,0.0267,0.0429,0.0341,44,44,44,0.0349,1.8134,44,0.0512,NA,NA,NA,NA,NA,NA,0.2172,0.0286,63,0.0772,0.7722,0,0.0193,0,Bayes-M17-med
Lingwala,Kinshasa,2,FALSE,0.0334,0.026,0.0417,0.0332,45,45,47,0.034,1.7634,45,0.0498,NA,NA,NA,NA,NA,NA,0.0323,0.0041,265,0.0232,0.0907,0,0.0154,0,Bayes-M17-med
Fizi,Sud-Kivu,2,FALSE,0.0329,0.0258,0.041,0.0327,46,46,47,0.0334,1.7353,46,0.049,NA,NA,NA,NA,NA,NA,0.5637,0.0711,36,0.7432,0.9691,0,0.5425,0,Bayes-M17-med
Birambizo,Nord-Kivu,2,FALSE,0.0328,0.0258,0.0408,0.0326,47,45,47,0.0334,1.7312,47,0.0489,NA,NA,0.3865,15,NA,NA,0.3625,0.0456,43,0.4035,0.89,0,0.1564,0,Bayes-M17-med
Kinshasa,Kinshasa,2,FALSE,0.032,0.025,0.04,0.0319,48,48,48,0.0326,1.6915,48,0.0478,NA,NA,NA,NA,NA,NA,0.0203,0.0025,353,0.0135,0.0463,0,0.0212,0,Bayes-M17-med
Pinga,Nord-Kivu,2,FALSE,0.0308,0.0239,0.0385,0.0305,50,49,52,0.0312,1.622,50,0.0458,NA,NA,0.3621,16,NA,NA,0.57,0.0673,37,0.9595,0.7548,0,0.5656,0,Bayes-M17-med
Kalehe,Sud-Kivu,2,FALSE,0.0308,0.0242,0.0385,0.0307,49,49,50,0.0313,1.6253,49,0.0459,NA,NA,NA,NA,NA,NA,0.3369,0.0399,45,0.3417,0.8649,0,0.1409,0,Bayes-M17-med
Kalamu 1,Kinshasa,2,FALSE,0.03,0.0234,0.0375,0.0298,51,51,53,0.0305,1.5816,51,0.0447,NA,NA,NA,NA,NA,NA,0.0309,0.0036,297,0.0193,0.0734,0,0.0309,0,Bayes-M17-med
Bagira,Sud-Kivu,2,FALSE,0.03,0.0236,0.0373,0.0299,52,50,53,0.0305,1.5814,52,0.0447,NA,NA,NA,NA,NA,NA,0.236,0.0272,65,0.1004,0.6371,0,0.2066,0,Bayes-M17-med
Kasa Vubu,Kinshasa,2,FALSE,0.0298,0.0232,0.0373,0.0296,53,52,54,0.0303,1.5712,53,0.0444,NA,NA,NA,NA,NA,NA,0.0444,0.0051,221,0.0309,0.1216,0,0.0251,0,Bayes-M17-med
Yakusu,Tshopo,2,FALSE,0.0295,0.0232,0.0367,0.0293,54,52,55,0.0299,1.5535,54,0.0439,NA,NA,NA,NA,NA,NA,0.319,0.0361,51,0.4208,0.2085,0,0.6467,0,Bayes-M17-med
Bengamisa,Tshopo,2,FALSE,0.0289,0.0226,0.0362,0.0287,55,54,55,0.0293,1.5232,55,0.0431,NA,NA,NA,NA,NA,NA,0.3012,0.0334,55,0.612,0.2162,0,0.3764,0,Bayes-M17-med
Lemba,Kinshasa,2,FALSE,0.0282,0.022,0.0353,0.0281,56,56,57,0.0286,1.4863,56,0.0421,NA,NA,NA,NA,NA,NA,0.1023,0.0111,119,0.0483,0.3069,0,0.0541,0,Bayes-M17-med
Bondo,Bas-Uele,2,FALSE,0.0279,0.0219,0.0347,0.0277,57,56,59,0.0283,1.4673,57,0.0415,NA,NA,NA,NA,NA,NA,0.6737,0.0721,35,0.9961,0.9981,0,0.7008,0,Bayes-M17-med
Lemera,Sud-Kivu,2,FALSE,0.0271,0.0213,0.0339,0.027,58,58,59,0.0275,1.4277,58,0.0404,NA,NA,NA,NA,NA,NA,0.5613,0.0585,41,0.3629,0.9015,0,0.9807,0,Bayes-M17-med
Nyantende,Sud-Kivu,2,FALSE,0.027,0.0212,0.0337,0.0268,59,59,61,0.0274,1.4204,59,0.0402,NA,NA,NA,NA,NA,NA,0.3219,0.0334,56,0.1486,0.8938,0,0.2452,0,Bayes-M17-med
Masina 1,Kinshasa,2,FALSE,0.0268,0.0209,0.0336,0.0267,60,57,61,0.0272,1.413,60,0.04,NA,NA,NA,NA,NA,NA,0.0193,0.002,385,0.0077,0.0077,0,0.0618,0,Bayes-M17-med
Mubumbano,Sud-Kivu,2,FALSE,0.0266,0.0209,0.0332,0.0264,61,60,62,0.027,1.3995,61,0.0396,NA,NA,NA,NA,NA,NA,0.3658,0.0374,48,0.2683,0.9402,0,0.2548,0,Bayes-M17-med
Kintambo,Kinshasa,2,FALSE,0.0265,0.0206,0.0332,0.0264,62,60,62,0.0269,1.3951,62,0.0395,NA,NA,NA,NA,NA,NA,0.0338,0.0034,303,0.0212,0.1004,0,0.0135,0,Bayes-M17-med
Isangi,Tshopo,2,FALSE,0.0258,0.0202,0.0322,0.0256,63,63,63,0.0261,1.3569,63,0.0385,NA,NA,NA,NA,NA,NA,0.3837,0.038,47,0.4054,0.4073,0,0.722,0,Bayes-M17-med
Nyemba,Tanganyika,2,FALSE,0.0237,0.0185,0.0296,0.0235,64,64,64,0.024,1.2438,64,0.0353,NA,NA,NA,NA,NA,NA,0.3456,0.0314,60,0.5965,0.4556,0,0.3301,0,Bayes-M17-med
Mwana,Sud-Kivu,2,FALSE,0.0235,0.0184,0.0293,0.0233,65,65,67,0.0237,1.2324,65,0.035,NA,NA,NA,NA,NA,NA,0.3731,0.0336,54,0.2896,0.9035,0,0.2992,0,Bayes-M17-med
Masina 2,Kinshasa,2,FALSE,0.0232,0.018,0.029,0.023,66,65,68,0.0234,1.2162,66,0.0345,NA,NA,NA,NA,NA,NA,0.0265,0.0024,368,0.0174,0.0193,0,0.0695,0,Bayes-M17-med
Bandalungwa,Kinshasa,2,FALSE,0.0231,0.018,0.0289,0.023,67,66,69,0.0234,1.2128,67,0.0344,NA,NA,NA,NA,NA,NA,0.0709,0.0063,198,0.0328,0.2336,0,0.0174,0,Bayes-M17-med
Binza Meteo,Kinshasa,2,FALSE,0.0231,0.018,0.0288,0.0229,68,67,68,0.0234,1.2122,68,0.0344,NA,NA,NA,NA,NA,NA,0.2558,0.0227,71,0.0965,0.8996,0,0.027,0,Bayes-M17-med
Lubutu,Maniema,2,FALSE,0.0226,0.0176,0.0282,0.0224,69,69,71,0.0228,1.185,69,0.0336,NA,NA,NA,NA,NA,NA,0.4706,0.0408,44,0.8205,0.2819,0,0.7799,0,Bayes-M17-med
Kaniola,Sud-Kivu,2,FALSE,0.0225,0.0176,0.0281,0.0223,70,70,71,0.0227,1.1795,71,0.0335,NA,NA,NA,NA,NA,NA,0.4513,0.0389,46,0.5328,0.9305,0,0.3417,0,Bayes-M17-med
Nyangezi,Sud-Kivu,2,FALSE,0.0225,0.0177,0.0281,0.0224,70,66,71,0.0228,1.1819,70,0.0335,NA,NA,NA,NA,NA,NA,0.36870000000000003,0.0319,59,0.222,0.8842,0,0.36870000000000003,0,Bayes-M17-med
Bunyakiri,Sud-Kivu,2,FALSE,0.0215,0.0168,0.0268,0.0213,72,72,72,0.0217,1.1266,72,0.032,NA,NA,NA,NA,NA,NA,0.4517,0.0372,49,0.6197,0.832,0,0.3552,0,Bayes-M17-med
Mont Ngafula 1,Kinshasa,2,FALSE,0.0207,0.0161,0.0259,0.0206,73,73,73,0.0209,1.0872,73,0.0309,NA,NA,NA,NA,NA,NA,0.2066,0.0164,91,0.1371,0.6313,0,0.0579,0,Bayes-M17-med
Kikimi,Kinshasa,2,FALSE,0.0201,0.0156,0.0251,0.02,74,74,74,0.0203,1.0531,74,0.0299,NA,NA,NA,NA,NA,NA,0.0835,0.0064,190,0.056,0.1911,0,0.0869,0,Bayes-M17-med
Matete,Kinshasa,2,FALSE,0.0195,0.0152,0.0244,0.0194,75,75,75,0.0197,1.0223,75,0.0291,NA,NA,NA,NA,NA,NA,0.0492,0.0037,290,0.0251,0.1158,0,0.056,0,Bayes-M17-med
Barumbu,Kinshasa,2,FALSE,0.0193,0.015,0.0242,0.0192,76,76,76,0.0195,1.0134,76,0.0288,NA,NA,NA,NA,NA,NA,0.014,0.001,428,0.0097,0.0232,0,0.0232,0,Bayes-M17-med
Mont Ngafula 2,Kinshasa,2,FALSE,0.0188,0.0146,0.0235,0.0186,77,77,77,0.0189,0.9829,77,0.028,NA,NA,NA,NA,NA,NA,0.0951,0.0068,181,0.0849,0.2568,0,0.0386,0,Bayes-M17-med
Selembao,Kinshasa,2,FALSE,0.0184,0.0144,0.023,0.0183,78,78,78,0.0186,0.9652,78,0.0275,NA,NA,NA,NA,NA,NA,0.0676,0.0048,233,0.0444,0.1815,0,0.0444,0,Bayes-M17-med
Kasongo,Maniema,2,FALSE,0.0177,0.0139,0.0221,0.0176,79,79,80,0.0179,0.9272,79,0.0264,NA,NA,NA,NA,NA,NA,0.5304,0.036,52,0.4459,0.7529,0,0.9228,0,Bayes-M17-med
Kindu,Maniema,2,FALSE,0.0176,0.0138,0.0221,0.0175,80,79,80,0.0178,0.9236,80,0.0263,NA,NA,NA,NA,NA,NA,0.3181,0.0215,75,0.1351,0.2529,0,0.8842,0,Bayes-M17-med
Ndjili,Kinshasa,2,FALSE,0.0167,0.013,0.0209,0.0166,81,81,81,0.0169,0.875,81,0.0249,NA,NA,NA,NA,NA,NA,0.0487,0.0031,315,0.027,0.1042,0,0.0637,0,Bayes-M17-med
Kingabwa,Kinshasa,2,FALSE,0.0165,0.0128,0.0206,0.0164,82,82,82,0.0166,0.8613,82,0.0245,NA,NA,NA,NA,NA,NA,0.0478,0.003,319,0.0425,0.0965,0,0.0521,0,Bayes-M17-med
Shabunda,Sud-Kivu,2,FALSE,0.016,0.0124,0.0202,0.0159,83,83,86,0.0161,0.8374,83,0.0238,NA,NA,NA,NA,NA,NA,0.5922,0.0364,50,0.8378,0.8726,0,0.6583,0,Bayes-M17-med
Ngiri Ngiri,Kinshasa,2,FALSE,0.0156,0.0121,0.0195,0.0155,85,84,85,0.0157,0.8149,85,0.0232,NA,NA,NA,NA,NA,NA,0.028,0.0017,399,0.0154,0.0676,0,0.029,0,Bayes-M17-med
Yabaondo,Tshopo,2,FALSE,0.0156,0.0122,0.0196,0.0155,84,83,85,0.0158,0.8188,84,0.0233,NA,NA,NA,NA,NA,NA,0.3523,0.0212,78,0.4363,0.305,0,0.668,0,Bayes-M17-med
Nundu,Sud-Kivu,2,FALSE,0.0153,0.012,0.0191,0.0152,86,85,86,0.0154,0.7989,86,0.0228,NA,NA,NA,NA,NA,NA,0.5927,0.0348,53,0.527,0.8494,0,0.9942,0,Bayes-M17-med
Police,Kinshasa,2,FALSE,0.0149,0.0116,0.0187,0.0148,87,87,87,0.015,0.7783,87,0.0222,NA,NA,NA,NA,NA,NA,0.0478,0.0027,337,0.0463,0.0772,0,0.0676,0,Bayes-M17-med
Ubundu,Tshopo,2,FALSE,0.0145,0.0113,0.0181,0.0144,88,88,88,0.0146,0.7567,88,0.0216,NA,NA,NA,NA,NA,NA,0.4744,0.0264,66,0.9054,0.4305,0,0.5618,0,Bayes-M17-med
Kalonge,Sud-Kivu,2,FALSE,0.014,0.0109,0.0175,0.0139,90,89,90,0.0141,0.7302,90,0.0208,NA,NA,NA,NA,NA,NA,0.404,0.0217,74,0.4961,0.8359,0,0.2838,0,Bayes-M17-med
Basoko,Tshopo,2,FALSE,0.014,0.0109,0.0175,0.0139,89,89,90,0.0141,0.7311,89,0.0208,NA,NA,NA,NA,NA,NA,0.3012,0.0162,95,0.5077,0.3147,0,0.3822,0,Bayes-M17-med
Maluku 1,Kinshasa,2,FALSE,0.0135,0.0105,0.0169,0.0134,91,91,93,0.0136,0.7034,92,0.0201,NA,NA,NA,NA,NA,NA,0.2321,0.012,111,0.3475,0.4517,0,0.1293,0,Bayes-M17-med
Kalemie,Tanganyika,2,FALSE,0.0135,0.0105,0.0169,0.0134,92,91,92,0.0136,0.7036,91,0.0201,NA,NA,NA,NA,NA,NA,0.3789,0.0196,83,0.6718,0.4575,0,0.3861,0,Bayes-M17-med
Kunda,Maniema,2,FALSE,0.0133,0.0104,0.0166,0.0132,93,92,93,0.0134,0.6936,93,0.0198,NA,NA,NA,NA,NA,NA,0.4165,0.0212,77,0.4633,0.2799,0,0.9228,0,Bayes-M17-med
Yaleko,Tshopo,2,FALSE,0.0127,0.0099,0.0159,0.0126,94,94,94,0.0127,0.6616,94,0.0189,NA,NA,NA,NA,NA,NA,0.402,0.0195,84,0.639,0.2452,0,0.7239,0,Bayes-M17-med
Kingasani,Kinshasa,2,FALSE,0.0123,0.0096,0.0153,0.0122,95,95,95,0.0124,0.6413,95,0.0183,NA,NA,NA,NA,NA,NA,0.0294,0.0014,411,0.0058,0.0405,0,0.0714,0,Bayes-M17-med
Lubumbashi,Haut-Katanga,2,FALSE,0.0122,0.0095,0.0152,0.0121,96,96,96,0.0123,0.636,96,0.0181,NA,NA,NA,NA,NA,NA,0.1105,0.0052,217,0.1081,0.2104,0,0.1236,0,Bayes-M17-med
Kaziba,Sud-Kivu,2,FALSE,0.0115,0.009,0.0144,0.0114,97,97,98,0.0116,0.601,97,0.0172,NA,NA,NA,NA,NA,NA,0.3571,0.0158,97,0.2876,0.7838,0,0.3571,0,Bayes-M17-med
Yambuku,Mongala,2,FALSE,0.0114,0.0088,0.0143,0.0113,98,97,101,0.0115,0.5944,98,0.017,NA,NA,NA,NA,NA,NA,0.4344,0.019,87,0.5483,0.5753,0,0.6139,0,Bayes-M17-med
Saramabila,Maniema,2,FALSE,0.0113,0.0088,0.0141,0.0112,99,98,100,0.0113,0.5882,99,0.0168,NA,NA,NA,NA,NA,NA,0.4768,0.0206,80,0.473,0.5502,0,0.8842,0,Bayes-M17-med
Yamaluka,Mongala,2,FALSE,0.0112,0.0088,0.014,0.0111,100,98,102,0.0113,0.5842,100,0.0167,NA,NA,NA,NA,NA,NA,0.1974,0.0085,147,0.2799,0.1448,0,0.3649,0,Bayes-M17-med
Lisala,Mongala,2,FALSE,0.0111,0.0086,0.0139,0.011,101,100,102,0.0112,0.58,101,0.0166,NA,NA,NA,NA,NA,NA,0.4093,0.0175,89,0.4286,0.4402,0,0.7683,0,Bayes-M17-med
Kibua,Nord-Kivu,2,FALSE,0.0111,0.0087,0.0138,0.011,102,100,103,0.0111,0.5782,102,0.0165,NA,NA,0.1291,17,NA,NA,0.5154,0.0219,72,0.7741,0.6602,0,0.6274,0,Bayes-M17-med
Kitutu,Sud-Kivu,2,FALSE,0.0109,0.0085,0.0136,0.0108,103,103,104,0.0109,0.5673,103,0.0162,NA,NA,NA,NA,NA,NA,0.5024,0.021,79,0.751,0.805,0,0.4537,0,Bayes-M17-med
Ango,Bas-Uele,2,FALSE,0.0108,0.0083,0.0137,0.0107,104,101,106,0.0109,0.5638,104,0.0161,NA,NA,NA,NA,NA,NA,0.7095,0.0294,62,1,0.8591,0,0.9788,0,Bayes-M17-med
Kongolo,Tanganyika,2,FALSE,0.0105,0.0082,0.0131,0.0104,105,104,106,0.0105,0.5463,105,0.0156,NA,NA,NA,NA,NA,NA,0.6829,0.0275,64,0.8861,0.9228,0,0.9228,0,Bayes-M17-med
Mwenga,Sud-Kivu,2,FALSE,0.0103,0.008,0.0129,0.0102,107,106,108,0.0103,0.536,107,0.0153,NA,NA,NA,NA,NA,NA,0.319,0.0126,108,0.5,0.3552,0,0.4208,0,Bayes-M17-med
Kimbi Lulenge,Sud-Kivu,2,FALSE,0.0103,0.008,0.0128,0.0102,107,106,109,0.0103,0.536,106,0.0153,NA,NA,NA,NA,NA,NA,0.5507,0.0217,73,0.8475,0.8687,0,0.4865,0,Bayes-M17-med
Djolu,Tshuapa,2,FALSE,0.0102,0.0079,0.0127,0.0101,108,107,109,0.0102,0.5305,108,0.0152,NA,NA,NA,NA,NA,NA,0.5256,0.0205,81,0.7104,0.5985,0,0.7934,0,Bayes-M17-med
Kabinda,Lomami,2,FALSE,0.01,0.0078,0.0126,0.01,110,110,111,0.0101,0.5228,110,0.0149,NA,NA,NA,NA,NA,NA,0.4382,0.0169,90,0.5097,0.5541,0,0.6892,0,Bayes-M17-med
Itebero,Nord-Kivu,2,FALSE,0.01,0.0078,0.0125,0.0099,111,110,112,0.01,0.5197,111,0.0148,NA,NA,0.116,18,NA,NA,0.5574,0.0213,76,0.9112,0.722,0,0.5965,0,Bayes-M17-med
Kalole,Sud-Kivu,2,FALSE,0.01,0.0079,0.0126,0.01,109,108,111,0.0101,0.5238,109,0.015,NA,NA,NA,NA,NA,NA,0.6038,0.0233,69,0.89,0.7799,0,0.7452,0,Bayes-M17-med
Titule,Bas-Uele,2,FALSE,0.0099,0.0075,0.0128,0.0098,112,105,117,0.01,0.5175,112,0.0148,NA,NA,NA,NA,NA,NA,0.6839,0.026,67,0.9865,0.8263,0,0.9228,0,Bayes-M17-med
Mulungu,Sud-Kivu,2,FALSE,0.0097,0.0076,0.0122,0.0097,113,112,114,0.0098,0.5067,113,0.0145,NA,NA,NA,NA,NA,NA,0.5208,0.0194,85,0.861,0.5193,0,0.7027,0,Bayes-M17-med
Opienge,Tshopo,2,FALSE,0.0095,0.0074,0.012,0.0094,114,113,116,0.0096,0.4961,114,0.0142,NA,NA,NA,NA,NA,NA,0.4445,0.0162,94,0.9556,0.0135,0,0.8089,0,Bayes-M17-med
Kamituga,Sud-Kivu,2,FALSE,0.0094,0.0074,0.0118,0.0094,115,113,116,0.0095,0.4913,115,0.014,NA,NA,NA,NA,NA,NA,0.3596,0.013,104,0.3938,0.6062,0,0.4382,0,Bayes-M17-med
Yahuma,Tshopo,2,FALSE,0.0093,0.0073,0.0117,0.0093,116,114,116,0.0094,0.4869,116,0.0139,NA,NA,NA,NA,NA,NA,0.4402,0.0158,98,0.8649,0.332,0,0.5637,0,Bayes-M17-med
Bonzola,Kasaï-Oriental,2,FALSE,0.0092,0.0072,0.0115,0.0091,117,115,118,0.0092,0.4781,117,0.0137,NA,NA,NA,NA,NA,NA,0.2958,0.0104,121,0.0927,0.7934,0,0.2973,0,Bayes-M17-med
Aketi,Bas-Uele,2,FALSE,0.0089,0.0068,0.0114,0.0088,118,115,123,0.009,0.4653,118,0.0133,NA,NA,NA,NA,NA,NA,0.6762,0.0232,70,0.9903,0.9363,0,0.778,0,Bayes-M17-med
Makala,Kinshasa,2,FALSE,0.0087,0.0068,0.0109,0.0087,119,118,119,0.0088,0.4549,119,0.013,NA,NA,NA,NA,NA,NA,0.0246,8e-4,439,0.0116,0.0386,0,0.0483,0,Bayes-M17-med
Mumbunda,Haut-Katanga,2,FALSE,0.0085,0.0066,0.0106,0.0084,120,119,121,0.0085,0.4414,120,0.0126,NA,NA,NA,NA,NA,NA,0.1853,0.006,204,0.1197,0.5077,0,0.1139,0,Bayes-M17-med
Manika,Lualaba,2,FALSE,0.0084,0.0065,0.0105,0.0083,122,120,123,0.0084,0.4383,122,0.0125,NA,NA,NA,NA,NA,NA,0.1149,0.0037,288,0.0946,0.222,0,0.1429,0,Bayes-M17-med
Mbulula,Tanganyika,2,FALSE,0.0084,0.0066,0.0106,0.0084,121,120,122,0.0085,0.4397,121,0.0126,NA,NA,NA,NA,NA,NA,0.5934,0.0192,86,0.6448,0.7761,0,0.9527,0,Bayes-M17-med
Doruma,Haut-Uele,2,FALSE,0.0083,0.0065,0.0105,0.0083,123,120,123,0.0084,0.4344,123,0.0124,NA,NA,NA,NA,0.0388,7,0.6216,0.0199,82,0.973,0.5135,0,1,0,Bayes-M17-med
Kananga,Kasaï-Central,2,FALSE,0.0081,0.0063,0.0101,0.008,126,125,127,0.0081,0.4199,126,0.012,NA,NA,NA,NA,NA,NA,0.2963,0.0092,134,0.1429,0.5579,0,0.4846,0,Bayes-M17-med
Punia,Maniema,2,FALSE,0.0081,0.0063,0.0101,0.008,125,123,126,0.0081,0.4215,125,0.0121,NA,NA,NA,NA,NA,NA,0.3731,0.0116,114,0.7625,0.1969,0,0.5328,0,Bayes-M17-med
Lodja,Sankuru,2,FALSE,0.0081,0.0063,0.0101,0.008,125,124,126,0.0081,0.422,124,0.0121,NA,NA,NA,NA,NA,NA,0.4626,0.0144,99,0.2625,0.6351,0,0.9527,0,Bayes-M17-med
Kalamu 2,Kinshasa,2,FALSE,0.008,0.0062,0.01,0.0079,128,124,130,0.008,0.4146,128,0.0119,NA,NA,NA,NA,NA,NA,0.015,5e-4,446,0.0039,0.0154,0,0.0405,0,Bayes-M17-med
Bumba,Mongala,2,FALSE,0.008,0.0062,0.0101,0.008,127,124,130,0.0081,0.4184,127,0.012,NA,NA,NA,NA,NA,NA,0.2384,0.0073,168,0.1409,0.4537,0,0.3591,0,Bayes-M17-med
Kampene,Maniema,2,FALSE,0.0079,0.0062,0.0099,0.0079,129,127,129,0.008,0.4136,129,0.0118,NA,NA,NA,NA,NA,NA,0.3962,0.0121,110,0.5251,0.1757,0,0.8842,0,Bayes-M17-med
Kalima,Maniema,2,FALSE,0.0079,0.0061,0.0098,0.0078,130,129,130,0.0079,0.4095,130,0.0117,NA,NA,NA,NA,NA,NA,0.3094,0.0093,130,0.4595,0.3205,0,0.4575,0,Bayes-M17-med
Kabalo,Tanganyika,2,FALSE,0.0078,0.0061,0.0098,0.0077,131,131,131,0.0078,0.4059,131,0.0116,NA,NA,NA,NA,NA,NA,0.624,0.0187,88,0.9035,0.7568,0,0.8359,0,Bayes-M17-med
Moba,Tanganyika,2,FALSE,0.0077,0.006,0.0096,0.0076,132,132,132,0.0077,0.4,132,0.0114,NA,NA,NA,NA,NA,NA,0.3808,0.0112,118,0.6178,0.4942,0,0.4112,0,Bayes-M17-med
Kasansa,Kasaï-Oriental,2,FALSE,0.0075,0.0059,0.0094,0.0075,133,133,134,0.0075,0.3906,133,0.0112,NA,NA,NA,NA,NA,NA,0.3349,0.0096,126,0.2568,0.6699,0,0.4131,0,Bayes-M17-med
Lolo,Mongala,2,FALSE,0.0073,0.0057,0.0092,0.0072,134,133,138,0.0073,0.3803,134,0.0109,NA,NA,NA,NA,NA,NA,0.3161,0.0089,137,0.4073,0.3263,0,0.5309,0,Bayes-M17-med
Yahisuli,Tshopo,2,FALSE,0.0073,0.0057,0.0091,0.0072,136,135,136,0.0073,0.3781,136,0.0108,NA,NA,NA,NA,NA,NA,0.3521,0.0098,125,0.3842,0.0714,0,0.9527,0,Bayes-M17-med
Manono,Tanganyika,2,FALSE,0.0073,0.0057,0.0091,0.0073,135,134,135,0.0073,0.3801,135,0.0109,NA,NA,NA,NA,NA,NA,0.5758,0.0161,96,0.8784,0.9537,0,0.471,0,Bayes-M17-med
Haut Plateau,Sud-Kivu,2,FALSE,0.0071,0.0055,0.0089,0.007,139,136,140,0.0071,0.3686,139,0.0105,NA,NA,NA,NA,NA,NA,0.5246,0.0143,100,0.5714,0.5444,0,0.9826,0,Bayes-M17-med
Gemena,Sud-Ubangi,2,FALSE,0.0071,0.0055,0.0089,0.0071,137,137,139,0.0071,0.3708,137,0.0106,NA,NA,NA,NA,NA,NA,0.3277,0.009,136,0.1776,0.2741,0,0.8591,0,Bayes-M17-med
Nyunzu,Tanganyika,2,FALSE,0.0071,0.0055,0.0089,0.007,138,137,138,0.0071,0.3693,138,0.0106,NA,NA,NA,NA,NA,NA,0.6023,0.0164,92,0.9653,0.834,0,0.61,0,Bayes-M17-med
Nzaba,Kasaï-Oriental,2,FALSE,0.007,0.0054,0.0087,0.0069,141,140,141,0.007,0.3622,141,0.0104,NA,NA,NA,NA,NA,NA,0.278,0.0074,164,0.1042,0.6931,0,0.3147,0,Bayes-M17-med
Opala,Tshopo,2,FALSE,0.007,0.0054,0.0088,0.0069,140,139,141,0.007,0.3641,140,0.0104,NA,NA,NA,NA,NA,NA,0.4269,0.0115,116,0.7819,0.0792,0,0.8465,0,Bayes-M17-med
Lulingu,Sud-Kivu,2,FALSE,0.0069,0.0054,0.0086,0.0068,142,142,142,0.0069,0.3587,142,0.0103,NA,NA,NA,NA,NA,NA,0.6158,0.0163,93,0.9093,0.8108,0,0.7432,0,Bayes-M17-med
Lusangi,Maniema,2,FALSE,0.0068,0.0053,0.0085,0.0067,143,143,143,0.0068,0.3528,143,0.0101,NA,NA,NA,NA,NA,NA,0.4223,0.011,120,0.5656,0.2645,0,0.8591,0,Bayes-M17-med
Kabongo,Haut-Lomami,2,FALSE,0.0067,0.0053,0.0084,0.0067,144,144,144,0.0068,0.3511,144,0.01,NA,NA,NA,NA,NA,NA,0.5372,0.0139,101,0.8108,0.778,0,0.5598,0,Bayes-M17-med
Minembwe,Sud-Kivu,2,FALSE,0.0067,0.0052,0.0084,0.0067,145,145,145,0.0067,0.3492,145,0.01,NA,NA,NA,NA,NA,NA,0.5198,0.0134,103,0.7181,0.8089,0,0.5521,0,Bayes-M17-med
Kisenso,Kinshasa,2,FALSE,0.0066,0.0052,0.0083,0.0066,146,146,146,0.0067,0.3459,146,0.0099,NA,NA,NA,NA,NA,NA,0.0589,0.0015,405,0.0367,0.139,0,0.0598,0,Bayes-M17-med
Mulumba,Lomami,2,FALSE,0.0066,0.0051,0.0082,0.0065,147,147,147,0.0066,0.3427,147,0.0098,NA,NA,NA,NA,NA,NA,0.2587,0.0065,187,0.1834,0.3108,0,0.5405,0,Bayes-M17-med
Luputa,Lomami,2,FALSE,0.0065,0.0051,0.0081,0.0065,148,148,149,0.0065,0.3384,148,0.0097,NA,NA,NA,NA,NA,NA,0.3431,0.0086,144,0.3301,0.3166,0,0.7259,0,Bayes-M17-med
Kamina,Haut-Lomami,2,FALSE,0.0064,0.005,0.008,0.0064,151,150,151,0.0064,0.3333,151,0.0095,NA,NA,NA,NA,NA,NA,0.5164,0.0127,105,0.8301,0.8301,0,0.4054,0,Bayes-M17-med
Tshilenge,Kasaï-Oriental,2,FALSE,0.0064,0.005,0.008,0.0064,150,149,151,0.0064,0.3338,150,0.0096,NA,NA,NA,NA,NA,NA,0.2799,0.0069,178,0.1892,0.668,0,0.2625,0,Bayes-M17-med
Mweneditu,Lomami,2,FALSE,0.0064,0.005,0.008,0.0063,152,150,152,0.0064,0.3327,152,0.0095,NA,NA,NA,NA,NA,NA,0.2799,0.0069,180,0.166,0.3842,0,0.5695,0,Bayes-M17-med
Samba,Maniema,2,FALSE,0.0064,0.005,0.008,0.0063,153,152,153,0.0064,0.3309,153,0.0095,NA,NA,NA,NA,NA,NA,0.5179,0.0126,106,0.7529,0.4344,0,0.8842,0,Bayes-M17-med
Boende,Tshuapa,2,FALSE,0.0064,0.005,0.0081,0.0064,149,148,153,0.0065,0.3359,149,0.0096,NA,NA,NA,NA,NA,NA,0.4199,0.0104,122,0.6988,0.4807,0,0.5,0,Bayes-M17-med
Biyela,Kinshasa,2,FALSE,0.0062,0.0048,0.0077,0.0061,155,154,155,0.0062,0.3212,155,0.0092,NA,NA,NA,NA,NA,NA,0.1076,0.0025,348,0.0637,0.2838,0,0.083,0,Bayes-M17-med
Idiofa,Kwilu,2,FALSE,0.0062,0.0048,0.0078,0.0062,154,154,155,0.0062,0.323,154,0.0092,NA,NA,NA,NA,NA,NA,0.486,0.0116,115,0.4537,0.749,0,0.7413,0,Bayes-M17-med
Kipushi,Haut-Katanga,2,FALSE,0.006,0.0046,0.0075,0.006,157,156,157,0.006,0.3118,157,0.0089,NA,NA,NA,NA,NA,NA,0.1216,0.0028,331,0.2703,0.1081,0,0.1081,0,Bayes-M17-med
Kailo,Maniema,2,FALSE,0.006,0.0047,0.0075,0.006,156,156,157,0.006,0.3133,156,0.009,NA,NA,NA,NA,NA,NA,0.4276,0.0099,123,0.832,0.0946,0,0.7838,0,Bayes-M17-med
Kimbanseke,Kinshasa,2,FALSE,0.0059,0.0046,0.0074,0.0058,158,158,159,0.0059,0.3064,158,0.0088,NA,NA,NA,NA,NA,NA,0.0526,0.0012,423,0.0521,0.0849,0,0.0734,0,Bayes-M17-med
Tshamilemba,Haut-Katanga,2,FALSE,0.0058,0.0045,0.0072,0.0057,160,159,160,0.0058,0.3008,160,0.0086,NA,NA,NA,NA,NA,NA,0.0772,0.0017,397,0.0656,0.1255,0,0.1178,0,Bayes-M17-med
Lingomo,Tshuapa,2,FALSE,0.0058,0.0045,0.0073,0.0058,159,158,160,0.0058,0.3036,159,0.0087,NA,NA,NA,NA,NA,NA,0.5627,0.0126,107,0.8263,0.5869,0,0.8378,0,Bayes-M17-med
Mbandaka,Equateur,2,FALSE,0.0057,0.0044,0.0072,0.0057,161,161,162,0.0057,0.2984,161,0.0085,NA,NA,NA,NA,NA,NA,0.5164,0.0114,117,0.6409,0.9633,0,0.4614,0,Bayes-M17-med
Kabeya Kamwanga,Kasaï-Oriental,2,FALSE,0.0057,0.0045,0.0072,0.0057,162,161,162,0.0057,0.2975,162,0.0085,NA,NA,NA,NA,NA,NA,0.2968,0.0065,188,0.3224,0.3919,0,0.473,0,Bayes-M17-med
Kamwesha,Kasaï,2,FALSE,0.0056,0.0044,0.007,0.0055,164,164,164,0.0056,0.29,164,0.0083,NA,NA,NA,NA,NA,NA,0.2732,0.0058,205,0.3456,0.2876,0,0.4595,0,Bayes-M17-med
Tshikapa,Kasaï,2,FALSE,0.0056,0.0044,0.0071,0.0056,163,163,163,0.0056,0.293,163,0.0084,NA,NA,NA,NA,NA,NA,0.3156,0.0068,182,0.2722,0.6506,0,0.3398,0,Bayes-M17-med
Malemba Nkulu,Haut-Lomami,2,FALSE,0.0055,0.0043,0.0069,0.0055,165,165,165,0.0055,0.288,165,0.0082,NA,NA,NA,NA,NA,NA,0.3895,0.0083,151,0.36870000000000003,0.7664,0,0.4228,0,Bayes-M17-med
Kitenge,Haut-Lomami,2,FALSE,0.0054,0.0042,0.0067,0.0054,167,167,168,0.0054,0.2804,167,0.008,NA,NA,NA,NA,NA,NA,0.5729,0.0119,112,0.8668,0.8069,0,0.6178,0,Bayes-M17-med
Demba,Kasaï-Central,2,FALSE,0.0054,0.0042,0.0068,0.0054,166,166,166,0.0054,0.2824,166,0.0081,NA,NA,NA,NA,NA,NA,0.4117,0.0086,142,0.4653,0.7143,0,0.4672,0,Bayes-M17-med
Ikela,Tshuapa,2,FALSE,0.0054,0.0042,0.0067,0.0053,168,167,168,0.0054,0.279,168,0.008,NA,NA,NA,NA,NA,NA,0.4633,0.0095,128,0.8147,0.1795,0,0.8591,0,Bayes-M17-med
Maluku 2,Kinshasa,2,FALSE,0.0053,0.0041,0.0066,0.0052,169,169,170,0.0053,0.2741,169,0.0078,NA,NA,NA,NA,NA,NA,0.4184,0.0085,148,0.6834,0.5463,0,0.444,0,Bayes-M17-med
Kaniama,Haut-Lomami,2,FALSE,0.0052,0.0041,0.0065,0.0052,170,169,172,0.0052,0.2708,170,0.0078,NA,NA,NA,NA,NA,NA,0.582,0.0116,113,0.8533,0.6622,0,0.8127,0,Bayes-M17-med
Lubao,Lomami,2,FALSE,0.0052,0.004,0.0065,0.0051,172,171,173,0.0052,0.2685,172,0.0077,NA,NA,NA,NA,NA,NA,0.3982,0.0079,157,0.6486,0.1525,0,0.7915,0,Bayes-M17-med
Mondombe,Tshuapa,2,FALSE,0.0052,0.004,0.0065,0.0052,171,170,173,0.0052,0.2706,171,0.0077,NA,NA,NA,NA,NA,NA,0.4797,0.0096,127,0.6622,0.3726,0,0.8842,0,Bayes-M17-med
Mikalayi,Kasaï-Central,2,FALSE,0.0051,0.004,0.0064,0.0051,173,172,175,0.0051,0.2657,173,0.0076,NA,NA,NA,NA,NA,NA,0.3948,0.0077,160,0.4517,0.5811,0,0.5463,0,Bayes-M17-med
Yamongili,Mongala,2,FALSE,0.0051,0.0039,0.0064,0.0051,174,173,174,0.0051,0.2649,174,0.0076,NA,NA,NA,NA,NA,NA,0.3243,0.0063,194,0.5116,0.3668,0,0.4189,0,Bayes-M17-med
Likati,Bas-Uele,2,FALSE,0.005,0.0039,0.0063,0.005,175,172,180,0.005,0.2599,175,0.0074,NA,NA,NA,NA,NA,NA,0.7124,0.0137,102,0.9942,0.971,0,0.8842,0,Bayes-M17-med
Karawa,Nord-Ubangi,2,FALSE,0.005,0.0039,0.0062,0.0049,176,176,179,0.005,0.2579,176,0.0074,NA,NA,NA,NA,NA,NA,0.6404,0.0122,109,0.7568,0.973,0,0.832,0,Bayes-M17-med
Diulu,Kasaï-Oriental,2,FALSE,0.0049,0.0038,0.0061,0.0048,180,177,180,0.0049,0.2538,180,0.0073,NA,NA,NA,NA,NA,NA,0.2611,0.0049,229,0.0676,0.6448,0,0.332,0,Bayes-M17-med
Lukelenge,Kasaï-Oriental,2,FALSE,0.0049,0.0038,0.0061,0.0049,178,175,178,0.0049,0.2552,178,0.0073,NA,NA,NA,NA,NA,NA,0.2249,0.0042,258,0.0811,0.5,0,0.3185,0,Bayes-M17-med
Bumbu,Kinshasa,2,FALSE,0.0049,0.0038,0.0061,0.0049,177,175,180,0.0049,0.2552,177,0.0073,NA,NA,NA,NA,NA,NA,0.0164,3e-4,449,0.0019,0.029,0,0.0347,0,Bayes-M17-med
Lusanga,Kwilu,2,FALSE,0.0049,0.0038,0.0061,0.0049,179,177,180,0.0049,0.2544,179,0.0073,NA,NA,NA,NA,NA,NA,0.4242,0.008,156,0.4382,0.7297,0,0.529,0,Bayes-M17-med
Luebo,Kasaï,2,FALSE,0.0048,0.0037,0.006,0.0048,182,181,182,0.0048,0.2493,182,0.0071,NA,NA,NA,NA,NA,NA,0.4353,0.008,155,0.5232,0.5116,0,0.7066,0,Bayes-M17-med
Ngandajika,Lomami,2,FALSE,0.0048,0.0037,0.006,0.0048,181,181,181,0.0048,0.2496,181,0.0072,NA,NA,NA,NA,NA,NA,0.3465,0.0064,191,0.2124,0.4459,0,0.7278,0,Bayes-M17-med
Mweka,Kasaï,2,FALSE,0.0047,0.0037,0.0059,0.0047,184,184,185,0.0047,0.2437,184,0.007,NA,NA,NA,NA,NA,NA,0.5053,0.0091,135,0.4788,0.7239,0,0.8185,0,Bayes-M17-med
Cilundu,Kasaï-Oriental,2,FALSE,0.0047,0.0037,0.0059,0.0047,183,183,184,0.0047,0.2446,183,0.007,NA,NA,NA,NA,NA,NA,0.221,0.004,271,0.2317,0.3089,0,0.3436,0,Bayes-M17-med
Lomela,Sankuru,2,FALSE,0.0047,0.0036,0.0058,0.0046,185,184,187,0.0047,0.2429,185,0.007,NA,NA,NA,NA,NA,NA,0.4759,0.0085,145,0.8456,0.1351,0,0.9228,0,Bayes-M17-med
Luiza,Kasaï-Central,2,FALSE,0.0046,0.0036,0.0057,0.0045,189,188,189,0.0046,0.2381,189,0.0068,NA,NA,NA,NA,NA,NA,0.4218,0.0074,166,0.4807,0.6293,0,0.5772,0,Bayes-M17-med
Kabambare,Maniema,2,FALSE,0.0046,0.0036,0.0058,0.0046,186,185,188,0.0047,0.2419,186,0.0069,NA,NA,NA,NA,NA,NA,0.3953,0.0071,174,0.8359,0.112,0,0.6332,0,Bayes-M17-med
Bwamanda,Sud-Ubangi,2,FALSE,0.0046,0.0036,0.0058,0.0046,187,183,187,0.0047,0.2415,187,0.0069,NA,NA,NA,NA,NA,NA,0.4667,0.0083,149,0.4189,0.7394,0,0.7085,0,Bayes-M17-med
Bokungu,Tshuapa,2,FALSE,0.0046,0.0036,0.0058,0.0046,188,186,191,0.0046,0.2398,188,0.0069,NA,NA,NA,NA,NA,NA,0.49370000000000003,0.0087,139,0.695,0.3571,0,0.9228,0,Bayes-M17-med
Bena Leka,Kasaï-Central,2,FALSE,0.0045,0.0035,0.0057,0.0045,192,192,193,0.0045,0.2356,192,0.0067,NA,NA,NA,NA,NA,NA,0.4986,0.0087,140,0.6062,0.7162,0,0.6718,0,Bayes-M17-med
Masuika,Kasaï-Central,2,FALSE,0.0045,0.0035,0.0056,0.0044,194,193,194,0.0045,0.2332,194,0.0067,NA,NA,NA,NA,NA,NA,0.3885,0.0067,184,0.3263,0.5618,0,0.666,0,Bayes-M17-med
Ngaba,Kinshasa,2,FALSE,0.0045,0.0035,0.0056,0.0045,193,190,194,0.0045,0.2347,193,0.0067,NA,NA,NA,NA,NA,NA,0.014,2e-4,451,0,0.0058,0,0.0502,0,Bayes-M17-med
Vanga,Kwilu,2,FALSE,0.0045,0.0036,0.0057,0.0045,190,190,191,0.0046,0.2366,190,0.0068,NA,NA,NA,NA,NA,NA,0.5034,0.0088,138,0.3726,0.8205,0,0.8205,0,Bayes-M17-med
Bulungu,Kwilu,2,FALSE,0.0045,0.0035,0.0057,0.0045,191,191,192,0.0046,0.2363,191,0.0068,NA,NA,NA,NA,NA,NA,0.4508,0.0079,158,0.3571,0.6795,0,0.7664,0,Bayes-M17-med
Bibanga,Kasaï-Oriental,2,FALSE,0.0044,0.0035,0.0056,0.0044,196,195,196,0.0044,0.2309,196,0.0066,NA,NA,NA,NA,NA,NA,0.2978,0.0051,222,0.3127,0.4884,0,0.39,0,Bayes-M17-med
Fungurume,Lualaba,2,FALSE,0.0044,0.0035,0.0055,0.0044,197,197,197,0.0044,0.23,197,0.0066,NA,NA,NA,NA,NA,NA,0.1564,0.0027,340,0.2664,0.1622,0,0.1969,0,Bayes-M17-med
Yalimbongo,Tshopo,2,FALSE,0.0044,0.0035,0.0056,0.0044,195,194,198,0.0045,0.2312,195,0.0066,NA,NA,NA,NA,NA,NA,0.3214,0.0055,207,0.5772,0.0483,0,0.6602,0,Bayes-M17-med
Kansimba,Tanganyika,2,FALSE,0.0044,0.0035,0.0055,0.0044,198,196,198,0.0044,0.2299,198,0.0066,NA,NA,NA,NA,NA,NA,0.5497,0.0093,131,0.9479,0.7741,0,0.4768,0,Bayes-M17-med
Citenge,Kasaï-Oriental,2,FALSE,0.0043,0.0034,0.0054,0.0043,200,200,200,0.0043,0.2245,200,0.0064,NA,NA,NA,NA,NA,NA,0.2321,0.0038,280,0.1583,0.4749,0,0.2954,0,Bayes-M17-med
Kenge,Kwango,2,FALSE,0.0043,0.0034,0.0054,0.0043,199,199,199,0.0043,0.2258,199,0.0065,NA,NA,NA,NA,NA,NA,0.5574,0.0093,132,0.6139,0.8127,0,0.8031,0,Bayes-M17-med
Kanda Kanda,Lomami,2,FALSE,0.0043,0.0033,0.0054,0.0042,201,201,201,0.0043,0.2223,201,0.0064,NA,NA,NA,NA,NA,NA,0.3012,0.0049,228,0.3185,0.1737,0,0.7124,0,Bayes-M17-med
Bukama,Haut-Lomami,2,FALSE,0.0042,0.0033,0.0053,0.0042,202,202,203,0.0042,0.2205,202,0.0063,NA,NA,NA,NA,NA,NA,0.4764,0.0078,159,0.7143,0.7625,0,0.4286,0,Bayes-M17-med
Tshofa,Lomami,2,FALSE,0.0042,0.0033,0.0053,0.0042,203,203,205,0.0042,0.2187,203,0.0063,NA,NA,NA,NA,NA,NA,0.4416,0.0071,172,0.6757,0.3514,0,0.7394,0,Bayes-M17-med
Kalenda,Lomami,2,FALSE,0.0042,0.0033,0.0052,0.0041,208,206,208,0.0042,0.2169,208,0.0062,NA,NA,NA,NA,NA,NA,0.2886,0.0046,239,0.388,0.1873,0,0.5792,0,Bayes-M17-med
Kibombo,Maniema,2,FALSE,0.0042,0.0033,0.0052,0.0042,205,205,206,0.0042,0.2178,205,0.0062,NA,NA,NA,NA,NA,NA,0.4614,0.0074,165,0.7452,0.1776,0,0.9228,0,Bayes-M17-med
Itombwe,Sud-Kivu,2,FALSE,0.0042,0.0033,0.0052,0.0042,204,203,207,0.0042,0.2179,204,0.0062,NA,NA,NA,NA,NA,NA,0.5121,0.0082,152,0.8571,0.6737,0,0.5174,0,Bayes-M17-med
Tandala,Sud-Ubangi,2,FALSE,0.0042,0.0033,0.0053,0.0042,206,202,209,0.0042,0.2176,206,0.0062,NA,NA,NA,NA,NA,NA,0.4078,0.0065,185,0.2741,0.527,0,0.8301,0,Bayes-M17-med
Yalifafu,Tshuapa,2,FALSE,0.0042,0.0032,0.0052,0.0041,207,204,209,0.0042,0.2173,207,0.0062,NA,NA,NA,NA,NA,NA,0.4797,0.0077,162,0.7664,0.2683,0,0.8842,0,Bayes-M17-med
Kikwit Nord,Kwilu,2,FALSE,0.0041,0.0032,0.0052,0.0041,209,206,210,0.0042,0.2155,209,0.0062,NA,NA,NA,NA,NA,NA,0.2915,0.0046,238,0.1236,0.5405,0,0.5019,0,Bayes-M17-med
Katako Kombe,Sankuru,2,FALSE,0.0041,0.0032,0.0052,0.0041,210,208,210,0.0042,0.2155,210,0.0062,NA,NA,NA,NA,NA,NA,0.4703,0.0075,163,0.7857,0.1313,0,0.9643,0,Bayes-M17-med
Dilala,Lualaba,2,FALSE,0.004,0.0031,0.005,0.0039,212,212,212,0.004,0.2065,212,0.0059,NA,NA,NA,NA,NA,NA,0.1347,0.0021,382,0.1506,0.2548,0,0.1332,0,Bayes-M17-med
Vanga Kete,Sankuru,2,FALSE,0.004,0.0031,0.005,0.004,211,211,211,0.004,0.2072,211,0.0059,NA,NA,NA,NA,NA,NA,0.4503,0.0069,179,0.4672,0.4112,0,0.9228,0,Bayes-M17-med
Kalonda Ouest,Kasaï,2,FALSE,0.0039,0.0031,0.0049,0.0039,215,215,217,0.0039,0.2037,215,0.0058,NA,NA,NA,NA,NA,NA,0.2239,0.0034,306,0.2915,0.251,0,0.3533,0,Bayes-M17-med
Miabi,Kasaï-Oriental,2,FALSE,0.0039,0.0031,0.0049,0.0039,216,216,218,0.0039,0.2033,216,0.0058,NA,NA,NA,NA,NA,NA,0.2838,0.0043,256,0.2297,0.6525,0,0.2529,0,Bayes-M17-med
Gungu,Kwilu,2,FALSE,0.0039,0.003,0.0049,0.0039,219,218,219,0.0039,0.2022,219,0.0058,NA,NA,NA,NA,NA,NA,0.4237,0.0063,195,0.5058,0.6969,0,0.4923,0,Bayes-M17-med
Mukedi,Kwilu,2,FALSE,0.0039,0.0031,0.0049,0.0039,213,213,214,0.0039,0.2049,213,0.0059,NA,NA,NA,NA,NA,NA,0.4836,0.0073,170,0.5367,0.7066,0,0.6911,0,Bayes-M17-med
Ludimbi Lukula,Lomami,2,FALSE,0.0039,0.003,0.0049,0.0039,217,217,219,0.0039,0.2029,217,0.0058,NA,NA,NA,NA,NA,NA,0.4513,0.0068,183,0.6931,0.3475,0,0.7645,0,Bayes-M17-med
Obokote,Maniema,2,FALSE,0.0039,0.0031,0.0049,0.0039,214,213,215,0.0039,0.2047,214,0.0059,NA,NA,NA,NA,NA,NA,0.3209,0.0049,232,0.7239,0.0328,0,0.527,0,Bayes-M17-med
Pimu,Mongala,2,FALSE,0.0039,0.003,0.0049,0.0039,218,213,219,0.0039,0.2023,218,0.0058,NA,NA,NA,NA,NA,NA,0.4257,0.0064,192,0.583,0.3707,0,0.749,0,Bayes-M17-med
Yakoma,Nord-Ubangi,2,FALSE,0.0039,0.003,0.0048,0.0038,220,216,222,0.0039,0.2003,220,0.0057,NA,NA,NA,NA,NA,NA,0.6641,0.0098,124,0.7124,0.9479,0,0.9961,0,Bayes-M17-med
Mulongo,Haut-Lomami,2,FALSE,0.0038,0.003,0.0048,0.0038,221,220,222,0.0038,0.1978,221,0.0057,NA,NA,NA,NA,NA,NA,0.4773,0.007,177,0.7471,0.7703,0,0.3919,0,Bayes-M17-med
Muya,Kasaï-Oriental,2,FALSE,0.0038,0.0029,0.0047,0.0037,223,222,224,0.0038,0.1952,223,0.0056,NA,NA,NA,NA,NA,NA,0.2495,0.0036,294,0.0753,0.5888,0,0.334,0,Bayes-M17-med
Bosondjo,Mongala,2,FALSE,0.0038,0.0029,0.0047,0.0037,222,221,228,0.0038,0.1954,222,0.0056,NA,NA,NA,NA,NA,NA,0.3489,0.005,225,0.5618,0.1931,0,0.6409,0,Bayes-M17-med
Bipemba,Kasaï-Oriental,2,FALSE,0.0037,0.0029,0.0046,0.0037,227,225,229,0.0037,0.1926,227,0.0055,NA,NA,NA,NA,NA,NA,0.1544,0.0022,377,0.0618,0.2201,0,0.3359,0,Bayes-M17-med
Lubilanji,Kasaï-Oriental,2,FALSE,0.0037,0.0029,0.0047,0.0037,224,222,226,0.0037,0.1942,224,0.0056,NA,NA,NA,NA,NA,NA,0.1694,0.0024,361,0.0347,0.3398,0,0.3031,0,Bayes-M17-med
Tshishimbi,Kasaï-Oriental,2,FALSE,0.0037,0.0029,0.0046,0.0037,228,227,230,0.0037,0.192,228,0.0055,NA,NA,NA,NA,NA,NA,0.1742,0.0025,355,0.1795,0.2471,0,0.2703,0,Bayes-M17-med
Koshibanda,Kwilu,2,FALSE,0.0037,0.0029,0.0047,0.0037,225,225,226,0.0037,0.1939,226,0.0056,NA,NA,NA,NA,NA,NA,0.4913,0.007,175,0.5193,0.6757,0,0.7703,0,Bayes-M17-med
Kalambayi Kabanga,Lomami,2,FALSE,0.0037,0.0029,0.0046,0.0037,230,228,230,0.0037,0.1915,230,0.0055,NA,NA,NA,NA,NA,NA,0.3132,0.0044,249,0.4556,0.1602,0,0.6371,0,Bayes-M17-med
Omendjadi,Sankuru,2,FALSE,0.0037,0.0029,0.0047,0.0037,225,223,227,0.0037,0.194,225,0.0056,NA,NA,NA,NA,NA,NA,0.4262,0.0061,202,0.5502,0.2317,0,0.9228,0,Bayes-M17-med
Ankoro,Tanganyika,2,FALSE,0.0037,0.0029,0.0046,0.0037,229,227,229,0.0037,0.1919,229,0.0055,NA,NA,NA,NA,NA,NA,0.6047,0.0086,143,0.9266,0.8282,0,0.6641,0,Bayes-M17-med
Tshikaji,Kasaï-Central,2,FALSE,0.0036,0.0028,0.0045,0.0035,237,236,238,0.0036,0.1849,237,0.0053,NA,NA,NA,NA,NA,NA,0.3195,0.0044,252,0.1873,0.5849,0,0.5058,0,Bayes-M17-med
Luambo,Kasaï-Central,2,FALSE,0.0036,0.0028,0.0045,0.0036,233,232,233,0.0036,0.1884,232,0.0054,NA,NA,NA,NA,NA,NA,0.3769,0.0052,212,0.5347,0.5656,0,0.4073,0,Bayes-M17-med
Dibindi,Kasaï-Oriental,2,FALSE,0.0036,0.0028,0.0045,0.0036,233,232,236,0.0036,0.1882,233,0.0054,NA,NA,NA,NA,NA,NA,0.1617,0.0022,373,0.0386,0.2954,0,0.3127,0,Bayes-M17-med
Mpokolo,Kasaï-Oriental,2,FALSE,0.0036,0.0028,0.0046,0.0036,231,231,233,0.0036,0.1893,231,0.0054,NA,NA,NA,NA,NA,NA,0.2901,0.0041,267,0.1255,0.6873,0,0.3475,0,Bayes-M17-med
Kamana,Lomami,2,FALSE,0.0036,0.0028,0.0045,0.0036,236,235,237,0.0036,0.1861,236,0.0053,NA,NA,NA,NA,NA,NA,0.2944,0.004,268,0.5309,0.0174,0,0.6293,0,Bayes-M17-med
Binga,Mongala,2,FALSE,0.0036,0.0028,0.0045,0.0036,235,231,237,0.0036,0.187,235,0.0054,NA,NA,NA,NA,NA,NA,0.3306,0.0046,242,0.4749,0.249,0,0.5985,0,Bayes-M17-med
Ototo,Sankuru,2,FALSE,0.0036,0.0028,0.0045,0.0036,234,234,235,0.0036,0.1872,234,0.0054,NA,NA,NA,NA,NA,NA,0.4561,0.0063,197,0.5386,0.3629,0,0.9228,0,Bayes-M17-med
Bili (Bas-Uele),Bas-Uele,2,FALSE,0.0035,0.0027,0.0044,0.0035,243,232,253,0.0035,0.1815,243,0.0052,NA,NA,NA,NA,NA,NA,0.6926,0.0093,133,0.9981,0.7992,0,0.973,0,Bayes-M17-med
Kampemba,Haut-Katanga,2,FALSE,0.0035,0.0027,0.0044,0.0035,240,239,244,0.0035,0.1819,240,0.0052,NA,NA,NA,NA,NA,NA,0.0531,7e-4,441,0.0598,0.0367,0,0.1158,0,Bayes-M17-med
Kabondo Dianda,Haut-Lomami,2,FALSE,0.0035,0.0027,0.0044,0.0035,238,238,240,0.0035,0.183,238,0.0052,NA,NA,NA,NA,NA,NA,0.4107,0.0055,206,0.5888,0.5714,0,0.4826,0,Bayes-M17-med
Kansele,Kasaï-Oriental,2,FALSE,0.0035,0.0027,0.0043,0.0034,248,242,248,0.0035,0.18,248,0.0052,NA,NA,NA,NA,NA,NA,0.2437,0.0032,311,0.0541,0.5965,0,0.3243,0,Bayes-M17-med
Matadi,Kongo-Central,2,FALSE,0.0035,0.0027,0.0043,0.0034,247,246,247,0.0035,0.1801,247,0.0052,NA,NA,NA,NA,NA,NA,0.2939,0.0039,276,0.1564,0.944,0,0.0753,0,Bayes-M17-med
Ipamu,Kwilu,2,FALSE,0.0035,0.0027,0.0044,0.0035,242,241,244,0.0035,0.1818,241,0.0052,NA,NA,NA,NA,NA,NA,0.5454,0.0073,169,0.4903,0.7683,0,0.9228,0,Bayes-M17-med
Alunguli,Maniema,2,FALSE,0.0035,0.0027,0.0044,0.0035,244,239,247,0.0035,0.1812,244,0.0052,NA,NA,NA,NA,NA,NA,0.3132,0.0042,259,0.1737,0.195,0,0.8842,0,Bayes-M17-med
Dikungu,Sankuru,2,FALSE,0.0035,0.0027,0.0043,0.0034,246,244,246,0.0035,0.1804,246,0.0052,NA,NA,NA,NA,NA,NA,0.3779,0.005,224,0.4865,0.1409,0,0.8842,0,Bayes-M17-med
Minga,Sankuru,2,FALSE,0.0035,0.0027,0.0044,0.0035,242,241,244,0.0035,0.1815,242,0.0052,NA,NA,NA,NA,NA,NA,0.5347,0.0072,171,0.7838,0.471,0,0.8842,0,Bayes-M17-med
Tshumbe,Sankuru,2,FALSE,0.0035,0.0027,0.0044,0.0035,239,239,242,0.0035,0.1823,239,0.0052,NA,NA,NA,NA,NA,NA,0.3907,0.0053,211,0.5444,0.1718,0,0.8465,0,Bayes-M17-med
Libenge,Sud-Ubangi,2,FALSE,0.0035,0.0027,0.0044,0.0034,245,239,249,0.0035,0.1806,245,0.0052,NA,NA,NA,NA,NA,NA,0.3818,0.0051,219,0.6293,0.3591,0,0.5386,0,Bayes-M17-med
Monga,Bas-Uele,2,FALSE,0.0034,0.0026,0.0042,0.0033,254,250,258,0.0034,0.1742,254,0.005,NA,NA,NA,NA,NA,NA,0.7336,0.0094,129,0.9826,0.9672,0,0.9846,0,Bayes-M17-med
Sakania,Haut-Katanga,2,FALSE,0.0034,0.0027,0.0043,0.0034,250,250,251,0.0034,0.1766,250,0.0051,NA,NA,NA,NA,NA,NA,0.2775,0.0036,293,0.7375,0.2355,0,0.1371,0,Bayes-M17-med
Kanzala,Kasaï,2,FALSE,0.0034,0.0027,0.0042,0.0034,251,248,254,0.0034,0.1762,251,0.005,NA,NA,NA,NA,NA,NA,0.2046,0.0027,339,0.168,0.3127,0,0.3378,0,Bayes-M17-med
Dibaya,Kasaï-Central,2,FALSE,0.0034,0.0026,0.0042,0.0033,253,252,254,0.0034,0.1749,253,0.005,NA,NA,NA,NA,NA,NA,0.3325,0.0043,254,0.3147,0.4479,0,0.5676,0,Bayes-M17-med
Ndekesha,Kasaï-Central,2,FALSE,0.0034,0.0027,0.0043,0.0034,249,247,249,0.0034,0.1782,249,0.0051,NA,NA,NA,NA,NA,NA,0.4059,0.0053,208,0.4768,0.4498,0,0.6969,0,Bayes-M17-med
Lowa,Tshopo,2,FALSE,0.0034,0.0026,0.0042,0.0034,252,251,252,0.0034,0.1758,252,0.005,NA,NA,NA,NA,NA,NA,0.4073,0.0053,210,0.8938,0.0598,0,0.6757,0,Bayes-M17-med
Bolomba,Equateur,2,FALSE,0.0033,0.0025,0.0041,0.0032,260,259,261,0.0033,0.17,260,0.0049,NA,NA,NA,NA,NA,NA,0.6163,0.0077,161,0.9575,0.8533,0,0.6544,0,Bayes-M17-med
Mukanga,Haut-Lomami,2,FALSE,0.0033,0.0026,0.0042,0.0033,255,254,256,0.0033,0.1733,255,0.005,NA,NA,NA,NA,NA,NA,0.4739,0.0061,203,0.6853,0.6911,0,0.5193,0,Bayes-M17-med
Kikwit Sud,Kwilu,2,FALSE,0.0033,0.0026,0.0042,0.0033,256,254,260,0.0033,0.173,256,0.005,NA,NA,NA,NA,NA,NA,0.3282,0.0042,260,0.1313,0.7008,0,0.4807,0,Bayes-M17-med
Yasa Bonga,Kwilu,2,FALSE,0.0033,0.0026,0.0041,0.0033,258,257,260,0.0033,0.1717,258,0.0049,NA,NA,NA,NA,NA,NA,0.4206,0.0053,209,0.3031,0.5328,0,0.8465,0,Bayes-M17-med
Ferekeni,Maniema,2,FALSE,0.0033,0.0026,0.0041,0.0033,259,256,262,0.0033,0.171,259,0.0049,NA,NA,NA,NA,NA,NA,0.3504,0.0044,250,0.7722,0.0425,0,0.5869,0,Bayes-M17-med
Gbadolite,Nord-Ubangi,2,FALSE,0.0033,0.0025,0.0041,0.0032,262,258,263,0.0033,0.1699,262,0.0049,NA,NA,NA,NA,NA,NA,0.5183,0.0065,189,0.7915,0.9653,0,0.3166,0,Bayes-M17-med
Bogosenubea,Sud-Ubangi,2,FALSE,0.0033,0.0026,0.0042,0.0033,257,254,259,0.0033,0.1724,257,0.0049,NA,NA,NA,NA,NA,NA,0.4107,0.0052,214,0.4981,0.3031,0,0.8417,0,Bayes-M17-med
Mompono,Tshuapa,2,FALSE,0.0033,0.0025,0.0041,0.0032,261,258,262,0.0033,0.1699,261,0.0049,NA,NA,NA,NA,NA,NA,0.5598,0.007,176,0.8089,0.6042,0,0.8263,0,Bayes-M17-med
Basankusu,Equateur,2,FALSE,0.0032,0.0025,0.0041,0.0032,264,263,266,0.0032,0.1684,264,0.0048,NA,NA,NA,NA,NA,NA,0.6844,0.0085,146,0.9517,0.8629,0,0.9228,0,Bayes-M17-med
Ruashi,Haut-Katanga,2,FALSE,0.0032,0.0025,0.004,0.0031,269,268,270,0.0032,0.1643,269,0.0047,NA,NA,NA,NA,NA,NA,0.0705,9e-4,438,0.0985,0.0637,0,0.1197,0,Bayes-M17-med
Ilebo,Kasaï,2,FALSE,0.0032,0.0025,0.004,0.0032,266,265,266,0.0032,0.1659,266,0.0048,NA,NA,NA,NA,NA,NA,0.3142,0.0039,279,0.2162,0.6139,0,0.4266,0,Bayes-M17-med
Katende,Kasaï-Central,2,FALSE,0.0032,0.0025,0.004,0.0032,267,267,267,0.0032,0.1656,267,0.0047,NA,NA,NA,NA,NA,NA,0.5154,0.0063,196,0.6525,0.6486,0,0.7606,0,Bayes-M17-med
Lukonga,Kasaï-Central,2,FALSE,0.0032,0.0025,0.0039,0.0031,270,270,271,0.0032,0.164,270,0.0047,NA,NA,NA,NA,NA,NA,0.3282,0.004,272,0.2239,0.6429,0,0.4459,0,Bayes-M17-med
Mukumbi,Kasaï-Oriental,2,FALSE,0.0032,0.0025,0.004,0.0032,268,268,269,0.0032,0.1651,268,0.0047,NA,NA,NA,NA,NA,NA,0.2249,0.0027,336,0.2413,0.1892,0,0.4691,0,Bayes-M17-med
Basali,Tshopo,2,FALSE,0.0032,0.0025,0.0041,0.0032,264,263,264,0.0032,0.1685,263,0.0048,NA,NA,NA,NA,NA,NA,0.3779,0.0047,235,0.834,0.0251,0,0.6525,0,Bayes-M17-med
Kiambi,Tanganyika,2,FALSE,0.0032,0.0025,0.004,0.0032,265,260,265,0.0032,0.1677,265,0.0048,NA,NA,NA,NA,NA,NA,0.5709,0.0071,173,0.9807,0.6834,0,0.6197,0,Bayes-M17-med
Tshibala,Kasaï-Central,2,FALSE,0.0031,0.0024,0.0038,0.003,275,274,276,0.0031,0.1596,275,0.0046,NA,NA,NA,NA,NA,NA,0.4218,0.005,227,0.4266,0.5772,0,0.6834,0,Bayes-M17-med
Kisantu,Kongo-Central,2,FALSE,0.0031,0.0025,0.0039,0.0031,271,271,272,0.0031,0.1632,271,0.0047,NA,NA,NA,NA,NA,NA,0.418,0.005,223,0.5039,0.9903,0,0.1776,0,Bayes-M17-med
Djuma,Kwilu,2,FALSE,0.0031,0.0024,0.0039,0.0031,274,272,274,0.0031,0.1613,274,0.0046,NA,NA,NA,NA,NA,NA,0.5256,0.0063,199,0.4826,0.7355,0,0.8842,0,Bayes-M17-med
Bosobolo,Nord-Ubangi,2,FALSE,0.0031,0.0024,0.0039,0.0031,272,268,273,0.0031,0.1629,272,0.0047,NA,NA,NA,NA,NA,NA,0.7148,0.0086,141,0.9363,0.9459,0,0.9768,0,Bayes-M17-med
Befale,Tshuapa,2,FALSE,0.0031,0.0024,0.0039,0.0031,273,273,275,0.0031,0.1613,273,0.0046,NA,NA,NA,NA,NA,NA,0.5145,0.0061,201,0.8822,0.4903,0,0.6853,0,Bayes-M17-med
Kilwa,Haut-Katanga,2,FALSE,0.003,0.0024,0.0038,0.003,277,276,277,0.003,0.1572,277,0.0045,NA,NA,NA,NA,NA,NA,0.3764,0.0044,251,0.749,0.39,0,0.3668,0,Bayes-M17-med
Masi Manimba,Kwilu,2,FALSE,0.003,0.0023,0.0037,0.0029,279,277,281,0.003,0.154,279,0.0044,NA,NA,NA,NA,NA,NA,0.4281,0.0049,231,0.332,0.4961,0,0.8842,0,Bayes-M17-med
Kalonda Est,Lomami,2,FALSE,0.003,0.0023,0.0037,0.0029,280,279,282,0.003,0.1534,280,0.0044,NA,NA,NA,NA,NA,NA,0.3292,0.0037,286,0.5425,0.1506,0,0.6236,0,Bayes-M17-med
Bili (Nord-Ubangi),Nord-Ubangi,2,FALSE,0.003,0.0023,0.0037,0.0029,278,278,281,0.003,0.1542,278,0.0044,NA,NA,NA,NA,NA,NA,0.7075,0.0081,153,0.9247,0.9189,0,0.9865,0,Bayes-M17-med
Mobayi Mbongo,Nord-Ubangi,2,FALSE,0.003,0.0023,0.0038,0.003,276,275,278,0.003,0.1572,276,0.0045,NA,NA,NA,NA,NA,NA,0.5458,0.0063,193,0.9324,0.8166,0,0.4344,0,Bayes-M17-med
Kisanga,Haut-Katanga,2,FALSE,0.0029,0.0023,0.0036,0.0029,285,283,286,0.0029,0.1502,285,0.0043,NA,NA,NA,NA,NA,NA,0.1081,0.0012,422,0.1293,0.2008,0,0.1023,0,Bayes-M17-med
Yangala,Kasaï-Central,2,FALSE,0.0029,0.0023,0.0037,0.0029,283,280,283,0.0029,0.1517,283,0.0043,NA,NA,NA,NA,NA,NA,0.348,0.0039,277,0.5927,0.2259,0,0.5734,0,Bayes-M17-med
Muanda,Kongo-Central,2,FALSE,0.0029,0.0023,0.0036,0.0029,284,283,284,0.0029,0.1511,284,0.0043,NA,NA,NA,NA,NA,NA,0.4093,0.0046,241,0.6371,1,0,0,0,Bayes-M17-med
Boso Manzi,Mongala,2,FALSE,0.0029,0.0023,0.0037,0.0029,281,279,284,0.0029,0.1525,281,0.0044,NA,NA,NA,NA,NA,NA,0.3982,0.0045,247,0.5695,0.2278,0,0.7954,0,Bayes-M17-med
Abuzi,Nord-Ubangi,2,FALSE,0.0029,0.0023,0.0037,0.0029,282,280,286,0.0029,0.1518,282,0.0044,NA,NA,NA,NA,NA,NA,0.7153,0.008,154,0.9846,0.9054,0,0.971,0,Bayes-M17-med
Wembo Nyama,Sankuru,2,FALSE,0.0029,0.0022,0.0036,0.0028,286,285,287,0.0029,0.1489,286,0.0043,NA,NA,NA,NA,NA,NA,0.4097,0.0045,245,0.5019,0.2143,0,0.9228,0,Bayes-M17-med
Kambove,Haut-Katanga,2,FALSE,0.0028,0.0022,0.0035,0.0028,290,289,291,0.0028,0.1463,290,0.0042,NA,NA,NA,NA,NA,NA,0.306,0.0033,309,0.4247,0.6236,0,0.1757,0,Bayes-M17-med
Kapolowe,Haut-Katanga,2,FALSE,0.0028,0.0022,0.0036,0.0028,287,287,288,0.0029,0.148,287,0.0042,NA,NA,NA,NA,NA,NA,0.3026,0.0033,308,0.5579,0.444,0,0.2085,0,Bayes-M17-med
Kamonia,Kasaï,2,FALSE,0.0028,0.0021,0.0034,0.0027,295,295,297,0.0028,0.143,295,0.0041,NA,NA,NA,NA,NA,NA,0.14,0.0015,406,0.3707,0.11,0,0.0792,0,Bayes-M17-med
Kasaji,Lualaba,2,FALSE,0.0028,0.0022,0.0035,0.0028,293,292,294,0.0028,0.1458,293,0.0042,NA,NA,NA,NA,NA,NA,0.4648,0.005,226,0.8552,0.4923,0,0.5116,0,Bayes-M17-med
Lualaba,Lualaba,2,FALSE,0.0028,0.0022,0.0035,0.0028,291,290,292,0.0028,0.1461,291,0.0042,NA,NA,NA,NA,NA,NA,0.1404,0.0015,403,0.3552,0.0347,0,0.1718,0,Bayes-M17-med
Pangi,Maniema,2,FALSE,0.0028,0.0022,0.0035,0.0028,289,288,292,0.0028,0.1465,289,0.0042,NA,NA,NA,NA,NA,NA,0.3316,0.0036,295,0.6081,0.056,0,0.6622,0,Bayes-M17-med
Wapinda,Nord-Ubangi,2,FALSE,0.0028,0.0022,0.0036,0.0028,288,285,294,0.0028,0.1468,288,0.0042,NA,NA,NA,NA,NA,NA,0.6791,0.0074,167,0.9015,0.8398,0,0.9749,0,Bayes-M17-med
Lusambo,Sankuru,2,FALSE,0.0028,0.0022,0.0035,0.0028,292,291,293,0.0028,0.146,292,0.0042,NA,NA,NA,NA,NA,NA,0.4833,0.0052,215,0.6815,0.2992,0,0.9527,0,Bayes-M17-med
Kungu,Sud-Ubangi,2,FALSE,0.0028,0.0022,0.0035,0.0028,294,289,294,0.0028,0.1456,294,0.0042,NA,NA,NA,NA,NA,NA,0.3711,0.004,270,0.3745,0.3359,0,0.7741,0,Bayes-M17-med
Bandundu,Kwilu,2,FALSE,0.0027,0.0021,0.0034,0.0027,299,297,299,0.0027,0.1395,299,0.004,NA,NA,NA,NA,NA,NA,0.3364,0.0035,302,0.3436,0.751,0,0.251,0,Bayes-M17-med
Makota,Lomami,2,FALSE,0.0027,0.0021,0.0033,0.0027,300,296,301,0.0027,0.1389,300,0.004,NA,NA,NA,NA,NA,NA,0.2587,0.0027,341,0.1023,0.3764,0,0.556,0,Bayes-M17-med
Boto,Sud-Ubangi,2,FALSE,0.0027,0.0021,0.0034,0.0027,298,298,301,0.0027,0.1399,298,0.004,NA,NA,NA,NA,NA,NA,0.3596,0.0037,287,0.3282,0.5174,0,0.5927,0,Bayes-M17-med
Budjala,Sud-Ubangi,2,FALSE,0.0027,0.0021,0.0034,0.0027,296,296,298,0.0027,0.1415,296,0.0041,NA,NA,NA,NA,NA,NA,0.43,0.0045,246,0.5154,0.4035,0,0.8012,0,Bayes-M17-med
Ndage,Sud-Ubangi,2,FALSE,0.0027,0.0021,0.0034,0.0027,297,295,299,0.0027,0.1415,297,0.0041,NA,NA,NA,NA,NA,NA,0.3533,0.0037,289,0.3996,0.2761,0,0.7375,0,Bayes-M17-med
Pweto,Haut-Katanga,2,FALSE,0.0026,0.002,0.0032,0.0026,306,305,307,0.0026,0.1338,306,0.0038,NA,NA,NA,NA,NA,NA,0.3518,0.0035,301,0.7992,0.2587,0,0.3494,0,Bayes-M17-med
Ndjoko Mpunda,Kasaï,2,FALSE,0.0026,0.0021,0.0033,0.0026,302,300,303,0.0026,0.1375,302,0.0039,NA,NA,NA,NA,NA,NA,0.333,0.0034,305,0.3977,0.2915,0,0.6429,0,Bayes-M17-med
Mokala,Kwilu,2,FALSE,0.0026,0.0021,0.0033,0.0026,303,302,304,0.0026,0.1372,303,0.0039,NA,NA,NA,NA,NA,NA,0.5118,0.0052,216,0.4228,0.6718,0,0.9527,0,Bayes-M17-med
Loko,Nord-Ubangi,2,FALSE,0.0026,0.002,0.0033,0.0026,305,305,306,0.0026,0.1354,305,0.0039,NA,NA,NA,NA,NA,NA,0.6535,0.0065,186,0.9402,0.9266,0,0.7471,0,Bayes-M17-med
Kole,Sankuru,2,FALSE,0.0026,0.0021,0.0033,0.0026,301,301,303,0.0027,0.1376,301,0.0039,NA,NA,NA,NA,NA,NA,0.4802,0.0049,230,0.7761,0.2606,0,0.8842,0,Bayes-M17-med
Bokonzi,Sud-Ubangi,2,FALSE,0.0026,0.002,0.0033,0.0026,304,300,304,0.0026,0.1368,304,0.0039,NA,NA,NA,NA,NA,NA,0.236,0.0024,364,0.4305,0.083,0,0.4305,0,Bayes-M17-med
Bulu,Sud-Ubangi,2,FALSE,0.0026,0.002,0.0032,0.0025,307,306,308,0.0026,0.1333,307,0.0038,NA,NA,NA,NA,NA,NA,0.3147,0.0031,316,0.3649,0.1988,0,0.695,0,Bayes-M17-med
Kakenge,Kasaï,2,FALSE,0.0025,0.002,0.0031,0.0025,310,310,310,0.0025,0.1305,310,0.0037,NA,NA,NA,NA,NA,NA,0.4522,0.0044,253,0.5753,0.4788,0,0.7548,0,Bayes-M17-med
Mikope,Kasaï,2,FALSE,0.0025,0.0019,0.0031,0.0025,312,312,312,0.0025,0.1286,312,0.0037,NA,NA,NA,NA,NA,NA,0.3996,0.0038,283,0.6776,0.2703,0,0.6506,0,Bayes-M17-med
Muetshi,Kasaï-Central,2,FALSE,0.0025,0.002,0.0032,0.0025,309,309,309,0.0025,0.1313,309,0.0038,NA,NA,NA,NA,NA,NA,0.4792,0.0046,237,0.6158,0.5386,0,0.7625,0,Bayes-M17-med
Kimpese,Kongo-Central,2,FALSE,0.0025,0.0019,0.0031,0.0025,311,311,311,0.0025,0.1288,311,0.0037,NA,NA,NA,NA,NA,NA,0.4947,0.0047,234,0.7896,0.9768,0,0.2124,0,Bayes-M17-med
Bena Dibele,Sankuru,2,FALSE,0.0025,0.002,0.0032,0.0025,308,307,308,0.0026,0.1324,308,0.0038,NA,NA,NA,NA,NA,NA,0.4093,0.004,269,0.6216,0.1564,0,0.8591,0,Bayes-M17-med
Kinkondja,Haut-Lomami,2,FALSE,0.0024,0.0019,0.0031,0.0024,313,313,313,0.0025,0.1272,313,0.0036,NA,NA,NA,NA,NA,NA,0.4889,0.0046,240,0.7278,0.6274,0,0.6004,0,Bayes-M17-med
Katoka,Kasaï-Central,2,FALSE,0.0024,0.0019,0.003,0.0024,315,314,320,0.0024,0.1251,315,0.0036,NA,NA,NA,NA,NA,NA,0.2645,0.0024,359,0.1216,0.473,0,0.4633,0,Bayes-M17-med
Tshikula,Kasaï-Central,2,FALSE,0.0024,0.0019,0.003,0.0024,314,314,315,0.0024,0.1258,314,0.0036,NA,NA,NA,NA,NA,NA,0.3296,0.0031,317,0.3919,0.3185,0,0.6081,0,Bayes-M17-med
Lukula,Kongo-Central,2,FALSE,0.0024,0.0019,0.003,0.0024,316,316,317,0.0024,0.1247,316,0.0036,NA,NA,NA,NA,NA,NA,0.3933,0.0036,292,0.529,0.8745,0,0.1699,0,Bayes-M17-med
Tunda,Maniema,2,FALSE,0.0024,0.0018,0.003,0.0023,321,317,321,0.0024,0.1227,321,0.0035,NA,NA,NA,NA,NA,NA,0.459,0.0042,264,0.8977,0.0541,0,0.8842,0,Bayes-M17-med
Boso Mondanda,Mongala,2,FALSE,0.0024,0.0019,0.003,0.0024,318,317,320,0.0024,0.1236,318,0.0035,NA,NA,NA,NA,NA,NA,0.3716,0.0034,304,0.5869,0.1486,0,0.751,0,Bayes-M17-med
Businga,Nord-Ubangi,2,FALSE,0.0024,0.0018,0.003,0.0024,320,317,322,0.0024,0.123,320,0.0035,NA,NA,NA,NA,NA,NA,0.6781,0.0062,200,0.9286,0.861,0,0.9228,0,Bayes-M17-med
Wasolo,Nord-Ubangi,2,FALSE,0.0024,0.0019,0.003,0.0024,317,314,319,0.0024,0.1241,317,0.0036,NA,NA,NA,NA,NA,NA,0.5709,0.0052,213,0.5541,0.7413,0,0.9884,0,Bayes-M17-med
Monkoto,Tshuapa,2,FALSE,0.0024,0.0018,0.003,0.0024,319,318,320,0.0024,0.1231,319,0.0035,NA,NA,NA,NA,NA,NA,0.5598,0.0051,220,0.9498,0.4054,0,0.8842,0,Bayes-M17-med
Ingende,Equateur,2,FALSE,0.0023,0.0018,0.0028,0.0022,329,327,330,0.0023,0.1172,329,0.0034,NA,NA,NA,NA,NA,NA,0.596,0.0052,218,0.9208,0.8571,0,0.6062,0,Bayes-M17-med
Bilomba,Kasaï-Central,2,FALSE,0.0023,0.0018,0.0028,0.0023,327,327,328,0.0023,0.1179,327,0.0034,NA,NA,NA,NA,NA,NA,0.4006,0.0035,300,0.3378,0.4421,0,0.8224,0,Bayes-M17-med
Boma,Kongo-Central,2,FALSE,0.0023,0.0018,0.0028,0.0022,328,328,329,0.0023,0.1177,328,0.0034,NA,NA,NA,NA,NA,NA,0.2901,0.0025,350,0.1467,0.9247,0,0.0888,0,Bayes-M17-med
Boko Kivulu,Kongo-Central,2,FALSE,0.0023,0.0018,0.0029,0.0023,323,322,323,0.0023,0.1208,323,0.0035,NA,NA,NA,NA,NA,NA,0.4281,0.0038,282,0.5792,0.9324,0,0.2008,0,Bayes-M17-med
Mbanza Ngungu,Kongo-Central,2,FALSE,0.0023,0.0018,0.0029,0.0023,326,325,326,0.0023,0.1185,326,0.0034,NA,NA,NA,NA,NA,NA,0.3711,0.0033,310,0.3205,0.9749,0,0.1892,0,Bayes-M17-med
Bagata,Kwilu,2,FALSE,0.0023,0.0018,0.0029,0.0023,325,325,326,0.0023,0.1188,325,0.0034,NA,NA,NA,NA,NA,NA,0.5135,0.0045,244,0.6795,0.695,0,0.6795,0,Bayes-M17-med
Pay Kongila,Kwilu,2,FALSE,0.0023,0.0018,0.0029,0.0023,324,324,324,0.0023,0.1196,324,0.0034,NA,NA,NA,NA,NA,NA,0.4488,0.004,273,0.5135,0.6467,0,0.6351,0,Bayes-M17-med
Kapanga,Lualaba,2,FALSE,0.0023,0.0018,0.0029,0.0023,322,321,323,0.0023,0.1209,322,0.0035,NA,NA,NA,NA,NA,NA,0.4112,0.0037,291,0.8514,0.3938,0,0.3996,0,Bayes-M17-med
Likasi,Haut-Katanga,2,FALSE,0.0022,0.0017,0.0028,0.0022,330,329,331,0.0022,0.1153,330,0.0033,NA,NA,NA,NA,NA,NA,0.1728,0.0015,407,0.112,0.4208,0,0.1583,0,Bayes-M17-med
Dekese,Kasaï,2,FALSE,0.0022,0.0017,0.0027,0.0021,335,333,336,0.0022,0.1123,335,0.0032,NA,NA,NA,NA,NA,NA,0.4633,0.0038,281,0.9189,0.2181,0,0.7162,0,Bayes-M17-med
Panzi,Kwango,2,FALSE,0.0022,0.0017,0.0028,0.0022,331,331,332,0.0022,0.1145,331,0.0033,NA,NA,NA,NA,NA,NA,0.5236,0.0044,248,0.7548,0.583,0,0.7568,0,Bayes-M17-med
Boko,Kwango,2,FALSE,0.0022,0.0017,0.0027,0.0021,336,334,336,0.0022,0.1121,336,0.0032,NA,NA,NA,NA,NA,NA,0.5121,0.0042,257,0.7336,0.61,0,0.7046,0,Bayes-M17-med
Kimputu,Kwilu,2,FALSE,0.0022,0.0017,0.0027,0.0021,334,334,335,0.0022,0.1123,334,0.0032,NA,NA,NA,NA,NA,NA,0.5039,0.0042,263,0.4923,0.639,0,0.8842,0,Bayes-M17-med
Mosango,Kwilu,2,FALSE,0.0022,0.0017,0.0027,0.0022,333,332,335,0.0022,0.1126,333,0.0032,NA,NA,NA,NA,NA,NA,0.515,0.0043,255,0.5463,0.7375,0,0.7761,0,Bayes-M17-med
Inongo,Mai-Ndombe,2,FALSE,0.0022,0.0017,0.0028,0.0022,332,330,333,0.0022,0.1144,332,0.0033,NA,NA,NA,NA,NA,NA,0.4952,0.0042,262,0.7645,0.2934,0,0.9228,0,Bayes-M17-med
Mufunga Sampwe,Haut-Katanga,2,FALSE,0.0021,0.0016,0.0026,0.002,341,341,341,0.0021,0.1071,341,0.0031,NA,NA,NA,NA,NA,NA,0.3774,0.003,321,0.8185,0.0888,0,0.6023,0,Bayes-M17-med
Kwilu Ngongo,Kongo-Central,2,FALSE,0.0021,0.0016,0.0026,0.0021,339,339,340,0.0021,0.1093,339,0.0031,NA,NA,NA,NA,NA,NA,0.3875,0.0031,314,0.4884,0.8668,0,0.195,0,Bayes-M17-med
Feshi,Kwango,2,FALSE,0.0021,0.0017,0.0027,0.0021,337,337,337,0.0021,0.1116,337,0.0032,NA,NA,NA,NA,NA,NA,0.5082,0.0042,261,0.7317,0.5425,0,0.7587,0,Bayes-M17-med
Wikong,Lomami,2,FALSE,0.0021,0.0016,0.0026,0.0021,340,339,340,0.0021,0.1091,340,0.0031,NA,NA,NA,NA,NA,NA,0.3663,0.003,323,0.2529,0.4228,0,0.7896,0,Bayes-M17-med
Sandoa,Lualaba,2,FALSE,0.0021,0.0017,0.0027,0.0021,338,338,338,0.0021,0.1114,338,0.0032,NA,NA,NA,NA,NA,NA,0.5536,0.0046,243,0.9421,0.6815,0,0.5907,0,Bayes-M17-med
Kasenga,Haut-Katanga,2,FALSE,0.002,0.0015,0.0025,0.002,349,348,349,0.002,0.103,349,0.003,NA,NA,NA,NA,NA,NA,0.3953,0.003,320,0.8166,0.6255,0,0.139,0,Bayes-M17-med
Lwamba,Haut-Lomami,2,FALSE,0.002,0.0016,0.0025,0.002,345,344,345,0.002,0.104,345,0.003,NA,NA,NA,NA,NA,NA,0.4865,0.0037,285,0.8069,0.6409,0,0.4981,0,Bayes-M17-med
Songa,Haut-Lomami,2,FALSE,0.002,0.0015,0.0024,0.0019,351,350,352,0.002,0.1014,351,0.0029,NA,NA,NA,NA,NA,NA,0.473,0.0035,298,0.9344,0.3533,0,0.6042,0,Bayes-M17-med
Kitangwa,Kasaï,2,FALSE,0.002,0.0015,0.0025,0.002,348,347,349,0.002,0.1031,348,0.003,NA,NA,NA,NA,NA,NA,0.3287,0.0025,352,0.6332,0.1062,0,0.5753,0,Bayes-M17-med
Lubunga (Kasaï-Central),Kasaï-Central,2,FALSE,0.002,0.0016,0.0025,0.002,346,346,347,0.002,0.1034,346,0.003,NA,NA,NA,NA,NA,NA,0.4599,0.0035,299,0.5637,0.4653,0,0.8108,0,Bayes-M17-med
Kikongo,Kwilu,2,FALSE,0.002,0.0016,0.0026,0.002,342,342,342,0.0021,0.1065,342,0.0031,NA,NA,NA,NA,NA,NA,0.5024,0.004,274,0.6969,0.6023,0,0.7104,0,Bayes-M17-med
Dilolo,Lualaba,2,FALSE,0.002,0.0016,0.0025,0.002,347,346,349,0.002,0.1033,347,0.003,NA,NA,NA,NA,NA,NA,0.3663,0.0028,332,0.8398,0.6197,0,0.0058,0,Bayes-M17-med
Kanzenze,Lualaba,2,FALSE,0.002,0.0015,0.0024,0.0019,350,350,351,0.002,0.1015,350,0.0029,NA,NA,NA,NA,NA,NA,0.2389,0.0018,393,0.6255,0.1429,0,0.1873,0,Bayes-M17-med
Djalo Ndjeka,Sankuru,2,FALSE,0.002,0.0016,0.0025,0.002,344,343,345,0.002,0.104,344,0.003,NA,NA,NA,NA,NA,NA,0.3378,0.0026,345,0.3591,0.0695,0,0.9228,0,Bayes-M17-med
Bangabola,Sud-Ubangi,2,FALSE,0.002,0.0016,0.0025,0.002,343,343,346,0.002,0.1051,343,0.003,NA,NA,NA,NA,NA,NA,0.3904,0.003,318,0.3533,0.3494,0,0.8591,0,Bayes-M17-med
Makanza,Equateur,2,FALSE,0.0019,0.0015,0.0024,0.0019,356,352,357,0.0019,0.0991,355,0.0028,NA,NA,NA,NA,NA,NA,0.639,0.0047,236,0.9537,0.7954,0,0.8069,0,Bayes-M17-med
Mushenge,Kasaï,2,FALSE,0.0019,0.0015,0.0024,0.0019,354,353,357,0.0019,0.0991,354,0.0028,NA,NA,NA,NA,NA,NA,0.3229,0.0024,367,0.5946,0.0656,0,0.6313,0,Bayes-M17-med
Lubondaie,Kasaï-Central,2,FALSE,0.0019,0.0015,0.0024,0.0019,357,355,357,0.0019,0.0989,357,0.0028,NA,NA,NA,NA,NA,NA,0.3147,0.0023,370,0.3822,0.1583,0,0.7181,0,Bayes-M17-med
Kahemba,Kwango,2,FALSE,0.0019,0.0015,0.0024,0.0019,355,354,357,0.0019,0.099,356,0.0028,NA,NA,NA,NA,NA,NA,0.5367,0.0039,275,0.8958,0.7278,0,0.5232,0,Bayes-M17-med
Mungindu,Kwilu,2,FALSE,0.0019,0.0015,0.0024,0.0019,353,353,354,0.0019,0.0994,353,0.0029,NA,NA,NA,NA,NA,NA,0.3818,0.0028,330,0.4691,0.5367,0,0.5212,0,Bayes-M17-med
Kamiji,Lomami,2,FALSE,0.0019,0.0014,0.0023,0.0018,358,358,358,0.0019,0.0964,358,0.0028,NA,NA,NA,NA,NA,NA,0.2635,0.0019,392,0.3398,0.1293,0,0.5849,0,Bayes-M17-med
Mawuya,Sud-Ubangi,2,FALSE,0.0019,0.0015,0.0024,0.0019,352,350,355,0.0019,0.1005,352,0.0029,NA,NA,NA,NA,NA,NA,0.2654,0.002,387,0.444,0.2394,0,0.3784,0,Bayes-M17-med
Bikoro,Equateur,2,FALSE,0.0018,0.0014,0.0022,0.0018,364,364,366,0.0018,0.0922,364,0.0026,NA,NA,NA,NA,NA,NA,0.5951,0.0041,266,0.8127,0.8147,0,0.7529,0,Bayes-M17-med
Wangata,Equateur,2,FALSE,0.0018,0.0014,0.0023,0.0018,361,359,362,0.0018,0.0954,361,0.0027,NA,NA,NA,NA,NA,NA,0.417,0.0029,325,0.2336,0.9865,0,0.4479,0,Bayes-M17-med
Mutena,Kasaï,2,FALSE,0.0018,0.0014,0.0023,0.0018,360,359,361,0.0018,0.0954,359,0.0027,NA,NA,NA,NA,NA,NA,0.2336,0.0016,400,0.334,0.0753,0,0.5251,0,Bayes-M17-med
Seke Banza,Kongo-Central,2,FALSE,0.0018,0.0014,0.0023,0.0018,360,359,361,0.0018,0.0954,360,0.0027,NA,NA,NA,NA,NA,NA,0.4513,0.0032,313,0.6351,0.9498,0,0.2201,0,Bayes-M17-med
Massa,Kongo-Central,2,FALSE,0.0018,0.0014,0.0022,0.0017,366,365,366,0.0018,0.091,366,0.0026,NA,NA,NA,NA,NA,NA,0.4223,0.0028,328,0.668,0.9208,0,0.1004,0,Bayes-M17-med
Kimbao,Kwango,2,FALSE,0.0018,0.0014,0.0022,0.0017,365,364,365,0.0018,0.0914,365,0.0026,NA,NA,NA,NA,NA,NA,0.5743,0.0039,278,0.7201,0.7181,0,0.8591,0,Bayes-M17-med
Popokabaka,Kwango,2,FALSE,0.0018,0.0014,0.0022,0.0018,363,363,363,0.0018,0.093,363,0.0027,NA,NA,NA,NA,NA,NA,0.5507,0.0038,284,0.7703,0.7876,0,0.6448,0,Bayes-M17-med
Bominenge,Sud-Ubangi,2,FALSE,0.0018,0.0014,0.0023,0.0018,362,360,362,0.0018,0.0945,362,0.0027,NA,NA,NA,NA,NA,NA,0.3258,0.0023,371,0.2819,0.0985,0,0.9228,0,Bayes-M17-med
Mutoto,Kasaï-Central,2,FALSE,0.0017,0.0013,0.0021,0.0017,370,369,370,0.0017,0.0876,370,0.0025,NA,NA,NA,NA,NA,NA,0.3441,0.0022,374,0.4575,0.361,0,0.5579,0,Bayes-M17-med
Kalamba,Lualaba,2,FALSE,0.0017,0.0013,0.0021,0.0017,369,368,369,0.0017,0.0877,369,0.0025,NA,NA,NA,NA,NA,NA,0.4542,0.0029,324,0.8803,0.2375,0,0.6988,0,Bayes-M17-med
Bongandanga,Mongala,2,FALSE,0.0017,0.0013,0.0021,0.0017,368,368,371,0.0017,0.088,368,0.0025,NA,NA,NA,NA,NA,NA,0.4228,0.0028,334,0.7587,0.0097,0,0.9228,0,Bayes-M17-med
Pania Mutombo,Sankuru,2,FALSE,0.0017,0.0013,0.0021,0.0017,371,370,371,0.0017,0.0869,371,0.0025,NA,NA,NA,NA,NA,NA,0.4117,0.0026,342,0.7413,0.1236,0,0.7819,0,Bayes-M17-med
Busanga,Tshuapa,2,FALSE,0.0017,0.0013,0.0022,0.0017,367,367,367,0.0017,0.0901,367,0.0026,NA,NA,NA,NA,NA,NA,0.4452,0.003,322,0.6602,0.168,0,0.9527,0,Bayes-M17-med
Kafubu,Haut-Katanga,2,FALSE,0.0016,0.0012,0.002,0.0016,380,380,380,0.0016,0.0816,380,0.0023,NA,NA,NA,NA,NA,NA,0.2104,0.0013,418,0.6042,0.0869,0,0.1506,0,Bayes-M17-med
Kayamba,Haut-Lomami,2,FALSE,0.0016,0.0012,0.002,0.0016,377,376,377,0.0016,0.0825,377,0.0024,NA,NA,NA,NA,NA,NA,0.4276,0.0026,344,0.7027,0.4189,0,0.5888,0,Bayes-M17-med
Bunkonde,Kasaï-Central,2,FALSE,0.0016,0.0013,0.002,0.0016,373,373,374,0.0016,0.0844,373,0.0024,NA,NA,NA,NA,NA,NA,0.3523,0.0022,376,0.4015,0.278,0,0.7297,0,Bayes-M17-med
Ndesha,Kasaï-Central,2,FALSE,0.0016,0.0012,0.002,0.0016,379,379,379,0.0016,0.0819,379,0.0023,NA,NA,NA,NA,NA,NA,0.2317,0.0014,409,0.1448,0.3456,0,0.4363,0,Bayes-M17-med
Nsona Mpangu,Kongo-Central,2,FALSE,0.0016,0.0012,0.002,0.0016,376,376,377,0.0016,0.0828,376,0.0024,NA,NA,NA,NA,NA,NA,0.4165,0.0025,349,0.722,0.7645,0,0.1795,0,Bayes-M17-med
Wamba Lwadi,Kwango,2,FALSE,0.0016,0.0012,0.002,0.0016,375,375,375,0.0016,0.0829,375,0.0024,NA,NA,NA,NA,NA,NA,0.5492,0.0034,307,0.6467,0.8185,0,0.7317,0,Bayes-M17-med
Sia,Kwilu,2,FALSE,0.0016,0.0012,0.002,0.0016,378,378,378,0.0016,0.0823,378,0.0024,NA,NA,NA,NA,NA,NA,0.3986,0.0024,362,0.4151,0.3822,0,0.7973,0,Bayes-M17-med
Nioki,Mai-Ndombe,2,FALSE,0.0016,0.0013,0.0021,0.0016,372,372,372,0.0016,0.0853,372,0.0024,NA,NA,NA,NA,NA,NA,0.389,0.0025,358,0.61,0.3958,0,0.5502,0,Bayes-M17-med
Wema,Tshuapa,2,FALSE,0.0016,0.0013,0.002,0.0016,374,373,375,0.0016,0.0841,374,0.0024,NA,NA,NA,NA,NA,NA,0.4469,0.0028,333,0.8494,0.1332,0,0.805,0,Bayes-M17-med
Kikula,Haut-Katanga,2,FALSE,0.0015,0.0012,0.0019,0.0015,384,383,385,0.0015,0.0769,384,0.0022,NA,NA,NA,NA,NA,NA,0.0951,5e-4,444,0.1062,0.1139,0,0.1602,0,Bayes-M17-med
Mitwaba,Haut-Katanga,2,FALSE,0.0015,0.0011,0.0018,0.0014,386,385,387,0.0015,0.0757,386,0.0022,NA,NA,NA,NA,NA,NA,0.3528,0.002,386,0.8012,0.0618,0,0.5483,0,Bayes-M17-med
Bulape,Kasaï,2,FALSE,0.0015,0.0012,0.0019,0.0015,383,383,384,0.0015,0.077,383,0.0022,NA,NA,NA,NA,NA,NA,0.4315,0.0025,357,0.7066,0.1853,0,0.834,0,Bayes-M17-med
Nyanga,Kasaï,2,FALSE,0.0015,0.0012,0.0019,0.0015,381,381,381,0.0015,0.0794,381,0.0023,NA,NA,NA,NA,NA,NA,0.348,0.002,384,0.4402,0.3803,0,0.5714,0,Bayes-M17-med
Kingandu,Kwilu,2,FALSE,0.0015,0.0012,0.0019,0.0015,382,382,382,0.0015,0.0786,382,0.0023,NA,NA,NA,NA,NA,NA,0.4923,0.0029,327,0.7162,0.6583,0,0.5946,0,Bayes-M17-med
Oshwe,Mai-Ndombe,2,FALSE,0.0015,0.0011,0.0019,0.0015,385,383,386,0.0015,0.0766,385,0.0022,NA,NA,NA,NA,NA,NA,0.4855,0.0027,335,0.8764,0.3301,0,0.7355,0,Bayes-M17-med
Djombo,Equateur,2,FALSE,0.0014,0.0011,0.0018,0.0014,392,390,393,0.0014,0.0738,392,0.0021,NA,NA,NA,NA,NA,NA,0.6554,0.0036,296,0.917,0.7819,0,0.9228,0,Bayes-M17-med
Iboko,Equateur,2,FALSE,0.0014,0.0011,0.0017,0.0014,398,397,399,0.0014,0.0709,398,0.002,NA,NA,NA,NA,NA,NA,0.612,0.0032,312,0.8282,0.7915,0,0.8282,0,Bayes-M17-med
Lukafu,Haut-Katanga,2,FALSE,0.0014,0.0011,0.0017,0.0014,397,396,398,0.0014,0.0715,397,0.0021,NA,NA,NA,NA,NA,NA,0.4015,0.0021,379,0.888,0.3243,0,0.3938,0,Bayes-M17-med
Bena Tshadi,Kasaï-Central,2,FALSE,0.0014,0.0011,0.0018,0.0014,387,387,388,0.0014,0.0752,387,0.0022,NA,NA,NA,NA,NA,NA,0.472,0.0026,343,0.6699,0.3784,0,0.8398,0,Bayes-M17-med
Kalomba,Kasaï-Central,2,FALSE,0.0014,0.0011,0.0018,0.0014,393,392,393,0.0014,0.0735,393,0.0021,NA,NA,NA,NA,NA,NA,0.2944,0.0016,401,0.3166,0.1467,0,0.7143,0,Bayes-M17-med
Kangu,Kongo-Central,2,FALSE,0.0014,0.0011,0.0018,0.0014,390,389,391,0.0014,0.0744,390,0.0021,NA,NA,NA,NA,NA,NA,0.3528,0.0019,388,0.3803,0.8822,0,0.1486,0,Bayes-M17-med
Ngidinga,Kongo-Central,2,FALSE,0.0014,0.0011,0.0017,0.0014,395,395,396,0.0014,0.0716,395,0.0021,NA,NA,NA,NA,NA,NA,0.4488,0.0024,365,0.6544,0.7432,0,0.3977,0,Bayes-M17-med
Kasongo Lunda,Kwango,2,FALSE,0.0014,0.0011,0.0018,0.0014,388,388,389,0.0014,0.0749,388,0.0021,NA,NA,NA,NA,NA,NA,0.3441,0.0019,389,0.6274,0.5946,0,0.1544,0,Bayes-M17-med
Kafakumba,Lualaba,2,FALSE,0.0014,0.0011,0.0017,0.0014,394,394,394,0.0014,0.0722,394,0.0021,NA,NA,NA,NA,NA,NA,0.4648,0.0025,354,0.8687,0.2027,0,0.7876,0,Bayes-M17-med
Kwamouth,Mai-Ndombe,2,FALSE,0.0014,0.0011,0.0018,0.0014,391,391,392,0.0014,0.0738,391,0.0021,NA,NA,NA,NA,NA,NA,0.43,0.0023,369,0.8707,0.417,0,0.4324,0,Bayes-M17-med
Mushie,Mai-Ndombe,2,FALSE,0.0014,0.0011,0.0017,0.0014,396,395,397,0.0014,0.0716,396,0.0021,NA,NA,NA,NA,NA,NA,0.4291,0.0023,372,0.7394,0.3649,0,0.612,0,Bayes-M17-med
Tshudi Loto,Sankuru,2,FALSE,0.0014,0.0011,0.0017,0.0014,399,398,400,0.0014,0.0708,399,0.002,NA,NA,NA,NA,NA,NA,0.4237,0.0022,375,0.7683,0.0039,0,0.9228,0,Bayes-M17-med
Zongo,Sud-Ubangi,2,FALSE,0.0014,0.0011,0.0018,0.0014,389,386,390,0.0014,0.0747,389,0.0021,NA,NA,NA,NA,NA,NA,0.2418,0.0013,413,0.278,0.4131,0,0.2761,0,Bayes-M17-med
Lotumbe,Equateur,2,FALSE,0.0013,0.001,0.0016,0.0013,403,402,405,0.0013,0.068,403,0.002,NA,NA,NA,NA,NA,NA,0.5816,0.0029,326,0.9691,0.7085,0,0.6486,0,Bayes-M17-med
Panda,Haut-Katanga,2,FALSE,0.0013,0.001,0.0017,0.0013,400,398,401,0.0013,0.0698,400,0.002,NA,NA,NA,NA,NA,NA,0.2027,0.001,427,0.1622,0.4826,0,0.166,0,Bayes-M17-med
Kenya,Haut-Katanga,2,FALSE,0.0013,0.001,0.0016,0.0013,405,403,406,0.0013,0.0676,405,0.0019,NA,NA,NA,NA,NA,NA,0.0569,3e-4,450,0.11,0.0116,0,0.1062,0,Bayes-M17-med
Inga,Kongo-Central,2,FALSE,0.0013,0.001,0.0016,0.0013,407,406,408,0.0013,0.0667,407,0.0019,NA,NA,NA,NA,NA,NA,0.3847,0.0019,391,0.5212,0.8243,0,0.1931,0,Bayes-M17-med
Gombe Matadi,Kongo-Central,2,FALSE,0.0013,0.001,0.0016,0.0013,404,404,405,0.0013,0.0677,404,0.0019,NA,NA,NA,NA,NA,NA,0.4151,0.0021,381,0.6911,0.7857,0,0.1834,0,Bayes-M17-med
Moanza,Kwilu,2,FALSE,0.0013,0.001,0.0017,0.0013,401,400,401,0.0013,0.0696,401,0.002,NA,NA,NA,NA,NA,NA,0.52,0.0027,338,0.5985,0.529,0,0.9527,0,Bayes-M17-med
Lubudi,Lualaba,2,FALSE,0.0013,0.001,0.0017,0.0013,402,402,403,0.0013,0.0687,402,0.002,NA,NA,NA,NA,NA,NA,0.4667,0.0024,366,0.9151,0.4614,0,0.4903,0,Bayes-M17-med
Banzow Moke,Mai-Ndombe,2,FALSE,0.0013,0.001,0.0016,0.0013,408,407,408,0.0013,0.0667,408,0.0019,NA,NA,NA,NA,NA,NA,0.5236,0.0026,346,0.6892,0.5212,0,0.8842,0,Bayes-M17-med
Kiri,Mai-Ndombe,2,FALSE,0.0013,0.001,0.0016,0.0013,406,404,407,0.0013,0.0675,406,0.0019,NA,NA,NA,NA,NA,NA,0.5685,0.0028,329,0.8745,0.4768,0,0.9228,0,Bayes-M17-med
Lukolela,Equateur,2,FALSE,0.0012,9e-4,0.0014,0.0011,416,416,416,0.0012,0.0598,416,0.0017,NA,NA,NA,NA,NA,NA,0.5787,0.0026,347,0.944,0.9151,0,0.4556,0,Bayes-M17-med
Luozi,Kongo-Central,2,FALSE,0.0012,9e-4,0.0015,0.0012,411,411,411,0.0012,0.0624,411,0.0018,NA,NA,NA,NA,NA,NA,0.5241,0.0024,363,0.7355,0.8861,0,0.4749,0,Bayes-M17-med
Kisanji,Kwango,2,FALSE,0.0012,9e-4,0.0015,0.0012,415,414,415,0.0012,0.061,415,0.0018,NA,NA,NA,NA,NA,NA,0.5574,0.0025,351,0.8417,0.6544,0,0.7336,0,Bayes-M17-med
Ntandembelo,Mai-Ndombe,2,FALSE,0.0012,9e-4,0.0015,0.0012,412,412,413,0.0012,0.0619,412,0.0018,NA,NA,NA,NA,NA,NA,0.4595,0.0021,380,0.6023,0.4633,0,0.7722,0,Bayes-M17-med
Yumbi,Mai-Ndombe,2,FALSE,0.0012,9e-4,0.0015,0.0012,413,412,413,0.0012,0.0619,413,0.0018,NA,NA,NA,NA,NA,NA,0.2741,0.0013,419,0.4131,0.4015,0,0.2819,0,Bayes-M17-med
Bolobo,Mai-Ndombe,2,FALSE,0.0012,9e-4,0.0015,0.0012,414,414,415,0.0012,0.0613,414,0.0018,NA,NA,NA,NA,NA,NA,0.3388,0.0015,402,0.6313,0.4981,0,0.2259,0,Bayes-M17-med
Bosobe,Mai-Ndombe,2,FALSE,0.0012,9e-4,0.0015,0.0012,410,410,410,0.0012,0.0627,410,0.0018,NA,NA,NA,NA,NA,NA,0.4406,0.002,383,0.4942,0.4093,0,0.8591,0,Bayes-M17-med
Mbaya,Sud-Ubangi,2,FALSE,0.0012,0.001,0.0016,0.0012,409,409,409,0.0013,0.0649,409,0.0019,NA,NA,NA,NA,NA,NA,0.3142,0.0015,404,0.3514,0.2239,0,0.6815,0,Bayes-M17-med
Monieka,Equateur,2,FALSE,0.0011,8e-4,0.0013,0.0011,420,419,421,0.0011,0.0558,420,0.0016,NA,NA,NA,NA,NA,NA,0.596,0.0025,356,0.9768,0.7336,0,0.6737,0,Bayes-M17-med
Butumba,Haut-Lomami,2,FALSE,0.0011,8e-4,0.0014,0.0011,419,419,420,0.0011,0.056,419,0.0016,NA,NA,NA,NA,NA,NA,0.4595,0.0019,390,0.7973,0.4151,0,0.6255,0,Bayes-M17-med
Banga Lubaka,Kasaï,2,FALSE,0.0011,9e-4,0.0014,0.0011,417,417,417,0.0011,0.0583,417,0.0017,NA,NA,NA,NA,NA,NA,0.3205,0.0014,412,0.5174,0.0444,0,0.7201,0,Bayes-M17-med
Nzanza,Kongo-Central,2,FALSE,0.0011,8e-4,0.0013,0.0011,421,420,421,0.0011,0.0552,421,0.0016,NA,NA,NA,NA,NA,NA,0.2172,9e-4,436,0.0888,0.6892,0,0.0907,0,Bayes-M17-med
Kimvula,Kongo-Central,2,FALSE,0.0011,9e-4,0.0014,0.0011,418,418,418,0.0011,0.0577,418,0.0017,NA,NA,NA,NA,NA,NA,0.569,0.0024,360,0.8629,0.8784,0,0.5347,0,Bayes-M17-med
Kizu,Kongo-Central,2,FALSE,0.001,7e-4,0.0012,9e-4,425,425,426,0.001,0.0495,425,0.0014,NA,NA,NA,NA,NA,NA,0.3113,0.0011,425,0.2973,0.8707,0,0.0772,0,Bayes-M17-med
Kimpangu,Kongo-Central,2,FALSE,0.001,8e-4,0.0013,0.001,424,424,424,0.001,0.0517,424,0.0015,NA,NA,NA,NA,NA,NA,0.4488,0.0017,396,0.7085,0.9344,0,0.1525,0,Bayes-M17-med
Mwela Lembwa,Kwango,2,FALSE,0.001,8e-4,0.0013,0.001,422,422,423,0.001,0.0541,422,0.0016,NA,NA,NA,NA,NA,NA,0.4397,0.0018,394,0.6506,0.3224,0,0.7857,0,Bayes-M17-med
Pendjwa,Mai-Ndombe,2,FALSE,0.001,8e-4,0.0013,0.001,423,422,423,0.001,0.053900000000000003,423,0.0015,NA,NA,NA,NA,NA,NA,0.4319,0.0017,395,0.7008,0.2124,0,0.8147,0,Bayes-M17-med
Bomongo,Equateur,2,FALSE,9e-4,7e-4,0.0012,9e-4,426,425,426,9e-4,0.0493,426,0.0014,NA,NA,NA,NA,NA,NA,0.5907,0.0022,378,0.9788,0.8475,0,0.5367,0,Bayes-M17-med
Katuba,Haut-Katanga,2,FALSE,9e-4,7e-4,0.0011,9e-4,433,432,434,9e-4,0.0447,433,0.0013,NA,NA,NA,NA,NA,NA,0.0463,2e-4,454,0.0502,0.0309,0,0.1042,0,Bayes-M17-med
Baka,Haut-Lomami,2,FALSE,9e-4,7e-4,0.0011,8e-4,435,433,435,9e-4,0.0443,435,0.0013,NA,NA,NA,NA,NA,NA,0.4319,0.0014,408,0.4344,0.8919,0,0.4015,0,Bayes-M17-med
Kinda,Haut-Lomami,2,FALSE,9e-4,7e-4,0.0011,9e-4,432,432,434,9e-4,0.0447,432,0.0013,NA,NA,NA,NA,NA,NA,0.5077,0.0017,398,0.9884,0.4266,0,0.6158,0,Bayes-M17-med
Kuimba,Kongo-Central,2,FALSE,9e-4,7e-4,0.0011,8e-4,434,433,435,9e-4,0.0445,434,0.0013,NA,NA,NA,NA,NA,NA,0.3069,0.001,430,0.3784,0.8456,0,0.0039,0,Bayes-M17-med
Tshela,Kongo-Central,2,FALSE,9e-4,7e-4,0.0011,9e-4,429,429,429,9e-4,0.0468,429,0.0013,NA,NA,NA,NA,NA,NA,0.3282,0.0011,426,0.417,0.888,0,0.0077,0,Bayes-M17-med
Mangembo,Kongo-Central,2,FALSE,9e-4,7e-4,0.0011,9e-4,427,427,428,9e-4,0.0471,427,0.0014,NA,NA,NA,NA,NA,NA,0.3726,0.0013,416,0.5598,0.6641,0,0.2664,0,Bayes-M17-med
Nselo,Kongo-Central,2,FALSE,9e-4,7e-4,0.0011,9e-4,431,431,431,9e-4,0.046,431,0.0013,NA,NA,NA,NA,NA,NA,0.374,0.0013,417,0.6564,0.5347,0,0.305,0,Bayes-M17-med
Kajiji,Kwango,2,FALSE,9e-4,7e-4,0.0011,9e-4,430,430,430,9e-4,0.0464,430,0.0013,NA,NA,NA,NA,NA,NA,0.3533,0.0012,421,0.7934,0.1544,0,0.4653,0,Bayes-M17-med
Kitenda,Kwango,2,FALSE,9e-4,7e-4,0.0011,9e-4,428,427,428,9e-4,0.047,428,0.0013,NA,NA,NA,NA,NA,NA,0.376,0.0013,415,0.6641,0.4247,0,0.4151,0,Bayes-M17-med
Kashobwe,Haut-Katanga,2,FALSE,8e-4,6e-4,0.001,8e-4,438,438,438,8e-4,0.0407,438,0.0012,NA,NA,NA,NA,NA,NA,0.3243,0.001,433,0.805,0.3012,0,0.1911,0,Bayes-M17-med
Boma Bungu,Kongo-Central,2,FALSE,8e-4,6e-4,0.001,8e-4,437,436,437,8e-4,0.0421,437,0.0012,NA,NA,NA,NA,NA,NA,0.3209,0.001,432,0.5811,0.5676,0,0.1351,0,Bayes-M17-med
Kinkonzi,Kongo-Central,2,FALSE,8e-4,6e-4,0.001,8e-4,436,436,437,8e-4,0.0423,436,0.0012,NA,NA,NA,NA,NA,NA,0.4252,0.0013,414,0.6236,0.8958,0,0.1815,0,Bayes-M17-med
Sona Bata,Kongo-Central,2,FALSE,8e-4,6e-4,0.001,8e-4,439,439,439,8e-4,0.0394,439,0.0011,NA,NA,NA,NA,NA,NA,0.43,0.0013,420,0.7259,0.7896,0,0.2046,0,Bayes-M17-med
Bolenge,Equateur,2,FALSE,7e-4,5e-4,8e-4,7e-4,443,443,443,7e-4,0.0351,443,0.001,NA,NA,NA,NA,NA,NA,0.5391,0.0014,410,0.7954,0.8514,0,0.5097,0,Bayes-M17-med
Kilela Balanda,Haut-Katanga,2,FALSE,7e-4,6e-4,9e-4,7e-4,441,441,441,7e-4,0.0376,441,0.0011,NA,NA,NA,NA,NA,NA,0.3132,9e-4,437,0.9228,0.0927,0,0.2375,0,Bayes-M17-med
Tembo,Kwango,2,FALSE,7e-4,6e-4,9e-4,7e-4,440,440,440,7e-4,0.0378,440,0.0011,NA,NA,NA,NA,NA,NA,0.3205,9e-4,435,0.7876,0.3977,0,0.0965,0,Bayes-M17-med
Bunkeya,Lualaba,2,FALSE,7e-4,6e-4,9e-4,7e-4,442,442,442,7e-4,0.0374,442,0.0011,NA,NA,NA,NA,NA,NA,0.4218,0.0012,424,0.8243,0.5019,0,0.361,0,Bayes-M17-med
Bobozo,Kasaï-Central,2,FALSE,6e-4,5e-4,7e-4,6e-4,445,445,445,6e-4,0.031,445,9e-4,NA,NA,NA,NA,NA,NA,0.2336,5e-4,445,0.1602,0.2857,0,0.4884,0,Bayes-M17-med
Vaku,Kongo-Central,2,FALSE,6e-4,5e-4,8e-4,6e-4,444,444,444,6e-4,0.0327,444,9e-4,NA,NA,NA,NA,NA,NA,0.4194,0.001,429,0.5676,0.9421,0,0.168,0,Bayes-M17-med
Mampoko,Equateur,2,FALSE,5e-4,4e-4,6e-4,5e-4,448,448,448,5e-4,0.0237,448,7e-4,NA,NA,NA,NA,NA,NA,0.5135,9e-4,434,0.8919,0.5058,0,0.6564,0,Bayes-M17-med
Vangu,Haut-Katanga,2,FALSE,5e-4,4e-4,7e-4,5e-4,446,446,446,5e-4,0.0271,446,8e-4,NA,NA,NA,NA,NA,NA,0.1081,2e-4,452,0.1158,0.1699,0,0.1467,0,Bayes-M17-med
Kibunzi,Kongo-Central,2,FALSE,5e-4,4e-4,6e-4,5e-4,447,447,447,5e-4,0.0247,447,7e-4,NA,NA,NA,NA,NA,NA,0.4175,8e-4,440,0.7046,0.5251,0,0.4402,0,Bayes-M17-med
Ntondo,Equateur,2,FALSE,4e-4,3e-4,5e-4,4e-4,449,449,449,4e-4,0.0221,449,6e-4,NA,NA,NA,NA,NA,NA,0.6125,0.001,431,0.8996,0.7259,0,0.8243,0,Bayes-M17-med
Mutshatsha,Lualaba,2,FALSE,4e-4,3e-4,5e-4,4e-4,450,450,450,4e-4,0.0202,450,6e-4,NA,NA,NA,NA,NA,NA,0.3808,6e-4,443,0.971,0.1023,0,0.4498,0,Bayes-M17-med
Mimia,Mai-Ndombe,2,FALSE,4e-4,3e-4,5e-4,4e-4,451,451,451,4e-4,0.0195,451,6e-4,NA,NA,NA,NA,NA,NA,0.4841,7e-4,442,0.9614,0.0521,0,0.9228,0,Bayes-M17-med
Lilanga Bobangi,Equateur,2,FALSE,3e-4,2e-4,4e-4,3e-4,452,452,452,3e-4,0.0147,452,4e-4,NA,NA,NA,NA,NA,NA,0.4117,4e-4,447,0.9382,0.2664,0,0.4421,0,Bayes-M17-med
Irebu,Equateur,2,FALSE,2e-4,2e-4,3e-4,2e-4,455,454,455,2e-4,0.0107,455,3e-4,NA,NA,NA,NA,NA,NA,0.5473,4e-4,448,0.9305,0.6776,0,0.5811,0,Bayes-M17-med
Kamalondo,Haut-Katanga,2,FALSE,2e-4,2e-4,3e-4,2e-4,454,454,455,2e-4,0.0108,454,3e-4,NA,NA,NA,NA,NA,NA,0.0352,0,456,0.029,0.0019,0,0.11,0,Bayes-M17-med
Kowe,Haut-Katanga,2,FALSE,2e-4,2e-4,3e-4,2e-4,453,453,453,2e-4,0.0108,453,3e-4,NA,NA,NA,NA,NA,NA,0.07,1e-4,455,0.0714,0.0811,0,0.1274,0,Bayes-M17-med
Kitona,Kongo-Central,2,FALSE,2e-4,1e-4,2e-4,2e-4,456,456,456,2e-4,0.0079,456,2e-4,NA,NA,NA,NA,NA,NA,0.293,2e-4,453,0.5907,0.5792,0,0.0019,0,Bayes-M17-med
Bokoro,Mai-Ndombe,2,FALSE,0,0,0,0,457,457,457,0,2e-4,457,0,NA,NA,NA,NA,NA,NA,0.471,0,457,0.6873,0.5097,0,0.6873,0,Bayes-M17-med
Idjwi,Sud-Kivu,2,FALSE,0,0,0,0,458,458,458,0,0,458,0,NA,NA,NA,NA,NA,NA,0.3007,0,458,0.2992,0.8224,0,0.0811,0,Bayes-M17-med
Buta,Bas-Uele,2,TRUE,NA,NA,NA,NA,NA,NA,NA,NA,NA,NA,NA,NA,NA,NA,NA,NA,NA,0.7225,NA,NA,0.9749,0.9923,0,0.9228,0,Bayes-M17-med
Ganga,Bas-Uele,2,TRUE,NA,NA,NA,NA,NA,NA,NA,NA,NA,NA,NA,NA,NA,NA,NA,NA,NA,0.7218,NA,NA,0.9672,0.9556,0,0.9643,0,Bayes-M17-med
Viadana,Bas-Uele,2,TRUE,NA,NA,NA,NA,NA,NA,NA,NA,NA,NA,NA,NA,NA,NA,NA,NA,NA,0.6846,NA,NA,0.9131,0.9788,0,0.8465,0,Bayes-M17-med
Boma Mangbetu,Haut-Uele,2,TRUE,NA,NA,NA,NA,NA,NA,NA,NA,NA,NA,NA,NA,NA,NA,NA,NA,NA,0.4122,NA,NA,0.2857,0.5039,0,0.8591,0,Bayes-M17-med
Gombari,Haut-Uele,2,TRUE,NA,NA,NA,NA,NA,NA,NA,NA,NA,NA,NA,NA,NA,NA,NA,NA,NA,0.5772,NA,NA,0.9633,0.8012,0,0.5444,0,Bayes-M17-med
Isiro,Haut-Uele,2,TRUE,NA,NA,NA,NA,NA,NA,NA,NA,NA,NA,NA,NA,NA,NA,NA,NA,NA,0.5253,NA,NA,0.39,0.7587,0,0.9527,0,Bayes-M17-med
Pawa,Haut-Uele,2,TRUE,NA,NA,NA,NA,NA,NA,NA,NA,NA,NA,NA,NA,NA,NA,NA,NA,NA,0.4315,NA,NA,0.2934,0.5734,0,0.8591,0,Bayes-M17-med
Rungu,Haut-Uele,2,TRUE,NA,NA,NA,NA,NA,NA,NA,NA,NA,NA,NA,NA,NA,NA,NA,NA,NA,0.6474,NA,NA,0.8224,0.8031,0,0.9643,0,Bayes-M17-med
Wamba,Haut-Uele,2,TRUE,NA,NA,NA,NA,NA,NA,NA,NA,NA,NA,NA,NA,NA,NA,NA,NA,NA,0.4817,NA,NA,0.6737,0.4363,0,0.8166,0,Bayes-M17-med
Adja,Ituri,2,TRUE,NA,NA,NA,NA,NA,NA,NA,NA,NA,NA,NA,NA,NA,NA,NA,NA,NA,0.2645,NA,NA,0.249,0.4286,0,0.3803,0,Bayes-M17-med
Ariwara,Ituri,2,TRUE,NA,NA,NA,NA,NA,NA,NA,NA,NA,NA,NA,NA,NA,NA,NA,NA,NA,0.2862,NA,NA,0.1988,0.6988,0,0.2471,0,Bayes-M17-med
Aru,Ituri,2,TRUE,NA,NA,NA,NA,NA,NA,NA,NA,NA,NA,NA,NA,NA,NA,NA,NA,NA,0.3528,NA,NA,0.3012,0.8417,0,0.2683,0,Bayes-M17-med
Aungba,Ituri,2,TRUE,NA,NA,NA,NA,NA,NA,NA,NA,NA,NA,NA,NA,NA,NA,NA,NA,NA,0.3354,NA,NA,0.3108,0.6564,0,0.3745,0,Bayes-M17-med
Kambala,Ituri,2,TRUE,NA,NA,NA,NA,NA,NA,NA,NA,NA,NA,NA,NA,NA,NA,NA,NA,NA,0.347,NA,NA,0.3668,0.612,0,0.4093,0,Bayes-M17-med
Logo,Ituri,2,TRUE,NA,NA,NA,NA,NA,NA,NA,NA,NA,NA,NA,NA,NA,NA,NA,NA,NA,0.2384,NA,NA,0.1757,0.5927,0,0.1853,0,Bayes-M17-med
Mahagi,Ituri,2,TRUE,NA,NA,NA,NA,NA,NA,NA,NA,NA,NA,NA,NA,NA,NA,NA,NA,NA,0.2292,NA,NA,0.1718,0.6004,0,0.1448,0,Bayes-M17-med
Rimba,Ituri,2,TRUE,NA,NA,NA,NA,NA,NA,NA,NA,NA,NA,NA,NA,NA,NA,NA,NA,NA,0.306,NA,NA,0.2008,0.7124,0,0.3108,0,Bayes-M17-med
Bambu,Ituri,2,TRUE,NA,NA,NA,NA,NA,NA,NA,NA,NA,NA,NA,NA,NA,NA,NA,NA,NA,0.2399,NA,NA,0.2046,0.4691,0,0.2857,0,Bayes-M17-med
Boga,Ituri,2,TRUE,NA,NA,NA,NA,NA,NA,NA,NA,NA,NA,NA,NA,NA,NA,NA,NA,NA,0.264,NA,NA,0.3861,0.36870000000000003,0,0.3012,0,Bayes-M17-med
Bunia,Ituri,2,TRUE,NA,NA,NA,NA,NA,NA,NA,NA,NA,NA,NA,NA,NA,NA,NA,NA,NA,0.2326,NA,NA,0.1178,0.5637,0,0.249,0,Bayes-M17-med
Damas,Ituri,2,TRUE,NA,NA,NA,NA,NA,NA,NA,NA,NA,NA,NA,NA,NA,NA,NA,NA,NA,0.3224,NA,NA,0.4479,0.3282,0,0.5135,0,Bayes-M17-med
Drodro,Ituri,2,TRUE,NA,NA,NA,NA,NA,NA,NA,NA,NA,NA,NA,NA,NA,NA,NA,NA,NA,0.2674,NA,NA,0.2066,0.5907,0,0.2722,0,Bayes-M17-med
Fataki,Ituri,2,TRUE,NA,NA,NA,NA,NA,NA,NA,NA,NA,NA,NA,NA,NA,NA,NA,NA,NA,0.3185,NA,NA,0.2259,0.7201,0,0.3282,0,Bayes-M17-med
Gety,Ituri,2,TRUE,NA,NA,NA,NA,NA,NA,NA,NA,NA,NA,NA,NA,NA,NA,NA,NA,NA,0.2592,NA,NA,0.3359,0.2973,0,0.4035,0,Bayes-M17-med
Kilo,Ituri,2,TRUE,NA,NA,NA,NA,NA,NA,NA,NA,NA,NA,NA,NA,NA,NA,NA,NA,NA,0.1448,NA,NA,0.2201,0.0502,0,0.3089,0,Bayes-M17-med
Komanda,Ituri,2,TRUE,NA,NA,NA,NA,NA,NA,NA,NA,NA,NA,NA,NA,NA,NA,NA,NA,NA,0.2341,NA,NA,0.3089,0.1197,0,0.5077,0,Bayes-M17-med
Lita,Ituri,2,TRUE,NA,NA,NA,NA,NA,NA,NA,NA,NA,NA,NA,NA,NA,NA,NA,NA,NA,0.306,NA,NA,0.2761,0.7046,0,0.2432,0,Bayes-M17-med
Lolwa,Ituri,2,TRUE,NA,NA,NA,NA,NA,NA,NA,NA,NA,NA,NA,NA,NA,NA,NA,NA,NA,0.3205,NA,NA,0.6429,0,0,0.639,0,Bayes-M17-med
Mambasa,Ituri,2,TRUE,NA,NA,NA,NA,NA,NA,NA,NA,NA,NA,NA,NA,NA,NA,NA,NA,NA,0.4324,NA,NA,0.8842,0.2625,0,0.583,0,Bayes-M17-med
Mandima,Ituri,2,TRUE,NA,NA,NA,NA,NA,NA,NA,NA,NA,NA,NA,NA,NA,NA,NA,NA,NA,0.2659,NA,NA,0.4846,0.2896,0,0.2896,0,Bayes-M17-med
Mangala,Ituri,2,TRUE,NA,NA,NA,NA,NA,NA,NA,NA,NA,NA,NA,NA,NA,NA,NA,NA,NA,0.3021,NA,NA,0.305,0.6158,0,0.2876,0,Bayes-M17-med
Mongbwalu,Ituri,2,TRUE,NA,NA,NA,NA,NA,NA,NA,NA,NA,NA,NA,NA,NA,NA,NA,NA,NA,0.2616,NA,NA,0.4112,0.1834,0,0.4517,0,Bayes-M17-med
Nia Nia,Ituri,2,TRUE,NA,NA,NA,NA,NA,NA,NA,NA,NA,NA,NA,NA,NA,NA,NA,NA,NA,0.2978,NA,NA,0.666,0.0212,0,0.5039,0,Bayes-M17-med
Nizi,Ituri,2,TRUE,NA,NA,NA,NA,NA,NA,NA,NA,NA,NA,NA,NA,NA,NA,NA,NA,NA,0.1771,NA,NA,0.1544,0.3378,0,0.2162,0,Bayes-M17-med
Nyankunde,Ituri,2,TRUE,NA,NA,NA,NA,NA,NA,NA,NA,NA,NA,NA,NA,NA,NA,NA,NA,NA,0.2514,NA,NA,0.2838,0.2432,0,0.4788,0,Bayes-M17-med
Rwampara,Ituri,2,TRUE,NA,NA,NA,NA,NA,NA,NA,NA,NA,NA,NA,NA,NA,NA,NA,NA,NA,0.319,NA,NA,0.2375,0.7452,0,0.2934,0,Bayes-M17-med
Tchomia,Ituri,2,TRUE,NA,NA,NA,NA,NA,NA,NA,NA,NA,NA,NA,NA,NA,NA,NA,NA,NA,0.1998,NA,NA,0.2104,0.3745,0,0.2143,0,Bayes-M17-med
Beni,Nord-Kivu,2,TRUE,NA,NA,NA,NA,NA,NA,NA,NA,NA,NA,NA,NA,NA,NA,NA,NA,NA,0.1559,NA,NA,0.1525,0.2297,0,0.2413,0,Bayes-M17-med
Biena,Nord-Kivu,2,TRUE,NA,NA,NA,NA,NA,NA,NA,NA,NA,NA,NA,NA,NA,NA,NA,NA,NA,0.2013,NA,NA,0.251,0.166,0,0.388,0,Bayes-M17-med
Butembo,Nord-Kivu,2,TRUE,NA,NA,NA,NA,NA,NA,NA,NA,NA,NA,NA,NA,NA,NA,NA,NA,NA,0.1829,NA,NA,0.1139,0.388,0,0.2297,0,Bayes-M17-med
Kalunguta,Nord-Kivu,2,TRUE,NA,NA,NA,NA,NA,NA,NA,NA,NA,NA,NA,NA,NA,NA,NA,NA,NA,0.1559,NA,NA,0.195,0.2066,0,0.222,0,Bayes-M17-med
Katwa,Nord-Kivu,2,TRUE,NA,NA,NA,NA,NA,NA,NA,NA,NA,NA,NA,NA,NA,NA,NA,NA,NA,0.1998,NA,NA,0.0869,0.4846,0,0.2278,0,Bayes-M17-med
Kyondo,Nord-Kivu,2,TRUE,NA,NA,NA,NA,NA,NA,NA,NA,NA,NA,NA,NA,NA,NA,NA,NA,NA,0.3238,NA,NA,0.2954,0.7973,0,0.2027,0,Bayes-M17-med
Lubero,Nord-Kivu,2,TRUE,NA,NA,NA,NA,NA,NA,NA,NA,NA,NA,NA,NA,NA,NA,NA,NA,NA,0.4585,NA,NA,0.5734,0.9382,0,0.3224,0,Bayes-M17-med
Mabalako,Nord-Kivu,2,TRUE,NA,NA,NA,NA,NA,NA,NA,NA,NA,NA,NA,NA,NA,NA,NA,NA,NA,0.1573,NA,NA,0.1931,0.2046,0,0.2317,0,Bayes-M17-med
Manguredjipa,Nord-Kivu,2,TRUE,NA,NA,NA,NA,NA,NA,NA,NA,NA,NA,NA,NA,NA,NA,NA,NA,NA,0.3475,NA,NA,0.778,0.0579,0,0.5541,0,Bayes-M17-med
Masereka,Nord-Kivu,2,TRUE,NA,NA,NA,NA,NA,NA,NA,NA,NA,NA,NA,NA,NA,NA,NA,NA,NA,0.36870000000000003,NA,NA,0.2548,0.9807,0,0.2394,0,Bayes-M17-med
Musienene,Nord-Kivu,2,TRUE,NA,NA,NA,NA,NA,NA,NA,NA,NA,NA,NA,NA,NA,NA,NA,NA,NA,0.319,NA,NA,0.2645,0.7317,0,0.2799,0,Bayes-M17-med
Mutwanga,Nord-Kivu,2,TRUE,NA,NA,NA,NA,NA,NA,NA,NA,NA,NA,NA,NA,NA,NA,NA,NA,NA,0.2408,NA,NA,0.2606,0.4672,0,0.2355,0,Bayes-M17-med
Oicha,Nord-Kivu,2,TRUE,NA,NA,NA,NA,NA,NA,NA,NA,NA,NA,NA,NA,NA,NA,NA,NA,NA,0.3364,NA,NA,0.3243,0.7606,0,0.2606,0,Bayes-M17-med
Vuhovi,Nord-Kivu,2,TRUE,NA,NA,NA,NA,NA,NA,NA,NA,NA,NA,NA,NA,NA,NA,NA,NA,NA,0.2611,NA,NA,0.2027,0.6178,0,0.2239,0,Bayes-M17-med
Goma,Nord-Kivu,2,TRUE,NA,NA,NA,NA,NA,NA,NA,NA,NA,NA,NA,NA,NA,NA,NA,NA,NA,0.2669,NA,NA,0.1274,0.8977,0,0.0425,0,Bayes-M17-med
Kayna,Nord-Kivu,2,TRUE,NA,NA,NA,NA,NA,NA,NA,NA,NA,NA,NA,NA,NA,NA,NA,NA,NA,0.3113,NA,NA,0.2278,0.6332,0,0.3842,0,Bayes-M17-med
Miti Murhesa,Sud-Kivu,2,TRUE,NA,NA,NA,NA,NA,NA,NA,NA,NA,NA,NA,NA,NA,NA,NA,NA,NA,0.3277,NA,NA,0.2355,0.9131,0,0.1622,0,Bayes-M17-med
Bafwasende,Tshopo,2,TRUE,NA,NA,NA,NA,NA,NA,NA,NA,NA,NA,NA,NA,NA,NA,NA,NA,NA,0.4546,NA,NA,0.9073,0.2413,0,0.6699,0,Bayes-M17-med
Kabondo,Tshopo,2,TRUE,NA,NA,NA,NA,NA,NA,NA,NA,NA,NA,NA,NA,NA,NA,NA,NA,NA,0.18,NA,NA,0.1911,0.2722,0,0.2568,0,Bayes-M17-med
Lubunga (Tshopo),Tshopo,2,TRUE,NA,NA,NA,NA,NA,NA,NA,NA,NA,NA,NA,NA,NA,NA,NA,NA,NA,0.2288,NA,NA,0.2452,0.3436,0,0.3263,0,Bayes-M17-med
Makiso Kisangani,Tshopo,2,TRUE,NA,NA,NA,NA,NA,NA,NA,NA,NA,NA,NA,NA,NA,NA,NA,NA,NA,0.2355,NA,NA,0.1332,0.5309,0,0.278,0,Bayes-M17-med
Mangobo,Tshopo,2,TRUE,NA,NA,NA,NA,NA,NA,NA,NA,NA,NA,NA,NA,NA,NA,NA,NA,NA,0.2061,NA,NA,0.0792,0.4382,0,0.3069,0,Bayes-M17-med
Tshopo,Tshopo,2,TRUE,NA,NA,NA,NA,NA,NA,NA,NA,NA,NA,NA,NA,NA,NA,NA,NA,NA,0.2466,NA,NA,0.361,0.334,0,0.2915,0,Bayes-M17-med
Wanierukula,Tshopo,2,TRUE,NA,NA,NA,NA,NA,NA,NA,NA,NA,NA,NA,NA,NA,NA,NA,NA,NA,0.473,NA,NA,0.8436,0.5521,0,0.4961,0,Bayes-M17-med
