health_zone,province,horizon,was_active_before,prob_scale,p_case_invasion,p_case_lo,p_case_hi,p_median,rank_med,rank_lo,rank_hi,mu_forecast,rr_nat,rr_nat_rank,rr01_nat,rr_ituri,rr_ituri_rank,rr_nordkivu,rr_nordkivu_rank,rr_hautuele,rr_hautuele_rank,V,priority,priority_rank,surveillance_gap,healthcare_gap,access_gap,social_vulnerability,healthcare_travel_min,method
Rethy,Ituri,1,FALSE,recalibrated-deployed,0.156218,0.109416,0.208428,0.154617,1,1,1,0.170526,62.1836,1,1,3.48332,1,NA,NA,NA,NA,0.36036,1,1,0.214286,0.608108,0,0.258687,0,Bayes-M14-fill-geo
Watsa,Haut-Uele,1,FALSE,recalibrated-deployed,0.0855151,0.0663028,0.107342,0.084855,2,2,4,0.0894905,32.6334,2,0.547409,NA,NA,NA,NA,2.45595,1,0.63964,0.971651,3,0.72973,0.843629,0,0.34556,0,Bayes-M14-fill-geo
Jiba,Ituri,1,FALSE,recalibrated-deployed,0.079036,0.0568752,0.10309,0.0787009,3,2,4,0.0824532,30.0672,3,0.505934,1.68427,2,NA,NA,NA,NA,0.220077,0.308981,7,0.181467,0.127413,0,0.351351,0,Bayes-M14-fill-geo
Linga,Ituri,1,FALSE,recalibrated-deployed,0.0673762,0.0499995,0.0866074,0.0670121,4,4,7,0.0698223,25.4612,4,0.431296,1.42626,3,NA,NA,NA,NA,0.286358,0.342727,6,0.196911,0.341699,0,0.320463,0,Bayes-M14-fill-geo
Niangara,Haut-Uele,1,FALSE,recalibrated-deployed,0.0624399,0.0434651,0.0852974,0.0615192,5,3,5,0.0645636,23.5436,5,0.399698,NA,NA,NA,NA,1.77186,2,0.734878,0.815097,4,0.803089,0.432432,0,0.969112,0,Bayes-M14-fill-geo
Poko,Bas-Uele,1,FALSE,recalibrated-deployed,0.0568558,0.0387186,0.0788602,0.0557764,6,5,6,0.0586217,21.3769,6,0.363952,NA,NA,NA,NA,NA,NA,0.969434,0.979095,2,0.992278,0.951737,0,0.964286,0,Bayes-M14-fill-geo
Yakusu,Tshopo,1,FALSE,recalibrated-deployed,0.0496242,0.0325076,0.0696354,0.048362,7,6,7,0.0509725,18.5875,7,0.31766,NA,NA,NA,NA,NA,NA,0.425354,0.374952,5,0.420849,0.208494,0,0.646718,0,Bayes-M14-fill-geo
Biringi,Ituri,1,FALSE,recalibrated-deployed,0.0307027,0.0230094,0.0395819,0.0305698,8,8,8,0.0311976,11.3764,8,0.196538,0.637271,4,NA,NA,NA,NA,0.465894,0.254095,8,0.395753,0.486486,0,0.515444,0,Bayes-M14-fill-geo
Makoro,Haut-Uele,1,FALSE,recalibrated-deployed,0.0251339,0.019447,0.0315805,0.0249431,9,9,10,0.0254625,9.28509,9,0.16089,NA,NA,NA,NA,0.698785,3,0.509653,0.227545,11,0.555985,0.548263,0,0.42471,0,Bayes-M14-fill-geo
Banalia,Tshopo,1,FALSE,recalibrated-deployed,0.02289,0.0157547,0.0312543,0.0225134,10,9,13,0.0231675,8.44822,10,0.146526,NA,NA,NA,NA,NA,NA,0.565637,0.229994,10,0.779923,0.117761,0,0.799228,0,Bayes-M14-fill-geo
Alimbongo,Nord-Kivu,1,FALSE,recalibrated-deployed,0.0218822,0.0168778,0.0276186,0.0216888,11,10,14,0.022131,8.07024,11,0.140075,NA,NA,3.443,1,NA,NA,0.568211,0.220868,12,0.584942,0.747104,0,0.372587,0,Bayes-M14-fill-geo
Mbaya,Sud-Ubangi,1,FALSE,recalibrated-deployed,0.0174723,0.011272,0.0248234,0.0169485,13,10,19,0.0176363,6.43119,12,0.111846,NA,NA,NA,NA,NA,NA,0.418919,0.13002,16,0.351351,0.223938,0,0.681467,0,Bayes-M14-fill-geo
Aba,Haut-Uele,1,FALSE,recalibrated-deployed,0.0170672,0.0110989,0.0247003,0.0166116,14,11,19,0.0172233,6.2806,13,0.109252,NA,NA,NA,NA,0.472671,4,0.758687,0.230015,9,0.600386,0.685328,0,0.990347,0,Bayes-M14-fill-geo
Budjala,Sud-Ubangi,1,FALSE,recalibrated-deployed,0.016704,0.0113978,0.0232124,0.0163806,14,13,18,0.0168518,6.14514,14,0.106928,NA,NA,NA,NA,NA,NA,0.573359,0.17013,14,0.515444,0.403475,0,0.801158,0,Bayes-M14-fill-geo
Faradje,Haut-Uele,1,FALSE,recalibrated-deployed,0.0162523,0.01268,0.0202954,0.016125,15,12,16,0.0163887,5.97627,15,0.104036,NA,NA,NA,NA,0.449767,5,0.596525,0.172217,13,0.760618,0.666023,0,0.362934,0,Bayes-M14-fill-geo
Bafwagbogbo,Tshopo,1,FALSE,recalibrated-deployed,0.0160549,0.0110066,0.0219423,0.0157546,15,12,20,0.016191,5.90415,16,0.102773,NA,NA,NA,NA,NA,NA,0.526384,0.150121,15,0.859073,0.027027,0,0.69305,0,Bayes-M14-fill-geo
Kibirizi,Nord-Kivu,1,FALSE,recalibrated-deployed,0.0112375,0.00831264,0.0145233,0.0111257,19,17,21,0.011303,4.12171,17,0.0719351,NA,NA,1.75844,2,NA,NA,0.556628,0.111114,19,0.540541,0.855212,0,0.274131,0,Bayes-M14-fill-geo
Nyarambe,Ituri,1,FALSE,recalibrated-deployed,0.0110917,0.005218,0.0187581,0.0105092,19,12,34,0.0111628,4.07059,18,0.0710014,0.228022,5,NA,NA,NA,NA,0.240669,0.0474188,37,0.169884,0.459459,0,0.0926641,0,Bayes-M14-fill-geo
Rwanguba,Nord-Kivu,1,FALSE,recalibrated-deployed,0.0110623,0.00436525,0.0202071,0.0101804,20,11,40,0.0111369,4.06115,19,0.0708133,NA,NA,1.73261,3,NA,NA,0.325611,0.0639848,27,0.208494,0.702703,0,0.0656371,0,Bayes-M14-fill-geo
Adi,Ituri,1,FALSE,recalibrated-deployed,0.010569,0.00674779,0.0151863,0.0102566,21,17,26,0.0106288,3.87586,20,0.0676553,0.217113,6,NA,NA,NA,NA,0.530245,0.09955,21,0.258687,0.710425,0,0.621622,0,Bayes-M14-fill-geo
Kamango,Nord-Kivu,1,FALSE,recalibrated-deployed,0.0104104,0.00646963,0.0150741,0.010265,20,16,27,0.0104683,3.81736,21,0.06664,NA,NA,1.6286,4,NA,NA,0.583012,0.107814,20,0.658301,0.916988,0,0.173745,0,Bayes-M14-fill-geo
Uvira,Sud-Kivu,1,FALSE,recalibrated-deployed,0.00962406,0.00572753,0.0150631,0.00922937,23,17,32,0.00967476,3.52797,22,0.0616066,NA,NA,NA,NA,NA,NA,0.733591,0.125413,17,0.218147,0.984556,0,0.998069,0,Bayes-M14-fill-geo
Kindu,Maniema,1,FALSE,recalibrated-deployed,0.00909035,0.00550545,0.0134058,0.00879803,22,17,33,0.00913496,3.33113,23,0.0581902,NA,NA,NA,NA,NA,NA,0.424067,0.0684774,26,0.135135,0.252896,0,0.88417,0,Bayes-M14-fill-geo
Laybo,Ituri,1,FALSE,recalibrated-deployed,0.00859866,0.00589828,0.0117233,0.00846658,25,20,29,0.00863744,3.14971,24,0.0550427,0.176436,7,NA,NA,NA,NA,0.452381,0.0690983,25,0.30695,0.555985,0,0.494208,0,Bayes-M14-fill-geo
Walikale,Nord-Kivu,1,FALSE,recalibrated-deployed,0.00856146,0.00619903,0.0112092,0.00847585,24,20,30,0.00859954,3.13589,25,0.0548046,NA,NA,1.33786,5,NA,NA,0.763835,0.116166,18,0.945946,0.928571,0,0.416988,0,Bayes-M14-fill-geo
Ibanda,Sud-Kivu,1,FALSE,recalibrated-deployed,0.00831844,0.00528895,0.0120354,0.00814761,25,21,31,0.00835539,3.04686,26,0.053249,NA,NA,NA,NA,NA,NA,0.307593,0.0454518,40,0.0830116,0.621622,0,0.218147,0,Bayes-M14-fill-geo
Angumu,Ituri,1,FALSE,recalibrated-deployed,0.00718318,0.00390329,0.0111715,0.00697813,27,22,44,0.00721174,2.62982,27,0.0459818,0.147314,8,NA,NA,NA,NA,0.146718,0.0187211,73,0.164093,0.164093,0,0.111969,0,Bayes-M14-fill-geo
Rutshuru,Nord-Kivu,1,FALSE,recalibrated-deployed,0.00704881,0.0032142,0.0121419,0.00665162,28,21,50,0.00707774,2.58095,28,0.0451216,NA,NA,1.10111,6,NA,NA,0.496139,0.0621228,30,0.409266,0.994208,0,0.0849421,0,Bayes-M14-fill-geo
Binga,Mongala,1,FALSE,recalibrated-deployed,0.00643837,0.00458866,0.00866534,0.00636345,30,24,37,0.00645996,2.35567,29,0.041214,NA,NA,NA,NA,NA,NA,0.440798,0.0504136,33,0.474903,0.249035,0,0.598456,0,Bayes-M14-fill-geo
Kirotshe,Nord-Kivu,1,FALSE,recalibrated-deployed,0.00641283,0.0036868,0.0099631,0.00617433,30,25,44,0.00643534,2.3467,30,0.0410505,NA,NA,1.00117,7,NA,NA,0.512227,0.0583504,31,0.376448,0.996139,0,0.164093,0,Bayes-M14-fill-geo
Masisi,Nord-Kivu,1,FALSE,recalibrated-deployed,0.00607991,0.00466748,0.0076493,0.00603116,31,29,34,0.0060989,2.22401,31,0.0389194,NA,NA,0.948827,8,NA,NA,0.586873,0.0633831,29,0.432432,0.957529,0,0.370656,0,Bayes-M14-fill-geo
Kadutu,Sud-Kivu,1,FALSE,recalibrated-deployed,0.00580903,0.00364104,0.00852549,0.00567469,33,28,45,0.00582708,2.12489,32,0.0371854,NA,NA,NA,NA,NA,NA,0.218147,0.0225105,61,0.0579151,0.3861,0,0.210425,0,Bayes-M14-fill-geo
Ruzizi,Sud-Kivu,1,FALSE,recalibrated-deployed,0.0056463,0.00336176,0.00874147,0.00540641,35,22,50,0.00566372,2.06532,33,0.0361437,NA,NA,NA,NA,NA,NA,0.750322,0.0752564,24,0.349421,0.909266,0,0.992278,0,Bayes-M14-fill-geo
Doruma,Haut-Uele,1,FALSE,recalibrated-deployed,0.00548423,0.00321238,0.00854798,0.00524056,35,23,49,0.00550075,2.00589,34,0.0351063,NA,NA,NA,NA,0.150961,6,0.828829,0.0807444,22,0.972973,0.513514,0,1,0,Bayes-M14-fill-geo
Basoko,Tshopo,1,FALSE,recalibrated-deployed,0.00547563,0.00378442,0.00736087,0.00540271,35,27,41,0.00549128,2.00244,35,0.0350512,NA,NA,NA,NA,NA,NA,0.401544,0.0390571,45,0.507722,0.314672,0,0.382239,0,Bayes-M14-fill-geo
Mweso,Nord-Kivu,1,FALSE,recalibrated-deployed,0.00544108,0.00399482,0.00710451,0.0053787,35,30,40,0.00545639,1.98971,36,0.03483,NA,NA,0.84887,9,NA,NA,0.558559,0.0539866,32,0.449807,0.96139,0,0.264479,0,Bayes-M14-fill-geo
Gemena,Sud-Ubangi,1,FALSE,recalibrated-deployed,0.00538475,0.00372145,0.00746388,0.00530062,35,27,43,0.00539993,1.96913,37,0.0344695,NA,NA,NA,NA,NA,NA,0.436937,0.0417942,43,0.17760600000000001,0.274131,0,0.859073,0,Bayes-M14-fill-geo
Karisimbi,Nord-Kivu,1,FALSE,recalibrated-deployed,0.00506588,0.00146485,0.0112042,0.00432914,42,22,106,0.005084,1.85392,38,0.0324283,NA,NA,0.790935,10,NA,NA,0.212999,0.0191674,71,0.0907336,0.515444,0,0.0328185,0,Bayes-M14-fill-geo
Bengamisa,Tshopo,1,FALSE,recalibrated-deployed,0.0048837,0.00380263,0.00609387,0.00482951,38,36,41,0.00489592,1.78534,39,0.0312621,NA,NA,NA,NA,NA,NA,0.401544,0.0348349,46,0.611969,0.216216,0,0.376448,0,Bayes-M14-fill-geo
Bondo,Bas-Uele,1,FALSE,recalibrated-deployed,0.0047811,0.00309176,0.00674779,0.00465509,39,28,48,0.00479321,1.74788,40,0.0306053,NA,NA,NA,NA,NA,NA,0.898327,0.0762947,23,0.996139,0.998069,0,0.700772,0,Bayes-M14-fill-geo
Opienge,Tshopo,1,FALSE,recalibrated-deployed,0.00462042,0.00316146,0.00632362,0.00453072,40,31,48,0.0046316,1.68895,41,0.0295767,NA,NA,NA,NA,NA,NA,0.592664,0.0486432,34,0.955598,0.0135135,0,0.80888,0,Bayes-M14-fill-geo
Isangi,Tshopo,1,FALSE,recalibrated-deployed,0.0045858,0.00323638,0.00620354,0.0045235,41,32,48,0.00459677,1.67625,42,0.0293551,NA,NA,NA,NA,NA,NA,0.511583,0.0416738,44,0.405405,0.407336,0,0.722008,0,Bayes-M14-fill-geo
Lubutu,Maniema,1,FALSE,recalibrated-deployed,0.00431356,0.00281906,0.00606365,0.00421742,43,33,52,0.00432339,1.57656,43,0.0276125,NA,NA,NA,NA,NA,NA,0.627413,0.0480753,35,0.820463,0.281853,0,0.779923,0,Bayes-M14-fill-geo
Titule,Bas-Uele,1,FALSE,recalibrated-deployed,0.00393778,0.00276541,0.0053454,0.00387744,45,36,55,0.00394587,1.43889,44,0.025207,NA,NA,NA,NA,NA,NA,0.91184,0.0637826,28,0.986486,0.826255,0,0.92278,0,Bayes-M14-fill-geo
Katoyi,Nord-Kivu,1,FALSE,recalibrated-deployed,0.0039175,0.00303115,0.00490601,0.00387706,45,42,49,0.00392537,1.43141,45,0.0250772,NA,NA,0.610683,11,NA,NA,0.605534,0.0421386,42,0.46139,0.959459,0,0.395753,0,Bayes-M14-fill-geo
Nyiragongo,Nord-Kivu,1,FALSE,recalibrated-deployed,0.00388498,0.00122244,0.00813024,0.00342843,50,28,117.05,0.00389496,1.42033,46,0.0248689,NA,NA,0.605953,12,NA,NA,0.385457,0.0266009,55,0.243243,0.876448,0,0.0366795,0,Bayes-M14-fill-geo
Minova,Sud-Kivu,1,FALSE,recalibrated-deployed,0.00369009,0.00206072,0.00571595,0.0035701,48,36,68.05,0.00369756,1.34834,47,0.0236215,NA,NA,NA,NA,NA,NA,0.515444,0.0337871,48,0.442085,0.982625,0,0.121622,0,Bayes-M14-fill-geo
Pinga,Nord-Kivu,1,FALSE,recalibrated-deployed,0.00352063,0.00256358,0.00460233,0.00348874,48,43,57,0.00352703,1.28616,48,0.0225366,NA,NA,0.548713,13,NA,NA,0.759974,0.0475282,36,0.959459,0.754826,0,0.565637,0,Bayes-M14-fill-geo
Fizi,Sud-Kivu,1,FALSE,recalibrated-deployed,0.00348814,0.00245819,0.00465972,0.00344072,49,43,56,0.00349446,1.27428,49,0.0223286,NA,NA,NA,NA,NA,NA,0.751609,0.0465712,39,0.743243,0.969112,0,0.542471,0,Bayes-M14-fill-geo
Shabunda,Sud-Kivu,1,FALSE,recalibrated-deployed,0.00337699,0.00212463,0.0048344700000000004,0.00328226,51,41,60,0.00338306,1.23366,50,0.0216172,NA,NA,NA,NA,NA,NA,0.789575,0.0473648,38,0.837838,0.872587,0,0.658301,0,Bayes-M14-fill-geo
Lemera,Sud-Kivu,1,FALSE,recalibrated-deployed,0.00332952,0.00224562,0.00469692,0.00325992,50,40,67,0.00333536,1.21626,51,0.0213133,NA,NA,NA,NA,NA,NA,0.748391,0.0442632,41,0.362934,0.901544,0,0.980695,0,Bayes-M14-fill-geo
Bambo,Nord-Kivu,1,FALSE,recalibrated-deployed,0.00329665,0.00180336,0.00510071,0.00320204,51,39,78,0.00330261,1.20432,52,0.0211029,NA,NA,0.513798,14,NA,NA,0.528314,0.0309384,50,0.552124,0.907336,0,0.125483,0,Bayes-M14-fill-geo
Ndage,Sud-Ubangi,1,FALSE,recalibrated-deployed,0.00324033,0.00224969,0.00446157,0.00319095,52,44,64,0.00324581,1.18361,53,0.0207424,NA,NA,NA,NA,NA,NA,0.471042,0.0271132,54,0.399614,0.276062,0,0.737452,0,Bayes-M14-fill-geo
Katana,Sud-Kivu,1,FALSE,recalibrated-deployed,0.00273922,0.00160903,0.00413172,0.00267283,57,44,91,0.00274328,1.00036,54,0.0175346,NA,NA,NA,NA,NA,NA,0.429858,0.0209163,67,0.247104,0.911197,0,0.131274,0,Bayes-M14-fill-geo
Binza,Nord-Kivu,1,FALSE,recalibrated-deployed,0.00266151,0.00126024,0.00444531,0.00253217,58,42,110.05,0.00266554,0.972008,55,0.0170371,NA,NA,0.414687,15,NA,NA,0.469112,0.0221787,64,0.471042,0.837838,0,0.0984556,0,Bayes-M14-fill-geo
Lubao,Lomami,1,FALSE,recalibrated-deployed,0.00265459,0.0015665,0.00397725,0.00256064,58,48,74,0.00265841,0.969407,56,0.0169929,NA,NA,NA,NA,NA,NA,0.530888,0.0250341,57,0.648649,0.15251,0,0.791506,0,Bayes-M14-fill-geo
Mwenga,Sud-Kivu,1,FALSE,recalibrated-deployed,0.00264328,0.00200395,0.00335827,0.00261298,58,54,63,0.00264687,0.9652,57,0.0169204,NA,NA,NA,NA,NA,NA,0.425354,0.0199722,70,0.5,0.35521200000000003,0,0.420849,0,Bayes-M14-fill-geo
Kasongo,Maniema,1,FALSE,recalibrated-deployed,0.00258561,0.00164807,0.003687,0.00251562,59,50,71,0.00258916,0.944158,58,0.0165513,NA,NA,NA,NA,NA,NA,0.707207,0.032482,49,0.445946,0.752896,0,0.92278,0,Bayes-M14-fill-geo
Bagira,Sud-Kivu,1,FALSE,recalibrated-deployed,0.00247353,0.00153562,0.00365222,0.00241789,61,47,105,0.00247681,0.903186,59,0.0158339,NA,NA,NA,NA,NA,NA,0.314672,0.0138263,107,0.100386,0.637066,0,0.206564,0,Bayes-M14-fill-geo
Nyemba,Tanganyika,1,FALSE,recalibrated-deployed,0.00246946,0.00150792,0.00360293,0.00242623,60,53,75,0.00247273,0.901698,60,0.0158078,NA,NA,NA,NA,NA,NA,0.460746,0.0202114,69,0.596525,0.455598,0,0.330116,0,Bayes-M14-fill-geo
Kabare,Sud-Kivu,1,FALSE,recalibrated-deployed,0.00246473,0.00164279,0.00342701,0.00243159,61,51,92,0.00246791,0.899944,61,0.0157775,NA,NA,NA,NA,NA,NA,0.475547,0.0208206,68,0.239382,0.988417,0,0.198842,0,Bayes-M14-fill-geo
Nundu,Sud-Kivu,1,FALSE,recalibrated-deployed,0.00241627,0.00150252,0.00363018,0.00233946,62,49,92,0.00241942,0.882259,62,0.0154673,NA,NA,NA,NA,NA,NA,0.790219,0.0339176,47,0.527027,0.849421,0,0.994208,0,Bayes-M14-fill-geo
Minembwe,Sud-Kivu,1,FALSE,recalibrated-deployed,0.00233941,0.00161243,0.00315847,0.00230388,64,56,72,0.00234226,0.854124,63,0.0149753,NA,NA,NA,NA,NA,NA,0.69305,0.0288007,51,0.718147,0.80888,0,0.552124,0,Bayes-M14-fill-geo
Walungu,Sud-Kivu,1,FALSE,recalibrated-deployed,0.00231091,0.00164487,0.00306519,0.00228061,64,56,91,0.00231368,0.843699,64,0.0147929,NA,NA,NA,NA,NA,NA,0.433076,0.0177778,81,0.185328,0.880309,0,0.233591,0,Bayes-M14-fill-geo
Lisala,Mongala,1,FALSE,recalibrated-deployed,0.00229255,0.00157174,0.00313599,0.00224905,65,53,81,0.0022953,0.836997,65,0.0146753,NA,NA,NA,NA,NA,NA,0.545689,0.0222226,63,0.428571,0.440154,0,0.76834,0,Bayes-M14-fill-geo
Ngandajika,Lomami,1,FALSE,recalibrated-deployed,0.00228284,0.00128288,0.00351546,0.00219425,66,52,82,0.0022857,0.833499,66,0.0146132,NA,NA,NA,NA,NA,NA,0.462033,0.0187362,72,0.212355,0.445946,0,0.727799,0,Bayes-M14-fill-geo
Tshofa,Lomami,1,FALSE,recalibrated-deployed,0.00221364,0.00126764,0.00337631,0.0021298,68,53,83,0.00221632,0.808197,67,0.0141702,NA,NA,NA,NA,NA,NA,0.588803,0.0231531,60,0.675676,0.351351,0,0.739382,0,Bayes-M14-fill-geo
Gombe,Kinshasa,1,FALSE,recalibrated-deployed,0.00209384,2.74783e-4,0.00549237,0.00155411,90,34.95,245.05,0.0020978,0.764979,68,0.0134033,NA,NA,NA,NA,NA,NA,0.216216,0.00804201,146,0.0694981,0.569498,0,0.00965251,0,Bayes-M14-fill-geo
Kibua,Nord-Kivu,1,FALSE,recalibrated-deployed,0.00206388,0.00147292,0.00276893,0.00203961,69,55,100,0.00206609,0.753414,69,0.0132115,NA,NA,0.321428,16,NA,NA,0.687259,0.0251962,56,0.774131,0.660232,0,0.627413,0,Bayes-M14-fill-geo
Ubundu,Tshopo,1,FALSE,recalibrated-deployed,0.00206132,0.00150455,0.00270094,0.00203473,69,60,87,0.00206351,0.752476,70,0.0131951,NA,NA,NA,NA,NA,NA,0.632561,0.0231622,59,0.905405,0.430502,0,0.561776,0,Bayes-M14-fill-geo
Ludimbi Lukula,Lomami,1,FALSE,recalibrated-deployed,0.00205258,0.00118003,0.00310412,0.00197465,72,56,88,0.00205487,0.749325,71,0.0131392,NA,NA,NA,NA,NA,NA,0.601673,0.0219378,65,0.69305,0.34749,0,0.764479,0,Bayes-M14-fill-geo
Mwana,Sud-Kivu,1,FALSE,recalibrated-deployed,0.00205233,0.00156448,0.0026253,0.00203374,71,62,88,0.0020545,0.749188,72,0.0131376,NA,NA,NA,NA,NA,NA,0.497426,0.0181346,78,0.289575,0.903475,0,0.299228,0,Bayes-M14-fill-geo
Punia,Maniema,1,FALSE,recalibrated-deployed,0.00199698,0.00121853,0.00291112,0.0019407,73,60,84,0.00199912,0.728994,73,0.0127833,NA,NA,NA,NA,NA,NA,0.497426,0.0176455,83,0.762548,0.196911,0,0.532819,0,Bayes-M14-fill-geo
Yabaondo,Tshopo,1,FALSE,recalibrated-deployed,0.00196079,0.00137446,0.0026303,0.00193521,73,61,94,0.00196279,0.715748,74,0.0125517,NA,NA,NA,NA,NA,NA,0.469755,0.016362,91,0.436293,0.305019,0,0.667954,0,Bayes-M14-fill-geo
Kalima,Maniema,1,FALSE,recalibrated-deployed,0.00194299,0.00119792,0.00283384,0.0018881,74,63,85,0.001945,0.70926,75,0.0124377,NA,NA,NA,NA,NA,NA,0.412484,0.0142367,102,0.459459,0.320463,0,0.457529,0,Bayes-M14-fill-geo
Bumba,Mongala,1,FALSE,recalibrated-deployed,0.00182454,0.0011585,0.0025976,0.00179395,78,72,91,0.0018263,0.665973,76,0.0116794,NA,NA,NA,NA,NA,NA,0.317889,0.0103029,126,0.140927,0.453668,0,0.359073,0,Bayes-M14-fill-geo
Aketi,Bas-Uele,1,FALSE,recalibrated-deployed,0.00177944,0.00122979,0.00242956,0.00174924,80,65,107,0.00178109,0.649488,77,0.0113907,NA,NA,NA,NA,NA,NA,0.901544,0.0284972,52,0.990347,0.936293,0,0.777992,0,Bayes-M14-fill-geo
Kunda,Maniema,1,FALSE,recalibrated-deployed,0.0017757,0.00110172,0.00257311,0.0017267,81,65,96,0.00177739,0.648137,78,0.0113668,NA,NA,NA,NA,NA,NA,0.555341,0.0175171,86,0.46332,0.279923,0,0.92278,0,Bayes-M14-fill-geo
Lowa,Tshopo,1,FALSE,recalibrated-deployed,0.00177388,0.00108323,0.00260025,0.00172084,81,66,94,0.00177556,0.647472,79,0.0113551,NA,NA,NA,NA,NA,NA,0.543115,0.0171138,89,0.893822,0.0598456,0,0.675676,0,Bayes-M14-fill-geo
Nyangezi,Sud-Kivu,1,FALSE,recalibrated-deployed,0.00177368,0.00123214,0.00237073,0.00175721,81,60,129,0.00177532,0.647384,80,0.0113539,NA,NA,NA,NA,NA,NA,0.491634,0.01549,97,0.222008,0.88417,0,0.368726,0,Bayes-M14-fill-geo
Nsele,Kinshasa,1,FALSE,recalibrated-deployed,0.0017575,4.29001e-4,0.00375208,0.00150784,92,48,174,0.00175967,0.641675,81,0.0112503,NA,NA,NA,NA,NA,NA,0.211068,0.00658946,161,0.138996,0.399614,0,0.0945946,0,Bayes-M14-fill-geo
Kalehe,Sud-Kivu,1,FALSE,recalibrated-deployed,0.00173731,0.00102867,0.00258808,0.0017027,82,61,129,0.00173894,0.634116,82,0.0111211,NA,NA,NA,NA,NA,NA,0.449163,0.0138616,106,0.341699,0.864865,0,0.140927,0,Bayes-M14-fill-geo
Tandala,Sud-Ubangi,1,FALSE,recalibrated-deployed,0.00172637,0.00120773,0.00233884,0.00170134,83,65,114,0.00172793,0.630102,83,0.0110511,NA,NA,NA,NA,NA,NA,0.543758,0.0166753,90,0.274131,0.527027,0,0.830116,0,Bayes-M14-fill-geo
Kongolo,Tanganyika,1,FALSE,recalibrated-deployed,0.00170281,9.77819e-4,0.00257995,0.00163756,85.5,66,100,0.00170439,0.621517,84,0.0109002,NA,NA,NA,NA,NA,NA,0.910553,0.0275424,53,0.8861,0.92278,0,0.92278,0,Bayes-M14-fill-geo
Yamaluka,Mongala,1,FALSE,recalibrated-deployed,0.00168638,0.00107617,0.00238605,0.00165852,85,79,97,0.00168788,0.615499,85,0.010795,NA,NA,NA,NA,NA,NA,0.263192,0.00788424,148,0.279923,0.144788,0,0.364865,0,Bayes-M14-fill-geo
Masuika,Kasaï-Central,1,FALSE,recalibrated-deployed,0.00166114,8.73357e-4,0.00267914,0.00157934,90,64,108.05,0.00166269,0.606312,86,0.0106335,NA,NA,NA,NA,NA,NA,0.518018,0.0152857,98,0.326255,0.561776,0,0.666023,0,Bayes-M14-fill-geo
Bunyakiri,Sud-Kivu,1,FALSE,recalibrated-deployed,0.0016486,0.00127358,0.00206798,0.00163305,87,71,117,0.00164999,0.601683,87,0.0105532,NA,NA,NA,NA,NA,NA,0.602317,0.017639,84,0.619691,0.832046,0,0.35521200000000003,0,Bayes-M14-fill-geo
Saramabila,Maniema,1,FALSE,recalibrated-deployed,0.0016435,0.00104433,0.00234433,0.00159811,87,73,105,0.00164494,0.599839,88,0.0105206,NA,NA,NA,NA,NA,NA,0.635779,0.0185613,74,0.472973,0.550193,0,0.88417,0,Bayes-M14-fill-geo
Ikela,Tshuapa,1,FALSE,recalibrated-deployed,0.00162846,9.8229e-4,0.00240803,0.00157533,89,72,103,0.00162989,0.59435,89,0.0104243,NA,NA,NA,NA,NA,NA,0.617761,0.0178702,80,0.814672,0.179537,0,0.859073,0,Bayes-M14-fill-geo
Yalifafu,Tshuapa,1,FALSE,recalibrated-deployed,0.00160434,9.44166e-4,0.00240941,0.00154812,91,72,105,0.00160574,0.585544,90,0.0102699,NA,NA,NA,NA,NA,NA,0.63964,0.0182291,76,0.766409,0.26834,0,0.88417,0,Bayes-M14-fill-geo
Mubumbano,Sud-Kivu,1,FALSE,recalibrated-deployed,0.00160111,0.00118407,0.00207155,0.00158956,89,71,120,0.00160243,0.584338,91,0.0102492,NA,NA,NA,NA,NA,NA,0.487773,0.013873,105,0.26834,0.940154,0,0.254826,0,Bayes-M14-fill-geo
Lulingu,Sud-Kivu,1,FALSE,recalibrated-deployed,0.00159482,0.00103168,0.00224634,0.00155422,90,76,109,0.00159617,0.582054,92,0.010209,NA,NA,NA,NA,NA,NA,0.821107,0.0232619,58,0.909266,0.810811,0,0.743243,0,Bayes-M14-fill-geo
Omendjadi,Sankuru,1,FALSE,recalibrated-deployed,0.00157121,8.66715e-4,0.0024554,0.00150347,95,70,112,0.00157257,0.57345,93,0.0100578,NA,NA,NA,NA,NA,NA,0.568211,0.015859,94,0.550193,0.23166,0,0.92278,0,Bayes-M14-fill-geo
Bokungu,Tshuapa,1,FALSE,recalibrated-deployed,0.0015684,9.01327e-4,0.00237586,0.00151125,94,74,109,0.00156974,0.572416,94,0.0100398,NA,NA,NA,NA,NA,NA,0.658301,0.0183406,75,0.694981,0.357143,0,0.92278,0,Bayes-M14-fill-geo
Yaleko,Tshopo,1,FALSE,recalibrated-deployed,0.00156161,0.0010553,0.00215832,0.00152852,91,76,116,0.00156289,0.569919,95,0.00999636,NA,NA,NA,NA,NA,NA,0.536036,0.0148696,99,0.638996,0.245174,0,0.723938,0,Bayes-M14-fill-geo
Kalemie,Tanganyika,1,FALSE,recalibrated-deployed,0.00154929,8.80569e-4,0.00234748,0.00150821,93,80,111.05,0.00155059,0.565434,96,0.00991746,NA,NA,NA,NA,NA,NA,0.505148,0.0139022,104,0.671815,0.457529,0,0.3861,0,Bayes-M14-fill-geo
Kabinda,Lomami,1,FALSE,recalibrated-deployed,0.0015215,8.83336e-4,0.00229895,0.00146794,97,78,111,0.00152276,0.555285,97,0.0097396,NA,NA,NA,NA,NA,NA,0.584299,0.0157921,95,0.509653,0.554054,0,0.689189,0,Bayes-M14-fill-geo
Birambizo,Nord-Kivu,1,FALSE,recalibrated-deployed,0.00148986,9.09015e-4,0.00217551,0.00146505,97,69,141,0.00149104,0.54372,98,0.00953706,NA,NA,0.231967,17,NA,NA,0.483269,0.0127899,111,0.403475,0.889961,0,0.156371,0,Bayes-M14-fill-geo
Lodja,Sankuru,1,FALSE,recalibrated-deployed,0.00147974,7.97428e-4,0.00234743,0.00141461,101,76,118,0.00148096,0.540042,99,0.00947229,NA,NA,NA,NA,NA,NA,0.616795,0.0162128,92,0.262548,0.635135,0,0.952703,0,Bayes-M14-fill-geo
Djolu,Tshuapa,1,FALSE,recalibrated-deployed,0.00144206,8.77198e-4,0.00211942,0.00139571,100,84,117,0.00144317,0.526263,100,0.00923105,NA,NA,NA,NA,NA,NA,0.700772,0.0179511,79,0.710425,0.598456,0,0.793436,0,Bayes-M14-fill-geo
Binza Ozone,Kinshasa,1,FALSE,recalibrated-deployed,0.00141703,1.87525e-4,0.00370852,0.00105397,125,48,286.05,0.00141884,0.517389,101,0.00907085,NA,NA,NA,NA,NA,NA,0.202703,0.00510235,204,0.0733591,0.523166,0,0.011583,0,Bayes-M14-fill-geo
Limete,Kinshasa,1,FALSE,recalibrated-deployed,0.00141671,2.24708e-4,0.00346709,0.00110413,120,52,265,0.00141836,0.517217,102,0.00906879,NA,NA,NA,NA,NA,NA,0.0746461,0.00187854,318,0.0405405,0.137066,0,0.046332,0,Bayes-M14-fill-geo
Nyantende,Sud-Kivu,1,FALSE,recalibrated-deployed,0.0014145,9.69105e-4,0.00193574,0.00139524,102,69,153,0.00141554,0.516189,103,0.00905466,NA,NA,NA,NA,NA,NA,0.429215,0.0107847,120,0.148649,0.893822,0,0.245174,0,Bayes-M14-fill-geo
Mulungu,Sud-Kivu,1,FALSE,recalibrated-deployed,0.00140203,9.79614e-4,0.00189784,0.00138084,100,79,133,0.00140305,0.511632,104,0.0089748,NA,NA,NA,NA,NA,NA,0.694337,0.0172925,88,0.861004,0.519305,0,0.702703,0,Bayes-M14-fill-geo
Kaniola,Sud-Kivu,1,FALSE,recalibrated-deployed,0.00137005,0.00105403,0.00172993,0.00135875,104,81,131.05,0.00137101,0.49995,105,0.00877012,NA,NA,NA,NA,NA,NA,0.601673,0.014643,100,0.532819,0.930502,0,0.341699,0,Bayes-M14-fill-geo
Kimbi Lulenge,Sud-Kivu,1,FALSE,recalibrated-deployed,0.00135862,9.0844e-4,0.0018635,0.00133117,104,98,114,0.00135958,0.495783,106,0.00869693,NA,NA,NA,NA,NA,NA,0.734234,0.01772,82,0.84749,0.868726,0,0.486486,0,Bayes-M14-fill-geo
Ndekesha,Kasaï-Central,1,FALSE,recalibrated-deployed,0.00134444,7.19514e-4,0.00215523,0.00127965,109,85,128,0.00134544,0.490626,107,0.00860616,NA,NA,NA,NA,NA,NA,0.541184,0.0129246,110,0.476834,0.449807,0,0.696911,0,Bayes-M14-fill-geo
Ango,Bas-Uele,1,FALSE,recalibrated-deployed,0.00133732,8.59956e-4,0.00189711,0.00130525,104,90,128,0.00133827,0.488008,108,0.0085606,NA,NA,NA,NA,NA,NA,0.945946,0.0224716,62,1,0.859073,0,0.978764,0,Bayes-M14-fill-geo
Dibaya,Kasaï-Central,1,FALSE,recalibrated-deployed,0.00131008,7.15713e-4,0.00206665,0.00125273,111,92,126,0.00131103,0.478076,109,0.00838624,NA,NA,NA,NA,NA,NA,0.443372,0.0103181,125,0.314672,0.447876,0,0.567568,0,Bayes-M14-fill-geo
Yambuku,Mongala,1,FALSE,recalibrated-deployed,0.0012969,8.45072e-4,0.00181809,0.00126779,107,99,124,0.00129779,0.473248,110,0.00830186,NA,NA,NA,NA,NA,NA,0.579151,0.0133423,109,0.548263,0.57529,0,0.6139,0,Bayes-M14-fill-geo
Yahisuli,Tshopo,1,FALSE,recalibrated-deployed,0.00129067,8.5323e-4,0.0017989,0.00126257,108,92,135,0.00129155,0.470972,111,0.00826199,NA,NA,NA,NA,NA,NA,0.469434,0.0107627,121,0.38417,0.0714286,0,0.952703,0,Bayes-M14-fill-geo
Kampene,Maniema,1,FALSE,recalibrated-deployed,0.00128249,8.05111e-4,0.00184902,0.00124668,110,95,131,0.00128337,0.467989,112,0.00820963,NA,NA,NA,NA,NA,NA,0.528314,0.0120359,115,0.525097,0.175676,0,0.88417,0,Bayes-M14-fill-geo
Likati,Bas-Uele,1,FALSE,recalibrated-deployed,0.00128222,8.51393e-4,0.00178725,0.0012553,110,92,137,0.00128308,0.467885,113,0.00820788,NA,NA,NA,NA,NA,NA,0.949807,0.0216336,66,0.994208,0.971042,0,0.88417,0,Bayes-M14-fill-geo
Yamongili,Mongala,1,FALSE,recalibrated-deployed,0.00126356,8.20049e-4,0.00177031,0.00123918,112,107,117,0.0012644,0.461074,114,0.00808845,NA,NA,NA,NA,NA,NA,0.432432,0.00970613,130,0.511583,0.366795,0,0.418919,0,Bayes-M14-fill-geo
Kailo,Maniema,1,FALSE,recalibrated-deployed,0.00125334,7.38859e-4,0.00188087,0.00120928,113,96.95,131,0.00125418,0.457348,115,0.00802299,NA,NA,NA,NA,NA,NA,0.570142,0.0126935,113,0.832046,0.0945946,0,0.783784,0,Bayes-M14-fill-geo
Cilundu,Kasaï-Oriental,1,FALSE,recalibrated-deployed,0.00124537,6.37824e-4,0.00198985,0.0011977,114,95,137,0.00124623,0.454448,116,0.00797198,NA,NA,NA,NA,NA,NA,0.294723,0.00651994,163,0.23166,0.30888,0,0.343629,0,Bayes-M14-fill-geo
Mbulula,Tanganyika,1,FALSE,recalibrated-deployed,0.00123126,7.31112e-4,0.00183625,0.00118849,116,99.95,133,0.00123208,0.449287,117,0.00788168,NA,NA,NA,NA,NA,NA,0.791184,0.0173045,87,0.644788,0.776062,0,0.952703,0,Bayes-M14-fill-geo
Kabalo,Tanganyika,1,FALSE,recalibrated-deployed,0.00122731,6.97175e-4,0.00187864,0.00117859,117,97,134,0.00122813,0.447848,118,0.00785639,NA,NA,NA,NA,NA,NA,0.832046,0.0181399,77,0.903475,0.756757,0,0.835907,0,Bayes-M14-fill-geo
Kalole,Sud-Kivu,1,FALSE,recalibrated-deployed,0.00122507,8.1412e-4,0.0017001,0.00119883,114,98,142,0.00122586,0.44702,119,0.00784208,NA,NA,NA,NA,NA,NA,0.805019,0.0175186,85,0.889961,0.779923,0,0.745174,0,Bayes-M14-fill-geo
Mompono,Tshuapa,1,FALSE,recalibrated-deployed,0.00121466,7.09085e-4,0.00182649,0.00117279,118,101,135,0.00121546,0.443226,120,0.00777541,NA,NA,NA,NA,NA,NA,0.746461,0.0161062,93,0.80888,0.604247,0,0.826255,0,Bayes-M14-fill-geo
Yahuma,Tshopo,1,FALSE,recalibrated-deployed,0.00120861,7.91909e-4,0.00170437,0.00118155,116,108,131,0.00120938,0.44101,121,0.0077367,NA,NA,NA,NA,NA,NA,0.586873,0.0125998,114,0.864865,0.332046,0,0.563707,0,Bayes-M14-fill-geo
Lubumbashi,Haut-Katanga,1,FALSE,recalibrated-deployed,0.00118928,3.59651e-4,0.00233268,0.00106318,123,73,198,0.0011902,0.434016,122,0.00761298,NA,NA,NA,NA,NA,NA,0.147362,0.00311317,266,0.108108,0.210425,0,0.123552,0,Bayes-M14-fill-geo
Tshibala,Kasaï-Central,1,FALSE,recalibrated-deployed,0.00113129,5.92497e-4,0.00183182,0.001074,124,102,142,0.001132,0.412793,123,0.00724171,NA,NA,NA,NA,NA,NA,0.56242,0.0113022,117,0.426641,0.57722,0,0.683398,0,Bayes-M14-fill-geo
Mukumbi,Kasaï-Oriental,1,FALSE,recalibrated-deployed,0.0011049,6.09049e-4,0.00170617,0.00106286,125,112,136,0.00110557,0.403156,124,0.00707283,NA,NA,NA,NA,NA,NA,0.299871,0.0058856,177,0.241313,0.189189,0,0.469112,0,Bayes-M14-fill-geo
Alunguli,Maniema,1,FALSE,recalibrated-deployed,0.0010993,6.66111e-4,0.00162105,0.00106374,124,111,145.05,0.00109995,0.401104,125,0.00703695,NA,NA,NA,NA,NA,NA,0.417632,0.00815532,144,0.173745,0.194981,0,0.88417,0,Bayes-M14-fill-geo
Kamituga,Sud-Kivu,1,FALSE,recalibrated-deployed,0.001068,7.72995e-4,0.00140337,0.00105622,124,113,143,0.00106859,0.389669,126,0.0068366,NA,NA,NA,NA,NA,NA,0.479408,0.00909511,135,0.393822,0.606178,0,0.438224,0,Bayes-M14-fill-geo
Yangala,Kasaï-Central,1,FALSE,recalibrated-deployed,0.00104801,5.57269e-4,0.00167087,9.99133e-4,129,113,145,0.00104862,0.382386,127,0.00670861,NA,NA,NA,NA,NA,NA,0.463964,0.00863734,140,0.592664,0.225869,0,0.573359,0,Bayes-M14-fill-geo
Itebero,Nord-Kivu,1,FALSE,recalibrated-deployed,0.00103663,7.43124e-4,0.00137422,0.00102206,126,107,158,0.00103718,0.378216,128,0.00663576,NA,NA,0.161358,18,NA,NA,0.743243,0.0136863,108,0.911197,0.722008,0,0.596525,0,Bayes-M14-fill-geo
Lingwala,Kinshasa,1,FALSE,recalibrated-deployed,0.00103278,1.40305e-4,0.00267727,7.7538e-4,152,61,318,0.00103372,0.376955,129,0.00661116,NA,NA,NA,NA,NA,NA,0.0431145,7.90977e-4,384,0.023166,0.0907336,0,0.015444,0,Bayes-M14-fill-geo
Bogosenubea,Sud-Ubangi,1,FALSE,recalibrated-deployed,0.00102509,7.14219e-4,0.00139563,0.00100934,128,102,167,0.00102564,0.374006,130,0.00656192,NA,NA,NA,NA,NA,NA,0.547619,0.00997178,129,0.498069,0.303089,0,0.841699,0,Bayes-M14-fill-geo
Mpokolo,Kasaï-Oriental,1,FALSE,recalibrated-deployed,9.91374e-4,5.1646e-4,0.00156779,9.56874e-4,132,121,153,9.91919e-4,0.361711,131,0.0063461,NA,NA,NA,NA,NA,NA,0.386744,0.00681072,157,0.125483,0.687259,0,0.34749,0,Bayes-M14-fill-geo
Lemba,Kinshasa,1,FALSE,recalibrated-deployed,9.88262e-4,1.7129e-4,0.00236887,7.86669e-4,149,70,291.05,9.89039e-4,0.360661,132,0.00632617,NA,NA,NA,NA,NA,NA,0.136422,0.00239491,292,0.0482625,0.30695,0,0.0540541,0,Bayes-M14-fill-geo
Nyunzu,Tanganyika,1,FALSE,recalibrated-deployed,9.75682e-4,5.73966e-4,0.00146254,9.44381e-4,133,121,149,9.76198e-4,0.355978,133,0.00624565,NA,NA,NA,NA,NA,NA,0.803089,0.0139189,103,0.965251,0.833977,0,0.610039,0,Bayes-M14-fill-geo
Kokolo,Kinshasa,1,FALSE,recalibrated-deployed,9.70321e-4,1.328e-4,0.00250453,7.31699e-4,160,65,323,9.71149e-4,0.354137,134,0.00621133,NA,NA,NA,NA,NA,NA,0.289575,0.00499124,207,0.0772201,0.772201,0,0.019305,0,Bayes-M14-fill-geo
Kitutu,Sud-Kivu,1,FALSE,recalibrated-deployed,9.54583e-4,6.85524e-4,0.00125954,9.42885e-4,134,123,153.05,9.55055e-4,0.348268,135,0.00611058,NA,NA,NA,NA,NA,NA,0.669884,0.0113591,116,0.750965,0.805019,0,0.453668,0,Bayes-M14-fill-geo
Kananga,Kasaï-Central,1,FALSE,recalibrated-deployed,9.39838e-4,5.0497e-4,0.00147864,9.00504e-4,139,126,150,9.40326e-4,0.342897,136,0.0060162,NA,NA,NA,NA,NA,NA,0.395109,0.00659633,160,0.142857,0.557915,0,0.484556,0,Bayes-M14-fill-geo
Bili (Nord-Ubangi),Nord-Ubangi,1,FALSE,recalibrated-deployed,9.34564e-4,5.70597e-4,0.0013724,9.03044e-4,135,117,171,9.35032e-4,0.340966,137,0.00598244,NA,NA,NA,NA,NA,NA,0.943372,0.0156612,96,0.92471,0.918919,0,0.986486,0,Bayes-M14-fill-geo
Ndjoko Mpunda,Kasaï,1,FALSE,recalibrated-deployed,9.30986e-4,4.81093e-4,0.00152225,8.81689e-4,140,120,156,9.31473e-4,0.339669,138,0.00595953,NA,NA,NA,NA,NA,NA,0.444015,0.007343,150,0.397683,0.291506,0,0.642857,0,Bayes-M14-fill-geo
Bwamanda,Sud-Ubangi,1,FALSE,recalibrated-deployed,9.1298e-4,6.30188e-4,0.00123683,8.99142e-4,137,115,178,9.13414e-4,0.333083,139,0.00584427,NA,NA,NA,NA,NA,NA,0.622265,0.0100918,128,0.418919,0.739382,0,0.708494,0,Bayes-M14-fill-geo
Lusangi,Maniema,1,FALSE,recalibrated-deployed,8.89178e-4,5.58934e-4,0.00127831,8.64362e-4,139,125,167,8.89598e-4,0.324399,140,0.00569191,NA,NA,NA,NA,NA,NA,0.563063,0.0088936,136,0.565637,0.264479,0,0.859073,0,Bayes-M14-fill-geo
Lolo,Mongala,1,FALSE,recalibrated-deployed,8.83831e-4,6.10291e-4,0.00119371,8.70849e-4,141,128,165,8.84238e-4,0.322444,141,0.00565768,NA,NA,NA,NA,NA,NA,0.421493,0.00661747,159,0.407336,0.326255,0,0.530888,0,Bayes-M14-fill-geo
Bilomba,Kasaï-Central,1,FALSE,recalibrated-deployed,8.71839e-4,4.62746e-4,0.001401,8.31353e-4,144,126,164,8.72263e-4,0.318077,142,0.00558092,NA,NA,NA,NA,NA,NA,0.534106,0.00827172,143,0.337838,0.442085,0,0.822394,0,Bayes-M14-fill-geo
Mumbunda,Haut-Katanga,1,FALSE,recalibrated-deployed,8.678e-4,2.51453e-4,0.00172784,7.6877e-4,151,97,249,8.68296e-4,0.316631,143,0.00555506,NA,NA,NA,NA,NA,NA,0.247104,0.00380918,241,0.119691,0.507722,0,0.1139,0,Bayes-M14-fill-geo
Abuzi,Nord-Ubangi,1,FALSE,recalibrated-deployed,8.60372e-4,5.1378e-4,0.00127948,8.31297e-4,143,130,167,8.60771e-4,0.313886,144,0.00550751,NA,NA,NA,NA,NA,NA,0.953668,0.0145752,101,0.984556,0.905405,0,0.971042,0,Bayes-M14-fill-geo
Lubunga (Kasaï-Central),Kasaï-Central,1,FALSE,recalibrated-deployed,8.55132e-4,4.63012e-4,0.00134743,8.18759e-4,146,129,166,8.55537e-4,0.311978,145,0.00547397,NA,NA,NA,NA,NA,NA,0.613256,0.00931552,132,0.563707,0.465251,0,0.810811,0,Bayes-M14-fill-geo
Samba,Maniema,1,FALSE,recalibrated-deployed,8.42567e-4,5.2485e-4,0.00121976,8.19439e-4,144,132,174.05,8.42946e-4,0.307386,146,0.00539354,NA,NA,NA,NA,NA,NA,0.690476,0.0103344,123,0.752896,0.434363,0,0.88417,0,Bayes-M14-fill-geo
Kalonge,Sud-Kivu,1,FALSE,recalibrated-deployed,8.42229e-4,6.33333e-4,0.00107652,8.33643e-4,146,111.95,207,8.42593e-4,0.307258,147,0.00539137,NA,NA,NA,NA,NA,NA,0.53861,0.00805817,145,0.496139,0.835907,0,0.283784,0,Bayes-M14-fill-geo
Luputa,Lomami,1,FALSE,recalibrated-deployed,8.42022e-4,4.6277e-4,0.00131582,8.07213e-4,147,132,167,8.42413e-4,0.307192,148,0.00539005,NA,NA,NA,NA,NA,NA,0.457529,0.00684343,154,0.330116,0.316602,0,0.725869,0,Bayes-M14-fill-geo
Bonzola,Kasaï-Oriental,1,FALSE,recalibrated-deployed,8.40526e-4,4.30335e-4,0.00134165,8.0816e-4,146,136,171,8.4092e-4,0.306648,149,0.00538047,NA,NA,NA,NA,NA,NA,0.394466,0.0058897,176,0.0926641,0.793436,0,0.297297,0,Bayes-M14-fill-geo
Mulumba,Lomami,1,FALSE,recalibrated-deployed,8.39297e-4,4.77936e-4,0.00128273,8.09104e-4,148,137,157,8.39681e-4,0.306196,150,0.0053726,NA,NA,NA,NA,NA,NA,0.344916,0.00514235,202,0.183398,0.310811,0,0.540541,0,Bayes-M14-fill-geo
Karawa,Nord-Ubangi,1,FALSE,recalibrated-deployed,8.36848e-4,5.74123e-4,0.00114747,8.21721e-4,147,122,191,8.37213e-4,0.305296,151,0.00535693,NA,NA,NA,NA,NA,NA,0.853925,0.012694,112,0.756757,0.972973,0,0.832046,0,Bayes-M14-fill-geo
Kaziba,Sud-Kivu,1,FALSE,recalibrated-deployed,8.29239e-4,6.41573e-4,0.0010430700000000001,8.22125e-4,147,121,193.05,8.29591e-4,0.302516,152,0.00530822,NA,NA,NA,NA,NA,NA,0.47619,0.00701443,153,0.287645,0.783784,0,0.357143,0,Bayes-M14-fill-geo
Mweneditu,Lomami,1,FALSE,recalibrated-deployed,8.16767e-4,4.55205e-4,0.00127132,7.83521e-4,152,139,163,8.17134e-4,0.297974,153,0.00522838,NA,NA,NA,NA,NA,NA,0.37323,0.00541511,194,0.166023,0.38417,0,0.569498,0,Bayes-M14-fill-geo
Idjwi,Sud-Kivu,1,FALSE,recalibrated-deployed,8.13923e-4,3.40718e-4,0.00144955,7.5645e-4,154,93,266,8.14314e-4,0.296946,154,0.00521017,NA,NA,NA,NA,NA,NA,0.400901,0.00579632,178,0.299228,0.822394,0,0.0810811,0,Bayes-M14-fill-geo
Wasolo,Nord-Ubangi,1,FALSE,recalibrated-deployed,8.02938e-4,4.82548e-4,0.00119649,7.74115e-4,151,129,188,8.03285e-4,0.292924,155,0.00513985,NA,NA,NA,NA,NA,NA,0.761261,0.0108579,119,0.554054,0.741313,0,0.988417,0,Bayes-M14-fill-geo
Kinshasa,Kinshasa,1,FALSE,recalibrated-deployed,7.89346e-4,1.08979e-4,0.00203199,5.96533e-4,181,79,338,7.89892e-4,0.28804,156,0.00505285,NA,NA,NA,NA,NA,NA,0.027027,3.78964e-4,414,0.0135135,0.046332,0,0.0212355,0,Bayes-M14-fill-geo
Opala,Tshopo,1,FALSE,recalibrated-deployed,7.81473e-4,4.91184e-4,0.0011242,7.59899e-4,153,138,183,7.81797e-4,0.285088,157,0.00500245,NA,NA,NA,NA,NA,NA,0.569176,0.00790119,147,0.781853,0.0791506,0,0.846525,0,Bayes-M14-fill-geo
Lubondaie,Kasaï-Central,1,FALSE,recalibrated-deployed,7.69655e-4,4.10704e-4,0.00123111,7.3377e-4,157,141,177,7.69985e-4,0.280781,158,0.00492681,NA,NA,NA,NA,NA,NA,0.419562,0.00573621,181,0.382239,0.158301,0,0.718147,0,Bayes-M14-fill-geo
Manono,Tanganyika,1,FALSE,recalibrated-deployed,7.56988e-4,4.12497e-4,0.00118055,7.25792e-4,159,150,166,7.57303e-4,0.276156,159,0.00484572,NA,NA,NA,NA,NA,NA,0.767696,0.0103231,124,0.878378,0.953668,0,0.471042,0,Bayes-M14-fill-geo
Kasansa,Kasaï-Oriental,1,FALSE,recalibrated-deployed,7.5228e-4,4.14165e-4,0.00115964,7.27018e-4,159,153,167,7.5259e-4,0.274438,160,0.00481558,NA,NA,NA,NA,NA,NA,0.446589,0.00596788,174,0.256757,0.669884,0,0.413127,0,Bayes-M14-fill-geo
Haut Plateau,Sud-Kivu,1,FALSE,recalibrated-deployed,7.47237e-4,5.09335e-4,0.00103752,7.32498e-4,158,121,228.05,7.47529e-4,0.272592,161,0.0047833,NA,NA,NA,NA,NA,NA,0.699485,0.00928473,133,0.571429,0.544402,0,0.982625,0,Bayes-M14-fill-geo
Kabongo,Haut-Lomami,1,FALSE,recalibrated-deployed,7.44119e-4,4.01341e-4,0.00117942,7.10412e-4,161,149,174,7.44426e-4,0.27146,162,0.00476334,NA,NA,NA,NA,NA,NA,0.716216,0.00946714,131,0.810811,0.777992,0,0.559846,0,Bayes-M14-fill-geo
Idiofa,Kwilu,1,FALSE,recalibrated-deployed,7.32352e-4,3.62445e-4,0.00123001,6.88583e-4,164.5,142,184,7.32658e-4,0.267169,163,0.00468801,NA,NA,NA,NA,NA,NA,0.648005,0.00843005,142,0.453668,0.749035,0,0.741313,0,Bayes-M14-fill-geo
Kintambo,Kinshasa,1,FALSE,recalibrated-deployed,7.31888e-4,9.76031e-5,0.00191177,0.00054513300000000005,192.5,83.95,350,7.32368e-4,0.267063,164,0.00468504,NA,NA,NA,NA,NA,NA,0.045045,5.85631e-4,398,0.0212355,0.100386,0,0.0135135,0,Bayes-M14-fill-geo
Yalimbongo,Tshopo,1,FALSE,recalibrated-deployed,7.28756e-4,4.76135e-4,0.00101877,7.11437e-4,160,142,196,7.29036e-4,0.265848,165,0.004665,NA,NA,NA,NA,NA,NA,0.428571,0.00554802,187,0.57722,0.0482625,0,0.660232,0,Bayes-M14-fill-geo
Kasa Vubu,Kinshasa,1,FALSE,recalibrated-deployed,7.28574e-4,1.05065e-4,0.0018498,5.54676e-4,189,86,342,7.29032e-4,0.265847,166,0.00466383,NA,NA,NA,NA,NA,NA,0.0592021,7.66201e-4,387,0.030888,0.121622,0,0.0250965,0,Bayes-M14-fill-geo
Kamiji,Lomami,1,FALSE,recalibrated-deployed,7.26566e-4,4.00966e-4,0.00113867,6.9618e-4,163,152,178,7.26856e-4,0.265054,167,0.00465097,NA,NA,NA,NA,NA,NA,0.351351,0.0045347,219,0.339768,0.129344,0,0.584942,0,Bayes-M14-fill-geo
Kimputu,Kwilu,1,FALSE,recalibrated-deployed,7.10725e-4,3.42727e-4,0.0012182,6.67096e-4,168,144,191,7.11016e-4,0.259277,168,0.00454957,NA,NA,NA,NA,NA,NA,0.671815,0.00848171,141,0.492278,0.638996,0,0.88417,0,Bayes-M14-fill-geo
Bominenge,Sud-Ubangi,1,FALSE,recalibrated-deployed,6.93732e-4,4.79957e-4,9.47797e-4,6.81606e-4,166,131,226.05,6.93982e-4,0.253066,169,0.00444079,NA,NA,NA,NA,NA,NA,0.434363,0.00535274,196,0.281853,0.0984556,0,0.92278,0,Bayes-M14-fill-geo
Businga,Nord-Ubangi,1,FALSE,recalibrated-deployed,6.92585e-4,4.57149e-4,9.66714e-4,6.77473e-4,166,141,211,6.92837e-4,0.252648,170,0.00443345,NA,NA,NA,NA,NA,NA,0.904118,0.0111232,118,0.928571,0.861004,0,0.92278,0,Bayes-M14-fill-geo
Mufunga Sampwe,Haut-Katanga,1,FALSE,recalibrated-deployed,6.91798e-4,3.54988e-4,0.00112643,6.55144e-4,170,155,184,6.92067e-4,0.252367,171,0.00442841,NA,NA,NA,NA,NA,NA,0.503218,0.00618397,166,0.818533,0.0888031,0,0.602317,0,Bayes-M14-fill-geo
Moba,Tanganyika,1,FALSE,recalibrated-deployed,6.70791e-4,3.41059e-4,0.00107242,6.42645e-4,173,162,181,6.71042e-4,0.244701,172,0.00429394,NA,NA,NA,NA,NA,NA,0.507722,0.00604986,171,0.617761,0.494208,0,0.411197,0,Bayes-M14-fill-geo
Kalamu 1,Kinshasa,1,FALSE,recalibrated-deployed,6.69818e-4,1.00183e-4,0.0016764,5.14563e-4,202,96,345.05,6.70198e-4,0.244393,173,0.00428771,NA,NA,NA,NA,NA,NA,0.041184,4.90024e-4,403,0.019305,0.0733591,0,0.030888,0,Bayes-M14-fill-geo
Kaniama,Haut-Lomami,1,FALSE,recalibrated-deployed,6.67542e-4,3.60797e-4,0.00105405,6.39288e-4,171,156,196,6.67789e-4,0.243514,174,0.00427314,NA,NA,NA,NA,NA,NA,0.776062,0.00920252,134,0.853282,0.662162,0,0.812741,0,Bayes-M14-fill-geo
Kenge,Kwango,1,FALSE,recalibrated-deployed,6.63562e-4,3.16197e-4,0.00114328,6.21377e-4,176,152,203,6.63816e-4,0.242065,175,0.00424767,NA,NA,NA,NA,NA,NA,0.743243,0.00876081,137,0.6139,0.812741,0,0.803089,0,Bayes-M14-fill-geo
Bunkonde,Kasaï-Central,1,FALSE,recalibrated-deployed,6.62993e-4,3.55407e-4,0.00105955,6.33434e-4,173,158,195,6.63238e-4,0.241855,176,0.00424403,NA,NA,NA,NA,NA,NA,0.469755,0.00553239,189,0.401544,0.277992,0,0.72973,0,Bayes-M14-fill-geo
Kungu,Sud-Ubangi,1,FALSE,recalibrated-deployed,6.54069e-4,4.51272e-4,8.94521e-4,6.43178e-4,173,137,236.05,6.54292e-4,0.238593,177,0.0041869,NA,NA,NA,NA,NA,NA,0.494852,0.00574952,180,0.374517,0.335907,0,0.774131,0,Bayes-M14-fill-geo
Bili (Bas-Uele),Bas-Uele,1,FALSE,recalibrated-deployed,6.53314e-4,4.26773e-4,9.18579e-4,6.38232e-4,172.5,147,218,6.53539e-4,0.238318,178,0.00418207,NA,NA,NA,NA,NA,NA,0.923423,0.0107166,122,0.998069,0.799228,0,0.972973,0,Bayes-M14-fill-geo
Yakoma,Nord-Ubangi,1,FALSE,recalibrated-deployed,6.50332e-4,3.66417e-4,0.00100351,6.19274e-4,175,141,234.05,6.50564e-4,0.237233,179,0.00416298,NA,NA,NA,NA,NA,NA,0.885457,0.010229,127,0.712355,0.947876,0,0.996139,0,Bayes-M14-fill-geo
Lingomo,Tshuapa,1,FALSE,recalibrated-deployed,6.48338e-4,3.94212e-4,9.5395e-4,6.27601e-4,174,154,208,6.48563e-4,0.236504,180,0.00415022,NA,NA,NA,NA,NA,NA,0.750322,0.00864134,139,0.826255,0.586873,0,0.837838,0,Bayes-M14-fill-geo
Kibombo,Maniema,1,FALSE,recalibrated-deployed,6.47694e-4,3.87327e-4,9.62469e-4,6.26076e-4,173,156,205.05,6.4792e-4,0.236269,181,0.00414609,NA,NA,NA,NA,NA,NA,0.615187,0.00707797,152,0.745174,0.17760600000000001,0,0.92278,0,Bayes-M14-fill-geo
Kitangwa,Kasaï,1,FALSE,recalibrated-deployed,6.40637e-4,3.16215e-4,0.00106374,6.02997e-4,179,162,197,6.4087e-4,0.233698,182,0.00410092,NA,NA,NA,NA,NA,NA,0.438224,0.00498701,208,0.633205,0.106178,0,0.57529,0,Bayes-M14-fill-geo
Kitenge,Haut-Lomami,1,FALSE,recalibrated-deployed,6.38165e-4,3.51809e-4,9.99444e-4,6.11608e-4,177,165,197,6.38389e-4,0.232793,183,0.00408509,NA,NA,NA,NA,NA,NA,0.763835,0.00865894,138,0.866795,0.80695,0,0.617761,0,Bayes-M14-fill-geo
Nzaba,Kasaï-Oriental,1,FALSE,recalibrated-deployed,6.20765e-4,3.18226e-4,9.89358e-4,5.96923e-4,179,167,213,6.20979e-4,0.226445,184,0.00397371,NA,NA,NA,NA,NA,NA,0.370656,0.00408724,229,0.104247,0.69305,0,0.314672,0,Bayes-M14-fill-geo
Bongandanga,Mongala,1,FALSE,recalibrated-deployed,6.06938e-4,3.62594e-4,9.02383e-4,5.86457e-4,182,160,217,6.07137e-4,0.221397,185,0.0038852,NA,NA,NA,NA,NA,NA,0.563707,0.00607757,170,0.758687,0.00965251,0,0.92278,0,Bayes-M14-fill-geo
Kabeya Kamwanga,Kasaï-Oriental,1,FALSE,recalibrated-deployed,6.06318e-4,3.32741e-4,9.4328e-4,5.8303e-4,183,178,190,6.0652e-4,0.221172,186,0.00388123,NA,NA,NA,NA,NA,NA,0.395753,0.00426242,225,0.322394,0.391892,0,0.472973,0,Bayes-M14-fill-geo
Binza Meteo,Kinshasa,1,FALSE,recalibrated-deployed,6.03796e-4,8.88054e-5,0.00152349,4.61709e-4,219,103,357,6.04108e-4,0.220292,187,0.00386508,NA,NA,NA,NA,NA,NA,0.341055,0.00365803,247,0.0965251,0.899614,0,0.027027,0,Bayes-M14-fill-geo
Lukonga,Kasaï-Central,1,FALSE,recalibrated-deployed,6.00351e-4,3.16278e-4,9.46642e-4,5.74316e-4,185,177,193,6.00551e-4,0.218995,188,0.00384303,NA,NA,NA,NA,NA,NA,0.43758,0.00466654,217,0.223938,0.642857,0,0.445946,0,Bayes-M14-fill-geo
Lwamba,Haut-Lomami,1,FALSE,recalibrated-deployed,5.93348e-4,3.07008e-4,9.5249e-4,5.65827e-4,187,176,198.05,5.93545e-4,0.216441,189,0.00379821,NA,NA,NA,NA,NA,NA,0.648649,0.00683677,156,0.80695,0.640927,0,0.498069,0,Bayes-M14-fill-geo
Kabambare,Maniema,1,FALSE,recalibrated-deployed,5.91478e-4,3.77322e-4,8.42769e-4,5.75615e-4,186,160,224,5.91663e-4,0.215754,190,0.00378623,NA,NA,NA,NA,NA,NA,0.527027,0.00553737,188,0.835907,0.111969,0,0.633205,0,Bayes-M14-fill-geo
Lusanga,Kwilu,1,FALSE,recalibrated-deployed,5.88628e-4,2.79851e-4,9.95566e-4,5.53785e-4,192,170,212,5.88827e-4,0.21472,191,0.003768,NA,NA,NA,NA,NA,NA,0.565637,0.00591441,175,0.438224,0.72973,0,0.528958,0,Bayes-M14-fill-geo
Kikwit Nord,Kwilu,1,FALSE,recalibrated-deployed,5.88233e-4,2.81981e-4,9.83972e-4,5.56893e-4,191,171,210,5.88431e-4,0.214576,192,0.00376547,NA,NA,NA,NA,NA,NA,0.388674,0.00406132,230,0.123552,0.540541,0,0.501931,0,Bayes-M14-fill-geo
Masina 1,Kinshasa,1,FALSE,recalibrated-deployed,5.80497e-4,1.09665e-4,0.00135776,4.71678e-4,214.5,118,336,5.80757e-4,0.211777,193,0.00371594,NA,NA,NA,NA,NA,NA,0.02574,2.65425e-4,426,0.00772201,0.00772201,0,0.0617761,0,Bayes-M14-fill-geo
Mutoto,Kasaï-Central,1,FALSE,recalibrated-deployed,5.76878e-4,3.05386e-4,9.21011e-4,5.48696e-4,190,179,209,5.77063e-4,0.21043,194,0.00369278,NA,NA,NA,NA,NA,NA,0.458816,0.0047017,215,0.457529,0.361004,0,0.557915,0,Bayes-M14-fill-geo
Mondombe,Tshuapa,1,FALSE,recalibrated-deployed,5.75462e-4,3.3377e-4,8.67673e-4,5.55241e-4,189,168,223,5.75642e-4,0.209912,195,0.00368372,NA,NA,NA,NA,NA,NA,0.63964,0.00653859,162,0.662162,0.372587,0,0.88417,0,Bayes-M14-fill-geo
Boende,Tshuapa,1,FALSE,recalibrated-deployed,5.69245e-4,3.16815e-4,8.80751e-4,5.47337e-4,191,184,203,5.69422e-4,0.207644,196,0.00364391,NA,NA,NA,NA,NA,NA,0.559846,0.00566108,185,0.698842,0.480695,0,0.5,0,Bayes-M14-fill-geo
Kanda Kanda,Lomami,1,FALSE,recalibrated-deployed,5.62328e-4,3.14607e-4,8.69126e-4,5.40061e-4,193,173,222,5.62502e-4,0.20512,197,0.00359964,NA,NA,NA,NA,NA,NA,0.401544,0.00401103,232,0.318533,0.173745,0,0.712355,0,Bayes-M14-fill-geo
Bangabola,Sud-Ubangi,1,FALSE,recalibrated-deployed,5.59224e-4,3.89051e-4,7.62376e-4,5.50866e-4,194,148,262,5.59387e-4,0.203985,198,0.00357977,NA,NA,NA,NA,NA,NA,0.520592,0.00517149,200,0.353282,0.349421,0,0.859073,0,Bayes-M14-fill-geo
Bulape,Kasaï,1,FALSE,recalibrated-deployed,5.54349e-4,2.79469e-4,9.16832e-4,5.24054e-4,199,174,226,5.54523e-4,0.202211,199,0.00354856,NA,NA,NA,NA,NA,NA,0.57529,0.00566502,184,0.706564,0.185328,0,0.833977,0,Bayes-M14-fill-geo
Tshikaji,Kasaï-Central,1,FALSE,recalibrated-deployed,5.54035e-4,2.96404e-4,8.77201e-4,5.28774e-4,197,191,210,5.54205e-4,0.202095,200,0.00354655,NA,NA,NA,NA,NA,NA,0.425997,0.00419253,227,0.187259,0.584942,0,0.505792,0,Bayes-M14-fill-geo
Luebo,Kasaï,1,FALSE,recalibrated-deployed,5.53994e-4,2.92662e-4,8.92217e-4,5.26647e-4,197,177,223,5.54165e-4,0.20208,201,0.00354629,NA,NA,NA,NA,NA,NA,0.580438,0.00571206,182,0.523166,0.511583,0,0.706564,0,Bayes-M14-fill-geo
Mweka,Kasaï,1,FALSE,recalibrated-deployed,5.53766e-4,2.88686e-4,8.99968e-4,5.2488e-4,198,175,225.05,5.53938e-4,0.201998,202,0.00354483,NA,NA,NA,NA,NA,NA,0.673745,0.00662757,158,0.478764,0.723938,0,0.818533,0,Bayes-M14-fill-geo
Mikalayi,Kasaï-Central,1,FALSE,recalibrated-deployed,5.52429e-4,2.94108e-4,8.77011e-4,5.25558e-4,197,187,215,5.52599e-4,0.201509,203,0.00353627,NA,NA,NA,NA,NA,NA,0.526384,0.00516549,201,0.451737,0.581081,0,0.546332,0,Bayes-M14-fill-geo
Katako Kombe,Sankuru,1,FALSE,recalibrated-deployed,5.52244e-4,3.06035e-4,8.60075e-4,5.28997e-4,197,175,226,5.52411e-4,0.201441,204,0.00353508,NA,NA,NA,NA,NA,NA,0.627091,0.00615168,167,0.785714,0.131274,0,0.964286,0,Bayes-M14-fill-geo
Kanzala,Kasaï,1,FALSE,recalibrated-deployed,5.40391e-4,2.50987e-4,9.05922e-4,5.13941e-4,201,182,239,5.40559e-4,0.197119,205,0.00345921,NA,NA,NA,NA,NA,NA,0.272844,0.00261912,287,0.167954,0.312741,0,0.337838,0,Bayes-M14-fill-geo
Mont Ngafula 1,Kinshasa,1,FALSE,recalibrated-deployed,5.37876e-4,9.8008e-5,0.0012695,4.34353e-4,234,123,346,5.38101e-4,0.196223,206,0.00344311,NA,NA,NA,NA,NA,NA,0.275418,0.00263152,286,0.137066,0.631274,0,0.0579151,0,Bayes-M14-fill-geo
Katoka,Kasaï-Central,1,FALSE,recalibrated-deployed,5.289e-4,2.80421e-4,8.36035e-4,5.06842e-4,204,200,213,5.29055e-4,0.192924,207,0.00338565,NA,NA,NA,NA,NA,NA,0.352638,0.0033131,254,0.121622,0.472973,0,0.46332,0,Bayes-M14-fill-geo
Mungindu,Kwilu,1,FALSE,recalibrated-deployed,5.26916e-4,2.52902e-4,8.83981e-4,4.97114e-4,208,189.95,229,5.27074e-4,0.192202,208,0.00337295,NA,NA,NA,NA,NA,NA,0.509009,0.00476429,212,0.469112,0.53668,0,0.521236,0,Bayes-M14-fill-geo
Tshikapa,Kasaï,1,FALSE,recalibrated-deployed,5.21938e-4,2.41442e-4,8.77155e-4,4.96172e-4,207,186,243,5.22094e-4,0.190386,209,0.00334109,NA,NA,NA,NA,NA,NA,0.420849,0.00390192,236,0.272201,0.650579,0,0.339768,0,Bayes-M14-fill-geo
Vanga Kete,Sankuru,1,FALSE,recalibrated-deployed,5.14717e-4,2.804e-4,8.07756e-4,4.9261e-4,207,182.95,236,5.14864e-4,0.187749,210,0.00329487,NA,NA,NA,NA,NA,NA,0.600386,0.00548948,193,0.467181,0.411197,0,0.92278,0,Bayes-M14-fill-geo
Kamwesha,Kasaï,1,FALSE,recalibrated-deployed,5.10823e-4,2.58611e-4,8.21173e-4,4.85952e-4,212,203,226,5.10969e-4,0.186329,211,0.00326993,NA,NA,NA,NA,NA,NA,0.364221,0.00330497,255,0.34556,0.287645,0,0.459459,0,Bayes-M14-fill-geo
Kalomba,Kasaï-Central,1,FALSE,recalibrated-deployed,5.10101e-4,2.62395e-4,8.31459e-4,4.83017e-4,210,189,238,5.10248e-4,0.186066,212,0.00326532,NA,NA,NA,NA,NA,NA,0.392535,0.00355686,249,0.316602,0.146718,0,0.714286,0,Bayes-M14-fill-geo
Matete,Kinshasa,1,FALSE,recalibrated-deployed,5.0994e-4,9.15805e-5,0.00120539,4.11074e-4,244,131,351,5.10144e-4,0.186028,213,0.00326429,NA,NA,NA,NA,NA,NA,0.0656371,5.94567e-4,397,0.0250965,0.11583,0,0.0559846,0,Bayes-M14-fill-geo
Dikungu,Sankuru,1,FALSE,recalibrated-deployed,5.01595e-4,2.78091e-4,7.80965e-4,4.8053e-4,211,186,242,5.01733e-4,0.182961,214,0.0032108699999999998,NA,NA,NA,NA,NA,NA,0.503861,0.00448948,220,0.486486,0.140927,0,0.88417,0,Bayes-M14-fill-geo
Kafakumba,Lualaba,1,FALSE,recalibrated-deployed,4.99854e-4,2.55298e-4,8.22109e-4,4.7376e-4,214,192,244.05,4.99995e-4,0.182327,215,0.00319972,NA,NA,NA,NA,NA,NA,0.619691,0.00550238,191,0.868726,0.202703,0,0.787645,0,Bayes-M14-fill-geo
Kamina,Haut-Lomami,1,FALSE,recalibrated-deployed,4.98755e-4,2.52785e-4,7.97737e-4,4.77965e-4,215,207,232,4.98894e-4,0.181925,216,0.00319268,NA,NA,NA,NA,NA,NA,0.688546,0.00610031,169,0.830116,0.830116,0,0.405405,0,Bayes-M14-fill-geo
Kamana,Lomami,1,FALSE,recalibrated-deployed,4.92668e-4,2.83133e-4,7.48676e-4,4.75826e-4,214,191.95,241,4.928e-4,0.179703,217,0.00315372,NA,NA,NA,NA,NA,NA,0.392535,0.0034353,250,0.530888,0.0173745,0,0.629344,0,Bayes-M14-fill-geo
Mukedi,Kwilu,1,FALSE,recalibrated-deployed,4.8888e-4,2.4752e-4,8.09334e-4,4.61961e-4,220,197,247.05,4.89015e-4,0.178323,218,0.00312947,NA,NA,NA,NA,NA,NA,0.644788,0.00559952,186,0.53668,0.706564,0,0.69112,0,Bayes-M14-fill-geo
Bena Leka,Kasaï-Central,1,FALSE,recalibrated-deployed,4.87331e-4,2.57246e-4,7.83492e-4,4.63599e-4,218,198,243,4.87464e-4,0.177757,219,0.00311956,NA,NA,NA,NA,NA,NA,0.664736,0.00575447,179,0.606178,0.716216,0,0.671815,0,Bayes-M14-fill-geo
Luiza,Kasaï-Central,1,FALSE,recalibrated-deployed,4.87164e-4,2.55915e-4,7.8276e-4,4.63308e-4,219,205,236,4.87296e-4,0.177696,220,0.00311849,NA,NA,NA,NA,NA,NA,0.56242,0.00486707,209,0.480695,0.629344,0,0.57722,0,Bayes-M14-fill-geo
Manika,Lualaba,1,FALSE,recalibrated-deployed,4.86826e-4,1.62192e-4,9.29014e-4,4.40493e-4,230,162,294,4.86975e-4,0.177579,221,0.00311632,NA,NA,NA,NA,NA,NA,0.153153,0.00132444,349,0.0945946,0.222008,0,0.142857,0,Bayes-M14-fill-geo
Diulu,Kasaï-Oriental,1,FALSE,recalibrated-deployed,4.8266e-4,2.5144e-4,7.65168e-4,4.64845e-4,219,201,243,4.82789e-4,0.176053,222,0.00308965,NA,NA,NA,NA,NA,NA,0.348134,0.00298483,271,0.0675676,0.644788,0,0.332046,0,Bayes-M14-fill-geo
Tshamilemba,Haut-Katanga,1,FALSE,recalibrated-deployed,4.80297e-4,1.44172e-4,9.41267e-4,4.27508e-4,237,157,308.05,4.80447e-4,0.175199,223,0.00307453,NA,NA,NA,NA,NA,NA,0.10296,8.78437e-4,381,0.0656371,0.125483,0,0.117761,0,Bayes-M14-fill-geo
Bulungu,Kwilu,1,FALSE,recalibrated-deployed,4.77575e-4,2.30837e-4,8.17109e-4,4.48336e-4,228,198,256,4.77706e-4,0.174199,224,0.00305711,NA,NA,NA,NA,NA,NA,0.60103,0.00509882,205,0.357143,0.679537,0,0.766409,0,Bayes-M14-fill-geo
Demba,Kasaï-Central,1,FALSE,recalibrated-deployed,4.74999e-4,2.468e-4,7.54985e-4,4.5438e-4,224,218,232,4.75125e-4,0.173258,225,0.00304062,NA,NA,NA,NA,NA,NA,0.548906,0.00463151,218,0.465251,0.714286,0,0.467181,0,Bayes-M14-fill-geo
Tshumbe,Sankuru,1,FALSE,recalibrated-deployed,4.72332e-4,2.63888e-4,7.31067e-4,4.53638e-4,222,196,252,4.72455e-4,0.172284,226,0.00302355,NA,NA,NA,NA,NA,NA,0.520914,0.00437064,222,0.544402,0.171815,0,0.846525,0,Bayes-M14-fill-geo
Kalenda,Lomami,1,FALSE,recalibrated-deployed,4.70355e-4,2.56432e-4,7.41794e-4,4.49711e-4,225,211,242,4.70477e-4,0.171563,227,0.00301089,NA,NA,NA,NA,NA,NA,0.384813,0.0032152,260,0.388031,0.187259,0,0.579151,0,Bayes-M14-fill-geo
Malemba Nkulu,Haut-Lomami,1,FALSE,recalibrated-deployed,4.67599e-4,2.41966e-4,7.42642e-4,4.48066e-4,227,221,237,4.67721e-4,0.170558,228,0.00299325,NA,NA,NA,NA,NA,NA,0.519305,0.00431348,224,0.368726,0.766409,0,0.42278,0,Bayes-M14-fill-geo
Maluku 1,Kinshasa,1,FALSE,recalibrated-deployed,4.66816e-4,1.38872e-4,9.37494e-4,4.16388e-4,241,161.95,309,4.66958e-4,0.17028,229,0.00298823,NA,NA,NA,NA,NA,NA,0.309524,0.00256668,289,0.34749,0.451737,0,0.129344,0,Bayes-M14-fill-geo
Lomela,Sankuru,1,FALSE,recalibrated-deployed,4.66126e-4,2.67769e-4,7.06404e-4,4.48324e-4,225,194,255.05,4.66244e-4,0.170019,230,0.00298382,NA,NA,NA,NA,NA,NA,0.634492,0.00525365,197,0.84556,0.135135,0,0.92278,0,Bayes-M14-fill-geo
Kansimba,Tanganyika,1,FALSE,recalibrated-deployed,4.64332e-4,2.55078e-4,7.24024e-4,4.46361e-4,227,222,234,4.6445e-4,0.169365,231,0.00297233,NA,NA,NA,NA,NA,NA,0.732947,0.00604552,172,0.947876,0.774131,0,0.476834,0,Bayes-M14-fill-geo
Vanga,Kwilu,1,FALSE,recalibrated-deployed,4.61158e-4,2.21935e-4,7.9131e-4,4.32799e-4,235,203,263,4.6128e-4,0.168209,232,0.00295202,NA,NA,NA,NA,NA,NA,0.671171,0.00549813,192,0.372587,0.820463,0,0.820463,0,Bayes-M14-fill-geo
Wapinda,Nord-Ubangi,1,FALSE,recalibrated-deployed,4.5957e-4,2.94814e-4,6.52888e-4,4.46586e-4,226,175,269,4.59681e-4,0.167626,233,0.00294185,NA,NA,NA,NA,NA,NA,0.905405,0.0073914,149,0.901544,0.839768,0,0.974903,0,Bayes-M14-fill-geo
Kalambayi Kabanga,Lomami,1,FALSE,recalibrated-deployed,4.59001e-4,2.57868e-4,7.09636e-4,4.42884e-4,230,205,251,4.59117e-4,0.16742,234,0.00293821,NA,NA,NA,NA,NA,NA,0.417632,0.00340518,252,0.455598,0.160232,0,0.637066,0,Bayes-M14-fill-geo
Bokoro,Mai-Ndombe,1,FALSE,recalibrated-deployed,4.58118e-4,2.43801e-4,7.33304e-4,4.36175e-4,232,207,254,4.58235e-4,0.167099,235,0.00293256,NA,NA,NA,NA,NA,NA,0.628057,0.00511103,203,0.687259,0.509653,0,0.687259,0,Bayes-M14-fill-geo
Bandalungwa,Kinshasa,1,FALSE,recalibrated-deployed,4.5572e-4,6.21555e-5,0.00117763,3.432e-4,270,130,388,4.55903e-4,0.166248,236,0.00291721,NA,NA,NA,NA,NA,NA,0.0945946,7.65767e-4,388,0.0328185,0.233591,0,0.0173745,0,Bayes-M14-fill-geo
Barumbu,Kinshasa,1,FALSE,recalibrated-deployed,4.54679e-4,6.47701e-5,0.00115955,3.45751e-4,268,134.95,384,4.54858e-4,0.165867,237,0.00291054,NA,NA,NA,NA,NA,NA,0.0186615,1.50725e-4,438,0.00965251,0.023166,0,0.023166,0,Bayes-M14-fill-geo
Tshilenge,Kasaï-Oriental,1,FALSE,recalibrated-deployed,4.54643e-4,2.28017e-4,7.36218e-4,4.36854e-4,233,202.95,261,4.54759e-4,0.165831,238,0.00291031,NA,NA,NA,NA,NA,NA,0.37323,0.00301425,269,0.189189,0.667954,0,0.262548,0,Bayes-M14-fill-geo
Makanza,Equateur,1,FALSE,recalibrated-deployed,4.52169e-4,2.37178e-4,7.32223e-4,4.29716e-4,236,207,259,4.52284e-4,0.164929,239,0.00289448,NA,NA,NA,NA,NA,NA,0.851995,0.00684337,155,0.953668,0.795367,0,0.80695,0,Bayes-M14-fill-geo
Minga,Sankuru,1,FALSE,recalibrated-deployed,4.47811e-4,2.45935e-4,7.01208e-4,4.28822e-4,236.5,205,260,4.47921e-4,0.163338,240,0.00286658,NA,NA,NA,NA,NA,NA,0.712999,0.00567173,183,0.783784,0.471042,0,0.88417,0,Bayes-M14-fill-geo
Boso Manzi,Mongala,1,FALSE,recalibrated-deployed,4.4457e-4,3.04337e-4,6.09038e-4,4.36186e-4,232,169,294,4.44673e-4,0.162153,241,0.00284583,NA,NA,NA,NA,NA,NA,0.530888,0.00419252,228,0.569498,0.227799,0,0.795367,0,Bayes-M14-fill-geo
Kiambi,Tanganyika,1,FALSE,recalibrated-deployed,4.42385e-4,2.51282e-4,6.79094e-4,4.27251e-4,236,213,257,4.42492e-4,0.161358,242,0.00283185,NA,NA,NA,NA,NA,NA,0.761261,0.00598228,173,0.980695,0.683398,0,0.619691,0,Bayes-M14-fill-geo
Kalonda Ouest,Kasaï,1,FALSE,recalibrated-deployed,4.40152e-4,2.05908e-4,7.32073e-4,4.20166e-4,239,216.95,258,4.40263e-4,0.160545,243,0.00281755,NA,NA,NA,NA,NA,NA,0.298584,0.00233454,294,0.291506,0.250965,0,0.353282,0,Bayes-M14-fill-geo
Ototo,Sankuru,1,FALSE,recalibrated-deployed,4.3924e-4,2.34881e-4,7.01625e-4,4.19426e-4,240,213,263,4.39347e-4,0.160211,244,0.00281171,NA,NA,NA,NA,NA,NA,0.608108,0.00474476,214,0.53861,0.362934,0,0.92278,0,Bayes-M14-fill-geo
Pimu,Mongala,1,FALSE,recalibrated-deployed,4.33424e-4,2.67146e-4,6.30492e-4,4.20492e-4,238,191,274,4.33525e-4,0.158088,245,0.00277448,NA,NA,NA,NA,NA,NA,0.567568,0.00436981,223,0.583012,0.370656,0,0.749035,0,Bayes-M14-fill-geo
Ankoro,Tanganyika,1,FALSE,recalibrated-deployed,4.26142e-4,2.27587e-4,6.7876e-4,4.06099e-4,244,220,265,4.26243e-4,0.155433,246,0.00272787,NA,NA,NA,NA,NA,NA,0.806306,0.00610361,168,0.926641,0.828185,0,0.664093,0,Bayes-M14-fill-geo
Moanza,Kwilu,1,FALSE,recalibrated-deployed,4.25851e-4,2.01392e-4,7.35484e-4,3.97956e-4,246,216,276,4.25956e-4,0.155328,247,0.00272601,NA,NA,NA,NA,NA,NA,0.693372,0.00524513,199,0.598456,0.528958,0,0.952703,0,Bayes-M14-fill-geo
Mont Ngafula 2,Kinshasa,1,FALSE,recalibrated-deployed,4.24799e-4,6.53378e-5,0.00105129,3.28082e-4,276,144,381,4.2495e-4,0.154961,248,0.00271927,NA,NA,NA,NA,NA,NA,0.12677,9.56602e-4,375,0.0849421,0.256757,0,0.03861,0,Bayes-M14-fill-geo
Tshudi Loto,Sankuru,1,FALSE,recalibrated-deployed,4.20852e-4,2.31976e-4,6.58323e-4,4.02712e-4,246,217,270,4.20949e-4,0.153502,249,0.002694,NA,NA,NA,NA,NA,NA,0.564994,0.00422381,226,0.76834,0.003861,0,0.92278,0,Bayes-M14-fill-geo
Djombo,Equateur,1,FALSE,recalibrated-deployed,4.17754e-4,2.46238e-4,6.26292e-4,4.0291e-4,246,206,275,4.17849e-4,0.152372,250,0.00267418,NA,NA,NA,NA,NA,NA,0.873874,0.00648488,165,0.916988,0.781853,0,0.92278,0,Bayes-M14-fill-geo
Monga,Bas-Uele,1,FALSE,recalibrated-deployed,4.1765e-4,2.56295e-4,6.09044e-4,4.04643e-4,245,187,288,4.17743e-4,0.152333,251,0.00267351,NA,NA,NA,NA,NA,NA,0.978121,0.00725666,151,0.982625,0.967181,0,0.984556,0,Bayes-M14-fill-geo
Obokote,Maniema,1,FALSE,recalibrated-deployed,4.13115e-4,2.80685e-4,5.65399e-4,4.06069e-4,242,194,283,4.13204e-4,0.150678,252,0.00264448,NA,NA,NA,NA,NA,NA,0.427928,0.00314032,264,0.723938,0.0328185,0,0.527027,0,Bayes-M14-fill-geo
Katende,Kasaï-Central,1,FALSE,recalibrated-deployed,4.12022e-4,2.21753e-4,6.54991e-4,3.93667e-4,250,222,274,4.12117e-4,0.150281,253,0.00263748,NA,NA,NA,NA,NA,NA,0.687259,0.00503006,206,0.65251,0.648649,0,0.760618,0,Bayes-M14-fill-geo
Bipemba,Kasaï-Oriental,1,FALSE,recalibrated-deployed,4.10727e-4,2.13884e-4,6.5169e-4,3.9582e-4,249,227.95,264,4.1082e-4,0.149809,254,0.00262919,NA,NA,NA,NA,NA,NA,0.20592,0.00150239,338,0.0617761,0.220077,0,0.335907,0,Bayes-M14-fill-geo
Bosondjo,Mongala,1,FALSE,recalibrated-deployed,4.07902e-4,2.42626e-4,6.08487e-4,3.94235e-4,250,218,272.05,4.07991e-4,0.148777,255,0.00261111,NA,NA,NA,NA,NA,NA,0.465251,0.00337112,253,0.561776,0.19305,0,0.640927,0,Bayes-M14-fill-geo
Koshibanda,Kwilu,1,FALSE,recalibrated-deployed,4.01382e-4,1.9939e-4,6.69331e-4,3.77697e-4,255,227,281,4.01473e-4,0.1464,256,0.00256937,NA,NA,NA,NA,NA,NA,0.655084,0.00467075,216,0.519305,0.675676,0,0.77027,0,Bayes-M14-fill-geo
Selembao,Kinshasa,1,FALSE,recalibrated-deployed,3.99034e-4,6.27782e-5,9.80929e-4,3.09631e-4,287,149,386,3.99166e-4,0.145559,257,0.00255434,NA,NA,NA,NA,NA,NA,0.0900901,6.38585e-4,393,0.044401500000000003,0.181467,0,0.044401500000000003,0,Bayes-M14-fill-geo
Bibanga,Kasaï-Oriental,1,FALSE,recalibrated-deployed,3.97467e-4,2.13714e-4,6.1954e-4,3.83941e-4,252.5,244,258,3.97554e-4,0.144971,258,0.00254431,NA,NA,NA,NA,NA,NA,0.39704,0.00280328,280,0.312741,0.488417,0,0.389961,0,Bayes-M14-fill-geo
Mbandaka,Equateur,1,FALSE,recalibrated-deployed,3.95868e-4,1.83207e-4,6.73007e-4,3.73318e-4,256,239,271,3.95959e-4,0.144389,259,0.00253408,NA,NA,NA,NA,NA,NA,0.688546,0.0048419,211,0.640927,0.96332,0,0.46139,0,Bayes-M14-fill-geo
Wangata,Equateur,1,FALSE,recalibrated-deployed,3.95037e-4,1.82292e-4,6.72121e-4,3.73658e-4,257,240,271,3.95127e-4,0.144086,260,0.00252875,NA,NA,NA,NA,NA,NA,0.555985,0.00390151,237,0.233591,0.986486,0,0.447876,0,Bayes-M14-fill-geo
Itombwe,Sud-Kivu,1,FALSE,recalibrated-deployed,3.92025e-4,2.70539e-4,5.3194e-4,3.86267e-4,251,200,294,3.92105e-4,0.142984,261,0.00250947,NA,NA,NA,NA,NA,NA,0.682754,0.00475455,213,0.857143,0.673745,0,0.517375,0,Bayes-M14-fill-geo
Lukelenge,Kasaï-Oriental,1,FALSE,recalibrated-deployed,3.87505e-4,1.99865e-4,6.15837e-4,3.727e-4,258,234,273,3.87589e-4,0.141337,262,0.00248054,NA,NA,NA,NA,NA,NA,0.299871,0.00206417,310,0.0810811,0.5,0,0.318533,0,Bayes-M14-fill-geo
Kikwit Sud,Kwilu,1,FALSE,recalibrated-deployed,3.85766e-4,1.84542e-4,6.45569e-4,3.64688e-4,259,244,275,3.85852e-4,0.140704,263,0.00246941,NA,NA,NA,NA,NA,NA,0.43758,0.00299857,270,0.131274,0.700772,0,0.480695,0,Bayes-M14-fill-geo
Bosobolo,Nord-Ubangi,1,FALSE,recalibrated-deployed,3.83408e-4,2.45437e-4,5.45552e-4,3.72444e-4,258,201,304,3.83485e-4,0.139841,264,0.00245431,NA,NA,NA,NA,NA,NA,0.953024,0.00649078,164,0.936293,0.945946,0,0.976834,0,Bayes-M14-fill-geo
Masi Manimba,Kwilu,1,FALSE,recalibrated-deployed,3.80371e-4,1.83194e-4,6.52429e-4,3.56991e-4,262,233.95,290,3.80454e-4,0.138736,265,0.00243488,NA,NA,NA,NA,NA,NA,0.570785,0.00385667,239,0.332046,0.496139,0,0.88417,0,Bayes-M14-fill-geo
Wembo Nyama,Sankuru,1,FALSE,recalibrated-deployed,3.80137e-4,2.11631e-4,5.90731e-4,3.65079e-4,261,231,286,3.80216e-4,0.138649,266,0.00243338,NA,NA,NA,NA,NA,NA,0.546332,0.00368917,246,0.501931,0.214286,0,0.92278,0,Bayes-M14-fill-geo
Kikimi,Kinshasa,1,FALSE,recalibrated-deployed,3.77144e-4,8.72654e-5,8.2321e-4,3.19959e-4,282,173,354,3.77245e-4,0.137565,267,0.00241422,NA,NA,NA,NA,NA,NA,0.111326,7.4582e-4,389,0.0559846,0.19112,0,0.0868726,0,Bayes-M14-fill-geo
Pangi,Maniema,1,FALSE,recalibrated-deployed,3.71103e-4,2.24883e-4,5.45083e-4,3.5916e-4,264,227,296,3.71177e-4,0.135353,268,0.00237555,NA,NA,NA,NA,NA,NA,0.442085,0.00291429,274,0.608108,0.0559846,0,0.662162,0,Bayes-M14-fill-geo
Ferekeni,Maniema,1,FALSE,recalibrated-deployed,3.7069e-4,2.32189e-4,5.34309e-4,3.60949e-4,264,227,293,3.70763e-4,0.135202,269,0.0023729,NA,NA,NA,NA,NA,NA,0.467181,0.0030763,267,0.772201,0.042471,0,0.586873,0,Bayes-M14-fill-geo
Libenge,Sud-Ubangi,1,FALSE,recalibrated-deployed,3.6438e-4,2.48416e-4,4.9757e-4,3.58113e-4,264,213,306,3.6445e-4,0.132899,270,0.00233251,NA,NA,NA,NA,NA,NA,0.509009,0.00329468,256,0.629344,0.359073,0,0.53861,0,Bayes-M14-fill-geo
Kalonda Est,Lomami,1,FALSE,recalibrated-deployed,3.6248e-4,2.03131e-4,5.61187e-4,3.48984e-4,267,240,289,3.62552e-4,0.132207,271,0.00232035,NA,NA,NA,NA,NA,NA,0.438867,0.00282585,279,0.542471,0.150579,0,0.623552,0,Bayes-M14-fill-geo
Iboko,Equateur,1,FALSE,recalibrated-deployed,3.62423e-4,1.89435e-4,5.88099e-4,3.44082e-4,268,238,293,3.62497e-4,0.132187,272,0.00231998,NA,NA,NA,NA,NA,NA,0.815959,0.00525311,198,0.828185,0.791506,0,0.828185,0,Bayes-M14-fill-geo
Kingabwa,Kinshasa,1,FALSE,recalibrated-deployed,3.59805e-4,6.05228e-5,8.66687e-4,2.84758e-4,296.5,159.95,390,3.59909e-4,0.131244,273,0.00230322,NA,NA,NA,NA,NA,NA,0.0637066,4.07177e-4,412,0.042471,0.0965251,0,0.0521236,0,Bayes-M14-fill-geo
Lualaba,Lualaba,1,FALSE,recalibrated-deployed,3.59658e-4,1.29113e-4,6.7581e-4,3.30248e-4,276,210,320,3.59738e-4,0.131181,274,0.00230228,NA,NA,NA,NA,NA,NA,0.187259,0.00119637,355,0.35521200000000003,0.034749,0,0.171815,0,Bayes-M14-fill-geo
Butumba,Haut-Lomami,1,FALSE,recalibrated-deployed,3.58367e-4,1.77169e-4,5.9653e-4,3.37144e-4,270,245,293,3.58439e-4,0.130708,275,0.00229402,NA,NA,NA,NA,NA,NA,0.612613,0.00389983,238,0.797297,0.415058,0,0.625483,0,Bayes-M14-fill-geo
Mawuya,Sud-Ubangi,1,FALSE,recalibrated-deployed,3.50642e-4,2.47908e-4,4.65076e-4,3.45953e-4,268,221,309,3.50706e-4,0.127888,276,0.00224457,NA,NA,NA,NA,NA,NA,0.353925,0.00220449,302,0.444015,0.239382,0,0.378378,0,Bayes-M14-fill-geo
Loko,Nord-Ubangi,1,FALSE,recalibrated-deployed,3.47857e-4,2.3249e-4,4.82949e-4,3.40268e-4,272,206,322,3.4792e-4,0.126872,277,0.00222674,NA,NA,NA,NA,NA,NA,0.8713,0.00538394,195,0.940154,0.926641,0,0.747104,0,Bayes-M14-fill-geo
Lusambo,Sankuru,1,FALSE,recalibrated-deployed,3.46515e-4,1.8258e-4,5.59277e-4,3.29851e-4,274,243.95,302,3.46582e-4,0.126384,278,0.00221815,NA,NA,NA,NA,NA,NA,0.644466,0.00396692,234,0.681467,0.299228,0,0.952703,0,Bayes-M14-fill-geo
Makota,Lomami,1,FALSE,recalibrated-deployed,3.46009e-4,1.93093e-4,5.36325e-4,3.31814e-4,273,251,291,3.46075e-4,0.126199,279,0.00221491,NA,NA,NA,NA,NA,NA,0.344916,0.00211999,308,0.102317,0.376448,0,0.555985,0,Bayes-M14-fill-geo
Ipamu,Kwilu,1,FALSE,recalibrated-deployed,3.41676e-4,1.63789e-4,5.87555e-4,3.20413e-4,277,247,306,3.41743e-4,0.124619,280,0.00218717,NA,NA,NA,NA,NA,NA,0.727156,0.0044134,221,0.490347,0.76834,0,0.92278,0,Bayes-M14-fill-geo
Mulongo,Haut-Lomami,1,FALSE,recalibrated-deployed,3.40559e-4,1.7384e-4,5.44361e-4,3.26727e-4,276,267,279,3.40623e-4,0.124211,281,0.00218002,NA,NA,NA,NA,NA,NA,0.636422,0.00385008,240,0.747104,0.77027,0,0.391892,0,Bayes-M14-fill-geo
Basankusu,Equateur,1,FALSE,recalibrated-deployed,3.40156e-4,1.82975e-4,5.40879e-4,3.25007e-4,278,246,306,3.4022e-4,0.124064,282,0.00217745,NA,NA,NA,NA,NA,NA,0.912484,0.0055136,190,0.951737,0.862934,0,0.92278,0,Bayes-M14-fill-geo
Tunda,Maniema,1,FALSE,recalibrated-deployed,3.39951e-4,1.96262e-4,5.14926e-4,3.27845e-4,277,240,312,3.40014e-4,0.123989,283,0.00217613,NA,NA,NA,NA,NA,NA,0.611969,0.00369554,245,0.897683,0.0540541,0,0.88417,0,Bayes-M14-fill-geo
Citenge,Kasaï-Oriental,1,FALSE,recalibrated-deployed,3.37936e-4,1.72947e-4,5.39272e-4,3.2484e-4,276,255,290,3.37999e-4,0.123254,284,0.00216323,NA,NA,NA,NA,NA,NA,0.309524,0.00185806,320,0.158301,0.474903,0,0.295367,0,Bayes-M14-fill-geo
Ndjili,Kinshasa,1,FALSE,recalibrated-deployed,3.36143e-4,6.61026e-5,7.73755e-4,2.75667e-4,300.5,178,378.05,3.36228e-4,0.122608,285,0.00215175,NA,NA,NA,NA,NA,NA,0.0649936,3.88084e-4,413,0.027027,0.104247,0,0.0637066,0,Bayes-M14-fill-geo
Bukama,Haut-Lomami,1,FALSE,recalibrated-deployed,3.33358e-4,1.68467e-4,5.36964e-4,3.1899e-4,279,272,286,3.33421e-4,0.121584,286,0.00213393,NA,NA,NA,NA,NA,NA,0.635135,0.00376105,242,0.714286,0.762548,0,0.428571,0,Bayes-M14-fill-geo
Bolomba,Equateur,1,FALSE,recalibrated-deployed,3.32683e-4,1.77405e-4,5.31786e-4,3.16802e-4,282,252,305,3.32744e-4,0.121338,287,0.00212961,NA,NA,NA,NA,NA,NA,0.82175,0.00485626,210,0.957529,0.853282,0,0.65444,0,Bayes-M14-fill-geo
Masina 2,Kinshasa,1,FALSE,recalibrated-deployed,3.32283e-4,6.84818e-5,7.4854e-4,2.75122e-4,302,182,374.05,3.32365e-4,0.121199,288,0.00212705,NA,NA,NA,NA,NA,NA,0.0353925,2.08906e-4,432,0.0173745,0.019305,0,0.0694981,0,Bayes-M14-fill-geo
Mosango,Kwilu,1,FALSE,recalibrated-deployed,3.31569e-4,1.61038e-4,5.65052e-4,3.11433e-4,283,251,310,3.31632e-4,0.120932,289,0.00212247,NA,NA,NA,NA,NA,NA,0.686615,0.00404407,231,0.546332,0.737452,0,0.776062,0,Bayes-M14-fill-geo
Boko,Kwango,1,FALSE,recalibrated-deployed,3.29033e-4,1.53758e-4,5.63637e-4,3.07484e-4,284,254,310,3.29096e-4,0.120007,290,0.00210624,NA,NA,NA,NA,NA,NA,0.682754,0.00399058,233,0.733591,0.610039,0,0.704633,0,Bayes-M14-fill-geo
Gungu,Kwilu,1,FALSE,recalibrated-deployed,3.23811e-4,1.559e-4,5.40025e-4,3.06327e-4,285,269.95,298,3.23871e-4,0.118102,291,0.00207282,NA,NA,NA,NA,NA,NA,0.564994,0.00324988,258,0.505792,0.696911,0,0.492278,0,Bayes-M14-fill-geo
Mukanga,Haut-Lomami,1,FALSE,recalibrated-deployed,3.22762e-4,1.7012e-4,5.1544e-4,3.07032e-4,287,266,296,3.2282e-4,0.117719,292,0.0020661,NA,NA,NA,NA,NA,NA,0.631918,0.00362305,248,0.685328,0.69112,0,0.519305,0,Bayes-M14-fill-geo
Befale,Tshuapa,1,FALSE,recalibrated-deployed,3.22136e-4,1.8601e-4,4.88854e-4,3.10496e-4,287,248.95,317,3.22193e-4,0.11749,293,0.0020621,NA,NA,NA,NA,NA,NA,0.685972,0.00392535,235,0.882239,0.490347,0,0.685328,0,Bayes-M14-fill-geo
Kansele,Kasaï-Oriental,1,FALSE,recalibrated-deployed,3.19942e-4,1.65919e-4,5.07127e-4,3.07883e-4,284,267,295,3.19999e-4,0.11669,294,0.00204805,NA,NA,NA,NA,NA,NA,0.324968,0.0018469,322,0.0540541,0.596525,0,0.324324,0,Bayes-M14-fill-geo
Yasa Bonga,Kwilu,1,FALSE,recalibrated-deployed,3.19879e-4,1.52096e-4,5.51682e-4,2.99424e-4,289,257,314,3.19938e-4,0.116668,295,0.00204764,NA,NA,NA,NA,NA,NA,0.560811,0.00318664,261,0.303089,0.532819,0,0.846525,0,Bayes-M14-fill-geo
Boto,Sud-Ubangi,1,FALSE,recalibrated-deployed,3.15166e-4,2.14323e-4,4.28603e-4,3.09297e-4,285.5,232,331,3.15218e-4,0.114947,296,0.00201748,NA,NA,NA,NA,NA,NA,0.479408,0.00268397,284,0.328185,0.517375,0,0.592664,0,Bayes-M14-fill-geo
Dibindi,Kasaï-Oriental,1,FALSE,recalibrated-deployed,3.06221e-4,1.57578e-4,4.86759e-4,2.94436e-4,290,273,302,3.06273e-4,0.111685,297,0.00196021,NA,NA,NA,NA,NA,NA,0.215573,0.00117263,363,0.03861,0.295367,0,0.312741,0,Bayes-M14-fill-geo
Maluku 2,Kinshasa,1,FALSE,recalibrated-deployed,3.05071e-4,1.37518e-4,5.2687e-4,2.87164e-4,294,276,307,3.05126e-4,0.111266,298,0.00195286,NA,NA,NA,NA,NA,NA,0.557915,0.00302344,268,0.683398,0.546332,0,0.444015,0,Bayes-M14-fill-geo
Djuma,Kwilu,1,FALSE,recalibrated-deployed,2.97315e-4,1.41315e-4,5.12834e-4,2.78265e-4,299,265,323,2.97366e-4,0.108437,299,0.00190321,NA,NA,NA,NA,NA,NA,0.700772,0.00370106,244,0.482625,0.735521,0,0.88417,0,Bayes-M14-fill-geo
Muya,Kasaï-Oriental,1,FALSE,recalibrated-deployed,2.96113e-4,1.54205e-4,4.69759e-4,2.85289e-4,295,281,305,2.96162e-4,0.107998,300,0.00189551,NA,NA,NA,NA,NA,NA,0.33269,0.00174997,327,0.0752896,0.588803,0,0.333977,0,Bayes-M14-fill-geo
Kabondo Dianda,Haut-Lomami,1,FALSE,recalibrated-deployed,2.95455e-4,1.51304e-4,4.77731e-4,2.80829e-4,297,281,307,2.95504e-4,0.107758,301,0.0018913,NA,NA,NA,NA,NA,NA,0.547619,0.0028741,276,0.588803,0.571429,0,0.482625,0,Bayes-M14-fill-geo
Bena Dibele,Sankuru,1,FALSE,recalibrated-deployed,2.88247e-4,1.52359e-4,4.64289e-4,2.74716e-4,301,265,326,2.88294e-4,0.105128,302,0.00184516,NA,NA,NA,NA,NA,NA,0.545689,0.0027941,281,0.621622,0.156371,0,0.859073,0,Bayes-M14-fill-geo
Lubilanji,Kasaï-Oriental,1,FALSE,recalibrated-deployed,2.87987e-4,1.47936e-4,4.58929e-4,2.76749e-4,299,282,310,2.88033e-4,0.105033,303,0.00184349,NA,NA,NA,NA,NA,NA,0.225869,0.00115547,364,0.034749,0.339768,0,0.303089,0,Bayes-M14-fill-geo
Muetshi,Kasaï-Central,1,FALSE,recalibrated-deployed,2.86643e-4,1.51231e-4,4.62814e-4,2.72939e-4,302,267,327,2.86689e-4,0.104543,304,0.00183489,NA,NA,NA,NA,NA,NA,0.638996,0.00325365,257,0.61583,0.53861,0,0.762548,0,Bayes-M14-fill-geo
Kampemba,Haut-Katanga,1,FALSE,recalibrated-deployed,2.83044e-4,8.19406e-5,5.63387e-4,2.50882e-4,314,229.95,359,2.83097e-4,0.103233,305,0.00181185,NA,NA,NA,NA,NA,NA,0.0707851,3.559e-4,418,0.0598456,0.0366795,0,0.11583,0,Bayes-M14-fill-geo
Kole,Sankuru,1,FALSE,recalibrated-deployed,2.82831e-4,1.47953e-4,4.58735e-4,2.68583e-4,305,270,330,2.82876e-4,0.103153,306,0.00181049,NA,NA,NA,NA,NA,NA,0.640283,0.00321685,259,0.776062,0.260618,0,0.88417,0,Bayes-M14-fill-geo
Pendjwa,Mai-Ndombe,1,FALSE,recalibrated-deployed,2.76959e-4,1.41165e-4,4.55968e-4,2.62487e-4,307,273,333,2.77002e-4,0.101011,307,0.0017729,NA,NA,NA,NA,NA,NA,0.575933,0.00283347,278,0.700772,0.212355,0,0.814672,0,Bayes-M14-fill-geo
Luozi,Kongo-Central,1,FALSE,recalibrated-deployed,2.76359e-4,1.18859e-4,4.89169e-4,2.57604e-4,307,287,323,2.76404e-4,0.100793,308,0.00176906,NA,NA,NA,NA,NA,NA,0.698842,0.00343071,251,0.735521,0.8861,0,0.474903,0,Bayes-M14-fill-geo
Kimvula,Kongo-Central,1,FALSE,recalibrated-deployed,2.76131e-4,1.21862e-4,4.8389e-4,2.55663e-4,307,285,326,2.76176e-4,0.10071,309,0.0017676,NA,NA,NA,NA,NA,NA,0.758687,0.00372143,243,0.862934,0.878378,0,0.534749,0,Bayes-M14-fill-geo
Tshikula,Kasaï-Central,1,FALSE,recalibrated-deployed,2.7127e-4,1.47511e-4,4.30505e-4,2.59694e-4,309,279,331,2.71311e-4,0.0989356,310,0.00173649,NA,NA,NA,NA,NA,NA,0.439511,0.00211789,309,0.391892,0.318533,0,0.608108,0,Bayes-M14-fill-geo
Kakenge,Kasaï,1,FALSE,recalibrated-deployed,2.68478e-4,1.39535e-4,4.36739e-4,2.54718e-4,311,277,336,2.68518e-4,0.097917100000000007,311,0.00171861,NA,NA,NA,NA,NA,NA,0.60296,0.0028756,275,0.57529,0.478764,0,0.754826,0,Bayes-M14-fill-geo
Luambo,Kasaï-Central,1,FALSE,recalibrated-deployed,2.68107e-4,1.31237e-4,4.38247e-4,2.55653e-4,309,299,314,2.68147e-4,0.097782,312,0.00171624,NA,NA,NA,NA,NA,NA,0.502574,0.00239354,293,0.534749,0.565637,0,0.407336,0,Bayes-M14-fill-geo
Djalo Ndjeka,Sankuru,1,FALSE,recalibrated-deployed,2.65208e-4,1.48641e-4,4.10245e-4,2.54881e-4,312,271,342,2.65246e-4,0.0967241,313,0.00169768,NA,NA,NA,NA,NA,NA,0.45045,0.0021221,307,0.359073,0.0694981,0,0.92278,0,Bayes-M14-fill-geo
Bokonzi,Sud-Ubangi,1,FALSE,recalibrated-deployed,2.6224e-4,1.84987e-4,3.48519e-4,2.58781e-4,306,260,346,2.62276e-4,0.095641,314,0.00167868,NA,NA,NA,NA,NA,NA,0.314672,0.00146585,342,0.430502,0.0830116,0,0.430502,0,Bayes-M14-fill-geo
Boso Mondanda,Mongala,1,FALSE,recalibrated-deployed,2.58496e-4,1.50404e-4,3.88665e-4,2.49324e-4,314,269,348,2.58532e-4,0.0942755,315,0.00165471,NA,NA,NA,NA,NA,NA,0.495495,0.00227523,299,0.586873,0.148649,0,0.750965,0,Bayes-M14-fill-geo
Tshishimbi,Kasaï-Oriental,1,FALSE,recalibrated-deployed,2.5752e-4,1.28906e-4,4.18106e-4,2.47237e-4,312,294,324,2.57558e-4,0.0939203,316,0.00164847,NA,NA,NA,NA,NA,NA,0.232304,0.00106267,371,0.179537,0.247104,0,0.27027,0,Bayes-M14-fill-geo
Mokala,Kwilu,1,FALSE,recalibrated-deployed,2.5729e-4,1.20316e-4,4.45655e-4,2.40175e-4,315,283,342,2.57328e-4,0.0938367,317,0.00164699,NA,NA,NA,NA,NA,NA,0.682432,0.00311899,265,0.42278,0.671815,0,0.952703,0,Bayes-M14-fill-geo
Wikong,Lomami,1,FALSE,recalibrated-deployed,2.49387e-4,1.33724e-4,3.97592e-4,2.38233e-4,318,282,348,2.49421e-4,0.0909533,318,0.0015964,NA,NA,NA,NA,NA,NA,0.488417,0.00216369,305,0.252896,0.42278,0,0.789575,0,Bayes-M14-fill-geo
Miabi,Kasaï-Oriental,1,FALSE,recalibrated-deployed,2.4874e-4,1.20314e-4,4.08683e-4,2.37538e-4,317,299,330,2.48775e-4,0.0907176,319,0.00159226,NA,NA,NA,NA,NA,NA,0.378378,0.00167187,337,0.22973,0.65251,0,0.252896,0,Bayes-M14-fill-geo
Mobayi Mbongo,Nord-Ubangi,1,FALSE,recalibrated-deployed,2.46119e-4,1.59976e-4,3.4482e-4,2.41318e-4,315,279,345,2.46151e-4,0.0897608,320,0.00157549,NA,NA,NA,NA,NA,NA,0.727799,0.00318192,262,0.932432,0.816602,0,0.434363,0,Bayes-M14-fill-geo
Kasaji,Lualaba,1,FALSE,recalibrated-deployed,2.44844e-4,1.18958e-4,4.08984e-4,2.31633e-4,320,298,335,2.44878e-4,0.0892966,321,0.00156732,NA,NA,NA,NA,NA,NA,0.619691,0.00269523,283,0.855212,0.492278,0,0.511583,0,Bayes-M14-fill-geo
Kenya,Haut-Katanga,1,FALSE,recalibrated-deployed,2.44024e-4,6.88012e-5,4.93212e-4,2.14665e-4,328,250.95,376,2.44064e-4,0.0889998,322,0.00156208,NA,NA,NA,NA,NA,NA,0.0759331,3.29152e-4,419,0.110039,0.011583,0,0.106178,0,Bayes-M14-fill-geo
Fungurume,Lualaba,1,FALSE,recalibrated-deployed,2.43687e-4,9.29699e-5,4.43471e-4,2.25587e-4,325,281,346,2.43723e-4,0.0888753,323,0.00155991,NA,NA,NA,NA,NA,NA,0.208494,9.02522e-4,378,0.266409,0.162162,0,0.196911,0,Bayes-M14-fill-geo
Ilebo,Kasaï,1,FALSE,recalibrated-deployed,2.43032e-4,1.18579e-4,3.99692e-4,2.3143e-4,320,308,327,2.43065e-4,0.0886355,324,0.00155572,NA,NA,NA,NA,NA,NA,0.418919,0.00180853,324,0.216216,0.6139,0,0.426641,0,Bayes-M14-fill-geo
Kinkondja,Haut-Lomami,1,FALSE,recalibrated-deployed,2.39592e-4,1.25649e-4,3.86974e-4,2.27888e-4,322,290,346,2.39624e-4,0.0873807,325,0.0015337,NA,NA,NA,NA,NA,NA,0.651866,0.00277436,282,0.727799,0.627413,0,0.600386,0,Bayes-M14-fill-geo
Ngiri Ngiri,Kinshasa,1,FALSE,recalibrated-deployed,2.37545e-4,3.50814e-5,5.98449e-4,1.81876e-4,342,210.95,411,2.37593e-4,0.0866402,326,0.0015206,NA,NA,NA,NA,NA,NA,0.037323,1.57491e-4,437,0.015444,0.0675676,0,0.0289575,0,Bayes-M14-fill-geo
Monkoto,Tshuapa,1,FALSE,recalibrated-deployed,2.37327e-4,1.24817e-4,3.83665e-4,2.2588e-4,325,286,351,2.37359e-4,0.0865547,327,0.00151921,NA,NA,NA,NA,NA,NA,0.746461,0.00314693,263,0.949807,0.405405,0,0.88417,0,Bayes-M14-fill-geo
Gbadolite,Nord-Ubangi,1,FALSE,recalibrated-deployed,2.33255e-4,1.5025e-4,3.28314e-4,2.30078e-4,320,288,350,2.33284e-4,0.0850688,328,0.00149314,NA,NA,NA,NA,NA,NA,0.69112,0.00286363,277,0.791506,0.965251,0,0.316602,0,Bayes-M14-fill-geo
Bolenge,Equateur,1,FALSE,recalibrated-deployed,2.30027e-4,1.08825e-4,3.89536e-4,2.17022e-4,327,307,343,2.30057e-4,0.083892,329,0.00147247,NA,NA,NA,NA,NA,NA,0.71879,0.00293706,272,0.795367,0.851351,0,0.509653,0,Bayes-M14-fill-geo
Mikope,Kasaï,1,FALSE,recalibrated-deployed,2.29083e-4,1.09589e-4,3.88353e-4,2.14427e-4,328,296,350,2.29113e-4,0.0835477,330,0.00146643,NA,NA,NA,NA,NA,NA,0.532819,0.0021682200000000002,304,0.677606,0.27027,0,0.650579,0,Bayes-M14-fill-geo
Pweto,Haut-Katanga,1,FALSE,recalibrated-deployed,2.24495e-4,1.09602e-4,3.66973e-4,2.15054e-4,327,321,333,2.24523e-4,0.0818741,331,0.00143706,NA,NA,NA,NA,NA,NA,0.469112,0.00187075,319,0.799228,0.258687,0,0.349421,0,Bayes-M14-fill-geo
Bagata,Kwilu,1,FALSE,recalibrated-deployed,2.1817e-4,1.02155e-4,3.76594e-4,2.03258e-4,332,302,355,2.18197e-4,0.0795672,332,0.00139657,NA,NA,NA,NA,NA,NA,0.684685,0.00265349,285,0.679537,0.694981,0,0.679537,0,Bayes-M14-fill-geo
Kilwa,Haut-Katanga,1,FALSE,recalibrated-deployed,2.15463e-4,1.00141e-4,3.61758e-4,2.04831e-4,333,328,337,2.15489e-4,0.0785798,333,0.00137924,NA,NA,NA,NA,NA,NA,0.501931,0.00192109,317,0.749035,0.389961,0,0.366795,0,Bayes-M14-fill-geo
Police,Kinshasa,1,FALSE,recalibrated-deployed,2.11055e-4,4.29821e-5,4.78699e-4,1.74337e-4,348,250.95,404,2.11089e-4,0.0769751,334,0.00135103,NA,NA,NA,NA,NA,NA,0.0637066,2.38843e-4,429,0.046332,0.0772201,0,0.0675676,0,Bayes-M14-fill-geo
Dekese,Kasaï,1,FALSE,recalibrated-deployed,2.08908e-4,1.04997e-4,3.47034e-4,1.96751e-4,335,302,361,2.08932e-4,0.0761887,335,0.00133728,NA,NA,NA,NA,NA,NA,0.617761,0.00229248,298,0.918919,0.218147,0,0.716216,0,Bayes-M14-fill-geo
Ingende,Equateur,1,FALSE,recalibrated-deployed,2.0779e-4,1.11289e-4,3.31011e-4,1.98145e-4,334,304,360,2.07814e-4,0.0757809,336,0.00133013,NA,NA,NA,NA,NA,NA,0.794723,0.00293341,273,0.920849,0.857143,0,0.606178,0,Bayes-M14-fill-geo
Pania Mutombo,Sankuru,1,FALSE,recalibrated-deployed,2.07565e-4,1.138e-4,3.24738e-4,1.98811e-4,335,297,367.05,2.07589e-4,0.0756988,337,0.00132869,NA,NA,NA,NA,NA,NA,0.548906,0.00202388,312,0.741313,0.123552,0,0.781853,0,Bayes-M14-fill-geo
Pay Kongila,Kwilu,1,FALSE,recalibrated-deployed,2.06509e-4,9.74502e-5,3.51575e-4,1.92794e-4,337,311.95,359,2.06534e-4,0.075314,338,0.00132193,NA,NA,NA,NA,NA,NA,0.598456,0.00219535,303,0.513514,0.646718,0,0.635135,0,Bayes-M14-fill-geo
Feshi,Kwango,1,FALSE,recalibrated-deployed,2.04102e-4,9.63106e-5,3.51977e-4,1.90817e-4,338,307.95,364,2.04126e-4,0.0744361,339,0.00130652,NA,NA,NA,NA,NA,NA,0.677606,0.00245673,290,0.73166,0.542471,0,0.758687,0,Bayes-M14-fill-geo
Kikongo,Kwilu,1,FALSE,recalibrated-deployed,2.01311e-4,9.26885e-5,3.46589e-4,1.87363e-4,340,312,366,2.01334e-4,0.0734181,340,0.00128865,NA,NA,NA,NA,NA,NA,0.669884,0.00239551,291,0.696911,0.602317,0,0.710425,0,Bayes-M14-fill-geo
Songa,Haut-Lomami,1,FALSE,recalibrated-deployed,2.0035e-4,1.06712e-4,3.21008e-4,1.90938e-4,339,311,364,2.00372e-4,0.0730673,341,0.0012825,NA,NA,NA,NA,NA,NA,0.630631,0.00224438,301,0.934363,0.353282,0,0.604247,0,Bayes-M14-fill-geo
Sandoa,Lualaba,1,FALSE,recalibrated-deployed,1.97699e-4,9.52266e-5,3.32196e-4,1.85226e-4,341,318,362,1.97721e-4,0.0721004,342,0.00126553,NA,NA,NA,NA,NA,NA,0.738095,0.00259208,288,0.942085,0.681467,0,0.590734,0,Bayes-M14-fill-geo
Kingasani,Kinshasa,1,FALSE,recalibrated-deployed,1.96909e-4,4.16158e-5,4.41322e-4,1.63871e-4,354,264,406,1.96938e-4,0.0718149,343,0.00126048,NA,NA,NA,NA,NA,NA,0.0392535,1.37302e-4,440,0.00579151,0.0405405,0,0.0714286,0,Bayes-M14-fill-geo
Inongo,Mai-Ndombe,1,FALSE,recalibrated-deployed,1.96471e-4,9.64194e-5,3.31439e-4,1.84384e-4,342,312,369,1.96493e-4,0.0716526,344,0.00125767,NA,NA,NA,NA,NA,NA,0.660232,0.00230423,297,0.764479,0.293436,0,0.92278,0,Bayes-M14-fill-geo
Gombe Matadi,Kongo-Central,1,FALSE,recalibrated-deployed,1.95565e-4,6.38391e-5,3.83104e-4,1.76206e-4,347,312.95,374,1.9559e-4,0.0713232,345,0.00125187,NA,NA,NA,NA,NA,NA,0.553411,0.00192252,315,0.69112,0.785714,0,0.183398,0,Bayes-M14-fill-geo
Sakania,Haut-Katanga,1,FALSE,recalibrated-deployed,1.9395e-4,6.09044e-5,3.80366e-4,1.7394e-4,349,302.95,384,1.93974e-4,0.0707342,346,0.00124154,NA,NA,NA,NA,NA,NA,0.370013,0.00127479,350,0.737452,0.235521,0,0.137066,0,Bayes-M14-fill-geo
Dilala,Lualaba,1,FALSE,recalibrated-deployed,1.91315e-4,6.12937e-5,3.69343e-4,1.72695e-4,349,307.9,385,1.91339e-4,0.0697731,347,0.00122467,NA,NA,NA,NA,NA,NA,0.179537,6.10148e-4,394,0.150579,0.254826,0,0.133205,0,Bayes-M14-fill-geo
Kapanga,Lualaba,1,FALSE,recalibrated-deployed,1.87909e-4,9.08474e-5,3.08691e-4,1.78951e-4,346,336,354,1.87929e-4,0.0685299,348,0.00120287,NA,NA,NA,NA,NA,NA,0.548263,0.00183008,323,0.851351,0.393822,0,0.399614,0,Bayes-M14-fill-geo
Busanga,Tshuapa,1,FALSE,recalibrated-deployed,1.87066e-4,1.04962e-4,2.8933e-4,1.79752e-4,344,305,377.05,1.87085e-4,0.068222,349,0.00119747,NA,NA,NA,NA,NA,NA,0.593629,0.00197261,313,0.660232,0.167954,0,0.952703,0,Bayes-M14-fill-geo
Mushenge,Kasaï,1,FALSE,recalibrated-deployed,1.85991e-4,9.58789e-5,3.0418e-4,1.76175e-4,346,319,372.05,1.8601e-4,0.06783,350,0.00119058,NA,NA,NA,NA,NA,NA,0.430502,0.00142232,345,0.594595,0.0656371,0,0.631274,0,Bayes-M14-fill-geo
Panzi,Kwango,1,FALSE,recalibrated-deployed,1.85883e-4,8.51825e-5,3.2281e-4,1.73106e-4,348,319,374,1.85904e-4,0.067791100000000007,351,0.0011899,NA,NA,NA,NA,NA,NA,0.698198,0.00230543,296,0.754826,0.583012,0,0.756757,0,Bayes-M14-fill-geo
Bobozo,Kasaï-Central,1,FALSE,recalibrated-deployed,1.83607e-4,9.75674e-5,2.90246e-4,1.75768e-4,347,327,367,1.83625e-4,0.0669604,352,0.00117532,NA,NA,NA,NA,NA,NA,0.311454,0.00101582,372,0.160232,0.285714,0,0.488417,0,Bayes-M14-fill-geo
Kalamba,Lualaba,1,FALSE,recalibrated-deployed,1.80616e-4,9.53204e-5,2.90225e-4,1.71704e-4,350,317,377.05,1.80635e-4,0.0658697,353,0.00115618,NA,NA,NA,NA,NA,NA,0.605534,0.0019428,314,0.880309,0.237452,0,0.698842,0,Bayes-M14-fill-geo
Kimpese,Kongo-Central,1,FALSE,recalibrated-deployed,1.73301e-4,6.13315e-5,3.27625e-4,1.59823e-4,357,336,375,1.7332e-4,0.0632025,354,0.00110936,NA,NA,NA,NA,NA,NA,0.659588,0.00203052,311,0.789575,0.976834,0,0.212355,0,Bayes-M14-fill-geo
Ruashi,Haut-Katanga,1,FALSE,recalibrated-deployed,1.73174e-4,5.20503e-5,3.39891e-4,1.54536e-4,359,316.95,394.05,1.73194e-4,0.0631564,355,0.00110854,NA,NA,NA,NA,NA,NA,0.0939511,2.89013e-4,422,0.0984556,0.0637066,0,0.119691,0,Bayes-M14-fill-geo
Kayamba,Haut-Lomami,1,FALSE,recalibrated-deployed,1.73126e-4,9.38833e-5,2.74002e-4,1.6545e-4,353,324,379,1.73142e-4,0.0631377,356,0.00110823,NA,NA,NA,NA,NA,NA,0.570142,0.00175338,326,0.702703,0.418919,0,0.588803,0,Bayes-M14-fill-geo
Kisenso,Kinshasa,1,FALSE,recalibrated-deployed,1.72438e-4,3.2506e-5,4.03571e-4,1.40065e-4,374,276.95,413,1.72461e-4,0.0628891,357,0.00110383,NA,NA,NA,NA,NA,NA,0.0785071,2.40477e-4,428,0.0366795,0.138996,0,0.0598456,0,Bayes-M14-fill-geo
Kisantu,Kongo-Central,1,FALSE,recalibrated-deployed,1.70686e-4,5.63765e-5,3.31402e-4,1.54429e-4,361,328,387,1.70704e-4,0.0622485,358,0.00109261,NA,NA,NA,NA,NA,NA,0.557272,0.00168965,334,0.503861,0.990347,0,0.17760600000000001,0,Bayes-M14-fill-geo
Kimbao,Kwango,1,FALSE,recalibrated-deployed,1.7055e-4,7.9297e-5,2.95722e-4,1.59176e-4,355,326,382,1.70566e-4,0.0621983,359,0.00109174,NA,NA,NA,NA,NA,NA,0.765766,0.00231995,295,0.720077,0.718147,0,0.859073,0,Bayes-M14-fill-geo
Bolobo,Mai-Ndombe,1,FALSE,recalibrated-deployed,1.66499e-4,6.00446e-5,3.12912e-4,1.53234e-4,363,343.95,378,1.66516e-4,0.0607213,360,0.00106581,NA,NA,NA,NA,NA,NA,0.451737,0.00133607,348,0.631274,0.498069,0,0.225869,0,Bayes-M14-fill-geo
Kapolowe,Haut-Katanga,1,FALSE,recalibrated-deployed,1.64737e-4,6.35113e-5,2.98352e-4,1.52837e-4,361,344,378,1.64753e-4,0.0600784,361,0.00105453,NA,NA,NA,NA,NA,NA,0.403475,0.0011807,361,0.557915,0.444015,0,0.208494,0,Bayes-M14-fill-geo
Popokabaka,Kwango,1,FALSE,recalibrated-deployed,1.6356e-4,7.19516e-5,2.90375e-4,1.50852e-4,362,335,384,1.63576e-4,0.0596491,362,0.001047,NA,NA,NA,NA,NA,NA,0.734234,0.00213326,306,0.77027,0.787645,0,0.644788,0,Bayes-M14-fill-geo
Kipushi,Haut-Katanga,1,FALSE,recalibrated-deployed,1.6307e-4,4.65319e-5,3.27642e-4,1.43861e-4,369,320,399,1.63088e-4,0.0594712,363,0.00104386,NA,NA,NA,NA,NA,NA,0.162162,4.69738e-4,407,0.27027,0.108108,0,0.108108,0,Bayes-M14-fill-geo
Wema,Tshuapa,1,FALSE,recalibrated-deployed,1.62552e-4,8.60147e-5,2.61699e-4,1.5495e-4,358,325,387,1.62566e-4,0.059281,364,0.00104054,NA,NA,NA,NA,NA,NA,0.595882,0.00172061,331,0.849421,0.133205,0,0.805019,0,Bayes-M14-fill-geo
Kambove,Haut-Katanga,1,FALSE,recalibrated-deployed,1.62427e-4,5.88852e-5,3.03186e-4,1.49602e-4,365,338,387,1.62443e-4,0.059236,365,0.00103974,NA,NA,NA,NA,NA,NA,0.407979,0.00117714,362,0.42471,0.623552,0,0.175676,0,Bayes-M14-fill-geo
Kamalondo,Haut-Katanga,1,FALSE,recalibrated-deployed,1.6024e-4,4.63412e-5,3.19654e-4,1.41787e-4,373,322,400,1.60257e-4,0.0584388,366,0.00102575,NA,NA,NA,NA,NA,NA,0.0469755,1.33713e-4,441,0.0289575,0.0019305,0,0.110039,0,Bayes-M14-fill-geo
Bikoro,Equateur,1,FALSE,recalibrated-deployed,1.60168e-4,8.09555e-5,2.64098e-4,1.5139e-4,362,331,387,1.60183e-4,0.0584119,367,0.00102529,NA,NA,NA,NA,NA,NA,0.793436,0.00225747,300,0.812741,0.814672,0,0.752896,0,Bayes-M14-fill-geo
Mutena,Kasaï,1,FALSE,recalibrated-deployed,1.59742e-4,7.97712e-5,2.63448e-4,1.51387e-4,362,338,381,1.59757e-4,0.0582565,368,0.00102256,NA,NA,NA,NA,NA,NA,0.311454,8.83785e-4,380,0.333977,0.0752896,0,0.525097,0,Bayes-M14-fill-geo
Lubudi,Lualaba,1,FALSE,recalibrated-deployed,1.58659e-4,7.98777e-5,2.58906e-4,1.50669e-4,363,341,378,1.58673e-4,0.0578612,369,0.00101562,NA,NA,NA,NA,NA,NA,0.622265,0.00175376,325,0.915058,0.46139,0,0.490347,0,Bayes-M14-fill-geo
Matadi,Kongo-Central,1,FALSE,recalibrated-deployed,1.58301e-4,3.26681e-5,3.58458e-4,1.31162e-4,379,304.95,412,1.58319e-4,0.0577323,370,0.00101333,NA,NA,NA,NA,NA,NA,0.391892,0.001102,369,0.156371,0.944015,0,0.0752896,0,Bayes-M14-fill-geo
Kafubu,Haut-Katanga,1,FALSE,recalibrated-deployed,1.57103e-4,5.28931e-5,3.01483e-4,1.43435e-4,372,338,392,1.57119e-4,0.0572946,371,0.00100567,NA,NA,NA,NA,NA,NA,0.280566,7.82984e-4,385,0.604247,0.0868726,0,0.150579,0,Bayes-M14-fill-geo
Bena Tshadi,Kasaï-Central,1,FALSE,recalibrated-deployed,1.54016e-4,8.02241e-5,2.50422e-4,1.4592e-4,368,332,392,1.54029e-4,0.0561678,372,9.85903e-4,NA,NA,NA,NA,NA,NA,0.629344,0.00172181,330,0.669884,0.378378,0,0.839768,0,Bayes-M14-fill-geo
Bandundu,Kwilu,1,FALSE,recalibrated-deployed,1.53044e-4,5.93985e-5,2.80727e-4,1.41903e-4,371,356,380,1.53058e-4,0.0558138,373,9.79682e-4,NA,NA,NA,NA,NA,NA,0.44852,0.00121935,352,0.343629,0.750965,0,0.250965,0,Bayes-M14-fill-geo
Mampoko,Equateur,1,FALSE,recalibrated-deployed,1.52686e-4,8.94034e-5,2.30176e-4,1.47194e-4,367,327,397,1.52699e-4,0.0556827,374,9.77391e-4,NA,NA,NA,NA,NA,NA,0.684685,0.00185704,321,0.891892,0.505792,0,0.656371,0,Bayes-M14-fill-geo
Kalamu 2,Kinshasa,1,FALSE,recalibrated-deployed,1.51582e-4,2.33689e-5,3.7491e-4,1.17167e-4,391,286,426,1.51601e-4,0.0552824,375,9.70321e-4,NA,NA,NA,NA,NA,NA,0.0199485,5.37142e-5,449,0.003861,0.015444,0,0.0405405,0,Bayes-M14-fill-geo
Sia,Kwilu,1,FALSE,recalibrated-deployed,1.51342e-4,7.06733e-5,2.62147e-4,1.41238e-4,372,337,392,1.51355e-4,0.0551927,376,9.68785e-4,NA,NA,NA,NA,NA,NA,0.531532,0.00142896,344,0.415058,0.382239,0,0.797297,0,Bayes-M14-fill-geo
Kahemba,Kwango,1,FALSE,recalibrated-deployed,1.5122e-4,6.91863e-5,2.60396e-4,1.41284e-4,371,347,384,1.51233e-4,0.0551483,377,9.68006e-4,NA,NA,NA,NA,NA,NA,0.715573,0.00192218,316,0.895753,0.727799,0,0.523166,0,Bayes-M14-fill-geo
Makala,Kinshasa,1,FALSE,recalibrated-deployed,1.47186e-4,2.33263e-5,3.60234e-4,1.14673e-4,392,294.95,425,1.47204e-4,0.053679,378,9.42184e-4,NA,NA,NA,NA,NA,NA,0.0328185,8.58061e-5,446,0.011583,0.03861,0,0.0482625,0,Bayes-M14-fill-geo
Oshwe,Mai-Ndombe,1,FALSE,recalibrated-deployed,1.46186e-4,6.4667e-5,2.57012e-4,1.35156e-4,377,342,394,1.46199e-4,0.0533124,379,9.35782e-4,NA,NA,NA,NA,NA,NA,0.647362,0.00168107,335,0.876448,0.330116,0,0.735521,0,Bayes-M14-fill-geo
Nyanga,Kasaï,1,FALSE,recalibrated-deployed,1.43347e-4,7.25537e-5,2.34747e-4,1.35653e-4,376,343,392,1.43359e-4,0.0522768,380,9.1761e-4,NA,NA,NA,NA,NA,NA,0.463964,0.00118142,359,0.440154,0.380309,0,0.571429,0,Bayes-M14-fill-geo
Mbanza Ngungu,Kongo-Central,1,FALSE,recalibrated-deployed,1.42124e-4,4.83528e-5,2.73936e-4,1.28717e-4,381,353,396,1.42137e-4,0.0518313,381,9.09781e-4,NA,NA,NA,NA,NA,NA,0.494852,0.00124932,351,0.320463,0.974903,0,0.189189,0,Bayes-M14-fill-geo
Mitwaba,Haut-Katanga,1,FALSE,recalibrated-deployed,1.41573e-4,7.44222e-5,2.26582e-4,1.34406e-4,377,344,394,1.41584e-4,0.0516297,382,9.06252e-4,NA,NA,NA,NA,NA,NA,0.470399,0.00118298,358,0.801158,0.0617761,0,0.548263,0,Bayes-M14-fill-geo
Kisanga,Haut-Katanga,1,FALSE,recalibrated-deployed,1.39967e-4,3.93096e-5,2.82541e-4,1.2295e-4,386,339.95,408,1.3998e-4,0.0510449,383,8.95974e-4,NA,NA,NA,NA,NA,NA,0.144144,3.5839e-4,417,0.129344,0.200772,0,0.102317,0,Bayes-M14-fill-geo
Mangembo,Kongo-Central,1,FALSE,recalibrated-deployed,1.37546e-4,5.14879e-5,2.55527e-4,1.26873e-4,382,369,392,1.37557e-4,0.0501614,384,8.80474e-4,NA,NA,NA,NA,NA,NA,0.496782,0.0012138,353,0.559846,0.664093,0,0.266409,0,Bayes-M14-fill-geo
Ndesha,Kasaï-Central,1,FALSE,recalibrated-deployed,1.33748e-4,7.01796e-5,2.10133e-4,1.28322e-4,381,355,394,1.33758e-4,0.0487759,385,8.56165e-4,NA,NA,NA,NA,NA,NA,0.30888,7.33856e-4,391,0.144788,0.34556,0,0.436293,0,Bayes-M14-fill-geo
Irebu,Equateur,1,FALSE,recalibrated-deployed,1.33729e-4,6.05044e-5,2.33833e-4,1.23837e-4,382,354,397,1.3374e-4,0.0487691,386,8.56042e-4,NA,NA,NA,NA,NA,NA,0.72973,0.00173348,328,0.930502,0.677606,0,0.581081,0,Bayes-M14-fill-geo
Kwamouth,Mai-Ndombe,1,FALSE,recalibrated-deployed,1.3185e-4,5.7767e-5,2.3105e-4,1.23687e-4,384,366,391,1.3186e-4,0.0480837,387,8.44012e-4,NA,NA,NA,NA,NA,NA,0.573359,0.00134288,347,0.870656,0.416988,0,0.432432,0,Bayes-M14-fill-geo
Wamba Lwadi,Kwango,1,FALSE,recalibrated-deployed,1.31459e-4,6.00524e-5,2.27916e-4,1.22196e-4,385,351,403,1.31469e-4,0.0479412,388,8.41511e-4,NA,NA,NA,NA,NA,NA,0.732304,0.00171007,332,0.646718,0.818533,0,0.73166,0,Bayes-M14-fill-geo
Kwilu Ngongo,Kongo-Central,1,FALSE,recalibrated-deployed,1.31278e-4,4.50664e-5,2.50726e-4,1.19667e-4,389,362.95,400,1.31289e-4,0.0478755,389,8.40352e-4,NA,NA,NA,NA,NA,NA,0.516731,0.001205,354,0.488417,0.866795,0,0.194981,0,Bayes-M14-fill-geo
Nioki,Mai-Ndombe,1,FALSE,recalibrated-deployed,1.29306e-4,5.80162e-5,2.25192e-4,1.19931e-4,388,358,399,1.29316e-4,0.0471559,390,8.27727e-4,NA,NA,NA,NA,NA,NA,0.518662,0.00119134,356,0.610039,0.395753,0,0.550193,0,Bayes-M14-fill-geo
Kingandu,Kwilu,1,FALSE,recalibrated-deployed,1.28726e-4,6.09916e-5,2.18474e-4,1.20106e-4,387,355,401,1.28735e-4,0.0469443,391,8.24013e-4,NA,NA,NA,NA,NA,NA,0.656371,0.00150088,339,0.716216,0.658301,0,0.594595,0,Bayes-M14-fill-geo
Lukolela,Equateur,1,FALSE,recalibrated-deployed,1.26362e-4,5.5067e-5,2.22263e-4,1.18266e-4,390,370,395,1.26372e-4,0.0460824,392,8.08884e-4,NA,NA,NA,NA,NA,NA,0.771557,0.00173188,329,0.944015,0.915058,0,0.455598,0,Bayes-M14-fill-geo
Likasi,Haut-Katanga,1,FALSE,recalibrated-deployed,1.2482e-4,4.40143e-5,2.34969e-4,1.14847e-4,393,363,403,1.2483e-4,0.0455202,393,7.99015e-4,NA,NA,NA,NA,NA,NA,0.230373,5.10799e-4,402,0.111969,0.420849,0,0.158301,0,Bayes-M14-fill-geo
Lotumbe,Equateur,1,FALSE,recalibrated-deployed,1.2391e-4,6.6678e-5,1.96905e-4,1.18208e-4,389,350,408,1.23919e-4,0.0451879,394,7.93188e-4,NA,NA,NA,NA,NA,NA,0.775418,0.00170677,333,0.969112,0.708494,0,0.648649,0,Bayes-M14-fill-geo
Nsona Mpangu,Kongo-Central,1,FALSE,recalibrated-deployed,1.19698e-4,3.89551e-5,2.34458e-4,1.07941e-4,397,369,407,1.19707e-4,0.043652,395,7.66223e-4,NA,NA,NA,NA,NA,NA,0.555341,0.0011808,360,0.722008,0.764479,0,0.179537,0,Bayes-M14-fill-geo
Banga Lubaka,Kasaï,1,FALSE,recalibrated-deployed,1.18688e-4,5.91607e-5,1.98228e-4,1.11763e-4,395,356,412,1.18696e-4,0.0432833,396,7.59758e-4,NA,NA,NA,NA,NA,NA,0.427284,9.00856e-4,379,0.517375,0.044401500000000003,0,0.720077,0,Bayes-M14-fill-geo
Boko Kivulu,Kongo-Central,1,FALSE,recalibrated-deployed,1.17372e-4,4.085e-5,2.23067e-4,1.07376e-4,398,375,406,1.17381e-4,0.0428037,397,7.51335e-4,NA,NA,NA,NA,NA,NA,0.570785,0.00119006,357,0.579151,0.932432,0,0.200772,0,Bayes-M14-fill-geo
Ntondo,Equateur,1,FALSE,recalibrated-deployed,1.15291e-4,5.26728e-5,2.00533e-4,1.07349e-4,397,360,414,1.15299e-4,0.0420445,398,7.38013e-4,NA,NA,NA,NA,NA,NA,0.816602,0.00167239,336,0.899614,0.725869,0,0.824324,0,Bayes-M14-fill-geo
Mushie,Mai-Ndombe,1,FALSE,recalibrated-deployed,1.13379e-4,5.15423e-5,1.96999e-4,1.05153e-4,399,366,412,1.13386e-4,0.0413471,399,7.25773e-4,NA,NA,NA,NA,NA,NA,0.572072,0.00115216,365,0.739382,0.364865,0,0.611969,0,Bayes-M14-fill-geo
Biyela,Kinshasa,1,FALSE,recalibrated-deployed,1.1219e-4,2.50588e-5,2.47837e-4,9.47313e-5,406,351.95,423,1.12199e-4,0.0409143,400,7.18164e-4,NA,NA,NA,NA,NA,NA,0.143501,2.85983e-4,423,0.0637066,0.283784,0,0.0830116,0,Bayes-M14-fill-geo
Banzow Moke,Mai-Ndombe,1,FALSE,recalibrated-deployed,1.11985e-4,5.29911e-5,1.93402e-4,1.04648e-4,400,362,416,1.11992e-4,0.0408387,401,7.16849e-4,NA,NA,NA,NA,NA,NA,0.698198,0.00138889,346,0.689189,0.521236,0,0.88417,0,Bayes-M14-fill-geo
Kiri,Mai-Ndombe,1,FALSE,recalibrated-deployed,1.11311e-4,5.44353e-5,1.88692e-4,1.0456e-4,400,361,417.05,1.11318e-4,0.0405929,402,7.12536e-4,NA,NA,NA,NA,NA,NA,0.758044,0.00149887,341,0.874517,0.476834,0,0.92278,0,Bayes-M14-fill-geo
Kisanji,Kwango,1,FALSE,recalibrated-deployed,1.10614e-4,5.38245e-5,1.87968e-4,1.03849e-4,402,363,417,1.10621e-4,0.0403387,403,7.08073e-4,NA,NA,NA,NA,NA,NA,0.743243,0.0014604,343,0.841699,0.65444,0,0.733591,0,Bayes-M14-fill-geo
Bosobe,Mai-Ndombe,1,FALSE,recalibrated-deployed,1.06761e-4,4.78147e-5,1.86478e-4,9.88018e-5,404,368,420,1.06768e-4,0.0389337,404,6.83412e-4,NA,NA,NA,NA,NA,NA,0.587516,0.00111421,368,0.494208,0.409266,0,0.859073,0,Bayes-M14-fill-geo
Monieka,Equateur,1,FALSE,recalibrated-deployed,1.06258e-4,5.89235e-5,1.65523e-4,1.02132e-4,401,359,421,1.06264e-4,0.03875,405,6.8019e-4,NA,NA,NA,NA,NA,NA,0.794723,0.0015000599999999999,340,0.976834,0.733591,0,0.673745,0,Bayes-M14-fill-geo
Ntandembelo,Mai-Ndombe,1,FALSE,recalibrated-deployed,1.05691e-4,4.88203e-5,1.83294e-4,9.85952e-5,405,368,421,1.05697e-4,0.0385434,406,6.76561e-4,NA,NA,NA,NA,NA,NA,0.612613,0.00115015,366,0.602317,0.46332,0,0.772201,0,Bayes-M14-fill-geo
Massa,Kongo-Central,1,FALSE,recalibrated-deployed,1.01196e-4,2.62893e-5,2.09601e-4,8.76686e-5,409,372,422,1.01203e-4,0.0369044,407,6.47787e-4,NA,NA,NA,NA,NA,NA,0.563063,0.00101217,373,0.667954,0.920849,0,0.100386,0,Bayes-M14-fill-geo
Lukafu,Haut-Katanga,1,FALSE,recalibrated-deployed,1.00088e-4,4.64433e-5,1.68841e-4,9.47412e-5,406,392,409,1.00094e-4,0.0365,408,6.40696e-4,NA,NA,NA,NA,NA,NA,0.535393,9.51892e-4,376,0.888031,0.324324,0,0.393822,0,Bayes-M14-fill-geo
Mimia,Mai-Ndombe,1,FALSE,recalibrated-deployed,9.50863e-5,4.4599e-5,1.64616e-4,8.88071e-5,409,377.9,425,9.50915e-5,0.0346758,409,6.08677e-4,NA,NA,NA,NA,NA,NA,0.645431,0.00109018,370,0.96139,0.0521236,0,0.92278,0,Bayes-M14-fill-geo
Yumbi,Mai-Ndombe,1,FALSE,recalibrated-deployed,9.16901e-5,3.61229e-5,1.66537e-4,8.5053e-5,409,403,413,9.16952e-5,0.0334373,410,5.86937e-4,NA,NA,NA,NA,NA,NA,0.365508,5.95322e-4,396,0.413127,0.401544,0,0.281853,0,Bayes-M14-fill-geo
Mwela Lembwa,Kwango,1,FALSE,recalibrated-deployed,8.90073e-5,4.10094e-5,1.54474e-4,8.29947e-5,411,385,427,8.90119e-5,0.0324589,411,5.69763e-4,NA,NA,NA,NA,NA,NA,0.586229,9.26883e-4,377,0.650579,0.322394,0,0.785714,0,Bayes-M14-fill-geo
Panda,Haut-Katanga,1,FALSE,recalibrated-deployed,8.55543e-5,3.05299e-5,1.60832e-4,7.84788e-5,413,398,416,8.55589e-5,0.0311997,412,5.4766e-4,NA,NA,NA,NA,NA,NA,0.27027,4.10745e-4,411,0.162162,0.482625,0,0.166023,0,Bayes-M14-fill-geo
Lukula,Kongo-Central,1,FALSE,recalibrated-deployed,8.35879e-5,2.62052e-5,1.66013e-4,7.4971e-5,416,399,421,8.35925e-5,0.0304826,413,5.35073e-4,NA,NA,NA,NA,NA,NA,0.524453,7.78722e-4,386,0.528958,0.874517,0,0.169884,0,Bayes-M14-fill-geo
Zongo,Sud-Ubangi,1,FALSE,recalibrated-deployed,8.35696e-5,5.0589e-5,1.2083e-4,8.21338e-5,411,388,426,8.35734e-5,0.0304757,414,5.34955e-4,NA,NA,NA,NA,NA,NA,0.322394,4.78594e-4,405,0.277992,0.413127,0,0.276062,0,Bayes-M14-fill-geo
Kinda,Haut-Lomami,1,FALSE,recalibrated-deployed,8.29953e-5,4.33122e-5,1.34451e-4,7.88292e-5,414,389.95,428,8.29991e-5,0.0302663,415,5.31279e-4,NA,NA,NA,NA,NA,NA,0.676963,9.98045e-4,374,0.988417,0.426641,0,0.61583,0,Bayes-M14-fill-geo
Ngidinga,Kongo-Central,1,FALSE,recalibrated-deployed,8.18874e-5,3.46318e-5,1.45336e-4,7.60884e-5,415,402,424,8.1891400000000007e-05,0.0298623,416,5.24187e-4,NA,NA,NA,NA,NA,NA,0.598456,8.70525e-4,382,0.65444,0.743243,0,0.397683,0,Bayes-M14-fill-geo
Bomongo,Equateur,1,FALSE,recalibrated-deployed,7.98273e-5,4.81331e-5,1.17142e-4,7.75047e-5,414,382,429.05,7.98307e-5,0.0291109,417,5.11e-4,NA,NA,NA,NA,NA,NA,0.787645,0.0011169,367,0.978764,0.84749,0,0.53668,0,Bayes-M14-fill-geo
Seke Banza,Kongo-Central,1,FALSE,recalibrated-deployed,7.95527e-5,2.78994e-5,1.50766e-4,7.30495e-5,417,410,421,7.95566e-5,0.0290109,418,5.09242e-4,NA,NA,NA,NA,NA,NA,0.601673,8.50251e-4,383,0.635135,0.949807,0,0.220077,0,Bayes-M14-fill-geo
Ngaba,Kinshasa,1,FALSE,recalibrated-deployed,7.91947e-5,1.30798e-5,1.91805e-4,6.22726e-5,423,375,437.05,7.91998e-5,0.0288808,419,5.0695e-4,NA,NA,NA,NA,NA,NA,0.0186615,2.62528e-5,455,0,0.00579151,0,0.0501931,0,Bayes-M14-fill-geo
Kikula,Haut-Katanga,1,FALSE,recalibrated-deployed,7.78864e-5,2.75252e-5,1.46452e-4,7.14617e-5,418,404,422,7.78901e-5,0.0284032,420,4.98575e-4,NA,NA,NA,NA,NA,NA,0.12677,1.75392e-4,434,0.106178,0.1139,0,0.160232,0,Bayes-M14-fill-geo
Kanzenze,Lualaba,1,FALSE,recalibrated-deployed,7.70614e-5,2.89017e-5,1.40857e-4,7.13413e-5,418,408,420,7.7065e-5,0.0281023,421,4.93294e-4,NA,NA,NA,NA,NA,NA,0.318533,4.36037e-4,409,0.625483,0.142857,0,0.187259,0,Bayes-M14-fill-geo
Bumbu,Kinshasa,1,FALSE,recalibrated-deployed,7.66641e-5,1.15194e-5,1.91379e-4,5.88975e-5,425,374,442,7.6669e-5,0.0279579,422,4.90751e-4,NA,NA,NA,NA,NA,NA,0.021879,2.97956e-5,454,0.0019305,0.0289575,0,0.034749,0,Bayes-M14-fill-geo
Kasenga,Haut-Katanga,1,FALSE,recalibrated-deployed,7.28927e-5,2.32715e-5,1.41441e-4,6.54685e-5,422,406,426,7.28961e-5,0.0265821,423,4.66609e-4,NA,NA,NA,NA,NA,NA,0.527027,6.82415e-4,392,0.816602,0.625483,0,0.138996,0,Bayes-M14-fill-geo
Sona Bata,Kongo-Central,1,FALSE,recalibrated-deployed,7.22192e-5,2.5406e-5,1.36613e-4,6.6287e-5,422,416,425,7.22225e-5,0.0263365,424,4.62298e-4,NA,NA,NA,NA,NA,NA,0.573359,7.35549e-4,390,0.725869,0.789575,0,0.204633,0,Bayes-M14-fill-geo
Kimbanseke,Kinshasa,1,FALSE,recalibrated-deployed,7.07636e-5,1.50016e-5,1.58105e-4,5.90907e-5,425,393,434,7.07672e-5,0.0258058,425,4.5298e-4,NA,NA,NA,NA,NA,NA,0.0701416,8.81693e-5,445,0.0521236,0.0849421,0,0.0733591,0,Bayes-M14-fill-geo
Boma,Kongo-Central,1,FALSE,recalibrated-deployed,6.60527e-5,1.48617e-5,1.454e-4,5.5612e-5,428,403,434,6.60558e-5,0.0240878,426,4.22824e-4,NA,NA,NA,NA,NA,NA,0.386744,4.53781e-4,408,0.146718,0.92471,0,0.0888031,0,Bayes-M14-fill-geo
Kajiji,Kwango,1,FALSE,recalibrated-deployed,6.17032e-5,2.79548e-5,1.06199e-4,5.79355e-5,426,409,433,6.17054e-5,0.0225014,427,3.94982e-4,NA,NA,NA,NA,NA,NA,0.471042,5.16297e-4,401,0.793436,0.15444,0,0.465251,0,Bayes-M14-fill-geo
Inga,Kongo-Central,1,FALSE,recalibrated-deployed,6.039e-5,2.02022e-5,1.17e-4,5.47465e-5,427,424,429,6.03923e-5,0.0220225,428,3.86575e-4,NA,NA,NA,NA,NA,NA,0.51287,5.5018e-4,399,0.521236,0.824324,0,0.19305,0,Bayes-M14-fill-geo
Baka,Haut-Lomami,1,FALSE,recalibrated-deployed,5.91649e-5,2.97318e-5,9.51896e-5,5.6603e-5,426,410,434,5.91669e-5,0.0215756,429,3.78733e-4,NA,NA,NA,NA,NA,NA,0.575933,6.05297e-4,395,0.434363,0.891892,0,0.401544,0,Bayes-M14-fill-geo
Kamonia,Kasaï,1,FALSE,recalibrated-deployed,5.64896e-5,1.31551e-5,1.22121e-4,4.82136e-5,432,412,437,5.64919e-5,0.0206002,430,3.61608e-4,NA,NA,NA,NA,NA,NA,0.186615,1.87261e-4,433,0.370656,0.110039,0,0.0791506,0,Bayes-M14-fill-geo
Kitenda,Kwango,1,FALSE,recalibrated-deployed,5.37616e-5,2.29539e-5,9.53039e-5,5.01167e-5,431,416,436,5.37633e-5,0.0196052,431,3.44145e-4,NA,NA,NA,NA,NA,NA,0.501287,4.7873e-4,404,0.664093,0.42471,0,0.415058,0,Bayes-M14-fill-geo
Bunkeya,Lualaba,1,FALSE,recalibrated-deployed,5.30976e-5,2.43602e-5,8.98703e-5,5.03001e-5,431,418,436,5.30992e-5,0.019363,432,3.39894e-4,NA,NA,NA,NA,NA,NA,0.56242,5.30478e-4,400,0.824324,0.501931,0,0.361004,0,Bayes-M14-fill-geo
Kangu,Kongo-Central,1,FALSE,recalibrated-deployed,5.02394e-5,1.50451e-5,1.01614e-4,4.4766e-5,432,427,433,5.02411e-5,0.0183208,433,3.21598e-4,NA,NA,NA,NA,NA,NA,0.470399,4.198e-4,410,0.380309,0.882239,0,0.148649,0,Bayes-M14-fill-geo
Vaku,Kongo-Central,1,FALSE,recalibrated-deployed,4.79015e-5,1.49535e-5,9.53083e-5,4.29382e-5,433,429,434,4.7903e-5,0.0174682,434,3.06633e-4,NA,NA,NA,NA,NA,NA,0.559202,4.75828e-4,406,0.567568,0.942085,0,0.167954,0,Bayes-M14-fill-geo
Kasongo Lunda,Kwango,1,FALSE,recalibrated-deployed,4.4553e-5,1.41268e-5,8.75543e-5,4.00892e-5,435,432,436,4.45543e-5,0.0162471,435,2.85198e-4,NA,NA,NA,NA,NA,NA,0.458816,3.63118e-4,416,0.627413,0.594595,0,0.15444,0,Bayes-M14-fill-geo
Katuba,Haut-Katanga,1,FALSE,recalibrated-deployed,4.27118e-5,1.20402e-5,8.62996e-5,3.75611e-5,437,430,440,4.27131e-5,0.0155756,436,2.73412e-4,NA,NA,NA,NA,NA,NA,0.0617761,4.68706e-5,451,0.0501931,0.030888,0,0.104247,0,Bayes-M14-fill-geo
Nselo,Kongo-Central,1,FALSE,recalibrated-deployed,4.12736e-5,1.61462e-5,7.5079e-5,3.83007e-5,436,428,439,4.12746e-5,0.0150511,437,2.64205e-4,NA,NA,NA,NA,NA,NA,0.498713,3.65641e-4,415,0.656371,0.534749,0,0.305019,0,Bayes-M14-fill-geo
Boma Bungu,Kongo-Central,1,FALSE,recalibrated-deployed,3.75618e-5,1.07854e-5,7.69155e-5,3.33843e-5,438,437,441,3.75628e-5,0.0136975,438,2.40445e-4,NA,NA,NA,NA,NA,NA,0.427928,2.85529e-4,424,0.581081,0.567568,0,0.135135,0,Bayes-M14-fill-geo
Nzanza,Kongo-Central,1,FALSE,recalibrated-deployed,3.25608e-5,7.42612e-6,7.12985e-5,2.74843e-5,441.5,436,447,3.25615e-5,0.0118738,439,2.08432e-4,NA,NA,NA,NA,NA,NA,0.289575,1.6749e-4,435,0.0888031,0.689189,0,0.0907336,0,Bayes-M14-fill-geo
Kibunzi,Kongo-Central,1,FALSE,recalibrated-deployed,3.0806e-5,1.28339e-5,5.53114e-5,2.85837e-5,440,429,447.05,3.08066e-5,0.0112339,440,1.97199e-4,NA,NA,NA,NA,NA,NA,0.556628,3.04602e-4,421,0.704633,0.525097,0,0.440154,0,Bayes-M14-fill-geo
Kilela Balanda,Haut-Katanga,1,FALSE,recalibrated-deployed,3.06434e-5,1.22215e-5,5.55367e-5,2.86438e-5,441,436,443,3.06439e-5,0.0111745,441,1.96158e-4,NA,NA,NA,NA,NA,NA,0.417632,2.27333e-4,431,0.92278,0.0926641,0,0.237452,0,Bayes-M14-fill-geo
Kashobwe,Haut-Katanga,1,FALSE,recalibrated-deployed,3.02869e-5,1.11722e-5,5.59934e-5,2.79685e-5,441,440,443,3.02875e-5,0.0110446,442,1.93876e-4,NA,NA,NA,NA,NA,NA,0.432432,2.32651e-4,430,0.805019,0.301158,0,0.19112,0,Bayes-M14-fill-geo
Kimpangu,Kongo-Central,1,FALSE,recalibrated-deployed,2.94912e-5,9.24041e-6,5.83724e-5,2.64775e-5,443,440,444,2.94918e-5,0.0107544,443,1.88783e-4,NA,NA,NA,NA,NA,NA,0.598456,3.13514e-4,420,0.708494,0.934363,0,0.15251,0,Bayes-M14-fill-geo
Mutshatsha,Lualaba,1,FALSE,recalibrated-deployed,2.77409e-5,1.31964e-5,4.63522e-5,2.63088e-5,444,430,450,2.77414e-5,0.0101161,444,1.77578e-4,NA,NA,NA,NA,NA,NA,0.507722,2.50195e-4,427,0.971042,0.102317,0,0.449807,0,Bayes-M14-fill-geo
Kinkonzi,Kongo-Central,1,FALSE,recalibrated-deployed,2.66805e-5,8.43986e-6,5.29737e-5,2.393e-5,445,443,446,2.6681e-5,0.00972941,445,1.7079e-4,NA,NA,NA,NA,NA,NA,0.566924,2.6869e-4,425,0.623552,0.895753,0,0.181467,0,Bayes-M14-fill-geo
Vangu,Haut-Katanga,1,FALSE,recalibrated-deployed,2.55729e-5,8.65129e-6,4.89095e-5,2.3265e-5,445,443,446,2.55733e-5,0.00932549,446,1.637e-4,NA,NA,NA,NA,NA,NA,0.144144,6.548e-5,448,0.11583,0.169884,0,0.146718,0,Bayes-M14-fill-geo
Kowe,Haut-Katanga,1,FALSE,recalibrated-deployed,2.03915e-5,6.39979e-6,3.94264e-5,1.83051e-5,447,447,448,2.03917e-5,0.007436,447,1.30532e-4,NA,NA,NA,NA,NA,NA,0.0933076,3.37985e-5,452,0.0714286,0.0810811,0,0.127413,0,Bayes-M14-fill-geo
Dilolo,Lualaba,1,FALSE,recalibrated-deployed,1.65887e-5,1.82885e-6,4.63897e-5,1.17701e-5,451,442,451,1.6589e-5,0.00604931,448,1.0619e-4,NA,NA,NA,NA,NA,NA,0.488417,1.43925e-4,439,0.839768,0.619691,0,0.00579151,0,Bayes-M14-fill-geo
Kizu,Kongo-Central,1,FALSE,recalibrated-deployed,1.65871e-5,3.36366e-6,3.78058e-5,1.37017e-5,449,448,450,1.65873e-5,0.00604868,449,1.06179e-4,NA,NA,NA,NA,NA,NA,0.415058,1.22296e-4,442,0.297297,0.870656,0,0.0772201,0,Bayes-M14-fill-geo
Lilanga Bobangi,Equateur,1,FALSE,recalibrated-deployed,1.65495e-5,7.61795e-6,2.81116e-5,1.56603e-5,448,444,453,1.65496e-5,0.00603495,450,1.05938e-4,NA,NA,NA,NA,NA,NA,0.548906,1.61367e-4,436,0.938224,0.266409,0,0.442085,0,Bayes-M14-fill-geo
Tembo,Kwango,1,FALSE,recalibrated-deployed,1.46991e-5,3.43802e-6,3.19105e-5,1.24844e-5,450,449,451,1.46993e-5,0.0053602,451,9.40937e-5,NA,NA,NA,NA,NA,NA,0.427284,1.11568e-4,443,0.787645,0.397683,0,0.0965251,0,Bayes-M14-fill-geo
Muanda,Kongo-Central,1,FALSE,recalibrated-deployed,1.1155e-5,2.7479e-7,4.26327e-5,4.72266e-6,453,445,454,1.11553e-5,0.00406786,452,7.14069e-5,NA,NA,NA,NA,NA,NA,0.545689,1.08131e-4,444,0.637066,1,0,0,0,Bayes-M14-fill-geo
Tshela,Kongo-Central,1,FALSE,recalibrated-deployed,8.51625e-6,9.97699e-7,2.31534e-5,6.11696e-6,452,452,453,8.51632e-6,0.00310554,453,5.45152e-5,NA,NA,NA,NA,NA,NA,0.43758,6.6197e-5,447,0.416988,0.888031,0,0.00772201,0,Bayes-M14-fill-geo
Kuimba,Kongo-Central,1,FALSE,recalibrated-deployed,6.65138e-6,6.35983e-7,1.91301e-5,4.52422e-6,453,453,454,6.65143e-6,0.00242549,454,4.25776e-5,NA,NA,NA,NA,NA,NA,0.409266,4.8356e-5,450,0.378378,0.84556,0,0.003861,0,Bayes-M14-fill-geo
Kitona,Kongo-Central,1,FALSE,recalibrated-deployed,4.34893e-6,1.68334e-7,1.54239e-5,2.20473e-6,455,455,455,4.34896e-6,0.00158588,455,2.78389e-5,NA,NA,NA,NA,NA,NA,0.390605,3.01753e-5,453,0.590734,0.579151,0,0.0019305,0,Bayes-M14-fill-geo
Buta,Bas-Uele,1,TRUE,recalibrated-deployed,NA,NA,NA,NA,NA,NA,NA,NA,NA,NA,NA,NA,NA,NA,NA,NA,NA,0.96332,NA,NA,0.974903,0.992278,0,0.92278,0,Bayes-M14-fill-geo
Ganga,Bas-Uele,1,TRUE,recalibrated-deployed,NA,NA,NA,NA,NA,NA,NA,NA,NA,NA,NA,NA,NA,NA,NA,NA,NA,0.962355,NA,NA,0.967181,0.955598,0,0.964286,0,Bayes-M14-fill-geo
Viadana,Bas-Uele,1,TRUE,recalibrated-deployed,NA,NA,NA,NA,NA,NA,NA,NA,NA,NA,NA,NA,NA,NA,NA,NA,NA,0.912806,NA,NA,0.913127,0.978764,0,0.846525,0,Bayes-M14-fill-geo
Boma Mangbetu,Haut-Uele,1,TRUE,recalibrated-deployed,NA,NA,NA,NA,NA,NA,NA,NA,NA,NA,NA,NA,NA,NA,NA,NA,NA,0.54955,NA,NA,0.285714,0.503861,0,0.859073,0,Bayes-M14-fill-geo
Dungu,Haut-Uele,1,TRUE,recalibrated-deployed,NA,NA,NA,NA,NA,NA,NA,NA,NA,NA,NA,NA,NA,NA,NA,NA,NA,0.703346,NA,NA,0.872587,0.559846,0,0.677606,0,Bayes-M14-fill-geo
Gombari,Haut-Uele,1,TRUE,recalibrated-deployed,NA,NA,NA,NA,NA,NA,NA,NA,NA,NA,NA,NA,NA,NA,NA,NA,NA,0.769627,NA,NA,0.96332,0.801158,0,0.544402,0,Bayes-M14-fill-geo
Isiro,Haut-Uele,1,TRUE,recalibrated-deployed,NA,NA,NA,NA,NA,NA,NA,NA,NA,NA,NA,NA,NA,NA,NA,NA,NA,0.70045,NA,NA,0.389961,0.758687,0,0.952703,0,Bayes-M14-fill-geo
Pawa,Haut-Uele,1,TRUE,recalibrated-deployed,NA,NA,NA,NA,NA,NA,NA,NA,NA,NA,NA,NA,NA,NA,NA,NA,NA,0.57529,NA,NA,0.293436,0.573359,0,0.859073,0,Bayes-M14-fill-geo
Rungu,Haut-Uele,1,TRUE,recalibrated-deployed,NA,NA,NA,NA,NA,NA,NA,NA,NA,NA,NA,NA,NA,NA,NA,NA,NA,0.863256,NA,NA,0.822394,0.803089,0,0.964286,0,Bayes-M14-fill-geo
Wamba,Haut-Uele,1,TRUE,recalibrated-deployed,NA,NA,NA,NA,NA,NA,NA,NA,NA,NA,NA,NA,NA,NA,NA,NA,NA,0.642214,NA,NA,0.673745,0.436293,0,0.816602,0,Bayes-M14-fill-geo
Adja,Ituri,1,TRUE,recalibrated-deployed,NA,NA,NA,NA,NA,NA,NA,NA,NA,NA,NA,NA,NA,NA,NA,NA,NA,0.352638,NA,NA,0.249035,0.428571,0,0.380309,0,Bayes-M14-fill-geo
Ariwara,Ituri,1,TRUE,recalibrated-deployed,NA,NA,NA,NA,NA,NA,NA,NA,NA,NA,NA,NA,NA,NA,NA,NA,NA,0.381596,NA,NA,0.198842,0.698842,0,0.247104,0,Bayes-M14-fill-geo
Aru,Ituri,1,TRUE,recalibrated-deployed,NA,NA,NA,NA,NA,NA,NA,NA,NA,NA,NA,NA,NA,NA,NA,NA,NA,0.470399,NA,NA,0.301158,0.841699,0,0.26834,0,Bayes-M14-fill-geo
Aungba,Ituri,1,TRUE,recalibrated-deployed,NA,NA,NA,NA,NA,NA,NA,NA,NA,NA,NA,NA,NA,NA,NA,NA,NA,0.447233,NA,NA,0.310811,0.656371,0,0.374517,0,Bayes-M14-fill-geo
Kambala,Ituri,1,TRUE,recalibrated-deployed,NA,NA,NA,NA,NA,NA,NA,NA,NA,NA,NA,NA,NA,NA,NA,NA,NA,0.462677,NA,NA,0.366795,0.611969,0,0.409266,0,Bayes-M14-fill-geo
Logo,Ituri,1,TRUE,recalibrated-deployed,NA,NA,NA,NA,NA,NA,NA,NA,NA,NA,NA,NA,NA,NA,NA,NA,NA,0.317889,NA,NA,0.175676,0.592664,0,0.185328,0,Bayes-M14-fill-geo
Mahagi,Ituri,1,TRUE,recalibrated-deployed,NA,NA,NA,NA,NA,NA,NA,NA,NA,NA,NA,NA,NA,NA,NA,NA,NA,0.305663,NA,NA,0.171815,0.600386,0,0.144788,0,Bayes-M14-fill-geo
Rimba,Ituri,1,TRUE,recalibrated-deployed,NA,NA,NA,NA,NA,NA,NA,NA,NA,NA,NA,NA,NA,NA,NA,NA,NA,0.407979,NA,NA,0.200772,0.712355,0,0.310811,0,Bayes-M14-fill-geo
Bambu,Ituri,1,TRUE,recalibrated-deployed,NA,NA,NA,NA,NA,NA,NA,NA,NA,NA,NA,NA,NA,NA,NA,NA,NA,0.31982,NA,NA,0.204633,0.469112,0,0.285714,0,Bayes-M14-fill-geo
Boga,Ituri,1,TRUE,recalibrated-deployed,NA,NA,NA,NA,NA,NA,NA,NA,NA,NA,NA,NA,NA,NA,NA,NA,NA,0.351995,NA,NA,0.3861,0.368726,0,0.301158,0,Bayes-M14-fill-geo
Bunia,Ituri,1,TRUE,recalibrated-deployed,NA,NA,NA,NA,NA,NA,NA,NA,NA,NA,NA,NA,NA,NA,NA,NA,NA,0.310167,NA,NA,0.117761,0.563707,0,0.249035,0,Bayes-M14-fill-geo
Damas,Ituri,1,TRUE,recalibrated-deployed,NA,NA,NA,NA,NA,NA,NA,NA,NA,NA,NA,NA,NA,NA,NA,NA,NA,0.429858,NA,NA,0.447876,0.328185,0,0.513514,0,Bayes-M14-fill-geo
Drodro,Ituri,1,TRUE,recalibrated-deployed,NA,NA,NA,NA,NA,NA,NA,NA,NA,NA,NA,NA,NA,NA,NA,NA,NA,0.356499,NA,NA,0.206564,0.590734,0,0.272201,0,Bayes-M14-fill-geo
Fataki,Ituri,1,TRUE,recalibrated-deployed,NA,NA,NA,NA,NA,NA,NA,NA,NA,NA,NA,NA,NA,NA,NA,NA,NA,0.42471,NA,NA,0.225869,0.720077,0,0.328185,0,Bayes-M14-fill-geo
Gety,Ituri,1,TRUE,recalibrated-deployed,NA,NA,NA,NA,NA,NA,NA,NA,NA,NA,NA,NA,NA,NA,NA,NA,NA,0.34556,NA,NA,0.335907,0.297297,0,0.403475,0,Bayes-M14-fill-geo
Kilo,Ituri,1,TRUE,recalibrated-deployed,NA,NA,NA,NA,NA,NA,NA,NA,NA,NA,NA,NA,NA,NA,NA,NA,NA,0.19305,NA,NA,0.220077,0.0501931,0,0.30888,0,Bayes-M14-fill-geo
Komanda,Ituri,1,TRUE,recalibrated-deployed,NA,NA,NA,NA,NA,NA,NA,NA,NA,NA,NA,NA,NA,NA,NA,NA,NA,0.312098,NA,NA,0.30888,0.119691,0,0.507722,0,Bayes-M14-fill-geo
Lita,Ituri,1,TRUE,recalibrated-deployed,NA,NA,NA,NA,NA,NA,NA,NA,NA,NA,NA,NA,NA,NA,NA,NA,NA,0.407979,NA,NA,0.276062,0.704633,0,0.243243,0,Bayes-M14-fill-geo
Lolwa,Ituri,1,TRUE,recalibrated-deployed,NA,NA,NA,NA,NA,NA,NA,NA,NA,NA,NA,NA,NA,NA,NA,NA,NA,0.427284,NA,NA,0.642857,0,0,0.638996,0,Bayes-M14-fill-geo
Mambasa,Ituri,1,TRUE,recalibrated-deployed,NA,NA,NA,NA,NA,NA,NA,NA,NA,NA,NA,NA,NA,NA,NA,NA,NA,0.576577,NA,NA,0.88417,0.262548,0,0.583012,0,Bayes-M14-fill-geo
Mandima,Ituri,1,TRUE,recalibrated-deployed,NA,NA,NA,NA,NA,NA,NA,NA,NA,NA,NA,NA,NA,NA,NA,NA,NA,0.354569,NA,NA,0.484556,0.289575,0,0.289575,0,Bayes-M14-fill-geo
Mangala,Ituri,1,TRUE,recalibrated-deployed,NA,NA,NA,NA,NA,NA,NA,NA,NA,NA,NA,NA,NA,NA,NA,NA,NA,0.402831,NA,NA,0.305019,0.61583,0,0.287645,0,Bayes-M14-fill-geo
Mongbwalu,Ituri,1,TRUE,recalibrated-deployed,NA,NA,NA,NA,NA,NA,NA,NA,NA,NA,NA,NA,NA,NA,NA,NA,NA,0.348777,NA,NA,0.411197,0.183398,0,0.451737,0,Bayes-M14-fill-geo
Nia Nia,Ituri,1,TRUE,recalibrated-deployed,NA,NA,NA,NA,NA,NA,NA,NA,NA,NA,NA,NA,NA,NA,NA,NA,NA,0.39704,NA,NA,0.666023,0.0212355,0,0.503861,0,Bayes-M14-fill-geo
Nizi,Ituri,1,TRUE,recalibrated-deployed,NA,NA,NA,NA,NA,NA,NA,NA,NA,NA,NA,NA,NA,NA,NA,NA,NA,0.236165,NA,NA,0.15444,0.337838,0,0.216216,0,Bayes-M14-fill-geo
Nyankunde,Ituri,1,TRUE,recalibrated-deployed,NA,NA,NA,NA,NA,NA,NA,NA,NA,NA,NA,NA,NA,NA,NA,NA,NA,0.335264,NA,NA,0.283784,0.243243,0,0.478764,0,Bayes-M14-fill-geo
Rwampara,Ituri,1,TRUE,recalibrated-deployed,NA,NA,NA,NA,NA,NA,NA,NA,NA,NA,NA,NA,NA,NA,NA,NA,NA,0.425354,NA,NA,0.237452,0.745174,0,0.293436,0,Bayes-M14-fill-geo
Tchomia,Ituri,1,TRUE,recalibrated-deployed,NA,NA,NA,NA,NA,NA,NA,NA,NA,NA,NA,NA,NA,NA,NA,NA,NA,0.266409,NA,NA,0.210425,0.374517,0,0.214286,0,Bayes-M14-fill-geo
Beni,Nord-Kivu,1,TRUE,recalibrated-deployed,NA,NA,NA,NA,NA,NA,NA,NA,NA,NA,NA,NA,NA,NA,NA,NA,NA,0.207851,NA,NA,0.15251,0.22973,0,0.241313,0,Bayes-M14-fill-geo
Biena,Nord-Kivu,1,TRUE,recalibrated-deployed,NA,NA,NA,NA,NA,NA,NA,NA,NA,NA,NA,NA,NA,NA,NA,NA,NA,0.26834,NA,NA,0.250965,0.166023,0,0.388031,0,Bayes-M14-fill-geo
Butembo,Nord-Kivu,1,TRUE,recalibrated-deployed,NA,NA,NA,NA,NA,NA,NA,NA,NA,NA,NA,NA,NA,NA,NA,NA,NA,0.243887,NA,NA,0.1139,0.388031,0,0.22973,0,Bayes-M14-fill-geo
Kalunguta,Nord-Kivu,1,TRUE,recalibrated-deployed,NA,NA,NA,NA,NA,NA,NA,NA,NA,NA,NA,NA,NA,NA,NA,NA,NA,0.207851,NA,NA,0.194981,0.206564,0,0.222008,0,Bayes-M14-fill-geo
Katwa,Nord-Kivu,1,TRUE,recalibrated-deployed,NA,NA,NA,NA,NA,NA,NA,NA,NA,NA,NA,NA,NA,NA,NA,NA,NA,0.266409,NA,NA,0.0868726,0.484556,0,0.227799,0,Bayes-M14-fill-geo
Kyondo,Nord-Kivu,1,TRUE,recalibrated-deployed,NA,NA,NA,NA,NA,NA,NA,NA,NA,NA,NA,NA,NA,NA,NA,NA,NA,0.431789,NA,NA,0.295367,0.797297,0,0.202703,0,Bayes-M14-fill-geo
Lubero,Nord-Kivu,1,TRUE,recalibrated-deployed,NA,NA,NA,NA,NA,NA,NA,NA,NA,NA,NA,NA,NA,NA,NA,NA,NA,0.611326,NA,NA,0.573359,0.938224,0,0.322394,0,Bayes-M14-fill-geo
Mabalako,Nord-Kivu,1,TRUE,recalibrated-deployed,NA,NA,NA,NA,NA,NA,NA,NA,NA,NA,NA,NA,NA,NA,NA,NA,NA,0.209781,NA,NA,0.19305,0.204633,0,0.23166,0,Bayes-M14-fill-geo
Manguredjipa,Nord-Kivu,1,TRUE,recalibrated-deployed,NA,NA,NA,NA,NA,NA,NA,NA,NA,NA,NA,NA,NA,NA,NA,NA,NA,0.46332,NA,NA,0.777992,0.0579151,0,0.554054,0,Bayes-M14-fill-geo
Masereka,Nord-Kivu,1,TRUE,recalibrated-deployed,NA,NA,NA,NA,NA,NA,NA,NA,NA,NA,NA,NA,NA,NA,NA,NA,NA,0.491634,NA,NA,0.254826,0.980695,0,0.239382,0,Bayes-M14-fill-geo
Musienene,Nord-Kivu,1,TRUE,recalibrated-deployed,NA,NA,NA,NA,NA,NA,NA,NA,NA,NA,NA,NA,NA,NA,NA,NA,NA,0.425354,NA,NA,0.264479,0.73166,0,0.279923,0,Bayes-M14-fill-geo
Mutwanga,Nord-Kivu,1,TRUE,recalibrated-deployed,NA,NA,NA,NA,NA,NA,NA,NA,NA,NA,NA,NA,NA,NA,NA,NA,NA,0.321107,NA,NA,0.260618,0.467181,0,0.235521,0,Bayes-M14-fill-geo
Oicha,Nord-Kivu,1,TRUE,recalibrated-deployed,NA,NA,NA,NA,NA,NA,NA,NA,NA,NA,NA,NA,NA,NA,NA,NA,NA,0.44852,NA,NA,0.324324,0.760618,0,0.260618,0,Bayes-M14-fill-geo
Vuhovi,Nord-Kivu,1,TRUE,recalibrated-deployed,NA,NA,NA,NA,NA,NA,NA,NA,NA,NA,NA,NA,NA,NA,NA,NA,NA,0.348134,NA,NA,0.202703,0.617761,0,0.223938,0,Bayes-M14-fill-geo
Goma,Nord-Kivu,1,TRUE,recalibrated-deployed,NA,NA,NA,NA,NA,NA,NA,NA,NA,NA,NA,NA,NA,NA,NA,NA,NA,0.355856,NA,NA,0.127413,0.897683,0,0.042471,0,Bayes-M14-fill-geo
Kayna,Nord-Kivu,1,TRUE,recalibrated-deployed,NA,NA,NA,NA,NA,NA,NA,NA,NA,NA,NA,NA,NA,NA,NA,NA,NA,0.415058,NA,NA,0.227799,0.633205,0,0.38417,0,Bayes-M14-fill-geo
Miti Murhesa,Sud-Kivu,1,TRUE,recalibrated-deployed,NA,NA,NA,NA,NA,NA,NA,NA,NA,NA,NA,NA,NA,NA,NA,NA,NA,0.436937,NA,NA,0.235521,0.913127,0,0.162162,0,Bayes-M14-fill-geo
Bulu,Sud-Ubangi,1,TRUE,recalibrated-deployed,NA,NA,NA,NA,NA,NA,NA,NA,NA,NA,NA,NA,NA,NA,NA,NA,NA,0.419562,NA,NA,0.364865,0.198842,0,0.694981,0,Bayes-M14-fill-geo
Bafwasende,Tshopo,1,TRUE,recalibrated-deployed,NA,NA,NA,NA,NA,NA,NA,NA,NA,NA,NA,NA,NA,NA,NA,NA,NA,0.606178,NA,NA,0.907336,0.241313,0,0.669884,0,Bayes-M14-fill-geo
Kabondo,Tshopo,1,TRUE,recalibrated-deployed,NA,NA,NA,NA,NA,NA,NA,NA,NA,NA,NA,NA,NA,NA,NA,NA,NA,0.240026,NA,NA,0.19112,0.272201,0,0.256757,0,Bayes-M14-fill-geo
Lubunga (Tshopo),Tshopo,1,TRUE,recalibrated-deployed,NA,NA,NA,NA,NA,NA,NA,NA,NA,NA,NA,NA,NA,NA,NA,NA,NA,0.305019,NA,NA,0.245174,0.343629,0,0.326255,0,Bayes-M14-fill-geo
Makiso Kisangani,Tshopo,1,TRUE,recalibrated-deployed,NA,NA,NA,NA,NA,NA,NA,NA,NA,NA,NA,NA,NA,NA,NA,NA,NA,0.314028,NA,NA,0.133205,0.530888,0,0.277992,0,Bayes-M14-fill-geo
Mangobo,Tshopo,1,TRUE,recalibrated-deployed,NA,NA,NA,NA,NA,NA,NA,NA,NA,NA,NA,NA,NA,NA,NA,NA,NA,0.274775,NA,NA,0.0791506,0.438224,0,0.30695,0,Bayes-M14-fill-geo
Tshopo,Tshopo,1,TRUE,recalibrated-deployed,NA,NA,NA,NA,NA,NA,NA,NA,NA,NA,NA,NA,NA,NA,NA,NA,NA,0.328829,NA,NA,0.361004,0.333977,0,0.291506,0,Bayes-M14-fill-geo
Wanierukula,Tshopo,1,TRUE,recalibrated-deployed,NA,NA,NA,NA,NA,NA,NA,NA,NA,NA,NA,NA,NA,NA,NA,NA,NA,0.630631,NA,NA,0.843629,0.552124,0,0.496139,0,Bayes-M14-fill-geo
Basali,Tshopo,1,TRUE,recalibrated-deployed,NA,NA,NA,NA,NA,NA,NA,NA,NA,NA,NA,NA,NA,NA,NA,NA,NA,0.503861,NA,NA,0.833977,0.0250965,0,0.65251,0,Bayes-M14-fill-geo
Rethy,Ituri,2,FALSE,recalibrated-deployed,0.231629,0.158834,0.310651,0.229444,1,1,1,0.265381,60.2295,1,1,3.41624,1,NA,NA,NA,NA,0.36036,0.961003,3,0.214286,0.608108,0,0.258687,0,Bayes-M14-fill-geo
Watsa,Haut-Uele,2,FALSE,recalibrated-deployed,0.13579,0.101342,0.174796,0.135103,2,2,3,0.146287,33.2006,2,0.586242,NA,NA,NA,NA,2.45527,1,0.63964,1,1,0.72973,0.843629,0,0.34556,0,Bayes-M14-fill-geo
Jiba,Ituri,2,FALSE,recalibrated-deployed,0.12393,0.086381,0.165382,0.122647,3,2,4,0.132692,30.1151,3,0.535038,1.70814,2,NA,NA,NA,NA,0.220077,0.314013,7,0.181467,0.127413,0,0.351351,0,Bayes-M14-fill-geo
Linga,Ituri,2,FALSE,recalibrated-deployed,0.105913,0.0756367,0.139032,0.104824,4,4,6,0.112182,25.4602,4,0.457256,1.44411,3,NA,NA,NA,NA,0.286358,0.349185,6,0.196911,0.341699,0,0.320463,0,Bayes-M14-fill-geo
Niangara,Haut-Uele,2,FALSE,recalibrated-deployed,0.0997119,0.0670257,0.138926,0.0980223,5,3,5,0.105349,23.9094,5,0.430482,NA,NA,NA,NA,1.76816,2,0.734878,0.843641,4,0.803089,0.432432,0,0.969112,0,Bayes-M14-fill-geo
Poko,Bas-Uele,2,FALSE,recalibrated-deployed,0.0894142,0.0585896,0.12838,0.0869726,6,5,6,0.0939447,21.3212,6,0.386024,NA,NA,NA,NA,NA,NA,0.969434,0.997976,2,0.992278,0.951737,0,0.964286,0,Bayes-M14-fill-geo
Yakusu,Tshopo,2,FALSE,recalibrated-deployed,0.0769343,0.0491474,0.110404,0.0747257,7,7,7,0.0802722,18.2182,7,0.332145,NA,NA,NA,NA,NA,NA,0.425354,0.376761,5,0.420849,0.208494,0,0.646718,0,Bayes-M14-fill-geo
Biringi,Ituri,2,FALSE,recalibrated-deployed,0.048735,0.0348476,0.0648442,0.0481979,8,8,8,0.050009,11.3498,8,0.210401,0.643764,4,NA,NA,NA,NA,0.465894,0.261411,8,0.395753,0.486486,0,0.515444,0,Bayes-M14-fill-geo
Makoro,Haut-Uele,2,FALSE,recalibrated-deployed,0.0408634,0.0300351,0.053209,0.0404763,9,9,10,0.0417499,9.47534,9,0.176418,NA,NA,NA,NA,0.700726,3,0.509653,0.239775,11,0.555985,0.548263,0,0.42471,0,Bayes-M14-fill-geo
Banalia,Tshopo,2,FALSE,recalibrated-deployed,0.0371538,0.0245113,0.052102,0.0364939,10,9,13,0.0379008,8.60178,10,0.160402,NA,NA,NA,NA,NA,NA,0.565637,0.241956,10,0.779923,0.117761,0,0.799228,0,Bayes-M14-fill-geo
Alimbongo,Nord-Kivu,2,FALSE,recalibrated-deployed,0.0345001,0.0254296,0.0448807,0.0341528,11,10,14,0.0351288,7.97266,11,0.148946,NA,NA,3.41977,1,NA,NA,0.568211,0.225697,12,0.584942,0.747104,0,0.372587,0,Bayes-M14-fill-geo
Aba,Haut-Uele,2,FALSE,recalibrated-deployed,0.0279579,0.0172404,0.0416315,0.0271946,13,11,18,0.0283857,6.44228,12,0.120701,NA,NA,NA,NA,0.476423,4,0.758687,0.24421,9,0.600386,0.685328,0,0.990347,0,Bayes-M14-fill-geo
Mbaya,Sud-Ubangi,2,FALSE,recalibrated-deployed,0.0267776,0.0167782,0.0392149,0.0258933,14,11,19,0.027169,6.16615,13,0.115606,NA,NA,NA,NA,NA,NA,0.418919,0.129151,17,0.351351,0.223938,0,0.681467,0,Bayes-M14-fill-geo
Faradje,Haut-Uele,2,FALSE,recalibrated-deployed,0.0264315,0.019631,0.034542,0.0262223,14,12,16,0.0267984,6.08203,14,0.114112,NA,NA,NA,NA,0.449782,5,0.596525,0.181529,13,0.760618,0.666023,0,0.362934,0,Bayes-M14-fill-geo
Bafwagbogbo,Tshopo,2,FALSE,recalibrated-deployed,0.0257944,0.0170298,0.0360255,0.0252025,15,12,20,0.0261515,5.93521,15,0.111361,NA,NA,NA,NA,NA,NA,0.526384,0.156323,15,0.859073,0.027027,0,0.69305,0,Bayes-M14-fill-geo
Budjala,Sud-Ubangi,2,FALSE,recalibrated-deployed,0.0255501,0.0167575,0.036382,0.0249717,15,13,19,0.0259013,5.87842,16,0.110306,NA,NA,NA,NA,NA,NA,0.573359,0.168661,14,0.515444,0.403475,0,0.801158,0,Bayes-M14-fill-geo
Kibirizi,Nord-Kivu,2,FALSE,recalibrated-deployed,0.0179946,0.0127691,0.0240361,0.0177227,19,17,21,0.0181646,4.12255,17,0.0776874,NA,NA,1.76831,2,NA,NA,0.556628,0.11532,19,0.540541,0.855212,0,0.274131,0,Bayes-M14-fill-geo
Nyarambe,Ituri,2,FALSE,recalibrated-deployed,0.017639,0.00828524,0.0305459,0.0167213,20,12,34,0.0178211,4.04459,18,0.0761521,0.22941,5,NA,NA,NA,NA,0.240669,0.0488754,38,0.169884,0.459459,0,0.0926641,0,Bayes-M14-fill-geo
Rwanguba,Nord-Kivu,2,FALSE,recalibrated-deployed,0.0175331,0.00689151,0.0329487,0.0161809,20,11,40,0.0177226,4.02223,19,0.0756948,NA,NA,1.72528,3,NA,NA,0.325611,0.0657284,29,0.208494,0.702703,0,0.0656371,0,Bayes-M14-fill-geo
Adi,Ituri,2,FALSE,recalibrated-deployed,0.0173824,0.0106837,0.0255892,0.0167941,20,17,26,0.0175468,3.98234,20,0.0750442,0.225879,6,NA,NA,NA,NA,0.530245,0.106116,21,0.258687,0.710425,0,0.621622,0,Bayes-M14-fill-geo
Kamango,Nord-Kivu,2,FALSE,recalibrated-deployed,0.0164367,0.00997047,0.0241867,0.0162173,21,16,27,0.0165827,3.76353,21,0.0709613,NA,NA,1.61432,4,NA,NA,0.583012,0.110328,20,0.658301,0.916988,0,0.173745,0,Bayes-M14-fill-geo
Uvira,Sud-Kivu,2,FALSE,recalibrated-deployed,0.0158369,0.00898623,0.0253846,0.0151609,22,17,32,0.0159768,3.62602,22,0.0683721,NA,NA,NA,NA,NA,NA,0.733591,0.133758,16,0.218147,0.984556,0,0.998069,0,Bayes-M14-fill-geo
Kindu,Maniema,2,FALSE,recalibrated-deployed,0.0145291,0.00861839,0.0218127,0.014038,23,17,33,0.0146446,3.32366,23,0.062726,NA,NA,NA,NA,NA,NA,0.424067,0.0709365,26,0.135135,0.252896,0,0.88417,0,Bayes-M14-fill-geo
Laybo,Ituri,2,FALSE,recalibrated-deployed,0.0142575,0.00933411,0.0201214,0.013896,23.5,19,29,0.0143659,3.26041,24,0.0615533,0.184932,7,NA,NA,NA,NA,0.452381,0.0742581,25,0.30695,0.555985,0,0.494208,0,Bayes-M14-fill-geo
Walikale,Nord-Kivu,2,FALSE,recalibrated-deployed,0.0135735,0.00943428,0.0181664,0.0133653,24,20.95,30,0.0136703,3.10254,25,0.0586005,NA,NA,1.3308,5,NA,NA,0.763835,0.119368,18,0.945946,0.928571,0,0.416988,0,Bayes-M14-fill-geo
Ibanda,Sud-Kivu,2,FALSE,recalibrated-deployed,0.0132712,0.00823119,0.0196149,0.0129224,25,21,31,0.0133664,3.03357,26,0.0572953,NA,NA,NA,NA,NA,NA,0.307593,0.0469985,40,0.0830116,0.621622,0,0.218147,0,Bayes-M14-fill-geo
Angumu,Ituri,2,FALSE,recalibrated-deployed,0.0113879,0.00613829,0.018148,0.0110421,27,22,45,0.0114604,2.601,27,0.0491646,0.14753,8,NA,NA,NA,NA,0.146718,0.0192364,77,0.164093,0.164093,0,0.111969,0,Bayes-M14-fill-geo
Rutshuru,Nord-Kivu,2,FALSE,recalibrated-deployed,0.0113032,0.00515189,0.0199102,0.0106755,28,21,51,0.0113784,2.58239,28,0.0487986,NA,NA,1.10768,6,NA,NA,0.496139,0.0645652,30,0.409266,0.994208,0,0.0849421,0,Bayes-M14-fill-geo
Kirotshe,Nord-Kivu,2,FALSE,recalibrated-deployed,0.0103526,0.0059172,0.016422,0.00993412,29,24,44,0.010412,2.36306,29,0.044695,NA,NA,1.0136,7,NA,NA,0.512227,0.0610532,31,0.376448,0.996139,0,0.164093,0,Bayes-M14-fill-geo
Binga,Mongala,2,FALSE,recalibrated-deployed,0.00992353,0.00675562,0.013779,0.00975342,31,25,37,0.00997544,2.26398,30,0.0428424,NA,NA,NA,NA,NA,NA,0.440798,0.0503618,33,0.474903,0.249035,0,0.598456,0,Bayes-M14-fill-geo
Masisi,Nord-Kivu,2,FALSE,recalibrated-deployed,0.00978255,0.00711302,0.0128393,0.00963654,31,29,34,0.00983224,2.23148,31,0.0422338,NA,NA,0.957163,8,NA,NA,0.586873,0.0660985,28,0.432432,0.957529,0,0.370656,0,Bayes-M14-fill-geo
Ruzizi,Sud-Kivu,2,FALSE,recalibrated-deployed,0.00933683,0.00527811,0.0149911,0.00884728,34,22,48,0.00938532,2.13004,32,0.0403095,NA,NA,NA,NA,NA,NA,0.750322,0.0806571,23,0.349421,0.909266,0,0.992278,0,Bayes-M14-fill-geo
Kadutu,Sud-Kivu,2,FALSE,recalibrated-deployed,0.00932722,0.00571671,0.0139239,0.00905753,33,27,45,0.00937431,2.12755,33,0.040268,NA,NA,NA,NA,NA,NA,0.218147,0.0234259,62,0.0579151,0.3861,0,0.210425,0,Bayes-M14-fill-geo
Doruma,Haut-Uele,2,FALSE,recalibrated-deployed,0.00887174,0.00493605,0.0141623,0.00840019,35,23,49,0.00891563,2.02345,34,0.0383016,NA,NA,NA,NA,0.149639,6,0.828829,0.0846582,22,0.972973,0.513514,0,1,0,Bayes-M14-fill-geo
Mweso,Nord-Kivu,2,FALSE,recalibrated-deployed,0.00870523,0.00610653,0.0116651,0.00864251,35,30,40,0.0087448,1.98468,35,0.0375827,NA,NA,0.851302,9,NA,NA,0.558559,0.0559815,32,0.449807,0.96139,0,0.264479,0,Bayes-M14-fill-geo
Gemena,Sud-Ubangi,2,FALSE,recalibrated-deployed,0.0086526,0.0056923,0.0123122,0.00846718,35,27,43,0.00869238,1.97278,36,0.0373555,NA,NA,NA,NA,NA,NA,0.436937,0.0435272,43,0.17760600000000001,0.274131,0,0.859073,0,Bayes-M14-fill-geo
Basoko,Tshopo,2,FALSE,recalibrated-deployed,0.00819152,0.00544362,0.0112993,0.00804183,37,29,44,0.00822689,1.86713,37,0.0353649,NA,NA,NA,NA,NA,NA,0.401544,0.0378698,45,0.507722,0.314672,0,0.382239,0,Bayes-M14-fill-geo
Bengamisa,Tshopo,2,FALSE,recalibrated-deployed,0.0080963,0.00595434,0.0106251,0.00802085,37,35,39,0.00813029,1.84521,38,0.0349538,NA,NA,NA,NA,NA,NA,0.401544,0.0374296,46,0.611969,0.216216,0,0.376448,0,Bayes-M14-fill-geo
Karisimbi,Nord-Kivu,2,FALSE,recalibrated-deployed,0.00805034,0.00234988,0.017832,0.00687424,42,22,108,0.00809671,1.83759,39,0.0347554,NA,NA,0.78821,10,NA,NA,0.212999,0.0197418,71,0.0907336,0.515444,0,0.0328185,0,Bayes-M14-fill-geo
Bondo,Bas-Uele,2,FALSE,recalibrated-deployed,0.00759425,0.00479471,0.0109033,0.00738612,39,28,48,0.00762512,1.73056,40,0.0327863,NA,NA,NA,NA,NA,NA,0.898327,0.0785443,24,0.996139,0.998069,0,0.700772,0,Bayes-M14-fill-geo
Isangi,Tshopo,2,FALSE,recalibrated-deployed,0.00738022,0.00492484,0.0102977,0.00724434,40,31,48,0.00740898,1.68151,41,0.0318623,NA,NA,NA,NA,NA,NA,0.511583,0.0434691,44,0.405405,0.407336,0,0.722008,0,Bayes-M14-fill-geo
Opienge,Tshopo,2,FALSE,recalibrated-deployed,0.00728689,0.00478109,0.0102859,0.00712132,41,31,48,0.00731504,1.66018,42,0.0314594,NA,NA,NA,NA,NA,NA,0.592664,0.0497218,35,0.955598,0.0135135,0,0.80888,0,Bayes-M14-fill-geo
Lubutu,Maniema,2,FALSE,recalibrated-deployed,0.00695477,0.00441423,0.0099145,0.00675769,43,33,51,0.0069806,1.58428,43,0.0300255,NA,NA,NA,NA,NA,NA,0.627413,0.050238,34,0.820463,0.281853,0,0.779923,0,Bayes-M14-fill-geo
Titule,Bas-Uele,2,FALSE,recalibrated-deployed,0.00636346,0.00418814,0.00898165,0.00623173,44,36,55,0.00638491,1.44909,44,0.0274727,NA,NA,NA,NA,NA,NA,0.91184,0.0668048,27,0.986486,0.826255,0,0.92278,0,Bayes-M14-fill-geo
Katoyi,Nord-Kivu,2,FALSE,recalibrated-deployed,0.0062494,0.00460488,0.00813228,0.00619449,45,42,49,0.0062696,1.42292,45,0.0269802,NA,NA,0.610342,11,NA,NA,0.605534,0.0435685,42,0.46139,0.959459,0,0.395753,0,Bayes-M14-fill-geo
Nyiragongo,Nord-Kivu,2,FALSE,recalibrated-deployed,0.0061575,0.00193909,0.0129829,0.00541119,50,28,120,0.00618284,1.40323,46,0.0265835,NA,NA,0.601896,12,NA,NA,0.385457,0.027326,55,0.243243,0.876448,0,0.0366795,0,Bayes-M14-fill-geo
Minova,Sud-Kivu,2,FALSE,recalibrated-deployed,0.0058805,0.00325844,0.00932604,0.00568289,48,35,70.05,0.00589963,1.33895,47,0.0253876,NA,NA,NA,NA,NA,NA,0.515444,0.0348973,49,0.442085,0.982625,0,0.121622,0,Bayes-M14-fill-geo
Pinga,Nord-Kivu,2,FALSE,recalibrated-deployed,0.00564665,0.00394471,0.00761014,0.00556224,48,43,57,0.0056633,1.28531,48,0.024378,NA,NA,0.551319,13,NA,NA,0.759974,0.0494066,36,0.959459,0.754826,0,0.565637,0,Bayes-M14-fill-geo
Fizi,Sud-Kivu,2,FALSE,recalibrated-deployed,0.00558331,0.0038268,0.00758441,0.00547261,49,43,56,0.00559969,1.27088,49,0.0241046,NA,NA,NA,NA,NA,NA,0.751609,0.0483147,39,0.743243,0.969112,0,0.542471,0,Bayes-M14-fill-geo
Shabunda,Sud-Kivu,2,FALSE,recalibrated-deployed,0.00542821,0.00334246,0.00792995,0.00527409,51,41,60,0.00544406,1.23556,50,0.023435,NA,NA,NA,NA,NA,NA,0.789575,0.0493453,37,0.837838,0.872587,0,0.658301,0,Bayes-M14-fill-geo
Lemera,Sud-Kivu,2,FALSE,recalibrated-deployed,0.00541489,0.00345335,0.00783821,0.00527296,50,39,65,0.00543052,1.23248,51,0.0233775,NA,NA,NA,NA,NA,NA,0.748391,0.0466567,41,0.362934,0.901544,0,0.980695,0,Bayes-M14-fill-geo
Bambo,Nord-Kivu,2,FALSE,recalibrated-deployed,0.00526212,0.00283079,0.00827492,0.00514817,51,39,80,0.00527742,1.19774,52,0.0227179,NA,NA,0.513754,14,NA,NA,0.528314,0.0320073,50,0.552124,0.907336,0,0.125483,0,Bayes-M14-fill-geo
Ndage,Sud-Ubangi,2,FALSE,recalibrated-deployed,0.0051297,0.00339357,0.00725614,0.00503452,52,44,67,0.00514362,1.16737,53,0.0221462,NA,NA,NA,NA,NA,NA,0.471042,0.0278194,54,0.399614,0.276062,0,0.737452,0,Bayes-M14-fill-geo
Kasongo,Maniema,2,FALSE,recalibrated-deployed,0.00437615,0.00266781,0.00644398,0.00423193,57,49,69,0.00438648,0.995534,54,0.018893,NA,NA,NA,NA,NA,NA,0.707207,0.0356315,47,0.445946,0.752896,0,0.92278,0,Bayes-M14-fill-geo
Katana,Sud-Kivu,2,FALSE,recalibrated-deployed,0.00435053,0.00251526,0.00665458,0.00424578,57,44,95,0.00436085,0.989716,55,0.0187823,NA,NA,NA,NA,NA,NA,0.429858,0.0215309,68,0.247104,0.911197,0,0.131274,0,Bayes-M14-fill-geo
Lubao,Lomami,2,FALSE,recalibrated-deployed,0.00428301,0.00244818,0.00661264,0.00412719,58,47,74,0.00429304,0.974327,56,0.0184908,NA,NA,NA,NA,NA,NA,0.530888,0.0261786,57,0.648649,0.15251,0,0.791506,0,Bayes-M14-fill-geo
Binza,Nord-Kivu,2,FALSE,recalibrated-deployed,0.00422375,0.00196896,0.00718881,0.0040525,59,42,113,0.00423397,0.960921,57,0.018235,NA,NA,0.412175,15,NA,NA,0.469112,0.0228124,66,0.471042,0.837838,0,0.0984556,0,Bayes-M14-fill-geo
Mwenga,Sud-Kivu,2,FALSE,recalibrated-deployed,0.00420813,0.00305424,0.005526,0.00415803,58,54,64,0.00421731,0.957141,58,0.0181676,NA,NA,NA,NA,NA,NA,0.425354,0.020608,70,0.5,0.35521200000000003,0,0.420849,0,Bayes-M14-fill-geo
Bagira,Sud-Kivu,2,FALSE,recalibrated-deployed,0.00400163,0.00243219,0.00602587,0.00388032,61,46,107,0.00401029,0.910155,59,0.0172761,NA,NA,NA,NA,NA,NA,0.314672,0.0144974,106,0.100386,0.637066,0,0.206564,0,Bayes-M14-fill-geo
Nyemba,Tanganyika,2,FALSE,recalibrated-deployed,0.00395993,0.00233922,0.00588553,0.00388715,61,53,76,0.00396838,0.900644,60,0.017096,NA,NA,NA,NA,NA,NA,0.460746,0.0210061,69,0.596525,0.455598,0,0.330116,0,Bayes-M14-fill-geo
Kabare,Sud-Kivu,2,FALSE,recalibrated-deployed,0.00394176,0.00256661,0.00563563,0.00386657,61,51,94,0.00394999,0.896469,61,0.0170176,NA,NA,NA,NA,NA,NA,0.475547,0.0215814,67,0.239382,0.988417,0,0.198842,0,Bayes-M14-fill-geo
Nundu,Sud-Kivu,2,FALSE,recalibrated-deployed,0.00391536,0.00233258,0.00606783,0.00377666,62,49,93,0.00392372,0.890508,62,0.0169036,NA,NA,NA,NA,NA,NA,0.790219,0.0356217,48,0.527027,0.849421,0,0.994208,0,Bayes-M14-fill-geo
Minembwe,Sud-Kivu,2,FALSE,recalibrated-deployed,0.003731,0.0025132,0.0051001,0.00365338,64,56,73,0.00373832,0.848431,63,0.0161077,NA,NA,NA,NA,NA,NA,0.69305,0.0297704,53,0.718147,0.80888,0,0.552124,0,Bayes-M14-fill-geo
Walungu,Sud-Kivu,2,FALSE,recalibrated-deployed,0.00372509,0.00256059,0.00511981,0.00366612,64,56,92,0.00373234,0.847074,64,0.0160822,NA,NA,NA,NA,NA,NA,0.433076,0.0185736,83,0.185328,0.880309,0,0.233591,0,Bayes-M14-fill-geo
Lisala,Mongala,2,FALSE,recalibrated-deployed,0.00371492,0.00244002,0.00523492,0.00363042,64,53,81,0.00372222,0.844776,65,0.0160383,NA,NA,NA,NA,NA,NA,0.545689,0.0233394,63,0.428571,0.440154,0,0.76834,0,Bayes-M14-fill-geo
Ngandajika,Lomami,2,FALSE,recalibrated-deployed,0.00366098,0.00200959,0.00579904,0.00351314,66,52,82,0.0036684,0.832563,66,0.0158054,NA,NA,NA,NA,NA,NA,0.462033,0.0194745,74,0.212355,0.445946,0,0.727799,0,Bayes-M14-fill-geo
Tshofa,Lomami,2,FALSE,recalibrated-deployed,0.00352355,0.0019696,0.00549074,0.00339558,69,53,83,0.00353038,0.801237,67,0.0152121,NA,NA,NA,NA,NA,NA,0.588803,0.0238861,60,0.675676,0.351351,0,0.739382,0,Bayes-M14-fill-geo
Ludimbi Lukula,Lomami,2,FALSE,recalibrated-deployed,0.00335649,0.00186299,0.00526665,0.00321913,72,55,88,0.0033627,0.763182,68,0.0144908,NA,NA,NA,NA,NA,NA,0.601673,0.023251,64,0.69305,0.34749,0,0.764479,0,Bayes-M14-fill-geo
Kibua,Nord-Kivu,2,FALSE,recalibrated-deployed,0.00334062,0.00227002,0.00462136,0.00328602,69,56,101,0.00334647,0.759499,69,0.0144223,NA,NA,0.325777,16,NA,NA,0.687259,0.0264328,56,0.774131,0.660232,0,0.627413,0,Bayes-M14-fill-geo
Gombe,Kinshasa,2,FALSE,recalibrated-deployed,0.00330952,4.28925e-4,0.00877132,0.00244934,93,34.95,250,0.00331937,0.753348,70,0.0142881,NA,NA,NA,NA,NA,NA,0.216216,0.00823851,148,0.0694981,0.569498,0,0.00965251,0,Bayes-M14-fill-geo
Ubundu,Tshopo,2,FALSE,recalibrated-deployed,0.00329498,0.00229399,0.00447896,0.00324583,70,61,89,0.00330065,0.749098,71,0.0142253,NA,NA,NA,NA,NA,NA,0.632561,0.0239966,59,0.905405,0.430502,0,0.561776,0,Bayes-M14-fill-geo
Mwana,Sud-Kivu,2,FALSE,recalibrated-deployed,0.00327245,0.00237612,0.00432095,0.00322954,72,62,90,0.00327799,0.743957,72,0.014128,NA,NA,NA,NA,NA,NA,0.497426,0.0187412,81,0.289575,0.903475,0,0.299228,0,Bayes-M14-fill-geo
Yabaondo,Tshopo,2,FALSE,recalibrated-deployed,0.00325228,0.00217768,0.00455771,0.00318958,71,59,93,0.00325785,0.739385,73,0.0140409,NA,NA,NA,NA,NA,NA,0.469755,0.0175895,90,0.436293,0.305019,0,0.667954,0,Bayes-M14-fill-geo
Kalima,Maniema,2,FALSE,recalibrated-deployed,0.00320187,0.0018947,0.00476536,0.00311557,74,62,85,0.00320741,0.727937,74,0.0138233,NA,NA,NA,NA,NA,NA,0.412484,0.0152057,102,0.459459,0.320463,0,0.457529,0,Bayes-M14-fill-geo
Punia,Maniema,2,FALSE,recalibrated-deployed,0.00318849,0.00189045,0.00472866,0.00309774,75,61,85,0.00319399,0.724891,75,0.0137655,NA,NA,NA,NA,NA,NA,0.497426,0.0182604,87,0.762548,0.196911,0,0.532819,0,Bayes-M14-fill-geo
Aketi,Bas-Uele,2,FALSE,recalibrated-deployed,0.00303789,0.0019825,0.0043215,0.00297822,76,62,103,0.00304278,0.690574,76,0.0131153,NA,NA,NA,NA,NA,NA,0.901544,0.0315322,51,0.990347,0.936293,0,0.777992,0,Bayes-M14-fill-geo
Bumba,Mongala,2,FALSE,recalibrated-deployed,0.00301777,0.00184066,0.00439051,0.00295335,77,70,90,0.00302264,0.686003,77,0.0130285,NA,NA,NA,NA,NA,NA,0.317889,0.0110448,125,0.140927,0.453668,0,0.359073,0,Bayes-M14-fill-geo
Nyangezi,Sud-Kivu,2,FALSE,recalibrated-deployed,0.00292047,0.00193291,0.00407481,0.00287989,80,59,129,0.00292495,0.663832,78,0.0126084,NA,NA,NA,NA,NA,NA,0.491634,0.0165307,96,0.222008,0.88417,0,0.368726,0,Bayes-M14-fill-geo
Kunda,Maniema,2,FALSE,recalibrated-deployed,0.00286808,0.00174267,0.00423731,0.00277399,81,65,97,0.00287251,0.651931,79,0.0123822,NA,NA,NA,NA,NA,NA,0.555341,0.0183378,86,0.46332,0.279923,0,0.92278,0,Bayes-M14-fill-geo
Lowa,Tshopo,2,FALSE,recalibrated-deployed,0.0028495,0.00169876,0.00428342,0.00275733,82,67,95,0.00285389,0.647704,80,0.012302,NA,NA,NA,NA,NA,NA,0.543115,0.0178178,89,0.893822,0.0598456,0,0.675676,0,Bayes-M14-fill-geo
Kongolo,Tanganyika,2,FALSE,recalibrated-deployed,0.00284578,0.0015596,0.00450156,0.00272336,83,63,99,0.00285027,0.646882,81,0.012286,NA,NA,NA,NA,NA,NA,0.910553,0.0298334,52,0.8861,0.92278,0,0.92278,0,Bayes-M14-fill-geo
Tandala,Sud-Ubangi,2,FALSE,recalibrated-deployed,0.00278375,0.00183783,0.003924,0.00272975,83,65,117,0.00278784,0.632714,82,0.0120182,NA,NA,NA,NA,NA,NA,0.543758,0.0174274,91,0.274131,0.527027,0,0.830116,0,Bayes-M14-fill-geo
Nsele,Kinshasa,2,FALSE,recalibrated-deployed,0.00278023,6.61984e-4,0.00600034,0.00238906,94,49,177,0.00278565,0.632216,83,0.012003,NA,NA,NA,NA,NA,NA,0.211068,0.00675615,164,0.138996,0.399614,0,0.0945946,0,Bayes-M14-fill-geo
Kalehe,Sud-Kivu,2,FALSE,recalibrated-deployed,0.00276746,0.00163841,0.00420009,0.00271304,84,61,134,0.00277161,0.629031,84,0.0119478,NA,NA,NA,NA,NA,NA,0.449163,0.0143114,108,0.341699,0.864865,0,0.140927,0,Bayes-M14-fill-geo
Yamaluka,Mongala,2,FALSE,recalibrated-deployed,0.00269607,0.00167682,0.0038776,0.00264349,85,80,100,0.00269994,0.612765,85,0.0116396,NA,NA,NA,NA,NA,NA,0.263192,0.00816956,149,0.279923,0.144788,0,0.364865,0,Bayes-M14-fill-geo
Saramabila,Maniema,2,FALSE,recalibrated-deployed,0.00267837,0.00165189,0.0039074,0.00259648,87,72,106,0.00268222,0.608744,86,0.0115632,NA,NA,NA,NA,NA,NA,0.635779,0.0196052,72,0.472973,0.550193,0,0.88417,0,Bayes-M14-fill-geo
Masuika,Kasaï-Central,2,FALSE,recalibrated-deployed,0.00266966,0.00135377,0.00440727,0.00254805,91,65,110,0.00267369,0.606807,87,0.0115256,NA,NA,NA,NA,NA,NA,0.518018,0.015922,98,0.326255,0.561776,0,0.666023,0,Bayes-M14-fill-geo
Bunyakiri,Sud-Kivu,2,FALSE,recalibrated-deployed,0.00265538,0.00194224,0.00347707,0.00263095,88,71,118,0.00265902,0.603477,88,0.0114639,NA,NA,NA,NA,NA,NA,0.602317,0.0184139,85,0.619691,0.832046,0,0.35521200000000003,0,Bayes-M14-fill-geo
Mubumbano,Sud-Kivu,2,FALSE,recalibrated-deployed,0.00265305,0.00187141,0.00356567,0.00261211,87,69,119,0.00265671,0.602953,89,0.0114539,NA,NA,NA,NA,NA,NA,0.487773,0.0148991,104,0.26834,0.940154,0,0.254826,0,Bayes-M14-fill-geo
Ikela,Tshuapa,2,FALSE,recalibrated-deployed,0.00263159,0.00154847,0.00397129,0.00253795,90,73,104,0.00263534,0.598105,90,0.0113612,NA,NA,NA,NA,NA,NA,0.617761,0.0187169,82,0.814672,0.179537,0,0.859073,0,Bayes-M14-fill-geo
Yalifafu,Tshuapa,2,FALSE,recalibrated-deployed,0.00261648,0.00148594,0.00404692,0.00252021,91,72,105,0.00262023,0.594675,91,0.011296,NA,NA,NA,NA,NA,NA,0.63964,0.0192686,75,0.766409,0.26834,0,0.88417,0,Bayes-M14-fill-geo
Kabinda,Lomami,2,FALSE,recalibrated-deployed,0.00258195,0.00141521,0.00408993,0.00247564,93,73,107,0.00258563,0.586823,92,0.0111469,NA,NA,NA,NA,NA,NA,0.584299,0.0173691,92,0.509653,0.554054,0,0.689189,0,Bayes-M14-fill-geo
Yaleko,Tshopo,2,FALSE,recalibrated-deployed,0.00255996,0.00165377,0.00362444,0.00249339,90,75,116,0.00256343,0.581784,93,0.011052,NA,NA,NA,NA,NA,NA,0.536036,0.0157987,99,0.638996,0.245174,0,0.723938,0,Bayes-M14-fill-geo
Lulingu,Sud-Kivu,2,FALSE,recalibrated-deployed,0.00255674,0.00161037,0.00367386,0.00248435,91,78,111,0.00256022,0.581056,94,0.0110381,NA,NA,NA,NA,NA,NA,0.821107,0.0241703,58,0.909266,0.810811,0,0.743243,0,Bayes-M14-fill-geo
Omendjadi,Sankuru,2,FALSE,recalibrated-deployed,0.00254488,0.00135966,0.00408122,0.00243095,96,71,113,0.00254849,0.578392,95,0.0109869,NA,NA,NA,NA,NA,NA,0.568211,0.0166484,95,0.550193,0.23166,0,0.92278,0,Bayes-M14-fill-geo
Bokungu,Tshuapa,2,FALSE,recalibrated-deployed,0.0025406,0.0014168,0.00397189,0.00244173,95,75,110,0.00254416,0.577409,96,0.0109684,NA,NA,NA,NA,NA,NA,0.658301,0.0192556,76,0.694981,0.357143,0,0.92278,0,Bayes-M14-fill-geo
Kalemie,Tanganyika,2,FALSE,recalibrated-deployed,0.00249176,0.00136711,0.00380782,0.00242047,94,81,113,0.00249515,0.566288,97,0.0107575,NA,NA,NA,NA,NA,NA,0.505148,0.0144917,107,0.671815,0.457529,0,0.3861,0,Bayes-M14-fill-geo
Lodja,Sankuru,2,FALSE,recalibrated-deployed,0.00244156,0.00126327,0.00400448,0.00232318,100.5,76,119,0.00244492,0.554887,98,0.0105408,NA,NA,NA,NA,NA,NA,0.616795,0.0173382,93,0.262548,0.635135,0,0.952703,0,Bayes-M14-fill-geo
Djolu,Tshuapa,2,FALSE,recalibrated-deployed,0.00242349,0.00142105,0.00367752,0.00233104,97.5,81,115,0.00242668,0.550748,99,0.0104628,NA,NA,NA,NA,NA,NA,0.700772,0.019553,73,0.710425,0.598456,0,0.793436,0,Bayes-M14-fill-geo
Birambizo,Nord-Kivu,2,FALSE,recalibrated-deployed,0.00239274,0.00142887,0.0035796,0.00235763,99,70,144,0.00239582,0.543744,100,0.0103301,NA,NA,0.233232,17,NA,NA,0.483269,0.0133131,113,0.403475,0.889961,0,0.156371,0,Bayes-M14-fill-geo
Nyantende,Sud-Kivu,2,FALSE,recalibrated-deployed,0.00230544,0.00152887,0.00324643,0.00226245,101.5,69,155,0.00230824,0.523866,101,0.00995316,NA,NA,NA,NA,NA,NA,0.429215,0.0113926,122,0.148649,0.893822,0,0.245174,0,Bayes-M14-fill-geo
Limete,Kinshasa,2,FALSE,recalibrated-deployed,0.00225541,3.52304e-4,0.00568263,0.00173097,122,52,270.1,0.00225962,0.512832,102,0.00973719,NA,NA,NA,NA,NA,NA,0.0746461,0.00193833,322,0.0405405,0.137066,0,0.046332,0,Bayes-M14-fill-geo
Mulungu,Sud-Kivu,2,FALSE,recalibrated-deployed,0.00223964,0.00150991,0.00310896,0.00219661,102,80,135.05,0.00224227,0.508895,104,0.00966908,NA,NA,NA,NA,NA,NA,0.694337,0.0179037,88,0.861004,0.519305,0,0.702703,0,Bayes-M14-fill-geo
Binza Ozone,Kinshasa,2,FALSE,recalibrated-deployed,0.00223863,2.93539e-4,0.00591566,0.00165823,127,49,290,0.00224311,0.509086,103,0.00966475,NA,NA,NA,NA,NA,NA,0.202703,0.00522442,208,0.0733591,0.523166,0,0.011583,0,Bayes-M14-fill-geo
Kaniola,Sud-Kivu,2,FALSE,recalibrated-deployed,0.00222488,0.00163551,0.002924,0.00220577,104,81,133,0.00222744,0.505529,105,0.00960539,NA,NA,NA,NA,NA,NA,0.601673,0.0154121,100,0.532819,0.930502,0,0.341699,0,Bayes-M14-fill-geo
Kimbi Lulenge,Sud-Kivu,2,FALSE,recalibrated-deployed,0.0022201,0.00142722,0.00312497,0.00217765,104,99,113,0.00222271,0.504455,106,0.00958474,NA,NA,NA,NA,NA,NA,0.734234,0.0187673,80,0.84749,0.868726,0,0.486486,0,Bayes-M14-fill-geo
Ndekesha,Kasaï-Central,2,FALSE,recalibrated-deployed,0.00221782,0.00113145,0.00364119,0.00211565,109,83,127,0.00222059,0.503975,107,0.00957488,NA,NA,NA,NA,NA,NA,0.541184,0.0138187,112,0.476834,0.449807,0,0.696911,0,Bayes-M14-fill-geo
Ango,Bas-Uele,2,FALSE,recalibrated-deployed,0.00215581,0.00134792,0.00310814,0.00209101,105,90,130.05,0.00215829,0.489835,108,0.00930717,NA,NA,NA,NA,NA,NA,0.945946,0.0234786,61,1,0.859073,0,0.978764,0,Bayes-M14-fill-geo
Dibaya,Kasaï-Central,2,FALSE,recalibrated-deployed,0.00213999,0.00112145,0.00345111,0.00205095,111,90.95,127,0.00214255,0.486262,109,0.00923888,NA,NA,NA,NA,NA,NA,0.443372,0.0109238,127,0.314672,0.447876,0,0.567568,0,Bayes-M14-fill-geo
Yambuku,Mongala,2,FALSE,recalibrated-deployed,0.00213352,0.00134576,0.00307117,0.0020774500000000002,107,98,124,0.00213595,0.484765,110,0.00921097,NA,NA,NA,NA,NA,NA,0.579151,0.014226,109,0.548263,0.57529,0,0.6139,0,Bayes-M14-fill-geo
Kailo,Maniema,2,FALSE,recalibrated-deployed,0.00211804,0.00118589,0.00331226,0.00203168,111,91.95,128,0.0021205,0.481259,111,0.0091441,NA,NA,NA,NA,NA,NA,0.570142,0.0139031,111,0.832046,0.0945946,0,0.783784,0,Bayes-M14-fill-geo
Yahisuli,Tshopo,2,FALSE,recalibrated-deployed,0.0021096,0.00134494,0.00301143,0.00204961,108,92,135,0.00211197,0.479322,112,0.0091077,NA,NA,NA,NA,NA,NA,0.469434,0.0114017,121,0.38417,0.0714286,0,0.952703,0,Bayes-M14-fill-geo
Likati,Bas-Uele,2,FALSE,recalibrated-deployed,0.00210151,0.00133869,0.0029992,0.00204158,109,92,137,0.00210385,0.47748,113,0.00907274,NA,NA,NA,NA,NA,NA,0.949807,0.0229806,65,0.994208,0.971042,0,0.88417,0,Bayes-M14-fill-geo
Kampene,Maniema,2,FALSE,recalibrated-deployed,0.00208534,0.00127278,0.00306794,0.0020159,110,95,131,0.00208768,0.47381,114,0.00900295,NA,NA,NA,NA,NA,NA,0.528314,0.0126842,115,0.525097,0.175676,0,0.88417,0,Bayes-M14-fill-geo
Kalole,Sud-Kivu,2,FALSE,recalibrated-deployed,0.00206467,0.00130851,0.00295966,0.00200265,112,96,139,0.00206694,0.469103,115,0.00891373,NA,NA,NA,NA,NA,NA,0.805019,0.0191361,78,0.889961,0.779923,0,0.745174,0,Bayes-M14-fill-geo
Yamongili,Mongala,2,FALSE,recalibrated-deployed,0.00205663,0.00129111,0.00294357,0.00201463,112,106,118,0.00205888,0.467272,116,0.00887898,NA,NA,NA,NA,NA,NA,0.432432,0.0102393,130,0.511583,0.366795,0,0.418919,0,Bayes-M14-fill-geo
Mbulula,Tanganyika,2,FALSE,recalibrated-deployed,0.00202802,0.0011582,0.00313271,0.00195034,115,98,132,0.00203027,0.460781,117,0.0087555,NA,NA,NA,NA,NA,NA,0.791184,0.0184734,84,0.644788,0.776062,0,0.952703,0,Bayes-M14-fill-geo
Cilundu,Kasaï-Oriental,2,FALSE,recalibrated-deployed,0.00198806,9.97227e-4,0.0032146,0.00192058,116,97,140,0.00199028,0.451704,118,0.00858298,NA,NA,NA,NA,NA,NA,0.294723,0.00674591,165,0.23166,0.30888,0,0.343629,0,Bayes-M14-fill-geo
Kabalo,Tanganyika,2,FALSE,recalibrated-deployed,0.00198428,0.00109502,0.00312941,0.00190254,118,98,135,0.00198646,0.450836,119,0.00856666,NA,NA,NA,NA,NA,NA,0.832046,0.0190084,79,0.903475,0.756757,0,0.835907,0,Bayes-M14-fill-geo
Yahuma,Tshopo,2,FALSE,recalibrated-deployed,0.00195482,0.00123485,0.00279434,0.00190446,117,109,131,0.00195685,0.444117,120,0.00843945,NA,NA,NA,NA,NA,NA,0.586873,0.0132083,114,0.864865,0.332046,0,0.563707,0,Bayes-M14-fill-geo
Mompono,Tshuapa,2,FALSE,recalibrated-deployed,0.00195353,0.00110665,0.00302624,0.00188165,119,103,136,0.00195562,0.443837,121,0.00843388,NA,NA,NA,NA,NA,NA,0.746461,0.0167889,94,0.80888,0.604247,0,0.826255,0,Bayes-M14-fill-geo
Alunguli,Maniema,2,FALSE,recalibrated-deployed,0.0019026100000000001,0.00109516,0.00292602,0.00182345,121,106,141.05,0.00190459,0.432257,122,0.00821407,NA,NA,NA,NA,NA,NA,0.417632,0.00914829,141,0.173745,0.194981,0,0.88417,0,Bayes-M14-fill-geo
Lubumbashi,Haut-Katanga,2,FALSE,recalibrated-deployed,0.00189207,5.59542e-4,0.00375502,0.00169058,125,74,203,0.0018944,0.429944,123,0.00816856,NA,NA,NA,NA,NA,NA,0.147362,0.0032101,270,0.108108,0.210425,0,0.123552,0,Bayes-M14-fill-geo
Tshibala,Kasaï-Central,2,FALSE,recalibrated-deployed,0.00184133,9.23284e-4,0.00306116,0.00175207,124,101,142.05,0.00184325,0.418335,124,0.00794949,NA,NA,NA,NA,NA,NA,0.56242,0.011923,117,0.426641,0.57722,0,0.683398,0,Bayes-M14-fill-geo
Itebero,Nord-Kivu,2,FALSE,recalibrated-deployed,0.00179655,0.00121687,0.00248518,0.00176392,122,104,151,0.00179825,0.408121,125,0.00775618,NA,NA,0.175058,18,NA,NA,0.743243,0.0153733,101,0.911197,0.722008,0,0.596525,0,Bayes-M14-fill-geo
Mukumbi,Kasaï-Oriental,2,FALSE,recalibrated-deployed,0.00177853,9.56486e-4,0.00280269,0.0017125,125.5,113,137,0.00178028,0.404044,126,0.00767839,NA,NA,NA,NA,NA,NA,0.299871,0.00614034,179,0.241313,0.189189,0,0.469112,0,Bayes-M14-fill-geo
Kamituga,Sud-Kivu,2,FALSE,recalibrated-deployed,0.0017177,0.00118559,0.00230636,0.0016884,126,114,145,0.00171924,0.39019,127,0.00741576,NA,NA,NA,NA,NA,NA,0.479408,0.00948087,137,0.393822,0.606178,0,0.438224,0,Bayes-M14-fill-geo
Bogosenubea,Sud-Ubangi,2,FALSE,recalibrated-deployed,0.00170668,0.00111868,0.00242165,0.00167002,127,100,167,0.00170822,0.387689,128,0.00736817,NA,NA,NA,NA,NA,NA,0.547619,0.0107603,128,0.498069,0.303089,0,0.841699,0,Bayes-M14-fill-geo
Yangala,Kasaï-Central,2,FALSE,recalibrated-deployed,0.00166993,8.6613e-4,0.00270657,0.00159834,132,115,146,0.00167149,0.379353,129,0.00720952,NA,NA,NA,NA,NA,NA,0.463964,0.00892028,142,0.592664,0.225869,0,0.573359,0,Bayes-M14-fill-geo
Lingwala,Kinshasa,2,FALSE,recalibrated-deployed,0.00164529,2.19943e-4,0.00435405,0.00122152,156,61,319,0.00164769,0.373952,130,0.00710314,NA,NA,NA,NA,NA,NA,0.0431145,8.16699e-4,385,0.023166,0.0907336,0,0.015444,0,Bayes-M14-fill-geo
Mpokolo,Kasaï-Oriental,2,FALSE,recalibrated-deployed,0.00160155,8.16913e-4,0.00258261,0.0015479,133,121,154,0.00160298,0.363805,131,0.0069143,NA,NA,NA,NA,NA,NA,0.386744,0.00713115,159,0.125483,0.687259,0,0.34749,0,Bayes-M14-fill-geo
Nyunzu,Tanganyika,2,FALSE,recalibrated-deployed,0.00159797,9.02336e-4,0.00247404,0.00154462,133,121,149,0.00159937,0.362986,132,0.00689887,NA,NA,NA,NA,NA,NA,0.803089,0.0147751,105,0.965251,0.833977,0,0.610039,0,Bayes-M14-fill-geo
Kananga,Kasaï-Central,2,FALSE,recalibrated-deployed,0.00158251,8.08974e-4,0.00257671,0.00150554,137,122,149,0.00158392,0.359478,133,0.0068321,NA,NA,NA,NA,NA,NA,0.395109,0.00719878,157,0.142857,0.557915,0,0.484556,0,Bayes-M14-fill-geo
Kitutu,Sud-Kivu,2,FALSE,recalibrated-deployed,0.00158001,0.0010746,0.00214586,0.00155209,133,122,153,0.00158132,0.358888,134,0.00682132,NA,NA,NA,NA,NA,NA,0.669884,0.0121858,116,0.750965,0.805019,0,0.453668,0,Bayes-M14-fill-geo
Lolo,Mongala,2,FALSE,recalibrated-deployed,0.00157433,0.00103314,0.00220896,0.00153528,133,123,155,0.00157564,0.3576,135,0.00679679,NA,NA,NA,NA,NA,NA,0.421493,0.0076398,151,0.407336,0.326255,0,0.530888,0,Bayes-M14-fill-geo
Lemba,Kinshasa,2,FALSE,recalibrated-deployed,0.00156657,2.66523e-4,0.00380603,0.00123793,154,70,294.05,0.00156853,0.355985,136,0.0067633,NA,NA,NA,NA,NA,NA,0.136422,0.00246054,295,0.0482625,0.30695,0,0.0540541,0,Bayes-M14-fill-geo
Kokolo,Kinshasa,2,FALSE,recalibrated-deployed,0.00153383,2.07552e-4,0.0040326,0.00114589,162,66.95,323,0.00153589,0.348577,137,0.00662193,NA,NA,NA,NA,NA,NA,0.289575,0.00511368,212,0.0772201,0.772201,0,0.019305,0,Bayes-M14-fill-geo
Bili (Nord-Ubangi),Nord-Ubangi,2,FALSE,recalibrated-deployed,0.0015052,8.9732e-4,0.00225138,0.00144556,137,118,173,0.00150642,0.341891,138,0.00649833,NA,NA,NA,NA,NA,NA,0.943372,0.0163483,97,0.92471,0.918919,0,0.986486,0,Bayes-M14-fill-geo
Bwamanda,Sud-Ubangi,2,FALSE,recalibrated-deployed,0.00148856,9.8249e-4,0.00209148,0.00145781,139,115,178.05,0.00148973,0.338101,139,0.00642649,NA,NA,NA,NA,NA,NA,0.622265,0.0106644,129,0.418919,0.739382,0,0.708494,0,Bayes-M14-fill-geo
Ndjoko Mpunda,Kasaï,2,FALSE,recalibrated-deployed,0.00148769,7.46501e-4,0.00246907,0.00141693,142,122,157,0.00148894,0.337922,140,0.00642272,NA,NA,NA,NA,NA,NA,0.444015,0.0076051,153,0.397683,0.291506,0,0.642857,0,Bayes-M14-fill-geo
Mulumba,Lomami,2,FALSE,recalibrated-deployed,0.00146584,7.77035e-4,0.00235198,0.00140383,143,129,153,0.00146704,0.332952,141,0.00632841,NA,NA,NA,NA,NA,NA,0.344916,0.00582098,193,0.183398,0.310811,0,0.540541,0,Bayes-M14-fill-geo
Lusangi,Maniema,2,FALSE,recalibrated-deployed,0.00146418,8.93339e-4,0.00215557,0.00141435,139,126,165,0.00146533,0.332564,142,0.00632123,NA,NA,NA,NA,NA,NA,0.563063,0.00949175,136,0.565637,0.264479,0,0.859073,0,Bayes-M14-fill-geo
Bilomba,Kasaï-Central,2,FALSE,recalibrated-deployed,0.00142821,7.27399e-4,0.00235933,0.00136019,146,125,164,0.00142936,0.324401,143,0.00616594,NA,NA,NA,NA,NA,NA,0.534106,0.00878242,144,0.337838,0.442085,0,0.822394,0,Bayes-M14-fill-geo
Karawa,Nord-Ubangi,2,FALSE,recalibrated-deployed,0.00141763,9.1531e-4,0.00202629,0.00138508,144,119,188,0.00141869,0.32198,144,0.00612027,NA,NA,NA,NA,NA,NA,0.853925,0.0139373,110,0.756757,0.972973,0,0.832046,0,Bayes-M14-fill-geo
Samba,Maniema,2,FALSE,recalibrated-deployed,0.00141715,8.48115e-4,0.00211075,0.00136425,143,130,170,0.00141823,0.321875,145,0.00611819,NA,NA,NA,NA,NA,NA,0.690476,0.0112657,123,0.752896,0.434363,0,0.88417,0,Bayes-M14-fill-geo
Mumbunda,Haut-Katanga,2,FALSE,recalibrated-deployed,0.0013856,3.93787e-4,0.0027877,0.00122957,155,98,253,0.00138687,0.314757,146,0.005982,NA,NA,NA,NA,NA,NA,0.247104,0.00394198,244,0.119691,0.507722,0,0.1139,0,Bayes-M14-fill-geo
Abuzi,Nord-Ubangi,2,FALSE,recalibrated-deployed,0.00138239,8.05863e-4,0.00210165,0.00133082,145,134,170,0.00138343,0.313977,147,0.00596815,NA,NA,NA,NA,NA,NA,0.953668,0.0151784,103,0.984556,0.905405,0,0.971042,0,Bayes-M14-fill-geo
Luputa,Lomami,2,FALSE,recalibrated-deployed,0.00137745,7.28903e-4,0.00222372,0.00131644,148,132,167,0.0013785099999999999,0.31286,148,0.00594682,NA,NA,NA,NA,NA,NA,0.457529,0.00725589,155,0.330116,0.316602,0,0.725869,0,Bayes-M14-fill-geo
Bonzola,Kasaï-Oriental,2,FALSE,recalibrated-deployed,0.00136675,6.80741e-4,0.00221789,0.00131637,147,137,172,0.0013678,0.310428,149,0.0059006,NA,NA,NA,NA,NA,NA,0.394466,0.00620717,177,0.0926641,0.793436,0,0.297297,0,Bayes-M14-fill-geo
Mweneditu,Lomami,2,FALSE,recalibrated-deployed,0.00136615,7.21073e-4,0.00219488,0.00130862,150,136,161,0.00136719,0.310291,150,0.00589803,NA,NA,NA,NA,NA,NA,0.37323,0.00587045,190,0.166023,0.38417,0,0.569498,0,Bayes-M14-fill-geo
Lubunga (Kasaï-Central),Kasaï-Central,2,FALSE,recalibrated-deployed,0.00136235,7.23857e-4,0.00218992,0.00130254,150,133.95,169,0.00136338,0.309427,151,0.00588161,NA,NA,NA,NA,NA,NA,0.613256,0.00961891,133,0.563707,0.465251,0,0.810811,0,Bayes-M14-fill-geo
Wasolo,Nord-Ubangi,2,FALSE,recalibrated-deployed,0.00134697,7.75636e-4,0.00206633,0.00128713,148,127,185,0.00134796,0.305926,152,0.00581521,NA,NA,NA,NA,NA,NA,0.761261,0.0118056,118,0.554054,0.741313,0,0.988417,0,Bayes-M14-fill-geo
Kalonge,Sud-Kivu,2,FALSE,recalibrated-deployed,0.00134526,9.67437e-4,0.00178414,0.00132652,149,112.95,213.05,0.00134619,0.305526,153,0.00580783,NA,NA,NA,NA,NA,NA,0.53861,0.0083421,146,0.496139,0.835907,0,0.283784,0,Bayes-M14-fill-geo
Kaziba,Sud-Kivu,2,FALSE,recalibrated-deployed,0.00132445,9.8325e-4,0.00173526,0.00131233,149.5,122.95,200,0.00132535,0.300795,154,0.00571797,NA,NA,NA,NA,NA,NA,0.47619,0.00726124,154,0.287645,0.783784,0,0.357143,0,Bayes-M14-fill-geo
Idjwi,Sud-Kivu,2,FALSE,recalibrated-deployed,0.00131801,5.38411e-4,0.00240614,0.00123103,155,93,270,0.00131905,0.299364,155,0.00569019,NA,NA,NA,NA,NA,NA,0.400901,0.00608347,184,0.299228,0.822394,0,0.0810811,0,Bayes-M14-fill-geo
Yalimbongo,Tshopo,2,FALSE,recalibrated-deployed,0.00129185,8.06876e-4,0.0018722,0.00125374,153,136,182.05,0.00129274,0.293395,156,0.00557726,NA,NA,NA,NA,NA,NA,0.428571,0.00637429,171,0.57722,0.0482625,0,0.660232,0,Bayes-M14-fill-geo
Haut Plateau,Sud-Kivu,2,FALSE,recalibrated-deployed,0.00126932,8.20748e-4,0.00184429,0.00123761,155,118,227,0.00127017,0.288272,157,0.00547996,NA,NA,NA,NA,NA,NA,0.699485,0.0102222,131,0.571429,0.544402,0,0.982625,0,Bayes-M14-fill-geo
Opala,Tshopo,2,FALSE,recalibrated-deployed,0.00126915,7.7913e-4,0.00186099,0.00122797,155,139,186,0.00127002,0.288237,158,0.00547927,NA,NA,NA,NA,NA,NA,0.569176,0.0083168099999999991,147,0.781853,0.0791506,0,0.846525,0,Bayes-M14-fill-geo
Kinshasa,Kinshasa,2,FALSE,recalibrated-deployed,0.0012641,1.70079e-4,0.00333138,9.38156e-4,182,78,341,0.00126552,0.287215,159,0.00545746,NA,NA,NA,NA,NA,NA,0.027027,3.93347e-4,414,0.0135135,0.046332,0,0.0212355,0,Bayes-M14-fill-geo
Manono,Tanganyika,2,FALSE,recalibrated-deployed,0.00124006,6.53158e-4,0.00197977,0.00118748,159,151,166,0.00124092,0.281633,160,0.00535368,NA,NA,NA,NA,NA,NA,0.767696,0.0109605,126,0.878378,0.953668,0,0.471042,0,Bayes-M14-fill-geo
Kasansa,Kasaï-Oriental,2,FALSE,recalibrated-deployed,0.00123909,6.54169e-4,0.00194577,0.00119376,158,152,167,0.00123994,0.28141,161,0.00534945,NA,NA,NA,NA,NA,NA,0.446589,0.00637097,172,0.256757,0.669884,0,0.413127,0,Bayes-M14-fill-geo
Lubondaie,Kasaï-Central,2,FALSE,recalibrated-deployed,0.00123405,6.40523e-4,0.00201023,0.00118137,159,145,178,0.0012349,0.280267,162,0.0053277,NA,NA,NA,NA,NA,NA,0.419562,0.00596106,187,0.382239,0.158301,0,0.718147,0,Bayes-M14-fill-geo
Idiofa,Kwilu,2,FALSE,recalibrated-deployed,0.00123111,5.75837e-4,0.0021388,0.00115328,163,138,182,0.00123199,0.279606,163,0.005315,NA,NA,NA,NA,NA,NA,0.648005,0.0091848,140,0.453668,0.749035,0,0.741313,0,Bayes-M14-fill-geo
Kabongo,Haut-Lomami,2,FALSE,recalibrated-deployed,0.00122152,6.33785e-4,0.00198468,0.00116691,160,149,173,0.00122235,0.277419,164,0.00527361,NA,NA,NA,NA,NA,NA,0.716216,0.0100726,132,0.810811,0.777992,0,0.559846,0,Bayes-M14-fill-geo
Kamiji,Lomami,2,FALSE,recalibrated-deployed,0.00117022,6.20559e-4,0.00187617,0.00112384,164,154,179,0.00117098,0.265759,165,0.00505212,NA,NA,NA,NA,NA,NA,0.351351,0.00473373,222,0.339768,0.129344,0,0.584942,0,Bayes-M14-fill-geo
Kintambo,Kinshasa,2,FALSE,recalibrated-deployed,0.00116248,1.52931e-4,0.00307466,8.59304e-4,197.5,84,351,0.00116369,0.264104,166,0.0050187,NA,NA,NA,NA,NA,NA,0.045045,6.02874e-4,398,0.0212355,0.100386,0,0.0135135,0,Bayes-M14-fill-geo
Kasa Vubu,Kinshasa,2,FALSE,recalibrated-deployed,0.00115995,1.63169e-4,0.00302376,8.72125e-4,193,86,344,0.00116112,0.263522,167,0.00500782,NA,NA,NA,NA,NA,NA,0.0592021,7.9063e-4,388,0.030888,0.121622,0,0.0250965,0,Bayes-M14-fill-geo
Yakoma,Nord-Ubangi,2,FALSE,recalibrated-deployed,0.00115041,6.08016e-4,0.00187008,0.00108659,167,134,227,0.00115115,0.26126,168,0.00496662,NA,NA,NA,NA,NA,NA,0.885457,0.0117278,119,0.712355,0.947876,0,0.996139,0,Bayes-M14-fill-geo
Kimputu,Kwilu,2,FALSE,recalibrated-deployed,0.00113666,5.32851e-4,0.00197464,0.00106628,170,147,193,0.00113741,0.25814,169,0.00490724,NA,NA,NA,NA,NA,NA,0.671815,0.00879174,143,0.492278,0.638996,0,0.88417,0,Bayes-M14-fill-geo
Bominenge,Sud-Ubangi,2,FALSE,recalibrated-deployed,0.00112674,7.4525e-4,0.00158449,0.00110495,166,132,231,0.00112741,0.255871,170,0.00486442,NA,NA,NA,NA,NA,NA,0.434363,0.0056347,199,0.281853,0.0984556,0,0.92278,0,Bayes-M14-fill-geo
Lingomo,Tshuapa,2,FALSE,recalibrated-deployed,0.00111312,6.45773e-4,0.00169717,0.00106973,168,151,202,0.0011138,0.252781,171,0.00480563,NA,NA,NA,NA,NA,NA,0.750322,0.00961579,134,0.826255,0.586873,0,0.837838,0,Bayes-M14-fill-geo
Businga,Nord-Ubangi,2,FALSE,recalibrated-deployed,0.00110927,7.1158e-4,0.0015762,0.00107832,167,142,216,0.00110992,0.251902,172,0.00478898,NA,NA,NA,NA,NA,NA,0.904118,0.0115467,120,0.928571,0.861004,0,0.92278,0,Bayes-M14-fill-geo
Mufunga Sampwe,Haut-Katanga,2,FALSE,recalibrated-deployed,0.00110822,5.52306e-4,0.00184472,0.00105332,171,157,185.05,0.00110891,0.251673,173,0.00478446,NA,NA,NA,NA,NA,NA,0.503218,0.00642061,168,0.818533,0.0888031,0,0.602317,0,Bayes-M14-fill-geo
Kenge,Kwango,2,FALSE,recalibrated-deployed,0.00109307,4.98983e-4,0.00191948,0.0010194,175,151,203,0.00109377,0.248237,174,0.00471906,NA,NA,NA,NA,NA,NA,0.743243,0.00935351,138,0.6139,0.812741,0,0.803089,0,Bayes-M14-fill-geo
Moba,Tanganyika,2,FALSE,recalibrated-deployed,0.00107708,5.33061e-4,0.00172468,0.00102929,174,164,186,0.00107773,0.244596,175,0.00465001,NA,NA,NA,NA,NA,NA,0.507722,0.00629605,174,0.617761,0.494208,0,0.411197,0,Bayes-M14-fill-geo
Kibombo,Maniema,2,FALSE,recalibrated-deployed,0.0010744,6.17982e-4,0.00164736,0.0010329,172,155,206,0.00107503,0.243983,176,0.00463846,NA,NA,NA,NA,NA,NA,0.615187,0.0076097100000000004,152,0.745174,0.17760600000000001,0,0.92278,0,Bayes-M14-fill-geo
Kaniama,Haut-Lomami,2,FALSE,recalibrated-deployed,0.00107353,5.66369e-4,0.00173735,0.0010251,172,158,198,0.00107417,0.243788,177,0.00463469,NA,NA,NA,NA,NA,NA,0.776062,0.0095919,135,0.853282,0.662162,0,0.812741,0,Bayes-M14-fill-geo
Bunkonde,Kasaï-Central,2,FALSE,recalibrated-deployed,0.00106823,5.54591e-4,0.00174333,0.00102169,174,160,197.05,0.00106887,0.242586,178,0.00461184,NA,NA,NA,NA,NA,NA,0.469755,0.00577741,195,0.401544,0.277992,0,0.72973,0,Bayes-M14-fill-geo
Kalamu 1,Kinshasa,2,FALSE,recalibrated-deployed,0.00106616,1.55675e-4,0.00273968,8.07113e-4,205,96,348,0.00106712,0.242189,179,0.00460288,NA,NA,NA,NA,NA,NA,0.041184,5.05529e-4,404,0.019305,0.0733591,0,0.030888,0,Bayes-M14-fill-geo
Kungu,Sud-Ubangi,2,FALSE,recalibrated-deployed,0.00106288,6.97026e-4,0.00149901,0.00104268,173,138,240,0.00106347,0.241361,180,0.00458871,NA,NA,NA,NA,NA,NA,0.494852,0.00605555,186,0.374517,0.335907,0,0.774131,0,Bayes-M14-fill-geo
Bili (Bas-Uele),Bas-Uele,2,FALSE,recalibrated-deployed,0.00105845,6.6705e-4,0.00151947,0.00102815,174,147,226,0.00105905,0.240356,181,0.0045696,NA,NA,NA,NA,NA,NA,0.923423,0.011253,124,0.998069,0.799228,0,0.972973,0,Bayes-M14-fill-geo
Kitenge,Haut-Lomami,2,FALSE,recalibrated-deployed,0.00105446,5.54604e-4,0.00169712,0.00100804,176,164,195,0.00105508,0.239456,182,0.00455238,NA,NA,NA,NA,NA,NA,0.763835,0.00927312,139,0.866795,0.80695,0,0.617761,0,Bayes-M14-fill-geo
Nzaba,Kasaï-Oriental,2,FALSE,recalibrated-deployed,0.00102407,5.07769e-4,0.00167339,9.84534e-4,178,165,213,0.00102466,0.232553,183,0.00442119,NA,NA,NA,NA,NA,NA,0.370656,0.00437017,232,0.104247,0.69305,0,0.314672,0,Bayes-M14-fill-geo
Kitangwa,Kasaï,2,FALSE,recalibrated-deployed,0.00101987,4.91394e-4,0.00172457,9.66477e-4,181,165,199,0.00102047,0.2316,184,0.00440305,NA,NA,NA,NA,NA,NA,0.438224,0.00514562,211,0.633205,0.106178,0,0.57529,0,Bayes-M14-fill-geo
Kikwit Nord,Kwilu,2,FALSE,recalibrated-deployed,9.93759e-4,4.54021e-4,0.00174168,9.25359e-4,187.5,166,209,9.94335e-4,0.225669,185,0.00429031,NA,NA,NA,NA,NA,NA,0.388674,0.00444695,229,0.123552,0.540541,0,0.501931,0,Bayes-M14-fill-geo
Kabeya Kamwanga,Kasaï-Oriental,2,FALSE,recalibrated-deployed,9.82009e-4,5.23706e-4,0.00155949,9.42212e-4,184,180,191,9.82544e-4,0.222993,186,0.00423958,NA,NA,NA,NA,NA,NA,0.395753,0.0044744,226,0.322394,0.391892,0,0.472973,0,Bayes-M14-fill-geo
Lukonga,Kasaï-Central,2,FALSE,recalibrated-deployed,9.81848e-4,4.97032e-4,0.00158156,9.38347e-4,186,177,195,9.8239e-4,0.222958,187,0.00423889,NA,NA,NA,NA,NA,NA,0.43758,0.0049465,216,0.223938,0.642857,0,0.445946,0,Bayes-M14-fill-geo
Bongandanga,Mongala,2,FALSE,recalibrated-deployed,9.80892e-4,5.70989e-4,0.00149346,9.44251e-4,184,161,220,9.81415e-4,0.222737,188,0.00423476,NA,NA,NA,NA,NA,NA,0.563707,0.00636604,173,0.758687,0.00965251,0,0.92278,0,Bayes-M14-fill-geo
Kabambare,Maniema,2,FALSE,recalibrated-deployed,9.75238e-4,6.00851e-4,0.00142043,9.4662e-4,184,159,223,9.75748e-4,0.221451,189,0.00421035,NA,NA,NA,NA,NA,NA,0.527027,0.00591751,188,0.835907,0.111969,0,0.633205,0,Bayes-M14-fill-geo
Binza Meteo,Kinshasa,2,FALSE,recalibrated-deployed,9.60411e-4,1.37537e-4,0.00248773,7.24079e-4,226,105,359,9.61201e-4,0.218149,190,0.00414634,NA,NA,NA,NA,NA,NA,0.341055,0.00377118,248,0.0965251,0.899614,0,0.027027,0,Bayes-M14-fill-geo
Lusanga,Kwilu,2,FALSE,recalibrated-deployed,9.59228e-4,4.47356e-4,0.00165714,8.96536e-4,193,171,214,9.59761e-4,0.217823,191,0.00414123,NA,NA,NA,NA,NA,NA,0.565637,0.00624677,176,0.438224,0.72973,0,0.528958,0,Bayes-M14-fill-geo
Mondombe,Tshuapa,2,FALSE,recalibrated-deployed,9.545e-4,5.32376e-4,0.00149522,9.16872e-4,188,167,223,9.55e-4,0.216742,192,0.00412082,NA,NA,NA,NA,NA,NA,0.63964,0.00702921,162,0.662162,0.372587,0,0.88417,0,Bayes-M14-fill-geo
Lwamba,Haut-Lomami,2,FALSE,recalibrated-deployed,9.52491e-4,4.78878e-4,0.00156059,9.04291e-4,191,180,201,9.53001e-4,0.216288,193,0.00411215,NA,NA,NA,NA,NA,NA,0.648649,0.00711321,160,0.80695,0.640927,0,0.498069,0,Bayes-M14-fill-geo
Mikalayi,Kasaï-Central,2,FALSE,recalibrated-deployed,9.48056e-4,4.75259e-4,0.00157697,8.96858e-4,191,177,211,9.48565e-4,0.215282,194,0.004093,NA,NA,NA,NA,NA,NA,0.526384,0.00574555,196,0.451737,0.581081,0,0.546332,0,Bayes-M14-fill-geo
Boende,Tshuapa,2,FALSE,recalibrated-deployed,9.46115e-4,5.01226e-4,0.0015061,9.0734e-4,190,183,202,9.46612e-4,0.214838,195,0.00408462,NA,NA,NA,NA,NA,NA,0.559846,0.00609829,181,0.698842,0.480695,0,0.5,0,Bayes-M14-fill-geo
Kanda Kanda,Lomami,2,FALSE,recalibrated-deployed,9.35868e-4,5.00731e-4,0.00150022,8.94268e-4,191,173,220,9.36356e-4,0.212511,196,0.00404038,NA,NA,NA,NA,NA,NA,0.401544,0.00432657,234,0.318533,0.173745,0,0.712355,0,Bayes-M14-fill-geo
Mweka,Kasaï,2,FALSE,recalibrated-deployed,9.30062e-4,4.57972e-4,0.0015675,8.80563e-4,195,172,224,9.30556e-4,0.211194,197,0.00401531,NA,NA,NA,NA,NA,NA,0.673745,0.00721444,156,0.478764,0.723938,0,0.818533,0,Bayes-M14-fill-geo
Luebo,Kasaï,2,FALSE,recalibrated-deployed,9.2502e-4,4.63493e-4,0.00153701,8.78972e-4,195,175,222,9.25505e-4,0.210048,198,0.00399355,NA,NA,NA,NA,NA,NA,0.580438,0.00618162,178,0.523166,0.511583,0,0.706564,0,Bayes-M14-fill-geo
Masina 1,Kinshasa,2,FALSE,recalibrated-deployed,9.20783e-4,1.72585e-4,0.00216365,7.45616e-4,221,120,337.05,9.21435e-4,0.209124,199,0.00397526,NA,NA,NA,NA,NA,NA,0.02574,2.72874e-4,426,0.00772201,0.00772201,0,0.0617761,0,Bayes-M14-fill-geo
Mutoto,Kasaï-Central,2,FALSE,recalibrated-deployed,9.19843e-4,4.75055e-4,0.0014959,8.79535e-4,194.5,184,214,9.20317e-4,0.20887,200,0.0039712,NA,NA,NA,NA,NA,NA,0.458816,0.00485901,220,0.457529,0.361004,0,0.557915,0,Bayes-M14-fill-geo
Katako Kombe,Sankuru,2,FALSE,recalibrated-deployed,9.17814e-4,4.85641e-4,0.00148225,8.74548e-4,195,174,226,9.18284e-4,0.208409,201,0.00396244,NA,NA,NA,NA,NA,NA,0.627091,0.00662645,166,0.785714,0.131274,0,0.964286,0,Bayes-M14-fill-geo
Tshikaji,Kasaï-Central,2,FALSE,recalibrated-deployed,9.11381e-4,4.67379e-4,0.00148143,8.689e-4,197,190,210,9.11847e-4,0.206948,202,0.00393467,NA,NA,NA,NA,NA,NA,0.425997,0.00446995,227,0.187259,0.584942,0,0.505792,0,Bayes-M14-fill-geo
Katoka,Kasaï-Central,2,FALSE,recalibrated-deployed,9.01004e-4,4.50704e-4,0.00147481,8.54924e-4,200,192,209,9.01463e-4,0.204592,203,0.00388987,NA,NA,NA,NA,NA,NA,0.352638,0.00365807,250,0.121622,0.472973,0,0.46332,0,Bayes-M14-fill-geo
Bangabola,Sud-Ubangi,2,FALSE,recalibrated-deployed,8.90567e-4,5.91017e-4,0.00125077,8.72406e-4,198,149.95,270,8.90985e-4,0.202214,204,0.00384481,NA,NA,NA,NA,NA,NA,0.520592,0.00533777,205,0.353282,0.349421,0,0.859073,0,Bayes-M14-fill-geo
Bulape,Kasaï,2,FALSE,recalibrated-deployed,8.83275e-4,4.33442e-4,0.00148585,8.3765e-4,203,180,231,8.8372e-4,0.200565,205,0.00381332,NA,NA,NA,NA,NA,NA,0.57529,0.0058503,191,0.706564,0.185328,0,0.833977,0,Bayes-M14-fill-geo
Vanga Kete,Sankuru,2,FALSE,recalibrated-deployed,8.80963e-4,4.52294e-4,0.00145265,8.35404e-4,202,178,232,8.81401e-4,0.200038,206,0.00380334,NA,NA,NA,NA,NA,NA,0.600386,0.00608953,183,0.467181,0.411197,0,0.92278,0,Bayes-M14-fill-geo
Kanzala,Kasaï,2,FALSE,recalibrated-deployed,8.78036e-4,3.98021e-4,0.00150862,8.36196e-4,203,182,239,8.78482e-4,0.199376,207,0.00379071,NA,NA,NA,NA,NA,NA,0.272844,0.00275818,286,0.167954,0.312741,0,0.337838,0,Bayes-M14-fill-geo
Mont Ngafula 1,Kinshasa,2,FALSE,recalibrated-deployed,8.51379e-4,1.54208e-4,0.00202127,6.82894e-4,239.5,126,347,8.51941e-4,0.193352,208,0.00367562,NA,NA,NA,NA,NA,NA,0.275418,0.00269967,287,0.137066,0.631274,0,0.0579151,0,Bayes-M14-fill-geo
Mungindu,Kwilu,2,FALSE,recalibrated-deployed,8.44688e-4,4.00376e-4,0.00143732,7.93414e-4,212,196,232,8.45098e-4,0.191799,209,0.00364673,NA,NA,NA,NA,NA,NA,0.509009,0.00495014,215,0.469112,0.53668,0,0.521236,0,Bayes-M14-fill-geo
Tshikapa,Kasaï,2,FALSE,recalibrated-deployed,8.42955e-4,3.80991e-4,0.00144658,8.02737e-4,209,188.95,244,8.43366e-4,0.191406,210,0.00363925,NA,NA,NA,NA,NA,NA,0.420849,0.00408438,240,0.272201,0.650579,0,0.339768,0,Bayes-M14-fill-geo
Kamina,Haut-Lomami,2,FALSE,recalibrated-deployed,8.30009e-4,4.0324e-4,0.00135064,7.89342e-4,213,205,231,8.304e-4,0.188463,211,0.00358336,NA,NA,NA,NA,NA,NA,0.688546,0.00657977,167,0.830116,0.830116,0,0.405405,0,Bayes-M14-fill-geo
Dikungu,Sankuru,2,FALSE,recalibrated-deployed,8.28733e-4,4.40175e-4,0.00133862,7.89823e-4,210,186,241,8.29117e-4,0.188172,212,0.00357785,NA,NA,NA,NA,NA,NA,0.503861,0.00480752,221,0.486486,0.140927,0,0.88417,0,Bayes-M14-fill-geo
Kamwesha,Kasaï,2,FALSE,recalibrated-deployed,8.2731e-4,4.05128e-4,0.0013584,7.80754e-4,215,206,227,8.27698e-4,0.18785,213,0.00357171,NA,NA,NA,NA,NA,NA,0.364221,0.0034692,259,0.34556,0.287645,0,0.459459,0,Bayes-M14-fill-geo
Mukedi,Kwilu,2,FALSE,recalibrated-deployed,8.23953e-4,3.93306e-4,0.00141448,7.73679e-4,216,193,244,8.24346e-4,0.187089,214,0.00355722,NA,NA,NA,NA,NA,NA,0.644788,0.00611667,180,0.53668,0.706564,0,0.69112,0,Bayes-M14-fill-geo
Kalomba,Kasaï-Central,2,FALSE,recalibrated-deployed,8.15613e-4,4.07912e-4,0.00135069,7.76631e-4,214,194,242,8.1599e-4,0.185193,215,0.00352121,NA,NA,NA,NA,NA,NA,0.392535,0.00368603,249,0.316602,0.146718,0,0.714286,0,Bayes-M14-fill-geo
Tshumbe,Sankuru,2,FALSE,recalibrated-deployed,8.13008e-4,4.2672e-4,0.00132375,7.71529e-4,214,189,246,8.13379e-4,0.1846,217,0.00350997,NA,NA,NA,NA,NA,NA,0.520914,0.00487592,219,0.544402,0.171815,0,0.846525,0,Bayes-M14-fill-geo
Matete,Kinshasa,2,FALSE,recalibrated-deployed,8.12906e-4,1.43404e-4,0.00194889,6.47317e-4,250,132,353,8.13425e-4,0.184611,216,0.00350952,NA,NA,NA,NA,NA,NA,0.0656371,6.14306e-4,397,0.0250965,0.11583,0,0.0559846,0,Bayes-M14-fill-geo
Luiza,Kasaï-Central,2,FALSE,recalibrated-deployed,8.08055e-4,4.04712e-4,0.0013442,7.66745e-4,217,204,236,8.08424e-4,0.183476,218,0.00348858,NA,NA,NA,NA,NA,NA,0.56242,0.00523235,207,0.480695,0.629344,0,0.57722,0,Bayes-M14-fill-geo
Diulu,Kasaï-Oriental,2,FALSE,recalibrated-deployed,7.98109e-4,4.00953e-4,0.00130244,7.69649e-4,218,199,243,7.98466e-4,0.181216,219,0.00344564,NA,NA,NA,NA,NA,NA,0.348134,0.00319893,272,0.0675676,0.644788,0,0.332046,0,Bayes-M14-fill-geo
Kafakumba,Lualaba,2,FALSE,recalibrated-deployed,7.9571e-4,3.95394e-4,0.00132603,7.56878e-4,222,197,249.05,7.9607e-4,0.180672,220,0.00343529,NA,NA,NA,NA,NA,NA,0.619691,0.00567709,197,0.868726,0.202703,0,0.787645,0,Bayes-M14-fill-geo
Bena Leka,Kasaï-Central,2,FALSE,recalibrated-deployed,7.94559e-4,4.02309e-4,0.00131368,7.57656e-4,220,200,245,7.94915e-4,0.18041,221,0.0034303100000000002,NA,NA,NA,NA,NA,NA,0.664736,0.00608094,185,0.606178,0.716216,0,0.671815,0,Bayes-M14-fill-geo
Bulungu,Kwilu,2,FALSE,recalibrated-deployed,7.91314e-4,3.64701e-4,0.00138932,7.39173e-4,227,196,257,7.9168e-4,0.179676,222,0.00341631,NA,NA,NA,NA,NA,NA,0.60103,0.00547571,203,0.357143,0.679537,0,0.766409,0,Bayes-M14-fill-geo
Kamana,Lomami,2,FALSE,recalibrated-deployed,7.89053e-4,4.4087e-4,0.00122874,7.61136e-4,218,197,246,7.89395e-4,0.179157,223,0.00340654,NA,NA,NA,NA,NA,NA,0.392535,0.00356599,255,0.530888,0.0173745,0,0.629344,0,Bayes-M14-fill-geo
Malemba Nkulu,Haut-Lomami,2,FALSE,recalibrated-deployed,7.86938e-4,3.85097e-4,0.00128331,7.46341e-4,223,215,236,7.87289e-4,0.178679,224,0.00339741,NA,NA,NA,NA,NA,NA,0.519305,0.00470499,223,0.368726,0.766409,0,0.42278,0,Bayes-M14-fill-geo
Manika,Lualaba,2,FALSE,recalibrated-deployed,7.82442e-4,2.55972e-4,0.0015032,7.11694e-4,234,163,296.05,7.82829e-4,0.177667,225,0.003378,NA,NA,NA,NA,NA,NA,0.153153,0.00137967,349,0.0945946,0.222008,0,0.142857,0,Bayes-M14-fill-geo
Wapinda,Nord-Ubangi,2,FALSE,recalibrated-deployed,7.78779e-4,4.76543e-4,0.00114044,7.52361e-4,220,173,269,7.79105e-4,0.176822,226,0.00336219,NA,NA,NA,NA,NA,NA,0.905405,0.00811807,150,0.901544,0.839768,0,0.974903,0,Bayes-M14-fill-geo
Demba,Kasaï-Central,2,FALSE,recalibrated-deployed,7.78453e-4,3.90554e-4,0.00126379,7.41632e-4,225,219,232,7.78794e-4,0.176751,227,0.00336078,NA,NA,NA,NA,NA,NA,0.548906,0.00491955,217,0.465251,0.714286,0,0.467181,0,Bayes-M14-fill-geo
Kalenda,Lomami,2,FALSE,recalibrated-deployed,7.7685e-4,4.05491e-4,0.0012567,7.43721e-4,224,211,241,0.00077718800000000005,0.176387,228,0.00335386,NA,NA,NA,NA,NA,NA,0.384813,0.00344178,262,0.388031,0.187259,0,0.579151,0,Bayes-M14-fill-geo
Lomela,Sankuru,2,FALSE,recalibrated-deployed,7.73773e-4,4.24837e-4,0.00122216,7.41099e-4,224,193,255,7.74104e-4,0.175687,229,0.00334058,NA,NA,NA,NA,NA,NA,0.634492,0.00565243,198,0.84556,0.135135,0,0.92278,0,Bayes-M14-fill-geo
Tshamilemba,Haut-Katanga,2,FALSE,recalibrated-deployed,7.70308e-4,2.24589e-4,0.00153641,6.84982e-4,241,158,310,7.70696e-4,0.174913,230,0.00332562,NA,NA,NA,NA,NA,NA,0.10296,9.13122e-4,382,0.0656371,0.125483,0,0.117761,0,Bayes-M14-fill-geo
Monga,Bas-Uele,2,FALSE,recalibrated-deployed,7.62003e-4,4.40389e-4,0.00117253,7.29757e-4,228,176,275,7.62321e-4,0.173012,231,0.00328976,NA,NA,NA,NA,NA,NA,0.978121,0.00858114,145,0.982625,0.967181,0,0.984556,0,Bayes-M14-fill-geo
Bokoro,Mai-Ndombe,2,FALSE,recalibrated-deployed,7.60496e-4,3.85893e-4,0.00125481,7.23882e-4,230,206,254,7.60822e-4,0.172672,232,0.00328325,NA,NA,NA,NA,NA,NA,0.628057,0.00549909,201,0.687259,0.509653,0,0.687259,0,Bayes-M14-fill-geo
Kansimba,Tanganyika,2,FALSE,recalibrated-deployed,7.58457e-4,4.04052e-4,0.00120435,7.27181e-4,229,224,235,7.58777e-4,0.172208,233,0.00327445,NA,NA,NA,NA,NA,NA,0.732947,0.00640029,169,0.947876,0.774131,0,0.476834,0,Bayes-M14-fill-geo
Vanga,Kwilu,2,FALSE,recalibrated-deployed,7.55351e-4,3.49237e-4,0.00132182,7.06545e-4,236,205,264,7.55684e-4,0.171506,234,0.00326104,NA,NA,NA,NA,NA,NA,0.671171,0.00583684,192,0.372587,0.820463,0,0.820463,0,Bayes-M14-fill-geo
Boso Manzi,Mongala,2,FALSE,recalibrated-deployed,7.48479e-4,4.83302e-4,0.00106901,7.31085e-4,228,166,294,7.48776e-4,0.169938,235,0.00323138,NA,NA,NA,NA,NA,NA,0.530888,0.00457486,225,0.569498,0.227799,0,0.795367,0,Bayes-M14-fill-geo
Pimu,Mongala,2,FALSE,recalibrated-deployed,7.46407e-4,4.38568e-4,0.00113016,7.17771e-4,231,184,270,7.4671e-4,0.16947,236,0.00322243,NA,NA,NA,NA,NA,NA,0.567568,0.00487741,218,0.583012,0.370656,0,0.749035,0,Bayes-M14-fill-geo
Ototo,Sankuru,2,FALSE,recalibrated-deployed,7.46137e-4,3.76997e-4,0.00123876,7.06665e-4,235,206,261,7.46452e-4,0.169411,237,0.00322126,NA,NA,NA,NA,NA,NA,0.608108,0.0052239,209,0.53861,0.362934,0,0.92278,0,Bayes-M14-fill-geo
Tshilenge,Kasaï-Oriental,2,FALSE,recalibrated-deployed,7.45173e-4,3.63844e-4,0.00122126,7.16329e-4,233,203,261,7.45486e-4,0.169192,238,0.0032171,NA,NA,NA,NA,NA,NA,0.37323,0.00320206,271,0.189189,0.667954,0,0.262548,0,Bayes-M14-fill-geo
Minga,Sankuru,2,FALSE,recalibrated-deployed,7.42616e-4,3.89789e-4,0.00120632,7.06916e-4,235,205,260,7.42924e-4,0.16861,239,0.00320606,NA,NA,NA,NA,NA,NA,0.712999,0.00609605,182,0.783784,0.471042,0,0.88417,0,Bayes-M14-fill-geo
Maluku 1,Kinshasa,2,FALSE,recalibrated-deployed,7.39901e-4,2.15817e-4,0.0014908,6.62411e-4,247,166.95,312.05,7.40258e-4,0.168005,240,0.00319434,NA,NA,NA,NA,NA,NA,0.309524,0.00263671,289,0.34749,0.451737,0,0.129344,0,Bayes-M14-fill-geo
Kalonda Ouest,Kasaï,2,FALSE,recalibrated-deployed,7.36923e-4,3.31185e-4,0.00125719,6.98121e-4,237,212,257,7.37238e-4,0.16732,241,0.00318149,NA,NA,NA,NA,NA,NA,0.298584,0.00253329,292,0.291506,0.250965,0,0.353282,0,Bayes-M14-fill-geo
Kalambayi Kabanga,Lomami,2,FALSE,recalibrated-deployed,7.35385e-4,4.02589e-4,0.00116073,7.08011e-4,234,210,255,7.35683e-4,0.166967,242,0.00317485,NA,NA,NA,NA,NA,NA,0.417632,0.00353593,257,0.455598,0.160232,0,0.637066,0,Bayes-M14-fill-geo
Makanza,Equateur,2,FALSE,recalibrated-deployed,7.33672e-4,3.71061e-4,0.00121369,6.99357e-4,238,211,263,7.33976e-4,0.16658,243,0.00316745,NA,NA,NA,NA,NA,NA,0.851995,0.00719671,158,0.953668,0.795367,0,0.80695,0,Bayes-M14-fill-geo
Bandalungwa,Kinshasa,2,FALSE,recalibrated-deployed,7.32868e-4,9.75047e-5,0.00194036,5.4205e-4,273,129.95,390,7.33348e-4,0.166437,244,0.00316398,NA,NA,NA,NA,NA,NA,0.0945946,7.98156e-4,387,0.0328185,0.233591,0,0.0173745,0,Bayes-M14-fill-geo
Obokote,Maniema,2,FALSE,recalibrated-deployed,7.24708e-4,4.65171e-4,0.00102971,7.05003e-4,233,185,273.05,7.24986e-4,0.164539,245,0.00312875,NA,NA,NA,NA,NA,NA,0.427928,0.0035705,253,0.723938,0.0328185,0,0.527027,0,Bayes-M14-fill-geo
Barumbu,Kinshasa,2,FALSE,recalibrated-deployed,7.21992e-4,1.00419e-4,0.00188611,5.41404e-4,272,135,386,7.22445e-4,0.163962,246,0.00311703,NA,NA,NA,NA,NA,NA,0.0186615,1.55123e-4,438,0.00965251,0.023166,0,0.023166,0,Bayes-M14-fill-geo
Kiambi,Tanganyika,2,FALSE,recalibrated-deployed,7.14138e-4,3.93049e-4,0.00112113,6.88139e-4,240,216,260,7.14419e-4,0.162141,247,0.00308312,NA,NA,NA,NA,NA,NA,0.761261,0.0062591,175,0.980695,0.683398,0,0.619691,0,Bayes-M14-fill-geo
Ankoro,Tanganyika,2,FALSE,recalibrated-deployed,6.88585e-4,3.55474e-4,0.0011220100000000001,6.5876e-4,247,223,269,6.88851e-4,0.156338,248,0.0029728,NA,NA,NA,NA,NA,NA,0.806306,0.00639224,170,0.926641,0.828185,0,0.664093,0,Bayes-M14-fill-geo
Moanza,Kwilu,2,FALSE,recalibrated-deployed,6.8703e-4,3.16235e-4,0.00120265,6.41086e-4,249,220,279,6.87305e-4,0.155987,249,0.00296608,NA,NA,NA,NA,NA,NA,0.693372,0.00548451,202,0.598456,0.528958,0,0.952703,0,Bayes-M14-fill-geo
Bipemba,Kasaï-Oriental,2,FALSE,recalibrated-deployed,6.81239e-4,3.41873e-4,0.00111148,6.56848e-4,247,225,264,6.815e-4,0.15467,250,0.00294108,NA,NA,NA,NA,NA,NA,0.20592,0.00161508,340,0.0617761,0.220077,0,0.335907,0,Bayes-M14-fill-geo
Kikwit Sud,Kwilu,2,FALSE,recalibrated-deployed,6.77139e-4,3.0114e-4,0.00120325,6.27974e-4,251,230.95,269.05,6.77409e-4,0.153741,251,0.00292338,NA,NA,NA,NA,NA,NA,0.43758,0.00341139,264,0.131274,0.700772,0,0.480695,0,Bayes-M14-fill-geo
Bosondjo,Mongala,2,FALSE,recalibrated-deployed,6.76332e-4,3.83572e-4,0.00104763,6.54209e-4,248,216,276,6.76582e-4,0.153554,252,0.0029199,NA,NA,NA,NA,NA,NA,0.465251,0.00362279,251,0.561776,0.19305,0,0.640927,0,Bayes-M14-fill-geo
Katende,Kasaï-Central,2,FALSE,recalibrated-deployed,6.7557e-4,3.49267e-4,0.00110725,6.44143e-4,250,222,276,6.75826e-4,0.153382,253,0.00291661,NA,NA,NA,NA,NA,NA,0.687259,0.00534547,204,0.65251,0.648649,0,0.760618,0,Bayes-M14-fill-geo
Tshudi Loto,Sankuru,2,FALSE,recalibrated-deployed,6.73181e-4,3.61907e-4,0.00107481,6.4417e-4,251,221,277,6.73433e-4,0.152839,254,0.00290629,NA,NA,NA,NA,NA,NA,0.564994,0.00437896,231,0.76834,0.003861,0,0.92278,0,Bayes-M14-fill-geo
Mont Ngafula 2,Kinshasa,2,FALSE,recalibrated-deployed,6.72198e-4,1.01711e-4,0.00170643,5.12932e-4,284,146,381.05,6.72574e-4,0.152644,255,0.00290205,NA,NA,NA,NA,NA,NA,0.12677,9.81089e-4,377,0.0849421,0.256757,0,0.03861,0,Bayes-M14-fill-geo
Djombo,Equateur,2,FALSE,recalibrated-deployed,6.71746e-4,3.84333e-4,0.00103564,6.47389e-4,250,209,281,6.71992e-4,0.152512,256,0.0029001,NA,NA,NA,NA,NA,NA,0.873874,0.00675848,163,0.916988,0.781853,0,0.92278,0,Bayes-M14-fill-geo
Ferekeni,Maniema,2,FALSE,recalibrated-deployed,6.63642e-4,3.87937e-4,0.00101177,6.40876e-4,251,216,281,6.63882e-4,0.150671,257,0.00286511,NA,NA,NA,NA,NA,NA,0.467181,0.00356956,254,0.772201,0.042471,0,0.586873,0,Bayes-M14-fill-geo
Masi Manimba,Kwilu,2,FALSE,recalibrated-deployed,6.63539e-4,2.95926e-4,0.0011854,6.14312e-4,256,223,288,6.638e-4,0.150653,258,0.00286467,NA,NA,NA,NA,NA,NA,0.570785,0.00436048,233,0.332046,0.496139,0,0.88417,0,Bayes-M14-fill-geo
Itombwe,Sud-Kivu,2,FALSE,recalibrated-deployed,6.61591e-4,4.34404e-4,9.15377e-4,6.46061e-4,247,197,293,6.61822e-4,0.150204,259,0.00285626,NA,NA,NA,NA,NA,NA,0.682754,0.00520055,210,0.857143,0.673745,0,0.517375,0,Bayes-M14-fill-geo
Koshibanda,Kwilu,2,FALSE,recalibrated-deployed,6.58398e-4,3.1392e-4,0.00113232,6.19957e-4,255,228,283.05,6.58648e-4,0.149483,260,0.00284247,NA,NA,NA,NA,NA,NA,0.655084,0.0049657,214,0.519305,0.675676,0,0.77027,0,Bayes-M14-fill-geo
Bosobolo,Nord-Ubangi,2,FALSE,recalibrated-deployed,6.46637e-4,3.95424e-4,9.4705e-4,6.24719e-4,255,196,303,6.46862e-4,0.146809,261,0.0027917,NA,NA,NA,NA,NA,NA,0.953024,0.00709513,161,0.936293,0.945946,0,0.976834,0,Bayes-M14-fill-geo
Wangata,Equateur,2,FALSE,recalibrated-deployed,6.41834e-4,2.86294e-4,0.00110202,6.00592e-4,259,241,273,6.42074e-4,0.145722,262,0.00277096,NA,NA,NA,NA,NA,NA,0.555985,0.00410848,239,0.233591,0.986486,0,0.447876,0,Bayes-M14-fill-geo
Selembao,Kinshasa,2,FALSE,recalibrated-deployed,6.41728e-4,9.85806e-5,0.00163116,4.89086e-4,291,149,387,6.42073e-4,0.145722,263,0.0027705,NA,NA,NA,NA,NA,NA,0.0900901,6.65616e-4,393,0.044401500000000003,0.181467,0,0.044401500000000003,0,Bayes-M14-fill-geo
Mbandaka,Equateur,2,FALSE,recalibrated-deployed,6.38094e-4,2.863e-4,0.00109379,5.97701e-4,260,243,274,6.3833e-4,0.144872,264,0.00275481,NA,NA,NA,NA,NA,NA,0.688546,0.00505839,213,0.640927,0.96332,0,0.46139,0,Bayes-M14-fill-geo
Bibanga,Kasaï-Oriental,2,FALSE,recalibrated-deployed,6.37103e-4,3.34049e-4,0.00100136,6.16895e-4,256,247,263,6.37328e-4,0.144645,265,0.00275054,NA,NA,NA,NA,NA,NA,0.39704,0.00291232,282,0.312741,0.488417,0,0.389961,0,Bayes-M14-fill-geo
Lukelenge,Kasaï-Oriental,2,FALSE,recalibrated-deployed,6.27039e-4,3.15125e-4,0.00101497,6.04095e-4,260,236,277,6.27259e-4,0.14236,266,0.00270709,NA,NA,NA,NA,NA,NA,0.299871,0.00216483,311,0.0810811,0.5,0,0.318533,0,Bayes-M14-fill-geo
Pangi,Maniema,2,FALSE,recalibrated-deployed,6.20052e-4,3.60197e-4,9.4853e-4,5.97195e-4,262,225,294,6.20261e-4,0.140771,267,0.00267692,NA,NA,NA,NA,NA,NA,0.442085,0.00315594,273,0.608108,0.0559846,0,0.662162,0,Bayes-M14-fill-geo
Wembo Nyama,Sankuru,2,FALSE,recalibrated-deployed,6.16712e-4,3.32714e-4,9.84923e-4,5.89308e-4,263,233,291,6.16923e-4,0.140014,268,0.0026625,NA,NA,NA,NA,NA,NA,0.546332,0.00387913,245,0.501931,0.214286,0,0.92278,0,Bayes-M14-fill-geo
Kikimi,Kinshasa,2,FALSE,recalibrated-deployed,6.03462e-4,1.35113e-4,0.00132626,5.10099e-4,286,175,356,6.03722e-4,0.137018,269,0.0026053,NA,NA,NA,NA,NA,NA,0.111326,7.73464e-4,390,0.0559846,0.19112,0,0.0868726,0,Bayes-M14-fill-geo
Iboko,Equateur,2,FALSE,recalibrated-deployed,5.98735e-4,2.99096e-4,0.00100122,5.69166e-4,268,239,294,5.98939e-4,0.135932,270,0.00258489,NA,NA,NA,NA,NA,NA,0.815959,0.00562469,200,0.828185,0.791506,0,0.828185,0,Bayes-M14-fill-geo
Libenge,Sud-Ubangi,2,FALSE,recalibrated-deployed,5.9172e-4,3.90084e-4,8.1866e-4,5.774e-4,266,213,309,5.91905e-4,0.134336,271,0.00255461,NA,NA,NA,NA,NA,NA,0.509009,0.00346767,260,0.629344,0.359073,0,0.53861,0,Bayes-M14-fill-geo
Loko,Nord-Ubangi,2,FALSE,recalibrated-deployed,5.88276e-4,3.72169e-4,8.45646e-4,5.70687e-4,268,201,321,5.8846e-4,0.133554,272,0.00253974,NA,NA,NA,NA,NA,NA,0.8713,0.00590125,189,0.940154,0.926641,0,0.747104,0,Bayes-M14-fill-geo
Kalonda Est,Lomami,2,FALSE,recalibrated-deployed,5.87014e-4,3.18289e-4,9.31833e-4,5.64049e-4,269,242,293,5.87205e-4,0.133269,273,0.00253429,NA,NA,NA,NA,NA,NA,0.438867,0.00296604,280,0.542471,0.150579,0,0.623552,0,Bayes-M14-fill-geo
Makota,Lomami,2,FALSE,recalibrated-deployed,5.86304e-4,3.0838e-4,9.44927e-4,5.62179e-4,270,249,287,5.86496e-4,0.133108,274,0.00253122,NA,NA,NA,NA,NA,NA,0.344916,0.00232826,304,0.102317,0.376448,0,0.555985,0,Bayes-M14-fill-geo
Lualaba,Lualaba,2,FALSE,recalibrated-deployed,5.74437e-4,2.00853e-4,0.00107642,5.26627e-4,281.5,214.95,321,5.74642e-4,0.130418,275,0.00247999,NA,NA,NA,NA,NA,NA,0.187259,0.00123845,363,0.35521200000000003,0.034749,0,0.171815,0,Bayes-M14-fill-geo
Butumba,Haut-Lomami,2,FALSE,recalibrated-deployed,5.70256e-4,2.74576e-4,9.6618e-4,5.38584e-4,275,251,297,5.70441e-4,0.129465,276,0.00246194,NA,NA,NA,NA,NA,NA,0.612613,0.00402208,242,0.797297,0.415058,0,0.625483,0,Bayes-M14-fill-geo
Kingabwa,Kinshasa,2,FALSE,recalibrated-deployed,5.69978e-4,9.42591e-5,0.00140629,4.4673e-4,300.5,161.95,391,0.00057023900000000005,0.129419,277,0.00246074,NA,NA,NA,NA,NA,NA,0.0637066,4.18059e-4,412,0.042471,0.0965251,0,0.0521236,0,Bayes-M14-fill-geo
Mulongo,Haut-Lomami,2,FALSE,recalibrated-deployed,5.6813e-4,2.77479e-4,9.199e-4,5.42391e-4,274,266,279,5.68312e-4,0.128981,278,0.00245276,NA,NA,NA,NA,NA,NA,0.636422,0.00416283,236,0.747104,0.77027,0,0.391892,0,Bayes-M14-fill-geo
Mawuya,Sud-Ubangi,2,FALSE,recalibrated-deployed,5.68022e-4,3.84534e-4,7.74993e-4,5.58355e-4,269,222,313,5.6819e-4,0.128954,279,0.0024523,NA,NA,NA,NA,NA,NA,0.353925,0.00231458,305,0.444015,0.239382,0,0.378378,0,Bayes-M14-fill-geo
Bukama,Haut-Lomami,2,FALSE,recalibrated-deployed,5.6717e-4,2.70382e-4,9.43234e-4,5.33989e-4,275,266.95,284,5.67354e-4,0.128764,280,0.00244862,NA,NA,NA,NA,NA,NA,0.635135,0.00414739,237,0.714286,0.762548,0,0.428571,0,Bayes-M14-fill-geo
Tunda,Maniema,2,FALSE,recalibrated-deployed,5.6714e-4,3.13401e-4,8.92441e-4,5.43544e-4,275,238,311,5.67318e-4,0.128756,281,0.00244849,NA,NA,NA,NA,NA,NA,0.611969,0.00399591,243,0.897683,0.0540541,0,0.88417,0,Bayes-M14-fill-geo
Befale,Tshuapa,2,FALSE,recalibrated-deployed,5.65624e-4,3.04757e-4,9.0944e-4,5.40139e-4,276,241,308,5.65802e-4,0.128412,282,0.00244194,NA,NA,NA,NA,NA,NA,0.685972,0.00446714,228,0.882239,0.490347,0,0.685328,0,Bayes-M14-fill-geo
Mosango,Kwilu,2,FALSE,recalibrated-deployed,5.62508e-4,2.56768e-4,9.89759e-4,5.24163e-4,279,246,308,5.62693e-4,0.127706,283,0.00242849,NA,NA,NA,NA,NA,NA,0.686615,0.00444669,230,0.546332,0.737452,0,0.776062,0,Bayes-M14-fill-geo
Bolomba,Equateur,2,FALSE,recalibrated-deployed,5.59899e-4,2.81894e-4,9.26292e-4,0.00053203600000000005,279,249.95,303,5.60076e-4,0.127112,284,0.00241723,NA,NA,NA,NA,NA,NA,0.82175,0.00529718,206,0.957529,0.853282,0,0.65444,0,Bayes-M14-fill-geo
Citenge,Kasaï-Oriental,2,FALSE,recalibrated-deployed,5.59663e-4,2.76815e-4,9.12308e-4,5.38097e-4,275,254,289,5.5984e-4,0.127058,285,0.00241621,NA,NA,NA,NA,NA,NA,0.309524,0.00199442,320,0.158301,0.474903,0,0.295367,0,Bayes-M14-fill-geo
Ipamu,Kwilu,2,FALSE,recalibrated-deployed,5.59489e-4,2.57984e-4,9.80006e-4,5.23134e-4,280,248,307,5.59672e-4,0.12702,286,0.00241546,NA,NA,NA,NA,NA,NA,0.727156,0.00468398,224,0.490347,0.76834,0,0.92278,0,Bayes-M14-fill-geo
Lusambo,Sankuru,2,FALSE,recalibrated-deployed,5.56437e-4,2.84471e-4,9.14048e-4,5.31714e-4,280,248,307,5.56611e-4,0.126326,287,0.00240228,NA,NA,NA,NA,NA,NA,0.644466,0.00412868,238,0.681467,0.299228,0,0.952703,0,Bayes-M14-fill-geo
Basankusu,Equateur,2,FALSE,recalibrated-deployed,5.53731e-4,2.87946e-4,9.0425e-4,5.27795e-4,281,246,309,5.53903e-4,0.125711,288,0.0023906,NA,NA,NA,NA,NA,NA,0.912484,0.00581728,194,0.951737,0.862934,0,0.92278,0,Bayes-M14-fill-geo
Gungu,Kwilu,2,FALSE,recalibrated-deployed,5.47224e-4,2.50905e-4,9.54423e-4,5.0989e-4,282,265,297,5.47398e-4,0.124235,289,0.0023625,NA,NA,NA,NA,NA,NA,0.564994,0.00355962,256,0.505792,0.696911,0,0.492278,0,Bayes-M14-fill-geo
Kansele,Kasaï-Oriental,2,FALSE,recalibrated-deployed,5.4465e-4,2.67895e-4,8.97873e-4,5.22597e-4,281,262,291,5.44818e-4,0.123649,290,0.00235139,NA,NA,NA,NA,NA,NA,0.324968,0.00203776,316,0.0540541,0.596525,0,0.324324,0,Bayes-M14-fill-geo
Ndjili,Kinshasa,2,FALSE,recalibrated-deployed,5.4235e-4,1.04243e-4,0.00127236,4.41201e-4,304,178,379,5.42575e-4,0.12314,291,0.00234147,NA,NA,NA,NA,NA,NA,0.0649936,4.05832e-4,413,0.027027,0.104247,0,0.0637066,0,Bayes-M14-fill-geo
Boko,Kwango,2,FALSE,recalibrated-deployed,5.35868e-4,2.43528e-4,9.40379e-4,4.99488e-4,287,256,311,5.36036e-4,0.121656,292,0.00231348,NA,NA,NA,NA,NA,NA,0.682754,0.00421229,235,0.733591,0.610039,0,0.704633,0,Bayes-M14-fill-geo
Masina 2,Kinshasa,2,FALSE,recalibrated-deployed,5.3321e-4,1.0713e-4,0.00122873,4.37395e-4,306,183.95,375,5.33422e-4,0.121063,293,0.002302,NA,NA,NA,NA,NA,NA,0.0353925,2.17273e-4,432,0.0173745,0.019305,0,0.0694981,0,Bayes-M14-fill-geo
Mukanga,Haut-Lomami,2,FALSE,recalibrated-deployed,5.27822e-4,2.67584e-4,8.63077e-4,5.00907e-4,289,267,298,5.27979e-4,0.119827,294,0.00227874,NA,NA,NA,NA,NA,NA,0.631918,0.00384011,246,0.685328,0.69112,0,0.519305,0,Bayes-M14-fill-geo
Yasa Bonga,Kwilu,2,FALSE,recalibrated-deployed,5.21762e-4,2.39062e-4,9.14317e-4,4.8736e-4,291,258,315,5.2192e-4,0.118452,295,0.00225258,NA,NA,NA,NA,NA,NA,0.560811,0.00336887,265,0.303089,0.532819,0,0.846525,0,Bayes-M14-fill-geo
Lubilanji,Kasaï-Oriental,2,FALSE,recalibrated-deployed,5.1878e-4,2.47981e-4,8.70936e-4,4.93206e-4,289,268,298,5.18934e-4,0.117775,296,0.00223971,NA,NA,NA,NA,NA,NA,0.225869,0.00134907,351,0.034749,0.339768,0,0.303089,0,Bayes-M14-fill-geo
Dibindi,Kasaï-Oriental,2,FALSE,recalibrated-deployed,5.08941e-4,2.52263e-4,8.32661e-4,4.89576e-4,290,272,301,5.09087e-4,0.11554,297,0.00219723,NA,NA,NA,NA,NA,NA,0.215573,0.00126316,358,0.03861,0.295367,0,0.312741,0,Bayes-M14-fill-geo
Boto,Sud-Ubangi,2,FALSE,recalibrated-deployed,5.05764e-4,3.35358e-4,7.01858e-4,4.9286e-4,289,233.95,334,5.05899e-4,0.114816,298,0.00218351,NA,NA,NA,NA,NA,NA,0.479408,0.00279157,285,0.328185,0.517375,0,0.592664,0,Bayes-M14-fill-geo
Maluku 2,Kinshasa,2,FALSE,recalibrated-deployed,5.03739e-4,2.15577e-4,8.82474e-4,4.67859e-4,295,276,307,5.03889e-4,0.11436,299,0.00217477,NA,NA,NA,NA,NA,NA,0.557915,0.00323571,269,0.683398,0.546332,0,0.444015,0,Bayes-M14-fill-geo
Djuma,Kwilu,2,FALSE,recalibrated-deployed,5.00865e-4,2.25758e-4,8.88932e-4,4.65775e-4,297,263,321,5.01013e-4,0.113707,300,0.00216236,NA,NA,NA,NA,NA,NA,0.700772,0.00404104,241,0.482625,0.735521,0,0.88417,0,Bayes-M14-fill-geo
Kabondo Dianda,Haut-Lomami,2,FALSE,recalibrated-deployed,4.89034e-4,2.40543e-4,8.12842e-4,4.62287e-4,297,281,306,4.8917e-4,0.11102,301,0.00211129,NA,NA,NA,NA,NA,NA,0.547619,0.00308328,274,0.588803,0.571429,0,0.482625,0,Bayes-M14-fill-geo
Muya,Kasaï-Oriental,2,FALSE,recalibrated-deployed,4.84631e-4,2.45097e-4,7.86931e-4,4.68238e-4,296,283,306,4.84762e-4,0.110019,302,0.00209228,NA,NA,NA,NA,NA,NA,0.33269,0.00185629,328,0.0752896,0.588803,0,0.333977,0,Bayes-M14-fill-geo
Bena Dibele,Sankuru,2,FALSE,recalibrated-deployed,4.81528e-4,2.42135e-4,8.01957e-4,4.5671e-4,300,263,326,4.81659e-4,0.109315,303,0.00207888,NA,NA,NA,NA,NA,NA,0.545689,0.00302525,278,0.621622,0.156371,0,0.859073,0,Bayes-M14-fill-geo
Tshikula,Kasaï-Central,2,FALSE,recalibrated-deployed,4.75235e-4,2.39406e-4,7.93441e-4,4.509e-4,301,272,322,4.75363e-4,0.107886,304,0.00205171,NA,NA,NA,NA,NA,NA,0.439511,0.00240477,300,0.391892,0.318533,0,0.608108,0,Bayes-M14-fill-geo
Muetshi,Kasaï-Central,2,FALSE,recalibrated-deployed,4.72684e-4,2.38635e-4,7.8565e-4,4.49741e-4,303,266,328,4.72811e-4,0.107307,305,0.0020407,NA,NA,NA,NA,NA,NA,0.638996,0.00347748,258,0.61583,0.53861,0,0.762548,0,Bayes-M14-fill-geo
Kole,Sankuru,2,FALSE,recalibrated-deployed,4.63945e-4,2.32908e-4,7.72865e-4,4.41343e-4,305,270,331,4.64067e-4,0.105322,306,0.00200297,NA,NA,NA,NA,NA,NA,0.640283,0.00342006,263,0.776062,0.260618,0,0.88417,0,Bayes-M14-fill-geo
Kampemba,Haut-Katanga,2,FALSE,recalibrated-deployed,4.57707e-4,1.28902e-4,9.25058e-4,4.04371e-4,315,231.95,361.05,4.57846e-4,0.10391,307,0.00197604,NA,NA,NA,NA,NA,NA,0.0707851,3.73013e-4,418,0.0598456,0.0366795,0,0.11583,0,Bayes-M14-fill-geo
Pendjwa,Mai-Ndombe,2,FALSE,recalibrated-deployed,4.46831e-4,2.19663e-4,7.51802e-4,4.24291e-4,309,276,334,4.46945e-4,0.101436,308,0.00192908,NA,NA,NA,NA,NA,NA,0.575933,0.00296286,281,0.700772,0.212355,0,0.814672,0,Bayes-M14-fill-geo
Luozi,Kongo-Central,2,FALSE,recalibrated-deployed,4.43797e-4,1.85591e-4,7.91642e-4,4.10819e-4,309,291,324,4.43915e-4,0.100749,309,0.00191599,NA,NA,NA,NA,NA,NA,0.698842,0.00357075,252,0.735521,0.8861,0,0.474903,0,Bayes-M14-fill-geo
Djalo Ndjeka,Sankuru,2,FALSE,recalibrated-deployed,4.43331e-4,2.37e-4,7.13397e-4,4.22137e-4,309,269.95,340,4.43441e-4,0.100641,310,0.00191397,NA,NA,NA,NA,NA,NA,0.45045,0.00229917,308,0.359073,0.0694981,0,0.92278,0,Bayes-M14-fill-geo
Luambo,Kasaï-Central,2,FALSE,recalibrated-deployed,4.42993e-4,2.08189e-4,7.29825e-4,4.19609e-4,308,298,313,4.43105e-4,0.100565,311,0.00191251,NA,NA,NA,NA,NA,NA,0.502574,0.00256326,291,0.534749,0.565637,0,0.407336,0,Bayes-M14-fill-geo
Kimvula,Kongo-Central,2,FALSE,recalibrated-deployed,4.39392e-4,1.91673e-4,7.78262e-4,4.09619e-4,310,288,328,4.39506e-4,0.0997482,312,0.00189697,NA,NA,NA,NA,NA,NA,0.758687,0.00383805,247,0.862934,0.878378,0,0.534749,0,Bayes-M14-fill-geo
Wikong,Lomami,2,FALSE,recalibrated-deployed,4.38724e-4,2.17814e-4,7.38555e-4,4.13902e-4,312,277,340,4.38834e-4,0.0995956,313,0.00189408,NA,NA,NA,NA,NA,NA,0.488417,0.00246705,294,0.252896,0.42278,0,0.789575,0,Bayes-M14-fill-geo
Kakenge,Kasaï,2,FALSE,recalibrated-deployed,4.3753e-4,2.18142e-4,7.30522e-4,4.16047e-4,312,279,337,4.37638e-4,0.0993242,314,0.00188893,NA,NA,NA,NA,NA,NA,0.60296,0.00303733,277,0.57529,0.478764,0,0.754826,0,Bayes-M14-fill-geo
Bokonzi,Sud-Ubangi,2,FALSE,recalibrated-deployed,4.37036e-4,2.91726e-4,5.99224e-4,4.2786e-4,304,257.95,346,4.37136e-4,0.0992101,315,0.00188679,NA,NA,NA,NA,NA,NA,0.314672,0.00158333,342,0.430502,0.0830116,0,0.430502,0,Bayes-M14-fill-geo
Tshishimbi,Kasaï-Oriental,2,FALSE,recalibrated-deployed,4.25008e-4,2.06337e-4,7.01768e-4,4.07236e-4,311,293,323,4.25111e-4,0.096481,316,0.00183487,NA,NA,NA,NA,NA,NA,0.232304,0.00113671,371,0.179537,0.247104,0,0.27027,0,Bayes-M14-fill-geo
Boso Mondanda,Mongala,2,FALSE,recalibrated-deployed,4.19915e-4,2.36516e-4,6.53193e-4,4.03815e-4,315,270,349,4.20012e-4,0.0953238,317,0.00181288,NA,NA,NA,NA,NA,NA,0.495495,0.0023955,301,0.586873,0.148649,0,0.750965,0,Bayes-M14-fill-geo
Miabi,Kasaï-Oriental,2,FALSE,recalibrated-deployed,4.15005e-4,1.94236e-4,6.93589e-4,3.96106e-4,315,296,328,4.15103e-4,0.0942098,318,0.00179168,NA,NA,NA,NA,NA,NA,0.378378,0.0018079,332,0.22973,0.65251,0,0.252896,0,Bayes-M14-fill-geo
Mokala,Kwilu,2,FALSE,recalibrated-deployed,4.14718e-4,1.89326e-4,7.27505e-4,3.86439e-4,318,284,343,4.14819e-4,0.0941452,319,0.00179044,NA,NA,NA,NA,NA,NA,0.682432,0.00325843,268,0.42278,0.671815,0,0.952703,0,Bayes-M14-fill-geo
Mobayi Mbongo,Nord-Ubangi,2,FALSE,recalibrated-deployed,4.11416e-4,2.56641e-4,5.90411e-4,4.0164e-4,313,276,344,4.11507e-4,0.0933935,320,0.00177619,NA,NA,NA,NA,NA,NA,0.727799,0.00344738,261,0.932432,0.816602,0,0.434363,0,Bayes-M14-fill-geo
Ilebo,Kasaï,2,FALSE,recalibrated-deployed,4.00491e-4,1.87972e-4,6.67238e-4,3.77008e-4,320,307,327,4.00583e-4,0.0909144,321,0.00172902,NA,NA,NA,NA,NA,NA,0.418919,0.00193161,323,0.216216,0.6139,0,0.426641,0,Bayes-M14-fill-geo
Kinkondja,Haut-Lomami,2,FALSE,recalibrated-deployed,3.98457e-4,1.98281e-4,6.65423e-4,3.77718e-4,321,290,344,3.98547e-4,0.0904523,322,0.00172024,NA,NA,NA,NA,NA,NA,0.651866,0.00299044,279,0.727799,0.627413,0,0.600386,0,Bayes-M14-fill-geo
Kasaji,Lualaba,2,FALSE,recalibrated-deployed,3.95602e-4,1.87979e-4,6.72029e-4,3.71896e-4,322,300,336,3.95692e-4,0.0898043,323,0.00170792,NA,NA,NA,NA,NA,NA,0.619691,0.00282247,283,0.855212,0.492278,0,0.511583,0,Bayes-M14-fill-geo
Fungurume,Lualaba,2,FALSE,recalibrated-deployed,3.93512e-4,1.48012e-4,7.19526e-4,3.64415e-4,325,286,347,3.93606e-4,0.0893309,324,0.00169889,NA,NA,NA,NA,NA,NA,0.208494,9.44598e-4,380,0.266409,0.162162,0,0.196911,0,Bayes-M14-fill-geo
Kenya,Haut-Katanga,2,FALSE,recalibrated-deployed,3.866e-4,1.05534e-4,7.87823e-4,3.4027e-4,330,256,378,3.867e-4,0.0877635,325,0.00166905,NA,NA,NA,NA,NA,NA,0.0759331,3.37978e-4,419,0.110039,0.011583,0,0.106178,0,Bayes-M14-fill-geo
Ngiri Ngiri,Kinshasa,2,FALSE,recalibrated-deployed,3.86512e-4,5.44483e-5,0.00101179,2.88068e-4,345,210,411,3.86643e-4,0.0877505,326,0.00166867,NA,NA,NA,NA,NA,NA,0.037323,1.66087e-4,437,0.015444,0.0675676,0,0.0289575,0,Bayes-M14-fill-geo
Gbadolite,Nord-Ubangi,2,FALSE,recalibrated-deployed,3.85421e-4,2.39695e-4,5.50529e-4,3.79011e-4,320,287,350,3.855e-4,0.0874912,327,0.00166396,NA,NA,NA,NA,NA,NA,0.69112,0.00306679,275,0.791506,0.965251,0,0.316602,0,Bayes-M14-fill-geo
Monkoto,Tshuapa,2,FALSE,recalibrated-deployed,3.83483e-4,1.95116e-4,6.31118e-4,3.65548e-4,325,286,353,3.83566e-4,0.0870521,328,0.00165559,NA,NA,NA,NA,NA,NA,0.746461,0.0032957,266,0.949807,0.405405,0,0.88417,0,Bayes-M14-fill-geo
Pweto,Haut-Katanga,2,FALSE,recalibrated-deployed,3.73034e-4,1.7692e-4,6.27343e-4,3.57468e-4,326,320,331,3.73114e-4,0.08468,329,0.00161048,NA,NA,NA,NA,NA,NA,0.469112,0.00201475,317,0.799228,0.258687,0,0.349421,0,Bayes-M14-fill-geo
Bolenge,Equateur,2,FALSE,recalibrated-deployed,3.68721e-4,1.70974e-4,6.35315e-4,3.45033e-4,328,310,345,3.68799e-4,0.0837008,330,0.00159186,NA,NA,NA,NA,NA,NA,0.71879,0.00305137,276,0.795367,0.851351,0,0.509653,0,Bayes-M14-fill-geo
Mikope,Kasaï,2,FALSE,recalibrated-deployed,3.6822e-4,1.71801e-4,6.36998e-4,3.45057e-4,329,298.95,352,3.68298e-4,0.0835871,331,0.0015897,NA,NA,NA,NA,NA,NA,0.532819,0.00225882,309,0.677606,0.27027,0,0.650579,0,Bayes-M14-fill-geo
Ingende,Equateur,2,FALSE,recalibrated-deployed,3.5767e-4,1.79254e-4,5.93832e-4,3.39647e-4,330,300,356,3.57743e-4,0.0811915,332,0.00154415,NA,NA,NA,NA,NA,NA,0.794723,0.00327261,267,0.920849,0.857143,0,0.606178,0,Bayes-M14-fill-geo
Bagata,Kwilu,2,FALSE,recalibrated-deployed,3.56272e-4,1.61027e-4,6.27858e-4,3.32566e-4,332,303,356,3.56347e-4,0.0808746,333,0.00153812,NA,NA,NA,NA,NA,NA,0.684685,0.00280846,284,0.679537,0.694981,0,0.679537,0,Bayes-M14-fill-geo
Kilwa,Haut-Katanga,2,FALSE,recalibrated-deployed,3.46418e-4,1.57491e-4,5.83631e-4,3.27555e-4,334,330,339,3.46487e-4,0.078637,334,0.00149558,NA,NA,NA,NA,NA,NA,0.501931,0.00200189,319,0.749035,0.389961,0,0.366795,0,Bayes-M14-fill-geo
Police,Kinshasa,2,FALSE,recalibrated-deployed,3.3805e-4,6.72398e-5,7.81398e-4,2.77238e-4,349,252.95,404,3.38135e-4,0.0767415,335,0.00145945,NA,NA,NA,NA,NA,NA,0.0637066,2.47948e-4,429,0.046332,0.0772201,0,0.0675676,0,Bayes-M14-fill-geo
Busanga,Tshuapa,2,FALSE,recalibrated-deployed,3.37507e-4,1.74854e-4,5.56648e-4,3.19562e-4,335,295,371,3.37571e-4,0.0766135,336,0.0014571,NA,NA,NA,NA,NA,NA,0.593629,0.00230671,307,0.660232,0.167954,0,0.952703,0,Bayes-M14-fill-geo
Dekese,Kasaï,2,FALSE,recalibrated-deployed,3.35298e-4,1.63415e-4,5.68562e-4,3.17532e-4,336,305,363.05,3.35362e-4,0.0761122,337,0.00144757,NA,NA,NA,NA,NA,NA,0.617761,0.00238477,302,0.918919,0.218147,0,0.716216,0,Bayes-M14-fill-geo
Pay Kongila,Kwilu,2,FALSE,recalibrated-deployed,3.34898e-4,1.53329e-4,5.83581e-4,3.13624e-4,337,313,360,3.34964e-4,0.0760217,338,0.00144584,NA,NA,NA,NA,NA,NA,0.598456,0.00230749,306,0.513514,0.646718,0,0.635135,0,Bayes-M14-fill-geo
Pania Mutombo,Sankuru,2,FALSE,recalibrated-deployed,3.33174e-4,1.77554e-4,5.34327e-4,3.18852e-4,336,299,370,3.33236e-4,0.0756296,339,0.0014384,NA,NA,NA,NA,NA,NA,0.548906,0.00210555,313,0.741313,0.123552,0,0.781853,0,Bayes-M14-fill-geo
Kingasani,Kinshasa,2,FALSE,recalibrated-deployed,3.32389e-4,6.59825e-5,7.8304e-4,2.69306e-4,353,254.95,406,3.32473e-4,0.0754565,340,0.00143501,NA,NA,NA,NA,NA,NA,0.0392535,1.50217e-4,440,0.00579151,0.0405405,0,0.0714286,0,Bayes-M14-fill-geo
Feshi,Kwango,2,FALSE,recalibrated-deployed,3.28779e-4,1.51371e-4,5.75024e-4,3.06693e-4,340,309.95,367,3.28842e-4,0.0746323,341,0.00141942,NA,NA,NA,NA,NA,NA,0.677606,0.00256494,290,0.73166,0.542471,0,0.758687,0,Bayes-M14-fill-geo
Kikongo,Kwilu,2,FALSE,recalibrated-deployed,3.28025e-4,1.47536e-4,5.8041e-4,3.05827e-4,341,313,366,3.28088e-4,0.0744612,342,0.00141617,NA,NA,NA,NA,NA,NA,0.669884,0.00252989,293,0.696911,0.602317,0,0.710425,0,Bayes-M14-fill-geo
Songa,Haut-Lomami,2,FALSE,recalibrated-deployed,3.27587e-4,1.66834e-4,5.37443e-4,3.12727e-4,340,310,364,3.27648e-4,0.0743613,343,0.00141428,NA,NA,NA,NA,NA,NA,0.630631,0.00237847,303,0.934363,0.353282,0,0.604247,0,Bayes-M14-fill-geo
Kapanga,Lualaba,2,FALSE,recalibrated-deployed,3.25196e-4,1.47623e-4,5.51025e-4,3.05347e-4,341,332,350,3.25258e-4,0.0738188,344,0.00140396,NA,NA,NA,NA,NA,NA,0.548263,0.00205272,314,0.851351,0.393822,0,0.399614,0,Bayes-M14-fill-geo
Mushenge,Kasaï,2,FALSE,recalibrated-deployed,3.24185e-4,1.54188e-4,5.55783e-4,3.03857e-4,341,314,366,3.24246e-4,0.0735892,345,0.00139959,NA,NA,NA,NA,NA,NA,0.430502,0.00160681,341,0.594595,0.0656371,0,0.631274,0,Bayes-M14-fill-geo
Inongo,Mai-Ndombe,2,FALSE,recalibrated-deployed,3.19734e-4,1.51373e-4,5.521e-4,3.00529e-4,343,311,370,3.19793e-4,0.0725786,346,0.00138037,NA,NA,NA,NA,NA,NA,0.660232,0.00243041,298,0.764479,0.293436,0,0.92278,0,Bayes-M14-fill-geo
Sandoa,Lualaba,2,FALSE,recalibrated-deployed,3.16622e-4,1.49638e-4,5.40331e-4,2.98581e-4,344,319,364,3.16679e-4,0.0718719,347,0.00136694,NA,NA,NA,NA,NA,NA,0.738095,0.00269059,288,0.942085,0.681467,0,0.590734,0,Bayes-M14-fill-geo
Gombe Matadi,Kongo-Central,2,FALSE,recalibrated-deployed,3.14438e-4,1.01027e-4,6.13006e-4,2.84266e-4,348,315.95,375,3.14501e-4,0.0713776,348,0.00135751,NA,NA,NA,NA,NA,NA,0.553411,0.00200344,318,0.69112,0.785714,0,0.183398,0,Bayes-M14-fill-geo
Sakania,Haut-Katanga,2,FALSE,recalibrated-deployed,3.08403e-4,9.50827e-5,6.07059e-4,2.77736e-4,350,308.95,385,3.08464e-4,0.0700074,349,0.00133145,NA,NA,NA,NA,NA,NA,0.370013,0.0013138,354,0.737452,0.235521,0,0.137066,0,Bayes-M14-fill-geo
Dilala,Lualaba,2,FALSE,recalibrated-deployed,3.08371e-4,9.64603e-5,5.99694e-4,2.78451e-4,350,309.95,385,3.08431e-4,0.0700001,350,0.00133132,NA,NA,NA,NA,NA,NA,0.179537,6.37414e-4,395,0.150579,0.254826,0,0.133205,0,Bayes-M14-fill-geo
Panzi,Kwango,2,FALSE,recalibrated-deployed,3.02349e-4,1.34784e-4,5.34778e-4,2.81319e-4,349,319,375,3.02403e-4,0.0686318,351,0.00130532,NA,NA,NA,NA,NA,NA,0.698198,0.00243043,297,0.754826,0.583012,0,0.756757,0,Bayes-M14-fill-geo
Bobozo,Kasaï-Central,2,FALSE,recalibrated-deployed,2.96429e-4,1.52787e-4,4.79056e-4,2.82726e-4,347,328,368,2.96478e-4,0.0672872,352,0.00127976,NA,NA,NA,NA,NA,NA,0.311454,0.00106294,372,0.160232,0.285714,0,0.488417,0,Bayes-M14-fill-geo
Kalamba,Lualaba,2,FALSE,recalibrated-deployed,2.92356e-4,1.49005e-4,4.81367e-4,2.79256e-4,349,318,378,2.92404e-4,0.0663627,353,0.00126218,NA,NA,NA,NA,NA,NA,0.605534,0.0020382,315,0.880309,0.237452,0,0.698842,0,Bayes-M14-fill-geo
Ruashi,Haut-Katanga,2,FALSE,recalibrated-deployed,2.85395e-4,8.1762e-5,5.75623e-4,2.52314e-4,358,316,394,2.85449e-4,0.0647841,354,0.00123212,NA,NA,NA,NA,NA,NA,0.0939511,3.08705e-4,422,0.0984556,0.0637066,0,0.119691,0,Bayes-M14-fill-geo
Kimpese,Kongo-Central,2,FALSE,recalibrated-deployed,2.82868e-4,9.91571e-5,5.42402e-4,2.57731e-4,357,334,376,2.82918e-4,0.0642097,355,0.00122121,NA,NA,NA,NA,NA,NA,0.659588,0.00214809,312,0.789575,0.976834,0,0.212355,0,Bayes-M14-fill-geo
Kisantu,Kongo-Central,2,FALSE,recalibrated-deployed,2.80241e-4,8.97241e-5,5.49049e-4,2.53018e-4,360,327,387,2.80292e-4,0.0636136,356,0.00120987,NA,NA,NA,NA,NA,NA,0.557272,0.00179802,336,0.503861,0.990347,0,0.17760600000000001,0,Bayes-M14-fill-geo
Kayamba,Haut-Lomami,2,FALSE,recalibrated-deployed,2.7757e-4,1.45629e-4,4.47348e-4,2.66448e-4,354,325,381,2.77613e-4,0.0630056,357,0.00119834,NA,NA,NA,NA,NA,NA,0.570142,0.00182201,330,0.702703,0.418919,0,0.588803,0,Bayes-M14-fill-geo
Kisenso,Kinshasa,2,FALSE,recalibrated-deployed,2.76291e-4,5.13517e-5,6.51992e-4,2.22648e-4,376,282,414,2.7635e-4,0.0627191,358,0.00119282,NA,NA,NA,NA,NA,NA,0.0785071,2.4973e-4,428,0.0366795,0.138996,0,0.0598456,0,Bayes-M14-fill-geo
Kimbao,Kwango,2,FALSE,recalibrated-deployed,2.74459e-4,1.24514e-4,4.81737e-4,2.55863e-4,356,327,382,2.74503e-4,0.0622999,359,0.00118491,NA,NA,NA,NA,NA,NA,0.765766,0.00241974,299,0.720077,0.718147,0,0.859073,0,Bayes-M14-fill-geo
Kambove,Haut-Katanga,2,FALSE,recalibrated-deployed,2.67121e-4,9.3364e-5,5.07783e-4,2.44833e-4,364,336,387,2.67166e-4,0.0606346,360,0.00115323,NA,NA,NA,NA,NA,NA,0.407979,0.00125471,360,0.42471,0.623552,0,0.175676,0,Bayes-M14-fill-geo
Bikoro,Equateur,2,FALSE,recalibrated-deployed,2.66547e-4,1.28673e-4,4.55253e-4,2.51281e-4,359,329,387,2.66588e-4,0.0605034,361,0.00115075,NA,NA,NA,NA,NA,NA,0.793436,0.0024349,296,0.812741,0.814672,0,0.752896,0,Bayes-M14-fill-geo
Bolobo,Mai-Ndombe,2,FALSE,recalibrated-deployed,2.65334e-4,9.63321e-5,5.00903e-4,2.43364e-4,365,347,380,2.65378e-4,0.0602288,362,0.00114552,NA,NA,NA,NA,NA,NA,0.451737,0.00137999,348,0.631274,0.498069,0,0.225869,0,Bayes-M14-fill-geo
Kapolowe,Haut-Katanga,2,FALSE,recalibrated-deployed,2.6519e-4,1.01688e-4,4.82636e-4,2.45569e-4,363,345,380,2.65233e-4,0.0601959,363,0.00114489,NA,NA,NA,NA,NA,NA,0.403475,0.00123188,364,0.557915,0.444015,0,0.208494,0,Bayes-M14-fill-geo
Wema,Tshuapa,2,FALSE,recalibrated-deployed,2.64473e-4,1.35031e-4,4.35504e-4,2.52151e-4,359,325,389,2.64512e-4,0.0600323,364,0.0011418,NA,NA,NA,NA,NA,NA,0.595882,0.00181441,331,0.849421,0.133205,0,0.805019,0,Bayes-M14-fill-geo
Popokabaka,Kwango,2,FALSE,recalibrated-deployed,2.61167e-4,1.12571e-4,4.68486e-4,2.42841e-4,364,338,386,2.61207e-4,0.0592823,365,0.00112752,NA,NA,NA,NA,NA,NA,0.734234,0.00220774,310,0.77027,0.787645,0,0.644788,0,Bayes-M14-fill-geo
Mutena,Kasaï,2,FALSE,recalibrated-deployed,2.59888e-4,1.25715e-4,4.3566e-4,2.44951e-4,363,338,381,2.59926e-4,0.0589916,366,0.001122,NA,NA,NA,NA,NA,NA,0.311454,9.31914e-4,381,0.333977,0.0752896,0,0.525097,0,Bayes-M14-fill-geo
Kipushi,Haut-Katanga,2,FALSE,recalibrated-deployed,2.59606e-4,7.23336e-5,5.26051e-4,2.29645e-4,372,321,399,2.59651e-4,0.0589291,367,0.00112079,NA,NA,NA,NA,NA,NA,0.162162,4.84686e-4,407,0.27027,0.108108,0,0.108108,0,Bayes-M14-fill-geo
Nyanga,Kasaï,2,FALSE,recalibrated-deployed,2.58261e-4,1.19123e-4,4.49291e-4,2.40991e-4,365,337,384.05,2.583e-4,0.0586224,368,0.00111498,NA,NA,NA,NA,NA,NA,0.463964,0.00137955,350,0.440154,0.380309,0,0.571429,0,Bayes-M14-fill-geo
Bena Tshadi,Kasaï-Central,2,FALSE,recalibrated-deployed,2.57112e-4,1.27236e-4,4.33127e-4,2.43885e-4,366,331,392,2.5715e-4,0.0583614,369,0.00111002,NA,NA,NA,NA,NA,NA,0.629344,0.00186297,327,0.669884,0.378378,0,0.839768,0,Bayes-M14-fill-geo
Lubudi,Lualaba,2,FALSE,recalibrated-deployed,2.56008e-4,1.25096e-4,4.2752e-4,2.41391e-4,365,342,379,2.56045e-4,0.0581108,370,0.00110525,NA,NA,NA,NA,NA,NA,0.622265,0.00183411,329,0.915058,0.46139,0,0.490347,0,Bayes-M14-fill-geo
Kamalondo,Haut-Katanga,2,FALSE,recalibrated-deployed,2.5511e-4,7.18784e-5,5.15416e-4,2.2624e-4,376,325.95,400,2.55153e-4,0.0579083,371,0.00110138,NA,NA,NA,NA,NA,NA,0.0469755,1.37973e-4,441,0.0289575,0.0019305,0,0.110039,0,Bayes-M14-fill-geo
Matadi,Kongo-Central,2,FALSE,recalibrated-deployed,2.53248e-4,5.14825e-5,5.77452e-4,2.08806e-4,380,306.95,412,2.53296e-4,0.0574868,372,0.00109334,NA,NA,NA,NA,NA,NA,0.391892,0.00114264,369,0.156371,0.944015,0,0.0752896,0,Bayes-M14-fill-geo
Bandundu,Kwilu,2,FALSE,recalibrated-deployed,2.52682e-4,9.5998e-5,4.68889e-4,2.32433e-4,370,356,379,2.52721e-4,0.0573563,373,0.00109089,NA,NA,NA,NA,NA,NA,0.44852,0.00130482,355,0.343629,0.750965,0,0.250965,0,Bayes-M14-fill-geo
Sia,Kwilu,2,FALSE,recalibrated-deployed,2.52278e-4,1.12611e-4,4.47847e-4,2.34439e-4,370,335.95,392,2.52315e-4,0.0572642,374,0.00108915,NA,NA,NA,NA,NA,NA,0.531532,0.00154384,346,0.415058,0.382239,0,0.797297,0,Bayes-M14-fill-geo
Kafubu,Haut-Katanga,2,FALSE,recalibrated-deployed,2.49399e-4,8.18601e-5,4.83872e-4,2.26715e-4,375,341.95,393,2.49438e-4,0.0566112,375,0.00107672,NA,NA,NA,NA,NA,NA,0.280566,8.0561e-4,386,0.604247,0.0868726,0,0.150579,0,Bayes-M14-fill-geo
Mitwaba,Haut-Katanga,2,FALSE,recalibrated-deployed,2.45293e-4,1.2026e-4,4.12291e-4,2.3055e-4,372,341,388,2.45327e-4,0.0556783,376,0.00105899,NA,NA,NA,NA,NA,NA,0.470399,0.00132846,353,0.801158,0.0617761,0,0.548263,0,Bayes-M14-fill-geo
Kalamu 2,Kinshasa,2,FALSE,recalibrated-deployed,2.45115e-4,3.64465e-5,6.28275e-4,1.84907e-4,392,287.95,426,2.45166e-4,0.0556417,377,0.00105823,NA,NA,NA,NA,NA,NA,0.0199485,5.62958e-5,449,0.003861,0.015444,0,0.0405405,0,Bayes-M14-fill-geo
Mampoko,Equateur,2,FALSE,recalibrated-deployed,2.43972e-4,1.38124e-4,3.76928e-4,2.36065e-4,369.5,328,399,2.44004e-4,0.055378,378,0.00105329,NA,NA,NA,NA,NA,NA,0.684685,0.00192321,324,0.891892,0.505792,0,0.656371,0,Bayes-M14-fill-geo
Kahemba,Kwango,2,FALSE,recalibrated-deployed,2.41562e-4,1.08826e-4,4.20598e-4,2.25329e-4,374,349,386,2.41596e-4,0.0548313,379,0.00104288,NA,NA,NA,NA,NA,NA,0.715573,0.00199011,321,0.895753,0.727799,0,0.523166,0,Bayes-M14-fill-geo
Makala,Kinshasa,2,FALSE,recalibrated-deployed,2.39733e-4,3.66777e-5,6.0901e-4,1.82023e-4,394,294.95,425,2.39782e-4,0.0544196,380,0.00103499,NA,NA,NA,NA,NA,NA,0.0328185,9.05822e-5,446,0.011583,0.03861,0,0.0482625,0,Bayes-M14-fill-geo
Mbanza Ngungu,Kongo-Central,2,FALSE,recalibrated-deployed,2.35174e-4,7.76724e-5,4.5712e-4,2.11866e-4,380,351,396,2.35209e-4,0.0533819,381,0.00101531,NA,NA,NA,NA,NA,NA,0.494852,0.00133986,352,0.320463,0.974903,0,0.189189,0,Bayes-M14-fill-geo
Oshwe,Mai-Ndombe,2,FALSE,recalibrated-deployed,2.35168e-4,1.02648e-4,4.20957e-4,2.18822e-4,378,342,395,2.35201e-4,0.05338,382,0.00101528,NA,NA,NA,NA,NA,NA,0.647362,0.00175275,337,0.876448,0.330116,0,0.735521,0,Bayes-M14-fill-geo
Kisanga,Haut-Katanga,2,FALSE,recalibrated-deployed,2.28748e-4,6.08187e-5,4.74104e-4,1.99488e-4,385,335.95,408,2.28783e-4,0.0519235,383,9.87564e-4,NA,NA,NA,NA,NA,NA,0.144144,3.79621e-4,417,0.129344,0.200772,0,0.102317,0,Bayes-M14-fill-geo
Wamba Lwadi,Kwango,2,FALSE,recalibrated-deployed,2.22213e-4,9.67195e-5,3.98821e-4,2.05649e-4,381,347,401,2.22242e-4,0.050439,384,9.5935e-4,NA,NA,NA,NA,NA,NA,0.732304,0.00187351,325,0.646718,0.818533,0,0.73166,0,Bayes-M14-fill-geo
Ndesha,Kasaï-Central,2,FALSE,recalibrated-deployed,2.19472e-4,1.10238e-4,3.54008e-4,2.09709e-4,381,355,394,2.19499e-4,0.0498165,385,9.47518e-4,NA,NA,NA,NA,NA,NA,0.30888,7.80487e-4,389,0.144788,0.34556,0,0.436293,0,Bayes-M14-fill-geo
Mangembo,Kongo-Central,2,FALSE,recalibrated-deployed,2.18964e-4,8.10305e-5,4.07767e-4,2.0118e-4,385,372,393,2.18994e-4,0.0497017,386,9.45325e-4,NA,NA,NA,NA,NA,NA,0.496782,0.00125238,362,0.559846,0.664093,0,0.266409,0,Bayes-M14-fill-geo
Nioki,Mai-Ndombe,2,FALSE,recalibrated-deployed,2.15891e-4,9.29615e-5,3.89878e-4,1.99941e-4,385,357,398,2.15919e-4,0.0490038,387,9.32057e-4,NA,NA,NA,NA,NA,NA,0.518662,0.00128918,356,0.610039,0.395753,0,0.550193,0,Bayes-M14-fill-geo
Irebu,Equateur,2,FALSE,recalibrated-deployed,2.14563e-4,9.45188e-5,3.81316e-4,2.00283e-4,385,355,399,2.14591e-4,0.0487024,388,9.26325e-4,NA,NA,NA,NA,NA,NA,0.72973,0.00180266,334,0.930502,0.677606,0,0.581081,0,Bayes-M14-fill-geo
Kwilu Ngongo,Kongo-Central,2,FALSE,recalibrated-deployed,2.11712e-4,7.1778e-5,4.07766e-4,1.91977e-4,391,363,400,2.1174e-4,0.0480555,389,9.14015e-4,NA,NA,NA,NA,NA,NA,0.516731,0.00125952,359,0.488417,0.866795,0,0.194981,0,Bayes-M14-fill-geo
Kwamouth,Mai-Ndombe,2,FALSE,recalibrated-deployed,2.11264e-4,9.00068e-5,3.68622e-4,1.96707e-4,387,369,392,2.1129e-4,0.0479533,390,9.1208e-4,NA,NA,NA,NA,NA,NA,0.573359,0.00139459,347,0.870656,0.416988,0,0.432432,0,Bayes-M14-fill-geo
Lotumbe,Equateur,2,FALSE,recalibrated-deployed,2.09679e-4,1.06665e-4,3.45481e-4,1.99278e-4,386,348,407,2.09704e-4,0.0475934,391,9.05239e-4,NA,NA,NA,NA,NA,NA,0.775418,0.00187192,326,0.969112,0.708494,0,0.648649,0,Bayes-M14-fill-geo
Kingandu,Kwilu,2,FALSE,recalibrated-deployed,2.0856e-4,9.64172e-5,3.60946e-4,1.95753e-4,388,355,402,2.08586e-4,0.0473395,392,9.00408e-4,NA,NA,NA,NA,NA,NA,0.656371,0.00157607,344,0.716216,0.658301,0,0.594595,0,Bayes-M14-fill-geo
Likasi,Haut-Katanga,2,FALSE,recalibrated-deployed,2.0676e-4,6.94043e-5,3.97752e-4,1.87363e-4,393,359.95,403,2.06787e-4,0.0469313,393,8.92635e-4,NA,NA,NA,NA,NA,NA,0.230373,5.48395e-4,401,0.111969,0.420849,0,0.158301,0,Bayes-M14-fill-geo
Lukolela,Equateur,2,FALSE,recalibrated-deployed,2.02534e-4,8.60475e-5,3.56193e-4,1.88336e-4,391,370,397,2.02558e-4,0.0459715,394,8.7439e-4,NA,NA,NA,NA,NA,NA,0.771557,0.00179912,335,0.944015,0.915058,0,0.455598,0,Bayes-M14-fill-geo
Banzow Moke,Mai-Ndombe,2,FALSE,recalibrated-deployed,1.96771e-4,8.6323e-5,3.5285e-4,1.81607e-4,395,356,412,1.96794e-4,0.0446633,395,8.4951e-4,NA,NA,NA,NA,NA,NA,0.698198,0.00158174,343,0.689189,0.521236,0,0.88417,0,Bayes-M14-fill-geo
Banga Lubaka,Kasaï,2,FALSE,recalibrated-deployed,1.94101e-4,9.2793e-5,3.33879e-4,1.82895e-4,395,356,412.05,1.94122e-4,0.044057,396,8.37982e-4,NA,NA,NA,NA,NA,NA,0.427284,9.5486e-4,378,0.517375,0.044401500000000003,0,0.720077,0,Bayes-M14-fill-geo
Ntondo,Equateur,2,FALSE,recalibrated-deployed,1.91767e-4,8.38673e-5,3.42954e-4,1.77744e-4,397,360.95,414,1.91789e-4,0.0435274,397,8.27907e-4,NA,NA,NA,NA,NA,NA,0.816602,0.00180293,333,0.899614,0.725869,0,0.824324,0,Bayes-M14-fill-geo
Nsona Mpangu,Kongo-Central,2,FALSE,recalibrated-deployed,1.90913e-4,6.13428e-5,3.71445e-4,1.72623e-4,402,371,407,1.90936e-4,0.043334,398,8.24221e-4,NA,NA,NA,NA,NA,NA,0.555341,0.00122065,367,0.722008,0.764479,0,0.179537,0,Bayes-M14-fill-geo
Boko Kivulu,Kongo-Central,2,FALSE,recalibrated-deployed,1.90687e-4,6.51588e-5,3.65035e-4,1.72861e-4,399,375,406,1.9071e-4,0.0432826,399,8.23245e-4,NA,NA,NA,NA,NA,NA,0.570785,0.00125311,361,0.579151,0.932432,0,0.200772,0,Bayes-M14-fill-geo
Mushie,Mai-Ndombe,2,FALSE,recalibrated-deployed,1.85773e-4,8.18681e-5,3.31932e-4,1.73101e-4,400,368,412,1.85793e-4,0.0421667,400,8.0203e-4,NA,NA,NA,NA,NA,NA,0.572072,0.00122357,366,0.739382,0.364865,0,0.611969,0,Bayes-M14-fill-geo
Kiri,Mai-Ndombe,2,FALSE,recalibrated-deployed,1.85551e-4,8.62026e-5,3.24392e-4,1.73649e-4,399,361,417,1.85571e-4,0.0421163,401,8.01072e-4,NA,NA,NA,NA,NA,NA,0.758044,0.0016194,339,0.874517,0.476834,0,0.92278,0,Bayes-M14-fill-geo
Kisanji,Kwango,2,FALSE,recalibrated-deployed,1.82929e-4,8.47476e-5,3.19181e-4,1.71203e-4,402,364,418,1.82949e-4,0.0415211,402,7.89752e-4,NA,NA,NA,NA,NA,NA,0.743243,0.00156534,345,0.841699,0.65444,0,0.733591,0,Bayes-M14-fill-geo
Ntandembelo,Mai-Ndombe,2,FALSE,recalibrated-deployed,1.82424e-4,7.89469e-5,3.2989e-4,1.68361e-4,402,366,418,1.82444e-4,0.0414067,403,7.87573e-4,NA,NA,NA,NA,NA,NA,0.612613,0.00128666,357,0.602317,0.46332,0,0.772201,0,Bayes-M14-fill-geo
Bosobe,Mai-Ndombe,2,FALSE,recalibrated-deployed,1.8119e-4,7.74098e-5,3.26732e-4,1.67423e-4,403,366,420,1.81209e-4,0.0411264,404,7.82243e-4,NA,NA,NA,NA,NA,NA,0.587516,0.0012256,365,0.494208,0.409266,0,0.859073,0,Bayes-M14-fill-geo
Biyela,Kinshasa,2,FALSE,recalibrated-deployed,1.80729e-4,3.93858e-5,4.03297e-4,1.51626e-4,407,353,423,1.80753e-4,0.0410228,405,7.80255e-4,NA,NA,NA,NA,NA,NA,0.143501,2.98592e-4,423,0.0637066,0.283784,0,0.0830116,0,Bayes-M14-fill-geo
Monieka,Equateur,2,FALSE,recalibrated-deployed,1.79391e-4,9.51245e-5,2.90885e-4,1.71402e-4,400,356,421,1.79409e-4,0.0407178,406,7.74478e-4,NA,NA,NA,NA,NA,NA,0.794723,0.00164139,338,0.976834,0.733591,0,0.673745,0,Bayes-M14-fill-geo
Massa,Kongo-Central,2,FALSE,recalibrated-deployed,1.60837e-4,4.10867e-5,3.37829e-4,1.39494e-4,411,374,422,1.60855e-4,0.0365068,407,6.94375e-4,NA,NA,NA,NA,NA,NA,0.563063,0.00104265,374,0.667954,0.920849,0,0.100386,0,Bayes-M14-fill-geo
Lukafu,Haut-Katanga,2,FALSE,recalibrated-deployed,1.6013e-4,7.20004e-5,2.6966e-4,1.51176e-4,407,393,412,1.60145e-4,0.0363457,408,6.91323e-4,NA,NA,NA,NA,NA,NA,0.535393,9.87054e-4,376,0.888031,0.324324,0,0.393822,0,Bayes-M14-fill-geo
Mimia,Mai-Ndombe,2,FALSE,recalibrated-deployed,1.53573e-4,7.01629e-5,2.69417e-4,1.43101e-4,409,376,425,1.53587e-4,0.0348573,409,6.63013e-4,NA,NA,NA,NA,NA,NA,0.645431,0.0011412,370,0.96139,0.0521236,0,0.92278,0,Bayes-M14-fill-geo
Mwela Lembwa,Kwango,2,FALSE,recalibrated-deployed,1.52164e-4,6.60029e-5,2.73153e-4,1.40682e-4,410,380,427,1.52178e-4,0.0345375,410,6.56931e-4,NA,NA,NA,NA,NA,NA,0.586229,0.00102701,375,0.650579,0.322394,0,0.785714,0,Bayes-M14-fill-geo
Yumbi,Mai-Ndombe,2,FALSE,recalibrated-deployed,1.50506e-4,5.74569e-5,2.78025e-4,1.38527e-4,409,403,413,1.5052e-4,0.0341612,411,6.49773e-4,NA,NA,NA,NA,NA,NA,0.365508,6.33354e-4,396,0.413127,0.401544,0,0.281853,0,Bayes-M14-fill-geo
Panda,Haut-Katanga,2,FALSE,recalibrated-deployed,1.39042e-4,4.77511e-5,2.63498e-4,1.26875e-4,413,398,416,1.39054e-4,0.0315591,412,6.00281e-4,NA,NA,NA,NA,NA,NA,0.27027,4.32654e-4,411,0.162162,0.482625,0,0.166023,0,Bayes-M14-fill-geo
Ngidinga,Kongo-Central,2,FALSE,recalibrated-deployed,1.3803e-4,5.41669e-5,2.49237e-4,1.26379e-4,414,399,423,1.38041e-4,0.0313292,413,5.9591e-4,NA,NA,NA,NA,NA,NA,0.598456,9.51044e-4,379,0.65444,0.743243,0,0.397683,0,Bayes-M14-fill-geo
Zongo,Sud-Ubangi,2,FALSE,recalibrated-deployed,1.36767e-4,7.97772e-5,2.01597e-4,1.34296e-4,411,387,426,1.36777e-4,0.0310421,414,5.90456e-4,NA,NA,NA,NA,NA,NA,0.322394,5.07647e-4,403,0.277992,0.413127,0,0.276062,0,Bayes-M14-fill-geo
Lukula,Kongo-Central,2,FALSE,recalibrated-deployed,1.35355e-4,4.19356e-5,2.70822e-4,1.21253e-4,416,399,421,1.35367e-4,0.0307222,415,0.00058436200000000005,NA,NA,NA,NA,NA,NA,0.524453,8.17291e-4,384,0.528958,0.874517,0,0.169884,0,Bayes-M14-fill-geo
Kinda,Haut-Lomami,2,FALSE,recalibrated-deployed,1.3432e-4,6.72809e-5,2.22617e-4,1.27689e-4,414,389,429,1.3433e-4,0.0304869,416,5.79893e-4,NA,NA,NA,NA,NA,NA,0.676963,0.00104689,373,0.988417,0.426641,0,0.61583,0,Bayes-M14-fill-geo
Bomongo,Equateur,2,FALSE,recalibrated-deployed,1.32161e-4,7.65599e-5,2.00199e-4,1.28081e-4,414,380,430,1.3217e-4,0.0299967,417,5.70571e-4,NA,NA,NA,NA,NA,NA,0.787645,0.00119847,368,0.978764,0.84749,0,0.53668,0,Bayes-M14-fill-geo
Ngaba,Kinshasa,2,FALSE,recalibrated-deployed,1.2941e-4,2.04874e-5,3.2519e-4,9.90849e-5,423,372,438,1.29424e-4,0.0293733,418,5.58694e-4,NA,NA,NA,NA,NA,NA,0.0186615,2.78041e-5,455,0,0.00579151,0,0.0501931,0,Bayes-M14-fill-geo
Kanzenze,Lualaba,2,FALSE,recalibrated-deployed,1.2813e-4,4.63121e-5,2.4071e-4,1.17614e-4,417,406,419,1.2814e-4,0.0290819,419,5.53168e-4,NA,NA,NA,NA,NA,NA,0.318533,4.69893e-4,409,0.625483,0.142857,0,0.187259,0,Bayes-M14-fill-geo
Kikula,Haut-Katanga,2,FALSE,recalibrated-deployed,1.2772e-4,4.33614e-5,2.4425e-4,1.16217e-4,418,404,422,1.2773e-4,0.0289889,420,5.51398e-4,NA,NA,NA,NA,NA,NA,0.12677,1.8641e-4,435,0.106178,0.1139,0,0.160232,0,Bayes-M14-fill-geo
Seke Banza,Kongo-Central,2,FALSE,recalibrated-deployed,1.27624e-4,4.48482e-5,2.4303e-4,1.16625e-4,417,411,421,1.27634e-4,0.0289673,421,5.50986e-4,NA,NA,NA,NA,NA,NA,0.601673,8.84075e-4,383,0.635135,0.949807,0,0.220077,0,Bayes-M14-fill-geo
Bumbu,Kinshasa,2,FALSE,recalibrated-deployed,1.26045e-4,1.80174e-5,3.27855e-4,9.39474e-5,425,371,442.05,1.26058e-4,0.0286096,422,5.44166e-4,NA,NA,NA,NA,NA,NA,0.021879,3.17503e-5,453,0.0019305,0.0289575,0,0.034749,0,Bayes-M14-fill-geo
Kasenga,Haut-Katanga,2,FALSE,recalibrated-deployed,1.17112e-4,3.70141e-5,2.28308e-4,1.05534e-4,422,408,426,1.1712e-4,0.0265811,423,5.05601e-4,NA,NA,NA,NA,NA,NA,0.527027,7.10605e-4,392,0.816602,0.625483,0,0.138996,0,Bayes-M14-fill-geo
Kimbanseke,Kinshasa,2,FALSE,recalibrated-deployed,1.16284e-4,2.37338e-5,2.69205e-4,9.54523e-5,425,392,434,1.16294e-4,0.0263935,424,5.02026e-4,NA,NA,NA,NA,NA,NA,0.0701416,9.39051e-5,445,0.0521236,0.0849421,0,0.0733591,0,Bayes-M14-fill-geo
Sona Bata,Kongo-Central,2,FALSE,recalibrated-deployed,1.15084e-4,4.02427e-5,2.1738e-4,1.04919e-4,422,417,425,1.15092e-4,0.0261208,425,4.96848e-4,NA,NA,NA,NA,NA,NA,0.573359,7.59693e-4,391,0.725869,0.789575,0,0.204633,0,Bayes-M14-fill-geo
Boma,Kongo-Central,2,FALSE,recalibrated-deployed,1.06536e-4,2.31255e-5,2.38073e-4,8.9083e-5,428,403,434,1.06545e-4,0.0241808,426,4.59945e-4,NA,NA,NA,NA,NA,NA,0.386744,4.74369e-4,408,0.146718,0.92471,0,0.0888031,0,Bayes-M14-fill-geo
Kajiji,Kwango,2,FALSE,recalibrated-deployed,9.99843e-5,4.38393e-5,1.74102e-4,9.3333e-5,426,409,434,9.99901e-5,0.0226933,427,4.31658e-4,NA,NA,NA,NA,NA,NA,0.471042,5.42235e-4,402,0.793436,0.15444,0,0.465251,0,Bayes-M14-fill-geo
Inga,Kongo-Central,2,FALSE,recalibrated-deployed,9.79629e-5,3.21064e-5,1.9129e-4,8.83545e-5,427,424,429,9.7969e-5,0.0222346,428,4.22931e-4,NA,NA,NA,NA,NA,NA,0.51287,5.78448e-4,399,0.521236,0.824324,0,0.19305,0,Bayes-M14-fill-geo
Baka,Haut-Lomami,2,FALSE,recalibrated-deployed,9.78947e-5,4.7163500000000003e-05,1.59097e-4,9.32129e-5,426,410,434,9.79001e-5,0.0222189,429,4.22636e-4,NA,NA,NA,NA,NA,NA,0.575933,6.49122e-4,394,0.434363,0.891892,0,0.401544,0,Bayes-M14-fill-geo
Kamonia,Kasaï,2,FALSE,recalibrated-deployed,9.11957e-5,2.10663e-5,1.9886e-4,7.77328e-5,432,414,437,9.12015e-5,0.0206986,430,3.93715e-4,NA,NA,NA,NA,NA,NA,0.186615,1.95937e-4,434,0.370656,0.110039,0,0.0791506,0,Bayes-M14-fill-geo
Bunkeya,Lualaba,2,FALSE,recalibrated-deployed,8.81246e-5,3.89986e-5,1.51398e-4,8.31369e-5,430,417,436,8.81291e-5,0.0200013,431,3.80456e-4,NA,NA,NA,NA,NA,NA,0.56242,5.70628e-4,400,0.824324,0.501931,0,0.361004,0,Bayes-M14-fill-geo
Kitenda,Kwango,2,FALSE,recalibrated-deployed,8.7043e-5,3.54508e-5,1.53847e-4,8.04871e-5,431,417,437,8.70475e-5,0.0197559,432,3.75787e-4,NA,NA,NA,NA,NA,NA,0.501287,5.02361e-4,405,0.664093,0.42471,0,0.415058,0,Bayes-M14-fill-geo
Kangu,Kongo-Central,2,FALSE,recalibrated-deployed,8.10168e-5,2.36081e-5,1.65467e-4,7.19473e-5,432,428,433,8.10211e-5,0.0183882,433,3.4977e-4,NA,NA,NA,NA,NA,NA,0.470399,4.3877e-4,410,0.380309,0.882239,0,0.148649,0,Bayes-M14-fill-geo
Vaku,Kongo-Central,2,FALSE,recalibrated-deployed,7.68713e-5,2.38037e-5,1.53954e-4,6.88854e-5,434,430,435,7.68752e-5,0.0174472,434,3.31873e-4,NA,NA,NA,NA,NA,NA,0.559202,4.94913e-4,406,0.567568,0.942085,0,0.167954,0,Bayes-M14-fill-geo
Katuba,Haut-Katanga,2,FALSE,recalibrated-deployed,7.37693e-5,1.89038e-5,1.56897e-4,6.33914e-5,436,427.95,439,7.37731e-5,0.0167432,435,3.18481e-4,NA,NA,NA,NA,NA,NA,0.0617761,5.24676e-5,450,0.0501931,0.030888,0,0.104247,0,Bayes-M14-fill-geo
Kasongo Lunda,Kwango,2,FALSE,recalibrated-deployed,7.31103e-5,2.25858e-5,1.4569e-4,6.56064e-5,435,432,436,7.31138e-5,0.0165935,436,3.15636e-4,NA,NA,NA,NA,NA,NA,0.458816,3.862e-4,415,0.627413,0.594595,0,0.15444,0,Bayes-M14-fill-geo
Nselo,Kongo-Central,2,FALSE,recalibrated-deployed,6.64578e-5,2.55693e-5,1.22237e-4,6.13457e-5,437,428,439,6.64605e-5,0.0150835,437,2.86916e-4,NA,NA,NA,NA,NA,NA,0.498713,3.81586e-4,416,0.656371,0.534749,0,0.305019,0,Bayes-M14-fill-geo
Boma Bungu,Kongo-Central,2,FALSE,recalibrated-deployed,6.03433e-5,1.68337e-5,1.25294e-4,5.33466e-5,438,437,442,6.03457e-5,0.0136958,438,2.60517e-4,NA,NA,NA,NA,NA,NA,0.427928,2.973e-4,424,0.581081,0.567568,0,0.135135,0,Bayes-M14-fill-geo
Nzanza,Kongo-Central,2,FALSE,recalibrated-deployed,5.34108e-5,1.15923e-5,1.1931e-4,4.45451e-5,441,436,447,5.34129e-5,0.0121223,439,2.30588e-4,NA,NA,NA,NA,NA,NA,0.289575,1.78068e-4,436,0.0888031,0.689189,0,0.0907336,0,Bayes-M14-fill-geo
Kibunzi,Kongo-Central,2,FALSE,recalibrated-deployed,4.9741e-5,2.00638e-5,8.92371e-5,4.59548e-5,440,429,448,4.97425e-5,0.0112893,440,2.14745e-4,NA,NA,NA,NA,NA,NA,0.556628,3.18768e-4,421,0.704633,0.525097,0,0.440154,0,Bayes-M14-fill-geo
Kilela Balanda,Haut-Katanga,2,FALSE,recalibrated-deployed,4.90695e-5,1.94768e-5,8.77279e-5,4.57093e-5,441,436.95,444,4.9071e-5,0.0111369,441,2.11846e-4,NA,NA,NA,NA,NA,NA,0.417632,2.3594e-4,431,0.92278,0.0926641,0,0.237452,0,Bayes-M14-fill-geo
Kashobwe,Haut-Katanga,2,FALSE,recalibrated-deployed,4.88206e-5,1.78136e-5,9.03863e-5,4.51861e-5,441,440,443,4.88221e-5,0.0110804,442,2.10771e-4,NA,NA,NA,NA,NA,NA,0.432432,2.43062e-4,430,0.805019,0.301158,0,0.19112,0,Bayes-M14-fill-geo
Kimpangu,Kongo-Central,2,FALSE,recalibrated-deployed,4.7491e-5,1.46391e-5,9.44765e-5,4.26538e-5,443,440,444,4.74924e-5,0.0107786,443,2.05031e-4,NA,NA,NA,NA,NA,NA,0.598456,3.27219e-4,420,0.708494,0.934363,0,0.15251,0,Bayes-M14-fill-geo
Mutshatsha,Lualaba,2,FALSE,recalibrated-deployed,4.49151e-5,2.07573e-5,7.57271e-5,4.21673e-5,443,430,450,4.49162e-5,0.010194,444,1.9391e-4,NA,NA,NA,NA,NA,NA,0.507722,2.62551e-4,427,0.971042,0.102317,0,0.449807,0,Bayes-M14-fill-geo
Kinkonzi,Kongo-Central,2,FALSE,recalibrated-deployed,4.31756e-5,1.35238e-5,8.53598e-5,3.89056e-5,445,443,446,4.31768e-5,0.00979919,445,1.864e-4,NA,NA,NA,NA,NA,NA,0.566924,2.81812e-4,425,0.623552,0.895753,0,0.181467,0,Bayes-M14-fill-geo
Vangu,Haut-Katanga,2,FALSE,recalibrated-deployed,4.13827e-5,1.35508e-5,7.97183e-5,3.75314e-5,445,443,447,4.13837e-5,0.00939225,446,1.7866e-4,NA,NA,NA,NA,NA,NA,0.144144,6.86769e-5,448,0.11583,0.169884,0,0.146718,0,Bayes-M14-fill-geo
Kowe,Haut-Katanga,2,FALSE,recalibrated-deployed,3.30164e-5,1.0082e-5,6.49385e-5,2.95912e-5,448,447,448,3.30171e-5,0.0074934,447,1.4254e-4,NA,NA,NA,NA,NA,NA,0.0933076,3.54685e-5,452,0.0714286,0.0810811,0,0.127413,0,Bayes-M14-fill-geo
Lilanga Bobangi,Equateur,2,FALSE,recalibrated-deployed,3.24533e-5,1.30228e-5,6.01164e-5,2.96683e-5,447,442,452,3.2454e-5,0.00736559,448,1.40109e-4,NA,NA,NA,NA,NA,NA,0.548906,2.05094e-4,433,0.938224,0.266409,0,0.442085,0,Bayes-M14-fill-geo
Kizu,Kongo-Central,2,FALSE,recalibrated-deployed,2.75694e-5,5.37081e-6,6.4297e-5,2.239e-5,449,448,450,2.757e-5,0.00625715,449,1.19024e-4,NA,NA,NA,NA,NA,NA,0.415058,1.31744e-4,442,0.297297,0.870656,0,0.0772201,0,Bayes-M14-fill-geo
Dilolo,Lualaba,2,FALSE,recalibrated-deployed,2.75297e-5,2.86728e-6,7.69174e-5,1.91779e-5,451,441,451,2.75305e-5,0.00624818,450,1.18853e-4,NA,NA,NA,NA,NA,NA,0.488417,1.54806e-4,439,0.839768,0.619691,0,0.00579151,0,Bayes-M14-fill-geo
Tembo,Kwango,2,FALSE,recalibrated-deployed,2.35116e-5,5.36543e-6,5.15416e-5,1.99403e-5,450,449,451,2.3512e-5,0.00533616,451,1.01506e-4,NA,NA,NA,NA,NA,NA,0.427284,1.15663e-4,443,0.787645,0.397683,0,0.0965251,0,Bayes-M14-fill-geo
Muanda,Kongo-Central,2,FALSE,recalibrated-deployed,1.78063e-5,4.48322e-7,6.8502e-5,7.59293e-6,453,445,454,1.78069e-5,0.00404137,452,7.68744e-5,NA,NA,NA,NA,NA,NA,0.545689,1.1187e-4,444,0.637066,1,0,0,0,Bayes-M14-fill-geo
Tshela,Kongo-Central,2,FALSE,recalibrated-deployed,1.37423e-5,1.57396e-6,3.78518e-5,9.76557e-6,452,452,453,1.37425e-5,0.00311892,453,5.9329e-5,NA,NA,NA,NA,NA,NA,0.43758,6.92329e-5,447,0.416988,0.888031,0,0.00772201,0,Bayes-M14-fill-geo
Kuimba,Kongo-Central,2,FALSE,recalibrated-deployed,1.06192e-5,9.90578e-7,3.00872e-5,7.18413e-6,454,453,454,1.06193e-5,0.00241011,454,4.58459e-5,NA,NA,NA,NA,NA,NA,0.409266,5.00373e-5,451,0.378378,0.84556,0,0.003861,0,Bayes-M14-fill-geo
Kitona,Kongo-Central,2,FALSE,recalibrated-deployed,6.84571e-6,2.68264e-7,2.42722e-5,3.48293e-6,455,455,455,6.84578e-6,0.00155369,455,2.95547e-5,NA,NA,NA,NA,NA,NA,0.390605,3.07859e-5,454,0.590734,0.579151,0,0.0019305,0,Bayes-M14-fill-geo
Buta,Bas-Uele,2,TRUE,recalibrated-deployed,NA,NA,NA,NA,NA,NA,NA,NA,NA,NA,NA,NA,NA,NA,NA,NA,NA,0.96332,NA,NA,0.974903,0.992278,0,0.92278,0,Bayes-M14-fill-geo
Ganga,Bas-Uele,2,TRUE,recalibrated-deployed,NA,NA,NA,NA,NA,NA,NA,NA,NA,NA,NA,NA,NA,NA,NA,NA,NA,0.962355,NA,NA,0.967181,0.955598,0,0.964286,0,Bayes-M14-fill-geo
Viadana,Bas-Uele,2,TRUE,recalibrated-deployed,NA,NA,NA,NA,NA,NA,NA,NA,NA,NA,NA,NA,NA,NA,NA,NA,NA,0.912806,NA,NA,0.913127,0.978764,0,0.846525,0,Bayes-M14-fill-geo
Boma Mangbetu,Haut-Uele,2,TRUE,recalibrated-deployed,NA,NA,NA,NA,NA,NA,NA,NA,NA,NA,NA,NA,NA,NA,NA,NA,NA,0.54955,NA,NA,0.285714,0.503861,0,0.859073,0,Bayes-M14-fill-geo
Dungu,Haut-Uele,2,TRUE,recalibrated-deployed,NA,NA,NA,NA,NA,NA,NA,NA,NA,NA,NA,NA,NA,NA,NA,NA,NA,0.703346,NA,NA,0.872587,0.559846,0,0.677606,0,Bayes-M14-fill-geo
Gombari,Haut-Uele,2,TRUE,recalibrated-deployed,NA,NA,NA,NA,NA,NA,NA,NA,NA,NA,NA,NA,NA,NA,NA,NA,NA,0.769627,NA,NA,0.96332,0.801158,0,0.544402,0,Bayes-M14-fill-geo
Isiro,Haut-Uele,2,TRUE,recalibrated-deployed,NA,NA,NA,NA,NA,NA,NA,NA,NA,NA,NA,NA,NA,NA,NA,NA,NA,0.70045,NA,NA,0.389961,0.758687,0,0.952703,0,Bayes-M14-fill-geo
Pawa,Haut-Uele,2,TRUE,recalibrated-deployed,NA,NA,NA,NA,NA,NA,NA,NA,NA,NA,NA,NA,NA,NA,NA,NA,NA,0.57529,NA,NA,0.293436,0.573359,0,0.859073,0,Bayes-M14-fill-geo
Rungu,Haut-Uele,2,TRUE,recalibrated-deployed,NA,NA,NA,NA,NA,NA,NA,NA,NA,NA,NA,NA,NA,NA,NA,NA,NA,0.863256,NA,NA,0.822394,0.803089,0,0.964286,0,Bayes-M14-fill-geo
Wamba,Haut-Uele,2,TRUE,recalibrated-deployed,NA,NA,NA,NA,NA,NA,NA,NA,NA,NA,NA,NA,NA,NA,NA,NA,NA,0.642214,NA,NA,0.673745,0.436293,0,0.816602,0,Bayes-M14-fill-geo
Adja,Ituri,2,TRUE,recalibrated-deployed,NA,NA,NA,NA,NA,NA,NA,NA,NA,NA,NA,NA,NA,NA,NA,NA,NA,0.352638,NA,NA,0.249035,0.428571,0,0.380309,0,Bayes-M14-fill-geo
Ariwara,Ituri,2,TRUE,recalibrated-deployed,NA,NA,NA,NA,NA,NA,NA,NA,NA,NA,NA,NA,NA,NA,NA,NA,NA,0.381596,NA,NA,0.198842,0.698842,0,0.247104,0,Bayes-M14-fill-geo
Aru,Ituri,2,TRUE,recalibrated-deployed,NA,NA,NA,NA,NA,NA,NA,NA,NA,NA,NA,NA,NA,NA,NA,NA,NA,0.470399,NA,NA,0.301158,0.841699,0,0.26834,0,Bayes-M14-fill-geo
Aungba,Ituri,2,TRUE,recalibrated-deployed,NA,NA,NA,NA,NA,NA,NA,NA,NA,NA,NA,NA,NA,NA,NA,NA,NA,0.447233,NA,NA,0.310811,0.656371,0,0.374517,0,Bayes-M14-fill-geo
Kambala,Ituri,2,TRUE,recalibrated-deployed,NA,NA,NA,NA,NA,NA,NA,NA,NA,NA,NA,NA,NA,NA,NA,NA,NA,0.462677,NA,NA,0.366795,0.611969,0,0.409266,0,Bayes-M14-fill-geo
Logo,Ituri,2,TRUE,recalibrated-deployed,NA,NA,NA,NA,NA,NA,NA,NA,NA,NA,NA,NA,NA,NA,NA,NA,NA,0.317889,NA,NA,0.175676,0.592664,0,0.185328,0,Bayes-M14-fill-geo
Mahagi,Ituri,2,TRUE,recalibrated-deployed,NA,NA,NA,NA,NA,NA,NA,NA,NA,NA,NA,NA,NA,NA,NA,NA,NA,0.305663,NA,NA,0.171815,0.600386,0,0.144788,0,Bayes-M14-fill-geo
Rimba,Ituri,2,TRUE,recalibrated-deployed,NA,NA,NA,NA,NA,NA,NA,NA,NA,NA,NA,NA,NA,NA,NA,NA,NA,0.407979,NA,NA,0.200772,0.712355,0,0.310811,0,Bayes-M14-fill-geo
Bambu,Ituri,2,TRUE,recalibrated-deployed,NA,NA,NA,NA,NA,NA,NA,NA,NA,NA,NA,NA,NA,NA,NA,NA,NA,0.31982,NA,NA,0.204633,0.469112,0,0.285714,0,Bayes-M14-fill-geo
Boga,Ituri,2,TRUE,recalibrated-deployed,NA,NA,NA,NA,NA,NA,NA,NA,NA,NA,NA,NA,NA,NA,NA,NA,NA,0.351995,NA,NA,0.3861,0.368726,0,0.301158,0,Bayes-M14-fill-geo
Bunia,Ituri,2,TRUE,recalibrated-deployed,NA,NA,NA,NA,NA,NA,NA,NA,NA,NA,NA,NA,NA,NA,NA,NA,NA,0.310167,NA,NA,0.117761,0.563707,0,0.249035,0,Bayes-M14-fill-geo
Damas,Ituri,2,TRUE,recalibrated-deployed,NA,NA,NA,NA,NA,NA,NA,NA,NA,NA,NA,NA,NA,NA,NA,NA,NA,0.429858,NA,NA,0.447876,0.328185,0,0.513514,0,Bayes-M14-fill-geo
Drodro,Ituri,2,TRUE,recalibrated-deployed,NA,NA,NA,NA,NA,NA,NA,NA,NA,NA,NA,NA,NA,NA,NA,NA,NA,0.356499,NA,NA,0.206564,0.590734,0,0.272201,0,Bayes-M14-fill-geo
Fataki,Ituri,2,TRUE,recalibrated-deployed,NA,NA,NA,NA,NA,NA,NA,NA,NA,NA,NA,NA,NA,NA,NA,NA,NA,0.42471,NA,NA,0.225869,0.720077,0,0.328185,0,Bayes-M14-fill-geo
Gety,Ituri,2,TRUE,recalibrated-deployed,NA,NA,NA,NA,NA,NA,NA,NA,NA,NA,NA,NA,NA,NA,NA,NA,NA,0.34556,NA,NA,0.335907,0.297297,0,0.403475,0,Bayes-M14-fill-geo
Kilo,Ituri,2,TRUE,recalibrated-deployed,NA,NA,NA,NA,NA,NA,NA,NA,NA,NA,NA,NA,NA,NA,NA,NA,NA,0.19305,NA,NA,0.220077,0.0501931,0,0.30888,0,Bayes-M14-fill-geo
Komanda,Ituri,2,TRUE,recalibrated-deployed,NA,NA,NA,NA,NA,NA,NA,NA,NA,NA,NA,NA,NA,NA,NA,NA,NA,0.312098,NA,NA,0.30888,0.119691,0,0.507722,0,Bayes-M14-fill-geo
Lita,Ituri,2,TRUE,recalibrated-deployed,NA,NA,NA,NA,NA,NA,NA,NA,NA,NA,NA,NA,NA,NA,NA,NA,NA,0.407979,NA,NA,0.276062,0.704633,0,0.243243,0,Bayes-M14-fill-geo
Lolwa,Ituri,2,TRUE,recalibrated-deployed,NA,NA,NA,NA,NA,NA,NA,NA,NA,NA,NA,NA,NA,NA,NA,NA,NA,0.427284,NA,NA,0.642857,0,0,0.638996,0,Bayes-M14-fill-geo
Mambasa,Ituri,2,TRUE,recalibrated-deployed,NA,NA,NA,NA,NA,NA,NA,NA,NA,NA,NA,NA,NA,NA,NA,NA,NA,0.576577,NA,NA,0.88417,0.262548,0,0.583012,0,Bayes-M14-fill-geo
Mandima,Ituri,2,TRUE,recalibrated-deployed,NA,NA,NA,NA,NA,NA,NA,NA,NA,NA,NA,NA,NA,NA,NA,NA,NA,0.354569,NA,NA,0.484556,0.289575,0,0.289575,0,Bayes-M14-fill-geo
Mangala,Ituri,2,TRUE,recalibrated-deployed,NA,NA,NA,NA,NA,NA,NA,NA,NA,NA,NA,NA,NA,NA,NA,NA,NA,0.402831,NA,NA,0.305019,0.61583,0,0.287645,0,Bayes-M14-fill-geo
Mongbwalu,Ituri,2,TRUE,recalibrated-deployed,NA,NA,NA,NA,NA,NA,NA,NA,NA,NA,NA,NA,NA,NA,NA,NA,NA,0.348777,NA,NA,0.411197,0.183398,0,0.451737,0,Bayes-M14-fill-geo
Nia Nia,Ituri,2,TRUE,recalibrated-deployed,NA,NA,NA,NA,NA,NA,NA,NA,NA,NA,NA,NA,NA,NA,NA,NA,NA,0.39704,NA,NA,0.666023,0.0212355,0,0.503861,0,Bayes-M14-fill-geo
Nizi,Ituri,2,TRUE,recalibrated-deployed,NA,NA,NA,NA,NA,NA,NA,NA,NA,NA,NA,NA,NA,NA,NA,NA,NA,0.236165,NA,NA,0.15444,0.337838,0,0.216216,0,Bayes-M14-fill-geo
Nyankunde,Ituri,2,TRUE,recalibrated-deployed,NA,NA,NA,NA,NA,NA,NA,NA,NA,NA,NA,NA,NA,NA,NA,NA,NA,0.335264,NA,NA,0.283784,0.243243,0,0.478764,0,Bayes-M14-fill-geo
Rwampara,Ituri,2,TRUE,recalibrated-deployed,NA,NA,NA,NA,NA,NA,NA,NA,NA,NA,NA,NA,NA,NA,NA,NA,NA,0.425354,NA,NA,0.237452,0.745174,0,0.293436,0,Bayes-M14-fill-geo
Tchomia,Ituri,2,TRUE,recalibrated-deployed,NA,NA,NA,NA,NA,NA,NA,NA,NA,NA,NA,NA,NA,NA,NA,NA,NA,0.266409,NA,NA,0.210425,0.374517,0,0.214286,0,Bayes-M14-fill-geo
Beni,Nord-Kivu,2,TRUE,recalibrated-deployed,NA,NA,NA,NA,NA,NA,NA,NA,NA,NA,NA,NA,NA,NA,NA,NA,NA,0.207851,NA,NA,0.15251,0.22973,0,0.241313,0,Bayes-M14-fill-geo
Biena,Nord-Kivu,2,TRUE,recalibrated-deployed,NA,NA,NA,NA,NA,NA,NA,NA,NA,NA,NA,NA,NA,NA,NA,NA,NA,0.26834,NA,NA,0.250965,0.166023,0,0.388031,0,Bayes-M14-fill-geo
Butembo,Nord-Kivu,2,TRUE,recalibrated-deployed,NA,NA,NA,NA,NA,NA,NA,NA,NA,NA,NA,NA,NA,NA,NA,NA,NA,0.243887,NA,NA,0.1139,0.388031,0,0.22973,0,Bayes-M14-fill-geo
Kalunguta,Nord-Kivu,2,TRUE,recalibrated-deployed,NA,NA,NA,NA,NA,NA,NA,NA,NA,NA,NA,NA,NA,NA,NA,NA,NA,0.207851,NA,NA,0.194981,0.206564,0,0.222008,0,Bayes-M14-fill-geo
Katwa,Nord-Kivu,2,TRUE,recalibrated-deployed,NA,NA,NA,NA,NA,NA,NA,NA,NA,NA,NA,NA,NA,NA,NA,NA,NA,0.266409,NA,NA,0.0868726,0.484556,0,0.227799,0,Bayes-M14-fill-geo
Kyondo,Nord-Kivu,2,TRUE,recalibrated-deployed,NA,NA,NA,NA,NA,NA,NA,NA,NA,NA,NA,NA,NA,NA,NA,NA,NA,0.431789,NA,NA,0.295367,0.797297,0,0.202703,0,Bayes-M14-fill-geo
Lubero,Nord-Kivu,2,TRUE,recalibrated-deployed,NA,NA,NA,NA,NA,NA,NA,NA,NA,NA,NA,NA,NA,NA,NA,NA,NA,0.611326,NA,NA,0.573359,0.938224,0,0.322394,0,Bayes-M14-fill-geo
Mabalako,Nord-Kivu,2,TRUE,recalibrated-deployed,NA,NA,NA,NA,NA,NA,NA,NA,NA,NA,NA,NA,NA,NA,NA,NA,NA,0.209781,NA,NA,0.19305,0.204633,0,0.23166,0,Bayes-M14-fill-geo
Manguredjipa,Nord-Kivu,2,TRUE,recalibrated-deployed,NA,NA,NA,NA,NA,NA,NA,NA,NA,NA,NA,NA,NA,NA,NA,NA,NA,0.46332,NA,NA,0.777992,0.0579151,0,0.554054,0,Bayes-M14-fill-geo
Masereka,Nord-Kivu,2,TRUE,recalibrated-deployed,NA,NA,NA,NA,NA,NA,NA,NA,NA,NA,NA,NA,NA,NA,NA,NA,NA,0.491634,NA,NA,0.254826,0.980695,0,0.239382,0,Bayes-M14-fill-geo
Musienene,Nord-Kivu,2,TRUE,recalibrated-deployed,NA,NA,NA,NA,NA,NA,NA,NA,NA,NA,NA,NA,NA,NA,NA,NA,NA,0.425354,NA,NA,0.264479,0.73166,0,0.279923,0,Bayes-M14-fill-geo
Mutwanga,Nord-Kivu,2,TRUE,recalibrated-deployed,NA,NA,NA,NA,NA,NA,NA,NA,NA,NA,NA,NA,NA,NA,NA,NA,NA,0.321107,NA,NA,0.260618,0.467181,0,0.235521,0,Bayes-M14-fill-geo
Oicha,Nord-Kivu,2,TRUE,recalibrated-deployed,NA,NA,NA,NA,NA,NA,NA,NA,NA,NA,NA,NA,NA,NA,NA,NA,NA,0.44852,NA,NA,0.324324,0.760618,0,0.260618,0,Bayes-M14-fill-geo
Vuhovi,Nord-Kivu,2,TRUE,recalibrated-deployed,NA,NA,NA,NA,NA,NA,NA,NA,NA,NA,NA,NA,NA,NA,NA,NA,NA,0.348134,NA,NA,0.202703,0.617761,0,0.223938,0,Bayes-M14-fill-geo
Goma,Nord-Kivu,2,TRUE,recalibrated-deployed,NA,NA,NA,NA,NA,NA,NA,NA,NA,NA,NA,NA,NA,NA,NA,NA,NA,0.355856,NA,NA,0.127413,0.897683,0,0.042471,0,Bayes-M14-fill-geo
Kayna,Nord-Kivu,2,TRUE,recalibrated-deployed,NA,NA,NA,NA,NA,NA,NA,NA,NA,NA,NA,NA,NA,NA,NA,NA,NA,0.415058,NA,NA,0.227799,0.633205,0,0.38417,0,Bayes-M14-fill-geo
Miti Murhesa,Sud-Kivu,2,TRUE,recalibrated-deployed,NA,NA,NA,NA,NA,NA,NA,NA,NA,NA,NA,NA,NA,NA,NA,NA,NA,0.436937,NA,NA,0.235521,0.913127,0,0.162162,0,Bayes-M14-fill-geo
Bulu,Sud-Ubangi,2,TRUE,recalibrated-deployed,NA,NA,NA,NA,NA,NA,NA,NA,NA,NA,NA,NA,NA,NA,NA,NA,NA,0.419562,NA,NA,0.364865,0.198842,0,0.694981,0,Bayes-M14-fill-geo
Bafwasende,Tshopo,2,TRUE,recalibrated-deployed,NA,NA,NA,NA,NA,NA,NA,NA,NA,NA,NA,NA,NA,NA,NA,NA,NA,0.606178,NA,NA,0.907336,0.241313,0,0.669884,0,Bayes-M14-fill-geo
Kabondo,Tshopo,2,TRUE,recalibrated-deployed,NA,NA,NA,NA,NA,NA,NA,NA,NA,NA,NA,NA,NA,NA,NA,NA,NA,0.240026,NA,NA,0.19112,0.272201,0,0.256757,0,Bayes-M14-fill-geo
Lubunga (Tshopo),Tshopo,2,TRUE,recalibrated-deployed,NA,NA,NA,NA,NA,NA,NA,NA,NA,NA,NA,NA,NA,NA,NA,NA,NA,0.305019,NA,NA,0.245174,0.343629,0,0.326255,0,Bayes-M14-fill-geo
Makiso Kisangani,Tshopo,2,TRUE,recalibrated-deployed,NA,NA,NA,NA,NA,NA,NA,NA,NA,NA,NA,NA,NA,NA,NA,NA,NA,0.314028,NA,NA,0.133205,0.530888,0,0.277992,0,Bayes-M14-fill-geo
Mangobo,Tshopo,2,TRUE,recalibrated-deployed,NA,NA,NA,NA,NA,NA,NA,NA,NA,NA,NA,NA,NA,NA,NA,NA,NA,0.274775,NA,NA,0.0791506,0.438224,0,0.30695,0,Bayes-M14-fill-geo
Tshopo,Tshopo,2,TRUE,recalibrated-deployed,NA,NA,NA,NA,NA,NA,NA,NA,NA,NA,NA,NA,NA,NA,NA,NA,NA,0.328829,NA,NA,0.361004,0.333977,0,0.291506,0,Bayes-M14-fill-geo
Wanierukula,Tshopo,2,TRUE,recalibrated-deployed,NA,NA,NA,NA,NA,NA,NA,NA,NA,NA,NA,NA,NA,NA,NA,NA,NA,0.630631,NA,NA,0.843629,0.552124,0,0.496139,0,Bayes-M14-fill-geo
Basali,Tshopo,2,TRUE,recalibrated-deployed,NA,NA,NA,NA,NA,NA,NA,NA,NA,NA,NA,NA,NA,NA,NA,NA,NA,0.503861,NA,NA,0.833977,0.0250965,0,0.65251,0,Bayes-M14-fill-geo
