health_zone,province,horizon,was_active_before,p_case_invasion,p_case_lo,p_case_hi,p_median,rank_med,rank_lo,rank_hi,mu_forecast,rr_nat,rr_nat_rank,rr01_nat,rr_ituri,rr_ituri_rank,rr_nordkivu,rr_nordkivu_rank,rr_hautuele,rr_hautuele_rank,V,priority,priority_rank,surveillance_gap,healthcare_gap,access_gap,social_vulnerability,healthcare_travel_min,method
Rethy,Ituri,1,FALSE,0.4257,0.3305,0.5218,0.4254,1,1,1,0.5598,70.1855,1,1,4.3565,1,NA,NA,NA,NA,0.2703,1,1,0.2143,0.6081,0,0.2587,0,Bayes-M10-med
Watsa,Haut-Uele,1,FALSE,0.2207,0.1733,0.271,0.2199,2,2,2,0.2501,31.3513,2,0.5184,NA,NA,NA,NA,3.126,1,0.4797,0.9201,2,0.7297,0.8436,0,0.3456,0,Bayes-M10-med
Nyarambe,Ituri,1,FALSE,0.1323,0.1033,0.1638,0.1315,3,3,3,0.1422,17.8238,3,0.3108,1.1064,2,NA,NA,NA,NA,0.1805,0.2076,12,0.1699,0.4595,0,0.0927,0,Bayes-M10-med
Rutshuru,Nord-Kivu,1,FALSE,0.1037,0.0816,0.1274,0.1029,4,4,5,0.1097,13.7487,4,0.2437,NA,NA,2.4077,1,NA,NA,0.3721,0.3355,6,0.4093,0.9942,0,0.0849,0,Bayes-M10-med
Biringi,Ituri,1,FALSE,0.1031,0.0807,0.1277,0.1023,5,4,6,0.109,13.6641,5,0.2423,0.8482,3,NA,NA,NA,NA,0.3494,0.3132,7,0.3958,0.4865,0,0.5154,0,Bayes-M10-med
Dungu,Haut-Uele,1,FALSE,0.0926,0.071,0.1161,0.0921,6,6,7,0.0973,12.2027,6,0.2176,NA,NA,NA,NA,1.2167,2,0.5275,0.4247,4,0.8726,0.5598,0,0.6776,0,Bayes-M10-med
Poko,Bas-Uele,1,FALSE,0.0883,0.068,0.1103,0.0874,8,5,12,0.0925,11.5995,7,0.2074,NA,NA,NA,NA,NA,NA,0.7271,0.5578,3,0.9923,0.9517,0,0.9643,0,Bayes-M10-med
Karisimbi,Nord-Kivu,1,FALSE,0.088,0.0691,0.1084,0.0871,7,7,8,0.0922,11.5586,8,0.2067,NA,NA,2.0242,2,NA,NA,0.1597,0.1222,17,0.0907,0.5154,0,0.0328,0,Bayes-M10-med
Makoro,Haut-Uele,1,FALSE,0.0798,0.0621,0.0993,0.0793,9,8,10,0.0833,10.4429,9,0.1876,NA,NA,NA,NA,1.0412,3,0.3822,0.2653,10,0.556,0.5483,0,0.4247,0,Bayes-M10-med
Alimbongo,Nord-Kivu,1,FALSE,0.0783,0.0614,0.0963,0.0776,10,9,11,0.0816,10.2338,10,0.184,NA,NA,1.7922,3,NA,NA,0.4262,0.2901,8,0.5849,0.7471,0,0.3726,0,Bayes-M10-med
Kibirizi,Nord-Kivu,1,FALSE,0.0745,0.058,0.0923,0.0739,11,11,12,0.0775,9.7151,11,0.175,NA,NA,1.7013,4,NA,NA,0.4175,0.2703,9,0.5405,0.8552,0,0.2741,0,Bayes-M10-med
Niangara,Haut-Uele,1,FALSE,0.0739,0.0557,0.0938,0.0735,12,10,14,0.0768,9.6333,12,0.1736,NA,NA,NA,NA,0.9605,4,0.5512,0.3539,5,0.8031,0.4324,0,0.9691,0,Bayes-M10-med
Nyiragongo,Nord-Kivu,1,FALSE,0.0724,0.0567,0.0893,0.0717,13,12,13,0.0752,9.4326,13,0.1701,NA,NA,1.6519,5,NA,NA,0.2891,0.182,14,0.2432,0.8764,0,0.0367,0,Bayes-M10-med
Rwanguba,Nord-Kivu,1,FALSE,0.0715,0.056,0.088,0.0709,14,13,14,0.0742,9.304,14,0.1679,NA,NA,1.6294,6,NA,NA,0.2442,0.1517,15,0.2085,0.7027,0,0.0656,0,Bayes-M10-med
Angumu,Ituri,1,FALSE,0.066,0.0513,0.0821,0.0654,15,15,16,0.0683,8.565,15,0.155,0.5316,4,NA,NA,NA,NA,0.11,0.0631,30,0.1641,0.1641,0,0.112,0,Bayes-M10-med
Kirotshe,Nord-Kivu,1,FALSE,0.0653,0.0511,0.0805,0.0646,16,15,16,0.0675,8.4681,16,0.1533,NA,NA,1.483,7,NA,NA,0.3842,0.2179,11,0.3764,0.9961,0,0.1641,0,Bayes-M10-med
Kamango,Nord-Kivu,1,FALSE,0.0513,0.04,0.0634,0.0508,17,17,17,0.0527,6.6014,17,0.1204,NA,NA,1.1561,8,NA,NA,0.4373,0.1948,13,0.6583,0.917,0,0.1737,0,Bayes-M10-med
Linga,Ituri,1,FALSE,0.0456,0.033,0.0597,0.0452,18,18,19,0.0467,5.8539,18,0.1071,0.3634,5,NA,NA,NA,NA,0.2148,0.0851,26,0.1969,0.3417,0,0.3205,0,Bayes-M10-med
Jiba,Ituri,1,FALSE,0.0432,0.0313,0.0564,0.0428,19,19,20,0.0441,5.535,19,0.1014,0.3436,6,NA,NA,NA,NA,0.1651,0.0619,32,0.1815,0.1274,0,0.3514,0,Bayes-M10-med
Bambo,Nord-Kivu,1,FALSE,0.0386,0.0301,0.0478,0.0383,20,18,20,0.0394,4.9408,20,0.0907,NA,NA,0.8653,9,NA,NA,0.3962,0.133,16,0.5521,0.9073,0,0.1255,0,Bayes-M10-med
Binza,Nord-Kivu,1,FALSE,0.0339,0.0264,0.0419,0.0336,21,21,21,0.0345,4.3247,21,0.0796,NA,NA,0.7574,10,NA,NA,0.3518,0.1036,21,0.471,0.8378,0,0.0985,0,Bayes-M10-med
Minova,Sud-Kivu,1,FALSE,0.0318,0.0248,0.0394,0.0314,22,22,22,0.0323,4.0482,22,0.0746,NA,NA,NA,NA,NA,NA,0.3866,0.1067,20,0.4421,0.9826,0,0.1216,0,Bayes-M10-med
Ibanda,Sud-Kivu,1,FALSE,0.0312,0.0243,0.0387,0.0308,23,23,24,0.0317,3.9702,23,0.0732,NA,NA,NA,NA,NA,NA,0.2307,0.0625,31,0.083,0.6216,0,0.2181,0,Bayes-M10-med
Mweso,Nord-Kivu,1,FALSE,0.0303,0.0236,0.0375,0.03,24,24,25,0.0308,3.8602,24,0.0712,NA,NA,0.676,11,NA,NA,0.4189,0.1104,18,0.4498,0.9614,0,0.2645,0,Bayes-M10-med
Adi,Ituri,1,FALSE,0.0294,0.022,0.0375,0.0292,25,23,26,0.0298,3.7393,25,0.069,0.2321,7,NA,NA,NA,NA,0.3977,0.1015,23,0.2587,0.7104,0,0.6216,0,Bayes-M10-med
Laybo,Ituri,1,FALSE,0.0276,0.021,0.0349,0.0275,27,26,28,0.028,3.5162,26,0.0649,0.2183,8,NA,NA,NA,NA,0.3393,0.0815,27,0.3069,0.556,0,0.4942,0,Bayes-M10-med
Faradje,Haut-Uele,1,FALSE,0.0275,0.0208,0.0348,0.0273,28,27,30,0.0279,3.4975,27,0.0646,NA,NA,NA,NA,0.3487,5,0.4474,0.1069,19,0.7606,0.666,0,0.3629,0,Bayes-M10-med
Banalia,Tshopo,1,FALSE,0.0275,0.0207,0.0349,0.0273,27,26,31,0.0279,3.4973,28,0.0646,NA,NA,NA,NA,NA,NA,0.4242,0.1014,24,0.7799,0.1178,0,0.7992,0,Bayes-M10-med
Nsele,Kinshasa,1,FALSE,0.0271,0.0211,0.0337,0.0269,29,26,29,0.0275,3.4489,29,0.0637,NA,NA,NA,NA,NA,NA,0.1583,0.0373,47,0.139,0.3996,0,0.0946,0,Bayes-M10-med
Masisi,Nord-Kivu,1,FALSE,0.0267,0.0207,0.0331,0.0264,30,26,30,0.027,3.3898,30,0.0626,NA,NA,0.5936,12,NA,NA,0.4402,0.102,22,0.4324,0.9575,0,0.3707,0,Bayes-M10-med
Gombe,Kinshasa,1,FALSE,0.0261,0.0204,0.0325,0.0259,31,29,31,0.0265,3.3225,31,0.0614,NA,NA,NA,NA,NA,NA,0.1622,0.0368,49,0.0695,0.5695,0,0.0097,0,Bayes-M10-med
Kadutu,Sud-Kivu,1,FALSE,0.0226,0.0176,0.0281,0.0224,32,32,32,0.0229,2.87,32,0.0531,NA,NA,NA,NA,NA,NA,0.1636,0.0322,53,0.0579,0.3861,0,0.2104,0,Bayes-M10-med
Katana,Sud-Kivu,1,FALSE,0.021,0.0163,0.0261,0.0208,33,33,33,0.0212,2.6573,33,0.0493,NA,NA,NA,NA,NA,NA,0.3224,0.0588,35,0.2471,0.9112,0,0.1313,0,Bayes-M10-med
Limete,Kinshasa,1,FALSE,0.0203,0.0158,0.0253,0.0201,34,34,35,0.0205,2.5744,34,0.0477,NA,NA,NA,NA,NA,NA,0.056,0.0099,104,0.0405,0.1371,0,0.0463,0,Bayes-M10-med
Aba,Haut-Uele,1,FALSE,0.0197,0.0149,0.025,0.0196,35,34,37,0.0199,2.4981,35,0.0463,NA,NA,NA,NA,0.2491,6,0.569,0.0975,25,0.6004,0.6853,0,0.9903,0,Bayes-M10-med
Kabare,Sud-Kivu,1,FALSE,0.0196,0.0153,0.0244,0.0194,36,35,36,0.0198,2.4856,36,0.0461,NA,NA,NA,NA,NA,NA,0.3567,0.0608,34,0.2394,0.9884,0,0.1988,0,Bayes-M10-med
Binza Ozone,Kinshasa,1,FALSE,0.0188,0.0146,0.0234,0.0186,37,36,37,0.019,2.3802,37,0.0442,NA,NA,NA,NA,NA,NA,0.152,0.0248,62,0.0734,0.5232,0,0.0116,0,Bayes-M10-med
Kokolo,Kinshasa,1,FALSE,0.0182,0.0142,0.0227,0.0181,38,38,38,0.0184,2.3081,38,0.0428,NA,NA,NA,NA,NA,NA,0.2172,0.0344,51,0.0772,0.7722,0,0.0193,0,Bayes-M10-med
Lingwala,Kinshasa,1,FALSE,0.0181,0.0141,0.0225,0.0179,39,39,40,0.0183,2.2883,39,0.0425,NA,NA,NA,NA,NA,NA,0.0323,0.0051,145,0.0232,0.0907,0,0.0154,0,Bayes-M10-med
Katoyi,Nord-Kivu,1,FALSE,0.0173,0.0135,0.0215,0.0171,40,40,42,0.0175,2.1896,40,0.0407,NA,NA,0.3835,13,NA,NA,0.4542,0.0683,29,0.4614,0.9595,0,0.3958,0,Bayes-M10-med
Bengamisa,Tshopo,1,FALSE,0.0164,0.012,0.0213,0.0163,41,40,47,0.0165,2.0741,41,0.0385,NA,NA,NA,NA,NA,NA,0.3012,0.0429,43,0.612,0.2162,0,0.3764,0,Bayes-M10-med
Kalamu 1,Kinshasa,1,FALSE,0.0161,0.0126,0.0201,0.016,42,41,43,0.0163,2.0414,42,0.0379,NA,NA,NA,NA,NA,NA,0.0309,0.0043,168,0.0193,0.0734,0,0.0309,0,Bayes-M10-med
Kasa Vubu,Kinshasa,1,FALSE,0.0161,0.0125,0.0201,0.016,44,43,45,0.0162,2.0366,44,0.0378,NA,NA,NA,NA,NA,NA,0.0444,0.0062,133,0.0309,0.1216,0,0.0251,0,Bayes-M10-med
Kinshasa,Kinshasa,1,FALSE,0.0161,0.0126,0.0201,0.016,43,42,44,0.0163,2.0391,43,0.0379,NA,NA,NA,NA,NA,NA,0.0203,0.0028,228,0.0135,0.0463,0,0.0212,0,Bayes-M10-med
Uvira,Sud-Kivu,1,FALSE,0.0152,0.0118,0.0189,0.015,45,44,47,0.0153,1.9178,46,0.0357,NA,NA,NA,NA,NA,NA,0.5502,0.0726,28,0.2181,0.9846,0,0.9981,0,Bayes-M10-med
Yakusu,Tshopo,1,FALSE,0.0152,0.0101,0.021,0.015,46,39,58,0.0153,1.9214,45,0.0357,NA,NA,NA,NA,NA,NA,0.319,0.0422,45,0.4208,0.2085,0,0.6467,0,Bayes-M10-med
Lemba,Kinshasa,1,FALSE,0.0145,0.0113,0.018,0.0143,48,47,49,0.0146,1.8268,48,0.034,NA,NA,NA,NA,NA,NA,0.1023,0.0129,92,0.0483,0.3069,0,0.0541,0,Bayes-M10-med
Bafwagbogbo,Tshopo,1,FALSE,0.0145,0.011,0.0184,0.0144,47,46,50,0.0147,1.8374,47,0.0342,NA,NA,NA,NA,NA,NA,0.3948,0.0499,37,0.8591,0.027,0,0.6931,0,Bayes-M10-med
Birambizo,Nord-Kivu,1,FALSE,0.0144,0.0112,0.0179,0.0143,49,46,50,0.0145,1.8234,49,0.0339,NA,NA,0.3193,14,NA,NA,0.3625,0.0455,40,0.4035,0.89,0,0.1564,0,Bayes-M10-med
Masina 1,Kinshasa,1,FALSE,0.0143,0.0111,0.0178,0.0141,50,48,50,0.0144,1.8029,50,0.0335,NA,NA,NA,NA,NA,NA,0.0193,0.0024,253,0.0077,0.0077,0,0.0618,0,Bayes-M10-med
Kintambo,Kinshasa,1,FALSE,0.0142,0.011,0.0176,0.014,51,49,51,0.0143,1.7886,51,0.0333,NA,NA,NA,NA,NA,NA,0.0338,0.0042,175,0.0212,0.1004,0,0.0135,0,Bayes-M10-med
Walungu,Sud-Kivu,1,FALSE,0.0131,0.0102,0.0163,0.013,53,51,54,0.0132,1.6552,52,0.0308,NA,NA,NA,NA,NA,NA,0.3248,0.037,48,0.1853,0.8803,0,0.2336,0,Bayes-M10-med
Mbaya,Sud-Ubangi,1,FALSE,0.0131,0.0096,0.017,0.0129,52,45,57,0.0132,1.6495,53,0.0307,NA,NA,NA,NA,NA,NA,0.3142,0.0357,50,0.3514,0.2239,0,0.6815,0,Bayes-M10-med
Kalehe,Sud-Kivu,1,FALSE,0.0129,0.01,0.016,0.0128,54,52,55,0.013,1.6286,54,0.0303,NA,NA,NA,NA,NA,NA,0.3369,0.0378,46,0.3417,0.8649,0,0.1409,0,Bayes-M10-med
Ruzizi,Sud-Kivu,1,FALSE,0.0126,0.0098,0.0156,0.0124,55,53,56,0.0126,1.586,55,0.0295,NA,NA,NA,NA,NA,NA,0.5627,0.0615,33,0.3494,0.9093,0,0.9923,0,Bayes-M10-med
Masina 2,Kinshasa,1,FALSE,0.0123,0.0095,0.0153,0.0121,56,55,57,0.0123,1.5471,56,0.0288,NA,NA,NA,NA,NA,NA,0.0265,0.0028,229,0.0174,0.0193,0,0.0695,0,Bayes-M10-med
Bandalungwa,Kinshasa,1,FALSE,0.0122,0.0095,0.0152,0.0121,57,56,58,0.0123,1.5381,57,0.0286,NA,NA,NA,NA,NA,NA,0.0709,0.0075,118,0.0328,0.2336,0,0.0174,0,Bayes-M10-med
Budjala,Sud-Ubangi,1,FALSE,0.012,0.0088,0.0155,0.0118,58,50,62,0.012,1.508,58,0.0281,NA,NA,NA,NA,NA,NA,0.43,0.0447,41,0.5154,0.4035,0,0.8012,0,Bayes-M10-med
Bagira,Sud-Kivu,1,FALSE,0.0111,0.0086,0.0138,0.011,59,58,59,0.0112,1.3992,59,0.0261,NA,NA,NA,NA,NA,NA,0.236,0.0228,65,0.1004,0.6371,0,0.2066,0,Bayes-M10-med
Binza Meteo,Kinshasa,1,FALSE,0.0108,0.0084,0.0134,0.0107,60,59,60,0.0108,1.3562,60,0.0253,NA,NA,NA,NA,NA,NA,0.2558,0.0239,64,0.0965,0.8996,0,0.027,0,Bayes-M10-med
Nyantende,Sud-Kivu,1,FALSE,0.0105,0.0081,0.013,0.0104,61,61,62,0.0105,1.3227,61,0.0246,NA,NA,NA,NA,NA,NA,0.3219,0.0294,55,0.1486,0.8938,0,0.2452,0,Bayes-M10-med
Kikimi,Kinshasa,1,FALSE,0.0104,0.0081,0.0129,0.0103,62,62,63,0.0104,1.3065,62,0.0243,NA,NA,NA,NA,NA,NA,0.0835,0.0075,117,0.056,0.1911,0,0.0869,0,Bayes-M10-med
Matete,Kinshasa,1,FALSE,0.0102,0.008,0.0127,0.0101,63,63,64,0.0103,1.2885,63,0.024,NA,NA,NA,NA,NA,NA,0.0492,0.0044,166,0.0251,0.1158,0,0.056,0,Bayes-M10-med
Barumbu,Kinshasa,1,FALSE,0.0102,0.0079,0.0127,0.0101,64,64,65,0.0102,1.2817,64,0.0239,NA,NA,NA,NA,NA,NA,0.014,0.0012,341,0.0097,0.0232,0,0.0232,0,Bayes-M10-med
Fizi,Sud-Kivu,1,FALSE,0.0098,0.0076,0.0123,0.0097,66,65,66,0.0099,1.238,65,0.0231,NA,NA,NA,NA,NA,NA,0.5637,0.0481,38,0.7432,0.9691,0,0.5425,0,Bayes-M10-med
Walikale,Nord-Kivu,1,FALSE,0.0094,0.0073,0.0118,0.0094,67,66,67,0.0095,1.1905,66,0.0222,NA,NA,0.2085,15,NA,NA,0.5729,0.047,39,0.9459,0.9286,0,0.417,0,Bayes-M10-med
Isangi,Tshopo,1,FALSE,0.0092,0.0067,0.012,0.0091,68,65,80,0.0092,1.1583,68,0.0216,NA,NA,NA,NA,NA,NA,0.3837,0.0307,54,0.4054,0.4073,0,0.722,0,Bayes-M10-med
Nyemba,Tanganyika,1,FALSE,0.0092,0.0072,0.0115,0.0091,68,67,68,0.0093,1.1598,67,0.0216,NA,NA,NA,NA,NA,NA,0.3456,0.0277,56,0.5965,0.4556,0,0.3301,0,Bayes-M10-med
Titule,Bas-Uele,1,FALSE,0.0091,0.0064,0.0121,0.0091,69,57,85,0.0092,1.1508,69,0.0215,NA,NA,NA,NA,NA,NA,0.6839,0.0543,36,0.9865,0.8263,0,0.9228,0,Bayes-M10-med
Mont Ngafula 1,Kinshasa,1,FALSE,0.009,0.007,0.0112,0.0089,69,69,70,0.009,1.1294,70,0.0211,NA,NA,NA,NA,NA,NA,0.2066,0.0161,74,0.1371,0.6313,0,0.0579,0,Bayes-M10-med
Lemera,Sud-Kivu,1,FALSE,0.0088,0.0068,0.0109,0.0087,70,70,71,0.0088,1.1068,71,0.0206,NA,NA,NA,NA,NA,NA,0.5613,0.0429,44,0.3629,0.9015,0,0.9807,0,Bayes-M10-med
Mont Ngafula 2,Kinshasa,1,FALSE,0.0087,0.0067,0.0108,0.0086,72,71,72,0.0087,1.0928,72,0.0204,NA,NA,NA,NA,NA,NA,0.0951,0.0072,122,0.0849,0.2568,0,0.0386,0,Bayes-M10-med
Pinga,Nord-Kivu,1,FALSE,0.0087,0.0067,0.0108,0.0086,73,71,73,0.0087,1.0927,73,0.0204,NA,NA,0.1914,16,NA,NA,0.57,0.043,42,0.9595,0.7548,0,0.5656,0,Bayes-M10-med
Selembao,Kinshasa,1,FALSE,0.0086,0.0067,0.0107,0.0085,73,72,74,0.0087,1.086,74,0.0203,NA,NA,NA,NA,NA,NA,0.0676,0.0051,146,0.0444,0.1815,0,0.0444,0,Bayes-M10-med
Ndjili,Kinshasa,1,FALSE,0.0084,0.0065,0.0105,0.0083,75,74,76,0.0084,1.0574,76,0.0197,NA,NA,NA,NA,NA,NA,0.0487,0.0036,188,0.027,0.1042,0,0.0637,0,Bayes-M10-med
Mubumbano,Sud-Kivu,1,FALSE,0.0084,0.0065,0.0105,0.0083,76,74,76,0.0084,1.0591,75,0.0198,NA,NA,NA,NA,NA,NA,0.3658,0.0267,57,0.2683,0.9402,0,0.2548,0,Bayes-M10-med
Kingabwa,Kinshasa,1,FALSE,0.0083,0.0065,0.0103,0.0082,77,76,78,0.0083,1.0449,77,0.0195,NA,NA,NA,NA,NA,NA,0.0478,0.0034,195,0.0425,0.0965,0,0.0521,0,Bayes-M10-med
Ngiri Ngiri,Kinshasa,1,FALSE,0.0082,0.0063,0.0102,0.0081,79,78,79,0.0082,1.0267,79,0.0192,NA,NA,NA,NA,NA,NA,0.028,0.002,276,0.0154,0.0676,0,0.029,0,Bayes-M10-med
Lubutu,Maniema,1,FALSE,0.0082,0.0063,0.0104,0.0082,78,75,81,0.0083,1.0361,78,0.0193,NA,NA,NA,NA,NA,NA,0.4706,0.0337,52,0.8205,0.2819,0,0.7799,0,Bayes-M10-med
Police,Kinshasa,1,FALSE,0.0081,0.0063,0.0101,0.008,80,79,81,0.0081,1.018,80,0.019,NA,NA,NA,NA,NA,NA,0.0478,0.0034,201,0.0463,0.0772,0,0.0676,0,Bayes-M10-med
Nyangezi,Sud-Kivu,1,FALSE,0.0081,0.0063,0.01,0.008,81,78,81,0.0081,1.0142,81,0.0189,NA,NA,NA,NA,NA,NA,0.36870000000000003,0.0258,60,0.222,0.8842,0,0.36870000000000003,0,Bayes-M10-med
Mwana,Sud-Kivu,1,FALSE,0.0069,0.0053,0.0086,0.0068,82,81,82,0.0069,0.8675,82,0.0162,NA,NA,NA,NA,NA,NA,0.3731,0.0224,68,0.2896,0.9035,0,0.2992,0,Bayes-M10-med
Kaniola,Sud-Kivu,1,FALSE,0.0068,0.0052,0.0084,0.0067,83,82,83,0.0068,0.85,83,0.0159,NA,NA,NA,NA,NA,NA,0.4513,0.0265,58,0.5328,0.9305,0,0.3417,0,Bayes-M10-med
Maluku 1,Kinshasa,1,FALSE,0.0064,0.005,0.008,0.0064,84,83,84,0.0065,0.811,84,0.0151,NA,NA,NA,NA,NA,NA,0.2321,0.013,90,0.3475,0.4517,0,0.1293,0,Bayes-M10-med
Kingasani,Kinshasa,1,FALSE,0.0062,0.0049,0.0078,0.0062,85,85,86,0.0063,0.7849,85,0.0147,NA,NA,NA,NA,NA,NA,0.0294,0.0016,308,0.0058,0.0405,0,0.0714,0,Bayes-M10-med
Bunyakiri,Sud-Kivu,1,FALSE,0.0062,0.0048,0.0078,0.0062,86,85,87,0.0063,0.7849,86,0.0147,NA,NA,NA,NA,NA,NA,0.4517,0.0245,63,0.6197,0.832,0,0.3552,0,Bayes-M10-med
Kindu,Maniema,1,FALSE,0.006,0.0047,0.0075,0.006,87,87,88,0.006,0.7554,87,0.0141,NA,NA,NA,NA,NA,NA,0.3181,0.0166,73,0.1351,0.2529,0,0.8842,0,Bayes-M10-med
Opienge,Tshopo,1,FALSE,0.0058,0.0044,0.0074,0.0058,88,87,89,0.0059,0.7337,88,0.0137,NA,NA,NA,NA,NA,NA,0.4445,0.0225,66,0.9556,0.0135,0,0.8089,0,Bayes-M10-med
Kasongo,Maniema,1,FALSE,0.0056,0.0044,0.007,0.0056,89,88,91,0.0056,0.7074,89,0.0132,NA,NA,NA,NA,NA,NA,0.5304,0.0259,59,0.4459,0.7529,0,0.9228,0,Bayes-M10-med
Binga,Mongala,1,FALSE,0.0054,0.004,0.0069,0.0053,90,84,96,0.0054,0.6732,90,0.0126,NA,NA,NA,NA,NA,NA,0.3306,0.0154,78,0.4749,0.249,0,0.5985,0,Bayes-M10-med
Ubundu,Tshopo,1,FALSE,0.0052,0.0038,0.0068,0.0051,91,90,94,0.0052,0.6535,91,0.0122,NA,NA,NA,NA,NA,NA,0.4744,0.0214,69,0.9054,0.4305,0,0.5618,0,Bayes-M10-med
Yabaondo,Tshopo,1,FALSE,0.0052,0.0037,0.0068,0.0051,92,89,96,0.0052,0.6475,92,0.0121,NA,NA,NA,NA,NA,NA,0.3523,0.0158,77,0.4363,0.305,0,0.668,0,Bayes-M10-med
Kalemie,Tanganyika,1,FALSE,0.0051,0.004,0.0064,0.0051,93,90,93,0.0051,0.6444,93,0.012,NA,NA,NA,NA,NA,NA,0.3789,0.0169,72,0.6718,0.4575,0,0.3861,0,Bayes-M10-med
Lubumbashi,Haut-Katanga,1,FALSE,0.005,0.0039,0.0062,0.005,94,91,95,0.005,0.6298,94,0.0118,NA,NA,NA,NA,NA,NA,0.1105,0.0048,153,0.1081,0.2104,0,0.1236,0,Bayes-M10-med
Basoko,Tshopo,1,FALSE,0.0049,0.0037,0.0063,0.0049,95,92,95,0.0049,0.6196,95,0.0116,NA,NA,NA,NA,NA,NA,0.3012,0.0129,91,0.5077,0.3147,0,0.3822,0,Bayes-M10-med
Doruma,Haut-Uele,1,FALSE,0.0046,0.0035,0.0059,0.0046,96,95,98,0.0046,0.5794,96,0.0108,NA,NA,NA,NA,0.0578,7,0.6216,0.0249,61,0.973,0.5135,0,1,0,Bayes-M10-med
Nundu,Sud-Kivu,1,FALSE,0.0044,0.0034,0.0054,0.0043,97,96,98,0.0044,0.548,97,0.0102,NA,NA,NA,NA,NA,NA,0.5927,0.0225,67,0.527,0.8494,0,0.9942,0,Bayes-M10-med
Kibua,Nord-Kivu,1,FALSE,0.0043,0.0033,0.0054,0.0043,98,97,99,0.0043,0.5442,98,0.0102,NA,NA,0.0953,17,NA,NA,0.5154,0.0194,71,0.7741,0.6602,0,0.6274,0,Bayes-M10-med
Makala,Kinshasa,1,FALSE,0.0042,0.0033,0.0053,0.0042,100,99,100,0.0042,0.5313,100,0.0099,NA,NA,NA,NA,NA,NA,0.0246,9e-4,382,0.0116,0.0386,0,0.0483,0,Bayes-M10-med
Gemena,Sud-Ubangi,1,FALSE,0.0042,0.0032,0.0054,0.0042,99,96,104,0.0043,0.5334,99,0.01,NA,NA,NA,NA,NA,NA,0.3277,0.0121,96,0.1776,0.2741,0,0.8591,0,Bayes-M10-med
Kalamu 2,Kinshasa,1,FALSE,0.0041,0.0032,0.0051,0.0041,101,100,101,0.0041,0.5157,101,0.0096,NA,NA,NA,NA,NA,NA,0.015,5e-4,414,0.0039,0.0154,0,0.0405,0,Bayes-M10-med
Kalonge,Sud-Kivu,1,FALSE,0.0041,0.0032,0.0051,0.004,102,100,102,0.0041,0.5108,102,0.0095,NA,NA,NA,NA,NA,NA,0.404,0.0143,83,0.4961,0.8359,0,0.2838,0,Bayes-M10-med
Kunda,Maniema,1,FALSE,0.004,0.0031,0.005,0.004,103,102,104,0.004,0.5048,103,0.0094,NA,NA,NA,NA,NA,NA,0.4165,0.0145,81,0.4633,0.2799,0,0.9228,0,Bayes-M10-med
Yaleko,Tshopo,1,FALSE,0.0038,0.0028,0.0049,0.0038,104,101,107,0.0038,0.4754,104,0.0089,NA,NA,NA,NA,NA,NA,0.402,0.0132,89,0.639,0.2452,0,0.7239,0,Bayes-M10-med
Saramabila,Maniema,1,FALSE,0.0035,0.0027,0.0044,0.0035,106,104,106,0.0035,0.4382,106,0.0082,NA,NA,NA,NA,NA,NA,0.4768,0.0145,82,0.473,0.5502,0,0.8842,0,Bayes-M10-med
Lisala,Mongala,1,FALSE,0.0035,0.0027,0.0044,0.0035,105,105,106,0.0035,0.4407,105,0.0082,NA,NA,NA,NA,NA,NA,0.4093,0.0125,93,0.4286,0.4402,0,0.7683,0,Bayes-M10-med
Kongolo,Tanganyika,1,FALSE,0.0034,0.0026,0.0042,0.0034,107,106,107,0.0034,0.4253,107,0.008,NA,NA,NA,NA,NA,NA,0.6829,0.0201,70,0.8861,0.9228,0,0.9228,0,Bayes-M10-med
Kabinda,Lomami,1,FALSE,0.0033,0.0025,0.0041,0.0032,109,108,109,0.0033,0.4088,109,0.0076,NA,NA,NA,NA,NA,NA,0.4382,0.0124,94,0.5097,0.5541,0,0.6892,0,Bayes-M10-med
Kaziba,Sud-Kivu,1,FALSE,0.0033,0.0025,0.0041,0.0032,108,108,109,0.0033,0.4091,108,0.0077,NA,NA,NA,NA,NA,NA,0.3571,0.0101,102,0.2876,0.7838,0,0.3571,0,Bayes-M10-med
Kitutu,Sud-Kivu,1,FALSE,0.0031,0.0024,0.0039,0.0031,111,111,112,0.0031,0.388,111,0.0073,NA,NA,NA,NA,NA,NA,0.5024,0.0135,87,0.751,0.805,0,0.4537,0,Bayes-M10-med
Shabunda,Sud-Kivu,1,FALSE,0.0031,0.0024,0.0039,0.0031,110,110,111,0.0031,0.3917,110,0.0073,NA,NA,NA,NA,NA,NA,0.5922,0.0161,75,0.8378,0.8726,0,0.6583,0,Bayes-M10-med
Mumbunda,Haut-Katanga,1,FALSE,0.003,0.0023,0.0037,0.0029,114,114,115,0.003,0.3728,114,0.007,NA,NA,NA,NA,NA,NA,0.1853,0.0048,155,0.1197,0.5077,0,0.1139,0,Bayes-M10-med
Manika,Lualaba,1,FALSE,0.003,0.0023,0.0038,0.003,113,113,114,0.003,0.3799,113,0.0071,NA,NA,NA,NA,NA,NA,0.1149,0.003,217,0.0946,0.222,0,0.1429,0,Bayes-M10-med
Kimbi Lulenge,Sud-Kivu,1,FALSE,0.003,0.0024,0.0038,0.003,112,112,113,0.003,0.3823,112,0.0072,NA,NA,NA,NA,NA,NA,0.5507,0.0146,80,0.8475,0.8687,0,0.4865,0,Bayes-M10-med
Itebero,Nord-Kivu,1,FALSE,0.0029,0.0022,0.0037,0.0029,115,115,117,0.0029,0.3657,115,0.0068,NA,NA,0.064,18,NA,NA,0.5574,0.0141,84,0.9112,0.722,0,0.5965,0,Bayes-M10-med
Mwenga,Sud-Kivu,1,FALSE,0.0029,0.0022,0.0036,0.0029,116,115,117,0.0029,0.3622,116,0.0068,NA,NA,NA,NA,NA,NA,0.319,0.008,115,0.5,0.3552,0,0.4208,0,Bayes-M10-med
Bonzola,Kasaï-Oriental,1,FALSE,0.0028,0.0022,0.0035,0.0028,117,117,118,0.0028,0.3569,117,0.0067,NA,NA,NA,NA,NA,NA,0.2958,0.0073,120,0.0927,0.7934,0,0.2973,0,Bayes-M10-med
Kalole,Sud-Kivu,1,FALSE,0.0028,0.0022,0.0035,0.0028,118,118,119,0.0028,0.3518,118,0.0066,NA,NA,NA,NA,NA,NA,0.6038,0.0147,79,0.89,0.7799,0,0.7452,0,Bayes-M10-med
Aketi,Bas-Uele,1,FALSE,0.0027,0.0019,0.0036,0.0027,121,111,144,0.0027,0.3381,121,0.0063,NA,NA,NA,NA,NA,NA,0.6762,0.0158,76,0.9903,0.9363,0,0.778,0,Bayes-M10-med
Yamaluka,Mongala,1,FALSE,0.0027,0.0021,0.0033,0.0026,122,121,123,0.0027,0.3351,122,0.0063,NA,NA,NA,NA,NA,NA,0.1974,0.0046,161,0.2799,0.1448,0,0.3649,0,Bayes-M10-med
Kamituga,Sud-Kivu,1,FALSE,0.0027,0.0021,0.0034,0.0027,120,120,121,0.0027,0.3404,120,0.0064,NA,NA,NA,NA,NA,NA,0.3596,0.0085,109,0.3938,0.6062,0,0.4382,0,Bayes-M10-med
Mulungu,Sud-Kivu,1,FALSE,0.0027,0.0021,0.0034,0.0027,119,119,121,0.0027,0.3405,119,0.0064,NA,NA,NA,NA,NA,NA,0.5208,0.0123,95,0.861,0.5193,0,0.7027,0,Bayes-M10-med
Ndage,Sud-Ubangi,1,FALSE,0.0026,0.0019,0.0033,0.0025,124,114,137,0.0026,0.3206,124,0.006,NA,NA,NA,NA,NA,NA,0.3533,0.0078,116,0.3996,0.2761,0,0.7375,0,Bayes-M10-med
Mbulula,Tanganyika,1,FALSE,0.0026,0.002,0.0033,0.0026,123,122,123,0.0026,0.331,123,0.0062,NA,NA,NA,NA,NA,NA,0.5934,0.0136,85,0.6448,0.7761,0,0.9527,0,Bayes-M10-med
Kisenso,Kinshasa,1,FALSE,0.0025,0.0019,0.0031,0.0025,125,124,126,0.0025,0.3137,125,0.0059,NA,NA,NA,NA,NA,NA,0.0589,0.0013,337,0.0367,0.139,0,0.0598,0,Bayes-M10-med
Djolu,Tshuapa,1,FALSE,0.0025,0.0018,0.0032,0.0025,127,121,136,0.0025,0.3119,127,0.0058,NA,NA,NA,NA,NA,NA,0.5256,0.0113,98,0.7104,0.5985,0,0.7934,0,Bayes-M10-med
Kabalo,Tanganyika,1,FALSE,0.0025,0.0019,0.0031,0.0025,126,124,127,0.0025,0.3119,126,0.0058,NA,NA,NA,NA,NA,NA,0.624,0.0135,88,0.9035,0.7568,0,0.8359,0,Bayes-M10-med
Kipushi,Haut-Katanga,1,FALSE,0.0024,0.0019,0.0031,0.0024,128,126,128,0.0024,0.3071,128,0.0057,NA,NA,NA,NA,NA,NA,0.1216,0.0026,245,0.2703,0.1081,0,0.1081,0,Bayes-M10-med
Tshamilemba,Haut-Katanga,1,FALSE,0.0024,0.0019,0.003,0.0024,130,128,130,0.0024,0.3049,130,0.0057,NA,NA,NA,NA,NA,NA,0.0772,0.0016,302,0.0656,0.1255,0,0.1178,0,Bayes-M10-med
Biyela,Kinshasa,1,FALSE,0.0024,0.0019,0.003,0.0024,129,127,129,0.0024,0.3053,129,0.0057,NA,NA,NA,NA,NA,NA,0.1076,0.0023,260,0.0637,0.2838,0,0.083,0,Bayes-M10-med
Kimbanseke,Kinshasa,1,FALSE,0.0024,0.0018,0.003,0.0023,133,131,133,0.0024,0.2974,133,0.0056,NA,NA,NA,NA,NA,NA,0.0526,0.0011,362,0.0521,0.0849,0,0.0734,0,Bayes-M10-med
Kampene,Maniema,1,FALSE,0.0024,0.0018,0.003,0.0024,132,130,134,0.0024,0.298,132,0.0056,NA,NA,NA,NA,NA,NA,0.3962,0.0082,113,0.5251,0.1757,0,0.8842,0,Bayes-M10-med
Kalima,Maniema,1,FALSE,0.0024,0.0018,0.003,0.0024,131,130,132,0.0024,0.2984,131,0.0056,NA,NA,NA,NA,NA,NA,0.3094,0.0064,132,0.4595,0.3205,0,0.4575,0,Bayes-M10-med
Mbandaka,Equateur,1,FALSE,0.0023,0.0018,0.0029,0.0023,135,135,136,0.0023,0.2879,135,0.0054,NA,NA,NA,NA,NA,NA,0.5164,0.0103,101,0.6409,0.9633,0,0.4614,0,Bayes-M10-med
Maluku 2,Kinshasa,1,FALSE,0.0023,0.0018,0.0029,0.0023,134,134,137,0.0023,0.2881,134,0.0054,NA,NA,NA,NA,NA,NA,0.4184,0.0083,110,0.6834,0.5463,0,0.444,0,Bayes-M10-med
Yambuku,Mongala,1,FALSE,0.0023,0.0018,0.0029,0.0023,136,134,137,0.0023,0.2871,137,0.0054,NA,NA,NA,NA,NA,NA,0.4344,0.0086,107,0.5483,0.5753,0,0.6139,0,Bayes-M10-med
Yahuma,Tshopo,1,FALSE,0.0023,0.0017,0.003,0.0023,136,127,144,0.0023,0.2878,136,0.0054,NA,NA,NA,NA,NA,NA,0.4402,0.0088,105,0.8649,0.332,0,0.5637,0,Bayes-M10-med
Ango,Bas-Uele,1,FALSE,0.0022,0.0017,0.0027,0.0022,141,133,148,0.0022,0.2765,140,0.0052,NA,NA,NA,NA,NA,NA,0.7095,0.0136,86,1,0.8591,0,0.9788,0,Bayes-M10-med
Kasansa,Kasaï-Oriental,1,FALSE,0.0022,0.0017,0.0028,0.0022,139,138,141,0.0022,0.2773,139,0.0052,NA,NA,NA,NA,NA,NA,0.3349,0.0064,131,0.2568,0.6699,0,0.4131,0,Bayes-M10-med
Bumbu,Kinshasa,1,FALSE,0.0022,0.0017,0.0027,0.0022,140,139,142,0.0022,0.2757,141,0.0052,NA,NA,NA,NA,NA,NA,0.0164,3e-4,438,0.0019,0.029,0,0.0347,0,Bayes-M10-med
Nyunzu,Tanganyika,1,FALSE,0.0022,0.0017,0.0028,0.0022,138,137,139,0.0022,0.2813,138,0.0053,NA,NA,NA,NA,NA,NA,0.6023,0.0117,97,0.9653,0.834,0,0.61,0,Bayes-M10-med
Kananga,Kasaï-Central,1,FALSE,0.0021,0.0016,0.0027,0.0021,143,141,144,0.0021,0.2668,143,0.005,NA,NA,NA,NA,NA,NA,0.2963,0.0055,141,0.1429,0.5579,0,0.4846,0,Bayes-M10-med
Ngaba,Kinshasa,1,FALSE,0.0021,0.0017,0.0027,0.0021,142,140,144,0.0021,0.2692,142,0.005,NA,NA,NA,NA,NA,NA,0.014,3e-4,444,0,0.0058,0,0.0502,0,Bayes-M10-med
Mulumba,Lomami,1,FALSE,0.0021,0.0016,0.0026,0.0021,144,142,147,0.0021,0.2623,144,0.0049,NA,NA,NA,NA,NA,NA,0.2587,0.0047,158,0.1834,0.3108,0,0.5405,0,Bayes-M10-med
Punia,Maniema,1,FALSE,0.0021,0.0016,0.0026,0.0021,145,144,148,0.0021,0.2603,145,0.0049,NA,NA,NA,NA,NA,NA,0.3731,0.0067,127,0.7625,0.1969,0,0.5328,0,Bayes-M10-med
Lolo,Mongala,1,FALSE,0.0021,0.0015,0.0026,0.002,146,140,158,0.0021,0.2575,146,0.0048,NA,NA,NA,NA,NA,NA,0.3161,0.0056,138,0.4073,0.3263,0,0.5309,0,Bayes-M10-med
Nzaba,Kasaï-Oriental,1,FALSE,0.002,0.0016,0.0025,0.002,150,147,151,0.002,0.2534,150,0.0047,NA,NA,NA,NA,NA,NA,0.278,0.0049,151,0.1042,0.6931,0,0.3147,0,Bayes-M10-med
Lusangi,Maniema,1,FALSE,0.002,0.0016,0.0025,0.002,149,146,150,0.002,0.2537,149,0.0047,NA,NA,NA,NA,NA,NA,0.4223,0.0074,119,0.5656,0.2645,0,0.8591,0,Bayes-M10-med
Lodja,Sankuru,1,FALSE,0.002,0.0016,0.0025,0.002,148,146,148,0.002,0.2545,147,0.0048,NA,NA,NA,NA,NA,NA,0.4626,0.0082,114,0.2625,0.6351,0,0.9527,0,Bayes-M10-med
Lulingu,Sud-Kivu,1,FALSE,0.002,0.0016,0.0025,0.002,148,145,149,0.002,0.2539,148,0.0048,NA,NA,NA,NA,NA,NA,0.6158,0.0108,99,0.9093,0.8108,0,0.7432,0,Bayes-M10-med
Yahisuli,Tshopo,1,FALSE,0.002,0.0015,0.0026,0.002,151,139,158,0.002,0.2533,151,0.0047,NA,NA,NA,NA,NA,NA,0.3521,0.0062,134,0.3842,0.0714,0,0.9527,0,Bayes-M10-med
Manono,Tanganyika,1,FALSE,0.002,0.0015,0.0025,0.002,152,150,152,0.002,0.2488,152,0.0047,NA,NA,NA,NA,NA,NA,0.5758,0.0099,103,0.8784,0.9537,0,0.471,0,Bayes-M10-med
Tshilenge,Kasaï-Oriental,1,FALSE,0.0019,0.0015,0.0024,0.0019,153,152,153,0.0019,0.2429,153,0.0045,NA,NA,NA,NA,NA,NA,0.2799,0.0047,157,0.1892,0.668,0,0.2625,0,Bayes-M10-med
Kailo,Maniema,1,FALSE,0.0019,0.0014,0.0023,0.0018,156,156,157,0.0019,0.2341,156,0.0044,NA,NA,NA,NA,NA,NA,0.4276,0.0069,124,0.832,0.0946,0,0.7838,0,Bayes-M10-med
Samba,Maniema,1,FALSE,0.0019,0.0015,0.0024,0.0019,155,154,156,0.0019,0.2372,155,0.0044,NA,NA,NA,NA,NA,NA,0.5179,0.0085,108,0.7529,0.4344,0,0.8842,0,Bayes-M10-med
Haut Plateau,Sud-Kivu,1,FALSE,0.0019,0.0015,0.0024,0.0019,154,153,156,0.0019,0.2381,154,0.0045,NA,NA,NA,NA,NA,NA,0.5246,0.0086,106,0.5714,0.5444,0,0.9826,0,Bayes-M10-med
Bondo,Bas-Uele,1,FALSE,0.0018,0.0014,0.0023,0.0018,157,154,164,0.0018,0.2312,157,0.0043,NA,NA,NA,NA,NA,NA,0.6737,0.0108,100,0.9961,0.9981,0,0.7008,0,Bayes-M10-med
Kabongo,Haut-Lomami,1,FALSE,0.0018,0.0014,0.0022,0.0017,163,162,164,0.0018,0.221,163,0.0041,NA,NA,NA,NA,NA,NA,0.5372,0.0082,112,0.8108,0.778,0,0.5598,0,Bayes-M10-med
Luputa,Lomami,1,FALSE,0.0018,0.0014,0.0022,0.0017,162,160,162,0.0018,0.2215,162,0.0041,NA,NA,NA,NA,NA,NA,0.3431,0.0053,143,0.3301,0.3166,0,0.7259,0,Bayes-M10-med
Mweneditu,Lomami,1,FALSE,0.0018,0.0014,0.0022,0.0017,163,161,164,0.0018,0.221,164,0.0041,NA,NA,NA,NA,NA,NA,0.2799,0.0043,170,0.166,0.3842,0,0.5695,0,Bayes-M10-med
Bumba,Mongala,1,FALSE,0.0018,0.0014,0.0022,0.0018,161,159,164,0.0018,0.224,161,0.0042,NA,NA,NA,NA,NA,NA,0.2384,0.0037,184,0.1409,0.4537,0,0.3591,0,Bayes-M10-med
Minembwe,Sud-Kivu,1,FALSE,0.0018,0.0014,0.0023,0.0018,158,157,160,0.0018,0.2292,158,0.0043,NA,NA,NA,NA,NA,NA,0.5198,0.0083,111,0.7181,0.8089,0,0.5521,0,Bayes-M10-med
Opala,Tshopo,1,FALSE,0.0018,0.0013,0.0023,0.0018,160,153,165,0.0018,0.2247,160,0.0042,NA,NA,NA,NA,NA,NA,0.4269,0.0066,130,0.7819,0.0792,0,0.8465,0,Bayes-M10-med
Moba,Tanganyika,1,FALSE,0.0018,0.0014,0.0023,0.0018,159,158,161,0.0018,0.2287,159,0.0043,NA,NA,NA,NA,NA,NA,0.3808,0.006,135,0.6178,0.4942,0,0.4112,0,Bayes-M10-med
Kabeya Kamwanga,Kasaï-Oriental,1,FALSE,0.0016,0.0012,0.0019,0.0015,167,166,167,0.0016,0.1958,167,0.0037,NA,NA,NA,NA,NA,NA,0.2968,0.004,178,0.3224,0.3919,0,0.473,0,Bayes-M10-med
Lubao,Lomami,1,FALSE,0.0016,0.0012,0.002,0.0016,165,165,166,0.0016,0.2021,165,0.0038,NA,NA,NA,NA,NA,NA,0.3982,0.0056,140,0.6486,0.1525,0,0.7915,0,Bayes-M10-med
Tandala,Sud-Ubangi,1,FALSE,0.0016,0.0012,0.002,0.0016,166,160,170,0.0016,0.1982,166,0.0037,NA,NA,NA,NA,NA,NA,0.4078,0.0056,139,0.2741,0.527,0,0.8301,0,Bayes-M10-med
Kamina,Haut-Lomami,1,FALSE,0.0015,0.0012,0.0019,0.0015,168,167,169,0.0015,0.1869,168,0.0035,NA,NA,NA,NA,NA,NA,0.5164,0.0067,129,0.8301,0.8301,0,0.4054,0,Bayes-M10-med
Diulu,Kasaï-Oriental,1,FALSE,0.0015,0.0012,0.0019,0.0015,169,168,169,0.0015,0.1868,169,0.0035,NA,NA,NA,NA,NA,NA,0.2611,0.0034,198,0.0676,0.6448,0,0.332,0,Bayes-M10-med
Malemba Nkulu,Haut-Lomami,1,FALSE,0.0014,0.0011,0.0017,0.0013,176,174,176,0.0014,0.17,176,0.0032,NA,NA,NA,NA,NA,NA,0.3895,0.0046,160,0.36870000000000003,0.7664,0,0.4228,0,Bayes-M10-med
Kaniama,Haut-Lomami,1,FALSE,0.0014,0.0011,0.0017,0.0013,175,175,175,0.0014,0.17,175,0.0032,NA,NA,NA,NA,NA,NA,0.582,0.0069,125,0.8533,0.6622,0,0.8127,0,Bayes-M10-med
Kitenge,Haut-Lomami,1,FALSE,0.0014,0.0011,0.0018,0.0014,171,171,172,0.0014,0.1803,171,0.0034,NA,NA,NA,NA,NA,NA,0.5729,0.0072,123,0.8668,0.8069,0,0.6178,0,Bayes-M10-med
Lukelenge,Kasaï-Oriental,1,FALSE,0.0014,0.0011,0.0018,0.0014,170,170,171,0.0014,0.1809,170,0.0034,NA,NA,NA,NA,NA,NA,0.2249,0.0028,230,0.0811,0.5,0,0.3185,0,Bayes-M10-med
Ngandajika,Lomami,1,FALSE,0.0014,0.0011,0.0017,0.0013,174,173,174,0.0014,0.1704,174,0.0032,NA,NA,NA,NA,NA,NA,0.3465,0.0041,176,0.2124,0.4459,0,0.7278,0,Bayes-M10-med
Kabambare,Maniema,1,FALSE,0.0014,0.0011,0.0018,0.0014,172,172,173,0.0014,0.1772,172,0.0033,NA,NA,NA,NA,NA,NA,0.3953,0.0049,152,0.8359,0.112,0,0.6332,0,Bayes-M10-med
Lingomo,Tshuapa,1,FALSE,0.0014,0.001,0.0018,0.0014,173,169,183,0.0014,0.173,173,0.0032,NA,NA,NA,NA,NA,NA,0.5627,0.0067,126,0.8263,0.5869,0,0.8378,0,Bayes-M10-med
Demba,Kasaï-Central,1,FALSE,0.0013,0.001,0.0016,0.0013,179,178,180,0.0013,0.1626,179,0.003,NA,NA,NA,NA,NA,NA,0.4117,0.0046,159,0.4653,0.7143,0,0.4672,0,Bayes-M10-med
Mikalayi,Kasaï-Central,1,FALSE,0.0013,0.001,0.0016,0.0013,182,182,183,0.0013,0.1585,182,0.003,NA,NA,NA,NA,NA,NA,0.3948,0.0043,167,0.4517,0.5811,0,0.5463,0,Bayes-M10-med
Bibanga,Kasaï-Oriental,1,FALSE,0.0013,0.001,0.0016,0.0012,183,183,184,0.0013,0.1579,183,0.003,NA,NA,NA,NA,NA,NA,0.2978,0.0033,208,0.3127,0.4884,0,0.39,0,Bayes-M10-med
Cilundu,Kasaï-Oriental,1,FALSE,0.0013,0.001,0.0016,0.0013,180,179,181,0.0013,0.1626,180,0.003,NA,NA,NA,NA,NA,NA,0.221,0.0025,250,0.2317,0.3089,0,0.3436,0,Bayes-M10-med
Citenge,Kasaï-Oriental,1,FALSE,0.0013,0.001,0.0017,0.0013,177,176,177,0.0013,0.1685,177,0.0032,NA,NA,NA,NA,NA,NA,0.2321,0.0027,237,0.1583,0.4749,0,0.2954,0,Bayes-M10-med
Idiofa,Kwilu,1,FALSE,0.0013,0.001,0.0016,0.0013,181,180,182,0.0013,0.162,181,0.003,NA,NA,NA,NA,NA,NA,0.486,0.0055,142,0.4537,0.749,0,0.7413,0,Bayes-M10-med
Tshofa,Lomami,1,FALSE,0.0013,0.001,0.0017,0.0013,178,177,178,0.0013,0.1664,178,0.0031,NA,NA,NA,NA,NA,NA,0.4416,0.0051,144,0.6757,0.3514,0,0.7394,0,Bayes-M10-med
Kibombo,Maniema,1,FALSE,0.0013,0.001,0.0016,0.0012,184,184,185,0.0013,0.1569,184,0.0029,NA,NA,NA,NA,NA,NA,0.4614,0.005,148,0.7452,0.1776,0,0.9228,0,Bayes-M10-med
Likati,Bas-Uele,1,FALSE,0.0012,9e-4,0.0015,0.0012,192,182,207,0.0012,0.1478,192,0.0028,NA,NA,NA,NA,NA,NA,0.7124,0.0073,121,0.9942,0.971,0,0.8842,0,Bayes-M10-med
Kamwesha,Kasaï,1,FALSE,0.0012,9e-4,0.0015,0.0012,187,187,188,0.0012,0.1535,187,0.0029,NA,NA,NA,NA,NA,NA,0.2732,0.0029,222,0.3456,0.2876,0,0.4595,0,Bayes-M10-med
Tshikapa,Kasaï,1,FALSE,0.0012,9e-4,0.0015,0.0012,189,188,191,0.0012,0.1516,189,0.0028,NA,NA,NA,NA,NA,NA,0.3156,0.0033,205,0.2722,0.6506,0,0.3398,0,Bayes-M10-med
Ludimbi Lukula,Lomami,1,FALSE,0.0012,9e-4,0.0015,0.0012,185,185,188,0.0012,0.1537,185,0.0029,NA,NA,NA,NA,NA,NA,0.4513,0.0048,154,0.6931,0.3475,0,0.7645,0,Bayes-M10-med
Kanda Kanda,Lomami,1,FALSE,0.0012,9e-4,0.0015,0.0012,190,189,193,0.0012,0.1496,190,0.0028,NA,NA,NA,NA,NA,NA,0.3012,0.0031,213,0.3185,0.1737,0,0.7124,0,Bayes-M10-med
Obokote,Maniema,1,FALSE,0.0012,9e-4,0.0015,0.0011,193,190,200,0.0012,0.1451,193,0.0027,NA,NA,NA,NA,NA,NA,0.3209,0.0032,209,0.7239,0.0328,0,0.527,0,Bayes-M10-med
Boende,Tshuapa,1,FALSE,0.0012,9e-4,0.0015,0.0012,191,190,193,0.0012,0.1486,191,0.0028,NA,NA,NA,NA,NA,NA,0.4199,0.0043,169,0.6988,0.4807,0,0.5,0,Bayes-M10-med
Ikela,Tshuapa,1,FALSE,0.0012,9e-4,0.0016,0.0012,188,182,196,0.0012,0.1532,188,0.0029,NA,NA,NA,NA,NA,NA,0.4633,0.0049,150,0.8147,0.1795,0,0.8591,0,Bayes-M10-med
Kansimba,Tanganyika,1,FALSE,0.0012,9e-4,0.0015,0.0012,186,186,189,0.0012,0.1536,186,0.0029,NA,NA,NA,NA,NA,NA,0.5497,0.0058,137,0.9479,0.7741,0,0.4768,0,Bayes-M10-med
Bili (Bas-Uele),Bas-Uele,1,FALSE,0.0011,9e-4,0.0014,0.0011,199,189,221,0.0011,0.1398,198,0.0026,NA,NA,NA,NA,NA,NA,0.6926,0.0067,128,0.9981,0.7992,0,0.973,0,Bayes-M10-med
Luebo,Kasaï,1,FALSE,0.0011,9e-4,0.0014,0.0011,201,199,202,0.0011,0.1379,201,0.0026,NA,NA,NA,NA,NA,NA,0.4353,0.0042,174,0.5232,0.5116,0,0.7066,0,Bayes-M10-med
Bipemba,Kasaï-Oriental,1,FALSE,0.0011,8e-4,0.0013,0.0011,207,205,207,0.0011,0.1338,207,0.0025,NA,NA,NA,NA,NA,NA,0.1544,0.0014,324,0.0618,0.2201,0,0.3359,0,Bayes-M10-med
Dibindi,Kasaï-Oriental,1,FALSE,0.0011,9e-4,0.0014,0.0011,198,197,199,0.0011,0.1393,199,0.0026,NA,NA,NA,NA,NA,NA,0.1617,0.0016,314,0.0386,0.2954,0,0.3127,0,Bayes-M10-med
Lubilanji,Kasaï-Oriental,1,FALSE,0.0011,9e-4,0.0014,0.0011,194,193,195,0.0012,0.1443,194,0.0027,NA,NA,NA,NA,NA,NA,0.1694,0.0017,297,0.0347,0.3398,0,0.3031,0,Bayes-M10-med
Miabi,Kasaï-Oriental,1,FALSE,0.0011,8e-4,0.0013,0.0011,208,206,208,0.0011,0.1335,208,0.0025,NA,NA,NA,NA,NA,NA,0.2838,0.0026,242,0.2297,0.6525,0,0.2529,0,Bayes-M10-med
Muya,Kasaï-Oriental,1,FALSE,0.0011,9e-4,0.0014,0.0011,200,198,201,0.0011,0.1382,200,0.0026,NA,NA,NA,NA,NA,NA,0.2495,0.0024,254,0.0753,0.5888,0,0.334,0,Bayes-M10-med
Kamana,Lomami,1,FALSE,0.0011,9e-4,0.0014,0.0011,197,196,198,0.0011,0.14,197,0.0026,NA,NA,NA,NA,NA,NA,0.2944,0.0029,227,0.5309,0.0174,0,0.6293,0,Bayes-M10-med
Kalenda,Lomami,1,FALSE,0.0011,8e-4,0.0014,0.0011,203,201,203,0.0011,0.1365,202,0.0026,NA,NA,NA,NA,NA,NA,0.2886,0.0027,236,0.388,0.1873,0,0.5792,0,Bayes-M10-med
Yamongili,Mongala,1,FALSE,0.0011,8e-4,0.0014,0.0011,204,198,207,0.0011,0.1363,203,0.0026,NA,NA,NA,NA,NA,NA,0.3243,0.0031,214,0.5116,0.3668,0,0.4189,0,Bayes-M10-med
Karawa,Nord-Ubangi,1,FALSE,0.0011,8e-4,0.0013,0.0011,205,196,211,0.0011,0.1347,206,0.0025,NA,NA,NA,NA,NA,NA,0.6404,0.006,136,0.7568,0.973,0,0.832,0,Bayes-M10-med
Katako Kombe,Sankuru,1,FALSE,0.0011,8e-4,0.0013,0.0011,206,203,206,0.0011,0.1347,205,0.0025,NA,NA,NA,NA,NA,NA,0.4703,0.0044,163,0.7857,0.1313,0,0.9643,0,Bayes-M10-med
Itombwe,Sud-Kivu,1,FALSE,0.0011,9e-4,0.0014,0.0011,196,194,197,0.0011,0.1415,196,0.0026,NA,NA,NA,NA,NA,NA,0.5121,0.005,147,0.8571,0.6737,0,0.5174,0,Bayes-M10-med
Bwamanda,Sud-Ubangi,1,FALSE,0.0011,8e-4,0.0014,0.0011,203,193,211,0.0011,0.1356,204,0.0025,NA,NA,NA,NA,NA,NA,0.4667,0.0044,164,0.4189,0.7394,0,0.7085,0,Bayes-M10-med
Yalimbongo,Tshopo,1,FALSE,0.0011,9e-4,0.0014,0.0011,195,190,203,0.0011,0.1428,195,0.0027,NA,NA,NA,NA,NA,NA,0.3214,0.0032,211,0.5772,0.0483,0,0.6602,0,Bayes-M10-med
Mweka,Kasaï,1,FALSE,0.001,8e-4,0.0013,0.001,214,214,215,0.001,0.129,214,0.0024,NA,NA,NA,NA,NA,NA,0.5053,0.0045,162,0.4788,0.7239,0,0.8185,0,Bayes-M10-med
Bena Leka,Kasaï-Central,1,FALSE,0.001,8e-4,0.0013,0.001,217,216,219,0.001,0.1267,217,0.0024,NA,NA,NA,NA,NA,NA,0.4986,0.0044,165,0.6062,0.7162,0,0.6718,0,Bayes-M10-med
Luiza,Kasaï-Central,1,FALSE,0.001,8e-4,0.0013,0.001,213,211,213,0.001,0.1293,212,0.0024,NA,NA,NA,NA,NA,NA,0.4218,0.0038,183,0.4807,0.6293,0,0.5772,0,Bayes-M10-med
Masuika,Kasaï-Central,1,FALSE,0.001,8e-4,0.0012,0.001,221,219,223,0.001,0.1252,221,0.0023,NA,NA,NA,NA,NA,NA,0.3885,0.0034,199,0.3263,0.5618,0,0.666,0,Bayes-M10-med
Kansele,Kasaï-Oriental,1,FALSE,0.001,8e-4,0.0013,0.001,209,207,209,0.001,0.1313,209,0.0025,NA,NA,NA,NA,NA,NA,0.2437,0.0022,263,0.0541,0.5965,0,0.3243,0,Bayes-M10-med
Mpokolo,Kasaï-Oriental,1,FALSE,0.001,8e-4,0.0013,0.001,211,209,211,0.001,0.1302,211,0.0024,NA,NA,NA,NA,NA,NA,0.2901,0.0026,243,0.1255,0.6873,0,0.3475,0,Bayes-M10-med
Tshishimbi,Kasaï-Oriental,1,FALSE,0.001,8e-4,0.0013,0.001,210,208,210,0.001,0.1306,210,0.0024,NA,NA,NA,NA,NA,NA,0.1742,0.0016,310,0.1795,0.2471,0,0.2703,0,Bayes-M10-med
Kalambayi Kabanga,Lomami,1,FALSE,0.001,8e-4,0.0013,0.001,213,212,214,0.001,0.1293,213,0.0024,NA,NA,NA,NA,NA,NA,0.3132,0.0028,231,0.4556,0.1602,0,0.6371,0,Bayes-M10-med
Alunguli,Maniema,1,FALSE,0.001,8e-4,0.0013,0.001,218,217,220,0.001,0.1264,218,0.0024,NA,NA,NA,NA,NA,NA,0.3132,0.0027,235,0.1737,0.195,0,0.8842,0,Bayes-M10-med
Ferekeni,Maniema,1,FALSE,0.001,8e-4,0.0012,0.001,223,218,225,0.001,0.1234,223,0.0023,NA,NA,NA,NA,NA,NA,0.3504,0.003,219,0.7722,0.0425,0,0.5869,0,Bayes-M10-med
Vanga Kete,Sankuru,1,FALSE,0.001,8e-4,0.0013,0.001,216,215,216,0.001,0.1277,215,0.0024,NA,NA,NA,NA,NA,NA,0.4503,0.004,179,0.4672,0.4112,0,0.9228,0,Bayes-M10-med
Tshumbe,Sankuru,1,FALSE,0.001,8e-4,0.0012,0.001,224,220,224,0.001,0.1227,224,0.0023,NA,NA,NA,NA,NA,NA,0.3907,0.0033,204,0.5444,0.1718,0,0.8465,0,Bayes-M10-med
Bogosenubea,Sud-Ubangi,1,FALSE,0.001,8e-4,0.0013,0.001,216,197,225,0.001,0.1277,216,0.0024,NA,NA,NA,NA,NA,NA,0.4107,0.0036,187,0.4981,0.3031,0,0.8417,0,Bayes-M10-med
Lowa,Tshopo,1,FALSE,0.001,8e-4,0.0013,0.001,222,217,223,0.001,0.1244,222,0.0023,NA,NA,NA,NA,NA,NA,0.4073,0.0035,193,0.8938,0.0598,0,0.6757,0,Bayes-M10-med
Mondombe,Tshuapa,1,FALSE,0.001,8e-4,0.0013,0.001,219,212,221,0.001,0.126,219,0.0024,NA,NA,NA,NA,NA,NA,0.4797,0.0042,172,0.6622,0.3726,0,0.8842,0,Bayes-M10-med
Kiambi,Tanganyika,1,FALSE,0.001,8e-4,0.0013,0.001,220,218,222,0.001,0.126,220,0.0024,NA,NA,NA,NA,NA,NA,0.5709,0.005,149,0.9807,0.6834,0,0.6197,0,Bayes-M10-med
Bukama,Haut-Lomami,1,FALSE,9e-4,7e-4,0.0012,9e-4,226,225,227,9e-4,0.1188,226,0.0022,NA,NA,NA,NA,NA,NA,0.4764,0.0039,181,0.7143,0.7625,0,0.4286,0,Bayes-M10-med
Mulongo,Haut-Lomami,1,FALSE,9e-4,7e-4,0.0012,9e-4,225,224,226,9e-4,0.1191,225,0.0022,NA,NA,NA,NA,NA,NA,0.4773,0.0039,180,0.7471,0.7703,0,0.3919,0,Bayes-M10-med
Dibaya,Kasaï-Central,1,FALSE,9e-4,7e-4,0.0011,9e-4,236,235,236,9e-4,0.1096,236,0.0021,NA,NA,NA,NA,NA,NA,0.3325,0.0025,247,0.3147,0.4479,0,0.5676,0,Bayes-M10-med
Tshikaji,Kasaï-Central,1,FALSE,9e-4,7e-4,0.0011,9e-4,234,233,234,9e-4,0.1103,234,0.0021,NA,NA,NA,NA,NA,NA,0.3195,0.0024,251,0.1873,0.5849,0,0.5058,0,Bayes-M10-med
Mukumbi,Kasaï-Oriental,1,FALSE,9e-4,7e-4,0.0011,9e-4,235,234,235,9e-4,0.1098,235,0.0021,NA,NA,NA,NA,NA,NA,0.2249,0.0017,294,0.2413,0.1892,0,0.4691,0,Bayes-M10-med
Bulungu,Kwilu,1,FALSE,9e-4,7e-4,0.0011,8e-4,238,236,238,9e-4,0.1067,238,0.002,NA,NA,NA,NA,NA,NA,0.4508,0.0033,203,0.3571,0.6795,0,0.7664,0,Bayes-M10-med
Lusanga,Kwilu,1,FALSE,9e-4,7e-4,0.0012,9e-4,227,227,228,9e-4,0.1173,227,0.0022,NA,NA,NA,NA,NA,NA,0.4242,0.0034,194,0.4382,0.7297,0,0.529,0,Bayes-M10-med
Fungurume,Lualaba,1,FALSE,9e-4,7e-4,0.0012,9e-4,229,229,230,9e-4,0.1158,229,0.0022,NA,NA,NA,NA,NA,NA,0.1564,0.0013,339,0.2664,0.1622,0,0.1969,0,Bayes-M10-med
Omendjadi,Sankuru,1,FALSE,9e-4,7e-4,0.0012,9e-4,228,228,229,9e-4,0.1166,228,0.0022,NA,NA,NA,NA,NA,NA,0.4262,0.0034,196,0.5502,0.2317,0,0.9228,0,Bayes-M10-med
Dikungu,Sankuru,1,FALSE,9e-4,7e-4,0.0012,9e-4,231,231,232,9e-4,0.1154,231,0.0022,NA,NA,NA,NA,NA,NA,0.3779,0.003,216,0.4865,0.1409,0,0.8842,0,Bayes-M10-med
Minga,Sankuru,1,FALSE,9e-4,7e-4,0.0011,9e-4,230,230,232,9e-4,0.1155,230,0.0022,NA,NA,NA,NA,NA,NA,0.5347,0.0043,171,0.7838,0.471,0,0.8842,0,Bayes-M10-med
Basali,Tshopo,1,FALSE,9e-4,7e-4,0.0012,9e-4,232,223,245,9e-4,0.1148,232,0.0021,NA,NA,NA,NA,NA,NA,0.3779,0.003,218,0.834,0.0251,0,0.6525,0,Bayes-M10-med
Bokungu,Tshuapa,1,FALSE,9e-4,7e-4,0.0011,8e-4,237,237,243,9e-4,0.1069,237,0.002,NA,NA,NA,NA,NA,NA,0.49370000000000003,0.0037,186,0.695,0.3571,0,0.9228,0,Bayes-M10-med
Ankoro,Tanganyika,1,FALSE,9e-4,7e-4,0.0011,9e-4,233,232,233,9e-4,0.1126,233,0.0021,NA,NA,NA,NA,NA,NA,0.6047,0.0047,156,0.9266,0.8282,0,0.6641,0,Bayes-M10-med
Kabondo Dianda,Haut-Lomami,1,FALSE,8e-4,6e-4,0.001,8e-4,255,255,256,8e-4,0.0966,255,0.0018,NA,NA,NA,NA,NA,NA,0.4107,0.0027,234,0.5888,0.5714,0,0.4826,0,Bayes-M10-med
Mukanga,Haut-Lomami,1,FALSE,8e-4,6e-4,0.001,8e-4,254,254,254,8e-4,0.0972,254,0.0018,NA,NA,NA,NA,NA,NA,0.4739,0.0032,210,0.6853,0.6911,0,0.5193,0,Bayes-M10-med
Kalonda Ouest,Kasaï,1,FALSE,8e-4,6e-4,0.001,8e-4,242,239,244,8e-4,0.1048,242,0.002,NA,NA,NA,NA,NA,NA,0.2239,0.0016,304,0.2915,0.251,0,0.3533,0,Bayes-M10-med
Katende,Kasaï-Central,1,FALSE,8e-4,6e-4,0.001,8e-4,250,249,250,8e-4,0.0985,250,0.0018,NA,NA,NA,NA,NA,NA,0.5154,0.0035,192,0.6525,0.6486,0,0.7606,0,Bayes-M10-med
Lukonga,Kasaï-Central,1,FALSE,8e-4,6e-4,0.001,8e-4,257,256,257,8e-4,0.0964,257,0.0018,NA,NA,NA,NA,NA,NA,0.3282,0.0022,266,0.2239,0.6429,0,0.4459,0,Bayes-M10-med
Ndekesha,Kasaï-Central,1,FALSE,8e-4,6e-4,0.001,8e-4,247,246,247,8e-4,0.1017,247,0.0019,NA,NA,NA,NA,NA,NA,0.4059,0.0029,226,0.4768,0.4498,0,0.6969,0,Bayes-M10-med
Luambo,Kasaï-Central,1,FALSE,8e-4,6e-4,0.001,8e-4,251,251,251,8e-4,0.0981,251,0.0018,NA,NA,NA,NA,NA,NA,0.3769,0.0026,246,0.5347,0.5656,0,0.4073,0,Bayes-M10-med
Kenge,Kwango,1,FALSE,8e-4,6e-4,0.001,8e-4,248,248,248,8e-4,0.099,248,0.0019,NA,NA,NA,NA,NA,NA,0.5574,0.0038,182,0.6139,0.8127,0,0.8031,0,Bayes-M10-med
Vanga,Kwilu,1,FALSE,8e-4,6e-4,0.001,8e-4,241,240,242,8e-4,0.1049,241,0.002,NA,NA,NA,NA,NA,NA,0.5034,0.0037,185,0.3726,0.8205,0,0.8205,0,Bayes-M10-med
Gungu,Kwilu,1,FALSE,8e-4,6e-4,0.001,8e-4,249,247,249,8e-4,0.0989,249,0.0019,NA,NA,NA,NA,NA,NA,0.4237,0.0029,223,0.5058,0.6969,0,0.4923,0,Bayes-M10-med
Kikwit Nord,Kwilu,1,FALSE,8e-4,6e-4,0.001,8e-4,252,252,252,8e-4,0.0978,252,0.0018,NA,NA,NA,NA,NA,NA,0.2915,0.002,277,0.1236,0.5405,0,0.5019,0,Bayes-M10-med
Koshibanda,Kwilu,1,FALSE,8e-4,6e-4,0.001,8e-4,256,256,257,8e-4,0.0964,256,0.0018,NA,NA,NA,NA,NA,NA,0.4913,0.0033,206,0.5193,0.6757,0,0.7703,0,Bayes-M10-med
Mukedi,Kwilu,1,FALSE,8e-4,7e-4,0.0011,8e-4,240,238,240,8e-4,0.1059,240,0.002,NA,NA,NA,NA,NA,NA,0.4836,0.0035,189,0.5367,0.7066,0,0.6911,0,Bayes-M10-med
Kalonda Est,Lomami,1,FALSE,8e-4,6e-4,0.001,8e-4,244,243,245,8e-4,0.103,244,0.0019,NA,NA,NA,NA,NA,NA,0.3292,0.0024,256,0.5425,0.1506,0,0.6236,0,Bayes-M10-med
Dilala,Lualaba,1,FALSE,8e-4,6e-4,0.001,8e-4,243,241,243,8e-4,0.1048,243,0.002,NA,NA,NA,NA,NA,NA,0.1347,0.001,371,0.1506,0.2548,0,0.1332,0,Bayes-M10-med
Pangi,Maniema,1,FALSE,8e-4,6e-4,0.001,8e-4,245,244,246,8e-4,0.1027,245,0.0019,NA,NA,NA,NA,NA,NA,0.3316,0.0024,255,0.6081,0.056,0,0.6622,0,Bayes-M10-med
Ototo,Sankuru,1,FALSE,8e-4,7e-4,0.0011,8e-4,239,237,239,8e-4,0.1063,239,0.002,NA,NA,NA,NA,NA,NA,0.4561,0.0034,200,0.5386,0.3629,0,0.9228,0,Bayes-M10-med
Wembo Nyama,Sankuru,1,FALSE,8e-4,6e-4,0.001,8e-4,253,253,253,8e-4,0.0975,253,0.0018,NA,NA,NA,NA,NA,NA,0.4097,0.0028,233,0.5019,0.2143,0,0.9228,0,Bayes-M10-med
Yalifafu,Tshuapa,1,FALSE,8e-4,6e-4,0.001,8e-4,246,241,251,8e-4,0.1026,246,0.0019,NA,NA,NA,NA,NA,NA,0.4797,0.0034,197,0.7664,0.2683,0,0.8842,0,Bayes-M10-med
Monga,Bas-Uele,1,FALSE,7e-4,5e-4,8e-4,7e-4,269,267,273,7e-4,0.0823,269,0.0015,NA,NA,NA,NA,NA,NA,0.7336,0.0042,173,0.9826,0.9672,0,0.9846,0,Bayes-M10-med
Kampemba,Haut-Katanga,1,FALSE,7e-4,5e-4,8e-4,7e-4,266,265,266,7e-4,0.0851,266,0.0016,NA,NA,NA,NA,NA,NA,0.0531,3e-4,439,0.0598,0.0367,0,0.1158,0,Bayes-M10-med
Ilebo,Kasaï,1,FALSE,7e-4,5e-4,8e-4,7e-4,268,268,269,7e-4,0.0834,268,0.0016,NA,NA,NA,NA,NA,NA,0.3142,0.0018,285,0.2162,0.6139,0,0.4266,0,Bayes-M10-med
Kanzala,Kasaï,1,FALSE,7e-4,6e-4,9e-4,7e-4,262,260,263,7e-4,0.0901,262,0.0017,NA,NA,NA,NA,NA,NA,0.2046,0.0013,338,0.168,0.3127,0,0.3378,0,Bayes-M10-med
Tshibala,Kasaï-Central,1,FALSE,7e-4,5e-4,8e-4,7e-4,267,267,268,7e-4,0.0835,267,0.0016,NA,NA,NA,NA,NA,NA,0.4218,0.0024,252,0.4266,0.5772,0,0.6834,0,Bayes-M10-med
Yangala,Kasaï-Central,1,FALSE,7e-4,5e-4,9e-4,7e-4,265,264,265,7e-4,0.0871,265,0.0016,NA,NA,NA,NA,NA,NA,0.348,0.0021,269,0.5927,0.2259,0,0.5734,0,Bayes-M10-med
Makota,Lomami,1,FALSE,7e-4,6e-4,9e-4,7e-4,261,259,261,7e-4,0.0911,261,0.0017,NA,NA,NA,NA,NA,NA,0.2587,0.0016,301,0.1023,0.3764,0,0.556,0,Bayes-M10-med
Tunda,Maniema,1,FALSE,7e-4,6e-4,9e-4,7e-4,260,258,260,7e-4,0.0916,259,0.0017,NA,NA,NA,NA,NA,NA,0.459,0.0029,221,0.8977,0.0541,0,0.8842,0,Bayes-M10-med
Bosondjo,Mongala,1,FALSE,7e-4,6e-4,9e-4,7e-4,258,258,262,7e-4,0.0917,258,0.0017,NA,NA,NA,NA,NA,NA,0.3489,0.0022,262,0.5618,0.1931,0,0.6409,0,Bayes-M10-med
Pimu,Mongala,1,FALSE,7e-4,6e-4,9e-4,7e-4,259,259,261,7e-4,0.0916,260,0.0017,NA,NA,NA,NA,NA,NA,0.4257,0.0027,238,0.583,0.3707,0,0.749,0,Bayes-M10-med
Yakoma,Nord-Ubangi,1,FALSE,7e-4,5e-4,9e-4,7e-4,264,263,264,7e-4,0.0883,264,0.0017,NA,NA,NA,NA,NA,NA,0.6641,0.0041,177,0.7124,0.9479,0,0.9961,0,Bayes-M10-med
Lomela,Sankuru,1,FALSE,7e-4,5e-4,8e-4,6e-4,270,269,271,7e-4,0.0817,270,0.0015,NA,NA,NA,NA,NA,NA,0.4759,0.0027,239,0.8456,0.1351,0,0.9228,0,Bayes-M10-med
Kungu,Sud-Ubangi,1,FALSE,7e-4,5e-4,9e-4,7e-4,263,255,266,7e-4,0.0893,263,0.0017,NA,NA,NA,NA,NA,NA,0.3711,0.0023,258,0.3745,0.3359,0,0.7741,0,Bayes-M10-med
Kambove,Haut-Katanga,1,FALSE,6e-4,5e-4,7e-4,6e-4,286,285,286,6e-4,0.0738,286,0.0014,NA,NA,NA,NA,NA,NA,0.306,0.0016,313,0.4247,0.6236,0,0.1757,0,Bayes-M10-med
Kapolowe,Haut-Katanga,1,FALSE,6e-4,4e-4,7e-4,6e-4,288,288,289,6e-4,0.0724,288,0.0014,NA,NA,NA,NA,NA,NA,0.3026,0.0015,320,0.5579,0.444,0,0.2085,0,Bayes-M10-med
Kilwa,Haut-Katanga,1,FALSE,6e-4,5e-4,8e-4,6e-4,271,270,272,6e-4,0.0804,271,0.0015,NA,NA,NA,NA,NA,NA,0.3764,0.0021,271,0.749,0.39,0,0.3668,0,Bayes-M10-med
Kisanga,Haut-Katanga,1,FALSE,6e-4,4e-4,7e-4,5e-4,299,296,301,6e-4,0.069,299,0.0013,NA,NA,NA,NA,NA,NA,0.1081,5e-4,417,0.1293,0.2008,0,0.1023,0,Bayes-M10-med
Pweto,Haut-Katanga,1,FALSE,6e-4,5e-4,8e-4,6e-4,275,274,278,6e-4,0.0785,275,0.0015,NA,NA,NA,NA,NA,NA,0.3518,0.0019,280,0.7992,0.2587,0,0.3494,0,Bayes-M10-med
Ruashi,Haut-Katanga,1,FALSE,6e-4,5e-4,8e-4,6e-4,281,279,282,6e-4,0.076,281,0.0014,NA,NA,NA,NA,NA,NA,0.0705,4e-4,431,0.0985,0.0637,0,0.1197,0,Bayes-M10-med
Sakania,Haut-Katanga,1,FALSE,6e-4,5e-4,8e-4,6e-4,272,272,273,6e-4,0.08,272,0.0015,NA,NA,NA,NA,NA,NA,0.2775,0.0015,318,0.7375,0.2355,0,0.1371,0,Bayes-M10-med
Ndjoko Mpunda,Kasaï,1,FALSE,6e-4,4e-4,7e-4,6e-4,293,291,294,6e-4,0.0706,293,0.0013,NA,NA,NA,NA,NA,NA,0.333,0.0016,303,0.3977,0.2915,0,0.6429,0,Bayes-M10-med
Kamonia,Kasaï,1,FALSE,6e-4,4e-4,7e-4,6e-4,291,289,292,6e-4,0.0712,291,0.0013,NA,NA,NA,NA,NA,NA,0.14,7e-4,404,0.3707,0.11,0,0.0792,0,Bayes-M10-med
Katoka,Kasaï-Central,1,FALSE,6e-4,5e-4,7e-4,6e-4,285,284,285,6e-4,0.0742,285,0.0014,NA,NA,NA,NA,NA,NA,0.2645,0.0014,331,0.1216,0.473,0,0.4633,0,Bayes-M10-med
Muetshi,Kasaï-Central,1,FALSE,6e-4,4e-4,7e-4,6e-4,295,292,296,6e-4,0.0704,294,0.0013,NA,NA,NA,NA,NA,NA,0.4792,0.0023,257,0.6158,0.5386,0,0.7625,0,Bayes-M10-med
Tshikula,Kasaï-Central,1,FALSE,6e-4,5e-4,8e-4,6e-4,282,280,283,6e-4,0.0758,282,0.0014,NA,NA,NA,NA,NA,NA,0.3296,0.0017,292,0.3919,0.3185,0,0.6081,0,Bayes-M10-med
Matadi,Kongo-Central,1,FALSE,6e-4,4e-4,7e-4,5e-4,297,294,297,6e-4,0.0694,297,0.0013,NA,NA,NA,NA,NA,NA,0.2939,0.0014,326,0.1564,0.944,0,0.0753,0,Bayes-M10-med
Djuma,Kwilu,1,FALSE,6e-4,4e-4,7e-4,5e-4,298,295,299,6e-4,0.0692,298,0.0013,NA,NA,NA,NA,NA,NA,0.5256,0.0025,248,0.4826,0.7355,0,0.8842,0,Bayes-M10-med
Ipamu,Kwilu,1,FALSE,6e-4,5e-4,8e-4,6e-4,274,273,275,6e-4,0.0792,273,0.0015,NA,NA,NA,NA,NA,NA,0.5454,0.003,220,0.4903,0.7683,0,0.9228,0,Bayes-M10-med
Kikwit Sud,Kwilu,1,FALSE,6e-4,5e-4,8e-4,6e-4,279,277,280,6e-4,0.0771,279,0.0014,NA,NA,NA,NA,NA,NA,0.3282,0.0018,291,0.1313,0.7008,0,0.4807,0,Bayes-M10-med
Yasa Bonga,Kwilu,1,FALSE,6e-4,5e-4,7e-4,6e-4,284,283,284,6e-4,0.0744,284,0.0014,NA,NA,NA,NA,NA,NA,0.4206,0.0022,267,0.3031,0.5328,0,0.8465,0,Bayes-M10-med
Kasaji,Lualaba,1,FALSE,6e-4,4e-4,7e-4,6e-4,292,290,293,6e-4,0.0709,292,0.0013,NA,NA,NA,NA,NA,NA,0.4648,0.0023,259,0.8552,0.4923,0,0.5116,0,Bayes-M10-med
Lualaba,Lualaba,1,FALSE,6e-4,4e-4,7e-4,6e-4,287,287,288,6e-4,0.0725,287,0.0014,NA,NA,NA,NA,NA,NA,0.1404,7e-4,401,0.3552,0.0347,0,0.1718,0,Bayes-M10-med
Boso Manzi,Mongala,1,FALSE,6e-4,5e-4,8e-4,6e-4,280,275,285,6e-4,0.0765,280,0.0014,NA,NA,NA,NA,NA,NA,0.3982,0.0021,268,0.5695,0.2278,0,0.7954,0,Bayes-M10-med
Bosobolo,Nord-Ubangi,1,FALSE,6e-4,4e-4,7e-4,6e-4,290,287,293,6e-4,0.0715,290,0.0013,NA,NA,NA,NA,NA,NA,0.7148,0.0035,190,0.9363,0.9459,0,0.9768,0,Bayes-M10-med
Gbadolite,Nord-Ubangi,1,FALSE,6e-4,5e-4,8e-4,6e-4,278,276,280,6e-4,0.0778,278,0.0015,NA,NA,NA,NA,NA,NA,0.5183,0.0028,232,0.7915,0.9653,0,0.3166,0,Bayes-M10-med
Mobayi Mbongo,Nord-Ubangi,1,FALSE,6e-4,4e-4,7e-4,6e-4,296,295,299,6e-4,0.0698,296,0.0013,NA,NA,NA,NA,NA,NA,0.5458,0.0026,240,0.9324,0.8166,0,0.4344,0,Bayes-M10-med
Wapinda,Nord-Ubangi,1,FALSE,6e-4,5e-4,7e-4,6e-4,283,276,292,6e-4,0.0749,283,0.0014,NA,NA,NA,NA,NA,NA,0.6791,0.0035,191,0.9015,0.8398,0,0.9749,0,Bayes-M10-med
Lusambo,Sankuru,1,FALSE,6e-4,5e-4,8e-4,6e-4,276,275,279,6e-4,0.0784,276,0.0015,NA,NA,NA,NA,NA,NA,0.4833,0.0026,241,0.6815,0.2992,0,0.9527,0,Bayes-M10-med
Bangabola,Sud-Ubangi,1,FALSE,6e-4,4e-4,7e-4,6e-4,289,276,304,6e-4,0.0717,289,0.0013,NA,NA,NA,NA,NA,NA,0.3904,0.0019,279,0.3533,0.3494,0,0.8591,0,Bayes-M10-med
Libenge,Sud-Ubangi,1,FALSE,6e-4,5e-4,8e-4,6e-4,274,270,278,6e-4,0.079,274,0.0015,NA,NA,NA,NA,NA,NA,0.3818,0.0021,273,0.6293,0.3591,0,0.5386,0,Bayes-M10-med
Befale,Tshuapa,1,FALSE,6e-4,4e-4,7e-4,6e-4,294,290,300,6e-4,0.0704,295,0.0013,NA,NA,NA,NA,NA,NA,0.5145,0.0025,249,0.8822,0.4903,0,0.6853,0,Bayes-M10-med
Mompono,Tshuapa,1,FALSE,6e-4,5e-4,8e-4,6e-4,277,271,282,6e-4,0.0783,277,0.0015,NA,NA,NA,NA,NA,NA,0.5598,0.003,215,0.8089,0.6042,0,0.8263,0,Bayes-M10-med
Basankusu,Equateur,1,FALSE,5e-4,4e-4,7e-4,5e-4,301,296,302,5e-4,0.0687,301,0.0013,NA,NA,NA,NA,NA,NA,0.6844,0.0033,207,0.9517,0.8629,0,0.9228,0,Bayes-M10-med
Bolomba,Equateur,1,FALSE,5e-4,4e-4,7e-4,5e-4,305,303,307,5e-4,0.067,305,0.0013,NA,NA,NA,NA,NA,NA,0.6163,0.0029,225,0.9575,0.8533,0,0.6544,0,Bayes-M10-med
Likasi,Haut-Katanga,1,FALSE,5e-4,4e-4,6e-4,5e-4,322,321,322,5e-4,0.0572,322,0.0011,NA,NA,NA,NA,NA,NA,0.1728,7e-4,405,0.112,0.4208,0,0.1583,0,Bayes-M10-med
Kinkondja,Haut-Lomami,1,FALSE,5e-4,4e-4,7e-4,5e-4,307,305,307,5e-4,0.0663,307,0.0012,NA,NA,NA,NA,NA,NA,0.4889,0.0022,261,0.7278,0.6274,0,0.6004,0,Bayes-M10-med
Kakenge,Kasaï,1,FALSE,5e-4,4e-4,7e-4,5e-4,306,304,306,5e-4,0.067,306,0.0013,NA,NA,NA,NA,NA,NA,0.4522,0.0021,270,0.5753,0.4788,0,0.7548,0,Bayes-M10-med
Mikope,Kasaï,1,FALSE,5e-4,3e-4,6e-4,4e-4,324,323,325,5e-4,0.0566,324,0.0011,NA,NA,NA,NA,NA,NA,0.3996,0.0016,312,0.6776,0.2703,0,0.6506,0,Bayes-M10-med
Bilomba,Kasaï-Central,1,FALSE,5e-4,4e-4,6e-4,5e-4,312,310,312,5e-4,0.0633,312,0.0012,NA,NA,NA,NA,NA,NA,0.4006,0.0018,290,0.3378,0.4421,0,0.8224,0,Bayes-M10-med
Lubondaie,Kasaï-Central,1,FALSE,5e-4,4e-4,6e-4,5e-4,323,322,323,5e-4,0.057,323,0.0011,NA,NA,NA,NA,NA,NA,0.3147,0.0012,340,0.3822,0.1583,0,0.7181,0,Bayes-M10-med
Lubunga (Kasaï-Central),Kasaï-Central,1,FALSE,5e-4,4e-4,6e-4,5e-4,313,311,314,5e-4,0.0627,313,0.0012,NA,NA,NA,NA,NA,NA,0.4599,0.002,275,0.5637,0.4653,0,0.8108,0,Bayes-M10-med
Muanda,Kongo-Central,1,FALSE,5e-4,4e-4,6e-4,5e-4,316,315,318,5e-4,0.0601,316,0.0011,NA,NA,NA,NA,NA,NA,0.4093,0.0017,296,0.6371,1,0,0,0,Bayes-M10-med
Kisantu,Kongo-Central,1,FALSE,5e-4,4e-4,6e-4,5e-4,314,314,317,5e-4,0.0609,314,0.0011,NA,NA,NA,NA,NA,NA,0.418,0.0018,288,0.5039,0.9903,0,0.1776,0,Bayes-M10-med
Masi Manimba,Kwilu,1,FALSE,5e-4,4e-4,7e-4,5e-4,304,302,305,5e-4,0.0674,304,0.0013,NA,NA,NA,NA,NA,NA,0.4281,0.002,274,0.332,0.4961,0,0.8842,0,Bayes-M10-med
Mokala,Kwilu,1,FALSE,5e-4,4e-4,6e-4,5e-4,320,318,321,5e-4,0.059,320,0.0011,NA,NA,NA,NA,NA,NA,0.5118,0.0021,272,0.4228,0.6718,0,0.9527,0,Bayes-M10-med
Kamiji,Lomami,1,FALSE,5e-4,4e-4,6e-4,5e-4,317,315,318,5e-4,0.06,317,0.0011,NA,NA,NA,NA,NA,NA,0.2635,0.0011,361,0.3398,0.1293,0,0.5849,0,Bayes-M10-med
Wikong,Lomami,1,FALSE,5e-4,4e-4,6e-4,5e-4,311,309,311,5e-4,0.0636,310,0.0012,NA,NA,NA,NA,NA,NA,0.3663,0.0016,305,0.2529,0.4228,0,0.7896,0,Bayes-M10-med
Kapanga,Lualaba,1,FALSE,5e-4,4e-4,6e-4,5e-4,317,316,320,5e-4,0.06,318,0.0011,NA,NA,NA,NA,NA,NA,0.4112,0.0017,295,0.8514,0.3938,0,0.3996,0,Bayes-M10-med
Abuzi,Nord-Ubangi,1,FALSE,5e-4,4e-4,7e-4,5e-4,303,303,305,5e-4,0.0675,303,0.0013,NA,NA,NA,NA,NA,NA,0.7153,0.0033,202,0.9846,0.9054,0,0.971,0,Bayes-M10-med
Bili (Nord-Ubangi),Nord-Ubangi,1,FALSE,5e-4,4e-4,6e-4,5e-4,309,309,312,5e-4,0.0643,309,0.0012,NA,NA,NA,NA,NA,NA,0.7075,0.0032,212,0.9247,0.9189,0,0.9865,0,Bayes-M10-med
Loko,Nord-Ubangi,1,FALSE,5e-4,4e-4,6e-4,5e-4,310,310,313,5e-4,0.0634,311,0.0012,NA,NA,NA,NA,NA,NA,0.6535,0.0029,224,0.9402,0.9266,0,0.7471,0,Bayes-M10-med
Bena Dibele,Sankuru,1,FALSE,5e-4,4e-4,7e-4,5e-4,300,297,300,5e-4,0.069,300,0.0013,NA,NA,NA,NA,NA,NA,0.4093,0.002,278,0.6216,0.1564,0,0.8591,0,Bayes-M10-med
Djalo Ndjeka,Sankuru,1,FALSE,5e-4,4e-4,7e-4,5e-4,302,300,302,5e-4,0.0682,302,0.0013,NA,NA,NA,NA,NA,NA,0.3378,0.0016,307,0.3591,0.0695,0,0.9228,0,Bayes-M10-med
Kole,Sankuru,1,FALSE,5e-4,4e-4,7e-4,5e-4,308,308,308,5e-4,0.0658,308,0.0012,NA,NA,NA,NA,NA,NA,0.4802,0.0022,265,0.7761,0.2606,0,0.8842,0,Bayes-M10-med
Bokonzi,Sud-Ubangi,1,FALSE,5e-4,4e-4,6e-4,5e-4,315,313,319,5e-4,0.0603,315,0.0011,NA,NA,NA,NA,NA,NA,0.236,0.001,369,0.4305,0.083,0,0.4305,0,Bayes-M10-med
Bominenge,Sud-Ubangi,1,FALSE,5e-4,4e-4,6e-4,5e-4,321,315,326,5e-4,0.0578,321,0.0011,NA,NA,NA,NA,NA,NA,0.3258,0.0013,335,0.2819,0.0985,0,0.9228,0,Bayes-M10-med
Boto,Sud-Ubangi,1,FALSE,5e-4,4e-4,6e-4,5e-4,319,316,320,5e-4,0.0595,319,0.0011,NA,NA,NA,NA,NA,NA,0.3596,0.0015,321,0.3282,0.5174,0,0.5927,0,Bayes-M10-med
Ingende,Equateur,1,FALSE,4e-4,3e-4,5e-4,4e-4,356,352,357,4e-4,0.0462,356,9e-4,NA,NA,NA,NA,NA,NA,0.596,0.0019,282,0.9208,0.8571,0,0.6062,0,Bayes-M10-med
Mufunga Sampwe,Haut-Katanga,1,FALSE,4e-4,3e-4,5e-4,4e-4,328,327,328,4e-4,0.0545,328,0.001,NA,NA,NA,NA,NA,NA,0.3774,0.0014,325,0.8185,0.0888,0,0.6023,0,Bayes-M10-med
Kasenga,Haut-Katanga,1,FALSE,4e-4,3e-4,5e-4,4e-4,338,338,339,4e-4,0.0498,338,9e-4,NA,NA,NA,NA,NA,NA,0.3953,0.0014,330,0.8166,0.6255,0,0.139,0,Bayes-M10-med
Lwamba,Haut-Lomami,1,FALSE,4e-4,3e-4,5e-4,4e-4,327,326,327,4e-4,0.0545,327,0.001,NA,NA,NA,NA,NA,NA,0.4865,0.0018,283,0.8069,0.6409,0,0.4981,0,Bayes-M10-med
Kayamba,Haut-Lomami,1,FALSE,4e-4,3e-4,5e-4,4e-4,339,337,339,4e-4,0.0498,339,9e-4,NA,NA,NA,NA,NA,NA,0.4276,0.0015,322,0.7027,0.4189,0,0.5888,0,Bayes-M10-med
Songa,Haut-Lomami,1,FALSE,4e-4,3e-4,5e-4,4e-4,330,329,330,4e-4,0.053900000000000003,330,0.001,NA,NA,NA,NA,NA,NA,0.473,0.0018,289,0.9344,0.3533,0,0.6042,0,Bayes-M10-med
Dekese,Kasaï,1,FALSE,4e-4,3e-4,5e-4,4e-4,346,345,347,4e-4,0.0483,346,9e-4,NA,NA,NA,NA,NA,NA,0.4633,0.0016,315,0.9189,0.2181,0,0.7162,0,Bayes-M10-med
Mushenge,Kasaï,1,FALSE,4e-4,3e-4,5e-4,4e-4,341,340,342,4e-4,0.0493,341,9e-4,NA,NA,NA,NA,NA,NA,0.3229,0.0011,358,0.5946,0.0656,0,0.6313,0,Bayes-M10-med
Kitangwa,Kasaï,1,FALSE,4e-4,3e-4,5e-4,4e-4,335,335,335,4e-4,0.0508,335,0.001,NA,NA,NA,NA,NA,NA,0.3287,0.0012,352,0.6332,0.1062,0,0.5753,0,Bayes-M10-med
Mutena,Kasaï,1,FALSE,4e-4,3e-4,5e-4,4e-4,350,350,351,4e-4,0.0469,350,9e-4,NA,NA,NA,NA,NA,NA,0.2336,8e-4,395,0.334,0.0753,0,0.5251,0,Bayes-M10-med
Bunkonde,Kasaï-Central,1,FALSE,4e-4,3e-4,5e-4,4e-4,344,344,344,4e-4,0.0489,344,9e-4,NA,NA,NA,NA,NA,NA,0.3523,0.0012,344,0.4015,0.278,0,0.7297,0,Bayes-M10-med
Mutoto,Kasaï-Central,1,FALSE,4e-4,3e-4,5e-4,4e-4,345,345,346,4e-4,0.0484,345,9e-4,NA,NA,NA,NA,NA,NA,0.3441,0.0012,353,0.4575,0.361,0,0.5579,0,Bayes-M10-med
Ndesha,Kasaï-Central,1,FALSE,4e-4,3e-4,5e-4,4e-4,349,349,350,4e-4,0.0471,349,9e-4,NA,NA,NA,NA,NA,NA,0.2317,8e-4,396,0.1448,0.3456,0,0.4363,0,Bayes-M10-med
Boma,Kongo-Central,1,FALSE,4e-4,3e-4,5e-4,4e-4,355,353,356,4e-4,0.0463,355,9e-4,NA,NA,NA,NA,NA,NA,0.2901,9e-4,377,0.1467,0.9247,0,0.0888,0,Bayes-M10-med
Lukula,Kongo-Central,1,FALSE,4e-4,3e-4,5e-4,4e-4,342,342,343,4e-4,0.0492,342,9e-4,NA,NA,NA,NA,NA,NA,0.3933,0.0013,333,0.529,0.8745,0,0.1699,0,Bayes-M10-med
Boko Kivulu,Kongo-Central,1,FALSE,4e-4,3e-4,5e-4,4e-4,359,356,359,4e-4,0.0457,359,9e-4,NA,NA,NA,NA,NA,NA,0.4281,0.0014,332,0.5792,0.9324,0,0.2008,0,Bayes-M10-med
Kimpese,Kongo-Central,1,FALSE,4e-4,3e-4,5e-4,4e-4,340,340,341,4e-4,0.0494,340,9e-4,NA,NA,NA,NA,NA,NA,0.4947,0.0017,298,0.7896,0.9768,0,0.2124,0,Bayes-M10-med
Mbanza Ngungu,Kongo-Central,1,FALSE,4e-4,3e-4,4e-4,3e-4,361,361,361,4e-4,0.0442,361,8e-4,NA,NA,NA,NA,NA,NA,0.3711,0.0011,356,0.3205,0.9749,0,0.1892,0,Bayes-M10-med
Boko,Kwango,1,FALSE,4e-4,3e-4,5e-4,4e-4,347,347,348,4e-4,0.0475,347,9e-4,NA,NA,NA,NA,NA,NA,0.5121,0.0017,299,0.7336,0.61,0,0.7046,0,Bayes-M10-med
Feshi,Kwango,1,FALSE,4e-4,3e-4,5e-4,4e-4,348,348,349,4e-4,0.0473,348,9e-4,NA,NA,NA,NA,NA,NA,0.5082,0.0017,300,0.7317,0.5425,0,0.7587,0,Bayes-M10-med
Bagata,Kwilu,1,FALSE,4e-4,3e-4,5e-4,4e-4,333,333,333,4e-4,0.0511,333,0.001,NA,NA,NA,NA,NA,NA,0.5135,0.0018,284,0.6795,0.695,0,0.6795,0,Bayes-M10-med
Bandundu,Kwilu,1,FALSE,4e-4,3e-4,5e-4,4e-4,331,331,332,4e-4,0.0518,332,0.001,NA,NA,NA,NA,NA,NA,0.3364,0.0012,342,0.3436,0.751,0,0.251,0,Bayes-M10-med
Kikongo,Kwilu,1,FALSE,4e-4,3e-4,5e-4,4e-4,358,355,358,4e-4,0.0457,358,9e-4,NA,NA,NA,NA,NA,NA,0.5024,0.0016,309,0.6969,0.6023,0,0.7104,0,Bayes-M10-med
Kimputu,Kwilu,1,FALSE,4e-4,3e-4,5e-4,4e-4,343,342,343,4e-4,0.0491,343,9e-4,NA,NA,NA,NA,NA,NA,0.5039,0.0017,293,0.4923,0.639,0,0.8842,0,Bayes-M10-med
Mosango,Kwilu,1,FALSE,4e-4,3e-4,5e-4,4e-4,336,336,336,4e-4,0.0501,336,9e-4,NA,NA,NA,NA,NA,NA,0.515,0.0018,287,0.5463,0.7375,0,0.7761,0,Bayes-M10-med
Mungindu,Kwilu,1,FALSE,4e-4,3e-4,4e-4,4e-4,360,360,360,4e-4,0.0449,360,8e-4,NA,NA,NA,NA,NA,NA,0.3818,0.0012,346,0.4691,0.5367,0,0.5212,0,Bayes-M10-med
Pay Kongila,Kwilu,1,FALSE,4e-4,3e-4,5e-4,4e-4,332,331,332,4e-4,0.0518,331,0.001,NA,NA,NA,NA,NA,NA,0.4488,0.0016,306,0.5135,0.6467,0,0.6351,0,Bayes-M10-med
Dilolo,Lualaba,1,FALSE,4e-4,3e-4,5e-4,4e-4,354,352,357,4e-4,0.0463,354,9e-4,NA,NA,NA,NA,NA,NA,0.3663,0.0012,348,0.8398,0.6197,0,0.0058,0,Bayes-M10-med
Kalamba,Lualaba,1,FALSE,4e-4,3e-4,5e-4,4e-4,352,351,354,4e-4,0.0467,351,9e-4,NA,NA,NA,NA,NA,NA,0.4542,0.0015,323,0.8803,0.2375,0,0.6988,0,Bayes-M10-med
Sandoa,Lualaba,1,FALSE,4e-4,3e-4,5e-4,4e-4,337,337,338,4e-4,0.0498,337,9e-4,NA,NA,NA,NA,NA,NA,0.5536,0.0019,281,0.9421,0.6815,0,0.5907,0,Bayes-M10-med
Kanzenze,Lualaba,1,FALSE,4e-4,3e-4,5e-4,4e-4,334,334,334,4e-4,0.0509,334,0.001,NA,NA,NA,NA,NA,NA,0.2389,8e-4,389,0.6255,0.1429,0,0.1873,0,Bayes-M10-med
Boso Mondanda,Mongala,1,FALSE,4e-4,3e-4,5e-4,4e-4,357,354,358,4e-4,0.0461,357,9e-4,NA,NA,NA,NA,NA,NA,0.3716,0.0012,345,0.5869,0.1486,0,0.751,0,Bayes-M10-med
Businga,Nord-Ubangi,1,FALSE,4e-4,3e-4,6e-4,4e-4,326,324,329,4e-4,0.0555,326,0.001,NA,NA,NA,NA,NA,NA,0.6781,0.0026,244,0.9286,0.861,0,0.9228,0,Bayes-M10-med
Wasolo,Nord-Ubangi,1,FALSE,4e-4,3e-4,6e-4,4e-4,325,324,326,4e-4,0.0558,325,0.001,NA,NA,NA,NA,NA,NA,0.5709,0.0022,264,0.5541,0.7413,0,0.9884,0,Bayes-M10-med
Pania Mutombo,Sankuru,1,FALSE,4e-4,3e-4,5e-4,4e-4,329,328,329,4e-4,0.054,329,0.001,NA,NA,NA,NA,NA,NA,0.4117,0.0015,317,0.7413,0.1236,0,0.7819,0,Bayes-M10-med
Mawuya,Sud-Ubangi,1,FALSE,4e-4,3e-4,5e-4,4e-4,352,345,359,4e-4,0.0466,352,9e-4,NA,NA,NA,NA,NA,NA,0.2654,9e-4,387,0.444,0.2394,0,0.3784,0,Bayes-M10-med
Monkoto,Tshuapa,1,FALSE,4e-4,3e-4,5e-4,4e-4,353,349,355,4e-4,0.0466,353,9e-4,NA,NA,NA,NA,NA,NA,0.5598,0.0018,286,0.9498,0.4054,0,0.8842,0,Bayes-M10-med
Bikoro,Equateur,1,FALSE,3e-4,2e-4,3e-4,2e-4,388,387,390,3e-4,0.0315,388,6e-4,NA,NA,NA,NA,NA,NA,0.5951,0.0013,336,0.8127,0.8147,0,0.7529,0,Bayes-M10-med
Wangata,Equateur,1,FALSE,3e-4,2e-4,3e-4,3e-4,386,386,386,3e-4,0.0317,386,6e-4,NA,NA,NA,NA,NA,NA,0.417,9e-4,379,0.2336,0.9865,0,0.4479,0,Bayes-M10-med
Kikula,Haut-Katanga,1,FALSE,3e-4,2e-4,4e-4,3e-4,372,372,372,3e-4,0.0373,372,7e-4,NA,NA,NA,NA,NA,NA,0.0951,2e-4,445,0.1062,0.1139,0,0.1602,0,Bayes-M10-med
Mitwaba,Haut-Katanga,1,FALSE,3e-4,2e-4,4e-4,3e-4,365,365,366,3e-4,0.0401,365,8e-4,NA,NA,NA,NA,NA,NA,0.3528,0.001,370,0.8012,0.0618,0,0.5483,0,Bayes-M10-med
Panda,Haut-Katanga,1,FALSE,3e-4,2e-4,3e-4,3e-4,382,382,382,3e-4,0.0338,382,6e-4,NA,NA,NA,NA,NA,NA,0.2027,5e-4,420,0.1622,0.4826,0,0.166,0,Bayes-M10-med
Kafubu,Haut-Katanga,1,FALSE,3e-4,2e-4,4e-4,3e-4,377,377,377,3e-4,0.0357,377,7e-4,NA,NA,NA,NA,NA,NA,0.2104,5e-4,416,0.6042,0.0869,0,0.1506,0,Bayes-M10-med
Lukafu,Haut-Katanga,1,FALSE,3e-4,2e-4,3e-4,3e-4,381,381,381,3e-4,0.0339,381,6e-4,NA,NA,NA,NA,NA,NA,0.4015,9e-4,375,0.888,0.3243,0,0.3938,0,Bayes-M10-med
Bulape,Kasaï,1,FALSE,3e-4,2e-4,4e-4,3e-4,368,367,370,3e-4,0.0387,368,7e-4,NA,NA,NA,NA,NA,NA,0.4315,0.0012,351,0.7066,0.1853,0,0.834,0,Bayes-M10-med
Nyanga,Kasaï,1,FALSE,3e-4,2e-4,4e-4,3e-4,369,368,371,3e-4,0.0386,369,7e-4,NA,NA,NA,NA,NA,NA,0.348,9e-4,376,0.4402,0.3803,0,0.5714,0,Bayes-M10-med
Bena Tshadi,Kasaï-Central,1,FALSE,3e-4,2e-4,4e-4,3e-4,375,375,375,3e-4,0.0368,375,7e-4,NA,NA,NA,NA,NA,NA,0.472,0.0012,343,0.6699,0.3784,0,0.8398,0,Bayes-M10-med
Kalomba,Kasaï-Central,1,FALSE,3e-4,2e-4,4e-4,3e-4,374,374,374,3e-4,0.0369,374,7e-4,NA,NA,NA,NA,NA,NA,0.2944,8e-4,397,0.3166,0.1467,0,0.7143,0,Bayes-M10-med
Seke Banza,Kongo-Central,1,FALSE,3e-4,2e-4,4e-4,3e-4,373,373,373,3e-4,0.0372,373,7e-4,NA,NA,NA,NA,NA,NA,0.4513,0.0012,350,0.6351,0.9498,0,0.2201,0,Bayes-M10-med
Kwilu Ngongo,Kongo-Central,1,FALSE,3e-4,3e-4,4e-4,3e-4,364,364,364,3e-4,0.0409,364,8e-4,NA,NA,NA,NA,NA,NA,0.3875,0.0011,360,0.4884,0.8668,0,0.195,0,Bayes-M10-med
Massa,Kongo-Central,1,FALSE,3e-4,2e-4,3e-4,3e-4,384,384,384,3e-4,0.033,384,6e-4,NA,NA,NA,NA,NA,NA,0.4223,0.001,372,0.668,0.9208,0,0.1004,0,Bayes-M10-med
Kahemba,Kwango,1,FALSE,3e-4,3e-4,4e-4,3e-4,362,362,362,3e-4,0.0422,362,8e-4,NA,NA,NA,NA,NA,NA,0.5367,0.0016,311,0.8958,0.7278,0,0.5232,0,Bayes-M10-med
Panzi,Kwango,1,FALSE,3e-4,3e-4,4e-4,3e-4,363,363,363,3e-4,0.0422,363,8e-4,NA,NA,NA,NA,NA,NA,0.5236,0.0015,319,0.7548,0.583,0,0.7568,0,Bayes-M10-med
Kimbao,Kwango,1,FALSE,3e-4,2e-4,4e-4,3e-4,367,366,367,3e-4,0.0388,367,7e-4,NA,NA,NA,NA,NA,NA,0.5743,0.0015,316,0.7201,0.7181,0,0.8591,0,Bayes-M10-med
Popokabaka,Kwango,1,FALSE,3e-4,2e-4,4e-4,3e-4,376,376,376,3e-4,0.0364,376,7e-4,NA,NA,NA,NA,NA,NA,0.5507,0.0014,327,0.7703,0.7876,0,0.6448,0,Bayes-M10-med
Sia,Kwilu,1,FALSE,3e-4,2e-4,3e-4,3e-4,379,379,379,3e-4,0.0347,379,6e-4,NA,NA,NA,NA,NA,NA,0.3986,0.001,373,0.4151,0.3822,0,0.7973,0,Bayes-M10-med
Kingandu,Kwilu,1,FALSE,3e-4,2e-4,3e-4,3e-4,383,383,383,3e-4,0.0333,383,6e-4,NA,NA,NA,NA,NA,NA,0.4923,0.0011,357,0.7162,0.6583,0,0.5946,0,Bayes-M10-med
Kafakumba,Lualaba,1,FALSE,3e-4,2e-4,4e-4,3e-4,378,378,378,3e-4,0.0354,378,7e-4,NA,NA,NA,NA,NA,NA,0.4648,0.0011,355,0.8687,0.2027,0,0.7876,0,Bayes-M10-med
Lubudi,Lualaba,1,FALSE,3e-4,2e-4,3e-4,3e-4,380,380,380,3e-4,0.034,380,6e-4,NA,NA,NA,NA,NA,NA,0.4667,0.0011,359,0.9151,0.4614,0,0.4903,0,Bayes-M10-med
Inongo,Mai-Ndombe,1,FALSE,3e-4,2e-4,4e-4,3e-4,370,369,370,3e-4,0.0384,370,7e-4,NA,NA,NA,NA,NA,NA,0.4952,0.0013,334,0.7645,0.2934,0,0.9228,0,Bayes-M10-med
Nioki,Mai-Ndombe,1,FALSE,3e-4,2e-4,3e-4,2e-4,389,387,389,3e-4,0.0315,389,6e-4,NA,NA,NA,NA,NA,NA,0.389,8e-4,388,0.61,0.3958,0,0.5502,0,Bayes-M10-med
Bongandanga,Mongala,1,FALSE,3e-4,2e-4,4e-4,3e-4,366,365,369,3e-4,0.0399,366,7e-4,NA,NA,NA,NA,NA,NA,0.4228,0.0012,349,0.7587,0.0097,0,0.9228,0,Bayes-M10-med
Tshudi Loto,Sankuru,1,FALSE,3e-4,2e-4,3e-4,2e-4,388,387,389,3e-4,0.0315,387,6e-4,NA,NA,NA,NA,NA,NA,0.4237,9e-4,378,0.7683,0.0039,0,0.9228,0,Bayes-M10-med
Wema,Tshuapa,1,FALSE,3e-4,2e-4,3e-4,3e-4,385,385,385,3e-4,0.032,385,6e-4,NA,NA,NA,NA,NA,NA,0.4469,0.001,368,0.8494,0.1332,0,0.805,0,Bayes-M10-med
Busanga,Tshuapa,1,FALSE,3e-4,2e-4,4e-4,3e-4,371,368,371,3e-4,0.0383,371,7e-4,NA,NA,NA,NA,NA,NA,0.4452,0.0012,347,0.6602,0.168,0,0.9527,0,Bayes-M10-med
Djombo,Equateur,1,FALSE,2e-4,2e-4,3e-4,2e-4,393,393,395,2e-4,0.0303,393,6e-4,NA,NA,NA,NA,NA,NA,0.6554,0.0014,328,0.917,0.7819,0,0.9228,0,Bayes-M10-med
Iboko,Equateur,1,FALSE,2e-4,2e-4,3e-4,2e-4,408,407,409,2e-4,0.0255,408,5e-4,NA,NA,NA,NA,NA,NA,0.612,0.0011,363,0.8282,0.7915,0,0.8282,0,Bayes-M10-med
Lotumbe,Equateur,1,FALSE,2e-4,2e-4,3e-4,2e-4,405,403,405,2e-4,0.0265,405,5e-4,NA,NA,NA,NA,NA,NA,0.5816,0.0011,364,0.9691,0.7085,0,0.6486,0,Bayes-M10-med
Lukolela,Equateur,1,FALSE,2e-4,1e-4,2e-4,2e-4,414,414,415,2e-4,0.0227,414,4e-4,NA,NA,NA,NA,NA,NA,0.5787,9e-4,380,0.944,0.9151,0,0.4556,0,Bayes-M10-med
Makanza,Equateur,1,FALSE,2e-4,2e-4,3e-4,2e-4,392,392,392,2e-4,0.0309,392,6e-4,NA,NA,NA,NA,NA,NA,0.639,0.0014,329,0.9537,0.7954,0,0.8069,0,Bayes-M10-med
Monieka,Equateur,1,FALSE,2e-4,1e-4,2e-4,2e-4,413,413,413,2e-4,0.0229,413,4e-4,NA,NA,NA,NA,NA,NA,0.596,9e-4,374,0.9768,0.7336,0,0.6737,0,Bayes-M10-med
Kashobwe,Haut-Katanga,1,FALSE,2e-4,1e-4,2e-4,2e-4,428,427,428,2e-4,0.0191,428,4e-4,NA,NA,NA,NA,NA,NA,0.3243,4e-4,426,0.805,0.3012,0,0.1911,0,Bayes-M10-med
Katuba,Haut-Katanga,1,FALSE,2e-4,1e-4,2e-4,2e-4,423,423,423,2e-4,0.0198,423,4e-4,NA,NA,NA,NA,NA,NA,0.0463,1e-4,452,0.0502,0.0309,0,0.1042,0,Bayes-M10-med
Kenya,Haut-Katanga,1,FALSE,2e-4,2e-4,3e-4,2e-4,396,393,396,2e-4,0.03,395,6e-4,NA,NA,NA,NA,NA,NA,0.0569,1e-4,450,0.11,0.0116,0,0.1062,0,Bayes-M10-med
Butumba,Haut-Lomami,1,FALSE,2e-4,2e-4,3e-4,2e-4,401,401,401,2e-4,0.0271,401,5e-4,NA,NA,NA,NA,NA,NA,0.4595,9e-4,385,0.7973,0.4151,0,0.6255,0,Bayes-M10-med
Baka,Haut-Lomami,1,FALSE,2e-4,1e-4,2e-4,2e-4,427,426,427,2e-4,0.0191,427,4e-4,NA,NA,NA,NA,NA,NA,0.4319,6e-4,412,0.4344,0.8919,0,0.4015,0,Bayes-M10-med
Kinda,Haut-Lomami,1,FALSE,2e-4,1e-4,2e-4,2e-4,417,415,418,2e-4,0.0224,417,4e-4,NA,NA,NA,NA,NA,NA,0.5077,8e-4,393,0.9884,0.4266,0,0.6158,0,Bayes-M10-med
Banga Lubaka,Kasaï,1,FALSE,2e-4,2e-4,3e-4,2e-4,399,399,399,2e-4,0.0279,399,5e-4,NA,NA,NA,NA,NA,NA,0.3205,6e-4,408,0.5174,0.0444,0,0.7201,0,Bayes-M10-med
Kangu,Kongo-Central,1,FALSE,2e-4,2e-4,3e-4,2e-4,398,398,398,2e-4,0.0287,398,5e-4,NA,NA,NA,NA,NA,NA,0.3528,7e-4,402,0.3803,0.8822,0,0.1486,0,Bayes-M10-med
Inga,Kongo-Central,1,FALSE,2e-4,2e-4,3e-4,2e-4,409,408,409,2e-4,0.0253,409,5e-4,NA,NA,NA,NA,NA,NA,0.3847,7e-4,406,0.5212,0.8243,0,0.1931,0,Bayes-M10-med
Luozi,Kongo-Central,1,FALSE,2e-4,1e-4,2e-4,2e-4,410,410,410,2e-4,0.024,410,4e-4,NA,NA,NA,NA,NA,NA,0.5241,9e-4,384,0.7355,0.8861,0,0.4749,0,Bayes-M10-med
Nsona Mpangu,Kongo-Central,1,FALSE,2e-4,2e-4,3e-4,2e-4,390,388,390,2e-4,0.0313,390,6e-4,NA,NA,NA,NA,NA,NA,0.4165,9e-4,381,0.722,0.7645,0,0.1795,0,Bayes-M10-med
Nzanza,Kongo-Central,1,FALSE,2e-4,1e-4,2e-4,2e-4,421,421,421,2e-4,0.0204,421,4e-4,NA,NA,NA,NA,NA,NA,0.2172,3e-4,440,0.0888,0.6892,0,0.0907,0,Bayes-M10-med
Gombe Matadi,Kongo-Central,1,FALSE,2e-4,2e-4,3e-4,2e-4,407,407,408,2e-4,0.0255,407,5e-4,NA,NA,NA,NA,NA,NA,0.4151,7e-4,398,0.6911,0.7857,0,0.1834,0,Bayes-M10-med
Kimpangu,Kongo-Central,1,FALSE,2e-4,1e-4,2e-4,2e-4,424,424,424,2e-4,0.0194,424,4e-4,NA,NA,NA,NA,NA,NA,0.4488,6e-4,410,0.7085,0.9344,0,0.1525,0,Bayes-M10-med
Kimvula,Kongo-Central,1,FALSE,2e-4,1e-4,2e-4,2e-4,420,420,420,2e-4,0.0218,420,4e-4,NA,NA,NA,NA,NA,NA,0.569,9e-4,386,0.8629,0.8784,0,0.5347,0,Bayes-M10-med
Ngidinga,Kongo-Central,1,FALSE,2e-4,2e-4,3e-4,2e-4,402,402,402,2e-4,0.027,402,5e-4,NA,NA,NA,NA,NA,NA,0.4488,8e-4,390,0.6544,0.7432,0,0.3977,0,Bayes-M10-med
Kajiji,Kwango,1,FALSE,2e-4,1e-4,2e-4,2e-4,425,425,426,2e-4,0.0192,425,4e-4,NA,NA,NA,NA,NA,NA,0.3533,5e-4,421,0.7934,0.1544,0,0.4653,0,Bayes-M10-med
Kisanji,Kwango,1,FALSE,2e-4,2e-4,3e-4,2e-4,404,403,405,2e-4,0.0266,404,5e-4,NA,NA,NA,NA,NA,NA,0.5574,0.001,367,0.8417,0.6544,0,0.7336,0,Bayes-M10-med
Kasongo Lunda,Kwango,1,FALSE,2e-4,2e-4,3e-4,2e-4,400,400,400,2e-4,0.0278,400,5e-4,NA,NA,NA,NA,NA,NA,0.3441,7e-4,407,0.6274,0.5946,0,0.1544,0,Bayes-M10-med
Mwela Lembwa,Kwango,1,FALSE,2e-4,1e-4,2e-4,2e-4,422,422,422,2e-4,0.0201,422,4e-4,NA,NA,NA,NA,NA,NA,0.4397,6e-4,409,0.6506,0.3224,0,0.7857,0,Bayes-M10-med
Wamba Lwadi,Kwango,1,FALSE,2e-4,2e-4,3e-4,2e-4,394,393,395,2e-4,0.03,394,6e-4,NA,NA,NA,NA,NA,NA,0.5492,0.0011,354,0.6467,0.8185,0,0.7317,0,Bayes-M10-med
Moanza,Kwilu,1,FALSE,2e-4,2e-4,3e-4,2e-4,397,397,397,2e-4,0.029,397,5e-4,NA,NA,NA,NA,NA,NA,0.52,0.001,365,0.5985,0.529,0,0.9527,0,Bayes-M10-med
Banzow Moke,Mai-Ndombe,1,FALSE,2e-4,1e-4,2e-4,2e-4,415,414,416,2e-4,0.0226,415,4e-4,NA,NA,NA,NA,NA,NA,0.5236,8e-4,391,0.6892,0.5212,0,0.8842,0,Bayes-M10-med
Kiri,Mai-Ndombe,1,FALSE,2e-4,1e-4,2e-4,2e-4,418,417,418,2e-4,0.0223,418,4e-4,NA,NA,NA,NA,NA,NA,0.5685,9e-4,383,0.8745,0.4768,0,0.9228,0,Bayes-M10-med
Ntandembelo,Mai-Ndombe,1,FALSE,2e-4,1e-4,2e-4,2e-4,419,419,419,2e-4,0.022,419,4e-4,NA,NA,NA,NA,NA,NA,0.4595,7e-4,403,0.6023,0.4633,0,0.7722,0,Bayes-M10-med
Oshwe,Mai-Ndombe,1,FALSE,2e-4,2e-4,3e-4,2e-4,391,391,391,2e-4,0.0311,391,6e-4,NA,NA,NA,NA,NA,NA,0.4855,0.001,366,0.8764,0.3301,0,0.7355,0,Bayes-M10-med
Pendjwa,Mai-Ndombe,1,FALSE,2e-4,1e-4,2e-4,2e-4,426,425,428,2e-4,0.0192,426,4e-4,NA,NA,NA,NA,NA,NA,0.4319,6e-4,411,0.7008,0.2124,0,0.8147,0,Bayes-M10-med
Yumbi,Mai-Ndombe,1,FALSE,2e-4,1e-4,2e-4,2e-4,416,416,417,2e-4,0.0225,416,4e-4,NA,NA,NA,NA,NA,NA,0.2741,4e-4,427,0.4131,0.4015,0,0.2819,0,Bayes-M10-med
Bolobo,Mai-Ndombe,1,FALSE,2e-4,1e-4,2e-4,2e-4,412,412,412,2e-4,0.0233,412,4e-4,NA,NA,NA,NA,NA,NA,0.3388,5e-4,413,0.6313,0.4981,0,0.2259,0,Bayes-M10-med
Bosobe,Mai-Ndombe,1,FALSE,2e-4,1e-4,2e-4,2e-4,411,411,411,2e-4,0.0234,411,4e-4,NA,NA,NA,NA,NA,NA,0.4406,7e-4,400,0.4942,0.4093,0,0.8591,0,Bayes-M10-med
Kwamouth,Mai-Ndombe,1,FALSE,2e-4,2e-4,3e-4,2e-4,403,403,404,2e-4,0.0267,403,5e-4,NA,NA,NA,NA,NA,NA,0.43,8e-4,392,0.8707,0.417,0,0.4324,0,Bayes-M10-med
Mushie,Mai-Ndombe,1,FALSE,2e-4,2e-4,3e-4,2e-4,406,406,406,2e-4,0.0259,406,5e-4,NA,NA,NA,NA,NA,NA,0.4291,8e-4,394,0.7394,0.3649,0,0.612,0,Bayes-M10-med
Zongo,Sud-Ubangi,1,FALSE,2e-4,2e-4,3e-4,2e-4,395,393,396,2e-4,0.0299,396,6e-4,NA,NA,NA,NA,NA,NA,0.2418,5e-4,418,0.278,0.4131,0,0.2761,0,Bayes-M10-med
Bolenge,Equateur,1,FALSE,1e-4,1e-4,1e-4,1e-4,445,445,445,1e-4,0.0115,445,2e-4,NA,NA,NA,NA,NA,NA,0.5391,4e-4,425,0.7954,0.8514,0,0.5097,0,Bayes-M10-med
Bomongo,Equateur,1,FALSE,1e-4,1e-4,2e-4,1e-4,432,431,433,1e-4,0.0179,432,3e-4,NA,NA,NA,NA,NA,NA,0.5907,7e-4,399,0.9788,0.8475,0,0.5367,0,Bayes-M10-med
Mampoko,Equateur,1,FALSE,1e-4,1e-4,1e-4,1e-4,448,448,448,1e-4,0.0085,448,2e-4,NA,NA,NA,NA,NA,NA,0.5135,3e-4,441,0.8919,0.5058,0,0.6564,0,Bayes-M10-med
Ntondo,Equateur,1,FALSE,1e-4,0,1e-4,1e-4,449,449,449,1e-4,0.0078,449,1e-4,NA,NA,NA,NA,NA,NA,0.6125,3e-4,436,0.8996,0.7259,0,0.8243,0,Bayes-M10-med
Kilela Balanda,Haut-Katanga,1,FALSE,1e-4,1e-4,2e-4,1e-4,439,439,439,1e-4,0.0161,439,3e-4,NA,NA,NA,NA,NA,NA,0.3132,3e-4,435,0.9228,0.0927,0,0.2375,0,Bayes-M10-med
Vangu,Haut-Katanga,1,FALSE,1e-4,1e-4,1e-4,1e-4,443,443,443,1e-4,0.0127,443,2e-4,NA,NA,NA,NA,NA,NA,0.1081,1e-4,451,0.1158,0.1699,0,0.1467,0,Bayes-M10-med
Bobozo,Kasaï-Central,1,FALSE,1e-4,1e-4,2e-4,1e-4,435,435,435,1e-4,0.0174,435,3e-4,NA,NA,NA,NA,NA,NA,0.2336,3e-4,442,0.1602,0.2857,0,0.4884,0,Bayes-M10-med
Boma Bungu,Kongo-Central,1,FALSE,1e-4,1e-4,2e-4,1e-4,440,440,440,1e-4,0.0159,440,3e-4,NA,NA,NA,NA,NA,NA,0.3209,4e-4,434,0.5811,0.5676,0,0.1351,0,Bayes-M10-med
Kinkonzi,Kongo-Central,1,FALSE,1e-4,1e-4,2e-4,1e-4,438,438,438,1e-4,0.0162,438,3e-4,NA,NA,NA,NA,NA,NA,0.4252,5e-4,419,0.6236,0.8958,0,0.1815,0,Bayes-M10-med
Kizu,Kongo-Central,1,FALSE,1e-4,1e-4,2e-4,1e-4,429,429,429,1e-4,0.0187,429,4e-4,NA,NA,NA,NA,NA,NA,0.3113,4e-4,430,0.2973,0.8707,0,0.0772,0,Bayes-M10-med
Kuimba,Kongo-Central,1,FALSE,1e-4,1e-4,2e-4,1e-4,436,436,436,1e-4,0.0172,436,3e-4,NA,NA,NA,NA,NA,NA,0.3069,4e-4,432,0.3784,0.8456,0,0.0039,0,Bayes-M10-med
Tshela,Kongo-Central,1,FALSE,1e-4,1e-4,2e-4,1e-4,433,432,433,1e-4,0.0179,433,3e-4,NA,NA,NA,NA,NA,NA,0.3282,4e-4,429,0.417,0.888,0,0.0077,0,Bayes-M10-med
Vaku,Kongo-Central,1,FALSE,1e-4,1e-4,1e-4,1e-4,444,444,444,1e-4,0.0123,444,2e-4,NA,NA,NA,NA,NA,NA,0.4194,4e-4,433,0.5676,0.9421,0,0.168,0,Bayes-M10-med
Kibunzi,Kongo-Central,1,FALSE,1e-4,1e-4,1e-4,1e-4,446,446,446,1e-4,0.0093,446,2e-4,NA,NA,NA,NA,NA,NA,0.4175,3e-4,443,0.7046,0.5251,0,0.4402,0,Bayes-M10-med
Mangembo,Kongo-Central,1,FALSE,1e-4,1e-4,2e-4,1e-4,431,431,432,1e-4,0.018,431,3e-4,NA,NA,NA,NA,NA,NA,0.3726,5e-4,422,0.5598,0.6641,0,0.2664,0,Bayes-M10-med
Nselo,Kongo-Central,1,FALSE,1e-4,1e-4,2e-4,1e-4,437,437,437,1e-4,0.0171,437,3e-4,NA,NA,NA,NA,NA,NA,0.374,4e-4,424,0.6564,0.5347,0,0.305,0,Bayes-M10-med
Sona Bata,Kongo-Central,1,FALSE,1e-4,1e-4,1e-4,1e-4,442,442,442,1e-4,0.0141,442,3e-4,NA,NA,NA,NA,NA,NA,0.43,4e-4,428,0.7259,0.7896,0,0.2046,0,Bayes-M10-med
Tembo,Kwango,1,FALSE,1e-4,1e-4,1e-4,1e-4,441,441,441,1e-4,0.0143,441,3e-4,NA,NA,NA,NA,NA,NA,0.3205,3e-4,437,0.7876,0.3977,0,0.0965,0,Bayes-M10-med
Kitenda,Kwango,1,FALSE,1e-4,1e-4,2e-4,1e-4,434,434,434,1e-4,0.0175,434,3e-4,NA,NA,NA,NA,NA,NA,0.376,5e-4,423,0.6641,0.4247,0,0.4151,0,Bayes-M10-med
Bunkeya,Lualaba,1,FALSE,1e-4,1e-4,2e-4,1e-4,430,430,430,1e-4,0.0182,430,3e-4,NA,NA,NA,NA,NA,NA,0.4218,5e-4,415,0.8243,0.5019,0,0.361,0,Bayes-M10-med
Mutshatsha,Lualaba,1,FALSE,1e-4,1e-4,1e-4,1e-4,447,447,447,1e-4,0.0092,447,2e-4,NA,NA,NA,NA,NA,NA,0.3808,2e-4,446,0.971,0.1023,0,0.4498,0,Bayes-M10-med
Mimia,Mai-Ndombe,1,FALSE,1e-4,0,1e-4,1e-4,450,450,450,1e-4,0.0064,450,1e-4,NA,NA,NA,NA,NA,NA,0.4841,2e-4,447,0.9614,0.0521,0,0.9228,0,Bayes-M10-med
Irebu,Equateur,1,FALSE,0,0,0,0,454,454,454,0,0.0038,454,1e-4,NA,NA,NA,NA,NA,NA,0.5473,1e-4,448,0.9305,0.6776,0,0.5811,0,Bayes-M10-med
Lilanga Bobangi,Equateur,1,FALSE,0,0,0,0,452,452,452,0,0.0046,452,1e-4,NA,NA,NA,NA,NA,NA,0.4117,1e-4,449,0.9382,0.2664,0,0.4421,0,Bayes-M10-med
Kamalondo,Haut-Katanga,1,FALSE,0,0,0,0,453,453,453,0,0.0046,453,1e-4,NA,NA,NA,NA,NA,NA,0.0352,0,455,0.029,0.0019,0,0.11,0,Bayes-M10-med
Kowe,Haut-Katanga,1,FALSE,0,0,0,0,451,451,451,0,0.005,451,1e-4,NA,NA,NA,NA,NA,NA,0.07,0,454,0.0714,0.0811,0,0.1274,0,Bayes-M10-med
Kitona,Kongo-Central,1,FALSE,0,0,0,0,455,455,455,0,0.0028,455,1e-4,NA,NA,NA,NA,NA,NA,0.293,1e-4,453,0.5907,0.5792,0,0.0019,0,Bayes-M10-med
Bokoro,Mai-Ndombe,1,FALSE,0,0,0,0,456.5,456.5,456.5,0,0,456,0,NA,NA,NA,NA,NA,NA,0.471,0,456,0.6873,0.5097,0,0.6873,0,Bayes-M10-med
Idjwi,Sud-Kivu,1,FALSE,0,0,0,0,456.5,456.5,456.5,0,0,456,0,NA,NA,NA,NA,NA,NA,0.3007,0,457,0.2992,0.8224,0,0.0811,0,Bayes-M10-med
Buta,Bas-Uele,1,TRUE,NA,NA,NA,NA,NA,NA,NA,NA,NA,NA,NA,NA,NA,NA,NA,NA,NA,0.7225,NA,NA,0.9749,0.9923,0,0.9228,0,Bayes-M10-med
Ganga,Bas-Uele,1,TRUE,NA,NA,NA,NA,NA,NA,NA,NA,NA,NA,NA,NA,NA,NA,NA,NA,NA,0.7218,NA,NA,0.9672,0.9556,0,0.9643,0,Bayes-M10-med
Viadana,Bas-Uele,1,TRUE,NA,NA,NA,NA,NA,NA,NA,NA,NA,NA,NA,NA,NA,NA,NA,NA,NA,0.6846,NA,NA,0.9131,0.9788,0,0.8465,0,Bayes-M10-med
Boma Mangbetu,Haut-Uele,1,TRUE,NA,NA,NA,NA,NA,NA,NA,NA,NA,NA,NA,NA,NA,NA,NA,NA,NA,0.4122,NA,NA,0.2857,0.5039,0,0.8591,0,Bayes-M10-med
Gombari,Haut-Uele,1,TRUE,NA,NA,NA,NA,NA,NA,NA,NA,NA,NA,NA,NA,NA,NA,NA,NA,NA,0.5772,NA,NA,0.9633,0.8012,0,0.5444,0,Bayes-M10-med
Isiro,Haut-Uele,1,TRUE,NA,NA,NA,NA,NA,NA,NA,NA,NA,NA,NA,NA,NA,NA,NA,NA,NA,0.5253,NA,NA,0.39,0.7587,0,0.9527,0,Bayes-M10-med
Pawa,Haut-Uele,1,TRUE,NA,NA,NA,NA,NA,NA,NA,NA,NA,NA,NA,NA,NA,NA,NA,NA,NA,0.4315,NA,NA,0.2934,0.5734,0,0.8591,0,Bayes-M10-med
Rungu,Haut-Uele,1,TRUE,NA,NA,NA,NA,NA,NA,NA,NA,NA,NA,NA,NA,NA,NA,NA,NA,NA,0.6474,NA,NA,0.8224,0.8031,0,0.9643,0,Bayes-M10-med
Wamba,Haut-Uele,1,TRUE,NA,NA,NA,NA,NA,NA,NA,NA,NA,NA,NA,NA,NA,NA,NA,NA,NA,0.4817,NA,NA,0.6737,0.4363,0,0.8166,0,Bayes-M10-med
Adja,Ituri,1,TRUE,NA,NA,NA,NA,NA,NA,NA,NA,NA,NA,NA,NA,NA,NA,NA,NA,NA,0.2645,NA,NA,0.249,0.4286,0,0.3803,0,Bayes-M10-med
Ariwara,Ituri,1,TRUE,NA,NA,NA,NA,NA,NA,NA,NA,NA,NA,NA,NA,NA,NA,NA,NA,NA,0.2862,NA,NA,0.1988,0.6988,0,0.2471,0,Bayes-M10-med
Aru,Ituri,1,TRUE,NA,NA,NA,NA,NA,NA,NA,NA,NA,NA,NA,NA,NA,NA,NA,NA,NA,0.3528,NA,NA,0.3012,0.8417,0,0.2683,0,Bayes-M10-med
Aungba,Ituri,1,TRUE,NA,NA,NA,NA,NA,NA,NA,NA,NA,NA,NA,NA,NA,NA,NA,NA,NA,0.3354,NA,NA,0.3108,0.6564,0,0.3745,0,Bayes-M10-med
Kambala,Ituri,1,TRUE,NA,NA,NA,NA,NA,NA,NA,NA,NA,NA,NA,NA,NA,NA,NA,NA,NA,0.347,NA,NA,0.3668,0.612,0,0.4093,0,Bayes-M10-med
Logo,Ituri,1,TRUE,NA,NA,NA,NA,NA,NA,NA,NA,NA,NA,NA,NA,NA,NA,NA,NA,NA,0.2384,NA,NA,0.1757,0.5927,0,0.1853,0,Bayes-M10-med
Mahagi,Ituri,1,TRUE,NA,NA,NA,NA,NA,NA,NA,NA,NA,NA,NA,NA,NA,NA,NA,NA,NA,0.2292,NA,NA,0.1718,0.6004,0,0.1448,0,Bayes-M10-med
Rimba,Ituri,1,TRUE,NA,NA,NA,NA,NA,NA,NA,NA,NA,NA,NA,NA,NA,NA,NA,NA,NA,0.306,NA,NA,0.2008,0.7124,0,0.3108,0,Bayes-M10-med
Bambu,Ituri,1,TRUE,NA,NA,NA,NA,NA,NA,NA,NA,NA,NA,NA,NA,NA,NA,NA,NA,NA,0.2399,NA,NA,0.2046,0.4691,0,0.2857,0,Bayes-M10-med
Boga,Ituri,1,TRUE,NA,NA,NA,NA,NA,NA,NA,NA,NA,NA,NA,NA,NA,NA,NA,NA,NA,0.264,NA,NA,0.3861,0.36870000000000003,0,0.3012,0,Bayes-M10-med
Bunia,Ituri,1,TRUE,NA,NA,NA,NA,NA,NA,NA,NA,NA,NA,NA,NA,NA,NA,NA,NA,NA,0.2326,NA,NA,0.1178,0.5637,0,0.249,0,Bayes-M10-med
Damas,Ituri,1,TRUE,NA,NA,NA,NA,NA,NA,NA,NA,NA,NA,NA,NA,NA,NA,NA,NA,NA,0.3224,NA,NA,0.4479,0.3282,0,0.5135,0,Bayes-M10-med
Drodro,Ituri,1,TRUE,NA,NA,NA,NA,NA,NA,NA,NA,NA,NA,NA,NA,NA,NA,NA,NA,NA,0.2674,NA,NA,0.2066,0.5907,0,0.2722,0,Bayes-M10-med
Fataki,Ituri,1,TRUE,NA,NA,NA,NA,NA,NA,NA,NA,NA,NA,NA,NA,NA,NA,NA,NA,NA,0.3185,NA,NA,0.2259,0.7201,0,0.3282,0,Bayes-M10-med
Gety,Ituri,1,TRUE,NA,NA,NA,NA,NA,NA,NA,NA,NA,NA,NA,NA,NA,NA,NA,NA,NA,0.2592,NA,NA,0.3359,0.2973,0,0.4035,0,Bayes-M10-med
Kilo,Ituri,1,TRUE,NA,NA,NA,NA,NA,NA,NA,NA,NA,NA,NA,NA,NA,NA,NA,NA,NA,0.1448,NA,NA,0.2201,0.0502,0,0.3089,0,Bayes-M10-med
Komanda,Ituri,1,TRUE,NA,NA,NA,NA,NA,NA,NA,NA,NA,NA,NA,NA,NA,NA,NA,NA,NA,0.2341,NA,NA,0.3089,0.1197,0,0.5077,0,Bayes-M10-med
Lita,Ituri,1,TRUE,NA,NA,NA,NA,NA,NA,NA,NA,NA,NA,NA,NA,NA,NA,NA,NA,NA,0.306,NA,NA,0.2761,0.7046,0,0.2432,0,Bayes-M10-med
Lolwa,Ituri,1,TRUE,NA,NA,NA,NA,NA,NA,NA,NA,NA,NA,NA,NA,NA,NA,NA,NA,NA,0.3205,NA,NA,0.6429,0,0,0.639,0,Bayes-M10-med
Mambasa,Ituri,1,TRUE,NA,NA,NA,NA,NA,NA,NA,NA,NA,NA,NA,NA,NA,NA,NA,NA,NA,0.4324,NA,NA,0.8842,0.2625,0,0.583,0,Bayes-M10-med
Mandima,Ituri,1,TRUE,NA,NA,NA,NA,NA,NA,NA,NA,NA,NA,NA,NA,NA,NA,NA,NA,NA,0.2659,NA,NA,0.4846,0.2896,0,0.2896,0,Bayes-M10-med
Mangala,Ituri,1,TRUE,NA,NA,NA,NA,NA,NA,NA,NA,NA,NA,NA,NA,NA,NA,NA,NA,NA,0.3021,NA,NA,0.305,0.6158,0,0.2876,0,Bayes-M10-med
Mongbwalu,Ituri,1,TRUE,NA,NA,NA,NA,NA,NA,NA,NA,NA,NA,NA,NA,NA,NA,NA,NA,NA,0.2616,NA,NA,0.4112,0.1834,0,0.4517,0,Bayes-M10-med
Nia Nia,Ituri,1,TRUE,NA,NA,NA,NA,NA,NA,NA,NA,NA,NA,NA,NA,NA,NA,NA,NA,NA,0.2978,NA,NA,0.666,0.0212,0,0.5039,0,Bayes-M10-med
Nizi,Ituri,1,TRUE,NA,NA,NA,NA,NA,NA,NA,NA,NA,NA,NA,NA,NA,NA,NA,NA,NA,0.1771,NA,NA,0.1544,0.3378,0,0.2162,0,Bayes-M10-med
Nyankunde,Ituri,1,TRUE,NA,NA,NA,NA,NA,NA,NA,NA,NA,NA,NA,NA,NA,NA,NA,NA,NA,0.2514,NA,NA,0.2838,0.2432,0,0.4788,0,Bayes-M10-med
Rwampara,Ituri,1,TRUE,NA,NA,NA,NA,NA,NA,NA,NA,NA,NA,NA,NA,NA,NA,NA,NA,NA,0.319,NA,NA,0.2375,0.7452,0,0.2934,0,Bayes-M10-med
Tchomia,Ituri,1,TRUE,NA,NA,NA,NA,NA,NA,NA,NA,NA,NA,NA,NA,NA,NA,NA,NA,NA,0.1998,NA,NA,0.2104,0.3745,0,0.2143,0,Bayes-M10-med
Beni,Nord-Kivu,1,TRUE,NA,NA,NA,NA,NA,NA,NA,NA,NA,NA,NA,NA,NA,NA,NA,NA,NA,0.1559,NA,NA,0.1525,0.2297,0,0.2413,0,Bayes-M10-med
Biena,Nord-Kivu,1,TRUE,NA,NA,NA,NA,NA,NA,NA,NA,NA,NA,NA,NA,NA,NA,NA,NA,NA,0.2013,NA,NA,0.251,0.166,0,0.388,0,Bayes-M10-med
Butembo,Nord-Kivu,1,TRUE,NA,NA,NA,NA,NA,NA,NA,NA,NA,NA,NA,NA,NA,NA,NA,NA,NA,0.1829,NA,NA,0.1139,0.388,0,0.2297,0,Bayes-M10-med
Kalunguta,Nord-Kivu,1,TRUE,NA,NA,NA,NA,NA,NA,NA,NA,NA,NA,NA,NA,NA,NA,NA,NA,NA,0.1559,NA,NA,0.195,0.2066,0,0.222,0,Bayes-M10-med
Katwa,Nord-Kivu,1,TRUE,NA,NA,NA,NA,NA,NA,NA,NA,NA,NA,NA,NA,NA,NA,NA,NA,NA,0.1998,NA,NA,0.0869,0.4846,0,0.2278,0,Bayes-M10-med
Kyondo,Nord-Kivu,1,TRUE,NA,NA,NA,NA,NA,NA,NA,NA,NA,NA,NA,NA,NA,NA,NA,NA,NA,0.3238,NA,NA,0.2954,0.7973,0,0.2027,0,Bayes-M10-med
Lubero,Nord-Kivu,1,TRUE,NA,NA,NA,NA,NA,NA,NA,NA,NA,NA,NA,NA,NA,NA,NA,NA,NA,0.4585,NA,NA,0.5734,0.9382,0,0.3224,0,Bayes-M10-med
Mabalako,Nord-Kivu,1,TRUE,NA,NA,NA,NA,NA,NA,NA,NA,NA,NA,NA,NA,NA,NA,NA,NA,NA,0.1573,NA,NA,0.1931,0.2046,0,0.2317,0,Bayes-M10-med
Manguredjipa,Nord-Kivu,1,TRUE,NA,NA,NA,NA,NA,NA,NA,NA,NA,NA,NA,NA,NA,NA,NA,NA,NA,0.3475,NA,NA,0.778,0.0579,0,0.5541,0,Bayes-M10-med
Masereka,Nord-Kivu,1,TRUE,NA,NA,NA,NA,NA,NA,NA,NA,NA,NA,NA,NA,NA,NA,NA,NA,NA,0.36870000000000003,NA,NA,0.2548,0.9807,0,0.2394,0,Bayes-M10-med
Musienene,Nord-Kivu,1,TRUE,NA,NA,NA,NA,NA,NA,NA,NA,NA,NA,NA,NA,NA,NA,NA,NA,NA,0.319,NA,NA,0.2645,0.7317,0,0.2799,0,Bayes-M10-med
Mutwanga,Nord-Kivu,1,TRUE,NA,NA,NA,NA,NA,NA,NA,NA,NA,NA,NA,NA,NA,NA,NA,NA,NA,0.2408,NA,NA,0.2606,0.4672,0,0.2355,0,Bayes-M10-med
Oicha,Nord-Kivu,1,TRUE,NA,NA,NA,NA,NA,NA,NA,NA,NA,NA,NA,NA,NA,NA,NA,NA,NA,0.3364,NA,NA,0.3243,0.7606,0,0.2606,0,Bayes-M10-med
Vuhovi,Nord-Kivu,1,TRUE,NA,NA,NA,NA,NA,NA,NA,NA,NA,NA,NA,NA,NA,NA,NA,NA,NA,0.2611,NA,NA,0.2027,0.6178,0,0.2239,0,Bayes-M10-med
Goma,Nord-Kivu,1,TRUE,NA,NA,NA,NA,NA,NA,NA,NA,NA,NA,NA,NA,NA,NA,NA,NA,NA,0.2669,NA,NA,0.1274,0.8977,0,0.0425,0,Bayes-M10-med
Kayna,Nord-Kivu,1,TRUE,NA,NA,NA,NA,NA,NA,NA,NA,NA,NA,NA,NA,NA,NA,NA,NA,NA,0.3113,NA,NA,0.2278,0.6332,0,0.3842,0,Bayes-M10-med
Miti Murhesa,Sud-Kivu,1,TRUE,NA,NA,NA,NA,NA,NA,NA,NA,NA,NA,NA,NA,NA,NA,NA,NA,NA,0.3277,NA,NA,0.2355,0.9131,0,0.1622,0,Bayes-M10-med
Bulu,Sud-Ubangi,1,TRUE,NA,NA,NA,NA,NA,NA,NA,NA,NA,NA,NA,NA,NA,NA,NA,NA,NA,0.3147,NA,NA,0.3649,0.1988,0,0.695,0,Bayes-M10-med
Bafwasende,Tshopo,1,TRUE,NA,NA,NA,NA,NA,NA,NA,NA,NA,NA,NA,NA,NA,NA,NA,NA,NA,0.4546,NA,NA,0.9073,0.2413,0,0.6699,0,Bayes-M10-med
Kabondo,Tshopo,1,TRUE,NA,NA,NA,NA,NA,NA,NA,NA,NA,NA,NA,NA,NA,NA,NA,NA,NA,0.18,NA,NA,0.1911,0.2722,0,0.2568,0,Bayes-M10-med
Lubunga (Tshopo),Tshopo,1,TRUE,NA,NA,NA,NA,NA,NA,NA,NA,NA,NA,NA,NA,NA,NA,NA,NA,NA,0.2288,NA,NA,0.2452,0.3436,0,0.3263,0,Bayes-M10-med
Makiso Kisangani,Tshopo,1,TRUE,NA,NA,NA,NA,NA,NA,NA,NA,NA,NA,NA,NA,NA,NA,NA,NA,NA,0.2355,NA,NA,0.1332,0.5309,0,0.278,0,Bayes-M10-med
Mangobo,Tshopo,1,TRUE,NA,NA,NA,NA,NA,NA,NA,NA,NA,NA,NA,NA,NA,NA,NA,NA,NA,0.2061,NA,NA,0.0792,0.4382,0,0.3069,0,Bayes-M10-med
Tshopo,Tshopo,1,TRUE,NA,NA,NA,NA,NA,NA,NA,NA,NA,NA,NA,NA,NA,NA,NA,NA,NA,0.2466,NA,NA,0.361,0.334,0,0.2915,0,Bayes-M10-med
Wanierukula,Tshopo,1,TRUE,NA,NA,NA,NA,NA,NA,NA,NA,NA,NA,NA,NA,NA,NA,NA,NA,NA,0.473,NA,NA,0.8436,0.5521,0,0.4961,0,Bayes-M10-med
Rethy,Ituri,2,FALSE,0.6464,0.547,0.7469,0.6466,1,1,1,1.0546,66.0943,1,1,4.2586,1,NA,NA,NA,NA,0.2703,0.9364,2,0.2143,0.6081,0,0.2587,0,Bayes-M10-med
Watsa,Haut-Uele,2,FALSE,0.3889,0.3183,0.4635,0.3871,2,2,2,0.4952,31.0352,2,0.6017,NA,NA,NA,NA,3.1262,1,0.4797,1,1,0.7297,0.8436,0,0.3456,0,Bayes-M10-med
Nyarambe,Ituri,2,FALSE,0.2467,0.1979,0.3006,0.245,3,3,3,0.2842,17.8109,3,0.3817,1.1476,2,NA,NA,NA,NA,0.1805,0.2387,13,0.1699,0.4595,0,0.0927,0,Bayes-M10-med
Rutshuru,Nord-Kivu,2,FALSE,0.2024,0.1621,0.2468,0.2008,4,4,4,0.2267,14.205,4,0.3131,NA,NA,2.4211,1,NA,NA,0.3721,0.4037,6,0.4093,0.9942,0,0.0849,0,Bayes-M10-med
Biringi,Ituri,2,FALSE,0.1961,0.1566,0.24,0.1946,5,5,6,0.2188,13.713,5,0.3034,0.8835,3,NA,NA,NA,NA,0.3494,0.3673,7,0.3958,0.4865,0,0.5154,0,Bayes-M10-med
Poko,Bas-Uele,2,FALSE,0.1814,0.1436,0.2216,0.1805,6,5,8,0.2006,12.5713,6,0.2807,NA,NA,NA,NA,NA,NA,0.7271,0.707,3,0.9923,0.9517,0,0.9643,0,Bayes-M10-med
Dungu,Haut-Uele,2,FALSE,0.1748,0.1383,0.2154,0.1734,7,6,8,0.1926,12.068,7,0.2704,NA,NA,NA,NA,1.2156,2,0.5275,0.4943,4,0.8726,0.5598,0,0.6776,0,Bayes-M10-med
Karisimbi,Nord-Kivu,2,FALSE,0.1723,0.1371,0.2109,0.171,8,7,8,0.1895,11.8781,8,0.2666,NA,NA,2.0245,2,NA,NA,0.1597,0.1476,17,0.0907,0.5154,0,0.0328,0,Bayes-M10-med
Alimbongo,Nord-Kivu,2,FALSE,0.1541,0.1222,0.1891,0.1527,9,9,10,0.1676,10.5049,9,0.2384,NA,NA,1.7905,3,NA,NA,0.4262,0.352,8,0.5849,0.7471,0,0.3726,0,Bayes-M10-med
Makoro,Haut-Uele,2,FALSE,0.1537,0.1219,0.1892,0.1524,10,9,10,0.1672,10.4782,10,0.2378,NA,NA,NA,NA,1.0555,3,0.3822,0.3149,10,0.556,0.5483,0,0.4247,0,Bayes-M10-med
Kibirizi,Nord-Kivu,2,FALSE,0.1465,0.1161,0.1801,0.1453,11,11,11,0.1587,9.9455,11,0.2267,NA,NA,1.6951,4,NA,NA,0.4175,0.3279,9,0.5405,0.8552,0,0.2741,0,Bayes-M10-med
Nyiragongo,Nord-Kivu,2,FALSE,0.1426,0.1129,0.1753,0.1413,12,12,13,0.1541,9.6578,12,0.2206,NA,NA,1.6461,5,NA,NA,0.2891,0.221,14,0.2432,0.8764,0,0.0367,0,Bayes-M10-med
Rwanguba,Nord-Kivu,2,FALSE,0.1418,0.1127,0.1743,0.1405,13,12,14,0.1532,9.6004,13,0.2194,NA,NA,1.6363,6,NA,NA,0.2442,0.1856,15,0.2085,0.7027,0,0.0656,0,Bayes-M10-med
Niangara,Haut-Uele,2,FALSE,0.1389,0.1087,0.1734,0.1377,14,12,15,0.1499,9.3915,14,0.2149,NA,NA,NA,NA,0.946,4,0.5512,0.4104,5,0.8031,0.4324,0,0.9691,0,Bayes-M10-med
Kirotshe,Nord-Kivu,2,FALSE,0.13,0.1031,0.1601,0.1289,15,14,16,0.1395,8.743,15,0.2012,NA,NA,1.4902,7,NA,NA,0.3842,0.2678,11,0.3764,0.9961,0,0.1641,0,Bayes-M10-med
Angumu,Ituri,2,FALSE,0.1279,0.1011,0.158,0.1268,16,15,16,0.137,8.5875,16,0.1978,0.5533,4,NA,NA,NA,NA,0.11,0.0754,33,0.1641,0.1641,0,0.112,0,Bayes-M10-med
Kamango,Nord-Kivu,2,FALSE,0.1019,0.0802,0.126,0.101,17,17,17,0.1076,6.7443,17,0.1577,NA,NA,1.1495,8,NA,NA,0.4373,0.2389,12,0.6583,0.917,0,0.1737,0,Bayes-M10-med
Linga,Ituri,2,FALSE,0.0847,0.0646,0.1085,0.0837,18,18,19,0.0886,5.5512,18,0.131,0.3577,5,NA,NA,NA,NA,0.2148,0.0975,27,0.1969,0.3417,0,0.3205,0,Bayes-M10-med
Jiba,Ituri,2,FALSE,0.0803,0.0613,0.1029,0.0794,19,19,20,0.0838,5.2507,19,0.1242,0.3383,6,NA,NA,NA,NA,0.1651,0.071,36,0.1815,0.1274,0,0.3514,0,Bayes-M10-med
Bambo,Nord-Kivu,2,FALSE,0.0778,0.0611,0.0964,0.077,20,18,20,0.081,5.0775,20,0.1203,NA,NA,0.8654,9,NA,NA,0.3962,0.1652,16,0.5521,0.9073,0,0.1255,0,Bayes-M10-med
Binza,Nord-Kivu,2,FALSE,0.0684,0.0538,0.0849,0.0677,21,21,21,0.0709,4.4466,21,0.1059,NA,NA,0.7579,10,NA,NA,0.3518,0.1291,21,0.471,0.8378,0,0.0985,0,Bayes-M10-med
Minova,Sud-Kivu,2,FALSE,0.0642,0.0503,0.0796,0.0635,22,22,22,0.0663,4.1582,22,0.0992,NA,NA,NA,NA,NA,NA,0.3866,0.1329,19,0.4421,0.9826,0,0.1216,0,Bayes-M10-med
Ibanda,Sud-Kivu,2,FALSE,0.0627,0.0491,0.0779,0.0621,23,23,23,0.0648,4.06,23,0.097,NA,NA,NA,NA,NA,NA,0.2307,0.0775,30,0.083,0.6216,0,0.2181,0,Bayes-M10-med
Mweso,Nord-Kivu,2,FALSE,0.0612,0.048,0.076,0.0606,24,24,24,0.0632,3.9617,24,0.0947,NA,NA,0.6752,11,NA,NA,0.4189,0.1375,18,0.4498,0.9614,0,0.2645,0,Bayes-M10-med
Adi,Ituri,2,FALSE,0.0568,0.044,0.0717,0.0563,25,25,26,0.0586,3.6702,25,0.0879,0.2365,7,NA,NA,NA,NA,0.3977,0.1212,23,0.2587,0.7104,0,0.6216,0,Bayes-M10-med
Laybo,Ituri,2,FALSE,0.0541,0.0421,0.0677,0.0535,26,26,28,0.0556,3.4852,26,0.0836,0.2246,8,NA,NA,NA,NA,0.3393,0.0983,26,0.3069,0.556,0,0.4942,0,Bayes-M10-med
Faradje,Haut-Uele,2,FALSE,0.053900000000000003,0.042,0.0675,0.0533,28,27,29,0.0555,3.4763,27,0.0834,NA,NA,NA,NA,0.3502,5,0.4474,0.1293,20,0.7606,0.666,0,0.3629,0,Bayes-M10-med
Nsele,Kinshasa,2,FALSE,0.053900000000000003,0.0422,0.0673,0.0534,27,25,29,0.0555,3.4761,28,0.0834,NA,NA,NA,NA,NA,NA,0.1583,0.0458,48,0.139,0.3996,0,0.0946,0,Bayes-M10-med
Masisi,Nord-Kivu,2,FALSE,0.053900000000000003,0.0422,0.067,0.0533,29,26,30,0.0554,3.4733,29,0.0834,NA,NA,0.592,12,NA,NA,0.4402,0.1271,22,0.4324,0.9575,0,0.3707,0,Bayes-M10-med
Banalia,Tshopo,2,FALSE,0.0533,0.0413,0.067,0.0527,30,28,31,0.0548,3.4326,30,0.0824,NA,NA,NA,NA,NA,NA,0.4242,0.1211,24,0.7799,0.1178,0,0.7992,0,Bayes-M10-med
Gombe,Kinshasa,2,FALSE,0.0521,0.0408,0.065,0.0516,31,30,31,0.0535,3.3551,31,0.0806,NA,NA,NA,NA,NA,NA,0.1622,0.0453,49,0.0695,0.5695,0,0.0097,0,Bayes-M10-med
Kadutu,Sud-Kivu,2,FALSE,0.0459,0.0359,0.0571,0.0454,32,32,32,0.047,2.9446,32,0.071,NA,NA,NA,NA,NA,NA,0.1636,0.0402,53,0.0579,0.3861,0,0.2104,0,Bayes-M10-med
Katana,Sud-Kivu,2,FALSE,0.042,0.0329,0.0525,0.0416,33,33,33,0.043,2.693,33,0.065,NA,NA,NA,NA,NA,NA,0.3224,0.0726,35,0.2471,0.9112,0,0.1313,0,Bayes-M10-med
Limete,Kinshasa,2,FALSE,0.0408,0.0319,0.051,0.0404,34,34,34,0.0417,2.6145,34,0.0632,NA,NA,NA,NA,NA,NA,0.056,0.0123,104,0.0405,0.1371,0,0.0463,0,Bayes-M10-med
Kabare,Sud-Kivu,2,FALSE,0.0396,0.0309,0.0494,0.0392,35,35,36,0.0404,2.5325,35,0.0612,NA,NA,NA,NA,NA,NA,0.3567,0.0757,32,0.2394,0.9884,0,0.1988,0,Bayes-M10-med
Aba,Haut-Uele,2,FALSE,0.0387,0.0301,0.0486,0.0383,36,35,37,0.0395,2.4763,36,0.0599,NA,NA,NA,NA,0.2494,6,0.569,0.1181,25,0.6004,0.6853,0,0.9903,0,Bayes-M10-med
Binza Ozone,Kinshasa,2,FALSE,0.0376,0.0293,0.047,0.0372,37,36,37,0.0383,2.4015,37,0.0581,NA,NA,NA,NA,NA,NA,0.152,0.0306,62,0.0734,0.5232,0,0.0116,0,Bayes-M10-med
Kokolo,Kinshasa,2,FALSE,0.0364,0.0285,0.0456,0.0361,38,38,39,0.0371,2.3273,38,0.0564,NA,NA,NA,NA,NA,NA,0.2172,0.0424,51,0.0772,0.7722,0,0.0193,0,Bayes-M10-med
Lingwala,Kinshasa,2,FALSE,0.0363,0.0284,0.0454,0.0359,39,38,39,0.037,2.3207,39,0.0562,NA,NA,NA,NA,NA,NA,0.0323,0.0063,148,0.0232,0.0907,0,0.0154,0,Bayes-M10-med
Katoyi,Nord-Kivu,2,FALSE,0.0351,0.0274,0.0438,0.0348,40,40,40,0.0358,2.242,40,0.0543,NA,NA,0.3821,13,NA,NA,0.4542,0.0855,29,0.4614,0.9595,0,0.3958,0,Bayes-M10-med
Kinshasa,Kinshasa,2,FALSE,0.0325,0.0254,0.0407,0.0322,41,41,42,0.0331,2.0734,41,0.0503,NA,NA,NA,NA,NA,NA,0.0203,0.0035,229,0.0135,0.0463,0,0.0212,0,Bayes-M10-med
Kalamu 1,Kinshasa,2,FALSE,0.0324,0.0253,0.0405,0.0321,42,42,43,0.0329,2.0649,42,0.0501,NA,NA,NA,NA,NA,NA,0.0309,0.0054,171,0.0193,0.0734,0,0.0309,0,Bayes-M10-med
Kasa Vubu,Kinshasa,2,FALSE,0.0324,0.0253,0.0404,0.032,43,43,44,0.0329,2.0621,43,0.0501,NA,NA,NA,NA,NA,NA,0.0444,0.0077,133,0.0309,0.1216,0,0.0251,0,Bayes-M10-med
Bengamisa,Tshopo,2,FALSE,0.0313,0.024,0.0401,0.0309,44,41,47,0.0318,1.9908,44,0.0484,NA,NA,NA,NA,NA,NA,0.3012,0.0504,44,0.612,0.2162,0,0.3764,0,Bayes-M10-med
Uvira,Sud-Kivu,2,FALSE,0.0309,0.0241,0.0385,0.0306,45,44,46,0.0314,1.9665,45,0.0478,NA,NA,NA,NA,NA,NA,0.5502,0.0911,28,0.2181,0.9846,0,0.9981,0,Bayes-M10-med
Birambizo,Nord-Kivu,2,FALSE,0.0295,0.0231,0.0368,0.0292,46,45,48,0.03,1.8773,46,0.0456,NA,NA,0.32,14,NA,NA,0.3625,0.0573,40,0.4035,0.89,0,0.1564,0,Bayes-M10-med
Lemba,Kinshasa,2,FALSE,0.029,0.0226,0.0363,0.0287,47,47,49,0.0295,1.8459,47,0.0449,NA,NA,NA,NA,NA,NA,0.1023,0.0159,90,0.0483,0.3069,0,0.0541,0,Bayes-M10-med
Masina 1,Kinshasa,2,FALSE,0.0286,0.0223,0.0358,0.0283,48,48,50,0.029,1.8195,48,0.0443,NA,NA,NA,NA,NA,NA,0.0193,0.003,255,0.0077,0.0077,0,0.0618,0,Bayes-M10-med
Kintambo,Kinshasa,2,FALSE,0.0285,0.0222,0.0356,0.0282,50,49,51,0.0289,1.8103,50,0.044,NA,NA,NA,NA,NA,NA,0.0338,0.0052,175,0.0212,0.1004,0,0.0135,0,Bayes-M10-med
Bafwagbogbo,Tshopo,2,FALSE,0.0285,0.0221,0.0358,0.0282,49,47,51,0.0289,1.8105,49,0.044,NA,NA,NA,NA,NA,NA,0.3948,0.0602,37,0.8591,0.027,0,0.6931,0,Bayes-M10-med
Yakusu,Tshopo,2,FALSE,0.0273,0.0196,0.0365,0.0268,51,45,59,0.0277,1.7349,51,0.0422,NA,NA,NA,NA,NA,NA,0.319,0.0467,46,0.4208,0.2085,0,0.6467,0,Bayes-M10-med
Walungu,Sud-Kivu,2,FALSE,0.0267,0.0208,0.0333,0.0264,52,51,53,0.0271,1.6973,52,0.0413,NA,NA,NA,NA,NA,NA,0.3248,0.0465,47,0.1853,0.8803,0,0.2336,0,Bayes-M10-med
Kalehe,Sud-Kivu,2,FALSE,0.0262,0.0204,0.0327,0.0259,53,52,54,0.0265,1.6633,53,0.0405,NA,NA,NA,NA,NA,NA,0.3369,0.0473,45,0.3417,0.8649,0,0.1409,0,Bayes-M10-med
Ruzizi,Sud-Kivu,2,FALSE,0.0256,0.0199,0.0319,0.0253,55,53,55,0.0259,1.6242,54,0.0396,NA,NA,NA,NA,NA,NA,0.5627,0.0771,31,0.3494,0.9093,0,0.9923,0,Bayes-M10-med
Mbaya,Sud-Ubangi,2,FALSE,0.0255,0.0188,0.0331,0.0252,54,45,59,0.0259,1.6222,55,0.0395,NA,NA,NA,NA,NA,NA,0.3142,0.043,50,0.3514,0.2239,0,0.6815,0,Bayes-M10-med
Masina 2,Kinshasa,2,FALSE,0.0247,0.0192,0.0308,0.0244,56,55,57,0.025,1.565,56,0.0381,NA,NA,NA,NA,NA,NA,0.0265,0.0035,231,0.0174,0.0193,0,0.0695,0,Bayes-M10-med
Bandalungwa,Kinshasa,2,FALSE,0.0246,0.0192,0.0308,0.0244,57,55,58,0.0249,1.5631,57,0.0381,NA,NA,NA,NA,NA,NA,0.0709,0.0094,117,0.0328,0.2336,0,0.0174,0,Bayes-M10-med
Budjala,Sud-Ubangi,2,FALSE,0.0234,0.0172,0.0302,0.023,58,52,64,0.0237,1.483,58,0.0362,NA,NA,NA,NA,NA,NA,0.43,0.053900000000000003,43,0.5154,0.4035,0,0.8012,0,Bayes-M10-med
Bagira,Sud-Kivu,2,FALSE,0.0228,0.0179,0.0285,0.0226,59,58,59,0.0231,1.4483,59,0.0353,NA,NA,NA,NA,NA,NA,0.236,0.0289,65,0.1004,0.6371,0,0.2066,0,Bayes-M10-med
Binza Meteo,Kinshasa,2,FALSE,0.0217,0.0169,0.0271,0.0214,60,60,61,0.0219,1.3729,60,0.0335,NA,NA,NA,NA,NA,NA,0.2558,0.0297,64,0.0965,0.8996,0,0.027,0,Bayes-M10-med
Nyantende,Sud-Kivu,2,FALSE,0.0214,0.0167,0.0267,0.0212,61,60,62,0.0216,1.3559,61,0.0331,NA,NA,NA,NA,NA,NA,0.3219,0.0369,54,0.1486,0.8938,0,0.2452,0,Bayes-M10-med
Kikimi,Kinshasa,2,FALSE,0.0208,0.0162,0.0261,0.0206,62,62,63,0.0211,1.3199,62,0.0322,NA,NA,NA,NA,NA,NA,0.0835,0.0093,119,0.056,0.1911,0,0.0869,0,Bayes-M10-med
Matete,Kinshasa,2,FALSE,0.0206,0.0161,0.0258,0.0204,63,63,64,0.0208,1.3044,63,0.0319,NA,NA,NA,NA,NA,NA,0.0492,0.0054,166,0.0251,0.1158,0,0.056,0,Bayes-M10-med
Titule,Bas-Uele,2,FALSE,0.0205,0.0157,0.0258,0.0204,65,56,73,0.0207,1.2994,64,0.0317,NA,NA,NA,NA,NA,NA,0.6839,0.0752,34,0.9865,0.8263,0,0.9228,0,Bayes-M10-med
Barumbu,Kinshasa,2,FALSE,0.0205,0.016,0.0256,0.0202,64,64,65,0.0207,1.2961,65,0.0317,NA,NA,NA,NA,NA,NA,0.014,0.0015,341,0.0097,0.0232,0,0.0232,0,Bayes-M10-med
Fizi,Sud-Kivu,2,FALSE,0.0199,0.0155,0.0249,0.0197,66,65,66,0.0201,1.2616,66,0.0308,NA,NA,NA,NA,NA,NA,0.5637,0.0602,38,0.7432,0.9691,0,0.5425,0,Bayes-M10-med
Walikale,Nord-Kivu,2,FALSE,0.0189,0.0148,0.0237,0.0187,67,66,67,0.0191,1.1975,67,0.0293,NA,NA,0.2041,15,NA,NA,0.5729,0.0581,39,0.9459,0.9286,0,0.417,0,Bayes-M10-med
Nyemba,Tanganyika,2,FALSE,0.0186,0.0145,0.0233,0.0184,68,67,68,0.0188,1.1774,68,0.0288,NA,NA,NA,NA,NA,NA,0.3456,0.0345,56,0.5965,0.4556,0,0.3301,0,Bayes-M10-med
Mont Ngafula 1,Kinshasa,2,FALSE,0.018,0.014,0.0226,0.0178,70,68,71,0.0182,1.1392,69,0.0279,NA,NA,NA,NA,NA,NA,0.2066,0.0199,75,0.1371,0.6313,0,0.0579,0,Bayes-M10-med
Lemera,Sud-Kivu,2,FALSE,0.0179,0.014,0.0224,0.0177,70,69,71,0.0181,1.133,70,0.0277,NA,NA,NA,NA,NA,NA,0.5613,0.053900000000000003,42,0.3629,0.9015,0,0.9807,0,Bayes-M10-med
Pinga,Nord-Kivu,2,FALSE,0.0178,0.0139,0.0222,0.0176,71,70,72,0.0179,1.1244,71,0.0275,NA,NA,0.1916,16,NA,NA,0.57,0.0543,41,0.9595,0.7548,0,0.5656,0,Bayes-M10-med
Selembao,Kinshasa,2,FALSE,0.0175,0.0136,0.0219,0.0173,73,72,74,0.0176,1.1038,73,0.027,NA,NA,NA,NA,NA,NA,0.0676,0.0063,145,0.0444,0.1815,0,0.0444,0,Bayes-M10-med
Isangi,Tshopo,2,FALSE,0.0175,0.0133,0.0226,0.0173,72,68,81,0.0177,1.1074,72,0.0271,NA,NA,NA,NA,NA,NA,0.3837,0.036,55,0.4054,0.4073,0,0.722,0,Bayes-M10-med
Mont Ngafula 2,Kinshasa,2,FALSE,0.0174,0.0136,0.0218,0.0172,74,72,74,0.0176,1.1021,74,0.027,NA,NA,NA,NA,NA,NA,0.0951,0.0089,123,0.0849,0.2568,0,0.0386,0,Bayes-M10-med
Mubumbano,Sud-Kivu,2,FALSE,0.0173,0.0135,0.0215,0.0171,75,72,75,0.0174,1.0919,75,0.0267,NA,NA,NA,NA,NA,NA,0.3658,0.0339,57,0.2683,0.9402,0,0.2548,0,Bayes-M10-med
Ndjili,Kinshasa,2,FALSE,0.017,0.0133,0.0213,0.0168,76,75,76,0.0172,1.0758,76,0.0263,NA,NA,NA,NA,NA,NA,0.0487,0.0044,189,0.027,0.1042,0,0.0637,0,Bayes-M10-med
Kingabwa,Kinshasa,2,FALSE,0.0167,0.013,0.0209,0.0165,77,76,78,0.0168,1.054,77,0.0258,NA,NA,NA,NA,NA,NA,0.0478,0.0043,196,0.0425,0.0965,0,0.0521,0,Bayes-M10-med
Ngiri Ngiri,Kinshasa,2,FALSE,0.0166,0.0129,0.0207,0.0164,78,77,79,0.0167,1.0466,78,0.0256,NA,NA,NA,NA,NA,NA,0.028,0.0025,277,0.0154,0.0676,0,0.029,0,Bayes-M10-med
Nyangezi,Sud-Kivu,2,FALSE,0.0166,0.0129,0.0207,0.0164,79,76,80,0.0167,1.0463,79,0.0256,NA,NA,NA,NA,NA,NA,0.36870000000000003,0.0327,60,0.222,0.8842,0,0.36870000000000003,0,Bayes-M10-med
Lubutu,Maniema,2,FALSE,0.0164,0.0127,0.0205,0.0162,80,77,81,0.0165,1.0357,80,0.0254,NA,NA,NA,NA,NA,NA,0.4706,0.0413,52,0.8205,0.2819,0,0.7799,0,Bayes-M10-med
Police,Kinshasa,2,FALSE,0.0163,0.0127,0.0204,0.0161,81,79,81,0.0164,1.0292,81,0.0252,NA,NA,NA,NA,NA,NA,0.0478,0.0042,203,0.0463,0.0772,0,0.0676,0,Bayes-M10-med
Mwana,Sud-Kivu,2,FALSE,0.014,0.0109,0.0176,0.0139,82,82,82,0.0141,0.8858,82,0.0217,NA,NA,NA,NA,NA,NA,0.3731,0.0281,67,0.2896,0.9035,0,0.2992,0,Bayes-M10-med
Kaniola,Sud-Kivu,2,FALSE,0.0138,0.0107,0.0172,0.0136,83,83,83,0.0139,0.87,83,0.0213,NA,NA,NA,NA,NA,NA,0.4513,0.0333,58,0.5328,0.9305,0,0.3417,0,Bayes-M10-med
Maluku 1,Kinshasa,2,FALSE,0.013,0.0101,0.0163,0.0128,84,84,85,0.013,0.8175,84,0.02,NA,NA,NA,NA,NA,NA,0.2321,0.0161,89,0.3475,0.4517,0,0.1293,0,Bayes-M10-med
Kingasani,Kinshasa,2,FALSE,0.0129,0.01,0.0161,0.0127,85,84,85,0.013,0.8117,85,0.0199,NA,NA,NA,NA,NA,NA,0.0294,0.002,306,0.0058,0.0405,0,0.0714,0,Bayes-M10-med
Bunyakiri,Sud-Kivu,2,FALSE,0.0127,0.0099,0.0159,0.0125,86,86,86,0.0128,0.7991,86,0.0196,NA,NA,NA,NA,NA,NA,0.4517,0.0307,61,0.6197,0.832,0,0.3552,0,Bayes-M10-med
Kindu,Maniema,2,FALSE,0.0122,0.0095,0.0152,0.012,87,87,88,0.0122,0.7675,87,0.0188,NA,NA,NA,NA,NA,NA,0.3181,0.0207,73,0.1351,0.2529,0,0.8842,0,Bayes-M10-med
Kasongo,Maniema,2,FALSE,0.0115,0.009,0.0144,0.0114,88,88,90,0.0116,0.7258,88,0.0178,NA,NA,NA,NA,NA,NA,0.5304,0.0327,59,0.4459,0.7529,0,0.9228,0,Bayes-M10-med
Opienge,Tshopo,2,FALSE,0.0113,0.0087,0.0144,0.0112,89,88,89,0.0114,0.7155,89,0.0176,NA,NA,NA,NA,NA,NA,0.4445,0.027,68,0.9556,0.0135,0,0.8089,0,Bayes-M10-med
Binga,Mongala,2,FALSE,0.0105,0.0078,0.0136,0.0104,90,87,95,0.0106,0.664,90,0.0163,NA,NA,NA,NA,NA,NA,0.3306,0.0187,77,0.4749,0.249,0,0.5985,0,Bayes-M10-med
Kalemie,Tanganyika,2,FALSE,0.0104,0.0081,0.013,0.0103,91,90,92,0.0104,0.6545,91,0.0161,NA,NA,NA,NA,NA,NA,0.3789,0.0211,72,0.6718,0.4575,0,0.3861,0,Bayes-M10-med
Lubumbashi,Haut-Katanga,2,FALSE,0.0101,0.0079,0.0127,0.01,92,91,94,0.0102,0.6367,92,0.0156,NA,NA,NA,NA,NA,NA,0.1105,0.006,153,0.1081,0.2104,0,0.1236,0,Bayes-M10-med
Ubundu,Tshopo,2,FALSE,0.0099,0.0075,0.0128,0.0098,93,91,94,0.01,0.6243,93,0.0153,NA,NA,NA,NA,NA,NA,0.4744,0.0252,70,0.9054,0.4305,0,0.5618,0,Bayes-M10-med
Yabaondo,Tshopo,2,FALSE,0.0098,0.0074,0.0127,0.0097,94,91,97,0.0098,0.617,94,0.0152,NA,NA,NA,NA,NA,NA,0.3523,0.0185,79,0.4363,0.305,0,0.668,0,Bayes-M10-med
Basoko,Tshopo,2,FALSE,0.0097,0.0074,0.0122,0.0096,95,93,95,0.0097,0.6083,95,0.0149,NA,NA,NA,NA,NA,NA,0.3012,0.0156,93,0.5077,0.3147,0,0.3822,0,Bayes-M10-med
Doruma,Haut-Uele,2,FALSE,0.009,0.0069,0.0114,0.0089,96,96,99,0.009,0.5669,96,0.0139,NA,NA,NA,NA,0.0571,7,0.6216,0.03,63,0.973,0.5135,0,1,0,Bayes-M10-med
Nundu,Sud-Kivu,2,FALSE,0.0089,0.0069,0.0111,0.0088,97,95,97,0.0089,0.5598,97,0.0138,NA,NA,NA,NA,NA,NA,0.5927,0.0282,66,0.527,0.8494,0,0.9942,0,Bayes-M10-med
Kibua,Nord-Kivu,2,FALSE,0.0088,0.0069,0.011,0.0087,98,96,99,0.0089,0.5564,98,0.0137,NA,NA,0.0948,17,NA,NA,0.5154,0.0244,71,0.7741,0.6602,0,0.6274,0,Bayes-M10-med
Makala,Kinshasa,2,FALSE,0.0086,0.0067,0.0108,0.0085,99,98,100,0.0086,0.5419,99,0.0133,NA,NA,NA,NA,NA,NA,0.0246,0.0011,381,0.0116,0.0386,0,0.0483,0,Bayes-M10-med
Kalamu 2,Kinshasa,2,FALSE,0.0084,0.0065,0.0105,0.0083,101,100,101,0.0084,0.5257,101,0.0129,NA,NA,NA,NA,NA,NA,0.015,7e-4,414,0.0039,0.0154,0,0.0405,0,Bayes-M10-med
Gemena,Sud-Ubangi,2,FALSE,0.0084,0.0064,0.0108,0.0083,100,94,103,0.0085,0.5314,100,0.0131,NA,NA,NA,NA,NA,NA,0.3277,0.0148,96,0.1776,0.2741,0,0.8591,0,Bayes-M10-med
Kalonge,Sud-Kivu,2,FALSE,0.0083,0.0064,0.0104,0.0082,102,101,102,0.0083,0.5211,102,0.0128,NA,NA,NA,NA,NA,NA,0.404,0.0179,83,0.4961,0.8359,0,0.2838,0,Bayes-M10-med
Kunda,Maniema,2,FALSE,0.0082,0.0064,0.0102,0.0081,103,102,103,0.0082,0.5141,103,0.0126,NA,NA,NA,NA,NA,NA,0.4165,0.0182,81,0.4633,0.2799,0,0.9228,0,Bayes-M10-med
Yaleko,Tshopo,2,FALSE,0.0073,0.0055,0.0094,0.0072,104,104,107,0.0073,0.4571,104,0.0112,NA,NA,NA,NA,NA,NA,0.402,0.0157,91,0.639,0.2452,0,0.7239,0,Bayes-M10-med
Saramabila,Maniema,2,FALSE,0.0071,0.0055,0.0089,0.007,105,104,106,0.0071,0.4472,105,0.011,NA,NA,NA,NA,NA,NA,0.4768,0.0182,82,0.473,0.5502,0,0.8842,0,Bayes-M10-med
Lisala,Mongala,2,FALSE,0.0071,0.0055,0.0089,0.007,106,104,106,0.0071,0.444,106,0.0109,NA,NA,NA,NA,NA,NA,0.4093,0.0155,94,0.4286,0.4402,0,0.7683,0,Bayes-M10-med
Kongolo,Tanganyika,2,FALSE,0.0069,0.0054,0.0086,0.0068,107,106,107,0.0069,0.4337,107,0.0107,NA,NA,NA,NA,NA,NA,0.6829,0.0252,69,0.8861,0.9228,0,0.9228,0,Bayes-M10-med
Kabinda,Lomami,2,FALSE,0.0066,0.0052,0.0083,0.0066,108,108,109,0.0067,0.4177,108,0.0103,NA,NA,NA,NA,NA,NA,0.4382,0.0156,92,0.5097,0.5541,0,0.6892,0,Bayes-M10-med
Kaziba,Sud-Kivu,2,FALSE,0.0066,0.0052,0.0083,0.0066,109,108,109,0.0067,0.4176,109,0.0103,NA,NA,NA,NA,NA,NA,0.3571,0.0127,102,0.2876,0.7838,0,0.3571,0,Bayes-M10-med
Shabunda,Sud-Kivu,2,FALSE,0.0064,0.0049,0.008,0.0063,110,110,110,0.0064,0.3997,110,0.0098,NA,NA,NA,NA,NA,NA,0.5922,0.0202,74,0.8378,0.8726,0,0.6583,0,Bayes-M10-med
Kitutu,Sud-Kivu,2,FALSE,0.0063,0.0049,0.0079,0.0063,111,111,111,0.0063,0.3974,111,0.0098,NA,NA,NA,NA,NA,NA,0.5024,0.017,87,0.751,0.805,0,0.4537,0,Bayes-M10-med
Kimbi Lulenge,Sud-Kivu,2,FALSE,0.0062,0.0049,0.0078,0.0062,112,112,112,0.0063,0.392,112,0.0096,NA,NA,NA,NA,NA,NA,0.5507,0.0184,80,0.8475,0.8687,0,0.4865,0,Bayes-M10-med
Manika,Lualaba,2,FALSE,0.0061,0.0048,0.0077,0.0061,113,113,113,0.0061,0.3847,113,0.0095,NA,NA,NA,NA,NA,NA,0.1149,0.0038,216,0.0946,0.222,0,0.1429,0,Bayes-M10-med
Mumbunda,Haut-Katanga,2,FALSE,0.006,0.0047,0.0075,0.006,114,114,115,0.006,0.3786,114,0.0093,NA,NA,NA,NA,NA,NA,0.1853,0.006,154,0.1197,0.5077,0,0.1139,0,Bayes-M10-med
Itebero,Nord-Kivu,2,FALSE,0.0059,0.0046,0.0074,0.0058,115,115,117,0.0059,0.3717,115,0.0091,NA,NA,0.0634,18,NA,NA,0.5574,0.0177,84,0.9112,0.722,0,0.5965,0,Bayes-M10-med
Mwenga,Sud-Kivu,2,FALSE,0.0059,0.0046,0.0074,0.0058,116,116,117,0.0059,0.3695,116,0.0091,NA,NA,NA,NA,NA,NA,0.319,0.0101,115,0.5,0.3552,0,0.4208,0,Bayes-M10-med
Bonzola,Kasaï-Oriental,2,FALSE,0.0058,0.0045,0.0073,0.0057,117,117,118,0.0058,0.3643,117,0.009,NA,NA,NA,NA,NA,NA,0.2958,0.0092,120,0.0927,0.7934,0,0.2973,0,Bayes-M10-med
Kalole,Sud-Kivu,2,FALSE,0.0057,0.0045,0.0072,0.0057,118,118,119,0.0058,0.3609,118,0.0089,NA,NA,NA,NA,NA,NA,0.6038,0.0186,78,0.89,0.7799,0,0.7452,0,Bayes-M10-med
Kamituga,Sud-Kivu,2,FALSE,0.0055,0.0043,0.0069,0.0055,119,119,121,0.0055,0.3473,119,0.0086,NA,NA,NA,NA,NA,NA,0.3596,0.0107,108,0.3938,0.6062,0,0.4382,0,Bayes-M10-med
Mulungu,Sud-Kivu,2,FALSE,0.0055,0.0043,0.0069,0.0055,120,119,121,0.0055,0.3473,120,0.0085,NA,NA,NA,NA,NA,NA,0.5208,0.0154,95,0.861,0.5193,0,0.7027,0,Bayes-M10-med
Yamaluka,Mongala,2,FALSE,0.0054,0.0042,0.0067,0.0053,121,121,123,0.0054,0.3381,121,0.0083,NA,NA,NA,NA,NA,NA,0.1974,0.0057,162,0.2799,0.1448,0,0.3649,0,Bayes-M10-med
Mbulula,Tanganyika,2,FALSE,0.0054,0.0042,0.0067,0.0053,122,121,123,0.0054,0.3381,122,0.0083,NA,NA,NA,NA,NA,NA,0.5934,0.0171,86,0.6448,0.7761,0,0.9527,0,Bayes-M10-med
Aketi,Bas-Uele,2,FALSE,0.0052,0.0039,0.0067,0.0052,123,114,143,0.0052,0.3286,123,0.0081,NA,NA,NA,NA,NA,NA,0.6762,0.019,76,0.9903,0.9363,0,0.778,0,Bayes-M10-med
Kisenso,Kinshasa,2,FALSE,0.0051,0.004,0.0064,0.005,124,124,125,0.0051,0.3189,124,0.0079,NA,NA,NA,NA,NA,NA,0.0589,0.0016,338,0.0367,0.139,0,0.0598,0,Bayes-M10-med
Ndage,Sud-Ubangi,2,FALSE,0.0051,0.0038,0.0065,0.005,125,115,138,0.0051,0.3179,125,0.0078,NA,NA,NA,NA,NA,NA,0.3533,0.0096,116,0.3996,0.2761,0,0.7375,0,Bayes-M10-med
Kabalo,Tanganyika,2,FALSE,0.0051,0.0039,0.0063,0.005,126,125,126,0.0051,0.3177,126,0.0078,NA,NA,NA,NA,NA,NA,0.624,0.0169,88,0.9035,0.7568,0,0.8359,0,Bayes-M10-med
Kipushi,Haut-Katanga,2,FALSE,0.0049,0.0038,0.0062,0.0049,127,126,128,0.0049,0.3099,127,0.0076,NA,NA,NA,NA,NA,NA,0.1216,0.0032,246,0.2703,0.1081,0,0.1081,0,Bayes-M10-med
Tshamilemba,Haut-Katanga,2,FALSE,0.0049,0.0038,0.0062,0.0049,129,128,130,0.0049,0.3088,129,0.0076,NA,NA,NA,NA,NA,NA,0.0772,0.002,305,0.0656,0.1255,0,0.1178,0,Bayes-M10-med
Biyela,Kinshasa,2,FALSE,0.0049,0.0038,0.0062,0.0049,128,126,129,0.0049,0.3099,128,0.0076,NA,NA,NA,NA,NA,NA,0.1076,0.0028,259,0.0637,0.2838,0,0.083,0,Bayes-M10-med
Kalima,Maniema,2,FALSE,0.0049,0.0038,0.0061,0.0048,130,129,131,0.0049,0.3048,130,0.0075,NA,NA,NA,NA,NA,NA,0.3094,0.008,131,0.4595,0.3205,0,0.4575,0,Bayes-M10-med
Kimbanseke,Kinshasa,2,FALSE,0.0048,0.0037,0.006,0.0048,133,131,133,0.0048,0.3027,133,0.0075,NA,NA,NA,NA,NA,NA,0.0526,0.0014,363,0.0521,0.0849,0,0.0734,0,Bayes-M10-med
Kampene,Maniema,2,FALSE,0.0048,0.0038,0.006,0.0048,132,130,132,0.0048,0.3037,132,0.0075,NA,NA,NA,NA,NA,NA,0.3962,0.0103,113,0.5251,0.1757,0,0.8842,0,Bayes-M10-med
Djolu,Tshuapa,2,FALSE,0.0048,0.0037,0.0062,0.0048,131,124,136,0.0049,0.3046,131,0.0075,NA,NA,NA,NA,NA,NA,0.5256,0.0137,98,0.7104,0.5985,0,0.7934,0,Bayes-M10-med
Ango,Bas-Uele,2,FALSE,0.0046,0.0036,0.0057,0.0046,137,131,140,0.0046,0.2888,137,0.0071,NA,NA,NA,NA,NA,NA,0.7095,0.0175,85,1,0.8591,0,0.9788,0,Bayes-M10-med
Mbandaka,Equateur,2,FALSE,0.0046,0.0036,0.0058,0.0046,136,134,137,0.0046,0.2902,136,0.0071,NA,NA,NA,NA,NA,NA,0.5164,0.0128,101,0.6409,0.9633,0,0.4614,0,Bayes-M10-med
Maluku 2,Kinshasa,2,FALSE,0.0046,0.0036,0.0058,0.0046,134,133,135,0.0047,0.2916,134,0.0072,NA,NA,NA,NA,NA,NA,0.4184,0.0104,110,0.6834,0.5463,0,0.444,0,Bayes-M10-med
Yambuku,Mongala,2,FALSE,0.0046,0.0036,0.0058,0.0046,135,134,136,0.0046,0.2904,135,0.0072,NA,NA,NA,NA,NA,NA,0.4344,0.0108,106,0.5483,0.5753,0,0.6139,0,Bayes-M10-med
Nyunzu,Tanganyika,2,FALSE,0.0046,0.0036,0.0057,0.0045,138,135,138,0.0046,0.2872,138,0.0071,NA,NA,NA,NA,NA,NA,0.6023,0.0148,97,0.9653,0.834,0,0.61,0,Bayes-M10-med
Kasansa,Kasaï-Oriental,2,FALSE,0.0045,0.0035,0.0056,0.0045,140,138,140,0.0045,0.2832,140,0.007,NA,NA,NA,NA,NA,NA,0.3349,0.0081,130,0.2568,0.6699,0,0.4131,0,Bayes-M10-med
Bumbu,Kinshasa,2,FALSE,0.0045,0.0035,0.0056,0.0045,139,138,141,0.0045,0.2834,139,0.007,NA,NA,NA,NA,NA,NA,0.0164,4e-4,438,0.0019,0.029,0,0.0347,0,Bayes-M10-med
Ngaba,Kinshasa,2,FALSE,0.0044,0.0034,0.0055,0.0043,142,140,143,0.0044,0.2754,142,0.0068,NA,NA,NA,NA,NA,NA,0.014,3e-4,444,0,0.0058,0,0.0502,0,Bayes-M10-med
Yahuma,Tshopo,2,FALSE,0.0044,0.0034,0.0057,0.0044,141,133,148,0.0044,0.278,141,0.0068,NA,NA,NA,NA,NA,NA,0.4402,0.0104,109,0.8649,0.332,0,0.5637,0,Bayes-M10-med
Kananga,Kasaï-Central,2,FALSE,0.0043,0.0034,0.0054,0.0043,143,141,144,0.0044,0.2731,143,0.0067,NA,NA,NA,NA,NA,NA,0.2963,0.0069,140,0.1429,0.5579,0,0.4846,0,Bayes-M10-med
Mulumba,Lomami,2,FALSE,0.0043,0.0033,0.0054,0.0042,144,143,145,0.0043,0.2689,144,0.0066,NA,NA,NA,NA,NA,NA,0.2587,0.0059,156,0.1834,0.3108,0,0.5405,0,Bayes-M10-med
Punia,Maniema,2,FALSE,0.0042,0.0032,0.0052,0.0041,145,145,149,0.0042,0.2614,145,0.0064,NA,NA,NA,NA,NA,NA,0.3731,0.0083,128,0.7625,0.1969,0,0.5328,0,Bayes-M10-med
Nzaba,Kasaï-Oriental,2,FALSE,0.0041,0.0032,0.0052,0.0041,146,144,149,0.0041,0.2593,146,0.0064,NA,NA,NA,NA,NA,NA,0.278,0.0062,150,0.1042,0.6931,0,0.3147,0,Bayes-M10-med
Lusangi,Maniema,2,FALSE,0.0041,0.0032,0.0052,0.0041,147,145,149,0.0041,0.2592,147,0.0064,NA,NA,NA,NA,NA,NA,0.4223,0.0093,118,0.5656,0.2645,0,0.8591,0,Bayes-M10-med
Lolo,Mongala,2,FALSE,0.0041,0.0032,0.0052,0.0041,150,142,157,0.0041,0.2579,150,0.0064,NA,NA,NA,NA,NA,NA,0.3161,0.007,139,0.4073,0.3263,0,0.5309,0,Bayes-M10-med
Lodja,Sankuru,2,FALSE,0.0041,0.0032,0.0052,0.0041,148,147,149,0.0041,0.2587,148,0.0064,NA,NA,NA,NA,NA,NA,0.4626,0.0102,114,0.2625,0.6351,0,0.9527,0,Bayes-M10-med
Lulingu,Sud-Kivu,2,FALSE,0.0041,0.0032,0.0052,0.0041,149,146,150,0.0041,0.2586,149,0.0064,NA,NA,NA,NA,NA,NA,0.6158,0.0136,100,0.9093,0.8108,0,0.7432,0,Bayes-M10-med
Manono,Tanganyika,2,FALSE,0.004,0.0031,0.0051,0.004,151,150,152,0.0041,0.254,151,0.0063,NA,NA,NA,NA,NA,NA,0.5758,0.0125,103,0.8784,0.9537,0,0.471,0,Bayes-M10-med
Tshilenge,Kasaï-Oriental,2,FALSE,0.0039,0.0031,0.0049,0.0039,152,151,153,0.004,0.248,152,0.0061,NA,NA,NA,NA,NA,NA,0.2799,0.0059,157,0.1892,0.668,0,0.2625,0,Bayes-M10-med
Samba,Maniema,2,FALSE,0.0039,0.003,0.0048,0.0038,155,153,156,0.0039,0.243,155,0.006,NA,NA,NA,NA,NA,NA,0.5179,0.0107,107,0.7529,0.4344,0,0.8842,0,Bayes-M10-med
Haut Plateau,Sud-Kivu,2,FALSE,0.0039,0.003,0.0049,0.0039,154,152,154,0.0039,0.2446,153,0.006,NA,NA,NA,NA,NA,NA,0.5246,0.011,105,0.5714,0.5444,0,0.9826,0,Bayes-M10-med
Yahisuli,Tshopo,2,FALSE,0.0039,0.003,0.005,0.0038,153,147,163,0.0039,0.2445,154,0.006,NA,NA,NA,NA,NA,NA,0.3521,0.0073,137,0.3842,0.0714,0,0.9527,0,Bayes-M10-med
Bondo,Bas-Uele,2,FALSE,0.0038,0.0029,0.0047,0.0037,157,155,159,0.0038,0.2367,157,0.0058,NA,NA,NA,NA,NA,NA,0.6737,0.0136,99,0.9961,0.9981,0,0.7008,0,Bayes-M10-med
Kailo,Maniema,2,FALSE,0.0038,0.003,0.0048,0.0038,156,154,157,0.0038,0.2388,156,0.0059,NA,NA,NA,NA,NA,NA,0.4276,0.0087,124,0.832,0.0946,0,0.7838,0,Bayes-M10-med
Minembwe,Sud-Kivu,2,FALSE,0.0037,0.0029,0.0047,0.0037,158,156,159,0.0037,0.2337,158,0.0058,NA,NA,NA,NA,NA,NA,0.5198,0.0104,111,0.7181,0.8089,0,0.5521,0,Bayes-M10-med
Moba,Tanganyika,2,FALSE,0.0037,0.0029,0.0046,0.0037,159,157,160,0.0037,0.2328,159,0.0057,NA,NA,NA,NA,NA,NA,0.3808,0.0076,134,0.6178,0.4942,0,0.4112,0,Bayes-M10-med
Kabongo,Haut-Lomami,2,FALSE,0.0036,0.0028,0.0045,0.0036,163,162,164,0.0036,0.2256,163,0.0056,NA,NA,NA,NA,NA,NA,0.5372,0.0103,112,0.8108,0.778,0,0.5598,0,Bayes-M10-med
Luputa,Lomami,2,FALSE,0.0036,0.0028,0.0045,0.0036,161,160,162,0.0036,0.226,161,0.0056,NA,NA,NA,NA,NA,NA,0.3431,0.0066,143,0.3301,0.3166,0,0.7259,0,Bayes-M10-med
Mweneditu,Lomami,2,FALSE,0.0036,0.0028,0.0045,0.0036,162,160,163,0.0036,0.2257,162,0.0056,NA,NA,NA,NA,NA,NA,0.2799,0.0054,168,0.166,0.3842,0,0.5695,0,Bayes-M10-med
Bumba,Mongala,2,FALSE,0.0036,0.0028,0.0046,0.0036,160,158,164,0.0036,0.2285,160,0.0056,NA,NA,NA,NA,NA,NA,0.2384,0.0047,184,0.1409,0.4537,0,0.3591,0,Bayes-M10-med
Opala,Tshopo,2,FALSE,0.0035,0.0027,0.0044,0.0034,164,159,165,0.0035,0.2174,164,0.0054,NA,NA,NA,NA,NA,NA,0.4269,0.0079,132,0.7819,0.0792,0,0.8465,0,Bayes-M10-med
Lubao,Lomami,2,FALSE,0.0033,0.0026,0.0041,0.0033,165,165,166,0.0033,0.2069,165,0.0051,NA,NA,NA,NA,NA,NA,0.3982,0.007,138,0.6486,0.1525,0,0.7915,0,Bayes-M10-med
Kabeya Kamwanga,Kasaï-Oriental,2,FALSE,0.0032,0.0025,0.004,0.0031,166,166,167,0.0032,0.1993,166,0.0049,NA,NA,NA,NA,NA,NA,0.2968,0.0051,178,0.3224,0.3919,0,0.473,0,Bayes-M10-med
Tandala,Sud-Ubangi,2,FALSE,0.0032,0.0024,0.004,0.0031,167,163,171,0.0032,0.1978,167,0.0049,NA,NA,NA,NA,NA,NA,0.4078,0.0069,141,0.2741,0.527,0,0.8301,0,Bayes-M10-med
Diulu,Kasaï-Oriental,2,FALSE,0.0031,0.0024,0.0038,0.003,168,167,168,0.0031,0.1915,168,0.0047,NA,NA,NA,NA,NA,NA,0.2611,0.0043,197,0.0676,0.6448,0,0.332,0,Bayes-M10-med
Kamina,Haut-Lomami,2,FALSE,0.003,0.0024,0.0038,0.003,169,168,169,0.003,0.1908,169,0.0047,NA,NA,NA,NA,NA,NA,0.5164,0.0084,127,0.8301,0.8301,0,0.4054,0,Bayes-M10-med
Kitenge,Haut-Lomami,2,FALSE,0.0029,0.0023,0.0037,0.0029,171,169,171,0.0029,0.1842,171,0.0045,NA,NA,NA,NA,NA,NA,0.5729,0.009,122,0.8668,0.8069,0,0.6178,0,Bayes-M10-med
Lukelenge,Kasaï-Oriental,2,FALSE,0.0029,0.0023,0.0037,0.0029,170,170,171,0.0029,0.1844,170,0.0045,NA,NA,NA,NA,NA,NA,0.2249,0.0035,228,0.0811,0.5,0,0.3185,0,Bayes-M10-med
Kabambare,Maniema,2,FALSE,0.0029,0.0022,0.0036,0.0029,172,172,172,0.0029,0.1814,172,0.0045,NA,NA,NA,NA,NA,NA,0.3953,0.0061,151,0.8359,0.112,0,0.6332,0,Bayes-M10-med
Malemba Nkulu,Haut-Lomami,2,FALSE,0.0028,0.0022,0.0035,0.0027,174,173,175,0.0028,0.1739,174,0.0043,NA,NA,NA,NA,NA,NA,0.3895,0.0058,160,0.36870000000000003,0.7664,0,0.4228,0,Bayes-M10-med
Kaniama,Haut-Lomami,2,FALSE,0.0028,0.0021,0.0035,0.0027,175,175,176,0.0028,0.173,175,0.0043,NA,NA,NA,NA,NA,NA,0.582,0.0086,126,0.8533,0.6622,0,0.8127,0,Bayes-M10-med
Ngandajika,Lomami,2,FALSE,0.0028,0.0022,0.0035,0.0027,173,173,174,0.0028,0.1741,173,0.0043,NA,NA,NA,NA,NA,NA,0.3465,0.0052,176,0.2124,0.4459,0,0.7278,0,Bayes-M10-med
Citenge,Kasaï-Oriental,2,FALSE,0.0027,0.0021,0.0034,0.0027,176,175,177,0.0028,0.1724,176,0.0042,NA,NA,NA,NA,NA,NA,0.2321,0.0034,237,0.1583,0.4749,0,0.2954,0,Bayes-M10-med
Tshofa,Lomami,2,FALSE,0.0027,0.0021,0.0034,0.0027,178,177,178,0.0027,0.1692,178,0.0042,NA,NA,NA,NA,NA,NA,0.4416,0.0064,144,0.6757,0.3514,0,0.7394,0,Bayes-M10-med
Lingomo,Tshuapa,2,FALSE,0.0027,0.0021,0.0034,0.0027,177,173,184,0.0027,0.1697,177,0.0042,NA,NA,NA,NA,NA,NA,0.5627,0.0082,129,0.8263,0.5869,0,0.8378,0,Bayes-M10-med
Demba,Kasaï-Central,2,FALSE,0.0026,0.0021,0.0033,0.0026,179,178,179,0.0026,0.1659,179,0.0041,NA,NA,NA,NA,NA,NA,0.4117,0.0058,159,0.4653,0.7143,0,0.4672,0,Bayes-M10-med
Mikalayi,Kasaï-Central,2,FALSE,0.0026,0.002,0.0032,0.0026,182,181,182,0.0026,0.162,182,0.004,NA,NA,NA,NA,NA,NA,0.3948,0.0055,165,0.4517,0.5811,0,0.5463,0,Bayes-M10-med
Bibanga,Kasaï-Oriental,2,FALSE,0.0026,0.002,0.0032,0.0025,183,182,183,0.0026,0.1606,183,0.004,NA,NA,NA,NA,NA,NA,0.2978,0.0041,207,0.3127,0.4884,0,0.39,0,Bayes-M10-med
Cilundu,Kasaï-Oriental,2,FALSE,0.0026,0.0021,0.0033,0.0026,180,179,181,0.0026,0.1655,180,0.0041,NA,NA,NA,NA,NA,NA,0.221,0.0031,249,0.2317,0.3089,0,0.3436,0,Bayes-M10-med
Idiofa,Kwilu,2,FALSE,0.0026,0.002,0.0033,0.0026,181,180,181,0.0026,0.1653,181,0.0041,NA,NA,NA,NA,NA,NA,0.486,0.0069,142,0.4537,0.749,0,0.7413,0,Bayes-M10-med
Kibombo,Maniema,2,FALSE,0.0026,0.002,0.0032,0.0025,184,183,185,0.0026,0.1601,184,0.0039,NA,NA,NA,NA,NA,NA,0.4614,0.0063,147,0.7452,0.1776,0,0.9228,0,Bayes-M10-med
Kamwesha,Kasaï,2,FALSE,0.0025,0.0019,0.0031,0.0025,187,187,188,0.0025,0.1563,187,0.0039,NA,NA,NA,NA,NA,NA,0.2732,0.0036,222,0.3456,0.2876,0,0.4595,0,Bayes-M10-med
Tshikapa,Kasaï,2,FALSE,0.0025,0.0019,0.0031,0.0024,188,188,190,0.0025,0.1544,188,0.0038,NA,NA,NA,NA,NA,NA,0.3156,0.0042,204,0.2722,0.6506,0,0.3398,0,Bayes-M10-med
Ludimbi Lukula,Lomami,2,FALSE,0.0025,0.002,0.0031,0.0025,185,185,186,0.0025,0.1575,185,0.0039,NA,NA,NA,NA,NA,NA,0.4513,0.0061,152,0.6931,0.3475,0,0.7645,0,Bayes-M10-med
Kansimba,Tanganyika,2,FALSE,0.0025,0.0019,0.0031,0.0025,186,186,187,0.0025,0.1569,186,0.0039,NA,NA,NA,NA,NA,NA,0.5497,0.0074,136,0.9479,0.7741,0,0.4768,0,Bayes-M10-med
Likati,Bas-Uele,2,FALSE,0.0024,0.0019,0.003,0.0024,191,185,202,0.0024,0.1505,190,0.0037,NA,NA,NA,NA,NA,NA,0.7124,0.0092,121,0.9942,0.971,0,0.8842,0,Bayes-M10-med
Lubilanji,Kasaï-Oriental,2,FALSE,0.0024,0.0019,0.003,0.0024,191,190,194,0.0024,0.1502,191,0.0037,NA,NA,NA,NA,NA,NA,0.1694,0.0022,293,0.0347,0.3398,0,0.3031,0,Bayes-M10-med
Kanda Kanda,Lomami,2,FALSE,0.0024,0.0019,0.003,0.0024,189,189,192,0.0024,0.1528,189,0.0038,NA,NA,NA,NA,NA,NA,0.3012,0.0039,211,0.3185,0.1737,0,0.7124,0,Bayes-M10-med
Boende,Tshuapa,2,FALSE,0.0024,0.0019,0.003,0.0024,193,191,193,0.0024,0.15,193,0.0037,NA,NA,NA,NA,NA,NA,0.4199,0.0054,170,0.6988,0.4807,0,0.5,0,Bayes-M10-med
Ikela,Tshuapa,2,FALSE,0.0024,0.0018,0.003,0.0024,192,186,197,0.0024,0.15,192,0.0037,NA,NA,NA,NA,NA,NA,0.4633,0.0059,155,0.8147,0.1795,0,0.8591,0,Bayes-M10-med
Bili (Bas-Uele),Bas-Uele,2,FALSE,0.0023,0.0018,0.0029,0.0023,194,188,204,0.0023,0.1472,194,0.0036,NA,NA,NA,NA,NA,NA,0.6926,0.0087,125,0.9981,0.7992,0,0.973,0,Bayes-M10-med
Dibindi,Kasaï-Oriental,2,FALSE,0.0023,0.0018,0.0028,0.0023,197,195,198,0.0023,0.1428,198,0.0035,NA,NA,NA,NA,NA,NA,0.1617,0.002,312,0.0386,0.2954,0,0.3127,0,Bayes-M10-med
Muya,Kasaï-Oriental,2,FALSE,0.0023,0.0017,0.0028,0.0022,200,198,200,0.0023,0.1412,200,0.0035,NA,NA,NA,NA,NA,NA,0.2495,0.003,253,0.0753,0.5888,0,0.334,0,Bayes-M10-med
Kamana,Lomami,2,FALSE,0.0023,0.0018,0.0028,0.0022,199,195,199,0.0023,0.1423,199,0.0035,NA,NA,NA,NA,NA,NA,0.2944,0.0036,224,0.5309,0.0174,0,0.6293,0,Bayes-M10-med
Obokote,Maniema,2,FALSE,0.0023,0.0018,0.0029,0.0023,195,193,200,0.0023,0.1452,195,0.0036,NA,NA,NA,NA,NA,NA,0.3209,0.004,210,0.7239,0.0328,0,0.527,0,Bayes-M10-med
Itombwe,Sud-Kivu,2,FALSE,0.0023,0.0018,0.0029,0.0023,196,193,197,0.0023,0.1444,196,0.0036,NA,NA,NA,NA,NA,NA,0.5121,0.0063,146,0.8571,0.6737,0,0.5174,0,Bayes-M10-med
Yalimbongo,Tshopo,2,FALSE,0.0023,0.0018,0.0029,0.0023,198,195,209,0.0023,0.1428,197,0.0035,NA,NA,NA,NA,NA,NA,0.3214,0.0039,212,0.5772,0.0483,0,0.6602,0,Bayes-M10-med
Luebo,Kasaï,2,FALSE,0.0022,0.0017,0.0028,0.0022,201,199,202,0.0022,0.1408,201,0.0035,NA,NA,NA,NA,NA,NA,0.4353,0.0052,173,0.5232,0.5116,0,0.7066,0,Bayes-M10-med
Bipemba,Kasaï-Oriental,2,FALSE,0.0022,0.0017,0.0027,0.0022,205,205,206,0.0022,0.1368,205,0.0034,NA,NA,NA,NA,NA,NA,0.1544,0.0018,324,0.0618,0.2201,0,0.3359,0,Bayes-M10-med
Kansele,Kasaï-Oriental,2,FALSE,0.0022,0.0017,0.0027,0.0021,209,204,209,0.0022,0.1357,209,0.0033,NA,NA,NA,NA,NA,NA,0.2437,0.0028,262,0.0541,0.5965,0,0.3243,0,Bayes-M10-med
Miabi,Kasaï-Oriental,2,FALSE,0.0022,0.0017,0.0027,0.0021,207,206,208,0.0022,0.1362,206,0.0034,NA,NA,NA,NA,NA,NA,0.2838,0.0033,240,0.2297,0.6525,0,0.2529,0,Bayes-M10-med
Kalenda,Lomami,2,FALSE,0.0022,0.0017,0.0028,0.0022,202,202,203,0.0022,0.1392,202,0.0034,NA,NA,NA,NA,NA,NA,0.2886,0.0034,236,0.388,0.1873,0,0.5792,0,Bayes-M10-med
Yamongili,Mongala,2,FALSE,0.0022,0.0017,0.0028,0.0022,203,201,210,0.0022,0.1382,203,0.0034,NA,NA,NA,NA,NA,NA,0.3243,0.0038,214,0.5116,0.3668,0,0.4189,0,Bayes-M10-med
Karawa,Nord-Ubangi,2,FALSE,0.0022,0.0017,0.0027,0.0021,208,200,211,0.0022,0.1358,208,0.0033,NA,NA,NA,NA,NA,NA,0.6404,0.0074,135,0.7568,0.973,0,0.832,0,Bayes-M10-med
Katako Kombe,Sankuru,2,FALSE,0.0022,0.0017,0.0027,0.0022,204,204,206,0.0022,0.1372,204,0.0034,NA,NA,NA,NA,NA,NA,0.4703,0.0055,163,0.7857,0.1313,0,0.9643,0,Bayes-M10-med
Bwamanda,Sud-Ubangi,2,FALSE,0.0022,0.0017,0.0027,0.0021,206,194,216,0.0022,0.1361,207,0.0034,NA,NA,NA,NA,NA,NA,0.4667,0.0054,167,0.4189,0.7394,0,0.7085,0,Bayes-M10-med
Mweka,Kasaï,2,FALSE,0.0021,0.0016,0.0026,0.0021,212,210,215,0.0021,0.1319,212,0.0033,NA,NA,NA,NA,NA,NA,0.5053,0.0057,161,0.4788,0.7239,0,0.8185,0,Bayes-M10-med
Bena Leka,Kasaï-Central,2,FALSE,0.0021,0.0016,0.0026,0.002,217,217,218,0.0021,0.1291,217,0.0032,NA,NA,NA,NA,NA,NA,0.4986,0.0055,164,0.6062,0.7162,0,0.6718,0,Bayes-M10-med
Luiza,Kasaï-Central,2,FALSE,0.0021,0.0016,0.0026,0.0021,213,212,214,0.0021,0.1317,213,0.0032,NA,NA,NA,NA,NA,NA,0.4218,0.0047,183,0.4807,0.6293,0,0.5772,0,Bayes-M10-med
Mpokolo,Kasaï-Oriental,2,FALSE,0.0021,0.0016,0.0027,0.0021,211,209,212,0.0021,0.1331,211,0.0033,NA,NA,NA,NA,NA,NA,0.2901,0.0033,241,0.1255,0.6873,0,0.3475,0,Bayes-M10-med
Tshishimbi,Kasaï-Oriental,2,FALSE,0.0021,0.0017,0.0027,0.0021,210,208,211,0.0021,0.1337,210,0.0033,NA,NA,NA,NA,NA,NA,0.1742,0.002,310,0.1795,0.2471,0,0.2703,0,Bayes-M10-med
Kalambayi Kabanga,Lomami,2,FALSE,0.0021,0.0016,0.0026,0.0021,214,213,215,0.0021,0.1315,214,0.0032,NA,NA,NA,NA,NA,NA,0.3132,0.0035,230,0.4556,0.1602,0,0.6371,0,Bayes-M10-med
Alunguli,Maniema,2,FALSE,0.0021,0.0016,0.0026,0.0021,216,213,217,0.0021,0.1302,216,0.0032,NA,NA,NA,NA,NA,NA,0.3132,0.0035,232,0.1737,0.195,0,0.8842,0,Bayes-M10-med
Vanga Kete,Sankuru,2,FALSE,0.0021,0.0016,0.0026,0.0021,215,215,216,0.0021,0.1306,215,0.0032,NA,NA,NA,NA,NA,NA,0.4503,0.005,179,0.4672,0.4112,0,0.9228,0,Bayes-M10-med
Masuika,Kasaï-Central,2,FALSE,0.002,0.0016,0.0026,0.002,220,219,221,0.002,0.1279,220,0.0032,NA,NA,NA,NA,NA,NA,0.3885,0.0042,198,0.3263,0.5618,0,0.666,0,Bayes-M10-med
Ferekeni,Maniema,2,FALSE,0.002,0.0015,0.0025,0.002,224,222,226,0.002,0.1239,224,0.0031,NA,NA,NA,NA,NA,NA,0.3504,0.0037,219,0.7722,0.0425,0,0.5869,0,Bayes-M10-med
Tshumbe,Sankuru,2,FALSE,0.002,0.0016,0.0025,0.002,222,220,224,0.002,0.1256,222,0.0031,NA,NA,NA,NA,NA,NA,0.3907,0.0042,201,0.5444,0.1718,0,0.8465,0,Bayes-M10-med
Bogosenubea,Sud-Ubangi,2,FALSE,0.002,0.0016,0.0026,0.002,218,202,226,0.002,0.1283,219,0.0032,NA,NA,NA,NA,NA,NA,0.4107,0.0045,187,0.4981,0.3031,0,0.8417,0,Bayes-M10-med
Lowa,Tshopo,2,FALSE,0.002,0.0015,0.0025,0.002,223,221,223,0.002,0.1251,223,0.0031,NA,NA,NA,NA,NA,NA,0.4073,0.0044,193,0.8938,0.0598,0,0.6757,0,Bayes-M10-med
Mondombe,Tshuapa,2,FALSE,0.002,0.0016,0.0025,0.002,221,217,224,0.002,0.1259,221,0.0031,NA,NA,NA,NA,NA,NA,0.4797,0.0052,174,0.6622,0.3726,0,0.8842,0,Bayes-M10-med
Kiambi,Tanganyika,2,FALSE,0.002,0.0016,0.0026,0.002,219,218,219,0.002,0.1283,218,0.0032,NA,NA,NA,NA,NA,NA,0.5709,0.0063,149,0.9807,0.6834,0,0.6197,0,Bayes-M10-med
Bukama,Haut-Lomami,2,FALSE,0.0019,0.0015,0.0024,0.0019,226,224,226,0.0019,0.1217,226,0.003,NA,NA,NA,NA,NA,NA,0.4764,0.005,181,0.7143,0.7625,0,0.4286,0,Bayes-M10-med
Mulongo,Haut-Lomami,2,FALSE,0.0019,0.0015,0.0024,0.0019,225,222,225,0.0019,0.1221,225,0.003,NA,NA,NA,NA,NA,NA,0.4773,0.005,180,0.7471,0.7703,0,0.3919,0,Bayes-M10-med
Lusanga,Kwilu,2,FALSE,0.0019,0.0015,0.0024,0.0019,227,227,227,0.0019,0.1196,227,0.0029,NA,NA,NA,NA,NA,NA,0.4242,0.0043,194,0.4382,0.7297,0,0.529,0,Bayes-M10-med
Fungurume,Lualaba,2,FALSE,0.0019,0.0015,0.0024,0.0019,229,229,230,0.0019,0.1181,229,0.0029,NA,NA,NA,NA,NA,NA,0.1564,0.0016,339,0.2664,0.1622,0,0.1969,0,Bayes-M10-med
Omendjadi,Sankuru,2,FALSE,0.0019,0.0015,0.0024,0.0019,228,228,228,0.0019,0.119,228,0.0029,NA,NA,NA,NA,NA,NA,0.4262,0.0043,195,0.5502,0.2317,0,0.9228,0,Bayes-M10-med
Dikungu,Sankuru,2,FALSE,0.0019,0.0015,0.0023,0.0019,231,231,232,0.0019,0.1177,231,0.0029,NA,NA,NA,NA,NA,NA,0.3779,0.0038,215,0.4865,0.1409,0,0.8842,0,Bayes-M10-med
Minga,Sankuru,2,FALSE,0.0019,0.0015,0.0024,0.0019,230,230,231,0.0019,0.1179,230,0.0029,NA,NA,NA,NA,NA,NA,0.5347,0.0054,169,0.7838,0.471,0,0.8842,0,Bayes-M10-med
Dibaya,Kasaï-Central,2,FALSE,0.0018,0.0014,0.0022,0.0018,234,234,236,0.0018,0.112,234,0.0028,NA,NA,NA,NA,NA,NA,0.3325,0.0032,247,0.3147,0.4479,0,0.5676,0,Bayes-M10-med
Tshikaji,Kasaï-Central,2,FALSE,0.0018,0.0014,0.0023,0.0018,233,233,234,0.0018,0.1128,233,0.0028,NA,NA,NA,NA,NA,NA,0.3195,0.0031,251,0.1873,0.5849,0,0.5058,0,Bayes-M10-med
Mukumbi,Kasaï-Oriental,2,FALSE,0.0018,0.0014,0.0022,0.0018,235,235,236,0.0018,0.1118,235,0.0028,NA,NA,NA,NA,NA,NA,0.2249,0.0021,296,0.2413,0.1892,0,0.4691,0,Bayes-M10-med
Basali,Tshopo,2,FALSE,0.0018,0.0013,0.0023,0.0017,236,229,246,0.0018,0.1106,236,0.0027,NA,NA,NA,NA,NA,NA,0.3779,0.0036,226,0.834,0.0251,0,0.6525,0,Bayes-M10-med
Ankoro,Tanganyika,2,FALSE,0.0018,0.0014,0.0023,0.0018,232,232,233,0.0018,0.1147,232,0.0028,NA,NA,NA,NA,NA,NA,0.6047,0.0059,158,0.9266,0.8282,0,0.6641,0,Bayes-M10-med
Kalonda Ouest,Kasaï,2,FALSE,0.0017,0.0013,0.0021,0.0017,241,239,241,0.0017,0.1072,241,0.0026,NA,NA,NA,NA,NA,NA,0.2239,0.0021,302,0.2915,0.251,0,0.3533,0,Bayes-M10-med
Ndekesha,Kasaï-Central,2,FALSE,0.0017,0.0013,0.0021,0.0016,246,243,247,0.0017,0.1045,246,0.0026,NA,NA,NA,NA,NA,NA,0.4059,0.0036,223,0.4768,0.4498,0,0.6969,0,Bayes-M10-med
Vanga,Kwilu,2,FALSE,0.0017,0.0013,0.0021,0.0017,243,241,243,0.0017,0.1068,243,0.0026,NA,NA,NA,NA,NA,NA,0.5034,0.0046,185,0.3726,0.8205,0,0.8205,0,Bayes-M10-med
Bulungu,Kwilu,2,FALSE,0.0017,0.0013,0.0022,0.0017,237,236,238,0.0017,0.1089,237,0.0027,NA,NA,NA,NA,NA,NA,0.4508,0.0042,202,0.3571,0.6795,0,0.7664,0,Bayes-M10-med
Mukedi,Kwilu,2,FALSE,0.0017,0.0013,0.0022,0.0017,239,238,240,0.0017,0.1083,239,0.0027,NA,NA,NA,NA,NA,NA,0.4836,0.0045,188,0.5367,0.7066,0,0.6911,0,Bayes-M10-med
Kalonda Est,Lomami,2,FALSE,0.0017,0.0013,0.0021,0.0017,244,244,245,0.0017,0.105,244,0.0026,NA,NA,NA,NA,NA,NA,0.3292,0.003,256,0.5425,0.1506,0,0.6236,0,Bayes-M10-med
Dilala,Lualaba,2,FALSE,0.0017,0.0013,0.0021,0.0017,242,240,243,0.0017,0.107,242,0.0026,NA,NA,NA,NA,NA,NA,0.1347,0.0012,370,0.1506,0.2548,0,0.1332,0,Bayes-M10-med
Pangi,Maniema,2,FALSE,0.0017,0.0013,0.0021,0.0016,245,245,246,0.0017,0.1046,245,0.0026,NA,NA,NA,NA,NA,NA,0.3316,0.003,254,0.6081,0.056,0,0.6622,0,Bayes-M10-med
Ototo,Sankuru,2,FALSE,0.0017,0.0013,0.0022,0.0017,238,237,239,0.0017,0.1086,238,0.0027,NA,NA,NA,NA,NA,NA,0.4561,0.0042,199,0.5386,0.3629,0,0.9228,0,Bayes-M10-med
Bokungu,Tshuapa,2,FALSE,0.0017,0.0013,0.0021,0.0017,240,237,243,0.0017,0.1076,240,0.0027,NA,NA,NA,NA,NA,NA,0.49370000000000003,0.0045,186,0.695,0.3571,0,0.9228,0,Bayes-M10-med
Kabondo Dianda,Haut-Lomami,2,FALSE,0.0016,0.0012,0.002,0.0016,255,255,255,0.0016,0.0988,255,0.0024,NA,NA,NA,NA,NA,NA,0.4107,0.0035,235,0.5888,0.5714,0,0.4826,0,Bayes-M10-med
Mukanga,Haut-Lomami,2,FALSE,0.0016,0.0012,0.002,0.0016,254,253,254,0.0016,0.0992,254,0.0024,NA,NA,NA,NA,NA,NA,0.4739,0.004,209,0.6853,0.6911,0,0.5193,0,Bayes-M10-med
Katende,Kasaï-Central,2,FALSE,0.0016,0.0012,0.002,0.0016,251,250,251,0.0016,0.1004,251,0.0025,NA,NA,NA,NA,NA,NA,0.5154,0.0044,191,0.6525,0.6486,0,0.7606,0,Bayes-M10-med
Lukonga,Kasaï-Central,2,FALSE,0.0016,0.0012,0.002,0.0016,256,256,256,0.0016,0.0984,256,0.0024,NA,NA,NA,NA,NA,NA,0.3282,0.0028,264,0.2239,0.6429,0,0.4459,0,Bayes-M10-med
Luambo,Kasaï-Central,2,FALSE,0.0016,0.0012,0.002,0.0016,252,252,252,0.0016,0.0998,252,0.0025,NA,NA,NA,NA,NA,NA,0.3769,0.0032,245,0.5347,0.5656,0,0.4073,0,Bayes-M10-med
Kenge,Kwango,2,FALSE,0.0016,0.0013,0.002,0.0016,248,248,248,0.0016,0.1012,248,0.0025,NA,NA,NA,NA,NA,NA,0.5574,0.0048,182,0.6139,0.8127,0,0.8031,0,Bayes-M10-med
Gungu,Kwilu,2,FALSE,0.0016,0.0013,0.002,0.0016,249,249,250,0.0016,0.1009,249,0.0025,NA,NA,NA,NA,NA,NA,0.4237,0.0037,221,0.5058,0.6969,0,0.4923,0,Bayes-M10-med
Kikwit Nord,Kwilu,2,FALSE,0.0016,0.0012,0.002,0.0016,250,247,251,0.0016,0.1007,250,0.0025,NA,NA,NA,NA,NA,NA,0.2915,0.0025,276,0.1236,0.5405,0,0.5019,0,Bayes-M10-med
Koshibanda,Kwilu,2,FALSE,0.0016,0.0012,0.002,0.0015,257,257,257,0.0016,0.0982,257,0.0024,NA,NA,NA,NA,NA,NA,0.4913,0.0041,206,0.5193,0.6757,0,0.7703,0,Bayes-M10-med
Wembo Nyama,Sankuru,2,FALSE,0.0016,0.0012,0.002,0.0016,253,253,254,0.0016,0.0993,253,0.0024,NA,NA,NA,NA,NA,NA,0.4097,0.0035,234,0.5019,0.2143,0,0.9228,0,Bayes-M10-med
Yalifafu,Tshuapa,2,FALSE,0.0016,0.0013,0.0021,0.0016,247,244,251,0.0016,0.1028,247,0.0025,NA,NA,NA,NA,NA,NA,0.4797,0.0042,200,0.7664,0.2683,0,0.8842,0,Bayes-M10-med
Kanzala,Kasaï,2,FALSE,0.0015,0.0011,0.0018,0.0015,261,260,262,0.0015,0.0924,260,0.0023,NA,NA,NA,NA,NA,NA,0.2046,0.0016,337,0.168,0.3127,0,0.3378,0,Bayes-M10-med
Makota,Lomami,2,FALSE,0.0015,0.0012,0.0019,0.0015,259,258,261,0.0015,0.0935,259,0.0023,NA,NA,NA,NA,NA,NA,0.2587,0.0021,301,0.1023,0.3764,0,0.556,0,Bayes-M10-med
Tunda,Maniema,2,FALSE,0.0015,0.0012,0.0019,0.0015,258,258,260,0.0015,0.0936,258,0.0023,NA,NA,NA,NA,NA,NA,0.459,0.0037,220,0.8977,0.0541,0,0.8842,0,Bayes-M10-med
Bosondjo,Mongala,2,FALSE,0.0015,0.0011,0.0018,0.0014,262,258,263,0.0015,0.0917,262,0.0023,NA,NA,NA,NA,NA,NA,0.3489,0.0027,266,0.5618,0.1931,0,0.6409,0,Bayes-M10-med
Pimu,Mongala,2,FALSE,0.0015,0.0011,0.0018,0.0015,261,259,261,0.0015,0.0924,261,0.0023,NA,NA,NA,NA,NA,NA,0.4257,0.0034,238,0.583,0.3707,0,0.749,0,Bayes-M10-med
Kampemba,Haut-Katanga,2,FALSE,0.0014,0.0011,0.0017,0.0014,266,265,266,0.0014,0.0875,266,0.0022,NA,NA,NA,NA,NA,NA,0.0531,4e-4,439,0.0598,0.0367,0,0.1158,0,Bayes-M10-med
Ilebo,Kasaï,2,FALSE,0.0014,0.0011,0.0017,0.0013,268,268,269,0.0014,0.0849,268,0.0021,NA,NA,NA,NA,NA,NA,0.3142,0.0023,285,0.2162,0.6139,0,0.4266,0,Bayes-M10-med
Tshibala,Kasaï-Central,2,FALSE,0.0014,0.0011,0.0017,0.0013,267,267,267,0.0014,0.0853,267,0.0021,NA,NA,NA,NA,NA,NA,0.4218,0.0031,252,0.4266,0.5772,0,0.6834,0,Bayes-M10-med
Yangala,Kasaï-Central,2,FALSE,0.0014,0.0011,0.0018,0.0014,265,264,265,0.0014,0.0886,265,0.0022,NA,NA,NA,NA,NA,NA,0.348,0.0026,269,0.5927,0.2259,0,0.5734,0,Bayes-M10-med
Yakoma,Nord-Ubangi,2,FALSE,0.0014,0.0011,0.0018,0.0014,263,262,264,0.0014,0.09,263,0.0022,NA,NA,NA,NA,NA,NA,0.6641,0.0051,177,0.7124,0.9479,0,0.9961,0,Bayes-M10-med
Kungu,Sud-Ubangi,2,FALSE,0.0014,0.0011,0.0018,0.0014,264,258,268,0.0014,0.0896,264,0.0022,NA,NA,NA,NA,NA,NA,0.3711,0.0028,260,0.3745,0.3359,0,0.7741,0,Bayes-M10-med
Monga,Bas-Uele,2,FALSE,0.0013,0.001,0.0017,0.0013,269,266,269,0.0013,0.0841,269,0.0021,NA,NA,NA,NA,NA,NA,0.7336,0.0053,172,0.9826,0.9672,0,0.9846,0,Bayes-M10-med
Kilwa,Haut-Katanga,2,FALSE,0.0013,0.001,0.0016,0.0013,271,270,271,0.0013,0.0817,271,0.002,NA,NA,NA,NA,NA,NA,0.3764,0.0026,270,0.749,0.39,0,0.3668,0,Bayes-M10-med
Pweto,Haut-Katanga,2,FALSE,0.0013,0.001,0.0016,0.0013,273,272,275,0.0013,0.0807,273,0.002,NA,NA,NA,NA,NA,NA,0.3518,0.0024,279,0.7992,0.2587,0,0.3494,0,Bayes-M10-med
Ruashi,Haut-Katanga,2,FALSE,0.0013,0.001,0.0016,0.0012,278,276,281,0.0013,0.0787,278,0.0019,NA,NA,NA,NA,NA,NA,0.0705,5e-4,431,0.0985,0.0637,0,0.1197,0,Bayes-M10-med
Sakania,Haut-Katanga,2,FALSE,0.0013,0.001,0.0016,0.0013,272,272,272,0.0013,0.0812,272,0.002,NA,NA,NA,NA,NA,NA,0.2775,0.0019,318,0.7375,0.2355,0,0.1371,0,Bayes-M10-med
Ipamu,Kwilu,2,FALSE,0.0013,0.001,0.0016,0.0013,274,273,275,0.0013,0.0806,274,0.002,NA,NA,NA,NA,NA,NA,0.5454,0.0038,217,0.4903,0.7683,0,0.9228,0,Bayes-M10-med
Kikwit Sud,Kwilu,2,FALSE,0.0013,0.001,0.0016,0.0013,276,274,279,0.0013,0.0797,276,0.002,NA,NA,NA,NA,NA,NA,0.3282,0.0022,289,0.1313,0.7008,0,0.4807,0,Bayes-M10-med
Gbadolite,Nord-Ubangi,2,FALSE,0.0013,0.001,0.0016,0.0012,279,278,282,0.0013,0.0785,279,0.0019,NA,NA,NA,NA,NA,NA,0.5183,0.0035,233,0.7915,0.9653,0,0.3166,0,Bayes-M10-med
Lomela,Sankuru,2,FALSE,0.0013,0.001,0.0016,0.0013,270,270,272,0.0013,0.0823,270,0.002,NA,NA,NA,NA,NA,NA,0.4759,0.0033,239,0.8456,0.1351,0,0.9228,0,Bayes-M10-med
Lusambo,Sankuru,2,FALSE,0.0013,0.001,0.0016,0.0013,276,275,277,0.0013,0.0797,275,0.002,NA,NA,NA,NA,NA,NA,0.4833,0.0033,243,0.6815,0.2992,0,0.9527,0,Bayes-M10-med
Libenge,Sud-Ubangi,2,FALSE,0.0013,0.001,0.0016,0.0013,277,273,280,0.0013,0.0794,277,0.002,NA,NA,NA,NA,NA,NA,0.3818,0.0026,273,0.6293,0.3591,0,0.5386,0,Bayes-M10-med
Kambove,Haut-Katanga,2,FALSE,0.0012,9e-4,0.0015,0.0012,286,284,286,0.0012,0.0756,286,0.0019,NA,NA,NA,NA,NA,NA,0.306,0.002,311,0.4247,0.6236,0,0.1757,0,Bayes-M10-med
Kapolowe,Haut-Katanga,2,FALSE,0.0012,9e-4,0.0015,0.0012,288,288,288,0.0012,0.0738,288,0.0018,NA,NA,NA,NA,NA,NA,0.3026,0.0019,320,0.5579,0.444,0,0.2085,0,Bayes-M10-med
Kamonia,Kasaï,2,FALSE,0.0012,9e-4,0.0014,0.0011,289,289,291,0.0012,0.0724,289,0.0018,NA,NA,NA,NA,NA,NA,0.14,9e-4,405,0.3707,0.11,0,0.0792,0,Bayes-M10-med
Katoka,Kasaï-Central,2,FALSE,0.0012,0.001,0.0015,0.0012,283,279,284,0.0012,0.0769,283,0.0019,NA,NA,NA,NA,NA,NA,0.2645,0.0017,327,0.1216,0.473,0,0.4633,0,Bayes-M10-med
Tshikula,Kasaï-Central,2,FALSE,0.0012,0.001,0.0015,0.0012,281,280,282,0.0012,0.0774,281,0.0019,NA,NA,NA,NA,NA,NA,0.3296,0.0022,292,0.3919,0.3185,0,0.6081,0,Bayes-M10-med
Yasa Bonga,Kwilu,2,FALSE,0.0012,9e-4,0.0015,0.0012,285,285,286,0.0012,0.0758,285,0.0019,NA,NA,NA,NA,NA,NA,0.4206,0.0027,267,0.3031,0.5328,0,0.8465,0,Bayes-M10-med
Kasaji,Lualaba,2,FALSE,0.0012,9e-4,0.0014,0.0011,290,290,292,0.0012,0.0722,290,0.0018,NA,NA,NA,NA,NA,NA,0.4648,0.0029,258,0.8552,0.4923,0,0.5116,0,Bayes-M10-med
Lualaba,Lualaba,2,FALSE,0.0012,9e-4,0.0015,0.0012,287,287,287,0.0012,0.0741,287,0.0018,NA,NA,NA,NA,NA,NA,0.1404,9e-4,401,0.3552,0.0347,0,0.1718,0,Bayes-M10-med
Boso Manzi,Mongala,2,FALSE,0.0012,0.001,0.0015,0.0012,282,279,286,0.0012,0.0772,282,0.0019,NA,NA,NA,NA,NA,NA,0.3982,0.0026,271,0.5695,0.2278,0,0.7954,0,Bayes-M10-med
Wapinda,Nord-Ubangi,2,FALSE,0.0012,9e-4,0.0015,0.0012,283,278,289,0.0012,0.0765,284,0.0019,NA,NA,NA,NA,NA,NA,0.6791,0.0044,190,0.9015,0.8398,0,0.9749,0,Bayes-M10-med
Mompono,Tshuapa,2,FALSE,0.0012,0.001,0.0016,0.0012,280,275,283,0.0013,0.0784,280,0.0019,NA,NA,NA,NA,NA,NA,0.5598,0.0037,218,0.8089,0.6042,0,0.8263,0,Bayes-M10-med
Basankusu,Equateur,2,FALSE,0.0011,9e-4,0.0014,0.0011,302,301,304,0.0011,0.0692,302,0.0017,NA,NA,NA,NA,NA,NA,0.6844,0.0041,208,0.9517,0.8629,0,0.9228,0,Bayes-M10-med
Bolomba,Equateur,2,FALSE,0.0011,8e-4,0.0014,0.0011,307,305,307,0.0011,0.0678,307,0.0017,NA,NA,NA,NA,NA,NA,0.6163,0.0036,227,0.9575,0.8533,0,0.6544,0,Bayes-M10-med
Kisanga,Haut-Katanga,2,FALSE,0.0011,9e-4,0.0014,0.0011,295,289,297,0.0011,0.0715,295,0.0018,NA,NA,NA,NA,NA,NA,0.1081,7e-4,416,0.1293,0.2008,0,0.1023,0,Bayes-M10-med
Kinkondja,Haut-Lomami,2,FALSE,0.0011,8e-4,0.0014,0.0011,306,304,307,0.0011,0.0679,306,0.0017,NA,NA,NA,NA,NA,NA,0.4889,0.0028,261,0.7278,0.6274,0,0.6004,0,Bayes-M10-med
Kakenge,Kasaï,2,FALSE,0.0011,8e-4,0.0014,0.0011,304,303,306,0.0011,0.0682,304,0.0017,NA,NA,NA,NA,NA,NA,0.4522,0.0026,268,0.5753,0.4788,0,0.7548,0,Bayes-M10-med
Ndjoko Mpunda,Kasaï,2,FALSE,0.0011,9e-4,0.0014,0.0011,293,292,293,0.0011,0.0719,292,0.0018,NA,NA,NA,NA,NA,NA,0.333,0.002,303,0.3977,0.2915,0,0.6429,0,Bayes-M10-med
Muetshi,Kasaï-Central,2,FALSE,0.0011,9e-4,0.0014,0.0011,293,292,294,0.0011,0.0718,293,0.0018,NA,NA,NA,NA,NA,NA,0.4792,0.0029,257,0.6158,0.5386,0,0.7625,0,Bayes-M10-med
Matadi,Kongo-Central,2,FALSE,0.0011,9e-4,0.0014,0.0011,297,294,298,0.0011,0.0709,297,0.0017,NA,NA,NA,NA,NA,NA,0.2939,0.0018,326,0.1564,0.944,0,0.0753,0,Bayes-M10-med
Djuma,Kwilu,2,FALSE,0.0011,9e-4,0.0014,0.0011,298,295,299,0.0011,0.0707,298,0.0017,NA,NA,NA,NA,NA,NA,0.5256,0.0032,248,0.4826,0.7355,0,0.8842,0,Bayes-M10-med
Masi Manimba,Kwilu,2,FALSE,0.0011,9e-4,0.0014,0.0011,303,301,303,0.0011,0.0692,303,0.0017,NA,NA,NA,NA,NA,NA,0.4281,0.0025,274,0.332,0.4961,0,0.8842,0,Bayes-M10-med
Abuzi,Nord-Ubangi,2,FALSE,0.0011,8e-4,0.0014,0.0011,305,303,306,0.0011,0.068,305,0.0017,NA,NA,NA,NA,NA,NA,0.7153,0.0042,205,0.9846,0.9054,0,0.971,0,Bayes-M10-med
Bosobolo,Nord-Ubangi,2,FALSE,0.0011,9e-4,0.0014,0.0011,291,289,296,0.0011,0.072,291,0.0018,NA,NA,NA,NA,NA,NA,0.7148,0.0044,192,0.9363,0.9459,0,0.9768,0,Bayes-M10-med
Mobayi Mbongo,Nord-Ubangi,2,FALSE,0.0011,9e-4,0.0014,0.0011,299,296,300,0.0011,0.0706,299,0.0017,NA,NA,NA,NA,NA,NA,0.5458,0.0033,242,0.9324,0.8166,0,0.4344,0,Bayes-M10-med
Bena Dibele,Sankuru,2,FALSE,0.0011,9e-4,0.0014,0.0011,300,298,300,0.0011,0.0703,300,0.0017,NA,NA,NA,NA,NA,NA,0.4093,0.0025,278,0.6216,0.1564,0,0.8591,0,Bayes-M10-med
Djalo Ndjeka,Sankuru,2,FALSE,0.0011,9e-4,0.0014,0.0011,301,300,302,0.0011,0.0696,301,0.0017,NA,NA,NA,NA,NA,NA,0.3378,0.002,308,0.3591,0.0695,0,0.9228,0,Bayes-M10-med
Kole,Sankuru,2,FALSE,0.0011,8e-4,0.0013,0.0011,308,308,308,0.0011,0.0669,308,0.0017,NA,NA,NA,NA,NA,NA,0.4802,0.0027,265,0.7761,0.2606,0,0.8842,0,Bayes-M10-med
Bangabola,Sud-Ubangi,2,FALSE,0.0011,9e-4,0.0014,0.0011,294,281,307,0.0011,0.0715,294,0.0018,NA,NA,NA,NA,NA,NA,0.3904,0.0024,282,0.3533,0.3494,0,0.8591,0,Bayes-M10-med
Befale,Tshuapa,2,FALSE,0.0011,9e-4,0.0014,0.0011,296,293,298,0.0011,0.071,296,0.0018,NA,NA,NA,NA,NA,NA,0.5145,0.0031,250,0.8822,0.4903,0,0.6853,0,Bayes-M10-med
Bilomba,Kasaï-Central,2,FALSE,0.001,8e-4,0.0013,0.001,311,310,312,0.001,0.0647,311,0.0016,NA,NA,NA,NA,NA,NA,0.4006,0.0022,291,0.3378,0.4421,0,0.8224,0,Bayes-M10-med
Lubunga (Kasaï-Central),Kasaï-Central,2,FALSE,0.001,8e-4,0.0013,0.001,313,312,313,0.001,0.0638,313,0.0016,NA,NA,NA,NA,NA,NA,0.4599,0.0025,275,0.5637,0.4653,0,0.8108,0,Bayes-M10-med
Muanda,Kongo-Central,2,FALSE,0.001,8e-4,0.0012,0.001,317,316,320,0.001,0.0612,317,0.0015,NA,NA,NA,NA,NA,NA,0.4093,0.0021,297,0.6371,1,0,0,0,Bayes-M10-med
Kisantu,Kongo-Central,2,FALSE,0.001,8e-4,0.0013,0.001,314,313,315,0.001,0.0627,314,0.0015,NA,NA,NA,NA,NA,NA,0.418,0.0022,288,0.5039,0.9903,0,0.1776,0,Bayes-M10-med
Mokala,Kwilu,2,FALSE,0.001,7e-4,0.0012,9e-4,319,318,321,0.001,0.0599,319,0.0015,NA,NA,NA,NA,NA,NA,0.5118,0.0026,272,0.4228,0.6718,0,0.9527,0,Bayes-M10-med
Kamiji,Lomami,2,FALSE,0.001,8e-4,0.0012,0.001,315,315,317,0.001,0.0613,315,0.0015,NA,NA,NA,NA,NA,NA,0.2635,0.0014,361,0.3398,0.1293,0,0.5849,0,Bayes-M10-med
Wikong,Lomami,2,FALSE,0.001,8e-4,0.0013,0.001,309,309,310,0.001,0.0652,309,0.0016,NA,NA,NA,NA,NA,NA,0.3663,0.002,304,0.2529,0.4228,0,0.7896,0,Bayes-M10-med
Kapanga,Lualaba,2,FALSE,0.001,8e-4,0.0012,0.001,316,316,319,0.001,0.0612,316,0.0015,NA,NA,NA,NA,NA,NA,0.4112,0.0022,294,0.8514,0.3938,0,0.3996,0,Bayes-M10-med
Bili (Nord-Ubangi),Nord-Ubangi,2,FALSE,0.001,8e-4,0.0013,0.001,310,309,311,0.001,0.0648,310,0.0016,NA,NA,NA,NA,NA,NA,0.7075,0.0039,213,0.9247,0.9189,0,0.9865,0,Bayes-M10-med
Loko,Nord-Ubangi,2,FALSE,0.001,8e-4,0.0013,0.001,312,311,314,0.001,0.0639,312,0.0016,NA,NA,NA,NA,NA,NA,0.6535,0.0036,225,0.9402,0.9266,0,0.7471,0,Bayes-M10-med
Bokonzi,Sud-Ubangi,2,FALSE,0.001,8e-4,0.0012,0.001,318,314,320,0.001,0.0607,318,0.0015,NA,NA,NA,NA,NA,NA,0.236,0.0012,371,0.4305,0.083,0,0.4305,0,Bayes-M10-med
Boto,Sud-Ubangi,2,FALSE,0.001,7e-4,0.0012,9e-4,320,317,322,0.001,0.0596,320,0.0015,NA,NA,NA,NA,NA,NA,0.3596,0.0018,323,0.3282,0.5174,0,0.5927,0,Bayes-M10-med
Likasi,Haut-Katanga,2,FALSE,9e-4,7e-4,0.0012,9e-4,321,319,322,9e-4,0.0589,321,0.0015,NA,NA,NA,NA,NA,NA,0.1728,9e-4,404,0.112,0.4208,0,0.1583,0,Bayes-M10-med
Mufunga Sampwe,Haut-Katanga,2,FALSE,9e-4,7e-4,0.0011,9e-4,328,326,328,9e-4,0.0556,328,0.0014,NA,NA,NA,NA,NA,NA,0.3774,0.0018,325,0.8185,0.0888,0,0.6023,0,Bayes-M10-med
Lwamba,Haut-Lomami,2,FALSE,9e-4,7e-4,0.0011,9e-4,327,325,327,9e-4,0.0557,326,0.0014,NA,NA,NA,NA,NA,NA,0.4865,0.0023,283,0.8069,0.6409,0,0.4981,0,Bayes-M10-med
Songa,Haut-Lomami,2,FALSE,9e-4,7e-4,0.0011,9e-4,329,328,330,9e-4,0.055,329,0.0014,NA,NA,NA,NA,NA,NA,0.473,0.0022,290,0.9344,0.3533,0,0.6042,0,Bayes-M10-med
Mikope,Kasaï,2,FALSE,9e-4,7e-4,0.0011,9e-4,324,323,324,9e-4,0.0575,324,0.0014,NA,NA,NA,NA,NA,NA,0.3996,0.002,314,0.6776,0.2703,0,0.6506,0,Bayes-M10-med
Lubondaie,Kasaï-Central,2,FALSE,9e-4,7e-4,0.0012,9e-4,323,321,323,9e-4,0.0581,323,0.0014,NA,NA,NA,NA,NA,NA,0.3147,0.0016,340,0.3822,0.1583,0,0.7181,0,Bayes-M10-med
Businga,Nord-Ubangi,2,FALSE,9e-4,7e-4,0.0011,9e-4,326,325,330,9e-4,0.0557,327,0.0014,NA,NA,NA,NA,NA,NA,0.6781,0.0032,244,0.9286,0.861,0,0.9228,0,Bayes-M10-med
Wasolo,Nord-Ubangi,2,FALSE,9e-4,7e-4,0.0011,9e-4,325,323,326,9e-4,0.0571,325,0.0014,NA,NA,NA,NA,NA,NA,0.5709,0.0028,263,0.5541,0.7413,0,0.9884,0,Bayes-M10-med
Pania Mutombo,Sankuru,2,FALSE,9e-4,7e-4,0.0011,9e-4,330,329,330,9e-4,0.0549,330,0.0014,NA,NA,NA,NA,NA,NA,0.4117,0.0019,317,0.7413,0.1236,0,0.7819,0,Bayes-M10-med
Bominenge,Sud-Ubangi,2,FALSE,9e-4,7e-4,0.0012,9e-4,322,316,327,9e-4,0.0581,322,0.0014,NA,NA,NA,NA,NA,NA,0.3258,0.0016,336,0.2819,0.0985,0,0.9228,0,Bayes-M10-med
Kasenga,Haut-Katanga,2,FALSE,8e-4,6e-4,0.001,8e-4,337,337,338,8e-4,0.0507,337,0.0013,NA,NA,NA,NA,NA,NA,0.3953,0.0017,330,0.8166,0.6255,0,0.139,0,Bayes-M10-med
Kayamba,Haut-Lomami,2,FALSE,8e-4,6e-4,0.001,8e-4,339,339,341,8e-4,0.0506,339,0.0012,NA,NA,NA,NA,NA,NA,0.4276,0.0018,321,0.7027,0.4189,0,0.5888,0,Bayes-M10-med
Dekese,Kasaï,2,FALSE,8e-4,6e-4,0.001,8e-4,346,346,346,8e-4,0.049,346,0.0012,NA,NA,NA,NA,NA,NA,0.4633,0.0019,315,0.9189,0.2181,0,0.7162,0,Bayes-M10-med
Mushenge,Kasaï,2,FALSE,8e-4,6e-4,0.001,8e-4,341,338,341,8e-4,0.0504,341,0.0012,NA,NA,NA,NA,NA,NA,0.3229,0.0014,358,0.5946,0.0656,0,0.6313,0,Bayes-M10-med
Kitangwa,Kasaï,2,FALSE,8e-4,6e-4,0.001,8e-4,335,335,336,8e-4,0.0516,335,0.0013,NA,NA,NA,NA,NA,NA,0.3287,0.0014,352,0.6332,0.1062,0,0.5753,0,Bayes-M10-med
Mutena,Kasaï,2,FALSE,8e-4,6e-4,0.001,8e-4,350,350,351,8e-4,0.0478,350,0.0012,NA,NA,NA,NA,NA,NA,0.2336,0.001,395,0.334,0.0753,0,0.5251,0,Bayes-M10-med
Bunkonde,Kasaï-Central,2,FALSE,8e-4,6e-4,0.001,8e-4,344,344,344,8e-4,0.0498,344,0.0012,NA,NA,NA,NA,NA,NA,0.3523,0.0015,344,0.4015,0.278,0,0.7297,0,Bayes-M10-med
Mutoto,Kasaï-Central,2,FALSE,8e-4,6e-4,0.001,8e-4,345,345,345,8e-4,0.0493,345,0.0012,NA,NA,NA,NA,NA,NA,0.3441,0.0014,351,0.4575,0.361,0,0.5579,0,Bayes-M10-med
Ndesha,Kasaï-Central,2,FALSE,8e-4,6e-4,0.001,8e-4,349,348,350,8e-4,0.048,349,0.0012,NA,NA,NA,NA,NA,NA,0.2317,0.001,396,0.1448,0.3456,0,0.4363,0,Bayes-M10-med
Boma,Kongo-Central,2,FALSE,8e-4,6e-4,9e-4,7e-4,352,352,354,8e-4,0.0473,352,0.0012,NA,NA,NA,NA,NA,NA,0.2901,0.0012,377,0.1467,0.9247,0,0.0888,0,Bayes-M10-med
Lukula,Kongo-Central,2,FALSE,8e-4,6e-4,0.001,8e-4,342,342,342,8e-4,0.0502,342,0.0012,NA,NA,NA,NA,NA,NA,0.3933,0.0017,333,0.529,0.8745,0,0.1699,0,Bayes-M10-med
Kimpese,Kongo-Central,2,FALSE,8e-4,6e-4,0.001,8e-4,340,339,341,8e-4,0.0505,340,0.0012,NA,NA,NA,NA,NA,NA,0.4947,0.0021,298,0.7896,0.9768,0,0.2124,0,Bayes-M10-med
Boko,Kwango,2,FALSE,8e-4,6e-4,0.001,8e-4,347,347,348,8e-4,0.0485,347,0.0012,NA,NA,NA,NA,NA,NA,0.5121,0.0021,299,0.7336,0.61,0,0.7046,0,Bayes-M10-med
Feshi,Kwango,2,FALSE,8e-4,6e-4,0.001,8e-4,348,348,349,8e-4,0.0481,348,0.0012,NA,NA,NA,NA,NA,NA,0.5082,0.0021,300,0.7317,0.5425,0,0.7587,0,Bayes-M10-med
Bagata,Kwilu,2,FALSE,8e-4,6e-4,0.001,8e-4,334,333,334,8e-4,0.052,334,0.0013,NA,NA,NA,NA,NA,NA,0.5135,0.0023,284,0.6795,0.695,0,0.6795,0,Bayes-M10-med
Bandundu,Kwilu,2,FALSE,8e-4,7e-4,0.0011,8e-4,331,331,331,8e-4,0.0529,331,0.0013,NA,NA,NA,NA,NA,NA,0.3364,0.0015,342,0.3436,0.751,0,0.251,0,Bayes-M10-med
Kimputu,Kwilu,2,FALSE,8e-4,6e-4,0.001,8e-4,343,343,343,8e-4,0.0499,343,0.0012,NA,NA,NA,NA,NA,NA,0.5039,0.0022,295,0.4923,0.639,0,0.8842,0,Bayes-M10-med
Mosango,Kwilu,2,FALSE,8e-4,6e-4,0.001,8e-4,336,335,336,8e-4,0.0515,336,0.0013,NA,NA,NA,NA,NA,NA,0.515,0.0023,286,0.5463,0.7375,0,0.7761,0,Bayes-M10-med
Pay Kongila,Kwilu,2,FALSE,8e-4,7e-4,0.0011,8e-4,332,332,333,8e-4,0.0527,332,0.0013,NA,NA,NA,NA,NA,NA,0.4488,0.002,307,0.5135,0.6467,0,0.6351,0,Bayes-M10-med
Dilolo,Lualaba,2,FALSE,8e-4,6e-4,9e-4,7e-4,353,353,355,8e-4,0.0473,353,0.0012,NA,NA,NA,NA,NA,NA,0.3663,0.0015,346,0.8398,0.6197,0,0.0058,0,Bayes-M10-med
Kalamba,Lualaba,2,FALSE,8e-4,6e-4,9e-4,7e-4,351,351,352,8e-4,0.0475,351,0.0012,NA,NA,NA,NA,NA,NA,0.4542,0.0018,322,0.8803,0.2375,0,0.6988,0,Bayes-M10-med
Sandoa,Lualaba,2,FALSE,8e-4,6e-4,0.001,8e-4,338,337,340,8e-4,0.0507,338,0.0013,NA,NA,NA,NA,NA,NA,0.5536,0.0024,280,0.9421,0.6815,0,0.5907,0,Bayes-M10-med
Kanzenze,Lualaba,2,FALSE,8e-4,6e-4,0.001,8e-4,333,332,334,8e-4,0.0523,333,0.0013,NA,NA,NA,NA,NA,NA,0.2389,0.0011,387,0.6255,0.1429,0,0.1873,0,Bayes-M10-med
Ingende,Equateur,2,FALSE,7e-4,6e-4,9e-4,7e-4,356,354,356,7e-4,0.0469,356,0.0012,NA,NA,NA,NA,NA,NA,0.596,0.0024,281,0.9208,0.8571,0,0.6062,0,Bayes-M10-med
Mitwaba,Haut-Katanga,2,FALSE,7e-4,5e-4,8e-4,6e-4,365,365,366,7e-4,0.0411,365,0.001,NA,NA,NA,NA,NA,NA,0.3528,0.0012,368,0.8012,0.0618,0,0.5483,0,Bayes-M10-med
Boko Kivulu,Kongo-Central,2,FALSE,7e-4,6e-4,9e-4,7e-4,357,354,358,7e-4,0.0467,357,0.0012,NA,NA,NA,NA,NA,NA,0.4281,0.0017,332,0.5792,0.9324,0,0.2008,0,Bayes-M10-med
Kwilu Ngongo,Kongo-Central,2,FALSE,7e-4,5e-4,8e-4,7e-4,364,364,364,7e-4,0.0419,364,0.001,NA,NA,NA,NA,NA,NA,0.3875,0.0014,359,0.4884,0.8668,0,0.195,0,Bayes-M10-med
Mbanza Ngungu,Kongo-Central,2,FALSE,7e-4,6e-4,9e-4,7e-4,361,358,361,7e-4,0.0456,361,0.0011,NA,NA,NA,NA,NA,NA,0.3711,0.0014,353,0.3205,0.9749,0,0.1892,0,Bayes-M10-med
Kahemba,Kwango,2,FALSE,7e-4,5e-4,9e-4,7e-4,363,362,363,7e-4,0.0428,363,0.0011,NA,NA,NA,NA,NA,NA,0.5367,0.002,313,0.8958,0.7278,0,0.5232,0,Bayes-M10-med
Panzi,Kwango,2,FALSE,7e-4,5e-4,9e-4,7e-4,362,362,363,7e-4,0.0429,362,0.0011,NA,NA,NA,NA,NA,NA,0.5236,0.0019,319,0.7548,0.583,0,0.7568,0,Bayes-M10-med
Kikongo,Kwilu,2,FALSE,7e-4,6e-4,9e-4,7e-4,358,356,359,7e-4,0.0466,358,0.0011,NA,NA,NA,NA,NA,NA,0.5024,0.002,309,0.6969,0.6023,0,0.7104,0,Bayes-M10-med
Mungindu,Kwilu,2,FALSE,7e-4,6e-4,9e-4,7e-4,360,360,361,7e-4,0.0458,360,0.0011,NA,NA,NA,NA,NA,NA,0.3818,0.0015,345,0.4691,0.5367,0,0.5212,0,Bayes-M10-med
Boso Mondanda,Mongala,2,FALSE,7e-4,6e-4,9e-4,7e-4,359,357,359,7e-4,0.0464,359,0.0011,NA,NA,NA,NA,NA,NA,0.3716,0.0015,347,0.5869,0.1486,0,0.751,0,Bayes-M10-med
Mawuya,Sud-Ubangi,2,FALSE,7e-4,6e-4,9e-4,7e-4,355,347,361,7e-4,0.0469,355,0.0012,NA,NA,NA,NA,NA,NA,0.2654,0.0011,389,0.444,0.2394,0,0.3784,0,Bayes-M10-med
Monkoto,Tshuapa,2,FALSE,7e-4,6e-4,9e-4,7e-4,355,352,357,7e-4,0.0469,354,0.0012,NA,NA,NA,NA,NA,NA,0.5598,0.0022,287,0.9498,0.4054,0,0.8842,0,Bayes-M10-med
Kikula,Haut-Katanga,2,FALSE,6e-4,5e-4,8e-4,6e-4,372,371,372,6e-4,0.0383,372,9e-4,NA,NA,NA,NA,NA,NA,0.0951,3e-4,445,0.1062,0.1139,0,0.1602,0,Bayes-M10-med
Panda,Haut-Katanga,2,FALSE,6e-4,4e-4,7e-4,5e-4,381,380,381,6e-4,0.0346,381,9e-4,NA,NA,NA,NA,NA,NA,0.2027,6e-4,419,0.1622,0.4826,0,0.166,0,Bayes-M10-med
Kafubu,Haut-Katanga,2,FALSE,6e-4,5e-4,7e-4,6e-4,377,377,377,6e-4,0.0363,377,9e-4,NA,NA,NA,NA,NA,NA,0.2104,7e-4,417,0.6042,0.0869,0,0.1506,0,Bayes-M10-med
Bulape,Kasaï,2,FALSE,6e-4,5e-4,8e-4,6e-4,369,368,369,6e-4,0.0393,369,0.001,NA,NA,NA,NA,NA,NA,0.4315,0.0015,350,0.7066,0.1853,0,0.834,0,Bayes-M10-med
Nyanga,Kasaï,2,FALSE,6e-4,5e-4,8e-4,6e-4,367,366,368,6e-4,0.0397,367,0.001,NA,NA,NA,NA,NA,NA,0.348,0.0012,375,0.4402,0.3803,0,0.5714,0,Bayes-M10-med
Bena Tshadi,Kasaï-Central,2,FALSE,6e-4,5e-4,8e-4,6e-4,374,374,375,6e-4,0.0375,374,9e-4,NA,NA,NA,NA,NA,NA,0.472,0.0015,343,0.6699,0.3784,0,0.8398,0,Bayes-M10-med
Kalomba,Kasaï-Central,2,FALSE,6e-4,5e-4,8e-4,6e-4,375,374,375,6e-4,0.0375,375,9e-4,NA,NA,NA,NA,NA,NA,0.2944,9e-4,397,0.3166,0.1467,0,0.7143,0,Bayes-M10-med
Seke Banza,Kongo-Central,2,FALSE,6e-4,5e-4,8e-4,6e-4,373,373,373,6e-4,0.0378,373,9e-4,NA,NA,NA,NA,NA,NA,0.4513,0.0015,349,0.6351,0.9498,0,0.2201,0,Bayes-M10-med
Kimbao,Kwango,2,FALSE,6e-4,5e-4,8e-4,6e-4,368,367,368,6e-4,0.0395,368,0.001,NA,NA,NA,NA,NA,NA,0.5743,0.0019,316,0.7201,0.7181,0,0.8591,0,Bayes-M10-med
Popokabaka,Kwango,2,FALSE,6e-4,5e-4,7e-4,6e-4,376,376,376,6e-4,0.0369,376,9e-4,NA,NA,NA,NA,NA,NA,0.5507,0.0017,328,0.7703,0.7876,0,0.6448,0,Bayes-M10-med
Sia,Kwilu,2,FALSE,6e-4,4e-4,7e-4,6e-4,379,379,379,6e-4,0.0354,379,9e-4,NA,NA,NA,NA,NA,NA,0.3986,0.0012,373,0.4151,0.3822,0,0.7973,0,Bayes-M10-med
Kafakumba,Lualaba,2,FALSE,6e-4,4e-4,7e-4,6e-4,378,378,378,6e-4,0.036,378,9e-4,NA,NA,NA,NA,NA,NA,0.4648,0.0014,356,0.8687,0.2027,0,0.7876,0,Bayes-M10-med
Lubudi,Lualaba,2,FALSE,6e-4,4e-4,7e-4,5e-4,380,380,381,6e-4,0.0347,380,9e-4,NA,NA,NA,NA,NA,NA,0.4667,0.0014,360,0.9151,0.4614,0,0.4903,0,Bayes-M10-med
Inongo,Mai-Ndombe,2,FALSE,6e-4,5e-4,8e-4,6e-4,370,370,371,6e-4,0.0388,370,0.001,NA,NA,NA,NA,NA,NA,0.4952,0.0016,334,0.7645,0.2934,0,0.9228,0,Bayes-M10-med
Bongandanga,Mongala,2,FALSE,6e-4,5e-4,8e-4,6e-4,366,365,369,6e-4,0.04,366,0.001,NA,NA,NA,NA,NA,NA,0.4228,0.0014,354,0.7587,0.0097,0,0.9228,0,Bayes-M10-med
Busanga,Tshuapa,2,FALSE,6e-4,5e-4,8e-4,6e-4,371,371,372,6e-4,0.0387,371,0.001,NA,NA,NA,NA,NA,NA,0.4452,0.0015,348,0.6602,0.168,0,0.9527,0,Bayes-M10-med
Bikoro,Equateur,2,FALSE,5e-4,4e-4,6e-4,5e-4,389,387,389,5e-4,0.0319,389,8e-4,NA,NA,NA,NA,NA,NA,0.5951,0.0016,335,0.8127,0.8147,0,0.7529,0,Bayes-M10-med
Djombo,Equateur,2,FALSE,5e-4,4e-4,6e-4,5e-4,395,393,396,5e-4,0.0305,395,8e-4,NA,NA,NA,NA,NA,NA,0.6554,0.0017,331,0.917,0.7819,0,0.9228,0,Bayes-M10-med
Makanza,Equateur,2,FALSE,5e-4,4e-4,6e-4,5e-4,392,391,392,5e-4,0.0314,392,8e-4,NA,NA,NA,NA,NA,NA,0.639,0.0017,329,0.9537,0.7954,0,0.8069,0,Bayes-M10-med
Wangata,Equateur,2,FALSE,5e-4,4e-4,7e-4,5e-4,385,385,386,5e-4,0.0328,385,8e-4,NA,NA,NA,NA,NA,NA,0.417,0.0012,378,0.2336,0.9865,0,0.4479,0,Bayes-M10-med
Kenya,Haut-Katanga,2,FALSE,5e-4,4e-4,6e-4,5e-4,394,394,395,5e-4,0.0306,394,8e-4,NA,NA,NA,NA,NA,NA,0.0569,1e-4,450,0.11,0.0116,0,0.1062,0,Bayes-M10-med
Lukafu,Haut-Katanga,2,FALSE,5e-4,4e-4,7e-4,5e-4,382,382,382,5e-4,0.0344,382,8e-4,NA,NA,NA,NA,NA,NA,0.4015,0.0012,376,0.888,0.3243,0,0.3938,0,Bayes-M10-med
Banga Lubaka,Kasaï,2,FALSE,5e-4,4e-4,6e-4,4e-4,399,399,399,5e-4,0.0284,399,7e-4,NA,NA,NA,NA,NA,NA,0.3205,8e-4,408,0.5174,0.0444,0,0.7201,0,Bayes-M10-med
Kangu,Kongo-Central,2,FALSE,5e-4,4e-4,6e-4,5e-4,398,398,398,5e-4,0.0293,398,7e-4,NA,NA,NA,NA,NA,NA,0.3528,9e-4,403,0.3803,0.8822,0,0.1486,0,Bayes-M10-med
Nsona Mpangu,Kongo-Central,2,FALSE,5e-4,4e-4,6e-4,5e-4,388,387,390,5e-4,0.032,388,8e-4,NA,NA,NA,NA,NA,NA,0.4165,0.0011,380,0.722,0.7645,0,0.1795,0,Bayes-M10-med
Massa,Kongo-Central,2,FALSE,5e-4,4e-4,7e-4,5e-4,384,384,384,5e-4,0.0337,384,8e-4,NA,NA,NA,NA,NA,NA,0.4223,0.0012,372,0.668,0.9208,0,0.1004,0,Bayes-M10-med
Kasongo Lunda,Kwango,2,FALSE,5e-4,4e-4,6e-4,4e-4,400,400,400,5e-4,0.0283,400,7e-4,NA,NA,NA,NA,NA,NA,0.3441,8e-4,407,0.6274,0.5946,0,0.1544,0,Bayes-M10-med
Wamba Lwadi,Kwango,2,FALSE,5e-4,4e-4,6e-4,5e-4,393,393,394,5e-4,0.0308,393,8e-4,NA,NA,NA,NA,NA,NA,0.5492,0.0014,355,0.6467,0.8185,0,0.7317,0,Bayes-M10-med
Kingandu,Kwilu,2,FALSE,5e-4,4e-4,7e-4,5e-4,383,383,383,5e-4,0.0339,383,8e-4,NA,NA,NA,NA,NA,NA,0.4923,0.0014,357,0.7162,0.6583,0,0.5946,0,Bayes-M10-med
Moanza,Kwilu,2,FALSE,5e-4,4e-4,6e-4,5e-4,397,396,397,5e-4,0.0297,397,7e-4,NA,NA,NA,NA,NA,NA,0.52,0.0013,365,0.5985,0.529,0,0.9527,0,Bayes-M10-med
Oshwe,Mai-Ndombe,2,FALSE,5e-4,4e-4,6e-4,5e-4,391,391,392,5e-4,0.0315,391,8e-4,NA,NA,NA,NA,NA,NA,0.4855,0.0013,366,0.8764,0.3301,0,0.7355,0,Bayes-M10-med
Nioki,Mai-Ndombe,2,FALSE,5e-4,4e-4,6e-4,5e-4,387,386,389,5e-4,0.0321,387,8e-4,NA,NA,NA,NA,NA,NA,0.389,0.0011,388,0.61,0.3958,0,0.5502,0,Bayes-M10-med
Tshudi Loto,Sankuru,2,FALSE,5e-4,4e-4,6e-4,5e-4,390,388,390,5e-4,0.0319,390,8e-4,NA,NA,NA,NA,NA,NA,0.4237,0.0012,379,0.7683,0.0039,0,0.9228,0,Bayes-M10-med
Zongo,Sud-Ubangi,2,FALSE,5e-4,4e-4,6e-4,5e-4,396,394,397,5e-4,0.0301,396,7e-4,NA,NA,NA,NA,NA,NA,0.2418,6e-4,418,0.278,0.4131,0,0.2761,0,Bayes-M10-med
Wema,Tshuapa,2,FALSE,5e-4,4e-4,6e-4,5e-4,386,385,388,5e-4,0.0322,386,8e-4,NA,NA,NA,NA,NA,NA,0.4469,0.0012,369,0.8494,0.1332,0,0.805,0,Bayes-M10-med
Iboko,Equateur,2,FALSE,4e-4,3e-4,5e-4,4e-4,408,407,409,4e-4,0.026,408,6e-4,NA,NA,NA,NA,NA,NA,0.612,0.0014,362,0.8282,0.7915,0,0.8282,0,Bayes-M10-med
Lotumbe,Equateur,2,FALSE,4e-4,3e-4,5e-4,4e-4,405,405,405,4e-4,0.0269,405,7e-4,NA,NA,NA,NA,NA,NA,0.5816,0.0013,364,0.9691,0.7085,0,0.6486,0,Bayes-M10-med
Lukolela,Equateur,2,FALSE,4e-4,3e-4,5e-4,4e-4,415,414,417,4e-4,0.0229,415,6e-4,NA,NA,NA,NA,NA,NA,0.5787,0.0011,382,0.944,0.9151,0,0.4556,0,Bayes-M10-med
Monieka,Equateur,2,FALSE,4e-4,3e-4,5e-4,4e-4,413,413,413,4e-4,0.0232,413,6e-4,NA,NA,NA,NA,NA,NA,0.596,0.0012,374,0.9768,0.7336,0,0.6737,0,Bayes-M10-med
Butumba,Haut-Lomami,2,FALSE,4e-4,3e-4,6e-4,4e-4,401,401,402,4e-4,0.0275,401,7e-4,NA,NA,NA,NA,NA,NA,0.4595,0.0011,385,0.7973,0.4151,0,0.6255,0,Bayes-M10-med
Kinda,Haut-Lomami,2,FALSE,4e-4,3e-4,5e-4,4e-4,417,415,417,4e-4,0.0228,417,6e-4,NA,NA,NA,NA,NA,NA,0.5077,0.001,393,0.9884,0.4266,0,0.6158,0,Bayes-M10-med
Inga,Kongo-Central,2,FALSE,4e-4,3e-4,5e-4,4e-4,409,408,409,4e-4,0.0259,409,6e-4,NA,NA,NA,NA,NA,NA,0.3847,9e-4,406,0.5212,0.8243,0,0.1931,0,Bayes-M10-med
Luozi,Kongo-Central,2,FALSE,4e-4,3e-4,5e-4,4e-4,410,410,410,4e-4,0.0244,410,6e-4,NA,NA,NA,NA,NA,NA,0.5241,0.0011,384,0.7355,0.8861,0,0.4749,0,Bayes-M10-med
Gombe Matadi,Kongo-Central,2,FALSE,4e-4,3e-4,5e-4,4e-4,407,407,408,4e-4,0.0261,407,6e-4,NA,NA,NA,NA,NA,NA,0.4151,9e-4,398,0.6911,0.7857,0,0.1834,0,Bayes-M10-med
Kimvula,Kongo-Central,2,FALSE,4e-4,3e-4,4e-4,3e-4,420,420,420,4e-4,0.0222,420,5e-4,NA,NA,NA,NA,NA,NA,0.569,0.0011,386,0.8629,0.8784,0,0.5347,0,Bayes-M10-med
Ngidinga,Kongo-Central,2,FALSE,4e-4,3e-4,6e-4,4e-4,402,401,402,4e-4,0.0275,402,7e-4,NA,NA,NA,NA,NA,NA,0.4488,0.0011,390,0.6544,0.7432,0,0.3977,0,Bayes-M10-med
Kisanji,Kwango,2,FALSE,4e-4,3e-4,5e-4,4e-4,403,403,404,4e-4,0.0272,403,7e-4,NA,NA,NA,NA,NA,NA,0.5574,0.0013,367,0.8417,0.6544,0,0.7336,0,Bayes-M10-med
Banzow Moke,Mai-Ndombe,2,FALSE,4e-4,3e-4,5e-4,4e-4,414,414,415,4e-4,0.0231,414,6e-4,NA,NA,NA,NA,NA,NA,0.5236,0.001,391,0.6892,0.5212,0,0.8842,0,Bayes-M10-med
Kiri,Mai-Ndombe,2,FALSE,4e-4,3e-4,5e-4,4e-4,418,418,419,4e-4,0.0226,418,6e-4,NA,NA,NA,NA,NA,NA,0.5685,0.0011,383,0.8745,0.4768,0,0.9228,0,Bayes-M10-med
Ntandembelo,Mai-Ndombe,2,FALSE,4e-4,3e-4,4e-4,4e-4,419,418,419,4e-4,0.0225,419,6e-4,NA,NA,NA,NA,NA,NA,0.4595,9e-4,402,0.6023,0.4633,0,0.7722,0,Bayes-M10-med
Yumbi,Mai-Ndombe,2,FALSE,4e-4,3e-4,5e-4,4e-4,416,415,417,4e-4,0.0229,416,6e-4,NA,NA,NA,NA,NA,NA,0.2741,5e-4,427,0.4131,0.4015,0,0.2819,0,Bayes-M10-med
Bolobo,Mai-Ndombe,2,FALSE,4e-4,3e-4,5e-4,4e-4,412,412,412,4e-4,0.0236,412,6e-4,NA,NA,NA,NA,NA,NA,0.3388,7e-4,413,0.6313,0.4981,0,0.2259,0,Bayes-M10-med
Bosobe,Mai-Ndombe,2,FALSE,4e-4,3e-4,5e-4,4e-4,411,411,411,4e-4,0.0237,411,6e-4,NA,NA,NA,NA,NA,NA,0.4406,9e-4,400,0.4942,0.4093,0,0.8591,0,Bayes-M10-med
Kwamouth,Mai-Ndombe,2,FALSE,4e-4,3e-4,5e-4,4e-4,404,403,404,4e-4,0.0272,404,7e-4,NA,NA,NA,NA,NA,NA,0.43,0.001,392,0.8707,0.417,0,0.4324,0,Bayes-M10-med
Mushie,Mai-Ndombe,2,FALSE,4e-4,3e-4,5e-4,4e-4,406,406,406,4e-4,0.0263,406,6e-4,NA,NA,NA,NA,NA,NA,0.4291,0.001,394,0.7394,0.3649,0,0.612,0,Bayes-M10-med
Bomongo,Equateur,2,FALSE,3e-4,2e-4,4e-4,3e-4,433,432,435,3e-4,0.018,433,4e-4,NA,NA,NA,NA,NA,NA,0.5907,9e-4,399,0.9788,0.8475,0,0.5367,0,Bayes-M10-med
Kilela Balanda,Haut-Katanga,2,FALSE,3e-4,2e-4,3e-4,3e-4,439,439,439,3e-4,0.0164,439,4e-4,NA,NA,NA,NA,NA,NA,0.3132,4e-4,435,0.9228,0.0927,0,0.2375,0,Bayes-M10-med
Kashobwe,Haut-Katanga,2,FALSE,3e-4,2e-4,4e-4,3e-4,428,427,428,3e-4,0.0194,427,5e-4,NA,NA,NA,NA,NA,NA,0.3243,5e-4,426,0.805,0.3012,0,0.1911,0,Bayes-M10-med
Katuba,Haut-Katanga,2,FALSE,3e-4,3e-4,4e-4,3e-4,422,421,423,3e-4,0.0207,422,5e-4,NA,NA,NA,NA,NA,NA,0.0463,1e-4,452,0.0502,0.0309,0,0.1042,0,Bayes-M10-med
Baka,Haut-Lomami,2,FALSE,3e-4,2e-4,4e-4,3e-4,425,425,427,3e-4,0.0196,425,5e-4,NA,NA,NA,NA,NA,NA,0.4319,7e-4,411,0.4344,0.8919,0,0.4015,0,Bayes-M10-med
Bobozo,Kasaï-Central,2,FALSE,3e-4,2e-4,4e-4,3e-4,435,434,435,3e-4,0.0178,435,4e-4,NA,NA,NA,NA,NA,NA,0.2336,4e-4,442,0.1602,0.2857,0,0.4884,0,Bayes-M10-med
Boma Bungu,Kongo-Central,2,FALSE,3e-4,2e-4,3e-4,3e-4,440,440,440,3e-4,0.0162,440,4e-4,NA,NA,NA,NA,NA,NA,0.3209,4e-4,434,0.5811,0.5676,0,0.1351,0,Bayes-M10-med
Kinkonzi,Kongo-Central,2,FALSE,3e-4,2e-4,3e-4,3e-4,438,438,438,3e-4,0.0165,438,4e-4,NA,NA,NA,NA,NA,NA,0.4252,6e-4,420,0.6236,0.8958,0,0.1815,0,Bayes-M10-med
Kizu,Kongo-Central,2,FALSE,3e-4,2e-4,4e-4,3e-4,429,428,429,3e-4,0.0192,429,5e-4,NA,NA,NA,NA,NA,NA,0.3113,5e-4,430,0.2973,0.8707,0,0.0772,0,Bayes-M10-med
Kuimba,Kongo-Central,2,FALSE,3e-4,2e-4,3e-4,3e-4,436,436,436,3e-4,0.0175,436,4e-4,NA,NA,NA,NA,NA,NA,0.3069,5e-4,432,0.3784,0.8456,0,0.0039,0,Bayes-M10-med
Tshela,Kongo-Central,2,FALSE,3e-4,2e-4,4e-4,3e-4,432,431,433,3e-4,0.0182,432,5e-4,NA,NA,NA,NA,NA,NA,0.3282,5e-4,429,0.417,0.888,0,0.0077,0,Bayes-M10-med
Mangembo,Kongo-Central,2,FALSE,3e-4,2e-4,4e-4,3e-4,431,431,432,3e-4,0.0182,431,5e-4,NA,NA,NA,NA,NA,NA,0.3726,6e-4,422,0.5598,0.6641,0,0.2664,0,Bayes-M10-med
Nzanza,Kongo-Central,2,FALSE,3e-4,3e-4,4e-4,3e-4,421,421,422,3e-4,0.021,421,5e-4,NA,NA,NA,NA,NA,NA,0.2172,4e-4,440,0.0888,0.6892,0,0.0907,0,Bayes-M10-med
Kimpangu,Kongo-Central,2,FALSE,3e-4,2e-4,4e-4,3e-4,424,424,424,3e-4,0.0197,424,5e-4,NA,NA,NA,NA,NA,NA,0.4488,8e-4,410,0.7085,0.9344,0,0.1525,0,Bayes-M10-med
Nselo,Kongo-Central,2,FALSE,3e-4,2e-4,3e-4,3e-4,437,437,437,3e-4,0.0174,437,4e-4,NA,NA,NA,NA,NA,NA,0.374,6e-4,424,0.6564,0.5347,0,0.305,0,Bayes-M10-med
Kajiji,Kwango,2,FALSE,3e-4,2e-4,4e-4,3e-4,426,425,426,3e-4,0.0195,426,5e-4,NA,NA,NA,NA,NA,NA,0.3533,6e-4,421,0.7934,0.1544,0,0.4653,0,Bayes-M10-med
Kitenda,Kwango,2,FALSE,3e-4,2e-4,4e-4,3e-4,434,433,434,3e-4,0.0178,434,4e-4,NA,NA,NA,NA,NA,NA,0.376,6e-4,423,0.6641,0.4247,0,0.4151,0,Bayes-M10-med
Mwela Lembwa,Kwango,2,FALSE,3e-4,3e-4,4e-4,3e-4,423,422,423,3e-4,0.0206,423,5e-4,NA,NA,NA,NA,NA,NA,0.4397,8e-4,409,0.6506,0.3224,0,0.7857,0,Bayes-M10-med
Bunkeya,Lualaba,2,FALSE,3e-4,2e-4,4e-4,3e-4,430,430,430,3e-4,0.0185,430,5e-4,NA,NA,NA,NA,NA,NA,0.4218,7e-4,415,0.8243,0.5019,0,0.361,0,Bayes-M10-med
Pendjwa,Mai-Ndombe,2,FALSE,3e-4,2e-4,4e-4,3e-4,427,426,429,3e-4,0.0194,428,5e-4,NA,NA,NA,NA,NA,NA,0.4319,7e-4,412,0.7008,0.2124,0,0.8147,0,Bayes-M10-med
Bolenge,Equateur,2,FALSE,2e-4,1e-4,2e-4,2e-4,445,445,445,2e-4,0.0117,445,3e-4,NA,NA,NA,NA,NA,NA,0.5391,5e-4,425,0.7954,0.8514,0,0.5097,0,Bayes-M10-med
Vangu,Haut-Katanga,2,FALSE,2e-4,2e-4,3e-4,2e-4,443,443,443,2e-4,0.013,443,3e-4,NA,NA,NA,NA,NA,NA,0.1081,1e-4,451,0.1158,0.1699,0,0.1467,0,Bayes-M10-med
Vaku,Kongo-Central,2,FALSE,2e-4,2e-4,3e-4,2e-4,444,444,444,2e-4,0.0126,444,3e-4,NA,NA,NA,NA,NA,NA,0.4194,5e-4,433,0.5676,0.9421,0,0.168,0,Bayes-M10-med
Kibunzi,Kongo-Central,2,FALSE,2e-4,1e-4,2e-4,1e-4,446,446,446,2e-4,0.0095,446,2e-4,NA,NA,NA,NA,NA,NA,0.4175,3e-4,443,0.7046,0.5251,0,0.4402,0,Bayes-M10-med
Sona Bata,Kongo-Central,2,FALSE,2e-4,2e-4,3e-4,2e-4,442,442,442,2e-4,0.0144,442,4e-4,NA,NA,NA,NA,NA,NA,0.43,5e-4,428,0.7259,0.7896,0,0.2046,0,Bayes-M10-med
Tembo,Kwango,2,FALSE,2e-4,2e-4,3e-4,2e-4,441,441,441,2e-4,0.0145,441,4e-4,NA,NA,NA,NA,NA,NA,0.3205,4e-4,437,0.7876,0.3977,0,0.0965,0,Bayes-M10-med
Irebu,Equateur,2,FALSE,1e-4,0,1e-4,1e-4,454,454,454,1e-4,0.0039,454,1e-4,NA,NA,NA,NA,NA,NA,0.5473,2e-4,448,0.9305,0.6776,0,0.5811,0,Bayes-M10-med
Lilanga Bobangi,Equateur,2,FALSE,1e-4,1e-4,1e-4,1e-4,453,452,453,1e-4,0.0048,453,1e-4,NA,NA,NA,NA,NA,NA,0.4117,2e-4,449,0.9382,0.2664,0,0.4421,0,Bayes-M10-med
Mampoko,Equateur,2,FALSE,1e-4,1e-4,2e-4,1e-4,448,448,448,1e-4,0.0085,448,2e-4,NA,NA,NA,NA,NA,NA,0.5135,4e-4,441,0.8919,0.5058,0,0.6564,0,Bayes-M10-med
Ntondo,Equateur,2,FALSE,1e-4,1e-4,2e-4,1e-4,449,449,449,1e-4,0.0079,449,2e-4,NA,NA,NA,NA,NA,NA,0.6125,4e-4,436,0.8996,0.7259,0,0.8243,0,Bayes-M10-med
Kamalondo,Haut-Katanga,2,FALSE,1e-4,1e-4,1e-4,1e-4,452,452,453,1e-4,0.0049,452,1e-4,NA,NA,NA,NA,NA,NA,0.0352,0,455,0.029,0.0019,0,0.11,0,Bayes-M10-med
Kowe,Haut-Katanga,2,FALSE,1e-4,1e-4,1e-4,1e-4,451,451,451,1e-4,0.0051,451,1e-4,NA,NA,NA,NA,NA,NA,0.07,0,454,0.0714,0.0811,0,0.1274,0,Bayes-M10-med
Mutshatsha,Lualaba,2,FALSE,1e-4,1e-4,2e-4,1e-4,447,447,447,1e-4,0.0093,447,2e-4,NA,NA,NA,NA,NA,NA,0.3808,3e-4,446,0.971,0.1023,0,0.4498,0,Bayes-M10-med
Mimia,Mai-Ndombe,2,FALSE,1e-4,1e-4,1e-4,1e-4,450,450,450,1e-4,0.0065,450,2e-4,NA,NA,NA,NA,NA,NA,0.4841,3e-4,447,0.9614,0.0521,0,0.9228,0,Bayes-M10-med
Kitona,Kongo-Central,2,FALSE,0,0,1e-4,0,455,455,455,0,0.0028,455,1e-4,NA,NA,NA,NA,NA,NA,0.293,1e-4,453,0.5907,0.5792,0,0.0019,0,Bayes-M10-med
Bokoro,Mai-Ndombe,2,FALSE,0,0,0,0,456.5,456.5,456.5,0,0,456,0,NA,NA,NA,NA,NA,NA,0.471,0,456,0.6873,0.5097,0,0.6873,0,Bayes-M10-med
Idjwi,Sud-Kivu,2,FALSE,0,0,0,0,456.5,456.5,456.5,0,0,456,0,NA,NA,NA,NA,NA,NA,0.3007,0,457,0.2992,0.8224,0,0.0811,0,Bayes-M10-med
Buta,Bas-Uele,2,TRUE,NA,NA,NA,NA,NA,NA,NA,NA,NA,NA,NA,NA,NA,NA,NA,NA,NA,0.7225,NA,NA,0.9749,0.9923,0,0.9228,0,Bayes-M10-med
Ganga,Bas-Uele,2,TRUE,NA,NA,NA,NA,NA,NA,NA,NA,NA,NA,NA,NA,NA,NA,NA,NA,NA,0.7218,NA,NA,0.9672,0.9556,0,0.9643,0,Bayes-M10-med
Viadana,Bas-Uele,2,TRUE,NA,NA,NA,NA,NA,NA,NA,NA,NA,NA,NA,NA,NA,NA,NA,NA,NA,0.6846,NA,NA,0.9131,0.9788,0,0.8465,0,Bayes-M10-med
Boma Mangbetu,Haut-Uele,2,TRUE,NA,NA,NA,NA,NA,NA,NA,NA,NA,NA,NA,NA,NA,NA,NA,NA,NA,0.4122,NA,NA,0.2857,0.5039,0,0.8591,0,Bayes-M10-med
Gombari,Haut-Uele,2,TRUE,NA,NA,NA,NA,NA,NA,NA,NA,NA,NA,NA,NA,NA,NA,NA,NA,NA,0.5772,NA,NA,0.9633,0.8012,0,0.5444,0,Bayes-M10-med
Isiro,Haut-Uele,2,TRUE,NA,NA,NA,NA,NA,NA,NA,NA,NA,NA,NA,NA,NA,NA,NA,NA,NA,0.5253,NA,NA,0.39,0.7587,0,0.9527,0,Bayes-M10-med
Pawa,Haut-Uele,2,TRUE,NA,NA,NA,NA,NA,NA,NA,NA,NA,NA,NA,NA,NA,NA,NA,NA,NA,0.4315,NA,NA,0.2934,0.5734,0,0.8591,0,Bayes-M10-med
Rungu,Haut-Uele,2,TRUE,NA,NA,NA,NA,NA,NA,NA,NA,NA,NA,NA,NA,NA,NA,NA,NA,NA,0.6474,NA,NA,0.8224,0.8031,0,0.9643,0,Bayes-M10-med
Wamba,Haut-Uele,2,TRUE,NA,NA,NA,NA,NA,NA,NA,NA,NA,NA,NA,NA,NA,NA,NA,NA,NA,0.4817,NA,NA,0.6737,0.4363,0,0.8166,0,Bayes-M10-med
Adja,Ituri,2,TRUE,NA,NA,NA,NA,NA,NA,NA,NA,NA,NA,NA,NA,NA,NA,NA,NA,NA,0.2645,NA,NA,0.249,0.4286,0,0.3803,0,Bayes-M10-med
Ariwara,Ituri,2,TRUE,NA,NA,NA,NA,NA,NA,NA,NA,NA,NA,NA,NA,NA,NA,NA,NA,NA,0.2862,NA,NA,0.1988,0.6988,0,0.2471,0,Bayes-M10-med
Aru,Ituri,2,TRUE,NA,NA,NA,NA,NA,NA,NA,NA,NA,NA,NA,NA,NA,NA,NA,NA,NA,0.3528,NA,NA,0.3012,0.8417,0,0.2683,0,Bayes-M10-med
Aungba,Ituri,2,TRUE,NA,NA,NA,NA,NA,NA,NA,NA,NA,NA,NA,NA,NA,NA,NA,NA,NA,0.3354,NA,NA,0.3108,0.6564,0,0.3745,0,Bayes-M10-med
Kambala,Ituri,2,TRUE,NA,NA,NA,NA,NA,NA,NA,NA,NA,NA,NA,NA,NA,NA,NA,NA,NA,0.347,NA,NA,0.3668,0.612,0,0.4093,0,Bayes-M10-med
Logo,Ituri,2,TRUE,NA,NA,NA,NA,NA,NA,NA,NA,NA,NA,NA,NA,NA,NA,NA,NA,NA,0.2384,NA,NA,0.1757,0.5927,0,0.1853,0,Bayes-M10-med
Mahagi,Ituri,2,TRUE,NA,NA,NA,NA,NA,NA,NA,NA,NA,NA,NA,NA,NA,NA,NA,NA,NA,0.2292,NA,NA,0.1718,0.6004,0,0.1448,0,Bayes-M10-med
Rimba,Ituri,2,TRUE,NA,NA,NA,NA,NA,NA,NA,NA,NA,NA,NA,NA,NA,NA,NA,NA,NA,0.306,NA,NA,0.2008,0.7124,0,0.3108,0,Bayes-M10-med
Bambu,Ituri,2,TRUE,NA,NA,NA,NA,NA,NA,NA,NA,NA,NA,NA,NA,NA,NA,NA,NA,NA,0.2399,NA,NA,0.2046,0.4691,0,0.2857,0,Bayes-M10-med
Boga,Ituri,2,TRUE,NA,NA,NA,NA,NA,NA,NA,NA,NA,NA,NA,NA,NA,NA,NA,NA,NA,0.264,NA,NA,0.3861,0.36870000000000003,0,0.3012,0,Bayes-M10-med
Bunia,Ituri,2,TRUE,NA,NA,NA,NA,NA,NA,NA,NA,NA,NA,NA,NA,NA,NA,NA,NA,NA,0.2326,NA,NA,0.1178,0.5637,0,0.249,0,Bayes-M10-med
Damas,Ituri,2,TRUE,NA,NA,NA,NA,NA,NA,NA,NA,NA,NA,NA,NA,NA,NA,NA,NA,NA,0.3224,NA,NA,0.4479,0.3282,0,0.5135,0,Bayes-M10-med
Drodro,Ituri,2,TRUE,NA,NA,NA,NA,NA,NA,NA,NA,NA,NA,NA,NA,NA,NA,NA,NA,NA,0.2674,NA,NA,0.2066,0.5907,0,0.2722,0,Bayes-M10-med
Fataki,Ituri,2,TRUE,NA,NA,NA,NA,NA,NA,NA,NA,NA,NA,NA,NA,NA,NA,NA,NA,NA,0.3185,NA,NA,0.2259,0.7201,0,0.3282,0,Bayes-M10-med
Gety,Ituri,2,TRUE,NA,NA,NA,NA,NA,NA,NA,NA,NA,NA,NA,NA,NA,NA,NA,NA,NA,0.2592,NA,NA,0.3359,0.2973,0,0.4035,0,Bayes-M10-med
Kilo,Ituri,2,TRUE,NA,NA,NA,NA,NA,NA,NA,NA,NA,NA,NA,NA,NA,NA,NA,NA,NA,0.1448,NA,NA,0.2201,0.0502,0,0.3089,0,Bayes-M10-med
Komanda,Ituri,2,TRUE,NA,NA,NA,NA,NA,NA,NA,NA,NA,NA,NA,NA,NA,NA,NA,NA,NA,0.2341,NA,NA,0.3089,0.1197,0,0.5077,0,Bayes-M10-med
Lita,Ituri,2,TRUE,NA,NA,NA,NA,NA,NA,NA,NA,NA,NA,NA,NA,NA,NA,NA,NA,NA,0.306,NA,NA,0.2761,0.7046,0,0.2432,0,Bayes-M10-med
Lolwa,Ituri,2,TRUE,NA,NA,NA,NA,NA,NA,NA,NA,NA,NA,NA,NA,NA,NA,NA,NA,NA,0.3205,NA,NA,0.6429,0,0,0.639,0,Bayes-M10-med
Mambasa,Ituri,2,TRUE,NA,NA,NA,NA,NA,NA,NA,NA,NA,NA,NA,NA,NA,NA,NA,NA,NA,0.4324,NA,NA,0.8842,0.2625,0,0.583,0,Bayes-M10-med
Mandima,Ituri,2,TRUE,NA,NA,NA,NA,NA,NA,NA,NA,NA,NA,NA,NA,NA,NA,NA,NA,NA,0.2659,NA,NA,0.4846,0.2896,0,0.2896,0,Bayes-M10-med
Mangala,Ituri,2,TRUE,NA,NA,NA,NA,NA,NA,NA,NA,NA,NA,NA,NA,NA,NA,NA,NA,NA,0.3021,NA,NA,0.305,0.6158,0,0.2876,0,Bayes-M10-med
Mongbwalu,Ituri,2,TRUE,NA,NA,NA,NA,NA,NA,NA,NA,NA,NA,NA,NA,NA,NA,NA,NA,NA,0.2616,NA,NA,0.4112,0.1834,0,0.4517,0,Bayes-M10-med
Nia Nia,Ituri,2,TRUE,NA,NA,NA,NA,NA,NA,NA,NA,NA,NA,NA,NA,NA,NA,NA,NA,NA,0.2978,NA,NA,0.666,0.0212,0,0.5039,0,Bayes-M10-med
Nizi,Ituri,2,TRUE,NA,NA,NA,NA,NA,NA,NA,NA,NA,NA,NA,NA,NA,NA,NA,NA,NA,0.1771,NA,NA,0.1544,0.3378,0,0.2162,0,Bayes-M10-med
Nyankunde,Ituri,2,TRUE,NA,NA,NA,NA,NA,NA,NA,NA,NA,NA,NA,NA,NA,NA,NA,NA,NA,0.2514,NA,NA,0.2838,0.2432,0,0.4788,0,Bayes-M10-med
Rwampara,Ituri,2,TRUE,NA,NA,NA,NA,NA,NA,NA,NA,NA,NA,NA,NA,NA,NA,NA,NA,NA,0.319,NA,NA,0.2375,0.7452,0,0.2934,0,Bayes-M10-med
Tchomia,Ituri,2,TRUE,NA,NA,NA,NA,NA,NA,NA,NA,NA,NA,NA,NA,NA,NA,NA,NA,NA,0.1998,NA,NA,0.2104,0.3745,0,0.2143,0,Bayes-M10-med
Beni,Nord-Kivu,2,TRUE,NA,NA,NA,NA,NA,NA,NA,NA,NA,NA,NA,NA,NA,NA,NA,NA,NA,0.1559,NA,NA,0.1525,0.2297,0,0.2413,0,Bayes-M10-med
Biena,Nord-Kivu,2,TRUE,NA,NA,NA,NA,NA,NA,NA,NA,NA,NA,NA,NA,NA,NA,NA,NA,NA,0.2013,NA,NA,0.251,0.166,0,0.388,0,Bayes-M10-med
Butembo,Nord-Kivu,2,TRUE,NA,NA,NA,NA,NA,NA,NA,NA,NA,NA,NA,NA,NA,NA,NA,NA,NA,0.1829,NA,NA,0.1139,0.388,0,0.2297,0,Bayes-M10-med
Kalunguta,Nord-Kivu,2,TRUE,NA,NA,NA,NA,NA,NA,NA,NA,NA,NA,NA,NA,NA,NA,NA,NA,NA,0.1559,NA,NA,0.195,0.2066,0,0.222,0,Bayes-M10-med
Katwa,Nord-Kivu,2,TRUE,NA,NA,NA,NA,NA,NA,NA,NA,NA,NA,NA,NA,NA,NA,NA,NA,NA,0.1998,NA,NA,0.0869,0.4846,0,0.2278,0,Bayes-M10-med
Kyondo,Nord-Kivu,2,TRUE,NA,NA,NA,NA,NA,NA,NA,NA,NA,NA,NA,NA,NA,NA,NA,NA,NA,0.3238,NA,NA,0.2954,0.7973,0,0.2027,0,Bayes-M10-med
Lubero,Nord-Kivu,2,TRUE,NA,NA,NA,NA,NA,NA,NA,NA,NA,NA,NA,NA,NA,NA,NA,NA,NA,0.4585,NA,NA,0.5734,0.9382,0,0.3224,0,Bayes-M10-med
Mabalako,Nord-Kivu,2,TRUE,NA,NA,NA,NA,NA,NA,NA,NA,NA,NA,NA,NA,NA,NA,NA,NA,NA,0.1573,NA,NA,0.1931,0.2046,0,0.2317,0,Bayes-M10-med
Manguredjipa,Nord-Kivu,2,TRUE,NA,NA,NA,NA,NA,NA,NA,NA,NA,NA,NA,NA,NA,NA,NA,NA,NA,0.3475,NA,NA,0.778,0.0579,0,0.5541,0,Bayes-M10-med
Masereka,Nord-Kivu,2,TRUE,NA,NA,NA,NA,NA,NA,NA,NA,NA,NA,NA,NA,NA,NA,NA,NA,NA,0.36870000000000003,NA,NA,0.2548,0.9807,0,0.2394,0,Bayes-M10-med
Musienene,Nord-Kivu,2,TRUE,NA,NA,NA,NA,NA,NA,NA,NA,NA,NA,NA,NA,NA,NA,NA,NA,NA,0.319,NA,NA,0.2645,0.7317,0,0.2799,0,Bayes-M10-med
Mutwanga,Nord-Kivu,2,TRUE,NA,NA,NA,NA,NA,NA,NA,NA,NA,NA,NA,NA,NA,NA,NA,NA,NA,0.2408,NA,NA,0.2606,0.4672,0,0.2355,0,Bayes-M10-med
Oicha,Nord-Kivu,2,TRUE,NA,NA,NA,NA,NA,NA,NA,NA,NA,NA,NA,NA,NA,NA,NA,NA,NA,0.3364,NA,NA,0.3243,0.7606,0,0.2606,0,Bayes-M10-med
Vuhovi,Nord-Kivu,2,TRUE,NA,NA,NA,NA,NA,NA,NA,NA,NA,NA,NA,NA,NA,NA,NA,NA,NA,0.2611,NA,NA,0.2027,0.6178,0,0.2239,0,Bayes-M10-med
Goma,Nord-Kivu,2,TRUE,NA,NA,NA,NA,NA,NA,NA,NA,NA,NA,NA,NA,NA,NA,NA,NA,NA,0.2669,NA,NA,0.1274,0.8977,0,0.0425,0,Bayes-M10-med
Kayna,Nord-Kivu,2,TRUE,NA,NA,NA,NA,NA,NA,NA,NA,NA,NA,NA,NA,NA,NA,NA,NA,NA,0.3113,NA,NA,0.2278,0.6332,0,0.3842,0,Bayes-M10-med
Miti Murhesa,Sud-Kivu,2,TRUE,NA,NA,NA,NA,NA,NA,NA,NA,NA,NA,NA,NA,NA,NA,NA,NA,NA,0.3277,NA,NA,0.2355,0.9131,0,0.1622,0,Bayes-M10-med
Bulu,Sud-Ubangi,2,TRUE,NA,NA,NA,NA,NA,NA,NA,NA,NA,NA,NA,NA,NA,NA,NA,NA,NA,0.3147,NA,NA,0.3649,0.1988,0,0.695,0,Bayes-M10-med
Bafwasende,Tshopo,2,TRUE,NA,NA,NA,NA,NA,NA,NA,NA,NA,NA,NA,NA,NA,NA,NA,NA,NA,0.4546,NA,NA,0.9073,0.2413,0,0.6699,0,Bayes-M10-med
Kabondo,Tshopo,2,TRUE,NA,NA,NA,NA,NA,NA,NA,NA,NA,NA,NA,NA,NA,NA,NA,NA,NA,0.18,NA,NA,0.1911,0.2722,0,0.2568,0,Bayes-M10-med
Lubunga (Tshopo),Tshopo,2,TRUE,NA,NA,NA,NA,NA,NA,NA,NA,NA,NA,NA,NA,NA,NA,NA,NA,NA,0.2288,NA,NA,0.2452,0.3436,0,0.3263,0,Bayes-M10-med
Makiso Kisangani,Tshopo,2,TRUE,NA,NA,NA,NA,NA,NA,NA,NA,NA,NA,NA,NA,NA,NA,NA,NA,NA,0.2355,NA,NA,0.1332,0.5309,0,0.278,0,Bayes-M10-med
Mangobo,Tshopo,2,TRUE,NA,NA,NA,NA,NA,NA,NA,NA,NA,NA,NA,NA,NA,NA,NA,NA,NA,0.2061,NA,NA,0.0792,0.4382,0,0.3069,0,Bayes-M10-med
Tshopo,Tshopo,2,TRUE,NA,NA,NA,NA,NA,NA,NA,NA,NA,NA,NA,NA,NA,NA,NA,NA,NA,0.2466,NA,NA,0.361,0.334,0,0.2915,0,Bayes-M10-med
Wanierukula,Tshopo,2,TRUE,NA,NA,NA,NA,NA,NA,NA,NA,NA,NA,NA,NA,NA,NA,NA,NA,NA,0.473,NA,NA,0.8436,0.5521,0,0.4961,0,Bayes-M10-med
