health_zone,province,horizon,was_active_before,prob_scale,p_case_invasion,p_case_lo,p_case_hi,p_median,rank_med,rank_lo,rank_hi,mu_forecast,rr_nat,rr_nat_rank,rr01_nat,rr_ituri,rr_ituri_rank,rr_nordkivu,rr_nordkivu_rank,rr_hautuele,rr_hautuele_rank,V,priority,priority_rank,surveillance_gap,healthcare_gap,access_gap,social_vulnerability,healthcare_travel_min,method
Rethy,Ituri,1,FALSE,recalibrated-deployed,0.136772,0.0950538,0.18179,0.135231,1,1,1,0.147554,59.644,1,1,3.63085,1,NA,NA,NA,NA,0.36036,0.998832,2,0.214286,0.608108,0,0.258687,0,Bayes-M14-fill-geo
Watsa,Haut-Uele,1,FALSE,recalibrated-deployed,0.0771445,0.0599525,0.0966809,0.0765319,2,2,3,0.0803548,32.4808,2,0.564039,NA,NA,NA,NA,2.72083,1,0.63964,1,1,0.72973,0.843629,0,0.34556,0,Bayes-M14-fill-geo
Jiba,Ituri,1,FALSE,recalibrated-deployed,0.0618295,0.0447619,0.0805279,0.0613101,3,2.95,3,0.0638921,25.8263,3,0.452064,1.57218,2,NA,NA,NA,NA,0.220077,0.27576,7,0.181467,0.127413,0,0.351351,0,Bayes-M14-fill-geo
Linga,Ituri,1,FALSE,recalibrated-deployed,0.0534014,0.039958,0.0678087,0.0529858,4,4,6,0.0549204,22.1998,4,0.390442,1.35142,3,NA,NA,NA,NA,0.286358,0.3099,6,0.196911,0.341699,0,0.320463,0,Bayes-M14-fill-geo
Yakusu,Tshopo,1,FALSE,recalibrated-deployed,0.0471272,0.0313869,0.0665626,0.0460509,5,4,6,0.0483388,19.5394,5,0.344569,NA,NA,NA,NA,NA,NA,0.425354,0.406239,5,0.420849,0.208494,0,0.646718,0,Bayes-M14-fill-geo
Niangara,Haut-Uele,1,FALSE,recalibrated-deployed,0.0448351,0.0313597,0.060138,0.0440371,6,4,6,0.0459135,18.559,6,0.32781,NA,NA,NA,NA,1.55464,2,0.734878,0.667718,4,0.803089,0.432432,0,0.969112,0,Bayes-M14-fill-geo
Poko,Bas-Uele,1,FALSE,recalibrated-deployed,0.0391092,0.0266054,0.0540433,0.0383318,7,7,7,0.0399323,16.1413,7,0.285946,NA,NA,NA,NA,NA,NA,0.969434,0.768347,3,0.992278,0.951737,0,0.964286,0,Bayes-M14-fill-geo
Biringi,Ituri,1,FALSE,recalibrated-deployed,0.0259484,0.019466,0.0330077,0.0258056,8,8,9,0.0263001,10.6309,8,0.189721,0.647162,4,NA,NA,NA,NA,0.465894,0.244996,8,0.395753,0.486486,0,0.515444,0,Bayes-M14-fill-geo
Makoro,Haut-Uele,1,FALSE,recalibrated-deployed,0.0221613,0.0171207,0.0275537,0.0220258,9,9,11,0.0224158,9.06085,9,0.162031,NA,NA,NA,NA,0.759003,3,0.509653,0.228891,10,0.555985,0.548263,0,0.42471,0,Bayes-M14-fill-geo
Kibirizi,Nord-Kivu,1,FALSE,recalibrated-deployed,0.0211158,0.0158827,0.0269597,0.0209225,10,9,12,0.021348,8.6292,10,0.154388,NA,NA,3.14361,1,NA,NA,0.556628,0.238195,9,0.540541,0.855212,0,0.274131,0,Bayes-M14-fill-geo
Banalia,Tshopo,1,FALSE,recalibrated-deployed,0.0195041,0.0133858,0.0261247,0.0192342,11,9,13,0.0197045,7.96488,11,0.142603,NA,NA,NA,NA,NA,NA,0.565637,0.223575,11,0.779923,0.117761,0,0.799228,0,Bayes-M14-fill-geo
Bafwagbogbo,Tshopo,1,FALSE,recalibrated-deployed,0.0146411,0.010082,0.0196981,0.0144801,13,12,17,0.0147538,5.96374,12,0.107048,NA,NA,NA,NA,NA,NA,0.526384,0.156184,13,0.859073,0.027027,0,0.69305,0,Bayes-M14-fill-geo
Yalimbongo,Tshopo,1,FALSE,recalibrated-deployed,0.0142714,0.0101673,0.01881,0.0140917,13,12,17,0.0143778,5.81174,13,0.104345,NA,NA,NA,NA,NA,NA,0.428571,0.123951,18,0.57722,0.0482625,0,0.660232,0,Bayes-M14-fill-geo
Aba,Haut-Uele,1,FALSE,recalibrated-deployed,0.0126887,0.00826773,0.0179736,0.0123247,14,13,22,0.0127744,5.16363,14,0.092773,NA,NA,NA,NA,0.432544,4,0.758687,0.195092,12,0.600386,0.685328,0,0.990347,0,Bayes-M14-fill-geo
Rwanguba,Nord-Kivu,1,FALSE,recalibrated-deployed,0.0118398,0.0049417,0.0216244,0.0110994,16,10,34,0.0119244,4.82003,15,0.0865663,NA,NA,1.75593,2,NA,NA,0.325611,0.0781275,28,0.208494,0.702703,0,0.0656371,0,Bayes-M14-fill-geo
Kamango,Nord-Kivu,1,FALSE,recalibrated-deployed,0.0116244,0.00736488,0.0165885,0.011432,15,13,23,0.0116965,4.72791,16,0.0849914,NA,NA,1.72237,3,NA,NA,0.583012,0.137343,16,0.658301,0.916988,0,0.173745,0,Bayes-M14-fill-geo
Faradje,Haut-Uele,1,FALSE,recalibrated-deployed,0.0107359,0.00838209,0.0134332,0.0106399,18,16,20,0.0107951,4.36356,17,0.0784951,NA,NA,NA,NA,0.365524,5,0.596525,0.129786,17,0.760618,0.666023,0,0.362934,0,Bayes-M14-fill-geo
Uvira,Sud-Kivu,1,FALSE,recalibrated-deployed,0.0104797,0.00624232,0.0159714,0.0100727,20,15,31,0.0105396,4.26027,18,0.0766221,NA,NA,NA,NA,NA,NA,0.733591,0.155798,14,0.218147,0.984556,0,0.998069,0,Bayes-M14-fill-geo
Kindu,Maniema,1,FALSE,recalibrated-deployed,0.0100052,0.00607615,0.0145736,0.00982435,19,14,32,0.010059,4.06603,19,0.0731524,NA,NA,NA,NA,NA,NA,0.424067,0.0859841,23,0.135135,0.252896,0,0.88417,0,Bayes-M14-fill-geo
Lolo,Mongala,1,FALSE,recalibrated-deployed,0.00967734,0.00705192,0.0124606,0.0095921,20,17,26,0.00972584,3.93135,20,0.0707555,NA,NA,NA,NA,NA,NA,0.421493,0.082662,27,0.407336,0.326255,0,0.530888,0,Bayes-M14-fill-geo
Nyarambe,Ituri,1,FALSE,recalibrated-deployed,0.00955891,0.00469833,0.0161093,0.00908872,22,12,35,0.00961124,3.88502,21,0.0698896,0.236503,5,NA,NA,NA,NA,0.240669,0.0466218,43,0.169884,0.459459,0,0.0926641,0,Bayes-M14-fill-geo
Walikale,Nord-Kivu,1,FALSE,recalibrated-deployed,0.0091985,0.00662046,0.0120476,0.00911767,21,18,27,0.00924239,3.73593,22,0.0672545,NA,NA,1.36099,4,NA,NA,0.763835,0.142389,15,0.945946,0.928571,0,0.416988,0,Bayes-M14-fill-geo
Adi,Ituri,1,FALSE,recalibrated-deployed,0.00917622,0.00600219,0.0132716,0.0089104,22,16,30,0.00922117,3.72735,23,0.0670916,0.226904,6,NA,NA,NA,NA,0.530245,0.0986052,20,0.258687,0.710425,0,0.621622,0,Bayes-M14-fill-geo
Rutshuru,Nord-Kivu,1,FALSE,recalibrated-deployed,0.00904123,0.00434219,0.0154949,0.00855991,23,14,40,0.00908848,3.67372,24,0.0661046,NA,NA,1.33833,5,NA,NA,0.496139,0.0909056,22,0.409266,0.994208,0,0.0849421,0,Bayes-M14-fill-geo
Ibanda,Sud-Kivu,1,FALSE,recalibrated-deployed,0.0082313,0.0052319,0.0116637,0.00807862,24,18,31,0.00826739,3.34182,25,0.0601828,NA,NA,NA,NA,NA,NA,0.307593,0.0513103,41,0.0830116,0.621622,0,0.218147,0,Bayes-M14-fill-geo
Laybo,Ituri,1,FALSE,recalibrated-deployed,0.00766085,0.00531074,0.0103594,0.00749482,26,19.95,33,0.00769158,3.10906,26,0.0560121,0.189266,7,NA,NA,NA,NA,0.452381,0.070233,31,0.30695,0.555985,0,0.494208,0,Bayes-M14-fill-geo
Kirotshe,Nord-Kivu,1,FALSE,recalibrated-deployed,0.0073684,0.00423172,0.0112863,0.00716827,27,20,40,0.00739803,2.99041,27,0.0538738,NA,NA,1.0894,6,NA,NA,0.512227,0.0764883,29,0.376448,0.996139,0,0.164093,0,Bayes-M14-fill-geo
Masisi,Nord-Kivu,1,FALSE,recalibrated-deployed,0.00716047,0.00553898,0.008881,0.00711016,27,24,30,0.00718678,2.90502,28,0.0523535,NA,NA,1.05829,7,NA,NA,0.586873,0.0851618,25,0.432432,0.957529,0,0.370656,0,Bayes-M14-fill-geo
Mweso,Nord-Kivu,1,FALSE,recalibrated-deployed,0.00662022,0.00488613,0.00856926,0.00656906,29,24,33,0.00664287,2.68516,29,0.0484035,NA,NA,0.9782,8,NA,NA,0.558559,0.0749378,30,0.449807,0.96139,0,0.264479,0,Bayes-M14-fill-geo
Ruzizi,Sud-Kivu,1,FALSE,recalibrated-deployed,0.00626185,0.00374087,0.00964777,0.00598313,32,21,44,0.00628321,2.53978,30,0.0457833,NA,NA,NA,NA,NA,NA,0.750322,0.0952161,21,0.349421,0.909266,0,0.992278,0,Bayes-M14-fill-geo
Angumu,Ituri,1,FALSE,recalibrated-deployed,0.00590224,0.00331114,0.00922556,0.00571849,32,23,50,0.00592139,2.39353,31,0.043154,0.145707,8,NA,NA,NA,NA,0.146718,0.0175493,102,0.164093,0.164093,0,0.111969,0,Bayes-M14-fill-geo
Bondo,Bas-Uele,1,FALSE,recalibrated-deployed,0.00586811,0.00383656,0.0081862,0.00579236,32,23,41,0.00588631,2.37934,32,0.0429045,NA,NA,NA,NA,NA,NA,0.898327,0.10683,19,0.996139,0.998069,0,0.700772,0,Bayes-M14-fill-geo
Kadutu,Sud-Kivu,1,FALSE,recalibrated-deployed,0.00574174,0.00359173,0.0082299,0.00561685,33,27,48,0.00575933,2.32802,33,0.0419805,NA,NA,NA,NA,NA,NA,0.218147,0.0253835,62,0.0579151,0.3861,0,0.210425,0,Bayes-M14-fill-geo
Isangi,Tshopo,1,FALSE,recalibrated-deployed,0.00566749,0.00395661,0.00759357,0.00559357,32,26,40,0.00568421,2.29765,34,0.0414377,NA,NA,NA,NA,NA,NA,0.511583,0.058758,37,0.405405,0.407336,0,0.722008,0,Bayes-M14-fill-geo
Bengamisa,Tshopo,1,FALSE,recalibrated-deployed,0.00541365,0.0042157,0.00674732,0.00536577,34,32,37,0.00542865,2.19435,35,0.0395817,NA,NA,NA,NA,NA,NA,0.401544,0.0440538,44,0.611969,0.216216,0,0.376448,0,Bayes-M14-fill-geo
Doruma,Haut-Uele,1,FALSE,recalibrated-deployed,0.00493251,0.00286757,0.00758991,0.00476016,37,24,52,0.00494577,1.99916,36,0.0360639,NA,NA,NA,NA,0.167465,6,0.828829,0.08285,26,0.972973,0.513514,0,1,0,Bayes-M14-fill-geo
Karisimbi,Nord-Kivu,1,FALSE,recalibrated-deployed,0.00490597,0.00148915,0.0108853,0.00421433,42,19,111,0.00492262,1.98981,37,0.0358698,NA,NA,0.724884,9,NA,NA,0.212999,0.0211769,84,0.0907336,0.515444,0,0.0328185,0,Bayes-M14-fill-geo
Lubutu,Maniema,1,FALSE,recalibrated-deployed,0.00474406,0.0031388,0.00655452,0.00468818,38,29,46,0.00475591,1.92242,38,0.034686,NA,NA,NA,NA,NA,NA,0.627413,0.0603204,36,0.820463,0.281853,0,0.779923,0,Bayes-M14-fill-geo
Katoyi,Nord-Kivu,1,FALSE,recalibrated-deployed,0.00465876,0.00361936,0.00578253,0.00462644,39,36,43,0.00466987,1.88764,39,0.0340624,NA,NA,0.687664,10,NA,NA,0.605534,0.0571701,40,0.46139,0.959459,0,0.395753,0,Bayes-M14-fill-geo
Titule,Bas-Uele,1,FALSE,recalibrated-deployed,0.00462806,0.0032134,0.00622158,0.00456581,39,31,47,0.00463921,1.87525,40,0.0338379,NA,NA,NA,NA,NA,NA,0.91184,0.0855219,24,0.986486,0.826255,0,0.92278,0,Bayes-M14-fill-geo
Bambo,Nord-Kivu,1,FALSE,recalibrated-deployed,0.0043908,0.00248233,0.00673387,0.00429038,41,32,57,0.00440132,1.77909,41,0.0321032,NA,NA,0.648119,11,NA,NA,0.528314,0.0470106,42,0.552124,0.907336,0,0.125483,0,Bayes-M14-fill-geo
Pinga,Nord-Kivu,1,FALSE,recalibrated-deployed,0.00415402,0.00304438,0.00536892,0.00410363,43,37,49.05,0.00416292,1.68272,42,0.0303719,NA,NA,0.613013,12,NA,NA,0.759974,0.0639774,33,0.959459,0.754826,0,0.565637,0,Bayes-M14-fill-geo
Bumba,Mongala,1,FALSE,recalibrated-deployed,0.00411003,0.00286182,0.00556294,0.00405954,43,36,49,0.00411884,1.6649,43,0.0300503,NA,NA,NA,NA,NA,NA,0.317889,0.0264777,60,0.140927,0.453668,0,0.359073,0,Bayes-M14-fill-geo
Nyiragongo,Nord-Kivu,1,FALSE,recalibrated-deployed,0.00402328,0.00138049,0.00822385,0.00353669,48,27,113,0.00403382,1.63054,44,0.029416,NA,NA,0.594003,13,NA,NA,0.385457,0.0314279,53,0.243243,0.876448,0,0.0366795,0,Bayes-M14-fill-geo
Minova,Sud-Kivu,1,FALSE,recalibrated-deployed,0.00401712,0.00229569,0.00619647,0.00390972,45,35,66,0.00402592,1.62735,45,0.029371,NA,NA,NA,NA,NA,NA,0.515444,0.041962,47,0.442085,0.982625,0,0.121622,0,Bayes-M14-fill-geo
Fizi,Sud-Kivu,1,FALSE,recalibrated-deployed,0.00399979,0.00282307,0.00527656,0.00396058,44,38,50,0.0040081,1.62014,46,0.0292443,NA,NA,NA,NA,NA,NA,0.751609,0.0609241,35,0.743243,0.969112,0,0.542471,0,Bayes-M14-fill-geo
Shabunda,Sud-Kivu,1,FALSE,recalibrated-deployed,0.00384338,0.00243413,0.00545959,0.00378979,47,35,56,0.00385122,1.55673,47,0.0281007,NA,NA,NA,NA,NA,NA,0.789575,0.0614988,34,0.837838,0.872587,0,0.658301,0,Bayes-M14-fill-geo
Lemera,Sud-Kivu,1,FALSE,recalibrated-deployed,0.00377636,0.00254405,0.00525471,0.00369406,47,37,61,0.00378384,1.52949,48,0.0276107,NA,NA,NA,NA,NA,NA,0.748391,0.0572745,39,0.362934,0.901544,0,0.980695,0,Bayes-M14-fill-geo
Aketi,Bas-Uele,1,FALSE,recalibrated-deployed,0.003624,0.00249804,0.00485006,0.00357671,48,41,56,0.00363084,1.46765,49,0.0264968,NA,NA,NA,NA,NA,NA,0.901544,0.0662118,32,0.990347,0.936293,0,0.777992,0,Bayes-M14-fill-geo
Opienge,Tshopo,1,FALSE,recalibrated-deployed,0.00340251,0.00232394,0.00458757,0.00336062,50,43,59,0.00340855,1.37779,50,0.0248774,NA,NA,NA,NA,NA,NA,0.592664,0.0408666,48,0.955598,0.0135135,0,0.80888,0,Bayes-M14-fill-geo
Yabaondo,Tshopo,1,FALSE,recalibrated-deployed,0.00333808,0.00232107,0.00443801,0.00329749,51,45,60,0.00334386,1.35165,51,0.0244062,NA,NA,NA,NA,NA,NA,0.469755,0.0317781,52,0.436293,0.305019,0,0.667954,0,Bayes-M14-fill-geo
Binza,Nord-Kivu,1,FALSE,recalibrated-deployed,0.00328559,0.00161194,0.00542253,0.00316812,52,37,88,0.00329169,1.33056,52,0.0240225,NA,NA,0.48472,14,NA,NA,0.469112,0.0312356,54,0.471042,0.837838,0,0.0984556,0,Bayes-M14-fill-geo
Bili (Bas-Uele),Bas-Uele,1,FALSE,recalibrated-deployed,0.00310504,0.00205314,0.00428797,0.0030653,53,46,64,0.00311011,1.25716,53,0.0227024,NA,NA,NA,NA,NA,NA,0.923423,0.0581069,38,0.998069,0.799228,0,0.972973,0,Bayes-M14-fill-geo
Kasongo,Maniema,1,FALSE,recalibrated-deployed,0.00300907,0.00193399,0.00422883,0.00296314,54,46,67,0.00301386,1.21825,54,0.0220007,NA,NA,NA,NA,NA,NA,0.707207,0.0431259,46,0.445946,0.752896,0,0.92278,0,Bayes-M14-fill-geo
Nundu,Sud-Kivu,1,FALSE,recalibrated-deployed,0.00275043,0.0017119,0.00405343,0.00266433,59,46,84,0.00275448,1.11341,55,0.0201097,NA,NA,NA,NA,NA,NA,0.790219,0.0440462,45,0.527027,0.849421,0,0.994208,0,Bayes-M14-fill-geo
Lubao,Lomami,1,FALSE,recalibrated-deployed,0.00273872,0.00160675,0.00403499,0.00268377,58,48,74,0.00274276,1.10867,56,0.020024,NA,NA,NA,NA,NA,NA,0.530888,0.0294652,56,0.648649,0.15251,0,0.791506,0,Bayes-M14-fill-geo
Nyemba,Tanganyika,1,FALSE,recalibrated-deployed,0.00269098,0.00168059,0.00393213,0.00262224,58,51,73,0.00269485,1.0893,57,0.019675,NA,NA,NA,NA,NA,NA,0.460746,0.0251265,64,0.596525,0.455598,0,0.330116,0,Bayes-M14-fill-geo
Mwenga,Sud-Kivu,1,FALSE,recalibrated-deployed,0.00264013,0.00198064,0.00335973,0.00261822,59,55,66,0.0026437,1.06863,58,0.0193032,NA,NA,NA,NA,NA,NA,0.425354,0.022758,72,0.5,0.35521200000000003,0,0.420849,0,Bayes-M14-fill-geo
Kabare,Sud-Kivu,1,FALSE,recalibrated-deployed,0.00262713,0.00179376,0.00360319,0.00258528,59,48,93,0.00263075,1.06339,59,0.0192082,NA,NA,NA,NA,NA,NA,0.475547,0.0253183,63,0.239382,0.988417,0,0.198842,0,Bayes-M14-fill-geo
Walungu,Sud-Kivu,1,FALSE,recalibrated-deployed,0.00258989,0.00188887,0.00338577,0.00257007,60,52,83,0.00259336,1.04828,60,0.0189359,NA,NA,NA,NA,NA,NA,0.433076,0.0227303,74,0.185328,0.880309,0,0.233591,0,Bayes-M14-fill-geo
Katana,Sud-Kivu,1,FALSE,recalibrated-deployed,0.00258369,0.00155168,0.00385107,0.00252224,61,45,102,0.00258728,1.04582,61,0.0188906,NA,NA,NA,NA,NA,NA,0.429858,0.0225074,75,0.247104,0.911197,0,0.131274,0,Bayes-M14-fill-geo
Bagira,Sud-Kivu,1,FALSE,recalibrated-deployed,0.00248574,0.0015392,0.00359306,0.00242462,62,46,109,0.00248903,1.00611,62,0.0181744,NA,NA,NA,NA,NA,NA,0.314672,0.0158516,110,0.100386,0.637066,0,0.206564,0,Bayes-M14-fill-geo
Ngandajika,Lomami,1,FALSE,recalibrated-deployed,0.00237954,0.00132475,0.00363411,0.00231586,65,52,82,0.00238264,0.963101,63,0.0173979,NA,NA,NA,NA,NA,NA,0.462033,0.0222806,77,0.212355,0.445946,0,0.727799,0,Bayes-M14-fill-geo
Minembwe,Sud-Kivu,1,FALSE,recalibrated-deployed,0.00234883,0.0016168,0.00314464,0.00232578,65,57,75,0.0023517,0.950598,64,0.0171734,NA,NA,NA,NA,NA,NA,0.69305,0.0329895,50,0.718147,0.80888,0,0.552124,0,Bayes-M14-fill-geo
Kibua,Nord-Kivu,1,FALSE,recalibrated-deployed,0.00233979,0.0016716,0.00309547,0.0023124,64,52,92,0.00234263,0.946929,65,0.0171073,NA,NA,0.344965,15,NA,NA,0.687259,0.032588,51,0.774131,0.660232,0,0.627413,0,Bayes-M14-fill-geo
Tshofa,Lomami,1,FALSE,recalibrated-deployed,0.00229845,0.00130701,0.00346624,0.00224431,67,53,84,0.00230132,0.930234,66,0.016805,NA,NA,NA,NA,NA,NA,0.588803,0.0274262,58,0.675676,0.351351,0,0.739382,0,Bayes-M14-fill-geo
Ubundu,Tshopo,1,FALSE,recalibrated-deployed,0.00222872,0.00161261,0.00288479,0.00220628,68,59,85,0.00223128,0.901921,67,0.0162952,NA,NA,NA,NA,NA,NA,0.632561,0.0285705,57,0.905405,0.430502,0,0.561776,0,Bayes-M14-fill-geo
Punia,Maniema,1,FALSE,recalibrated-deployed,0.00222521,0.00136434,0.00321449,0.00218308,69,57,80,0.00222785,0.900536,68,0.0162695,NA,NA,NA,NA,NA,NA,0.497426,0.0224315,76,0.762548,0.196911,0,0.532819,0,Bayes-M14-fill-geo
Mwana,Sud-Kivu,1,FALSE,recalibrated-deployed,0.00217417,0.00165722,0.00276563,0.00215139,70,62,88.05,0.0021766,0.879817,69,0.0158964,NA,NA,NA,NA,NA,NA,0.497426,0.0219171,80,0.289575,0.903475,0,0.299228,0,Bayes-M14-fill-geo
Lisala,Mongala,1,FALSE,recalibrated-deployed,0.00217237,0.0014847,0.00292671,0.00214706,70,57,90,0.00217483,0.879103,70,0.0158832,NA,NA,NA,NA,NA,NA,0.545689,0.0240236,68,0.428571,0.440154,0,0.76834,0,Bayes-M14-fill-geo
Kalima,Maniema,1,FALSE,recalibrated-deployed,0.00214228,0.00132852,0.00311479,0.00209546,72,62,83,0.00214472,0.866933,71,0.0156632,NA,NA,NA,NA,NA,NA,0.412484,0.0179078,99,0.459459,0.320463,0,0.457529,0,Bayes-M14-fill-geo
Ludimbi Lukula,Lomami,1,FALSE,recalibrated-deployed,0.00212894,0.00121693,0.0031964,0.00208228,73,56,89,0.0021314,0.861549,72,0.0155657,NA,NA,NA,NA,NA,NA,0.601673,0.0259588,61,0.69305,0.34749,0,0.764479,0,Bayes-M14-fill-geo
Gombe,Kinshasa,1,FALSE,recalibrated-deployed,0.00210233,3.28849e-4,0.00579189,0.00159719,92,34,241,0.00210614,0.851336,73,0.0153711,NA,NA,NA,NA,NA,NA,0.216216,0.00921189,145,0.0694981,0.569498,0,0.00965251,0,Bayes-M14-fill-geo
Kunda,Maniema,1,FALSE,recalibrated-deployed,0.00208206,0.00130285,0.0029811,0.00204911,74,61,88,0.00208437,0.842536,74,0.0152229,NA,NA,NA,NA,NA,NA,0.555341,0.0234322,69,0.46332,0.279923,0,0.92278,0,Bayes-M14-fill-geo
Kongolo,Tanganyika,1,FALSE,recalibrated-deployed,0.00201054,0.00114716,0.00302399,0.00196632,78,60,93,0.00201273,0.813581,75,0.0147,NA,NA,NA,NA,NA,NA,0.910553,0.0371003,49,0.8861,0.92278,0,0.92278,0,Bayes-M14-fill-geo
Nyangezi,Sud-Kivu,1,FALSE,recalibrated-deployed,0.00198083,0.0013864,0.00262576,0.00194495,77,57,126,0.00198287,0.801507,76,0.0144827,NA,NA,NA,NA,NA,NA,0.491634,0.0197355,90,0.222008,0.88417,0,0.368726,0,Bayes-M14-fill-geo
Yaleko,Tshopo,1,FALSE,recalibrated-deployed,0.00191514,0.00130495,0.00259953,0.00189227,79,67,100,0.00191705,0.774905,77,0.0140025,NA,NA,NA,NA,NA,NA,0.536036,0.0208043,88,0.638996,0.245174,0,0.723938,0,Bayes-M14-fill-geo
Saramabila,Maniema,1,FALSE,recalibrated-deployed,0.0019125,0.00122514,0.00269554,0.00188409,80,67,96,0.00191443,0.773845,78,0.0139831,NA,NA,NA,NA,NA,NA,0.635779,0.0246414,65,0.472973,0.550193,0,0.88417,0,Bayes-M14-fill-geo
Kalehe,Sud-Kivu,1,FALSE,recalibrated-deployed,0.00188686,0.00115821,0.00279023,0.00184963,82,58,124.05,0.00188876,0.763469,79,0.0137957,NA,NA,NA,NA,NA,NA,0.449163,0.0171752,104,0.341699,0.864865,0,0.140927,0,Bayes-M14-fill-geo
Mbaya,Sud-Ubangi,1,FALSE,recalibrated-deployed,0.00188472,0.00122178,0.00270579,0.00183177,81,56,136,0.00188661,0.762599,80,0.0137801,NA,NA,NA,NA,NA,NA,0.418919,0.0160006,108,0.351351,0.223938,0,0.681467,0,Bayes-M14-fill-geo
Bunyakiri,Sud-Kivu,1,FALSE,recalibrated-deployed,0.00186223,0.00144756,0.00233061,0.00184649,81,68,110,0.001864,0.753461,81,0.0136156,NA,NA,NA,NA,NA,NA,0.602317,0.022731,73,0.619691,0.832046,0,0.35521200000000003,0,Bayes-M14-fill-geo
Budjala,Sud-Ubangi,1,FALSE,recalibrated-deployed,0.00184602,0.00126529,0.00253605,0.00180965,82,61.95,127,0.0018478,0.746911,82,0.0134971,NA,NA,NA,NA,NA,NA,0.573359,0.0214497,81,0.515444,0.403475,0,0.801158,0,Bayes-M14-fill-geo
Birambizo,Nord-Kivu,1,FALSE,recalibrated-deployed,0.00183825,0.00114972,0.00264496,0.00180964,84,62,121,0.00184005,0.74378,83,0.0134403,NA,NA,0.270958,16,NA,NA,0.483269,0.0180034,98,0.403475,0.889961,0,0.156371,0,Bayes-M14-fill-geo
Lowa,Tshopo,1,FALSE,recalibrated-deployed,0.0018261,0.00111112,0.00264041,0.00179342,85,70,98,0.00182788,0.738861,84,0.0133515,NA,NA,NA,NA,NA,NA,0.543115,0.0200991,89,0.893822,0.0598456,0,0.675676,0,Bayes-M14-fill-geo
Lulingu,Sud-Kivu,1,FALSE,recalibrated-deployed,0.00180771,0.00118483,0.00250383,0.00178474,85,72,102,0.00180943,0.731404,85,0.013217,NA,NA,NA,NA,NA,NA,0.821107,0.0300808,55,0.909266,0.810811,0,0.743243,0,Bayes-M14-fill-geo
Mubumbano,Sud-Kivu,1,FALSE,recalibrated-deployed,0.00179637,0.00134465,0.00232809,0.00178048,84,68,114,0.00179803,0.726793,86,0.0131341,NA,NA,NA,NA,NA,NA,0.487773,0.0177572,101,0.26834,0.940154,0,0.254826,0,Bayes-M14-fill-geo
Kabinda,Lomami,1,FALSE,recalibrated-deployed,0.00179211,0.00103254,0.00268242,0.00175052,87,69,102,0.00179385,0.725106,87,0.013103,NA,NA,NA,NA,NA,NA,0.584299,0.0212207,83,0.509653,0.554054,0,0.689189,0,Bayes-M14-fill-geo
Nsele,Kinshasa,1,FALSE,recalibrated-deployed,0.00177935,4.80269e-4,0.00397367,0.00152417,96,48,173.05,0.00178152,0.720121,88,0.0130096,NA,NA,NA,NA,NA,NA,0.211068,0.00761102,169,0.138996,0.399614,0,0.0945946,0,Bayes-M14-fill-geo
Yamaluka,Mongala,1,FALSE,recalibrated-deployed,0.0017556,0.00118233,0.00243868,0.00173095,86,82,99,0.00175722,0.710298,89,0.012836,NA,NA,NA,NA,NA,NA,0.263192,0.00936393,142,0.279923,0.144788,0,0.364865,0,Bayes-M14-fill-geo
Masuika,Kasaï-Central,1,FALSE,recalibrated-deployed,0.00175493,9.1525e-4,0.00277647,0.00169094,89.5,66,110.05,0.00175665,0.710067,90,0.0128311,NA,NA,NA,NA,NA,NA,0.518018,0.0184232,95,0.326255,0.561776,0,0.666023,0,Bayes-M14-fill-geo
Kalemie,Tanganyika,1,FALSE,recalibrated-deployed,0.00170966,0.00100703,0.00260633,0.00165266,90,75,110,0.00171124,0.691713,91,0.0125001,NA,NA,NA,NA,NA,NA,0.505148,0.017502,103,0.671815,0.457529,0,0.3861,0,Bayes-M14-fill-geo
Lodja,Sankuru,1,FALSE,recalibrated-deployed,0.00169939,9.11631e-4,0.00264292,0.00164385,92,70,111,0.00170099,0.687569,92,0.012425,NA,NA,NA,NA,NA,NA,0.616795,0.021242,82,0.262548,0.635135,0,0.952703,0,Bayes-M14-fill-geo
Djolu,Tshuapa,1,FALSE,recalibrated-deployed,0.001699,0.00106177,0.00243908,0.00167164,90,76,107,0.00170053,0.687384,93,0.0124222,NA,NA,NA,NA,NA,NA,0.700772,0.0241284,67,0.710425,0.598456,0,0.793436,0,Bayes-M14-fill-geo
Ikela,Tshuapa,1,FALSE,recalibrated-deployed,0.00166282,0.00100794,0.00242842,0.00163176,93,76,109,0.0016643,0.672739,94,0.0121577,NA,NA,NA,NA,NA,NA,0.617761,0.0208174,87,0.814672,0.179537,0,0.859073,0,Bayes-M14-fill-geo
Omendjadi,Sankuru,1,FALSE,recalibrated-deployed,0.00163087,8.90583e-4,0.00251018,0.00158266,97,74,114,0.00163234,0.659817,95,0.0119241,NA,NA,NA,NA,NA,NA,0.568211,0.0187797,93,0.550193,0.23166,0,0.92278,0,Bayes-M14-fill-geo
Yalifafu,Tshuapa,1,FALSE,recalibrated-deployed,0.0016102,9.42087e-4,0.00237461,0.00157697,97,78,112,0.0016116,0.651437,96,0.0117729,NA,NA,NA,NA,NA,NA,0.63964,0.0208726,86,0.766409,0.26834,0,0.88417,0,Bayes-M14-fill-geo
Mulungu,Sud-Kivu,1,FALSE,recalibrated-deployed,0.00158031,0.0011014900000000001,0.0021047,0.00155999,95,78,126,0.0015816,0.639311,97,0.0115544,NA,NA,NA,NA,NA,NA,0.694337,0.0222368,78,0.861004,0.519305,0,0.702703,0,Bayes-M14-fill-geo
Kaniola,Sud-Kivu,1,FALSE,recalibrated-deployed,0.0015763,0.00121589,0.001993,0.0015637,98,77,123,0.00157757,0.63768,98,0.011525,NA,NA,NA,NA,NA,NA,0.601673,0.0192202,91,0.532819,0.930502,0,0.341699,0,Bayes-M14-fill-geo
Bokungu,Tshuapa,1,FALSE,recalibrated-deployed,0.00157321,9.14561e-4,0.0023336,0.00154062,101,80,115,0.00157455,0.636459,99,0.0115025,NA,NA,NA,NA,NA,NA,0.658301,0.020988,85,0.694981,0.357143,0,0.92278,0,Bayes-M14-fill-geo
Nyantende,Sud-Kivu,1,FALSE,recalibrated-deployed,0.00156663,0.0010856,0.00210815,0.00154866,101,68,148,0.0015679,0.633773,100,0.0114543,NA,NA,NA,NA,NA,NA,0.429215,0.013627,117,0.148649,0.893822,0,0.245174,0,Bayes-M14-fill-geo
Yahuma,Tshopo,1,FALSE,recalibrated-deployed,0.00154394,0.00102533,0.00212253,0.00152494,97,92,113,0.00154519,0.624592,101,0.0112885,NA,NA,NA,NA,NA,NA,0.586873,0.0183626,97,0.864865,0.332046,0,0.563707,0,Bayes-M14-fill-geo
Yamongili,Mongala,1,FALSE,recalibrated-deployed,0.00153499,0.00107078,0.00206421,0.0015168,100,91,106,0.00153621,0.620963,102,0.011223,NA,NA,NA,NA,NA,NA,0.432432,0.0134519,119,0.511583,0.366795,0,0.418919,0,Bayes-M14-fill-geo
Yambuku,Mongala,1,FALSE,recalibrated-deployed,0.00152069,9.90497e-4,0.00212382,0.00150289,100,91,116,0.0015219,0.615178,103,0.0111184,NA,NA,NA,NA,NA,NA,0.579151,0.017848,100,0.548263,0.57529,0,0.6139,0,Bayes-M14-fill-geo
Kimbi Lulenge,Sud-Kivu,1,FALSE,recalibrated-deployed,0.00148863,0.00100352,0.00204416,0.00146704,104,98,110,0.00148979,0.602196,104,0.010884,NA,NA,NA,NA,NA,NA,0.734234,0.0221503,79,0.84749,0.868726,0,0.486486,0,Bayes-M14-fill-geo
Kampene,Maniema,1,FALSE,recalibrated-deployed,0.00148703,9.44687e-4,0.00212064,0.00146589,104,88,121,0.0014882,0.601557,105,0.0108724,NA,NA,NA,NA,NA,NA,0.528314,0.015921,109,0.525097,0.175676,0,0.88417,0,Bayes-M14-fill-geo
Yahisuli,Tshopo,1,FALSE,recalibrated-deployed,0.00148022,9.86117e-4,0.00203152,0.00146109,103,88,125,0.00148137,0.598795,106,0.0108226,NA,NA,NA,NA,NA,NA,0.469434,0.0140819,114,0.38417,0.0714286,0,0.952703,0,Bayes-M14-fill-geo
Mbulula,Tanganyika,1,FALSE,recalibrated-deployed,0.00144792,8.56217e-4,0.00212684,0.00142019,108,88,123,0.00144905,0.585729,107,0.0105864,NA,NA,NA,NA,NA,NA,0.791184,0.0232157,70,0.644788,0.776062,0,0.952703,0,Bayes-M14-fill-geo
Kabalo,Tanganyika,1,FALSE,recalibrated-deployed,0.00144326,8.14834e-4,0.0021846,0.00141037,110,86,123,0.00144439,0.583849,108,0.0105523,NA,NA,NA,NA,NA,NA,0.832046,0.0243362,66,0.903475,0.756757,0,0.835907,0,Bayes-M14-fill-geo
Binza Ozone,Kinshasa,1,FALSE,recalibrated-deployed,0.00143834,2.26644e-4,0.00394677,0.00109644,126,47,284,0.00144011,0.582117,109,0.0105163,NA,NA,NA,NA,NA,NA,0.202703,0.00590853,204,0.0733591,0.523166,0,0.011583,0,Bayes-M14-fill-geo
Kailo,Maniema,1,FALSE,recalibrated-deployed,0.0014332,8.39484e-4,0.00211326,0.00140399,110,90,125,0.00143431,0.579771,110,0.0104788,NA,NA,NA,NA,NA,NA,0.570142,0.0165596,107,0.832046,0.0945946,0,0.783784,0,Bayes-M14-fill-geo
Likati,Bas-Uele,1,FALSE,recalibrated-deployed,0.00142195,9.50026e-4,0.00194423,0.0014029,107,91,131,0.00142301,0.575204,111,0.0103965,NA,NA,NA,NA,NA,NA,0.949807,0.0273703,59,0.994208,0.971042,0,0.88417,0,Bayes-M14-fill-geo
Ndekesha,Kasaï-Central,1,FALSE,recalibrated-deployed,0.00141788,7.5871e-4,0.00221857,0.00136484,112,83,126,0.001419,0.573583,112,0.0103668,NA,NA,NA,NA,NA,NA,0.541184,0.0155505,111,0.476834,0.449807,0,0.696911,0,Bayes-M14-fill-geo
Limete,Kinshasa,1,FALSE,recalibrated-deployed,0.00141084,2.66187e-4,0.00358447,0.00111726,123,52,265.05,0.00141242,0.570923,113,0.0103153,NA,NA,NA,NA,NA,NA,0.0746461,0.00213424,326,0.0405405,0.137066,0,0.046332,0,Bayes-M14-fill-geo
Kalole,Sud-Kivu,1,FALSE,recalibrated-deployed,0.00139965,9.37188e-4,0.00191476,0.00138112,109,94,132.05,0.00140067,0.566176,114,0.0102335,NA,NA,NA,NA,NA,NA,0.805019,0.0228342,71,0.889961,0.779923,0,0.745174,0,Bayes-M14-fill-geo
Dibaya,Kasaï-Central,1,FALSE,recalibrated-deployed,0.00137616,7.52235e-4,0.00212984,0.00133082,113,92.95,124,0.0013772,0.556689,115,0.0100618,NA,NA,NA,NA,NA,NA,0.443372,0.0123651,124,0.314672,0.447876,0,0.567568,0,Bayes-M14-fill-geo
Gemena,Sud-Ubangi,1,FALSE,recalibrated-deployed,0.00133825,9.2808e-4,0.0018175,0.00131384,112,82,156,0.00133918,0.541321,116,0.00978458,NA,NA,NA,NA,NA,NA,0.436937,0.0118499,127,0.17760600000000001,0.274131,0,0.859073,0,Bayes-M14-fill-geo
Cilundu,Kasaï-Oriental,1,FALSE,recalibrated-deployed,0.00130772,7.03679e-4,0.00212446,0.00124953,115,95,132,0.00130867,0.528985,117,0.00956132,NA,NA,NA,NA,NA,NA,0.294723,0.00781066,165,0.23166,0.30888,0,0.343629,0,Bayes-M14-fill-geo
Itebero,Nord-Kivu,1,FALSE,recalibrated-deployed,0.00125241,8.89115e-4,0.00163943,0.00123888,116,100,146,0.00125322,0.506572,118,0.00915694,NA,NA,0.184544,17,NA,NA,0.743243,0.0188641,92,0.911197,0.722008,0,0.596525,0,Bayes-M14-fill-geo
Lubumbashi,Haut-Katanga,1,FALSE,recalibrated-deployed,0.00125194,4.10935e-4,0.00257006,0.00111525,123,72,198,0.00125294,0.50646,119,0.0091535,NA,NA,NA,NA,NA,NA,0.147362,0.00373876,269,0.108108,0.210425,0,0.123552,0,Bayes-M14-fill-geo
Alunguli,Maniema,1,FALSE,recalibrated-deployed,0.00122804,7.46415e-4,0.00178768,0.00120618,118,107,140,0.00122884,0.496719,120,0.00897875,NA,NA,NA,NA,NA,NA,0.417632,0.0103936,137,0.173745,0.194981,0,0.88417,0,Bayes-M14-fill-geo
Mompono,Tshuapa,1,FALSE,recalibrated-deployed,0.00121759,7.1894e-4,0.00178927,0.00119408,119,106,140,0.00121839,0.492493,121,0.00890237,NA,NA,NA,NA,NA,NA,0.746461,0.0184191,96,0.80888,0.604247,0,0.826255,0,Bayes-M14-fill-geo
Tshibala,Kasaï-Central,1,FALSE,recalibrated-deployed,0.00119468,6.20605e-4,0.00189211,0.00114813,122,103,140,0.00119547,0.48323,122,0.00873483,NA,NA,NA,NA,NA,NA,0.56242,0.0136167,118,0.426641,0.57722,0,0.683398,0,Bayes-M14-fill-geo
Kamituga,Sud-Kivu,1,FALSE,recalibrated-deployed,0.00116238,8.33659e-4,0.00152353,0.00115117,121,112,142,0.00116308,0.470135,123,0.00849869,NA,NA,NA,NA,NA,NA,0.479408,0.0112931,130,0.393822,0.606178,0,0.438224,0,Bayes-M14-fill-geo
Mukumbi,Kasaï-Oriental,1,FALSE,recalibrated-deployed,0.00115673,6.42972e-4,0.001794,0.00111774,123,114,133,0.00115746,0.467866,124,0.0084574,NA,NA,NA,NA,NA,NA,0.299871,0.00702954,179,0.241313,0.189189,0,0.469112,0,Bayes-M14-fill-geo
Nyunzu,Tanganyika,1,FALSE,recalibrated-deployed,0.00115197,6.7418e-4,0.00171137,0.00112794,124,112.95,140,0.00115268,0.465934,125,0.00842256,NA,NA,NA,NA,NA,NA,0.803089,0.0187484,94,0.965251,0.833977,0,0.610039,0,Bayes-M14-fill-geo
Yangala,Kasaï-Central,1,FALSE,recalibrated-deployed,0.00110611,5.89637e-4,0.00173433,0.00106706,128,112,142,0.00110679,0.447383,126,0.00808729,NA,NA,NA,NA,NA,NA,0.463964,0.0104002,136,0.592664,0.225869,0,0.573359,0,Bayes-M14-fill-geo
Kitutu,Sud-Kivu,1,FALSE,recalibrated-deployed,0.0010862,7.7223e-4,0.00143384,0.00107596,126,117,149,0.00108681,0.439308,127,0.00794174,NA,NA,NA,NA,NA,NA,0.669884,0.0147459,112,0.750965,0.805019,0,0.453668,0,Bayes-M14-fill-geo
Kananga,Kasaï-Central,1,FALSE,recalibrated-deployed,0.00108475,5.88207e-4,0.00170271,0.00104368,130,118,140,0.0010854,0.438737,128,0.00793112,NA,NA,NA,NA,NA,NA,0.395109,0.00868575,150,0.142857,0.557915,0,0.484556,0,Bayes-M14-fill-geo
Lusangi,Maniema,1,FALSE,recalibrated-deployed,0.00103865,6.60374e-4,0.00147806,0.00102435,130,118,156,0.00103922,0.42007,129,0.00759404,NA,NA,NA,NA,NA,NA,0.563063,0.0118518,126,0.565637,0.264479,0,0.859073,0,Bayes-M14-fill-geo
Mpokolo,Kasaï-Oriental,1,FALSE,recalibrated-deployed,0.00103848,5.69507e-4,0.00166938,9.93987e-4,132,121,149,0.00103908,0.420013,130,0.00759283,NA,NA,NA,NA,NA,NA,0.386744,0.00813922,158,0.125483,0.687259,0,0.34749,0,Bayes-M14-fill-geo
Lingwala,Kinshasa,1,FALSE,recalibrated-deployed,0.00103552,1.68964e-4,0.00279658,7.94848e-4,152,63.95,316,0.00103642,0.41894,131,0.00757115,NA,NA,NA,NA,NA,NA,0.0431145,9.04776e-4,386,0.023166,0.0907336,0,0.015444,0,Bayes-M14-fill-geo
Luputa,Lomami,1,FALSE,recalibrated-deployed,0.00100723,5.51405e-4,0.00155515,9.77157e-4,134,119,155,0.00100779,0.407365,132,0.00736433,NA,NA,NA,NA,NA,NA,0.457529,0.00933915,143,0.330116,0.316602,0,0.725869,0,Bayes-M14-fill-geo
Mulumba,Lomami,1,FALSE,recalibrated-deployed,0.001,5.70173e-4,0.00151118,9.75132e-4,134,126,147,0.00100055,0.404438,133,0.00731149,NA,NA,NA,NA,NA,NA,0.344916,0.00698996,180,0.183398,0.310811,0,0.540541,0,Bayes-M14-fill-geo
Lemba,Kinshasa,1,FALSE,recalibrated-deployed,9.87253e-4,1.99785e-4,0.0024511,7.93844e-4,152,72,293.05,9.88002e-4,0.399367,134,0.00721826,NA,NA,NA,NA,NA,NA,0.136422,0.00272944,304,0.0482625,0.30695,0,0.0540541,0,Bayes-M14-fill-geo
Samba,Maniema,1,FALSE,recalibrated-deployed,9.8614e-4,6.19285e-4,0.00141343,9.71098e-4,135,122,161,9.86656e-4,0.398823,135,0.00721012,NA,NA,NA,NA,NA,NA,0.690476,0.013799,116,0.752896,0.434363,0,0.88417,0,Bayes-M14-fill-geo
Ndjoko Mpunda,Kasaï,1,FALSE,recalibrated-deployed,9.84302e-4,5.05554e-4,0.00156904,9.47592e-4,138,120.95,154,9.84844e-4,0.398091,136,0.00719669,NA,NA,NA,NA,NA,NA,0.444015,0.00885699,149,0.397683,0.291506,0,0.642857,0,Bayes-M14-fill-geo
Bonzola,Kasaï-Oriental,1,FALSE,recalibrated-deployed,9.75652e-4,5.20789e-4,0.00158258,9.31742e-4,137,127,157,9.7618e-4,0.394588,137,0.00713344,NA,NA,NA,NA,NA,NA,0.394466,0.00779945,166,0.0926641,0.793436,0,0.297297,0,Bayes-M14-fill-geo
Mweneditu,Lomami,1,FALSE,recalibrated-deployed,9.72669e-4,5.38428e-4,0.0014893,9.43497e-4,138,127,152,9.73187e-4,0.393379,138,0.00711163,NA,NA,NA,NA,NA,NA,0.37323,0.00735702,174,0.166023,0.38417,0,0.569498,0,Bayes-M14-fill-geo
Kokolo,Kinshasa,1,FALSE,recalibrated-deployed,9.67718e-4,1.59767e-4,0.00259901,7.44899e-4,159,68,322.05,9.68507e-4,0.391487,139,0.00707544,NA,NA,NA,NA,NA,NA,0.289575,0.00567898,211,0.0772201,0.772201,0,0.019305,0,Bayes-M14-fill-geo
Idjwi,Sud-Kivu,1,FALSE,recalibrated-deployed,9.67234e-4,4.22357e-4,0.00171629,9.17004e-4,141,86,241.05,9.67782e-4,0.391194,140,0.0070719,NA,NA,NA,NA,NA,NA,0.400901,0.0078583,163,0.299228,0.822394,0,0.0810811,0,Bayes-M14-fill-geo
Opala,Tshopo,1,FALSE,recalibrated-deployed,9.53782e-4,6.06272e-4,0.00135765,0.00094080399999999995,138,124,166,9.54265e-4,0.38573,141,0.00697355,NA,NA,NA,NA,NA,NA,0.569176,0.0110016,135,0.781853,0.0791506,0,0.846525,0,Bayes-M14-fill-geo
Kalonge,Sud-Kivu,1,FALSE,recalibrated-deployed,9.50076e-4,7.21308e-4,0.00121149,9.40671e-4,138,108,197,9.50538e-4,0.384224,142,0.00694644,NA,NA,NA,NA,NA,NA,0.53861,0.0103703,138,0.496139,0.835907,0,0.283784,0,Bayes-M14-fill-geo
Mumbunda,Haut-Katanga,1,FALSE,recalibrated-deployed,9.41359e-4,2.96129e-4,0.00196104,8.334e-4,146,95,241,9.41933e-4,0.380745,143,0.00688271,NA,NA,NA,NA,NA,NA,0.247104,0.00471406,237,0.119691,0.507722,0,0.1139,0,Bayes-M14-fill-geo
Binga,Mongala,1,FALSE,recalibrated-deployed,9.38176e-4,6.66978e-4,0.00124545,9.26767e-4,139,108,214,9.38632e-4,0.379411,144,0.00685944,NA,NA,NA,NA,NA,NA,0.440798,0.00838077,151,0.474903,0.249035,0,0.598456,0,Bayes-M14-fill-geo
Kaziba,Sud-Kivu,1,FALSE,recalibrated-deployed,9.28912e-4,7.21604e-4,0.00117151,9.22612e-4,140,116,188,9.29353e-4,0.37566,145,0.0067917,NA,NA,NA,NA,NA,NA,0.47619,0.00896427,148,0.287645,0.783784,0,0.357143,0,Bayes-M14-fill-geo
Bilomba,Kasaï-Central,1,FALSE,recalibrated-deployed,9.1977e-4,4.89056e-4,0.00144352,8.8546e-4,143,128,163,9.2024e-4,0.371977,146,0.00672487,NA,NA,NA,NA,NA,NA,0.534106,0.00995557,140,0.337838,0.442085,0,0.822394,0,Bayes-M14-fill-geo
Lubunga (Kasaï-Central),Kasaï-Central,1,FALSE,recalibrated-deployed,8.97744e-4,4.85794e-4,0.00139098,8.69535e-4,146,131,166,8.98188e-4,0.363063,147,0.00656382,NA,NA,NA,NA,NA,NA,0.613256,0.0111572,133,0.563707,0.465251,0,0.810811,0,Bayes-M14-fill-geo
Kasansa,Kasaï-Oriental,1,FALSE,recalibrated-deployed,8.97077e-4,5.05895e-4,0.00138968,8.65062e-4,146,141,152,8.97517e-4,0.362792,148,0.00655895,NA,NA,NA,NA,NA,NA,0.446589,0.00811892,160,0.256757,0.669884,0,0.413127,0,Bayes-M14-fill-geo
Manono,Tanganyika,1,FALSE,recalibrated-deployed,8.95415e-4,4.92205e-4,0.00139838,8.62978e-4,146,139,153,8.95855e-4,0.36212,149,0.00654679,NA,NA,NA,NA,NA,NA,0.767696,0.0139307,115,0.878378,0.953668,0,0.471042,0,Bayes-M14-fill-geo
Kabongo,Haut-Lomami,1,FALSE,recalibrated-deployed,8.92934e-4,4.82941e-4,0.00139154,8.62915e-4,147,136,160,8.93374e-4,0.361117,150,0.00652866,NA,NA,NA,NA,NA,NA,0.716216,0.0129606,121,0.810811,0.777992,0,0.559846,0,Bayes-M14-fill-geo
Bili (Nord-Ubangi),Nord-Ubangi,1,FALSE,recalibrated-deployed,8.6932e-4,5.41145e-4,0.00124931,8.55202e-4,147,125,184,8.69723e-4,0.351556,151,0.006356,NA,NA,NA,NA,NA,NA,0.943372,0.0166197,106,0.92471,0.918919,0,0.986486,0,Bayes-M14-fill-geo
Abuzi,Nord-Ubangi,1,FALSE,recalibrated-deployed,8.67478e-4,5.17554e-4,0.00127286,8.51978e-4,147,134,170,8.67882e-4,0.350813,152,0.00634254,NA,NA,NA,NA,NA,NA,0.953668,0.0167655,105,0.984556,0.905405,0,0.971042,0,Bayes-M14-fill-geo
Idiofa,Kwilu,1,FALSE,recalibrated-deployed,8.59827e-4,4.23503e-4,0.00140492,8.20796e-4,152,132,170,8.60248e-4,0.347726,153,0.0062866,NA,NA,NA,NA,NA,NA,0.648005,0.0112914,131,0.453668,0.749035,0,0.741313,0,Bayes-M14-fill-geo
Haut Plateau,Sud-Kivu,1,FALSE,recalibrated-deployed,8.58486e-4,5.92677e-4,0.00116685,8.41513e-4,149,116,220,8.5887e-4,0.34717,154,0.00627679,NA,NA,NA,NA,NA,NA,0.699485,0.0121695,125,0.571429,0.544402,0,0.982625,0,Bayes-M14-fill-geo
Wasolo,Nord-Ubangi,1,FALSE,recalibrated-deployed,8.20804e-4,4.96951e-4,0.00119985,8.04761e-4,152,129,193,8.21165e-4,0.331929,155,0.00600128,NA,NA,NA,NA,NA,NA,0.761261,0.0126629,122,0.554054,0.741313,0,0.988417,0,Bayes-M14-fill-geo
Kinshasa,Kinshasa,1,FALSE,recalibrated-deployed,8.15505e-4,1.35594e-4,0.00218303,6.29204e-4,177.5,78.95,334,8.16063e-4,0.329866,156,0.00596253,NA,NA,NA,NA,NA,NA,0.027027,4.46668e-4,414,0.0135135,0.046332,0,0.0212355,0,Bayes-M14-fill-geo
Lubondaie,Kasaï-Central,1,FALSE,recalibrated-deployed,8.11027e-4,4.34696e-4,0.00126894,7.81387e-4,155,141,173,8.11391e-4,0.327978,157,0.00592979,NA,NA,NA,NA,NA,NA,0.419562,0.00689591,183,0.382239,0.158301,0,0.718147,0,Bayes-M14-fill-geo
Moba,Tanganyika,1,FALSE,recalibrated-deployed,8.03736e-4,4.21074e-4,0.00130804,7.69477e-4,157,148,167,8.04096e-4,0.325029,158,0.00587648,NA,NA,NA,NA,NA,NA,0.507722,0.00826988,154,0.617761,0.494208,0,0.411197,0,Bayes-M14-fill-geo
Kaniama,Haut-Lomami,1,FALSE,recalibrated-deployed,7.98343e-4,4.30396e-4,0.00123878,7.72808e-4,156,143,177,7.98695e-4,0.322846,159,0.00583706,NA,NA,NA,NA,NA,NA,0.776062,0.0125558,123,0.853282,0.662162,0,0.812741,0,Bayes-M14-fill-geo
Lingomo,Tshuapa,1,FALSE,recalibrated-deployed,7.7643e-4,4.84491e-4,0.00111568,7.63742e-4,157,139,192,7.76751e-4,0.313976,160,0.00567684,NA,NA,NA,NA,NA,NA,0.750322,0.0118062,129,0.826255,0.586873,0,0.837838,0,Bayes-M14-fill-geo
Kitenge,Haut-Lomami,1,FALSE,recalibrated-deployed,7.6401e-4,4.2138e-4,0.00118199,7.41239e-4,160,150,178,7.64331e-4,0.308955,161,0.00558603,NA,NA,NA,NA,NA,NA,0.763835,0.0118266,128,0.866795,0.80695,0,0.617761,0,Bayes-M14-fill-geo
Kamiji,Lomami,1,FALSE,recalibrated-deployed,7.62406e-4,4.18158e-4,0.00117698,7.39767e-4,161,152,175,7.62725e-4,0.308306,162,0.0055743,NA,NA,NA,NA,NA,NA,0.351351,0.0054286,216,0.339768,0.129344,0,0.584942,0,Bayes-M14-fill-geo
Kimputu,Kwilu,1,FALSE,recalibrated-deployed,7.5892e-4,3.66349e-4,0.00125762,7.2162e-4,163,143,186.05,7.5925e-4,0.306901,163,0.00554881,NA,NA,NA,NA,NA,NA,0.671815,0.0103325,139,0.492278,0.638996,0,0.88417,0,Bayes-M14-fill-geo
Kibombo,Maniema,1,FALSE,recalibrated-deployed,7.56124e-4,4.52371e-4,0.00110891,7.42457e-4,160,144,191,7.5643e-4,0.305762,164,0.00552837,NA,NA,NA,NA,NA,NA,0.615187,0.0094267,141,0.745174,0.17760600000000001,0,0.92278,0,Bayes-M14-fill-geo
Yakoma,Nord-Ubangi,1,FALSE,recalibrated-deployed,7.39741e-4,4.24508e-4,0.00113347,7.20472e-4,164,131,226,7.40039e-4,0.299136,165,0.00540859,NA,NA,NA,NA,NA,NA,0.885457,0.0132742,120,0.712355,0.947876,0,0.996139,0,Bayes-M14-fill-geo
Kintambo,Kinshasa,1,FALSE,recalibrated-deployed,7.36416e-4,1.16766e-4,0.0020151,5.62071e-4,197,87.95,347,7.3688e-4,0.297859,166,0.00538428,NA,NA,NA,NA,NA,NA,0.045045,6.72249e-4,397,0.0212355,0.100386,0,0.0135135,0,Bayes-M14-fill-geo
Mufunga Sampwe,Haut-Katanga,1,FALSE,recalibrated-deployed,7.32584e-4,3.76002e-4,0.00117157,7.03808e-4,166,154,181,7.32884e-4,0.296244,167,0.00535626,NA,NA,NA,NA,NA,NA,0.503218,0.0074709,171,0.818533,0.0888031,0,0.602317,0,Bayes-M14-fill-geo
Kenge,Kwango,1,FALSE,recalibrated-deployed,7.32563e-4,3.50647e-4,0.00121946,6.95166e-4,168,147.95,193.05,7.32872e-4,0.296239,168,0.00535611,NA,NA,NA,NA,NA,NA,0.743243,0.0110341,134,0.6139,0.812741,0,0.803089,0,Bayes-M14-fill-geo
Monga,Bas-Uele,1,FALSE,recalibrated-deployed,7.19887e-4,4.48371e-4,0.00103456,7.07916e-4,165,142,212,7.20163e-4,0.291102,169,0.00526343,NA,NA,NA,NA,NA,NA,0.978121,0.0142698,113,0.982625,0.967181,0,0.984556,0,Bayes-M14-fill-geo
Kasa Vubu,Kinshasa,1,FALSE,recalibrated-deployed,7.1916e-4,1.23693e-4,0.00190991,5.58645e-4,199,92,343,7.19588e-4,0.29087,170,0.00525812,NA,NA,NA,NA,NA,NA,0.0592021,8.62824e-4,388,0.030888,0.121622,0,0.0250965,0,Bayes-M14-fill-geo
Kabeya Kamwanga,Kasaï-Oriental,1,FALSE,recalibrated-deployed,7.16729e-4,3.97086e-4,0.0011145,6.92327e-4,167,163,173,7.17011e-4,0.289828,171,0.00524034,NA,NA,NA,NA,NA,NA,0.395753,0.00574829,208,0.322394,0.391892,0,0.472973,0,Bayes-M14-fill-geo
Nzaba,Kasaï-Oriental,1,FALSE,recalibrated-deployed,7.16374e-4,3.8391e-4,0.00116275,6.847e-4,166,158,198,7.16659e-4,0.289686,172,0.00523774,NA,NA,NA,NA,NA,NA,0.370656,0.0053811,217,0.104247,0.69305,0,0.314672,0,Bayes-M14-fill-geo
Bunkonde,Kasaï-Central,1,FALSE,recalibrated-deployed,6.97679e-4,3.75431e-4,0.00109004,6.735e-4,170,157,197,6.97949e-4,0.282123,173,0.00510106,NA,NA,NA,NA,NA,NA,0.469755,0.00664182,188,0.401544,0.277992,0,0.72973,0,Bayes-M14-fill-geo
Kabambare,Maniema,1,FALSE,recalibrated-deployed,6.86198e-4,4.37469e-4,9.70119e-4,6.77575e-4,170,150,212,6.86446e-4,0.277473,174,0.00501711,NA,NA,NA,NA,NA,NA,0.527027,0.00732895,175,0.835907,0.111969,0,0.633205,0,Bayes-M14-fill-geo
Kitangwa,Kasaï,1,FALSE,recalibrated-deployed,6.81544e-4,3.39843e-4,0.00111815,6.48782e-4,175,159,195,6.81807e-4,0.275598,175,0.00498308,NA,NA,NA,NA,NA,NA,0.438224,0.00605271,200,0.633205,0.106178,0,0.57529,0,Bayes-M14-fill-geo
Kanda Kanda,Lomami,1,FALSE,recalibrated-deployed,6.70677e-4,3.72224e-4,0.00102804,6.51528e-4,173,159,204,6.70922e-4,0.271198,176,0.00490363,NA,NA,NA,NA,NA,NA,0.401544,0.00545766,215,0.318533,0.173745,0,0.712355,0,Bayes-M14-fill-geo
Kalamu 1,Kinshasa,1,FALSE,recalibrated-deployed,6.67536e-4,1.17863e-4,0.00174187,5.20271e-4,214,100.95,345,6.67899e-4,0.269976,177,0.00488067,NA,NA,NA,NA,NA,NA,0.041184,5.57139e-4,406,0.019305,0.0733591,0,0.030888,0,Bayes-M14-fill-geo
Mweka,Kasaï,1,FALSE,recalibrated-deployed,6.6147e-4,3.43378e-4,0.00105021,6.34195e-4,177,161,207,6.61715e-4,0.267476,178,0.00483632,NA,NA,NA,NA,NA,NA,0.673745,0.00903162,147,0.478764,0.723938,0,0.818533,0,Bayes-M14-fill-geo
Luebo,Kasaï,1,FALSE,recalibrated-deployed,6.599e-4,3.48501e-4,0.0010379,6.34716e-4,177,163,205,6.60142e-4,0.26684,179,0.00482483,NA,NA,NA,NA,NA,NA,0.580438,0.00776235,167,0.523166,0.511583,0,0.706564,0,Bayes-M14-fill-geo
Mikalayi,Kasaï-Central,1,FALSE,recalibrated-deployed,6.59797e-4,3.54856e-4,0.00103153,6.36096e-4,177,169,193,6.60038e-4,0.266798,180,0.00482408,NA,NA,NA,NA,NA,NA,0.526384,0.00703837,178,0.451737,0.581081,0,0.546332,0,Bayes-M14-fill-geo
Lusanga,Kwilu,1,FALSE,recalibrated-deployed,6.5702e-4,3.19418e-4,0.00110196,6.22161e-4,180,163,204,6.57267e-4,0.265678,181,0.00480378,NA,NA,NA,NA,NA,NA,0.565637,0.00753141,170,0.438224,0.72973,0,0.528958,0,Bayes-M14-fill-geo
Kikwit Nord,Kwilu,1,FALSE,recalibrated-deployed,6.52666e-4,3.16768e-4,0.00109364,6.18269e-4,181,166,202.05,6.52909e-4,0.263917,182,0.00477194,NA,NA,NA,NA,NA,NA,0.388674,0.00514087,221,0.123552,0.540541,0,0.501931,0,Bayes-M14-fill-geo
Katako Kombe,Sankuru,1,FALSE,recalibrated-deployed,6.39317e-4,3.50135e-4,9.81504e-4,6.2071e-4,180,165,214.05,6.39541e-4,0.258513,183,0.00467434,NA,NA,NA,NA,NA,NA,0.627091,0.00812469,159,0.785714,0.131274,0,0.964286,0,Bayes-M14-fill-geo
Lukonga,Kasaï-Central,1,FALSE,recalibrated-deployed,6.37171e-4,3.41044e-4,0.00101818,6.11773e-4,182,178,195,6.37396e-4,0.257646,184,0.00465866,NA,NA,NA,NA,NA,NA,0.43758,0.00565033,213,0.223938,0.642857,0,0.445946,0,Bayes-M14-fill-geo
Lwamba,Haut-Lomami,1,FALSE,recalibrated-deployed,6.28437e-4,3.29195e-4,0.00100785,6.02533e-4,186,176,198,6.28657e-4,0.254114,185,0.0045948,NA,NA,NA,NA,NA,NA,0.648649,0.00826097,155,0.80695,0.640927,0,0.498069,0,Bayes-M14-fill-geo
Mondombe,Tshuapa,1,FALSE,recalibrated-deployed,6.22303e-4,3.60627e-4,9.24763e-4,6.09429e-4,183,163,222,6.22512e-4,0.25163,186,0.00454995,NA,NA,NA,NA,NA,NA,0.63964,0.00806672,161,0.662162,0.372587,0,0.88417,0,Bayes-M14-fill-geo
Binza Meteo,Kinshasa,1,FALSE,recalibrated-deployed,6.1361e-4,1.06858e-4,0.00161783,4.76289e-4,227,108,354,6.13919e-4,0.248156,187,0.00448639,NA,NA,NA,NA,NA,NA,0.341055,0.00424109,251,0.0965251,0.899614,0,0.027027,0,Bayes-M14-fill-geo
Businga,Nord-Ubangi,1,FALSE,recalibrated-deployed,6.12545e-4,4.07576e-4,8.41315e-4,6.04815e-4,184,151,244,6.12742e-4,0.247681,188,0.0044786,NA,NA,NA,NA,NA,NA,0.904118,0.0112234,132,0.928571,0.861004,0,0.92278,0,Bayes-M14-fill-geo
Mutoto,Kasaï-Central,1,FALSE,recalibrated-deployed,6.08962e-4,3.25048e-4,9.54676e-4,5.87468e-4,190,178,210,6.09167e-4,0.246236,189,0.0044524,NA,NA,NA,NA,NA,NA,0.458816,0.00566224,212,0.457529,0.361004,0,0.557915,0,Bayes-M14-fill-geo
Tshikaji,Kasaï-Central,1,FALSE,recalibrated-deployed,6.06459e-4,3.2643e-4,9.54862e-4,5.86143e-4,191,185,203,6.06663e-4,0.245223,190,0.00443411,NA,NA,NA,NA,NA,NA,0.425997,0.00523562,219,0.187259,0.584942,0,0.505792,0,Bayes-M14-fill-geo
Bongandanga,Mongala,1,FALSE,recalibrated-deployed,6.05494e-4,3.61483e-4,8.88382e-4,5.94483e-4,188,163,229.05,6.05691e-4,0.24483,191,0.00442705,NA,NA,NA,NA,NA,NA,0.563707,0.00691708,181,0.758687,0.00965251,0,0.92278,0,Bayes-M14-fill-geo
Kamwesha,Kasaï,1,FALSE,recalibrated-deployed,6.05455e-4,3.12676e-4,9.87664e-4,5.77054e-4,193,184,207.05,6.0566e-4,0.244818,192,0.00442676,NA,NA,NA,NA,NA,NA,0.364221,0.00446896,242,0.34556,0.287645,0,0.459459,0,Bayes-M14-fill-geo
Boende,Tshuapa,1,FALSE,recalibrated-deployed,6.05308e-4,3.44976e-4,9.19663e-4,5.89459e-4,189,183,204,6.05508e-4,0.244756,193,0.00442569,NA,NA,NA,NA,NA,NA,0.559846,0.00686759,184,0.698842,0.480695,0,0.5,0,Bayes-M14-fill-geo
Vanga Kete,Sankuru,1,FALSE,recalibrated-deployed,6.0029e-4,3.25921e-4,9.28312e-4,5.81743e-4,192,172,224.05,6.00488e-4,0.242727,194,0.00438899,NA,NA,NA,NA,NA,NA,0.600386,0.00730384,176,0.467181,0.411197,0,0.92278,0,Bayes-M14-fill-geo
Kamina,Haut-Lomami,1,FALSE,recalibrated-deployed,5.99958e-4,3.15111e-4,9.76086e-4,5.74443e-4,193,187,213,6.00159e-4,0.242594,195,0.00438657,NA,NA,NA,NA,NA,NA,0.688546,0.00837169,152,0.830116,0.830116,0,0.405405,0,Bayes-M14-fill-geo
Dikungu,Sankuru,1,FALSE,recalibrated-deployed,5.90319e-4,3.23367e-4,9.06078e-4,5.73067e-4,195,174,229,5.9051e-4,0.238694,196,0.0043161,NA,NA,NA,NA,NA,NA,0.503861,0.00602778,201,0.486486,0.140927,0,0.88417,0,Bayes-M14-fill-geo
Tshikapa,Kasaï,1,FALSE,recalibrated-deployed,5.87544e-4,2.8885e-4,0.0010087,5.53221e-4,198,176,232,5.87742e-4,0.237575,197,0.00429581,NA,NA,NA,NA,NA,NA,0.420849,0.00501103,227,0.272201,0.650579,0,0.339768,0,Bayes-M14-fill-geo
Bulape,Kasaï,1,FALSE,recalibrated-deployed,5.8684e-4,2.94654e-4,9.4697e-4,5.61437e-4,199,174,231,5.87035e-4,0.237289,198,0.00429066,NA,NA,NA,NA,NA,NA,0.57529,0.00684173,185,0.706564,0.185328,0,0.833977,0,Bayes-M14-fill-geo
Kanzala,Kasaï,1,FALSE,recalibrated-deployed,5.84727e-4,2.88081e-4,0.00100124,5.51167e-4,199,178,234,5.84922e-4,0.236435,199,0.00427521,NA,NA,NA,NA,NA,NA,0.272844,0.00323317,282,0.167954,0.312741,0,0.337838,0,Bayes-M14-fill-geo
Kamana,Lomami,1,FALSE,recalibrated-deployed,5.84107e-4,3.35499e-4,8.82053e-4,5.70835e-4,196,176,225,5.84292e-4,0.236181,200,0.00427068,NA,NA,NA,NA,NA,NA,0.392535,0.00464656,238,0.530888,0.0173745,0,0.629344,0,Bayes-M14-fill-geo
Luiza,Kasaï-Central,1,FALSE,recalibrated-deployed,5.82701e-4,3.06946e-4,9.21223e-4,5.61206e-4,199,187,219,5.8289e-4,0.235614,201,0.0042604,NA,NA,NA,NA,NA,NA,0.56242,0.0066415,189,0.480695,0.629344,0,0.57722,0,Bayes-M14-fill-geo
Masina 1,Kinshasa,1,FALSE,recalibrated-deployed,5.8248e-4,1.26907e-4,0.00140002,4.76755e-4,226,124.95,337,5.82733e-4,0.23555,202,0.00425878,NA,NA,NA,NA,NA,NA,0.02574,3.03843e-4,426,0.00772201,0.00772201,0,0.0617761,0,Bayes-M14-fill-geo
Bena Leka,Kasaï-Central,1,FALSE,recalibrated-deployed,5.81583e-4,3.05142e-4,9.16937e-4,5.60339e-4,200,180,227,5.81772e-4,0.235162,203,0.00425223,NA,NA,NA,NA,NA,NA,0.664736,0.00783468,164,0.606178,0.716216,0,0.671815,0,Bayes-M14-fill-geo
Demba,Kasaï-Central,1,FALSE,recalibrated-deployed,5.70176e-4,3.02117e-4,9.15254e-4,5.45517e-4,204,200,214,5.70357e-4,0.230548,204,0.00416882,NA,NA,NA,NA,NA,NA,0.548906,0.00634259,195,0.465251,0.714286,0,0.467181,0,Bayes-M14-fill-geo
Bulungu,Kwilu,1,FALSE,recalibrated-deployed,5.66737e-4,2.74152e-4,9.38578e-4,5.39162e-4,211,178,239.05,5.66921e-4,0.229159,205,0.00414368,NA,NA,NA,NA,NA,NA,0.60103,0.00690299,182,0.357143,0.679537,0,0.766409,0,Bayes-M14-fill-geo
Mukedi,Kwilu,1,FALSE,recalibrated-deployed,5.65727e-4,2.84033e-4,9.1194e-4,5.42329e-4,209,183,235,5.65908e-4,0.228749,206,0.00413629,NA,NA,NA,NA,NA,NA,0.644788,0.00739237,173,0.53668,0.706564,0,0.69112,0,Bayes-M14-fill-geo
Malemba Nkulu,Haut-Lomami,1,FALSE,recalibrated-deployed,5.63394e-4,2.98517e-4,9.11181e-4,5.39572e-4,206,201,221,5.6357e-4,0.227805,207,0.00411923,NA,NA,NA,NA,NA,NA,0.519305,0.00592918,203,0.368726,0.766409,0,0.42278,0,Bayes-M14-fill-geo
Kalenda,Lomami,1,FALSE,recalibrated-deployed,5.63285e-4,3.05511e-4,8.74691e-4,5.44752e-4,206,193,224,5.6346e-4,0.22776,208,0.00411844,NA,NA,NA,NA,NA,NA,0.384813,0.00439277,244,0.388031,0.187259,0,0.579151,0,Bayes-M14-fill-geo
Mungindu,Kwilu,1,FALSE,recalibrated-deployed,5.62802e-4,2.75516e-4,9.38709e-4,5.33899e-4,211,192,230,5.62982e-4,0.227567,209,0.00411491,NA,NA,NA,NA,NA,NA,0.509009,0.00580552,207,0.469112,0.53668,0,0.521236,0,Bayes-M14-fill-geo
Diulu,Kasaï-Oriental,1,FALSE,recalibrated-deployed,5.59103e-4,3.06151e-4,8.99584e-4,5.35332e-4,208,185,231,5.59276e-4,0.226069,210,0.00408786,NA,NA,NA,NA,NA,NA,0.348134,0.00394456,258,0.0675676,0.644788,0,0.332046,0,Bayes-M14-fill-geo
Tshumbe,Sankuru,1,FALSE,recalibrated-deployed,5.59098e-4,3.09141e-4,8.53239e-4,5.44006e-4,208,179,237,5.59269e-4,0.226066,211,0.00408783,NA,NA,NA,NA,NA,NA,0.520914,0.0059022,205,0.544402,0.171815,0,0.846525,0,Bayes-M14-fill-geo
Mont Ngafula 1,Kinshasa,1,FALSE,recalibrated-deployed,5.5883e-4,1.18577e-4,0.00136455,4.54135e-4,235,129,343,5.59065e-4,0.225984,212,0.00408586,NA,NA,NA,NA,NA,NA,0.275418,0.00311912,285,0.137066,0.631274,0,0.0579151,0,Bayes-M14-fill-geo
Katoka,Kasaï-Central,1,FALSE,recalibrated-deployed,5.5879e-4,2.99829e-4,8.8736e-4,5.3557e-4,210,205,216,5.58963e-4,0.225942,213,0.00408557,NA,NA,NA,NA,NA,NA,0.352638,0.00399335,257,0.121622,0.472973,0,0.46332,0,Bayes-M14-fill-geo
Kansimba,Tanganyika,1,FALSE,recalibrated-deployed,5.54615e-4,3.08151e-4,8.58679e-4,5.36553e-4,209,204,217,5.54783e-4,0.224253,214,0.00405504,NA,NA,NA,NA,NA,NA,0.732947,0.00823804,156,0.947876,0.774131,0,0.476834,0,Bayes-M14-fill-geo
Vanga,Kwilu,1,FALSE,recalibrated-deployed,5.48806e-4,2.64678e-4,9.10094e-4,5.21612e-4,217.5,185,245,5.48979e-4,0.221906,215,0.00401258,NA,NA,NA,NA,NA,NA,0.671171,0.0074647,172,0.372587,0.820463,0,0.820463,0,Bayes-M14-fill-geo
Kalambayi Kabanga,Lomami,1,FALSE,recalibrated-deployed,5.47787e-4,3.09116e-4,8.38882e-4,5.33523e-4,212,188,234,5.47951e-4,0.221491,216,0.00400513,NA,NA,NA,NA,NA,NA,0.417632,0.00463624,239,0.455598,0.160232,0,0.637066,0,Bayes-M14-fill-geo
Tshilenge,Kasaï-Oriental,1,FALSE,recalibrated-deployed,5.45335e-4,2.85589e-4,8.94401e-4,5.20006e-4,214,181,241,5.45501e-4,0.220501,217,0.00398719,NA,NA,NA,NA,NA,NA,0.37323,0.00412477,255,0.189189,0.667954,0,0.262548,0,Bayes-M14-fill-geo
Kalomba,Kasaï-Central,1,FALSE,recalibrated-deployed,5.39105e-4,2.76253e-4,8.57087e-4,5.16728e-4,218,193,241,5.39268e-4,0.217981,218,0.00394165,NA,NA,NA,NA,NA,NA,0.392535,0.00428857,248,0.316602,0.146718,0,0.714286,0,Bayes-M14-fill-geo
Ndage,Sud-Ubangi,1,FALSE,recalibrated-deployed,5.37141e-4,3.72905e-4,7.25338e-4,5.27817e-4,212,142,299,5.37291e-4,0.217182,219,0.00392728,NA,NA,NA,NA,NA,NA,0.471042,0.00512753,223,0.399614,0.276062,0,0.737452,0,Bayes-M14-fill-geo
Minga,Sankuru,1,FALSE,recalibrated-deployed,5.3355e-4,2.90391e-4,8.23227e-4,5.17069e-4,218,189,242,5.33707e-4,0.215733,220,0.00390103,NA,NA,NA,NA,NA,NA,0.712999,0.00770946,168,0.783784,0.471042,0,0.88417,0,Bayes-M14-fill-geo
Kafakumba,Lualaba,1,FALSE,recalibrated-deployed,5.29103e-4,2.68981e-4,8.48731e-4,5.06324e-4,222,196,246,5.2926e-4,0.213936,221,0.00386852,NA,NA,NA,NA,NA,NA,0.619691,0.0066447,187,0.868726,0.202703,0,0.787645,0,Bayes-M14-fill-geo
Kiambi,Tanganyika,1,FALSE,recalibrated-deployed,5.27727e-4,3.00183e-4,8.01615e-4,5.14393e-4,218,197,239,5.27879e-4,0.213377,222,0.00385846,NA,NA,NA,NA,NA,NA,0.761261,0.00814148,157,0.980695,0.683398,0,0.619691,0,Bayes-M14-fill-geo
Manika,Lualaba,1,FALSE,recalibrated-deployed,5.25476e-4,1.87388e-4,0.00103557,4.73977e-4,226,162,291,5.25648e-4,0.212476,223,0.003842,NA,NA,NA,NA,NA,NA,0.153153,0.00163094,344,0.0945946,0.222008,0,0.142857,0,Bayes-M14-fill-geo
Karawa,Nord-Ubangi,1,FALSE,recalibrated-deployed,5.24158e-4,3.58575e-4,7.04737e-4,5.17132e-4,215,158,277,5.24301e-4,0.211931,224,0.00383236,NA,NA,NA,NA,NA,NA,0.853925,0.0090707200000000009,146,0.756757,0.972973,0,0.832046,0,Bayes-M14-fill-geo
Tshamilemba,Haut-Katanga,1,FALSE,recalibrated-deployed,5.1852e-4,1.68714e-4,0.00106831,4.61342e-4,231,157,304,5.18692e-4,0.209664,225,0.00379114,NA,NA,NA,NA,NA,NA,0.10296,0.00108192,379,0.0656371,0.125483,0,0.117761,0,Bayes-M14-fill-geo
Lomela,Sankuru,1,FALSE,recalibrated-deployed,5.12022e-4,2.92059e-4,7.69879e-4,5.00824e-4,222,192,250,5.12164e-4,0.207025,226,0.00374363,NA,NA,NA,NA,NA,NA,0.634492,0.00658376,191,0.84556,0.135135,0,0.92278,0,Bayes-M14-fill-geo
Ankoro,Tanganyika,1,FALSE,recalibrated-deployed,5.10619e-4,2.72225e-4,8.00035e-4,4.92906e-4,225,204,246,5.10764e-4,0.206459,227,0.00373337,NA,NA,NA,NA,NA,NA,0.806306,0.00834367,153,0.926641,0.828185,0,0.664093,0,Bayes-M14-fill-geo
Ototo,Sankuru,1,FALSE,recalibrated-deployed,5.09472e-4,2.72028e-4,7.96385e-4,4.91189e-4,225.5,201,250,5.09616e-4,0.205995,228,0.00372499,NA,NA,NA,NA,NA,NA,0.608108,0.00627857,197,0.53861,0.362934,0,0.92278,0,Bayes-M14-fill-geo
Wapinda,Nord-Ubangi,1,FALSE,recalibrated-deployed,5.04824e-4,3.27243e-4,7.04721e-4,4.9742e-4,222,173,266,5.04958e-4,0.204112,229,0.003691,NA,NA,NA,NA,NA,NA,0.905405,0.0092628,144,0.901544,0.839768,0,0.974903,0,Bayes-M14-fill-geo
Obokote,Maniema,1,FALSE,recalibrated-deployed,4.99835e-4,3.36658e-4,6.76131e-4,4.93465e-4,222,178,261,4.99965e-4,0.202094,230,0.00365453,NA,NA,NA,NA,NA,NA,0.427928,0.00433468,247,0.723938,0.0328185,0,0.527027,0,Bayes-M14-fill-geo
Bokoro,Mai-Ndombe,1,FALSE,recalibrated-deployed,4.96389e-4,2.64798e-4,7.77304e-4,4.78215e-4,229.5,208,252,4.96526e-4,0.200704,231,0.00362933,NA,NA,NA,NA,NA,NA,0.628057,0.00631801,196,0.687259,0.509653,0,0.687259,0,Bayes-M14-fill-geo
Tandala,Sud-Ubangi,1,FALSE,recalibrated-deployed,4.95315e-4,3.43993e-4,6.6736e-4,0.00048757200000000003,224,156,297,4.95442e-4,0.200266,232,0.00362148,NA,NA,NA,NA,NA,NA,0.543758,0.00545817,214,0.274131,0.527027,0,0.830116,0,Bayes-M14-fill-geo
Matete,Kinshasa,1,FALSE,recalibrated-deployed,4.95121e-4,1.03704e-4,0.00121429,4.01574e-4,252.5,141,354,4.95306e-4,0.200211,233,0.00362006,NA,NA,NA,NA,NA,NA,0.0656371,6.58597e-4,398,0.0250965,0.11583,0,0.0559846,0,Bayes-M14-fill-geo
Kalonda Ouest,Kasaï,1,FALSE,recalibrated-deployed,4.8992e-4,2.44135e-4,8.34641e-4,4.62631e-4,230,211,249.05,4.90057e-4,0.198089,234,0.00358203,NA,NA,NA,NA,NA,NA,0.298584,0.0029645,292,0.291506,0.250965,0,0.353282,0,Bayes-M14-fill-geo
Katende,Kasaï-Central,1,FALSE,recalibrated-deployed,4.85786e-4,2.60735e-4,7.57002e-4,4.69547e-4,232,210,257,4.85917e-4,0.196416,235,0.00355181,NA,NA,NA,NA,NA,NA,0.687259,0.00676589,186,0.65251,0.648649,0,0.760618,0,Bayes-M14-fill-geo
Koshibanda,Kwilu,1,FALSE,recalibrated-deployed,4.80492e-4,2.38137e-4,7.82094e-4,4.59071e-4,235,211,262,4.80623e-4,0.194276,236,0.0035131,NA,NA,NA,NA,NA,NA,0.655084,0.00637886,194,0.519305,0.675676,0,0.77027,0,Bayes-M14-fill-geo
Barumbu,Kinshasa,1,FALSE,recalibrated-deployed,4.7673e-4,8.10173e-5,0.00126905,3.69922e-4,267,133,377.05,4.76919e-4,0.192779,237,0.0034856,NA,NA,NA,NA,NA,NA,0.0186615,1.80293e-4,436,0.00965251,0.023166,0,0.023166,0,Bayes-M14-fill-geo
Maluku 1,Kinshasa,1,FALSE,recalibrated-deployed,4.75899e-4,1.5296e-4,9.88487e-4,4.21576e-4,246,167,313,4.76045e-4,0.192425,238,0.00347952,NA,NA,NA,NA,NA,NA,0.309524,0.00298516,290,0.34749,0.451737,0,0.129344,0,Bayes-M14-fill-geo
Bibanga,Kasaï-Oriental,1,FALSE,recalibrated-deployed,4.72873e-4,2.65153e-4,7.4289e-4,4.55512e-4,234,228,240,4.72996e-4,0.191193,239,0.0034574,NA,NA,NA,NA,NA,NA,0.39704,0.00380486,266,0.312741,0.488417,0,0.389961,0,Bayes-M14-fill-geo
Makanza,Equateur,1,FALSE,recalibrated-deployed,4.59368e-4,2.43758e-4,7.22047e-4,4.42196e-4,240,217,267,4.59485e-4,0.185732,240,0.00335865,NA,NA,NA,NA,NA,NA,0.851995,0.00793154,162,0.953668,0.795367,0,0.80695,0,Bayes-M14-fill-geo
Lukelenge,Kasaï-Oriental,1,FALSE,recalibrated-deployed,4.59265e-4,2.47691e-4,7.42561e-4,4.39244e-4,239,218.95,257,4.59382e-4,0.18569,241,0.0033579,NA,NA,NA,NA,NA,NA,0.299871,0.00279099,300,0.0810811,0.5,0,0.318533,0,Bayes-M14-fill-geo
Bipemba,Kasaï-Oriental,1,FALSE,recalibrated-deployed,4.58025e-4,2.50818e-4,7.3716e-4,4.3859e-4,240,221,254.05,4.58141e-4,0.185188,242,0.00334883,NA,NA,NA,NA,NA,NA,0.20592,0.00191138,339,0.0617761,0.220077,0,0.335907,0,Bayes-M14-fill-geo
Bandalungwa,Kinshasa,1,FALSE,recalibrated-deployed,4.55021e-4,7.49057e-5,0.00122383,3.4984e-4,275,136.95,387,4.55195e-4,0.183998,243,0.00332687,NA,NA,NA,NA,NA,NA,0.0945946,8.72283e-4,387,0.0328185,0.233591,0,0.0173745,0,Bayes-M14-fill-geo
Bwamanda,Sud-Ubangi,1,FALSE,recalibrated-deployed,4.5453e-4,3.12362e-4,6.0813e-4,4.48763e-4,238,170,302,4.54637e-4,0.183772,244,0.00332328,NA,NA,NA,NA,NA,NA,0.622265,0.00573189,209,0.418919,0.739382,0,0.708494,0,Bayes-M14-fill-geo
Moanza,Kwilu,1,FALSE,recalibrated-deployed,4.54395e-4,2.16291e-4,7.58812e-4,4.30955e-4,244,216,274,4.54514e-4,0.183722,245,0.00332229,NA,NA,NA,NA,NA,NA,0.693372,0.00638498,193,0.598456,0.528958,0,0.952703,0,Bayes-M14-fill-geo
Itombwe,Sud-Kivu,1,FALSE,recalibrated-deployed,4.52135e-4,3.10078e-4,6.09601e-4,4.47067e-4,238,190,281,4.52241e-4,0.182803,246,0.00330577,NA,NA,NA,NA,NA,NA,0.682754,0.00625593,198,0.857143,0.673745,0,0.517375,0,Bayes-M14-fill-geo
Ferekeni,Maniema,1,FALSE,recalibrated-deployed,4.52038e-4,2.81666e-4,6.46117e-4,4.4379e-4,240,208,269,4.52147e-4,0.182765,247,0.00330506,NA,NA,NA,NA,NA,NA,0.467181,0.00427977,249,0.772201,0.042471,0,0.586873,0,Bayes-M14-fill-geo
Wembo Nyama,Sankuru,1,FALSE,recalibrated-deployed,4.50403e-4,2.48062e-4,6.89198e-4,4.37752e-4,243,218,269,4.50514e-4,0.182105,248,0.0032931,NA,NA,NA,NA,NA,NA,0.546332,0.00498675,231,0.501931,0.214286,0,0.92278,0,Bayes-M14-fill-geo
Bosondjo,Mongala,1,FALSE,recalibrated-deployed,4.48712e-4,2.68334e-4,6.58229e-4,4.39831e-4,242,214,269.05,4.4882e-4,0.18142,249,0.00328074,NA,NA,NA,NA,NA,NA,0.465251,0.00423072,252,0.561776,0.19305,0,0.640927,0,Bayes-M14-fill-geo
Bominenge,Sud-Ubangi,1,FALSE,recalibrated-deployed,4.39545e-4,3.02651e-4,5.89142e-4,4.33662e-4,244,172,308,4.39645e-4,0.177712,250,0.00321372,NA,NA,NA,NA,NA,NA,0.434363,0.00386915,262,0.281853,0.0984556,0,0.92278,0,Bayes-M14-fill-geo
Mont Ngafula 2,Kinshasa,1,FALSE,recalibrated-deployed,4.38574e-4,7.98932e-5,0.00112883,3.43457e-4,277,146,376,4.38729e-4,0.177342,251,0.00320662,NA,NA,NA,NA,NA,NA,0.12677,0.00112673,377,0.0849421,0.256757,0,0.03861,0,Bayes-M14-fill-geo
Pangi,Maniema,1,FALSE,recalibrated-deployed,4.36001e-4,2.62445e-4,6.32142e-4,4.28152e-4,247,216.95,278,4.36102e-4,0.17628,252,0.0031878,NA,NA,NA,NA,NA,NA,0.442085,0.00390618,261,0.608108,0.0559846,0,0.662162,0,Bayes-M14-fill-geo
Pimu,Mongala,1,FALSE,recalibrated-deployed,4.35766e-4,2.7192e-4,6.27369e-4,4.28325e-4,247,205,285,4.35867e-4,0.176185,253,0.00318609,NA,NA,NA,NA,NA,NA,0.567568,0.00501223,226,0.583012,0.370656,0,0.749035,0,Bayes-M14-fill-geo
Kalonda Est,Lomami,1,FALSE,recalibrated-deployed,4.32787e-4,2.43139e-4,6.64634e-4,4.20871e-4,248,228,270,4.32889e-4,0.174981,254,0.00316431,NA,NA,NA,NA,NA,NA,0.438867,0.00384917,263,0.542471,0.150579,0,0.623552,0,Bayes-M14-fill-geo
Masi Manimba,Kwilu,1,FALSE,recalibrated-deployed,4.31669e-4,2.08249e-4,7.15671e-4,4.10358e-4,250,223,280,4.31776e-4,0.174531,255,0.00315613,NA,NA,NA,NA,NA,NA,0.570785,0.00499325,228,0.332046,0.496139,0,0.88417,0,Bayes-M14-fill-geo
Tshudi Loto,Sankuru,1,FALSE,recalibrated-deployed,4.30613e-4,2.34887e-4,6.63315e-4,4.17719e-4,250,224,277,4.30715e-4,0.174102,256,0.00314841,NA,NA,NA,NA,NA,NA,0.564994,0.0049305,233,0.76834,0.003861,0,0.92278,0,Bayes-M14-fill-geo
Kikwit Sud,Kwilu,1,FALSE,recalibrated-deployed,4.29942e-4,2.08946e-4,7.24977e-4,4.07273e-4,249,234,266,4.30047e-4,0.173832,257,0.0031435,NA,NA,NA,NA,NA,NA,0.43758,0.00381265,265,0.131274,0.700772,0,0.480695,0,Bayes-M14-fill-geo
Makota,Lomami,1,FALSE,recalibrated-deployed,4.10598e-4,2.28769e-4,6.2786e-4,3.98583e-4,255,237,273,4.10691e-4,0.166008,258,0.00300207,NA,NA,NA,NA,NA,NA,0.344916,0.00287006,296,0.102317,0.376448,0,0.555985,0,Bayes-M14-fill-geo
Mbandaka,Equateur,1,FALSE,recalibrated-deployed,4.08517e-4,1.96823e-4,6.97402e-4,3.8595e-4,258,242,275,4.08612e-4,0.165168,259,0.00298685,NA,NA,NA,NA,NA,NA,0.688546,0.00570036,210,0.640927,0.96332,0,0.46139,0,Bayes-M14-fill-geo
Ipamu,Kwilu,1,FALSE,recalibrated-deployed,4.0825e-4,1.96409e-4,6.77946e-4,3.87565e-4,258,230,287.05,4.08346e-4,0.16506,260,0.00298491,NA,NA,NA,NA,NA,NA,0.727156,0.00601608,202,0.490347,0.76834,0,0.92278,0,Bayes-M14-fill-geo
Wangata,Equateur,1,FALSE,recalibrated-deployed,4.07192e-4,1.96472e-4,6.93722e-4,3.84779e-4,259,243,275,4.07287e-4,0.164632,261,0.00297717,NA,NA,NA,NA,NA,NA,0.555985,0.00458798,240,0.233591,0.986486,0,0.447876,0,Bayes-M14-fill-geo
Selembao,Kinshasa,1,FALSE,recalibrated-deployed,4.06209e-4,7.59113e-5,0.0010365,3.20537e-4,288,151,385,4.0634e-4,0.16425,262,0.00296998,NA,NA,NA,NA,NA,NA,0.0900901,7.41628e-4,394,0.044401500000000003,0.181467,0,0.044401500000000003,0,Bayes-M14-fill-geo
Djombo,Equateur,1,FALSE,recalibrated-deployed,4.05327e-4,2.37576e-4,5.97435e-4,3.97124e-4,257,226,291,4.05415e-4,0.163876,263,0.00296353,NA,NA,NA,NA,NA,NA,0.873874,0.00717817,177,0.916988,0.781853,0,0.92278,0,Bayes-M14-fill-geo
Citenge,Kasaï-Oriental,1,FALSE,recalibrated-deployed,4.04166e-4,2.15641e-4,6.54752e-4,3.86218e-4,256,237,275,4.04257e-4,0.163407,264,0.00295505,NA,NA,NA,NA,NA,NA,0.309524,0.00253521,310,0.158301,0.474903,0,0.295367,0,Bayes-M14-fill-geo
Lusambo,Sankuru,1,FALSE,recalibrated-deployed,4.0258e-4,0.00021262900000000001,6.34166e-4,3.87195e-4,260,233,287,4.02671e-4,0.162766,265,0.00294345,NA,NA,NA,NA,NA,NA,0.644466,0.0052579,218,0.681467,0.299228,0,0.952703,0,Bayes-M14-fill-geo
Tunda,Maniema,1,FALSE,recalibrated-deployed,4.02256e-4,2.31347e-4,6.01046e-4,3.93561e-4,260,228,290,4.02344e-4,0.162634,266,0.00294108,NA,NA,NA,NA,NA,NA,0.611969,0.00498875,230,0.897683,0.0540541,0,0.88417,0,Bayes-M14-fill-geo
Bukama,Haut-Lomami,1,FALSE,recalibrated-deployed,4.00815e-4,2.08328e-4,6.56454e-4,3.82697e-4,260,253,266,4.00905e-4,0.162052,267,0.00293054,NA,NA,NA,NA,NA,NA,0.635135,0.00515905,220,0.714286,0.762548,0,0.428571,0,Bayes-M14-fill-geo
Mulongo,Haut-Lomami,1,FALSE,recalibrated-deployed,3.98408e-4,2.13476e-4,6.44892e-4,3.81633e-4,260,253,266.05,3.98496e-4,0.161079,268,0.00291294,NA,NA,NA,NA,NA,NA,0.636422,0.00513846,222,0.747104,0.77027,0,0.391892,0,Bayes-M14-fill-geo
Gungu,Kwilu,1,FALSE,recalibrated-deployed,3.89062e-4,1.89448e-4,6.51159e-4,3.68091e-4,266,251,281,3.89148e-4,0.1573,269,0.00284461,NA,NA,NA,NA,NA,NA,0.564994,0.00445474,243,0.505792,0.696911,0,0.492278,0,Bayes-M14-fill-geo
Mukanga,Haut-Lomami,1,FALSE,recalibrated-deployed,3.85729e-4,2.037e-4,6.12246e-4,3.71719e-4,266,251.95,279,3.85812e-4,0.155952,270,0.00282024,NA,NA,NA,NA,NA,NA,0.631918,0.00493972,232,0.685328,0.69112,0,0.519305,0,Bayes-M14-fill-geo
Lualaba,Lualaba,1,FALSE,recalibrated-deployed,3.85177e-4,1.44554e-4,7.43902e-4,3.49112e-4,273,210,319,3.85268e-4,0.155732,271,0.00281621,NA,NA,NA,NA,NA,NA,0.187259,0.00146171,363,0.35521200000000003,0.034749,0,0.171815,0,Bayes-M14-fill-geo
Yasa Bonga,Kwilu,1,FALSE,recalibrated-deployed,3.82309e-4,1.82633e-4,6.37008e-4,3.62632e-4,269,239,297,3.82393e-4,0.154569,272,0.00279524,NA,NA,NA,NA,NA,NA,0.560811,0.004345,246,0.303089,0.532819,0,0.846525,0,Bayes-M14-fill-geo
Butumba,Haut-Lomami,1,FALSE,recalibrated-deployed,3.81023e-4,1.89892e-4,6.22112e-4,3.63755e-4,269,245,291,3.81106e-4,0.154049,273,0.00278584,NA,NA,NA,NA,NA,NA,0.612613,0.0047304,236,0.797297,0.415058,0,0.625483,0,Bayes-M14-fill-geo
Kikimi,Kinshasa,1,FALSE,recalibrated-deployed,3.71907e-4,9.59283e-5,8.43857e-4,3.15591e-4,289,178,357,3.72003e-4,0.15037,274,0.00271918,NA,NA,NA,NA,NA,NA,0.111326,8.39053e-4,389,0.0559846,0.19112,0,0.0868726,0,Bayes-M14-fill-geo
Kansele,Kasaï-Oriental,1,FALSE,recalibrated-deployed,3.71287e-4,2.01659e-4,5.99285e-4,3.54781e-4,270,252,282,3.71363e-4,0.150111,275,0.00271465,NA,NA,NA,NA,NA,NA,0.324968,0.00244517,313,0.0540541,0.596525,0,0.324324,0,Bayes-M14-fill-geo
Bogosenubea,Sud-Ubangi,1,FALSE,recalibrated-deployed,3.67155e-4,2.54861e-4,4.92816e-4,3.62362e-4,270,194,333,3.67225e-4,0.148438,276,0.00268444,NA,NA,NA,NA,NA,NA,0.547619,0.00407463,256,0.498069,0.303089,0,0.841699,0,Bayes-M14-fill-geo
Iboko,Equateur,1,FALSE,recalibrated-deployed,3.66292e-4,1.93338e-4,5.77307e-4,3.52122e-4,275,244,300,3.66367e-4,0.148092,277,0.00267813,NA,NA,NA,NA,NA,NA,0.815959,0.00605697,199,0.828185,0.791506,0,0.828185,0,Bayes-M14-fill-geo
Mosango,Kwilu,1,FALSE,recalibrated-deployed,3.63896e-4,1.76464e-4,6.01134e-4,3.46588e-4,277,247,302,3.63972e-4,0.147124,278,0.00266062,NA,NA,NA,NA,NA,NA,0.686615,0.0050635,224,0.546332,0.737452,0,0.776062,0,Bayes-M14-fill-geo
Kingabwa,Kinshasa,1,FALSE,recalibrated-deployed,3.62452e-4,7.14986e-5,9.09506e-4,2.89155e-4,301,165,389,3.62554e-4,0.14655,279,0.00265005,NA,NA,NA,NA,NA,NA,0.0637066,4.67944e-4,410,0.042471,0.0965251,0,0.0521236,0,Bayes-M14-fill-geo
Boko,Kwango,1,FALSE,recalibrated-deployed,3.60665e-4,1.70455e-4,6.05327e-4,3.42126e-4,279,250,304,3.6074e-4,0.145817,280,0.00263699,NA,NA,NA,NA,NA,NA,0.682754,0.00499031,229,0.733591,0.610039,0,0.704633,0,Bayes-M14-fill-geo
Dibindi,Kasaï-Oriental,1,FALSE,recalibrated-deployed,3.60647e-4,1.94143e-4,5.84443e-4,3.44788e-4,275,256,288,3.60719e-4,0.145809,281,0.00263686,NA,NA,NA,NA,NA,NA,0.215573,0.00157556,354,0.03861,0.295367,0,0.312741,0,Bayes-M14-fill-geo
Basankusu,Equateur,1,FALSE,recalibrated-deployed,3.57716e-4,1.93813e-4,5.53897e-4,3.46576e-4,278,244,305,3.57787e-4,0.144623,282,0.00261543,NA,NA,NA,NA,NA,NA,0.912484,0.0066149,190,0.951737,0.862934,0,0.92278,0,Bayes-M14-fill-geo
Djuma,Kwilu,1,FALSE,recalibrated-deployed,3.55351e-4,1.69698e-4,5.92185e-4,3.37038e-4,282,251,307,3.55424e-4,0.143668,283,0.00259814,NA,NA,NA,NA,NA,NA,0.700772,0.00504655,225,0.482625,0.735521,0,0.88417,0,Bayes-M14-fill-geo
Kabondo Dianda,Haut-Lomami,1,FALSE,recalibrated-deployed,3.54693e-4,1.8441e-4,5.72848e-4,3.38733e-4,279,269,287,3.54763e-4,0.143401,284,0.00259333,NA,NA,NA,NA,NA,NA,0.547619,0.00393633,259,0.588803,0.571429,0,0.482625,0,Bayes-M14-fill-geo
Muya,Kasaï-Oriental,1,FALSE,recalibrated-deployed,3.54117e-4,1.93898e-4,5.69849e-4,3.39093e-4,278,262,289,3.54186e-4,0.143168,285,0.00258911,NA,NA,NA,NA,NA,NA,0.33269,0.00238751,317,0.0752896,0.588803,0,0.333977,0,Bayes-M14-fill-geo
Bolomba,Equateur,1,FALSE,recalibrated-deployed,3.49673e-4,1.87653e-4,5.46958e-4,3.37777e-4,283,253,304,3.49741e-4,0.141371,286,0.00255662,NA,NA,NA,NA,NA,NA,0.82175,0.0058232,206,0.957529,0.853282,0,0.65444,0,Bayes-M14-fill-geo
Lubilanji,Kasaï-Oriental,1,FALSE,recalibrated-deployed,3.45534e-4,1.85193e-4,5.60446e-4,3.30177e-4,284,262,295,3.456e-4,0.139697,287,0.00252636,NA,NA,NA,NA,NA,NA,0.225869,0.00158164,353,0.034749,0.339768,0,0.303089,0,Bayes-M14-fill-geo
Befale,Tshuapa,1,FALSE,recalibrated-deployed,3.44762e-4,2.00153e-4,5.13167e-4,3.37484e-4,282,244,312,3.44826e-4,0.139384,288,0.00252071,NA,NA,NA,NA,NA,NA,0.685972,0.00479275,235,0.882239,0.490347,0,0.685328,0,Bayes-M14-fill-geo
Ndjili,Kinshasa,1,FALSE,recalibrated-deployed,3.41135e-4,7.71002e-5,8.13258e-4,2.81709e-4,306,180.95,376,3.41221e-4,0.137927,289,0.0024942,NA,NA,NA,NA,NA,NA,0.0649936,4.49321e-4,413,0.027027,0.104247,0,0.0637066,0,Bayes-M14-fill-geo
Muetshi,Kasaï-Central,1,FALSE,recalibrated-deployed,3.39121e-4,1.79065e-4,5.33882e-4,3.2605e-4,287,255,312,3.39185e-4,0.137104,290,0.00247947,NA,NA,NA,NA,NA,NA,0.638996,0.0043915,245,0.61583,0.53861,0,0.762548,0,Bayes-M14-fill-geo
Boso Manzi,Mongala,1,FALSE,recalibrated-deployed,3.38024e-4,2.30578e-4,4.55693e-4,3.33842e-4,282,221,338,3.38083e-4,0.136659,291,0.00247145,NA,NA,NA,NA,NA,NA,0.530888,0.00363672,272,0.569498,0.227799,0,0.795367,0,Bayes-M14-fill-geo
Bosobolo,Nord-Ubangi,1,FALSE,recalibrated-deployed,3.36405e-4,2.17621e-4,4.70211e-4,3.31373e-4,284,235,328,3.36465e-4,0.136005,292,0.00245962,NA,NA,NA,NA,NA,NA,0.953024,0.00649721,192,0.936293,0.945946,0,0.976834,0,Bayes-M14-fill-geo
Bena Dibele,Sankuru,1,FALSE,recalibrated-deployed,3.33807e-4,1.7694e-4,5.24915e-4,3.21335e-4,289,258,316,3.33869e-4,0.134955,293,0.00244062,NA,NA,NA,NA,NA,NA,0.545689,0.00369147,270,0.621622,0.156371,0,0.859073,0,Bayes-M14-fill-geo
Kole,Sankuru,1,FALSE,recalibrated-deployed,3.24185e-4,1.69274e-4,5.13475e-4,3.11084e-4,293,263,321,3.24243e-4,0.131065,294,0.00237027,NA,NA,NA,NA,NA,NA,0.640283,0.00420654,254,0.776062,0.260618,0,0.88417,0,Bayes-M14-fill-geo
Tshikula,Kasaï-Central,1,FALSE,recalibrated-deployed,3.24062e-4,1.7533e-4,5.04783e-4,3.13899e-4,292,268,313,3.2412e-4,0.131015,295,0.00236937,NA,NA,NA,NA,NA,NA,0.439511,0.00288641,295,0.391892,0.318533,0,0.608108,0,Bayes-M14-fill-geo
Masina 2,Kinshasa,1,FALSE,recalibrated-deployed,3.23917e-4,7.58831e-5,7.59684e-4,2.70034e-4,310,191.95,380,3.23993e-4,0.130963,296,0.00236831,NA,NA,NA,NA,NA,NA,0.0353925,2.3233e-4,430,0.0173745,0.019305,0,0.0694981,0,Bayes-M14-fill-geo
Luambo,Kasaï-Central,1,FALSE,recalibrated-deployed,3.21733e-4,1.63547e-4,5.3489e-4,3.06503e-4,291,285,299,3.21791e-4,0.130073,297,0.00235234,NA,NA,NA,NA,NA,NA,0.502574,0.00327684,280,0.534749,0.565637,0,0.407336,0,Bayes-M14-fill-geo
Kakenge,Kasaï,1,FALSE,recalibrated-deployed,3.20757e-4,1.65778e-4,5.09847e-4,3.07626e-4,295,266,322,3.20814e-4,0.129679,298,0.0023452,NA,NA,NA,NA,NA,NA,0.60296,0.00391944,260,0.57529,0.478764,0,0.754826,0,Bayes-M14-fill-geo
Kampemba,Haut-Katanga,1,FALSE,recalibrated-deployed,3.20422e-4,1.00774e-4,6.67474e-4,2.8355e-4,304,220,351,3.20489e-4,0.129547,299,0.00234276,NA,NA,NA,NA,NA,NA,0.0707851,4.59647e-4,411,0.0598456,0.0366795,0,0.11583,0,Bayes-M14-fill-geo
Maluku 2,Kinshasa,1,FALSE,recalibrated-deployed,3.20022e-4,1.48805e-4,5.55202e-4,3.00787e-4,293,277,308.05,3.20081e-4,0.129382,300,0.00233983,NA,NA,NA,NA,NA,NA,0.557915,0.00361833,273,0.683398,0.546332,0,0.444015,0,Bayes-M14-fill-geo
Djalo Ndjeka,Sankuru,1,FALSE,recalibrated-deployed,3.1225e-4,1.733e-4,4.75479e-4,3.04172e-4,297,261,327,3.12303e-4,0.126238,301,0.002283,NA,NA,NA,NA,NA,NA,0.45045,0.00285042,297,0.359073,0.0694981,0,0.92278,0,Bayes-M14-fill-geo
Mokala,Kwilu,1,FALSE,recalibrated-deployed,3.07647e-4,1.45267e-4,5.16074e-4,2.912e-4,300,272,327,3.07701e-4,0.124378,302,0.00224935,NA,NA,NA,NA,NA,NA,0.682432,0.00425473,250,0.42278,0.671815,0,0.952703,0,Bayes-M14-fill-geo
Tshishimbi,Kasaï-Oriental,1,FALSE,recalibrated-deployed,3.06091e-4,1.59755e-4,5.04097e-4,2.91795e-4,298,276.95,311,3.06144e-4,0.123748,303,0.00223798,NA,NA,NA,NA,NA,NA,0.232304,0.00144101,364,0.179537,0.247104,0,0.27027,0,Bayes-M14-fill-geo
Wikong,Lomami,1,FALSE,recalibrated-deployed,2.98602e-4,1.59691e-4,4.6631e-4,2.88164e-4,304,272,331,2.98651e-4,0.12072,304,0.00218321,NA,NA,NA,NA,NA,NA,0.488417,0.00295558,293,0.252896,0.42278,0,0.789575,0,Bayes-M14-fill-geo
Miabi,Kasaï-Oriental,1,FALSE,recalibrated-deployed,2.98084e-4,1.51013e-4,4.96041e-4,2.82851e-4,302,279,316,2.98135e-4,0.120511,305,0.00217943,NA,NA,NA,NA,NA,NA,0.378378,0.00228573,321,0.22973,0.65251,0,0.252896,0,Bayes-M14-fill-geo
Luozi,Kongo-Central,1,FALSE,recalibrated-deployed,2.97493e-4,1.31502e-4,5.27066e-4,2.7774e-4,304,284,322,2.97546e-4,0.120273,306,0.00217511,NA,NA,NA,NA,NA,NA,0.698842,0.00421324,253,0.735521,0.8861,0,0.474903,0,Bayes-M14-fill-geo
Kimvula,Kongo-Central,1,FALSE,recalibrated-deployed,2.96822e-4,1.34169e-4,5.17551e-4,2.78141e-4,304,281,325,2.96873e-4,0.120001,307,0.0021702,NA,NA,NA,NA,NA,NA,0.758687,0.00456371,241,0.862934,0.878378,0,0.534749,0,Bayes-M14-fill-geo
Kasaji,Lualaba,1,FALSE,recalibrated-deployed,2.93561e-4,1.45073e-4,4.86605e-4,2.79068e-4,306,288,319,2.9361e-4,0.118682,308,0.00214636,NA,NA,NA,NA,NA,NA,0.619691,0.00368667,271,0.855212,0.492278,0,0.511583,0,Bayes-M14-fill-geo
Ilebo,Kasaï,1,FALSE,recalibrated-deployed,2.91277e-4,1.46728e-4,4.84716e-4,2.77058e-4,305,296,312,2.91325e-4,0.117758,309,0.00212966,NA,NA,NA,NA,NA,NA,0.418919,0.00247284,312,0.216216,0.6139,0,0.426641,0,Bayes-M14-fill-geo
Kinkondja,Haut-Lomami,1,FALSE,recalibrated-deployed,2.87439e-4,1.49923e-4,4.55307e-4,2.76765e-4,309,280,329,2.87485e-4,0.116206,310,0.0021016,NA,NA,NA,NA,NA,NA,0.651866,0.00379721,267,0.727799,0.627413,0,0.600386,0,Bayes-M14-fill-geo
Fungurume,Lualaba,1,FALSE,recalibrated-deployed,2.83253e-4,1.1351e-4,5.29571e-4,2.60082e-4,314,267,338,2.83301e-4,0.114515,311,0.00207099,NA,NA,NA,NA,NA,NA,0.208494,0.00119682,374,0.266409,0.162162,0,0.196911,0,Bayes-M14-fill-geo
Pendjwa,Mai-Ndombe,1,FALSE,recalibrated-deployed,2.81878e-4,1.44227e-4,4.5049e-4,2.70138e-4,312,277,336.05,2.81923e-4,0.113958,312,0.00206094,NA,NA,NA,NA,NA,NA,0.575933,0.00328998,279,0.700772,0.212355,0,0.814672,0,Bayes-M14-fill-geo
Loko,Nord-Ubangi,1,FALSE,recalibrated-deployed,2.78866e-4,1.87182e-4,3.80519e-4,2.75031e-4,307.5,247,359,2.78906e-4,0.112739,313,0.00203891,NA,NA,NA,NA,NA,NA,0.8713,0.00492405,234,0.940154,0.926641,0,0.747104,0,Bayes-M14-fill-geo
Kungu,Sud-Ubangi,1,FALSE,recalibrated-deployed,2.76666e-4,1.90197e-4,3.70324e-4,2.72904e-4,307,240,369,2.76706e-4,0.111849,314,0.00202284,NA,NA,NA,NA,NA,NA,0.494852,0.00277454,301,0.374517,0.335907,0,0.774131,0,Bayes-M14-fill-geo
Mikope,Kasaï,1,FALSE,recalibrated-deployed,2.74866e-4,1.32557e-4,4.57962e-4,2.6112e-4,313,286,337,2.7491e-4,0.111123,315,0.00200968,NA,NA,NA,NA,NA,NA,0.532819,0.00296798,291,0.677606,0.27027,0,0.650579,0,Bayes-M14-fill-geo
Libenge,Sud-Ubangi,1,FALSE,recalibrated-deployed,2.74823e-4,1.8709e-4,3.71881e-4,2.71226e-4,308,261,350,2.74863e-4,0.111104,316,0.00200936,NA,NA,NA,NA,NA,NA,0.509009,0.00283491,299,0.629344,0.359073,0,0.53861,0,Bayes-M14-fill-geo
Mawuya,Sud-Ubangi,1,FALSE,recalibrated-deployed,2.74421e-4,1.94691e-4,3.65392e-4,2.71187e-4,306,262,347,2.7446e-4,0.110941,317,0.00200642,NA,NA,NA,NA,NA,NA,0.353925,0.00196829,334,0.444015,0.239382,0,0.378378,0,Bayes-M14-fill-geo
Kenya,Haut-Katanga,1,FALSE,recalibrated-deployed,2.71712e-4,8.35556e-5,5.75371e-4,2.3931e-4,322,242,368,2.7176e-4,0.10985,318,0.00198661,NA,NA,NA,NA,NA,NA,0.0759331,4.18119e-4,417,0.110039,0.011583,0,0.106178,0,Bayes-M14-fill-geo
Bagata,Kwilu,1,FALSE,recalibrated-deployed,2.60703e-4,1.23268e-4,4.3902e-4,2.47018e-4,318,293,343,2.60742e-4,0.105396,319,0.00190612,NA,NA,NA,NA,NA,NA,0.684685,0.0036174000000000002,274,0.679537,0.694981,0,0.679537,0,Bayes-M14-fill-geo
Mobayi Mbongo,Nord-Ubangi,1,FALSE,recalibrated-deployed,2.59331e-4,1.7109e-4,3.63327e-4,2.55001e-4,316,284,345,2.59367e-4,0.10484,320,0.00189609,NA,NA,NA,NA,NA,NA,0.727799,0.00382495,264,0.932432,0.816602,0,0.434363,0,Bayes-M14-fill-geo
Kilwa,Haut-Katanga,1,FALSE,recalibrated-deployed,2.57864e-4,1.26758e-4,4.40283e-4,2.44078e-4,320,312,325,2.57902e-4,0.104248,321,0.00188536,NA,NA,NA,NA,NA,NA,0.501931,0.00262297,307,0.749035,0.389961,0,0.366795,0,Bayes-M14-fill-geo
Pweto,Haut-Katanga,1,FALSE,recalibrated-deployed,2.54923e-4,1.32288e-4,4.25126e-4,2.41561e-4,319,313,326,2.54959e-4,0.103059,322,0.00186386,NA,NA,NA,NA,NA,NA,0.469112,0.00242351,314,0.799228,0.258687,0,0.349421,0,Bayes-M14-fill-geo
Boso Mondanda,Mongala,1,FALSE,recalibrated-deployed,2.54814e-4,1.47863e-4,3.78673e-4,2.49395e-4,320,279,354,2.54849e-4,0.103014,323,0.00186306,NA,NA,NA,NA,NA,NA,0.495495,0.00255872,309,0.586873,0.148649,0,0.750965,0,Bayes-M14-fill-geo
Monkoto,Tshuapa,1,FALSE,recalibrated-deployed,2.49864e-4,1.32951e-4,3.9183e-4,2.40615e-4,323,289,351,2.49899e-4,0.101013,324,0.00182687,NA,NA,NA,NA,NA,NA,0.746461,0.00377981,268,0.949807,0.405405,0,0.88417,0,Bayes-M14-fill-geo
Pania Mutombo,Sankuru,1,FALSE,recalibrated-deployed,2.48153e-4,1.35128e-4,3.83231e-4,2.40547e-4,324,287,354,2.48187e-4,0.100321,325,0.00181436,NA,NA,NA,NA,NA,NA,0.548906,0.00276044,302,0.741313,0.123552,0,0.781853,0,Bayes-M14-fill-geo
Pay Kongila,Kwilu,1,FALSE,recalibrated-deployed,2.47254e-4,1.18053e-4,4.1349e-4,2.34486e-4,324,301,347,2.47289e-4,0.0999585,326,0.00180779,NA,NA,NA,NA,NA,NA,0.598456,0.00299872,289,0.513514,0.646718,0,0.635135,0,Bayes-M14-fill-geo
Feshi,Kwango,1,FALSE,recalibrated-deployed,2.44197e-4,1.16305e-4,4.08213e-4,2.31362e-4,326,298,354,0.00024423100000000003,0.0987224,327,0.00178544,NA,NA,NA,NA,NA,NA,0.677606,0.00335334,277,0.73166,0.542471,0,0.758687,0,Bayes-M14-fill-geo
Dekese,Kasaï,1,FALSE,recalibrated-deployed,2.41325e-4,1.20494e-4,3.90258e-4,2.30833e-4,328,298,354,2.41358e-4,0.0975608,328,0.00176444,NA,NA,NA,NA,NA,NA,0.617761,0.00302122,287,0.918919,0.218147,0,0.716216,0,Bayes-M14-fill-geo
Ngiri Ngiri,Kinshasa,1,FALSE,recalibrated-deployed,2.41195e-4,4.21686e-5,6.3467e-4,1.87389e-4,346,214.95,409.05,2.41243e-4,0.0975144,329,0.00176349,NA,NA,NA,NA,NA,NA,0.037323,1.82434e-4,435,0.015444,0.0675676,0,0.0289575,0,Bayes-M14-fill-geo
Kikongo,Kwilu,1,FALSE,recalibrated-deployed,2.39517e-4,1.11542e-4,4.04488e-4,2.26816e-4,329,303,356,2.3955e-4,0.09683,330,0.00175122,NA,NA,NA,NA,NA,NA,0.669884,0.00325158,281,0.696911,0.602317,0,0.710425,0,Bayes-M14-fill-geo
Songa,Haut-Lomami,1,FALSE,recalibrated-deployed,2.38109e-4,1.257e-4,3.75352e-4,2.30216e-4,328,300,351,2.3814e-4,0.0962602,331,0.00174092,NA,NA,NA,NA,NA,NA,0.630631,0.00304305,286,0.934363,0.353282,0,0.604247,0,Bayes-M14-fill-geo
Sandoa,Lualaba,1,FALSE,recalibrated-deployed,2.37089e-4,1.16202e-4,3.94134e-4,2.25135e-4,330,307,350,2.37121e-4,0.0958484,332,0.00173347,NA,NA,NA,NA,NA,NA,0.738095,0.00354637,275,0.942085,0.681467,0,0.590734,0,Bayes-M14-fill-geo
Bolenge,Equateur,1,FALSE,recalibrated-deployed,2.28407e-4,1.10251e-4,3.83153e-4,2.16446e-4,333,317,349,2.28437e-4,0.0923379,333,0.00166999,NA,NA,NA,NA,NA,NA,0.71879,0.00332714,278,0.795367,0.851351,0,0.509653,0,Bayes-M14-fill-geo
Kapanga,Lualaba,1,FALSE,recalibrated-deployed,2.24348e-4,1.13225e-4,3.75593e-4,2.13566e-4,334,326,340,2.24377e-4,0.0906969,334,0.00164032,NA,NA,NA,NA,NA,NA,0.548263,0.00249271,311,0.851351,0.393822,0,0.399614,0,Bayes-M14-fill-geo
Mushenge,Kasaï,1,FALSE,recalibrated-deployed,2.22289e-4,1.13404e-4,3.56503e-4,2.13241e-4,336,309,360,2.22317e-4,0.0898641,335,0.00162526,NA,NA,NA,NA,NA,NA,0.430502,0.00193933,338,0.594595,0.0656371,0,0.631274,0,Bayes-M14-fill-geo
Panzi,Kwango,1,FALSE,recalibrated-deployed,2.22253e-4,1.02877e-4,3.75585e-4,2.10291e-4,338,310,365,2.22281e-4,0.0898499,336,0.00162499,NA,NA,NA,NA,NA,NA,0.698198,0.00314475,284,0.754826,0.583012,0,0.756757,0,Bayes-M14-fill-geo
Ingende,Equateur,1,FALSE,recalibrated-deployed,2.18343e-4,1.1812e-4,3.40132e-4,2.11491e-4,336,309,362,2.18369e-4,0.0882686,337,0.00159641,NA,NA,NA,NA,NA,NA,0.794723,0.00351654,276,0.920849,0.857143,0,0.606178,0,Bayes-M14-fill-geo
Dilala,Lualaba,1,FALSE,recalibrated-deployed,2.1809e-4,7.56143e-5,4.36665e-4,1.96088e-4,341,290,375,2.1812e-4,0.0881676,338,0.00159456,NA,NA,NA,NA,NA,NA,0.179537,7.93502e-4,391,0.150579,0.254826,0,0.133205,0,Bayes-M14-fill-geo
Kalamba,Lualaba,1,FALSE,recalibrated-deployed,2.16655e-4,1.14431e-4,3.40617e-4,2.08396e-4,338,306.95,367,2.16681e-4,0.0875859,339,0.00158406,NA,NA,NA,NA,NA,NA,0.605534,0.00265868,305,0.880309,0.237452,0,0.698842,0,Bayes-M14-fill-geo
Gbadolite,Nord-Ubangi,1,FALSE,recalibrated-deployed,2.14583e-4,1.40247e-4,3.00665e-4,2.11034e-4,336,304,369,2.14607e-4,0.0867477,340,0.00156891,NA,NA,NA,NA,NA,NA,0.69112,0.00300544,288,0.791506,0.965251,0,0.316602,0,Bayes-M14-fill-geo
Inongo,Mai-Ndombe,1,FALSE,recalibrated-deployed,2.12736e-4,1.04817e-4,3.47436e-4,2.03362e-4,342,313,369,2.12762e-4,0.0860019,341,0.00155541,NA,NA,NA,NA,NA,NA,0.660232,0.00284641,298,0.764479,0.293436,0,0.92278,0,Bayes-M14-fill-geo
Sakania,Haut-Katanga,1,FALSE,recalibrated-deployed,2.12189e-4,7.12475e-5,4.3031e-4,1.89481e-4,345,296,380,2.12217e-4,0.0857818,342,0.00155141,NA,NA,NA,NA,NA,NA,0.370013,0.00159111,349,0.737452,0.235521,0,0.137066,0,Bayes-M14-fill-geo
Boto,Sud-Ubangi,1,FALSE,recalibrated-deployed,2.09131e-4,1.43175e-4,2.82117e-4,2.07096e-4,339,289,386.05,2.09154e-4,0.0845435,343,0.00152905,NA,NA,NA,NA,NA,NA,0.479408,0.00203181,331,0.328185,0.517375,0,0.592664,0,Bayes-M14-fill-geo
Kayamba,Haut-Lomami,1,FALSE,recalibrated-deployed,2.0775e-4,1.12089e-4,3.23554e-4,2.00836e-4,342,315,369,2.07774e-4,0.0839857,344,0.00151896,NA,NA,NA,NA,NA,NA,0.570142,0.0024004,316,0.702703,0.418919,0,0.588803,0,Bayes-M14-fill-geo
Bangabola,Sud-Ubangi,1,FALSE,recalibrated-deployed,2.06396e-4,1.43044e-4,2.76692e-4,2.03457e-4,341,274,397.05,2.06419e-4,0.0834378,345,0.00150906,NA,NA,NA,NA,NA,NA,0.520592,0.00217751,325,0.353282,0.349421,0,0.859073,0,Bayes-M14-fill-geo
Kimbao,Kwango,1,FALSE,recalibrated-deployed,2.03927e-4,9.57375e-5,3.42762e-4,1.93029e-4,346,320,374,2.03951e-4,0.0824406,346,0.00149101,NA,NA,NA,NA,NA,NA,0.765766,0.00316469,283,0.720077,0.718147,0,0.859073,0,Bayes-M14-fill-geo
Police,Kinshasa,1,FALSE,recalibrated-deployed,2.03328e-4,4.728e-5,4.78363e-4,1.68914e-4,359,264,403,2.03358e-4,0.0822009,347,0.00148663,NA,NA,NA,NA,NA,NA,0.0637066,2.62508e-4,428,0.046332,0.0772201,0,0.0675676,0,Bayes-M14-fill-geo
Busanga,Tshuapa,1,FALSE,recalibrated-deployed,2.00837e-4,1.12031e-4,3.05263e-4,1.95893e-4,344,309,378,2.00859e-4,0.0811904,348,0.00146841,NA,NA,NA,NA,NA,NA,0.593629,0.00241612,315,0.660232,0.167954,0,0.952703,0,Bayes-M14-fill-geo
Ruashi,Haut-Katanga,1,FALSE,recalibrated-deployed,1.96682e-4,6.40705e-5,4.04925e-4,1.75073e-4,353,301,389,1.96707e-4,0.0795123,349,0.00143804,NA,NA,NA,NA,NA,NA,0.0939511,3.74478e-4,420,0.0984556,0.0637066,0,0.119691,0,Bayes-M14-fill-geo
Gombe Matadi,Kongo-Central,1,FALSE,recalibrated-deployed,1.9659e-4,6.88782e-5,3.94591e-4,1.75381e-4,354,315.95,380,1.96615e-4,0.0794749,350,0.00143736,NA,NA,NA,NA,NA,NA,0.553411,0.0022048,323,0.69112,0.785714,0,0.183398,0,Bayes-M14-fill-geo
Popokabaka,Kwango,1,FALSE,recalibrated-deployed,1.96461e-4,8.72014e-5,3.42476e-4,1.83324e-4,350,326,376,1.96484e-4,0.0794219,351,0.00143642,NA,NA,NA,NA,NA,NA,0.734234,0.00292328,294,0.77027,0.787645,0,0.644788,0,Bayes-M14-fill-geo
Kisantu,Kongo-Central,1,FALSE,recalibrated-deployed,1.95056e-4,6.86807e-5,3.89337e-4,1.74537e-4,355,318.95,380,1.9508e-4,0.0788544,352,0.00142614,NA,NA,NA,NA,NA,NA,0.557272,0.00220285,324,0.503861,0.990347,0,0.17760600000000001,0,Bayes-M14-fill-geo
Kimpese,Kongo-Central,1,FALSE,recalibrated-deployed,1.94645e-4,7.35731e-5,3.76411e-4,1.75399e-4,354,325.95,369,1.94669e-4,0.0786884,353,0.00142314,NA,NA,NA,NA,NA,NA,0.659588,0.00260182,308,0.789575,0.976834,0,0.212355,0,Bayes-M14-fill-geo
Kingasani,Kinshasa,1,FALSE,recalibrated-deployed,1.93656e-4,4.64077e-5,4.51868e-4,1.6237e-4,363,276,405,1.93683e-4,0.0782899,354,0.00141591,NA,NA,NA,NA,NA,NA,0.0392535,1.54053e-4,439,0.00579151,0.0405405,0,0.0714286,0,Bayes-M14-fill-geo
Bobozo,Kasaï-Central,1,FALSE,recalibrated-deployed,1.93628e-4,1.03814e-4,3.0666e-4,1.86033e-4,348,329,368,1.93649e-4,0.0782762,355,0.00141571,NA,NA,NA,NA,NA,NA,0.311454,0.00122215,371,0.160232,0.285714,0,0.488417,0,Bayes-M14-fill-geo
Mutena,Kasaï,1,FALSE,recalibrated-deployed,1.91453e-4,9.73701e-5,3.12467e-4,1.82912e-4,349,330,371,1.91473e-4,0.0773967,356,0.0013998,NA,NA,NA,NA,NA,NA,0.311454,0.00120841,373,0.333977,0.0752896,0,0.525097,0,Bayes-M14-fill-geo
Kapolowe,Haut-Katanga,1,FALSE,recalibrated-deployed,1.91271e-4,7.79093e-5,3.54537e-4,1.75137e-4,352,331,367,1.91292e-4,0.0773236,357,0.00139847,NA,NA,NA,NA,NA,NA,0.403475,0.00156396,356,0.557915,0.444015,0,0.208494,0,Bayes-M14-fill-geo
Kambove,Haut-Katanga,1,FALSE,recalibrated-deployed,1.898e-4,7.19315e-5,3.63573e-4,1.72459e-4,356,323,379,1.89822e-4,0.0767294,358,0.00138772,NA,NA,NA,NA,NA,NA,0.407979,0.00156926,355,0.42471,0.623552,0,0.175676,0,Bayes-M14-fill-geo
Lubudi,Lualaba,1,FALSE,recalibrated-deployed,1.82926e-4,9.29662e-5,2.99108e-4,1.74436e-4,356,336,374,1.82945e-4,0.0739493,359,0.00133746,NA,NA,NA,NA,NA,NA,0.622265,0.0023068,319,0.915058,0.46139,0,0.490347,0,Bayes-M14-fill-geo
Kahemba,Kwango,1,FALSE,recalibrated-deployed,1.81255e-4,8.4744e-5,3.10331e-4,1.70232e-4,359,339,377,1.81274e-4,0.0732742,360,0.00132524,NA,NA,NA,NA,NA,NA,0.715573,0.00262848,306,0.895753,0.727799,0,0.523166,0,Bayes-M14-fill-geo
Sia,Kwilu,1,FALSE,recalibrated-deployed,1.81023e-4,8.53602e-5,3.03827e-4,1.71326e-4,360,330,384,1.81042e-4,0.0731801,361,0.00132354,NA,NA,NA,NA,NA,NA,0.531532,0.00194994,336,0.415058,0.382239,0,0.797297,0,Bayes-M14-fill-geo
Bena Tshadi,Kasaï-Central,1,FALSE,recalibrated-deployed,1.80021e-4,9.33439e-5,2.85979e-4,1.72559e-4,359,325,385,1.80039e-4,0.0727748,362,0.00131622,NA,NA,NA,NA,NA,NA,0.629344,0.00229599,320,0.669884,0.378378,0,0.839768,0,Bayes-M14-fill-geo
Kamalondo,Haut-Katanga,1,FALSE,recalibrated-deployed,1.78363e-4,5.58702e-5,3.7229e-4,1.57859e-4,367,311,395,1.78383e-4,0.0721056,363,0.00130409,NA,NA,NA,NA,NA,NA,0.0469755,1.69799e-4,437,0.0289575,0.0019305,0,0.110039,0,Bayes-M14-fill-geo
Kisenso,Kinshasa,1,FALSE,recalibrated-deployed,1.78188e-4,3.87525e-5,4.28449e-4,1.45783e-4,376,283,413,1.78211e-4,0.072036,364,0.00130281,NA,NA,NA,NA,NA,NA,0.0785071,2.83496e-4,427,0.0366795,0.138996,0,0.0598456,0,Bayes-M14-fill-geo
Kipushi,Haut-Katanga,1,FALSE,recalibrated-deployed,1.77658e-4,5.49808e-5,3.73753e-4,1.56908e-4,369,310,397,1.77678e-4,0.0718206,365,0.00129894,NA,NA,NA,NA,NA,NA,0.162162,5.83839e-4,404,0.27027,0.108108,0,0.108108,0,Bayes-M14-fill-geo
Matadi,Kongo-Central,1,FALSE,recalibrated-deployed,1.74425e-4,4.09004e-5,4.11201e-4,1.45339e-4,377,294,408,1.74447e-4,0.0705143,366,0.0012753,NA,NA,NA,NA,NA,NA,0.391892,0.00138527,365,0.156371,0.944015,0,0.0752896,0,Bayes-M14-fill-geo
Bandundu,Kwilu,1,FALSE,recalibrated-deployed,1.74416e-4,7.24958e-5,3.2443e-4,1.60012e-4,366,347,372,1.74434e-4,0.0705093,367,0.00127524,NA,NA,NA,NA,NA,NA,0.44852,0.00158536,351,0.343629,0.750965,0,0.250965,0,Bayes-M14-fill-geo
Kafubu,Haut-Katanga,1,FALSE,recalibrated-deployed,1.72236e-4,6.11255e-5,3.42056e-4,1.55199e-4,371,333,390,1.72254e-4,0.0696281,368,0.0012593,NA,NA,NA,NA,NA,NA,0.280566,9.79307e-4,383,0.604247,0.0868726,0,0.150579,0,Bayes-M14-fill-geo
Nyanga,Kasaï,1,FALSE,recalibrated-deployed,1.7066e-4,8.66676e-5,2.75701e-4,1.63169e-4,365,337,384,1.70677e-4,0.0689904,369,0.00124778,NA,NA,NA,NA,NA,NA,0.463964,0.00160464,346,0.440154,0.380309,0,0.571429,0,Bayes-M14-fill-geo
Wema,Tshuapa,1,FALSE,recalibrated-deployed,1.7058e-4,9.11097e-5,2.66557e-4,1.64495e-4,364,328,391,1.70596e-4,0.0689579,370,0.00124719,NA,NA,NA,NA,NA,NA,0.595882,0.00205991,328,0.849421,0.133205,0,0.805019,0,Bayes-M14-fill-geo
Bolobo,Mai-Ndombe,1,FALSE,recalibrated-deployed,1.70331e-4,6.59823e-5,3.26875e-4,1.54426e-4,369,344,383,1.70349e-4,0.0688578,371,0.00124537,NA,NA,NA,NA,NA,NA,0.451737,0.00155934,357,0.631274,0.498069,0,0.225869,0,Bayes-M14-fill-geo
Bikoro,Equateur,1,FALSE,recalibrated-deployed,1.69884e-4,8.63676e-5,2.72191e-4,1.62605e-4,367,332,390,1.699e-4,0.0686765,372,0.0012421,NA,NA,NA,NA,NA,NA,0.793436,0.00273164,303,0.812741,0.814672,0,0.752896,0,Bayes-M14-fill-geo
Oshwe,Mai-Ndombe,1,FALSE,recalibrated-deployed,1.69254e-4,7.66834e-5,2.90392e-4,1.59549e-4,368,338,389,1.6927e-4,0.068422,373,0.00123749,NA,NA,NA,NA,NA,NA,0.647362,0.00222047,322,0.876448,0.330116,0,0.735521,0,Bayes-M14-fill-geo
Mitwaba,Haut-Katanga,1,FALSE,recalibrated-deployed,1.67961e-4,8.8524e-5,2.65964e-4,1.61517e-4,367,338,384,1.67977e-4,0.0678991,374,0.00122804,NA,NA,NA,NA,NA,NA,0.470399,0.00160116,347,0.801158,0.0617761,0,0.548263,0,Bayes-M14-fill-geo
Bokonzi,Sud-Ubangi,1,FALSE,recalibrated-deployed,1.67399e-4,1.17474e-4,2.23405e-4,1.6548e-4,362,319,399,1.67414e-4,0.0676714,375,0.00122393,NA,NA,NA,NA,NA,NA,0.314672,0.00106751,380,0.430502,0.0830116,0,0.430502,0,Bayes-M14-fill-geo
Mbanza Ngungu,Kongo-Central,1,FALSE,recalibrated-deployed,1.62302e-4,5.90949e-5,3.20393e-4,1.45589e-4,377,342,391,1.62319e-4,0.065612,376,0.00118667,NA,NA,NA,NA,NA,NA,0.494852,0.00162765,345,0.320463,0.974903,0,0.189189,0,Bayes-M14-fill-geo
Ndesha,Kasaï-Central,1,FALSE,recalibrated-deployed,1.5976e-4,8.5347e-5,2.56108e-4,1.53112e-4,372,348.95,384,1.59775e-4,0.0645835,377,0.00116808,NA,NA,NA,NA,NA,NA,0.30888,0.00100004,382,0.144788,0.34556,0,0.436293,0,Bayes-M14-fill-geo
Wamba Lwadi,Kwango,1,FALSE,recalibrated-deployed,1.5718e-4,7.25818e-5,2.66108e-4,1.48745e-4,376,343,396,1.57194e-4,0.0635404,378,0.00114921,NA,NA,NA,NA,NA,NA,0.732304,0.00233264,318,0.646718,0.818533,0,0.73166,0,Bayes-M14-fill-geo
Kisanga,Haut-Katanga,1,FALSE,recalibrated-deployed,1.56083e-4,4.77432e-5,3.30331e-4,1.3742e-4,382,329,402,1.56098e-4,0.0630976,379,0.00114119,NA,NA,NA,NA,NA,NA,0.144144,4.55943e-4,412,0.129344,0.200772,0,0.102317,0,Bayes-M14-fill-geo
Kingandu,Kwilu,1,FALSE,recalibrated-deployed,1.54299e-4,7.45235e-5,2.58574e-4,1.46152e-4,377,347,393,1.54312e-4,0.0623756,380,0.00112815,NA,NA,NA,NA,NA,NA,0.656371,0.00205244,329,0.716216,0.658301,0,0.594595,0,Bayes-M14-fill-geo
Nioki,Mai-Ndombe,1,FALSE,recalibrated-deployed,1.51548e-4,6.92895e-5,2.62543e-4,1.41953e-4,379,351.95,392,1.51561e-4,0.0612637,381,0.00110804,NA,NA,NA,NA,NA,NA,0.518662,0.00159292,348,0.610039,0.395753,0,0.550193,0,Bayes-M14-fill-geo
Kwilu Ngongo,Kongo-Central,1,FALSE,recalibrated-deployed,1.51089e-4,5.56246e-5,2.96136e-4,1.35368e-4,382,354,393,1.51104e-4,0.0610786,382,0.00110469,NA,NA,NA,NA,NA,NA,0.516731,0.00158219,352,0.488417,0.866795,0,0.194981,0,Bayes-M14-fill-geo
Kalamu 2,Kinshasa,1,FALSE,recalibrated-deployed,1.49782e-4,2.73787e-5,3.84948e-4,1.1739e-4,396,294,424,1.498e-4,0.0605518,383,0.00109513,NA,NA,NA,NA,NA,NA,0.0199485,6.05524e-5,447,0.003861,0.015444,0,0.0405405,0,Bayes-M14-fill-geo
Makala,Kinshasa,1,FALSE,recalibrated-deployed,1.49435e-4,2.81872e-5,3.79814e-4,1.18265e-4,394,297.95,423,1.49453e-4,0.0604115,384,0.00109259,NA,NA,NA,NA,NA,NA,0.0328185,9.93877e-5,443,0.011583,0.03861,0,0.0482625,0,Bayes-M14-fill-geo
Mangembo,Kongo-Central,1,FALSE,recalibrated-deployed,1.48596e-4,5.98479e-5,2.82474e-4,1.35711e-4,383,367,390,1.4861e-4,0.0600706,385,0.00108646,NA,NA,NA,NA,NA,NA,0.496782,0.00149601,361,0.559846,0.664093,0,0.266409,0,Bayes-M14-fill-geo
Kwamouth,Mai-Ndombe,1,FALSE,recalibrated-deployed,1.48188e-4,6.74315e-5,2.60601e-4,1.39017e-4,381,362,388,1.48201e-4,0.0599054,386,0.00108347,NA,NA,NA,NA,NA,NA,0.573359,0.00172187,343,0.870656,0.416988,0,0.432432,0,Bayes-M14-fill-geo
Mampoko,Equateur,1,FALSE,recalibrated-deployed,1.41142e-4,8.20654e-5,2.11042e-4,1.38052e-4,383,342,408,1.41153e-4,0.0570564,387,0.00103196,NA,NA,NA,NA,NA,NA,0.684685,0.00195843,335,0.891892,0.505792,0,0.656371,0,Bayes-M14-fill-geo
Banga Lubaka,Kasaï,1,FALSE,recalibrated-deployed,1.40969e-4,6.98344e-5,2.29225e-4,1.3474e-4,385,349,405,1.4098e-4,0.0569866,388,0.00103069,NA,NA,NA,NA,NA,NA,0.427284,0.00122068,372,0.517375,0.044401500000000003,0,0.720077,0,Bayes-M14-fill-geo
Likasi,Haut-Katanga,1,FALSE,recalibrated-deployed,1.40852e-4,5.22578e-5,2.73263e-4,1.27637e-4,387,358,399,1.40865e-4,0.0569398,389,0.00102984,NA,NA,NA,NA,NA,NA,0.230373,6.57591e-4,399,0.111969,0.420849,0,0.158301,0,Bayes-M14-fill-geo
Boko Kivulu,Kongo-Central,1,FALSE,recalibrated-deployed,1.37333e-4,5.06953e-5,2.68696e-4,1.23388e-4,390.5,366,400,1.37345e-4,0.055517,390,0.00100411,NA,NA,NA,NA,NA,NA,0.570785,0.00158857,350,0.579151,0.932432,0,0.200772,0,Bayes-M14-fill-geo
Nsona Mpangu,Kongo-Central,1,FALSE,recalibrated-deployed,1.36159e-4,4.74016e-5,2.73563e-4,1.21368e-4,392,361,402,1.36171e-4,0.0550426,391,9.95523e-4,NA,NA,NA,NA,NA,NA,0.555341,0.00153238,358,0.722008,0.764479,0,0.179537,0,Bayes-M14-fill-geo
Lukolela,Equateur,1,FALSE,recalibrated-deployed,1.3565e-4,6.14386e-5,2.38975e-4,1.27235e-4,389,370,396,1.35661e-4,0.0548364,392,9.91801e-4,NA,NA,NA,NA,NA,NA,0.771557,0.00212104,327,0.944015,0.915058,0,0.455598,0,Bayes-M14-fill-geo
Kisanji,Kwango,1,FALSE,recalibrated-deployed,1.32651e-4,6.44602e-5,2.1926e-4,1.26269e-4,390,354,410,1.32661e-4,0.0536239,393,9.69874e-4,NA,NA,NA,NA,NA,NA,0.743243,0.00199803,333,0.841699,0.65444,0,0.733591,0,Bayes-M14-fill-geo
Irebu,Equateur,1,FALSE,recalibrated-deployed,1.31531e-4,6.03876e-5,2.2679e-4,1.23634e-4,391,362,406,1.31541e-4,0.0531711,394,9.61683e-4,NA,NA,NA,NA,NA,NA,0.72973,0.00194513,337,0.930502,0.677606,0,0.581081,0,Bayes-M14-fill-geo
Lotumbe,Equateur,1,FALSE,recalibrated-deployed,1.30291e-4,7.08513e-5,2.02817e-4,1.26043e-4,391,352,411,1.303e-4,0.0526696,395,9.52619e-4,NA,NA,NA,NA,NA,NA,0.775418,0.00204744,330,0.969112,0.708494,0,0.648649,0,Bayes-M14-fill-geo
Mushie,Mai-Ndombe,1,FALSE,recalibrated-deployed,1.29392e-4,6.0081e-5,2.20838e-4,1.21554e-4,393,361,409,1.29402e-4,0.0523065,396,9.46048e-4,NA,NA,NA,NA,NA,NA,0.572072,0.0015001,360,0.739382,0.364865,0,0.611969,0,Bayes-M14-fill-geo
Bosobe,Mai-Ndombe,1,FALSE,recalibrated-deployed,1.2643e-4,5.72188e-5,2.1597e-4,1.19251e-4,396,358,412,1.26439e-4,0.0511089,397,0.00092438799999999995,NA,NA,NA,NA,NA,NA,0.587516,0.00150532,359,0.494208,0.409266,0,0.859073,0,Bayes-M14-fill-geo
Banzow Moke,Mai-Ndombe,1,FALSE,recalibrated-deployed,1.23805e-4,5.9411e-5,2.05866e-4,1.17508e-4,397,359,414,1.23813e-4,0.0500474,398,9.05193e-4,NA,NA,NA,NA,NA,NA,0.698198,0.00175176,342,0.689189,0.521236,0,0.88417,0,Bayes-M14-fill-geo
Ntondo,Equateur,1,FALSE,recalibrated-deployed,1.21192e-4,5.63942e-5,2.04545e-4,1.14684e-4,399,364,416,1.21201e-4,0.0489913,399,8.86091e-4,NA,NA,NA,NA,NA,NA,0.816602,0.0020056,332,0.899614,0.725869,0,0.824324,0,Bayes-M14-fill-geo
Kiri,Mai-Ndombe,1,FALSE,recalibrated-deployed,1.20882e-4,5.93157e-5,1.97836e-4,1.15491e-4,400,360,417,1.20891e-4,0.048866,400,8.83826e-4,NA,NA,NA,NA,NA,NA,0.758044,0.00185702,340,0.874517,0.476834,0,0.92278,0,Bayes-M14-fill-geo
Lukafu,Haut-Katanga,1,FALSE,recalibrated-deployed,1.20138e-4,5.86294e-5,2.05119e-4,1.13728e-4,398,385,402,1.20146e-4,0.0485651,401,8.78385e-4,NA,NA,NA,NA,NA,NA,0.535393,0.0013035,367,0.888031,0.324324,0,0.393822,0,Bayes-M14-fill-geo
Ntandembelo,Mai-Ndombe,1,FALSE,recalibrated-deployed,1.19547e-4,5.62802e-5,2.00827e-4,1.13188e-4,401,366,417,1.19555e-4,0.0483262,402,8.74064e-4,NA,NA,NA,NA,NA,NA,0.612613,0.00148417,362,0.602317,0.46332,0,0.772201,0,Bayes-M14-fill-geo
Biyela,Kinshasa,1,FALSE,recalibrated-deployed,1.17851e-4,2.96516e-5,2.71356e-4,9.94512e-5,404,349,421,1.17861e-4,0.0476415,403,8.61666e-4,NA,NA,NA,NA,NA,NA,0.143501,3.42727e-4,422,0.0637066,0.283784,0,0.0830116,0,Bayes-M14-fill-geo
Monieka,Equateur,1,FALSE,recalibrated-deployed,1.12951e-4,6.33328e-5,1.72254e-4,1.09894e-4,401,359,421,1.12958e-4,0.0456596,404,8.25838e-4,NA,NA,NA,NA,NA,NA,0.794723,0.00181914,341,0.976834,0.733591,0,0.673745,0,Bayes-M14-fill-geo
Massa,Kongo-Central,1,FALSE,recalibrated-deployed,1.10415e-4,3.14378e-5,2.4182e-4,9.56614e-5,406,369,419,1.10423e-4,0.0446349,405,8.07294e-4,NA,NA,NA,NA,NA,NA,0.563063,0.00125992,370,0.667954,0.920849,0,0.100386,0,Bayes-M14-fill-geo
Mwela Lembwa,Kwango,1,FALSE,recalibrated-deployed,1.06456e-4,4.95282e-5,1.79651e-4,1.00744e-4,405,374,421,1.06462e-4,0.0430339,406,7.78348e-4,NA,NA,NA,NA,NA,NA,0.586229,0.00126473,369,0.650579,0.322394,0,0.785714,0,Bayes-M14-fill-geo
Yumbi,Mai-Ndombe,1,FALSE,recalibrated-deployed,1.00479e-4,4.29236e-5,1.85303e-4,9.28403e-5,407,401,411,1.00485e-4,0.0406178,407,7.34649e-4,NA,NA,NA,NA,NA,NA,0.365508,7.44274e-4,392,0.413127,0.401544,0,0.281853,0,Bayes-M14-fill-geo
Lukula,Kongo-Central,1,FALSE,recalibrated-deployed,1.00077e-4,3.36634e-5,2.04488e-4,8.87e-5,409,390.95,415,1.00083e-4,0.0404552,408,7.31706e-4,NA,NA,NA,NA,NA,NA,0.524453,0.00106365,381,0.528958,0.874517,0,0.169884,0,Bayes-M14-fill-geo
Kinda,Haut-Lomami,1,FALSE,recalibrated-deployed,9.95802e-5,5.14969e-5,1.58342e-4,9.58678e-5,407,379.95,423,9.95858e-5,0.0402542,409,7.28077e-4,NA,NA,NA,NA,NA,NA,0.676963,0.00136615,366,0.988417,0.426641,0,0.61583,0,Bayes-M14-fill-geo
Mimia,Mai-Ndombe,1,FALSE,recalibrated-deployed,9.88144e-5,4.70674e-5,1.64933e-4,9.37239e-5,409,384,424,9.882e-5,0.0399447,410,7.22478e-4,NA,NA,NA,NA,NA,NA,0.645431,0.0012925,368,0.96139,0.0521236,0,0.92278,0,Bayes-M14-fill-geo
Ngidinga,Kongo-Central,1,FALSE,recalibrated-deployed,9.84908e-5,4.36329e-5,1.76568e-4,9.17567e-5,409,396.95,418,9.84965e-5,0.0398139,411,7.20112e-4,NA,NA,NA,NA,NA,NA,0.598456,0.0011945,375,0.65444,0.743243,0,0.397683,0,Bayes-M14-fill-geo
Panda,Haut-Katanga,1,FALSE,recalibrated-deployed,9.75723e-5,3.64807e-5,1.88553e-4,8.83552e-5,409,393,413,9.75781e-5,0.0394427,412,7.13396e-4,NA,NA,NA,NA,NA,NA,0.27027,5.34422e-4,407,0.162162,0.482625,0,0.166023,0,Bayes-M14-fill-geo
Seke Banza,Kongo-Central,1,FALSE,recalibrated-deployed,9.53683e-5,3.57252e-5,1.86357e-4,8.60768e-5,410,402,416,9.5374e-5,0.0385518,413,6.97282e-4,NA,NA,NA,NA,NA,NA,0.601673,0.00116285,376,0.635135,0.949807,0,0.220077,0,Bayes-M14-fill-geo
Kanzenze,Lualaba,1,FALSE,recalibrated-deployed,9.27827e-5,3.63995e-5,1.74455e-4,8.48075e-5,411.5,401,414,9.27879e-5,0.0375064,414,6.78377e-4,NA,NA,NA,NA,NA,NA,0.318533,5.98936e-4,403,0.625483,0.142857,0,0.187259,0,Bayes-M14-fill-geo
Kikula,Haut-Katanga,1,FALSE,recalibrated-deployed,9.01515e-5,3.35616e-5,1.74403e-4,8.16621e-5,415,400,417,9.01565e-5,0.0364428,415,6.59139e-4,NA,NA,NA,NA,NA,NA,0.12677,2.31605e-4,431,0.106178,0.1139,0,0.160232,0,Bayes-M14-fill-geo
Kasenga,Haut-Katanga,1,FALSE,recalibrated-deployed,8.78718e-5,3.01339e-5,1.76181e-4,7.89124e-5,416,398,421,8.78766e-5,0.0355212,416,6.42471e-4,NA,NA,NA,NA,NA,NA,0.527027,9.38517e-4,384,0.816602,0.625483,0,0.138996,0,Bayes-M14-fill-geo
Ngaba,Kinshasa,1,FALSE,recalibrated-deployed,8.06314e-5,1.55839e-5,2.02845e-4,6.41172e-5,423,377,436,8.06365e-5,0.0325946,417,5.89534e-4,NA,NA,NA,NA,NA,NA,0.0186615,3.04938e-5,452,0,0.00579151,0,0.0501931,0,Bayes-M14-fill-geo
Sona Bata,Kongo-Central,1,FALSE,recalibrated-deployed,8.04283e-5,2.99493e-5,1.56632e-4,7.24723e-5,419,412,421,8.04323e-5,0.0325121,418,5.88049e-4,NA,NA,NA,NA,NA,NA,0.573359,9.34535e-4,385,0.725869,0.789575,0,0.204633,0,Bayes-M14-fill-geo
Bumbu,Kinshasa,1,FALSE,recalibrated-deployed,8.0129e-5,1.42202e-5,2.08152e-4,6.24714e-5,425,375,439,8.01342e-5,0.0323916,419,5.8586e-4,NA,NA,NA,NA,NA,NA,0.021879,3.55285e-5,451,0.0019305,0.0289575,0,0.034749,0,Bayes-M14-fill-geo
Kimbanseke,Kinshasa,1,FALSE,recalibrated-deployed,7.89101e-5,1.90198e-5,1.84154e-4,6.62274e-5,421,389,432,7.89145e-5,0.0318986,420,5.76948e-4,NA,NA,NA,NA,NA,NA,0.0701416,1.12168e-4,442,0.0521236,0.0849421,0,0.0733591,0,Bayes-M14-fill-geo
Boma,Kongo-Central,1,FALSE,recalibrated-deployed,7.68105e-5,1.92335e-5,1.77059e-4,6.47918e-5,423,396,431,7.68147e-5,0.0310498,421,5.61597e-4,NA,NA,NA,NA,NA,NA,0.386744,6.0201e-4,402,0.146718,0.92471,0,0.0888031,0,Bayes-M14-fill-geo
Kajiji,Kwango,1,FALSE,recalibrated-deployed,7.40235e-5,3.45398e-5,1.28264e-4,6.96379e-5,420,405,428,7.40267e-5,0.0299228,422,5.4122e-4,NA,NA,NA,NA,NA,NA,0.471042,7.06626e-4,396,0.793436,0.15444,0,0.465251,0,Bayes-M14-fill-geo
Inga,Kongo-Central,1,FALSE,recalibrated-deployed,7.13629e-5,2.55893e-5,1.41852e-4,6.37423e-5,423,419,426,7.13661e-5,0.0288474,423,5.21767e-4,NA,NA,NA,NA,NA,NA,0.51287,7.41719e-4,393,0.521236,0.824324,0,0.19305,0,Bayes-M14-fill-geo
Baka,Haut-Lomami,1,FALSE,recalibrated-deployed,6.89584e-5,3.59176e-5,1.12863e-4,6.59619e-5,422,406,430,6.89611e-5,0.0278752,424,5.04187e-4,NA,NA,NA,NA,NA,NA,0.575933,8.04858e-4,390,0.434363,0.891892,0,0.401544,0,Bayes-M14-fill-geo
Kamonia,Kasaï,1,FALSE,recalibrated-deployed,6.8196e-5,1.81275e-5,1.51823e-4,5.84027e-5,427,403.95,433,6.81992e-5,0.0275673,425,4.98613e-4,NA,NA,NA,NA,NA,NA,0.186615,2.57909e-4,429,0.370656,0.110039,0,0.0791506,0,Bayes-M14-fill-geo
Bomongo,Equateur,1,FALSE,recalibrated-deployed,6.80039e-5,4.12571e-5,9.88505e-5,6.66296e-5,422,398,436,6.80064e-5,0.0274893,426,4.97208e-4,NA,NA,NA,NA,NA,NA,0.787645,0.00108549,378,0.978764,0.84749,0,0.53668,0,Bayes-M14-fill-geo
Kitenda,Kwango,1,FALSE,recalibrated-deployed,6.47043e-5,2.87563e-5,1.15741e-4,6.02143e-5,425,413,433,6.47068e-5,0.0261556,427,4.73083e-4,NA,NA,NA,NA,NA,NA,0.501287,6.57324e-4,400,0.664093,0.42471,0,0.415058,0,Bayes-M14-fill-geo
Zongo,Sud-Ubangi,1,FALSE,recalibrated-deployed,6.44124e-5,3.98395e-5,9.37124e-5,6.29373e-5,424,406,434,6.44146e-5,0.0260375,428,4.70949e-4,NA,NA,NA,NA,NA,NA,0.322394,4.20839e-4,416,0.277992,0.413127,0,0.276062,0,Bayes-M14-fill-geo
Bunkeya,Lualaba,1,FALSE,recalibrated-deployed,6.22492e-5,3.01598e-5,1.07022e-4,5.87641e-5,428,415,432,6.22514e-5,0.0251631,429,4.55133e-4,NA,NA,NA,NA,NA,NA,0.56242,7.09503e-4,395,0.824324,0.501931,0,0.361004,0,Bayes-M14-fill-geo
Kangu,Kongo-Central,1,FALSE,recalibrated-deployed,5.98831e-5,1.92638e-5,1.25096e-4,5.26625e-5,428,422,430,5.98854e-5,0.0242067,430,4.37833e-4,NA,NA,NA,NA,NA,NA,0.470399,5.70861e-4,405,0.380309,0.882239,0,0.148649,0,Bayes-M14-fill-geo
Vaku,Kongo-Central,1,FALSE,recalibrated-deployed,5.42442e-5,1.81637e-5,1.11045e-4,4.80391e-5,431,426,432,5.42461e-5,0.0219272,431,3.96605e-4,NA,NA,NA,NA,NA,NA,0.559202,6.14726e-4,401,0.567568,0.942085,0,0.167954,0,Bayes-M14-fill-geo
Kasongo Lunda,Kwango,1,FALSE,recalibrated-deployed,5.376e-5,1.81594e-5,1.09556e-4,4.77892e-5,431,426,433,5.37619e-5,0.0217315,432,3.93065e-4,NA,NA,NA,NA,NA,NA,0.458816,4.99871e-4,409,0.627413,0.594595,0,0.15444,0,Bayes-M14-fill-geo
Nselo,Kongo-Central,1,FALSE,recalibrated-deployed,4.97362e-5,2.09553e-5,9.2947e-5,4.58433e-5,433,425,436,4.97377e-5,0.0201048,433,3.63645e-4,NA,NA,NA,NA,NA,NA,0.498713,5.0267e-4,408,0.656371,0.534749,0,0.305019,0,Bayes-M14-fill-geo
Katuba,Haut-Katanga,1,FALSE,recalibrated-deployed,4.55456e-5,1.39978e-5,9.63115e-5,4.01236e-5,434,428,438.05,4.5547e-5,0.0184108,434,3.33005e-4,NA,NA,NA,NA,NA,NA,0.0617761,5.70199e-5,448,0.0501931,0.030888,0,0.104247,0,Bayes-M14-fill-geo
Boma Bungu,Kongo-Central,1,FALSE,recalibrated-deployed,4.41837e-5,1.37488e-5,9.37091e-5,3.87723e-5,435,432,438,4.4185e-5,0.0178603,435,3.23047e-4,NA,NA,NA,NA,NA,NA,0.427928,3.83171e-4,419,0.581081,0.567568,0,0.135135,0,Bayes-M14-fill-geo
Nzanza,Kongo-Central,1,FALSE,recalibrated-deployed,3.74527e-5,9.48757e-6,8.56562e-5,3.16792e-5,440,433,444,3.74537e-5,0.0151394,436,2.73834e-4,NA,NA,NA,NA,NA,NA,0.289575,2.19788e-4,432,0.0888031,0.689189,0,0.0907336,0,Bayes-M14-fill-geo
Kilela Balanda,Haut-Katanga,1,FALSE,recalibrated-deployed,3.69913e-5,1.55497e-5,6.8042e-5,3.40738e-5,437,434,441,3.69921e-5,0.0149528,437,2.70461e-4,NA,NA,NA,NA,NA,NA,0.417632,3.13079e-4,425,0.92278,0.0926641,0,0.237452,0,Bayes-M14-fill-geo
Kibunzi,Kongo-Central,1,FALSE,recalibrated-deployed,3.69728e-5,1.60382e-5,6.66957e-5,3.44044e-5,437,426,444,3.69736e-5,0.0149453,438,2.70325e-4,NA,NA,NA,NA,NA,NA,0.556628,4.17068e-4,418,0.704633,0.525097,0,0.440154,0,Bayes-M14-fill-geo
Kashobwe,Haut-Katanga,1,FALSE,recalibrated-deployed,3.65643e-5,1.42306e-5,6.91321e-5,3.33458e-5,438,435,440,3.65651e-5,0.0147802,439,2.67339e-4,NA,NA,NA,NA,NA,NA,0.432432,3.20432e-4,424,0.805019,0.301158,0,0.19112,0,Bayes-M14-fill-geo
Kimpangu,Kongo-Central,1,FALSE,recalibrated-deployed,3.55952e-5,1.19031e-5,7.27929e-5,3.15405e-5,440,437,440,3.5596e-5,0.0143885,440,2.60253e-4,NA,NA,NA,NA,NA,NA,0.598456,4.31701e-4,415,0.708494,0.934363,0,0.15251,0,Bayes-M14-fill-geo
Mutshatsha,Lualaba,1,FALSE,recalibrated-deployed,3.33065e-5,1.63642e-5,5.62826e-5,3.1537e-5,440,427,447,3.33071e-5,0.0134633,441,2.43519e-4,NA,NA,NA,NA,NA,NA,0.507722,3.42701e-4,423,0.971042,0.102317,0,0.449807,0,Bayes-M14-fill-geo
Kinkonzi,Kongo-Central,1,FALSE,recalibrated-deployed,3.21673e-5,1.09798e-5,6.54758e-5,2.85172e-5,441,440,443,3.21679e-5,0.0130028,442,2.3519e-4,NA,NA,NA,NA,NA,NA,0.566924,3.69572e-4,421,0.623552,0.895753,0,0.181467,0,Bayes-M14-fill-geo
Vangu,Haut-Katanga,1,FALSE,recalibrated-deployed,2.92217e-5,1.0487e-5,5.75545e-5,2.63953e-5,443,441,443,2.92223e-5,0.0118121,443,2.13654e-4,NA,NA,NA,NA,NA,NA,0.144144,8.53617e-5,445,0.11583,0.169884,0,0.146718,0,Bayes-M14-fill-geo
Kowe,Haut-Katanga,1,FALSE,recalibrated-deployed,2.17824e-5,7.39144e-6,4.39346e-5,1.95652e-5,445,444,446,2.17827e-5,0.00880493,444,1.59261e-4,NA,NA,NA,NA,NA,NA,0.0933076,4.11891e-5,449,0.0714286,0.0810811,0,0.127413,0,Bayes-M14-fill-geo
Kizu,Kongo-Central,1,FALSE,recalibrated-deployed,2.00094e-5,4.62465e-6,4.76274e-5,1.65783e-5,446,444,447,2.00096e-5,0.00808823,445,1.46298e-4,NA,NA,NA,NA,NA,NA,0.415058,1.68307e-4,438,0.297297,0.870656,0,0.0772201,0,Bayes-M14-fill-geo
Dilolo,Lualaba,1,FALSE,recalibrated-deployed,1.99899e-5,2.52159e-6,5.81636e-5,1.44286e-5,448,438,448,1.99903e-5,0.00808041,446,1.46155e-4,NA,NA,NA,NA,NA,NA,0.488417,1.97862e-4,434,0.839768,0.619691,0,0.00579151,0,Bayes-M14-fill-geo
Lilanga Bobangi,Equateur,1,FALSE,recalibrated-deployed,1.81808e-5,8.73556e-6,3.10169e-5,1.71647e-5,445,442,451,1.8181e-5,0.00734907,447,1.32928e-4,NA,NA,NA,NA,NA,NA,0.548906,2.02242e-4,433,0.938224,0.266409,0,0.442085,0,Bayes-M14-fill-geo
Tembo,Kwango,1,FALSE,recalibrated-deployed,1.778e-5,4.60308e-6,4.06323e-5,1.50995e-5,447,446,448,1.77803e-5,0.00718708,448,1.29998e-4,NA,NA,NA,NA,NA,NA,0.427284,1.53961e-4,440,0.787645,0.397683,0,0.0965251,0,Bayes-M14-fill-geo
Muanda,Kongo-Central,1,FALSE,recalibrated-deployed,1.29951e-5,3.89787e-7,5.25509e-5,5.77343e-6,450,441,451,1.29954e-5,0.00525297,449,9.50133e-5,NA,NA,NA,NA,NA,NA,0.545689,1.43709e-4,441,0.637066,1,0,0,0,Bayes-M14-fill-geo
Tshela,Kongo-Central,1,FALSE,recalibrated-deployed,1.02492e-5,1.45742e-6,2.91614e-5,7.57228e-6,449,449,450,1.02493e-5,0.00414293,450,7.49366e-5,NA,NA,NA,NA,NA,NA,0.43758,9.08882e-5,444,0.416988,0.888031,0,0.00772201,0,Bayes-M14-fill-geo
Kuimba,Kongo-Central,1,FALSE,recalibrated-deployed,8.00264e-6,9.13321e-7,2.4194e-5,5.5746e-6,450,450,451,8.00271e-6,0.00323483,451,5.8511e-5,NA,NA,NA,NA,NA,NA,0.409266,6.63742e-5,446,0.378378,0.84556,0,0.003861,0,Bayes-M14-fill-geo
Kitona,Kongo-Central,1,FALSE,recalibrated-deployed,5.15782e-6,2.49085e-7,1.88443e-5,2.68558e-6,452,452,452,5.15786e-6,0.00208489,452,3.77112e-5,NA,NA,NA,NA,NA,NA,0.390605,4.08285e-5,450,0.590734,0.579151,0,0.0019305,0,Bayes-M14-fill-geo
Ango,Bas-Uele,1,TRUE,recalibrated-deployed,NA,NA,NA,NA,NA,NA,NA,NA,NA,NA,NA,NA,NA,NA,NA,NA,NA,0.945946,NA,NA,1,0.859073,0,0.978764,0,Bayes-M14-fill-geo
Buta,Bas-Uele,1,TRUE,recalibrated-deployed,NA,NA,NA,NA,NA,NA,NA,NA,NA,NA,NA,NA,NA,NA,NA,NA,NA,0.96332,NA,NA,0.974903,0.992278,0,0.92278,0,Bayes-M14-fill-geo
Ganga,Bas-Uele,1,TRUE,recalibrated-deployed,NA,NA,NA,NA,NA,NA,NA,NA,NA,NA,NA,NA,NA,NA,NA,NA,NA,0.962355,NA,NA,0.967181,0.955598,0,0.964286,0,Bayes-M14-fill-geo
Viadana,Bas-Uele,1,TRUE,recalibrated-deployed,NA,NA,NA,NA,NA,NA,NA,NA,NA,NA,NA,NA,NA,NA,NA,NA,NA,0.912806,NA,NA,0.913127,0.978764,0,0.846525,0,Bayes-M14-fill-geo
Boma Mangbetu,Haut-Uele,1,TRUE,recalibrated-deployed,NA,NA,NA,NA,NA,NA,NA,NA,NA,NA,NA,NA,NA,NA,NA,NA,NA,0.54955,NA,NA,0.285714,0.503861,0,0.859073,0,Bayes-M14-fill-geo
Dungu,Haut-Uele,1,TRUE,recalibrated-deployed,NA,NA,NA,NA,NA,NA,NA,NA,NA,NA,NA,NA,NA,NA,NA,NA,NA,0.703346,NA,NA,0.872587,0.559846,0,0.677606,0,Bayes-M14-fill-geo
Gombari,Haut-Uele,1,TRUE,recalibrated-deployed,NA,NA,NA,NA,NA,NA,NA,NA,NA,NA,NA,NA,NA,NA,NA,NA,NA,0.769627,NA,NA,0.96332,0.801158,0,0.544402,0,Bayes-M14-fill-geo
Isiro,Haut-Uele,1,TRUE,recalibrated-deployed,NA,NA,NA,NA,NA,NA,NA,NA,NA,NA,NA,NA,NA,NA,NA,NA,NA,0.70045,NA,NA,0.389961,0.758687,0,0.952703,0,Bayes-M14-fill-geo
Pawa,Haut-Uele,1,TRUE,recalibrated-deployed,NA,NA,NA,NA,NA,NA,NA,NA,NA,NA,NA,NA,NA,NA,NA,NA,NA,0.57529,NA,NA,0.293436,0.573359,0,0.859073,0,Bayes-M14-fill-geo
Rungu,Haut-Uele,1,TRUE,recalibrated-deployed,NA,NA,NA,NA,NA,NA,NA,NA,NA,NA,NA,NA,NA,NA,NA,NA,NA,0.863256,NA,NA,0.822394,0.803089,0,0.964286,0,Bayes-M14-fill-geo
Wamba,Haut-Uele,1,TRUE,recalibrated-deployed,NA,NA,NA,NA,NA,NA,NA,NA,NA,NA,NA,NA,NA,NA,NA,NA,NA,0.642214,NA,NA,0.673745,0.436293,0,0.816602,0,Bayes-M14-fill-geo
Adja,Ituri,1,TRUE,recalibrated-deployed,NA,NA,NA,NA,NA,NA,NA,NA,NA,NA,NA,NA,NA,NA,NA,NA,NA,0.352638,NA,NA,0.249035,0.428571,0,0.380309,0,Bayes-M14-fill-geo
Ariwara,Ituri,1,TRUE,recalibrated-deployed,NA,NA,NA,NA,NA,NA,NA,NA,NA,NA,NA,NA,NA,NA,NA,NA,NA,0.381596,NA,NA,0.198842,0.698842,0,0.247104,0,Bayes-M14-fill-geo
Aru,Ituri,1,TRUE,recalibrated-deployed,NA,NA,NA,NA,NA,NA,NA,NA,NA,NA,NA,NA,NA,NA,NA,NA,NA,0.470399,NA,NA,0.301158,0.841699,0,0.26834,0,Bayes-M14-fill-geo
Aungba,Ituri,1,TRUE,recalibrated-deployed,NA,NA,NA,NA,NA,NA,NA,NA,NA,NA,NA,NA,NA,NA,NA,NA,NA,0.447233,NA,NA,0.310811,0.656371,0,0.374517,0,Bayes-M14-fill-geo
Kambala,Ituri,1,TRUE,recalibrated-deployed,NA,NA,NA,NA,NA,NA,NA,NA,NA,NA,NA,NA,NA,NA,NA,NA,NA,0.462677,NA,NA,0.366795,0.611969,0,0.409266,0,Bayes-M14-fill-geo
Logo,Ituri,1,TRUE,recalibrated-deployed,NA,NA,NA,NA,NA,NA,NA,NA,NA,NA,NA,NA,NA,NA,NA,NA,NA,0.317889,NA,NA,0.175676,0.592664,0,0.185328,0,Bayes-M14-fill-geo
Mahagi,Ituri,1,TRUE,recalibrated-deployed,NA,NA,NA,NA,NA,NA,NA,NA,NA,NA,NA,NA,NA,NA,NA,NA,NA,0.305663,NA,NA,0.171815,0.600386,0,0.144788,0,Bayes-M14-fill-geo
Rimba,Ituri,1,TRUE,recalibrated-deployed,NA,NA,NA,NA,NA,NA,NA,NA,NA,NA,NA,NA,NA,NA,NA,NA,NA,0.407979,NA,NA,0.200772,0.712355,0,0.310811,0,Bayes-M14-fill-geo
Bambu,Ituri,1,TRUE,recalibrated-deployed,NA,NA,NA,NA,NA,NA,NA,NA,NA,NA,NA,NA,NA,NA,NA,NA,NA,0.31982,NA,NA,0.204633,0.469112,0,0.285714,0,Bayes-M14-fill-geo
Boga,Ituri,1,TRUE,recalibrated-deployed,NA,NA,NA,NA,NA,NA,NA,NA,NA,NA,NA,NA,NA,NA,NA,NA,NA,0.351995,NA,NA,0.3861,0.368726,0,0.301158,0,Bayes-M14-fill-geo
Bunia,Ituri,1,TRUE,recalibrated-deployed,NA,NA,NA,NA,NA,NA,NA,NA,NA,NA,NA,NA,NA,NA,NA,NA,NA,0.310167,NA,NA,0.117761,0.563707,0,0.249035,0,Bayes-M14-fill-geo
Damas,Ituri,1,TRUE,recalibrated-deployed,NA,NA,NA,NA,NA,NA,NA,NA,NA,NA,NA,NA,NA,NA,NA,NA,NA,0.429858,NA,NA,0.447876,0.328185,0,0.513514,0,Bayes-M14-fill-geo
Drodro,Ituri,1,TRUE,recalibrated-deployed,NA,NA,NA,NA,NA,NA,NA,NA,NA,NA,NA,NA,NA,NA,NA,NA,NA,0.356499,NA,NA,0.206564,0.590734,0,0.272201,0,Bayes-M14-fill-geo
Fataki,Ituri,1,TRUE,recalibrated-deployed,NA,NA,NA,NA,NA,NA,NA,NA,NA,NA,NA,NA,NA,NA,NA,NA,NA,0.42471,NA,NA,0.225869,0.720077,0,0.328185,0,Bayes-M14-fill-geo
Gety,Ituri,1,TRUE,recalibrated-deployed,NA,NA,NA,NA,NA,NA,NA,NA,NA,NA,NA,NA,NA,NA,NA,NA,NA,0.34556,NA,NA,0.335907,0.297297,0,0.403475,0,Bayes-M14-fill-geo
Kilo,Ituri,1,TRUE,recalibrated-deployed,NA,NA,NA,NA,NA,NA,NA,NA,NA,NA,NA,NA,NA,NA,NA,NA,NA,0.19305,NA,NA,0.220077,0.0501931,0,0.30888,0,Bayes-M14-fill-geo
Komanda,Ituri,1,TRUE,recalibrated-deployed,NA,NA,NA,NA,NA,NA,NA,NA,NA,NA,NA,NA,NA,NA,NA,NA,NA,0.312098,NA,NA,0.30888,0.119691,0,0.507722,0,Bayes-M14-fill-geo
Lita,Ituri,1,TRUE,recalibrated-deployed,NA,NA,NA,NA,NA,NA,NA,NA,NA,NA,NA,NA,NA,NA,NA,NA,NA,0.407979,NA,NA,0.276062,0.704633,0,0.243243,0,Bayes-M14-fill-geo
Lolwa,Ituri,1,TRUE,recalibrated-deployed,NA,NA,NA,NA,NA,NA,NA,NA,NA,NA,NA,NA,NA,NA,NA,NA,NA,0.427284,NA,NA,0.642857,0,0,0.638996,0,Bayes-M14-fill-geo
Mambasa,Ituri,1,TRUE,recalibrated-deployed,NA,NA,NA,NA,NA,NA,NA,NA,NA,NA,NA,NA,NA,NA,NA,NA,NA,0.576577,NA,NA,0.88417,0.262548,0,0.583012,0,Bayes-M14-fill-geo
Mandima,Ituri,1,TRUE,recalibrated-deployed,NA,NA,NA,NA,NA,NA,NA,NA,NA,NA,NA,NA,NA,NA,NA,NA,NA,0.354569,NA,NA,0.484556,0.289575,0,0.289575,0,Bayes-M14-fill-geo
Mangala,Ituri,1,TRUE,recalibrated-deployed,NA,NA,NA,NA,NA,NA,NA,NA,NA,NA,NA,NA,NA,NA,NA,NA,NA,0.402831,NA,NA,0.305019,0.61583,0,0.287645,0,Bayes-M14-fill-geo
Mongbwalu,Ituri,1,TRUE,recalibrated-deployed,NA,NA,NA,NA,NA,NA,NA,NA,NA,NA,NA,NA,NA,NA,NA,NA,NA,0.348777,NA,NA,0.411197,0.183398,0,0.451737,0,Bayes-M14-fill-geo
Nia Nia,Ituri,1,TRUE,recalibrated-deployed,NA,NA,NA,NA,NA,NA,NA,NA,NA,NA,NA,NA,NA,NA,NA,NA,NA,0.39704,NA,NA,0.666023,0.0212355,0,0.503861,0,Bayes-M14-fill-geo
Nizi,Ituri,1,TRUE,recalibrated-deployed,NA,NA,NA,NA,NA,NA,NA,NA,NA,NA,NA,NA,NA,NA,NA,NA,NA,0.236165,NA,NA,0.15444,0.337838,0,0.216216,0,Bayes-M14-fill-geo
Nyankunde,Ituri,1,TRUE,recalibrated-deployed,NA,NA,NA,NA,NA,NA,NA,NA,NA,NA,NA,NA,NA,NA,NA,NA,NA,0.335264,NA,NA,0.283784,0.243243,0,0.478764,0,Bayes-M14-fill-geo
Rwampara,Ituri,1,TRUE,recalibrated-deployed,NA,NA,NA,NA,NA,NA,NA,NA,NA,NA,NA,NA,NA,NA,NA,NA,NA,0.425354,NA,NA,0.237452,0.745174,0,0.293436,0,Bayes-M14-fill-geo
Tchomia,Ituri,1,TRUE,recalibrated-deployed,NA,NA,NA,NA,NA,NA,NA,NA,NA,NA,NA,NA,NA,NA,NA,NA,NA,0.266409,NA,NA,0.210425,0.374517,0,0.214286,0,Bayes-M14-fill-geo
Alimbongo,Nord-Kivu,1,TRUE,recalibrated-deployed,NA,NA,NA,NA,NA,NA,NA,NA,NA,NA,NA,NA,NA,NA,NA,NA,NA,0.568211,NA,NA,0.584942,0.747104,0,0.372587,0,Bayes-M14-fill-geo
Beni,Nord-Kivu,1,TRUE,recalibrated-deployed,NA,NA,NA,NA,NA,NA,NA,NA,NA,NA,NA,NA,NA,NA,NA,NA,NA,0.207851,NA,NA,0.15251,0.22973,0,0.241313,0,Bayes-M14-fill-geo
Biena,Nord-Kivu,1,TRUE,recalibrated-deployed,NA,NA,NA,NA,NA,NA,NA,NA,NA,NA,NA,NA,NA,NA,NA,NA,NA,0.26834,NA,NA,0.250965,0.166023,0,0.388031,0,Bayes-M14-fill-geo
Butembo,Nord-Kivu,1,TRUE,recalibrated-deployed,NA,NA,NA,NA,NA,NA,NA,NA,NA,NA,NA,NA,NA,NA,NA,NA,NA,0.243887,NA,NA,0.1139,0.388031,0,0.22973,0,Bayes-M14-fill-geo
Kalunguta,Nord-Kivu,1,TRUE,recalibrated-deployed,NA,NA,NA,NA,NA,NA,NA,NA,NA,NA,NA,NA,NA,NA,NA,NA,NA,0.207851,NA,NA,0.194981,0.206564,0,0.222008,0,Bayes-M14-fill-geo
Katwa,Nord-Kivu,1,TRUE,recalibrated-deployed,NA,NA,NA,NA,NA,NA,NA,NA,NA,NA,NA,NA,NA,NA,NA,NA,NA,0.266409,NA,NA,0.0868726,0.484556,0,0.227799,0,Bayes-M14-fill-geo
Kyondo,Nord-Kivu,1,TRUE,recalibrated-deployed,NA,NA,NA,NA,NA,NA,NA,NA,NA,NA,NA,NA,NA,NA,NA,NA,NA,0.431789,NA,NA,0.295367,0.797297,0,0.202703,0,Bayes-M14-fill-geo
Lubero,Nord-Kivu,1,TRUE,recalibrated-deployed,NA,NA,NA,NA,NA,NA,NA,NA,NA,NA,NA,NA,NA,NA,NA,NA,NA,0.611326,NA,NA,0.573359,0.938224,0,0.322394,0,Bayes-M14-fill-geo
Mabalako,Nord-Kivu,1,TRUE,recalibrated-deployed,NA,NA,NA,NA,NA,NA,NA,NA,NA,NA,NA,NA,NA,NA,NA,NA,NA,0.209781,NA,NA,0.19305,0.204633,0,0.23166,0,Bayes-M14-fill-geo
Manguredjipa,Nord-Kivu,1,TRUE,recalibrated-deployed,NA,NA,NA,NA,NA,NA,NA,NA,NA,NA,NA,NA,NA,NA,NA,NA,NA,0.46332,NA,NA,0.777992,0.0579151,0,0.554054,0,Bayes-M14-fill-geo
Masereka,Nord-Kivu,1,TRUE,recalibrated-deployed,NA,NA,NA,NA,NA,NA,NA,NA,NA,NA,NA,NA,NA,NA,NA,NA,NA,0.491634,NA,NA,0.254826,0.980695,0,0.239382,0,Bayes-M14-fill-geo
Musienene,Nord-Kivu,1,TRUE,recalibrated-deployed,NA,NA,NA,NA,NA,NA,NA,NA,NA,NA,NA,NA,NA,NA,NA,NA,NA,0.425354,NA,NA,0.264479,0.73166,0,0.279923,0,Bayes-M14-fill-geo
Mutwanga,Nord-Kivu,1,TRUE,recalibrated-deployed,NA,NA,NA,NA,NA,NA,NA,NA,NA,NA,NA,NA,NA,NA,NA,NA,NA,0.321107,NA,NA,0.260618,0.467181,0,0.235521,0,Bayes-M14-fill-geo
Oicha,Nord-Kivu,1,TRUE,recalibrated-deployed,NA,NA,NA,NA,NA,NA,NA,NA,NA,NA,NA,NA,NA,NA,NA,NA,NA,0.44852,NA,NA,0.324324,0.760618,0,0.260618,0,Bayes-M14-fill-geo
Vuhovi,Nord-Kivu,1,TRUE,recalibrated-deployed,NA,NA,NA,NA,NA,NA,NA,NA,NA,NA,NA,NA,NA,NA,NA,NA,NA,0.348134,NA,NA,0.202703,0.617761,0,0.223938,0,Bayes-M14-fill-geo
Goma,Nord-Kivu,1,TRUE,recalibrated-deployed,NA,NA,NA,NA,NA,NA,NA,NA,NA,NA,NA,NA,NA,NA,NA,NA,NA,0.355856,NA,NA,0.127413,0.897683,0,0.042471,0,Bayes-M14-fill-geo
Kayna,Nord-Kivu,1,TRUE,recalibrated-deployed,NA,NA,NA,NA,NA,NA,NA,NA,NA,NA,NA,NA,NA,NA,NA,NA,NA,0.415058,NA,NA,0.227799,0.633205,0,0.38417,0,Bayes-M14-fill-geo
Miti Murhesa,Sud-Kivu,1,TRUE,recalibrated-deployed,NA,NA,NA,NA,NA,NA,NA,NA,NA,NA,NA,NA,NA,NA,NA,NA,NA,0.436937,NA,NA,0.235521,0.913127,0,0.162162,0,Bayes-M14-fill-geo
Bulu,Sud-Ubangi,1,TRUE,recalibrated-deployed,NA,NA,NA,NA,NA,NA,NA,NA,NA,NA,NA,NA,NA,NA,NA,NA,NA,0.419562,NA,NA,0.364865,0.198842,0,0.694981,0,Bayes-M14-fill-geo
Bafwasende,Tshopo,1,TRUE,recalibrated-deployed,NA,NA,NA,NA,NA,NA,NA,NA,NA,NA,NA,NA,NA,NA,NA,NA,NA,0.606178,NA,NA,0.907336,0.241313,0,0.669884,0,Bayes-M14-fill-geo
Kabondo,Tshopo,1,TRUE,recalibrated-deployed,NA,NA,NA,NA,NA,NA,NA,NA,NA,NA,NA,NA,NA,NA,NA,NA,NA,0.240026,NA,NA,0.19112,0.272201,0,0.256757,0,Bayes-M14-fill-geo
Lubunga (Tshopo),Tshopo,1,TRUE,recalibrated-deployed,NA,NA,NA,NA,NA,NA,NA,NA,NA,NA,NA,NA,NA,NA,NA,NA,NA,0.305019,NA,NA,0.245174,0.343629,0,0.326255,0,Bayes-M14-fill-geo
Makiso Kisangani,Tshopo,1,TRUE,recalibrated-deployed,NA,NA,NA,NA,NA,NA,NA,NA,NA,NA,NA,NA,NA,NA,NA,NA,NA,0.314028,NA,NA,0.133205,0.530888,0,0.277992,0,Bayes-M14-fill-geo
Mangobo,Tshopo,1,TRUE,recalibrated-deployed,NA,NA,NA,NA,NA,NA,NA,NA,NA,NA,NA,NA,NA,NA,NA,NA,NA,0.274775,NA,NA,0.0791506,0.438224,0,0.30695,0,Bayes-M14-fill-geo
Tshopo,Tshopo,1,TRUE,recalibrated-deployed,NA,NA,NA,NA,NA,NA,NA,NA,NA,NA,NA,NA,NA,NA,NA,NA,NA,0.328829,NA,NA,0.361004,0.333977,0,0.291506,0,Bayes-M14-fill-geo
Wanierukula,Tshopo,1,TRUE,recalibrated-deployed,NA,NA,NA,NA,NA,NA,NA,NA,NA,NA,NA,NA,NA,NA,NA,NA,NA,0.630631,NA,NA,0.843629,0.552124,0,0.496139,0,Bayes-M14-fill-geo
Basali,Tshopo,1,TRUE,recalibrated-deployed,NA,NA,NA,NA,NA,NA,NA,NA,NA,NA,NA,NA,NA,NA,NA,NA,NA,0.503861,NA,NA,0.833977,0.0250965,0,0.65251,0,Bayes-M14-fill-geo
Basoko,Tshopo,1,TRUE,recalibrated-deployed,NA,NA,NA,NA,NA,NA,NA,NA,NA,NA,NA,NA,NA,NA,NA,NA,NA,0.401544,NA,NA,0.507722,0.314672,0,0.382239,0,Bayes-M14-fill-geo
Rethy,Ituri,2,FALSE,recalibrated-deployed,0.183828,0.127055,0.24920900000000001,0.181328,1,1,1,0.204202,58.4735,1,1,3.6236,1,NA,NA,NA,NA,0.36036,0.932944,2,0.214286,0.608108,0,0.258687,0,Bayes-M14-fill-geo
Watsa,Haut-Uele,2,FALSE,recalibrated-deployed,0.111009,0.0839664,0.144017,0.109662,2,2,2,0.117886,33.7568,2,0.603874,NA,NA,NA,NA,2.76737,1,0.63964,1,1,0.72973,0.843629,0,0.34556,0,Bayes-M14-fill-geo
Jiba,Ituri,2,FALSE,recalibrated-deployed,0.0842172,0.0596695,0.113316,0.0828325,3,3,3,0.0881377,25.2384,3,0.45813,1.56402,2,NA,NA,NA,NA,0.220077,0.261025,7,0.181467,0.127413,0,0.351351,0,Bayes-M14-fill-geo
Linga,Ituri,2,FALSE,recalibrated-deployed,0.0727611,0.0533259,0.0956669,0.0716156,4,4,7,0.0756431,21.6605,4,0.39581,1.3423,3,NA,NA,NA,NA,0.286358,0.293437,6,0.196911,0.341699,0,0.320463,0,Bayes-M14-fill-geo
Niangara,Haut-Uele,2,FALSE,recalibrated-deployed,0.062361,0.0426424,0.0875278,0.0611678,5,4,6,0.0644977,18.469,5,0.339235,NA,NA,NA,NA,1.51408,2,0.734878,0.645408,4,0.803089,0.432432,0,0.969112,0,Bayes-M14-fill-geo
Yakusu,Tshopo,2,FALSE,recalibrated-deployed,0.062006,0.0405344,0.0899837,0.0599506,5,4,6,0.0641435,18.3676,6,0.337304,NA,NA,NA,NA,NA,NA,0.425354,0.371442,5,0.420849,0.208494,0,0.646718,0,Bayes-M14-fill-geo
Poko,Bas-Uele,2,FALSE,recalibrated-deployed,0.0542403,0.03591,0.0773677,0.0526203,7,6,7,0.0558596,15.9955,7,0.295059,NA,NA,NA,NA,NA,NA,0.969434,0.740536,3,0.992278,0.951737,0,0.964286,0,Bayes-M14-fill-geo
Biringi,Ituri,2,FALSE,recalibrated-deployed,0.0359383,0.0262164,0.047486,0.0355305,8,8,9,0.0366229,10.487,8,0.195499,0.649881,4,NA,NA,NA,NA,0.465894,0.235804,8,0.395753,0.486486,0,0.515444,0,Bayes-M14-fill-geo
Makoro,Haut-Uele,2,FALSE,recalibrated-deployed,0.0316759,0.0235647,0.0413684,0.0311899,9,9,11,0.032204000000000003,9.22169,9,0.172313,NA,NA,NA,NA,0.75599,3,0.509653,0.227358,10,0.555985,0.548263,0,0.42471,0,Bayes-M14-fill-geo
Kibirizi,Nord-Kivu,2,FALSE,recalibrated-deployed,0.0298061,0.0216793,0.0393687,0.0292845,10,8,12,0.030275,8.6693,10,0.162141,NA,NA,3.14066,1,NA,NA,0.556628,0.233656,9,0.540541,0.855212,0,0.274131,0,Bayes-M14-fill-geo
Banalia,Tshopo,2,FALSE,recalibrated-deployed,0.0274957,0.0185712,0.0384056,0.026973,11,9,13.05,0.0279003,7.9893,11,0.149573,NA,NA,NA,NA,NA,NA,0.565637,0.219033,11,0.779923,0.117761,0,0.799228,0,Bayes-M14-fill-geo
Bafwagbogbo,Tshopo,2,FALSE,recalibrated-deployed,0.0204618,0.0137474,0.0284369,0.0200732,13,12,18,0.0206847,5.92311,12,0.11131,NA,NA,NA,NA,NA,NA,0.526384,0.151689,14,0.859073,0.027027,0,0.69305,0,Bayes-M14-fill-geo
Yalimbongo,Tshopo,2,FALSE,recalibrated-deployed,0.0194602,0.013627,0.0266348,0.0192119,13,12,17,0.0196602,5.62974,13,0.105861,NA,NA,NA,NA,NA,NA,0.428571,0.117456,18,0.57722,0.0482625,0,0.660232,0,Bayes-M14-fill-geo
Aba,Haut-Uele,2,FALSE,recalibrated-deployed,0.0182568,0.0115829,0.0269577,0.0177096,14,12,22,0.0184369,5.27945,14,0.0993143,NA,NA,NA,NA,0.432808,4,0.758687,0.195071,12,0.600386,0.685328,0,0.990347,0,Bayes-M14-fill-geo
Rwanguba,Nord-Kivu,2,FALSE,recalibrated-deployed,0.0165824,0.00677171,0.0303492,0.0155112,17,10,34.05,0.0167504,4.79651,15,0.0902058,NA,NA,1.73765,2,NA,NA,0.325611,0.0760418,29,0.208494,0.702703,0,0.0656371,0,Bayes-M14-fill-geo
Kamango,Nord-Kivu,2,FALSE,recalibrated-deployed,0.0162606,0.00994134,0.0236284,0.0159196,16,13,23,0.0164031,4.69707,16,0.0884554,NA,NA,1.70162,3,NA,NA,0.583012,0.133512,16,0.658301,0.916988,0,0.173745,0,Bayes-M14-fill-geo
Faradje,Haut-Uele,2,FALSE,recalibrated-deployed,0.0155489,0.0115845,0.0204623,0.0152461,17,16,20,0.0156747,4.48848,17,0.0845836,NA,NA,NA,NA,0.367964,5,0.596525,0.130627,17,0.760618,0.666023,0,0.362934,0,Bayes-M14-fill-geo
Uvira,Sud-Kivu,2,FALSE,recalibrated-deployed,0.0152993,0.00891587,0.0241994,0.014648,19,14,31,0.0154288,4.41807,18,0.0832263,NA,NA,NA,NA,NA,NA,0.733591,0.158064,13,0.218147,0.984556,0,0.998069,0,Bayes-M14-fill-geo
Kindu,Maniema,2,FALSE,recalibrated-deployed,0.0140595,0.0084447,0.021006,0.0137178,20,14,33,0.0141671,4.05677,19,0.0764815,NA,NA,NA,NA,NA,NA,0.424067,0.0839671,25,0.135135,0.252896,0,0.88417,0,Bayes-M14-fill-geo
Lolo,Mongala,2,FALSE,recalibrated-deployed,0.0135729,0.00954584,0.0183772,0.0133735,20,17,27,0.0136694,3.91426,20,0.0738345,NA,NA,NA,NA,NA,NA,0.421493,0.0805691,26,0.407336,0.326255,0,0.530888,0,Bayes-M14-fill-geo
Adi,Ituri,2,FALSE,recalibrated-deployed,0.0133758,0.00834944,0.0199836,0.0128757,22,16,29,0.0134725,3.85788,21,0.0727623,0.239073,5,NA,NA,NA,NA,0.530245,0.0998852,20,0.258687,0.710425,0,0.621622,0,Bayes-M14-fill-geo
Nyarambe,Ituri,2,FALSE,recalibrated-deployed,0.0133434,0.0064295,0.0225923,0.0126269,22,13,35,0.0134466,3.85045,22,0.072586,0.238612,6,NA,NA,NA,NA,0.240669,0.0452264,44,0.169884,0.459459,0,0.0926641,0,Bayes-M14-fill-geo
Rutshuru,Nord-Kivu,2,FALSE,recalibrated-deployed,0.0129044,0.00596266,0.0222753,0.0121866,23,14,40,0.0130019,3.72313,23,0.0701982,NA,NA,1.34879,4,NA,NA,0.496139,0.090167,22,0.409266,0.994208,0,0.0849421,0,Bayes-M14-fill-geo
Walikale,Nord-Kivu,2,FALSE,recalibrated-deployed,0.0128026,0.00907325,0.0172708,0.0126155,22,19,28,0.0128885,3.69064,24,0.0696445,NA,NA,1.33702,5,NA,NA,0.763835,0.137722,15,0.945946,0.928571,0,0.416988,0,Bayes-M14-fill-geo
Ibanda,Sud-Kivu,2,FALSE,recalibrated-deployed,0.0115783,0.00722796,0.0170436,0.0112691,24,18,32,0.0116505,3.33614,25,0.0629845,NA,NA,NA,NA,NA,NA,0.307593,0.0501567,41,0.0830116,0.621622,0,0.218147,0,Bayes-M14-fill-geo
Laybo,Ituri,2,FALSE,recalibrated-deployed,0.0110566,0.00740507,0.0156561,0.01076,26,19,33,0.0111215,3.18465,26,0.0601465,0.197352,7,NA,NA,NA,NA,0.452381,0.0704422,31,0.30695,0.555985,0,0.494208,0,Bayes-M14-fill-geo
Kirotshe,Nord-Kivu,2,FALSE,recalibrated-deployed,0.0106216,0.00604523,0.0166643,0.0102032,27,19,40,0.0106838,3.05934,27,0.0577799,NA,NA,1.10832,6,NA,NA,0.512227,0.0766227,28,0.376448,0.996139,0,0.164093,0,Bayes-M14-fill-geo
Masisi,Nord-Kivu,2,FALSE,recalibrated-deployed,0.0102532,0.007632,0.0133994,0.0100929,27,24,30,0.0103077,2.95163,28,0.0557762,NA,NA,1.0693,7,NA,NA,0.586873,0.0847444,23,0.432432,0.957529,0,0.370656,0,Bayes-M14-fill-geo
Mweso,Nord-Kivu,2,FALSE,recalibrated-deployed,0.00945213,0.00678456,0.0125894,0.00933459,29,24,32,0.00949872,2.71998,29,0.0514183,NA,NA,0.985375,8,NA,NA,0.558559,0.0743541,30,0.449807,0.96139,0,0.264479,0,Bayes-M14-fill-geo
Ruzizi,Sud-Kivu,2,FALSE,recalibrated-deployed,0.00919486,0.00531023,0.0147339,0.00872124,30,20,44,0.00924155,2.64634,30,0.0500188,NA,NA,NA,NA,NA,NA,0.750322,0.0971626,21,0.349421,0.909266,0,0.992278,0,Bayes-M14-fill-geo
Angumu,Ituri,2,FALSE,recalibrated-deployed,0.00814324,0.00439337,0.0127212,0.00783957,33,23,50,0.00818006,2.34238,31,0.0442981,0.145157,8,NA,NA,NA,NA,0.146718,0.0168262,105,0.164093,0.164093,0,0.111969,0,Bayes-M14-fill-geo
Bondo,Bas-Uele,2,FALSE,recalibrated-deployed,0.00813381,0.00515521,0.0116171,0.00797113,32,23,41,0.00816909,2.33924,32,0.0442468,NA,NA,NA,NA,NA,NA,0.898327,0.102905,19,0.996139,0.998069,0,0.700772,0,Bayes-M14-fill-geo
Kadutu,Sud-Kivu,2,FALSE,recalibrated-deployed,0.00812857,0.00499744,0.0121547,0.00789474,33,26,47,0.0081642,2.33784,33,0.0442183,NA,NA,NA,NA,NA,NA,0.218147,0.0249729,62,0.0579151,0.3861,0,0.210425,0,Bayes-M14-fill-geo
Isangi,Tshopo,2,FALSE,recalibrated-deployed,0.00790396,0.0054107,0.010972,0.00775596,32,26,41,0.00793682,2.27272,34,0.0429964,NA,NA,NA,NA,NA,NA,0.511583,0.0569465,38,0.405405,0.407336,0,0.722008,0,Bayes-M14-fill-geo
Bengamisa,Tshopo,2,FALSE,recalibrated-deployed,0.00769976,0.0057615,0.0100855,0.00754757,34,32,37,0.00773042,2.21362,35,0.0418856,NA,NA,NA,NA,NA,NA,0.401544,0.0435429,46,0.611969,0.216216,0,0.376448,0,Bayes-M14-fill-geo
Karisimbi,Nord-Kivu,2,FALSE,recalibrated-deployed,0.0069024,0.00205946,0.0152211,0.00588882,42,19,113,0.00693583,1.98609,36,0.0375481,NA,NA,0.719507,9,NA,NA,0.212999,0.0207054,83,0.0907336,0.515444,0,0.0328185,0,Bayes-M14-fill-geo
Doruma,Haut-Uele,2,FALSE,recalibrated-deployed,0.00686592,0.00388979,0.01082,0.00656921,38,25,53,0.00689191,1.97351,37,0.0373497,NA,NA,NA,NA,0.161788,6,0.828829,0.0801438,27,0.972973,0.513514,0,1,0,Bayes-M14-fill-geo
Lubutu,Maniema,2,FALSE,recalibrated-deployed,0.00668028,0.00429855,0.0095197,0.00654799,39,29,47,0.006704,1.9197,38,0.0363398,NA,NA,NA,NA,NA,NA,0.627413,0.0590276,36,0.820463,0.281853,0,0.779923,0,Bayes-M14-fill-geo
Katoyi,Nord-Kivu,2,FALSE,recalibrated-deployed,0.00662028,0.00499711,0.00862923,0.00650274,39,36,43,0.0066429,1.90221,39,0.0360134,NA,NA,0.689119,10,NA,NA,0.605534,0.0564574,39,0.46139,0.959459,0,0.395753,0,Bayes-M14-fill-geo
Titule,Bas-Uele,2,FALSE,recalibrated-deployed,0.00657264,0.00444533,0.00920529,0.00645147,38,31,48,0.00659541,1.88861,40,0.0357542,NA,NA,NA,NA,NA,NA,0.91184,0.0844044,24,0.986486,0.826255,0,0.92278,0,Bayes-M14-fill-geo
Bambo,Nord-Kivu,2,FALSE,recalibrated-deployed,0.00624786,0.00344092,0.00960264,0.00607079,41,32,56,0.00626935,1.79524,41,0.0339875,NA,NA,0.650368,11,NA,NA,0.528314,0.0464868,42,0.552124,0.907336,0,0.125483,0,Bayes-M14-fill-geo
Pinga,Nord-Kivu,2,FALSE,recalibrated-deployed,0.00592661,0.00424841,0.00795114,0.00586046,43,37,49,0.00594488,1.70233,42,0.0322399,NA,NA,0.616709,12,NA,NA,0.759974,0.0634325,33,0.959459,0.754826,0,0.565637,0,Bayes-M14-fill-geo
Bumba,Mongala,2,FALSE,recalibrated-deployed,0.00576748,0.00387183,0.00803608,0.00567511,43,37,49,0.005785,1.65655,43,0.0313743,NA,NA,NA,NA,NA,NA,0.317889,0.0258207,61,0.140927,0.453668,0,0.359073,0,Bayes-M14-fill-geo
Minova,Sud-Kivu,2,FALSE,recalibrated-deployed,0.00568694,0.0031928,0.00885939,0.00549354,45,35,68,0.00570474,1.63356,44,0.0309361,NA,NA,NA,NA,NA,NA,0.515444,0.0412825,47,0.442085,0.982625,0,0.121622,0,Bayes-M14-fill-geo
Fizi,Sud-Kivu,2,FALSE,recalibrated-deployed,0.0056864,0.0039045,0.00782081,0.0056142,44,38,50,0.00570333,1.63316,45,0.0309333,NA,NA,NA,NA,NA,NA,0.751609,0.0601916,35,0.743243,0.969112,0,0.542471,0,Bayes-M14-fill-geo
Nyiragongo,Nord-Kivu,2,FALSE,recalibrated-deployed,0.00565053,0.00190196,0.0116425,0.00498467,48.5,26.95,114,0.00567159,1.62407,46,0.0307381,NA,NA,0.588358,13,NA,NA,0.385457,0.0306741,54,0.243243,0.876448,0,0.0366795,0,Bayes-M14-fill-geo
Lemera,Sud-Kivu,2,FALSE,recalibrated-deployed,0.00545737,0.00361296,0.00781958,0.0053159,46,36,61,0.00547316,1.56725,47,0.0296873,NA,NA,NA,NA,NA,NA,0.748391,0.0575199,37,0.362934,0.901544,0,0.980695,0,Bayes-M14-fill-geo
Shabunda,Sud-Kivu,2,FALSE,recalibrated-deployed,0.00545366,0.00337488,0.00795585,0.00532768,47,35,55,0.0054696,1.56623,48,0.0296672,NA,NA,NA,NA,NA,NA,0.789575,0.060644000000000003,34,0.837838,0.872587,0,0.658301,0,Bayes-M14-fill-geo
Aketi,Bas-Uele,2,FALSE,recalibrated-deployed,0.00529903,0.00353654,0.00742815,0.00519122,47,40,55,0.00531384,1.52163,49,0.028826,NA,NA,NA,NA,NA,NA,0.901544,0.0672807,32,0.990347,0.936293,0,0.777992,0,Bayes-M14-fill-geo
Yabaondo,Tshopo,2,FALSE,recalibrated-deployed,0.00474478,0.00323807,0.0065727,0.00466261,50,44,60,0.00475659,1.36206,50,0.0258109,NA,NA,NA,NA,NA,NA,0.469755,0.0313902,52,0.436293,0.305019,0,0.667954,0,Bayes-M14-fill-geo
Binza,Nord-Kivu,2,FALSE,recalibrated-deployed,0.00466391,0.00226999,0.00772098,0.00449037,52,37,89.05,0.00467631,1.33907,51,0.025371,NA,NA,0.485109,14,NA,NA,0.469112,0.0308129,53,0.471042,0.837838,0,0.0984556,0,Bayes-M14-fill-geo
Opienge,Tshopo,2,FALSE,recalibrated-deployed,0.00465643,0.00313225,0.00653335,0.0045641,52,45,62,0.00466785,1.33665,52,0.0253303,NA,NA,NA,NA,NA,NA,0.592664,0.0388658,48,0.955598,0.0135135,0,0.80888,0,Bayes-M14-fill-geo
Kasongo,Maniema,2,FALSE,recalibrated-deployed,0.00454113,0.00277564,0.006682,0.00443065,52,43,64,0.0045522,1.30353,53,0.0247031,NA,NA,NA,NA,NA,NA,0.707207,0.045229,43,0.445946,0.752896,0,0.92278,0,Bayes-M14-fill-geo
Bili (Bas-Uele),Bas-Uele,2,FALSE,recalibrated-deployed,0.00422814,0.00272164,0.00601551,0.00414015,54,48,67,0.00423762,1.21345,54,0.0230005,NA,NA,NA,NA,NA,NA,0.923423,0.0549865,40,0.998069,0.799228,0,0.972973,0,Bayes-M14-fill-geo
Nundu,Sud-Kivu,2,FALSE,recalibrated-deployed,0.00395687,0.00240972,0.00599955,0.0038031,58,45,83,0.00396534,1.13548,55,0.0215248,NA,NA,NA,NA,NA,NA,0.790219,0.0440358,45,0.527027,0.849421,0,0.994208,0,Bayes-M14-fill-geo
Lubao,Lomami,2,FALSE,recalibrated-deployed,0.00388043,0.00224932,0.00592651,0.00376743,58,47,73,0.00388864,1.11352,56,0.021109,NA,NA,NA,NA,NA,NA,0.530888,0.0290128,56,0.648649,0.15251,0,0.791506,0,Bayes-M14-fill-geo
Nyemba,Tanganyika,2,FALSE,recalibrated-deployed,0.00380777,0.00229064,0.00567253,0.00369619,58,51,73,0.00381558,1.0926,57,0.0207137,NA,NA,NA,NA,NA,NA,0.460746,0.0247081,65,0.596525,0.455598,0,0.330116,0,Bayes-M14-fill-geo
Kabare,Sud-Kivu,2,FALSE,recalibrated-deployed,0.00372246,0.00244949,0.00525122,0.00365429,59,47.95,94,0.00372977,1.06803,58,0.0202496,NA,NA,NA,NA,NA,NA,0.475547,0.0249304,63,0.239382,0.988417,0,0.198842,0,Bayes-M14-fill-geo
Walungu,Sud-Kivu,2,FALSE,recalibrated-deployed,0.00370868,0.00258154,0.00504018,0.00363314,59,51,84,0.00371586,1.06404,59,0.0201747,NA,NA,NA,NA,NA,NA,0.433076,0.0226199,72,0.185328,0.880309,0,0.233591,0,Bayes-M14-fill-geo
Mwenga,Sud-Kivu,2,FALSE,recalibrated-deployed,0.00368223,0.00269339,0.00483142,0.00362071,60,55,67,0.00368924,1.05642,60,0.0200308,NA,NA,NA,NA,NA,NA,0.425354,0.0220581,76,0.5,0.35521200000000003,0,0.420849,0,Bayes-M14-fill-geo
Katana,Sud-Kivu,2,FALSE,recalibrated-deployed,0.0036024,0.0021102,0.00543414,0.00349855,62,45,105,0.00360945,1.03357,61,0.0195966,NA,NA,NA,NA,NA,NA,0.429858,0.0218084,78,0.247104,0.911197,0,0.131274,0,Bayes-M14-fill-geo
Bagira,Sud-Kivu,2,FALSE,recalibrated-deployed,0.00355604,0.00216509,0.00533328,0.00344603,62,46,110,0.00356285,1.02023,62,0.0193444,NA,NA,NA,NA,NA,NA,0.314672,0.0157591,109,0.100386,0.637066,0,0.206564,0,Bayes-M14-fill-geo
Kibua,Nord-Kivu,2,FALSE,recalibrated-deployed,0.00335435,0.00235181,0.00458279,0.00329134,64,52,92,0.00336023,0.962208,63,0.0182472,NA,NA,0.348583,15,NA,NA,0.687259,0.0324665,50,0.774131,0.660232,0,0.627413,0,Bayes-M14-fill-geo
Ngandajika,Lomami,2,FALSE,recalibrated-deployed,0.003346,0.00184834,0.00529235,0.00322043,65,52,83,0.00335218,0.959902,64,0.0182018,NA,NA,NA,NA,NA,NA,0.462033,0.0217724,80,0.212355,0.445946,0,0.727799,0,Bayes-M14-fill-geo
Minembwe,Sud-Kivu,2,FALSE,recalibrated-deployed,0.00327995,0.00220435,0.00454013,0.00323321,65,58,76,0.00328559,0.940835,65,0.0178425,NA,NA,NA,NA,NA,NA,0.69305,0.0320139,51,0.718147,0.80888,0,0.552124,0,Bayes-M14-fill-geo
Tshofa,Lomami,2,FALSE,recalibrated-deployed,0.00319987,0.00181437,0.00497363,0.00309575,68,54,85,0.00320548,0.917896,66,0.0174068,NA,NA,NA,NA,NA,NA,0.588803,0.0265344,59,0.675676,0.351351,0,0.739382,0,Bayes-M14-fill-geo
Kalima,Maniema,2,FALSE,recalibrated-deployed,0.00312476,0.00186927,0.00468372,0.00303595,70,60,82,0.00313003,0.896289,67,0.0169982,NA,NA,NA,NA,NA,NA,0.412484,0.0181522,96,0.459459,0.320463,0,0.457529,0,Bayes-M14-fill-geo
Ubundu,Tshopo,2,FALSE,recalibrated-deployed,0.00311269,0.00220005,0.0042231,0.00306498,69,59,87,0.00311774,0.89277,68,0.0169326,NA,NA,NA,NA,NA,NA,0.632561,0.0277297,57,0.905405,0.430502,0,0.561776,0,Bayes-M14-fill-geo
Punia,Maniema,2,FALSE,recalibrated-deployed,0.00310999,0.0018757,0.00463122,0.00302622,71,59,81,0.00311521,0.892045,69,0.0169179,NA,NA,NA,NA,NA,NA,0.497426,0.0217868,79,0.762548,0.196911,0,0.532819,0,Bayes-M14-fill-geo
Mwana,Sud-Kivu,2,FALSE,recalibrated-deployed,0.00306308,0.00226782,0.00402491,0.0030248,71,62,90,0.00306793,0.878508,70,0.0166627,NA,NA,NA,NA,NA,NA,0.497426,0.0214582,82,0.289575,0.903475,0,0.299228,0,Bayes-M14-fill-geo
Ludimbi Lukula,Lomami,2,FALSE,recalibrated-deployed,0.003062,0.00172135,0.00478416,0.00295669,72,55,88,0.00306715,0.878285,71,0.0166569,NA,NA,NA,NA,NA,NA,0.601673,0.0259461,60,0.69305,0.34749,0,0.764479,0,Bayes-M14-fill-geo
Lisala,Mongala,2,FALSE,recalibrated-deployed,0.0030391,0.00204944,0.00425001,0.00298289,72,57,92,0.00304395,0.871641,72,0.0165323,NA,NA,NA,NA,NA,NA,0.545689,0.0233558,70,0.428571,0.440154,0,0.76834,0,Bayes-M14-fill-geo
Kunda,Maniema,2,FALSE,recalibrated-deployed,0.00298595,0.00182491,0.00438106,0.0029201,73,60,87,0.00299073,0.856402,73,0.0162432,NA,NA,NA,NA,NA,NA,0.555341,0.0233533,71,0.46332,0.279923,0,0.92278,0,Bayes-M14-fill-geo
Kongolo,Tanganyika,2,FALSE,recalibrated-deployed,0.00298157,0.00165866,0.00468241,0.00287267,75,57,91,0.00298647,0.855182,74,0.0162193,NA,NA,NA,NA,NA,NA,0.910553,0.0382347,49,0.8861,0.92278,0,0.92278,0,Bayes-M14-fill-geo
Gombe,Kinshasa,2,FALSE,recalibrated-deployed,0.00289717,4.41679e-4,0.00785307,0.00218795,95,34.95,245.05,0.00290449,0.831707,75,0.0157602,NA,NA,NA,NA,NA,NA,0.216216,0.00882202,149,0.0694981,0.569498,0,0.00965251,0,Bayes-M14-fill-geo
Nyangezi,Sud-Kivu,2,FALSE,recalibrated-deployed,0.00289713,0.00196545,0.00402902,0.00283653,75,57,125,0.00290153,0.83086,76,0.01576,NA,NA,NA,NA,NA,NA,0.491634,0.0200594,89,0.222008,0.88417,0,0.368726,0,Bayes-M14-fill-geo
Saramabila,Maniema,2,FALSE,recalibrated-deployed,0.00276852,0.00171446,0.00402818,0.00270976,79,66,95,0.00277262,0.793945,77,0.0150604,NA,NA,NA,NA,NA,NA,0.635779,0.0247891,64,0.472973,0.550193,0,0.88417,0,Bayes-M14-fill-geo
Yaleko,Tshopo,2,FALSE,recalibrated-deployed,0.00273878,0.00179835,0.00387226,0.00267675,78,66,100,0.00274273,0.785387,78,0.0148986,NA,NA,NA,NA,NA,NA,0.536036,0.0206755,84,0.638996,0.245174,0,0.723938,0,Bayes-M14-fill-geo
Kabinda,Lomami,2,FALSE,recalibrated-deployed,0.0027032,0.00150858,0.00426259,0.002602,82,64,99,0.00270723,0.77522,79,0.014705,NA,NA,NA,NA,NA,NA,0.584299,0.0222443,75,0.509653,0.554054,0,0.689189,0,Bayes-M14-fill-geo
Kalehe,Sud-Kivu,2,FALSE,recalibrated-deployed,0.00266232,0.00157554,0.00395433,0.00259173,82,58,129,0.00266614,0.763455,80,0.0144826,NA,NA,NA,NA,NA,NA,0.449163,0.0168411,104,0.341699,0.864865,0,0.140927,0,Bayes-M14-fill-geo
Bunyakiri,Sud-Kivu,2,FALSE,recalibrated-deployed,0.00265999,0.00199346,0.00348287,0.00261505,81,68,111,0.00266363,0.762737,81,0.01447,NA,NA,NA,NA,NA,NA,0.602317,0.0225637,73,0.619691,0.832046,0,0.35521200000000003,0,Bayes-M14-fill-geo
Mubumbano,Sud-Kivu,2,FALSE,recalibrated-deployed,0.00264304,0.00190018,0.00354082,0.00260335,82,66,112,0.00264666,0.757877,82,0.0143778,NA,NA,NA,NA,NA,NA,0.487773,0.0181563,95,0.26834,0.940154,0,0.254826,0,Bayes-M14-fill-geo
Birambizo,Nord-Kivu,2,FALSE,recalibrated-deployed,0.0026418,0.00159084,0.0038885,0.0025805,83,62,122,0.00264555,0.757557,83,0.014371,NA,NA,0.274443,16,NA,NA,0.483269,0.0179803,99,0.403475,0.889961,0,0.156371,0,Bayes-M14-fill-geo
Lulingu,Sud-Kivu,2,FALSE,recalibrated-deployed,0.0025616,0.0016318,0.00365838,0.00250756,85,72,103,0.00256508,0.734515,84,0.0139347,NA,NA,NA,NA,NA,NA,0.821107,0.0296222,55,0.909266,0.810811,0,0.743243,0,Bayes-M14-fill-geo
Lowa,Tshopo,2,FALSE,recalibrated-deployed,0.00254532,0.0015272,0.00379899,0.00247903,87,71.95,99,0.00254881,0.729856,85,0.0138462,NA,NA,NA,NA,NA,NA,0.543115,0.0194688,90,0.893822,0.0598456,0,0.675676,0,Bayes-M14-fill-geo
Djolu,Tshuapa,2,FALSE,recalibrated-deployed,0.00248798,0.00149501,0.00370322,0.002422,89,73,105,0.00249132,0.713395,86,0.0135343,NA,NA,NA,NA,NA,NA,0.700772,0.0245545,66,0.710425,0.598456,0,0.793436,0,Bayes-M14-fill-geo
Lodja,Sankuru,2,FALSE,recalibrated-deployed,0.00247942,0.00130387,0.00406325,0.00236531,90,67,110,0.00248287,0.710974,87,0.0134877,NA,NA,NA,NA,NA,NA,0.616795,0.0215376,81,0.262548,0.635135,0,0.952703,0,Bayes-M14-fill-geo
Masuika,Kasaï-Central,2,FALSE,recalibrated-deployed,0.00247419,0.00128429,0.00406796,0.00235218,90,67,112,0.00247764,0.709478,88,0.0134593,NA,NA,NA,NA,NA,NA,0.518018,0.0180503,98,0.326255,0.561776,0,0.666023,0,Bayes-M14-fill-geo
Nsele,Kinshasa,2,FALSE,recalibrated-deployed,0.00245176,6.65595e-4,0.0055079,0.00207948,100,49.95,181,0.00245593,0.703259,89,0.0133372,NA,NA,NA,NA,NA,NA,0.211068,0.00728798,178,0.138996,0.399614,0,0.0945946,0,Bayes-M14-fill-geo
Yamaluka,Mongala,2,FALSE,recalibrated-deployed,0.00245037,0.00159041,0.00348585,0.0024018,87,83,102,0.00245355,0.702578,90,0.0133297,NA,NA,NA,NA,NA,NA,0.263192,0.0090826,146,0.279923,0.144788,0,0.364865,0,Bayes-M14-fill-geo
Kalemie,Tanganyika,2,FALSE,recalibrated-deployed,0.00242881,0.00137896,0.00374431,0.00233313,89,75,110,0.00243203,0.696418,91,0.0132124,NA,NA,NA,NA,NA,NA,0.505148,0.017279,102,0.671815,0.457529,0,0.3861,0,Bayes-M14-fill-geo
Mbaya,Sud-Ubangi,2,FALSE,recalibrated-deployed,0.00236534,0.00150904,0.00349726,0.00227341,92,62,151,0.00236833,0.678177,92,0.0128671,NA,NA,NA,NA,NA,NA,0.418919,0.013955,117,0.351351,0.223938,0,0.681467,0,Bayes-M14-fill-geo
Ikela,Tshuapa,2,FALSE,recalibrated-deployed,0.00234734,0.00140001,0.00352391,0.0022873,93,76,110,0.00235032,0.67302,93,0.0127692,NA,NA,NA,NA,NA,NA,0.617761,0.0204222,87,0.814672,0.179537,0,0.859073,0,Bayes-M14-fill-geo
Omendjadi,Sankuru,2,FALSE,recalibrated-deployed,0.00231785,0.00125304,0.00372126,0.00221719,97,74,114.05,0.00232084,0.66457599999999994,94,0.0126088,NA,NA,NA,NA,NA,NA,0.568211,0.0185482,94,0.550193,0.23166,0,0.92278,0,Bayes-M14-fill-geo
Budjala,Sud-Ubangi,2,FALSE,recalibrated-deployed,0.00231396,0.00154885,0.00327949,0.00225559,93,67,141,0.00231679,0.663417,95,0.0125876,NA,NA,NA,NA,NA,NA,0.573359,0.0186849,93,0.515444,0.403475,0,0.801158,0,Bayes-M14-fill-geo
Yalifafu,Tshuapa,2,FALSE,recalibrated-deployed,0.00228091,0.00131249,0.00349751,0.00221368,98,78,112,0.00228375,0.653956,96,0.0124078,NA,NA,NA,NA,NA,NA,0.63964,0.0205471,86,0.766409,0.26834,0,0.88417,0,Bayes-M14-fill-geo
Kaniola,Sud-Kivu,2,FALSE,recalibrated-deployed,0.00227577,0.00170065,0.00297374,0.00224323,96,76,123,0.00227844,0.652435,97,0.0123799,NA,NA,NA,NA,NA,NA,0.601673,0.0192839,91,0.532819,0.930502,0,0.341699,0,Bayes-M14-fill-geo
Nyantende,Sud-Kivu,2,FALSE,recalibrated-deployed,0.00226771,0.00152508,0.00315392,0.00221745,98,66,148,0.00227041,0.650136,98,0.012336,NA,NA,NA,NA,NA,NA,0.429215,0.0137078,118,0.148649,0.893822,0,0.245174,0,Bayes-M14-fill-geo
Mulungu,Sud-Kivu,2,FALSE,recalibrated-deployed,0.00223645,0.00153799,0.00309541,0.00219937,96,79,129,0.00223907,0.641162,99,0.012166,NA,NA,NA,NA,NA,NA,0.694337,0.0218694,77,0.861004,0.519305,0,0.702703,0,Bayes-M14-fill-geo
Yambuku,Mongala,2,FALSE,recalibrated-deployed,0.00222077,0.00139886,0.00321237,0.00217657,97,88,113,0.0022234,0.636675,100,0.0120807,NA,NA,NA,NA,NA,NA,0.579151,0.0181135,97,0.548263,0.57529,0,0.6139,0,Bayes-M14-fill-geo
Bokungu,Tshuapa,2,FALSE,recalibrated-deployed,0.00221771,0.0012689,0.00341249,0.00214951,102,80,116,0.0022204,0.635814,101,0.012064,NA,NA,NA,NA,NA,NA,0.658301,0.0205606,85,0.694981,0.357143,0,0.92278,0,Bayes-M14-fill-geo
Yamongili,Mongala,2,FALSE,recalibrated-deployed,0.00219706,0.00148596,0.00304619,0.00215764,100,91,107,0.0021996,0.629858,102,0.011951700000000001,NA,NA,NA,NA,NA,NA,0.432432,0.0133803,120,0.511583,0.366795,0,0.418919,0,Bayes-M14-fill-geo
Yahuma,Tshopo,2,FALSE,recalibrated-deployed,0.00216253,0.00139366,0.00305929,0.00212681,100,94,115,0.00216501,0.619954,103,0.0117639,NA,NA,NA,NA,NA,NA,0.586873,0.0178736,100,0.864865,0.332046,0,0.563707,0,Bayes-M14-fill-geo
Kimbi Lulenge,Sud-Kivu,2,FALSE,recalibrated-deployed,0.00215633,0.00139491,0.00305124,0.00211163,102,96,109,0.00215879,0.618172,104,0.0117301,NA,NA,NA,NA,NA,NA,0.734234,0.0222975,74,0.84749,0.868726,0,0.486486,0,Bayes-M14-fill-geo
Kailo,Maniema,2,FALSE,recalibrated-deployed,0.00214904,0.0012174,0.00332447,0.00208287,107,83,120,0.00215157,0.616106,105,0.0116905,NA,NA,NA,NA,NA,NA,0.570142,0.0172558,103,0.832046,0.0945946,0,0.783784,0,Bayes-M14-fill-geo
Kampene,Maniema,2,FALSE,recalibrated-deployed,0.0021442,0.0013131,0.0031446,0.00209425,104,87,121,0.00214666,0.614701,106,0.0116641,NA,NA,NA,NA,NA,NA,0.528314,0.0159538,108,0.525097,0.175676,0,0.88417,0,Bayes-M14-fill-geo
Mbulula,Tanganyika,2,FALSE,recalibrated-deployed,0.00212267,0.00122467,0.00324439,0.00206525,108,85,122,0.00212512,0.608533,107,0.011547,NA,NA,NA,NA,NA,NA,0.791184,0.0236519,69,0.644788,0.776062,0,0.952703,0,Bayes-M14-fill-geo
Yahisuli,Tshopo,2,FALSE,recalibrated-deployed,0.00211176,0.00136881,0.00300482,0.00206315,104,87,127,0.00211413,0.605384,108,0.0114877,NA,NA,NA,NA,NA,NA,0.469434,0.0139613,116,0.38417,0.0714286,0,0.952703,0,Bayes-M14-fill-geo
Kalole,Sud-Kivu,2,FALSE,recalibrated-deployed,0.00210364,0.00135777,0.00300409,0.00205593,105,89,126,0.00210598,0.603052,109,0.0114435,NA,NA,NA,NA,NA,NA,0.805019,0.0238497,68,0.889961,0.779923,0,0.745174,0,Bayes-M14-fill-geo
Kabalo,Tanganyika,2,FALSE,recalibrated-deployed,0.00207185,0.00115869,0.00324512,0.0019969,111,86,124,0.00207421,0.593953,110,0.0112706,NA,NA,NA,NA,NA,NA,0.832046,0.0242779,67,0.903475,0.756757,0,0.835907,0,Bayes-M14-fill-geo
Ndekesha,Kasaï-Central,2,FALSE,recalibrated-deployed,0.00206249,0.00106992,0.00340048,0.00195398,112,82,126,0.00206489,0.591285,111,0.0112197,NA,NA,NA,NA,NA,NA,0.541184,0.0157197,110,0.476834,0.449807,0,0.696911,0,Bayes-M14-fill-geo
Likati,Bas-Uele,2,FALSE,recalibrated-deployed,0.00205437,0.00133153,0.00293085,0.00200416,108,91,131,0.0020566,0.588911,112,0.0111755,NA,NA,NA,NA,NA,NA,0.949807,0.0274802,58,0.994208,0.971042,0,0.88417,0,Bayes-M14-fill-geo
Binza Ozone,Kinshasa,2,FALSE,recalibrated-deployed,0.00198263,3.05151e-4,0.00535839,0.00150304,128,48.95,287,0.00198605,0.568708,113,0.0107852,NA,NA,NA,NA,NA,NA,0.202703,0.00565989,210,0.0733591,0.523166,0,0.011583,0,Bayes-M14-fill-geo
Dibaya,Kasaï-Central,2,FALSE,recalibrated-deployed,0.00197556,0.00106145,0.0031840700000000002,0.00189223,114,91,124,0.00197774,0.566329,114,0.0107468,NA,NA,NA,NA,NA,NA,0.443372,0.0123357,126,0.314672,0.447876,0,0.567568,0,Bayes-M14-fill-geo
Limete,Kinshasa,2,FALSE,recalibrated-deployed,0.00195761,3.66573e-4,0.00497621,0.0015401,125,52,271.05,0.0019607,0.561451,115,0.0106491,NA,NA,NA,NA,NA,NA,0.0746461,0.00205797,329,0.0405405,0.137066,0,0.046332,0,Bayes-M14-fill-geo
Itebero,Nord-Kivu,2,FALSE,recalibrated-deployed,0.00191707,0.00132269,0.00263986,0.00188629,113,94,139,0.00191899,0.549507,116,0.0104286,NA,NA,0.199072,17,NA,NA,0.743243,0.0200667,88,0.911197,0.722008,0,0.596525,0,Bayes-M14-fill-geo
Alunguli,Maniema,2,FALSE,recalibrated-deployed,0.00188759,0.00109468,0.00288195,0.00182763,115,98,135,0.00188953,0.541071,117,0.0102682,NA,NA,NA,NA,NA,NA,0.417632,0.0111022,133,0.173745,0.194981,0,0.88417,0,Bayes-M14-fill-geo
Gemena,Sud-Ubangi,2,FALSE,recalibrated-deployed,0.00186502,0.00126125,0.00264805,0.00182457,115,83,161,0.00186685,0.534576,118,0.0101454,NA,NA,NA,NA,NA,NA,0.436937,0.0114765,130,0.17760600000000001,0.274131,0,0.859073,0,Bayes-M14-fill-geo
Cilundu,Kasaï-Oriental,2,FALSE,recalibrated-deployed,0.00182851,9.54973e-4,0.00298865,0.0017336,117,97,135,0.00183039,0.524134,119,0.00994685,NA,NA,NA,NA,NA,NA,0.294723,0.00758959,171,0.23166,0.30888,0,0.343629,0,Bayes-M14-fill-geo
Lubumbashi,Haut-Katanga,2,FALSE,recalibrated-deployed,0.00174393,5.66671e-4,0.00358814,0.00153704,124,73,205,0.0017459,0.499942,120,0.00948675,NA,NA,NA,NA,NA,NA,0.147362,0.00361927,275,0.108108,0.210425,0,0.123552,0,Bayes-M14-fill-geo
Tshibala,Kasaï-Central,2,FALSE,recalibrated-deployed,0.00170813,8.76614e-4,0.0028329,0.00161947,122,102,140,0.00170978,0.489599,121,0.009292,NA,NA,NA,NA,NA,NA,0.56242,0.0135297,119,0.426641,0.57722,0,0.683398,0,Bayes-M14-fill-geo
Mompono,Tshuapa,2,FALSE,recalibrated-deployed,0.0016969,9.90628e-4,0.00257616,0.00165183,121,109,142,0.00169846,0.486357,122,0.00923087,NA,NA,NA,NA,NA,NA,0.746461,0.0178389,101,0.80888,0.604247,0,0.826255,0,Bayes-M14-fill-geo
Nyunzu,Tanganyika,2,FALSE,recalibrated-deployed,0.0016784600000000001,9.63927e-4,0.00259372,0.00162496,122,111,138,0.00168,0.481071,123,0.0091305999999999991,NA,NA,NA,NA,NA,NA,0.803089,0.0189837,92,0.965251,0.833977,0,0.610039,0,Bayes-M14-fill-geo
Kamituga,Sud-Kivu,2,FALSE,recalibrated-deployed,0.00165488,0.00115931,0.00224029,0.00163144,122,112,142,0.00165631,0.474287,124,0.00900234,NA,NA,NA,NA,NA,NA,0.479408,0.0111732,132,0.393822,0.606178,0,0.438224,0,Bayes-M14-fill-geo
Mukumbi,Kasaï-Oriental,2,FALSE,recalibrated-deployed,0.0016321,8.95058e-4,0.00261166,0.00156584,125,116,134,0.00163357,0.467777,125,0.00887841,NA,NA,NA,NA,NA,NA,0.299871,0.00689269,182,0.241313,0.189189,0,0.469112,0,Bayes-M14-fill-geo
Kananga,Kasaï-Central,2,FALSE,recalibrated-deployed,0.00162587,8.55476e-4,0.00269035,0.00154643,126,112,138,0.00162735,0.465995,126,0.00884448,NA,NA,NA,NA,NA,NA,0.395109,0.00904708,147,0.142857,0.557915,0,0.484556,0,Bayes-M14-fill-geo
Kitutu,Sud-Kivu,2,FALSE,recalibrated-deployed,0.00159962,0.00109747,0.00219645,0.00157478,126,116,145.05,0.00160096,0.458437,127,0.00870171,NA,NA,NA,NA,NA,NA,0.669884,0.0150912,112,0.750965,0.805019,0,0.453668,0,Bayes-M14-fill-geo
Mulumba,Lomami,2,FALSE,recalibrated-deployed,0.00155739,8.4686e-4,0.00250001,0.00149163,129,117,142,0.00155874,0.446347,128,0.00847198,NA,NA,NA,NA,NA,NA,0.344916,0.00756514,172,0.183398,0.310811,0,0.540541,0,Bayes-M14-fill-geo
Yangala,Kasaï-Central,2,FALSE,recalibrated-deployed,0.0015423,8.19472e-4,0.00248852,0.00147702,131,116,144,0.00154363,0.442021,129,0.00838991,NA,NA,NA,NA,NA,NA,0.463964,0.0100777,138,0.592664,0.225869,0,0.573359,0,Bayes-M14-fill-geo
Lusangi,Maniema,2,FALSE,recalibrated-deployed,0.00152195,9.28815e-4,0.00223445,0.00148593,129,117,154,0.00152319,0.436167,130,0.00827917,NA,NA,NA,NA,NA,NA,0.563063,0.0120688,128,0.565637,0.264479,0,0.859073,0,Bayes-M14-fill-geo
Samba,Maniema,2,FALSE,recalibrated-deployed,0.00147777,8.89794e-4,0.00219404,0.00143919,132,119,158,0.00147894,0.423498,131,0.00803884,NA,NA,NA,NA,NA,NA,0.690476,0.0143701,114,0.752896,0.434363,0,0.88417,0,Bayes-M14-fill-geo
Mpokolo,Kasaï-Oriental,2,FALSE,recalibrated-deployed,0.0014727,7.75793e-4,0.00239278,0.00139621,133,122,150,0.00147392,0.422058,132,0.0080113,NA,NA,NA,NA,NA,NA,0.386744,0.00802131,160,0.125483,0.687259,0,0.34749,0,Bayes-M14-fill-geo
Luputa,Lomami,2,FALSE,recalibrated-deployed,0.00146627,7.8779e-4,0.00236339,0.00140413,134,119,153,0.00146747,0.420212,133,0.00797632,NA,NA,NA,NA,NA,NA,0.457529,0.00944799,143,0.330116,0.316602,0,0.725869,0,Bayes-M14-fill-geo
Mweneditu,Lomami,2,FALSE,recalibrated-deployed,0.00144714,7.81776e-4,0.00232037,0.00138686,136,123,149,0.0014483,0.414724,134,0.00787222,NA,NA,NA,NA,NA,NA,0.37323,0.00760664,170,0.166023,0.38417,0,0.569498,0,Bayes-M14-fill-geo
Lingwala,Kinshasa,2,FALSE,recalibrated-deployed,0.001439,2.28359e-4,0.00386194,0.00109048,156,64,320,0.00144079,0.412572,135,0.00782795,NA,NA,NA,NA,NA,NA,0.0431145,8.73757e-4,386,0.023166,0.0907336,0,0.015444,0,Bayes-M14-fill-geo
Bonzola,Kasaï-Oriental,2,FALSE,recalibrated-deployed,0.00140853,7.29522e-4,0.00232065,0.00133529,136,126,157.05,0.00140965,0.403655,136,0.00766222,NA,NA,NA,NA,NA,NA,0.394466,0.00782497,165,0.0926641,0.793436,0,0.297297,0,Bayes-M14-fill-geo
Idjwi,Sud-Kivu,2,FALSE,recalibrated-deployed,0.00138698,5.92671e-4,0.00247356,0.00130871,141,84,247,0.00138812,0.397491,137,0.007545,NA,NA,NA,NA,NA,NA,0.400901,0.00783096,164,0.299228,0.822394,0,0.0810811,0,Bayes-M14-fill-geo
Ndjoko Mpunda,Kasaï,2,FALSE,recalibrated-deployed,0.0013769,7.06059e-4,0.00227115,0.00131225,141,125,156,0.00137797,0.394585,138,0.00749015,NA,NA,NA,NA,NA,NA,0.444015,0.00861008,151,0.397683,0.291506,0,0.642857,0,Bayes-M14-fill-geo
Lemba,Kinshasa,2,FALSE,recalibrated-deployed,0.00136346,2.76596e-4,0.00334829,0.00109214,155,73,298,0.00136491,0.390844,139,0.00741704,NA,NA,NA,NA,NA,NA,0.136422,0.0026196,307,0.0482625,0.30695,0,0.0540541,0,Bayes-M14-fill-geo
Opala,Tshopo,2,FALSE,recalibrated-deployed,0.00135558,8.32455e-4,0.00198274,0.00132314,139,124,166,0.00135656,0.388453,140,0.00737414,NA,NA,NA,NA,NA,NA,0.569176,0.0108662,135,0.781853,0.0791506,0,0.846525,0,Bayes-M14-fill-geo
Kalonge,Sud-Kivu,2,FALSE,recalibrated-deployed,0.00134709,9.91149e-4,0.00177617,0.00132619,139,108,204,0.00134803,0.386011,141,0.007328,NA,NA,NA,NA,NA,NA,0.53861,0.0102183,137,0.496139,0.835907,0,0.283784,0,Bayes-M14-fill-geo
Kokolo,Kinshasa,2,FALSE,recalibrated-deployed,0.00133238,2.16142e-4,0.00354844,0.0010178,165,69.95,326.05,0.00133389,0.381961,142,0.00724794,NA,NA,NA,NA,NA,NA,0.289575,0.00543369,216,0.0772201,0.772201,0,0.019305,0,Bayes-M14-fill-geo
Bilomba,Kasaï-Central,2,FALSE,recalibrated-deployed,0.00132457,6.89231e-4,0.00218242,0.00125653,144,128,163,0.00132555,0.379575,143,0.00720545,NA,NA,NA,NA,NA,NA,0.534106,0.00996339,140,0.337838,0.442085,0,0.822394,0,Bayes-M14-fill-geo
Mumbunda,Haut-Katanga,2,FALSE,recalibrated-deployed,0.00131932,4.13437e-4,0.00278476,0.00115562,148,96,244,0.00132047,0.378118,144,0.00717694,NA,NA,NA,NA,NA,NA,0.247104,0.00459133,239,0.119691,0.507722,0,0.1139,0,Bayes-M14-fill-geo
Kaziba,Sud-Kivu,2,FALSE,recalibrated-deployed,0.00131573,9.94531e-4,0.00172004,0.00129556,142,117,193.05,0.00131662,0.377016,145,0.00715736,NA,NA,NA,NA,NA,NA,0.47619,0.00882373,148,0.287645,0.783784,0,0.357143,0,Bayes-M14-fill-geo
Kasansa,Kasaï-Oriental,2,FALSE,recalibrated-deployed,0.00131443,7.15471e-4,0.0021061,0.00125608,144,138,151,0.0013153800000000001,0.376663,146,0.0071503,NA,NA,NA,NA,NA,NA,0.446589,0.00826706,155,0.256757,0.669884,0,0.413127,0,Bayes-M14-fill-geo
Manono,Tanganyika,2,FALSE,recalibrated-deployed,0.00130587,7.00584e-4,0.00211483,0.00124783,146,137,153,0.00130682,0.374209,147,0.00710374,NA,NA,NA,NA,NA,NA,0.767696,0.0141187,115,0.878378,0.953668,0,0.471042,0,Bayes-M14-fill-geo
Kabongo,Haut-Lomami,2,FALSE,recalibrated-deployed,0.00130519,6.95763e-4,0.00212554,0.00124813,145,134,158,0.00130615,0.374018,148,0.00710008,NA,NA,NA,NA,NA,NA,0.716216,0.0131651,121,0.810811,0.777992,0,0.559846,0,Bayes-M14-fill-geo
Haut Plateau,Sud-Kivu,2,FALSE,recalibrated-deployed,0.00129582,8.51837e-4,0.00185089,0.00126376,144,113,218,0.00129671,0.371316,149,0.0070491,NA,NA,NA,NA,NA,NA,0.699485,0.0127653,123,0.571429,0.544402,0,0.982625,0,Bayes-M14-fill-geo
Idiofa,Kwilu,2,FALSE,recalibrated-deployed,0.00128627,6.12478e-4,0.00222085,0.0012089,149,127,167.05,0.00128723,0.368601,150,0.00699714,NA,NA,NA,NA,NA,NA,0.648005,0.0117386,129,0.453668,0.749035,0,0.741313,0,Bayes-M14-fill-geo
Lubunga (Kasaï-Central),Kasaï-Central,2,FALSE,recalibrated-deployed,0.00125137,6.74407e-4,0.00201061,0.00119992,148.5,135,167,0.00125224,0.358581,151,0.00680728,NA,NA,NA,NA,NA,NA,0.613256,0.0108077,136,0.563707,0.465251,0,0.810811,0,Bayes-M14-fill-geo
Binga,Mongala,2,FALSE,recalibrated-deployed,0.00124606,8.6536e-4,0.00172493,0.00121888,147,113,230,0.00124687,0.357044,152,0.00677839,NA,NA,NA,NA,NA,NA,0.440798,0.00773544,168,0.474903,0.249035,0,0.598456,0,Bayes-M14-fill-geo
Bili (Nord-Ubangi),Nord-Ubangi,2,FALSE,recalibrated-deployed,0.00121889,7.3264e-4,0.00182007,0.00118545,148,126,191.05,0.00121969,0.34926,153,0.00663058,NA,NA,NA,NA,NA,NA,0.943372,0.016194,107,0.92471,0.918919,0,0.986486,0,Bayes-M14-fill-geo
Abuzi,Nord-Ubangi,2,FALSE,recalibrated-deployed,0.00121694,7.17502e-4,0.00183672,0.00118615,149,136,174,0.00121774,0.348702,154,0.00661997,NA,NA,NA,NA,NA,NA,0.953668,0.0163445,106,0.984556,0.905405,0,0.971042,0,Bayes-M14-fill-geo
Wasolo,Nord-Ubangi,2,FALSE,recalibrated-deployed,0.001213,7.00549e-4,0.00185524,0.00117456,150,129,191,0.0012138,0.347573,155,0.00659852,NA,NA,NA,NA,NA,NA,0.761261,0.0130047,122,0.554054,0.741313,0,0.988417,0,Bayes-M14-fill-geo
Lingomo,Tshuapa,2,FALSE,recalibrated-deployed,0.0011689,6.97145e-4,0.00175361,0.00113587,153,137,185,0.00116964,0.334929,156,0.00635867,NA,NA,NA,NA,NA,NA,0.750322,0.0123519,125,0.826255,0.586873,0,0.837838,0,Bayes-M14-fill-geo
Yakoma,Nord-Ubangi,2,FALSE,recalibrated-deployed,0.0011641,6.25453e-4,0.00189634,0.00111197,155,125,215.05,0.00116485,0.333557,157,0.00633252,NA,NA,NA,NA,NA,NA,0.885457,0.0145165,113,0.712355,0.947876,0,0.996139,0,Bayes-M14-fill-geo
Moba,Tanganyika,2,FALSE,recalibrated-deployed,0.00114482,5.8707e-4,0.00189397,0.00108623,157,148,170,0.00114556,0.328032,158,0.00622765,NA,NA,NA,NA,NA,NA,0.507722,0.00818594,157,0.617761,0.494208,0,0.411197,0,Bayes-M14-fill-geo
Kinshasa,Kinshasa,2,FALSE,recalibrated-deployed,0.00114147,1.84116e-4,0.00307331,8.655e-4,183,79,338,0.00114259,0.327183,159,0.00620944,NA,NA,NA,NA,NA,NA,0.027027,4.34479e-4,414,0.0135135,0.046332,0,0.0212355,0,Bayes-M14-fill-geo
Kaniama,Haut-Lomami,2,FALSE,recalibrated-deployed,0.00113942,6.09878e-4,0.00183487,0.00109081,156,144,178,0.00114015,0.326483,160,0.0061983,NA,NA,NA,NA,NA,NA,0.776062,0.0124534,124,0.853282,0.662162,0,0.812741,0,Bayes-M14-fill-geo
Lubondaie,Kasaï-Central,2,FALSE,recalibrated-deployed,0.00113869,6.05362e-4,0.00184871,0.00108608,157,144,176,0.00113941,0.326274,161,0.00619432,NA,NA,NA,NA,NA,NA,0.419562,0.00672835,187,0.382239,0.158301,0,0.718147,0,Bayes-M14-fill-geo
Kitenge,Haut-Lomami,2,FALSE,recalibrated-deployed,0.001125,6.04548e-4,0.00181902,0.00107353,158,149,173,0.0011257,0.322347,162,0.00611982,NA,NA,NA,NA,NA,NA,0.763835,0.012102,127,0.866795,0.80695,0,0.617761,0,Bayes-M14-fill-geo
Kibombo,Maniema,2,FALSE,recalibrated-deployed,0.00111488,6.51519e-4,0.00169238,0.00108488,158,143,188.05,0.00111555,0.319441,163,0.00606479,NA,NA,NA,NA,NA,NA,0.615187,0.0096592,141,0.745174,0.17760600000000001,0,0.92278,0,Bayes-M14-fill-geo
Monga,Bas-Uele,2,FALSE,recalibrated-deployed,0.00110618,6.47526e-4,0.0016762,0.0010752,160,139,204,0.00110684,0.316946,164,0.00601746,NA,NA,NA,NA,NA,NA,0.978121,0.0152379,111,0.982625,0.967181,0,0.984556,0,Bayes-M14-fill-geo
Kamiji,Lomami,2,FALSE,recalibrated-deployed,0.00107711,5.85093e-4,0.00171663,0.00103305,162,154,178,0.00107776,0.308617,165,0.00585934,NA,NA,NA,NA,NA,NA,0.351351,0.00532977,220,0.339768,0.129344,0,0.584942,0,Bayes-M14-fill-geo
Kenge,Kwango,2,FALSE,recalibrated-deployed,0.00106988,4.9744e-4,0.00185911,0.00100213,166,144,194,0.00107055,0.306554,166,0.00582001,NA,NA,NA,NA,NA,NA,0.743243,0.0111988,131,0.6139,0.812741,0,0.803089,0,Bayes-M14-fill-geo
Kimputu,Kwilu,2,FALSE,recalibrated-deployed,0.00106264,5.07786e-4,0.00181031,0.00100412,166,148,192,0.00106329,0.304475,167,0.00578061,NA,NA,NA,NA,NA,NA,0.671815,0.0100541,139,0.492278,0.638996,0,0.88417,0,Bayes-M14-fill-geo
Nzaba,Kasaï-Oriental,2,FALSE,recalibrated-deployed,0.00105066,5.42935e-4,0.00173769,9.92075e-4,165,155,198,0.00105128,0.301037,168,0.00571546,NA,NA,NA,NA,NA,NA,0.370656,0.00548455,214,0.104247,0.69305,0,0.314672,0,Bayes-M14-fill-geo
Kabeya Kamwanga,Kasaï-Oriental,2,FALSE,recalibrated-deployed,0.00102975,5.60612e-4,0.00165696,9.86309e-4,168,164,173,0.00103033,0.295038,169,0.00560168,NA,NA,NA,NA,NA,NA,0.395753,0.00573933,206,0.322394,0.391892,0,0.472973,0,Bayes-M14-fill-geo
Mufunga Sampwe,Haut-Katanga,2,FALSE,recalibrated-deployed,0.00102847,5.23779e-4,0.00168538,9.8079e-4,169,156,186,0.00102906,0.294674,170,0.00559471,NA,NA,NA,NA,NA,NA,0.503218,0.00728874,177,0.818533,0.0888031,0,0.602317,0,Bayes-M14-fill-geo
Kintambo,Kinshasa,2,FALSE,recalibrated-deployed,0.0010202,1.57214e-4,0.00276087,7.72034e-4,209.5,89,351,0.0010211,0.292395,171,0.00554974,NA,NA,NA,NA,NA,NA,0.045045,6.47199e-4,399,0.0212355,0.100386,0,0.0135135,0,Bayes-M14-fill-geo
Mikalayi,Kasaï-Central,2,FALSE,recalibrated-deployed,0.00100737,5.1767e-4,0.00166246,9.57392e-4,172,161,187,0.00100794,0.288627,172,0.00547996,NA,NA,NA,NA,NA,NA,0.526384,0.00746789,175,0.451737,0.581081,0,0.546332,0,Bayes-M14-fill-geo
Kabambare,Maniema,2,FALSE,recalibrated-deployed,0.0010052,6.23161e-4,0.00146885,9.83173e-4,169,148,211,0.00100574,0.287995,173,0.00546814,NA,NA,NA,NA,NA,NA,0.527027,0.00746089,176,0.835907,0.111969,0,0.633205,0,Bayes-M14-fill-geo
Kasa Vubu,Kinshasa,2,FALSE,recalibrated-deployed,9.97323e-4,1.68745e-4,0.00263344,7.64798e-4,210,93.95,344,9.98161e-4,0.285825,174,0.0054253,NA,NA,NA,NA,NA,NA,0.0592021,8.31532e-4,388,0.030888,0.121622,0,0.0250965,0,Bayes-M14-fill-geo
Kanda Kanda,Lomami,2,FALSE,recalibrated-deployed,9.93274e-4,0.00053795100000000005,0.0015979,9.51868e-4,172,156.95,203,0.00099382200000000011,0.284583,175,0.00540327,NA,NA,NA,NA,NA,NA,0.401544,0.00561706,211,0.318533,0.173745,0,0.712355,0,Bayes-M14-fill-geo
Mweka,Kasaï,2,FALSE,recalibrated-deployed,9.90697e-4,4.95967e-4,0.00166625,9.33398e-4,174,156,204,9.91256e-4,0.283848,176,0.00538925,NA,NA,NA,NA,NA,NA,0.673745,0.00940033,144,0.478764,0.723938,0,0.818533,0,Bayes-M14-fill-geo
Bunkonde,Kasaï-Central,2,FALSE,recalibrated-deployed,9.85119e-4,5.23784e-4,0.00160038,9.40696e-4,173,159,201,9.85662e-4,0.282246,177,0.00535891,NA,NA,NA,NA,NA,NA,0.469755,0.00651729,192,0.401544,0.277992,0,0.72973,0,Bayes-M14-fill-geo
Kikwit Nord,Kwilu,2,FALSE,recalibrated-deployed,9.82262e-4,4.55169e-4,0.00172616,9.15938e-4,177,158,201,9.82826e-4,0.281434,178,0.00534337,NA,NA,NA,NA,NA,NA,0.388674,0.00537675,218,0.123552,0.540541,0,0.501931,0,Bayes-M14-fill-geo
Luebo,Kasaï,2,FALSE,recalibrated-deployed,9.80581e-4,5.0214e-4,0.0016298,9.26343e-4,175,160,203,9.81125e-4,0.280947,179,0.00533422,NA,NA,NA,NA,NA,NA,0.580438,0.00801577,161,0.523166,0.511583,0,0.706564,0,Bayes-M14-fill-geo
Kitangwa,Kasaï,2,FALSE,recalibrated-deployed,9.48764e-4,4.6891e-4,0.00159102,8.98825e-4,180,166,200,9.49277e-4,0.271827,180,0.00516114,NA,NA,NA,NA,NA,NA,0.438224,0.00585545,205,0.633205,0.106178,0,0.57529,0,Bayes-M14-fill-geo
Lusanga,Kwilu,2,FALSE,recalibrated-deployed,9.47333e-4,4.47677e-4,0.00163627,8.87038e-4,181,165,205,9.47853e-4,0.271419,181,0.00515336,NA,NA,NA,NA,NA,NA,0.565637,0.00754652,174,0.438224,0.72973,0,0.528958,0,Bayes-M14-fill-geo
Katako Kombe,Sankuru,2,FALSE,recalibrated-deployed,9.4445e-4,5.06825e-4,0.00152207,9.03687e-4,178,162,212,9.44946e-4,0.270587,182,0.00513768,NA,NA,NA,NA,NA,NA,0.627091,0.00834096,152,0.785714,0.131274,0,0.964286,0,Bayes-M14-fill-geo
Kalamu 1,Kinshasa,2,FALSE,recalibrated-deployed,9.25698e-4,1.61908e-4,0.00240128,7.20481e-4,220,101.95,347,9.26407e-4,0.265278,183,0.00503567,NA,NA,NA,NA,NA,NA,0.041184,5.36914e-4,406,0.019305,0.0733591,0,0.030888,0,Bayes-M14-fill-geo
Lukonga,Kasaï-Central,2,FALSE,recalibrated-deployed,9.19894e-4,4.79015e-4,0.00151835,8.72333e-4,183,178,197,9.2037e-4,0.26355,184,0.0050041,NA,NA,NA,NA,NA,NA,0.43758,0.00566894,208,0.223938,0.642857,0,0.445946,0,Bayes-M14-fill-geo
Vanga Kete,Sankuru,2,FALSE,recalibrated-deployed,9.17492e-4,4.78457e-4,0.00151281,8.74115e-4,183,167,219,9.17965e-4,0.262861,185,0.00499103,NA,NA,NA,NA,NA,NA,0.600386,0.00775781,167,0.467181,0.411197,0,0.92278,0,Bayes-M14-fill-geo
Mondombe,Tshuapa,2,FALSE,recalibrated-deployed,9.0891e-4,5.15288e-4,0.00140715,8.80496e-4,181.5,162,223,9.09362e-4,0.260397,186,0.00494434,NA,NA,NA,NA,NA,NA,0.63964,0.00818771,156,0.662162,0.372587,0,0.88417,0,Bayes-M14-fill-geo
Kamina,Haut-Lomami,2,FALSE,recalibrated-deployed,8.88833e-4,4.47988e-4,0.00149191,8.38028e-4,189,181,211.05,8.89281e-4,0.254647,187,0.00483513,NA,NA,NA,NA,NA,NA,0.688546,0.00861904,150,0.830116,0.830116,0,0.405405,0,Bayes-M14-fill-geo
Boende,Tshuapa,2,FALSE,recalibrated-deployed,8.88421e-4,4.91398e-4,0.00141329,8.54015e-4,186,181,206,8.88857e-4,0.254526,188,0.00483289,NA,NA,NA,NA,NA,NA,0.559846,0.00700476,180,0.698842,0.480695,0,0.5,0,Bayes-M14-fill-geo
Lwamba,Haut-Lomami,2,FALSE,recalibrated-deployed,8.85101e-4,4.5961e-4,0.00145908,8.41609e-4,191,182,202,8.85541e-4,0.253576,189,0.00481482,NA,NA,NA,NA,NA,NA,0.648649,0.00808553,159,0.80695,0.640927,0,0.498069,0,Bayes-M14-fill-geo
Tshikaji,Kasaï-Central,2,FALSE,recalibrated-deployed,8.84345e-4,4.66556e-4,0.00144837,8.43703e-4,190,183,204,8.84784e-4,0.25336,190,0.00481072,NA,NA,NA,NA,NA,NA,0.425997,0.00530561,224,0.187259,0.584942,0,0.505792,0,Bayes-M14-fill-geo
Kamwesha,Kasaï,2,FALSE,recalibrated-deployed,8.69948e-4,4.39596e-4,0.00145735,8.21586e-4,195,186,210,8.70377e-4,0.249234,191,0.00473239,NA,NA,NA,NA,NA,NA,0.364221,0.00446236,246,0.34556,0.287645,0,0.459459,0,Bayes-M14-fill-geo
Dikungu,Sankuru,2,FALSE,recalibrated-deployed,8.67319e-4,4.66521e-4,0.00139606,8.29462e-4,191,172,227,8.67738e-4,0.248478,192,0.0047181,NA,NA,NA,NA,NA,NA,0.503861,0.00615455,201,0.486486,0.140927,0,0.88417,0,Bayes-M14-fill-geo
Tshumbe,Sankuru,2,FALSE,recalibrated-deployed,8.58456e-4,4.58625e-4,0.00138991,8.17554e-4,194,173,231,8.58867e-4,0.245938,193,0.00466988,NA,NA,NA,NA,NA,NA,0.520914,0.00629782,198,0.544402,0.171815,0,0.846525,0,Bayes-M14-fill-geo
Luiza,Kasaï-Central,2,FALSE,recalibrated-deployed,8.57475e-4,4.38126e-4,0.0014129,8.16153e-4,197,181,219,8.5789e-4,0.245658,194,0.00466454,NA,NA,NA,NA,NA,NA,0.56242,0.00679185,184,0.480695,0.629344,0,0.57722,0,Bayes-M14-fill-geo
Businga,Nord-Ubangi,2,FALSE,recalibrated-deployed,8.53957e-4,5.57899e-4,0.00120907,8.35116e-4,191,153,251,8.54342e-4,0.244642,195,0.00464541,NA,NA,NA,NA,NA,NA,0.904118,0.0108735,134,0.928571,0.861004,0,0.92278,0,Bayes-M14-fill-geo
Binza Meteo,Kinshasa,2,FALSE,recalibrated-deployed,8.52416e-4,1.46721e-4,0.00223086,6.59444e-4,234,109.95,356.05,8.53023e-4,0.244265,196,0.00463703,NA,NA,NA,NA,NA,NA,0.341055,0.00409433,258,0.0965251,0.899614,0,0.027027,0,Bayes-M14-fill-geo
Mukedi,Kwilu,2,FALSE,recalibrated-deployed,8.50091e-4,4.12073e-4,0.0014416,8.00909e-4,203,175,231,8.50508e-4,0.243545,197,0.00462438,NA,NA,NA,NA,NA,NA,0.644788,0.00771949,169,0.53668,0.706564,0,0.69112,0,Bayes-M14-fill-geo
Mutoto,Kasaï-Central,2,FALSE,recalibrated-deployed,8.49615e-4,4.49924e-4,0.00137543,8.12663e-4,197,188,216,8.50019e-4,0.243404,198,0.00462179,NA,NA,NA,NA,NA,NA,0.458816,0.00548993,213,0.457529,0.361004,0,0.557915,0,Bayes-M14-fill-geo
Bongandanga,Mongala,2,FALSE,recalibrated-deployed,8.49086e-4,4.9996e-4,0.00128435,8.27184e-4,194,166,235,8.49477e-4,0.243249,199,0.00461891,NA,NA,NA,NA,NA,NA,0.563707,0.0067408,185,0.758687,0.00965251,0,0.92278,0,Bayes-M14-fill-geo
Katoka,Kasaï-Central,2,FALSE,recalibrated-deployed,8.47608e-4,4.34473e-4,0.00141627,8.0235e-4,201,193,211,8.48015e-4,0.242831,200,0.00461087,NA,NA,NA,NA,NA,NA,0.352638,0.0042095,252,0.121622,0.472973,0,0.46332,0,Bayes-M14-fill-geo
Malemba Nkulu,Haut-Lomami,2,FALSE,recalibrated-deployed,8.4512e-4,4.2968e-4,0.00142179,7.95987e-4,201,193,219,8.45525e-4,0.242118,201,0.00459734,NA,NA,NA,NA,NA,NA,0.519305,0.00618084,200,0.368726,0.766409,0,0.42278,0,Bayes-M14-fill-geo
Bena Leka,Kasaï-Central,2,FALSE,recalibrated-deployed,8.4272e-4,4.36961e-4,0.00139024,8.00074e-4,201,178.95,227,8.4312e-4,0.241429,202,0.00458428,NA,NA,NA,NA,NA,NA,0.664736,0.00788931,163,0.606178,0.716216,0,0.671815,0,Bayes-M14-fill-geo
Tshikapa,Kasaï,2,FALSE,recalibrated-deployed,8.38886e-4,3.97345e-4,0.00145639,7.8249e-4,203,178,234,8.39293e-4,0.240333,203,0.00456342,NA,NA,NA,NA,NA,NA,0.420849,0.00497206,233,0.272201,0.650579,0,0.339768,0,Bayes-M14-fill-geo
Kanzala,Kasaï,2,FALSE,recalibrated-deployed,8.38488e-4,3.96169e-4,0.00145664,7.81028e-4,204,177,235,8.38895e-4,0.240219,204,0.00456126,NA,NA,NA,NA,NA,NA,0.272844,0.00322194,282,0.167954,0.312741,0,0.337838,0,Bayes-M14-fill-geo
Bulungu,Kwilu,2,FALSE,recalibrated-deployed,8.3569e-4,3.93222e-4,0.00144367,7.84503e-4,209,174,238,8.36097e-4,0.239418,205,0.00454604,NA,NA,NA,NA,NA,NA,0.60103,0.00707371,179,0.357143,0.679537,0,0.766409,0,Bayes-M14-fill-geo
Demba,Kasaï-Central,2,FALSE,recalibrated-deployed,8.31479e-4,4.3079e-4,0.00138152,7.89525e-4,205,199,215,8.31868e-4,0.238207,206,0.00452313,NA,NA,NA,NA,NA,NA,0.548906,0.0064277,197,0.465251,0.714286,0,0.467181,0,Bayes-M14-fill-geo
Kamana,Lomami,2,FALSE,recalibrated-deployed,8.30069e-4,4.72705e-4,0.0012885,8.02432e-4,200,179,228,8.30446e-4,0.2378,207,0.00451546,NA,NA,NA,NA,NA,NA,0.392535,0.0045888,240,0.530888,0.0173745,0,0.629344,0,Bayes-M14-fill-geo
Kalenda,Lomami,2,FALSE,recalibrated-deployed,8.27314e-4,4.41833e-4,0.00134128,7.92882e-4,204,190,223.05,8.27696e-4,0.237012,208,0.00450047,NA,NA,NA,NA,NA,NA,0.384813,0.0044836,244,0.388031,0.187259,0,0.579151,0,Bayes-M14-fill-geo
Diulu,Kasaï-Oriental,2,FALSE,recalibrated-deployed,8.22122e-4,4.28688e-4,0.00134837,7.78228e-4,205,182,230,8.22501e-4,0.235525,209,0.00447223,NA,NA,NA,NA,NA,NA,0.348134,0.00403078,261,0.0675676,0.644788,0,0.332046,0,Bayes-M14-fill-geo
Bulape,Kasaï,2,FALSE,recalibrated-deployed,8.17576e-4,4.0833e-4,0.00136829,7.75384e-4,210,182,236,8.17956e-4,0.234223,210,0.0044475,NA,NA,NA,NA,NA,NA,0.57529,0.00662401,189,0.706564,0.185328,0,0.833977,0,Bayes-M14-fill-geo
Kansimba,Tanganyika,2,FALSE,recalibrated-deployed,8.05412e-4,4.38572e-4,0.00130003,7.70828e-4,210,205,217,8.05772e-4,0.230734,211,0.00438133,NA,NA,NA,NA,NA,NA,0.732947,0.00831375,154,0.947876,0.774131,0,0.476834,0,Bayes-M14-fill-geo
Masina 1,Kinshasa,2,FALSE,recalibrated-deployed,8.0471e-4,1.75736e-4,0.00189972,6.56998e-4,233,129,339.05,8.05199e-4,0.23057,212,0.00437751,NA,NA,NA,NA,NA,NA,0.02574,2.91712e-4,426,0.00772201,0.00772201,0,0.0617761,0,Bayes-M14-fill-geo
Vanga,Kwilu,2,FALSE,recalibrated-deployed,7.9858e-4,3.77315e-4,0.00137426,7.50944e-4,217,183,245,7.98951e-4,0.228781,213,0.00434416,NA,NA,NA,NA,NA,NA,0.671171,0.00754846,173,0.372587,0.820463,0,0.820463,0,Bayes-M14-fill-geo
Tshilenge,Kasaï-Oriental,2,FALSE,recalibrated-deployed,7.96019e-4,4.01617e-4,0.00133345,7.53218e-4,212,179,241,7.96378e-4,0.228044,214,0.00433023,NA,NA,NA,NA,NA,NA,0.37323,0.00418415,253,0.189189,0.667954,0,0.262548,0,Bayes-M14-fill-geo
Mungindu,Kwilu,2,FALSE,recalibrated-deployed,7.90792e-4,3.81154e-4,0.0013566,7.4315e-4,217,198,233,7.91152e-4,0.226548,215,0.0043018,NA,NA,NA,NA,NA,NA,0.509009,0.00566884,209,0.469112,0.53668,0,0.521236,0,Bayes-M14-fill-geo
Minga,Sankuru,2,FALSE,recalibrated-deployed,7.87877e-4,4.20385e-4,0.00127726,7.53751e-4,214,185,240,7.88223e-4,0.225709,216,0.00428594,NA,NA,NA,NA,NA,NA,0.712999,0.0079114,162,0.783784,0.471042,0,0.88417,0,Bayes-M14-fill-geo
Kalambayi Kabanga,Lomami,2,FALSE,recalibrated-deployed,7.78885e-4,4.3447e-4,0.00123111,7.51068e-4,214,192,237,7.79219e-4,0.223131,217,0.00423703,NA,NA,NA,NA,NA,NA,0.417632,0.00458114,241,0.455598,0.160232,0,0.637066,0,Bayes-M14-fill-geo
Karawa,Nord-Ubangi,2,FALSE,recalibrated-deployed,7.74312e-4,5.1365e-4,0.00109261,7.5821e-4,213,155,279,7.74627e-4,0.221816,218,0.00421215,NA,NA,NA,NA,NA,NA,0.853925,0.00931198,145,0.756757,0.972973,0,0.832046,0,Bayes-M14-fill-geo
Mont Ngafula 1,Kinshasa,2,FALSE,recalibrated-deployed,7.72969e-4,1.64747e-4,0.00184392,6.28005e-4,244,133,344,7.73424e-4,0.221471,219,0.00420484,NA,NA,NA,NA,NA,NA,0.275418,0.0029982,291,0.137066,0.631274,0,0.0579151,0,Bayes-M14-fill-geo
Ototo,Sankuru,2,FALSE,recalibrated-deployed,7.72056e-4,3.97053e-4,0.00128205,7.30577e-4,219,193,245,7.72393e-4,0.221176,220,0.00419988,NA,NA,NA,NA,NA,NA,0.608108,0.00661205,190,0.53861,0.362934,0,0.92278,0,Bayes-M14-fill-geo
Obokote,Maniema,2,FALSE,recalibrated-deployed,7.7158e-4,4.93435e-4,0.00110188,7.57563e-4,213,172,255,7.71895e-4,0.221034,221,0.00419729,NA,NA,NA,NA,NA,NA,0.427928,0.00465005,238,0.723938,0.0328185,0,0.527027,0,Bayes-M14-fill-geo
Wapinda,Nord-Ubangi,2,FALSE,recalibrated-deployed,7.56884e-4,4.642e-4,0.00111203,7.39279e-4,217,169,264.05,7.57191e-4,0.216823,222,0.00411735,NA,NA,NA,NA,NA,NA,0.905405,0.00965115,142,0.901544,0.839768,0,0.974903,0,Bayes-M14-fill-geo
Kiambi,Tanganyika,2,FALSE,recalibrated-deployed,7.56834e-4,4.25052e-4,0.00119489,7.29448e-4,218,199,242,7.57148e-4,0.216811,223,0.00411707,NA,NA,NA,NA,NA,NA,0.761261,0.0081141,158,0.980695,0.683398,0,0.619691,0,Bayes-M14-fill-geo
Kalomba,Kasaï-Central,2,FALSE,recalibrated-deployed,7.54355e-4,3.85076e-4,0.00124643,7.15758e-4,222,200,246,7.54677e-4,0.216103,224,0.00410359,NA,NA,NA,NA,NA,NA,0.392535,0.00417024,255,0.316602,0.146718,0,0.714286,0,Bayes-M14-fill-geo
Lomela,Sankuru,2,FALSE,recalibrated-deployed,0.00074900399999999995,4.17567e-4,0.00117499,7.21973e-4,221,188,252,7.49312e-4,0.214567,225,0.00407448,NA,NA,NA,NA,NA,NA,0.634492,0.00669293,188,0.84556,0.135135,0,0.92278,0,Bayes-M14-fill-geo
Manika,Lualaba,2,FALSE,recalibrated-deployed,7.43416e-4,2.6318e-4,0.00147252,6.67724e-4,230,162,293,7.43764e-4,0.212978,226,0.00404408,NA,NA,NA,NA,NA,NA,0.153153,0.00160348,351,0.0945946,0.222008,0,0.142857,0,Bayes-M14-fill-geo
Kafakumba,Lualaba,2,FALSE,recalibrated-deployed,7.3664e-4,3.72401e-4,0.00122534,6.98346e-4,227,203,252,7.36947e-4,0.211026,227,0.00400722,NA,NA,NA,NA,NA,NA,0.619691,0.0064289,196,0.868726,0.202703,0,0.787645,0,Bayes-M14-fill-geo
Ankoro,Tanganyika,2,FALSE,recalibrated-deployed,7.32754e-4,3.86454e-4,0.0011955,6.96927e-4,226,207,249,7.33054e-4,0.209911,228,0.00398608,NA,NA,NA,NA,NA,NA,0.806306,0.00832079,153,0.926641,0.828185,0,0.664093,0,Bayes-M14-fill-geo
Bokoro,Mai-Ndombe,2,FALSE,recalibrated-deployed,7.30604e-4,3.7713e-4,0.0012095,6.90973e-4,227,206,252,7.30905e-4,0.209296,229,0.00397439,NA,NA,NA,NA,NA,NA,0.628057,0.0064623,195,0.687259,0.509653,0,0.687259,0,Bayes-M14-fill-geo
Tshamilemba,Haut-Katanga,2,FALSE,recalibrated-deployed,7.3043e-4,2.33377e-4,0.0015177,6.41771e-4,235,158,309,0.00073077700000000005,0.209259,230,0.00397344,NA,NA,NA,NA,NA,NA,0.10296,0.00105914,381,0.0656371,0.125483,0,0.117761,0,Bayes-M14-fill-geo
Ndage,Sud-Ubangi,2,FALSE,recalibrated-deployed,7.29688e-4,4.95092e-4,0.00103072,7.13867e-4,222,145,309,7.29968e-4,0.209028,231,0.0039694,NA,NA,NA,NA,NA,NA,0.471042,0.00484065,234,0.399614,0.276062,0,0.737452,0,Bayes-M14-fill-geo
Kalonda Ouest,Kasaï,2,FALSE,recalibrated-deployed,7.2759e-4,3.40393e-4,0.00126807,6.75306e-4,228,207,249,7.27897e-4,0.208435,232,0.00395799,NA,NA,NA,NA,NA,NA,0.298584,0.00305957,288,0.291506,0.250965,0,0.353282,0,Bayes-M14-fill-geo
Ferekeni,Maniema,2,FALSE,recalibrated-deployed,7.13228e-4,4.19169e-4,0.00108501,6.92456e-4,227,196,258,7.13504e-4,0.204313,233,0.00387986,NA,NA,NA,NA,NA,NA,0.467181,0.00469268,236,0.772201,0.042471,0,0.586873,0,Bayes-M14-fill-geo
Katende,Kasaï-Central,2,FALSE,recalibrated-deployed,7.07632e-4,3.72757e-4,0.00115692,6.74203e-4,232,210,259,7.07912e-4,0.202712,234,0.00384942,NA,NA,NA,NA,NA,NA,0.687259,0.00684911,183,0.65251,0.648649,0,0.760618,0,Bayes-M14-fill-geo
Koshibanda,Kwilu,2,FALSE,recalibrated-deployed,7.00667e-4,3.39673e-4,0.00118966,6.62219e-4,234,210,263,7.0095e-4,0.200718,235,0.00381153,NA,NA,NA,NA,NA,NA,0.655084,0.0064642,194,0.519305,0.675676,0,0.77027,0,Bayes-M14-fill-geo
Tandala,Sud-Ubangi,2,FALSE,recalibrated-deployed,7.0056e-4,4.74035e-4,9.80304e-4,6.86186e-4,227.5,158,304,7.00818e-4,0.200681,236,0.00381095,NA,NA,NA,NA,NA,NA,0.543758,0.00536485,219,0.274131,0.527027,0,0.830116,0,Bayes-M14-fill-geo
Matete,Kinshasa,2,FALSE,recalibrated-deployed,6.87044e-4,1.43437e-4,0.00165971,5.52494e-4,260,143,357,6.87407e-4,0.19684,237,0.00373742,NA,NA,NA,NA,NA,NA,0.0656371,6.35097e-4,400,0.0250965,0.11583,0,0.0559846,0,Bayes-M14-fill-geo
Kikwit Sud,Kwilu,2,FALSE,recalibrated-deployed,6.76847e-4,3.04451e-4,0.00120595,6.23346e-4,242,220,261,6.77118e-4,0.193894,238,0.00368195,NA,NA,NA,NA,NA,NA,0.43758,0.00417114,254,0.131274,0.700772,0,0.480695,0,Bayes-M14-fill-geo
Itombwe,Sud-Kivu,2,FALSE,recalibrated-deployed,6.75926e-4,4.44455e-4,9.44386e-4,6.64352e-4,233,186,279.05,6.76166e-4,0.193621,239,0.00367694,NA,NA,NA,NA,NA,NA,0.682754,0.00649935,193,0.857143,0.673745,0,0.517375,0,Bayes-M14-fill-geo
Bipemba,Kasaï-Oriental,2,FALSE,recalibrated-deployed,6.73498e-4,3.49926e-4,0.00110716,6.3712e-4,237,219,254,6.73752e-4,0.19293,240,0.00366373,NA,NA,NA,NA,NA,NA,0.20592,0.00195318,336,0.0617761,0.220077,0,0.335907,0,Bayes-M14-fill-geo
Masi Manimba,Kwilu,2,FALSE,recalibrated-deployed,6.72932e-4,3.05871e-4,0.00119343,6.24166e-4,242,212,275,6.732e-4,0.192772,241,0.00366066,NA,NA,NA,NA,NA,NA,0.570785,0.00540941,217,0.332046,0.496139,0,0.88417,0,Bayes-M14-fill-geo
Bibanga,Kasaï-Oriental,2,FALSE,recalibrated-deployed,6.72831e-4,3.65883e-4,0.00106419,6.43253e-4,237,230,243,6.73082e-4,0.192738,242,0.00366011,NA,NA,NA,NA,NA,NA,0.39704,0.00376224,269,0.312741,0.488417,0,0.389961,0,Bayes-M14-fill-geo
Pimu,Mongala,2,FALSE,recalibrated-deployed,6.65848e-4,3.92805e-4,0.00100672,6.45687e-4,238,200,279,6.66088e-4,0.190736,243,0.00362212,NA,NA,NA,NA,NA,NA,0.567568,0.0053223,222,0.583012,0.370656,0,0.749035,0,Bayes-M14-fill-geo
Barumbu,Kinshasa,2,FALSE,recalibrated-deployed,6.6134e-4,1.10653e-4,0.00175172,5.06565e-4,274,136,380,6.61709e-4,0.189482,244,0.0035976,NA,NA,NA,NA,NA,NA,0.0186615,1.73811e-4,436,0.00965251,0.023166,0,0.023166,0,Bayes-M14-fill-geo
Lukelenge,Kasaï-Oriental,2,FALSE,recalibrated-deployed,6.6041e-4,3.46988e-4,0.00107771,6.25732e-4,240,220,261,6.60654e-4,0.18918,245,0.00359254,NA,NA,NA,NA,NA,NA,0.299871,0.00278904,301,0.0810811,0.5,0,0.318533,0,Bayes-M14-fill-geo
Maluku 1,Kinshasa,2,FALSE,recalibrated-deployed,6.56553e-4,2.11373e-4,0.00136077,5.79354e-4,253,168,316,6.56834e-4,0.188086,246,0.00357156,NA,NA,NA,NA,NA,NA,0.309524,0.00286201,297,0.34749,0.451737,0,0.129344,0,Bayes-M14-fill-geo
Bosondjo,Mongala,2,FALSE,recalibrated-deployed,6.55373e-4,3.80778e-4,0.00100039,6.36717e-4,241.5,214,271,6.55607e-4,0.187734,247,0.00356514,NA,NA,NA,NA,NA,NA,0.465251,0.0042942,249,0.561776,0.19305,0,0.640927,0,Bayes-M14-fill-geo
Bwamanda,Sud-Ubangi,2,FALSE,recalibrated-deployed,6.53073e-4,4.41489e-4,9.11579e-4,6.39606e-4,240,171,305,6.53296e-4,0.187073,248,0.00355262,NA,NA,NA,NA,NA,NA,0.622265,0.00572326,207,0.418919,0.739382,0,0.708494,0,Bayes-M14-fill-geo
Wembo Nyama,Sankuru,2,FALSE,recalibrated-deployed,6.49005e-4,3.53254e-4,0.00103691,6.22267e-4,244,220,271,6.49238e-4,0.185911,249,0.0035305,NA,NA,NA,NA,NA,NA,0.546332,0.00499357,230,0.501931,0.214286,0,0.92278,0,Bayes-M14-fill-geo
Pangi,Maniema,2,FALSE,recalibrated-deployed,6.47723e-4,3.79282e-4,9.80409e-4,6.306e-4,244,212,276,6.47951e-4,0.185542,250,0.00352353,NA,NA,NA,NA,NA,NA,0.442085,0.00403275,260,0.608108,0.0559846,0,0.662162,0,Bayes-M14-fill-geo
Makanza,Equateur,2,FALSE,recalibrated-deployed,6.47488e-4,3.37561e-4,0.00106419,6.14875e-4,244,222,272,6.47724e-4,0.185477,251,0.00352225,NA,NA,NA,NA,NA,NA,0.851995,0.00776918,166,0.953668,0.795367,0,0.80695,0,Bayes-M14-fill-geo
Moanza,Kwilu,2,FALSE,recalibrated-deployed,6.43461e-4,3.00407e-4,0.00110896,6.04373e-4,247,220,278,6.43702e-4,0.184325,252,0.00350034,NA,NA,NA,NA,NA,NA,0.693372,0.0062834,199,0.598456,0.528958,0,0.952703,0,Bayes-M14-fill-geo
Bandalungwa,Kinshasa,2,FALSE,recalibrated-deployed,6.39054e-4,1.01512e-4,0.00173106,4.82533e-4,283.5,138,388,6.39408e-4,0.183096,253,0.00347636,NA,NA,NA,NA,NA,NA,0.0945946,8.51354e-4,387,0.0328185,0.233591,0,0.0173745,0,Bayes-M14-fill-geo
Kalonda Est,Lomami,2,FALSE,recalibrated-deployed,6.23052e-4,3.43931e-4,9.93228e-4,5.98981e-4,249,228,272,6.23266e-4,0.178473,254,0.00338931,NA,NA,NA,NA,NA,NA,0.438867,0.00385091,265,0.542471,0.150579,0,0.623552,0,Bayes-M14-fill-geo
Makota,Lomami,2,FALSE,recalibrated-deployed,6.21382e-4,3.34363e-4,0.0010005,5.93472e-4,250,233,267,6.21597e-4,0.177996,255,0.00338023,NA,NA,NA,NA,NA,NA,0.344916,0.00301842,290,0.102317,0.376448,0,0.555985,0,Bayes-M14-fill-geo
Bominenge,Sud-Ubangi,2,FALSE,recalibrated-deployed,6.19251e-4,4.18392e-4,8.64055e-4,6.08474e-4,248,175,314,6.19452e-4,0.177381,256,0.00336864,NA,NA,NA,NA,NA,NA,0.434363,0.00378814,268,0.281853,0.0984556,0,0.92278,0,Bayes-M14-fill-geo
Bukama,Haut-Lomami,2,FALSE,recalibrated-deployed,6.08954e-4,3.00821e-4,0.00104196,5.70097e-4,253,243,264,6.09167e-4,0.174436,257,0.00331263,NA,NA,NA,NA,NA,NA,0.635135,0.005447,215,0.714286,0.762548,0,0.428571,0,Bayes-M14-fill-geo
Mont Ngafula 2,Kinshasa,2,FALSE,recalibrated-deployed,6.06081e-4,1.10067e-4,0.00154776,4.7598e-4,286,148,379,6.06379e-4,0.173638,258,0.00329699,NA,NA,NA,NA,NA,NA,0.12677,0.00108206,379,0.0849421,0.256757,0,0.03861,0,Bayes-M14-fill-geo
Tshudi Loto,Sankuru,2,FALSE,recalibrated-deployed,6.00905e-4,3.26724e-4,9.56902e-4,5.76174e-4,255,229,283,6.01105e-4,0.172128,259,0.00326884,NA,NA,NA,NA,NA,NA,0.564994,0.00478141,235,0.76834,0.003861,0,0.92278,0,Bayes-M14-fill-geo
Tunda,Maniema,2,FALSE,recalibrated-deployed,5.97865e-4,3.35574e-4,9.32373e-4,5.76968e-4,256,225,288,5.98061e-4,0.171256,260,0.0032523,NA,NA,NA,NA,NA,NA,0.611969,0.00515275,228,0.897683,0.0540541,0,0.88417,0,Bayes-M14-fill-geo
Citenge,Kasaï-Oriental,2,FALSE,recalibrated-deployed,5.96425e-4,3.06812e-4,9.873e-4,5.64329e-4,255,235,273,5.96626e-4,0.170845,261,0.00324447,NA,NA,NA,NA,NA,NA,0.309524,0.0025999,310,0.158301,0.474903,0,0.295367,0,Bayes-M14-fill-geo
Ipamu,Kwilu,2,FALSE,recalibrated-deployed,5.93829e-4,2.80184e-4,0.00102309,5.58244e-4,259,230,288,5.94034e-4,0.170103,262,0.00323035,NA,NA,NA,NA,NA,NA,0.727156,0.00608128,203,0.490347,0.76834,0,0.92278,0,Bayes-M14-fill-geo
Mulongo,Haut-Lomami,2,FALSE,recalibrated-deployed,5.93029e-4,3.00585e-4,9.92628e-4,5.61363e-4,257,250,265,5.93228e-4,0.169872,263,0.003226,NA,NA,NA,NA,NA,NA,0.636422,0.0053153,223,0.747104,0.77027,0,0.391892,0,Bayes-M14-fill-geo
Gungu,Kwilu,2,FALSE,recalibrated-deployed,5.85632e-4,2.74189e-4,0.00102349,5.46808e-4,261,242,278,5.85832e-4,0.167754,264,0.00318576,NA,NA,NA,NA,NA,NA,0.564994,0.00465988,237,0.505792,0.696911,0,0.492278,0,Bayes-M14-fill-geo
Wangata,Equateur,2,FALSE,recalibrated-deployed,5.76845e-4,2.68577e-4,0.00101276,5.3816e-4,264,247,277,5.77038e-4,0.165236,265,0.00313796,NA,NA,NA,NA,NA,NA,0.555985,0.00451677,243,0.233591,0.986486,0,0.447876,0,Bayes-M14-fill-geo
Mbandaka,Equateur,2,FALSE,recalibrated-deployed,5.73529e-4,2.68396e-4,0.00100187,5.3654e-4,265,249,278,5.73719e-4,0.164286,266,0.00311992,NA,NA,NA,NA,NA,NA,0.688546,0.00556153,212,0.640927,0.96332,0,0.46139,0,Bayes-M14-fill-geo
Lusambo,Sankuru,2,FALSE,recalibrated-deployed,5.72408e-4,2.99682e-4,9.3568e-4,5.44163e-4,264,237,288.05,5.72592e-4,0.163963,267,0.0031138200000000002,NA,NA,NA,NA,NA,NA,0.644466,0.00519532,226,0.681467,0.299228,0,0.952703,0,Bayes-M14-fill-geo
Selembao,Kinshasa,2,FALSE,recalibrated-deployed,5.71429e-4,1.04818e-4,0.00146328,4.46548e-4,293,152.95,386,5.71696e-4,0.163706,268,0.0031085,NA,NA,NA,NA,NA,NA,0.0900901,7.25013e-4,395,0.044401500000000003,0.181467,0,0.044401500000000003,0,Bayes-M14-fill-geo
Djombo,Equateur,2,FALSE,recalibrated-deployed,5.68245e-4,3.29783e-4,8.67148e-4,5.52781e-4,263.5,228,296,5.6842e-4,0.162768,269,0.00309117,NA,NA,NA,NA,NA,NA,0.873874,0.00699343,181,0.916988,0.781853,0,0.92278,0,Bayes-M14-fill-geo
Kansele,Kasaï-Oriental,2,FALSE,recalibrated-deployed,5.65043e-4,2.89237e-4,9.43317e-4,5.32365e-4,264,246,277,5.65223e-4,0.161853,270,0.00307375,NA,NA,NA,NA,NA,NA,0.324968,0.002586,311,0.0540541,0.596525,0,0.324324,0,Bayes-M14-fill-geo
Mukanga,Haut-Lomami,2,FALSE,recalibrated-deployed,5.61096e-4,2.92415e-4,9.26351e-4,5.35034e-4,266,253,279,5.61273e-4,0.160722,271,0.00305228,NA,NA,NA,NA,NA,NA,0.631918,0.00499349,231,0.685328,0.69112,0,0.519305,0,Bayes-M14-fill-geo
Lubilanji,Kasaï-Oriental,2,FALSE,recalibrated-deployed,5.58751e-4,2.7636e-4,9.53786e-4,5.21675e-4,267,244,281,5.58929e-4,0.160051,272,0.00303953,NA,NA,NA,NA,NA,NA,0.225869,0.00177738,344,0.034749,0.339768,0,0.303089,0,Bayes-M14-fill-geo
Yasa Bonga,Kwilu,2,FALSE,recalibrated-deployed,5.53529e-4,2.59669e-4,9.54537e-4,5.20018e-4,270,240,297,5.53708e-4,0.158555,273,0.00301112,NA,NA,NA,NA,NA,NA,0.560811,0.00437183,248,0.303089,0.532819,0,0.846525,0,Bayes-M14-fill-geo
Mosango,Kwilu,2,FALSE,recalibrated-deployed,5.50842e-4,2.55783e-4,9.642e-4,5.14506e-4,272,239,300,5.5102e-4,0.157786,274,0.0029965,NA,NA,NA,NA,NA,NA,0.686615,0.00532656,221,0.546332,0.737452,0,0.776062,0,Bayes-M14-fill-geo
Lualaba,Lualaba,2,FALSE,recalibrated-deployed,5.39252e-4,1.9935e-4,0.0010441,4.88064e-4,278,216,321,5.39432e-4,0.154467,275,0.00293346,NA,NA,NA,NA,NA,NA,0.187259,0.00142213,364,0.35521200000000003,0.034749,0,0.171815,0,Bayes-M14-fill-geo
Bogosenubea,Sud-Ubangi,2,FALSE,recalibrated-deployed,5.37696e-4,3.59358e-4,7.56696e-4,5.27344e-4,270,189,334,5.37848e-4,0.154014,276,0.00292499,NA,NA,NA,NA,NA,NA,0.547619,0.00414688,256,0.498069,0.303089,0,0.841699,0,Bayes-M14-fill-geo
Befale,Tshuapa,2,FALSE,recalibrated-deployed,5.35537e-4,2.95752e-4,8.4783e-4,5.15262e-4,273,239,302,5.35695e-4,0.153397,277,0.00291325,NA,NA,NA,NA,NA,NA,0.685972,0.00517371,227,0.882239,0.490347,0,0.685328,0,Bayes-M14-fill-geo
Djuma,Kwilu,2,FALSE,recalibrated-deployed,5.34623e-4,2.44697e-4,9.37419e-4,4.9875e-4,278,244,304,5.34791e-4,0.153138,278,0.00290827,NA,NA,NA,NA,NA,NA,0.700772,0.00527631,225,0.482625,0.735521,0,0.88417,0,Bayes-M14-fill-geo
Dibindi,Kasaï-Oriental,2,FALSE,recalibrated-deployed,5.34191e-4,2.76486e-4,8.8416e-4,5.0425e-4,273,254.95,285,5.34352e-4,0.153013,279,0.00290593,NA,NA,NA,NA,NA,NA,0.215573,0.0016218,349,0.03861,0.295367,0,0.312741,0,Bayes-M14-fill-geo
Iboko,Equateur,2,FALSE,recalibrated-deployed,5.31011e-4,2.72424e-4,8.83354e-4,5.02294e-4,276,245,300,5.31171e-4,0.152102,280,0.00288863,NA,NA,NA,NA,NA,NA,0.815959,0.00610209,202,0.828185,0.791506,0,0.828185,0,Bayes-M14-fill-geo
Butumba,Haut-Lomami,2,FALSE,recalibrated-deployed,5.30082e-4,2.61748e-4,8.81714e-4,5.03107e-4,277,254,294,5.30242e-4,0.151836,281,0.00288357,NA,NA,NA,NA,NA,NA,0.612613,0.00457336,242,0.797297,0.415058,0,0.625483,0,Bayes-M14-fill-geo
Kabondo Dianda,Haut-Lomami,2,FALSE,recalibrated-deployed,5.23344e-4,2.64656e-4,8.79301e-4,4.94943e-4,278,268,285,5.23499e-4,0.149905,282,0.00284692,NA,NA,NA,NA,NA,NA,0.547619,0.00403619,259,0.588803,0.571429,0,0.482625,0,Bayes-M14-fill-geo
Bolomba,Equateur,2,FALSE,recalibrated-deployed,5.1987e-4,2.6957e-4,8.5679e-4,4.91596e-4,280,250,301,5.20022e-4,0.148909,283,0.00282802,NA,NA,NA,NA,NA,NA,0.82175,0.00601646,204,0.957529,0.853282,0,0.65444,0,Bayes-M14-fill-geo
Kikimi,Kinshasa,2,FALSE,recalibrated-deployed,5.18872e-4,1.34557e-4,0.00119367,4.34951e-4,295,183,359.05,5.19062e-4,0.148634,284,0.00282259,NA,NA,NA,NA,NA,NA,0.111326,8.13508e-4,390,0.0559846,0.19112,0,0.0868726,0,Bayes-M14-fill-geo
Boko,Kwango,2,FALSE,recalibrated-deployed,5.18812e-4,2.39714e-4,8.97207e-4,4.87013e-4,283,252,306,5.18969e-4,0.148608,285,0.00282227,NA,NA,NA,NA,NA,NA,0.682754,0.00498862,232,0.733591,0.610039,0,0.704633,0,Bayes-M14-fill-geo
Muya,Kasaï-Oriental,2,FALSE,recalibrated-deployed,5.15953e-4,2.70253e-4,8.4239e-4,4.8865e-4,279,263,289,5.16102e-4,0.147787,286,0.00280671,NA,NA,NA,NA,NA,NA,0.33269,0.00241744,317,0.0752896,0.588803,0,0.333977,0,Bayes-M14-fill-geo
Basankusu,Equateur,2,FALSE,recalibrated-deployed,5.13372e-4,2.73892e-4,8.30626e-4,4.91306e-4,281,246,308,5.13519e-4,0.147047,287,0.00279267,NA,NA,NA,NA,NA,NA,0.912484,0.00659726,191,0.951737,0.862934,0,0.92278,0,Bayes-M14-fill-geo
Boso Manzi,Mongala,2,FALSE,recalibrated-deployed,5.08022e-4,3.33425e-4,7.18675e-4,4.9694e-4,279,215,335,5.08158e-4,0.145512,288,0.00276357,NA,NA,NA,NA,NA,NA,0.530888,0.00379832,267,0.569498,0.227799,0,0.795367,0,Bayes-M14-fill-geo
Tshikula,Kasaï-Central,2,FALSE,recalibrated-deployed,5.04426e-4,2.60712e-4,8.3088e-4,4.79655e-4,284,260,304,5.0457e-4,0.144484,289,0.00274401,NA,NA,NA,NA,NA,NA,0.439511,0.00312229,286,0.391892,0.318533,0,0.608108,0,Bayes-M14-fill-geo
Bosobolo,Nord-Ubangi,2,FALSE,recalibrated-deployed,5.02201e-4,3.07719e-4,7.38557e-4,4.90587e-4,282,231,326,5.02336e-4,0.143845,290,0.0027319,NA,NA,NA,NA,NA,NA,0.953024,0.00674044,186,0.936293,0.945946,0,0.976834,0,Bayes-M14-fill-geo
Kingabwa,Kinshasa,2,FALSE,recalibrated-deployed,5.00034e-4,9.84992e-5,0.00123984,3.97943e-4,307,166,389,5.0023e-4,0.143242,291,0.00272011,NA,NA,NA,NA,NA,NA,0.0637066,4.48632e-4,412,0.042471,0.0965251,0,0.0521236,0,Bayes-M14-fill-geo
Muetshi,Kasaï-Central,2,FALSE,recalibrated-deployed,4.97428e-4,2.56215e-4,8.23974e-4,4.71425e-4,287,255,311,4.97568e-4,0.142479,292,0.00270594,NA,NA,NA,NA,NA,NA,0.638996,0.00447646,245,0.61583,0.53861,0,0.762548,0,Bayes-M14-fill-geo
Bena Dibele,Sankuru,2,FALSE,recalibrated-deployed,4.96332e-4,2.54741e-4,8.25012e-4,4.69149e-4,288,255,313,4.96472e-4,0.142166,293,0.00269998,NA,NA,NA,NA,NA,NA,0.545689,0.00381438,266,0.621622,0.156371,0,0.859073,0,Bayes-M14-fill-geo
Ndjili,Kinshasa,2,FALSE,recalibrated-deployed,4.81267e-4,1.092e-4,0.00113872,3.93832e-4,309,180,378,4.8144e-4,0.137861,294,0.00261802,NA,NA,NA,NA,NA,NA,0.0649936,4.40517e-4,413,0.027027,0.104247,0,0.0637066,0,Bayes-M14-fill-geo
Luambo,Kasaï-Central,2,FALSE,recalibrated-deployed,4.72139e-4,2.30578e-4,8.0678e-4,4.44039e-4,291,283,298,4.72267e-4,0.135234,295,0.00256837,NA,NA,NA,NA,NA,NA,0.502574,0.00334177,277,0.534749,0.565637,0,0.407336,0,Bayes-M14-fill-geo
Kole,Sankuru,2,FALSE,recalibrated-deployed,4.71906e-4,2.40641e-4,7.85686e-4,4.4588e-4,293,265,320,4.72032e-4,0.135167,296,0.0025671,NA,NA,NA,NA,NA,NA,0.640283,0.00425534,250,0.776062,0.260618,0,0.88417,0,Bayes-M14-fill-geo
Wikong,Lomami,2,FALSE,recalibrated-deployed,4.68701e-4,2.37818e-4,7.87005e-4,4.4239e-4,295,265,324,4.68825e-4,0.134249,297,0.00254967,NA,NA,NA,NA,NA,NA,0.488417,0.00322398,280,0.252896,0.42278,0,0.789575,0,Bayes-M14-fill-geo
Maluku 2,Kinshasa,2,FALSE,recalibrated-deployed,4.66856e-4,2.06773e-4,8.43023e-4,4.31901e-4,294,276.95,309,4.66985e-4,0.133722,298,0.00253963,NA,NA,NA,NA,NA,NA,0.557915,0.00366823,273,0.683398,0.546332,0,0.444015,0,Bayes-M14-fill-geo
Djalo Ndjeka,Sankuru,2,FALSE,recalibrated-deployed,4.64717e-4,2.5239e-4,7.45203e-4,4.44215e-4,295,259,326,4.64837e-4,0.133107,299,0.002528,NA,NA,NA,NA,NA,NA,0.45045,0.0029481,294,0.359073,0.0694981,0,0.92278,0,Bayes-M14-fill-geo
Kakenge,Kasaï,2,FALSE,recalibrated-deployed,4.6458e-4,2.36024e-4,7.728e-4,4.39477e-4,296,268,322,4.64702e-4,0.133068,300,0.00252725,NA,NA,NA,NA,NA,NA,0.60296,0.00394508,262,0.57529,0.478764,0,0.754826,0,Bayes-M14-fill-geo
Kampemba,Haut-Katanga,2,FALSE,recalibrated-deployed,4.57245e-4,1.41859e-4,9.7003e-4,3.99109e-4,305,222,352,4.57383e-4,0.130972,301,0.00248735,NA,NA,NA,NA,NA,NA,0.0707851,4.55824e-4,411,0.0598456,0.0366795,0,0.11583,0,Bayes-M14-fill-geo
Masina 2,Kinshasa,2,FALSE,recalibrated-deployed,4.53088e-4,1.06706e-4,0.00106145,3.74116e-4,313,195,381.05,4.53239e-4,0.129786,302,0.00246474,NA,NA,NA,NA,NA,NA,0.0353925,2.2584e-4,432,0.0173745,0.019305,0,0.0694981,0,Bayes-M14-fill-geo
Tshishimbi,Kasaï-Oriental,2,FALSE,recalibrated-deployed,4.49841e-4,2.24775e-4,7.59128e-4,4.24759e-4,297,274,309,4.49956e-4,0.128846,303,0.00244707,NA,NA,NA,NA,NA,NA,0.232304,0.00147171,362,0.179537,0.247104,0,0.27027,0,Bayes-M14-fill-geo
Miabi,Kasaï-Oriental,2,FALSE,recalibrated-deployed,4.41843e-4,2.14202e-4,7.57796e-4,4.13909e-4,300,275,314,4.41955e-4,0.126555,304,0.00240356,NA,NA,NA,NA,NA,NA,0.378378,0.00235451,320,0.22973,0.65251,0,0.252896,0,Bayes-M14-fill-geo
Mokala,Kwilu,2,FALSE,recalibrated-deployed,4.39527e-4,2.04247e-4,7.58343e-4,4.12571e-4,302,274,328.05,4.3964e-4,0.125892,305,0.00239097,NA,NA,NA,NA,NA,NA,0.682432,0.00422427,251,0.42278,0.671815,0,0.952703,0,Bayes-M14-fill-geo
Ilebo,Kasaï,2,FALSE,recalibrated-deployed,4.26927e-4,2.07985e-4,7.33186e-4,4.00492e-4,303,294,311,4.27031e-4,0.122281,306,0.00232242,NA,NA,NA,NA,NA,NA,0.418919,0.00251878,314,0.216216,0.6139,0,0.426641,0,Bayes-M14-fill-geo
Kinkondja,Haut-Lomami,2,FALSE,recalibrated-deployed,4.2618e-4,2.16547e-4,7.02715e-4,4.05253e-4,306,278,327,4.26283e-4,0.122067,307,0.00231836,NA,NA,NA,NA,NA,NA,0.651866,0.00391253,263,0.727799,0.627413,0,0.600386,0,Bayes-M14-fill-geo
Kasaji,Lualaba,2,FALSE,recalibrated-deployed,4.20881e-4,2.03988e-4,7.20644e-4,3.96344e-4,307,288,319,4.20982e-4,0.120549,308,0.00228953,NA,NA,NA,NA,NA,NA,0.619691,0.00367317,272,0.855212,0.492278,0,0.511583,0,Bayes-M14-fill-geo
Luozi,Kongo-Central,2,FALSE,recalibrated-deployed,4.18428e-4,1.7925e-4,7.56732e-4,3.84048e-4,308,290,324,4.18533e-4,0.119848,309,0.00227619,NA,NA,NA,NA,NA,NA,0.698842,0.00411819,257,0.735521,0.8861,0,0.474903,0,Bayes-M14-fill-geo
Loko,Nord-Ubangi,2,FALSE,recalibrated-deployed,4.16326e-4,2.68129e-4,5.97693e-4,4.06222e-4,303,244,356,4.16418e-4,0.119242,310,0.00226476,NA,NA,NA,NA,NA,NA,0.8713,0.00510867,229,0.940154,0.926641,0,0.747104,0,Bayes-M14-fill-geo
Kimvula,Kongo-Central,2,FALSE,recalibrated-deployed,4.12851e-4,1.83483e-4,7.29719e-4,3.83307e-4,309,288,327,4.12952e-4,0.11825,311,0.00224585,NA,NA,NA,NA,NA,NA,0.758687,0.00441126,247,0.862934,0.878378,0,0.534749,0,Bayes-M14-fill-geo
Fungurume,Lualaba,2,FALSE,recalibrated-deployed,4.05204e-4,1.58351e-4,7.63893e-4,3.69936e-4,314,269,338,4.05304e-4,0.116059,312,0.00220425,NA,NA,NA,NA,NA,NA,0.208494,0.0011898,375,0.266409,0.162162,0,0.196911,0,Bayes-M14-fill-geo
Pendjwa,Mai-Ndombe,2,FALSE,recalibrated-deployed,3.97344e-4,2.00791e-4,6.63418e-4,3.76194e-4,313,280,340,3.97434e-4,0.113806,313,0.0021615,NA,NA,NA,NA,NA,NA,0.575933,0.00322289,281,0.700772,0.212355,0,0.814672,0,Bayes-M14-fill-geo
Kungu,Sud-Ubangi,2,FALSE,recalibrated-deployed,3.97271e-4,2.66902e-4,5.57128e-4,3.8947e-4,308,240.95,371.05,3.97354e-4,0.113783,314,0.0021611,NA,NA,NA,NA,NA,NA,0.494852,0.00276866,302,0.374517,0.335907,0,0.774131,0,Bayes-M14-fill-geo
Libenge,Sud-Ubangi,2,FALSE,recalibrated-deployed,3.93083e-4,2.57744e-4,5.51183e-4,3.87371e-4,309,261.95,353,3.93165e-4,0.112583,315,0.00213832,NA,NA,NA,NA,NA,NA,0.509009,0.00281784,299,0.629344,0.359073,0,0.53861,0,Bayes-M14-fill-geo
Mikope,Kasaï,2,FALSE,recalibrated-deployed,3.91739e-4,1.8625e-4,6.66437e-4,3.69896e-4,313,288,338,3.91828e-4,0.112201,316,0.00213101,NA,NA,NA,NA,NA,NA,0.532819,0.00293956,295,0.677606,0.27027,0,0.650579,0,Bayes-M14-fill-geo
Mawuya,Sud-Ubangi,2,FALSE,recalibrated-deployed,3.85187e-4,2.66571e-4,5.24035e-4,3.80424e-4,309,266.95,353,3.85264e-4,0.110321,317,0.00209536,NA,NA,NA,NA,NA,NA,0.353925,0.00191995,337,0.444015,0.239382,0,0.378378,0,Bayes-M14-fill-geo
Mobayi Mbongo,Nord-Ubangi,2,FALSE,recalibrated-deployed,3.81707e-4,2.40932e-4,5.53484e-4,3.72846e-4,313,282,342,3.81785e-4,0.109325,318,0.00207643,NA,NA,NA,NA,NA,NA,0.727799,0.00391245,264,0.932432,0.816602,0,0.434363,0,Bayes-M14-fill-geo
Kenya,Haut-Katanga,2,FALSE,recalibrated-deployed,3.77945e-4,1.16284e-4,8.01204e-4,3.30299e-4,325,250.95,369,3.7804e-4,0.108252,319,0.00205597,NA,NA,NA,NA,NA,NA,0.0759331,4.04172e-4,418,0.110039,0.011583,0,0.106178,0,Bayes-M14-fill-geo
Bagata,Kwilu,2,FALSE,recalibrated-deployed,3.77932e-4,1.74235e-4,6.55998e-4,3.54445e-4,317,292,342,3.78016e-4,0.108246,320,0.0020559,NA,NA,NA,NA,NA,NA,0.684685,0.00364427,274,0.679537,0.694981,0,0.679537,0,Bayes-M14-fill-geo
Pweto,Haut-Katanga,2,FALSE,recalibrated-deployed,3.77605e-4,1.85623e-4,6.42302e-4,3.53028e-4,316,309,323,3.77686e-4,0.108151,321,0.00205412,NA,NA,NA,NA,NA,NA,0.469112,0.00249471,315,0.799228,0.258687,0,0.349421,0,Bayes-M14-fill-geo
Kilwa,Haut-Katanga,2,FALSE,recalibrated-deployed,3.67981e-4,1.73491e-4,6.35941e-4,3.44624e-4,320.5,315,325,3.68059e-4,0.105394,322,0.00200177,NA,NA,NA,NA,NA,NA,0.501931,0.00260121,309,0.749035,0.389961,0,0.366795,0,Bayes-M14-fill-geo
Boso Mondanda,Mongala,2,FALSE,recalibrated-deployed,3.62893e-4,2.07479e-4,5.58693e-4,3.51557e-4,320,280,356,3.62964e-4,0.103936,323,0.00197409,NA,NA,NA,NA,NA,NA,0.495495,0.00253235,313,0.586873,0.148649,0,0.750965,0,Bayes-M14-fill-geo
Monkoto,Tshuapa,2,FALSE,recalibrated-deployed,3.55792e-4,1.86701e-4,5.8157e-4,3.39195e-4,324,289,353,3.55862e-4,0.101902,324,0.00193546,NA,NA,NA,NA,NA,NA,0.746461,0.00374032,270,0.949807,0.405405,0,0.88417,0,Bayes-M14-fill-geo
Pay Kongila,Kwilu,2,FALSE,recalibrated-deployed,3.55614e-4,1.67704e-4,6.11496e-4,3.33899e-4,324,301,347,3.55688e-4,0.101852,325,0.00193449,NA,NA,NA,NA,NA,NA,0.598456,0.00299721,292,0.513514,0.646718,0,0.635135,0,Bayes-M14-fill-geo
Pania Mutombo,Sankuru,2,FALSE,recalibrated-deployed,3.53374e-4,1.91747e-4,5.64342e-4,3.38975e-4,324,287.95,355,3.53443e-4,0.101209,326,0.00192231,NA,NA,NA,NA,NA,NA,0.548906,0.00273174,303,0.741313,0.123552,0,0.781853,0,Bayes-M14-fill-geo
Feshi,Kwango,2,FALSE,recalibrated-deployed,3.48766e-4,1.63251e-4,5.9951e-4,3.281e-4,327,298,355,3.48836e-4,0.09989,327,0.00189724,NA,NA,NA,NA,NA,NA,0.677606,0.00332826,278,0.73166,0.542471,0,0.758687,0,Bayes-M14-fill-geo
Songa,Haut-Lomami,2,FALSE,recalibrated-deployed,3.4633e-4,1.8042e-4,5.66014e-4,3.30407e-4,327,300,348,3.46397e-4,0.0991915,328,0.00188399,NA,NA,NA,NA,NA,NA,0.630631,0.00307589,287,0.934363,0.353282,0,0.604247,0,Bayes-M14-fill-geo
Kikongo,Kwilu,2,FALSE,recalibrated-deployed,3.46271e-4,1.58445e-4,6.04022e-4,3.24637e-4,329,302,357,3.46342e-4,0.0991756,329,0.00188367,NA,NA,NA,NA,NA,NA,0.669884,0.0032668,279,0.696911,0.602317,0,0.710425,0,Bayes-M14-fill-geo
Mushenge,Kasaï,2,FALSE,recalibrated-deployed,3.45636e-4,1.68023e-4,5.84373e-4,3.25503e-4,329,302,353,3.45705e-4,0.0989933,330,0.00188021,NA,NA,NA,NA,NA,NA,0.430502,0.00209556,327,0.594595,0.0656371,0,0.631274,0,Bayes-M14-fill-geo
Kapanga,Lualaba,2,FALSE,recalibrated-deployed,3.44978e-4,1.63241e-4,6.03063e-4,3.22302e-4,328,319,336,3.45047e-4,0.0988049,331,0.00187663,NA,NA,NA,NA,NA,NA,0.548263,0.00266371,305,0.851351,0.393822,0,0.399614,0,Bayes-M14-fill-geo
Ngiri Ngiri,Kinshasa,2,FALSE,recalibrated-deployed,3.43387e-4,5.79718e-5,9.12058e-4,2.6215e-4,348,214,412,3.43488e-4,0.0983583,332,0.00186798,NA,NA,NA,NA,NA,NA,0.037323,1.80496e-4,435,0.015444,0.0675676,0,0.0289575,0,Bayes-M14-fill-geo
Dekese,Kasaï,2,FALSE,recalibrated-deployed,3.42504e-4,1.69646e-4,5.74702e-4,3.25014e-4,330,299,357,3.42571e-4,0.0980959,333,0.00186318,NA,NA,NA,NA,NA,NA,0.617761,0.00297984,293,0.918919,0.218147,0,0.716216,0,Bayes-M14-fill-geo
Sandoa,Lualaba,2,FALSE,recalibrated-deployed,3.36432e-4,1.62577e-4,5.72113e-4,3.17383e-4,333,309,351,3.36497e-4,0.0963565,334,0.00183014,NA,NA,NA,NA,NA,NA,0.738095,0.00349716,276,0.942085,0.681467,0,0.590734,0,Bayes-M14-fill-geo
Ingende,Equateur,2,FALSE,recalibrated-deployed,3.33531e-4,1.72871e-4,5.51842e-4,3.1704e-4,333,303,358,3.33594e-4,0.0955251,335,0.00181436,NA,NA,NA,NA,NA,NA,0.794723,0.003733,271,0.920849,0.857143,0,0.606178,0,Bayes-M14-fill-geo
Panzi,Kwango,2,FALSE,recalibrated-deployed,3.211e-4,1.4614e-4,5.61001e-4,3.00842e-4,338,310.95,365,3.2116e-4,0.0919649,336,0.00174674,NA,NA,NA,NA,NA,NA,0.698198,0.00315737,284,0.754826,0.583012,0,0.756757,0,Bayes-M14-fill-geo
Busanga,Tshuapa,2,FALSE,recalibrated-deployed,3.21047e-4,1.69471e-4,5.22272e-4,3.05494e-4,336,297,371,3.21105e-4,0.0919489,337,0.00174645,NA,NA,NA,NA,NA,NA,0.593629,0.00268405,304,0.660232,0.167954,0,0.952703,0,Bayes-M14-fill-geo
Bolenge,Equateur,2,FALSE,recalibrated-deployed,3.17324e-4,1.51187e-4,5.47606e-4,2.9811e-4,338,322,354,3.17382e-4,0.090883,338,0.0017262,NA,NA,NA,NA,NA,NA,0.71879,0.00321227,283,0.795367,0.851351,0,0.509653,0,Bayes-M14-fill-geo
Gbadolite,Nord-Ubangi,2,FALSE,recalibrated-deployed,3.12537e-4,1.97484e-4,4.53362e-4,3.06465e-4,335,304,368.05,3.12589e-4,0.0895105,339,0.00170016,NA,NA,NA,NA,NA,NA,0.69112,0.00304202,289,0.791506,0.965251,0,0.316602,0,Bayes-M14-fill-geo
Kalamba,Lualaba,2,FALSE,recalibrated-deployed,3.11347e-4,1.6182e-4,5.10918e-4,2.95359e-4,339,308,366,3.11401e-4,0.0891703,340,0.00169368,NA,NA,NA,NA,NA,NA,0.605534,0.00265515,306,0.880309,0.237452,0,0.698842,0,Bayes-M14-fill-geo
Dilala,Lualaba,2,FALSE,recalibrated-deployed,3.11035e-4,1.0697e-4,6.24411e-4,2.76515e-4,343,291.95,376,3.11097e-4,0.0890831,341,0.00169199,NA,NA,NA,NA,NA,NA,0.179537,7.86446e-4,391,0.150579,0.254826,0,0.133205,0,Bayes-M14-fill-geo
Inongo,Mai-Ndombe,2,FALSE,recalibrated-deployed,3.05376e-4,1.48212e-4,5.17962e-4,2.88707e-4,342,313,370,3.0543e-4,0.0874603,342,0.0016612,NA,NA,NA,NA,NA,NA,0.660232,0.00283947,298,0.764479,0.293436,0,0.92278,0,Bayes-M14-fill-geo
Sakania,Haut-Katanga,2,FALSE,recalibrated-deployed,2.96987e-4,1.00148e-4,6.01444e-4,2.63968e-4,346,300,381,2.97044e-4,0.0850591,343,0.00161557,NA,NA,NA,NA,NA,NA,0.370013,0.00154761,358,0.737452,0.235521,0,0.137066,0,Bayes-M14-fill-geo
Kayamba,Haut-Lomami,2,FALSE,recalibrated-deployed,2.956e-4,1.59582e-4,4.72985e-4,2.83442e-4,343,315,369,2.95649e-4,0.0846596,344,0.00160802,NA,NA,NA,NA,NA,NA,0.570142,0.00237353,318,0.702703,0.418919,0,0.588803,0,Bayes-M14-fill-geo
Boto,Sud-Ubangi,2,FALSE,recalibrated-deployed,2.95381e-4,1.96856e-4,4.12656e-4,2.90609e-4,341,289,388,2.95427e-4,0.084596,345,0.00160683,NA,NA,NA,NA,NA,NA,0.479408,0.00199432,335,0.328185,0.517375,0,0.592664,0,Bayes-M14-fill-geo
Kimbao,Kwango,2,FALSE,recalibrated-deployed,2.90845e-4,1.35015e-4,5.02568e-4,2.72988e-4,346,320,375,2.90894e-4,0.0832981,346,0.00158216,NA,NA,NA,NA,NA,NA,0.765766,0.00313663,285,0.720077,0.718147,0,0.859073,0,Bayes-M14-fill-geo
Bangabola,Sud-Ubangi,2,FALSE,recalibrated-deployed,2.89483e-4,1.954e-4,4.05082e-4,2.84225e-4,343,276,401,2.89527e-4,0.0829065,347,0.00157475,NA,NA,NA,NA,NA,NA,0.520592,0.0021224,326,0.353282,0.349421,0,0.859073,0,Bayes-M14-fill-geo
Kingasani,Kinshasa,2,FALSE,recalibrated-deployed,2.88064e-4,6.57091e-5,6.95042e-4,2.32425e-4,364,266.95,405,2.88127e-4,0.0825057,348,0.00156703,NA,NA,NA,NA,NA,NA,0.0392535,1.59248e-4,439,0.00579151,0.0405405,0,0.0714286,0,Bayes-M14-fill-geo
Ruashi,Haut-Katanga,2,FALSE,recalibrated-deployed,2.8722e-4,9.03645e-5,6.03212e-4,2.50811e-4,351,297,388,2.87274e-4,0.0822615,349,0.00156244,NA,NA,NA,NA,NA,NA,0.0939511,3.80035e-4,419,0.0984556,0.0637066,0,0.119691,0,Bayes-M14-fill-geo
Kisantu,Kongo-Central,2,FALSE,recalibrated-deployed,2.83848e-4,9.57977e-5,5.81453e-4,2.50628e-4,354,315,379,2.839e-4,0.0812952,350,0.00154409,NA,NA,NA,NA,NA,NA,0.557272,0.00222771,322,0.503861,0.990347,0,0.17760600000000001,0,Bayes-M14-fill-geo
Police,Kinshasa,2,FALSE,recalibrated-deployed,2.83451e-4,6.62632e-5,6.64464e-4,2.33713e-4,364,271.95,405,2.8351e-4,0.0811838,351,0.00154194,NA,NA,NA,NA,NA,NA,0.0637066,2.54313e-4,429,0.046332,0.0772201,0,0.0675676,0,Bayes-M14-fill-geo
Kimpese,Kongo-Central,2,FALSE,recalibrated-deployed,2.80405e-4,1.01404e-4,5.51672e-4,2.50945e-4,355,325,370,2.80454e-4,0.0803085,352,0.00152536,NA,NA,NA,NA,NA,NA,0.659588,0.00260474,308,0.789575,0.976834,0,0.212355,0,Bayes-M14-fill-geo
Popokabaka,Kwango,2,FALSE,recalibrated-deployed,2.77594e-4,1.21619e-4,4.91512e-4,2.57375e-4,352.5,329,378,2.7764e-4,0.0795026,353,0.00151007,NA,NA,NA,NA,NA,NA,0.734234,0.00287046,296,0.77027,0.787645,0,0.644788,0,Bayes-M14-fill-geo
Kambove,Haut-Katanga,2,FALSE,recalibrated-deployed,2.7699e-4,1.01984e-4,5.40382e-4,2.49549e-4,353,322,377,2.77038e-4,0.0793302,354,0.00150679,NA,NA,NA,NA,NA,NA,0.407979,0.00159151,352,0.42471,0.623552,0,0.175676,0,Bayes-M14-fill-geo
Mutena,Kasaï,2,FALSE,recalibrated-deployed,2.76707e-4,1.37162e-4,4.67388e-4,2.61381e-4,349,330,370,2.7675e-4,0.079248,355,0.00150525,NA,NA,NA,NA,NA,NA,0.311454,0.00121373,373,0.333977,0.0752896,0,0.525097,0,Bayes-M14-fill-geo
Gombe Matadi,Kongo-Central,2,FALSE,recalibrated-deployed,2.76526e-4,9.38013e-5,5.60625e-4,2.44868e-4,358,321,381,2.76575e-4,0.0791977,356,0.00150426,NA,NA,NA,NA,NA,NA,0.553411,0.00215521,324,0.69112,0.785714,0,0.183398,0,Bayes-M14-fill-geo
Nyanga,Kasaï,2,FALSE,recalibrated-deployed,2.75304e-4,1.29529e-4,4.74196e-4,2.57282e-4,351,329,377,2.75348e-4,0.0788464,357,0.00149761,NA,NA,NA,NA,NA,NA,0.463964,0.00179888,343,0.440154,0.380309,0,0.571429,0,Bayes-M14-fill-geo
Bobozo,Kasaï-Central,2,FALSE,recalibrated-deployed,2.74385e-4,1.46033e-4,4.48714e-4,2.61807e-4,350,331,370,2.74427e-4,0.0785828,358,0.00149262,NA,NA,NA,NA,NA,NA,0.311454,0.00120354,374,0.160232,0.285714,0,0.488417,0,Bayes-M14-fill-geo
Kapolowe,Haut-Katanga,2,FALSE,recalibrated-deployed,2.72514e-4,1.07361e-4,5.11214e-4,2.4921e-4,355,333,369,2.72559e-4,0.0780478,359,0.00148244,NA,NA,NA,NA,NA,NA,0.403475,0.0015485,357,0.557915,0.444015,0,0.208494,0,Bayes-M14-fill-geo
Sia,Kwilu,2,FALSE,recalibrated-deployed,2.68754e-4,1.22261e-4,4.71832e-4,2.50951e-4,356,327,384,2.68797e-4,0.0769704,360,0.00146199,NA,NA,NA,NA,NA,NA,0.531532,0.00201183,334,0.415058,0.382239,0,0.797297,0,Bayes-M14-fill-geo
Bena Tshadi,Kasaï-Central,2,FALSE,recalibrated-deployed,2.67741e-4,1.34398e-4,4.48944e-4,2.52643e-4,354,324,385,2.67781e-4,0.0766797,361,0.00145647,NA,NA,NA,NA,NA,NA,0.629344,0.00237306,319,0.669884,0.378378,0,0.839768,0,Bayes-M14-fill-geo
Lubudi,Lualaba,2,FALSE,recalibrated-deployed,2.61111e-4,1.30612e-4,4.38985e-4,2.46861e-4,358,337,375,2.61149e-4,0.0747806,362,0.00142041,NA,NA,NA,NA,NA,NA,0.622265,0.00228827,321,0.915058,0.46139,0,0.490347,0,Bayes-M14-fill-geo
Mitwaba,Haut-Katanga,2,FALSE,recalibrated-deployed,2.59408e-4,1.30476e-4,4.34767e-4,2.45396e-4,360,334,380,2.59446e-4,0.0742928,363,0.00141114,NA,NA,NA,NA,NA,NA,0.470399,0.00171852,345,0.801158,0.0617761,0,0.548263,0,Bayes-M14-fill-geo
Kahemba,Kwango,2,FALSE,recalibrated-deployed,2.56458e-4,1.17912e-4,4.4755e-4,2.39479e-4,362,340.95,379,2.56496e-4,0.0734482,364,0.0013951,NA,NA,NA,NA,NA,NA,0.715573,0.0025845,312,0.895753,0.727799,0,0.523166,0,Bayes-M14-fill-geo
Bandundu,Kwilu,2,FALSE,recalibrated-deployed,2.56012e-4,1.0056e-4,4.84272e-4,2.31174e-4,364,344,371,2.56052e-4,0.0733209,365,0.00139267,NA,NA,NA,NA,NA,NA,0.44852,0.00161714,350,0.343629,0.750965,0,0.250965,0,Bayes-M14-fill-geo
Kisenso,Kinshasa,2,FALSE,recalibrated-deployed,2.50114e-4,5.41169e-5,5.945e-4,2.02955e-4,379,284,414,2.50162e-4,0.0716343,366,0.00136059,NA,NA,NA,NA,NA,NA,0.0785071,2.76537e-4,427,0.0366795,0.138996,0,0.0598456,0,Bayes-M14-fill-geo
Bikoro,Equateur,2,FALSE,recalibrated-deployed,2.49912e-4,1.23467e-4,4.22128e-4,2.35951e-4,365,331,389,2.49948e-4,0.071573,367,0.00135949,NA,NA,NA,NA,NA,NA,0.793436,0.00279258,300,0.812741,0.814672,0,0.752896,0,Bayes-M14-fill-geo
Kamalondo,Haut-Katanga,2,FALSE,recalibrated-deployed,2.49285e-4,7.80565e-5,5.26544e-4,2.18436e-4,370,317,396,2.49325e-4,0.0713948,368,0.00135607,NA,NA,NA,NA,NA,NA,0.0469755,1.6492e-4,438,0.0289575,0.0019305,0,0.110039,0,Bayes-M14-fill-geo
Kipushi,Haut-Katanga,2,FALSE,recalibrated-deployed,2.48581e-4,7.72215e-5,5.26759e-4,2.17706e-4,371,316,398,2.48622e-4,0.0711933,369,0.00135225,NA,NA,NA,NA,NA,NA,0.162162,5.67707e-4,404,0.27027,0.108108,0,0.108108,0,Bayes-M14-fill-geo
Matadi,Kongo-Central,2,FALSE,recalibrated-deployed,2.45819e-4,5.77252e-5,5.80265e-4,2.0166e-4,378,296.95,408,2.45863e-4,0.0704034,370,0.00133722,NA,NA,NA,NA,NA,NA,0.391892,0.00135671,366,0.156371,0.944015,0,0.0752896,0,Bayes-M14-fill-geo
Bokonzi,Sud-Ubangi,2,FALSE,recalibrated-deployed,2.4484e-4,1.66422e-4,3.3789e-4,2.40293e-4,361,317,399,2.44871e-4,0.0701194,371,0.0013319,NA,NA,NA,NA,NA,NA,0.314672,0.00108504,378,0.430502,0.0830116,0,0.430502,0,Bayes-M14-fill-geo
Wema,Tshuapa,2,FALSE,recalibrated-deployed,2.44776e-4,1.28845e-4,4.00073e-4,2.3366e-4,366,328,392,2.4481e-4,0.0701018,372,0.00133155,NA,NA,NA,NA,NA,NA,0.595882,0.00205417,330,0.849421,0.133205,0,0.805019,0,Bayes-M14-fill-geo
Oshwe,Mai-Ndombe,2,FALSE,recalibrated-deployed,2.40614e-4,1.0751e-4,0.00042218000000000003,2.24672e-4,369,338,390,2.40648e-4,0.0689101,373,0.00130891,NA,NA,NA,NA,NA,NA,0.647362,0.00219369,323,0.876448,0.330116,0,0.735521,0,Bayes-M14-fill-geo
Kafubu,Haut-Katanga,2,FALSE,recalibrated-deployed,2.40036e-4,8.49264e-5,4.76836e-4,2.15785e-4,373,336,391,2.40073e-4,0.0687453,374,0.00130577,NA,NA,NA,NA,NA,NA,0.280566,9.4846e-4,383,0.604247,0.0868726,0,0.150579,0,Bayes-M14-fill-geo
Mbanza Ngungu,Kongo-Central,2,FALSE,recalibrated-deployed,2.38148e-4,8.18049e-5,4.82808e-4,2.10712e-4,375,339,390,2.38184e-4,0.0682044,375,0.00129549,NA,NA,NA,NA,NA,NA,0.494852,0.00165969,347,0.320463,0.974903,0,0.189189,0,Bayes-M14-fill-geo
Wamba Lwadi,Kwango,2,FALSE,recalibrated-deployed,2.37565e-4,1.05146e-4,4.23839e-4,2.20279e-4,371,340,393,2.37599e-4,0.0680369,376,0.00129232,NA,NA,NA,NA,NA,NA,0.732304,0.00245008,316,0.646718,0.818533,0,0.73166,0,Bayes-M14-fill-geo
Bolobo,Mai-Ndombe,2,FALSE,recalibrated-deployed,2.36228e-4,8.92115e-5,4.53872e-4,2.13327e-4,373,349,384,2.36262e-4,0.0676541,377,0.00128505,NA,NA,NA,NA,NA,NA,0.451737,0.00150288,360,0.631274,0.498069,0,0.225869,0,Bayes-M14-fill-geo
Ndesha,Kasaï-Central,2,FALSE,recalibrated-deployed,2.33055e-4,1.21202e-4,3.84696e-4,2.20688e-4,370,348,384,2.33086e-4,0.0667445,378,0.00126779,NA,NA,NA,NA,NA,NA,0.30888,0.00101381,382,0.144788,0.34556,0,0.436293,0,Bayes-M14-fill-geo
Kisanga,Haut-Katanga,2,FALSE,recalibrated-deployed,2.25698e-4,6.76557e-5,4.86709e-4,1.94605e-4,381,329,403,2.25732e-4,0.0646388,379,0.00122777,NA,NA,NA,NA,NA,NA,0.144144,4.58174e-4,410,0.129344,0.200772,0,0.102317,0,Bayes-M14-fill-geo
Nioki,Mai-Ndombe,2,FALSE,recalibrated-deployed,2.24701e-4,9.84745e-5,4.01769e-4,2.07227e-4,378,350,391,2.24731e-4,0.0643521,380,0.00122234,NA,NA,NA,NA,NA,NA,0.518662,0.00164133,348,0.610039,0.395753,0,0.550193,0,Bayes-M14-fill-geo
Kingandu,Kwilu,2,FALSE,recalibrated-deployed,0.00022186300000000001,1.05064e-4,3.82227e-4,2.08071e-4,378,346.95,394,2.21892e-4,0.0635391,381,0.0012069,NA,NA,NA,NA,NA,NA,0.656371,0.00205088,331,0.716216,0.658301,0,0.594595,0,Bayes-M14-fill-geo
Kwilu Ngongo,Kongo-Central,2,FALSE,recalibrated-deployed,2.1521e-4,7.62502e-5,4.28899e-4,1.92391e-4,383,355,394,2.15239e-4,0.0616341,382,0.00117071,NA,NA,NA,NA,NA,NA,0.516731,0.00156615,356,0.488417,0.866795,0,0.194981,0,Bayes-M14-fill-geo
Makala,Kinshasa,2,FALSE,recalibrated-deployed,2.1315e-4,3.91096e-5,5.4866e-4,1.65635e-4,397,295,423,2.13187e-4,0.0610466,383,0.00115951,NA,NA,NA,NA,NA,NA,0.0328185,9.85169e-5,443,0.011583,0.03861,0,0.0482625,0,Bayes-M14-fill-geo
Kalamu 2,Kinshasa,2,FALSE,recalibrated-deployed,2.11351e-4,3.7622e-5,5.47418e-4,1.64034e-4,399,294.95,424,2.11388e-4,0.0605313,384,0.00114972,NA,NA,NA,NA,NA,NA,0.0199485,5.93774e-5,448,0.003861,0.015444,0,0.0405405,0,Bayes-M14-fill-geo
Kwamouth,Mai-Ndombe,2,FALSE,recalibrated-deployed,2.0881e-4,9.29471e-5,3.73407e-4,1.93939e-4,382.5,365,390,2.08836e-4,0.0598005,385,0.0011359,NA,NA,NA,NA,NA,NA,0.573359,0.0016861,346,0.870656,0.416988,0,0.432432,0,Bayes-M14-fill-geo
Likasi,Haut-Katanga,2,FALSE,recalibrated-deployed,2.07314e-4,7.38698e-5,4.12103e-4,1.85686e-4,386,352,398,2.07341e-4,0.0593724,386,0.00112776,NA,NA,NA,NA,NA,NA,0.230373,6.72614e-4,397,0.111969,0.420849,0,0.158301,0,Bayes-M14-fill-geo
Mangembo,Kongo-Central,2,FALSE,recalibrated-deployed,2.0697e-4,8.06179e-5,3.91922e-4,1.86652e-4,385,371,391,2.06996e-4,0.0592736,387,0.00112589,NA,NA,NA,NA,NA,NA,0.496782,0.00144803,363,0.559846,0.664093,0,0.266409,0,Bayes-M14-fill-geo
Banga Lubaka,Kasaï,2,FALSE,recalibrated-deployed,2.04923e-4,9.96104e-5,3.47241e-4,1.93697e-4,384,347.95,405,2.04947e-4,0.0586871,388,0.00111475,NA,NA,NA,NA,NA,NA,0.427284,0.00123315,371,0.517375,0.044401500000000003,0,0.720077,0,Bayes-M14-fill-geo
Boko Kivulu,Kongo-Central,2,FALSE,recalibrated-deployed,1.97555e-4,7.02408e-5,3.92515e-4,1.76858e-4,391,364,399,1.9758e-4,0.0565774,389,0.00107467,NA,NA,NA,NA,NA,NA,0.570785,0.00158806,353,0.579151,0.932432,0,0.200772,0,Bayes-M14-fill-geo
Lotumbe,Equateur,2,FALSE,recalibrated-deployed,1.956e-4,1.02527e-4,3.2186e-4,1.85937e-4,388,349,410,1.95621e-4,0.0560166,390,0.00106404,NA,NA,NA,NA,NA,NA,0.775418,0.00213605,325,0.969112,0.708494,0,0.648649,0,Bayes-M14-fill-geo
Kisanji,Kwango,2,FALSE,recalibrated-deployed,1.95436e-4,9.24323e-5,3.35961e-4,1.83545e-4,389,353,409,1.95458e-4,0.0559698,391,0.00106314,NA,NA,NA,NA,NA,NA,0.743243,0.0020457,332,0.841699,0.65444,0,0.733591,0,Bayes-M14-fill-geo
Mampoko,Equateur,2,FALSE,recalibrated-deployed,1.9485e-4,1.11819e-4,2.99665e-4,1.88764e-4,386,343,414,1.9487e-4,0.0558015,392,0.00105996,NA,NA,NA,NA,NA,NA,0.684685,0.00187887,341,0.891892,0.505792,0,0.656371,0,Bayes-M14-fill-geo
Banzow Moke,Mai-Ndombe,2,FALSE,recalibrated-deployed,1.94088e-4,8.73907e-5,3.45925e-4,1.79858e-4,390,353,412,1.9411e-4,0.0555839,393,0.00105581,NA,NA,NA,NA,NA,NA,0.698198,0.00190846,338,0.689189,0.521236,0,0.88417,0,Bayes-M14-fill-geo
Nsona Mpangu,Kongo-Central,2,FALSE,recalibrated-deployed,1.91156e-4,6.48756e-5,3.88708e-4,1.69606e-4,395,363,402,1.91179e-4,0.0547445,394,0.00103986,NA,NA,NA,NA,NA,NA,0.555341,0.00149504,361,0.722008,0.764479,0,0.179537,0,Bayes-M14-fill-geo
Bosobe,Mai-Ndombe,2,FALSE,recalibrated-deployed,1.9083e-4,8.32961e-5,3.41984e-4,1.76953e-4,392,357,413,1.90851e-4,0.0546506,395,0.00103809,NA,NA,NA,NA,NA,NA,0.587516,0.00157896,355,0.494208,0.409266,0,0.859073,0,Bayes-M14-fill-geo
Lukolela,Equateur,2,FALSE,recalibrated-deployed,1.90377e-4,8.40654e-5,3.39801e-4,1.76445e-4,391,371,398,1.90398e-4,0.0545208,396,0.00103562,NA,NA,NA,NA,NA,NA,0.771557,0.00206865,328,0.944015,0.915058,0,0.455598,0,Bayes-M14-fill-geo
Mushie,Mai-Ndombe,2,FALSE,recalibrated-deployed,1.87708e-4,8.49949e-5,3.31532e-4,1.74906e-4,393,362,407,1.87729e-4,0.0537565,397,0.00102111,NA,NA,NA,NA,NA,NA,0.572072,0.00151231,359,0.739382,0.364865,0,0.611969,0,Bayes-M14-fill-geo
Ntandembelo,Mai-Ndombe,2,FALSE,recalibrated-deployed,1.83941e-4,8.18683e-5,3.28983e-4,1.70525e-4,397,360,414,1.83961e-4,0.0526776,398,0.00100061,NA,NA,NA,NA,NA,NA,0.612613,0.00158698,354,0.602317,0.46332,0,0.772201,0,Bayes-M14-fill-geo
Irebu,Equateur,2,FALSE,recalibrated-deployed,1.82622e-4,8.23984e-5,3.2176e-4,1.69529e-4,396,366,409,1.82641e-4,0.0522997,399,9.93436e-4,NA,NA,NA,NA,NA,NA,0.72973,0.00187681,342,0.930502,0.677606,0,0.581081,0,Bayes-M14-fill-geo
Kiri,Mai-Ndombe,2,FALSE,recalibrated-deployed,1.78403e-4,8.47509e-5,3.06794e-4,1.67905e-4,399,360,417,1.78421e-4,0.0510913,400,9.70487e-4,NA,NA,NA,NA,NA,NA,0.758044,0.00190459,339,0.874517,0.476834,0,0.92278,0,Bayes-M14-fill-geo
Ntondo,Equateur,2,FALSE,recalibrated-deployed,1.76981e-4,7.96678e-5,3.13134e-4,1.65143e-4,399,363,417,1.77e-4,0.0506842,401,9.62753e-4,NA,NA,NA,NA,NA,NA,0.816602,0.00203537,333,0.899614,0.725869,0,0.824324,0,Bayes-M14-fill-geo
Lukafu,Haut-Katanga,2,FALSE,recalibrated-deployed,1.70339e-4,8.03501e-5,2.95645e-4,1.59819e-4,400,384,403,1.70356e-4,0.0487817,402,9.26622e-4,NA,NA,NA,NA,NA,NA,0.535393,0.00128438,368,0.888031,0.324324,0,0.393822,0,Bayes-M14-fill-geo
Monieka,Equateur,2,FALSE,recalibrated-deployed,1.68764e-4,9.13734e-5,2.72065e-4,1.61504e-4,400,357,420,1.6878e-4,0.0483303,403,9.18051e-4,NA,NA,NA,NA,NA,NA,0.794723,0.00188887,340,0.976834,0.733591,0,0.673745,0,Bayes-M14-fill-geo
Biyela,Kinshasa,2,FALSE,recalibrated-deployed,1.66832e-4,4.19664e-5,3.849e-4,1.3874e-4,405,350,421,1.66852e-4,0.0477784,404,9.07543e-4,NA,NA,NA,NA,NA,NA,0.143501,3.37163e-4,423,0.0637066,0.283784,0,0.0830116,0,Bayes-M14-fill-geo
Mwela Lembwa,Kwango,2,FALSE,recalibrated-deployed,1.6302e-4,7.19445e-5,2.91535e-4,1.51045e-4,404,370,421,1.63036e-4,0.0466856,405,8.86805e-4,NA,NA,NA,NA,NA,NA,0.586229,0.0013459,367,0.650579,0.322394,0,0.785714,0,Bayes-M14-fill-geo
Massa,Kongo-Central,2,FALSE,recalibrated-deployed,1.54028e-4,4.41303e-5,3.39403e-4,1.32475e-4,407,372,419,1.54044e-4,0.0441109,406,8.37893e-4,NA,NA,NA,NA,NA,NA,0.563063,0.00122142,372,0.667954,0.920849,0,0.100386,0,Bayes-M14-fill-geo
Ngidinga,Kongo-Central,2,FALSE,recalibrated-deployed,1.47545e-4,6.11498e-5,2.73985e-4,1.3484e-4,407,394,417,1.47558e-4,0.0422536,407,8.02625e-4,NA,NA,NA,NA,NA,NA,0.598456,0.00124355,370,0.65444,0.743243,0,0.397683,0,Bayes-M14-fill-geo
Yumbi,Mai-Ndombe,2,FALSE,recalibrated-deployed,1.45142e-4,5.87097e-5,2.71898e-4,1.31152e-4,407,401,412,1.45155e-4,0.0415653,408,7.89551e-4,NA,NA,NA,NA,NA,NA,0.365508,7.4713e-4,392,0.413127,0.401544,0,0.281853,0,Bayes-M14-fill-geo
Lukula,Kongo-Central,2,FALSE,recalibrated-deployed,1.439e-4,4.67703e-5,2.98742e-4,1.26639e-4,409,390,415,1.43914e-4,0.0412099,409,7.82797e-4,NA,NA,NA,NA,NA,NA,0.524453,0.00106286,380,0.528958,0.874517,0,0.169884,0,Bayes-M14-fill-geo
Kinda,Haut-Lomami,2,FALSE,recalibrated-deployed,1.43128e-4,7.34182e-5,2.34685e-4,1.36345e-4,407,376,423,1.4314e-4,0.0409884,410,7.78598e-4,NA,NA,NA,NA,NA,NA,0.676963,0.00136457,365,0.988417,0.426641,0,0.61583,0,Bayes-M14-fill-geo
Panda,Haut-Katanga,2,FALSE,recalibrated-deployed,1.4034e-4,5.09635e-5,2.74903e-4,1.26267e-4,410,393.95,413,1.40352e-4,0.0401901,411,7.63428e-4,NA,NA,NA,NA,NA,NA,0.27027,5.34177e-4,407,0.162162,0.482625,0,0.166023,0,Bayes-M14-fill-geo
Mimia,Mai-Ndombe,2,FALSE,recalibrated-deployed,1.39655e-4,6.5498e-5,2.40509e-4,1.31277e-4,410,382.95,424.05,1.39666e-4,0.0399937,412,7.59704e-4,NA,NA,NA,NA,NA,NA,0.645431,0.00126944,369,0.96139,0.0521236,0,0.92278,0,Bayes-M14-fill-geo
Kanzenze,Lualaba,2,FALSE,recalibrated-deployed,1.37414e-4,5.1793e-5,2.65962e-4,1.2441e-4,410,397,414,1.37425e-4,0.039352,413,7.4751e-4,NA,NA,NA,NA,NA,NA,0.318533,6.16439e-4,401,0.625483,0.142857,0,0.187259,0,Bayes-M14-fill-geo
Seke Banza,Kongo-Central,2,FALSE,recalibrated-deployed,1.3557e-4,4.9827e-5,2.66592e-4,1.21793e-4,412,404,416,1.35581e-4,0.0388239,414,7.3748e-4,NA,NA,NA,NA,NA,NA,0.601673,0.00114876,376,0.635135,0.949807,0,0.220077,0,Bayes-M14-fill-geo
Kikula,Haut-Katanga,2,FALSE,recalibrated-deployed,1.31182e-4,4.71674e-5,2.5898e-4,1.17776e-4,414,399,416,1.31193e-4,0.0375674,415,7.13614e-4,NA,NA,NA,NA,NA,NA,0.12677,2.34206e-4,431,0.106178,0.1139,0,0.160232,0,Bayes-M14-fill-geo
Kasenga,Haut-Katanga,2,FALSE,recalibrated-deployed,1.2535e-4,4.29929e-5,2.51748e-4,1.11713e-4,416,399,421,1.2536e-4,0.0358972,416,6.81889e-4,NA,NA,NA,NA,NA,NA,0.527027,9.3039e-4,384,0.816602,0.625483,0,0.138996,0,Bayes-M14-fill-geo
Bumbu,Kinshasa,2,FALSE,recalibrated-deployed,1.15692e-4,1.97589e-5,3.05962e-4,8.8503e-5,426,371.95,439.05,1.15704e-4,0.033132,417,6.2935e-4,NA,NA,NA,NA,NA,NA,0.021879,3.56483e-5,451,0.0019305,0.0289575,0,0.034749,0,Bayes-M14-fill-geo
Ngaba,Kinshasa,2,FALSE,recalibrated-deployed,1.15401e-4,2.17121e-5,2.95211e-4,8.97662e-5,423,378,437,1.15412e-4,0.0330483,418,6.27764e-4,NA,NA,NA,NA,NA,NA,0.0186615,3.03293e-5,452,0,0.00579151,0,0.0501931,0,Bayes-M14-fill-geo
Kimbanseke,Kinshasa,2,FALSE,recalibrated-deployed,1.14384e-4,2.70857e-5,2.7018e-4,9.36912e-5,421,387,432,1.14394e-4,0.0327568,419,6.22233e-4,NA,NA,NA,NA,NA,NA,0.0701416,1.12992e-4,442,0.0521236,0.0849421,0,0.0733591,0,Bayes-M14-fill-geo
Sona Bata,Kongo-Central,2,FALSE,recalibrated-deployed,1.12619e-4,4.08701e-5,2.20736e-4,1.01441e-4,420,415,422,1.12627e-4,0.0322509,420,6.12631e-4,NA,NA,NA,NA,NA,NA,0.573359,9.09378e-4,385,0.725869,0.789575,0,0.204633,0,Bayes-M14-fill-geo
Boma,Kongo-Central,2,FALSE,recalibrated-deployed,1.09697e-4,2.71621e-5,2.58935e-4,9.09563e-5,423,396.95,431,1.09706e-4,0.0314145,421,5.96737e-4,NA,NA,NA,NA,NA,NA,0.386744,5.97483e-4,403,0.146718,0.92471,0,0.0888031,0,Bayes-M14-fill-geo
Kajiji,Kwango,2,FALSE,recalibrated-deployed,1.06539e-4,4.79308e-5,1.88284e-4,9.88268e-5,420,404,429,1.06546e-4,0.0305096,422,5.79558e-4,NA,NA,NA,NA,NA,NA,0.471042,7.06766e-4,396,0.793436,0.15444,0,0.465251,0,Bayes-M14-fill-geo
Inga,Kongo-Central,2,FALSE,recalibrated-deployed,1.02588e-4,3.53663e-5,2.07655e-4,9.12987e-5,423,419,426,1.02594e-4,0.0293781,423,5.58063e-4,NA,NA,NA,NA,NA,NA,0.51287,7.40984e-4,393,0.521236,0.824324,0,0.19305,0,Bayes-M14-fill-geo
Baka,Haut-Lomami,2,FALSE,recalibrated-deployed,1.01457e-4,5.0712e-5,1.70864e-4,9.57232e-5,420,406,429,1.01462e-4,0.029054,424,5.5191e-4,NA,NA,NA,NA,NA,NA,0.575933,8.22922e-4,389,0.434363,0.891892,0,0.401544,0,Bayes-M14-fill-geo
Bomongo,Equateur,2,FALSE,recalibrated-deployed,9.99363e-5,5.8573e-5,1.52216e-4,9.68948e-5,421,396,435,9.99417e-5,0.0286185,425,5.43639e-4,NA,NA,NA,NA,NA,NA,0.787645,0.00110856,377,0.978764,0.84749,0,0.53668,0,Bayes-M14-fill-geo
Kamonia,Kasaï,2,FALSE,recalibrated-deployed,9.79258e-5,2.62216e-5,2.17311e-4,8.33851e-5,427,403,433,9.79325e-5,0.0280432,426,5.32703e-4,NA,NA,NA,NA,NA,NA,0.186615,2.57366e-4,428,0.370656,0.110039,0,0.0791506,0,Bayes-M14-fill-geo
Kitenda,Kwango,2,FALSE,recalibrated-deployed,9.30351e-5,3.9789e-5,1.68985e-4,8.57907e-5,426,413,433,9.30402e-5,0.0266422,427,5.06098e-4,NA,NA,NA,NA,NA,NA,0.501287,6.5681e-4,398,0.664093,0.42471,0,0.415058,0,Bayes-M14-fill-geo
Zongo,Sud-Ubangi,2,FALSE,recalibrated-deployed,9.29678e-5,5.5862e-5,1.38389e-4,9.03574e-5,423,405,434,9.29724e-5,0.0266228,428,5.05732e-4,NA,NA,NA,NA,NA,NA,0.322394,4.2211e-4,416,0.277992,0.413127,0,0.276062,0,Bayes-M14-fill-geo
Bunkeya,Lualaba,2,FALSE,recalibrated-deployed,9.16649e-5,4.21855e-5,1.61018e-4,8.52878e-5,427,414,432,9.16698e-5,0.0262498,429,4.98645e-4,NA,NA,NA,NA,NA,NA,0.56242,7.26056e-4,394,0.824324,0.501931,0,0.361004,0,Bayes-M14-fill-geo
Kangu,Kongo-Central,2,FALSE,recalibrated-deployed,8.56714e-5,2.67572e-5,1.81135e-4,7.50816e-5,428,422,430,8.56762e-5,0.0245335,430,4.6604e-4,NA,NA,NA,NA,NA,NA,0.470399,5.67556e-4,405,0.380309,0.882239,0,0.148649,0,Bayes-M14-fill-geo
Kasongo Lunda,Kwango,2,FALSE,recalibrated-deployed,7.86157e-5,2.57515e-5,1.61989e-4,6.94526e-5,430,426,432,7.86197e-5,0.0225129,431,4.27658e-4,NA,NA,NA,NA,NA,NA,0.458816,5.07989e-4,408,0.627413,0.594595,0,0.15444,0,Bayes-M14-fill-geo
Vaku,Kongo-Central,2,FALSE,recalibrated-deployed,7.68152e-5,2.49638e-5,1.5939e-4,6.76941e-5,432,427,433,7.6819e-5,0.0219973,432,4.17864e-4,NA,NA,NA,NA,NA,NA,0.559202,6.04954e-4,402,0.567568,0.942085,0,0.167954,0,Bayes-M14-fill-geo
Nselo,Kongo-Central,2,FALSE,recalibrated-deployed,7.09978e-5,2.8911e-5,1.32326e-4,6.44215e-5,433,425,436,7.10008e-5,0.0203312,433,3.86218e-4,NA,NA,NA,NA,NA,NA,0.498713,4.98657e-4,409,0.656371,0.534749,0,0.305019,0,Bayes-M14-fill-geo
Katuba,Haut-Katanga,2,FALSE,recalibrated-deployed,7.03628e-5,2.01094e-5,1.58415e-4,5.96275e-5,434,425,438,7.03662e-5,0.0201495,434,3.82764e-4,NA,NA,NA,NA,NA,NA,0.0617761,6.12167e-5,447,0.0501931,0.030888,0,0.104247,0,Bayes-M14-fill-geo
Boma Bungu,Kongo-Central,2,FALSE,recalibrated-deployed,6.27662e-5,1.9137e-5,1.33542e-4,5.48304e-5,435,432,439,6.27689e-5,0.017974,435,3.4144e-4,NA,NA,NA,NA,NA,NA,0.427928,3.78271e-4,420,0.581081,0.567568,0,0.135135,0,Bayes-M14-fill-geo
Nzanza,Kongo-Central,2,FALSE,recalibrated-deployed,5.44863e-5,1.34763e-5,1.29361e-4,4.49805e-5,439,432,444,5.44884e-5,0.0156029,436,2.96398e-4,NA,NA,NA,NA,NA,NA,0.289575,2.22206e-4,433,0.0888031,0.689189,0,0.0907336,0,Bayes-M14-fill-geo
Kibunzi,Kongo-Central,2,FALSE,recalibrated-deployed,5.29184e-5,2.22415e-5,9.7357e-5,4.85656e-5,437,426,445,5.29201e-5,0.0151538,437,2.87869e-4,NA,NA,NA,NA,NA,NA,0.556628,4.14838e-4,417,0.704633,0.525097,0,0.440154,0,Bayes-M14-fill-geo
Kilela Balanda,Haut-Katanga,2,FALSE,recalibrated-deployed,5.25478e-5,2.15973e-5,9.70771e-5,4.83103e-5,437,434,441,5.25494e-5,0.0150476,438,2.85853e-4,NA,NA,NA,NA,NA,NA,0.417632,3.09068e-4,425,0.92278,0.0926641,0,0.237452,0,Bayes-M14-fill-geo
Kashobwe,Haut-Katanga,2,FALSE,recalibrated-deployed,5.23867e-5,1.99856e-5,9.98453e-5,4.75566e-5,438,435,440,5.23884e-5,0.0150015,439,2.84977e-4,NA,NA,NA,NA,NA,NA,0.432432,3.19041e-4,424,0.805019,0.301158,0,0.19112,0,Bayes-M14-fill-geo
Kimpangu,Kongo-Central,2,FALSE,recalibrated-deployed,5.08661e-5,1.67012e-5,1.04945e-4,4.5005e-5,440,437,440,5.08677e-5,0.0145661,440,2.76704e-4,NA,NA,NA,NA,NA,NA,0.598456,4.28713e-4,415,0.708494,0.934363,0,0.15251,0,Bayes-M14-fill-geo
Mutshatsha,Lualaba,2,FALSE,recalibrated-deployed,4.7897e-5,2.29277e-5,8.26966e-5,4.48464e-5,440,427,447,4.78983e-5,0.0137158,441,2.60553e-4,NA,NA,NA,NA,NA,NA,0.507722,3.42484e-4,422,0.971042,0.102317,0,0.449807,0,Bayes-M14-fill-geo
Kinkonzi,Kongo-Central,2,FALSE,recalibrated-deployed,4.62617e-5,1.52556e-5,9.53284e-5,4.08511e-5,441,440,443,4.62631e-5,0.0132475,442,2.51657e-4,NA,NA,NA,NA,NA,NA,0.566924,3.69363e-4,421,0.623552,0.895753,0,0.181467,0,Bayes-M14-fill-geo
Vangu,Haut-Katanga,2,FALSE,recalibrated-deployed,4.18677e-5,1.47533e-5,8.30442e-5,3.74994e-5,443,441,444,4.18688e-5,0.0119892,443,2.27755e-4,NA,NA,NA,NA,NA,NA,0.144144,8.49929e-5,445,0.11583,0.169884,0,0.146718,0,Bayes-M14-fill-geo
Lilanga Bobangi,Equateur,2,FALSE,recalibrated-deployed,3.19074e-5,1.33559e-5,5.9777e-5,2.88794e-5,444,439.95,450,3.1908e-5,0.00913691,444,1.73572e-4,NA,NA,NA,NA,NA,NA,0.548906,2.46658e-4,430,0.938224,0.266409,0,0.442085,0,Bayes-M14-fill-geo
Kowe,Haut-Katanga,2,FALSE,recalibrated-deployed,3.10242e-5,1.0366e-5,6.34175e-5,2.74062e-5,445,444,446,3.10248e-5,0.00888402,445,1.68767e-4,NA,NA,NA,NA,NA,NA,0.0933076,4.07684e-5,449,0.0714286,0.0810811,0,0.127413,0,Bayes-M14-fill-geo
Dilolo,Lualaba,2,FALSE,recalibrated-deployed,2.96981e-5,3.66423e-6,8.60223e-5,2.11583e-5,448,437,448,2.96989e-5,0.00850434,446,1.61553e-4,NA,NA,NA,NA,NA,NA,0.488417,2.0428e-4,434,0.839768,0.619691,0,0.00579151,0,Bayes-M14-fill-geo
Kizu,Kongo-Central,2,FALSE,recalibrated-deployed,2.96882e-5,6.60902e-6,7.29384e-5,2.39452e-5,446,444,447,2.96889e-5,0.00850147,447,1.615e-4,NA,NA,NA,NA,NA,NA,0.415058,1.7354e-4,437,0.297297,0.870656,0,0.0772201,0,Bayes-M14-fill-geo
Tembo,Kwango,2,FALSE,recalibrated-deployed,2.52564e-5,6.56503e-6,5.81949e-5,2.11965e-5,447,446,448,2.52568e-5,0.00723234,448,1.37391e-4,NA,NA,NA,NA,NA,NA,0.427284,1.51983e-4,440,0.787645,0.397683,0,0.0965251,0,Bayes-M14-fill-geo
Muanda,Kongo-Central,2,FALSE,recalibrated-deployed,1.8444e-5,5.37905e-7,7.34627e-5,8.15463e-6,450,441,451,1.84446e-5,0.00528166,449,1.00333e-4,NA,NA,NA,NA,NA,NA,0.545689,1.41745e-4,441,0.637066,1,0,0,0,Bayes-M14-fill-geo
Tshela,Kongo-Central,2,FALSE,recalibrated-deployed,1.47257e-5,2.04107e-6,4.14724e-5,1.07662e-5,449,449,450,1.47259e-5,0.00421678,450,8.01057e-5,NA,NA,NA,NA,NA,NA,0.43758,9.07486e-5,444,0.416988,0.888031,0,0.00772201,0,Bayes-M14-fill-geo
Kuimba,Kongo-Central,2,FALSE,recalibrated-deployed,1.13642e-5,1.27242e-6,3.38997e-5,7.86894e-6,450,450,451,1.13644e-5,0.0032542,451,6.18198e-5,NA,NA,NA,NA,NA,NA,0.409266,6.55016e-5,446,0.378378,0.84556,0,0.003861,0,Bayes-M14-fill-geo
Kitona,Kongo-Central,2,FALSE,recalibrated-deployed,7.17783e-6,3.43763e-7,2.62324e-5,3.75735e-6,452,452,452,7.17791e-6,0.00205541,452,3.90464e-5,NA,NA,NA,NA,NA,NA,0.390605,3.94855e-5,450,0.590734,0.579151,0,0.0019305,0,Bayes-M14-fill-geo
Ango,Bas-Uele,2,TRUE,recalibrated-deployed,NA,NA,NA,NA,NA,NA,NA,NA,NA,NA,NA,NA,NA,NA,NA,NA,NA,0.945946,NA,NA,1,0.859073,0,0.978764,0,Bayes-M14-fill-geo
Buta,Bas-Uele,2,TRUE,recalibrated-deployed,NA,NA,NA,NA,NA,NA,NA,NA,NA,NA,NA,NA,NA,NA,NA,NA,NA,0.96332,NA,NA,0.974903,0.992278,0,0.92278,0,Bayes-M14-fill-geo
Ganga,Bas-Uele,2,TRUE,recalibrated-deployed,NA,NA,NA,NA,NA,NA,NA,NA,NA,NA,NA,NA,NA,NA,NA,NA,NA,0.962355,NA,NA,0.967181,0.955598,0,0.964286,0,Bayes-M14-fill-geo
Viadana,Bas-Uele,2,TRUE,recalibrated-deployed,NA,NA,NA,NA,NA,NA,NA,NA,NA,NA,NA,NA,NA,NA,NA,NA,NA,0.912806,NA,NA,0.913127,0.978764,0,0.846525,0,Bayes-M14-fill-geo
Boma Mangbetu,Haut-Uele,2,TRUE,recalibrated-deployed,NA,NA,NA,NA,NA,NA,NA,NA,NA,NA,NA,NA,NA,NA,NA,NA,NA,0.54955,NA,NA,0.285714,0.503861,0,0.859073,0,Bayes-M14-fill-geo
Dungu,Haut-Uele,2,TRUE,recalibrated-deployed,NA,NA,NA,NA,NA,NA,NA,NA,NA,NA,NA,NA,NA,NA,NA,NA,NA,0.703346,NA,NA,0.872587,0.559846,0,0.677606,0,Bayes-M14-fill-geo
Gombari,Haut-Uele,2,TRUE,recalibrated-deployed,NA,NA,NA,NA,NA,NA,NA,NA,NA,NA,NA,NA,NA,NA,NA,NA,NA,0.769627,NA,NA,0.96332,0.801158,0,0.544402,0,Bayes-M14-fill-geo
Isiro,Haut-Uele,2,TRUE,recalibrated-deployed,NA,NA,NA,NA,NA,NA,NA,NA,NA,NA,NA,NA,NA,NA,NA,NA,NA,0.70045,NA,NA,0.389961,0.758687,0,0.952703,0,Bayes-M14-fill-geo
Pawa,Haut-Uele,2,TRUE,recalibrated-deployed,NA,NA,NA,NA,NA,NA,NA,NA,NA,NA,NA,NA,NA,NA,NA,NA,NA,0.57529,NA,NA,0.293436,0.573359,0,0.859073,0,Bayes-M14-fill-geo
Rungu,Haut-Uele,2,TRUE,recalibrated-deployed,NA,NA,NA,NA,NA,NA,NA,NA,NA,NA,NA,NA,NA,NA,NA,NA,NA,0.863256,NA,NA,0.822394,0.803089,0,0.964286,0,Bayes-M14-fill-geo
Wamba,Haut-Uele,2,TRUE,recalibrated-deployed,NA,NA,NA,NA,NA,NA,NA,NA,NA,NA,NA,NA,NA,NA,NA,NA,NA,0.642214,NA,NA,0.673745,0.436293,0,0.816602,0,Bayes-M14-fill-geo
Adja,Ituri,2,TRUE,recalibrated-deployed,NA,NA,NA,NA,NA,NA,NA,NA,NA,NA,NA,NA,NA,NA,NA,NA,NA,0.352638,NA,NA,0.249035,0.428571,0,0.380309,0,Bayes-M14-fill-geo
Ariwara,Ituri,2,TRUE,recalibrated-deployed,NA,NA,NA,NA,NA,NA,NA,NA,NA,NA,NA,NA,NA,NA,NA,NA,NA,0.381596,NA,NA,0.198842,0.698842,0,0.247104,0,Bayes-M14-fill-geo
Aru,Ituri,2,TRUE,recalibrated-deployed,NA,NA,NA,NA,NA,NA,NA,NA,NA,NA,NA,NA,NA,NA,NA,NA,NA,0.470399,NA,NA,0.301158,0.841699,0,0.26834,0,Bayes-M14-fill-geo
Aungba,Ituri,2,TRUE,recalibrated-deployed,NA,NA,NA,NA,NA,NA,NA,NA,NA,NA,NA,NA,NA,NA,NA,NA,NA,0.447233,NA,NA,0.310811,0.656371,0,0.374517,0,Bayes-M14-fill-geo
Kambala,Ituri,2,TRUE,recalibrated-deployed,NA,NA,NA,NA,NA,NA,NA,NA,NA,NA,NA,NA,NA,NA,NA,NA,NA,0.462677,NA,NA,0.366795,0.611969,0,0.409266,0,Bayes-M14-fill-geo
Logo,Ituri,2,TRUE,recalibrated-deployed,NA,NA,NA,NA,NA,NA,NA,NA,NA,NA,NA,NA,NA,NA,NA,NA,NA,0.317889,NA,NA,0.175676,0.592664,0,0.185328,0,Bayes-M14-fill-geo
Mahagi,Ituri,2,TRUE,recalibrated-deployed,NA,NA,NA,NA,NA,NA,NA,NA,NA,NA,NA,NA,NA,NA,NA,NA,NA,0.305663,NA,NA,0.171815,0.600386,0,0.144788,0,Bayes-M14-fill-geo
Rimba,Ituri,2,TRUE,recalibrated-deployed,NA,NA,NA,NA,NA,NA,NA,NA,NA,NA,NA,NA,NA,NA,NA,NA,NA,0.407979,NA,NA,0.200772,0.712355,0,0.310811,0,Bayes-M14-fill-geo
Bambu,Ituri,2,TRUE,recalibrated-deployed,NA,NA,NA,NA,NA,NA,NA,NA,NA,NA,NA,NA,NA,NA,NA,NA,NA,0.31982,NA,NA,0.204633,0.469112,0,0.285714,0,Bayes-M14-fill-geo
Boga,Ituri,2,TRUE,recalibrated-deployed,NA,NA,NA,NA,NA,NA,NA,NA,NA,NA,NA,NA,NA,NA,NA,NA,NA,0.351995,NA,NA,0.3861,0.368726,0,0.301158,0,Bayes-M14-fill-geo
Bunia,Ituri,2,TRUE,recalibrated-deployed,NA,NA,NA,NA,NA,NA,NA,NA,NA,NA,NA,NA,NA,NA,NA,NA,NA,0.310167,NA,NA,0.117761,0.563707,0,0.249035,0,Bayes-M14-fill-geo
Damas,Ituri,2,TRUE,recalibrated-deployed,NA,NA,NA,NA,NA,NA,NA,NA,NA,NA,NA,NA,NA,NA,NA,NA,NA,0.429858,NA,NA,0.447876,0.328185,0,0.513514,0,Bayes-M14-fill-geo
Drodro,Ituri,2,TRUE,recalibrated-deployed,NA,NA,NA,NA,NA,NA,NA,NA,NA,NA,NA,NA,NA,NA,NA,NA,NA,0.356499,NA,NA,0.206564,0.590734,0,0.272201,0,Bayes-M14-fill-geo
Fataki,Ituri,2,TRUE,recalibrated-deployed,NA,NA,NA,NA,NA,NA,NA,NA,NA,NA,NA,NA,NA,NA,NA,NA,NA,0.42471,NA,NA,0.225869,0.720077,0,0.328185,0,Bayes-M14-fill-geo
Gety,Ituri,2,TRUE,recalibrated-deployed,NA,NA,NA,NA,NA,NA,NA,NA,NA,NA,NA,NA,NA,NA,NA,NA,NA,0.34556,NA,NA,0.335907,0.297297,0,0.403475,0,Bayes-M14-fill-geo
Kilo,Ituri,2,TRUE,recalibrated-deployed,NA,NA,NA,NA,NA,NA,NA,NA,NA,NA,NA,NA,NA,NA,NA,NA,NA,0.19305,NA,NA,0.220077,0.0501931,0,0.30888,0,Bayes-M14-fill-geo
Komanda,Ituri,2,TRUE,recalibrated-deployed,NA,NA,NA,NA,NA,NA,NA,NA,NA,NA,NA,NA,NA,NA,NA,NA,NA,0.312098,NA,NA,0.30888,0.119691,0,0.507722,0,Bayes-M14-fill-geo
Lita,Ituri,2,TRUE,recalibrated-deployed,NA,NA,NA,NA,NA,NA,NA,NA,NA,NA,NA,NA,NA,NA,NA,NA,NA,0.407979,NA,NA,0.276062,0.704633,0,0.243243,0,Bayes-M14-fill-geo
Lolwa,Ituri,2,TRUE,recalibrated-deployed,NA,NA,NA,NA,NA,NA,NA,NA,NA,NA,NA,NA,NA,NA,NA,NA,NA,0.427284,NA,NA,0.642857,0,0,0.638996,0,Bayes-M14-fill-geo
Mambasa,Ituri,2,TRUE,recalibrated-deployed,NA,NA,NA,NA,NA,NA,NA,NA,NA,NA,NA,NA,NA,NA,NA,NA,NA,0.576577,NA,NA,0.88417,0.262548,0,0.583012,0,Bayes-M14-fill-geo
Mandima,Ituri,2,TRUE,recalibrated-deployed,NA,NA,NA,NA,NA,NA,NA,NA,NA,NA,NA,NA,NA,NA,NA,NA,NA,0.354569,NA,NA,0.484556,0.289575,0,0.289575,0,Bayes-M14-fill-geo
Mangala,Ituri,2,TRUE,recalibrated-deployed,NA,NA,NA,NA,NA,NA,NA,NA,NA,NA,NA,NA,NA,NA,NA,NA,NA,0.402831,NA,NA,0.305019,0.61583,0,0.287645,0,Bayes-M14-fill-geo
Mongbwalu,Ituri,2,TRUE,recalibrated-deployed,NA,NA,NA,NA,NA,NA,NA,NA,NA,NA,NA,NA,NA,NA,NA,NA,NA,0.348777,NA,NA,0.411197,0.183398,0,0.451737,0,Bayes-M14-fill-geo
Nia Nia,Ituri,2,TRUE,recalibrated-deployed,NA,NA,NA,NA,NA,NA,NA,NA,NA,NA,NA,NA,NA,NA,NA,NA,NA,0.39704,NA,NA,0.666023,0.0212355,0,0.503861,0,Bayes-M14-fill-geo
Nizi,Ituri,2,TRUE,recalibrated-deployed,NA,NA,NA,NA,NA,NA,NA,NA,NA,NA,NA,NA,NA,NA,NA,NA,NA,0.236165,NA,NA,0.15444,0.337838,0,0.216216,0,Bayes-M14-fill-geo
Nyankunde,Ituri,2,TRUE,recalibrated-deployed,NA,NA,NA,NA,NA,NA,NA,NA,NA,NA,NA,NA,NA,NA,NA,NA,NA,0.335264,NA,NA,0.283784,0.243243,0,0.478764,0,Bayes-M14-fill-geo
Rwampara,Ituri,2,TRUE,recalibrated-deployed,NA,NA,NA,NA,NA,NA,NA,NA,NA,NA,NA,NA,NA,NA,NA,NA,NA,0.425354,NA,NA,0.237452,0.745174,0,0.293436,0,Bayes-M14-fill-geo
Tchomia,Ituri,2,TRUE,recalibrated-deployed,NA,NA,NA,NA,NA,NA,NA,NA,NA,NA,NA,NA,NA,NA,NA,NA,NA,0.266409,NA,NA,0.210425,0.374517,0,0.214286,0,Bayes-M14-fill-geo
Alimbongo,Nord-Kivu,2,TRUE,recalibrated-deployed,NA,NA,NA,NA,NA,NA,NA,NA,NA,NA,NA,NA,NA,NA,NA,NA,NA,0.568211,NA,NA,0.584942,0.747104,0,0.372587,0,Bayes-M14-fill-geo
Beni,Nord-Kivu,2,TRUE,recalibrated-deployed,NA,NA,NA,NA,NA,NA,NA,NA,NA,NA,NA,NA,NA,NA,NA,NA,NA,0.207851,NA,NA,0.15251,0.22973,0,0.241313,0,Bayes-M14-fill-geo
Biena,Nord-Kivu,2,TRUE,recalibrated-deployed,NA,NA,NA,NA,NA,NA,NA,NA,NA,NA,NA,NA,NA,NA,NA,NA,NA,0.26834,NA,NA,0.250965,0.166023,0,0.388031,0,Bayes-M14-fill-geo
Butembo,Nord-Kivu,2,TRUE,recalibrated-deployed,NA,NA,NA,NA,NA,NA,NA,NA,NA,NA,NA,NA,NA,NA,NA,NA,NA,0.243887,NA,NA,0.1139,0.388031,0,0.22973,0,Bayes-M14-fill-geo
Kalunguta,Nord-Kivu,2,TRUE,recalibrated-deployed,NA,NA,NA,NA,NA,NA,NA,NA,NA,NA,NA,NA,NA,NA,NA,NA,NA,0.207851,NA,NA,0.194981,0.206564,0,0.222008,0,Bayes-M14-fill-geo
Katwa,Nord-Kivu,2,TRUE,recalibrated-deployed,NA,NA,NA,NA,NA,NA,NA,NA,NA,NA,NA,NA,NA,NA,NA,NA,NA,0.266409,NA,NA,0.0868726,0.484556,0,0.227799,0,Bayes-M14-fill-geo
Kyondo,Nord-Kivu,2,TRUE,recalibrated-deployed,NA,NA,NA,NA,NA,NA,NA,NA,NA,NA,NA,NA,NA,NA,NA,NA,NA,0.431789,NA,NA,0.295367,0.797297,0,0.202703,0,Bayes-M14-fill-geo
Lubero,Nord-Kivu,2,TRUE,recalibrated-deployed,NA,NA,NA,NA,NA,NA,NA,NA,NA,NA,NA,NA,NA,NA,NA,NA,NA,0.611326,NA,NA,0.573359,0.938224,0,0.322394,0,Bayes-M14-fill-geo
Mabalako,Nord-Kivu,2,TRUE,recalibrated-deployed,NA,NA,NA,NA,NA,NA,NA,NA,NA,NA,NA,NA,NA,NA,NA,NA,NA,0.209781,NA,NA,0.19305,0.204633,0,0.23166,0,Bayes-M14-fill-geo
Manguredjipa,Nord-Kivu,2,TRUE,recalibrated-deployed,NA,NA,NA,NA,NA,NA,NA,NA,NA,NA,NA,NA,NA,NA,NA,NA,NA,0.46332,NA,NA,0.777992,0.0579151,0,0.554054,0,Bayes-M14-fill-geo
Masereka,Nord-Kivu,2,TRUE,recalibrated-deployed,NA,NA,NA,NA,NA,NA,NA,NA,NA,NA,NA,NA,NA,NA,NA,NA,NA,0.491634,NA,NA,0.254826,0.980695,0,0.239382,0,Bayes-M14-fill-geo
Musienene,Nord-Kivu,2,TRUE,recalibrated-deployed,NA,NA,NA,NA,NA,NA,NA,NA,NA,NA,NA,NA,NA,NA,NA,NA,NA,0.425354,NA,NA,0.264479,0.73166,0,0.279923,0,Bayes-M14-fill-geo
Mutwanga,Nord-Kivu,2,TRUE,recalibrated-deployed,NA,NA,NA,NA,NA,NA,NA,NA,NA,NA,NA,NA,NA,NA,NA,NA,NA,0.321107,NA,NA,0.260618,0.467181,0,0.235521,0,Bayes-M14-fill-geo
Oicha,Nord-Kivu,2,TRUE,recalibrated-deployed,NA,NA,NA,NA,NA,NA,NA,NA,NA,NA,NA,NA,NA,NA,NA,NA,NA,0.44852,NA,NA,0.324324,0.760618,0,0.260618,0,Bayes-M14-fill-geo
Vuhovi,Nord-Kivu,2,TRUE,recalibrated-deployed,NA,NA,NA,NA,NA,NA,NA,NA,NA,NA,NA,NA,NA,NA,NA,NA,NA,0.348134,NA,NA,0.202703,0.617761,0,0.223938,0,Bayes-M14-fill-geo
Goma,Nord-Kivu,2,TRUE,recalibrated-deployed,NA,NA,NA,NA,NA,NA,NA,NA,NA,NA,NA,NA,NA,NA,NA,NA,NA,0.355856,NA,NA,0.127413,0.897683,0,0.042471,0,Bayes-M14-fill-geo
Kayna,Nord-Kivu,2,TRUE,recalibrated-deployed,NA,NA,NA,NA,NA,NA,NA,NA,NA,NA,NA,NA,NA,NA,NA,NA,NA,0.415058,NA,NA,0.227799,0.633205,0,0.38417,0,Bayes-M14-fill-geo
Miti Murhesa,Sud-Kivu,2,TRUE,recalibrated-deployed,NA,NA,NA,NA,NA,NA,NA,NA,NA,NA,NA,NA,NA,NA,NA,NA,NA,0.436937,NA,NA,0.235521,0.913127,0,0.162162,0,Bayes-M14-fill-geo
Bulu,Sud-Ubangi,2,TRUE,recalibrated-deployed,NA,NA,NA,NA,NA,NA,NA,NA,NA,NA,NA,NA,NA,NA,NA,NA,NA,0.419562,NA,NA,0.364865,0.198842,0,0.694981,0,Bayes-M14-fill-geo
Bafwasende,Tshopo,2,TRUE,recalibrated-deployed,NA,NA,NA,NA,NA,NA,NA,NA,NA,NA,NA,NA,NA,NA,NA,NA,NA,0.606178,NA,NA,0.907336,0.241313,0,0.669884,0,Bayes-M14-fill-geo
Kabondo,Tshopo,2,TRUE,recalibrated-deployed,NA,NA,NA,NA,NA,NA,NA,NA,NA,NA,NA,NA,NA,NA,NA,NA,NA,0.240026,NA,NA,0.19112,0.272201,0,0.256757,0,Bayes-M14-fill-geo
Lubunga (Tshopo),Tshopo,2,TRUE,recalibrated-deployed,NA,NA,NA,NA,NA,NA,NA,NA,NA,NA,NA,NA,NA,NA,NA,NA,NA,0.305019,NA,NA,0.245174,0.343629,0,0.326255,0,Bayes-M14-fill-geo
Makiso Kisangani,Tshopo,2,TRUE,recalibrated-deployed,NA,NA,NA,NA,NA,NA,NA,NA,NA,NA,NA,NA,NA,NA,NA,NA,NA,0.314028,NA,NA,0.133205,0.530888,0,0.277992,0,Bayes-M14-fill-geo
Mangobo,Tshopo,2,TRUE,recalibrated-deployed,NA,NA,NA,NA,NA,NA,NA,NA,NA,NA,NA,NA,NA,NA,NA,NA,NA,0.274775,NA,NA,0.0791506,0.438224,0,0.30695,0,Bayes-M14-fill-geo
Tshopo,Tshopo,2,TRUE,recalibrated-deployed,NA,NA,NA,NA,NA,NA,NA,NA,NA,NA,NA,NA,NA,NA,NA,NA,NA,0.328829,NA,NA,0.361004,0.333977,0,0.291506,0,Bayes-M14-fill-geo
Wanierukula,Tshopo,2,TRUE,recalibrated-deployed,NA,NA,NA,NA,NA,NA,NA,NA,NA,NA,NA,NA,NA,NA,NA,NA,NA,0.630631,NA,NA,0.843629,0.552124,0,0.496139,0,Bayes-M14-fill-geo
Basali,Tshopo,2,TRUE,recalibrated-deployed,NA,NA,NA,NA,NA,NA,NA,NA,NA,NA,NA,NA,NA,NA,NA,NA,NA,0.503861,NA,NA,0.833977,0.0250965,0,0.65251,0,Bayes-M14-fill-geo
Basoko,Tshopo,2,TRUE,recalibrated-deployed,NA,NA,NA,NA,NA,NA,NA,NA,NA,NA,NA,NA,NA,NA,NA,NA,NA,0.401544,NA,NA,0.507722,0.314672,0,0.382239,0,Bayes-M14-fill-geo
