health_zone,province,horizon,was_active_before,p_case_invasion,p_case_lo,p_case_hi,p_median,rank_med,rank_lo,rank_hi,mu_forecast,rr_nat,rr_nat_rank,rr01_nat,rr_ituri,rr_ituri_rank,rr_nordkivu,rr_nordkivu_rank,rr_hautuele,rr_hautuele_rank,V,priority,priority_rank,surveillance_gap,healthcare_gap,access_gap,social_vulnerability,healthcare_travel_min,method
Rethy,Ituri,1,FALSE,0.4331,0.3112,0.5614,0.4335,1,1,1,0.577,80.9191,1,1,4.2766,1,NA,NA,NA,NA,0.2703,1,1,0.2143,0.6081,0,0.2587,0,Bayes-M10-geo
Yakusu,Tshopo,1,FALSE,0.1655,0.1163,0.2238,0.1629,2,2,4,0.1817,25.489,2,0.3822,NA,NA,NA,NA,NA,NA,0.319,0.4511,5,0.4208,0.2085,0,0.6467,0,Bayes-M10-geo
Biringi,Ituri,1,FALSE,0.1393,0.1045,0.1775,0.1385,3,2,4,0.1503,21.0849,3,0.3216,1.1143,2,NA,NA,NA,NA,0.3494,0.4158,6,0.3958,0.4865,0,0.5154,0,Bayes-M10-geo
Niangara,Haut-Uele,1,FALSE,0.1176,0.0816,0.1591,0.116,5,4,6,0.1255,17.5988,4,0.2716,NA,NA,NA,NA,1.7455,1,0.5512,0.5538,3,0.8031,0.4324,0,0.9691,0,Bayes-M10-geo
Watsa,Haut-Uele,1,FALSE,0.1114,0.0668,0.1639,0.1085,5.5,2,9,0.1187,16.6522,5,0.2573,NA,NA,NA,NA,1.6516,2,0.4797,0.4567,4,0.7297,0.8436,0,0.3456,0,Bayes-M10-geo
Poko,Bas-Uele,1,FALSE,0.1088,0.0714,0.1534,0.106,6,4,7,0.1155,16.2055,6,0.2511,NA,NA,NA,NA,NA,NA,0.7271,0.6756,2,0.9923,0.9517,0,0.9643,0,Bayes-M10-geo
Jiba,Ituri,1,FALSE,0.0949,0.0541,0.1434,0.0919,7,3,10,0.1002,14.0512,7,0.2192,0.7426,3,NA,NA,NA,NA,0.1651,0.1339,15,0.1815,0.1274,0,0.3514,0,Bayes-M10-geo
Makoro,Haut-Uele,1,FALSE,0.0859,0.0646,0.1095,0.0853,8,7,9,0.0899,12.6048,8,0.1982,NA,NA,NA,NA,1.2502,3,0.3822,0.2804,7,0.556,0.5483,0,0.4247,0,Bayes-M10-geo
Linga,Ituri,1,FALSE,0.0715,0.0472,0.0987,0.0705,9,7,12,0.0744,10.4295,9,0.1652,0.5512,4,NA,NA,NA,NA,0.2148,0.1313,16,0.1969,0.3417,0,0.3205,0,Bayes-M10-geo
Kibirizi,Nord-Kivu,1,FALSE,0.066,0.0483,0.0862,0.0655,10,9,12,0.0683,9.5831,10,0.1523,NA,NA,2.8218,1,NA,NA,0.4175,0.2353,8,0.5405,0.8552,0,0.2741,0,Bayes-M10-geo
Alimbongo,Nord-Kivu,1,FALSE,0.0551,0.0373,0.0756,0.0542,12,8,16,0.0567,7.9587,11,0.1272,NA,NA,2.3435,2,NA,NA,0.4262,0.2006,9,0.5849,0.7471,0,0.3726,0,Bayes-M10-geo
Angumu,Ituri,1,FALSE,0.0512,0.027,0.082,0.0494,13,9,24,0.0527,7.3863,12,0.1181,0.3904,5,NA,NA,NA,NA,0.11,0.0481,43,0.1641,0.1641,0,0.112,0,Bayes-M10-geo
Nyarambe,Ituri,1,FALSE,0.0482,0.0253,0.0773,0.0467,14,9,25,0.0496,6.9519,13,0.1113,0.3674,6,NA,NA,NA,NA,0.1805,0.0744,33,0.1699,0.4595,0,0.0927,0,Bayes-M10-geo
Banalia,Tshopo,1,FALSE,0.0457,0.0308,0.0634,0.0451,15,11,22,0.0469,6.5724,14,0.1056,NA,NA,NA,NA,NA,NA,0.4242,0.1657,12,0.7799,0.1178,0,0.7992,0,Bayes-M10-geo
Kamango,Nord-Kivu,1,FALSE,0.0446,0.0272,0.0663,0.0434,15,12,24,0.0457,6.409,15,0.103,NA,NA,1.8872,3,NA,NA,0.4373,0.1666,11,0.6583,0.917,0,0.1737,0,Bayes-M10-geo
Bafwagbogbo,Tshopo,1,FALSE,0.0445,0.0252,0.0695,0.0428,16,10,26,0.0456,6.3929,16,0.1027,NA,NA,NA,NA,NA,NA,0.3948,0.15,14,0.8591,0.027,0,0.6931,0,Bayes-M10-geo
Faradje,Haut-Uele,1,FALSE,0.0423,0.0317,0.0537,0.042,16,14,19,0.0433,6.0669,17,0.0977,NA,NA,NA,NA,0.6017,4,0.4474,0.1617,13,0.7606,0.666,0,0.3629,0,Bayes-M10-geo
Aba,Haut-Uele,1,FALSE,0.0383,0.0243,0.0553,0.0374,19,13,26,0.0391,5.4839,18,0.0884,NA,NA,NA,NA,0.5439,5,0.569,0.1862,10,0.6004,0.6853,0,0.9903,0,Bayes-M10-geo
Laybo,Ituri,1,FALSE,0.0382,0.0264,0.0516,0.0376,19,14,23,0.039,5.4653,19,0.0882,0.2888,7,NA,NA,NA,NA,0.3393,0.1107,19,0.3069,0.556,0,0.4942,0,Bayes-M10-geo
Bengamisa,Tshopo,1,FALSE,0.0374,0.0292,0.0462,0.0373,19,16,22,0.0382,5.353,20,0.0864,NA,NA,NA,NA,NA,NA,0.3012,0.0963,22,0.612,0.2162,0,0.3764,0,Bayes-M10-geo
Adi,Ituri,1,FALSE,0.0355,0.022,0.0532,0.0346,21,13,27,0.0362,5.083,21,0.0821,0.2686,8,NA,NA,NA,NA,0.3977,0.1208,17,0.2587,0.7104,0,0.6216,0,Bayes-M10-geo
Isangi,Tshopo,1,FALSE,0.034,0.0228,0.0469,0.0334,22,15,28,0.0346,4.8562,22,0.0785,NA,NA,NA,NA,NA,NA,0.3837,0.1115,18,0.4054,0.4073,0,0.722,0,Bayes-M10-geo
Mbaya,Sud-Ubangi,1,FALSE,0.03,0.0151,0.0503,0.0283,24,15,38,0.0305,4.2745,23,0.0692,NA,NA,NA,NA,NA,NA,0.3142,0.0804,29,0.3514,0.2239,0,0.6815,0,Bayes-M10-geo
Rutshuru,Nord-Kivu,1,FALSE,0.028,0.0141,0.047,0.0269,25,15,41,0.0285,3.9922,24,0.0647,NA,NA,1.1756,4,NA,NA,0.3721,0.089,25,0.4093,0.9942,0,0.0849,0,Bayes-M10-geo
Kirotshe,Nord-Kivu,1,FALSE,0.026,0.013,0.0436,0.0246,26,17,42,0.0264,3.7081,25,0.0601,NA,NA,1.0919,5,NA,NA,0.3842,0.0855,27,0.3764,0.9961,0,0.1641,0,Bayes-M10-geo
Basoko,Tshopo,1,FALSE,0.0254,0.0166,0.0354,0.0251,26,21,34,0.0258,3.6125,26,0.0587,NA,NA,NA,NA,NA,NA,0.3012,0.0654,36,0.5077,0.3147,0,0.3822,0,Bayes-M10-geo
Opienge,Tshopo,1,FALSE,0.0238,0.012,0.0406,0.0224,29,19,45.95,0.0241,3.3869,27,0.055,NA,NA,NA,NA,NA,NA,0.4445,0.0905,24,0.9556,0.0135,0,0.8089,0,Bayes-M10-geo
Bambo,Nord-Kivu,1,FALSE,0.023,0.0133,0.0351,0.0223,28,21,43,0.0233,3.263,28,0.053,NA,NA,0.9608,6,NA,NA,0.3962,0.0778,31,0.5521,0.9073,0,0.1255,0,Bayes-M10-geo
Ruzizi,Sud-Kivu,1,FALSE,0.0209,0.0121,0.033,0.02,32,23,47,0.0211,2.9659,29,0.0483,NA,NA,NA,NA,NA,NA,0.5627,0.1005,21,0.3494,0.9093,0,0.9923,0,Bayes-M10-geo
Ubundu,Tshopo,1,FALSE,0.0205,0.0148,0.0269,0.0203,31,26,40,0.0207,2.9019,30,0.0473,NA,NA,NA,NA,NA,NA,0.4744,0.083,28,0.9054,0.4305,0,0.5618,0,Bayes-M10-geo
Yabaondo,Tshopo,1,FALSE,0.0204,0.0138,0.0281,0.0201,32,25,42,0.0206,2.8884,31,0.047,NA,NA,NA,NA,NA,NA,0.3523,0.0613,39,0.4363,0.305,0,0.668,0,Bayes-M10-geo
Masisi,Nord-Kivu,1,FALSE,0.02,0.0134,0.0277,0.0196,32,27,40,0.0202,2.8375,32,0.0462,NA,NA,0.8355,7,NA,NA,0.4402,0.0753,32,0.4324,0.9575,0,0.3707,0,Bayes-M10-geo
Karisimbi,Nord-Kivu,1,FALSE,0.0199,0.0061,0.0418,0.0172,36,16,67.95,0.0202,2.8357,33,0.046,NA,NA,0.835,8,NA,NA,0.1597,0.0272,59,0.0907,0.5154,0,0.0328,0,Bayes-M10-geo
Uvira,Sud-Kivu,1,FALSE,0.0193,0.0097,0.033,0.0182,35,22,54,0.0195,2.7402,34,0.0446,NA,NA,NA,NA,NA,NA,0.5502,0.0908,23,0.2181,0.9846,0,0.9981,0,Bayes-M10-geo
Ibanda,Sud-Kivu,1,FALSE,0.0184,0.0109,0.028,0.0177,36,27,48,0.0186,2.6129,35,0.0426,NA,NA,NA,NA,NA,NA,0.2307,0.0364,50,0.083,0.6216,0,0.2181,0,Bayes-M10-geo
Mweso,Nord-Kivu,1,FALSE,0.0179,0.0121,0.0246,0.0176,36,31,43,0.018,2.5293,36,0.0413,NA,NA,0.7448,9,NA,NA,0.4189,0.0639,37,0.4498,0.9614,0,0.2645,0,Bayes-M10-geo
Nyiragongo,Nord-Kivu,1,FALSE,0.0177,0.0066,0.0339,0.0161,39,21,64,0.0179,2.5061,37,0.0408,NA,NA,0.7379,10,NA,NA,0.2891,0.0436,44,0.2432,0.8764,0,0.0367,0,Bayes-M10-geo
Pinga,Nord-Kivu,1,FALSE,0.0177,0.0116,0.0248,0.0173,37,29,45,0.0178,2.5032,38,0.0408,NA,NA,0.7371,11,NA,NA,0.57,0.0861,26,0.9595,0.7548,0,0.5656,0,Bayes-M10-geo
Titule,Bas-Uele,1,FALSE,0.0173,0.0096,0.0277,0.0166,38,26,52,0.0175,2.448,39,0.0399,NA,NA,NA,NA,NA,NA,0.6839,0.101,20,0.9865,0.8263,0,0.9228,0,Bayes-M10-geo
Lubutu,Maniema,1,FALSE,0.0169,0.0108,0.0243,0.0166,39,29,50,0.017,2.3861,40,0.0389,NA,NA,NA,NA,NA,NA,0.4706,0.0678,35,0.8205,0.2819,0,0.7799,0,Bayes-M10-geo
Kadutu,Sud-Kivu,1,FALSE,0.0164,0.0101,0.0243,0.0159,40,30,50,0.0165,2.3142,41,0.0378,NA,NA,NA,NA,NA,NA,0.1636,0.0229,63,0.0579,0.3861,0,0.2104,0,Bayes-M10-geo
Rwanguba,Nord-Kivu,1,FALSE,0.0159,0.0073,0.0278,0.0151,42,27,58,0.0161,2.2576,42,0.0368,NA,NA,0.6648,12,NA,NA,0.2442,0.0333,52,0.2085,0.7027,0,0.0656,0,Bayes-M10-geo
Katoyi,Nord-Kivu,1,FALSE,0.0157,0.0114,0.0206,0.0155,41,36,45.95,0.0158,2.2198,43,0.0362,NA,NA,0.6536,13,NA,NA,0.4542,0.0609,40,0.4614,0.9595,0,0.3958,0,Bayes-M10-geo
Kibua,Nord-Kivu,1,FALSE,0.0155,0.0089,0.0241,0.015,43,28,55,0.0156,2.1865,44,0.0357,NA,NA,0.6438,14,NA,NA,0.5154,0.0681,34,0.7741,0.6602,0,0.6274,0,Bayes-M10-geo
Doruma,Haut-Uele,1,FALSE,0.0148,0.0075,0.0248,0.0139,45,28,59,0.0149,2.0883,45,0.0341,NA,NA,NA,NA,0.2071,6,0.6216,0.0784,30,0.973,0.5135,0,1,0,Bayes-M10-geo
Budjala,Sud-Ubangi,1,FALSE,0.0143,0.0081,0.0225,0.0137,44,33,57,0.0144,2.0196,46,0.033,NA,NA,NA,NA,NA,NA,0.43,0.0525,42,0.5154,0.4035,0,0.8012,0,Bayes-M10-geo
Binza,Nord-Kivu,1,FALSE,0.0131,0.0071,0.0206,0.0126,47,33,59,0.0132,1.8565,47,0.0303,NA,NA,0.5467,15,NA,NA,0.3518,0.0395,48,0.471,0.8378,0,0.0985,0,Bayes-M10-geo
Walikale,Nord-Kivu,1,FALSE,0.013,0.0091,0.0173,0.0129,47,39,54,0.0131,1.8389,48,0.0301,NA,NA,0.5415,16,NA,NA,0.5729,0.0637,38,0.9459,0.9286,0,0.417,0,Bayes-M10-geo
Yaleko,Tshopo,1,FALSE,0.0126,0.0081,0.018,0.0124,48,36,58,0.0127,1.7825,49,0.0292,NA,NA,NA,NA,NA,NA,0.402,0.0434,45,0.639,0.2452,0,0.7239,0,Bayes-M10-geo
Lemera,Sud-Kivu,1,FALSE,0.0122,0.008,0.0175,0.0119,49,39,61,0.0123,1.7287,50,0.0283,NA,NA,NA,NA,NA,NA,0.5613,0.0587,41,0.3629,0.9015,0,0.9807,0,Bayes-M10-geo
Minova,Sud-Kivu,1,FALSE,0.0121,0.0069,0.0186,0.0118,50,37,60,0.0122,1.7049,51,0.0279,NA,NA,NA,NA,NA,NA,0.3866,0.0399,47,0.4421,0.9826,0,0.1216,0,Bayes-M10-geo
Birambizo,Nord-Kivu,1,FALSE,0.0106,0.0065,0.0156,0.0103,53,43,62,0.0107,1.4949,53,0.0245,NA,NA,0.4402,17,NA,NA,0.3625,0.0328,53,0.4035,0.89,0,0.1564,0,Bayes-M10-geo
Kabare,Sud-Kivu,1,FALSE,0.0106,0.0069,0.015,0.0104,53,43.05,62,0.0107,1.4959,52,0.0245,NA,NA,NA,NA,NA,NA,0.3567,0.0323,54,0.2394,0.9884,0,0.1988,0,Bayes-M10-geo
Nyangezi,Sud-Kivu,1,FALSE,0.0106,0.0073,0.0144,0.0104,53,46,63,0.0106,1.4907,54,0.0244,NA,NA,NA,NA,NA,NA,0.36870000000000003,0.0333,51,0.222,0.8842,0,0.36870000000000003,0,Bayes-M10-geo
Nyantende,Sud-Kivu,1,FALSE,0.0104,0.0071,0.0143,0.0103,54,46,62,0.0104,1.4614,55,0.0239,NA,NA,NA,NA,NA,NA,0.3219,0.0285,57,0.1486,0.8938,0,0.2452,0,Bayes-M10-geo
Katana,Sud-Kivu,1,FALSE,0.0102,0.0063,0.0147,0.01,55,44,64,0.0102,1.4323,56,0.0235,NA,NA,NA,NA,NA,NA,0.3224,0.028,58,0.2471,0.9112,0,0.1313,0,Bayes-M10-geo
Yahisuli,Tshopo,1,FALSE,0.0095,0.0062,0.0135,0.0093,57,44,64,0.0096,1.3399,57,0.0219,NA,NA,NA,NA,NA,NA,0.3521,0.0286,56,0.3842,0.0714,0,0.9527,0,Bayes-M10-geo
Bagira,Sud-Kivu,1,FALSE,0.0089,0.0055,0.0132,0.0087,58,48,75,0.009,1.2607,58,0.0207,NA,NA,NA,NA,NA,NA,0.236,0.018,75,0.1004,0.6371,0,0.2066,0,Bayes-M10-geo
Nundu,Sud-Kivu,1,FALSE,0.0084,0.0051,0.0126,0.0081,60,47,73,0.0085,1.1852,59,0.0194,NA,NA,NA,NA,NA,NA,0.5927,0.0426,46,0.527,0.8494,0,0.9942,0,Bayes-M10-geo
Itebero,Nord-Kivu,1,FALSE,0.0082,0.0053,0.0115,0.008,60,49,70,0.0082,1.1486,60,0.0188,NA,NA,0.3382,18,NA,NA,0.5574,0.0388,49,0.9112,0.722,0,0.5965,0,Bayes-M10-geo
Kalehe,Sud-Kivu,1,FALSE,0.0074,0.0047,0.0106,0.0073,62,56,77,0.0074,1.0443,61,0.0171,NA,NA,NA,NA,NA,NA,0.3369,0.0213,67,0.3417,0.8649,0,0.1409,0,Bayes-M10-geo
Walungu,Sud-Kivu,1,FALSE,0.0073,0.0048,0.0103,0.0071,62,57,77,0.0073,1.022,62,0.0168,NA,NA,NA,NA,NA,NA,0.3248,0.0201,72,0.1853,0.8803,0,0.2336,0,Bayes-M10-geo
Bunyakiri,Sud-Kivu,1,FALSE,0.0064,0.0048,0.0081,0.0063,65.5,61,78,0.0064,0.8954,63,0.0147,NA,NA,NA,NA,NA,NA,0.4517,0.0246,61,0.6197,0.832,0,0.3552,0,Bayes-M10-geo
Obokote,Maniema,1,FALSE,0.0062,0.0031,0.0104,0.0058,68,52,94,0.0062,0.8681,64,0.0142,NA,NA,NA,NA,NA,NA,0.3209,0.0169,78,0.7239,0.0328,0,0.527,0,Bayes-M10-geo
Fizi,Sud-Kivu,1,FALSE,0.0061,0.0031,0.0101,0.0058,68,54,93,0.0061,0.8548,65,0.014,NA,NA,NA,NA,NA,NA,0.5637,0.0293,55,0.7432,0.9691,0,0.5425,0,Bayes-M10-geo
Yahuma,Tshopo,1,FALSE,0.0061,0.0037,0.009,0.006,68,57,79.95,0.0061,0.853,66,0.014,NA,NA,NA,NA,NA,NA,0.4402,0.0228,64,0.8649,0.332,0,0.5637,0,Bayes-M10-geo
Mubumbano,Sud-Kivu,1,FALSE,0.0059,0.0042,0.0078,0.0058,69,63,84,0.0059,0.8239,68,0.0135,NA,NA,NA,NA,NA,NA,0.3658,0.0183,74,0.2683,0.9402,0,0.2548,0,Bayes-M10-geo
Opala,Tshopo,1,FALSE,0.0059,0.0036,0.0087,0.0057,69,56.05,82,0.0059,0.8257,67,0.0136,NA,NA,NA,NA,NA,NA,0.4269,0.0214,66,0.7819,0.0792,0,0.8465,0,Bayes-M10-geo
Police,Kinshasa,1,FALSE,0.0058,0.0012,0.0148,0.0046,77,42,139,0.0058,0.8202,69,0.0134,NA,NA,NA,NA,NA,NA,0.0478,0.0024,231,0.0463,0.0772,0,0.0676,0,Bayes-M10-geo
Binga,Mongala,1,FALSE,0.0057,0.0034,0.0087,0.0055,70,60,96,0.0057,0.805,71,0.0132,NA,NA,NA,NA,NA,NA,0.3306,0.0162,81,0.4749,0.249,0,0.5985,0,Bayes-M10-geo
Haut Plateau,Sud-Kivu,1,FALSE,0.0057,0.0033,0.0088,0.0055,70,57,96,0.0058,0.8065,70,0.0132,NA,NA,NA,NA,NA,NA,0.5246,0.0257,60,0.5714,0.5444,0,0.9826,0,Bayes-M10-geo
Kaniola,Sud-Kivu,1,FALSE,0.0055,0.004,0.0072,0.0054,71,66,84,0.0055,0.774,72,0.0127,NA,NA,NA,NA,NA,NA,0.4513,0.0212,68,0.5328,0.9305,0,0.3417,0,Bayes-M10-geo
Kindu,Maniema,1,FALSE,0.0051,0.0025,0.0085,0.0048,76,59,99,0.0051,0.7133,74,0.0117,NA,NA,NA,NA,NA,NA,0.3181,0.0138,89,0.1351,0.2529,0,0.8842,0,Bayes-M10-geo
Mulungu,Sud-Kivu,1,FALSE,0.0051,0.0034,0.0072,0.005,74,64,92,0.0052,0.7237,73,0.0119,NA,NA,NA,NA,NA,NA,0.5208,0.0229,62,0.861,0.5193,0,0.7027,0,Bayes-M10-geo
Mwana,Sud-Kivu,1,FALSE,0.005,0.0036,0.0066,0.0049,75,68,91,0.005,0.7029,75,0.0115,NA,NA,NA,NA,NA,NA,0.3731,0.0159,82,0.2896,0.9035,0,0.2992,0,Bayes-M10-geo
Djolu,Tshuapa,1,FALSE,0.0049,0.0025,0.0081,0.0047,77,61,101,0.0049,0.6859,76,0.0113,NA,NA,NA,NA,NA,NA,0.5256,0.0219,65,0.7104,0.5985,0,0.7934,0,Bayes-M10-geo
Lingwala,Kinshasa,1,FALSE,0.0048,9e-4,0.0128,0.0037,87,48.05,171,0.0049,0.681,77,0.0112,NA,NA,NA,NA,NA,NA,0.0323,0.0013,309,0.0232,0.0907,0,0.0154,0,Bayes-M10-geo
Kasongo,Maniema,1,FALSE,0.0046,0.0024,0.0076,0.0044,80,65,109,0.0046,0.6462,78,0.0106,NA,NA,NA,NA,NA,NA,0.5304,0.0208,70,0.4459,0.7529,0,0.9228,0,Bayes-M10-geo
Kalonge,Sud-Kivu,1,FALSE,0.0046,0.0033,0.006,0.0045,78,69,105,0.0046,0.6461,79,0.0106,NA,NA,NA,NA,NA,NA,0.404,0.0159,83,0.4961,0.8359,0,0.2838,0,Bayes-M10-geo
Kaziba,Sud-Kivu,1,FALSE,0.0044,0.003,0.0059,0.0043,81,71,105,0.0044,0.6133,82,0.0101,NA,NA,NA,NA,NA,NA,0.3571,0.0133,90,0.2876,0.7838,0,0.3571,0,Bayes-M10-geo
Yalimbongo,Tshopo,1,FALSE,0.0044,0.0027,0.0064,0.0043,81,69,99,0.0044,0.6146,81,0.0101,NA,NA,NA,NA,NA,NA,0.3214,0.012,97,0.5772,0.0483,0,0.6602,0,Bayes-M10-geo
Nyemba,Tanganyika,1,FALSE,0.0044,0.0023,0.0071,0.0042,82,69,105,0.0044,0.6187,80,0.0102,NA,NA,NA,NA,NA,NA,0.3456,0.013,92,0.5965,0.4556,0,0.3301,0,Bayes-M10-geo
Kasa Vubu,Kinshasa,1,FALSE,0.0043,9e-4,0.0112,0.0034,94,54,177,0.0043,0.6074,83,0.01,NA,NA,NA,NA,NA,NA,0.0444,0.0016,280,0.0309,0.1216,0,0.0251,0,Bayes-M10-geo
Ferekeni,Maniema,1,FALSE,0.004,0.002,0.0067,0.0038,88,67,118,0.004,0.5611,85,0.0092,NA,NA,NA,NA,NA,NA,0.3504,0.0119,99,0.7722,0.0425,0,0.5869,0,Bayes-M10-geo
Kalole,Sud-Kivu,1,FALSE,0.004,0.0025,0.0058,0.0039,83,77,104,0.004,0.565,84,0.0093,NA,NA,NA,NA,NA,NA,0.6038,0.0207,71,0.89,0.7799,0,0.7452,0,Bayes-M10-geo
Mwenga,Sud-Kivu,1,FALSE,0.0039,0.0027,0.0053,0.0039,87,77,106,0.0039,0.554,86,0.0091,NA,NA,NA,NA,NA,NA,0.319,0.0107,105,0.5,0.3552,0,0.4208,0,Bayes-M10-geo
Kalamu 1,Kinshasa,1,FALSE,0.0038,8e-4,0.0095,0.003,105,60.05,182.95,0.0038,0.5281,90,0.0087,NA,NA,NA,NA,NA,NA,0.0309,0.001,342,0.0193,0.0734,0,0.0309,0,Bayes-M10-geo
Kinshasa,Kinshasa,1,FALSE,0.0038,7e-4,0.0099,0.003,107,58,194.95,0.0038,0.5325,88,0.0087,NA,NA,NA,NA,NA,NA,0.0203,7e-4,372,0.0135,0.0463,0,0.0212,0,Bayes-M10-geo
Saramabila,Maniema,1,FALSE,0.0038,0.0022,0.0059,0.0037,89,77,112,0.0038,0.5315,89,0.0087,NA,NA,NA,NA,NA,NA,0.4768,0.0154,84,0.473,0.5502,0,0.8842,0,Bayes-M10-geo
Lolo,Mongala,1,FALSE,0.0038,0.0025,0.0053,0.0037,88,80,105,0.0038,0.5329,87,0.0088,NA,NA,NA,NA,NA,NA,0.3161,0.0102,109,0.4073,0.3263,0,0.5309,0,Bayes-M10-geo
Lowa,Tshopo,1,FALSE,0.0037,0.0019,0.0061,0.0035,95,72,122,0.0037,0.5153,92,0.0085,NA,NA,NA,NA,NA,NA,0.4073,0.0128,94,0.8938,0.0598,0,0.6757,0,Bayes-M10-geo
Lingomo,Tshuapa,1,FALSE,0.0037,0.0021,0.0058,0.0036,91,76,111,0.0037,0.5244,91,0.0086,NA,NA,NA,NA,NA,NA,0.5627,0.0179,76,0.8263,0.5869,0,0.8378,0,Bayes-M10-geo
Aketi,Bas-Uele,1,FALSE,0.0036,0.0024,0.005,0.0035,90,80,120,0.0036,0.5067,93,0.0083,NA,NA,NA,NA,NA,NA,0.6762,0.0208,69,0.9903,0.9363,0,0.778,0,Bayes-M10-geo
Kunda,Maniema,1,FALSE,0.0036,0.0019,0.0058,0.0034,96,76,123,0.0036,0.4998,94,0.0082,NA,NA,NA,NA,NA,NA,0.4165,0.0127,95,0.4633,0.2799,0,0.9228,0,Bayes-M10-geo
Punia,Maniema,1,FALSE,0.0034,0.002,0.0052,0.0033,97,86,108,0.0034,0.483,95,0.0079,NA,NA,NA,NA,NA,NA,0.3731,0.011,103,0.7625,0.1969,0,0.5328,0,Bayes-M10-geo
Lisala,Mongala,1,FALSE,0.0034,0.002,0.0053,0.0033,97,77,129,0.0034,0.4806,97,0.0079,NA,NA,NA,NA,NA,NA,0.4093,0.012,98,0.4286,0.4402,0,0.7683,0,Bayes-M10-geo
Kamituga,Sud-Kivu,1,FALSE,0.0034,0.0023,0.0047,0.0034,96,85,113,0.0034,0.4788,98,0.0079,NA,NA,NA,NA,NA,NA,0.3596,0.0105,108,0.3938,0.6062,0,0.4382,0,Bayes-M10-geo
Kitutu,Sud-Kivu,1,FALSE,0.0034,0.0023,0.0047,0.0034,95,88,109,0.0034,0.4827,96,0.0079,NA,NA,NA,NA,NA,NA,0.5024,0.0147,85,0.751,0.805,0,0.4537,0,Bayes-M10-geo
Lulingu,Sud-Kivu,1,FALSE,0.0034,0.002,0.0049,0.0033,96,86,118,0.0034,0.4727,99,0.0078,NA,NA,NA,NA,NA,NA,0.6158,0.0177,77,0.9093,0.8108,0,0.7432,0,Bayes-M10-geo
Ndage,Sud-Ubangi,1,FALSE,0.0034,0.002,0.0051,0.0033,98,76,135,0.0034,0.4722,100,0.0078,NA,NA,NA,NA,NA,NA,0.3533,0.0101,111,0.3996,0.2761,0,0.7375,0,Bayes-M10-geo
Gombe,Kinshasa,1,FALSE,0.0032,6e-4,0.0082,0.0025,116,65,213,0.0032,0.4464,103,0.0073,NA,NA,NA,NA,NA,NA,0.1622,0.0044,156,0.0695,0.5695,0,0.0097,0,Bayes-M10-geo
Shabunda,Sud-Kivu,1,FALSE,0.0032,0.0018,0.005,0.0031,102,86,122,0.0032,0.4517,102,0.0074,NA,NA,NA,NA,NA,NA,0.5922,0.0163,80,0.8378,0.8726,0,0.6583,0,Bayes-M10-geo
Ikela,Tshuapa,1,FALSE,0.0032,0.0018,0.005,0.0031,102,87,121,0.0032,0.4539,101,0.0075,NA,NA,NA,NA,NA,NA,0.4633,0.0128,93,0.8147,0.1795,0,0.8591,0,Bayes-M10-geo
Kampene,Maniema,1,FALSE,0.0031,0.0018,0.0048,0.003,103,93,122,0.0031,0.4371,105,0.0072,NA,NA,NA,NA,NA,NA,0.3962,0.0105,107,0.5251,0.1757,0,0.8842,0,Bayes-M10-geo
Yamaluka,Mongala,1,FALSE,0.0031,0.0019,0.0045,0.003,105,96,114,0.0031,0.43120000000000003,106,0.0071,NA,NA,NA,NA,NA,NA,0.1974,0.0052,142,0.2799,0.1448,0,0.3649,0,Bayes-M10-geo
Kimbi Lulenge,Sud-Kivu,1,FALSE,0.0031,0.0019,0.0045,0.003,105,97,117,0.0031,0.4289,107,0.0071,NA,NA,NA,NA,NA,NA,0.5507,0.0144,87,0.8475,0.8687,0,0.4865,0,Bayes-M10-geo
Minembwe,Sud-Kivu,1,FALSE,0.0031,0.0019,0.0046,0.0031,103,87,125,0.0031,0.4417,104,0.0073,NA,NA,NA,NA,NA,NA,0.5198,0.014,88,0.7181,0.8089,0,0.5521,0,Bayes-M10-geo
Ango,Bas-Uele,1,FALSE,0.003,0.0018,0.0045,0.003,104,94,126,0.003,0.4266,108,0.007,NA,NA,NA,NA,NA,NA,0.7095,0.0184,73,1,0.8591,0,0.9788,0,Bayes-M10-geo
Masina 2,Kinshasa,1,FALSE,0.003,8e-4,0.0067,0.0026,115,73,173,0.003,0.4196,109,0.0069,NA,NA,NA,NA,NA,NA,0.0265,7e-4,371,0.0174,0.0193,0,0.0695,0,Bayes-M10-geo
Lusangi,Maniema,1,FALSE,0.003,0.0018,0.0045,0.0029,106,97.05,126,0.003,0.4168,110,0.0069,NA,NA,NA,NA,NA,NA,0.4223,0.0107,106,0.5656,0.2645,0,0.8591,0,Bayes-M10-geo
Masina 1,Kinshasa,1,FALSE,0.0029,7e-4,0.0068,0.0025,117,72.05,183,0.0029,0.4118,111,0.0068,NA,NA,NA,NA,NA,NA,0.0193,5e-4,387,0.0077,0.0077,0,0.0618,0,Bayes-M10-geo
Kalemie,Tanganyika,1,FALSE,0.0029,0.0014,0.0048,0.0028,110,89,126,0.0029,0.4079,112,0.0067,NA,NA,NA,NA,NA,NA,0.3789,0.0094,112,0.6718,0.4575,0,0.3861,0,Bayes-M10-geo
Bili (Bas-Uele),Bas-Uele,1,FALSE,0.0028,0.0015,0.0047,0.0027,111,83,144,0.0028,0.3978,113,0.0065,NA,NA,NA,NA,NA,NA,0.6926,0.0168,79,0.9981,0.7992,0,0.973,0,Bayes-M10-geo
Limete,Kinshasa,1,FALSE,0.0028,6e-4,0.0067,0.0022,122,73,209,0.0028,0.3866,116,0.0064,NA,NA,NA,NA,NA,NA,0.056,0.0013,311,0.0405,0.1371,0,0.0463,0,Bayes-M10-geo
Samba,Maniema,1,FALSE,0.0028,0.0016,0.0042,0.0027,110,102,129,0.0028,0.3929,115,0.0065,NA,NA,NA,NA,NA,NA,0.5179,0.0124,96,0.7529,0.4344,0,0.8842,0,Bayes-M10-geo
Gemena,Sud-Ubangi,1,FALSE,0.0028,0.0014,0.0049,0.0026,113,77,155,0.0028,0.3962,114,0.0065,NA,NA,NA,NA,NA,NA,0.3277,0.0079,117,0.1776,0.2741,0,0.8591,0,Bayes-M10-geo
Nsele,Kinshasa,1,FALSE,0.0027,6e-4,0.0064,0.0022,124,73,209,0.0027,0.3772,118,0.0062,NA,NA,NA,NA,NA,NA,0.1583,0.0036,175,0.139,0.3996,0,0.0946,0,Bayes-M10-geo
Kintambo,Kinshasa,1,FALSE,0.0027,5e-4,0.007,0.0021,125,69,245,0.0027,0.3802,117,0.0062,NA,NA,NA,NA,NA,NA,0.0338,8e-4,359,0.0212,0.1004,0,0.0135,0,Bayes-M10-geo
Kabambare,Maniema,1,FALSE,0.0026,0.0015,0.004,0.0025,115,101,137,0.0026,0.3637,119,0.006,NA,NA,NA,NA,NA,NA,0.3953,0.0087,114,0.8359,0.112,0,0.6332,0,Bayes-M10-geo
Mbulula,Tanganyika,1,FALSE,0.0026,0.0013,0.0043,0.0025,116,100,134,0.0026,0.3632,120,0.006,NA,NA,NA,NA,NA,NA,0.5934,0.0131,91,0.6448,0.7761,0,0.9527,0,Bayes-M10-geo
Matete,Kinshasa,1,FALSE,0.0025,6e-4,0.0058,0.002,128,82,215,0.0025,0.3446,125,0.0057,NA,NA,NA,NA,NA,NA,0.0492,0.001,339,0.0251,0.1158,0,0.056,0,Bayes-M10-geo
Kokolo,Kinshasa,1,FALSE,0.0025,5e-4,0.0063,0.002,132,77,248.9,0.0025,0.347,124,0.0057,NA,NA,NA,NA,NA,NA,0.2172,0.0046,151,0.0772,0.7722,0,0.0193,0,Bayes-M10-geo
Kabinda,Lomami,1,FALSE,0.0025,0.0012,0.0043,0.0023,119,95,141,0.0025,0.3475,123,0.0057,NA,NA,NA,NA,NA,NA,0.4382,0.0093,113,0.5097,0.5541,0,0.6892,0,Bayes-M10-geo
Itombwe,Sud-Kivu,1,FALSE,0.0025,0.0014,0.004,0.0024,117,94,148,0.0025,0.3546,121,0.0058,NA,NA,NA,NA,NA,NA,0.5121,0.011,102,0.8571,0.6737,0,0.5174,0,Bayes-M10-geo
Kongolo,Tanganyika,1,FALSE,0.0025,0.0012,0.0045,0.0023,119,91,144,0.0025,0.3525,122,0.0058,NA,NA,NA,NA,NA,NA,0.6829,0.0146,86,0.8861,0.9228,0,0.9228,0,Bayes-M10-geo
Kikimi,Kinshasa,1,FALSE,0.0023,7e-4,0.005,0.002,130,90,192,0.0023,0.322,127,0.0053,NA,NA,NA,NA,NA,NA,0.0835,0.0016,281,0.056,0.1911,0,0.0869,0,Bayes-M10-geo
Bandalungwa,Kinshasa,1,FALSE,0.0023,5e-4,0.0058,0.0018,137.5,80.05,268,0.0023,0.3187,128,0.0052,NA,NA,NA,NA,NA,NA,0.0709,0.0014,307,0.0328,0.2336,0,0.0174,0,Bayes-M10-geo
Barumbu,Kinshasa,1,FALSE,0.0023,5e-4,0.0058,0.0018,137,79,266,0.0023,0.3175,129,0.0052,NA,NA,NA,NA,NA,NA,0.014,3e-4,417,0.0097,0.0232,0,0.0232,0,Bayes-M10-geo
Kailo,Maniema,1,FALSE,0.0023,0.0012,0.0037,0.0022,121,111,138,0.0023,0.3244,126,0.0053,NA,NA,NA,NA,NA,NA,0.4276,0.0084,115,0.832,0.0946,0,0.7838,0,Bayes-M10-geo
Lubao,Lomami,1,FALSE,0.0022,0.0012,0.0034,0.0021,127,115,142,0.0022,0.3022,132,0.005,NA,NA,NA,NA,NA,NA,0.3982,0.0073,119,0.6486,0.1525,0,0.7915,0,Bayes-M10-geo
Alunguli,Maniema,1,FALSE,0.0022,0.0012,0.0036,0.0021,125,109,151,0.0022,0.3104,130,0.0051,NA,NA,NA,NA,NA,NA,0.3132,0.0059,134,0.1737,0.195,0,0.8842,0,Bayes-M10-geo
Kabalo,Tanganyika,1,FALSE,0.0022,0.001,0.0038,0.002,128,108,147.95,0.0022,0.3037,131,0.005,NA,NA,NA,NA,NA,NA,0.624,0.0115,100,0.9035,0.7568,0,0.8359,0,Bayes-M10-geo
Ngiri Ngiri,Kinshasa,1,FALSE,0.0021,4e-4,0.0053,0.0016,143,85,279,0.0021,0.2894,136,0.0048,NA,NA,NA,NA,NA,NA,0.028,5e-4,386,0.0154,0.0676,0,0.029,0,Bayes-M10-geo
Kibombo,Maniema,1,FALSE,0.0021,0.0012,0.0033,0.002,128,113,147,0.0021,0.2966,134,0.0049,NA,NA,NA,NA,NA,NA,0.4614,0.0083,116,0.7452,0.1776,0,0.9228,0,Bayes-M10-geo
Kalima,Maniema,1,FALSE,0.0021,0.0012,0.0033,0.0021,126,117,136,0.0021,0.2998,133,0.0049,NA,NA,NA,NA,NA,NA,0.3094,0.0056,137,0.4595,0.3205,0,0.4575,0,Bayes-M10-geo
Nyunzu,Tanganyika,1,FALSE,0.0021,0.0011,0.0034,0.002,129,114,143,0.0021,0.2935,135,0.0048,NA,NA,NA,NA,NA,NA,0.6023,0.0108,104,0.9653,0.834,0,0.61,0,Bayes-M10-geo
Likati,Bas-Uele,1,FALSE,0.0019,0.0012,0.0027,0.0019,134,114,158,0.0019,0.2651,137,0.0044,NA,NA,NA,NA,NA,NA,0.7124,0.0115,101,0.9942,0.971,0,0.8842,0,Bayes-M10-geo
Maluku 2,Kinshasa,1,FALSE,0.0019,8e-4,0.0034,0.0017,138,123,153,0.0019,0.2618,138,0.0043,NA,NA,NA,NA,NA,NA,0.4184,0.0067,125,0.6834,0.5463,0,0.444,0,Bayes-M10-geo
Bondo,Bas-Uele,1,FALSE,0.0018,0.001,0.0028,0.0017,139,116,160,0.0018,0.2482,142,0.0041,NA,NA,NA,NA,NA,NA,0.6737,0.0102,110,0.9961,0.9981,0,0.7008,0,Bayes-M10-geo
Lemba,Kinshasa,1,FALSE,0.0018,4e-4,0.0044,0.0015,150,98,271,0.0018,0.2532,140,0.0042,NA,NA,NA,NA,NA,NA,0.1023,0.0016,289,0.0483,0.3069,0,0.0541,0,Bayes-M10-geo
Ludimbi Lukula,Lomami,1,FALSE,0.0018,9e-4,0.0029,0.0017,139,123,156.95,0.0018,0.2501,141,0.0041,NA,NA,NA,NA,NA,NA,0.4513,0.0069,124,0.6931,0.3475,0,0.7645,0,Bayes-M10-geo
Tshofa,Lomami,1,FALSE,0.0018,9e-4,0.0029,0.0017,140,124,154,0.0018,0.2479,143,0.0041,NA,NA,NA,NA,NA,NA,0.4416,0.0067,126,0.6757,0.3514,0,0.7394,0,Bayes-M10-geo
Pangi,Maniema,1,FALSE,0.0018,9e-4,0.003,0.0017,138,115,172,0.0018,0.2556,139,0.0042,NA,NA,NA,NA,NA,NA,0.3316,0.0052,143,0.6081,0.056,0,0.6622,0,Bayes-M10-geo
Kingasani,Kinshasa,1,FALSE,0.0017,5e-4,0.0039,0.0015,151,107,251,0.0017,0.2407,144,0.004,NA,NA,NA,NA,NA,NA,0.0294,4e-4,390,0.0058,0.0405,0,0.0714,0,Bayes-M10-geo
Maluku 1,Kinshasa,1,FALSE,0.0017,5e-4,0.0035,0.0015,148,120,211,0.0017,0.2372,146,0.0039,NA,NA,NA,NA,NA,NA,0.2321,0.0034,184,0.3475,0.4517,0,0.1293,0,Bayes-M10-geo
Mulumba,Lomami,1,FALSE,0.0017,8e-4,0.0028,0.0016,142,124.05,156,0.0017,0.2384,145,0.0039,NA,NA,NA,NA,NA,NA,0.2587,0.0038,171,0.1834,0.3108,0,0.5405,0,Bayes-M10-geo
Mbandaka,Equateur,1,FALSE,0.0016,7e-4,0.003,0.0015,147,131,169,0.0016,0.2297,147,0.0038,NA,NA,NA,NA,NA,NA,0.5164,0.0072,121,0.6409,0.9633,0,0.4614,0,Bayes-M10-geo
Kamana,Lomami,1,FALSE,0.0016,8e-4,0.0025,0.0015,148,130,167,0.0016,0.2191,150,0.0036,NA,NA,NA,NA,NA,NA,0.2944,0.0039,168,0.5309,0.0174,0,0.6293,0,Bayes-M10-geo
Tunda,Maniema,1,FALSE,0.0016,8e-4,0.0027,0.0015,147,122,186,0.0016,0.2258,149,0.0037,NA,NA,NA,NA,NA,NA,0.459,0.0063,127,0.8977,0.0541,0,0.8842,0,Bayes-M10-geo
Yambuku,Mongala,1,FALSE,0.0016,8e-4,0.0028,0.0015,147,113,197.95,0.0016,0.2275,148,0.0037,NA,NA,NA,NA,NA,NA,0.4344,0.006,133,0.5483,0.5753,0,0.6139,0,Bayes-M10-geo
Kalamu 2,Kinshasa,1,FALSE,0.0015,3e-4,0.004,0.0012,175.5,99,324,0.0015,0.2135,152,0.0035,NA,NA,NA,NA,NA,NA,0.015,2e-4,427,0.0039,0.0154,0,0.0405,0,Bayes-M10-geo
Ndjili,Kinshasa,1,FALSE,0.0015,4e-4,0.0033,0.0012,171,120,280,0.0015,0.2045,156,0.0034,NA,NA,NA,NA,NA,NA,0.0487,6e-4,375,0.027,0.1042,0,0.0637,0,Bayes-M10-geo
Ngandajika,Lomami,1,FALSE,0.0015,8e-4,0.0025,0.0014,153,133,166,0.0015,0.2099,154,0.0035,NA,NA,NA,NA,NA,NA,0.3465,0.0044,155,0.2124,0.4459,0,0.7278,0,Bayes-M10-geo
Bumba,Mongala,1,FALSE,0.0015,9e-4,0.0023,0.0015,149,131,173,0.0015,0.2123,153,0.0035,NA,NA,NA,NA,NA,NA,0.2384,0.0031,193,0.1409,0.4537,0,0.3591,0,Bayes-M10-geo
Lodja,Sankuru,1,FALSE,0.0015,6e-4,0.0027,0.0013,157,124,207.95,0.0015,0.2041,157,0.0034,NA,NA,NA,NA,NA,NA,0.4626,0.0057,136,0.2625,0.6351,0,0.9527,0,Bayes-M10-geo
Mondombe,Tshuapa,1,FALSE,0.0015,8e-4,0.0024,0.0014,153,130,170,0.0015,0.2091,155,0.0034,NA,NA,NA,NA,NA,NA,0.4797,0.0061,130,0.6622,0.3726,0,0.8842,0,Bayes-M10-geo
Yalifafu,Tshuapa,1,FALSE,0.0015,8e-4,0.0024,0.0015,150,130,167,0.0015,0.2138,151,0.0035,NA,NA,NA,NA,NA,NA,0.4797,0.0062,128,0.7664,0.2683,0,0.8842,0,Bayes-M10-geo
Kiambi,Tanganyika,1,FALSE,0.0015,7e-4,0.0024,0.0014,154,135,176,0.0015,0.2037,158,0.0034,NA,NA,NA,NA,NA,NA,0.5709,0.0071,123,0.9807,0.6834,0,0.6197,0,Bayes-M10-geo
Kingabwa,Kinshasa,1,FALSE,0.0014,3e-4,0.0034,0.0012,178.5,117,297,0.0014,0.1981,161,0.0033,NA,NA,NA,NA,NA,NA,0.0478,6e-4,378,0.0425,0.0965,0,0.0521,0,Bayes-M10-geo
Kanda Kanda,Lomami,1,FALSE,0.0014,7e-4,0.0023,0.0013,160,140,174,0.0014,0.1941,162,0.0032,NA,NA,NA,NA,NA,NA,0.3012,0.0036,179,0.3185,0.1737,0,0.7124,0,Bayes-M10-geo
Luputa,Lomami,1,FALSE,0.0014,7e-4,0.0026,0.0013,157,130,186,0.0014,0.2021,159,0.0033,NA,NA,NA,NA,NA,NA,0.3431,0.0042,159,0.3301,0.3166,0,0.7259,0,Bayes-M10-geo
Mweneditu,Lomami,1,FALSE,0.0014,6e-4,0.0023,0.0013,164,138,188,0.0014,0.1898,163,0.0031,NA,NA,NA,NA,NA,NA,0.2799,0.0032,189,0.166,0.3842,0,0.5695,0,Bayes-M10-geo
Tandala,Sud-Ubangi,1,FALSE,0.0014,8e-4,0.0022,0.0014,156,118,222,0.0014,0.1996,160,0.0033,NA,NA,NA,NA,NA,NA,0.4078,0.005,146,0.2741,0.527,0,0.8301,0,Bayes-M10-geo
Kasansa,Kasaï-Oriental,1,FALSE,0.0013,6e-4,0.0022,0.0012,165,147,191,0.0013,0.1833,169,0.003,NA,NA,NA,NA,NA,NA,0.3349,0.0037,172,0.2568,0.6699,0,0.4131,0,Bayes-M10-geo
Kalambayi Kabanga,Lomami,1,FALSE,0.0013,7e-4,0.0021,0.0012,167,150,185,0.0013,0.1806,171,0.003,NA,NA,NA,NA,NA,NA,0.3132,0.0034,182,0.4556,0.1602,0,0.6371,0,Bayes-M10-geo
Yamongili,Mongala,1,FALSE,0.0013,8e-4,0.0019,0.0013,159,141,179.95,0.0013,0.1885,165,0.0031,NA,NA,NA,NA,NA,NA,0.3243,0.0037,173,0.5116,0.3668,0,0.4189,0,Bayes-M10-geo
Bosondjo,Mongala,1,FALSE,0.0013,7e-4,0.0021,0.0013,161,142,181,0.0013,0.1879,166,0.0031,NA,NA,NA,NA,NA,NA,0.3489,0.004,165,0.5618,0.1931,0,0.6409,0,Bayes-M10-geo
Yakoma,Nord-Ubangi,1,FALSE,0.0013,7e-4,0.0022,0.0013,164,129,209,0.0013,0.1869,168,0.0031,NA,NA,NA,NA,NA,NA,0.6641,0.0076,118,0.7124,0.9479,0,0.9961,0,Bayes-M10-geo
Katako Kombe,Sankuru,1,FALSE,0.0013,7e-4,0.0023,0.0013,164,144,179,0.0013,0.1876,167,0.0031,NA,NA,NA,NA,NA,NA,0.4703,0.0054,139,0.7857,0.1313,0,0.9643,0,Bayes-M10-geo
Tshumbe,Sankuru,1,FALSE,0.0013,7e-4,0.0023,0.0013,161,141,182,0.0014,0.1895,164,0.0031,NA,NA,NA,NA,NA,NA,0.3907,0.0045,153,0.5444,0.1718,0,0.8465,0,Bayes-M10-geo
Mompono,Tshuapa,1,FALSE,0.0013,7e-4,0.002,0.0012,165,141,192,0.0013,0.182,170,0.003,NA,NA,NA,NA,NA,NA,0.5598,0.0062,129,0.8089,0.6042,0,0.8263,0,Bayes-M10-geo
Monga,Bas-Uele,1,FALSE,0.0012,7e-4,0.0017,0.0011,179,144.05,220,0.0012,0.1618,186,0.0027,NA,NA,NA,NA,NA,NA,0.7336,0.0072,120,0.9826,0.9672,0,0.9846,0,Bayes-M10-geo
Kabongo,Haut-Lomami,1,FALSE,0.0012,5e-4,0.0021,0.0011,184,150,229,0.0012,0.1625,184,0.0027,NA,NA,NA,NA,NA,NA,0.5372,0.0053,141,0.8108,0.778,0,0.5598,0,Bayes-M10-geo
Kaniama,Haut-Lomami,1,FALSE,0.0012,6e-4,0.0021,0.0011,177,146.05,212,0.0012,0.1713,176,0.0028,NA,NA,NA,NA,NA,NA,0.582,0.0061,131,0.8533,0.6622,0,0.8127,0,Bayes-M10-geo
Kitenge,Haut-Lomami,1,FALSE,0.0012,6e-4,0.0021,0.0012,175,150,203,0.0012,0.1726,174,0.0028,NA,NA,NA,NA,NA,NA,0.5729,0.006,132,0.8668,0.8069,0,0.6178,0,Bayes-M10-geo
Bonzola,Kasaï-Oriental,1,FALSE,0.0012,5e-4,0.0021,0.0011,180,153,226,0.0012,0.1646,181,0.0027,NA,NA,NA,NA,NA,NA,0.2958,0.003,197,0.0927,0.7934,0,0.2973,0,Bayes-M10-geo
Kalonda Est,Lomami,1,FALSE,0.0012,6e-4,0.0019,0.0011,178,158,206,0.0012,0.1648,180,0.0027,NA,NA,NA,NA,NA,NA,0.3292,0.0033,187,0.5425,0.1506,0,0.6236,0,Bayes-M10-geo
Wapinda,Nord-Ubangi,1,FALSE,0.0012,7e-4,0.0019,0.0012,171,134,224,0.0012,0.1715,175,0.0028,NA,NA,NA,NA,NA,NA,0.6791,0.0071,122,0.9015,0.8398,0,0.9749,0,Bayes-M10-geo
Djalo Ndjeka,Sankuru,1,FALSE,0.0012,6e-4,0.002,0.0011,181,144,234,0.0012,0.1621,185,0.0027,NA,NA,NA,NA,NA,NA,0.3378,0.0033,185,0.3591,0.0695,0,0.9228,0,Bayes-M10-geo
Omendjadi,Sankuru,1,FALSE,0.0012,6e-4,0.0021,0.0012,173,153,191,0.0012,0.1739,172,0.0029,NA,NA,NA,NA,NA,NA,0.4262,0.0045,152,0.5502,0.2317,0,0.9228,0,Bayes-M10-geo
Vanga Kete,Sankuru,1,FALSE,0.0012,6e-4,0.0021,0.0011,177,157,197,0.0012,0.1697,178,0.0028,NA,NA,NA,NA,NA,NA,0.4503,0.0047,150,0.4672,0.4112,0,0.9228,0,Bayes-M10-geo
Dikungu,Sankuru,1,FALSE,0.0012,6e-4,0.0021,0.0012,173,154,194,0.0012,0.1729,173,0.0028,NA,NA,NA,NA,NA,NA,0.3779,0.004,166,0.4865,0.1409,0,0.8842,0,Bayes-M10-geo
Minga,Sankuru,1,FALSE,0.0012,6e-4,0.002,0.0011,180,162,203.95,0.0012,0.1643,182,0.0027,NA,NA,NA,NA,NA,NA,0.5347,0.0053,140,0.7838,0.471,0,0.8842,0,Bayes-M10-geo
Wembo Nyama,Sankuru,1,FALSE,0.0012,6e-4,0.002,0.0012,174,151,205,0.0012,0.1699,177,0.0028,NA,NA,NA,NA,NA,NA,0.4097,0.0042,158,0.5019,0.2143,0,0.9228,0,Bayes-M10-geo
Bokungu,Tshuapa,1,FALSE,0.0012,6e-4,0.0019,0.0011,181,156,209,0.0012,0.1634,183,0.0027,NA,NA,NA,NA,NA,NA,0.49370000000000003,0.0049,148,0.695,0.3571,0,0.9228,0,Bayes-M10-geo
Manono,Tanganyika,1,FALSE,0.0012,5e-4,0.0021,0.0011,180,154,220,0.0012,0.1649,179,0.0027,NA,NA,NA,NA,NA,NA,0.5758,0.0058,135,0.8784,0.9537,0,0.471,0,Bayes-M10-geo
Kananga,Kasaï-Central,1,FALSE,0.0011,5e-4,0.0021,0.0011,185,148,237,0.0011,0.1612,187,0.0027,NA,NA,NA,NA,NA,NA,0.2963,0.0029,198,0.1429,0.5579,0,0.4846,0,Bayes-M10-geo
Kabeya Kamwanga,Kasaï-Oriental,1,FALSE,0.0011,5e-4,0.0019,0.001,187,170,211,0.0011,0.1554,190,0.0026,NA,NA,NA,NA,NA,NA,0.2968,0.0028,205,0.3224,0.3919,0,0.473,0,Bayes-M10-geo
Binza Ozone,Kinshasa,1,FALSE,0.0011,2e-4,0.0031,9e-4,218,123,354,0.0011,0.1593,188,0.0026,NA,NA,NA,NA,NA,NA,0.152,0.0015,300,0.0734,0.5232,0,0.0116,0,Bayes-M10-geo
Bongandanga,Mongala,1,FALSE,0.0011,6e-4,0.0018,0.001,191,145,251,0.0011,0.1502,192,0.0025,NA,NA,NA,NA,NA,NA,0.4228,0.0039,170,0.7587,0.0097,0,0.9228,0,Bayes-M10-geo
Lomela,Sankuru,1,FALSE,0.0011,6e-4,0.0018,0.0011,186,163.05,214,0.0011,0.1551,191,0.0026,NA,NA,NA,NA,NA,NA,0.4759,0.0045,154,0.8456,0.1351,0,0.9228,0,Bayes-M10-geo
Bogosenubea,Sud-Ubangi,1,FALSE,0.0011,7e-4,0.0017,0.0011,182,132,245.95,0.0011,0.1571,189,0.0026,NA,NA,NA,NA,NA,NA,0.4107,0.0039,167,0.4981,0.3031,0,0.8417,0,Bayes-M10-geo
Kansimba,Tanganyika,1,FALSE,0.0011,5e-4,0.0018,0.001,191,184,199,0.0011,0.1496,193,0.0025,NA,NA,NA,NA,NA,NA,0.5497,0.005,144,0.9479,0.7741,0,0.4768,0,Bayes-M10-geo
Lubumbashi,Haut-Katanga,1,FALSE,0.001,3e-4,0.002,8e-4,218,153,298,0.001,0.1356,204,0.0022,NA,NA,NA,NA,NA,NA,0.1105,9e-4,346,0.1081,0.2104,0,0.1236,0,Bayes-M10-geo
Dibaya,Kasaï-Central,1,FALSE,0.001,5e-4,0.0016,9e-4,206,190,224,0.001,0.1353,205,0.0022,NA,NA,NA,NA,NA,NA,0.3325,0.0027,209,0.3147,0.4479,0,0.5676,0,Bayes-M10-geo
Katende,Kasaï-Central,1,FALSE,0.001,5e-4,0.0017,9e-4,209,184,232,0.001,0.134,206,0.0022,NA,NA,NA,NA,NA,NA,0.5154,0.0042,160,0.6525,0.6486,0,0.7606,0,Bayes-M10-geo
Bibanga,Kasaï-Oriental,1,FALSE,0.001,5e-4,0.0016,9e-4,200,194,207,0.001,0.1397,200,0.0023,NA,NA,NA,NA,NA,NA,0.2978,0.0025,224,0.3127,0.4884,0,0.39,0,Bayes-M10-geo
Diulu,Kasaï-Oriental,1,FALSE,0.001,5e-4,0.0016,0.001,200,182,215,0.001,0.1396,201,0.0023,NA,NA,NA,NA,NA,NA,0.2611,0.0022,243,0.0676,0.6448,0,0.332,0,Bayes-M10-geo
Mukumbi,Kasaï-Oriental,1,FALSE,0.001,5e-4,0.0016,9e-4,206.5,188,227,0.001,0.1338,207,0.0022,NA,NA,NA,NA,NA,NA,0.2249,0.0018,264,0.2413,0.1892,0,0.4691,0,Bayes-M10-geo
Nzaba,Kasaï-Oriental,1,FALSE,0.001,5e-4,0.0017,9e-4,200,176,235,0.001,0.1403,198,0.0023,NA,NA,NA,NA,NA,NA,0.278,0.0024,232,0.1042,0.6931,0,0.3147,0,Bayes-M10-geo
Tshilenge,Kasaï-Oriental,1,FALSE,0.001,4e-4,0.0016,9e-4,209,182,242,0.001,0.1334,208,0.0022,NA,NA,NA,NA,NA,NA,0.2799,0.0023,237,0.1892,0.668,0,0.2625,0,Bayes-M10-geo
Kalenda,Lomami,1,FALSE,0.001,5e-4,0.0018,0.001,196,178,218,0.001,0.1455,194,0.0024,NA,NA,NA,NA,NA,NA,0.2886,0.0026,221,0.388,0.1873,0,0.5792,0,Bayes-M10-geo
Makota,Lomami,1,FALSE,0.001,5e-4,0.0017,0.001,195,171,228,0.001,0.1443,195,0.0024,NA,NA,NA,NA,NA,NA,0.2587,0.0023,238,0.1023,0.3764,0,0.556,0,Bayes-M10-geo
Boso Manzi,Mongala,1,FALSE,0.001,6e-4,0.0014,0.001,199,150,257,0.001,0.1375,203,0.0023,NA,NA,NA,NA,NA,NA,0.3982,0.0033,186,0.5695,0.2278,0,0.7954,0,Bayes-M10-geo
Pimu,Mongala,1,FALSE,0.001,6e-4,0.0015,9e-4,201,171,235,0.001,0.1377,202,0.0023,NA,NA,NA,NA,NA,NA,0.4257,0.0036,178,0.583,0.3707,0,0.749,0,Bayes-M10-geo
Karawa,Nord-Ubangi,1,FALSE,0.001,6e-4,0.0016,0.001,196,140,263,0.001,0.1427,196,0.0023,NA,NA,NA,NA,NA,NA,0.6404,0.0056,138,0.7568,0.973,0,0.832,0,Bayes-M10-geo
Wasolo,Nord-Ubangi,1,FALSE,0.001,5e-4,0.0016,0.001,196,153.05,250,0.001,0.1421,197,0.0023,NA,NA,NA,NA,NA,NA,0.5709,0.0049,147,0.5541,0.7413,0,0.9884,0,Bayes-M10-geo
Ototo,Sankuru,1,FALSE,0.001,5e-4,0.0017,9e-4,201,178,227,0.001,0.1402,199,0.0023,NA,NA,NA,NA,NA,NA,0.4561,0.0039,169,0.5386,0.3629,0,0.9228,0,Bayes-M10-geo
Luebo,Kasaï,1,FALSE,9e-4,4e-4,0.0016,9e-4,218,180,258.95,9e-4,0.1279,216,0.0021,NA,NA,NA,NA,NA,NA,0.4353,0.0034,183,0.5232,0.5116,0,0.7066,0,Bayes-M10-geo
Lubunga (Kasaï-Central),Kasaï-Central,1,FALSE,9e-4,4e-4,0.0015,8e-4,220,179.05,258,9e-4,0.1249,218,0.0021,NA,NA,NA,NA,NA,NA,0.4599,0.0035,181,0.5637,0.4653,0,0.8108,0,Bayes-M10-geo
Mikalayi,Kasaï-Central,1,FALSE,9e-4,4e-4,0.0016,9e-4,211,182,246,9e-4,0.1322,210,0.0022,NA,NA,NA,NA,NA,NA,0.3948,0.0032,191,0.4517,0.5811,0,0.5463,0,Bayes-M10-geo
Ndekesha,Kasaï-Central,1,FALSE,9e-4,4e-4,0.0015,8e-4,223,196,243,9e-4,0.1234,221,0.002,NA,NA,NA,NA,NA,NA,0.4059,0.003,194,0.4768,0.4498,0,0.6969,0,Bayes-M10-geo
Bipemba,Kasaï-Oriental,1,FALSE,9e-4,4e-4,0.0014,8e-4,225,202,248,9e-4,0.1204,223,0.002,NA,NA,NA,NA,NA,NA,0.1544,0.0011,329,0.0618,0.2201,0,0.3359,0,Bayes-M10-geo
Citenge,Kasaï-Oriental,1,FALSE,9e-4,5e-4,0.0015,9e-4,211,188,234,9e-4,0.1299,211,0.0021,NA,NA,NA,NA,NA,NA,0.2321,0.0018,262,0.1583,0.4749,0,0.2954,0,Bayes-M10-geo
Dibindi,Kasaï-Oriental,1,FALSE,9e-4,4e-4,0.0015,8e-4,219,189,247,9e-4,0.1241,219,0.002,NA,NA,NA,NA,NA,NA,0.1617,0.0012,324,0.0386,0.2954,0,0.3127,0,Bayes-M10-geo
Kansele,Kasaï-Oriental,1,FALSE,9e-4,4e-4,0.0014,8e-4,219,187,251,9e-4,0.1236,220,0.002,NA,NA,NA,NA,NA,NA,0.2437,0.0018,263,0.0541,0.5965,0,0.3243,0,Bayes-M10-geo
Lubilanji,Kasaï-Oriental,1,FALSE,9e-4,4e-4,0.0015,9e-4,216,186,244,9e-4,0.1258,217,0.0021,NA,NA,NA,NA,NA,NA,0.1694,0.0013,315,0.0347,0.3398,0,0.3031,0,Bayes-M10-geo
Lukelenge,Kasaï-Oriental,1,FALSE,9e-4,5e-4,0.0015,9e-4,212,195,230,9e-4,0.1298,213,0.0021,NA,NA,NA,NA,NA,NA,0.2249,0.0018,268,0.0811,0.5,0,0.3185,0,Bayes-M10-geo
Muya,Kasaï-Oriental,1,FALSE,9e-4,4e-4,0.0014,8e-4,221,198,241,9e-4,0.123,222,0.002,NA,NA,NA,NA,NA,NA,0.2495,0.0019,260,0.0753,0.5888,0,0.334,0,Bayes-M10-geo
Pania Mutombo,Sankuru,1,FALSE,9e-4,4e-4,0.0016,9e-4,216,168.05,269.95,9e-4,0.1281,214,0.0021,NA,NA,NA,NA,NA,NA,0.4117,0.0032,190,0.7413,0.1236,0,0.7819,0,Bayes-M10-geo
Bwamanda,Sud-Ubangi,1,FALSE,9e-4,5e-4,0.0015,9e-4,212,149,282,9e-4,0.1299,212,0.0021,NA,NA,NA,NA,NA,NA,0.4667,0.0037,174,0.4189,0.7394,0,0.7085,0,Bayes-M10-geo
Befale,Tshuapa,1,FALSE,9e-4,5e-4,0.0015,9e-4,207,179.05,235.95,9e-4,0.1332,209,0.0022,NA,NA,NA,NA,NA,NA,0.5145,0.0042,163,0.8822,0.4903,0,0.6853,0,Bayes-M10-geo
Ankoro,Tanganyika,1,FALSE,9e-4,4e-4,0.0016,9e-4,217,191,238,9e-4,0.1279,215,0.0021,NA,NA,NA,NA,NA,NA,0.6047,0.0047,149,0.9266,0.8282,0,0.6641,0,Bayes-M10-geo
Tshamilemba,Haut-Katanga,1,FALSE,8e-4,3e-4,0.0016,7e-4,243,166,308,8e-4,0.1144,235,0.0019,NA,NA,NA,NA,NA,NA,0.0772,5e-4,382,0.0656,0.1255,0,0.1178,0,Bayes-M10-geo
Malemba Nkulu,Haut-Lomami,1,FALSE,8e-4,3e-4,0.0014,7e-4,242,209,277,8e-4,0.1098,244,0.0018,NA,NA,NA,NA,NA,NA,0.3895,0.0026,217,0.36870000000000003,0.7664,0,0.4228,0,Bayes-M10-geo
Mweka,Kasaï,1,FALSE,8e-4,4e-4,0.0015,8e-4,236,190.05,279,8e-4,0.116,229,0.0019,NA,NA,NA,NA,NA,NA,0.5053,0.0036,177,0.4788,0.7239,0,0.8185,0,Bayes-M10-geo
Bena Leka,Kasaï-Central,1,FALSE,8e-4,4e-4,0.0015,8e-4,232,194.05,267,8e-4,0.1182,224,0.0019,NA,NA,NA,NA,NA,NA,0.4986,0.0036,176,0.6062,0.7162,0,0.6718,0,Bayes-M10-geo
Demba,Kasaï-Central,1,FALSE,8e-4,4e-4,0.0014,7e-4,239,206,273,8e-4,0.1115,242,0.0018,NA,NA,NA,NA,NA,NA,0.4117,0.0028,206,0.4653,0.7143,0,0.4672,0,Bayes-M10-geo
Lubondaie,Kasaï-Central,1,FALSE,8e-4,4e-4,0.0013,7e-4,245,206,279,8e-4,0.1064,249,0.0018,NA,NA,NA,NA,NA,NA,0.3147,0.002,253,0.3822,0.1583,0,0.7181,0,Bayes-M10-geo
Tshikaji,Kasaï-Central,1,FALSE,8e-4,4e-4,0.0014,8e-4,234,219.05,243,8e-4,0.1143,236,0.0019,NA,NA,NA,NA,NA,NA,0.3195,0.0022,242,0.1873,0.5849,0,0.5058,0,Bayes-M10-geo
Tshikula,Kasaï-Central,1,FALSE,8e-4,4e-4,0.0014,8e-4,229,201,254,8e-4,0.1168,227,0.0019,NA,NA,NA,NA,NA,NA,0.3296,0.0023,234,0.3919,0.3185,0,0.6081,0,Bayes-M10-geo
Luiza,Kasaï-Central,1,FALSE,8e-4,3e-4,0.0014,7e-4,243,206,274,8e-4,0.1107,243,0.0018,NA,NA,NA,NA,NA,NA,0.4218,0.0028,202,0.4807,0.6293,0,0.5772,0,Bayes-M10-geo
Masuika,Kasaï-Central,1,FALSE,8e-4,4e-4,0.0015,8e-4,240,199,275,8e-4,0.1131,238,0.0019,NA,NA,NA,NA,NA,NA,0.3885,0.0027,213,0.3263,0.5618,0,0.666,0,Bayes-M10-geo
Yangala,Kasaï-Central,1,FALSE,8e-4,4e-4,0.0013,7e-4,244,225,256,8e-4,0.107,247,0.0018,NA,NA,NA,NA,NA,NA,0.348,0.0023,239,0.5927,0.2259,0,0.5734,0,Bayes-M10-geo
Cilundu,Kasaï-Oriental,1,FALSE,8e-4,4e-4,0.0014,8e-4,231,217,252,8e-4,0.1147,233,0.0019,NA,NA,NA,NA,NA,NA,0.221,0.0015,292,0.2317,0.3089,0,0.3436,0,Bayes-M10-geo
Mpokolo,Kasaï-Oriental,1,FALSE,8e-4,4e-4,0.0014,8e-4,229,206,252,8e-4,0.1181,225,0.0019,NA,NA,NA,NA,NA,NA,0.2901,0.0021,251,0.1255,0.6873,0,0.3475,0,Bayes-M10-geo
Makala,Kinshasa,1,FALSE,8e-4,2e-4,0.002,7e-4,258,146,359,8e-4,0.1156,230,0.0019,NA,NA,NA,NA,NA,NA,0.0246,2e-4,429,0.0116,0.0386,0,0.0483,0,Bayes-M10-geo
Binza Meteo,Kinshasa,1,FALSE,8e-4,1e-4,0.002,6e-4,271,147,371,8e-4,0.1093,246,0.0018,NA,NA,NA,NA,NA,NA,0.2558,0.0017,276,0.0965,0.8996,0,0.027,0,Bayes-M10-geo
Selembao,Kinshasa,1,FALSE,8e-4,2e-4,0.002,6e-4,265,148,363,8e-4,0.1117,241,0.0018,NA,NA,NA,NA,NA,NA,0.0676,5e-4,388,0.0444,0.1815,0,0.0444,0,Bayes-M10-geo
Kamiji,Lomami,1,FALSE,8e-4,4e-4,0.0015,8e-4,228,181,274,8e-4,0.118,226,0.0019,NA,NA,NA,NA,NA,NA,0.2635,0.0019,259,0.3398,0.1293,0,0.5849,0,Bayes-M10-geo
Wikong,Lomami,1,FALSE,8e-4,4e-4,0.0014,8e-4,233,196,266,8e-4,0.1142,237,0.0019,NA,NA,NA,NA,NA,NA,0.3663,0.0025,222,0.2529,0.4228,0,0.7896,0,Bayes-M10-geo
Abuzi,Nord-Ubangi,1,FALSE,8e-4,5e-4,0.0013,8e-4,229,193.05,260,8e-4,0.1148,232,0.0019,NA,NA,NA,NA,NA,NA,0.7153,0.005,145,0.9846,0.9054,0,0.971,0,Bayes-M10-geo
Loko,Nord-Ubangi,1,FALSE,8e-4,5e-4,0.0011,7e-4,243,187,286.95,8e-4,0.1053,250,0.0017,NA,NA,NA,NA,NA,NA,0.6535,0.0042,161,0.9402,0.9266,0,0.7471,0,Bayes-M10-geo
Bena Dibele,Sankuru,1,FALSE,8e-4,4e-4,0.0014,7e-4,240,209,264,8e-4,0.1093,245,0.0018,NA,NA,NA,NA,NA,NA,0.4093,0.0027,210,0.6216,0.1564,0,0.8591,0,Bayes-M10-geo
Lusambo,Sankuru,1,FALSE,8e-4,4e-4,0.0013,7e-4,245,215,264,8e-4,0.107,248,0.0018,NA,NA,NA,NA,NA,NA,0.4833,0.0031,192,0.6815,0.2992,0,0.9527,0,Bayes-M10-geo
Bangabola,Sud-Ubangi,1,FALSE,8e-4,5e-4,0.0012,8e-4,227,163.05,288,8e-4,0.1166,228,0.0019,NA,NA,NA,NA,NA,NA,0.3904,0.0028,207,0.3533,0.3494,0,0.8591,0,Bayes-M10-geo
Bominenge,Sud-Ubangi,1,FALSE,8e-4,5e-4,0.0012,8e-4,228,165,291,8e-4,0.1154,231,0.0019,NA,NA,NA,NA,NA,NA,0.3258,0.0023,235,0.2819,0.0985,0,0.9228,0,Bayes-M10-geo
Kungu,Sud-Ubangi,1,FALSE,8e-4,5e-4,0.0012,8e-4,230.5,169,288,8e-4,0.1145,234,0.0019,NA,NA,NA,NA,NA,NA,0.3711,0.0026,218,0.3745,0.3359,0,0.7741,0,Bayes-M10-geo
Boende,Tshuapa,1,FALSE,8e-4,4e-4,0.0014,7e-4,239,195,282,8e-4,0.1118,240,0.0018,NA,NA,NA,NA,NA,NA,0.4199,0.0029,201,0.6988,0.4807,0,0.5,0,Bayes-M10-geo
Moba,Tanganyika,1,FALSE,8e-4,3e-4,0.0015,7e-4,240,186,292.95,8e-4,0.113,239,0.0019,NA,NA,NA,NA,NA,NA,0.3808,0.0026,216,0.6178,0.4942,0,0.4112,0,Bayes-M10-geo
Kipushi,Haut-Katanga,1,FALSE,7e-4,2e-4,0.0014,6e-4,269,188,330,7e-4,0.0977,264,0.0016,NA,NA,NA,NA,NA,NA,0.1216,7e-4,363,0.2703,0.1081,0,0.1081,0,Bayes-M10-geo
Mukanga,Haut-Lomami,1,FALSE,7e-4,3e-4,0.0012,7e-4,255,241,266,7e-4,0.0999,259,0.0016,NA,NA,NA,NA,NA,NA,0.4739,0.0029,199,0.6853,0.6911,0,0.5193,0,Bayes-M10-geo
Mulongo,Haut-Lomami,1,FALSE,7e-4,3e-4,0.0012,7e-4,259,247,268,7e-4,0.0973,266,0.0016,NA,NA,NA,NA,NA,NA,0.4773,0.0028,203,0.7471,0.7703,0,0.3919,0,Bayes-M10-geo
Kamina,Haut-Lomami,1,FALSE,7e-4,3e-4,0.0013,7e-4,254,208,294,7e-4,0.1032,255,0.0017,NA,NA,NA,NA,NA,NA,0.5164,0.0032,188,0.8301,0.8301,0,0.4054,0,Bayes-M10-geo
Kayamba,Haut-Lomami,1,FALSE,7e-4,3e-4,0.0013,7e-4,251,198,294,7e-4,0.1033,254,0.0017,NA,NA,NA,NA,NA,NA,0.4276,0.0027,211,0.7027,0.4189,0,0.5888,0,Bayes-M10-geo
Bilomba,Kasaï-Central,1,FALSE,7e-4,4e-4,0.0013,7e-4,252,221,275,7e-4,0.102,256,0.0017,NA,NA,NA,NA,NA,NA,0.4006,0.0025,227,0.3378,0.4421,0,0.8224,0,Bayes-M10-geo
Bunkonde,Kasaï-Central,1,FALSE,7e-4,3e-4,0.0013,7e-4,249,199,290,7e-4,0.1042,252,0.0017,NA,NA,NA,NA,NA,NA,0.3523,0.0022,240,0.4015,0.278,0,0.7297,0,Bayes-M10-geo
Katoka,Kasaï-Central,1,FALSE,7e-4,3e-4,0.0012,6e-4,261,237,283,7e-4,0.0959,269,0.0016,NA,NA,NA,NA,NA,NA,0.2645,0.0015,293,0.1216,0.473,0,0.4633,0,Bayes-M10-geo
Lukonga,Kasaï-Central,1,FALSE,7e-4,3e-4,0.0012,7e-4,257,249,264,7e-4,0.0981,262,0.0016,NA,NA,NA,NA,NA,NA,0.3282,0.002,256,0.2239,0.6429,0,0.4459,0,Bayes-M10-geo
Muetshi,Kasaï-Central,1,FALSE,7e-4,4e-4,0.0013,7e-4,249,219,269,7e-4,0.1043,251,0.0017,NA,NA,NA,NA,NA,NA,0.4792,0.003,195,0.6158,0.5386,0,0.7625,0,Bayes-M10-geo
Tshibala,Kasaï-Central,1,FALSE,7e-4,3e-4,0.0012,7e-4,260,231,278,7e-4,0.0979,263,0.0016,NA,NA,NA,NA,NA,NA,0.4218,0.0025,225,0.4266,0.5772,0,0.6834,0,Bayes-M10-geo
Miabi,Kasaï-Oriental,1,FALSE,7e-4,3e-4,0.0011,6e-4,266,236,289,7e-4,0.0926,271,0.0015,NA,NA,NA,NA,NA,NA,0.2838,0.0016,286,0.2297,0.6525,0,0.2529,0,Bayes-M10-geo
Tshishimbi,Kasaï-Oriental,1,FALSE,7e-4,4e-4,0.0012,7e-4,248,221,276,7e-4,0.1035,253,0.0017,NA,NA,NA,NA,NA,NA,0.1742,0.0011,332,0.1795,0.2471,0,0.2703,0,Bayes-M10-geo
Mont Ngafula 1,Kinshasa,1,FALSE,7e-4,1e-4,0.0017,6e-4,283,161,372,7e-4,0.0986,261,0.0016,NA,NA,NA,NA,NA,NA,0.2066,0.0012,319,0.1371,0.6313,0,0.0579,0,Bayes-M10-geo
Mont Ngafula 2,Kinshasa,1,FALSE,7e-4,1e-4,0.0018,6e-4,282.5,155.05,373,7e-4,0.1001,258,0.0016,NA,NA,NA,NA,NA,NA,0.0951,6e-4,377,0.0849,0.2568,0,0.0386,0,Bayes-M10-geo
Idiofa,Kwilu,1,FALSE,7e-4,2e-4,0.0014,6e-4,269,191,326,7e-4,0.0969,267,0.0016,NA,NA,NA,NA,NA,NA,0.486,0.0029,200,0.4537,0.749,0,0.7413,0,Bayes-M10-geo
Manika,Lualaba,1,FALSE,7e-4,2e-4,0.0014,6e-4,263,191,319,7e-4,0.1005,257,0.0017,NA,NA,NA,NA,NA,NA,0.1149,7e-4,365,0.0946,0.222,0,0.1429,0,Bayes-M10-geo
Bili (Nord-Ubangi),Nord-Ubangi,1,FALSE,7e-4,4e-4,0.0011,7e-4,258,203,297,7e-4,0.0969,268,0.0016,NA,NA,NA,NA,NA,NA,0.7075,0.0042,162,0.9247,0.9189,0,0.9865,0,Bayes-M10-geo
Bosobolo,Nord-Ubangi,1,FALSE,7e-4,4e-4,0.0011,7e-4,254,203,289,7e-4,0.0991,260,0.0016,NA,NA,NA,NA,NA,NA,0.7148,0.0043,157,0.9363,0.9459,0,0.9768,0,Bayes-M10-geo
Businga,Nord-Ubangi,1,FALSE,7e-4,4e-4,0.001,7e-4,256,198,298,7e-4,0.0973,265,0.0016,NA,NA,NA,NA,NA,NA,0.6781,0.004,164,0.9286,0.861,0,0.9228,0,Bayes-M10-geo
Kole,Sankuru,1,FALSE,7e-4,3e-4,0.0012,6e-4,268,242,284,7e-4,0.092,272,0.0015,NA,NA,NA,NA,NA,NA,0.4802,0.0027,212,0.7761,0.2606,0,0.8842,0,Bayes-M10-geo
Busanga,Tshuapa,1,FALSE,7e-4,3e-4,0.0011,6e-4,263,212,300,7e-4,0.0947,270,0.0016,NA,NA,NA,NA,NA,NA,0.4452,0.0026,220,0.6602,0.168,0,0.9527,0,Bayes-M10-geo
Basankusu,Equateur,1,FALSE,6e-4,3e-4,0.001,6e-4,279,250,300,6e-4,0.0847,281,0.0014,NA,NA,NA,NA,NA,NA,0.6844,0.0035,180,0.9517,0.8629,0,0.9228,0,Bayes-M10-geo
Bukama,Haut-Lomami,1,FALSE,6e-4,3e-4,0.0011,6e-4,279,256,301,6e-4,0.0841,284,0.0014,NA,NA,NA,NA,NA,NA,0.4764,0.0024,229,0.7143,0.7625,0,0.4286,0,Bayes-M10-geo
Kabondo Dianda,Haut-Lomami,1,FALSE,6e-4,3e-4,0.001,6e-4,280,266,295,6e-4,0.0835,286,0.0014,NA,NA,NA,NA,NA,NA,0.4107,0.0021,249,0.5888,0.5714,0,0.4826,0,Bayes-M10-geo
Kinkondja,Haut-Lomami,1,FALSE,6e-4,3e-4,0.0011,6e-4,274,256,286,6e-4,0.0881,278,0.0015,NA,NA,NA,NA,NA,NA,0.4889,0.0026,215,0.7278,0.6274,0,0.6004,0,Bayes-M10-geo
Songa,Haut-Lomami,1,FALSE,6e-4,3e-4,0.0011,6e-4,272,244,297,6e-4,0.0881,276,0.0015,NA,NA,NA,NA,NA,NA,0.473,0.0025,223,0.9344,0.3533,0,0.6042,0,Bayes-M10-geo
Kakenge,Kasaï,1,FALSE,6e-4,3e-4,0.0011,6e-4,271,247,287,6e-4,0.0904,275,0.0015,NA,NA,NA,NA,NA,NA,0.4522,0.0025,226,0.5753,0.4788,0,0.7548,0,Bayes-M10-geo
Ndjoko Mpunda,Kasaï,1,FALSE,6e-4,3e-4,0.0011,6e-4,279,260,292.95,6e-4,0.0851,280,0.0014,NA,NA,NA,NA,NA,NA,0.333,0.0017,275,0.3977,0.2915,0,0.6429,0,Bayes-M10-geo
Kamwesha,Kasaï,1,FALSE,6e-4,3e-4,0.0012,6e-4,271,225,307,6e-4,0.091,273,0.0015,NA,NA,NA,NA,NA,NA,0.2732,0.0015,296,0.3456,0.2876,0,0.4595,0,Bayes-M10-geo
Bena Tshadi,Kasaï-Central,1,FALSE,6e-4,3e-4,0.001,5e-4,287,247,322.95,6e-4,0.0793,289,0.0013,NA,NA,NA,NA,NA,NA,0.472,0.0023,236,0.6699,0.3784,0,0.8398,0,Bayes-M10-geo
Mutoto,Kasaï-Central,1,FALSE,6e-4,3e-4,0.0011,6e-4,276,241,307,6e-4,0.0858,279,0.0014,NA,NA,NA,NA,NA,NA,0.3441,0.0018,267,0.4575,0.361,0,0.5579,0,Bayes-M10-geo
Ndesha,Kasaï-Central,1,FALSE,6e-4,3e-4,0.001,5e-4,288,248.05,330,6e-4,0.0774,290,0.0013,NA,NA,NA,NA,NA,NA,0.2317,0.0011,333,0.1448,0.3456,0,0.4363,0,Bayes-M10-geo
Ngaba,Kinshasa,1,FALSE,6e-4,1e-4,0.0015,5e-4,298,164.05,378,6e-4,0.0845,283,0.0014,NA,NA,NA,NA,NA,NA,0.014,1e-4,443,0,0.0058,0,0.0502,0,Bayes-M10-geo
Koshibanda,Kwilu,1,FALSE,6e-4,2e-4,0.0011,5e-4,286,238,318,6e-4,0.0825,287,0.0014,NA,NA,NA,NA,NA,NA,0.4913,0.0025,228,0.5193,0.6757,0,0.7703,0,Bayes-M10-geo
Mukedi,Kwilu,1,FALSE,6e-4,3e-4,0.0012,6e-4,273,226,306,6e-4,0.0908,274,0.0015,NA,NA,NA,NA,NA,NA,0.4836,0.0027,214,0.5367,0.7066,0,0.6911,0,Bayes-M10-geo
Kalamba,Lualaba,1,FALSE,6e-4,3e-4,0.0011,6e-4,273,236,303,6e-4,0.0881,277,0.0015,NA,NA,NA,NA,NA,NA,0.4542,0.0024,230,0.8803,0.2375,0,0.6988,0,Bayes-M10-geo
Boso Mondanda,Mongala,1,FALSE,6e-4,3e-4,9e-4,6e-4,283.5,251,306,6e-4,0.0807,288,0.0013,NA,NA,NA,NA,NA,NA,0.3716,0.0018,265,0.5869,0.1486,0,0.751,0,Bayes-M10-geo
Mobayi Mbongo,Nord-Ubangi,1,FALSE,6e-4,4e-4,9e-4,6e-4,274,241,302,6e-4,0.0846,282,0.0014,NA,NA,NA,NA,NA,NA,0.5458,0.0028,204,0.9324,0.8166,0,0.4344,0,Bayes-M10-geo
Tshudi Loto,Sankuru,1,FALSE,6e-4,3e-4,0.001,6e-4,279.5,224,323,6e-4,0.0839,285,0.0014,NA,NA,NA,NA,NA,NA,0.4237,0.0022,245,0.7683,0.0039,0,0.9228,0,Bayes-M10-geo
Bolomba,Equateur,1,FALSE,5e-4,2e-4,9e-4,5e-4,295,273,315,5e-4,0.0733,297,0.0012,NA,NA,NA,NA,NA,NA,0.6163,0.0028,208,0.9575,0.8533,0,0.6544,0,Bayes-M10-geo
Djombo,Equateur,1,FALSE,5e-4,3e-4,9e-4,5e-4,292,246,334,5e-4,0.0747,295,0.0012,NA,NA,NA,NA,NA,NA,0.6554,0.003,196,0.917,0.7819,0,0.9228,0,Bayes-M10-geo
Ingende,Equateur,1,FALSE,5e-4,2e-4,8e-4,4e-4,310,294,322,5e-4,0.0646,313,0.0011,NA,NA,NA,NA,NA,NA,0.596,0.0023,233,0.9208,0.8571,0,0.6062,0,Bayes-M10-geo
Monieka,Equateur,1,FALSE,5e-4,2e-4,9e-4,5e-4,300,241,349.95,5e-4,0.0711,302,0.0012,NA,NA,NA,NA,NA,NA,0.596,0.0026,219,0.9768,0.7336,0,0.6737,0,Bayes-M10-geo
Mitwaba,Haut-Katanga,1,FALSE,5e-4,2e-4,0.001,5e-4,292,255,330,5e-4,0.0755,293,0.0012,NA,NA,NA,NA,NA,NA,0.3528,0.0016,283,0.8012,0.0618,0,0.5483,0,Bayes-M10-geo
Mufunga Sampwe,Haut-Katanga,1,FALSE,5e-4,3e-4,9e-4,5e-4,291,274,307,5e-4,0.076,292,0.0013,NA,NA,NA,NA,NA,NA,0.3774,0.0017,272,0.8185,0.0888,0,0.6023,0,Bayes-M10-geo
Mumbunda,Haut-Katanga,1,FALSE,5e-4,2e-4,0.0011,5e-4,301,223.05,359,5e-4,0.0763,291,0.0013,NA,NA,NA,NA,NA,NA,0.1853,9e-4,348,0.1197,0.5077,0,0.1139,0,Bayes-M10-geo
Pweto,Haut-Katanga,1,FALSE,5e-4,2e-4,9e-4,5e-4,296,275,320,5e-4,0.0723,299,0.0012,NA,NA,NA,NA,NA,NA,0.3518,0.0015,290,0.7992,0.2587,0,0.3494,0,Bayes-M10-geo
Lwamba,Haut-Lomami,1,FALSE,5e-4,2e-4,9e-4,5e-4,293,276,313,5e-4,0.0742,296,0.0012,NA,NA,NA,NA,NA,NA,0.4865,0.0022,244,0.8069,0.6409,0,0.4981,0,Bayes-M10-geo
Bulape,Kasaï,1,FALSE,5e-4,2e-4,9e-4,4e-4,307,282,331,5e-4,0.0671,305,0.0011,NA,NA,NA,NA,NA,NA,0.4315,0.0018,269,0.7066,0.1853,0,0.834,0,Bayes-M10-geo
Ilebo,Kasaï,1,FALSE,5e-4,2e-4,8e-4,4e-4,311,299,322,5e-4,0.0641,314,0.0011,NA,NA,NA,NA,NA,NA,0.3142,0.0012,323,0.2162,0.6139,0,0.4266,0,Bayes-M10-geo
Mushenge,Kasaï,1,FALSE,5e-4,2e-4,9e-4,5e-4,297,278,313,5e-4,0.0727,298,0.0012,NA,NA,NA,NA,NA,NA,0.3229,0.0014,305,0.5946,0.0656,0,0.6313,0,Bayes-M10-geo
Tshikapa,Kasaï,1,FALSE,5e-4,2e-4,9e-4,4e-4,310,271,344,5e-4,0.0661,308,0.0011,NA,NA,NA,NA,NA,NA,0.3156,0.0013,318,0.2722,0.6506,0,0.3398,0,Bayes-M10-geo
Bobozo,Kasaï-Central,1,FALSE,5e-4,2e-4,9e-4,4e-4,316,225,377,5e-4,0.0656,310,0.0011,NA,NA,NA,NA,NA,NA,0.2336,9e-4,345,0.1602,0.2857,0,0.4884,0,Bayes-M10-geo
Kalomba,Kasaï-Central,1,FALSE,5e-4,2e-4,9e-4,5e-4,300,267,330,5e-4,0.0714,301,0.0012,NA,NA,NA,NA,NA,NA,0.2944,0.0013,317,0.3166,0.1467,0,0.7143,0,Bayes-M10-geo
Luambo,Kasaï-Central,1,FALSE,5e-4,2e-4,9e-4,5e-4,301,286,316,5e-4,0.0696,303,0.0011,NA,NA,NA,NA,NA,NA,0.3769,0.0016,287,0.5347,0.5656,0,0.4073,0,Bayes-M10-geo
Kenge,Kwango,1,FALSE,5e-4,2e-4,9e-4,4e-4,315,257.05,358,5e-4,0.0656,311,0.0011,NA,NA,NA,NA,NA,NA,0.5574,0.0022,241,0.6139,0.8127,0,0.8031,0,Bayes-M10-geo
Vanga,Kwilu,1,FALSE,5e-4,2e-4,0.001,4e-4,307,247,351,5e-4,0.0694,304,0.0011,NA,NA,NA,NA,NA,NA,0.5034,0.0021,247,0.3726,0.8205,0,0.8205,0,Bayes-M10-geo
Bulungu,Kwilu,1,FALSE,5e-4,2e-4,0.001,5e-4,303,243,346,5e-4,0.0715,300,0.0012,NA,NA,NA,NA,NA,NA,0.4508,0.002,255,0.3571,0.6795,0,0.7664,0,Bayes-M10-geo
Gungu,Kwilu,1,FALSE,5e-4,2e-4,9e-4,4e-4,315,281,339,5e-4,0.0637,315,0.001,NA,NA,NA,NA,NA,NA,0.4237,0.0016,279,0.5058,0.6969,0,0.4923,0,Bayes-M10-geo
Lusanga,Kwilu,1,FALSE,5e-4,2e-4,9e-4,4e-4,315,263,356,5e-4,0.065,312,0.0011,NA,NA,NA,NA,NA,NA,0.4242,0.0017,278,0.4382,0.7297,0,0.529,0,Bayes-M10-geo
Kafakumba,Lualaba,1,FALSE,5e-4,2e-4,9e-4,4e-4,306,277,337,5e-4,0.067,306,0.0011,NA,NA,NA,NA,NA,NA,0.4648,0.0019,258,0.8687,0.2027,0,0.7876,0,Bayes-M10-geo
Gbadolite,Nord-Ubangi,1,FALSE,5e-4,3e-4,7e-4,5e-4,302,269.05,343,5e-4,0.0661,309,0.0011,NA,NA,NA,NA,NA,NA,0.5183,0.0021,250,0.7915,0.9653,0,0.3166,0,Bayes-M10-geo
Boto,Sud-Ubangi,1,FALSE,5e-4,3e-4,7e-4,5e-4,303,257.05,347,5e-4,0.0664,307,0.0011,NA,NA,NA,NA,NA,NA,0.3596,0.0015,304,0.3282,0.5174,0,0.5927,0,Bayes-M10-geo
Libenge,Sud-Ubangi,1,FALSE,5e-4,3e-4,8e-4,5e-4,290,242,330,5e-4,0.0748,294,0.0012,NA,NA,NA,NA,NA,NA,0.3818,0.0017,273,0.6293,0.3591,0,0.5386,0,Bayes-M10-geo
Monkoto,Tshuapa,1,FALSE,5e-4,2e-4,8e-4,4e-4,313,293,328,5e-4,0.0632,316,0.001,NA,NA,NA,NA,NA,NA,0.5598,0.0022,246,0.9498,0.4054,0,0.8842,0,Bayes-M10-geo
Iboko,Equateur,1,FALSE,4e-4,2e-4,6e-4,3e-4,345,311,361.95,4e-4,0.0495,349,8e-4,NA,NA,NA,NA,NA,NA,0.612,0.0018,261,0.8282,0.7915,0,0.8282,0,Bayes-M10-geo
Lotumbe,Equateur,1,FALSE,4e-4,2e-4,7e-4,4e-4,326,288,353,4e-4,0.0578,332,0.001,NA,NA,NA,NA,NA,NA,0.5816,0.002,252,0.9691,0.7085,0,0.6486,0,Bayes-M10-geo
Makanza,Equateur,1,FALSE,4e-4,2e-4,7e-4,4e-4,334,305,350,4e-4,0.0543,340,9e-4,NA,NA,NA,NA,NA,NA,0.639,0.0021,248,0.9537,0.7954,0,0.8069,0,Bayes-M10-geo
Kilwa,Haut-Katanga,1,FALSE,4e-4,2e-4,7e-4,4e-4,335,316,345,4e-4,0.053900000000000003,341,9e-4,NA,NA,NA,NA,NA,NA,0.3764,0.0012,321,0.749,0.39,0,0.3668,0,Bayes-M10-geo
Butumba,Haut-Lomami,1,FALSE,4e-4,2e-4,7e-4,3e-4,341,303,361,4e-4,0.0521,345,9e-4,NA,NA,NA,NA,NA,NA,0.4595,0.0015,303,0.7973,0.4151,0,0.6255,0,Bayes-M10-geo
Kinda,Haut-Lomami,1,FALSE,4e-4,2e-4,8e-4,4e-4,320,263,364,4e-4,0.0617,318,0.001,NA,NA,NA,NA,NA,NA,0.5077,0.0019,257,0.9884,0.4266,0,0.6158,0,Bayes-M10-geo
Dekese,Kasaï,1,FALSE,4e-4,2e-4,8e-4,4e-4,316,297,330,4e-4,0.0622,317,0.001,NA,NA,NA,NA,NA,NA,0.4633,0.0018,270,0.9189,0.2181,0,0.7162,0,Bayes-M10-geo
Mikope,Kasaï,1,FALSE,4e-4,2e-4,7e-4,3e-4,337,312,350,4e-4,0.0534,342,9e-4,NA,NA,NA,NA,NA,NA,0.3996,0.0013,314,0.6776,0.2703,0,0.6506,0,Bayes-M10-geo
Banga Lubaka,Kasaï,1,FALSE,4e-4,2e-4,7e-4,4e-4,335,299,356,4e-4,0.0544,339,9e-4,NA,NA,NA,NA,NA,NA,0.3205,0.0011,338,0.5174,0.0444,0,0.7201,0,Bayes-M10-geo
Kalonda Ouest,Kasaï,1,FALSE,4e-4,2e-4,8e-4,4e-4,319,295,335,4e-4,0.0611,321,0.001,NA,NA,NA,NA,NA,NA,0.2239,8e-4,352,0.2915,0.251,0,0.3533,0,Bayes-M10-geo
Kanzala,Kasaï,1,FALSE,4e-4,2e-4,7e-4,4e-4,329,308,344,4e-4,0.0563,334,9e-4,NA,NA,NA,NA,NA,NA,0.2046,7e-4,366,0.168,0.3127,0,0.3378,0,Bayes-M10-geo
Kitangwa,Kasaï,1,FALSE,4e-4,2e-4,8e-4,4e-4,321,307,329,4e-4,0.0603,323,0.001,NA,NA,NA,NA,NA,NA,0.3287,0.0012,327,0.6332,0.1062,0,0.5753,0,Bayes-M10-geo
Mutena,Kasaï,1,FALSE,4e-4,2e-4,7e-4,4e-4,320,304,334,4e-4,0.0603,324,0.001,NA,NA,NA,NA,NA,NA,0.2336,9e-4,349,0.334,0.0753,0,0.5251,0,Bayes-M10-geo
Nyanga,Kasaï,1,FALSE,4e-4,2e-4,8e-4,4e-4,317,292,341,4e-4,0.0615,319,0.001,NA,NA,NA,NA,NA,NA,0.348,0.0013,312,0.4402,0.3803,0,0.5714,0,Bayes-M10-geo
Bumbu,Kinshasa,1,FALSE,4e-4,1e-4,0.001,3e-4,344,222,396,4e-4,0.0586,330,0.001,NA,NA,NA,NA,NA,NA,0.0164,1e-4,445,0.0019,0.029,0,0.0347,0,Bayes-M10-geo
Biyela,Kinshasa,1,FALSE,4e-4,1e-4,0.001,4e-4,332,245,379.95,4e-4,0.0604,322,0.001,NA,NA,NA,NA,NA,NA,0.1076,4e-4,397,0.0637,0.2838,0,0.083,0,Bayes-M10-geo
Kimbanseke,Kinshasa,1,FALSE,4e-4,1e-4,0.001,4e-4,333,244,381,4e-4,0.0598,327,0.001,NA,NA,NA,NA,NA,NA,0.0526,2e-4,428,0.0521,0.0849,0,0.0734,0,Bayes-M10-geo
Djuma,Kwilu,1,FALSE,4e-4,2e-4,8e-4,4e-4,334,294,360,4e-4,0.0563,333,9e-4,NA,NA,NA,NA,NA,NA,0.5256,0.0018,266,0.4826,0.7355,0,0.8842,0,Bayes-M10-geo
Ipamu,Kwilu,1,FALSE,4e-4,2e-4,9e-4,4e-4,322,278,353,4e-4,0.0613,320,0.001,NA,NA,NA,NA,NA,NA,0.5454,0.002,254,0.4903,0.7683,0,0.9228,0,Bayes-M10-geo
Kikwit Nord,Kwilu,1,FALSE,4e-4,2e-4,8e-4,4e-4,325,285,350,4e-4,0.0602,325,0.001,NA,NA,NA,NA,NA,NA,0.2915,0.0011,334,0.1236,0.5405,0,0.5019,0,Bayes-M10-geo
Kikwit Sud,Kwilu,1,FALSE,4e-4,2e-4,7e-4,3e-4,339,309,354,4e-4,0.0532,343,9e-4,NA,NA,NA,NA,NA,NA,0.3282,0.0011,337,0.1313,0.7008,0,0.4807,0,Bayes-M10-geo
Kimputu,Kwilu,1,FALSE,4e-4,2e-4,7e-4,3e-4,338,315,350,4e-4,0.0531,344,9e-4,NA,NA,NA,NA,NA,NA,0.5039,0.0016,282,0.4923,0.639,0,0.8842,0,Bayes-M10-geo
Masi Manimba,Kwilu,1,FALSE,4e-4,2e-4,8e-4,4e-4,325,291,348,4e-4,0.0591,328,0.001,NA,NA,NA,NA,NA,NA,0.4281,0.0015,294,0.332,0.4961,0,0.8842,0,Bayes-M10-geo
Mokala,Kwilu,1,FALSE,4e-4,1e-4,7e-4,3e-4,345.5,308.05,367,4e-4,0.0508,347,8e-4,NA,NA,NA,NA,NA,NA,0.5118,0.0016,288,0.4228,0.6718,0,0.9527,0,Bayes-M10-geo
Mosango,Kwilu,1,FALSE,4e-4,2e-4,7e-4,4e-4,331,310,343,4e-4,0.0557,336,9e-4,NA,NA,NA,NA,NA,NA,0.515,0.0017,271,0.5463,0.7375,0,0.7761,0,Bayes-M10-geo
Yasa Bonga,Kwilu,1,FALSE,4e-4,2e-4,8e-4,4e-4,330,286,358,4e-4,0.0582,331,0.001,NA,NA,NA,NA,NA,NA,0.4206,0.0015,298,0.3031,0.5328,0,0.8465,0,Bayes-M10-geo
Kapanga,Lualaba,1,FALSE,4e-4,2e-4,7e-4,4e-4,331,319,339,4e-4,0.0554,337,9e-4,NA,NA,NA,NA,NA,NA,0.4112,0.0014,306,0.8514,0.3938,0,0.3996,0,Bayes-M10-geo
Kasaji,Lualaba,1,FALSE,4e-4,2e-4,8e-4,4e-4,321,303,332,4e-4,0.06,326,0.001,NA,NA,NA,NA,NA,NA,0.4648,0.0017,277,0.8552,0.4923,0,0.5116,0,Bayes-M10-geo
Sandoa,Lualaba,1,FALSE,4e-4,2e-4,7e-4,3e-4,340,326,347,4e-4,0.0515,346,8e-4,NA,NA,NA,NA,NA,NA,0.5536,0.0017,274,0.9421,0.6815,0,0.5907,0,Bayes-M10-geo
Lubudi,Lualaba,1,FALSE,4e-4,2e-4,7e-4,4e-4,334.5,301,356,4e-4,0.0544,338,9e-4,NA,NA,NA,NA,NA,NA,0.4667,0.0015,291,0.9151,0.4614,0,0.4903,0,Bayes-M10-geo
Bokonzi,Sud-Ubangi,1,FALSE,4e-4,3e-4,6e-4,4e-4,323,281,361,4e-4,0.0562,335,9e-4,NA,NA,NA,NA,NA,NA,0.236,8e-4,356,0.4305,0.083,0,0.4305,0,Bayes-M10-geo
Mawuya,Sud-Ubangi,1,FALSE,4e-4,2e-4,5e-4,4e-4,335,291,368,4e-4,0.0507,348,8e-4,NA,NA,NA,NA,NA,NA,0.2654,8e-4,355,0.444,0.2394,0,0.3784,0,Bayes-M10-geo
Wema,Tshuapa,1,FALSE,4e-4,2e-4,7e-4,4e-4,324,294.05,344,4e-4,0.0589,329,0.001,NA,NA,NA,NA,NA,NA,0.4469,0.0016,285,0.8494,0.1332,0,0.805,0,Bayes-M10-geo
Bikoro,Equateur,1,FALSE,3e-4,1e-4,6e-4,3e-4,354,335,363,3e-4,0.0444,359,7e-4,NA,NA,NA,NA,NA,NA,0.5951,0.0016,284,0.8127,0.8147,0,0.7529,0,Bayes-M10-geo
Lukafu,Haut-Katanga,1,FALSE,3e-4,1e-4,5e-4,3e-4,365,341,373,3e-4,0.0385,366,6e-4,NA,NA,NA,NA,NA,NA,0.4015,9e-4,344,0.888,0.3243,0,0.3938,0,Bayes-M10-geo
Baka,Haut-Lomami,1,FALSE,3e-4,1e-4,7e-4,3e-4,350,282,386,3e-4,0.0488,350,8e-4,NA,NA,NA,NA,NA,NA,0.4319,0.0013,316,0.4344,0.8919,0,0.4015,0,Bayes-M10-geo
Kisenso,Kinshasa,1,FALSE,3e-4,1e-4,8e-4,3e-4,363,275.05,401,3e-4,0.0451,357,7e-4,NA,NA,NA,NA,NA,NA,0.0589,2e-4,430,0.0367,0.139,0,0.0598,0,Bayes-M10-geo
Kahemba,Kwango,1,FALSE,3e-4,1e-4,5e-4,2e-4,368,356,380,3e-4,0.0372,369,6e-4,NA,NA,NA,NA,NA,NA,0.5367,0.0012,325,0.8958,0.7278,0,0.5232,0,Bayes-M10-geo
Kisanji,Kwango,1,FALSE,3e-4,1e-4,6e-4,3e-4,353,323,367,3e-4,0.0453,356,7e-4,NA,NA,NA,NA,NA,NA,0.5574,0.0015,295,0.8417,0.6544,0,0.7336,0,Bayes-M10-geo
Panzi,Kwango,1,FALSE,3e-4,1e-4,5e-4,2e-4,367,347,390,3e-4,0.038,367,6e-4,NA,NA,NA,NA,NA,NA,0.5236,0.0012,326,0.7548,0.583,0,0.7568,0,Bayes-M10-geo
Boko,Kwango,1,FALSE,3e-4,1e-4,6e-4,3e-4,353,331,365,3e-4,0.0469,355,8e-4,NA,NA,NA,NA,NA,NA,0.5121,0.0015,302,0.7336,0.61,0,0.7046,0,Bayes-M10-geo
Feshi,Kwango,1,FALSE,3e-4,1e-4,6e-4,3e-4,349,327,362,3e-4,0.048,352,8e-4,NA,NA,NA,NA,NA,NA,0.5082,0.0015,299,0.7317,0.5425,0,0.7587,0,Bayes-M10-geo
Kimbao,Kwango,1,FALSE,3e-4,1e-4,6e-4,3e-4,358,342.05,371,3e-4,0.043,360,7e-4,NA,NA,NA,NA,NA,NA,0.5743,0.0015,297,0.7201,0.7181,0,0.8591,0,Bayes-M10-geo
Bagata,Kwilu,1,FALSE,3e-4,1e-4,6e-4,3e-4,352,327,367,3e-4,0.047,354,8e-4,NA,NA,NA,NA,NA,NA,0.5135,0.0015,301,0.6795,0.695,0,0.6795,0,Bayes-M10-geo
Kikongo,Kwilu,1,FALSE,3e-4,1e-4,6e-4,3e-4,356,336,372,3e-4,0.0444,358,7e-4,NA,NA,NA,NA,NA,NA,0.5024,0.0014,308,0.6969,0.6023,0,0.7104,0,Bayes-M10-geo
Sia,Kwilu,1,FALSE,3e-4,1e-4,6e-4,3e-4,360,346,372,3e-4,0.0419,361,7e-4,NA,NA,NA,NA,NA,NA,0.3986,0.001,340,0.4151,0.3822,0,0.7973,0,Bayes-M10-geo
Kingandu,Kwilu,1,FALSE,3e-4,1e-4,5e-4,3e-4,360,348,367,3e-4,0.0414,362,7e-4,NA,NA,NA,NA,NA,NA,0.4923,0.0012,320,0.7162,0.6583,0,0.5946,0,Bayes-M10-geo
Moanza,Kwilu,1,FALSE,3e-4,1e-4,5e-4,3e-4,362,345,372,3e-4,0.041,363,7e-4,NA,NA,NA,NA,NA,NA,0.52,0.0013,313,0.5985,0.529,0,0.9527,0,Bayes-M10-geo
Mungindu,Kwilu,1,FALSE,3e-4,1e-4,6e-4,3e-4,347,336,351,3e-4,0.0478,353,8e-4,NA,NA,NA,NA,NA,NA,0.3818,0.0011,331,0.4691,0.5367,0,0.5212,0,Bayes-M10-geo
Pay Kongila,Kwilu,1,FALSE,3e-4,1e-4,6e-4,3e-4,348,326,359,3e-4,0.0486,351,8e-4,NA,NA,NA,NA,NA,NA,0.4488,0.0013,310,0.5135,0.6467,0,0.6351,0,Bayes-M10-geo
Fungurume,Lualaba,1,FALSE,3e-4,1e-4,5e-4,2e-4,368,335,393,3e-4,0.0372,368,6e-4,NA,NA,NA,NA,NA,NA,0.1564,4e-4,403,0.2664,0.1622,0,0.1969,0,Bayes-M10-geo
Inongo,Mai-Ndombe,1,FALSE,3e-4,1e-4,5e-4,3e-4,362,344,379,3e-4,0.0407,364,7e-4,NA,NA,NA,NA,NA,NA,0.4952,0.0012,322,0.7645,0.2934,0,0.9228,0,Bayes-M10-geo
Pendjwa,Mai-Ndombe,1,FALSE,3e-4,1e-4,5e-4,3e-4,361,324,380,3e-4,0.0406,365,7e-4,NA,NA,NA,NA,NA,NA,0.4319,0.0011,335,0.7008,0.2124,0,0.8147,0,Bayes-M10-geo
Bolenge,Equateur,1,FALSE,2e-4,1e-4,3e-4,1e-4,398,381,417,2e-4,0.0219,397,4e-4,NA,NA,NA,NA,NA,NA,0.5391,7e-4,364,0.7954,0.8514,0,0.5097,0,Bayes-M10-geo
Bomongo,Equateur,1,FALSE,2e-4,1e-4,3e-4,2e-4,378,355,400,2e-4,0.0296,381,5e-4,NA,NA,NA,NA,NA,NA,0.5907,0.0011,336,0.9788,0.8475,0,0.5367,0,Bayes-M10-geo
Lukolela,Equateur,1,FALSE,2e-4,1e-4,3e-4,1e-4,403,391,415,2e-4,0.0212,400,3e-4,NA,NA,NA,NA,NA,NA,0.5787,7e-4,361,0.944,0.9151,0,0.4556,0,Bayes-M10-geo
Mampoko,Equateur,1,FALSE,2e-4,1e-4,3e-4,2e-4,390,354,419,2e-4,0.0251,392,4e-4,NA,NA,NA,NA,NA,NA,0.5135,8e-4,358,0.8919,0.5058,0,0.6564,0,Bayes-M10-geo
Wangata,Equateur,1,FALSE,2e-4,1e-4,4e-4,2e-4,387,378,400,2e-4,0.027,389,4e-4,NA,NA,NA,NA,NA,NA,0.417,7e-4,370,0.2336,0.9865,0,0.4479,0,Bayes-M10-geo
Kambove,Haut-Katanga,1,FALSE,2e-4,1e-4,4e-4,2e-4,381,358,396,2e-4,0.0297,380,5e-4,NA,NA,NA,NA,NA,NA,0.306,6e-4,381,0.4247,0.6236,0,0.1757,0,Bayes-M10-geo
Kapolowe,Haut-Katanga,1,FALSE,2e-4,1e-4,4e-4,2e-4,375,356,390,2e-4,0.032,373,5e-4,NA,NA,NA,NA,NA,NA,0.3026,6e-4,376,0.5579,0.444,0,0.2085,0,Bayes-M10-geo
Kikula,Haut-Katanga,1,FALSE,2e-4,1e-4,3e-4,1e-4,398,377,407,2e-4,0.0228,395,4e-4,NA,NA,NA,NA,NA,NA,0.0951,1e-4,435,0.1062,0.1139,0,0.1602,0,Bayes-M10-geo
Likasi,Haut-Katanga,1,FALSE,2e-4,1e-4,4e-4,2e-4,390,369,401,2e-4,0.0262,391,4e-4,NA,NA,NA,NA,NA,NA,0.1728,3e-4,413,0.112,0.4208,0,0.1583,0,Bayes-M10-geo
Panda,Haut-Katanga,1,FALSE,2e-4,1e-4,3e-4,1e-4,399.5,378,411,2e-4,0.0223,396,4e-4,NA,NA,NA,NA,NA,NA,0.2027,3e-4,414,0.1622,0.4826,0,0.166,0,Bayes-M10-geo
Kampemba,Haut-Katanga,1,FALSE,2e-4,0,3e-4,1e-4,404,376,419,2e-4,0.0211,403,3e-4,NA,NA,NA,NA,NA,NA,0.0531,1e-4,444,0.0598,0.0367,0,0.1158,0,Bayes-M10-geo
Kasenga,Haut-Katanga,1,FALSE,2e-4,1e-4,3e-4,1e-4,403,382,411,2e-4,0.0211,402,3e-4,NA,NA,NA,NA,NA,NA,0.3953,5e-4,384,0.8166,0.6255,0,0.139,0,Bayes-M10-geo
Ruashi,Haut-Katanga,1,FALSE,2e-4,1e-4,3e-4,1e-4,402,379,416,2e-4,0.0211,401,3e-4,NA,NA,NA,NA,NA,NA,0.0705,1e-4,441,0.0985,0.0637,0,0.1197,0,Bayes-M10-geo
Sakania,Haut-Katanga,1,FALSE,2e-4,1e-4,3e-4,1e-4,402,377,419,2e-4,0.0212,399,3e-4,NA,NA,NA,NA,NA,NA,0.2775,4e-4,402,0.7375,0.2355,0,0.1371,0,Bayes-M10-geo
Luozi,Kongo-Central,1,FALSE,2e-4,1e-4,3e-4,1e-4,401,388,416,2e-4,0.0216,398,4e-4,NA,NA,NA,NA,NA,NA,0.5241,7e-4,369,0.7355,0.8861,0,0.4749,0,Bayes-M10-geo
Kimvula,Kongo-Central,1,FALSE,2e-4,1e-4,3e-4,2e-4,393,382,408,2e-4,0.0243,393,4e-4,NA,NA,NA,NA,NA,NA,0.569,8e-4,351,0.8629,0.8784,0,0.5347,0,Bayes-M10-geo
Kajiji,Kwango,1,FALSE,2e-4,1e-4,4e-4,2e-4,387,374,401,2e-4,0.0266,390,4e-4,NA,NA,NA,NA,NA,NA,0.3533,6e-4,380,0.7934,0.1544,0,0.4653,0,Bayes-M10-geo
Mwela Lembwa,Kwango,1,FALSE,2e-4,1e-4,4e-4,2e-4,377,364,394,2e-4,0.031,375,5e-4,NA,NA,NA,NA,NA,NA,0.4397,8e-4,353,0.6506,0.3224,0,0.7857,0,Bayes-M10-geo
Popokabaka,Kwango,1,FALSE,2e-4,1e-4,4e-4,2e-4,382,364,410,2e-4,0.0296,382,5e-4,NA,NA,NA,NA,NA,NA,0.5507,0.001,341,0.7703,0.7876,0,0.6448,0,Bayes-M10-geo
Wamba Lwadi,Kwango,1,FALSE,2e-4,1e-4,4e-4,2e-4,373,361,391,2e-4,0.0334,370,5e-4,NA,NA,NA,NA,NA,NA,0.5492,0.0011,330,0.6467,0.8185,0,0.7317,0,Bayes-M10-geo
Bunkeya,Lualaba,1,FALSE,2e-4,1e-4,5e-4,2e-4,373,330,401,2e-4,0.0331,372,5e-4,NA,NA,NA,NA,NA,NA,0.4218,9e-4,350,0.8243,0.5019,0,0.361,0,Bayes-M10-geo
Dilala,Lualaba,1,FALSE,2e-4,1e-4,4e-4,2e-4,385,353,408,2e-4,0.0286,385,5e-4,NA,NA,NA,NA,NA,NA,0.1347,2e-4,423,0.1506,0.2548,0,0.1332,0,Bayes-M10-geo
Kanzenze,Lualaba,1,FALSE,2e-4,1e-4,4e-4,2e-4,384,360,394,2e-4,0.0285,386,5e-4,NA,NA,NA,NA,NA,NA,0.2389,4e-4,394,0.6255,0.1429,0,0.1873,0,Bayes-M10-geo
Lualaba,Lualaba,1,FALSE,2e-4,1e-4,4e-4,2e-4,385,363,400,2e-4,0.0283,387,5e-4,NA,NA,NA,NA,NA,NA,0.1404,2e-4,419,0.3552,0.0347,0,0.1718,0,Bayes-M10-geo
Mutshatsha,Lualaba,1,FALSE,2e-4,1e-4,4e-4,2e-4,383,324,417,2e-4,0.0301,378,5e-4,NA,NA,NA,NA,NA,NA,0.3808,7e-4,368,0.971,0.1023,0,0.4498,0,Bayes-M10-geo
Banzow Moke,Mai-Ndombe,1,FALSE,2e-4,1e-4,4e-4,2e-4,377,366,394,2e-4,0.0307,376,5e-4,NA,NA,NA,NA,NA,NA,0.5236,0.001,343,0.6892,0.5212,0,0.8842,0,Bayes-M10-geo
Kiri,Mai-Ndombe,1,FALSE,2e-4,1e-4,4e-4,2e-4,372,359,387,2e-4,0.0333,371,5e-4,NA,NA,NA,NA,NA,NA,0.5685,0.0012,328,0.8745,0.4768,0,0.9228,0,Bayes-M10-geo
Ntandembelo,Mai-Ndombe,1,FALSE,2e-4,1e-4,4e-4,2e-4,381,369.05,398,2e-4,0.0296,383,5e-4,NA,NA,NA,NA,NA,NA,0.4595,8e-4,354,0.6023,0.4633,0,0.7722,0,Bayes-M10-geo
Oshwe,Mai-Ndombe,1,FALSE,2e-4,1e-4,4e-4,2e-4,379,364,404,2e-4,0.0304,377,5e-4,NA,NA,NA,NA,NA,NA,0.4855,9e-4,347,0.8764,0.3301,0,0.7355,0,Bayes-M10-geo
Bosobe,Mai-Ndombe,1,FALSE,2e-4,1e-4,4e-4,2e-4,380,368,398,2e-4,0.0299,379,5e-4,NA,NA,NA,NA,NA,NA,0.4406,8e-4,357,0.4942,0.4093,0,0.8591,0,Bayes-M10-geo
Kwamouth,Mai-Ndombe,1,FALSE,2e-4,1e-4,3e-4,2e-4,395,385,407,2e-4,0.0236,394,4e-4,NA,NA,NA,NA,NA,NA,0.43,6e-4,373,0.8707,0.417,0,0.4324,0,Bayes-M10-geo
Mushie,Mai-Ndombe,1,FALSE,2e-4,1e-4,4e-4,2e-4,386,374,402,2e-4,0.0279,388,5e-4,NA,NA,NA,NA,NA,NA,0.4291,7e-4,362,0.7394,0.3649,0,0.612,0,Bayes-M10-geo
Nioki,Mai-Ndombe,1,FALSE,2e-4,1e-4,4e-4,2e-4,381,370,398,2e-4,0.0295,384,5e-4,NA,NA,NA,NA,NA,NA,0.389,7e-4,367,0.61,0.3958,0,0.5502,0,Bayes-M10-geo
Zongo,Sud-Ubangi,1,FALSE,2e-4,1e-4,3e-4,2e-4,374,342,397,2e-4,0.0312,374,5e-4,NA,NA,NA,NA,NA,NA,0.2418,5e-4,389,0.278,0.4131,0,0.2761,0,Bayes-M10-geo
Irebu,Equateur,1,FALSE,1e-4,0,2e-4,1e-4,423,386,444,1e-4,0.0152,420,3e-4,NA,NA,NA,NA,NA,NA,0.5473,5e-4,385,0.9305,0.6776,0,0.5811,0,Bayes-M10-geo
Lilanga Bobangi,Equateur,1,FALSE,1e-4,0,2e-4,1e-4,421,385,441,1e-4,0.0155,419,3e-4,NA,NA,NA,NA,NA,NA,0.4117,4e-4,398,0.9382,0.2664,0,0.4421,0,Bayes-M10-geo
Ntondo,Equateur,1,FALSE,1e-4,1e-4,3e-4,1e-4,403,377.05,428,1e-4,0.0208,406,3e-4,NA,NA,NA,NA,NA,NA,0.6125,8e-4,360,0.8996,0.7259,0,0.8243,0,Bayes-M10-geo
Kilela Balanda,Haut-Katanga,1,FALSE,1e-4,1e-4,3e-4,1e-4,406,385,423,1e-4,0.0194,409,3e-4,NA,NA,NA,NA,NA,NA,0.3132,4e-4,401,0.9228,0.0927,0,0.2375,0,Bayes-M10-geo
Kafubu,Haut-Katanga,1,FALSE,1e-4,0,2e-4,1e-4,412,401,418,1e-4,0.0176,413,3e-4,NA,NA,NA,NA,NA,NA,0.2104,2e-4,424,0.6042,0.0869,0,0.1506,0,Bayes-M10-geo
Kamalondo,Haut-Katanga,1,FALSE,1e-4,0,2e-4,1e-4,443,403,449,1e-4,0.0096,439,2e-4,NA,NA,NA,NA,NA,NA,0.0352,0,452,0.029,0.0019,0,0.11,0,Bayes-M10-geo
Kashobwe,Haut-Katanga,1,FALSE,1e-4,0,3e-4,1e-4,407,380,424,1e-4,0.0195,408,3e-4,NA,NA,NA,NA,NA,NA,0.3243,4e-4,399,0.805,0.3012,0,0.1911,0,Bayes-M10-geo
Katuba,Haut-Katanga,1,FALSE,1e-4,0,2e-4,1e-4,430,408,439,1e-4,0.0128,430,2e-4,NA,NA,NA,NA,NA,NA,0.0463,0,450,0.0502,0.0309,0,0.1042,0,Bayes-M10-geo
Kenya,Haut-Katanga,1,FALSE,1e-4,0,2e-4,1e-4,423,407,432,1e-4,0.0141,426,2e-4,NA,NA,NA,NA,NA,NA,0.0569,0,448,0.11,0.0116,0,0.1062,0,Bayes-M10-geo
Kisanga,Haut-Katanga,1,FALSE,1e-4,0,3e-4,1e-4,411,387,424,1e-4,0.0184,411,3e-4,NA,NA,NA,NA,NA,NA,0.1081,1e-4,437,0.1293,0.2008,0,0.1023,0,Bayes-M10-geo
Kowe,Haut-Katanga,1,FALSE,1e-4,0,2e-4,1e-4,436,379.05,448,1e-4,0.0125,431,2e-4,NA,NA,NA,NA,NA,NA,0.07,1e-4,447,0.0714,0.0811,0,0.1274,0,Bayes-M10-geo
Vangu,Haut-Katanga,1,FALSE,1e-4,0,2e-4,1e-4,418,383,438.95,1e-4,0.016,416,3e-4,NA,NA,NA,NA,NA,NA,0.1081,1e-4,439,0.1158,0.1699,0,0.1467,0,Bayes-M10-geo
Kamonia,Kasaï,1,FALSE,1e-4,0,3e-4,1e-4,414,381,429,1e-4,0.0178,412,3e-4,NA,NA,NA,NA,NA,NA,0.14,2e-4,433,0.3707,0.11,0,0.0792,0,Bayes-M10-geo
Boma,Kongo-Central,1,FALSE,1e-4,0,1e-4,1e-4,444,431,446,1e-4,0.0084,443,1e-4,NA,NA,NA,NA,NA,NA,0.2901,1e-4,434,0.1467,0.9247,0,0.0888,0,Bayes-M10-geo
Boma Bungu,Kongo-Central,1,FALSE,1e-4,0,1e-4,1e-4,443,440,444,1e-4,0.0082,445,1e-4,NA,NA,NA,NA,NA,NA,0.3209,2e-4,432,0.5811,0.5676,0,0.1351,0,Bayes-M10-geo
Kangu,Kongo-Central,1,FALSE,1e-4,0,1e-4,1e-4,437,430,442,1e-4,0.0102,437,2e-4,NA,NA,NA,NA,NA,NA,0.3528,2e-4,425,0.3803,0.8822,0,0.1486,0,Bayes-M10-geo
Kinkonzi,Kongo-Central,1,FALSE,1e-4,0,1e-4,1e-4,440,438,442,1e-4,0.0091,441,2e-4,NA,NA,NA,NA,NA,NA,0.4252,2e-4,422,0.6236,0.8958,0,0.1815,0,Bayes-M10-geo
Lukula,Kongo-Central,1,FALSE,1e-4,0,2e-4,1e-4,428,410,440,1e-4,0.0134,427,2e-4,NA,NA,NA,NA,NA,NA,0.3933,3e-4,407,0.529,0.8745,0,0.1699,0,Bayes-M10-geo
Vaku,Kongo-Central,1,FALSE,1e-4,0,1e-4,1e-4,442,438,445,1e-4,0.0084,444,1e-4,NA,NA,NA,NA,NA,NA,0.4194,2e-4,426,0.5676,0.9421,0,0.168,0,Bayes-M10-geo
Inga,Kongo-Central,1,FALSE,1e-4,0,2e-4,1e-4,431,425,435,1e-4,0.0119,433,2e-4,NA,NA,NA,NA,NA,NA,0.3847,3e-4,412,0.5212,0.8243,0,0.1931,0,Bayes-M10-geo
Kibunzi,Kongo-Central,1,FALSE,1e-4,0,2e-4,1e-4,422,407,436,1e-4,0.0147,424,2e-4,NA,NA,NA,NA,NA,NA,0.4175,4e-4,400,0.7046,0.5251,0,0.4402,0,Bayes-M10-geo
Mangembo,Kongo-Central,1,FALSE,1e-4,0,2e-4,1e-4,426,419,432,1e-4,0.0131,429,2e-4,NA,NA,NA,NA,NA,NA,0.3726,3e-4,409,0.5598,0.6641,0,0.2664,0,Bayes-M10-geo
Matadi,Kongo-Central,1,FALSE,1e-4,0,2e-4,1e-4,442,420,448,1e-4,0.0089,442,1e-4,NA,NA,NA,NA,NA,NA,0.2939,2e-4,431,0.1564,0.944,0,0.0753,0,Bayes-M10-geo
Nsona Mpangu,Kongo-Central,1,FALSE,1e-4,0,2e-4,1e-4,430,420,435,1e-4,0.0123,432,2e-4,NA,NA,NA,NA,NA,NA,0.4165,3e-4,408,0.722,0.7645,0,0.1795,0,Bayes-M10-geo
Seke Banza,Kongo-Central,1,FALSE,1e-4,0,2e-4,1e-4,421,409,432,1e-4,0.0148,423,2e-4,NA,NA,NA,NA,NA,NA,0.4513,4e-4,396,0.6351,0.9498,0,0.2201,0,Bayes-M10-geo
Boko Kivulu,Kongo-Central,1,FALSE,1e-4,0,2e-4,1e-4,417,402,428,1e-4,0.0159,417,3e-4,NA,NA,NA,NA,NA,NA,0.4281,4e-4,395,0.5792,0.9324,0,0.2008,0,Bayes-M10-geo
Gombe Matadi,Kongo-Central,1,FALSE,1e-4,0,2e-4,1e-4,433,428,436,1e-4,0.0115,434,2e-4,NA,NA,NA,NA,NA,NA,0.4151,3e-4,410,0.6911,0.7857,0,0.1834,0,Bayes-M10-geo
Kimpangu,Kongo-Central,1,FALSE,1e-4,0,1e-4,1e-4,437,435,439,1e-4,0.0099,438,2e-4,NA,NA,NA,NA,NA,NA,0.4488,3e-4,415,0.7085,0.9344,0,0.1525,0,Bayes-M10-geo
Kimpese,Kongo-Central,1,FALSE,1e-4,0,2e-4,1e-4,414,397,427,1e-4,0.017,414,3e-4,NA,NA,NA,NA,NA,NA,0.4947,5e-4,383,0.7896,0.9768,0,0.2124,0,Bayes-M10-geo
Kisantu,Kongo-Central,1,FALSE,1e-4,0,2e-4,1e-4,416,395,433,1e-4,0.0163,415,3e-4,NA,NA,NA,NA,NA,NA,0.418,4e-4,393,0.5039,0.9903,0,0.1776,0,Bayes-M10-geo
Kwilu Ngongo,Kongo-Central,1,FALSE,1e-4,0,2e-4,1e-4,422,409,430,1e-4,0.0149,422,2e-4,NA,NA,NA,NA,NA,NA,0.3875,4e-4,404,0.4884,0.8668,0,0.195,0,Bayes-M10-geo
Massa,Kongo-Central,1,FALSE,1e-4,0,1e-4,1e-4,439,432,443,1e-4,0.0094,440,2e-4,NA,NA,NA,NA,NA,NA,0.4223,2e-4,420,0.668,0.9208,0,0.1004,0,Bayes-M10-geo
Mbanza Ngungu,Kongo-Central,1,FALSE,1e-4,0,2e-4,1e-4,421,406,431,1e-4,0.0151,421,2e-4,NA,NA,NA,NA,NA,NA,0.3711,3e-4,405,0.3205,0.9749,0,0.1892,0,Bayes-M10-geo
Ngidinga,Kongo-Central,1,FALSE,1e-4,1e-4,3e-4,1e-4,403,393,416,1e-4,0.0209,405,3e-4,NA,NA,NA,NA,NA,NA,0.4488,6e-4,379,0.6544,0.7432,0,0.3977,0,Bayes-M10-geo
Nselo,Kongo-Central,1,FALSE,1e-4,0,2e-4,1e-4,421,413,426,1e-4,0.0146,425,2e-4,NA,NA,NA,NA,NA,NA,0.374,3e-4,406,0.6564,0.5347,0,0.305,0,Bayes-M10-geo
Sona Bata,Kongo-Central,1,FALSE,1e-4,0,2e-4,1e-4,435,424,438,1e-4,0.0111,436,2e-4,NA,NA,NA,NA,NA,NA,0.43,3e-4,411,0.7259,0.7896,0,0.2046,0,Bayes-M10-geo
Kasongo Lunda,Kwango,1,FALSE,1e-4,0,2e-4,1e-4,433,426,437,1e-4,0.0115,435,2e-4,NA,NA,NA,NA,NA,NA,0.3441,2e-4,421,0.6274,0.5946,0,0.1544,0,Bayes-M10-geo
Kitenda,Kwango,1,FALSE,1e-4,1e-4,2e-4,1e-4,409,399,418,1e-4,0.0187,410,3e-4,NA,NA,NA,NA,NA,NA,0.376,4e-4,392,0.6641,0.4247,0,0.4151,0,Bayes-M10-geo
Bandundu,Kwilu,1,FALSE,1e-4,1e-4,3e-4,1e-4,402,385,421,1e-4,0.021,404,3e-4,NA,NA,NA,NA,NA,NA,0.3364,4e-4,391,0.3436,0.751,0,0.251,0,Bayes-M10-geo
Mimia,Mai-Ndombe,1,FALSE,1e-4,1e-4,3e-4,1e-4,404,372,433,1e-4,0.0207,407,3e-4,NA,NA,NA,NA,NA,NA,0.4841,6e-4,374,0.9614,0.0521,0,0.9228,0,Bayes-M10-geo
Yumbi,Mai-Ndombe,1,FALSE,1e-4,0,2e-4,1e-4,417,411,423,1e-4,0.0155,418,3e-4,NA,NA,NA,NA,NA,NA,0.2741,3e-4,418,0.4131,0.4015,0,0.2819,0,Bayes-M10-geo
Bolobo,Mai-Ndombe,1,FALSE,1e-4,0,2e-4,1e-4,426,420,430,1e-4,0.0131,428,2e-4,NA,NA,NA,NA,NA,NA,0.3388,3e-4,416,0.6313,0.4981,0,0.2259,0,Bayes-M10-geo
Kitona,Kongo-Central,1,FALSE,0,0,0,0,453,452,453,0,7e-4,453,0,NA,NA,NA,NA,NA,NA,0.293,0,453,0.5907,0.5792,0,0.0019,0,Bayes-M10-geo
Kizu,Kongo-Central,1,FALSE,0,0,1e-4,0,448,446,449,0,0.0054,449,1e-4,NA,NA,NA,NA,NA,NA,0.3113,1e-4,440,0.2973,0.8707,0,0.0772,0,Bayes-M10-geo
Kuimba,Kongo-Central,1,FALSE,0,0,0,0,451,451,451,0,0.0023,451,0,NA,NA,NA,NA,NA,NA,0.3069,0,449,0.3784,0.8456,0,0.0039,0,Bayes-M10-geo
Muanda,Kongo-Central,1,FALSE,0,0,0,0,452,452,453,0,0.0012,452,0,NA,NA,NA,NA,NA,NA,0.4093,0,451,0.6371,1,0,0,0,Bayes-M10-geo
Tshela,Kongo-Central,1,FALSE,0,0,1e-4,0,450,450,450,0,0.0029,450,0,NA,NA,NA,NA,NA,NA,0.3282,1e-4,446,0.417,0.888,0,0.0077,0,Bayes-M10-geo
Nzanza,Kongo-Central,1,FALSE,0,0,1e-4,0,446,444,447,0,0.0066,446,1e-4,NA,NA,NA,NA,NA,NA,0.2172,1e-4,442,0.0888,0.6892,0,0.0907,0,Bayes-M10-geo
Tembo,Kwango,1,FALSE,0,0,1e-4,0,447,444,448,0,0.006,447,1e-4,NA,NA,NA,NA,NA,NA,0.3205,1e-4,438,0.7876,0.3977,0,0.0965,0,Bayes-M10-geo
Dilolo,Lualaba,1,FALSE,0,0,1e-4,0,449,439,449,0,0.0056,448,1e-4,NA,NA,NA,NA,NA,NA,0.3663,1e-4,436,0.8398,0.6197,0,0.0058,0,Bayes-M10-geo
Bokoro,Mai-Ndombe,1,FALSE,0,0,0,0,454,454,454,0,0,454,0,NA,NA,NA,NA,NA,NA,0.471,0,454,0.6873,0.5097,0,0.6873,0,Bayes-M10-geo
Idjwi,Sud-Kivu,1,FALSE,0,0,0,0,455,455,455,0,0,455,0,NA,NA,NA,NA,NA,NA,0.3007,0,455,0.2992,0.8224,0,0.0811,0,Bayes-M10-geo
Buta,Bas-Uele,1,TRUE,NA,NA,NA,NA,NA,NA,NA,NA,NA,NA,NA,NA,NA,NA,NA,NA,NA,0.7225,NA,NA,0.9749,0.9923,0,0.9228,0,Bayes-M10-geo
Ganga,Bas-Uele,1,TRUE,NA,NA,NA,NA,NA,NA,NA,NA,NA,NA,NA,NA,NA,NA,NA,NA,NA,0.7218,NA,NA,0.9672,0.9556,0,0.9643,0,Bayes-M10-geo
Viadana,Bas-Uele,1,TRUE,NA,NA,NA,NA,NA,NA,NA,NA,NA,NA,NA,NA,NA,NA,NA,NA,NA,0.6846,NA,NA,0.9131,0.9788,0,0.8465,0,Bayes-M10-geo
Boma Mangbetu,Haut-Uele,1,TRUE,NA,NA,NA,NA,NA,NA,NA,NA,NA,NA,NA,NA,NA,NA,NA,NA,NA,0.4122,NA,NA,0.2857,0.5039,0,0.8591,0,Bayes-M10-geo
Dungu,Haut-Uele,1,TRUE,NA,NA,NA,NA,NA,NA,NA,NA,NA,NA,NA,NA,NA,NA,NA,NA,NA,0.5275,NA,NA,0.8726,0.5598,0,0.6776,0,Bayes-M10-geo
Gombari,Haut-Uele,1,TRUE,NA,NA,NA,NA,NA,NA,NA,NA,NA,NA,NA,NA,NA,NA,NA,NA,NA,0.5772,NA,NA,0.9633,0.8012,0,0.5444,0,Bayes-M10-geo
Isiro,Haut-Uele,1,TRUE,NA,NA,NA,NA,NA,NA,NA,NA,NA,NA,NA,NA,NA,NA,NA,NA,NA,0.5253,NA,NA,0.39,0.7587,0,0.9527,0,Bayes-M10-geo
Pawa,Haut-Uele,1,TRUE,NA,NA,NA,NA,NA,NA,NA,NA,NA,NA,NA,NA,NA,NA,NA,NA,NA,0.4315,NA,NA,0.2934,0.5734,0,0.8591,0,Bayes-M10-geo
Rungu,Haut-Uele,1,TRUE,NA,NA,NA,NA,NA,NA,NA,NA,NA,NA,NA,NA,NA,NA,NA,NA,NA,0.6474,NA,NA,0.8224,0.8031,0,0.9643,0,Bayes-M10-geo
Wamba,Haut-Uele,1,TRUE,NA,NA,NA,NA,NA,NA,NA,NA,NA,NA,NA,NA,NA,NA,NA,NA,NA,0.4817,NA,NA,0.6737,0.4363,0,0.8166,0,Bayes-M10-geo
Adja,Ituri,1,TRUE,NA,NA,NA,NA,NA,NA,NA,NA,NA,NA,NA,NA,NA,NA,NA,NA,NA,0.2645,NA,NA,0.249,0.4286,0,0.3803,0,Bayes-M10-geo
Ariwara,Ituri,1,TRUE,NA,NA,NA,NA,NA,NA,NA,NA,NA,NA,NA,NA,NA,NA,NA,NA,NA,0.2862,NA,NA,0.1988,0.6988,0,0.2471,0,Bayes-M10-geo
Aru,Ituri,1,TRUE,NA,NA,NA,NA,NA,NA,NA,NA,NA,NA,NA,NA,NA,NA,NA,NA,NA,0.3528,NA,NA,0.3012,0.8417,0,0.2683,0,Bayes-M10-geo
Aungba,Ituri,1,TRUE,NA,NA,NA,NA,NA,NA,NA,NA,NA,NA,NA,NA,NA,NA,NA,NA,NA,0.3354,NA,NA,0.3108,0.6564,0,0.3745,0,Bayes-M10-geo
Kambala,Ituri,1,TRUE,NA,NA,NA,NA,NA,NA,NA,NA,NA,NA,NA,NA,NA,NA,NA,NA,NA,0.347,NA,NA,0.3668,0.612,0,0.4093,0,Bayes-M10-geo
Logo,Ituri,1,TRUE,NA,NA,NA,NA,NA,NA,NA,NA,NA,NA,NA,NA,NA,NA,NA,NA,NA,0.2384,NA,NA,0.1757,0.5927,0,0.1853,0,Bayes-M10-geo
Mahagi,Ituri,1,TRUE,NA,NA,NA,NA,NA,NA,NA,NA,NA,NA,NA,NA,NA,NA,NA,NA,NA,0.2292,NA,NA,0.1718,0.6004,0,0.1448,0,Bayes-M10-geo
Rimba,Ituri,1,TRUE,NA,NA,NA,NA,NA,NA,NA,NA,NA,NA,NA,NA,NA,NA,NA,NA,NA,0.306,NA,NA,0.2008,0.7124,0,0.3108,0,Bayes-M10-geo
Bambu,Ituri,1,TRUE,NA,NA,NA,NA,NA,NA,NA,NA,NA,NA,NA,NA,NA,NA,NA,NA,NA,0.2399,NA,NA,0.2046,0.4691,0,0.2857,0,Bayes-M10-geo
Boga,Ituri,1,TRUE,NA,NA,NA,NA,NA,NA,NA,NA,NA,NA,NA,NA,NA,NA,NA,NA,NA,0.264,NA,NA,0.3861,0.36870000000000003,0,0.3012,0,Bayes-M10-geo
Bunia,Ituri,1,TRUE,NA,NA,NA,NA,NA,NA,NA,NA,NA,NA,NA,NA,NA,NA,NA,NA,NA,0.2326,NA,NA,0.1178,0.5637,0,0.249,0,Bayes-M10-geo
Damas,Ituri,1,TRUE,NA,NA,NA,NA,NA,NA,NA,NA,NA,NA,NA,NA,NA,NA,NA,NA,NA,0.3224,NA,NA,0.4479,0.3282,0,0.5135,0,Bayes-M10-geo
Drodro,Ituri,1,TRUE,NA,NA,NA,NA,NA,NA,NA,NA,NA,NA,NA,NA,NA,NA,NA,NA,NA,0.2674,NA,NA,0.2066,0.5907,0,0.2722,0,Bayes-M10-geo
Fataki,Ituri,1,TRUE,NA,NA,NA,NA,NA,NA,NA,NA,NA,NA,NA,NA,NA,NA,NA,NA,NA,0.3185,NA,NA,0.2259,0.7201,0,0.3282,0,Bayes-M10-geo
Gety,Ituri,1,TRUE,NA,NA,NA,NA,NA,NA,NA,NA,NA,NA,NA,NA,NA,NA,NA,NA,NA,0.2592,NA,NA,0.3359,0.2973,0,0.4035,0,Bayes-M10-geo
Kilo,Ituri,1,TRUE,NA,NA,NA,NA,NA,NA,NA,NA,NA,NA,NA,NA,NA,NA,NA,NA,NA,0.1448,NA,NA,0.2201,0.0502,0,0.3089,0,Bayes-M10-geo
Komanda,Ituri,1,TRUE,NA,NA,NA,NA,NA,NA,NA,NA,NA,NA,NA,NA,NA,NA,NA,NA,NA,0.2341,NA,NA,0.3089,0.1197,0,0.5077,0,Bayes-M10-geo
Lita,Ituri,1,TRUE,NA,NA,NA,NA,NA,NA,NA,NA,NA,NA,NA,NA,NA,NA,NA,NA,NA,0.306,NA,NA,0.2761,0.7046,0,0.2432,0,Bayes-M10-geo
Lolwa,Ituri,1,TRUE,NA,NA,NA,NA,NA,NA,NA,NA,NA,NA,NA,NA,NA,NA,NA,NA,NA,0.3205,NA,NA,0.6429,0,0,0.639,0,Bayes-M10-geo
Mambasa,Ituri,1,TRUE,NA,NA,NA,NA,NA,NA,NA,NA,NA,NA,NA,NA,NA,NA,NA,NA,NA,0.4324,NA,NA,0.8842,0.2625,0,0.583,0,Bayes-M10-geo
Mandima,Ituri,1,TRUE,NA,NA,NA,NA,NA,NA,NA,NA,NA,NA,NA,NA,NA,NA,NA,NA,NA,0.2659,NA,NA,0.4846,0.2896,0,0.2896,0,Bayes-M10-geo
Mangala,Ituri,1,TRUE,NA,NA,NA,NA,NA,NA,NA,NA,NA,NA,NA,NA,NA,NA,NA,NA,NA,0.3021,NA,NA,0.305,0.6158,0,0.2876,0,Bayes-M10-geo
Mongbwalu,Ituri,1,TRUE,NA,NA,NA,NA,NA,NA,NA,NA,NA,NA,NA,NA,NA,NA,NA,NA,NA,0.2616,NA,NA,0.4112,0.1834,0,0.4517,0,Bayes-M10-geo
Nia Nia,Ituri,1,TRUE,NA,NA,NA,NA,NA,NA,NA,NA,NA,NA,NA,NA,NA,NA,NA,NA,NA,0.2978,NA,NA,0.666,0.0212,0,0.5039,0,Bayes-M10-geo
Nizi,Ituri,1,TRUE,NA,NA,NA,NA,NA,NA,NA,NA,NA,NA,NA,NA,NA,NA,NA,NA,NA,0.1771,NA,NA,0.1544,0.3378,0,0.2162,0,Bayes-M10-geo
Nyankunde,Ituri,1,TRUE,NA,NA,NA,NA,NA,NA,NA,NA,NA,NA,NA,NA,NA,NA,NA,NA,NA,0.2514,NA,NA,0.2838,0.2432,0,0.4788,0,Bayes-M10-geo
Rwampara,Ituri,1,TRUE,NA,NA,NA,NA,NA,NA,NA,NA,NA,NA,NA,NA,NA,NA,NA,NA,NA,0.319,NA,NA,0.2375,0.7452,0,0.2934,0,Bayes-M10-geo
Tchomia,Ituri,1,TRUE,NA,NA,NA,NA,NA,NA,NA,NA,NA,NA,NA,NA,NA,NA,NA,NA,NA,0.1998,NA,NA,0.2104,0.3745,0,0.2143,0,Bayes-M10-geo
Beni,Nord-Kivu,1,TRUE,NA,NA,NA,NA,NA,NA,NA,NA,NA,NA,NA,NA,NA,NA,NA,NA,NA,0.1559,NA,NA,0.1525,0.2297,0,0.2413,0,Bayes-M10-geo
Biena,Nord-Kivu,1,TRUE,NA,NA,NA,NA,NA,NA,NA,NA,NA,NA,NA,NA,NA,NA,NA,NA,NA,0.2013,NA,NA,0.251,0.166,0,0.388,0,Bayes-M10-geo
Butembo,Nord-Kivu,1,TRUE,NA,NA,NA,NA,NA,NA,NA,NA,NA,NA,NA,NA,NA,NA,NA,NA,NA,0.1829,NA,NA,0.1139,0.388,0,0.2297,0,Bayes-M10-geo
Kalunguta,Nord-Kivu,1,TRUE,NA,NA,NA,NA,NA,NA,NA,NA,NA,NA,NA,NA,NA,NA,NA,NA,NA,0.1559,NA,NA,0.195,0.2066,0,0.222,0,Bayes-M10-geo
Katwa,Nord-Kivu,1,TRUE,NA,NA,NA,NA,NA,NA,NA,NA,NA,NA,NA,NA,NA,NA,NA,NA,NA,0.1998,NA,NA,0.0869,0.4846,0,0.2278,0,Bayes-M10-geo
Kyondo,Nord-Kivu,1,TRUE,NA,NA,NA,NA,NA,NA,NA,NA,NA,NA,NA,NA,NA,NA,NA,NA,NA,0.3238,NA,NA,0.2954,0.7973,0,0.2027,0,Bayes-M10-geo
Lubero,Nord-Kivu,1,TRUE,NA,NA,NA,NA,NA,NA,NA,NA,NA,NA,NA,NA,NA,NA,NA,NA,NA,0.4585,NA,NA,0.5734,0.9382,0,0.3224,0,Bayes-M10-geo
Mabalako,Nord-Kivu,1,TRUE,NA,NA,NA,NA,NA,NA,NA,NA,NA,NA,NA,NA,NA,NA,NA,NA,NA,0.1573,NA,NA,0.1931,0.2046,0,0.2317,0,Bayes-M10-geo
Manguredjipa,Nord-Kivu,1,TRUE,NA,NA,NA,NA,NA,NA,NA,NA,NA,NA,NA,NA,NA,NA,NA,NA,NA,0.3475,NA,NA,0.778,0.0579,0,0.5541,0,Bayes-M10-geo
Masereka,Nord-Kivu,1,TRUE,NA,NA,NA,NA,NA,NA,NA,NA,NA,NA,NA,NA,NA,NA,NA,NA,NA,0.36870000000000003,NA,NA,0.2548,0.9807,0,0.2394,0,Bayes-M10-geo
Musienene,Nord-Kivu,1,TRUE,NA,NA,NA,NA,NA,NA,NA,NA,NA,NA,NA,NA,NA,NA,NA,NA,NA,0.319,NA,NA,0.2645,0.7317,0,0.2799,0,Bayes-M10-geo
Mutwanga,Nord-Kivu,1,TRUE,NA,NA,NA,NA,NA,NA,NA,NA,NA,NA,NA,NA,NA,NA,NA,NA,NA,0.2408,NA,NA,0.2606,0.4672,0,0.2355,0,Bayes-M10-geo
Oicha,Nord-Kivu,1,TRUE,NA,NA,NA,NA,NA,NA,NA,NA,NA,NA,NA,NA,NA,NA,NA,NA,NA,0.3364,NA,NA,0.3243,0.7606,0,0.2606,0,Bayes-M10-geo
Vuhovi,Nord-Kivu,1,TRUE,NA,NA,NA,NA,NA,NA,NA,NA,NA,NA,NA,NA,NA,NA,NA,NA,NA,0.2611,NA,NA,0.2027,0.6178,0,0.2239,0,Bayes-M10-geo
Goma,Nord-Kivu,1,TRUE,NA,NA,NA,NA,NA,NA,NA,NA,NA,NA,NA,NA,NA,NA,NA,NA,NA,0.2669,NA,NA,0.1274,0.8977,0,0.0425,0,Bayes-M10-geo
Kayna,Nord-Kivu,1,TRUE,NA,NA,NA,NA,NA,NA,NA,NA,NA,NA,NA,NA,NA,NA,NA,NA,NA,0.3113,NA,NA,0.2278,0.6332,0,0.3842,0,Bayes-M10-geo
Miti Murhesa,Sud-Kivu,1,TRUE,NA,NA,NA,NA,NA,NA,NA,NA,NA,NA,NA,NA,NA,NA,NA,NA,NA,0.3277,NA,NA,0.2355,0.9131,0,0.1622,0,Bayes-M10-geo
Bulu,Sud-Ubangi,1,TRUE,NA,NA,NA,NA,NA,NA,NA,NA,NA,NA,NA,NA,NA,NA,NA,NA,NA,0.3147,NA,NA,0.3649,0.1988,0,0.695,0,Bayes-M10-geo
Bafwasende,Tshopo,1,TRUE,NA,NA,NA,NA,NA,NA,NA,NA,NA,NA,NA,NA,NA,NA,NA,NA,NA,0.4546,NA,NA,0.9073,0.2413,0,0.6699,0,Bayes-M10-geo
Kabondo,Tshopo,1,TRUE,NA,NA,NA,NA,NA,NA,NA,NA,NA,NA,NA,NA,NA,NA,NA,NA,NA,0.18,NA,NA,0.1911,0.2722,0,0.2568,0,Bayes-M10-geo
Lubunga (Tshopo),Tshopo,1,TRUE,NA,NA,NA,NA,NA,NA,NA,NA,NA,NA,NA,NA,NA,NA,NA,NA,NA,0.2288,NA,NA,0.2452,0.3436,0,0.3263,0,Bayes-M10-geo
Makiso Kisangani,Tshopo,1,TRUE,NA,NA,NA,NA,NA,NA,NA,NA,NA,NA,NA,NA,NA,NA,NA,NA,NA,0.2355,NA,NA,0.1332,0.5309,0,0.278,0,Bayes-M10-geo
Mangobo,Tshopo,1,TRUE,NA,NA,NA,NA,NA,NA,NA,NA,NA,NA,NA,NA,NA,NA,NA,NA,NA,0.2061,NA,NA,0.0792,0.4382,0,0.3069,0,Bayes-M10-geo
Tshopo,Tshopo,1,TRUE,NA,NA,NA,NA,NA,NA,NA,NA,NA,NA,NA,NA,NA,NA,NA,NA,NA,0.2466,NA,NA,0.361,0.334,0,0.2915,0,Bayes-M10-geo
Wanierukula,Tshopo,1,TRUE,NA,NA,NA,NA,NA,NA,NA,NA,NA,NA,NA,NA,NA,NA,NA,NA,NA,0.473,NA,NA,0.8436,0.5521,0,0.4961,0,Bayes-M10-geo
Basali,Tshopo,1,TRUE,NA,NA,NA,NA,NA,NA,NA,NA,NA,NA,NA,NA,NA,NA,NA,NA,NA,0.3779,NA,NA,0.834,0.0251,0,0.6525,0,Bayes-M10-geo
Rethy,Ituri,2,FALSE,0.6452,0.5055,0.7764,0.6495,1,1,1,1.0651,76.4879,1,1,4.171,1,NA,NA,NA,NA,0.2703,1,1,0.2143,0.6081,0,0.2587,0,Bayes-M10-geo
Yakusu,Tshopo,2,FALSE,0.3188,0.228,0.4178,0.3162,2,2,3,0.3878,27.8486,2,0.4941,NA,NA,NA,NA,NA,NA,0.319,0.5833,4,0.4208,0.2085,0,0.6467,0,Bayes-M10-geo
Biringi,Ituri,2,FALSE,0.256,0.1957,0.3184,0.2546,3,3,4,0.297,21.3284,3,0.3967,1.1631,2,NA,NA,NA,NA,0.3494,0.5129,6,0.3958,0.4865,0,0.5154,0,Bayes-M10-geo
Niangara,Haut-Uele,2,FALSE,0.2155,0.1516,0.2828,0.214,5,4,6,0.2441,17.5285,4,0.334,NA,NA,NA,NA,1.7378,1,0.5512,0.6812,3,0.8031,0.4324,0,0.9691,0,Bayes-M10-geo
Watsa,Haut-Uele,2,FALSE,0.2043,0.1276,0.2946,0.1997,5,2,9,0.2307,16.5703,5,0.3167,NA,NA,NA,NA,1.6428,2,0.4797,0.5621,5,0.7297,0.8436,0,0.3456,0,Bayes-M10-geo
Poko,Bas-Uele,2,FALSE,0.1934,0.1309,0.2649,0.1903,6,5,8,0.2163,15.5352,6,0.2998,NA,NA,NA,NA,NA,NA,0.7271,0.8065,2,0.9923,0.9517,0,0.9643,0,Bayes-M10-geo
Jiba,Ituri,2,FALSE,0.1734,0.1047,0.2562,0.1682,7,4,10,0.1921,13.7937,7,0.2688,0.7522,3,NA,NA,NA,NA,0.1651,0.1641,15,0.1815,0.1274,0,0.3514,0,Bayes-M10-geo
Makoro,Haut-Uele,2,FALSE,0.1628,0.1245,0.2039,0.1613,7,7,9,0.1781,12.7923,8,0.2523,NA,NA,NA,NA,1.2682,3,0.3822,0.3569,7,0.556,0.5483,0,0.4247,0,Bayes-M10-geo
Linga,Ituri,2,FALSE,0.1321,0.0904,0.1798,0.1299,9,7,12,0.1422,10.2127,9,0.2048,0.5569,4,NA,NA,NA,NA,0.2148,0.1627,16,0.1969,0.3417,0,0.3205,0,Bayes-M10-geo
Kibirizi,Nord-Kivu,2,FALSE,0.1235,0.0934,0.157,0.1223,10,9,12,0.1321,9.484,10,0.1914,NA,NA,2.788,1,NA,NA,0.4175,0.2956,8,0.5405,0.8552,0,0.2741,0,Bayes-M10-geo
Alimbongo,Nord-Kivu,2,FALSE,0.1043,0.0729,0.1396,0.103,12,8,16,0.1104,7.9289,11,0.1617,NA,NA,2.3308,2,NA,NA,0.4262,0.2549,9,0.5849,0.7471,0,0.3726,0,Bayes-M10-geo
Angumu,Ituri,2,FALSE,0.0981,0.0543,0.1563,0.094,13,9,23,0.1039,7.4579,12,0.152,0.4067,5,NA,NA,NA,NA,0.11,0.0619,42,0.1641,0.1641,0,0.112,0,Bayes-M10-geo
Nyarambe,Ituri,2,FALSE,0.0919,0.0492,0.1485,0.0887,14,8,25,0.097,6.9649,13,0.1424,0.3798,6,NA,NA,NA,NA,0.1805,0.0951,32,0.1699,0.4595,0,0.0927,0,Bayes-M10-geo
Banalia,Tshopo,2,FALSE,0.0902,0.0609,0.1217,0.0894,14,10,22,0.0947,6.7999,14,0.1397,NA,NA,NA,NA,NA,NA,0.4242,0.2193,11,0.7799,0.1178,0,0.7992,0,Bayes-M10-geo
Bafwagbogbo,Tshopo,2,FALSE,0.0874,0.049,0.1331,0.0851,15,10,27,0.0919,6.5973,15,0.1354,NA,NA,NA,NA,NA,NA,0.3948,0.1978,14,0.8591,0.027,0,0.6931,0,Bayes-M10-geo
Kamango,Nord-Kivu,2,FALSE,0.0851,0.0542,0.1241,0.0829,15,12,24,0.0893,6.4094,16,0.1319,NA,NA,1.8841,3,NA,NA,0.4373,0.2135,12,0.6583,0.917,0,0.1737,0,Bayes-M10-geo
Faradje,Haut-Uele,2,FALSE,0.0812,0.063,0.1018,0.0806,16,14,19,0.0848,6.0879,17,0.1258,NA,NA,NA,NA,0.6036,4,0.4474,0.2083,13,0.7606,0.666,0,0.3629,0,Bayes-M10-geo
Bengamisa,Tshopo,2,FALSE,0.0772,0.0605,0.0948,0.0767,18,15,20,0.0805,5.778,18,0.1197,NA,NA,NA,NA,NA,NA,0.3012,0.1334,20,0.612,0.2162,0,0.3764,0,Bayes-M10-geo
Aba,Haut-Uele,2,FALSE,0.0733,0.0474,0.1044,0.072,20,13,26,0.0763,5.477,19,0.1135,NA,NA,NA,NA,0.543,5,0.569,0.2391,10,0.6004,0.6853,0,0.9903,0,Bayes-M10-geo
Laybo,Ituri,2,FALSE,0.0731,0.0504,0.0979,0.0725,19,14,23,0.076,5.4573,20,0.1132,0.2976,7,NA,NA,NA,NA,0.3393,0.1421,19,0.3069,0.556,0,0.4942,0,Bayes-M10-geo
Isangi,Tshopo,2,FALSE,0.071,0.0485,0.0968,0.0704,20,14,27,0.0738,5.3017,21,0.1101,NA,NA,NA,NA,NA,NA,0.3837,0.1563,17,0.4054,0.4073,0,0.722,0,Bayes-M10-geo
Adi,Ituri,2,FALSE,0.0671,0.0421,0.0988,0.0651,22,13,28,0.0696,5.0013,22,0.104,0.2727,8,NA,NA,NA,NA,0.3977,0.153,18,0.2587,0.7104,0,0.6216,0,Bayes-M10-geo
Rutshuru,Nord-Kivu,2,FALSE,0.0538,0.0273,0.0898,0.0513,25,15,41,0.0555,3.9853,23,0.0834,NA,NA,1.1715,4,NA,NA,0.3721,0.1148,26,0.4093,0.9942,0,0.0849,0,Bayes-M10-geo
Mbaya,Sud-Ubangi,2,FALSE,0.0513,0.0271,0.0833,0.0489,26,18,41,0.0528,3.7918,24,0.0795,NA,NA,NA,NA,NA,NA,0.3142,0.0924,34,0.3514,0.2239,0,0.6815,0,Bayes-M10-geo
Basoko,Tshopo,2,FALSE,0.0504,0.034,0.0686,0.0497,26,21,34,0.0517,3.7156,25,0.0781,NA,NA,NA,NA,NA,NA,0.3012,0.087,37,0.5077,0.3147,0,0.3822,0,Bayes-M10-geo
Kirotshe,Nord-Kivu,2,FALSE,0.05,0.0255,0.0861,0.0469,27,17,43,0.0514,3.6947,26,0.0774,NA,NA,1.0861,5,NA,NA,0.3842,0.1101,28,0.3764,0.9961,0,0.1641,0,Bayes-M10-geo
Opienge,Tshopo,2,FALSE,0.0459,0.0226,0.0759,0.0441,29,19,48,0.0472,3.3886,27,0.0712,NA,NA,NA,NA,NA,NA,0.4445,0.1171,25,0.9556,0.0135,0,0.8089,0,Bayes-M10-geo
Bambo,Nord-Kivu,2,FALSE,0.0443,0.0263,0.0672,0.0431,29,21,43,0.0454,3.2634,28,0.0687,NA,NA,0.9593,6,NA,NA,0.3962,0.1008,30,0.5521,0.9073,0,0.1255,0,Bayes-M10-geo
Yabaondo,Tshopo,2,FALSE,0.0432,0.0294,0.0581,0.0429,29,24,39,0.0443,3.1781,29,0.067,NA,NA,NA,NA,NA,NA,0.3523,0.0874,36,0.4363,0.305,0,0.668,0,Bayes-M10-geo
Ubundu,Tshopo,2,FALSE,0.0431,0.0307,0.0561,0.043,29,25,37,0.0441,3.1686,30,0.0668,NA,NA,NA,NA,NA,NA,0.4744,0.1173,24,0.9054,0.4305,0,0.5618,0,Bayes-M10-geo
Ruzizi,Sud-Kivu,2,FALSE,0.0405,0.0237,0.0629,0.039,32,23,46,0.0414,2.9721,31,0.0627,NA,NA,NA,NA,NA,NA,0.5627,0.1306,21,0.3494,0.9093,0,0.9923,0,Bayes-M10-geo
Masisi,Nord-Kivu,2,FALSE,0.0389,0.0262,0.0538,0.0384,32,27,40,0.0397,2.8521,32,0.0603,NA,NA,0.8384,7,NA,NA,0.4402,0.0982,31,0.4324,0.9575,0,0.3707,0,Bayes-M10-geo
Karisimbi,Nord-Kivu,2,FALSE,0.0384,0.0121,0.0845,0.0331,37,16,68.95,0.0395,2.8356,33,0.0595,NA,NA,0.8336,8,NA,NA,0.1597,0.0352,59,0.0907,0.5154,0,0.0328,0,Bayes-M10-geo
Uvira,Sud-Kivu,2,FALSE,0.0374,0.0196,0.0628,0.0353,36,23,54,0.0382,2.7432,34,0.0579,NA,NA,NA,NA,NA,NA,0.5502,0.1179,23,0.2181,0.9846,0,0.9981,0,Bayes-M10-geo
Ibanda,Sud-Kivu,2,FALSE,0.0356,0.0212,0.0538,0.0342,36,27,49,0.0363,2.6097,35,0.0552,NA,NA,NA,NA,NA,NA,0.2307,0.0471,50,0.083,0.6216,0,0.2181,0,Bayes-M10-geo
Pinga,Nord-Kivu,2,FALSE,0.0346,0.0229,0.0484,0.0342,36,29,46,0.0352,2.5305,36,0.0536,NA,NA,0.7439,9,NA,NA,0.57,0.1131,27,0.9595,0.7548,0,0.5656,0,Bayes-M10-geo
Mweso,Nord-Kivu,2,FALSE,0.0345,0.0242,0.0466,0.034,36,31,43,0.0351,2.523,37,0.0535,NA,NA,0.7417,10,NA,NA,0.4189,0.0829,39,0.4498,0.9614,0,0.2645,0,Bayes-M10-geo
Lubutu,Maniema,2,FALSE,0.0344,0.0218,0.0486,0.034,36,28,49,0.0351,2.5173,38,0.0533,NA,NA,NA,NA,NA,NA,0.4706,0.0929,33,0.8205,0.2819,0,0.7799,0,Bayes-M10-geo
Nyiragongo,Nord-Kivu,2,FALSE,0.0342,0.0132,0.0685,0.0312,39,21,64,0.035,2.5116,39,0.053,NA,NA,0.7383,11,NA,NA,0.2891,0.0567,45,0.2432,0.8764,0,0.0367,0,Bayes-M10-geo
Kadutu,Sud-Kivu,2,FALSE,0.0318,0.0198,0.047,0.031,40,30,51,0.0324,2.3245,40,0.0493,NA,NA,NA,NA,NA,NA,0.1636,0.0298,66,0.0579,0.3861,0,0.2104,0,Bayes-M10-geo
Titule,Bas-Uele,2,FALSE,0.0313,0.0177,0.0484,0.0304,41,28,55,0.0318,2.2835,41,0.0484,NA,NA,NA,NA,NA,NA,0.6839,0.1226,22,0.9865,0.8263,0,0.9228,0,Bayes-M10-geo
Rwanguba,Nord-Kivu,2,FALSE,0.0309,0.0144,0.0543,0.0291,42,26,58,0.0315,2.2602,42,0.0479,NA,NA,0.6644,12,NA,NA,0.2442,0.0433,52,0.2085,0.7027,0,0.0656,0,Bayes-M10-geo
Kibua,Nord-Kivu,2,FALSE,0.0308,0.0173,0.0469,0.0297,42,28,56,0.0313,2.2464,43,0.0477,NA,NA,0.6604,13,NA,NA,0.5154,0.0909,35,0.7741,0.6602,0,0.6274,0,Bayes-M10-geo
Katoyi,Nord-Kivu,2,FALSE,0.0304,0.0223,0.0394,0.0302,41,36,46,0.0309,2.221,44,0.0472,NA,NA,0.6529,14,NA,NA,0.4542,0.0793,40,0.4614,0.9595,0,0.3958,0,Bayes-M10-geo
Doruma,Haut-Uele,2,FALSE,0.0283,0.014,0.0467,0.0271,45,29,60,0.0288,2.0648,45,0.0438,NA,NA,NA,NA,0.2047,6,0.6216,0.1008,29,0.973,0.5135,0,1,0,Bayes-M10-geo
Yaleko,Tshopo,2,FALSE,0.0268,0.0173,0.0374,0.0265,45,35,57,0.0272,1.9526,46,0.0415,NA,NA,NA,NA,NA,NA,0.402,0.0618,43,0.639,0.2452,0,0.7239,0,Bayes-M10-geo
Walikale,Nord-Kivu,2,FALSE,0.0264,0.0188,0.0348,0.0262,46,38,53,0.0268,1.923,47,0.0409,NA,NA,0.5653,15,NA,NA,0.5729,0.0868,38,0.9459,0.9286,0,0.417,0,Bayes-M10-geo
Binza,Nord-Kivu,2,FALSE,0.0254,0.0137,0.0403,0.0245,47,33,59,0.0258,1.8535,48,0.0394,NA,NA,0.5449,16,NA,NA,0.3518,0.0513,49,0.471,0.8378,0,0.0985,0,Bayes-M10-geo
Budjala,Sud-Ubangi,2,FALSE,0.0246,0.015,0.0372,0.0238,48,37,60,0.025,1.7917,49,0.0382,NA,NA,NA,NA,NA,NA,0.43,0.0607,44,0.5154,0.4035,0,0.8012,0,Bayes-M10-geo
Lemera,Sud-Kivu,2,FALSE,0.0237,0.0155,0.0337,0.0233,49,39,61,0.024,1.7254,50,0.0368,NA,NA,NA,NA,NA,NA,0.5613,0.0764,41,0.3629,0.9015,0,0.9807,0,Bayes-M10-geo
Minova,Sud-Kivu,2,FALSE,0.0234,0.0132,0.0363,0.0227,50,37,61,0.0237,1.6997,51,0.0362,NA,NA,NA,NA,NA,NA,0.3866,0.0518,48,0.4421,0.9826,0,0.1216,0,Bayes-M10-geo
Birambizo,Nord-Kivu,2,FALSE,0.0207,0.0131,0.0302,0.0201,53,43,62,0.0209,1.5007,52,0.032,NA,NA,0.4411,17,NA,NA,0.3625,0.043,53,0.4035,0.89,0,0.1564,0,Bayes-M10-geo
Kabare,Sud-Kivu,2,FALSE,0.0206,0.0136,0.029,0.0201,53,43,63,0.0208,1.4949,54,0.0319,NA,NA,NA,NA,NA,NA,0.3567,0.0421,54,0.2394,0.9884,0,0.1988,0,Bayes-M10-geo
Nyangezi,Sud-Kivu,2,FALSE,0.0206,0.0142,0.0279,0.0204,53,46,64,0.0208,1.4968,53,0.032,NA,NA,NA,NA,NA,NA,0.36870000000000003,0.0436,51,0.222,0.8842,0,0.36870000000000003,0,Bayes-M10-geo
Yahisuli,Tshopo,2,FALSE,0.0204,0.0128,0.0287,0.02,54,43,62,0.0206,1.4778,55,0.0315,NA,NA,NA,NA,NA,NA,0.3521,0.0411,55,0.3842,0.0714,0,0.9527,0,Bayes-M10-geo
Nyantende,Sud-Kivu,2,FALSE,0.0202,0.014,0.0277,0.02,54,46,63,0.0204,1.4661,56,0.0313,NA,NA,NA,NA,NA,NA,0.3219,0.0373,57,0.1486,0.8938,0,0.2452,0,Bayes-M10-geo
Katana,Sud-Kivu,2,FALSE,0.0198,0.0123,0.029,0.0195,56,43,64,0.02,1.439,57,0.0307,NA,NA,NA,NA,NA,NA,0.3224,0.0367,58,0.2471,0.9112,0,0.1313,0,Bayes-M10-geo
Bagira,Sud-Kivu,2,FALSE,0.0175,0.0109,0.0255,0.0171,58,48,76.95,0.0176,1.2663,58,0.0271,NA,NA,NA,NA,NA,NA,0.236,0.0236,77,0.1004,0.6371,0,0.2066,0,Bayes-M10-geo
Itebero,Nord-Kivu,2,FALSE,0.0167,0.0108,0.0236,0.0165,59,49,70,0.0168,1.2087,59,0.0259,NA,NA,0.3553,18,NA,NA,0.5574,0.0533,47,0.9112,0.722,0,0.5965,0,Bayes-M10-geo
Nundu,Sud-Kivu,2,FALSE,0.0164,0.0098,0.0245,0.016,60,47.05,74.95,0.0165,1.1864,60,0.0254,NA,NA,NA,NA,NA,NA,0.5927,0.0557,46,0.527,0.8494,0,0.9942,0,Bayes-M10-geo
Kalehe,Sud-Kivu,2,FALSE,0.0144,0.0093,0.0208,0.0142,63,56,78,0.0146,1.0451,61,0.0224,NA,NA,NA,NA,NA,NA,0.3369,0.0279,67,0.3417,0.8649,0,0.1409,0,Bayes-M10-geo
Walungu,Sud-Kivu,2,FALSE,0.0141,0.0095,0.0196,0.0138,63,56,78.95,0.0142,1.0197,62,0.0218,NA,NA,NA,NA,NA,NA,0.3248,0.0263,72,0.1853,0.8803,0,0.2336,0,Bayes-M10-geo
Obokote,Maniema,2,FALSE,0.013,0.0064,0.0219,0.0124,66,51,91,0.0131,0.9441,63,0.0202,NA,NA,NA,NA,NA,NA,0.3209,0.024,75,0.7239,0.0328,0,0.527,0,Bayes-M10-geo
Yahuma,Tshopo,2,FALSE,0.0129,0.0078,0.0186,0.0127,66,54,76,0.013,0.933,64,0.02,NA,NA,NA,NA,NA,NA,0.4402,0.0326,62,0.8649,0.332,0,0.5637,0,Bayes-M10-geo
Bunyakiri,Sud-Kivu,2,FALSE,0.0126,0.0096,0.016,0.0125,66,61.05,79,0.0127,0.9116,65,0.0195,NA,NA,NA,NA,NA,NA,0.4517,0.0327,61,0.6197,0.832,0,0.3552,0,Bayes-M10-geo
Opala,Tshopo,2,FALSE,0.0125,0.0075,0.0184,0.0122,67,55,79,0.0126,0.9034,66,0.0194,NA,NA,NA,NA,NA,NA,0.4269,0.0306,64,0.7819,0.0792,0,0.8465,0,Bayes-M10-geo
Police,Kinshasa,2,FALSE,0.0118,0.0024,0.0289,0.0093,76,42,138,0.0119,0.8539,67,0.0183,NA,NA,NA,NA,NA,NA,0.0478,0.0032,231,0.0463,0.0772,0,0.0676,0,Bayes-M10-geo
Fizi,Sud-Kivu,2,FALSE,0.0118,0.0063,0.0191,0.0112,69,55,93,0.0118,0.8498,68,0.0182,NA,NA,NA,NA,NA,NA,0.5637,0.038,56,0.7432,0.9691,0,0.5425,0,Bayes-M10-geo
Mubumbano,Sud-Kivu,2,FALSE,0.0115,0.0085,0.0151,0.0113,70,63,85.95,0.0115,0.8288,69,0.0178,NA,NA,NA,NA,NA,NA,0.3658,0.0241,74,0.2683,0.9402,0,0.2548,0,Bayes-M10-geo
Haut Plateau,Sud-Kivu,2,FALSE,0.0113,0.0065,0.0171,0.011,70,58,98,0.0114,0.8163,70,0.0175,NA,NA,NA,NA,NA,NA,0.5246,0.034,60,0.5714,0.5444,0,0.9826,0,Bayes-M10-geo
Kaniola,Sud-Kivu,2,FALSE,0.0107,0.008,0.0137,0.0106,72,66,86,0.0108,0.7742,71,0.0166,NA,NA,NA,NA,NA,NA,0.4513,0.0277,68,0.5328,0.9305,0,0.3417,0,Bayes-M10-geo
Djolu,Tshuapa,2,FALSE,0.0103,0.0053,0.0165,0.0099,74,59,96,0.0104,0.7464,72,0.016,NA,NA,NA,NA,NA,NA,0.5256,0.0311,63,0.7104,0.5985,0,0.7934,0,Bayes-M10-geo
Kindu,Maniema,2,FALSE,0.01,0.005,0.0164,0.0095,76,60,99,0.0101,0.7221,75,0.0155,NA,NA,NA,NA,NA,NA,0.3181,0.0182,89,0.1351,0.2529,0,0.8842,0,Bayes-M10-geo
Binga,Mongala,2,FALSE,0.01,0.0064,0.0149,0.0097,75,63,104,0.0101,0.7255,73,0.0156,NA,NA,NA,NA,NA,NA,0.3306,0.0191,86,0.4749,0.249,0,0.5985,0,Bayes-M10-geo
Mulungu,Sud-Kivu,2,FALSE,0.01,0.0066,0.014,0.0099,74,65,94,0.0101,0.7254,74,0.0156,NA,NA,NA,NA,NA,NA,0.5208,0.03,65,0.861,0.5193,0,0.7027,0,Bayes-M10-geo
Lingwala,Kinshasa,2,FALSE,0.0098,0.0018,0.0251,0.0077,84,48,171,0.0099,0.7096,76,0.0152,NA,NA,NA,NA,NA,NA,0.0323,0.0018,308,0.0232,0.0907,0,0.0154,0,Bayes-M10-geo
Mwana,Sud-Kivu,2,FALSE,0.0097,0.0071,0.0127,0.0096,76,68,93,0.0098,0.7012,77,0.0151,NA,NA,NA,NA,NA,NA,0.3731,0.0208,81,0.2896,0.9035,0,0.2992,0,Bayes-M10-geo
Yalimbongo,Tshopo,2,FALSE,0.0095,0.0057,0.0138,0.0093,77,67,93,0.0095,0.683,78,0.0147,NA,NA,NA,NA,NA,NA,0.3214,0.0174,92,0.5772,0.0483,0,0.6602,0,Bayes-M10-geo
Kasongo,Maniema,2,FALSE,0.009,0.0048,0.0144,0.0086,81,66,109,0.009,0.6497,79,0.014,NA,NA,NA,NA,NA,NA,0.5304,0.0274,71,0.4459,0.7529,0,0.9228,0,Bayes-M10-geo
Kalonge,Sud-Kivu,2,FALSE,0.009,0.0066,0.0116,0.0088,79,69,106,0.009,0.6473,80,0.0139,NA,NA,NA,NA,NA,NA,0.404,0.0208,82,0.4961,0.8359,0,0.2838,0,Bayes-M10-geo
Kasa Vubu,Kinshasa,2,FALSE,0.0087,0.0017,0.0218,0.0069,91,53,177,0.0088,0.6318,81,0.0135,NA,NA,NA,NA,NA,NA,0.0444,0.0022,278,0.0309,0.1216,0,0.0251,0,Bayes-M10-geo
Nyemba,Tanganyika,2,FALSE,0.0087,0.0046,0.0136,0.0083,83,70,105,0.0087,0.6245,82,0.0134,NA,NA,NA,NA,NA,NA,0.3456,0.0172,95,0.5965,0.4556,0,0.3301,0,Bayes-M10-geo
Kaziba,Sud-Kivu,2,FALSE,0.0085,0.0061,0.0114,0.0084,82,72,106,0.0086,0.6141,83,0.0132,NA,NA,NA,NA,NA,NA,0.3571,0.0174,93,0.2876,0.7838,0,0.3571,0,Bayes-M10-geo
Ferekeni,Maniema,2,FALSE,0.0084,0.0042,0.0141,0.008,85,66,116,0.0084,0.6041,84,0.013,NA,NA,NA,NA,NA,NA,0.3504,0.0168,96,0.7722,0.0425,0,0.5869,0,Bayes-M10-geo
Lolo,Mongala,2,FALSE,0.008,0.0053,0.0109,0.0079,85,78,101,0.008,0.5749,85,0.0124,NA,NA,NA,NA,NA,NA,0.3161,0.0145,104,0.4073,0.3263,0,0.5309,0,Bayes-M10-geo
Kalole,Sud-Kivu,2,FALSE,0.0079,0.005,0.0113,0.0078,84,78,105,0.0079,0.5703,87,0.0123,NA,NA,NA,NA,NA,NA,0.6038,0.0274,70,0.89,0.7799,0,0.7452,0,Bayes-M10-geo
Lingomo,Tshuapa,2,FALSE,0.0079,0.0045,0.012,0.0077,87,73,105,0.008,0.5725,86,0.0123,NA,NA,NA,NA,NA,NA,0.5627,0.0256,73,0.8263,0.5869,0,0.8378,0,Bayes-M10-geo
Kinshasa,Kinshasa,2,FALSE,0.0077,0.0015,0.0194,0.0061,101,57.05,195,0.0077,0.5562,88,0.0119,NA,NA,NA,NA,NA,NA,0.0203,9e-4,372,0.0135,0.0463,0,0.0212,0,Bayes-M10-geo
Mwenga,Sud-Kivu,2,FALSE,0.0077,0.0055,0.0104,0.0076,88,78,107,0.0077,0.5554,89,0.0119,NA,NA,NA,NA,NA,NA,0.319,0.0141,107,0.5,0.3552,0,0.4208,0,Bayes-M10-geo
Kalamu 1,Kinshasa,2,FALSE,0.0076,0.0016,0.0189,0.0061,101,59,184.95,0.0076,0.5484,91,0.0118,NA,NA,NA,NA,NA,NA,0.0309,0.0013,341,0.0193,0.0734,0,0.0309,0,Bayes-M10-geo
Lowa,Tshopo,2,FALSE,0.0076,0.0039,0.0126,0.0073,91,71,121,0.0077,0.5502,90,0.0118,NA,NA,NA,NA,NA,NA,0.4073,0.0178,91,0.8938,0.0598,0,0.6757,0,Bayes-M10-geo
Saramabila,Maniema,2,FALSE,0.0074,0.0043,0.0111,0.0072,91,78,112,0.0074,0.5327,92,0.0115,NA,NA,NA,NA,NA,NA,0.4768,0.0202,83,0.473,0.5502,0,0.8842,0,Bayes-M10-geo
Aketi,Bas-Uele,2,FALSE,0.0071,0.0047,0.0097,0.007,91,81,120,0.0071,0.5107,93,0.011,NA,NA,NA,NA,NA,NA,0.6762,0.0275,69,0.9903,0.9363,0,0.778,0,Bayes-M10-geo
Punia,Maniema,2,FALSE,0.007,0.0041,0.0107,0.0069,95,85,106,0.0071,0.5075,94,0.0109,NA,NA,NA,NA,NA,NA,0.3731,0.0151,102,0.7625,0.1969,0,0.5328,0,Bayes-M10-geo
Kunda,Maniema,2,FALSE,0.0069,0.0037,0.011,0.0066,97,77,123,0.007,0.4995,95,0.0107,NA,NA,NA,NA,NA,NA,0.4165,0.0165,97,0.4633,0.2799,0,0.9228,0,Bayes-M10-geo
Ikela,Tshuapa,2,FALSE,0.0068,0.0038,0.0104,0.0066,97,84,116,0.0069,0.4923,96,0.0106,NA,NA,NA,NA,NA,NA,0.4633,0.0181,90,0.8147,0.1795,0,0.8591,0,Bayes-M10-geo
Lisala,Mongala,2,FALSE,0.0067,0.004,0.0102,0.0065,98,77,128,0.0067,0.4846,98,0.0104,NA,NA,NA,NA,NA,NA,0.4093,0.0158,99,0.4286,0.4402,0,0.7683,0,Bayes-M10-geo
Kamituga,Sud-Kivu,2,FALSE,0.0067,0.0046,0.0091,0.0066,97,86,115,0.0067,0.4805,99,0.0103,NA,NA,NA,NA,NA,NA,0.3596,0.0137,109,0.3938,0.6062,0,0.4382,0,Bayes-M10-geo
Kitutu,Sud-Kivu,2,FALSE,0.0067,0.0046,0.0092,0.0067,96,89,111,0.0068,0.4858,97,0.0104,NA,NA,NA,NA,NA,NA,0.5024,0.0194,84,0.751,0.805,0,0.4537,0,Bayes-M10-geo
Lulingu,Sud-Kivu,2,FALSE,0.0066,0.004,0.0096,0.0064,97,87,119,0.0066,0.4749,100,0.0102,NA,NA,NA,NA,NA,NA,0.6158,0.0233,78,0.9093,0.8108,0,0.7432,0,Bayes-M10-geo
Gombe,Kinshasa,2,FALSE,0.0064,0.0012,0.0161,0.0052,115,65,217,0.0064,0.4623,101,0.0099,NA,NA,NA,NA,NA,NA,0.1622,0.006,155,0.0695,0.5695,0,0.0097,0,Bayes-M10-geo
Shabunda,Sud-Kivu,2,FALSE,0.0063,0.0036,0.0096,0.0061,103,88,122,0.0063,0.4538,102,0.0098,NA,NA,NA,NA,NA,NA,0.5922,0.0214,80,0.8378,0.8726,0,0.6583,0,Bayes-M10-geo
Minembwe,Sud-Kivu,2,FALSE,0.0062,0.0039,0.0089,0.006,103,88,126,0.0062,0.4442,103,0.0096,NA,NA,NA,NA,NA,NA,0.5198,0.0184,88,0.7181,0.8089,0,0.5521,0,Bayes-M10-geo
Kampene,Maniema,2,FALSE,0.0061,0.0035,0.0091,0.006,104,93,122.95,0.0061,0.4394,105,0.0095,NA,NA,NA,NA,NA,NA,0.3962,0.0139,108,0.5251,0.1757,0,0.8842,0,Bayes-M10-geo
Yamaluka,Mongala,2,FALSE,0.0061,0.0038,0.009,0.006,104,96,114,0.0062,0.4428,104,0.0095,NA,NA,NA,NA,NA,NA,0.1974,0.007,142,0.2799,0.1448,0,0.3649,0,Bayes-M10-geo
Masina 2,Kinshasa,2,FALSE,0.006,0.0016,0.0134,0.0052,113,73,175,0.0061,0.435,106,0.0093,NA,NA,NA,NA,NA,NA,0.0265,9e-4,370,0.0174,0.0193,0,0.0695,0,Bayes-M10-geo
Kimbi Lulenge,Sud-Kivu,2,FALSE,0.006,0.0038,0.0086,0.0059,106,98,117,0.006,0.4328,107,0.0093,NA,NA,NA,NA,NA,NA,0.5507,0.019,87,0.8475,0.8687,0,0.4865,0,Bayes-M10-geo
Ndage,Sud-Ubangi,2,FALSE,0.006,0.0038,0.0088,0.0058,106,81,141,0.006,0.4325,108,0.0093,NA,NA,NA,NA,NA,NA,0.3533,0.0122,113,0.3996,0.2761,0,0.7375,0,Bayes-M10-geo
Masina 1,Kinshasa,2,FALSE,0.0059,0.0015,0.0135,0.005,115,73,183,0.0059,0.4259,109,0.0092,NA,NA,NA,NA,NA,NA,0.0193,7e-4,387,0.0077,0.0077,0,0.0618,0,Bayes-M10-geo
Ango,Bas-Uele,2,FALSE,0.0058,0.0035,0.0085,0.0057,106.5,96.05,127,0.0058,0.4198,111,0.009,NA,NA,NA,NA,NA,NA,0.7095,0.0237,76,1,0.8591,0,0.9788,0,Bayes-M10-geo
Lusangi,Maniema,2,FALSE,0.0058,0.0034,0.0087,0.0057,106,98,126,0.0058,0.4199,110,0.009,NA,NA,NA,NA,NA,NA,0.4223,0.0141,106,0.5656,0.2645,0,0.8591,0,Bayes-M10-geo
Kalemie,Tanganyika,2,FALSE,0.0057,0.0029,0.0093,0.0055,110,90,125.95,0.0057,0.4123,112,0.0089,NA,NA,NA,NA,NA,NA,0.3789,0.0124,111,0.6718,0.4575,0,0.3861,0,Bayes-M10-geo
Limete,Kinshasa,2,FALSE,0.0056,0.0012,0.0135,0.0046,120,73,214,0.0056,0.4022,113,0.0086,NA,NA,NA,NA,NA,NA,0.056,0.0018,310,0.0405,0.1371,0,0.0463,0,Bayes-M10-geo
Kintambo,Kinshasa,2,FALSE,0.0055,0.001,0.014,0.0043,123,70,249,0.0055,0.395,115,0.0085,NA,NA,NA,NA,NA,NA,0.0338,0.0011,357,0.0212,0.1004,0,0.0135,0,Bayes-M10-geo
Samba,Maniema,2,FALSE,0.0055,0.0032,0.0083,0.0054,111,102.05,129,0.0055,0.3972,114,0.0085,NA,NA,NA,NA,NA,NA,0.5179,0.0164,98,0.7529,0.4344,0,0.8842,0,Bayes-M10-geo
Bili (Bas-Uele),Bas-Uele,2,FALSE,0.0054,0.0028,0.0088,0.0052,113,85,149,0.0054,0.3905,116,0.0084,NA,NA,NA,NA,NA,NA,0.6926,0.0215,79,0.9981,0.7992,0,0.973,0,Bayes-M10-geo
Nsele,Kinshasa,2,FALSE,0.0054,0.0013,0.0126,0.0043,124,72,210,0.0054,0.3877,117,0.0083,NA,NA,NA,NA,NA,NA,0.1583,0.0049,174,0.139,0.3996,0,0.0946,0,Bayes-M10-geo
Kabambare,Maniema,2,FALSE,0.0051,0.0029,0.0079,0.005,115,102,137,0.0051,0.368,118,0.0079,NA,NA,NA,NA,NA,NA,0.3953,0.0116,114,0.8359,0.112,0,0.6332,0,Bayes-M10-geo
Gemena,Sud-Ubangi,2,FALSE,0.0051,0.0026,0.0087,0.0048,118,81,163.95,0.0051,0.3663,119,0.0079,NA,NA,NA,NA,NA,NA,0.3277,0.0096,120,0.1776,0.2741,0,0.8591,0,Bayes-M10-geo
Mbulula,Tanganyika,2,FALSE,0.0051,0.0027,0.0081,0.0049,116,100,134,0.0051,0.365,120,0.0079,NA,NA,NA,NA,NA,NA,0.5934,0.0172,94,0.6448,0.7761,0,0.9527,0,Bayes-M10-geo
Matete,Kinshasa,2,FALSE,0.005,0.0012,0.0114,0.0042,125,81.05,217,0.005,0.3578,123,0.0077,NA,NA,NA,NA,NA,NA,0.0492,0.0014,339,0.0251,0.1158,0,0.056,0,Bayes-M10-geo
Kokolo,Kinshasa,2,FALSE,0.005,0.001,0.0123,0.004,130,76,254,0.005,0.3588,121,0.0077,NA,NA,NA,NA,NA,NA,0.2172,0.0062,149,0.0772,0.7722,0,0.0193,0,Bayes-M10-geo
Itombwe,Sud-Kivu,2,FALSE,0.005,0.0028,0.0079,0.0048,118,95,151,0.005,0.3583,122,0.0077,NA,NA,NA,NA,NA,NA,0.5121,0.0146,103,0.8571,0.6737,0,0.5174,0,Bayes-M10-geo
Kongolo,Tanganyika,2,FALSE,0.0049,0.0023,0.0085,0.0046,120,94,144,0.0049,0.3527,124,0.0076,NA,NA,NA,NA,NA,NA,0.6829,0.0192,85,0.8861,0.9228,0,0.9228,0,Bayes-M10-geo
Kabinda,Lomami,2,FALSE,0.0048,0.0023,0.0082,0.0046,120,97,141,0.0049,0.3486,125,0.0075,NA,NA,NA,NA,NA,NA,0.4382,0.0122,112,0.5097,0.5541,0,0.6892,0,Bayes-M10-geo
Kikimi,Kinshasa,2,FALSE,0.0046,0.0013,0.0103,0.0041,128,90,194.95,0.0046,0.3328,126,0.0072,NA,NA,NA,NA,NA,NA,0.0835,0.0022,279,0.056,0.1911,0,0.0869,0,Bayes-M10-geo
Bandalungwa,Kinshasa,2,FALSE,0.0046,9e-4,0.0116,0.0037,135,80,268,0.0046,0.3324,127,0.0071,NA,NA,NA,NA,NA,NA,0.0709,0.0019,306,0.0328,0.2336,0,0.0174,0,Bayes-M10-geo
Barumbu,Kinshasa,2,FALSE,0.0046,9e-4,0.0114,0.0036,135,80,267.95,0.0046,0.3296,128,0.0071,NA,NA,NA,NA,NA,NA,0.014,4e-4,415,0.0097,0.0232,0,0.0232,0,Bayes-M10-geo
Kailo,Maniema,2,FALSE,0.0046,0.0025,0.0072,0.0044,122,111,138,0.0046,0.3279,129,0.0071,NA,NA,NA,NA,NA,NA,0.4276,0.0112,115,0.832,0.0946,0,0.7838,0,Bayes-M10-geo
Alunguli,Maniema,2,FALSE,0.0044,0.0024,0.0071,0.0043,125,108,150,0.0045,0.3202,130,0.0069,NA,NA,NA,NA,NA,NA,0.3132,0.008,131,0.1737,0.195,0,0.8842,0,Bayes-M10-geo
Ngiri Ngiri,Kinshasa,2,FALSE,0.0042,8e-4,0.0104,0.0034,140,86,279,0.0042,0.303,134,0.0065,NA,NA,NA,NA,NA,NA,0.028,7e-4,386,0.0154,0.0676,0,0.029,0,Bayes-M10-geo
Lubao,Lomami,2,FALSE,0.0042,0.0023,0.0067,0.0041,127,115,142,0.0043,0.3055,131,0.0066,NA,NA,NA,NA,NA,NA,0.3982,0.0097,118,0.6486,0.1525,0,0.7915,0,Bayes-M10-geo
Kibombo,Maniema,2,FALSE,0.0042,0.0023,0.0066,0.004,128,113,148,0.0042,0.3,135,0.0065,NA,NA,NA,NA,NA,NA,0.4614,0.011,116,0.7452,0.1776,0,0.9228,0,Bayes-M10-geo
Kalima,Maniema,2,FALSE,0.0042,0.0025,0.0064,0.0041,127,117,136,0.0042,0.304,133,0.0065,NA,NA,NA,NA,NA,NA,0.3094,0.0075,137,0.4595,0.3205,0,0.4575,0,Bayes-M10-geo
Kabalo,Tanganyika,2,FALSE,0.0042,0.0021,0.007,0.004,129,109,148,0.0042,0.3041,132,0.0065,NA,NA,NA,NA,NA,NA,0.624,0.0151,100,0.9035,0.7568,0,0.8359,0,Bayes-M10-geo
Nyunzu,Tanganyika,2,FALSE,0.0041,0.0022,0.0065,0.004,130,114,143,0.0041,0.2951,136,0.0064,NA,NA,NA,NA,NA,NA,0.6023,0.0142,105,0.9653,0.834,0,0.61,0,Bayes-M10-geo
Likati,Bas-Uele,2,FALSE,0.0037,0.0023,0.0053,0.0036,136,114,160,0.0037,0.266,138,0.0057,NA,NA,NA,NA,NA,NA,0.7124,0.0151,101,0.9942,0.971,0,0.8842,0,Bayes-M10-geo
Maluku 2,Kinshasa,2,FALSE,0.0037,0.0016,0.0069,0.0035,137,123,153,0.0038,0.2694,137,0.0058,NA,NA,NA,NA,NA,NA,0.4184,0.009,125,0.6834,0.5463,0,0.444,0,Bayes-M10-geo
Lemba,Kinshasa,2,FALSE,0.0036,8e-4,0.0088,0.003,148,98,274,0.0036,0.2619,139,0.0056,NA,NA,NA,NA,NA,NA,0.1023,0.0021,286,0.0483,0.3069,0,0.0541,0,Bayes-M10-geo
Pangi,Maniema,2,FALSE,0.0036,0.0019,0.0059,0.0034,138,115,176,0.0036,0.2594,140,0.0056,NA,NA,NA,NA,NA,NA,0.3316,0.0069,143,0.6081,0.056,0,0.6622,0,Bayes-M10-geo
Kingasani,Kinshasa,2,FALSE,0.0035,0.001,0.0079,0.0031,148,104.05,249.95,0.0036,0.2552,141,0.0055,NA,NA,NA,NA,NA,NA,0.0294,6e-4,390,0.0058,0.0405,0,0.0714,0,Bayes-M10-geo
Ludimbi Lukula,Lomami,2,FALSE,0.0035,0.0019,0.0057,0.0034,139,123,157.95,0.0035,0.2536,142,0.0055,NA,NA,NA,NA,NA,NA,0.4513,0.0091,124,0.6931,0.3475,0,0.7645,0,Bayes-M10-geo
Tshofa,Lomami,2,FALSE,0.0035,0.0018,0.0056,0.0033,141,125,156,0.0035,0.2491,143,0.0054,NA,NA,NA,NA,NA,NA,0.4416,0.0088,126,0.6757,0.3514,0,0.7394,0,Bayes-M10-geo
Bondo,Bas-Uele,2,FALSE,0.0034,0.002,0.0052,0.0033,141,117,164,0.0034,0.2472,144,0.0053,NA,NA,NA,NA,NA,NA,0.6737,0.0133,110,0.9961,0.9981,0,0.7008,0,Bayes-M10-geo
Maluku 1,Kinshasa,2,FALSE,0.0034,0.0011,0.007,0.003,147,118,213,0.0034,0.2439,145,0.0053,NA,NA,NA,NA,NA,NA,0.2321,0.0045,183,0.3475,0.4517,0,0.1293,0,Bayes-M10-geo
Mbandaka,Equateur,2,FALSE,0.0033,0.0014,0.0059,0.0031,147,131,168,0.0033,0.235,147,0.0051,NA,NA,NA,NA,NA,NA,0.5164,0.0097,119,0.6409,0.9633,0,0.4614,0,Bayes-M10-geo
Mulumba,Lomami,2,FALSE,0.0033,0.0017,0.0055,0.0032,143,126,156,0.0034,0.2408,146,0.0052,NA,NA,NA,NA,NA,NA,0.2587,0.005,171,0.1834,0.3108,0,0.5405,0,Bayes-M10-geo
Tunda,Maniema,2,FALSE,0.0032,0.0016,0.0054,0.003,147,122,190,0.0032,0.2295,149,0.0049,NA,NA,NA,NA,NA,NA,0.459,0.0084,129,0.8977,0.0541,0,0.8842,0,Bayes-M10-geo
Yambuku,Mongala,2,FALSE,0.0032,0.0016,0.0053,0.003,147,114,194,0.0032,0.2298,148,0.0049,NA,NA,NA,NA,NA,NA,0.4344,0.008,133,0.5483,0.5753,0,0.6139,0,Bayes-M10-geo
Kalamu 2,Kinshasa,2,FALSE,0.0031,6e-4,0.0077,0.0024,171,100,320.95,0.0031,0.2238,152,0.0048,NA,NA,NA,NA,NA,NA,0.015,3e-4,427,0.0039,0.0154,0,0.0405,0,Bayes-M10-geo
Kamana,Lomami,2,FALSE,0.0031,0.0016,0.005,0.0029,149,131,169,0.0031,0.2204,153,0.0047,NA,NA,NA,NA,NA,NA,0.2944,0.0052,169,0.5309,0.0174,0,0.6293,0,Bayes-M10-geo
Bumba,Mongala,2,FALSE,0.0031,0.0018,0.0046,0.003,147,129,169,0.0031,0.2244,151,0.0048,NA,NA,NA,NA,NA,NA,0.2384,0.0043,189,0.1409,0.4537,0,0.3591,0,Bayes-M10-geo
Yalifafu,Tshuapa,2,FALSE,0.0031,0.0017,0.0049,0.003,147,128,164,0.0031,0.2262,150,0.0049,NA,NA,NA,NA,NA,NA,0.4797,0.0086,127,0.7664,0.2683,0,0.8842,0,Bayes-M10-geo
Ndjili,Kinshasa,2,FALSE,0.003,8e-4,0.0068,0.0025,166,117.05,281.95,0.003,0.2129,155,0.0046,NA,NA,NA,NA,NA,NA,0.0487,8e-4,373,0.027,0.1042,0,0.0637,0,Bayes-M10-geo
Mondombe,Tshuapa,2,FALSE,0.003,0.0016,0.0049,0.0029,151,129,166,0.003,0.2189,154,0.0047,NA,NA,NA,NA,NA,NA,0.4797,0.0084,130,0.6622,0.3726,0,0.8842,0,Bayes-M10-geo
Ngandajika,Lomami,2,FALSE,0.0029,0.0015,0.0049,0.0028,154,134,168,0.0029,0.2115,156,0.0046,NA,NA,NA,NA,NA,NA,0.3465,0.0058,156,0.2124,0.4459,0,0.7278,0,Bayes-M10-geo
Lodja,Sankuru,2,FALSE,0.0029,0.0012,0.0051,0.0027,159,127,206,0.0029,0.2052,158,0.0044,NA,NA,NA,NA,NA,NA,0.4626,0.0076,136,0.2625,0.6351,0,0.9527,0,Bayes-M10-geo
Kiambi,Tanganyika,2,FALSE,0.0029,0.0015,0.0047,0.0027,155,135.05,180,0.0029,0.2054,157,0.0044,NA,NA,NA,NA,NA,NA,0.5709,0.0094,123,0.9807,0.6834,0,0.6197,0,Bayes-M10-geo
Kingabwa,Kinshasa,2,FALSE,0.0028,7e-4,0.0067,0.0024,174,114,301,0.0029,0.2047,159,0.0044,NA,NA,NA,NA,NA,NA,0.0478,8e-4,378,0.0425,0.0965,0,0.0521,0,Bayes-M10-geo
Luputa,Lomami,2,FALSE,0.0028,0.0013,0.0048,0.0027,159,133,188,0.0028,0.2028,160,0.0044,NA,NA,NA,NA,NA,NA,0.3431,0.0055,161,0.3301,0.3166,0,0.7259,0,Bayes-M10-geo
Bosondjo,Mongala,2,FALSE,0.0028,0.0015,0.0043,0.0027,158,139,175,0.0028,0.1991,161,0.0043,NA,NA,NA,NA,NA,NA,0.3489,0.0055,162,0.5618,0.1931,0,0.6409,0,Bayes-M10-geo
Kanda Kanda,Lomami,2,FALSE,0.0027,0.0014,0.0045,0.0026,161,141,175,0.0027,0.1957,163,0.0042,NA,NA,NA,NA,NA,NA,0.3012,0.0047,179,0.3185,0.1737,0,0.7124,0,Bayes-M10-geo
Mweneditu,Lomami,2,FALSE,0.0027,0.0013,0.0044,0.0025,165,141,188,0.0027,0.1909,166,0.0041,NA,NA,NA,NA,NA,NA,0.2799,0.0043,190,0.166,0.3842,0,0.5695,0,Bayes-M10-geo
Yamongili,Mongala,2,FALSE,0.0027,0.0017,0.0039,0.0027,157,141,176,0.0027,0.197,162,0.0042,NA,NA,NA,NA,NA,NA,0.3243,0.0051,170,0.5116,0.3668,0,0.4189,0,Bayes-M10-geo
Tshumbe,Sankuru,2,FALSE,0.0027,0.0014,0.0044,0.0026,162,143,184,0.0027,0.1922,164,0.0041,NA,NA,NA,NA,NA,NA,0.3907,0.006,154,0.5444,0.1718,0,0.8465,0,Bayes-M10-geo
Mompono,Tshuapa,2,FALSE,0.0027,0.0015,0.0042,0.0026,161,139,186.95,0.0027,0.1921,165,0.0041,NA,NA,NA,NA,NA,NA,0.5598,0.0086,128,0.8089,0.6042,0,0.8263,0,Bayes-M10-geo
Kasansa,Kasaï-Oriental,2,FALSE,0.0026,0.0012,0.0043,0.0024,167,149,190.95,0.0026,0.1844,170,0.004,NA,NA,NA,NA,NA,NA,0.3349,0.0049,173,0.2568,0.6699,0,0.4131,0,Bayes-M10-geo
Yakoma,Nord-Ubangi,2,FALSE,0.0026,0.0014,0.0042,0.0025,165.5,129,210,0.0026,0.1891,168,0.0041,NA,NA,NA,NA,NA,NA,0.6641,0.01,117,0.7124,0.9479,0,0.9961,0,Bayes-M10-geo
Katako Kombe,Sankuru,2,FALSE,0.0026,0.0013,0.0044,0.0025,165,145,181,0.0026,0.19,167,0.0041,NA,NA,NA,NA,NA,NA,0.4703,0.0071,139,0.7857,0.1313,0,0.9643,0,Bayes-M10-geo
Tandala,Sud-Ubangi,2,FALSE,0.0026,0.0016,0.004,0.0025,164,121,230,0.0026,0.1889,169,0.0041,NA,NA,NA,NA,NA,NA,0.4078,0.0061,151,0.2741,0.527,0,0.8301,0,Bayes-M10-geo
Kalambayi Kabanga,Lomami,2,FALSE,0.0025,0.0013,0.0041,0.0024,168,152,187,0.0025,0.1815,171,0.0039,NA,NA,NA,NA,NA,NA,0.3132,0.0045,182,0.4556,0.1602,0,0.6371,0,Bayes-M10-geo
Omendjadi,Sankuru,2,FALSE,0.0025,0.0012,0.0041,0.0024,172,154,193,0.0025,0.177,172,0.0038,NA,NA,NA,NA,NA,NA,0.4262,0.006,153,0.5502,0.2317,0,0.9228,0,Bayes-M10-geo
Kaniama,Haut-Lomami,2,FALSE,0.0024,0.0011,0.0041,0.0023,179,151,212,0.0024,0.1717,177,0.0037,NA,NA,NA,NA,NA,NA,0.582,0.008,132,0.8533,0.6622,0,0.8127,0,Bayes-M10-geo
Kitenge,Haut-Lomami,2,FALSE,0.0024,0.0012,0.004,0.0023,175,154,202,0.0024,0.1738,174,0.0037,NA,NA,NA,NA,NA,NA,0.5729,0.0079,134,0.8668,0.8069,0,0.6178,0,Bayes-M10-geo
Wapinda,Nord-Ubangi,2,FALSE,0.0024,0.0014,0.0037,0.0023,172,135,226.95,0.0024,0.173,175,0.0037,NA,NA,NA,NA,NA,NA,0.6791,0.0094,122,0.9015,0.8398,0,0.9749,0,Bayes-M10-geo
Vanga Kete,Sankuru,2,FALSE,0.0024,0.0012,0.004,0.0023,177,157,198,0.0024,0.1723,176,0.0037,NA,NA,NA,NA,NA,NA,0.4503,0.0062,150,0.4672,0.4112,0,0.9228,0,Bayes-M10-geo
Dikungu,Sankuru,2,FALSE,0.0024,0.0012,0.004,0.0023,173,155,197,0.0024,0.1749,173,0.0038,NA,NA,NA,NA,NA,NA,0.3779,0.0053,166,0.4865,0.1409,0,0.8842,0,Bayes-M10-geo
Wembo Nyama,Sankuru,2,FALSE,0.0024,0.0012,0.004,0.0023,174,152,208,0.0024,0.1716,178,0.0037,NA,NA,NA,NA,NA,NA,0.4097,0.0056,159,0.5019,0.2143,0,0.9228,0,Bayes-M10-geo
Bokungu,Tshuapa,2,FALSE,0.0024,0.0012,0.0038,0.0023,178,153,201,0.0024,0.1702,179,0.0037,NA,NA,NA,NA,NA,NA,0.49370000000000003,0.0067,144,0.695,0.3571,0,0.9228,0,Bayes-M10-geo
Monga,Bas-Uele,2,FALSE,0.0023,0.0013,0.0035,0.0022,180,145,223,0.0023,0.1633,186,0.0035,NA,NA,NA,NA,NA,NA,0.7336,0.0096,121,0.9826,0.9672,0,0.9846,0,Bayes-M10-geo
Kabongo,Haut-Lomami,2,FALSE,0.0023,0.001,0.0039,0.0021,184,154,229,0.0023,0.1632,187,0.0035,NA,NA,NA,NA,NA,NA,0.5372,0.007,141,0.8108,0.778,0,0.5598,0,Bayes-M10-geo
Kananga,Kasaï-Central,2,FALSE,0.0023,0.001,0.004,0.0021,185,152,237,0.0023,0.1623,188,0.0035,NA,NA,NA,NA,NA,NA,0.2963,0.0038,198,0.1429,0.5579,0,0.4846,0,Bayes-M10-geo
Bonzola,Kasaï-Oriental,2,FALSE,0.0023,0.001,0.004,0.0022,182,153,226,0.0023,0.1655,183,0.0036,NA,NA,NA,NA,NA,NA,0.2958,0.0039,197,0.0927,0.7934,0,0.2973,0,Bayes-M10-geo
Binza Ozone,Kinshasa,2,FALSE,0.0023,4e-4,0.006,0.0017,215,118,355,0.0023,0.1647,185,0.0035,NA,NA,NA,NA,NA,NA,0.152,0.002,296,0.0734,0.5232,0,0.0116,0,Bayes-M10-geo
Kalonda Est,Lomami,2,FALSE,0.0023,0.0012,0.0038,0.0022,179,160,209.95,0.0023,0.1663,180,0.0036,NA,NA,NA,NA,NA,NA,0.3292,0.0044,187,0.5425,0.1506,0,0.6236,0,Bayes-M10-geo
Djalo Ndjeka,Sankuru,2,FALSE,0.0023,0.0011,0.004,0.0022,180,145,238,0.0023,0.165,184,0.0036,NA,NA,NA,NA,NA,NA,0.3378,0.0044,185,0.3591,0.0695,0,0.9228,0,Bayes-M10-geo
Minga,Sankuru,2,FALSE,0.0023,0.0011,0.0038,0.0022,181,162,205,0.0023,0.1661,181,0.0036,NA,NA,NA,NA,NA,NA,0.5347,0.0071,140,0.7838,0.471,0,0.8842,0,Bayes-M10-geo
Manono,Tanganyika,2,FALSE,0.0023,0.0011,0.0039,0.0022,181,156,221,0.0023,0.1656,182,0.0036,NA,NA,NA,NA,NA,NA,0.5758,0.0076,135,0.8784,0.9537,0,0.471,0,Bayes-M10-geo
Kabeya Kamwanga,Kasaï-Oriental,2,FALSE,0.0022,0.0011,0.0036,0.0021,188,172,211,0.0022,0.1559,191,0.0034,NA,NA,NA,NA,NA,NA,0.2968,0.0037,205,0.3224,0.3919,0,0.473,0,Bayes-M10-geo
Bongandanga,Mongala,2,FALSE,0.0022,0.0011,0.0037,0.0021,185,141,249,0.0022,0.1596,190,0.0034,NA,NA,NA,NA,NA,NA,0.4228,0.0054,165,0.7587,0.0097,0,0.9228,0,Bayes-M10-geo
Lomela,Sankuru,2,FALSE,0.0022,0.0012,0.0036,0.0022,183,162,211,0.0022,0.1605,189,0.0035,NA,NA,NA,NA,NA,NA,0.4759,0.0061,152,0.8456,0.1351,0,0.9228,0,Bayes-M10-geo
Bogosenubea,Sud-Ubangi,2,FALSE,0.0021,0.0013,0.0031,0.0021,189,136,255,0.0021,0.1515,192,0.0033,NA,NA,NA,NA,NA,NA,0.4107,0.005,172,0.4981,0.3031,0,0.8417,0,Bayes-M10-geo
Kansimba,Tanganyika,2,FALSE,0.0021,0.0011,0.0034,0.002,191,184,199,0.0021,0.1509,193,0.0033,NA,NA,NA,NA,NA,NA,0.5497,0.0066,145,0.9479,0.7741,0,0.4768,0,Bayes-M10-geo
Bibanga,Kasaï-Oriental,2,FALSE,0.002,0.001,0.0032,0.0019,201,195,208,0.002,0.1405,202,0.003,NA,NA,NA,NA,NA,NA,0.2978,0.0033,223,0.3127,0.4884,0,0.39,0,Bayes-M10-geo
Diulu,Kasaï-Oriental,2,FALSE,0.002,0.001,0.0032,0.0019,200,183,215,0.002,0.1415,199,0.0031,NA,NA,NA,NA,NA,NA,0.2611,0.0029,241,0.0676,0.6448,0,0.332,0,Bayes-M10-geo
Nzaba,Kasaï-Oriental,2,FALSE,0.002,0.001,0.0033,0.0019,201,176,236,0.002,0.1417,198,0.0031,NA,NA,NA,NA,NA,NA,0.278,0.0031,232,0.1042,0.6931,0,0.3147,0,Bayes-M10-geo
Kalenda,Lomami,2,FALSE,0.002,0.001,0.0034,0.0019,196,179,218,0.002,0.1464,195,0.0032,NA,NA,NA,NA,NA,NA,0.2886,0.0034,222,0.388,0.1873,0,0.5792,0,Bayes-M10-geo
Makota,Lomami,2,FALSE,0.002,0.001,0.0034,0.002,194,172,230,0.002,0.1469,194,0.0032,NA,NA,NA,NA,NA,NA,0.2587,0.003,236,0.1023,0.3764,0,0.556,0,Bayes-M10-geo
Pimu,Mongala,2,FALSE,0.002,0.0011,0.003,0.0019,200,168,232.95,0.002,0.1409,201,0.003,NA,NA,NA,NA,NA,NA,0.4257,0.0048,175,0.583,0.3707,0,0.749,0,Bayes-M10-geo
Karawa,Nord-Ubangi,2,FALSE,0.002,0.0012,0.0029,0.0019,200,143,266,0.002,0.1409,200,0.003,NA,NA,NA,NA,NA,NA,0.6404,0.0072,138,0.7568,0.973,0,0.832,0,Bayes-M10-geo
Wasolo,Nord-Ubangi,2,FALSE,0.002,0.0011,0.0032,0.0019,195,153,250,0.002,0.1448,196,0.0031,NA,NA,NA,NA,NA,NA,0.5709,0.0066,147,0.5541,0.7413,0,0.9884,0,Bayes-M10-geo
Ototo,Sankuru,2,FALSE,0.002,0.001,0.0034,0.0019,201,178,227,0.002,0.1425,197,0.0031,NA,NA,NA,NA,NA,NA,0.4561,0.0052,168,0.5386,0.3629,0,0.9228,0,Bayes-M10-geo
Lubumbashi,Haut-Katanga,2,FALSE,0.0019,6e-4,0.004,0.0017,218,150,299,0.0019,0.139,203,0.003,NA,NA,NA,NA,NA,NA,0.1105,0.0012,346,0.1081,0.2104,0,0.1236,0,Bayes-M10-geo
Dibaya,Kasaï-Central,2,FALSE,0.0019,0.001,0.0031,0.0018,206,190,225,0.0019,0.1367,206,0.0029,NA,NA,NA,NA,NA,NA,0.3325,0.0036,208,0.3147,0.4479,0,0.5676,0,Bayes-M10-geo
Katende,Kasaï-Central,2,FALSE,0.0019,9e-4,0.0032,0.0018,210,184.05,234,0.0019,0.1352,207,0.0029,NA,NA,NA,NA,NA,NA,0.5154,0.0056,160,0.6525,0.6486,0,0.7606,0,Bayes-M10-geo
Mikalayi,Kasaï-Central,2,FALSE,0.0019,9e-4,0.0032,0.0018,211,184,245,0.0019,0.1332,210,0.0029,NA,NA,NA,NA,NA,NA,0.3948,0.0042,192,0.4517,0.5811,0,0.5463,0,Bayes-M10-geo
Mukumbi,Kasaï-Oriental,2,FALSE,0.0019,0.001,0.0031,0.0018,207,188,230,0.0019,0.135,208,0.0029,NA,NA,NA,NA,NA,NA,0.2249,0.0024,265,0.2413,0.1892,0,0.4691,0,Bayes-M10-geo
Tshilenge,Kasaï-Oriental,2,FALSE,0.0019,9e-4,0.0032,0.0018,210,182,244,0.0019,0.1345,209,0.0029,NA,NA,NA,NA,NA,NA,0.2799,0.003,237,0.1892,0.668,0,0.2625,0,Bayes-M10-geo
Boso Manzi,Mongala,2,FALSE,0.0019,0.0012,0.0027,0.0019,202,153,260,0.0019,0.1378,205,0.003,NA,NA,NA,NA,NA,NA,0.3982,0.0044,186,0.5695,0.2278,0,0.7954,0,Bayes-M10-geo
Befale,Tshuapa,2,FALSE,0.0019,0.001,0.0031,0.0019,202,177,232,0.0019,0.1389,204,0.003,NA,NA,NA,NA,NA,NA,0.5145,0.0057,157,0.8822,0.4903,0,0.6853,0,Bayes-M10-geo
Luebo,Kasaï,2,FALSE,0.0018,8e-4,0.0031,0.0017,218,183,258,0.0018,0.1287,216,0.0028,NA,NA,NA,NA,NA,NA,0.4353,0.0045,184,0.5232,0.5116,0,0.7066,0,Bayes-M10-geo
Lubunga (Kasaï-Central),Kasaï-Central,2,FALSE,0.0018,8e-4,0.003,0.0017,219,180,262.95,0.0018,0.1262,219,0.0027,NA,NA,NA,NA,NA,NA,0.4599,0.0046,181,0.5637,0.4653,0,0.8108,0,Bayes-M10-geo
Citenge,Kasaï-Oriental,2,FALSE,0.0018,9e-4,0.003,0.0018,211,189,233,0.0018,0.1315,211,0.0028,NA,NA,NA,NA,NA,NA,0.2321,0.0024,263,0.1583,0.4749,0,0.2954,0,Bayes-M10-geo
Dibindi,Kasaï-Oriental,2,FALSE,0.0018,9e-4,0.0029,0.0017,218,190,245,0.0018,0.126,220,0.0027,NA,NA,NA,NA,NA,NA,0.1617,0.0016,323,0.0386,0.2954,0,0.3127,0,Bayes-M10-geo
Kansele,Kasaï-Oriental,2,FALSE,0.0018,9e-4,0.0029,0.0017,217,187,246,0.0018,0.1266,217,0.0027,NA,NA,NA,NA,NA,NA,0.2437,0.0025,262,0.0541,0.5965,0,0.3243,0,Bayes-M10-geo
Lubilanji,Kasaï-Oriental,2,FALSE,0.0018,9e-4,0.003,0.0017,213,184.05,239,0.0018,0.1298,213,0.0028,NA,NA,NA,NA,NA,NA,0.1694,0.0018,312,0.0347,0.3398,0,0.3031,0,Bayes-M10-geo
Lukelenge,Kasaï-Oriental,2,FALSE,0.0018,9e-4,0.003,0.0017,213,195,231,0.0018,0.1309,212,0.0028,NA,NA,NA,NA,NA,NA,0.2249,0.0023,268,0.0811,0.5,0,0.3185,0,Bayes-M10-geo
Pania Mutombo,Sankuru,2,FALSE,0.0018,8e-4,0.0032,0.0017,216,170,273,0.0018,0.1295,214,0.0028,NA,NA,NA,NA,NA,NA,0.4117,0.0043,191,0.7413,0.1236,0,0.7819,0,Bayes-M10-geo
Bwamanda,Sud-Ubangi,2,FALSE,0.0018,0.001,0.0027,0.0017,218,153,287.95,0.0018,0.1266,218,0.0027,NA,NA,NA,NA,NA,NA,0.4667,0.0047,178,0.4189,0.7394,0,0.7085,0,Bayes-M10-geo
Ankoro,Tanganyika,2,FALSE,0.0018,9e-4,0.003,0.0017,218,192,239,0.0018,0.1287,215,0.0028,NA,NA,NA,NA,NA,NA,0.6047,0.0062,148,0.9266,0.8282,0,0.6641,0,Bayes-M10-geo
Bena Leka,Kasaï-Central,2,FALSE,0.0017,7e-4,0.0029,0.0016,232,196,266,0.0017,0.1188,227,0.0026,NA,NA,NA,NA,NA,NA,0.4986,0.0047,176,0.6062,0.7162,0,0.6718,0,Bayes-M10-geo
Ndekesha,Kasaï-Central,2,FALSE,0.0017,8e-4,0.003,0.0017,223,196,243,0.0017,0.1254,221,0.0027,NA,NA,NA,NA,NA,NA,0.4059,0.0041,194,0.4768,0.4498,0,0.6969,0,Bayes-M10-geo
Bipemba,Kasaï-Oriental,2,FALSE,0.0017,9e-4,0.0028,0.0016,225,202,247,0.0017,0.1219,223,0.0026,NA,NA,NA,NA,NA,NA,0.1544,0.0015,329,0.0618,0.2201,0,0.3359,0,Bayes-M10-geo
Mpokolo,Kasaï-Oriental,2,FALSE,0.0017,8e-4,0.0027,0.0016,229,207,251,0.0017,0.1195,226,0.0026,NA,NA,NA,NA,NA,NA,0.2901,0.0028,250,0.1255,0.6873,0,0.3475,0,Bayes-M10-geo
Muya,Kasaï-Oriental,2,FALSE,0.0017,9e-4,0.0029,0.0017,221,199,241,0.0017,0.1245,222,0.0027,NA,NA,NA,NA,NA,NA,0.2495,0.0025,261,0.0753,0.5888,0,0.334,0,Bayes-M10-geo
Makala,Kinshasa,2,FALSE,0.0017,4e-4,0.004,0.0014,250,144,359,0.0017,0.1208,224,0.0026,NA,NA,NA,NA,NA,NA,0.0246,2e-4,429,0.0116,0.0386,0,0.0483,0,Bayes-M10-geo
Kamiji,Lomami,2,FALSE,0.0017,8e-4,0.0029,0.0016,227,182,275,0.0017,0.1198,225,0.0026,NA,NA,NA,NA,NA,NA,0.2635,0.0025,258,0.3398,0.1293,0,0.5849,0,Bayes-M10-geo
Tshamilemba,Haut-Katanga,2,FALSE,0.0016,6e-4,0.0033,0.0015,239,166,309.95,0.0016,0.118,229,0.0025,NA,NA,NA,NA,NA,NA,0.0772,7e-4,382,0.0656,0.1255,0,0.1178,0,Bayes-M10-geo
Mweka,Kasaï,2,FALSE,0.0016,7e-4,0.0029,0.0015,236,193,278,0.0016,0.1171,230,0.0025,NA,NA,NA,NA,NA,NA,0.5053,0.0047,177,0.4788,0.7239,0,0.8185,0,Bayes-M10-geo
Demba,Kasaï-Central,2,FALSE,0.0016,7e-4,0.0027,0.0015,239,208,274,0.0016,0.1122,241,0.0024,NA,NA,NA,NA,NA,NA,0.4117,0.0037,206,0.4653,0.7143,0,0.4672,0,Bayes-M10-geo
Tshikaji,Kasaï-Central,2,FALSE,0.0016,8e-4,0.0027,0.0015,234,219,243,0.0016,0.1157,234,0.0025,NA,NA,NA,NA,NA,NA,0.3195,0.0029,240,0.1873,0.5849,0,0.5058,0,Bayes-M10-geo
Tshikula,Kasaï-Central,2,FALSE,0.0016,8e-4,0.0028,0.0016,228,200,256,0.0016,0.1184,228,0.0026,NA,NA,NA,NA,NA,NA,0.3296,0.0031,234,0.3919,0.3185,0,0.6081,0,Bayes-M10-geo
Masuika,Kasaï-Central,2,FALSE,0.0016,7e-4,0.0028,0.0015,239,201,274.95,0.0016,0.114,237,0.0025,NA,NA,NA,NA,NA,NA,0.3885,0.0035,213,0.3263,0.5618,0,0.666,0,Bayes-M10-geo
Cilundu,Kasaï-Oriental,2,FALSE,0.0016,8e-4,0.0027,0.0015,232,217,253,0.0016,0.1155,235,0.0025,NA,NA,NA,NA,NA,NA,0.221,0.002,295,0.2317,0.3089,0,0.3436,0,Bayes-M10-geo
Binza Meteo,Kinshasa,2,FALSE,0.0016,3e-4,0.004,0.0012,269,145,372,0.0016,0.1132,238,0.0024,NA,NA,NA,NA,NA,NA,0.2558,0.0023,273,0.0965,0.8996,0,0.027,0,Bayes-M10-geo
Selembao,Kinshasa,2,FALSE,0.0016,3e-4,0.004,0.0013,261,147,362.95,0.0016,0.1161,232,0.0025,NA,NA,NA,NA,NA,NA,0.0676,6e-4,388,0.0444,0.1815,0,0.0444,0,Bayes-M10-geo
Wikong,Lomami,2,FALSE,0.0016,8e-4,0.0028,0.0015,232,195,268,0.0016,0.1163,231,0.0025,NA,NA,NA,NA,NA,NA,0.3663,0.0034,220,0.2529,0.4228,0,0.7896,0,Bayes-M10-geo
Abuzi,Nord-Ubangi,2,FALSE,0.0016,9e-4,0.0025,0.0016,230,192.05,261,0.0016,0.1157,233,0.0025,NA,NA,NA,NA,NA,NA,0.7153,0.0066,146,0.9846,0.9054,0,0.971,0,Bayes-M10-geo
Bangabola,Sud-Ubangi,2,FALSE,0.0016,0.001,0.0022,0.0015,235,171,296,0.0016,0.1122,242,0.0024,NA,NA,NA,NA,NA,NA,0.3904,0.0035,215,0.3533,0.3494,0,0.8591,0,Bayes-M10-geo
Bominenge,Sud-Ubangi,2,FALSE,0.0016,0.001,0.0022,0.0015,233,170,296,0.0016,0.113,240,0.0024,NA,NA,NA,NA,NA,NA,0.3258,0.0029,243,0.2819,0.0985,0,0.9228,0,Bayes-M10-geo
Boende,Tshuapa,2,FALSE,0.0016,7e-4,0.0027,0.0015,237,195,281,0.0016,0.114,236,0.0025,NA,NA,NA,NA,NA,NA,0.4199,0.0038,199,0.6988,0.4807,0,0.5,0,Bayes-M10-geo
Moba,Tanganyika,2,FALSE,0.0016,6e-4,0.0029,0.0015,242,188,293,0.0016,0.1131,239,0.0024,NA,NA,NA,NA,NA,NA,0.3808,0.0034,219,0.6178,0.4942,0,0.4112,0,Bayes-M10-geo
Malemba Nkulu,Haut-Lomami,2,FALSE,0.0015,7e-4,0.0027,0.0015,242,209,276,0.0015,0.1108,246,0.0024,NA,NA,NA,NA,NA,NA,0.3895,0.0034,218,0.36870000000000003,0.7664,0,0.4228,0,Bayes-M10-geo
Kayamba,Haut-Lomami,2,FALSE,0.0015,7e-4,0.0026,0.0014,250,199,296.95,0.0015,0.1045,254,0.0023,NA,NA,NA,NA,NA,NA,0.4276,0.0036,211,0.7027,0.4189,0,0.5888,0,Bayes-M10-geo
Bunkonde,Kasaï-Central,2,FALSE,0.0015,7e-4,0.0026,0.0014,248,198,293,0.0015,0.1056,252,0.0023,NA,NA,NA,NA,NA,NA,0.3523,0.003,239,0.4015,0.278,0,0.7297,0,Bayes-M10-geo
Lubondaie,Kasaï-Central,2,FALSE,0.0015,7e-4,0.0026,0.0014,244,205,282,0.0015,0.1076,249,0.0023,NA,NA,NA,NA,NA,NA,0.3147,0.0027,253,0.3822,0.1583,0,0.7181,0,Bayes-M10-geo
Muetshi,Kasaï-Central,2,FALSE,0.0015,7e-4,0.0025,0.0014,249,219.05,270,0.0015,0.1056,250,0.0023,NA,NA,NA,NA,NA,NA,0.4792,0.004,195,0.6158,0.5386,0,0.7625,0,Bayes-M10-geo
Luiza,Kasaï-Central,2,FALSE,0.0015,7e-4,0.0027,0.0015,243,209,274,0.0015,0.1112,243,0.0024,NA,NA,NA,NA,NA,NA,0.4218,0.0037,203,0.4807,0.6293,0,0.5772,0,Bayes-M10-geo
Yangala,Kasaï-Central,2,FALSE,0.0015,7e-4,0.0025,0.0014,244,226,257,0.0015,0.10780000000000001,248,0.0023,NA,NA,NA,NA,NA,NA,0.348,0.003,238,0.5927,0.2259,0,0.5734,0,Bayes-M10-geo
Tshishimbi,Kasaï-Oriental,2,FALSE,0.0015,7e-4,0.0024,0.0014,248,221,275,0.0015,0.105,253,0.0023,NA,NA,NA,NA,NA,NA,0.1742,0.0015,332,0.1795,0.2471,0,0.2703,0,Bayes-M10-geo
Loko,Nord-Ubangi,2,FALSE,0.0015,9e-4,0.0021,0.0014,244,189.05,289,0.0015,0.1056,251,0.0023,NA,NA,NA,NA,NA,NA,0.6535,0.0055,163,0.9402,0.9266,0,0.7471,0,Bayes-M10-geo
Bena Dibele,Sankuru,2,FALSE,0.0015,7e-4,0.0026,0.0015,240,208.05,265,0.0015,0.111,245,0.0024,NA,NA,NA,NA,NA,NA,0.4093,0.0036,209,0.6216,0.1564,0,0.8591,0,Bayes-M10-geo
Lusambo,Sankuru,2,FALSE,0.0015,7e-4,0.0026,0.0014,245,216,265,0.0015,0.10780000000000001,247,0.0023,NA,NA,NA,NA,NA,NA,0.4833,0.0042,193,0.6815,0.2992,0,0.9527,0,Bayes-M10-geo
Kungu,Sud-Ubangi,2,FALSE,0.0015,0.001,0.0022,0.0015,237,173,296,0.0015,0.1111,244,0.0024,NA,NA,NA,NA,NA,NA,0.3711,0.0033,227,0.3745,0.3359,0,0.7741,0,Bayes-M10-geo
Kipushi,Haut-Katanga,2,FALSE,0.0014,5e-4,0.0029,0.0013,267,185.05,334,0.0014,0.1003,261,0.0022,NA,NA,NA,NA,NA,NA,0.1216,0.001,362,0.2703,0.1081,0,0.1081,0,Bayes-M10-geo
Mukanga,Haut-Lomami,2,FALSE,0.0014,7e-4,0.0024,0.0013,255,242,266,0.0014,0.1009,260,0.0022,NA,NA,NA,NA,NA,NA,0.4739,0.0038,200,0.6853,0.6911,0,0.5193,0,Bayes-M10-geo
Mulongo,Haut-Lomami,2,FALSE,0.0014,7e-4,0.0023,0.0013,259,246,269,0.0014,0.0986,266,0.0021,NA,NA,NA,NA,NA,NA,0.4773,0.0038,202,0.7471,0.7703,0,0.3919,0,Bayes-M10-geo
Kamina,Haut-Lomami,2,FALSE,0.0014,6e-4,0.0026,0.0013,254,209,294,0.0014,0.1038,255,0.0022,NA,NA,NA,NA,NA,NA,0.5164,0.0043,188,0.8301,0.8301,0,0.4054,0,Bayes-M10-geo
Bilomba,Kasaï-Central,2,FALSE,0.0014,7e-4,0.0025,0.0014,251,220,277,0.0014,0.1035,256,0.0022,NA,NA,NA,NA,NA,NA,0.4006,0.0033,225,0.3378,0.4421,0,0.8224,0,Bayes-M10-geo
Katoka,Kasaï-Central,2,FALSE,0.0014,7e-4,0.0023,0.0013,258,234,281,0.0014,0.0987,265,0.0021,NA,NA,NA,NA,NA,NA,0.2645,0.0021,290,0.1216,0.473,0,0.4633,0,Bayes-M10-geo
Lukonga,Kasaï-Central,2,FALSE,0.0014,7e-4,0.0023,0.0013,257,249,264,0.0014,0.0993,263,0.0021,NA,NA,NA,NA,NA,NA,0.3282,0.0026,255,0.2239,0.6429,0,0.4459,0,Bayes-M10-geo
Tshibala,Kasaï-Central,2,FALSE,0.0014,6e-4,0.0024,0.0013,260,231,278,0.0014,0.099,264,0.0021,NA,NA,NA,NA,NA,NA,0.4218,0.0033,224,0.4266,0.5772,0,0.6834,0,Bayes-M10-geo
Mont Ngafula 1,Kinshasa,2,FALSE,0.0014,3e-4,0.0034,0.0011,283,157,373,0.0014,0.1016,259,0.0022,NA,NA,NA,NA,NA,NA,0.2066,0.0017,319,0.1371,0.6313,0,0.0579,0,Bayes-M10-geo
Mont Ngafula 2,Kinshasa,2,FALSE,0.0014,3e-4,0.0036,0.0011,281,154,375,0.0014,0.1033,257,0.0022,NA,NA,NA,NA,NA,NA,0.0951,8e-4,376,0.0849,0.2568,0,0.0386,0,Bayes-M10-geo
Idiofa,Kwilu,2,FALSE,0.0014,5e-4,0.0027,0.0012,269,195,326,0.0014,0.0972,270,0.0021,NA,NA,NA,NA,NA,NA,0.486,0.0038,201,0.4537,0.749,0,0.7413,0,Bayes-M10-geo
Manika,Lualaba,2,FALSE,0.0014,5e-4,0.0029,0.0013,262,188,320,0.0014,0.1028,258,0.0022,NA,NA,NA,NA,NA,NA,0.1149,9e-4,365,0.0946,0.222,0,0.1429,0,Bayes-M10-geo
Bili (Nord-Ubangi),Nord-Ubangi,2,FALSE,0.0014,8e-4,0.0021,0.0013,260.5,203,298,0.0014,0.0972,269,0.0021,NA,NA,NA,NA,NA,NA,0.7075,0.0055,164,0.9247,0.9189,0,0.9865,0,Bayes-M10-geo
Bosobolo,Nord-Ubangi,2,FALSE,0.0014,8e-4,0.002,0.0013,255,203,291,0.0014,0.0993,262,0.0021,NA,NA,NA,NA,NA,NA,0.7148,0.0057,158,0.9363,0.9459,0,0.9768,0,Bayes-M10-geo
Businga,Nord-Ubangi,2,FALSE,0.0014,8e-4,0.0019,0.0013,258,200,300,0.0014,0.0973,268,0.0021,NA,NA,NA,NA,NA,NA,0.6781,0.0053,167,0.9286,0.861,0,0.9228,0,Bayes-M10-geo
Busanga,Tshuapa,2,FALSE,0.0014,7e-4,0.0023,0.0013,258,208,300.95,0.0014,0.0981,267,0.0021,NA,NA,NA,NA,NA,NA,0.4452,0.0035,217,0.6602,0.168,0,0.9527,0,Bayes-M10-geo
Kakenge,Kasaï,2,FALSE,0.0013,6e-4,0.0022,0.0012,272,248,288,0.0013,0.0913,275,0.002,NA,NA,NA,NA,NA,NA,0.4522,0.0033,226,0.5753,0.4788,0,0.7548,0,Bayes-M10-geo
Kamwesha,Kasaï,2,FALSE,0.0013,5e-4,0.0023,0.0012,272,227,308,0.0013,0.0914,274,0.002,NA,NA,NA,NA,NA,NA,0.2732,0.002,297,0.3456,0.2876,0,0.4595,0,Bayes-M10-geo
Miabi,Kasaï-Oriental,2,FALSE,0.0013,6e-4,0.0022,0.0012,267,237,289,0.0013,0.0935,271,0.002,NA,NA,NA,NA,NA,NA,0.2838,0.0021,287,0.2297,0.6525,0,0.2529,0,Bayes-M10-geo
Mukedi,Kwilu,2,FALSE,0.0013,5e-4,0.0023,0.0012,272,229,306,0.0013,0.0917,273,0.002,NA,NA,NA,NA,NA,NA,0.4836,0.0035,212,0.5367,0.7066,0,0.6911,0,Bayes-M10-geo
Kole,Sankuru,2,FALSE,0.0013,6e-4,0.0022,0.0012,268,243,285,0.0013,0.0931,272,0.002,NA,NA,NA,NA,NA,NA,0.4802,0.0036,210,0.7761,0.2606,0,0.8842,0,Bayes-M10-geo
Basankusu,Equateur,2,FALSE,0.0012,6e-4,0.002,0.0011,279,252,299,0.0012,0.0858,282,0.0019,NA,NA,NA,NA,NA,NA,0.6844,0.0047,180,0.9517,0.8629,0,0.9228,0,Bayes-M10-geo
Bukama,Haut-Lomami,2,FALSE,0.0012,5e-4,0.0021,0.0011,279,254,300.95,0.0012,0.0852,285,0.0018,NA,NA,NA,NA,NA,NA,0.4764,0.0032,229,0.7143,0.7625,0,0.4286,0,Bayes-M10-geo
Kabondo Dianda,Haut-Lomami,2,FALSE,0.0012,5e-4,0.002,0.0011,280,266,295,0.0012,0.0844,286,0.0018,NA,NA,NA,NA,NA,NA,0.4107,0.0028,249,0.5888,0.5714,0,0.4826,0,Bayes-M10-geo
Kinkondja,Haut-Lomami,2,FALSE,0.0012,6e-4,0.0021,0.0012,273,256,288,0.0012,0.0894,276,0.0019,NA,NA,NA,NA,NA,NA,0.4889,0.0035,216,0.7278,0.6274,0,0.6004,0,Bayes-M10-geo
Songa,Haut-Lomami,2,FALSE,0.0012,6e-4,0.0021,0.0012,271,245,299,0.0012,0.0893,277,0.0019,NA,NA,NA,NA,NA,NA,0.473,0.0034,221,0.9344,0.3533,0,0.6042,0,Bayes-M10-geo
Ndjoko Mpunda,Kasaï,2,FALSE,0.0012,6e-4,0.0021,0.0011,280,261,293,0.0012,0.0858,283,0.0019,NA,NA,NA,NA,NA,NA,0.333,0.0023,275,0.3977,0.2915,0,0.6429,0,Bayes-M10-geo
Mutoto,Kasaï-Central,2,FALSE,0.0012,6e-4,0.0021,0.0011,275,241,309,0.0012,0.0868,280,0.0019,NA,NA,NA,NA,NA,NA,0.3441,0.0024,267,0.4575,0.361,0,0.5579,0,Bayes-M10-geo
Ngaba,Kinshasa,2,FALSE,0.0012,3e-4,0.0029,0.001,293,164,378,0.0012,0.0886,279,0.0019,NA,NA,NA,NA,NA,NA,0.014,1e-4,443,0,0.0058,0,0.0502,0,Bayes-M10-geo
Koshibanda,Kwilu,2,FALSE,0.0012,5e-4,0.0021,0.0011,286,242,317.95,0.0012,0.083,287,0.0018,NA,NA,NA,NA,NA,NA,0.4913,0.0033,228,0.5193,0.6757,0,0.7703,0,Bayes-M10-geo
Kalamba,Lualaba,2,FALSE,0.0012,6e-4,0.0022,0.0012,273,236,305.95,0.0012,0.0892,278,0.0019,NA,NA,NA,NA,NA,NA,0.4542,0.0032,230,0.8803,0.2375,0,0.6988,0,Bayes-M10-geo
Mobayi Mbongo,Nord-Ubangi,2,FALSE,0.0012,7e-4,0.0017,0.0012,275,242.05,303,0.0012,0.0853,284,0.0018,NA,NA,NA,NA,NA,NA,0.5458,0.0037,204,0.9324,0.8166,0,0.4344,0,Bayes-M10-geo
Tshudi Loto,Sankuru,2,FALSE,0.0012,6e-4,0.0021,0.0011,278,223,326,0.0012,0.0859,281,0.0019,NA,NA,NA,NA,NA,NA,0.4237,0.0029,245,0.7683,0.0039,0,0.9228,0,Bayes-M10-geo
Djombo,Equateur,2,FALSE,0.0011,5e-4,0.0017,0.001,292,246,336,0.0011,0.0762,294,0.0016,NA,NA,NA,NA,NA,NA,0.6554,0.004,196,0.917,0.7819,0,0.9228,0,Bayes-M10-geo
Mitwaba,Haut-Katanga,2,FALSE,0.0011,5e-4,0.0019,0.001,291,255,330,0.0011,0.077,292,0.0017,NA,NA,NA,NA,NA,NA,0.3528,0.0022,282,0.8012,0.0618,0,0.5483,0,Bayes-M10-geo
Mufunga Sampwe,Haut-Katanga,2,FALSE,0.0011,5e-4,0.0019,0.001,291,274,308,0.0011,0.0769,293,0.0017,NA,NA,NA,NA,NA,NA,0.3774,0.0023,272,0.8185,0.0888,0,0.6023,0,Bayes-M10-geo
Mumbunda,Haut-Katanga,2,FALSE,0.0011,3e-4,0.0023,0.001,300,216,360,0.0011,0.0783,291,0.0017,NA,NA,NA,NA,NA,NA,0.1853,0.0012,348,0.1197,0.5077,0,0.1139,0,Bayes-M10-geo
Bena Tshadi,Kasaï-Central,2,FALSE,0.0011,5e-4,0.002,0.0011,286,246,324,0.0011,0.0809,289,0.0017,NA,NA,NA,NA,NA,NA,0.472,0.003,235,0.6699,0.3784,0,0.8398,0,Bayes-M10-geo
Ndesha,Kasaï-Central,2,FALSE,0.0011,5e-4,0.0019,0.001,288,248,328,0.0011,0.0786,290,0.0017,NA,NA,NA,NA,NA,NA,0.2317,0.0015,333,0.1448,0.3456,0,0.4363,0,Bayes-M10-geo
Boso Mondanda,Mongala,2,FALSE,0.0011,6e-4,0.0018,0.0011,284,251,306,0.0011,0.0818,288,0.0018,NA,NA,NA,NA,NA,NA,0.3716,0.0024,264,0.5869,0.1486,0,0.751,0,Bayes-M10-geo
Bolomba,Equateur,2,FALSE,0.001,5e-4,0.0018,0.001,295,273,314,0.001,0.0745,296,0.0016,NA,NA,NA,NA,NA,NA,0.6163,0.0037,207,0.9575,0.8533,0,0.6544,0,Bayes-M10-geo
Monieka,Equateur,2,FALSE,0.001,5e-4,0.0018,0.001,297,239,350,0.001,0.0736,300,0.0016,NA,NA,NA,NA,NA,NA,0.596,0.0035,214,0.9768,0.7336,0,0.6737,0,Bayes-M10-geo
Pweto,Haut-Katanga,2,FALSE,0.001,5e-4,0.0018,0.001,296,275,318,0.001,0.0737,299,0.0016,NA,NA,NA,NA,NA,NA,0.3518,0.0021,291,0.7992,0.2587,0,0.3494,0,Bayes-M10-geo
Lwamba,Haut-Lomami,2,FALSE,0.001,5e-4,0.0018,0.001,293,275,314,0.001,0.0754,295,0.0016,NA,NA,NA,NA,NA,NA,0.4865,0.0029,244,0.8069,0.6409,0,0.4981,0,Bayes-M10-geo
Mushenge,Kasaï,2,FALSE,0.001,5e-4,0.0018,0.001,297,278,315,0.001,0.074,298,0.0016,NA,NA,NA,NA,NA,NA,0.3229,0.0019,304,0.5946,0.0656,0,0.6313,0,Bayes-M10-geo
Kalomba,Kasaï-Central,2,FALSE,0.001,5e-4,0.0018,9e-4,299,268,333,0.001,0.0723,301,0.0016,NA,NA,NA,NA,NA,NA,0.2944,0.0017,317,0.3166,0.1467,0,0.7143,0,Bayes-M10-geo
Luambo,Kasaï-Central,2,FALSE,0.001,4e-4,0.0017,9e-4,302,285,316,0.001,0.0701,303,0.0015,NA,NA,NA,NA,NA,NA,0.3769,0.0021,288,0.5347,0.5656,0,0.4073,0,Bayes-M10-geo
Vanga,Kwilu,2,FALSE,0.001,3e-4,0.0019,9e-4,308,253,351,0.001,0.0696,304,0.0015,NA,NA,NA,NA,NA,NA,0.5034,0.0028,248,0.3726,0.8205,0,0.8205,0,Bayes-M10-geo
Bulungu,Kwilu,2,FALSE,0.001,4e-4,0.0019,9e-4,303,248,345.95,0.001,0.0718,302,0.0015,NA,NA,NA,NA,NA,NA,0.4508,0.0026,256,0.3571,0.6795,0,0.7664,0,Bayes-M10-geo
Libenge,Sud-Ubangi,2,FALSE,0.001,6e-4,0.0015,0.001,292,243,333,0.001,0.0743,297,0.0016,NA,NA,NA,NA,NA,NA,0.3818,0.0023,276,0.6293,0.3591,0,0.5386,0,Bayes-M10-geo
Ingende,Equateur,2,FALSE,9e-4,5e-4,0.0016,9e-4,309,292,321,9e-4,0.0661,311,0.0014,NA,NA,NA,NA,NA,NA,0.596,0.0031,233,0.9208,0.8571,0,0.6062,0,Bayes-M10-geo
Kinda,Haut-Lomami,2,FALSE,9e-4,4e-4,0.0017,8e-4,318,263,365,9e-4,0.0628,319,0.0014,NA,NA,NA,NA,NA,NA,0.5077,0.0025,257,0.9884,0.4266,0,0.6158,0,Bayes-M10-geo
Bulape,Kasaï,2,FALSE,9e-4,4e-4,0.0017,9e-4,306.5,282,333,9e-4,0.0678,305,0.0015,NA,NA,NA,NA,NA,NA,0.4315,0.0023,269,0.7066,0.1853,0,0.834,0,Bayes-M10-geo
Dekese,Kasaï,2,FALSE,9e-4,4e-4,0.0016,8e-4,317,298,330,9e-4,0.0629,318,0.0014,NA,NA,NA,NA,NA,NA,0.4633,0.0023,271,0.9189,0.2181,0,0.7162,0,Bayes-M10-geo
Ilebo,Kasaï,2,FALSE,9e-4,4e-4,0.0016,8e-4,312,298,322,9e-4,0.0647,314,0.0014,NA,NA,NA,NA,NA,NA,0.3142,0.0016,324,0.2162,0.6139,0,0.4266,0,Bayes-M10-geo
Kalonda Ouest,Kasaï,2,FALSE,9e-4,4e-4,0.0015,8e-4,320,294.05,335,9e-4,0.0619,322,0.0013,NA,NA,NA,NA,NA,NA,0.2239,0.0011,354,0.2915,0.251,0,0.3533,0,Bayes-M10-geo
Nyanga,Kasaï,2,FALSE,9e-4,4e-4,0.0016,8e-4,315,291,341,9e-4,0.0629,317,0.0014,NA,NA,NA,NA,NA,NA,0.348,0.0017,313,0.4402,0.3803,0,0.5714,0,Bayes-M10-geo
Tshikapa,Kasaï,2,FALSE,9e-4,4e-4,0.0017,9e-4,312,270,345,9e-4,0.0665,308,0.0014,NA,NA,NA,NA,NA,NA,0.3156,0.0017,318,0.2722,0.6506,0,0.3398,0,Bayes-M10-geo
Bobozo,Kasaï-Central,2,FALSE,9e-4,3e-4,0.0019,8e-4,313.5,222,377,9e-4,0.0672,307,0.0014,NA,NA,NA,NA,NA,NA,0.2336,0.0013,344,0.1602,0.2857,0,0.4884,0,Bayes-M10-geo
Bumbu,Kinshasa,2,FALSE,9e-4,2e-4,0.0021,7e-4,338,215.05,396,9e-4,0.0617,323,0.0013,NA,NA,NA,NA,NA,NA,0.0164,1e-4,445,0.0019,0.029,0,0.0347,0,Bayes-M10-geo
Biyela,Kinshasa,2,FALSE,9e-4,2e-4,0.0019,8e-4,330,241,381,9e-4,0.0624,320,0.0013,NA,NA,NA,NA,NA,NA,0.1076,5e-4,397,0.0637,0.2838,0,0.083,0,Bayes-M10-geo
Kimbanseke,Kinshasa,2,FALSE,9e-4,2e-4,0.002,7e-4,330.5,239.05,382,9e-4,0.0621,321,0.0013,NA,NA,NA,NA,NA,NA,0.0526,3e-4,428,0.0521,0.0849,0,0.0734,0,Bayes-M10-geo
Kenge,Kwango,2,FALSE,9e-4,3e-4,0.0018,8e-4,314,261,357.95,9e-4,0.0661,310,0.0014,NA,NA,NA,NA,NA,NA,0.5574,0.0029,242,0.6139,0.8127,0,0.8031,0,Bayes-M10-geo
Gungu,Kwilu,2,FALSE,9e-4,4e-4,0.0016,8e-4,315,281,339,9e-4,0.0642,315,0.0014,NA,NA,NA,NA,NA,NA,0.4237,0.0022,281,0.5058,0.6969,0,0.4923,0,Bayes-M10-geo
Ipamu,Kwilu,2,FALSE,9e-4,3e-4,0.0016,8e-4,322,280,354,9e-4,0.0616,324,0.0013,NA,NA,NA,NA,NA,NA,0.5454,0.0027,254,0.4903,0.7683,0,0.9228,0,Bayes-M10-geo
Kikwit Nord,Kwilu,2,FALSE,9e-4,3e-4,0.0016,8e-4,324,284,349,9e-4,0.0613,325,0.0013,NA,NA,NA,NA,NA,NA,0.2915,0.0014,336,0.1236,0.5405,0,0.5019,0,Bayes-M10-geo
Lusanga,Kwilu,2,FALSE,9e-4,3e-4,0.0017,8e-4,315,263.05,357,9e-4,0.0653,313,0.0014,NA,NA,NA,NA,NA,NA,0.4242,0.0022,280,0.4382,0.7297,0,0.529,0,Bayes-M10-geo
Kafakumba,Lualaba,2,FALSE,9e-4,4e-4,0.0017,9e-4,306,277.05,338.95,9e-4,0.0678,306,0.0015,NA,NA,NA,NA,NA,NA,0.4648,0.0025,259,0.8687,0.2027,0,0.7876,0,Bayes-M10-geo
Gbadolite,Nord-Ubangi,2,FALSE,9e-4,6e-4,0.0013,9e-4,303,270,344,9e-4,0.0663,309,0.0014,NA,NA,NA,NA,NA,NA,0.5183,0.0027,252,0.7915,0.9653,0,0.3166,0,Bayes-M10-geo
Boto,Sud-Ubangi,2,FALSE,9e-4,6e-4,0.0013,9e-4,306,259.05,350,9e-4,0.0656,312,0.0014,NA,NA,NA,NA,NA,NA,0.3596,0.0019,305,0.3282,0.5174,0,0.5927,0,Bayes-M10-geo
Monkoto,Tshuapa,2,FALSE,9e-4,4e-4,0.0015,8e-4,313,292,328,9e-4,0.064,316,0.0014,NA,NA,NA,NA,NA,NA,0.5598,0.0029,246,0.9498,0.4054,0,0.8842,0,Bayes-M10-geo
Lotumbe,Equateur,2,FALSE,8e-4,4e-4,0.0014,8e-4,323,287,354,8e-4,0.0595,331,0.0013,NA,NA,NA,NA,NA,NA,0.5816,0.0028,251,0.9691,0.7085,0,0.6486,0,Bayes-M10-geo
Makanza,Equateur,2,FALSE,8e-4,4e-4,0.0013,7e-4,332,304,350,8e-4,0.0556,338,0.0012,NA,NA,NA,NA,NA,NA,0.639,0.0028,247,0.9537,0.7954,0,0.8069,0,Bayes-M10-geo
Kilwa,Haut-Katanga,2,FALSE,8e-4,3e-4,0.0013,7e-4,336,316,346,8e-4,0.0543,342,0.0012,NA,NA,NA,NA,NA,NA,0.3764,0.0016,321,0.749,0.39,0,0.3668,0,Bayes-M10-geo
Banga Lubaka,Kasaï,2,FALSE,8e-4,3e-4,0.0014,7e-4,334,299,357,8e-4,0.0552,340,0.0012,NA,NA,NA,NA,NA,NA,0.3205,0.0014,337,0.5174,0.0444,0,0.7201,0,Bayes-M10-geo
Kanzala,Kasaï,2,FALSE,8e-4,4e-4,0.0014,7e-4,329,306.05,343,8e-4,0.0572,333,0.0012,NA,NA,NA,NA,NA,NA,0.2046,9e-4,367,0.168,0.3127,0,0.3378,0,Bayes-M10-geo
Kitangwa,Kasaï,2,FALSE,8e-4,4e-4,0.0015,8e-4,321,307,330,8e-4,0.0608,327,0.0013,NA,NA,NA,NA,NA,NA,0.3287,0.0016,327,0.6332,0.1062,0,0.5753,0,Bayes-M10-geo
Mutena,Kasaï,2,FALSE,8e-4,4e-4,0.0015,8e-4,320,304,334,8e-4,0.061,326,0.0013,NA,NA,NA,NA,NA,NA,0.2336,0.0011,349,0.334,0.0753,0,0.5251,0,Bayes-M10-geo
Djuma,Kwilu,2,FALSE,8e-4,3e-4,0.0015,7e-4,334,295,359.95,8e-4,0.0569,334,0.0012,NA,NA,NA,NA,NA,NA,0.5256,0.0024,266,0.4826,0.7355,0,0.8842,0,Bayes-M10-geo
Kikwit Sud,Kwilu,2,FALSE,8e-4,3e-4,0.0014,7e-4,338,307.05,353,8e-4,0.0545,341,0.0012,NA,NA,NA,NA,NA,NA,0.3282,0.0014,335,0.1313,0.7008,0,0.4807,0,Bayes-M10-geo
Masi Manimba,Kwilu,2,FALSE,8e-4,3e-4,0.0016,8e-4,324,291,347,8e-4,0.06,329,0.0013,NA,NA,NA,NA,NA,NA,0.4281,0.002,294,0.332,0.4961,0,0.8842,0,Bayes-M10-geo
Mosango,Kwilu,2,FALSE,8e-4,3e-4,0.0014,7e-4,331,308,342,8e-4,0.0568,335,0.0012,NA,NA,NA,NA,NA,NA,0.515,0.0023,270,0.5463,0.7375,0,0.7761,0,Bayes-M10-geo
Yasa Bonga,Kwilu,2,FALSE,8e-4,3e-4,0.0016,7e-4,330,288,359,8e-4,0.0585,332,0.0013,NA,NA,NA,NA,NA,NA,0.4206,0.002,299,0.3031,0.5328,0,0.8465,0,Bayes-M10-geo
Kapanga,Lualaba,2,FALSE,8e-4,4e-4,0.0014,7e-4,330,319,339,8e-4,0.0561,336,0.0012,NA,NA,NA,NA,NA,NA,0.4112,0.0018,307,0.8514,0.3938,0,0.3996,0,Bayes-M10-geo
Kasaji,Lualaba,2,FALSE,8e-4,4e-4,0.0015,8e-4,321,304,333,8e-4,0.0605,328,0.0013,NA,NA,NA,NA,NA,NA,0.4648,0.0022,277,0.8552,0.4923,0,0.5116,0,Bayes-M10-geo
Lubudi,Lualaba,2,FALSE,8e-4,3e-4,0.0014,7e-4,335,302,356,8e-4,0.0552,339,0.0012,NA,NA,NA,NA,NA,NA,0.4667,0.0021,292,0.9151,0.4614,0,0.4903,0,Bayes-M10-geo
Bokonzi,Sud-Ubangi,2,FALSE,8e-4,5e-4,0.0011,8e-4,325,284,363,8e-4,0.0558,337,0.0012,NA,NA,NA,NA,NA,NA,0.236,0.0011,358,0.4305,0.083,0,0.4305,0,Bayes-M10-geo
Wema,Tshuapa,2,FALSE,8e-4,4e-4,0.0014,8e-4,322,294,345,8e-4,0.06,330,0.0013,NA,NA,NA,NA,NA,NA,0.4469,0.0021,285,0.8494,0.1332,0,0.805,0,Bayes-M10-geo
Iboko,Equateur,2,FALSE,7e-4,3e-4,0.0012,7e-4,344,310,361,7e-4,0.0509,348,0.0011,NA,NA,NA,NA,NA,NA,0.612,0.0025,260,0.8282,0.7915,0,0.8282,0,Bayes-M10-geo
Butumba,Haut-Lomami,2,FALSE,7e-4,3e-4,0.0013,7e-4,341,304,363,7e-4,0.0528,345,0.0011,NA,NA,NA,NA,NA,NA,0.4595,0.0019,303,0.7973,0.4151,0,0.6255,0,Bayes-M10-geo
Baka,Haut-Lomami,2,FALSE,7e-4,3e-4,0.0014,6e-4,350,281.05,386,7e-4,0.0499,350,0.0011,NA,NA,NA,NA,NA,NA,0.4319,0.0017,315,0.4344,0.8919,0,0.4015,0,Bayes-M10-geo
Mikope,Kasaï,2,FALSE,7e-4,3e-4,0.0014,7e-4,338,314,351,7e-4,0.0537,343,0.0012,NA,NA,NA,NA,NA,NA,0.3996,0.0017,316,0.6776,0.2703,0,0.6506,0,Bayes-M10-geo
Kisenso,Kinshasa,2,FALSE,7e-4,2e-4,0.0015,5e-4,361,270,401.95,7e-4,0.0467,356,0.001,NA,NA,NA,NA,NA,NA,0.0589,2e-4,430,0.0367,0.139,0,0.0598,0,Bayes-M10-geo
Boko,Kwango,2,FALSE,7e-4,3e-4,0.0012,6e-4,352,332,365,7e-4,0.0474,354,0.001,NA,NA,NA,NA,NA,NA,0.5121,0.0019,302,0.7336,0.61,0,0.7046,0,Bayes-M10-geo
Feshi,Kwango,2,FALSE,7e-4,3e-4,0.0012,6e-4,349,328,362,7e-4,0.0483,353,0.001,NA,NA,NA,NA,NA,NA,0.5082,0.002,300,0.7317,0.5425,0,0.7587,0,Bayes-M10-geo
Bagata,Kwilu,2,FALSE,7e-4,3e-4,0.0012,6e-4,353,329,367,7e-4,0.0474,355,0.001,NA,NA,NA,NA,NA,NA,0.5135,0.0019,301,0.6795,0.695,0,0.6795,0,Bayes-M10-geo
Kimputu,Kwilu,2,FALSE,7e-4,3e-4,0.0014,7e-4,338,317,350,7e-4,0.0535,344,0.0012,NA,NA,NA,NA,NA,NA,0.5039,0.0022,283,0.4923,0.639,0,0.8842,0,Bayes-M10-geo
Mokala,Kwilu,2,FALSE,7e-4,3e-4,0.0013,7e-4,346,310,367,7e-4,0.051,347,0.0011,NA,NA,NA,NA,NA,NA,0.5118,0.0021,289,0.4228,0.6718,0,0.9527,0,Bayes-M10-geo
Mungindu,Kwilu,2,FALSE,7e-4,3e-4,0.0012,6e-4,348,336,351,7e-4,0.0485,352,0.001,NA,NA,NA,NA,NA,NA,0.3818,0.0015,331,0.4691,0.5367,0,0.5212,0,Bayes-M10-geo
Pay Kongila,Kwilu,2,FALSE,7e-4,3e-4,0.0013,6e-4,348,328,359,7e-4,0.049,351,0.0011,NA,NA,NA,NA,NA,NA,0.4488,0.0018,311,0.5135,0.6467,0,0.6351,0,Bayes-M10-geo
Sandoa,Lualaba,2,FALSE,7e-4,3e-4,0.0013,7e-4,341,327,348,7e-4,0.0519,346,0.0011,NA,NA,NA,NA,NA,NA,0.5536,0.0023,274,0.9421,0.6815,0,0.5907,0,Bayes-M10-geo
Mawuya,Sud-Ubangi,2,FALSE,7e-4,5e-4,0.001,7e-4,337,294,369,7e-4,0.0503,349,0.0011,NA,NA,NA,NA,NA,NA,0.2654,0.0011,355,0.444,0.2394,0,0.3784,0,Bayes-M10-geo
Bikoro,Equateur,2,FALSE,6e-4,3e-4,0.0011,6e-4,354,333.05,362.95,6e-4,0.0453,358,0.001,NA,NA,NA,NA,NA,NA,0.5951,0.0022,284,0.8127,0.8147,0,0.7529,0,Bayes-M10-geo
Kisanji,Kwango,2,FALSE,6e-4,3e-4,0.0012,6e-4,353,322,368,6e-4,0.0461,357,0.001,NA,NA,NA,NA,NA,NA,0.5574,0.0021,293,0.8417,0.6544,0,0.7336,0,Bayes-M10-geo
Kimbao,Kwango,2,FALSE,6e-4,2e-4,0.0011,6e-4,359,344,371.95,6e-4,0.0434,360,9e-4,NA,NA,NA,NA,NA,NA,0.5743,0.002,298,0.7201,0.7181,0,0.8591,0,Bayes-M10-geo
Kikongo,Kwilu,2,FALSE,6e-4,3e-4,0.0012,6e-4,356,337,372,6e-4,0.0449,359,0.001,NA,NA,NA,NA,NA,NA,0.5024,0.0018,309,0.6969,0.6023,0,0.7104,0,Bayes-M10-geo
Sia,Kwilu,2,FALSE,6e-4,2e-4,0.0011,6e-4,360,347,372,6e-4,0.0424,361,9e-4,NA,NA,NA,NA,NA,NA,0.3986,0.0014,340,0.4151,0.3822,0,0.7973,0,Bayes-M10-geo
Kingandu,Kwilu,2,FALSE,6e-4,3e-4,0.0011,5e-4,361,349,368,6e-4,0.0418,362,9e-4,NA,NA,NA,NA,NA,NA,0.4923,0.0016,320,0.7162,0.6583,0,0.5946,0,Bayes-M10-geo
Moanza,Kwilu,2,FALSE,6e-4,3e-4,0.0011,5e-4,362,344,373,6e-4,0.0417,363,9e-4,NA,NA,NA,NA,NA,NA,0.52,0.0017,314,0.5985,0.529,0,0.9527,0,Bayes-M10-geo
Inongo,Mai-Ndombe,2,FALSE,6e-4,2e-4,0.001,5e-4,362,345,379,6e-4,0.0411,365,9e-4,NA,NA,NA,NA,NA,NA,0.4952,0.0016,322,0.7645,0.2934,0,0.9228,0,Bayes-M10-geo
Pendjwa,Mai-Ndombe,2,FALSE,6e-4,3e-4,0.001,5e-4,360,324,380,6e-4,0.0416,364,9e-4,NA,NA,NA,NA,NA,NA,0.4319,0.0014,334,0.7008,0.2124,0,0.8147,0,Bayes-M10-geo
Kapolowe,Haut-Katanga,2,FALSE,5e-4,2e-4,9e-4,4e-4,375,355,390.95,5e-4,0.0324,373,7e-4,NA,NA,NA,NA,NA,NA,0.3026,8e-4,377,0.5579,0.444,0,0.2085,0,Bayes-M10-geo
Lukafu,Haut-Katanga,2,FALSE,5e-4,2e-4,0.001,5e-4,365,341,373,5e-4,0.0389,366,8e-4,NA,NA,NA,NA,NA,NA,0.4015,0.0012,345,0.888,0.3243,0,0.3938,0,Bayes-M10-geo
Kahemba,Kwango,2,FALSE,5e-4,2e-4,0.001,5e-4,368,357,380,5e-4,0.0374,369,8e-4,NA,NA,NA,NA,NA,NA,0.5367,0.0016,325,0.8958,0.7278,0,0.5232,0,Bayes-M10-geo
Panzi,Kwango,2,FALSE,5e-4,2e-4,0.001,5e-4,367,348,390,5e-4,0.0383,367,8e-4,NA,NA,NA,NA,NA,NA,0.5236,0.0016,326,0.7548,0.583,0,0.7568,0,Bayes-M10-geo
Wamba Lwadi,Kwango,2,FALSE,5e-4,2e-4,9e-4,4e-4,373,361,391,5e-4,0.034,370,7e-4,NA,NA,NA,NA,NA,NA,0.5492,0.0015,330,0.6467,0.8185,0,0.7317,0,Bayes-M10-geo
Bunkeya,Lualaba,2,FALSE,5e-4,2e-4,9e-4,4e-4,373,330,401,5e-4,0.0338,372,7e-4,NA,NA,NA,NA,NA,NA,0.4218,0.0011,350,0.8243,0.5019,0,0.361,0,Bayes-M10-geo
Fungurume,Lualaba,2,FALSE,5e-4,2e-4,0.001,5e-4,368,331.05,393,5e-4,0.0376,368,8e-4,NA,NA,NA,NA,NA,NA,0.1564,5e-4,404,0.2664,0.1622,0,0.1969,0,Bayes-M10-geo
Kiri,Mai-Ndombe,2,FALSE,5e-4,2e-4,9e-4,4e-4,371,359,388,5e-4,0.0339,371,7e-4,NA,NA,NA,NA,NA,NA,0.5685,0.0015,328,0.8745,0.4768,0,0.9228,0,Bayes-M10-geo
Bomongo,Equateur,2,FALSE,4e-4,2e-4,7e-4,4e-4,378,356,402,4e-4,0.0298,384,6e-4,NA,NA,NA,NA,NA,NA,0.5907,0.0014,338,0.9788,0.8475,0,0.5367,0,Bayes-M10-geo
Mampoko,Equateur,2,FALSE,4e-4,2e-4,6e-4,3e-4,391,354.05,421,4e-4,0.0255,392,5e-4,NA,NA,NA,NA,NA,NA,0.5135,0.001,360,0.8919,0.5058,0,0.6564,0,Bayes-M10-geo
Wangata,Equateur,2,FALSE,4e-4,2e-4,7e-4,4e-4,385,377,399,4e-4,0.028,389,6e-4,NA,NA,NA,NA,NA,NA,0.417,9e-4,368,0.2336,0.9865,0,0.4479,0,Bayes-M10-geo
Kambove,Haut-Katanga,2,FALSE,4e-4,2e-4,8e-4,4e-4,381,356,396,4e-4,0.0303,381,7e-4,NA,NA,NA,NA,NA,NA,0.306,7e-4,381,0.4247,0.6236,0,0.1757,0,Bayes-M10-geo
Likasi,Haut-Katanga,2,FALSE,4e-4,1e-4,7e-4,3e-4,389,368,401,4e-4,0.0269,391,6e-4,NA,NA,NA,NA,NA,NA,0.1728,4e-4,413,0.112,0.4208,0,0.1583,0,Bayes-M10-geo
Kajiji,Kwango,2,FALSE,4e-4,2e-4,7e-4,3e-4,387,374,402.95,4e-4,0.027,390,6e-4,NA,NA,NA,NA,NA,NA,0.3533,8e-4,379,0.7934,0.1544,0,0.4653,0,Bayes-M10-geo
Mwela Lembwa,Kwango,2,FALSE,4e-4,2e-4,8e-4,4e-4,377,364,395,4e-4,0.0317,374,7e-4,NA,NA,NA,NA,NA,NA,0.4397,0.0011,352,0.6506,0.3224,0,0.7857,0,Bayes-M10-geo
Popokabaka,Kwango,2,FALSE,4e-4,2e-4,8e-4,4e-4,383,365,410,4e-4,0.0298,383,6e-4,NA,NA,NA,NA,NA,NA,0.5507,0.0013,343,0.7703,0.7876,0,0.6448,0,Bayes-M10-geo
Dilala,Lualaba,2,FALSE,4e-4,1e-4,8e-4,4e-4,386,352,408,4e-4,0.029,386,6e-4,NA,NA,NA,NA,NA,NA,0.1347,3e-4,423,0.1506,0.2548,0,0.1332,0,Bayes-M10-geo
Kanzenze,Lualaba,2,FALSE,4e-4,2e-4,8e-4,4e-4,384,359,394,4e-4,0.0292,385,6e-4,NA,NA,NA,NA,NA,NA,0.2389,6e-4,393,0.6255,0.1429,0,0.1873,0,Bayes-M10-geo
Lualaba,Lualaba,2,FALSE,4e-4,2e-4,8e-4,4e-4,385,361,401,4e-4,0.0288,387,6e-4,NA,NA,NA,NA,NA,NA,0.1404,3e-4,420,0.3552,0.0347,0,0.1718,0,Bayes-M10-geo
Mutshatsha,Lualaba,2,FALSE,4e-4,1e-4,9e-4,4e-4,382,323.05,418,4e-4,0.0308,377,7e-4,NA,NA,NA,NA,NA,NA,0.3808,9e-4,366,0.971,0.1023,0,0.4498,0,Bayes-M10-geo
Banzow Moke,Mai-Ndombe,2,FALSE,4e-4,2e-4,8e-4,4e-4,377,365,394,4e-4,0.0314,375,7e-4,NA,NA,NA,NA,NA,NA,0.5236,0.0013,342,0.6892,0.5212,0,0.8842,0,Bayes-M10-geo
Ntandembelo,Mai-Ndombe,2,FALSE,4e-4,2e-4,8e-4,4e-4,381,369,398,4e-4,0.0303,380,7e-4,NA,NA,NA,NA,NA,NA,0.4595,0.0011,353,0.6023,0.4633,0,0.7722,0,Bayes-M10-geo
Oshwe,Mai-Ndombe,2,FALSE,4e-4,2e-4,8e-4,4e-4,380,365,404.95,4e-4,0.0306,378,7e-4,NA,NA,NA,NA,NA,NA,0.4855,0.0012,347,0.8764,0.3301,0,0.7355,0,Bayes-M10-geo
Bosobe,Mai-Ndombe,2,FALSE,4e-4,2e-4,8e-4,4e-4,381,369,399,4e-4,0.0303,379,7e-4,NA,NA,NA,NA,NA,NA,0.4406,0.0011,356,0.4942,0.4093,0,0.8591,0,Bayes-M10-geo
Mushie,Mai-Ndombe,2,FALSE,4e-4,2e-4,7e-4,4e-4,386,374,402.95,4e-4,0.0283,388,6e-4,NA,NA,NA,NA,NA,NA,0.4291,0.001,364,0.7394,0.3649,0,0.612,0,Bayes-M10-geo
Nioki,Mai-Ndombe,2,FALSE,4e-4,2e-4,8e-4,4e-4,381,370,399,4e-4,0.03,382,6e-4,NA,NA,NA,NA,NA,NA,0.389,9e-4,369,0.61,0.3958,0,0.5502,0,Bayes-M10-geo
Zongo,Sud-Ubangi,2,FALSE,4e-4,3e-4,7e-4,4e-4,375,341,397.95,4e-4,0.0313,376,7e-4,NA,NA,NA,NA,NA,NA,0.2418,6e-4,389,0.278,0.4131,0,0.2761,0,Bayes-M10-geo
Bolenge,Equateur,2,FALSE,3e-4,1e-4,6e-4,3e-4,397,380.05,418,3e-4,0.0226,397,5e-4,NA,NA,NA,NA,NA,NA,0.5391,0.001,363,0.7954,0.8514,0,0.5097,0,Bayes-M10-geo
Lukolela,Equateur,2,FALSE,3e-4,1e-4,6e-4,3e-4,403,392,416,3e-4,0.0214,401,5e-4,NA,NA,NA,NA,NA,NA,0.5787,0.001,361,0.944,0.9151,0,0.4556,0,Bayes-M10-geo
Ntondo,Equateur,2,FALSE,3e-4,1e-4,6e-4,3e-4,402,378,430,3e-4,0.0214,404,5e-4,NA,NA,NA,NA,NA,NA,0.6125,0.001,359,0.8996,0.7259,0,0.8243,0,Bayes-M10-geo
Kikula,Haut-Katanga,2,FALSE,3e-4,1e-4,6e-4,3e-4,397,377,407,3e-4,0.0234,395,5e-4,NA,NA,NA,NA,NA,NA,0.0951,2e-4,435,0.1062,0.1139,0,0.1602,0,Bayes-M10-geo
Kilela Balanda,Haut-Katanga,2,FALSE,3e-4,1e-4,5e-4,2e-4,406,385,423,3e-4,0.0197,409,4e-4,NA,NA,NA,NA,NA,NA,0.3132,5e-4,401,0.9228,0.0927,0,0.2375,0,Bayes-M10-geo
Panda,Haut-Katanga,2,FALSE,3e-4,1e-4,6e-4,3e-4,399,379,410,3e-4,0.0228,396,5e-4,NA,NA,NA,NA,NA,NA,0.2027,4e-4,414,0.1622,0.4826,0,0.166,0,Bayes-M10-geo
Kampemba,Haut-Katanga,2,FALSE,3e-4,1e-4,6e-4,3e-4,404,375,419,3e-4,0.0216,400,5e-4,NA,NA,NA,NA,NA,NA,0.0531,1e-4,444,0.0598,0.0367,0,0.1158,0,Bayes-M10-geo
Kasenga,Haut-Katanga,2,FALSE,3e-4,1e-4,6e-4,3e-4,403,382,411,3e-4,0.0214,403,5e-4,NA,NA,NA,NA,NA,NA,0.3953,7e-4,385,0.8166,0.6255,0,0.139,0,Bayes-M10-geo
Kashobwe,Haut-Katanga,2,FALSE,3e-4,1e-4,5e-4,2e-4,407,382,424,3e-4,0.0198,408,4e-4,NA,NA,NA,NA,NA,NA,0.3243,5e-4,399,0.805,0.3012,0,0.1911,0,Bayes-M10-geo
Kisanga,Haut-Katanga,2,FALSE,3e-4,1e-4,6e-4,2e-4,411,384,423,3e-4,0.019,411,4e-4,NA,NA,NA,NA,NA,NA,0.1081,2e-4,437,0.1293,0.2008,0,0.1023,0,Bayes-M10-geo
Ruashi,Haut-Katanga,2,FALSE,3e-4,1e-4,6e-4,3e-4,402,377,416,3e-4,0.0218,399,5e-4,NA,NA,NA,NA,NA,NA,0.0705,1e-4,441,0.0985,0.0637,0,0.1197,0,Bayes-M10-geo
Sakania,Haut-Katanga,2,FALSE,3e-4,1e-4,6e-4,3e-4,403,377,420,3e-4,0.0214,402,5e-4,NA,NA,NA,NA,NA,NA,0.2775,5e-4,402,0.7375,0.2355,0,0.1371,0,Bayes-M10-geo
Kamonia,Kasaï,2,FALSE,3e-4,1e-4,5e-4,2e-4,415,381,429,3e-4,0.018,412,4e-4,NA,NA,NA,NA,NA,NA,0.14,2e-4,433,0.3707,0.11,0,0.0792,0,Bayes-M10-geo
Luozi,Kongo-Central,2,FALSE,3e-4,1e-4,6e-4,3e-4,401,389,416,3e-4,0.0219,398,5e-4,NA,NA,NA,NA,NA,NA,0.5241,9e-4,371,0.7355,0.8861,0,0.4749,0,Bayes-M10-geo
Kimvula,Kongo-Central,2,FALSE,3e-4,1e-4,7e-4,3e-4,394,382,409,3e-4,0.0245,393,5e-4,NA,NA,NA,NA,NA,NA,0.569,0.0011,351,0.8629,0.8784,0,0.5347,0,Bayes-M10-geo
Ngidinga,Kongo-Central,2,FALSE,3e-4,1e-4,6e-4,3e-4,403,393,417,3e-4,0.0213,407,5e-4,NA,NA,NA,NA,NA,NA,0.4488,8e-4,380,0.6544,0.7432,0,0.3977,0,Bayes-M10-geo
Kitenda,Kwango,2,FALSE,3e-4,1e-4,5e-4,2e-4,409,400,418,3e-4,0.019,410,4e-4,NA,NA,NA,NA,NA,NA,0.376,6e-4,392,0.6641,0.4247,0,0.4151,0,Bayes-M10-geo
Bandundu,Kwilu,2,FALSE,3e-4,1e-4,6e-4,3e-4,402,384,421,3e-4,0.0214,406,5e-4,NA,NA,NA,NA,NA,NA,0.3364,6e-4,391,0.3436,0.751,0,0.251,0,Bayes-M10-geo
Mimia,Mai-Ndombe,2,FALSE,3e-4,1e-4,6e-4,3e-4,402.5,372,433,3e-4,0.0214,405,5e-4,NA,NA,NA,NA,NA,NA,0.4841,8e-4,374,0.9614,0.0521,0,0.9228,0,Bayes-M10-geo
Kwamouth,Mai-Ndombe,2,FALSE,3e-4,1e-4,6e-4,3e-4,395,386,407,3e-4,0.0239,394,5e-4,NA,NA,NA,NA,NA,NA,0.43,8e-4,375,0.8707,0.417,0,0.4324,0,Bayes-M10-geo
Irebu,Equateur,2,FALSE,2e-4,1e-4,5e-4,2e-4,422,386,445,2e-4,0.0157,420,3e-4,NA,NA,NA,NA,NA,NA,0.5473,7e-4,383,0.9305,0.6776,0,0.5811,0,Bayes-M10-geo
Lilanga Bobangi,Equateur,2,FALSE,2e-4,1e-4,5e-4,2e-4,419,384,442,2e-4,0.0162,417,3e-4,NA,NA,NA,NA,NA,NA,0.4117,5e-4,398,0.9382,0.2664,0,0.4421,0,Bayes-M10-geo
Kafubu,Haut-Katanga,2,FALSE,2e-4,1e-4,5e-4,2e-4,413,401.05,418,2e-4,0.0178,413,4e-4,NA,NA,NA,NA,NA,NA,0.2104,3e-4,424,0.6042,0.0869,0,0.1506,0,Bayes-M10-geo
Katuba,Haut-Katanga,2,FALSE,2e-4,1e-4,4e-4,2e-4,429,407,438,2e-4,0.0134,428,3e-4,NA,NA,NA,NA,NA,NA,0.0463,0,450,0.0502,0.0309,0,0.1042,0,Bayes-M10-geo
Kenya,Haut-Katanga,2,FALSE,2e-4,1e-4,4e-4,2e-4,423,407,433,2e-4,0.0143,426,3e-4,NA,NA,NA,NA,NA,NA,0.0569,1e-4,448,0.11,0.0116,0,0.1062,0,Bayes-M10-geo
Kowe,Haut-Katanga,2,FALSE,2e-4,0,5e-4,1e-4,436,378,448,2e-4,0.013,431,3e-4,NA,NA,NA,NA,NA,NA,0.07,1e-4,447,0.0714,0.0811,0,0.1274,0,Bayes-M10-geo
Vangu,Haut-Katanga,2,FALSE,2e-4,1e-4,5e-4,2e-4,418,384,438,2e-4,0.0164,416,4e-4,NA,NA,NA,NA,NA,NA,0.1081,1e-4,439,0.1158,0.1699,0,0.1467,0,Bayes-M10-geo
Lukula,Kongo-Central,2,FALSE,2e-4,1e-4,4e-4,2e-4,428,409,440,2e-4,0.0136,427,3e-4,NA,NA,NA,NA,NA,NA,0.3933,4e-4,407,0.529,0.8745,0,0.1699,0,Bayes-M10-geo
Inga,Kongo-Central,2,FALSE,2e-4,1e-4,3e-4,2e-4,431,425,435,2e-4,0.0121,433,3e-4,NA,NA,NA,NA,NA,NA,0.3847,4e-4,412,0.5212,0.8243,0,0.1931,0,Bayes-M10-geo
Kibunzi,Kongo-Central,2,FALSE,2e-4,1e-4,4e-4,2e-4,421,407,437,2e-4,0.015,424,3e-4,NA,NA,NA,NA,NA,NA,0.4175,5e-4,400,0.7046,0.5251,0,0.4402,0,Bayes-M10-geo
Mangembo,Kongo-Central,2,FALSE,2e-4,1e-4,4e-4,2e-4,426,420,433,2e-4,0.0133,430,3e-4,NA,NA,NA,NA,NA,NA,0.3726,4e-4,409,0.5598,0.6641,0,0.2664,0,Bayes-M10-geo
Nsona Mpangu,Kongo-Central,2,FALSE,2e-4,1e-4,4e-4,2e-4,430,418,435,2e-4,0.0125,432,3e-4,NA,NA,NA,NA,NA,NA,0.4165,4e-4,408,0.722,0.7645,0,0.1795,0,Bayes-M10-geo
Seke Banza,Kongo-Central,2,FALSE,2e-4,1e-4,4e-4,2e-4,422,409,432,2e-4,0.015,423,3e-4,NA,NA,NA,NA,NA,NA,0.4513,5e-4,396,0.6351,0.9498,0,0.2201,0,Bayes-M10-geo
Boko Kivulu,Kongo-Central,2,FALSE,2e-4,1e-4,5e-4,2e-4,417,402,428,2e-4,0.0161,418,3e-4,NA,NA,NA,NA,NA,NA,0.4281,6e-4,395,0.5792,0.9324,0,0.2008,0,Bayes-M10-geo
Gombe Matadi,Kongo-Central,2,FALSE,2e-4,1e-4,3e-4,1e-4,433,427,436,2e-4,0.0118,434,3e-4,NA,NA,NA,NA,NA,NA,0.4151,4e-4,410,0.6911,0.7857,0,0.1834,0,Bayes-M10-geo
Kimpese,Kongo-Central,2,FALSE,2e-4,1e-4,5e-4,2e-4,414,396,427,2e-4,0.0173,414,4e-4,NA,NA,NA,NA,NA,NA,0.4947,7e-4,384,0.7896,0.9768,0,0.2124,0,Bayes-M10-geo
Kisantu,Kongo-Central,2,FALSE,2e-4,1e-4,5e-4,2e-4,416,394,433,2e-4,0.0167,415,4e-4,NA,NA,NA,NA,NA,NA,0.418,6e-4,394,0.5039,0.9903,0,0.1776,0,Bayes-M10-geo
Kwilu Ngongo,Kongo-Central,2,FALSE,2e-4,1e-4,4e-4,2e-4,422,408,430,2e-4,0.0152,422,3e-4,NA,NA,NA,NA,NA,NA,0.3875,5e-4,403,0.4884,0.8668,0,0.195,0,Bayes-M10-geo
Mbanza Ngungu,Kongo-Central,2,FALSE,2e-4,1e-4,4e-4,2e-4,421,405,430,2e-4,0.0155,421,3e-4,NA,NA,NA,NA,NA,NA,0.3711,5e-4,405,0.3205,0.9749,0,0.1892,0,Bayes-M10-geo
Nselo,Kongo-Central,2,FALSE,2e-4,1e-4,4e-4,2e-4,421,413,427,2e-4,0.0149,425,3e-4,NA,NA,NA,NA,NA,NA,0.374,4e-4,406,0.6564,0.5347,0,0.305,0,Bayes-M10-geo
Sona Bata,Kongo-Central,2,FALSE,2e-4,1e-4,3e-4,1e-4,434,424,438,2e-4,0.0113,436,2e-4,NA,NA,NA,NA,NA,NA,0.43,4e-4,411,0.7259,0.7896,0,0.2046,0,Bayes-M10-geo
Kasongo Lunda,Kwango,2,FALSE,2e-4,1e-4,3e-4,1e-4,434,425,437,2e-4,0.0117,435,3e-4,NA,NA,NA,NA,NA,NA,0.3441,3e-4,421,0.6274,0.5946,0,0.1544,0,Bayes-M10-geo
Yumbi,Mai-Ndombe,2,FALSE,2e-4,1e-4,4e-4,2e-4,417,411,423,2e-4,0.0159,419,3e-4,NA,NA,NA,NA,NA,NA,0.2741,3e-4,418,0.4131,0.4015,0,0.2819,0,Bayes-M10-geo
Bolobo,Mai-Ndombe,2,FALSE,2e-4,1e-4,4e-4,2e-4,426,420,431,2e-4,0.0133,429,3e-4,NA,NA,NA,NA,NA,NA,0.3388,4e-4,417,0.6313,0.4981,0,0.2259,0,Bayes-M10-geo
Kamalondo,Haut-Katanga,2,FALSE,1e-4,0,4e-4,1e-4,441,401,449,1e-4,0.0104,437,2e-4,NA,NA,NA,NA,NA,NA,0.0352,0,452,0.029,0.0019,0,0.11,0,Bayes-M10-geo
Boma,Kongo-Central,2,FALSE,1e-4,0,3e-4,1e-4,444,430,446,1e-4,0.0086,443,2e-4,NA,NA,NA,NA,NA,NA,0.2901,2e-4,434,0.1467,0.9247,0,0.0888,0,Bayes-M10-geo
Boma Bungu,Kongo-Central,2,FALSE,1e-4,0,2e-4,1e-4,443,440,445,1e-4,0.0084,445,2e-4,NA,NA,NA,NA,NA,NA,0.3209,2e-4,431,0.5811,0.5676,0,0.1351,0,Bayes-M10-geo
Kangu,Kongo-Central,2,FALSE,1e-4,0,3e-4,1e-4,437,430,442,1e-4,0.0104,438,2e-4,NA,NA,NA,NA,NA,NA,0.3528,3e-4,425,0.3803,0.8822,0,0.1486,0,Bayes-M10-geo
Kinkonzi,Kongo-Central,2,FALSE,1e-4,0,3e-4,1e-4,440,438,442,1e-4,0.0093,441,2e-4,NA,NA,NA,NA,NA,NA,0.4252,3e-4,422,0.6236,0.8958,0,0.1815,0,Bayes-M10-geo
Kizu,Kongo-Central,2,FALSE,1e-4,0,2e-4,1e-4,448,445,449,1e-4,0.0056,449,1e-4,NA,NA,NA,NA,NA,NA,0.3113,1e-4,440,0.2973,0.8707,0,0.0772,0,Bayes-M10-geo
Vaku,Kongo-Central,2,FALSE,1e-4,0,2e-4,1e-4,442,438,445,1e-4,0.0086,444,2e-4,NA,NA,NA,NA,NA,NA,0.4194,3e-4,426,0.5676,0.9421,0,0.168,0,Bayes-M10-geo
Matadi,Kongo-Central,2,FALSE,1e-4,0,3e-4,1e-4,443,418.05,448,1e-4,0.0091,442,2e-4,NA,NA,NA,NA,NA,NA,0.2939,2e-4,432,0.1564,0.944,0,0.0753,0,Bayes-M10-geo
Nzanza,Kongo-Central,2,FALSE,1e-4,0,2e-4,1e-4,446,443,447,1e-4,0.0068,446,1e-4,NA,NA,NA,NA,NA,NA,0.2172,1e-4,442,0.0888,0.6892,0,0.0907,0,Bayes-M10-geo
Kimpangu,Kongo-Central,2,FALSE,1e-4,0,3e-4,1e-4,437,435,439,1e-4,0.0101,439,2e-4,NA,NA,NA,NA,NA,NA,0.4488,4e-4,416,0.7085,0.9344,0,0.1525,0,Bayes-M10-geo
Massa,Kongo-Central,2,FALSE,1e-4,0,3e-4,1e-4,439,432,443,1e-4,0.0096,440,2e-4,NA,NA,NA,NA,NA,NA,0.4223,3e-4,419,0.668,0.9208,0,0.1004,0,Bayes-M10-geo
Tembo,Kwango,2,FALSE,1e-4,0,2e-4,1e-4,447,444,448,1e-4,0.0061,447,1e-4,NA,NA,NA,NA,NA,NA,0.3205,2e-4,438,0.7876,0.3977,0,0.0965,0,Bayes-M10-geo
Dilolo,Lualaba,2,FALSE,1e-4,0,2e-4,1e-4,449,438,449,1e-4,0.0057,448,1e-4,NA,NA,NA,NA,NA,NA,0.3663,2e-4,436,0.8398,0.6197,0,0.0058,0,Bayes-M10-geo
Kitona,Kongo-Central,2,FALSE,0,0,0,0,453,452,453,0,7e-4,453,0,NA,NA,NA,NA,NA,NA,0.293,0,453,0.5907,0.5792,0,0.0019,0,Bayes-M10-geo
Kuimba,Kongo-Central,2,FALSE,0,0,1e-4,0,451,451,451,0,0.0024,451,1e-4,NA,NA,NA,NA,NA,NA,0.3069,1e-4,449,0.3784,0.8456,0,0.0039,0,Bayes-M10-geo
Muanda,Kongo-Central,2,FALSE,0,0,1e-4,0,452,452,453,0,0.0012,452,0,NA,NA,NA,NA,NA,NA,0.4093,0,451,0.6371,1,0,0,0,Bayes-M10-geo
Tshela,Kongo-Central,2,FALSE,0,0,1e-4,0,450,450,450,0,0.003,450,1e-4,NA,NA,NA,NA,NA,NA,0.3282,1e-4,446,0.417,0.888,0,0.0077,0,Bayes-M10-geo
Bokoro,Mai-Ndombe,2,FALSE,0,0,0,0,454,454,454,0,0,454,0,NA,NA,NA,NA,NA,NA,0.471,0,454,0.6873,0.5097,0,0.6873,0,Bayes-M10-geo
Idjwi,Sud-Kivu,2,FALSE,0,0,0,0,455,455,455,0,0,455,0,NA,NA,NA,NA,NA,NA,0.3007,0,455,0.2992,0.8224,0,0.0811,0,Bayes-M10-geo
Buta,Bas-Uele,2,TRUE,NA,NA,NA,NA,NA,NA,NA,NA,NA,NA,NA,NA,NA,NA,NA,NA,NA,0.7225,NA,NA,0.9749,0.9923,0,0.9228,0,Bayes-M10-geo
Ganga,Bas-Uele,2,TRUE,NA,NA,NA,NA,NA,NA,NA,NA,NA,NA,NA,NA,NA,NA,NA,NA,NA,0.7218,NA,NA,0.9672,0.9556,0,0.9643,0,Bayes-M10-geo
Viadana,Bas-Uele,2,TRUE,NA,NA,NA,NA,NA,NA,NA,NA,NA,NA,NA,NA,NA,NA,NA,NA,NA,0.6846,NA,NA,0.9131,0.9788,0,0.8465,0,Bayes-M10-geo
Boma Mangbetu,Haut-Uele,2,TRUE,NA,NA,NA,NA,NA,NA,NA,NA,NA,NA,NA,NA,NA,NA,NA,NA,NA,0.4122,NA,NA,0.2857,0.5039,0,0.8591,0,Bayes-M10-geo
Dungu,Haut-Uele,2,TRUE,NA,NA,NA,NA,NA,NA,NA,NA,NA,NA,NA,NA,NA,NA,NA,NA,NA,0.5275,NA,NA,0.8726,0.5598,0,0.6776,0,Bayes-M10-geo
Gombari,Haut-Uele,2,TRUE,NA,NA,NA,NA,NA,NA,NA,NA,NA,NA,NA,NA,NA,NA,NA,NA,NA,0.5772,NA,NA,0.9633,0.8012,0,0.5444,0,Bayes-M10-geo
Isiro,Haut-Uele,2,TRUE,NA,NA,NA,NA,NA,NA,NA,NA,NA,NA,NA,NA,NA,NA,NA,NA,NA,0.5253,NA,NA,0.39,0.7587,0,0.9527,0,Bayes-M10-geo
Pawa,Haut-Uele,2,TRUE,NA,NA,NA,NA,NA,NA,NA,NA,NA,NA,NA,NA,NA,NA,NA,NA,NA,0.4315,NA,NA,0.2934,0.5734,0,0.8591,0,Bayes-M10-geo
Rungu,Haut-Uele,2,TRUE,NA,NA,NA,NA,NA,NA,NA,NA,NA,NA,NA,NA,NA,NA,NA,NA,NA,0.6474,NA,NA,0.8224,0.8031,0,0.9643,0,Bayes-M10-geo
Wamba,Haut-Uele,2,TRUE,NA,NA,NA,NA,NA,NA,NA,NA,NA,NA,NA,NA,NA,NA,NA,NA,NA,0.4817,NA,NA,0.6737,0.4363,0,0.8166,0,Bayes-M10-geo
Adja,Ituri,2,TRUE,NA,NA,NA,NA,NA,NA,NA,NA,NA,NA,NA,NA,NA,NA,NA,NA,NA,0.2645,NA,NA,0.249,0.4286,0,0.3803,0,Bayes-M10-geo
Ariwara,Ituri,2,TRUE,NA,NA,NA,NA,NA,NA,NA,NA,NA,NA,NA,NA,NA,NA,NA,NA,NA,0.2862,NA,NA,0.1988,0.6988,0,0.2471,0,Bayes-M10-geo
Aru,Ituri,2,TRUE,NA,NA,NA,NA,NA,NA,NA,NA,NA,NA,NA,NA,NA,NA,NA,NA,NA,0.3528,NA,NA,0.3012,0.8417,0,0.2683,0,Bayes-M10-geo
Aungba,Ituri,2,TRUE,NA,NA,NA,NA,NA,NA,NA,NA,NA,NA,NA,NA,NA,NA,NA,NA,NA,0.3354,NA,NA,0.3108,0.6564,0,0.3745,0,Bayes-M10-geo
Kambala,Ituri,2,TRUE,NA,NA,NA,NA,NA,NA,NA,NA,NA,NA,NA,NA,NA,NA,NA,NA,NA,0.347,NA,NA,0.3668,0.612,0,0.4093,0,Bayes-M10-geo
Logo,Ituri,2,TRUE,NA,NA,NA,NA,NA,NA,NA,NA,NA,NA,NA,NA,NA,NA,NA,NA,NA,0.2384,NA,NA,0.1757,0.5927,0,0.1853,0,Bayes-M10-geo
Mahagi,Ituri,2,TRUE,NA,NA,NA,NA,NA,NA,NA,NA,NA,NA,NA,NA,NA,NA,NA,NA,NA,0.2292,NA,NA,0.1718,0.6004,0,0.1448,0,Bayes-M10-geo
Rimba,Ituri,2,TRUE,NA,NA,NA,NA,NA,NA,NA,NA,NA,NA,NA,NA,NA,NA,NA,NA,NA,0.306,NA,NA,0.2008,0.7124,0,0.3108,0,Bayes-M10-geo
Bambu,Ituri,2,TRUE,NA,NA,NA,NA,NA,NA,NA,NA,NA,NA,NA,NA,NA,NA,NA,NA,NA,0.2399,NA,NA,0.2046,0.4691,0,0.2857,0,Bayes-M10-geo
Boga,Ituri,2,TRUE,NA,NA,NA,NA,NA,NA,NA,NA,NA,NA,NA,NA,NA,NA,NA,NA,NA,0.264,NA,NA,0.3861,0.36870000000000003,0,0.3012,0,Bayes-M10-geo
Bunia,Ituri,2,TRUE,NA,NA,NA,NA,NA,NA,NA,NA,NA,NA,NA,NA,NA,NA,NA,NA,NA,0.2326,NA,NA,0.1178,0.5637,0,0.249,0,Bayes-M10-geo
Damas,Ituri,2,TRUE,NA,NA,NA,NA,NA,NA,NA,NA,NA,NA,NA,NA,NA,NA,NA,NA,NA,0.3224,NA,NA,0.4479,0.3282,0,0.5135,0,Bayes-M10-geo
Drodro,Ituri,2,TRUE,NA,NA,NA,NA,NA,NA,NA,NA,NA,NA,NA,NA,NA,NA,NA,NA,NA,0.2674,NA,NA,0.2066,0.5907,0,0.2722,0,Bayes-M10-geo
Fataki,Ituri,2,TRUE,NA,NA,NA,NA,NA,NA,NA,NA,NA,NA,NA,NA,NA,NA,NA,NA,NA,0.3185,NA,NA,0.2259,0.7201,0,0.3282,0,Bayes-M10-geo
Gety,Ituri,2,TRUE,NA,NA,NA,NA,NA,NA,NA,NA,NA,NA,NA,NA,NA,NA,NA,NA,NA,0.2592,NA,NA,0.3359,0.2973,0,0.4035,0,Bayes-M10-geo
Kilo,Ituri,2,TRUE,NA,NA,NA,NA,NA,NA,NA,NA,NA,NA,NA,NA,NA,NA,NA,NA,NA,0.1448,NA,NA,0.2201,0.0502,0,0.3089,0,Bayes-M10-geo
Komanda,Ituri,2,TRUE,NA,NA,NA,NA,NA,NA,NA,NA,NA,NA,NA,NA,NA,NA,NA,NA,NA,0.2341,NA,NA,0.3089,0.1197,0,0.5077,0,Bayes-M10-geo
Lita,Ituri,2,TRUE,NA,NA,NA,NA,NA,NA,NA,NA,NA,NA,NA,NA,NA,NA,NA,NA,NA,0.306,NA,NA,0.2761,0.7046,0,0.2432,0,Bayes-M10-geo
Lolwa,Ituri,2,TRUE,NA,NA,NA,NA,NA,NA,NA,NA,NA,NA,NA,NA,NA,NA,NA,NA,NA,0.3205,NA,NA,0.6429,0,0,0.639,0,Bayes-M10-geo
Mambasa,Ituri,2,TRUE,NA,NA,NA,NA,NA,NA,NA,NA,NA,NA,NA,NA,NA,NA,NA,NA,NA,0.4324,NA,NA,0.8842,0.2625,0,0.583,0,Bayes-M10-geo
Mandima,Ituri,2,TRUE,NA,NA,NA,NA,NA,NA,NA,NA,NA,NA,NA,NA,NA,NA,NA,NA,NA,0.2659,NA,NA,0.4846,0.2896,0,0.2896,0,Bayes-M10-geo
Mangala,Ituri,2,TRUE,NA,NA,NA,NA,NA,NA,NA,NA,NA,NA,NA,NA,NA,NA,NA,NA,NA,0.3021,NA,NA,0.305,0.6158,0,0.2876,0,Bayes-M10-geo
Mongbwalu,Ituri,2,TRUE,NA,NA,NA,NA,NA,NA,NA,NA,NA,NA,NA,NA,NA,NA,NA,NA,NA,0.2616,NA,NA,0.4112,0.1834,0,0.4517,0,Bayes-M10-geo
Nia Nia,Ituri,2,TRUE,NA,NA,NA,NA,NA,NA,NA,NA,NA,NA,NA,NA,NA,NA,NA,NA,NA,0.2978,NA,NA,0.666,0.0212,0,0.5039,0,Bayes-M10-geo
Nizi,Ituri,2,TRUE,NA,NA,NA,NA,NA,NA,NA,NA,NA,NA,NA,NA,NA,NA,NA,NA,NA,0.1771,NA,NA,0.1544,0.3378,0,0.2162,0,Bayes-M10-geo
Nyankunde,Ituri,2,TRUE,NA,NA,NA,NA,NA,NA,NA,NA,NA,NA,NA,NA,NA,NA,NA,NA,NA,0.2514,NA,NA,0.2838,0.2432,0,0.4788,0,Bayes-M10-geo
Rwampara,Ituri,2,TRUE,NA,NA,NA,NA,NA,NA,NA,NA,NA,NA,NA,NA,NA,NA,NA,NA,NA,0.319,NA,NA,0.2375,0.7452,0,0.2934,0,Bayes-M10-geo
Tchomia,Ituri,2,TRUE,NA,NA,NA,NA,NA,NA,NA,NA,NA,NA,NA,NA,NA,NA,NA,NA,NA,0.1998,NA,NA,0.2104,0.3745,0,0.2143,0,Bayes-M10-geo
Beni,Nord-Kivu,2,TRUE,NA,NA,NA,NA,NA,NA,NA,NA,NA,NA,NA,NA,NA,NA,NA,NA,NA,0.1559,NA,NA,0.1525,0.2297,0,0.2413,0,Bayes-M10-geo
Biena,Nord-Kivu,2,TRUE,NA,NA,NA,NA,NA,NA,NA,NA,NA,NA,NA,NA,NA,NA,NA,NA,NA,0.2013,NA,NA,0.251,0.166,0,0.388,0,Bayes-M10-geo
Butembo,Nord-Kivu,2,TRUE,NA,NA,NA,NA,NA,NA,NA,NA,NA,NA,NA,NA,NA,NA,NA,NA,NA,0.1829,NA,NA,0.1139,0.388,0,0.2297,0,Bayes-M10-geo
Kalunguta,Nord-Kivu,2,TRUE,NA,NA,NA,NA,NA,NA,NA,NA,NA,NA,NA,NA,NA,NA,NA,NA,NA,0.1559,NA,NA,0.195,0.2066,0,0.222,0,Bayes-M10-geo
Katwa,Nord-Kivu,2,TRUE,NA,NA,NA,NA,NA,NA,NA,NA,NA,NA,NA,NA,NA,NA,NA,NA,NA,0.1998,NA,NA,0.0869,0.4846,0,0.2278,0,Bayes-M10-geo
Kyondo,Nord-Kivu,2,TRUE,NA,NA,NA,NA,NA,NA,NA,NA,NA,NA,NA,NA,NA,NA,NA,NA,NA,0.3238,NA,NA,0.2954,0.7973,0,0.2027,0,Bayes-M10-geo
Lubero,Nord-Kivu,2,TRUE,NA,NA,NA,NA,NA,NA,NA,NA,NA,NA,NA,NA,NA,NA,NA,NA,NA,0.4585,NA,NA,0.5734,0.9382,0,0.3224,0,Bayes-M10-geo
Mabalako,Nord-Kivu,2,TRUE,NA,NA,NA,NA,NA,NA,NA,NA,NA,NA,NA,NA,NA,NA,NA,NA,NA,0.1573,NA,NA,0.1931,0.2046,0,0.2317,0,Bayes-M10-geo
Manguredjipa,Nord-Kivu,2,TRUE,NA,NA,NA,NA,NA,NA,NA,NA,NA,NA,NA,NA,NA,NA,NA,NA,NA,0.3475,NA,NA,0.778,0.0579,0,0.5541,0,Bayes-M10-geo
Masereka,Nord-Kivu,2,TRUE,NA,NA,NA,NA,NA,NA,NA,NA,NA,NA,NA,NA,NA,NA,NA,NA,NA,0.36870000000000003,NA,NA,0.2548,0.9807,0,0.2394,0,Bayes-M10-geo
Musienene,Nord-Kivu,2,TRUE,NA,NA,NA,NA,NA,NA,NA,NA,NA,NA,NA,NA,NA,NA,NA,NA,NA,0.319,NA,NA,0.2645,0.7317,0,0.2799,0,Bayes-M10-geo
Mutwanga,Nord-Kivu,2,TRUE,NA,NA,NA,NA,NA,NA,NA,NA,NA,NA,NA,NA,NA,NA,NA,NA,NA,0.2408,NA,NA,0.2606,0.4672,0,0.2355,0,Bayes-M10-geo
Oicha,Nord-Kivu,2,TRUE,NA,NA,NA,NA,NA,NA,NA,NA,NA,NA,NA,NA,NA,NA,NA,NA,NA,0.3364,NA,NA,0.3243,0.7606,0,0.2606,0,Bayes-M10-geo
Vuhovi,Nord-Kivu,2,TRUE,NA,NA,NA,NA,NA,NA,NA,NA,NA,NA,NA,NA,NA,NA,NA,NA,NA,0.2611,NA,NA,0.2027,0.6178,0,0.2239,0,Bayes-M10-geo
Goma,Nord-Kivu,2,TRUE,NA,NA,NA,NA,NA,NA,NA,NA,NA,NA,NA,NA,NA,NA,NA,NA,NA,0.2669,NA,NA,0.1274,0.8977,0,0.0425,0,Bayes-M10-geo
Kayna,Nord-Kivu,2,TRUE,NA,NA,NA,NA,NA,NA,NA,NA,NA,NA,NA,NA,NA,NA,NA,NA,NA,0.3113,NA,NA,0.2278,0.6332,0,0.3842,0,Bayes-M10-geo
Miti Murhesa,Sud-Kivu,2,TRUE,NA,NA,NA,NA,NA,NA,NA,NA,NA,NA,NA,NA,NA,NA,NA,NA,NA,0.3277,NA,NA,0.2355,0.9131,0,0.1622,0,Bayes-M10-geo
Bulu,Sud-Ubangi,2,TRUE,NA,NA,NA,NA,NA,NA,NA,NA,NA,NA,NA,NA,NA,NA,NA,NA,NA,0.3147,NA,NA,0.3649,0.1988,0,0.695,0,Bayes-M10-geo
Bafwasende,Tshopo,2,TRUE,NA,NA,NA,NA,NA,NA,NA,NA,NA,NA,NA,NA,NA,NA,NA,NA,NA,0.4546,NA,NA,0.9073,0.2413,0,0.6699,0,Bayes-M10-geo
Kabondo,Tshopo,2,TRUE,NA,NA,NA,NA,NA,NA,NA,NA,NA,NA,NA,NA,NA,NA,NA,NA,NA,0.18,NA,NA,0.1911,0.2722,0,0.2568,0,Bayes-M10-geo
Lubunga (Tshopo),Tshopo,2,TRUE,NA,NA,NA,NA,NA,NA,NA,NA,NA,NA,NA,NA,NA,NA,NA,NA,NA,0.2288,NA,NA,0.2452,0.3436,0,0.3263,0,Bayes-M10-geo
Makiso Kisangani,Tshopo,2,TRUE,NA,NA,NA,NA,NA,NA,NA,NA,NA,NA,NA,NA,NA,NA,NA,NA,NA,0.2355,NA,NA,0.1332,0.5309,0,0.278,0,Bayes-M10-geo
Mangobo,Tshopo,2,TRUE,NA,NA,NA,NA,NA,NA,NA,NA,NA,NA,NA,NA,NA,NA,NA,NA,NA,0.2061,NA,NA,0.0792,0.4382,0,0.3069,0,Bayes-M10-geo
Tshopo,Tshopo,2,TRUE,NA,NA,NA,NA,NA,NA,NA,NA,NA,NA,NA,NA,NA,NA,NA,NA,NA,0.2466,NA,NA,0.361,0.334,0,0.2915,0,Bayes-M10-geo
Wanierukula,Tshopo,2,TRUE,NA,NA,NA,NA,NA,NA,NA,NA,NA,NA,NA,NA,NA,NA,NA,NA,NA,0.473,NA,NA,0.8436,0.5521,0,0.4961,0,Bayes-M10-geo
Basali,Tshopo,2,TRUE,NA,NA,NA,NA,NA,NA,NA,NA,NA,NA,NA,NA,NA,NA,NA,NA,NA,0.3779,NA,NA,0.834,0.0251,0,0.6525,0,Bayes-M10-geo
