health_zone,province,horizon,was_active_before,p_case_invasion,p_case_lo,p_case_hi,p_median,rank_med,rank_lo,rank_hi,mu_forecast,rr_nat,rr_nat_rank,rr01_nat,rr_ituri,rr_ituri_rank,rr_nordkivu,rr_nordkivu_rank,rr_hautuele,rr_hautuele_rank,V,priority,priority_rank,surveillance_gap,healthcare_gap,access_gap,social_vulnerability,healthcare_travel_min,method
Rethy,Ituri,1,FALSE,0.3391,0.2625,0.4223,0.3376,1,1,2,0.4169,43.1125,1,1,3.2739,1,NA,NA,NA,NA,0.2703,0.5956,2,0.2143,0.6081,0,0.2587,0,Bayes-M17-med
Watsa,Haut-Uele,1,FALSE,0.3208,0.2608,0.3853,0.3196,2,1,2,0.3884,40.1669,2,0.9459,NA,NA,NA,NA,3.806,1,0.4797,1,1,0.7297,0.8436,0,0.3456,0,Bayes-M17-med
Nyarambe,Ituri,1,FALSE,0.1592,0.1256,0.1971,0.158,3,3,3,0.1738,17.9705,3,0.4695,1.3647,2,NA,NA,NA,NA,0.1805,0.1868,13,0.1699,0.4595,0,0.0927,0,Bayes-M17-med
Biringi,Ituri,1,FALSE,0.1335,0.1056,0.1648,0.1327,4,4,4,0.1435,14.8408,4,0.3937,1.127,3,NA,NA,NA,NA,0.3494,0.3031,5,0.3958,0.4865,0,0.5154,0,Bayes-M17-med
Karisimbi,Nord-Kivu,1,FALSE,0.1087,0.0856,0.1349,0.1079,5,5,5,0.1152,11.912,5,0.3205,NA,NA,2.265,1,NA,NA,0.1597,0.1128,16,0.0907,0.5154,0,0.0328,0,Bayes-M17-med
Dungu,Haut-Uele,1,FALSE,0.0977,0.077,0.1214,0.0969,6,6,7,0.1029,10.6457,6,0.2881,NA,NA,NA,NA,1.0087,2,0.5275,0.335,3,0.8726,0.5598,0,0.6776,0,Bayes-M17-med
Makoro,Haut-Uele,1,FALSE,0.0966,0.0764,0.1193,0.0959,7,7,7,0.1016,10.5111,7,0.2847,NA,NA,NA,NA,0.996,3,0.3822,0.2398,6,0.556,0.5483,0,0.4247,0,Bayes-M17-med
Angumu,Ituri,1,FALSE,0.0949,0.075,0.1173,0.0942,8,6,8,0.0999,10.3258,8,0.2799,0.7841,4,NA,NA,NA,NA,0.11,0.0679,34,0.1641,0.1641,0,0.112,0,Bayes-M17-med
Rutshuru,Nord-Kivu,1,FALSE,0.0881,0.0696,0.1091,0.0873,9,9,9,0.0923,9.542,9,0.2597,NA,NA,1.8144,2,NA,NA,0.3721,0.2129,8,0.4093,0.9942,0,0.0849,0,Bayes-M17-med
Kirotshe,Nord-Kivu,1,FALSE,0.0806,0.0633,0.1003,0.08,10,10,10,0.0841,8.6927,10,0.2375,NA,NA,1.6529,3,NA,NA,0.3842,0.2011,11,0.3764,0.9961,0,0.1641,0,Bayes-M17-med
Nyiragongo,Nord-Kivu,1,FALSE,0.0792,0.0621,0.0987,0.0786,11,11,11,0.0826,8.538,11,0.2335,NA,NA,1.6235,4,NA,NA,0.2891,0.1487,15,0.2432,0.8764,0,0.0367,0,Bayes-M17-med
Alimbongo,Nord-Kivu,1,FALSE,0.0766,0.0605,0.095,0.076,12,12,13,0.0798,8.2472,12,0.2259,NA,NA,1.5682,5,NA,NA,0.4262,0.2121,9,0.5849,0.7471,0,0.3726,0,Bayes-M17-med
Bafwagbogbo,Tshopo,1,FALSE,0.0759,0.0596,0.0942,0.0753,13,12,13,0.079,8.1668,13,0.2237,NA,NA,NA,NA,NA,NA,0.3948,0.1946,12,0.8591,0.027,0,0.6931,0,Bayes-M17-med
Kamango,Nord-Kivu,1,FALSE,0.0716,0.0558,0.0896,0.071,14,14,14,0.0743,7.6865,14,0.2111,NA,NA,1.4616,6,NA,NA,0.4373,0.2034,10,0.6583,0.917,0,0.1737,0,Bayes-M17-med
Poko,Bas-Uele,1,FALSE,0.0681,0.0538,0.0843,0.0675,15,15,16,0.0706,7.302,15,0.2009,NA,NA,NA,NA,NA,NA,0.7271,0.3219,4,0.9923,0.9517,0,0.9643,0,Bayes-M17-med
Rwanguba,Nord-Kivu,1,FALSE,0.0673,0.053,0.0837,0.0667,16,15,16,0.0697,7.2064,16,0.1983,NA,NA,1.3703,7,NA,NA,0.2442,0.1067,20,0.2085,0.7027,0,0.0656,0,Bayes-M17-med
Kibirizi,Nord-Kivu,1,FALSE,0.0613,0.0481,0.0765,0.0608,17,17,18,0.0633,6.5455,17,0.1807,NA,NA,1.2446,8,NA,NA,0.4175,0.1663,14,0.5405,0.8552,0,0.2741,0,Bayes-M17-med
Niangara,Haut-Uele,1,FALSE,0.0606,0.0471,0.0764,0.0599,18,17,18,0.0625,6.4665,18,0.1786,NA,NA,NA,NA,0.6127,4,0.5512,0.2169,7,0.8031,0.4324,0,0.9691,0,Bayes-M17-med
Linga,Ituri,1,FALSE,0.0567,0.0425,0.0732,0.0561,19,19,19,0.0585,6.0453,19,0.1673,0.4591,5,NA,NA,NA,NA,0.2148,0.0792,30,0.1969,0.3417,0,0.3205,0,Bayes-M17-med
Jiba,Ituri,1,FALSE,0.0516,0.0387,0.0664,0.051,20,20,20,0.053,5.4798,20,0.1521,0.4161,6,NA,NA,NA,NA,0.1651,0.0553,40,0.1815,0.1274,0,0.3514,0,Bayes-M17-med
Minova,Sud-Kivu,1,FALSE,0.0448,0.035,0.056,0.0444,21,21,21,0.0458,4.7407,21,0.1321,NA,NA,NA,NA,NA,NA,0.3866,0.1125,17,0.4421,0.9826,0,0.1216,0,Bayes-M17-med
Mweso,Nord-Kivu,1,FALSE,0.0413,0.0323,0.0517,0.041,22,22,22,0.0422,4.3626,22,0.1218,NA,NA,0.8295,9,NA,NA,0.4189,0.1124,18,0.4498,0.9614,0,0.2645,0,Bayes-M17-med
Adi,Ituri,1,FALSE,0.0396,0.0305,0.05,0.0392,23,23,24,0.0404,4.1778,23,0.1167,0.3173,7,NA,NA,NA,NA,0.3977,0.1023,21,0.2587,0.7104,0,0.6216,0,Bayes-M17-med
Ibanda,Sud-Kivu,1,FALSE,0.0383,0.03,0.0479,0.0381,24,23,24,0.0391,4.0454,24,0.1131,NA,NA,NA,NA,NA,NA,0.2307,0.0575,38,0.083,0.6216,0,0.2181,0,Bayes-M17-med
Masisi,Nord-Kivu,1,FALSE,0.0375,0.0293,0.047,0.0372,25,25,25,0.0382,3.9553,25,0.1106,NA,NA,0.7521,10,NA,NA,0.4402,0.1073,19,0.4324,0.9575,0,0.3707,0,Bayes-M17-med
Binza,Nord-Kivu,1,FALSE,0.0355,0.0278,0.0444,0.0352,26,26,26,0.0362,3.7423,26,0.1048,NA,NA,0.7116,11,NA,NA,0.3518,0.0812,28,0.471,0.8378,0,0.0985,0,Bayes-M17-med
Bambo,Nord-Kivu,1,FALSE,0.0344,0.0269,0.0429,0.0341,27,27,27,0.035,3.6161,27,0.1013,NA,NA,0.6876,12,NA,NA,0.3962,0.0884,23,0.5521,0.9073,0,0.1255,0,Bayes-M17-med
Laybo,Ituri,1,FALSE,0.0323,0.025,0.0407,0.032,28,28,28,0.0328,3.3958,28,0.0952,0.2579,8,NA,NA,NA,NA,0.3393,0.0712,33,0.3069,0.556,0,0.4942,0,Bayes-M17-med
Faradje,Haut-Uele,1,FALSE,0.0301,0.0234,0.0378,0.0298,30,29,30,0.0306,3.1631,29,0.0888,NA,NA,NA,NA,0.2997,5,0.4474,0.0875,26,0.7606,0.666,0,0.3629,0,Bayes-M17-med
Banalia,Tshopo,1,FALSE,0.03,0.0234,0.0376,0.0297,29,29,30,0.0305,3.154,30,0.0885,NA,NA,NA,NA,NA,NA,0.4242,0.0828,27,0.7799,0.1178,0,0.7992,0,Bayes-M17-med
Kadutu,Sud-Kivu,1,FALSE,0.0284,0.0222,0.0356,0.0282,31,31,31,0.0289,2.9856,31,0.0839,NA,NA,NA,NA,NA,NA,0.1636,0.0302,56,0.0579,0.3861,0,0.2104,0,Bayes-M17-med
Kabare,Sud-Kivu,1,FALSE,0.027,0.0211,0.0338,0.0268,32,32,32,0.0274,2.8316,32,0.0796,NA,NA,NA,NA,NA,NA,0.3567,0.0626,36,0.2394,0.9884,0,0.1988,0,Bayes-M17-med
Uvira,Sud-Kivu,1,FALSE,0.0257,0.02,0.0322,0.0255,33,33,34,0.026,2.6937,33,0.0758,NA,NA,NA,NA,NA,NA,0.5502,0.0919,22,0.2181,0.9846,0,0.9981,0,Bayes-M17-med
Nsele,Kinshasa,1,FALSE,0.0254,0.0199,0.0317,0.0252,34,33,35,0.0258,2.6651,34,0.075,NA,NA,NA,NA,NA,NA,0.1583,0.0262,61,0.139,0.3996,0,0.0946,0,Bayes-M17-med
Katana,Sud-Kivu,1,FALSE,0.0254,0.0198,0.0317,0.0252,35,34,35,0.0257,2.6584,35,0.0748,NA,NA,NA,NA,NA,NA,0.3224,0.0532,41,0.2471,0.9112,0,0.1313,0,Bayes-M17-med
Katoyi,Nord-Kivu,1,FALSE,0.025,0.0195,0.0313,0.0248,36,36,36,0.0253,2.6176,36,0.0737,NA,NA,0.4977,13,NA,NA,0.4542,0.0737,31,0.4614,0.9595,0,0.3958,0,Bayes-M17-med
Aba,Haut-Uele,1,FALSE,0.0239,0.0184,0.0302,0.0236,37,37,38,0.0242,2.4976,37,0.0703,NA,NA,NA,NA,0.2367,6,0.569,0.0882,24,0.6004,0.6853,0,0.9903,0,Bayes-M17-med
Walikale,Nord-Kivu,1,FALSE,0.0236,0.0182,0.0298,0.0233,38,37,38,0.0238,2.4653,38,0.0694,NA,NA,0.4688,14,NA,NA,0.5729,0.0877,25,0.9459,0.9286,0,0.417,0,Bayes-M17-med
Walungu,Sud-Kivu,1,FALSE,0.0223,0.0173,0.0279,0.0221,39,39,40,0.0225,2.3278,39,0.0656,NA,NA,NA,NA,NA,NA,0.3248,0.047,42,0.1853,0.8803,0,0.2336,0,Bayes-M17-med
Gombe,Kinshasa,1,FALSE,0.0222,0.0175,0.0277,0.022,40,39,41,0.0225,2.3242,40,0.0655,NA,NA,NA,NA,NA,NA,0.1622,0.0234,64,0.0695,0.5695,0,0.0097,0,Bayes-M17-med
Pinga,Nord-Kivu,1,FALSE,0.0216,0.0167,0.0272,0.0214,41,40,41,0.0218,2.2555,41,0.0636,NA,NA,0.4289,15,NA,NA,0.57,0.0799,29,0.9595,0.7548,0,0.5656,0,Bayes-M17-med
Ruzizi,Sud-Kivu,1,FALSE,0.0199,0.0155,0.025,0.0197,42,42,42,0.0201,2.0806,42,0.0587,NA,NA,NA,NA,NA,NA,0.5627,0.0728,32,0.3494,0.9093,0,0.9923,0,Bayes-M17-med
Birambizo,Nord-Kivu,1,FALSE,0.0195,0.0152,0.0244,0.0193,43,43,43,0.0197,2.0345,43,0.0574,NA,NA,0.3868,16,NA,NA,0.3625,0.0459,43,0.4035,0.89,0,0.1564,0,Bayes-M17-med
Fizi,Sud-Kivu,1,FALSE,0.0185,0.0144,0.0232,0.0183,44,44,45,0.0187,1.9298,44,0.0545,NA,NA,NA,NA,NA,NA,0.5637,0.0677,35,0.7432,0.9691,0,0.5425,0,Bayes-M17-med
Binza Ozone,Kinshasa,1,FALSE,0.0184,0.0144,0.023,0.0183,45,44,45,0.0186,1.9242,45,0.0543,NA,NA,NA,NA,NA,NA,0.152,0.0182,80,0.0734,0.5232,0,0.0116,0,Bayes-M17-med
Limete,Kinshasa,1,FALSE,0.0178,0.014,0.0222,0.0177,46,46,46,0.018,1.8605,46,0.0526,NA,NA,NA,NA,NA,NA,0.056,0.0065,178,0.0405,0.1371,0,0.0463,0,Bayes-M17-med
Kalehe,Sud-Kivu,1,FALSE,0.0174,0.0136,0.0218,0.0173,47,47,47,0.0176,1.8187,47,0.0514,NA,NA,NA,NA,NA,NA,0.3369,0.0382,45,0.3417,0.8649,0,0.1409,0,Bayes-M17-med
Bagira,Sud-Kivu,1,FALSE,0.0172,0.0134,0.0216,0.017,48,48,48,0.0173,1.7928,48,0.0507,NA,NA,NA,NA,NA,NA,0.236,0.0264,59,0.1004,0.6371,0,0.2066,0,Bayes-M17-med
Kokolo,Kinshasa,1,FALSE,0.0159,0.0124,0.0198,0.0157,49,49,49,0.016,1.656,49,0.0468,NA,NA,NA,NA,NA,NA,0.2172,0.0224,67,0.0772,0.7722,0,0.0193,0,Bayes-M17-med
Lemera,Sud-Kivu,1,FALSE,0.0155,0.0121,0.0195,0.0154,50,50,50,0.0156,1.6164,50,0.0457,NA,NA,NA,NA,NA,NA,0.5613,0.0566,39,0.3629,0.9015,0,0.9807,0,Bayes-M17-med
Lingwala,Kinshasa,1,FALSE,0.0152,0.0119,0.0189,0.015,51,51,53,0.0153,1.579,51,0.0447,NA,NA,NA,NA,NA,NA,0.0323,0.0032,301,0.0232,0.0907,0,0.0154,0,Bayes-M17-med
Mubumbano,Sud-Kivu,1,FALSE,0.0151,0.0118,0.019,0.015,52,51,52,0.0152,1.5765,52,0.0446,NA,NA,NA,NA,NA,NA,0.3658,0.036,47,0.2683,0.9402,0,0.2548,0,Bayes-M17-med
Nyantende,Sud-Kivu,1,FALSE,0.0151,0.0117,0.0189,0.0149,53,52,53,0.0152,1.5708,53,0.0444,NA,NA,NA,NA,NA,NA,0.3219,0.0315,53,0.1486,0.8938,0,0.2452,0,Bayes-M17-med
Kinshasa,Kinshasa,1,FALSE,0.0142,0.0111,0.0178,0.0141,54,54,55,0.0143,1.4839,54,0.042,NA,NA,NA,NA,NA,NA,0.0203,0.0019,381,0.0135,0.0463,0,0.0212,0,Bayes-M17-med
Bengamisa,Tshopo,1,FALSE,0.0139,0.0107,0.0177,0.0138,55,54,58,0.014,1.4507,55,0.0411,NA,NA,NA,NA,NA,NA,0.3012,0.0273,58,0.612,0.2162,0,0.3764,0,Bayes-M17-med
Kalamu 1,Kinshasa,1,FALSE,0.0136,0.0107,0.017,0.0135,56,55,57,0.0137,1.4202,56,0.0402,NA,NA,NA,NA,NA,NA,0.0309,0.0027,318,0.0193,0.0734,0,0.0309,0,Bayes-M17-med
Kasa Vubu,Kinshasa,1,FALSE,0.0135,0.0106,0.0169,0.0134,57,57,59,0.0136,1.4087,57,0.0399,NA,NA,NA,NA,NA,NA,0.0444,0.0039,258,0.0309,0.1216,0,0.0251,0,Bayes-M17-med
Bondo,Bas-Uele,1,FALSE,0.0134,0.0105,0.0167,0.0133,58,55,61,0.0135,1.3943,58,0.0395,NA,NA,NA,NA,NA,NA,0.6737,0.0586,37,0.9961,0.9981,0,0.7008,0,Bayes-M17-med
Mwana,Sud-Kivu,1,FALSE,0.0134,0.0104,0.0168,0.0132,59,57,59,0.0134,1.3908,59,0.0394,NA,NA,NA,NA,NA,NA,0.3731,0.0324,52,0.2896,0.9035,0,0.2992,0,Bayes-M17-med
Lemba,Kinshasa,1,FALSE,0.013,0.0102,0.0162,0.0129,60,60,62,0.0131,1.3504,60,0.0382,NA,NA,NA,NA,NA,NA,0.1023,0.0086,131,0.0483,0.3069,0,0.0541,0,Bayes-M17-med
Nyangezi,Sud-Kivu,1,FALSE,0.0129,0.01,0.0162,0.0128,61,60,62,0.013,1.3425,61,0.038,NA,NA,NA,NA,NA,NA,0.36870000000000003,0.0309,54,0.222,0.8842,0,0.36870000000000003,0,Bayes-M17-med
Kaniola,Sud-Kivu,1,FALSE,0.0128,0.0099,0.016,0.0127,62,62,63,0.0129,1.3304,62,0.0377,NA,NA,NA,NA,NA,NA,0.4513,0.0375,46,0.5328,0.9305,0,0.3417,0,Bayes-M17-med
Yakusu,Tshopo,1,FALSE,0.0126,0.0094,0.0163,0.0125,63,58,68,0.0127,1.3144,63,0.0372,NA,NA,NA,NA,NA,NA,0.319,0.0262,60,0.4208,0.2085,0,0.6467,0,Bayes-M17-med
Masina 1,Kinshasa,1,FALSE,0.0124,0.0097,0.0155,0.0123,64,63,67,0.0125,1.2936,64,0.0367,NA,NA,NA,NA,NA,NA,0.0193,0.0016,396,0.0077,0.0077,0,0.0618,0,Bayes-M17-med
Nyemba,Tanganyika,1,FALSE,0.0124,0.0096,0.0155,0.0123,65,64,65,0.0125,1.2885,65,0.0365,NA,NA,NA,NA,NA,NA,0.3456,0.0278,57,0.5965,0.4556,0,0.3301,0,Bayes-M17-med
Bunyakiri,Sud-Kivu,1,FALSE,0.0122,0.0095,0.0153,0.0121,67,65,67,0.0123,1.2691,67,0.036,NA,NA,NA,NA,NA,NA,0.4517,0.0358,48,0.6197,0.832,0,0.3552,0,Bayes-M17-med
Isangi,Tshopo,1,FALSE,0.0122,0.0093,0.0155,0.0121,66,64,68,0.0123,1.2718,66,0.036,NA,NA,NA,NA,NA,NA,0.3837,0.0305,55,0.4054,0.4073,0,0.722,0,Bayes-M17-med
Kintambo,Kinshasa,1,FALSE,0.012,0.0095,0.015,0.0119,68,65,68,0.0121,1.2537,68,0.0355,NA,NA,NA,NA,NA,NA,0.0338,0.0026,322,0.0212,0.1004,0,0.0135,0,Bayes-M17-med
Shabunda,Sud-Kivu,1,FALSE,0.0114,0.0087,0.0144,0.0112,69,69,70,0.0114,1.182,69,0.0335,NA,NA,NA,NA,NA,NA,0.5922,0.0437,44,0.8378,0.8726,0,0.6583,0,Bayes-M17-med
Lubutu,Maniema,1,FALSE,0.0112,0.0087,0.014,0.011,70,69,70,0.0112,1.1604,70,0.0329,NA,NA,NA,NA,NA,NA,0.4706,0.0341,49,0.8205,0.2819,0,0.7799,0,Bayes-M17-med
Binza Meteo,Kinshasa,1,FALSE,0.0108,0.0084,0.0135,0.0107,71,71,72,0.0108,1.118,71,0.0317,NA,NA,NA,NA,NA,NA,0.2558,0.0179,81,0.0965,0.8996,0,0.027,0,Bayes-M17-med
Masina 2,Kinshasa,1,FALSE,0.0107,0.0084,0.0134,0.0106,72,72,72,0.0108,1.1142,72,0.0316,NA,NA,NA,NA,NA,NA,0.0265,0.0018,385,0.0174,0.0193,0,0.0695,0,Bayes-M17-med
Bandalungwa,Kinshasa,1,FALSE,0.0105,0.0082,0.0131,0.0104,73,73,74,0.0105,1.0887,73,0.0309,NA,NA,NA,NA,NA,NA,0.0709,0.0048,217,0.0328,0.2336,0,0.0174,0,Bayes-M17-med
Mont Ngafula 1,Kinshasa,1,FALSE,0.01,0.0078,0.0126,0.01,74,74,75,0.0101,1.0446,74,0.0296,NA,NA,NA,NA,NA,NA,0.2066,0.0135,99,0.1371,0.6313,0,0.0579,0,Bayes-M17-med
Kasongo,Maniema,1,FALSE,0.0098,0.0076,0.0123,0.0097,76,75,76,0.0099,1.0188,76,0.0289,NA,NA,NA,NA,NA,NA,0.5304,0.0338,50,0.4459,0.7529,0,0.9228,0,Bayes-M17-med
Gemena,Sud-Ubangi,1,FALSE,0.0098,0.0075,0.0125,0.0098,75,71,79,0.0099,1.0232,75,0.029,NA,NA,NA,NA,NA,NA,0.3277,0.021,70,0.1776,0.2741,0,0.8591,0,Bayes-M17-med
Barumbu,Kinshasa,1,FALSE,0.0095,0.0074,0.0118,0.0094,77,76,77,0.0095,0.9832,77,0.0279,NA,NA,NA,NA,NA,NA,0.014,9e-4,432,0.0097,0.0232,0,0.0232,0,Bayes-M17-med
Kikimi,Kinshasa,1,FALSE,0.0092,0.0072,0.0115,0.0092,78,77,79,0.0093,0.9594,78,0.0272,NA,NA,NA,NA,NA,NA,0.0835,0.005,211,0.056,0.1911,0,0.0869,0,Bayes-M17-med
Kindu,Maniema,1,FALSE,0.0091,0.0071,0.0115,0.0091,79,78,79,0.0092,0.9507,79,0.027,NA,NA,NA,NA,NA,NA,0.3181,0.0189,78,0.1351,0.2529,0,0.8842,0,Bayes-M17-med
Matete,Kinshasa,1,FALSE,0.009,0.007,0.0112,0.0089,80,79,80,0.009,0.9333,80,0.0265,NA,NA,NA,NA,NA,NA,0.0492,0.0029,313,0.0251,0.1158,0,0.056,0,Bayes-M17-med
Mont Ngafula 2,Kinshasa,1,FALSE,0.0089,0.007,0.0112,0.0088,81,81,81,0.009,0.9256,81,0.0263,NA,NA,NA,NA,NA,NA,0.0951,0.0055,206,0.0849,0.2568,0,0.0386,0,Bayes-M17-med
Selembao,Kinshasa,1,FALSE,0.0087,0.0068,0.0108,0.0086,82,82,83,0.0087,0.8986,82,0.0255,NA,NA,NA,NA,NA,NA,0.0676,0.0038,266,0.0444,0.1815,0,0.0444,0,Bayes-M17-med
Nundu,Sud-Kivu,1,FALSE,0.0086,0.0067,0.0108,0.0085,83,82,83,0.0087,0.8953,83,0.0254,NA,NA,NA,NA,NA,NA,0.5927,0.0332,51,0.527,0.8494,0,0.9942,0,Bayes-M17-med
Kingabwa,Kinshasa,1,FALSE,0.008,0.0062,0.0099,0.0079,84,84,85,0.008,0.8266,84,0.0235,NA,NA,NA,NA,NA,NA,0.0478,0.0025,332,0.0425,0.0965,0,0.0521,0,Bayes-M17-med
Kalonge,Sud-Kivu,1,FALSE,0.0079,0.0062,0.01,0.0079,85,84,85,0.008,0.8252,85,0.0234,NA,NA,NA,NA,NA,NA,0.404,0.0209,71,0.4961,0.8359,0,0.2838,0,Bayes-M17-med
Ndjili,Kinshasa,1,FALSE,0.0077,0.006,0.0096,0.0076,87,86,87,0.0077,0.7982,87,0.0227,NA,NA,NA,NA,NA,NA,0.0487,0.0024,337,0.027,0.1042,0,0.0637,0,Bayes-M17-med
Yabaondo,Tshopo,1,FALSE,0.0077,0.0059,0.0098,0.0076,86,86,87,0.0077,0.7988,86,0.0227,NA,NA,NA,NA,NA,NA,0.3523,0.0176,85,0.4363,0.305,0,0.668,0,Bayes-M17-med
Kunda,Maniema,1,FALSE,0.0073,0.0057,0.0092,0.0073,88,88,89,0.0074,0.7627,88,0.0217,NA,NA,NA,NA,NA,NA,0.4165,0.0199,74,0.4633,0.2799,0,0.9228,0,Bayes-M17-med
Ubundu,Tshopo,1,FALSE,0.0073,0.0056,0.0093,0.0072,89,88,91,0.0073,0.7595,89,0.0216,NA,NA,NA,NA,NA,NA,0.4744,0.0226,65,0.9054,0.4305,0,0.5618,0,Bayes-M17-med
Ngiri Ngiri,Kinshasa,1,FALSE,0.007,0.0055,0.0088,0.007,90,89,91,0.0071,0.7306,90,0.0208,NA,NA,NA,NA,NA,NA,0.028,0.0013,408,0.0154,0.0676,0,0.029,0,Bayes-M17-med
Kalemie,Tanganyika,1,FALSE,0.007,0.0055,0.0088,0.007,91,90,91,0.007,0.7287,91,0.0207,NA,NA,NA,NA,NA,NA,0.3789,0.0173,86,0.6718,0.4575,0,0.3861,0,Bayes-M17-med
Basoko,Tshopo,1,FALSE,0.0068,0.0052,0.0086,0.0067,92,92,93,0.0068,0.7048,92,0.02,NA,NA,NA,NA,NA,NA,0.3012,0.0133,100,0.5077,0.3147,0,0.3822,0,Bayes-M17-med
Police,Kinshasa,1,FALSE,0.0067,0.0053,0.0084,0.0067,93,92,94,0.0068,0.7002,93,0.0199,NA,NA,NA,NA,NA,NA,0.0478,0.0021,368,0.0463,0.0772,0,0.0676,0,Bayes-M17-med
Kaziba,Sud-Kivu,1,FALSE,0.0065,0.0051,0.0082,0.0065,94,94,95,0.0066,0.6783,94,0.0193,NA,NA,NA,NA,NA,NA,0.3571,0.0152,96,0.2876,0.7838,0,0.3571,0,Bayes-M17-med
Kibua,Nord-Kivu,1,FALSE,0.0064,0.005,0.008,0.0063,96,95,96,0.0064,0.6622,95,0.0188,NA,NA,0.1259,17,NA,NA,0.5154,0.0214,69,0.7741,0.6602,0,0.6274,0,Bayes-M17-med
Budjala,Sud-Ubangi,1,FALSE,0.0064,0.0048,0.0082,0.0063,95,90,106,0.0064,0.6618,96,0.0188,NA,NA,NA,NA,NA,NA,0.43,0.0178,83,0.5154,0.4035,0,0.8012,0,Bayes-M17-med
Maluku 1,Kinshasa,1,FALSE,0.0063,0.0049,0.0078,0.0062,98,96,99,0.0063,0.6496,98,0.0185,NA,NA,NA,NA,NA,NA,0.2321,0.0094,124,0.3475,0.4517,0,0.1293,0,Bayes-M17-med
Yaleko,Tshopo,1,FALSE,0.0063,0.0048,0.008,0.0062,97,95,100,0.0063,0.653,97,0.0186,NA,NA,NA,NA,NA,NA,0.402,0.0164,90,0.639,0.2452,0,0.7239,0,Bayes-M17-med
Saramabila,Maniema,1,FALSE,0.0062,0.0048,0.0078,0.0062,98,97,99,0.0062,0.646,99,0.0184,NA,NA,NA,NA,NA,NA,0.4768,0.0193,76,0.473,0.5502,0,0.8842,0,Bayes-M17-med
Yambuku,Mongala,1,FALSE,0.0061,0.0047,0.0077,0.0061,100,99,102,0.0061,0.6342,100,0.018,NA,NA,NA,NA,NA,NA,0.4344,0.0173,88,0.5483,0.5753,0,0.6139,0,Bayes-M17-med
Kitutu,Sud-Kivu,1,FALSE,0.0061,0.0047,0.0076,0.006,101,100,102,0.0061,0.6282,101,0.0179,NA,NA,NA,NA,NA,NA,0.5024,0.0198,75,0.751,0.805,0,0.4537,0,Bayes-M17-med
Lubumbashi,Haut-Katanga,1,FALSE,0.0059,0.0046,0.0074,0.0059,103,101,105,0.0059,0.6136,102,0.0174,NA,NA,NA,NA,NA,NA,0.1105,0.0042,241,0.1081,0.2104,0,0.1236,0,Bayes-M17-med
Lisala,Mongala,1,FALSE,0.0059,0.0046,0.0074,0.0059,102,102,104,0.0059,0.6128,103,0.0174,NA,NA,NA,NA,NA,NA,0.4093,0.0157,91,0.4286,0.4402,0,0.7683,0,Bayes-M17-med
Mwenga,Sud-Kivu,1,FALSE,0.0058,0.0045,0.0073,0.0057,104,103,106,0.0058,0.6002,104,0.0171,NA,NA,NA,NA,NA,NA,0.319,0.012,107,0.5,0.3552,0,0.4208,0,Bayes-M17-med
Kimbi Lulenge,Sud-Kivu,1,FALSE,0.0057,0.0044,0.0071,0.0056,106,105,108,0.0057,0.5887,106,0.0167,NA,NA,NA,NA,NA,NA,0.5507,0.0203,73,0.8475,0.8687,0,0.4865,0,Bayes-M17-med
Kongolo,Tanganyika,1,FALSE,0.0057,0.0044,0.0072,0.0057,105,104,107,0.0057,0.5933,105,0.0169,NA,NA,NA,NA,NA,NA,0.6829,0.0254,62,0.8861,0.9228,0,0.9228,0,Bayes-M17-med
Kingasani,Kinshasa,1,FALSE,0.0056,0.0044,0.007,0.0055,109,106,111,0.0056,0.5789,108,0.0165,NA,NA,NA,NA,NA,NA,0.0294,0.0011,421,0.0058,0.0405,0,0.0714,0,Bayes-M17-med
Itebero,Nord-Kivu,1,FALSE,0.0056,0.0044,0.0071,0.0056,107,107,109,0.0056,0.582,107,0.0165,NA,NA,0.1107,18,NA,NA,0.5574,0.0203,72,0.9112,0.722,0,0.5965,0,Bayes-M17-med
Kalole,Sud-Kivu,1,FALSE,0.0056,0.0043,0.007,0.0055,110,108,110,0.0056,0.5781,109,0.0164,NA,NA,NA,NA,NA,NA,0.6038,0.0219,68,0.89,0.7799,0,0.7452,0,Bayes-M17-med
Kabinda,Lomami,1,FALSE,0.0055,0.0043,0.0069,0.0054,112,109,112,0.0055,0.569,111,0.0162,NA,NA,NA,NA,NA,NA,0.4382,0.0156,92,0.5097,0.5541,0,0.6892,0,Bayes-M17-med
Binga,Mongala,1,FALSE,0.0055,0.0042,0.007,0.0054,109,101,119,0.0055,0.57,110,0.0162,NA,NA,NA,NA,NA,NA,0.3306,0.0118,108,0.4749,0.249,0,0.5985,0,Bayes-M17-med
Mulungu,Sud-Kivu,1,FALSE,0.0055,0.0042,0.0069,0.0054,113,111,113,0.0055,0.5658,112,0.0161,NA,NA,NA,NA,NA,NA,0.5208,0.0185,79,0.861,0.5193,0,0.7027,0,Bayes-M17-med
Mbaya,Sud-Ubangi,1,FALSE,0.0054,0.004,0.0069,0.0053,111,98,121,0.0054,0.5574,113,0.0158,NA,NA,NA,NA,NA,NA,0.3142,0.011,113,0.3514,0.2239,0,0.6815,0,Bayes-M17-med
Yamaluka,Mongala,1,FALSE,0.0053,0.0042,0.0066,0.0053,114,112,117,0.0053,0.5505,114,0.0157,NA,NA,NA,NA,NA,NA,0.1974,0.0068,168,0.2799,0.1448,0,0.3649,0,Bayes-M17-med
Kamituga,Sud-Kivu,1,FALSE,0.0053,0.0041,0.0066,0.0052,116,113,116,0.0053,0.5451,116,0.0155,NA,NA,NA,NA,NA,NA,0.3596,0.0123,106,0.3938,0.6062,0,0.4382,0,Bayes-M17-med
Opienge,Tshopo,1,FALSE,0.0053,0.0041,0.0067,0.0052,115,114,116,0.0053,0.548,115,0.0156,NA,NA,NA,NA,NA,NA,0.4445,0.0153,94,0.9556,0.0135,0,0.8089,0,Bayes-M17-med
Ango,Bas-Uele,1,FALSE,0.0052,0.004,0.0067,0.0052,117,112,118,0.0053,0.5442,117,0.0155,NA,NA,NA,NA,NA,NA,0.7095,0.0242,63,1,0.8591,0,0.9788,0,Bayes-M17-med
Djolu,Tshuapa,1,FALSE,0.0052,0.004,0.0065,0.0051,118,116,118,0.0052,0.5378,118,0.0153,NA,NA,NA,NA,NA,NA,0.5256,0.0177,84,0.7104,0.5985,0,0.7934,0,Bayes-M17-med
Titule,Bas-Uele,1,FALSE,0.005,0.0039,0.0064,0.005,119,116,120,0.0051,0.5233,119,0.0149,NA,NA,NA,NA,NA,NA,0.6839,0.0224,66,0.9865,0.8263,0,0.9228,0,Bayes-M17-med
Bonzola,Kasaï-Oriental,1,FALSE,0.005,0.0039,0.0063,0.0049,120,118,120,0.005,0.5176,120,0.0147,NA,NA,NA,NA,NA,NA,0.2958,0.0096,123,0.0927,0.7934,0,0.2973,0,Bayes-M17-med
Yahuma,Tshopo,1,FALSE,0.0046,0.0035,0.0058,0.0046,122,121,122,0.0046,0.4776,122,0.0136,NA,NA,NA,NA,NA,NA,0.4402,0.0132,102,0.8649,0.332,0,0.5637,0,Bayes-M17-med
Mbulula,Tanganyika,1,FALSE,0.0046,0.0036,0.0058,0.0046,121,121,122,0.0046,0.4796,121,0.0136,NA,NA,NA,NA,NA,NA,0.5934,0.0178,82,0.6448,0.7761,0,0.9527,0,Bayes-M17-med
Kananga,Kasaï-Central,1,FALSE,0.0044,0.0034,0.0055,0.0043,125,125,126,0.0044,0.454,125,0.0129,NA,NA,NA,NA,NA,NA,0.2963,0.0084,135,0.1429,0.5579,0,0.4846,0,Bayes-M17-med
Kampene,Maniema,1,FALSE,0.0044,0.0034,0.0055,0.0043,124,123,126,0.0044,0.4547,124,0.0129,NA,NA,NA,NA,NA,NA,0.3962,0.0113,112,0.5251,0.1757,0,0.8842,0,Bayes-M17-med
Lodja,Sankuru,1,FALSE,0.0044,0.0034,0.0055,0.0043,123,123,124,0.0044,0.4552,123,0.013,NA,NA,NA,NA,NA,NA,0.4626,0.0132,101,0.2625,0.6351,0,0.9527,0,Bayes-M17-med
Aketi,Bas-Uele,1,FALSE,0.0043,0.0033,0.0055,0.0043,127,123,134,0.0043,0.4472,127,0.0127,NA,NA,NA,NA,NA,NA,0.6762,0.019,77,0.9903,0.9363,0,0.778,0,Bayes-M17-med
Kalima,Maniema,1,FALSE,0.0043,0.0034,0.0054,0.0043,126,126,127,0.0043,0.4497,126,0.0128,NA,NA,NA,NA,NA,NA,0.3094,0.0087,128,0.4595,0.3205,0,0.4575,0,Bayes-M17-med
Kabalo,Tanganyika,1,FALSE,0.0043,0.0033,0.0053,0.0042,128,127,129,0.0043,0.441,128,0.0125,NA,NA,NA,NA,NA,NA,0.624,0.0173,87,0.9035,0.7568,0,0.8359,0,Bayes-M17-med
Mumbunda,Haut-Katanga,1,FALSE,0.0042,0.0033,0.0053,0.0042,130,128,130,0.0042,0.438,130,0.0125,NA,NA,NA,NA,NA,NA,0.1853,0.0051,209,0.1197,0.5077,0,0.1139,0,Bayes-M17-med
Manika,Lualaba,1,FALSE,0.0042,0.0033,0.0053,0.0042,131,129,132,0.0042,0.4355,131,0.0124,NA,NA,NA,NA,NA,NA,0.1149,0.0031,303,0.0946,0.222,0,0.1429,0,Bayes-M17-med
Bumba,Mongala,1,FALSE,0.0042,0.0033,0.0053,0.0042,129,128,131,0.0042,0.4384,129,0.0125,NA,NA,NA,NA,NA,NA,0.2384,0.0066,176,0.1409,0.4537,0,0.3591,0,Bayes-M17-med
Moba,Tanganyika,1,FALSE,0.0042,0.0032,0.0052,0.0041,132,131,132,0.0042,0.4317,132,0.0123,NA,NA,NA,NA,NA,NA,0.3808,0.0103,118,0.6178,0.4942,0,0.4112,0,Bayes-M17-med
Doruma,Haut-Uele,1,FALSE,0.0041,0.0032,0.0052,0.0041,135,132,136,0.0041,0.424,134,0.0121,NA,NA,NA,NA,0.0402,7,0.6216,0.0165,89,0.973,0.5135,0,1,0,Bayes-M17-med
Kasansa,Kasaï-Oriental,1,FALSE,0.0041,0.0032,0.0051,0.0041,134,133,135,0.0041,0.4237,135,0.0121,NA,NA,NA,NA,NA,NA,0.3349,0.0089,127,0.2568,0.6699,0,0.4131,0,Bayes-M17-med
Punia,Maniema,1,FALSE,0.0041,0.0032,0.0052,0.0041,133,130,135,0.0041,0.4279,133,0.0122,NA,NA,NA,NA,NA,NA,0.3731,0.01,120,0.7625,0.1969,0,0.5328,0,Bayes-M17-med
Makala,Kinshasa,1,FALSE,0.004,0.0031,0.005,0.004,136,135,138,0.004,0.4137,137,0.0118,NA,NA,NA,NA,NA,NA,0.0246,6e-4,440,0.0116,0.0386,0,0.0483,0,Bayes-M17-med
Haut Plateau,Sud-Kivu,1,FALSE,0.004,0.0031,0.005,0.004,137,136,137,0.004,0.4139,136,0.0118,NA,NA,NA,NA,NA,NA,0.5246,0.0136,98,0.5714,0.5444,0,0.9826,0,Bayes-M17-med
Manono,Tanganyika,1,FALSE,0.004,0.0031,0.005,0.0039,138,137,138,0.004,0.4109,138,0.0117,NA,NA,NA,NA,NA,NA,0.5758,0.0148,97,0.8784,0.9537,0,0.471,0,Bayes-M17-med
Nyunzu,Tanganyika,1,FALSE,0.0039,0.003,0.0049,0.0038,139,139,139,0.0039,0.4019,139,0.0114,NA,NA,NA,NA,NA,NA,0.6023,0.0152,95,0.9653,0.834,0,0.61,0,Bayes-M17-med
Nzaba,Kasaï-Oriental,1,FALSE,0.0038,0.0029,0.0048,0.0038,141,141,142,0.0038,0.3923,141,0.0112,NA,NA,NA,NA,NA,NA,0.278,0.0068,165,0.1042,0.6931,0,0.3147,0,Bayes-M17-med
Lulingu,Sud-Kivu,1,FALSE,0.0038,0.003,0.0048,0.0038,140,140,140,0.0038,0.3955,140,0.0113,NA,NA,NA,NA,NA,NA,0.6158,0.0153,93,0.9093,0.8108,0,0.7432,0,Bayes-M17-med
Kabongo,Haut-Lomami,1,FALSE,0.0037,0.0028,0.0046,0.0036,145,144,145,0.0037,0.3798,145,0.0108,NA,NA,NA,NA,NA,NA,0.5372,0.0128,104,0.8108,0.778,0,0.5598,0,Bayes-M17-med
Lusangi,Maniema,1,FALSE,0.0037,0.0029,0.0047,0.0037,142,142,143,0.0037,0.3873,142,0.011,NA,NA,NA,NA,NA,NA,0.4223,0.0103,119,0.5656,0.2645,0,0.8591,0,Bayes-M17-med
Lolo,Mongala,1,FALSE,0.0037,0.0029,0.0047,0.0037,144,141,145,0.0037,0.3856,144,0.011,NA,NA,NA,NA,NA,NA,0.3161,0.0076,150,0.4073,0.3263,0,0.5309,0,Bayes-M17-med
Minembwe,Sud-Kivu,1,FALSE,0.0037,0.0029,0.0047,0.0037,143,142,144,0.0037,0.3871,143,0.011,NA,NA,NA,NA,NA,NA,0.5198,0.0126,105,0.7181,0.8089,0,0.5521,0,Bayes-M17-med
Kalamu 2,Kinshasa,1,FALSE,0.0036,0.0028,0.0045,0.0036,146,146,150,0.0036,0.3722,146,0.0106,NA,NA,NA,NA,NA,NA,0.015,3e-4,447,0.0039,0.0154,0,0.0405,0,Bayes-M17-med
Mulumba,Lomami,1,FALSE,0.0036,0.0028,0.0045,0.0036,147,147,147,0.0036,0.3714,147,0.0106,NA,NA,NA,NA,NA,NA,0.2587,0.006,191,0.1834,0.3108,0,0.5405,0,Bayes-M17-med
Yahisuli,Tshopo,1,FALSE,0.0036,0.0027,0.0045,0.0035,148,146,154,0.0036,0.3698,148,0.0105,NA,NA,NA,NA,NA,NA,0.3521,0.0082,139,0.3842,0.0714,0,0.9527,0,Bayes-M17-med
Kamina,Haut-Lomami,1,FALSE,0.0035,0.0027,0.0044,0.0034,154,153,155,0.0035,0.3593,154,0.0102,NA,NA,NA,NA,NA,NA,0.5164,0.0116,111,0.8301,0.8301,0,0.4054,0,Bayes-M17-med
Tshilenge,Kasaï-Oriental,1,FALSE,0.0035,0.0027,0.0044,0.0035,152,150,152,0.0035,0.3621,152,0.0103,NA,NA,NA,NA,NA,NA,0.2799,0.0064,182,0.1892,0.668,0,0.2625,0,Bayes-M17-med
Kisenso,Kinshasa,1,FALSE,0.0035,0.0027,0.0043,0.0034,155,151,156,0.0035,0.3581,155,0.0102,NA,NA,NA,NA,NA,NA,0.0589,0.0013,406,0.0367,0.139,0,0.0598,0,Bayes-M17-med
Luputa,Lomami,1,FALSE,0.0035,0.0027,0.0044,0.0035,149,148,150,0.0035,0.3669,149,0.0104,NA,NA,NA,NA,NA,NA,0.3431,0.0079,144,0.3301,0.3166,0,0.7259,0,Bayes-M17-med
Mweneditu,Lomami,1,FALSE,0.0035,0.0027,0.0044,0.0034,153,152,154,0.0035,0.3595,153,0.0102,NA,NA,NA,NA,NA,NA,0.2799,0.0063,184,0.166,0.3842,0,0.5695,0,Bayes-M17-med
Samba,Maniema,1,FALSE,0.0035,0.0027,0.0044,0.0035,151,149,151,0.0035,0.363,151,0.0103,NA,NA,NA,NA,NA,NA,0.5179,0.0118,109,0.7529,0.4344,0,0.8842,0,Bayes-M17-med
Opala,Tshopo,1,FALSE,0.0035,0.0027,0.0045,0.0035,150,148,153,0.0035,0.3654,150,0.0104,NA,NA,NA,NA,NA,NA,0.4269,0.0098,122,0.7819,0.0792,0,0.8465,0,Bayes-M17-med
Boende,Tshuapa,1,FALSE,0.0034,0.0026,0.0043,0.0034,156,155,156,0.0034,0.351,156,0.01,NA,NA,NA,NA,NA,NA,0.4199,0.0092,125,0.6988,0.4807,0,0.5,0,Bayes-M17-med
Idiofa,Kwilu,1,FALSE,0.0033,0.0026,0.0042,0.0033,157,157,157,0.0034,0.3467,157,0.0099,NA,NA,NA,NA,NA,NA,0.486,0.0106,117,0.4537,0.749,0,0.7413,0,Bayes-M17-med
Kailo,Maniema,1,FALSE,0.0033,0.0026,0.0042,0.0033,158,158,158,0.0033,0.3438,158,0.0098,NA,NA,NA,NA,NA,NA,0.4276,0.0092,126,0.832,0.0946,0,0.7838,0,Bayes-M17-med
Kabeya Kamwanga,Kasaï-Oriental,1,FALSE,0.0031,0.0024,0.0039,0.0031,160,159,160,0.0031,0.323,160,0.0092,NA,NA,NA,NA,NA,NA,0.2968,0.006,192,0.3224,0.3919,0,0.473,0,Bayes-M17-med
Karawa,Nord-Ubangi,1,FALSE,0.0031,0.0024,0.0039,0.0031,159,159,160,0.0031,0.3237,159,0.0092,NA,NA,NA,NA,NA,NA,0.6404,0.013,103,0.7568,0.973,0,0.832,0,Bayes-M17-med
Mbandaka,Equateur,1,FALSE,0.003,0.0023,0.0037,0.0029,165,164,168,0.003,0.3075,166,0.0088,NA,NA,NA,NA,NA,NA,0.5164,0.01,121,0.6409,0.9633,0,0.4614,0,Bayes-M17-med
Malemba Nkulu,Haut-Lomami,1,FALSE,0.003,0.0023,0.0038,0.003,164,163,165,0.003,0.3105,164,0.0088,NA,NA,NA,NA,NA,NA,0.3895,0.0076,152,0.36870000000000003,0.7664,0,0.4228,0,Bayes-M17-med
Kamwesha,Kasaï,1,FALSE,0.003,0.0023,0.0038,0.003,162,162,163,0.003,0.3132,162,0.0089,NA,NA,NA,NA,NA,NA,0.2732,0.0054,208,0.3456,0.2876,0,0.4595,0,Bayes-M17-med
Tshikapa,Kasaï,1,FALSE,0.003,0.0024,0.0038,0.003,161,161,162,0.003,0.3154,161,0.009,NA,NA,NA,NA,NA,NA,0.3156,0.0062,186,0.2722,0.6506,0,0.3398,0,Bayes-M17-med
Biyela,Kinshasa,1,FALSE,0.003,0.0023,0.0037,0.0029,165,163,167,0.003,0.3079,165,0.0088,NA,NA,NA,NA,NA,NA,0.1076,0.0021,369,0.0637,0.2838,0,0.083,0,Bayes-M17-med
Lingomo,Tshuapa,1,FALSE,0.003,0.0023,0.0038,0.003,163,163,166,0.003,0.3106,163,0.0088,NA,NA,NA,NA,NA,NA,0.5627,0.011,114,0.8263,0.5869,0,0.8378,0,Bayes-M17-med
Kipushi,Haut-Katanga,1,FALSE,0.0029,0.0023,0.0036,0.0029,170,168,171,0.0029,0.3011,170,0.0086,NA,NA,NA,NA,NA,NA,0.1216,0.0023,347,0.2703,0.1081,0,0.1081,0,Bayes-M17-med
Kitenge,Haut-Lomami,1,FALSE,0.0029,0.0023,0.0037,0.0029,169,167,169,0.0029,0.304,169,0.0087,NA,NA,NA,NA,NA,NA,0.5729,0.0109,115,0.8668,0.8069,0,0.6178,0,Bayes-M17-med
Demba,Kasaï-Central,1,FALSE,0.0029,0.0023,0.0037,0.0029,168,165,168,0.003,0.3055,167,0.0087,NA,NA,NA,NA,NA,NA,0.4117,0.0079,145,0.4653,0.7143,0,0.4672,0,Bayes-M17-med
Bwamanda,Sud-Ubangi,1,FALSE,0.0029,0.0022,0.0036,0.0028,171,170,174,0.0029,0.2959,171,0.0084,NA,NA,NA,NA,NA,NA,0.4667,0.0087,130,0.4189,0.7394,0,0.7085,0,Bayes-M17-med
Tandala,Sud-Ubangi,1,FALSE,0.0029,0.0023,0.0037,0.0029,167,161,171,0.0029,0.3047,168,0.0087,NA,NA,NA,NA,NA,NA,0.4078,0.0078,147,0.2741,0.527,0,0.8301,0,Bayes-M17-med
Tshamilemba,Haut-Katanga,1,FALSE,0.0028,0.0022,0.0035,0.0028,175,175,177,0.0028,0.288,175,0.0082,NA,NA,NA,NA,NA,NA,0.0772,0.0014,401,0.0656,0.1255,0,0.1178,0,Bayes-M17-med
Kaniama,Haut-Lomami,1,FALSE,0.0028,0.0022,0.0036,0.0028,172,171,173,0.0028,0.2936,172,0.0084,NA,NA,NA,NA,NA,NA,0.582,0.0107,116,0.8533,0.6622,0,0.8127,0,Bayes-M17-med
Mikalayi,Kasaï-Central,1,FALSE,0.0028,0.0021,0.0035,0.0027,176,176,177,0.0028,0.2868,176,0.0082,NA,NA,NA,NA,NA,NA,0.3948,0.0071,160,0.4517,0.5811,0,0.5463,0,Bayes-M17-med
Kimbanseke,Kinshasa,1,FALSE,0.0028,0.0022,0.0035,0.0028,174,171,175,0.0028,0.2923,174,0.0083,NA,NA,NA,NA,NA,NA,0.0526,0.001,425,0.0521,0.0849,0,0.0734,0,Bayes-M17-med
Lubao,Lomami,1,FALSE,0.0028,0.0022,0.0035,0.0028,173,172,174,0.0028,0.293,173,0.0083,NA,NA,NA,NA,NA,NA,0.3982,0.0073,156,0.6486,0.1525,0,0.7915,0,Bayes-M17-med
Ikela,Tshuapa,1,FALSE,0.0028,0.0021,0.0035,0.0027,177,175,178,0.0028,0.2859,177,0.0081,NA,NA,NA,NA,NA,NA,0.4633,0.0083,138,0.8147,0.1795,0,0.8591,0,Bayes-M17-med
Lukelenge,Kasaï-Oriental,1,FALSE,0.0027,0.0021,0.0033,0.0026,180,179,180,0.0027,0.2764,180,0.0079,NA,NA,NA,NA,NA,NA,0.2249,0.0039,259,0.0811,0.5,0,0.3185,0,Bayes-M17-med
Yamongili,Mongala,1,FALSE,0.0027,0.0021,0.0034,0.0027,179,179,181,0.0027,0.2778,179,0.0079,NA,NA,NA,NA,NA,NA,0.3243,0.0057,203,0.5116,0.3668,0,0.4189,0,Bayes-M17-med
Mondombe,Tshuapa,1,FALSE,0.0027,0.0021,0.0034,0.0027,178,178,179,0.0027,0.2822,178,0.008,NA,NA,NA,NA,NA,NA,0.4797,0.0085,133,0.6622,0.3726,0,0.8842,0,Bayes-M17-med
Luebo,Kasaï,1,FALSE,0.0026,0.002,0.0033,0.0026,185,184,185,0.0026,0.2693,185,0.0077,NA,NA,NA,NA,NA,NA,0.4353,0.0074,155,0.5232,0.5116,0,0.7066,0,Bayes-M17-med
Cilundu,Kasaï-Oriental,1,FALSE,0.0026,0.002,0.0032,0.0025,186,186,186,0.0026,0.2657,186,0.0076,NA,NA,NA,NA,NA,NA,0.221,0.0037,271,0.2317,0.3089,0,0.3436,0,Bayes-M17-med
Diulu,Kasaï-Oriental,1,FALSE,0.0026,0.0021,0.0033,0.0026,182,181,182,0.0026,0.2735,181,0.0078,NA,NA,NA,NA,NA,NA,0.2611,0.0045,232,0.0676,0.6448,0,0.332,0,Bayes-M17-med
Lusanga,Kwilu,1,FALSE,0.0026,0.002,0.0033,0.0026,183,182,183,0.0026,0.2729,182,0.0078,NA,NA,NA,NA,NA,NA,0.4242,0.0073,157,0.4382,0.7297,0,0.529,0,Bayes-M17-med
Ngandajika,Lomami,1,FALSE,0.0026,0.002,0.0033,0.0026,184,183,184,0.0026,0.2709,183,0.0077,NA,NA,NA,NA,NA,NA,0.3465,0.0059,194,0.2124,0.4459,0,0.7278,0,Bayes-M17-med
Kabambare,Maniema,1,FALSE,0.0026,0.002,0.0032,0.0025,187,187,187,0.0026,0.2652,187,0.0076,NA,NA,NA,NA,NA,NA,0.3953,0.0066,175,0.8359,0.112,0,0.6332,0,Bayes-M17-med
Ndage,Sud-Ubangi,1,FALSE,0.0026,0.002,0.0033,0.0026,181,174,196,0.0026,0.2703,184,0.0077,NA,NA,NA,NA,NA,NA,0.3533,0.006,193,0.3996,0.2761,0,0.7375,0,Bayes-M17-med
Likati,Bas-Uele,1,FALSE,0.0025,0.002,0.0032,0.0025,189,185,193,0.0025,0.2622,189,0.0075,NA,NA,NA,NA,NA,NA,0.7124,0.0117,110,0.9942,0.971,0,0.8842,0,Bayes-M17-med
Mweka,Kasaï,1,FALSE,0.0025,0.002,0.0032,0.0025,188,188,189,0.0025,0.2632,188,0.0075,NA,NA,NA,NA,NA,NA,0.5053,0.0083,136,0.4788,0.7239,0,0.8185,0,Bayes-M17-med
Bena Leka,Kasaï-Central,1,FALSE,0.0025,0.0019,0.0031,0.0024,192,191,192,0.0025,0.2554,192,0.0073,NA,NA,NA,NA,NA,NA,0.4986,0.008,141,0.6062,0.7162,0,0.6718,0,Bayes-M17-med
Luiza,Kasaï-Central,1,FALSE,0.0025,0.0019,0.0031,0.0025,191,189,191,0.0025,0.2573,191,0.0073,NA,NA,NA,NA,NA,NA,0.4218,0.0068,167,0.4807,0.6293,0,0.5772,0,Bayes-M17-med
Maluku 2,Kinshasa,1,FALSE,0.0025,0.002,0.0031,0.0025,190,188,190,0.0025,0.2601,190,0.0074,NA,NA,NA,NA,NA,NA,0.4184,0.0068,166,0.6834,0.5463,0,0.444,0,Bayes-M17-med
Vanga,Kwilu,1,FALSE,0.0025,0.0019,0.0031,0.0024,193,192,193,0.0025,0.2538,193,0.0072,NA,NA,NA,NA,NA,NA,0.5034,0.008,140,0.3726,0.8205,0,0.8205,0,Bayes-M17-med
Masuika,Kasaï-Central,1,FALSE,0.0024,0.0019,0.003,0.0024,195,195,196,0.0024,0.2515,195,0.0072,NA,NA,NA,NA,NA,NA,0.3885,0.0061,189,0.3263,0.5618,0,0.666,0,Bayes-M17-med
Bibanga,Kasaï-Oriental,1,FALSE,0.0024,0.0019,0.003,0.0024,197,196,198,0.0024,0.2507,196,0.0071,NA,NA,NA,NA,NA,NA,0.2978,0.0047,222,0.3127,0.4884,0,0.39,0,Bayes-M17-med
Citenge,Kasaï-Oriental,1,FALSE,0.0024,0.0018,0.003,0.0023,201,200,201,0.0024,0.2437,201,0.0069,NA,NA,NA,NA,NA,NA,0.2321,0.0035,280,0.1583,0.4749,0,0.2954,0,Bayes-M17-med
Bulungu,Kwilu,1,FALSE,0.0024,0.0019,0.0031,0.0024,194,193,194,0.0024,0.2533,194,0.0072,NA,NA,NA,NA,NA,NA,0.4508,0.0072,158,0.3571,0.6795,0,0.7664,0,Bayes-M17-med
Fungurume,Lualaba,1,FALSE,0.0024,0.0018,0.003,0.0024,200,199,200,0.0024,0.2467,200,0.007,NA,NA,NA,NA,NA,NA,0.1564,0.0024,339,0.2664,0.1622,0,0.1969,0,Bayes-M17-med
Lomela,Sankuru,1,FALSE,0.0024,0.0018,0.003,0.0024,199,194,201,0.0024,0.2482,199,0.0071,NA,NA,NA,NA,NA,NA,0.4759,0.0074,153,0.8456,0.1351,0,0.9228,0,Bayes-M17-med
Bokungu,Tshuapa,1,FALSE,0.0024,0.0019,0.003,0.0024,196,195,198,0.0024,0.2506,197,0.0071,NA,NA,NA,NA,NA,NA,0.49370000000000003,0.0078,148,0.695,0.3571,0,0.9228,0,Bayes-M17-med
Kansimba,Tanganyika,1,FALSE,0.0024,0.0019,0.003,0.0024,198,198,199,0.0024,0.2486,198,0.0071,NA,NA,NA,NA,NA,NA,0.5497,0.0086,132,0.9479,0.7741,0,0.4768,0,Bayes-M17-med
Bukama,Haut-Lomami,1,FALSE,0.0023,0.0018,0.0029,0.0023,207,207,208,0.0023,0.2371,207,0.0068,NA,NA,NA,NA,NA,NA,0.4764,0.0071,161,0.7143,0.7625,0,0.4286,0,Bayes-M17-med
Bumbu,Kinshasa,1,FALSE,0.0023,0.0018,0.0029,0.0023,208,205,211,0.0023,0.2359,208,0.0067,NA,NA,NA,NA,NA,NA,0.0164,2e-4,449,0.0019,0.029,0,0.0347,0,Bayes-M17-med
Kenge,Kwango,1,FALSE,0.0023,0.0018,0.0029,0.0023,202,202,204,0.0023,0.2411,202,0.0069,NA,NA,NA,NA,NA,NA,0.5574,0.0084,134,0.6139,0.8127,0,0.8031,0,Bayes-M17-med
Tshofa,Lomami,1,FALSE,0.0023,0.0018,0.0029,0.0023,206,206,207,0.0023,0.2387,206,0.0068,NA,NA,NA,NA,NA,NA,0.4416,0.0066,174,0.6757,0.3514,0,0.7394,0,Bayes-M17-med
Kalenda,Lomami,1,FALSE,0.0023,0.0018,0.0028,0.0022,209,208,209,0.0023,0.2348,209,0.0067,NA,NA,NA,NA,NA,NA,0.2886,0.0043,240,0.388,0.1873,0,0.5792,0,Bayes-M17-med
Kanda Kanda,Lomami,1,FALSE,0.0023,0.0018,0.0029,0.0023,204,203,204,0.0023,0.2407,204,0.0069,NA,NA,NA,NA,NA,NA,0.3012,0.0046,230,0.3185,0.1737,0,0.7124,0,Bayes-M17-med
Kibombo,Maniema,1,FALSE,0.0023,0.0018,0.0029,0.0023,205,205,206,0.0023,0.2392,205,0.0068,NA,NA,NA,NA,NA,NA,0.4614,0.0069,162,0.7452,0.1776,0,0.9228,0,Bayes-M17-med
Katako Kombe,Sankuru,1,FALSE,0.0023,0.0018,0.0028,0.0022,210,210,211,0.0023,0.2337,210,0.0067,NA,NA,NA,NA,NA,NA,0.4703,0.0069,163,0.7857,0.1313,0,0.9643,0,Bayes-M17-med
Itombwe,Sud-Kivu,1,FALSE,0.0023,0.0018,0.0029,0.0023,203,202,204,0.0023,0.2411,203,0.0069,NA,NA,NA,NA,NA,NA,0.5121,0.0077,149,0.8571,0.6737,0,0.5174,0,Bayes-M17-med
Kikwit Nord,Kwilu,1,FALSE,0.0022,0.0017,0.0028,0.0022,212,211,213,0.0022,0.2291,212,0.0065,NA,NA,NA,NA,NA,NA,0.2915,0.0042,243,0.1236,0.5405,0,0.5019,0,Bayes-M17-med
Vanga Kete,Sankuru,1,FALSE,0.0022,0.0017,0.0027,0.0021,215,214,215,0.0022,0.2244,215,0.0064,NA,NA,NA,NA,NA,NA,0.4503,0.0063,183,0.4672,0.4112,0,0.9228,0,Bayes-M17-med
Bogosenubea,Sud-Ubangi,1,FALSE,0.0022,0.0017,0.0027,0.0022,213,212,220,0.0022,0.2254,214,0.0064,NA,NA,NA,NA,NA,NA,0.4107,0.0058,197,0.4981,0.3031,0,0.8417,0,Bayes-M17-med
Yalimbongo,Tshopo,1,FALSE,0.0022,0.0017,0.0028,0.0022,211,208,212,0.0023,0.2328,211,0.0066,NA,NA,NA,NA,NA,NA,0.3214,0.0047,221,0.5772,0.0483,0,0.6602,0,Bayes-M17-med
Yalifafu,Tshuapa,1,FALSE,0.0022,0.0017,0.0027,0.0022,214,213,214,0.0022,0.2261,213,0.0064,NA,NA,NA,NA,NA,NA,0.4797,0.0068,169,0.7664,0.2683,0,0.8842,0,Bayes-M17-med
Mulongo,Haut-Lomami,1,FALSE,0.0021,0.0016,0.0026,0.002,225,224,225,0.0021,0.2126,225,0.0061,NA,NA,NA,NA,NA,NA,0.4773,0.0064,181,0.7471,0.7703,0,0.3919,0,Bayes-M17-med
Kalonda Ouest,Kasaï,1,FALSE,0.0021,0.0016,0.0027,0.0021,221,221,221,0.0021,0.2189,221,0.0062,NA,NA,NA,NA,NA,NA,0.2239,0.0031,305,0.2915,0.251,0,0.3533,0,Bayes-M17-med
Miabi,Kasaï-Oriental,1,FALSE,0.0021,0.0017,0.0027,0.0021,219,218,220,0.0021,0.2203,219,0.0063,NA,NA,NA,NA,NA,NA,0.2838,0.0039,257,0.2297,0.6525,0,0.2529,0,Bayes-M17-med
Ngaba,Kinshasa,1,FALSE,0.0021,0.0016,0.0026,0.0021,224,221,226,0.0021,0.2149,224,0.0061,NA,NA,NA,NA,NA,NA,0.014,2e-4,451,0,0.0058,0,0.0502,0,Bayes-M17-med
Gungu,Kwilu,1,FALSE,0.0021,0.0016,0.0026,0.0021,222,222,223,0.0021,0.2171,222,0.0062,NA,NA,NA,NA,NA,NA,0.4237,0.0058,199,0.5058,0.6969,0,0.4923,0,Bayes-M17-med
Mukedi,Kwilu,1,FALSE,0.0021,0.0016,0.0027,0.0021,220,218,220,0.0021,0.2202,220,0.0063,NA,NA,NA,NA,NA,NA,0.4836,0.0067,170,0.5367,0.7066,0,0.6911,0,Bayes-M17-med
Ludimbi Lukula,Lomami,1,FALSE,0.0021,0.0017,0.0027,0.0021,218,217,218,0.0021,0.2207,218,0.0063,NA,NA,NA,NA,NA,NA,0.4513,0.0063,185,0.6931,0.3475,0,0.7645,0,Bayes-M17-med
Dilala,Lualaba,1,FALSE,0.0021,0.0017,0.0027,0.0021,217,215,217,0.0021,0.2216,217,0.0063,NA,NA,NA,NA,NA,NA,0.1347,0.0019,382,0.1506,0.2548,0,0.1332,0,Bayes-M17-med
Obokote,Maniema,1,FALSE,0.0021,0.0017,0.0027,0.0021,216,215,219,0.0021,0.2221,216,0.0063,NA,NA,NA,NA,NA,NA,0.3209,0.0045,233,0.7239,0.0328,0,0.527,0,Bayes-M17-med
Pimu,Mongala,1,FALSE,0.0021,0.0016,0.0026,0.0021,223,223,224,0.0021,0.2153,223,0.0061,NA,NA,NA,NA,NA,NA,0.4257,0.0058,200,0.583,0.3707,0,0.749,0,Bayes-M17-med
Luambo,Kasaï-Central,1,FALSE,0.002,0.0015,0.0025,0.0019,239,237,239,0.002,0.2034,239,0.0058,NA,NA,NA,NA,NA,NA,0.3769,0.0048,218,0.5347,0.5656,0,0.4073,0,Bayes-M17-med
Bipemba,Kasaï-Oriental,1,FALSE,0.002,0.0016,0.0025,0.002,232,232,232,0.002,0.2079,232,0.0059,NA,NA,NA,NA,NA,NA,0.1544,0.002,374,0.0618,0.2201,0,0.3359,0,Bayes-M17-med
Dibindi,Kasaï-Oriental,1,FALSE,0.002,0.0015,0.0025,0.0019,238,236,238,0.002,0.2037,237,0.0058,NA,NA,NA,NA,NA,NA,0.1617,0.0021,370,0.0386,0.2954,0,0.3127,0,Bayes-M17-med
Lubilanji,Kasaï-Oriental,1,FALSE,0.002,0.0016,0.0025,0.002,229,228,230,0.002,0.2084,229,0.0059,NA,NA,NA,NA,NA,NA,0.1694,0.0022,357,0.0347,0.3398,0,0.3031,0,Bayes-M17-med
Mpokolo,Kasaï-Oriental,1,FALSE,0.002,0.0015,0.0025,0.002,236,235,236,0.002,0.2053,235,0.0058,NA,NA,NA,NA,NA,NA,0.2901,0.0037,269,0.1255,0.6873,0,0.3475,0,Bayes-M17-med
Muya,Kasaï-Oriental,1,FALSE,0.002,0.0016,0.0026,0.002,226,225,226,0.002,0.2115,226,0.006,NA,NA,NA,NA,NA,NA,0.2495,0.0033,292,0.0753,0.5888,0,0.334,0,Bayes-M17-med
Tshishimbi,Kasaï-Oriental,1,FALSE,0.002,0.0016,0.0025,0.002,233,233,234,0.002,0.2076,233,0.0059,NA,NA,NA,NA,NA,NA,0.1742,0.0023,354,0.1795,0.2471,0,0.2703,0,Bayes-M17-med
Koshibanda,Kwilu,1,FALSE,0.002,0.0016,0.0025,0.002,230,229,231,0.002,0.2084,230,0.0059,NA,NA,NA,NA,NA,NA,0.4913,0.0064,180,0.5193,0.6757,0,0.7703,0,Bayes-M17-med
Kalambayi Kabanga,Lomami,1,FALSE,0.002,0.0016,0.0025,0.002,231,229,231,0.002,0.2084,231,0.0059,NA,NA,NA,NA,NA,NA,0.3132,0.0041,248,0.4556,0.1602,0,0.6371,0,Bayes-M17-med
Kamana,Lomami,1,FALSE,0.002,0.0015,0.0025,0.0019,241,239,241,0.002,0.2027,240,0.0058,NA,NA,NA,NA,NA,NA,0.2944,0.0037,268,0.5309,0.0174,0,0.6293,0,Bayes-M17-med
Bosondjo,Mongala,1,FALSE,0.002,0.0015,0.0025,0.0019,237,236,241,0.002,0.2035,238,0.0058,NA,NA,NA,NA,NA,NA,0.3489,0.0045,234,0.5618,0.1931,0,0.6409,0,Bayes-M17-med
Gbadolite,Nord-Ubangi,1,FALSE,0.002,0.0015,0.0025,0.002,235,231,241,0.002,0.2048,236,0.0058,NA,NA,NA,NA,NA,NA,0.5183,0.0067,172,0.7915,0.9653,0,0.3166,0,Bayes-M17-med
Yakoma,Nord-Ubangi,1,FALSE,0.002,0.0016,0.0025,0.002,228,227,235,0.002,0.2089,228,0.006,NA,NA,NA,NA,NA,NA,0.6641,0.0087,129,0.7124,0.9479,0,0.9961,0,Bayes-M17-med
Omendjadi,Sankuru,1,FALSE,0.002,0.0016,0.0025,0.002,227,227,228,0.002,0.2095,227,0.006,NA,NA,NA,NA,NA,NA,0.4262,0.0056,204,0.5502,0.2317,0,0.9228,0,Bayes-M17-med
Libenge,Sud-Ubangi,1,FALSE,0.002,0.0015,0.0025,0.0019,240,239,242,0.002,0.2025,241,0.0058,NA,NA,NA,NA,NA,NA,0.3818,0.0049,216,0.6293,0.3591,0,0.5386,0,Bayes-M17-med
Ankoro,Tanganyika,1,FALSE,0.002,0.0016,0.0025,0.002,234,233,234,0.002,0.2075,234,0.0059,NA,NA,NA,NA,NA,NA,0.6047,0.0079,146,0.9266,0.8282,0,0.6641,0,Bayes-M17-med
Kampemba,Haut-Katanga,1,FALSE,0.0019,0.0014,0.0023,0.0018,250,250,251,0.0019,0.1933,251,0.0055,NA,NA,NA,NA,NA,NA,0.0531,6e-4,439,0.0598,0.0367,0,0.1158,0,Bayes-M17-med
Kabondo Dianda,Haut-Lomami,1,FALSE,0.0019,0.0015,0.0024,0.0019,247,246,247,0.0019,0.197,247,0.0056,NA,NA,NA,NA,NA,NA,0.4107,0.0051,210,0.5888,0.5714,0,0.4826,0,Bayes-M17-med
Ndekesha,Kasaï-Central,1,FALSE,0.0019,0.0014,0.0023,0.0018,252,252,253,0.0019,0.1921,252,0.0055,NA,NA,NA,NA,NA,NA,0.4059,0.0049,212,0.4768,0.4498,0,0.6969,0,Bayes-M17-med
Tshikaji,Kasaï-Central,1,FALSE,0.0019,0.0015,0.0024,0.0019,243,243,243,0.0019,0.1995,243,0.0057,NA,NA,NA,NA,NA,NA,0.3195,0.004,254,0.1873,0.5849,0,0.5058,0,Bayes-M17-med
Kansele,Kasaï-Oriental,1,FALSE,0.0019,0.0014,0.0023,0.0018,251,250,251,0.0019,0.1933,250,0.0055,NA,NA,NA,NA,NA,NA,0.2437,0.003,309,0.0541,0.5965,0,0.3243,0,Bayes-M17-med
Matadi,Kongo-Central,1,FALSE,0.0019,0.0014,0.0023,0.0018,253,252,253,0.0019,0.1919,253,0.0055,NA,NA,NA,NA,NA,NA,0.2939,0.0035,281,0.1564,0.944,0,0.0753,0,Bayes-M17-med
Ipamu,Kwilu,1,FALSE,0.0019,0.0015,0.0024,0.0019,249,249,249,0.0019,0.1948,249,0.0056,NA,NA,NA,NA,NA,NA,0.5454,0.0067,171,0.4903,0.7683,0,0.9228,0,Bayes-M17-med
Alunguli,Maniema,1,FALSE,0.0019,0.0015,0.0024,0.0019,246,245,247,0.0019,0.1973,246,0.0056,NA,NA,NA,NA,NA,NA,0.3132,0.0039,261,0.1737,0.195,0,0.8842,0,Bayes-M17-med
Ototo,Sankuru,1,FALSE,0.0019,0.0015,0.0024,0.0019,242,240,242,0.002,0.2017,242,0.0057,NA,NA,NA,NA,NA,NA,0.4561,0.0058,198,0.5386,0.3629,0,0.9228,0,Bayes-M17-med
Dikungu,Sankuru,1,FALSE,0.0019,0.0015,0.0024,0.0019,248,248,248,0.0019,0.1963,248,0.0056,NA,NA,NA,NA,NA,NA,0.3779,0.0047,224,0.4865,0.1409,0,0.8842,0,Bayes-M17-med
Minga,Sankuru,1,FALSE,0.0019,0.0015,0.0024,0.0019,245,245,246,0.0019,0.1975,245,0.0056,NA,NA,NA,NA,NA,NA,0.5347,0.0066,173,0.7838,0.471,0,0.8842,0,Bayes-M17-med
Tshumbe,Sankuru,1,FALSE,0.0019,0.0015,0.0024,0.0019,244,244,244,0.0019,0.1985,244,0.0057,NA,NA,NA,NA,NA,NA,0.3907,0.0049,214,0.5444,0.1718,0,0.8465,0,Bayes-M17-med
Bili (Bas-Uele),Bas-Uele,1,FALSE,0.0018,0.0014,0.0022,0.0018,263,258,268,0.0018,0.1838,262,0.0052,NA,NA,NA,NA,NA,NA,0.6926,0.008,142,0.9981,0.7992,0,0.973,0,Bayes-M17-med
Sakania,Haut-Katanga,1,FALSE,0.0018,0.0014,0.0023,0.0018,255,255,257,0.0018,0.1894,255,0.0054,NA,NA,NA,NA,NA,NA,0.2775,0.0033,293,0.7375,0.2355,0,0.1371,0,Bayes-M17-med
Mukanga,Haut-Lomami,1,FALSE,0.0018,0.0014,0.0023,0.0018,259,258,260,0.0018,0.1867,258,0.0053,NA,NA,NA,NA,NA,NA,0.4739,0.0056,205,0.6853,0.6911,0,0.5193,0,Bayes-M17-med
Kanzala,Kasaï,1,FALSE,0.0018,0.0014,0.0023,0.0018,257,257,259,0.0018,0.1879,257,0.0054,NA,NA,NA,NA,NA,NA,0.2046,0.0024,340,0.168,0.3127,0,0.3378,0,Bayes-M17-med
Dibaya,Kasaï-Central,1,FALSE,0.0018,0.0014,0.0023,0.0018,256,255,256,0.0018,0.1893,256,0.0054,NA,NA,NA,NA,NA,NA,0.3325,0.004,256,0.3147,0.4479,0,0.5676,0,Bayes-M17-med
Kikwit Sud,Kwilu,1,FALSE,0.0018,0.0014,0.0022,0.0018,263,262,264,0.0018,0.1835,264,0.0052,NA,NA,NA,NA,NA,NA,0.3282,0.0038,267,0.1313,0.7008,0,0.4807,0,Bayes-M17-med
Yasa Bonga,Kwilu,1,FALSE,0.0018,0.0014,0.0022,0.0018,262,260,262,0.0018,0.1842,261,0.0052,NA,NA,NA,NA,NA,NA,0.4206,0.0049,215,0.3031,0.5328,0,0.8465,0,Bayes-M17-med
Ferekeni,Maniema,1,FALSE,0.0018,0.0014,0.0022,0.0018,261,260,262,0.0018,0.1844,260,0.0053,NA,NA,NA,NA,NA,NA,0.3504,0.0041,250,0.7722,0.0425,0,0.5869,0,Bayes-M17-med
Boso Manzi,Mongala,1,FALSE,0.0018,0.0014,0.0023,0.0018,258,255,263,0.0018,0.1866,259,0.0053,NA,NA,NA,NA,NA,NA,0.3982,0.0047,223,0.5695,0.2278,0,0.7954,0,Bayes-M17-med
Kungu,Sud-Ubangi,1,FALSE,0.0018,0.0014,0.0022,0.0018,261,258,267,0.0018,0.1836,263,0.0052,NA,NA,NA,NA,NA,NA,0.3711,0.0043,238,0.3745,0.3359,0,0.7741,0,Bayes-M17-med
Lowa,Tshopo,1,FALSE,0.0018,0.0014,0.0023,0.0018,254,254,254,0.0018,0.1905,254,0.0054,NA,NA,NA,NA,NA,NA,0.4073,0.0049,213,0.8938,0.0598,0,0.6757,0,Bayes-M17-med
Kiambi,Tanganyika,1,FALSE,0.0018,0.0014,0.0022,0.0017,265,264,265,0.0018,0.1823,265,0.0052,NA,NA,NA,NA,NA,NA,0.5709,0.0065,177,0.9807,0.6834,0,0.6197,0,Bayes-M17-med
Monga,Bas-Uele,1,FALSE,0.0017,0.0014,0.0022,0.0017,266,265,269,0.0017,0.1808,266,0.0051,NA,NA,NA,NA,NA,NA,0.7336,0.0083,137,0.9826,0.9672,0,0.9846,0,Bayes-M17-med
Basankusu,Equateur,1,FALSE,0.0017,0.0013,0.0021,0.0017,272,272,274,0.0017,0.1766,272,0.005,NA,NA,NA,NA,NA,NA,0.6844,0.0076,151,0.9517,0.8629,0,0.9228,0,Bayes-M17-med
Bolomba,Equateur,1,FALSE,0.0017,0.0013,0.0022,0.0017,270,269,270,0.0017,0.1782,270,0.0051,NA,NA,NA,NA,NA,NA,0.6163,0.0069,164,0.9575,0.8533,0,0.6544,0,Bayes-M17-med
Ruashi,Haut-Katanga,1,FALSE,0.0017,0.0013,0.0021,0.0017,275,275,275,0.0017,0.1747,275,0.005,NA,NA,NA,NA,NA,NA,0.0705,8e-4,437,0.0985,0.0637,0,0.1197,0,Bayes-M17-med
Ilebo,Kasaï,1,FALSE,0.0017,0.0013,0.0022,0.0017,269,268,270,0.0017,0.1789,269,0.0051,NA,NA,NA,NA,NA,NA,0.3142,0.0035,283,0.2162,0.6139,0,0.4266,0,Bayes-M17-med
Katende,Kasaï-Central,1,FALSE,0.0017,0.0013,0.0022,0.0017,267,265,267,0.0017,0.1796,267,0.0051,NA,NA,NA,NA,NA,NA,0.5154,0.0058,196,0.6525,0.6486,0,0.7606,0,Bayes-M17-med
Lukonga,Kasaï-Central,1,FALSE,0.0017,0.0013,0.0021,0.0017,273,271,274,0.0017,0.1765,273,0.005,NA,NA,NA,NA,NA,NA,0.3282,0.0036,273,0.2239,0.6429,0,0.4459,0,Bayes-M17-med
Tshibala,Kasaï-Central,1,FALSE,0.0017,0.0013,0.0021,0.0016,278,278,279,0.0017,0.1722,278,0.0049,NA,NA,NA,NA,NA,NA,0.4218,0.0046,228,0.4266,0.5772,0,0.6834,0,Bayes-M17-med
Mukumbi,Kasaï-Oriental,1,FALSE,0.0017,0.0013,0.0022,0.0017,268,267,268,0.0017,0.1793,268,0.0051,NA,NA,NA,NA,NA,NA,0.2249,0.0025,329,0.2413,0.1892,0,0.4691,0,Bayes-M17-med
Kisantu,Kongo-Central,1,FALSE,0.0017,0.0013,0.0021,0.0017,276,276,277,0.0017,0.1737,276,0.0049,NA,NA,NA,NA,NA,NA,0.418,0.0046,229,0.5039,0.9903,0,0.1776,0,Bayes-M17-med
Djuma,Kwilu,1,FALSE,0.0017,0.0013,0.0021,0.0017,277,277,278,0.0017,0.1727,277,0.0049,NA,NA,NA,NA,NA,NA,0.5256,0.0057,202,0.4826,0.7355,0,0.8842,0,Bayes-M17-med
Bosobolo,Nord-Ubangi,1,FALSE,0.0017,0.0013,0.0021,0.0017,274,273,274,0.0017,0.1763,274,0.005,NA,NA,NA,NA,NA,NA,0.7148,0.0079,143,0.9363,0.9459,0,0.9768,0,Bayes-M17-med
Basali,Tshopo,1,FALSE,0.0017,0.0013,0.0021,0.0016,279,277,280,0.0017,0.1713,279,0.0049,NA,NA,NA,NA,NA,NA,0.3779,0.0041,249,0.834,0.0251,0,0.6525,0,Bayes-M17-med
Mompono,Tshuapa,1,FALSE,0.0017,0.0013,0.0022,0.0017,271,271,272,0.0017,0.1775,271,0.0051,NA,NA,NA,NA,NA,NA,0.5598,0.0062,187,0.8089,0.6042,0,0.8263,0,Bayes-M17-med
Kilwa,Haut-Katanga,1,FALSE,0.0016,0.0013,0.002,0.0016,280,279,281,0.0016,0.169,280,0.0048,NA,NA,NA,NA,NA,NA,0.3764,0.004,255,0.749,0.39,0,0.3668,0,Bayes-M17-med
Yangala,Kasaï-Central,1,FALSE,0.0016,0.0012,0.002,0.0016,287,285,287,0.0016,0.1643,287,0.0047,NA,NA,NA,NA,NA,NA,0.348,0.0036,278,0.5927,0.2259,0,0.5734,0,Bayes-M17-med
Muanda,Kongo-Central,1,FALSE,0.0016,0.0012,0.002,0.0015,289,288,292,0.0016,0.1613,289,0.0046,NA,NA,NA,NA,NA,NA,0.4093,0.0041,246,0.6371,1,0,0,0,Bayes-M17-med
Masi Manimba,Kwilu,1,FALSE,0.0016,0.0012,0.002,0.0016,286,285,287,0.0016,0.1644,285,0.0047,NA,NA,NA,NA,NA,NA,0.4281,0.0044,236,0.332,0.4961,0,0.8842,0,Bayes-M17-med
Kalonda Est,Lomami,1,FALSE,0.0016,0.0012,0.002,0.0016,284,283,284,0.0016,0.1662,284,0.0047,NA,NA,NA,NA,NA,NA,0.3292,0.0034,288,0.5425,0.1506,0,0.6236,0,Bayes-M17-med
Pangi,Maniema,1,FALSE,0.0016,0.0012,0.002,0.0015,290,289,291,0.0016,0.1612,290,0.0046,NA,NA,NA,NA,NA,NA,0.3316,0.0034,291,0.6081,0.056,0,0.6622,0,Bayes-M17-med
Bili (Nord-Ubangi),Nord-Ubangi,1,FALSE,0.0016,0.0012,0.002,0.0016,283,283,284,0.0016,0.1664,283,0.0047,NA,NA,NA,NA,NA,NA,0.7075,0.0074,154,0.9247,0.9189,0,0.9865,0,Bayes-M17-med
Mobayi Mbongo,Nord-Ubangi,1,FALSE,0.0016,0.0013,0.002,0.0016,282,282,284,0.0016,0.1672,282,0.0048,NA,NA,NA,NA,NA,NA,0.5458,0.0057,201,0.9324,0.8166,0,0.4344,0,Bayes-M17-med
Wembo Nyama,Sankuru,1,FALSE,0.0016,0.0012,0.002,0.0016,288,287,288,0.0016,0.1624,288,0.0046,NA,NA,NA,NA,NA,NA,0.4097,0.0042,244,0.5019,0.2143,0,0.9228,0,Bayes-M17-med
Bangabola,Sud-Ubangi,1,FALSE,0.0016,0.0012,0.002,0.0016,285,276,299,0.0016,0.1644,286,0.0047,NA,NA,NA,NA,NA,NA,0.3904,0.004,251,0.3533,0.3494,0,0.8591,0,Bayes-M17-med
Boto,Sud-Ubangi,1,FALSE,0.0016,0.0012,0.0019,0.0015,291,290,292,0.0016,0.1606,291,0.0046,NA,NA,NA,NA,NA,NA,0.3596,0.0036,274,0.3282,0.5174,0,0.5927,0,Bayes-M17-med
Befale,Tshuapa,1,FALSE,0.0016,0.0013,0.002,0.0016,281,280,282,0.0016,0.1688,281,0.0048,NA,NA,NA,NA,NA,NA,0.5145,0.0055,207,0.8822,0.4903,0,0.6853,0,Bayes-M17-med
Makanza,Equateur,1,FALSE,0.0015,0.0011,0.0018,0.0015,301,289,309,0.0015,0.1511,302,0.0043,NA,NA,NA,NA,NA,NA,0.639,0.0061,190,0.9537,0.7954,0,0.8069,0,Bayes-M17-med
Kambove,Haut-Katanga,1,FALSE,0.0015,0.0012,0.0019,0.0015,298,296,299,0.0015,0.1567,298,0.0045,NA,NA,NA,NA,NA,NA,0.306,0.003,308,0.4247,0.6236,0,0.1757,0,Bayes-M17-med
Kapolowe,Haut-Katanga,1,FALSE,0.0015,0.0012,0.0019,0.0015,295,293,295,0.0015,0.1589,294,0.0045,NA,NA,NA,NA,NA,NA,0.3026,0.003,307,0.5579,0.444,0,0.2085,0,Bayes-M17-med
Kisanga,Haut-Katanga,1,FALSE,0.0015,0.0012,0.0019,0.0015,292,291,294,0.0015,0.16,292,0.0046,NA,NA,NA,NA,NA,NA,0.1081,0.0011,420,0.1293,0.2008,0,0.1023,0,Bayes-M17-med
Kamonia,Kasaï,1,FALSE,0.0015,0.0012,0.0019,0.0015,300,300,301,0.0015,0.1537,300,0.0044,NA,NA,NA,NA,NA,NA,0.14,0.0014,404,0.3707,0.11,0,0.0792,0,Bayes-M17-med
Kasaji,Lualaba,1,FALSE,0.0015,0.0012,0.0019,0.0015,299,297,300,0.0015,0.1566,299,0.0045,NA,NA,NA,NA,NA,NA,0.4648,0.0046,227,0.8552,0.4923,0,0.5116,0,Bayes-M17-med
Lualaba,Lualaba,1,FALSE,0.0015,0.0012,0.0019,0.0015,297,295,298,0.0015,0.1569,297,0.0045,NA,NA,NA,NA,NA,NA,0.1404,0.0014,403,0.3552,0.0347,0,0.1718,0,Bayes-M17-med
Abuzi,Nord-Ubangi,1,FALSE,0.0015,0.0012,0.0019,0.0015,293,290,297,0.0015,0.1592,293,0.0045,NA,NA,NA,NA,NA,NA,0.7153,0.0071,159,0.9846,0.9054,0,0.971,0,Bayes-M17-med
Loko,Nord-Ubangi,1,FALSE,0.0015,0.0011,0.0018,0.0014,303,302,303,0.0015,0.151,303,0.0043,NA,NA,NA,NA,NA,NA,0.6535,0.0062,188,0.9402,0.9266,0,0.7471,0,Bayes-M17-med
Wapinda,Nord-Ubangi,1,FALSE,0.0015,0.0011,0.0018,0.0015,302,301,304,0.0015,0.1517,301,0.0043,NA,NA,NA,NA,NA,NA,0.6791,0.0065,179,0.9015,0.8398,0,0.9749,0,Bayes-M17-med
Lusambo,Sankuru,1,FALSE,0.0015,0.0012,0.0019,0.0015,296,294,296,0.0015,0.1585,296,0.0045,NA,NA,NA,NA,NA,NA,0.4833,0.0048,219,0.6815,0.2992,0,0.9527,0,Bayes-M17-med
Bokonzi,Sud-Ubangi,1,FALSE,0.0015,0.0012,0.0019,0.0015,294,293,298,0.0015,0.1585,295,0.0045,NA,NA,NA,NA,NA,NA,0.236,0.0023,345,0.4305,0.083,0,0.4305,0,Bayes-M17-med
Pweto,Haut-Katanga,1,FALSE,0.0014,0.0011,0.0017,0.0014,309,308,309,0.0014,0.1442,309,0.0041,NA,NA,NA,NA,NA,NA,0.3518,0.0032,300,0.7992,0.2587,0,0.3494,0,Bayes-M17-med
Kakenge,Kasaï,1,FALSE,0.0014,0.0011,0.0017,0.0014,312,312,312,0.0014,0.1411,312,0.004,NA,NA,NA,NA,NA,NA,0.4522,0.004,253,0.5753,0.4788,0,0.7548,0,Bayes-M17-med
Ndjoko Mpunda,Kasaï,1,FALSE,0.0014,0.0011,0.0018,0.0014,306,305,306,0.0014,0.1486,306,0.0042,NA,NA,NA,NA,NA,NA,0.333,0.0031,304,0.3977,0.2915,0,0.6429,0,Bayes-M17-med
Muetshi,Kasaï-Central,1,FALSE,0.0014,0.0011,0.0017,0.0014,310,310,311,0.0014,0.1424,310,0.0041,NA,NA,NA,NA,NA,NA,0.4792,0.0043,237,0.6158,0.5386,0,0.7625,0,Bayes-M17-med
Bandundu,Kwilu,1,FALSE,0.0014,0.0011,0.0018,0.0014,305,304,305,0.0014,0.1488,305,0.0042,NA,NA,NA,NA,NA,NA,0.3364,0.0031,302,0.3436,0.751,0,0.251,0,Bayes-M17-med
Mokala,Kwilu,1,FALSE,0.0014,0.0011,0.0018,0.0014,308,307,308,0.0014,0.1469,308,0.0042,NA,NA,NA,NA,NA,NA,0.5118,0.0047,220,0.4228,0.6718,0,0.9527,0,Bayes-M17-med
Makota,Lomami,1,FALSE,0.0014,0.0011,0.0018,0.0014,304,303,304,0.0014,0.1497,304,0.0043,NA,NA,NA,NA,NA,NA,0.2587,0.0024,338,0.1023,0.3764,0,0.556,0,Bayes-M17-med
Bena Dibele,Sankuru,1,FALSE,0.0014,0.0011,0.0017,0.0014,311,310,311,0.0014,0.1424,311,0.0041,NA,NA,NA,NA,NA,NA,0.4093,0.0037,272,0.6216,0.1564,0,0.8591,0,Bayes-M17-med
Kole,Sankuru,1,FALSE,0.0014,0.0011,0.0018,0.0014,307,306,307,0.0014,0.1476,307,0.0042,NA,NA,NA,NA,NA,NA,0.4802,0.0045,235,0.7761,0.2606,0,0.8842,0,Bayes-M17-med
Kinkondja,Haut-Lomami,1,FALSE,0.0013,0.001,0.0017,0.0013,316,315,316,0.0013,0.1368,316,0.0039,NA,NA,NA,NA,NA,NA,0.4889,0.0042,242,0.7278,0.6274,0,0.6004,0,Bayes-M17-med
Mikope,Kasaï,1,FALSE,0.0013,0.001,0.0017,0.0013,313,313,313,0.0013,0.1379,313,0.0039,NA,NA,NA,NA,NA,NA,0.3996,0.0035,286,0.6776,0.2703,0,0.6506,0,Bayes-M17-med
Katoka,Kasaï-Central,1,FALSE,0.0013,0.001,0.0016,0.0013,320,319,320,0.0013,0.1329,320,0.0038,NA,NA,NA,NA,NA,NA,0.2645,0.0022,359,0.1216,0.473,0,0.4633,0,Bayes-M17-med
Tshikula,Kasaï-Central,1,FALSE,0.0013,0.001,0.0016,0.0013,317,317,317,0.0013,0.1359,317,0.0039,NA,NA,NA,NA,NA,NA,0.3296,0.0028,316,0.3919,0.3185,0,0.6081,0,Bayes-M17-med
Lukula,Kongo-Central,1,FALSE,0.0013,0.001,0.0016,0.0013,319,319,320,0.0013,0.1331,319,0.0038,NA,NA,NA,NA,NA,NA,0.3933,0.0033,294,0.529,0.8745,0,0.1699,0,Bayes-M17-med
Kimpese,Kongo-Central,1,FALSE,0.0013,0.001,0.0017,0.0013,314,314,314,0.0013,0.1375,314,0.0039,NA,NA,NA,NA,NA,NA,0.4947,0.0043,239,0.7896,0.9768,0,0.2124,0,Bayes-M17-med
Kapanga,Lualaba,1,FALSE,0.0013,0.001,0.0016,0.0012,321,321,322,0.0013,0.13,321,0.0037,NA,NA,NA,NA,NA,NA,0.4112,0.0034,290,0.8514,0.3938,0,0.3996,0,Bayes-M17-med
Tunda,Maniema,1,FALSE,0.0013,0.001,0.0016,0.0013,318,318,318,0.0013,0.1341,318,0.0038,NA,NA,NA,NA,NA,NA,0.459,0.0039,262,0.8977,0.0541,0,0.8842,0,Bayes-M17-med
Businga,Nord-Ubangi,1,FALSE,0.0013,0.001,0.0017,0.0013,315,315,316,0.0013,0.1369,315,0.0039,NA,NA,NA,NA,NA,NA,0.6781,0.0058,195,0.9286,0.861,0,0.9228,0,Bayes-M17-med
Ingende,Equateur,1,FALSE,0.0012,9e-4,0.0015,0.0012,333,331,334,0.0012,0.1227,333,0.0035,NA,NA,NA,NA,NA,NA,0.596,0.0046,226,0.9208,0.8571,0,0.6062,0,Bayes-M17-med
Wangata,Equateur,1,FALSE,0.0012,9e-4,0.0015,0.0012,331,323,335,0.0012,0.1244,331,0.0035,NA,NA,NA,NA,NA,NA,0.417,0.0033,295,0.2336,0.9865,0,0.4479,0,Bayes-M17-med
Likasi,Haut-Katanga,1,FALSE,0.0012,9e-4,0.0015,0.0012,332,331,332,0.0012,0.123,332,0.0035,NA,NA,NA,NA,NA,NA,0.1728,0.0013,405,0.112,0.4208,0,0.1583,0,Bayes-M17-med
Dekese,Kasaï,1,FALSE,0.0012,9e-4,0.0015,0.0012,336,336,338,0.0012,0.1203,336,0.0034,NA,NA,NA,NA,NA,NA,0.4633,0.0035,284,0.9189,0.2181,0,0.7162,0,Bayes-M17-med
Bilomba,Kasaï-Central,1,FALSE,0.0012,0.001,0.0015,0.0012,326,326,327,0.0012,0.1274,326,0.0036,NA,NA,NA,NA,NA,NA,0.4006,0.0032,299,0.3378,0.4421,0,0.8224,0,Bayes-M17-med
Boma,Kongo-Central,1,FALSE,0.0012,9e-4,0.0015,0.0012,330,329,330,0.0012,0.1253,329,0.0036,NA,NA,NA,NA,NA,NA,0.2901,0.0023,351,0.1467,0.9247,0,0.0888,0,Bayes-M17-med
Boko Kivulu,Kongo-Central,1,FALSE,0.0012,0.001,0.0016,0.0012,324,322,324,0.0012,0.1291,324,0.0037,NA,NA,NA,NA,NA,NA,0.4281,0.0035,285,0.5792,0.9324,0,0.2008,0,Bayes-M17-med
Mbanza Ngungu,Kongo-Central,1,FALSE,0.0012,9e-4,0.0015,0.0012,328,328,329,0.0012,0.1262,328,0.0036,NA,NA,NA,NA,NA,NA,0.3711,0.0029,310,0.3205,0.9749,0,0.1892,0,Bayes-M17-med
Panzi,Kwango,1,FALSE,0.0012,9e-4,0.0015,0.0012,334,333,334,0.0012,0.1224,334,0.0035,NA,NA,NA,NA,NA,NA,0.5236,0.004,252,0.7548,0.583,0,0.7568,0,Bayes-M17-med
Boko,Kwango,1,FALSE,0.0012,9e-4,0.0015,0.0011,339,338,340,0.0012,0.1198,339,0.0034,NA,NA,NA,NA,NA,NA,0.5121,0.0039,263,0.7336,0.61,0,0.7046,0,Bayes-M17-med
Feshi,Kwango,1,FALSE,0.0012,9e-4,0.0015,0.0011,340,340,341,0.0012,0.1198,341,0.0034,NA,NA,NA,NA,NA,NA,0.5082,0.0038,264,0.7317,0.5425,0,0.7587,0,Bayes-M17-med
Bagata,Kwilu,1,FALSE,0.0012,0.001,0.0015,0.0012,327,326,328,0.0012,0.1273,327,0.0036,NA,NA,NA,NA,NA,NA,0.5135,0.0041,247,0.6795,0.695,0,0.6795,0,Bayes-M17-med
Kimputu,Kwilu,1,FALSE,0.0012,9e-4,0.0015,0.0012,335,334,335,0.0012,0.1206,335,0.0034,NA,NA,NA,NA,NA,NA,0.5039,0.0038,265,0.4923,0.639,0,0.8842,0,Bayes-M17-med
Mosango,Kwilu,1,FALSE,0.0012,9e-4,0.0015,0.0012,337,336,338,0.0012,0.1202,337,0.0034,NA,NA,NA,NA,NA,NA,0.515,0.0039,260,0.5463,0.7375,0,0.7761,0,Bayes-M17-med
Pay Kongila,Kwilu,1,FALSE,0.0012,0.001,0.0016,0.0012,325,324,325,0.0012,0.1284,325,0.0037,NA,NA,NA,NA,NA,NA,0.4488,0.0036,275,0.5135,0.6467,0,0.6351,0,Bayes-M17-med
Sandoa,Lualaba,1,FALSE,0.0012,9e-4,0.0015,0.0011,340,338,341,0.0012,0.1198,340,0.0034,NA,NA,NA,NA,NA,NA,0.5536,0.0042,245,0.9421,0.6815,0,0.5907,0,Bayes-M17-med
Inongo,Mai-Ndombe,1,FALSE,0.0012,9e-4,0.0015,0.0011,338,338,343,0.0012,0.1198,338,0.0034,NA,NA,NA,NA,NA,NA,0.4952,0.0037,270,0.7645,0.2934,0,0.9228,0,Bayes-M17-med
Boso Mondanda,Mongala,1,FALSE,0.0012,9e-4,0.0015,0.0012,329,329,331,0.0012,0.1253,330,0.0036,NA,NA,NA,NA,NA,NA,0.3716,0.0029,311,0.5869,0.1486,0,0.751,0,Bayes-M17-med
Wasolo,Nord-Ubangi,1,FALSE,0.0012,0.001,0.0016,0.0012,322,321,326,0.0012,0.1292,322,0.0037,NA,NA,NA,NA,NA,NA,0.5709,0.0046,225,0.5541,0.7413,0,0.9884,0,Bayes-M17-med
Monkoto,Tshuapa,1,FALSE,0.0012,0.001,0.0016,0.0012,323,322,324,0.0012,0.1292,323,0.0037,NA,NA,NA,NA,NA,NA,0.5598,0.0045,231,0.9498,0.4054,0,0.8842,0,Bayes-M17-med
Mufunga Sampwe,Haut-Katanga,1,FALSE,0.0011,9e-4,0.0014,0.0011,346,345,346,0.0011,0.1153,346,0.0033,NA,NA,NA,NA,NA,NA,0.3774,0.0027,319,0.8185,0.0888,0,0.6023,0,Bayes-M17-med
Kasenga,Haut-Katanga,1,FALSE,0.0011,8e-4,0.0013,0.0011,352,352,353,0.0011,0.1106,352,0.0032,NA,NA,NA,NA,NA,NA,0.3953,0.0027,317,0.8166,0.6255,0,0.139,0,Bayes-M17-med
Lwamba,Haut-Lomami,1,FALSE,0.0011,8e-4,0.0014,0.0011,350,350,351,0.0011,0.1122,350,0.0032,NA,NA,NA,NA,NA,NA,0.4865,0.0034,289,0.8069,0.6409,0,0.4981,0,Bayes-M17-med
Songa,Haut-Lomami,1,FALSE,0.0011,8e-4,0.0013,0.001,354,354,355,0.0011,0.109,354,0.0031,NA,NA,NA,NA,NA,NA,0.473,0.0032,297,0.9344,0.3533,0,0.6042,0,Bayes-M17-med
Kitangwa,Kasaï,1,FALSE,0.0011,8e-4,0.0013,0.0011,351,351,352,0.0011,0.1111,351,0.0032,NA,NA,NA,NA,NA,NA,0.3287,0.0023,348,0.6332,0.1062,0,0.5753,0,Bayes-M17-med
Lubunga (Kasaï-Central),Kasaï-Central,1,FALSE,0.0011,8e-4,0.0014,0.0011,349,349,350,0.0011,0.1123,349,0.0032,NA,NA,NA,NA,NA,NA,0.4599,0.0032,296,0.5637,0.4653,0,0.8108,0,Bayes-M17-med
Kwilu Ngongo,Kongo-Central,1,FALSE,0.0011,9e-4,0.0014,0.0011,345,343,345,0.0011,0.1166,345,0.0033,NA,NA,NA,NA,NA,NA,0.3875,0.0028,315,0.4884,0.8668,0,0.195,0,Bayes-M17-med
Kikongo,Kwilu,1,FALSE,0.0011,9e-4,0.0014,0.0011,347,347,347,0.0011,0.1141,347,0.0033,NA,NA,NA,NA,NA,NA,0.5024,0.0036,277,0.6969,0.6023,0,0.7104,0,Bayes-M17-med
Wikong,Lomami,1,FALSE,0.0011,9e-4,0.0014,0.0011,344,342,344,0.0011,0.1174,343,0.0033,NA,NA,NA,NA,NA,NA,0.3663,0.0027,321,0.2529,0.4228,0,0.7896,0,Bayes-M17-med
Dilolo,Lualaba,1,FALSE,0.0011,8e-4,0.0013,0.0011,353,353,354,0.0011,0.1105,353,0.0031,NA,NA,NA,NA,NA,NA,0.3663,0.0025,328,0.8398,0.6197,0,0.0058,0,Bayes-M17-med
Kanzenze,Lualaba,1,FALSE,0.0011,8e-4,0.0013,0.001,355,355,356,0.0011,0.1089,355,0.0031,NA,NA,NA,NA,NA,NA,0.2389,0.0016,392,0.6255,0.1429,0,0.1873,0,Bayes-M17-med
Djalo Ndjeka,Sankuru,1,FALSE,0.0011,8e-4,0.0014,0.0011,348,348,348,0.0011,0.1133,348,0.0032,NA,NA,NA,NA,NA,NA,0.3378,0.0024,341,0.3591,0.0695,0,0.9228,0,Bayes-M17-med
Bominenge,Sud-Ubangi,1,FALSE,0.0011,9e-4,0.0014,0.0011,343,337,346,0.0011,0.1173,344,0.0033,NA,NA,NA,NA,NA,NA,0.3258,0.0024,342,0.2819,0.0985,0,0.9228,0,Bayes-M17-med
Mawuya,Sud-Ubangi,1,FALSE,0.0011,9e-4,0.0014,0.0011,342,342,344,0.0011,0.1179,342,0.0034,NA,NA,NA,NA,NA,NA,0.2654,0.002,377,0.444,0.2394,0,0.3784,0,Bayes-M17-med
Mushenge,Kasaï,1,FALSE,0.001,8e-4,0.0013,0.001,359,358,359,0.001,0.1065,359,0.003,NA,NA,NA,NA,NA,NA,0.3229,0.0022,364,0.5946,0.0656,0,0.6313,0,Bayes-M17-med
Mutena,Kasaï,1,FALSE,0.001,8e-4,0.0012,0.001,362,362,362,0.001,0.1029,362,0.0029,NA,NA,NA,NA,NA,NA,0.2336,0.0015,399,0.334,0.0753,0,0.5251,0,Bayes-M17-med
Lubondaie,Kasaï-Central,1,FALSE,0.001,8e-4,0.0013,0.001,357,356,357,0.001,0.107,357,0.003,NA,NA,NA,NA,NA,NA,0.3147,0.0021,367,0.3822,0.1583,0,0.7181,0,Bayes-M17-med
Seke Banza,Kongo-Central,1,FALSE,0.001,8e-4,0.0012,0.001,363,363,363,0.001,0.102,363,0.0029,NA,NA,NA,NA,NA,NA,0.4513,0.0029,312,0.6351,0.9498,0,0.2201,0,Bayes-M17-med
Kahemba,Kwango,1,FALSE,0.001,8e-4,0.0013,0.001,360,359,360,0.001,0.1063,360,0.003,NA,NA,NA,NA,NA,NA,0.5367,0.0036,279,0.8958,0.7278,0,0.5232,0,Bayes-M17-med
Popokabaka,Kwango,1,FALSE,0.001,7e-4,0.0012,0.001,364,364,364,0.001,0.0996,364,0.0028,NA,NA,NA,NA,NA,NA,0.5507,0.0034,287,0.7703,0.7876,0,0.6448,0,Bayes-M17-med
Mungindu,Kwilu,1,FALSE,0.001,8e-4,0.0013,0.001,358,357,358,0.001,0.1069,358,0.003,NA,NA,NA,NA,NA,NA,0.3818,0.0026,327,0.4691,0.5367,0,0.5212,0,Bayes-M17-med
Kamiji,Lomami,1,FALSE,0.001,8e-4,0.0013,0.001,361,360,361,0.001,0.1045,361,0.003,NA,NA,NA,NA,NA,NA,0.2635,0.0017,389,0.3398,0.1293,0,0.5849,0,Bayes-M17-med
Zongo,Sud-Ubangi,1,FALSE,0.001,8e-4,0.0013,0.001,356,349,361,0.001,0.1075,356,0.0031,NA,NA,NA,NA,NA,NA,0.2418,0.0016,393,0.278,0.4131,0,0.2761,0,Bayes-M17-med
Bikoro,Equateur,1,FALSE,9e-4,7e-4,0.0012,9e-4,367,367,367,9e-4,0.0968,367,0.0028,NA,NA,NA,NA,NA,NA,0.5951,0.0036,276,0.8127,0.8147,0,0.7529,0,Bayes-M17-med
Kayamba,Haut-Lomami,1,FALSE,9e-4,7e-4,0.0011,9e-4,375,375,375,9e-4,0.0894,375,0.0025,NA,NA,NA,NA,NA,NA,0.4276,0.0024,343,0.7027,0.4189,0,0.5888,0,Bayes-M17-med
Bunkonde,Kasaï-Central,1,FALSE,9e-4,7e-4,0.0011,9e-4,373,373,373,9e-4,0.0913,373,0.0026,NA,NA,NA,NA,NA,NA,0.3523,0.002,373,0.4015,0.278,0,0.7297,0,Bayes-M17-med
Mutoto,Kasaï-Central,1,FALSE,9e-4,7e-4,0.0012,9e-4,368,368,368,9e-4,0.095,368,0.0027,NA,NA,NA,NA,NA,NA,0.3441,0.0021,371,0.4575,0.361,0,0.5579,0,Bayes-M17-med
Ndesha,Kasaï-Central,1,FALSE,9e-4,7e-4,0.0011,8e-4,378,377,379,9e-4,0.0883,378,0.0025,NA,NA,NA,NA,NA,NA,0.2317,0.0013,407,0.1448,0.3456,0,0.4363,0,Bayes-M17-med
Nsona Mpangu,Kongo-Central,1,FALSE,9e-4,7e-4,0.0011,8e-4,379,378,379,9e-4,0.0882,379,0.0025,NA,NA,NA,NA,NA,NA,0.4165,0.0023,346,0.722,0.7645,0,0.1795,0,Bayes-M17-med
Massa,Kongo-Central,1,FALSE,9e-4,7e-4,0.0012,9e-4,366,366,366,9e-4,0.0972,366,0.0028,NA,NA,NA,NA,NA,NA,0.4223,0.0026,326,0.668,0.9208,0,0.1004,0,Bayes-M17-med
Kimbao,Kwango,1,FALSE,9e-4,7e-4,0.0012,9e-4,365,365,365,9e-4,0.0979,365,0.0028,NA,NA,NA,NA,NA,NA,0.5743,0.0035,282,0.7201,0.7181,0,0.8591,0,Bayes-M17-med
Wamba Lwadi,Kwango,1,FALSE,9e-4,7e-4,0.0011,8e-4,376,376,377,9e-4,0.0885,376,0.0025,NA,NA,NA,NA,NA,NA,0.5492,0.0031,306,0.6467,0.8185,0,0.7317,0,Bayes-M17-med
Sia,Kwilu,1,FALSE,9e-4,7e-4,0.0011,8e-4,380,379,380,9e-4,0.088,380,0.0025,NA,NA,NA,NA,NA,NA,0.3986,0.0022,360,0.4151,0.3822,0,0.7973,0,Bayes-M17-med
Kalamba,Lualaba,1,FALSE,9e-4,7e-4,0.0011,9e-4,369,369,369,9e-4,0.0948,369,0.0027,NA,NA,NA,NA,NA,NA,0.4542,0.0027,320,0.8803,0.2375,0,0.6988,0,Bayes-M17-med
Nioki,Mai-Ndombe,1,FALSE,9e-4,7e-4,0.0011,9e-4,374,374,374,9e-4,0.091,374,0.0026,NA,NA,NA,NA,NA,NA,0.389,0.0022,356,0.61,0.3958,0,0.5502,0,Bayes-M17-med
Bongandanga,Mongala,1,FALSE,9e-4,7e-4,0.0011,9e-4,372,372,372,9e-4,0.0927,372,0.0026,NA,NA,NA,NA,NA,NA,0.4228,0.0025,333,0.7587,0.0097,0,0.9228,0,Bayes-M17-med
Pania Mutombo,Sankuru,1,FALSE,9e-4,7e-4,0.0011,9e-4,371,370,371,9e-4,0.0943,370,0.0027,NA,NA,NA,NA,NA,NA,0.4117,0.0024,335,0.7413,0.1236,0,0.7819,0,Bayes-M17-med
Wema,Tshuapa,1,FALSE,9e-4,7e-4,0.0011,8e-4,377,376,380,9e-4,0.0883,377,0.0025,NA,NA,NA,NA,NA,NA,0.4469,0.0025,331,0.8494,0.1332,0,0.805,0,Bayes-M17-med
Busanga,Tshuapa,1,FALSE,9e-4,7e-4,0.0011,9e-4,370,370,371,9e-4,0.0942,371,0.0027,NA,NA,NA,NA,NA,NA,0.4452,0.0026,323,0.6602,0.168,0,0.9527,0,Bayes-M17-med
Djombo,Equateur,1,FALSE,8e-4,6e-4,0.001,8e-4,393,393,393,8e-4,0.0784,393,0.0022,NA,NA,NA,NA,NA,NA,0.6554,0.0032,298,0.917,0.7819,0,0.9228,0,Bayes-M17-med
Kikula,Haut-Katanga,1,FALSE,8e-4,6e-4,0.001,8e-4,385,385,385,8e-4,0.0821,385,0.0023,NA,NA,NA,NA,NA,NA,0.0951,5e-4,444,0.1062,0.1139,0,0.1602,0,Bayes-M17-med
Mitwaba,Haut-Katanga,1,FALSE,8e-4,6e-4,0.001,8e-4,386,386,386,8e-4,0.0814,386,0.0023,NA,NA,NA,NA,NA,NA,0.3528,0.0018,386,0.8012,0.0618,0,0.5483,0,Bayes-M17-med
Kafubu,Haut-Katanga,1,FALSE,8e-4,7e-4,0.0011,8e-4,381,381,381,8e-4,0.0872,381,0.0025,NA,NA,NA,NA,NA,NA,0.2104,0.0012,416,0.6042,0.0869,0,0.1506,0,Bayes-M17-med
Bulape,Kasaï,1,FALSE,8e-4,6e-4,0.001,8e-4,384,384,384,8e-4,0.0832,384,0.0024,NA,NA,NA,NA,NA,NA,0.4315,0.0023,355,0.7066,0.1853,0,0.834,0,Bayes-M17-med
Nyanga,Kasaï,1,FALSE,8e-4,6e-4,0.001,8e-4,382,382,382,8e-4,0.0853,382,0.0024,NA,NA,NA,NA,NA,NA,0.348,0.0019,383,0.4402,0.3803,0,0.5714,0,Bayes-M17-med
Bena Tshadi,Kasaï-Central,1,FALSE,8e-4,6e-4,0.001,8e-4,387,387,387,8e-4,0.0809,387,0.0023,NA,NA,NA,NA,NA,NA,0.472,0.0024,344,0.6699,0.3784,0,0.8398,0,Bayes-M17-med
Kalomba,Kasaï-Central,1,FALSE,8e-4,6e-4,0.001,8e-4,390,390,391,8e-4,0.0794,390,0.0023,NA,NA,NA,NA,NA,NA,0.2944,0.0015,400,0.3166,0.1467,0,0.7143,0,Bayes-M17-med
Kangu,Kongo-Central,1,FALSE,8e-4,6e-4,0.001,8e-4,391,390,391,8e-4,0.0793,391,0.0023,NA,NA,NA,NA,NA,NA,0.3528,0.0018,387,0.3803,0.8822,0,0.1486,0,Bayes-M17-med
Kasongo Lunda,Kwango,1,FALSE,8e-4,6e-4,0.001,8e-4,389,389,389,8e-4,0.08,389,0.0023,NA,NA,NA,NA,NA,NA,0.3441,0.0017,390,0.6274,0.5946,0,0.1544,0,Bayes-M17-med
Kingandu,Kwilu,1,FALSE,8e-4,6e-4,0.001,8e-4,383,383,383,8e-4,0.0844,383,0.0024,NA,NA,NA,NA,NA,NA,0.4923,0.0026,324,0.7162,0.6583,0,0.5946,0,Bayes-M17-med
Kafakumba,Lualaba,1,FALSE,8e-4,6e-4,9e-4,7e-4,394,394,394,8e-4,0.0779,394,0.0022,NA,NA,NA,NA,NA,NA,0.4648,0.0023,353,0.8687,0.2027,0,0.7876,0,Bayes-M17-med
Oshwe,Mai-Ndombe,1,FALSE,8e-4,6e-4,0.001,8e-4,388,388,388,8e-4,0.0806,388,0.0023,NA,NA,NA,NA,NA,NA,0.4855,0.0025,334,0.8764,0.3301,0,0.7355,0,Bayes-M17-med
Kwamouth,Mai-Ndombe,1,FALSE,8e-4,6e-4,0.001,8e-4,392,392,392,8e-4,0.0792,392,0.0023,NA,NA,NA,NA,NA,NA,0.43,0.0021,366,0.8707,0.417,0,0.4324,0,Bayes-M17-med
Iboko,Equateur,1,FALSE,7e-4,6e-4,9e-4,7e-4,401,401,402,7e-4,0.0742,401,0.0021,NA,NA,NA,NA,NA,NA,0.612,0.0029,314,0.8282,0.7915,0,0.8282,0,Bayes-M17-med
Lotumbe,Equateur,1,FALSE,7e-4,5e-4,9e-4,7e-4,405,405,406,7e-4,0.0712,405,0.002,NA,NA,NA,NA,NA,NA,0.5816,0.0026,325,0.9691,0.7085,0,0.6486,0,Bayes-M17-med
Panda,Haut-Katanga,1,FALSE,7e-4,6e-4,9e-4,7e-4,400,399,400,7e-4,0.0746,400,0.0021,NA,NA,NA,NA,NA,NA,0.2027,9e-4,426,0.1622,0.4826,0,0.166,0,Bayes-M17-med
Kenya,Haut-Katanga,1,FALSE,7e-4,5e-4,9e-4,7e-4,404,404,404,7e-4,0.072,404,0.0021,NA,NA,NA,NA,NA,NA,0.0569,3e-4,448,0.11,0.0116,0,0.1062,0,Bayes-M17-med
Lukafu,Haut-Katanga,1,FALSE,7e-4,6e-4,9e-4,7e-4,395,395,395,7e-4,0.0768,395,0.0022,NA,NA,NA,NA,NA,NA,0.4015,0.0019,378,0.888,0.3243,0,0.3938,0,Bayes-M17-med
Inga,Kongo-Central,1,FALSE,7e-4,5e-4,9e-4,7e-4,406,405,406,7e-4,0.0712,406,0.002,NA,NA,NA,NA,NA,NA,0.3847,0.0017,391,0.5212,0.8243,0,0.1931,0,Bayes-M17-med
Gombe Matadi,Kongo-Central,1,FALSE,7e-4,5e-4,9e-4,7e-4,403,403,403,7e-4,0.0724,403,0.0021,NA,NA,NA,NA,NA,NA,0.4151,0.0019,379,0.6911,0.7857,0,0.1834,0,Bayes-M17-med
Ngidinga,Kongo-Central,1,FALSE,7e-4,6e-4,9e-4,7e-4,396,396,396,7e-4,0.0766,396,0.0022,NA,NA,NA,NA,NA,NA,0.4488,0.0022,365,0.6544,0.7432,0,0.3977,0,Bayes-M17-med
Moanza,Kwilu,1,FALSE,7e-4,6e-4,9e-4,7e-4,399,399,400,7e-4,0.0746,399,0.0021,NA,NA,NA,NA,NA,NA,0.52,0.0024,336,0.5985,0.529,0,0.9527,0,Bayes-M17-med
Lubudi,Lualaba,1,FALSE,7e-4,6e-4,9e-4,7e-4,402,401,402,7e-4,0.0739,402,0.0021,NA,NA,NA,NA,NA,NA,0.4667,0.0022,363,0.9151,0.4614,0,0.4903,0,Bayes-M17-med
Banzow Moke,Mai-Ndombe,1,FALSE,7e-4,5e-4,8e-4,7e-4,408,408,408,7e-4,0.0697,408,0.002,NA,NA,NA,NA,NA,NA,0.5236,0.0023,349,0.6892,0.5212,0,0.8842,0,Bayes-M17-med
Kiri,Mai-Ndombe,1,FALSE,7e-4,5e-4,9e-4,7e-4,407,407,407,7e-4,0.0708,407,0.002,NA,NA,NA,NA,NA,NA,0.5685,0.0025,330,0.8745,0.4768,0,0.9228,0,Bayes-M17-med
Bosobe,Mai-Ndombe,1,FALSE,7e-4,5e-4,8e-4,6e-4,409,409,409,7e-4,0.0672,409,0.0019,NA,NA,NA,NA,NA,NA,0.4406,0.0019,384,0.4942,0.4093,0,0.8591,0,Bayes-M17-med
Mushie,Mai-Ndombe,1,FALSE,7e-4,6e-4,9e-4,7e-4,397,397,397,7e-4,0.076,397,0.0022,NA,NA,NA,NA,NA,NA,0.4291,0.002,372,0.7394,0.3649,0,0.612,0,Bayes-M17-med
Tshudi Loto,Sankuru,1,FALSE,7e-4,6e-4,9e-4,7e-4,398,398,398,7e-4,0.0753,398,0.0021,NA,NA,NA,NA,NA,NA,0.4237,0.002,375,0.7683,0.0039,0,0.9228,0,Bayes-M17-med
Lukolela,Equateur,1,FALSE,6e-4,5e-4,8e-4,6e-4,415,415,416,6e-4,0.0628,415,0.0018,NA,NA,NA,NA,NA,NA,0.5787,0.0023,352,0.944,0.9151,0,0.4556,0,Bayes-M17-med
Monieka,Equateur,1,FALSE,6e-4,4e-4,7e-4,6e-4,420,420,420,6e-4,0.0585,420,0.0017,NA,NA,NA,NA,NA,NA,0.596,0.0022,362,0.9768,0.7336,0,0.6737,0,Bayes-M17-med
Butumba,Haut-Lomami,1,FALSE,6e-4,5e-4,7e-4,6e-4,418,418,418,6e-4,0.0603,418,0.0017,NA,NA,NA,NA,NA,NA,0.4595,0.0017,388,0.7973,0.4151,0,0.6255,0,Bayes-M17-med
Banga Lubaka,Kasaï,1,FALSE,6e-4,5e-4,8e-4,6e-4,416,415,416,6e-4,0.0628,416,0.0018,NA,NA,NA,NA,NA,NA,0.3205,0.0013,409,0.5174,0.0444,0,0.7201,0,Bayes-M17-med
Luozi,Kongo-Central,1,FALSE,6e-4,5e-4,8e-4,6e-4,410,410,410,6e-4,0.0667,410,0.0019,NA,NA,NA,NA,NA,NA,0.5241,0.0022,361,0.7355,0.8861,0,0.4749,0,Bayes-M17-med
Nzanza,Kongo-Central,1,FALSE,6e-4,4e-4,7e-4,6e-4,419,419,419,6e-4,0.0587,419,0.0017,NA,NA,NA,NA,NA,NA,0.2172,8e-4,435,0.0888,0.6892,0,0.0907,0,Bayes-M17-med
Kimvula,Kongo-Central,1,FALSE,6e-4,5e-4,8e-4,6e-4,417,417,417,6e-4,0.0619,417,0.0018,NA,NA,NA,NA,NA,NA,0.569,0.0022,358,0.8629,0.8784,0,0.5347,0,Bayes-M17-med
Kisanji,Kwango,1,FALSE,6e-4,5e-4,8e-4,6e-4,413,411,413,6e-4,0.0653,413,0.0019,NA,NA,NA,NA,NA,NA,0.5574,0.0023,350,0.8417,0.6544,0,0.7336,0,Bayes-M17-med
Mwela Lembwa,Kwango,1,FALSE,6e-4,4e-4,7e-4,6e-4,421,421,421,6e-4,0.0578,421,0.0016,NA,NA,NA,NA,NA,NA,0.4397,0.0016,394,0.6506,0.3224,0,0.7857,0,Bayes-M17-med
Ntandembelo,Mai-Ndombe,1,FALSE,6e-4,5e-4,8e-4,6e-4,412,412,413,6e-4,0.0654,412,0.0019,NA,NA,NA,NA,NA,NA,0.4595,0.0019,380,0.6023,0.4633,0,0.7722,0,Bayes-M17-med
Yumbi,Mai-Ndombe,1,FALSE,6e-4,5e-4,8e-4,6e-4,411,411,412,6e-4,0.0654,411,0.0019,NA,NA,NA,NA,NA,NA,0.2741,0.0011,418,0.4131,0.4015,0,0.2819,0,Bayes-M17-med
Bolobo,Mai-Ndombe,1,FALSE,6e-4,5e-4,8e-4,6e-4,414,414,414,6e-4,0.065,414,0.0019,NA,NA,NA,NA,NA,NA,0.3388,0.0014,402,0.6313,0.4981,0,0.2259,0,Bayes-M17-med
Bomongo,Equateur,1,FALSE,5e-4,4e-4,6e-4,5e-4,424,424,424,5e-4,0.0533,424,0.0015,NA,NA,NA,NA,NA,NA,0.5907,0.002,376,0.9788,0.8475,0,0.5367,0,Bayes-M17-med
Katuba,Haut-Katanga,1,FALSE,5e-4,4e-4,6e-4,5e-4,433,433,433,5e-4,0.0472,433,0.0013,NA,NA,NA,NA,NA,NA,0.0463,1e-4,453,0.0502,0.0309,0,0.1042,0,Bayes-M17-med
Kinda,Haut-Lomami,1,FALSE,5e-4,4e-4,6e-4,5e-4,431,431,431,5e-4,0.0482,431,0.0014,NA,NA,NA,NA,NA,NA,0.5077,0.0015,397,0.9884,0.4266,0,0.6158,0,Bayes-M17-med
Kizu,Kongo-Central,1,FALSE,5e-4,4e-4,6e-4,5e-4,425,425,425,5e-4,0.0525,425,0.0015,NA,NA,NA,NA,NA,NA,0.3113,0.001,424,0.2973,0.8707,0,0.0772,0,Bayes-M17-med
Kuimba,Kongo-Central,1,FALSE,5e-4,4e-4,6e-4,5e-4,432,432,432,5e-4,0.0475,432,0.0014,NA,NA,NA,NA,NA,NA,0.3069,9e-4,428,0.3784,0.8456,0,0.0039,0,Bayes-M17-med
Tshela,Kongo-Central,1,FALSE,5e-4,4e-4,6e-4,5e-4,428,428,428,5e-4,0.05,428,0.0014,NA,NA,NA,NA,NA,NA,0.3282,0.001,423,0.417,0.888,0,0.0077,0,Bayes-M17-med
Mangembo,Kongo-Central,1,FALSE,5e-4,4e-4,6e-4,5e-4,426,426,426,5e-4,0.0505,426,0.0014,NA,NA,NA,NA,NA,NA,0.3726,0.0012,414,0.5598,0.6641,0,0.2664,0,Bayes-M17-med
Kimpangu,Kongo-Central,1,FALSE,5e-4,4e-4,7e-4,5e-4,423,423,423,5e-4,0.0554,423,0.0016,NA,NA,NA,NA,NA,NA,0.4488,0.0016,395,0.7085,0.9344,0,0.1525,0,Bayes-M17-med
Nselo,Kongo-Central,1,FALSE,5e-4,4e-4,6e-4,5e-4,430,430,430,5e-4,0.0492,430,0.0014,NA,NA,NA,NA,NA,NA,0.374,0.0012,415,0.6564,0.5347,0,0.305,0,Bayes-M17-med
Kajiji,Kwango,1,FALSE,5e-4,4e-4,6e-4,5e-4,429,429,429,5e-4,0.0497,429,0.0014,NA,NA,NA,NA,NA,NA,0.3533,0.0011,419,0.7934,0.1544,0,0.4653,0,Bayes-M17-med
Kitenda,Kwango,1,FALSE,5e-4,4e-4,6e-4,5e-4,427,427,427,5e-4,0.0501,427,0.0014,NA,NA,NA,NA,NA,NA,0.376,0.0012,413,0.6641,0.4247,0,0.4151,0,Bayes-M17-med
Pendjwa,Mai-Ndombe,1,FALSE,5e-4,4e-4,7e-4,5e-4,422,422,422,5e-4,0.0566,422,0.0016,NA,NA,NA,NA,NA,NA,0.4319,0.0015,398,0.7008,0.2124,0,0.8147,0,Bayes-M17-med
Bolenge,Equateur,1,FALSE,4e-4,3e-4,4e-4,4e-4,442,442,442,4e-4,0.0367,442,0.001,NA,NA,NA,NA,NA,NA,0.5391,0.0012,410,0.7954,0.8514,0,0.5097,0,Bayes-M17-med
Kilela Balanda,Haut-Katanga,1,FALSE,4e-4,3e-4,5e-4,4e-4,440,440,440,4e-4,0.0404,440,0.0012,NA,NA,NA,NA,NA,NA,0.3132,8e-4,436,0.9228,0.0927,0,0.2375,0,Bayes-M17-med
Kashobwe,Haut-Katanga,1,FALSE,4e-4,3e-4,5e-4,4e-4,437,436,437,4e-4,0.0437,437,0.0012,NA,NA,NA,NA,NA,NA,0.3243,9e-4,431,0.805,0.3012,0,0.1911,0,Bayes-M17-med
Baka,Haut-Lomami,1,FALSE,4e-4,3e-4,5e-4,4e-4,436,435,437,4e-4,0.0444,436,0.0013,NA,NA,NA,NA,NA,NA,0.4319,0.0012,412,0.4344,0.8919,0,0.4015,0,Bayes-M17-med
Boma Bungu,Kongo-Central,1,FALSE,4e-4,3e-4,5e-4,4e-4,435,435,436,4e-4,0.0448,435,0.0013,NA,NA,NA,NA,NA,NA,0.3209,9e-4,429,0.5811,0.5676,0,0.1351,0,Bayes-M17-med
Kinkonzi,Kongo-Central,1,FALSE,4e-4,3e-4,5e-4,4e-4,434,434,434,4e-4,0.0452,434,0.0013,NA,NA,NA,NA,NA,NA,0.4252,0.0012,411,0.6236,0.8958,0,0.1815,0,Bayes-M17-med
Sona Bata,Kongo-Central,1,FALSE,4e-4,3e-4,5e-4,4e-4,438,438,438,4e-4,0.0421,438,0.0012,NA,NA,NA,NA,NA,NA,0.43,0.0011,417,0.7259,0.7896,0,0.2046,0,Bayes-M17-med
Tembo,Kwango,1,FALSE,4e-4,3e-4,5e-4,4e-4,439,439,439,4e-4,0.0405,439,0.0012,NA,NA,NA,NA,NA,NA,0.3205,8e-4,434,0.7876,0.3977,0,0.0965,0,Bayes-M17-med
Bunkeya,Lualaba,1,FALSE,4e-4,3e-4,5e-4,4e-4,441,441,441,4e-4,0.0402,441,0.0011,NA,NA,NA,NA,NA,NA,0.4218,0.0011,422,0.8243,0.5019,0,0.361,0,Bayes-M17-med
Vangu,Haut-Katanga,1,FALSE,3e-4,2e-4,4e-4,3e-4,445,445,445,3e-4,0.0291,445,8e-4,NA,NA,NA,NA,NA,NA,0.1081,2e-4,450,0.1158,0.1699,0,0.1467,0,Bayes-M17-med
Bobozo,Kasaï-Central,1,FALSE,3e-4,3e-4,4e-4,3e-4,444,444,444,3e-4,0.0335,444,0.001,NA,NA,NA,NA,NA,NA,0.2336,5e-4,443,0.1602,0.2857,0,0.4884,0,Bayes-M17-med
Vaku,Kongo-Central,1,FALSE,3e-4,3e-4,4e-4,3e-4,443,443,443,3e-4,0.0349,443,0.001,NA,NA,NA,NA,NA,NA,0.4194,9e-4,427,0.5676,0.9421,0,0.168,0,Bayes-M17-med
Kibunzi,Kongo-Central,1,FALSE,3e-4,2e-4,3e-4,3e-4,446,446,446,3e-4,0.0265,446,8e-4,NA,NA,NA,NA,NA,NA,0.4175,7e-4,438,0.7046,0.5251,0,0.4402,0,Bayes-M17-med
Mampoko,Equateur,1,FALSE,2e-4,2e-4,3e-4,2e-4,447,447,447,2e-4,0.0254,447,7e-4,NA,NA,NA,NA,NA,NA,0.5135,8e-4,433,0.8919,0.5058,0,0.6564,0,Bayes-M17-med
Ntondo,Equateur,1,FALSE,2e-4,2e-4,3e-4,2e-4,448,448,448,2e-4,0.0232,448,7e-4,NA,NA,NA,NA,NA,NA,0.6125,9e-4,430,0.8996,0.7259,0,0.8243,0,Bayes-M17-med
Mutshatsha,Lualaba,1,FALSE,2e-4,2e-4,3e-4,2e-4,449,449,449,2e-4,0.0217,449,6e-4,NA,NA,NA,NA,NA,NA,0.3808,5e-4,442,0.971,0.1023,0,0.4498,0,Bayes-M17-med
Mimia,Mai-Ndombe,1,FALSE,2e-4,2e-4,2e-4,2e-4,450,450,450,2e-4,0.0204,450,6e-4,NA,NA,NA,NA,NA,NA,0.4841,6e-4,441,0.9614,0.0521,0,0.9228,0,Bayes-M17-med
Irebu,Equateur,1,FALSE,1e-4,1e-4,1e-4,1e-4,454,454,454,1e-4,0.0112,454,3e-4,NA,NA,NA,NA,NA,NA,0.5473,4e-4,446,0.9305,0.6776,0,0.5811,0,Bayes-M17-med
Lilanga Bobangi,Equateur,1,FALSE,1e-4,1e-4,2e-4,1e-4,451,451,451,1e-4,0.0153,451,4e-4,NA,NA,NA,NA,NA,NA,0.4117,4e-4,445,0.9382,0.2664,0,0.4421,0,Bayes-M17-med
Kamalondo,Haut-Katanga,1,FALSE,1e-4,1e-4,1e-4,1e-4,453,453,453,1e-4,0.0113,453,3e-4,NA,NA,NA,NA,NA,NA,0.0352,0,455,0.029,0.0019,0,0.11,0,Bayes-M17-med
Kowe,Haut-Katanga,1,FALSE,1e-4,1e-4,1e-4,1e-4,452,452,452,1e-4,0.0115,452,3e-4,NA,NA,NA,NA,NA,NA,0.07,1e-4,454,0.0714,0.0811,0,0.1274,0,Bayes-M17-med
Kitona,Kongo-Central,1,FALSE,1e-4,1e-4,1e-4,1e-4,455,455,455,1e-4,0.0083,455,2e-4,NA,NA,NA,NA,NA,NA,0.293,2e-4,452,0.5907,0.5792,0,0.0019,0,Bayes-M17-med
Bokoro,Mai-Ndombe,1,FALSE,0,0,0,0,456.5,456.5,456.5,0,0,456,0,NA,NA,NA,NA,NA,NA,0.471,0,456,0.6873,0.5097,0,0.6873,0,Bayes-M17-med
Idjwi,Sud-Kivu,1,FALSE,0,0,0,0,456.5,456.5,456.5,0,0,456,0,NA,NA,NA,NA,NA,NA,0.3007,0,457,0.2992,0.8224,0,0.0811,0,Bayes-M17-med
Buta,Bas-Uele,1,TRUE,NA,NA,NA,NA,NA,NA,NA,NA,NA,NA,NA,NA,NA,NA,NA,NA,NA,0.7225,NA,NA,0.9749,0.9923,0,0.9228,0,Bayes-M17-med
Ganga,Bas-Uele,1,TRUE,NA,NA,NA,NA,NA,NA,NA,NA,NA,NA,NA,NA,NA,NA,NA,NA,NA,0.7218,NA,NA,0.9672,0.9556,0,0.9643,0,Bayes-M17-med
Viadana,Bas-Uele,1,TRUE,NA,NA,NA,NA,NA,NA,NA,NA,NA,NA,NA,NA,NA,NA,NA,NA,NA,0.6846,NA,NA,0.9131,0.9788,0,0.8465,0,Bayes-M17-med
Boma Mangbetu,Haut-Uele,1,TRUE,NA,NA,NA,NA,NA,NA,NA,NA,NA,NA,NA,NA,NA,NA,NA,NA,NA,0.4122,NA,NA,0.2857,0.5039,0,0.8591,0,Bayes-M17-med
Gombari,Haut-Uele,1,TRUE,NA,NA,NA,NA,NA,NA,NA,NA,NA,NA,NA,NA,NA,NA,NA,NA,NA,0.5772,NA,NA,0.9633,0.8012,0,0.5444,0,Bayes-M17-med
Isiro,Haut-Uele,1,TRUE,NA,NA,NA,NA,NA,NA,NA,NA,NA,NA,NA,NA,NA,NA,NA,NA,NA,0.5253,NA,NA,0.39,0.7587,0,0.9527,0,Bayes-M17-med
Pawa,Haut-Uele,1,TRUE,NA,NA,NA,NA,NA,NA,NA,NA,NA,NA,NA,NA,NA,NA,NA,NA,NA,0.4315,NA,NA,0.2934,0.5734,0,0.8591,0,Bayes-M17-med
Rungu,Haut-Uele,1,TRUE,NA,NA,NA,NA,NA,NA,NA,NA,NA,NA,NA,NA,NA,NA,NA,NA,NA,0.6474,NA,NA,0.8224,0.8031,0,0.9643,0,Bayes-M17-med
Wamba,Haut-Uele,1,TRUE,NA,NA,NA,NA,NA,NA,NA,NA,NA,NA,NA,NA,NA,NA,NA,NA,NA,0.4817,NA,NA,0.6737,0.4363,0,0.8166,0,Bayes-M17-med
Adja,Ituri,1,TRUE,NA,NA,NA,NA,NA,NA,NA,NA,NA,NA,NA,NA,NA,NA,NA,NA,NA,0.2645,NA,NA,0.249,0.4286,0,0.3803,0,Bayes-M17-med
Ariwara,Ituri,1,TRUE,NA,NA,NA,NA,NA,NA,NA,NA,NA,NA,NA,NA,NA,NA,NA,NA,NA,0.2862,NA,NA,0.1988,0.6988,0,0.2471,0,Bayes-M17-med
Aru,Ituri,1,TRUE,NA,NA,NA,NA,NA,NA,NA,NA,NA,NA,NA,NA,NA,NA,NA,NA,NA,0.3528,NA,NA,0.3012,0.8417,0,0.2683,0,Bayes-M17-med
Aungba,Ituri,1,TRUE,NA,NA,NA,NA,NA,NA,NA,NA,NA,NA,NA,NA,NA,NA,NA,NA,NA,0.3354,NA,NA,0.3108,0.6564,0,0.3745,0,Bayes-M17-med
Kambala,Ituri,1,TRUE,NA,NA,NA,NA,NA,NA,NA,NA,NA,NA,NA,NA,NA,NA,NA,NA,NA,0.347,NA,NA,0.3668,0.612,0,0.4093,0,Bayes-M17-med
Logo,Ituri,1,TRUE,NA,NA,NA,NA,NA,NA,NA,NA,NA,NA,NA,NA,NA,NA,NA,NA,NA,0.2384,NA,NA,0.1757,0.5927,0,0.1853,0,Bayes-M17-med
Mahagi,Ituri,1,TRUE,NA,NA,NA,NA,NA,NA,NA,NA,NA,NA,NA,NA,NA,NA,NA,NA,NA,0.2292,NA,NA,0.1718,0.6004,0,0.1448,0,Bayes-M17-med
Rimba,Ituri,1,TRUE,NA,NA,NA,NA,NA,NA,NA,NA,NA,NA,NA,NA,NA,NA,NA,NA,NA,0.306,NA,NA,0.2008,0.7124,0,0.3108,0,Bayes-M17-med
Bambu,Ituri,1,TRUE,NA,NA,NA,NA,NA,NA,NA,NA,NA,NA,NA,NA,NA,NA,NA,NA,NA,0.2399,NA,NA,0.2046,0.4691,0,0.2857,0,Bayes-M17-med
Boga,Ituri,1,TRUE,NA,NA,NA,NA,NA,NA,NA,NA,NA,NA,NA,NA,NA,NA,NA,NA,NA,0.264,NA,NA,0.3861,0.36870000000000003,0,0.3012,0,Bayes-M17-med
Bunia,Ituri,1,TRUE,NA,NA,NA,NA,NA,NA,NA,NA,NA,NA,NA,NA,NA,NA,NA,NA,NA,0.2326,NA,NA,0.1178,0.5637,0,0.249,0,Bayes-M17-med
Damas,Ituri,1,TRUE,NA,NA,NA,NA,NA,NA,NA,NA,NA,NA,NA,NA,NA,NA,NA,NA,NA,0.3224,NA,NA,0.4479,0.3282,0,0.5135,0,Bayes-M17-med
Drodro,Ituri,1,TRUE,NA,NA,NA,NA,NA,NA,NA,NA,NA,NA,NA,NA,NA,NA,NA,NA,NA,0.2674,NA,NA,0.2066,0.5907,0,0.2722,0,Bayes-M17-med
Fataki,Ituri,1,TRUE,NA,NA,NA,NA,NA,NA,NA,NA,NA,NA,NA,NA,NA,NA,NA,NA,NA,0.3185,NA,NA,0.2259,0.7201,0,0.3282,0,Bayes-M17-med
Gety,Ituri,1,TRUE,NA,NA,NA,NA,NA,NA,NA,NA,NA,NA,NA,NA,NA,NA,NA,NA,NA,0.2592,NA,NA,0.3359,0.2973,0,0.4035,0,Bayes-M17-med
Kilo,Ituri,1,TRUE,NA,NA,NA,NA,NA,NA,NA,NA,NA,NA,NA,NA,NA,NA,NA,NA,NA,0.1448,NA,NA,0.2201,0.0502,0,0.3089,0,Bayes-M17-med
Komanda,Ituri,1,TRUE,NA,NA,NA,NA,NA,NA,NA,NA,NA,NA,NA,NA,NA,NA,NA,NA,NA,0.2341,NA,NA,0.3089,0.1197,0,0.5077,0,Bayes-M17-med
Lita,Ituri,1,TRUE,NA,NA,NA,NA,NA,NA,NA,NA,NA,NA,NA,NA,NA,NA,NA,NA,NA,0.306,NA,NA,0.2761,0.7046,0,0.2432,0,Bayes-M17-med
Lolwa,Ituri,1,TRUE,NA,NA,NA,NA,NA,NA,NA,NA,NA,NA,NA,NA,NA,NA,NA,NA,NA,0.3205,NA,NA,0.6429,0,0,0.639,0,Bayes-M17-med
Mambasa,Ituri,1,TRUE,NA,NA,NA,NA,NA,NA,NA,NA,NA,NA,NA,NA,NA,NA,NA,NA,NA,0.4324,NA,NA,0.8842,0.2625,0,0.583,0,Bayes-M17-med
Mandima,Ituri,1,TRUE,NA,NA,NA,NA,NA,NA,NA,NA,NA,NA,NA,NA,NA,NA,NA,NA,NA,0.2659,NA,NA,0.4846,0.2896,0,0.2896,0,Bayes-M17-med
Mangala,Ituri,1,TRUE,NA,NA,NA,NA,NA,NA,NA,NA,NA,NA,NA,NA,NA,NA,NA,NA,NA,0.3021,NA,NA,0.305,0.6158,0,0.2876,0,Bayes-M17-med
Mongbwalu,Ituri,1,TRUE,NA,NA,NA,NA,NA,NA,NA,NA,NA,NA,NA,NA,NA,NA,NA,NA,NA,0.2616,NA,NA,0.4112,0.1834,0,0.4517,0,Bayes-M17-med
Nia Nia,Ituri,1,TRUE,NA,NA,NA,NA,NA,NA,NA,NA,NA,NA,NA,NA,NA,NA,NA,NA,NA,0.2978,NA,NA,0.666,0.0212,0,0.5039,0,Bayes-M17-med
Nizi,Ituri,1,TRUE,NA,NA,NA,NA,NA,NA,NA,NA,NA,NA,NA,NA,NA,NA,NA,NA,NA,0.1771,NA,NA,0.1544,0.3378,0,0.2162,0,Bayes-M17-med
Nyankunde,Ituri,1,TRUE,NA,NA,NA,NA,NA,NA,NA,NA,NA,NA,NA,NA,NA,NA,NA,NA,NA,0.2514,NA,NA,0.2838,0.2432,0,0.4788,0,Bayes-M17-med
Rwampara,Ituri,1,TRUE,NA,NA,NA,NA,NA,NA,NA,NA,NA,NA,NA,NA,NA,NA,NA,NA,NA,0.319,NA,NA,0.2375,0.7452,0,0.2934,0,Bayes-M17-med
Tchomia,Ituri,1,TRUE,NA,NA,NA,NA,NA,NA,NA,NA,NA,NA,NA,NA,NA,NA,NA,NA,NA,0.1998,NA,NA,0.2104,0.3745,0,0.2143,0,Bayes-M17-med
Beni,Nord-Kivu,1,TRUE,NA,NA,NA,NA,NA,NA,NA,NA,NA,NA,NA,NA,NA,NA,NA,NA,NA,0.1559,NA,NA,0.1525,0.2297,0,0.2413,0,Bayes-M17-med
Biena,Nord-Kivu,1,TRUE,NA,NA,NA,NA,NA,NA,NA,NA,NA,NA,NA,NA,NA,NA,NA,NA,NA,0.2013,NA,NA,0.251,0.166,0,0.388,0,Bayes-M17-med
Butembo,Nord-Kivu,1,TRUE,NA,NA,NA,NA,NA,NA,NA,NA,NA,NA,NA,NA,NA,NA,NA,NA,NA,0.1829,NA,NA,0.1139,0.388,0,0.2297,0,Bayes-M17-med
Kalunguta,Nord-Kivu,1,TRUE,NA,NA,NA,NA,NA,NA,NA,NA,NA,NA,NA,NA,NA,NA,NA,NA,NA,0.1559,NA,NA,0.195,0.2066,0,0.222,0,Bayes-M17-med
Katwa,Nord-Kivu,1,TRUE,NA,NA,NA,NA,NA,NA,NA,NA,NA,NA,NA,NA,NA,NA,NA,NA,NA,0.1998,NA,NA,0.0869,0.4846,0,0.2278,0,Bayes-M17-med
Kyondo,Nord-Kivu,1,TRUE,NA,NA,NA,NA,NA,NA,NA,NA,NA,NA,NA,NA,NA,NA,NA,NA,NA,0.3238,NA,NA,0.2954,0.7973,0,0.2027,0,Bayes-M17-med
Lubero,Nord-Kivu,1,TRUE,NA,NA,NA,NA,NA,NA,NA,NA,NA,NA,NA,NA,NA,NA,NA,NA,NA,0.4585,NA,NA,0.5734,0.9382,0,0.3224,0,Bayes-M17-med
Mabalako,Nord-Kivu,1,TRUE,NA,NA,NA,NA,NA,NA,NA,NA,NA,NA,NA,NA,NA,NA,NA,NA,NA,0.1573,NA,NA,0.1931,0.2046,0,0.2317,0,Bayes-M17-med
Manguredjipa,Nord-Kivu,1,TRUE,NA,NA,NA,NA,NA,NA,NA,NA,NA,NA,NA,NA,NA,NA,NA,NA,NA,0.3475,NA,NA,0.778,0.0579,0,0.5541,0,Bayes-M17-med
Masereka,Nord-Kivu,1,TRUE,NA,NA,NA,NA,NA,NA,NA,NA,NA,NA,NA,NA,NA,NA,NA,NA,NA,0.36870000000000003,NA,NA,0.2548,0.9807,0,0.2394,0,Bayes-M17-med
Musienene,Nord-Kivu,1,TRUE,NA,NA,NA,NA,NA,NA,NA,NA,NA,NA,NA,NA,NA,NA,NA,NA,NA,0.319,NA,NA,0.2645,0.7317,0,0.2799,0,Bayes-M17-med
Mutwanga,Nord-Kivu,1,TRUE,NA,NA,NA,NA,NA,NA,NA,NA,NA,NA,NA,NA,NA,NA,NA,NA,NA,0.2408,NA,NA,0.2606,0.4672,0,0.2355,0,Bayes-M17-med
Oicha,Nord-Kivu,1,TRUE,NA,NA,NA,NA,NA,NA,NA,NA,NA,NA,NA,NA,NA,NA,NA,NA,NA,0.3364,NA,NA,0.3243,0.7606,0,0.2606,0,Bayes-M17-med
Vuhovi,Nord-Kivu,1,TRUE,NA,NA,NA,NA,NA,NA,NA,NA,NA,NA,NA,NA,NA,NA,NA,NA,NA,0.2611,NA,NA,0.2027,0.6178,0,0.2239,0,Bayes-M17-med
Goma,Nord-Kivu,1,TRUE,NA,NA,NA,NA,NA,NA,NA,NA,NA,NA,NA,NA,NA,NA,NA,NA,NA,0.2669,NA,NA,0.1274,0.8977,0,0.0425,0,Bayes-M17-med
Kayna,Nord-Kivu,1,TRUE,NA,NA,NA,NA,NA,NA,NA,NA,NA,NA,NA,NA,NA,NA,NA,NA,NA,0.3113,NA,NA,0.2278,0.6332,0,0.3842,0,Bayes-M17-med
Miti Murhesa,Sud-Kivu,1,TRUE,NA,NA,NA,NA,NA,NA,NA,NA,NA,NA,NA,NA,NA,NA,NA,NA,NA,0.3277,NA,NA,0.2355,0.9131,0,0.1622,0,Bayes-M17-med
Bulu,Sud-Ubangi,1,TRUE,NA,NA,NA,NA,NA,NA,NA,NA,NA,NA,NA,NA,NA,NA,NA,NA,NA,0.3147,NA,NA,0.3649,0.1988,0,0.695,0,Bayes-M17-med
Bafwasende,Tshopo,1,TRUE,NA,NA,NA,NA,NA,NA,NA,NA,NA,NA,NA,NA,NA,NA,NA,NA,NA,0.4546,NA,NA,0.9073,0.2413,0,0.6699,0,Bayes-M17-med
Kabondo,Tshopo,1,TRUE,NA,NA,NA,NA,NA,NA,NA,NA,NA,NA,NA,NA,NA,NA,NA,NA,NA,0.18,NA,NA,0.1911,0.2722,0,0.2568,0,Bayes-M17-med
Lubunga (Tshopo),Tshopo,1,TRUE,NA,NA,NA,NA,NA,NA,NA,NA,NA,NA,NA,NA,NA,NA,NA,NA,NA,0.2288,NA,NA,0.2452,0.3436,0,0.3263,0,Bayes-M17-med
Makiso Kisangani,Tshopo,1,TRUE,NA,NA,NA,NA,NA,NA,NA,NA,NA,NA,NA,NA,NA,NA,NA,NA,NA,0.2355,NA,NA,0.1332,0.5309,0,0.278,0,Bayes-M17-med
Mangobo,Tshopo,1,TRUE,NA,NA,NA,NA,NA,NA,NA,NA,NA,NA,NA,NA,NA,NA,NA,NA,NA,0.2061,NA,NA,0.0792,0.4382,0,0.3069,0,Bayes-M17-med
Tshopo,Tshopo,1,TRUE,NA,NA,NA,NA,NA,NA,NA,NA,NA,NA,NA,NA,NA,NA,NA,NA,NA,0.2466,NA,NA,0.361,0.334,0,0.2915,0,Bayes-M17-med
Wanierukula,Tshopo,1,TRUE,NA,NA,NA,NA,NA,NA,NA,NA,NA,NA,NA,NA,NA,NA,NA,NA,NA,0.473,NA,NA,0.8436,0.5521,0,0.4961,0,Bayes-M17-med
Rethy,Ituri,2,FALSE,0.5387,0.4485,0.6321,0.5387,1,1,2,0.7811,40.7175,1,1,3.1751,1,NA,NA,NA,NA,0.2703,0.5657,2,0.2143,0.6081,0,0.2587,0,Bayes-M17-med
Watsa,Haut-Uele,2,FALSE,0.5365,0.4567,0.6163,0.5377,2,1,2,0.7744,40.3678,2,0.9959,NA,NA,NA,NA,3.8064,1,0.4797,1,1,0.7297,0.8436,0,0.3456,0,Bayes-M17-med
Nyarambe,Ituri,2,FALSE,0.2903,0.2368,0.3476,0.2899,3,3,3,0.344,17.9304,3,0.5388,1.3982,2,NA,NA,NA,NA,0.1805,0.2036,13,0.1699,0.4595,0,0.0927,0,Bayes-M17-med
Biringi,Ituri,2,FALSE,0.2478,0.2009,0.2982,0.2475,4,4,4,0.2856,14.8861,4,0.4601,1.1608,3,NA,NA,NA,NA,0.3494,0.3365,5,0.3958,0.4865,0,0.5154,0,Bayes-M17-med
Karisimbi,Nord-Kivu,2,FALSE,0.2064,0.1667,0.2487,0.2059,5,5,5,0.2316,12.0733,5,0.3831,NA,NA,2.2699,1,NA,NA,0.1597,0.1281,18,0.0907,0.5154,0,0.0328,0,Bayes-M17-med
Dungu,Haut-Uele,2,FALSE,0.1853,0.1496,0.2246,0.1848,6,6,8,0.2053,10.7008,6,0.3439,NA,NA,NA,NA,1.009,2,0.5275,0.3797,3,0.8726,0.5598,0,0.6776,0,Bayes-M17-med
Makoro,Haut-Uele,2,FALSE,0.1844,0.1488,0.2225,0.184,7,6,7,0.2042,10.6425,7,0.3423,NA,NA,NA,NA,1.0035,3,0.3822,0.2738,6,0.556,0.5483,0,0.4247,0,Bayes-M17-med
Angumu,Ituri,2,FALSE,0.1817,0.1465,0.2202,0.1812,8,6,8,0.2009,10.4735,8,0.3374,0.8167,4,NA,NA,NA,NA,0.11,0.0777,35,0.1641,0.1641,0,0.112,0,Bayes-M17-med
Rutshuru,Nord-Kivu,2,FALSE,0.1699,0.137,0.2055,0.1693,9,9,9,0.1865,9.7227,9,0.3154,NA,NA,1.828,2,NA,NA,0.3721,0.2456,8,0.4093,0.9942,0,0.0849,0,Bayes-M17-med
Kirotshe,Nord-Kivu,2,FALSE,0.1556,0.1249,0.1887,0.155,10,10,10,0.1694,8.829,10,0.2888,NA,NA,1.6599,3,NA,NA,0.3842,0.2322,10,0.3764,0.9961,0,0.1641,0,Bayes-M17-med
Nyiragongo,Nord-Kivu,2,FALSE,0.1522,0.1221,0.1849,0.1518,11,11,11,0.1653,8.6174,11,0.2825,NA,NA,1.6201,4,NA,NA,0.2891,0.1709,15,0.2432,0.8764,0,0.0367,0,Bayes-M17-med
Alimbongo,Nord-Kivu,2,FALSE,0.1481,0.1188,0.1797,0.1476,12,12,12,0.1605,8.3643,12,0.2748,NA,NA,1.5726,5,NA,NA,0.4262,0.2451,9,0.5849,0.7471,0,0.3726,0,Bayes-M17-med
Bafwagbogbo,Tshopo,2,FALSE,0.1453,0.1166,0.1768,0.1449,13,13,13,0.1572,8.1965,13,0.2697,NA,NA,NA,NA,NA,NA,0.3948,0.2229,12,0.8591,0.027,0,0.6931,0,Bayes-M17-med
Kamango,Nord-Kivu,2,FALSE,0.1366,0.1089,0.1669,0.1362,14,14,15,0.1471,7.6698,14,0.2537,NA,NA,1.442,6,NA,NA,0.4373,0.2322,11,0.6583,0.917,0,0.1737,0,Bayes-M17-med
Poko,Bas-Uele,2,FALSE,0.1329,0.107,0.1611,0.1325,15,14,16,0.1428,7.4431,15,0.2467,NA,NA,NA,NA,NA,NA,0.7271,0.3755,4,0.9923,0.9517,0,0.9643,0,Bayes-M17-med
Rwanguba,Nord-Kivu,2,FALSE,0.1309,0.1049,0.1592,0.1304,16,15,16,0.1405,7.3229,16,0.243,NA,NA,1.3768,7,NA,NA,0.2442,0.1242,20,0.2085,0.7027,0,0.0656,0,Bayes-M17-med
Kibirizi,Nord-Kivu,2,FALSE,0.1193,0.0953,0.1453,0.119,17,17,18,0.1272,6.6322,17,0.2215,NA,NA,1.2469,8,NA,NA,0.4175,0.1936,14,0.5405,0.8552,0,0.2741,0,Bayes-M17-med
Niangara,Haut-Uele,2,FALSE,0.1159,0.0924,0.1426,0.1154,18,17,18,0.1233,6.4294,18,0.2152,NA,NA,NA,NA,0.6062,4,0.5512,0.2482,7,0.8031,0.4324,0,0.9691,0,Bayes-M17-med
Linga,Ituri,2,FALSE,0.1052,0.082,0.1312,0.1044,19,19,19,0.1112,5.7988,19,0.1952,0.4522,5,NA,NA,NA,NA,0.2148,0.0877,30,0.1969,0.3417,0,0.3205,0,Bayes-M17-med
Jiba,Ituri,2,FALSE,0.096,0.0748,0.1198,0.0953,20,20,20,0.101,5.2644,20,0.1781,0.4105,6,NA,NA,NA,NA,0.1651,0.0615,41,0.1815,0.1274,0,0.3514,0,Bayes-M17-med
Minova,Sud-Kivu,2,FALSE,0.0878,0.0699,0.1075,0.0875,21,21,21,0.092,4.7946,21,0.163,NA,NA,NA,NA,NA,NA,0.3866,0.1319,17,0.4421,0.9826,0,0.1216,0,Bayes-M17-med
Mweso,Nord-Kivu,2,FALSE,0.0811,0.0644,0.0993,0.0808,22,22,22,0.0846,4.4097,22,0.1505,NA,NA,0.8291,9,NA,NA,0.4189,0.1319,16,0.4498,0.9614,0,0.2645,0,Bayes-M17-med
Adi,Ituri,2,FALSE,0.0762,0.0602,0.0941,0.0759,23,23,24,0.0793,4.1353,23,0.1415,0.3225,7,NA,NA,NA,NA,0.3977,0.1178,21,0.2587,0.7104,0,0.6216,0,Bayes-M17-med
Ibanda,Sud-Kivu,2,FALSE,0.0756,0.0601,0.0926,0.0754,24,23,24,0.0787,4.102,24,0.1404,NA,NA,NA,NA,NA,NA,0.2307,0.0678,38,0.083,0.6216,0,0.2181,0,Bayes-M17-med
Masisi,Nord-Kivu,2,FALSE,0.0737,0.0585,0.0905,0.0734,25,25,25,0.0766,3.9934,25,0.1368,NA,NA,0.7508,10,NA,NA,0.4402,0.126,19,0.4324,0.9575,0,0.3707,0,Bayes-M17-med
Binza,Nord-Kivu,2,FALSE,0.0701,0.0556,0.0858,0.0698,26,26,26,0.0727,3.7898,26,0.1301,NA,NA,0.7125,11,NA,NA,0.3518,0.0958,28,0.471,0.8378,0,0.0985,0,Bayes-M17-med
Bambo,Nord-Kivu,2,FALSE,0.0679,0.053900000000000003,0.0832,0.0676,27,27,27,0.0703,3.6666,27,0.126,NA,NA,0.6894,12,NA,NA,0.3962,0.1045,23,0.5521,0.9073,0,0.1255,0,Bayes-M17-med
Laybo,Ituri,2,FALSE,0.0628,0.0498,0.0775,0.0627,28,28,28,0.0649,3.3855,28,0.1167,0.264,8,NA,NA,NA,NA,0.3393,0.0828,33,0.3069,0.556,0,0.4942,0,Bayes-M17-med
Faradje,Haut-Uele,2,FALSE,0.0592,0.047,0.0729,0.059,29,29,30,0.061,3.1816,29,0.1099,NA,NA,NA,NA,0.3,5,0.4474,0.1029,25,0.7606,0.666,0,0.3629,0,Bayes-M17-med
Banalia,Tshopo,2,FALSE,0.0589,0.0467,0.0725,0.0587,30,29,30,0.0607,3.1652,30,0.1093,NA,NA,NA,NA,NA,NA,0.4242,0.0971,27,0.7799,0.1178,0,0.7992,0,Bayes-M17-med
Kadutu,Sud-Kivu,2,FALSE,0.0566,0.0449,0.0694,0.0563,31,31,31,0.0583,3.037,31,0.105,NA,NA,NA,NA,NA,NA,0.1636,0.036,55,0.0579,0.3861,0,0.2104,0,Bayes-M17-med
Kabare,Sud-Kivu,2,FALSE,0.0533,0.0422,0.0655,0.0531,32,32,32,0.0548,2.8559,32,0.0989,NA,NA,NA,NA,NA,NA,0.3567,0.0738,36,0.2394,0.9884,0,0.1988,0,Bayes-M17-med
Uvira,Sud-Kivu,2,FALSE,0.0509,0.0403,0.0626,0.0507,33,33,33,0.0522,2.7233,33,0.0944,NA,NA,NA,NA,NA,NA,0.5502,0.1088,22,0.2181,0.9846,0,0.9981,0,Bayes-M17-med
Nsele,Kinshasa,2,FALSE,0.0502,0.0398,0.0617,0.0501,34,34,35,0.0516,2.6882,34,0.0933,NA,NA,NA,NA,NA,NA,0.1583,0.0309,60,0.139,0.3996,0,0.0946,0,Bayes-M17-med
Katana,Sud-Kivu,2,FALSE,0.05,0.0397,0.0616,0.0499,35,34,35,0.0514,2.6776,35,0.0929,NA,NA,NA,NA,NA,NA,0.3224,0.0627,40,0.2471,0.9112,0,0.1313,0,Bayes-M17-med
Katoyi,Nord-Kivu,2,FALSE,0.0493,0.0391,0.0608,0.0491,36,36,36,0.0506,2.6392,36,0.0916,NA,NA,0.4962,13,NA,NA,0.4542,0.0871,31,0.4614,0.9595,0,0.3958,0,Bayes-M17-med
Aba,Haut-Uele,2,FALSE,0.0466,0.0369,0.0577,0.0464,37,37,38,0.0478,2.4906,37,0.0866,NA,NA,NA,NA,0.2348,6,0.569,0.1031,24,0.6004,0.6853,0,0.9903,0,Bayes-M17-med
Walikale,Nord-Kivu,2,FALSE,0.0458,0.0359,0.0567,0.0456,38,37,38,0.0469,2.4446,38,0.085,NA,NA,0.4596,14,NA,NA,0.5729,0.1019,26,0.9459,0.9286,0,0.417,0,Bayes-M17-med
Gombe,Kinshasa,2,FALSE,0.0441,0.0349,0.0542,0.0439,39,39,40,0.0451,2.3513,39,0.0818,NA,NA,NA,NA,NA,NA,0.1622,0.0278,64,0.0695,0.5695,0,0.0097,0,Bayes-M17-med
Walungu,Sud-Kivu,2,FALSE,0.0441,0.0349,0.0543,0.0439,40,39,40,0.0451,2.3502,40,0.0818,NA,NA,NA,NA,NA,NA,0.3248,0.0556,42,0.1853,0.8803,0,0.2336,0,Bayes-M17-med
Pinga,Nord-Kivu,2,FALSE,0.0422,0.0332,0.0522,0.042,41,41,41,0.0432,2.2498,41,0.0784,NA,NA,0.423,15,NA,NA,0.57,0.0935,29,0.9595,0.7548,0,0.5656,0,Bayes-M17-med
Ruzizi,Sud-Kivu,2,FALSE,0.0396,0.0313,0.0487,0.0394,42,42,42,0.0404,2.1056,42,0.0735,NA,NA,NA,NA,NA,NA,0.5627,0.0865,32,0.3494,0.9093,0,0.9923,0,Bayes-M17-med
Birambizo,Nord-Kivu,2,FALSE,0.0387,0.0306,0.0476,0.0386,43,43,43,0.0395,2.0597,43,0.0719,NA,NA,0.3872,16,NA,NA,0.3625,0.0545,43,0.4035,0.89,0,0.1564,0,Bayes-M17-med
Binza Ozone,Kinshasa,2,FALSE,0.0365,0.0289,0.0449,0.0364,44,44,45,0.0372,1.9399,44,0.0678,NA,NA,NA,NA,NA,NA,0.152,0.0216,80,0.0734,0.5232,0,0.0116,0,Bayes-M17-med
Fizi,Sud-Kivu,2,FALSE,0.0365,0.0289,0.045,0.0364,45,44,45,0.0372,1.9385,45,0.0677,NA,NA,NA,NA,NA,NA,0.5637,0.0799,34,0.7432,0.9691,0,0.5425,0,Bayes-M17-med
Limete,Kinshasa,2,FALSE,0.0355,0.0281,0.0437,0.0354,46,46,46,0.0362,1.8856,46,0.0659,NA,NA,NA,NA,NA,NA,0.056,0.0077,178,0.0405,0.1371,0,0.0463,0,Bayes-M17-med
Kalehe,Sud-Kivu,2,FALSE,0.0346,0.0273,0.0426,0.0344,47,47,48,0.0352,1.8337,47,0.0641,NA,NA,NA,NA,NA,NA,0.3369,0.0452,45,0.3417,0.8649,0,0.1409,0,Bayes-M17-med
Bagira,Sud-Kivu,2,FALSE,0.0344,0.0272,0.0423,0.0342,48,47,48,0.035,1.8239,48,0.0638,NA,NA,NA,NA,NA,NA,0.236,0.0315,59,0.1004,0.6371,0,0.2066,0,Bayes-M17-med
Kokolo,Kinshasa,2,FALSE,0.0316,0.025,0.0388,0.0314,49,49,49,0.0321,1.6716,49,0.0586,NA,NA,NA,NA,NA,NA,0.2172,0.0266,65,0.0772,0.7722,0,0.0193,0,Bayes-M17-med
Lemera,Sud-Kivu,2,FALSE,0.0307,0.0243,0.038,0.0306,50,50,50,0.0312,1.6283,50,0.0571,NA,NA,NA,NA,NA,NA,0.5613,0.0671,39,0.3629,0.9015,0,0.9807,0,Bayes-M17-med
Lingwala,Kinshasa,2,FALSE,0.0302,0.0239,0.0372,0.03,51,51,53,0.0306,1.5974,51,0.056,NA,NA,NA,NA,NA,NA,0.0323,0.0038,301,0.0232,0.0907,0,0.0154,0,Bayes-M17-med
Mubumbano,Sud-Kivu,2,FALSE,0.0301,0.0238,0.0371,0.03,52,51,52,0.0306,1.5957,52,0.0559,NA,NA,NA,NA,NA,NA,0.3658,0.0428,47,0.2683,0.9402,0,0.2548,0,Bayes-M17-med
Nyantende,Sud-Kivu,2,FALSE,0.03,0.0237,0.037,0.0299,53,52,53,0.0305,1.5895,53,0.0557,NA,NA,NA,NA,NA,NA,0.3219,0.0376,53,0.1486,0.8938,0,0.2452,0,Bayes-M17-med
Kinshasa,Kinshasa,2,FALSE,0.0283,0.0224,0.0349,0.0282,54,54,54,0.0288,1.4994,54,0.0526,NA,NA,NA,NA,NA,NA,0.0203,0.0022,382,0.0135,0.0463,0,0.0212,0,Bayes-M17-med
Kalamu 1,Kinshasa,2,FALSE,0.0272,0.0215,0.0335,0.0271,55,55,56,0.0276,1.4364,55,0.0504,NA,NA,NA,NA,NA,NA,0.0309,0.0033,318,0.0193,0.0734,0,0.0309,0,Bayes-M17-med
Bengamisa,Tshopo,2,FALSE,0.0271,0.0212,0.0336,0.027,56,55,59,0.0275,1.4321,56,0.0503,NA,NA,NA,NA,NA,NA,0.3012,0.0317,58,0.612,0.2162,0,0.3764,0,Bayes-M17-med
Kasa Vubu,Kinshasa,2,FALSE,0.027,0.0213,0.0332,0.0268,57,56,58,0.0273,1.4254,57,0.0501,NA,NA,NA,NA,NA,NA,0.0444,0.0047,261,0.0309,0.1216,0,0.0251,0,Bayes-M17-med
Bondo,Bas-Uele,2,FALSE,0.0268,0.0212,0.0328,0.0267,58,55,59,0.0271,1.4137,58,0.0497,NA,NA,NA,NA,NA,NA,0.6737,0.07,37,0.9961,0.9981,0,0.7008,0,Bayes-M17-med
Mwana,Sud-Kivu,2,FALSE,0.0265,0.0209,0.0327,0.0264,59,58,59,0.0268,1.399,59,0.0491,NA,NA,NA,NA,NA,NA,0.3731,0.0384,52,0.2896,0.9035,0,0.2992,0,Bayes-M17-med
Lemba,Kinshasa,2,FALSE,0.0259,0.0205,0.0319,0.0258,60,60,61,0.0262,1.3666,60,0.048,NA,NA,NA,NA,NA,NA,0.1023,0.0103,131,0.0483,0.3069,0,0.0541,0,Bayes-M17-med
Nyangezi,Sud-Kivu,2,FALSE,0.0258,0.0203,0.0317,0.0257,61,60,61,0.0261,1.3607,61,0.0478,NA,NA,NA,NA,NA,NA,0.36870000000000003,0.0369,54,0.222,0.8842,0,0.36870000000000003,0,Bayes-M17-med
Kaniola,Sud-Kivu,2,FALSE,0.0254,0.02,0.0314,0.0253,62,62,62,0.0257,1.3401,62,0.0471,NA,NA,NA,NA,NA,NA,0.4513,0.0445,46,0.5328,0.9305,0,0.3417,0,Bayes-M17-med
Masina 1,Kinshasa,2,FALSE,0.0248,0.0196,0.0305,0.0247,63,63,64,0.0251,1.3074,63,0.046,NA,NA,NA,NA,NA,NA,0.0193,0.0019,396,0.0077,0.0077,0,0.0618,0,Bayes-M17-med
Nyemba,Tanganyika,2,FALSE,0.0246,0.0194,0.0303,0.0245,64,64,65,0.0249,1.2985,64,0.0457,NA,NA,NA,NA,NA,NA,0.3456,0.033,57,0.5965,0.4556,0,0.3301,0,Bayes-M17-med
Bunyakiri,Sud-Kivu,2,FALSE,0.0242,0.0191,0.0299,0.0241,65,65,66,0.0245,1.276,65,0.0449,NA,NA,NA,NA,NA,NA,0.4517,0.0424,48,0.6197,0.832,0,0.3552,0,Bayes-M17-med
Kintambo,Kinshasa,2,FALSE,0.024,0.019,0.0296,0.0239,66,65,68,0.0243,1.2682,66,0.0446,NA,NA,NA,NA,NA,NA,0.0338,0.0032,322,0.0212,0.1004,0,0.0135,0,Bayes-M17-med
Yakusu,Tshopo,2,FALSE,0.0239,0.0184,0.0301,0.0238,67,63,68,0.0242,1.2629,67,0.0444,NA,NA,NA,NA,NA,NA,0.319,0.0297,62,0.4208,0.2085,0,0.6467,0,Bayes-M17-med
Isangi,Tshopo,2,FALSE,0.0237,0.0185,0.0295,0.0236,67,67,68,0.024,1.2517,68,0.044,NA,NA,NA,NA,NA,NA,0.3837,0.0354,56,0.4054,0.4073,0,0.722,0,Bayes-M17-med
Shabunda,Sud-Kivu,2,FALSE,0.0222,0.0173,0.0276,0.0221,69,69,71,0.0225,1.1708,69,0.0412,NA,NA,NA,NA,NA,NA,0.5922,0.0511,44,0.8378,0.8726,0,0.6583,0,Bayes-M17-med
Lubutu,Maniema,2,FALSE,0.022,0.0174,0.0272,0.0219,70,69,70,0.0222,1.1594,70,0.0408,NA,NA,NA,NA,NA,NA,0.4706,0.0402,50,0.8205,0.2819,0,0.7799,0,Bayes-M17-med
Binza Meteo,Kinshasa,2,FALSE,0.0215,0.017,0.0265,0.0214,71,70,73,0.0217,1.1321,71,0.0399,NA,NA,NA,NA,NA,NA,0.2558,0.0213,81,0.0965,0.8996,0,0.027,0,Bayes-M17-med
Masina 2,Kinshasa,2,FALSE,0.0214,0.0169,0.0264,0.0213,72,72,72,0.0216,1.1274,72,0.0397,NA,NA,NA,NA,NA,NA,0.0265,0.0022,385,0.0174,0.0193,0,0.0695,0,Bayes-M17-med
Bandalungwa,Kinshasa,2,FALSE,0.0209,0.0166,0.0258,0.0209,73,73,74,0.0212,1.1038,73,0.0389,NA,NA,NA,NA,NA,NA,0.0709,0.0058,217,0.0328,0.2336,0,0.0174,0,Bayes-M17-med
Mont Ngafula 1,Kinshasa,2,FALSE,0.02,0.0158,0.0247,0.0199,74,74,75,0.0202,1.053,74,0.0371,NA,NA,NA,NA,NA,NA,0.2066,0.016,99,0.1371,0.6313,0,0.0579,0,Bayes-M17-med
Kasongo,Maniema,2,FALSE,0.0195,0.0154,0.0241,0.0194,75,75,76,0.0197,1.0277,75,0.0362,NA,NA,NA,NA,NA,NA,0.5304,0.0402,49,0.4459,0.7529,0,0.9228,0,Bayes-M17-med
Gemena,Sud-Ubangi,2,FALSE,0.0194,0.0151,0.0243,0.0193,76,71,79,0.0196,1.0216,76,0.036,NA,NA,NA,NA,NA,NA,0.3277,0.0247,71,0.1776,0.2741,0,0.8591,0,Bayes-M17-med
Barumbu,Kinshasa,2,FALSE,0.0189,0.0149,0.0233,0.0188,77,76,77,0.019,0.993,77,0.035,NA,NA,NA,NA,NA,NA,0.014,0.001,432,0.0097,0.0232,0,0.0232,0,Bayes-M17-med
Kikimi,Kinshasa,2,FALSE,0.0184,0.0146,0.0227,0.0184,78,77,78,0.0186,0.9705,78,0.0342,NA,NA,NA,NA,NA,NA,0.0835,0.006,211,0.056,0.1911,0,0.0869,0,Bayes-M17-med
Kindu,Maniema,2,FALSE,0.0182,0.0144,0.0225,0.0181,79,78,79,0.0184,0.9582,79,0.0338,NA,NA,NA,NA,NA,NA,0.3181,0.0225,77,0.1351,0.2529,0,0.8842,0,Bayes-M17-med
Matete,Kinshasa,2,FALSE,0.018,0.0142,0.0221,0.0179,80,80,80,0.0181,0.9449,80,0.0333,NA,NA,NA,NA,NA,NA,0.0492,0.0034,313,0.0251,0.1158,0,0.056,0,Bayes-M17-med
Mont Ngafula 2,Kinshasa,2,FALSE,0.0178,0.014,0.0219,0.0177,81,81,81,0.0179,0.9345,81,0.033,NA,NA,NA,NA,NA,NA,0.0951,0.0066,206,0.0849,0.2568,0,0.0386,0,Bayes-M17-med
Selembao,Kinshasa,2,FALSE,0.0174,0.0137,0.0214,0.0173,82,82,82,0.0175,0.913,82,0.0322,NA,NA,NA,NA,NA,NA,0.0676,0.0046,265,0.0444,0.1815,0,0.0444,0,Bayes-M17-med
Nundu,Sud-Kivu,2,FALSE,0.0171,0.0135,0.0212,0.0171,83,83,83,0.0173,0.9004,83,0.0318,NA,NA,NA,NA,NA,NA,0.5927,0.0394,51,0.527,0.8494,0,0.9942,0,Bayes-M17-med
Kingabwa,Kinshasa,2,FALSE,0.0159,0.0125,0.0196,0.0158,84,84,85,0.016,0.835,84,0.0295,NA,NA,NA,NA,NA,NA,0.0478,0.0029,331,0.0425,0.0965,0,0.0521,0,Bayes-M17-med
Kalonge,Sud-Kivu,2,FALSE,0.0158,0.0125,0.0195,0.0157,85,84,85,0.0159,0.8299,85,0.0293,NA,NA,NA,NA,NA,NA,0.404,0.0248,70,0.4961,0.8359,0,0.2838,0,Bayes-M17-med
Ndjili,Kinshasa,2,FALSE,0.0154,0.0122,0.019,0.0154,86,86,87,0.0156,0.8108,86,0.0286,NA,NA,NA,NA,NA,NA,0.0487,0.0029,334,0.027,0.1042,0,0.0637,0,Bayes-M17-med
Yabaondo,Tshopo,2,FALSE,0.015,0.0118,0.0187,0.015,87,86,87,0.0151,0.7896,87,0.0279,NA,NA,NA,NA,NA,NA,0.3523,0.0206,86,0.4363,0.305,0,0.668,0,Bayes-M17-med
Kunda,Maniema,2,FALSE,0.0146,0.0115,0.0181,0.0145,88,88,88,0.0147,0.7668,88,0.0271,NA,NA,NA,NA,NA,NA,0.4165,0.0236,74,0.4633,0.2799,0,0.9228,0,Bayes-M17-med
Ubundu,Tshopo,2,FALSE,0.0143,0.0111,0.0178,0.0142,89,89,91,0.0144,0.7495,89,0.0265,NA,NA,NA,NA,NA,NA,0.4744,0.0263,66,0.9054,0.4305,0,0.5618,0,Bayes-M17-med
Ngiri Ngiri,Kinshasa,2,FALSE,0.0141,0.0112,0.0174,0.0141,90,89,91,0.0142,0.7414,90,0.0262,NA,NA,NA,NA,NA,NA,0.028,0.0015,408,0.0154,0.0676,0,0.029,0,Bayes-M17-med
Kalemie,Tanganyika,2,FALSE,0.014,0.011,0.0173,0.0139,91,90,92,0.0141,0.7344,91,0.026,NA,NA,NA,NA,NA,NA,0.3789,0.0206,85,0.6718,0.4575,0,0.3861,0,Bayes-M17-med
Police,Kinshasa,2,FALSE,0.0135,0.0106,0.0166,0.0134,92,92,93,0.0136,0.7075,92,0.025,NA,NA,NA,NA,NA,NA,0.0478,0.0025,368,0.0463,0.0772,0,0.0676,0,Bayes-M17-med
Basoko,Tshopo,2,FALSE,0.0133,0.0105,0.0166,0.0133,93,92,94,0.0134,0.7002,93,0.0248,NA,NA,NA,NA,NA,NA,0.3012,0.0156,101,0.5077,0.3147,0,0.3822,0,Bayes-M17-med
Kaziba,Sud-Kivu,2,FALSE,0.013,0.0103,0.0161,0.0129,94,94,95,0.0131,0.682,94,0.0241,NA,NA,NA,NA,NA,NA,0.3571,0.018,95,0.2876,0.7838,0,0.3571,0,Bayes-M17-med
Kibua,Nord-Kivu,2,FALSE,0.0128,0.0101,0.0158,0.0127,95,95,96,0.0128,0.6696,95,0.0237,NA,NA,0.1259,17,NA,NA,0.5154,0.0256,69,0.7741,0.6602,0,0.6274,0,Bayes-M17-med
Maluku 1,Kinshasa,2,FALSE,0.0125,0.0099,0.0154,0.0124,97,96,98,0.0126,0.6551,97,0.0232,NA,NA,NA,NA,NA,NA,0.2321,0.0113,124,0.3475,0.4517,0,0.1293,0,Bayes-M17-med
Budjala,Sud-Ubangi,2,FALSE,0.0125,0.0096,0.0158,0.0124,97,89,107,0.0126,0.6564,96,0.0232,NA,NA,NA,NA,NA,NA,0.43,0.0209,84,0.5154,0.4035,0,0.8012,0,Bayes-M17-med
Saramabila,Maniema,2,FALSE,0.0124,0.0098,0.0153,0.0124,98,97,98,0.0125,0.6508,98,0.023,NA,NA,NA,NA,NA,NA,0.4768,0.023,76,0.473,0.5502,0,0.8842,0,Bayes-M17-med
Yaleko,Tshopo,2,FALSE,0.0123,0.0096,0.0153,0.0123,99,96,100,0.0124,0.6456,99,0.0228,NA,NA,NA,NA,NA,NA,0.402,0.0192,90,0.639,0.2452,0,0.7239,0,Bayes-M17-med
Yambuku,Mongala,2,FALSE,0.0121,0.0096,0.015,0.0121,100,98,103,0.0122,0.636,100,0.0225,NA,NA,NA,NA,NA,NA,0.4344,0.0205,88,0.5483,0.5753,0,0.6139,0,Bayes-M17-med
Kitutu,Sud-Kivu,2,FALSE,0.0121,0.0095,0.0149,0.012,101,100,102,0.0121,0.6328,101,0.0224,NA,NA,NA,NA,NA,NA,0.5024,0.0236,75,0.751,0.805,0,0.4537,0,Bayes-M17-med
Lubumbashi,Haut-Katanga,2,FALSE,0.0118,0.0093,0.0146,0.0118,102,101,104,0.0119,0.6199,102,0.0219,NA,NA,NA,NA,NA,NA,0.1105,0.0051,240,0.1081,0.2104,0,0.1236,0,Bayes-M17-med
Lisala,Mongala,2,FALSE,0.0117,0.0093,0.0145,0.0117,103,102,104,0.0118,0.6153,103,0.0218,NA,NA,NA,NA,NA,NA,0.4093,0.0187,91,0.4286,0.4402,0,0.7683,0,Bayes-M17-med
Mwenga,Sud-Kivu,2,FALSE,0.0115,0.0091,0.0142,0.0115,104,103,106,0.0116,0.6034,104,0.0214,NA,NA,NA,NA,NA,NA,0.319,0.0143,107,0.5,0.3552,0,0.4208,0,Bayes-M17-med
Kongolo,Tanganyika,2,FALSE,0.0114,0.009,0.0141,0.0114,105,105,107,0.0115,0.5981,105,0.0212,NA,NA,NA,NA,NA,NA,0.6829,0.0303,61,0.8861,0.9228,0,0.9228,0,Bayes-M17-med
Kingasani,Kinshasa,2,FALSE,0.0113,0.0089,0.0139,0.0112,107,105,109,0.0113,0.5915,107,0.0209,NA,NA,NA,NA,NA,NA,0.0294,0.0013,421,0.0058,0.0405,0,0.0714,0,Bayes-M17-med
Kimbi Lulenge,Sud-Kivu,2,FALSE,0.0113,0.0089,0.014,0.0113,106,106,108,0.0114,0.5944,106,0.021,NA,NA,NA,NA,NA,NA,0.5507,0.0243,72,0.8475,0.8687,0,0.4865,0,Bayes-M17-med
Itebero,Nord-Kivu,2,FALSE,0.0112,0.0088,0.0138,0.0111,108,107,110,0.0113,0.5865,108,0.0208,NA,NA,0.1103,18,NA,NA,0.5574,0.0242,73,0.9112,0.722,0,0.5965,0,Bayes-M17-med
Kalole,Sud-Kivu,2,FALSE,0.0111,0.0088,0.0137,0.0111,109,108,111,0.0112,0.5827,109,0.0206,NA,NA,NA,NA,NA,NA,0.6038,0.0261,67,0.89,0.7799,0,0.7452,0,Bayes-M17-med
Kabinda,Lomami,2,FALSE,0.0109,0.0086,0.0135,0.0109,110,110,112,0.011,0.573,110,0.0203,NA,NA,NA,NA,NA,NA,0.4382,0.0186,92,0.5097,0.5541,0,0.6892,0,Bayes-M17-med
Mulungu,Sud-Kivu,2,FALSE,0.0109,0.0086,0.0134,0.0108,111,111,113,0.0109,0.5693,111,0.0202,NA,NA,NA,NA,NA,NA,0.5208,0.022,79,0.861,0.5193,0,0.7027,0,Bayes-M17-med
Binga,Mongala,2,FALSE,0.0108,0.0084,0.0136,0.0107,112,101,118,0.0109,0.5666,112,0.0201,NA,NA,NA,NA,NA,NA,0.3306,0.0139,109,0.4749,0.249,0,0.5985,0,Bayes-M17-med
Yamaluka,Mongala,2,FALSE,0.0107,0.0085,0.0131,0.0106,113,112,114,0.0107,0.5597,113,0.0198,NA,NA,NA,NA,NA,NA,0.1974,0.0082,165,0.2799,0.1448,0,0.3649,0,Bayes-M17-med
Kamituga,Sud-Kivu,2,FALSE,0.0105,0.0083,0.013,0.0104,115,113,115,0.0105,0.549,115,0.0194,NA,NA,NA,NA,NA,NA,0.3596,0.0146,106,0.3938,0.6062,0,0.4382,0,Bayes-M17-med
Mbaya,Sud-Ubangi,2,FALSE,0.0105,0.008,0.0134,0.0105,114,99,120,0.0106,0.5519,114,0.0195,NA,NA,NA,NA,NA,NA,0.3142,0.0129,115,0.3514,0.2239,0,0.6815,0,Bayes-M17-med
Opienge,Tshopo,2,FALSE,0.0104,0.0081,0.0129,0.0103,116,115,116,0.0104,0.543,116,0.0192,NA,NA,NA,NA,NA,NA,0.4445,0.0179,96,0.9556,0.0135,0,0.8089,0,Bayes-M17-med
Ango,Bas-Uele,2,FALSE,0.0103,0.008,0.0128,0.0102,117,114,118,0.0103,0.5372,117,0.019,NA,NA,NA,NA,NA,NA,0.7095,0.0283,63,1,0.8591,0,0.9788,0,Bayes-M17-med
Djolu,Tshuapa,2,FALSE,0.0102,0.0081,0.0127,0.0102,118,116,118,0.0103,0.5367,118,0.019,NA,NA,NA,NA,NA,NA,0.5256,0.0209,83,0.7104,0.5985,0,0.7934,0,Bayes-M17-med
Bonzola,Kasaï-Oriental,2,FALSE,0.01,0.0079,0.0123,0.0099,119,117,119,0.01,0.5228,119,0.0185,NA,NA,NA,NA,NA,NA,0.2958,0.0115,123,0.0927,0.7934,0,0.2973,0,Bayes-M17-med
Titule,Bas-Uele,2,FALSE,0.0098,0.0076,0.0122,0.0097,120,118,120,0.0098,0.5112,120,0.0181,NA,NA,NA,NA,NA,NA,0.6839,0.0259,68,0.9865,0.8263,0,0.9228,0,Bayes-M17-med
Mbulula,Tanganyika,2,FALSE,0.0092,0.0073,0.0114,0.0092,121,121,121,0.0093,0.4826,121,0.0171,NA,NA,NA,NA,NA,NA,0.5934,0.0212,82,0.6448,0.7761,0,0.9527,0,Bayes-M17-med
Yahuma,Tshopo,2,FALSE,0.009,0.0071,0.0112,0.009,122,122,122,0.0091,0.4727,122,0.0168,NA,NA,NA,NA,NA,NA,0.4402,0.0154,103,0.8649,0.332,0,0.5637,0,Bayes-M17-med
Lodja,Sankuru,2,FALSE,0.0088,0.0069,0.0108,0.0087,123,123,124,0.0088,0.4585,123,0.0163,NA,NA,NA,NA,NA,NA,0.4626,0.0157,100,0.2625,0.6351,0,0.9527,0,Bayes-M17-med
Kananga,Kasaï-Central,2,FALSE,0.0087,0.0069,0.0108,0.0087,125,124,125,0.0088,0.4578,125,0.0162,NA,NA,NA,NA,NA,NA,0.2963,0.0101,134,0.1429,0.5579,0,0.4846,0,Bayes-M17-med
Kampene,Maniema,2,FALSE,0.0087,0.0069,0.0108,0.0087,124,123,126,0.0088,0.4579,124,0.0162,NA,NA,NA,NA,NA,NA,0.3962,0.0135,112,0.5251,0.1757,0,0.8842,0,Bayes-M17-med
Kalima,Maniema,2,FALSE,0.0087,0.0068,0.0107,0.0086,126,126,127,0.0087,0.4536,126,0.0161,NA,NA,NA,NA,NA,NA,0.3094,0.0104,129,0.4595,0.3205,0,0.4575,0,Bayes-M17-med
Aketi,Bas-Uele,2,FALSE,0.0085,0.0067,0.0105,0.0084,129,123,135,0.0085,0.4426,129,0.0157,NA,NA,NA,NA,NA,NA,0.6762,0.0222,78,0.9903,0.9363,0,0.778,0,Bayes-M17-med
Mumbunda,Haut-Katanga,2,FALSE,0.0085,0.0067,0.0104,0.0084,128,127,130,0.0085,0.4429,128,0.0157,NA,NA,NA,NA,NA,NA,0.1853,0.0061,209,0.1197,0.5077,0,0.1139,0,Bayes-M17-med
Kabalo,Tanganyika,2,FALSE,0.0085,0.0067,0.0105,0.0084,128,127,129,0.0085,0.4439,127,0.0157,NA,NA,NA,NA,NA,NA,0.624,0.0206,87,0.9035,0.7568,0,0.8359,0,Bayes-M17-med
Manika,Lualaba,2,FALSE,0.0084,0.0066,0.0104,0.0084,131,129,131,0.0084,0.4402,131,0.0156,NA,NA,NA,NA,NA,NA,0.1149,0.0038,303,0.0946,0.222,0,0.1429,0,Bayes-M17-med
Bumba,Mongala,2,FALSE,0.0084,0.0066,0.0104,0.0084,130,128,130,0.0085,0.4411,130,0.0156,NA,NA,NA,NA,NA,NA,0.2384,0.0078,176,0.1409,0.4537,0,0.3591,0,Bayes-M17-med
Moba,Tanganyika,2,FALSE,0.0083,0.0065,0.0103,0.0082,132,131,132,0.0083,0.4336,132,0.0154,NA,NA,NA,NA,NA,NA,0.3808,0.0123,118,0.6178,0.4942,0,0.4112,0,Bayes-M17-med
Kasansa,Kasaï-Oriental,2,FALSE,0.0082,0.0064,0.0101,0.0081,133,132,135,0.0082,0.4269,133,0.0151,NA,NA,NA,NA,NA,NA,0.3349,0.0106,127,0.2568,0.6699,0,0.4131,0,Bayes-M17-med
Punia,Maniema,2,FALSE,0.0082,0.0064,0.0101,0.0081,134,133,136,0.0082,0.4268,134,0.0151,NA,NA,NA,NA,NA,NA,0.3731,0.0118,121,0.7625,0.1969,0,0.5328,0,Bayes-M17-med
Doruma,Haut-Uele,2,FALSE,0.0081,0.0064,0.0101,0.0081,135,133,137,0.0081,0.4241,135,0.015,NA,NA,NA,NA,0.04,7,0.6216,0.0196,89,0.973,0.5135,0,1,0,Bayes-M17-med
Makala,Kinshasa,2,FALSE,0.008,0.0064,0.0099,0.008,136,134,137,0.0081,0.421,136,0.0149,NA,NA,NA,NA,NA,NA,0.0246,8e-4,440,0.0116,0.0386,0,0.0483,0,Bayes-M17-med
Haut Plateau,Sud-Kivu,2,FALSE,0.008,0.0063,0.0099,0.0079,137,136,137,0.008,0.4174,137,0.0148,NA,NA,NA,NA,NA,NA,0.5246,0.0163,98,0.5714,0.5444,0,0.9826,0,Bayes-M17-med
Manono,Tanganyika,2,FALSE,0.0079,0.0062,0.0098,0.0079,138,138,138,0.0079,0.4136,138,0.0147,NA,NA,NA,NA,NA,NA,0.5758,0.0177,97,0.8784,0.9537,0,0.471,0,Bayes-M17-med
Nyunzu,Tanganyika,2,FALSE,0.0077,0.0061,0.0096,0.0077,139,139,139,0.0078,0.4044,139,0.0143,NA,NA,NA,NA,NA,NA,0.6023,0.0181,94,0.9653,0.834,0,0.61,0,Bayes-M17-med
Nzaba,Kasaï-Oriental,2,FALSE,0.0076,0.006,0.0093,0.0075,141,141,141,0.0076,0.3958,141,0.014,NA,NA,NA,NA,NA,NA,0.278,0.0082,166,0.1042,0.6931,0,0.3147,0,Bayes-M17-med
Lulingu,Sud-Kivu,2,FALSE,0.0076,0.006,0.0094,0.0076,140,140,140,0.0076,0.3982,140,0.0141,NA,NA,NA,NA,NA,NA,0.6158,0.0182,93,0.9093,0.8108,0,0.7432,0,Bayes-M17-med
Lusangi,Maniema,2,FALSE,0.0074,0.0059,0.0092,0.0074,142,142,143,0.0075,0.3898,142,0.0138,NA,NA,NA,NA,NA,NA,0.4223,0.0122,119,0.5656,0.2645,0,0.8591,0,Bayes-M17-med
Lolo,Mongala,2,FALSE,0.0074,0.0058,0.0091,0.0073,144,142,146,0.0074,0.3855,144,0.0137,NA,NA,NA,NA,NA,NA,0.3161,0.009,150,0.4073,0.3263,0,0.5309,0,Bayes-M17-med
Minembwe,Sud-Kivu,2,FALSE,0.0074,0.0059,0.0092,0.0074,143,143,144,0.0075,0.389,143,0.0138,NA,NA,NA,NA,NA,NA,0.5198,0.015,105,0.7181,0.8089,0,0.5521,0,Bayes-M17-med
Kabongo,Haut-Lomami,2,FALSE,0.0073,0.0058,0.009,0.0073,145,144,145,0.0073,0.3821,145,0.0136,NA,NA,NA,NA,NA,NA,0.5372,0.0152,104,0.8108,0.778,0,0.5598,0,Bayes-M17-med
Kalamu 2,Kinshasa,2,FALSE,0.0072,0.0057,0.0089,0.0072,146,144,147,0.0073,0.3781,146,0.0134,NA,NA,NA,NA,NA,NA,0.015,4e-4,447,0.0039,0.0154,0,0.0405,0,Bayes-M17-med
Mulumba,Lomami,2,FALSE,0.0072,0.0056,0.0089,0.0071,147,146,147,0.0072,0.3749,147,0.0133,NA,NA,NA,NA,NA,NA,0.2587,0.0072,190,0.1834,0.3108,0,0.5405,0,Bayes-M17-med
Luputa,Lomami,2,FALSE,0.0071,0.0056,0.0087,0.007,148,148,149,0.0071,0.3689,148,0.0131,NA,NA,NA,NA,NA,NA,0.3431,0.0094,145,0.3301,0.3166,0,0.7259,0,Bayes-M17-med
Tshilenge,Kasaï-Oriental,2,FALSE,0.007,0.0055,0.0086,0.0069,151,150,152,0.007,0.365,151,0.013,NA,NA,NA,NA,NA,NA,0.2799,0.0076,182,0.1892,0.668,0,0.2625,0,Bayes-M17-med
Kisenso,Kinshasa,2,FALSE,0.007,0.0055,0.0086,0.0069,152,149,155,0.007,0.3636,152,0.0129,NA,NA,NA,NA,NA,NA,0.0589,0.0016,406,0.0367,0.139,0,0.0598,0,Bayes-M17-med
Samba,Maniema,2,FALSE,0.007,0.0055,0.0086,0.007,150,149,151,0.007,0.3657,150,0.013,NA,NA,NA,NA,NA,NA,0.5179,0.0141,108,0.7529,0.4344,0,0.8842,0,Bayes-M17-med
Yahisuli,Tshopo,2,FALSE,0.007,0.0055,0.0087,0.007,149,148,154,0.007,0.366,149,0.013,NA,NA,NA,NA,NA,NA,0.3521,0.0096,139,0.3842,0.0714,0,0.9527,0,Bayes-M17-med
Kamina,Haut-Lomami,2,FALSE,0.0069,0.0055,0.0086,0.0069,154,153,155,0.0069,0.3619,155,0.0128,NA,NA,NA,NA,NA,NA,0.5164,0.0139,110,0.8301,0.8301,0,0.4054,0,Bayes-M17-med
Mweneditu,Lomami,2,FALSE,0.0069,0.0055,0.0086,0.0069,153,152,153,0.007,0.3629,153,0.0129,NA,NA,NA,NA,NA,NA,0.2799,0.0075,184,0.166,0.3842,0,0.5695,0,Bayes-M17-med
Opala,Tshopo,2,FALSE,0.0069,0.0054,0.0086,0.0069,154,150,155,0.007,0.3626,154,0.0129,NA,NA,NA,NA,NA,NA,0.4269,0.0115,122,0.7819,0.0792,0,0.8465,0,Bayes-M17-med
Boende,Tshuapa,2,FALSE,0.0068,0.0053,0.0084,0.0067,156,156,156,0.0068,0.3533,156,0.0125,NA,NA,NA,NA,NA,NA,0.4199,0.011,125,0.6988,0.4807,0,0.5,0,Bayes-M17-med
Idiofa,Kwilu,2,FALSE,0.0067,0.0053,0.0083,0.0066,157,157,157,0.0067,0.349,157,0.0124,NA,NA,NA,NA,NA,NA,0.486,0.0126,117,0.4537,0.749,0,0.7413,0,Bayes-M17-med
Kailo,Maniema,2,FALSE,0.0066,0.0052,0.0082,0.0066,158,158,158,0.0066,0.3458,158,0.0123,NA,NA,NA,NA,NA,NA,0.4276,0.011,126,0.832,0.0946,0,0.7838,0,Bayes-M17-med
Kabeya Kamwanga,Kasaï-Oriental,2,FALSE,0.0062,0.0049,0.0077,0.0062,160,159,160,0.0062,0.3245,160,0.0115,NA,NA,NA,NA,NA,NA,0.2968,0.0072,191,0.3224,0.3919,0,0.473,0,Bayes-M17-med
Karawa,Nord-Ubangi,2,FALSE,0.0062,0.0049,0.0077,0.0062,159,159,160,0.0062,0.3257,159,0.0116,NA,NA,NA,NA,NA,NA,0.6404,0.0155,102,0.7568,0.973,0,0.832,0,Bayes-M17-med
Tshikapa,Kasaï,2,FALSE,0.0061,0.0048,0.0075,0.006,161,161,162,0.0061,0.3174,161,0.0113,NA,NA,NA,NA,NA,NA,0.3156,0.0074,186,0.2722,0.6506,0,0.3398,0,Bayes-M17-med
Malemba Nkulu,Haut-Lomami,2,FALSE,0.006,0.0047,0.0074,0.006,164,163,165,0.006,0.3126,164,0.0111,NA,NA,NA,NA,NA,NA,0.3895,0.009,151,0.36870000000000003,0.7664,0,0.4228,0,Bayes-M17-med
Kamwesha,Kasaï,2,FALSE,0.006,0.0047,0.0075,0.006,162,162,164,0.006,0.3145,162,0.0112,NA,NA,NA,NA,NA,NA,0.2732,0.0064,208,0.3456,0.2876,0,0.4595,0,Bayes-M17-med
Biyela,Kinshasa,2,FALSE,0.006,0.0047,0.0074,0.006,163,162,166,0.006,0.3127,163,0.0111,NA,NA,NA,NA,NA,NA,0.1076,0.0025,369,0.0637,0.2838,0,0.083,0,Bayes-M17-med
Mbandaka,Equateur,2,FALSE,0.0059,0.0047,0.0073,0.0059,166,163,167,0.0059,0.3092,166,0.011,NA,NA,NA,NA,NA,NA,0.5164,0.0119,120,0.6409,0.9633,0,0.4614,0,Bayes-M17-med
Demba,Kasaï-Central,2,FALSE,0.0059,0.0046,0.0073,0.0059,167,166,168,0.0059,0.3073,167,0.0109,NA,NA,NA,NA,NA,NA,0.4117,0.0094,144,0.4653,0.7143,0,0.4672,0,Bayes-M17-med
Tandala,Sud-Ubangi,2,FALSE,0.0059,0.0046,0.0072,0.0058,168,161,170,0.0059,0.306,168,0.0109,NA,NA,NA,NA,NA,NA,0.4078,0.0093,147,0.2741,0.527,0,0.8301,0,Bayes-M17-med
Lingomo,Tshuapa,2,FALSE,0.0059,0.0047,0.0074,0.0059,165,164,167,0.006,0.3105,165,0.011,NA,NA,NA,NA,NA,NA,0.5627,0.013,114,0.8263,0.5869,0,0.8378,0,Bayes-M17-med
Kipushi,Haut-Katanga,2,FALSE,0.0058,0.0046,0.0072,0.0058,170,169,170,0.0058,0.3032,170,0.0108,NA,NA,NA,NA,NA,NA,0.1216,0.0027,347,0.2703,0.1081,0,0.1081,0,Bayes-M17-med
Kitenge,Haut-Lomami,2,FALSE,0.0058,0.0046,0.0072,0.0058,169,168,169,0.0059,0.3056,169,0.0108,NA,NA,NA,NA,NA,NA,0.5729,0.013,113,0.8668,0.8069,0,0.6178,0,Bayes-M17-med
Kimbanseke,Kinshasa,2,FALSE,0.0057,0.0045,0.007,0.0057,172,171,174,0.0057,0.2968,172,0.0105,NA,NA,NA,NA,NA,NA,0.0526,0.0012,425,0.0521,0.0849,0,0.0734,0,Bayes-M17-med
Bwamanda,Sud-Ubangi,2,FALSE,0.0057,0.0045,0.0071,0.0057,171,171,174,0.0057,0.2978,171,0.0106,NA,NA,NA,NA,NA,NA,0.4667,0.0103,130,0.4189,0.7394,0,0.7085,0,Bayes-M17-med
Tshamilemba,Haut-Katanga,2,FALSE,0.0056,0.0044,0.0069,0.0056,175,175,176,0.0056,0.2914,175,0.0103,NA,NA,NA,NA,NA,NA,0.0772,0.0017,401,0.0656,0.1255,0,0.1178,0,Bayes-M17-med
Kaniama,Haut-Lomami,2,FALSE,0.0056,0.0044,0.007,0.0056,173,171,174,0.0057,0.2948,174,0.0105,NA,NA,NA,NA,NA,NA,0.582,0.0128,116,0.8533,0.6622,0,0.8127,0,Bayes-M17-med
Lubao,Lomami,2,FALSE,0.0056,0.0044,0.007,0.0056,174,172,174,0.0057,0.2948,173,0.0105,NA,NA,NA,NA,NA,NA,0.3982,0.0087,156,0.6486,0.1525,0,0.7915,0,Bayes-M17-med
Mikalayi,Kasaï-Central,2,FALSE,0.0055,0.0044,0.0068,0.0055,176,176,177,0.0055,0.2891,176,0.0103,NA,NA,NA,NA,NA,NA,0.3948,0.0085,160,0.4517,0.5811,0,0.5463,0,Bayes-M17-med
Ikela,Tshuapa,2,FALSE,0.0055,0.0043,0.0068,0.0054,177,177,178,0.0055,0.2852,177,0.0101,NA,NA,NA,NA,NA,NA,0.4633,0.0098,138,0.8147,0.1795,0,0.8591,0,Bayes-M17-med
Mondombe,Tshuapa,2,FALSE,0.0054,0.0043,0.0067,0.0054,178,178,179,0.0054,0.2822,178,0.01,NA,NA,NA,NA,NA,NA,0.4797,0.0101,135,0.6622,0.3726,0,0.8842,0,Bayes-M17-med
Diulu,Kasaï-Oriental,2,FALSE,0.0053,0.0042,0.0066,0.0053,181,181,182,0.0053,0.2775,181,0.0099,NA,NA,NA,NA,NA,NA,0.2611,0.0054,232,0.0676,0.6448,0,0.332,0,Bayes-M17-med
Lukelenge,Kasaï-Oriental,2,FALSE,0.0053,0.0042,0.0066,0.0053,180,179,180,0.0054,0.2789,180,0.0099,NA,NA,NA,NA,NA,NA,0.2249,0.0047,259,0.0811,0.5,0,0.3185,0,Bayes-M17-med
Lusanga,Kwilu,2,FALSE,0.0053,0.0041,0.0065,0.0052,182,182,183,0.0053,0.2745,182,0.0097,NA,NA,NA,NA,NA,NA,0.4242,0.0087,157,0.4382,0.7297,0,0.529,0,Bayes-M17-med
Yamongili,Mongala,2,FALSE,0.0053,0.0042,0.0066,0.0053,179,179,181,0.0054,0.2792,179,0.0099,NA,NA,NA,NA,NA,NA,0.3243,0.0067,203,0.5116,0.3668,0,0.4189,0,Bayes-M17-med
Luebo,Kasaï,2,FALSE,0.0052,0.0041,0.0064,0.0052,184,184,185,0.0052,0.2708,184,0.0096,NA,NA,NA,NA,NA,NA,0.4353,0.0088,154,0.5232,0.5116,0,0.7066,0,Bayes-M17-med
Ngandajika,Lomami,2,FALSE,0.0052,0.0041,0.0065,0.0052,183,183,184,0.0052,0.2727,183,0.0097,NA,NA,NA,NA,NA,NA,0.3465,0.007,194,0.2124,0.4459,0,0.7278,0,Bayes-M17-med
Ndage,Sud-Ubangi,2,FALSE,0.0052,0.004,0.0064,0.0051,185,175,192,0.0052,0.2702,185,0.0096,NA,NA,NA,NA,NA,NA,0.3533,0.0071,193,0.3996,0.2761,0,0.7375,0,Bayes-M17-med
Mweka,Kasaï,2,FALSE,0.0051,0.004,0.0063,0.005,188,187,188,0.0051,0.2649,188,0.0094,NA,NA,NA,NA,NA,NA,0.5053,0.01,136,0.4788,0.7239,0,0.8185,0,Bayes-M17-med
Cilundu,Kasaï-Oriental,2,FALSE,0.0051,0.004,0.0063,0.0051,187,186,187,0.0051,0.2669,187,0.0095,NA,NA,NA,NA,NA,NA,0.221,0.0044,271,0.2317,0.3089,0,0.3436,0,Bayes-M17-med
Kabambare,Maniema,2,FALSE,0.0051,0.004,0.0063,0.0051,186,185,186,0.0051,0.2673,186,0.0095,NA,NA,NA,NA,NA,NA,0.3953,0.0079,175,0.8359,0.112,0,0.6332,0,Bayes-M17-med
Likati,Bas-Uele,2,FALSE,0.005,0.004,0.0062,0.005,190,186,192,0.005,0.262,190,0.0093,NA,NA,NA,NA,NA,NA,0.7124,0.0139,111,0.9942,0.971,0,0.8842,0,Bayes-M17-med
Maluku 2,Kinshasa,2,FALSE,0.005,0.004,0.0062,0.005,189,189,190,0.005,0.2625,189,0.0093,NA,NA,NA,NA,NA,NA,0.4184,0.0082,167,0.6834,0.5463,0,0.444,0,Bayes-M17-med
Bena Leka,Kasaï-Central,2,FALSE,0.0049,0.0039,0.0061,0.0049,192,191,192,0.0049,0.2565,192,0.0091,NA,NA,NA,NA,NA,NA,0.4986,0.0095,141,0.6062,0.7162,0,0.6718,0,Bayes-M17-med
Luiza,Kasaï-Central,2,FALSE,0.0049,0.0039,0.0061,0.0049,191,190,191,0.005,0.2584,191,0.0092,NA,NA,NA,NA,NA,NA,0.4218,0.0081,168,0.4807,0.6293,0,0.5772,0,Bayes-M17-med
Vanga,Kwilu,2,FALSE,0.0049,0.0038,0.006,0.0049,193,193,193,0.0049,0.2551,193,0.0091,NA,NA,NA,NA,NA,NA,0.5034,0.0095,140,0.3726,0.8205,0,0.8205,0,Bayes-M17-med
Bulungu,Kwilu,2,FALSE,0.0049,0.0038,0.006,0.0049,194,193,194,0.0049,0.2549,194,0.0091,NA,NA,NA,NA,NA,NA,0.4508,0.0085,158,0.3571,0.6795,0,0.7664,0,Bayes-M17-med
Masuika,Kasaï-Central,2,FALSE,0.0048,0.0038,0.006,0.0048,195,195,195,0.0049,0.2528,195,0.009,NA,NA,NA,NA,NA,NA,0.3885,0.0073,189,0.3263,0.5618,0,0.666,0,Bayes-M17-med
Bibanga,Kasaï-Oriental,2,FALSE,0.0048,0.0038,0.006,0.0048,196,196,197,0.0048,0.2522,196,0.009,NA,NA,NA,NA,NA,NA,0.2978,0.0056,221,0.3127,0.4884,0,0.39,0,Bayes-M17-med
Fungurume,Lualaba,2,FALSE,0.0048,0.0037,0.0059,0.0047,199,199,200,0.0048,0.2485,199,0.0088,NA,NA,NA,NA,NA,NA,0.1564,0.0029,340,0.2664,0.1622,0,0.1969,0,Bayes-M17-med
Bokungu,Tshuapa,2,FALSE,0.0048,0.0038,0.006,0.0048,197,196,198,0.0048,0.2511,197,0.0089,NA,NA,NA,NA,NA,NA,0.49370000000000003,0.0092,149,0.695,0.3571,0,0.9228,0,Bayes-M17-med
Kansimba,Tanganyika,2,FALSE,0.0048,0.0038,0.0059,0.0048,198,197,198,0.0048,0.2503,198,0.0089,NA,NA,NA,NA,NA,NA,0.5497,0.0102,132,0.9479,0.7741,0,0.4768,0,Bayes-M17-med
Citenge,Kasaï-Oriental,2,FALSE,0.0047,0.0037,0.0058,0.0047,201,200,201,0.0047,0.2456,201,0.0087,NA,NA,NA,NA,NA,NA,0.2321,0.0042,280,0.1583,0.4749,0,0.2954,0,Bayes-M17-med
Kenge,Kwango,2,FALSE,0.0047,0.0037,0.0058,0.0046,202,202,204,0.0047,0.2432,202,0.0086,NA,NA,NA,NA,NA,NA,0.5574,0.0101,133,0.6139,0.8127,0,0.8031,0,Bayes-M17-med
Lomela,Sankuru,2,FALSE,0.0047,0.0037,0.0059,0.0047,200,198,202,0.0047,0.2475,200,0.0088,NA,NA,NA,NA,NA,NA,0.4759,0.0088,155,0.8456,0.1351,0,0.9228,0,Bayes-M17-med
Bukama,Haut-Lomami,2,FALSE,0.0046,0.0036,0.0057,0.0046,208,207,208,0.0046,0.239,208,0.0085,NA,NA,NA,NA,NA,NA,0.4764,0.0085,161,0.7143,0.7625,0,0.4286,0,Bayes-M17-med
Bumbu,Kinshasa,2,FALSE,0.0046,0.0037,0.0057,0.0046,205,200,208,0.0046,0.2415,205,0.0086,NA,NA,NA,NA,NA,NA,0.0164,3e-4,449,0.0019,0.029,0,0.0347,0,Bayes-M17-med
Tshofa,Lomami,2,FALSE,0.0046,0.0036,0.0057,0.0046,207,206,208,0.0046,0.2395,207,0.0085,NA,NA,NA,NA,NA,NA,0.4416,0.0079,174,0.6757,0.3514,0,0.7394,0,Bayes-M17-med
Kanda Kanda,Lomami,2,FALSE,0.0046,0.0037,0.0057,0.0046,203,203,204,0.0047,0.2427,203,0.0086,NA,NA,NA,NA,NA,NA,0.3012,0.0054,230,0.3185,0.1737,0,0.7124,0,Bayes-M17-med
Kibombo,Maniema,2,FALSE,0.0046,0.0036,0.0057,0.0046,206,205,206,0.0046,0.2404,206,0.0085,NA,NA,NA,NA,NA,NA,0.4614,0.0082,162,0.7452,0.1776,0,0.9228,0,Bayes-M17-med
Itombwe,Sud-Kivu,2,FALSE,0.0046,0.0037,0.0057,0.0046,204,202,205,0.0047,0.2424,204,0.0086,NA,NA,NA,NA,NA,NA,0.5121,0.0092,148,0.8571,0.6737,0,0.5174,0,Bayes-M17-med
Kikwit Nord,Kwilu,2,FALSE,0.0045,0.0035,0.0055,0.0044,211,211,212,0.0045,0.2326,211,0.0083,NA,NA,NA,NA,NA,NA,0.2915,0.005,242,0.1236,0.5405,0,0.5019,0,Bayes-M17-med
Kalenda,Lomami,2,FALSE,0.0045,0.0036,0.0056,0.0045,209,209,209,0.0045,0.2362,209,0.0084,NA,NA,NA,NA,NA,NA,0.2886,0.0051,241,0.388,0.1873,0,0.5792,0,Bayes-M17-med
Katako Kombe,Sankuru,2,FALSE,0.0045,0.0035,0.0056,0.0045,210,210,210,0.0045,0.235,210,0.0083,NA,NA,NA,NA,NA,NA,0.4703,0.0082,163,0.7857,0.1313,0,0.9643,0,Bayes-M17-med
Yalimbongo,Tshopo,2,FALSE,0.0044,0.0035,0.0055,0.0044,212,211,213,0.0044,0.2319,212,0.0082,NA,NA,NA,NA,NA,NA,0.3214,0.0055,224,0.5772,0.0483,0,0.6602,0,Bayes-M17-med
Ludimbi Lukula,Lomami,2,FALSE,0.0043,0.0034,0.0053,0.0042,218,218,218,0.0043,0.2223,218,0.0079,NA,NA,NA,NA,NA,NA,0.4513,0.0075,185,0.6931,0.3475,0,0.7645,0,Bayes-M17-med
Dilala,Lualaba,2,FALSE,0.0043,0.0034,0.0053,0.0043,217,215,217,0.0043,0.2231,217,0.0079,NA,NA,NA,NA,NA,NA,0.1347,0.0022,381,0.1506,0.2548,0,0.1332,0,Bayes-M17-med
Obokote,Maniema,2,FALSE,0.0043,0.0034,0.0053,0.0042,216,216,218,0.0043,0.2231,216,0.0079,NA,NA,NA,NA,NA,NA,0.3209,0.0053,233,0.7239,0.0328,0,0.527,0,Bayes-M17-med
Vanga Kete,Sankuru,2,FALSE,0.0043,0.0034,0.0053,0.0043,215,214,215,0.0043,0.2259,215,0.008,NA,NA,NA,NA,NA,NA,0.4503,0.0076,183,0.4672,0.4112,0,0.9228,0,Bayes-M17-med
Bogosenubea,Sud-Ubangi,2,FALSE,0.0043,0.0034,0.0054,0.0043,213,211,217,0.0043,0.2267,213,0.0081,NA,NA,NA,NA,NA,NA,0.4107,0.0069,197,0.4981,0.3031,0,0.8417,0,Bayes-M17-med
Yalifafu,Tshuapa,2,FALSE,0.0043,0.0034,0.0054,0.0043,214,213,215,0.0043,0.2264,214,0.008,NA,NA,NA,NA,NA,NA,0.4797,0.0081,169,0.7664,0.2683,0,0.8842,0,Bayes-M17-med
Kalonda Ouest,Kasaï,2,FALSE,0.0042,0.0033,0.0052,0.0042,221,221,222,0.0042,0.2207,221,0.0078,NA,NA,NA,NA,NA,NA,0.2239,0.0037,305,0.2915,0.251,0,0.3533,0,Bayes-M17-med
Miabi,Kasaï-Oriental,2,FALSE,0.0042,0.0033,0.0053,0.0042,219,219,220,0.0043,0.2218,219,0.0079,NA,NA,NA,NA,NA,NA,0.2838,0.0047,257,0.2297,0.6525,0,0.2529,0,Bayes-M17-med
Ngaba,Kinshasa,2,FALSE,0.0042,0.0033,0.0052,0.0042,222,216,223,0.0042,0.2196,222,0.0078,NA,NA,NA,NA,NA,NA,0.014,2e-4,451,0,0.0058,0,0.0502,0,Bayes-M17-med
Gungu,Kwilu,2,FALSE,0.0042,0.0033,0.0052,0.0042,223,222,223,0.0042,0.2184,223,0.0078,NA,NA,NA,NA,NA,NA,0.4237,0.0069,199,0.5058,0.6969,0,0.4923,0,Bayes-M17-med
Mukedi,Kwilu,2,FALSE,0.0042,0.0033,0.0053,0.0042,220,219,221,0.0043,0.2217,220,0.0079,NA,NA,NA,NA,NA,NA,0.4836,0.008,170,0.5367,0.7066,0,0.6911,0,Bayes-M17-med
Mulongo,Haut-Lomami,2,FALSE,0.0041,0.0032,0.0051,0.0041,225,224,225,0.0041,0.2148,225,0.0076,NA,NA,NA,NA,NA,NA,0.4773,0.0076,181,0.7471,0.7703,0,0.3919,0,Bayes-M17-med
Lubilanji,Kasaï-Oriental,2,FALSE,0.0041,0.0032,0.005,0.004,227,226,228,0.0041,0.2124,227,0.0075,NA,NA,NA,NA,NA,NA,0.1694,0.0027,357,0.0347,0.3398,0,0.3031,0,Bayes-M17-med
Muya,Kasaï-Oriental,2,FALSE,0.0041,0.0032,0.005,0.0041,226,226,227,0.0041,0.2134,226,0.0076,NA,NA,NA,NA,NA,NA,0.2495,0.004,292,0.0753,0.5888,0,0.334,0,Bayes-M17-med
Pimu,Mongala,2,FALSE,0.0041,0.0033,0.0051,0.0041,224,224,224,0.0041,0.216,224,0.0077,NA,NA,NA,NA,NA,NA,0.4257,0.0068,200,0.583,0.3707,0,0.749,0,Bayes-M17-med
Bipemba,Kasaï-Oriental,2,FALSE,0.004,0.0032,0.005,0.004,230,229,230,0.004,0.2105,230,0.0075,NA,NA,NA,NA,NA,NA,0.1544,0.0024,373,0.0618,0.2201,0,0.3359,0,Bayes-M17-med
Mpokolo,Kasaï-Oriental,2,FALSE,0.004,0.0031,0.0049,0.0039,235,235,236,0.004,0.2069,235,0.0074,NA,NA,NA,NA,NA,NA,0.2901,0.0045,268,0.1255,0.6873,0,0.3475,0,Bayes-M17-med
Tshishimbi,Kasaï-Oriental,2,FALSE,0.004,0.0032,0.005,0.004,231,231,233,0.004,0.2097,231,0.0075,NA,NA,NA,NA,NA,NA,0.1742,0.0027,352,0.1795,0.2471,0,0.2703,0,Bayes-M17-med
Koshibanda,Kwilu,2,FALSE,0.004,0.0032,0.005,0.004,232,231,232,0.004,0.2095,232,0.0074,NA,NA,NA,NA,NA,NA,0.4913,0.0077,180,0.5193,0.6757,0,0.7703,0,Bayes-M17-med
Kalambayi Kabanga,Lomami,2,FALSE,0.004,0.0032,0.005,0.004,233,231,233,0.004,0.2091,233,0.0074,NA,NA,NA,NA,NA,NA,0.3132,0.0049,248,0.4556,0.1602,0,0.6371,0,Bayes-M17-med
Yakoma,Nord-Ubangi,2,FALSE,0.004,0.0032,0.005,0.004,228,227,234,0.004,0.211,228,0.0075,NA,NA,NA,NA,NA,NA,0.6641,0.0104,128,0.7124,0.9479,0,0.9961,0,Bayes-M17-med
Omendjadi,Sankuru,2,FALSE,0.004,0.0032,0.005,0.004,229,228,230,0.004,0.2106,229,0.0075,NA,NA,NA,NA,NA,NA,0.4262,0.0067,204,0.5502,0.2317,0,0.9228,0,Bayes-M17-med
Ankoro,Tanganyika,2,FALSE,0.004,0.0031,0.0049,0.004,234,234,234,0.004,0.2086,234,0.0074,NA,NA,NA,NA,NA,NA,0.6047,0.0094,146,0.9266,0.8282,0,0.6641,0,Bayes-M17-med
Tshikaji,Kasaï-Central,2,FALSE,0.0039,0.003,0.0048,0.0038,243,243,244,0.0039,0.2013,243,0.0072,NA,NA,NA,NA,NA,NA,0.3195,0.0048,251,0.1873,0.5849,0,0.5058,0,Bayes-M17-med
Luambo,Kasaï-Central,2,FALSE,0.0039,0.0031,0.0048,0.0039,239,238,239,0.0039,0.2042,239,0.0073,NA,NA,NA,NA,NA,NA,0.3769,0.0057,218,0.5347,0.5656,0,0.4073,0,Bayes-M17-med
Dibindi,Kasaï-Oriental,2,FALSE,0.0039,0.0031,0.0049,0.0039,237,236,237,0.0039,0.2059,237,0.0073,NA,NA,NA,NA,NA,NA,0.1617,0.0025,370,0.0386,0.2954,0,0.3127,0,Bayes-M17-med
Kamana,Lomami,2,FALSE,0.0039,0.0031,0.0048,0.0039,240,239,240,0.0039,0.2037,240,0.0072,NA,NA,NA,NA,NA,NA,0.2944,0.0045,269,0.5309,0.0174,0,0.6293,0,Bayes-M17-med
Bosondjo,Mongala,2,FALSE,0.0039,0.0031,0.0048,0.0039,238,237,241,0.0039,0.2043,238,0.0073,NA,NA,NA,NA,NA,NA,0.3489,0.0053,234,0.5618,0.1931,0,0.6409,0,Bayes-M17-med
Gbadolite,Nord-Ubangi,2,FALSE,0.0039,0.0031,0.0049,0.0039,236,230,239,0.004,0.2061,236,0.0073,NA,NA,NA,NA,NA,NA,0.5183,0.0079,172,0.7915,0.9653,0,0.3166,0,Bayes-M17-med
Ototo,Sankuru,2,FALSE,0.0039,0.0031,0.0048,0.0039,242,241,242,0.0039,0.2032,242,0.0072,NA,NA,NA,NA,NA,NA,0.4561,0.0069,198,0.5386,0.3629,0,0.9228,0,Bayes-M17-med
Libenge,Sud-Ubangi,2,FALSE,0.0039,0.0031,0.0048,0.0039,241,238,242,0.0039,0.2033,241,0.0072,NA,NA,NA,NA,NA,NA,0.3818,0.0058,216,0.6293,0.3591,0,0.5386,0,Bayes-M17-med
Kampemba,Haut-Katanga,2,FALSE,0.0038,0.003,0.0046,0.0037,250,250,251,0.0038,0.196,250,0.007,NA,NA,NA,NA,NA,NA,0.0531,8e-4,439,0.0598,0.0367,0,0.1158,0,Bayes-M17-med
Kabondo Dianda,Haut-Lomami,2,FALSE,0.0038,0.003,0.0047,0.0038,247,247,248,0.0038,0.1984,247,0.0071,NA,NA,NA,NA,NA,NA,0.4107,0.0061,210,0.5888,0.5714,0,0.4826,0,Bayes-M17-med
Kansele,Kasaï-Oriental,2,FALSE,0.0038,0.003,0.0047,0.0038,249,247,250,0.0038,0.1968,249,0.007,NA,NA,NA,NA,NA,NA,0.2437,0.0036,309,0.0541,0.5965,0,0.3243,0,Bayes-M17-med
Ipamu,Kwilu,2,FALSE,0.0038,0.003,0.0046,0.0037,251,249,251,0.0038,0.1959,251,0.007,NA,NA,NA,NA,NA,NA,0.5454,0.0079,171,0.4903,0.7683,0,0.9228,0,Bayes-M17-med
Alunguli,Maniema,2,FALSE,0.0038,0.003,0.0047,0.0038,244,243,245,0.0038,0.2005,244,0.0071,NA,NA,NA,NA,NA,NA,0.3132,0.0047,258,0.1737,0.195,0,0.8842,0,Bayes-M17-med
Dikungu,Sankuru,2,FALSE,0.0038,0.003,0.0047,0.0038,248,248,249,0.0038,0.1978,248,0.007,NA,NA,NA,NA,NA,NA,0.3779,0.0056,222,0.4865,0.1409,0,0.8842,0,Bayes-M17-med
Minga,Sankuru,2,FALSE,0.0038,0.003,0.0047,0.0038,246,246,246,0.0038,0.1988,246,0.0071,NA,NA,NA,NA,NA,NA,0.5347,0.0079,173,0.7838,0.471,0,0.8842,0,Bayes-M17-med
Tshumbe,Sankuru,2,FALSE,0.0038,0.003,0.0047,0.0038,245,244,245,0.0038,0.2,245,0.0071,NA,NA,NA,NA,NA,NA,0.3907,0.0058,213,0.5444,0.1718,0,0.8465,0,Bayes-M17-med
Kanzala,Kasaï,2,FALSE,0.0037,0.0029,0.0045,0.0036,255,254,258,0.0037,0.1908,255,0.0068,NA,NA,NA,NA,NA,NA,0.2046,0.0029,338,0.168,0.3127,0,0.3378,0,Bayes-M17-med
Ndekesha,Kasaï-Central,2,FALSE,0.0037,0.0029,0.0046,0.0037,252,252,252,0.0037,0.1938,252,0.0069,NA,NA,NA,NA,NA,NA,0.4059,0.0059,212,0.4768,0.4498,0,0.6969,0,Bayes-M17-med
Matadi,Kongo-Central,2,FALSE,0.0037,0.0029,0.0046,0.0037,253,253,253,0.0037,0.1935,253,0.0069,NA,NA,NA,NA,NA,NA,0.2939,0.0042,281,0.1564,0.944,0,0.0753,0,Bayes-M17-med
Lowa,Tshopo,2,FALSE,0.0037,0.0029,0.0045,0.0036,254,254,256,0.0037,0.1909,254,0.0068,NA,NA,NA,NA,NA,NA,0.4073,0.0058,215,0.8938,0.0598,0,0.6757,0,Bayes-M17-med
Sakania,Haut-Katanga,2,FALSE,0.0036,0.0029,0.0045,0.0036,257,256,257,0.0036,0.1899,257,0.0068,NA,NA,NA,NA,NA,NA,0.2775,0.0039,295,0.7375,0.2355,0,0.1371,0,Bayes-M17-med
Mukanga,Haut-Lomami,2,FALSE,0.0036,0.0028,0.0045,0.0036,258,258,260,0.0036,0.1879,258,0.0067,NA,NA,NA,NA,NA,NA,0.4739,0.0066,205,0.6853,0.6911,0,0.5193,0,Bayes-M17-med
Dibaya,Kasaï-Central,2,FALSE,0.0036,0.0029,0.0045,0.0036,255,255,256,0.0037,0.1905,256,0.0068,NA,NA,NA,NA,NA,NA,0.3325,0.0047,256,0.3147,0.4479,0,0.5676,0,Bayes-M17-med
Kikwit Sud,Kwilu,2,FALSE,0.0036,0.0028,0.0044,0.0036,260,258,262,0.0036,0.1867,260,0.0066,NA,NA,NA,NA,NA,NA,0.3282,0.0046,264,0.1313,0.7008,0,0.4807,0,Bayes-M17-med
Boso Manzi,Mongala,2,FALSE,0.0036,0.0028,0.0044,0.0036,259,255,261,0.0036,0.1875,259,0.0067,NA,NA,NA,NA,NA,NA,0.3982,0.0056,223,0.5695,0.2278,0,0.7954,0,Bayes-M17-med
Bili (Bas-Uele),Bas-Uele,2,FALSE,0.0035,0.0028,0.0044,0.0035,264,260,269,0.0035,0.1837,264,0.0065,NA,NA,NA,NA,NA,NA,0.6926,0.0095,142,0.9981,0.7992,0,0.973,0,Bayes-M17-med
Monga,Bas-Uele,2,FALSE,0.0035,0.0028,0.0043,0.0035,266,264,268,0.0035,0.1822,266,0.0065,NA,NA,NA,NA,NA,NA,0.7336,0.0099,137,0.9826,0.9672,0,0.9846,0,Bayes-M17-med
Katende,Kasaï-Central,2,FALSE,0.0035,0.0027,0.0043,0.0034,267,265,267,0.0035,0.1806,267,0.0064,NA,NA,NA,NA,NA,NA,0.5154,0.0069,196,0.6525,0.6486,0,0.7606,0,Bayes-M17-med
Mukumbi,Kasaï-Oriental,2,FALSE,0.0035,0.0027,0.0043,0.0034,268,266,269,0.0035,0.1802,268,0.0064,NA,NA,NA,NA,NA,NA,0.2249,0.003,329,0.2413,0.1892,0,0.4691,0,Bayes-M17-med
Yasa Bonga,Kwilu,2,FALSE,0.0035,0.0028,0.0044,0.0035,262,262,263,0.0035,0.1849,262,0.0066,NA,NA,NA,NA,NA,NA,0.4206,0.0058,214,0.3031,0.5328,0,0.8465,0,Bayes-M17-med
Ferekeni,Maniema,2,FALSE,0.0035,0.0028,0.0044,0.0035,261,261,262,0.0036,0.1854,261,0.0066,NA,NA,NA,NA,NA,NA,0.3504,0.0048,249,0.7722,0.0425,0,0.5869,0,Bayes-M17-med
Kungu,Sud-Ubangi,2,FALSE,0.0035,0.0028,0.0044,0.0035,263,259,266,0.0035,0.1843,263,0.0066,NA,NA,NA,NA,NA,NA,0.3711,0.0051,239,0.3745,0.3359,0,0.7741,0,Bayes-M17-med
Kiambi,Tanganyika,2,FALSE,0.0035,0.0028,0.0043,0.0035,265,264,265,0.0035,0.1831,265,0.0065,NA,NA,NA,NA,NA,NA,0.5709,0.0078,177,0.9807,0.6834,0,0.6197,0,Bayes-M17-med
Basankusu,Equateur,2,FALSE,0.0034,0.0027,0.0042,0.0034,274,273,275,0.0034,0.1771,274,0.0063,NA,NA,NA,NA,NA,NA,0.6844,0.009,152,0.9517,0.8629,0,0.9228,0,Bayes-M17-med
Bolomba,Equateur,2,FALSE,0.0034,0.0027,0.0042,0.0034,270,270,271,0.0034,0.1788,270,0.0064,NA,NA,NA,NA,NA,NA,0.6163,0.0082,164,0.9575,0.8533,0,0.6544,0,Bayes-M17-med
Ruashi,Haut-Katanga,2,FALSE,0.0034,0.0027,0.0042,0.0034,275,272,275,0.0034,0.177,275,0.0063,NA,NA,NA,NA,NA,NA,0.0705,9e-4,437,0.0985,0.0637,0,0.1197,0,Bayes-M17-med
Ilebo,Kasaï,2,FALSE,0.0034,0.0027,0.0043,0.0034,269,267,269,0.0035,0.1801,269,0.0064,NA,NA,NA,NA,NA,NA,0.3142,0.0042,282,0.2162,0.6139,0,0.4266,0,Bayes-M17-med
Lukonga,Kasaï-Central,2,FALSE,0.0034,0.0027,0.0042,0.0034,271,270,271,0.0034,0.1787,271,0.0064,NA,NA,NA,NA,NA,NA,0.3282,0.0044,273,0.2239,0.6429,0,0.4459,0,Bayes-M17-med
Kisantu,Kongo-Central,2,FALSE,0.0034,0.0026,0.0042,0.0033,276,276,276,0.0034,0.1754,276,0.0062,NA,NA,NA,NA,NA,NA,0.418,0.0055,227,0.5039,0.9903,0,0.1776,0,Bayes-M17-med
Bosobolo,Nord-Ubangi,2,FALSE,0.0034,0.0027,0.0042,0.0034,273,272,274,0.0034,0.1772,273,0.0063,NA,NA,NA,NA,NA,NA,0.7148,0.0094,143,0.9363,0.9459,0,0.9768,0,Bayes-M17-med
Mompono,Tshuapa,2,FALSE,0.0034,0.0027,0.0042,0.0034,272,272,274,0.0034,0.1776,272,0.0063,NA,NA,NA,NA,NA,NA,0.5598,0.0074,187,0.8089,0.6042,0,0.8263,0,Bayes-M17-med
Tshibala,Kasaï-Central,2,FALSE,0.0033,0.0026,0.0041,0.0033,278,278,279,0.0033,0.1732,278,0.0062,NA,NA,NA,NA,NA,NA,0.4218,0.0054,229,0.4266,0.5772,0,0.6834,0,Bayes-M17-med
Djuma,Kwilu,2,FALSE,0.0033,0.0026,0.0041,0.0033,277,277,278,0.0033,0.1738,277,0.0062,NA,NA,NA,NA,NA,NA,0.5256,0.0068,202,0.4826,0.7355,0,0.8842,0,Bayes-M17-med
Basali,Tshopo,2,FALSE,0.0033,0.0026,0.0041,0.0032,279,279,283,0.0033,0.1701,279,0.006,NA,NA,NA,NA,NA,NA,0.3779,0.0048,252,0.834,0.0251,0,0.6525,0,Bayes-M17-med
Kilwa,Haut-Katanga,2,FALSE,0.0032,0.0026,0.004,0.0032,280,279,281,0.0033,0.1695,280,0.006,NA,NA,NA,NA,NA,NA,0.3764,0.0047,255,0.749,0.39,0,0.3668,0,Bayes-M17-med
Yangala,Kasaï-Central,2,FALSE,0.0032,0.0025,0.0039,0.0031,286,286,287,0.0032,0.1648,286,0.0059,NA,NA,NA,NA,NA,NA,0.348,0.0043,278,0.5927,0.2259,0,0.5734,0,Bayes-M17-med
Masi Manimba,Kwilu,2,FALSE,0.0032,0.0025,0.0039,0.0032,285,285,286,0.0032,0.166,285,0.0059,NA,NA,NA,NA,NA,NA,0.4281,0.0053,236,0.332,0.4961,0,0.8842,0,Bayes-M17-med
Kalonda Est,Lomami,2,FALSE,0.0032,0.0025,0.004,0.0032,283,282,284,0.0032,0.1674,283,0.006,NA,NA,NA,NA,NA,NA,0.3292,0.0041,287,0.5425,0.1506,0,0.6236,0,Bayes-M17-med
Bili (Nord-Ubangi),Nord-Ubangi,2,FALSE,0.0032,0.0025,0.004,0.0032,284,284,285,0.0032,0.167,284,0.0059,NA,NA,NA,NA,NA,NA,0.7075,0.0088,153,0.9247,0.9189,0,0.9865,0,Bayes-M17-med
Mobayi Mbongo,Nord-Ubangi,2,FALSE,0.0032,0.0025,0.004,0.0032,282,281,284,0.0032,0.1682,282,0.006,NA,NA,NA,NA,NA,NA,0.5458,0.0068,201,0.9324,0.8166,0,0.4344,0,Bayes-M17-med
Bangabola,Sud-Ubangi,2,FALSE,0.0032,0.0025,0.0039,0.0031,287,277,295,0.0032,0.1646,287,0.0059,NA,NA,NA,NA,NA,NA,0.3904,0.0048,253,0.3533,0.3494,0,0.8591,0,Bayes-M17-med
Befale,Tshuapa,2,FALSE,0.0032,0.0026,0.004,0.0032,281,279,282,0.0032,0.1693,281,0.006,NA,NA,NA,NA,NA,NA,0.5145,0.0065,207,0.8822,0.4903,0,0.6853,0,Bayes-M17-med
Kapolowe,Haut-Katanga,2,FALSE,0.0031,0.0024,0.0038,0.003,294,293,295,0.0031,0.1597,294,0.0057,NA,NA,NA,NA,NA,NA,0.3026,0.0036,308,0.5579,0.444,0,0.2085,0,Bayes-M17-med
Kisanga,Haut-Katanga,2,FALSE,0.0031,0.0024,0.0038,0.0031,291,288,293,0.0031,0.1618,291,0.0058,NA,NA,NA,NA,NA,NA,0.1081,0.0013,420,0.1293,0.2008,0,0.1023,0,Bayes-M17-med
Muanda,Kongo-Central,2,FALSE,0.0031,0.0024,0.0038,0.0031,289,288,291,0.0031,0.1622,289,0.0058,NA,NA,NA,NA,NA,NA,0.4093,0.0049,246,0.6371,1,0,0,0,Bayes-M17-med
Pangi,Maniema,2,FALSE,0.0031,0.0024,0.0038,0.0031,290,289,291,0.0031,0.162,290,0.0058,NA,NA,NA,NA,NA,NA,0.3316,0.004,291,0.6081,0.056,0,0.6622,0,Bayes-M17-med
Abuzi,Nord-Ubangi,2,FALSE,0.0031,0.0024,0.0038,0.003,293,291,297,0.0031,0.1597,293,0.0057,NA,NA,NA,NA,NA,NA,0.7153,0.0085,159,0.9846,0.9054,0,0.971,0,Bayes-M17-med
Wembo Nyama,Sankuru,2,FALSE,0.0031,0.0025,0.0039,0.0031,288,287,288,0.0031,0.1633,288,0.0058,NA,NA,NA,NA,NA,NA,0.4097,0.005,244,0.5019,0.2143,0,0.9228,0,Bayes-M17-med
Bokonzi,Sud-Ubangi,2,FALSE,0.0031,0.0024,0.0038,0.003,295,292,296,0.0031,0.1595,295,0.0057,NA,NA,NA,NA,NA,NA,0.236,0.0028,345,0.4305,0.083,0,0.4305,0,Bayes-M17-med
Boto,Sud-Ubangi,2,FALSE,0.0031,0.0024,0.0038,0.0031,292,289,292,0.0031,0.1609,292,0.0057,NA,NA,NA,NA,NA,NA,0.3596,0.0043,274,0.3282,0.5174,0,0.5927,0,Bayes-M17-med
Kambove,Haut-Katanga,2,FALSE,0.003,0.0024,0.0037,0.003,297,297,298,0.003,0.1579,297,0.0056,NA,NA,NA,NA,NA,NA,0.306,0.0036,307,0.4247,0.6236,0,0.1757,0,Bayes-M17-med
Kamonia,Kasaï,2,FALSE,0.003,0.0023,0.0037,0.003,300,300,301,0.003,0.1548,300,0.0055,NA,NA,NA,NA,NA,NA,0.14,0.0016,404,0.3707,0.11,0,0.0792,0,Bayes-M17-med
Kasaji,Lualaba,2,FALSE,0.003,0.0024,0.0037,0.003,299,299,300,0.003,0.1574,299,0.0056,NA,NA,NA,NA,NA,NA,0.4648,0.0054,228,0.8552,0.4923,0,0.5116,0,Bayes-M17-med
Lualaba,Lualaba,2,FALSE,0.003,0.0024,0.0037,0.003,298,297,298,0.003,0.1577,298,0.0056,NA,NA,NA,NA,NA,NA,0.1404,0.0016,402,0.3552,0.0347,0,0.1718,0,Bayes-M17-med
Lusambo,Sankuru,2,FALSE,0.003,0.0024,0.0038,0.003,296,294,296,0.0031,0.1591,296,0.0057,NA,NA,NA,NA,NA,NA,0.4833,0.0057,219,0.6815,0.2992,0,0.9527,0,Bayes-M17-med
Makanza,Equateur,2,FALSE,0.0029,0.0022,0.0036,0.0029,304,294,310,0.0029,0.1502,304,0.0053,NA,NA,NA,NA,NA,NA,0.639,0.0071,192,0.9537,0.7954,0,0.8069,0,Bayes-M17-med
Ndjoko Mpunda,Kasaï,2,FALSE,0.0029,0.0023,0.0035,0.0028,306,305,306,0.0029,0.1492,306,0.0053,NA,NA,NA,NA,NA,NA,0.333,0.0037,304,0.3977,0.2915,0,0.6429,0,Bayes-M17-med
Bandundu,Kwilu,2,FALSE,0.0029,0.0023,0.0036,0.0029,305,304,305,0.0029,0.1502,305,0.0053,NA,NA,NA,NA,NA,NA,0.3364,0.0038,302,0.3436,0.751,0,0.251,0,Bayes-M17-med
Makota,Lomami,2,FALSE,0.0029,0.0023,0.0036,0.0029,303,302,303,0.0029,0.1515,303,0.0054,NA,NA,NA,NA,NA,NA,0.2587,0.0029,336,0.1023,0.3764,0,0.556,0,Bayes-M17-med
Loko,Nord-Ubangi,2,FALSE,0.0029,0.0023,0.0036,0.0029,302,302,303,0.0029,0.1521,302,0.0054,NA,NA,NA,NA,NA,NA,0.6535,0.0074,188,0.9402,0.9266,0,0.7471,0,Bayes-M17-med
Wapinda,Nord-Ubangi,2,FALSE,0.0029,0.0023,0.0036,0.0029,301,301,304,0.0029,0.1525,301,0.0054,NA,NA,NA,NA,NA,NA,0.6791,0.0077,179,0.9015,0.8398,0,0.9749,0,Bayes-M17-med
Pweto,Haut-Katanga,2,FALSE,0.0028,0.0022,0.0034,0.0028,309,308,309,0.0028,0.1452,309,0.0052,NA,NA,NA,NA,NA,NA,0.3518,0.0038,300,0.7992,0.2587,0,0.3494,0,Bayes-M17-med
Mokala,Kwilu,2,FALSE,0.0028,0.0022,0.0035,0.0028,308,307,308,0.0028,0.1477,308,0.0053,NA,NA,NA,NA,NA,NA,0.5118,0.0056,220,0.4228,0.6718,0,0.9527,0,Bayes-M17-med
Kole,Sankuru,2,FALSE,0.0028,0.0022,0.0035,0.0028,307,306,307,0.0028,0.1482,307,0.0053,NA,NA,NA,NA,NA,NA,0.4802,0.0053,235,0.7761,0.2606,0,0.8842,0,Bayes-M17-med
Kakenge,Kasaï,2,FALSE,0.0027,0.0021,0.0034,0.0027,312,312,312,0.0027,0.1418,312,0.005,NA,NA,NA,NA,NA,NA,0.4522,0.0048,254,0.5753,0.4788,0,0.7548,0,Bayes-M17-med
Mikope,Kasaï,2,FALSE,0.0027,0.0021,0.0033,0.0026,313,313,313,0.0027,0.1386,313,0.0049,NA,NA,NA,NA,NA,NA,0.3996,0.0041,286,0.6776,0.2703,0,0.6506,0,Bayes-M17-med
Muetshi,Kasaï-Central,2,FALSE,0.0027,0.0022,0.0034,0.0027,311,310,311,0.0027,0.1431,311,0.0051,NA,NA,NA,NA,NA,NA,0.4792,0.0051,237,0.6158,0.5386,0,0.7625,0,Bayes-M17-med
Kimpese,Kongo-Central,2,FALSE,0.0027,0.0021,0.0033,0.0026,314,314,315,0.0027,0.1384,314,0.0049,NA,NA,NA,NA,NA,NA,0.4947,0.0051,238,0.7896,0.9768,0,0.2124,0,Bayes-M17-med
Bena Dibele,Sankuru,2,FALSE,0.0027,0.0022,0.0034,0.0027,310,309,311,0.0028,0.1435,310,0.0051,NA,NA,NA,NA,NA,NA,0.4093,0.0044,272,0.6216,0.1564,0,0.8591,0,Bayes-M17-med
Kinkondja,Haut-Lomami,2,FALSE,0.0026,0.0021,0.0033,0.0026,315,315,316,0.0026,0.1378,315,0.0049,NA,NA,NA,NA,NA,NA,0.4889,0.005,243,0.7278,0.6274,0,0.6004,0,Bayes-M17-med
Katoka,Kasaï-Central,2,FALSE,0.0026,0.0021,0.0032,0.0026,318,315,319,0.0026,0.1362,318,0.0048,NA,NA,NA,NA,NA,NA,0.2645,0.0027,356,0.1216,0.473,0,0.4633,0,Bayes-M17-med
Tshikula,Kasaï-Central,2,FALSE,0.0026,0.0021,0.0032,0.0026,317,317,318,0.0026,0.1369,317,0.0049,NA,NA,NA,NA,NA,NA,0.3296,0.0034,316,0.3919,0.3185,0,0.6081,0,Bayes-M17-med
Lukula,Kongo-Central,2,FALSE,0.0026,0.002,0.0032,0.0026,320,320,320,0.0026,0.1339,320,0.0048,NA,NA,NA,NA,NA,NA,0.3933,0.0039,294,0.529,0.8745,0,0.1699,0,Bayes-M17-med
Tunda,Maniema,2,FALSE,0.0026,0.002,0.0032,0.0026,319,318,319,0.0026,0.1352,319,0.0048,NA,NA,NA,NA,NA,NA,0.459,0.0046,262,0.8977,0.0541,0,0.8842,0,Bayes-M17-med
Businga,Nord-Ubangi,2,FALSE,0.0026,0.0021,0.0033,0.0026,316,315,318,0.0026,0.1372,316,0.0049,NA,NA,NA,NA,NA,NA,0.6781,0.0069,195,0.9286,0.861,0,0.9228,0,Bayes-M17-med
Bilomba,Kasaï-Central,2,FALSE,0.0025,0.0019,0.003,0.0024,326,326,327,0.0025,0.1282,326,0.0046,NA,NA,NA,NA,NA,NA,0.4006,0.0038,299,0.3378,0.4421,0,0.8224,0,Bayes-M17-med
Boko Kivulu,Kongo-Central,2,FALSE,0.0025,0.002,0.0031,0.0025,323,323,323,0.0025,0.1299,323,0.0046,NA,NA,NA,NA,NA,NA,0.4281,0.0041,285,0.5792,0.9324,0,0.2008,0,Bayes-M17-med
Bagata,Kwilu,2,FALSE,0.0025,0.0019,0.003,0.0024,327,327,328,0.0025,0.1279,327,0.0046,NA,NA,NA,NA,NA,NA,0.5135,0.0049,247,0.6795,0.695,0,0.6795,0,Bayes-M17-med
Pay Kongila,Kwilu,2,FALSE,0.0025,0.0019,0.0031,0.0025,325,325,325,0.0025,0.1288,325,0.0046,NA,NA,NA,NA,NA,NA,0.4488,0.0043,275,0.5135,0.6467,0,0.6351,0,Bayes-M17-med
Kapanga,Lualaba,2,FALSE,0.0025,0.002,0.0031,0.0025,321,321,322,0.0025,0.1308,321,0.0047,NA,NA,NA,NA,NA,NA,0.4112,0.004,290,0.8514,0.3938,0,0.3996,0,Bayes-M17-med
Wasolo,Nord-Ubangi,2,FALSE,0.0025,0.002,0.0031,0.0025,322,321,325,0.0025,0.1302,322,0.0046,NA,NA,NA,NA,NA,NA,0.5709,0.0055,225,0.5541,0.7413,0,0.9884,0,Bayes-M17-med
Monkoto,Tshuapa,2,FALSE,0.0025,0.002,0.0031,0.0025,324,324,324,0.0025,0.1294,324,0.0046,NA,NA,NA,NA,NA,NA,0.5598,0.0054,231,0.9498,0.4054,0,0.8842,0,Bayes-M17-med
Ingende,Equateur,2,FALSE,0.0024,0.0019,0.0029,0.0024,333,333,334,0.0024,0.1232,333,0.0044,NA,NA,NA,NA,NA,NA,0.596,0.0055,226,0.9208,0.8571,0,0.6062,0,Bayes-M17-med
Wangata,Equateur,2,FALSE,0.0024,0.0019,0.003,0.0024,329,322,332,0.0024,0.1265,329,0.0045,NA,NA,NA,NA,NA,NA,0.417,0.0039,293,0.2336,0.9865,0,0.4479,0,Bayes-M17-med
Likasi,Haut-Katanga,2,FALSE,0.0024,0.0019,0.0029,0.0024,332,330,332,0.0024,0.1245,332,0.0044,NA,NA,NA,NA,NA,NA,0.1728,0.0016,405,0.112,0.4208,0,0.1583,0,Bayes-M17-med
Boma,Kongo-Central,2,FALSE,0.0024,0.0019,0.003,0.0024,330,329,330,0.0024,0.1264,330,0.0045,NA,NA,NA,NA,NA,NA,0.2901,0.0027,350,0.1467,0.9247,0,0.0888,0,Bayes-M17-med
Mbanza Ngungu,Kongo-Central,2,FALSE,0.0024,0.0019,0.003,0.0024,328,328,329,0.0024,0.1274,328,0.0045,NA,NA,NA,NA,NA,NA,0.3711,0.0035,310,0.3205,0.9749,0,0.1892,0,Bayes-M17-med
Panzi,Kwango,2,FALSE,0.0024,0.0019,0.0029,0.0023,334,333,334,0.0024,0.1231,334,0.0044,NA,NA,NA,NA,NA,NA,0.5236,0.0048,250,0.7548,0.583,0,0.7568,0,Bayes-M17-med
Boso Mondanda,Mongala,2,FALSE,0.0024,0.0019,0.003,0.0024,331,330,332,0.0024,0.1248,331,0.0044,NA,NA,NA,NA,NA,NA,0.3716,0.0035,311,0.5869,0.1486,0,0.751,0,Bayes-M17-med
Dekese,Kasaï,2,FALSE,0.0023,0.0018,0.0029,0.0023,338,337,339,0.0023,0.1205,338,0.0043,NA,NA,NA,NA,NA,NA,0.4633,0.0042,284,0.9189,0.2181,0,0.7162,0,Bayes-M17-med
Kwilu Ngongo,Kongo-Central,2,FALSE,0.0023,0.0018,0.0028,0.0022,345,343,345,0.0023,0.1174,345,0.0042,NA,NA,NA,NA,NA,NA,0.3875,0.0034,315,0.4884,0.8668,0,0.195,0,Bayes-M17-med
Boko,Kwango,2,FALSE,0.0023,0.0018,0.0029,0.0023,337,337,339,0.0023,0.1207,337,0.0043,NA,NA,NA,NA,NA,NA,0.5121,0.0046,263,0.7336,0.61,0,0.7046,0,Bayes-M17-med
Feshi,Kwango,2,FALSE,0.0023,0.0018,0.0029,0.0023,340,340,341,0.0023,0.1202,340,0.0043,NA,NA,NA,NA,NA,NA,0.5082,0.0045,266,0.7317,0.5425,0,0.7587,0,Bayes-M17-med
Kimputu,Kwilu,2,FALSE,0.0023,0.0018,0.0029,0.0023,336,335,336,0.0023,0.1211,336,0.0043,NA,NA,NA,NA,NA,NA,0.5039,0.0045,267,0.4923,0.639,0,0.8842,0,Bayes-M17-med
Mosango,Kwilu,2,FALSE,0.0023,0.0018,0.0029,0.0023,335,335,336,0.0023,0.1215,335,0.0043,NA,NA,NA,NA,NA,NA,0.515,0.0047,260,0.5463,0.7375,0,0.7761,0,Bayes-M17-med
Wikong,Lomami,2,FALSE,0.0023,0.0018,0.0028,0.0023,342,342,344,0.0023,0.1186,342,0.0042,NA,NA,NA,NA,NA,NA,0.3663,0.0032,320,0.2529,0.4228,0,0.7896,0,Bayes-M17-med
Sandoa,Lualaba,2,FALSE,0.0023,0.0018,0.0029,0.0023,341,340,341,0.0023,0.1201,341,0.0043,NA,NA,NA,NA,NA,NA,0.5536,0.005,245,0.9421,0.6815,0,0.5907,0,Bayes-M17-med
Inongo,Mai-Ndombe,2,FALSE,0.0023,0.0018,0.0029,0.0023,339,338,343,0.0023,0.1203,339,0.0043,NA,NA,NA,NA,NA,NA,0.4952,0.0044,270,0.7645,0.2934,0,0.9228,0,Bayes-M17-med
Bominenge,Sud-Ubangi,2,FALSE,0.0023,0.0018,0.0028,0.0022,344,337,345,0.0023,0.1179,344,0.0042,NA,NA,NA,NA,NA,NA,0.3258,0.0029,343,0.2819,0.0985,0,0.9228,0,Bayes-M17-med
Mawuya,Sud-Ubangi,2,FALSE,0.0023,0.0018,0.0028,0.0023,343,342,344,0.0023,0.1183,343,0.0042,NA,NA,NA,NA,NA,NA,0.2654,0.0023,377,0.444,0.2394,0,0.3784,0,Bayes-M17-med
Mufunga Sampwe,Haut-Katanga,2,FALSE,0.0022,0.0017,0.0027,0.0022,346,346,346,0.0022,0.1158,346,0.0041,NA,NA,NA,NA,NA,NA,0.3774,0.0033,319,0.8185,0.0888,0,0.6023,0,Bayes-M17-med
Lwamba,Haut-Lomami,2,FALSE,0.0022,0.0017,0.0027,0.0022,349,349,351,0.0022,0.1128,349,0.004,NA,NA,NA,NA,NA,NA,0.4865,0.0041,289,0.8069,0.6409,0,0.4981,0,Bayes-M17-med
Lubunga (Kasaï-Central),Kasaï-Central,2,FALSE,0.0022,0.0017,0.0027,0.0021,350,350,350,0.0022,0.1127,350,0.004,NA,NA,NA,NA,NA,NA,0.4599,0.0039,297,0.5637,0.4653,0,0.8108,0,Bayes-M17-med
Kikongo,Kwilu,2,FALSE,0.0022,0.0017,0.0027,0.0022,347,347,347,0.0022,0.1146,347,0.0041,NA,NA,NA,NA,NA,NA,0.5024,0.0043,277,0.6969,0.6023,0,0.7104,0,Bayes-M17-med
Djalo Ndjeka,Sankuru,2,FALSE,0.0022,0.0017,0.0027,0.0022,348,348,348,0.0022,0.1142,348,0.0041,NA,NA,NA,NA,NA,NA,0.3378,0.0029,341,0.3591,0.0695,0,0.9228,0,Bayes-M17-med
Kasenga,Haut-Katanga,2,FALSE,0.0021,0.0017,0.0026,0.0021,353,353,354,0.0021,0.111,353,0.0039,NA,NA,NA,NA,NA,NA,0.3953,0.0033,317,0.8166,0.6255,0,0.139,0,Bayes-M17-med
Songa,Haut-Lomami,2,FALSE,0.0021,0.0017,0.0026,0.0021,354,354,355,0.0021,0.11,354,0.0039,NA,NA,NA,NA,NA,NA,0.473,0.0039,296,0.9344,0.3533,0,0.6042,0,Bayes-M17-med
Mushenge,Kasaï,2,FALSE,0.0021,0.0016,0.0025,0.0021,357,356,358,0.0021,0.1076,357,0.0038,NA,NA,NA,NA,NA,NA,0.3229,0.0026,363,0.5946,0.0656,0,0.6313,0,Bayes-M17-med
Kitangwa,Kasaï,2,FALSE,0.0021,0.0017,0.0026,0.0021,351,351,352,0.0021,0.1114,351,0.004,NA,NA,NA,NA,NA,NA,0.3287,0.0027,351,0.6332,0.1062,0,0.5753,0,Bayes-M17-med
Lubondaie,Kasaï-Central,2,FALSE,0.0021,0.0016,0.0026,0.0021,358,357,358,0.0021,0.1075,358,0.0038,NA,NA,NA,NA,NA,NA,0.3147,0.0025,367,0.3822,0.1583,0,0.7181,0,Bayes-M17-med
Mungindu,Kwilu,2,FALSE,0.0021,0.0016,0.0025,0.002,359,357,359,0.0021,0.1073,359,0.0038,NA,NA,NA,NA,NA,NA,0.3818,0.0031,327,0.4691,0.5367,0,0.5212,0,Bayes-M17-med
Dilolo,Lualaba,2,FALSE,0.0021,0.0017,0.0026,0.0021,352,351,353,0.0021,0.1114,352,0.004,NA,NA,NA,NA,NA,NA,0.3663,0.003,328,0.8398,0.6197,0,0.0058,0,Bayes-M17-med
Kanzenze,Lualaba,2,FALSE,0.0021,0.0017,0.0026,0.0021,355,355,356,0.0021,0.1096,355,0.0039,NA,NA,NA,NA,NA,NA,0.2389,0.0019,392,0.6255,0.1429,0,0.1873,0,Bayes-M17-med
Zongo,Sud-Ubangi,2,FALSE,0.0021,0.0016,0.0026,0.0021,356,349,360,0.0021,0.1082,356,0.0038,NA,NA,NA,NA,NA,NA,0.2418,0.0019,393,0.278,0.4131,0,0.2761,0,Bayes-M17-med
Mutena,Kasaï,2,FALSE,0.002,0.0016,0.0025,0.002,362,362,362,0.002,0.1033,362,0.0037,NA,NA,NA,NA,NA,NA,0.2336,0.0018,399,0.334,0.0753,0,0.5251,0,Bayes-M17-med
Seke Banza,Kongo-Central,2,FALSE,0.002,0.0015,0.0024,0.002,363,363,363,0.002,0.1025,363,0.0036,NA,NA,NA,NA,NA,NA,0.4513,0.0034,312,0.6351,0.9498,0,0.2201,0,Bayes-M17-med
Kahemba,Kwango,2,FALSE,0.002,0.0016,0.0025,0.002,360,359,360,0.002,0.1065,360,0.0038,NA,NA,NA,NA,NA,NA,0.5367,0.0043,279,0.8958,0.7278,0,0.5232,0,Bayes-M17-med
Kamiji,Lomami,2,FALSE,0.002,0.0016,0.0025,0.002,361,361,361,0.002,0.1051,361,0.0037,NA,NA,NA,NA,NA,NA,0.2635,0.0021,389,0.3398,0.1293,0,0.5849,0,Bayes-M17-med
Bikoro,Equateur,2,FALSE,0.0019,0.0015,0.0023,0.0019,367,367,367,0.0019,0.0969,367,0.0034,NA,NA,NA,NA,NA,NA,0.5951,0.0043,276,0.8127,0.8147,0,0.7529,0,Bayes-M17-med
Massa,Kongo-Central,2,FALSE,0.0019,0.0015,0.0023,0.0019,366,366,366,0.0019,0.0978,366,0.0035,NA,NA,NA,NA,NA,NA,0.4223,0.0031,326,0.668,0.9208,0,0.1004,0,Bayes-M17-med
Kimbao,Kwango,2,FALSE,0.0019,0.0015,0.0023,0.0019,365,365,365,0.0019,0.0984,365,0.0035,NA,NA,NA,NA,NA,NA,0.5743,0.0042,283,0.7201,0.7181,0,0.8591,0,Bayes-M17-med
Popokabaka,Kwango,2,FALSE,0.0019,0.0015,0.0024,0.0019,364,364,364,0.0019,0.0998,364,0.0036,NA,NA,NA,NA,NA,NA,0.5507,0.0041,288,0.7703,0.7876,0,0.6448,0,Bayes-M17-med
Bunkonde,Kasaï-Central,2,FALSE,0.0018,0.0014,0.0022,0.0018,373,373,374,0.0018,0.0918,373,0.0033,NA,NA,NA,NA,NA,NA,0.3523,0.0024,374,0.4015,0.278,0,0.7297,0,Bayes-M17-med
Mutoto,Kasaï-Central,2,FALSE,0.0018,0.0014,0.0023,0.0018,368,368,368,0.0018,0.0953,368,0.0034,NA,NA,NA,NA,NA,NA,0.3441,0.0024,371,0.4575,0.361,0,0.5579,0,Bayes-M17-med
Kalamba,Lualaba,2,FALSE,0.0018,0.0014,0.0023,0.0018,369,369,369,0.0018,0.0952,369,0.0034,NA,NA,NA,NA,NA,NA,0.4542,0.0032,321,0.8803,0.2375,0,0.6988,0,Bayes-M17-med
Nioki,Mai-Ndombe,2,FALSE,0.0018,0.0014,0.0022,0.0018,374,373,374,0.0018,0.0917,374,0.0033,NA,NA,NA,NA,NA,NA,0.389,0.0027,358,0.61,0.3958,0,0.5502,0,Bayes-M17-med
Bongandanga,Mongala,2,FALSE,0.0018,0.0014,0.0022,0.0018,372,372,372,0.0018,0.0928,372,0.0033,NA,NA,NA,NA,NA,NA,0.4228,0.0029,335,0.7587,0.0097,0,0.9228,0,Bayes-M17-med
Pania Mutombo,Sankuru,2,FALSE,0.0018,0.0014,0.0022,0.0018,370,370,371,0.0018,0.0948,370,0.0034,NA,NA,NA,NA,NA,NA,0.4117,0.0029,337,0.7413,0.1236,0,0.7819,0,Bayes-M17-med
Busanga,Tshuapa,2,FALSE,0.0018,0.0014,0.0022,0.0018,371,370,371,0.0018,0.0946,371,0.0034,NA,NA,NA,NA,NA,NA,0.4452,0.0031,323,0.6602,0.168,0,0.9527,0,Bayes-M17-med
Kafubu,Haut-Katanga,2,FALSE,0.0017,0.0013,0.0021,0.0017,381,381,381,0.0017,0.0878,381,0.0031,NA,NA,NA,NA,NA,NA,0.2104,0.0014,416,0.6042,0.0869,0,0.1506,0,Bayes-M17-med
Kayamba,Haut-Lomami,2,FALSE,0.0017,0.0014,0.0021,0.0017,375,375,375,0.0017,0.0897,375,0.0032,NA,NA,NA,NA,NA,NA,0.4276,0.0029,344,0.7027,0.4189,0,0.5888,0,Bayes-M17-med
Ndesha,Kasaï-Central,2,FALSE,0.0017,0.0013,0.0021,0.0017,377,376,377,0.0017,0.0891,377,0.0032,NA,NA,NA,NA,NA,NA,0.2317,0.0015,407,0.1448,0.3456,0,0.4363,0,Bayes-M17-med
Nsona Mpangu,Kongo-Central,2,FALSE,0.0017,0.0013,0.0021,0.0017,378,378,378,0.0017,0.0889,378,0.0032,NA,NA,NA,NA,NA,NA,0.4165,0.0028,346,0.722,0.7645,0,0.1795,0,Bayes-M17-med
Wamba Lwadi,Kwango,2,FALSE,0.0017,0.0013,0.0021,0.0017,376,376,377,0.0017,0.0891,376,0.0032,NA,NA,NA,NA,NA,NA,0.5492,0.0036,306,0.6467,0.8185,0,0.7317,0,Bayes-M17-med
Sia,Kwilu,2,FALSE,0.0017,0.0013,0.0021,0.0017,379,379,380,0.0017,0.0886,379,0.0032,NA,NA,NA,NA,NA,NA,0.3986,0.0026,360,0.4151,0.3822,0,0.7973,0,Bayes-M17-med
Wema,Tshuapa,2,FALSE,0.0017,0.0013,0.0021,0.0017,380,379,380,0.0017,0.0884,380,0.0031,NA,NA,NA,NA,NA,NA,0.4469,0.0029,332,0.8494,0.1332,0,0.805,0,Bayes-M17-med
Kikula,Haut-Katanga,2,FALSE,0.0016,0.0013,0.002,0.0016,385,384,385,0.0016,0.083,385,0.003,NA,NA,NA,NA,NA,NA,0.0951,6e-4,443,0.1062,0.1139,0,0.1602,0,Bayes-M17-med
Mitwaba,Haut-Katanga,2,FALSE,0.0016,0.0012,0.0019,0.0016,386,386,386,0.0016,0.0819,386,0.0029,NA,NA,NA,NA,NA,NA,0.3528,0.0022,386,0.8012,0.0618,0,0.5483,0,Bayes-M17-med
Bulape,Kasaï,2,FALSE,0.0016,0.0013,0.002,0.0016,384,384,385,0.0016,0.0835,384,0.003,NA,NA,NA,NA,NA,NA,0.4315,0.0027,355,0.7066,0.1853,0,0.834,0,Bayes-M17-med
Nyanga,Kasaï,2,FALSE,0.0016,0.0013,0.002,0.0016,382,382,382,0.0016,0.086,382,0.0031,NA,NA,NA,NA,NA,NA,0.348,0.0022,383,0.4402,0.3803,0,0.5714,0,Bayes-M17-med
Bena Tshadi,Kasaï-Central,2,FALSE,0.0016,0.0012,0.0019,0.0016,387,387,387,0.0016,0.0814,387,0.0029,NA,NA,NA,NA,NA,NA,0.472,0.0029,342,0.6699,0.3784,0,0.8398,0,Bayes-M17-med
Kingandu,Kwilu,2,FALSE,0.0016,0.0013,0.002,0.0016,383,383,383,0.0016,0.0847,383,0.003,NA,NA,NA,NA,NA,NA,0.4923,0.0031,324,0.7162,0.6583,0,0.5946,0,Bayes-M17-med
Djombo,Equateur,2,FALSE,0.0015,0.0012,0.0019,0.0015,393,393,393,0.0015,0.0785,393,0.0028,NA,NA,NA,NA,NA,NA,0.6554,0.0038,298,0.917,0.7819,0,0.9228,0,Bayes-M17-med
Lukafu,Haut-Katanga,2,FALSE,0.0015,0.0012,0.0018,0.0015,395,395,395,0.0015,0.077,395,0.0027,NA,NA,NA,NA,NA,NA,0.4015,0.0023,378,0.888,0.3243,0,0.3938,0,Bayes-M17-med
Kalomba,Kasaï-Central,2,FALSE,0.0015,0.0012,0.0019,0.0015,391,390,391,0.0015,0.0797,391,0.0028,NA,NA,NA,NA,NA,NA,0.2944,0.0017,400,0.3166,0.1467,0,0.7143,0,Bayes-M17-med
Kangu,Kongo-Central,2,FALSE,0.0015,0.0012,0.0019,0.0015,390,390,391,0.0015,0.0799,390,0.0028,NA,NA,NA,NA,NA,NA,0.3528,0.0021,387,0.3803,0.8822,0,0.1486,0,Bayes-M17-med
Ngidinga,Kongo-Central,2,FALSE,0.0015,0.0012,0.0018,0.0015,396,396,396,0.0015,0.0769,396,0.0027,NA,NA,NA,NA,NA,NA,0.4488,0.0026,365,0.6544,0.7432,0,0.3977,0,Bayes-M17-med
Kasongo Lunda,Kwango,2,FALSE,0.0015,0.0012,0.0019,0.0015,389,389,389,0.0015,0.0804,389,0.0029,NA,NA,NA,NA,NA,NA,0.3441,0.0021,390,0.6274,0.5946,0,0.1544,0,Bayes-M17-med
Kafakumba,Lualaba,2,FALSE,0.0015,0.0012,0.0019,0.0015,394,394,394,0.0015,0.0781,394,0.0028,NA,NA,NA,NA,NA,NA,0.4648,0.0027,354,0.8687,0.2027,0,0.7876,0,Bayes-M17-med
Oshwe,Mai-Ndombe,2,FALSE,0.0015,0.0012,0.0019,0.0015,388,388,388,0.0016,0.0808,388,0.0029,NA,NA,NA,NA,NA,NA,0.4855,0.0029,333,0.8764,0.3301,0,0.7355,0,Bayes-M17-med
Kwamouth,Mai-Ndombe,2,FALSE,0.0015,0.0012,0.0019,0.0015,392,392,392,0.0015,0.0795,392,0.0028,NA,NA,NA,NA,NA,NA,0.43,0.0025,366,0.8707,0.417,0,0.4324,0,Bayes-M17-med
Mushie,Mai-Ndombe,2,FALSE,0.0015,0.0012,0.0018,0.0015,397,397,397,0.0015,0.0763,397,0.0027,NA,NA,NA,NA,NA,NA,0.4291,0.0024,372,0.7394,0.3649,0,0.612,0,Bayes-M17-med
Iboko,Equateur,2,FALSE,0.0014,0.0011,0.0018,0.0014,401,401,402,0.0014,0.0746,401,0.0027,NA,NA,NA,NA,NA,NA,0.612,0.0034,314,0.8282,0.7915,0,0.8282,0,Bayes-M17-med
Lotumbe,Equateur,2,FALSE,0.0014,0.0011,0.0017,0.0014,406,405,406,0.0014,0.0715,406,0.0025,NA,NA,NA,NA,NA,NA,0.5816,0.0031,325,0.9691,0.7085,0,0.6486,0,Bayes-M17-med
Panda,Haut-Katanga,2,FALSE,0.0014,0.0011,0.0018,0.0014,399,398,399,0.0014,0.0753,399,0.0027,NA,NA,NA,NA,NA,NA,0.2027,0.0011,426,0.1622,0.4826,0,0.166,0,Bayes-M17-med
Kenya,Haut-Katanga,2,FALSE,0.0014,0.0011,0.0017,0.0014,403,403,404,0.0014,0.0729,403,0.0026,NA,NA,NA,NA,NA,NA,0.0569,3e-4,448,0.11,0.0116,0,0.1062,0,Bayes-M17-med
Inga,Kongo-Central,2,FALSE,0.0014,0.0011,0.0017,0.0014,405,405,406,0.0014,0.0717,405,0.0026,NA,NA,NA,NA,NA,NA,0.3847,0.0021,391,0.5212,0.8243,0,0.1931,0,Bayes-M17-med
Gombe Matadi,Kongo-Central,2,FALSE,0.0014,0.0011,0.0017,0.0014,404,403,404,0.0014,0.0728,404,0.0026,NA,NA,NA,NA,NA,NA,0.4151,0.0022,380,0.6911,0.7857,0,0.1834,0,Bayes-M17-med
Moanza,Kwilu,2,FALSE,0.0014,0.0011,0.0018,0.0014,400,400,400,0.0014,0.075,400,0.0027,NA,NA,NA,NA,NA,NA,0.52,0.0029,339,0.5985,0.529,0,0.9527,0,Bayes-M17-med
Lubudi,Lualaba,2,FALSE,0.0014,0.0011,0.0018,0.0014,402,401,402,0.0014,0.0743,402,0.0026,NA,NA,NA,NA,NA,NA,0.4667,0.0026,364,0.9151,0.4614,0,0.4903,0,Bayes-M17-med
Kiri,Mai-Ndombe,2,FALSE,0.0014,0.0011,0.0017,0.0014,407,407,407,0.0014,0.071,407,0.0025,NA,NA,NA,NA,NA,NA,0.5685,0.003,330,0.8745,0.4768,0,0.9228,0,Bayes-M17-med
Tshudi Loto,Sankuru,2,FALSE,0.0014,0.0011,0.0018,0.0014,398,398,399,0.0014,0.0754,398,0.0027,NA,NA,NA,NA,NA,NA,0.4237,0.0024,375,0.7683,0.0039,0,0.9228,0,Bayes-M17-med
Luozi,Kongo-Central,2,FALSE,0.0013,0.001,0.0016,0.0013,410,410,410,0.0013,0.067,410,0.0024,NA,NA,NA,NA,NA,NA,0.5241,0.0026,361,0.7355,0.8861,0,0.4749,0,Bayes-M17-med
Kisanji,Kwango,2,FALSE,0.0013,0.001,0.0016,0.0013,412,411,413,0.0013,0.0658,412,0.0023,NA,NA,NA,NA,NA,NA,0.5574,0.0027,349,0.8417,0.6544,0,0.7336,0,Bayes-M17-med
Banzow Moke,Mai-Ndombe,2,FALSE,0.0013,0.0011,0.0017,0.0013,408,408,408,0.0013,0.0701,408,0.0025,NA,NA,NA,NA,NA,NA,0.5236,0.0027,348,0.6892,0.5212,0,0.8842,0,Bayes-M17-med
Ntandembelo,Mai-Ndombe,2,FALSE,0.0013,0.001,0.0016,0.0013,411,411,413,0.0013,0.0658,411,0.0023,NA,NA,NA,NA,NA,NA,0.4595,0.0023,379,0.6023,0.4633,0,0.7722,0,Bayes-M17-med
Yumbi,Mai-Ndombe,2,FALSE,0.0013,0.001,0.0016,0.0013,413,411,413,0.0013,0.0658,413,0.0023,NA,NA,NA,NA,NA,NA,0.2741,0.0013,418,0.4131,0.4015,0,0.2819,0,Bayes-M17-med
Bolobo,Mai-Ndombe,2,FALSE,0.0013,0.001,0.0015,0.0012,414,414,414,0.0013,0.0653,414,0.0023,NA,NA,NA,NA,NA,NA,0.3388,0.0016,403,0.6313,0.4981,0,0.2259,0,Bayes-M17-med
Bosobe,Mai-Ndombe,2,FALSE,0.0013,0.001,0.0016,0.0013,409,409,409,0.0013,0.0675,409,0.0024,NA,NA,NA,NA,NA,NA,0.4406,0.0022,384,0.4942,0.4093,0,0.8591,0,Bayes-M17-med
Lukolela,Equateur,2,FALSE,0.0012,0.001,0.0015,0.0012,416,415,416,0.0012,0.0629,416,0.0022,NA,NA,NA,NA,NA,NA,0.5787,0.0027,353,0.944,0.9151,0,0.4556,0,Bayes-M17-med
Butumba,Haut-Lomami,2,FALSE,0.0012,9e-4,0.0014,0.0012,418,418,418,0.0012,0.0605,418,0.0022,NA,NA,NA,NA,NA,NA,0.4595,0.0021,388,0.7973,0.4151,0,0.6255,0,Bayes-M17-med
Banga Lubaka,Kasaï,2,FALSE,0.0012,0.001,0.0015,0.0012,415,415,416,0.0012,0.063,415,0.0022,NA,NA,NA,NA,NA,NA,0.3205,0.0015,409,0.5174,0.0444,0,0.7201,0,Bayes-M17-med
Kimvula,Kongo-Central,2,FALSE,0.0012,9e-4,0.0015,0.0012,417,417,417,0.0012,0.062,417,0.0022,NA,NA,NA,NA,NA,NA,0.569,0.0026,359,0.8629,0.8784,0,0.5347,0,Bayes-M17-med
Monieka,Equateur,2,FALSE,0.0011,9e-4,0.0014,0.0011,420,420,420,0.0011,0.0587,420,0.0021,NA,NA,NA,NA,NA,NA,0.596,0.0026,362,0.9768,0.7336,0,0.6737,0,Bayes-M17-med
Nzanza,Kongo-Central,2,FALSE,0.0011,9e-4,0.0014,0.0011,419,419,419,0.0011,0.0593,419,0.0021,NA,NA,NA,NA,NA,NA,0.2172,0.001,435,0.0888,0.6892,0,0.0907,0,Bayes-M17-med
Kimpangu,Kongo-Central,2,FALSE,0.0011,8e-4,0.0013,0.0011,423,423,423,0.0011,0.0556,423,0.002,NA,NA,NA,NA,NA,NA,0.4488,0.0019,395,0.7085,0.9344,0,0.1525,0,Bayes-M17-med
Mwela Lembwa,Kwango,2,FALSE,0.0011,9e-4,0.0014,0.0011,421,421,421,0.0011,0.0582,421,0.0021,NA,NA,NA,NA,NA,NA,0.4397,0.0019,394,0.6506,0.3224,0,0.7857,0,Bayes-M17-med
Pendjwa,Mai-Ndombe,2,FALSE,0.0011,9e-4,0.0013,0.0011,422,422,422,0.0011,0.0567,422,0.002,NA,NA,NA,NA,NA,NA,0.4319,0.0018,398,0.7008,0.2124,0,0.8147,0,Bayes-M17-med
Bomongo,Equateur,2,FALSE,0.001,8e-4,0.0013,0.001,424,424,425,0.001,0.0535,424,0.0019,NA,NA,NA,NA,NA,NA,0.5907,0.0024,376,0.9788,0.8475,0,0.5367,0,Bayes-M17-med
Kizu,Kongo-Central,2,FALSE,0.001,8e-4,0.0013,0.001,425,424,425,0.001,0.0531,425,0.0019,NA,NA,NA,NA,NA,NA,0.3113,0.0012,423,0.2973,0.8707,0,0.0772,0,Bayes-M17-med
Tshela,Kongo-Central,2,FALSE,0.001,8e-4,0.0012,0.001,428,428,428,0.001,0.0503,428,0.0018,NA,NA,NA,NA,NA,NA,0.3282,0.0012,424,0.417,0.888,0,0.0077,0,Bayes-M17-med
Mangembo,Kongo-Central,2,FALSE,0.001,8e-4,0.0012,0.001,426,426,427,0.001,0.0506,426,0.0018,NA,NA,NA,NA,NA,NA,0.3726,0.0014,414,0.5598,0.6641,0,0.2664,0,Bayes-M17-med
Kajiji,Kwango,2,FALSE,0.001,8e-4,0.0012,0.001,429,429,429,0.001,0.05,429,0.0018,NA,NA,NA,NA,NA,NA,0.3533,0.0013,419,0.7934,0.1544,0,0.4653,0,Bayes-M17-med
Kitenda,Kwango,2,FALSE,0.001,8e-4,0.0012,0.001,427,426,427,0.001,0.0505,427,0.0018,NA,NA,NA,NA,NA,NA,0.376,0.0014,413,0.6641,0.4247,0,0.4151,0,Bayes-M17-med
Katuba,Haut-Katanga,2,FALSE,9e-4,7e-4,0.0011,9e-4,432,431,433,9e-4,0.0481,432,0.0017,NA,NA,NA,NA,NA,NA,0.0463,2e-4,453,0.0502,0.0309,0,0.1042,0,Bayes-M17-med
Baka,Haut-Lomami,2,FALSE,9e-4,7e-4,0.0011,8e-4,436,436,436,9e-4,0.0444,436,0.0016,NA,NA,NA,NA,NA,NA,0.4319,0.0014,412,0.4344,0.8919,0,0.4015,0,Bayes-M17-med
Kinda,Haut-Lomami,2,FALSE,9e-4,7e-4,0.0012,9e-4,431,431,432,9e-4,0.0484,431,0.0017,NA,NA,NA,NA,NA,NA,0.5077,0.0018,397,0.9884,0.4266,0,0.6158,0,Bayes-M17-med
Boma Bungu,Kongo-Central,2,FALSE,9e-4,7e-4,0.0011,9e-4,435,434,435,9e-4,0.0452,435,0.0016,NA,NA,NA,NA,NA,NA,0.3209,0.0011,429,0.5811,0.5676,0,0.1351,0,Bayes-M17-med
Kinkonzi,Kongo-Central,2,FALSE,9e-4,7e-4,0.0011,9e-4,434,434,435,9e-4,0.0454,434,0.0016,NA,NA,NA,NA,NA,NA,0.4252,0.0014,411,0.6236,0.8958,0,0.1815,0,Bayes-M17-med
Kuimba,Kongo-Central,2,FALSE,9e-4,7e-4,0.0011,9e-4,433,432,433,9e-4,0.0477,433,0.0017,NA,NA,NA,NA,NA,NA,0.3069,0.0011,428,0.3784,0.8456,0,0.0039,0,Bayes-M17-med
Nselo,Kongo-Central,2,FALSE,9e-4,7e-4,0.0012,9e-4,430,430,430,9e-4,0.0494,430,0.0018,NA,NA,NA,NA,NA,NA,0.374,0.0014,415,0.6564,0.5347,0,0.305,0,Bayes-M17-med
Kilela Balanda,Haut-Katanga,2,FALSE,8e-4,6e-4,0.001,8e-4,440,439,440,8e-4,0.0405,440,0.0014,NA,NA,NA,NA,NA,NA,0.3132,9e-4,436,0.9228,0.0927,0,0.2375,0,Bayes-M17-med
Kashobwe,Haut-Katanga,2,FALSE,8e-4,7e-4,0.001,8e-4,437,437,437,8e-4,0.0438,437,0.0016,NA,NA,NA,NA,NA,NA,0.3243,0.0011,431,0.805,0.3012,0,0.1911,0,Bayes-M17-med
Sona Bata,Kongo-Central,2,FALSE,8e-4,6e-4,0.001,8e-4,438,438,438,8e-4,0.0423,438,0.0015,NA,NA,NA,NA,NA,NA,0.43,0.0014,417,0.7259,0.7896,0,0.2046,0,Bayes-M17-med
Tembo,Kwango,2,FALSE,8e-4,6e-4,0.001,8e-4,439,439,440,8e-4,0.0406,439,0.0014,NA,NA,NA,NA,NA,NA,0.3205,0.001,434,0.7876,0.3977,0,0.0965,0,Bayes-M17-med
Bunkeya,Lualaba,2,FALSE,8e-4,6e-4,0.001,8e-4,441,441,441,8e-4,0.0404,441,0.0014,NA,NA,NA,NA,NA,NA,0.4218,0.0013,422,0.8243,0.5019,0,0.361,0,Bayes-M17-med
Bolenge,Equateur,2,FALSE,7e-4,6e-4,9e-4,7e-4,442,442,442,7e-4,0.0369,442,0.0013,NA,NA,NA,NA,NA,NA,0.5391,0.0015,410,0.7954,0.8514,0,0.5097,0,Bayes-M17-med
Vaku,Kongo-Central,2,FALSE,7e-4,5e-4,8e-4,7e-4,443,443,443,7e-4,0.0352,443,0.0013,NA,NA,NA,NA,NA,NA,0.4194,0.0011,427,0.5676,0.9421,0,0.168,0,Bayes-M17-med
Vangu,Haut-Katanga,2,FALSE,6e-4,4e-4,7e-4,6e-4,445,445,445,6e-4,0.0292,445,0.001,NA,NA,NA,NA,NA,NA,0.1081,2e-4,450,0.1158,0.1699,0,0.1467,0,Bayes-M17-med
Bobozo,Kasaï-Central,2,FALSE,6e-4,5e-4,8e-4,6e-4,444,444,444,6e-4,0.0337,444,0.0012,NA,NA,NA,NA,NA,NA,0.2336,6e-4,444,0.1602,0.2857,0,0.4884,0,Bayes-M17-med
Mampoko,Equateur,2,FALSE,5e-4,4e-4,6e-4,5e-4,447,447,447,5e-4,0.0256,447,9e-4,NA,NA,NA,NA,NA,NA,0.5135,0.001,433,0.8919,0.5058,0,0.6564,0,Bayes-M17-med
Kibunzi,Kongo-Central,2,FALSE,5e-4,4e-4,6e-4,5e-4,446,446,446,5e-4,0.0266,446,9e-4,NA,NA,NA,NA,NA,NA,0.4175,8e-4,438,0.7046,0.5251,0,0.4402,0,Bayes-M17-med
Ntondo,Equateur,2,FALSE,4e-4,4e-4,6e-4,4e-4,448,448,448,4e-4,0.0233,448,8e-4,NA,NA,NA,NA,NA,NA,0.6125,0.0011,430,0.8996,0.7259,0,0.8243,0,Bayes-M17-med
Mutshatsha,Lualaba,2,FALSE,4e-4,3e-4,5e-4,4e-4,449,449,449,4e-4,0.0218,449,8e-4,NA,NA,NA,NA,NA,NA,0.3808,6e-4,442,0.971,0.1023,0,0.4498,0,Bayes-M17-med
Mimia,Mai-Ndombe,2,FALSE,4e-4,3e-4,5e-4,4e-4,450,450,450,4e-4,0.0205,450,7e-4,NA,NA,NA,NA,NA,NA,0.4841,7e-4,441,0.9614,0.0521,0,0.9228,0,Bayes-M17-med
Lilanga Bobangi,Equateur,2,FALSE,3e-4,2e-4,4e-4,3e-4,451,451,451,3e-4,0.0155,451,6e-4,NA,NA,NA,NA,NA,NA,0.4117,5e-4,445,0.9382,0.2664,0,0.4421,0,Bayes-M17-med
Irebu,Equateur,2,FALSE,2e-4,2e-4,3e-4,2e-4,454,454,454,2e-4,0.0112,454,4e-4,NA,NA,NA,NA,NA,NA,0.5473,5e-4,446,0.9305,0.6776,0,0.5811,0,Bayes-M17-med
Kamalondo,Haut-Katanga,2,FALSE,2e-4,2e-4,3e-4,2e-4,453,453,453,2e-4,0.0116,453,4e-4,NA,NA,NA,NA,NA,NA,0.0352,0,455,0.029,0.0019,0,0.11,0,Bayes-M17-med
Kowe,Haut-Katanga,2,FALSE,2e-4,2e-4,3e-4,2e-4,452,452,452,2e-4,0.0117,452,4e-4,NA,NA,NA,NA,NA,NA,0.07,1e-4,454,0.0714,0.0811,0,0.1274,0,Bayes-M17-med
Kitona,Kongo-Central,2,FALSE,2e-4,1e-4,2e-4,2e-4,455,455,455,2e-4,0.0085,455,3e-4,NA,NA,NA,NA,NA,NA,0.293,2e-4,452,0.5907,0.5792,0,0.0019,0,Bayes-M17-med
Bokoro,Mai-Ndombe,2,FALSE,0,0,0,0,456,456,456,0,2e-4,456,0,NA,NA,NA,NA,NA,NA,0.471,0,456,0.6873,0.5097,0,0.6873,0,Bayes-M17-med
Idjwi,Sud-Kivu,2,FALSE,0,0,0,0,457,457,457,0,0,457,0,NA,NA,NA,NA,NA,NA,0.3007,0,457,0.2992,0.8224,0,0.0811,0,Bayes-M17-med
Buta,Bas-Uele,2,TRUE,NA,NA,NA,NA,NA,NA,NA,NA,NA,NA,NA,NA,NA,NA,NA,NA,NA,0.7225,NA,NA,0.9749,0.9923,0,0.9228,0,Bayes-M17-med
Ganga,Bas-Uele,2,TRUE,NA,NA,NA,NA,NA,NA,NA,NA,NA,NA,NA,NA,NA,NA,NA,NA,NA,0.7218,NA,NA,0.9672,0.9556,0,0.9643,0,Bayes-M17-med
Viadana,Bas-Uele,2,TRUE,NA,NA,NA,NA,NA,NA,NA,NA,NA,NA,NA,NA,NA,NA,NA,NA,NA,0.6846,NA,NA,0.9131,0.9788,0,0.8465,0,Bayes-M17-med
Boma Mangbetu,Haut-Uele,2,TRUE,NA,NA,NA,NA,NA,NA,NA,NA,NA,NA,NA,NA,NA,NA,NA,NA,NA,0.4122,NA,NA,0.2857,0.5039,0,0.8591,0,Bayes-M17-med
Gombari,Haut-Uele,2,TRUE,NA,NA,NA,NA,NA,NA,NA,NA,NA,NA,NA,NA,NA,NA,NA,NA,NA,0.5772,NA,NA,0.9633,0.8012,0,0.5444,0,Bayes-M17-med
Isiro,Haut-Uele,2,TRUE,NA,NA,NA,NA,NA,NA,NA,NA,NA,NA,NA,NA,NA,NA,NA,NA,NA,0.5253,NA,NA,0.39,0.7587,0,0.9527,0,Bayes-M17-med
Pawa,Haut-Uele,2,TRUE,NA,NA,NA,NA,NA,NA,NA,NA,NA,NA,NA,NA,NA,NA,NA,NA,NA,0.4315,NA,NA,0.2934,0.5734,0,0.8591,0,Bayes-M17-med
Rungu,Haut-Uele,2,TRUE,NA,NA,NA,NA,NA,NA,NA,NA,NA,NA,NA,NA,NA,NA,NA,NA,NA,0.6474,NA,NA,0.8224,0.8031,0,0.9643,0,Bayes-M17-med
Wamba,Haut-Uele,2,TRUE,NA,NA,NA,NA,NA,NA,NA,NA,NA,NA,NA,NA,NA,NA,NA,NA,NA,0.4817,NA,NA,0.6737,0.4363,0,0.8166,0,Bayes-M17-med
Adja,Ituri,2,TRUE,NA,NA,NA,NA,NA,NA,NA,NA,NA,NA,NA,NA,NA,NA,NA,NA,NA,0.2645,NA,NA,0.249,0.4286,0,0.3803,0,Bayes-M17-med
Ariwara,Ituri,2,TRUE,NA,NA,NA,NA,NA,NA,NA,NA,NA,NA,NA,NA,NA,NA,NA,NA,NA,0.2862,NA,NA,0.1988,0.6988,0,0.2471,0,Bayes-M17-med
Aru,Ituri,2,TRUE,NA,NA,NA,NA,NA,NA,NA,NA,NA,NA,NA,NA,NA,NA,NA,NA,NA,0.3528,NA,NA,0.3012,0.8417,0,0.2683,0,Bayes-M17-med
Aungba,Ituri,2,TRUE,NA,NA,NA,NA,NA,NA,NA,NA,NA,NA,NA,NA,NA,NA,NA,NA,NA,0.3354,NA,NA,0.3108,0.6564,0,0.3745,0,Bayes-M17-med
Kambala,Ituri,2,TRUE,NA,NA,NA,NA,NA,NA,NA,NA,NA,NA,NA,NA,NA,NA,NA,NA,NA,0.347,NA,NA,0.3668,0.612,0,0.4093,0,Bayes-M17-med
Logo,Ituri,2,TRUE,NA,NA,NA,NA,NA,NA,NA,NA,NA,NA,NA,NA,NA,NA,NA,NA,NA,0.2384,NA,NA,0.1757,0.5927,0,0.1853,0,Bayes-M17-med
Mahagi,Ituri,2,TRUE,NA,NA,NA,NA,NA,NA,NA,NA,NA,NA,NA,NA,NA,NA,NA,NA,NA,0.2292,NA,NA,0.1718,0.6004,0,0.1448,0,Bayes-M17-med
Rimba,Ituri,2,TRUE,NA,NA,NA,NA,NA,NA,NA,NA,NA,NA,NA,NA,NA,NA,NA,NA,NA,0.306,NA,NA,0.2008,0.7124,0,0.3108,0,Bayes-M17-med
Bambu,Ituri,2,TRUE,NA,NA,NA,NA,NA,NA,NA,NA,NA,NA,NA,NA,NA,NA,NA,NA,NA,0.2399,NA,NA,0.2046,0.4691,0,0.2857,0,Bayes-M17-med
Boga,Ituri,2,TRUE,NA,NA,NA,NA,NA,NA,NA,NA,NA,NA,NA,NA,NA,NA,NA,NA,NA,0.264,NA,NA,0.3861,0.36870000000000003,0,0.3012,0,Bayes-M17-med
Bunia,Ituri,2,TRUE,NA,NA,NA,NA,NA,NA,NA,NA,NA,NA,NA,NA,NA,NA,NA,NA,NA,0.2326,NA,NA,0.1178,0.5637,0,0.249,0,Bayes-M17-med
Damas,Ituri,2,TRUE,NA,NA,NA,NA,NA,NA,NA,NA,NA,NA,NA,NA,NA,NA,NA,NA,NA,0.3224,NA,NA,0.4479,0.3282,0,0.5135,0,Bayes-M17-med
Drodro,Ituri,2,TRUE,NA,NA,NA,NA,NA,NA,NA,NA,NA,NA,NA,NA,NA,NA,NA,NA,NA,0.2674,NA,NA,0.2066,0.5907,0,0.2722,0,Bayes-M17-med
Fataki,Ituri,2,TRUE,NA,NA,NA,NA,NA,NA,NA,NA,NA,NA,NA,NA,NA,NA,NA,NA,NA,0.3185,NA,NA,0.2259,0.7201,0,0.3282,0,Bayes-M17-med
Gety,Ituri,2,TRUE,NA,NA,NA,NA,NA,NA,NA,NA,NA,NA,NA,NA,NA,NA,NA,NA,NA,0.2592,NA,NA,0.3359,0.2973,0,0.4035,0,Bayes-M17-med
Kilo,Ituri,2,TRUE,NA,NA,NA,NA,NA,NA,NA,NA,NA,NA,NA,NA,NA,NA,NA,NA,NA,0.1448,NA,NA,0.2201,0.0502,0,0.3089,0,Bayes-M17-med
Komanda,Ituri,2,TRUE,NA,NA,NA,NA,NA,NA,NA,NA,NA,NA,NA,NA,NA,NA,NA,NA,NA,0.2341,NA,NA,0.3089,0.1197,0,0.5077,0,Bayes-M17-med
Lita,Ituri,2,TRUE,NA,NA,NA,NA,NA,NA,NA,NA,NA,NA,NA,NA,NA,NA,NA,NA,NA,0.306,NA,NA,0.2761,0.7046,0,0.2432,0,Bayes-M17-med
Lolwa,Ituri,2,TRUE,NA,NA,NA,NA,NA,NA,NA,NA,NA,NA,NA,NA,NA,NA,NA,NA,NA,0.3205,NA,NA,0.6429,0,0,0.639,0,Bayes-M17-med
Mambasa,Ituri,2,TRUE,NA,NA,NA,NA,NA,NA,NA,NA,NA,NA,NA,NA,NA,NA,NA,NA,NA,0.4324,NA,NA,0.8842,0.2625,0,0.583,0,Bayes-M17-med
Mandima,Ituri,2,TRUE,NA,NA,NA,NA,NA,NA,NA,NA,NA,NA,NA,NA,NA,NA,NA,NA,NA,0.2659,NA,NA,0.4846,0.2896,0,0.2896,0,Bayes-M17-med
Mangala,Ituri,2,TRUE,NA,NA,NA,NA,NA,NA,NA,NA,NA,NA,NA,NA,NA,NA,NA,NA,NA,0.3021,NA,NA,0.305,0.6158,0,0.2876,0,Bayes-M17-med
Mongbwalu,Ituri,2,TRUE,NA,NA,NA,NA,NA,NA,NA,NA,NA,NA,NA,NA,NA,NA,NA,NA,NA,0.2616,NA,NA,0.4112,0.1834,0,0.4517,0,Bayes-M17-med
Nia Nia,Ituri,2,TRUE,NA,NA,NA,NA,NA,NA,NA,NA,NA,NA,NA,NA,NA,NA,NA,NA,NA,0.2978,NA,NA,0.666,0.0212,0,0.5039,0,Bayes-M17-med
Nizi,Ituri,2,TRUE,NA,NA,NA,NA,NA,NA,NA,NA,NA,NA,NA,NA,NA,NA,NA,NA,NA,0.1771,NA,NA,0.1544,0.3378,0,0.2162,0,Bayes-M17-med
Nyankunde,Ituri,2,TRUE,NA,NA,NA,NA,NA,NA,NA,NA,NA,NA,NA,NA,NA,NA,NA,NA,NA,0.2514,NA,NA,0.2838,0.2432,0,0.4788,0,Bayes-M17-med
Rwampara,Ituri,2,TRUE,NA,NA,NA,NA,NA,NA,NA,NA,NA,NA,NA,NA,NA,NA,NA,NA,NA,0.319,NA,NA,0.2375,0.7452,0,0.2934,0,Bayes-M17-med
Tchomia,Ituri,2,TRUE,NA,NA,NA,NA,NA,NA,NA,NA,NA,NA,NA,NA,NA,NA,NA,NA,NA,0.1998,NA,NA,0.2104,0.3745,0,0.2143,0,Bayes-M17-med
Beni,Nord-Kivu,2,TRUE,NA,NA,NA,NA,NA,NA,NA,NA,NA,NA,NA,NA,NA,NA,NA,NA,NA,0.1559,NA,NA,0.1525,0.2297,0,0.2413,0,Bayes-M17-med
Biena,Nord-Kivu,2,TRUE,NA,NA,NA,NA,NA,NA,NA,NA,NA,NA,NA,NA,NA,NA,NA,NA,NA,0.2013,NA,NA,0.251,0.166,0,0.388,0,Bayes-M17-med
Butembo,Nord-Kivu,2,TRUE,NA,NA,NA,NA,NA,NA,NA,NA,NA,NA,NA,NA,NA,NA,NA,NA,NA,0.1829,NA,NA,0.1139,0.388,0,0.2297,0,Bayes-M17-med
Kalunguta,Nord-Kivu,2,TRUE,NA,NA,NA,NA,NA,NA,NA,NA,NA,NA,NA,NA,NA,NA,NA,NA,NA,0.1559,NA,NA,0.195,0.2066,0,0.222,0,Bayes-M17-med
Katwa,Nord-Kivu,2,TRUE,NA,NA,NA,NA,NA,NA,NA,NA,NA,NA,NA,NA,NA,NA,NA,NA,NA,0.1998,NA,NA,0.0869,0.4846,0,0.2278,0,Bayes-M17-med
Kyondo,Nord-Kivu,2,TRUE,NA,NA,NA,NA,NA,NA,NA,NA,NA,NA,NA,NA,NA,NA,NA,NA,NA,0.3238,NA,NA,0.2954,0.7973,0,0.2027,0,Bayes-M17-med
Lubero,Nord-Kivu,2,TRUE,NA,NA,NA,NA,NA,NA,NA,NA,NA,NA,NA,NA,NA,NA,NA,NA,NA,0.4585,NA,NA,0.5734,0.9382,0,0.3224,0,Bayes-M17-med
Mabalako,Nord-Kivu,2,TRUE,NA,NA,NA,NA,NA,NA,NA,NA,NA,NA,NA,NA,NA,NA,NA,NA,NA,0.1573,NA,NA,0.1931,0.2046,0,0.2317,0,Bayes-M17-med
Manguredjipa,Nord-Kivu,2,TRUE,NA,NA,NA,NA,NA,NA,NA,NA,NA,NA,NA,NA,NA,NA,NA,NA,NA,0.3475,NA,NA,0.778,0.0579,0,0.5541,0,Bayes-M17-med
Masereka,Nord-Kivu,2,TRUE,NA,NA,NA,NA,NA,NA,NA,NA,NA,NA,NA,NA,NA,NA,NA,NA,NA,0.36870000000000003,NA,NA,0.2548,0.9807,0,0.2394,0,Bayes-M17-med
Musienene,Nord-Kivu,2,TRUE,NA,NA,NA,NA,NA,NA,NA,NA,NA,NA,NA,NA,NA,NA,NA,NA,NA,0.319,NA,NA,0.2645,0.7317,0,0.2799,0,Bayes-M17-med
Mutwanga,Nord-Kivu,2,TRUE,NA,NA,NA,NA,NA,NA,NA,NA,NA,NA,NA,NA,NA,NA,NA,NA,NA,0.2408,NA,NA,0.2606,0.4672,0,0.2355,0,Bayes-M17-med
Oicha,Nord-Kivu,2,TRUE,NA,NA,NA,NA,NA,NA,NA,NA,NA,NA,NA,NA,NA,NA,NA,NA,NA,0.3364,NA,NA,0.3243,0.7606,0,0.2606,0,Bayes-M17-med
Vuhovi,Nord-Kivu,2,TRUE,NA,NA,NA,NA,NA,NA,NA,NA,NA,NA,NA,NA,NA,NA,NA,NA,NA,0.2611,NA,NA,0.2027,0.6178,0,0.2239,0,Bayes-M17-med
Goma,Nord-Kivu,2,TRUE,NA,NA,NA,NA,NA,NA,NA,NA,NA,NA,NA,NA,NA,NA,NA,NA,NA,0.2669,NA,NA,0.1274,0.8977,0,0.0425,0,Bayes-M17-med
Kayna,Nord-Kivu,2,TRUE,NA,NA,NA,NA,NA,NA,NA,NA,NA,NA,NA,NA,NA,NA,NA,NA,NA,0.3113,NA,NA,0.2278,0.6332,0,0.3842,0,Bayes-M17-med
Miti Murhesa,Sud-Kivu,2,TRUE,NA,NA,NA,NA,NA,NA,NA,NA,NA,NA,NA,NA,NA,NA,NA,NA,NA,0.3277,NA,NA,0.2355,0.9131,0,0.1622,0,Bayes-M17-med
Bulu,Sud-Ubangi,2,TRUE,NA,NA,NA,NA,NA,NA,NA,NA,NA,NA,NA,NA,NA,NA,NA,NA,NA,0.3147,NA,NA,0.3649,0.1988,0,0.695,0,Bayes-M17-med
Bafwasende,Tshopo,2,TRUE,NA,NA,NA,NA,NA,NA,NA,NA,NA,NA,NA,NA,NA,NA,NA,NA,NA,0.4546,NA,NA,0.9073,0.2413,0,0.6699,0,Bayes-M17-med
Kabondo,Tshopo,2,TRUE,NA,NA,NA,NA,NA,NA,NA,NA,NA,NA,NA,NA,NA,NA,NA,NA,NA,0.18,NA,NA,0.1911,0.2722,0,0.2568,0,Bayes-M17-med
Lubunga (Tshopo),Tshopo,2,TRUE,NA,NA,NA,NA,NA,NA,NA,NA,NA,NA,NA,NA,NA,NA,NA,NA,NA,0.2288,NA,NA,0.2452,0.3436,0,0.3263,0,Bayes-M17-med
Makiso Kisangani,Tshopo,2,TRUE,NA,NA,NA,NA,NA,NA,NA,NA,NA,NA,NA,NA,NA,NA,NA,NA,NA,0.2355,NA,NA,0.1332,0.5309,0,0.278,0,Bayes-M17-med
Mangobo,Tshopo,2,TRUE,NA,NA,NA,NA,NA,NA,NA,NA,NA,NA,NA,NA,NA,NA,NA,NA,NA,0.2061,NA,NA,0.0792,0.4382,0,0.3069,0,Bayes-M17-med
Tshopo,Tshopo,2,TRUE,NA,NA,NA,NA,NA,NA,NA,NA,NA,NA,NA,NA,NA,NA,NA,NA,NA,0.2466,NA,NA,0.361,0.334,0,0.2915,0,Bayes-M17-med
Wanierukula,Tshopo,2,TRUE,NA,NA,NA,NA,NA,NA,NA,NA,NA,NA,NA,NA,NA,NA,NA,NA,NA,0.473,NA,NA,0.8436,0.5521,0,0.4961,0,Bayes-M17-med
