health_zone,province,horizon,was_active_before,p_case_invasion,p_case_lo,p_case_hi,p_median,rank_med,rank_lo,rank_hi,mu_forecast,rr_nat,rr_nat_rank,rr01_nat,rr_ituri,rr_ituri_rank,rr_nordkivu,rr_nordkivu_rank,rr_hautuele,rr_hautuele_rank,V,priority,priority_rank,surveillance_gap,healthcare_gap,access_gap,social_vulnerability,healthcare_travel_min,method
Rethy,Ituri,1,FALSE,0.3421,0.273,0.4202,0.3399,1,1,1,0.4211,45.3442,1,1,3.3428,1,NA,NA,NA,NA,0.2703,0.6175,2,0.2143,0.6081,0,0.2587,0,Bayes-M17-med
Watsa,Haut-Uele,1,FALSE,0.3122,0.255,0.3747,0.3104,2,2,2,0.3756,40.4498,2,0.9124,NA,NA,NA,NA,3.8044,1,0.4797,1,1,0.7297,0.8436,0,0.3456,0,Bayes-M17-med
Nyarambe,Ituri,1,FALSE,0.1569,0.1258,0.1917,0.1556,3,3,3,0.1709,18.4071,3,0.4585,1.357,2,NA,NA,NA,NA,0.1805,0.1891,12,0.1699,0.4595,0,0.0927,0,Bayes-M17-med
Biringi,Ituri,1,FALSE,0.1281,0.1029,0.1569,0.1271,4,4,4,0.1373,14.7856,4,0.3745,1.09,3,NA,NA,NA,NA,0.3494,0.299,4,0.3958,0.4865,0,0.5154,0,Bayes-M17-med
Karisimbi,Nord-Kivu,1,FALSE,0.1036,0.0829,0.1272,0.1028,5,5,5,0.1095,11.7946,5,0.3029,NA,NA,2.252,1,NA,NA,0.1597,0.1106,18,0.0907,0.5154,0,0.0328,0,Bayes-M17-med
Dungu,Haut-Uele,1,FALSE,0.0952,0.0751,0.1192,0.0943,6,6,8,0.1002,10.7854,6,0.2783,NA,NA,NA,NA,1.0144,2,0.5275,0.3354,3,0.8726,0.5598,0,0.6776,0,Bayes-M17-med
Makoro,Haut-Uele,1,FALSE,0.095,0.0755,0.117,0.0942,7,6,7,0.0999,10.7554,7,0.2775,NA,NA,NA,NA,1.0116,3,0.3822,0.2424,6,0.556,0.5483,0,0.4247,0,Bayes-M17-med
Angumu,Ituri,1,FALSE,0.0909,0.0726,0.1115,0.0902,8,7,8,0.0953,10.2669,8,0.2655,0.7569,4,NA,NA,NA,NA,0.11,0.0668,34,0.1641,0.1641,0,0.112,0,Bayes-M17-med
Rutshuru,Nord-Kivu,1,FALSE,0.0854,0.0681,0.105,0.0848,9,9,9,0.0894,9.6224,9,0.2496,NA,NA,1.8373,2,NA,NA,0.3721,0.2122,7,0.4093,0.9942,0,0.0849,0,Bayes-M17-med
Kirotshe,Nord-Kivu,1,FALSE,0.0773,0.0614,0.0954,0.0767,10,10,10,0.0805,8.67,10,0.2259,NA,NA,1.6554,3,NA,NA,0.3842,0.1983,10,0.3764,0.9961,0,0.1641,0,Bayes-M17-med
Nyiragongo,Nord-Kivu,1,FALSE,0.0759,0.0605,0.0934,0.0753,11,11,11,0.079,8.5072,11,0.2218,NA,NA,1.6243,4,NA,NA,0.2891,0.1465,15,0.2432,0.8764,0,0.0367,0,Bayes-M17-med
Alimbongo,Nord-Kivu,1,FALSE,0.0738,0.0588,0.0908,0.0732,12,12,12,0.0767,8.2591,12,0.21560000000000001,NA,NA,1.577,5,NA,NA,0.4262,0.2099,9,0.5849,0.7471,0,0.3726,0,Bayes-M17-med
Bafwagbogbo,Tshopo,1,FALSE,0.071,0.0557,0.0885,0.0703,13,13,13,0.0737,7.9363,13,0.2075,NA,NA,NA,NA,NA,NA,0.3948,0.1872,13,0.8591,0.027,0,0.6931,0,Bayes-M17-med
Kamango,Nord-Kivu,1,FALSE,0.0672,0.0531,0.0831,0.0665,14,14,14,0.0696,7.4911,14,0.1963,NA,NA,1.4303,6,NA,NA,0.4373,0.1961,11,0.6583,0.917,0,0.1737,0,Bayes-M17-med
Rwanguba,Nord-Kivu,1,FALSE,0.0649,0.0515,0.08,0.0643,15,15,15,0.0671,7.2291,15,0.1896,NA,NA,1.3803,7,NA,NA,0.2442,0.1058,19,0.2085,0.7027,0,0.0656,0,Bayes-M17-med
Kibirizi,Nord-Kivu,1,FALSE,0.0604,0.0479,0.0743,0.0599,16,16,19,0.0623,6.7075,16,0.1764,NA,NA,1.2807,8,NA,NA,0.4175,0.1682,14,0.5405,0.8552,0,0.2741,0,Bayes-M17-med
Poko,Bas-Uele,1,FALSE,0.0588,0.0463,0.0732,0.0583,17,16,19,0.0606,6.5288,17,0.1718,NA,NA,NA,NA,NA,NA,0.7271,0.2854,5,0.9923,0.9517,0,0.9643,0,Bayes-M17-med
Niangara,Haut-Uele,1,FALSE,0.0573,0.0437,0.0737,0.0566,18,16,19,0.059,6.3584,18,0.1674,NA,NA,NA,NA,0.598,4,0.5512,0.2109,8,0.8031,0.4324,0,0.9691,0,Bayes-M17-med
Linga,Ituri,1,FALSE,0.0564,0.0434,0.0722,0.0558,19,17,19,0.0581,6.2564,19,0.1648,0.4612,5,NA,NA,NA,NA,0.2148,0.0809,27,0.1969,0.3417,0,0.3205,0,Bayes-M17-med
Jiba,Ituri,1,FALSE,0.051,0.0393,0.0653,0.0504,20,20,20,0.0524,5.6406,20,0.1491,0.4158,6,NA,NA,NA,NA,0.1651,0.0562,39,0.1815,0.1274,0,0.3514,0,Bayes-M17-med
Minova,Sud-Kivu,1,FALSE,0.0428,0.0339,0.0531,0.0424,21,21,21,0.0438,4.7173,21,0.1252,NA,NA,NA,NA,NA,NA,0.3866,0.1106,17,0.4421,0.9826,0,0.1216,0,Bayes-M17-med
Mweso,Nord-Kivu,1,FALSE,0.0395,0.0313,0.049,0.0392,22,22,23,0.0404,4.3467,22,0.1156,NA,NA,0.8299,9,NA,NA,0.4189,0.1106,16,0.4498,0.9614,0,0.2645,0,Bayes-M17-med
Adi,Ituri,1,FALSE,0.0393,0.0307,0.0497,0.039,23,22,23,0.0402,4.324,23,0.115,0.3188,7,NA,NA,NA,NA,0.3977,0.1045,21,0.2587,0.7104,0,0.6216,0,Bayes-M17-med
Ibanda,Sud-Kivu,1,FALSE,0.0368,0.029,0.0456,0.0364,24,24,24,0.0375,4.0344,24,0.1074,NA,NA,NA,NA,NA,NA,0.2307,0.0566,38,0.083,0.6216,0,0.2181,0,Bayes-M17-med
Masisi,Nord-Kivu,1,FALSE,0.0358,0.0282,0.0444,0.0355,25,25,25,0.0364,3.925,25,0.1046,NA,NA,0.7494,10,NA,NA,0.4402,0.1052,20,0.4324,0.9575,0,0.3707,0,Bayes-M17-med
Binza,Nord-Kivu,1,FALSE,0.0342,0.0271,0.0424,0.0339,26,26,26,0.0349,3.7537,26,0.1001,NA,NA,0.7167,11,NA,NA,0.3518,0.0805,28,0.471,0.8378,0,0.0985,0,Bayes-M17-med
Bambo,Nord-Kivu,1,FALSE,0.0333,0.0264,0.0412,0.033,27,27,28,0.0339,3.6477,27,0.0973,NA,NA,0.6965,12,NA,NA,0.3962,0.0881,23,0.5521,0.9073,0,0.1255,0,Bayes-M17-med
Laybo,Ituri,1,FALSE,0.0319,0.0249,0.0402,0.0316,28,27,28,0.0324,3.4921,28,0.0932,0.2574,8,NA,NA,NA,NA,0.3393,0.0723,31,0.3069,0.556,0,0.4942,0,Bayes-M17-med
Faradje,Haut-Uele,1,FALSE,0.0288,0.0225,0.0365,0.0285,29,29,30,0.0293,3.1531,29,0.0843,NA,NA,NA,NA,0.2966,5,0.4474,0.0862,25,0.7606,0.666,0,0.3629,0,Bayes-M17-med
Banalia,Tshopo,1,FALSE,0.0281,0.022,0.0354,0.0279,30,30,31,0.0285,3.0743,30,0.0822,NA,NA,NA,NA,NA,NA,0.4242,0.0797,29,0.7799,0.1178,0,0.7992,0,Bayes-M17-med
Kadutu,Sud-Kivu,1,FALSE,0.0273,0.0215,0.0338,0.027,31,30,31,0.0277,2.9782,31,0.0797,NA,NA,NA,NA,NA,NA,0.1636,0.0298,55,0.0579,0.3861,0,0.2104,0,Bayes-M17-med
Kabare,Sud-Kivu,1,FALSE,0.0258,0.0203,0.0321,0.0256,32,32,32,0.0262,2.8163,32,0.0754,NA,NA,NA,NA,NA,NA,0.3567,0.0615,36,0.2394,0.9884,0,0.1988,0,Bayes-M17-med
Nsele,Kinshasa,1,FALSE,0.0248,0.0197,0.0307,0.0245,33,33,35,0.0251,2.6997,33,0.0723,NA,NA,NA,NA,NA,NA,0.1583,0.0262,58,0.139,0.3996,0,0.0946,0,Bayes-M17-med
Katana,Sud-Kivu,1,FALSE,0.0244,0.0193,0.0303,0.0242,35,34,35,0.0247,2.6603,35,0.0713,NA,NA,NA,NA,NA,NA,0.3224,0.0525,41,0.2471,0.9112,0,0.1313,0,Bayes-M17-med
Uvira,Sud-Kivu,1,FALSE,0.0244,0.0192,0.0304,0.0242,34,33,35,0.0247,2.6631,34,0.0714,NA,NA,NA,NA,NA,NA,0.5502,0.0897,22,0.2181,0.9846,0,0.9981,0,Bayes-M17-med
Katoyi,Nord-Kivu,1,FALSE,0.0238,0.0187,0.0296,0.0236,36,36,36,0.0241,2.596,36,0.0696,NA,NA,0.4957,13,NA,NA,0.4542,0.0722,32,0.4614,0.9595,0,0.3958,0,Bayes-M17-med
Aba,Haut-Uele,1,FALSE,0.0231,0.018,0.0293,0.0228,37,35,38,0.0233,2.5129,37,0.0674,NA,NA,NA,NA,0.2364,6,0.569,0.0876,24,0.6004,0.6853,0,0.9903,0,Bayes-M17-med
Gombe,Kinshasa,1,FALSE,0.0218,0.0173,0.027,0.0216,38,37,40,0.022,2.3697,38,0.0636,NA,NA,NA,NA,NA,NA,0.1622,0.0236,64,0.0695,0.5695,0,0.0097,0,Bayes-M17-med
Walikale,Nord-Kivu,1,FALSE,0.0213,0.0168,0.0265,0.0211,39,38,39,0.0216,2.3245,39,0.0624,NA,NA,0.4438,14,NA,NA,0.5729,0.0817,26,0.9459,0.9286,0,0.417,0,Bayes-M17-med
Walungu,Sud-Kivu,1,FALSE,0.0211,0.0166,0.0263,0.0209,40,39,40,0.0214,2.2995,40,0.0617,NA,NA,NA,NA,NA,NA,0.3248,0.0458,42,0.1853,0.8803,0,0.2336,0,Bayes-M17-med
Pinga,Nord-Kivu,1,FALSE,0.0197,0.0155,0.0244,0.0195,41,41,41,0.0199,2.1405,41,0.0575,NA,NA,0.4087,15,NA,NA,0.57,0.0749,30,0.9595,0.7548,0,0.5656,0,Bayes-M17-med
Ruzizi,Sud-Kivu,1,FALSE,0.019,0.0149,0.0236,0.0188,42,42,42,0.0191,2.0607,42,0.0554,NA,NA,NA,NA,NA,NA,0.5627,0.0712,33,0.3494,0.9093,0,0.9923,0,Bayes-M17-med
Birambizo,Nord-Kivu,1,FALSE,0.0187,0.0147,0.0232,0.0185,43,43,43,0.0188,2.0283,43,0.0545,NA,NA,0.3873,16,NA,NA,0.3625,0.0452,43,0.4035,0.89,0,0.1564,0,Bayes-M17-med
Binza Ozone,Kinshasa,1,FALSE,0.018,0.0142,0.0223,0.0178,44,44,45,0.0181,1.951,44,0.0525,NA,NA,NA,NA,NA,NA,0.152,0.0182,78,0.0734,0.5232,0,0.0116,0,Bayes-M17-med
Fizi,Sud-Kivu,1,FALSE,0.0175,0.0137,0.0218,0.0173,45,44,46,0.0176,1.8967,45,0.051,NA,NA,NA,NA,NA,NA,0.5637,0.0657,35,0.7432,0.9691,0,0.5425,0,Bayes-M17-med
Limete,Kinshasa,1,FALSE,0.0174,0.0138,0.0216,0.0173,46,45,46,0.0176,1.8926,46,0.0509,NA,NA,NA,NA,NA,NA,0.056,0.0065,169,0.0405,0.1371,0,0.0463,0,Bayes-M17-med
Kalehe,Sud-Kivu,1,FALSE,0.0166,0.0131,0.0207,0.0165,47,47,47,0.0168,1.8076,47,0.0486,NA,NA,NA,NA,NA,NA,0.3369,0.0374,45,0.3417,0.8649,0,0.1409,0,Bayes-M17-med
Bagira,Sud-Kivu,1,FALSE,0.0163,0.0128,0.0203,0.0162,48,48,48,0.0165,1.7744,48,0.0478,NA,NA,NA,NA,NA,NA,0.236,0.0258,60,0.1004,0.6371,0,0.2066,0,Bayes-M17-med
Kokolo,Kinshasa,1,FALSE,0.0155,0.0123,0.0192,0.0154,49,49,49,0.0156,1.6852,49,0.0454,NA,NA,NA,NA,NA,NA,0.2172,0.0225,66,0.0772,0.7722,0,0.0193,0,Bayes-M17-med
Lingwala,Kinshasa,1,FALSE,0.0148,0.0118,0.0184,0.0147,50,50,53,0.015,1.6108,50,0.0434,NA,NA,NA,NA,NA,NA,0.0323,0.0032,292,0.0232,0.0907,0,0.0154,0,Bayes-M17-med
Lemera,Sud-Kivu,1,FALSE,0.0147,0.0115,0.0183,0.0146,51,50,51,0.0148,1.5955,51,0.043,NA,NA,NA,NA,NA,NA,0.5613,0.0551,40,0.3629,0.9015,0,0.9807,0,Bayes-M17-med
Nyantende,Sud-Kivu,1,FALSE,0.0144,0.0113,0.0179,0.0142,52,52,53,0.0145,1.5593,52,0.042,NA,NA,NA,NA,NA,NA,0.3219,0.0309,53,0.1486,0.8938,0,0.2452,0,Bayes-M17-med
Mubumbano,Sud-Kivu,1,FALSE,0.0143,0.0112,0.0179,0.0142,53,51,54,0.0144,1.5559,53,0.0419,NA,NA,NA,NA,NA,NA,0.3658,0.035,47,0.2683,0.9402,0,0.2548,0,Bayes-M17-med
Kinshasa,Kinshasa,1,FALSE,0.0139,0.0111,0.0173,0.0138,54,53,54,0.014,1.5129,54,0.0408,NA,NA,NA,NA,NA,NA,0.0203,0.0019,376,0.0135,0.0463,0,0.0212,0,Bayes-M17-med
Kalamu 1,Kinshasa,1,FALSE,0.0134,0.0106,0.0166,0.0132,55,55,57,0.0134,1.4482,55,0.039,NA,NA,NA,NA,NA,NA,0.0309,0.0028,313,0.0193,0.0734,0,0.0309,0,Bayes-M17-med
Kasa Vubu,Kinshasa,1,FALSE,0.0133,0.0105,0.0164,0.0131,56,56,58,0.0133,1.4371,56,0.0387,NA,NA,NA,NA,NA,NA,0.0444,0.0039,249,0.0309,0.1216,0,0.0251,0,Bayes-M17-med
Bondo,Bas-Uele,1,FALSE,0.0131,0.0102,0.0164,0.0129,57,56,58,0.0131,1.4151,57,0.0381,NA,NA,NA,NA,NA,NA,0.6737,0.0587,37,0.9961,0.9981,0,0.7008,0,Bayes-M17-med
Bengamisa,Tshopo,1,FALSE,0.0128,0.0099,0.0163,0.0127,58,55,64,0.0129,1.3914,58,0.0375,NA,NA,NA,NA,NA,NA,0.3012,0.0258,59,0.612,0.2162,0,0.3764,0,Bayes-M17-med
Lemba,Kinshasa,1,FALSE,0.0127,0.0101,0.0157,0.0125,60,57,61,0.0127,1.3716,59,0.037,NA,NA,NA,NA,NA,NA,0.1023,0.0086,127,0.0483,0.3069,0,0.0541,0,Bayes-M17-med
Mwana,Sud-Kivu,1,FALSE,0.0126,0.0099,0.0158,0.0125,59,59,60,0.0127,1.3708,60,0.037,NA,NA,NA,NA,NA,NA,0.3731,0.0315,52,0.2896,0.9035,0,0.2992,0,Bayes-M17-med
Nyangezi,Sud-Kivu,1,FALSE,0.0123,0.0096,0.0153,0.0121,61,60,62,0.0123,1.3276,61,0.0358,NA,NA,NA,NA,NA,NA,0.36870000000000003,0.0302,54,0.222,0.8842,0,0.36870000000000003,0,Bayes-M17-med
Masina 1,Kinshasa,1,FALSE,0.0122,0.0097,0.0151,0.012,62,59,65,0.0122,1.3171,62,0.0355,NA,NA,NA,NA,NA,NA,0.0193,0.0016,392,0.0077,0.0077,0,0.0618,0,Bayes-M17-med
Kaniola,Sud-Kivu,1,FALSE,0.0121,0.0095,0.0151,0.012,63,62,63,0.0122,1.3116,63,0.0354,NA,NA,NA,NA,NA,NA,0.4513,0.0365,46,0.5328,0.9305,0,0.3417,0,Bayes-M17-med
Kintambo,Kinshasa,1,FALSE,0.0118,0.0094,0.0146,0.0117,65,61,68,0.0119,1.2778,64,0.0345,NA,NA,NA,NA,NA,NA,0.0338,0.0027,318,0.0212,0.1004,0,0.0135,0,Bayes-M17-med
Nyemba,Tanganyika,1,FALSE,0.0118,0.0092,0.0147,0.0117,65,64,65,0.0119,1.2772,65,0.0345,NA,NA,NA,NA,NA,NA,0.3456,0.0272,57,0.5965,0.4556,0,0.3301,0,Bayes-M17-med
Bunyakiri,Sud-Kivu,1,FALSE,0.0115,0.009,0.0144,0.0114,66,66,68,0.0116,1.249,66,0.0337,NA,NA,NA,NA,NA,NA,0.4517,0.0348,48,0.6197,0.832,0,0.3552,0,Bayes-M17-med
Isangi,Tshopo,1,FALSE,0.0113,0.0088,0.0144,0.0112,67,64,70,0.0114,1.2261,67,0.0331,NA,NA,NA,NA,NA,NA,0.3837,0.029,56,0.4054,0.4073,0,0.722,0,Bayes-M17-med
Yakusu,Tshopo,1,FALSE,0.0111,0.0084,0.0144,0.011,68,63,74,0.0112,1.2059,68,0.0325,NA,NA,NA,NA,NA,NA,0.319,0.0237,63,0.4208,0.2085,0,0.6467,0,Bayes-M17-med
Lubutu,Maniema,1,FALSE,0.0106,0.0083,0.0132,0.0105,69,69,71,0.0106,1.1441,69,0.0309,NA,NA,NA,NA,NA,NA,0.4706,0.0332,49,0.8205,0.2819,0,0.7799,0,Bayes-M17-med
Masina 2,Kinshasa,1,FALSE,0.0105,0.0083,0.013,0.0104,70,67,72,0.0105,1.1342,70,0.0306,NA,NA,NA,NA,NA,NA,0.0265,0.0019,380,0.0174,0.0193,0,0.0695,0,Bayes-M17-med
Binza Meteo,Kinshasa,1,FALSE,0.0104,0.0083,0.0129,0.0103,71,68,72,0.0105,1.1275,71,0.0304,NA,NA,NA,NA,NA,NA,0.2558,0.0178,81,0.0965,0.8996,0,0.027,0,Bayes-M17-med
Bandalungwa,Kinshasa,1,FALSE,0.0102,0.0081,0.0127,0.0101,72,69,74,0.0103,1.1087,72,0.0299,NA,NA,NA,NA,NA,NA,0.0709,0.0049,212,0.0328,0.2336,0,0.0174,0,Bayes-M17-med
Shabunda,Sud-Kivu,1,FALSE,0.0102,0.008,0.0126,0.0101,73,71,73,0.0102,1.099,73,0.0297,NA,NA,NA,NA,NA,NA,0.5922,0.0401,44,0.8378,0.8726,0,0.6583,0,Bayes-M17-med
Mont Ngafula 1,Kinshasa,1,FALSE,0.0097,0.0076,0.012,0.0096,74,73,75,0.0097,1.0471,74,0.0283,NA,NA,NA,NA,NA,NA,0.2066,0.0133,98,0.1371,0.6313,0,0.0579,0,Bayes-M17-med
Barumbu,Kinshasa,1,FALSE,0.0092,0.0073,0.0114,0.0091,76,75,77,0.0092,0.996,76,0.0269,NA,NA,NA,NA,NA,NA,0.014,9e-4,430,0.0097,0.0232,0,0.0232,0,Bayes-M17-med
Kasongo,Maniema,1,FALSE,0.0092,0.0072,0.0115,0.0091,75,75,78,0.0093,0.9983,75,0.027,NA,NA,NA,NA,NA,NA,0.5304,0.0327,50,0.4459,0.7529,0,0.9228,0,Bayes-M17-med
Kikimi,Kinshasa,1,FALSE,0.009,0.0072,0.0112,0.0089,78,76,78,0.0091,0.9754,78,0.0264,NA,NA,NA,NA,NA,NA,0.0835,0.005,209,0.056,0.1911,0,0.0869,0,Bayes-M17-med
Gemena,Sud-Ubangi,1,FALSE,0.009,0.0068,0.0115,0.009,77,70,82,0.0091,0.979,77,0.0264,NA,NA,NA,NA,NA,NA,0.3277,0.0198,71,0.1776,0.2741,0,0.8591,0,Bayes-M17-med
Matete,Kinshasa,1,FALSE,0.0088,0.007,0.0109,0.0087,79,77,80,0.0088,0.9491,79,0.0256,NA,NA,NA,NA,NA,NA,0.0492,0.0029,309,0.0251,0.1158,0,0.056,0,Bayes-M17-med
Mont Ngafula 2,Kinshasa,1,FALSE,0.0086,0.0068,0.0107,0.0085,81,79,81,0.0087,0.9327,81,0.0252,NA,NA,NA,NA,NA,NA,0.0951,0.0055,200,0.0849,0.2568,0,0.0386,0,Bayes-M17-med
Kindu,Maniema,1,FALSE,0.0086,0.0068,0.0108,0.0085,80,78,81,0.0087,0.9333,80,0.0252,NA,NA,NA,NA,NA,NA,0.3181,0.0183,77,0.1351,0.2529,0,0.8842,0,Bayes-M17-med
Selembao,Kinshasa,1,FALSE,0.0084,0.0066,0.0104,0.0083,82,80,83,0.0084,0.9064,82,0.0245,NA,NA,NA,NA,NA,NA,0.0676,0.0038,258,0.0444,0.1815,0,0.0444,0,Bayes-M17-med
Nundu,Sud-Kivu,1,FALSE,0.0081,0.0064,0.0102,0.0081,83,82,83,0.0082,0.8811,83,0.0238,NA,NA,NA,NA,NA,NA,0.5927,0.0322,51,0.527,0.8494,0,0.9942,0,Bayes-M17-med
Kingabwa,Kinshasa,1,FALSE,0.0077,0.0061,0.0096,0.0077,84,84,85,0.0078,0.8356,84,0.0226,NA,NA,NA,NA,NA,NA,0.0478,0.0025,327,0.0425,0.0965,0,0.0521,0,Bayes-M17-med
Ndjili,Kinshasa,1,FALSE,0.0075,0.0059,0.0093,0.0074,86,85,87,0.0075,0.81,86,0.0219,NA,NA,NA,NA,NA,NA,0.0487,0.0024,329,0.027,0.1042,0,0.0637,0,Bayes-M17-med
Kalonge,Sud-Kivu,1,FALSE,0.0075,0.0059,0.0094,0.0075,85,84,86,0.0076,0.8132,85,0.022,NA,NA,NA,NA,NA,NA,0.404,0.0203,70,0.4961,0.8359,0,0.2838,0,Bayes-M17-med
Yabaondo,Tshopo,1,FALSE,0.007,0.0054,0.009,0.007,87,86,91,0.0071,0.7608,87,0.0206,NA,NA,NA,NA,NA,NA,0.3523,0.0166,87,0.4363,0.305,0,0.668,0,Bayes-M17-med
Ngiri Ngiri,Kinshasa,1,FALSE,0.0069,0.0055,0.0085,0.0068,89,87,91,0.0069,0.7436,89,0.0201,NA,NA,NA,NA,NA,NA,0.028,0.0013,406,0.0154,0.0676,0,0.029,0,Bayes-M17-med
Kunda,Maniema,1,FALSE,0.0069,0.0054,0.0087,0.0068,88,88,89,0.0069,0.7467,88,0.0202,NA,NA,NA,NA,NA,NA,0.4165,0.0192,74,0.4633,0.2799,0,0.9228,0,Bayes-M17-med
Ubundu,Tshopo,1,FALSE,0.0067,0.0052,0.0085,0.0066,90,89,93,0.0067,0.7202,91,0.0195,NA,NA,NA,NA,NA,NA,0.4744,0.0211,68,0.9054,0.4305,0,0.5618,0,Bayes-M17-med
Kalemie,Tanganyika,1,FALSE,0.0067,0.0052,0.0083,0.0066,91,90,92,0.0067,0.7202,90,0.0195,NA,NA,NA,NA,NA,NA,0.3789,0.0169,83,0.6718,0.4575,0,0.3861,0,Bayes-M17-med
Police,Kinshasa,1,FALSE,0.0066,0.0053,0.0082,0.0066,92,88,93,0.0066,0.715,92,0.0193,NA,NA,NA,NA,NA,NA,0.0478,0.0021,360,0.0463,0.0772,0,0.0676,0,Bayes-M17-med
Basoko,Tshopo,1,FALSE,0.0063,0.0049,0.008,0.0063,93,92,95,0.0064,0.6849,93,0.0185,NA,NA,NA,NA,NA,NA,0.3012,0.0127,100,0.5077,0.3147,0,0.3822,0,Bayes-M17-med
Kaziba,Sud-Kivu,1,FALSE,0.0062,0.0048,0.0077,0.0061,94,94,95,0.0062,0.6684,94,0.0181,NA,NA,NA,NA,NA,NA,0.3571,0.0148,94,0.2876,0.7838,0,0.3571,0,Bayes-M17-med
Maluku 1,Kinshasa,1,FALSE,0.0061,0.0048,0.0075,0.006,96,92,99,0.0061,0.6562,95,0.0178,NA,NA,NA,NA,NA,NA,0.2321,0.0094,122,0.3475,0.4517,0,0.1293,0,Bayes-M17-med
Kibua,Nord-Kivu,1,FALSE,0.0061,0.0048,0.0076,0.006,95,95,96,0.0061,0.6557,96,0.0177,NA,NA,0.1252,17,NA,NA,0.5154,0.0209,69,0.7741,0.6602,0,0.6274,0,Bayes-M17-med
Saramabila,Maniema,1,FALSE,0.0059,0.0046,0.0073,0.0058,98,97,99,0.0059,0.633,97,0.0171,NA,NA,NA,NA,NA,NA,0.4768,0.0187,76,0.473,0.5502,0,0.8842,0,Bayes-M17-med
Budjala,Sud-Ubangi,1,FALSE,0.0059,0.0044,0.0075,0.0058,97,89,111,0.0059,0.6325,98,0.0171,NA,NA,NA,NA,NA,NA,0.43,0.0168,84,0.5154,0.4035,0,0.8012,0,Bayes-M17-med
Yaleko,Tshopo,1,FALSE,0.0058,0.0045,0.0074,0.0057,99,96,103,0.0058,0.6246,99,0.0169,NA,NA,NA,NA,NA,NA,0.402,0.0155,90,0.639,0.2452,0,0.7239,0,Bayes-M17-med
Lubumbashi,Haut-Katanga,1,FALSE,0.0057,0.0045,0.0071,0.0056,101,97,103,0.0057,0.6136,101,0.0166,NA,NA,NA,NA,NA,NA,0.1105,0.0042,237,0.1081,0.2104,0,0.1236,0,Bayes-M17-med
Kitutu,Sud-Kivu,1,FALSE,0.0057,0.0045,0.0072,0.0057,100,100,102,0.0057,0.6171,100,0.0167,NA,NA,NA,NA,NA,NA,0.5024,0.0192,75,0.751,0.805,0,0.4537,0,Bayes-M17-med
Yambuku,Mongala,1,FALSE,0.0056,0.0044,0.0071,0.0056,102,100,103,0.0057,0.6092,102,0.0165,NA,NA,NA,NA,NA,NA,0.4344,0.0164,88,0.5483,0.5753,0,0.6139,0,Bayes-M17-med
Lisala,Mongala,1,FALSE,0.0055,0.0043,0.0069,0.0055,103,102,105,0.0055,0.5972,103,0.0162,NA,NA,NA,NA,NA,NA,0.4093,0.0151,91,0.4286,0.4402,0,0.7683,0,Bayes-M17-med
Mwenga,Sud-Kivu,1,FALSE,0.0055,0.0043,0.0068,0.0054,104,103,106,0.0055,0.5905,104,0.016,NA,NA,NA,NA,NA,NA,0.319,0.0116,107,0.5,0.3552,0,0.4208,0,Bayes-M17-med
Kingasani,Kinshasa,1,FALSE,0.0054,0.0043,0.0068,0.0054,105,100,109,0.0055,0.5884,105,0.0159,NA,NA,NA,NA,NA,NA,0.0294,0.0011,419,0.0058,0.0405,0,0.0714,0,Bayes-M17-med
Kongolo,Tanganyika,1,FALSE,0.0054,0.0042,0.0067,0.0053,106,105,107,0.0054,0.5798,106,0.0157,NA,NA,NA,NA,NA,NA,0.6829,0.0245,61,0.8861,0.9228,0,0.9228,0,Bayes-M17-med
Itebero,Nord-Kivu,1,FALSE,0.0053,0.0041,0.0066,0.0052,108,107,109,0.0053,0.5721,108,0.0155,NA,NA,0.1092,18,NA,NA,0.5574,0.0197,72,0.9112,0.722,0,0.5965,0,Bayes-M17-med
Kalole,Sud-Kivu,1,FALSE,0.0053,0.0041,0.0066,0.0052,109,109,110,0.0053,0.5672,109,0.0154,NA,NA,NA,NA,NA,NA,0.6038,0.0212,67,0.89,0.7799,0,0.7452,0,Bayes-M17-med
Kimbi Lulenge,Sud-Kivu,1,FALSE,0.0053,0.0042,0.0067,0.0053,107,106,108,0.0054,0.5774,107,0.0156,NA,NA,NA,NA,NA,NA,0.5507,0.0197,73,0.8475,0.8687,0,0.4865,0,Bayes-M17-med
Kabinda,Lomami,1,FALSE,0.0052,0.004,0.0065,0.0051,111,110,114,0.0052,0.5562,111,0.0151,NA,NA,NA,NA,NA,NA,0.4382,0.0151,92,0.5097,0.5541,0,0.6892,0,Bayes-M17-med
Mulungu,Sud-Kivu,1,FALSE,0.0052,0.004,0.0064,0.0051,111,110,113,0.0052,0.5566,110,0.0151,NA,NA,NA,NA,NA,NA,0.5208,0.0179,80,0.861,0.5193,0,0.7027,0,Bayes-M17-med
Ango,Bas-Uele,1,FALSE,0.0051,0.004,0.0064,0.005,114,109,117,0.0051,0.5493,113,0.0149,NA,NA,NA,NA,NA,NA,0.7095,0.0241,62,1,0.8591,0,0.9788,0,Bayes-M17-med
Yamaluka,Mongala,1,FALSE,0.0051,0.004,0.0064,0.005,113,112,114,0.0051,0.5504,112,0.0149,NA,NA,NA,NA,NA,NA,0.1974,0.0067,163,0.2799,0.1448,0,0.3649,0,Bayes-M17-med
Titule,Bas-Uele,1,FALSE,0.005,0.0039,0.0063,0.005,116,101,122,0.005,0.5409,115,0.0146,NA,NA,NA,NA,NA,NA,0.6839,0.0229,65,0.9865,0.8263,0,0.9228,0,Bayes-M17-med
Binga,Mongala,1,FALSE,0.005,0.0038,0.0064,0.005,114,101,119,0.0051,0.5452,114,0.0148,NA,NA,NA,NA,NA,NA,0.3306,0.0111,111,0.4749,0.249,0,0.5985,0,Bayes-M17-med
Kamituga,Sud-Kivu,1,FALSE,0.005,0.0039,0.0062,0.0049,116,115,117,0.005,0.5356,116,0.0145,NA,NA,NA,NA,NA,NA,0.3596,0.0119,106,0.3938,0.6062,0,0.4382,0,Bayes-M17-med
Mbaya,Sud-Ubangi,1,FALSE,0.0049,0.0037,0.0064,0.0049,117,97,121,0.0049,0.5323,117,0.0144,NA,NA,NA,NA,NA,NA,0.3142,0.0103,115,0.3514,0.2239,0,0.6815,0,Bayes-M17-med
Opienge,Tshopo,1,FALSE,0.0048,0.0037,0.0061,0.0048,118,116,118,0.0048,0.5202,118,0.0141,NA,NA,NA,NA,NA,NA,0.4445,0.0143,96,0.9556,0.0135,0,0.8089,0,Bayes-M17-med
Djolu,Tshuapa,1,FALSE,0.0048,0.0037,0.006,0.0047,119,116,119,0.0048,0.5151,119,0.0139,NA,NA,NA,NA,NA,NA,0.5256,0.0167,85,0.7104,0.5985,0,0.7934,0,Bayes-M17-med
Bonzola,Kasaï-Oriental,1,FALSE,0.0047,0.0037,0.0059,0.0046,120,117,120,0.0047,0.5055,120,0.0137,NA,NA,NA,NA,NA,NA,0.2958,0.0093,124,0.0927,0.7934,0,0.2973,0,Bayes-M17-med
Yahuma,Tshopo,1,FALSE,0.0043,0.0033,0.0054,0.0042,122,120,129,0.0043,0.4595,122,0.0124,NA,NA,NA,NA,NA,NA,0.4402,0.0125,102,0.8649,0.332,0,0.5637,0,Bayes-M17-med
Mbulula,Tanganyika,1,FALSE,0.0043,0.0034,0.0054,0.0043,121,120,122,0.0044,0.469,121,0.0127,NA,NA,NA,NA,NA,NA,0.5934,0.0172,82,0.6448,0.7761,0,0.9527,0,Bayes-M17-med
Kananga,Kasaï-Central,1,FALSE,0.0041,0.0032,0.0051,0.0041,124,124,126,0.0041,0.4425,124,0.012,NA,NA,NA,NA,NA,NA,0.2963,0.0081,133,0.1429,0.5579,0,0.4846,0,Bayes-M17-med
Kampene,Maniema,1,FALSE,0.0041,0.0032,0.0052,0.0041,123,122,124,0.0041,0.4452,123,0.0121,NA,NA,NA,NA,NA,NA,0.3962,0.0109,112,0.5251,0.1757,0,0.8842,0,Bayes-M17-med
Kalima,Maniema,1,FALSE,0.0041,0.0032,0.0051,0.004,126,126,128,0.0041,0.4396,126,0.0119,NA,NA,NA,NA,NA,NA,0.3094,0.0084,129,0.4595,0.3205,0,0.4575,0,Bayes-M17-med
Lodja,Sankuru,1,FALSE,0.0041,0.0032,0.0051,0.0041,125,124,127,0.0041,0.4421,125,0.012,NA,NA,NA,NA,NA,NA,0.4626,0.0127,101,0.2625,0.6351,0,0.9527,0,Bayes-M17-med
Aketi,Bas-Uele,1,FALSE,0.004,0.0031,0.0051,0.004,130,123,138,0.004,0.4306,130,0.0117,NA,NA,NA,NA,NA,NA,0.6762,0.018,79,0.9903,0.9363,0,0.778,0,Bayes-M17-med
Mumbunda,Haut-Katanga,1,FALSE,0.004,0.0032,0.005,0.004,127,123,129,0.004,0.4342,127,0.0118,NA,NA,NA,NA,NA,NA,0.1853,0.005,210,0.1197,0.5077,0,0.1139,0,Bayes-M17-med
Manika,Lualaba,1,FALSE,0.004,0.0031,0.005,0.004,128,124,130,0.004,0.4319,128,0.0117,NA,NA,NA,NA,NA,NA,0.1149,0.0031,300,0.0946,0.222,0,0.1429,0,Bayes-M17-med
Kabalo,Tanganyika,1,FALSE,0.004,0.0031,0.005,0.004,129,127,130,0.004,0.431,129,0.0117,NA,NA,NA,NA,NA,NA,0.624,0.0166,86,0.9035,0.7568,0,0.8359,0,Bayes-M17-med
Makala,Kinshasa,1,FALSE,0.0039,0.0031,0.0048,0.0038,133,127,136,0.0039,0.4187,133,0.0113,NA,NA,NA,NA,NA,NA,0.0246,6e-4,439,0.0116,0.0386,0,0.0483,0,Bayes-M17-med
Bumba,Mongala,1,FALSE,0.0039,0.003,0.0049,0.0039,131,131,133,0.0039,0.4211,131,0.0114,NA,NA,NA,NA,NA,NA,0.2384,0.0062,178,0.1409,0.4537,0,0.3591,0,Bayes-M17-med
Moba,Tanganyika,1,FALSE,0.0039,0.0031,0.0049,0.0039,132,130,133,0.0039,0.4205,132,0.0114,NA,NA,NA,NA,NA,NA,0.3808,0.0099,119,0.6178,0.4942,0,0.4112,0,Bayes-M17-med
Doruma,Haut-Uele,1,FALSE,0.0038,0.0029,0.0048,0.0038,136,129,140,0.0038,0.4107,136,0.0111,NA,NA,NA,NA,0.0386,7,0.6216,0.0158,89,0.973,0.5135,0,1,0,Bayes-M17-med
Kasansa,Kasaï-Oriental,1,FALSE,0.0038,0.003,0.0048,0.0038,135,133,135,0.0038,0.4137,134,0.0112,NA,NA,NA,NA,NA,NA,0.3349,0.0086,128,0.2568,0.6699,0,0.4131,0,Bayes-M17-med
Punia,Maniema,1,FALSE,0.0038,0.003,0.0048,0.0038,134,133,136,0.0038,0.4134,135,0.0112,NA,NA,NA,NA,NA,NA,0.3731,0.0095,121,0.7625,0.1969,0,0.5328,0,Bayes-M17-med
Haut Plateau,Sud-Kivu,1,FALSE,0.0038,0.003,0.0047,0.0037,137,135,137,0.0038,0.4077,137,0.011,NA,NA,NA,NA,NA,NA,0.5246,0.0132,99,0.5714,0.5444,0,0.9826,0,Bayes-M17-med
Manono,Tanganyika,1,FALSE,0.0037,0.0029,0.0047,0.0037,138,137,138,0.0037,0.4008,138,0.0109,NA,NA,NA,NA,NA,NA,0.5758,0.0143,97,0.8784,0.9537,0,0.471,0,Bayes-M17-med
Lulingu,Sud-Kivu,1,FALSE,0.0036,0.0028,0.0045,0.0036,140,140,141,0.0036,0.3878,140,0.0105,NA,NA,NA,NA,NA,NA,0.6158,0.0148,93,0.9093,0.8108,0,0.7432,0,Bayes-M17-med
Nyunzu,Tanganyika,1,FALSE,0.0036,0.0029,0.0046,0.0036,139,139,139,0.0036,0.393,139,0.0106,NA,NA,NA,NA,NA,NA,0.6023,0.0146,95,0.9653,0.834,0,0.61,0,Bayes-M17-med
Nzaba,Kasaï-Oriental,1,FALSE,0.0035,0.0028,0.0045,0.0035,141,141,142,0.0036,0.383,141,0.0104,NA,NA,NA,NA,NA,NA,0.278,0.0066,166,0.1042,0.6931,0,0.3147,0,Bayes-M17-med
Kalamu 2,Kinshasa,1,FALSE,0.0035,0.0028,0.0044,0.0035,144,138,147,0.0035,0.3784,144,0.0103,NA,NA,NA,NA,NA,NA,0.015,4e-4,447,0.0039,0.0154,0,0.0405,0,Bayes-M17-med
Lusangi,Maniema,1,FALSE,0.0035,0.0028,0.0044,0.0035,143,143,144,0.0035,0.3793,143,0.0103,NA,NA,NA,NA,NA,NA,0.4223,0.0099,118,0.5656,0.2645,0,0.8591,0,Bayes-M17-med
Minembwe,Sud-Kivu,1,FALSE,0.0035,0.0028,0.0044,0.0035,142,142,144,0.0035,0.38,142,0.0103,NA,NA,NA,NA,NA,NA,0.5198,0.0122,105,0.7181,0.8089,0,0.5521,0,Bayes-M17-med
Kabongo,Haut-Lomami,1,FALSE,0.0034,0.0027,0.0043,0.0034,145,144,146,0.0034,0.3702,146,0.01,NA,NA,NA,NA,NA,NA,0.5372,0.0123,104,0.8108,0.778,0,0.5598,0,Bayes-M17-med
Mulumba,Lomami,1,FALSE,0.0034,0.0026,0.0042,0.0033,147,146,148,0.0034,0.3628,147,0.0098,NA,NA,NA,NA,NA,NA,0.2587,0.0058,190,0.1834,0.3108,0,0.5405,0,Bayes-M17-med
Lolo,Mongala,1,FALSE,0.0034,0.0027,0.0043,0.0034,145,143,147,0.0034,0.3707,145,0.01,NA,NA,NA,NA,NA,NA,0.3161,0.0073,151,0.4073,0.3263,0,0.5309,0,Bayes-M17-med
Tshilenge,Kasaï-Oriental,1,FALSE,0.0033,0.0026,0.0041,0.0032,152,151,152,0.0033,0.3535,151,0.0096,NA,NA,NA,NA,NA,NA,0.2799,0.0061,182,0.1892,0.668,0,0.2625,0,Bayes-M17-med
Kisenso,Kinshasa,1,FALSE,0.0033,0.0026,0.0041,0.0033,149,147,155,0.0033,0.3559,149,0.0096,NA,NA,NA,NA,NA,NA,0.0589,0.0013,404,0.0367,0.139,0,0.0598,0,Bayes-M17-med
Luputa,Lomami,1,FALSE,0.0033,0.0026,0.0042,0.0033,149,148,149,0.0033,0.3578,148,0.0097,NA,NA,NA,NA,NA,NA,0.3431,0.0076,143,0.3301,0.3166,0,0.7259,0,Bayes-M17-med
Mweneditu,Lomami,1,FALSE,0.0033,0.0025,0.0041,0.0032,154,152,154,0.0033,0.3507,153,0.0095,NA,NA,NA,NA,NA,NA,0.2799,0.0061,184,0.166,0.3842,0,0.5695,0,Bayes-M17-med
Samba,Maniema,1,FALSE,0.0033,0.0026,0.0041,0.0033,150,150,151,0.0033,0.3554,150,0.0096,NA,NA,NA,NA,NA,NA,0.5179,0.0114,108,0.7529,0.4344,0,0.8842,0,Bayes-M17-med
Yahisuli,Tshopo,1,FALSE,0.0033,0.0025,0.0042,0.0032,151,147,155,0.0033,0.3529,152,0.0096,NA,NA,NA,NA,NA,NA,0.3521,0.0077,139,0.3842,0.0714,0,0.9527,0,Bayes-M17-med
Kamina,Haut-Lomami,1,FALSE,0.0032,0.0025,0.0041,0.0032,155,153,155,0.0032,0.3498,155,0.0095,NA,NA,NA,NA,NA,NA,0.5164,0.0112,109,0.8301,0.8301,0,0.4054,0,Bayes-M17-med
Opala,Tshopo,1,FALSE,0.0032,0.0025,0.0041,0.0032,153,149,155,0.0033,0.3503,154,0.0095,NA,NA,NA,NA,NA,NA,0.4269,0.0093,123,0.7819,0.0792,0,0.8465,0,Bayes-M17-med
Idiofa,Kwilu,1,FALSE,0.0031,0.0024,0.0039,0.0031,157,156,157,0.0031,0.3369,157,0.0091,NA,NA,NA,NA,NA,NA,0.486,0.0101,117,0.4537,0.749,0,0.7413,0,Bayes-M17-med
Kailo,Maniema,1,FALSE,0.0031,0.0024,0.0039,0.0031,158,156,158,0.0031,0.3358,158,0.0091,NA,NA,NA,NA,NA,NA,0.4276,0.0089,125,0.832,0.0946,0,0.7838,0,Bayes-M17-med
Boende,Tshuapa,1,FALSE,0.0031,0.0024,0.004,0.0031,156,156,158,0.0031,0.3379,156,0.0092,NA,NA,NA,NA,NA,NA,0.4199,0.0088,126,0.6988,0.4807,0,0.5,0,Bayes-M17-med
Kabeya Kamwanga,Kasaï-Oriental,1,FALSE,0.0029,0.0023,0.0037,0.0029,159,159,160,0.0029,0.315,159,0.0085,NA,NA,NA,NA,NA,NA,0.2968,0.0058,191,0.3224,0.3919,0,0.473,0,Bayes-M17-med
Biyela,Kinshasa,1,FALSE,0.0029,0.0022,0.0036,0.0028,161,159,166,0.0029,0.3076,161,0.0083,NA,NA,NA,NA,NA,NA,0.1076,0.002,367,0.0637,0.2838,0,0.083,0,Bayes-M17-med
Karawa,Nord-Ubangi,1,FALSE,0.0029,0.0022,0.0036,0.0029,160,159,166,0.0029,0.3107,160,0.0084,NA,NA,NA,NA,NA,NA,0.6404,0.0123,103,0.7568,0.973,0,0.832,0,Bayes-M17-med
Mbandaka,Equateur,1,FALSE,0.0028,0.0022,0.0035,0.0028,163,161,168,0.0028,0.3056,163,0.0083,NA,NA,NA,NA,NA,NA,0.5164,0.0098,120,0.6409,0.9633,0,0.4614,0,Bayes-M17-med
Kipushi,Haut-Katanga,1,FALSE,0.0028,0.0022,0.0035,0.0028,166,162,170,0.0028,0.3012,166,0.0082,NA,NA,NA,NA,NA,NA,0.1216,0.0023,345,0.2703,0.1081,0,0.1081,0,Bayes-M17-med
Malemba Nkulu,Haut-Lomami,1,FALSE,0.0028,0.0022,0.0035,0.0028,165,164,167,0.0028,0.3025,165,0.0082,NA,NA,NA,NA,NA,NA,0.3895,0.0073,150,0.36870000000000003,0.7664,0,0.4228,0,Bayes-M17-med
Kamwesha,Kasaï,1,FALSE,0.0028,0.0022,0.0035,0.0028,164,162,165,0.0028,0.3047,164,0.0083,NA,NA,NA,NA,NA,NA,0.2732,0.0052,208,0.3456,0.2876,0,0.4595,0,Bayes-M17-med
Tshikapa,Kasaï,1,FALSE,0.0028,0.0022,0.0036,0.0028,162,161,164,0.0028,0.3067,162,0.0083,NA,NA,NA,NA,NA,NA,0.3156,0.006,186,0.2722,0.6506,0,0.3398,0,Bayes-M17-med
Demba,Kasaï-Central,1,FALSE,0.0028,0.0022,0.0035,0.0027,168,166,169,0.0028,0.2975,168,0.0081,NA,NA,NA,NA,NA,NA,0.4117,0.0076,144,0.4653,0.7143,0,0.4672,0,Bayes-M17-med
Lingomo,Tshuapa,1,FALSE,0.0028,0.0022,0.0035,0.0027,167,164,171,0.0028,0.2978,167,0.0081,NA,NA,NA,NA,NA,NA,0.5627,0.0104,114,0.8263,0.5869,0,0.8378,0,Bayes-M17-med
Tshamilemba,Haut-Katanga,1,FALSE,0.0027,0.0021,0.0033,0.0026,172,168,176,0.0027,0.2885,172,0.0078,NA,NA,NA,NA,NA,NA,0.0772,0.0014,401,0.0656,0.1255,0,0.1178,0,Bayes-M17-med
Kaniama,Haut-Lomami,1,FALSE,0.0027,0.0021,0.0033,0.0026,174,172,174,0.0027,0.2862,174,0.0078,NA,NA,NA,NA,NA,NA,0.582,0.0103,116,0.8533,0.6622,0,0.8127,0,Bayes-M17-med
Kitenge,Haut-Lomami,1,FALSE,0.0027,0.0022,0.0035,0.0027,169,167,170,0.0028,0.2964,169,0.008,NA,NA,NA,NA,NA,NA,0.5729,0.0105,113,0.8668,0.8069,0,0.6178,0,Bayes-M17-med
Kimbanseke,Kinshasa,1,FALSE,0.0027,0.0021,0.0034,0.0027,171,165,174,0.0027,0.2924,170,0.0079,NA,NA,NA,NA,NA,NA,0.0526,0.001,425,0.0521,0.0849,0,0.0734,0,Bayes-M17-med
Lubao,Lomami,1,FALSE,0.0027,0.0021,0.0033,0.0026,173,172,173,0.0027,0.2865,173,0.0078,NA,NA,NA,NA,NA,NA,0.3982,0.0071,155,0.6486,0.1525,0,0.7915,0,Bayes-M17-med
Tandala,Sud-Ubangi,1,FALSE,0.0027,0.0021,0.0034,0.0027,170,161,174,0.0027,0.2923,171,0.0079,NA,NA,NA,NA,NA,NA,0.4078,0.0074,148,0.2741,0.527,0,0.8301,0,Bayes-M17-med
Mikalayi,Kasaï-Central,1,FALSE,0.0026,0.002,0.0033,0.0026,176,175,177,0.0026,0.2794,176,0.0076,NA,NA,NA,NA,NA,NA,0.3948,0.0068,159,0.4517,0.5811,0,0.5463,0,Bayes-M17-med
Bwamanda,Sud-Ubangi,1,FALSE,0.0026,0.0021,0.0033,0.0026,175,172,176,0.0026,0.2841,175,0.0077,NA,NA,NA,NA,NA,NA,0.4667,0.0082,132,0.4189,0.7394,0,0.7085,0,Bayes-M17-med
Diulu,Kasaï-Oriental,1,FALSE,0.0025,0.0019,0.0031,0.0025,180,180,181,0.0025,0.2671,180,0.0072,NA,NA,NA,NA,NA,NA,0.2611,0.0043,231,0.0676,0.6448,0,0.332,0,Bayes-M17-med
Lukelenge,Kasaï-Oriental,1,FALSE,0.0025,0.002,0.0031,0.0025,179,178,180,0.0025,0.2698,179,0.0073,NA,NA,NA,NA,NA,NA,0.2249,0.0038,260,0.0811,0.5,0,0.3185,0,Bayes-M17-med
Lusanga,Kwilu,1,FALSE,0.0025,0.0019,0.0031,0.0024,182,182,184,0.0025,0.265,182,0.0072,NA,NA,NA,NA,NA,NA,0.4242,0.007,157,0.4382,0.7297,0,0.529,0,Bayes-M17-med
Ngandajika,Lomami,1,FALSE,0.0025,0.0019,0.0031,0.0024,183,182,183,0.0025,0.2644,183,0.0072,NA,NA,NA,NA,NA,NA,0.3465,0.0057,193,0.2124,0.4459,0,0.7278,0,Bayes-M17-med
Yamongili,Mongala,1,FALSE,0.0025,0.0019,0.0031,0.0025,181,179,184,0.0025,0.2669,181,0.0072,NA,NA,NA,NA,NA,NA,0.3243,0.0054,205,0.5116,0.3668,0,0.4189,0,Bayes-M17-med
Ikela,Tshuapa,1,FALSE,0.0025,0.002,0.0032,0.0025,177,176,179,0.0025,0.2743,177,0.0074,NA,NA,NA,NA,NA,NA,0.4633,0.0079,138,0.8147,0.1795,0,0.8591,0,Bayes-M17-med
Mondombe,Tshuapa,1,FALSE,0.0025,0.002,0.0032,0.0025,178,178,181,0.0025,0.2715,178,0.0074,NA,NA,NA,NA,NA,NA,0.4797,0.0081,135,0.6622,0.3726,0,0.8842,0,Bayes-M17-med
Luebo,Kasaï,1,FALSE,0.0024,0.0019,0.0031,0.0024,185,184,185,0.0024,0.2621,184,0.0071,NA,NA,NA,NA,NA,NA,0.4353,0.0071,154,0.5232,0.5116,0,0.7066,0,Bayes-M17-med
Mweka,Kasaï,1,FALSE,0.0024,0.0019,0.003,0.0024,189,188,189,0.0024,0.256,189,0.0069,NA,NA,NA,NA,NA,NA,0.5053,0.008,136,0.4788,0.7239,0,0.8185,0,Bayes-M17-med
Cilundu,Kasaï-Oriental,1,FALSE,0.0024,0.0019,0.003,0.0024,187,186,188,0.0024,0.2592,187,0.007,NA,NA,NA,NA,NA,NA,0.221,0.0035,270,0.2317,0.3089,0,0.3436,0,Bayes-M17-med
Maluku 2,Kinshasa,1,FALSE,0.0024,0.0019,0.003,0.0024,186,177,190,0.0024,0.2612,185,0.0071,NA,NA,NA,NA,NA,NA,0.4184,0.0068,162,0.6834,0.5463,0,0.444,0,Bayes-M17-med
Kabambare,Maniema,1,FALSE,0.0024,0.0019,0.003,0.0024,186,185,187,0.0024,0.2599,186,0.007,NA,NA,NA,NA,NA,NA,0.3953,0.0064,175,0.8359,0.112,0,0.6332,0,Bayes-M17-med
Ndage,Sud-Ubangi,1,FALSE,0.0024,0.0018,0.003,0.0024,187,175,197,0.0024,0.259,188,0.007,NA,NA,NA,NA,NA,NA,0.3533,0.0057,194,0.3996,0.2761,0,0.7375,0,Bayes-M17-med
Likati,Bas-Uele,1,FALSE,0.0023,0.0018,0.003,0.0023,190,186,198,0.0023,0.2527,190,0.0069,NA,NA,NA,NA,NA,NA,0.7124,0.0112,110,0.9942,0.971,0,0.8842,0,Bayes-M17-med
Bena Leka,Kasaï-Central,1,FALSE,0.0023,0.0018,0.0029,0.0023,192,191,193,0.0023,0.2485,192,0.0067,NA,NA,NA,NA,NA,NA,0.4986,0.0077,141,0.6062,0.7162,0,0.6718,0,Bayes-M17-med
Luiza,Kasaï-Central,1,FALSE,0.0023,0.0018,0.0029,0.0023,191,190,191,0.0023,0.2504,191,0.0068,NA,NA,NA,NA,NA,NA,0.4218,0.0065,168,0.4807,0.6293,0,0.5772,0,Bayes-M17-med
Masuika,Kasaï-Central,1,FALSE,0.0023,0.0018,0.0029,0.0022,196,195,197,0.0023,0.2448,195,0.0066,NA,NA,NA,NA,NA,NA,0.3885,0.0059,188,0.3263,0.5618,0,0.666,0,Bayes-M17-med
Bibanga,Kasaï-Oriental,1,FALSE,0.0023,0.0018,0.0028,0.0022,196,195,197,0.0023,0.2446,196,0.0066,NA,NA,NA,NA,NA,NA,0.2978,0.0045,221,0.3127,0.4884,0,0.39,0,Bayes-M17-med
Vanga,Kwilu,1,FALSE,0.0023,0.0018,0.0029,0.0023,193,192,194,0.0023,0.2463,193,0.0067,NA,NA,NA,NA,NA,NA,0.5034,0.0077,140,0.3726,0.8205,0,0.8205,0,Bayes-M17-med
Bulungu,Kwilu,1,FALSE,0.0023,0.0018,0.0029,0.0023,194,193,195,0.0023,0.2459,194,0.0067,NA,NA,NA,NA,NA,NA,0.4508,0.0069,158,0.3571,0.6795,0,0.7664,0,Bayes-M17-med
Lomela,Sankuru,1,FALSE,0.0023,0.0018,0.0029,0.0022,197,189,204,0.0023,0.2441,197,0.0066,NA,NA,NA,NA,NA,NA,0.4759,0.0072,153,0.8456,0.1351,0,0.9228,0,Bayes-M17-med
Kansimba,Tanganyika,1,FALSE,0.0023,0.0018,0.0028,0.0022,198,197,199,0.0023,0.2426,198,0.0066,NA,NA,NA,NA,NA,NA,0.5497,0.0083,131,0.9479,0.7741,0,0.4768,0,Bayes-M17-med
Citenge,Kasaï-Oriental,1,FALSE,0.0022,0.0017,0.0028,0.0022,201,200,202,0.0022,0.238,201,0.0065,NA,NA,NA,NA,NA,NA,0.2321,0.0034,280,0.1583,0.4749,0,0.2954,0,Bayes-M17-med
Bumbu,Kinshasa,1,FALSE,0.0022,0.0017,0.0027,0.0022,202,191,209,0.0022,0.2377,202,0.0064,NA,NA,NA,NA,NA,NA,0.0164,2e-4,449,0.0019,0.029,0,0.0347,0,Bayes-M17-med
Kenge,Kwango,1,FALSE,0.0022,0.0017,0.0027,0.0021,205,204,207,0.0022,0.2341,205,0.0063,NA,NA,NA,NA,NA,NA,0.5574,0.0081,134,0.6139,0.8127,0,0.8031,0,Bayes-M17-med
Tshofa,Lomami,1,FALSE,0.0022,0.0017,0.0027,0.0021,207,205,207,0.0022,0.2332,207,0.0063,NA,NA,NA,NA,NA,NA,0.4416,0.0064,173,0.6757,0.3514,0,0.7394,0,Bayes-M17-med
Kanda Kanda,Lomami,1,FALSE,0.0022,0.0017,0.0027,0.0022,204,203,204,0.0022,0.2349,204,0.0064,NA,NA,NA,NA,NA,NA,0.3012,0.0044,227,0.3185,0.1737,0,0.7124,0,Bayes-M17-med
Fungurume,Lualaba,1,FALSE,0.0022,0.0017,0.0028,0.0022,200,199,200,0.0022,0.2398,200,0.0065,NA,NA,NA,NA,NA,NA,0.1564,0.0023,339,0.2664,0.1622,0,0.1969,0,Bayes-M17-med
Kibombo,Maniema,1,FALSE,0.0022,0.0017,0.0027,0.0021,205,204,206,0.0022,0.2338,206,0.0063,NA,NA,NA,NA,NA,NA,0.4614,0.0067,164,0.7452,0.1776,0,0.9228,0,Bayes-M17-med
Itombwe,Sud-Kivu,1,FALSE,0.0022,0.0017,0.0027,0.0022,203,201,203,0.0022,0.2366,203,0.0064,NA,NA,NA,NA,NA,NA,0.5121,0.0075,146,0.8571,0.6737,0,0.5174,0,Bayes-M17-med
Bokungu,Tshuapa,1,FALSE,0.0022,0.0017,0.0028,0.0022,199,197,201,0.0022,0.2411,199,0.0065,NA,NA,NA,NA,NA,NA,0.49370000000000003,0.0074,149,0.695,0.3571,0,0.9228,0,Bayes-M17-med
Bukama,Haut-Lomami,1,FALSE,0.0021,0.0017,0.0027,0.0021,208,207,208,0.0021,0.2308,208,0.0063,NA,NA,NA,NA,NA,NA,0.4764,0.0068,160,0.7143,0.7625,0,0.4286,0,Bayes-M17-med
Kikwit Nord,Kwilu,1,FALSE,0.0021,0.0016,0.0026,0.002,212,212,213,0.0021,0.2225,212,0.006,NA,NA,NA,NA,NA,NA,0.2915,0.004,244,0.1236,0.5405,0,0.5019,0,Bayes-M17-med
Kalenda,Lomami,1,FALSE,0.0021,0.0017,0.0027,0.0021,209,209,210,0.0021,0.2289,209,0.0062,NA,NA,NA,NA,NA,NA,0.2886,0.0041,239,0.388,0.1873,0,0.5792,0,Bayes-M17-med
Katako Kombe,Sankuru,1,FALSE,0.0021,0.0017,0.0026,0.0021,210,210,211,0.0021,0.2273,210,0.0062,NA,NA,NA,NA,NA,NA,0.4703,0.0066,165,0.7857,0.1313,0,0.9643,0,Bayes-M17-med
Yalimbongo,Tshopo,1,FALSE,0.0021,0.0016,0.0026,0.0021,211,209,213,0.0021,0.2245,211,0.0061,NA,NA,NA,NA,NA,NA,0.3214,0.0045,223,0.5772,0.0483,0,0.6602,0,Bayes-M17-med
Kalonda Ouest,Kasaï,1,FALSE,0.002,0.0015,0.0025,0.002,222,221,222,0.002,0.2129,222,0.0058,NA,NA,NA,NA,NA,NA,0.2239,0.003,305,0.2915,0.251,0,0.3533,0,Bayes-M17-med
Miabi,Kasaï-Oriental,1,FALSE,0.002,0.0016,0.0025,0.002,220,217,220,0.002,0.2149,220,0.0058,NA,NA,NA,NA,NA,NA,0.2838,0.0038,259,0.2297,0.6525,0,0.2529,0,Bayes-M17-med
Ngaba,Kinshasa,1,FALSE,0.002,0.0016,0.0025,0.002,216,210,224,0.002,0.2174,215,0.0059,NA,NA,NA,NA,NA,NA,0.014,2e-4,451,0,0.0058,0,0.0502,0,Bayes-M17-med
Gungu,Kwilu,1,FALSE,0.002,0.0015,0.0025,0.0019,223,222,223,0.002,0.2109,223,0.0057,NA,NA,NA,NA,NA,NA,0.4237,0.0055,196,0.5058,0.6969,0,0.4923,0,Bayes-M17-med
Mukedi,Kwilu,1,FALSE,0.002,0.0016,0.0025,0.002,221,219,221,0.002,0.2141,221,0.0058,NA,NA,NA,NA,NA,NA,0.4836,0.0064,171,0.5367,0.7066,0,0.6911,0,Bayes-M17-med
Ludimbi Lukula,Lomami,1,FALSE,0.002,0.0016,0.0025,0.002,218,215,218,0.002,0.2157,218,0.0058,NA,NA,NA,NA,NA,NA,0.4513,0.006,185,0.6931,0.3475,0,0.7645,0,Bayes-M17-med
Dilala,Lualaba,1,FALSE,0.002,0.0016,0.0025,0.002,219,216,219,0.002,0.2154,219,0.0058,NA,NA,NA,NA,NA,NA,0.1347,0.0018,382,0.1506,0.2548,0,0.1332,0,Bayes-M17-med
Obokote,Maniema,1,FALSE,0.002,0.0016,0.0025,0.002,217,215,219,0.002,0.2161,217,0.0059,NA,NA,NA,NA,NA,NA,0.3209,0.0043,233,0.7239,0.0328,0,0.527,0,Bayes-M17-med
Vanga Kete,Sankuru,1,FALSE,0.002,0.0016,0.0025,0.002,214,213,214,0.002,0.2182,213,0.0059,NA,NA,NA,NA,NA,NA,0.4503,0.0061,183,0.4672,0.4112,0,0.9228,0,Bayes-M17-med
Bogosenubea,Sud-Ubangi,1,FALSE,0.002,0.0016,0.0025,0.002,215,211,223,0.002,0.2163,216,0.0059,NA,NA,NA,NA,NA,NA,0.4107,0.0055,199,0.4981,0.3031,0,0.8417,0,Bayes-M17-med
Yalifafu,Tshuapa,1,FALSE,0.002,0.0016,0.0025,0.002,214,213,220,0.002,0.2174,214,0.0059,NA,NA,NA,NA,NA,NA,0.4797,0.0065,170,0.7664,0.2683,0,0.8842,0,Bayes-M17-med
Mulongo,Haut-Lomami,1,FALSE,0.0019,0.0015,0.0024,0.0019,225,223,225,0.0019,0.2072,224,0.0056,NA,NA,NA,NA,NA,NA,0.4773,0.0061,181,0.7471,0.7703,0,0.3919,0,Bayes-M17-med
Bipemba,Kasaï-Oriental,1,FALSE,0.0019,0.0015,0.0024,0.0019,230,229,231,0.0019,0.203,230,0.0055,NA,NA,NA,NA,NA,NA,0.1544,0.0019,374,0.0618,0.2201,0,0.3359,0,Bayes-M17-med
Lubilanji,Kasaï-Oriental,1,FALSE,0.0019,0.0015,0.0024,0.0019,227,227,228,0.0019,0.2036,227,0.0055,NA,NA,NA,NA,NA,NA,0.1694,0.0021,356,0.0347,0.3398,0,0.3031,0,Bayes-M17-med
Mpokolo,Kasaï-Oriental,1,FALSE,0.0019,0.0015,0.0023,0.0018,235,234,235,0.0019,0.2004,235,0.0054,NA,NA,NA,NA,NA,NA,0.2901,0.0036,269,0.1255,0.6873,0,0.3475,0,Bayes-M17-med
Muya,Kasaï-Oriental,1,FALSE,0.0019,0.0015,0.0024,0.0019,226,225,226,0.0019,0.2065,226,0.0056,NA,NA,NA,NA,NA,NA,0.2495,0.0032,293,0.0753,0.5888,0,0.334,0,Bayes-M17-med
Tshishimbi,Kasaï-Oriental,1,FALSE,0.0019,0.0015,0.0024,0.0019,231,230,233,0.0019,0.2026,231,0.0055,NA,NA,NA,NA,NA,NA,0.1742,0.0022,350,0.1795,0.2471,0,0.2703,0,Bayes-M17-med
Koshibanda,Kwilu,1,FALSE,0.0019,0.0015,0.0024,0.0019,232,230,233,0.0019,0.2025,232,0.0055,NA,NA,NA,NA,NA,NA,0.4913,0.0062,179,0.5193,0.6757,0,0.7703,0,Bayes-M17-med
Kalambayi Kabanga,Lomami,1,FALSE,0.0019,0.0015,0.0024,0.0019,229,228,229,0.0019,0.2033,228,0.0055,NA,NA,NA,NA,NA,NA,0.3132,0.0039,247,0.4556,0.1602,0,0.6371,0,Bayes-M17-med
Pimu,Mongala,1,FALSE,0.0019,0.0015,0.0024,0.0019,224,224,226,0.0019,0.2072,225,0.0056,NA,NA,NA,NA,NA,NA,0.4257,0.0055,201,0.583,0.3707,0,0.749,0,Bayes-M17-med
Yakoma,Nord-Ubangi,1,FALSE,0.0019,0.0015,0.0023,0.0018,234,230,237,0.0019,0.2008,234,0.0054,NA,NA,NA,NA,NA,NA,0.6641,0.0083,130,0.7124,0.9479,0,0.9961,0,Bayes-M17-med
Omendjadi,Sankuru,1,FALSE,0.0019,0.0015,0.0024,0.0019,228,227,231,0.0019,0.2033,229,0.0055,NA,NA,NA,NA,NA,NA,0.4262,0.0054,204,0.5502,0.2317,0,0.9228,0,Bayes-M17-med
Ankoro,Tanganyika,1,FALSE,0.0019,0.0015,0.0024,0.0019,233,232,234,0.0019,0.2021,233,0.0055,NA,NA,NA,NA,NA,NA,0.6047,0.0076,145,0.9266,0.8282,0,0.6641,0,Bayes-M17-med
Kabondo Dianda,Haut-Lomami,1,FALSE,0.0018,0.0014,0.0022,0.0018,247,246,247,0.0018,0.1917,247,0.0052,NA,NA,NA,NA,NA,NA,0.4107,0.0049,211,0.5888,0.5714,0,0.4826,0,Bayes-M17-med
Tshikaji,Kasaï-Central,1,FALSE,0.0018,0.0014,0.0023,0.0018,243,240,243,0.0018,0.1943,243,0.0053,NA,NA,NA,NA,NA,NA,0.3195,0.0038,253,0.1873,0.5849,0,0.5058,0,Bayes-M17-med
Luambo,Kasaï-Central,1,FALSE,0.0018,0.0014,0.0023,0.0018,238,237,239,0.0018,0.1978,238,0.0054,NA,NA,NA,NA,NA,NA,0.3769,0.0046,217,0.5347,0.5656,0,0.4073,0,Bayes-M17-med
Dibindi,Kasaï-Oriental,1,FALSE,0.0018,0.0014,0.0023,0.0018,236,236,236,0.0018,0.1989,236,0.0054,NA,NA,NA,NA,NA,NA,0.1617,0.002,370,0.0386,0.2954,0,0.3127,0,Bayes-M17-med
Kansele,Kasaï-Oriental,1,FALSE,0.0018,0.0014,0.0022,0.0017,250,249,250,0.0018,0.1888,250,0.0051,NA,NA,NA,NA,NA,NA,0.2437,0.0029,310,0.0541,0.5965,0,0.3243,0,Bayes-M17-med
Ipamu,Kwilu,1,FALSE,0.0018,0.0014,0.0022,0.0017,249,249,250,0.0018,0.1891,249,0.0051,NA,NA,NA,NA,NA,NA,0.5454,0.0064,172,0.4903,0.7683,0,0.9228,0,Bayes-M17-med
Kamana,Lomami,1,FALSE,0.0018,0.0014,0.0023,0.0018,237,237,238,0.0018,0.198,237,0.0054,NA,NA,NA,NA,NA,NA,0.2944,0.0036,268,0.5309,0.0174,0,0.6293,0,Bayes-M17-med
Alunguli,Maniema,1,FALSE,0.0018,0.0014,0.0022,0.0018,245,243,246,0.0018,0.1927,245,0.0052,NA,NA,NA,NA,NA,NA,0.3132,0.0037,261,0.1737,0.195,0,0.8842,0,Bayes-M17-med
Bosondjo,Mongala,1,FALSE,0.0018,0.0014,0.0023,0.0018,241,239,245,0.0018,0.1957,241,0.0053,NA,NA,NA,NA,NA,NA,0.3489,0.0042,236,0.5618,0.1931,0,0.6409,0,Bayes-M17-med
Gbadolite,Nord-Ubangi,1,FALSE,0.0018,0.0014,0.0023,0.0018,239,234,243,0.0018,0.1967,239,0.0053,NA,NA,NA,NA,NA,NA,0.5183,0.0063,176,0.7915,0.9653,0,0.3166,0,Bayes-M17-med
Ototo,Sankuru,1,FALSE,0.0018,0.0014,0.0023,0.0018,240,239,241,0.0018,0.1958,240,0.0053,NA,NA,NA,NA,NA,NA,0.4561,0.0055,197,0.5386,0.3629,0,0.9228,0,Bayes-M17-med
Dikungu,Sankuru,1,FALSE,0.0018,0.0014,0.0022,0.0018,248,247,248,0.0018,0.1913,248,0.0052,NA,NA,NA,NA,NA,NA,0.3779,0.0045,222,0.4865,0.1409,0,0.8842,0,Bayes-M17-med
Minga,Sankuru,1,FALSE,0.0018,0.0014,0.0022,0.0018,246,244,246,0.0018,0.1925,246,0.0052,NA,NA,NA,NA,NA,NA,0.5347,0.0064,174,0.7838,0.471,0,0.8842,0,Bayes-M17-med
Tshumbe,Sankuru,1,FALSE,0.0018,0.0014,0.0023,0.0018,244,241,244,0.0018,0.1936,244,0.0052,NA,NA,NA,NA,NA,NA,0.3907,0.0047,214,0.5444,0.1718,0,0.8465,0,Bayes-M17-med
Libenge,Sud-Ubangi,1,FALSE,0.0018,0.0014,0.0023,0.0018,242,240,246,0.0018,0.1946,242,0.0053,NA,NA,NA,NA,NA,NA,0.3818,0.0046,219,0.6293,0.3591,0,0.5386,0,Bayes-M17-med
Bili (Bas-Uele),Bas-Uele,1,FALSE,0.0017,0.0013,0.0021,0.0016,262,257,272,0.0017,0.1782,262,0.0048,NA,NA,NA,NA,NA,NA,0.6926,0.0076,142,0.9981,0.7992,0,0.973,0,Bayes-M17-med
Kampemba,Haut-Katanga,1,FALSE,0.0017,0.0014,0.0022,0.0017,251,251,251,0.0017,0.1878,251,0.0051,NA,NA,NA,NA,NA,NA,0.0531,6e-4,440,0.0598,0.0367,0,0.1158,0,Bayes-M17-med
Sakania,Haut-Katanga,1,FALSE,0.0017,0.0013,0.0021,0.0017,256,256,256,0.0017,0.184,256,0.005,NA,NA,NA,NA,NA,NA,0.2775,0.0032,294,0.7375,0.2355,0,0.1371,0,Bayes-M17-med
Mukanga,Haut-Lomami,1,FALSE,0.0017,0.0013,0.0021,0.0017,258,258,260,0.0017,0.1818,258,0.0049,NA,NA,NA,NA,NA,NA,0.4739,0.0053,206,0.6853,0.6911,0,0.5193,0,Bayes-M17-med
Kanzala,Kasaï,1,FALSE,0.0017,0.0013,0.0021,0.0017,257,257,258,0.0017,0.1827,257,0.005,NA,NA,NA,NA,NA,NA,0.2046,0.0023,340,0.168,0.3127,0,0.3378,0,Bayes-M17-med
Dibaya,Kasaï-Central,1,FALSE,0.0017,0.0013,0.0022,0.0017,255,254,256,0.0017,0.1845,255,0.005,NA,NA,NA,NA,NA,NA,0.3325,0.0038,257,0.3147,0.4479,0,0.5676,0,Bayes-M17-med
Ndekesha,Kasaï-Central,1,FALSE,0.0017,0.0014,0.0022,0.0017,252,252,252,0.0017,0.187,252,0.0051,NA,NA,NA,NA,NA,NA,0.4059,0.0047,213,0.4768,0.4498,0,0.6969,0,Bayes-M17-med
Matadi,Kongo-Central,1,FALSE,0.0017,0.0014,0.0022,0.0017,253,253,254,0.0017,0.186,253,0.005,NA,NA,NA,NA,NA,NA,0.2939,0.0034,281,0.1564,0.944,0,0.0753,0,Bayes-M17-med
Kikwit Sud,Kwilu,1,FALSE,0.0017,0.0013,0.0021,0.0016,263,262,264,0.0017,0.1782,263,0.0048,NA,NA,NA,NA,NA,NA,0.3282,0.0036,267,0.1313,0.7008,0,0.4807,0,Bayes-M17-med
Yasa Bonga,Kwilu,1,FALSE,0.0017,0.0013,0.0021,0.0016,261,260,262,0.0017,0.1788,261,0.0048,NA,NA,NA,NA,NA,NA,0.4206,0.0047,216,0.3031,0.5328,0,0.8465,0,Bayes-M17-med
Ferekeni,Maniema,1,FALSE,0.0017,0.0013,0.0021,0.0016,260,259,262,0.0017,0.1793,259,0.0049,NA,NA,NA,NA,NA,NA,0.3504,0.0039,250,0.7722,0.0425,0,0.5869,0,Bayes-M17-med
Boso Manzi,Mongala,1,FALSE,0.0017,0.0013,0.0021,0.0016,259,257,264,0.0017,0.1791,260,0.0049,NA,NA,NA,NA,NA,NA,0.3982,0.0044,224,0.5695,0.2278,0,0.7954,0,Bayes-M17-med
Lowa,Tshopo,1,FALSE,0.0017,0.0013,0.0022,0.0017,254,253,255,0.0017,0.1853,254,0.005,NA,NA,NA,NA,NA,NA,0.4073,0.0047,215,0.8938,0.0598,0,0.6757,0,Bayes-M17-med
Kiambi,Tanganyika,1,FALSE,0.0017,0.0013,0.0021,0.0016,263,260,264,0.0017,0.1781,264,0.0048,NA,NA,NA,NA,NA,NA,0.5709,0.0063,177,0.9807,0.6834,0,0.6197,0,Bayes-M17-med
Monga,Bas-Uele,1,FALSE,0.0016,0.0013,0.002,0.0016,269,265,269,0.0016,0.1739,269,0.0047,NA,NA,NA,NA,NA,NA,0.7336,0.0079,137,0.9826,0.9672,0,0.9846,0,Bayes-M17-med
Basankusu,Equateur,1,FALSE,0.0016,0.0012,0.002,0.0016,273,272,274,0.0016,0.1701,273,0.0046,NA,NA,NA,NA,NA,NA,0.6844,0.0072,152,0.9517,0.8629,0,0.9228,0,Bayes-M17-med
Bolomba,Equateur,1,FALSE,0.0016,0.0012,0.002,0.0016,271,269,271,0.0016,0.1717,271,0.0047,NA,NA,NA,NA,NA,NA,0.6163,0.0066,167,0.9575,0.8533,0,0.6544,0,Bayes-M17-med
Ruashi,Haut-Katanga,1,FALSE,0.0016,0.0012,0.002,0.0016,274,272,275,0.0016,0.1697,274,0.0046,NA,NA,NA,NA,NA,NA,0.0705,7e-4,437,0.0985,0.0637,0,0.1197,0,Bayes-M17-med
Ilebo,Kasaï,1,FALSE,0.0016,0.0013,0.002,0.0016,268,267,269,0.0016,0.1739,268,0.0047,NA,NA,NA,NA,NA,NA,0.3142,0.0034,282,0.2162,0.6139,0,0.4266,0,Bayes-M17-med
Katende,Kasaï-Central,1,FALSE,0.0016,0.0013,0.002,0.0016,266,265,267,0.0016,0.1749,266,0.0047,NA,NA,NA,NA,NA,NA,0.5154,0.0056,195,0.6525,0.6486,0,0.7606,0,Bayes-M17-med
Lukonga,Kasaï-Central,1,FALSE,0.0016,0.0012,0.002,0.0016,270,268,272,0.0016,0.1719,270,0.0047,NA,NA,NA,NA,NA,NA,0.3282,0.0035,273,0.2239,0.6429,0,0.4459,0,Bayes-M17-med
Tshibala,Kasaï-Central,1,FALSE,0.0016,0.0012,0.002,0.0015,278,277,278,0.0016,0.1675,278,0.0045,NA,NA,NA,NA,NA,NA,0.4218,0.0044,228,0.4266,0.5772,0,0.6834,0,Bayes-M17-med
Mukumbi,Kasaï-Oriental,1,FALSE,0.0016,0.0013,0.002,0.0016,267,265,268,0.0016,0.1749,267,0.0047,NA,NA,NA,NA,NA,NA,0.2249,0.0024,330,0.2413,0.1892,0,0.4691,0,Bayes-M17-med
Kisantu,Kongo-Central,1,FALSE,0.0016,0.0012,0.002,0.0015,276,274,277,0.0016,0.1684,276,0.0046,NA,NA,NA,NA,NA,NA,0.418,0.0044,230,0.5039,0.9903,0,0.1776,0,Bayes-M17-med
Djuma,Kwilu,1,FALSE,0.0016,0.0012,0.002,0.0015,277,277,279,0.0016,0.1676,277,0.0045,NA,NA,NA,NA,NA,NA,0.5256,0.0055,202,0.4826,0.7355,0,0.8842,0,Bayes-M17-med
Bosobolo,Nord-Ubangi,1,FALSE,0.0016,0.0012,0.002,0.0016,275,274,276,0.0016,0.1694,275,0.0046,NA,NA,NA,NA,NA,NA,0.7148,0.0075,147,0.9363,0.9459,0,0.9768,0,Bayes-M17-med
Kungu,Sud-Ubangi,1,FALSE,0.0016,0.0013,0.0021,0.0016,265,259,269,0.0016,0.1762,265,0.0048,NA,NA,NA,NA,NA,NA,0.3711,0.0041,241,0.3745,0.3359,0,0.7741,0,Bayes-M17-med
Mompono,Tshuapa,1,FALSE,0.0016,0.0012,0.002,0.0016,272,271,275,0.0016,0.1706,272,0.0046,NA,NA,NA,NA,NA,NA,0.5598,0.0059,187,0.8089,0.6042,0,0.8263,0,Bayes-M17-med
Kilwa,Haut-Katanga,1,FALSE,0.0015,0.0012,0.0019,0.0015,279,279,281,0.0015,0.1643,279,0.0045,NA,NA,NA,NA,NA,NA,0.3764,0.0038,255,0.749,0.39,0,0.3668,0,Bayes-M17-med
Yangala,Kasaï-Central,1,FALSE,0.0015,0.0012,0.0019,0.0015,285,282,285,0.0015,0.16,284,0.0043,NA,NA,NA,NA,NA,NA,0.348,0.0034,275,0.5927,0.2259,0,0.5734,0,Bayes-M17-med
Muanda,Kongo-Central,1,FALSE,0.0015,0.0011,0.0018,0.0014,290,288,291,0.0015,0.1564,290,0.0042,NA,NA,NA,NA,NA,NA,0.4093,0.004,246,0.6371,1,0,0,0,Bayes-M17-med
Masi Manimba,Kwilu,1,FALSE,0.0015,0.0012,0.0019,0.0015,286,284,287,0.0015,0.1596,286,0.0043,NA,NA,NA,NA,NA,NA,0.4281,0.0042,235,0.332,0.4961,0,0.8842,0,Bayes-M17-med
Kalonda Est,Lomami,1,FALSE,0.0015,0.0012,0.0019,0.0015,282,280,282,0.0015,0.1622,282,0.0044,NA,NA,NA,NA,NA,NA,0.3292,0.0033,287,0.5425,0.1506,0,0.6236,0,Bayes-M17-med
Pangi,Maniema,1,FALSE,0.0015,0.0011,0.0018,0.0014,289,288,289,0.0015,0.1575,289,0.0043,NA,NA,NA,NA,NA,NA,0.3316,0.0032,290,0.6081,0.056,0,0.6622,0,Bayes-M17-med
Bili (Nord-Ubangi),Nord-Ubangi,1,FALSE,0.0015,0.0012,0.0019,0.0015,284,284,287,0.0015,0.1599,285,0.0043,NA,NA,NA,NA,NA,NA,0.7075,0.007,156,0.9247,0.9189,0,0.9865,0,Bayes-M17-med
Mobayi Mbongo,Nord-Ubangi,1,FALSE,0.0015,0.0012,0.0019,0.0015,283,283,286,0.0015,0.1607,283,0.0044,NA,NA,NA,NA,NA,NA,0.5458,0.0054,203,0.9324,0.8166,0,0.4344,0,Bayes-M17-med
Wembo Nyama,Sankuru,1,FALSE,0.0015,0.0012,0.0018,0.0015,287,287,288,0.0015,0.1583,287,0.0043,NA,NA,NA,NA,NA,NA,0.4097,0.004,243,0.5019,0.2143,0,0.9228,0,Bayes-M17-med
Bangabola,Sud-Ubangi,1,FALSE,0.0015,0.0011,0.0018,0.0014,288,276,299,0.0015,0.1576,288,0.0043,NA,NA,NA,NA,NA,NA,0.3904,0.0038,256,0.3533,0.3494,0,0.8591,0,Bayes-M17-med
Basali,Tshopo,1,FALSE,0.0015,0.0012,0.0019,0.0015,280,279,285,0.0015,0.1638,280,0.0044,NA,NA,NA,NA,NA,NA,0.3779,0.0038,254,0.834,0.0251,0,0.6525,0,Bayes-M17-med
Befale,Tshuapa,1,FALSE,0.0015,0.0012,0.0019,0.0015,281,281,283,0.0015,0.1624,281,0.0044,NA,NA,NA,NA,NA,NA,0.5145,0.0052,207,0.8822,0.4903,0,0.6853,0,Bayes-M17-med
Kambove,Haut-Katanga,1,FALSE,0.0014,0.0011,0.0018,0.0014,298,295,298,0.0014,0.1523,297,0.0041,NA,NA,NA,NA,NA,NA,0.306,0.0029,308,0.4247,0.6236,0,0.1757,0,Bayes-M17-med
Kapolowe,Haut-Katanga,1,FALSE,0.0014,0.0011,0.0018,0.0014,293,291,296,0.0014,0.1544,292,0.0042,NA,NA,NA,NA,NA,NA,0.3026,0.0029,307,0.5579,0.444,0,0.2085,0,Bayes-M17-med
Kisanga,Haut-Katanga,1,FALSE,0.0014,0.0011,0.0018,0.0014,291,290,293,0.0014,0.1554,291,0.0042,NA,NA,NA,NA,NA,NA,0.1081,0.001,421,0.1293,0.2008,0,0.1023,0,Bayes-M17-med
Kamonia,Kasaï,1,FALSE,0.0014,0.0011,0.0017,0.0014,300,300,301,0.0014,0.1494,300,0.0041,NA,NA,NA,NA,NA,NA,0.14,0.0013,405,0.3707,0.11,0,0.0792,0,Bayes-M17-med
Makota,Lomami,1,FALSE,0.0014,0.0011,0.0017,0.0013,302,301,303,0.0014,0.1461,302,0.004,NA,NA,NA,NA,NA,NA,0.2587,0.0023,335,0.1023,0.3764,0,0.556,0,Bayes-M17-med
Kasaji,Lualaba,1,FALSE,0.0014,0.0011,0.0018,0.0014,299,296,299,0.0014,0.1522,299,0.0041,NA,NA,NA,NA,NA,NA,0.4648,0.0044,226,0.8552,0.4923,0,0.5116,0,Bayes-M17-med
Lualaba,Lualaba,1,FALSE,0.0014,0.0011,0.0018,0.0014,297,294,297,0.0014,0.1525,296,0.0041,NA,NA,NA,NA,NA,NA,0.1404,0.0013,402,0.3552,0.0347,0,0.1718,0,Bayes-M17-med
Abuzi,Nord-Ubangi,1,FALSE,0.0014,0.0011,0.0018,0.0014,295,292,300,0.0014,0.153,295,0.0041,NA,NA,NA,NA,NA,NA,0.7153,0.0068,161,0.9846,0.9054,0,0.971,0,Bayes-M17-med
Wapinda,Nord-Ubangi,1,FALSE,0.0014,0.0011,0.0017,0.0013,301,301,306,0.0014,0.1461,301,0.004,NA,NA,NA,NA,NA,NA,0.6791,0.0061,180,0.9015,0.8398,0,0.9749,0,Bayes-M17-med
Lusambo,Sankuru,1,FALSE,0.0014,0.0011,0.0018,0.0014,294,292,295,0.0014,0.1542,294,0.0042,NA,NA,NA,NA,NA,NA,0.4833,0.0046,218,0.6815,0.2992,0,0.9527,0,Bayes-M17-med
Bokonzi,Sud-Ubangi,1,FALSE,0.0014,0.0011,0.0018,0.0014,296,294,299,0.0014,0.1523,298,0.0041,NA,NA,NA,NA,NA,NA,0.236,0.0022,346,0.4305,0.083,0,0.4305,0,Bayes-M17-med
Boto,Sud-Ubangi,1,FALSE,0.0014,0.0011,0.0018,0.0014,292,291,297,0.0014,0.1542,293,0.0042,NA,NA,NA,NA,NA,NA,0.3596,0.0034,278,0.3282,0.5174,0,0.5927,0,Bayes-M17-med
Makanza,Equateur,1,FALSE,0.0013,0.001,0.0017,0.0013,306,292,312,0.0013,0.1437,306,0.0039,NA,NA,NA,NA,NA,NA,0.639,0.0057,192,0.9537,0.7954,0,0.8069,0,Bayes-M17-med
Pweto,Haut-Katanga,1,FALSE,0.0013,0.001,0.0016,0.0013,309,308,309,0.0013,0.1405,309,0.0038,NA,NA,NA,NA,NA,NA,0.3518,0.0031,302,0.7992,0.2587,0,0.3494,0,Bayes-M17-med
Kakenge,Kasaï,1,FALSE,0.0013,0.001,0.0016,0.0013,312,311,312,0.0013,0.1373,312,0.0037,NA,NA,NA,NA,NA,NA,0.4522,0.0038,252,0.5753,0.4788,0,0.7548,0,Bayes-M17-med
Ndjoko Mpunda,Kasaï,1,FALSE,0.0013,0.0011,0.0017,0.0013,305,303,305,0.0013,0.1445,304,0.0039,NA,NA,NA,NA,NA,NA,0.333,0.003,304,0.3977,0.2915,0,0.6429,0,Bayes-M17-med
Muetshi,Kasaï-Central,1,FALSE,0.0013,0.001,0.0016,0.0013,310,309,310,0.0013,0.1385,310,0.0038,NA,NA,NA,NA,NA,NA,0.4792,0.0041,238,0.6158,0.5386,0,0.7625,0,Bayes-M17-med
Bandundu,Kwilu,1,FALSE,0.0013,0.001,0.0017,0.0013,305,304,306,0.0013,0.1443,305,0.0039,NA,NA,NA,NA,NA,NA,0.3364,0.003,303,0.3436,0.751,0,0.251,0,Bayes-M17-med
Mokala,Kwilu,1,FALSE,0.0013,0.001,0.0017,0.0013,308,307,308,0.0013,0.1425,308,0.0039,NA,NA,NA,NA,NA,NA,0.5118,0.0045,220,0.4228,0.6718,0,0.9527,0,Bayes-M17-med
Loko,Nord-Ubangi,1,FALSE,0.0013,0.001,0.0017,0.0013,303,302,305,0.0013,0.1451,303,0.0039,NA,NA,NA,NA,NA,NA,0.6535,0.0059,189,0.9402,0.9266,0,0.7471,0,Bayes-M17-med
Bena Dibele,Sankuru,1,FALSE,0.0013,0.001,0.0016,0.0013,311,310,311,0.0013,0.1382,311,0.0037,NA,NA,NA,NA,NA,NA,0.4093,0.0035,272,0.6216,0.1564,0,0.8591,0,Bayes-M17-med
Kole,Sankuru,1,FALSE,0.0013,0.001,0.0017,0.0013,307,306,307,0.0013,0.143,307,0.0039,NA,NA,NA,NA,NA,NA,0.4802,0.0043,234,0.7761,0.2606,0,0.8842,0,Bayes-M17-med
Kinkondja,Haut-Lomami,1,FALSE,0.0012,0.001,0.0016,0.0012,315,314,315,0.0012,0.1332,315,0.0036,NA,NA,NA,NA,NA,NA,0.4889,0.004,242,0.7278,0.6274,0,0.6004,0,Bayes-M17-med
Mikope,Kasaï,1,FALSE,0.0012,0.001,0.0016,0.0012,313,313,313,0.0012,0.1338,313,0.0036,NA,NA,NA,NA,NA,NA,0.3996,0.0033,286,0.6776,0.2703,0,0.6506,0,Bayes-M17-med
Bilomba,Kasaï-Central,1,FALSE,0.0012,9e-4,0.0014,0.0011,326,324,326,0.0012,0.124,326,0.0034,NA,NA,NA,NA,NA,NA,0.4006,0.0031,299,0.3378,0.4421,0,0.8224,0,Bayes-M17-med
Katoka,Kasaï-Central,1,FALSE,0.0012,9e-4,0.0015,0.0012,319,318,320,0.0012,0.1295,319,0.0035,NA,NA,NA,NA,NA,NA,0.2645,0.0021,358,0.1216,0.473,0,0.4633,0,Bayes-M17-med
Tshikula,Kasaï-Central,1,FALSE,0.0012,0.001,0.0015,0.0012,316,316,317,0.0012,0.1325,316,0.0036,NA,NA,NA,NA,NA,NA,0.3296,0.0027,317,0.3919,0.3185,0,0.6081,0,Bayes-M17-med
Lukula,Kongo-Central,1,FALSE,0.0012,9e-4,0.0015,0.0012,320,319,320,0.0012,0.129,320,0.0035,NA,NA,NA,NA,NA,NA,0.3933,0.0031,295,0.529,0.8745,0,0.1699,0,Bayes-M17-med
Boko Kivulu,Kongo-Central,1,FALSE,0.0012,9e-4,0.0015,0.0012,322,322,323,0.0012,0.1252,322,0.0034,NA,NA,NA,NA,NA,NA,0.4281,0.0033,285,0.5792,0.9324,0,0.2008,0,Bayes-M17-med
Kimpese,Kongo-Central,1,FALSE,0.0012,0.001,0.0016,0.0012,314,314,315,0.0012,0.1333,314,0.0036,NA,NA,NA,NA,NA,NA,0.4947,0.0041,240,0.7896,0.9768,0,0.2124,0,Bayes-M17-med
Pay Kongila,Kwilu,1,FALSE,0.0012,9e-4,0.0015,0.0011,323,323,325,0.0012,0.1246,323,0.0034,NA,NA,NA,NA,NA,NA,0.4488,0.0035,274,0.5135,0.6467,0,0.6351,0,Bayes-M17-med
Kapanga,Lualaba,1,FALSE,0.0012,9e-4,0.0015,0.0012,321,321,321,0.0012,0.1264,321,0.0034,NA,NA,NA,NA,NA,NA,0.4112,0.0032,291,0.8514,0.3938,0,0.3996,0,Bayes-M17-med
Tunda,Maniema,1,FALSE,0.0012,0.001,0.0015,0.0012,318,317,318,0.0012,0.131,318,0.0036,NA,NA,NA,NA,NA,NA,0.459,0.0037,263,0.8977,0.0541,0,0.8842,0,Bayes-M17-med
Businga,Nord-Ubangi,1,FALSE,0.0012,0.001,0.0015,0.0012,317,316,319,0.0012,0.1315,317,0.0036,NA,NA,NA,NA,NA,NA,0.6781,0.0055,198,0.9286,0.861,0,0.9228,0,Bayes-M17-med
Wasolo,Nord-Ubangi,1,FALSE,0.0012,9e-4,0.0015,0.0011,325,323,328,0.0012,0.1242,325,0.0034,NA,NA,NA,NA,NA,NA,0.5709,0.0044,225,0.5541,0.7413,0,0.9884,0,Bayes-M17-med
Monkoto,Tshuapa,1,FALSE,0.0012,9e-4,0.0015,0.0011,324,323,327,0.0012,0.1244,324,0.0034,NA,NA,NA,NA,NA,NA,0.5598,0.0043,232,0.9498,0.4054,0,0.8842,0,Bayes-M17-med
Ingende,Equateur,1,FALSE,0.0011,9e-4,0.0014,0.0011,334,332,335,0.0011,0.1182,334,0.0032,NA,NA,NA,NA,NA,NA,0.596,0.0044,229,0.9208,0.8571,0,0.6062,0,Bayes-M17-med
Wangata,Equateur,1,FALSE,0.0011,9e-4,0.0014,0.0011,331,323,340,0.0011,0.1196,330,0.0032,NA,NA,NA,NA,NA,NA,0.417,0.0031,298,0.2336,0.9865,0,0.4479,0,Bayes-M17-med
Likasi,Haut-Katanga,1,FALSE,0.0011,9e-4,0.0014,0.0011,332,330,332,0.0011,0.1195,331,0.0032,NA,NA,NA,NA,NA,NA,0.1728,0.0013,407,0.112,0.4208,0,0.1583,0,Bayes-M17-med
Dekese,Kasaï,1,FALSE,0.0011,8e-4,0.0014,0.0011,337,337,340,0.0011,0.1163,337,0.0032,NA,NA,NA,NA,NA,NA,0.4633,0.0033,284,0.9189,0.2181,0,0.7162,0,Bayes-M17-med
Boma,Kongo-Central,1,FALSE,0.0011,9e-4,0.0014,0.0011,329,329,330,0.0011,0.1215,329,0.0033,NA,NA,NA,NA,NA,NA,0.2901,0.0022,351,0.1467,0.9247,0,0.0888,0,Bayes-M17-med
Mbanza Ngungu,Kongo-Central,1,FALSE,0.0011,9e-4,0.0014,0.0011,328,328,329,0.0011,0.1223,328,0.0033,NA,NA,NA,NA,NA,NA,0.3711,0.0028,311,0.3205,0.9749,0,0.1892,0,Bayes-M17-med
Panzi,Kwango,1,FALSE,0.0011,9e-4,0.0014,0.0011,333,331,334,0.0011,0.1187,333,0.0032,NA,NA,NA,NA,NA,NA,0.5236,0.0039,251,0.7548,0.583,0,0.7568,0,Bayes-M17-med
Boko,Kwango,1,FALSE,0.0011,8e-4,0.0014,0.0011,339,338,339,0.0011,0.1163,339,0.0032,NA,NA,NA,NA,NA,NA,0.5121,0.0037,264,0.7336,0.61,0,0.7046,0,Bayes-M17-med
Feshi,Kwango,1,FALSE,0.0011,8e-4,0.0014,0.0011,340,339,341,0.0011,0.1162,340,0.0032,NA,NA,NA,NA,NA,NA,0.5082,0.0037,265,0.7317,0.5425,0,0.7587,0,Bayes-M17-med
Bagata,Kwilu,1,FALSE,0.0011,9e-4,0.0014,0.0011,327,326,327,0.0011,0.1235,327,0.0034,NA,NA,NA,NA,NA,NA,0.5135,0.0039,248,0.6795,0.695,0,0.6795,0,Bayes-M17-med
Kimputu,Kwilu,1,FALSE,0.0011,9e-4,0.0014,0.0011,335,334,335,0.0011,0.1171,335,0.0032,NA,NA,NA,NA,NA,NA,0.5039,0.0037,266,0.4923,0.639,0,0.8842,0,Bayes-M17-med
Mosango,Kwilu,1,FALSE,0.0011,8e-4,0.0014,0.0011,336,335,337,0.0011,0.1167,336,0.0032,NA,NA,NA,NA,NA,NA,0.515,0.0037,262,0.5463,0.7375,0,0.7761,0,Bayes-M17-med
Wikong,Lomami,1,FALSE,0.0011,8e-4,0.0013,0.0011,342,341,343,0.0011,0.1144,342,0.0031,NA,NA,NA,NA,NA,NA,0.3663,0.0026,322,0.2529,0.4228,0,0.7896,0,Bayes-M17-med
Sandoa,Lualaba,1,FALSE,0.0011,8e-4,0.0014,0.0011,338,336,339,0.0011,0.1163,338,0.0032,NA,NA,NA,NA,NA,NA,0.5536,0.004,245,0.9421,0.6815,0,0.5907,0,Bayes-M17-med
Inongo,Mai-Ndombe,1,FALSE,0.0011,8e-4,0.0014,0.0011,341,340,343,0.0011,0.1154,341,0.0031,NA,NA,NA,NA,NA,NA,0.4952,0.0035,271,0.7645,0.2934,0,0.9228,0,Bayes-M17-med
Boso Mondanda,Mongala,1,FALSE,0.0011,9e-4,0.0014,0.0011,331,330,333,0.0011,0.1195,332,0.0032,NA,NA,NA,NA,NA,NA,0.3716,0.0028,314,0.5869,0.1486,0,0.751,0,Bayes-M17-med
Mawuya,Sud-Ubangi,1,FALSE,0.0011,8e-4,0.0013,0.001,343,342,345,0.0011,0.1132,343,0.0031,NA,NA,NA,NA,NA,NA,0.2654,0.0019,378,0.444,0.2394,0,0.3784,0,Bayes-M17-med
Mufunga Sampwe,Haut-Katanga,1,FALSE,0.001,8e-4,0.0013,0.001,346,344,346,0.001,0.1122,346,0.003,NA,NA,NA,NA,NA,NA,0.3774,0.0026,320,0.8185,0.0888,0,0.6023,0,Bayes-M17-med
Kasenga,Haut-Katanga,1,FALSE,0.001,8e-4,0.0013,0.001,352,352,353,0.001,0.1075,352,0.0029,NA,NA,NA,NA,NA,NA,0.3953,0.0026,319,0.8166,0.6255,0,0.139,0,Bayes-M17-med
Lwamba,Haut-Lomami,1,FALSE,0.001,8e-4,0.0013,0.001,350,350,350,0.001,0.1092,350,0.003,NA,NA,NA,NA,NA,NA,0.4865,0.0033,289,0.8069,0.6409,0,0.4981,0,Bayes-M17-med
Songa,Haut-Lomami,1,FALSE,0.001,8e-4,0.0012,0.001,354,354,355,0.001,0.1061,354,0.0029,NA,NA,NA,NA,NA,NA,0.473,0.0031,297,0.9344,0.3533,0,0.6042,0,Bayes-M17-med
Mushenge,Kasaï,1,FALSE,0.001,8e-4,0.0012,0.001,358,358,359,0.001,0.1036,358,0.0028,NA,NA,NA,NA,NA,NA,0.3229,0.0021,365,0.5946,0.0656,0,0.6313,0,Bayes-M17-med
Kitangwa,Kasaï,1,FALSE,0.001,8e-4,0.0013,0.001,351,351,352,0.001,0.108,351,0.0029,NA,NA,NA,NA,NA,NA,0.3287,0.0022,348,0.6332,0.1062,0,0.5753,0,Bayes-M17-med
Lubondaie,Kasaï-Central,1,FALSE,0.001,8e-4,0.0012,0.001,356,356,357,0.001,0.1042,356,0.0028,NA,NA,NA,NA,NA,NA,0.3147,0.002,369,0.3822,0.1583,0,0.7181,0,Bayes-M17-med
Lubunga (Kasaï-Central),Kasaï-Central,1,FALSE,0.001,8e-4,0.0013,0.001,349,349,349,0.001,0.1094,349,0.003,NA,NA,NA,NA,NA,NA,0.4599,0.0031,296,0.5637,0.4653,0,0.8108,0,Bayes-M17-med
Kwilu Ngongo,Kongo-Central,1,FALSE,0.001,8e-4,0.0013,0.001,344,343,345,0.001,0.1131,344,0.0031,NA,NA,NA,NA,NA,NA,0.3875,0.0027,315,0.4884,0.8668,0,0.195,0,Bayes-M17-med
Kahemba,Kwango,1,FALSE,0.001,7e-4,0.0012,9e-4,359,359,360,0.001,0.1031,360,0.0028,NA,NA,NA,NA,NA,NA,0.5367,0.0034,279,0.8958,0.7278,0,0.5232,0,Bayes-M17-med
Kikongo,Kwilu,1,FALSE,0.001,8e-4,0.0013,0.001,347,346,348,0.001,0.1107,347,0.003,NA,NA,NA,NA,NA,NA,0.5024,0.0034,276,0.6969,0.6023,0,0.7104,0,Bayes-M17-med
Mungindu,Kwilu,1,FALSE,0.001,8e-4,0.0012,0.001,357,357,358,0.001,0.1038,357,0.0028,NA,NA,NA,NA,NA,NA,0.3818,0.0025,328,0.4691,0.5367,0,0.5212,0,Bayes-M17-med
Dilolo,Lualaba,1,FALSE,0.001,8e-4,0.0013,0.001,353,353,354,0.001,0.1073,353,0.0029,NA,NA,NA,NA,NA,NA,0.3663,0.0024,331,0.8398,0.6197,0,0.0058,0,Bayes-M17-med
Kanzenze,Lualaba,1,FALSE,0.001,8e-4,0.0012,0.001,355,355,356,0.001,0.1058,355,0.0029,NA,NA,NA,NA,NA,NA,0.2389,0.0016,393,0.6255,0.1429,0,0.1873,0,Bayes-M17-med
Djalo Ndjeka,Sankuru,1,FALSE,0.001,8e-4,0.0013,0.001,348,347,348,0.001,0.1104,348,0.003,NA,NA,NA,NA,NA,NA,0.3378,0.0023,341,0.3591,0.0695,0,0.9228,0,Bayes-M17-med
Bominenge,Sud-Ubangi,1,FALSE,0.001,8e-4,0.0013,0.001,345,341,348,0.001,0.1126,345,0.0031,NA,NA,NA,NA,NA,NA,0.3258,0.0023,344,0.2819,0.0985,0,0.9228,0,Bayes-M17-med
Zongo,Sud-Ubangi,1,FALSE,0.001,7e-4,0.0012,9e-4,360,351,362,0.001,0.1031,359,0.0028,NA,NA,NA,NA,NA,NA,0.2418,0.0015,394,0.278,0.4131,0,0.2761,0,Bayes-M17-med
Bikoro,Equateur,1,FALSE,9e-4,7e-4,0.0011,9e-4,367,367,370,9e-4,0.0932,367,0.0025,NA,NA,NA,NA,NA,NA,0.5951,0.0034,277,0.8127,0.8147,0,0.7529,0,Bayes-M17-med
Mutena,Kasaï,1,FALSE,9e-4,7e-4,0.0012,9e-4,362,361,362,9e-4,0.1,362,0.0027,NA,NA,NA,NA,NA,NA,0.2336,0.0014,399,0.334,0.0753,0,0.5251,0,Bayes-M17-med
Mutoto,Kasaï-Central,1,FALSE,9e-4,7e-4,0.0011,8e-4,368,367,368,9e-4,0.0925,368,0.0025,NA,NA,NA,NA,NA,NA,0.3441,0.002,371,0.4575,0.361,0,0.5579,0,Bayes-M17-med
Seke Banza,Kongo-Central,1,FALSE,9e-4,7e-4,0.0012,9e-4,363,363,363,9e-4,0.0989,363,0.0027,NA,NA,NA,NA,NA,NA,0.4513,0.0028,312,0.6351,0.9498,0,0.2201,0,Bayes-M17-med
Massa,Kongo-Central,1,FALSE,9e-4,7e-4,0.0011,9e-4,366,366,366,9e-4,0.0942,366,0.0026,NA,NA,NA,NA,NA,NA,0.4223,0.0025,326,0.668,0.9208,0,0.1004,0,Bayes-M17-med
Kimbao,Kwango,1,FALSE,9e-4,7e-4,0.0011,9e-4,365,365,365,9e-4,0.095,365,0.0026,NA,NA,NA,NA,NA,NA,0.5743,0.0034,283,0.7201,0.7181,0,0.8591,0,Bayes-M17-med
Popokabaka,Kwango,1,FALSE,9e-4,7e-4,0.0011,9e-4,364,364,364,9e-4,0.0965,364,0.0026,NA,NA,NA,NA,NA,NA,0.5507,0.0033,288,0.7703,0.7876,0,0.6448,0,Bayes-M17-med
Kamiji,Lomami,1,FALSE,9e-4,7e-4,0.0012,9e-4,361,360,361,9e-4,0.1019,361,0.0028,NA,NA,NA,NA,NA,NA,0.2635,0.0017,389,0.3398,0.1293,0,0.5849,0,Bayes-M17-med
Kalamba,Lualaba,1,FALSE,9e-4,7e-4,0.0011,8e-4,369,368,369,9e-4,0.0923,369,0.0025,NA,NA,NA,NA,NA,NA,0.4542,0.0026,321,0.8803,0.2375,0,0.6988,0,Bayes-M17-med
Pania Mutombo,Sankuru,1,FALSE,9e-4,7e-4,0.0011,8e-4,370,369,370,9e-4,0.0919,370,0.0025,NA,NA,NA,NA,NA,NA,0.4117,0.0023,334,0.7413,0.1236,0,0.7819,0,Bayes-M17-med
Kafubu,Haut-Katanga,1,FALSE,8e-4,6e-4,0.001,8e-4,381,380,381,8e-4,0.0847,381,0.0023,NA,NA,NA,NA,NA,NA,0.2104,0.0011,416,0.6042,0.0869,0,0.1506,0,Bayes-M17-med
Kayamba,Haut-Lomami,1,FALSE,8e-4,6e-4,0.001,8e-4,375,375,375,8e-4,0.0871,375,0.0024,NA,NA,NA,NA,NA,NA,0.4276,0.0023,342,0.7027,0.4189,0,0.5888,0,Bayes-M17-med
Bulape,Kasaï,1,FALSE,8e-4,6e-4,9e-4,7e-4,384,384,384,8e-4,0.0809,384,0.0022,NA,NA,NA,NA,NA,NA,0.4315,0.0022,355,0.7066,0.1853,0,0.834,0,Bayes-M17-med
Nyanga,Kasaï,1,FALSE,8e-4,6e-4,0.001,8e-4,382,382,382,8e-4,0.0829,382,0.0022,NA,NA,NA,NA,NA,NA,0.348,0.0018,384,0.4402,0.3803,0,0.5714,0,Bayes-M17-med
Bunkonde,Kasaï-Central,1,FALSE,8e-4,6e-4,0.001,8e-4,373,372,373,8e-4,0.0889,373,0.0024,NA,NA,NA,NA,NA,NA,0.3523,0.0019,373,0.4015,0.278,0,0.7297,0,Bayes-M17-med
Ndesha,Kasaï-Central,1,FALSE,8e-4,6e-4,0.001,8e-4,376,376,377,8e-4,0.086,376,0.0023,NA,NA,NA,NA,NA,NA,0.2317,0.0012,408,0.1448,0.3456,0,0.4363,0,Bayes-M17-med
Nsona Mpangu,Kongo-Central,1,FALSE,8e-4,6e-4,0.001,8e-4,378,378,379,8e-4,0.0855,378,0.0023,NA,NA,NA,NA,NA,NA,0.4165,0.0022,347,0.722,0.7645,0,0.1795,0,Bayes-M17-med
Wamba Lwadi,Kwango,1,FALSE,8e-4,6e-4,0.001,8e-4,377,376,377,8e-4,0.0858,377,0.0023,NA,NA,NA,NA,NA,NA,0.5492,0.0029,306,0.6467,0.8185,0,0.7317,0,Bayes-M17-med
Sia,Kwilu,1,FALSE,8e-4,6e-4,0.001,8e-4,379,379,380,8e-4,0.0854,379,0.0023,NA,NA,NA,NA,NA,NA,0.3986,0.0021,361,0.4151,0.3822,0,0.7973,0,Bayes-M17-med
Kingandu,Kwilu,1,FALSE,8e-4,6e-4,0.001,8e-4,383,383,383,8e-4,0.082,383,0.0022,NA,NA,NA,NA,NA,NA,0.4923,0.0025,324,0.7162,0.6583,0,0.5946,0,Bayes-M17-med
Nioki,Mai-Ndombe,1,FALSE,8e-4,6e-4,0.001,8e-4,374,374,374,8e-4,0.0881,374,0.0024,NA,NA,NA,NA,NA,NA,0.389,0.0021,357,0.61,0.3958,0,0.5502,0,Bayes-M17-med
Bongandanga,Mongala,1,FALSE,8e-4,6e-4,0.001,8e-4,372,372,373,8e-4,0.0891,372,0.0024,NA,NA,NA,NA,NA,NA,0.4228,0.0023,337,0.7587,0.0097,0,0.9228,0,Bayes-M17-med
Wema,Tshuapa,1,FALSE,8e-4,6e-4,0.001,8e-4,380,378,381,8e-4,0.085,380,0.0023,NA,NA,NA,NA,NA,NA,0.4469,0.0024,333,0.8494,0.1332,0,0.805,0,Bayes-M17-med
Busanga,Tshuapa,1,FALSE,8e-4,7e-4,0.0011,8e-4,371,371,371,8e-4,0.0907,371,0.0025,NA,NA,NA,NA,NA,NA,0.4452,0.0025,323,0.6602,0.168,0,0.9527,0,Bayes-M17-med
Djombo,Equateur,1,FALSE,7e-4,5e-4,9e-4,7e-4,394,393,394,7e-4,0.0754,394,0.002,NA,NA,NA,NA,NA,NA,0.6554,0.0031,301,0.917,0.7819,0,0.9228,0,Bayes-M17-med
Iboko,Equateur,1,FALSE,7e-4,5e-4,8e-4,7e-4,402,401,402,7e-4,0.0714,402,0.0019,NA,NA,NA,NA,NA,NA,0.612,0.0027,316,0.8282,0.7915,0,0.8282,0,Bayes-M17-med
Kikula,Haut-Katanga,1,FALSE,7e-4,6e-4,9e-4,7e-4,385,385,385,7e-4,0.0798,385,0.0022,NA,NA,NA,NA,NA,NA,0.0951,5e-4,444,0.1062,0.1139,0,0.1602,0,Bayes-M17-med
Mitwaba,Haut-Katanga,1,FALSE,7e-4,6e-4,9e-4,7e-4,386,386,386,7e-4,0.0792,386,0.0021,NA,NA,NA,NA,NA,NA,0.3528,0.0017,386,0.8012,0.0618,0,0.5483,0,Bayes-M17-med
Panda,Haut-Katanga,1,FALSE,7e-4,5e-4,8e-4,7e-4,399,398,399,7e-4,0.0725,398,0.002,NA,NA,NA,NA,NA,NA,0.2027,9e-4,426,0.1622,0.4826,0,0.166,0,Bayes-M17-med
Lukafu,Haut-Katanga,1,FALSE,7e-4,5e-4,9e-4,7e-4,395,395,395,7e-4,0.0746,395,0.002,NA,NA,NA,NA,NA,NA,0.4015,0.0019,379,0.888,0.3243,0,0.3938,0,Bayes-M17-med
Bena Tshadi,Kasaï-Central,1,FALSE,7e-4,6e-4,9e-4,7e-4,387,387,387,7e-4,0.0785,387,0.0021,NA,NA,NA,NA,NA,NA,0.472,0.0023,343,0.6699,0.3784,0,0.8398,0,Bayes-M17-med
Kalomba,Kasaï-Central,1,FALSE,7e-4,6e-4,9e-4,7e-4,390,389,390,7e-4,0.0772,390,0.0021,NA,NA,NA,NA,NA,NA,0.2944,0.0014,400,0.3166,0.1467,0,0.7143,0,Bayes-M17-med
Kangu,Kongo-Central,1,FALSE,7e-4,6e-4,9e-4,7e-4,391,391,391,7e-4,0.0769,391,0.0021,NA,NA,NA,NA,NA,NA,0.3528,0.0017,387,0.3803,0.8822,0,0.1486,0,Bayes-M17-med
Gombe Matadi,Kongo-Central,1,FALSE,7e-4,5e-4,8e-4,6e-4,403,403,403,7e-4,0.0702,403,0.0019,NA,NA,NA,NA,NA,NA,0.4151,0.0018,381,0.6911,0.7857,0,0.1834,0,Bayes-M17-med
Ngidinga,Kongo-Central,1,FALSE,7e-4,5e-4,9e-4,7e-4,396,396,396,7e-4,0.0743,396,0.002,NA,NA,NA,NA,NA,NA,0.4488,0.0021,366,0.6544,0.7432,0,0.3977,0,Bayes-M17-med
Kasongo Lunda,Kwango,1,FALSE,7e-4,6e-4,9e-4,7e-4,389,388,389,7e-4,0.0775,389,0.0021,NA,NA,NA,NA,NA,NA,0.3441,0.0017,390,0.6274,0.5946,0,0.1544,0,Bayes-M17-med
Moanza,Kwilu,1,FALSE,7e-4,5e-4,8e-4,7e-4,400,399,400,7e-4,0.0724,400,0.002,NA,NA,NA,NA,NA,NA,0.52,0.0023,338,0.5985,0.529,0,0.9527,0,Bayes-M17-med
Kafakumba,Lualaba,1,FALSE,7e-4,6e-4,9e-4,7e-4,393,393,394,7e-4,0.0757,393,0.0021,NA,NA,NA,NA,NA,NA,0.4648,0.0022,352,0.8687,0.2027,0,0.7876,0,Bayes-M17-med
Lubudi,Lualaba,1,FALSE,7e-4,5e-4,8e-4,7e-4,401,401,402,7e-4,0.0718,401,0.0019,NA,NA,NA,NA,NA,NA,0.4667,0.0021,364,0.9151,0.4614,0,0.4903,0,Bayes-M17-med
Oshwe,Mai-Ndombe,1,FALSE,7e-4,6e-4,9e-4,7e-4,388,388,390,7e-4,0.0777,388,0.0021,NA,NA,NA,NA,NA,NA,0.4855,0.0023,336,0.8764,0.3301,0,0.7355,0,Bayes-M17-med
Kwamouth,Mai-Ndombe,1,FALSE,7e-4,6e-4,9e-4,7e-4,392,392,392,7e-4,0.0768,392,0.0021,NA,NA,NA,NA,NA,NA,0.43,0.002,368,0.8707,0.417,0,0.4324,0,Bayes-M17-med
Mushie,Mai-Ndombe,1,FALSE,7e-4,5e-4,9e-4,7e-4,397,397,397,7e-4,0.0733,397,0.002,NA,NA,NA,NA,NA,NA,0.4291,0.0019,372,0.7394,0.3649,0,0.612,0,Bayes-M17-med
Tshudi Loto,Sankuru,1,FALSE,7e-4,5e-4,8e-4,7e-4,398,398,400,7e-4,0.0725,399,0.002,NA,NA,NA,NA,NA,NA,0.4237,0.0019,375,0.7683,0.0039,0,0.9228,0,Bayes-M17-med
Lotumbe,Equateur,1,FALSE,6e-4,5e-4,8e-4,6e-4,406,406,406,6e-4,0.0686,406,0.0019,NA,NA,NA,NA,NA,NA,0.5816,0.0025,325,0.9691,0.7085,0,0.6486,0,Bayes-M17-med
Lukolela,Equateur,1,FALSE,6e-4,4e-4,7e-4,6e-4,416,416,416,6e-4,0.0605,416,0.0016,NA,NA,NA,NA,NA,NA,0.5787,0.0022,354,0.944,0.9151,0,0.4556,0,Bayes-M17-med
Kenya,Haut-Katanga,1,FALSE,6e-4,5e-4,8e-4,6e-4,404,404,404,6e-4,0.0699,404,0.0019,NA,NA,NA,NA,NA,NA,0.0569,2e-4,448,0.11,0.0116,0,0.1062,0,Bayes-M17-med
Banga Lubaka,Kasaï,1,FALSE,6e-4,4e-4,7e-4,6e-4,415,415,415,6e-4,0.061,415,0.0017,NA,NA,NA,NA,NA,NA,0.3205,0.0012,409,0.5174,0.0444,0,0.7201,0,Bayes-M17-med
Inga,Kongo-Central,1,FALSE,6e-4,5e-4,8e-4,6e-4,405,405,405,6e-4,0.069,405,0.0019,NA,NA,NA,NA,NA,NA,0.3847,0.0016,391,0.5212,0.8243,0,0.1931,0,Bayes-M17-med
Luozi,Kongo-Central,1,FALSE,6e-4,5e-4,8e-4,6e-4,410,410,410,6e-4,0.0647,410,0.0018,NA,NA,NA,NA,NA,NA,0.5241,0.0021,362,0.7355,0.8861,0,0.4749,0,Bayes-M17-med
Kimvula,Kongo-Central,1,FALSE,6e-4,4e-4,7e-4,6e-4,417,417,417,6e-4,0.06,417,0.0016,NA,NA,NA,NA,NA,NA,0.569,0.0021,359,0.8629,0.8784,0,0.5347,0,Bayes-M17-med
Kisanji,Kwango,1,FALSE,6e-4,5e-4,7e-4,6e-4,411,411,411,6e-4,0.0634,411,0.0017,NA,NA,NA,NA,NA,NA,0.5574,0.0022,349,0.8417,0.6544,0,0.7336,0,Bayes-M17-med
Banzow Moke,Mai-Ndombe,1,FALSE,6e-4,5e-4,8e-4,6e-4,408,408,408,6e-4,0.0672,408,0.0018,NA,NA,NA,NA,NA,NA,0.5236,0.0022,353,0.6892,0.5212,0,0.8842,0,Bayes-M17-med
Kiri,Mai-Ndombe,1,FALSE,6e-4,5e-4,8e-4,6e-4,407,407,407,6e-4,0.0682,407,0.0018,NA,NA,NA,NA,NA,NA,0.5685,0.0024,332,0.8745,0.4768,0,0.9228,0,Bayes-M17-med
Ntandembelo,Mai-Ndombe,1,FALSE,6e-4,5e-4,7e-4,6e-4,413,413,413,6e-4,0.063,413,0.0017,NA,NA,NA,NA,NA,NA,0.4595,0.0018,383,0.6023,0.4633,0,0.7722,0,Bayes-M17-med
Yumbi,Mai-Ndombe,1,FALSE,6e-4,5e-4,7e-4,6e-4,412,412,412,6e-4,0.0631,412,0.0017,NA,NA,NA,NA,NA,NA,0.2741,0.0011,418,0.4131,0.4015,0,0.2819,0,Bayes-M17-med
Bolobo,Mai-Ndombe,1,FALSE,6e-4,5e-4,7e-4,6e-4,414,414,414,6e-4,0.0627,414,0.0017,NA,NA,NA,NA,NA,NA,0.3388,0.0013,403,0.6313,0.4981,0,0.2259,0,Bayes-M17-med
Bosobe,Mai-Ndombe,1,FALSE,6e-4,5e-4,8e-4,6e-4,409,409,409,6e-4,0.0651,409,0.0018,NA,NA,NA,NA,NA,NA,0.4406,0.0018,385,0.4942,0.4093,0,0.8591,0,Bayes-M17-med
Bomongo,Equateur,1,FALSE,5e-4,4e-4,6e-4,5e-4,424,424,425,5e-4,0.0512,424,0.0014,NA,NA,NA,NA,NA,NA,0.5907,0.0019,377,0.9788,0.8475,0,0.5367,0,Bayes-M17-med
Monieka,Equateur,1,FALSE,5e-4,4e-4,7e-4,5e-4,420,420,421,5e-4,0.0563,420,0.0015,NA,NA,NA,NA,NA,NA,0.596,0.0021,363,0.9768,0.7336,0,0.6737,0,Bayes-M17-med
Butumba,Haut-Lomami,1,FALSE,5e-4,4e-4,7e-4,5e-4,418,418,418,5e-4,0.0586,418,0.0016,NA,NA,NA,NA,NA,NA,0.4595,0.0017,388,0.7973,0.4151,0,0.6255,0,Bayes-M17-med
Kizu,Kongo-Central,1,FALSE,5e-4,4e-4,6e-4,5e-4,425,424,425,5e-4,0.0509,425,0.0014,NA,NA,NA,NA,NA,NA,0.3113,0.001,424,0.2973,0.8707,0,0.0772,0,Bayes-M17-med
Mangembo,Kongo-Central,1,FALSE,5e-4,4e-4,6e-4,4e-4,426,426,426,5e-4,0.0489,426,0.0013,NA,NA,NA,NA,NA,NA,0.3726,0.0011,414,0.5598,0.6641,0,0.2664,0,Bayes-M17-med
Nzanza,Kongo-Central,1,FALSE,5e-4,4e-4,7e-4,5e-4,419,419,419,5e-4,0.0569,419,0.0015,NA,NA,NA,NA,NA,NA,0.2172,8e-4,435,0.0888,0.6892,0,0.0907,0,Bayes-M17-med
Kimpangu,Kongo-Central,1,FALSE,5e-4,4e-4,6e-4,5e-4,423,423,423,5e-4,0.0537,423,0.0015,NA,NA,NA,NA,NA,NA,0.4488,0.0015,396,0.7085,0.9344,0,0.1525,0,Bayes-M17-med
Kitenda,Kwango,1,FALSE,5e-4,4e-4,6e-4,4e-4,427,427,427,5e-4,0.0486,427,0.0013,NA,NA,NA,NA,NA,NA,0.376,0.0011,413,0.6641,0.4247,0,0.4151,0,Bayes-M17-med
Mwela Lembwa,Kwango,1,FALSE,5e-4,4e-4,7e-4,5e-4,421,420,421,5e-4,0.056,421,0.0015,NA,NA,NA,NA,NA,NA,0.4397,0.0015,395,0.6506,0.3224,0,0.7857,0,Bayes-M17-med
Pendjwa,Mai-Ndombe,1,FALSE,5e-4,4e-4,6e-4,5e-4,422,422,422,5e-4,0.0545,422,0.0015,NA,NA,NA,NA,NA,NA,0.4319,0.0015,398,0.7008,0.2124,0,0.8147,0,Bayes-M17-med
Kilela Balanda,Haut-Katanga,1,FALSE,4e-4,3e-4,5e-4,4e-4,439,439,440,4e-4,0.0393,439,0.0011,NA,NA,NA,NA,NA,NA,0.3132,8e-4,436,0.9228,0.0927,0,0.2375,0,Bayes-M17-med
Kashobwe,Haut-Katanga,1,FALSE,4e-4,3e-4,5e-4,4e-4,437,436,437,4e-4,0.0425,437,0.0012,NA,NA,NA,NA,NA,NA,0.3243,9e-4,431,0.805,0.3012,0,0.1911,0,Bayes-M17-med
Katuba,Haut-Katanga,1,FALSE,4e-4,3e-4,5e-4,4e-4,433,433,433,4e-4,0.0459,433,0.0012,NA,NA,NA,NA,NA,NA,0.0463,1e-4,453,0.0502,0.0309,0,0.1042,0,Bayes-M17-med
Baka,Haut-Lomami,1,FALSE,4e-4,3e-4,5e-4,4e-4,436,436,437,4e-4,0.0426,436,0.0012,NA,NA,NA,NA,NA,NA,0.4319,0.0011,412,0.4344,0.8919,0,0.4015,0,Bayes-M17-med
Kinda,Haut-Lomami,1,FALSE,4e-4,3e-4,5e-4,4e-4,431,431,431,4e-4,0.0469,431,0.0013,NA,NA,NA,NA,NA,NA,0.5077,0.0015,397,0.9884,0.4266,0,0.6158,0,Bayes-M17-med
Boma Bungu,Kongo-Central,1,FALSE,4e-4,3e-4,5e-4,4e-4,435,435,435,4e-4,0.0434,435,0.0012,NA,NA,NA,NA,NA,NA,0.3209,9e-4,429,0.5811,0.5676,0,0.1351,0,Bayes-M17-med
Kinkonzi,Kongo-Central,1,FALSE,4e-4,3e-4,5e-4,4e-4,434,434,434,4e-4,0.0438,434,0.0012,NA,NA,NA,NA,NA,NA,0.4252,0.0012,411,0.6236,0.8958,0,0.1815,0,Bayes-M17-med
Kuimba,Kongo-Central,1,FALSE,4e-4,3e-4,5e-4,4e-4,432,432,432,4e-4,0.0461,432,0.0012,NA,NA,NA,NA,NA,NA,0.3069,9e-4,428,0.3784,0.8456,0,0.0039,0,Bayes-M17-med
Tshela,Kongo-Central,1,FALSE,4e-4,4e-4,6e-4,4e-4,428,428,428,4e-4,0.0484,428,0.0013,NA,NA,NA,NA,NA,NA,0.3282,0.001,423,0.417,0.888,0,0.0077,0,Bayes-M17-med
Nselo,Kongo-Central,1,FALSE,4e-4,3e-4,6e-4,4e-4,430,430,430,4e-4,0.0477,430,0.0013,NA,NA,NA,NA,NA,NA,0.374,0.0011,415,0.6564,0.5347,0,0.305,0,Bayes-M17-med
Sona Bata,Kongo-Central,1,FALSE,4e-4,3e-4,5e-4,4e-4,438,438,438,4e-4,0.0408,438,0.0011,NA,NA,NA,NA,NA,NA,0.43,0.0011,417,0.7259,0.7896,0,0.2046,0,Bayes-M17-med
Kajiji,Kwango,1,FALSE,4e-4,4e-4,6e-4,4e-4,429,429,429,4e-4,0.0482,429,0.0013,NA,NA,NA,NA,NA,NA,0.3533,0.0011,420,0.7934,0.1544,0,0.4653,0,Bayes-M17-med
Tembo,Kwango,1,FALSE,4e-4,3e-4,5e-4,4e-4,440,439,440,4e-4,0.0392,440,0.0011,NA,NA,NA,NA,NA,NA,0.3205,8e-4,433,0.7876,0.3977,0,0.0965,0,Bayes-M17-med
Bunkeya,Lualaba,1,FALSE,4e-4,3e-4,5e-4,4e-4,441,441,441,4e-4,0.0391,441,0.0011,NA,NA,NA,NA,NA,NA,0.4218,0.001,422,0.8243,0.5019,0,0.361,0,Bayes-M17-med
Bolenge,Equateur,1,FALSE,3e-4,3e-4,4e-4,3e-4,442,442,442,3e-4,0.0354,442,0.001,NA,NA,NA,NA,NA,NA,0.5391,0.0012,410,0.7954,0.8514,0,0.5097,0,Bayes-M17-med
Vangu,Haut-Katanga,1,FALSE,3e-4,2e-4,3e-4,3e-4,445,445,445,3e-4,0.0283,445,8e-4,NA,NA,NA,NA,NA,NA,0.1081,2e-4,450,0.1158,0.1699,0,0.1467,0,Bayes-M17-med
Bobozo,Kasaï-Central,1,FALSE,3e-4,2e-4,4e-4,3e-4,444,444,444,3e-4,0.0326,444,9e-4,NA,NA,NA,NA,NA,NA,0.2336,5e-4,443,0.1602,0.2857,0,0.4884,0,Bayes-M17-med
Vaku,Kongo-Central,1,FALSE,3e-4,2e-4,4e-4,3e-4,443,443,443,3e-4,0.0338,443,9e-4,NA,NA,NA,NA,NA,NA,0.4194,9e-4,427,0.5676,0.9421,0,0.168,0,Bayes-M17-med
Mampoko,Equateur,1,FALSE,2e-4,2e-4,3e-4,2e-4,447,447,447,2e-4,0.0244,447,7e-4,NA,NA,NA,NA,NA,NA,0.5135,8e-4,434,0.8919,0.5058,0,0.6564,0,Bayes-M17-med
Ntondo,Equateur,1,FALSE,2e-4,2e-4,3e-4,2e-4,448,448,448,2e-4,0.0224,448,6e-4,NA,NA,NA,NA,NA,NA,0.6125,8e-4,432,0.8996,0.7259,0,0.8243,0,Bayes-M17-med
Kibunzi,Kongo-Central,1,FALSE,2e-4,2e-4,3e-4,2e-4,446,446,446,2e-4,0.0257,446,7e-4,NA,NA,NA,NA,NA,NA,0.4175,7e-4,438,0.7046,0.5251,0,0.4402,0,Bayes-M17-med
Mutshatsha,Lualaba,1,FALSE,2e-4,2e-4,2e-4,2e-4,449,449,449,2e-4,0.0211,449,6e-4,NA,NA,NA,NA,NA,NA,0.3808,5e-4,442,0.971,0.1023,0,0.4498,0,Bayes-M17-med
Mimia,Mai-Ndombe,1,FALSE,2e-4,1e-4,2e-4,2e-4,450,450,450,2e-4,0.0196,450,5e-4,NA,NA,NA,NA,NA,NA,0.4841,6e-4,441,0.9614,0.0521,0,0.9228,0,Bayes-M17-med
Irebu,Equateur,1,FALSE,1e-4,1e-4,1e-4,1e-4,454,454,454,1e-4,0.0108,454,3e-4,NA,NA,NA,NA,NA,NA,0.5473,4e-4,446,0.9305,0.6776,0,0.5811,0,Bayes-M17-med
Lilanga Bobangi,Equateur,1,FALSE,1e-4,1e-4,2e-4,1e-4,451,451,451,1e-4,0.0147,451,4e-4,NA,NA,NA,NA,NA,NA,0.4117,4e-4,445,0.9382,0.2664,0,0.4421,0,Bayes-M17-med
Kamalondo,Haut-Katanga,1,FALSE,1e-4,1e-4,1e-4,1e-4,453,453,453,1e-4,0.011,453,3e-4,NA,NA,NA,NA,NA,NA,0.0352,0,455,0.029,0.0019,0,0.11,0,Bayes-M17-med
Kowe,Haut-Katanga,1,FALSE,1e-4,1e-4,1e-4,1e-4,452,452,452,1e-4,0.0112,452,3e-4,NA,NA,NA,NA,NA,NA,0.07,0,454,0.0714,0.0811,0,0.1274,0,Bayes-M17-med
Kitona,Kongo-Central,1,FALSE,1e-4,1e-4,1e-4,1e-4,455,455,455,1e-4,0.008,455,2e-4,NA,NA,NA,NA,NA,NA,0.293,1e-4,452,0.5907,0.5792,0,0.0019,0,Bayes-M17-med
Bokoro,Mai-Ndombe,1,FALSE,0,0,0,0,456.5,456.5,456.5,0,0,456,0,NA,NA,NA,NA,NA,NA,0.471,0,456,0.6873,0.5097,0,0.6873,0,Bayes-M17-med
Idjwi,Sud-Kivu,1,FALSE,0,0,0,0,456.5,456.5,456.5,0,0,456,0,NA,NA,NA,NA,NA,NA,0.3007,0,457,0.2992,0.8224,0,0.0811,0,Bayes-M17-med
Buta,Bas-Uele,1,TRUE,NA,NA,NA,NA,NA,NA,NA,NA,NA,NA,NA,NA,NA,NA,NA,NA,NA,0.7225,NA,NA,0.9749,0.9923,0,0.9228,0,Bayes-M17-med
Ganga,Bas-Uele,1,TRUE,NA,NA,NA,NA,NA,NA,NA,NA,NA,NA,NA,NA,NA,NA,NA,NA,NA,0.7218,NA,NA,0.9672,0.9556,0,0.9643,0,Bayes-M17-med
Viadana,Bas-Uele,1,TRUE,NA,NA,NA,NA,NA,NA,NA,NA,NA,NA,NA,NA,NA,NA,NA,NA,NA,0.6846,NA,NA,0.9131,0.9788,0,0.8465,0,Bayes-M17-med
Boma Mangbetu,Haut-Uele,1,TRUE,NA,NA,NA,NA,NA,NA,NA,NA,NA,NA,NA,NA,NA,NA,NA,NA,NA,0.4122,NA,NA,0.2857,0.5039,0,0.8591,0,Bayes-M17-med
Gombari,Haut-Uele,1,TRUE,NA,NA,NA,NA,NA,NA,NA,NA,NA,NA,NA,NA,NA,NA,NA,NA,NA,0.5772,NA,NA,0.9633,0.8012,0,0.5444,0,Bayes-M17-med
Isiro,Haut-Uele,1,TRUE,NA,NA,NA,NA,NA,NA,NA,NA,NA,NA,NA,NA,NA,NA,NA,NA,NA,0.5253,NA,NA,0.39,0.7587,0,0.9527,0,Bayes-M17-med
Pawa,Haut-Uele,1,TRUE,NA,NA,NA,NA,NA,NA,NA,NA,NA,NA,NA,NA,NA,NA,NA,NA,NA,0.4315,NA,NA,0.2934,0.5734,0,0.8591,0,Bayes-M17-med
Rungu,Haut-Uele,1,TRUE,NA,NA,NA,NA,NA,NA,NA,NA,NA,NA,NA,NA,NA,NA,NA,NA,NA,0.6474,NA,NA,0.8224,0.8031,0,0.9643,0,Bayes-M17-med
Wamba,Haut-Uele,1,TRUE,NA,NA,NA,NA,NA,NA,NA,NA,NA,NA,NA,NA,NA,NA,NA,NA,NA,0.4817,NA,NA,0.6737,0.4363,0,0.8166,0,Bayes-M17-med
Adja,Ituri,1,TRUE,NA,NA,NA,NA,NA,NA,NA,NA,NA,NA,NA,NA,NA,NA,NA,NA,NA,0.2645,NA,NA,0.249,0.4286,0,0.3803,0,Bayes-M17-med
Ariwara,Ituri,1,TRUE,NA,NA,NA,NA,NA,NA,NA,NA,NA,NA,NA,NA,NA,NA,NA,NA,NA,0.2862,NA,NA,0.1988,0.6988,0,0.2471,0,Bayes-M17-med
Aru,Ituri,1,TRUE,NA,NA,NA,NA,NA,NA,NA,NA,NA,NA,NA,NA,NA,NA,NA,NA,NA,0.3528,NA,NA,0.3012,0.8417,0,0.2683,0,Bayes-M17-med
Aungba,Ituri,1,TRUE,NA,NA,NA,NA,NA,NA,NA,NA,NA,NA,NA,NA,NA,NA,NA,NA,NA,0.3354,NA,NA,0.3108,0.6564,0,0.3745,0,Bayes-M17-med
Kambala,Ituri,1,TRUE,NA,NA,NA,NA,NA,NA,NA,NA,NA,NA,NA,NA,NA,NA,NA,NA,NA,0.347,NA,NA,0.3668,0.612,0,0.4093,0,Bayes-M17-med
Logo,Ituri,1,TRUE,NA,NA,NA,NA,NA,NA,NA,NA,NA,NA,NA,NA,NA,NA,NA,NA,NA,0.2384,NA,NA,0.1757,0.5927,0,0.1853,0,Bayes-M17-med
Mahagi,Ituri,1,TRUE,NA,NA,NA,NA,NA,NA,NA,NA,NA,NA,NA,NA,NA,NA,NA,NA,NA,0.2292,NA,NA,0.1718,0.6004,0,0.1448,0,Bayes-M17-med
Rimba,Ituri,1,TRUE,NA,NA,NA,NA,NA,NA,NA,NA,NA,NA,NA,NA,NA,NA,NA,NA,NA,0.306,NA,NA,0.2008,0.7124,0,0.3108,0,Bayes-M17-med
Bambu,Ituri,1,TRUE,NA,NA,NA,NA,NA,NA,NA,NA,NA,NA,NA,NA,NA,NA,NA,NA,NA,0.2399,NA,NA,0.2046,0.4691,0,0.2857,0,Bayes-M17-med
Boga,Ituri,1,TRUE,NA,NA,NA,NA,NA,NA,NA,NA,NA,NA,NA,NA,NA,NA,NA,NA,NA,0.264,NA,NA,0.3861,0.36870000000000003,0,0.3012,0,Bayes-M17-med
Bunia,Ituri,1,TRUE,NA,NA,NA,NA,NA,NA,NA,NA,NA,NA,NA,NA,NA,NA,NA,NA,NA,0.2326,NA,NA,0.1178,0.5637,0,0.249,0,Bayes-M17-med
Damas,Ituri,1,TRUE,NA,NA,NA,NA,NA,NA,NA,NA,NA,NA,NA,NA,NA,NA,NA,NA,NA,0.3224,NA,NA,0.4479,0.3282,0,0.5135,0,Bayes-M17-med
Drodro,Ituri,1,TRUE,NA,NA,NA,NA,NA,NA,NA,NA,NA,NA,NA,NA,NA,NA,NA,NA,NA,0.2674,NA,NA,0.2066,0.5907,0,0.2722,0,Bayes-M17-med
Fataki,Ituri,1,TRUE,NA,NA,NA,NA,NA,NA,NA,NA,NA,NA,NA,NA,NA,NA,NA,NA,NA,0.3185,NA,NA,0.2259,0.7201,0,0.3282,0,Bayes-M17-med
Gety,Ituri,1,TRUE,NA,NA,NA,NA,NA,NA,NA,NA,NA,NA,NA,NA,NA,NA,NA,NA,NA,0.2592,NA,NA,0.3359,0.2973,0,0.4035,0,Bayes-M17-med
Kilo,Ituri,1,TRUE,NA,NA,NA,NA,NA,NA,NA,NA,NA,NA,NA,NA,NA,NA,NA,NA,NA,0.1448,NA,NA,0.2201,0.0502,0,0.3089,0,Bayes-M17-med
Komanda,Ituri,1,TRUE,NA,NA,NA,NA,NA,NA,NA,NA,NA,NA,NA,NA,NA,NA,NA,NA,NA,0.2341,NA,NA,0.3089,0.1197,0,0.5077,0,Bayes-M17-med
Lita,Ituri,1,TRUE,NA,NA,NA,NA,NA,NA,NA,NA,NA,NA,NA,NA,NA,NA,NA,NA,NA,0.306,NA,NA,0.2761,0.7046,0,0.2432,0,Bayes-M17-med
Lolwa,Ituri,1,TRUE,NA,NA,NA,NA,NA,NA,NA,NA,NA,NA,NA,NA,NA,NA,NA,NA,NA,0.3205,NA,NA,0.6429,0,0,0.639,0,Bayes-M17-med
Mambasa,Ituri,1,TRUE,NA,NA,NA,NA,NA,NA,NA,NA,NA,NA,NA,NA,NA,NA,NA,NA,NA,0.4324,NA,NA,0.8842,0.2625,0,0.583,0,Bayes-M17-med
Mandima,Ituri,1,TRUE,NA,NA,NA,NA,NA,NA,NA,NA,NA,NA,NA,NA,NA,NA,NA,NA,NA,0.2659,NA,NA,0.4846,0.2896,0,0.2896,0,Bayes-M17-med
Mangala,Ituri,1,TRUE,NA,NA,NA,NA,NA,NA,NA,NA,NA,NA,NA,NA,NA,NA,NA,NA,NA,0.3021,NA,NA,0.305,0.6158,0,0.2876,0,Bayes-M17-med
Mongbwalu,Ituri,1,TRUE,NA,NA,NA,NA,NA,NA,NA,NA,NA,NA,NA,NA,NA,NA,NA,NA,NA,0.2616,NA,NA,0.4112,0.1834,0,0.4517,0,Bayes-M17-med
Nia Nia,Ituri,1,TRUE,NA,NA,NA,NA,NA,NA,NA,NA,NA,NA,NA,NA,NA,NA,NA,NA,NA,0.2978,NA,NA,0.666,0.0212,0,0.5039,0,Bayes-M17-med
Nizi,Ituri,1,TRUE,NA,NA,NA,NA,NA,NA,NA,NA,NA,NA,NA,NA,NA,NA,NA,NA,NA,0.1771,NA,NA,0.1544,0.3378,0,0.2162,0,Bayes-M17-med
Nyankunde,Ituri,1,TRUE,NA,NA,NA,NA,NA,NA,NA,NA,NA,NA,NA,NA,NA,NA,NA,NA,NA,0.2514,NA,NA,0.2838,0.2432,0,0.4788,0,Bayes-M17-med
Rwampara,Ituri,1,TRUE,NA,NA,NA,NA,NA,NA,NA,NA,NA,NA,NA,NA,NA,NA,NA,NA,NA,0.319,NA,NA,0.2375,0.7452,0,0.2934,0,Bayes-M17-med
Tchomia,Ituri,1,TRUE,NA,NA,NA,NA,NA,NA,NA,NA,NA,NA,NA,NA,NA,NA,NA,NA,NA,0.1998,NA,NA,0.2104,0.3745,0,0.2143,0,Bayes-M17-med
Beni,Nord-Kivu,1,TRUE,NA,NA,NA,NA,NA,NA,NA,NA,NA,NA,NA,NA,NA,NA,NA,NA,NA,0.1559,NA,NA,0.1525,0.2297,0,0.2413,0,Bayes-M17-med
Biena,Nord-Kivu,1,TRUE,NA,NA,NA,NA,NA,NA,NA,NA,NA,NA,NA,NA,NA,NA,NA,NA,NA,0.2013,NA,NA,0.251,0.166,0,0.388,0,Bayes-M17-med
Butembo,Nord-Kivu,1,TRUE,NA,NA,NA,NA,NA,NA,NA,NA,NA,NA,NA,NA,NA,NA,NA,NA,NA,0.1829,NA,NA,0.1139,0.388,0,0.2297,0,Bayes-M17-med
Kalunguta,Nord-Kivu,1,TRUE,NA,NA,NA,NA,NA,NA,NA,NA,NA,NA,NA,NA,NA,NA,NA,NA,NA,0.1559,NA,NA,0.195,0.2066,0,0.222,0,Bayes-M17-med
Katwa,Nord-Kivu,1,TRUE,NA,NA,NA,NA,NA,NA,NA,NA,NA,NA,NA,NA,NA,NA,NA,NA,NA,0.1998,NA,NA,0.0869,0.4846,0,0.2278,0,Bayes-M17-med
Kyondo,Nord-Kivu,1,TRUE,NA,NA,NA,NA,NA,NA,NA,NA,NA,NA,NA,NA,NA,NA,NA,NA,NA,0.3238,NA,NA,0.2954,0.7973,0,0.2027,0,Bayes-M17-med
Lubero,Nord-Kivu,1,TRUE,NA,NA,NA,NA,NA,NA,NA,NA,NA,NA,NA,NA,NA,NA,NA,NA,NA,0.4585,NA,NA,0.5734,0.9382,0,0.3224,0,Bayes-M17-med
Mabalako,Nord-Kivu,1,TRUE,NA,NA,NA,NA,NA,NA,NA,NA,NA,NA,NA,NA,NA,NA,NA,NA,NA,0.1573,NA,NA,0.1931,0.2046,0,0.2317,0,Bayes-M17-med
Manguredjipa,Nord-Kivu,1,TRUE,NA,NA,NA,NA,NA,NA,NA,NA,NA,NA,NA,NA,NA,NA,NA,NA,NA,0.3475,NA,NA,0.778,0.0579,0,0.5541,0,Bayes-M17-med
Masereka,Nord-Kivu,1,TRUE,NA,NA,NA,NA,NA,NA,NA,NA,NA,NA,NA,NA,NA,NA,NA,NA,NA,0.36870000000000003,NA,NA,0.2548,0.9807,0,0.2394,0,Bayes-M17-med
Musienene,Nord-Kivu,1,TRUE,NA,NA,NA,NA,NA,NA,NA,NA,NA,NA,NA,NA,NA,NA,NA,NA,NA,0.319,NA,NA,0.2645,0.7317,0,0.2799,0,Bayes-M17-med
Mutwanga,Nord-Kivu,1,TRUE,NA,NA,NA,NA,NA,NA,NA,NA,NA,NA,NA,NA,NA,NA,NA,NA,NA,0.2408,NA,NA,0.2606,0.4672,0,0.2355,0,Bayes-M17-med
Oicha,Nord-Kivu,1,TRUE,NA,NA,NA,NA,NA,NA,NA,NA,NA,NA,NA,NA,NA,NA,NA,NA,NA,0.3364,NA,NA,0.3243,0.7606,0,0.2606,0,Bayes-M17-med
Vuhovi,Nord-Kivu,1,TRUE,NA,NA,NA,NA,NA,NA,NA,NA,NA,NA,NA,NA,NA,NA,NA,NA,NA,0.2611,NA,NA,0.2027,0.6178,0,0.2239,0,Bayes-M17-med
Goma,Nord-Kivu,1,TRUE,NA,NA,NA,NA,NA,NA,NA,NA,NA,NA,NA,NA,NA,NA,NA,NA,NA,0.2669,NA,NA,0.1274,0.8977,0,0.0425,0,Bayes-M17-med
Kayna,Nord-Kivu,1,TRUE,NA,NA,NA,NA,NA,NA,NA,NA,NA,NA,NA,NA,NA,NA,NA,NA,NA,0.3113,NA,NA,0.2278,0.6332,0,0.3842,0,Bayes-M17-med
Miti Murhesa,Sud-Kivu,1,TRUE,NA,NA,NA,NA,NA,NA,NA,NA,NA,NA,NA,NA,NA,NA,NA,NA,NA,0.3277,NA,NA,0.2355,0.9131,0,0.1622,0,Bayes-M17-med
Bulu,Sud-Ubangi,1,TRUE,NA,NA,NA,NA,NA,NA,NA,NA,NA,NA,NA,NA,NA,NA,NA,NA,NA,0.3147,NA,NA,0.3649,0.1988,0,0.695,0,Bayes-M17-med
Bafwasende,Tshopo,1,TRUE,NA,NA,NA,NA,NA,NA,NA,NA,NA,NA,NA,NA,NA,NA,NA,NA,NA,0.4546,NA,NA,0.9073,0.2413,0,0.6699,0,Bayes-M17-med
Kabondo,Tshopo,1,TRUE,NA,NA,NA,NA,NA,NA,NA,NA,NA,NA,NA,NA,NA,NA,NA,NA,NA,0.18,NA,NA,0.1911,0.2722,0,0.2568,0,Bayes-M17-med
Lubunga (Tshopo),Tshopo,1,TRUE,NA,NA,NA,NA,NA,NA,NA,NA,NA,NA,NA,NA,NA,NA,NA,NA,NA,0.2288,NA,NA,0.2452,0.3436,0,0.3263,0,Bayes-M17-med
Makiso Kisangani,Tshopo,1,TRUE,NA,NA,NA,NA,NA,NA,NA,NA,NA,NA,NA,NA,NA,NA,NA,NA,NA,0.2355,NA,NA,0.1332,0.5309,0,0.278,0,Bayes-M17-med
Mangobo,Tshopo,1,TRUE,NA,NA,NA,NA,NA,NA,NA,NA,NA,NA,NA,NA,NA,NA,NA,NA,NA,0.2061,NA,NA,0.0792,0.4382,0,0.3069,0,Bayes-M17-med
Tshopo,Tshopo,1,TRUE,NA,NA,NA,NA,NA,NA,NA,NA,NA,NA,NA,NA,NA,NA,NA,NA,NA,0.2466,NA,NA,0.361,0.334,0,0.2915,0,Bayes-M17-med
Wanierukula,Tshopo,1,TRUE,NA,NA,NA,NA,NA,NA,NA,NA,NA,NA,NA,NA,NA,NA,NA,NA,NA,0.473,NA,NA,0.8436,0.5521,0,0.4961,0,Bayes-M17-med
Rethy,Ituri,2,FALSE,0.5552,0.4709,0.6487,0.553,1,1,2,0.8181,43.2125,1,1,3.239,1,NA,NA,NA,NA,0.2703,0.5874,2,0.2143,0.6081,0,0.2587,0,Bayes-M17-med
Watsa,Haut-Uele,2,FALSE,0.5325,0.4536,0.6156,0.532,2,1,2,0.7663,40.478,2,0.959,NA,NA,NA,NA,3.8288,1,0.4797,1,1,0.7297,0.8436,0,0.3456,0,Bayes-M17-med
Nyarambe,Ituri,2,FALSE,0.2966,0.2445,0.3558,0.2951,3,3,3,0.3531,18.6487,3,0.5341,1.3978,2,NA,NA,NA,NA,0.1805,0.2096,13,0.1699,0.4595,0,0.0927,0,Bayes-M17-med
Biringi,Ituri,2,FALSE,0.2465,0.2015,0.2989,0.2452,4,4,4,0.2838,14.9928,4,0.444,1.1238,3,NA,NA,NA,NA,0.3494,0.3372,5,0.3958,0.4865,0,0.5154,0,Bayes-M17-med
Karisimbi,Nord-Kivu,2,FALSE,0.2034,0.1654,0.248,0.2022,5,5,5,0.2279,12.0364,5,0.3663,NA,NA,2.267,1,NA,NA,0.1597,0.1272,18,0.0907,0.5154,0,0.0328,0,Bayes-M17-med
Makoro,Haut-Uele,2,FALSE,0.1862,0.151,0.2268,0.1848,6,6,7,0.2065,10.9082,6,0.3354,NA,NA,NA,NA,1.0318,2,0.3822,0.2787,6,0.556,0.5483,0,0.4247,0,Bayes-M17-med
Angumu,Ituri,2,FALSE,0.1828,0.1486,0.2235,0.1819,7,6,8,0.2023,10.6865,7,0.3293,0.801,4,NA,NA,NA,NA,0.11,0.0788,34,0.1641,0.1641,0,0.112,0,Bayes-M17-med
Dungu,Haut-Uele,2,FALSE,0.1816,0.1458,0.2228,0.18,8,7,8,0.2008,10.6059,8,0.327,NA,NA,NA,NA,1.0032,3,0.5275,0.3749,3,0.8726,0.5598,0,0.6776,0,Bayes-M17-med
Rutshuru,Nord-Kivu,2,FALSE,0.1689,0.1365,0.2073,0.1677,9,9,9,0.1854,9.7914,9,0.3042,NA,NA,1.8442,2,NA,NA,0.3721,0.246,7,0.4093,0.9942,0,0.0849,0,Bayes-M17-med
Kirotshe,Nord-Kivu,2,FALSE,0.1532,0.1234,0.1881,0.152,10,10,10,0.1666,8.7975,10,0.2759,NA,NA,1.657,3,NA,NA,0.3842,0.2304,10,0.3764,0.9961,0,0.1641,0,Bayes-M17-med
Nyiragongo,Nord-Kivu,2,FALSE,0.1508,0.1217,0.1852,0.1498,11,11,11,0.1637,8.6486,11,0.2716,NA,NA,1.629,4,NA,NA,0.2891,0.1707,15,0.2432,0.8764,0,0.0367,0,Bayes-M17-med
Alimbongo,Nord-Kivu,2,FALSE,0.1463,0.1179,0.1802,0.1452,12,12,12,0.1585,8.3699,12,0.2635,NA,NA,1.5765,5,NA,NA,0.4262,0.2441,8,0.5849,0.7471,0,0.3726,0,Bayes-M17-med
Bafwagbogbo,Tshopo,2,FALSE,0.1369,0.1091,0.1688,0.1356,13,13,13,0.1474,7.7877,13,0.2465,NA,NA,NA,NA,NA,NA,0.3948,0.2115,12,0.8591,0.027,0,0.6931,0,Bayes-M17-med
Kamango,Nord-Kivu,2,FALSE,0.1328,0.1067,0.1634,0.1317,14,14,14,0.1427,7.5382,14,0.2392,NA,NA,1.4198,6,NA,NA,0.4373,0.2273,11,0.6583,0.917,0,0.1737,0,Bayes-M17-med
Rwanguba,Nord-Kivu,2,FALSE,0.1295,0.1041,0.1597,0.1284,15,15,15,0.1389,7.3363,15,0.2332,NA,NA,1.3818,7,NA,NA,0.2442,0.1238,20,0.2085,0.7027,0,0.0656,0,Bayes-M17-med
Kibirizi,Nord-Kivu,2,FALSE,0.1207,0.0967,0.1493,0.1196,16,16,17,0.1288,6.803,16,0.2174,NA,NA,1.2813,8,NA,NA,0.4175,0.1972,14,0.5405,0.8552,0,0.2741,0,Bayes-M17-med
Poko,Bas-Uele,2,FALSE,0.1186,0.0957,0.1456,0.1175,17,16,17,0.1264,6.6747,17,0.2135,NA,NA,NA,NA,NA,NA,0.7271,0.3375,4,0.9923,0.9517,0,0.9643,0,Bayes-M17-med
Niangara,Haut-Uele,2,FALSE,0.10780000000000001,0.0846,0.1362,0.1064,18,18,19,0.1143,6.0348,18,0.1942,NA,NA,NA,NA,0.5708,4,0.5512,0.2326,9,0.8031,0.4324,0,0.9691,0,Bayes-M17-med
Linga,Ituri,2,FALSE,0.1077,0.0851,0.135,0.1065,19,18,19,0.1141,6.0289,19,0.194,0.4519,5,NA,NA,NA,NA,0.2148,0.0906,29,0.1969,0.3417,0,0.3205,0,Bayes-M17-med
Jiba,Ituri,2,FALSE,0.0977,0.0771,0.1226,0.0966,20,20,20,0.1029,5.4377,20,0.176,0.4076,6,NA,NA,NA,NA,0.1651,0.0631,40,0.1815,0.1274,0,0.3514,0,Bayes-M17-med
Minova,Sud-Kivu,2,FALSE,0.0862,0.0688,0.1067,0.0855,21,21,21,0.0902,4.7665,21,0.1553,NA,NA,NA,NA,NA,NA,0.3866,0.1305,17,0.4421,0.9826,0,0.1216,0,Bayes-M17-med
Mweso,Nord-Kivu,2,FALSE,0.0797,0.0635,0.0987,0.079,22,22,23,0.0831,4.3889,22,0.1435,NA,NA,0.8267,9,NA,NA,0.4189,0.1306,16,0.4498,0.9614,0,0.2645,0,Bayes-M17-med
Adi,Ituri,2,FALSE,0.0774,0.0614,0.0962,0.0766,23,22,24,0.0807,4.261,23,0.1395,0.3194,7,NA,NA,NA,NA,0.3977,0.1206,21,0.2587,0.7104,0,0.6216,0,Bayes-M17-med
Ibanda,Sud-Kivu,2,FALSE,0.0746,0.0596,0.0922,0.0739,24,23,24,0.0776,4.0967,24,0.1343,NA,NA,NA,NA,NA,NA,0.2307,0.0673,38,0.083,0.6216,0,0.2181,0,Bayes-M17-med
Masisi,Nord-Kivu,2,FALSE,0.0721,0.0575,0.0894,0.0715,25,25,25,0.0749,3.9569,25,0.1299,NA,NA,0.7453,10,NA,NA,0.4402,0.1243,19,0.4324,0.9575,0,0.3707,0,Bayes-M17-med
Binza,Nord-Kivu,2,FALSE,0.0694,0.0554,0.0862,0.0688,26,26,26,0.072,3.8024,26,0.125,NA,NA,0.7162,11,NA,NA,0.3518,0.0956,27,0.471,0.8378,0,0.0985,0,Bayes-M17-med
Bambo,Nord-Kivu,2,FALSE,0.0676,0.053900000000000003,0.084,0.0669,27,27,27,0.07,3.6974,27,0.1217,NA,NA,0.6964,12,NA,NA,0.3962,0.1048,23,0.5521,0.9073,0,0.1255,0,Bayes-M17-med
Laybo,Ituri,2,FALSE,0.0634,0.0502,0.0786,0.0628,28,28,28,0.0655,3.4607,28,0.1141,0.2594,8,NA,NA,NA,NA,0.3393,0.0842,33,0.3069,0.556,0,0.4942,0,Bayes-M17-med
Faradje,Haut-Uele,2,FALSE,0.0571,0.0452,0.0712,0.0565,29,29,30,0.0589,3.1086,29,0.1029,NA,NA,NA,NA,0.294,5,0.4474,0.1,25,0.7606,0.666,0,0.3629,0,Bayes-M17-med
Kadutu,Sud-Kivu,2,FALSE,0.0558,0.0446,0.0691,0.0553,31,29,31,0.0574,3.0345,30,0.1005,NA,NA,NA,NA,NA,NA,0.1636,0.0357,55,0.0579,0.3861,0,0.2104,0,Bayes-M17-med
Banalia,Tshopo,2,FALSE,0.0557,0.0441,0.0694,0.0552,30,30,31,0.0574,3.0307,31,0.1004,NA,NA,NA,NA,NA,NA,0.4242,0.0925,28,0.7799,0.1178,0,0.7992,0,Bayes-M17-med
Kabare,Sud-Kivu,2,FALSE,0.0524,0.0417,0.065,0.0519,32,32,32,0.0538,2.8432,32,0.0943,NA,NA,NA,NA,NA,NA,0.3567,0.0731,36,0.2394,0.9884,0,0.1988,0,Bayes-M17-med
Nsele,Kinshasa,2,FALSE,0.0507,0.0406,0.063,0.0503,33,33,33,0.0521,2.752,33,0.0914,NA,NA,NA,NA,NA,NA,0.1583,0.0314,58,0.139,0.3996,0,0.0946,0,Bayes-M17-med
Katana,Sud-Kivu,2,FALSE,0.0496,0.0396,0.0615,0.0492,34,34,35,0.0509,2.6907,34,0.0894,NA,NA,NA,NA,NA,NA,0.3224,0.0626,41,0.2471,0.9112,0,0.1313,0,Bayes-M17-med
Uvira,Sud-Kivu,2,FALSE,0.0496,0.0395,0.0616,0.0492,35,34,35,0.0509,2.689,35,0.0893,NA,NA,NA,NA,NA,NA,0.5502,0.1068,22,0.2181,0.9846,0,0.9981,0,Bayes-M17-med
Katoyi,Nord-Kivu,2,FALSE,0.0483,0.0384,0.06,0.0478,36,36,36,0.0495,2.6135,36,0.0869,NA,NA,0.4922,13,NA,NA,0.4542,0.0858,31,0.4614,0.9595,0,0.3958,0,Bayes-M17-med
Aba,Haut-Uele,2,FALSE,0.0457,0.036,0.057,0.0451,37,37,38,0.0468,2.4699,37,0.0822,NA,NA,NA,NA,0.2336,6,0.569,0.1017,24,0.6004,0.6853,0,0.9903,0,Bayes-M17-med
Gombe,Kinshasa,2,FALSE,0.0449,0.0359,0.0558,0.0446,38,37,38,0.046,2.4291,38,0.0809,NA,NA,NA,NA,NA,NA,0.1622,0.0285,63,0.0695,0.5695,0,0.0097,0,Bayes-M17-med
Walikale,Nord-Kivu,2,FALSE,0.0433,0.0344,0.0538,0.0429,39,39,39,0.0443,2.3379,39,0.0779,NA,NA,0.4403,14,NA,NA,0.5729,0.0971,26,0.9459,0.9286,0,0.417,0,Bayes-M17-med
Walungu,Sud-Kivu,2,FALSE,0.0429,0.0341,0.0534,0.0425,40,40,40,0.0439,2.3165,40,0.0772,NA,NA,NA,NA,NA,NA,0.3248,0.0545,42,0.1853,0.8803,0,0.2336,0,Bayes-M17-med
Pinga,Nord-Kivu,2,FALSE,0.0401,0.0318,0.0499,0.0397,41,41,41,0.0409,2.1603,41,0.0721,NA,NA,0.4069,15,NA,NA,0.57,0.0894,30,0.9595,0.7548,0,0.5656,0,Bayes-M17-med
Ruzizi,Sud-Kivu,2,FALSE,0.0387,0.0307,0.0481,0.0383,42,42,42,0.0394,2.0836,42,0.0696,NA,NA,NA,NA,NA,NA,0.5627,0.0852,32,0.3494,0.9093,0,0.9923,0,Bayes-M17-med
Birambizo,Nord-Kivu,2,FALSE,0.0381,0.0302,0.0474,0.0377,43,43,43,0.0388,2.0518,43,0.0686,NA,NA,0.3865,16,NA,NA,0.3625,0.054,43,0.4035,0.89,0,0.1564,0,Bayes-M17-med
Binza Ozone,Kinshasa,2,FALSE,0.0368,0.0294,0.0457,0.0365,44,44,44,0.0375,1.9819,44,0.0663,NA,NA,NA,NA,NA,NA,0.152,0.0219,78,0.0734,0.5232,0,0.0116,0,Bayes-M17-med
Limete,Kinshasa,2,FALSE,0.0361,0.0288,0.0449,0.0358,45,45,46,0.0368,1.9417,45,0.065,NA,NA,NA,NA,NA,NA,0.056,0.0079,165,0.0405,0.1371,0,0.0463,0,Bayes-M17-med
Fizi,Sud-Kivu,2,FALSE,0.0353,0.028,0.0439,0.035,46,45,46,0.0359,1.8988,46,0.0636,NA,NA,NA,NA,NA,NA,0.5637,0.0779,35,0.7432,0.9691,0,0.5425,0,Bayes-M17-med
Kalehe,Sud-Kivu,2,FALSE,0.0339,0.0269,0.0422,0.0336,47,47,47,0.0345,1.8219,47,0.061,NA,NA,NA,NA,NA,NA,0.3369,0.0447,45,0.3417,0.8649,0,0.1409,0,Bayes-M17-med
Bagira,Sud-Kivu,2,FALSE,0.0335,0.0266,0.0417,0.0332,48,48,48,0.0341,1.8017,48,0.0604,NA,NA,NA,NA,NA,NA,0.236,0.031,59,0.1004,0.6371,0,0.2066,0,Bayes-M17-med
Kokolo,Kinshasa,2,FALSE,0.0321,0.0256,0.0399,0.0318,49,49,49,0.0326,1.7226,49,0.0578,NA,NA,NA,NA,NA,NA,0.2172,0.0273,65,0.0772,0.7722,0,0.0193,0,Bayes-M17-med
Lingwala,Kinshasa,2,FALSE,0.0308,0.0246,0.0383,0.0305,50,50,50,0.0313,1.6519,50,0.0554,NA,NA,NA,NA,NA,NA,0.0323,0.0039,290,0.0232,0.0907,0,0.0154,0,Bayes-M17-med
Lemera,Sud-Kivu,2,FALSE,0.0299,0.0237,0.0372,0.0296,51,51,51,0.0304,1.6036,51,0.0538,NA,NA,NA,NA,NA,NA,0.5613,0.0657,39,0.3629,0.9015,0,0.9807,0,Bayes-M17-med
Nyantende,Sud-Kivu,2,FALSE,0.0294,0.0233,0.0366,0.0291,52,52,52,0.0299,1.5776,52,0.053,NA,NA,NA,NA,NA,NA,0.3219,0.0371,53,0.1486,0.8938,0,0.2452,0,Bayes-M17-med
Mubumbano,Sud-Kivu,2,FALSE,0.0293,0.0233,0.0365,0.029,53,53,54,0.0297,1.571,53,0.0528,NA,NA,NA,NA,NA,NA,0.3658,0.042,47,0.2683,0.9402,0,0.2548,0,Bayes-M17-med
Kinshasa,Kinshasa,2,FALSE,0.0288,0.023,0.0358,0.0285,54,53,54,0.0292,1.5444,54,0.0519,NA,NA,NA,NA,NA,NA,0.0203,0.0023,375,0.0135,0.0463,0,0.0212,0,Bayes-M17-med
Kalamu 1,Kinshasa,2,FALSE,0.0277,0.0221,0.0345,0.0275,55,55,55,0.0281,1.4844,55,0.0499,NA,NA,NA,NA,NA,NA,0.0309,0.0033,312,0.0193,0.0734,0,0.0309,0,Bayes-M17-med
Kasa Vubu,Kinshasa,2,FALSE,0.0275,0.022,0.0342,0.0273,56,56,56,0.0279,1.4739,56,0.0495,NA,NA,NA,NA,NA,NA,0.0444,0.0048,245,0.0309,0.1216,0,0.0251,0,Bayes-M17-med
Bondo,Bas-Uele,2,FALSE,0.0263,0.0208,0.0327,0.026,57,57,58,0.0266,1.4074,57,0.0473,NA,NA,NA,NA,NA,NA,0.6737,0.0693,37,0.9961,0.9981,0,0.7008,0,Bayes-M17-med
Lemba,Kinshasa,2,FALSE,0.0262,0.0209,0.0326,0.026,58,57,60,0.0266,1.4045,58,0.0472,NA,NA,NA,NA,NA,NA,0.1023,0.0105,126,0.0483,0.3069,0,0.0541,0,Bayes-M17-med
Mwana,Sud-Kivu,2,FALSE,0.0257,0.0203,0.032,0.0254,59,59,60,0.026,1.3755,59,0.0463,NA,NA,NA,NA,NA,NA,0.3731,0.0375,52,0.2896,0.9035,0,0.2992,0,Bayes-M17-med
Masina 1,Kinshasa,2,FALSE,0.0252,0.0201,0.0314,0.025,61,59,63,0.0255,1.3478,61,0.0454,NA,NA,NA,NA,NA,NA,0.0193,0.0019,392,0.0077,0.0077,0,0.0618,0,Bayes-M17-med
Bengamisa,Tshopo,2,FALSE,0.0252,0.0198,0.0318,0.0249,60,58,65,0.0256,1.3501,60,0.0454,NA,NA,NA,NA,NA,NA,0.3012,0.0297,60,0.612,0.2162,0,0.3764,0,Bayes-M17-med
Nyangezi,Sud-Kivu,2,FALSE,0.0251,0.0199,0.0312,0.0249,61,61,62,0.0254,1.3428,62,0.0452,NA,NA,NA,NA,NA,NA,0.36870000000000003,0.0362,54,0.222,0.8842,0,0.36870000000000003,0,Bayes-M17-med
Kaniola,Sud-Kivu,2,FALSE,0.0246,0.0195,0.0307,0.0244,63,62,64,0.025,1.3179,63,0.0444,NA,NA,NA,NA,NA,NA,0.4513,0.0435,46,0.5328,0.9305,0,0.3417,0,Bayes-M17-med
Kintambo,Kinshasa,2,FALSE,0.0245,0.0195,0.0305,0.0243,64,61,65,0.0248,1.3097,64,0.0441,NA,NA,NA,NA,NA,NA,0.0338,0.0032,316,0.0212,0.1004,0,0.0135,0,Bayes-M17-med
Nyemba,Tanganyika,2,FALSE,0.0241,0.0191,0.03,0.0239,65,64,65,0.0244,1.2881,65,0.0434,NA,NA,NA,NA,NA,NA,0.3456,0.0326,57,0.5965,0.4556,0,0.3301,0,Bayes-M17-med
Bunyakiri,Sud-Kivu,2,FALSE,0.0234,0.0185,0.0292,0.0232,66,66,66,0.0237,1.2525,66,0.0422,NA,NA,NA,NA,NA,NA,0.4517,0.0414,48,0.6197,0.832,0,0.3552,0,Bayes-M17-med
Isangi,Tshopo,2,FALSE,0.0223,0.0175,0.0281,0.022,67,67,70,0.0226,1.1937,67,0.0402,NA,NA,NA,NA,NA,NA,0.3837,0.0336,56,0.4054,0.4073,0,0.722,0,Bayes-M17-med
Masina 2,Kinshasa,2,FALSE,0.0217,0.0173,0.0271,0.0216,68,67,70,0.022,1.1618,68,0.0392,NA,NA,NA,NA,NA,NA,0.0265,0.0023,376,0.0174,0.0193,0,0.0695,0,Bayes-M17-med
Binza Meteo,Kinshasa,2,FALSE,0.0216,0.0172,0.0269,0.0214,69,68,71,0.0218,1.1525,69,0.0389,NA,NA,NA,NA,NA,NA,0.2558,0.0216,79,0.0965,0.8996,0,0.027,0,Bayes-M17-med
Lubutu,Maniema,2,FALSE,0.0214,0.0169,0.0267,0.0212,71,69,71,0.0216,1.1429,70,0.0385,NA,NA,NA,NA,NA,NA,0.4706,0.0394,49,0.8205,0.2819,0,0.7799,0,Bayes-M17-med
Yakusu,Tshopo,2,FALSE,0.0214,0.0166,0.0274,0.021,70,68,75,0.0216,1.1418,71,0.0385,NA,NA,NA,NA,NA,NA,0.319,0.0267,66,0.4208,0.2085,0,0.6467,0,Bayes-M17-med
Bandalungwa,Kinshasa,2,FALSE,0.0213,0.017,0.0266,0.0212,72,69,72,0.0216,1.1386,72,0.0384,NA,NA,NA,NA,NA,NA,0.0709,0.0059,211,0.0328,0.2336,0,0.0174,0,Bayes-M17-med
Shabunda,Sud-Kivu,2,FALSE,0.0207,0.0163,0.0257,0.0205,73,72,73,0.0209,1.1032,73,0.0372,NA,NA,NA,NA,NA,NA,0.5922,0.0479,44,0.8378,0.8726,0,0.6583,0,Bayes-M17-med
Mont Ngafula 1,Kinshasa,2,FALSE,0.0199,0.0159,0.0248,0.0197,74,73,75,0.0201,1.0627,74,0.0359,NA,NA,NA,NA,NA,NA,0.2066,0.0161,98,0.1371,0.6313,0,0.0579,0,Bayes-M17-med
Barumbu,Kinshasa,2,FALSE,0.0191,0.0152,0.0238,0.0189,75,74,76,0.0192,1.0165,75,0.0343,NA,NA,NA,NA,NA,NA,0.014,0.001,428,0.0097,0.0232,0,0.0232,0,Bayes-M17-med
Kasongo,Maniema,2,FALSE,0.0188,0.0149,0.0234,0.0186,76,75,78,0.019,1.0026,76,0.0339,NA,NA,NA,NA,NA,NA,0.5304,0.039,50,0.4459,0.7529,0,0.9228,0,Bayes-M17-med
Kikimi,Kinshasa,2,FALSE,0.0187,0.0149,0.0233,0.0186,77,76,78,0.0189,0.9983,77,0.0337,NA,NA,NA,NA,NA,NA,0.0835,0.0061,209,0.056,0.1911,0,0.0869,0,Bayes-M17-med
Matete,Kinshasa,2,FALSE,0.0182,0.0145,0.0227,0.0181,78,78,79,0.0184,0.9726,78,0.0329,NA,NA,NA,NA,NA,NA,0.0492,0.0035,306,0.0251,0.1158,0,0.056,0,Bayes-M17-med
Gemena,Sud-Ubangi,2,FALSE,0.018,0.0138,0.0229,0.0177,79,74,82,0.0181,0.958,79,0.0324,NA,NA,NA,NA,NA,NA,0.3277,0.0231,73,0.1776,0.2741,0,0.8591,0,Bayes-M17-med
Mont Ngafula 2,Kinshasa,2,FALSE,0.0178,0.0142,0.0222,0.0176,80,79,81,0.018,0.9499,80,0.0321,NA,NA,NA,NA,NA,NA,0.0951,0.0066,196,0.0849,0.2568,0,0.0386,0,Bayes-M17-med
Kindu,Maniema,2,FALSE,0.0176,0.0139,0.0219,0.0175,81,80,82,0.0178,0.939,81,0.0317,NA,NA,NA,NA,NA,NA,0.3181,0.0219,77,0.1351,0.2529,0,0.8842,0,Bayes-M17-med
Selembao,Kinshasa,2,FALSE,0.0174,0.0139,0.0217,0.0173,82,80,82,0.0176,0.9294,82,0.0314,NA,NA,NA,NA,NA,NA,0.0676,0.0046,251,0.0444,0.1815,0,0.0444,0,Bayes-M17-med
Nundu,Sud-Kivu,2,FALSE,0.0166,0.0131,0.0207,0.0164,83,83,83,0.0167,0.8836,83,0.0299,NA,NA,NA,NA,NA,NA,0.5927,0.0385,51,0.527,0.8494,0,0.9942,0,Bayes-M17-med
Kingabwa,Kinshasa,2,FALSE,0.016,0.0127,0.02,0.0159,84,84,84,0.0161,0.8525,84,0.0288,NA,NA,NA,NA,NA,NA,0.0478,0.003,323,0.0425,0.0965,0,0.0521,0,Bayes-M17-med
Ndjili,Kinshasa,2,FALSE,0.0156,0.0125,0.0195,0.0155,85,85,86,0.0158,0.8319,85,0.0281,NA,NA,NA,NA,NA,NA,0.0487,0.003,324,0.027,0.1042,0,0.0637,0,Bayes-M17-med
Kalonge,Sud-Kivu,2,FALSE,0.0153,0.0121,0.0191,0.0152,86,85,86,0.0154,0.8158,86,0.0276,NA,NA,NA,NA,NA,NA,0.404,0.0242,70,0.4961,0.8359,0,0.2838,0,Bayes-M17-med
Ngiri Ngiri,Kinshasa,2,FALSE,0.0144,0.0115,0.0179,0.0143,87,87,89,0.0145,0.7643,87,0.0259,NA,NA,NA,NA,NA,NA,0.028,0.0016,404,0.0154,0.0676,0,0.029,0,Bayes-M17-med
Kunda,Maniema,2,FALSE,0.014,0.0111,0.0175,0.0139,88,88,89,0.0141,0.7471,88,0.0253,NA,NA,NA,NA,NA,NA,0.4165,0.0229,75,0.4633,0.2799,0,0.9228,0,Bayes-M17-med
Yabaondo,Tshopo,2,FALSE,0.0139,0.0109,0.0175,0.0138,89,87,91,0.014,0.7418,89,0.0251,NA,NA,NA,NA,NA,NA,0.3523,0.0192,88,0.4363,0.305,0,0.668,0,Bayes-M17-med
Police,Kinshasa,2,FALSE,0.0138,0.011,0.0172,0.0137,90,88,92,0.0139,0.7323,90,0.0248,NA,NA,NA,NA,NA,NA,0.0478,0.0026,357,0.0463,0.0772,0,0.0676,0,Bayes-M17-med
Kalemie,Tanganyika,2,FALSE,0.0136,0.0108,0.017,0.0135,91,90,91,0.0137,0.7255,91,0.0246,NA,NA,NA,NA,NA,NA,0.3789,0.0202,83,0.6718,0.4575,0,0.3861,0,Bayes-M17-med
Ubundu,Tshopo,2,FALSE,0.0132,0.0103,0.0166,0.0131,92,91,93,0.0133,0.7026,92,0.0238,NA,NA,NA,NA,NA,NA,0.4744,0.0245,69,0.9054,0.4305,0,0.5618,0,Bayes-M17-med
Basoko,Tshopo,2,FALSE,0.0127,0.01,0.0159,0.0126,93,93,96,0.0128,0.6773,93,0.0229,NA,NA,NA,NA,NA,NA,0.3012,0.015,101,0.5077,0.3147,0,0.3822,0,Bayes-M17-med
Maluku 1,Kinshasa,2,FALSE,0.0126,0.01,0.0156,0.0124,95,92,97,0.0127,0.6684,95,0.0226,NA,NA,NA,NA,NA,NA,0.2321,0.0114,121,0.3475,0.4517,0,0.1293,0,Bayes-M17-med
Kaziba,Sud-Kivu,2,FALSE,0.0126,0.01,0.0157,0.0125,94,94,95,0.0127,0.6704,94,0.0227,NA,NA,NA,NA,NA,NA,0.3571,0.0176,94,0.2876,0.7838,0,0.3571,0,Bayes-M17-med
Kibua,Nord-Kivu,2,FALSE,0.0124,0.0099,0.0155,0.0123,96,95,96,0.0125,0.6618,96,0.0224,NA,NA,0.1247,17,NA,NA,0.5154,0.0251,68,0.7741,0.6602,0,0.6274,0,Bayes-M17-med
Saramabila,Maniema,2,FALSE,0.0119,0.0094,0.0149,0.0118,97,97,98,0.012,0.6349,97,0.0215,NA,NA,NA,NA,NA,NA,0.4768,0.0223,76,0.473,0.5502,0,0.8842,0,Bayes-M17-med
Lubumbashi,Haut-Katanga,2,FALSE,0.0117,0.0093,0.0146,0.0116,98,98,101,0.0118,0.6231,98,0.0211,NA,NA,NA,NA,NA,NA,0.1105,0.0051,234,0.1081,0.2104,0,0.1236,0,Bayes-M17-med
Kitutu,Sud-Kivu,2,FALSE,0.0117,0.0092,0.0145,0.0115,99,99,100,0.0117,0.6194,99,0.021,NA,NA,NA,NA,NA,NA,0.5024,0.0229,74,0.751,0.805,0,0.4537,0,Bayes-M17-med
Budjala,Sud-Ubangi,2,FALSE,0.0115,0.0088,0.0148,0.0114,101,92,114,0.0116,0.6137,100,0.0208,NA,NA,NA,NA,NA,NA,0.43,0.0194,86,0.5154,0.4035,0,0.8012,0,Bayes-M17-med
Yaleko,Tshopo,2,FALSE,0.0115,0.009,0.0144,0.0113,101,98,105,0.0115,0.6091,101,0.0206,NA,NA,NA,NA,NA,NA,0.402,0.018,90,0.639,0.2452,0,0.7239,0,Bayes-M17-med
Kingasani,Kinshasa,2,FALSE,0.0114,0.0091,0.0143,0.0114,102,99,105,0.0115,0.6081,102,0.0206,NA,NA,NA,NA,NA,NA,0.0294,0.0013,416,0.0058,0.0405,0,0.0714,0,Bayes-M17-med
Yambuku,Mongala,2,FALSE,0.0114,0.009,0.0142,0.0113,102,101,104,0.0114,0.6041,103,0.0205,NA,NA,NA,NA,NA,NA,0.4344,0.0193,87,0.5483,0.5753,0,0.6139,0,Bayes-M17-med
Lisala,Mongala,2,FALSE,0.0112,0.0089,0.014,0.0111,104,103,104,0.0113,0.5966,104,0.0202,NA,NA,NA,NA,NA,NA,0.4093,0.018,92,0.4286,0.4402,0,0.7683,0,Bayes-M17-med
Mwenga,Sud-Kivu,2,FALSE,0.0111,0.0088,0.0139,0.011,105,104,107,0.0112,0.5918,105,0.0201,NA,NA,NA,NA,NA,NA,0.319,0.0139,107,0.5,0.3552,0,0.4208,0,Bayes-M17-med
Kimbi Lulenge,Sud-Kivu,2,FALSE,0.0109,0.0086,0.0136,0.0108,107,106,109,0.011,0.5807,107,0.0197,NA,NA,NA,NA,NA,NA,0.5507,0.0236,72,0.8475,0.8687,0,0.4865,0,Bayes-M17-med
Kongolo,Tanganyika,2,FALSE,0.0109,0.0087,0.0136,0.0108,106,106,108,0.011,0.5813,106,0.0197,NA,NA,NA,NA,NA,NA,0.6829,0.0293,61,0.8861,0.9228,0,0.9228,0,Bayes-M17-med
Itebero,Nord-Kivu,2,FALSE,0.0108,0.0086,0.0135,0.0107,108,108,110,0.0109,0.5749,108,0.0195,NA,NA,0.1083,18,NA,NA,0.5574,0.0236,71,0.9112,0.722,0,0.5965,0,Bayes-M17-med
Titule,Bas-Uele,2,FALSE,0.0107,0.0084,0.0132,0.0106,110,101,117,0.0107,0.5657,110,0.0192,NA,NA,NA,NA,NA,NA,0.6839,0.0285,64,0.9865,0.8263,0,0.9228,0,Bayes-M17-med
Kalole,Sud-Kivu,2,FALSE,0.0107,0.0085,0.0134,0.0106,109,109,111,0.0108,0.5695,109,0.0193,NA,NA,NA,NA,NA,NA,0.6038,0.0253,67,0.89,0.7799,0,0.7452,0,Bayes-M17-med
Kabinda,Lomami,2,FALSE,0.0105,0.0083,0.0131,0.0104,112,111,114,0.0105,0.557,112,0.0189,NA,NA,NA,NA,NA,NA,0.4382,0.018,91,0.5097,0.5541,0,0.6892,0,Bayes-M17-med
Yamaluka,Mongala,2,FALSE,0.0105,0.0083,0.0131,0.0104,113,111,114,0.0105,0.5567,113,0.0189,NA,NA,NA,NA,NA,NA,0.1974,0.0081,162,0.2799,0.1448,0,0.3649,0,Bayes-M17-med
Mulungu,Sud-Kivu,2,FALSE,0.0105,0.0083,0.0131,0.0104,111,110,113,0.0106,0.5583,111,0.0189,NA,NA,NA,NA,NA,NA,0.5208,0.0214,80,0.861,0.5193,0,0.7027,0,Bayes-M17-med
Ango,Bas-Uele,2,FALSE,0.0104,0.0083,0.013,0.0103,113,110,116,0.0105,0.5544,114,0.0188,NA,NA,NA,NA,NA,NA,0.7095,0.029,62,1,0.8591,0,0.9788,0,Bayes-M17-med
Kamituga,Sud-Kivu,2,FALSE,0.0101,0.008,0.0126,0.01,115,115,115,0.0102,0.5376,115,0.0182,NA,NA,NA,NA,NA,NA,0.3596,0.0143,106,0.3938,0.6062,0,0.4382,0,Bayes-M17-med
Binga,Mongala,2,FALSE,0.01,0.0077,0.0128,0.0099,116,103,119,0.0101,0.5309,116,0.018,NA,NA,NA,NA,NA,NA,0.3306,0.0129,112,0.4749,0.249,0,0.5985,0,Bayes-M17-med
Mbaya,Sud-Ubangi,2,FALSE,0.0097,0.0074,0.0126,0.0096,117,101,121,0.0097,0.5149,117,0.0175,NA,NA,NA,NA,NA,NA,0.3142,0.0119,117,0.3514,0.2239,0,0.6815,0,Bayes-M17-med
Bonzola,Kasaï-Oriental,2,FALSE,0.0096,0.0076,0.0119,0.0095,119,116,120,0.0096,0.5076,119,0.0172,NA,NA,NA,NA,NA,NA,0.2958,0.0111,123,0.0927,0.7934,0,0.2973,0,Bayes-M17-med
Djolu,Tshuapa,2,FALSE,0.0096,0.0075,0.012,0.0095,118,117,120,0.0096,0.5077,118,0.0172,NA,NA,NA,NA,NA,NA,0.5256,0.0197,85,0.7104,0.5985,0,0.7934,0,Bayes-M17-med
Opienge,Tshopo,2,FALSE,0.0095,0.0074,0.012,0.0094,120,117,120,0.0096,0.5055,120,0.0172,NA,NA,NA,NA,NA,NA,0.4445,0.0166,97,0.9556,0.0135,0,0.8089,0,Bayes-M17-med
Mbulula,Tanganyika,2,FALSE,0.0088,0.007,0.011,0.0088,121,120,121,0.0089,0.4695,121,0.0159,NA,NA,NA,NA,NA,NA,0.5934,0.0206,82,0.6448,0.7761,0,0.9527,0,Bayes-M17-med
Yahuma,Tshopo,2,FALSE,0.0085,0.0066,0.0106,0.0084,122,122,129,0.0085,0.4485,122,0.0152,NA,NA,NA,NA,NA,NA,0.4402,0.0146,105,0.8649,0.332,0,0.5637,0,Bayes-M17-med
Kananga,Kasaï-Central,2,FALSE,0.0084,0.0066,0.0104,0.0083,124,123,125,0.0084,0.4435,124,0.0151,NA,NA,NA,NA,NA,NA,0.2963,0.0097,133,0.1429,0.5579,0,0.4846,0,Bayes-M17-med
Kampene,Maniema,2,FALSE,0.0084,0.0066,0.0105,0.0083,123,122,124,0.0084,0.4462,123,0.0152,NA,NA,NA,NA,NA,NA,0.3962,0.013,111,0.5251,0.1757,0,0.8842,0,Bayes-M17-med
Mumbunda,Haut-Katanga,2,FALSE,0.0083,0.0066,0.0103,0.0082,127,123,128,0.0083,0.4398,127,0.0149,NA,NA,NA,NA,NA,NA,0.1853,0.006,210,0.1197,0.5077,0,0.1139,0,Bayes-M17-med
Kalima,Maniema,2,FALSE,0.0083,0.0066,0.0104,0.0082,126,125,127,0.0083,0.4409,126,0.015,NA,NA,NA,NA,NA,NA,0.3094,0.0101,129,0.4595,0.3205,0,0.4575,0,Bayes-M17-med
Lodja,Sankuru,2,FALSE,0.0083,0.0066,0.0104,0.0083,125,125,127,0.0084,0.4418,125,0.015,NA,NA,NA,NA,NA,NA,0.4626,0.0151,100,0.2625,0.6351,0,0.9527,0,Bayes-M17-med
Manika,Lualaba,2,FALSE,0.0082,0.0065,0.0103,0.0082,128,125,129,0.0083,0.4374,128,0.0149,NA,NA,NA,NA,NA,NA,0.1149,0.0037,298,0.0946,0.222,0,0.1429,0,Bayes-M17-med
Makala,Kinshasa,2,FALSE,0.0081,0.0065,0.0101,0.008,130,123,132,0.0082,0.4306,130,0.0146,NA,NA,NA,NA,NA,NA,0.0246,8e-4,439,0.0116,0.0386,0,0.0483,0,Bayes-M17-med
Kabalo,Tanganyika,2,FALSE,0.0081,0.0064,0.0101,0.0081,129,129,131,0.0082,0.4314,129,0.0146,NA,NA,NA,NA,NA,NA,0.624,0.0199,84,0.9035,0.7568,0,0.8359,0,Bayes-M17-med
Aketi,Bas-Uele,2,FALSE,0.008,0.0063,0.01,0.0079,131,127,137,0.008,0.4234,131,0.0144,NA,NA,NA,NA,NA,NA,0.6762,0.0211,81,0.9903,0.9363,0,0.778,0,Bayes-M17-med
Bumba,Mongala,2,FALSE,0.0079,0.0062,0.0099,0.0078,133,131,133,0.0079,0.4195,133,0.0142,NA,NA,NA,NA,NA,NA,0.2384,0.0074,178,0.1409,0.4537,0,0.3591,0,Bayes-M17-med
Moba,Tanganyika,2,FALSE,0.0079,0.0062,0.0099,0.0078,132,131,133,0.0079,0.4198,132,0.0143,NA,NA,NA,NA,NA,NA,0.3808,0.0118,119,0.6178,0.4942,0,0.4112,0,Bayes-M17-med
Kasansa,Kasaï-Oriental,2,FALSE,0.0078,0.0062,0.0097,0.0077,134,132,134,0.0078,0.4144,134,0.0141,NA,NA,NA,NA,NA,NA,0.3349,0.0102,128,0.2568,0.6699,0,0.4131,0,Bayes-M17-med
Punia,Maniema,2,FALSE,0.0077,0.0061,0.0097,0.0076,136,134,136,0.0078,0.4096,136,0.0139,NA,NA,NA,NA,NA,NA,0.3731,0.0113,122,0.7625,0.1969,0,0.5328,0,Bayes-M17-med
Haut Plateau,Sud-Kivu,2,FALSE,0.0077,0.0061,0.0097,0.0077,135,134,136,0.0078,0.4101,135,0.0139,NA,NA,NA,NA,NA,NA,0.5246,0.0159,99,0.5714,0.5444,0,0.9826,0,Bayes-M17-med
Manono,Tanganyika,2,FALSE,0.0076,0.006,0.0094,0.0075,137,136,138,0.0076,0.4012,137,0.0136,NA,NA,NA,NA,NA,NA,0.5758,0.0171,96,0.8784,0.9537,0,0.471,0,Bayes-M17-med
Doruma,Haut-Uele,2,FALSE,0.0075,0.0059,0.0095,0.0074,138,136,142,0.0075,0.3986,138,0.0135,NA,NA,NA,NA,0.0377,7,0.6216,0.0183,89,0.973,0.5135,0,1,0,Bayes-M17-med
Nyunzu,Tanganyika,2,FALSE,0.0074,0.0059,0.0092,0.0074,139,139,139,0.0074,0.3934,139,0.0134,NA,NA,NA,NA,NA,NA,0.6023,0.0175,95,0.9653,0.834,0,0.61,0,Bayes-M17-med
Kalamu 2,Kinshasa,2,FALSE,0.0073,0.0059,0.0092,0.0073,140,136,144,0.0074,0.3892,140,0.0132,NA,NA,NA,NA,NA,NA,0.015,4e-4,447,0.0039,0.0154,0,0.0405,0,Bayes-M17-med
Lulingu,Sud-Kivu,2,FALSE,0.0073,0.0058,0.0091,0.0073,141,140,141,0.0074,0.3887,141,0.0132,NA,NA,NA,NA,NA,NA,0.6158,0.0177,93,0.9093,0.8108,0,0.7432,0,Bayes-M17-med
Nzaba,Kasaï-Oriental,2,FALSE,0.0072,0.0057,0.009,0.0072,142,141,142,0.0073,0.3842,142,0.0131,NA,NA,NA,NA,NA,NA,0.278,0.0079,167,0.1042,0.6931,0,0.3147,0,Bayes-M17-med
Lusangi,Maniema,2,FALSE,0.0072,0.0057,0.0089,0.0071,144,143,144,0.0072,0.3801,144,0.0129,NA,NA,NA,NA,NA,NA,0.4223,0.0119,118,0.5656,0.2645,0,0.8591,0,Bayes-M17-med
Minembwe,Sud-Kivu,2,FALSE,0.0072,0.0057,0.009,0.0071,143,142,143,0.0072,0.3805,143,0.0129,NA,NA,NA,NA,NA,NA,0.5198,0.0146,103,0.7181,0.8089,0,0.5521,0,Bayes-M17-med
Kabongo,Haut-Lomami,2,FALSE,0.007,0.0055,0.0087,0.0069,145,145,146,0.007,0.3702,145,0.0126,NA,NA,NA,NA,NA,NA,0.5372,0.0147,102,0.8108,0.778,0,0.5598,0,Bayes-M17-med
Mulumba,Lomami,2,FALSE,0.0069,0.0054,0.0086,0.0068,147,146,148,0.0069,0.3642,147,0.0124,NA,NA,NA,NA,NA,NA,0.2587,0.007,190,0.1834,0.3108,0,0.5405,0,Bayes-M17-med
Lolo,Mongala,2,FALSE,0.0069,0.0055,0.0087,0.0069,146,145,148,0.007,0.368,146,0.0125,NA,NA,NA,NA,NA,NA,0.3161,0.0086,151,0.4073,0.3263,0,0.5309,0,Bayes-M17-med
Kisenso,Kinshasa,2,FALSE,0.0068,0.0054,0.0085,0.0068,148,146,149,0.0069,0.3622,148,0.0123,NA,NA,NA,NA,NA,NA,0.0589,0.0016,403,0.0367,0.139,0,0.0598,0,Bayes-M17-med
Tshilenge,Kasaï-Oriental,2,FALSE,0.0067,0.0053,0.0083,0.0066,151,151,151,0.0067,0.3544,151,0.012,NA,NA,NA,NA,NA,NA,0.2799,0.0073,181,0.1892,0.668,0,0.2625,0,Bayes-M17-med
Luputa,Lomami,2,FALSE,0.0067,0.0053,0.0084,0.0067,149,148,149,0.0068,0.3577,149,0.0122,NA,NA,NA,NA,NA,NA,0.3431,0.0091,142,0.3301,0.3166,0,0.7259,0,Bayes-M17-med
Samba,Maniema,2,FALSE,0.0067,0.0053,0.0084,0.0067,150,150,150,0.0067,0.3564,150,0.0121,NA,NA,NA,NA,NA,NA,0.5179,0.0136,108,0.7529,0.4344,0,0.8842,0,Bayes-M17-med
Kamina,Haut-Lomami,2,FALSE,0.0066,0.0052,0.0083,0.0065,153,153,155,0.0066,0.3502,153,0.0119,NA,NA,NA,NA,NA,NA,0.5164,0.0134,109,0.8301,0.8301,0,0.4054,0,Bayes-M17-med
Mweneditu,Lomami,2,FALSE,0.0066,0.0053,0.0083,0.0066,152,152,153,0.0067,0.3519,152,0.012,NA,NA,NA,NA,NA,NA,0.2799,0.0073,183,0.166,0.3842,0,0.5695,0,Bayes-M17-med
Opala,Tshopo,2,FALSE,0.0065,0.0051,0.0081,0.0064,155,154,156,0.0065,0.3432,155,0.0117,NA,NA,NA,NA,NA,NA,0.4269,0.0108,124,0.7819,0.0792,0,0.8465,0,Bayes-M17-med
Yahisuli,Tshopo,2,FALSE,0.0065,0.0051,0.0082,0.0064,154,152,157,0.0065,0.3445,154,0.0117,NA,NA,NA,NA,NA,NA,0.3521,0.009,146,0.3842,0.0714,0,0.9527,0,Bayes-M17-med
Idiofa,Kwilu,2,FALSE,0.0064,0.005,0.0079,0.0063,156,155,157,0.0064,0.3368,156,0.0114,NA,NA,NA,NA,NA,NA,0.486,0.0121,116,0.4537,0.749,0,0.7413,0,Bayes-M17-med
Kailo,Maniema,2,FALSE,0.0063,0.005,0.0079,0.0063,158,155,158,0.0064,0.3358,158,0.0114,NA,NA,NA,NA,NA,NA,0.4276,0.0106,125,0.832,0.0946,0,0.7838,0,Bayes-M17-med
Boende,Tshuapa,2,FALSE,0.0063,0.005,0.0079,0.0063,157,156,158,0.0064,0.3362,157,0.0114,NA,NA,NA,NA,NA,NA,0.4199,0.0104,127,0.6988,0.4807,0,0.5,0,Bayes-M17-med
Kabeya Kamwanga,Kasaï-Oriental,2,FALSE,0.0059,0.0047,0.0074,0.0059,159,159,160,0.006,0.3147,159,0.0107,NA,NA,NA,NA,NA,NA,0.2968,0.0069,191,0.3224,0.3919,0,0.473,0,Bayes-M17-med
Biyela,Kinshasa,2,FALSE,0.0059,0.0047,0.0074,0.0059,160,159,162,0.0059,0.314,160,0.0107,NA,NA,NA,NA,NA,NA,0.1076,0.0025,363,0.0637,0.2838,0,0.083,0,Bayes-M17-med
Mbandaka,Equateur,2,FALSE,0.0058,0.0046,0.0073,0.0058,162,161,164,0.0058,0.3081,162,0.0105,NA,NA,NA,NA,NA,NA,0.5164,0.0118,120,0.6409,0.9633,0,0.4614,0,Bayes-M17-med
Kipushi,Haut-Katanga,2,FALSE,0.0058,0.0046,0.0072,0.0057,164,162,166,0.0058,0.3049,164,0.0104,NA,NA,NA,NA,NA,NA,0.1216,0.0027,343,0.2703,0.1081,0,0.1081,0,Bayes-M17-med
Tshikapa,Kasaï,2,FALSE,0.0058,0.0046,0.0072,0.0057,163,161,164,0.0058,0.3067,163,0.0104,NA,NA,NA,NA,NA,NA,0.3156,0.0072,186,0.2722,0.6506,0,0.3398,0,Bayes-M17-med
Karawa,Nord-Ubangi,2,FALSE,0.0058,0.0046,0.0073,0.0058,161,159,167,0.0058,0.3082,161,0.0105,NA,NA,NA,NA,NA,NA,0.6404,0.0146,104,0.7568,0.973,0,0.832,0,Bayes-M17-med
Malemba Nkulu,Haut-Lomami,2,FALSE,0.0057,0.0045,0.0071,0.0057,166,165,167,0.0057,0.3027,166,0.0103,NA,NA,NA,NA,NA,NA,0.3895,0.0087,150,0.36870000000000003,0.7664,0,0.4228,0,Bayes-M17-med
Kamwesha,Kasaï,2,FALSE,0.0057,0.0045,0.0072,0.0057,165,163,165,0.0058,0.3041,165,0.0103,NA,NA,NA,NA,NA,NA,0.2732,0.0061,207,0.3456,0.2876,0,0.4595,0,Bayes-M17-med
Kitenge,Haut-Lomami,2,FALSE,0.0056,0.0044,0.007,0.0055,169,169,170,0.0056,0.2962,169,0.0101,NA,NA,NA,NA,NA,NA,0.5729,0.0125,113,0.8668,0.8069,0,0.6178,0,Bayes-M17-med
Demba,Kasaï-Central,2,FALSE,0.0056,0.0044,0.007,0.0056,168,167,169,0.0056,0.2974,168,0.0101,NA,NA,NA,NA,NA,NA,0.4117,0.009,143,0.4653,0.7143,0,0.4672,0,Bayes-M17-med
Kimbanseke,Kinshasa,2,FALSE,0.0056,0.0045,0.007,0.0056,167,164,170,0.0057,0.2986,167,0.0102,NA,NA,NA,NA,NA,NA,0.0526,0.0012,425,0.0521,0.0849,0,0.0734,0,Bayes-M17-med
Lingomo,Tshuapa,2,FALSE,0.0056,0.0044,0.007,0.0055,170,167,171,0.0056,0.2941,170,0.01,NA,NA,NA,NA,NA,NA,0.5627,0.0122,115,0.8263,0.5869,0,0.8378,0,Bayes-M17-med
Tshamilemba,Haut-Katanga,2,FALSE,0.0055,0.0044,0.0069,0.0055,171,168,172,0.0056,0.2936,171,0.01,NA,NA,NA,NA,NA,NA,0.0772,0.0017,401,0.0656,0.1255,0,0.1178,0,Bayes-M17-med
Tandala,Sud-Ubangi,2,FALSE,0.0055,0.0043,0.0069,0.0054,172,167,174,0.0055,0.2891,172,0.0098,NA,NA,NA,NA,NA,NA,0.4078,0.0087,149,0.2741,0.527,0,0.8301,0,Bayes-M17-med
Kaniama,Haut-Lomami,2,FALSE,0.0054,0.0043,0.0067,0.0053,174,173,175,0.0054,0.2857,174,0.0097,NA,NA,NA,NA,NA,NA,0.582,0.0123,114,0.8533,0.6622,0,0.8127,0,Bayes-M17-med
Lubao,Lomami,2,FALSE,0.0054,0.0043,0.0068,0.0054,173,172,174,0.0054,0.2868,173,0.0098,NA,NA,NA,NA,NA,NA,0.3982,0.0084,153,0.6486,0.1525,0,0.7915,0,Bayes-M17-med
Mikalayi,Kasaï-Central,2,FALSE,0.0053,0.0042,0.0066,0.0052,176,175,176,0.0053,0.2799,176,0.0095,NA,NA,NA,NA,NA,NA,0.3948,0.0082,160,0.4517,0.5811,0,0.5463,0,Bayes-M17-med
Bwamanda,Sud-Ubangi,2,FALSE,0.0053,0.0042,0.0067,0.0053,175,173,176,0.0053,0.2819,175,0.0096,NA,NA,NA,NA,NA,NA,0.4667,0.0097,132,0.4189,0.7394,0,0.7085,0,Bayes-M17-med
Diulu,Kasaï-Oriental,2,FALSE,0.0051,0.004,0.0063,0.005,179,178,181,0.0051,0.2695,179,0.0092,NA,NA,NA,NA,NA,NA,0.2611,0.0052,230,0.0676,0.6448,0,0.332,0,Bayes-M17-med
Lukelenge,Kasaï-Oriental,2,FALSE,0.0051,0.004,0.0064,0.0051,177,177,179,0.0051,0.2708,177,0.0092,NA,NA,NA,NA,NA,NA,0.2249,0.0045,259,0.0811,0.5,0,0.3185,0,Bayes-M17-med
Ikela,Tshuapa,2,FALSE,0.0051,0.004,0.0064,0.005,178,177,180,0.0051,0.2703,178,0.0092,NA,NA,NA,NA,NA,NA,0.4633,0.0093,138,0.8147,0.1795,0,0.8591,0,Bayes-M17-med
Mondombe,Tshuapa,2,FALSE,0.0051,0.004,0.0063,0.005,180,178,183,0.0051,0.2682,180,0.0091,NA,NA,NA,NA,NA,NA,0.4797,0.0095,136,0.6622,0.3726,0,0.8842,0,Bayes-M17-med
Maluku 2,Kinshasa,2,FALSE,0.005,0.004,0.0063,0.005,182,179,186,0.005,0.2656,181,0.009,NA,NA,NA,NA,NA,NA,0.4184,0.0082,158,0.6834,0.5463,0,0.444,0,Bayes-M17-med
Lusanga,Kwilu,2,FALSE,0.005,0.0039,0.0062,0.005,183,182,184,0.005,0.2647,183,0.009,NA,NA,NA,NA,NA,NA,0.4242,0.0083,156,0.4382,0.7297,0,0.529,0,Bayes-M17-med
Ngandajika,Lomami,2,FALSE,0.005,0.0039,0.0062,0.005,183,182,184,0.005,0.2646,184,0.009,NA,NA,NA,NA,NA,NA,0.3465,0.0068,192,0.2124,0.4459,0,0.7278,0,Bayes-M17-med
Yamongili,Mongala,2,FALSE,0.005,0.0039,0.0063,0.005,181,181,185,0.005,0.2655,182,0.009,NA,NA,NA,NA,NA,NA,0.3243,0.0064,206,0.5116,0.3668,0,0.4189,0,Bayes-M17-med
Luebo,Kasaï,2,FALSE,0.0049,0.0039,0.0062,0.0049,185,185,186,0.005,0.262,185,0.0089,NA,NA,NA,NA,NA,NA,0.4353,0.0084,154,0.5232,0.5116,0,0.7066,0,Bayes-M17-med
Cilundu,Kasaï-Oriental,2,FALSE,0.0049,0.0039,0.0061,0.0048,187,187,188,0.0049,0.2589,187,0.0088,NA,NA,NA,NA,NA,NA,0.221,0.0042,270,0.2317,0.3089,0,0.3436,0,Bayes-M17-med
Kabambare,Maniema,2,FALSE,0.0049,0.0039,0.0061,0.0049,186,185,187,0.0049,0.2608,186,0.0089,NA,NA,NA,NA,NA,NA,0.3953,0.0076,172,0.8359,0.112,0,0.6332,0,Bayes-M17-med
Mweka,Kasaï,2,FALSE,0.0048,0.0038,0.006,0.0048,188,188,189,0.0048,0.2561,188,0.0087,NA,NA,NA,NA,NA,NA,0.5053,0.0096,135,0.4788,0.7239,0,0.8185,0,Bayes-M17-med
Ndage,Sud-Ubangi,2,FALSE,0.0048,0.0037,0.0061,0.0047,189,177,199,0.0048,0.2542,189,0.0086,NA,NA,NA,NA,NA,NA,0.3533,0.0066,195,0.3996,0.2761,0,0.7375,0,Bayes-M17-med
Likati,Bas-Uele,2,FALSE,0.0047,0.0037,0.0059,0.0047,190,188,197,0.0047,0.2508,190,0.0085,NA,NA,NA,NA,NA,NA,0.7124,0.0132,110,0.9942,0.971,0,0.8842,0,Bayes-M17-med
Bena Leka,Kasaï-Central,2,FALSE,0.0047,0.0037,0.0058,0.0046,192,191,193,0.0047,0.2481,192,0.0084,NA,NA,NA,NA,NA,NA,0.4986,0.0091,140,0.6062,0.7162,0,0.6718,0,Bayes-M17-med
Luiza,Kasaï-Central,2,FALSE,0.0047,0.0037,0.0059,0.0047,191,190,192,0.0047,0.2499,191,0.0085,NA,NA,NA,NA,NA,NA,0.4218,0.0078,168,0.4807,0.6293,0,0.5772,0,Bayes-M17-med
Masuika,Kasaï-Central,2,FALSE,0.0046,0.0036,0.0058,0.0046,197,195,197,0.0046,0.2445,197,0.0083,NA,NA,NA,NA,NA,NA,0.3885,0.007,187,0.3263,0.5618,0,0.666,0,Bayes-M17-med
Bibanga,Kasaï-Oriental,2,FALSE,0.0046,0.0037,0.0058,0.0046,196,194,196,0.0046,0.2448,196,0.0083,NA,NA,NA,NA,NA,NA,0.2978,0.0054,221,0.3127,0.4884,0,0.39,0,Bayes-M17-med
Bumbu,Kinshasa,2,FALSE,0.0046,0.0037,0.0058,0.0046,195,190,202,0.0046,0.2454,195,0.0083,NA,NA,NA,NA,NA,NA,0.0164,3e-4,448,0.0019,0.029,0,0.0347,0,Bayes-M17-med
Vanga,Kwilu,2,FALSE,0.0046,0.0037,0.0058,0.0046,193,192,194,0.0047,0.2459,193,0.0084,NA,NA,NA,NA,NA,NA,0.5034,0.0092,139,0.3726,0.8205,0,0.8205,0,Bayes-M17-med
Bulungu,Kwilu,2,FALSE,0.0046,0.0037,0.0058,0.0046,194,193,195,0.0047,0.2457,194,0.0084,NA,NA,NA,NA,NA,NA,0.4508,0.0082,159,0.3571,0.6795,0,0.7664,0,Bayes-M17-med
Kansimba,Tanganyika,2,FALSE,0.0046,0.0036,0.0057,0.0045,198,197,198,0.0046,0.2429,198,0.0083,NA,NA,NA,NA,NA,NA,0.5497,0.0099,130,0.9479,0.7741,0,0.4768,0,Bayes-M17-med
Citenge,Kasaï-Oriental,2,FALSE,0.0045,0.0036,0.0056,0.0045,202,200,202,0.0045,0.2385,202,0.0081,NA,NA,NA,NA,NA,NA,0.2321,0.0041,277,0.1583,0.4749,0,0.2954,0,Bayes-M17-med
Fungurume,Lualaba,2,FALSE,0.0045,0.0036,0.0057,0.0045,199,198,201,0.0045,0.2399,199,0.0082,NA,NA,NA,NA,NA,NA,0.1564,0.0028,339,0.2664,0.1622,0,0.1969,0,Bayes-M17-med
Lomela,Sankuru,2,FALSE,0.0045,0.0035,0.0057,0.0045,200,196,207,0.0045,0.2394,200,0.0081,NA,NA,NA,NA,NA,NA,0.4759,0.0084,155,0.8456,0.1351,0,0.9228,0,Bayes-M17-med
Itombwe,Sud-Kivu,2,FALSE,0.0045,0.0035,0.0056,0.0044,203,201,203,0.0045,0.237,203,0.0081,NA,NA,NA,NA,NA,NA,0.5121,0.009,145,0.8571,0.6737,0,0.5174,0,Bayes-M17-med
Bokungu,Tshuapa,2,FALSE,0.0045,0.0035,0.0056,0.0045,201,199,203,0.0045,0.2387,201,0.0081,NA,NA,NA,NA,NA,NA,0.49370000000000003,0.0087,148,0.695,0.3571,0,0.9228,0,Bayes-M17-med
Bukama,Haut-Lomami,2,FALSE,0.0044,0.0034,0.0055,0.0043,208,208,209,0.0044,0.2312,208,0.0079,NA,NA,NA,NA,NA,NA,0.4764,0.0081,161,0.7143,0.7625,0,0.4286,0,Bayes-M17-med
Kenge,Kwango,2,FALSE,0.0044,0.0035,0.0055,0.0044,205,204,206,0.0044,0.2344,205,0.008,NA,NA,NA,NA,NA,NA,0.5574,0.0097,134,0.6139,0.8127,0,0.8031,0,Bayes-M17-med
Tshofa,Lomami,2,FALSE,0.0044,0.0035,0.0055,0.0044,207,207,207,0.0044,0.2327,207,0.0079,NA,NA,NA,NA,NA,NA,0.4416,0.0076,175,0.6757,0.3514,0,0.7394,0,Bayes-M17-med
Kanda Kanda,Lomami,2,FALSE,0.0044,0.0035,0.0056,0.0044,204,202,204,0.0045,0.2355,204,0.008,NA,NA,NA,NA,NA,NA,0.3012,0.0052,224,0.3185,0.1737,0,0.7124,0,Bayes-M17-med
Kibombo,Maniema,2,FALSE,0.0044,0.0035,0.0055,0.0044,206,205,206,0.0044,0.2338,206,0.008,NA,NA,NA,NA,NA,NA,0.4614,0.008,164,0.7452,0.1776,0,0.9228,0,Bayes-M17-med
Kalenda,Lomami,2,FALSE,0.0043,0.0034,0.0054,0.0043,209,209,210,0.0043,0.2288,209,0.0078,NA,NA,NA,NA,NA,NA,0.2886,0.0049,239,0.388,0.1873,0,0.5792,0,Bayes-M17-med
Katako Kombe,Sankuru,2,FALSE,0.0043,0.0034,0.0054,0.0042,210,210,211,0.0043,0.2269,210,0.0077,NA,NA,NA,NA,NA,NA,0.4703,0.0079,166,0.7857,0.1313,0,0.9643,0,Bayes-M17-med
Ngaba,Kinshasa,2,FALSE,0.0042,0.0034,0.0053,0.0042,212,207,215,0.0042,0.2243,212,0.0076,NA,NA,NA,NA,NA,NA,0.014,2e-4,450,0,0.0058,0,0.0502,0,Bayes-M17-med
Kikwit Nord,Kwilu,2,FALSE,0.0042,0.0034,0.0053,0.0042,212,211,212,0.0042,0.2244,211,0.0076,NA,NA,NA,NA,NA,NA,0.2915,0.0048,241,0.1236,0.5405,0,0.5019,0,Bayes-M17-med
Yalimbongo,Tshopo,2,FALSE,0.0042,0.0033,0.0052,0.0041,213,211,214,0.0042,0.2216,213,0.0075,NA,NA,NA,NA,NA,NA,0.3214,0.0053,223,0.5772,0.0483,0,0.6602,0,Bayes-M17-med
Miabi,Kasaï-Oriental,2,FALSE,0.0041,0.0032,0.0051,0.004,219,217,219,0.0041,0.2151,219,0.0073,NA,NA,NA,NA,NA,NA,0.2838,0.0045,257,0.2297,0.6525,0,0.2529,0,Bayes-M17-med
Ludimbi Lukula,Lomami,2,FALSE,0.0041,0.0032,0.0051,0.004,215,215,217,0.0041,0.216,215,0.0074,NA,NA,NA,NA,NA,NA,0.4513,0.0072,185,0.6931,0.3475,0,0.7645,0,Bayes-M17-med
Dilala,Lualaba,2,FALSE,0.0041,0.0032,0.0051,0.004,217,216,219,0.0041,0.2154,217,0.0073,NA,NA,NA,NA,NA,NA,0.1347,0.0021,382,0.1506,0.2548,0,0.1332,0,Bayes-M17-med
Obokote,Maniema,2,FALSE,0.0041,0.0032,0.0051,0.004,216,216,218,0.0041,0.2158,216,0.0073,NA,NA,NA,NA,NA,NA,0.3209,0.0051,232,0.7239,0.0328,0,0.527,0,Bayes-M17-med
Vanga Kete,Sankuru,2,FALSE,0.0041,0.0033,0.0051,0.0041,214,213,214,0.0041,0.2181,214,0.0074,NA,NA,NA,NA,NA,NA,0.4503,0.0073,184,0.4672,0.4112,0,0.9228,0,Bayes-M17-med
Bogosenubea,Sud-Ubangi,2,FALSE,0.0041,0.0032,0.0051,0.004,220,213,223,0.0041,0.2144,220,0.0073,NA,NA,NA,NA,NA,NA,0.4107,0.0065,200,0.4981,0.3031,0,0.8417,0,Bayes-M17-med
Yalifafu,Tshuapa,2,FALSE,0.0041,0.0032,0.0051,0.004,218,214,221,0.0041,0.2151,218,0.0073,NA,NA,NA,NA,NA,NA,0.4797,0.0076,171,0.7664,0.2683,0,0.8842,0,Bayes-M17-med
Kalonda Ouest,Kasaï,2,FALSE,0.004,0.0032,0.005,0.004,222,221,222,0.004,0.2132,222,0.0073,NA,NA,NA,NA,NA,NA,0.2239,0.0035,305,0.2915,0.251,0,0.3533,0,Bayes-M17-med
Gungu,Kwilu,2,FALSE,0.004,0.0031,0.005,0.0039,223,222,223,0.004,0.2107,223,0.0072,NA,NA,NA,NA,NA,NA,0.4237,0.0066,197,0.5058,0.6969,0,0.4923,0,Bayes-M17-med
Mukedi,Kwilu,2,FALSE,0.004,0.0032,0.0051,0.004,221,219,221,0.0041,0.2141,221,0.0073,NA,NA,NA,NA,NA,NA,0.4836,0.0077,170,0.5367,0.7066,0,0.6911,0,Bayes-M17-med
Mulongo,Haut-Lomami,2,FALSE,0.0039,0.0031,0.0049,0.0039,224,224,224,0.0039,0.2081,224,0.0071,NA,NA,NA,NA,NA,NA,0.4773,0.0073,180,0.7471,0.7703,0,0.3919,0,Bayes-M17-med
Bipemba,Kasaï-Oriental,2,FALSE,0.0039,0.003,0.0048,0.0038,228,227,229,0.0039,0.2043,228,0.007,NA,NA,NA,NA,NA,NA,0.1544,0.0023,372,0.0618,0.2201,0,0.3359,0,Bayes-M17-med
Lubilanji,Kasaï-Oriental,2,FALSE,0.0039,0.0031,0.0049,0.0039,226,225,227,0.0039,0.2062,226,0.007,NA,NA,NA,NA,NA,NA,0.1694,0.0026,354,0.0347,0.3398,0,0.3031,0,Bayes-M17-med
Muya,Kasaï-Oriental,2,FALSE,0.0039,0.0031,0.0049,0.0039,225,225,226,0.0039,0.2071,225,0.007,NA,NA,NA,NA,NA,NA,0.2495,0.0038,293,0.0753,0.5888,0,0.334,0,Bayes-M17-med
Pimu,Mongala,2,FALSE,0.0039,0.0031,0.0049,0.0038,227,226,229,0.0039,0.2056,227,0.007,NA,NA,NA,NA,NA,NA,0.4257,0.0065,202,0.583,0.3707,0,0.749,0,Bayes-M17-med
Dibindi,Kasaï-Oriental,2,FALSE,0.0038,0.003,0.0047,0.0037,236,235,236,0.0038,0.1999,236,0.0068,NA,NA,NA,NA,NA,NA,0.1617,0.0024,370,0.0386,0.2954,0,0.3127,0,Bayes-M17-med
Mpokolo,Kasaï-Oriental,2,FALSE,0.0038,0.003,0.0047,0.0038,234,234,235,0.0038,0.2008,234,0.0068,NA,NA,NA,NA,NA,NA,0.2901,0.0043,269,0.1255,0.6873,0,0.3475,0,Bayes-M17-med
Tshishimbi,Kasaï-Oriental,2,FALSE,0.0038,0.003,0.0048,0.0038,229,228,231,0.0039,0.2035,229,0.0069,NA,NA,NA,NA,NA,NA,0.1742,0.0026,348,0.1795,0.2471,0,0.2703,0,Bayes-M17-med
Koshibanda,Kwilu,2,FALSE,0.0038,0.003,0.0048,0.0038,232,232,233,0.0038,0.2022,232,0.0069,NA,NA,NA,NA,NA,NA,0.4913,0.0073,179,0.5193,0.6757,0,0.7703,0,Bayes-M17-med
Kalambayi Kabanga,Lomami,2,FALSE,0.0038,0.003,0.0048,0.0038,230,229,231,0.0038,0.2029,230,0.0069,NA,NA,NA,NA,NA,NA,0.3132,0.0047,248,0.4556,0.1602,0,0.6371,0,Bayes-M17-med
Yakoma,Nord-Ubangi,2,FALSE,0.0038,0.003,0.0047,0.0038,235,233,238,0.0038,0.2005,235,0.0068,NA,NA,NA,NA,NA,NA,0.6641,0.0099,131,0.7124,0.9479,0,0.9961,0,Bayes-M17-med
Omendjadi,Sankuru,2,FALSE,0.0038,0.003,0.0048,0.0038,231,230,231,0.0038,0.2027,231,0.0069,NA,NA,NA,NA,NA,NA,0.4262,0.0064,204,0.5502,0.2317,0,0.9228,0,Bayes-M17-med
Ankoro,Tanganyika,2,FALSE,0.0038,0.003,0.0048,0.0038,233,233,234,0.0038,0.2019,233,0.0069,NA,NA,NA,NA,NA,NA,0.6047,0.009,144,0.9266,0.8282,0,0.6641,0,Bayes-M17-med
Tshikaji,Kasaï-Central,2,FALSE,0.0037,0.0029,0.0046,0.0036,241,241,242,0.0037,0.1949,241,0.0066,NA,NA,NA,NA,NA,NA,0.3195,0.0046,252,0.1873,0.5849,0,0.5058,0,Bayes-M17-med
Luambo,Kasaï-Central,2,FALSE,0.0037,0.0029,0.0047,0.0037,238,238,239,0.0037,0.1973,238,0.0067,NA,NA,NA,NA,NA,NA,0.3769,0.0055,217,0.5347,0.5656,0,0.4073,0,Bayes-M17-med
Kamana,Lomami,2,FALSE,0.0037,0.003,0.0047,0.0037,237,237,237,0.0037,0.1979,237,0.0067,NA,NA,NA,NA,NA,NA,0.2944,0.0043,268,0.5309,0.0174,0,0.6293,0,Bayes-M17-med
Alunguli,Maniema,2,FALSE,0.0037,0.0029,0.0046,0.0036,242,239,245,0.0037,0.1947,242,0.0066,NA,NA,NA,NA,NA,NA,0.3132,0.0045,258,0.1737,0.195,0,0.8842,0,Bayes-M17-med
Bosondjo,Mongala,2,FALSE,0.0037,0.0029,0.0046,0.0036,243,240,246,0.0037,0.1941,243,0.0066,NA,NA,NA,NA,NA,NA,0.3489,0.005,237,0.5618,0.1931,0,0.6409,0,Bayes-M17-med
Gbadolite,Nord-Ubangi,2,FALSE,0.0037,0.0029,0.0046,0.0036,240,236,245,0.0037,0.1951,240,0.0066,NA,NA,NA,NA,NA,NA,0.5183,0.0075,177,0.7915,0.9653,0,0.3166,0,Bayes-M17-med
Ototo,Sankuru,2,FALSE,0.0037,0.0029,0.0046,0.0037,239,239,240,0.0037,0.1957,239,0.0067,NA,NA,NA,NA,NA,NA,0.4561,0.0066,198,0.5386,0.3629,0,0.9228,0,Bayes-M17-med
Tshumbe,Sankuru,2,FALSE,0.0037,0.0029,0.0046,0.0036,244,242,245,0.0037,0.1938,244,0.0066,NA,NA,NA,NA,NA,NA,0.3907,0.0056,214,0.5444,0.1718,0,0.8465,0,Bayes-M17-med
Kampemba,Haut-Katanga,2,FALSE,0.0036,0.0028,0.0045,0.0035,250,249,251,0.0036,0.1892,250,0.0064,NA,NA,NA,NA,NA,NA,0.0531,7e-4,440,0.0598,0.0367,0,0.1158,0,Bayes-M17-med
Kabondo Dianda,Haut-Lomami,2,FALSE,0.0036,0.0029,0.0045,0.0036,247,246,248,0.0036,0.1918,247,0.0065,NA,NA,NA,NA,NA,NA,0.4107,0.0058,212,0.5888,0.5714,0,0.4826,0,Bayes-M17-med
Kansele,Kasaï-Oriental,2,FALSE,0.0036,0.0029,0.0045,0.0036,249,244,249,0.0036,0.1911,249,0.0065,NA,NA,NA,NA,NA,NA,0.2437,0.0034,310,0.0541,0.5965,0,0.3243,0,Bayes-M17-med
Ipamu,Kwilu,2,FALSE,0.0036,0.0028,0.0045,0.0035,251,250,251,0.0036,0.1888,251,0.0064,NA,NA,NA,NA,NA,NA,0.5454,0.0076,173,0.4903,0.7683,0,0.9228,0,Bayes-M17-med
Dikungu,Sankuru,2,FALSE,0.0036,0.0029,0.0045,0.0036,248,247,249,0.0036,0.1915,248,0.0065,NA,NA,NA,NA,NA,NA,0.3779,0.0054,222,0.4865,0.1409,0,0.8842,0,Bayes-M17-med
Minga,Sankuru,2,FALSE,0.0036,0.0029,0.0045,0.0036,246,244,246,0.0036,0.1926,246,0.0066,NA,NA,NA,NA,NA,NA,0.5347,0.0076,174,0.7838,0.471,0,0.8842,0,Bayes-M17-med
Libenge,Sud-Ubangi,2,FALSE,0.0036,0.0029,0.0046,0.0036,245,243,250,0.0037,0.1929,245,0.0066,NA,NA,NA,NA,NA,NA,0.3818,0.0054,219,0.6293,0.3591,0,0.5386,0,Bayes-M17-med
Sakania,Haut-Katanga,2,FALSE,0.0035,0.0027,0.0043,0.0034,257,256,257,0.0035,0.1833,257,0.0062,NA,NA,NA,NA,NA,NA,0.2775,0.0038,294,0.7375,0.2355,0,0.1371,0,Bayes-M17-med
Kanzala,Kasaï,2,FALSE,0.0035,0.0028,0.0043,0.0035,256,254,257,0.0035,0.1843,256,0.0063,NA,NA,NA,NA,NA,NA,0.2046,0.0028,335,0.168,0.3127,0,0.3378,0,Bayes-M17-med
Dibaya,Kasaï-Central,2,FALSE,0.0035,0.0028,0.0044,0.0035,255,254,255,0.0035,0.1846,254,0.0063,NA,NA,NA,NA,NA,NA,0.3325,0.0045,256,0.3147,0.4479,0,0.5676,0,Bayes-M17-med
Ndekesha,Kasaï-Central,2,FALSE,0.0035,0.0028,0.0044,0.0035,252,252,252,0.0036,0.1876,252,0.0064,NA,NA,NA,NA,NA,NA,0.4059,0.0056,213,0.4768,0.4498,0,0.6969,0,Bayes-M17-med
Matadi,Kongo-Central,2,FALSE,0.0035,0.0028,0.0044,0.0035,253,253,253,0.0035,0.1862,253,0.0063,NA,NA,NA,NA,NA,NA,0.2939,0.004,281,0.1564,0.944,0,0.0753,0,Bayes-M17-med
Lowa,Tshopo,2,FALSE,0.0035,0.0027,0.0044,0.0035,255,254,256,0.0035,0.1845,255,0.0063,NA,NA,NA,NA,NA,NA,0.4073,0.0056,215,0.8938,0.0598,0,0.6757,0,Bayes-M17-med
Bili (Bas-Uele),Bas-Uele,2,FALSE,0.0034,0.0027,0.0042,0.0033,262,258,269,0.0034,0.1782,262,0.0061,NA,NA,NA,NA,NA,NA,0.6926,0.0091,141,0.9981,0.7992,0,0.973,0,Bayes-M17-med
Mukanga,Haut-Lomami,2,FALSE,0.0034,0.0027,0.0043,0.0034,258,258,259,0.0034,0.1819,258,0.0062,NA,NA,NA,NA,NA,NA,0.4739,0.0064,205,0.6853,0.6911,0,0.5193,0,Bayes-M17-med
Kikwit Sud,Kwilu,2,FALSE,0.0034,0.0027,0.0042,0.0034,259,259,262,0.0034,0.1801,259,0.0061,NA,NA,NA,NA,NA,NA,0.3282,0.0044,265,0.1313,0.7008,0,0.4807,0,Bayes-M17-med
Yasa Bonga,Kwilu,2,FALSE,0.0034,0.0027,0.0042,0.0033,261,261,264,0.0034,0.1782,261,0.0061,NA,NA,NA,NA,NA,NA,0.4206,0.0055,216,0.3031,0.5328,0,0.8465,0,Bayes-M17-med
Ferekeni,Maniema,2,FALSE,0.0034,0.0027,0.0042,0.0033,260,260,261,0.0034,0.1791,260,0.0061,NA,NA,NA,NA,NA,NA,0.3504,0.0046,250,0.7722,0.0425,0,0.5869,0,Bayes-M17-med
Boso Manzi,Mongala,2,FALSE,0.0034,0.0026,0.0042,0.0033,264,259,266,0.0034,0.1774,264,0.006,NA,NA,NA,NA,NA,NA,0.3982,0.0052,228,0.5695,0.2278,0,0.7954,0,Bayes-M17-med
Kiambi,Tanganyika,2,FALSE,0.0034,0.0027,0.0042,0.0033,263,262,264,0.0034,0.1779,263,0.0061,NA,NA,NA,NA,NA,NA,0.5709,0.0075,176,0.9807,0.6834,0,0.6197,0,Bayes-M17-med
Monga,Bas-Uele,2,FALSE,0.0033,0.0026,0.0041,0.0032,269,265,270,0.0033,0.1735,269,0.0059,NA,NA,NA,NA,NA,NA,0.7336,0.0094,137,0.9826,0.9672,0,0.9846,0,Bayes-M17-med
Ilebo,Kasaï,2,FALSE,0.0033,0.0026,0.0041,0.0033,268,267,269,0.0033,0.1739,268,0.0059,NA,NA,NA,NA,NA,NA,0.3142,0.004,282,0.2162,0.6139,0,0.4266,0,Bayes-M17-med
Katende,Kasaï-Central,2,FALSE,0.0033,0.0026,0.0041,0.0033,265,264,266,0.0033,0.1748,265,0.006,NA,NA,NA,NA,NA,NA,0.5154,0.0067,193,0.6525,0.6486,0,0.7606,0,Bayes-M17-med
Lukonga,Kasaï-Central,2,FALSE,0.0033,0.0026,0.0041,0.0032,270,268,270,0.0033,0.173,270,0.0059,NA,NA,NA,NA,NA,NA,0.3282,0.0042,272,0.2239,0.6429,0,0.4459,0,Bayes-M17-med
Mukumbi,Kasaï-Oriental,2,FALSE,0.0033,0.0026,0.0041,0.0033,266,265,267,0.0033,0.1748,266,0.006,NA,NA,NA,NA,NA,NA,0.2249,0.0029,331,0.2413,0.1892,0,0.4691,0,Bayes-M17-med
Kungu,Sud-Ubangi,2,FALSE,0.0033,0.0026,0.0041,0.0033,267,261,271,0.0033,0.1744,267,0.0059,NA,NA,NA,NA,NA,NA,0.3711,0.0048,244,0.3745,0.3359,0,0.7741,0,Bayes-M17-med
Basankusu,Equateur,2,FALSE,0.0032,0.0025,0.004,0.0032,274,274,276,0.0032,0.1686,275,0.0057,NA,NA,NA,NA,NA,NA,0.6844,0.0085,152,0.9517,0.8629,0,0.9228,0,Bayes-M17-med
Bolomba,Equateur,2,FALSE,0.0032,0.0025,0.004,0.0032,272,271,272,0.0032,0.1703,272,0.0058,NA,NA,NA,NA,NA,NA,0.6163,0.0078,169,0.9575,0.8533,0,0.6544,0,Bayes-M17-med
Ruashi,Haut-Katanga,2,FALSE,0.0032,0.0025,0.004,0.0032,271,270,273,0.0032,0.1708,271,0.0058,NA,NA,NA,NA,NA,NA,0.0705,9e-4,437,0.0985,0.0637,0,0.1197,0,Bayes-M17-med
Tshibala,Kasaï-Central,2,FALSE,0.0032,0.0025,0.004,0.0031,278,274,278,0.0032,0.1674,278,0.0057,NA,NA,NA,NA,NA,NA,0.4218,0.0052,227,0.4266,0.5772,0,0.6834,0,Bayes-M17-med
Kisantu,Kongo-Central,2,FALSE,0.0032,0.0025,0.004,0.0032,273,272,276,0.0032,0.1688,273,0.0057,NA,NA,NA,NA,NA,NA,0.418,0.0052,229,0.5039,0.9903,0,0.1776,0,Bayes-M17-med
Djuma,Kwilu,2,FALSE,0.0032,0.0025,0.004,0.0031,277,275,278,0.0032,0.1674,277,0.0057,NA,NA,NA,NA,NA,NA,0.5256,0.0065,201,0.4826,0.7355,0,0.8842,0,Bayes-M17-med
Bosobolo,Nord-Ubangi,2,FALSE,0.0032,0.0025,0.004,0.0031,276,275,277,0.0032,0.1682,276,0.0057,NA,NA,NA,NA,NA,NA,0.7148,0.0089,147,0.9363,0.9459,0,0.9768,0,Bayes-M17-med
Mompono,Tshuapa,2,FALSE,0.0032,0.0025,0.004,0.0032,274,272,277,0.0032,0.1687,274,0.0057,NA,NA,NA,NA,NA,NA,0.5598,0.007,188,0.8089,0.6042,0,0.8263,0,Bayes-M17-med
Kilwa,Haut-Katanga,2,FALSE,0.0031,0.0024,0.0039,0.0031,279,279,280,0.0031,0.1638,279,0.0056,NA,NA,NA,NA,NA,NA,0.3764,0.0046,255,0.749,0.39,0,0.3668,0,Bayes-M17-med
Kalonda Est,Lomami,2,FALSE,0.0031,0.0024,0.0038,0.003,280,280,281,0.0031,0.1625,280,0.0055,NA,NA,NA,NA,NA,NA,0.3292,0.004,286,0.5425,0.1506,0,0.6236,0,Bayes-M17-med
Kisanga,Haut-Katanga,2,FALSE,0.003,0.0023,0.0037,0.0029,289,289,291,0.003,0.1562,289,0.0053,NA,NA,NA,NA,NA,NA,0.1081,0.0012,421,0.1293,0.2008,0,0.1023,0,Bayes-M17-med
Yangala,Kasaï-Central,2,FALSE,0.003,0.0024,0.0038,0.003,285,282,285,0.003,0.1595,285,0.0054,NA,NA,NA,NA,NA,NA,0.348,0.0041,275,0.5927,0.2259,0,0.5734,0,Bayes-M17-med
Muanda,Kongo-Central,2,FALSE,0.003,0.0023,0.0037,0.0029,290,289,290,0.003,0.1561,290,0.0053,NA,NA,NA,NA,NA,NA,0.4093,0.0047,247,0.6371,1,0,0,0,Bayes-M17-med
Masi Manimba,Kwilu,2,FALSE,0.003,0.0024,0.0038,0.003,283,281,285,0.003,0.16,283,0.0054,NA,NA,NA,NA,NA,NA,0.4281,0.0051,235,0.332,0.4961,0,0.8842,0,Bayes-M17-med
Pangi,Maniema,2,FALSE,0.003,0.0024,0.0037,0.0029,288,287,289,0.003,0.1575,288,0.0054,NA,NA,NA,NA,NA,NA,0.3316,0.0039,291,0.6081,0.056,0,0.6622,0,Bayes-M17-med
Bili (Nord-Ubangi),Nord-Ubangi,2,FALSE,0.003,0.0024,0.0037,0.003,286,286,288,0.003,0.1585,286,0.0054,NA,NA,NA,NA,NA,NA,0.7075,0.0083,157,0.9247,0.9189,0,0.9865,0,Bayes-M17-med
Mobayi Mbongo,Nord-Ubangi,2,FALSE,0.003,0.0024,0.0038,0.003,284,283,286,0.003,0.1597,284,0.0054,NA,NA,NA,NA,NA,NA,0.5458,0.0064,203,0.9324,0.8166,0,0.4344,0,Bayes-M17-med
Wembo Nyama,Sankuru,2,FALSE,0.003,0.0024,0.0037,0.003,287,285,287,0.003,0.1582,287,0.0054,NA,NA,NA,NA,NA,NA,0.4097,0.0048,243,0.5019,0.2143,0,0.9228,0,Bayes-M17-med
Basali,Tshopo,2,FALSE,0.003,0.0024,0.0038,0.003,282,280,289,0.003,0.1605,282,0.0055,NA,NA,NA,NA,NA,NA,0.3779,0.0045,260,0.834,0.0251,0,0.6525,0,Bayes-M17-med
Befale,Tshuapa,2,FALSE,0.003,0.0024,0.0038,0.003,282,281,283,0.003,0.1609,281,0.0055,NA,NA,NA,NA,NA,NA,0.5145,0.0061,208,0.8822,0.4903,0,0.6853,0,Bayes-M17-med
Kambove,Haut-Katanga,2,FALSE,0.0029,0.0023,0.0036,0.0029,295,293,297,0.0029,0.1525,295,0.0052,NA,NA,NA,NA,NA,NA,0.306,0.0035,308,0.4247,0.6236,0,0.1757,0,Bayes-M17-med
Kapolowe,Haut-Katanga,2,FALSE,0.0029,0.0023,0.0036,0.0029,292,291,294,0.0029,0.1541,292,0.0052,NA,NA,NA,NA,NA,NA,0.3026,0.0035,309,0.5579,0.444,0,0.2085,0,Bayes-M17-med
Kasaji,Lualaba,2,FALSE,0.0029,0.0023,0.0036,0.0028,297,295,298,0.0029,0.152,297,0.0052,NA,NA,NA,NA,NA,NA,0.4648,0.0052,226,0.8552,0.4923,0,0.5116,0,Bayes-M17-med
Lualaba,Lualaba,2,FALSE,0.0029,0.0023,0.0036,0.0029,296,294,297,0.0029,0.1523,296,0.0052,NA,NA,NA,NA,NA,NA,0.1404,0.0016,402,0.3552,0.0347,0,0.1718,0,Bayes-M17-med
Abuzi,Nord-Ubangi,2,FALSE,0.0029,0.0023,0.0036,0.0028,298,295,300,0.0029,0.1516,298,0.0052,NA,NA,NA,NA,NA,NA,0.7153,0.008,163,0.9846,0.9054,0,0.971,0,Bayes-M17-med
Lusambo,Sankuru,2,FALSE,0.0029,0.0023,0.0036,0.0029,293,292,293,0.0029,0.1538,293,0.0052,NA,NA,NA,NA,NA,NA,0.4833,0.0055,218,0.6815,0.2992,0,0.9527,0,Bayes-M17-med
Bangabola,Sud-Ubangi,2,FALSE,0.0029,0.0023,0.0037,0.0029,291,279,300,0.0029,0.1553,291,0.0053,NA,NA,NA,NA,NA,NA,0.3904,0.0045,261,0.3533,0.3494,0,0.8591,0,Bayes-M17-med
Bokonzi,Sud-Ubangi,2,FALSE,0.0029,0.0022,0.0036,0.0028,299,295,299,0.0029,0.1511,299,0.0051,NA,NA,NA,NA,NA,NA,0.236,0.0026,346,0.4305,0.083,0,0.4305,0,Bayes-M17-med
Boto,Sud-Ubangi,2,FALSE,0.0029,0.0023,0.0036,0.0029,294,292,297,0.0029,0.1525,294,0.0052,NA,NA,NA,NA,NA,NA,0.3596,0.0041,280,0.3282,0.5174,0,0.5927,0,Bayes-M17-med
Kamonia,Kasaï,2,FALSE,0.0028,0.0022,0.0035,0.0028,300,299,301,0.0028,0.1495,300,0.0051,NA,NA,NA,NA,NA,NA,0.14,0.0015,406,0.3707,0.11,0,0.0792,0,Bayes-M17-med
Makota,Lomami,2,FALSE,0.0028,0.0022,0.0035,0.0028,301,301,302,0.0028,0.147,301,0.005,NA,NA,NA,NA,NA,NA,0.2587,0.0028,333,0.1023,0.3764,0,0.556,0,Bayes-M17-med
Wapinda,Nord-Ubangi,2,FALSE,0.0028,0.0022,0.0034,0.0027,302,301,306,0.0028,0.1455,302,0.005,NA,NA,NA,NA,NA,NA,0.6791,0.0073,182,0.9015,0.8398,0,0.9749,0,Bayes-M17-med
Makanza,Equateur,2,FALSE,0.0027,0.0021,0.0034,0.0026,308,299,312,0.0027,0.1406,309,0.0048,NA,NA,NA,NA,NA,NA,0.639,0.0067,194,0.9537,0.7954,0,0.8069,0,Bayes-M17-med
Pweto,Haut-Katanga,2,FALSE,0.0027,0.0021,0.0033,0.0026,309,308,309,0.0027,0.1406,308,0.0048,NA,NA,NA,NA,NA,NA,0.3518,0.0037,301,0.7992,0.2587,0,0.3494,0,Bayes-M17-med
Ndjoko Mpunda,Kasaï,2,FALSE,0.0027,0.0021,0.0034,0.0027,305,304,305,0.0027,0.1442,305,0.0049,NA,NA,NA,NA,NA,NA,0.333,0.0036,304,0.3977,0.2915,0,0.6429,0,Bayes-M17-med
Bandundu,Kwilu,2,FALSE,0.0027,0.0022,0.0034,0.0027,303,303,305,0.0027,0.1446,303,0.0049,NA,NA,NA,NA,NA,NA,0.3364,0.0036,303,0.3436,0.751,0,0.251,0,Bayes-M17-med
Mokala,Kwilu,2,FALSE,0.0027,0.0021,0.0034,0.0027,307,306,308,0.0027,0.1423,307,0.0048,NA,NA,NA,NA,NA,NA,0.5118,0.0054,220,0.4228,0.6718,0,0.9527,0,Bayes-M17-med
Loko,Nord-Ubangi,2,FALSE,0.0027,0.0021,0.0034,0.0027,304,303,305,0.0027,0.1442,304,0.0049,NA,NA,NA,NA,NA,NA,0.6535,0.007,189,0.9402,0.9266,0,0.7471,0,Bayes-M17-med
Kole,Sankuru,2,FALSE,0.0027,0.0021,0.0034,0.0027,306,306,307,0.0027,0.1423,306,0.0048,NA,NA,NA,NA,NA,NA,0.4802,0.0051,236,0.7761,0.2606,0,0.8842,0,Bayes-M17-med
Kakenge,Kasaï,2,FALSE,0.0026,0.002,0.0032,0.0026,312,311,312,0.0026,0.1371,312,0.0047,NA,NA,NA,NA,NA,NA,0.4522,0.0046,254,0.5753,0.4788,0,0.7548,0,Bayes-M17-med
Muetshi,Kasaï-Central,2,FALSE,0.0026,0.0021,0.0033,0.0026,310,310,310,0.0026,0.1383,310,0.0047,NA,NA,NA,NA,NA,NA,0.4792,0.0049,238,0.6158,0.5386,0,0.7625,0,Bayes-M17-med
Bena Dibele,Sankuru,2,FALSE,0.0026,0.0021,0.0033,0.0026,311,309,311,0.0026,0.1382,311,0.0047,NA,NA,NA,NA,NA,NA,0.4093,0.0042,273,0.6216,0.1564,0,0.8591,0,Bayes-M17-med
Kinkondja,Haut-Lomami,2,FALSE,0.0025,0.002,0.0031,0.0025,314,314,315,0.0025,0.1333,314,0.0045,NA,NA,NA,NA,NA,NA,0.4889,0.0048,242,0.7278,0.6274,0,0.6004,0,Bayes-M17-med
Mikope,Kasaï,2,FALSE,0.0025,0.002,0.0032,0.0025,313,313,313,0.0025,0.1336,313,0.0046,NA,NA,NA,NA,NA,NA,0.3996,0.004,287,0.6776,0.2703,0,0.6506,0,Bayes-M17-med
Katoka,Kasaï-Central,2,FALSE,0.0025,0.002,0.0031,0.0025,317,313,319,0.0025,0.1319,317,0.0045,NA,NA,NA,NA,NA,NA,0.2645,0.0026,355,0.1216,0.473,0,0.4633,0,Bayes-M17-med
Tshikula,Kasaï-Central,2,FALSE,0.0025,0.002,0.0031,0.0025,316,316,317,0.0025,0.1326,316,0.0045,NA,NA,NA,NA,NA,NA,0.3296,0.0032,317,0.3919,0.3185,0,0.6081,0,Bayes-M17-med
Kimpese,Kongo-Central,2,FALSE,0.0025,0.002,0.0031,0.0025,315,314,315,0.0025,0.1332,315,0.0045,NA,NA,NA,NA,NA,NA,0.4947,0.0049,240,0.7896,0.9768,0,0.2124,0,Bayes-M17-med
Tunda,Maniema,2,FALSE,0.0025,0.002,0.0031,0.0025,318,317,318,0.0025,0.1313,318,0.0045,NA,NA,NA,NA,NA,NA,0.459,0.0045,263,0.8977,0.0541,0,0.8842,0,Bayes-M17-med
Businga,Nord-Ubangi,2,FALSE,0.0025,0.0019,0.0031,0.0024,319,318,320,0.0025,0.1301,319,0.0044,NA,NA,NA,NA,NA,NA,0.6781,0.0065,199,0.9286,0.861,0,0.9228,0,Bayes-M17-med
Lukula,Kongo-Central,2,FALSE,0.0024,0.0019,0.003,0.0024,320,319,320,0.0024,0.1289,320,0.0044,NA,NA,NA,NA,NA,NA,0.3933,0.0038,295,0.529,0.8745,0,0.1699,0,Bayes-M17-med
Boko Kivulu,Kongo-Central,2,FALSE,0.0024,0.0019,0.003,0.0023,322,322,322,0.0024,0.125,322,0.0043,NA,NA,NA,NA,NA,NA,0.4281,0.004,285,0.5792,0.9324,0,0.2008,0,Bayes-M17-med
Kapanga,Lualaba,2,FALSE,0.0024,0.0019,0.003,0.0024,321,321,321,0.0024,0.1264,321,0.0043,NA,NA,NA,NA,NA,NA,0.4112,0.0038,292,0.8514,0.3938,0,0.3996,0,Bayes-M17-med
Wangata,Equateur,2,FALSE,0.0023,0.0018,0.0028,0.0022,331,325,334,0.0023,0.12,331,0.0041,NA,NA,NA,NA,NA,NA,0.417,0.0037,299,0.2336,0.9865,0,0.4479,0,Bayes-M17-med
Likasi,Haut-Katanga,2,FALSE,0.0023,0.0018,0.0028,0.0023,330,330,331,0.0023,0.1202,330,0.0041,NA,NA,NA,NA,NA,NA,0.1728,0.0015,407,0.112,0.4208,0,0.1583,0,Bayes-M17-med
Bilomba,Kasaï-Central,2,FALSE,0.0023,0.0018,0.0029,0.0023,324,323,326,0.0023,0.124,324,0.0042,NA,NA,NA,NA,NA,NA,0.4006,0.0037,300,0.3378,0.4421,0,0.8224,0,Bayes-M17-med
Boma,Kongo-Central,2,FALSE,0.0023,0.0018,0.0029,0.0023,329,329,330,0.0023,0.1216,329,0.0041,NA,NA,NA,NA,NA,NA,0.2901,0.0026,351,0.1467,0.9247,0,0.0888,0,Bayes-M17-med
Mbanza Ngungu,Kongo-Central,2,FALSE,0.0023,0.0018,0.0029,0.0023,328,327,328,0.0023,0.1226,328,0.0042,NA,NA,NA,NA,NA,NA,0.3711,0.0034,311,0.3205,0.9749,0,0.1892,0,Bayes-M17-med
Bagata,Kwilu,2,FALSE,0.0023,0.0018,0.0029,0.0023,327,326,327,0.0023,0.1233,326,0.0042,NA,NA,NA,NA,NA,NA,0.5135,0.0047,249,0.6795,0.695,0,0.6795,0,Bayes-M17-med
Pay Kongila,Kwilu,2,FALSE,0.0023,0.0018,0.0029,0.0023,323,323,325,0.0024,0.1241,323,0.0042,NA,NA,NA,NA,NA,NA,0.4488,0.0041,274,0.5135,0.6467,0,0.6351,0,Bayes-M17-med
Wasolo,Nord-Ubangi,2,FALSE,0.0023,0.0018,0.0029,0.0023,325,323,328,0.0023,0.1238,325,0.0042,NA,NA,NA,NA,NA,NA,0.5709,0.0052,225,0.5541,0.7413,0,0.9884,0,Bayes-M17-med
Monkoto,Tshuapa,2,FALSE,0.0023,0.0018,0.0029,0.0023,326,324,328,0.0023,0.1233,327,0.0042,NA,NA,NA,NA,NA,NA,0.5598,0.0051,233,0.9498,0.4054,0,0.8842,0,Bayes-M17-med
Ingende,Equateur,2,FALSE,0.0022,0.0017,0.0028,0.0022,334,333,336,0.0022,0.1173,334,0.004,NA,NA,NA,NA,NA,NA,0.596,0.0052,231,0.9208,0.8571,0,0.6062,0,Bayes-M17-med
Dekese,Kasaï,2,FALSE,0.0022,0.0017,0.0027,0.0022,340,339,341,0.0022,0.1156,340,0.0039,NA,NA,NA,NA,NA,NA,0.4633,0.004,284,0.9189,0.2181,0,0.7162,0,Bayes-M17-med
Panzi,Kwango,2,FALSE,0.0022,0.0018,0.0028,0.0022,332,331,333,0.0022,0.1185,332,0.004,NA,NA,NA,NA,NA,NA,0.5236,0.0046,253,0.7548,0.583,0,0.7568,0,Bayes-M17-med
Boko,Kwango,2,FALSE,0.0022,0.0017,0.0027,0.0022,337,335,337,0.0022,0.1163,337,0.004,NA,NA,NA,NA,NA,NA,0.5121,0.0044,264,0.7336,0.61,0,0.7046,0,Bayes-M17-med
Feshi,Kwango,2,FALSE,0.0022,0.0017,0.0027,0.0022,339,339,340,0.0022,0.1158,339,0.0039,NA,NA,NA,NA,NA,NA,0.5082,0.0044,266,0.7317,0.5425,0,0.7587,0,Bayes-M17-med
Kimputu,Kwilu,2,FALSE,0.0022,0.0017,0.0028,0.0022,336,334,336,0.0022,0.1167,336,0.004,NA,NA,NA,NA,NA,NA,0.5039,0.0044,267,0.4923,0.639,0,0.8842,0,Bayes-M17-med
Mosango,Kwilu,2,FALSE,0.0022,0.0017,0.0028,0.0022,335,333,336,0.0022,0.1171,335,0.004,NA,NA,NA,NA,NA,NA,0.515,0.0045,262,0.5463,0.7375,0,0.7761,0,Bayes-M17-med
Wikong,Lomami,2,FALSE,0.0022,0.0017,0.0027,0.0022,341,340,342,0.0022,0.1148,341,0.0039,NA,NA,NA,NA,NA,NA,0.3663,0.0031,321,0.2529,0.4228,0,0.7896,0,Bayes-M17-med
Sandoa,Lualaba,2,FALSE,0.0022,0.0017,0.0027,0.0022,338,338,339,0.0022,0.1159,338,0.0039,NA,NA,NA,NA,NA,NA,0.5536,0.0047,246,0.9421,0.6815,0,0.5907,0,Bayes-M17-med
Inongo,Mai-Ndombe,2,FALSE,0.0022,0.0017,0.0027,0.0021,342,341,343,0.0022,0.1146,342,0.0039,NA,NA,NA,NA,NA,NA,0.4952,0.0042,271,0.7645,0.2934,0,0.9228,0,Bayes-M17-med
Boso Mondanda,Mongala,2,FALSE,0.0022,0.0018,0.0028,0.0022,333,331,337,0.0022,0.1178,333,0.004,NA,NA,NA,NA,NA,NA,0.3716,0.0032,315,0.5869,0.1486,0,0.751,0,Bayes-M17-med
Mufunga Sampwe,Haut-Katanga,2,FALSE,0.0021,0.0017,0.0026,0.0021,345,344,346,0.0021,0.112,345,0.0038,NA,NA,NA,NA,NA,NA,0.3774,0.0031,320,0.8185,0.0888,0,0.6023,0,Bayes-M17-med
Lwamba,Haut-Lomami,2,FALSE,0.0021,0.0016,0.0026,0.002,350,349,350,0.0021,0.1091,350,0.0037,NA,NA,NA,NA,NA,NA,0.4865,0.0039,288,0.8069,0.6409,0,0.4981,0,Bayes-M17-med
Lubunga (Kasaï-Central),Kasaï-Central,2,FALSE,0.0021,0.0016,0.0026,0.002,349,349,350,0.0021,0.1091,349,0.0037,NA,NA,NA,NA,NA,NA,0.4599,0.0037,297,0.5637,0.4653,0,0.8108,0,Bayes-M17-med
Kwilu Ngongo,Kongo-Central,2,FALSE,0.0021,0.0017,0.0027,0.0021,343,343,345,0.0021,0.113,343,0.0038,NA,NA,NA,NA,NA,NA,0.3875,0.0032,314,0.4884,0.8668,0,0.195,0,Bayes-M17-med
Kikongo,Kwilu,2,FALSE,0.0021,0.0016,0.0026,0.0021,348,346,348,0.0021,0.1104,348,0.0038,NA,NA,NA,NA,NA,NA,0.5024,0.0041,276,0.6969,0.6023,0,0.7104,0,Bayes-M17-med
Djalo Ndjeka,Sankuru,2,FALSE,0.0021,0.0017,0.0026,0.0021,347,345,348,0.0021,0.1106,347,0.0038,NA,NA,NA,NA,NA,NA,0.3378,0.0028,340,0.3591,0.0695,0,0.9228,0,Bayes-M17-med
Bominenge,Sud-Ubangi,2,FALSE,0.0021,0.0017,0.0027,0.0021,346,342,348,0.0021,0.1116,346,0.0038,NA,NA,NA,NA,NA,NA,0.3258,0.0027,345,0.2819,0.0985,0,0.9228,0,Bayes-M17-med
Mawuya,Sud-Ubangi,2,FALSE,0.0021,0.0017,0.0027,0.0021,344,344,346,0.0021,0.1121,344,0.0038,NA,NA,NA,NA,NA,NA,0.2654,0.0022,380,0.444,0.2394,0,0.3784,0,Bayes-M17-med
Kasenga,Haut-Katanga,2,FALSE,0.002,0.0016,0.0025,0.002,353,352,353,0.002,0.1072,353,0.0037,NA,NA,NA,NA,NA,NA,0.3953,0.0031,319,0.8166,0.6255,0,0.139,0,Bayes-M17-med
Songa,Haut-Lomami,2,FALSE,0.002,0.0016,0.0025,0.002,354,354,355,0.002,0.1064,354,0.0036,NA,NA,NA,NA,NA,NA,0.473,0.0037,296,0.9344,0.3533,0,0.6042,0,Bayes-M17-med
Mushenge,Kasaï,2,FALSE,0.002,0.0016,0.0025,0.0019,357,356,358,0.002,0.104,357,0.0035,NA,NA,NA,NA,NA,NA,0.3229,0.0025,364,0.5946,0.0656,0,0.6313,0,Bayes-M17-med
Kitangwa,Kasaï,2,FALSE,0.002,0.0016,0.0025,0.002,351,351,352,0.002,0.1076,351,0.0037,NA,NA,NA,NA,NA,NA,0.3287,0.0026,350,0.6332,0.1062,0,0.5753,0,Bayes-M17-med
Lubondaie,Kasaï-Central,2,FALSE,0.002,0.0016,0.0025,0.0019,356,356,357,0.002,0.104,356,0.0035,NA,NA,NA,NA,NA,NA,0.3147,0.0024,369,0.3822,0.1583,0,0.7181,0,Bayes-M17-med
Mungindu,Kwilu,2,FALSE,0.002,0.0015,0.0024,0.0019,358,358,359,0.002,0.1035,358,0.0035,NA,NA,NA,NA,NA,NA,0.3818,0.0029,329,0.4691,0.5367,0,0.5212,0,Bayes-M17-med
Dilolo,Lualaba,2,FALSE,0.002,0.0016,0.0025,0.002,352,351,353,0.002,0.1074,352,0.0037,NA,NA,NA,NA,NA,NA,0.3663,0.0029,330,0.8398,0.6197,0,0.0058,0,Bayes-M17-med
Kanzenze,Lualaba,2,FALSE,0.002,0.0016,0.0025,0.002,355,355,356,0.002,0.1059,355,0.0036,NA,NA,NA,NA,NA,NA,0.2389,0.0019,393,0.6255,0.1429,0,0.1873,0,Bayes-M17-med
Mutena,Kasaï,2,FALSE,0.0019,0.0015,0.0024,0.0019,362,361,362,0.0019,0.0997,362,0.0034,NA,NA,NA,NA,NA,NA,0.2336,0.0017,399,0.334,0.0753,0,0.5251,0,Bayes-M17-med
Seke Banza,Kongo-Central,2,FALSE,0.0019,0.0015,0.0023,0.0018,363,363,363,0.0019,0.0986,363,0.0034,NA,NA,NA,NA,NA,NA,0.4513,0.0033,313,0.6351,0.9498,0,0.2201,0,Bayes-M17-med
Kahemba,Kwango,2,FALSE,0.0019,0.0015,0.0024,0.0019,359,359,360,0.0019,0.1026,359,0.0035,NA,NA,NA,NA,NA,NA,0.5367,0.0041,278,0.8958,0.7278,0,0.5232,0,Bayes-M17-med
Kamiji,Lomami,2,FALSE,0.0019,0.0015,0.0024,0.0019,361,360,361,0.0019,0.1018,361,0.0035,NA,NA,NA,NA,NA,NA,0.2635,0.002,389,0.3398,0.1293,0,0.5849,0,Bayes-M17-med
Zongo,Sud-Ubangi,2,FALSE,0.0019,0.0015,0.0024,0.0019,360,354,362,0.0019,0.1021,360,0.0035,NA,NA,NA,NA,NA,NA,0.2418,0.0018,394,0.278,0.4131,0,0.2761,0,Bayes-M17-med
Massa,Kongo-Central,2,FALSE,0.0018,0.0014,0.0022,0.0018,366,366,366,0.0018,0.0942,366,0.0032,NA,NA,NA,NA,NA,NA,0.4223,0.0029,327,0.668,0.9208,0,0.1004,0,Bayes-M17-med
Kimbao,Kwango,2,FALSE,0.0018,0.0014,0.0022,0.0018,365,365,365,0.0018,0.0948,365,0.0032,NA,NA,NA,NA,NA,NA,0.5743,0.004,283,0.7201,0.7181,0,0.8591,0,Bayes-M17-med
Popokabaka,Kwango,2,FALSE,0.0018,0.0014,0.0023,0.0018,364,364,364,0.0018,0.096,364,0.0033,NA,NA,NA,NA,NA,NA,0.5507,0.0039,289,0.7703,0.7876,0,0.6448,0,Bayes-M17-med
Bikoro,Equateur,2,FALSE,0.0017,0.0014,0.0022,0.0017,367,367,370,0.0017,0.0923,367,0.0031,NA,NA,NA,NA,NA,NA,0.5951,0.0041,279,0.8127,0.8147,0,0.7529,0,Bayes-M17-med
Bunkonde,Kasaï-Central,2,FALSE,0.0017,0.0013,0.0021,0.0017,372,372,373,0.0017,0.0888,372,0.003,NA,NA,NA,NA,NA,NA,0.3523,0.0023,373,0.4015,0.278,0,0.7297,0,Bayes-M17-med
Mutoto,Kasaï-Central,2,FALSE,0.0017,0.0014,0.0022,0.0017,368,367,368,0.0017,0.0922,368,0.0031,NA,NA,NA,NA,NA,NA,0.3441,0.0024,371,0.4575,0.361,0,0.5579,0,Bayes-M17-med
Kalamba,Lualaba,2,FALSE,0.0017,0.0014,0.0022,0.0017,369,368,369,0.0017,0.0921,369,0.0031,NA,NA,NA,NA,NA,NA,0.4542,0.0031,322,0.8803,0.2375,0,0.6988,0,Bayes-M17-med
Nioki,Mai-Ndombe,2,FALSE,0.0017,0.0013,0.0021,0.0016,374,373,374,0.0017,0.0881,374,0.003,NA,NA,NA,NA,NA,NA,0.389,0.0025,359,0.61,0.3958,0,0.5502,0,Bayes-M17-med
Bongandanga,Mongala,2,FALSE,0.0017,0.0013,0.0021,0.0017,373,372,374,0.0017,0.0883,373,0.003,NA,NA,NA,NA,NA,NA,0.4228,0.0028,341,0.7587,0.0097,0,0.9228,0,Bayes-M17-med
Pania Mutombo,Sankuru,2,FALSE,0.0017,0.0014,0.0022,0.0017,370,369,370,0.0017,0.0919,370,0.0031,NA,NA,NA,NA,NA,NA,0.4117,0.0028,334,0.7413,0.1236,0,0.7819,0,Bayes-M17-med
Busanga,Tshuapa,2,FALSE,0.0017,0.0013,0.0021,0.0017,371,371,371,0.0017,0.09,371,0.0031,NA,NA,NA,NA,NA,NA,0.4452,0.003,326,0.6602,0.168,0,0.9527,0,Bayes-M17-med
Kafubu,Haut-Katanga,2,FALSE,0.0016,0.0013,0.002,0.0016,380,380,381,0.0016,0.0847,380,0.0029,NA,NA,NA,NA,NA,NA,0.2104,0.0013,415,0.6042,0.0869,0,0.1506,0,Bayes-M17-med
Kayamba,Haut-Lomami,2,FALSE,0.0016,0.0013,0.0021,0.0016,375,375,375,0.0016,0.0869,375,0.003,NA,NA,NA,NA,NA,NA,0.4276,0.0028,342,0.7027,0.4189,0,0.5888,0,Bayes-M17-med
Nyanga,Kasaï,2,FALSE,0.0016,0.0012,0.002,0.0016,382,382,382,0.0016,0.083,382,0.0028,NA,NA,NA,NA,NA,NA,0.348,0.0021,383,0.4402,0.3803,0,0.5714,0,Bayes-M17-med
Ndesha,Kasaï-Central,2,FALSE,0.0016,0.0013,0.002,0.0016,376,376,376,0.0016,0.0862,376,0.0029,NA,NA,NA,NA,NA,NA,0.2317,0.0015,408,0.1448,0.3456,0,0.4363,0,Bayes-M17-med
Nsona Mpangu,Kongo-Central,2,FALSE,0.0016,0.0013,0.002,0.0016,378,378,378,0.0016,0.0855,378,0.0029,NA,NA,NA,NA,NA,NA,0.4165,0.0026,347,0.722,0.7645,0,0.1795,0,Bayes-M17-med
Wamba Lwadi,Kwango,2,FALSE,0.0016,0.0013,0.002,0.0016,377,377,377,0.0016,0.0858,377,0.0029,NA,NA,NA,NA,NA,NA,0.5492,0.0035,307,0.6467,0.8185,0,0.7317,0,Bayes-M17-med
Sia,Kwilu,2,FALSE,0.0016,0.0013,0.002,0.0016,379,379,379,0.0016,0.0853,379,0.0029,NA,NA,NA,NA,NA,NA,0.3986,0.0025,360,0.4151,0.3822,0,0.7973,0,Bayes-M17-med
Wema,Tshuapa,2,FALSE,0.0016,0.0013,0.002,0.0016,381,380,381,0.0016,0.0842,381,0.0029,NA,NA,NA,NA,NA,NA,0.4469,0.0028,336,0.8494,0.1332,0,0.805,0,Bayes-M17-med
Kikula,Haut-Katanga,2,FALSE,0.0015,0.0012,0.0019,0.0015,385,384,385,0.0015,0.0801,385,0.0027,NA,NA,NA,NA,NA,NA,0.0951,6e-4,444,0.1062,0.1139,0,0.1602,0,Bayes-M17-med
Mitwaba,Haut-Katanga,2,FALSE,0.0015,0.0012,0.0019,0.0015,386,386,386,0.0015,0.0793,386,0.0027,NA,NA,NA,NA,NA,NA,0.3528,0.0021,386,0.8012,0.0618,0,0.5483,0,Bayes-M17-med
Bulape,Kasaï,2,FALSE,0.0015,0.0012,0.0019,0.0015,384,384,385,0.0015,0.0806,384,0.0027,NA,NA,NA,NA,NA,NA,0.4315,0.0026,356,0.7066,0.1853,0,0.834,0,Bayes-M17-med
Bena Tshadi,Kasaï-Central,2,FALSE,0.0015,0.0012,0.0019,0.0015,387,387,387,0.0015,0.0784,387,0.0027,NA,NA,NA,NA,NA,NA,0.472,0.0027,344,0.6699,0.3784,0,0.8398,0,Bayes-M17-med
Kalomba,Kasaï-Central,2,FALSE,0.0015,0.0011,0.0018,0.0014,390,389,391,0.0015,0.077,390,0.0026,NA,NA,NA,NA,NA,NA,0.2944,0.0017,400,0.3166,0.1467,0,0.7143,0,Bayes-M17-med
Kangu,Kongo-Central,2,FALSE,0.0015,0.0011,0.0018,0.0014,391,390,391,0.0015,0.0768,391,0.0026,NA,NA,NA,NA,NA,NA,0.3528,0.002,387,0.3803,0.8822,0,0.1486,0,Bayes-M17-med
Kasongo Lunda,Kwango,2,FALSE,0.0015,0.0012,0.0018,0.0014,388,388,389,0.0015,0.0774,388,0.0026,NA,NA,NA,NA,NA,NA,0.3441,0.002,390,0.6274,0.5946,0,0.1544,0,Bayes-M17-med
Kingandu,Kwilu,2,FALSE,0.0015,0.0012,0.0019,0.0015,383,383,383,0.0015,0.0817,383,0.0028,NA,NA,NA,NA,NA,NA,0.4923,0.003,325,0.7162,0.6583,0,0.5946,0,Bayes-M17-med
Oshwe,Mai-Ndombe,2,FALSE,0.0015,0.0011,0.0018,0.0014,389,388,391,0.0015,0.0772,389,0.0026,NA,NA,NA,NA,NA,NA,0.4855,0.0028,338,0.8764,0.3301,0,0.7355,0,Bayes-M17-med
Djombo,Equateur,2,FALSE,0.0014,0.0011,0.0018,0.0014,394,394,395,0.0014,0.0747,394,0.0025,NA,NA,NA,NA,NA,NA,0.6554,0.0036,302,0.917,0.7819,0,0.9228,0,Bayes-M17-med
Panda,Haut-Katanga,2,FALSE,0.0014,0.0011,0.0017,0.0014,398,397,398,0.0014,0.0727,398,0.0025,NA,NA,NA,NA,NA,NA,0.2027,0.0011,426,0.1622,0.4826,0,0.166,0,Bayes-M17-med
Lukafu,Haut-Katanga,2,FALSE,0.0014,0.0011,0.0018,0.0014,395,394,395,0.0014,0.0743,395,0.0025,NA,NA,NA,NA,NA,NA,0.4015,0.0022,379,0.888,0.3243,0,0.3938,0,Bayes-M17-med
Ngidinga,Kongo-Central,2,FALSE,0.0014,0.0011,0.0018,0.0014,396,396,396,0.0014,0.074,396,0.0025,NA,NA,NA,NA,NA,NA,0.4488,0.0025,367,0.6544,0.7432,0,0.3977,0,Bayes-M17-med
Moanza,Kwilu,2,FALSE,0.0014,0.0011,0.0017,0.0014,399,399,399,0.0014,0.0722,399,0.0025,NA,NA,NA,NA,NA,NA,0.52,0.0028,337,0.5985,0.529,0,0.9527,0,Bayes-M17-med
Kafakumba,Lualaba,2,FALSE,0.0014,0.0011,0.0018,0.0014,393,393,393,0.0014,0.0754,393,0.0026,NA,NA,NA,NA,NA,NA,0.4648,0.0026,352,0.8687,0.2027,0,0.7876,0,Bayes-M17-med
Lubudi,Lualaba,2,FALSE,0.0014,0.0011,0.0017,0.0013,401,400,401,0.0014,0.0718,401,0.0024,NA,NA,NA,NA,NA,NA,0.4667,0.0025,365,0.9151,0.4614,0,0.4903,0,Bayes-M17-med
Kwamouth,Mai-Ndombe,2,FALSE,0.0014,0.0011,0.0018,0.0014,392,392,392,0.0014,0.0765,392,0.0026,NA,NA,NA,NA,NA,NA,0.43,0.0024,368,0.8707,0.417,0,0.4324,0,Bayes-M17-med
Mushie,Mai-Ndombe,2,FALSE,0.0014,0.0011,0.0017,0.0014,397,397,398,0.0014,0.0729,397,0.0025,NA,NA,NA,NA,NA,NA,0.4291,0.0023,374,0.7394,0.3649,0,0.612,0,Bayes-M17-med
Tshudi Loto,Sankuru,2,FALSE,0.0014,0.0011,0.0017,0.0013,400,400,401,0.0014,0.0719,400,0.0024,NA,NA,NA,NA,NA,NA,0.4237,0.0023,377,0.7683,0.0039,0,0.9228,0,Bayes-M17-med
Iboko,Equateur,2,FALSE,0.0013,0.0011,0.0017,0.0013,402,402,403,0.0013,0.071,402,0.0024,NA,NA,NA,NA,NA,NA,0.612,0.0032,318,0.8282,0.7915,0,0.8282,0,Bayes-M17-med
Lotumbe,Equateur,2,FALSE,0.0013,0.001,0.0016,0.0013,406,406,406,0.0013,0.068,406,0.0023,NA,NA,NA,NA,NA,NA,0.5816,0.0029,328,0.9691,0.7085,0,0.6486,0,Bayes-M17-med
Kenya,Haut-Katanga,2,FALSE,0.0013,0.001,0.0017,0.0013,403,402,404,0.0013,0.0703,403,0.0024,NA,NA,NA,NA,NA,NA,0.0569,3e-4,449,0.11,0.0116,0,0.1062,0,Bayes-M17-med
Inga,Kongo-Central,2,FALSE,0.0013,0.001,0.0016,0.0013,405,405,405,0.0013,0.0689,405,0.0023,NA,NA,NA,NA,NA,NA,0.3847,0.002,391,0.5212,0.8243,0,0.1931,0,Bayes-M17-med
Gombe Matadi,Kongo-Central,2,FALSE,0.0013,0.001,0.0017,0.0013,404,403,404,0.0013,0.07,404,0.0024,NA,NA,NA,NA,NA,NA,0.4151,0.0022,381,0.6911,0.7857,0,0.1834,0,Bayes-M17-med
Banzow Moke,Mai-Ndombe,2,FALSE,0.0013,0.001,0.0016,0.0013,408,408,408,0.0013,0.0668,408,0.0023,NA,NA,NA,NA,NA,NA,0.5236,0.0026,353,0.6892,0.5212,0,0.8842,0,Bayes-M17-med
Kiri,Mai-Ndombe,2,FALSE,0.0013,0.001,0.0016,0.0013,407,407,407,0.0013,0.0676,407,0.0023,NA,NA,NA,NA,NA,NA,0.5685,0.0028,332,0.8745,0.4768,0,0.9228,0,Bayes-M17-med
Banga Lubaka,Kasaï,2,FALSE,0.0012,9e-4,0.0014,0.0011,415,415,415,0.0012,0.0608,415,0.0021,NA,NA,NA,NA,NA,NA,0.3205,0.0014,409,0.5174,0.0444,0,0.7201,0,Bayes-M17-med
Luozi,Kongo-Central,2,FALSE,0.0012,0.001,0.0015,0.0012,410,410,410,0.0012,0.0644,410,0.0022,NA,NA,NA,NA,NA,NA,0.5241,0.0025,362,0.7355,0.8861,0,0.4749,0,Bayes-M17-med
Kisanji,Kwango,2,FALSE,0.0012,9e-4,0.0015,0.0012,411,411,411,0.0012,0.0635,411,0.0022,NA,NA,NA,NA,NA,NA,0.5574,0.0026,349,0.8417,0.6544,0,0.7336,0,Bayes-M17-med
Ntandembelo,Mai-Ndombe,2,FALSE,0.0012,9e-4,0.0015,0.0012,413,412,413,0.0012,0.0628,413,0.0021,NA,NA,NA,NA,NA,NA,0.4595,0.0021,384,0.6023,0.4633,0,0.7722,0,Bayes-M17-med
Yumbi,Mai-Ndombe,2,FALSE,0.0012,9e-4,0.0015,0.0012,412,412,413,0.0012,0.0628,412,0.0021,NA,NA,NA,NA,NA,NA,0.2741,0.0013,419,0.4131,0.4015,0,0.2819,0,Bayes-M17-med
Bolobo,Mai-Ndombe,2,FALSE,0.0012,9e-4,0.0015,0.0012,414,414,414,0.0012,0.0623,414,0.0021,NA,NA,NA,NA,NA,NA,0.3388,0.0016,405,0.6313,0.4981,0,0.2259,0,Bayes-M17-med
Bosobe,Mai-Ndombe,2,FALSE,0.0012,0.001,0.0015,0.0012,409,409,409,0.0012,0.0649,409,0.0022,NA,NA,NA,NA,NA,NA,0.4406,0.0021,385,0.4942,0.4093,0,0.8591,0,Bayes-M17-med
Lukolela,Equateur,2,FALSE,0.0011,9e-4,0.0014,0.0011,416,416,416,0.0011,0.06,416,0.002,NA,NA,NA,NA,NA,NA,0.5787,0.0026,358,0.944,0.9151,0,0.4556,0,Bayes-M17-med
Monieka,Equateur,2,FALSE,0.0011,8e-4,0.0013,0.001,421,420,421,0.0011,0.0558,421,0.0019,NA,NA,NA,NA,NA,NA,0.596,0.0025,366,0.9768,0.7336,0,0.6737,0,Bayes-M17-med
Butumba,Haut-Lomami,2,FALSE,0.0011,9e-4,0.0014,0.0011,418,418,418,0.0011,0.0584,418,0.002,NA,NA,NA,NA,NA,NA,0.4595,0.002,388,0.7973,0.4151,0,0.6255,0,Bayes-M17-med
Nzanza,Kongo-Central,2,FALSE,0.0011,9e-4,0.0013,0.0011,419,419,419,0.0011,0.0571,419,0.0019,NA,NA,NA,NA,NA,NA,0.2172,9e-4,435,0.0888,0.6892,0,0.0907,0,Bayes-M17-med
Kimvula,Kongo-Central,2,FALSE,0.0011,9e-4,0.0014,0.0011,417,417,417,0.0011,0.0597,417,0.002,NA,NA,NA,NA,NA,NA,0.569,0.0025,361,0.8629,0.8784,0,0.5347,0,Bayes-M17-med
Mwela Lembwa,Kwango,2,FALSE,0.0011,8e-4,0.0013,0.001,420,420,421,0.0011,0.056,420,0.0019,NA,NA,NA,NA,NA,NA,0.4397,0.0018,395,0.6506,0.3224,0,0.7857,0,Bayes-M17-med
Bomongo,Equateur,2,FALSE,0.001,8e-4,0.0012,0.001,425,424,425,0.001,0.0508,425,0.0017,NA,NA,NA,NA,NA,NA,0.5907,0.0022,378,0.9788,0.8475,0,0.5367,0,Bayes-M17-med
Kizu,Kongo-Central,2,FALSE,0.001,8e-4,0.0012,0.001,424,424,425,0.001,0.0511,424,0.0017,NA,NA,NA,NA,NA,NA,0.3113,0.0012,423,0.2973,0.8707,0,0.0772,0,Bayes-M17-med
Kimpangu,Kongo-Central,2,FALSE,0.001,8e-4,0.0013,0.001,423,423,423,0.001,0.0535,423,0.0018,NA,NA,NA,NA,NA,NA,0.4488,0.0018,396,0.7085,0.9344,0,0.1525,0,Bayes-M17-med
Pendjwa,Mai-Ndombe,2,FALSE,0.001,8e-4,0.0013,0.001,422,422,422,0.001,0.054,422,0.0018,NA,NA,NA,NA,NA,NA,0.4319,0.0017,398,0.7008,0.2124,0,0.8147,0,Bayes-M17-med
Katuba,Haut-Katanga,2,FALSE,9e-4,7e-4,0.0011,9e-4,432,431,432,9e-4,0.0464,432,0.0016,NA,NA,NA,NA,NA,NA,0.0463,2e-4,453,0.0502,0.0309,0,0.1042,0,Bayes-M17-med
Kinda,Haut-Lomami,2,FALSE,9e-4,7e-4,0.0011,9e-4,431,431,432,9e-4,0.0468,431,0.0016,NA,NA,NA,NA,NA,NA,0.5077,0.0018,397,0.9884,0.4266,0,0.6158,0,Bayes-M17-med
Kuimba,Kongo-Central,2,FALSE,9e-4,7e-4,0.0011,9e-4,433,433,433,9e-4,0.0459,433,0.0016,NA,NA,NA,NA,NA,NA,0.3069,0.001,429,0.3784,0.8456,0,0.0039,0,Bayes-M17-med
Tshela,Kongo-Central,2,FALSE,9e-4,7e-4,0.0011,9e-4,428,428,428,9e-4,0.0484,428,0.0016,NA,NA,NA,NA,NA,NA,0.3282,0.0012,424,0.417,0.888,0,0.0077,0,Bayes-M17-med
Mangembo,Kongo-Central,2,FALSE,9e-4,7e-4,0.0012,9e-4,426,426,427,9e-4,0.0487,426,0.0017,NA,NA,NA,NA,NA,NA,0.3726,0.0013,414,0.5598,0.6641,0,0.2664,0,Bayes-M17-med
Nselo,Kongo-Central,2,FALSE,9e-4,7e-4,0.0011,9e-4,430,430,430,9e-4,0.0475,430,0.0016,NA,NA,NA,NA,NA,NA,0.374,0.0013,417,0.6564,0.5347,0,0.305,0,Bayes-M17-med
Kajiji,Kwango,2,FALSE,9e-4,7e-4,0.0011,9e-4,429,429,429,9e-4,0.0481,429,0.0016,NA,NA,NA,NA,NA,NA,0.3533,0.0013,420,0.7934,0.1544,0,0.4653,0,Bayes-M17-med
Kitenda,Kwango,2,FALSE,9e-4,7e-4,0.0011,9e-4,427,426,427,9e-4,0.0486,427,0.0017,NA,NA,NA,NA,NA,NA,0.376,0.0014,412,0.6641,0.4247,0,0.4151,0,Bayes-M17-med
Kashobwe,Haut-Katanga,2,FALSE,8e-4,6e-4,0.001,8e-4,436,436,437,8e-4,0.0423,436,0.0014,NA,NA,NA,NA,NA,NA,0.3243,0.001,431,0.805,0.3012,0,0.1911,0,Bayes-M17-med
Baka,Haut-Lomami,2,FALSE,8e-4,6e-4,0.001,8e-4,437,436,437,8e-4,0.0423,437,0.0014,NA,NA,NA,NA,NA,NA,0.4319,0.0014,413,0.4344,0.8919,0,0.4015,0,Bayes-M17-med
Boma Bungu,Kongo-Central,2,FALSE,8e-4,6e-4,0.001,8e-4,435,434,435,8e-4,0.0435,435,0.0015,NA,NA,NA,NA,NA,NA,0.3209,0.001,430,0.5811,0.5676,0,0.1351,0,Bayes-M17-med
Kinkonzi,Kongo-Central,2,FALSE,8e-4,7e-4,0.001,8e-4,434,434,435,8e-4,0.0436,434,0.0015,NA,NA,NA,NA,NA,NA,0.4252,0.0014,411,0.6236,0.8958,0,0.1815,0,Bayes-M17-med
Sona Bata,Kongo-Central,2,FALSE,8e-4,6e-4,0.001,8e-4,438,438,438,8e-4,0.0407,438,0.0014,NA,NA,NA,NA,NA,NA,0.43,0.0013,418,0.7259,0.7896,0,0.2046,0,Bayes-M17-med
Bolenge,Equateur,2,FALSE,7e-4,5e-4,8e-4,7e-4,442,442,442,7e-4,0.0351,442,0.0012,NA,NA,NA,NA,NA,NA,0.5391,0.0014,410,0.7954,0.8514,0,0.5097,0,Bayes-M17-med
Kilela Balanda,Haut-Katanga,2,FALSE,7e-4,6e-4,9e-4,7e-4,439,439,439,7e-4,0.0391,439,0.0013,NA,NA,NA,NA,NA,NA,0.3132,9e-4,436,0.9228,0.0927,0,0.2375,0,Bayes-M17-med
Tembo,Kwango,2,FALSE,7e-4,6e-4,9e-4,7e-4,440,440,441,7e-4,0.039,440,0.0013,NA,NA,NA,NA,NA,NA,0.3205,9e-4,433,0.7876,0.3977,0,0.0965,0,Bayes-M17-med
Bunkeya,Lualaba,2,FALSE,7e-4,6e-4,9e-4,7e-4,441,440,441,7e-4,0.039,441,0.0013,NA,NA,NA,NA,NA,NA,0.4218,0.0012,422,0.8243,0.5019,0,0.361,0,Bayes-M17-med
Bobozo,Kasaï-Central,2,FALSE,6e-4,5e-4,8e-4,6e-4,444,444,444,6e-4,0.0327,444,0.0011,NA,NA,NA,NA,NA,NA,0.2336,6e-4,443,0.1602,0.2857,0,0.4884,0,Bayes-M17-med
Vaku,Kongo-Central,2,FALSE,6e-4,5e-4,8e-4,6e-4,443,443,443,6e-4,0.0338,443,0.0012,NA,NA,NA,NA,NA,NA,0.4194,0.0011,427,0.5676,0.9421,0,0.168,0,Bayes-M17-med
Mampoko,Equateur,2,FALSE,5e-4,4e-4,6e-4,5e-4,447,447,447,5e-4,0.0243,447,8e-4,NA,NA,NA,NA,NA,NA,0.5135,9e-4,434,0.8919,0.5058,0,0.6564,0,Bayes-M17-med
Vangu,Haut-Katanga,2,FALSE,5e-4,4e-4,7e-4,5e-4,445,445,445,5e-4,0.0282,445,0.001,NA,NA,NA,NA,NA,NA,0.1081,2e-4,451,0.1158,0.1699,0,0.1467,0,Bayes-M17-med
Kibunzi,Kongo-Central,2,FALSE,5e-4,4e-4,6e-4,5e-4,446,446,446,5e-4,0.0256,446,9e-4,NA,NA,NA,NA,NA,NA,0.4175,8e-4,438,0.7046,0.5251,0,0.4402,0,Bayes-M17-med
Ntondo,Equateur,2,FALSE,4e-4,3e-4,5e-4,4e-4,448,448,448,4e-4,0.0222,448,8e-4,NA,NA,NA,NA,NA,NA,0.6125,0.001,432,0.8996,0.7259,0,0.8243,0,Bayes-M17-med
Mutshatsha,Lualaba,2,FALSE,4e-4,3e-4,5e-4,4e-4,449,449,449,4e-4,0.021,449,7e-4,NA,NA,NA,NA,NA,NA,0.3808,6e-4,442,0.971,0.1023,0,0.4498,0,Bayes-M17-med
Mimia,Mai-Ndombe,2,FALSE,4e-4,3e-4,5e-4,4e-4,450,450,450,4e-4,0.0195,450,7e-4,NA,NA,NA,NA,NA,NA,0.4841,7e-4,441,0.9614,0.0521,0,0.9228,0,Bayes-M17-med
Lilanga Bobangi,Equateur,2,FALSE,3e-4,2e-4,3e-4,3e-4,451,451,451,3e-4,0.0148,451,5e-4,NA,NA,NA,NA,NA,NA,0.4117,5e-4,445,0.9382,0.2664,0,0.4421,0,Bayes-M17-med
Irebu,Equateur,2,FALSE,2e-4,2e-4,3e-4,2e-4,454,454,454,2e-4,0.0107,454,4e-4,NA,NA,NA,NA,NA,NA,0.5473,4e-4,446,0.9305,0.6776,0,0.5811,0,Bayes-M17-med
Kamalondo,Haut-Katanga,2,FALSE,2e-4,2e-4,3e-4,2e-4,453,453,453,2e-4,0.0112,453,4e-4,NA,NA,NA,NA,NA,NA,0.0352,0,455,0.029,0.0019,0,0.11,0,Bayes-M17-med
Kowe,Haut-Katanga,2,FALSE,2e-4,2e-4,3e-4,2e-4,452,452,452,2e-4,0.0113,452,4e-4,NA,NA,NA,NA,NA,NA,0.07,1e-4,454,0.0714,0.0811,0,0.1274,0,Bayes-M17-med
Kitona,Kongo-Central,2,FALSE,2e-4,1e-4,2e-4,2e-4,455,455,455,2e-4,0.0081,455,3e-4,NA,NA,NA,NA,NA,NA,0.293,2e-4,452,0.5907,0.5792,0,0.0019,0,Bayes-M17-med
Bokoro,Mai-Ndombe,2,FALSE,0,0,0,0,456,456,456,0,2e-4,456,0,NA,NA,NA,NA,NA,NA,0.471,0,456,0.6873,0.5097,0,0.6873,0,Bayes-M17-med
Idjwi,Sud-Kivu,2,FALSE,0,0,0,0,457,457,457,0,0,457,0,NA,NA,NA,NA,NA,NA,0.3007,0,457,0.2992,0.8224,0,0.0811,0,Bayes-M17-med
Buta,Bas-Uele,2,TRUE,NA,NA,NA,NA,NA,NA,NA,NA,NA,NA,NA,NA,NA,NA,NA,NA,NA,0.7225,NA,NA,0.9749,0.9923,0,0.9228,0,Bayes-M17-med
Ganga,Bas-Uele,2,TRUE,NA,NA,NA,NA,NA,NA,NA,NA,NA,NA,NA,NA,NA,NA,NA,NA,NA,0.7218,NA,NA,0.9672,0.9556,0,0.9643,0,Bayes-M17-med
Viadana,Bas-Uele,2,TRUE,NA,NA,NA,NA,NA,NA,NA,NA,NA,NA,NA,NA,NA,NA,NA,NA,NA,0.6846,NA,NA,0.9131,0.9788,0,0.8465,0,Bayes-M17-med
Boma Mangbetu,Haut-Uele,2,TRUE,NA,NA,NA,NA,NA,NA,NA,NA,NA,NA,NA,NA,NA,NA,NA,NA,NA,0.4122,NA,NA,0.2857,0.5039,0,0.8591,0,Bayes-M17-med
Gombari,Haut-Uele,2,TRUE,NA,NA,NA,NA,NA,NA,NA,NA,NA,NA,NA,NA,NA,NA,NA,NA,NA,0.5772,NA,NA,0.9633,0.8012,0,0.5444,0,Bayes-M17-med
Isiro,Haut-Uele,2,TRUE,NA,NA,NA,NA,NA,NA,NA,NA,NA,NA,NA,NA,NA,NA,NA,NA,NA,0.5253,NA,NA,0.39,0.7587,0,0.9527,0,Bayes-M17-med
Pawa,Haut-Uele,2,TRUE,NA,NA,NA,NA,NA,NA,NA,NA,NA,NA,NA,NA,NA,NA,NA,NA,NA,0.4315,NA,NA,0.2934,0.5734,0,0.8591,0,Bayes-M17-med
Rungu,Haut-Uele,2,TRUE,NA,NA,NA,NA,NA,NA,NA,NA,NA,NA,NA,NA,NA,NA,NA,NA,NA,0.6474,NA,NA,0.8224,0.8031,0,0.9643,0,Bayes-M17-med
Wamba,Haut-Uele,2,TRUE,NA,NA,NA,NA,NA,NA,NA,NA,NA,NA,NA,NA,NA,NA,NA,NA,NA,0.4817,NA,NA,0.6737,0.4363,0,0.8166,0,Bayes-M17-med
Adja,Ituri,2,TRUE,NA,NA,NA,NA,NA,NA,NA,NA,NA,NA,NA,NA,NA,NA,NA,NA,NA,0.2645,NA,NA,0.249,0.4286,0,0.3803,0,Bayes-M17-med
Ariwara,Ituri,2,TRUE,NA,NA,NA,NA,NA,NA,NA,NA,NA,NA,NA,NA,NA,NA,NA,NA,NA,0.2862,NA,NA,0.1988,0.6988,0,0.2471,0,Bayes-M17-med
Aru,Ituri,2,TRUE,NA,NA,NA,NA,NA,NA,NA,NA,NA,NA,NA,NA,NA,NA,NA,NA,NA,0.3528,NA,NA,0.3012,0.8417,0,0.2683,0,Bayes-M17-med
Aungba,Ituri,2,TRUE,NA,NA,NA,NA,NA,NA,NA,NA,NA,NA,NA,NA,NA,NA,NA,NA,NA,0.3354,NA,NA,0.3108,0.6564,0,0.3745,0,Bayes-M17-med
Kambala,Ituri,2,TRUE,NA,NA,NA,NA,NA,NA,NA,NA,NA,NA,NA,NA,NA,NA,NA,NA,NA,0.347,NA,NA,0.3668,0.612,0,0.4093,0,Bayes-M17-med
Logo,Ituri,2,TRUE,NA,NA,NA,NA,NA,NA,NA,NA,NA,NA,NA,NA,NA,NA,NA,NA,NA,0.2384,NA,NA,0.1757,0.5927,0,0.1853,0,Bayes-M17-med
Mahagi,Ituri,2,TRUE,NA,NA,NA,NA,NA,NA,NA,NA,NA,NA,NA,NA,NA,NA,NA,NA,NA,0.2292,NA,NA,0.1718,0.6004,0,0.1448,0,Bayes-M17-med
Rimba,Ituri,2,TRUE,NA,NA,NA,NA,NA,NA,NA,NA,NA,NA,NA,NA,NA,NA,NA,NA,NA,0.306,NA,NA,0.2008,0.7124,0,0.3108,0,Bayes-M17-med
Bambu,Ituri,2,TRUE,NA,NA,NA,NA,NA,NA,NA,NA,NA,NA,NA,NA,NA,NA,NA,NA,NA,0.2399,NA,NA,0.2046,0.4691,0,0.2857,0,Bayes-M17-med
Boga,Ituri,2,TRUE,NA,NA,NA,NA,NA,NA,NA,NA,NA,NA,NA,NA,NA,NA,NA,NA,NA,0.264,NA,NA,0.3861,0.36870000000000003,0,0.3012,0,Bayes-M17-med
Bunia,Ituri,2,TRUE,NA,NA,NA,NA,NA,NA,NA,NA,NA,NA,NA,NA,NA,NA,NA,NA,NA,0.2326,NA,NA,0.1178,0.5637,0,0.249,0,Bayes-M17-med
Damas,Ituri,2,TRUE,NA,NA,NA,NA,NA,NA,NA,NA,NA,NA,NA,NA,NA,NA,NA,NA,NA,0.3224,NA,NA,0.4479,0.3282,0,0.5135,0,Bayes-M17-med
Drodro,Ituri,2,TRUE,NA,NA,NA,NA,NA,NA,NA,NA,NA,NA,NA,NA,NA,NA,NA,NA,NA,0.2674,NA,NA,0.2066,0.5907,0,0.2722,0,Bayes-M17-med
Fataki,Ituri,2,TRUE,NA,NA,NA,NA,NA,NA,NA,NA,NA,NA,NA,NA,NA,NA,NA,NA,NA,0.3185,NA,NA,0.2259,0.7201,0,0.3282,0,Bayes-M17-med
Gety,Ituri,2,TRUE,NA,NA,NA,NA,NA,NA,NA,NA,NA,NA,NA,NA,NA,NA,NA,NA,NA,0.2592,NA,NA,0.3359,0.2973,0,0.4035,0,Bayes-M17-med
Kilo,Ituri,2,TRUE,NA,NA,NA,NA,NA,NA,NA,NA,NA,NA,NA,NA,NA,NA,NA,NA,NA,0.1448,NA,NA,0.2201,0.0502,0,0.3089,0,Bayes-M17-med
Komanda,Ituri,2,TRUE,NA,NA,NA,NA,NA,NA,NA,NA,NA,NA,NA,NA,NA,NA,NA,NA,NA,0.2341,NA,NA,0.3089,0.1197,0,0.5077,0,Bayes-M17-med
Lita,Ituri,2,TRUE,NA,NA,NA,NA,NA,NA,NA,NA,NA,NA,NA,NA,NA,NA,NA,NA,NA,0.306,NA,NA,0.2761,0.7046,0,0.2432,0,Bayes-M17-med
Lolwa,Ituri,2,TRUE,NA,NA,NA,NA,NA,NA,NA,NA,NA,NA,NA,NA,NA,NA,NA,NA,NA,0.3205,NA,NA,0.6429,0,0,0.639,0,Bayes-M17-med
Mambasa,Ituri,2,TRUE,NA,NA,NA,NA,NA,NA,NA,NA,NA,NA,NA,NA,NA,NA,NA,NA,NA,0.4324,NA,NA,0.8842,0.2625,0,0.583,0,Bayes-M17-med
Mandima,Ituri,2,TRUE,NA,NA,NA,NA,NA,NA,NA,NA,NA,NA,NA,NA,NA,NA,NA,NA,NA,0.2659,NA,NA,0.4846,0.2896,0,0.2896,0,Bayes-M17-med
Mangala,Ituri,2,TRUE,NA,NA,NA,NA,NA,NA,NA,NA,NA,NA,NA,NA,NA,NA,NA,NA,NA,0.3021,NA,NA,0.305,0.6158,0,0.2876,0,Bayes-M17-med
Mongbwalu,Ituri,2,TRUE,NA,NA,NA,NA,NA,NA,NA,NA,NA,NA,NA,NA,NA,NA,NA,NA,NA,0.2616,NA,NA,0.4112,0.1834,0,0.4517,0,Bayes-M17-med
Nia Nia,Ituri,2,TRUE,NA,NA,NA,NA,NA,NA,NA,NA,NA,NA,NA,NA,NA,NA,NA,NA,NA,0.2978,NA,NA,0.666,0.0212,0,0.5039,0,Bayes-M17-med
Nizi,Ituri,2,TRUE,NA,NA,NA,NA,NA,NA,NA,NA,NA,NA,NA,NA,NA,NA,NA,NA,NA,0.1771,NA,NA,0.1544,0.3378,0,0.2162,0,Bayes-M17-med
Nyankunde,Ituri,2,TRUE,NA,NA,NA,NA,NA,NA,NA,NA,NA,NA,NA,NA,NA,NA,NA,NA,NA,0.2514,NA,NA,0.2838,0.2432,0,0.4788,0,Bayes-M17-med
Rwampara,Ituri,2,TRUE,NA,NA,NA,NA,NA,NA,NA,NA,NA,NA,NA,NA,NA,NA,NA,NA,NA,0.319,NA,NA,0.2375,0.7452,0,0.2934,0,Bayes-M17-med
Tchomia,Ituri,2,TRUE,NA,NA,NA,NA,NA,NA,NA,NA,NA,NA,NA,NA,NA,NA,NA,NA,NA,0.1998,NA,NA,0.2104,0.3745,0,0.2143,0,Bayes-M17-med
Beni,Nord-Kivu,2,TRUE,NA,NA,NA,NA,NA,NA,NA,NA,NA,NA,NA,NA,NA,NA,NA,NA,NA,0.1559,NA,NA,0.1525,0.2297,0,0.2413,0,Bayes-M17-med
Biena,Nord-Kivu,2,TRUE,NA,NA,NA,NA,NA,NA,NA,NA,NA,NA,NA,NA,NA,NA,NA,NA,NA,0.2013,NA,NA,0.251,0.166,0,0.388,0,Bayes-M17-med
Butembo,Nord-Kivu,2,TRUE,NA,NA,NA,NA,NA,NA,NA,NA,NA,NA,NA,NA,NA,NA,NA,NA,NA,0.1829,NA,NA,0.1139,0.388,0,0.2297,0,Bayes-M17-med
Kalunguta,Nord-Kivu,2,TRUE,NA,NA,NA,NA,NA,NA,NA,NA,NA,NA,NA,NA,NA,NA,NA,NA,NA,0.1559,NA,NA,0.195,0.2066,0,0.222,0,Bayes-M17-med
Katwa,Nord-Kivu,2,TRUE,NA,NA,NA,NA,NA,NA,NA,NA,NA,NA,NA,NA,NA,NA,NA,NA,NA,0.1998,NA,NA,0.0869,0.4846,0,0.2278,0,Bayes-M17-med
Kyondo,Nord-Kivu,2,TRUE,NA,NA,NA,NA,NA,NA,NA,NA,NA,NA,NA,NA,NA,NA,NA,NA,NA,0.3238,NA,NA,0.2954,0.7973,0,0.2027,0,Bayes-M17-med
Lubero,Nord-Kivu,2,TRUE,NA,NA,NA,NA,NA,NA,NA,NA,NA,NA,NA,NA,NA,NA,NA,NA,NA,0.4585,NA,NA,0.5734,0.9382,0,0.3224,0,Bayes-M17-med
Mabalako,Nord-Kivu,2,TRUE,NA,NA,NA,NA,NA,NA,NA,NA,NA,NA,NA,NA,NA,NA,NA,NA,NA,0.1573,NA,NA,0.1931,0.2046,0,0.2317,0,Bayes-M17-med
Manguredjipa,Nord-Kivu,2,TRUE,NA,NA,NA,NA,NA,NA,NA,NA,NA,NA,NA,NA,NA,NA,NA,NA,NA,0.3475,NA,NA,0.778,0.0579,0,0.5541,0,Bayes-M17-med
Masereka,Nord-Kivu,2,TRUE,NA,NA,NA,NA,NA,NA,NA,NA,NA,NA,NA,NA,NA,NA,NA,NA,NA,0.36870000000000003,NA,NA,0.2548,0.9807,0,0.2394,0,Bayes-M17-med
Musienene,Nord-Kivu,2,TRUE,NA,NA,NA,NA,NA,NA,NA,NA,NA,NA,NA,NA,NA,NA,NA,NA,NA,0.319,NA,NA,0.2645,0.7317,0,0.2799,0,Bayes-M17-med
Mutwanga,Nord-Kivu,2,TRUE,NA,NA,NA,NA,NA,NA,NA,NA,NA,NA,NA,NA,NA,NA,NA,NA,NA,0.2408,NA,NA,0.2606,0.4672,0,0.2355,0,Bayes-M17-med
Oicha,Nord-Kivu,2,TRUE,NA,NA,NA,NA,NA,NA,NA,NA,NA,NA,NA,NA,NA,NA,NA,NA,NA,0.3364,NA,NA,0.3243,0.7606,0,0.2606,0,Bayes-M17-med
Vuhovi,Nord-Kivu,2,TRUE,NA,NA,NA,NA,NA,NA,NA,NA,NA,NA,NA,NA,NA,NA,NA,NA,NA,0.2611,NA,NA,0.2027,0.6178,0,0.2239,0,Bayes-M17-med
Goma,Nord-Kivu,2,TRUE,NA,NA,NA,NA,NA,NA,NA,NA,NA,NA,NA,NA,NA,NA,NA,NA,NA,0.2669,NA,NA,0.1274,0.8977,0,0.0425,0,Bayes-M17-med
Kayna,Nord-Kivu,2,TRUE,NA,NA,NA,NA,NA,NA,NA,NA,NA,NA,NA,NA,NA,NA,NA,NA,NA,0.3113,NA,NA,0.2278,0.6332,0,0.3842,0,Bayes-M17-med
Miti Murhesa,Sud-Kivu,2,TRUE,NA,NA,NA,NA,NA,NA,NA,NA,NA,NA,NA,NA,NA,NA,NA,NA,NA,0.3277,NA,NA,0.2355,0.9131,0,0.1622,0,Bayes-M17-med
Bulu,Sud-Ubangi,2,TRUE,NA,NA,NA,NA,NA,NA,NA,NA,NA,NA,NA,NA,NA,NA,NA,NA,NA,0.3147,NA,NA,0.3649,0.1988,0,0.695,0,Bayes-M17-med
Bafwasende,Tshopo,2,TRUE,NA,NA,NA,NA,NA,NA,NA,NA,NA,NA,NA,NA,NA,NA,NA,NA,NA,0.4546,NA,NA,0.9073,0.2413,0,0.6699,0,Bayes-M17-med
Kabondo,Tshopo,2,TRUE,NA,NA,NA,NA,NA,NA,NA,NA,NA,NA,NA,NA,NA,NA,NA,NA,NA,0.18,NA,NA,0.1911,0.2722,0,0.2568,0,Bayes-M17-med
Lubunga (Tshopo),Tshopo,2,TRUE,NA,NA,NA,NA,NA,NA,NA,NA,NA,NA,NA,NA,NA,NA,NA,NA,NA,0.2288,NA,NA,0.2452,0.3436,0,0.3263,0,Bayes-M17-med
Makiso Kisangani,Tshopo,2,TRUE,NA,NA,NA,NA,NA,NA,NA,NA,NA,NA,NA,NA,NA,NA,NA,NA,NA,0.2355,NA,NA,0.1332,0.5309,0,0.278,0,Bayes-M17-med
Mangobo,Tshopo,2,TRUE,NA,NA,NA,NA,NA,NA,NA,NA,NA,NA,NA,NA,NA,NA,NA,NA,NA,0.2061,NA,NA,0.0792,0.4382,0,0.3069,0,Bayes-M17-med
Tshopo,Tshopo,2,TRUE,NA,NA,NA,NA,NA,NA,NA,NA,NA,NA,NA,NA,NA,NA,NA,NA,NA,0.2466,NA,NA,0.361,0.334,0,0.2915,0,Bayes-M17-med
Wanierukula,Tshopo,2,TRUE,NA,NA,NA,NA,NA,NA,NA,NA,NA,NA,NA,NA,NA,NA,NA,NA,NA,0.473,NA,NA,0.8436,0.5521,0,0.4961,0,Bayes-M17-med
