health_zone,province,horizon,was_active_before,p_case_invasion,p_case_lo,p_case_hi,p_median,rank_med,rank_lo,rank_hi,mu_forecast,rr_nat,rr_nat_rank,rr01_nat,rr_ituri,rr_ituri_rank,rr_nordkivu,rr_nordkivu_rank,rr_hautuele,rr_hautuele_rank,V,priority,priority_rank,surveillance_gap,healthcare_gap,access_gap,social_vulnerability,healthcare_travel_min,method
Rethy,Ituri,1,FALSE,0.4604,0.3759,0.548,0.4596,1,1,1,0.6217,58.5018,1,1,3.7274,1,NA,NA,NA,NA,0.2703,0.7394,2,0.2143,0.6081,0,0.2587,0,Bayes-M17-med
Watsa,Haut-Uele,1,FALSE,0.3508,0.2815,0.4242,0.3493,2,2,2,0.4343,40.8678,2,0.762,NA,NA,NA,NA,3.6497,1,0.4797,1,1,0.7297,0.8436,0,0.3456,0,Bayes-M17-med
Nyarambe,Ituri,1,FALSE,0.1891,0.1494,0.2327,0.1883,3,3,3,0.2101,19.7699,3,0.4107,1.2596,2,NA,NA,NA,NA,0.1805,0.2028,9,0.1699,0.4595,0,0.0927,0,Bayes-M17-med
Kayna,Nord-Kivu,1,FALSE,0.1387,0.1084,0.1722,0.1381,4,4,5,0.1496,14.076,4,0.3013,NA,NA,3.1119,1,NA,NA,0.3113,0.2566,7,0.2278,0.6332,0,0.3842,0,Bayes-M17-med
Biringi,Ituri,1,FALSE,0.1367,0.1066,0.1698,0.1357,5,4,5,0.1472,13.8535,5,0.2969,0.8827,3,NA,NA,NA,NA,0.3494,0.2838,5,0.3958,0.4865,0,0.5154,0,Bayes-M17-med
Dungu,Haut-Uele,1,FALSE,0.1186,0.0921,0.1481,0.1177,6,6,6,0.1265,11.9019,6,0.2577,NA,NA,NA,NA,1.0629,2,0.5275,0.3719,3,0.8726,0.5598,0,0.6776,0,Bayes-M17-med
Makoro,Haut-Uele,1,FALSE,0.1131,0.0877,0.1415,0.1122,7,7,7,0.1202,11.3086,7,0.2456,NA,NA,NA,NA,1.0099,3,0.3822,0.2568,6,0.556,0.5483,0,0.4247,0,Bayes-M17-med
Angumu,Ituri,1,FALSE,0.101,0.0777,0.1269,0.1002,8,8,8,0.1066,10.0336,8,0.2194,0.6393,4,NA,NA,NA,NA,0.11,0.0661,32,0.1641,0.1641,0,0.112,0,Bayes-M17-med
Karisimbi,Nord-Kivu,1,FALSE,0.0957,0.0739,0.1201,0.0949,9,9,9,0.1008,9.4814,9,0.208,NA,NA,2.0961,2,NA,NA,0.1597,0.0909,21,0.0907,0.5154,0,0.0328,0,Bayes-M17-med
Linga,Ituri,1,FALSE,0.0781,0.0599,0.0985,0.0774,10,10,11,0.0814,7.6583,10,0.1696,0.4879,5,NA,NA,NA,NA,0.2148,0.0996,18,0.1969,0.3417,0,0.3205,0,Bayes-M17-med
Niangara,Haut-Uele,1,FALSE,0.0779,0.0599,0.098,0.0773,11,10,11,0.0812,7.642,11,0.1693,NA,NA,NA,NA,0.6825,4,0.5512,0.2552,8,0.8031,0.4324,0,0.9691,0,Bayes-M17-med
Bafwagbogbo,Tshopo,1,FALSE,0.0742,0.0564,0.0941,0.0736,12,12,13,0.0772,7.2675,12,0.1613,NA,NA,NA,NA,NA,NA,0.3948,0.1742,10,0.8591,0.027,0,0.6931,0,Bayes-M17-med
Poko,Bas-Uele,1,FALSE,0.074,0.0555,0.095,0.0735,13,12,15,0.077,7.2415,13,0.1607,NA,NA,NA,NA,NA,NA,0.7271,0.3197,4,0.9923,0.9517,0,0.9643,0,Bayes-M17-med
Rutshuru,Nord-Kivu,1,FALSE,0.0715,0.0552,0.0897,0.071,14,12,15,0.0743,6.9887,14,0.1553,NA,NA,1.545,3,NA,NA,0.3721,0.1581,12,0.4093,0.9942,0,0.0849,0,Bayes-M17-med
Jiba,Ituri,1,FALSE,0.0714,0.0544,0.0908,0.0707,15,14,16,0.0742,6.9806,15,0.1552,0.4448,6,NA,NA,NA,NA,0.1651,0.0701,29,0.1815,0.1274,0,0.3514,0,Bayes-M17-med
Nyiragongo,Nord-Kivu,1,FALSE,0.0709,0.0547,0.0893,0.0704,16,14,16,0.0736,6.9272,16,0.154,NA,NA,1.5314,4,NA,NA,0.2891,0.1218,15,0.2432,0.8764,0,0.0367,0,Bayes-M17-med
Kirotshe,Nord-Kivu,1,FALSE,0.0679,0.0522,0.0855,0.0673,17,17,17,0.0704,6.6204,17,0.1474,NA,NA,1.4636,5,NA,NA,0.3842,0.155,13,0.3764,0.9961,0,0.1641,0,Bayes-M17-med
Alimbongo,Nord-Kivu,1,FALSE,0.0643,0.0495,0.0807,0.0639,18,18,18,0.0665,6.2558,18,0.1396,NA,NA,1.383,6,NA,NA,0.4262,0.1628,11,0.5849,0.7471,0,0.3726,0,Bayes-M17-med
Kamango,Nord-Kivu,1,FALSE,0.0583,0.0448,0.0735,0.0579,19,19,19,0.0601,5.6591,19,0.1267,NA,NA,1.2511,7,NA,NA,0.4373,0.1515,14,0.6583,0.917,0,0.1737,0,Bayes-M17-med
Rwanguba,Nord-Kivu,1,FALSE,0.0554,0.0426,0.0697,0.0549,20,20,20,0.057,5.3653,20,0.1203,NA,NA,1.1861,8,NA,NA,0.2442,0.0804,27,0.2085,0.7027,0,0.0656,0,Bayes-M17-med
Adi,Ituri,1,FALSE,0.0501,0.038,0.0638,0.0496,21,21,21,0.0514,4.8387,21,0.1088,0.3083,7,NA,NA,NA,NA,0.3977,0.1184,16,0.2587,0.7104,0,0.6216,0,Bayes-M17-med
Kibirizi,Nord-Kivu,1,FALSE,0.0468,0.036,0.0589,0.0465,22,22,22,0.048,4.517,22,0.1017,NA,NA,0.9986,9,NA,NA,0.4175,0.1162,17,0.5405,0.8552,0,0.2741,0,Bayes-M17-med
Laybo,Ituri,1,FALSE,0.0408,0.031,0.0518,0.0404,23,23,23,0.0417,3.9238,23,0.0887,0.25,8,NA,NA,NA,NA,0.3393,0.0823,26,0.3069,0.556,0,0.4942,0,Bayes-M17-med
Minova,Sud-Kivu,1,FALSE,0.038,0.0291,0.0481,0.0377,24,24,24,0.0388,3.6483,24,0.0826,NA,NA,NA,NA,NA,NA,0.3866,0.0873,22,0.4421,0.9826,0,0.1216,0,Bayes-M17-med
Ibanda,Sud-Kivu,1,FALSE,0.0366,0.028,0.0463,0.0363,25,25,25,0.0373,3.5129,25,0.0796,NA,NA,NA,NA,NA,NA,0.2307,0.0502,40,0.083,0.6216,0,0.2181,0,Bayes-M17-med
Faradje,Haut-Uele,1,FALSE,0.0361,0.0275,0.0458,0.0357,26,26,26,0.0368,3.4592,26,0.0784,NA,NA,NA,NA,0.3089,5,0.4474,0.0959,20,0.7606,0.666,0,0.3629,0,Bayes-M17-med
Mweso,Nord-Kivu,1,FALSE,0.0349,0.0266,0.0441,0.0345,27,27,27,0.0355,3.3399,27,0.0757,NA,NA,0.7384,10,NA,NA,0.4189,0.0868,23,0.4498,0.9614,0,0.2645,0,Bayes-M17-med
Banalia,Tshopo,1,FALSE,0.0328,0.0249,0.0418,0.0325,28,28,29,0.0334,3.1407,28,0.0713,NA,NA,NA,NA,NA,NA,0.4242,0.0827,25,0.7799,0.1178,0,0.7992,0,Bayes-M17-med
Masisi,Nord-Kivu,1,FALSE,0.0325,0.0248,0.0412,0.0322,29,28,29,0.033,3.1073,29,0.0705,NA,NA,0.687,11,NA,NA,0.4402,0.0849,24,0.4324,0.9575,0,0.3707,0,Bayes-M17-med
Nsele,Kinshasa,1,FALSE,0.0302,0.0232,0.0381,0.03,30,30,30,0.0307,2.8902,30,0.0657,NA,NA,NA,NA,NA,NA,0.1583,0.0284,55,0.139,0.3996,0,0.0946,0,Bayes-M17-med
Binza,Nord-Kivu,1,FALSE,0.0294,0.0225,0.0371,0.0291,31,31,32,0.0298,2.8059,31,0.0638,NA,NA,0.6203,12,NA,NA,0.3518,0.0614,33,0.471,0.8378,0,0.0985,0,Bayes-M17-med
Aba,Haut-Uele,1,FALSE,0.029,0.022,0.0369,0.0287,32,31,33,0.0294,2.7687,32,0.063,NA,NA,NA,NA,0.2473,6,0.569,0.098,19,0.6004,0.6853,0,0.9903,0,Bayes-M17-med
Bambo,Nord-Kivu,1,FALSE,0.0285,0.0219,0.036,0.0283,33,32,33,0.0289,2.7219,33,0.0619,NA,NA,0.6017,13,NA,NA,0.3962,0.0671,31,0.5521,0.9073,0,0.1255,0,Bayes-M17-med
Gombe,Kinshasa,1,FALSE,0.0274,0.0211,0.0345,0.0272,35,34,35,0.0278,2.612,35,0.0594,NA,NA,NA,NA,NA,NA,0.1622,0.0264,61,0.0695,0.5695,0,0.0097,0,Bayes-M17-med
Kadutu,Sud-Kivu,1,FALSE,0.0274,0.0209,0.0347,0.0271,34,34,35,0.0278,2.6122,34,0.0595,NA,NA,NA,NA,NA,NA,0.1636,0.0266,59,0.0579,0.3861,0,0.2104,0,Bayes-M17-med
Katana,Sud-Kivu,1,FALSE,0.0261,0.0199,0.033,0.0258,36,36,36,0.0264,2.4866,36,0.0566,NA,NA,NA,NA,NA,NA,0.3224,0.0499,41,0.2471,0.9112,0,0.1313,0,Bayes-M17-med
Kabare,Sud-Kivu,1,FALSE,0.0257,0.0196,0.0326,0.0254,37,37,37,0.026,2.4482,37,0.0558,NA,NA,NA,NA,NA,NA,0.3567,0.0544,39,0.2394,0.9884,0,0.1988,0,Bayes-M17-med
Uvira,Sud-Kivu,1,FALSE,0.0236,0.0179,0.03,0.0234,38,38,38,0.0239,2.2492,38,0.0513,NA,NA,NA,NA,NA,NA,0.5502,0.0772,28,0.2181,0.9846,0,0.9981,0,Bayes-M17-med
Binza Ozone,Kinshasa,1,FALSE,0.0224,0.0172,0.0282,0.0222,39,39,39,0.0226,2.1302,39,0.0486,NA,NA,NA,NA,NA,NA,0.152,0.0202,70,0.0734,0.5232,0,0.0116,0,Bayes-M17-med
Limete,Kinshasa,1,FALSE,0.0217,0.0167,0.0273,0.0215,41,40,41,0.0219,2.062,41,0.0471,NA,NA,NA,NA,NA,NA,0.056,0.0072,141,0.0405,0.1371,0,0.0463,0,Bayes-M17-med
Katoyi,Nord-Kivu,1,FALSE,0.0217,0.0165,0.0275,0.0215,40,40,41,0.0219,2.0639,40,0.0471,NA,NA,0.4563,14,NA,NA,0.4542,0.0585,36,0.4614,0.9595,0,0.3958,0,Bayes-M17-med
Walikale,Nord-Kivu,1,FALSE,0.02,0.0151,0.0255,0.0198,42,42,43,0.0202,1.8973,42,0.0433,NA,NA,0.4194,15,NA,NA,0.5729,0.0679,30,0.9459,0.9286,0,0.417,0,Bayes-M17-med
Walungu,Sud-Kivu,1,FALSE,0.0198,0.015,0.0252,0.0196,43,43,44,0.02,1.8808,43,0.043,NA,NA,NA,NA,NA,NA,0.3248,0.0382,43,0.1853,0.8803,0,0.2336,0,Bayes-M17-med
Kokolo,Kinshasa,1,FALSE,0.0193,0.0148,0.0243,0.0192,44,42,44,0.0195,1.8345,44,0.0419,NA,NA,NA,NA,NA,NA,0.2172,0.0249,65,0.0772,0.7722,0,0.0193,0,Bayes-M17-med
Lingwala,Kinshasa,1,FALSE,0.0188,0.0145,0.0237,0.0186,45,45,45,0.019,1.7841,45,0.0408,NA,NA,NA,NA,NA,NA,0.0323,0.0036,249,0.0232,0.0907,0,0.0154,0,Bayes-M17-med
Ruzizi,Sud-Kivu,1,FALSE,0.0183,0.0139,0.0233,0.0181,46,46,47,0.0185,1.7395,46,0.0398,NA,NA,NA,NA,NA,NA,0.5627,0.0612,34,0.3494,0.9093,0,0.9923,0,Bayes-M17-med
Kinshasa,Kinshasa,1,FALSE,0.0179,0.0138,0.0226,0.0178,47,46,47,0.0181,1.7027,47,0.0389,NA,NA,NA,NA,NA,NA,0.0203,0.0022,340,0.0135,0.0463,0,0.0212,0,Bayes-M17-med
Fizi,Sud-Kivu,1,FALSE,0.017,0.0129,0.0217,0.0168,48,48,51,0.0171,1.6135,48,0.0369,NA,NA,NA,NA,NA,NA,0.5637,0.0569,37,0.7432,0.9691,0,0.5425,0,Bayes-M17-med
Kalamu 1,Kinshasa,1,FALSE,0.0169,0.013,0.0213,0.0167,49,48,50,0.017,1.5996,49,0.0366,NA,NA,NA,NA,NA,NA,0.0309,0.0031,286,0.0193,0.0734,0,0.0309,0,Bayes-M17-med
Kasa Vubu,Kinshasa,1,FALSE,0.0167,0.0129,0.0211,0.0166,50,49,51,0.0169,1.5892,50,0.0364,NA,NA,NA,NA,NA,NA,0.0444,0.0044,210,0.0309,0.1216,0,0.0251,0,Bayes-M17-med
Yakusu,Tshopo,1,FALSE,0.0165,0.0127,0.0207,0.0164,51,48,54,0.0166,1.5644,51,0.0358,NA,NA,NA,NA,NA,NA,0.319,0.0312,48,0.4208,0.2085,0,0.6467,0,Bayes-M17-med
Birambizo,Nord-Kivu,1,FALSE,0.0164,0.0125,0.0208,0.0162,53,52,53,0.0165,1.5542,54,0.0356,NA,NA,0.3436,17,NA,NA,0.3625,0.0353,44,0.4035,0.89,0,0.1564,0,Bayes-M17-med
Pinga,Nord-Kivu,1,FALSE,0.0164,0.0124,0.021,0.0162,54,49,54,0.0165,1.5546,53,0.0356,NA,NA,0.3437,16,NA,NA,0.57,0.0555,38,0.9595,0.7548,0,0.5656,0,Bayes-M17-med
Bengamisa,Tshopo,1,FALSE,0.0164,0.0125,0.0209,0.0163,52,51,53,0.0166,1.5602,52,0.0357,NA,NA,NA,NA,NA,NA,0.3012,0.0294,52,0.612,0.2162,0,0.3764,0,Bayes-M17-med
Kalehe,Sud-Kivu,1,FALSE,0.0159,0.0121,0.0201,0.0157,55,55,56,0.016,1.504,55,0.0344,NA,NA,NA,NA,NA,NA,0.3369,0.0317,47,0.3417,0.8649,0,0.1409,0,Bayes-M17-med
Lemba,Kinshasa,1,FALSE,0.0158,0.0121,0.0199,0.0157,56,55,56,0.0159,1.4954,56,0.0342,NA,NA,NA,NA,NA,NA,0.1023,0.0096,115,0.0483,0.3069,0,0.0541,0,Bayes-M17-med
Masina 1,Kinshasa,1,FALSE,0.0151,0.0115,0.019,0.015,58,57,59,0.0152,1.4279,58,0.0327,NA,NA,NA,NA,NA,NA,0.0193,0.0017,381,0.0077,0.0077,0,0.0618,0,Bayes-M17-med
Bagira,Sud-Kivu,1,FALSE,0.0151,0.0115,0.0192,0.015,57,57,60,0.0152,1.4331,57,0.0328,NA,NA,NA,NA,NA,NA,0.236,0.0212,69,0.1004,0.6371,0,0.2066,0,Bayes-M17-med
Bondo,Bas-Uele,1,FALSE,0.015,0.0115,0.0191,0.0149,59,57,60,0.0152,1.4269,59,0.0327,NA,NA,NA,NA,NA,NA,0.6737,0.0602,35,0.9961,0.9981,0,0.7008,0,Bayes-M17-med
Kintambo,Kinshasa,1,FALSE,0.0149,0.0114,0.0188,0.0148,60,58,60,0.015,1.4101,60,0.0323,NA,NA,NA,NA,NA,NA,0.0338,0.003,294,0.0212,0.1004,0,0.0135,0,Bayes-M17-med
Isangi,Tshopo,1,FALSE,0.0144,0.011,0.0182,0.0143,61,61,61,0.0145,1.3639,61,0.0313,NA,NA,NA,NA,NA,NA,0.3837,0.0328,46,0.4054,0.4073,0,0.722,0,Bayes-M17-med
Nyantende,Sud-Kivu,1,FALSE,0.0139,0.0106,0.0176,0.0137,62,62,63,0.014,1.3151,62,0.0301,NA,NA,NA,NA,NA,NA,0.3219,0.0265,60,0.1486,0.8938,0,0.2452,0,Bayes-M17-med
Lemera,Sud-Kivu,1,FALSE,0.0139,0.0105,0.0177,0.0137,63,62,63,0.014,1.313,63,0.0301,NA,NA,NA,NA,NA,NA,0.5613,0.0462,42,0.3629,0.9015,0,0.9807,0,Bayes-M17-med
Mubumbano,Sud-Kivu,1,FALSE,0.0135,0.0102,0.0172,0.0134,64,64,64,0.0136,1.2814,64,0.0294,NA,NA,NA,NA,NA,NA,0.3658,0.0294,53,0.2683,0.9402,0,0.2548,0,Bayes-M17-med
Masina 2,Kinshasa,1,FALSE,0.013,0.0099,0.0164,0.0129,65,65,65,0.013,1.2274,65,0.0281,NA,NA,NA,NA,NA,NA,0.0265,0.002,353,0.0174,0.0193,0,0.0695,0,Bayes-M17-med
Bandalungwa,Kinshasa,1,FALSE,0.0129,0.0099,0.0163,0.0128,66,66,66,0.013,1.222,66,0.028,NA,NA,NA,NA,NA,NA,0.0709,0.0054,189,0.0328,0.2336,0,0.0174,0,Bayes-M17-med
Binza Meteo,Kinshasa,1,FALSE,0.0128,0.0098,0.0161,0.0127,67,67,68,0.0128,1.209,67,0.0277,NA,NA,NA,NA,NA,NA,0.2558,0.0194,71,0.0965,0.8996,0,0.027,0,Bayes-M17-med
Nyemba,Tanganyika,1,FALSE,0.0126,0.0096,0.016,0.0125,68,67,68,0.0127,1.1916,68,0.0273,NA,NA,NA,NA,NA,NA,0.3456,0.0258,63,0.5965,0.4556,0,0.3301,0,Bayes-M17-med
Lubutu,Maniema,1,FALSE,0.0123,0.0094,0.0156,0.0122,69,69,69,0.0124,1.1655,69,0.0267,NA,NA,NA,NA,NA,NA,0.4706,0.0344,45,0.8205,0.2819,0,0.7799,0,Bayes-M17-med
Mwana,Sud-Kivu,1,FALSE,0.012,0.0091,0.0153,0.0119,70,70,70,0.0121,1.1374,70,0.0261,NA,NA,NA,NA,NA,NA,0.3731,0.0266,58,0.2896,0.9035,0,0.2992,0,Bayes-M17-med
Mont Ngafula 1,Kinshasa,1,FALSE,0.0115,0.0088,0.0145,0.0114,72,71,73,0.0115,1.0844,72,0.0249,NA,NA,NA,NA,NA,NA,0.2066,0.0141,92,0.1371,0.6313,0,0.0579,0,Bayes-M17-med
Kaniola,Sud-Kivu,1,FALSE,0.0115,0.0087,0.0146,0.0114,71,71,73,0.0115,1.0868,71,0.0249,NA,NA,NA,NA,NA,NA,0.4513,0.0308,50,0.5328,0.9305,0,0.3417,0,Bayes-M17-med
Nyangezi,Sud-Kivu,1,FALSE,0.0114,0.0086,0.0145,0.0113,73,72,74,0.0114,1.0766,73,0.0247,NA,NA,NA,NA,NA,NA,0.36870000000000003,0.0249,64,0.222,0.8842,0,0.36870000000000003,0,Bayes-M17-med
Kikimi,Kinshasa,1,FALSE,0.0112,0.0086,0.0142,0.0111,74,72,75,0.0113,1.0608,74,0.0243,NA,NA,NA,NA,NA,NA,0.0835,0.0056,181,0.056,0.1911,0,0.0869,0,Bayes-M17-med
Bunyakiri,Sud-Kivu,1,FALSE,0.011,0.0083,0.014,0.0109,75,74,77,0.0111,1.0424,75,0.0239,NA,NA,NA,NA,NA,NA,0.4517,0.0296,51,0.6197,0.832,0,0.3552,0,Bayes-M17-med
Matete,Kinshasa,1,FALSE,0.0109,0.0084,0.0137,0.0108,76,75,76,0.0109,1.0304,76,0.0237,NA,NA,NA,NA,NA,NA,0.0492,0.0032,276,0.0251,0.1158,0,0.056,0,Bayes-M17-med
Barumbu,Kinshasa,1,FALSE,0.0108,0.0083,0.0136,0.0107,77,76,77,0.0109,1.0227,77,0.0235,NA,NA,NA,NA,NA,NA,0.014,9e-4,428,0.0097,0.0232,0,0.0232,0,Bayes-M17-med
Mont Ngafula 2,Kinshasa,1,FALSE,0.0104,0.0079,0.0131,0.0103,78,78,78,0.0104,0.9823,78,0.0226,NA,NA,NA,NA,NA,NA,0.0951,0.0059,173,0.0849,0.2568,0,0.0386,0,Bayes-M17-med
Selembao,Kinshasa,1,FALSE,0.0101,0.0078,0.0128,0.0101,79,79,79,0.0102,0.9596,79,0.022,NA,NA,NA,NA,NA,NA,0.0676,0.0041,225,0.0444,0.1815,0,0.0444,0,Bayes-M17-med
Ndjili,Kinshasa,1,FALSE,0.0093,0.0071,0.0117,0.0092,81,80,82,0.0093,0.8758,81,0.0201,NA,NA,NA,NA,NA,NA,0.0487,0.0027,309,0.027,0.1042,0,0.0637,0,Bayes-M17-med
Kindu,Maniema,1,FALSE,0.0093,0.0071,0.0119,0.0093,80,80,82,0.0094,0.8834,80,0.0203,NA,NA,NA,NA,NA,NA,0.3181,0.0177,74,0.1351,0.2529,0,0.8842,0,Bayes-M17-med
Kingabwa,Kinshasa,1,FALSE,0.0092,0.007,0.0116,0.0091,82,81,84,0.0092,0.866,82,0.0199,NA,NA,NA,NA,NA,NA,0.0478,0.0026,314,0.0425,0.0965,0,0.0521,0,Bayes-M17-med
Kasongo,Maniema,1,FALSE,0.0091,0.0069,0.0117,0.009,83,81,83,0.0092,0.8632,83,0.0198,NA,NA,NA,NA,NA,NA,0.5304,0.0288,54,0.4459,0.7529,0,0.9228,0,Bayes-M17-med
Shabunda,Sud-Kivu,1,FALSE,0.0088,0.0066,0.0114,0.0087,84,83,85,0.0088,0.8328,84,0.0191,NA,NA,NA,NA,NA,NA,0.5922,0.031,49,0.8378,0.8726,0,0.6583,0,Bayes-M17-med
Ngiri Ngiri,Kinshasa,1,FALSE,0.0087,0.0067,0.011,0.0086,85,84,86,0.0087,0.8199,85,0.0188,NA,NA,NA,NA,NA,NA,0.028,0.0014,396,0.0154,0.0676,0,0.029,0,Bayes-M17-med
Yabaondo,Tshopo,1,FALSE,0.0086,0.0065,0.011,0.0086,86,85,87,0.0087,0.8161,86,0.0188,NA,NA,NA,NA,NA,NA,0.3523,0.0181,73,0.4363,0.305,0,0.668,0,Bayes-M17-med
Police,Kinshasa,1,FALSE,0.0083,0.0064,0.0105,0.0083,87,86,87,0.0084,0.7889,87,0.0181,NA,NA,NA,NA,NA,NA,0.0478,0.0024,327,0.0463,0.0772,0,0.0676,0,Bayes-M17-med
Ubundu,Tshopo,1,FALSE,0.008,0.006,0.0102,0.0079,88,88,88,0.008,0.7534,88,0.0173,NA,NA,NA,NA,NA,NA,0.4744,0.0225,67,0.9054,0.4305,0,0.5618,0,Bayes-M17-med
Nundu,Sud-Kivu,1,FALSE,0.0078,0.0059,0.01,0.0078,89,89,89,0.0079,0.7397,89,0.017,NA,NA,NA,NA,NA,NA,0.5927,0.0276,56,0.527,0.8494,0,0.9942,0,Bayes-M17-med
Basoko,Tshopo,1,FALSE,0.0077,0.0059,0.0099,0.0077,90,90,90,0.0078,0.7321,90,0.0168,NA,NA,NA,NA,NA,NA,0.3012,0.0139,93,0.5077,0.3147,0,0.3822,0,Bayes-M17-med
Maluku 1,Kinshasa,1,FALSE,0.0075,0.0057,0.0094,0.0074,91,91,91,0.0075,0.7057,91,0.0162,NA,NA,NA,NA,NA,NA,0.2321,0.0103,107,0.3475,0.4517,0,0.1293,0,Bayes-M17-med
Kalonge,Sud-Kivu,1,FALSE,0.0071,0.0054,0.0091,0.0071,92,92,93,0.0072,0.6743,92,0.0155,NA,NA,NA,NA,NA,NA,0.404,0.0171,77,0.4961,0.8359,0,0.2838,0,Bayes-M17-med
Kalemie,Tanganyika,1,FALSE,0.0071,0.0054,0.0091,0.0071,93,92,94,0.0072,0.6738,93,0.0155,NA,NA,NA,NA,NA,NA,0.3789,0.0161,86,0.6718,0.4575,0,0.3861,0,Bayes-M17-med
Yaleko,Tshopo,1,FALSE,0.007,0.0053,0.0089,0.0069,94,94,95,0.007,0.6586,94,0.0151,NA,NA,NA,NA,NA,NA,0.402,0.0167,82,0.639,0.2452,0,0.7239,0,Bayes-M17-med
Kunda,Maniema,1,FALSE,0.0069,0.0052,0.0088,0.0068,96,95,96,0.0069,0.649,95,0.0149,NA,NA,NA,NA,NA,NA,0.4165,0.017,80,0.4633,0.2799,0,0.9228,0,Bayes-M17-med
Titule,Bas-Uele,1,FALSE,0.0068,0.0049,0.009,0.0066,97,92,99,0.0068,0.638,97,0.0147,NA,NA,NA,NA,NA,NA,0.6839,0.0275,57,0.9865,0.8263,0,0.9228,0,Bayes-M17-med
Kingasani,Kinshasa,1,FALSE,0.0068,0.0052,0.0086,0.0067,96,94,97,0.0068,0.6394,96,0.0147,NA,NA,NA,NA,NA,NA,0.0294,0.0012,408,0.0058,0.0405,0,0.0714,0,Bayes-M17-med
Lubumbashi,Haut-Katanga,1,FALSE,0.0066,0.0051,0.0084,0.0066,98,97,98,0.0067,0.627,98,0.0144,NA,NA,NA,NA,NA,NA,0.1105,0.0044,212,0.1081,0.2104,0,0.1236,0,Bayes-M17-med
Yambuku,Mongala,1,FALSE,0.0063,0.0047,0.0081,0.0062,99,99,101,0.0063,0.5932,99,0.0136,NA,NA,NA,NA,NA,NA,0.4344,0.0162,85,0.5483,0.5753,0,0.6139,0,Bayes-M17-med
Ango,Bas-Uele,1,FALSE,0.0062,0.0047,0.0081,0.0062,100,99,102,0.0063,0.5885,100,0.0135,NA,NA,NA,NA,NA,NA,0.7095,0.0263,62,1,0.8591,0,0.9788,0,Bayes-M17-med
Lisala,Mongala,1,FALSE,0.0061,0.0046,0.0078,0.0061,101,100,102,0.0062,0.5794,101,0.0133,NA,NA,NA,NA,NA,NA,0.4093,0.0149,90,0.4286,0.4402,0,0.7683,0,Bayes-M17-med
Aketi,Bas-Uele,1,FALSE,0.006,0.0043,0.0081,0.0059,103,99,109,0.006,0.5682,103,0.0131,NA,NA,NA,NA,NA,NA,0.6762,0.0242,66,0.9903,0.9363,0,0.778,0,Bayes-M17-med
Yamaluka,Mongala,1,FALSE,0.006,0.0046,0.0076,0.006,102,98,103,0.006,0.5692,102,0.0131,NA,NA,NA,NA,NA,NA,0.1974,0.0071,145,0.2799,0.1448,0,0.3649,0,Bayes-M17-med
Kaziba,Sud-Kivu,1,FALSE,0.0059,0.0044,0.0075,0.0058,104,103,104,0.0059,0.5551,104,0.0128,NA,NA,NA,NA,NA,NA,0.3571,0.0125,100,0.2876,0.7838,0,0.3571,0,Bayes-M17-med
Saramabila,Maniema,1,FALSE,0.0058,0.0044,0.0074,0.0058,105,104,105,0.0058,0.5482,105,0.0126,NA,NA,NA,NA,NA,NA,0.4768,0.0165,84,0.473,0.5502,0,0.8842,0,Bayes-M17-med
Kibua,Nord-Kivu,1,FALSE,0.0056,0.0042,0.0071,0.0055,106,105,108,0.0056,0.5268,106,0.0121,NA,NA,0.1165,18,NA,NA,0.5154,0.0171,78,0.7741,0.6602,0,0.6274,0,Bayes-M17-med
Kitutu,Sud-Kivu,1,FALSE,0.0056,0.0042,0.0071,0.0055,107,106,107,0.0056,0.5264,107,0.0121,NA,NA,NA,NA,NA,NA,0.5024,0.0167,83,0.751,0.805,0,0.4537,0,Bayes-M17-med
Djolu,Tshuapa,1,FALSE,0.0055,0.0042,0.0071,0.0055,108,107,108,0.0055,0.5206,108,0.012,NA,NA,NA,NA,NA,NA,0.5256,0.0172,76,0.7104,0.5985,0,0.7934,0,Bayes-M17-med
Opienge,Tshopo,1,FALSE,0.0054,0.004,0.007,0.0053,110,109,115,0.0054,0.5063,110,0.0117,NA,NA,NA,NA,NA,NA,0.4445,0.0142,91,0.9556,0.0135,0,0.8089,0,Bayes-M17-med
Kongolo,Tanganyika,1,FALSE,0.0054,0.0041,0.0069,0.0054,109,108,110,0.0054,0.5117,109,0.0118,NA,NA,NA,NA,NA,NA,0.6829,0.022,68,0.8861,0.9228,0,0.9228,0,Bayes-M17-med
Mwenga,Sud-Kivu,1,FALSE,0.0053,0.004,0.0067,0.0052,112,110,112,0.0053,0.4967,112,0.0114,NA,NA,NA,NA,NA,NA,0.319,0.01,111,0.5,0.3552,0,0.4208,0,Bayes-M17-med
Kimbi Lulenge,Sud-Kivu,1,FALSE,0.0053,0.004,0.0067,0.0052,111,110,111,0.0053,0.4975,111,0.0115,NA,NA,NA,NA,NA,NA,0.5507,0.0173,75,0.8475,0.8687,0,0.4865,0,Bayes-M17-med
Kabinda,Lomami,1,FALSE,0.0052,0.0039,0.0066,0.0051,113,112,113,0.0052,0.4901,113,0.0113,NA,NA,NA,NA,NA,NA,0.4382,0.0135,94,0.5097,0.5541,0,0.6892,0,Bayes-M17-med
Kalole,Sud-Kivu,1,FALSE,0.0052,0.0039,0.0066,0.0051,114,113,114,0.0052,0.4866,114,0.0112,NA,NA,NA,NA,NA,NA,0.6038,0.0185,72,0.89,0.7799,0,0.7452,0,Bayes-M17-med
Itebero,Nord-Kivu,1,FALSE,0.0051,0.0038,0.0065,0.005,116,114,116,0.0051,0.4808,116,0.0111,NA,NA,0.1063,19,NA,NA,0.5574,0.0169,81,0.9112,0.722,0,0.5965,0,Bayes-M17-med
Yahuma,Tshopo,1,FALSE,0.0051,0.0039,0.0065,0.0051,115,115,116,0.0051,0.4821,115,0.0111,NA,NA,NA,NA,NA,NA,0.4402,0.0134,95,0.8649,0.332,0,0.5637,0,Bayes-M17-med
Mulungu,Sud-Kivu,1,FALSE,0.005,0.0038,0.0064,0.0049,117,117,117,0.005,0.4693,117,0.0108,NA,NA,NA,NA,NA,NA,0.5208,0.0154,88,0.861,0.5193,0,0.7027,0,Bayes-M17-med
Makala,Kinshasa,1,FALSE,0.0048,0.0037,0.0061,0.0048,119,118,120,0.0048,0.4532,119,0.0104,NA,NA,NA,NA,NA,NA,0.0246,7e-4,439,0.0116,0.0386,0,0.0483,0,Bayes-M17-med
Kamituga,Sud-Kivu,1,FALSE,0.0048,0.0037,0.0062,0.0048,118,118,119,0.0048,0.4556,118,0.0105,NA,NA,NA,NA,NA,NA,0.3596,0.0103,106,0.3938,0.6062,0,0.4382,0,Bayes-M17-med
Bonzola,Kasaï-Oriental,1,FALSE,0.0047,0.0036,0.0061,0.0047,120,119,120,0.0048,0.4474,120,0.0103,NA,NA,NA,NA,NA,NA,0.2958,0.0083,124,0.0927,0.7934,0,0.2973,0,Bayes-M17-med
Doruma,Haut-Uele,1,FALSE,0.0046,0.0035,0.0059,0.0046,121,121,122,0.0046,0.4352,121,0.01,NA,NA,NA,NA,0.0389,7,0.6216,0.017,79,0.973,0.5135,0,1,0,Bayes-M17-med
Mumbunda,Haut-Katanga,1,FALSE,0.0046,0.0035,0.0058,0.0045,122,121,123,0.0046,0.4293,122,0.0099,NA,NA,NA,NA,NA,NA,0.1853,0.005,203,0.1197,0.5077,0,0.1139,0,Bayes-M17-med
Manika,Lualaba,1,FALSE,0.0045,0.0034,0.0058,0.0045,123,123,124,0.0045,0.4264,123,0.0098,NA,NA,NA,NA,NA,NA,0.1149,0.0031,287,0.0946,0.222,0,0.1429,0,Bayes-M17-med
Bumba,Mongala,1,FALSE,0.0045,0.0033,0.0058,0.0044,124,122,126,0.0045,0.4204,124,0.0097,NA,NA,NA,NA,NA,NA,0.2384,0.0063,163,0.1409,0.4537,0,0.3591,0,Bayes-M17-med
Kalamu 2,Kinshasa,1,FALSE,0.0044,0.0034,0.0056,0.0044,125,124,127,0.0044,0.4162,125,0.0096,NA,NA,NA,NA,NA,NA,0.015,4e-4,447,0.0039,0.0154,0,0.0405,0,Bayes-M17-med
Mbulula,Tanganyika,1,FALSE,0.0044,0.0033,0.0056,0.0043,126,125,126,0.0044,0.4119,126,0.0095,NA,NA,NA,NA,NA,NA,0.5934,0.0154,87,0.6448,0.7761,0,0.9527,0,Bayes-M17-med
Punia,Maniema,1,FALSE,0.0043,0.0032,0.0055,0.0043,127,127,128,0.0043,0.4054,127,0.0093,NA,NA,NA,NA,NA,NA,0.3731,0.0095,117,0.7625,0.1969,0,0.5328,0,Bayes-M17-med
Lolo,Mongala,1,FALSE,0.0043,0.0031,0.0055,0.0042,129,125,131,0.0043,0.4013,128,0.0092,NA,NA,NA,NA,NA,NA,0.3161,0.008,130,0.4073,0.3263,0,0.5309,0,Bayes-M17-med
Lodja,Sankuru,1,FALSE,0.0043,0.0032,0.0055,0.0042,128,128,129,0.0043,0.4013,129,0.0092,NA,NA,NA,NA,NA,NA,0.4626,0.0117,101,0.2625,0.6351,0,0.9527,0,Bayes-M17-med
Kananga,Kasaï-Central,1,FALSE,0.0042,0.0032,0.0054,0.0041,130,129,130,0.0042,0.3946,130,0.0091,NA,NA,NA,NA,NA,NA,0.2963,0.0074,137,0.1429,0.5579,0,0.4846,0,Bayes-M17-med
Kampene,Maniema,1,FALSE,0.0041,0.0031,0.0052,0.0041,131,130,131,0.0041,0.3862,131,0.0089,NA,NA,NA,NA,NA,NA,0.3962,0.0096,114,0.5251,0.1757,0,0.8842,0,Bayes-M17-med
Kalima,Maniema,1,FALSE,0.0041,0.0031,0.0052,0.004,132,132,132,0.0041,0.384,132,0.0088,NA,NA,NA,NA,NA,NA,0.3094,0.0075,134,0.4595,0.3205,0,0.4575,0,Bayes-M17-med
Yahisuli,Tshopo,1,FALSE,0.004,0.003,0.0051,0.0039,135,134,135,0.004,0.3742,135,0.0086,NA,NA,NA,NA,NA,NA,0.3521,0.0083,126,0.3842,0.0714,0,0.9527,0,Bayes-M17-med
Kabalo,Tanganyika,1,FALSE,0.004,0.003,0.0052,0.004,133,133,133,0.004,0.3808,133,0.0088,NA,NA,NA,NA,NA,NA,0.624,0.015,89,0.9035,0.7568,0,0.8359,0,Bayes-M17-med
Moba,Tanganyika,1,FALSE,0.004,0.003,0.0051,0.004,134,134,135,0.004,0.3776,134,0.0087,NA,NA,NA,NA,NA,NA,0.3808,0.0091,120,0.6178,0.4942,0,0.4112,0,Bayes-M17-med
Kasansa,Kasaï-Oriental,1,FALSE,0.0039,0.0029,0.005,0.0038,136,136,136,0.0039,0.3665,136,0.0084,NA,NA,NA,NA,NA,NA,0.3349,0.0077,132,0.2568,0.6699,0,0.4131,0,Bayes-M17-med
Gemena,Sud-Ubangi,1,FALSE,0.0038,0.0029,0.005,0.0038,137,137,139,0.0038,0.3622,137,0.0083,NA,NA,NA,NA,NA,NA,0.3277,0.0075,136,0.1776,0.2741,0,0.8591,0,Bayes-M17-med
Opala,Tshopo,1,FALSE,0.0038,0.0029,0.0049,0.0038,138,137,138,0.0038,0.3594,138,0.0083,NA,NA,NA,NA,NA,NA,0.4269,0.0097,113,0.7819,0.0792,0,0.8465,0,Bayes-M17-med
Manono,Tanganyika,1,FALSE,0.0038,0.0029,0.0049,0.0038,139,138,139,0.0038,0.3572,139,0.0082,NA,NA,NA,NA,NA,NA,0.5758,0.013,98,0.8784,0.9537,0,0.471,0,Bayes-M17-med
Nyunzu,Tanganyika,1,FALSE,0.0037,0.0028,0.0047,0.0036,140,140,140,0.0037,0.3461,140,0.008,NA,NA,NA,NA,NA,NA,0.6023,0.0131,96,0.9653,0.834,0,0.61,0,Bayes-M17-med
Nzaba,Kasaï-Oriental,1,FALSE,0.0036,0.0027,0.0046,0.0036,142,141,143,0.0036,0.3395,142,0.0078,NA,NA,NA,NA,NA,NA,0.278,0.0059,169,0.1042,0.6931,0,0.3147,0,Bayes-M17-med
Kisenso,Kinshasa,1,FALSE,0.0036,0.0027,0.0046,0.0035,143,141,144,0.0036,0.3377,143,0.0078,NA,NA,NA,NA,NA,NA,0.0589,0.0013,405,0.0367,0.139,0,0.0598,0,Bayes-M17-med
Haut Plateau,Sud-Kivu,1,FALSE,0.0036,0.0027,0.0046,0.0036,142,141,142,0.0036,0.3396,141,0.0078,NA,NA,NA,NA,NA,NA,0.5246,0.0112,102,0.5714,0.5444,0,0.9826,0,Bayes-M17-med
Kabongo,Haut-Lomami,1,FALSE,0.0035,0.0026,0.0045,0.0035,145,145,146,0.0035,0.3306,145,0.0076,NA,NA,NA,NA,NA,NA,0.5372,0.0112,103,0.8108,0.778,0,0.5598,0,Bayes-M17-med
Lusangi,Maniema,1,FALSE,0.0035,0.0026,0.0045,0.0035,146,145,147,0.0035,0.3294,146,0.0076,NA,NA,NA,NA,NA,NA,0.4223,0.0088,121,0.5656,0.2645,0,0.8591,0,Bayes-M17-med
Lulingu,Sud-Kivu,1,FALSE,0.0035,0.0027,0.0045,0.0035,144,143,144,0.0036,0.3344,144,0.0077,NA,NA,NA,NA,NA,NA,0.6158,0.013,97,0.9093,0.8108,0,0.7432,0,Bayes-M17-med
Boende,Tshuapa,1,FALSE,0.0035,0.0026,0.0045,0.0034,147,146,150,0.0035,0.3263,147,0.0075,NA,NA,NA,NA,NA,NA,0.4199,0.0086,122,0.6988,0.4807,0,0.5,0,Bayes-M17-med
Mulumba,Lomami,1,FALSE,0.0034,0.0026,0.0044,0.0034,149,149,149,0.0034,0.3208,149,0.0074,NA,NA,NA,NA,NA,NA,0.2587,0.0052,195,0.1834,0.3108,0,0.5405,0,Bayes-M17-med
Luputa,Lomami,1,FALSE,0.0034,0.0025,0.0043,0.0033,150,150,151,0.0034,0.3187,150,0.0073,NA,NA,NA,NA,NA,NA,0.3431,0.0069,151,0.3301,0.3166,0,0.7259,0,Bayes-M17-med
Minembwe,Sud-Kivu,1,FALSE,0.0034,0.0026,0.0044,0.0034,148,147,148,0.0035,0.3251,148,0.0075,NA,NA,NA,NA,NA,NA,0.5198,0.0107,104,0.7181,0.8089,0,0.5521,0,Bayes-M17-med
Kipushi,Haut-Katanga,1,FALSE,0.0033,0.0025,0.0042,0.0032,156,152,157,0.0033,0.3086,156,0.0071,NA,NA,NA,NA,NA,NA,0.1216,0.0024,329,0.2703,0.1081,0,0.1081,0,Bayes-M17-med
Kamina,Haut-Lomami,1,FALSE,0.0033,0.0025,0.0043,0.0033,152,151,154,0.0033,0.3139,152,0.0072,NA,NA,NA,NA,NA,NA,0.5164,0.0102,109,0.8301,0.8301,0,0.4054,0,Bayes-M17-med
Tshilenge,Kasaï-Oriental,1,FALSE,0.0033,0.0025,0.0043,0.0033,153,152,153,0.0033,0.3131,153,0.0072,NA,NA,NA,NA,NA,NA,0.2799,0.0055,182,0.1892,0.668,0,0.2625,0,Bayes-M17-med
Biyela,Kinshasa,1,FALSE,0.0033,0.0025,0.0042,0.0033,151,148,154,0.0033,0.315,151,0.0073,NA,NA,NA,NA,NA,NA,0.1076,0.0021,342,0.0637,0.2838,0,0.083,0,Bayes-M17-med
Mweneditu,Lomami,1,FALSE,0.0033,0.0025,0.0042,0.0033,154,153,155,0.0033,0.3119,154,0.0072,NA,NA,NA,NA,NA,NA,0.2799,0.0055,184,0.166,0.3842,0,0.5695,0,Bayes-M17-med
Samba,Maniema,1,FALSE,0.0033,0.0025,0.0042,0.0032,155,155,156,0.0033,0.3089,155,0.0071,NA,NA,NA,NA,NA,NA,0.5179,0.0101,110,0.7529,0.4344,0,0.8842,0,Bayes-M17-med
Mbandaka,Equateur,1,FALSE,0.0032,0.0024,0.004,0.0031,159,158,162,0.0032,0.2981,159,0.0069,NA,NA,NA,NA,NA,NA,0.5164,0.0097,112,0.6409,0.9633,0,0.4614,0,Bayes-M17-med
Kimbanseke,Kinshasa,1,FALSE,0.0032,0.0024,0.0041,0.0032,158,157,159,0.0032,0.3012,158,0.0069,NA,NA,NA,NA,NA,NA,0.0526,0.001,422,0.0521,0.0849,0,0.0734,0,Bayes-M17-med
Idiofa,Kwilu,1,FALSE,0.0032,0.0024,0.0042,0.0032,157,156,160,0.0032,0.3054,157,0.007,NA,NA,NA,NA,NA,NA,0.486,0.0094,119,0.4537,0.749,0,0.7413,0,Bayes-M17-med
Lingomo,Tshuapa,1,FALSE,0.0032,0.0024,0.0041,0.0031,160,158,162,0.0032,0.2976,160,0.0069,NA,NA,NA,NA,NA,NA,0.5627,0.0106,105,0.8263,0.5869,0,0.8378,0,Bayes-M17-med
Tshamilemba,Haut-Katanga,1,FALSE,0.0031,0.0024,0.004,0.0031,161,159,163,0.0032,0.2969,161,0.0068,NA,NA,NA,NA,NA,NA,0.0772,0.0014,394,0.0656,0.1255,0,0.1178,0,Bayes-M17-med
Kailo,Maniema,1,FALSE,0.0031,0.0024,0.004,0.0031,162,160,162,0.0031,0.2949,162,0.0068,NA,NA,NA,NA,NA,NA,0.4276,0.008,131,0.832,0.0946,0,0.7838,0,Bayes-M17-med
Likati,Bas-Uele,1,FALSE,0.003,0.0022,0.0039,0.0029,163,161,170,0.003,0.2824,163,0.0065,NA,NA,NA,NA,NA,NA,0.7124,0.0127,99,0.9942,0.971,0,0.8842,0,Bayes-M17-med
Kabeya Kamwanga,Kasaï-Oriental,1,FALSE,0.003,0.0022,0.0038,0.0029,164,163,164,0.003,0.2802,164,0.0065,NA,NA,NA,NA,NA,NA,0.2968,0.0052,194,0.3224,0.3919,0,0.473,0,Bayes-M17-med
Malemba Nkulu,Haut-Lomami,1,FALSE,0.0029,0.0022,0.0037,0.0028,169,167,169,0.0029,0.2712,169,0.0062,NA,NA,NA,NA,NA,NA,0.3895,0.0067,154,0.36870000000000003,0.7664,0,0.4228,0,Bayes-M17-med
Kamwesha,Kasaï,1,FALSE,0.0029,0.0022,0.0037,0.0029,166,166,167,0.0029,0.2743,166,0.0063,NA,NA,NA,NA,NA,NA,0.2732,0.0047,207,0.3456,0.2876,0,0.4595,0,Bayes-M17-med
Tshikapa,Kasaï,1,FALSE,0.0029,0.0022,0.0038,0.0029,165,165,165,0.0029,0.2767,165,0.0064,NA,NA,NA,NA,NA,NA,0.3156,0.0055,183,0.2722,0.6506,0,0.3398,0,Bayes-M17-med
Maluku 2,Kinshasa,1,FALSE,0.0029,0.0022,0.0037,0.0029,168,163,172,0.0029,0.2725,168,0.0063,NA,NA,NA,NA,NA,NA,0.4184,0.0072,142,0.6834,0.5463,0,0.444,0,Bayes-M17-med
Ikela,Tshuapa,1,FALSE,0.0029,0.0022,0.0037,0.0029,167,166,168,0.0029,0.2741,167,0.0063,NA,NA,NA,NA,NA,NA,0.4633,0.008,129,0.8147,0.1795,0,0.8591,0,Bayes-M17-med
Kitenge,Haut-Lomami,1,FALSE,0.0028,0.0021,0.0036,0.0028,173,171,173,0.0028,0.2642,173,0.0061,NA,NA,NA,NA,NA,NA,0.5729,0.0095,116,0.8668,0.8069,0,0.6178,0,Bayes-M17-med
Demba,Kasaï-Central,1,FALSE,0.0028,0.0021,0.0036,0.0028,170,169,172,0.0028,0.2663,170,0.0061,NA,NA,NA,NA,NA,NA,0.4117,0.0069,149,0.4653,0.7143,0,0.4672,0,Bayes-M17-med
Yamongili,Mongala,1,FALSE,0.0028,0.0021,0.0037,0.0028,171,169,173,0.0028,0.2661,171,0.0061,NA,NA,NA,NA,NA,NA,0.3243,0.0054,188,0.5116,0.3668,0,0.4189,0,Bayes-M17-med
Mondombe,Tshuapa,1,FALSE,0.0028,0.0021,0.0036,0.0028,172,170,173,0.0028,0.2651,172,0.0061,NA,NA,NA,NA,NA,NA,0.4797,0.008,128,0.6622,0.3726,0,0.8842,0,Bayes-M17-med
Kaniama,Haut-Lomami,1,FALSE,0.0027,0.002,0.0035,0.0027,174,174,175,0.0027,0.2555,174,0.0059,NA,NA,NA,NA,NA,NA,0.582,0.0094,118,0.8533,0.6622,0,0.8127,0,Bayes-M17-med
Mikalayi,Kasaï-Central,1,FALSE,0.0027,0.002,0.0034,0.0026,178,177,178,0.0027,0.2499,178,0.0058,NA,NA,NA,NA,NA,NA,0.3948,0.0062,165,0.4517,0.5811,0,0.5463,0,Bayes-M17-med
Bumbu,Kinshasa,1,FALSE,0.0027,0.002,0.0034,0.0026,177,174,178,0.0027,0.2512,177,0.0058,NA,NA,NA,NA,NA,NA,0.0164,3e-4,450,0.0019,0.029,0,0.0347,0,Bayes-M17-med
Lubao,Lomami,1,FALSE,0.0027,0.002,0.0034,0.0026,176,176,176,0.0027,0.2517,176,0.0058,NA,NA,NA,NA,NA,NA,0.3982,0.0063,162,0.6486,0.1525,0,0.7915,0,Bayes-M17-med
Karawa,Nord-Ubangi,1,FALSE,0.0027,0.002,0.0035,0.0027,175,174,178,0.0027,0.2533,175,0.0058,NA,NA,NA,NA,NA,NA,0.6404,0.0102,108,0.7568,0.973,0,0.832,0,Bayes-M17-med
Lusanga,Kwilu,1,FALSE,0.0026,0.0019,0.0033,0.0025,179,179,180,0.0026,0.2408,179,0.0056,NA,NA,NA,NA,NA,NA,0.4242,0.0064,157,0.4382,0.7297,0,0.529,0,Bayes-M17-med
Luebo,Kasaï,1,FALSE,0.0025,0.0019,0.0032,0.0025,183,183,185,0.0025,0.2352,183,0.0054,NA,NA,NA,NA,NA,NA,0.4353,0.0065,156,0.5232,0.5116,0,0.7066,0,Bayes-M17-med
Diulu,Kasaï-Oriental,1,FALSE,0.0025,0.0019,0.0032,0.0025,182,182,183,0.0025,0.2364,182,0.0055,NA,NA,NA,NA,NA,NA,0.2611,0.0039,235,0.0676,0.6448,0,0.332,0,Bayes-M17-med
Lukelenge,Kasaï-Oriental,1,FALSE,0.0025,0.0019,0.0033,0.0025,180,180,181,0.0025,0.239,180,0.0055,NA,NA,NA,NA,NA,NA,0.2249,0.0034,263,0.0811,0.5,0,0.3185,0,Bayes-M17-med
Ngaba,Kinshasa,1,FALSE,0.0025,0.0019,0.0031,0.0024,187,179,190,0.0025,0.2326,187,0.0054,NA,NA,NA,NA,NA,NA,0.014,2e-4,452,0,0.0058,0,0.0502,0,Bayes-M17-med
Ngandajika,Lomami,1,FALSE,0.0025,0.0019,0.0032,0.0025,185,183,186,0.0025,0.2346,184,0.0054,NA,NA,NA,NA,NA,NA,0.3465,0.0051,197,0.2124,0.4459,0,0.7278,0,Bayes-M17-med
Lomela,Sankuru,1,FALSE,0.0025,0.0019,0.0031,0.0024,187,185,189,0.0025,0.2321,188,0.0054,NA,NA,NA,NA,NA,NA,0.4759,0.007,148,0.8456,0.1351,0,0.9228,0,Bayes-M17-med
Bwamanda,Sud-Ubangi,1,FALSE,0.0025,0.0019,0.0032,0.0025,181,180,186,0.0025,0.2369,181,0.0055,NA,NA,NA,NA,NA,NA,0.4667,0.007,147,0.4189,0.7394,0,0.7085,0,Bayes-M17-med
Yalimbongo,Tshopo,1,FALSE,0.0025,0.0019,0.0032,0.0025,186,184,187,0.0025,0.2338,186,0.0054,NA,NA,NA,NA,NA,NA,0.3214,0.0047,206,0.5772,0.0483,0,0.6602,0,Bayes-M17-med
Bokungu,Tshuapa,1,FALSE,0.0025,0.0019,0.0032,0.0025,185,182,189,0.0025,0.2343,185,0.0054,NA,NA,NA,NA,NA,NA,0.49370000000000003,0.0073,139,0.695,0.3571,0,0.9228,0,Bayes-M17-med
Mweka,Kasaï,1,FALSE,0.0024,0.0018,0.0031,0.0024,190,188,190,0.0024,0.2301,190,0.0053,NA,NA,NA,NA,NA,NA,0.5053,0.0073,138,0.4788,0.7239,0,0.8185,0,Bayes-M17-med
Bena Leka,Kasaï-Central,1,FALSE,0.0024,0.0018,0.003,0.0023,195,195,195,0.0024,0.2229,195,0.0051,NA,NA,NA,NA,NA,NA,0.4986,0.007,146,0.6062,0.7162,0,0.6718,0,Bayes-M17-med
Luiza,Kasaï-Central,1,FALSE,0.0024,0.0018,0.0031,0.0024,192,191,192,0.0024,0.225,192,0.0052,NA,NA,NA,NA,NA,NA,0.4218,0.006,167,0.4807,0.6293,0,0.5772,0,Bayes-M17-med
Cilundu,Kasaï-Oriental,1,FALSE,0.0024,0.0018,0.0031,0.0024,189,188,189,0.0024,0.2304,189,0.0053,NA,NA,NA,NA,NA,NA,0.221,0.0032,273,0.2317,0.3089,0,0.3436,0,Bayes-M17-med
Vanga,Kwilu,1,FALSE,0.0024,0.0018,0.0031,0.0024,193,192,193,0.0024,0.2243,193,0.0052,NA,NA,NA,NA,NA,NA,0.5034,0.0071,143,0.3726,0.8205,0,0.8205,0,Bayes-M17-med
Bulungu,Kwilu,1,FALSE,0.0024,0.0018,0.003,0.0024,194,194,194,0.0024,0.2237,194,0.0052,NA,NA,NA,NA,NA,NA,0.4508,0.0064,160,0.3571,0.6795,0,0.7664,0,Bayes-M17-med
Kabambare,Maniema,1,FALSE,0.0024,0.0018,0.0031,0.0024,191,191,193,0.0024,0.2254,191,0.0052,NA,NA,NA,NA,NA,NA,0.3953,0.0056,178,0.8359,0.112,0,0.6332,0,Bayes-M17-med
Masuika,Kasaï-Central,1,FALSE,0.0023,0.0018,0.003,0.0023,196,196,196,0.0023,0.2202,196,0.0051,NA,NA,NA,NA,NA,NA,0.3885,0.0054,191,0.3263,0.5618,0,0.666,0,Bayes-M17-med
Bibanga,Kasaï-Oriental,1,FALSE,0.0023,0.0017,0.003,0.0023,198,197,198,0.0023,0.217,198,0.005,NA,NA,NA,NA,NA,NA,0.2978,0.0041,224,0.3127,0.4884,0,0.39,0,Bayes-M17-med
Kenge,Kwango,1,FALSE,0.0023,0.0017,0.0029,0.0022,201,200,202,0.0023,0.2133,201,0.0049,NA,NA,NA,NA,NA,NA,0.5574,0.0075,133,0.6139,0.8127,0,0.8031,0,Bayes-M17-med
Fungurume,Lualaba,1,FALSE,0.0023,0.0017,0.003,0.0023,197,197,198,0.0023,0.2173,197,0.005,NA,NA,NA,NA,NA,NA,0.1564,0.0021,341,0.2664,0.1622,0,0.1969,0,Bayes-M17-med
Tandala,Sud-Ubangi,1,FALSE,0.0023,0.0017,0.0029,0.0022,200,200,202,0.0023,0.2135,200,0.0049,NA,NA,NA,NA,NA,NA,0.4078,0.0055,185,0.2741,0.527,0,0.8301,0,Bayes-M17-med
Yalifafu,Tshuapa,1,FALSE,0.0023,0.0017,0.0029,0.0022,202,201,203,0.0023,0.2127,202,0.0049,NA,NA,NA,NA,NA,NA,0.4797,0.0064,159,0.7664,0.2683,0,0.8842,0,Bayes-M17-med
Kansimba,Tanganyika,1,FALSE,0.0023,0.0017,0.0029,0.0023,199,199,199,0.0023,0.2159,199,0.005,NA,NA,NA,NA,NA,NA,0.5497,0.0075,135,0.9479,0.7741,0,0.4768,0,Bayes-M17-med
Bukama,Haut-Lomami,1,FALSE,0.0022,0.0017,0.0028,0.0022,205,205,205,0.0022,0.2076,205,0.0048,NA,NA,NA,NA,NA,NA,0.4764,0.0062,164,0.7143,0.7625,0,0.4286,0,Bayes-M17-med
Citenge,Kasaï-Oriental,1,FALSE,0.0022,0.0017,0.0029,0.0022,203,201,203,0.0022,0.2105,203,0.0049,NA,NA,NA,NA,NA,NA,0.2321,0.0031,288,0.1583,0.4749,0,0.2954,0,Bayes-M17-med
Tshofa,Lomami,1,FALSE,0.0022,0.0016,0.0028,0.0022,206,206,206,0.0022,0.2058,206,0.0047,NA,NA,NA,NA,NA,NA,0.4416,0.0057,175,0.6757,0.3514,0,0.7394,0,Bayes-M17-med
Kalenda,Lomami,1,FALSE,0.0022,0.0016,0.0028,0.0021,209,208,209,0.0022,0.2042,209,0.0047,NA,NA,NA,NA,NA,NA,0.2886,0.0037,242,0.388,0.1873,0,0.5792,0,Bayes-M17-med
Kanda Kanda,Lomami,1,FALSE,0.0022,0.0017,0.0028,0.0022,204,204,204,0.0022,0.2086,204,0.0048,NA,NA,NA,NA,NA,NA,0.3012,0.004,232,0.3185,0.1737,0,0.7124,0,Bayes-M17-med
Kibombo,Maniema,1,FALSE,0.0022,0.0016,0.0028,0.0021,208,207,209,0.0022,0.2045,208,0.0047,NA,NA,NA,NA,NA,NA,0.4614,0.006,168,0.7452,0.1776,0,0.9228,0,Bayes-M17-med
Katako Kombe,Sankuru,1,FALSE,0.0022,0.0016,0.0028,0.0022,207,207,210,0.0022,0.2047,207,0.0047,NA,NA,NA,NA,NA,NA,0.4703,0.0061,166,0.7857,0.1313,0,0.9643,0,Bayes-M17-med
Itombwe,Sud-Kivu,1,FALSE,0.0022,0.0016,0.0028,0.0021,210,209,211,0.0022,0.203,210,0.0047,NA,NA,NA,NA,NA,NA,0.5121,0.0066,155,0.8571,0.6737,0,0.5174,0,Bayes-M17-med
Bili (Bas-Uele),Bas-Uele,1,FALSE,0.0021,0.0015,0.0027,0.002,216,212,223,0.0021,0.1947,216,0.0045,NA,NA,NA,NA,NA,NA,0.6926,0.0085,123,0.9981,0.7992,0,0.973,0,Bayes-M17-med
Kikwit Nord,Kwilu,1,FALSE,0.0021,0.0016,0.0028,0.0021,211,211,211,0.0021,0.202,211,0.0047,NA,NA,NA,NA,NA,NA,0.2915,0.0037,243,0.1236,0.5405,0,0.5019,0,Bayes-M17-med
Mukedi,Kwilu,1,FALSE,0.0021,0.0015,0.0026,0.002,217,217,218,0.0021,0.1935,218,0.0045,NA,NA,NA,NA,NA,NA,0.4836,0.0059,171,0.5367,0.7066,0,0.6911,0,Bayes-M17-med
Dilala,Lualaba,1,FALSE,0.0021,0.0016,0.0027,0.0021,215,215,216,0.0021,0.1951,215,0.0045,NA,NA,NA,NA,NA,NA,0.1347,0.0017,385,0.1506,0.2548,0,0.1332,0,Bayes-M17-med
Obokote,Maniema,1,FALSE,0.0021,0.0016,0.0026,0.002,217,213,218,0.0021,0.1941,217,0.0045,NA,NA,NA,NA,NA,NA,0.3209,0.0039,233,0.7239,0.0328,0,0.527,0,Bayes-M17-med
Pimu,Mongala,1,FALSE,0.0021,0.0016,0.0027,0.0021,212,212,214,0.0021,0.1984,212,0.0046,NA,NA,NA,NA,NA,NA,0.4257,0.0053,193,0.583,0.3707,0,0.749,0,Bayes-M17-med
Yakoma,Nord-Ubangi,1,FALSE,0.0021,0.0016,0.0027,0.0021,213,212,216,0.0021,0.1983,213,0.0046,NA,NA,NA,NA,NA,NA,0.6641,0.0083,125,0.7124,0.9479,0,0.9961,0,Bayes-M17-med
Vanga Kete,Sankuru,1,FALSE,0.0021,0.0016,0.0027,0.0021,214,212,215,0.0021,0.1965,214,0.0045,NA,NA,NA,NA,NA,NA,0.4503,0.0056,180,0.4672,0.4112,0,0.9228,0,Bayes-M17-med
Mulongo,Haut-Lomami,1,FALSE,0.002,0.0015,0.0025,0.0019,224,224,226,0.002,0.1855,224,0.0043,NA,NA,NA,NA,NA,NA,0.4773,0.0056,179,0.7471,0.7703,0,0.3919,0,Bayes-M17-med
Kalonda Ouest,Kasaï,1,FALSE,0.002,0.0015,0.0026,0.002,219,218,220,0.002,0.192,219,0.0044,NA,NA,NA,NA,NA,NA,0.2239,0.0027,308,0.2915,0.251,0,0.3533,0,Bayes-M17-med
Miabi,Kasaï-Oriental,1,FALSE,0.002,0.0015,0.0026,0.002,221,219,222,0.002,0.1911,221,0.0044,NA,NA,NA,NA,NA,NA,0.2838,0.0034,260,0.2297,0.6525,0,0.2529,0,Bayes-M17-med
Gungu,Kwilu,1,FALSE,0.002,0.0015,0.0026,0.002,220,220,221,0.002,0.1913,220,0.0044,NA,NA,NA,NA,NA,NA,0.4237,0.0051,199,0.5058,0.6969,0,0.4923,0,Bayes-M17-med
Ludimbi Lukula,Lomami,1,FALSE,0.002,0.0015,0.0026,0.002,223,220,223,0.002,0.1903,223,0.0044,NA,NA,NA,NA,NA,NA,0.4513,0.0054,190,0.6931,0.3475,0,0.7645,0,Bayes-M17-med
Binga,Mongala,1,FALSE,0.002,0.0015,0.0025,0.0019,226,224,228,0.002,0.1843,226,0.0043,NA,NA,NA,NA,NA,NA,0.3306,0.0038,237,0.4749,0.249,0,0.5985,0,Bayes-M17-med
Bosondjo,Mongala,1,FALSE,0.002,0.0015,0.0026,0.002,222,219,223,0.002,0.1907,222,0.0044,NA,NA,NA,NA,NA,NA,0.3489,0.0042,223,0.5618,0.1931,0,0.6409,0,Bayes-M17-med
Omendjadi,Sankuru,1,FALSE,0.002,0.0015,0.0025,0.0019,225,225,225,0.002,0.1852,225,0.0043,NA,NA,NA,NA,NA,NA,0.4262,0.005,204,0.5502,0.2317,0,0.9228,0,Bayes-M17-med
Luambo,Kasaï-Central,1,FALSE,0.0019,0.0014,0.0024,0.0019,234,234,235,0.0019,0.1783,234,0.0041,NA,NA,NA,NA,NA,NA,0.3769,0.0042,218,0.5347,0.5656,0,0.4073,0,Bayes-M17-med
Bipemba,Kasaï-Oriental,1,FALSE,0.0019,0.0014,0.0024,0.0019,232,232,232,0.0019,0.1798,232,0.0041,NA,NA,NA,NA,NA,NA,0.1544,0.0018,379,0.0618,0.2201,0,0.3359,0,Bayes-M17-med
Dibindi,Kasaï-Oriental,1,FALSE,0.0019,0.0014,0.0024,0.0019,238,237,239,0.0019,0.176,238,0.0041,NA,NA,NA,NA,NA,NA,0.1617,0.0018,377,0.0386,0.2954,0,0.3127,0,Bayes-M17-med
Lubilanji,Kasaï-Oriental,1,FALSE,0.0019,0.0014,0.0024,0.0019,231,231,231,0.0019,0.1801,231,0.0042,NA,NA,NA,NA,NA,NA,0.1694,0.0019,367,0.0347,0.3398,0,0.3031,0,Bayes-M17-med
Mpokolo,Kasaï-Oriental,1,FALSE,0.0019,0.0014,0.0024,0.0019,236,235,237,0.0019,0.1776,236,0.0041,NA,NA,NA,NA,NA,NA,0.2901,0.0033,270,0.1255,0.6873,0,0.3475,0,Bayes-M17-med
Muya,Kasaï-Oriental,1,FALSE,0.0019,0.0015,0.0025,0.0019,228,226,228,0.0019,0.1829,228,0.0042,NA,NA,NA,NA,NA,NA,0.2495,0.0029,299,0.0753,0.5888,0,0.334,0,Bayes-M17-med
Tshishimbi,Kasaï-Oriental,1,FALSE,0.0019,0.0014,0.0024,0.0019,233,233,233,0.0019,0.1797,233,0.0041,NA,NA,NA,NA,NA,NA,0.1742,0.002,362,0.1795,0.2471,0,0.2703,0,Bayes-M17-med
Koshibanda,Kwilu,1,FALSE,0.0019,0.0015,0.0025,0.0019,227,226,227,0.002,0.1835,227,0.0042,NA,NA,NA,NA,NA,NA,0.4913,0.0057,176,0.5193,0.6757,0,0.7703,0,Bayes-M17-med
Kalambayi Kabanga,Lomami,1,FALSE,0.0019,0.0014,0.0025,0.0019,230,230,230,0.0019,0.1805,230,0.0042,NA,NA,NA,NA,NA,NA,0.3132,0.0036,252,0.4556,0.1602,0,0.6371,0,Bayes-M17-med
Kamana,Lomami,1,FALSE,0.0019,0.0014,0.0024,0.0018,239,238,240,0.0019,0.1749,239,0.004,NA,NA,NA,NA,NA,NA,0.2944,0.0032,271,0.5309,0.0174,0,0.6293,0,Bayes-M17-med
Ototo,Sankuru,1,FALSE,0.0019,0.0014,0.0024,0.0019,236,235,236,0.0019,0.1781,235,0.0041,NA,NA,NA,NA,NA,NA,0.4561,0.0051,198,0.5386,0.3629,0,0.9228,0,Bayes-M17-med
Libenge,Sud-Ubangi,1,FALSE,0.0019,0.0014,0.0024,0.0019,237,234,239,0.0019,0.1774,237,0.0041,NA,NA,NA,NA,NA,NA,0.3818,0.0043,217,0.6293,0.3591,0,0.5386,0,Bayes-M17-med
Ankoro,Tanganyika,1,FALSE,0.0019,0.0014,0.0025,0.0019,229,229,229,0.0019,0.181,229,0.0042,NA,NA,NA,NA,NA,NA,0.6047,0.0069,150,0.9266,0.8282,0,0.6641,0,Bayes-M17-med
Monga,Bas-Uele,1,FALSE,0.0018,0.0014,0.0024,0.0018,241,238,247,0.0018,0.1736,241,0.004,NA,NA,NA,NA,NA,NA,0.7336,0.008,127,0.9826,0.9672,0,0.9846,0,Bayes-M17-med
Bolomba,Equateur,1,FALSE,0.0018,0.0013,0.0023,0.0017,258,256,262,0.0018,0.1655,258,0.0038,NA,NA,NA,NA,NA,NA,0.6163,0.0064,158,0.9575,0.8533,0,0.6544,0,Bayes-M17-med
Kampemba,Haut-Katanga,1,FALSE,0.0018,0.0014,0.0023,0.0018,246,246,247,0.0018,0.1707,246,0.0039,NA,NA,NA,NA,NA,NA,0.0531,6e-4,443,0.0598,0.0367,0,0.1158,0,Bayes-M17-med
Sakania,Haut-Katanga,1,FALSE,0.0018,0.0013,0.0023,0.0018,252,251,254,0.0018,0.1676,251,0.0039,NA,NA,NA,NA,NA,NA,0.2775,0.0029,297,0.7375,0.2355,0,0.1371,0,Bayes-M17-med
Kabondo Dianda,Haut-Lomami,1,FALSE,0.0018,0.0014,0.0024,0.0018,242,241,243,0.0018,0.1725,242,0.004,NA,NA,NA,NA,NA,NA,0.4107,0.0045,208,0.5888,0.5714,0,0.4826,0,Bayes-M17-med
Ndekesha,Kasaï-Central,1,FALSE,0.0018,0.0013,0.0023,0.0018,252,252,254,0.0018,0.1675,252,0.0039,NA,NA,NA,NA,NA,NA,0.4059,0.0043,215,0.4768,0.4498,0,0.6969,0,Bayes-M17-med
Tshikaji,Kasaï-Central,1,FALSE,0.0018,0.0014,0.0024,0.0018,240,240,241,0.0018,0.1737,240,0.004,NA,NA,NA,NA,NA,NA,0.3195,0.0035,255,0.1873,0.5849,0,0.5058,0,Bayes-M17-med
Kansele,Kasaï-Oriental,1,FALSE,0.0018,0.0013,0.0023,0.0018,255,251,257,0.0018,0.1671,255,0.0039,NA,NA,NA,NA,NA,NA,0.2437,0.0026,317,0.0541,0.5965,0,0.3243,0,Bayes-M17-med
Matadi,Kongo-Central,1,FALSE,0.0018,0.0014,0.0023,0.0018,247,246,248,0.0018,0.1706,247,0.0039,NA,NA,NA,NA,NA,NA,0.2939,0.0032,278,0.1564,0.944,0,0.0753,0,Bayes-M17-med
Ipamu,Kwilu,1,FALSE,0.0018,0.0014,0.0024,0.0018,243,242,243,0.0018,0.1723,243,0.004,NA,NA,NA,NA,NA,NA,0.5454,0.0059,170,0.4903,0.7683,0,0.9228,0,Bayes-M17-med
Alunguli,Maniema,1,FALSE,0.0018,0.0014,0.0023,0.0018,250,249,251,0.0018,0.1688,250,0.0039,NA,NA,NA,NA,NA,NA,0.3132,0.0033,267,0.1737,0.195,0,0.8842,0,Bayes-M17-med
Gbadolite,Nord-Ubangi,1,FALSE,0.0018,0.0013,0.0023,0.0018,254,250,258,0.0018,0.1672,254,0.0039,NA,NA,NA,NA,NA,NA,0.5183,0.0055,187,0.7915,0.9653,0,0.3166,0,Bayes-M17-med
Dikungu,Sankuru,1,FALSE,0.0018,0.0014,0.0023,0.0018,248,246,249,0.0018,0.1701,248,0.0039,NA,NA,NA,NA,NA,NA,0.3779,0.0041,227,0.4865,0.1409,0,0.8842,0,Bayes-M17-med
Minga,Sankuru,1,FALSE,0.0018,0.0014,0.0023,0.0018,245,244,246,0.0018,0.1712,245,0.0039,NA,NA,NA,NA,NA,NA,0.5347,0.0058,174,0.7838,0.471,0,0.8842,0,Bayes-M17-med
Tshumbe,Sankuru,1,FALSE,0.0018,0.0014,0.0023,0.0018,244,242,244,0.0018,0.1716,244,0.004,NA,NA,NA,NA,NA,NA,0.3907,0.0042,220,0.5444,0.1718,0,0.8465,0,Bayes-M17-med
Bogosenubea,Sud-Ubangi,1,FALSE,0.0018,0.0013,0.0023,0.0018,249,248,254,0.0018,0.1693,249,0.0039,NA,NA,NA,NA,NA,NA,0.4107,0.0044,211,0.4981,0.3031,0,0.8417,0,Bayes-M17-med
Lowa,Tshopo,1,FALSE,0.0018,0.0013,0.0023,0.0018,253,250,257,0.0018,0.1673,253,0.0039,NA,NA,NA,NA,NA,NA,0.4073,0.0043,214,0.8938,0.0598,0,0.6757,0,Bayes-M17-med
Basali,Tshopo,1,FALSE,0.0018,0.0013,0.0023,0.0018,255,255,256,0.0018,0.167,256,0.0039,NA,NA,NA,NA,NA,NA,0.3779,0.004,231,0.834,0.0251,0,0.6525,0,Bayes-M17-med
Mompono,Tshuapa,1,FALSE,0.0018,0.0013,0.0023,0.0017,257,253,259,0.0018,0.1663,257,0.0038,NA,NA,NA,NA,NA,NA,0.5598,0.0059,172,0.8089,0.6042,0,0.8263,0,Bayes-M17-med
Basankusu,Equateur,1,FALSE,0.0017,0.0013,0.0023,0.0017,261,259,265,0.0017,0.1641,261,0.0038,NA,NA,NA,NA,NA,NA,0.6844,0.0071,144,0.9517,0.8629,0,0.9228,0,Bayes-M17-med
Mukanga,Haut-Lomami,1,FALSE,0.0017,0.0013,0.0022,0.0017,262,260,263,0.0017,0.1632,262,0.0038,NA,NA,NA,NA,NA,NA,0.4739,0.0049,205,0.6853,0.6911,0,0.5193,0,Bayes-M17-med
Ilebo,Kasaï,1,FALSE,0.0017,0.0013,0.0021,0.0016,269,268,270,0.0017,0.1569,269,0.0036,NA,NA,NA,NA,NA,NA,0.3142,0.0031,283,0.2162,0.6139,0,0.4266,0,Bayes-M17-med
Kanzala,Kasaï,1,FALSE,0.0017,0.0013,0.0022,0.0017,259,257,260,0.0018,0.1648,259,0.0038,NA,NA,NA,NA,NA,NA,0.2046,0.0021,345,0.168,0.3127,0,0.3378,0,Bayes-M17-med
Dibaya,Kasaï-Central,1,FALSE,0.0017,0.0013,0.0022,0.0017,260,256,261,0.0017,0.1646,260,0.0038,NA,NA,NA,NA,NA,NA,0.3325,0.0035,257,0.3147,0.4479,0,0.5676,0,Bayes-M17-med
Katende,Kasaï-Central,1,FALSE,0.0017,0.0012,0.0021,0.0016,270,269,271,0.0017,0.1562,270,0.0036,NA,NA,NA,NA,NA,NA,0.5154,0.0051,201,0.6525,0.6486,0,0.7606,0,Bayes-M17-med
Mukumbi,Kasaï-Oriental,1,FALSE,0.0017,0.0012,0.0021,0.0016,272,270,272,0.0017,0.1554,272,0.0036,NA,NA,NA,NA,NA,NA,0.2249,0.0022,338,0.2413,0.1892,0,0.4691,0,Bayes-M17-med
Kikwit Sud,Kwilu,1,FALSE,0.0017,0.0013,0.0022,0.0017,265,264,265,0.0017,0.1618,265,0.0037,NA,NA,NA,NA,NA,NA,0.3282,0.0034,265,0.1313,0.7008,0,0.4807,0,Bayes-M17-med
Yasa Bonga,Kwilu,1,FALSE,0.0017,0.0013,0.0022,0.0017,263,262,263,0.0017,0.1629,263,0.0038,NA,NA,NA,NA,NA,NA,0.4206,0.0043,213,0.3031,0.5328,0,0.8465,0,Bayes-M17-med
Ferekeni,Maniema,1,FALSE,0.0017,0.0013,0.0022,0.0017,264,261,266,0.0017,0.1622,264,0.0037,NA,NA,NA,NA,NA,NA,0.3504,0.0036,251,0.7722,0.0425,0,0.5869,0,Bayes-M17-med
Bosobolo,Nord-Ubangi,1,FALSE,0.0017,0.0013,0.0022,0.0017,266,265,267,0.0017,0.1604,266,0.0037,NA,NA,NA,NA,NA,NA,0.7148,0.0072,140,0.9363,0.9459,0,0.9768,0,Bayes-M17-med
Mobayi Mbongo,Nord-Ubangi,1,FALSE,0.0017,0.0012,0.0021,0.0016,271,269,275,0.0017,0.1555,271,0.0036,NA,NA,NA,NA,NA,NA,0.5458,0.0054,192,0.9324,0.8166,0,0.4344,0,Bayes-M17-med
Befale,Tshuapa,1,FALSE,0.0017,0.0012,0.0022,0.0017,268,267,271,0.0017,0.1575,268,0.0036,NA,NA,NA,NA,NA,NA,0.5145,0.0051,200,0.8822,0.4903,0,0.6853,0,Bayes-M17-med
Kiambi,Tanganyika,1,FALSE,0.0017,0.0013,0.0021,0.0017,267,266,268,0.0017,0.1577,267,0.0036,NA,NA,NA,NA,NA,NA,0.5709,0.0057,177,0.9807,0.6834,0,0.6197,0,Bayes-M17-med
Kilwa,Haut-Katanga,1,FALSE,0.0016,0.0012,0.002,0.0016,281,279,282,0.0016,0.149,281,0.0034,NA,NA,NA,NA,NA,NA,0.3764,0.0035,253,0.749,0.39,0,0.3668,0,Bayes-M17-med
Ruashi,Haut-Katanga,1,FALSE,0.0016,0.0012,0.0021,0.0016,273,272,274,0.0016,0.1543,273,0.0036,NA,NA,NA,NA,NA,NA,0.0705,7e-4,440,0.0985,0.0637,0,0.1197,0,Bayes-M17-med
Lukonga,Kasaï-Central,1,FALSE,0.0016,0.0012,0.0021,0.0016,275,273,275,0.0016,0.1536,275,0.0035,NA,NA,NA,NA,NA,NA,0.3282,0.0032,277,0.2239,0.6429,0,0.4459,0,Bayes-M17-med
Tshibala,Kasaï-Central,1,FALSE,0.0016,0.0012,0.0021,0.0016,279,277,281,0.0016,0.1507,278,0.0035,NA,NA,NA,NA,NA,NA,0.4218,0.004,229,0.4266,0.5772,0,0.6834,0,Bayes-M17-med
Kisantu,Kongo-Central,1,FALSE,0.0016,0.0012,0.0021,0.0016,274,273,274,0.0016,0.1542,274,0.0036,NA,NA,NA,NA,NA,NA,0.418,0.0041,226,0.5039,0.9903,0,0.1776,0,Bayes-M17-med
Djuma,Kwilu,1,FALSE,0.0016,0.0012,0.0021,0.0016,276,276,277,0.0016,0.1528,276,0.0035,NA,NA,NA,NA,NA,NA,0.5256,0.0051,202,0.4826,0.7355,0,0.8842,0,Bayes-M17-med
Boso Manzi,Mongala,1,FALSE,0.0016,0.0012,0.0021,0.0016,280,279,280,0.0016,0.1506,280,0.0035,NA,NA,NA,NA,NA,NA,0.3982,0.0038,239,0.5695,0.2278,0,0.7954,0,Bayes-M17-med
Abuzi,Nord-Ubangi,1,FALSE,0.0016,0.0012,0.0021,0.0016,278,278,281,0.0016,0.1507,279,0.0035,NA,NA,NA,NA,NA,NA,0.7153,0.0068,152,0.9846,0.9054,0,0.971,0,Bayes-M17-med
Bili (Nord-Ubangi),Nord-Ubangi,1,FALSE,0.0016,0.0012,0.0021,0.0016,277,276,278,0.0016,0.1518,277,0.0035,NA,NA,NA,NA,NA,NA,0.7075,0.0068,153,0.9247,0.9189,0,0.9865,0,Bayes-M17-med
Wapinda,Nord-Ubangi,1,FALSE,0.0016,0.0012,0.002,0.0016,282,280,282,0.0016,0.1484,282,0.0034,NA,NA,NA,NA,NA,NA,0.6791,0.0064,161,0.9015,0.8398,0,0.9749,0,Bayes-M17-med
Kambove,Haut-Katanga,1,FALSE,0.0015,0.0011,0.0019,0.0015,296,294,296,0.0015,0.1381,295,0.0032,NA,NA,NA,NA,NA,NA,0.306,0.0027,311,0.4247,0.6236,0,0.1757,0,Bayes-M17-med
Kapolowe,Haut-Katanga,1,FALSE,0.0015,0.0011,0.0019,0.0015,290,290,291,0.0015,0.1401,290,0.0032,NA,NA,NA,NA,NA,NA,0.3026,0.0027,310,0.5579,0.444,0,0.2085,0,Bayes-M17-med
Kisanga,Haut-Katanga,1,FALSE,0.0015,0.0011,0.0019,0.0015,288,287,288,0.0015,0.1413,288,0.0033,NA,NA,NA,NA,NA,NA,0.1081,0.001,424,0.1293,0.2008,0,0.1023,0,Bayes-M17-med
Yangala,Kasaï-Central,1,FALSE,0.0015,0.0011,0.002,0.0015,286,285,287,0.0015,0.1434,286,0.0033,NA,NA,NA,NA,NA,NA,0.348,0.0031,280,0.5927,0.2259,0,0.5734,0,Bayes-M17-med
Muanda,Kongo-Central,1,FALSE,0.0015,0.0011,0.002,0.0015,285,285,286,0.0015,0.1435,285,0.0033,NA,NA,NA,NA,NA,NA,0.4093,0.0037,244,0.6371,1,0,0,0,Bayes-M17-med
Masi Manimba,Kwilu,1,FALSE,0.0015,0.0012,0.002,0.0015,283,283,283,0.0015,0.1453,283,0.0034,NA,NA,NA,NA,NA,NA,0.4281,0.0039,234,0.332,0.4961,0,0.8842,0,Bayes-M17-med
Kalonda Est,Lomami,1,FALSE,0.0015,0.0012,0.002,0.0015,284,284,286,0.0015,0.144,284,0.0033,NA,NA,NA,NA,NA,NA,0.3292,0.003,293,0.5425,0.1506,0,0.6236,0,Bayes-M17-med
Kasaji,Lualaba,1,FALSE,0.0015,0.0011,0.0019,0.0015,297,295,297,0.0015,0.138,296,0.0032,NA,NA,NA,NA,NA,NA,0.4648,0.004,228,0.8552,0.4923,0,0.5116,0,Bayes-M17-med
Lualaba,Lualaba,1,FALSE,0.0015,0.0011,0.0019,0.0015,294,293,294,0.0015,0.1382,294,0.0032,NA,NA,NA,NA,NA,NA,0.1404,0.0012,406,0.3552,0.0347,0,0.1718,0,Bayes-M17-med
Pangi,Maniema,1,FALSE,0.0015,0.0011,0.0019,0.0014,297,291,298,0.0015,0.1377,297,0.0032,NA,NA,NA,NA,NA,NA,0.3316,0.0029,298,0.6081,0.056,0,0.6622,0,Bayes-M17-med
Lusambo,Sankuru,1,FALSE,0.0015,0.0011,0.0019,0.0015,293,291,295,0.0015,0.1383,293,0.0032,NA,NA,NA,NA,NA,NA,0.4833,0.0042,221,0.6815,0.2992,0,0.9527,0,Bayes-M17-med
Wembo Nyama,Sankuru,1,FALSE,0.0015,0.0011,0.0019,0.0015,289,288,292,0.0015,0.1405,289,0.0032,NA,NA,NA,NA,NA,NA,0.4097,0.0036,248,0.5019,0.2143,0,0.9228,0,Bayes-M17-med
Boto,Sud-Ubangi,1,FALSE,0.0015,0.0011,0.0019,0.0014,298,293,298,0.0015,0.1374,298,0.0032,NA,NA,NA,NA,NA,NA,0.3596,0.0031,282,0.3282,0.5174,0,0.5927,0,Bayes-M17-med
Budjala,Sud-Ubangi,1,FALSE,0.0015,0.0011,0.0019,0.0015,292,290,297,0.0015,0.1392,292,0.0032,NA,NA,NA,NA,NA,NA,0.43,0.0038,240,0.5154,0.4035,0,0.8012,0,Bayes-M17-med
Kungu,Sud-Ubangi,1,FALSE,0.0015,0.0011,0.002,0.0015,287,284,289,0.0015,0.1428,287,0.0033,NA,NA,NA,NA,NA,NA,0.3711,0.0033,266,0.3745,0.3359,0,0.7741,0,Bayes-M17-med
Ndage,Sud-Ubangi,1,FALSE,0.0015,0.0011,0.0019,0.0015,291,289,296,0.0015,0.1394,291,0.0032,NA,NA,NA,NA,NA,NA,0.3533,0.0031,284,0.3996,0.2761,0,0.7375,0,Bayes-M17-med
Ndjoko Mpunda,Kasaï,1,FALSE,0.0014,0.001,0.0018,0.0014,305,304,306,0.0014,0.1302,305,0.003,NA,NA,NA,NA,NA,NA,0.333,0.0027,306,0.3977,0.2915,0,0.6429,0,Bayes-M17-med
Kamonia,Kasaï,1,FALSE,0.0014,0.0011,0.0018,0.0014,299,299,300,0.0014,0.135,299,0.0031,NA,NA,NA,NA,NA,NA,0.14,0.0012,407,0.3707,0.11,0,0.0792,0,Bayes-M17-med
Bandundu,Kwilu,1,FALSE,0.0014,0.0011,0.0018,0.0014,302,301,303,0.0014,0.132,302,0.003,NA,NA,NA,NA,NA,NA,0.3364,0.0028,304,0.3436,0.751,0,0.251,0,Bayes-M17-med
Mokala,Kwilu,1,FALSE,0.0014,0.001,0.0018,0.0014,306,305,306,0.0014,0.1301,306,0.003,NA,NA,NA,NA,NA,NA,0.5118,0.0042,222,0.4228,0.6718,0,0.9527,0,Bayes-M17-med
Makota,Lomami,1,FALSE,0.0014,0.001,0.0018,0.0014,307,304,307,0.0014,0.1298,307,0.003,NA,NA,NA,NA,NA,NA,0.2587,0.0021,347,0.1023,0.3764,0,0.556,0,Bayes-M17-med
Loko,Nord-Ubangi,1,FALSE,0.0014,0.0011,0.0018,0.0014,301,301,302,0.0014,0.1331,301,0.0031,NA,NA,NA,NA,NA,NA,0.6535,0.0055,186,0.9402,0.9266,0,0.7471,0,Bayes-M17-med
Kole,Sankuru,1,FALSE,0.0014,0.0011,0.0018,0.0014,303,302,303,0.0014,0.1319,303,0.003,NA,NA,NA,NA,NA,NA,0.4802,0.004,230,0.7761,0.2606,0,0.8842,0,Bayes-M17-med
Bokonzi,Sud-Ubangi,1,FALSE,0.0014,0.0011,0.0018,0.0014,300,299,300,0.0014,0.134,300,0.0031,NA,NA,NA,NA,NA,NA,0.236,0.002,358,0.4305,0.083,0,0.4305,0,Bayes-M17-med
Bulu,Sud-Ubangi,1,FALSE,0.0014,0.001,0.0018,0.0014,304,304,307,0.0014,0.1307,304,0.003,NA,NA,NA,NA,NA,NA,0.3147,0.0026,315,0.3649,0.1988,0,0.695,0,Bayes-M17-med
Pweto,Haut-Katanga,1,FALSE,0.0013,0.001,0.0017,0.0013,309,308,309,0.0013,0.1259,308,0.0029,NA,NA,NA,NA,NA,NA,0.3518,0.0028,305,0.7992,0.2587,0,0.3494,0,Bayes-M17-med
Kinkondja,Haut-Lomami,1,FALSE,0.0013,0.001,0.0016,0.0013,318,316,318,0.0013,0.1198,318,0.0028,NA,NA,NA,NA,NA,NA,0.4889,0.0037,245,0.7278,0.6274,0,0.6004,0,Bayes-M17-med
Kakenge,Kasaï,1,FALSE,0.0013,0.001,0.0017,0.0013,311,311,312,0.0013,0.1235,311,0.0028,NA,NA,NA,NA,NA,NA,0.4522,0.0035,254,0.5753,0.4788,0,0.7548,0,Bayes-M17-med
Mikope,Kasaï,1,FALSE,0.0013,0.001,0.0017,0.0013,314,313,315,0.0013,0.1218,314,0.0028,NA,NA,NA,NA,NA,NA,0.3996,0.0031,290,0.6776,0.2703,0,0.6506,0,Bayes-M17-med
Muetshi,Kasaï-Central,1,FALSE,0.0013,0.001,0.0017,0.0013,310,310,311,0.0013,0.1244,310,0.0029,NA,NA,NA,NA,NA,NA,0.4792,0.0038,241,0.6158,0.5386,0,0.7625,0,Bayes-M17-med
Tshikula,Kasaï-Central,1,FALSE,0.0013,9e-4,0.0016,0.0012,320,318,320,0.0013,0.1184,320,0.0027,NA,NA,NA,NA,NA,NA,0.3296,0.0025,321,0.3919,0.3185,0,0.6081,0,Bayes-M17-med
Lukula,Kongo-Central,1,FALSE,0.0013,9e-4,0.0016,0.0012,319,319,320,0.0013,0.1184,319,0.0027,NA,NA,NA,NA,NA,NA,0.3933,0.0029,296,0.529,0.8745,0,0.1699,0,Bayes-M17-med
Kimpese,Kongo-Central,1,FALSE,0.0013,0.001,0.0017,0.0013,313,312,314,0.0013,0.1221,313,0.0028,NA,NA,NA,NA,NA,NA,0.4947,0.0038,238,0.7896,0.9768,0,0.2124,0,Bayes-M17-med
Boso Mondanda,Mongala,1,FALSE,0.0013,0.001,0.0016,0.0013,316,314,316,0.0013,0.121,316,0.0028,NA,NA,NA,NA,NA,NA,0.3716,0.0028,301,0.5869,0.1486,0,0.751,0,Bayes-M17-med
Businga,Nord-Ubangi,1,FALSE,0.0013,0.001,0.0017,0.0013,315,313,317,0.0013,0.1215,315,0.0028,NA,NA,NA,NA,NA,NA,0.6781,0.0052,196,0.9286,0.861,0,0.9228,0,Bayes-M17-med
Wasolo,Nord-Ubangi,1,FALSE,0.0013,0.001,0.0017,0.0013,312,310,315,0.0013,0.1234,312,0.0028,NA,NA,NA,NA,NA,NA,0.5709,0.0044,209,0.5541,0.7413,0,0.9884,0,Bayes-M17-med
Bena Dibele,Sankuru,1,FALSE,0.0013,0.001,0.0017,0.0013,308,308,309,0.0013,0.1259,309,0.0029,NA,NA,NA,NA,NA,NA,0.4093,0.0033,269,0.6216,0.1564,0,0.8591,0,Bayes-M17-med
Monkoto,Tshuapa,1,FALSE,0.0013,0.001,0.0016,0.0013,317,317,319,0.0013,0.1199,317,0.0028,NA,NA,NA,NA,NA,NA,0.5598,0.0042,219,0.9498,0.4054,0,0.8842,0,Bayes-M17-med
Ingende,Equateur,1,FALSE,0.0012,9e-4,0.0016,0.0012,325,322,327,0.0012,0.114,325,0.0026,NA,NA,NA,NA,NA,NA,0.596,0.0043,216,0.9208,0.8571,0,0.6062,0,Bayes-M17-med
Likasi,Haut-Katanga,1,FALSE,0.0012,9e-4,0.0015,0.0011,333,333,333,0.0012,0.1084,333,0.0025,NA,NA,NA,NA,NA,NA,0.1728,0.0012,409,0.112,0.4208,0,0.1583,0,Bayes-M17-med
Bilomba,Kasaï-Central,1,FALSE,0.0012,9e-4,0.0015,0.0012,330,329,331,0.0012,0.1112,330,0.0026,NA,NA,NA,NA,NA,NA,0.4006,0.0028,303,0.3378,0.4421,0,0.8224,0,Bayes-M17-med
Katoka,Kasaï-Central,1,FALSE,0.0012,9e-4,0.0016,0.0012,321,321,321,0.0012,0.1157,321,0.0027,NA,NA,NA,NA,NA,NA,0.2645,0.0019,365,0.1216,0.473,0,0.4633,0,Bayes-M17-med
Boma,Kongo-Central,1,FALSE,0.0012,9e-4,0.0015,0.0012,330,329,330,0.0012,0.1114,329,0.0026,NA,NA,NA,NA,NA,NA,0.2901,0.002,354,0.1467,0.9247,0,0.0888,0,Bayes-M17-med
Boko Kivulu,Kongo-Central,1,FALSE,0.0012,9e-4,0.0016,0.0012,323,323,323,0.0012,0.1147,323,0.0026,NA,NA,NA,NA,NA,NA,0.4281,0.0031,285,0.5792,0.9324,0,0.2008,0,Bayes-M17-med
Mbanza Ngungu,Kongo-Central,1,FALSE,0.0012,9e-4,0.0015,0.0012,328,328,328,0.0012,0.112,328,0.0026,NA,NA,NA,NA,NA,NA,0.3711,0.0026,313,0.3205,0.9749,0,0.1892,0,Bayes-M17-med
Panzi,Kwango,1,FALSE,0.0012,9e-4,0.0015,0.0011,332,332,332,0.0012,0.1087,332,0.0025,NA,NA,NA,NA,NA,NA,0.5236,0.0036,250,0.7548,0.583,0,0.7568,0,Bayes-M17-med
Bagata,Kwilu,1,FALSE,0.0012,9e-4,0.0015,0.0012,327,326,327,0.0012,0.1127,327,0.0026,NA,NA,NA,NA,NA,NA,0.5135,0.0037,247,0.6795,0.695,0,0.6795,0,Bayes-M17-med
Pay Kongila,Kwilu,1,FALSE,0.0012,9e-4,0.0015,0.0012,326,325,326,0.0012,0.1136,326,0.0026,NA,NA,NA,NA,NA,NA,0.4488,0.0032,272,0.5135,0.6467,0,0.6351,0,Bayes-M17-med
Kapanga,Lualaba,1,FALSE,0.0012,9e-4,0.0016,0.0012,324,324,325,0.0012,0.1142,324,0.0026,NA,NA,NA,NA,NA,NA,0.4112,0.003,295,0.8514,0.3938,0,0.3996,0,Bayes-M17-med
Inongo,Mai-Ndombe,1,FALSE,0.0012,9e-4,0.0015,0.0012,331,329,331,0.0012,0.111,331,0.0026,NA,NA,NA,NA,NA,NA,0.4952,0.0035,256,0.7645,0.2934,0,0.9228,0,Bayes-M17-med
Tunda,Maniema,1,FALSE,0.0012,9e-4,0.0016,0.0012,322,322,324,0.0012,0.1151,322,0.0027,NA,NA,NA,NA,NA,NA,0.459,0.0033,268,0.8977,0.0541,0,0.8842,0,Bayes-M17-med
Mufunga Sampwe,Haut-Katanga,1,FALSE,0.0011,8e-4,0.0014,0.0011,343,343,343,0.0011,0.1013,343,0.0023,NA,NA,NA,NA,NA,NA,0.3774,0.0024,324,0.8185,0.0888,0,0.6023,0,Bayes-M17-med
Dekese,Kasaï,1,FALSE,0.0011,9e-4,0.0015,0.0011,334,334,334,0.0011,0.108,334,0.0025,NA,NA,NA,NA,NA,NA,0.4633,0.0032,279,0.9189,0.2181,0,0.7162,0,Bayes-M17-med
Kwilu Ngongo,Kongo-Central,1,FALSE,0.0011,8e-4,0.0014,0.0011,340,340,341,0.0011,0.1036,340,0.0024,NA,NA,NA,NA,NA,NA,0.3875,0.0025,319,0.4884,0.8668,0,0.195,0,Bayes-M17-med
Boko,Kwango,1,FALSE,0.0011,8e-4,0.0014,0.0011,337,337,337,0.0011,0.1061,337,0.0024,NA,NA,NA,NA,NA,NA,0.5121,0.0034,259,0.7336,0.61,0,0.7046,0,Bayes-M17-med
Feshi,Kwango,1,FALSE,0.0011,8e-4,0.0014,0.0011,338,338,338,0.0011,0.1061,338,0.0024,NA,NA,NA,NA,NA,NA,0.5082,0.0034,261,0.7317,0.5425,0,0.7587,0,Bayes-M17-med
Kikongo,Kwilu,1,FALSE,0.0011,8e-4,0.0014,0.0011,344,344,344,0.0011,0.1011,344,0.0023,NA,NA,NA,NA,NA,NA,0.5024,0.0032,274,0.6969,0.6023,0,0.7104,0,Bayes-M17-med
Kimputu,Kwilu,1,FALSE,0.0011,9e-4,0.0015,0.0011,335,335,335,0.0011,0.1066,335,0.0025,NA,NA,NA,NA,NA,NA,0.5039,0.0034,262,0.4923,0.639,0,0.8842,0,Bayes-M17-med
Mosango,Kwilu,1,FALSE,0.0011,8e-4,0.0014,0.0011,336,336,336,0.0011,0.1062,336,0.0024,NA,NA,NA,NA,NA,NA,0.515,0.0035,258,0.5463,0.7375,0,0.7761,0,Bayes-M17-med
Wikong,Lomami,1,FALSE,0.0011,8e-4,0.0014,0.0011,342,341,342,0.0011,0.1024,342,0.0024,NA,NA,NA,NA,NA,NA,0.3663,0.0024,328,0.2529,0.4228,0,0.7896,0,Bayes-M17-med
Sandoa,Lualaba,1,FALSE,0.0011,8e-4,0.0014,0.0011,339,339,339,0.0011,0.1058,339,0.0024,NA,NA,NA,NA,NA,NA,0.5536,0.0037,246,0.9421,0.6815,0,0.5907,0,Bayes-M17-med
Bangabola,Sud-Ubangi,1,FALSE,0.0011,8e-4,0.0014,0.0011,341,340,342,0.0011,0.1032,341,0.0024,NA,NA,NA,NA,NA,NA,0.3904,0.0025,318,0.3533,0.3494,0,0.8591,0,Bayes-M17-med
Bikoro,Equateur,1,FALSE,0.001,7e-4,0.0012,9e-4,364,363,364,0.001,0.0898,364,0.0021,NA,NA,NA,NA,NA,NA,0.5951,0.0034,264,0.8127,0.8147,0,0.7529,0,Bayes-M17-med
Makanza,Equateur,1,FALSE,0.001,8e-4,0.0013,0.001,352,349,353,0.001,0.0962,352,0.0022,NA,NA,NA,NA,NA,NA,0.639,0.0039,236,0.9537,0.7954,0,0.8069,0,Bayes-M17-med
Wangata,Equateur,1,FALSE,0.001,7e-4,0.0012,0.001,362,360,363,0.001,0.0906,362,0.0021,NA,NA,NA,NA,NA,NA,0.417,0.0024,325,0.2336,0.9865,0,0.4479,0,Bayes-M17-med
Kasenga,Haut-Katanga,1,FALSE,0.001,8e-4,0.0013,0.001,350,349,350,0.001,0.0976,350,0.0023,NA,NA,NA,NA,NA,NA,0.3953,0.0024,322,0.8166,0.6255,0,0.139,0,Bayes-M17-med
Lwamba,Haut-Lomami,1,FALSE,0.001,8e-4,0.0013,0.001,346,345,346,0.001,0.0982,346,0.0023,NA,NA,NA,NA,NA,NA,0.4865,0.003,291,0.8069,0.6409,0,0.4981,0,Bayes-M17-med
Songa,Haut-Lomami,1,FALSE,0.001,8e-4,0.0013,0.001,354,354,354,0.001,0.0953,354,0.0022,NA,NA,NA,NA,NA,NA,0.473,0.0028,300,0.9344,0.3533,0,0.6042,0,Bayes-M17-med
Mushenge,Kasaï,1,FALSE,0.001,7e-4,0.0013,0.001,358,358,358,0.001,0.0933,358,0.0022,NA,NA,NA,NA,NA,NA,0.3229,0.0019,371,0.5946,0.0656,0,0.6313,0,Bayes-M17-med
Kitangwa,Kasaï,1,FALSE,0.001,8e-4,0.0013,0.001,348,347,348,0.001,0.0978,348,0.0023,NA,NA,NA,NA,NA,NA,0.3287,0.002,356,0.6332,0.1062,0,0.5753,0,Bayes-M17-med
Mutena,Kasaï,1,FALSE,0.001,7e-4,0.0012,0.001,363,362,364,0.001,0.0904,363,0.0021,NA,NA,NA,NA,NA,NA,0.2336,0.0013,401,0.334,0.0753,0,0.5251,0,Bayes-M17-med
Lubondaie,Kasaï-Central,1,FALSE,0.001,7e-4,0.0013,0.001,357,357,359,0.001,0.0934,357,0.0022,NA,NA,NA,NA,NA,NA,0.3147,0.0019,373,0.3822,0.1583,0,0.7181,0,Bayes-M17-med
Lubunga (Kasaï-Central),Kasaï-Central,1,FALSE,0.001,8e-4,0.0013,0.001,349,347,351,0.001,0.0976,349,0.0023,NA,NA,NA,NA,NA,NA,0.4599,0.0028,302,0.5637,0.4653,0,0.8108,0,Bayes-M17-med
Seke Banza,Kongo-Central,1,FALSE,0.001,7e-4,0.0012,0.001,361,361,361,0.001,0.0908,361,0.0021,NA,NA,NA,NA,NA,NA,0.4513,0.0026,316,0.6351,0.9498,0,0.2201,0,Bayes-M17-med
Kahemba,Kwango,1,FALSE,0.001,8e-4,0.0013,0.001,356,356,356,0.001,0.0942,356,0.0022,NA,NA,NA,NA,NA,NA,0.5367,0.0032,275,0.8958,0.7278,0,0.5232,0,Bayes-M17-med
Mungindu,Kwilu,1,FALSE,0.001,8e-4,0.0013,0.001,355,355,355,0.001,0.0943,355,0.0022,NA,NA,NA,NA,NA,NA,0.3818,0.0023,336,0.4691,0.5367,0,0.5212,0,Bayes-M17-med
Kamiji,Lomami,1,FALSE,0.001,7e-4,0.0012,0.001,360,360,362,0.001,0.0908,360,0.0021,NA,NA,NA,NA,NA,NA,0.2635,0.0015,393,0.3398,0.1293,0,0.5849,0,Bayes-M17-med
Dilolo,Lualaba,1,FALSE,0.001,8e-4,0.0013,0.001,351,350,351,0.001,0.0975,351,0.0022,NA,NA,NA,NA,NA,NA,0.3663,0.0023,337,0.8398,0.6197,0,0.0058,0,Bayes-M17-med
Kanzenze,Lualaba,1,FALSE,0.001,8e-4,0.0013,0.001,353,352,353,0.001,0.0958,353,0.0022,NA,NA,NA,NA,NA,NA,0.2389,0.0014,395,0.6255,0.1429,0,0.1873,0,Bayes-M17-med
Djalo Ndjeka,Sankuru,1,FALSE,0.001,8e-4,0.0013,0.001,347,345,348,0.001,0.098,347,0.0023,NA,NA,NA,NA,NA,NA,0.3378,0.0021,350,0.3591,0.0695,0,0.9228,0,Bayes-M17-med
Bominenge,Sud-Ubangi,1,FALSE,0.001,7e-4,0.0013,0.001,359,357,359,0.001,0.093,359,0.0021,NA,NA,NA,NA,NA,NA,0.3258,0.0019,368,0.2819,0.0985,0,0.9228,0,Bayes-M17-med
Mawuya,Sud-Ubangi,1,FALSE,0.001,8e-4,0.0014,0.001,345,345,352,0.001,0.0987,345,0.0023,NA,NA,NA,NA,NA,NA,0.2654,0.0017,386,0.444,0.2394,0,0.3784,0,Bayes-M17-med
Mutoto,Kasaï-Central,1,FALSE,9e-4,7e-4,0.0011,9e-4,371,371,371,9e-4,0.0828,371,0.0019,NA,NA,NA,NA,NA,NA,0.3441,0.0018,375,0.4575,0.361,0,0.5579,0,Bayes-M17-med
Massa,Kongo-Central,1,FALSE,9e-4,7e-4,0.0012,9e-4,369,368,369,9e-4,0.0863,369,0.002,NA,NA,NA,NA,NA,NA,0.4223,0.0023,334,0.668,0.9208,0,0.1004,0,Bayes-M17-med
Kimbao,Kwango,1,FALSE,9e-4,7e-4,0.0012,9e-4,367,366,368,9e-4,0.0868,367,0.002,NA,NA,NA,NA,NA,NA,0.5743,0.0031,281,0.7201,0.7181,0,0.8591,0,Bayes-M17-med
Popokabaka,Kwango,1,FALSE,9e-4,7e-4,0.0012,9e-4,365,365,365,9e-4,0.0887,365,0.002,NA,NA,NA,NA,NA,NA,0.5507,0.0031,289,0.7703,0.7876,0,0.6448,0,Bayes-M17-med
Kalamba,Lualaba,1,FALSE,9e-4,7e-4,0.0011,9e-4,370,370,370,9e-4,0.0829,370,0.0019,NA,NA,NA,NA,NA,NA,0.4542,0.0024,326,0.8803,0.2375,0,0.6988,0,Bayes-M17-med
Nioki,Mai-Ndombe,1,FALSE,9e-4,6e-4,0.0011,9e-4,374,373,374,9e-4,0.0812,374,0.0019,NA,NA,NA,NA,NA,NA,0.389,0.002,359,0.61,0.3958,0,0.5502,0,Bayes-M17-med
Bongandanga,Mongala,1,FALSE,9e-4,7e-4,0.0012,9e-4,368,367,369,9e-4,0.0863,368,0.002,NA,NA,NA,NA,NA,NA,0.4228,0.0023,333,0.7587,0.0097,0,0.9228,0,Bayes-M17-med
Pania Mutombo,Sankuru,1,FALSE,9e-4,7e-4,0.0011,9e-4,373,372,373,9e-4,0.0818,373,0.0019,NA,NA,NA,NA,NA,NA,0.4117,0.0021,346,0.7413,0.1236,0,0.7819,0,Bayes-M17-med
Wema,Tshuapa,1,FALSE,9e-4,7e-4,0.0011,9e-4,372,372,374,9e-4,0.082,372,0.0019,NA,NA,NA,NA,NA,NA,0.4469,0.0023,332,0.8494,0.1332,0,0.805,0,Bayes-M17-med
Busanga,Tshuapa,1,FALSE,9e-4,7e-4,0.0012,9e-4,366,366,367,9e-4,0.0878,366,0.002,NA,NA,NA,NA,NA,NA,0.4452,0.0025,320,0.6602,0.168,0,0.9527,0,Bayes-M17-med
Djombo,Equateur,1,FALSE,8e-4,6e-4,0.001,8e-4,387,387,390,8e-4,0.0724,387,0.0017,NA,NA,NA,NA,NA,NA,0.6554,0.003,292,0.917,0.7819,0,0.9228,0,Bayes-M17-med
Kikula,Haut-Katanga,1,FALSE,8e-4,6e-4,0.001,8e-4,388,386,388,8e-4,0.0723,388,0.0017,NA,NA,NA,NA,NA,NA,0.0951,4e-4,445,0.1062,0.1139,0,0.1602,0,Bayes-M17-med
Mitwaba,Haut-Katanga,1,FALSE,8e-4,6e-4,0.001,7e-4,390,388,391,8e-4,0.0713,390,0.0016,NA,NA,NA,NA,NA,NA,0.3528,0.0016,388,0.8012,0.0618,0,0.5483,0,Bayes-M17-med
Kafubu,Haut-Katanga,1,FALSE,8e-4,6e-4,0.0011,8e-4,380,380,381,8e-4,0.0772,380,0.0018,NA,NA,NA,NA,NA,NA,0.2104,0.001,420,0.6042,0.0869,0,0.1506,0,Bayes-M17-med
Kayamba,Haut-Lomami,1,FALSE,8e-4,6e-4,0.0011,8e-4,379,378,379,8e-4,0.0778,379,0.0018,NA,NA,NA,NA,NA,NA,0.4276,0.0021,349,0.7027,0.4189,0,0.5888,0,Bayes-M17-med
Bulape,Kasaï,1,FALSE,8e-4,6e-4,0.001,8e-4,385,385,386,8e-4,0.0731,385,0.0017,NA,NA,NA,NA,NA,NA,0.4315,0.002,360,0.7066,0.1853,0,0.834,0,Bayes-M17-med
Nyanga,Kasaï,1,FALSE,8e-4,6e-4,0.001,8e-4,382,382,382,8e-4,0.0749,382,0.0017,NA,NA,NA,NA,NA,NA,0.348,0.0016,387,0.4402,0.3803,0,0.5714,0,Bayes-M17-med
Bena Tshadi,Kasaï-Central,1,FALSE,8e-4,6e-4,0.001,8e-4,389,389,389,8e-4,0.0716,389,0.0017,NA,NA,NA,NA,NA,NA,0.472,0.0021,344,0.6699,0.3784,0,0.8398,0,Bayes-M17-med
Bunkonde,Kasaï-Central,1,FALSE,8e-4,6e-4,0.0011,8e-4,375,375,375,8e-4,0.0796,375,0.0018,NA,NA,NA,NA,NA,NA,0.3523,0.0018,378,0.4015,0.278,0,0.7297,0,Bayes-M17-med
Ndesha,Kasaï-Central,1,FALSE,8e-4,6e-4,0.001,8e-4,381,380,381,8e-4,0.0769,381,0.0018,NA,NA,NA,NA,NA,NA,0.2317,0.0011,412,0.1448,0.3456,0,0.4363,0,Bayes-M17-med
Nsona Mpangu,Kongo-Central,1,FALSE,8e-4,6e-4,0.0011,8e-4,377,377,377,8e-4,0.0783,377,0.0018,NA,NA,NA,NA,NA,NA,0.4165,0.0021,351,0.722,0.7645,0,0.1795,0,Bayes-M17-med
Kasongo Lunda,Kwango,1,FALSE,8e-4,6e-4,0.001,7e-4,391,390,391,8e-4,0.0711,391,0.0016,NA,NA,NA,NA,NA,NA,0.3441,0.0015,390,0.6274,0.5946,0,0.1544,0,Bayes-M17-med
Wamba Lwadi,Kwango,1,FALSE,8e-4,6e-4,0.0011,8e-4,376,376,376,8e-4,0.0786,376,0.0018,NA,NA,NA,NA,NA,NA,0.5492,0.0027,307,0.6467,0.8185,0,0.7317,0,Bayes-M17-med
Sia,Kwilu,1,FALSE,8e-4,6e-4,0.0011,8e-4,378,378,379,8e-4,0.078,378,0.0018,NA,NA,NA,NA,NA,NA,0.3986,0.002,364,0.4151,0.3822,0,0.7973,0,Bayes-M17-med
Kingandu,Kwilu,1,FALSE,8e-4,6e-4,0.001,8e-4,383,383,383,8e-4,0.0747,383,0.0017,NA,NA,NA,NA,NA,NA,0.4923,0.0023,331,0.7162,0.6583,0,0.5946,0,Bayes-M17-med
Oshwe,Mai-Ndombe,1,FALSE,8e-4,6e-4,0.001,8e-4,384,384,384,8e-4,0.0741,384,0.0017,NA,NA,NA,NA,NA,NA,0.4855,0.0023,335,0.8764,0.3301,0,0.7355,0,Bayes-M17-med
Zongo,Sud-Ubangi,1,FALSE,8e-4,6e-4,0.001,8e-4,386,385,387,8e-4,0.0729,386,0.0017,NA,NA,NA,NA,NA,NA,0.2418,0.0011,414,0.278,0.4131,0,0.2761,0,Bayes-M17-med
Iboko,Equateur,1,FALSE,7e-4,5e-4,9e-4,7e-4,396,396,399,7e-4,0.0688,396,0.0016,NA,NA,NA,NA,NA,NA,0.612,0.0027,312,0.8282,0.7915,0,0.8282,0,Bayes-M17-med
Lotumbe,Equateur,1,FALSE,7e-4,5e-4,9e-4,7e-4,401,401,403,7e-4,0.0662,401,0.0015,NA,NA,NA,NA,NA,NA,0.5816,0.0024,323,0.9691,0.7085,0,0.6486,0,Bayes-M17-med
Panda,Haut-Katanga,1,FALSE,7e-4,5e-4,9e-4,7e-4,403,402,404,7e-4,0.0658,403,0.0015,NA,NA,NA,NA,NA,NA,0.2027,8e-4,429,0.1622,0.4826,0,0.166,0,Bayes-M17-med
Kenya,Haut-Katanga,1,FALSE,7e-4,5e-4,9e-4,7e-4,409,408,409,7e-4,0.0636,409,0.0015,NA,NA,NA,NA,NA,NA,0.0569,2e-4,451,0.11,0.0116,0,0.1062,0,Bayes-M17-med
Lukafu,Haut-Katanga,1,FALSE,7e-4,5e-4,9e-4,7e-4,400,400,400,7e-4,0.0678,400,0.0016,NA,NA,NA,NA,NA,NA,0.4015,0.0017,382,0.888,0.3243,0,0.3938,0,Bayes-M17-med
Kalomba,Kasaï-Central,1,FALSE,7e-4,6e-4,9e-4,7e-4,394,394,394,7e-4,0.0696,394,0.0016,NA,NA,NA,NA,NA,NA,0.2944,0.0013,402,0.3166,0.1467,0,0.7143,0,Bayes-M17-med
Kangu,Kongo-Central,1,FALSE,7e-4,6e-4,0.001,7e-4,392,392,392,8e-4,0.0706,392,0.0016,NA,NA,NA,NA,NA,NA,0.3528,0.0016,389,0.3803,0.8822,0,0.1486,0,Bayes-M17-med
Inga,Kongo-Central,1,FALSE,7e-4,5e-4,9e-4,7e-4,410,409,410,7e-4,0.0633,410,0.0015,NA,NA,NA,NA,NA,NA,0.3847,0.0015,392,0.5212,0.8243,0,0.1931,0,Bayes-M17-med
Gombe Matadi,Kongo-Central,1,FALSE,7e-4,5e-4,9e-4,7e-4,407,406,407,7e-4,0.0643,407,0.0015,NA,NA,NA,NA,NA,NA,0.4151,0.0017,383,0.6911,0.7857,0,0.1834,0,Bayes-M17-med
Ngidinga,Kongo-Central,1,FALSE,7e-4,5e-4,9e-4,7e-4,399,397,399,7e-4,0.0681,399,0.0016,NA,NA,NA,NA,NA,NA,0.4488,0.0019,366,0.6544,0.7432,0,0.3977,0,Bayes-M17-med
Moanza,Kwilu,1,FALSE,7e-4,5e-4,9e-4,7e-4,402,401,402,7e-4,0.066,402,0.0015,NA,NA,NA,NA,NA,NA,0.52,0.0022,339,0.5985,0.529,0,0.9527,0,Bayes-M17-med
Kafakumba,Lualaba,1,FALSE,7e-4,5e-4,9e-4,7e-4,398,395,398,7e-4,0.0685,398,0.0016,NA,NA,NA,NA,NA,NA,0.4648,0.002,357,0.8687,0.2027,0,0.7876,0,Bayes-M17-med
Lubudi,Lualaba,1,FALSE,7e-4,5e-4,9e-4,7e-4,405,404,406,7e-4,0.0649,405,0.0015,NA,NA,NA,NA,NA,NA,0.4667,0.0019,369,0.9151,0.4614,0,0.4903,0,Bayes-M17-med
Banzow Moke,Mai-Ndombe,1,FALSE,7e-4,5e-4,9e-4,7e-4,406,405,407,7e-4,0.0645,406,0.0015,NA,NA,NA,NA,NA,NA,0.5236,0.0021,343,0.6892,0.5212,0,0.8842,0,Bayes-M17-med
Kiri,Mai-Ndombe,1,FALSE,7e-4,5e-4,9e-4,7e-4,404,403,405,7e-4,0.0656,404,0.0015,NA,NA,NA,NA,NA,NA,0.5685,0.0024,330,0.8745,0.4768,0,0.9228,0,Bayes-M17-med
Kwamouth,Mai-Ndombe,1,FALSE,7e-4,6e-4,0.001,7e-4,393,393,393,7e-4,0.0702,393,0.0016,NA,NA,NA,NA,NA,NA,0.43,0.0019,370,0.8707,0.417,0,0.4324,0,Bayes-M17-med
Mushie,Mai-Ndombe,1,FALSE,7e-4,5e-4,9e-4,7e-4,395,395,396,7e-4,0.0691,395,0.0016,NA,NA,NA,NA,NA,NA,0.4291,0.0019,372,0.7394,0.3649,0,0.612,0,Bayes-M17-med
Tshudi Loto,Sankuru,1,FALSE,7e-4,5e-4,9e-4,7e-4,397,397,398,7e-4,0.0688,397,0.0016,NA,NA,NA,NA,NA,NA,0.4237,0.0018,374,0.7683,0.0039,0,0.9228,0,Bayes-M17-med
Mbaya,Sud-Ubangi,1,FALSE,7e-4,5e-4,9e-4,7e-4,408,408,410,7e-4,0.0637,408,0.0015,NA,NA,NA,NA,NA,NA,0.3142,0.0013,404,0.3514,0.2239,0,0.6815,0,Bayes-M17-med
Lukolela,Equateur,1,FALSE,6e-4,5e-4,8e-4,6e-4,416,416,417,6e-4,0.058,416,0.0013,NA,NA,NA,NA,NA,NA,0.5787,0.0021,348,0.944,0.9151,0,0.4556,0,Bayes-M17-med
Monieka,Equateur,1,FALSE,6e-4,4e-4,7e-4,6e-4,420,420,420,6e-4,0.0544,420,0.0013,NA,NA,NA,NA,NA,NA,0.596,0.002,352,0.9768,0.7336,0,0.6737,0,Bayes-M17-med
Butumba,Haut-Lomami,1,FALSE,6e-4,4e-4,7e-4,6e-4,421,421,421,6e-4,0.0532,421,0.0012,NA,NA,NA,NA,NA,NA,0.4595,0.0015,391,0.7973,0.4151,0,0.6255,0,Bayes-M17-med
Banga Lubaka,Kasaï,1,FALSE,6e-4,4e-4,8e-4,6e-4,418,418,418,6e-4,0.0553,418,0.0013,NA,NA,NA,NA,NA,NA,0.3205,0.0011,413,0.5174,0.0444,0,0.7201,0,Bayes-M17-med
Luozi,Kongo-Central,1,FALSE,6e-4,5e-4,8e-4,6e-4,414,412,415,6e-4,0.0593,414,0.0014,NA,NA,NA,NA,NA,NA,0.5241,0.002,363,0.7355,0.8861,0,0.4749,0,Bayes-M17-med
Nzanza,Kongo-Central,1,FALSE,6e-4,4e-4,7e-4,5e-4,423,422,423,6e-4,0.0521,423,0.0012,NA,NA,NA,NA,NA,NA,0.2172,7e-4,437,0.0888,0.6892,0,0.0907,0,Bayes-M17-med
Kimvula,Kongo-Central,1,FALSE,6e-4,4e-4,8e-4,6e-4,419,419,419,6e-4,0.055,419,0.0013,NA,NA,NA,NA,NA,NA,0.569,0.002,361,0.8629,0.8784,0,0.5347,0,Bayes-M17-med
Kisanji,Kwango,1,FALSE,6e-4,5e-4,8e-4,6e-4,417,416,417,6e-4,0.0577,417,0.0013,NA,NA,NA,NA,NA,NA,0.5574,0.002,355,0.8417,0.6544,0,0.7336,0,Bayes-M17-med
Ntandembelo,Mai-Ndombe,1,FALSE,6e-4,5e-4,8e-4,6e-4,412,411,414,6e-4,0.0596,412,0.0014,NA,NA,NA,NA,NA,NA,0.4595,0.0017,380,0.6023,0.4633,0,0.7722,0,Bayes-M17-med
Pendjwa,Mai-Ndombe,1,FALSE,6e-4,4e-4,7e-4,6e-4,422,422,423,6e-4,0.0525,422,0.0012,NA,NA,NA,NA,NA,NA,0.4319,0.0014,397,0.7008,0.2124,0,0.8147,0,Bayes-M17-med
Yumbi,Mai-Ndombe,1,FALSE,6e-4,5e-4,8e-4,6e-4,413,412,413,6e-4,0.0596,413,0.0014,NA,NA,NA,NA,NA,NA,0.2741,0.001,419,0.4131,0.4015,0,0.2819,0,Bayes-M17-med
Bolobo,Mai-Ndombe,1,FALSE,6e-4,5e-4,8e-4,6e-4,415,414,415,6e-4,0.0592,415,0.0014,NA,NA,NA,NA,NA,NA,0.3388,0.0013,403,0.6313,0.4981,0,0.2259,0,Bayes-M17-med
Bosobe,Mai-Ndombe,1,FALSE,6e-4,5e-4,8e-4,6e-4,411,411,413,6e-4,0.0598,411,0.0014,NA,NA,NA,NA,NA,NA,0.4406,0.0017,384,0.4942,0.4093,0,0.8591,0,Bayes-M17-med
Bomongo,Equateur,1,FALSE,5e-4,4e-4,7e-4,5e-4,426,426,426,5e-4,0.0482,426,0.0011,NA,NA,NA,NA,NA,NA,0.5907,0.0018,376,0.9788,0.8475,0,0.5367,0,Bayes-M17-med
Kizu,Kongo-Central,1,FALSE,5e-4,4e-4,6e-4,5e-4,427,427,427,5e-4,0.0467,427,0.0011,NA,NA,NA,NA,NA,NA,0.3113,9e-4,427,0.2973,0.8707,0,0.0772,0,Bayes-M17-med
Tshela,Kongo-Central,1,FALSE,5e-4,4e-4,6e-4,5e-4,430,430,430,5e-4,0.0445,430,0.001,NA,NA,NA,NA,NA,NA,0.3282,9e-4,426,0.417,0.888,0,0.0077,0,Bayes-M17-med
Mangembo,Kongo-Central,1,FALSE,5e-4,4e-4,6e-4,5e-4,428,428,428,5e-4,0.0449,428,0.001,NA,NA,NA,NA,NA,NA,0.3726,0.0011,417,0.5598,0.6641,0,0.2664,0,Bayes-M17-med
Kimpangu,Kongo-Central,1,FALSE,5e-4,4e-4,7e-4,5e-4,425,425,425,5e-4,0.0492,425,0.0011,NA,NA,NA,NA,NA,NA,0.4488,0.0014,399,0.7085,0.9344,0,0.1525,0,Bayes-M17-med
Nselo,Kongo-Central,1,FALSE,5e-4,3e-4,6e-4,5e-4,432,432,432,5e-4,0.0438,432,0.001,NA,NA,NA,NA,NA,NA,0.374,0.001,418,0.6564,0.5347,0,0.305,0,Bayes-M17-med
Kajiji,Kwango,1,FALSE,5e-4,4e-4,6e-4,5e-4,431,431,431,5e-4,0.044,431,0.001,NA,NA,NA,NA,NA,NA,0.3533,0.001,423,0.7934,0.1544,0,0.4653,0,Bayes-M17-med
Kitenda,Kwango,1,FALSE,5e-4,4e-4,6e-4,5e-4,429,429,429,5e-4,0.0446,429,0.001,NA,NA,NA,NA,NA,NA,0.376,0.0011,416,0.6641,0.4247,0,0.4151,0,Bayes-M17-med
Mwela Lembwa,Kwango,1,FALSE,5e-4,4e-4,7e-4,5e-4,424,424,424,5e-4,0.0513,424,0.0012,NA,NA,NA,NA,NA,NA,0.4397,0.0014,398,0.6506,0.3224,0,0.7857,0,Bayes-M17-med
Bolenge,Equateur,1,FALSE,4e-4,3e-4,5e-4,4e-4,444,444,444,4e-4,0.034,444,8e-4,NA,NA,NA,NA,NA,NA,0.5391,0.0012,410,0.7954,0.8514,0,0.5097,0,Bayes-M17-med
Kilela Balanda,Haut-Katanga,1,FALSE,4e-4,3e-4,5e-4,4e-4,442,442,442,4e-4,0.0357,442,8e-4,NA,NA,NA,NA,NA,NA,0.3132,7e-4,438,0.9228,0.0927,0,0.2375,0,Bayes-M17-med
Kashobwe,Haut-Katanga,1,FALSE,4e-4,3e-4,5e-4,4e-4,439,439,439,4e-4,0.0386,439,9e-4,NA,NA,NA,NA,NA,NA,0.3243,8e-4,434,0.805,0.3012,0,0.1911,0,Bayes-M17-med
Katuba,Haut-Katanga,1,FALSE,4e-4,3e-4,6e-4,4e-4,436,435,436,4e-4,0.0417,436,0.001,NA,NA,NA,NA,NA,NA,0.0463,1e-4,455,0.0502,0.0309,0,0.1042,0,Bayes-M17-med
Baka,Haut-Lomami,1,FALSE,4e-4,3e-4,6e-4,4e-4,435,433,436,4e-4,0.042,435,0.001,NA,NA,NA,NA,NA,NA,0.4319,0.0011,411,0.4344,0.8919,0,0.4015,0,Bayes-M17-med
Kinda,Haut-Lomami,1,FALSE,4e-4,3e-4,6e-4,4e-4,434,434,434,4e-4,0.0422,434,0.001,NA,NA,NA,NA,NA,NA,0.5077,0.0014,400,0.9884,0.4266,0,0.6158,0,Bayes-M17-med
Boma Bungu,Kongo-Central,1,FALSE,4e-4,3e-4,5e-4,4e-4,438,438,438,4e-4,0.0399,438,9e-4,NA,NA,NA,NA,NA,NA,0.3209,8e-4,433,0.5811,0.5676,0,0.1351,0,Bayes-M17-med
Kinkonzi,Kongo-Central,1,FALSE,4e-4,3e-4,5e-4,4e-4,437,437,437,4e-4,0.0402,437,9e-4,NA,NA,NA,NA,NA,NA,0.4252,0.0011,415,0.6236,0.8958,0,0.1815,0,Bayes-M17-med
Kuimba,Kongo-Central,1,FALSE,4e-4,3e-4,6e-4,4e-4,433,433,435,4e-4,0.0423,433,0.001,NA,NA,NA,NA,NA,NA,0.3069,8e-4,432,0.3784,0.8456,0,0.0039,0,Bayes-M17-med
Sona Bata,Kongo-Central,1,FALSE,4e-4,3e-4,5e-4,4e-4,440,440,440,4e-4,0.0374,440,9e-4,NA,NA,NA,NA,NA,NA,0.43,0.001,421,0.7259,0.7896,0,0.2046,0,Bayes-M17-med
Tembo,Kwango,1,FALSE,4e-4,3e-4,5e-4,4e-4,441,441,441,4e-4,0.036,441,8e-4,NA,NA,NA,NA,NA,NA,0.3205,7e-4,436,0.7876,0.3977,0,0.0965,0,Bayes-M17-med
Bunkeya,Lualaba,1,FALSE,4e-4,3e-4,5e-4,4e-4,443,443,443,4e-4,0.0355,443,8e-4,NA,NA,NA,NA,NA,NA,0.4218,9e-4,425,0.8243,0.5019,0,0.361,0,Bayes-M17-med
Vangu,Haut-Katanga,1,FALSE,3e-4,2e-4,3e-4,3e-4,447,447,447,3e-4,0.0256,447,6e-4,NA,NA,NA,NA,NA,NA,0.1081,2e-4,453,0.1158,0.1699,0,0.1467,0,Bayes-M17-med
Bobozo,Kasaï-Central,1,FALSE,3e-4,2e-4,4e-4,3e-4,446,446,446,3e-4,0.0292,446,7e-4,NA,NA,NA,NA,NA,NA,0.2336,4e-4,446,0.1602,0.2857,0,0.4884,0,Bayes-M17-med
Vaku,Kongo-Central,1,FALSE,3e-4,2e-4,4e-4,3e-4,445,445,445,3e-4,0.031,445,7e-4,NA,NA,NA,NA,NA,NA,0.4194,8e-4,431,0.5676,0.9421,0,0.168,0,Bayes-M17-med
Kibunzi,Kongo-Central,1,FALSE,3e-4,2e-4,3e-4,2e-4,448,448,448,3e-4,0.0236,448,5e-4,NA,NA,NA,NA,NA,NA,0.4175,6e-4,441,0.7046,0.5251,0,0.4402,0,Bayes-M17-med
Lilanga Bobangi,Equateur,1,FALSE,2e-4,1e-4,2e-4,1e-4,453,453,453,2e-4,0.0142,453,3e-4,NA,NA,NA,NA,NA,NA,0.4117,4e-4,448,0.9382,0.2664,0,0.4421,0,Bayes-M17-med
Mampoko,Equateur,1,FALSE,2e-4,2e-4,3e-4,2e-4,449,449,449,2e-4,0.0231,449,5e-4,NA,NA,NA,NA,NA,NA,0.5135,7e-4,435,0.8919,0.5058,0,0.6564,0,Bayes-M17-med
Ntondo,Equateur,1,FALSE,2e-4,2e-4,3e-4,2e-4,450,450,450,2e-4,0.0214,450,5e-4,NA,NA,NA,NA,NA,NA,0.6125,8e-4,430,0.8996,0.7259,0,0.8243,0,Bayes-M17-med
Mutshatsha,Lualaba,1,FALSE,2e-4,2e-4,3e-4,2e-4,451,451,451,2e-4,0.0191,451,4e-4,NA,NA,NA,NA,NA,NA,0.3808,5e-4,444,0.971,0.1023,0,0.4498,0,Bayes-M17-med
Mimia,Mai-Ndombe,1,FALSE,2e-4,1e-4,3e-4,2e-4,452,452,452,2e-4,0.0189,452,4e-4,NA,NA,NA,NA,NA,NA,0.4841,6e-4,442,0.9614,0.0521,0,0.9228,0,Bayes-M17-med
Irebu,Equateur,1,FALSE,1e-4,1e-4,1e-4,1e-4,454,454,454,1e-4,0.0103,454,2e-4,NA,NA,NA,NA,NA,NA,0.5473,4e-4,449,0.9305,0.6776,0,0.5811,0,Bayes-M17-med
Kamalondo,Haut-Katanga,1,FALSE,1e-4,1e-4,1e-4,1e-4,456,456,456,1e-4,0.01,456,2e-4,NA,NA,NA,NA,NA,NA,0.0352,0,457,0.029,0.0019,0,0.11,0,Bayes-M17-med
Kowe,Haut-Katanga,1,FALSE,1e-4,1e-4,1e-4,1e-4,455,455,455,1e-4,0.0101,455,2e-4,NA,NA,NA,NA,NA,NA,0.07,0,456,0.0714,0.0811,0,0.1274,0,Bayes-M17-med
Kitona,Kongo-Central,1,FALSE,1e-4,1e-4,1e-4,1e-4,457,457,457,1e-4,0.0074,457,2e-4,NA,NA,NA,NA,NA,NA,0.293,1e-4,454,0.5907,0.5792,0,0.0019,0,Bayes-M17-med
Bokoro,Mai-Ndombe,1,FALSE,0,0,0,0,458.5,458.5,458.5,0,0,458,0,NA,NA,NA,NA,NA,NA,0.471,0,458,0.6873,0.5097,0,0.6873,0,Bayes-M17-med
Idjwi,Sud-Kivu,1,FALSE,0,0,0,0,458.5,458.5,458.5,0,0,458,0,NA,NA,NA,NA,NA,NA,0.3007,0,459,0.2992,0.8224,0,0.0811,0,Bayes-M17-med
Buta,Bas-Uele,1,TRUE,NA,NA,NA,NA,NA,NA,NA,NA,NA,NA,NA,NA,NA,NA,NA,NA,NA,0.7225,NA,NA,0.9749,0.9923,0,0.9228,0,Bayes-M17-med
Ganga,Bas-Uele,1,TRUE,NA,NA,NA,NA,NA,NA,NA,NA,NA,NA,NA,NA,NA,NA,NA,NA,NA,0.7218,NA,NA,0.9672,0.9556,0,0.9643,0,Bayes-M17-med
Viadana,Bas-Uele,1,TRUE,NA,NA,NA,NA,NA,NA,NA,NA,NA,NA,NA,NA,NA,NA,NA,NA,NA,0.6846,NA,NA,0.9131,0.9788,0,0.8465,0,Bayes-M17-med
Boma Mangbetu,Haut-Uele,1,TRUE,NA,NA,NA,NA,NA,NA,NA,NA,NA,NA,NA,NA,NA,NA,NA,NA,NA,0.4122,NA,NA,0.2857,0.5039,0,0.8591,0,Bayes-M17-med
Gombari,Haut-Uele,1,TRUE,NA,NA,NA,NA,NA,NA,NA,NA,NA,NA,NA,NA,NA,NA,NA,NA,NA,0.5772,NA,NA,0.9633,0.8012,0,0.5444,0,Bayes-M17-med
Isiro,Haut-Uele,1,TRUE,NA,NA,NA,NA,NA,NA,NA,NA,NA,NA,NA,NA,NA,NA,NA,NA,NA,0.5253,NA,NA,0.39,0.7587,0,0.9527,0,Bayes-M17-med
Pawa,Haut-Uele,1,TRUE,NA,NA,NA,NA,NA,NA,NA,NA,NA,NA,NA,NA,NA,NA,NA,NA,NA,0.4315,NA,NA,0.2934,0.5734,0,0.8591,0,Bayes-M17-med
Rungu,Haut-Uele,1,TRUE,NA,NA,NA,NA,NA,NA,NA,NA,NA,NA,NA,NA,NA,NA,NA,NA,NA,0.6474,NA,NA,0.8224,0.8031,0,0.9643,0,Bayes-M17-med
Wamba,Haut-Uele,1,TRUE,NA,NA,NA,NA,NA,NA,NA,NA,NA,NA,NA,NA,NA,NA,NA,NA,NA,0.4817,NA,NA,0.6737,0.4363,0,0.8166,0,Bayes-M17-med
Adja,Ituri,1,TRUE,NA,NA,NA,NA,NA,NA,NA,NA,NA,NA,NA,NA,NA,NA,NA,NA,NA,0.2645,NA,NA,0.249,0.4286,0,0.3803,0,Bayes-M17-med
Ariwara,Ituri,1,TRUE,NA,NA,NA,NA,NA,NA,NA,NA,NA,NA,NA,NA,NA,NA,NA,NA,NA,0.2862,NA,NA,0.1988,0.6988,0,0.2471,0,Bayes-M17-med
Aru,Ituri,1,TRUE,NA,NA,NA,NA,NA,NA,NA,NA,NA,NA,NA,NA,NA,NA,NA,NA,NA,0.3528,NA,NA,0.3012,0.8417,0,0.2683,0,Bayes-M17-med
Aungba,Ituri,1,TRUE,NA,NA,NA,NA,NA,NA,NA,NA,NA,NA,NA,NA,NA,NA,NA,NA,NA,0.3354,NA,NA,0.3108,0.6564,0,0.3745,0,Bayes-M17-med
Kambala,Ituri,1,TRUE,NA,NA,NA,NA,NA,NA,NA,NA,NA,NA,NA,NA,NA,NA,NA,NA,NA,0.347,NA,NA,0.3668,0.612,0,0.4093,0,Bayes-M17-med
Logo,Ituri,1,TRUE,NA,NA,NA,NA,NA,NA,NA,NA,NA,NA,NA,NA,NA,NA,NA,NA,NA,0.2384,NA,NA,0.1757,0.5927,0,0.1853,0,Bayes-M17-med
Mahagi,Ituri,1,TRUE,NA,NA,NA,NA,NA,NA,NA,NA,NA,NA,NA,NA,NA,NA,NA,NA,NA,0.2292,NA,NA,0.1718,0.6004,0,0.1448,0,Bayes-M17-med
Rimba,Ituri,1,TRUE,NA,NA,NA,NA,NA,NA,NA,NA,NA,NA,NA,NA,NA,NA,NA,NA,NA,0.306,NA,NA,0.2008,0.7124,0,0.3108,0,Bayes-M17-med
Bambu,Ituri,1,TRUE,NA,NA,NA,NA,NA,NA,NA,NA,NA,NA,NA,NA,NA,NA,NA,NA,NA,0.2399,NA,NA,0.2046,0.4691,0,0.2857,0,Bayes-M17-med
Boga,Ituri,1,TRUE,NA,NA,NA,NA,NA,NA,NA,NA,NA,NA,NA,NA,NA,NA,NA,NA,NA,0.264,NA,NA,0.3861,0.36870000000000003,0,0.3012,0,Bayes-M17-med
Bunia,Ituri,1,TRUE,NA,NA,NA,NA,NA,NA,NA,NA,NA,NA,NA,NA,NA,NA,NA,NA,NA,0.2326,NA,NA,0.1178,0.5637,0,0.249,0,Bayes-M17-med
Damas,Ituri,1,TRUE,NA,NA,NA,NA,NA,NA,NA,NA,NA,NA,NA,NA,NA,NA,NA,NA,NA,0.3224,NA,NA,0.4479,0.3282,0,0.5135,0,Bayes-M17-med
Drodro,Ituri,1,TRUE,NA,NA,NA,NA,NA,NA,NA,NA,NA,NA,NA,NA,NA,NA,NA,NA,NA,0.2674,NA,NA,0.2066,0.5907,0,0.2722,0,Bayes-M17-med
Fataki,Ituri,1,TRUE,NA,NA,NA,NA,NA,NA,NA,NA,NA,NA,NA,NA,NA,NA,NA,NA,NA,0.3185,NA,NA,0.2259,0.7201,0,0.3282,0,Bayes-M17-med
Gety,Ituri,1,TRUE,NA,NA,NA,NA,NA,NA,NA,NA,NA,NA,NA,NA,NA,NA,NA,NA,NA,0.2592,NA,NA,0.3359,0.2973,0,0.4035,0,Bayes-M17-med
Kilo,Ituri,1,TRUE,NA,NA,NA,NA,NA,NA,NA,NA,NA,NA,NA,NA,NA,NA,NA,NA,NA,0.1448,NA,NA,0.2201,0.0502,0,0.3089,0,Bayes-M17-med
Komanda,Ituri,1,TRUE,NA,NA,NA,NA,NA,NA,NA,NA,NA,NA,NA,NA,NA,NA,NA,NA,NA,0.2341,NA,NA,0.3089,0.1197,0,0.5077,0,Bayes-M17-med
Lita,Ituri,1,TRUE,NA,NA,NA,NA,NA,NA,NA,NA,NA,NA,NA,NA,NA,NA,NA,NA,NA,0.306,NA,NA,0.2761,0.7046,0,0.2432,0,Bayes-M17-med
Lolwa,Ituri,1,TRUE,NA,NA,NA,NA,NA,NA,NA,NA,NA,NA,NA,NA,NA,NA,NA,NA,NA,0.3205,NA,NA,0.6429,0,0,0.639,0,Bayes-M17-med
Mambasa,Ituri,1,TRUE,NA,NA,NA,NA,NA,NA,NA,NA,NA,NA,NA,NA,NA,NA,NA,NA,NA,0.4324,NA,NA,0.8842,0.2625,0,0.583,0,Bayes-M17-med
Mandima,Ituri,1,TRUE,NA,NA,NA,NA,NA,NA,NA,NA,NA,NA,NA,NA,NA,NA,NA,NA,NA,0.2659,NA,NA,0.4846,0.2896,0,0.2896,0,Bayes-M17-med
Mangala,Ituri,1,TRUE,NA,NA,NA,NA,NA,NA,NA,NA,NA,NA,NA,NA,NA,NA,NA,NA,NA,0.3021,NA,NA,0.305,0.6158,0,0.2876,0,Bayes-M17-med
Mongbwalu,Ituri,1,TRUE,NA,NA,NA,NA,NA,NA,NA,NA,NA,NA,NA,NA,NA,NA,NA,NA,NA,0.2616,NA,NA,0.4112,0.1834,0,0.4517,0,Bayes-M17-med
Nia Nia,Ituri,1,TRUE,NA,NA,NA,NA,NA,NA,NA,NA,NA,NA,NA,NA,NA,NA,NA,NA,NA,0.2978,NA,NA,0.666,0.0212,0,0.5039,0,Bayes-M17-med
Nizi,Ituri,1,TRUE,NA,NA,NA,NA,NA,NA,NA,NA,NA,NA,NA,NA,NA,NA,NA,NA,NA,0.1771,NA,NA,0.1544,0.3378,0,0.2162,0,Bayes-M17-med
Nyankunde,Ituri,1,TRUE,NA,NA,NA,NA,NA,NA,NA,NA,NA,NA,NA,NA,NA,NA,NA,NA,NA,0.2514,NA,NA,0.2838,0.2432,0,0.4788,0,Bayes-M17-med
Rwampara,Ituri,1,TRUE,NA,NA,NA,NA,NA,NA,NA,NA,NA,NA,NA,NA,NA,NA,NA,NA,NA,0.319,NA,NA,0.2375,0.7452,0,0.2934,0,Bayes-M17-med
Tchomia,Ituri,1,TRUE,NA,NA,NA,NA,NA,NA,NA,NA,NA,NA,NA,NA,NA,NA,NA,NA,NA,0.1998,NA,NA,0.2104,0.3745,0,0.2143,0,Bayes-M17-med
Beni,Nord-Kivu,1,TRUE,NA,NA,NA,NA,NA,NA,NA,NA,NA,NA,NA,NA,NA,NA,NA,NA,NA,0.1559,NA,NA,0.1525,0.2297,0,0.2413,0,Bayes-M17-med
Biena,Nord-Kivu,1,TRUE,NA,NA,NA,NA,NA,NA,NA,NA,NA,NA,NA,NA,NA,NA,NA,NA,NA,0.2013,NA,NA,0.251,0.166,0,0.388,0,Bayes-M17-med
Butembo,Nord-Kivu,1,TRUE,NA,NA,NA,NA,NA,NA,NA,NA,NA,NA,NA,NA,NA,NA,NA,NA,NA,0.1829,NA,NA,0.1139,0.388,0,0.2297,0,Bayes-M17-med
Kalunguta,Nord-Kivu,1,TRUE,NA,NA,NA,NA,NA,NA,NA,NA,NA,NA,NA,NA,NA,NA,NA,NA,NA,0.1559,NA,NA,0.195,0.2066,0,0.222,0,Bayes-M17-med
Katwa,Nord-Kivu,1,TRUE,NA,NA,NA,NA,NA,NA,NA,NA,NA,NA,NA,NA,NA,NA,NA,NA,NA,0.1998,NA,NA,0.0869,0.4846,0,0.2278,0,Bayes-M17-med
Kyondo,Nord-Kivu,1,TRUE,NA,NA,NA,NA,NA,NA,NA,NA,NA,NA,NA,NA,NA,NA,NA,NA,NA,0.3238,NA,NA,0.2954,0.7973,0,0.2027,0,Bayes-M17-med
Lubero,Nord-Kivu,1,TRUE,NA,NA,NA,NA,NA,NA,NA,NA,NA,NA,NA,NA,NA,NA,NA,NA,NA,0.4585,NA,NA,0.5734,0.9382,0,0.3224,0,Bayes-M17-med
Mabalako,Nord-Kivu,1,TRUE,NA,NA,NA,NA,NA,NA,NA,NA,NA,NA,NA,NA,NA,NA,NA,NA,NA,0.1573,NA,NA,0.1931,0.2046,0,0.2317,0,Bayes-M17-med
Manguredjipa,Nord-Kivu,1,TRUE,NA,NA,NA,NA,NA,NA,NA,NA,NA,NA,NA,NA,NA,NA,NA,NA,NA,0.3475,NA,NA,0.778,0.0579,0,0.5541,0,Bayes-M17-med
Masereka,Nord-Kivu,1,TRUE,NA,NA,NA,NA,NA,NA,NA,NA,NA,NA,NA,NA,NA,NA,NA,NA,NA,0.36870000000000003,NA,NA,0.2548,0.9807,0,0.2394,0,Bayes-M17-med
Musienene,Nord-Kivu,1,TRUE,NA,NA,NA,NA,NA,NA,NA,NA,NA,NA,NA,NA,NA,NA,NA,NA,NA,0.319,NA,NA,0.2645,0.7317,0,0.2799,0,Bayes-M17-med
Mutwanga,Nord-Kivu,1,TRUE,NA,NA,NA,NA,NA,NA,NA,NA,NA,NA,NA,NA,NA,NA,NA,NA,NA,0.2408,NA,NA,0.2606,0.4672,0,0.2355,0,Bayes-M17-med
Oicha,Nord-Kivu,1,TRUE,NA,NA,NA,NA,NA,NA,NA,NA,NA,NA,NA,NA,NA,NA,NA,NA,NA,0.3364,NA,NA,0.3243,0.7606,0,0.2606,0,Bayes-M17-med
Vuhovi,Nord-Kivu,1,TRUE,NA,NA,NA,NA,NA,NA,NA,NA,NA,NA,NA,NA,NA,NA,NA,NA,NA,0.2611,NA,NA,0.2027,0.6178,0,0.2239,0,Bayes-M17-med
Goma,Nord-Kivu,1,TRUE,NA,NA,NA,NA,NA,NA,NA,NA,NA,NA,NA,NA,NA,NA,NA,NA,NA,0.2669,NA,NA,0.1274,0.8977,0,0.0425,0,Bayes-M17-med
Miti Murhesa,Sud-Kivu,1,TRUE,NA,NA,NA,NA,NA,NA,NA,NA,NA,NA,NA,NA,NA,NA,NA,NA,NA,0.3277,NA,NA,0.2355,0.9131,0,0.1622,0,Bayes-M17-med
Bafwasende,Tshopo,1,TRUE,NA,NA,NA,NA,NA,NA,NA,NA,NA,NA,NA,NA,NA,NA,NA,NA,NA,0.4546,NA,NA,0.9073,0.2413,0,0.6699,0,Bayes-M17-med
Kabondo,Tshopo,1,TRUE,NA,NA,NA,NA,NA,NA,NA,NA,NA,NA,NA,NA,NA,NA,NA,NA,NA,0.18,NA,NA,0.1911,0.2722,0,0.2568,0,Bayes-M17-med
Lubunga (Tshopo),Tshopo,1,TRUE,NA,NA,NA,NA,NA,NA,NA,NA,NA,NA,NA,NA,NA,NA,NA,NA,NA,0.2288,NA,NA,0.2452,0.3436,0,0.3263,0,Bayes-M17-med
Makiso Kisangani,Tshopo,1,TRUE,NA,NA,NA,NA,NA,NA,NA,NA,NA,NA,NA,NA,NA,NA,NA,NA,NA,0.2355,NA,NA,0.1332,0.5309,0,0.278,0,Bayes-M17-med
Mangobo,Tshopo,1,TRUE,NA,NA,NA,NA,NA,NA,NA,NA,NA,NA,NA,NA,NA,NA,NA,NA,NA,0.2061,NA,NA,0.0792,0.4382,0,0.3069,0,Bayes-M17-med
Tshopo,Tshopo,1,TRUE,NA,NA,NA,NA,NA,NA,NA,NA,NA,NA,NA,NA,NA,NA,NA,NA,NA,0.2466,NA,NA,0.361,0.334,0,0.2915,0,Bayes-M17-med
Wanierukula,Tshopo,1,TRUE,NA,NA,NA,NA,NA,NA,NA,NA,NA,NA,NA,NA,NA,NA,NA,NA,NA,0.473,NA,NA,0.8436,0.5521,0,0.4961,0,Bayes-M17-med
Rethy,Ituri,2,FALSE,0.6962,0.6033,0.7855,0.6974,1,1,1,1.2084,58.2207,1,1,3.7101,1,NA,NA,NA,NA,0.2703,0.6904,2,0.2143,0.6081,0,0.2587,0,Bayes-M17-med
Watsa,Haut-Uele,2,FALSE,0.5682,0.4792,0.6579,0.5683,2,2,2,0.8479,40.8525,2,0.8161,NA,NA,NA,NA,3.6473,1,0.4797,1,1,0.7297,0.8436,0,0.3456,0,Bayes-M17-med
Nyarambe,Ituri,2,FALSE,0.3396,0.2757,0.4085,0.3386,3,3,3,0.4168,20.0819,3,0.4878,1.2797,2,NA,NA,NA,NA,0.1805,0.2249,9,0.1699,0.4595,0,0.0927,0,Bayes-M17-med
Kayna,Nord-Kivu,2,FALSE,0.2547,0.2032,0.3111,0.2535,4,4,4,0.295,14.2123,4,0.3659,NA,NA,3.1222,1,NA,NA,0.3113,0.2909,8,0.2278,0.6332,0,0.3842,0,Bayes-M17-med
Biringi,Ituri,2,FALSE,0.2504,0.2004,0.3052,0.2494,5,5,5,0.2891,13.9302,5,0.3596,0.8877,3,NA,NA,NA,NA,0.3494,0.321,5,0.3958,0.4865,0,0.5154,0,Bayes-M17-med
Dungu,Haut-Uele,2,FALSE,0.2191,0.1742,0.2692,0.218,6,6,6,0.2481,11.9516,6,0.3148,NA,NA,NA,NA,1.067,2,0.5275,0.4241,3,0.8726,0.5598,0,0.6776,0,Bayes-M17-med
Makoro,Haut-Uele,2,FALSE,0.2094,0.1662,0.2578,0.2084,7,7,7,0.2356,11.3514,7,0.3008,NA,NA,NA,NA,1.0134,3,0.3822,0.2937,7,0.556,0.5483,0,0.4247,0,Bayes-M17-med
Angumu,Ituri,2,FALSE,0.1881,0.1485,0.2333,0.187,8,8,8,0.2089,10.065,8,0.2702,0.6414,4,NA,NA,NA,NA,0.11,0.0759,32,0.1641,0.1641,0,0.112,0,Bayes-M17-med
Karisimbi,Nord-Kivu,2,FALSE,0.1797,0.1419,0.2222,0.1786,9,9,9,0.1985,9.566,9,0.2581,NA,NA,2.1015,2,NA,NA,0.1597,0.1053,21,0.0907,0.5154,0,0.0328,0,Bayes-M17-med
Linga,Ituri,2,FALSE,0.1464,0.1146,0.1821,0.1454,10,10,10,0.1586,7.6424,10,0.2103,0.487,5,NA,NA,NA,NA,0.2148,0.1154,19,0.1969,0.3417,0,0.3205,0,Bayes-M17-med
Niangara,Haut-Uele,2,FALSE,0.1456,0.1137,0.1809,0.1445,11,11,11,0.1576,7.5935,11,0.2091,NA,NA,NA,NA,0.6779,4,0.5512,0.2943,6,0.8031,0.4324,0,0.9691,0,Bayes-M17-med
Bafwagbogbo,Tshopo,2,FALSE,0.1372,0.1066,0.172,0.136,12,12,14,0.1479,7.1238,12,0.1971,NA,NA,NA,NA,NA,NA,0.3948,0.1987,10,0.8591,0.027,0,0.6931,0,Bayes-M17-med
Poko,Bas-Uele,2,FALSE,0.1365,0.1057,0.1717,0.1352,13,12,16,0.1471,7.0851,13,0.1961,NA,NA,NA,NA,NA,NA,0.7271,0.3641,4,0.9923,0.9517,0,0.9643,0,Bayes-M17-med
Rutshuru,Nord-Kivu,2,FALSE,0.1362,0.1069,0.1692,0.1353,14,12,15,0.1467,7.0661,14,0.1956,NA,NA,1.5523,3,NA,NA,0.3721,0.1859,12,0.4093,0.9942,0,0.0849,0,Bayes-M17-med
Nyiragongo,Nord-Kivu,2,FALSE,0.1344,0.1055,0.1673,0.1335,15,13,16,0.1446,6.9671,15,0.1931,NA,NA,1.5306,4,NA,NA,0.2891,0.1426,15,0.2432,0.8764,0,0.0367,0,Bayes-M17-med
Jiba,Ituri,2,FALSE,0.1336,0.1039,0.1668,0.1325,16,14,16,0.1436,6.9207,16,0.1919,0.441,6,NA,NA,NA,NA,0.1651,0.0809,29,0.1815,0.1274,0,0.3514,0,Bayes-M17-med
Kirotshe,Nord-Kivu,2,FALSE,0.129,0.1012,0.1607,0.1282,17,17,17,0.1384,6.6663,17,0.1853,NA,NA,1.4645,5,NA,NA,0.3842,0.1819,13,0.3764,0.9961,0,0.1641,0,Bayes-M17-med
Alimbongo,Nord-Kivu,2,FALSE,0.1223,0.0957,0.1525,0.1215,18,18,18,0.1307,6.2955,18,0.1757,NA,NA,1.383,6,NA,NA,0.4262,0.1912,11,0.5849,0.7471,0,0.3726,0,Bayes-M17-med
Kamango,Nord-Kivu,2,FALSE,0.1111,0.087,0.1389,0.1103,19,19,19,0.1179,5.682,19,0.1596,NA,NA,1.2482,7,NA,NA,0.4373,0.1782,14,0.6583,0.917,0,0.1737,0,Bayes-M17-med
Rwanguba,Nord-Kivu,2,FALSE,0.106,0.0828,0.1323,0.1052,20,20,20,0.1122,5.4046,20,0.1522,NA,NA,1.1873,8,NA,NA,0.2442,0.095,27,0.2085,0.7027,0,0.0656,0,Bayes-M17-med
Adi,Ituri,2,FALSE,0.0945,0.0731,0.1187,0.0937,21,21,21,0.0994,4.7895,21,0.1358,0.3052,7,NA,NA,NA,NA,0.3977,0.1379,17,0.2587,0.7104,0,0.6216,0,Bayes-M17-med
Kibirizi,Nord-Kivu,2,FALSE,0.0902,0.0703,0.1128,0.0895,22,22,22,0.0946,4.5588,22,0.1295,NA,NA,1.0015,9,NA,NA,0.4175,0.1381,16,0.5405,0.8552,0,0.2741,0,Bayes-M17-med
Laybo,Ituri,2,FALSE,0.0775,0.0598,0.0973,0.0768,23,23,23,0.0807,3.8886,23,0.1113,0.2478,8,NA,NA,NA,NA,0.3393,0.0964,26,0.3069,0.556,0,0.4942,0,Bayes-M17-med
Minova,Sud-Kivu,2,FALSE,0.073,0.0567,0.0918,0.0724,24,24,24,0.0759,3.6553,24,0.1048,NA,NA,NA,NA,NA,NA,0.3866,0.1035,22,0.4421,0.9826,0,0.1216,0,Bayes-M17-med
Ibanda,Sud-Kivu,2,FALSE,0.0706,0.0549,0.0888,0.0701,25,25,25,0.0733,3.5324,25,0.1015,NA,NA,NA,NA,NA,NA,0.2307,0.0598,40,0.083,0.6216,0,0.2181,0,Bayes-M17-med
Faradje,Haut-Uele,2,FALSE,0.0693,0.0537,0.087,0.0687,26,26,26,0.0719,3.4626,26,0.0995,NA,NA,NA,NA,0.3091,5,0.4474,0.1137,20,0.7606,0.666,0,0.3629,0,Bayes-M17-med
Mweso,Nord-Kivu,2,FALSE,0.067,0.052,0.0844,0.0665,27,27,27,0.0694,3.3447,27,0.0963,NA,NA,0.7348,10,NA,NA,0.4189,0.103,23,0.4498,0.9614,0,0.2645,0,Bayes-M17-med
Banalia,Tshopo,2,FALSE,0.0626,0.0482,0.079,0.062,28,28,29,0.0647,3.115,28,0.0899,NA,NA,NA,NA,NA,NA,0.4242,0.0974,25,0.7799,0.1178,0,0.7992,0,Bayes-M17-med
Masisi,Nord-Kivu,2,FALSE,0.0624,0.0484,0.0787,0.0619,29,28,29,0.0645,3.1085,29,0.0897,NA,NA,0.6829,11,NA,NA,0.4402,0.1008,24,0.4324,0.9575,0,0.3707,0,Bayes-M17-med
Nsele,Kinshasa,2,FALSE,0.0585,0.0453,0.0735,0.058,30,30,30,0.0603,2.9048,30,0.084,NA,NA,NA,NA,NA,NA,0.1583,0.034,55,0.139,0.3996,0,0.0946,0,Bayes-M17-med
Binza,Nord-Kivu,2,FALSE,0.0567,0.0439,0.0714,0.0562,31,31,31,0.0584,2.8142,31,0.0814,NA,NA,0.6183,12,NA,NA,0.3518,0.0732,34,0.471,0.8378,0,0.0985,0,Bayes-M17-med
Aba,Haut-Uele,2,FALSE,0.0557,0.043,0.0701,0.0553,32,32,33,0.0574,2.7648,32,0.08,NA,NA,NA,NA,0.2468,6,0.569,0.1163,18,0.6004,0.6853,0,0.9903,0,Bayes-M17-med
Bambo,Nord-Kivu,2,FALSE,0.0553,0.0429,0.0694,0.0548,33,32,33,0.0569,2.7402,33,0.0794,NA,NA,0.602,13,NA,NA,0.3962,0.0803,31,0.5521,0.9073,0,0.1255,0,Bayes-M17-med
Gombe,Kinshasa,2,FALSE,0.0532,0.0412,0.0667,0.0528,35,34,35,0.0547,2.6346,35,0.0764,NA,NA,NA,NA,NA,NA,0.1622,0.0316,60,0.0695,0.5695,0,0.0097,0,Bayes-M17-med
Kadutu,Sud-Kivu,2,FALSE,0.0532,0.0413,0.0669,0.0528,34,34,35,0.0547,2.635,34,0.0764,NA,NA,NA,NA,NA,NA,0.1636,0.0319,57,0.0579,0.3861,0,0.2104,0,Bayes-M17-med
Katana,Sud-Kivu,2,FALSE,0.0503,0.0389,0.0635,0.0499,36,36,36,0.0516,2.4867,36,0.0722,NA,NA,NA,NA,NA,NA,0.3224,0.0595,41,0.2471,0.9112,0,0.1313,0,Bayes-M17-med
Kabare,Sud-Kivu,2,FALSE,0.0495,0.0383,0.0625,0.049,37,37,37,0.0508,2.4477,37,0.0711,NA,NA,NA,NA,NA,NA,0.3567,0.0648,39,0.2394,0.9884,0,0.1988,0,Bayes-M17-med
Uvira,Sud-Kivu,2,FALSE,0.0456,0.0352,0.0575,0.0452,38,38,38,0.0467,2.2501,38,0.0655,NA,NA,NA,NA,NA,NA,0.5502,0.0921,28,0.2181,0.9846,0,0.9981,0,Bayes-M17-med
Binza Ozone,Kinshasa,2,FALSE,0.0436,0.0337,0.0548,0.0432,39,39,39,0.0446,2.1475,39,0.0626,NA,NA,NA,NA,NA,NA,0.152,0.0243,70,0.0734,0.5232,0,0.0116,0,Bayes-M17-med
Limete,Kinshasa,2,FALSE,0.0423,0.0328,0.0531,0.042,40,40,41,0.0433,2.0858,40,0.0608,NA,NA,NA,NA,NA,NA,0.056,0.0087,139,0.0405,0.1371,0,0.0463,0,Bayes-M17-med
Katoyi,Nord-Kivu,2,FALSE,0.0418,0.0323,0.0529,0.0414,41,40,41,0.0428,2.0607,41,0.0601,NA,NA,0.4527,14,NA,NA,0.4542,0.0697,36,0.4614,0.9595,0,0.3958,0,Bayes-M17-med
Walikale,Nord-Kivu,2,FALSE,0.0384,0.0295,0.0487,0.038,42,42,43,0.0392,1.8864,42,0.0551,NA,NA,0.4144,15,NA,NA,0.5729,0.0807,30,0.9459,0.9286,0,0.417,0,Bayes-M17-med
Walungu,Sud-Kivu,2,FALSE,0.0382,0.0295,0.0483,0.0379,43,43,43,0.039,1.8787,43,0.0549,NA,NA,NA,NA,NA,NA,0.3248,0.0456,43,0.1853,0.8803,0,0.2336,0,Bayes-M17-med
Kokolo,Kinshasa,2,FALSE,0.0376,0.0291,0.0473,0.0373,44,43,44,0.0383,1.8475,44,0.054,NA,NA,NA,NA,NA,NA,0.2172,0.03,65,0.0772,0.7722,0,0.0193,0,Bayes-M17-med
Lingwala,Kinshasa,2,FALSE,0.0367,0.0284,0.0461,0.0364,45,45,45,0.0374,1.8008,45,0.0527,NA,NA,NA,NA,NA,NA,0.0323,0.0044,248,0.0232,0.0907,0,0.0154,0,Bayes-M17-med
Ruzizi,Sud-Kivu,2,FALSE,0.0355,0.0274,0.0449,0.0352,46,46,47,0.0362,1.743,46,0.051,NA,NA,NA,NA,NA,NA,0.5627,0.0733,33,0.3494,0.9093,0,0.9923,0,Bayes-M17-med
Kinshasa,Kinshasa,2,FALSE,0.0351,0.0272,0.0441,0.0348,47,46,47,0.0358,1.7228,47,0.0504,NA,NA,NA,NA,NA,NA,0.0203,0.0026,339,0.0135,0.0463,0,0.0212,0,Bayes-M17-med
Kalamu 1,Kinshasa,2,FALSE,0.0329,0.0254,0.0414,0.0327,49,48,49,0.0335,1.6137,48,0.0473,NA,NA,NA,NA,NA,NA,0.0309,0.0037,282,0.0193,0.0734,0,0.0309,0,Bayes-M17-med
Kasa Vubu,Kinshasa,2,FALSE,0.0327,0.0253,0.0411,0.0325,50,49,50,0.0333,1.6039,50,0.047,NA,NA,NA,NA,NA,NA,0.0444,0.0053,209,0.0309,0.1216,0,0.0251,0,Bayes-M17-med
Fizi,Sud-Kivu,2,FALSE,0.0327,0.0251,0.0415,0.0324,51,48,51,0.0332,1.6012,51,0.0469,NA,NA,NA,NA,NA,NA,0.5637,0.0676,37,0.7432,0.9691,0,0.5425,0,Bayes-M17-med
Yakusu,Tshopo,2,FALSE,0.0327,0.0255,0.041,0.0325,50,48,51,0.0333,1.6039,49,0.047,NA,NA,NA,NA,NA,NA,0.319,0.0383,47,0.4208,0.2085,0,0.6467,0,Bayes-M17-med
Birambizo,Nord-Kivu,2,FALSE,0.0318,0.0246,0.0402,0.0315,52,52,54,0.0324,1.5589,52,0.0457,NA,NA,0.3425,16,NA,NA,0.3625,0.0423,44,0.4035,0.89,0,0.1564,0,Bayes-M17-med
Bengamisa,Tshopo,2,FALSE,0.0318,0.0245,0.0402,0.0315,53,52,53,0.0323,1.558,53,0.0457,NA,NA,NA,NA,NA,NA,0.3012,0.0351,53,0.612,0.2162,0,0.3764,0,Bayes-M17-med
Pinga,Nord-Kivu,2,FALSE,0.0316,0.0242,0.04,0.0312,54,52,54,0.0321,1.546,54,0.0453,NA,NA,0.3396,17,NA,NA,0.57,0.066,38,0.9595,0.7548,0,0.5656,0,Bayes-M17-med
Lemba,Kinshasa,2,FALSE,0.0308,0.0238,0.0388,0.0306,55,55,56,0.0313,1.5083,55,0.0443,NA,NA,NA,NA,NA,NA,0.1023,0.0116,113,0.0483,0.3069,0,0.0541,0,Bayes-M17-med
Kalehe,Sud-Kivu,2,FALSE,0.0307,0.0236,0.0388,0.0304,56,55,56,0.0312,1.5024,56,0.0441,NA,NA,NA,NA,NA,NA,0.3369,0.0379,48,0.3417,0.8649,0,0.1409,0,Bayes-M17-med
Bagira,Sud-Kivu,2,FALSE,0.0295,0.0228,0.0373,0.0293,57,57,58,0.03,1.4441,57,0.0424,NA,NA,NA,NA,NA,NA,0.236,0.0256,69,0.1004,0.6371,0,0.2066,0,Bayes-M17-med
Masina 1,Kinshasa,2,FALSE,0.0294,0.0227,0.037,0.0292,58,57,59,0.0299,1.4382,58,0.0422,NA,NA,NA,NA,NA,NA,0.0193,0.0021,380,0.0077,0.0077,0,0.0618,0,Bayes-M17-med
Bondo,Bas-Uele,2,FALSE,0.0291,0.0225,0.0367,0.0289,59,58,60,0.0296,1.4252,59,0.0419,NA,NA,NA,NA,NA,NA,0.6737,0.072,35,0.9961,0.9981,0,0.7008,0,Bayes-M17-med
Kintambo,Kinshasa,2,FALSE,0.0291,0.0225,0.0366,0.0289,60,59,60,0.0295,1.4227,60,0.0418,NA,NA,NA,NA,NA,NA,0.0338,0.0036,291,0.0212,0.1004,0,0.0135,0,Bayes-M17-med
Isangi,Tshopo,2,FALSE,0.028,0.0216,0.0354,0.0277,61,61,61,0.0284,1.3673,61,0.0402,NA,NA,NA,NA,NA,NA,0.3837,0.0394,46,0.4054,0.4073,0,0.722,0,Bayes-M17-med
Nyantende,Sud-Kivu,2,FALSE,0.027,0.0208,0.0341,0.0267,62,62,62,0.0274,1.3184,62,0.0388,NA,NA,NA,NA,NA,NA,0.3219,0.0319,58,0.1486,0.8938,0,0.2452,0,Bayes-M17-med
Lemera,Sud-Kivu,2,FALSE,0.0268,0.0206,0.0339,0.0265,63,63,63,0.0272,1.3084,63,0.0385,NA,NA,NA,NA,NA,NA,0.5613,0.0552,42,0.3629,0.9015,0,0.9807,0,Bayes-M17-med
Mubumbano,Sud-Kivu,2,FALSE,0.0263,0.0202,0.0332,0.026,64,64,64,0.0266,1.283,64,0.0377,NA,NA,NA,NA,NA,NA,0.3658,0.0353,52,0.2683,0.9402,0,0.2548,0,Bayes-M17-med
Masina 2,Kinshasa,2,FALSE,0.0254,0.0196,0.0319,0.0252,65,65,66,0.0257,1.2376,65,0.0364,NA,NA,NA,NA,NA,NA,0.0265,0.0025,351,0.0174,0.0193,0,0.0695,0,Bayes-M17-med
Bandalungwa,Kinshasa,2,FALSE,0.0253,0.0196,0.0318,0.0251,66,65,66,0.0257,1.2359,66,0.0364,NA,NA,NA,NA,NA,NA,0.0709,0.0066,184,0.0328,0.2336,0,0.0174,0,Bayes-M17-med
Binza Meteo,Kinshasa,2,FALSE,0.025,0.0193,0.0315,0.0248,67,67,67,0.0253,1.2201,67,0.0359,NA,NA,NA,NA,NA,NA,0.2558,0.0235,71,0.0965,0.8996,0,0.027,0,Bayes-M17-med
Nyemba,Tanganyika,2,FALSE,0.0244,0.0187,0.0309,0.0241,68,68,68,0.0247,1.1894,68,0.035,NA,NA,NA,NA,NA,NA,0.3456,0.0309,63,0.5965,0.4556,0,0.3301,0,Bayes-M17-med
Lubutu,Maniema,2,FALSE,0.0239,0.0184,0.0303,0.0237,69,69,69,0.0242,1.1654,69,0.0343,NA,NA,NA,NA,NA,NA,0.4706,0.0412,45,0.8205,0.2819,0,0.7799,0,Bayes-M17-med
Mwana,Sud-Kivu,2,FALSE,0.0232,0.0178,0.0294,0.023,70,70,70,0.0235,1.1313,70,0.0333,NA,NA,NA,NA,NA,NA,0.3731,0.0318,59,0.2896,0.9035,0,0.2992,0,Bayes-M17-med
Mont Ngafula 1,Kinshasa,2,FALSE,0.0223,0.0173,0.0283,0.0221,71,71,72,0.0226,1.0886,71,0.0321,NA,NA,NA,NA,NA,NA,0.2066,0.0169,91,0.1371,0.6313,0,0.0579,0,Bayes-M17-med
Kaniola,Sud-Kivu,2,FALSE,0.0222,0.0171,0.0281,0.022,72,71,74,0.0225,1.0825,72,0.0319,NA,NA,NA,NA,NA,NA,0.4513,0.0368,49,0.5328,0.9305,0,0.3417,0,Bayes-M17-med
Nyangezi,Sud-Kivu,2,FALSE,0.0222,0.0171,0.0281,0.022,73,72,73,0.0224,1.0801,73,0.0318,NA,NA,NA,NA,NA,NA,0.36870000000000003,0.03,64,0.222,0.8842,0,0.36870000000000003,0,Bayes-M17-med
Kikimi,Kinshasa,2,FALSE,0.0219,0.0169,0.0277,0.0217,74,72,74,0.0222,1.0685,74,0.0315,NA,NA,NA,NA,NA,NA,0.0835,0.0067,179,0.056,0.1911,0,0.0869,0,Bayes-M17-med
Matete,Kinshasa,2,FALSE,0.0214,0.0165,0.0269,0.0212,75,75,76,0.0216,1.0406,75,0.0307,NA,NA,NA,NA,NA,NA,0.0492,0.0039,272,0.0251,0.1158,0,0.056,0,Bayes-M17-med
Bunyakiri,Sud-Kivu,2,FALSE,0.0213,0.0164,0.027,0.0211,76,75,77,0.0215,1.0377,76,0.0306,NA,NA,NA,NA,NA,NA,0.4517,0.0353,51,0.6197,0.832,0,0.3552,0,Bayes-M17-med
Barumbu,Kinshasa,2,FALSE,0.0212,0.0164,0.0267,0.021,77,76,77,0.0214,1.0329,77,0.0305,NA,NA,NA,NA,NA,NA,0.014,0.0011,428,0.0097,0.0232,0,0.0232,0,Bayes-M17-med
Mont Ngafula 2,Kinshasa,2,FALSE,0.0203,0.0156,0.0257,0.0201,78,78,78,0.0205,0.9876,78,0.0291,NA,NA,NA,NA,NA,NA,0.0951,0.0071,170,0.0849,0.2568,0,0.0386,0,Bayes-M17-med
Selembao,Kinshasa,2,FALSE,0.02,0.0154,0.0251,0.0198,79,79,79,0.0202,0.9714,79,0.0287,NA,NA,NA,NA,NA,NA,0.0676,0.0049,224,0.0444,0.1815,0,0.0444,0,Bayes-M17-med
Ndjili,Kinshasa,2,FALSE,0.0182,0.014,0.0229,0.0181,81,80,81,0.0184,0.8856,81,0.0262,NA,NA,NA,NA,NA,NA,0.0487,0.0033,307,0.027,0.1042,0,0.0637,0,Bayes-M17-med
Kindu,Maniema,2,FALSE,0.0182,0.014,0.0231,0.018,80,80,82,0.0184,0.8858,80,0.0262,NA,NA,NA,NA,NA,NA,0.3181,0.0213,74,0.1351,0.2529,0,0.8842,0,Bayes-M17-med
Kingabwa,Kinshasa,2,FALSE,0.018,0.0139,0.0227,0.0178,82,81,83,0.0181,0.874,82,0.0258,NA,NA,NA,NA,NA,NA,0.0478,0.0032,313,0.0425,0.0965,0,0.0521,0,Bayes-M17-med
Kasongo,Maniema,2,FALSE,0.0177,0.0136,0.0224,0.0175,83,82,83,0.0178,0.8599,83,0.0254,NA,NA,NA,NA,NA,NA,0.5304,0.0344,54,0.4459,0.7529,0,0.9228,0,Bayes-M17-med
Ngiri Ngiri,Kinshasa,2,FALSE,0.0171,0.0132,0.0215,0.0169,84,84,85,0.0172,0.8302,84,0.0245,NA,NA,NA,NA,NA,NA,0.028,0.0018,394,0.0154,0.0676,0,0.029,0,Bayes-M17-med
Shabunda,Sud-Kivu,2,FALSE,0.0169,0.0129,0.0215,0.0167,85,84,85,0.0171,0.8219,85,0.0243,NA,NA,NA,NA,NA,NA,0.5922,0.0367,50,0.8378,0.8726,0,0.6583,0,Bayes-M17-med
Yabaondo,Tshopo,2,FALSE,0.0167,0.0128,0.0212,0.0165,86,85,86,0.0169,0.8122,86,0.024,NA,NA,NA,NA,NA,NA,0.3523,0.0216,73,0.4363,0.305,0,0.668,0,Bayes-M17-med
Police,Kinshasa,2,FALSE,0.0164,0.0126,0.0206,0.0162,87,86,87,0.0165,0.7944,87,0.0235,NA,NA,NA,NA,NA,NA,0.0478,0.0029,326,0.0463,0.0772,0,0.0676,0,Bayes-M17-med
Ubundu,Tshopo,2,FALSE,0.0155,0.0119,0.0196,0.0153,88,88,88,0.0156,0.7512,88,0.0222,NA,NA,NA,NA,NA,NA,0.4744,0.0269,67,0.9054,0.4305,0,0.5618,0,Bayes-M17-med
Nundu,Sud-Kivu,2,FALSE,0.0151,0.0116,0.0192,0.015,89,89,89,0.0153,0.7351,89,0.0217,NA,NA,NA,NA,NA,NA,0.5927,0.0329,56,0.527,0.8494,0,0.9942,0,Bayes-M17-med
Basoko,Tshopo,2,FALSE,0.015,0.0115,0.0191,0.0149,90,90,90,0.0151,0.7298,90,0.0216,NA,NA,NA,NA,NA,NA,0.3012,0.0166,92,0.5077,0.3147,0,0.3822,0,Bayes-M17-med
Maluku 1,Kinshasa,2,FALSE,0.0146,0.0113,0.0185,0.0145,91,91,91,0.0147,0.7092,91,0.021,NA,NA,NA,NA,NA,NA,0.2321,0.0124,106,0.3475,0.4517,0,0.1293,0,Bayes-M17-med
Kalonge,Sud-Kivu,2,FALSE,0.0138,0.0106,0.0175,0.0137,93,92,93,0.0139,0.6706,93,0.0198,NA,NA,NA,NA,NA,NA,0.404,0.0205,77,0.4961,0.8359,0,0.2838,0,Bayes-M17-med
Kalemie,Tanganyika,2,FALSE,0.0138,0.0106,0.0176,0.0137,92,92,93,0.0139,0.672,92,0.0199,NA,NA,NA,NA,NA,NA,0.3789,0.0193,85,0.6718,0.4575,0,0.3861,0,Bayes-M17-med
Yaleko,Tshopo,2,FALSE,0.0135,0.0103,0.0171,0.0133,94,94,95,0.0136,0.6531,94,0.0193,NA,NA,NA,NA,NA,NA,0.402,0.0199,83,0.639,0.2452,0,0.7239,0,Bayes-M17-med
Kingasani,Kinshasa,2,FALSE,0.0134,0.0104,0.0169,0.0133,95,94,97,0.0135,0.6505,95,0.0193,NA,NA,NA,NA,NA,NA,0.0294,0.0014,407,0.0058,0.0405,0,0.0714,0,Bayes-M17-med
Kunda,Maniema,2,FALSE,0.0133,0.0102,0.0169,0.0131,96,95,96,0.0134,0.6441,96,0.0191,NA,NA,NA,NA,NA,NA,0.4165,0.0203,80,0.4633,0.2799,0,0.9228,0,Bayes-M17-med
Lubumbashi,Haut-Katanga,2,FALSE,0.013,0.01,0.0164,0.0128,97,97,98,0.013,0.6285,97,0.0186,NA,NA,NA,NA,NA,NA,0.1105,0.0053,211,0.1081,0.2104,0,0.1236,0,Bayes-M17-med
Titule,Bas-Uele,2,FALSE,0.0126,0.0093,0.0164,0.0124,98,96,101,0.0126,0.609,98,0.018,NA,NA,NA,NA,NA,NA,0.6839,0.0315,61,0.9865,0.8263,0,0.9228,0,Bayes-M17-med
Yambuku,Mongala,2,FALSE,0.012,0.0091,0.0153,0.0119,99,99,101,0.0121,0.5814,99,0.0172,NA,NA,NA,NA,NA,NA,0.4344,0.0191,86,0.5483,0.5753,0,0.6139,0,Bayes-M17-med
Ango,Bas-Uele,2,FALSE,0.0119,0.0091,0.0152,0.0118,100,99,102,0.012,0.5768,100,0.0171,NA,NA,NA,NA,NA,NA,0.7095,0.031,62,1,0.8591,0,0.9788,0,Bayes-M17-med
Yamaluka,Mongala,2,FALSE,0.0119,0.0092,0.015,0.0118,102,98,103,0.0119,0.5753,102,0.017,NA,NA,NA,NA,NA,NA,0.1974,0.0086,142,0.2799,0.1448,0,0.3649,0,Bayes-M17-med
Lisala,Mongala,2,FALSE,0.0119,0.0091,0.0151,0.0118,101,99,102,0.012,0.5758,101,0.0171,NA,NA,NA,NA,NA,NA,0.4093,0.0178,90,0.4286,0.4402,0,0.7683,0,Bayes-M17-med
Kaziba,Sud-Kivu,2,FALSE,0.0114,0.0087,0.0145,0.0113,103,103,104,0.0115,0.5518,103,0.0164,NA,NA,NA,NA,NA,NA,0.3571,0.0149,99,0.2876,0.7838,0,0.3571,0,Bayes-M17-med
Saramabila,Maniema,2,FALSE,0.0113,0.0086,0.0143,0.0111,104,104,105,0.0113,0.5453,104,0.0162,NA,NA,NA,NA,NA,NA,0.4768,0.0197,84,0.473,0.5502,0,0.8842,0,Bayes-M17-med
Aketi,Bas-Uele,2,FALSE,0.0111,0.0082,0.0147,0.0109,105,101,110,0.0112,0.5381,105,0.016,NA,NA,NA,NA,NA,NA,0.6762,0.0275,66,0.9903,0.9363,0,0.778,0,Bayes-M17-med
Kibua,Nord-Kivu,2,FALSE,0.0109,0.0084,0.0138,0.0108,106,105,106,0.011,0.5281,106,0.0157,NA,NA,0.116,18,NA,NA,0.5154,0.0206,76,0.7741,0.6602,0,0.6274,0,Bayes-M17-med
Kitutu,Sud-Kivu,2,FALSE,0.0108,0.0083,0.0137,0.0107,107,106,107,0.0109,0.5238,107,0.0155,NA,NA,NA,NA,NA,NA,0.5024,0.0199,82,0.751,0.805,0,0.4537,0,Bayes-M17-med
Djolu,Tshuapa,2,FALSE,0.0106,0.0081,0.0135,0.0105,108,107,108,0.0107,0.5143,108,0.0152,NA,NA,NA,NA,NA,NA,0.5256,0.0205,78,0.7104,0.5985,0,0.7934,0,Bayes-M17-med
Kongolo,Tanganyika,2,FALSE,0.0105,0.008,0.0133,0.0104,109,108,109,0.0106,0.5089,109,0.0151,NA,NA,NA,NA,NA,NA,0.6829,0.0263,68,0.8861,0.9228,0,0.9228,0,Bayes-M17-med
Mwenga,Sud-Kivu,2,FALSE,0.0102,0.0078,0.013,0.0101,111,111,112,0.0102,0.4934,111,0.0146,NA,NA,NA,NA,NA,NA,0.319,0.0119,111,0.5,0.3552,0,0.4208,0,Bayes-M17-med
Kimbi Lulenge,Sud-Kivu,2,FALSE,0.0102,0.0079,0.013,0.0101,110,109,111,0.0103,0.4962,110,0.0147,NA,NA,NA,NA,NA,NA,0.5507,0.0207,75,0.8475,0.8687,0,0.4865,0,Bayes-M17-med
Kabinda,Lomami,2,FALSE,0.0101,0.0077,0.0128,0.01,113,112,113,0.0101,0.487,113,0.0144,NA,NA,NA,NA,NA,NA,0.4382,0.0162,94,0.5097,0.5541,0,0.6892,0,Bayes-M17-med
Opienge,Tshopo,2,FALSE,0.0101,0.0076,0.013,0.01,112,110,116,0.0102,0.4894,112,0.0145,NA,NA,NA,NA,NA,NA,0.4445,0.0165,93,0.9556,0.0135,0,0.8089,0,Bayes-M17-med
Kalole,Sud-Kivu,2,FALSE,0.01,0.0077,0.0127,0.0099,114,113,114,0.0101,0.4844,114,0.0144,NA,NA,NA,NA,NA,NA,0.6038,0.0222,72,0.89,0.7799,0,0.7452,0,Bayes-M17-med
Itebero,Nord-Kivu,2,FALSE,0.0099,0.0076,0.0126,0.0098,115,114,116,0.01,0.4806,115,0.0143,NA,NA,0.1056,19,NA,NA,0.5574,0.0203,79,0.9112,0.722,0,0.5965,0,Bayes-M17-med
Yahuma,Tshopo,2,FALSE,0.0099,0.0076,0.0126,0.0098,116,115,116,0.0099,0.4789,116,0.0142,NA,NA,NA,NA,NA,NA,0.4402,0.016,95,0.8649,0.332,0,0.5637,0,Bayes-M17-med
Mulungu,Sud-Kivu,2,FALSE,0.0096,0.0074,0.0122,0.0095,117,117,118,0.0097,0.4666,117,0.0138,NA,NA,NA,NA,NA,NA,0.5208,0.0184,87,0.861,0.5193,0,0.7027,0,Bayes-M17-med
Makala,Kinshasa,2,FALSE,0.0095,0.0073,0.012,0.0094,118,116,119,0.0095,0.4598,118,0.0136,NA,NA,NA,NA,NA,NA,0.0246,9e-4,437,0.0116,0.0386,0,0.0483,0,Bayes-M17-med
Kamituga,Sud-Kivu,2,FALSE,0.0094,0.0072,0.0119,0.0093,119,118,119,0.0094,0.4534,119,0.0135,NA,NA,NA,NA,NA,NA,0.3596,0.0124,107,0.3938,0.6062,0,0.4382,0,Bayes-M17-med
Bonzola,Kasaï-Oriental,2,FALSE,0.0092,0.007,0.0117,0.0091,120,120,120,0.0093,0.4457,120,0.0132,NA,NA,NA,NA,NA,NA,0.2958,0.01,123,0.0927,0.7934,0,0.2973,0,Bayes-M17-med
Doruma,Haut-Uele,2,FALSE,0.0089,0.0068,0.0113,0.0088,122,121,124,0.0089,0.4295,122,0.0127,NA,NA,NA,NA,0.0383,7,0.6216,0.0202,81,0.973,0.5135,0,1,0,Bayes-M17-med
Mumbunda,Haut-Katanga,2,FALSE,0.0089,0.0068,0.0113,0.0088,121,121,122,0.0089,0.4299,121,0.0128,NA,NA,NA,NA,NA,NA,0.1853,0.006,203,0.1197,0.5077,0,0.1139,0,Bayes-M17-med
Manika,Lualaba,2,FALSE,0.0088,0.0068,0.0112,0.0087,123,122,123,0.0089,0.4268,123,0.0127,NA,NA,NA,NA,NA,NA,0.1149,0.0037,283,0.0946,0.222,0,0.1429,0,Bayes-M17-med
Kalamu 2,Kinshasa,2,FALSE,0.0087,0.0067,0.011,0.0086,124,121,125,0.0088,0.4219,124,0.0125,NA,NA,NA,NA,NA,NA,0.015,5e-4,447,0.0039,0.0154,0,0.0405,0,Bayes-M17-med
Bumba,Mongala,2,FALSE,0.0086,0.0065,0.0109,0.0085,125,124,127,0.0086,0.414,125,0.0123,NA,NA,NA,NA,NA,NA,0.2384,0.0075,163,0.1409,0.4537,0,0.3591,0,Bayes-M17-med
Mbulula,Tanganyika,2,FALSE,0.0085,0.0065,0.0108,0.0084,126,125,126,0.0085,0.409,126,0.0121,NA,NA,NA,NA,NA,NA,0.5934,0.0184,88,0.6448,0.7761,0,0.9527,0,Bayes-M17-med
Punia,Maniema,2,FALSE,0.0084,0.0064,0.0106,0.0083,127,126,127,0.0084,0.4046,127,0.012,NA,NA,NA,NA,NA,NA,0.3731,0.0114,116,0.7625,0.1969,0,0.5328,0,Bayes-M17-med
Lodja,Sankuru,2,FALSE,0.0082,0.0063,0.0105,0.0081,128,128,129,0.0083,0.3975,128,0.0118,NA,NA,NA,NA,NA,NA,0.4626,0.0139,101,0.2625,0.6351,0,0.9527,0,Bayes-M17-med
Kananga,Kasaï-Central,2,FALSE,0.0081,0.0062,0.0103,0.008,129,129,130,0.0081,0.3922,129,0.0116,NA,NA,NA,NA,NA,NA,0.2963,0.0088,137,0.1429,0.5579,0,0.4846,0,Bayes-M17-med
Lolo,Mongala,2,FALSE,0.0081,0.0061,0.0104,0.008,130,128,132,0.0081,0.3921,130,0.0116,NA,NA,NA,NA,NA,NA,0.3161,0.0094,131,0.4073,0.3263,0,0.5309,0,Bayes-M17-med
Kampene,Maniema,2,FALSE,0.0079,0.0061,0.0101,0.0079,131,130,131,0.008,0.384,131,0.0114,NA,NA,NA,NA,NA,NA,0.3962,0.0115,114,0.5251,0.1757,0,0.8842,0,Bayes-M17-med
Kalima,Maniema,2,FALSE,0.0079,0.006,0.01,0.0078,132,131,132,0.0079,0.3823,132,0.0113,NA,NA,NA,NA,NA,NA,0.3094,0.009,134,0.4595,0.3205,0,0.4575,0,Bayes-M17-med
Kabalo,Tanganyika,2,FALSE,0.0078,0.006,0.0099,0.0077,133,133,133,0.0078,0.3781,133,0.0112,NA,NA,NA,NA,NA,NA,0.624,0.0179,89,0.9035,0.7568,0,0.8359,0,Bayes-M17-med
Yahisuli,Tshopo,2,FALSE,0.0077,0.0059,0.0098,0.0076,135,134,135,0.0077,0.3732,135,0.0111,NA,NA,NA,NA,NA,NA,0.3521,0.01,124,0.3842,0.0714,0,0.9527,0,Bayes-M17-med
Moba,Tanganyika,2,FALSE,0.0077,0.0059,0.0098,0.0076,134,134,135,0.0078,0.3736,134,0.0111,NA,NA,NA,NA,NA,NA,0.3808,0.0108,120,0.6178,0.4942,0,0.4112,0,Bayes-M17-med
Kasansa,Kasaï-Oriental,2,FALSE,0.0075,0.0058,0.0096,0.0075,136,136,136,0.0076,0.3642,136,0.0108,NA,NA,NA,NA,NA,NA,0.3349,0.0093,132,0.2568,0.6699,0,0.4131,0,Bayes-M17-med
Gemena,Sud-Ubangi,2,FALSE,0.0074,0.0057,0.0094,0.0073,137,137,137,0.0074,0.3583,137,0.0106,NA,NA,NA,NA,NA,NA,0.3277,0.0089,136,0.1776,0.2741,0,0.8591,0,Bayes-M17-med
Opala,Tshopo,2,FALSE,0.0073,0.0056,0.0094,0.0073,138,138,139,0.0074,0.3551,138,0.0105,NA,NA,NA,NA,NA,NA,0.4269,0.0115,115,0.7819,0.0792,0,0.8465,0,Bayes-M17-med
Manono,Tanganyika,2,FALSE,0.0073,0.0056,0.0093,0.0072,139,138,139,0.0074,0.3544,139,0.0105,NA,NA,NA,NA,NA,NA,0.5758,0.0155,98,0.8784,0.9537,0,0.471,0,Bayes-M17-med
Kisenso,Kinshasa,2,FALSE,0.0071,0.0054,0.0089,0.007,141,140,143,0.0071,0.341,141,0.0101,NA,NA,NA,NA,NA,NA,0.0589,0.0015,403,0.0367,0.139,0,0.0598,0,Bayes-M17-med
Nyunzu,Tanganyika,2,FALSE,0.0071,0.0054,0.009,0.007,140,140,141,0.0071,0.3436,140,0.0102,NA,NA,NA,NA,NA,NA,0.6023,0.0157,96,0.9653,0.834,0,0.61,0,Bayes-M17-med
Nzaba,Kasaï-Oriental,2,FALSE,0.007,0.0053,0.0089,0.0069,143,141,143,0.007,0.3377,143,0.01,NA,NA,NA,NA,NA,NA,0.278,0.0071,168,0.1042,0.6931,0,0.3147,0,Bayes-M17-med
Haut Plateau,Sud-Kivu,2,FALSE,0.007,0.0054,0.0089,0.0069,142,141,142,0.007,0.3385,142,0.0101,NA,NA,NA,NA,NA,NA,0.5246,0.0135,102,0.5714,0.5444,0,0.9826,0,Bayes-M17-med
Lulingu,Sud-Kivu,2,FALSE,0.0069,0.0053,0.0087,0.0068,144,144,144,0.0069,0.3323,144,0.0099,NA,NA,NA,NA,NA,NA,0.6158,0.0155,97,0.9093,0.8108,0,0.7432,0,Bayes-M17-med
Kabongo,Haut-Lomami,2,FALSE,0.0068,0.0052,0.0086,0.0067,145,145,146,0.0068,0.3279,145,0.0097,NA,NA,NA,NA,NA,NA,0.5372,0.0134,103,0.8108,0.778,0,0.5598,0,Bayes-M17-med
Lusangi,Maniema,2,FALSE,0.0068,0.0052,0.0086,0.0067,146,145,146,0.0068,0.3273,146,0.0097,NA,NA,NA,NA,NA,NA,0.4223,0.0105,121,0.5656,0.2645,0,0.8591,0,Bayes-M17-med
Minembwe,Sud-Kivu,2,FALSE,0.0067,0.0051,0.0085,0.0066,147,147,148,0.0067,0.3227,147,0.0096,NA,NA,NA,NA,NA,NA,0.5198,0.0127,104,0.7181,0.8089,0,0.5521,0,Bayes-M17-med
Biyela,Kinshasa,2,FALSE,0.0066,0.0051,0.0083,0.0065,150,147,151,0.0066,0.3177,150,0.0094,NA,NA,NA,NA,NA,NA,0.1076,0.0026,340,0.0637,0.2838,0,0.083,0,Bayes-M17-med
Mulumba,Lomami,2,FALSE,0.0066,0.0051,0.0084,0.0065,149,149,149,0.0066,0.3194,149,0.0095,NA,NA,NA,NA,NA,NA,0.2587,0.0063,194,0.1834,0.3108,0,0.5405,0,Bayes-M17-med
Boende,Tshuapa,2,FALSE,0.0066,0.0051,0.0085,0.0066,148,147,150,0.0067,0.3214,148,0.0095,NA,NA,NA,NA,NA,NA,0.4199,0.0102,122,0.6988,0.4807,0,0.5,0,Bayes-M17-med
Luputa,Lomami,2,FALSE,0.0065,0.005,0.0083,0.0065,151,150,151,0.0066,0.3159,151,0.0094,NA,NA,NA,NA,NA,NA,0.3431,0.0082,151,0.3301,0.3166,0,0.7259,0,Bayes-M17-med
Kipushi,Haut-Katanga,2,FALSE,0.0064,0.0049,0.0081,0.0063,155,152,156,0.0064,0.3084,155,0.0092,NA,NA,NA,NA,NA,NA,0.1216,0.0028,327,0.2703,0.1081,0,0.1081,0,Bayes-M17-med
Kamina,Haut-Lomami,2,FALSE,0.0064,0.0049,0.0082,0.0064,152,152,154,0.0065,0.3115,152,0.0093,NA,NA,NA,NA,NA,NA,0.5164,0.0122,108,0.8301,0.8301,0,0.4054,0,Bayes-M17-med
Tshilenge,Kasaï-Oriental,2,FALSE,0.0064,0.0049,0.0082,0.0064,153,152,153,0.0065,0.3113,153,0.0092,NA,NA,NA,NA,NA,NA,0.2799,0.0066,182,0.1892,0.668,0,0.2625,0,Bayes-M17-med
Mweneditu,Lomami,2,FALSE,0.0064,0.0049,0.0082,0.0064,154,154,155,0.0064,0.3105,154,0.0092,NA,NA,NA,NA,NA,NA,0.2799,0.0066,183,0.166,0.3842,0,0.5695,0,Bayes-M17-med
Samba,Maniema,2,FALSE,0.0064,0.0049,0.0081,0.0063,156,155,157,0.0064,0.3072,156,0.0091,NA,NA,NA,NA,NA,NA,0.5179,0.0121,110,0.7529,0.4344,0,0.8842,0,Bayes-M17-med
Kimbanseke,Kinshasa,2,FALSE,0.0063,0.0048,0.008,0.0062,157,156,158,0.0063,0.3037,157,0.009,NA,NA,NA,NA,NA,NA,0.0526,0.0012,421,0.0521,0.0849,0,0.0734,0,Bayes-M17-med
Idiofa,Kwilu,2,FALSE,0.0063,0.0048,0.008,0.0062,158,157,160,0.0063,0.3027,158,0.009,NA,NA,NA,NA,NA,NA,0.486,0.0112,119,0.4537,0.749,0,0.7413,0,Bayes-M17-med
Mbandaka,Equateur,2,FALSE,0.0062,0.0047,0.0078,0.0061,159,159,160,0.0062,0.2982,159,0.0089,NA,NA,NA,NA,NA,NA,0.5164,0.0117,112,0.6409,0.9633,0,0.4614,0,Bayes-M17-med
Tshamilemba,Haut-Katanga,2,FALSE,0.0062,0.0048,0.0078,0.0061,160,158,161,0.0062,0.2981,160,0.0089,NA,NA,NA,NA,NA,NA,0.0772,0.0017,395,0.0656,0.1255,0,0.1178,0,Bayes-M17-med
Kailo,Maniema,2,FALSE,0.0061,0.0046,0.0077,0.006,162,161,162,0.0061,0.2928,162,0.0087,NA,NA,NA,NA,NA,NA,0.4276,0.0095,128,0.832,0.0946,0,0.7838,0,Bayes-M17-med
Lingomo,Tshuapa,2,FALSE,0.0061,0.0046,0.0077,0.006,161,159,162,0.0061,0.2937,161,0.0087,NA,NA,NA,NA,NA,NA,0.5627,0.0125,105,0.8263,0.5869,0,0.8378,0,Bayes-M17-med
Tshikapa,Kasaï,2,FALSE,0.0057,0.0043,0.0072,0.0056,165,164,165,0.0057,0.2743,164,0.0082,NA,NA,NA,NA,NA,NA,0.3156,0.0066,185,0.2722,0.6506,0,0.3398,0,Bayes-M17-med
Kabeya Kamwanga,Kasaï-Oriental,2,FALSE,0.0057,0.0044,0.0073,0.0057,163,163,164,0.0058,0.2776,163,0.0083,NA,NA,NA,NA,NA,NA,0.2968,0.0063,195,0.3224,0.3919,0,0.473,0,Bayes-M17-med
Maluku 2,Kinshasa,2,FALSE,0.0057,0.0044,0.0072,0.0056,165,163,168,0.0057,0.2732,165,0.0081,NA,NA,NA,NA,NA,NA,0.4184,0.0087,140,0.6834,0.5463,0,0.444,0,Bayes-M17-med
Likati,Bas-Uele,2,FALSE,0.0056,0.0042,0.0073,0.0056,166,163,171,0.0057,0.2728,166,0.0081,NA,NA,NA,NA,NA,NA,0.7124,0.0148,100,0.9942,0.971,0,0.8842,0,Bayes-M17-med
Malemba Nkulu,Haut-Lomami,2,FALSE,0.0056,0.0043,0.0071,0.0055,169,167,169,0.0056,0.269,169,0.008,NA,NA,NA,NA,NA,NA,0.3895,0.008,154,0.36870000000000003,0.7664,0,0.4228,0,Bayes-M17-med
Kamwesha,Kasaï,2,FALSE,0.0056,0.0043,0.0072,0.0056,166,166,167,0.0056,0.2713,167,0.0081,NA,NA,NA,NA,NA,NA,0.2732,0.0056,207,0.3456,0.2876,0,0.4595,0,Bayes-M17-med
Ikela,Tshuapa,2,FALSE,0.0056,0.0043,0.0071,0.0055,168,167,169,0.0056,0.2696,168,0.008,NA,NA,NA,NA,NA,NA,0.4633,0.0095,129,0.8147,0.1795,0,0.8591,0,Bayes-M17-med
Demba,Kasaï-Central,2,FALSE,0.0055,0.0042,0.007,0.0054,170,170,171,0.0055,0.264,170,0.0078,NA,NA,NA,NA,NA,NA,0.4117,0.0083,149,0.4653,0.7143,0,0.4672,0,Bayes-M17-med
Kitenge,Haut-Lomami,2,FALSE,0.0054,0.0041,0.0069,0.0054,171,171,173,0.0054,0.2618,171,0.0078,NA,NA,NA,NA,NA,NA,0.5729,0.0114,117,0.8668,0.8069,0,0.6178,0,Bayes-M17-med
Yamongili,Mongala,2,FALSE,0.0054,0.0041,0.0069,0.0054,172,170,173,0.0054,0.2616,172,0.0078,NA,NA,NA,NA,NA,NA,0.3243,0.0064,190,0.5116,0.3668,0,0.4189,0,Bayes-M17-med
Mondombe,Tshuapa,2,FALSE,0.0054,0.0041,0.0069,0.0053,173,172,174,0.0054,0.2598,173,0.0077,NA,NA,NA,NA,NA,NA,0.4797,0.0095,130,0.6622,0.3726,0,0.8842,0,Bayes-M17-med
Bumbu,Kinshasa,2,FALSE,0.0053,0.0041,0.0067,0.0053,174,169,176,0.0053,0.2558,174,0.0076,NA,NA,NA,NA,NA,NA,0.0164,3e-4,450,0.0019,0.029,0,0.0347,0,Bayes-M17-med
Kaniama,Haut-Lomami,2,FALSE,0.0052,0.004,0.0067,0.0052,175,174,175,0.0052,0.2529,175,0.0075,NA,NA,NA,NA,NA,NA,0.582,0.0112,118,0.8533,0.6622,0,0.8127,0,Bayes-M17-med
Lubao,Lomami,2,FALSE,0.0052,0.004,0.0066,0.0051,176,176,177,0.0052,0.2499,176,0.0074,NA,NA,NA,NA,NA,NA,0.3982,0.0076,161,0.6486,0.1525,0,0.7915,0,Bayes-M17-med
Karawa,Nord-Ubangi,2,FALSE,0.0052,0.0039,0.0066,0.0051,177,175,178,0.0052,0.2496,177,0.0074,NA,NA,NA,NA,NA,NA,0.6404,0.0121,109,0.7568,0.973,0,0.832,0,Bayes-M17-med
Mikalayi,Kasaï-Central,2,FALSE,0.0051,0.0039,0.0065,0.0051,178,177,178,0.0052,0.2483,178,0.0074,NA,NA,NA,NA,NA,NA,0.3948,0.0074,165,0.4517,0.5811,0,0.5463,0,Bayes-M17-med
Diulu,Kasaï-Oriental,2,FALSE,0.0049,0.0038,0.0062,0.0049,181,181,182,0.0049,0.2367,181,0.007,NA,NA,NA,NA,NA,NA,0.2611,0.0047,235,0.0676,0.6448,0,0.332,0,Bayes-M17-med
Lukelenge,Kasaï-Oriental,2,FALSE,0.0049,0.0038,0.0063,0.0049,180,180,181,0.0049,0.2379,180,0.0071,NA,NA,NA,NA,NA,NA,0.2249,0.0041,261,0.0811,0.5,0,0.3185,0,Bayes-M17-med
Ngaba,Kinshasa,2,FALSE,0.0049,0.0038,0.0062,0.0049,182,179,187,0.0049,0.2365,182,0.007,NA,NA,NA,NA,NA,NA,0.014,3e-4,452,0,0.0058,0,0.0502,0,Bayes-M17-med
Lusanga,Kwilu,2,FALSE,0.0049,0.0038,0.0063,0.0049,179,179,182,0.005,0.2386,179,0.0071,NA,NA,NA,NA,NA,NA,0.4242,0.0077,157,0.4382,0.7297,0,0.529,0,Bayes-M17-med
Luebo,Kasaï,2,FALSE,0.0048,0.0037,0.0062,0.0048,183,183,184,0.0048,0.2331,184,0.0069,NA,NA,NA,NA,NA,NA,0.4353,0.0077,156,0.5232,0.5116,0,0.7066,0,Bayes-M17-med
Ngandajika,Lomami,2,FALSE,0.0048,0.0037,0.0061,0.0048,185,183,186,0.0048,0.2328,185,0.0069,NA,NA,NA,NA,NA,NA,0.3465,0.0061,197,0.2124,0.4459,0,0.7278,0,Bayes-M17-med
Lomela,Sankuru,2,FALSE,0.0048,0.0037,0.0061,0.0047,187,183,188,0.0048,0.2308,187,0.0069,NA,NA,NA,NA,NA,NA,0.4759,0.0083,147,0.8456,0.1351,0,0.9228,0,Bayes-M17-med
Bwamanda,Sud-Ubangi,2,FALSE,0.0048,0.0037,0.0062,0.0048,183,182,186,0.0048,0.2332,183,0.0069,NA,NA,NA,NA,NA,NA,0.4667,0.0083,148,0.4189,0.7394,0,0.7085,0,Bayes-M17-med
Yalimbongo,Tshopo,2,FALSE,0.0048,0.0037,0.0061,0.0047,186,186,187,0.0048,0.2312,186,0.0069,NA,NA,NA,NA,NA,NA,0.3214,0.0056,206,0.5772,0.0483,0,0.6602,0,Bayes-M17-med
Bokungu,Tshuapa,2,FALSE,0.0048,0.0036,0.0061,0.0047,188,185,190,0.0048,0.2299,188,0.0068,NA,NA,NA,NA,NA,NA,0.49370000000000003,0.0086,141,0.695,0.3571,0,0.9228,0,Bayes-M17-med
Mweka,Kasaï,2,FALSE,0.0047,0.0036,0.006,0.0047,190,189,190,0.0047,0.2282,190,0.0068,NA,NA,NA,NA,NA,NA,0.5053,0.0088,138,0.4788,0.7239,0,0.8185,0,Bayes-M17-med
Cilundu,Kasaï-Oriental,2,FALSE,0.0047,0.0036,0.006,0.0047,189,188,190,0.0047,0.2282,189,0.0068,NA,NA,NA,NA,NA,NA,0.221,0.0038,273,0.2317,0.3089,0,0.3436,0,Bayes-M17-med
Bena Leka,Kasaï-Central,2,FALSE,0.0046,0.0035,0.0058,0.0045,195,195,195,0.0046,0.2206,195,0.0066,NA,NA,NA,NA,NA,NA,0.4986,0.0084,146,0.6062,0.7162,0,0.6718,0,Bayes-M17-med
Luiza,Kasaï-Central,2,FALSE,0.0046,0.0035,0.0059,0.0046,192,192,192,0.0046,0.2226,192,0.0066,NA,NA,NA,NA,NA,NA,0.4218,0.0071,167,0.4807,0.6293,0,0.5772,0,Bayes-M17-med
Vanga,Kwilu,2,FALSE,0.0046,0.0035,0.0059,0.0045,193,193,193,0.0046,0.2219,193,0.0066,NA,NA,NA,NA,NA,NA,0.5034,0.0085,144,0.3726,0.8205,0,0.8205,0,Bayes-M17-med
Bulungu,Kwilu,2,FALSE,0.0046,0.0035,0.0059,0.0045,194,194,194,0.0046,0.2216,194,0.0066,NA,NA,NA,NA,NA,NA,0.4508,0.0076,160,0.3571,0.6795,0,0.7664,0,Bayes-M17-med
Kabambare,Maniema,2,FALSE,0.0046,0.0036,0.0059,0.0046,191,191,191,0.0047,0.2242,191,0.0067,NA,NA,NA,NA,NA,NA,0.3953,0.0067,178,0.8359,0.112,0,0.6332,0,Bayes-M17-med
Masuika,Kasaï-Central,2,FALSE,0.0045,0.0035,0.0058,0.0045,196,196,196,0.0045,0.218,196,0.0065,NA,NA,NA,NA,NA,NA,0.3885,0.0064,191,0.3263,0.5618,0,0.666,0,Bayes-M17-med
Bibanga,Kasaï-Oriental,2,FALSE,0.0045,0.0034,0.0057,0.0044,198,197,198,0.0045,0.2154,198,0.0064,NA,NA,NA,NA,NA,NA,0.2978,0.0049,225,0.3127,0.4884,0,0.39,0,Bayes-M17-med
Fungurume,Lualaba,2,FALSE,0.0045,0.0034,0.0057,0.0044,197,197,198,0.0045,0.2155,197,0.0064,NA,NA,NA,NA,NA,NA,0.1564,0.0026,343,0.2664,0.1622,0,0.1969,0,Bayes-M17-med
Kenge,Kwango,2,FALSE,0.0044,0.0034,0.0056,0.0043,200,200,200,0.0044,0.2118,200,0.0063,NA,NA,NA,NA,NA,NA,0.5574,0.009,133,0.6139,0.8127,0,0.8031,0,Bayes-M17-med
Tandala,Sud-Ubangi,2,FALSE,0.0044,0.0033,0.0056,0.0043,201,201,203,0.0044,0.2102,201,0.0063,NA,NA,NA,NA,NA,NA,0.4078,0.0065,187,0.2741,0.527,0,0.8301,0,Bayes-M17-med
Kansimba,Tanganyika,2,FALSE,0.0044,0.0034,0.0057,0.0044,199,199,199,0.0044,0.2143,199,0.0064,NA,NA,NA,NA,NA,NA,0.5497,0.0089,135,0.9479,0.7741,0,0.4768,0,Bayes-M17-med
Bukama,Haut-Lomami,2,FALSE,0.0043,0.0033,0.0054,0.0042,205,204,205,0.0043,0.2062,205,0.0061,NA,NA,NA,NA,NA,NA,0.4764,0.0075,164,0.7143,0.7625,0,0.4286,0,Bayes-M17-med
Citenge,Kasaï-Oriental,2,FALSE,0.0043,0.0033,0.0055,0.0043,202,201,203,0.0043,0.2093,202,0.0062,NA,NA,NA,NA,NA,NA,0.2321,0.0037,286,0.1583,0.4749,0,0.2954,0,Bayes-M17-med
Kanda Kanda,Lomami,2,FALSE,0.0043,0.0033,0.0055,0.0043,204,202,204,0.0043,0.2074,204,0.0062,NA,NA,NA,NA,NA,NA,0.3012,0.0047,231,0.3185,0.1737,0,0.7124,0,Bayes-M17-med
Yalifafu,Tshuapa,2,FALSE,0.0043,0.0033,0.0055,0.0043,203,202,205,0.0043,0.2088,203,0.0062,NA,NA,NA,NA,NA,NA,0.4797,0.0076,159,0.7664,0.2683,0,0.8842,0,Bayes-M17-med
Kikwit Nord,Kwilu,2,FALSE,0.0042,0.0032,0.0053,0.0041,210,207,211,0.0042,0.2021,210,0.006,NA,NA,NA,NA,NA,NA,0.2915,0.0045,241,0.1236,0.5405,0,0.5019,0,Bayes-M17-med
Tshofa,Lomami,2,FALSE,0.0042,0.0032,0.0054,0.0042,206,206,206,0.0042,0.2038,206,0.0061,NA,NA,NA,NA,NA,NA,0.4416,0.0068,175,0.6757,0.3514,0,0.7394,0,Bayes-M17-med
Kalenda,Lomami,2,FALSE,0.0042,0.0032,0.0053,0.0041,209,209,209,0.0042,0.2025,209,0.006,NA,NA,NA,NA,NA,NA,0.2886,0.0044,243,0.388,0.1873,0,0.5792,0,Bayes-M17-med
Kibombo,Maniema,2,FALSE,0.0042,0.0032,0.0054,0.0042,207,207,208,0.0042,0.2029,207,0.006,NA,NA,NA,NA,NA,NA,0.4614,0.0071,169,0.7452,0.1776,0,0.9228,0,Bayes-M17-med
Katako Kombe,Sankuru,2,FALSE,0.0042,0.0032,0.0054,0.0042,208,207,211,0.0042,0.2026,208,0.006,NA,NA,NA,NA,NA,NA,0.4703,0.0072,166,0.7857,0.1313,0,0.9643,0,Bayes-M17-med
Itombwe,Sud-Kivu,2,FALSE,0.0042,0.0032,0.0053,0.0041,211,210,211,0.0042,0.2015,211,0.006,NA,NA,NA,NA,NA,NA,0.5121,0.0078,155,0.8571,0.6737,0,0.5174,0,Bayes-M17-med
Mukedi,Kwilu,2,FALSE,0.004,0.003,0.0051,0.0039,217,217,218,0.004,0.1919,217,0.0057,NA,NA,NA,NA,NA,NA,0.4836,0.0071,172,0.5367,0.7066,0,0.6911,0,Bayes-M17-med
Dilala,Lualaba,2,FALSE,0.004,0.0031,0.0051,0.004,215,214,216,0.004,0.1935,216,0.0058,NA,NA,NA,NA,NA,NA,0.1347,0.002,385,0.1506,0.2548,0,0.1332,0,Bayes-M17-med
Obokote,Maniema,2,FALSE,0.004,0.0031,0.0051,0.004,215,212,217,0.004,0.1937,215,0.0058,NA,NA,NA,NA,NA,NA,0.3209,0.0047,233,0.7239,0.0328,0,0.527,0,Bayes-M17-med
Pimu,Mongala,2,FALSE,0.004,0.0031,0.0051,0.004,213,212,216,0.004,0.1948,213,0.0058,NA,NA,NA,NA,NA,NA,0.4257,0.0063,193,0.583,0.3707,0,0.749,0,Bayes-M17-med
Yakoma,Nord-Ubangi,2,FALSE,0.004,0.0031,0.0052,0.004,212,212,215,0.0041,0.1955,212,0.0058,NA,NA,NA,NA,NA,NA,0.6641,0.0099,126,0.7124,0.9479,0,0.9961,0,Bayes-M17-med
Vanga Kete,Sankuru,2,FALSE,0.004,0.0031,0.0051,0.004,214,212,214,0.004,0.1948,214,0.0058,NA,NA,NA,NA,NA,NA,0.4503,0.0067,181,0.4672,0.4112,0,0.9228,0,Bayes-M17-med
Bili (Bas-Uele),Bas-Uele,2,FALSE,0.0039,0.003,0.005,0.0039,222,216,226,0.0039,0.1889,222,0.0056,NA,NA,NA,NA,NA,NA,0.6926,0.0099,125,0.9981,0.7992,0,0.973,0,Bayes-M17-med
Kalonda Ouest,Kasaï,2,FALSE,0.0039,0.003,0.005,0.0039,218,218,219,0.004,0.1906,218,0.0057,NA,NA,NA,NA,NA,NA,0.2239,0.0032,309,0.2915,0.251,0,0.3533,0,Bayes-M17-med
Miabi,Kasaï-Oriental,2,FALSE,0.0039,0.003,0.005,0.0039,219,219,221,0.0039,0.1897,219,0.0056,NA,NA,NA,NA,NA,NA,0.2838,0.0041,260,0.2297,0.6525,0,0.2529,0,Bayes-M17-med
Gungu,Kwilu,2,FALSE,0.0039,0.003,0.005,0.0039,220,220,221,0.0039,0.1895,220,0.0056,NA,NA,NA,NA,NA,NA,0.4237,0.0061,199,0.5058,0.6969,0,0.4923,0,Bayes-M17-med
Ludimbi Lukula,Lomami,2,FALSE,0.0039,0.003,0.005,0.0039,221,220,223,0.0039,0.1891,221,0.0056,NA,NA,NA,NA,NA,NA,0.4513,0.0065,189,0.6931,0.3475,0,0.7645,0,Bayes-M17-med
Bosondjo,Mongala,2,FALSE,0.0039,0.003,0.005,0.0038,223,222,223,0.0039,0.1877,223,0.0056,NA,NA,NA,NA,NA,NA,0.3489,0.005,223,0.5618,0.1931,0,0.6409,0,Bayes-M17-med
Mulongo,Haut-Lomami,2,FALSE,0.0038,0.0029,0.0049,0.0038,224,223,224,0.0038,0.1847,224,0.0055,NA,NA,NA,NA,NA,NA,0.4773,0.0067,180,0.7471,0.7703,0,0.3919,0,Bayes-M17-med
Lubilanji,Kasaï-Oriental,2,FALSE,0.0038,0.0029,0.0048,0.0037,229,225,230,0.0038,0.181,229,0.0054,NA,NA,NA,NA,NA,NA,0.1694,0.0023,366,0.0347,0.3398,0,0.3031,0,Bayes-M17-med
Muya,Kasaï-Oriental,2,FALSE,0.0038,0.0029,0.0048,0.0037,226,225,228,0.0038,0.182,226,0.0054,NA,NA,NA,NA,NA,NA,0.2495,0.0035,298,0.0753,0.5888,0,0.334,0,Bayes-M17-med
Koshibanda,Kwilu,2,FALSE,0.0038,0.0029,0.0048,0.0037,227,227,228,0.0038,0.1817,227,0.0054,NA,NA,NA,NA,NA,NA,0.4913,0.0068,176,0.5193,0.6757,0,0.7703,0,Bayes-M17-med
Binga,Mongala,2,FALSE,0.0038,0.0029,0.0048,0.0037,228,226,232,0.0038,0.1813,228,0.0054,NA,NA,NA,NA,NA,NA,0.3306,0.0046,237,0.4749,0.249,0,0.5985,0,Bayes-M17-med
Omendjadi,Sankuru,2,FALSE,0.0038,0.0029,0.0048,0.0037,225,225,227,0.0038,0.183,225,0.0054,NA,NA,NA,NA,NA,NA,0.4262,0.0059,204,0.5502,0.2317,0,0.9228,0,Bayes-M17-med
Luambo,Kasaï-Central,2,FALSE,0.0037,0.0028,0.0047,0.0036,236,234,237,0.0037,0.1763,236,0.0052,NA,NA,NA,NA,NA,NA,0.3769,0.0051,219,0.5347,0.5656,0,0.4073,0,Bayes-M17-med
Bipemba,Kasaï-Oriental,2,FALSE,0.0037,0.0028,0.0047,0.0037,230,229,232,0.0037,0.1796,230,0.0053,NA,NA,NA,NA,NA,NA,0.1544,0.0021,379,0.0618,0.2201,0,0.3359,0,Bayes-M17-med
Mpokolo,Kasaï-Oriental,2,FALSE,0.0037,0.0028,0.0047,0.0036,234,234,236,0.0037,0.1765,234,0.0053,NA,NA,NA,NA,NA,NA,0.2901,0.0039,269,0.1255,0.6873,0,0.3475,0,Bayes-M17-med
Tshishimbi,Kasaï-Oriental,2,FALSE,0.0037,0.0028,0.0047,0.0037,232,230,233,0.0037,0.179,232,0.0053,NA,NA,NA,NA,NA,NA,0.1742,0.0024,359,0.1795,0.2471,0,0.2703,0,Bayes-M17-med
Kalambayi Kabanga,Lomami,2,FALSE,0.0037,0.0028,0.0047,0.0037,233,231,233,0.0037,0.1786,233,0.0053,NA,NA,NA,NA,NA,NA,0.3132,0.0043,252,0.4556,0.1602,0,0.6371,0,Bayes-M17-med
Ototo,Sankuru,2,FALSE,0.0037,0.0028,0.0047,0.0036,235,234,236,0.0037,0.1764,235,0.0052,NA,NA,NA,NA,NA,NA,0.4561,0.0061,198,0.5386,0.3629,0,0.9228,0,Bayes-M17-med
Ankoro,Tanganyika,2,FALSE,0.0037,0.0028,0.0047,0.0037,231,229,232,0.0037,0.1793,231,0.0053,NA,NA,NA,NA,NA,NA,0.6047,0.0082,150,0.9266,0.8282,0,0.6641,0,Bayes-M17-med
Tshikaji,Kasaï-Central,2,FALSE,0.0036,0.0027,0.0046,0.0035,240,239,240,0.0036,0.1727,240,0.0051,NA,NA,NA,NA,NA,NA,0.3195,0.0042,255,0.1873,0.5849,0,0.5058,0,Bayes-M17-med
Dibindi,Kasaï-Oriental,2,FALSE,0.0036,0.0028,0.0046,0.0036,237,235,238,0.0036,0.1755,237,0.0052,NA,NA,NA,NA,NA,NA,0.1617,0.0022,375,0.0386,0.2954,0,0.3127,0,Bayes-M17-med
Kamana,Lomami,2,FALSE,0.0036,0.0027,0.0046,0.0036,239,238,239,0.0036,0.1734,239,0.0052,NA,NA,NA,NA,NA,NA,0.2944,0.0039,271,0.5309,0.0174,0,0.6293,0,Bayes-M17-med
Libenge,Sud-Ubangi,2,FALSE,0.0036,0.0028,0.0046,0.0036,238,237,240,0.0036,0.1743,238,0.0052,NA,NA,NA,NA,NA,NA,0.3818,0.0051,218,0.6293,0.3591,0,0.5386,0,Bayes-M17-med
Monga,Bas-Uele,2,FALSE,0.0035,0.0027,0.0045,0.0035,242,241,250,0.0035,0.1708,242,0.0051,NA,NA,NA,NA,NA,NA,0.7336,0.0095,127,0.9826,0.9672,0,0.9846,0,Bayes-M17-med
Kampemba,Haut-Katanga,2,FALSE,0.0035,0.0027,0.0045,0.0035,245,242,246,0.0035,0.1705,245,0.0051,NA,NA,NA,NA,NA,NA,0.0531,7e-4,442,0.0598,0.0367,0,0.1158,0,Bayes-M17-med
Kabondo Dianda,Haut-Lomami,2,FALSE,0.0035,0.0027,0.0045,0.0035,241,241,243,0.0036,0.1711,241,0.0051,NA,NA,NA,NA,NA,NA,0.4107,0.0053,208,0.5888,0.5714,0,0.4826,0,Bayes-M17-med
Ndekesha,Kasaï-Central,2,FALSE,0.0035,0.0026,0.0044,0.0034,252,251,252,0.0035,0.1666,252,0.005,NA,NA,NA,NA,NA,NA,0.4059,0.0051,214,0.4768,0.4498,0,0.6969,0,Bayes-M17-med
Kansele,Kasaï-Oriental,2,FALSE,0.0035,0.0027,0.0044,0.0034,250,247,252,0.0035,0.1678,250,0.005,NA,NA,NA,NA,NA,NA,0.2437,0.0031,315,0.0541,0.5965,0,0.3243,0,Bayes-M17-med
Matadi,Kongo-Central,2,FALSE,0.0035,0.0027,0.0045,0.0035,248,247,249,0.0035,0.1692,248,0.005,NA,NA,NA,NA,NA,NA,0.2939,0.0038,278,0.1564,0.944,0,0.0753,0,Bayes-M17-med
Ipamu,Kwilu,2,FALSE,0.0035,0.0027,0.0045,0.0035,244,243,246,0.0035,0.1705,244,0.0051,NA,NA,NA,NA,NA,NA,0.5454,0.0071,171,0.4903,0.7683,0,0.9228,0,Bayes-M17-med
Alunguli,Maniema,2,FALSE,0.0035,0.0027,0.0045,0.0035,247,242,249,0.0035,0.1694,247,0.005,NA,NA,NA,NA,NA,NA,0.3132,0.004,265,0.1737,0.195,0,0.8842,0,Bayes-M17-med
Dikungu,Sankuru,2,FALSE,0.0035,0.0027,0.0045,0.0035,249,248,249,0.0035,0.169,249,0.005,NA,NA,NA,NA,NA,NA,0.3779,0.0049,227,0.4865,0.1409,0,0.8842,0,Bayes-M17-med
Minga,Sankuru,2,FALSE,0.0035,0.0027,0.0045,0.0035,246,245,246,0.0035,0.1699,246,0.0051,NA,NA,NA,NA,NA,NA,0.5347,0.0069,174,0.7838,0.471,0,0.8842,0,Bayes-M17-med
Tshumbe,Sankuru,2,FALSE,0.0035,0.0027,0.0045,0.0035,243,243,244,0.0035,0.1705,243,0.0051,NA,NA,NA,NA,NA,NA,0.3907,0.0051,217,0.5444,0.1718,0,0.8465,0,Bayes-M17-med
Bogosenubea,Sud-Ubangi,2,FALSE,0.0035,0.0026,0.0044,0.0034,251,250,255,0.0035,0.1667,251,0.005,NA,NA,NA,NA,NA,NA,0.4107,0.0052,212,0.4981,0.3031,0,0.8417,0,Bayes-M17-med
Bolomba,Equateur,2,FALSE,0.0034,0.0026,0.0043,0.0033,260,258,264,0.0034,0.1624,260,0.0048,NA,NA,NA,NA,NA,NA,0.6163,0.0076,158,0.9575,0.8533,0,0.6544,0,Bayes-M17-med
Sakania,Haut-Katanga,2,FALSE,0.0034,0.0026,0.0044,0.0034,254,253,255,0.0034,0.1654,254,0.0049,NA,NA,NA,NA,NA,NA,0.2775,0.0035,297,0.7375,0.2355,0,0.1371,0,Bayes-M17-med
Mukanga,Haut-Lomami,2,FALSE,0.0034,0.0026,0.0043,0.0033,262,261,262,0.0034,0.1619,262,0.0048,NA,NA,NA,NA,NA,NA,0.4739,0.0058,205,0.6853,0.6911,0,0.5193,0,Bayes-M17-med
Kanzala,Kasaï,2,FALSE,0.0034,0.0026,0.0043,0.0034,255,252,259,0.0034,0.1649,255,0.0049,NA,NA,NA,NA,NA,NA,0.2046,0.0026,342,0.168,0.3127,0,0.3378,0,Bayes-M17-med
Dibaya,Kasaï-Central,2,FALSE,0.0034,0.0026,0.0043,0.0033,258,257,260,0.0034,0.1633,258,0.0049,NA,NA,NA,NA,NA,NA,0.3325,0.0041,257,0.3147,0.4479,0,0.5676,0,Bayes-M17-med
Kikwit Sud,Kwilu,2,FALSE,0.0034,0.0026,0.0043,0.0033,261,256,265,0.0034,0.1622,261,0.0048,NA,NA,NA,NA,NA,NA,0.3282,0.004,263,0.1313,0.7008,0,0.4807,0,Bayes-M17-med
Gbadolite,Nord-Ubangi,2,FALSE,0.0034,0.0026,0.0044,0.0034,256,253,259,0.0034,0.1647,256,0.0049,NA,NA,NA,NA,NA,NA,0.5183,0.0065,188,0.7915,0.9653,0,0.3166,0,Bayes-M17-med
Lowa,Tshopo,2,FALSE,0.0034,0.0026,0.0044,0.0034,253,252,255,0.0034,0.1658,253,0.0049,NA,NA,NA,NA,NA,NA,0.4073,0.0051,215,0.8938,0.0598,0,0.6757,0,Bayes-M17-med
Basali,Tshopo,2,FALSE,0.0034,0.0026,0.0043,0.0034,256,256,258,0.0034,0.1645,257,0.0049,NA,NA,NA,NA,NA,NA,0.3779,0.0047,232,0.834,0.0251,0,0.6525,0,Bayes-M17-med
Mompono,Tshuapa,2,FALSE,0.0034,0.0026,0.0043,0.0033,259,257,262,0.0034,0.1632,259,0.0049,NA,NA,NA,NA,NA,NA,0.5598,0.0069,173,0.8089,0.6042,0,0.8263,0,Bayes-M17-med
Basankusu,Equateur,2,FALSE,0.0033,0.0025,0.0043,0.0033,265,261,265,0.0033,0.161,265,0.0048,NA,NA,NA,NA,NA,NA,0.6844,0.0084,145,0.9517,0.8629,0,0.9228,0,Bayes-M17-med
Yasa Bonga,Kwilu,2,FALSE,0.0033,0.0025,0.0043,0.0033,264,263,264,0.0033,0.161,264,0.0048,NA,NA,NA,NA,NA,NA,0.4206,0.0051,213,0.3031,0.5328,0,0.8465,0,Bayes-M17-med
Ferekeni,Maniema,2,FALSE,0.0033,0.0026,0.0043,0.0033,263,260,265,0.0034,0.1615,263,0.0048,NA,NA,NA,NA,NA,NA,0.3504,0.0043,250,0.7722,0.0425,0,0.5869,0,Bayes-M17-med
Bosobolo,Nord-Ubangi,2,FALSE,0.0033,0.0025,0.0042,0.0032,266,266,267,0.0033,0.1576,266,0.0047,NA,NA,NA,NA,NA,NA,0.7148,0.0086,143,0.9363,0.9459,0,0.9768,0,Bayes-M17-med
Ruashi,Haut-Katanga,2,FALSE,0.0032,0.0024,0.004,0.0032,272,269,273,0.0032,0.154,272,0.0046,NA,NA,NA,NA,NA,NA,0.0705,8e-4,440,0.0985,0.0637,0,0.1197,0,Bayes-M17-med
Ilebo,Kasaï,2,FALSE,0.0032,0.0025,0.0041,0.0032,268,268,269,0.0032,0.1556,268,0.0046,NA,NA,NA,NA,NA,NA,0.3142,0.0037,284,0.2162,0.6139,0,0.4266,0,Bayes-M17-med
Katende,Kasaï-Central,2,FALSE,0.0032,0.0025,0.0041,0.0032,269,269,270,0.0032,0.1548,269,0.0046,NA,NA,NA,NA,NA,NA,0.5154,0.0061,200,0.6525,0.6486,0,0.7606,0,Bayes-M17-med
Lukonga,Kasaï-Central,2,FALSE,0.0032,0.0024,0.004,0.0031,273,271,275,0.0032,0.1533,273,0.0046,NA,NA,NA,NA,NA,NA,0.3282,0.0038,275,0.2239,0.6429,0,0.4459,0,Bayes-M17-med
Mukumbi,Kasaï-Oriental,2,FALSE,0.0032,0.0024,0.0041,0.0032,271,271,272,0.0032,0.154,271,0.0046,NA,NA,NA,NA,NA,NA,0.2249,0.0026,338,0.2413,0.1892,0,0.4691,0,Bayes-M17-med
Kisantu,Kongo-Central,2,FALSE,0.0032,0.0024,0.004,0.0031,274,273,274,0.0032,0.1533,274,0.0046,NA,NA,NA,NA,NA,NA,0.418,0.0049,226,0.5039,0.9903,0,0.1776,0,Bayes-M17-med
Mobayi Mbongo,Nord-Ubangi,2,FALSE,0.0032,0.0024,0.004,0.0031,275,271,276,0.0032,0.1527,275,0.0045,NA,NA,NA,NA,NA,NA,0.5458,0.0063,192,0.9324,0.8166,0,0.4344,0,Bayes-M17-med
Befale,Tshuapa,2,FALSE,0.0032,0.0024,0.0041,0.0032,270,268,274,0.0032,0.1547,270,0.0046,NA,NA,NA,NA,NA,NA,0.5145,0.006,201,0.8822,0.4903,0,0.6853,0,Bayes-M17-med
Kiambi,Tanganyika,2,FALSE,0.0032,0.0025,0.0041,0.0032,267,266,267,0.0032,0.1562,267,0.0046,NA,NA,NA,NA,NA,NA,0.5709,0.0068,177,0.9807,0.6834,0,0.6197,0,Bayes-M17-med
Tshibala,Kasaï-Central,2,FALSE,0.0031,0.0024,0.0039,0.0031,277,277,279,0.0031,0.1493,277,0.0044,NA,NA,NA,NA,NA,NA,0.4218,0.0048,229,0.4266,0.5772,0,0.6834,0,Bayes-M17-med
Djuma,Kwilu,2,FALSE,0.0031,0.0024,0.004,0.0031,276,275,276,0.0031,0.1513,276,0.0045,NA,NA,NA,NA,NA,NA,0.5256,0.006,202,0.4826,0.7355,0,0.8842,0,Bayes-M17-med
Boso Manzi,Mongala,2,FALSE,0.0031,0.0023,0.0039,0.003,279,279,280,0.0031,0.1482,279,0.0044,NA,NA,NA,NA,NA,NA,0.3982,0.0045,240,0.5695,0.2278,0,0.7954,0,Bayes-M17-med
Abuzi,Nord-Ubangi,2,FALSE,0.0031,0.0023,0.0039,0.003,280,280,281,0.0031,0.1476,280,0.0044,NA,NA,NA,NA,NA,NA,0.7153,0.008,152,0.9846,0.9054,0,0.971,0,Bayes-M17-med
Bili (Nord-Ubangi),Nord-Ubangi,2,FALSE,0.0031,0.0024,0.0039,0.0031,278,277,278,0.0031,0.149,278,0.0044,NA,NA,NA,NA,NA,NA,0.7075,0.008,153,0.9247,0.9189,0,0.9865,0,Bayes-M17-med
Kilwa,Haut-Katanga,2,FALSE,0.003,0.0023,0.0039,0.003,281,279,282,0.0031,0.1471,281,0.0044,NA,NA,NA,NA,NA,NA,0.3764,0.0042,253,0.749,0.39,0,0.3668,0,Bayes-M17-med
Masi Manimba,Kwilu,2,FALSE,0.003,0.0023,0.0038,0.003,283,282,283,0.003,0.1444,283,0.0043,NA,NA,NA,NA,NA,NA,0.4281,0.0047,234,0.332,0.4961,0,0.8842,0,Bayes-M17-med
Kalonda Est,Lomami,2,FALSE,0.003,0.0023,0.0038,0.0029,284,283,284,0.003,0.1431,284,0.0043,NA,NA,NA,NA,NA,NA,0.3292,0.0036,293,0.5425,0.1506,0,0.6236,0,Bayes-M17-med
Wapinda,Nord-Ubangi,2,FALSE,0.003,0.0023,0.0039,0.003,282,281,284,0.003,0.1454,282,0.0043,NA,NA,NA,NA,NA,NA,0.6791,0.0075,162,0.9015,0.8398,0,0.9749,0,Bayes-M17-med
Kapolowe,Haut-Katanga,2,FALSE,0.0029,0.0022,0.0037,0.0028,290,290,290,0.0029,0.1386,290,0.0041,NA,NA,NA,NA,NA,NA,0.3026,0.0032,310,0.5579,0.444,0,0.2085,0,Bayes-M17-med
Kisanga,Haut-Katanga,2,FALSE,0.0029,0.0022,0.0037,0.0029,287,287,288,0.0029,0.1408,287,0.0042,NA,NA,NA,NA,NA,NA,0.1081,0.0012,424,0.1293,0.2008,0,0.1023,0,Bayes-M17-med
Yangala,Kasaï-Central,2,FALSE,0.0029,0.0022,0.0037,0.0029,286,286,286,0.0029,0.1417,286,0.0042,NA,NA,NA,NA,NA,NA,0.348,0.0037,280,0.5927,0.2259,0,0.5734,0,Bayes-M17-med
Muanda,Kongo-Central,2,FALSE,0.0029,0.0022,0.0038,0.0029,285,285,285,0.0029,0.142,285,0.0042,NA,NA,NA,NA,NA,NA,0.4093,0.0044,245,0.6371,1,0,0,0,Bayes-M17-med
Wembo Nyama,Sankuru,2,FALSE,0.0029,0.0022,0.0037,0.0029,289,288,289,0.0029,0.1393,289,0.0041,NA,NA,NA,NA,NA,NA,0.4097,0.0043,249,0.5019,0.2143,0,0.9228,0,Bayes-M17-med
Kungu,Sud-Ubangi,2,FALSE,0.0029,0.0022,0.0037,0.0029,288,287,289,0.0029,0.1404,288,0.0042,NA,NA,NA,NA,NA,NA,0.3711,0.004,268,0.3745,0.3359,0,0.7741,0,Bayes-M17-med
Kambove,Haut-Katanga,2,FALSE,0.0028,0.0022,0.0036,0.0028,292,291,295,0.0028,0.137,292,0.0041,NA,NA,NA,NA,NA,NA,0.306,0.0032,311,0.4247,0.6236,0,0.1757,0,Bayes-M17-med
Kamonia,Kasaï,2,FALSE,0.0028,0.0021,0.0035,0.0027,299,298,299,0.0028,0.1339,299,0.004,NA,NA,NA,NA,NA,NA,0.14,0.0014,408,0.3707,0.11,0,0.0792,0,Bayes-M17-med
Kasaji,Lualaba,2,FALSE,0.0028,0.0022,0.0036,0.0028,296,295,297,0.0028,0.1366,297,0.0041,NA,NA,NA,NA,NA,NA,0.4648,0.0048,228,0.8552,0.4923,0,0.5116,0,Bayes-M17-med
Lualaba,Lualaba,2,FALSE,0.0028,0.0022,0.0036,0.0028,294,293,294,0.0028,0.1368,293,0.0041,NA,NA,NA,NA,NA,NA,0.1404,0.0015,406,0.3552,0.0347,0,0.1718,0,Bayes-M17-med
Pangi,Maniema,2,FALSE,0.0028,0.0022,0.0036,0.0028,296,292,297,0.0028,0.1366,296,0.0041,NA,NA,NA,NA,NA,NA,0.3316,0.0034,299,0.6081,0.056,0,0.6622,0,Bayes-M17-med
Lusambo,Sankuru,2,FALSE,0.0028,0.0022,0.0036,0.0028,295,293,295,0.0028,0.1368,295,0.0041,NA,NA,NA,NA,NA,NA,0.4833,0.005,220,0.6815,0.2992,0,0.9527,0,Bayes-M17-med
Boto,Sud-Ubangi,2,FALSE,0.0028,0.0021,0.0036,0.0028,298,298,299,0.0028,0.1348,298,0.004,NA,NA,NA,NA,NA,NA,0.3596,0.0037,287,0.3282,0.5174,0,0.5927,0,Bayes-M17-med
Budjala,Sud-Ubangi,2,FALSE,0.0028,0.0022,0.0036,0.0028,293,292,297,0.0028,0.1368,294,0.0041,NA,NA,NA,NA,NA,NA,0.43,0.0045,242,0.5154,0.4035,0,0.8012,0,Bayes-M17-med
Ndage,Sud-Ubangi,2,FALSE,0.0028,0.0022,0.0036,0.0028,291,291,296,0.0028,0.1371,291,0.0041,NA,NA,NA,NA,NA,NA,0.3533,0.0037,288,0.3996,0.2761,0,0.7375,0,Bayes-M17-med
Ndjoko Mpunda,Kasaï,2,FALSE,0.0027,0.002,0.0034,0.0026,307,305,307,0.0027,0.1288,307,0.0038,NA,NA,NA,NA,NA,NA,0.333,0.0033,306,0.3977,0.2915,0,0.6429,0,Bayes-M17-med
Bandundu,Kwilu,2,FALSE,0.0027,0.0021,0.0035,0.0027,302,300,302,0.0027,0.1311,302,0.0039,NA,NA,NA,NA,NA,NA,0.3364,0.0034,304,0.3436,0.751,0,0.251,0,Bayes-M17-med
Mokala,Kwilu,2,FALSE,0.0027,0.002,0.0034,0.0026,306,305,306,0.0027,0.1288,306,0.0038,NA,NA,NA,NA,NA,NA,0.5118,0.005,221,0.4228,0.6718,0,0.9527,0,Bayes-M17-med
Makota,Lomami,2,FALSE,0.0027,0.0021,0.0034,0.0027,304,302,307,0.0027,0.1296,304,0.0039,NA,NA,NA,NA,NA,NA,0.2587,0.0025,344,0.1023,0.3764,0,0.556,0,Bayes-M17-med
Loko,Nord-Ubangi,2,FALSE,0.0027,0.0021,0.0035,0.0027,301,301,303,0.0027,0.1311,301,0.0039,NA,NA,NA,NA,NA,NA,0.6535,0.0065,186,0.9402,0.9266,0,0.7471,0,Bayes-M17-med
Kole,Sankuru,2,FALSE,0.0027,0.0021,0.0034,0.0027,303,303,304,0.0027,0.13,303,0.0039,NA,NA,NA,NA,NA,NA,0.4802,0.0047,230,0.7761,0.2606,0,0.8842,0,Bayes-M17-med
Bokonzi,Sud-Ubangi,2,FALSE,0.0027,0.0021,0.0035,0.0027,300,300,301,0.0027,0.1319,300,0.0039,NA,NA,NA,NA,NA,NA,0.236,0.0024,361,0.4305,0.083,0,0.4305,0,Bayes-M17-med
Bulu,Sud-Ubangi,2,FALSE,0.0027,0.002,0.0034,0.0026,305,304,307,0.0027,0.129,305,0.0038,NA,NA,NA,NA,NA,NA,0.3147,0.0031,316,0.3649,0.1988,0,0.695,0,Bayes-M17-med
Pweto,Haut-Katanga,2,FALSE,0.0026,0.002,0.0033,0.0026,308,308,309,0.0026,0.1249,308,0.0037,NA,NA,NA,NA,NA,NA,0.3518,0.0033,305,0.7992,0.2587,0,0.3494,0,Bayes-M17-med
Muetshi,Kasaï-Central,2,FALSE,0.0026,0.002,0.0033,0.0025,310,310,310,0.0026,0.1232,310,0.0037,NA,NA,NA,NA,NA,NA,0.4792,0.0045,239,0.6158,0.5386,0,0.7625,0,Bayes-M17-med
Bena Dibele,Sankuru,2,FALSE,0.0026,0.002,0.0033,0.0026,309,308,309,0.0026,0.1248,309,0.0037,NA,NA,NA,NA,NA,NA,0.4093,0.0039,270,0.6216,0.1564,0,0.8591,0,Bayes-M17-med
Kinkondja,Haut-Lomami,2,FALSE,0.0025,0.0019,0.0031,0.0024,317,316,317,0.0025,0.1189,317,0.0035,NA,NA,NA,NA,NA,NA,0.4889,0.0044,244,0.7278,0.6274,0,0.6004,0,Bayes-M17-med
Kakenge,Kasaï,2,FALSE,0.0025,0.0019,0.0032,0.0025,311,311,312,0.0025,0.1222,311,0.0036,NA,NA,NA,NA,NA,NA,0.4522,0.0042,254,0.5753,0.4788,0,0.7548,0,Bayes-M17-med
Mikope,Kasaï,2,FALSE,0.0025,0.0019,0.0032,0.0025,314,313,314,0.0025,0.1206,314,0.0036,NA,NA,NA,NA,NA,NA,0.3996,0.0037,289,0.6776,0.2703,0,0.6506,0,Bayes-M17-med
Kimpese,Kongo-Central,2,FALSE,0.0025,0.0019,0.0032,0.0025,313,312,313,0.0025,0.121,313,0.0036,NA,NA,NA,NA,NA,NA,0.4947,0.0046,238,0.7896,0.9768,0,0.2124,0,Bayes-M17-med
Boso Mondanda,Mongala,2,FALSE,0.0025,0.0019,0.0032,0.0025,315,314,316,0.0025,0.1199,315,0.0036,NA,NA,NA,NA,NA,NA,0.3716,0.0034,301,0.5869,0.1486,0,0.751,0,Bayes-M17-med
Businga,Nord-Ubangi,2,FALSE,0.0025,0.0019,0.0032,0.0024,316,315,319,0.0025,0.1191,316,0.0035,NA,NA,NA,NA,NA,NA,0.6781,0.0061,196,0.9286,0.861,0,0.9228,0,Bayes-M17-med
Wasolo,Nord-Ubangi,2,FALSE,0.0025,0.0019,0.0032,0.0025,312,311,315,0.0025,0.1213,312,0.0036,NA,NA,NA,NA,NA,NA,0.5709,0.0053,210,0.5541,0.7413,0,0.9884,0,Bayes-M17-med
Katoka,Kasaï-Central,2,FALSE,0.0024,0.0019,0.0031,0.0024,321,317,321,0.0024,0.1169,321,0.0035,NA,NA,NA,NA,NA,NA,0.2645,0.0024,362,0.1216,0.473,0,0.4633,0,Bayes-M17-med
Tshikula,Kasaï-Central,2,FALSE,0.0024,0.0019,0.0031,0.0024,319,318,320,0.0024,0.1175,319,0.0035,NA,NA,NA,NA,NA,NA,0.3296,0.0029,320,0.3919,0.3185,0,0.6081,0,Bayes-M17-med
Lukula,Kongo-Central,2,FALSE,0.0024,0.0019,0.0031,0.0024,320,319,320,0.0024,0.1172,320,0.0035,NA,NA,NA,NA,NA,NA,0.3933,0.0035,296,0.529,0.8745,0,0.1699,0,Bayes-M17-med
Boko Kivulu,Kongo-Central,2,FALSE,0.0024,0.0018,0.003,0.0023,323,323,323,0.0024,0.1135,323,0.0034,NA,NA,NA,NA,NA,NA,0.4281,0.0037,285,0.5792,0.9324,0,0.2008,0,Bayes-M17-med
Tunda,Maniema,2,FALSE,0.0024,0.0018,0.003,0.0024,322,322,322,0.0024,0.1146,322,0.0034,NA,NA,NA,NA,NA,NA,0.459,0.004,266,0.8977,0.0541,0,0.8842,0,Bayes-M17-med
Monkoto,Tshuapa,2,FALSE,0.0024,0.0019,0.0031,0.0024,318,318,321,0.0024,0.1175,318,0.0035,NA,NA,NA,NA,NA,NA,0.5598,0.005,222,0.9498,0.4054,0,0.8842,0,Bayes-M17-med
Ingende,Equateur,2,FALSE,0.0023,0.0018,0.003,0.0023,326,325,328,0.0023,0.112,326,0.0033,NA,NA,NA,NA,NA,NA,0.596,0.0051,216,0.9208,0.8571,0,0.6062,0,Bayes-M17-med
Bilomba,Kasaï-Central,2,FALSE,0.0023,0.0017,0.0029,0.0023,330,330,330,0.0023,0.1103,330,0.0033,NA,NA,NA,NA,NA,NA,0.4006,0.0034,303,0.3378,0.4421,0,0.8224,0,Bayes-M17-med
Boma,Kongo-Central,2,FALSE,0.0023,0.0018,0.0029,0.0023,329,329,329,0.0023,0.1106,329,0.0033,NA,NA,NA,NA,NA,NA,0.2901,0.0024,353,0.1467,0.9247,0,0.0888,0,Bayes-M17-med
Mbanza Ngungu,Kongo-Central,2,FALSE,0.0023,0.0018,0.0029,0.0023,328,326,328,0.0023,0.1113,328,0.0033,NA,NA,NA,NA,NA,NA,0.3711,0.0031,314,0.3205,0.9749,0,0.1892,0,Bayes-M17-med
Bagata,Kwilu,2,FALSE,0.0023,0.0018,0.0029,0.0023,327,327,327,0.0023,0.1115,327,0.0033,NA,NA,NA,NA,NA,NA,0.5135,0.0044,247,0.6795,0.695,0,0.6795,0,Bayes-M17-med
Pay Kongila,Kwilu,2,FALSE,0.0023,0.0018,0.003,0.0023,325,325,326,0.0023,0.1121,325,0.0033,NA,NA,NA,NA,NA,NA,0.4488,0.0038,274,0.5135,0.6467,0,0.6351,0,Bayes-M17-med
Kapanga,Lualaba,2,FALSE,0.0023,0.0018,0.003,0.0023,324,324,324,0.0023,0.1132,324,0.0034,NA,NA,NA,NA,NA,NA,0.4112,0.0035,294,0.8514,0.3938,0,0.3996,0,Bayes-M17-med
Inongo,Mai-Ndombe,2,FALSE,0.0023,0.0017,0.0029,0.0022,331,331,332,0.0023,0.1091,331,0.0032,NA,NA,NA,NA,NA,NA,0.4952,0.0041,258,0.7645,0.2934,0,0.9228,0,Bayes-M17-med
Likasi,Haut-Katanga,2,FALSE,0.0022,0.0017,0.0028,0.0022,332,331,333,0.0022,0.108,332,0.0032,NA,NA,NA,NA,NA,NA,0.1728,0.0014,409,0.112,0.4208,0,0.1583,0,Bayes-M17-med
Dekese,Kasaï,2,FALSE,0.0022,0.0017,0.0028,0.0022,334,334,335,0.0022,0.1062,334,0.0032,NA,NA,NA,NA,NA,NA,0.4633,0.0037,281,0.9189,0.2181,0,0.7162,0,Bayes-M17-med
Panzi,Kwango,2,FALSE,0.0022,0.0017,0.0028,0.0022,333,332,333,0.0022,0.1076,333,0.0032,NA,NA,NA,NA,NA,NA,0.5236,0.0043,251,0.7548,0.583,0,0.7568,0,Bayes-M17-med
Boko,Kwango,2,FALSE,0.0022,0.0017,0.0028,0.0022,337,336,337,0.0022,0.1052,337,0.0031,NA,NA,NA,NA,NA,NA,0.5121,0.0041,259,0.7336,0.61,0,0.7046,0,Bayes-M17-med
Feshi,Kwango,2,FALSE,0.0022,0.0017,0.0028,0.0021,338,338,338,0.0022,0.1047,338,0.0031,NA,NA,NA,NA,NA,NA,0.5082,0.004,262,0.7317,0.5425,0,0.7587,0,Bayes-M17-med
Kimputu,Kwilu,2,FALSE,0.0022,0.0017,0.0028,0.0022,336,335,337,0.0022,0.1053,336,0.0031,NA,NA,NA,NA,NA,NA,0.5039,0.004,264,0.4923,0.639,0,0.8842,0,Bayes-M17-med
Mosango,Kwilu,2,FALSE,0.0022,0.0017,0.0028,0.0022,335,334,336,0.0022,0.1056,335,0.0031,NA,NA,NA,NA,NA,NA,0.515,0.0041,256,0.5463,0.7375,0,0.7761,0,Bayes-M17-med
Sandoa,Lualaba,2,FALSE,0.0022,0.0017,0.0028,0.0021,339,339,339,0.0022,0.1044,339,0.0031,NA,NA,NA,NA,NA,NA,0.5536,0.0044,246,0.9421,0.6815,0,0.5907,0,Bayes-M17-med
Mufunga Sampwe,Haut-Katanga,2,FALSE,0.0021,0.0016,0.0026,0.0021,343,343,343,0.0021,0.1002,343,0.003,NA,NA,NA,NA,NA,NA,0.3774,0.0029,325,0.8185,0.0888,0,0.6023,0,Bayes-M17-med
Kwilu Ngongo,Kongo-Central,2,FALSE,0.0021,0.0016,0.0027,0.0021,340,340,340,0.0021,0.1026,340,0.0031,NA,NA,NA,NA,NA,NA,0.3875,0.003,318,0.4884,0.8668,0,0.195,0,Bayes-M17-med
Kikongo,Kwilu,2,FALSE,0.0021,0.0016,0.0026,0.002,344,344,344,0.0021,0.1,344,0.003,NA,NA,NA,NA,NA,NA,0.5024,0.0038,276,0.6969,0.6023,0,0.7104,0,Bayes-M17-med
Wikong,Lomami,2,FALSE,0.0021,0.0016,0.0027,0.0021,341,341,342,0.0021,0.102,341,0.003,NA,NA,NA,NA,NA,NA,0.3663,0.0028,328,0.2529,0.4228,0,0.7896,0,Bayes-M17-med
Bangabola,Sud-Ubangi,2,FALSE,0.0021,0.0016,0.0027,0.0021,342,341,342,0.0021,0.1014,342,0.003,NA,NA,NA,NA,NA,NA,0.3904,0.003,319,0.3533,0.3494,0,0.8591,0,Bayes-M17-med
Makanza,Equateur,2,FALSE,0.002,0.0015,0.0025,0.002,352,347,352,0.002,0.0962,352,0.0029,NA,NA,NA,NA,NA,NA,0.639,0.0047,236,0.9537,0.7954,0,0.8069,0,Bayes-M17-med
Kasenga,Haut-Katanga,2,FALSE,0.002,0.0015,0.0026,0.002,351,350,352,0.002,0.0965,351,0.0029,NA,NA,NA,NA,NA,NA,0.3953,0.0029,322,0.8166,0.6255,0,0.139,0,Bayes-M17-med
Lwamba,Haut-Lomami,2,FALSE,0.002,0.0015,0.0026,0.002,346,346,347,0.002,0.0972,346,0.0029,NA,NA,NA,NA,NA,NA,0.4865,0.0036,292,0.8069,0.6409,0,0.4981,0,Bayes-M17-med
Songa,Haut-Lomami,2,FALSE,0.002,0.0015,0.0025,0.0019,354,354,354,0.002,0.0947,354,0.0028,NA,NA,NA,NA,NA,NA,0.473,0.0034,300,0.9344,0.3533,0,0.6042,0,Bayes-M17-med
Kitangwa,Kasaï,2,FALSE,0.002,0.0015,0.0026,0.002,349,348,350,0.002,0.0966,350,0.0029,NA,NA,NA,NA,NA,NA,0.3287,0.0024,356,0.6332,0.1062,0,0.5753,0,Bayes-M17-med
Lubunga (Kasaï-Central),Kasaï-Central,2,FALSE,0.002,0.0015,0.0026,0.002,350,349,350,0.002,0.0966,349,0.0029,NA,NA,NA,NA,NA,NA,0.4599,0.0034,302,0.5637,0.4653,0,0.8108,0,Bayes-M17-med
Dilolo,Lualaba,2,FALSE,0.002,0.0015,0.0026,0.002,348,347,350,0.002,0.0968,348,0.0029,NA,NA,NA,NA,NA,NA,0.3663,0.0027,336,0.8398,0.6197,0,0.0058,0,Bayes-M17-med
Kanzenze,Lualaba,2,FALSE,0.002,0.0015,0.0025,0.0019,353,353,353,0.002,0.095,353,0.0028,NA,NA,NA,NA,NA,NA,0.2389,0.0017,396,0.6255,0.1429,0,0.1873,0,Bayes-M17-med
Djalo Ndjeka,Sankuru,2,FALSE,0.002,0.0015,0.0026,0.002,345,345,347,0.002,0.0974,345,0.0029,NA,NA,NA,NA,NA,NA,0.3378,0.0025,350,0.3591,0.0695,0,0.9228,0,Bayes-M17-med
Mawuya,Sud-Ubangi,2,FALSE,0.002,0.0015,0.0026,0.002,347,345,352,0.002,0.097,347,0.0029,NA,NA,NA,NA,NA,NA,0.2654,0.002,387,0.444,0.2394,0,0.3784,0,Bayes-M17-med
Wangata,Equateur,2,FALSE,0.0019,0.0014,0.0024,0.0019,360,359,361,0.0019,0.091,360,0.0027,NA,NA,NA,NA,NA,NA,0.417,0.0029,323,0.2336,0.9865,0,0.4479,0,Bayes-M17-med
Mushenge,Kasaï,2,FALSE,0.0019,0.0015,0.0024,0.0019,357,355,357,0.0019,0.0929,357,0.0028,NA,NA,NA,NA,NA,NA,0.3229,0.0023,369,0.5946,0.0656,0,0.6313,0,Bayes-M17-med
Mutena,Kasaï,2,FALSE,0.0019,0.0014,0.0024,0.0018,363,363,363,0.0019,0.0893,363,0.0027,NA,NA,NA,NA,NA,NA,0.2336,0.0016,401,0.334,0.0753,0,0.5251,0,Bayes-M17-med
Lubondaie,Kasaï-Central,2,FALSE,0.0019,0.0015,0.0024,0.0019,358,358,358,0.0019,0.0924,358,0.0028,NA,NA,NA,NA,NA,NA,0.3147,0.0022,373,0.3822,0.1583,0,0.7181,0,Bayes-M17-med
Seke Banza,Kongo-Central,2,FALSE,0.0019,0.0014,0.0024,0.0018,362,362,362,0.0019,0.0896,362,0.0027,NA,NA,NA,NA,NA,NA,0.4513,0.0031,317,0.6351,0.9498,0,0.2201,0,Bayes-M17-med
Kahemba,Kwango,2,FALSE,0.0019,0.0015,0.0025,0.0019,356,356,357,0.0019,0.0929,356,0.0028,NA,NA,NA,NA,NA,NA,0.5367,0.0038,277,0.8958,0.7278,0,0.5232,0,Bayes-M17-med
Mungindu,Kwilu,2,FALSE,0.0019,0.0015,0.0025,0.0019,355,355,356,0.0019,0.0932,355,0.0028,NA,NA,NA,NA,NA,NA,0.3818,0.0027,335,0.4691,0.5367,0,0.5212,0,Bayes-M17-med
Kamiji,Lomami,2,FALSE,0.0019,0.0014,0.0024,0.0018,361,360,361,0.0019,0.09,361,0.0027,NA,NA,NA,NA,NA,NA,0.2635,0.0018,393,0.3398,0.1293,0,0.5849,0,Bayes-M17-med
Bominenge,Sud-Ubangi,2,FALSE,0.0019,0.0014,0.0024,0.0019,359,359,360,0.0019,0.0914,359,0.0027,NA,NA,NA,NA,NA,NA,0.3258,0.0023,371,0.2819,0.0985,0,0.9228,0,Bayes-M17-med
Bikoro,Equateur,2,FALSE,0.0018,0.0014,0.0023,0.0018,364,364,365,0.0018,0.088,364,0.0026,NA,NA,NA,NA,NA,NA,0.5951,0.004,267,0.8127,0.8147,0,0.7529,0,Bayes-M17-med
Massa,Kongo-Central,2,FALSE,0.0018,0.0014,0.0023,0.0018,368,367,368,0.0018,0.0855,368,0.0025,NA,NA,NA,NA,NA,NA,0.4223,0.0027,332,0.668,0.9208,0,0.1004,0,Bayes-M17-med
Kimbao,Kwango,2,FALSE,0.0018,0.0014,0.0023,0.0018,367,366,367,0.0018,0.0858,367,0.0026,NA,NA,NA,NA,NA,NA,0.5743,0.0037,279,0.7201,0.7181,0,0.8591,0,Bayes-M17-med
Popokabaka,Kwango,2,FALSE,0.0018,0.0014,0.0023,0.0018,365,364,365,0.0018,0.0874,365,0.0026,NA,NA,NA,NA,NA,NA,0.5507,0.0037,290,0.7703,0.7876,0,0.6448,0,Bayes-M17-med
Bongandanga,Mongala,2,FALSE,0.0018,0.0013,0.0022,0.0017,369,369,369,0.0018,0.0847,369,0.0025,NA,NA,NA,NA,NA,NA,0.4228,0.0027,334,0.7587,0.0097,0,0.9228,0,Bayes-M17-med
Busanga,Tshuapa,2,FALSE,0.0018,0.0014,0.0023,0.0018,366,366,368,0.0018,0.0862,366,0.0026,NA,NA,NA,NA,NA,NA,0.4452,0.0029,321,0.6602,0.168,0,0.9527,0,Bayes-M17-med
Mutoto,Kasaï-Central,2,FALSE,0.0017,0.0013,0.0022,0.0017,371,371,371,0.0017,0.0819,371,0.0024,NA,NA,NA,NA,NA,NA,0.3441,0.0021,376,0.4575,0.361,0,0.5579,0,Bayes-M17-med
Kalamba,Lualaba,2,FALSE,0.0017,0.0013,0.0022,0.0017,370,370,370,0.0017,0.082,370,0.0024,NA,NA,NA,NA,NA,NA,0.4542,0.0028,329,0.8803,0.2375,0,0.6988,0,Bayes-M17-med
Nioki,Mai-Ndombe,2,FALSE,0.0017,0.0013,0.0021,0.0016,373,373,374,0.0017,0.0805,373,0.0024,NA,NA,NA,NA,NA,NA,0.389,0.0024,358,0.61,0.3958,0,0.5502,0,Bayes-M17-med
Pania Mutombo,Sankuru,2,FALSE,0.0017,0.0013,0.0021,0.0017,372,372,372,0.0017,0.0812,372,0.0024,NA,NA,NA,NA,NA,NA,0.4117,0.0025,346,0.7413,0.1236,0,0.7819,0,Bayes-M17-med
Wema,Tshuapa,2,FALSE,0.0017,0.0013,0.0021,0.0016,374,373,374,0.0017,0.0804,374,0.0024,NA,NA,NA,NA,NA,NA,0.4469,0.0027,333,0.8494,0.1332,0,0.805,0,Bayes-M17-med
Kafubu,Haut-Katanga,2,FALSE,0.0016,0.0012,0.002,0.0016,381,380,381,0.0016,0.0765,381,0.0023,NA,NA,NA,NA,NA,NA,0.2104,0.0012,420,0.6042,0.0869,0,0.1506,0,Bayes-M17-med
Kayamba,Haut-Lomami,2,FALSE,0.0016,0.0012,0.002,0.0016,379,379,379,0.0016,0.077,379,0.0023,NA,NA,NA,NA,NA,NA,0.4276,0.0025,348,0.7027,0.4189,0,0.5888,0,Bayes-M17-med
Bunkonde,Kasaï-Central,2,FALSE,0.0016,0.0013,0.0021,0.0016,375,375,375,0.0016,0.0789,375,0.0023,NA,NA,NA,NA,NA,NA,0.3523,0.0021,378,0.4015,0.278,0,0.7297,0,Bayes-M17-med
Ndesha,Kasaï-Central,2,FALSE,0.0016,0.0012,0.002,0.0016,380,380,381,0.0016,0.0765,380,0.0023,NA,NA,NA,NA,NA,NA,0.2317,0.0013,412,0.1448,0.3456,0,0.4363,0,Bayes-M17-med
Nsona Mpangu,Kongo-Central,2,FALSE,0.0016,0.0012,0.0021,0.0016,377,376,377,0.0016,0.0778,377,0.0023,NA,NA,NA,NA,NA,NA,0.4165,0.0025,352,0.722,0.7645,0,0.1795,0,Bayes-M17-med
Wamba Lwadi,Kwango,2,FALSE,0.0016,0.0012,0.0021,0.0016,376,376,377,0.0016,0.0779,376,0.0023,NA,NA,NA,NA,NA,NA,0.5492,0.0033,308,0.6467,0.8185,0,0.7317,0,Bayes-M17-med
Sia,Kwilu,2,FALSE,0.0016,0.0012,0.002,0.0016,378,378,378,0.0016,0.0772,378,0.0023,NA,NA,NA,NA,NA,NA,0.3986,0.0023,364,0.4151,0.3822,0,0.7973,0,Bayes-M17-med
Djombo,Equateur,2,FALSE,0.0015,0.0011,0.0019,0.0015,388,388,391,0.0015,0.0709,388,0.0021,NA,NA,NA,NA,NA,NA,0.6554,0.0035,295,0.917,0.7819,0,0.9228,0,Bayes-M17-med
Kikula,Haut-Katanga,2,FALSE,0.0015,0.0011,0.0019,0.0015,387,384,387,0.0015,0.072,387,0.0021,NA,NA,NA,NA,NA,NA,0.0951,5e-4,445,0.1062,0.1139,0,0.1602,0,Bayes-M17-med
Mitwaba,Haut-Katanga,2,FALSE,0.0015,0.0011,0.0019,0.0014,390,388,390,0.0015,0.0707,390,0.0021,NA,NA,NA,NA,NA,NA,0.3528,0.0019,388,0.8012,0.0618,0,0.5483,0,Bayes-M17-med
Bulape,Kasaï,2,FALSE,0.0015,0.0011,0.0019,0.0015,386,385,386,0.0015,0.0722,385,0.0022,NA,NA,NA,NA,NA,NA,0.4315,0.0024,360,0.7066,0.1853,0,0.834,0,Bayes-M17-med
Nyanga,Kasaï,2,FALSE,0.0015,0.0012,0.002,0.0015,382,382,382,0.0015,0.0744,382,0.0022,NA,NA,NA,NA,NA,NA,0.348,0.002,386,0.4402,0.3803,0,0.5714,0,Bayes-M17-med
Bena Tshadi,Kasaï-Central,2,FALSE,0.0015,0.0011,0.0019,0.0015,389,388,389,0.0015,0.0708,389,0.0021,NA,NA,NA,NA,NA,NA,0.472,0.0025,345,0.6699,0.3784,0,0.8398,0,Bayes-M17-med
Kasongo Lunda,Kwango,2,FALSE,0.0015,0.0011,0.0019,0.0014,391,390,391,0.0015,0.0703,391,0.0021,NA,NA,NA,NA,NA,NA,0.3441,0.0018,390,0.6274,0.5946,0,0.1544,0,Bayes-M17-med
Kingandu,Kwilu,2,FALSE,0.0015,0.0012,0.002,0.0015,383,383,383,0.0015,0.0737,383,0.0022,NA,NA,NA,NA,NA,NA,0.4923,0.0028,331,0.7162,0.6583,0,0.5946,0,Bayes-M17-med
Oshwe,Mai-Ndombe,2,FALSE,0.0015,0.0012,0.0019,0.0015,384,384,385,0.0015,0.0728,384,0.0022,NA,NA,NA,NA,NA,NA,0.4855,0.0027,337,0.8764,0.3301,0,0.7355,0,Bayes-M17-med
Zongo,Sud-Ubangi,2,FALSE,0.0015,0.0011,0.0019,0.0015,386,385,387,0.0015,0.072,386,0.0021,NA,NA,NA,NA,NA,NA,0.2418,0.0013,414,0.278,0.4131,0,0.2761,0,Bayes-M17-med
Iboko,Equateur,2,FALSE,0.0014,0.0011,0.0018,0.0014,396,396,398,0.0014,0.0677,396,0.002,NA,NA,NA,NA,NA,NA,0.612,0.0032,312,0.8282,0.7915,0,0.8282,0,Bayes-M17-med
Panda,Haut-Katanga,2,FALSE,0.0014,0.001,0.0017,0.0013,401,401,403,0.0014,0.0654,401,0.0019,NA,NA,NA,NA,NA,NA,0.2027,0.001,429,0.1622,0.4826,0,0.166,0,Bayes-M17-med
Lukafu,Haut-Katanga,2,FALSE,0.0014,0.0011,0.0018,0.0014,400,399,400,0.0014,0.0669,400,0.002,NA,NA,NA,NA,NA,NA,0.4015,0.002,382,0.888,0.3243,0,0.3938,0,Bayes-M17-med
Kalomba,Kasaï-Central,2,FALSE,0.0014,0.0011,0.0018,0.0014,394,394,394,0.0014,0.0688,394,0.002,NA,NA,NA,NA,NA,NA,0.2944,0.0015,402,0.3166,0.1467,0,0.7143,0,Bayes-M17-med
Kangu,Kongo-Central,2,FALSE,0.0014,0.0011,0.0018,0.0014,392,392,392,0.0015,0.0699,392,0.0021,NA,NA,NA,NA,NA,NA,0.3528,0.0019,389,0.3803,0.8822,0,0.1486,0,Bayes-M17-med
Ngidinga,Kongo-Central,2,FALSE,0.0014,0.0011,0.0018,0.0014,399,397,399,0.0014,0.0673,399,0.002,NA,NA,NA,NA,NA,NA,0.4488,0.0023,367,0.6544,0.7432,0,0.3977,0,Bayes-M17-med
Moanza,Kwilu,2,FALSE,0.0014,0.001,0.0017,0.0013,402,401,402,0.0014,0.0653,402,0.0019,NA,NA,NA,NA,NA,NA,0.52,0.0026,341,0.5985,0.529,0,0.9527,0,Bayes-M17-med
Kafakumba,Lualaba,2,FALSE,0.0014,0.0011,0.0018,0.0014,397,395,398,0.0014,0.0676,397,0.002,NA,NA,NA,NA,NA,NA,0.4648,0.0024,357,0.8687,0.2027,0,0.7876,0,Bayes-M17-med
Kwamouth,Mai-Ndombe,2,FALSE,0.0014,0.0011,0.0018,0.0014,393,393,393,0.0014,0.0694,393,0.0021,NA,NA,NA,NA,NA,NA,0.43,0.0023,370,0.8707,0.417,0,0.4324,0,Bayes-M17-med
Mushie,Mai-Ndombe,2,FALSE,0.0014,0.0011,0.0018,0.0014,395,395,396,0.0014,0.0679,395,0.002,NA,NA,NA,NA,NA,NA,0.4291,0.0022,372,0.7394,0.3649,0,0.612,0,Bayes-M17-med
Tshudi Loto,Sankuru,2,FALSE,0.0014,0.0011,0.0018,0.0014,398,397,400,0.0014,0.0674,398,0.002,NA,NA,NA,NA,NA,NA,0.4237,0.0022,374,0.7683,0.0039,0,0.9228,0,Bayes-M17-med
Lotumbe,Equateur,2,FALSE,0.0013,0.001,0.0017,0.0013,403,401,404,0.0013,0.065,403,0.0019,NA,NA,NA,NA,NA,NA,0.5816,0.0029,324,0.9691,0.7085,0,0.6486,0,Bayes-M17-med
Kenya,Haut-Katanga,2,FALSE,0.0013,0.001,0.0017,0.0013,408,405,408,0.0013,0.0634,408,0.0019,NA,NA,NA,NA,NA,NA,0.0569,3e-4,451,0.11,0.0116,0,0.1062,0,Bayes-M17-med
Inga,Kongo-Central,2,FALSE,0.0013,0.001,0.0017,0.0013,410,409,410,0.0013,0.0627,410,0.0019,NA,NA,NA,NA,NA,NA,0.3847,0.0018,391,0.5212,0.8243,0,0.1931,0,Bayes-M17-med
Gombe Matadi,Kongo-Central,2,FALSE,0.0013,0.001,0.0017,0.0013,407,406,407,0.0013,0.0636,406,0.0019,NA,NA,NA,NA,NA,NA,0.4151,0.002,383,0.6911,0.7857,0,0.1834,0,Bayes-M17-med
Lubudi,Lualaba,2,FALSE,0.0013,0.001,0.0017,0.0013,405,403,405,0.0013,0.0643,405,0.0019,NA,NA,NA,NA,NA,NA,0.4667,0.0023,368,0.9151,0.4614,0,0.4903,0,Bayes-M17-med
Banzow Moke,Mai-Ndombe,2,FALSE,0.0013,0.001,0.0017,0.0013,407,406,408,0.0013,0.0635,407,0.0019,NA,NA,NA,NA,NA,NA,0.5236,0.0025,347,0.6892,0.5212,0,0.8842,0,Bayes-M17-med
Kiri,Mai-Ndombe,2,FALSE,0.0013,0.001,0.0017,0.0013,404,404,406,0.0013,0.0643,404,0.0019,NA,NA,NA,NA,NA,NA,0.5685,0.0028,330,0.8745,0.4768,0,0.9228,0,Bayes-M17-med
Mbaya,Sud-Ubangi,2,FALSE,0.0013,0.001,0.0017,0.0013,409,409,410,0.0013,0.0628,409,0.0019,NA,NA,NA,NA,NA,NA,0.3142,0.0015,404,0.3514,0.2239,0,0.6815,0,Bayes-M17-med
Lukolela,Equateur,2,FALSE,0.0012,9e-4,0.0015,0.0012,417,416,417,0.0012,0.0569,417,0.0017,NA,NA,NA,NA,NA,NA,0.5787,0.0025,349,0.944,0.9151,0,0.4556,0,Bayes-M17-med
Luozi,Kongo-Central,2,FALSE,0.0012,9e-4,0.0016,0.0012,414,412,414,0.0012,0.0586,414,0.0017,NA,NA,NA,NA,NA,NA,0.5241,0.0023,365,0.7355,0.8861,0,0.4749,0,Bayes-M17-med
Kisanji,Kwango,2,FALSE,0.0012,9e-4,0.0015,0.0012,416,416,417,0.0012,0.0572,416,0.0017,NA,NA,NA,NA,NA,NA,0.5574,0.0024,354,0.8417,0.6544,0,0.7336,0,Bayes-M17-med
Ntandembelo,Mai-Ndombe,2,FALSE,0.0012,9e-4,0.0016,0.0012,412,412,413,0.0012,0.0588,412,0.0018,NA,NA,NA,NA,NA,NA,0.4595,0.0021,381,0.6023,0.4633,0,0.7722,0,Bayes-M17-med
Yumbi,Mai-Ndombe,2,FALSE,0.0012,9e-4,0.0016,0.0012,413,413,414,0.0012,0.0587,413,0.0017,NA,NA,NA,NA,NA,NA,0.2741,0.0012,419,0.4131,0.4015,0,0.2819,0,Bayes-M17-med
Bolobo,Mai-Ndombe,2,FALSE,0.0012,9e-4,0.0015,0.0012,415,415,415,0.0012,0.0582,415,0.0017,NA,NA,NA,NA,NA,NA,0.3388,0.0015,405,0.6313,0.4981,0,0.2259,0,Bayes-M17-med
Bosobe,Mai-Ndombe,2,FALSE,0.0012,9e-4,0.0016,0.0012,411,411,411,0.0012,0.0591,411,0.0018,NA,NA,NA,NA,NA,NA,0.4406,0.002,384,0.4942,0.4093,0,0.8591,0,Bayes-M17-med
Monieka,Equateur,2,FALSE,0.0011,8e-4,0.0014,0.0011,420,420,420,0.0011,0.0534,420,0.0016,NA,NA,NA,NA,NA,NA,0.596,0.0024,355,0.9768,0.7336,0,0.6737,0,Bayes-M17-med
Butumba,Haut-Lomami,2,FALSE,0.0011,8e-4,0.0014,0.0011,421,421,421,0.0011,0.0525,421,0.0016,NA,NA,NA,NA,NA,NA,0.4595,0.0018,392,0.7973,0.4151,0,0.6255,0,Bayes-M17-med
Banga Lubaka,Kasaï,2,FALSE,0.0011,9e-4,0.0014,0.0011,418,418,418,0.0011,0.0546,418,0.0016,NA,NA,NA,NA,NA,NA,0.3205,0.0013,413,0.5174,0.0444,0,0.7201,0,Bayes-M17-med
Nzanza,Kongo-Central,2,FALSE,0.0011,8e-4,0.0014,0.0011,422,422,423,0.0011,0.0519,422,0.0015,NA,NA,NA,NA,NA,NA,0.2172,9e-4,438,0.0888,0.6892,0,0.0907,0,Bayes-M17-med
Kimvula,Kongo-Central,2,FALSE,0.0011,9e-4,0.0014,0.0011,419,419,419,0.0011,0.0542,419,0.0016,NA,NA,NA,NA,NA,NA,0.569,0.0023,363,0.8629,0.8784,0,0.5347,0,Bayes-M17-med
Mwela Lembwa,Kwango,2,FALSE,0.0011,8e-4,0.0013,0.001,424,424,424,0.0011,0.0508,424,0.0015,NA,NA,NA,NA,NA,NA,0.4397,0.0017,397,0.6506,0.3224,0,0.7857,0,Bayes-M17-med
Pendjwa,Mai-Ndombe,2,FALSE,0.0011,8e-4,0.0014,0.0011,423,422,423,0.0011,0.0515,423,0.0015,NA,NA,NA,NA,NA,NA,0.4319,0.0017,398,0.7008,0.2124,0,0.8147,0,Bayes-M17-med
Bomongo,Equateur,2,FALSE,0.001,7e-4,0.0013,0.001,426,426,426,0.001,0.0473,426,0.0014,NA,NA,NA,NA,NA,NA,0.5907,0.0021,377,0.9788,0.8475,0,0.5367,0,Bayes-M17-med
Kizu,Kongo-Central,2,FALSE,0.001,7e-4,0.0012,0.001,427,427,427,0.001,0.0465,427,0.0014,NA,NA,NA,NA,NA,NA,0.3113,0.0011,426,0.2973,0.8707,0,0.0772,0,Bayes-M17-med
Kimpangu,Kongo-Central,2,FALSE,0.001,8e-4,0.0013,0.001,425,425,425,0.001,0.0486,425,0.0014,NA,NA,NA,NA,NA,NA,0.4488,0.0017,399,0.7085,0.9344,0,0.1525,0,Bayes-M17-med
Katuba,Haut-Katanga,2,FALSE,9e-4,7e-4,0.0011,9e-4,434,434,436,9e-4,0.0419,434,0.0012,NA,NA,NA,NA,NA,NA,0.0463,1e-4,455,0.0502,0.0309,0,0.1042,0,Bayes-M17-med
Baka,Haut-Lomami,2,FALSE,9e-4,7e-4,0.0011,9e-4,433,432,435,9e-4,0.0423,433,0.0013,NA,NA,NA,NA,NA,NA,0.4319,0.0014,410,0.4344,0.8919,0,0.4015,0,Bayes-M17-med
Kinda,Haut-Lomami,2,FALSE,9e-4,7e-4,0.0011,9e-4,435,434,435,9e-4,0.0418,435,0.0012,NA,NA,NA,NA,NA,NA,0.5077,0.0016,400,0.9884,0.4266,0,0.6158,0,Bayes-M17-med
Kuimba,Kongo-Central,2,FALSE,9e-4,7e-4,0.0011,9e-4,436,433,436,9e-4,0.0418,436,0.0012,NA,NA,NA,NA,NA,NA,0.3069,0.001,432,0.3784,0.8456,0,0.0039,0,Bayes-M17-med
Tshela,Kongo-Central,2,FALSE,9e-4,7e-4,0.0012,9e-4,430,430,430,9e-4,0.044,430,0.0013,NA,NA,NA,NA,NA,NA,0.3282,0.0011,427,0.417,0.888,0,0.0077,0,Bayes-M17-med
Mangembo,Kongo-Central,2,FALSE,9e-4,7e-4,0.0012,9e-4,428,428,429,9e-4,0.0442,428,0.0013,NA,NA,NA,NA,NA,NA,0.3726,0.0013,417,0.5598,0.6641,0,0.2664,0,Bayes-M17-med
Nselo,Kongo-Central,2,FALSE,9e-4,7e-4,0.0011,9e-4,432,432,433,9e-4,0.0432,432,0.0013,NA,NA,NA,NA,NA,NA,0.374,0.0012,418,0.6564,0.5347,0,0.305,0,Bayes-M17-med
Kajiji,Kwango,2,FALSE,9e-4,7e-4,0.0012,9e-4,431,431,431,9e-4,0.0436,431,0.0013,NA,NA,NA,NA,NA,NA,0.3533,0.0012,423,0.7934,0.1544,0,0.4653,0,Bayes-M17-med
Kitenda,Kwango,2,FALSE,9e-4,7e-4,0.0012,9e-4,429,428,429,9e-4,0.0442,429,0.0013,NA,NA,NA,NA,NA,NA,0.376,0.0013,416,0.6641,0.4247,0,0.4151,0,Bayes-M17-med
Kashobwe,Haut-Katanga,2,FALSE,8e-4,6e-4,0.001,8e-4,439,439,439,8e-4,0.0381,439,0.0011,NA,NA,NA,NA,NA,NA,0.3243,9e-4,434,0.805,0.3012,0,0.1911,0,Bayes-M17-med
Boma Bungu,Kongo-Central,2,FALSE,8e-4,6e-4,0.001,8e-4,438,438,438,8e-4,0.0395,438,0.0012,NA,NA,NA,NA,NA,NA,0.3209,0.001,433,0.5811,0.5676,0,0.1351,0,Bayes-M17-med
Kinkonzi,Kongo-Central,2,FALSE,8e-4,6e-4,0.0011,8e-4,437,437,437,8e-4,0.0397,437,0.0012,NA,NA,NA,NA,NA,NA,0.4252,0.0013,415,0.6236,0.8958,0,0.1815,0,Bayes-M17-med
Sona Bata,Kongo-Central,2,FALSE,8e-4,6e-4,0.001,8e-4,440,440,440,8e-4,0.037,440,0.0011,NA,NA,NA,NA,NA,NA,0.43,0.0012,422,0.7259,0.7896,0,0.2046,0,Bayes-M17-med
Bolenge,Equateur,2,FALSE,7e-4,5e-4,9e-4,7e-4,444,444,444,7e-4,0.0334,444,0.001,NA,NA,NA,NA,NA,NA,0.5391,0.0014,411,0.7954,0.8514,0,0.5097,0,Bayes-M17-med
Kilela Balanda,Haut-Katanga,2,FALSE,7e-4,6e-4,9e-4,7e-4,442,442,442,7e-4,0.0353,442,0.0011,NA,NA,NA,NA,NA,NA,0.3132,8e-4,439,0.9228,0.0927,0,0.2375,0,Bayes-M17-med
Tembo,Kwango,2,FALSE,7e-4,6e-4,9e-4,7e-4,441,441,441,7e-4,0.0355,441,0.0011,NA,NA,NA,NA,NA,NA,0.3205,9e-4,436,0.7876,0.3977,0,0.0965,0,Bayes-M17-med
Bunkeya,Lualaba,2,FALSE,7e-4,6e-4,9e-4,7e-4,443,443,443,7e-4,0.035,443,0.001,NA,NA,NA,NA,NA,NA,0.4218,0.0011,425,0.8243,0.5019,0,0.361,0,Bayes-M17-med
Bobozo,Kasaï-Central,2,FALSE,6e-4,5e-4,8e-4,6e-4,446,446,446,6e-4,0.029,446,9e-4,NA,NA,NA,NA,NA,NA,0.2336,5e-4,446,0.1602,0.2857,0,0.4884,0,Bayes-M17-med
Vaku,Kongo-Central,2,FALSE,6e-4,5e-4,8e-4,6e-4,445,445,445,6e-4,0.0308,445,9e-4,NA,NA,NA,NA,NA,NA,0.4194,0.001,430,0.5676,0.9421,0,0.168,0,Bayes-M17-med
Mampoko,Equateur,2,FALSE,5e-4,4e-4,6e-4,5e-4,449,449,449,5e-4,0.0227,449,7e-4,NA,NA,NA,NA,NA,NA,0.5135,9e-4,435,0.8919,0.5058,0,0.6564,0,Bayes-M17-med
Vangu,Haut-Katanga,2,FALSE,5e-4,4e-4,7e-4,5e-4,447,447,447,5e-4,0.0254,447,8e-4,NA,NA,NA,NA,NA,NA,0.1081,2e-4,453,0.1158,0.1699,0,0.1467,0,Bayes-M17-med
Kibunzi,Kongo-Central,2,FALSE,5e-4,4e-4,6e-4,5e-4,448,448,448,5e-4,0.0233,448,7e-4,NA,NA,NA,NA,NA,NA,0.4175,7e-4,441,0.7046,0.5251,0,0.4402,0,Bayes-M17-med
Ntondo,Equateur,2,FALSE,4e-4,3e-4,6e-4,4e-4,450,450,450,4e-4,0.0211,450,6e-4,NA,NA,NA,NA,NA,NA,0.6125,0.001,431,0.8996,0.7259,0,0.8243,0,Bayes-M17-med
Mutshatsha,Lualaba,2,FALSE,4e-4,3e-4,5e-4,4e-4,451,451,451,4e-4,0.0189,451,6e-4,NA,NA,NA,NA,NA,NA,0.3808,5e-4,444,0.971,0.1023,0,0.4498,0,Bayes-M17-med
Mimia,Mai-Ndombe,2,FALSE,4e-4,3e-4,5e-4,4e-4,452,452,452,4e-4,0.0185,452,6e-4,NA,NA,NA,NA,NA,NA,0.4841,7e-4,443,0.9614,0.0521,0,0.9228,0,Bayes-M17-med
Lilanga Bobangi,Equateur,2,FALSE,3e-4,2e-4,4e-4,3e-4,453,453,453,3e-4,0.014,453,4e-4,NA,NA,NA,NA,NA,NA,0.4117,4e-4,448,0.9382,0.2664,0,0.4421,0,Bayes-M17-med
Irebu,Equateur,2,FALSE,2e-4,2e-4,3e-4,2e-4,455,454,456,2e-4,0.0102,455,3e-4,NA,NA,NA,NA,NA,NA,0.5473,4e-4,449,0.9305,0.6776,0,0.5811,0,Bayes-M17-med
Kamalondo,Haut-Katanga,2,FALSE,2e-4,2e-4,3e-4,2e-4,456,455,456,2e-4,0.0101,456,3e-4,NA,NA,NA,NA,NA,NA,0.0352,0,457,0.029,0.0019,0,0.11,0,Bayes-M17-med
Kowe,Haut-Katanga,2,FALSE,2e-4,2e-4,3e-4,2e-4,454,454,455,2e-4,0.0102,454,3e-4,NA,NA,NA,NA,NA,NA,0.07,1e-4,456,0.0714,0.0811,0,0.1274,0,Bayes-M17-med
Kitona,Kongo-Central,2,FALSE,2e-4,1e-4,2e-4,2e-4,457,457,457,2e-4,0.0074,457,2e-4,NA,NA,NA,NA,NA,NA,0.293,2e-4,454,0.5907,0.5792,0,0.0019,0,Bayes-M17-med
Bokoro,Mai-Ndombe,2,FALSE,0,0,0,0,458,458,458,0,2e-4,458,0,NA,NA,NA,NA,NA,NA,0.471,0,458,0.6873,0.5097,0,0.6873,0,Bayes-M17-med
Idjwi,Sud-Kivu,2,FALSE,0,0,0,0,459,459,459,0,0,459,0,NA,NA,NA,NA,NA,NA,0.3007,0,459,0.2992,0.8224,0,0.0811,0,Bayes-M17-med
Buta,Bas-Uele,2,TRUE,NA,NA,NA,NA,NA,NA,NA,NA,NA,NA,NA,NA,NA,NA,NA,NA,NA,0.7225,NA,NA,0.9749,0.9923,0,0.9228,0,Bayes-M17-med
Ganga,Bas-Uele,2,TRUE,NA,NA,NA,NA,NA,NA,NA,NA,NA,NA,NA,NA,NA,NA,NA,NA,NA,0.7218,NA,NA,0.9672,0.9556,0,0.9643,0,Bayes-M17-med
Viadana,Bas-Uele,2,TRUE,NA,NA,NA,NA,NA,NA,NA,NA,NA,NA,NA,NA,NA,NA,NA,NA,NA,0.6846,NA,NA,0.9131,0.9788,0,0.8465,0,Bayes-M17-med
Boma Mangbetu,Haut-Uele,2,TRUE,NA,NA,NA,NA,NA,NA,NA,NA,NA,NA,NA,NA,NA,NA,NA,NA,NA,0.4122,NA,NA,0.2857,0.5039,0,0.8591,0,Bayes-M17-med
Gombari,Haut-Uele,2,TRUE,NA,NA,NA,NA,NA,NA,NA,NA,NA,NA,NA,NA,NA,NA,NA,NA,NA,0.5772,NA,NA,0.9633,0.8012,0,0.5444,0,Bayes-M17-med
Isiro,Haut-Uele,2,TRUE,NA,NA,NA,NA,NA,NA,NA,NA,NA,NA,NA,NA,NA,NA,NA,NA,NA,0.5253,NA,NA,0.39,0.7587,0,0.9527,0,Bayes-M17-med
Pawa,Haut-Uele,2,TRUE,NA,NA,NA,NA,NA,NA,NA,NA,NA,NA,NA,NA,NA,NA,NA,NA,NA,0.4315,NA,NA,0.2934,0.5734,0,0.8591,0,Bayes-M17-med
Rungu,Haut-Uele,2,TRUE,NA,NA,NA,NA,NA,NA,NA,NA,NA,NA,NA,NA,NA,NA,NA,NA,NA,0.6474,NA,NA,0.8224,0.8031,0,0.9643,0,Bayes-M17-med
Wamba,Haut-Uele,2,TRUE,NA,NA,NA,NA,NA,NA,NA,NA,NA,NA,NA,NA,NA,NA,NA,NA,NA,0.4817,NA,NA,0.6737,0.4363,0,0.8166,0,Bayes-M17-med
Adja,Ituri,2,TRUE,NA,NA,NA,NA,NA,NA,NA,NA,NA,NA,NA,NA,NA,NA,NA,NA,NA,0.2645,NA,NA,0.249,0.4286,0,0.3803,0,Bayes-M17-med
Ariwara,Ituri,2,TRUE,NA,NA,NA,NA,NA,NA,NA,NA,NA,NA,NA,NA,NA,NA,NA,NA,NA,0.2862,NA,NA,0.1988,0.6988,0,0.2471,0,Bayes-M17-med
Aru,Ituri,2,TRUE,NA,NA,NA,NA,NA,NA,NA,NA,NA,NA,NA,NA,NA,NA,NA,NA,NA,0.3528,NA,NA,0.3012,0.8417,0,0.2683,0,Bayes-M17-med
Aungba,Ituri,2,TRUE,NA,NA,NA,NA,NA,NA,NA,NA,NA,NA,NA,NA,NA,NA,NA,NA,NA,0.3354,NA,NA,0.3108,0.6564,0,0.3745,0,Bayes-M17-med
Kambala,Ituri,2,TRUE,NA,NA,NA,NA,NA,NA,NA,NA,NA,NA,NA,NA,NA,NA,NA,NA,NA,0.347,NA,NA,0.3668,0.612,0,0.4093,0,Bayes-M17-med
Logo,Ituri,2,TRUE,NA,NA,NA,NA,NA,NA,NA,NA,NA,NA,NA,NA,NA,NA,NA,NA,NA,0.2384,NA,NA,0.1757,0.5927,0,0.1853,0,Bayes-M17-med
Mahagi,Ituri,2,TRUE,NA,NA,NA,NA,NA,NA,NA,NA,NA,NA,NA,NA,NA,NA,NA,NA,NA,0.2292,NA,NA,0.1718,0.6004,0,0.1448,0,Bayes-M17-med
Rimba,Ituri,2,TRUE,NA,NA,NA,NA,NA,NA,NA,NA,NA,NA,NA,NA,NA,NA,NA,NA,NA,0.306,NA,NA,0.2008,0.7124,0,0.3108,0,Bayes-M17-med
Bambu,Ituri,2,TRUE,NA,NA,NA,NA,NA,NA,NA,NA,NA,NA,NA,NA,NA,NA,NA,NA,NA,0.2399,NA,NA,0.2046,0.4691,0,0.2857,0,Bayes-M17-med
Boga,Ituri,2,TRUE,NA,NA,NA,NA,NA,NA,NA,NA,NA,NA,NA,NA,NA,NA,NA,NA,NA,0.264,NA,NA,0.3861,0.36870000000000003,0,0.3012,0,Bayes-M17-med
Bunia,Ituri,2,TRUE,NA,NA,NA,NA,NA,NA,NA,NA,NA,NA,NA,NA,NA,NA,NA,NA,NA,0.2326,NA,NA,0.1178,0.5637,0,0.249,0,Bayes-M17-med
Damas,Ituri,2,TRUE,NA,NA,NA,NA,NA,NA,NA,NA,NA,NA,NA,NA,NA,NA,NA,NA,NA,0.3224,NA,NA,0.4479,0.3282,0,0.5135,0,Bayes-M17-med
Drodro,Ituri,2,TRUE,NA,NA,NA,NA,NA,NA,NA,NA,NA,NA,NA,NA,NA,NA,NA,NA,NA,0.2674,NA,NA,0.2066,0.5907,0,0.2722,0,Bayes-M17-med
Fataki,Ituri,2,TRUE,NA,NA,NA,NA,NA,NA,NA,NA,NA,NA,NA,NA,NA,NA,NA,NA,NA,0.3185,NA,NA,0.2259,0.7201,0,0.3282,0,Bayes-M17-med
Gety,Ituri,2,TRUE,NA,NA,NA,NA,NA,NA,NA,NA,NA,NA,NA,NA,NA,NA,NA,NA,NA,0.2592,NA,NA,0.3359,0.2973,0,0.4035,0,Bayes-M17-med
Kilo,Ituri,2,TRUE,NA,NA,NA,NA,NA,NA,NA,NA,NA,NA,NA,NA,NA,NA,NA,NA,NA,0.1448,NA,NA,0.2201,0.0502,0,0.3089,0,Bayes-M17-med
Komanda,Ituri,2,TRUE,NA,NA,NA,NA,NA,NA,NA,NA,NA,NA,NA,NA,NA,NA,NA,NA,NA,0.2341,NA,NA,0.3089,0.1197,0,0.5077,0,Bayes-M17-med
Lita,Ituri,2,TRUE,NA,NA,NA,NA,NA,NA,NA,NA,NA,NA,NA,NA,NA,NA,NA,NA,NA,0.306,NA,NA,0.2761,0.7046,0,0.2432,0,Bayes-M17-med
Lolwa,Ituri,2,TRUE,NA,NA,NA,NA,NA,NA,NA,NA,NA,NA,NA,NA,NA,NA,NA,NA,NA,0.3205,NA,NA,0.6429,0,0,0.639,0,Bayes-M17-med
Mambasa,Ituri,2,TRUE,NA,NA,NA,NA,NA,NA,NA,NA,NA,NA,NA,NA,NA,NA,NA,NA,NA,0.4324,NA,NA,0.8842,0.2625,0,0.583,0,Bayes-M17-med
Mandima,Ituri,2,TRUE,NA,NA,NA,NA,NA,NA,NA,NA,NA,NA,NA,NA,NA,NA,NA,NA,NA,0.2659,NA,NA,0.4846,0.2896,0,0.2896,0,Bayes-M17-med
Mangala,Ituri,2,TRUE,NA,NA,NA,NA,NA,NA,NA,NA,NA,NA,NA,NA,NA,NA,NA,NA,NA,0.3021,NA,NA,0.305,0.6158,0,0.2876,0,Bayes-M17-med
Mongbwalu,Ituri,2,TRUE,NA,NA,NA,NA,NA,NA,NA,NA,NA,NA,NA,NA,NA,NA,NA,NA,NA,0.2616,NA,NA,0.4112,0.1834,0,0.4517,0,Bayes-M17-med
Nia Nia,Ituri,2,TRUE,NA,NA,NA,NA,NA,NA,NA,NA,NA,NA,NA,NA,NA,NA,NA,NA,NA,0.2978,NA,NA,0.666,0.0212,0,0.5039,0,Bayes-M17-med
Nizi,Ituri,2,TRUE,NA,NA,NA,NA,NA,NA,NA,NA,NA,NA,NA,NA,NA,NA,NA,NA,NA,0.1771,NA,NA,0.1544,0.3378,0,0.2162,0,Bayes-M17-med
Nyankunde,Ituri,2,TRUE,NA,NA,NA,NA,NA,NA,NA,NA,NA,NA,NA,NA,NA,NA,NA,NA,NA,0.2514,NA,NA,0.2838,0.2432,0,0.4788,0,Bayes-M17-med
Rwampara,Ituri,2,TRUE,NA,NA,NA,NA,NA,NA,NA,NA,NA,NA,NA,NA,NA,NA,NA,NA,NA,0.319,NA,NA,0.2375,0.7452,0,0.2934,0,Bayes-M17-med
Tchomia,Ituri,2,TRUE,NA,NA,NA,NA,NA,NA,NA,NA,NA,NA,NA,NA,NA,NA,NA,NA,NA,0.1998,NA,NA,0.2104,0.3745,0,0.2143,0,Bayes-M17-med
Beni,Nord-Kivu,2,TRUE,NA,NA,NA,NA,NA,NA,NA,NA,NA,NA,NA,NA,NA,NA,NA,NA,NA,0.1559,NA,NA,0.1525,0.2297,0,0.2413,0,Bayes-M17-med
Biena,Nord-Kivu,2,TRUE,NA,NA,NA,NA,NA,NA,NA,NA,NA,NA,NA,NA,NA,NA,NA,NA,NA,0.2013,NA,NA,0.251,0.166,0,0.388,0,Bayes-M17-med
Butembo,Nord-Kivu,2,TRUE,NA,NA,NA,NA,NA,NA,NA,NA,NA,NA,NA,NA,NA,NA,NA,NA,NA,0.1829,NA,NA,0.1139,0.388,0,0.2297,0,Bayes-M17-med
Kalunguta,Nord-Kivu,2,TRUE,NA,NA,NA,NA,NA,NA,NA,NA,NA,NA,NA,NA,NA,NA,NA,NA,NA,0.1559,NA,NA,0.195,0.2066,0,0.222,0,Bayes-M17-med
Katwa,Nord-Kivu,2,TRUE,NA,NA,NA,NA,NA,NA,NA,NA,NA,NA,NA,NA,NA,NA,NA,NA,NA,0.1998,NA,NA,0.0869,0.4846,0,0.2278,0,Bayes-M17-med
Kyondo,Nord-Kivu,2,TRUE,NA,NA,NA,NA,NA,NA,NA,NA,NA,NA,NA,NA,NA,NA,NA,NA,NA,0.3238,NA,NA,0.2954,0.7973,0,0.2027,0,Bayes-M17-med
Lubero,Nord-Kivu,2,TRUE,NA,NA,NA,NA,NA,NA,NA,NA,NA,NA,NA,NA,NA,NA,NA,NA,NA,0.4585,NA,NA,0.5734,0.9382,0,0.3224,0,Bayes-M17-med
Mabalako,Nord-Kivu,2,TRUE,NA,NA,NA,NA,NA,NA,NA,NA,NA,NA,NA,NA,NA,NA,NA,NA,NA,0.1573,NA,NA,0.1931,0.2046,0,0.2317,0,Bayes-M17-med
Manguredjipa,Nord-Kivu,2,TRUE,NA,NA,NA,NA,NA,NA,NA,NA,NA,NA,NA,NA,NA,NA,NA,NA,NA,0.3475,NA,NA,0.778,0.0579,0,0.5541,0,Bayes-M17-med
Masereka,Nord-Kivu,2,TRUE,NA,NA,NA,NA,NA,NA,NA,NA,NA,NA,NA,NA,NA,NA,NA,NA,NA,0.36870000000000003,NA,NA,0.2548,0.9807,0,0.2394,0,Bayes-M17-med
Musienene,Nord-Kivu,2,TRUE,NA,NA,NA,NA,NA,NA,NA,NA,NA,NA,NA,NA,NA,NA,NA,NA,NA,0.319,NA,NA,0.2645,0.7317,0,0.2799,0,Bayes-M17-med
Mutwanga,Nord-Kivu,2,TRUE,NA,NA,NA,NA,NA,NA,NA,NA,NA,NA,NA,NA,NA,NA,NA,NA,NA,0.2408,NA,NA,0.2606,0.4672,0,0.2355,0,Bayes-M17-med
Oicha,Nord-Kivu,2,TRUE,NA,NA,NA,NA,NA,NA,NA,NA,NA,NA,NA,NA,NA,NA,NA,NA,NA,0.3364,NA,NA,0.3243,0.7606,0,0.2606,0,Bayes-M17-med
Vuhovi,Nord-Kivu,2,TRUE,NA,NA,NA,NA,NA,NA,NA,NA,NA,NA,NA,NA,NA,NA,NA,NA,NA,0.2611,NA,NA,0.2027,0.6178,0,0.2239,0,Bayes-M17-med
Goma,Nord-Kivu,2,TRUE,NA,NA,NA,NA,NA,NA,NA,NA,NA,NA,NA,NA,NA,NA,NA,NA,NA,0.2669,NA,NA,0.1274,0.8977,0,0.0425,0,Bayes-M17-med
Miti Murhesa,Sud-Kivu,2,TRUE,NA,NA,NA,NA,NA,NA,NA,NA,NA,NA,NA,NA,NA,NA,NA,NA,NA,0.3277,NA,NA,0.2355,0.9131,0,0.1622,0,Bayes-M17-med
Bafwasende,Tshopo,2,TRUE,NA,NA,NA,NA,NA,NA,NA,NA,NA,NA,NA,NA,NA,NA,NA,NA,NA,0.4546,NA,NA,0.9073,0.2413,0,0.6699,0,Bayes-M17-med
Kabondo,Tshopo,2,TRUE,NA,NA,NA,NA,NA,NA,NA,NA,NA,NA,NA,NA,NA,NA,NA,NA,NA,0.18,NA,NA,0.1911,0.2722,0,0.2568,0,Bayes-M17-med
Lubunga (Tshopo),Tshopo,2,TRUE,NA,NA,NA,NA,NA,NA,NA,NA,NA,NA,NA,NA,NA,NA,NA,NA,NA,0.2288,NA,NA,0.2452,0.3436,0,0.3263,0,Bayes-M17-med
Makiso Kisangani,Tshopo,2,TRUE,NA,NA,NA,NA,NA,NA,NA,NA,NA,NA,NA,NA,NA,NA,NA,NA,NA,0.2355,NA,NA,0.1332,0.5309,0,0.278,0,Bayes-M17-med
Mangobo,Tshopo,2,TRUE,NA,NA,NA,NA,NA,NA,NA,NA,NA,NA,NA,NA,NA,NA,NA,NA,NA,0.2061,NA,NA,0.0792,0.4382,0,0.3069,0,Bayes-M17-med
Tshopo,Tshopo,2,TRUE,NA,NA,NA,NA,NA,NA,NA,NA,NA,NA,NA,NA,NA,NA,NA,NA,NA,0.2466,NA,NA,0.361,0.334,0,0.2915,0,Bayes-M17-med
Wanierukula,Tshopo,2,TRUE,NA,NA,NA,NA,NA,NA,NA,NA,NA,NA,NA,NA,NA,NA,NA,NA,NA,0.473,NA,NA,0.8436,0.5521,0,0.4961,0,Bayes-M17-med
