health_zone,province,horizon,was_active_before,p_case_invasion,p_case_lo,p_case_hi,p_median,rank_med,rank_lo,rank_hi,mu_forecast,rr_nat,rr_nat_rank,rr01_nat,rr_ituri,rr_ituri_rank,rr_nordkivu,rr_nordkivu_rank,rr_hautuele,rr_hautuele_rank,V,priority,priority_rank,surveillance_gap,healthcare_gap,access_gap,social_vulnerability,healthcare_travel_min,method
Rethy,Ituri,1,FALSE,0.4925,0.3603,0.6341,0.493,1,1,1,0.692,67.4119,1,1,3.3516,1,NA,NA,NA,NA,0.2703,1,1,0.2143,0.6081,0,0.2587,0,Bayes-M17-geo
Watsa,Haut-Uele,1,FALSE,0.2196,0.1336,0.3234,0.2132,2,2,7,0.2509,24.4408,2,0.4459,NA,NA,NA,NA,2.4269,1,0.4797,0.7916,2,0.7297,0.8436,0,0.3456,0,Bayes-M17-geo
Biringi,Ituri,1,FALSE,0.206,0.1471,0.271,0.2041,3,2,4,0.2318,22.5794,3,0.4182,1.1226,2,NA,NA,NA,NA,0.3494,0.5407,4,0.3958,0.4865,0,0.5154,0,Bayes-M17-geo
Jiba,Ituri,1,FALSE,0.1723,0.0974,0.2617,0.1659,4,2,11,0.1911,18.6133,4,0.3498,0.9254,3,NA,NA,NA,NA,0.1651,0.2136,12,0.1815,0.1274,0,0.3514,0,Bayes-M17-geo
Bafwagbogbo,Tshopo,1,FALSE,0.1507,0.0848,0.2369,0.1458,6,3,15,0.1648,16.0578,5,0.306,NA,NA,NA,NA,NA,NA,0.3948,0.4469,7,0.8591,0.027,0,0.6931,0,Bayes-M17-geo
Manguredjipa,Nord-Kivu,1,FALSE,0.1473,0.0836,0.2237,0.1436,6,4,14,0.1607,15.6508,6,0.2991,NA,NA,3.7314,1,NA,NA,0.3475,0.3846,8,0.778,0.0579,0,0.5541,0,Bayes-M17-geo
Linga,Ituri,1,FALSE,0.1303,0.0839,0.1836,0.1271,8,5,13,0.1402,13.6569,7,0.2645,0.679,4,NA,NA,NA,NA,0.2148,0.2102,13,0.1969,0.3417,0,0.3205,0,Bayes-M17-geo
Makoro,Haut-Uele,1,FALSE,0.1296,0.0932,0.1678,0.1284,8,5,11,0.1391,13.5505,8,0.2631,NA,NA,NA,NA,1.3455,2,0.3822,0.3721,9,0.556,0.5483,0,0.4247,0,Bayes-M17-geo
Biena,Nord-Kivu,1,FALSE,0.1294,0.0925,0.1722,0.1281,8,7,11,0.139,13.5377,9,0.2627,NA,NA,3.2276,2,NA,NA,0.2013,0.1956,16,0.251,0.166,0,0.388,0,Bayes-M17-geo
Dungu,Haut-Uele,1,FALSE,0.1135,0.0693,0.1652,0.1112,12,4,17,0.1211,11.7933,10,0.2305,NA,NA,NA,NA,1.171,3,0.5275,0.4499,6,0.8726,0.5598,0,0.6776,0,Bayes-M17-geo
Poko,Bas-Uele,1,FALSE,0.1111,0.0718,0.1559,0.1086,12,6,15,0.1182,11.5168,11,0.2256,NA,NA,NA,NA,NA,NA,0.7271,0.6069,3,0.9923,0.9517,0,0.9643,0,Bayes-M17-geo
Niangara,Haut-Uele,1,FALSE,0.111,0.0748,0.1544,0.1094,12,8,15,0.1181,11.5015,12,0.2254,NA,NA,NA,NA,1.1421,4,0.5512,0.4597,5,0.8031,0.4324,0,0.9691,0,Bayes-M17-geo
Kayna,Nord-Kivu,1,FALSE,0.1108,0.0764,0.151,0.1096,12,6,14,0.1178,11.4709,13,0.225,NA,NA,2.7349,3,NA,NA,0.3113,0.2591,11,0.2278,0.6332,0,0.3842,0,Bayes-M17-geo
Angumu,Ituri,1,FALSE,0.1046,0.0563,0.1676,0.101,14,6,17,0.1112,10.8299,14,0.2123,0.5384,5,NA,NA,NA,NA,0.11,0.0864,28,0.1641,0.1641,0,0.112,0,Bayes-M17-geo
Nyarambe,Ituri,1,FALSE,0.1034,0.0543,0.1665,0.1,14,4,18,0.1099,10.7027,15,0.2099,0.5321,6,NA,NA,NA,NA,0.1805,0.1402,19,0.1699,0.4595,0,0.0927,0,Bayes-M17-geo
Adi,Ituri,1,FALSE,0.087,0.0528,0.1304,0.0844,16,11,18,0.0913,8.8987,16,0.1766,0.4424,7,NA,NA,NA,NA,0.3977,0.2599,10,0.2587,0.7104,0,0.6216,0,Bayes-M17-geo
Laybo,Ituri,1,FALSE,0.0807,0.0532,0.1131,0.0791,16,14,18,0.0843,8.2151,17,0.1638,0.4084,8,NA,NA,NA,NA,0.3393,0.2057,14,0.3069,0.556,0,0.4942,0,Bayes-M17-geo
Kamango,Nord-Kivu,1,FALSE,0.0516,0.0309,0.0763,0.0505,19,16,26,0.0531,5.1747,18,0.1048,NA,NA,1.2337,4,NA,NA,0.4373,0.1696,17,0.6583,0.917,0,0.1737,0,Bayes-M17-geo
Aba,Haut-Uele,1,FALSE,0.048,0.0297,0.0698,0.0466,20,17,26,0.0493,4.8004,19,0.0975,NA,NA,NA,NA,0.4767,5,0.569,0.2052,15,0.6004,0.6853,0,0.9903,0,Bayes-M17-geo
Alimbongo,Nord-Kivu,1,FALSE,0.0457,0.0308,0.0629,0.0448,20,18,24,0.0468,4.5606,20,0.0928,NA,NA,1.0873,5,NA,NA,0.4262,0.1463,18,0.5849,0.7471,0,0.3726,0,Bayes-M17-geo
Karisimbi,Nord-Kivu,1,FALSE,0.0448,0.0143,0.0923,0.04,21.5,15,45,0.0462,4.5018,21,0.091,NA,NA,1.0733,6,NA,NA,0.1597,0.0538,41,0.0907,0.5154,0,0.0328,0,Bayes-M17-geo
Kirotshe,Nord-Kivu,1,FALSE,0.0389,0.0198,0.0639,0.0377,23,19,31,0.0398,3.8776,22,0.079,NA,NA,0.9245,7,NA,NA,0.3842,0.1123,25,0.3764,0.9961,0,0.1641,0,Bayes-M17-geo
Kibirizi,Nord-Kivu,1,FALSE,0.0386,0.0278,0.0503,0.0381,23,20,26,0.0394,3.8364,23,0.0784,NA,NA,0.9147,8,NA,NA,0.4175,0.121,22,0.5405,0.8552,0,0.2741,0,Bayes-M17-geo
Banalia,Tshopo,1,FALSE,0.0377,0.0242,0.0542,0.0368,23,20,30,0.0385,3.7478,24,0.0765,NA,NA,NA,NA,NA,NA,0.4242,0.1201,23,0.7799,0.1178,0,0.7992,0,Bayes-M17-geo
Faradje,Haut-Uele,1,FALSE,0.0333,0.023,0.0454,0.0327,26,23,31,0.0339,3.2984,25,0.0675,NA,NA,NA,NA,0.3275,6,0.4474,0.1118,26,0.7606,0.666,0,0.3629,0,Bayes-M17-geo
Nyiragongo,Nord-Kivu,1,FALSE,0.0297,0.0111,0.0584,0.0274,29,20,54,0.0303,2.9501,26,0.0603,NA,NA,0.7033,9,NA,NA,0.2891,0.0645,36,0.2432,0.8764,0,0.0367,0,Bayes-M17-geo
Ibanda,Sud-Kivu,1,FALSE,0.0297,0.0175,0.0448,0.0292,28,23,36,0.0302,2.9455,27,0.0604,NA,NA,NA,NA,NA,NA,0.2307,0.0516,44,0.083,0.6216,0,0.2181,0,Bayes-M17-geo
Ruzizi,Sud-Kivu,1,FALSE,0.0294,0.0163,0.0465,0.0282,28,21,41,0.0298,2.9072,28,0.0596,NA,NA,NA,NA,NA,NA,0.5627,0.1241,20,0.3494,0.9093,0,0.9923,0,Bayes-M17-geo
Pinga,Nord-Kivu,1,FALSE,0.0289,0.019,0.041,0.0282,29,22,38,0.0293,2.8571,29,0.0586,NA,NA,0.6812,10,NA,NA,0.57,0.1237,21,0.9595,0.7548,0,0.5656,0,Bayes-M17-geo
Uvira,Sud-Kivu,1,FALSE,0.0282,0.0141,0.0489,0.0263,30,21,49,0.0286,2.7876,30,0.0572,NA,NA,NA,NA,NA,NA,0.5502,0.1164,24,0.2181,0.9846,0,0.9981,0,Bayes-M17-geo
Rutshuru,Nord-Kivu,1,FALSE,0.0275,0.0135,0.0459,0.0261,30,23,47,0.0279,2.7193,31,0.0558,NA,NA,0.6483,11,NA,NA,0.3721,0.0768,32,0.4093,0.9942,0,0.0849,0,Bayes-M17-geo
Kadutu,Sud-Kivu,1,FALSE,0.0269,0.0162,0.0397,0.0264,30,25,39,0.0273,2.6635,32,0.0547,NA,NA,NA,NA,NA,NA,0.1636,0.0331,61,0.0579,0.3861,0,0.2104,0,Bayes-M17-geo
Masisi,Nord-Kivu,1,FALSE,0.0247,0.0161,0.0349,0.0242,32,28,39,0.025,2.4348,33,0.0501,NA,NA,0.5805,12,NA,NA,0.4402,0.0816,29,0.4324,0.9575,0,0.3707,0,Bayes-M17-geo
Yakusu,Tshopo,1,FALSE,0.022,0.0131,0.0341,0.0212,35,27,48,0.0223,2.1693,34,0.0447,NA,NA,NA,NA,NA,NA,0.319,0.0527,43,0.4208,0.2085,0,0.6467,0,Bayes-M17-geo
Mweso,Nord-Kivu,1,FALSE,0.0214,0.0144,0.0296,0.0211,35,30,44,0.0217,2.1095,35,0.0435,NA,NA,0.5029,13,NA,NA,0.4189,0.0674,33,0.4498,0.9614,0,0.2645,0,Bayes-M17-geo
Bambo,Nord-Kivu,1,FALSE,0.0197,0.0111,0.0304,0.0192,39,28,53,0.02,1.9438,36,0.0401,NA,NA,0.4634,14,NA,NA,0.3962,0.0588,38,0.5521,0.9073,0,0.1255,0,Bayes-M17-geo
Katoyi,Nord-Kivu,1,FALSE,0.0197,0.0139,0.0262,0.0195,38,34,45,0.0199,1.9408,37,0.04,NA,NA,0.4627,15,NA,NA,0.4542,0.0673,34,0.4614,0.9595,0,0.3958,0,Bayes-M17-geo
Minova,Sud-Kivu,1,FALSE,0.0193,0.011,0.0297,0.0187,39,31,54,0.0195,1.897,38,0.0391,NA,NA,NA,NA,NA,NA,0.3866,0.056,40,0.4421,0.9826,0,0.1216,0,Bayes-M17-geo
Lemera,Sud-Kivu,1,FALSE,0.0186,0.0117,0.0269,0.0182,41,31,53,0.0188,1.8335,39,0.0378,NA,NA,NA,NA,NA,NA,0.5613,0.0786,30,0.3629,0.9015,0,0.9807,0,Bayes-M17-geo
Walikale,Nord-Kivu,1,FALSE,0.0182,0.0125,0.025,0.0179,41,31,49,0.0184,1.7944,40,0.037,NA,NA,0.4278,16,NA,NA,0.5729,0.0785,31,0.9459,0.9286,0,0.417,0,Bayes-M17-geo
Titule,Bas-Uele,1,FALSE,0.0177,0.0099,0.028,0.017,43,27,57,0.0179,1.7439,41,0.036,NA,NA,NA,NA,NA,NA,0.6839,0.0911,27,0.9865,0.8263,0,0.9228,0,Bayes-M17-geo
Kabare,Sud-Kivu,1,FALSE,0.0175,0.0114,0.025,0.0174,42,37,53,0.0177,1.7236,42,0.0356,NA,NA,NA,NA,NA,NA,0.3567,0.047,48,0.2394,0.9884,0,0.1988,0,Bayes-M17-geo
Rwanguba,Nord-Kivu,1,FALSE,0.0172,0.0075,0.0306,0.016,46,29,70,0.0173,1.6879,43,0.0348,NA,NA,0.4024,17,NA,NA,0.2442,0.0315,66,0.2085,0.7027,0,0.0656,0,Bayes-M17-geo
Nyangezi,Sud-Kivu,1,FALSE,0.0169,0.0113,0.0237,0.0165,44,35,54,0.0171,1.6634,44,0.0344,NA,NA,NA,NA,NA,NA,0.36870000000000003,0.0469,49,0.222,0.8842,0,0.36870000000000003,0,Bayes-M17-geo
Katana,Sud-Kivu,1,FALSE,0.0166,0.01,0.0245,0.0162,45,36,56.95,0.0167,1.628,46,0.0336,NA,NA,NA,NA,NA,NA,0.3224,0.0401,52,0.2471,0.9112,0,0.1313,0,Bayes-M17-geo
Nyantende,Sud-Kivu,1,FALSE,0.0166,0.0111,0.0232,0.0163,44,37,54,0.0167,1.6316,45,0.0337,NA,NA,NA,NA,NA,NA,0.3219,0.0402,51,0.1486,0.8938,0,0.2452,0,Bayes-M17-geo
Bagira,Sud-Kivu,1,FALSE,0.0161,0.0098,0.0238,0.0157,46,36,60,0.0163,1.5841,47,0.0327,NA,NA,NA,NA,NA,NA,0.236,0.0286,68,0.1004,0.6371,0,0.2066,0,Bayes-M17-geo
Bengamisa,Tshopo,1,FALSE,0.0156,0.011,0.0209,0.0153,47,43,51,0.0157,1.5276,48,0.0316,NA,NA,NA,NA,NA,NA,0.3012,0.0352,59,0.612,0.2162,0,0.3764,0,Bayes-M17-geo
Kibua,Nord-Kivu,1,FALSE,0.0155,0.0084,0.0247,0.0149,49,31,64,0.0156,1.52,49,0.0314,NA,NA,0.3624,18,NA,NA,0.5154,0.0599,37,0.7741,0.6602,0,0.6274,0,Bayes-M17-geo
Opienge,Tshopo,1,FALSE,0.0153,0.0074,0.0262,0.0145,50,28,67,0.0154,1.4997,50,0.031,NA,NA,NA,NA,NA,NA,0.4445,0.051,45,0.9556,0.0135,0,0.8089,0,Bayes-M17-geo
Binza,Nord-Kivu,1,FALSE,0.0139,0.0073,0.0227,0.0134,52,37,71,0.014,1.3684,51,0.0283,NA,NA,0.3262,19,NA,NA,0.3518,0.0368,55,0.471,0.8378,0,0.0985,0,Bayes-M17-geo
Lubutu,Maniema,1,FALSE,0.0136,0.0084,0.0204,0.0132,53,39,60,0.0137,1.3338,53,0.0276,NA,NA,NA,NA,NA,NA,0.4706,0.048,47,0.8205,0.2819,0,0.7799,0,Bayes-M17-geo
Isangi,Tshopo,1,FALSE,0.0136,0.0085,0.0196,0.0133,52,40,61,0.0137,1.3341,52,0.0276,NA,NA,NA,NA,NA,NA,0.3837,0.0392,54,0.4054,0.4073,0,0.722,0,Bayes-M17-geo
Birambizo,Nord-Kivu,1,FALSE,0.0132,0.0078,0.0196,0.0129,53,42,67,0.0133,1.2944,54,0.0268,NA,NA,0.3086,20,NA,NA,0.3625,0.0359,58,0.4035,0.89,0,0.1564,0,Bayes-M17-geo
Bondo,Bas-Uele,1,FALSE,0.013,0.0073,0.0206,0.0125,54,38,68,0.0131,1.2728,55,0.0263,NA,NA,NA,NA,NA,NA,0.6737,0.0657,35,0.9961,0.9981,0,0.7008,0,Bayes-M17-geo
Walungu,Sud-Kivu,1,FALSE,0.0129,0.0086,0.0181,0.0127,54,45,63,0.013,1.2637,56,0.0262,NA,NA,NA,NA,NA,NA,0.3248,0.0314,67,0.1853,0.8803,0,0.2336,0,Bayes-M17-geo
Nundu,Sud-Kivu,1,FALSE,0.0127,0.0076,0.0191,0.0122,55,39,68,0.0128,1.2425,57,0.0257,NA,NA,NA,NA,NA,NA,0.5927,0.0564,39,0.527,0.8494,0,0.9942,0,Bayes-M17-geo
Doruma,Haut-Uele,1,FALSE,0.0113,0.0057,0.0194,0.0106,59,39,76,0.0114,1.1103,58,0.023,NA,NA,NA,NA,0.1103,7,0.6216,0.0529,42,0.973,0.5135,0,1,0,Bayes-M17-geo
Kalehe,Sud-Kivu,1,FALSE,0.0109,0.0067,0.016,0.0107,59,51,75,0.011,1.0693,59,0.0222,NA,NA,NA,NA,NA,NA,0.3369,0.0276,70,0.3417,0.8649,0,0.1409,0,Bayes-M17-geo
Mubumbano,Sud-Kivu,1,FALSE,0.0103,0.0073,0.0137,0.0102,60,54,69,0.0104,1.013,60,0.021,NA,NA,NA,NA,NA,NA,0.3658,0.0284,69,0.2683,0.9402,0,0.2548,0,Bayes-M17-geo
Bunyakiri,Sud-Kivu,1,FALSE,0.0102,0.0074,0.0134,0.0101,61,56,68,0.0103,1.0003,61,0.0207,NA,NA,NA,NA,NA,NA,0.4517,0.0347,60,0.6197,0.832,0,0.3552,0,Bayes-M17-geo
Aketi,Bas-Uele,1,FALSE,0.01,0.0061,0.0151,0.0097,62,52,74,0.0101,0.9817,62,0.0204,NA,NA,NA,NA,NA,NA,0.6762,0.0509,46,0.9903,0.9363,0,0.778,0,Bayes-M17-geo
Kaniola,Sud-Kivu,1,FALSE,0.0097,0.007,0.0127,0.0095,63,59,69,0.0097,0.9461,64,0.0196,NA,NA,NA,NA,NA,NA,0.4513,0.0328,62,0.5328,0.9305,0,0.3417,0,Bayes-M17-geo
Fizi,Sud-Kivu,1,FALSE,0.0097,0.0049,0.016,0.0091,65,47,84,0.0097,0.947,63,0.0196,NA,NA,NA,NA,NA,NA,0.5637,0.0409,50,0.7432,0.9691,0,0.5425,0,Bayes-M17-geo
Haut Plateau,Sud-Kivu,1,FALSE,0.0093,0.0053,0.0146,0.009,65,50,88,0.0093,0.91,65,0.0189,NA,NA,NA,NA,NA,NA,0.5246,0.0366,56,0.5714,0.5444,0,0.9826,0,Bayes-M17-geo
Mwana,Sud-Kivu,1,FALSE,0.0091,0.0064,0.0121,0.0089,66,60,74,0.0091,0.8882,66,0.0184,NA,NA,NA,NA,NA,NA,0.3731,0.0254,73,0.2896,0.9035,0,0.2992,0,Bayes-M17-geo
Ubundu,Tshopo,1,FALSE,0.0089,0.006,0.0124,0.0086,66,59,75,0.0089,0.8674,67,0.018,NA,NA,NA,NA,NA,NA,0.4744,0.0316,65,0.9054,0.4305,0,0.5618,0,Bayes-M17-geo
Itebero,Nord-Kivu,1,FALSE,0.0087,0.0055,0.0127,0.0085,68,57,81,0.0087,0.8498,68,0.0176,NA,NA,0.2026,21,NA,NA,0.5574,0.0364,57,0.9112,0.722,0,0.5965,0,Bayes-M17-geo
Kalonge,Sud-Kivu,1,FALSE,0.0084,0.0059,0.0113,0.0082,69,61,82,0.0084,0.8178,69,0.017,NA,NA,NA,NA,NA,NA,0.404,0.0254,74,0.4961,0.8359,0,0.2838,0,Bayes-M17-geo
Yabaondo,Tshopo,1,FALSE,0.0082,0.0052,0.0119,0.0081,70,60,81,0.0083,0.8039,70,0.0167,NA,NA,NA,NA,NA,NA,0.3523,0.0217,77,0.4363,0.305,0,0.668,0,Bayes-M17-geo
Mulungu,Sud-Kivu,1,FALSE,0.0081,0.0053,0.0116,0.008,71,60,85,0.0082,0.7943,71,0.0165,NA,NA,NA,NA,NA,NA,0.5208,0.0318,63,0.861,0.5193,0,0.7027,0,Bayes-M17-geo
Kaziba,Sud-Kivu,1,FALSE,0.0077,0.0053,0.0105,0.0076,72,65,85,0.0077,0.7509,72,0.0156,NA,NA,NA,NA,NA,NA,0.3571,0.0206,79,0.2876,0.7838,0,0.3571,0,Bayes-M17-geo
Ango,Bas-Uele,1,FALSE,0.0074,0.0045,0.0113,0.0072,73,63,84,0.0075,0.7286,73,0.0151,NA,NA,NA,NA,NA,NA,0.7095,0.0397,53,1,0.8591,0,0.9788,0,Bayes-M17-geo
Shabunda,Sud-Kivu,1,FALSE,0.0071,0.0041,0.0112,0.0069,75,62,87,0.0072,0.6978,74,0.0145,NA,NA,NA,NA,NA,NA,0.5922,0.0317,64,0.8378,0.8726,0,0.6583,0,Bayes-M17-geo
Mwenga,Sud-Kivu,1,FALSE,0.0065,0.0045,0.009,0.0064,77,72,92,0.0066,0.6399,75,0.0133,NA,NA,NA,NA,NA,NA,0.319,0.0157,86,0.5,0.3552,0,0.4208,0,Bayes-M17-geo
Yaleko,Tshopo,1,FALSE,0.0064,0.004,0.0096,0.0063,76,72,95.95,0.0065,0.6296,76,0.0131,NA,NA,NA,NA,NA,NA,0.402,0.0195,81,0.639,0.2452,0,0.7239,0,Bayes-M17-geo
Kasongo,Maniema,1,FALSE,0.0061,0.0031,0.0102,0.0058,79,65,106,0.0061,0.5983,77,0.0124,NA,NA,NA,NA,NA,NA,0.5304,0.0244,76,0.4459,0.7529,0,0.9228,0,Bayes-M17-geo
Kalole,Sud-Kivu,1,FALSE,0.006,0.0038,0.0089,0.0059,79,75.05,98,0.006,0.5879,78,0.0122,NA,NA,NA,NA,NA,NA,0.6038,0.0273,71,0.89,0.7799,0,0.7452,0,Bayes-M17-geo
Kindu,Maniema,1,FALSE,0.0059,0.0029,0.0101,0.0056,82,66,107,0.0059,0.5781,79,0.012,NA,NA,NA,NA,NA,NA,0.3181,0.0141,94,0.1351,0.2529,0,0.8842,0,Bayes-M17-geo
Police,Kinshasa,1,FALSE,0.0058,0.0012,0.0145,0.0047,91,53,212.9,0.0058,0.5684,80,0.0118,NA,NA,NA,NA,NA,NA,0.0478,0.0021,328,0.0463,0.0772,0,0.0676,0,Bayes-M17-geo
Lingwala,Kinshasa,1,FALSE,0.0056,0.001,0.0145,0.0043,94,52,237.95,0.0056,0.5446,81,0.0113,NA,NA,NA,NA,NA,NA,0.0323,0.0014,365,0.0232,0.0907,0,0.0154,0,Bayes-M17-geo
Nyemba,Tanganyika,1,FALSE,0.0055,0.0028,0.0092,0.0052,86,69,106,0.0055,0.5375,82,0.0112,NA,NA,NA,NA,NA,NA,0.3456,0.0143,93,0.5965,0.4556,0,0.3301,0,Bayes-M17-geo
Kitutu,Sud-Kivu,1,FALSE,0.0054,0.0037,0.0076,0.0053,84,80,97,0.0055,0.5318,83,0.0111,NA,NA,NA,NA,NA,NA,0.5024,0.0205,80,0.751,0.805,0,0.4537,0,Bayes-M17-geo
Kamituga,Sud-Kivu,1,FALSE,0.0053,0.0036,0.0074,0.0052,85,79,101,0.0053,0.5196,85,0.0108,NA,NA,NA,NA,NA,NA,0.3596,0.0144,91,0.3938,0.6062,0,0.4382,0,Bayes-M17-geo
Basoko,Tshopo,1,FALSE,0.0053,0.0033,0.0078,0.0052,86,81,94,0.0054,0.5212,84,0.0108,NA,NA,NA,NA,NA,NA,0.3012,0.0121,105,0.5077,0.3147,0,0.3822,0,Bayes-M17-geo
Mushenge,Kasaï,1,FALSE,0.0052,0.0028,0.0084,0.005,87,73,126.95,0.0052,0.5103,86,0.0106,NA,NA,NA,NA,NA,NA,0.3229,0.0127,99,0.5946,0.0656,0,0.6313,0,Bayes-M17-geo
Yamaluka,Mongala,1,FALSE,0.0052,0.003,0.0081,0.005,87,81,99,0.0052,0.5092,87,0.0106,NA,NA,NA,NA,NA,NA,0.1974,0.0077,135,0.2799,0.1448,0,0.3649,0,Bayes-M17-geo
Bili (Bas-Uele),Bas-Uele,1,FALSE,0.005,0.0025,0.0084,0.0047,91,74,127,0.005,0.4841,89,0.0101,NA,NA,NA,NA,NA,NA,0.6926,0.0258,72,0.9981,0.7992,0,0.973,0,Bayes-M17-geo
Saramabila,Maniema,1,FALSE,0.005,0.0029,0.0079,0.0049,90,79,109,0.005,0.4915,88,0.0102,NA,NA,NA,NA,NA,NA,0.4768,0.018,84,0.473,0.5502,0,0.8842,0,Bayes-M17-geo
Kasa Vubu,Kinshasa,1,FALSE,0.0049,9e-4,0.0126,0.0039,100,57,251,0.005,0.4827,90,0.01,NA,NA,NA,NA,NA,NA,0.0444,0.0016,345,0.0309,0.1216,0,0.0251,0,Bayes-M17-geo
Kunda,Maniema,1,FALSE,0.0049,0.0025,0.008,0.0046,93,76,118,0.0049,0.4744,92,0.0099,NA,NA,NA,NA,NA,NA,0.4165,0.0152,87,0.4633,0.2799,0,0.9228,0,Bayes-M17-geo
Yahisuli,Tshopo,1,FALSE,0.0049,0.003,0.0073,0.0047,89,81,111,0.0049,0.4774,91,0.0099,NA,NA,NA,NA,NA,NA,0.3521,0.0129,98,0.3842,0.0714,0,0.9527,0,Bayes-M17-geo
Minembwe,Sud-Kivu,1,FALSE,0.0048,0.003,0.0071,0.0047,90,82,112,0.0048,0.4713,93,0.0098,NA,NA,NA,NA,NA,NA,0.5198,0.0188,82,0.7181,0.8089,0,0.5521,0,Bayes-M17-geo
Kinshasa,Kinshasa,1,FALSE,0.0047,9e-4,0.012,0.0037,104,59,262.9,0.0047,0.4592,94,0.0095,NA,NA,NA,NA,NA,NA,0.0203,7e-4,403,0.0135,0.0463,0,0.0212,0,Bayes-M17-geo
Likati,Bas-Uele,1,FALSE,0.0046,0.0028,0.007,0.0044,93,85,116,0.0046,0.4468,96,0.0093,NA,NA,NA,NA,NA,NA,0.7124,0.0245,75,0.9942,0.971,0,0.8842,0,Bayes-M17-geo
Lulingu,Sud-Kivu,1,FALSE,0.0046,0.0028,0.007,0.0044,93,86,113,0.0046,0.4501,95,0.0094,NA,NA,NA,NA,NA,NA,0.6158,0.0213,78,0.9093,0.8108,0,0.7432,0,Bayes-M17-geo
Obokote,Maniema,1,FALSE,0.0044,0.0021,0.0078,0.0041,98,76,147,0.0044,0.4323,97,0.009,NA,NA,NA,NA,NA,NA,0.3209,0.0107,110,0.7239,0.0328,0,0.527,0,Bayes-M17-geo
Kimbi Lulenge,Sud-Kivu,1,FALSE,0.0044,0.0028,0.0065,0.0043,96,90,108,0.0044,0.4308,98,0.009,NA,NA,NA,NA,NA,NA,0.5507,0.0183,83,0.8475,0.8687,0,0.4865,0,Bayes-M17-geo
Kalamu 1,Kinshasa,1,FALSE,0.0043,9e-4,0.0108,0.0035,109,64,259,0.0044,0.4244,99,0.0088,NA,NA,NA,NA,NA,NA,0.0309,0.001,382,0.0193,0.0734,0,0.0309,0,Bayes-M17-geo
Lolo,Mongala,1,FALSE,0.0043,0.0027,0.0063,0.0042,97,90,115,0.0043,0.4181,100,0.0087,NA,NA,NA,NA,NA,NA,0.3161,0.0102,113,0.4073,0.3263,0,0.5309,0,Bayes-M17-geo
Kampene,Maniema,1,FALSE,0.0041,0.0025,0.0064,0.004,99,92,118,0.0041,0.4037,101,0.0084,NA,NA,NA,NA,NA,NA,0.3962,0.0123,103,0.5251,0.1757,0,0.8842,0,Bayes-M17-geo
Gombe,Kinshasa,1,FALSE,0.004,7e-4,0.0104,0.0031,115,64,288.9,0.004,0.3914,102,0.0081,NA,NA,NA,NA,NA,NA,0.1622,0.0049,193,0.0695,0.5695,0,0.0097,0,Bayes-M17-geo
Lusangi,Maniema,1,FALSE,0.004,0.0024,0.0061,0.0038,101,95,121,0.004,0.3865,104,0.008,NA,NA,NA,NA,NA,NA,0.4223,0.0126,101,0.5656,0.2645,0,0.8591,0,Bayes-M17-geo
Lisala,Mongala,1,FALSE,0.004,0.002,0.0069,0.0038,104,83,129,0.004,0.3898,103,0.0081,NA,NA,NA,NA,NA,NA,0.4093,0.0123,104,0.4286,0.4402,0,0.7683,0,Bayes-M17-geo
Itombwe,Sud-Kivu,1,FALSE,0.0038,0.0021,0.0062,0.0037,105,87,144,0.0038,0.3725,105,0.0077,NA,NA,NA,NA,NA,NA,0.5121,0.0147,88,0.8571,0.6737,0,0.5174,0,Bayes-M17-geo
Yahuma,Tshopo,1,FALSE,0.0038,0.0022,0.0058,0.0037,105,97,122.95,0.0038,0.3712,106,0.0077,NA,NA,NA,NA,NA,NA,0.4402,0.0126,100,0.8649,0.332,0,0.5637,0,Bayes-M17-geo
Samba,Maniema,1,FALSE,0.0037,0.0022,0.0057,0.0036,106,99,126,0.0037,0.3613,107,0.0075,NA,NA,NA,NA,NA,NA,0.5179,0.0144,90,0.7529,0.4344,0,0.8842,0,Bayes-M17-geo
Punia,Maniema,1,FALSE,0.0036,0.002,0.0056,0.0034,110,104,122,0.0036,0.3469,109,0.0072,NA,NA,NA,NA,NA,NA,0.3731,0.01,114,0.7625,0.1969,0,0.5328,0,Bayes-M17-geo
Opala,Tshopo,1,FALSE,0.0036,0.0021,0.0056,0.0035,108,100,128,0.0036,0.3518,108,0.0073,NA,NA,NA,NA,NA,NA,0.4269,0.0116,108,0.7819,0.0792,0,0.8465,0,Bayes-M17-geo
Djolu,Tshuapa,1,FALSE,0.0035,0.0018,0.006,0.0034,111,89,136,0.0036,0.3459,110,0.0072,NA,NA,NA,NA,NA,NA,0.5256,0.014,95,0.7104,0.5985,0,0.7934,0,Bayes-M17-geo
Limete,Kinshasa,1,FALSE,0.0034,7e-4,0.0082,0.0027,126,74.05,288.95,0.0034,0.3306,112,0.0069,NA,NA,NA,NA,NA,NA,0.056,0.0014,363,0.0405,0.1371,0,0.0463,0,Bayes-M17-geo
Masina 1,Kinshasa,1,FALSE,0.0034,8e-4,0.0078,0.0029,121,80,258.95,0.0034,0.3289,114,0.0068,NA,NA,NA,NA,NA,NA,0.0193,5e-4,426,0.0077,0.0077,0,0.0618,0,Bayes-M17-geo
Nsele,Kinshasa,1,FALSE,0.0034,7e-4,0.0084,0.0027,128,72,274,0.0034,0.3337,111,0.0069,NA,NA,NA,NA,NA,NA,0.1583,0.0041,223,0.139,0.3996,0,0.0946,0,Bayes-M17-geo
Kalemie,Tanganyika,1,FALSE,0.0034,0.0016,0.0058,0.0032,115,96,133,0.0034,0.3304,113,0.0069,NA,NA,NA,NA,NA,NA,0.3789,0.0096,116,0.6718,0.4575,0,0.3861,0,Bayes-M17-geo
Masina 2,Kinshasa,1,FALSE,0.0033,9e-4,0.0076,0.0029,120,83,245.95,0.0033,0.3262,116,0.0068,NA,NA,NA,NA,NA,NA,0.0265,7e-4,411,0.0174,0.0193,0,0.0695,0,Bayes-M17-geo
Kintambo,Kinshasa,1,FALSE,0.0033,6e-4,0.0085,0.0026,132,75,325,0.0033,0.3181,120,0.0066,NA,NA,NA,NA,NA,NA,0.0338,8e-4,392,0.0212,0.1004,0,0.0135,0,Bayes-M17-geo
Kabambare,Maniema,1,FALSE,0.0033,0.0019,0.0053,0.0032,114,101,142,0.0033,0.326,117,0.0068,NA,NA,NA,NA,NA,NA,0.3953,0.0099,115,0.8359,0.112,0,0.6332,0,Bayes-M17-geo
Yambuku,Mongala,1,FALSE,0.0033,0.0015,0.0058,0.003,119,87,156,0.0033,0.3193,118,0.0066,NA,NA,NA,NA,NA,NA,0.4344,0.0107,109,0.5483,0.5753,0,0.6139,0,Bayes-M17-geo
Yalimbongo,Tshopo,1,FALSE,0.0033,0.002,0.0052,0.0032,113,100,142,0.0034,0.3266,115,0.0068,NA,NA,NA,NA,NA,NA,0.3214,0.0081,128,0.5772,0.0483,0,0.6602,0,Bayes-M17-geo
Mbulula,Tanganyika,1,FALSE,0.0033,0.0017,0.0055,0.0031,116,102,136,0.0033,0.319,119,0.0066,NA,NA,NA,NA,NA,NA,0.5934,0.0146,89,0.6448,0.7761,0,0.9527,0,Bayes-M17-geo
Basali,Tshopo,1,FALSE,0.0032,0.0017,0.0053,0.0031,117,94,171,0.0032,0.3128,121,0.0065,NA,NA,NA,NA,NA,NA,0.3779,0.0091,122,0.834,0.0251,0,0.6525,0,Bayes-M17-geo
Kokolo,Kinshasa,1,FALSE,0.0031,6e-4,0.0079,0.0024,138,78,321.95,0.0031,0.3009,123,0.0063,NA,NA,NA,NA,NA,NA,0.2172,0.005,187,0.0772,0.7722,0,0.0193,0,Bayes-M17-geo
Kabinda,Lomami,1,FALSE,0.0031,0.0015,0.0054,0.0029,121,98,148,0.0031,0.30620000000000003,122,0.0064,NA,NA,NA,NA,NA,NA,0.4382,0.0103,111,0.5097,0.5541,0,0.6892,0,Bayes-M17-geo
Kongolo,Tanganyika,1,FALSE,0.0031,0.0014,0.0055,0.0029,124,96,155.95,0.0031,0.3005,124,0.0063,NA,NA,NA,NA,NA,NA,0.6829,0.0158,85,0.8861,0.9228,0,0.9228,0,Bayes-M17-geo
Ferekeni,Maniema,1,FALSE,0.003,0.0015,0.0053,0.0029,123,97,185.95,0.003,0.2954,126,0.0061,NA,NA,NA,NA,NA,NA,0.3504,0.008,130,0.7722,0.0425,0,0.5869,0,Bayes-M17-geo
Lowa,Tshopo,1,FALSE,0.003,0.0015,0.0052,0.0029,123,100,175,0.003,0.2958,125,0.0062,NA,NA,NA,NA,NA,NA,0.4073,0.0093,120,0.8938,0.0598,0,0.6757,0,Bayes-M17-geo
Yakoma,Nord-Ubangi,1,FALSE,0.0029,0.0016,0.0047,0.0027,124,106,160,0.0029,0.2809,127,0.0058,NA,NA,NA,NA,NA,NA,0.6641,0.0144,92,0.7124,0.9479,0,0.9961,0,Bayes-M17-geo
Matete,Kinshasa,1,FALSE,0.0028,7e-4,0.0065,0.0024,140,91,303,0.0028,0.2738,130,0.0057,NA,NA,NA,NA,NA,NA,0.0492,0.001,379,0.0251,0.1158,0,0.056,0,Bayes-M17-geo
Kailo,Maniema,1,FALSE,0.0028,0.0015,0.0046,0.0027,126,115,143,0.0028,0.2735,131,0.0057,NA,NA,NA,NA,NA,NA,0.4276,0.009,123,0.832,0.0946,0,0.7838,0,Bayes-M17-geo
Kalima,Maniema,1,FALSE,0.0028,0.0016,0.0045,0.0027,127,118,134,0.0028,0.2744,129,0.0057,NA,NA,NA,NA,NA,NA,0.3094,0.0065,150,0.4595,0.3205,0,0.4575,0,Bayes-M17-geo
Lingomo,Tshuapa,1,FALSE,0.0028,0.0016,0.0045,0.0027,124,113,143,0.0028,0.2767,128,0.0058,NA,NA,NA,NA,NA,NA,0.5627,0.012,106,0.8263,0.5869,0,0.8378,0,Bayes-M17-geo
Mweka,Kasaï,1,FALSE,0.0027,0.0016,0.0041,0.0026,130,102,176,0.0027,0.2654,133,0.0055,NA,NA,NA,NA,NA,NA,0.5053,0.0103,112,0.4788,0.7239,0,0.8185,0,Bayes-M17-geo
Bandalungwa,Kinshasa,1,FALSE,0.0027,5e-4,0.0071,0.0022,149,85,340,0.0027,0.2675,132,0.0056,NA,NA,NA,NA,NA,NA,0.0709,0.0015,362,0.0328,0.2336,0,0.0174,0,Bayes-M17-geo
Barumbu,Kinshasa,1,FALSE,0.0027,5e-4,0.0068,0.0021,152,86,343,0.0027,0.2612,136,0.0054,NA,NA,NA,NA,NA,NA,0.014,3e-4,438,0.0097,0.0232,0,0.0232,0,Bayes-M17-geo
Alunguli,Maniema,1,FALSE,0.0027,0.0015,0.0044,0.0026,131.5,111,179,0.0027,0.2621,135,0.0055,NA,NA,NA,NA,NA,NA,0.3132,0.0063,156,0.1737,0.195,0,0.8842,0,Bayes-M17-geo
Ikela,Tshuapa,1,FALSE,0.0027,0.0015,0.0043,0.0026,131,118,149,0.0027,0.2627,134,0.0055,NA,NA,NA,NA,NA,NA,0.4633,0.0094,118,0.8147,0.1795,0,0.8591,0,Bayes-M17-geo
Kikimi,Kinshasa,1,FALSE,0.0026,7e-4,0.0056,0.0023,146,101,272.95,0.0026,0.254,141,0.0053,NA,NA,NA,NA,NA,NA,0.0835,0.0016,347,0.056,0.1911,0,0.0869,0,Bayes-M17-geo
Lubao,Lomami,1,FALSE,0.0026,0.0015,0.0042,0.0025,133,121,152,0.0026,0.2569,139,0.0053,NA,NA,NA,NA,NA,NA,0.3982,0.0079,133,0.6486,0.1525,0,0.7915,0,Bayes-M17-geo
Kibombo,Maniema,1,FALSE,0.0026,0.0015,0.0043,0.0025,132,115,162,0.0027,0.2583,137,0.0054,NA,NA,NA,NA,NA,NA,0.4614,0.0092,121,0.7452,0.1776,0,0.9228,0,Bayes-M17-geo
Wapinda,Nord-Ubangi,1,FALSE,0.0026,0.0015,0.0041,0.0025,134,111,187.95,0.0026,0.2522,142,0.0052,NA,NA,NA,NA,NA,NA,0.6791,0.0132,97,0.9015,0.8398,0,0.9749,0,Bayes-M17-geo
Kabalo,Tanganyika,1,FALSE,0.0026,0.0013,0.0046,0.0025,136,110,162,0.0026,0.2573,138,0.0054,NA,NA,NA,NA,NA,NA,0.624,0.0124,102,0.9035,0.7568,0,0.8359,0,Bayes-M17-geo
Nyunzu,Tanganyika,1,FALSE,0.0026,0.0013,0.0044,0.0025,135,118,151,0.0026,0.2543,140,0.0053,NA,NA,NA,NA,NA,NA,0.6023,0.0118,107,0.9653,0.834,0,0.61,0,Bayes-M17-geo
Monga,Bas-Uele,1,FALSE,0.0025,0.0014,0.0039,0.0024,138,117,175,0.0025,0.2418,143,0.005,NA,NA,NA,NA,NA,NA,0.7336,0.0137,96,0.9826,0.9672,0,0.9846,0,Bayes-M17-geo
Bumba,Mongala,1,FALSE,0.0025,0.0014,0.0039,0.0024,139,123,161,0.0025,0.241,144,0.005,NA,NA,NA,NA,NA,NA,0.2384,0.0044,207,0.1409,0.4537,0,0.3591,0,Bayes-M17-geo
Ngiri Ngiri,Kinshasa,1,FALSE,0.0024,5e-4,0.006,0.0019,167,95,352,0.0024,0.2346,145,0.0049,NA,NA,NA,NA,NA,NA,0.028,5e-4,424,0.0154,0.0676,0,0.029,0,Bayes-M17-geo
Lodja,Sankuru,1,FALSE,0.0024,0.001,0.0042,0.0022,147.5,111,214,0.0024,0.2312,146,0.0048,NA,NA,NA,NA,NA,NA,0.4626,0.0082,126,0.2625,0.6351,0,0.9527,0,Bayes-M17-geo
Luebo,Kasaï,1,FALSE,0.0023,0.0014,0.0035,0.0022,145,113.05,192.95,0.0023,0.2261,147,0.0047,NA,NA,NA,NA,NA,NA,0.4353,0.0076,137,0.5232,0.5116,0,0.7066,0,Bayes-M17-geo
Bena Leka,Kasaï-Central,1,FALSE,0.0023,0.0013,0.0034,0.0022,149,117,198,0.0023,0.2195,153,0.0046,NA,NA,NA,NA,NA,NA,0.4986,0.0084,124,0.6062,0.7162,0,0.6718,0,Bayes-M17-geo
Kananga,Kasaï-Central,1,FALSE,0.0023,0.0012,0.0038,0.0022,147,113,205.95,0.0023,0.2254,148,0.0047,NA,NA,NA,NA,NA,NA,0.2963,0.0051,181,0.1429,0.5579,0,0.4846,0,Bayes-M17-geo
Lemba,Kinshasa,1,FALSE,0.0023,5e-4,0.0056,0.0018,174,100.05,338,0.0023,0.2211,152,0.0046,NA,NA,NA,NA,NA,NA,0.1023,0.0017,340,0.0483,0.3069,0,0.0541,0,Bayes-M17-geo
Mulumba,Lomami,1,FALSE,0.0023,0.0012,0.0038,0.0022,146,128,164,0.0023,0.2254,149,0.0047,NA,NA,NA,NA,NA,NA,0.2587,0.0045,205,0.1834,0.3108,0,0.5405,0,Bayes-M17-geo
Pangi,Maniema,1,FALSE,0.0023,0.0012,0.0039,0.0022,148,117,218.95,0.0023,0.2232,150,0.0046,NA,NA,NA,NA,NA,NA,0.3316,0.0057,168,0.6081,0.056,0,0.6622,0,Bayes-M17-geo
Lomela,Sankuru,1,FALSE,0.0023,0.0012,0.0038,0.0021,148,130,174,0.0023,0.2217,151,0.0046,NA,NA,NA,NA,NA,NA,0.4759,0.0081,127,0.8456,0.1351,0,0.9228,0,Bayes-M17-geo
Ilebo,Kasaï,1,FALSE,0.0022,0.0014,0.0033,0.0022,148,117,206,0.0022,0.219,155,0.0046,NA,NA,NA,NA,NA,NA,0.3142,0.0053,179,0.2162,0.6139,0,0.4266,0,Bayes-M17-geo
Ludimbi Lukula,Lomami,1,FALSE,0.0022,0.0012,0.0035,0.002,154,134,186,0.0022,0.2098,161,0.0044,NA,NA,NA,NA,NA,NA,0.4513,0.0073,143,0.6931,0.3475,0,0.7645,0,Bayes-M17-geo
Ngandajika,Lomami,1,FALSE,0.0022,0.0012,0.0035,0.0021,154,136,173,0.0022,0.212,159,0.0044,NA,NA,NA,NA,NA,NA,0.3465,0.0057,170,0.2124,0.4459,0,0.7278,0,Bayes-M17-geo
Luputa,Lomami,1,FALSE,0.0022,0.0011,0.0038,0.0021,154,123,202,0.0022,0.2151,157,0.0045,NA,NA,NA,NA,NA,NA,0.3431,0.0057,169,0.3301,0.3166,0,0.7259,0,Bayes-M17-geo
Yamongili,Mongala,1,FALSE,0.0022,0.0014,0.0034,0.0022,148,136,164,0.0022,0.2191,154,0.0046,NA,NA,NA,NA,NA,NA,0.3243,0.0055,174,0.5116,0.3668,0,0.4189,0,Bayes-M17-geo
Wasolo,Nord-Ubangi,1,FALSE,0.0022,0.0012,0.0036,0.0021,152,121,221,0.0022,0.2123,158,0.0044,NA,NA,NA,NA,NA,NA,0.5709,0.0093,119,0.5541,0.7413,0,0.9884,0,Bayes-M17-geo
Mondombe,Tshuapa,1,FALSE,0.0022,0.0012,0.0038,0.0021,151,131,171,0.0022,0.2181,156,0.0045,NA,NA,NA,NA,NA,NA,0.4797,0.0081,129,0.6622,0.3726,0,0.8842,0,Bayes-M17-geo
Yalifafu,Tshuapa,1,FALSE,0.0022,0.0012,0.0035,0.0021,154,136,178,0.0022,0.2102,160,0.0044,NA,NA,NA,NA,NA,NA,0.4797,0.0078,134,0.7664,0.2683,0,0.8842,0,Bayes-M17-geo
Tshofa,Lomami,1,FALSE,0.0021,0.0011,0.0035,0.002,158,139,184,0.0021,0.2048,163,0.0043,NA,NA,NA,NA,NA,NA,0.4416,0.007,146,0.6757,0.3514,0,0.7394,0,Bayes-M17-geo
Mweneditu,Lomami,1,FALSE,0.0021,0.0011,0.0035,0.002,160,132,200,0.0021,0.2048,162,0.0043,NA,NA,NA,NA,NA,NA,0.2799,0.0044,209,0.166,0.3842,0,0.5695,0,Bayes-M17-geo
Mikalayi,Kasaï-Central,1,FALSE,0.002,0.0012,0.0031,0.0019,165,134,209,0.002,0.1954,166,0.0041,NA,NA,NA,NA,NA,NA,0.3948,0.0059,165,0.4517,0.5811,0,0.5463,0,Bayes-M17-geo
Kasansa,Kasaï-Oriental,1,FALSE,0.002,0.001,0.0033,0.0019,163,139,205,0.002,0.1979,164,0.0041,NA,NA,NA,NA,NA,NA,0.3349,0.0051,184,0.2568,0.6699,0,0.4131,0,Bayes-M17-geo
Kanda Kanda,Lomami,1,FALSE,0.002,0.0011,0.0033,0.0019,164,145,186,0.002,0.1968,165,0.0041,NA,NA,NA,NA,NA,NA,0.3012,0.0046,202,0.3185,0.1737,0,0.7124,0,Bayes-M17-geo
Bokungu,Tshuapa,1,FALSE,0.002,0.001,0.0034,0.0019,168.5,144,195,0.002,0.1936,167,0.004,NA,NA,NA,NA,NA,NA,0.49370000000000003,0.0074,141,0.695,0.3571,0,0.9228,0,Bayes-M17-geo
Kaniama,Haut-Lomami,1,FALSE,0.0019,9e-4,0.0033,0.0018,177,143,228,0.0019,0.1856,172,0.0039,NA,NA,NA,NA,NA,NA,0.582,0.0083,125,0.8533,0.6622,0,0.8127,0,Bayes-M17-geo
Demba,Kasaï-Central,1,FALSE,0.0019,0.0011,0.0029,0.0018,175,140,231,0.0019,0.1833,178,0.0038,NA,NA,NA,NA,NA,NA,0.4117,0.0058,166,0.4653,0.7143,0,0.4672,0,Bayes-M17-geo
Ndekesha,Kasaï-Central,1,FALSE,0.0019,0.0011,0.0028,0.0018,174,141,220,0.0019,0.1829,180,0.0038,NA,NA,NA,NA,NA,NA,0.4059,0.0057,167,0.4768,0.4498,0,0.6969,0,Bayes-M17-geo
Bonzola,Kasaï-Oriental,1,FALSE,0.0019,9e-4,0.0032,0.0018,180,141,246,0.0019,0.1812,182,0.0038,NA,NA,NA,NA,NA,NA,0.2958,0.0041,221,0.0927,0.7934,0,0.2973,0,Bayes-M17-geo
Kabeya Kamwanga,Kasaï-Oriental,1,FALSE,0.0019,0.001,0.003,0.0018,174,153,205.95,0.0019,0.1844,175,0.0038,NA,NA,NA,NA,NA,NA,0.2968,0.0042,216,0.3224,0.3919,0,0.473,0,Bayes-M17-geo
Kingasani,Kinshasa,1,FALSE,0.0019,5e-4,0.0044,0.0017,194,117,333,0.0019,0.1888,169,0.0039,NA,NA,NA,NA,NA,NA,0.0294,4e-4,431,0.0058,0.0405,0,0.0714,0,Bayes-M17-geo
Maluku 1,Kinshasa,1,FALSE,0.0019,6e-4,0.004,0.0017,187,127,290,0.0019,0.1879,170,0.0039,NA,NA,NA,NA,NA,NA,0.2321,0.0034,259,0.3475,0.4517,0,0.1293,0,Bayes-M17-geo
Maluku 2,Kinshasa,1,FALSE,0.0019,9e-4,0.0034,0.0018,173,154,203,0.0019,0.1889,168,0.0039,NA,NA,NA,NA,NA,NA,0.4184,0.0061,161,0.6834,0.5463,0,0.444,0,Bayes-M17-geo
Kamana,Lomami,1,FALSE,0.0019,0.001,0.0031,0.0018,175,150.05,213,0.0019,0.1829,179,0.0038,NA,NA,NA,NA,NA,NA,0.2944,0.0041,220,0.5309,0.0174,0,0.6293,0,Bayes-M17-geo
Tunda,Maniema,1,FALSE,0.0019,9e-4,0.0032,0.0017,178,133,261.95,0.0019,0.1812,183,0.0038,NA,NA,NA,NA,NA,NA,0.459,0.0064,153,0.8977,0.0541,0,0.8842,0,Bayes-M17-geo
Bosondjo,Mongala,1,FALSE,0.0019,0.0011,0.0031,0.0018,171,154,197.95,0.0019,0.1856,171,0.0039,NA,NA,NA,NA,NA,NA,0.3489,0.005,190,0.5618,0.1931,0,0.6409,0,Bayes-M17-geo
Katako Kombe,Sankuru,1,FALSE,0.0019,0.001,0.0032,0.0018,177,155,204,0.0019,0.184,176,0.0038,NA,NA,NA,NA,NA,NA,0.4703,0.0067,147,0.7857,0.1313,0,0.9643,0,Bayes-M17-geo
Omendjadi,Sankuru,1,FALSE,0.0019,0.001,0.0031,0.0018,174,153,202.95,0.0019,0.1839,177,0.0038,NA,NA,NA,NA,NA,NA,0.4262,0.006,163,0.5502,0.2317,0,0.9228,0,Bayes-M17-geo
Vanga Kete,Sankuru,1,FALSE,0.0019,0.001,0.0031,0.0018,175,153,200,0.0019,0.1845,174,0.0038,NA,NA,NA,NA,NA,NA,0.4503,0.0064,154,0.4672,0.4112,0,0.9228,0,Bayes-M17-geo
Tshumbe,Sankuru,1,FALSE,0.0019,0.0011,0.0031,0.0018,172,149,207.95,0.0019,0.1845,173,0.0038,NA,NA,NA,NA,NA,NA,0.3907,0.0056,171,0.5444,0.1718,0,0.8465,0,Bayes-M17-geo
Mompono,Tshuapa,1,FALSE,0.0019,0.001,0.0031,0.0018,174,148,215,0.0019,0.1827,181,0.0038,NA,NA,NA,NA,NA,NA,0.5598,0.0079,132,0.8089,0.6042,0,0.8263,0,Bayes-M17-geo
Kitenge,Haut-Lomami,1,FALSE,0.0018,8e-4,0.0031,0.0017,190,159,240,0.0018,0.1723,189,0.0036,NA,NA,NA,NA,NA,NA,0.5729,0.0076,136,0.8668,0.8069,0,0.6178,0,Bayes-M17-geo
Kakenge,Kasaï,1,FALSE,0.0018,0.0012,0.0027,0.0018,176,132,244,0.0019,0.1804,184,0.0038,NA,NA,NA,NA,NA,NA,0.4522,0.0063,159,0.5753,0.4788,0,0.7548,0,Bayes-M17-geo
Ndjili,Kinshasa,1,FALSE,0.0018,4e-4,0.004,0.0015,218,121.05,349,0.0018,0.1719,191,0.0036,NA,NA,NA,NA,NA,NA,0.0487,6e-4,412,0.027,0.1042,0,0.0637,0,Bayes-M17-geo
Kalambayi Kabanga,Lomami,1,FALSE,0.0018,0.001,0.0029,0.0017,182,164,209,0.0018,0.1768,185,0.0037,NA,NA,NA,NA,NA,NA,0.3132,0.0043,214,0.4556,0.1602,0,0.6371,0,Bayes-M17-geo
Abuzi,Nord-Ubangi,1,FALSE,0.0018,0.001,0.0029,0.0017,183,155,227,0.0018,0.1742,187,0.0036,NA,NA,NA,NA,NA,NA,0.7153,0.0096,117,0.9846,0.9054,0,0.971,0,Bayes-M17-geo
Ototo,Sankuru,1,FALSE,0.0018,0.001,0.0028,0.0017,191,165,222,0.0018,0.1709,192,0.0036,NA,NA,NA,NA,NA,NA,0.4561,0.006,164,0.5386,0.3629,0,0.9228,0,Bayes-M17-geo
Dikungu,Sankuru,1,FALSE,0.0018,0.001,0.0029,0.0017,188,164,221,0.0018,0.1732,188,0.0036,NA,NA,NA,NA,NA,NA,0.3779,0.005,186,0.4865,0.1409,0,0.8842,0,Bayes-M17-geo
Minga,Sankuru,1,FALSE,0.0018,0.001,0.0029,0.0017,184,160.05,216,0.0018,0.1753,186,0.0036,NA,NA,NA,NA,NA,NA,0.5347,0.0072,144,0.7838,0.471,0,0.8842,0,Bayes-M17-geo
Gemena,Sud-Ubangi,1,FALSE,0.0018,7e-4,0.0034,0.0016,200,128,291.95,0.0018,0.1723,190,0.0036,NA,NA,NA,NA,NA,NA,0.3277,0.0043,212,0.1776,0.2741,0,0.8591,0,Bayes-M17-geo
Manono,Tanganyika,1,FALSE,0.0018,8e-4,0.0032,0.0016,194,151,255,0.0018,0.1708,193,0.0036,NA,NA,NA,NA,NA,NA,0.5758,0.0076,138,0.8784,0.9537,0,0.471,0,Bayes-M17-geo
Kabongo,Haut-Lomami,1,FALSE,0.0017,7e-4,0.0032,0.0016,197,147.05,264,0.0017,0.1695,195,0.0035,NA,NA,NA,NA,NA,NA,0.5372,0.007,145,0.8108,0.778,0,0.5598,0,Bayes-M17-geo
Dibaya,Kasaï-Central,1,FALSE,0.0017,0.001,0.0026,0.0016,197,174,227,0.0017,0.1627,202,0.0034,NA,NA,NA,NA,NA,NA,0.3325,0.0042,219,0.3147,0.4479,0,0.5676,0,Bayes-M17-geo
Katende,Kasaï-Central,1,FALSE,0.0017,0.001,0.0027,0.0017,193,162,231,0.0017,0.167,200,0.0035,NA,NA,NA,NA,NA,NA,0.5154,0.0066,148,0.6525,0.6486,0,0.7606,0,Bayes-M17-geo
Muetshi,Kasaï-Central,1,FALSE,0.0017,0.0011,0.0025,0.0016,193,148,253,0.0017,0.1644,201,0.0034,NA,NA,NA,NA,NA,NA,0.4792,0.0061,162,0.6158,0.5386,0,0.7625,0,Bayes-M17-geo
Nzaba,Kasaï-Oriental,1,FALSE,0.0017,8e-4,0.0027,0.0016,199,165,247,0.0017,0.1627,203,0.0034,NA,NA,NA,NA,NA,NA,0.278,0.0035,253,0.1042,0.6931,0,0.3147,0,Bayes-M17-geo
Kalamu 2,Kinshasa,1,FALSE,0.0017,3e-4,0.0043,0.0013,240,111.05,376,0.0017,0.1676,199,0.0035,NA,NA,NA,NA,NA,NA,0.015,2e-4,444,0.0039,0.0154,0,0.0405,0,Bayes-M17-geo
Kingabwa,Kinshasa,1,FALSE,0.0017,4e-4,0.0041,0.0014,227,118,358,0.0017,0.169,197,0.0035,NA,NA,NA,NA,NA,NA,0.0478,6e-4,414,0.0425,0.0965,0,0.0521,0,Bayes-M17-geo
Binza Ozone,Kinshasa,1,FALSE,0.0017,3e-4,0.0047,0.0013,253,106,380,0.0018,0.1707,194,0.0036,NA,NA,NA,NA,NA,NA,0.152,0.002,332,0.0734,0.5232,0,0.0116,0,Bayes-M17-geo
Pimu,Mongala,1,FALSE,0.0017,9e-4,0.0029,0.0016,195.5,170,230,0.0017,0.1681,198,0.0035,NA,NA,NA,NA,NA,NA,0.4257,0.0055,172,0.583,0.3707,0,0.749,0,Bayes-M17-geo
Karawa,Nord-Ubangi,1,FALSE,0.0017,8e-4,0.003,0.0015,206,157,268,0.0017,0.161,205,0.0034,NA,NA,NA,NA,NA,NA,0.6404,0.0079,131,0.7568,0.973,0,0.832,0,Bayes-M17-geo
Wembo Nyama,Sankuru,1,FALSE,0.0017,9e-4,0.0028,0.0016,199,167,247,0.0017,0.1623,204,0.0034,NA,NA,NA,NA,NA,NA,0.4097,0.0051,182,0.5019,0.2143,0,0.9228,0,Bayes-M17-geo
Kiambi,Tanganyika,1,FALSE,0.0017,9e-4,0.0029,0.0016,191,161,235,0.0017,0.1693,196,0.0035,NA,NA,NA,NA,NA,NA,0.5709,0.0074,140,0.9807,0.6834,0,0.6197,0,Bayes-M17-geo
Mbandaka,Equateur,1,FALSE,0.0016,7e-4,0.0031,0.0015,214,165,266,0.0016,0.1588,211,0.0033,NA,NA,NA,NA,NA,NA,0.5164,0.0063,157,0.6409,0.9633,0,0.4614,0,Bayes-M17-geo
Tshikaji,Kasaï-Central,1,FALSE,0.0016,0.001,0.0024,0.0016,199,169,232,0.0016,0.1607,206,0.0033,NA,NA,NA,NA,NA,NA,0.3195,0.004,230,0.1873,0.5849,0,0.5058,0,Bayes-M17-geo
Tshikula,Kasaï-Central,1,FALSE,0.0016,0.001,0.0024,0.0015,209,166,268,0.0016,0.1516,216,0.0032,NA,NA,NA,NA,NA,NA,0.3296,0.0039,235,0.3919,0.3185,0,0.6081,0,Bayes-M17-geo
Luiza,Kasaï-Central,1,FALSE,0.0016,8e-4,0.0026,0.0015,214.5,176.05,262,0.0016,0.1522,215,0.0032,NA,NA,NA,NA,NA,NA,0.4218,0.0049,191,0.4807,0.6293,0,0.5772,0,Bayes-M17-geo
Masuika,Kasaï-Central,1,FALSE,0.0016,8e-4,0.0027,0.0016,205,161,259,0.0016,0.1595,210,0.0033,NA,NA,NA,NA,NA,NA,0.3885,0.0048,197,0.3263,0.5618,0,0.666,0,Bayes-M17-geo
Bibanga,Kasaï-Oriental,1,FALSE,0.0016,9e-4,0.0025,0.0015,210,194,225,0.0016,0.1535,214,0.0032,NA,NA,NA,NA,NA,NA,0.2978,0.0035,250,0.3127,0.4884,0,0.39,0,Bayes-M17-geo
Kalonda Est,Lomami,1,FALSE,0.0016,9e-4,0.0027,0.0015,209,178,251.95,0.0016,0.1551,213,0.0032,NA,NA,NA,NA,NA,NA,0.3292,0.0039,231,0.5425,0.1506,0,0.6236,0,Bayes-M17-geo
Kalenda,Lomami,1,FALSE,0.0016,9e-4,0.0027,0.0016,204,186,233,0.0016,0.1596,209,0.0033,NA,NA,NA,NA,NA,NA,0.2886,0.0035,247,0.388,0.1873,0,0.5792,0,Bayes-M17-geo
Boso Manzi,Mongala,1,FALSE,0.0016,9e-4,0.0026,0.0015,208,181,242,0.0016,0.1567,212,0.0033,NA,NA,NA,NA,NA,NA,0.3982,0.0048,194,0.5695,0.2278,0,0.7954,0,Bayes-M17-geo
Befale,Tshuapa,1,FALSE,0.0016,9e-4,0.0028,0.0016,202,178,236,0.0016,0.1604,207,0.0033,NA,NA,NA,NA,NA,NA,0.5145,0.0064,155,0.8822,0.4903,0,0.6853,0,Bayes-M17-geo
Boende,Tshuapa,1,FALSE,0.0016,7e-4,0.0029,0.0015,209,157,271,0.0016,0.1599,208,0.0033,NA,NA,NA,NA,NA,NA,0.4199,0.0052,180,0.6988,0.4807,0,0.5,0,Bayes-M17-geo
Ndjoko Mpunda,Kasaï,1,FALSE,0.0015,0.001,0.0023,0.0015,216,166,270,0.0015,0.1496,219,0.0031,NA,NA,NA,NA,NA,NA,0.333,0.0038,236,0.3977,0.2915,0,0.6429,0,Bayes-M17-geo
Kamwesha,Kasaï,1,FALSE,0.0015,7e-4,0.0025,0.0014,224,169,285,0.0015,0.1462,229,0.003,NA,NA,NA,NA,NA,NA,0.2732,0.0031,272,0.3456,0.2876,0,0.4595,0,Bayes-M17-geo
Bilomba,Kasaï-Central,1,FALSE,0.0015,9e-4,0.0023,0.0015,219,172,277,0.0015,0.1467,224,0.0031,NA,NA,NA,NA,NA,NA,0.4006,0.0045,203,0.3378,0.4421,0,0.8224,0,Bayes-M17-geo
Lubunga (Kasaï-Central),Kasaï-Central,1,FALSE,0.0015,8e-4,0.0024,0.0014,223,170,291,0.0015,0.1442,232,0.003,NA,NA,NA,NA,NA,NA,0.4599,0.0051,183,0.5637,0.4653,0,0.8108,0,Bayes-M17-geo
Tshibala,Kasaï-Central,1,FALSE,0.0015,9e-4,0.0024,0.0015,220,181,258,0.0015,0.1477,220,0.0031,NA,NA,NA,NA,NA,NA,0.4218,0.0048,195,0.4266,0.5772,0,0.6834,0,Bayes-M17-geo
Diulu,Kasaï-Oriental,1,FALSE,0.0015,8e-4,0.0024,0.0014,219,188,245,0.0015,0.1476,221,0.0031,NA,NA,NA,NA,NA,NA,0.2611,0.003,281,0.0676,0.6448,0,0.332,0,Bayes-M17-geo
Lukelenge,Kasaï-Oriental,1,FALSE,0.0015,8e-4,0.0024,0.0014,226,193,253,0.0015,0.1436,233,0.003,NA,NA,NA,NA,NA,NA,0.2249,0.0025,307,0.0811,0.5,0,0.3185,0,Bayes-M17-geo
Mukumbi,Kasaï-Oriental,1,FALSE,0.0015,9e-4,0.0024,0.0014,218,196.05,251,0.0015,0.1463,228,0.003,NA,NA,NA,NA,NA,NA,0.2249,0.0025,303,0.2413,0.1892,0,0.4691,0,Bayes-M17-geo
Tshilenge,Kasaï-Oriental,1,FALSE,0.0015,7e-4,0.0025,0.0014,222,180,268,0.0015,0.1473,222,0.0031,NA,NA,NA,NA,NA,NA,0.2799,0.0032,268,0.1892,0.668,0,0.2625,0,Bayes-M17-geo
Idiofa,Kwilu,1,FALSE,0.0015,6e-4,0.0029,0.0014,234,144,323,0.0015,0.1465,225,0.0031,NA,NA,NA,NA,NA,NA,0.486,0.0055,173,0.4537,0.749,0,0.7413,0,Bayes-M17-geo
Makota,Lomami,1,FALSE,0.0015,9e-4,0.0025,0.0015,214,179,265,0.0015,0.1499,218,0.0031,NA,NA,NA,NA,NA,NA,0.2587,0.003,277,0.1023,0.3764,0,0.556,0,Bayes-M17-geo
Binga,Mongala,1,FALSE,0.0015,8e-4,0.0025,0.0014,223,200,250,0.0015,0.1461,230,0.003,NA,NA,NA,NA,NA,NA,0.3306,0.0037,242,0.4749,0.249,0,0.5985,0,Bayes-M17-geo
Bongandanga,Mongala,1,FALSE,0.0015,8e-4,0.0026,0.0014,223,150,303,0.0015,0.147,223,0.0031,NA,NA,NA,NA,NA,NA,0.4228,0.0048,196,0.7587,0.0097,0,0.9228,0,Bayes-M17-geo
Bena Dibele,Sankuru,1,FALSE,0.0015,9e-4,0.0024,0.0015,214,178,260,0.0015,0.1503,217,0.0031,NA,NA,NA,NA,NA,NA,0.4093,0.0047,198,0.6216,0.1564,0,0.8591,0,Bayes-M17-geo
Djalo Ndjeka,Sankuru,1,FALSE,0.0015,8e-4,0.0026,0.0014,225,159.05,296,0.0015,0.1463,227,0.003,NA,NA,NA,NA,NA,NA,0.3378,0.0038,238,0.3591,0.0695,0,0.9228,0,Bayes-M17-geo
Lusambo,Sankuru,1,FALSE,0.0015,9e-4,0.0023,0.0014,226,191,260,0.0015,0.1443,231,0.003,NA,NA,NA,NA,NA,NA,0.4833,0.0054,177,0.6815,0.2992,0,0.9527,0,Bayes-M17-geo
Kansimba,Tanganyika,1,FALSE,0.0015,8e-4,0.0026,0.0014,224,207,243,0.0015,0.1465,226,0.0031,NA,NA,NA,NA,NA,NA,0.5497,0.0062,160,0.9479,0.7741,0,0.4768,0,Bayes-M17-geo
Kamina,Haut-Lomami,1,FALSE,0.0014,6e-4,0.0025,0.0013,250,188,301.95,0.0014,0.1334,247,0.0028,NA,NA,NA,NA,NA,NA,0.5164,0.0053,178,0.8301,0.8301,0,0.4054,0,Bayes-M17-geo
Bunkonde,Kasaï-Central,1,FALSE,0.0014,8e-4,0.0022,0.0013,238,172,310,0.0014,0.1345,243,0.0028,NA,NA,NA,NA,NA,NA,0.3523,0.0037,245,0.4015,0.278,0,0.7297,0,Bayes-M17-geo
Katoka,Kasaï-Central,1,FALSE,0.0014,9e-4,0.002,0.0013,236,186,292,0.0014,0.1348,241,0.0028,NA,NA,NA,NA,NA,NA,0.2645,0.0027,290,0.1216,0.473,0,0.4633,0,Bayes-M17-geo
Lukonga,Kasaï-Central,1,FALSE,0.0014,9e-4,0.0021,0.0014,227,196,263,0.0014,0.1411,234,0.0029,NA,NA,NA,NA,NA,NA,0.3282,0.0036,246,0.2239,0.6429,0,0.4459,0,Bayes-M17-geo
Bipemba,Kasaï-Oriental,1,FALSE,0.0014,7e-4,0.0022,0.0013,240,205,275,0.0014,0.133,249,0.0028,NA,NA,NA,NA,NA,NA,0.1544,0.0016,351,0.0618,0.2201,0,0.3359,0,Bayes-M17-geo
Cilundu,Kasaï-Oriental,1,FALSE,0.0014,7e-4,0.0022,0.0013,241,215,267,0.0014,0.1342,244,0.0028,NA,NA,NA,NA,NA,NA,0.221,0.0023,316,0.2317,0.3089,0,0.3436,0,Bayes-M17-geo
Citenge,Kasaï-Oriental,1,FALSE,0.0014,7e-4,0.0022,0.0013,240,203,270,0.0014,0.1348,242,0.0028,NA,NA,NA,NA,NA,NA,0.2321,0.0024,313,0.1583,0.4749,0,0.2954,0,Bayes-M17-geo
Mpokolo,Kasaï-Oriental,1,FALSE,0.0014,7e-4,0.0022,0.0013,242,209.05,276,0.0014,0.1325,250,0.0028,NA,NA,NA,NA,NA,NA,0.2901,0.003,283,0.1255,0.6873,0,0.3475,0,Bayes-M17-geo
Muya,Kasaï-Oriental,1,FALSE,0.0014,7e-4,0.0022,0.0013,240,206,273,0.0014,0.1334,248,0.0028,NA,NA,NA,NA,NA,NA,0.2495,0.0026,301,0.0753,0.5888,0,0.334,0,Bayes-M17-geo
Mukedi,Kwilu,1,FALSE,0.0014,7e-4,0.0023,0.0013,245,188.05,297,0.0014,0.1341,245,0.0028,NA,NA,NA,NA,NA,NA,0.4836,0.005,189,0.5367,0.7066,0,0.6911,0,Bayes-M17-geo
Bili (Nord-Ubangi),Nord-Ubangi,1,FALSE,0.0014,7e-4,0.0024,0.0013,245,198,282,0.0014,0.1349,240,0.0028,NA,NA,NA,NA,NA,NA,0.7075,0.0074,142,0.9247,0.9189,0,0.9865,0,Bayes-M17-geo
Bosobolo,Nord-Ubangi,1,FALSE,0.0014,7e-4,0.0024,0.0013,240,206,267,0.0014,0.1366,235,0.0028,NA,NA,NA,NA,NA,NA,0.7148,0.0075,139,0.9363,0.9459,0,0.9768,0,Bayes-M17-geo
Kole,Sankuru,1,FALSE,0.0014,8e-4,0.0022,0.0013,242,204,273,0.0014,0.135,239,0.0028,NA,NA,NA,NA,NA,NA,0.4802,0.005,188,0.7761,0.2606,0,0.8842,0,Bayes-M17-geo
Bwamanda,Sud-Ubangi,1,FALSE,0.0014,6e-4,0.0026,0.0013,247,182,305,0.0014,0.1358,237,0.0028,NA,NA,NA,NA,NA,NA,0.4667,0.0049,192,0.4189,0.7394,0,0.7085,0,Bayes-M17-geo
Tandala,Sud-Ubangi,1,FALSE,0.0014,6e-4,0.0025,0.0013,250,192,299,0.0014,0.1335,246,0.0028,NA,NA,NA,NA,NA,NA,0.4078,0.0042,217,0.2741,0.527,0,0.8301,0,Bayes-M17-geo
Ankoro,Tanganyika,1,FALSE,0.0014,7e-4,0.0025,0.0013,244,210,271,0.0014,0.1351,238,0.0028,NA,NA,NA,NA,NA,NA,0.6047,0.0063,158,0.9266,0.8282,0,0.6641,0,Bayes-M17-geo
Moba,Tanganyika,1,FALSE,0.0014,5e-4,0.0027,0.0013,252,170,315,0.0014,0.1363,236,0.0028,NA,NA,NA,NA,NA,NA,0.3808,0.004,225,0.6178,0.4942,0,0.4112,0,Bayes-M17-geo
Basankusu,Equateur,1,FALSE,0.0013,6e-4,0.0023,0.0012,263,222,289,0.0013,0.125,264,0.0026,NA,NA,NA,NA,NA,NA,0.6844,0.0066,149,0.9517,0.8629,0,0.9228,0,Bayes-M17-geo
Malemba Nkulu,Haut-Lomami,1,FALSE,0.0013,6e-4,0.0024,0.0012,264,209,302,0.0013,0.1255,262,0.0026,NA,NA,NA,NA,NA,NA,0.3895,0.0038,239,0.36870000000000003,0.7664,0,0.4228,0,Bayes-M17-geo
Dekese,Kasaï,1,FALSE,0.0013,8e-4,0.002,0.0013,248,189,300,0.0013,0.1303,253,0.0027,NA,NA,NA,NA,NA,NA,0.4633,0.0047,199,0.9189,0.2181,0,0.7162,0,Bayes-M17-geo
Lubondaie,Kasaï-Central,1,FALSE,0.0013,8e-4,0.0022,0.0013,244,193,300,0.0013,0.1314,251,0.0027,NA,NA,NA,NA,NA,NA,0.3147,0.0032,267,0.3822,0.1583,0,0.7181,0,Bayes-M17-geo
Yangala,Kasaï-Central,1,FALSE,0.0013,7e-4,0.0021,0.0012,252,227,270,0.0013,0.1284,260,0.0027,NA,NA,NA,NA,NA,NA,0.348,0.0034,254,0.5927,0.2259,0,0.5734,0,Bayes-M17-geo
Dibindi,Kasaï-Oriental,1,FALSE,0.0013,7e-4,0.0021,0.0013,251,208,286,0.0013,0.129,257,0.0027,NA,NA,NA,NA,NA,NA,0.1617,0.0016,349,0.0386,0.2954,0,0.3127,0,Bayes-M17-geo
Kansele,Kasaï-Oriental,1,FALSE,0.0013,7e-4,0.0021,0.0013,251,207,289,0.0013,0.1288,258,0.0027,NA,NA,NA,NA,NA,NA,0.2437,0.0024,312,0.0541,0.5965,0,0.3243,0,Bayes-M17-geo
Lubilanji,Kasaï-Oriental,1,FALSE,0.0013,7e-4,0.0021,0.0013,249,204,284,0.0013,0.1299,256,0.0027,NA,NA,NA,NA,NA,NA,0.1694,0.0017,342,0.0347,0.3398,0,0.3031,0,Bayes-M17-geo
Koshibanda,Kwilu,1,FALSE,0.0013,6e-4,0.0022,0.0012,265.5,204,316,0.0013,0.1228,268,0.0026,NA,NA,NA,NA,NA,NA,0.4913,0.0047,200,0.5193,0.6757,0,0.7703,0,Bayes-M17-geo
Kamiji,Lomami,1,FALSE,0.0013,7e-4,0.0022,0.0013,244.5,185,306,0.0013,0.1313,252,0.0027,NA,NA,NA,NA,NA,NA,0.2635,0.0027,295,0.3398,0.1293,0,0.5849,0,Bayes-M17-geo
Wikong,Lomami,1,FALSE,0.0013,7e-4,0.0022,0.0012,257,211,301,0.0013,0.1246,265,0.0026,NA,NA,NA,NA,NA,NA,0.3663,0.0035,251,0.2529,0.4228,0,0.7896,0,Bayes-M17-geo
Businga,Nord-Ubangi,1,FALSE,0.0013,7e-4,0.0021,0.0012,262,224,291,0.0013,0.1232,266,0.0026,NA,NA,NA,NA,NA,NA,0.6781,0.0064,152,0.9286,0.861,0,0.9228,0,Bayes-M17-geo
Loko,Nord-Ubangi,1,FALSE,0.0013,7e-4,0.0022,0.0012,254,218,280,0.0013,0.1284,259,0.0027,NA,NA,NA,NA,NA,NA,0.6535,0.0065,151,0.9402,0.9266,0,0.7471,0,Bayes-M17-geo
Mobayi Mbongo,Nord-Ubangi,1,FALSE,0.0013,7e-4,0.0022,0.0013,247,232,268,0.0013,0.1301,254,0.0027,NA,NA,NA,NA,NA,NA,0.5458,0.0055,175,0.9324,0.8166,0,0.4344,0,Bayes-M17-geo
Pania Mutombo,Sankuru,1,FALSE,0.0013,6e-4,0.0023,0.0012,258,188,319,0.0013,0.1253,263,0.0026,NA,NA,NA,NA,NA,NA,0.4117,0.004,229,0.7413,0.1236,0,0.7819,0,Bayes-M17-geo
Bogosenubea,Sud-Ubangi,1,FALSE,0.0013,6e-4,0.0023,0.0012,262,217,292,0.0013,0.1257,261,0.0026,NA,NA,NA,NA,NA,NA,0.4107,0.004,227,0.4981,0.3031,0,0.8417,0,Bayes-M17-geo
Bulu,Sud-Ubangi,1,FALSE,0.0013,7e-4,0.0021,0.0012,264,230,287,0.0013,0.1227,269,0.0026,NA,NA,NA,NA,NA,NA,0.3147,0.003,280,0.3649,0.1988,0,0.695,0,Bayes-M17-geo
Ndage,Sud-Ubangi,1,FALSE,0.0013,7e-4,0.0022,0.0013,252,217,275,0.0013,0.13,255,0.0027,NA,NA,NA,NA,NA,NA,0.3533,0.0035,248,0.3996,0.2761,0,0.7375,0,Bayes-M17-geo
Busanga,Tshuapa,1,FALSE,0.0013,6e-4,0.0022,0.0012,262,200,313,0.0013,0.1231,267,0.0026,NA,NA,NA,NA,NA,NA,0.4452,0.0042,215,0.6602,0.168,0,0.9527,0,Bayes-M17-geo
Bolomba,Equateur,1,FALSE,0.0012,5e-4,0.0021,0.0011,280,238.05,308,0.0012,0.1134,277,0.0024,NA,NA,NA,NA,NA,NA,0.6163,0.0054,176,0.9575,0.8533,0,0.6544,0,Bayes-M17-geo
Lubumbashi,Haut-Katanga,1,FALSE,0.0012,3e-4,0.0028,0.001,290,162,359,0.0012,0.1186,273,0.0025,NA,NA,NA,NA,NA,NA,0.1105,0.001,381,0.1081,0.2104,0,0.1236,0,Bayes-M17-geo
Mukanga,Haut-Lomami,1,FALSE,0.0012,6e-4,0.002,0.0011,281,257,293,0.0012,0.1124,280,0.0023,NA,NA,NA,NA,NA,NA,0.4739,0.0041,222,0.6853,0.6911,0,0.5193,0,Bayes-M17-geo
Tshikapa,Kasaï,1,FALSE,0.0012,5e-4,0.002,0.0011,279,212,328.95,0.0012,0.1128,279,0.0023,NA,NA,NA,NA,NA,NA,0.3156,0.0027,291,0.2722,0.6506,0,0.3398,0,Bayes-M17-geo
Bena Tshadi,Kasaï-Central,1,FALSE,0.0012,7e-4,0.002,0.0012,260.5,192,327,0.0012,0.1215,270,0.0025,NA,NA,NA,NA,NA,NA,0.472,0.0044,208,0.6699,0.3784,0,0.8398,0,Bayes-M17-geo
Mutoto,Kasaï-Central,1,FALSE,0.0012,7e-4,0.002,0.0012,261,201,319,0.0012,0.1207,271,0.0025,NA,NA,NA,NA,NA,NA,0.3441,0.0032,265,0.4575,0.361,0,0.5579,0,Bayes-M17-geo
Miabi,Kasaï-Oriental,1,FALSE,0.0012,6e-4,0.0019,0.0011,278,242,310,0.0012,0.1123,281,0.0023,NA,NA,NA,NA,NA,NA,0.2838,0.0025,310,0.2297,0.6525,0,0.2529,0,Bayes-M17-geo
Tshishimbi,Kasaï-Oriental,1,FALSE,0.0012,6e-4,0.002,0.0012,267,227,302,0.0012,0.1196,272,0.0025,NA,NA,NA,NA,NA,NA,0.1742,0.0016,350,0.1795,0.2471,0,0.2703,0,Bayes-M17-geo
Vanga,Kwilu,1,FALSE,0.0012,5e-4,0.0022,0.001,285.5,197,345,0.0012,0.1128,278,0.0024,NA,NA,NA,NA,NA,NA,0.5034,0.0044,210,0.3726,0.8205,0,0.8205,0,Bayes-M17-geo
Bulungu,Kwilu,1,FALSE,0.0012,5e-4,0.0022,0.0011,282,194,340,0.0012,0.1145,276,0.0024,NA,NA,NA,NA,NA,NA,0.4508,0.004,228,0.3571,0.6795,0,0.7664,0,Bayes-M17-geo
Boso Mondanda,Mongala,1,FALSE,0.0012,6e-4,0.0021,0.0011,275,239,303,0.0012,0.1148,275,0.0024,NA,NA,NA,NA,NA,NA,0.3716,0.0033,261,0.5869,0.1486,0,0.751,0,Bayes-M17-geo
Budjala,Sud-Ubangi,1,FALSE,0.0012,6e-4,0.0021,0.0011,272,234,295,0.0012,0.1184,274,0.0025,NA,NA,NA,NA,NA,NA,0.43,0.0039,233,0.5154,0.4035,0,0.8012,0,Bayes-M17-geo
Bukama,Haut-Lomami,1,FALSE,0.0011,5e-4,0.002,0.001,287,251,312,0.0011,0.1086,286,0.0023,NA,NA,NA,NA,NA,NA,0.4764,0.004,226,0.7143,0.7625,0,0.4286,0,Bayes-M17-geo
Kabondo Dianda,Haut-Lomami,1,FALSE,0.0011,5e-4,0.0019,0.001,288,266,303,0.0011,0.1072,289,0.0022,NA,NA,NA,NA,NA,NA,0.4107,0.0034,258,0.5888,0.5714,0,0.4826,0,Bayes-M17-geo
Kinkondja,Haut-Lomami,1,FALSE,0.0011,6e-4,0.0019,0.001,288,263,306,0.0011,0.1063,294,0.0022,NA,NA,NA,NA,NA,NA,0.4889,0.004,224,0.7278,0.6274,0,0.6004,0,Bayes-M17-geo
Mulongo,Haut-Lomami,1,FALSE,0.0011,5e-4,0.0019,0.001,290,266.05,304,0.0011,0.1067,290,0.0022,NA,NA,NA,NA,NA,NA,0.4773,0.0039,232,0.7471,0.7703,0,0.3919,0,Bayes-M17-geo
Kayamba,Haut-Lomami,1,FALSE,0.0011,5e-4,0.0019,0.001,293,233,342,0.0011,0.1043,297,0.0022,NA,NA,NA,NA,NA,NA,0.4276,0.0034,256,0.7027,0.4189,0,0.5888,0,Bayes-M17-geo
Kalonda Ouest,Kasaï,1,FALSE,0.0011,6e-4,0.0017,0.0011,282,245,319,0.0011,0.1077,288,0.0022,NA,NA,NA,NA,NA,NA,0.2239,0.0019,336,0.2915,0.251,0,0.3533,0,Bayes-M17-geo
Ndesha,Kasaï-Central,1,FALSE,0.0011,7e-4,0.0018,0.0011,277,207,342,0.0011,0.1106,283,0.0023,NA,NA,NA,NA,NA,NA,0.2317,0.002,334,0.1448,0.3456,0,0.4363,0,Bayes-M17-geo
Kalomba,Kasaï-Central,1,FALSE,0.0011,6e-4,0.0017,0.001,287.5,229,342,0.0011,0.1043,298,0.0022,NA,NA,NA,NA,NA,NA,0.2944,0.0024,314,0.3166,0.1467,0,0.7143,0,Bayes-M17-geo
Luambo,Kasaï-Central,1,FALSE,0.0011,6e-4,0.0018,0.0011,279,252,307,0.0011,0.1101,284,0.0023,NA,NA,NA,NA,NA,NA,0.3769,0.0032,266,0.5347,0.5656,0,0.4073,0,Bayes-M17-geo
Binza Meteo,Kinshasa,1,FALSE,0.0011,2e-4,0.003,8e-4,321,139,396,0.0011,0.1115,282,0.0023,NA,NA,NA,NA,NA,NA,0.2558,0.0022,324,0.0965,0.8996,0,0.027,0,Bayes-M17-geo
Mont Ngafula 1,Kinshasa,1,FALSE,0.0011,2e-4,0.0028,8e-4,329,152.05,396.95,0.0011,0.1041,299,0.0022,NA,NA,NA,NA,NA,NA,0.2066,0.0017,344,0.1371,0.6313,0,0.0579,0,Bayes-M17-geo
Selembao,Kinshasa,1,FALSE,0.0011,2e-4,0.0028,9e-4,317,145,390,0.0011,0.1092,285,0.0023,NA,NA,NA,NA,NA,NA,0.0676,6e-4,417,0.0444,0.1815,0,0.0444,0,Bayes-M17-geo
Kenge,Kwango,1,FALSE,0.0011,4e-4,0.0021,0.001,297,208,355,0.0011,0.1065,293,0.0022,NA,NA,NA,NA,NA,NA,0.5574,0.0046,201,0.6139,0.8127,0,0.8031,0,Bayes-M17-geo
Lusanga,Kwilu,1,FALSE,0.0011,4e-4,0.002,0.001,295,212,348,0.0011,0.1066,291,0.0022,NA,NA,NA,NA,NA,NA,0.4242,0.0035,252,0.4382,0.7297,0,0.529,0,Bayes-M17-geo
Kalamba,Lualaba,1,FALSE,0.0011,6e-4,0.0019,0.001,286,239,328,0.0011,0.1065,292,0.0022,NA,NA,NA,NA,NA,NA,0.4542,0.0037,240,0.8803,0.2375,0,0.6988,0,Bayes-M17-geo
Tshudi Loto,Sankuru,1,FALSE,0.0011,5e-4,0.002,0.001,286,215,345.95,0.0011,0.1079,287,0.0022,NA,NA,NA,NA,NA,NA,0.4237,0.0035,249,0.7683,0.0039,0,0.9228,0,Bayes-M17-geo
Bominenge,Sud-Ubangi,1,FALSE,0.0011,6e-4,0.0019,0.001,287,248,318,0.0011,0.1062,295,0.0022,NA,NA,NA,NA,NA,NA,0.3258,0.0027,296,0.2819,0.0985,0,0.9228,0,Bayes-M17-geo
Kungu,Sud-Ubangi,1,FALSE,0.0011,5e-4,0.0019,0.001,292,250,319,0.0011,0.106,296,0.0022,NA,NA,NA,NA,NA,NA,0.3711,0.003,275,0.3745,0.3359,0,0.7741,0,Bayes-M17-geo
Djombo,Equateur,1,FALSE,0.001,5e-4,0.0018,9e-4,302,244,347,0.001,0.0999,305,0.0021,NA,NA,NA,NA,NA,NA,0.6554,0.005,185,0.917,0.7819,0,0.9228,0,Bayes-M17-geo
Ingende,Equateur,1,FALSE,0.001,5e-4,0.0018,9e-4,303,280,317,0.001,0.0982,309,0.002,NA,NA,NA,NA,NA,NA,0.596,0.0045,204,0.9208,0.8571,0,0.6062,0,Bayes-M17-geo
Monieka,Equateur,1,FALSE,0.001,4e-4,0.0018,9e-4,311,230,366,0.001,0.0951,313,0.002,NA,NA,NA,NA,NA,NA,0.596,0.0044,211,0.9768,0.7336,0,0.6737,0,Bayes-M17-geo
Songa,Haut-Lomami,1,FALSE,0.001,5e-4,0.0018,0.001,296,261,325,0.001,0.102,300,0.0021,NA,NA,NA,NA,NA,NA,0.473,0.0037,243,0.9344,0.3533,0,0.6042,0,Bayes-M17-geo
Kanzala,Kasaï,1,FALSE,0.001,5e-4,0.0015,9e-4,306,279.05,334,0.001,0.0938,317,0.002,NA,NA,NA,NA,NA,NA,0.2046,0.0015,360,0.168,0.3127,0,0.3378,0,Bayes-M17-geo
Nyanga,Kasaï,1,FALSE,0.001,6e-4,0.0015,9e-4,305,258,347.95,0.001,0.0945,314,0.002,NA,NA,NA,NA,NA,NA,0.348,0.0025,304,0.4402,0.3803,0,0.5714,0,Bayes-M17-geo
Makala,Kinshasa,1,FALSE,0.001,2e-4,0.0025,9e-4,322,155,390,0.001,0.1007,303,0.0021,NA,NA,NA,NA,NA,NA,0.0246,2e-4,447,0.0116,0.0386,0,0.0483,0,Bayes-M17-geo
Mont Ngafula 2,Kinshasa,1,FALSE,0.001,2e-4,0.0027,8e-4,330,152,399,0.001,0.1009,302,0.0021,NA,NA,NA,NA,NA,NA,0.0951,7e-4,400,0.0849,0.2568,0,0.0386,0,Bayes-M17-geo
Gungu,Kwilu,1,FALSE,0.001,5e-4,0.0018,0.001,303,248,335,0.001,0.0993,308,0.0021,NA,NA,NA,NA,NA,NA,0.4237,0.0032,264,0.5058,0.6969,0,0.4923,0,Bayes-M17-geo
Ipamu,Kwilu,1,FALSE,0.001,4e-4,0.0019,9e-4,305,236,349,0.001,0.0995,307,0.0021,NA,NA,NA,NA,NA,NA,0.5454,0.0042,218,0.4903,0.7683,0,0.9228,0,Bayes-M17-geo
Kikwit Nord,Kwilu,1,FALSE,0.001,5e-4,0.0018,9e-4,303,240,340,0.001,0.1,304,0.0021,NA,NA,NA,NA,NA,NA,0.2915,0.0022,321,0.1236,0.5405,0,0.5019,0,Bayes-M17-geo
Masi Manimba,Kwilu,1,FALSE,0.001,4e-4,0.0017,9e-4,312,256,345,0.001,0.0942,315,0.002,NA,NA,NA,NA,NA,NA,0.4281,0.0031,270,0.332,0.4961,0,0.8842,0,Bayes-M17-geo
Yasa Bonga,Kwilu,1,FALSE,0.001,4e-4,0.0018,9e-4,314,248,356,0.001,0.0941,316,0.002,NA,NA,NA,NA,NA,NA,0.4206,0.0031,273,0.3031,0.5328,0,0.8465,0,Bayes-M17-geo
Manika,Lualaba,1,FALSE,0.001,3e-4,0.0021,9e-4,317,211.05,364.95,0.001,0.0975,311,0.002,NA,NA,NA,NA,NA,NA,0.1149,9e-4,390,0.0946,0.222,0,0.1429,0,Bayes-M17-geo
Gbadolite,Nord-Ubangi,1,FALSE,0.001,5e-4,0.0017,9e-4,302,276,323.95,0.001,0.0978,310,0.002,NA,NA,NA,NA,NA,NA,0.5183,0.0039,234,0.7915,0.9653,0,0.3166,0,Bayes-M17-geo
Bangabola,Sud-Ubangi,1,FALSE,0.001,5e-4,0.0017,9e-4,307,276,326,0.001,0.0959,312,0.002,NA,NA,NA,NA,NA,NA,0.3904,0.0029,288,0.3533,0.3494,0,0.8591,0,Bayes-M17-geo
Libenge,Sud-Ubangi,1,FALSE,0.001,5e-4,0.0019,0.001,300,258,327,0.001,0.1015,301,0.0021,NA,NA,NA,NA,NA,NA,0.3818,0.003,279,0.6293,0.3591,0,0.5386,0,Bayes-M17-geo
Mbaya,Sud-Ubangi,1,FALSE,0.001,5e-4,0.0017,9e-4,313,258,355,0.001,0.0926,318,0.0019,NA,NA,NA,NA,NA,NA,0.3142,0.0022,322,0.3514,0.2239,0,0.6815,0,Bayes-M17-geo
Monkoto,Tshuapa,1,FALSE,0.001,5e-4,0.0018,9e-4,301,268,322,0.001,0.0998,306,0.0021,NA,NA,NA,NA,NA,NA,0.5598,0.0043,213,0.9498,0.4054,0,0.8842,0,Bayes-M17-geo
Lotumbe,Equateur,1,FALSE,9e-4,4e-4,0.0016,8e-4,327,277,360,9e-4,0.0853,331,0.0018,NA,NA,NA,NA,NA,NA,0.5816,0.0038,237,0.9691,0.7085,0,0.6486,0,Bayes-M17-geo
Makanza,Equateur,1,FALSE,9e-4,5e-4,0.0017,9e-4,316,281,341,9e-4,0.0911,322,0.0019,NA,NA,NA,NA,NA,NA,0.639,0.0045,206,0.9537,0.7954,0,0.8069,0,Bayes-M17-geo
Mitwaba,Haut-Katanga,1,FALSE,9e-4,4e-4,0.0016,8e-4,329,278,360.95,9e-4,0.0845,334,0.0018,NA,NA,NA,NA,NA,NA,0.3528,0.0023,315,0.8012,0.0618,0,0.5483,0,Bayes-M17-geo
Mufunga Sampwe,Haut-Katanga,1,FALSE,9e-4,4e-4,0.0016,9e-4,320,294,335,9e-4,0.0895,325,0.0019,NA,NA,NA,NA,NA,NA,0.3774,0.0026,299,0.8185,0.0888,0,0.6023,0,Bayes-M17-geo
Kipushi,Haut-Katanga,1,FALSE,9e-4,2e-4,0.0018,7e-4,341,241.05,377,9e-4,0.0831,336,0.0017,NA,NA,NA,NA,NA,NA,0.1216,8e-4,395,0.2703,0.1081,0,0.1081,0,Bayes-M17-geo
Tshamilemba,Haut-Katanga,1,FALSE,9e-4,3e-4,0.002,8e-4,322,223,368,0.001,0.0926,319,0.0019,NA,NA,NA,NA,NA,NA,0.0772,6e-4,419,0.0656,0.1255,0,0.1178,0,Bayes-M17-geo
Lwamba,Haut-Lomami,1,FALSE,9e-4,4e-4,0.0016,8e-4,323,294,342,9e-4,0.087,329,0.0018,NA,NA,NA,NA,NA,NA,0.4865,0.0033,262,0.8069,0.6409,0,0.4981,0,Bayes-M17-geo
Mikope,Kasaï,1,FALSE,9e-4,4e-4,0.0015,8e-4,326.5,289,348,9e-4,0.085,332,0.0018,NA,NA,NA,NA,NA,NA,0.3996,0.0026,298,0.6776,0.2703,0,0.6506,0,Bayes-M17-geo
Kitangwa,Kasaï,1,FALSE,9e-4,5e-4,0.0015,9e-4,315,287,335,9e-4,0.0894,326,0.0019,NA,NA,NA,NA,NA,NA,0.3287,0.0023,318,0.6332,0.1062,0,0.5753,0,Bayes-M17-geo
Mutena,Kasaï,1,FALSE,9e-4,5e-4,0.0015,9e-4,311,279,338,9e-4,0.0914,321,0.0019,NA,NA,NA,NA,NA,NA,0.2336,0.0016,346,0.334,0.0753,0,0.5251,0,Bayes-M17-geo
Bobozo,Kasaï-Central,1,FALSE,9e-4,3e-4,0.0018,8e-4,322,180,403.95,9e-4,0.0899,324,0.0019,NA,NA,NA,NA,NA,NA,0.2336,0.0016,348,0.1602,0.2857,0,0.4884,0,Bayes-M17-geo
Djuma,Kwilu,1,FALSE,9e-4,4e-4,0.0017,9e-4,319,257.05,357,9e-4,0.0915,320,0.0019,NA,NA,NA,NA,NA,NA,0.5256,0.0037,244,0.4826,0.7355,0,0.8842,0,Bayes-M17-geo
Kikwit Sud,Kwilu,1,FALSE,9e-4,4e-4,0.0016,9e-4,319,280,344,9e-4,0.089,327,0.0019,NA,NA,NA,NA,NA,NA,0.3282,0.0023,319,0.1313,0.7008,0,0.4807,0,Bayes-M17-geo
Kimputu,Kwilu,1,FALSE,9e-4,4e-4,0.0015,8e-4,327,294,350,9e-4,0.0837,335,0.0017,NA,NA,NA,NA,NA,NA,0.5039,0.0033,263,0.4923,0.639,0,0.8842,0,Bayes-M17-geo
Mosango,Kwilu,1,FALSE,9e-4,5e-4,0.0015,8e-4,321,289,344,9e-4,0.0864,330,0.0018,NA,NA,NA,NA,NA,NA,0.515,0.0034,257,0.5463,0.7375,0,0.7761,0,Bayes-M17-geo
Kapanga,Lualaba,1,FALSE,9e-4,5e-4,0.0014,8e-4,326,313,339,9e-4,0.0829,337,0.0017,NA,NA,NA,NA,NA,NA,0.4112,0.0026,297,0.8514,0.3938,0,0.3996,0,Bayes-M17-geo
Kasaji,Lualaba,1,FALSE,9e-4,4e-4,0.0015,8e-4,327,300,338,9e-4,0.0849,333,0.0018,NA,NA,NA,NA,NA,NA,0.4648,0.003,274,0.8552,0.4923,0,0.5116,0,Bayes-M17-geo
Boto,Sud-Ubangi,1,FALSE,9e-4,4e-4,0.0016,8e-4,322,292,341,9e-4,0.0877,328,0.0018,NA,NA,NA,NA,NA,NA,0.3596,0.0024,311,0.3282,0.5174,0,0.5927,0,Bayes-M17-geo
Wema,Tshuapa,1,FALSE,9e-4,5e-4,0.0016,9e-4,318,281,345,9e-4,0.09,323,0.0019,NA,NA,NA,NA,NA,NA,0.4469,0.0031,271,0.8494,0.1332,0,0.805,0,Bayes-M17-geo
Bikoro,Equateur,1,FALSE,8e-4,4e-4,0.0014,7e-4,344,320,359,8e-4,0.075,348,0.0016,NA,NA,NA,NA,NA,NA,0.5951,0.0034,255,0.8127,0.8147,0,0.7529,0,Bayes-M17-geo
Iboko,Equateur,1,FALSE,8e-4,4e-4,0.0014,8e-4,338,299,363,8e-4,0.079,341,0.0016,NA,NA,NA,NA,NA,NA,0.612,0.0037,241,0.8282,0.7915,0,0.8282,0,Bayes-M17-geo
Mumbunda,Haut-Katanga,1,FALSE,8e-4,2e-4,0.0018,7e-4,354,244,388,8e-4,0.0772,345,0.0016,NA,NA,NA,NA,NA,NA,0.1853,0.0011,377,0.1197,0.5077,0,0.1139,0,Bayes-M17-geo
Pweto,Haut-Katanga,1,FALSE,8e-4,4e-4,0.0015,8e-4,333,303,348,8e-4,0.0815,339,0.0017,NA,NA,NA,NA,NA,NA,0.3518,0.0022,323,0.7992,0.2587,0,0.3494,0,Bayes-M17-geo
Kinda,Haut-Lomami,1,FALSE,8e-4,3e-4,0.0014,7e-4,347,274,392,8e-4,0.0741,352,0.0015,NA,NA,NA,NA,NA,NA,0.5077,0.0029,287,0.9884,0.4266,0,0.6158,0,Bayes-M17-geo
Banga Lubaka,Kasaï,1,FALSE,8e-4,4e-4,0.0013,8e-4,336,285,369,8e-4,0.0783,342,0.0016,NA,NA,NA,NA,NA,NA,0.3205,0.0019,335,0.5174,0.0444,0,0.7201,0,Bayes-M17-geo
Boko,Kwango,1,FALSE,8e-4,4e-4,0.0014,7e-4,345,312,365,8e-4,0.0747,349,0.0016,NA,NA,NA,NA,NA,NA,0.5121,0.0029,285,0.7336,0.61,0,0.7046,0,Bayes-M17-geo
Feshi,Kwango,1,FALSE,8e-4,4e-4,0.0014,7e-4,341,306.05,361,8e-4,0.0769,346,0.0016,NA,NA,NA,NA,NA,NA,0.5082,0.003,276,0.7317,0.5425,0,0.7587,0,Bayes-M17-geo
Bagata,Kwilu,1,FALSE,8e-4,4e-4,0.0014,7e-4,347,309,369,8e-4,0.0743,350,0.0015,NA,NA,NA,NA,NA,NA,0.5135,0.0029,286,0.6795,0.695,0,0.6795,0,Bayes-M17-geo
Mokala,Kwilu,1,FALSE,8e-4,4e-4,0.0015,8e-4,338,286,368,8e-4,0.0803,340,0.0017,NA,NA,NA,NA,NA,NA,0.5118,0.0032,269,0.4228,0.6718,0,0.9527,0,Bayes-M17-geo
Mungindu,Kwilu,1,FALSE,8e-4,4e-4,0.0013,7e-4,338,321,352,8e-4,0.0765,347,0.0016,NA,NA,NA,NA,NA,NA,0.3818,0.0023,320,0.4691,0.5367,0,0.5212,0,Bayes-M17-geo
Pay Kongila,Kwilu,1,FALSE,8e-4,4e-4,0.0014,8e-4,339,305.05,359,8e-4,0.0781,344,0.0016,NA,NA,NA,NA,NA,NA,0.4488,0.0027,293,0.5135,0.6467,0,0.6351,0,Bayes-M17-geo
Kafakumba,Lualaba,1,FALSE,8e-4,4e-4,0.0015,8e-4,330,288,358,8e-4,0.0827,338,0.0017,NA,NA,NA,NA,NA,NA,0.4648,0.003,282,0.8687,0.2027,0,0.7876,0,Bayes-M17-geo
Sandoa,Lualaba,1,FALSE,8e-4,4e-4,0.0014,7e-4,337,317,350,8e-4,0.0782,343,0.0016,NA,NA,NA,NA,NA,NA,0.5536,0.0033,260,0.9421,0.6815,0,0.5907,0,Bayes-M17-geo
Bokonzi,Sud-Ubangi,1,FALSE,8e-4,3e-4,0.0014,7e-4,347,324,354,8e-4,0.0742,351,0.0015,NA,NA,NA,NA,NA,NA,0.236,0.0013,366,0.4305,0.083,0,0.4305,0,Bayes-M17-geo
Kilwa,Haut-Katanga,1,FALSE,7e-4,3e-4,0.0013,6e-4,355,328,366,7e-4,0.0688,358,0.0014,NA,NA,NA,NA,NA,NA,0.3764,0.002,333,0.749,0.39,0,0.3668,0,Bayes-M17-geo
Butumba,Haut-Lomami,1,FALSE,7e-4,3e-4,0.0012,6e-4,360,320,386,7e-4,0.0644,364,0.0013,NA,NA,NA,NA,NA,NA,0.4595,0.0023,317,0.7973,0.4151,0,0.6255,0,Bayes-M17-geo
Baka,Haut-Lomami,1,FALSE,7e-4,3e-4,0.0013,6e-4,362,280,409,7e-4,0.0643,365,0.0013,NA,NA,NA,NA,NA,NA,0.4319,0.0021,325,0.4344,0.8919,0,0.4015,0,Bayes-M17-geo
Ngaba,Kinshasa,1,FALSE,7e-4,2e-4,0.0018,6e-4,364,215,411,7e-4,0.0721,353,0.0015,NA,NA,NA,NA,NA,NA,0.014,1e-4,454,0,0.0058,0,0.0502,0,Bayes-M17-geo
Kisanji,Kwango,1,FALSE,7e-4,4e-4,0.0012,7e-4,351,315,376,7e-4,0.0695,355,0.0014,NA,NA,NA,NA,NA,NA,0.5574,0.003,278,0.8417,0.6544,0,0.7336,0,Bayes-M17-geo
Panzi,Kwango,1,FALSE,7e-4,3e-4,0.0013,7e-4,355,317,381,7e-4,0.0686,359,0.0014,NA,NA,NA,NA,NA,NA,0.5236,0.0028,289,0.7548,0.583,0,0.7568,0,Bayes-M17-geo
Kimbao,Kwango,1,FALSE,7e-4,3e-4,0.0012,6e-4,357,332,375,7e-4,0.0669,360,0.0014,NA,NA,NA,NA,NA,NA,0.5743,0.003,284,0.7201,0.7181,0,0.8591,0,Bayes-M17-geo
Kikongo,Kwilu,1,FALSE,7e-4,3e-4,0.0013,7e-4,354,323,374,7e-4,0.0691,357,0.0014,NA,NA,NA,NA,NA,NA,0.5024,0.0027,294,0.6969,0.6023,0,0.7104,0,Bayes-M17-geo
Sia,Kwilu,1,FALSE,7e-4,3e-4,0.0012,6e-4,359,336,375,7e-4,0.0654,362,0.0014,NA,NA,NA,NA,NA,NA,0.3986,0.002,331,0.4151,0.3822,0,0.7973,0,Bayes-M17-geo
Kingandu,Kwilu,1,FALSE,7e-4,4e-4,0.0012,6e-4,356,335,369,7e-4,0.0667,361,0.0014,NA,NA,NA,NA,NA,NA,0.4923,0.0025,305,0.7162,0.6583,0,0.5946,0,Bayes-M17-geo
Moanza,Kwilu,1,FALSE,7e-4,3e-4,0.0011,6e-4,359,334,378,7e-4,0.0647,363,0.0013,NA,NA,NA,NA,NA,NA,0.52,0.0026,300,0.5985,0.529,0,0.9527,0,Bayes-M17-geo
Lubudi,Lualaba,1,FALSE,7e-4,3e-4,0.0013,7e-4,353,315,375,7e-4,0.0691,356,0.0014,NA,NA,NA,NA,NA,NA,0.4667,0.0025,308,0.9151,0.4614,0,0.4903,0,Bayes-M17-geo
Inongo,Mai-Ndombe,1,FALSE,7e-4,3e-4,0.0014,7e-4,352,319,373,7e-4,0.0714,354,0.0015,NA,NA,NA,NA,NA,NA,0.4952,0.0027,292,0.7645,0.2934,0,0.9228,0,Bayes-M17-geo
Pendjwa,Mai-Ndombe,1,FALSE,7e-4,3e-4,0.0012,6e-4,361,321,388,7e-4,0.0643,366,0.0013,NA,NA,NA,NA,NA,NA,0.4319,0.0021,326,0.7008,0.2124,0,0.8147,0,Bayes-M17-geo
Mawuya,Sud-Ubangi,1,FALSE,7e-4,3e-4,0.0012,6e-4,359,346,364,7e-4,0.0641,367,0.0013,NA,NA,NA,NA,NA,NA,0.2654,0.0013,368,0.444,0.2394,0,0.3784,0,Bayes-M17-geo
Bumbu,Kinshasa,1,FALSE,6e-4,1e-4,0.0014,5e-4,384,270,428,6e-4,0.055,374,0.0011,NA,NA,NA,NA,NA,NA,0.0164,1e-4,456,0.0019,0.029,0,0.0347,0,Bayes-M17-geo
Biyela,Kinshasa,1,FALSE,6e-4,2e-4,0.0014,5e-4,371,289.05,403,6e-4,0.0608,368,0.0013,NA,NA,NA,NA,NA,NA,0.1076,5e-4,425,0.0637,0.2838,0,0.083,0,Bayes-M17-geo
Kimbanseke,Kinshasa,1,FALSE,6e-4,2e-4,0.0014,5e-4,373,288.05,405,6e-4,0.0595,371,0.0012,NA,NA,NA,NA,NA,NA,0.0526,2e-4,442,0.0521,0.0849,0,0.0734,0,Bayes-M17-geo
Kahemba,Kwango,1,FALSE,6e-4,3e-4,0.0011,6e-4,366,347,380,6e-4,0.06,369,0.0013,NA,NA,NA,NA,NA,NA,0.5367,0.0025,309,0.8958,0.7278,0,0.5232,0,Bayes-M17-geo
Wamba Lwadi,Kwango,1,FALSE,6e-4,3e-4,0.0011,6e-4,366,345,385,6e-4,0.06,370,0.0012,NA,NA,NA,NA,NA,NA,0.5492,0.0025,302,0.6467,0.8185,0,0.7317,0,Bayes-M17-geo
Fungurume,Lualaba,1,FALSE,6e-4,2e-4,0.0012,5e-4,374,325,397,6e-4,0.0563,373,0.0012,NA,NA,NA,NA,NA,NA,0.1564,7e-4,409,0.2664,0.1622,0,0.1969,0,Bayes-M17-geo
Kiri,Mai-Ndombe,1,FALSE,6e-4,3e-4,0.0011,5e-4,369,351,388,6e-4,0.0575,372,0.0012,NA,NA,NA,NA,NA,NA,0.5685,0.0025,306,0.8745,0.4768,0,0.9228,0,Bayes-M17-geo
Bomongo,Equateur,1,FALSE,5e-4,2e-4,8e-4,4e-4,387,369,410,5e-4,0.0445,388,9e-4,NA,NA,NA,NA,NA,NA,0.5907,0.002,330,0.9788,0.8475,0,0.5367,0,Bayes-M17-geo
Wangata,Equateur,1,FALSE,5e-4,2e-4,0.001,5e-4,381,370,396,5e-4,0.0489,382,0.001,NA,NA,NA,NA,NA,NA,0.417,0.0016,352,0.2336,0.9865,0,0.4479,0,Bayes-M17-geo
Kapolowe,Haut-Katanga,1,FALSE,5e-4,2e-4,9e-4,4e-4,384,362,396,5e-4,0.0473,386,0.001,NA,NA,NA,NA,NA,NA,0.3026,0.0011,376,0.5579,0.444,0,0.2085,0,Bayes-M17-geo
Lukafu,Haut-Katanga,1,FALSE,5e-4,2e-4,0.001,5e-4,378,366,393,5e-4,0.0501,379,0.001,NA,NA,NA,NA,NA,NA,0.4015,0.0016,356,0.888,0.3243,0,0.3938,0,Bayes-M17-geo
Kisenso,Kinshasa,1,FALSE,5e-4,1e-4,0.0012,4e-4,388.5,303,425,5e-4,0.05,380,0.001,NA,NA,NA,NA,NA,NA,0.0589,2e-4,443,0.0367,0.139,0,0.0598,0,Bayes-M17-geo
Mwela Lembwa,Kwango,1,FALSE,5e-4,3e-4,0.001,5e-4,374,353,401,5e-4,0.0528,376,0.0011,NA,NA,NA,NA,NA,NA,0.4397,0.0018,338,0.6506,0.3224,0,0.7857,0,Bayes-M17-geo
Popokabaka,Kwango,1,FALSE,5e-4,2e-4,0.001,5e-4,382,355,414,5e-4,0.0486,383,0.001,NA,NA,NA,NA,NA,NA,0.5507,0.0021,329,0.7703,0.7876,0,0.6448,0,Bayes-M17-geo
Dilala,Lualaba,1,FALSE,5e-4,1e-4,0.001,4e-4,391,351,413,5e-4,0.0448,387,9e-4,NA,NA,NA,NA,NA,NA,0.1347,5e-4,430,0.1506,0.2548,0,0.1332,0,Bayes-M17-geo
Banzow Moke,Mai-Ndombe,1,FALSE,5e-4,2e-4,0.001,5e-4,375,358,397,5e-4,0.0528,375,0.0011,NA,NA,NA,NA,NA,NA,0.5236,0.0021,327,0.6892,0.5212,0,0.8842,0,Bayes-M17-geo
Ntandembelo,Mai-Ndombe,1,FALSE,5e-4,2e-4,9e-4,5e-4,380,363,404,5e-4,0.0497,381,0.001,NA,NA,NA,NA,NA,NA,0.4595,0.0018,339,0.6023,0.4633,0,0.7722,0,Bayes-M17-geo
Oshwe,Mai-Ndombe,1,FALSE,5e-4,2e-4,9e-4,4e-4,390,367,421,5e-4,0.0445,389,9e-4,NA,NA,NA,NA,NA,NA,0.4855,0.0017,343,0.8764,0.3301,0,0.7355,0,Bayes-M17-geo
Bosobe,Mai-Ndombe,1,FALSE,5e-4,2e-4,9e-4,5e-4,378,361,402,5e-4,0.0503,378,0.001,NA,NA,NA,NA,NA,NA,0.4406,0.0017,341,0.4942,0.4093,0,0.8591,0,Bayes-M17-geo
Kwamouth,Mai-Ndombe,1,FALSE,5e-4,2e-4,8e-4,4e-4,388,376,401,5e-4,0.0444,390,9e-4,NA,NA,NA,NA,NA,NA,0.43,0.0015,361,0.8707,0.417,0,0.4324,0,Bayes-M17-geo
Mushie,Mai-Ndombe,1,FALSE,5e-4,2e-4,9e-4,4e-4,383,367,406,5e-4,0.0474,385,0.001,NA,NA,NA,NA,NA,NA,0.4291,0.0016,354,0.7394,0.3649,0,0.612,0,Bayes-M17-geo
Nioki,Mai-Ndombe,1,FALSE,5e-4,2e-4,0.001,5e-4,375,359,394,5e-4,0.0522,377,0.0011,NA,NA,NA,NA,NA,NA,0.389,0.0016,355,0.61,0.3958,0,0.5502,0,Bayes-M17-geo
Zongo,Sud-Ubangi,1,FALSE,5e-4,2e-4,9e-4,5e-4,381,366,396,5e-4,0.0475,384,0.001,NA,NA,NA,NA,NA,NA,0.2418,9e-4,389,0.278,0.4131,0,0.2761,0,Bayes-M17-geo
Bolenge,Equateur,1,FALSE,4e-4,2e-4,7e-4,4e-4,399,377,426,4e-4,0.0378,400,8e-4,NA,NA,NA,NA,NA,NA,0.5391,0.0016,353,0.7954,0.8514,0,0.5097,0,Bayes-M17-geo
Mampoko,Equateur,1,FALSE,4e-4,1e-4,7e-4,3e-4,403,370,435,4e-4,0.0359,404,7e-4,NA,NA,NA,NA,NA,NA,0.5135,0.0014,364,0.8919,0.5058,0,0.6564,0,Bayes-M17-geo
Kambove,Haut-Katanga,1,FALSE,4e-4,2e-4,9e-4,4e-4,391,365,403,4e-4,0.0437,391,9e-4,NA,NA,NA,NA,NA,NA,0.306,0.001,380,0.4247,0.6236,0,0.1757,0,Bayes-M17-geo
Likasi,Haut-Katanga,1,FALSE,4e-4,1e-4,8e-4,4e-4,401,381,407,4e-4,0.0386,399,8e-4,NA,NA,NA,NA,NA,NA,0.1728,5e-4,421,0.112,0.4208,0,0.1583,0,Bayes-M17-geo
Kampemba,Haut-Katanga,1,FALSE,4e-4,1e-4,8e-4,3e-4,410,374,429,4e-4,0.0356,406,7e-4,NA,NA,NA,NA,NA,NA,0.0531,1e-4,449,0.0598,0.0367,0,0.1158,0,Bayes-M17-geo
Ruashi,Haut-Katanga,1,FALSE,4e-4,1e-4,8e-4,3e-4,409,378.05,425,4e-4,0.0354,407,7e-4,NA,NA,NA,NA,NA,NA,0.0705,2e-4,445,0.0985,0.0637,0,0.1197,0,Bayes-M17-geo
Sakania,Haut-Katanga,1,FALSE,4e-4,1e-4,8e-4,3e-4,409,376,430,4e-4,0.0356,405,7e-4,NA,NA,NA,NA,NA,NA,0.2775,8e-4,399,0.7375,0.2355,0,0.1371,0,Bayes-M17-geo
Kamonia,Kasaï,1,FALSE,4e-4,1e-4,7e-4,3e-4,407,363,430,4e-4,0.036,403,8e-4,NA,NA,NA,NA,NA,NA,0.14,4e-4,434,0.3707,0.11,0,0.0792,0,Bayes-M17-geo
Luozi,Kongo-Central,1,FALSE,4e-4,2e-4,7e-4,3e-4,403,385,422,4e-4,0.0366,402,8e-4,NA,NA,NA,NA,NA,NA,0.5241,0.0015,359,0.7355,0.8861,0,0.4749,0,Bayes-M17-geo
Kimvula,Kongo-Central,1,FALSE,4e-4,2e-4,8e-4,4e-4,394,376,413,4e-4,0.0414,396,9e-4,NA,NA,NA,NA,NA,NA,0.569,0.0018,337,0.8629,0.8784,0,0.5347,0,Bayes-M17-geo
Kisantu,Kongo-Central,1,FALSE,4e-4,1e-4,8e-4,3e-4,407,376,434,4e-4,0.0352,408,7e-4,NA,NA,NA,NA,NA,NA,0.418,0.0011,374,0.5039,0.9903,0,0.1776,0,Bayes-M17-geo
Ngidinga,Kongo-Central,1,FALSE,4e-4,2e-4,7e-4,4e-4,401,386,416,4e-4,0.0375,401,8e-4,NA,NA,NA,NA,NA,NA,0.4488,0.0013,369,0.6544,0.7432,0,0.3977,0,Bayes-M17-geo
Kajiji,Kwango,1,FALSE,4e-4,2e-4,8e-4,4e-4,388,368,412,4e-4,0.043,393,9e-4,NA,NA,NA,NA,NA,NA,0.3533,0.0012,372,0.7934,0.1544,0,0.4653,0,Bayes-M17-geo
Bandundu,Kwilu,1,FALSE,4e-4,2e-4,8e-4,4e-4,391,368,416,4e-4,0.0426,394,9e-4,NA,NA,NA,NA,NA,NA,0.3364,0.0011,375,0.3436,0.751,0,0.251,0,Bayes-M17-geo
Bunkeya,Lualaba,1,FALSE,4e-4,2e-4,8e-4,4e-4,394,357.05,424,4e-4,0.0411,397,9e-4,NA,NA,NA,NA,NA,NA,0.4218,0.0013,367,0.8243,0.5019,0,0.361,0,Bayes-M17-geo
Kanzenze,Lualaba,1,FALSE,4e-4,2e-4,8e-4,4e-4,395,374,403,4e-4,0.0414,395,9e-4,NA,NA,NA,NA,NA,NA,0.2389,8e-4,398,0.6255,0.1429,0,0.1873,0,Bayes-M17-geo
Lualaba,Lualaba,1,FALSE,4e-4,2e-4,9e-4,4e-4,393,367,405,4e-4,0.0431,392,9e-4,NA,NA,NA,NA,NA,NA,0.1404,5e-4,429,0.3552,0.0347,0,0.1718,0,Bayes-M17-geo
Mutshatsha,Lualaba,1,FALSE,4e-4,1e-4,8e-4,4e-4,399,339.05,439,4e-4,0.0393,398,8e-4,NA,NA,NA,NA,NA,NA,0.3808,0.0012,373,0.971,0.1023,0,0.4498,0,Bayes-M17-geo
Lilanga Bobangi,Equateur,1,FALSE,3e-4,1e-4,6e-4,2e-4,428,383,450,3e-4,0.0267,427,6e-4,NA,NA,NA,NA,NA,NA,0.4117,8e-4,391,0.9382,0.2664,0,0.4421,0,Bayes-M17-geo
Lukolela,Equateur,1,FALSE,3e-4,1e-4,7e-4,3e-4,409,391,426,3e-4,0.0338,410,7e-4,NA,NA,NA,NA,NA,NA,0.5787,0.0015,357,0.944,0.9151,0,0.4556,0,Bayes-M17-geo
Ntondo,Equateur,1,FALSE,3e-4,1e-4,7e-4,3e-4,414,381,442,3e-4,0.0318,416,7e-4,NA,NA,NA,NA,NA,NA,0.6125,0.0015,358,0.8996,0.7259,0,0.8243,0,Bayes-M17-geo
Kikula,Haut-Katanga,1,FALSE,3e-4,1e-4,7e-4,3e-4,409,390,419,3e-4,0.0335,412,7e-4,NA,NA,NA,NA,NA,NA,0.0951,2e-4,440,0.1062,0.1139,0,0.1602,0,Bayes-M17-geo
Kilela Balanda,Haut-Katanga,1,FALSE,3e-4,1e-4,6e-4,3e-4,419,391,435,3e-4,0.0294,421,6e-4,NA,NA,NA,NA,NA,NA,0.3132,7e-4,404,0.9228,0.0927,0,0.2375,0,Bayes-M17-geo
Panda,Haut-Katanga,1,FALSE,3e-4,1e-4,7e-4,3e-4,411,392,423,3e-4,0.0325,415,7e-4,NA,NA,NA,NA,NA,NA,0.2027,5e-4,423,0.1622,0.4826,0,0.166,0,Bayes-M17-geo
Kafubu,Haut-Katanga,1,FALSE,3e-4,1e-4,6e-4,3e-4,421,408.05,427,3e-4,0.0289,422,6e-4,NA,NA,NA,NA,NA,NA,0.2104,5e-4,428,0.6042,0.0869,0,0.1506,0,Bayes-M17-geo
Kasenga,Haut-Katanga,1,FALSE,3e-4,1e-4,7e-4,3e-4,416,396,425,3e-4,0.0317,417,7e-4,NA,NA,NA,NA,NA,NA,0.3953,0.001,384,0.8166,0.6255,0,0.139,0,Bayes-M17-geo
Kashobwe,Haut-Katanga,1,FALSE,3e-4,1e-4,6e-4,2e-4,426,398,438,3e-4,0.0272,425,6e-4,NA,NA,NA,NA,NA,NA,0.3243,7e-4,408,0.805,0.3012,0,0.1911,0,Bayes-M17-geo
Kisanga,Haut-Katanga,1,FALSE,3e-4,1e-4,7e-4,3e-4,418.5,387,434,3e-4,0.0316,418,7e-4,NA,NA,NA,NA,NA,NA,0.1081,3e-4,439,0.1293,0.2008,0,0.1023,0,Bayes-M17-geo
Lukula,Kongo-Central,1,FALSE,3e-4,1e-4,6e-4,2e-4,427,405,446,3e-4,0.0266,428,6e-4,NA,NA,NA,NA,NA,NA,0.3933,8e-4,393,0.529,0.8745,0,0.1699,0,Bayes-M17-geo
Nsona Mpangu,Kongo-Central,1,FALSE,3e-4,1e-4,5e-4,2e-4,430,417,440,3e-4,0.0248,429,5e-4,NA,NA,NA,NA,NA,NA,0.4165,8e-4,394,0.722,0.7645,0,0.1795,0,Bayes-M17-geo
Seke Banza,Kongo-Central,1,FALSE,3e-4,1e-4,6e-4,3e-4,422,407,439,3e-4,0.0281,424,6e-4,NA,NA,NA,NA,NA,NA,0.4513,0.001,383,0.6351,0.9498,0,0.2201,0,Bayes-M17-geo
Boko Kivulu,Kongo-Central,1,FALSE,3e-4,1e-4,7e-4,3e-4,411,393,430,3e-4,0.0326,414,7e-4,NA,NA,NA,NA,NA,NA,0.4281,0.0011,378,0.5792,0.9324,0,0.2008,0,Bayes-M17-geo
Kimpese,Kongo-Central,1,FALSE,3e-4,1e-4,7e-4,3e-4,408,386,431,3e-4,0.034,409,7e-4,NA,NA,NA,NA,NA,NA,0.4947,0.0013,370,0.7896,0.9768,0,0.2124,0,Bayes-M17-geo
Kwilu Ngongo,Kongo-Central,1,FALSE,3e-4,1e-4,6e-4,3e-4,417,401,433,3e-4,0.0307,420,6e-4,NA,NA,NA,NA,NA,NA,0.3875,9e-4,387,0.4884,0.8668,0,0.195,0,Bayes-M17-geo
Mbanza Ngungu,Kongo-Central,1,FALSE,3e-4,1e-4,7e-4,3e-4,414,397,431,3e-4,0.0315,419,7e-4,NA,NA,NA,NA,NA,NA,0.3711,9e-4,388,0.3205,0.9749,0,0.1892,0,Bayes-M17-geo
Nselo,Kongo-Central,1,FALSE,3e-4,1e-4,5e-4,3e-4,424,411,431,3e-4,0.0269,426,6e-4,NA,NA,NA,NA,NA,NA,0.374,8e-4,396,0.6564,0.5347,0,0.305,0,Bayes-M17-geo
Kitenda,Kwango,1,FALSE,3e-4,1e-4,6e-4,3e-4,410,392,424,3e-4,0.0329,413,7e-4,NA,NA,NA,NA,NA,NA,0.376,0.001,385,0.6641,0.4247,0,0.4151,0,Bayes-M17-geo
Mimia,Mai-Ndombe,1,FALSE,3e-4,1e-4,7e-4,3e-4,410,372.05,442,3e-4,0.0335,411,7e-4,NA,NA,NA,NA,NA,NA,0.4841,0.0013,371,0.9614,0.0521,0,0.9228,0,Bayes-M17-geo
Yumbi,Mai-Ndombe,1,FALSE,3e-4,1e-4,6e-4,3e-4,420,410,430,3e-4,0.0285,423,6e-4,NA,NA,NA,NA,NA,NA,0.2741,6e-4,416,0.4131,0.4015,0,0.2819,0,Bayes-M17-geo
Irebu,Equateur,1,FALSE,2e-4,1e-4,5e-4,2e-4,438,392,453,2e-4,0.0224,438,5e-4,NA,NA,NA,NA,NA,NA,0.5473,9e-4,386,0.9305,0.6776,0,0.5811,0,Bayes-M17-geo
Kamalondo,Haut-Katanga,1,FALSE,2e-4,0,4e-4,1e-4,451,413,457,2e-4,0.0147,450,3e-4,NA,NA,NA,NA,NA,NA,0.0352,0,458,0.029,0.0019,0,0.11,0,Bayes-M17-geo
Katuba,Haut-Katanga,1,FALSE,2e-4,1e-4,5e-4,2e-4,441,417,446,2e-4,0.0208,442,4e-4,NA,NA,NA,NA,NA,NA,0.0463,1e-4,455,0.0502,0.0309,0,0.1042,0,Bayes-M17-geo
Kenya,Haut-Katanga,1,FALSE,2e-4,1e-4,5e-4,2e-4,434,414,441,2e-4,0.0237,433,5e-4,NA,NA,NA,NA,NA,NA,0.0569,1e-4,452,0.11,0.0116,0,0.1062,0,Bayes-M17-geo
Kowe,Haut-Katanga,1,FALSE,2e-4,0,5e-4,1e-4,449,393,454,2e-4,0.0178,446,4e-4,NA,NA,NA,NA,NA,NA,0.07,1e-4,453,0.0714,0.0811,0,0.1274,0,Bayes-M17-geo
Vangu,Haut-Katanga,1,FALSE,2e-4,1e-4,5e-4,2e-4,438,396,448,2e-4,0.023,437,5e-4,NA,NA,NA,NA,NA,NA,0.1081,2e-4,446,0.1158,0.1699,0,0.1467,0,Bayes-M17-geo
Boma,Kongo-Central,1,FALSE,2e-4,0,4e-4,2e-4,446,422,452,2e-4,0.0184,445,4e-4,NA,NA,NA,NA,NA,NA,0.2901,4e-4,432,0.1467,0.9247,0,0.0888,0,Bayes-M17-geo
Boma Bungu,Kongo-Central,1,FALSE,2e-4,1e-4,3e-4,1e-4,447,444,449,2e-4,0.0161,448,3e-4,NA,NA,NA,NA,NA,NA,0.3209,4e-4,433,0.5811,0.5676,0,0.1351,0,Bayes-M17-geo
Kangu,Kongo-Central,1,FALSE,2e-4,1e-4,4e-4,2e-4,441,430,448,2e-4,0.0202,443,4e-4,NA,NA,NA,NA,NA,NA,0.3528,5e-4,420,0.3803,0.8822,0,0.1486,0,Bayes-M17-geo
Kinkonzi,Kongo-Central,1,FALSE,2e-4,1e-4,4e-4,2e-4,445,442,448,2e-4,0.0172,447,4e-4,NA,NA,NA,NA,NA,NA,0.4252,6e-4,418,0.6236,0.8958,0,0.1815,0,Bayes-M17-geo
Vaku,Kongo-Central,1,FALSE,2e-4,1e-4,3e-4,1e-4,447,443,450,2e-4,0.0159,449,3e-4,NA,NA,NA,NA,NA,NA,0.4194,5e-4,422,0.5676,0.9421,0,0.168,0,Bayes-M17-geo
Inga,Kongo-Central,1,FALSE,2e-4,1e-4,5e-4,2e-4,434,425,441,2e-4,0.0232,435,5e-4,NA,NA,NA,NA,NA,NA,0.3847,7e-4,407,0.5212,0.8243,0,0.1931,0,Bayes-M17-geo
Kibunzi,Kongo-Central,1,FALSE,2e-4,1e-4,5e-4,2e-4,431,406,446,2e-4,0.0239,430,5e-4,NA,NA,NA,NA,NA,NA,0.4175,8e-4,397,0.7046,0.5251,0,0.4402,0,Bayes-M17-geo
Mangembo,Kongo-Central,1,FALSE,2e-4,1e-4,5e-4,2e-4,432,421.05,440,2e-4,0.0235,434,5e-4,NA,NA,NA,NA,NA,NA,0.3726,7e-4,410,0.5598,0.6641,0,0.2664,0,Bayes-M17-geo
Matadi,Kongo-Central,1,FALSE,2e-4,0,5e-4,2e-4,443,408,452,2e-4,0.0212,441,4e-4,NA,NA,NA,NA,NA,NA,0.2939,5e-4,427,0.1564,0.944,0,0.0753,0,Bayes-M17-geo
Gombe Matadi,Kongo-Central,1,FALSE,2e-4,1e-4,5e-4,2e-4,435,426,440,2e-4,0.0231,436,5e-4,NA,NA,NA,NA,NA,NA,0.4151,7e-4,401,0.6911,0.7857,0,0.1834,0,Bayes-M17-geo
Kimpangu,Kongo-Central,1,FALSE,2e-4,1e-4,4e-4,2e-4,441,435,443,2e-4,0.0199,444,4e-4,NA,NA,NA,NA,NA,NA,0.4488,7e-4,406,0.7085,0.9344,0,0.1525,0,Bayes-M17-geo
Massa,Kongo-Central,1,FALSE,2e-4,1e-4,5e-4,2e-4,439,420,446,2e-4,0.0217,440,5e-4,NA,NA,NA,NA,NA,NA,0.4223,7e-4,405,0.668,0.9208,0,0.1004,0,Bayes-M17-geo
Sona Bata,Kongo-Central,1,FALSE,2e-4,1e-4,4e-4,2e-4,436,422,440,2e-4,0.0223,439,5e-4,NA,NA,NA,NA,NA,NA,0.43,7e-4,402,0.7259,0.7896,0,0.2046,0,Bayes-M17-geo
Kasongo Lunda,Kwango,1,FALSE,2e-4,1e-4,5e-4,2e-4,432,422,438,2e-4,0.0239,431,5e-4,NA,NA,NA,NA,NA,NA,0.3441,6e-4,413,0.6274,0.5946,0,0.1544,0,Bayes-M17-geo
Bolobo,Mai-Ndombe,1,FALSE,2e-4,1e-4,5e-4,2e-4,432,424,441,2e-4,0.0237,432,5e-4,NA,NA,NA,NA,NA,NA,0.3388,6e-4,415,0.6313,0.4981,0,0.2259,0,Bayes-M17-geo
Kizu,Kongo-Central,1,FALSE,1e-4,0,3e-4,1e-4,453,449,454,1e-4,0.0117,454,2e-4,NA,NA,NA,NA,NA,NA,0.3113,3e-4,437,0.2973,0.8707,0,0.0772,0,Bayes-M17-geo
Kuimba,Kongo-Central,1,FALSE,1e-4,0,2e-4,0,456,455,456,1e-4,0.0059,456,1e-4,NA,NA,NA,NA,NA,NA,0.3069,1e-4,450,0.3784,0.8456,0,0.0039,0,Bayes-M17-geo
Tshela,Kongo-Central,1,FALSE,1e-4,0,2e-4,1e-4,455,453,455,1e-4,0.0072,455,1e-4,NA,NA,NA,NA,NA,NA,0.3282,2e-4,448,0.417,0.888,0,0.0077,0,Bayes-M17-geo
Nzanza,Kongo-Central,1,FALSE,1e-4,0,3e-4,1e-4,449,444,451,1e-4,0.0145,451,3e-4,NA,NA,NA,NA,NA,NA,0.2172,2e-4,441,0.0888,0.6892,0,0.0907,0,Bayes-M17-geo
Tembo,Kwango,1,FALSE,1e-4,0,3e-4,1e-4,452,449,453,1e-4,0.0125,453,3e-4,NA,NA,NA,NA,NA,NA,0.3205,3e-4,436,0.7876,0.3977,0,0.0965,0,Bayes-M17-geo
Dilolo,Lualaba,1,FALSE,1e-4,0,4e-4,1e-4,452.5,431.05,454,1e-4,0.0133,452,3e-4,NA,NA,NA,NA,NA,NA,0.3663,4e-4,435,0.8398,0.6197,0,0.0058,0,Bayes-M17-geo
Kitona,Kongo-Central,1,FALSE,0,0,1e-4,0,458,457,458,0,0.0021,458,0,NA,NA,NA,NA,NA,NA,0.293,0,457,0.5907,0.5792,0,0.0019,0,Bayes-M17-geo
Muanda,Kongo-Central,1,FALSE,0,0,2e-4,0,457,454,458,0,0.0044,457,1e-4,NA,NA,NA,NA,NA,NA,0.4093,1e-4,451,0.6371,1,0,0,0,Bayes-M17-geo
Bokoro,Mai-Ndombe,1,FALSE,0,0,0,0,459,459,459,0,0,459,0,NA,NA,NA,NA,NA,NA,0.471,0,459,0.6873,0.5097,0,0.6873,0,Bayes-M17-geo
Idjwi,Sud-Kivu,1,FALSE,0,0,0,0,460,460,460,0,0,460,0,NA,NA,NA,NA,NA,NA,0.3007,0,460,0.2992,0.8224,0,0.0811,0,Bayes-M17-geo
Buta,Bas-Uele,1,TRUE,NA,NA,NA,NA,NA,NA,NA,NA,NA,NA,NA,NA,NA,NA,NA,NA,NA,0.7225,NA,NA,0.9749,0.9923,0,0.9228,0,Bayes-M17-geo
Ganga,Bas-Uele,1,TRUE,NA,NA,NA,NA,NA,NA,NA,NA,NA,NA,NA,NA,NA,NA,NA,NA,NA,0.7218,NA,NA,0.9672,0.9556,0,0.9643,0,Bayes-M17-geo
Viadana,Bas-Uele,1,TRUE,NA,NA,NA,NA,NA,NA,NA,NA,NA,NA,NA,NA,NA,NA,NA,NA,NA,0.6846,NA,NA,0.9131,0.9788,0,0.8465,0,Bayes-M17-geo
Boma Mangbetu,Haut-Uele,1,TRUE,NA,NA,NA,NA,NA,NA,NA,NA,NA,NA,NA,NA,NA,NA,NA,NA,NA,0.4122,NA,NA,0.2857,0.5039,0,0.8591,0,Bayes-M17-geo
Gombari,Haut-Uele,1,TRUE,NA,NA,NA,NA,NA,NA,NA,NA,NA,NA,NA,NA,NA,NA,NA,NA,NA,0.5772,NA,NA,0.9633,0.8012,0,0.5444,0,Bayes-M17-geo
Isiro,Haut-Uele,1,TRUE,NA,NA,NA,NA,NA,NA,NA,NA,NA,NA,NA,NA,NA,NA,NA,NA,NA,0.5253,NA,NA,0.39,0.7587,0,0.9527,0,Bayes-M17-geo
Pawa,Haut-Uele,1,TRUE,NA,NA,NA,NA,NA,NA,NA,NA,NA,NA,NA,NA,NA,NA,NA,NA,NA,0.4315,NA,NA,0.2934,0.5734,0,0.8591,0,Bayes-M17-geo
Rungu,Haut-Uele,1,TRUE,NA,NA,NA,NA,NA,NA,NA,NA,NA,NA,NA,NA,NA,NA,NA,NA,NA,0.6474,NA,NA,0.8224,0.8031,0,0.9643,0,Bayes-M17-geo
Wamba,Haut-Uele,1,TRUE,NA,NA,NA,NA,NA,NA,NA,NA,NA,NA,NA,NA,NA,NA,NA,NA,NA,0.4817,NA,NA,0.6737,0.4363,0,0.8166,0,Bayes-M17-geo
Adja,Ituri,1,TRUE,NA,NA,NA,NA,NA,NA,NA,NA,NA,NA,NA,NA,NA,NA,NA,NA,NA,0.2645,NA,NA,0.249,0.4286,0,0.3803,0,Bayes-M17-geo
Ariwara,Ituri,1,TRUE,NA,NA,NA,NA,NA,NA,NA,NA,NA,NA,NA,NA,NA,NA,NA,NA,NA,0.2862,NA,NA,0.1988,0.6988,0,0.2471,0,Bayes-M17-geo
Aru,Ituri,1,TRUE,NA,NA,NA,NA,NA,NA,NA,NA,NA,NA,NA,NA,NA,NA,NA,NA,NA,0.3528,NA,NA,0.3012,0.8417,0,0.2683,0,Bayes-M17-geo
Aungba,Ituri,1,TRUE,NA,NA,NA,NA,NA,NA,NA,NA,NA,NA,NA,NA,NA,NA,NA,NA,NA,0.3354,NA,NA,0.3108,0.6564,0,0.3745,0,Bayes-M17-geo
Kambala,Ituri,1,TRUE,NA,NA,NA,NA,NA,NA,NA,NA,NA,NA,NA,NA,NA,NA,NA,NA,NA,0.347,NA,NA,0.3668,0.612,0,0.4093,0,Bayes-M17-geo
Logo,Ituri,1,TRUE,NA,NA,NA,NA,NA,NA,NA,NA,NA,NA,NA,NA,NA,NA,NA,NA,NA,0.2384,NA,NA,0.1757,0.5927,0,0.1853,0,Bayes-M17-geo
Mahagi,Ituri,1,TRUE,NA,NA,NA,NA,NA,NA,NA,NA,NA,NA,NA,NA,NA,NA,NA,NA,NA,0.2292,NA,NA,0.1718,0.6004,0,0.1448,0,Bayes-M17-geo
Rimba,Ituri,1,TRUE,NA,NA,NA,NA,NA,NA,NA,NA,NA,NA,NA,NA,NA,NA,NA,NA,NA,0.306,NA,NA,0.2008,0.7124,0,0.3108,0,Bayes-M17-geo
Bambu,Ituri,1,TRUE,NA,NA,NA,NA,NA,NA,NA,NA,NA,NA,NA,NA,NA,NA,NA,NA,NA,0.2399,NA,NA,0.2046,0.4691,0,0.2857,0,Bayes-M17-geo
Boga,Ituri,1,TRUE,NA,NA,NA,NA,NA,NA,NA,NA,NA,NA,NA,NA,NA,NA,NA,NA,NA,0.264,NA,NA,0.3861,0.36870000000000003,0,0.3012,0,Bayes-M17-geo
Bunia,Ituri,1,TRUE,NA,NA,NA,NA,NA,NA,NA,NA,NA,NA,NA,NA,NA,NA,NA,NA,NA,0.2326,NA,NA,0.1178,0.5637,0,0.249,0,Bayes-M17-geo
Damas,Ituri,1,TRUE,NA,NA,NA,NA,NA,NA,NA,NA,NA,NA,NA,NA,NA,NA,NA,NA,NA,0.3224,NA,NA,0.4479,0.3282,0,0.5135,0,Bayes-M17-geo
Drodro,Ituri,1,TRUE,NA,NA,NA,NA,NA,NA,NA,NA,NA,NA,NA,NA,NA,NA,NA,NA,NA,0.2674,NA,NA,0.2066,0.5907,0,0.2722,0,Bayes-M17-geo
Fataki,Ituri,1,TRUE,NA,NA,NA,NA,NA,NA,NA,NA,NA,NA,NA,NA,NA,NA,NA,NA,NA,0.3185,NA,NA,0.2259,0.7201,0,0.3282,0,Bayes-M17-geo
Gety,Ituri,1,TRUE,NA,NA,NA,NA,NA,NA,NA,NA,NA,NA,NA,NA,NA,NA,NA,NA,NA,0.2592,NA,NA,0.3359,0.2973,0,0.4035,0,Bayes-M17-geo
Kilo,Ituri,1,TRUE,NA,NA,NA,NA,NA,NA,NA,NA,NA,NA,NA,NA,NA,NA,NA,NA,NA,0.1448,NA,NA,0.2201,0.0502,0,0.3089,0,Bayes-M17-geo
Komanda,Ituri,1,TRUE,NA,NA,NA,NA,NA,NA,NA,NA,NA,NA,NA,NA,NA,NA,NA,NA,NA,0.2341,NA,NA,0.3089,0.1197,0,0.5077,0,Bayes-M17-geo
Lita,Ituri,1,TRUE,NA,NA,NA,NA,NA,NA,NA,NA,NA,NA,NA,NA,NA,NA,NA,NA,NA,0.306,NA,NA,0.2761,0.7046,0,0.2432,0,Bayes-M17-geo
Lolwa,Ituri,1,TRUE,NA,NA,NA,NA,NA,NA,NA,NA,NA,NA,NA,NA,NA,NA,NA,NA,NA,0.3205,NA,NA,0.6429,0,0,0.639,0,Bayes-M17-geo
Mambasa,Ituri,1,TRUE,NA,NA,NA,NA,NA,NA,NA,NA,NA,NA,NA,NA,NA,NA,NA,NA,NA,0.4324,NA,NA,0.8842,0.2625,0,0.583,0,Bayes-M17-geo
Mandima,Ituri,1,TRUE,NA,NA,NA,NA,NA,NA,NA,NA,NA,NA,NA,NA,NA,NA,NA,NA,NA,0.2659,NA,NA,0.4846,0.2896,0,0.2896,0,Bayes-M17-geo
Mangala,Ituri,1,TRUE,NA,NA,NA,NA,NA,NA,NA,NA,NA,NA,NA,NA,NA,NA,NA,NA,NA,0.3021,NA,NA,0.305,0.6158,0,0.2876,0,Bayes-M17-geo
Mongbwalu,Ituri,1,TRUE,NA,NA,NA,NA,NA,NA,NA,NA,NA,NA,NA,NA,NA,NA,NA,NA,NA,0.2616,NA,NA,0.4112,0.1834,0,0.4517,0,Bayes-M17-geo
Nia Nia,Ituri,1,TRUE,NA,NA,NA,NA,NA,NA,NA,NA,NA,NA,NA,NA,NA,NA,NA,NA,NA,0.2978,NA,NA,0.666,0.0212,0,0.5039,0,Bayes-M17-geo
Nizi,Ituri,1,TRUE,NA,NA,NA,NA,NA,NA,NA,NA,NA,NA,NA,NA,NA,NA,NA,NA,NA,0.1771,NA,NA,0.1544,0.3378,0,0.2162,0,Bayes-M17-geo
Nyankunde,Ituri,1,TRUE,NA,NA,NA,NA,NA,NA,NA,NA,NA,NA,NA,NA,NA,NA,NA,NA,NA,0.2514,NA,NA,0.2838,0.2432,0,0.4788,0,Bayes-M17-geo
Rwampara,Ituri,1,TRUE,NA,NA,NA,NA,NA,NA,NA,NA,NA,NA,NA,NA,NA,NA,NA,NA,NA,0.319,NA,NA,0.2375,0.7452,0,0.2934,0,Bayes-M17-geo
Tchomia,Ituri,1,TRUE,NA,NA,NA,NA,NA,NA,NA,NA,NA,NA,NA,NA,NA,NA,NA,NA,NA,0.1998,NA,NA,0.2104,0.3745,0,0.2143,0,Bayes-M17-geo
Bulape,Kasaï,1,TRUE,NA,NA,NA,NA,NA,NA,NA,NA,NA,NA,NA,NA,NA,NA,NA,NA,NA,0.4315,NA,NA,0.7066,0.1853,0,0.834,0,Bayes-M17-geo
Beni,Nord-Kivu,1,TRUE,NA,NA,NA,NA,NA,NA,NA,NA,NA,NA,NA,NA,NA,NA,NA,NA,NA,0.1559,NA,NA,0.1525,0.2297,0,0.2413,0,Bayes-M17-geo
Butembo,Nord-Kivu,1,TRUE,NA,NA,NA,NA,NA,NA,NA,NA,NA,NA,NA,NA,NA,NA,NA,NA,NA,0.1829,NA,NA,0.1139,0.388,0,0.2297,0,Bayes-M17-geo
Kalunguta,Nord-Kivu,1,TRUE,NA,NA,NA,NA,NA,NA,NA,NA,NA,NA,NA,NA,NA,NA,NA,NA,NA,0.1559,NA,NA,0.195,0.2066,0,0.222,0,Bayes-M17-geo
Katwa,Nord-Kivu,1,TRUE,NA,NA,NA,NA,NA,NA,NA,NA,NA,NA,NA,NA,NA,NA,NA,NA,NA,0.1998,NA,NA,0.0869,0.4846,0,0.2278,0,Bayes-M17-geo
Kyondo,Nord-Kivu,1,TRUE,NA,NA,NA,NA,NA,NA,NA,NA,NA,NA,NA,NA,NA,NA,NA,NA,NA,0.3238,NA,NA,0.2954,0.7973,0,0.2027,0,Bayes-M17-geo
Lubero,Nord-Kivu,1,TRUE,NA,NA,NA,NA,NA,NA,NA,NA,NA,NA,NA,NA,NA,NA,NA,NA,NA,0.4585,NA,NA,0.5734,0.9382,0,0.3224,0,Bayes-M17-geo
Mabalako,Nord-Kivu,1,TRUE,NA,NA,NA,NA,NA,NA,NA,NA,NA,NA,NA,NA,NA,NA,NA,NA,NA,0.1573,NA,NA,0.1931,0.2046,0,0.2317,0,Bayes-M17-geo
Masereka,Nord-Kivu,1,TRUE,NA,NA,NA,NA,NA,NA,NA,NA,NA,NA,NA,NA,NA,NA,NA,NA,NA,0.36870000000000003,NA,NA,0.2548,0.9807,0,0.2394,0,Bayes-M17-geo
Musienene,Nord-Kivu,1,TRUE,NA,NA,NA,NA,NA,NA,NA,NA,NA,NA,NA,NA,NA,NA,NA,NA,NA,0.319,NA,NA,0.2645,0.7317,0,0.2799,0,Bayes-M17-geo
Mutwanga,Nord-Kivu,1,TRUE,NA,NA,NA,NA,NA,NA,NA,NA,NA,NA,NA,NA,NA,NA,NA,NA,NA,0.2408,NA,NA,0.2606,0.4672,0,0.2355,0,Bayes-M17-geo
Oicha,Nord-Kivu,1,TRUE,NA,NA,NA,NA,NA,NA,NA,NA,NA,NA,NA,NA,NA,NA,NA,NA,NA,0.3364,NA,NA,0.3243,0.7606,0,0.2606,0,Bayes-M17-geo
Vuhovi,Nord-Kivu,1,TRUE,NA,NA,NA,NA,NA,NA,NA,NA,NA,NA,NA,NA,NA,NA,NA,NA,NA,0.2611,NA,NA,0.2027,0.6178,0,0.2239,0,Bayes-M17-geo
Goma,Nord-Kivu,1,TRUE,NA,NA,NA,NA,NA,NA,NA,NA,NA,NA,NA,NA,NA,NA,NA,NA,NA,0.2669,NA,NA,0.1274,0.8977,0,0.0425,0,Bayes-M17-geo
Miti Murhesa,Sud-Kivu,1,TRUE,NA,NA,NA,NA,NA,NA,NA,NA,NA,NA,NA,NA,NA,NA,NA,NA,NA,0.3277,NA,NA,0.2355,0.9131,0,0.1622,0,Bayes-M17-geo
Bafwasende,Tshopo,1,TRUE,NA,NA,NA,NA,NA,NA,NA,NA,NA,NA,NA,NA,NA,NA,NA,NA,NA,0.4546,NA,NA,0.9073,0.2413,0,0.6699,0,Bayes-M17-geo
Kabondo,Tshopo,1,TRUE,NA,NA,NA,NA,NA,NA,NA,NA,NA,NA,NA,NA,NA,NA,NA,NA,NA,0.18,NA,NA,0.1911,0.2722,0,0.2568,0,Bayes-M17-geo
Lubunga (Tshopo),Tshopo,1,TRUE,NA,NA,NA,NA,NA,NA,NA,NA,NA,NA,NA,NA,NA,NA,NA,NA,NA,0.2288,NA,NA,0.2452,0.3436,0,0.3263,0,Bayes-M17-geo
Makiso Kisangani,Tshopo,1,TRUE,NA,NA,NA,NA,NA,NA,NA,NA,NA,NA,NA,NA,NA,NA,NA,NA,NA,0.2355,NA,NA,0.1332,0.5309,0,0.278,0,Bayes-M17-geo
Mangobo,Tshopo,1,TRUE,NA,NA,NA,NA,NA,NA,NA,NA,NA,NA,NA,NA,NA,NA,NA,NA,NA,0.2061,NA,NA,0.0792,0.4382,0,0.3069,0,Bayes-M17-geo
Tshopo,Tshopo,1,TRUE,NA,NA,NA,NA,NA,NA,NA,NA,NA,NA,NA,NA,NA,NA,NA,NA,NA,0.2466,NA,NA,0.361,0.334,0,0.2915,0,Bayes-M17-geo
Wanierukula,Tshopo,1,TRUE,NA,NA,NA,NA,NA,NA,NA,NA,NA,NA,NA,NA,NA,NA,NA,NA,NA,0.473,NA,NA,0.8436,0.5521,0,0.4961,0,Bayes-M17-geo
Rethy,Ituri,2,FALSE,0.7228,0.587,0.8496,0.7278,1,1,1,1.3287,66.7407,1,1,3.3469,1,NA,NA,NA,NA,0.2703,1,1,0.2143,0.6081,0,0.2587,0,Bayes-M17-geo
Watsa,Haut-Uele,2,FALSE,0.3834,0.2485,0.5396,0.3791,2,2,7,0.4945,24.8399,2,0.5304,NA,NA,NA,NA,2.4514,1,0.4797,0.9414,2,0.7297,0.8436,0,0.3456,0,Bayes-M17-geo
Biringi,Ituri,2,FALSE,0.3558,0.2664,0.4538,0.3535,3,2,4,0.4437,22.2861,3,0.4923,1.1176,2,NA,NA,NA,NA,0.3494,0.6365,4,0.3958,0.4865,0,0.5154,0,Bayes-M17-geo
Jiba,Ituri,2,FALSE,0.2996,0.1834,0.4333,0.2939,4,2,11,0.3628,18.226,4,0.4144,0.914,3,NA,NA,NA,NA,0.1651,0.2531,15,0.1815,0.1274,0,0.3514,0,Bayes-M17-geo
Bafwagbogbo,Tshopo,2,FALSE,0.2633,0.1572,0.3956,0.2568,6,3,15,0.3108,15.610900000000001,5,0.3643,NA,NA,NA,NA,NA,NA,0.3948,0.5321,7,0.8591,0.027,0,0.6931,0,Bayes-M17-geo
Manguredjipa,Nord-Kivu,2,FALSE,0.2571,0.1557,0.3754,0.2512,6,4,14,0.3016,15.1502,6,0.3557,NA,NA,3.5808,1,NA,NA,0.3475,0.4573,9,0.778,0.0579,0,0.5541,0,Bayes-M17-geo
Makoro,Haut-Uele,2,FALSE,0.2367,0.1778,0.3014,0.2346,8,5,11,0.2714,13.6326,7,0.3275,NA,NA,NA,NA,1.3454,2,0.3822,0.4632,8,0.556,0.5483,0,0.4247,0,Bayes-M17-geo
Biena,Nord-Kivu,2,FALSE,0.2333,0.1727,0.3042,0.2309,9,7,11,0.2671,13.4148,9,0.3228,NA,NA,3.1706,2,NA,NA,0.2013,0.2404,16,0.251,0.166,0,0.388,0,Bayes-M17-geo
Linga,Ituri,2,FALSE,0.2331,0.1611,0.3166,0.2298,9,5,14,0.2675,13.4364,8,0.3225,0.6738,4,NA,NA,NA,NA,0.2148,0.2563,14,0.1969,0.3417,0,0.3205,0,Bayes-M17-geo
Dungu,Haut-Uele,2,FALSE,0.2091,0.1338,0.2958,0.2059,12,4,16,0.2367,11.8872,10,0.2893,NA,NA,NA,NA,1.1731,3,0.5275,0.5647,6,0.8726,0.5598,0,0.6776,0,Bayes-M17-geo
Kayna,Nord-Kivu,2,FALSE,0.209,0.148,0.2779,0.2064,12,5,14,0.2357,11.8402,11,0.2891,NA,NA,2.7985,3,NA,NA,0.3113,0.333,10,0.2278,0.6332,0,0.3842,0,Bayes-M17-geo
Poko,Bas-Uele,2,FALSE,0.2043,0.1354,0.2845,0.2001,12,6,15,0.2301,11.5586,12,0.2826,NA,NA,NA,NA,NA,NA,0.7271,0.7602,3,0.9923,0.9517,0,0.9643,0,Bayes-M17-geo
Niangara,Haut-Uele,2,FALSE,0.2013,0.1387,0.274,0.1989,12,8,15,0.2261,11.3591,13,0.2785,NA,NA,NA,NA,1.121,4,0.5512,0.568,5,0.8031,0.4324,0,0.9691,0,Bayes-M17-geo
Angumu,Ituri,2,FALSE,0.1948,0.1104,0.2921,0.1895,14,5,17,0.2194,11.0194,14,0.2695,0.5526,5,NA,NA,NA,NA,0.11,0.1097,28,0.1641,0.1641,0,0.112,0,Bayes-M17-geo
Nyarambe,Ituri,2,FALSE,0.1918,0.108,0.2928,0.1855,14,4,18,0.21560000000000001,10.8272,15,0.2653,0.543,6,NA,NA,NA,NA,0.1805,0.1772,19,0.1699,0.4595,0,0.0927,0,Bayes-M17-geo
Adi,Ituri,2,FALSE,0.1619,0.1001,0.2388,0.157,16,10,18,0.1779,8.9365,16,0.224,0.4481,7,NA,NA,NA,NA,0.3977,0.3295,11,0.2587,0.7104,0,0.6216,0,Bayes-M17-geo
Laybo,Ituri,2,FALSE,0.1476,0.1002,0.2058,0.1448,17,14,18,0.1604,8.0551,17,0.2041,0.4039,8,NA,NA,NA,NA,0.3393,0.2563,13,0.3069,0.556,0,0.4942,0,Bayes-M17-geo
Kamango,Nord-Kivu,2,FALSE,0.0994,0.06,0.1456,0.0979,19,16,26,0.1051,5.2798,18,0.1375,NA,NA,1.2479,4,NA,NA,0.4373,0.2225,17,0.6583,0.917,0,0.1737,0,Bayes-M17-geo
Aba,Haut-Uele,2,FALSE,0.0912,0.0582,0.1331,0.0889,20,17,26,0.0959,4.8195,19,0.1262,NA,NA,NA,NA,0.4756,5,0.569,0.2657,12,0.6004,0.6853,0,0.9903,0,Bayes-M17-geo
Alimbongo,Nord-Kivu,2,FALSE,0.0886,0.06,0.1212,0.0871,20,18,24,0.093,4.6726,20,0.1226,NA,NA,1.1044,5,NA,NA,0.4262,0.1934,18,0.5849,0.7471,0,0.3726,0,Bayes-M17-geo
Karisimbi,Nord-Kivu,2,FALSE,0.0867,0.0313,0.1744,0.0769,22,14,42,0.092,4.6218,21,0.1199,NA,NA,1.0924,6,NA,NA,0.1597,0.0709,41,0.0907,0.5154,0,0.0328,0,Bayes-M17-geo
Kirotshe,Nord-Kivu,2,FALSE,0.0769,0.0408,0.1285,0.0729,23,19,30,0.0804,4.0386,22,0.1063,NA,NA,0.9545,7,NA,NA,0.3842,0.1511,25,0.3764,0.9961,0,0.1641,0,Bayes-M17-geo
Kibirizi,Nord-Kivu,2,FALSE,0.075,0.0546,0.0971,0.0745,23,20,26,0.078,3.9189,23,0.1037,NA,NA,0.9262,8,NA,NA,0.4175,0.1602,22,0.5405,0.8552,0,0.2741,0,Bayes-M17-geo
Banalia,Tshopo,2,FALSE,0.0712,0.0465,0.0999,0.0699,24,20,30,0.0741,3.7203,24,0.0986,NA,NA,NA,NA,NA,NA,0.4242,0.1547,24,0.7799,0.1178,0,0.7992,0,Bayes-M17-geo
Faradje,Haut-Uele,2,FALSE,0.0636,0.0439,0.0859,0.063,26,23,31.95,0.0658,3.305,25,0.088,NA,NA,NA,NA,0.3262,6,0.4474,0.1456,26,0.7606,0.666,0,0.3629,0,Bayes-M17-geo
Ibanda,Sud-Kivu,2,FALSE,0.0585,0.0355,0.0875,0.0568,28,23,35,0.0604,3.0334,26,0.0809,NA,NA,NA,NA,NA,NA,0.2307,0.069,42,0.083,0.6216,0,0.2181,0,Bayes-M17-geo
Ruzizi,Sud-Kivu,2,FALSE,0.0576,0.0325,0.091,0.0552,28,21,40,0.0595,2.9894,27,0.0797,NA,NA,NA,NA,NA,NA,0.5627,0.1659,20,0.3494,0.9093,0,0.9923,0,Bayes-M17-geo
Nyiragongo,Nord-Kivu,2,FALSE,0.0572,0.0224,0.1045,0.0524,29,20,53,0.0593,2.9811,28,0.0792,NA,NA,0.7046,9,NA,NA,0.2891,0.0847,36,0.2432,0.8764,0,0.0367,0,Bayes-M17-geo
Pinga,Nord-Kivu,2,FALSE,0.0561,0.0377,0.0787,0.0551,29,22,38,0.0579,2.906,29,0.0776,NA,NA,0.6868,10,NA,NA,0.57,0.1637,21,0.9595,0.7548,0,0.5656,0,Bayes-M17-geo
Uvira,Sud-Kivu,2,FALSE,0.0555,0.0288,0.093,0.0524,29,21,47,0.0573,2.8806,30,0.0768,NA,NA,NA,NA,NA,NA,0.5502,0.1563,23,0.2181,0.9846,0,0.9981,0,Bayes-M17-geo
Rutshuru,Nord-Kivu,2,FALSE,0.054,0.0274,0.0878,0.0512,30,23,46,0.0557,2.7965,31,0.0747,NA,NA,0.661,11,NA,NA,0.3721,0.1028,32,0.4093,0.9942,0,0.0849,0,Bayes-M17-geo
Kadutu,Sud-Kivu,2,FALSE,0.0529,0.0335,0.0775,0.0517,30,25,37,0.0544,2.7344,32,0.0732,NA,NA,NA,NA,NA,NA,0.1636,0.0443,61,0.0579,0.3861,0,0.2104,0,Bayes-M17-geo
Masisi,Nord-Kivu,2,FALSE,0.0486,0.0321,0.0685,0.0476,32,28,39,0.0499,2.5044,33,0.0672,NA,NA,0.5919,12,NA,NA,0.4402,0.1094,29,0.4324,0.9575,0,0.3707,0,Bayes-M17-geo
Mweso,Nord-Kivu,2,FALSE,0.0421,0.0283,0.0583,0.0414,35,30,43,0.043,2.1604,34,0.0582,NA,NA,0.5106,13,NA,NA,0.4189,0.0902,33,0.4498,0.9614,0,0.2645,0,Bayes-M17-geo
Yakusu,Tshopo,2,FALSE,0.0407,0.0249,0.0609,0.0392,36,28,49,0.0416,2.0916,35,0.0563,NA,NA,NA,NA,NA,NA,0.319,0.0665,44,0.4208,0.2085,0,0.6467,0,Bayes-M17-geo
Katoyi,Nord-Kivu,2,FALSE,0.0387,0.0278,0.0509,0.0381,38,34,44,0.0395,1.9821,36,0.0535,NA,NA,0.4685,14,NA,NA,0.4542,0.0899,34,0.4614,0.9595,0,0.3958,0,Bayes-M17-geo
Bambo,Nord-Kivu,2,FALSE,0.0382,0.0216,0.0573,0.0373,39,28,53,0.0391,1.9621,37,0.0529,NA,NA,0.4637,15,NA,NA,0.3962,0.0776,38,0.5521,0.9073,0,0.1255,0,Bayes-M17-geo
Minova,Sud-Kivu,2,FALSE,0.0379,0.0223,0.0573,0.0368,39,31,53,0.0387,1.9446,38,0.0524,NA,NA,NA,NA,NA,NA,0.3866,0.075,40,0.4421,0.9826,0,0.1216,0,Bayes-M17-geo
Lemera,Sud-Kivu,2,FALSE,0.0366,0.0234,0.053,0.0356,41,31,53,0.0373,1.8737,39,0.0506,NA,NA,NA,NA,NA,NA,0.5613,0.1051,30,0.3629,0.9015,0,0.9807,0,Bayes-M17-geo
Walikale,Nord-Kivu,2,FALSE,0.0356,0.024,0.0485,0.0352,40,31,49,0.0363,1.8231,40,0.0493,NA,NA,0.4309,16,NA,NA,0.5729,0.1044,31,0.9459,0.9286,0,0.417,0,Bayes-M17-geo
Kabare,Sud-Kivu,2,FALSE,0.0344,0.0228,0.0488,0.0335,42,36,52,0.035,1.7586,41,0.0476,NA,NA,NA,NA,NA,NA,0.3567,0.0628,48,0.2394,0.9884,0,0.1988,0,Bayes-M17-geo
Rwanguba,Nord-Kivu,2,FALSE,0.0337,0.0148,0.058,0.0317,45,29,70,0.0343,1.7249,42,0.0466,NA,NA,0.4077,17,NA,NA,0.2442,0.0421,65,0.2085,0.7027,0,0.0656,0,Bayes-M17-geo
Nyangezi,Sud-Kivu,2,FALSE,0.0332,0.0226,0.0459,0.0327,44,35,54,0.0338,1.6983,43,0.046,NA,NA,NA,NA,NA,NA,0.36870000000000003,0.0627,49,0.222,0.8842,0,0.36870000000000003,0,Bayes-M17-geo
Titule,Bas-Uele,2,FALSE,0.0326,0.0188,0.0513,0.0314,45,29,58,0.0332,1.6655,44,0.045,NA,NA,NA,NA,NA,NA,0.6839,0.114,27,0.9865,0.8263,0,0.9228,0,Bayes-M17-geo
Nyantende,Sud-Kivu,2,FALSE,0.0324,0.0222,0.045,0.0318,44,37,53,0.033,1.657,45,0.0449,NA,NA,NA,NA,NA,NA,0.3219,0.0534,51,0.1486,0.8938,0,0.2452,0,Bayes-M17-geo
Katana,Sud-Kivu,2,FALSE,0.0322,0.0201,0.0466,0.0315,45,36,56,0.0327,1.6439,46,0.0445,NA,NA,NA,NA,NA,NA,0.3224,0.0531,52,0.2471,0.9112,0,0.1313,0,Bayes-M17-geo
Bagira,Sud-Kivu,2,FALSE,0.0318,0.0202,0.0467,0.0311,46,35,58.95,0.0324,1.6267,47,0.044,NA,NA,NA,NA,NA,NA,0.236,0.0385,68,0.1004,0.6371,0,0.2066,0,Bayes-M17-geo
Kibua,Nord-Kivu,2,FALSE,0.0298,0.0165,0.0472,0.0288,49,32,64,0.0303,1.5239,48,0.0413,NA,NA,0.3602,18,NA,NA,0.5154,0.0787,37,0.7741,0.6602,0,0.6274,0,Bayes-M17-geo
Bengamisa,Tshopo,2,FALSE,0.0295,0.0214,0.0391,0.0291,48,44,52,0.03,1.5048,49,0.0408,NA,NA,NA,NA,NA,NA,0.3012,0.0455,60,0.612,0.2162,0,0.3764,0,Bayes-M17-geo
Opienge,Tshopo,2,FALSE,0.0286,0.0142,0.0487,0.0269,51,29,68.95,0.029,1.4585,50,0.0395,NA,NA,NA,NA,NA,NA,0.4445,0.065,45,0.9556,0.0135,0,0.8089,0,Bayes-M17-geo
Binza,Nord-Kivu,2,FALSE,0.0272,0.0142,0.0426,0.0265,52,37,71,0.0276,1.3884,51,0.0377,NA,NA,0.3281,19,NA,NA,0.3518,0.049,55,0.471,0.8378,0,0.0985,0,Bayes-M17-geo
Lubutu,Maniema,2,FALSE,0.0261,0.0161,0.038,0.0256,53,40,60,0.0265,1.3305,52,0.0361,NA,NA,NA,NA,NA,NA,0.4706,0.0629,47,0.8205,0.2819,0,0.7799,0,Bayes-M17-geo
Isangi,Tshopo,2,FALSE,0.026,0.0168,0.0369,0.0255,52,41,62,0.0263,1.3225,53,0.0359,NA,NA,NA,NA,NA,NA,0.3837,0.051,54,0.4054,0.4073,0,0.722,0,Bayes-M17-geo
Birambizo,Nord-Kivu,2,FALSE,0.0257,0.0155,0.0372,0.0252,53,42,66,0.026,1.3068,54,0.0355,NA,NA,0.3089,20,NA,NA,0.3625,0.0476,58,0.4035,0.89,0,0.1564,0,Bayes-M17-geo
Walungu,Sud-Kivu,2,FALSE,0.0255,0.0171,0.0358,0.0249,53,45,62,0.0258,1.2963,55,0.0352,NA,NA,NA,NA,NA,NA,0.3248,0.0423,64,0.1853,0.8803,0,0.2336,0,Bayes-M17-geo
Bondo,Bas-Uele,2,FALSE,0.025,0.0143,0.0383,0.0242,54,38,67,0.0254,1.2757,56,0.0347,NA,NA,NA,NA,NA,NA,0.6737,0.0864,35,0.9961,0.9981,0,0.7008,0,Bayes-M17-geo
Nundu,Sud-Kivu,2,FALSE,0.0247,0.0152,0.0373,0.0241,55,39,68,0.0251,1.26,57,0.0342,NA,NA,NA,NA,NA,NA,0.5927,0.0751,39,0.527,0.8494,0,0.9942,0,Bayes-M17-geo
Doruma,Haut-Uele,2,FALSE,0.0214,0.011,0.0365,0.0204,60,41,76.95,0.0216,1.0861,58,0.0295,NA,NA,NA,NA,0.1072,7,0.6216,0.068,43,0.973,0.5135,0,1,0,Bayes-M17-geo
Kalehe,Sud-Kivu,2,FALSE,0.0212,0.0132,0.0304,0.0209,59,51,75,0.0215,1.0788,59,0.0294,NA,NA,NA,NA,NA,NA,0.3369,0.0366,70,0.3417,0.8649,0,0.1409,0,Bayes-M17-geo
Mubumbano,Sud-Kivu,2,FALSE,0.0204,0.0146,0.0271,0.0201,60,54,68,0.0206,1.0363,60,0.0282,NA,NA,NA,NA,NA,NA,0.3658,0.0382,69,0.2683,0.9402,0,0.2548,0,Bayes-M17-geo
Bunyakiri,Sud-Kivu,2,FALSE,0.02,0.0147,0.0261,0.0197,60,55,68,0.0202,1.0159,61,0.0277,NA,NA,NA,NA,NA,NA,0.4517,0.0463,59,0.6197,0.832,0,0.3552,0,Bayes-M17-geo
Fizi,Sud-Kivu,2,FALSE,0.0192,0.0099,0.0318,0.0183,63,46,83,0.0194,0.9731,62,0.0265,NA,NA,NA,NA,NA,NA,0.5637,0.0553,50,0.7432,0.9691,0,0.5425,0,Bayes-M17-geo
Kaniola,Sud-Kivu,2,FALSE,0.019,0.0138,0.025,0.0188,63,58,69,0.0192,0.9622,63,0.0262,NA,NA,NA,NA,NA,NA,0.4513,0.0438,62,0.5328,0.9305,0,0.3417,0,Bayes-M17-geo
Aketi,Bas-Uele,2,FALSE,0.0185,0.0117,0.0268,0.018,64,54,75,0.0187,0.9382,64,0.0256,NA,NA,NA,NA,NA,NA,0.6762,0.064,46,0.9903,0.9363,0,0.778,0,Bayes-M17-geo
Haut Plateau,Sud-Kivu,2,FALSE,0.018,0.0104,0.0278,0.0173,65,51,87,0.0181,0.9117,65,0.0249,NA,NA,NA,NA,NA,NA,0.5246,0.0483,56,0.5714,0.5444,0,0.9826,0,Bayes-M17-geo
Mwana,Sud-Kivu,2,FALSE,0.0178,0.0127,0.0238,0.0176,66,60,73,0.018,0.9028,66,0.0246,NA,NA,NA,NA,NA,NA,0.3731,0.034,72,0.2896,0.9035,0,0.2992,0,Bayes-M17-geo
Itebero,Nord-Kivu,2,FALSE,0.0168,0.0108,0.0245,0.0165,68,57,81,0.017,0.8533,68,0.0233,NA,NA,0.2017,21,NA,NA,0.5574,0.048,57,0.9112,0.722,0,0.5965,0,Bayes-M17-geo
Ubundu,Tshopo,2,FALSE,0.0168,0.0114,0.0233,0.0165,67,60,76,0.017,0.8539,67,0.0233,NA,NA,NA,NA,NA,NA,0.4744,0.0409,67,0.9054,0.4305,0,0.5618,0,Bayes-M17-geo
Kalonge,Sud-Kivu,2,FALSE,0.0163,0.0117,0.0219,0.016,69,61,81,0.0164,0.8235,69,0.0225,NA,NA,NA,NA,NA,NA,0.404,0.0336,73,0.4961,0.8359,0,0.2838,0,Bayes-M17-geo
Mulungu,Sud-Kivu,2,FALSE,0.0158,0.0105,0.0222,0.0155,70,60,85,0.0159,0.7995,70,0.0218,NA,NA,NA,NA,NA,NA,0.5208,0.0421,66,0.861,0.5193,0,0.7027,0,Bayes-M17-geo
Yabaondo,Tshopo,2,FALSE,0.0158,0.0102,0.0223,0.0154,70,60,82,0.0159,0.7988,71,0.0218,NA,NA,NA,NA,NA,NA,0.3523,0.0284,77,0.4363,0.305,0,0.668,0,Bayes-M17-geo
Kaziba,Sud-Kivu,2,FALSE,0.0149,0.0105,0.0203,0.0147,72,65,84,0.015,0.7541,72,0.0206,NA,NA,NA,NA,NA,NA,0.3571,0.0272,80,0.2876,0.7838,0,0.3571,0,Bayes-M17-geo
Ango,Bas-Uele,2,FALSE,0.0143,0.0086,0.021,0.0139,73,65,84,0.0144,0.7217,73,0.0197,NA,NA,NA,NA,NA,NA,0.7095,0.0518,53,1,0.8591,0,0.9788,0,Bayes-M17-geo
Shabunda,Sud-Kivu,2,FALSE,0.0142,0.008,0.0216,0.0138,74,62,86,0.0143,0.7165,74,0.0196,NA,NA,NA,NA,NA,NA,0.5922,0.0429,63,0.8378,0.8726,0,0.6583,0,Bayes-M17-geo
Mwenga,Sud-Kivu,2,FALSE,0.0127,0.0087,0.0176,0.0125,77,72,91,0.0128,0.6431,75,0.0176,NA,NA,NA,NA,NA,NA,0.319,0.0208,86,0.5,0.3552,0,0.4208,0,Bayes-M17-geo
Yaleko,Tshopo,2,FALSE,0.0124,0.0077,0.0179,0.012,77,72,96,0.0124,0.6247,76,0.0171,NA,NA,NA,NA,NA,NA,0.402,0.0254,81,0.639,0.2452,0,0.7239,0,Bayes-M17-geo
Kasongo,Maniema,2,FALSE,0.0121,0.0064,0.0197,0.0115,78,65,104,0.0122,0.6139,77,0.0168,NA,NA,NA,NA,NA,NA,0.5304,0.033,74,0.4459,0.7529,0,0.9228,0,Bayes-M17-geo
Kalole,Sud-Kivu,2,FALSE,0.0118,0.0074,0.0169,0.0115,79,75,97,0.0119,0.5953,78,0.0163,NA,NA,NA,NA,NA,NA,0.6038,0.0364,71,0.89,0.7799,0,0.7452,0,Bayes-M17-geo
Kindu,Maniema,2,FALSE,0.0117,0.0058,0.0192,0.011,81,67,105,0.0117,0.59,79,0.0161,NA,NA,NA,NA,NA,NA,0.3181,0.019,93,0.1351,0.2529,0,0.8842,0,Bayes-M17-geo
Police,Kinshasa,2,FALSE,0.011,0.0021,0.0277,0.0087,93,53.05,216.95,0.0111,0.5578,80,0.0152,NA,NA,NA,NA,NA,NA,0.0478,0.0027,329,0.0463,0.0772,0,0.0676,0,Bayes-M17-geo
Nyemba,Tanganyika,2,FALSE,0.0108,0.0053,0.0179,0.0103,84,69,106,0.0109,0.5483,81,0.015,NA,NA,NA,NA,NA,NA,0.3456,0.0192,90,0.5965,0.4556,0,0.3301,0,Bayes-M17-geo
Lingwala,Kinshasa,2,FALSE,0.0106,0.0017,0.0286,0.0083,95,52,247.9,0.0107,0.5379,82,0.0147,NA,NA,NA,NA,NA,NA,0.0323,0.0018,366,0.0232,0.0907,0,0.0154,0,Bayes-M17-geo
Kitutu,Sud-Kivu,2,FALSE,0.0106,0.007,0.0147,0.0105,83,79,97,0.0107,0.5377,83,0.0147,NA,NA,NA,NA,NA,NA,0.5024,0.0274,79,0.751,0.805,0,0.4537,0,Bayes-M17-geo
Kamituga,Sud-Kivu,2,FALSE,0.0104,0.0069,0.0144,0.0102,85,79,100,0.0104,0.5237,84,0.0143,NA,NA,NA,NA,NA,NA,0.3596,0.0191,92,0.3938,0.6062,0,0.4382,0,Bayes-M17-geo
Basoko,Tshopo,2,FALSE,0.0103,0.0062,0.0151,0.0101,86,82,95,0.0103,0.5187,85,0.0142,NA,NA,NA,NA,NA,NA,0.3012,0.0158,104,0.5077,0.3147,0,0.3822,0,Bayes-M17-geo
Yamaluka,Mongala,2,FALSE,0.0101,0.0057,0.0156,0.0098,87,81,98,0.0101,0.5088,86,0.0139,NA,NA,NA,NA,NA,NA,0.1974,0.0102,136,0.2799,0.1448,0,0.3649,0,Bayes-M17-geo
Saramabila,Maniema,2,FALSE,0.0099,0.0058,0.0151,0.0096,88,79,107,0.01,0.5,87,0.0137,NA,NA,NA,NA,NA,NA,0.4768,0.0242,84,0.473,0.5502,0,0.8842,0,Bayes-M17-geo
Kunda,Maniema,2,FALSE,0.0096,0.0051,0.0153,0.0092,91,76,115,0.0096,0.4836,88,0.0132,NA,NA,NA,NA,NA,NA,0.4165,0.0204,87,0.4633,0.2799,0,0.9228,0,Bayes-M17-geo
Kasa Vubu,Kinshasa,2,FALSE,0.0094,0.0016,0.0248,0.0075,102,57,256,0.0095,0.4774,89,0.013,NA,NA,NA,NA,NA,NA,0.0444,0.0021,347,0.0309,0.1216,0,0.0251,0,Bayes-M17-geo
Minembwe,Sud-Kivu,2,FALSE,0.0094,0.0059,0.0137,0.0091,90,82,111,0.0094,0.4722,90,0.0129,NA,NA,NA,NA,NA,NA,0.5198,0.0249,82,0.7181,0.8089,0,0.5521,0,Bayes-M17-geo
Bili (Bas-Uele),Bas-Uele,2,FALSE,0.0093,0.0049,0.0154,0.0088,93,75,130,0.0093,0.4672,92,0.0128,NA,NA,NA,NA,NA,NA,0.6926,0.0328,75,0.9981,0.7992,0,0.973,0,Bayes-M17-geo
Yahisuli,Tshopo,2,FALSE,0.0093,0.0057,0.0137,0.0091,89,82,112,0.0094,0.4704,91,0.0129,NA,NA,NA,NA,NA,NA,0.3521,0.0168,98,0.3842,0.0714,0,0.9527,0,Bayes-M17-geo
Kinshasa,Kinshasa,2,FALSE,0.009,0.0015,0.0235,0.0071,106,59,266,0.0091,0.4546,93,0.0124,NA,NA,NA,NA,NA,NA,0.0203,9e-4,404,0.0135,0.0463,0,0.0212,0,Bayes-M17-geo
Lulingu,Sud-Kivu,2,FALSE,0.009,0.0055,0.0132,0.0087,92,85,112.95,0.009,0.4529,94,0.0124,NA,NA,NA,NA,NA,NA,0.6158,0.0283,78,0.9093,0.8108,0,0.7432,0,Bayes-M17-geo
Mushenge,Kasaï,2,FALSE,0.0089,0.0047,0.0139,0.0086,94,76,138.95,0.0089,0.4472,95,0.0123,NA,NA,NA,NA,NA,NA,0.3229,0.0146,108,0.5946,0.0656,0,0.6313,0,Bayes-M17-geo
Kimbi Lulenge,Sud-Kivu,2,FALSE,0.0087,0.0053,0.0126,0.0084,95,88,107,0.0087,0.4377,96,0.012,NA,NA,NA,NA,NA,NA,0.5507,0.0245,83,0.8475,0.8687,0,0.4865,0,Bayes-M17-geo
Likati,Bas-Uele,2,FALSE,0.0086,0.0053,0.0126,0.0084,94,86,118,0.0087,0.4347,97,0.0119,NA,NA,NA,NA,NA,NA,0.7124,0.0314,76,0.9942,0.971,0,0.8842,0,Bayes-M17-geo
Obokote,Maniema,2,FALSE,0.0085,0.0041,0.0146,0.0079,98.5,76,148.95,0.0085,0.4267,98,0.0117,NA,NA,NA,NA,NA,NA,0.3209,0.0139,111,0.7239,0.0328,0,0.527,0,Bayes-M17-geo
Kalamu 1,Kinshasa,2,FALSE,0.0083,0.0015,0.0215,0.0067,110.5,63.05,263.95,0.0084,0.4209,99,0.0115,NA,NA,NA,NA,NA,NA,0.0309,0.0013,382,0.0193,0.0734,0,0.0309,0,Bayes-M17-geo
Lolo,Mongala,2,FALSE,0.0082,0.0051,0.0117,0.008,98,90,116,0.0082,0.4118,100,0.0113,NA,NA,NA,NA,NA,NA,0.3161,0.0132,113,0.4073,0.3263,0,0.5309,0,Bayes-M17-geo
Kampene,Maniema,2,FALSE,0.0081,0.0047,0.0122,0.0079,98,91,117,0.0081,0.4084,101,0.0112,NA,NA,NA,NA,NA,NA,0.3962,0.0164,102,0.5251,0.1757,0,0.8842,0,Bayes-M17-geo
Lisala,Mongala,2,FALSE,0.0078,0.0038,0.013,0.0074,103,84,129,0.0078,0.3938,102,0.0108,NA,NA,NA,NA,NA,NA,0.4093,0.0164,103,0.4286,0.4402,0,0.7683,0,Bayes-M17-geo
Gombe,Kinshasa,2,FALSE,0.0077,0.0013,0.0201,0.0061,114,64,293.95,0.0078,0.3913,103,0.0107,NA,NA,NA,NA,NA,NA,0.1622,0.0064,193,0.0695,0.5695,0,0.0097,0,Bayes-M17-geo
Lusangi,Maniema,2,FALSE,0.0077,0.0046,0.0116,0.0075,101,94,121,0.0078,0.3896,104,0.0107,NA,NA,NA,NA,NA,NA,0.4223,0.0167,99,0.5656,0.2645,0,0.8591,0,Bayes-M17-geo
Itombwe,Sud-Kivu,2,FALSE,0.0074,0.0041,0.0118,0.0071,106,87,145.95,0.0074,0.3707,105,0.0102,NA,NA,NA,NA,NA,NA,0.5121,0.0193,89,0.8571,0.6737,0,0.5174,0,Bayes-M17-geo
Yahuma,Tshopo,2,FALSE,0.0073,0.0042,0.011,0.0071,105,98,123,0.0073,0.3685,106,0.0101,NA,NA,NA,NA,NA,NA,0.4402,0.0165,101,0.8649,0.332,0,0.5637,0,Bayes-M17-geo
Samba,Maniema,2,FALSE,0.0072,0.0042,0.0109,0.0071,105,98,126,0.0073,0.3643,107,0.01,NA,NA,NA,NA,NA,NA,0.5179,0.0192,91,0.7529,0.4344,0,0.8842,0,Bayes-M17-geo
Opala,Tshopo,2,FALSE,0.0069,0.004,0.0106,0.0067,108,101,129,0.007,0.3492,108,0.0096,NA,NA,NA,NA,NA,NA,0.4269,0.0151,107,0.7819,0.0792,0,0.8465,0,Bayes-M17-geo
Djolu,Tshuapa,2,FALSE,0.0069,0.0035,0.0113,0.0066,110,90,137,0.0069,0.3486,109,0.0096,NA,NA,NA,NA,NA,NA,0.5256,0.0186,95,0.7104,0.5985,0,0.7934,0,Bayes-M17-geo
Nsele,Kinshasa,2,FALSE,0.0068,0.0014,0.0164,0.0054,126,70,274,0.0068,0.3424,111,0.0094,NA,NA,NA,NA,NA,NA,0.1583,0.0055,221,0.139,0.3996,0,0.0946,0,Bayes-M17-geo
Punia,Maniema,2,FALSE,0.0068,0.0038,0.0107,0.0066,110,104,122,0.0069,0.3453,110,0.0095,NA,NA,NA,NA,NA,NA,0.3731,0.0131,115,0.7625,0.1969,0,0.5328,0,Bayes-M17-geo
Kalemie,Tanganyika,2,FALSE,0.0067,0.0031,0.0112,0.0063,114,96,133,0.0067,0.3363,112,0.0092,NA,NA,NA,NA,NA,NA,0.3789,0.0129,116,0.6718,0.4575,0,0.3861,0,Bayes-M17-geo
Limete,Kinshasa,2,FALSE,0.0066,0.0013,0.0164,0.0054,125,74,294,0.0066,0.3328,113,0.0091,NA,NA,NA,NA,NA,NA,0.056,0.0019,363,0.0405,0.1371,0,0.0463,0,Bayes-M17-geo
Masina 1,Kinshasa,2,FALSE,0.0065,0.0014,0.0152,0.0056,121,80,266,0.0065,0.329,114,0.009,NA,NA,NA,NA,NA,NA,0.0193,6e-4,427,0.0077,0.0077,0,0.0618,0,Bayes-M17-geo
Masina 2,Kinshasa,2,FALSE,0.0065,0.0016,0.0147,0.0056,121,83,250.9,0.0065,0.3265,116,0.009,NA,NA,NA,NA,NA,NA,0.0265,9e-4,411,0.0174,0.0193,0,0.0695,0,Bayes-M17-geo
Kabambare,Maniema,2,FALSE,0.0065,0.0037,0.01,0.0062,113,101,142.95,0.0065,0.3268,115,0.009,NA,NA,NA,NA,NA,NA,0.3953,0.0131,114,0.8359,0.112,0,0.6332,0,Bayes-M17-geo
Yambuku,Mongala,2,FALSE,0.0064,0.0029,0.0113,0.006,117,88,156,0.0064,0.3232,118,0.0089,NA,NA,NA,NA,NA,NA,0.4344,0.0143,109,0.5483,0.5753,0,0.6139,0,Bayes-M17-geo
Yalimbongo,Tshopo,2,FALSE,0.0064,0.0038,0.0096,0.0062,114,101,143,0.0064,0.3214,119,0.0088,NA,NA,NA,NA,NA,NA,0.3214,0.0105,130,0.5772,0.0483,0,0.6602,0,Bayes-M17-geo
Mbulula,Tanganyika,2,FALSE,0.0064,0.0033,0.0104,0.0062,115,102,135,0.0065,0.3241,117,0.0089,NA,NA,NA,NA,NA,NA,0.5934,0.0195,88,0.6448,0.7761,0,0.9527,0,Bayes-M17-geo
Kintambo,Kinshasa,2,FALSE,0.0062,0.001,0.0166,0.0049,135,75,328,0.0063,0.3155,120,0.0086,NA,NA,NA,NA,NA,NA,0.0338,0.0011,393,0.0212,0.1004,0,0.0135,0,Bayes-M17-geo
Kabinda,Lomami,2,FALSE,0.0062,0.0029,0.0104,0.0058,119,97,147,0.0062,0.3127,121,0.0086,NA,NA,NA,NA,NA,NA,0.4382,0.0139,110,0.5097,0.5541,0,0.6892,0,Bayes-M17-geo
Basali,Tshopo,2,FALSE,0.0061,0.0034,0.0099,0.0058,119,95,174,0.0061,0.3059,123,0.0084,NA,NA,NA,NA,NA,NA,0.3779,0.0117,123,0.834,0.0251,0,0.6525,0,Bayes-M17-geo
Kongolo,Tanganyika,2,FALSE,0.0061,0.0027,0.0106,0.0057,122,95,154,0.0061,0.3076,122,0.0084,NA,NA,NA,NA,NA,NA,0.6829,0.0213,85,0.8861,0.9228,0,0.9228,0,Bayes-M17-geo
Kokolo,Kinshasa,2,FALSE,0.0059,0.001,0.0153,0.0048,138,78.05,326.95,0.006,0.3002,124,0.0082,NA,NA,NA,NA,NA,NA,0.2172,0.0066,187,0.0772,0.7722,0,0.0193,0,Bayes-M17-geo
Ferekeni,Maniema,2,FALSE,0.0058,0.0029,0.0099,0.0054,124,98,188,0.0058,0.2924,125,0.008,NA,NA,NA,NA,NA,NA,0.3504,0.0104,132,0.7722,0.0425,0,0.5869,0,Bayes-M17-geo
Lowa,Tshopo,2,FALSE,0.0058,0.003,0.0098,0.0055,124,101,179.95,0.0058,0.2923,126,0.008,NA,NA,NA,NA,NA,NA,0.4073,0.0121,121,0.8938,0.0598,0,0.6757,0,Bayes-M17-geo
Yakoma,Nord-Ubangi,2,FALSE,0.0056,0.003,0.0089,0.0053,124,106,159,0.0056,0.2813,127,0.0077,NA,NA,NA,NA,NA,NA,0.6641,0.019,94,0.7124,0.9479,0,0.9961,0,Bayes-M17-geo
Kailo,Maniema,2,FALSE,0.0055,0.0029,0.0087,0.0053,126,114,142,0.0055,0.276,130,0.0076,NA,NA,NA,NA,NA,NA,0.4276,0.012,122,0.832,0.0946,0,0.7838,0,Bayes-M17-geo
Kalima,Maniema,2,FALSE,0.0055,0.003,0.0086,0.0053,126,117,134,0.0055,0.2781,128,0.0076,NA,NA,NA,NA,NA,NA,0.3094,0.0087,149,0.4595,0.3205,0,0.4575,0,Bayes-M17-geo
Lingomo,Tshuapa,2,FALSE,0.0055,0.003,0.0086,0.0053,125,113,144,0.0055,0.2768,129,0.0076,NA,NA,NA,NA,NA,NA,0.5627,0.0158,105,0.8263,0.5869,0,0.8378,0,Bayes-M17-geo
Matete,Kinshasa,2,FALSE,0.0054,0.0012,0.0129,0.0046,142,91,308.9,0.0054,0.2732,131,0.0075,NA,NA,NA,NA,NA,NA,0.0492,0.0014,380,0.0251,0.1158,0,0.056,0,Bayes-M17-geo
Bandalungwa,Kinshasa,2,FALSE,0.0053,9e-4,0.0138,0.0042,152,86,344,0.0053,0.2664,132,0.0073,NA,NA,NA,NA,NA,NA,0.0709,0.0019,362,0.0328,0.2336,0,0.0174,0,Bayes-M17-geo
Mweka,Kasaï,2,FALSE,0.0052,0.003,0.0079,0.005,130,103,179,0.0052,0.2617,136,0.0072,NA,NA,NA,NA,NA,NA,0.5053,0.0134,112,0.4788,0.7239,0,0.8185,0,Bayes-M17-geo
Alunguli,Maniema,2,FALSE,0.0052,0.0029,0.0084,0.005,131,110,179,0.0053,0.2642,133,0.0073,NA,NA,NA,NA,NA,NA,0.3132,0.0084,155,0.1737,0.195,0,0.8842,0,Bayes-M17-geo
Ikela,Tshuapa,2,FALSE,0.0052,0.0028,0.0082,0.005,131,119,149,0.0052,0.2619,134,0.0072,NA,NA,NA,NA,NA,NA,0.4633,0.0123,118,0.8147,0.1795,0,0.8591,0,Bayes-M17-geo
Kabalo,Tanganyika,2,FALSE,0.0052,0.0024,0.0088,0.0049,134,109,159,0.0052,0.2618,135,0.0072,NA,NA,NA,NA,NA,NA,0.624,0.0166,100,0.9035,0.7568,0,0.8359,0,Bayes-M17-geo
Kikimi,Kinshasa,2,FALSE,0.0051,0.0013,0.011,0.0044,145,101,278.95,0.0051,0.2556,141,0.007,NA,NA,NA,NA,NA,NA,0.0835,0.0022,346,0.056,0.1911,0,0.0869,0,Bayes-M17-geo
Barumbu,Kinshasa,2,FALSE,0.0051,9e-4,0.0134,0.0041,155,88,344,0.0052,0.259,137,0.0071,NA,NA,NA,NA,NA,NA,0.014,4e-4,438,0.0097,0.0232,0,0.0232,0,Bayes-M17-geo
Lubao,Lomami,2,FALSE,0.0051,0.0027,0.0082,0.005,133,120,151,0.0052,0.2589,138,0.0071,NA,NA,NA,NA,NA,NA,0.3982,0.0105,131,0.6486,0.1525,0,0.7915,0,Bayes-M17-geo
Kibombo,Maniema,2,FALSE,0.0051,0.0028,0.0082,0.0049,132,115,162,0.0052,0.2588,139,0.0071,NA,NA,NA,NA,NA,NA,0.4614,0.0121,120,0.7452,0.1776,0,0.9228,0,Bayes-M17-geo
Nyunzu,Tanganyika,2,FALSE,0.0051,0.0026,0.0083,0.0049,134,117,150,0.0051,0.2579,140,0.0071,NA,NA,NA,NA,NA,NA,0.6023,0.0158,106,0.9653,0.834,0,0.61,0,Bayes-M17-geo
Wapinda,Nord-Ubangi,2,FALSE,0.0049,0.0028,0.0077,0.0048,136,112,189.95,0.0049,0.2484,142,0.0068,NA,NA,NA,NA,NA,NA,0.6791,0.0171,97,0.9015,0.8398,0,0.9749,0,Bayes-M17-geo
Monga,Bas-Uele,2,FALSE,0.0048,0.0027,0.0073,0.0046,139,118,179,0.0048,0.2405,144,0.0066,NA,NA,NA,NA,NA,NA,0.7336,0.0179,96,0.9826,0.9672,0,0.9846,0,Bayes-M17-geo
Bumba,Mongala,2,FALSE,0.0048,0.0026,0.0075,0.0046,138,123,160,0.0048,0.2421,143,0.0067,NA,NA,NA,NA,NA,NA,0.2384,0.0059,210,0.1409,0.4537,0,0.3591,0,Bayes-M17-geo
Lodja,Sankuru,2,FALSE,0.0047,0.0021,0.0082,0.0044,145,111,211,0.0047,0.2359,145,0.0065,NA,NA,NA,NA,NA,NA,0.4626,0.0111,126,0.2625,0.6351,0,0.9527,0,Bayes-M17-geo
Kananga,Kasaï-Central,2,FALSE,0.0046,0.0024,0.0074,0.0044,145,112,203,0.0046,0.2302,147,0.0063,NA,NA,NA,NA,NA,NA,0.2963,0.0069,180,0.1429,0.5579,0,0.4846,0,Bayes-M17-geo
Ngiri Ngiri,Kinshasa,2,FALSE,0.0046,8e-4,0.012,0.0037,171.5,96,351,0.0046,0.233,146,0.0064,NA,NA,NA,NA,NA,NA,0.028,7e-4,425,0.0154,0.0676,0,0.029,0,Bayes-M17-geo
Mulumba,Lomami,2,FALSE,0.0046,0.0024,0.0072,0.0044,144.5,127,162,0.0046,0.2294,148,0.0063,NA,NA,NA,NA,NA,NA,0.2587,0.006,203,0.1834,0.3108,0,0.5405,0,Bayes-M17-geo
Luebo,Kasaï,2,FALSE,0.0045,0.0027,0.0068,0.0044,144,113,195,0.0045,0.2274,149,0.0062,NA,NA,NA,NA,NA,NA,0.4353,0.0101,138,0.5232,0.5116,0,0.7066,0,Bayes-M17-geo
Bena Leka,Kasaï-Central,2,FALSE,0.0044,0.0026,0.0065,0.0042,149,116.05,202,0.0044,0.2196,153,0.006,NA,NA,NA,NA,NA,NA,0.4986,0.0111,124,0.6062,0.7162,0,0.6718,0,Bayes-M17-geo
Lemba,Kinshasa,2,FALSE,0.0044,9e-4,0.0107,0.0037,174,100,340,0.0044,0.2233,150,0.0061,NA,NA,NA,NA,NA,NA,0.1023,0.0023,340,0.0483,0.3069,0,0.0541,0,Bayes-M17-geo
Pangi,Maniema,2,FALSE,0.0044,0.0023,0.0073,0.0042,149,118,221,0.0044,0.222,151,0.0061,NA,NA,NA,NA,NA,NA,0.3316,0.0075,170,0.6081,0.056,0,0.6622,0,Bayes-M17-geo
Lomela,Sankuru,2,FALSE,0.0044,0.0023,0.0071,0.0042,148,131,175,0.0044,0.2214,152,0.0061,NA,NA,NA,NA,NA,NA,0.4759,0.0107,127,0.8456,0.1351,0,0.9228,0,Bayes-M17-geo
Ngandajika,Lomami,2,FALSE,0.0043,0.0023,0.0067,0.0041,153,135,172,0.0043,0.2142,157,0.0059,NA,NA,NA,NA,NA,NA,0.3465,0.0075,169,0.2124,0.4459,0,0.7278,0,Bayes-M17-geo
Luputa,Lomami,2,FALSE,0.0043,0.0021,0.0073,0.0041,152,123,200,0.0044,0.2187,154,0.006,NA,NA,NA,NA,NA,NA,0.3431,0.0076,167,0.3301,0.3166,0,0.7259,0,Bayes-M17-geo
Yamongili,Mongala,2,FALSE,0.0043,0.0025,0.0065,0.0042,149,137,165,0.0043,0.2183,156,0.006,NA,NA,NA,NA,NA,NA,0.3243,0.0072,174,0.5116,0.3668,0,0.4189,0,Bayes-M17-geo
Mondombe,Tshuapa,2,FALSE,0.0043,0.0022,0.007,0.0041,151,131,170,0.0043,0.2185,155,0.006,NA,NA,NA,NA,NA,NA,0.4797,0.0107,128,0.6622,0.3726,0,0.8842,0,Bayes-M17-geo
Ludimbi Lukula,Lomami,2,FALSE,0.0042,0.0022,0.0067,0.004,154,134,187,0.0042,0.2109,158,0.0058,NA,NA,NA,NA,NA,NA,0.4513,0.0097,143,0.6931,0.3475,0,0.7645,0,Bayes-M17-geo
Wasolo,Nord-Ubangi,2,FALSE,0.0042,0.0023,0.0067,0.004,154,123,224,0.0042,0.2101,159,0.0058,NA,NA,NA,NA,NA,NA,0.5709,0.0122,119,0.5541,0.7413,0,0.9884,0,Bayes-M17-geo
Yalifafu,Tshuapa,2,FALSE,0.0042,0.0022,0.0067,0.004,155,137,179,0.0042,0.2099,160,0.0058,NA,NA,NA,NA,NA,NA,0.4797,0.0102,134,0.7664,0.2683,0,0.8842,0,Bayes-M17-geo
Ilebo,Kasaï,2,FALSE,0.0041,0.0026,0.0059,0.004,155,122,219,0.0041,0.2063,162,0.0057,NA,NA,NA,NA,NA,NA,0.3142,0.0066,189,0.2162,0.6139,0,0.4266,0,Bayes-M17-geo
Tshofa,Lomami,2,FALSE,0.0041,0.0021,0.0066,0.0039,158,140,184,0.0041,0.2056,163,0.0056,NA,NA,NA,NA,NA,NA,0.4416,0.0092,146,0.6757,0.3514,0,0.7394,0,Bayes-M17-geo
Mweneditu,Lomami,2,FALSE,0.0041,0.0021,0.0068,0.0039,158,131,197,0.0042,0.2088,161,0.0057,NA,NA,NA,NA,NA,NA,0.2799,0.0059,206,0.166,0.3842,0,0.5695,0,Bayes-M17-geo
Kasansa,Kasaï-Oriental,2,FALSE,0.004,0.002,0.0065,0.0038,161,138,203,0.004,0.2015,164,0.0055,NA,NA,NA,NA,NA,NA,0.3349,0.0069,181,0.2568,0.6699,0,0.4131,0,Bayes-M17-geo
Kanda Kanda,Lomami,2,FALSE,0.004,0.0021,0.0062,0.0038,163,144,185,0.004,0.1989,165,0.0055,NA,NA,NA,NA,NA,NA,0.3012,0.0061,202,0.3185,0.1737,0,0.7124,0,Bayes-M17-geo
Mikalayi,Kasaï-Central,2,FALSE,0.0039,0.0023,0.0059,0.0038,163,133,208,0.0039,0.198,166,0.0054,NA,NA,NA,NA,NA,NA,0.3948,0.0079,165,0.4517,0.5811,0,0.5463,0,Bayes-M17-geo
Bokungu,Tshuapa,2,FALSE,0.0039,0.002,0.0063,0.0037,169,145,196,0.0039,0.1943,167,0.0053,NA,NA,NA,NA,NA,NA,0.49370000000000003,0.0098,141,0.695,0.3571,0,0.9228,0,Bayes-M17-geo
Kingasani,Kinshasa,2,FALSE,0.0038,9e-4,0.0086,0.0033,194.5,117,335.95,0.0038,0.1904,168,0.0052,NA,NA,NA,NA,NA,NA,0.0294,6e-4,431,0.0058,0.0405,0,0.0714,0,Bayes-M17-geo
Maluku 1,Kinshasa,2,FALSE,0.0038,0.0012,0.0077,0.0034,186,127,294,0.0038,0.1897,170,0.0052,NA,NA,NA,NA,NA,NA,0.2321,0.0045,259,0.3475,0.4517,0,0.1293,0,Bayes-M17-geo
Maluku 2,Kinshasa,2,FALSE,0.0038,0.0018,0.0064,0.0036,174,155,203,0.0038,0.19,169,0.0052,NA,NA,NA,NA,NA,NA,0.4184,0.0081,161,0.6834,0.5463,0,0.444,0,Bayes-M17-geo
Kaniama,Haut-Lomami,2,FALSE,0.0037,0.0018,0.0062,0.0035,175,142,227,0.0037,0.1879,171,0.0052,NA,NA,NA,NA,NA,NA,0.582,0.0111,125,0.8533,0.6622,0,0.8127,0,Bayes-M17-geo
Demba,Kasaï-Central,2,FALSE,0.0037,0.0021,0.0055,0.0036,174,140,229.95,0.0037,0.1852,177,0.0051,NA,NA,NA,NA,NA,NA,0.4117,0.0078,166,0.4653,0.7143,0,0.4672,0,Bayes-M17-geo
Ndekesha,Kasaï-Central,2,FALSE,0.0037,0.0022,0.0053,0.0036,173,140,219.95,0.0037,0.1844,180,0.0051,NA,NA,NA,NA,NA,NA,0.4059,0.0076,168,0.4768,0.4498,0,0.6969,0,Bayes-M17-geo
Bonzola,Kasaï-Oriental,2,FALSE,0.0037,0.0017,0.0063,0.0035,176,140,242.95,0.0037,0.1853,176,0.0051,NA,NA,NA,NA,NA,NA,0.2958,0.0056,218,0.0927,0.7934,0,0.2973,0,Bayes-M17-geo
Kabeya Kamwanga,Kasaï-Oriental,2,FALSE,0.0037,0.002,0.0058,0.0035,174,153,204,0.0037,0.1867,172,0.0051,NA,NA,NA,NA,NA,NA,0.2968,0.0056,215,0.3224,0.3919,0,0.473,0,Bayes-M17-geo
Bosondjo,Mongala,2,FALSE,0.0037,0.002,0.0059,0.0035,171,156,198,0.0037,0.1857,174,0.0051,NA,NA,NA,NA,NA,NA,0.3489,0.0066,190,0.5618,0.1931,0,0.6409,0,Bayes-M17-geo
Katako Kombe,Sankuru,2,FALSE,0.0037,0.0018,0.0061,0.0035,177,154,203,0.0037,0.185,178,0.0051,NA,NA,NA,NA,NA,NA,0.4703,0.0088,147,0.7857,0.1313,0,0.9643,0,Bayes-M17-geo
Omendjadi,Sankuru,2,FALSE,0.0037,0.0019,0.0059,0.0035,174,154,202,0.0037,0.1845,179,0.0051,NA,NA,NA,NA,NA,NA,0.4262,0.008,163,0.5502,0.2317,0,0.9228,0,Bayes-M17-geo
Vanga Kete,Sankuru,2,FALSE,0.0037,0.0019,0.0059,0.0036,175,152,199,0.0037,0.1859,173,0.0051,NA,NA,NA,NA,NA,NA,0.4503,0.0085,152,0.4672,0.4112,0,0.9228,0,Bayes-M17-geo
Tshumbe,Sankuru,2,FALSE,0.0037,0.002,0.0059,0.0035,171,149,207,0.0037,0.1856,175,0.0051,NA,NA,NA,NA,NA,NA,0.3907,0.0074,172,0.5444,0.1718,0,0.8465,0,Bayes-M17-geo
Kamana,Lomami,2,FALSE,0.0036,0.0019,0.0059,0.0035,175,151,213,0.0037,0.1834,181,0.005,NA,NA,NA,NA,NA,NA,0.2944,0.0055,222,0.5309,0.0174,0,0.6293,0,Bayes-M17-geo
Tunda,Maniema,2,FALSE,0.0036,0.0018,0.006,0.0034,179,133.05,263,0.0036,0.1807,183,0.005,NA,NA,NA,NA,NA,NA,0.459,0.0084,154,0.8977,0.0541,0,0.8842,0,Bayes-M17-geo
Mompono,Tshuapa,2,FALSE,0.0036,0.0019,0.0058,0.0035,176,152,216,0.0036,0.1819,182,0.005,NA,NA,NA,NA,NA,NA,0.5598,0.0104,133,0.8089,0.6042,0,0.8263,0,Bayes-M17-geo
Kitenge,Haut-Lomami,2,FALSE,0.0035,0.0016,0.0059,0.0033,189,159,240,0.0035,0.1747,188,0.0048,NA,NA,NA,NA,NA,NA,0.5729,0.0102,137,0.8668,0.8069,0,0.6178,0,Bayes-M17-geo
Kakenge,Kasaï,2,FALSE,0.0035,0.0023,0.005,0.0035,178,134,247,0.0035,0.1779,184,0.0049,NA,NA,NA,NA,NA,NA,0.4522,0.0082,160,0.5753,0.4788,0,0.7548,0,Bayes-M17-geo
Kalambayi Kabanga,Lomami,2,FALSE,0.0035,0.0019,0.0057,0.0034,182,165,209,0.0035,0.1773,185,0.0049,NA,NA,NA,NA,NA,NA,0.3132,0.0056,214,0.4556,0.1602,0,0.6371,0,Bayes-M17-geo
Dikungu,Sankuru,2,FALSE,0.0035,0.0018,0.0056,0.0033,187,164,220,0.0035,0.1742,189,0.0048,NA,NA,NA,NA,NA,NA,0.3779,0.0067,185,0.4865,0.1409,0,0.8842,0,Bayes-M17-geo
Minga,Sankuru,2,FALSE,0.0035,0.0019,0.0055,0.0034,184,160,216,0.0035,0.1764,186,0.0048,NA,NA,NA,NA,NA,NA,0.5347,0.0096,144,0.7838,0.471,0,0.8842,0,Bayes-M17-geo
Gemena,Sud-Ubangi,2,FALSE,0.0035,0.0014,0.0066,0.0032,194,128.05,291,0.0035,0.1763,187,0.0048,NA,NA,NA,NA,NA,NA,0.3277,0.0059,209,0.1776,0.2741,0,0.8591,0,Bayes-M17-geo
Manono,Tanganyika,2,FALSE,0.0035,0.0015,0.0061,0.0032,191,150,253,0.0035,0.1741,190,0.0048,NA,NA,NA,NA,NA,NA,0.5758,0.0102,135,0.8784,0.9537,0,0.471,0,Bayes-M17-geo
Kabongo,Haut-Lomami,2,FALSE,0.0034,0.0014,0.0062,0.0032,193,147.05,261.95,0.0034,0.1728,194,0.0047,NA,NA,NA,NA,NA,NA,0.5372,0.0094,145,0.8108,0.778,0,0.5598,0,Bayes-M17-geo
Kingabwa,Kinshasa,2,FALSE,0.0034,7e-4,0.0081,0.0028,228,119,359.95,0.0034,0.1693,197,0.0047,NA,NA,NA,NA,NA,NA,0.0478,8e-4,414,0.0425,0.0965,0,0.0521,0,Bayes-M17-geo
Ndjili,Kinshasa,2,FALSE,0.0034,8e-4,0.0079,0.0029,217,121,350,0.0035,0.1737,191,0.0048,NA,NA,NA,NA,NA,NA,0.0487,9e-4,412,0.027,0.1042,0,0.0637,0,Bayes-M17-geo
Binza Ozone,Kinshasa,2,FALSE,0.0034,5e-4,0.0093,0.0025,250,104.05,382,0.0034,0.1731,192,0.0048,NA,NA,NA,NA,NA,NA,0.152,0.0027,330,0.0734,0.5232,0,0.0116,0,Bayes-M17-geo
Abuzi,Nord-Ubangi,2,FALSE,0.0034,0.0019,0.0054,0.0033,187,157,228,0.0034,0.1728,193,0.0047,NA,NA,NA,NA,NA,NA,0.7153,0.0126,117,0.9846,0.9054,0,0.971,0,Bayes-M17-geo
Ototo,Sankuru,2,FALSE,0.0034,0.0018,0.0054,0.0033,191,165,221,0.0034,0.1721,195,0.0047,NA,NA,NA,NA,NA,NA,0.4561,0.008,164,0.5386,0.3629,0,0.9228,0,Bayes-M17-geo
Kiambi,Tanganyika,2,FALSE,0.0034,0.0017,0.0055,0.0032,192,161.05,234,0.0034,0.1695,196,0.0047,NA,NA,NA,NA,NA,NA,0.5709,0.0098,140,0.9807,0.6834,0,0.6197,0,Bayes-M17-geo
Dibaya,Kasaï-Central,2,FALSE,0.0033,0.0019,0.0049,0.0032,197,174,227,0.0033,0.1637,203,0.0045,NA,NA,NA,NA,NA,NA,0.3325,0.0055,219,0.3147,0.4479,0,0.5676,0,Bayes-M17-geo
Katende,Kasaï-Central,2,FALSE,0.0033,0.0019,0.0051,0.0032,193,161,231,0.0033,0.1679,199,0.0046,NA,NA,NA,NA,NA,NA,0.5154,0.0088,148,0.6525,0.6486,0,0.7606,0,Bayes-M17-geo
Muetshi,Kasaï-Central,2,FALSE,0.0033,0.002,0.0047,0.0032,194,148,254,0.0033,0.1641,202,0.0045,NA,NA,NA,NA,NA,NA,0.4792,0.008,162,0.6158,0.5386,0,0.7625,0,Bayes-M17-geo
Nzaba,Kasaï-Oriental,2,FALSE,0.0033,0.0016,0.0055,0.0031,197,164,243,0.0033,0.1655,201,0.0045,NA,NA,NA,NA,NA,NA,0.278,0.0047,250,0.1042,0.6931,0,0.3147,0,Bayes-M17-geo
Kalamu 2,Kinshasa,2,FALSE,0.0033,5e-4,0.0088,0.0026,246,113,376,0.0033,0.166,200,0.0046,NA,NA,NA,NA,NA,NA,0.015,3e-4,446,0.0039,0.0154,0,0.0405,0,Bayes-M17-geo
Pimu,Mongala,2,FALSE,0.0033,0.0017,0.0055,0.0032,196,171,230,0.0034,0.1685,198,0.0046,NA,NA,NA,NA,NA,NA,0.4257,0.0073,173,0.583,0.3707,0,0.749,0,Bayes-M17-geo
Mbandaka,Equateur,2,FALSE,0.0032,0.0012,0.006,0.0029,214,165,267,0.0032,0.1599,211,0.0044,NA,NA,NA,NA,NA,NA,0.5164,0.0084,156,0.6409,0.9633,0,0.4614,0,Bayes-M17-geo
Tshikaji,Kasaï-Central,2,FALSE,0.0032,0.002,0.0047,0.0031,198,168,231,0.0032,0.1621,207,0.0045,NA,NA,NA,NA,NA,NA,0.3195,0.0053,229,0.1873,0.5849,0,0.5058,0,Bayes-M17-geo
Masuika,Kasaï-Central,2,FALSE,0.0032,0.0016,0.0052,0.0031,203,161,257,0.0032,0.1617,208,0.0044,NA,NA,NA,NA,NA,NA,0.3885,0.0064,194,0.3263,0.5618,0,0.666,0,Bayes-M17-geo
Kalenda,Lomami,2,FALSE,0.0032,0.0017,0.0051,0.0031,203,185,231,0.0032,0.1612,209,0.0044,NA,NA,NA,NA,NA,NA,0.2886,0.0047,247,0.388,0.1873,0,0.5792,0,Bayes-M17-geo
Karawa,Nord-Ubangi,2,FALSE,0.0032,0.0015,0.0056,0.003,204,157,268,0.0032,0.1629,204,0.0045,NA,NA,NA,NA,NA,NA,0.6404,0.0106,129,0.7568,0.973,0,0.832,0,Bayes-M17-geo
Wembo Nyama,Sankuru,2,FALSE,0.0032,0.0017,0.0052,0.0031,200,168,247,0.0032,0.1625,205,0.0045,NA,NA,NA,NA,NA,NA,0.4097,0.0068,182,0.5019,0.2143,0,0.9228,0,Bayes-M17-geo
Befale,Tshuapa,2,FALSE,0.0032,0.0017,0.0052,0.003,204,180,238,0.0032,0.1601,210,0.0044,NA,NA,NA,NA,NA,NA,0.5145,0.0084,158,0.8822,0.4903,0,0.6853,0,Bayes-M17-geo
Boende,Tshuapa,2,FALSE,0.0032,0.0014,0.0057,0.003,205,158,270.95,0.0032,0.1624,206,0.0045,NA,NA,NA,NA,NA,NA,0.4199,0.0069,179,0.6988,0.4807,0,0.5,0,Bayes-M17-geo
Luiza,Kasaï-Central,2,FALSE,0.0031,0.0016,0.005,0.0029,212,178,261,0.0031,0.1541,215,0.0042,NA,NA,NA,NA,NA,NA,0.4218,0.0066,186,0.4807,0.6293,0,0.5772,0,Bayes-M17-geo
Bibanga,Kasaï-Oriental,2,FALSE,0.0031,0.0017,0.0048,0.003,210,193,223,0.0031,0.1547,214,0.0043,NA,NA,NA,NA,NA,NA,0.2978,0.0047,249,0.3127,0.4884,0,0.39,0,Bayes-M17-geo
Kalonda Est,Lomami,2,FALSE,0.0031,0.0016,0.005,0.0029,209,179,252,0.0031,0.1557,213,0.0043,NA,NA,NA,NA,NA,NA,0.3292,0.0052,231,0.5425,0.1506,0,0.6236,0,Bayes-M17-geo
Boso Manzi,Mongala,2,FALSE,0.0031,0.0017,0.005,0.003,209,182,243,0.0031,0.1564,212,0.0043,NA,NA,NA,NA,NA,NA,0.3982,0.0063,196,0.5695,0.2278,0,0.7954,0,Bayes-M17-geo
Ndjoko Mpunda,Kasaï,2,FALSE,0.003,0.0019,0.0043,0.0029,217,166,272,0.003,0.1494,222,0.0041,NA,NA,NA,NA,NA,NA,0.333,0.0051,236,0.3977,0.2915,0,0.6429,0,Bayes-M17-geo
Kamwesha,Kasaï,2,FALSE,0.003,0.0015,0.0049,0.0028,221,168,283,0.003,0.1485,224,0.0041,NA,NA,NA,NA,NA,NA,0.2732,0.0041,271,0.3456,0.2876,0,0.4595,0,Bayes-M17-geo
Tshikula,Kasaï-Central,2,FALSE,0.003,0.0018,0.0045,0.0029,211,166.05,269,0.003,0.1517,216,0.0042,NA,NA,NA,NA,NA,NA,0.3296,0.0051,235,0.3919,0.3185,0,0.6081,0,Bayes-M17-geo
Tshibala,Kasaï-Central,2,FALSE,0.003,0.0017,0.0045,0.0029,220,179.05,259,0.003,0.1487,223,0.0041,NA,NA,NA,NA,NA,NA,0.4218,0.0064,195,0.4266,0.5772,0,0.6834,0,Bayes-M17-geo
Diulu,Kasaï-Oriental,2,FALSE,0.003,0.0016,0.0047,0.0029,217,186.05,242,0.003,0.1501,220,0.0041,NA,NA,NA,NA,NA,NA,0.2611,0.004,277,0.0676,0.6448,0,0.332,0,Bayes-M17-geo
Tshilenge,Kasaï-Oriental,2,FALSE,0.003,0.0014,0.0049,0.0028,221,179,263,0.003,0.1495,221,0.0041,NA,NA,NA,NA,NA,NA,0.2799,0.0043,266,0.1892,0.668,0,0.2625,0,Bayes-M17-geo
Idiofa,Kwilu,2,FALSE,0.003,0.0012,0.0057,0.0027,229,145,321,0.003,0.1503,219,0.0041,NA,NA,NA,NA,NA,NA,0.486,0.0074,171,0.4537,0.749,0,0.7413,0,Bayes-M17-geo
Makota,Lomami,2,FALSE,0.003,0.0016,0.0048,0.0029,213,178,265.95,0.003,0.1509,217,0.0041,NA,NA,NA,NA,NA,NA,0.2587,0.004,278,0.1023,0.3764,0,0.556,0,Bayes-M17-geo
Bena Dibele,Sankuru,2,FALSE,0.003,0.0017,0.0046,0.0029,215.5,178,262,0.003,0.1506,218,0.0041,NA,NA,NA,NA,NA,NA,0.4093,0.0063,197,0.6216,0.1564,0,0.8591,0,Bayes-M17-geo
Bilomba,Kasaï-Central,2,FALSE,0.0029,0.0017,0.0044,0.0028,221,171.05,279,0.0029,0.1468,226,0.004,NA,NA,NA,NA,NA,NA,0.4006,0.006,204,0.3378,0.4421,0,0.8224,0,Bayes-M17-geo
Lubunga (Kasaï-Central),Kasaï-Central,2,FALSE,0.0029,0.0016,0.0045,0.0027,226,171,292,0.0029,0.1434,233,0.0039,NA,NA,NA,NA,NA,NA,0.4599,0.0067,183,0.5637,0.4653,0,0.8108,0,Bayes-M17-geo
Lukelenge,Kasaï-Oriental,2,FALSE,0.0029,0.0015,0.0046,0.0028,225,194,251,0.0029,0.1453,230,0.004,NA,NA,NA,NA,NA,NA,0.2249,0.0033,306,0.0811,0.5,0,0.3185,0,Bayes-M17-geo
Mukumbi,Kasaï-Oriental,2,FALSE,0.0029,0.0016,0.0045,0.0028,220,197,251.95,0.0029,0.1466,227,0.004,NA,NA,NA,NA,NA,NA,0.2249,0.0034,303,0.2413,0.1892,0,0.4691,0,Bayes-M17-geo
Binga,Mongala,2,FALSE,0.0029,0.0015,0.0047,0.0028,224,201,250,0.0029,0.1465,228,0.004,NA,NA,NA,NA,NA,NA,0.3306,0.0049,241,0.4749,0.249,0,0.5985,0,Bayes-M17-geo
Bongandanga,Mongala,2,FALSE,0.0029,0.0014,0.0049,0.0027,228,153,306,0.0029,0.1448,231,0.004,NA,NA,NA,NA,NA,NA,0.4228,0.0062,199,0.7587,0.0097,0,0.9228,0,Bayes-M17-geo
Djalo Ndjeka,Sankuru,2,FALSE,0.0029,0.0014,0.0049,0.0027,226.5,160,296,0.0029,0.1457,229,0.004,NA,NA,NA,NA,NA,NA,0.3378,0.005,238,0.3591,0.0695,0,0.9228,0,Bayes-M17-geo
Lusambo,Sankuru,2,FALSE,0.0029,0.0016,0.0045,0.0028,227,190,260,0.0029,0.1447,232,0.004,NA,NA,NA,NA,NA,NA,0.4833,0.0071,178,0.6815,0.2992,0,0.9527,0,Bayes-M17-geo
Kansimba,Tanganyika,2,FALSE,0.0029,0.0014,0.0049,0.0028,223,206,242,0.0029,0.1481,225,0.0041,NA,NA,NA,NA,NA,NA,0.5497,0.0083,159,0.9479,0.7741,0,0.4768,0,Bayes-M17-geo
Lukonga,Kasaï-Central,2,FALSE,0.0028,0.0017,0.0041,0.0028,226,195,259.95,0.0028,0.1425,234,0.0039,NA,NA,NA,NA,NA,NA,0.3282,0.0048,246,0.2239,0.6429,0,0.4459,0,Bayes-M17-geo
Moba,Tanganyika,2,FALSE,0.0028,0.001,0.0052,0.0025,246,169,314,0.0028,0.1393,235,0.0038,NA,NA,NA,NA,NA,NA,0.3808,0.0054,224,0.6178,0.4942,0,0.4112,0,Bayes-M17-geo
Kamina,Haut-Lomami,2,FALSE,0.0027,0.0011,0.0048,0.0025,245,187,299,0.0027,0.1362,241,0.0037,NA,NA,NA,NA,NA,NA,0.5164,0.0072,176,0.8301,0.8301,0,0.4054,0,Bayes-M17-geo
Bunkonde,Kasaï-Central,2,FALSE,0.0027,0.0015,0.0042,0.0025,242,172,311,0.0027,0.1335,249,0.0037,NA,NA,NA,NA,NA,NA,0.3523,0.0048,245,0.4015,0.278,0,0.7297,0,Bayes-M17-geo
Katoka,Kasaï-Central,2,FALSE,0.0027,0.0017,0.004,0.0027,233,184,289.95,0.0027,0.137,237,0.0038,NA,NA,NA,NA,NA,NA,0.2645,0.0037,291,0.1216,0.473,0,0.4633,0,Bayes-M17-geo
Bipemba,Kasaï-Oriental,2,FALSE,0.0027,0.0014,0.0042,0.0026,239,206,273,0.0027,0.1343,248,0.0037,NA,NA,NA,NA,NA,NA,0.1544,0.0021,351,0.0618,0.2201,0,0.3359,0,Bayes-M17-geo
Cilundu,Kasaï-Oriental,2,FALSE,0.0027,0.0014,0.0044,0.0026,241,216,264.95,0.0027,0.1353,243,0.0037,NA,NA,NA,NA,NA,NA,0.221,0.003,317,0.2317,0.3089,0,0.3436,0,Bayes-M17-geo
Citenge,Kasaï-Oriental,2,FALSE,0.0027,0.0014,0.0043,0.0026,239,204,268,0.0027,0.1358,242,0.0037,NA,NA,NA,NA,NA,NA,0.2321,0.0032,313,0.1583,0.4749,0,0.2954,0,Bayes-M17-geo
Muya,Kasaï-Oriental,2,FALSE,0.0027,0.0014,0.0042,0.0026,239,208,271,0.0027,0.1343,247,0.0037,NA,NA,NA,NA,NA,NA,0.2495,0.0034,301,0.0753,0.5888,0,0.334,0,Bayes-M17-geo
Mukedi,Kwilu,2,FALSE,0.0027,0.0013,0.0045,0.0026,240,188,295,0.0027,0.1363,240,0.0037,NA,NA,NA,NA,NA,NA,0.4836,0.0067,184,0.5367,0.7066,0,0.6911,0,Bayes-M17-geo
Bili (Nord-Ubangi),Nord-Ubangi,2,FALSE,0.0027,0.0013,0.0045,0.0025,247,200,282,0.0027,0.135,245,0.0037,NA,NA,NA,NA,NA,NA,0.7075,0.0097,142,0.9247,0.9189,0,0.9865,0,Bayes-M17-geo
Bosobolo,Nord-Ubangi,2,FALSE,0.0027,0.0013,0.0045,0.0026,241,207.05,268,0.0027,0.1368,238,0.0038,NA,NA,NA,NA,NA,NA,0.7148,0.01,139,0.9363,0.9459,0,0.9768,0,Bayes-M17-geo
Kole,Sankuru,2,FALSE,0.0027,0.0014,0.0043,0.0026,243,204,274,0.0027,0.1351,244,0.0037,NA,NA,NA,NA,NA,NA,0.4802,0.0066,188,0.7761,0.2606,0,0.8842,0,Bayes-M17-geo
Bwamanda,Sud-Ubangi,2,FALSE,0.0027,0.0012,0.0049,0.0025,245,182.05,305,0.0027,0.1375,236,0.0038,NA,NA,NA,NA,NA,NA,0.4667,0.0065,192,0.4189,0.7394,0,0.7085,0,Bayes-M17-geo
Tandala,Sud-Ubangi,2,FALSE,0.0027,0.0012,0.0047,0.0025,248.5,192,298,0.0027,0.1348,246,0.0037,NA,NA,NA,NA,NA,NA,0.4078,0.0056,217,0.2741,0.527,0,0.8301,0,Bayes-M17-geo
Ankoro,Tanganyika,2,FALSE,0.0027,0.0013,0.0046,0.0025,244,210,269,0.0027,0.1364,239,0.0038,NA,NA,NA,NA,NA,NA,0.6047,0.0084,157,0.9266,0.8282,0,0.6641,0,Bayes-M17-geo
Dekese,Kasaï,2,FALSE,0.0026,0.0016,0.0038,0.0025,249,191,302,0.0026,0.1294,258,0.0036,NA,NA,NA,NA,NA,NA,0.4633,0.0061,201,0.9189,0.2181,0,0.7162,0,Bayes-M17-geo
Lubondaie,Kasaï-Central,2,FALSE,0.0026,0.0015,0.0041,0.0025,246,193,301,0.0026,0.1309,252,0.0036,NA,NA,NA,NA,NA,NA,0.3147,0.0042,269,0.3822,0.1583,0,0.7181,0,Bayes-M17-geo
Yangala,Kasaï-Central,2,FALSE,0.0026,0.0013,0.0041,0.0025,252,226,271,0.0026,0.1288,259,0.0035,NA,NA,NA,NA,NA,NA,0.348,0.0046,255,0.5927,0.2259,0,0.5734,0,Bayes-M17-geo
Dibindi,Kasaï-Oriental,2,FALSE,0.0026,0.0014,0.0041,0.0025,250,211,284,0.0026,0.13,255,0.0036,NA,NA,NA,NA,NA,NA,0.1617,0.0021,348,0.0386,0.2954,0,0.3127,0,Bayes-M17-geo
Kansele,Kasaï-Oriental,2,FALSE,0.0026,0.0014,0.0041,0.0025,248,205,285,0.0026,0.1306,254,0.0036,NA,NA,NA,NA,NA,NA,0.2437,0.0032,311,0.0541,0.5965,0,0.3243,0,Bayes-M17-geo
Lubilanji,Kasaï-Oriental,2,FALSE,0.0026,0.0014,0.0041,0.0025,245,202,281,0.0026,0.132,251,0.0036,NA,NA,NA,NA,NA,NA,0.1694,0.0023,341,0.0347,0.3398,0,0.3031,0,Bayes-M17-geo
Mpokolo,Kasaï-Oriental,2,FALSE,0.0026,0.0014,0.0041,0.0026,242,211,275,0.0027,0.1332,250,0.0037,NA,NA,NA,NA,NA,NA,0.2901,0.0039,285,0.1255,0.6873,0,0.3475,0,Bayes-M17-geo
Kamiji,Lomami,2,FALSE,0.0026,0.0014,0.0042,0.0025,247,186,307,0.0026,0.1307,253,0.0036,NA,NA,NA,NA,NA,NA,0.2635,0.0035,295,0.3398,0.1293,0,0.5849,0,Bayes-M17-geo
Loko,Nord-Ubangi,2,FALSE,0.0026,0.0013,0.0042,0.0024,255,218,281,0.0026,0.1283,260,0.0035,NA,NA,NA,NA,NA,NA,0.6535,0.0085,151,0.9402,0.9266,0,0.7471,0,Bayes-M17-geo
Mobayi Mbongo,Nord-Ubangi,2,FALSE,0.0026,0.0014,0.0041,0.0025,249,234,270,0.0026,0.1295,257,0.0036,NA,NA,NA,NA,NA,NA,0.5458,0.0072,175,0.9324,0.8166,0,0.4344,0,Bayes-M17-geo
Ndage,Sud-Ubangi,2,FALSE,0.0026,0.0013,0.0043,0.0025,253,217,276,0.0026,0.1298,256,0.0036,NA,NA,NA,NA,NA,NA,0.3533,0.0047,251,0.3996,0.2761,0,0.7375,0,Bayes-M17-geo
Basankusu,Equateur,2,FALSE,0.0025,0.0012,0.0042,0.0023,264,223,289,0.0025,0.1254,263,0.0034,NA,NA,NA,NA,NA,NA,0.6844,0.0087,150,0.9517,0.8629,0,0.9228,0,Bayes-M17-geo
Malemba Nkulu,Haut-Lomami,2,FALSE,0.0025,0.0011,0.0046,0.0023,261,208,299,0.0025,0.1277,261,0.0035,NA,NA,NA,NA,NA,NA,0.3895,0.0051,237,0.36870000000000003,0.7664,0,0.4228,0,Bayes-M17-geo
Koshibanda,Kwilu,2,FALSE,0.0025,0.0012,0.0042,0.0023,262,203,315,0.0025,0.1247,265,0.0034,NA,NA,NA,NA,NA,NA,0.4913,0.0062,198,0.5193,0.6757,0,0.7703,0,Bayes-M17-geo
Wikong,Lomami,2,FALSE,0.0025,0.0013,0.0041,0.0024,258,211,300,0.0025,0.1251,264,0.0034,NA,NA,NA,NA,NA,NA,0.3663,0.0047,252,0.2529,0.4228,0,0.7896,0,Bayes-M17-geo
Pania Mutombo,Sankuru,2,FALSE,0.0025,0.0012,0.0043,0.0023,262,190,321,0.0025,0.1242,266,0.0034,NA,NA,NA,NA,NA,NA,0.4117,0.0052,232,0.7413,0.1236,0,0.7819,0,Bayes-M17-geo
Bogosenubea,Sud-Ubangi,2,FALSE,0.0025,0.0012,0.0043,0.0024,261,218,291,0.0025,0.1264,262,0.0035,NA,NA,NA,NA,NA,NA,0.4107,0.0053,228,0.4981,0.3031,0,0.8417,0,Bayes-M17-geo
Lubumbashi,Haut-Katanga,2,FALSE,0.0024,6e-4,0.0053,0.0021,287,161.05,360,0.0024,0.1209,270,0.0033,NA,NA,NA,NA,NA,NA,0.1105,0.0014,381,0.1081,0.2104,0,0.1236,0,Bayes-M17-geo
Bena Tshadi,Kasaï-Central,2,FALSE,0.0024,0.0014,0.0038,0.0023,265,192,327,0.0024,0.1205,271,0.0033,NA,NA,NA,NA,NA,NA,0.472,0.0058,211,0.6699,0.3784,0,0.8398,0,Bayes-M17-geo
Mutoto,Kasaï-Central,2,FALSE,0.0024,0.0014,0.0037,0.0023,264.5,202.05,319,0.0024,0.1198,273,0.0033,NA,NA,NA,NA,NA,NA,0.3441,0.0042,268,0.4575,0.361,0,0.5579,0,Bayes-M17-geo
Tshishimbi,Kasaï-Oriental,2,FALSE,0.0024,0.0012,0.0038,0.0023,266,227,299,0.0024,0.1205,272,0.0033,NA,NA,NA,NA,NA,NA,0.1742,0.0021,349,0.1795,0.2471,0,0.2703,0,Bayes-M17-geo
Businga,Nord-Ubangi,2,FALSE,0.0024,0.0012,0.004,0.0023,264,226,292,0.0024,0.1225,268,0.0034,NA,NA,NA,NA,NA,NA,0.6781,0.0085,153,0.9286,0.861,0,0.9228,0,Bayes-M17-geo
Budjala,Sud-Ubangi,2,FALSE,0.0024,0.0011,0.0039,0.0022,273,235,295,0.0024,0.1184,274,0.0033,NA,NA,NA,NA,NA,NA,0.43,0.0052,233,0.5154,0.4035,0,0.8012,0,Bayes-M17-geo
Bulu,Sud-Ubangi,2,FALSE,0.0024,0.0012,0.004,0.0023,264,230,287,0.0024,0.123,267,0.0034,NA,NA,NA,NA,NA,NA,0.3147,0.0039,283,0.3649,0.1988,0,0.695,0,Bayes-M17-geo
Busanga,Tshuapa,2,FALSE,0.0024,0.0012,0.0042,0.0023,265,202,315,0.0024,0.122,269,0.0034,NA,NA,NA,NA,NA,NA,0.4452,0.0055,220,0.6602,0.168,0,0.9527,0,Bayes-M17-geo
Bolomba,Equateur,2,FALSE,0.0023,0.001,0.0039,0.0021,281,240.05,308,0.0023,0.114,278,0.0031,NA,NA,NA,NA,NA,NA,0.6163,0.0072,177,0.9575,0.8533,0,0.6544,0,Bayes-M17-geo
Mukanga,Haut-Lomami,2,FALSE,0.0023,0.001,0.0038,0.0021,280,257,293,0.0023,0.1134,281,0.0031,NA,NA,NA,NA,NA,NA,0.4739,0.0055,223,0.6853,0.6911,0,0.5193,0,Bayes-M17-geo
Tshikapa,Kasaï,2,FALSE,0.0023,0.001,0.0039,0.0021,276,210,326.95,0.0023,0.1149,277,0.0032,NA,NA,NA,NA,NA,NA,0.3156,0.0037,290,0.2722,0.6506,0,0.3398,0,Bayes-M17-geo
Binza Meteo,Kinshasa,2,FALSE,0.0023,4e-4,0.0059,0.0017,318,140,396,0.0023,0.1135,280,0.0031,NA,NA,NA,NA,NA,NA,0.2558,0.003,322,0.0965,0.8996,0,0.027,0,Bayes-M17-geo
Vanga,Kwilu,2,FALSE,0.0023,9e-4,0.0043,0.0021,281,197,344,0.0023,0.1153,276,0.0032,NA,NA,NA,NA,NA,NA,0.5034,0.0059,207,0.3726,0.8205,0,0.8205,0,Bayes-M17-geo
Bulungu,Kwilu,2,FALSE,0.0023,0.001,0.0043,0.0021,277.5,194.05,339.95,0.0023,0.1171,275,0.0032,NA,NA,NA,NA,NA,NA,0.4508,0.0054,225,0.3571,0.6795,0,0.7664,0,Bayes-M17-geo
Boso Mondanda,Mongala,2,FALSE,0.0023,0.0011,0.0038,0.0021,277,241,304,0.0023,0.1138,279,0.0031,NA,NA,NA,NA,NA,NA,0.3716,0.0043,264,0.5869,0.1486,0,0.751,0,Bayes-M17-geo
Bukama,Haut-Lomami,2,FALSE,0.0022,0.001,0.0038,0.0021,284,249,311,0.0022,0.1104,285,0.003,NA,NA,NA,NA,NA,NA,0.4764,0.0054,226,0.7143,0.7625,0,0.4286,0,Bayes-M17-geo
Kabondo Dianda,Haut-Lomami,2,FALSE,0.0022,0.001,0.0037,0.002,287,266,302,0.0022,0.1085,290,0.003,NA,NA,NA,NA,NA,NA,0.4107,0.0045,256,0.5888,0.5714,0,0.4826,0,Bayes-M17-geo
Kalonda Ouest,Kasaï,2,FALSE,0.0022,0.0012,0.0034,0.0021,281,243,317,0.0022,0.109,288,0.003,NA,NA,NA,NA,NA,NA,0.2239,0.0025,336,0.2915,0.251,0,0.3533,0,Bayes-M17-geo
Ndesha,Kasaï-Central,2,FALSE,0.0022,0.0012,0.0034,0.0021,280,207.05,341,0.0022,0.11,286,0.003,NA,NA,NA,NA,NA,NA,0.2317,0.0026,334,0.1448,0.3456,0,0.4363,0,Bayes-M17-geo
Luambo,Kasaï-Central,2,FALSE,0.0022,0.0012,0.0035,0.0021,278,251,306,0.0022,0.1111,284,0.0031,NA,NA,NA,NA,NA,NA,0.3769,0.0043,265,0.5347,0.5656,0,0.4073,0,Bayes-M17-geo
Miabi,Kasaï-Oriental,2,FALSE,0.0022,0.0011,0.0036,0.0022,277,243,309.95,0.0022,0.113,282,0.0031,NA,NA,NA,NA,NA,NA,0.2838,0.0033,310,0.2297,0.6525,0,0.2529,0,Bayes-M17-geo
Selembao,Kinshasa,2,FALSE,0.0022,4e-4,0.0056,0.0017,315.5,148,391,0.0022,0.1112,283,0.0031,NA,NA,NA,NA,NA,NA,0.0676,8e-4,417,0.0444,0.1815,0,0.0444,0,Bayes-M17-geo
Kenge,Kwango,2,FALSE,0.0022,9e-4,0.0041,0.002,292,209,353,0.0022,0.1092,287,0.003,NA,NA,NA,NA,NA,NA,0.5574,0.0062,200,0.6139,0.8127,0,0.8031,0,Bayes-M17-geo
Lusanga,Kwilu,2,FALSE,0.0022,9e-4,0.004,0.002,292,212,347.95,0.0022,0.109,289,0.003,NA,NA,NA,NA,NA,NA,0.4242,0.0047,248,0.4382,0.7297,0,0.529,0,Bayes-M17-geo
Kinkondja,Haut-Lomami,2,FALSE,0.0021,0.001,0.0036,0.002,288,263,306,0.0021,0.1069,292,0.0029,NA,NA,NA,NA,NA,NA,0.4889,0.0053,227,0.7278,0.6274,0,0.6004,0,Bayes-M17-geo
Mulongo,Haut-Lomami,2,FALSE,0.0021,0.001,0.0037,0.002,289,266,303,0.0022,0.1081,291,0.003,NA,NA,NA,NA,NA,NA,0.4773,0.0053,230,0.7471,0.7703,0,0.3919,0,Bayes-M17-geo
Kayamba,Haut-Lomami,2,FALSE,0.0021,0.001,0.0036,0.0019,295.5,233,343,0.0021,0.1035,299,0.0028,NA,NA,NA,NA,NA,NA,0.4276,0.0045,258,0.7027,0.4189,0,0.5888,0,Bayes-M17-geo
Kalomba,Kasaï-Central,2,FALSE,0.0021,0.0012,0.0032,0.002,292,228,343,0.0021,0.1036,298,0.0029,NA,NA,NA,NA,NA,NA,0.2944,0.0031,314,0.3166,0.1467,0,0.7143,0,Bayes-M17-geo
Mont Ngafula 1,Kinshasa,2,FALSE,0.0021,4e-4,0.0054,0.0016,326,151,396,0.0021,0.1063,294,0.0029,NA,NA,NA,NA,NA,NA,0.2066,0.0022,343,0.1371,0.6313,0,0.0579,0,Bayes-M17-geo
Kalamba,Lualaba,2,FALSE,0.0021,0.0011,0.0035,0.002,289,239,329,0.0021,0.1061,296,0.0029,NA,NA,NA,NA,NA,NA,0.4542,0.0049,243,0.8803,0.2375,0,0.6988,0,Bayes-M17-geo
Tshudi Loto,Sankuru,2,FALSE,0.0021,0.001,0.0037,0.002,291,218,347,0.0021,0.1062,295,0.0029,NA,NA,NA,NA,NA,NA,0.4237,0.0046,254,0.7683,0.0039,0,0.9228,0,Bayes-M17-geo
Bominenge,Sud-Ubangi,2,FALSE,0.0021,0.0011,0.0035,0.002,290,249,319,0.0021,0.1054,297,0.0029,NA,NA,NA,NA,NA,NA,0.3258,0.0035,297,0.2819,0.0985,0,0.9228,0,Bayes-M17-geo
Kungu,Sud-Ubangi,2,FALSE,0.0021,0.001,0.0036,0.002,292,252,318,0.0021,0.1064,293,0.0029,NA,NA,NA,NA,NA,NA,0.3711,0.004,275,0.3745,0.3359,0,0.7741,0,Bayes-M17-geo
Djombo,Equateur,2,FALSE,0.002,9e-4,0.0034,0.0018,305,246,348,0.002,0.0986,309,0.0027,NA,NA,NA,NA,NA,NA,0.6554,0.0066,191,0.917,0.7819,0,0.9228,0,Bayes-M17-geo
Ingende,Equateur,2,FALSE,0.002,9e-4,0.0033,0.0018,303,282,317,0.002,0.0981,310,0.0027,NA,NA,NA,NA,NA,NA,0.596,0.006,205,0.9208,0.8571,0,0.6062,0,Bayes-M17-geo
Songa,Haut-Lomami,2,FALSE,0.002,0.001,0.0034,0.0019,296,260,325,0.002,0.1023,302,0.0028,NA,NA,NA,NA,NA,NA,0.473,0.0049,242,0.9344,0.3533,0,0.6042,0,Bayes-M17-geo
Makala,Kinshasa,2,FALSE,0.002,4e-4,0.005,0.0017,324,157,391,0.002,0.1011,305,0.0028,NA,NA,NA,NA,NA,NA,0.0246,3e-4,445,0.0116,0.0386,0,0.0483,0,Bayes-M17-geo
Mont Ngafula 2,Kinshasa,2,FALSE,0.002,3e-4,0.0052,0.0016,330.5,155,399,0.002,0.1023,301,0.0028,NA,NA,NA,NA,NA,NA,0.0951,0.001,400,0.0849,0.2568,0,0.0386,0,Bayes-M17-geo
Gungu,Kwilu,2,FALSE,0.002,9e-4,0.0034,0.0019,301,247,335,0.002,0.101,306,0.0028,NA,NA,NA,NA,NA,NA,0.4237,0.0044,261,0.5058,0.6969,0,0.4923,0,Bayes-M17-geo
Ipamu,Kwilu,2,FALSE,0.002,9e-4,0.0036,0.0019,302,236,347,0.002,0.1013,304,0.0028,NA,NA,NA,NA,NA,NA,0.5454,0.0056,216,0.4903,0.7683,0,0.9228,0,Bayes-M17-geo
Kikwit Nord,Kwilu,2,FALSE,0.002,9e-4,0.0036,0.0019,298,238,339,0.002,0.1029,300,0.0028,NA,NA,NA,NA,NA,NA,0.2915,0.0031,316,0.1236,0.5405,0,0.5019,0,Bayes-M17-geo
Manika,Lualaba,2,FALSE,0.002,6e-4,0.0041,0.0017,315,209.05,364.95,0.002,0.0993,308,0.0027,NA,NA,NA,NA,NA,NA,0.1149,0.0012,390,0.0946,0.222,0,0.1429,0,Bayes-M17-geo
Libenge,Sud-Ubangi,2,FALSE,0.002,9e-4,0.0036,0.0019,300,259,326,0.002,0.1021,303,0.0028,NA,NA,NA,NA,NA,NA,0.3818,0.004,279,0.6293,0.3591,0,0.5386,0,Bayes-M17-geo
Monkoto,Tshuapa,2,FALSE,0.002,9e-4,0.0034,0.0019,302,270.05,321,0.002,0.0998,307,0.0027,NA,NA,NA,NA,NA,NA,0.5598,0.0057,212,0.9498,0.4054,0,0.8842,0,Bayes-M17-geo
Monieka,Equateur,2,FALSE,0.0019,8e-4,0.0033,0.0017,314,231,369,0.0019,0.0935,317,0.0026,NA,NA,NA,NA,NA,NA,0.596,0.0057,213,0.9768,0.7336,0,0.6737,0,Bayes-M17-geo
Tshamilemba,Haut-Katanga,2,FALSE,0.0019,5e-4,0.0039,0.0016,323,221.05,368.95,0.0019,0.0932,318,0.0026,NA,NA,NA,NA,NA,NA,0.0772,7e-4,419,0.0656,0.1255,0,0.1178,0,Bayes-M17-geo
Kanzala,Kasaï,2,FALSE,0.0019,0.001,0.003,0.0018,304,278,331,0.0019,0.0956,314,0.0026,NA,NA,NA,NA,NA,NA,0.2046,0.002,358,0.168,0.3127,0,0.3378,0,Bayes-M17-geo
Nyanga,Kasaï,2,FALSE,0.0019,0.0011,0.0029,0.0018,307,259,347,0.0019,0.0945,316,0.0026,NA,NA,NA,NA,NA,NA,0.348,0.0033,305,0.4402,0.3803,0,0.5714,0,Bayes-M17-geo
Masi Manimba,Kwilu,2,FALSE,0.0019,9e-4,0.0033,0.0018,309,256,344,0.0019,0.096,312,0.0026,NA,NA,NA,NA,NA,NA,0.4281,0.0042,270,0.332,0.4961,0,0.8842,0,Bayes-M17-geo
Yasa Bonga,Kwilu,2,FALSE,0.0019,8e-4,0.0034,0.0018,311,248,355,0.0019,0.0956,315,0.0026,NA,NA,NA,NA,NA,NA,0.4206,0.0041,272,0.3031,0.5328,0,0.8465,0,Bayes-M17-geo
Gbadolite,Nord-Ubangi,2,FALSE,0.0019,9e-4,0.0032,0.0019,302,278,324,0.0019,0.0979,311,0.0027,NA,NA,NA,NA,NA,NA,0.5183,0.0052,234,0.7915,0.9653,0,0.3166,0,Bayes-M17-geo
Bangabola,Sud-Ubangi,2,FALSE,0.0019,9e-4,0.0032,0.0018,308,277,327,0.0019,0.0956,313,0.0026,NA,NA,NA,NA,NA,NA,0.3904,0.0038,287,0.3533,0.3494,0,0.8591,0,Bayes-M17-geo
Makanza,Equateur,2,FALSE,0.0018,8e-4,0.0031,0.0017,318,282,342,0.0018,0.0904,323,0.0025,NA,NA,NA,NA,NA,NA,0.639,0.0059,208,0.9537,0.7954,0,0.8069,0,Bayes-M17-geo
Mufunga Sampwe,Haut-Katanga,2,FALSE,0.0018,8e-4,0.0031,0.0017,320,295,335,0.0018,0.0896,324,0.0025,NA,NA,NA,NA,NA,NA,0.3774,0.0034,299,0.8185,0.0888,0,0.6023,0,Bayes-M17-geo
Kitangwa,Kasaï,2,FALSE,0.0018,0.001,0.0028,0.0017,315.5,286,335,0.0018,0.0896,325,0.0025,NA,NA,NA,NA,NA,NA,0.3287,0.003,319,0.6332,0.1062,0,0.5753,0,Bayes-M17-geo
Mutena,Kasaï,2,FALSE,0.0018,0.001,0.0028,0.0018,313,278.05,338,0.0018,0.0913,322,0.0025,NA,NA,NA,NA,NA,NA,0.2336,0.0022,345,0.334,0.0753,0,0.5251,0,Bayes-M17-geo
Djuma,Kwilu,2,FALSE,0.0018,8e-4,0.0033,0.0017,315,257,356,0.0019,0.093,319,0.0026,NA,NA,NA,NA,NA,NA,0.5256,0.005,240,0.4826,0.7355,0,0.8842,0,Bayes-M17-geo
Kikwit Sud,Kwilu,2,FALSE,0.0018,8e-4,0.0031,0.0017,316,278.05,342,0.0018,0.0914,321,0.0025,NA,NA,NA,NA,NA,NA,0.3282,0.0031,315,0.1313,0.7008,0,0.4807,0,Bayes-M17-geo
Mbaya,Sud-Ubangi,2,FALSE,0.0018,9e-4,0.0032,0.0017,315,256,356,0.0018,0.0916,320,0.0025,NA,NA,NA,NA,NA,NA,0.3142,0.0029,324,0.3514,0.2239,0,0.6815,0,Bayes-M17-geo
Wema,Tshuapa,2,FALSE,0.0018,8e-4,0.003,0.0017,320,282,346,0.0018,0.0893,326,0.0025,NA,NA,NA,NA,NA,NA,0.4469,0.0041,273,0.8494,0.1332,0,0.805,0,Bayes-M17-geo
Lotumbe,Equateur,2,FALSE,0.0017,8e-4,0.0029,0.0016,329,276,361,0.0017,0.0844,333,0.0023,NA,NA,NA,NA,NA,NA,0.5816,0.005,239,0.9691,0.7085,0,0.6486,0,Bayes-M17-geo
Mitwaba,Haut-Katanga,2,FALSE,0.0017,8e-4,0.0029,0.0016,331,276,361,0.0017,0.0842,335,0.0023,NA,NA,NA,NA,NA,NA,0.3528,0.003,318,0.8012,0.0618,0,0.5483,0,Bayes-M17-geo
Kipushi,Haut-Katanga,2,FALSE,0.0017,5e-4,0.0035,0.0014,340,242,378,0.0017,0.0834,336,0.0023,NA,NA,NA,NA,NA,NA,0.1216,0.001,395,0.2703,0.1081,0,0.1081,0,Bayes-M17-geo
Lwamba,Haut-Lomami,2,FALSE,0.0017,8e-4,0.003,0.0016,324,294,342,0.0017,0.087,330,0.0024,NA,NA,NA,NA,NA,NA,0.4865,0.0043,263,0.8069,0.6409,0,0.4981,0,Bayes-M17-geo
Mikope,Kasaï,2,FALSE,0.0017,8e-4,0.0029,0.0016,325,289,349,0.0017,0.086,331,0.0024,NA,NA,NA,NA,NA,NA,0.3996,0.0035,296,0.6776,0.2703,0,0.6506,0,Bayes-M17-geo
Bobozo,Kasaï-Central,2,FALSE,0.0017,7e-4,0.0033,0.0016,330,185,405,0.0018,0.0879,328,0.0024,NA,NA,NA,NA,NA,NA,0.2336,0.0021,352,0.1602,0.2857,0,0.4884,0,Bayes-M17-geo
Kimputu,Kwilu,2,FALSE,0.0017,8e-4,0.0028,0.0016,326,293.05,350,0.0017,0.0843,334,0.0023,NA,NA,NA,NA,NA,NA,0.5039,0.0043,262,0.4923,0.639,0,0.8842,0,Bayes-M17-geo
Mosango,Kwilu,2,FALSE,0.0017,9e-4,0.0029,0.0017,320,286,343,0.0017,0.0876,329,0.0024,NA,NA,NA,NA,NA,NA,0.515,0.0046,253,0.5463,0.7375,0,0.7761,0,Bayes-M17-geo
Kapanga,Lualaba,2,FALSE,0.0017,9e-4,0.0027,0.0016,326,313,339,0.0017,0.0833,337,0.0023,NA,NA,NA,NA,NA,NA,0.4112,0.0035,298,0.8514,0.3938,0,0.3996,0,Bayes-M17-geo
Kasaji,Lualaba,2,FALSE,0.0017,8e-4,0.0029,0.0016,326,300,338,0.0017,0.0859,332,0.0024,NA,NA,NA,NA,NA,NA,0.4648,0.0041,274,0.8552,0.4923,0,0.5116,0,Bayes-M17-geo
Boto,Sud-Ubangi,2,FALSE,0.0017,8e-4,0.003,0.0016,323,293,342,0.0018,0.088,327,0.0024,NA,NA,NA,NA,NA,NA,0.3596,0.0032,312,0.3282,0.5174,0,0.5927,0,Bayes-M17-geo
Iboko,Equateur,2,FALSE,0.0016,7e-4,0.0027,0.0014,339,299,362,0.0016,0.0785,344,0.0022,NA,NA,NA,NA,NA,NA,0.612,0.0049,244,0.8282,0.7915,0,0.8282,0,Bayes-M17-geo
Mumbunda,Haut-Katanga,2,FALSE,0.0016,4e-4,0.0035,0.0013,352,242,388,0.0016,0.0788,341,0.0022,NA,NA,NA,NA,NA,NA,0.1853,0.0015,376,0.1197,0.5077,0,0.1139,0,Bayes-M17-geo
Pweto,Haut-Katanga,2,FALSE,0.0016,7e-4,0.0028,0.0015,334,304,348,0.0016,0.0818,339,0.0023,NA,NA,NA,NA,NA,NA,0.3518,0.0029,323,0.7992,0.2587,0,0.3494,0,Bayes-M17-geo
Mokala,Kwilu,2,FALSE,0.0016,7e-4,0.0029,0.0015,335,287,366,0.0016,0.0815,340,0.0022,NA,NA,NA,NA,NA,NA,0.5118,0.0042,267,0.4228,0.6718,0,0.9527,0,Bayes-M17-geo
Pay Kongila,Kwilu,2,FALSE,0.0016,7e-4,0.0026,0.0015,337,306,359,0.0016,0.0787,342,0.0022,NA,NA,NA,NA,NA,NA,0.4488,0.0036,293,0.5135,0.6467,0,0.6351,0,Bayes-M17-geo
Kafakumba,Lualaba,2,FALSE,0.0016,8e-4,0.0029,0.0015,332,289,359,0.0016,0.0822,338,0.0023,NA,NA,NA,NA,NA,NA,0.4648,0.0039,286,0.8687,0.2027,0,0.7876,0,Bayes-M17-geo
Sandoa,Lualaba,2,FALSE,0.0016,8e-4,0.0026,0.0015,337,317,350,0.0016,0.0786,343,0.0022,NA,NA,NA,NA,NA,NA,0.5536,0.0044,260,0.9421,0.6815,0,0.5907,0,Bayes-M17-geo
Bikoro,Equateur,2,FALSE,0.0015,7e-4,0.0026,0.0014,345,321,359.95,0.0015,0.0748,350,0.0021,NA,NA,NA,NA,NA,NA,0.5951,0.0045,257,0.8127,0.8147,0,0.7529,0,Bayes-M17-geo
Kinda,Haut-Lomami,2,FALSE,0.0015,6e-4,0.0026,0.0013,349,274,394,0.0015,0.0731,352,0.002,NA,NA,NA,NA,NA,NA,0.5077,0.0038,288,0.9884,0.4266,0,0.6158,0,Bayes-M17-geo
Banga Lubaka,Kasaï,2,FALSE,0.0015,8e-4,0.0026,0.0015,338,285,372,0.0015,0.0778,345,0.0021,NA,NA,NA,NA,NA,NA,0.3205,0.0025,335,0.5174,0.0444,0,0.7201,0,Bayes-M17-geo
Boko,Kwango,2,FALSE,0.0015,7e-4,0.0026,0.0014,344,312,364,0.0015,0.0757,348,0.0021,NA,NA,NA,NA,NA,NA,0.5121,0.0039,280,0.7336,0.61,0,0.7046,0,Bayes-M17-geo
Feshi,Kwango,2,FALSE,0.0015,7e-4,0.0026,0.0015,340,307,361,0.0015,0.0775,346,0.0021,NA,NA,NA,NA,NA,NA,0.5082,0.004,276,0.7317,0.5425,0,0.7587,0,Bayes-M17-geo
Bagata,Kwilu,2,FALSE,0.0015,7e-4,0.0026,0.0014,345.5,309,368,0.0015,0.0752,349,0.0021,NA,NA,NA,NA,NA,NA,0.5135,0.0039,284,0.6795,0.695,0,0.6795,0,Bayes-M17-geo
Mungindu,Kwilu,2,FALSE,0.0015,8e-4,0.0025,0.0015,339,319,352,0.0015,0.0768,347,0.0021,NA,NA,NA,NA,NA,NA,0.3818,0.003,321,0.4691,0.5367,0,0.5212,0,Bayes-M17-geo
Bokonzi,Sud-Ubangi,2,FALSE,0.0015,6e-4,0.0026,0.0014,346,324,354,0.0015,0.0745,351,0.0021,NA,NA,NA,NA,NA,NA,0.236,0.0018,365,0.4305,0.083,0,0.4305,0,Bayes-M17-geo
Kilwa,Haut-Katanga,2,FALSE,0.0014,5e-4,0.0026,0.0013,355,327,366,0.0014,0.0694,358,0.0019,NA,NA,NA,NA,NA,NA,0.3764,0.0027,332,0.749,0.39,0,0.3668,0,Bayes-M17-geo
Ngaba,Kinshasa,2,FALSE,0.0014,3e-4,0.0036,0.0012,365,214,411,0.0014,0.0722,353,0.002,NA,NA,NA,NA,NA,NA,0.014,1e-4,454,0,0.0058,0,0.0502,0,Bayes-M17-geo
Kisanji,Kwango,2,FALSE,0.0014,7e-4,0.0023,0.0013,352,313.05,377,0.0014,0.0695,357,0.0019,NA,NA,NA,NA,NA,NA,0.5574,0.0039,281,0.8417,0.6544,0,0.7336,0,Bayes-M17-geo
Panzi,Kwango,2,FALSE,0.0014,6e-4,0.0025,0.0013,354,317,380,0.0014,0.0695,356,0.0019,NA,NA,NA,NA,NA,NA,0.5236,0.0037,289,0.7548,0.583,0,0.7568,0,Bayes-M17-geo
Kikongo,Kwilu,2,FALSE,0.0014,6e-4,0.0024,0.0013,353,323,374,0.0014,0.0698,355,0.0019,NA,NA,NA,NA,NA,NA,0.5024,0.0036,294,0.6969,0.6023,0,0.7104,0,Bayes-M17-geo
Lubudi,Lualaba,2,FALSE,0.0014,6e-4,0.0024,0.0013,353,315.05,376,0.0014,0.0689,359,0.0019,NA,NA,NA,NA,NA,NA,0.4667,0.0033,309,0.9151,0.4614,0,0.4903,0,Bayes-M17-geo
Inongo,Mai-Ndombe,2,FALSE,0.0014,6e-4,0.0026,0.0013,352,319,372,0.0014,0.0719,354,0.002,NA,NA,NA,NA,NA,NA,0.4952,0.0036,292,0.7645,0.2934,0,0.9228,0,Bayes-M17-geo
Butumba,Haut-Lomami,2,FALSE,0.0013,6e-4,0.0023,0.0012,362,321,387,0.0013,0.0639,365,0.0018,NA,NA,NA,NA,NA,NA,0.4595,0.003,320,0.7973,0.4151,0,0.6255,0,Bayes-M17-geo
Baka,Haut-Lomami,2,FALSE,0.0013,5e-4,0.0024,0.0011,365,280.05,410,0.0013,0.063,367,0.0017,NA,NA,NA,NA,NA,NA,0.4319,0.0028,327,0.4344,0.8919,0,0.4015,0,Bayes-M17-geo
Kimbao,Kwango,2,FALSE,0.0013,6e-4,0.0023,0.0013,356,331,374,0.0013,0.0673,360,0.0019,NA,NA,NA,NA,NA,NA,0.5743,0.0039,282,0.7201,0.7181,0,0.8591,0,Bayes-M17-geo
Sia,Kwilu,2,FALSE,0.0013,6e-4,0.0022,0.0012,358,335,374,0.0013,0.0658,362,0.0018,NA,NA,NA,NA,NA,NA,0.3986,0.0027,331,0.4151,0.3822,0,0.7973,0,Bayes-M17-geo
Kingandu,Kwilu,2,FALSE,0.0013,7e-4,0.0022,0.0013,356,334,369,0.0013,0.0668,361,0.0018,NA,NA,NA,NA,NA,NA,0.4923,0.0033,304,0.7162,0.6583,0,0.5946,0,Bayes-M17-geo
Moanza,Kwilu,2,FALSE,0.0013,6e-4,0.0022,0.0012,360,333,378,0.0013,0.0648,363,0.0018,NA,NA,NA,NA,NA,NA,0.52,0.0034,300,0.5985,0.529,0,0.9527,0,Bayes-M17-geo
Pendjwa,Mai-Ndombe,2,FALSE,0.0013,6e-4,0.0023,0.0012,363,323,389,0.0013,0.0636,366,0.0017,NA,NA,NA,NA,NA,NA,0.4319,0.0028,326,0.7008,0.2124,0,0.8147,0,Bayes-M17-geo
Mawuya,Sud-Ubangi,2,FALSE,0.0013,6e-4,0.0022,0.0012,360,348,365,0.0013,0.0639,364,0.0018,NA,NA,NA,NA,NA,NA,0.2654,0.0017,370,0.444,0.2394,0,0.3784,0,Bayes-M17-geo
Biyela,Kinshasa,2,FALSE,0.0012,3e-4,0.0028,0.0011,371,288.1,403,0.0012,0.0619,368,0.0017,NA,NA,NA,NA,NA,NA,0.1076,7e-4,422,0.0637,0.2838,0,0.083,0,Bayes-M17-geo
Kimbanseke,Kinshasa,2,FALSE,0.0012,3e-4,0.0027,0.001,373,291,406,0.0012,0.0604,371,0.0017,NA,NA,NA,NA,NA,NA,0.0526,3e-4,441,0.0521,0.0849,0,0.0734,0,Bayes-M17-geo
Kahemba,Kwango,2,FALSE,0.0012,6e-4,0.0021,0.0011,365,347,380,0.0012,0.0604,370,0.0017,NA,NA,NA,NA,NA,NA,0.5367,0.0033,308,0.8958,0.7278,0,0.5232,0,Bayes-M17-geo
Wamba Lwadi,Kwango,2,FALSE,0.0012,6e-4,0.0021,0.0011,366,343,385,0.0012,0.0605,369,0.0017,NA,NA,NA,NA,NA,NA,0.5492,0.0034,302,0.6467,0.8185,0,0.7317,0,Bayes-M17-geo
Bumbu,Kinshasa,2,FALSE,0.0011,2e-4,0.0028,9e-4,384,273.05,428,0.0011,0.0556,374,0.0015,NA,NA,NA,NA,NA,NA,0.0164,1e-4,456,0.0019,0.029,0,0.0347,0,Bayes-M17-geo
Mwela Lembwa,Kwango,2,FALSE,0.0011,5e-4,0.0018,0.001,374,352,401,0.0011,0.0528,375,0.0015,NA,NA,NA,NA,NA,NA,0.4397,0.0024,338,0.6506,0.3224,0,0.7857,0,Bayes-M17-geo
Fungurume,Lualaba,2,FALSE,0.0011,4e-4,0.0023,0.001,373,323,396,0.0011,0.0574,372,0.0016,NA,NA,NA,NA,NA,NA,0.1564,9e-4,407,0.2664,0.1622,0,0.1969,0,Bayes-M17-geo
Banzow Moke,Mai-Ndombe,2,FALSE,0.0011,5e-4,0.0019,0.001,375,358,396,0.0011,0.0528,376,0.0015,NA,NA,NA,NA,NA,NA,0.5236,0.0028,325,0.6892,0.5212,0,0.8842,0,Bayes-M17-geo
Kiri,Mai-Ndombe,2,FALSE,0.0011,5e-4,0.002,0.0011,370,351,388.95,0.0011,0.0572,373,0.0016,NA,NA,NA,NA,NA,NA,0.5685,0.0033,307,0.8745,0.4768,0,0.9228,0,Bayes-M17-geo
Wangata,Equateur,2,FALSE,0.001,4e-4,0.0018,9e-4,379,368,394,0.001,0.0502,380,0.0014,NA,NA,NA,NA,NA,NA,0.417,0.0021,350,0.2336,0.9865,0,0.4479,0,Bayes-M17-geo
Kapolowe,Haut-Katanga,2,FALSE,0.001,3e-4,0.0018,9e-4,384,362,396,0.001,0.0478,384,0.0013,NA,NA,NA,NA,NA,NA,0.3026,0.0015,377,0.5579,0.444,0,0.2085,0,Bayes-M17-geo
Lukafu,Haut-Katanga,2,FALSE,0.001,4e-4,0.0018,9e-4,379,366,394,0.001,0.05,381,0.0014,NA,NA,NA,NA,NA,NA,0.4015,0.002,356,0.888,0.3243,0,0.3938,0,Bayes-M17-geo
Kisenso,Kinshasa,2,FALSE,0.001,2e-4,0.0024,8e-4,388,305,425,0.001,0.0511,378,0.0014,NA,NA,NA,NA,NA,NA,0.0589,3e-4,443,0.0367,0.139,0,0.0598,0,Bayes-M17-geo
Popokabaka,Kwango,2,FALSE,0.001,4e-4,0.0018,9e-4,381,355,413,0.001,0.0491,383,0.0014,NA,NA,NA,NA,NA,NA,0.5507,0.0028,328,0.7703,0.7876,0,0.6448,0,Bayes-M17-geo
Ntandembelo,Mai-Ndombe,2,FALSE,0.001,4e-4,0.0018,9e-4,380,362,403,0.001,0.0498,382,0.0014,NA,NA,NA,NA,NA,NA,0.4595,0.0023,339,0.6023,0.4633,0,0.7722,0,Bayes-M17-geo
Bosobe,Mai-Ndombe,2,FALSE,0.001,5e-4,0.0017,9e-4,378,360,402,0.001,0.0504,379,0.0014,NA,NA,NA,NA,NA,NA,0.4406,0.0023,342,0.4942,0.4093,0,0.8591,0,Bayes-M17-geo
Nioki,Mai-Ndombe,2,FALSE,0.001,5e-4,0.0018,0.001,374,359,394,0.0011,0.0527,377,0.0015,NA,NA,NA,NA,NA,NA,0.389,0.0021,353,0.61,0.3958,0,0.5502,0,Bayes-M17-geo
Bomongo,Equateur,2,FALSE,9e-4,4e-4,0.0016,8e-4,388,369,410,9e-4,0.0441,391,0.0012,NA,NA,NA,NA,NA,NA,0.5907,0.0027,333,0.9788,0.8475,0,0.5367,0,Bayes-M17-geo
Kambove,Haut-Katanga,2,FALSE,9e-4,3e-4,0.0017,8e-4,391,366,402,9e-4,0.0441,390,0.0012,NA,NA,NA,NA,NA,NA,0.306,0.0014,379,0.4247,0.6236,0,0.1757,0,Bayes-M17-geo
Kajiji,Kwango,2,FALSE,9e-4,4e-4,0.0015,8e-4,389,368,413,9e-4,0.0428,394,0.0012,NA,NA,NA,NA,NA,NA,0.3533,0.0015,372,0.7934,0.1544,0,0.4653,0,Bayes-M17-geo
Bandundu,Kwilu,2,FALSE,9e-4,3e-4,0.0017,8e-4,390,367,416,9e-4,0.0435,392,0.0012,NA,NA,NA,NA,NA,NA,0.3364,0.0015,375,0.3436,0.751,0,0.251,0,Bayes-M17-geo
Dilala,Lualaba,2,FALSE,9e-4,3e-4,0.0019,8e-4,390,351.05,412,9e-4,0.0455,387,0.0013,NA,NA,NA,NA,NA,NA,0.1347,6e-4,428,0.1506,0.2548,0,0.1332,0,Bayes-M17-geo
Lualaba,Lualaba,2,FALSE,9e-4,3e-4,0.0017,8e-4,393,368,405,9e-4,0.0435,393,0.0012,NA,NA,NA,NA,NA,NA,0.1404,6e-4,429,0.3552,0.0347,0,0.1718,0,Bayes-M17-geo
Oshwe,Mai-Ndombe,2,FALSE,9e-4,3e-4,0.0017,8e-4,390,366,420,9e-4,0.0447,388,0.0012,NA,NA,NA,NA,NA,NA,0.4855,0.0022,344,0.8764,0.3301,0,0.7355,0,Bayes-M17-geo
Kwamouth,Mai-Ndombe,2,FALSE,9e-4,4e-4,0.0015,8e-4,388,375,401,9e-4,0.0445,389,0.0012,NA,NA,NA,NA,NA,NA,0.43,0.002,361,0.8707,0.417,0,0.4324,0,Bayes-M17-geo
Mushie,Mai-Ndombe,2,FALSE,9e-4,4e-4,0.0017,9e-4,384,366,406,9e-4,0.0475,385,0.0013,NA,NA,NA,NA,NA,NA,0.4291,0.0021,354,0.7394,0.3649,0,0.612,0,Bayes-M17-geo
Zongo,Sud-Ubangi,2,FALSE,9e-4,4e-4,0.0017,9e-4,382,367,396,9e-4,0.0474,386,0.0013,NA,NA,NA,NA,NA,NA,0.2418,0.0012,389,0.278,0.4131,0,0.2761,0,Bayes-M17-geo
Likasi,Haut-Katanga,2,FALSE,8e-4,3e-4,0.0015,7e-4,401,381,407,8e-4,0.0391,398,0.0011,NA,NA,NA,NA,NA,NA,0.1728,7e-4,421,0.112,0.4208,0,0.1583,0,Bayes-M17-geo
Kimvula,Kongo-Central,2,FALSE,8e-4,4e-4,0.0015,8e-4,394,376,413,8e-4,0.0414,396,0.0011,NA,NA,NA,NA,NA,NA,0.569,0.0024,337,0.8629,0.8784,0,0.5347,0,Bayes-M17-geo
Ngidinga,Kongo-Central,2,FALSE,8e-4,3e-4,0.0014,7e-4,401,386,415,8e-4,0.0378,400,0.001,NA,NA,NA,NA,NA,NA,0.4488,0.0017,369,0.6544,0.7432,0,0.3977,0,Bayes-M17-geo
Bunkeya,Lualaba,2,FALSE,8e-4,3e-4,0.0016,7e-4,395,358,424,8e-4,0.0406,397,0.0011,NA,NA,NA,NA,NA,NA,0.4218,0.0017,368,0.8243,0.5019,0,0.361,0,Bayes-M17-geo
Kanzenze,Lualaba,2,FALSE,8e-4,3e-4,0.0016,8e-4,395,375.05,402,8e-4,0.0416,395,0.0011,NA,NA,NA,NA,NA,NA,0.2389,0.001,398,0.6255,0.1429,0,0.1873,0,Bayes-M17-geo
Mutshatsha,Lualaba,2,FALSE,8e-4,3e-4,0.0016,7e-4,402,341,439,8e-4,0.0385,399,0.0011,NA,NA,NA,NA,NA,NA,0.3808,0.0015,374,0.971,0.1023,0,0.4498,0,Bayes-M17-geo
Bolenge,Equateur,2,FALSE,7e-4,3e-4,0.0014,7e-4,400,377,426,7e-4,0.0373,401,0.001,NA,NA,NA,NA,NA,NA,0.5391,0.002,355,0.7954,0.8514,0,0.5097,0,Bayes-M17-geo
Lukolela,Equateur,2,FALSE,7e-4,3e-4,0.0013,6e-4,410,391,426,7e-4,0.0338,410,9e-4,NA,NA,NA,NA,NA,NA,0.5787,0.002,357,0.944,0.9151,0,0.4556,0,Bayes-M17-geo
Mampoko,Equateur,2,FALSE,7e-4,3e-4,0.0014,6e-4,405,369,436,7e-4,0.0353,408,0.001,NA,NA,NA,NA,NA,NA,0.5135,0.0018,364,0.8919,0.5058,0,0.6564,0,Bayes-M17-geo
Kikula,Haut-Katanga,2,FALSE,7e-4,2e-4,0.0013,6e-4,409,391,419,7e-4,0.0336,411,9e-4,NA,NA,NA,NA,NA,NA,0.0951,3e-4,440,0.1062,0.1139,0,0.1602,0,Bayes-M17-geo
Kampemba,Haut-Katanga,2,FALSE,7e-4,2e-4,0.0016,6e-4,408,372,429,7e-4,0.0364,403,0.001,NA,NA,NA,NA,NA,NA,0.0531,2e-4,449,0.0598,0.0367,0,0.1158,0,Bayes-M17-geo
Ruashi,Haut-Katanga,2,FALSE,7e-4,2e-4,0.0015,6e-4,407,377,425,7e-4,0.0361,404,0.001,NA,NA,NA,NA,NA,NA,0.0705,3e-4,444,0.0985,0.0637,0,0.1197,0,Bayes-M17-geo
Sakania,Haut-Katanga,2,FALSE,7e-4,2e-4,0.0015,6e-4,408,376,430,7e-4,0.0361,406,0.001,NA,NA,NA,NA,NA,NA,0.2775,0.001,397,0.7375,0.2355,0,0.1371,0,Bayes-M17-geo
Kamonia,Kasaï,2,FALSE,7e-4,2e-4,0.0015,7e-4,407,366,430,7e-4,0.0361,405,0.001,NA,NA,NA,NA,NA,NA,0.14,5e-4,434,0.3707,0.11,0,0.0792,0,Bayes-M17-geo
Luozi,Kongo-Central,2,FALSE,7e-4,3e-4,0.0013,7e-4,403,385,421,7e-4,0.0368,402,0.001,NA,NA,NA,NA,NA,NA,0.5241,0.002,359,0.7355,0.8861,0,0.4749,0,Bayes-M17-geo
Boko Kivulu,Kongo-Central,2,FALSE,7e-4,2e-4,0.0013,6e-4,410,392,430,7e-4,0.033,412,9e-4,NA,NA,NA,NA,NA,NA,0.4281,0.0014,378,0.5792,0.9324,0,0.2008,0,Bayes-M17-geo
Kimpese,Kongo-Central,2,FALSE,7e-4,2e-4,0.0014,6e-4,407,386,431,7e-4,0.0346,409,0.001,NA,NA,NA,NA,NA,NA,0.4947,0.0017,367,0.7896,0.9768,0,0.2124,0,Bayes-M17-geo
Kisantu,Kongo-Central,2,FALSE,7e-4,2e-4,0.0015,6e-4,405,375,434,7e-4,0.036,407,0.001,NA,NA,NA,NA,NA,NA,0.418,0.0015,373,0.5039,0.9903,0,0.1776,0,Bayes-M17-geo
Kitenda,Kwango,2,FALSE,7e-4,3e-4,0.0012,6e-4,410,391,423,7e-4,0.033,413,9e-4,NA,NA,NA,NA,NA,NA,0.376,0.0013,385,0.6641,0.4247,0,0.4151,0,Bayes-M17-geo
Mimia,Mai-Ndombe,2,FALSE,7e-4,2e-4,0.0013,6e-4,412,372,442,7e-4,0.0328,414,9e-4,NA,NA,NA,NA,NA,NA,0.4841,0.0016,371,0.9614,0.0521,0,0.9228,0,Bayes-M17-geo
Ntondo,Equateur,2,FALSE,6e-4,2e-4,0.0012,6e-4,416,381,442,6e-4,0.0313,419,9e-4,NA,NA,NA,NA,NA,NA,0.6125,0.002,360,0.8996,0.7259,0,0.8243,0,Bayes-M17-geo
Kilela Balanda,Haut-Katanga,2,FALSE,6e-4,2e-4,0.0012,5e-4,420,392,435,6e-4,0.0291,421,8e-4,NA,NA,NA,NA,NA,NA,0.3132,9e-4,405,0.9228,0.0927,0,0.2375,0,Bayes-M17-geo
Panda,Haut-Katanga,2,FALSE,6e-4,2e-4,0.0013,6e-4,412,393,423,6e-4,0.0326,415,9e-4,NA,NA,NA,NA,NA,NA,0.2027,7e-4,424,0.1622,0.4826,0,0.166,0,Bayes-M17-geo
Kafubu,Haut-Katanga,2,FALSE,6e-4,2e-4,0.0012,5e-4,421,410,427,6e-4,0.029,422,8e-4,NA,NA,NA,NA,NA,NA,0.2104,6e-4,430,0.6042,0.0869,0,0.1506,0,Bayes-M17-geo
Kasenga,Haut-Katanga,2,FALSE,6e-4,2e-4,0.0013,6e-4,416,396.05,425,6e-4,0.0318,418,9e-4,NA,NA,NA,NA,NA,NA,0.3953,0.0013,384,0.8166,0.6255,0,0.139,0,Bayes-M17-geo
Kisanga,Haut-Katanga,2,FALSE,6e-4,2e-4,0.0014,6e-4,417,387,434,6e-4,0.0321,416,9e-4,NA,NA,NA,NA,NA,NA,0.1081,4e-4,439,0.1293,0.2008,0,0.1023,0,Bayes-M17-geo
Seke Banza,Kongo-Central,2,FALSE,6e-4,2e-4,0.0011,5e-4,422,407,439,6e-4,0.0284,424,8e-4,NA,NA,NA,NA,NA,NA,0.4513,0.0013,383,0.6351,0.9498,0,0.2201,0,Bayes-M17-geo
Kwilu Ngongo,Kongo-Central,2,FALSE,6e-4,2e-4,0.0012,6e-4,416,401,433,6e-4,0.0311,420,9e-4,NA,NA,NA,NA,NA,NA,0.3875,0.0012,386,0.4884,0.8668,0,0.195,0,Bayes-M17-geo
Mbanza Ngungu,Kongo-Central,2,FALSE,6e-4,2e-4,0.0013,6e-4,414,396,431,6e-4,0.0321,417,9e-4,NA,NA,NA,NA,NA,NA,0.3711,0.0012,388,0.3205,0.9749,0,0.1892,0,Bayes-M17-geo
Yumbi,Mai-Ndombe,2,FALSE,6e-4,2e-4,0.001,5e-4,420,410,429,6e-4,0.0285,423,8e-4,NA,NA,NA,NA,NA,NA,0.2741,8e-4,416,0.4131,0.4015,0,0.2819,0,Bayes-M17-geo
Lilanga Bobangi,Equateur,2,FALSE,5e-4,2e-4,0.0011,4e-4,429,383,450,5e-4,0.0262,428,7e-4,NA,NA,NA,NA,NA,NA,0.4117,0.0011,391,0.9382,0.2664,0,0.4421,0,Bayes-M17-geo
Kashobwe,Haut-Katanga,2,FALSE,5e-4,2e-4,0.0011,5e-4,427,399,438,5e-4,0.0269,426,7e-4,NA,NA,NA,NA,NA,NA,0.3243,9e-4,410,0.805,0.3012,0,0.1911,0,Bayes-M17-geo
Kenya,Haut-Katanga,2,FALSE,5e-4,1e-4,0.001,4e-4,434,415,441,5e-4,0.0238,431,7e-4,NA,NA,NA,NA,NA,NA,0.0569,1e-4,452,0.11,0.0116,0,0.1062,0,Bayes-M17-geo
Vangu,Haut-Katanga,2,FALSE,5e-4,1e-4,0.001,4e-4,438,397,448,5e-4,0.0227,437,6e-4,NA,NA,NA,NA,NA,NA,0.1081,2e-4,447,0.1158,0.1699,0,0.1467,0,Bayes-M17-geo
Lukula,Kongo-Central,2,FALSE,5e-4,2e-4,0.0011,5e-4,426,404,445,5e-4,0.0271,425,7e-4,NA,NA,NA,NA,NA,NA,0.3933,0.0011,392,0.529,0.8745,0,0.1699,0,Bayes-M17-geo
Inga,Kongo-Central,2,FALSE,5e-4,2e-4,9e-4,4e-4,434,425,441,5e-4,0.0233,435,6e-4,NA,NA,NA,NA,NA,NA,0.3847,9e-4,406,0.5212,0.8243,0,0.1931,0,Bayes-M17-geo
Kibunzi,Kongo-Central,2,FALSE,5e-4,2e-4,9e-4,4e-4,431,406,446,5e-4,0.0237,433,7e-4,NA,NA,NA,NA,NA,NA,0.4175,0.001,399,0.7046,0.5251,0,0.4402,0,Bayes-M17-geo
Mangembo,Kongo-Central,2,FALSE,5e-4,2e-4,9e-4,4e-4,432,422,441,5e-4,0.0234,434,6e-4,NA,NA,NA,NA,NA,NA,0.3726,9e-4,409,0.5598,0.6641,0,0.2664,0,Bayes-M17-geo
Nsona Mpangu,Kongo-Central,2,FALSE,5e-4,2e-4,0.001,5e-4,429,417,439,5e-4,0.0251,429,7e-4,NA,NA,NA,NA,NA,NA,0.4165,0.0011,394,0.722,0.7645,0,0.1795,0,Bayes-M17-geo
Gombe Matadi,Kongo-Central,2,FALSE,5e-4,2e-4,9e-4,4e-4,435,426,440,5e-4,0.0232,436,6e-4,NA,NA,NA,NA,NA,NA,0.4151,0.001,401,0.6911,0.7857,0,0.1834,0,Bayes-M17-geo
Nselo,Kongo-Central,2,FALSE,5e-4,2e-4,0.001,5e-4,424,411,432,5e-4,0.0268,427,7e-4,NA,NA,NA,NA,NA,NA,0.374,0.001,396,0.6564,0.5347,0,0.305,0,Bayes-M17-geo
Kasongo Lunda,Kwango,2,FALSE,5e-4,2e-4,9e-4,4e-4,432,422,438,5e-4,0.024,430,7e-4,NA,NA,NA,NA,NA,NA,0.3441,8e-4,413,0.6274,0.5946,0,0.1544,0,Bayes-M17-geo
Bolobo,Mai-Ndombe,2,FALSE,5e-4,2e-4,9e-4,4e-4,432,424,441,5e-4,0.0237,432,7e-4,NA,NA,NA,NA,NA,NA,0.3388,8e-4,415,0.6313,0.4981,0,0.2259,0,Bayes-M17-geo
Irebu,Equateur,2,FALSE,4e-4,1e-4,9e-4,4e-4,439.5,393,453,4e-4,0.0219,439,6e-4,NA,NA,NA,NA,NA,NA,0.5473,0.0012,387,0.9305,0.6776,0,0.5811,0,Bayes-M17-geo
Katuba,Haut-Katanga,2,FALSE,4e-4,1e-4,9e-4,4e-4,441,418,446,4e-4,0.0209,442,6e-4,NA,NA,NA,NA,NA,NA,0.0463,1e-4,455,0.0502,0.0309,0,0.1042,0,Bayes-M17-geo
Kowe,Haut-Katanga,2,FALSE,4e-4,1e-4,9e-4,3e-4,449,392,454.95,4e-4,0.0177,446,5e-4,NA,NA,NA,NA,NA,NA,0.07,1e-4,453,0.0714,0.0811,0,0.1274,0,Bayes-M17-geo
Boma,Kongo-Central,2,FALSE,4e-4,1e-4,9e-4,3e-4,446,421,452,4e-4,0.0187,445,5e-4,NA,NA,NA,NA,NA,NA,0.2901,6e-4,432,0.1467,0.9247,0,0.0888,0,Bayes-M17-geo
Kangu,Kongo-Central,2,FALSE,4e-4,1e-4,8e-4,4e-4,441,429,448,4e-4,0.0203,443,6e-4,NA,NA,NA,NA,NA,NA,0.3528,7e-4,420,0.3803,0.8822,0,0.1486,0,Bayes-M17-geo
Matadi,Kongo-Central,2,FALSE,4e-4,1e-4,0.001,4e-4,443,407,452,4e-4,0.0216,441,6e-4,NA,NA,NA,NA,NA,NA,0.2939,6e-4,426,0.1564,0.944,0,0.0753,0,Bayes-M17-geo
Kimpangu,Kongo-Central,2,FALSE,4e-4,1e-4,8e-4,4e-4,441,435,443,4e-4,0.0199,444,5e-4,NA,NA,NA,NA,NA,NA,0.4488,9e-4,408,0.7085,0.9344,0,0.1525,0,Bayes-M17-geo
Massa,Kongo-Central,2,FALSE,4e-4,1e-4,9e-4,4e-4,438,420,445,4e-4,0.0219,440,6e-4,NA,NA,NA,NA,NA,NA,0.4223,9e-4,403,0.668,0.9208,0,0.1004,0,Bayes-M17-geo
Sona Bata,Kongo-Central,2,FALSE,4e-4,2e-4,8e-4,4e-4,436,422,440,4e-4,0.0221,438,6e-4,NA,NA,NA,NA,NA,NA,0.43,0.001,402,0.7259,0.7896,0,0.2046,0,Bayes-M17-geo
Kamalondo,Haut-Katanga,2,FALSE,3e-4,1e-4,8e-4,2e-4,452,412,457,3e-4,0.0146,450,4e-4,NA,NA,NA,NA,NA,NA,0.0352,1e-4,458,0.029,0.0019,0,0.11,0,Bayes-M17-geo
Boma Bungu,Kongo-Central,2,FALSE,3e-4,1e-4,7e-4,3e-4,447,443,449,3e-4,0.0162,448,4e-4,NA,NA,NA,NA,NA,NA,0.3209,5e-4,433,0.5811,0.5676,0,0.1351,0,Bayes-M17-geo
Kinkonzi,Kongo-Central,2,FALSE,3e-4,1e-4,7e-4,3e-4,445,442,449,3e-4,0.0172,447,5e-4,NA,NA,NA,NA,NA,NA,0.4252,7e-4,418,0.6236,0.8958,0,0.1815,0,Bayes-M17-geo
Vaku,Kongo-Central,2,FALSE,3e-4,1e-4,6e-4,3e-4,448,444,450,3e-4,0.0158,449,4e-4,NA,NA,NA,NA,NA,NA,0.4194,7e-4,423,0.5676,0.9421,0,0.168,0,Bayes-M17-geo
Nzanza,Kongo-Central,2,FALSE,3e-4,1e-4,7e-4,2e-4,449,443,451,3e-4,0.0146,451,4e-4,NA,NA,NA,NA,NA,NA,0.2172,3e-4,442,0.0888,0.6892,0,0.0907,0,Bayes-M17-geo
Dilolo,Lualaba,2,FALSE,3e-4,0,7e-4,2e-4,452,432,454,3e-4,0.0133,452,4e-4,NA,NA,NA,NA,NA,NA,0.3663,5e-4,435,0.8398,0.6197,0,0.0058,0,Bayes-M17-geo
Kizu,Kongo-Central,2,FALSE,2e-4,1e-4,6e-4,2e-4,453,449,454,2e-4,0.0118,454,3e-4,NA,NA,NA,NA,NA,NA,0.3113,4e-4,437,0.2973,0.8707,0,0.0772,0,Bayes-M17-geo
Tembo,Kwango,2,FALSE,2e-4,1e-4,5e-4,2e-4,452,450,453,2e-4,0.0124,453,3e-4,NA,NA,NA,NA,NA,NA,0.3205,4e-4,436,0.7876,0.3977,0,0.0965,0,Bayes-M17-geo
Kuimba,Kongo-Central,2,FALSE,1e-4,0,3e-4,1e-4,456,455,456,1e-4,0.0059,456,2e-4,NA,NA,NA,NA,NA,NA,0.3069,2e-4,450,0.3784,0.8456,0,0.0039,0,Bayes-M17-geo
Muanda,Kongo-Central,2,FALSE,1e-4,0,3e-4,0,457,454,458,1e-4,0.0043,457,1e-4,NA,NA,NA,NA,NA,NA,0.4093,2e-4,451,0.6371,1,0,0,0,Bayes-M17-geo
Tshela,Kongo-Central,2,FALSE,1e-4,0,4e-4,1e-4,455,453,455,1e-4,0.0071,455,2e-4,NA,NA,NA,NA,NA,NA,0.3282,2e-4,448,0.417,0.888,0,0.0077,0,Bayes-M17-geo
Kitona,Kongo-Central,2,FALSE,0,0,2e-4,0,458,457,458,0,0.0021,458,1e-4,NA,NA,NA,NA,NA,NA,0.293,1e-4,457,0.5907,0.5792,0,0.0019,0,Bayes-M17-geo
Bokoro,Mai-Ndombe,2,FALSE,0,0,0,0,459,459,459,0,1e-4,459,0,NA,NA,NA,NA,NA,NA,0.471,0,459,0.6873,0.5097,0,0.6873,0,Bayes-M17-geo
Idjwi,Sud-Kivu,2,FALSE,0,0,0,0,460,460,460,0,0,460,0,NA,NA,NA,NA,NA,NA,0.3007,0,460,0.2992,0.8224,0,0.0811,0,Bayes-M17-geo
Buta,Bas-Uele,2,TRUE,NA,NA,NA,NA,NA,NA,NA,NA,NA,NA,NA,NA,NA,NA,NA,NA,NA,0.7225,NA,NA,0.9749,0.9923,0,0.9228,0,Bayes-M17-geo
Ganga,Bas-Uele,2,TRUE,NA,NA,NA,NA,NA,NA,NA,NA,NA,NA,NA,NA,NA,NA,NA,NA,NA,0.7218,NA,NA,0.9672,0.9556,0,0.9643,0,Bayes-M17-geo
Viadana,Bas-Uele,2,TRUE,NA,NA,NA,NA,NA,NA,NA,NA,NA,NA,NA,NA,NA,NA,NA,NA,NA,0.6846,NA,NA,0.9131,0.9788,0,0.8465,0,Bayes-M17-geo
Boma Mangbetu,Haut-Uele,2,TRUE,NA,NA,NA,NA,NA,NA,NA,NA,NA,NA,NA,NA,NA,NA,NA,NA,NA,0.4122,NA,NA,0.2857,0.5039,0,0.8591,0,Bayes-M17-geo
Gombari,Haut-Uele,2,TRUE,NA,NA,NA,NA,NA,NA,NA,NA,NA,NA,NA,NA,NA,NA,NA,NA,NA,0.5772,NA,NA,0.9633,0.8012,0,0.5444,0,Bayes-M17-geo
Isiro,Haut-Uele,2,TRUE,NA,NA,NA,NA,NA,NA,NA,NA,NA,NA,NA,NA,NA,NA,NA,NA,NA,0.5253,NA,NA,0.39,0.7587,0,0.9527,0,Bayes-M17-geo
Pawa,Haut-Uele,2,TRUE,NA,NA,NA,NA,NA,NA,NA,NA,NA,NA,NA,NA,NA,NA,NA,NA,NA,0.4315,NA,NA,0.2934,0.5734,0,0.8591,0,Bayes-M17-geo
Rungu,Haut-Uele,2,TRUE,NA,NA,NA,NA,NA,NA,NA,NA,NA,NA,NA,NA,NA,NA,NA,NA,NA,0.6474,NA,NA,0.8224,0.8031,0,0.9643,0,Bayes-M17-geo
Wamba,Haut-Uele,2,TRUE,NA,NA,NA,NA,NA,NA,NA,NA,NA,NA,NA,NA,NA,NA,NA,NA,NA,0.4817,NA,NA,0.6737,0.4363,0,0.8166,0,Bayes-M17-geo
Adja,Ituri,2,TRUE,NA,NA,NA,NA,NA,NA,NA,NA,NA,NA,NA,NA,NA,NA,NA,NA,NA,0.2645,NA,NA,0.249,0.4286,0,0.3803,0,Bayes-M17-geo
Ariwara,Ituri,2,TRUE,NA,NA,NA,NA,NA,NA,NA,NA,NA,NA,NA,NA,NA,NA,NA,NA,NA,0.2862,NA,NA,0.1988,0.6988,0,0.2471,0,Bayes-M17-geo
Aru,Ituri,2,TRUE,NA,NA,NA,NA,NA,NA,NA,NA,NA,NA,NA,NA,NA,NA,NA,NA,NA,0.3528,NA,NA,0.3012,0.8417,0,0.2683,0,Bayes-M17-geo
Aungba,Ituri,2,TRUE,NA,NA,NA,NA,NA,NA,NA,NA,NA,NA,NA,NA,NA,NA,NA,NA,NA,0.3354,NA,NA,0.3108,0.6564,0,0.3745,0,Bayes-M17-geo
Kambala,Ituri,2,TRUE,NA,NA,NA,NA,NA,NA,NA,NA,NA,NA,NA,NA,NA,NA,NA,NA,NA,0.347,NA,NA,0.3668,0.612,0,0.4093,0,Bayes-M17-geo
Logo,Ituri,2,TRUE,NA,NA,NA,NA,NA,NA,NA,NA,NA,NA,NA,NA,NA,NA,NA,NA,NA,0.2384,NA,NA,0.1757,0.5927,0,0.1853,0,Bayes-M17-geo
Mahagi,Ituri,2,TRUE,NA,NA,NA,NA,NA,NA,NA,NA,NA,NA,NA,NA,NA,NA,NA,NA,NA,0.2292,NA,NA,0.1718,0.6004,0,0.1448,0,Bayes-M17-geo
Rimba,Ituri,2,TRUE,NA,NA,NA,NA,NA,NA,NA,NA,NA,NA,NA,NA,NA,NA,NA,NA,NA,0.306,NA,NA,0.2008,0.7124,0,0.3108,0,Bayes-M17-geo
Bambu,Ituri,2,TRUE,NA,NA,NA,NA,NA,NA,NA,NA,NA,NA,NA,NA,NA,NA,NA,NA,NA,0.2399,NA,NA,0.2046,0.4691,0,0.2857,0,Bayes-M17-geo
Boga,Ituri,2,TRUE,NA,NA,NA,NA,NA,NA,NA,NA,NA,NA,NA,NA,NA,NA,NA,NA,NA,0.264,NA,NA,0.3861,0.36870000000000003,0,0.3012,0,Bayes-M17-geo
Bunia,Ituri,2,TRUE,NA,NA,NA,NA,NA,NA,NA,NA,NA,NA,NA,NA,NA,NA,NA,NA,NA,0.2326,NA,NA,0.1178,0.5637,0,0.249,0,Bayes-M17-geo
Damas,Ituri,2,TRUE,NA,NA,NA,NA,NA,NA,NA,NA,NA,NA,NA,NA,NA,NA,NA,NA,NA,0.3224,NA,NA,0.4479,0.3282,0,0.5135,0,Bayes-M17-geo
Drodro,Ituri,2,TRUE,NA,NA,NA,NA,NA,NA,NA,NA,NA,NA,NA,NA,NA,NA,NA,NA,NA,0.2674,NA,NA,0.2066,0.5907,0,0.2722,0,Bayes-M17-geo
Fataki,Ituri,2,TRUE,NA,NA,NA,NA,NA,NA,NA,NA,NA,NA,NA,NA,NA,NA,NA,NA,NA,0.3185,NA,NA,0.2259,0.7201,0,0.3282,0,Bayes-M17-geo
Gety,Ituri,2,TRUE,NA,NA,NA,NA,NA,NA,NA,NA,NA,NA,NA,NA,NA,NA,NA,NA,NA,0.2592,NA,NA,0.3359,0.2973,0,0.4035,0,Bayes-M17-geo
Kilo,Ituri,2,TRUE,NA,NA,NA,NA,NA,NA,NA,NA,NA,NA,NA,NA,NA,NA,NA,NA,NA,0.1448,NA,NA,0.2201,0.0502,0,0.3089,0,Bayes-M17-geo
Komanda,Ituri,2,TRUE,NA,NA,NA,NA,NA,NA,NA,NA,NA,NA,NA,NA,NA,NA,NA,NA,NA,0.2341,NA,NA,0.3089,0.1197,0,0.5077,0,Bayes-M17-geo
Lita,Ituri,2,TRUE,NA,NA,NA,NA,NA,NA,NA,NA,NA,NA,NA,NA,NA,NA,NA,NA,NA,0.306,NA,NA,0.2761,0.7046,0,0.2432,0,Bayes-M17-geo
Lolwa,Ituri,2,TRUE,NA,NA,NA,NA,NA,NA,NA,NA,NA,NA,NA,NA,NA,NA,NA,NA,NA,0.3205,NA,NA,0.6429,0,0,0.639,0,Bayes-M17-geo
Mambasa,Ituri,2,TRUE,NA,NA,NA,NA,NA,NA,NA,NA,NA,NA,NA,NA,NA,NA,NA,NA,NA,0.4324,NA,NA,0.8842,0.2625,0,0.583,0,Bayes-M17-geo
Mandima,Ituri,2,TRUE,NA,NA,NA,NA,NA,NA,NA,NA,NA,NA,NA,NA,NA,NA,NA,NA,NA,0.2659,NA,NA,0.4846,0.2896,0,0.2896,0,Bayes-M17-geo
Mangala,Ituri,2,TRUE,NA,NA,NA,NA,NA,NA,NA,NA,NA,NA,NA,NA,NA,NA,NA,NA,NA,0.3021,NA,NA,0.305,0.6158,0,0.2876,0,Bayes-M17-geo
Mongbwalu,Ituri,2,TRUE,NA,NA,NA,NA,NA,NA,NA,NA,NA,NA,NA,NA,NA,NA,NA,NA,NA,0.2616,NA,NA,0.4112,0.1834,0,0.4517,0,Bayes-M17-geo
Nia Nia,Ituri,2,TRUE,NA,NA,NA,NA,NA,NA,NA,NA,NA,NA,NA,NA,NA,NA,NA,NA,NA,0.2978,NA,NA,0.666,0.0212,0,0.5039,0,Bayes-M17-geo
Nizi,Ituri,2,TRUE,NA,NA,NA,NA,NA,NA,NA,NA,NA,NA,NA,NA,NA,NA,NA,NA,NA,0.1771,NA,NA,0.1544,0.3378,0,0.2162,0,Bayes-M17-geo
Nyankunde,Ituri,2,TRUE,NA,NA,NA,NA,NA,NA,NA,NA,NA,NA,NA,NA,NA,NA,NA,NA,NA,0.2514,NA,NA,0.2838,0.2432,0,0.4788,0,Bayes-M17-geo
Rwampara,Ituri,2,TRUE,NA,NA,NA,NA,NA,NA,NA,NA,NA,NA,NA,NA,NA,NA,NA,NA,NA,0.319,NA,NA,0.2375,0.7452,0,0.2934,0,Bayes-M17-geo
Tchomia,Ituri,2,TRUE,NA,NA,NA,NA,NA,NA,NA,NA,NA,NA,NA,NA,NA,NA,NA,NA,NA,0.1998,NA,NA,0.2104,0.3745,0,0.2143,0,Bayes-M17-geo
Bulape,Kasaï,2,TRUE,NA,NA,NA,NA,NA,NA,NA,NA,NA,NA,NA,NA,NA,NA,NA,NA,NA,0.4315,NA,NA,0.7066,0.1853,0,0.834,0,Bayes-M17-geo
Beni,Nord-Kivu,2,TRUE,NA,NA,NA,NA,NA,NA,NA,NA,NA,NA,NA,NA,NA,NA,NA,NA,NA,0.1559,NA,NA,0.1525,0.2297,0,0.2413,0,Bayes-M17-geo
Butembo,Nord-Kivu,2,TRUE,NA,NA,NA,NA,NA,NA,NA,NA,NA,NA,NA,NA,NA,NA,NA,NA,NA,0.1829,NA,NA,0.1139,0.388,0,0.2297,0,Bayes-M17-geo
Kalunguta,Nord-Kivu,2,TRUE,NA,NA,NA,NA,NA,NA,NA,NA,NA,NA,NA,NA,NA,NA,NA,NA,NA,0.1559,NA,NA,0.195,0.2066,0,0.222,0,Bayes-M17-geo
Katwa,Nord-Kivu,2,TRUE,NA,NA,NA,NA,NA,NA,NA,NA,NA,NA,NA,NA,NA,NA,NA,NA,NA,0.1998,NA,NA,0.0869,0.4846,0,0.2278,0,Bayes-M17-geo
Kyondo,Nord-Kivu,2,TRUE,NA,NA,NA,NA,NA,NA,NA,NA,NA,NA,NA,NA,NA,NA,NA,NA,NA,0.3238,NA,NA,0.2954,0.7973,0,0.2027,0,Bayes-M17-geo
Lubero,Nord-Kivu,2,TRUE,NA,NA,NA,NA,NA,NA,NA,NA,NA,NA,NA,NA,NA,NA,NA,NA,NA,0.4585,NA,NA,0.5734,0.9382,0,0.3224,0,Bayes-M17-geo
Mabalako,Nord-Kivu,2,TRUE,NA,NA,NA,NA,NA,NA,NA,NA,NA,NA,NA,NA,NA,NA,NA,NA,NA,0.1573,NA,NA,0.1931,0.2046,0,0.2317,0,Bayes-M17-geo
Masereka,Nord-Kivu,2,TRUE,NA,NA,NA,NA,NA,NA,NA,NA,NA,NA,NA,NA,NA,NA,NA,NA,NA,0.36870000000000003,NA,NA,0.2548,0.9807,0,0.2394,0,Bayes-M17-geo
Musienene,Nord-Kivu,2,TRUE,NA,NA,NA,NA,NA,NA,NA,NA,NA,NA,NA,NA,NA,NA,NA,NA,NA,0.319,NA,NA,0.2645,0.7317,0,0.2799,0,Bayes-M17-geo
Mutwanga,Nord-Kivu,2,TRUE,NA,NA,NA,NA,NA,NA,NA,NA,NA,NA,NA,NA,NA,NA,NA,NA,NA,0.2408,NA,NA,0.2606,0.4672,0,0.2355,0,Bayes-M17-geo
Oicha,Nord-Kivu,2,TRUE,NA,NA,NA,NA,NA,NA,NA,NA,NA,NA,NA,NA,NA,NA,NA,NA,NA,0.3364,NA,NA,0.3243,0.7606,0,0.2606,0,Bayes-M17-geo
Vuhovi,Nord-Kivu,2,TRUE,NA,NA,NA,NA,NA,NA,NA,NA,NA,NA,NA,NA,NA,NA,NA,NA,NA,0.2611,NA,NA,0.2027,0.6178,0,0.2239,0,Bayes-M17-geo
Goma,Nord-Kivu,2,TRUE,NA,NA,NA,NA,NA,NA,NA,NA,NA,NA,NA,NA,NA,NA,NA,NA,NA,0.2669,NA,NA,0.1274,0.8977,0,0.0425,0,Bayes-M17-geo
Miti Murhesa,Sud-Kivu,2,TRUE,NA,NA,NA,NA,NA,NA,NA,NA,NA,NA,NA,NA,NA,NA,NA,NA,NA,0.3277,NA,NA,0.2355,0.9131,0,0.1622,0,Bayes-M17-geo
Bafwasende,Tshopo,2,TRUE,NA,NA,NA,NA,NA,NA,NA,NA,NA,NA,NA,NA,NA,NA,NA,NA,NA,0.4546,NA,NA,0.9073,0.2413,0,0.6699,0,Bayes-M17-geo
Kabondo,Tshopo,2,TRUE,NA,NA,NA,NA,NA,NA,NA,NA,NA,NA,NA,NA,NA,NA,NA,NA,NA,0.18,NA,NA,0.1911,0.2722,0,0.2568,0,Bayes-M17-geo
Lubunga (Tshopo),Tshopo,2,TRUE,NA,NA,NA,NA,NA,NA,NA,NA,NA,NA,NA,NA,NA,NA,NA,NA,NA,0.2288,NA,NA,0.2452,0.3436,0,0.3263,0,Bayes-M17-geo
Makiso Kisangani,Tshopo,2,TRUE,NA,NA,NA,NA,NA,NA,NA,NA,NA,NA,NA,NA,NA,NA,NA,NA,NA,0.2355,NA,NA,0.1332,0.5309,0,0.278,0,Bayes-M17-geo
Mangobo,Tshopo,2,TRUE,NA,NA,NA,NA,NA,NA,NA,NA,NA,NA,NA,NA,NA,NA,NA,NA,NA,0.2061,NA,NA,0.0792,0.4382,0,0.3069,0,Bayes-M17-geo
Tshopo,Tshopo,2,TRUE,NA,NA,NA,NA,NA,NA,NA,NA,NA,NA,NA,NA,NA,NA,NA,NA,NA,0.2466,NA,NA,0.361,0.334,0,0.2915,0,Bayes-M17-geo
Wanierukula,Tshopo,2,TRUE,NA,NA,NA,NA,NA,NA,NA,NA,NA,NA,NA,NA,NA,NA,NA,NA,NA,0.473,NA,NA,0.8436,0.5521,0,0.4961,0,Bayes-M17-geo
