health_zone,province,horizon,was_active_before,p_case_invasion,p_case_lo,p_case_hi,mu_forecast,rr_nat,rr_nat_rank,rr01_nat,rr_ituri,rr_ituri_rank,rr_nordkivu,rr_nordkivu_rank,rr_hautuele,rr_hautuele_rank,V,priority,priority_rank,surveillance_gap,healthcare_gap,access_gap,social_vulnerability,healthcare_travel_min,method
Rethy,Ituri,1,FALSE,0.51,0.4279,0.5983,0.7189,66.8421,1,1,3.6772,1,NA,NA,NA,NA,0.2703,1,1,0.2143,0.6081,0,0.2587,0,Bayes-M10-med
Watsa,Haut-Uele,1,FALSE,0.2753,0.222,0.3363,0.3231,30.0391,2,0.5397,NA,NA,NA,NA,3.2482,1,0.4797,0.958,2,0.7297,0.8436,0,0.3456,0,Bayes-M10-med
Nyarambe,Ituri,1,FALSE,0.2064,0.1648,0.2548,0.2318,21.5517,3,0.4048,1.1856,2,NA,NA,NA,NA,0.1805,0.2703,11,0.1699,0.4595,0,0.0927,0,Bayes-M10-med
Kayna,Nord-Kivu,1,FALSE,0.1557,0.1234,0.1936,0.1696,15.7693,4,0.3054,NA,NA,2.9263,1,NA,NA,0.3113,0.3517,6,0.2278,0.6332,0,0.3842,0,Bayes-M10-med
Mutwanga,Nord-Kivu,1,FALSE,0.1496,0.1185,0.1862,0.1624,15.0992,5,0.2934,NA,NA,2.802,2,NA,NA,0.2408,0.2615,12,0.2606,0.4672,0,0.2355,0,Bayes-M10-med
Biringi,Ituri,1,FALSE,0.1479,0.1171,0.184,0.1603,14.9048,6,0.29,0.82,3,NA,NA,NA,NA,0.3494,0.3749,5,0.3958,0.4865,0,0.5154,0,Bayes-M10-med
Biena,Nord-Kivu,1,FALSE,0.1477,0.1169,0.1838,0.16,14.8808,7,0.2895,NA,NA,2.7615,3,NA,NA,0.2013,0.21560000000000001,15,0.251,0.166,0,0.388,0,Bayes-M10-med
Makoro,Haut-Uele,1,FALSE,0.1145,0.0903,0.1432,0.1218,11.3233,8,0.2245,NA,NA,NA,NA,1.2244,2,0.3822,0.3176,7,0.556,0.5483,0,0.4247,0,Bayes-M10-med
Viadana,Bas-Uele,1,FALSE,0.10780000000000001,0.0849,0.1348,0.1142,10.6153,9,0.2113,NA,NA,NA,NA,NA,NA,0.6846,0.5353,3,0.9131,0.9788,0,0.8465,0,Bayes-M10-med
Dungu,Haut-Uele,1,FALSE,0.1027,0.0809,0.1286,0.1085,10.091,10,0.2014,NA,NA,NA,NA,1.0912,3,0.5275,0.3932,4,0.8726,0.5598,0,0.6776,0,Bayes-M10-med
Adi,Ituri,1,FALSE,0.0995,0.0782,0.1246,0.1049,9.7512,11,0.195,0.5364,4,NA,NA,NA,NA,0.3977,0.287,10,0.2587,0.7104,0,0.6216,0,Bayes-M10-med
Angumu,Ituri,1,FALSE,0.0977,0.0769,0.1225,0.103,9.575,12,0.1917,0.5268,5,NA,NA,NA,NA,0.11,0.078,32,0.1641,0.1641,0,0.112,0,Bayes-M10-med
Linga,Ituri,1,FALSE,0.0923,0.0726,0.1158,0.097,9.0177,13,0.1811,0.4961,6,NA,NA,NA,NA,0.2148,0.1439,21,0.1969,0.3417,0,0.3205,0,Bayes-M10-med
Manguredjipa,Nord-Kivu,1,FALSE,0.0909,0.0714,0.114,0.0954,8.8668,14,0.1782,NA,NA,1.6454,4,NA,NA,0.3475,0.2291,13,0.778,0.0579,0,0.5541,0,Bayes-M10-med
Karisimbi,Nord-Kivu,1,FALSE,0.0873,0.0685,0.1095,0.0914,8.498,15,0.1711,NA,NA,1.577,5,NA,NA,0.1597,0.1011,28,0.0907,0.5154,0,0.0328,0,Bayes-M10-med
Jiba,Ituri,1,FALSE,0.0853,0.067,0.107,0.0892,8.2965,16,0.1672,0.4564,7,NA,NA,NA,NA,0.1651,0.1021,25,0.1815,0.1274,0,0.3514,0,Bayes-M10-med
Rutshuru,Nord-Kivu,1,FALSE,0.0826,0.0649,0.1037,0.0863,8.0275,17,0.162,NA,NA,1.4897,6,NA,NA,0.3721,0.2231,14,0.4093,0.9942,0,0.0849,0,Bayes-M10-med
Niangara,Haut-Uele,1,FALSE,0.0754,0.0591,0.0947,0.0785,7.2954,18,0.1479,NA,NA,NA,NA,0.7889,4,0.5512,0.3015,8,0.8031,0.4324,0,0.9691,0,Bayes-M10-med
Nyiragongo,Nord-Kivu,1,FALSE,0.0733,0.0575,0.0922,0.0762,7.087,19,0.1438,NA,NA,1.3152,7,NA,NA,0.2891,0.1538,19,0.2432,0.8764,0,0.0367,0,Bayes-M10-med
Alimbongo,Nord-Kivu,1,FALSE,0.0666,0.0522,0.0838,0.0689,6.4107,20,0.1305,NA,NA,1.1897,8,NA,NA,0.4262,0.2058,16,0.5849,0.7471,0,0.3726,0,Bayes-M10-med
Laybo,Ituri,1,FALSE,0.0572,0.0448,0.072,0.0589,5.4797,21,0.1122,0.3015,8,NA,NA,NA,NA,0.3393,0.1408,22,0.3069,0.556,0,0.4942,0,Bayes-M10-med
Rwanguba,Nord-Kivu,1,FALSE,0.0571,0.0447,0.0719,0.0588,5.4717,22,0.112,NA,NA,1.0154,9,NA,NA,0.2442,0.1012,27,0.2085,0.7027,0,0.0656,0,Bayes-M10-med
Poko,Bas-Uele,1,FALSE,0.0553,0.0433,0.0697,0.0569,5.2918,23,0.1084,NA,NA,NA,NA,NA,NA,0.7271,0.2917,9,0.9923,0.9517,0,0.9643,0,Bayes-M10-med
Kibirizi,Nord-Kivu,1,FALSE,0.0541,0.0423,0.0682,0.0557,5.1766,24,0.1061,NA,NA,0.9606,10,NA,NA,0.4175,0.1639,18,0.5405,0.8552,0,0.2741,0,Bayes-M10-med
Kirotshe,Nord-Kivu,1,FALSE,0.0525,0.041,0.0661,0.053900000000000003,5.015,25,0.1029,NA,NA,0.9307,11,NA,NA,0.3842,0.1463,20,0.3764,0.9961,0,0.1641,0,Bayes-M10-med
Tshopo,Tshopo,1,FALSE,0.0421,0.0329,0.0531,0.043,3.9993,26,0.0825,NA,NA,NA,NA,NA,NA,0.2466,0.0753,33,0.361,0.334,0,0.2915,0,Bayes-M10-med
Kamango,Nord-Kivu,1,FALSE,0.0396,0.0309,0.05,0.0404,3.7597,27,0.0777,NA,NA,0.6977,12,NA,NA,0.4373,0.1257,23,0.6583,0.917,0,0.1737,0,Bayes-M10-med
Nsele,Kinshasa,1,FALSE,0.0385,0.03,0.0486,0.0393,3.6511,28,0.0755,NA,NA,NA,NA,NA,NA,0.1583,0.0442,46,0.139,0.3996,0,0.0946,0,Bayes-M10-med
Gombe,Kinshasa,1,FALSE,0.0376,0.0294,0.0475,0.0384,3.5694,29,0.0738,NA,NA,NA,NA,NA,NA,0.1622,0.0443,44,0.0695,0.5695,0,0.0097,0,Bayes-M10-med
Ganga,Bas-Uele,1,FALSE,0.033,0.0257,0.0417,0.0336,3.1223,30,0.0647,NA,NA,NA,NA,NA,NA,0.7218,0.1729,17,0.9672,0.9556,0,0.9643,0,Bayes-M10-med
Ibanda,Sud-Kivu,1,FALSE,0.032,0.025,0.0404,0.0325,3.0251,31,0.0627,NA,NA,NA,NA,NA,NA,0.2307,0.0536,40,0.083,0.6216,0,0.2181,0,Bayes-M10-med
Bambo,Nord-Kivu,1,FALSE,0.0319,0.0249,0.0403,0.0324,3.0123,32,0.0625,NA,NA,0.559,13,NA,NA,0.3962,0.0916,29,0.5521,0.9073,0,0.1255,0,Bayes-M10-med
Faradje,Haut-Uele,1,FALSE,0.0314,0.0245,0.0397,0.0319,2.9662,33,0.0615,NA,NA,NA,NA,0.3207,5,0.4474,0.1019,26,0.7606,0.666,0,0.3629,0,Bayes-M10-med
Limete,Kinshasa,1,FALSE,0.0292,0.0228,0.0369,0.0297,2.7578,34,0.0573,NA,NA,NA,NA,NA,NA,0.056,0.0119,85,0.0405,0.1371,0,0.0463,0,Bayes-M10-med
Aba,Haut-Uele,1,FALSE,0.0278,0.0217,0.0352,0.0282,2.6261,35,0.0546,NA,NA,NA,NA,0.284,6,0.569,0.1149,24,0.6004,0.6853,0,0.9903,0,Bayes-M10-med
Banalia,Tshopo,1,FALSE,0.0274,0.0213,0.0346,0.0278,2.5824,36,0.0537,NA,NA,NA,NA,NA,NA,0.4242,0.0843,31,0.7799,0.1178,0,0.7992,0,Bayes-M10-med
Binza,Nord-Kivu,1,FALSE,0.027,0.021,0.0341,0.0274,2.5458,37,0.0529,NA,NA,0.4724,14,NA,NA,0.3518,0.0689,37,0.471,0.8378,0,0.0985,0,Bayes-M10-med
Binza Ozone,Kinshasa,1,FALSE,0.0268,0.0209,0.0338,0.0271,2.5228,38,0.0525,NA,NA,NA,NA,NA,NA,0.152,0.0295,54,0.0734,0.5232,0,0.0116,0,Bayes-M10-med
Kokolo,Kinshasa,1,FALSE,0.0263,0.0205,0.0332,0.0266,2.4762,39,0.0515,NA,NA,NA,NA,NA,NA,0.2172,0.0414,48,0.0772,0.7722,0,0.0193,0,Bayes-M10-med
Lingwala,Kinshasa,1,FALSE,0.0261,0.0204,0.0331,0.0265,2.4634,40,0.0513,NA,NA,NA,NA,NA,NA,0.0323,0.0061,115,0.0232,0.0907,0,0.0154,0,Bayes-M10-med
Minova,Sud-Kivu,1,FALSE,0.0255,0.0199,0.0323,0.0259,2.4036,41,0.05,NA,NA,NA,NA,NA,NA,0.3866,0.0716,35,0.4421,0.9826,0,0.1216,0,Bayes-M10-med
Katana,Sud-Kivu,1,FALSE,0.0249,0.0194,0.0315,0.0252,2.3442,42,0.0488,NA,NA,NA,NA,NA,NA,0.3224,0.0582,38,0.2471,0.9112,0,0.1313,0,Bayes-M10-med
Mweso,Nord-Kivu,1,FALSE,0.0244,0.019,0.0309,0.0247,2.2975,43,0.0478,NA,NA,0.4264,15,NA,NA,0.4189,0.0742,34,0.4498,0.9614,0,0.2645,0,Bayes-M10-med
Kadutu,Sud-Kivu,1,FALSE,0.0237,0.0185,0.03,0.024,2.2328,44,0.0465,NA,NA,NA,NA,NA,NA,0.1636,0.0282,58,0.0579,0.3861,0,0.2104,0,Bayes-M10-med
Kalamu 1,Kinshasa,1,FALSE,0.0233,0.0182,0.0295,0.0236,2.1944,45,0.0457,NA,NA,NA,NA,NA,NA,0.0309,0.0052,130,0.0193,0.0734,0,0.0309,0,Bayes-M10-med
Kasa Vubu,Kinshasa,1,FALSE,0.0233,0.0181,0.0295,0.0236,2.1914,47,0.0457,NA,NA,NA,NA,NA,NA,0.0444,0.0075,110,0.0309,0.1216,0,0.0251,0,Bayes-M10-med
Kinshasa,Kinshasa,1,FALSE,0.0233,0.0182,0.0295,0.0236,2.193,46,0.0457,NA,NA,NA,NA,NA,NA,0.0203,0.0034,164,0.0135,0.0463,0,0.0212,0,Bayes-M10-med
Masisi,Nord-Kivu,1,FALSE,0.0217,0.0169,0.0275,0.022,2.043,48,0.0426,NA,NA,0.3791,16,NA,NA,0.4402,0.0694,36,0.4324,0.9575,0,0.3707,0,Bayes-M10-med
Lemba,Kinshasa,1,FALSE,0.0207,0.0161,0.0262,0.0209,1.9464,49,0.0406,NA,NA,NA,NA,NA,NA,0.1023,0.0154,76,0.0483,0.3069,0,0.0541,0,Bayes-M10-med
Masina 1,Kinshasa,1,FALSE,0.0205,0.016,0.026,0.0208,1.9309,50,0.0403,NA,NA,NA,NA,NA,NA,0.0193,0.0029,187,0.0077,0.0077,0,0.0618,0,Bayes-M10-med
Kintambo,Kinshasa,1,FALSE,0.0205,0.0159,0.0259,0.0207,1.9217,51,0.0401,NA,NA,NA,NA,NA,NA,0.0338,0.005,133,0.0212,0.1004,0,0.0135,0,Bayes-M10-med
Kabare,Sud-Kivu,1,FALSE,0.02,0.0156,0.0253,0.0202,1.8817,52,0.0393,NA,NA,NA,NA,NA,NA,0.3567,0.0518,41,0.2394,0.9884,0,0.1988,0,Bayes-M10-med
Masina 2,Kinshasa,1,FALSE,0.0177,0.0137,0.0223,0.0178,1.6562,53,0.0346,NA,NA,NA,NA,NA,NA,0.0265,0.0034,165,0.0174,0.0193,0,0.0695,0,Bayes-M10-med
Bandalungwa,Kinshasa,1,FALSE,0.0176,0.0137,0.0223,0.0178,1.6504,54,0.0345,NA,NA,NA,NA,NA,NA,0.0709,0.0091,100,0.0328,0.2336,0,0.0174,0,Bayes-M10-med
Buta,Bas-Uele,1,FALSE,0.0161,0.0125,0.0204,0.0162,1.5079,55,0.0315,NA,NA,NA,NA,NA,NA,0.7225,0.0843,30,0.9749,0.9923,0,0.9228,0,Bayes-M10-med
Bafwagbogbo,Tshopo,1,FALSE,0.0155,0.012,0.0196,0.0156,1.4489,56,0.0303,NA,NA,NA,NA,NA,NA,0.3948,0.0443,45,0.8591,0.027,0,0.6931,0,Bayes-M10-med
Binza Meteo,Kinshasa,1,FALSE,0.0152,0.0118,0.0192,0.0153,1.4235,57,0.0298,NA,NA,NA,NA,NA,NA,0.2558,0.0282,57,0.0965,0.8996,0,0.027,0,Bayes-M10-med
Kikimi,Kinshasa,1,FALSE,0.0149,0.0116,0.0188,0.015,1.3914,58,0.0291,NA,NA,NA,NA,NA,NA,0.0835,0.009,101,0.056,0.1911,0,0.0869,0,Bayes-M10-med
Matete,Kinshasa,1,FALSE,0.0147,0.0115,0.0186,0.0148,1.3797,59,0.0289,NA,NA,NA,NA,NA,NA,0.0492,0.0053,128,0.0251,0.1158,0,0.056,0,Bayes-M10-med
Barumbu,Kinshasa,1,FALSE,0.0147,0.0114,0.0186,0.0148,1.3753,60,0.0288,NA,NA,NA,NA,NA,NA,0.014,0.0015,277,0.0097,0.0232,0,0.0232,0,Bayes-M10-med
Bengamisa,Tshopo,1,FALSE,0.0147,0.0114,0.0186,0.0148,1.3739,61,0.0288,NA,NA,NA,NA,NA,NA,0.3012,0.032,51,0.612,0.2162,0,0.3764,0,Bayes-M10-med
Katoyi,Nord-Kivu,1,FALSE,0.0141,0.011,0.0179,0.0142,1.3204,62,0.0276,NA,NA,0.245,17,NA,NA,0.4542,0.0465,43,0.4614,0.9595,0,0.3958,0,Bayes-M10-med
Uvira,Sud-Kivu,1,FALSE,0.0139,0.0108,0.0176,0.014,1.303,63,0.0273,NA,NA,NA,NA,NA,NA,0.5502,0.0555,39,0.2181,0.9846,0,0.9981,0,Bayes-M10-med
Mont Ngafula 1,Kinshasa,1,FALSE,0.0125,0.0097,0.0158,0.0126,1.1675,64,0.0245,NA,NA,NA,NA,NA,NA,0.2066,0.0187,66,0.1371,0.6313,0,0.0579,0,Bayes-M10-med
Mont Ngafula 2,Kinshasa,1,FALSE,0.0122,0.0095,0.0155,0.0123,1.1438,65,0.024,NA,NA,NA,NA,NA,NA,0.0951,0.0084,106,0.0849,0.2568,0,0.0386,0,Bayes-M10-med
Selembao,Kinshasa,1,FALSE,0.0122,0.0095,0.0154,0.0123,1.1394,66,0.0239,NA,NA,NA,NA,NA,NA,0.0676,0.006,120,0.0444,0.1815,0,0.0444,0,Bayes-M10-med
Ndjili,Kinshasa,1,FALSE,0.012,0.0093,0.0152,0.0121,1.1209,67,0.0235,NA,NA,NA,NA,NA,NA,0.0487,0.0042,146,0.027,0.1042,0,0.0637,0,Bayes-M10-med
Kingabwa,Kinshasa,1,FALSE,0.0119,0.0093,0.0151,0.012,1.1129,69,0.0233,NA,NA,NA,NA,NA,NA,0.0478,0.0041,148,0.0425,0.0965,0,0.0521,0,Bayes-M10-med
Kalehe,Sud-Kivu,1,FALSE,0.0119,0.0093,0.0151,0.012,1.114,68,0.0233,NA,NA,NA,NA,NA,NA,0.3369,0.0291,55,0.3417,0.8649,0,0.1409,0,Bayes-M10-med
Ngiri Ngiri,Kinshasa,1,FALSE,0.0118,0.0092,0.0149,0.0118,1.1011,70,0.0231,NA,NA,NA,NA,NA,NA,0.028,0.0024,213,0.0154,0.0676,0,0.029,0,Bayes-M10-med
Police,Kinshasa,1,FALSE,0.0117,0.0091,0.0148,0.0118,1.0955,72,0.023,NA,NA,NA,NA,NA,NA,0.0478,0.0041,150,0.0463,0.0772,0,0.0676,0,Bayes-M10-med
Ruzizi,Sud-Kivu,1,FALSE,0.0117,0.0091,0.0149,0.0118,1.098,71,0.023,NA,NA,NA,NA,NA,NA,0.5627,0.0479,42,0.3494,0.9093,0,0.9923,0,Bayes-M10-med
Birambizo,Nord-Kivu,1,FALSE,0.0116,0.009,0.0147,0.0117,1.0863,73,0.0228,NA,NA,0.2016,18,NA,NA,0.3625,0.0305,52,0.4035,0.89,0,0.1564,0,Bayes-M10-med
Yakusu,Tshopo,1,FALSE,0.0116,0.009,0.0147,0.0117,1.0851,74,0.0227,NA,NA,NA,NA,NA,NA,0.319,0.0268,59,0.4208,0.2085,0,0.6467,0,Bayes-M10-med
Walungu,Sud-Kivu,1,FALSE,0.0109,0.0085,0.0138,0.011,1.0214,75,0.0214,NA,NA,NA,NA,NA,NA,0.3248,0.0257,61,0.1853,0.8803,0,0.2336,0,Bayes-M10-med
Walikale,Nord-Kivu,1,FALSE,0.0104,0.0081,0.0132,0.0104,0.9703,76,0.0204,NA,NA,0.1801,19,NA,NA,0.5729,0.0431,47,0.9459,0.9286,0,0.417,0,Bayes-M10-med
Nyemba,Tanganyika,1,FALSE,0.0103,0.008,0.013,0.0103,0.9617,77,0.0202,NA,NA,NA,NA,NA,NA,0.3456,0.0258,60,0.5965,0.4556,0,0.3301,0,Bayes-M10-med
Nyantende,Sud-Kivu,1,FALSE,0.0099,0.0077,0.0126,0.01,0.9266,78,0.0194,NA,NA,NA,NA,NA,NA,0.3219,0.0232,63,0.1486,0.8938,0,0.2452,0,Bayes-M10-med
Lubutu,Maniema,1,FALSE,0.0094,0.0073,0.0119,0.0095,0.8809,79,0.0185,NA,NA,NA,NA,NA,NA,0.4706,0.0322,50,0.8205,0.2819,0,0.7799,0,Bayes-M10-med
Bagira,Sud-Kivu,1,FALSE,0.0092,0.0072,0.0117,0.0092,0.8598,80,0.018,NA,NA,NA,NA,NA,NA,0.236,0.0158,73,0.1004,0.6371,0,0.2066,0,Bayes-M10-med
Maluku 1,Kinshasa,1,FALSE,0.0091,0.0071,0.0116,0.0092,0.8524,81,0.0179,NA,NA,NA,NA,NA,NA,0.2321,0.0154,77,0.3475,0.4517,0,0.1293,0,Bayes-M10-med
Kingasani,Kinshasa,1,FALSE,0.0089,0.007,0.0113,0.009,0.8355,83,0.0175,NA,NA,NA,NA,NA,NA,0.0294,0.0019,246,0.0058,0.0405,0,0.0714,0,Bayes-M10-med
Isangi,Tshopo,1,FALSE,0.0089,0.007,0.0113,0.009,0.8357,82,0.0175,NA,NA,NA,NA,NA,NA,0.3837,0.0249,62,0.4054,0.4073,0,0.722,0,Bayes-M10-med
Fizi,Sud-Kivu,1,FALSE,0.0085,0.0066,0.0107,0.0085,0.7897,84,0.0166,NA,NA,NA,NA,NA,NA,0.5637,0.0346,49,0.7432,0.9691,0,0.5425,0,Bayes-M10-med
Lemera,Sud-Kivu,1,FALSE,0.0074,0.0057,0.0093,0.0074,0.6872,85,0.0144,NA,NA,NA,NA,NA,NA,0.5613,0.03,53,0.3629,0.9015,0,0.9807,0,Bayes-M10-med
Mubumbano,Sud-Kivu,1,FALSE,0.0071,0.0055,0.0089,0.0071,0.6582,86,0.0138,NA,NA,NA,NA,NA,NA,0.3658,0.0187,65,0.2683,0.9402,0,0.2548,0,Bayes-M10-med
Pinga,Nord-Kivu,1,FALSE,0.007,0.0055,0.0089,0.007,0.655,87,0.0138,NA,NA,0.1215,20,NA,NA,0.57,0.029,56,0.9595,0.7548,0,0.5656,0,Bayes-M10-med
Lubumbashi,Haut-Katanga,1,FALSE,0.0067,0.0052,0.0085,0.0067,0.6251,88,0.0131,NA,NA,NA,NA,NA,NA,0.1105,0.0054,126,0.1081,0.2104,0,0.1236,0,Bayes-M10-med
Nyangezi,Sud-Kivu,1,FALSE,0.0067,0.0052,0.0084,0.0067,0.6207,89,0.013,NA,NA,NA,NA,NA,NA,0.36870000000000003,0.0178,69,0.222,0.8842,0,0.36870000000000003,0,Bayes-M10-med
Kindu,Maniema,1,FALSE,0.0064,0.0049,0.0081,0.0064,0.5939,90,0.0125,NA,NA,NA,NA,NA,NA,0.3181,0.0147,79,0.1351,0.2529,0,0.8842,0,Bayes-M10-med
Makala,Kinshasa,1,FALSE,0.006,0.0047,0.0076,0.006,0.5622,91,0.0118,NA,NA,NA,NA,NA,NA,0.0246,0.0011,328,0.0116,0.0386,0,0.0483,0,Bayes-M10-med
Kalamu 2,Kinshasa,1,FALSE,0.0059,0.0046,0.0075,0.0059,0.5521,92,0.0116,NA,NA,NA,NA,NA,NA,0.015,6e-4,390,0.0039,0.0154,0,0.0405,0,Bayes-M10-med
Mwana,Sud-Kivu,1,FALSE,0.0058,0.0045,0.0073,0.0058,0.5397,93,0.0113,NA,NA,NA,NA,NA,NA,0.3731,0.0157,74,0.2896,0.9035,0,0.2992,0,Bayes-M10-med
Kaniola,Sud-Kivu,1,FALSE,0.0057,0.0044,0.0072,0.0057,0.5278,94,0.0111,NA,NA,NA,NA,NA,NA,0.4513,0.0185,68,0.5328,0.9305,0,0.3417,0,Bayes-M10-med
Kalemie,Tanganyika,1,FALSE,0.0056,0.0044,0.0071,0.0056,0.5236,95,0.011,NA,NA,NA,NA,NA,NA,0.3789,0.0154,75,0.6718,0.4575,0,0.3861,0,Bayes-M10-med
Basoko,Tshopo,1,FALSE,0.0054,0.0042,0.0068,0.0054,0.5015,96,0.0105,NA,NA,NA,NA,NA,NA,0.3012,0.0118,86,0.5077,0.3147,0,0.3822,0,Bayes-M10-med
Bunyakiri,Sud-Kivu,1,FALSE,0.0053,0.0041,0.0067,0.0053,0.4897,97,0.0103,NA,NA,NA,NA,NA,NA,0.4517,0.0172,70,0.6197,0.832,0,0.3552,0,Bayes-M10-med
Kasongo,Maniema,1,FALSE,0.0048,0.0037,0.0061,0.0048,0.4491,98,0.0094,NA,NA,NA,NA,NA,NA,0.5304,0.0185,67,0.4459,0.7529,0,0.9228,0,Bayes-M10-med
Opienge,Tshopo,1,FALSE,0.0047,0.0037,0.006,0.0047,0.4411,99,0.0093,NA,NA,NA,NA,NA,NA,0.4445,0.0153,78,0.9556,0.0135,0,0.8089,0,Bayes-M10-med
Yabaondo,Tshopo,1,FALSE,0.0043,0.0034,0.0055,0.0043,0.4033,100,0.0085,NA,NA,NA,NA,NA,NA,0.3523,0.0111,88,0.4363,0.305,0,0.668,0,Bayes-M10-med
Doruma,Haut-Uele,1,FALSE,0.0042,0.0033,0.0054,0.0042,0.395,101,0.0083,NA,NA,NA,NA,0.0427,7,0.6216,0.0191,64,0.973,0.5135,0,1,0,Bayes-M10-med
Lisala,Mongala,1,FALSE,0.0041,0.0032,0.0052,0.0041,0.3822,103,0.008,NA,NA,NA,NA,NA,NA,0.4093,0.0122,83,0.4286,0.4402,0,0.7683,0,Bayes-M10-med
Ubundu,Tshopo,1,FALSE,0.0041,0.0032,0.0052,0.0041,0.3836,102,0.0081,NA,NA,NA,NA,NA,NA,0.4744,0.0142,81,0.9054,0.4305,0,0.5618,0,Bayes-M10-med
Mumbunda,Haut-Katanga,1,FALSE,0.0038,0.0029,0.0048,0.0038,0.3496,105,0.0074,NA,NA,NA,NA,NA,NA,0.1853,0.005,132,0.1197,0.5077,0,0.1139,0,Bayes-M10-med
Manika,Lualaba,1,FALSE,0.0038,0.003,0.0048,0.0038,0.3544,104,0.0075,NA,NA,NA,NA,NA,NA,0.1149,0.0032,175,0.0946,0.222,0,0.1429,0,Bayes-M10-med
Nundu,Sud-Kivu,1,FALSE,0.0037,0.0029,0.0047,0.0037,0.3444,106,0.0072,NA,NA,NA,NA,NA,NA,0.5927,0.0159,72,0.527,0.8494,0,0.9942,0,Bayes-M10-med
Kunda,Maniema,1,FALSE,0.0035,0.0027,0.0044,0.0035,0.3223,109,0.0068,NA,NA,NA,NA,NA,NA,0.4165,0.0105,90,0.4633,0.2799,0,0.9228,0,Bayes-M10-med
Yamaluka,Mongala,1,FALSE,0.0035,0.0027,0.0044,0.0035,0.3241,108,0.0068,NA,NA,NA,NA,NA,NA,0.1974,0.005,135,0.2799,0.1448,0,0.3649,0,Bayes-M10-med
Kibua,Nord-Kivu,1,FALSE,0.0035,0.0028,0.0045,0.0036,0.3306,107,0.007,NA,NA,0.0614,21,NA,NA,0.5154,0.0133,82,0.7741,0.6602,0,0.6274,0,Bayes-M10-med
Titule,Bas-Uele,1,FALSE,0.0034,0.0027,0.0044,0.0034,0.3199,110,0.0067,NA,NA,NA,NA,NA,NA,0.6839,0.017,71,0.9865,0.8263,0,0.9228,0,Bayes-M10-med
Kisenso,Kinshasa,1,FALSE,0.0034,0.0026,0.0042,0.0034,0.3121,112,0.0066,NA,NA,NA,NA,NA,NA,0.0589,0.0014,280,0.0367,0.139,0,0.0598,0,Bayes-M10-med
Kalonge,Sud-Kivu,1,FALSE,0.0034,0.0026,0.0043,0.0034,0.317,111,0.0067,NA,NA,NA,NA,NA,NA,0.404,0.01,93,0.4961,0.8359,0,0.2838,0,Bayes-M10-med
Kipushi,Haut-Katanga,1,FALSE,0.0033,0.0026,0.0042,0.0033,0.3075,113,0.0065,NA,NA,NA,NA,NA,NA,0.1216,0.0029,185,0.2703,0.1081,0,0.1081,0,Bayes-M10-med
Tshamilemba,Haut-Katanga,1,FALSE,0.0033,0.0026,0.0042,0.0033,0.30620000000000003,115,0.0064,NA,NA,NA,NA,NA,NA,0.0772,0.0018,253,0.0656,0.1255,0,0.1178,0,Bayes-M10-med
Biyela,Kinshasa,1,FALSE,0.0033,0.0026,0.0042,0.0033,0.3067,114,0.0065,NA,NA,NA,NA,NA,NA,0.1076,0.0026,195,0.0637,0.2838,0,0.083,0,Bayes-M10-med
Mbandaka,Equateur,1,FALSE,0.0032,0.0025,0.004,0.0032,0.2959,118,0.0062,NA,NA,NA,NA,NA,NA,0.5164,0.0119,84,0.6409,0.9633,0,0.4614,0,Bayes-M10-med
Kimbanseke,Kinshasa,1,FALSE,0.0032,0.0025,0.0041,0.0032,0.3016,116,0.0063,NA,NA,NA,NA,NA,NA,0.0526,0.0012,302,0.0521,0.0849,0,0.0734,0,Bayes-M10-med
Maluku 2,Kinshasa,1,FALSE,0.0032,0.0025,0.004,0.0032,0.2956,119,0.0062,NA,NA,NA,NA,NA,NA,0.4184,0.0096,98,0.6834,0.5463,0,0.444,0,Bayes-M10-med
Yaleko,Tshopo,1,FALSE,0.0032,0.0025,0.0041,0.0032,0.2987,117,0.0063,NA,NA,NA,NA,NA,NA,0.402,0.0094,99,0.639,0.2452,0,0.7239,0,Bayes-M10-med
Bumbu,Kinshasa,1,FALSE,0.0031,0.0024,0.0039,0.0031,0.2876,120,0.0061,NA,NA,NA,NA,NA,NA,0.0164,4e-4,427,0.0019,0.029,0,0.0347,0,Bayes-M10-med
Ngaba,Kinshasa,1,FALSE,0.003,0.0024,0.0039,0.003,0.2834,121,0.006,NA,NA,NA,NA,NA,NA,0.014,3e-4,437,0,0.0058,0,0.0502,0,Bayes-M10-med
Saramabila,Maniema,1,FALSE,0.003,0.0023,0.0038,0.003,0.2785,122,0.0059,NA,NA,NA,NA,NA,NA,0.4768,0.0103,92,0.473,0.5502,0,0.8842,0,Bayes-M10-med
Kongolo,Tanganyika,1,FALSE,0.0029,0.0023,0.0037,0.0029,0.272,123,0.0057,NA,NA,NA,NA,NA,NA,0.6829,0.0145,80,0.8861,0.9228,0,0.9228,0,Bayes-M10-med
Kabinda,Lomami,1,FALSE,0.0028,0.0022,0.0036,0.0028,0.2616,124,0.0055,NA,NA,NA,NA,NA,NA,0.4382,0.0089,102,0.5097,0.5541,0,0.6892,0,Bayes-M10-med
Kaziba,Sud-Kivu,1,FALSE,0.0027,0.0021,0.0035,0.0027,0.2545,125,0.0054,NA,NA,NA,NA,NA,NA,0.3571,0.0071,113,0.2876,0.7838,0,0.3571,0,Bayes-M10-med
Kitutu,Sud-Kivu,1,FALSE,0.0027,0.0021,0.0034,0.0027,0.2479,127,0.0052,NA,NA,NA,NA,NA,NA,0.5024,0.0097,96,0.751,0.805,0,0.4537,0,Bayes-M10-med
Shabunda,Sud-Kivu,1,FALSE,0.0027,0.0021,0.0034,0.0027,0.2496,126,0.0053,NA,NA,NA,NA,NA,NA,0.5922,0.0115,87,0.8378,0.8726,0,0.6583,0,Bayes-M10-med
Kimbi Lulenge,Sud-Kivu,1,FALSE,0.0026,0.002,0.0033,0.0026,0.2423,128,0.0051,NA,NA,NA,NA,NA,NA,0.5507,0.0104,91,0.8475,0.8687,0,0.4865,0,Bayes-M10-med
Bonzola,Kasaï-Oriental,1,FALSE,0.0025,0.0019,0.0031,0.0025,0.2281,130,0.0048,NA,NA,NA,NA,NA,NA,0.2958,0.0053,129,0.0927,0.7934,0,0.2973,0,Bayes-M10-med
Itebero,Nord-Kivu,1,FALSE,0.0025,0.0019,0.0031,0.0025,0.2283,129,0.0048,NA,NA,0.0424,22,NA,NA,0.5574,0.0099,94,0.9112,0.722,0,0.5965,0,Bayes-M10-med
Kalole,Sud-Kivu,1,FALSE,0.0024,0.0019,0.003,0.0024,0.2239,132,0.0047,NA,NA,NA,NA,NA,NA,0.6038,0.0105,89,0.89,0.7799,0,0.7452,0,Bayes-M10-med
Mwenga,Sud-Kivu,1,FALSE,0.0024,0.0019,0.0031,0.0025,0.228,131,0.0048,NA,NA,NA,NA,NA,NA,0.319,0.0057,125,0.5,0.3552,0,0.4208,0,Bayes-M10-med
Kamituga,Sud-Kivu,1,FALSE,0.0023,0.0018,0.003,0.0023,0.2168,133,0.0046,NA,NA,NA,NA,NA,NA,0.3596,0.0061,118,0.3938,0.6062,0,0.4382,0,Bayes-M10-med
Mulungu,Sud-Kivu,1,FALSE,0.0023,0.0018,0.0029,0.0023,0.2163,134,0.0046,NA,NA,NA,NA,NA,NA,0.5208,0.0088,103,0.861,0.5193,0,0.7027,0,Bayes-M10-med
Mbulula,Tanganyika,1,FALSE,0.0023,0.0018,0.0029,0.0023,0.2117,135,0.0045,NA,NA,NA,NA,NA,NA,0.5934,0.0098,95,0.6448,0.7761,0,0.9527,0,Bayes-M10-med
Djolu,Tshuapa,1,FALSE,0.0022,0.0017,0.0028,0.0022,0.2034,136,0.0043,NA,NA,NA,NA,NA,NA,0.5256,0.0083,107,0.7104,0.5985,0,0.7934,0,Bayes-M10-med
Kabalo,Tanganyika,1,FALSE,0.0021,0.0017,0.0027,0.0021,0.1994,137,0.0042,NA,NA,NA,NA,NA,NA,0.624,0.0097,97,0.9035,0.7568,0,0.8359,0,Bayes-M10-med
Kampene,Maniema,1,FALSE,0.002,0.0016,0.0026,0.002,0.1898,139,0.004,NA,NA,NA,NA,NA,NA,0.3962,0.0059,124,0.5251,0.1757,0,0.8842,0,Bayes-M10-med
Kalima,Maniema,1,FALSE,0.002,0.0016,0.0026,0.002,0.1905,138,0.004,NA,NA,NA,NA,NA,NA,0.3094,0.0046,142,0.4595,0.3205,0,0.4575,0,Bayes-M10-med
Yahuma,Tshopo,1,FALSE,0.002,0.0016,0.0026,0.002,0.1882,140,0.004,NA,NA,NA,NA,NA,NA,0.4402,0.0065,114,0.8649,0.332,0,0.5637,0,Bayes-M10-med
Kasansa,Kasaï-Oriental,1,FALSE,0.0019,0.0015,0.0024,0.0019,0.1773,143,0.0037,NA,NA,NA,NA,NA,NA,0.3349,0.0046,141,0.2568,0.6699,0,0.4131,0,Bayes-M10-med
Yambuku,Mongala,1,FALSE,0.0019,0.0015,0.0024,0.0019,0.1794,142,0.0038,NA,NA,NA,NA,NA,NA,0.4344,0.0061,117,0.5483,0.5753,0,0.6139,0,Bayes-M10-med
Nyunzu,Tanganyika,1,FALSE,0.0019,0.0015,0.0025,0.0019,0.18,141,0.0038,NA,NA,NA,NA,NA,NA,0.6023,0.0085,105,0.9653,0.834,0,0.61,0,Bayes-M10-med
Kananga,Kasaï-Central,1,FALSE,0.0018,0.0014,0.0023,0.0018,0.1702,144,0.0036,NA,NA,NA,NA,NA,NA,0.2963,0.0039,152,0.1429,0.5579,0,0.4846,0,Bayes-M10-med
Mulumba,Lomami,1,FALSE,0.0018,0.0014,0.0023,0.0018,0.1677,145,0.0035,NA,NA,NA,NA,NA,NA,0.2587,0.0034,169,0.1834,0.3108,0,0.5405,0,Bayes-M10-med
Punia,Maniema,1,FALSE,0.0018,0.0014,0.0023,0.0018,0.1672,146,0.0035,NA,NA,NA,NA,NA,NA,0.3731,0.0049,139,0.7625,0.1969,0,0.5328,0,Bayes-M10-med
Lodja,Sankuru,1,FALSE,0.0018,0.0014,0.0022,0.0018,0.1631,147,0.0034,NA,NA,NA,NA,NA,NA,0.4626,0.0059,123,0.2625,0.6351,0,0.9527,0,Bayes-M10-med
Ango,Bas-Uele,1,FALSE,0.0017,0.0013,0.0021,0.0017,0.1551,154,0.0033,NA,NA,NA,NA,NA,NA,0.7095,0.0086,104,1,0.8591,0,0.9788,0,Bayes-M10-med
Nzaba,Kasaï-Oriental,1,FALSE,0.0017,0.0014,0.0022,0.0017,0.1621,148,0.0034,NA,NA,NA,NA,NA,NA,0.278,0.0035,160,0.1042,0.6931,0,0.3147,0,Bayes-M10-med
Tshilenge,Kasaï-Oriental,1,FALSE,0.0017,0.0013,0.0021,0.0017,0.1553,153,0.0033,NA,NA,NA,NA,NA,NA,0.2799,0.0034,168,0.1892,0.668,0,0.2625,0,Bayes-M10-med
Lusangi,Maniema,1,FALSE,0.0017,0.0014,0.0022,0.0017,0.1619,149,0.0034,NA,NA,NA,NA,NA,NA,0.4223,0.0053,127,0.5656,0.2645,0,0.8591,0,Bayes-M10-med
Lulingu,Sud-Kivu,1,FALSE,0.0017,0.0013,0.0022,0.0017,0.161,150,0.0034,NA,NA,NA,NA,NA,NA,0.6158,0.0077,109,0.9093,0.8108,0,0.7432,0,Bayes-M10-med
Yahisuli,Tshopo,1,FALSE,0.0017,0.0013,0.0022,0.0017,0.1591,152,0.0034,NA,NA,NA,NA,NA,NA,0.3521,0.0044,144,0.3842,0.0714,0,0.9527,0,Bayes-M10-med
Manono,Tanganyika,1,FALSE,0.0017,0.0013,0.0022,0.0017,0.1592,151,0.0034,NA,NA,NA,NA,NA,NA,0.5758,0.0071,112,0.8784,0.9537,0,0.471,0,Bayes-M10-med
Aketi,Bas-Uele,1,FALSE,0.0016,0.0013,0.0021,0.0016,0.1504,156,0.0032,NA,NA,NA,NA,NA,NA,0.6762,0.0079,108,0.9903,0.9363,0,0.778,0,Bayes-M10-med
Kailo,Maniema,1,FALSE,0.0016,0.0013,0.002,0.0016,0.1499,157,0.0032,NA,NA,NA,NA,NA,NA,0.4276,0.005,134,0.832,0.0946,0,0.7838,0,Bayes-M10-med
Samba,Maniema,1,FALSE,0.0016,0.0013,0.0021,0.0016,0.1512,155,0.0032,NA,NA,NA,NA,NA,NA,0.5179,0.0061,116,0.7529,0.4344,0,0.8842,0,Bayes-M10-med
Haut Plateau,Sud-Kivu,1,FALSE,0.0016,0.0012,0.002,0.0016,0.1484,158,0.0031,NA,NA,NA,NA,NA,NA,0.5246,0.0061,119,0.5714,0.5444,0,0.9826,0,Bayes-M10-med
Minembwe,Sud-Kivu,1,FALSE,0.0016,0.0012,0.002,0.0016,0.1458,161,0.0031,NA,NA,NA,NA,NA,NA,0.5198,0.0059,121,0.7181,0.8089,0,0.5521,0,Bayes-M10-med
Opala,Tshopo,1,FALSE,0.0016,0.0012,0.002,0.0016,0.148,159,0.0031,NA,NA,NA,NA,NA,NA,0.4269,0.0049,137,0.7819,0.0792,0,0.8465,0,Bayes-M10-med
Moba,Tanganyika,1,FALSE,0.0016,0.0012,0.002,0.0016,0.1459,160,0.0031,NA,NA,NA,NA,NA,NA,0.3808,0.0043,145,0.6178,0.4942,0,0.4112,0,Bayes-M10-med
Bondo,Bas-Uele,1,FALSE,0.0015,0.0011,0.0019,0.0015,0.1367,166,0.0029,NA,NA,NA,NA,NA,NA,0.6737,0.0072,111,0.9961,0.9981,0,0.7008,0,Bayes-M10-med
Kabongo,Haut-Lomami,1,FALSE,0.0015,0.0012,0.0019,0.0015,0.1409,164,0.003,NA,NA,NA,NA,NA,NA,0.5372,0.0059,122,0.8108,0.778,0,0.5598,0,Bayes-M10-med
Luputa,Lomami,1,FALSE,0.0015,0.0012,0.0019,0.0015,0.1413,163,0.003,NA,NA,NA,NA,NA,NA,0.3431,0.0038,154,0.3301,0.3166,0,0.7259,0,Bayes-M10-med
Mweneditu,Lomami,1,FALSE,0.0015,0.0012,0.0019,0.0015,0.1413,162,0.003,NA,NA,NA,NA,NA,NA,0.2799,0.0031,179,0.166,0.3842,0,0.5695,0,Bayes-M10-med
Bumba,Mongala,1,FALSE,0.0015,0.0011,0.0019,0.0015,0.1357,167,0.0029,NA,NA,NA,NA,NA,NA,0.2384,0.0025,200,0.1409,0.4537,0,0.3591,0,Bayes-M10-med
Lolo,Mongala,1,FALSE,0.0015,0.0011,0.0019,0.0015,0.1376,165,0.0029,NA,NA,NA,NA,NA,NA,0.3161,0.0034,167,0.4073,0.3263,0,0.5309,0,Bayes-M10-med
Lubao,Lomami,1,FALSE,0.0014,0.0011,0.0018,0.0014,0.1295,168,0.0027,NA,NA,NA,NA,NA,NA,0.3982,0.004,151,0.6486,0.1525,0,0.7915,0,Bayes-M10-med
Kamina,Haut-Lomami,1,FALSE,0.0013,0.001,0.0016,0.0013,0.1192,171,0.0025,NA,NA,NA,NA,NA,NA,0.5164,0.0048,140,0.8301,0.8301,0,0.4054,0,Bayes-M10-med
Diulu,Kasaï-Oriental,1,FALSE,0.0013,0.001,0.0016,0.0013,0.1194,170,0.0025,NA,NA,NA,NA,NA,NA,0.2611,0.0024,206,0.0676,0.6448,0,0.332,0,Bayes-M10-med
Kabeya Kamwanga,Kasaï-Oriental,1,FALSE,0.0013,0.001,0.0017,0.0013,0.1252,169,0.0026,NA,NA,NA,NA,NA,NA,0.2968,0.0029,186,0.3224,0.3919,0,0.473,0,Bayes-M10-med
Malemba Nkulu,Haut-Lomami,1,FALSE,0.0012,9e-4,0.0015,0.0012,0.1086,177,0.0023,NA,NA,NA,NA,NA,NA,0.3895,0.0033,171,0.36870000000000003,0.7664,0,0.4228,0,Bayes-M10-med
Kaniama,Haut-Lomami,1,FALSE,0.0012,9e-4,0.0015,0.0012,0.1084,178,0.0023,NA,NA,NA,NA,NA,NA,0.582,0.0049,138,0.8533,0.6622,0,0.8127,0,Bayes-M10-med
Kitenge,Haut-Lomami,1,FALSE,0.0012,0.001,0.0016,0.0012,0.1151,173,0.0024,NA,NA,NA,NA,NA,NA,0.5729,0.0051,131,0.8668,0.8069,0,0.6178,0,Bayes-M10-med
Citenge,Kasaï-Oriental,1,FALSE,0.0012,9e-4,0.0015,0.0012,0.1077,179,0.0023,NA,NA,NA,NA,NA,NA,0.2321,0.0019,243,0.1583,0.4749,0,0.2954,0,Bayes-M10-med
Lukelenge,Kasaï-Oriental,1,FALSE,0.0012,0.001,0.0016,0.0012,0.1156,172,0.0024,NA,NA,NA,NA,NA,NA,0.2249,0.002,235,0.0811,0.5,0,0.3185,0,Bayes-M10-med
Ngandajika,Lomami,1,FALSE,0.0012,9e-4,0.0015,0.0012,0.109,176,0.0023,NA,NA,NA,NA,NA,NA,0.3465,0.0029,183,0.2124,0.4459,0,0.7278,0,Bayes-M10-med
Kabambare,Maniema,1,FALSE,0.0012,9e-4,0.0015,0.0012,0.1127,175,0.0024,NA,NA,NA,NA,NA,NA,0.3953,0.0035,162,0.8359,0.112,0,0.6332,0,Bayes-M10-med
Lingomo,Tshuapa,1,FALSE,0.0012,9e-4,0.0015,0.0012,0.1127,174,0.0024,NA,NA,NA,NA,NA,NA,0.5627,0.0049,136,0.8263,0.5869,0,0.8378,0,Bayes-M10-med
Kamwesha,Kasaï,1,FALSE,0.0011,8e-4,0.0013,0.0011,0.0983,188,0.0021,NA,NA,NA,NA,NA,NA,0.2732,0.0021,231,0.3456,0.2876,0,0.4595,0,Bayes-M10-med
Demba,Kasaï-Central,1,FALSE,0.0011,9e-4,0.0014,0.0011,0.1038,182,0.0022,NA,NA,NA,NA,NA,NA,0.4117,0.0033,170,0.4653,0.7143,0,0.4672,0,Bayes-M10-med
Mikalayi,Kasaï-Central,1,FALSE,0.0011,8e-4,0.0014,0.0011,0.1013,185,0.0021,NA,NA,NA,NA,NA,NA,0.3948,0.0031,178,0.4517,0.5811,0,0.5463,0,Bayes-M10-med
Bibanga,Kasaï-Oriental,1,FALSE,0.0011,8e-4,0.0014,0.0011,0.101,186,0.0021,NA,NA,NA,NA,NA,NA,0.2978,0.0023,216,0.3127,0.4884,0,0.39,0,Bayes-M10-med
Cilundu,Kasaï-Oriental,1,FALSE,0.0011,9e-4,0.0014,0.0011,0.1039,181,0.0022,NA,NA,NA,NA,NA,NA,0.221,0.0018,256,0.2317,0.3089,0,0.3436,0,Bayes-M10-med
Idiofa,Kwilu,1,FALSE,0.0011,9e-4,0.0014,0.0011,0.1037,183,0.0022,NA,NA,NA,NA,NA,NA,0.486,0.0039,153,0.4537,0.749,0,0.7413,0,Bayes-M10-med
Ludimbi Lukula,Lomami,1,FALSE,0.0011,8e-4,0.0013,0.0011,0.0983,189,0.0021,NA,NA,NA,NA,NA,NA,0.4513,0.0035,163,0.6931,0.3475,0,0.7645,0,Bayes-M10-med
Tshofa,Lomami,1,FALSE,0.0011,9e-4,0.0015,0.0011,0.1065,180,0.0022,NA,NA,NA,NA,NA,NA,0.4416,0.0037,156,0.6757,0.3514,0,0.7394,0,Bayes-M10-med
Kibombo,Maniema,1,FALSE,0.0011,8e-4,0.0014,0.0011,0.1003,187,0.0021,NA,NA,NA,NA,NA,NA,0.4614,0.0036,157,0.7452,0.1776,0,0.9228,0,Bayes-M10-med
Ikela,Tshuapa,1,FALSE,0.0011,8e-4,0.0014,0.0011,0.1017,184,0.0021,NA,NA,NA,NA,NA,NA,0.4633,0.0037,155,0.8147,0.1795,0,0.8591,0,Bayes-M10-med
Kansimba,Tanganyika,1,FALSE,0.0011,8e-4,0.0013,0.0011,0.0981,190,0.0021,NA,NA,NA,NA,NA,NA,0.5497,0.0042,147,0.9479,0.7741,0,0.4768,0,Bayes-M10-med
Tshikapa,Kasaï,1,FALSE,0.001,8e-4,0.0013,0.001,0.0971,192,0.002,NA,NA,NA,NA,NA,NA,0.3156,0.0024,212,0.2722,0.6506,0,0.3398,0,Bayes-M10-med
Dibindi,Kasaï-Oriental,1,FALSE,0.001,7e-4,0.0012,0.001,0.089,199,0.0019,NA,NA,NA,NA,NA,NA,0.1617,0.0011,323,0.0386,0.2954,0,0.3127,0,Bayes-M10-med
Lubilanji,Kasaï-Oriental,1,FALSE,0.001,8e-4,0.0013,0.001,0.0922,195,0.0019,NA,NA,NA,NA,NA,NA,0.1694,0.0012,308,0.0347,0.3398,0,0.3031,0,Bayes-M10-med
Kamana,Lomami,1,FALSE,0.001,7e-4,0.0012,0.001,0.0895,198,0.0019,NA,NA,NA,NA,NA,NA,0.2944,0.0021,233,0.5309,0.0174,0,0.6293,0,Bayes-M10-med
Kanda Kanda,Lomami,1,FALSE,0.001,8e-4,0.0013,0.001,0.0957,194,0.002,NA,NA,NA,NA,NA,NA,0.3012,0.0022,220,0.3185,0.1737,0,0.7124,0,Bayes-M10-med
Obokote,Maniema,1,FALSE,0.001,8e-4,0.0013,0.001,0.0917,196,0.0019,NA,NA,NA,NA,NA,NA,0.3209,0.0023,217,0.7239,0.0328,0,0.527,0,Bayes-M10-med
Itombwe,Sud-Kivu,1,FALSE,0.001,8e-4,0.0012,0.001,0.09,197,0.0019,NA,NA,NA,NA,NA,NA,0.5121,0.0036,158,0.8571,0.6737,0,0.5174,0,Bayes-M10-med
Gemena,Sud-Ubangi,1,FALSE,0.001,8e-4,0.0013,0.001,0.0965,193,0.002,NA,NA,NA,NA,NA,NA,0.3277,0.0025,204,0.1776,0.2741,0,0.8591,0,Bayes-M10-med
Boende,Tshuapa,1,FALSE,0.001,8e-4,0.0013,0.0011,0.0976,191,0.0021,NA,NA,NA,NA,NA,NA,0.4199,0.0032,173,0.6988,0.4807,0,0.5,0,Bayes-M10-med
Likati,Bas-Uele,1,FALSE,9e-4,7e-4,0.0011,9e-4,0.0807,218,0.0017,NA,NA,NA,NA,NA,NA,0.7124,0.0045,143,0.9942,0.971,0,0.8842,0,Bayes-M10-med
Luebo,Kasaï,1,FALSE,9e-4,7e-4,0.0012,9e-4,0.088,201,0.0019,NA,NA,NA,NA,NA,NA,0.4353,0.003,181,0.5232,0.5116,0,0.7066,0,Bayes-M10-med
Mweka,Kasaï,1,FALSE,9e-4,7e-4,0.0011,9e-4,0.0825,214,0.0017,NA,NA,NA,NA,NA,NA,0.5053,0.0033,172,0.4788,0.7239,0,0.8185,0,Bayes-M10-med
Bena Leka,Kasaï-Central,1,FALSE,9e-4,7e-4,0.0011,9e-4,0.0808,216,0.0017,NA,NA,NA,NA,NA,NA,0.4986,0.0031,177,0.6062,0.7162,0,0.6718,0,Bayes-M10-med
Luiza,Kasaï-Central,1,FALSE,9e-4,7e-4,0.0011,9e-4,0.0826,213,0.0017,NA,NA,NA,NA,NA,NA,0.4218,0.0027,193,0.4807,0.6293,0,0.5772,0,Bayes-M10-med
Masuika,Kasaï-Central,1,FALSE,9e-4,7e-4,0.0011,9e-4,0.0801,220,0.0017,NA,NA,NA,NA,NA,NA,0.3885,0.0024,208,0.3263,0.5618,0,0.666,0,Bayes-M10-med
Bipemba,Kasaï-Oriental,1,FALSE,9e-4,7e-4,0.0012,9e-4,0.0855,204,0.0018,NA,NA,NA,NA,NA,NA,0.1544,0.001,333,0.0618,0.2201,0,0.3359,0,Bayes-M10-med
Kansele,Kasaï-Oriental,1,FALSE,9e-4,7e-4,0.0011,9e-4,0.0839,208,0.0018,NA,NA,NA,NA,NA,NA,0.2437,0.0016,268,0.0541,0.5965,0,0.3243,0,Bayes-M10-med
Miabi,Kasaï-Oriental,1,FALSE,9e-4,7e-4,0.0012,9e-4,0.0853,205,0.0018,NA,NA,NA,NA,NA,NA,0.2838,0.0019,248,0.2297,0.6525,0,0.2529,0,Bayes-M10-med
Mpokolo,Kasaï-Oriental,1,FALSE,9e-4,7e-4,0.0011,9e-4,0.0833,211,0.0018,NA,NA,NA,NA,NA,NA,0.2901,0.0019,250,0.1255,0.6873,0,0.3475,0,Bayes-M10-med
Muya,Kasaï-Oriental,1,FALSE,9e-4,7e-4,0.0012,9e-4,0.0883,200,0.0019,NA,NA,NA,NA,NA,NA,0.2495,0.0017,261,0.0753,0.5888,0,0.334,0,Bayes-M10-med
Tshishimbi,Kasaï-Oriental,1,FALSE,9e-4,7e-4,0.0011,9e-4,0.0835,210,0.0018,NA,NA,NA,NA,NA,NA,0.1742,0.0011,318,0.1795,0.2471,0,0.2703,0,Bayes-M10-med
Kalambayi Kabanga,Lomami,1,FALSE,9e-4,7e-4,0.0011,9e-4,0.0827,212,0.0017,NA,NA,NA,NA,NA,NA,0.3132,0.002,236,0.4556,0.1602,0,0.6371,0,Bayes-M10-med
Kalenda,Lomami,1,FALSE,9e-4,7e-4,0.0012,9e-4,0.0871,202,0.0018,NA,NA,NA,NA,NA,NA,0.2886,0.002,241,0.388,0.1873,0,0.5792,0,Bayes-M10-med
Alunguli,Maniema,1,FALSE,9e-4,7e-4,0.0011,9e-4,0.0808,217,0.0017,NA,NA,NA,NA,NA,NA,0.3132,0.002,240,0.1737,0.195,0,0.8842,0,Bayes-M10-med
Yamongili,Mongala,1,FALSE,9e-4,7e-4,0.0011,9e-4,0.0835,209,0.0018,NA,NA,NA,NA,NA,NA,0.3243,0.0021,229,0.5116,0.3668,0,0.4189,0,Bayes-M10-med
Katako Kombe,Sankuru,1,FALSE,9e-4,7e-4,0.0012,9e-4,0.0865,203,0.0018,NA,NA,NA,NA,NA,NA,0.4703,0.0032,174,0.7857,0.1313,0,0.9643,0,Bayes-M10-med
Vanga Kete,Sankuru,1,FALSE,9e-4,7e-4,0.0011,9e-4,0.0817,215,0.0017,NA,NA,NA,NA,NA,NA,0.4503,0.0029,188,0.4672,0.4112,0,0.9228,0,Bayes-M10-med
Lowa,Tshopo,1,FALSE,9e-4,7e-4,0.0011,9e-4,0.0801,221,0.0017,NA,NA,NA,NA,NA,NA,0.4073,0.0025,198,0.8938,0.0598,0,0.6757,0,Bayes-M10-med
Yalimbongo,Tshopo,1,FALSE,9e-4,7e-4,0.0012,9e-4,0.0849,206,0.0018,NA,NA,NA,NA,NA,NA,0.3214,0.0021,228,0.5772,0.0483,0,0.6602,0,Bayes-M10-med
Mondombe,Tshuapa,1,FALSE,9e-4,7e-4,0.0011,9e-4,0.0842,207,0.0018,NA,NA,NA,NA,NA,NA,0.4797,0.0031,176,0.6622,0.3726,0,0.8842,0,Bayes-M10-med
Kiambi,Tanganyika,1,FALSE,9e-4,7e-4,0.0011,9e-4,0.0805,219,0.0017,NA,NA,NA,NA,NA,NA,0.5709,0.0036,159,0.9807,0.6834,0,0.6197,0,Bayes-M10-med
Bili (Bas-Uele),Bas-Uele,1,FALSE,8e-4,6e-4,0.001,8e-4,0.0753,226,0.0016,NA,NA,NA,NA,NA,NA,0.6926,0.0041,149,0.9981,0.7992,0,0.973,0,Bayes-M10-med
Bukama,Haut-Lomami,1,FALSE,8e-4,6e-4,0.001,8e-4,0.0761,224,0.0016,NA,NA,NA,NA,NA,NA,0.4764,0.0028,190,0.7143,0.7625,0,0.4286,0,Bayes-M10-med
Mulongo,Haut-Lomami,1,FALSE,8e-4,6e-4,0.001,8e-4,0.076,225,0.0016,NA,NA,NA,NA,NA,NA,0.4773,0.0028,189,0.7471,0.7703,0,0.3919,0,Bayes-M10-med
Dibaya,Kasaï-Central,1,FALSE,8e-4,6e-4,0.001,8e-4,0.0699,238,0.0015,NA,NA,NA,NA,NA,NA,0.3325,0.0018,255,0.3147,0.4479,0,0.5676,0,Bayes-M10-med
Tshikaji,Kasaï-Central,1,FALSE,8e-4,6e-4,0.001,8e-4,0.0704,235,0.0015,NA,NA,NA,NA,NA,NA,0.3195,0.0018,260,0.1873,0.5849,0,0.5058,0,Bayes-M10-med
Mukumbi,Kasaï-Oriental,1,FALSE,8e-4,6e-4,0.001,8e-4,0.0702,236,0.0015,NA,NA,NA,NA,NA,NA,0.2249,0.0012,304,0.2413,0.1892,0,0.4691,0,Bayes-M10-med
Lusanga,Kwilu,1,FALSE,8e-4,6e-4,0.001,8e-4,0.0752,227,0.0016,NA,NA,NA,NA,NA,NA,0.4242,0.0025,201,0.4382,0.7297,0,0.529,0,Bayes-M10-med
Fungurume,Lualaba,1,FALSE,8e-4,6e-4,0.001,8e-4,0.0741,229,0.0016,NA,NA,NA,NA,NA,NA,0.1564,9e-4,347,0.2664,0.1622,0,0.1969,0,Bayes-M10-med
Ferekeni,Maniema,1,FALSE,8e-4,7e-4,0.0011,8e-4,0.0789,222,0.0017,NA,NA,NA,NA,NA,NA,0.3504,0.0022,225,0.7722,0.0425,0,0.5869,0,Bayes-M10-med
Karawa,Nord-Ubangi,1,FALSE,8e-4,6e-4,0.001,8e-4,0.0702,237,0.0015,NA,NA,NA,NA,NA,NA,0.6404,0.0035,161,0.7568,0.973,0,0.832,0,Bayes-M10-med
Omendjadi,Sankuru,1,FALSE,8e-4,6e-4,0.001,8e-4,0.0748,228,0.0016,NA,NA,NA,NA,NA,NA,0.4262,0.0025,202,0.5502,0.2317,0,0.9228,0,Bayes-M10-med
Dikungu,Sankuru,1,FALSE,8e-4,6e-4,0.001,8e-4,0.0738,230,0.0016,NA,NA,NA,NA,NA,NA,0.3779,0.0022,223,0.4865,0.1409,0,0.8842,0,Bayes-M10-med
Minga,Sankuru,1,FALSE,8e-4,6e-4,0.001,8e-4,0.0736,231,0.0016,NA,NA,NA,NA,NA,NA,0.5347,0.0031,180,0.7838,0.471,0,0.8842,0,Bayes-M10-med
Tshumbe,Sankuru,1,FALSE,8e-4,7e-4,0.0011,8e-4,0.0785,223,0.0017,NA,NA,NA,NA,NA,NA,0.3907,0.0024,211,0.5444,0.1718,0,0.8465,0,Bayes-M10-med
Basali,Tshopo,1,FALSE,8e-4,6e-4,0.001,8e-4,0.0731,232,0.0015,NA,NA,NA,NA,NA,NA,0.3779,0.0022,226,0.834,0.0251,0,0.6525,0,Bayes-M10-med
Bokungu,Tshuapa,1,FALSE,8e-4,6e-4,0.001,8e-4,0.0706,234,0.0015,NA,NA,NA,NA,NA,NA,0.49370000000000003,0.0027,192,0.695,0.3571,0,0.9228,0,Bayes-M10-med
Ankoro,Tanganyika,1,FALSE,8e-4,6e-4,0.001,8e-4,0.0719,233,0.0015,NA,NA,NA,NA,NA,NA,0.6047,0.0034,166,0.9266,0.8282,0,0.6641,0,Bayes-M10-med
Kabondo Dianda,Haut-Lomami,1,FALSE,7e-4,5e-4,8e-4,7e-4,0.0619,256,0.0013,NA,NA,NA,NA,NA,NA,0.4107,0.002,239,0.5888,0.5714,0,0.4826,0,Bayes-M10-med
Mukanga,Haut-Lomami,1,FALSE,7e-4,5e-4,8e-4,7e-4,0.062,255,0.0013,NA,NA,NA,NA,NA,NA,0.4739,0.0023,218,0.6853,0.6911,0,0.5193,0,Bayes-M10-med
Kalonda Ouest,Kasaï,1,FALSE,7e-4,6e-4,9e-4,7e-4,0.0671,245,0.0014,NA,NA,NA,NA,NA,NA,0.2239,0.0012,312,0.2915,0.251,0,0.3533,0,Bayes-M10-med
Katende,Kasaï-Central,1,FALSE,7e-4,5e-4,9e-4,7e-4,0.0629,252,0.0013,NA,NA,NA,NA,NA,NA,0.5154,0.0025,199,0.6525,0.6486,0,0.7606,0,Bayes-M10-med
Lukonga,Kasaï-Central,1,FALSE,7e-4,5e-4,8e-4,7e-4,0.0615,259,0.0013,NA,NA,NA,NA,NA,NA,0.3282,0.0016,272,0.2239,0.6429,0,0.4459,0,Bayes-M10-med
Ndekesha,Kasaï-Central,1,FALSE,7e-4,5e-4,9e-4,7e-4,0.0649,248,0.0014,NA,NA,NA,NA,NA,NA,0.4059,0.0021,234,0.4768,0.4498,0,0.6969,0,Bayes-M10-med
Luambo,Kasaï-Central,1,FALSE,7e-4,5e-4,9e-4,7e-4,0.0629,251,0.0013,NA,NA,NA,NA,NA,NA,0.3769,0.0018,252,0.5347,0.5656,0,0.4073,0,Bayes-M10-med
Kenge,Kwango,1,FALSE,7e-4,5e-4,9e-4,7e-4,0.0638,249,0.0013,NA,NA,NA,NA,NA,NA,0.5574,0.0028,191,0.6139,0.8127,0,0.8031,0,Bayes-M10-med
Vanga,Kwilu,1,FALSE,7e-4,6e-4,9e-4,7e-4,0.0675,243,0.0014,NA,NA,NA,NA,NA,NA,0.5034,0.0026,194,0.3726,0.8205,0,0.8205,0,Bayes-M10-med
Bulungu,Kwilu,1,FALSE,7e-4,6e-4,9e-4,7e-4,0.0686,240,0.0014,NA,NA,NA,NA,NA,NA,0.4508,0.0024,210,0.3571,0.6795,0,0.7664,0,Bayes-M10-med
Gungu,Kwilu,1,FALSE,7e-4,5e-4,9e-4,7e-4,0.0633,250,0.0013,NA,NA,NA,NA,NA,NA,0.4237,0.0021,232,0.5058,0.6969,0,0.4923,0,Bayes-M10-med
Kikwit Nord,Kwilu,1,FALSE,7e-4,5e-4,9e-4,7e-4,0.0626,253,0.0013,NA,NA,NA,NA,NA,NA,0.2915,0.0014,283,0.1236,0.5405,0,0.5019,0,Bayes-M10-med
Koshibanda,Kwilu,1,FALSE,7e-4,5e-4,8e-4,7e-4,0.0617,258,0.0013,NA,NA,NA,NA,NA,NA,0.4913,0.0024,215,0.5193,0.6757,0,0.7703,0,Bayes-M10-med
Mukedi,Kwilu,1,FALSE,7e-4,6e-4,9e-4,7e-4,0.068,242,0.0014,NA,NA,NA,NA,NA,NA,0.4836,0.0026,197,0.5367,0.7066,0,0.6911,0,Bayes-M10-med
Kalonda Est,Lomami,1,FALSE,7e-4,6e-4,9e-4,7e-4,0.0659,246,0.0014,NA,NA,NA,NA,NA,NA,0.3292,0.0017,263,0.5425,0.1506,0,0.6236,0,Bayes-M10-med
Dilala,Lualaba,1,FALSE,7e-4,6e-4,9e-4,7e-4,0.0672,244,0.0014,NA,NA,NA,NA,NA,NA,0.1347,7e-4,377,0.1506,0.2548,0,0.1332,0,Bayes-M10-med
Pangi,Maniema,1,FALSE,7e-4,5e-4,9e-4,7e-4,0.0656,247,0.0014,NA,NA,NA,NA,NA,NA,0.3316,0.0017,262,0.6081,0.056,0,0.6622,0,Bayes-M10-med
Ototo,Sankuru,1,FALSE,7e-4,6e-4,9e-4,7e-4,0.0682,241,0.0014,NA,NA,NA,NA,NA,NA,0.4561,0.0024,209,0.5386,0.3629,0,0.9228,0,Bayes-M10-med
Wembo Nyama,Sankuru,1,FALSE,7e-4,5e-4,8e-4,7e-4,0.0623,254,0.0013,NA,NA,NA,NA,NA,NA,0.4097,0.002,237,0.5019,0.2143,0,0.9228,0,Bayes-M10-med
Bwamanda,Sud-Ubangi,1,FALSE,7e-4,5e-4,8e-4,7e-4,0.0617,257,0.0013,NA,NA,NA,NA,NA,NA,0.4667,0.0022,221,0.4189,0.7394,0,0.7085,0,Bayes-M10-med
Yalifafu,Tshuapa,1,FALSE,7e-4,6e-4,9e-4,7e-4,0.0686,239,0.0014,NA,NA,NA,NA,NA,NA,0.4797,0.0026,196,0.7664,0.2683,0,0.8842,0,Bayes-M10-med
Monga,Bas-Uele,1,FALSE,6e-4,4e-4,7e-4,6e-4,0.0518,272,0.0011,NA,NA,NA,NA,NA,NA,0.7336,0.003,182,0.9826,0.9672,0,0.9846,0,Bayes-M10-med
Kampemba,Haut-Katanga,1,FALSE,6e-4,5e-4,7e-4,6e-4,0.0546,268,0.0012,NA,NA,NA,NA,NA,NA,0.0531,2e-4,449,0.0598,0.0367,0,0.1158,0,Bayes-M10-med
Kilwa,Haut-Katanga,1,FALSE,6e-4,4e-4,7e-4,6e-4,0.0516,274,0.0011,NA,NA,NA,NA,NA,NA,0.3764,0.0015,274,0.749,0.39,0,0.3668,0,Bayes-M10-med
Sakania,Haut-Katanga,1,FALSE,6e-4,4e-4,7e-4,6e-4,0.0514,276,0.0011,NA,NA,NA,NA,NA,NA,0.2775,0.0011,325,0.7375,0.2355,0,0.1371,0,Bayes-M10-med
Ilebo,Kasaï,1,FALSE,6e-4,4e-4,7e-4,6e-4,0.0534,271,0.0011,NA,NA,NA,NA,NA,NA,0.3142,0.0013,293,0.2162,0.6139,0,0.4266,0,Bayes-M10-med
Kanzala,Kasaï,1,FALSE,6e-4,5e-4,8e-4,6e-4,0.0577,264,0.0012,NA,NA,NA,NA,NA,NA,0.2046,9e-4,345,0.168,0.3127,0,0.3378,0,Bayes-M10-med
Tshibala,Kasaï-Central,1,FALSE,6e-4,4e-4,7e-4,6e-4,0.0535,270,0.0011,NA,NA,NA,NA,NA,NA,0.4218,0.0018,259,0.4266,0.5772,0,0.6834,0,Bayes-M10-med
Yangala,Kasaï-Central,1,FALSE,6e-4,5e-4,8e-4,6e-4,0.0556,267,0.0012,NA,NA,NA,NA,NA,NA,0.348,0.0015,276,0.5927,0.2259,0,0.5734,0,Bayes-M10-med
Makota,Lomami,1,FALSE,6e-4,5e-4,8e-4,6e-4,0.0582,263,0.0012,NA,NA,NA,NA,NA,NA,0.2587,0.0012,311,0.1023,0.3764,0,0.556,0,Bayes-M10-med
Tunda,Maniema,1,FALSE,6e-4,5e-4,8e-4,6e-4,0.0585,262,0.0012,NA,NA,NA,NA,NA,NA,0.459,0.0021,230,0.8977,0.0541,0,0.8842,0,Bayes-M10-med
Binga,Mongala,1,FALSE,6e-4,4e-4,7e-4,6e-4,0.0517,273,0.0011,NA,NA,NA,NA,NA,NA,0.3306,0.0013,288,0.4749,0.249,0,0.5985,0,Bayes-M10-med
Bosondjo,Mongala,1,FALSE,6e-4,5e-4,8e-4,7e-4,0.0605,260,0.0013,NA,NA,NA,NA,NA,NA,0.3489,0.0016,265,0.5618,0.1931,0,0.6409,0,Bayes-M10-med
Pimu,Mongala,1,FALSE,6e-4,5e-4,8e-4,6e-4,0.0588,261,0.0012,NA,NA,NA,NA,NA,NA,0.4257,0.002,242,0.583,0.3707,0,0.749,0,Bayes-M10-med
Yakoma,Nord-Ubangi,1,FALSE,6e-4,5e-4,8e-4,6e-4,0.0564,265,0.0012,NA,NA,NA,NA,NA,NA,0.6641,0.0029,184,0.7124,0.9479,0,0.9961,0,Bayes-M10-med
Lomela,Sankuru,1,FALSE,6e-4,4e-4,7e-4,6e-4,0.0535,269,0.0011,NA,NA,NA,NA,NA,NA,0.4759,0.002,238,0.8456,0.1351,0,0.9228,0,Bayes-M10-med
Tandala,Sud-Ubangi,1,FALSE,6e-4,5e-4,8e-4,6e-4,0.0556,266,0.0012,NA,NA,NA,NA,NA,NA,0.4078,0.0018,258,0.2741,0.527,0,0.8301,0,Bayes-M10-med
Mompono,Tshuapa,1,FALSE,6e-4,4e-4,7e-4,6e-4,0.0516,275,0.0011,NA,NA,NA,NA,NA,NA,0.5598,0.0023,219,0.8089,0.6042,0,0.8263,0,Bayes-M10-med
Basankusu,Equateur,1,FALSE,5e-4,4e-4,6e-4,5e-4,0.0455,292,0.001,NA,NA,NA,NA,NA,NA,0.6844,0.0024,207,0.9517,0.8629,0,0.9228,0,Bayes-M10-med
Bolomba,Equateur,1,FALSE,5e-4,4e-4,6e-4,5e-4,0.0443,302,9e-4,NA,NA,NA,NA,NA,NA,0.6163,0.0021,227,0.9575,0.8533,0,0.6544,0,Bayes-M10-med
Kambove,Haut-Katanga,1,FALSE,5e-4,4e-4,6e-4,5e-4,0.0473,285,0.001,NA,NA,NA,NA,NA,NA,0.306,0.0011,320,0.4247,0.6236,0,0.1757,0,Bayes-M10-med
Kapolowe,Haut-Katanga,1,FALSE,5e-4,4e-4,6e-4,5e-4,0.0463,288,0.001,NA,NA,NA,NA,NA,NA,0.3026,0.0011,327,0.5579,0.444,0,0.2085,0,Bayes-M10-med
Kisanga,Haut-Katanga,1,FALSE,5e-4,4e-4,6e-4,5e-4,0.0442,303,9e-4,NA,NA,NA,NA,NA,NA,0.1081,4e-4,426,0.1293,0.2008,0,0.1023,0,Bayes-M10-med
Pweto,Haut-Katanga,1,FALSE,5e-4,4e-4,7e-4,5e-4,0.0502,278,0.0011,NA,NA,NA,NA,NA,NA,0.3518,0.0014,286,0.7992,0.2587,0,0.3494,0,Bayes-M10-med
Ruashi,Haut-Katanga,1,FALSE,5e-4,4e-4,7e-4,5e-4,0.0487,281,0.001,NA,NA,NA,NA,NA,NA,0.0705,3e-4,442,0.0985,0.0637,0,0.1197,0,Bayes-M10-med
Kinkondja,Haut-Lomami,1,FALSE,5e-4,4e-4,6e-4,5e-4,0.0423,311,9e-4,NA,NA,NA,NA,NA,NA,0.4889,0.0016,267,0.7278,0.6274,0,0.6004,0,Bayes-M10-med
Kakenge,Kasaï,1,FALSE,5e-4,4e-4,6e-4,5e-4,0.0428,308,9e-4,NA,NA,NA,NA,NA,NA,0.4522,0.0015,275,0.5753,0.4788,0,0.7548,0,Bayes-M10-med
Ndjoko Mpunda,Kasaï,1,FALSE,5e-4,4e-4,6e-4,5e-4,0.0452,294,0.001,NA,NA,NA,NA,NA,NA,0.333,0.0012,310,0.3977,0.2915,0,0.6429,0,Bayes-M10-med
Kamonia,Kasaï,1,FALSE,5e-4,4e-4,6e-4,5e-4,0.0456,291,0.001,NA,NA,NA,NA,NA,NA,0.14,5e-4,413,0.3707,0.11,0,0.0792,0,Bayes-M10-med
Katoka,Kasaï-Central,1,FALSE,5e-4,4e-4,6e-4,5e-4,0.0473,286,0.001,NA,NA,NA,NA,NA,NA,0.2645,0.001,341,0.1216,0.473,0,0.4633,0,Bayes-M10-med
Muetshi,Kasaï-Central,1,FALSE,5e-4,4e-4,6e-4,5e-4,0.0449,296,9e-4,NA,NA,NA,NA,NA,NA,0.4792,0.0017,264,0.6158,0.5386,0,0.7625,0,Bayes-M10-med
Tshikula,Kasaï-Central,1,FALSE,5e-4,4e-4,7e-4,5e-4,0.0483,282,0.001,NA,NA,NA,NA,NA,NA,0.3296,0.0012,299,0.3919,0.3185,0,0.6081,0,Bayes-M10-med
Matadi,Kongo-Central,1,FALSE,5e-4,4e-4,6e-4,5e-4,0.0449,298,9e-4,NA,NA,NA,NA,NA,NA,0.2939,0.001,334,0.1564,0.944,0,0.0753,0,Bayes-M10-med
Djuma,Kwilu,1,FALSE,5e-4,4e-4,6e-4,5e-4,0.0446,299,9e-4,NA,NA,NA,NA,NA,NA,0.5256,0.0018,254,0.4826,0.7355,0,0.8842,0,Bayes-M10-med
Ipamu,Kwilu,1,FALSE,5e-4,4e-4,7e-4,5e-4,0.051,277,0.0011,NA,NA,NA,NA,NA,NA,0.5454,0.0022,224,0.4903,0.7683,0,0.9228,0,Bayes-M10-med
Kikwit Sud,Kwilu,1,FALSE,5e-4,4e-4,7e-4,5e-4,0.0494,280,0.001,NA,NA,NA,NA,NA,NA,0.3282,0.0013,297,0.1313,0.7008,0,0.4807,0,Bayes-M10-med
Masi Manimba,Kwilu,1,FALSE,5e-4,4e-4,6e-4,5e-4,0.0434,307,9e-4,NA,NA,NA,NA,NA,NA,0.4281,0.0014,278,0.332,0.4961,0,0.8842,0,Bayes-M10-med
Yasa Bonga,Kwilu,1,FALSE,5e-4,4e-4,7e-4,5e-4,0.048,284,0.001,NA,NA,NA,NA,NA,NA,0.4206,0.0016,271,0.3031,0.5328,0,0.8465,0,Bayes-M10-med
Kasaji,Lualaba,1,FALSE,5e-4,4e-4,6e-4,5e-4,0.0453,293,0.001,NA,NA,NA,NA,NA,NA,0.4648,0.0016,266,0.8552,0.4923,0,0.5116,0,Bayes-M10-med
Lualaba,Lualaba,1,FALSE,5e-4,4e-4,6e-4,5e-4,0.0464,287,0.001,NA,NA,NA,NA,NA,NA,0.1404,5e-4,411,0.3552,0.0347,0,0.1718,0,Bayes-M10-med
Boso Manzi,Mongala,1,FALSE,5e-4,4e-4,6e-4,5e-4,0.0428,309,9e-4,NA,NA,NA,NA,NA,NA,0.3982,0.0013,290,0.5695,0.2278,0,0.7954,0,Bayes-M10-med
Abuzi,Nord-Ubangi,1,FALSE,5e-4,4e-4,6e-4,5e-4,0.044,305,9e-4,NA,NA,NA,NA,NA,NA,0.7153,0.0025,205,0.9846,0.9054,0,0.971,0,Bayes-M10-med
Bosobolo,Nord-Ubangi,1,FALSE,5e-4,4e-4,6e-4,5e-4,0.0444,301,9e-4,NA,NA,NA,NA,NA,NA,0.7148,0.0025,203,0.9363,0.9459,0,0.9768,0,Bayes-M10-med
Gbadolite,Nord-Ubangi,1,FALSE,5e-4,4e-4,7e-4,5e-4,0.048,283,0.001,NA,NA,NA,NA,NA,NA,0.5183,0.0019,244,0.7915,0.9653,0,0.3166,0,Bayes-M10-med
Mobayi Mbongo,Nord-Ubangi,1,FALSE,5e-4,4e-4,6e-4,5e-4,0.0449,297,9e-4,NA,NA,NA,NA,NA,NA,0.5458,0.0019,245,0.9324,0.8166,0,0.4344,0,Bayes-M10-med
Wapinda,Nord-Ubangi,1,FALSE,5e-4,4e-4,6e-4,5e-4,0.045,295,9e-4,NA,NA,NA,NA,NA,NA,0.6791,0.0024,214,0.9015,0.8398,0,0.9749,0,Bayes-M10-med
Bena Dibele,Sankuru,1,FALSE,5e-4,4e-4,6e-4,5e-4,0.0441,304,9e-4,NA,NA,NA,NA,NA,NA,0.4093,0.0014,284,0.6216,0.1564,0,0.8591,0,Bayes-M10-med
Djalo Ndjeka,Sankuru,1,FALSE,5e-4,4e-4,6e-4,5e-4,0.0436,306,9e-4,NA,NA,NA,NA,NA,NA,0.3378,0.0012,316,0.3591,0.0695,0,0.9228,0,Bayes-M10-med
Kole,Sankuru,1,FALSE,5e-4,4e-4,6e-4,5e-4,0.0423,310,9e-4,NA,NA,NA,NA,NA,NA,0.4802,0.0016,269,0.7761,0.2606,0,0.8842,0,Bayes-M10-med
Lusambo,Sankuru,1,FALSE,5e-4,4e-4,7e-4,5e-4,0.05,279,0.0011,NA,NA,NA,NA,NA,NA,0.4833,0.0019,249,0.6815,0.2992,0,0.9527,0,Bayes-M10-med
Bogosenubea,Sud-Ubangi,1,FALSE,5e-4,4e-4,6e-4,5e-4,0.0445,300,9e-4,NA,NA,NA,NA,NA,NA,0.4107,0.0014,281,0.4981,0.3031,0,0.8417,0,Bayes-M10-med
Libenge,Sud-Ubangi,1,FALSE,5e-4,4e-4,6e-4,5e-4,0.0459,290,0.001,NA,NA,NA,NA,NA,NA,0.3818,0.0014,287,0.6293,0.3591,0,0.5386,0,Bayes-M10-med
Befale,Tshuapa,1,FALSE,5e-4,4e-4,6e-4,5e-4,0.0462,289,0.001,NA,NA,NA,NA,NA,NA,0.5145,0.0019,251,0.8822,0.4903,0,0.6853,0,Bayes-M10-med
Likasi,Haut-Katanga,1,FALSE,4e-4,3e-4,5e-4,4e-4,0.0367,323,8e-4,NA,NA,NA,NA,NA,NA,0.1728,5e-4,414,0.112,0.4208,0,0.1583,0,Bayes-M10-med
Mufunga Sampwe,Haut-Katanga,1,FALSE,4e-4,3e-4,5e-4,4e-4,0.0349,330,7e-4,NA,NA,NA,NA,NA,NA,0.3774,0.001,335,0.8185,0.0888,0,0.6023,0,Bayes-M10-med
Lwamba,Haut-Lomami,1,FALSE,4e-4,3e-4,5e-4,4e-4,0.0348,331,7e-4,NA,NA,NA,NA,NA,NA,0.4865,0.0013,291,0.8069,0.6409,0,0.4981,0,Bayes-M10-med
Songa,Haut-Lomami,1,FALSE,4e-4,3e-4,5e-4,4e-4,0.0344,333,7e-4,NA,NA,NA,NA,NA,NA,0.473,0.0013,296,0.9344,0.3533,0,0.6042,0,Bayes-M10-med
Mikope,Kasaï,1,FALSE,4e-4,3e-4,5e-4,4e-4,0.0364,326,8e-4,NA,NA,NA,NA,NA,NA,0.3996,0.0011,319,0.6776,0.2703,0,0.6506,0,Bayes-M10-med
Bilomba,Kasaï-Central,1,FALSE,4e-4,3e-4,6e-4,4e-4,0.0404,314,9e-4,NA,NA,NA,NA,NA,NA,0.4006,0.0013,298,0.3378,0.4421,0,0.8224,0,Bayes-M10-med
Lubondaie,Kasaï-Central,1,FALSE,4e-4,3e-4,5e-4,4e-4,0.0364,325,8e-4,NA,NA,NA,NA,NA,NA,0.3147,9e-4,348,0.3822,0.1583,0,0.7181,0,Bayes-M10-med
Lubunga (Kasaï-Central),Kasaï-Central,1,FALSE,4e-4,3e-4,5e-4,4e-4,0.04,315,8e-4,NA,NA,NA,NA,NA,NA,0.4599,0.0014,279,0.5637,0.4653,0,0.8108,0,Bayes-M10-med
Muanda,Kongo-Central,1,FALSE,4e-4,3e-4,5e-4,4e-4,0.0389,318,8e-4,NA,NA,NA,NA,NA,NA,0.4093,0.0012,300,0.6371,1,0,0,0,Bayes-M10-med
Kisantu,Kongo-Central,1,FALSE,4e-4,3e-4,5e-4,4e-4,0.0394,316,8e-4,NA,NA,NA,NA,NA,NA,0.418,0.0013,295,0.5039,0.9903,0,0.1776,0,Bayes-M10-med
Bagata,Kwilu,1,FALSE,4e-4,3e-4,4e-4,4e-4,0.033,337,7e-4,NA,NA,NA,NA,NA,NA,0.5135,0.0013,292,0.6795,0.695,0,0.6795,0,Bayes-M10-med
Bandundu,Kwilu,1,FALSE,4e-4,3e-4,5e-4,4e-4,0.0334,336,7e-4,NA,NA,NA,NA,NA,NA,0.3364,9e-4,350,0.3436,0.751,0,0.251,0,Bayes-M10-med
Mokala,Kwilu,1,FALSE,4e-4,3e-4,5e-4,4e-4,0.0381,321,8e-4,NA,NA,NA,NA,NA,NA,0.5118,0.0015,273,0.4228,0.6718,0,0.9527,0,Bayes-M10-med
Pay Kongila,Kwilu,1,FALSE,4e-4,3e-4,5e-4,4e-4,0.0334,335,7e-4,NA,NA,NA,NA,NA,NA,0.4488,0.0012,313,0.5135,0.6467,0,0.6351,0,Bayes-M10-med
Kamiji,Lomami,1,FALSE,4e-4,3e-4,5e-4,4e-4,0.0383,320,8e-4,NA,NA,NA,NA,NA,NA,0.2635,8e-4,372,0.3398,0.1293,0,0.5849,0,Bayes-M10-med
Wikong,Lomami,1,FALSE,4e-4,3e-4,6e-4,4e-4,0.0407,313,9e-4,NA,NA,NA,NA,NA,NA,0.3663,0.0012,314,0.2529,0.4228,0,0.7896,0,Bayes-M10-med
Kapanga,Lualaba,1,FALSE,4e-4,3e-4,5e-4,4e-4,0.0384,319,8e-4,NA,NA,NA,NA,NA,NA,0.4112,0.0012,303,0.8514,0.3938,0,0.3996,0,Bayes-M10-med
Kanzenze,Lualaba,1,FALSE,4e-4,3e-4,4e-4,4e-4,0.0327,338,7e-4,NA,NA,NA,NA,NA,NA,0.2389,6e-4,397,0.6255,0.1429,0,0.1873,0,Bayes-M10-med
Bili (Nord-Ubangi),Nord-Ubangi,1,FALSE,4e-4,3e-4,6e-4,4e-4,0.0407,312,9e-4,NA,NA,NA,NA,NA,NA,0.7075,0.0022,222,0.9247,0.9189,0,0.9865,0,Bayes-M10-med
Businga,Nord-Ubangi,1,FALSE,4e-4,3e-4,5e-4,4e-4,0.0335,334,7e-4,NA,NA,NA,NA,NA,NA,0.6781,0.0018,257,0.9286,0.861,0,0.9228,0,Bayes-M10-med
Loko,Nord-Ubangi,1,FALSE,4e-4,3e-4,5e-4,4e-4,0.0374,322,8e-4,NA,NA,NA,NA,NA,NA,0.6535,0.0019,247,0.9402,0.9266,0,0.7471,0,Bayes-M10-med
Wasolo,Nord-Ubangi,1,FALSE,4e-4,3e-4,5e-4,4e-4,0.0355,328,7e-4,NA,NA,NA,NA,NA,NA,0.5709,0.0016,270,0.5541,0.7413,0,0.9884,0,Bayes-M10-med
Pania Mutombo,Sankuru,1,FALSE,4e-4,3e-4,5e-4,4e-4,0.0345,332,7e-4,NA,NA,NA,NA,NA,NA,0.4117,0.0011,326,0.7413,0.1236,0,0.7819,0,Bayes-M10-med
Budjala,Sud-Ubangi,1,FALSE,4e-4,3e-4,5e-4,4e-4,0.0366,324,8e-4,NA,NA,NA,NA,NA,NA,0.43,0.0012,306,0.5154,0.4035,0,0.8012,0,Bayes-M10-med
Bulu,Sud-Ubangi,1,FALSE,4e-4,3e-4,5e-4,4e-4,0.0355,329,7e-4,NA,NA,NA,NA,NA,NA,0.3147,9e-4,351,0.3649,0.1988,0,0.695,0,Bayes-M10-med
Kungu,Sud-Ubangi,1,FALSE,4e-4,3e-4,5e-4,4e-4,0.0363,327,8e-4,NA,NA,NA,NA,NA,NA,0.3711,0.0011,332,0.3745,0.3359,0,0.7741,0,Bayes-M10-med
Ndage,Sud-Ubangi,1,FALSE,4e-4,3e-4,5e-4,4e-4,0.039,317,8e-4,NA,NA,NA,NA,NA,NA,0.3533,0.0011,329,0.3996,0.2761,0,0.7375,0,Bayes-M10-med
Ingende,Equateur,1,FALSE,3e-4,3e-4,4e-4,3e-4,0.0307,353,6e-4,NA,NA,NA,NA,NA,NA,0.596,0.0014,282,0.9208,0.8571,0,0.6062,0,Bayes-M10-med
Kikula,Haut-Katanga,1,FALSE,3e-4,2e-4,3e-4,3e-4,0.0239,381,5e-4,NA,NA,NA,NA,NA,NA,0.0951,2e-4,454,0.1062,0.1139,0,0.1602,0,Bayes-M10-med
Mitwaba,Haut-Katanga,1,FALSE,3e-4,2e-4,3e-4,3e-4,0.0256,372,5e-4,NA,NA,NA,NA,NA,NA,0.3528,7e-4,378,0.8012,0.0618,0,0.5483,0,Bayes-M10-med
Kasenga,Haut-Katanga,1,FALSE,3e-4,3e-4,4e-4,3e-4,0.0319,343,7e-4,NA,NA,NA,NA,NA,NA,0.3953,0.001,340,0.8166,0.6255,0,0.139,0,Bayes-M10-med
Kayamba,Haut-Lomami,1,FALSE,3e-4,3e-4,4e-4,3e-4,0.0317,347,7e-4,NA,NA,NA,NA,NA,NA,0.4276,0.0011,330,0.7027,0.4189,0,0.5888,0,Bayes-M10-med
Bulape,Kasaï,1,FALSE,3e-4,2e-4,3e-4,3e-4,0.0248,376,5e-4,NA,NA,NA,NA,NA,NA,0.4315,8e-4,359,0.7066,0.1853,0,0.834,0,Bayes-M10-med
Dekese,Kasaï,1,FALSE,3e-4,3e-4,4e-4,3e-4,0.0311,351,7e-4,NA,NA,NA,NA,NA,NA,0.4633,0.0011,322,0.9189,0.2181,0,0.7162,0,Bayes-M10-med
Mushenge,Kasaï,1,FALSE,3e-4,3e-4,4e-4,3e-4,0.0315,349,7e-4,NA,NA,NA,NA,NA,NA,0.3229,8e-4,369,0.5946,0.0656,0,0.6313,0,Bayes-M10-med
Kitangwa,Kasaï,1,FALSE,3e-4,3e-4,4e-4,3e-4,0.0325,339,7e-4,NA,NA,NA,NA,NA,NA,0.3287,8e-4,360,0.6332,0.1062,0,0.5753,0,Bayes-M10-med
Mutena,Kasaï,1,FALSE,3e-4,3e-4,4e-4,3e-4,0.0301,357,6e-4,NA,NA,NA,NA,NA,NA,0.2336,5e-4,403,0.334,0.0753,0,0.5251,0,Bayes-M10-med
Nyanga,Kasaï,1,FALSE,3e-4,2e-4,3e-4,3e-4,0.0248,377,5e-4,NA,NA,NA,NA,NA,NA,0.348,7e-4,386,0.4402,0.3803,0,0.5714,0,Bayes-M10-med
Bena Tshadi,Kasaï-Central,1,FALSE,3e-4,2e-4,3e-4,3e-4,0.0236,383,5e-4,NA,NA,NA,NA,NA,NA,0.472,9e-4,352,0.6699,0.3784,0,0.8398,0,Bayes-M10-med
Bunkonde,Kasaï-Central,1,FALSE,3e-4,3e-4,4e-4,3e-4,0.0312,350,7e-4,NA,NA,NA,NA,NA,NA,0.3523,9e-4,354,0.4015,0.278,0,0.7297,0,Bayes-M10-med
Mutoto,Kasaï-Central,1,FALSE,3e-4,3e-4,4e-4,3e-4,0.0309,352,7e-4,NA,NA,NA,NA,NA,NA,0.3441,8e-4,362,0.4575,0.361,0,0.5579,0,Bayes-M10-med
Ndesha,Kasaï-Central,1,FALSE,3e-4,3e-4,4e-4,3e-4,0.0301,358,6e-4,NA,NA,NA,NA,NA,NA,0.2317,5e-4,404,0.1448,0.3456,0,0.4363,0,Bayes-M10-med
Kalomba,Kasaï-Central,1,FALSE,3e-4,2e-4,3e-4,3e-4,0.0236,382,5e-4,NA,NA,NA,NA,NA,NA,0.2944,5e-4,405,0.3166,0.1467,0,0.7143,0,Bayes-M10-med
Boma,Kongo-Central,1,FALSE,3e-4,2e-4,4e-4,3e-4,0.0299,359,6e-4,NA,NA,NA,NA,NA,NA,0.2901,7e-4,385,0.1467,0.9247,0,0.0888,0,Bayes-M10-med
Lukula,Kongo-Central,1,FALSE,3e-4,3e-4,4e-4,3e-4,0.0318,346,7e-4,NA,NA,NA,NA,NA,NA,0.3933,0.001,342,0.529,0.8745,0,0.1699,0,Bayes-M10-med
Seke Banza,Kongo-Central,1,FALSE,3e-4,2e-4,3e-4,3e-4,0.024,380,5e-4,NA,NA,NA,NA,NA,NA,0.4513,8e-4,358,0.6351,0.9498,0,0.2201,0,Bayes-M10-med
Boko Kivulu,Kongo-Central,1,FALSE,3e-4,2e-4,4e-4,3e-4,0.0295,364,6e-4,NA,NA,NA,NA,NA,NA,0.4281,0.001,339,0.5792,0.9324,0,0.2008,0,Bayes-M10-med
Kimpese,Kongo-Central,1,FALSE,3e-4,3e-4,4e-4,3e-4,0.0319,344,7e-4,NA,NA,NA,NA,NA,NA,0.4947,0.0012,305,0.7896,0.9768,0,0.2124,0,Bayes-M10-med
Kwilu Ngongo,Kongo-Central,1,FALSE,3e-4,2e-4,4e-4,3e-4,0.0264,369,6e-4,NA,NA,NA,NA,NA,NA,0.3875,8e-4,366,0.4884,0.8668,0,0.195,0,Bayes-M10-med
Mbanza Ngungu,Kongo-Central,1,FALSE,3e-4,2e-4,4e-4,3e-4,0.0286,366,6e-4,NA,NA,NA,NA,NA,NA,0.3711,8e-4,363,0.3205,0.9749,0,0.1892,0,Bayes-M10-med
Kahemba,Kwango,1,FALSE,3e-4,2e-4,4e-4,3e-4,0.0273,367,6e-4,NA,NA,NA,NA,NA,NA,0.5367,0.0011,317,0.8958,0.7278,0,0.5232,0,Bayes-M10-med
Panzi,Kwango,1,FALSE,3e-4,2e-4,4e-4,3e-4,0.0273,368,6e-4,NA,NA,NA,NA,NA,NA,0.5236,0.0011,324,0.7548,0.583,0,0.7568,0,Bayes-M10-med
Boko,Kwango,1,FALSE,3e-4,3e-4,4e-4,3e-4,0.0306,354,6e-4,NA,NA,NA,NA,NA,NA,0.5121,0.0012,307,0.7336,0.61,0,0.7046,0,Bayes-M10-med
Feshi,Kwango,1,FALSE,3e-4,3e-4,4e-4,3e-4,0.0305,355,6e-4,NA,NA,NA,NA,NA,NA,0.5082,0.0012,309,0.7317,0.5425,0,0.7587,0,Bayes-M10-med
Kimbao,Kwango,1,FALSE,3e-4,2e-4,3e-4,3e-4,0.0251,375,5e-4,NA,NA,NA,NA,NA,NA,0.5743,0.0011,321,0.7201,0.7181,0,0.8591,0,Bayes-M10-med
Popokabaka,Kwango,1,FALSE,3e-4,2e-4,3e-4,3e-4,0.0235,384,5e-4,NA,NA,NA,NA,NA,NA,0.5507,0.001,336,0.7703,0.7876,0,0.6448,0,Bayes-M10-med
Kikongo,Kwilu,1,FALSE,3e-4,2e-4,4e-4,3e-4,0.0296,363,6e-4,NA,NA,NA,NA,NA,NA,0.5024,0.0012,315,0.6969,0.6023,0,0.7104,0,Bayes-M10-med
Kimputu,Kwilu,1,FALSE,3e-4,3e-4,4e-4,3e-4,0.0316,348,7e-4,NA,NA,NA,NA,NA,NA,0.5039,0.0012,301,0.4923,0.639,0,0.8842,0,Bayes-M10-med
Mosango,Kwilu,1,FALSE,3e-4,3e-4,4e-4,3e-4,0.0321,341,7e-4,NA,NA,NA,NA,NA,NA,0.515,0.0013,294,0.5463,0.7375,0,0.7761,0,Bayes-M10-med
Mungindu,Kwilu,1,FALSE,3e-4,2e-4,4e-4,3e-4,0.0288,365,6e-4,NA,NA,NA,NA,NA,NA,0.3818,9e-4,355,0.4691,0.5367,0,0.5212,0,Bayes-M10-med
Dilolo,Lualaba,1,FALSE,3e-4,2e-4,4e-4,3e-4,0.0296,362,6e-4,NA,NA,NA,NA,NA,NA,0.3663,8e-4,357,0.8398,0.6197,0,0.0058,0,Bayes-M10-med
Kalamba,Lualaba,1,FALSE,3e-4,2e-4,4e-4,3e-4,0.0298,361,6e-4,NA,NA,NA,NA,NA,NA,0.4542,0.0011,331,0.8803,0.2375,0,0.6988,0,Bayes-M10-med
Sandoa,Lualaba,1,FALSE,3e-4,3e-4,4e-4,3e-4,0.0319,342,7e-4,NA,NA,NA,NA,NA,NA,0.5536,0.0014,285,0.9421,0.6815,0,0.5907,0,Bayes-M10-med
Inongo,Mai-Ndombe,1,FALSE,3e-4,2e-4,3e-4,3e-4,0.0252,374,5e-4,NA,NA,NA,NA,NA,NA,0.4952,0.001,343,0.7645,0.2934,0,0.9228,0,Bayes-M10-med
Bongandanga,Mongala,1,FALSE,3e-4,2e-4,4e-4,3e-4,0.0259,371,5e-4,NA,NA,NA,NA,NA,NA,0.4228,9e-4,356,0.7587,0.0097,0,0.9228,0,Bayes-M10-med
Boso Mondanda,Mongala,1,FALSE,3e-4,2e-4,4e-4,3e-4,0.0298,360,6e-4,NA,NA,NA,NA,NA,NA,0.3716,9e-4,353,0.5869,0.1486,0,0.751,0,Bayes-M10-med
Bangabola,Sud-Ubangi,1,FALSE,3e-4,2e-4,4e-4,3e-4,0.026,370,5e-4,NA,NA,NA,NA,NA,NA,0.3904,8e-4,371,0.3533,0.3494,0,0.8591,0,Bayes-M10-med
Bokonzi,Sud-Ubangi,1,FALSE,3e-4,3e-4,4e-4,3e-4,0.0318,345,7e-4,NA,NA,NA,NA,NA,NA,0.236,6e-4,399,0.4305,0.083,0,0.4305,0,Bayes-M10-med
Bominenge,Sud-Ubangi,1,FALSE,3e-4,2e-4,3e-4,3e-4,0.0243,379,5e-4,NA,NA,NA,NA,NA,NA,0.3258,6e-4,395,0.2819,0.0985,0,0.9228,0,Bayes-M10-med
Boto,Sud-Ubangi,1,FALSE,3e-4,3e-4,4e-4,3e-4,0.0325,340,7e-4,NA,NA,NA,NA,NA,NA,0.3596,9e-4,346,0.3282,0.5174,0,0.5927,0,Bayes-M10-med
Mawuya,Sud-Ubangi,1,FALSE,3e-4,2e-4,3e-4,3e-4,0.0247,378,5e-4,NA,NA,NA,NA,NA,NA,0.2654,5e-4,409,0.444,0.2394,0,0.3784,0,Bayes-M10-med
Monkoto,Tshuapa,1,FALSE,3e-4,3e-4,4e-4,3e-4,0.0305,356,6e-4,NA,NA,NA,NA,NA,NA,0.5598,0.0013,289,0.9498,0.4054,0,0.8842,0,Bayes-M10-med
Busanga,Tshuapa,1,FALSE,3e-4,2e-4,3e-4,3e-4,0.0253,373,5e-4,NA,NA,NA,NA,NA,NA,0.4452,9e-4,349,0.6602,0.168,0,0.9527,0,Bayes-M10-med
Bikoro,Equateur,1,FALSE,2e-4,2e-4,3e-4,2e-4,0.0206,395,4e-4,NA,NA,NA,NA,NA,NA,0.5951,0.001,344,0.8127,0.8147,0,0.7529,0,Bayes-M10-med
Djombo,Equateur,1,FALSE,2e-4,2e-4,3e-4,2e-4,0.0195,401,4e-4,NA,NA,NA,NA,NA,NA,0.6554,0.001,338,0.917,0.7819,0,0.9228,0,Bayes-M10-med
Iboko,Equateur,1,FALSE,2e-4,1e-4,2e-4,2e-4,0.0167,415,4e-4,NA,NA,NA,NA,NA,NA,0.612,8e-4,367,0.8282,0.7915,0,0.8282,0,Bayes-M10-med
Lotumbe,Equateur,1,FALSE,2e-4,1e-4,2e-4,2e-4,0.0176,408,4e-4,NA,NA,NA,NA,NA,NA,0.5816,8e-4,368,0.9691,0.7085,0,0.6486,0,Bayes-M10-med
Lukolela,Equateur,1,FALSE,2e-4,1e-4,2e-4,2e-4,0.0147,424,3e-4,NA,NA,NA,NA,NA,NA,0.5787,7e-4,387,0.944,0.9151,0,0.4556,0,Bayes-M10-med
Makanza,Equateur,1,FALSE,2e-4,2e-4,3e-4,2e-4,0.0202,399,4e-4,NA,NA,NA,NA,NA,NA,0.639,0.001,337,0.9537,0.7954,0,0.8069,0,Bayes-M10-med
Monieka,Equateur,1,FALSE,2e-4,1e-4,2e-4,2e-4,0.015,422,3e-4,NA,NA,NA,NA,NA,NA,0.596,7e-4,380,0.9768,0.7336,0,0.6737,0,Bayes-M10-med
Wangata,Equateur,1,FALSE,2e-4,2e-4,3e-4,2e-4,0.0209,394,4e-4,NA,NA,NA,NA,NA,NA,0.417,7e-4,384,0.2336,0.9865,0,0.4479,0,Bayes-M10-med
Panda,Haut-Katanga,1,FALSE,2e-4,2e-4,3e-4,2e-4,0.0216,390,5e-4,NA,NA,NA,NA,NA,NA,0.2027,3e-4,430,0.1622,0.4826,0,0.166,0,Bayes-M10-med
Kafubu,Haut-Katanga,1,FALSE,2e-4,2e-4,3e-4,2e-4,0.0229,385,5e-4,NA,NA,NA,NA,NA,NA,0.2104,4e-4,425,0.6042,0.0869,0,0.1506,0,Bayes-M10-med
Kenya,Haut-Katanga,1,FALSE,2e-4,2e-4,3e-4,2e-4,0.0192,403,4e-4,NA,NA,NA,NA,NA,NA,0.0569,1e-4,459,0.11,0.0116,0,0.1062,0,Bayes-M10-med
Lukafu,Haut-Katanga,1,FALSE,2e-4,2e-4,3e-4,2e-4,0.0217,389,5e-4,NA,NA,NA,NA,NA,NA,0.4015,7e-4,383,0.888,0.3243,0,0.3938,0,Bayes-M10-med
Butumba,Haut-Lomami,1,FALSE,2e-4,1e-4,2e-4,2e-4,0.0173,411,4e-4,NA,NA,NA,NA,NA,NA,0.4595,6e-4,393,0.7973,0.4151,0,0.6255,0,Bayes-M10-med
Kinda,Haut-Lomami,1,FALSE,2e-4,1e-4,2e-4,2e-4,0.0144,427,3e-4,NA,NA,NA,NA,NA,NA,0.5077,6e-4,401,0.9884,0.4266,0,0.6158,0,Bayes-M10-med
Banga Lubaka,Kasaï,1,FALSE,2e-4,1e-4,2e-4,2e-4,0.0179,407,4e-4,NA,NA,NA,NA,NA,NA,0.3205,4e-4,418,0.5174,0.0444,0,0.7201,0,Bayes-M10-med
Kangu,Kongo-Central,1,FALSE,2e-4,2e-4,3e-4,2e-4,0.0186,405,4e-4,NA,NA,NA,NA,NA,NA,0.3528,5e-4,410,0.3803,0.8822,0,0.1486,0,Bayes-M10-med
Inga,Kongo-Central,1,FALSE,2e-4,1e-4,2e-4,2e-4,0.0164,418,3e-4,NA,NA,NA,NA,NA,NA,0.3847,5e-4,415,0.5212,0.8243,0,0.1931,0,Bayes-M10-med
Luozi,Kongo-Central,1,FALSE,2e-4,1e-4,2e-4,2e-4,0.0155,419,3e-4,NA,NA,NA,NA,NA,NA,0.5241,6e-4,391,0.7355,0.8861,0,0.4749,0,Bayes-M10-med
Nsona Mpangu,Kongo-Central,1,FALSE,2e-4,2e-4,3e-4,2e-4,0.0202,398,4e-4,NA,NA,NA,NA,NA,NA,0.4165,7e-4,388,0.722,0.7645,0,0.1795,0,Bayes-M10-med
Gombe Matadi,Kongo-Central,1,FALSE,2e-4,1e-4,2e-4,2e-4,0.0165,417,3e-4,NA,NA,NA,NA,NA,NA,0.4151,5e-4,406,0.6911,0.7857,0,0.1834,0,Bayes-M10-med
Kimvula,Kongo-Central,1,FALSE,2e-4,1e-4,2e-4,2e-4,0.0141,429,3e-4,NA,NA,NA,NA,NA,NA,0.569,6e-4,392,0.8629,0.8784,0,0.5347,0,Bayes-M10-med
Massa,Kongo-Central,1,FALSE,2e-4,2e-4,3e-4,2e-4,0.0213,392,4e-4,NA,NA,NA,NA,NA,NA,0.4223,7e-4,379,0.668,0.9208,0,0.1004,0,Bayes-M10-med
Ngidinga,Kongo-Central,1,FALSE,2e-4,1e-4,2e-4,2e-4,0.0174,410,4e-4,NA,NA,NA,NA,NA,NA,0.4488,6e-4,396,0.6544,0.7432,0,0.3977,0,Bayes-M10-med
Kisanji,Kwango,1,FALSE,2e-4,1e-4,2e-4,2e-4,0.0171,413,4e-4,NA,NA,NA,NA,NA,NA,0.5574,7e-4,375,0.8417,0.6544,0,0.7336,0,Bayes-M10-med
Kasongo Lunda,Kwango,1,FALSE,2e-4,2e-4,2e-4,2e-4,0.018,406,4e-4,NA,NA,NA,NA,NA,NA,0.3441,5e-4,416,0.6274,0.5946,0,0.1544,0,Bayes-M10-med
Wamba Lwadi,Kwango,1,FALSE,2e-4,2e-4,3e-4,2e-4,0.0194,402,4e-4,NA,NA,NA,NA,NA,NA,0.5492,8e-4,361,0.6467,0.8185,0,0.7317,0,Bayes-M10-med
Sia,Kwilu,1,FALSE,2e-4,2e-4,3e-4,2e-4,0.0224,387,5e-4,NA,NA,NA,NA,NA,NA,0.3986,7e-4,381,0.4151,0.3822,0,0.7973,0,Bayes-M10-med
Kingandu,Kwilu,1,FALSE,2e-4,2e-4,3e-4,2e-4,0.0215,391,5e-4,NA,NA,NA,NA,NA,NA,0.4923,8e-4,364,0.7162,0.6583,0,0.5946,0,Bayes-M10-med
Moanza,Kwilu,1,FALSE,2e-4,2e-4,3e-4,2e-4,0.0187,404,4e-4,NA,NA,NA,NA,NA,NA,0.52,8e-4,374,0.5985,0.529,0,0.9527,0,Bayes-M10-med
Kafakumba,Lualaba,1,FALSE,2e-4,2e-4,3e-4,2e-4,0.0227,386,5e-4,NA,NA,NA,NA,NA,NA,0.4648,8e-4,365,0.8687,0.2027,0,0.7876,0,Bayes-M10-med
Lubudi,Lualaba,1,FALSE,2e-4,2e-4,3e-4,2e-4,0.0218,388,5e-4,NA,NA,NA,NA,NA,NA,0.4667,8e-4,370,0.9151,0.4614,0,0.4903,0,Bayes-M10-med
Banzow Moke,Mai-Ndombe,1,FALSE,2e-4,1e-4,2e-4,2e-4,0.0148,423,3e-4,NA,NA,NA,NA,NA,NA,0.5236,6e-4,398,0.6892,0.5212,0,0.8842,0,Bayes-M10-med
Kiri,Mai-Ndombe,1,FALSE,2e-4,1e-4,2e-4,2e-4,0.0146,426,3e-4,NA,NA,NA,NA,NA,NA,0.5685,6e-4,389,0.8745,0.4768,0,0.9228,0,Bayes-M10-med
Ntandembelo,Mai-Ndombe,1,FALSE,2e-4,1e-4,2e-4,2e-4,0.0143,428,3e-4,NA,NA,NA,NA,NA,NA,0.4595,5e-4,408,0.6023,0.4633,0,0.7722,0,Bayes-M10-med
Oshwe,Mai-Ndombe,1,FALSE,2e-4,2e-4,3e-4,2e-4,0.0202,400,4e-4,NA,NA,NA,NA,NA,NA,0.4855,8e-4,373,0.8764,0.3301,0,0.7355,0,Bayes-M10-med
Yumbi,Mai-Ndombe,1,FALSE,2e-4,1e-4,2e-4,2e-4,0.0147,425,3e-4,NA,NA,NA,NA,NA,NA,0.2741,3e-4,436,0.4131,0.4015,0,0.2819,0,Bayes-M10-med
Bolobo,Mai-Ndombe,1,FALSE,2e-4,1e-4,2e-4,2e-4,0.0151,420,3e-4,NA,NA,NA,NA,NA,NA,0.3388,4e-4,423,0.6313,0.4981,0,0.2259,0,Bayes-M10-med
Bosobe,Mai-Ndombe,1,FALSE,2e-4,1e-4,2e-4,2e-4,0.0151,421,3e-4,NA,NA,NA,NA,NA,NA,0.4406,5e-4,407,0.4942,0.4093,0,0.8591,0,Bayes-M10-med
Kwamouth,Mai-Ndombe,1,FALSE,2e-4,1e-4,2e-4,2e-4,0.0172,412,4e-4,NA,NA,NA,NA,NA,NA,0.43,6e-4,400,0.8707,0.417,0,0.4324,0,Bayes-M10-med
Mushie,Mai-Ndombe,1,FALSE,2e-4,1e-4,2e-4,2e-4,0.0169,414,4e-4,NA,NA,NA,NA,NA,NA,0.4291,6e-4,402,0.7394,0.3649,0,0.612,0,Bayes-M10-med
Nioki,Mai-Ndombe,1,FALSE,2e-4,2e-4,3e-4,2e-4,0.0204,397,4e-4,NA,NA,NA,NA,NA,NA,0.389,6e-4,394,0.61,0.3958,0,0.5502,0,Bayes-M10-med
Tshudi Loto,Sankuru,1,FALSE,2e-4,2e-4,3e-4,2e-4,0.0206,396,4e-4,NA,NA,NA,NA,NA,NA,0.4237,7e-4,382,0.7683,0.0039,0,0.9228,0,Bayes-M10-med
Mbaya,Sud-Ubangi,1,FALSE,2e-4,1e-4,2e-4,2e-4,0.0165,416,3e-4,NA,NA,NA,NA,NA,NA,0.3142,4e-4,422,0.3514,0.2239,0,0.6815,0,Bayes-M10-med
Zongo,Sud-Ubangi,1,FALSE,2e-4,1e-4,2e-4,2e-4,0.0175,409,4e-4,NA,NA,NA,NA,NA,NA,0.2418,3e-4,433,0.278,0.4131,0,0.2761,0,Bayes-M10-med
Wema,Tshuapa,1,FALSE,2e-4,2e-4,3e-4,2e-4,0.0211,393,4e-4,NA,NA,NA,NA,NA,NA,0.4469,7e-4,376,0.8494,0.1332,0,0.805,0,Bayes-M10-med
Bolenge,Equateur,1,FALSE,1e-4,1e-4,1e-4,1e-4,0.0076,454,2e-4,NA,NA,NA,NA,NA,NA,0.5391,3e-4,435,0.7954,0.8514,0,0.5097,0,Bayes-M10-med
Bomongo,Equateur,1,FALSE,1e-4,1e-4,1e-4,1e-4,0.0108,446,2e-4,NA,NA,NA,NA,NA,NA,0.5907,5e-4,412,0.9788,0.8475,0,0.5367,0,Bayes-M10-med
Mampoko,Equateur,1,FALSE,1e-4,0,1e-4,1e-4,0.0052,457,1e-4,NA,NA,NA,NA,NA,NA,0.5135,2e-4,451,0.8919,0.5058,0,0.6564,0,Bayes-M10-med
Ntondo,Equateur,1,FALSE,1e-4,0,1e-4,1e-4,0.0051,458,1e-4,NA,NA,NA,NA,NA,NA,0.6125,2e-4,447,0.8996,0.7259,0,0.8243,0,Bayes-M10-med
Kilela Balanda,Haut-Katanga,1,FALSE,1e-4,1e-4,1e-4,1e-4,0.0103,448,2e-4,NA,NA,NA,NA,NA,NA,0.3132,3e-4,446,0.9228,0.0927,0,0.2375,0,Bayes-M10-med
Kashobwe,Haut-Katanga,1,FALSE,1e-4,1e-4,2e-4,1e-4,0.0122,436,3e-4,NA,NA,NA,NA,NA,NA,0.3243,3e-4,438,0.805,0.3012,0,0.1911,0,Bayes-M10-med
Katuba,Haut-Katanga,1,FALSE,1e-4,1e-4,2e-4,1e-4,0.0127,432,3e-4,NA,NA,NA,NA,NA,NA,0.0463,0,461,0.0502,0.0309,0,0.1042,0,Bayes-M10-med
Vangu,Haut-Katanga,1,FALSE,1e-4,1e-4,1e-4,1e-4,0.0082,452,2e-4,NA,NA,NA,NA,NA,NA,0.1081,1e-4,460,0.1158,0.1699,0,0.1467,0,Bayes-M10-med
Baka,Haut-Lomami,1,FALSE,1e-4,1e-4,2e-4,1e-4,0.0122,437,3e-4,NA,NA,NA,NA,NA,NA,0.4319,4e-4,421,0.4344,0.8919,0,0.4015,0,Bayes-M10-med
Bobozo,Kasaï-Central,1,FALSE,1e-4,1e-4,2e-4,1e-4,0.0111,444,2e-4,NA,NA,NA,NA,NA,NA,0.2336,2e-4,452,0.1602,0.2857,0,0.4884,0,Bayes-M10-med
Boma Bungu,Kongo-Central,1,FALSE,1e-4,1e-4,1e-4,1e-4,0.0103,449,2e-4,NA,NA,NA,NA,NA,NA,0.3209,3e-4,445,0.5811,0.5676,0,0.1351,0,Bayes-M10-med
Kinkonzi,Kongo-Central,1,FALSE,1e-4,1e-4,1e-4,1e-4,0.0105,447,2e-4,NA,NA,NA,NA,NA,NA,0.4252,3e-4,428,0.6236,0.8958,0,0.1815,0,Bayes-M10-med
Kizu,Kongo-Central,1,FALSE,1e-4,1e-4,2e-4,1e-4,0.0121,438,3e-4,NA,NA,NA,NA,NA,NA,0.3113,3e-4,441,0.2973,0.8707,0,0.0772,0,Bayes-M10-med
Kuimba,Kongo-Central,1,FALSE,1e-4,1e-4,2e-4,1e-4,0.0111,443,2e-4,NA,NA,NA,NA,NA,NA,0.3069,3e-4,443,0.3784,0.8456,0,0.0039,0,Bayes-M10-med
Tshela,Kongo-Central,1,FALSE,1e-4,1e-4,2e-4,1e-4,0.0116,441,2e-4,NA,NA,NA,NA,NA,NA,0.3282,3e-4,440,0.417,0.888,0,0.0077,0,Bayes-M10-med
Vaku,Kongo-Central,1,FALSE,1e-4,1e-4,1e-4,1e-4,0.0079,453,2e-4,NA,NA,NA,NA,NA,NA,0.4194,3e-4,444,0.5676,0.9421,0,0.168,0,Bayes-M10-med
Kibunzi,Kongo-Central,1,FALSE,1e-4,1e-4,1e-4,1e-4,0.006,455,1e-4,NA,NA,NA,NA,NA,NA,0.4175,2e-4,453,0.7046,0.5251,0,0.4402,0,Bayes-M10-med
Mangembo,Kongo-Central,1,FALSE,1e-4,1e-4,2e-4,1e-4,0.0116,440,2e-4,NA,NA,NA,NA,NA,NA,0.3726,3e-4,431,0.5598,0.6641,0,0.2664,0,Bayes-M10-med
Nzanza,Kongo-Central,1,FALSE,1e-4,1e-4,2e-4,1e-4,0.0132,430,3e-4,NA,NA,NA,NA,NA,NA,0.2172,2e-4,450,0.0888,0.6892,0,0.0907,0,Bayes-M10-med
Kimpangu,Kongo-Central,1,FALSE,1e-4,1e-4,2e-4,1e-4,0.0125,433,3e-4,NA,NA,NA,NA,NA,NA,0.4488,4e-4,419,0.7085,0.9344,0,0.1525,0,Bayes-M10-med
Nselo,Kongo-Central,1,FALSE,1e-4,1e-4,2e-4,1e-4,0.0111,445,2e-4,NA,NA,NA,NA,NA,NA,0.374,3e-4,434,0.6564,0.5347,0,0.305,0,Bayes-M10-med
Sona Bata,Kongo-Central,1,FALSE,1e-4,1e-4,1e-4,1e-4,0.0091,451,2e-4,NA,NA,NA,NA,NA,NA,0.43,3e-4,439,0.7259,0.7896,0,0.2046,0,Bayes-M10-med
Kajiji,Kwango,1,FALSE,1e-4,1e-4,2e-4,1e-4,0.0124,435,3e-4,NA,NA,NA,NA,NA,NA,0.3533,3e-4,429,0.7934,0.1544,0,0.4653,0,Bayes-M10-med
Tembo,Kwango,1,FALSE,1e-4,1e-4,1e-4,1e-4,0.0092,450,2e-4,NA,NA,NA,NA,NA,NA,0.3205,2e-4,448,0.7876,0.3977,0,0.0965,0,Bayes-M10-med
Kitenda,Kwango,1,FALSE,1e-4,1e-4,2e-4,1e-4,0.0113,442,2e-4,NA,NA,NA,NA,NA,NA,0.376,3e-4,432,0.6641,0.4247,0,0.4151,0,Bayes-M10-med
Mwela Lembwa,Kwango,1,FALSE,1e-4,1e-4,2e-4,1e-4,0.013,431,3e-4,NA,NA,NA,NA,NA,NA,0.4397,4e-4,417,0.6506,0.3224,0,0.7857,0,Bayes-M10-med
Bunkeya,Lualaba,1,FALSE,1e-4,1e-4,2e-4,1e-4,0.0117,439,2e-4,NA,NA,NA,NA,NA,NA,0.4218,4e-4,424,0.8243,0.5019,0,0.361,0,Bayes-M10-med
Mutshatsha,Lualaba,1,FALSE,1e-4,0,1e-4,1e-4,0.0059,456,1e-4,NA,NA,NA,NA,NA,NA,0.3808,2e-4,455,0.971,0.1023,0,0.4498,0,Bayes-M10-med
Pendjwa,Mai-Ndombe,1,FALSE,1e-4,1e-4,2e-4,1e-4,0.0125,434,3e-4,NA,NA,NA,NA,NA,NA,0.4319,4e-4,420,0.7008,0.2124,0,0.8147,0,Bayes-M10-med
Irebu,Equateur,1,FALSE,0,0,0,0,0.0025,463,1e-4,NA,NA,NA,NA,NA,NA,0.5473,1e-4,457,0.9305,0.6776,0,0.5811,0,Bayes-M10-med
Lilanga Bobangi,Equateur,1,FALSE,0,0,0,0,0.003,461,1e-4,NA,NA,NA,NA,NA,NA,0.4117,1e-4,458,0.9382,0.2664,0,0.4421,0,Bayes-M10-med
Kamalondo,Haut-Katanga,1,FALSE,0,0,0,0,0.0029,462,1e-4,NA,NA,NA,NA,NA,NA,0.0352,0,464,0.029,0.0019,0,0.11,0,Bayes-M10-med
Kowe,Haut-Katanga,1,FALSE,0,0,0,0,0.0032,460,1e-4,NA,NA,NA,NA,NA,NA,0.07,0,463,0.0714,0.0811,0,0.1274,0,Bayes-M10-med
Kitona,Kongo-Central,1,FALSE,0,0,0,0,0.0018,464,0,NA,NA,NA,NA,NA,NA,0.293,0,462,0.5907,0.5792,0,0.0019,0,Bayes-M10-med
Mimia,Mai-Ndombe,1,FALSE,0,0,1e-4,0,0.0042,459,1e-4,NA,NA,NA,NA,NA,NA,0.4841,2e-4,456,0.9614,0.0521,0,0.9228,0,Bayes-M10-med
Bokoro,Mai-Ndombe,1,FALSE,0,0,0,0,0,465,0,NA,NA,NA,NA,NA,NA,0.471,0,465,0.6873,0.5097,0,0.6873,0,Bayes-M10-med
Idjwi,Sud-Kivu,1,FALSE,0,0,0,0,0,465,0,NA,NA,NA,NA,NA,NA,0.3007,0,466,0.2992,0.8224,0,0.0811,0,Bayes-M10-med
Boma Mangbetu,Haut-Uele,1,TRUE,NA,NA,NA,NA,NA,NA,NA,NA,NA,NA,NA,NA,NA,0.4122,NA,NA,0.2857,0.5039,0,0.8591,0,Bayes-M10-med
Gombari,Haut-Uele,1,TRUE,NA,NA,NA,NA,NA,NA,NA,NA,NA,NA,NA,NA,NA,0.5772,NA,NA,0.9633,0.8012,0,0.5444,0,Bayes-M10-med
Isiro,Haut-Uele,1,TRUE,NA,NA,NA,NA,NA,NA,NA,NA,NA,NA,NA,NA,NA,0.5253,NA,NA,0.39,0.7587,0,0.9527,0,Bayes-M10-med
Pawa,Haut-Uele,1,TRUE,NA,NA,NA,NA,NA,NA,NA,NA,NA,NA,NA,NA,NA,0.4315,NA,NA,0.2934,0.5734,0,0.8591,0,Bayes-M10-med
Rungu,Haut-Uele,1,TRUE,NA,NA,NA,NA,NA,NA,NA,NA,NA,NA,NA,NA,NA,0.6474,NA,NA,0.8224,0.8031,0,0.9643,0,Bayes-M10-med
Wamba,Haut-Uele,1,TRUE,NA,NA,NA,NA,NA,NA,NA,NA,NA,NA,NA,NA,NA,0.4817,NA,NA,0.6737,0.4363,0,0.8166,0,Bayes-M10-med
Adja,Ituri,1,TRUE,NA,NA,NA,NA,NA,NA,NA,NA,NA,NA,NA,NA,NA,0.2645,NA,NA,0.249,0.4286,0,0.3803,0,Bayes-M10-med
Ariwara,Ituri,1,TRUE,NA,NA,NA,NA,NA,NA,NA,NA,NA,NA,NA,NA,NA,0.2862,NA,NA,0.1988,0.6988,0,0.2471,0,Bayes-M10-med
Aru,Ituri,1,TRUE,NA,NA,NA,NA,NA,NA,NA,NA,NA,NA,NA,NA,NA,0.3528,NA,NA,0.3012,0.8417,0,0.2683,0,Bayes-M10-med
Aungba,Ituri,1,TRUE,NA,NA,NA,NA,NA,NA,NA,NA,NA,NA,NA,NA,NA,0.3354,NA,NA,0.3108,0.6564,0,0.3745,0,Bayes-M10-med
Kambala,Ituri,1,TRUE,NA,NA,NA,NA,NA,NA,NA,NA,NA,NA,NA,NA,NA,0.347,NA,NA,0.3668,0.612,0,0.4093,0,Bayes-M10-med
Logo,Ituri,1,TRUE,NA,NA,NA,NA,NA,NA,NA,NA,NA,NA,NA,NA,NA,0.2384,NA,NA,0.1757,0.5927,0,0.1853,0,Bayes-M10-med
Mahagi,Ituri,1,TRUE,NA,NA,NA,NA,NA,NA,NA,NA,NA,NA,NA,NA,NA,0.2292,NA,NA,0.1718,0.6004,0,0.1448,0,Bayes-M10-med
Rimba,Ituri,1,TRUE,NA,NA,NA,NA,NA,NA,NA,NA,NA,NA,NA,NA,NA,0.306,NA,NA,0.2008,0.7124,0,0.3108,0,Bayes-M10-med
Bambu,Ituri,1,TRUE,NA,NA,NA,NA,NA,NA,NA,NA,NA,NA,NA,NA,NA,0.2399,NA,NA,0.2046,0.4691,0,0.2857,0,Bayes-M10-med
Boga,Ituri,1,TRUE,NA,NA,NA,NA,NA,NA,NA,NA,NA,NA,NA,NA,NA,0.264,NA,NA,0.3861,0.36870000000000003,0,0.3012,0,Bayes-M10-med
Bunia,Ituri,1,TRUE,NA,NA,NA,NA,NA,NA,NA,NA,NA,NA,NA,NA,NA,0.2326,NA,NA,0.1178,0.5637,0,0.249,0,Bayes-M10-med
Damas,Ituri,1,TRUE,NA,NA,NA,NA,NA,NA,NA,NA,NA,NA,NA,NA,NA,0.3224,NA,NA,0.4479,0.3282,0,0.5135,0,Bayes-M10-med
Drodro,Ituri,1,TRUE,NA,NA,NA,NA,NA,NA,NA,NA,NA,NA,NA,NA,NA,0.2674,NA,NA,0.2066,0.5907,0,0.2722,0,Bayes-M10-med
Fataki,Ituri,1,TRUE,NA,NA,NA,NA,NA,NA,NA,NA,NA,NA,NA,NA,NA,0.3185,NA,NA,0.2259,0.7201,0,0.3282,0,Bayes-M10-med
Gety,Ituri,1,TRUE,NA,NA,NA,NA,NA,NA,NA,NA,NA,NA,NA,NA,NA,0.2592,NA,NA,0.3359,0.2973,0,0.4035,0,Bayes-M10-med
Kilo,Ituri,1,TRUE,NA,NA,NA,NA,NA,NA,NA,NA,NA,NA,NA,NA,NA,0.1448,NA,NA,0.2201,0.0502,0,0.3089,0,Bayes-M10-med
Komanda,Ituri,1,TRUE,NA,NA,NA,NA,NA,NA,NA,NA,NA,NA,NA,NA,NA,0.2341,NA,NA,0.3089,0.1197,0,0.5077,0,Bayes-M10-med
Lita,Ituri,1,TRUE,NA,NA,NA,NA,NA,NA,NA,NA,NA,NA,NA,NA,NA,0.306,NA,NA,0.2761,0.7046,0,0.2432,0,Bayes-M10-med
Lolwa,Ituri,1,TRUE,NA,NA,NA,NA,NA,NA,NA,NA,NA,NA,NA,NA,NA,0.3205,NA,NA,0.6429,0,0,0.639,0,Bayes-M10-med
Mambasa,Ituri,1,TRUE,NA,NA,NA,NA,NA,NA,NA,NA,NA,NA,NA,NA,NA,0.4324,NA,NA,0.8842,0.2625,0,0.583,0,Bayes-M10-med
Mandima,Ituri,1,TRUE,NA,NA,NA,NA,NA,NA,NA,NA,NA,NA,NA,NA,NA,0.2659,NA,NA,0.4846,0.2896,0,0.2896,0,Bayes-M10-med
Mangala,Ituri,1,TRUE,NA,NA,NA,NA,NA,NA,NA,NA,NA,NA,NA,NA,NA,0.3021,NA,NA,0.305,0.6158,0,0.2876,0,Bayes-M10-med
Mongbwalu,Ituri,1,TRUE,NA,NA,NA,NA,NA,NA,NA,NA,NA,NA,NA,NA,NA,0.2616,NA,NA,0.4112,0.1834,0,0.4517,0,Bayes-M10-med
Nia Nia,Ituri,1,TRUE,NA,NA,NA,NA,NA,NA,NA,NA,NA,NA,NA,NA,NA,0.2978,NA,NA,0.666,0.0212,0,0.5039,0,Bayes-M10-med
Nizi,Ituri,1,TRUE,NA,NA,NA,NA,NA,NA,NA,NA,NA,NA,NA,NA,NA,0.1771,NA,NA,0.1544,0.3378,0,0.2162,0,Bayes-M10-med
Nyankunde,Ituri,1,TRUE,NA,NA,NA,NA,NA,NA,NA,NA,NA,NA,NA,NA,NA,0.2514,NA,NA,0.2838,0.2432,0,0.4788,0,Bayes-M10-med
Rwampara,Ituri,1,TRUE,NA,NA,NA,NA,NA,NA,NA,NA,NA,NA,NA,NA,NA,0.319,NA,NA,0.2375,0.7452,0,0.2934,0,Bayes-M10-med
Tchomia,Ituri,1,TRUE,NA,NA,NA,NA,NA,NA,NA,NA,NA,NA,NA,NA,NA,0.1998,NA,NA,0.2104,0.3745,0,0.2143,0,Bayes-M10-med
Beni,Nord-Kivu,1,TRUE,NA,NA,NA,NA,NA,NA,NA,NA,NA,NA,NA,NA,NA,0.1559,NA,NA,0.1525,0.2297,0,0.2413,0,Bayes-M10-med
Butembo,Nord-Kivu,1,TRUE,NA,NA,NA,NA,NA,NA,NA,NA,NA,NA,NA,NA,NA,0.1829,NA,NA,0.1139,0.388,0,0.2297,0,Bayes-M10-med
Kalunguta,Nord-Kivu,1,TRUE,NA,NA,NA,NA,NA,NA,NA,NA,NA,NA,NA,NA,NA,0.1559,NA,NA,0.195,0.2066,0,0.222,0,Bayes-M10-med
Katwa,Nord-Kivu,1,TRUE,NA,NA,NA,NA,NA,NA,NA,NA,NA,NA,NA,NA,NA,0.1998,NA,NA,0.0869,0.4846,0,0.2278,0,Bayes-M10-med
Kyondo,Nord-Kivu,1,TRUE,NA,NA,NA,NA,NA,NA,NA,NA,NA,NA,NA,NA,NA,0.3238,NA,NA,0.2954,0.7973,0,0.2027,0,Bayes-M10-med
Lubero,Nord-Kivu,1,TRUE,NA,NA,NA,NA,NA,NA,NA,NA,NA,NA,NA,NA,NA,0.4585,NA,NA,0.5734,0.9382,0,0.3224,0,Bayes-M10-med
Mabalako,Nord-Kivu,1,TRUE,NA,NA,NA,NA,NA,NA,NA,NA,NA,NA,NA,NA,NA,0.1573,NA,NA,0.1931,0.2046,0,0.2317,0,Bayes-M10-med
Masereka,Nord-Kivu,1,TRUE,NA,NA,NA,NA,NA,NA,NA,NA,NA,NA,NA,NA,NA,0.36870000000000003,NA,NA,0.2548,0.9807,0,0.2394,0,Bayes-M10-med
Musienene,Nord-Kivu,1,TRUE,NA,NA,NA,NA,NA,NA,NA,NA,NA,NA,NA,NA,NA,0.319,NA,NA,0.2645,0.7317,0,0.2799,0,Bayes-M10-med
Oicha,Nord-Kivu,1,TRUE,NA,NA,NA,NA,NA,NA,NA,NA,NA,NA,NA,NA,NA,0.3364,NA,NA,0.3243,0.7606,0,0.2606,0,Bayes-M10-med
Vuhovi,Nord-Kivu,1,TRUE,NA,NA,NA,NA,NA,NA,NA,NA,NA,NA,NA,NA,NA,0.2611,NA,NA,0.2027,0.6178,0,0.2239,0,Bayes-M10-med
Goma,Nord-Kivu,1,TRUE,NA,NA,NA,NA,NA,NA,NA,NA,NA,NA,NA,NA,NA,0.2669,NA,NA,0.1274,0.8977,0,0.0425,0,Bayes-M10-med
Miti Murhesa,Sud-Kivu,1,TRUE,NA,NA,NA,NA,NA,NA,NA,NA,NA,NA,NA,NA,NA,0.3277,NA,NA,0.2355,0.9131,0,0.1622,0,Bayes-M10-med
Bafwasende,Tshopo,1,TRUE,NA,NA,NA,NA,NA,NA,NA,NA,NA,NA,NA,NA,NA,0.4546,NA,NA,0.9073,0.2413,0,0.6699,0,Bayes-M10-med
Kabondo,Tshopo,1,TRUE,NA,NA,NA,NA,NA,NA,NA,NA,NA,NA,NA,NA,NA,0.18,NA,NA,0.1911,0.2722,0,0.2568,0,Bayes-M10-med
Lubunga (Tshopo),Tshopo,1,TRUE,NA,NA,NA,NA,NA,NA,NA,NA,NA,NA,NA,NA,NA,0.2288,NA,NA,0.2452,0.3436,0,0.3263,0,Bayes-M10-med
Makiso Kisangani,Tshopo,1,TRUE,NA,NA,NA,NA,NA,NA,NA,NA,NA,NA,NA,NA,NA,0.2355,NA,NA,0.1332,0.5309,0,0.278,0,Bayes-M10-med
Mangobo,Tshopo,1,TRUE,NA,NA,NA,NA,NA,NA,NA,NA,NA,NA,NA,NA,NA,0.2061,NA,NA,0.0792,0.4382,0,0.3069,0,Bayes-M10-med
Wanierukula,Tshopo,1,TRUE,NA,NA,NA,NA,NA,NA,NA,NA,NA,NA,NA,NA,NA,0.473,NA,NA,0.8436,0.5521,0,0.4961,0,Bayes-M10-med
Rethy,Ituri,2,FALSE,0.7351,0.649,0.8191,1.3477,66.6707,1,1,3.7217,1,NA,NA,NA,NA,0.2703,0.9311,2,0.2143,0.6081,0,0.2587,0,Bayes-M10-med
Watsa,Haut-Uele,2,FALSE,0.4448,0.36870000000000003,0.5282,0.5922,29.2944,2,0.6051,NA,NA,NA,NA,3.2386,1,0.4797,1,1,0.7297,0.8436,0,0.3456,0,Bayes-M10-med
Nyarambe,Ituri,2,FALSE,0.3451,0.2813,0.4169,0.4252,21.0348,3,0.4694,1.1742,2,NA,NA,NA,NA,0.1805,0.2919,12,0.1699,0.4595,0,0.0927,0,Bayes-M10-med
Kayna,Nord-Kivu,2,FALSE,0.2832,0.2286,0.3455,0.3342,16.5321,4,0.3853,NA,NA,2.9743,1,NA,NA,0.3113,0.4132,6,0.2278,0.6332,0,0.3842,0,Bayes-M10-med
Mutwanga,Nord-Kivu,2,FALSE,0.2681,0.216,0.3279,0.3132,15.4958,5,0.3648,NA,NA,2.7878,2,NA,NA,0.2408,0.3027,11,0.2606,0.4672,0,0.2355,0,Bayes-M10-med
Biena,Nord-Kivu,2,FALSE,0.2583,0.2077,0.3163,0.2997,14.8284,6,0.3513,NA,NA,2.6678,3,NA,NA,0.2013,0.2436,16,0.251,0.166,0,0.388,0,Bayes-M10-med
Biringi,Ituri,2,FALSE,0.2549,0.2049,0.3124,0.2952,14.6052,7,0.3468,0.8153,3,NA,NA,NA,NA,0.3494,0.4175,5,0.3958,0.4865,0,0.5154,0,Bayes-M10-med
Makoro,Haut-Uele,2,FALSE,0.2,0.1595,0.247,0.2237,11.0645,8,0.272,NA,NA,NA,NA,1.2232,2,0.3822,0.3582,7,0.556,0.5483,0,0.4247,0,Bayes-M10-med
Viadana,Bas-Uele,2,FALSE,0.19,0.1513,0.235,0.2112,10.448,9,0.2585,NA,NA,NA,NA,NA,NA,0.6846,0.6096,3,0.9131,0.9788,0,0.8465,0,Bayes-M10-med
Dungu,Haut-Uele,2,FALSE,0.1816,0.1445,0.2249,0.2008,9.9362,10,0.2471,NA,NA,NA,NA,1.0985,3,0.5275,0.449,4,0.8726,0.5598,0,0.6776,0,Bayes-M10-med
Angumu,Ituri,2,FALSE,0.1725,0.1371,0.214,0.1898,9.3884,11,0.2347,0.5241,4,NA,NA,NA,NA,0.11,0.089,34,0.1641,0.1641,0,0.112,0,Bayes-M10-med
Linga,Ituri,2,FALSE,0.1691,0.1343,0.2098,0.1857,9.1845,12,0.2301,0.5127,5,NA,NA,NA,NA,0.2148,0.1702,21,0.1969,0.3417,0,0.3205,0,Bayes-M10-med
Adi,Ituri,2,FALSE,0.1628,0.1292,0.2022,0.1781,8.8097,13,0.2215,0.4918,6,NA,NA,NA,NA,0.3977,0.3035,10,0.2587,0.7104,0,0.6216,0,Bayes-M10-med
Karisimbi,Nord-Kivu,2,FALSE,0.1613,0.1279,0.2003,0.1762,8.7184,14,0.2194,NA,NA,1.5685,4,NA,NA,0.1597,0.1208,27,0.0907,0.5154,0,0.0328,0,Bayes-M10-med
Manguredjipa,Nord-Kivu,2,FALSE,0.1585,0.1257,0.1969,0.1729,8.5515,15,0.21560000000000001,NA,NA,1.5385,5,NA,NA,0.3475,0.2581,14,0.778,0.0579,0,0.5541,0,Bayes-M10-med
Rutshuru,Nord-Kivu,2,FALSE,0.1578,0.1251,0.1961,0.172,8.511,16,0.2146,NA,NA,1.5312,6,NA,NA,0.3721,0.2752,13,0.4093,0.9942,0,0.0849,0,Bayes-M10-med
Jiba,Ituri,2,FALSE,0.1575,0.1249,0.1958,0.1717,8.495,17,0.2143,0.4742,7,NA,NA,NA,NA,0.1651,0.1218,26,0.1815,0.1274,0,0.3514,0,Bayes-M10-med
Nyiragongo,Nord-Kivu,2,FALSE,0.1362,0.1076,0.1697,0.1466,7.2523,18,0.1852,NA,NA,1.3048,7,NA,NA,0.2891,0.1845,19,0.2432,0.8764,0,0.0367,0,Bayes-M10-med
Niangara,Haut-Uele,2,FALSE,0.1351,0.1068,0.1684,0.1454,7.1921,19,0.1838,NA,NA,NA,NA,0.7951,4,0.5512,0.349,8,0.8031,0.4324,0,0.9691,0,Bayes-M10-med
Alimbongo,Nord-Kivu,2,FALSE,0.1269,0.1002,0.1584,0.1359,6.7245,20,0.1727,NA,NA,1.2098,8,NA,NA,0.4262,0.2535,15,0.5849,0.7471,0,0.3726,0,Bayes-M10-med
Rwanguba,Nord-Kivu,2,FALSE,0.1103,0.0869,0.138,0.117,5.79,21,0.1501,NA,NA,1.0417,9,NA,NA,0.2442,0.1263,25,0.2085,0.7027,0,0.0656,0,Bayes-M10-med
Kibirizi,Nord-Kivu,2,FALSE,0.1047,0.0824,0.1311,0.1107,5.4787,22,0.1425,NA,NA,0.9857,10,NA,NA,0.4175,0.2049,17,0.5405,0.8552,0,0.2741,0,Bayes-M10-med
Kirotshe,Nord-Kivu,2,FALSE,0.1011,0.0795,0.1266,0.1067,5.2766,23,0.1375,NA,NA,0.9493,11,NA,NA,0.3842,0.182,20,0.3764,0.9961,0,0.1641,0,Bayes-M10-med
Poko,Bas-Uele,2,FALSE,0.0999,0.0786,0.1252,0.1054,5.2142,24,0.1359,NA,NA,NA,NA,NA,NA,0.7271,0.3405,9,0.9923,0.9517,0,0.9643,0,Bayes-M10-med
Laybo,Ituri,2,FALSE,0.0983,0.0773,0.1232,0.1036,5.1256,25,0.1338,0.2861,8,NA,NA,NA,NA,0.3393,0.1563,23,0.3069,0.556,0,0.4942,0,Bayes-M10-med
Kamango,Nord-Kivu,2,FALSE,0.0764,0.0599,0.096,0.0795,3.9338,26,0.1039,NA,NA,0.7077,12,NA,NA,0.4373,0.1565,22,0.6583,0.917,0,0.1737,0,Bayes-M10-med
Tshopo,Tshopo,2,FALSE,0.0755,0.0592,0.0949,0.0786,3.8879,27,0.1027,NA,NA,NA,NA,NA,NA,0.2466,0.0873,37,0.361,0.334,0,0.2915,0,Bayes-M10-med
Nsele,Kinshasa,2,FALSE,0.0699,0.0548,0.088,0.0726,3.5902,28,0.0952,NA,NA,NA,NA,NA,NA,0.1583,0.0519,47,0.139,0.3996,0,0.0946,0,Bayes-M10-med
Gombe,Kinshasa,2,FALSE,0.0684,0.0536,0.086,0.0709,3.5056,29,0.093,NA,NA,NA,NA,NA,NA,0.1622,0.052,46,0.0695,0.5695,0,0.0097,0,Bayes-M10-med
Bambo,Nord-Kivu,2,FALSE,0.062,0.0485,0.0781,0.0641,3.1689,30,0.0844,NA,NA,0.5701,13,NA,NA,0.3962,0.1151,29,0.5521,0.9073,0,0.1255,0,Bayes-M10-med
Ibanda,Sud-Kivu,2,FALSE,0.0604,0.0473,0.076,0.0623,3.0833,31,0.0821,NA,NA,NA,NA,NA,NA,0.2307,0.0653,40,0.083,0.6216,0,0.2181,0,Bayes-M10-med
Ganga,Bas-Uele,2,FALSE,0.0603,0.0472,0.0759,0.0622,3.0786,32,0.082,NA,NA,NA,NA,NA,NA,0.7218,0.204,18,0.9672,0.9556,0,0.9643,0,Bayes-M10-med
Faradje,Haut-Uele,2,FALSE,0.0572,0.0448,0.0721,0.059,2.9169,33,0.0778,NA,NA,NA,NA,0.3225,5,0.4474,0.12,28,0.7606,0.666,0,0.3629,0,Bayes-M10-med
Limete,Kinshasa,2,FALSE,0.0533,0.0416,0.0671,0.0548,2.7091,34,0.0725,NA,NA,NA,NA,NA,NA,0.056,0.014,86,0.0405,0.1371,0,0.0463,0,Bayes-M10-med
Binza,Nord-Kivu,2,FALSE,0.053,0.0414,0.0667,0.0544,2.6934,35,0.072,NA,NA,0.4846,14,NA,NA,0.3518,0.0873,36,0.471,0.8378,0,0.0985,0,Bayes-M10-med
Banalia,Tshopo,2,FALSE,0.05,0.0391,0.063,0.0513,2.5391,36,0.068,NA,NA,NA,NA,NA,NA,0.4242,0.0994,31,0.7799,0.1178,0,0.7992,0,Bayes-M10-med
Minova,Sud-Kivu,2,FALSE,0.0498,0.0389,0.0627,0.0511,2.5263,37,0.0677,NA,NA,NA,NA,NA,NA,0.3866,0.0902,33,0.4421,0.9826,0,0.1216,0,Bayes-M10-med
Aba,Haut-Uele,2,FALSE,0.0497,0.0388,0.0626,0.051,2.522,38,0.0676,NA,NA,NA,NA,0.2788,6,0.569,0.1325,24,0.6004,0.6853,0,0.9903,0,Bayes-M10-med
Binza Ozone,Kinshasa,2,FALSE,0.0489,0.0382,0.0616,0.0501,2.4805,39,0.0665,NA,NA,NA,NA,NA,NA,0.152,0.0348,56,0.0734,0.5232,0,0.0116,0,Bayes-M10-med
Kokolo,Kinshasa,2,FALSE,0.048,0.0375,0.0605,0.0492,2.4322,40,0.0652,NA,NA,NA,NA,NA,NA,0.2172,0.0488,48,0.0772,0.7722,0,0.0193,0,Bayes-M10-med
Lingwala,Kinshasa,2,FALSE,0.0477,0.0373,0.0601,0.0489,2.419,41,0.0649,NA,NA,NA,NA,NA,NA,0.0323,0.0072,123,0.0232,0.0907,0,0.0154,0,Bayes-M10-med
Mweso,Nord-Kivu,2,FALSE,0.0477,0.0372,0.0601,0.0489,2.4171,42,0.0648,NA,NA,0.4349,15,NA,NA,0.4189,0.0936,32,0.4498,0.9614,0,0.2645,0,Bayes-M10-med
Katana,Sud-Kivu,2,FALSE,0.0463,0.0362,0.0584,0.0474,2.3473,43,0.063,NA,NA,NA,NA,NA,NA,0.3224,0.07,38,0.2471,0.9112,0,0.1313,0,Bayes-M10-med
Kadutu,Sud-Kivu,2,FALSE,0.0448,0.035,0.0565,0.0459,2.2694,44,0.061,NA,NA,NA,NA,NA,NA,0.1636,0.0344,57,0.0579,0.3861,0,0.2104,0,Bayes-M10-med
Kalamu 1,Kinshasa,2,FALSE,0.0426,0.0333,0.0538,0.0436,2.1551,45,0.058,NA,NA,NA,NA,NA,NA,0.0309,0.0062,133,0.0193,0.0734,0,0.0309,0,Bayes-M10-med
Kinshasa,Kinshasa,2,FALSE,0.0426,0.0333,0.0537,0.0435,2.1536,46,0.0579,NA,NA,NA,NA,NA,NA,0.0203,0.004,171,0.0135,0.0463,0,0.0212,0,Bayes-M10-med
Kasa Vubu,Kinshasa,2,FALSE,0.0425,0.0332,0.0537,0.0435,2.1519,47,0.0579,NA,NA,NA,NA,NA,NA,0.0444,0.0089,112,0.0309,0.1216,0,0.0251,0,Bayes-M10-med
Masisi,Nord-Kivu,2,FALSE,0.0424,0.0331,0.0534,0.0433,2.1418,48,0.0576,NA,NA,0.3853,16,NA,NA,0.4402,0.0874,35,0.4324,0.9575,0,0.3707,0,Bayes-M10-med
Kabare,Sud-Kivu,2,FALSE,0.038,0.0297,0.048,0.0388,1.9177,49,0.0517,NA,NA,NA,NA,NA,NA,0.3567,0.0635,41,0.2394,0.9884,0,0.1988,0,Bayes-M10-med
Lemba,Kinshasa,2,FALSE,0.0379,0.0296,0.0479,0.0387,1.9129,50,0.0516,NA,NA,NA,NA,NA,NA,0.1023,0.0182,78,0.0483,0.3069,0,0.0541,0,Bayes-M10-med
Masina 1,Kinshasa,2,FALSE,0.0376,0.0293,0.0475,0.0383,1.8969,51,0.0512,NA,NA,NA,NA,NA,NA,0.0193,0.0034,192,0.0077,0.0077,0,0.0618,0,Bayes-M10-med
Kintambo,Kinshasa,2,FALSE,0.0374,0.0292,0.0472,0.0382,1.8874,52,0.0509,NA,NA,NA,NA,NA,NA,0.0338,0.0059,139,0.0212,0.1004,0,0.0135,0,Bayes-M10-med
Masina 2,Kinshasa,2,FALSE,0.0323,0.0252,0.0409,0.0329,1.6271,53,0.044,NA,NA,NA,NA,NA,NA,0.0265,0.004,172,0.0174,0.0193,0,0.0695,0,Bayes-M10-med
Bandalungwa,Kinshasa,2,FALSE,0.0322,0.0251,0.0407,0.0328,1.6211,54,0.0438,NA,NA,NA,NA,NA,NA,0.0709,0.0107,102,0.0328,0.2336,0,0.0174,0,Bayes-M10-med
Buta,Bas-Uele,2,FALSE,0.0295,0.023,0.0373,0.0299,1.4809,55,0.0401,NA,NA,NA,NA,NA,NA,0.7225,0.0998,30,0.9749,0.9923,0,0.9228,0,Bayes-M10-med
Bafwagbogbo,Tshopo,2,FALSE,0.0283,0.0221,0.0358,0.0288,1.423,56,0.0386,NA,NA,NA,NA,NA,NA,0.3948,0.0524,44,0.8591,0.027,0,0.6931,0,Bayes-M10-med
Binza Meteo,Kinshasa,2,FALSE,0.0279,0.0218,0.0353,0.0283,1.4007,57,0.038,NA,NA,NA,NA,NA,NA,0.2558,0.0335,58,0.0965,0.8996,0,0.027,0,Bayes-M10-med
Katoyi,Nord-Kivu,2,FALSE,0.0276,0.0215,0.0349,0.028,1.3856,58,0.0376,NA,NA,0.2493,17,NA,NA,0.4542,0.0588,43,0.4614,0.9595,0,0.3958,0,Bayes-M10-med
Kikimi,Kinshasa,2,FALSE,0.0273,0.0212,0.0345,0.0276,1.3675,59,0.0371,NA,NA,NA,NA,NA,NA,0.0835,0.0107,103,0.056,0.1911,0,0.0869,0,Bayes-M10-med
Matete,Kinshasa,2,FALSE,0.027,0.0211,0.0342,0.0274,1.3554,60,0.0368,NA,NA,NA,NA,NA,NA,0.0492,0.0062,131,0.0251,0.1158,0,0.056,0,Bayes-M10-med
Barumbu,Kinshasa,2,FALSE,0.0269,0.021,0.034,0.0273,1.3509,61,0.0366,NA,NA,NA,NA,NA,NA,0.014,0.0018,282,0.0097,0.0232,0,0.0232,0,Bayes-M10-med
Uvira,Sud-Kivu,2,FALSE,0.0268,0.0209,0.0339,0.0272,1.3452,62,0.0365,NA,NA,NA,NA,NA,NA,0.5502,0.0692,39,0.2181,0.9846,0,0.9981,0,Bayes-M10-med
Bengamisa,Tshopo,2,FALSE,0.0263,0.0205,0.0332,0.0267,1.3185,63,0.0358,NA,NA,NA,NA,NA,NA,0.3012,0.0371,53,0.612,0.2162,0,0.3764,0,Bayes-M10-med
Mont Ngafula 1,Kinshasa,2,FALSE,0.023,0.0179,0.0291,0.0233,1.1504,65,0.0313,NA,NA,NA,NA,NA,NA,0.2066,0.0222,69,0.1371,0.6313,0,0.0579,0,Bayes-M10-med
Kalehe,Sud-Kivu,2,FALSE,0.023,0.0179,0.0291,0.0233,1.1511,64,0.0313,NA,NA,NA,NA,NA,NA,0.3369,0.0363,55,0.3417,0.8649,0,0.1409,0,Bayes-M10-med
Birambizo,Nord-Kivu,2,FALSE,0.0229,0.0178,0.0289,0.0231,1.144,66,0.0311,NA,NA,0.2058,18,NA,NA,0.3625,0.0388,50,0.4035,0.89,0,0.1564,0,Bayes-M10-med
Ruzizi,Sud-Kivu,2,FALSE,0.0226,0.0176,0.0286,0.0229,1.1314,67,0.0308,NA,NA,NA,NA,NA,NA,0.5627,0.0596,42,0.3494,0.9093,0,0.9923,0,Bayes-M10-med
Mont Ngafula 2,Kinshasa,2,FALSE,0.0225,0.0175,0.0285,0.0228,1.1259,68,0.0306,NA,NA,NA,NA,NA,NA,0.0951,0.01,106,0.0849,0.2568,0,0.0386,0,Bayes-M10-med
Selembao,Kinshasa,2,FALSE,0.0224,0.0175,0.0283,0.0227,1.1213,69,0.0305,NA,NA,NA,NA,NA,NA,0.0676,0.0071,125,0.0444,0.1815,0,0.0444,0,Bayes-M10-med
Ndjili,Kinshasa,2,FALSE,0.022,0.0172,0.0279,0.0223,1.1021,70,0.03,NA,NA,NA,NA,NA,NA,0.0487,0.005,148,0.027,0.1042,0,0.0637,0,Bayes-M10-med
Kingabwa,Kinshasa,2,FALSE,0.0219,0.017,0.0277,0.0221,1.0938,71,0.0297,NA,NA,NA,NA,NA,NA,0.0478,0.0049,152,0.0425,0.0965,0,0.0521,0,Bayes-M10-med
Ngiri Ngiri,Kinshasa,2,FALSE,0.0216,0.0168,0.0274,0.0219,1.0816,72,0.0294,NA,NA,NA,NA,NA,NA,0.028,0.0028,218,0.0154,0.0676,0,0.029,0,Bayes-M10-med
Police,Kinshasa,2,FALSE,0.0215,0.0168,0.0272,0.0217,1.0757,73,0.0293,NA,NA,NA,NA,NA,NA,0.0478,0.0048,153,0.0463,0.0772,0,0.0676,0,Bayes-M10-med
Walungu,Sud-Kivu,2,FALSE,0.0214,0.0166,0.027,0.0216,1.0689,74,0.0291,NA,NA,NA,NA,NA,NA,0.3248,0.0325,59,0.1853,0.8803,0,0.2336,0,Bayes-M10-med
Yakusu,Tshopo,2,FALSE,0.0196,0.0152,0.0248,0.0198,0.9778,75,0.0266,NA,NA,NA,NA,NA,NA,0.319,0.0293,61,0.4208,0.2085,0,0.6467,0,Bayes-M10-med
Walikale,Nord-Kivu,2,FALSE,0.0194,0.0151,0.0246,0.0196,0.9701,76,0.0264,NA,NA,0.1745,19,NA,NA,0.5729,0.0521,45,0.9459,0.9286,0,0.417,0,Bayes-M10-med
Nyemba,Tanganyika,2,FALSE,0.0194,0.0151,0.0245,0.0196,0.9689,77,0.0264,NA,NA,NA,NA,NA,NA,0.3456,0.0314,60,0.5965,0.4556,0,0.3301,0,Bayes-M10-med
Nyantende,Sud-Kivu,2,FALSE,0.0191,0.0149,0.0241,0.0193,0.9532,78,0.026,NA,NA,NA,NA,NA,NA,0.3219,0.0288,63,0.1486,0.8938,0,0.2452,0,Bayes-M10-med
Bagira,Sud-Kivu,2,FALSE,0.0181,0.0141,0.0229,0.0182,0.9019,79,0.0246,NA,NA,NA,NA,NA,NA,0.236,0.02,73,0.1004,0.6371,0,0.2066,0,Bayes-M10-med
Lubutu,Maniema,2,FALSE,0.0175,0.0136,0.0221,0.0176,0.8731,80,0.0238,NA,NA,NA,NA,NA,NA,0.4706,0.0386,51,0.8205,0.2819,0,0.7799,0,Bayes-M10-med
Maluku 1,Kinshasa,2,FALSE,0.0168,0.0131,0.0213,0.017,0.8387,81,0.0229,NA,NA,NA,NA,NA,NA,0.2321,0.0183,76,0.3475,0.4517,0,0.1293,0,Bayes-M10-med
Kingasani,Kinshasa,2,FALSE,0.0165,0.0128,0.0208,0.0166,0.8212,83,0.0224,NA,NA,NA,NA,NA,NA,0.0294,0.0023,254,0.0058,0.0405,0,0.0714,0,Bayes-M10-med
Fizi,Sud-Kivu,2,FALSE,0.0165,0.0128,0.0209,0.0166,0.8233,82,0.0224,NA,NA,NA,NA,NA,NA,0.5637,0.0436,49,0.7432,0.9691,0,0.5425,0,Bayes-M10-med
Isangi,Tshopo,2,FALSE,0.016,0.0125,0.0203,0.0162,0.7992,84,0.0218,NA,NA,NA,NA,NA,NA,0.3837,0.0288,62,0.4054,0.4073,0,0.722,0,Bayes-M10-med
Lemera,Sud-Kivu,2,FALSE,0.0144,0.0112,0.0183,0.0145,0.7192,85,0.0196,NA,NA,NA,NA,NA,NA,0.5613,0.038,52,0.3629,0.9015,0,0.9807,0,Bayes-M10-med
Pinga,Nord-Kivu,2,FALSE,0.0138,0.0108,0.0175,0.0139,0.6888,87,0.0188,NA,NA,0.1239,20,NA,NA,0.57,0.0369,54,0.9595,0.7548,0,0.5656,0,Bayes-M10-med
Mubumbano,Sud-Kivu,2,FALSE,0.0138,0.0108,0.0175,0.0139,0.6889,86,0.0188,NA,NA,NA,NA,NA,NA,0.3658,0.0237,64,0.2683,0.9402,0,0.2548,0,Bayes-M10-med
Nyangezi,Sud-Kivu,2,FALSE,0.0131,0.0102,0.0165,0.0132,0.6507,88,0.0178,NA,NA,NA,NA,NA,NA,0.36870000000000003,0.0226,68,0.222,0.8842,0,0.36870000000000003,0,Bayes-M10-med
Lubumbashi,Haut-Katanga,2,FALSE,0.0124,0.0097,0.0157,0.0125,0.6182,89,0.0169,NA,NA,NA,NA,NA,NA,0.1105,0.0064,129,0.1081,0.2104,0,0.1236,0,Bayes-M10-med
Kindu,Maniema,2,FALSE,0.0121,0.0094,0.0153,0.0121,0.601,90,0.0164,NA,NA,NA,NA,NA,NA,0.3181,0.018,79,0.1351,0.2529,0,0.8842,0,Bayes-M10-med
Mwana,Sud-Kivu,2,FALSE,0.0113,0.0088,0.0144,0.0114,0.5642,91,0.0154,NA,NA,NA,NA,NA,NA,0.3731,0.0198,74,0.2896,0.9035,0,0.2992,0,Bayes-M10-med
Makala,Kinshasa,2,FALSE,0.0111,0.0086,0.0141,0.0112,0.5528,92,0.0151,NA,NA,NA,NA,NA,NA,0.0246,0.0013,335,0.0116,0.0386,0,0.0483,0,Bayes-M10-med
Kaniola,Sud-Kivu,2,FALSE,0.0111,0.0086,0.0141,0.0112,0.552,93,0.0151,NA,NA,NA,NA,NA,NA,0.4513,0.0235,65,0.5328,0.9305,0,0.3417,0,Bayes-M10-med
Kalamu 2,Kinshasa,2,FALSE,0.0109,0.0085,0.0138,0.011,0.5424,94,0.0148,NA,NA,NA,NA,NA,NA,0.015,8e-4,396,0.0039,0.0154,0,0.0405,0,Bayes-M10-med
Kalemie,Tanganyika,2,FALSE,0.0106,0.0083,0.0135,0.0107,0.5287,95,0.0145,NA,NA,NA,NA,NA,NA,0.3789,0.0189,75,0.6718,0.4575,0,0.3861,0,Bayes-M10-med
Bunyakiri,Sud-Kivu,2,FALSE,0.0102,0.008,0.013,0.0103,0.5092,96,0.0139,NA,NA,NA,NA,NA,NA,0.4517,0.0217,70,0.6197,0.832,0,0.3552,0,Bayes-M10-med
Basoko,Tshopo,2,FALSE,0.0099,0.0077,0.0125,0.0099,0.4899,97,0.0134,NA,NA,NA,NA,NA,NA,0.3012,0.0139,87,0.5077,0.3147,0,0.3822,0,Bayes-M10-med
Kasongo,Maniema,2,FALSE,0.0094,0.0073,0.0119,0.0094,0.4674,98,0.0128,NA,NA,NA,NA,NA,NA,0.5304,0.0234,66,0.4459,0.7529,0,0.9228,0,Bayes-M10-med
Opienge,Tshopo,2,FALSE,0.0086,0.0067,0.0109,0.0086,0.4277,99,0.0117,NA,NA,NA,NA,NA,NA,0.4445,0.0179,80,0.9556,0.0135,0,0.8089,0,Bayes-M10-med
Doruma,Haut-Uele,2,FALSE,0.0079,0.0061,0.01,0.0079,0.3907,100,0.0107,NA,NA,NA,NA,0.0432,7,0.6216,0.0229,67,0.973,0.5135,0,1,0,Bayes-M10-med
Yabaondo,Tshopo,2,FALSE,0.0078,0.006,0.0098,0.0078,0.3857,101,0.0106,NA,NA,NA,NA,NA,NA,0.3523,0.0128,92,0.4363,0.305,0,0.668,0,Bayes-M10-med
Lisala,Mongala,2,FALSE,0.0076,0.0059,0.0097,0.0077,0.379,102,0.0104,NA,NA,NA,NA,NA,NA,0.4093,0.0146,83,0.4286,0.4402,0,0.7683,0,Bayes-M10-med
Ubundu,Tshopo,2,FALSE,0.0074,0.0058,0.0094,0.0074,0.3681,103,0.0101,NA,NA,NA,NA,NA,NA,0.4744,0.0165,82,0.9054,0.4305,0,0.5618,0,Bayes-M10-med
Nundu,Sud-Kivu,2,FALSE,0.0072,0.0056,0.0092,0.0073,0.3595,104,0.0098,NA,NA,NA,NA,NA,NA,0.5927,0.0201,72,0.527,0.8494,0,0.9942,0,Bayes-M10-med
Manika,Lualaba,2,FALSE,0.0071,0.0055,0.009,0.0071,0.3526,105,0.0097,NA,NA,NA,NA,NA,NA,0.1149,0.0038,180,0.0946,0.222,0,0.1429,0,Bayes-M10-med
Mumbunda,Haut-Katanga,2,FALSE,0.007,0.0054,0.0089,0.007,0.3476,106,0.0095,NA,NA,NA,NA,NA,NA,0.1853,0.0061,134,0.1197,0.5077,0,0.1139,0,Bayes-M10-med
Kibua,Nord-Kivu,2,FALSE,0.007,0.0054,0.0088,0.007,0.3454,107,0.0095,NA,NA,0.0621,21,NA,NA,0.5154,0.0168,81,0.7741,0.6602,0,0.6274,0,Bayes-M10-med
Kunda,Maniema,2,FALSE,0.0068,0.0053,0.0086,0.0068,0.3357,108,0.0092,NA,NA,NA,NA,NA,NA,0.4165,0.0132,89,0.4633,0.2799,0,0.9228,0,Bayes-M10-med
Kalonge,Sud-Kivu,2,FALSE,0.0067,0.0052,0.0085,0.0067,0.3311,109,0.0091,NA,NA,NA,NA,NA,NA,0.404,0.0126,93,0.4961,0.8359,0,0.2838,0,Bayes-M10-med
Titule,Bas-Uele,2,FALSE,0.0064,0.0049,0.0081,0.0064,0.3159,111,0.0087,NA,NA,NA,NA,NA,NA,0.6839,0.0204,71,0.9865,0.8263,0,0.9228,0,Bayes-M10-med
Yamaluka,Mongala,2,FALSE,0.0064,0.005,0.0082,0.0065,0.3196,110,0.0088,NA,NA,NA,NA,NA,NA,0.1974,0.006,137,0.2799,0.1448,0,0.3649,0,Bayes-M10-med
Kisenso,Kinshasa,2,FALSE,0.0062,0.0048,0.0079,0.0062,0.3086,112,0.0085,NA,NA,NA,NA,NA,NA,0.0589,0.0017,286,0.0367,0.139,0,0.0598,0,Bayes-M10-med
Kipushi,Haut-Katanga,2,FALSE,0.0061,0.0048,0.0078,0.0061,0.3039,113,0.0083,NA,NA,NA,NA,NA,NA,0.1216,0.0035,190,0.2703,0.1081,0,0.1081,0,Bayes-M10-med
Tshamilemba,Haut-Katanga,2,FALSE,0.0061,0.0047,0.0077,0.0061,0.3025,115,0.0083,NA,NA,NA,NA,NA,NA,0.0772,0.0022,258,0.0656,0.1255,0,0.1178,0,Bayes-M10-med
Biyela,Kinshasa,2,FALSE,0.0061,0.0047,0.0077,0.0061,0.3029,114,0.0083,NA,NA,NA,NA,NA,NA,0.1076,0.0031,201,0.0637,0.2838,0,0.083,0,Bayes-M10-med
Kimbanseke,Kinshasa,2,FALSE,0.006,0.0047,0.0076,0.006,0.2977,116,0.0082,NA,NA,NA,NA,NA,NA,0.0526,0.0015,311,0.0521,0.0849,0,0.0734,0,Bayes-M10-med
Mbandaka,Equateur,2,FALSE,0.0059,0.0046,0.0074,0.0059,0.2915,117,0.008,NA,NA,NA,NA,NA,NA,0.5164,0.0142,85,0.6409,0.9633,0,0.4614,0,Bayes-M10-med
Maluku 2,Kinshasa,2,FALSE,0.0059,0.0046,0.0074,0.0059,0.2914,118,0.008,NA,NA,NA,NA,NA,NA,0.4184,0.0115,98,0.6834,0.5463,0,0.444,0,Bayes-M10-med
Saramabila,Maniema,2,FALSE,0.0058,0.0045,0.0074,0.0059,0.29,119,0.008,NA,NA,NA,NA,NA,NA,0.4768,0.0131,91,0.473,0.5502,0,0.8842,0,Bayes-M10-med
Yaleko,Tshopo,2,FALSE,0.0058,0.0045,0.0074,0.0059,0.2896,120,0.0079,NA,NA,NA,NA,NA,NA,0.402,0.011,101,0.639,0.2452,0,0.7239,0,Bayes-M10-med
Bumbu,Kinshasa,2,FALSE,0.0057,0.0044,0.0072,0.0057,0.2832,121,0.0078,NA,NA,NA,NA,NA,NA,0.0164,4e-4,427,0.0019,0.029,0,0.0347,0,Bayes-M10-med
Kongolo,Tanganyika,2,FALSE,0.0057,0.0044,0.0072,0.0057,0.2829,122,0.0078,NA,NA,NA,NA,NA,NA,0.6829,0.0182,77,0.8861,0.9228,0,0.9228,0,Bayes-M10-med
Ngaba,Kinshasa,2,FALSE,0.0056,0.0044,0.0071,0.0056,0.2788,123,0.0076,NA,NA,NA,NA,NA,NA,0.014,4e-4,441,0,0.0058,0,0.0502,0,Bayes-M10-med
Kabinda,Lomami,2,FALSE,0.0055,0.0043,0.007,0.0055,0.2721,124,0.0075,NA,NA,NA,NA,NA,NA,0.4382,0.0113,99,0.5097,0.5541,0,0.6892,0,Bayes-M10-med
Kaziba,Sud-Kivu,2,FALSE,0.0054,0.0042,0.0068,0.0054,0.2661,125,0.0073,NA,NA,NA,NA,NA,NA,0.3571,0.009,111,0.2876,0.7838,0,0.3571,0,Bayes-M10-med
Kitutu,Sud-Kivu,2,FALSE,0.0052,0.0041,0.0066,0.0052,0.2585,127,0.0071,NA,NA,NA,NA,NA,NA,0.5024,0.0123,96,0.751,0.805,0,0.4537,0,Bayes-M10-med
Shabunda,Sud-Kivu,2,FALSE,0.0052,0.0041,0.0066,0.0053,0.2598,126,0.0071,NA,NA,NA,NA,NA,NA,0.5922,0.0145,84,0.8378,0.8726,0,0.6583,0,Bayes-M10-med
Kimbi Lulenge,Sud-Kivu,2,FALSE,0.0051,0.004,0.0064,0.0051,0.2521,128,0.0069,NA,NA,NA,NA,NA,NA,0.5507,0.0131,90,0.8475,0.8687,0,0.4865,0,Bayes-M10-med
Bonzola,Kasaï-Oriental,2,FALSE,0.0048,0.0037,0.0061,0.0048,0.2373,130,0.0065,NA,NA,NA,NA,NA,NA,0.2958,0.0066,127,0.0927,0.7934,0,0.2973,0,Bayes-M10-med
Mwenga,Sud-Kivu,2,FALSE,0.0048,0.0037,0.0061,0.0048,0.238,129,0.0065,NA,NA,NA,NA,NA,NA,0.319,0.0072,124,0.5,0.3552,0,0.4208,0,Bayes-M10-med
Itebero,Nord-Kivu,2,FALSE,0.0047,0.0037,0.006,0.0048,0.2355,131,0.0065,NA,NA,0.0424,22,NA,NA,0.5574,0.0124,94,0.9112,0.722,0,0.5965,0,Bayes-M10-med
Kalole,Sud-Kivu,2,FALSE,0.0047,0.0036,0.006,0.0047,0.2329,132,0.0064,NA,NA,NA,NA,NA,NA,0.6038,0.0133,88,0.89,0.7799,0,0.7452,0,Bayes-M10-med
Kamituga,Sud-Kivu,2,FALSE,0.0046,0.0035,0.0058,0.0046,0.226,133,0.0062,NA,NA,NA,NA,NA,NA,0.3596,0.0077,116,0.3938,0.6062,0,0.4382,0,Bayes-M10-med
Mulungu,Sud-Kivu,2,FALSE,0.0046,0.0035,0.0058,0.0046,0.2259,134,0.0062,NA,NA,NA,NA,NA,NA,0.5208,0.0111,100,0.861,0.5193,0,0.7027,0,Bayes-M10-med
Mbulula,Tanganyika,2,FALSE,0.0044,0.0035,0.0056,0.0045,0.2202,135,0.006,NA,NA,NA,NA,NA,NA,0.5934,0.0124,95,0.6448,0.7761,0,0.9527,0,Bayes-M10-med
Kabalo,Tanganyika,2,FALSE,0.0042,0.0033,0.0053,0.0042,0.2075,136,0.0057,NA,NA,NA,NA,NA,NA,0.624,0.0122,97,0.9035,0.7568,0,0.8359,0,Bayes-M10-med
Kampene,Maniema,2,FALSE,0.004,0.0031,0.0051,0.004,0.1976,139,0.0054,NA,NA,NA,NA,NA,NA,0.3962,0.0074,121,0.5251,0.1757,0,0.8842,0,Bayes-M10-med
Kalima,Maniema,2,FALSE,0.004,0.0031,0.0051,0.004,0.1978,138,0.0054,NA,NA,NA,NA,NA,NA,0.3094,0.0058,142,0.4595,0.3205,0,0.4575,0,Bayes-M10-med
Djolu,Tshuapa,2,FALSE,0.004,0.0031,0.0051,0.0041,0.2005,137,0.0055,NA,NA,NA,NA,NA,NA,0.5256,0.01,107,0.7104,0.5985,0,0.7934,0,Bayes-M10-med
Nyunzu,Tanganyika,2,FALSE,0.0038,0.0029,0.0048,0.0038,0.1873,140,0.0051,NA,NA,NA,NA,NA,NA,0.6023,0.0107,104,0.9653,0.834,0,0.61,0,Bayes-M10-med
Kasansa,Kasaï-Oriental,2,FALSE,0.0037,0.0029,0.0047,0.0037,0.1845,141,0.0051,NA,NA,NA,NA,NA,NA,0.3349,0.0058,141,0.2568,0.6699,0,0.4131,0,Bayes-M10-med
Yambuku,Mongala,2,FALSE,0.0037,0.0029,0.0047,0.0037,0.1819,143,0.005,NA,NA,NA,NA,NA,NA,0.4344,0.0075,118,0.5483,0.5753,0,0.6139,0,Bayes-M10-med
Yahuma,Tshopo,2,FALSE,0.0037,0.0029,0.0047,0.0037,0.1839,142,0.005,NA,NA,NA,NA,NA,NA,0.4402,0.0077,117,0.8649,0.332,0,0.5637,0,Bayes-M10-med
Kananga,Kasaï-Central,2,FALSE,0.0036,0.0028,0.0045,0.0036,0.177,144,0.0049,NA,NA,NA,NA,NA,NA,0.2963,0.005,150,0.1429,0.5579,0,0.4846,0,Bayes-M10-med
Mulumba,Lomami,2,FALSE,0.0035,0.0027,0.0045,0.0035,0.1744,145,0.0048,NA,NA,NA,NA,NA,NA,0.2587,0.0043,166,0.1834,0.3108,0,0.5405,0,Bayes-M10-med
Punia,Maniema,2,FALSE,0.0035,0.0027,0.0044,0.0035,0.171,146,0.0047,NA,NA,NA,NA,NA,NA,0.3731,0.006,136,0.7625,0.1969,0,0.5328,0,Bayes-M10-med
Nzaba,Kasaï-Oriental,2,FALSE,0.0034,0.0026,0.0043,0.0034,0.1686,149,0.0046,NA,NA,NA,NA,NA,NA,0.278,0.0044,159,0.1042,0.6931,0,0.3147,0,Bayes-M10-med
Lusangi,Maniema,2,FALSE,0.0034,0.0026,0.0043,0.0034,0.1686,148,0.0046,NA,NA,NA,NA,NA,NA,0.4223,0.0067,126,0.5656,0.2645,0,0.8591,0,Bayes-M10-med
Lodja,Sankuru,2,FALSE,0.0034,0.0026,0.0043,0.0034,0.169,147,0.0046,NA,NA,NA,NA,NA,NA,0.4626,0.0074,122,0.2625,0.6351,0,0.9527,0,Bayes-M10-med
Lulingu,Sud-Kivu,2,FALSE,0.0034,0.0026,0.0043,0.0034,0.1675,150,0.0046,NA,NA,NA,NA,NA,NA,0.6158,0.0098,108,0.9093,0.8108,0,0.7432,0,Bayes-M10-med
Tshilenge,Kasaï-Oriental,2,FALSE,0.0033,0.0025,0.0041,0.0033,0.1615,152,0.0044,NA,NA,NA,NA,NA,NA,0.2799,0.0043,165,0.1892,0.668,0,0.2625,0,Bayes-M10-med
Manono,Tanganyika,2,FALSE,0.0033,0.0026,0.0042,0.0033,0.1655,151,0.0045,NA,NA,NA,NA,NA,NA,0.5758,0.009,110,0.8784,0.9537,0,0.471,0,Bayes-M10-med
Ango,Bas-Uele,2,FALSE,0.0032,0.0025,0.004,0.0032,0.1567,154,0.0043,NA,NA,NA,NA,NA,NA,0.7095,0.0105,105,1,0.8591,0,0.9788,0,Bayes-M10-med
Samba,Maniema,2,FALSE,0.0032,0.0025,0.004,0.0032,0.1574,153,0.0043,NA,NA,NA,NA,NA,NA,0.5179,0.0077,114,0.7529,0.4344,0,0.8842,0,Bayes-M10-med
Aketi,Bas-Uele,2,FALSE,0.0031,0.0024,0.0039,0.0031,0.1515,160,0.0042,NA,NA,NA,NA,NA,NA,0.6762,0.0097,109,0.9903,0.9363,0,0.778,0,Bayes-M10-med
Kailo,Maniema,2,FALSE,0.0031,0.0024,0.004,0.0031,0.1557,155,0.0043,NA,NA,NA,NA,NA,NA,0.4276,0.0063,130,0.832,0.0946,0,0.7838,0,Bayes-M10-med
Haut Plateau,Sud-Kivu,2,FALSE,0.0031,0.0024,0.004,0.0031,0.1552,156,0.0043,NA,NA,NA,NA,NA,NA,0.5246,0.0077,115,0.5714,0.5444,0,0.9826,0,Bayes-M10-med
Minembwe,Sud-Kivu,2,FALSE,0.0031,0.0024,0.0039,0.0031,0.1516,159,0.0042,NA,NA,NA,NA,NA,NA,0.5198,0.0075,119,0.7181,0.8089,0,0.5521,0,Bayes-M10-med
Yahisuli,Tshopo,2,FALSE,0.0031,0.0024,0.004,0.0031,0.1544,157,0.0042,NA,NA,NA,NA,NA,NA,0.3521,0.0051,146,0.3842,0.0714,0,0.9527,0,Bayes-M10-med
Moba,Tanganyika,2,FALSE,0.0031,0.0024,0.0039,0.0031,0.1517,158,0.0042,NA,NA,NA,NA,NA,NA,0.3808,0.0055,144,0.6178,0.4942,0,0.4112,0,Bayes-M10-med
Kabongo,Haut-Lomami,2,FALSE,0.003,0.0023,0.0038,0.003,0.1466,163,0.004,NA,NA,NA,NA,NA,NA,0.5372,0.0074,120,0.8108,0.778,0,0.5598,0,Bayes-M10-med
Luputa,Lomami,2,FALSE,0.003,0.0023,0.0038,0.003,0.147,161,0.004,NA,NA,NA,NA,NA,NA,0.3431,0.0048,154,0.3301,0.3166,0,0.7259,0,Bayes-M10-med
Mweneditu,Lomami,2,FALSE,0.003,0.0023,0.0038,0.003,0.1469,162,0.004,NA,NA,NA,NA,NA,NA,0.2799,0.0039,177,0.166,0.3842,0,0.5695,0,Bayes-M10-med
Opala,Tshopo,2,FALSE,0.0029,0.0023,0.0037,0.0029,0.1449,164,0.004,NA,NA,NA,NA,NA,NA,0.4269,0.0059,140,0.7819,0.0792,0,0.8465,0,Bayes-M10-med
Bondo,Bas-Uele,2,FALSE,0.0028,0.0022,0.0035,0.0028,0.1384,165,0.0038,NA,NA,NA,NA,NA,NA,0.6737,0.0088,113,0.9961,0.9981,0,0.7008,0,Bayes-M10-med
Bumba,Mongala,2,FALSE,0.0028,0.0021,0.0035,0.0028,0.1362,166,0.0037,NA,NA,NA,NA,NA,NA,0.2384,0.0031,202,0.1409,0.4537,0,0.3591,0,Bayes-M10-med
Lubao,Lomami,2,FALSE,0.0027,0.0021,0.0034,0.0027,0.1347,168,0.0037,NA,NA,NA,NA,NA,NA,0.3982,0.0051,147,0.6486,0.1525,0,0.7915,0,Bayes-M10-med
Lolo,Mongala,2,FALSE,0.0027,0.0021,0.0035,0.0028,0.1362,167,0.0037,NA,NA,NA,NA,NA,NA,0.3161,0.0041,170,0.4073,0.3263,0,0.5309,0,Bayes-M10-med
Kabeya Kamwanga,Kasaï-Oriental,2,FALSE,0.0026,0.002,0.0033,0.0026,0.1302,169,0.0036,NA,NA,NA,NA,NA,NA,0.2968,0.0037,183,0.3224,0.3919,0,0.473,0,Bayes-M10-med
Kamina,Haut-Lomami,2,FALSE,0.0025,0.0019,0.0032,0.0025,0.1239,171,0.0034,NA,NA,NA,NA,NA,NA,0.5164,0.0061,135,0.8301,0.8301,0,0.4054,0,Bayes-M10-med
Diulu,Kasaï-Oriental,2,FALSE,0.0025,0.0019,0.0032,0.0025,0.1242,170,0.0034,NA,NA,NA,NA,NA,NA,0.2611,0.0031,203,0.0676,0.6448,0,0.332,0,Bayes-M10-med
Kitenge,Haut-Lomami,2,FALSE,0.0024,0.0019,0.0031,0.0024,0.1197,173,0.0033,NA,NA,NA,NA,NA,NA,0.5729,0.0065,128,0.8668,0.8069,0,0.6178,0,Bayes-M10-med
Lukelenge,Kasaï-Oriental,2,FALSE,0.0024,0.0019,0.0031,0.0024,0.1203,172,0.0033,NA,NA,NA,NA,NA,NA,0.2249,0.0026,233,0.0811,0.5,0,0.3185,0,Bayes-M10-med
Kabambare,Maniema,2,FALSE,0.0024,0.0018,0.003,0.0024,0.1174,174,0.0032,NA,NA,NA,NA,NA,NA,0.3953,0.0044,161,0.8359,0.112,0,0.6332,0,Bayes-M10-med
Malemba Nkulu,Haut-Lomami,2,FALSE,0.0023,0.0018,0.0029,0.0023,0.113,176,0.0031,NA,NA,NA,NA,NA,NA,0.3895,0.0042,168,0.36870000000000003,0.7664,0,0.4228,0,Bayes-M10-med
Kaniama,Haut-Lomami,2,FALSE,0.0023,0.0018,0.0029,0.0023,0.1128,177,0.0031,NA,NA,NA,NA,NA,NA,0.582,0.0062,132,0.8533,0.6622,0,0.8127,0,Bayes-M10-med
Citenge,Kasaï-Oriental,2,FALSE,0.0023,0.0018,0.0029,0.0023,0.1121,178,0.0031,NA,NA,NA,NA,NA,NA,0.2321,0.0025,242,0.1583,0.4749,0,0.2954,0,Bayes-M10-med
Ngandajika,Lomami,2,FALSE,0.0023,0.0018,0.0029,0.0023,0.1134,175,0.0031,NA,NA,NA,NA,NA,NA,0.3465,0.0037,182,0.2124,0.4459,0,0.7278,0,Bayes-M10-med
Demba,Kasaï-Central,2,FALSE,0.0022,0.0017,0.0028,0.0022,0.1079,182,0.003,NA,NA,NA,NA,NA,NA,0.4117,0.0042,167,0.4653,0.7143,0,0.4672,0,Bayes-M10-med
Cilundu,Kasaï-Oriental,2,FALSE,0.0022,0.0017,0.0028,0.0022,0.108,181,0.003,NA,NA,NA,NA,NA,NA,0.221,0.0023,255,0.2317,0.3089,0,0.3436,0,Bayes-M10-med
Idiofa,Kwilu,2,FALSE,0.0022,0.0017,0.0028,0.0022,0.1077,183,0.003,NA,NA,NA,NA,NA,NA,0.486,0.005,151,0.4537,0.749,0,0.7413,0,Bayes-M10-med
Tshofa,Lomami,2,FALSE,0.0022,0.0017,0.0028,0.0022,0.1108,180,0.003,NA,NA,NA,NA,NA,NA,0.4416,0.0046,155,0.6757,0.3514,0,0.7394,0,Bayes-M10-med
Lingomo,Tshuapa,2,FALSE,0.0022,0.0017,0.0029,0.0023,0.1114,179,0.0031,NA,NA,NA,NA,NA,NA,0.5627,0.0059,138,0.8263,0.5869,0,0.8378,0,Bayes-M10-med
Kamwesha,Kasaï,2,FALSE,0.0021,0.0016,0.0026,0.0021,0.1022,188,0.0028,NA,NA,NA,NA,NA,NA,0.2732,0.0026,228,0.3456,0.2876,0,0.4595,0,Bayes-M10-med
Mikalayi,Kasaï-Central,2,FALSE,0.0021,0.0017,0.0027,0.0021,0.1054,184,0.0029,NA,NA,NA,NA,NA,NA,0.3948,0.0039,176,0.4517,0.5811,0,0.5463,0,Bayes-M10-med
Bibanga,Kasaï-Oriental,2,FALSE,0.0021,0.0016,0.0027,0.0021,0.105,185,0.0029,NA,NA,NA,NA,NA,NA,0.2978,0.003,214,0.3127,0.4884,0,0.39,0,Bayes-M10-med
Ludimbi Lukula,Lomami,2,FALSE,0.0021,0.0016,0.0026,0.0021,0.1022,187,0.0028,NA,NA,NA,NA,NA,NA,0.4513,0.0044,162,0.6931,0.3475,0,0.7645,0,Bayes-M10-med
Kibombo,Maniema,2,FALSE,0.0021,0.0016,0.0027,0.0021,0.1043,186,0.0029,NA,NA,NA,NA,NA,NA,0.4614,0.0046,156,0.7452,0.1776,0,0.9228,0,Bayes-M10-med
Kansimba,Tanganyika,2,FALSE,0.0021,0.0016,0.0026,0.0021,0.1021,189,0.0028,NA,NA,NA,NA,NA,NA,0.5497,0.0053,145,0.9479,0.7741,0,0.4768,0,Bayes-M10-med
Tshikapa,Kasaï,2,FALSE,0.002,0.0016,0.0026,0.002,0.1009,190,0.0028,NA,NA,NA,NA,NA,NA,0.3156,0.003,212,0.2722,0.6506,0,0.3398,0,Bayes-M10-med
Kanda Kanda,Lomami,2,FALSE,0.002,0.0016,0.0026,0.002,0.0996,193,0.0027,NA,NA,NA,NA,NA,NA,0.3012,0.0028,217,0.3185,0.1737,0,0.7124,0,Bayes-M10-med
Gemena,Sud-Ubangi,2,FALSE,0.002,0.0015,0.0025,0.002,0.0983,194,0.0027,NA,NA,NA,NA,NA,NA,0.3277,0.003,207,0.1776,0.2741,0,0.8591,0,Bayes-M10-med
Boende,Tshuapa,2,FALSE,0.002,0.0016,0.0026,0.002,0.0998,192,0.0027,NA,NA,NA,NA,NA,NA,0.4199,0.004,174,0.6988,0.4807,0,0.5,0,Bayes-M10-med
Ikela,Tshuapa,2,FALSE,0.002,0.0016,0.0026,0.002,0.1008,191,0.0028,NA,NA,NA,NA,NA,NA,0.4633,0.0044,160,0.8147,0.1795,0,0.8591,0,Bayes-M10-med
Dibindi,Kasaï-Oriental,2,FALSE,0.0019,0.0015,0.0024,0.0019,0.0926,198,0.0025,NA,NA,NA,NA,NA,NA,0.1617,0.0014,321,0.0386,0.2954,0,0.3127,0,Bayes-M10-med
Lubilanji,Kasaï-Oriental,2,FALSE,0.0019,0.0015,0.0025,0.0019,0.0959,195,0.0026,NA,NA,NA,NA,NA,NA,0.1694,0.0015,306,0.0347,0.3398,0,0.3031,0,Bayes-M10-med
Muya,Kasaï-Oriental,2,FALSE,0.0019,0.0014,0.0024,0.0019,0.0919,200,0.0025,NA,NA,NA,NA,NA,NA,0.2495,0.0022,261,0.0753,0.5888,0,0.334,0,Bayes-M10-med
Kamana,Lomami,2,FALSE,0.0019,0.0015,0.0024,0.0019,0.0931,197,0.0026,NA,NA,NA,NA,NA,NA,0.2944,0.0026,230,0.5309,0.0174,0,0.6293,0,Bayes-M10-med
Obokote,Maniema,2,FALSE,0.0019,0.0015,0.0024,0.0019,0.0925,199,0.0025,NA,NA,NA,NA,NA,NA,0.3209,0.0028,219,0.7239,0.0328,0,0.527,0,Bayes-M10-med
Itombwe,Sud-Kivu,2,FALSE,0.0019,0.0015,0.0024,0.0019,0.0937,196,0.0026,NA,NA,NA,NA,NA,NA,0.5121,0.0045,157,0.8571,0.6737,0,0.5174,0,Bayes-M10-med
Luebo,Kasaï,2,FALSE,0.0018,0.0014,0.0023,0.0018,0.0915,201,0.0025,NA,NA,NA,NA,NA,NA,0.4353,0.0038,181,0.5232,0.5116,0,0.7066,0,Bayes-M10-med
Bipemba,Kasaï-Oriental,2,FALSE,0.0018,0.0014,0.0023,0.0018,0.089,204,0.0024,NA,NA,NA,NA,NA,NA,0.1544,0.0013,332,0.0618,0.2201,0,0.3359,0,Bayes-M10-med
Kansele,Kasaï-Oriental,2,FALSE,0.0018,0.0014,0.0022,0.0018,0.0873,206,0.0024,NA,NA,NA,NA,NA,NA,0.2437,0.002,268,0.0541,0.5965,0,0.3243,0,Bayes-M10-med
Miabi,Kasaï-Oriental,2,FALSE,0.0018,0.0014,0.0023,0.0018,0.0887,205,0.0024,NA,NA,NA,NA,NA,NA,0.2838,0.0024,245,0.2297,0.6525,0,0.2529,0,Bayes-M10-med
Tshishimbi,Kasaï-Oriental,2,FALSE,0.0018,0.0014,0.0022,0.0018,0.0869,207,0.0024,NA,NA,NA,NA,NA,NA,0.1742,0.0014,318,0.1795,0.2471,0,0.2703,0,Bayes-M10-med
Kalenda,Lomami,2,FALSE,0.0018,0.0014,0.0023,0.0018,0.0905,202,0.0025,NA,NA,NA,NA,NA,NA,0.2886,0.0025,240,0.388,0.1873,0,0.5792,0,Bayes-M10-med
Katako Kombe,Sankuru,2,FALSE,0.0018,0.0014,0.0023,0.0018,0.0897,203,0.0025,NA,NA,NA,NA,NA,NA,0.4703,0.004,173,0.7857,0.1313,0,0.9643,0,Bayes-M10-med
Likati,Bas-Uele,2,FALSE,0.0017,0.0013,0.0021,0.0017,0.0817,220,0.0022,NA,NA,NA,NA,NA,NA,0.7124,0.0055,143,0.9942,0.971,0,0.8842,0,Bayes-M10-med
Mweka,Kasaï,2,FALSE,0.0017,0.0013,0.0022,0.0017,0.0857,211,0.0024,NA,NA,NA,NA,NA,NA,0.5053,0.0041,169,0.4788,0.7239,0,0.8185,0,Bayes-M10-med
Bena Leka,Kasaï-Central,2,FALSE,0.0017,0.0013,0.0022,0.0017,0.084,214,0.0023,NA,NA,NA,NA,NA,NA,0.4986,0.004,175,0.6062,0.7162,0,0.6718,0,Bayes-M10-med
Luiza,Kasaï-Central,2,FALSE,0.0017,0.0013,0.0022,0.0017,0.0859,210,0.0024,NA,NA,NA,NA,NA,NA,0.4218,0.0034,191,0.4807,0.6293,0,0.5772,0,Bayes-M10-med
Masuika,Kasaï-Central,2,FALSE,0.0017,0.0013,0.0021,0.0017,0.0833,219,0.0023,NA,NA,NA,NA,NA,NA,0.3885,0.0031,204,0.3263,0.5618,0,0.666,0,Bayes-M10-med
Mpokolo,Kasaï-Oriental,2,FALSE,0.0017,0.0014,0.0022,0.0018,0.0866,208,0.0024,NA,NA,NA,NA,NA,NA,0.2901,0.0024,246,0.1255,0.6873,0,0.3475,0,Bayes-M10-med
Kalambayi Kabanga,Lomami,2,FALSE,0.0017,0.0014,0.0022,0.0017,0.0861,209,0.0024,NA,NA,NA,NA,NA,NA,0.3132,0.0026,234,0.4556,0.1602,0,0.6371,0,Bayes-M10-med
Alunguli,Maniema,2,FALSE,0.0017,0.0013,0.0021,0.0017,0.0838,216,0.0023,NA,NA,NA,NA,NA,NA,0.3132,0.0025,239,0.1737,0.195,0,0.8842,0,Bayes-M10-med
Yamongili,Mongala,2,FALSE,0.0017,0.0013,0.0022,0.0017,0.084,215,0.0023,NA,NA,NA,NA,NA,NA,0.3243,0.0026,232,0.5116,0.3668,0,0.4189,0,Bayes-M10-med
Vanga Kete,Sankuru,2,FALSE,0.0017,0.0013,0.0022,0.0017,0.0847,213,0.0023,NA,NA,NA,NA,NA,NA,0.4503,0.0036,185,0.4672,0.4112,0,0.9228,0,Bayes-M10-med
Yalimbongo,Tshopo,2,FALSE,0.0017,0.0013,0.0021,0.0017,0.0833,218,0.0023,NA,NA,NA,NA,NA,NA,0.3214,0.0025,236,0.5772,0.0483,0,0.6602,0,Bayes-M10-med
Mondombe,Tshuapa,2,FALSE,0.0017,0.0013,0.0022,0.0017,0.0852,212,0.0023,NA,NA,NA,NA,NA,NA,0.4797,0.0039,179,0.6622,0.3726,0,0.8842,0,Bayes-M10-med
Kiambi,Tanganyika,2,FALSE,0.0017,0.0013,0.0021,0.0017,0.0838,217,0.0023,NA,NA,NA,NA,NA,NA,0.5709,0.0045,158,0.9807,0.6834,0,0.6197,0,Bayes-M10-med
Bukama,Haut-Lomami,2,FALSE,0.0016,0.0012,0.002,0.0016,0.0791,224,0.0022,NA,NA,NA,NA,NA,NA,0.4764,0.0036,188,0.7143,0.7625,0,0.4286,0,Bayes-M10-med
Mulongo,Haut-Lomami,2,FALSE,0.0016,0.0012,0.002,0.0016,0.0791,225,0.0022,NA,NA,NA,NA,NA,NA,0.4773,0.0036,187,0.7471,0.7703,0,0.3919,0,Bayes-M10-med
Lusanga,Kwilu,2,FALSE,0.0016,0.0012,0.002,0.0016,0.078,226,0.0021,NA,NA,NA,NA,NA,NA,0.4242,0.0031,199,0.4382,0.7297,0,0.529,0,Bayes-M10-med
Fungurume,Lualaba,2,FALSE,0.0016,0.0012,0.002,0.0016,0.0769,228,0.0021,NA,NA,NA,NA,NA,NA,0.1564,0.0011,346,0.2664,0.1622,0,0.1969,0,Bayes-M10-med
Ferekeni,Maniema,2,FALSE,0.0016,0.0013,0.0021,0.0016,0.0803,223,0.0022,NA,NA,NA,NA,NA,NA,0.3504,0.0027,225,0.7722,0.0425,0,0.5869,0,Bayes-M10-med
Omendjadi,Sankuru,2,FALSE,0.0016,0.0012,0.002,0.0016,0.0774,227,0.0021,NA,NA,NA,NA,NA,NA,0.4262,0.0031,200,0.5502,0.2317,0,0.9228,0,Bayes-M10-med
Tshumbe,Sankuru,2,FALSE,0.0016,0.0013,0.0021,0.0016,0.0816,222,0.0022,NA,NA,NA,NA,NA,NA,0.3907,0.003,210,0.5444,0.1718,0,0.8465,0,Bayes-M10-med
Lowa,Tshopo,2,FALSE,0.0016,0.0013,0.0021,0.0017,0.0816,221,0.0022,NA,NA,NA,NA,NA,NA,0.4073,0.0031,198,0.8938,0.0598,0,0.6757,0,Bayes-M10-med
Bili (Bas-Uele),Bas-Uele,2,FALSE,0.0015,0.0012,0.0019,0.0015,0.0758,231,0.0021,NA,NA,NA,NA,NA,NA,0.6926,0.005,149,0.9981,0.7992,0,0.973,0,Bayes-M10-med
Dibaya,Kasaï-Central,2,FALSE,0.0015,0.0011,0.0019,0.0015,0.0727,235,0.002,NA,NA,NA,NA,NA,NA,0.3325,0.0023,252,0.3147,0.4479,0,0.5676,0,Bayes-M10-med
Tshikaji,Kasaï-Central,2,FALSE,0.0015,0.0011,0.0019,0.0015,0.0732,233,0.002,NA,NA,NA,NA,NA,NA,0.3195,0.0022,257,0.1873,0.5849,0,0.5058,0,Bayes-M10-med
Mukumbi,Kasaï-Oriental,2,FALSE,0.0015,0.0011,0.0019,0.0015,0.073,234,0.002,NA,NA,NA,NA,NA,NA,0.2249,0.0016,303,0.2413,0.1892,0,0.4691,0,Bayes-M10-med
Dikungu,Sankuru,2,FALSE,0.0015,0.0012,0.002,0.0015,0.0767,229,0.0021,NA,NA,NA,NA,NA,NA,0.3779,0.0027,223,0.4865,0.1409,0,0.8842,0,Bayes-M10-med
Minga,Sankuru,2,FALSE,0.0015,0.0012,0.002,0.0015,0.0765,230,0.0021,NA,NA,NA,NA,NA,NA,0.5347,0.0039,178,0.7838,0.471,0,0.8842,0,Bayes-M10-med
Ankoro,Tanganyika,2,FALSE,0.0015,0.0012,0.0019,0.0015,0.0748,232,0.0021,NA,NA,NA,NA,NA,NA,0.6047,0.0043,164,0.9266,0.8282,0,0.6641,0,Bayes-M10-med
Kalonda Ouest,Kasaï,2,FALSE,0.0014,0.0011,0.0018,0.0014,0.0697,243,0.0019,NA,NA,NA,NA,NA,NA,0.2239,0.0015,312,0.2915,0.251,0,0.3533,0,Bayes-M10-med
Ndekesha,Kasaï-Central,2,FALSE,0.0014,0.0011,0.0017,0.0014,0.0675,248,0.0019,NA,NA,NA,NA,NA,NA,0.4059,0.0026,231,0.4768,0.4498,0,0.6969,0,Bayes-M10-med
Vanga,Kwilu,2,FALSE,0.0014,0.0011,0.0018,0.0014,0.07,242,0.0019,NA,NA,NA,NA,NA,NA,0.5034,0.0033,194,0.3726,0.8205,0,0.8205,0,Bayes-M10-med
Bulungu,Kwilu,2,FALSE,0.0014,0.0011,0.0018,0.0014,0.0711,239,0.002,NA,NA,NA,NA,NA,NA,0.4508,0.003,208,0.3571,0.6795,0,0.7664,0,Bayes-M10-med
Mukedi,Kwilu,2,FALSE,0.0014,0.0011,0.0018,0.0014,0.0706,241,0.0019,NA,NA,NA,NA,NA,NA,0.4836,0.0032,195,0.5367,0.7066,0,0.6911,0,Bayes-M10-med
Kalonda Est,Lomami,2,FALSE,0.0014,0.0011,0.0018,0.0014,0.0685,246,0.0019,NA,NA,NA,NA,NA,NA,0.3292,0.0021,263,0.5425,0.1506,0,0.6236,0,Bayes-M10-med
Dilala,Lualaba,2,FALSE,0.0014,0.0011,0.0018,0.0014,0.0697,244,0.0019,NA,NA,NA,NA,NA,NA,0.1347,9e-4,378,0.1506,0.2548,0,0.1332,0,Bayes-M10-med
Pangi,Maniema,2,FALSE,0.0014,0.0011,0.0017,0.0014,0.0682,247,0.0019,NA,NA,NA,NA,NA,NA,0.3316,0.0021,262,0.6081,0.056,0,0.6622,0,Bayes-M10-med
Karawa,Nord-Ubangi,2,FALSE,0.0014,0.0011,0.0018,0.0014,0.0715,237,0.002,NA,NA,NA,NA,NA,NA,0.6404,0.0043,163,0.7568,0.973,0,0.832,0,Bayes-M10-med
Ototo,Sankuru,2,FALSE,0.0014,0.0011,0.0018,0.0014,0.0707,240,0.0019,NA,NA,NA,NA,NA,NA,0.4561,0.0031,206,0.5386,0.3629,0,0.9228,0,Bayes-M10-med
Basali,Tshopo,2,FALSE,0.0014,0.0011,0.0018,0.0014,0.0713,238,0.002,NA,NA,NA,NA,NA,NA,0.3779,0.0026,235,0.834,0.0251,0,0.6525,0,Bayes-M10-med
Bokungu,Tshuapa,2,FALSE,0.0014,0.0011,0.0018,0.0014,0.0717,236,0.002,NA,NA,NA,NA,NA,NA,0.49370000000000003,0.0034,193,0.695,0.3571,0,0.9228,0,Bayes-M10-med
Yalifafu,Tshuapa,2,FALSE,0.0014,0.0011,0.0018,0.0014,0.0693,245,0.0019,NA,NA,NA,NA,NA,NA,0.4797,0.0031,197,0.7664,0.2683,0,0.8842,0,Bayes-M10-med
Kabondo Dianda,Haut-Lomami,2,FALSE,0.0013,0.001,0.0016,0.0013,0.0643,256,0.0018,NA,NA,NA,NA,NA,NA,0.4107,0.0025,238,0.5888,0.5714,0,0.4826,0,Bayes-M10-med
Mukanga,Haut-Lomami,2,FALSE,0.0013,0.001,0.0017,0.0013,0.0645,255,0.0018,NA,NA,NA,NA,NA,NA,0.4739,0.0029,216,0.6853,0.6911,0,0.5193,0,Bayes-M10-med
Katende,Kasaï-Central,2,FALSE,0.0013,0.001,0.0017,0.0013,0.0654,251,0.0018,NA,NA,NA,NA,NA,NA,0.5154,0.0032,196,0.6525,0.6486,0,0.7606,0,Bayes-M10-med
Lukonga,Kasaï-Central,2,FALSE,0.0013,0.001,0.0016,0.0013,0.064,258,0.0018,NA,NA,NA,NA,NA,NA,0.3282,0.002,270,0.2239,0.6429,0,0.4459,0,Bayes-M10-med
Luambo,Kasaï-Central,2,FALSE,0.0013,0.001,0.0017,0.0013,0.0653,252,0.0018,NA,NA,NA,NA,NA,NA,0.3769,0.0023,250,0.5347,0.5656,0,0.4073,0,Bayes-M10-med
Kenge,Kwango,2,FALSE,0.0013,0.001,0.0017,0.0013,0.0662,249,0.0018,NA,NA,NA,NA,NA,NA,0.5574,0.0035,189,0.6139,0.8127,0,0.8031,0,Bayes-M10-med
Gungu,Kwilu,2,FALSE,0.0013,0.001,0.0017,0.0013,0.0657,250,0.0018,NA,NA,NA,NA,NA,NA,0.4237,0.0026,229,0.5058,0.6969,0,0.4923,0,Bayes-M10-med
Kikwit Nord,Kwilu,2,FALSE,0.0013,0.001,0.0017,0.0013,0.065,253,0.0018,NA,NA,NA,NA,NA,NA,0.2915,0.0018,279,0.1236,0.5405,0,0.5019,0,Bayes-M10-med
Koshibanda,Kwilu,2,FALSE,0.0013,0.001,0.0016,0.0013,0.064,257,0.0018,NA,NA,NA,NA,NA,NA,0.4913,0.003,213,0.5193,0.6757,0,0.7703,0,Bayes-M10-med
Wembo Nyama,Sankuru,2,FALSE,0.0013,0.001,0.0017,0.0013,0.0647,254,0.0018,NA,NA,NA,NA,NA,NA,0.4097,0.0025,237,0.5019,0.2143,0,0.9228,0,Bayes-M10-med
Bwamanda,Sud-Ubangi,2,FALSE,0.0013,0.001,0.0016,0.0013,0.0629,259,0.0017,NA,NA,NA,NA,NA,NA,0.4667,0.0028,220,0.4189,0.7394,0,0.7085,0,Bayes-M10-med
Kanzala,Kasaï,2,FALSE,0.0012,9e-4,0.0015,0.0012,0.0599,264,0.0016,NA,NA,NA,NA,NA,NA,0.2046,0.0012,345,0.168,0.3127,0,0.3378,0,Bayes-M10-med
Yangala,Kasaï-Central,2,FALSE,0.0012,9e-4,0.0015,0.0012,0.0578,265,0.0016,NA,NA,NA,NA,NA,NA,0.348,0.0019,276,0.5927,0.2259,0,0.5734,0,Bayes-M10-med
Makota,Lomami,2,FALSE,0.0012,0.001,0.0016,0.0012,0.0605,262,0.0017,NA,NA,NA,NA,NA,NA,0.2587,0.0015,309,0.1023,0.3764,0,0.556,0,Bayes-M10-med
Tunda,Maniema,2,FALSE,0.0012,0.001,0.0016,0.0012,0.0609,261,0.0017,NA,NA,NA,NA,NA,NA,0.459,0.0026,226,0.8977,0.0541,0,0.8842,0,Bayes-M10-med
Bosondjo,Mongala,2,FALSE,0.0012,0.001,0.0016,0.0012,0.0611,260,0.0017,NA,NA,NA,NA,NA,NA,0.3489,0.002,267,0.5618,0.1931,0,0.6409,0,Bayes-M10-med
Pimu,Mongala,2,FALSE,0.0012,9e-4,0.0015,0.0012,0.06,263,0.0016,NA,NA,NA,NA,NA,NA,0.4257,0.0024,243,0.583,0.3707,0,0.749,0,Bayes-M10-med
Yakoma,Nord-Ubangi,2,FALSE,0.0012,9e-4,0.0015,0.0012,0.0573,266,0.0016,NA,NA,NA,NA,NA,NA,0.6641,0.0036,186,0.7124,0.9479,0,0.9961,0,Bayes-M10-med
Monga,Bas-Uele,2,FALSE,0.0011,8e-4,0.0013,0.0011,0.0526,275,0.0014,NA,NA,NA,NA,NA,NA,0.7336,0.0037,184,0.9826,0.9672,0,0.9846,0,Bayes-M10-med
Kampemba,Haut-Katanga,2,FALSE,0.0011,9e-4,0.0015,0.0011,0.0566,268,0.0016,NA,NA,NA,NA,NA,NA,0.0531,3e-4,449,0.0598,0.0367,0,0.1158,0,Bayes-M10-med
Kilwa,Haut-Katanga,2,FALSE,0.0011,8e-4,0.0014,0.0011,0.0536,272,0.0015,NA,NA,NA,NA,NA,NA,0.3764,0.0019,274,0.749,0.39,0,0.3668,0,Bayes-M10-med
Pweto,Haut-Katanga,2,FALSE,0.0011,8e-4,0.0013,0.0011,0.0522,278,0.0014,NA,NA,NA,NA,NA,NA,0.3518,0.0017,284,0.7992,0.2587,0,0.3494,0,Bayes-M10-med
Sakania,Haut-Katanga,2,FALSE,0.0011,8e-4,0.0014,0.0011,0.0534,273,0.0015,NA,NA,NA,NA,NA,NA,0.2775,0.0014,324,0.7375,0.2355,0,0.1371,0,Bayes-M10-med
Ilebo,Kasaï,2,FALSE,0.0011,9e-4,0.0014,0.0011,0.0554,270,0.0015,NA,NA,NA,NA,NA,NA,0.3142,0.0016,291,0.2162,0.6139,0,0.4266,0,Bayes-M10-med
Tshibala,Kasaï-Central,2,FALSE,0.0011,9e-4,0.0014,0.0011,0.0556,269,0.0015,NA,NA,NA,NA,NA,NA,0.4218,0.0022,256,0.4266,0.5772,0,0.6834,0,Bayes-M10-med
Ipamu,Kwilu,2,FALSE,0.0011,8e-4,0.0014,0.0011,0.0529,274,0.0015,NA,NA,NA,NA,NA,NA,0.5454,0.0027,224,0.4903,0.7683,0,0.9228,0,Bayes-M10-med
Binga,Mongala,2,FALSE,0.0011,8e-4,0.0013,0.0011,0.0525,276,0.0014,NA,NA,NA,NA,NA,NA,0.3306,0.0016,292,0.4749,0.249,0,0.5985,0,Bayes-M10-med
Lomela,Sankuru,2,FALSE,0.0011,9e-4,0.0014,0.0011,0.0547,271,0.0015,NA,NA,NA,NA,NA,NA,0.4759,0.0025,241,0.8456,0.1351,0,0.9228,0,Bayes-M10-med
Tandala,Sud-Ubangi,2,FALSE,0.0011,9e-4,0.0015,0.0011,0.0567,267,0.0016,NA,NA,NA,NA,NA,NA,0.4078,0.0022,259,0.2741,0.527,0,0.8301,0,Bayes-M10-med
Mompono,Tshuapa,2,FALSE,0.0011,8e-4,0.0013,0.0011,0.0522,277,0.0014,NA,NA,NA,NA,NA,NA,0.5598,0.0028,222,0.8089,0.6042,0,0.8263,0,Bayes-M10-med
Kambove,Haut-Katanga,2,FALSE,0.001,8e-4,0.0013,0.001,0.0491,285,0.0014,NA,NA,NA,NA,NA,NA,0.306,0.0014,320,0.4247,0.6236,0,0.1757,0,Bayes-M10-med
Kapolowe,Haut-Katanga,2,FALSE,0.001,8e-4,0.0012,0.001,0.0481,288,0.0013,NA,NA,NA,NA,NA,NA,0.3026,0.0014,327,0.5579,0.444,0,0.2085,0,Bayes-M10-med
Ruashi,Haut-Katanga,2,FALSE,0.001,8e-4,0.0013,0.001,0.0506,281,0.0014,NA,NA,NA,NA,NA,NA,0.0705,3e-4,442,0.0985,0.0637,0,0.1197,0,Bayes-M10-med
Kamonia,Kasaï,2,FALSE,0.001,7e-4,0.0012,0.001,0.0474,289,0.0013,NA,NA,NA,NA,NA,NA,0.14,6e-4,412,0.3707,0.11,0,0.0792,0,Bayes-M10-med
Katoka,Kasaï-Central,2,FALSE,0.001,8e-4,0.0013,0.001,0.0492,284,0.0014,NA,NA,NA,NA,NA,NA,0.2645,0.0012,341,0.1216,0.473,0,0.4633,0,Bayes-M10-med
Tshikula,Kasaï-Central,2,FALSE,0.001,8e-4,0.0013,0.001,0.0503,282,0.0014,NA,NA,NA,NA,NA,NA,0.3296,0.0016,299,0.3919,0.3185,0,0.6081,0,Bayes-M10-med
Kikwit Sud,Kwilu,2,FALSE,0.001,8e-4,0.0013,0.001,0.0512,280,0.0014,NA,NA,NA,NA,NA,NA,0.3282,0.0016,297,0.1313,0.7008,0,0.4807,0,Bayes-M10-med
Yasa Bonga,Kwilu,2,FALSE,0.001,8e-4,0.0013,0.001,0.0498,283,0.0014,NA,NA,NA,NA,NA,NA,0.4206,0.002,271,0.3031,0.5328,0,0.8465,0,Bayes-M10-med
Kasaji,Lualaba,2,FALSE,0.001,7e-4,0.0012,0.001,0.0471,290,0.0013,NA,NA,NA,NA,NA,NA,0.4648,0.0021,265,0.8552,0.4923,0,0.5116,0,Bayes-M10-med
Lualaba,Lualaba,2,FALSE,0.001,8e-4,0.0012,0.001,0.0482,287,0.0013,NA,NA,NA,NA,NA,NA,0.1404,6e-4,410,0.3552,0.0347,0,0.1718,0,Bayes-M10-med
Gbadolite,Nord-Ubangi,2,FALSE,0.001,8e-4,0.0013,0.001,0.0489,286,0.0013,NA,NA,NA,NA,NA,NA,0.5183,0.0024,244,0.7915,0.9653,0,0.3166,0,Bayes-M10-med
Lusambo,Sankuru,2,FALSE,0.001,8e-4,0.0013,0.001,0.0519,279,0.0014,NA,NA,NA,NA,NA,NA,0.4833,0.0024,247,0.6815,0.2992,0,0.9527,0,Bayes-M10-med
Basankusu,Equateur,2,FALSE,9e-4,7e-4,0.0012,9e-4,0.0465,295,0.0013,NA,NA,NA,NA,NA,NA,0.6844,0.003,211,0.9517,0.8629,0,0.9228,0,Bayes-M10-med
Bolomba,Equateur,2,FALSE,9e-4,7e-4,0.0012,9e-4,0.0453,304,0.0012,NA,NA,NA,NA,NA,NA,0.6163,0.0026,227,0.9575,0.8533,0,0.6544,0,Bayes-M10-med
Kisanga,Haut-Katanga,2,FALSE,9e-4,7e-4,0.0012,9e-4,0.0459,298,0.0013,NA,NA,NA,NA,NA,NA,0.1081,5e-4,426,0.1293,0.2008,0,0.1023,0,Bayes-M10-med
Kinkondja,Haut-Lomami,2,FALSE,9e-4,7e-4,0.0011,9e-4,0.044,309,0.0012,NA,NA,NA,NA,NA,NA,0.4889,0.002,266,0.7278,0.6274,0,0.6004,0,Bayes-M10-med
Kakenge,Kasaï,2,FALSE,9e-4,7e-4,0.0011,9e-4,0.0445,308,0.0012,NA,NA,NA,NA,NA,NA,0.4522,0.0019,275,0.5753,0.4788,0,0.7548,0,Bayes-M10-med
Ndjoko Mpunda,Kasaï,2,FALSE,9e-4,7e-4,0.0012,9e-4,0.047,291,0.0013,NA,NA,NA,NA,NA,NA,0.333,0.0015,310,0.3977,0.2915,0,0.6429,0,Bayes-M10-med
Muetshi,Kasaï-Central,2,FALSE,9e-4,7e-4,0.0012,9e-4,0.0466,294,0.0013,NA,NA,NA,NA,NA,NA,0.4792,0.0021,264,0.6158,0.5386,0,0.7625,0,Bayes-M10-med
Matadi,Kongo-Central,2,FALSE,9e-4,7e-4,0.0012,9e-4,0.0465,296,0.0013,NA,NA,NA,NA,NA,NA,0.2939,0.0013,334,0.1564,0.944,0,0.0753,0,Bayes-M10-med
Djuma,Kwilu,2,FALSE,9e-4,7e-4,0.0012,9e-4,0.0463,297,0.0013,NA,NA,NA,NA,NA,NA,0.5256,0.0023,251,0.4826,0.7355,0,0.8842,0,Bayes-M10-med
Masi Manimba,Kwilu,2,FALSE,9e-4,7e-4,0.0012,9e-4,0.045,306,0.0012,NA,NA,NA,NA,NA,NA,0.4281,0.0018,277,0.332,0.4961,0,0.8842,0,Bayes-M10-med
Wikong,Lomami,2,FALSE,9e-4,7e-4,0.0011,9e-4,0.0423,312,0.0012,NA,NA,NA,NA,NA,NA,0.3663,0.0015,314,0.2529,0.4228,0,0.7896,0,Bayes-M10-med
Boso Manzi,Mongala,2,FALSE,9e-4,7e-4,0.0011,9e-4,0.0435,311,0.0012,NA,NA,NA,NA,NA,NA,0.3982,0.0016,293,0.5695,0.2278,0,0.7954,0,Bayes-M10-med
Abuzi,Nord-Ubangi,2,FALSE,9e-4,7e-4,0.0011,9e-4,0.0448,307,0.0012,NA,NA,NA,NA,NA,NA,0.7153,0.003,209,0.9846,0.9054,0,0.971,0,Bayes-M10-med
Bosobolo,Nord-Ubangi,2,FALSE,9e-4,7e-4,0.0012,9e-4,0.0452,305,0.0012,NA,NA,NA,NA,NA,NA,0.7148,0.0031,205,0.9363,0.9459,0,0.9768,0,Bayes-M10-med
Mobayi Mbongo,Nord-Ubangi,2,FALSE,9e-4,7e-4,0.0012,9e-4,0.0457,299,0.0013,NA,NA,NA,NA,NA,NA,0.5458,0.0024,248,0.9324,0.8166,0,0.4344,0,Bayes-M10-med
Wapinda,Nord-Ubangi,2,FALSE,9e-4,7e-4,0.0012,9e-4,0.0456,301,0.0013,NA,NA,NA,NA,NA,NA,0.6791,0.0029,215,0.9015,0.8398,0,0.9749,0,Bayes-M10-med
Bena Dibele,Sankuru,2,FALSE,9e-4,7e-4,0.0012,9e-4,0.0457,300,0.0013,NA,NA,NA,NA,NA,NA,0.4093,0.0018,280,0.6216,0.1564,0,0.8591,0,Bayes-M10-med
Djalo Ndjeka,Sankuru,2,FALSE,9e-4,7e-4,0.0012,9e-4,0.0453,303,0.0012,NA,NA,NA,NA,NA,NA,0.3378,0.0015,316,0.3591,0.0695,0,0.9228,0,Bayes-M10-med
Kole,Sankuru,2,FALSE,9e-4,7e-4,0.0011,9e-4,0.0438,310,0.0012,NA,NA,NA,NA,NA,NA,0.4802,0.002,269,0.7761,0.2606,0,0.8842,0,Bayes-M10-med
Bogosenubea,Sud-Ubangi,2,FALSE,9e-4,7e-4,0.0012,9e-4,0.0454,302,0.0012,NA,NA,NA,NA,NA,NA,0.4107,0.0018,283,0.4981,0.3031,0,0.8417,0,Bayes-M10-med
Libenge,Sud-Ubangi,2,FALSE,9e-4,7e-4,0.0012,9e-4,0.0469,293,0.0013,NA,NA,NA,NA,NA,NA,0.3818,0.0017,287,0.6293,0.3591,0,0.5386,0,Bayes-M10-med
Befale,Tshuapa,2,FALSE,9e-4,7e-4,0.0012,9e-4,0.0469,292,0.0013,NA,NA,NA,NA,NA,NA,0.5145,0.0023,253,0.8822,0.4903,0,0.6853,0,Bayes-M10-med
Likasi,Haut-Katanga,2,FALSE,8e-4,6e-4,0.001,8e-4,0.0381,323,0.001,NA,NA,NA,NA,NA,NA,0.1728,6e-4,413,0.112,0.4208,0,0.1583,0,Bayes-M10-med
Mikope,Kasaï,2,FALSE,8e-4,6e-4,0.001,8e-4,0.0377,325,0.001,NA,NA,NA,NA,NA,NA,0.3996,0.0014,319,0.6776,0.2703,0,0.6506,0,Bayes-M10-med
Bilomba,Kasaï-Central,2,FALSE,8e-4,7e-4,0.0011,8e-4,0.042,313,0.0012,NA,NA,NA,NA,NA,NA,0.4006,0.0016,298,0.3378,0.4421,0,0.8224,0,Bayes-M10-med
Lubondaie,Kasaï-Central,2,FALSE,8e-4,6e-4,0.001,8e-4,0.0379,324,0.001,NA,NA,NA,NA,NA,NA,0.3147,0.0011,347,0.3822,0.1583,0,0.7181,0,Bayes-M10-med
Lubunga (Kasaï-Central),Kasaï-Central,2,FALSE,8e-4,7e-4,0.0011,8e-4,0.0416,314,0.0011,NA,NA,NA,NA,NA,NA,0.4599,0.0018,278,0.5637,0.4653,0,0.8108,0,Bayes-M10-med
Muanda,Kongo-Central,2,FALSE,8e-4,6e-4,0.001,8e-4,0.0403,317,0.0011,NA,NA,NA,NA,NA,NA,0.4093,0.0016,301,0.6371,1,0,0,0,Bayes-M10-med
Kisantu,Kongo-Central,2,FALSE,8e-4,6e-4,0.001,8e-4,0.0408,316,0.0011,NA,NA,NA,NA,NA,NA,0.418,0.0016,295,0.5039,0.9903,0,0.1776,0,Bayes-M10-med
Mokala,Kwilu,2,FALSE,8e-4,6e-4,0.001,8e-4,0.0395,321,0.0011,NA,NA,NA,NA,NA,NA,0.5118,0.0019,273,0.4228,0.6718,0,0.9527,0,Bayes-M10-med
Kamiji,Lomami,2,FALSE,8e-4,6e-4,0.001,8e-4,0.0399,319,0.0011,NA,NA,NA,NA,NA,NA,0.2635,0.001,369,0.3398,0.1293,0,0.5849,0,Bayes-M10-med
Kapanga,Lualaba,2,FALSE,8e-4,6e-4,0.001,8e-4,0.0399,318,0.0011,NA,NA,NA,NA,NA,NA,0.4112,0.0016,302,0.8514,0.3938,0,0.3996,0,Bayes-M10-med
Bili (Nord-Ubangi),Nord-Ubangi,2,FALSE,8e-4,7e-4,0.0011,8e-4,0.0414,315,0.0011,NA,NA,NA,NA,NA,NA,0.7075,0.0028,221,0.9247,0.9189,0,0.9865,0,Bayes-M10-med
Loko,Nord-Ubangi,2,FALSE,8e-4,6e-4,0.001,8e-4,0.0381,322,0.001,NA,NA,NA,NA,NA,NA,0.6535,0.0024,249,0.9402,0.9266,0,0.7471,0,Bayes-M10-med
Budjala,Sud-Ubangi,2,FALSE,8e-4,6e-4,0.001,8e-4,0.0373,326,0.001,NA,NA,NA,NA,NA,NA,0.43,0.0015,308,0.5154,0.4035,0,0.8012,0,Bayes-M10-med
Ndage,Sud-Ubangi,2,FALSE,8e-4,6e-4,0.001,8e-4,0.0397,320,0.0011,NA,NA,NA,NA,NA,NA,0.3533,0.0013,330,0.3996,0.2761,0,0.7375,0,Bayes-M10-med
Mufunga Sampwe,Haut-Katanga,2,FALSE,7e-4,6e-4,9e-4,7e-4,0.0363,328,0.001,NA,NA,NA,NA,NA,NA,0.3774,0.0013,333,0.8185,0.0888,0,0.6023,0,Bayes-M10-med
Kasenga,Haut-Katanga,2,FALSE,7e-4,5e-4,8e-4,7e-4,0.0331,342,9e-4,NA,NA,NA,NA,NA,NA,0.3953,0.0012,338,0.8166,0.6255,0,0.139,0,Bayes-M10-med
Lwamba,Haut-Lomami,2,FALSE,7e-4,6e-4,9e-4,7e-4,0.0362,329,0.001,NA,NA,NA,NA,NA,NA,0.4865,0.0017,288,0.8069,0.6409,0,0.4981,0,Bayes-M10-med
Kayamba,Haut-Lomami,2,FALSE,7e-4,5e-4,8e-4,7e-4,0.033,345,9e-4,NA,NA,NA,NA,NA,NA,0.4276,0.0013,328,0.7027,0.4189,0,0.5888,0,Bayes-M10-med
Songa,Haut-Lomami,2,FALSE,7e-4,6e-4,9e-4,7e-4,0.0357,333,0.001,NA,NA,NA,NA,NA,NA,0.473,0.0016,296,0.9344,0.3533,0,0.6042,0,Bayes-M10-med
Mushenge,Kasaï,2,FALSE,7e-4,5e-4,8e-4,7e-4,0.0327,347,9e-4,NA,NA,NA,NA,NA,NA,0.3229,0.001,368,0.5946,0.0656,0,0.6313,0,Bayes-M10-med
Kitangwa,Kasaï,2,FALSE,7e-4,5e-4,9e-4,7e-4,0.0337,339,9e-4,NA,NA,NA,NA,NA,NA,0.3287,0.0011,359,0.6332,0.1062,0,0.5753,0,Bayes-M10-med
Bunkonde,Kasaï-Central,2,FALSE,7e-4,5e-4,8e-4,7e-4,0.0325,349,9e-4,NA,NA,NA,NA,NA,NA,0.3523,0.0011,352,0.4015,0.278,0,0.7297,0,Bayes-M10-med
Lukula,Kongo-Central,2,FALSE,7e-4,5e-4,8e-4,7e-4,0.0329,346,9e-4,NA,NA,NA,NA,NA,NA,0.3933,0.0012,342,0.529,0.8745,0,0.1699,0,Bayes-M10-med
Kimpese,Kongo-Central,2,FALSE,7e-4,5e-4,8e-4,7e-4,0.033,344,9e-4,NA,NA,NA,NA,NA,NA,0.4947,0.0015,304,0.7896,0.9768,0,0.2124,0,Bayes-M10-med
Bagata,Kwilu,2,FALSE,7e-4,5e-4,9e-4,7e-4,0.0342,336,9e-4,NA,NA,NA,NA,NA,NA,0.5135,0.0017,289,0.6795,0.695,0,0.6795,0,Bayes-M10-med
Bandundu,Kwilu,2,FALSE,7e-4,5e-4,9e-4,7e-4,0.0345,335,9e-4,NA,NA,NA,NA,NA,NA,0.3364,0.0011,349,0.3436,0.751,0,0.251,0,Bayes-M10-med
Kimputu,Kwilu,2,FALSE,7e-4,5e-4,8e-4,7e-4,0.0327,348,9e-4,NA,NA,NA,NA,NA,NA,0.5039,0.0016,300,0.4923,0.639,0,0.8842,0,Bayes-M10-med
Mosango,Kwilu,2,FALSE,7e-4,5e-4,9e-4,7e-4,0.0334,340,9e-4,NA,NA,NA,NA,NA,NA,0.515,0.0016,294,0.5463,0.7375,0,0.7761,0,Bayes-M10-med
Pay Kongila,Kwilu,2,FALSE,7e-4,5e-4,9e-4,7e-4,0.0346,334,0.001,NA,NA,NA,NA,NA,NA,0.4488,0.0015,313,0.5135,0.6467,0,0.6351,0,Bayes-M10-med
Sandoa,Lualaba,2,FALSE,7e-4,5e-4,8e-4,7e-4,0.0332,341,9e-4,NA,NA,NA,NA,NA,NA,0.5536,0.0017,285,0.9421,0.6815,0,0.5907,0,Bayes-M10-med
Kanzenze,Lualaba,2,FALSE,7e-4,5e-4,9e-4,7e-4,0.034,338,9e-4,NA,NA,NA,NA,NA,NA,0.2389,8e-4,394,0.6255,0.1429,0,0.1873,0,Bayes-M10-med
Businga,Nord-Ubangi,2,FALSE,7e-4,5e-4,9e-4,7e-4,0.0341,337,9e-4,NA,NA,NA,NA,NA,NA,0.6781,0.0022,260,0.9286,0.861,0,0.9228,0,Bayes-M10-med
Wasolo,Nord-Ubangi,2,FALSE,7e-4,6e-4,9e-4,7e-4,0.0361,331,0.001,NA,NA,NA,NA,NA,NA,0.5709,0.002,272,0.5541,0.7413,0,0.9884,0,Bayes-M10-med
Pania Mutombo,Sankuru,2,FALSE,7e-4,6e-4,9e-4,7e-4,0.0359,332,0.001,NA,NA,NA,NA,NA,NA,0.4117,0.0014,326,0.7413,0.1236,0,0.7819,0,Bayes-M10-med
Bokonzi,Sud-Ubangi,2,FALSE,7e-4,5e-4,8e-4,7e-4,0.0324,350,9e-4,NA,NA,NA,NA,NA,NA,0.236,7e-4,400,0.4305,0.083,0,0.4305,0,Bayes-M10-med
Boto,Sud-Ubangi,2,FALSE,7e-4,5e-4,8e-4,7e-4,0.0331,343,9e-4,NA,NA,NA,NA,NA,NA,0.3596,0.0011,348,0.3282,0.5174,0,0.5927,0,Bayes-M10-med
Bulu,Sud-Ubangi,2,FALSE,7e-4,6e-4,9e-4,7e-4,0.0361,330,0.001,NA,NA,NA,NA,NA,NA,0.3147,0.0011,354,0.3649,0.1988,0,0.695,0,Bayes-M10-med
Kungu,Sud-Ubangi,2,FALSE,7e-4,6e-4,9e-4,7e-4,0.037,327,0.001,NA,NA,NA,NA,NA,NA,0.3711,0.0013,331,0.3745,0.3359,0,0.7741,0,Bayes-M10-med
Ingende,Equateur,2,FALSE,6e-4,5e-4,8e-4,6e-4,0.0314,355,9e-4,NA,NA,NA,NA,NA,NA,0.596,0.0018,281,0.9208,0.8571,0,0.6062,0,Bayes-M10-med
Dekese,Kasaï,2,FALSE,6e-4,5e-4,8e-4,6e-4,0.0321,351,9e-4,NA,NA,NA,NA,NA,NA,0.4633,0.0014,323,0.9189,0.2181,0,0.7162,0,Bayes-M10-med
Mutena,Kasaï,2,FALSE,6e-4,5e-4,8e-4,6e-4,0.0312,357,9e-4,NA,NA,NA,NA,NA,NA,0.2336,7e-4,403,0.334,0.0753,0,0.5251,0,Bayes-M10-med
Mutoto,Kasaï-Central,2,FALSE,6e-4,5e-4,8e-4,6e-4,0.0321,352,9e-4,NA,NA,NA,NA,NA,NA,0.3441,0.001,362,0.4575,0.361,0,0.5579,0,Bayes-M10-med
Ndesha,Kasaï-Central,2,FALSE,6e-4,5e-4,8e-4,6e-4,0.0313,356,9e-4,NA,NA,NA,NA,NA,NA,0.2317,7e-4,404,0.1448,0.3456,0,0.4363,0,Bayes-M10-med
Boma,Kongo-Central,2,FALSE,6e-4,5e-4,8e-4,6e-4,0.031,359,9e-4,NA,NA,NA,NA,NA,NA,0.2901,9e-4,383,0.1467,0.9247,0,0.0888,0,Bayes-M10-med
Boko Kivulu,Kongo-Central,2,FALSE,6e-4,5e-4,8e-4,6e-4,0.0306,363,8e-4,NA,NA,NA,NA,NA,NA,0.4281,0.0012,339,0.5792,0.9324,0,0.2008,0,Bayes-M10-med
Kwilu Ngongo,Kongo-Central,2,FALSE,6e-4,4e-4,7e-4,6e-4,0.0274,369,8e-4,NA,NA,NA,NA,NA,NA,0.3875,0.001,366,0.4884,0.8668,0,0.195,0,Bayes-M10-med
Mbanza Ngungu,Kongo-Central,2,FALSE,6e-4,5e-4,8e-4,6e-4,0.0296,366,8e-4,NA,NA,NA,NA,NA,NA,0.3711,0.001,363,0.3205,0.9749,0,0.1892,0,Bayes-M10-med
Kahemba,Kwango,2,FALSE,6e-4,4e-4,7e-4,6e-4,0.0283,367,8e-4,NA,NA,NA,NA,NA,NA,0.5367,0.0014,317,0.8958,0.7278,0,0.5232,0,Bayes-M10-med
Panzi,Kwango,2,FALSE,6e-4,4e-4,7e-4,6e-4,0.0282,368,8e-4,NA,NA,NA,NA,NA,NA,0.5236,0.0014,325,0.7548,0.583,0,0.7568,0,Bayes-M10-med
Boko,Kwango,2,FALSE,6e-4,5e-4,8e-4,6e-4,0.0318,353,9e-4,NA,NA,NA,NA,NA,NA,0.5121,0.0015,305,0.7336,0.61,0,0.7046,0,Bayes-M10-med
Feshi,Kwango,2,FALSE,6e-4,5e-4,8e-4,6e-4,0.0317,354,9e-4,NA,NA,NA,NA,NA,NA,0.5082,0.0015,307,0.7317,0.5425,0,0.7587,0,Bayes-M10-med
Kikongo,Kwilu,2,FALSE,6e-4,5e-4,8e-4,6e-4,0.0306,362,8e-4,NA,NA,NA,NA,NA,NA,0.5024,0.0015,315,0.6969,0.6023,0,0.7104,0,Bayes-M10-med
Mungindu,Kwilu,2,FALSE,6e-4,5e-4,8e-4,6e-4,0.0299,365,8e-4,NA,NA,NA,NA,NA,NA,0.3818,0.0011,353,0.4691,0.5367,0,0.5212,0,Bayes-M10-med
Dilolo,Lualaba,2,FALSE,6e-4,5e-4,8e-4,6e-4,0.0308,361,8e-4,NA,NA,NA,NA,NA,NA,0.3663,0.0011,356,0.8398,0.6197,0,0.0058,0,Bayes-M10-med
Kalamba,Lualaba,2,FALSE,6e-4,5e-4,8e-4,6e-4,0.031,360,9e-4,NA,NA,NA,NA,NA,NA,0.4542,0.0013,329,0.8803,0.2375,0,0.6988,0,Bayes-M10-med
Boso Mondanda,Mongala,2,FALSE,6e-4,5e-4,8e-4,6e-4,0.0304,364,8e-4,NA,NA,NA,NA,NA,NA,0.3716,0.0011,355,0.5869,0.1486,0,0.751,0,Bayes-M10-med
Monkoto,Tshuapa,2,FALSE,6e-4,5e-4,8e-4,6e-4,0.0312,358,9e-4,NA,NA,NA,NA,NA,NA,0.5598,0.0017,290,0.9498,0.4054,0,0.8842,0,Bayes-M10-med
Kikula,Haut-Katanga,2,FALSE,5e-4,4e-4,6e-4,5e-4,0.0248,380,7e-4,NA,NA,NA,NA,NA,NA,0.0951,2e-4,454,0.1062,0.1139,0,0.1602,0,Bayes-M10-med
Mitwaba,Haut-Katanga,2,FALSE,5e-4,4e-4,7e-4,5e-4,0.0266,370,7e-4,NA,NA,NA,NA,NA,NA,0.3528,9e-4,377,0.8012,0.0618,0,0.5483,0,Bayes-M10-med
Panda,Haut-Katanga,2,FALSE,5e-4,4e-4,6e-4,5e-4,0.0224,390,6e-4,NA,NA,NA,NA,NA,NA,0.2027,4e-4,429,0.1622,0.4826,0,0.166,0,Bayes-M10-med
Kafubu,Haut-Katanga,2,FALSE,5e-4,4e-4,6e-4,5e-4,0.0238,385,7e-4,NA,NA,NA,NA,NA,NA,0.2104,5e-4,425,0.6042,0.0869,0,0.1506,0,Bayes-M10-med
Lukafu,Haut-Katanga,2,FALSE,5e-4,4e-4,6e-4,5e-4,0.0225,389,6e-4,NA,NA,NA,NA,NA,NA,0.4015,9e-4,382,0.888,0.3243,0,0.3938,0,Bayes-M10-med
Bulape,Kasaï,2,FALSE,5e-4,4e-4,7e-4,5e-4,0.0258,376,7e-4,NA,NA,NA,NA,NA,NA,0.4315,0.0011,358,0.7066,0.1853,0,0.834,0,Bayes-M10-med
Nyanga,Kasaï,2,FALSE,5e-4,4e-4,7e-4,5e-4,0.0257,377,7e-4,NA,NA,NA,NA,NA,NA,0.348,8e-4,384,0.4402,0.3803,0,0.5714,0,Bayes-M10-med
Bena Tshadi,Kasaï-Central,2,FALSE,5e-4,4e-4,6e-4,5e-4,0.0245,383,7e-4,NA,NA,NA,NA,NA,NA,0.472,0.0011,350,0.6699,0.3784,0,0.8398,0,Bayes-M10-med
Kalomba,Kasaï-Central,2,FALSE,5e-4,4e-4,6e-4,5e-4,0.0246,382,7e-4,NA,NA,NA,NA,NA,NA,0.2944,7e-4,405,0.3166,0.1467,0,0.7143,0,Bayes-M10-med
Seke Banza,Kongo-Central,2,FALSE,5e-4,4e-4,6e-4,5e-4,0.0249,379,7e-4,NA,NA,NA,NA,NA,NA,0.4513,0.0011,357,0.6351,0.9498,0,0.2201,0,Bayes-M10-med
Kimbao,Kwango,2,FALSE,5e-4,4e-4,7e-4,5e-4,0.026,373,7e-4,NA,NA,NA,NA,NA,NA,0.5743,0.0014,322,0.7201,0.7181,0,0.8591,0,Bayes-M10-med
Popokabaka,Kwango,2,FALSE,5e-4,4e-4,6e-4,5e-4,0.0244,384,7e-4,NA,NA,NA,NA,NA,NA,0.5507,0.0013,336,0.7703,0.7876,0,0.6448,0,Bayes-M10-med
Sia,Kwilu,2,FALSE,5e-4,4e-4,6e-4,5e-4,0.0232,387,6e-4,NA,NA,NA,NA,NA,NA,0.3986,9e-4,380,0.4151,0.3822,0,0.7973,0,Bayes-M10-med
Kingandu,Kwilu,2,FALSE,5e-4,3e-4,6e-4,5e-4,0.0223,391,6e-4,NA,NA,NA,NA,NA,NA,0.4923,0.001,364,0.7162,0.6583,0,0.5946,0,Bayes-M10-med
Kafakumba,Lualaba,2,FALSE,5e-4,4e-4,6e-4,5e-4,0.0236,386,6e-4,NA,NA,NA,NA,NA,NA,0.4648,0.001,365,0.8687,0.2027,0,0.7876,0,Bayes-M10-med
Lubudi,Lualaba,2,FALSE,5e-4,4e-4,6e-4,5e-4,0.0227,388,6e-4,NA,NA,NA,NA,NA,NA,0.4667,0.001,367,0.9151,0.4614,0,0.4903,0,Bayes-M10-med
Inongo,Mai-Ndombe,2,FALSE,5e-4,4e-4,7e-4,5e-4,0.0259,374,7e-4,NA,NA,NA,NA,NA,NA,0.4952,0.0012,343,0.7645,0.2934,0,0.9228,0,Bayes-M10-med
Bongandanga,Mongala,2,FALSE,5e-4,4e-4,7e-4,5e-4,0.0262,372,7e-4,NA,NA,NA,NA,NA,NA,0.4228,0.001,360,0.7587,0.0097,0,0.9228,0,Bayes-M10-med
Bangabola,Sud-Ubangi,2,FALSE,5e-4,4e-4,7e-4,5e-4,0.0266,371,7e-4,NA,NA,NA,NA,NA,NA,0.3904,0.001,372,0.3533,0.3494,0,0.8591,0,Bayes-M10-med
Bominenge,Sud-Ubangi,2,FALSE,5e-4,4e-4,6e-4,5e-4,0.0247,381,7e-4,NA,NA,NA,NA,NA,NA,0.3258,8e-4,397,0.2819,0.0985,0,0.9228,0,Bayes-M10-med
Mawuya,Sud-Ubangi,2,FALSE,5e-4,4e-4,6e-4,5e-4,0.0253,378,7e-4,NA,NA,NA,NA,NA,NA,0.2654,6e-4,411,0.444,0.2394,0,0.3784,0,Bayes-M10-med
Busanga,Tshuapa,2,FALSE,5e-4,4e-4,7e-4,5e-4,0.0258,375,7e-4,NA,NA,NA,NA,NA,NA,0.4452,0.0011,351,0.6602,0.168,0,0.9527,0,Bayes-M10-med
Bikoro,Equateur,2,FALSE,4e-4,3e-4,5e-4,4e-4,0.0211,396,6e-4,NA,NA,NA,NA,NA,NA,0.5951,0.0012,344,0.8127,0.8147,0,0.7529,0,Bayes-M10-med
Djombo,Equateur,2,FALSE,4e-4,3e-4,5e-4,4e-4,0.0199,403,5e-4,NA,NA,NA,NA,NA,NA,0.6554,0.0012,340,0.917,0.7819,0,0.9228,0,Bayes-M10-med
Lotumbe,Equateur,2,FALSE,4e-4,3e-4,5e-4,4e-4,0.018,410,5e-4,NA,NA,NA,NA,NA,NA,0.5816,0.001,371,0.9691,0.7085,0,0.6486,0,Bayes-M10-med
Makanza,Equateur,2,FALSE,4e-4,3e-4,5e-4,4e-4,0.0207,400,6e-4,NA,NA,NA,NA,NA,NA,0.639,0.0013,337,0.9537,0.7954,0,0.8069,0,Bayes-M10-med
Wangata,Equateur,2,FALSE,4e-4,3e-4,5e-4,4e-4,0.0214,394,6e-4,NA,NA,NA,NA,NA,NA,0.417,8e-4,386,0.2336,0.9865,0,0.4479,0,Bayes-M10-med
Kenya,Haut-Katanga,2,FALSE,4e-4,3e-4,5e-4,4e-4,0.02,402,5e-4,NA,NA,NA,NA,NA,NA,0.0569,1e-4,459,0.11,0.0116,0,0.1062,0,Bayes-M10-med
Butumba,Haut-Lomami,2,FALSE,4e-4,3e-4,5e-4,4e-4,0.018,409,5e-4,NA,NA,NA,NA,NA,NA,0.4595,8e-4,392,0.7973,0.4151,0,0.6255,0,Bayes-M10-med
Banga Lubaka,Kasaï,2,FALSE,4e-4,3e-4,5e-4,4e-4,0.0185,407,5e-4,NA,NA,NA,NA,NA,NA,0.3205,6e-4,417,0.5174,0.0444,0,0.7201,0,Bayes-M10-med
Kangu,Kongo-Central,2,FALSE,4e-4,3e-4,5e-4,4e-4,0.0192,405,5e-4,NA,NA,NA,NA,NA,NA,0.3528,6e-4,408,0.3803,0.8822,0,0.1486,0,Bayes-M10-med
Nsona Mpangu,Kongo-Central,2,FALSE,4e-4,3e-4,5e-4,4e-4,0.021,398,6e-4,NA,NA,NA,NA,NA,NA,0.4165,8e-4,388,0.722,0.7645,0,0.1795,0,Bayes-M10-med
Massa,Kongo-Central,2,FALSE,4e-4,3e-4,6e-4,4e-4,0.0221,392,6e-4,NA,NA,NA,NA,NA,NA,0.4223,9e-4,379,0.668,0.9208,0,0.1004,0,Bayes-M10-med
Ngidinga,Kongo-Central,2,FALSE,4e-4,3e-4,5e-4,4e-4,0.0181,408,5e-4,NA,NA,NA,NA,NA,NA,0.4488,8e-4,395,0.6544,0.7432,0,0.3977,0,Bayes-M10-med
Kisanji,Kwango,2,FALSE,4e-4,3e-4,5e-4,4e-4,0.0177,413,5e-4,NA,NA,NA,NA,NA,NA,0.5574,9e-4,375,0.8417,0.6544,0,0.7336,0,Bayes-M10-med
Kasongo Lunda,Kwango,2,FALSE,4e-4,3e-4,5e-4,4e-4,0.0186,406,5e-4,NA,NA,NA,NA,NA,NA,0.3441,6e-4,416,0.6274,0.5946,0,0.1544,0,Bayes-M10-med
Wamba Lwadi,Kwango,2,FALSE,4e-4,3e-4,5e-4,4e-4,0.0201,401,6e-4,NA,NA,NA,NA,NA,NA,0.5492,0.001,361,0.6467,0.8185,0,0.7317,0,Bayes-M10-med
Moanza,Kwilu,2,FALSE,4e-4,3e-4,5e-4,4e-4,0.0194,404,5e-4,NA,NA,NA,NA,NA,NA,0.52,0.001,374,0.5985,0.529,0,0.9527,0,Bayes-M10-med
Oshwe,Mai-Ndombe,2,FALSE,4e-4,3e-4,5e-4,4e-4,0.0208,399,6e-4,NA,NA,NA,NA,NA,NA,0.4855,0.001,373,0.8764,0.3301,0,0.7355,0,Bayes-M10-med
Kwamouth,Mai-Ndombe,2,FALSE,4e-4,3e-4,5e-4,4e-4,0.0178,411,5e-4,NA,NA,NA,NA,NA,NA,0.43,7e-4,399,0.8707,0.417,0,0.4324,0,Bayes-M10-med
Mushie,Mai-Ndombe,2,FALSE,4e-4,3e-4,4e-4,4e-4,0.0174,414,5e-4,NA,NA,NA,NA,NA,NA,0.4291,7e-4,402,0.7394,0.3649,0,0.612,0,Bayes-M10-med
Nioki,Mai-Ndombe,2,FALSE,4e-4,3e-4,5e-4,4e-4,0.021,397,6e-4,NA,NA,NA,NA,NA,NA,0.389,8e-4,393,0.61,0.3958,0,0.5502,0,Bayes-M10-med
Tshudi Loto,Sankuru,2,FALSE,4e-4,3e-4,5e-4,4e-4,0.0211,395,6e-4,NA,NA,NA,NA,NA,NA,0.4237,8e-4,385,0.7683,0.0039,0,0.9228,0,Bayes-M10-med
Zongo,Sud-Ubangi,2,FALSE,4e-4,3e-4,5e-4,4e-4,0.0178,412,5e-4,NA,NA,NA,NA,NA,NA,0.2418,4e-4,433,0.278,0.4131,0,0.2761,0,Bayes-M10-med
Wema,Tshuapa,2,FALSE,4e-4,3e-4,6e-4,4e-4,0.0216,393,6e-4,NA,NA,NA,NA,NA,NA,0.4469,9e-4,376,0.8494,0.1332,0,0.805,0,Bayes-M10-med
Iboko,Equateur,2,FALSE,3e-4,3e-4,4e-4,3e-4,0.0171,415,5e-4,NA,NA,NA,NA,NA,NA,0.612,0.001,370,0.8282,0.7915,0,0.8282,0,Bayes-M10-med
Lukolela,Equateur,2,FALSE,3e-4,2e-4,4e-4,3e-4,0.0152,424,4e-4,NA,NA,NA,NA,NA,NA,0.5787,8e-4,387,0.944,0.9151,0,0.4556,0,Bayes-M10-med
Monieka,Equateur,2,FALSE,3e-4,2e-4,4e-4,3e-4,0.0154,422,4e-4,NA,NA,NA,NA,NA,NA,0.596,9e-4,381,0.9768,0.7336,0,0.6737,0,Bayes-M10-med
Kashobwe,Haut-Katanga,2,FALSE,3e-4,2e-4,3e-4,3e-4,0.0127,437,3e-4,NA,NA,NA,NA,NA,NA,0.3243,4e-4,437,0.805,0.3012,0,0.1911,0,Bayes-M10-med
Katuba,Haut-Katanga,2,FALSE,3e-4,2e-4,3e-4,3e-4,0.0132,432,4e-4,NA,NA,NA,NA,NA,NA,0.0463,1e-4,461,0.0502,0.0309,0,0.1042,0,Bayes-M10-med
Baka,Haut-Lomami,2,FALSE,3e-4,2e-4,3e-4,3e-4,0.0127,436,3e-4,NA,NA,NA,NA,NA,NA,0.4319,5e-4,421,0.4344,0.8919,0,0.4015,0,Bayes-M10-med
Kinda,Haut-Lomami,2,FALSE,3e-4,2e-4,4e-4,3e-4,0.0149,427,4e-4,NA,NA,NA,NA,NA,NA,0.5077,7e-4,401,0.9884,0.4266,0,0.6158,0,Bayes-M10-med
Kizu,Kongo-Central,2,FALSE,3e-4,2e-4,3e-4,3e-4,0.0125,438,3e-4,NA,NA,NA,NA,NA,NA,0.3113,4e-4,440,0.2973,0.8707,0,0.0772,0,Bayes-M10-med
Inga,Kongo-Central,2,FALSE,3e-4,3e-4,4e-4,3e-4,0.0169,417,5e-4,NA,NA,NA,NA,NA,NA,0.3847,6e-4,415,0.5212,0.8243,0,0.1931,0,Bayes-M10-med
Luozi,Kongo-Central,2,FALSE,3e-4,3e-4,4e-4,3e-4,0.016,419,4e-4,NA,NA,NA,NA,NA,NA,0.5241,8e-4,390,0.7355,0.8861,0,0.4749,0,Bayes-M10-med
Nzanza,Kongo-Central,2,FALSE,3e-4,2e-4,4e-4,3e-4,0.0137,430,4e-4,NA,NA,NA,NA,NA,NA,0.2172,3e-4,450,0.0888,0.6892,0,0.0907,0,Bayes-M10-med
Gombe Matadi,Kongo-Central,2,FALSE,3e-4,3e-4,4e-4,3e-4,0.0171,416,5e-4,NA,NA,NA,NA,NA,NA,0.4151,7e-4,406,0.6911,0.7857,0,0.1834,0,Bayes-M10-med
Kimpangu,Kongo-Central,2,FALSE,3e-4,2e-4,3e-4,3e-4,0.013,433,4e-4,NA,NA,NA,NA,NA,NA,0.4488,6e-4,419,0.7085,0.9344,0,0.1525,0,Bayes-M10-med
Kimvula,Kongo-Central,2,FALSE,3e-4,2e-4,4e-4,3e-4,0.0146,429,4e-4,NA,NA,NA,NA,NA,NA,0.569,8e-4,391,0.8629,0.8784,0,0.5347,0,Bayes-M10-med
Kajiji,Kwango,2,FALSE,3e-4,2e-4,3e-4,3e-4,0.0129,434,4e-4,NA,NA,NA,NA,NA,NA,0.3533,4e-4,430,0.7934,0.1544,0,0.4653,0,Bayes-M10-med
Mwela Lembwa,Kwango,2,FALSE,3e-4,2e-4,3e-4,3e-4,0.0135,431,4e-4,NA,NA,NA,NA,NA,NA,0.4397,6e-4,418,0.6506,0.3224,0,0.7857,0,Bayes-M10-med
Banzow Moke,Mai-Ndombe,2,FALSE,3e-4,2e-4,4e-4,3e-4,0.0152,423,4e-4,NA,NA,NA,NA,NA,NA,0.5236,8e-4,398,0.6892,0.5212,0,0.8842,0,Bayes-M10-med
Kiri,Mai-Ndombe,2,FALSE,3e-4,2e-4,4e-4,3e-4,0.015,426,4e-4,NA,NA,NA,NA,NA,NA,0.5685,8e-4,389,0.8745,0.4768,0,0.9228,0,Bayes-M10-med
Ntandembelo,Mai-Ndombe,2,FALSE,3e-4,2e-4,4e-4,3e-4,0.0147,428,4e-4,NA,NA,NA,NA,NA,NA,0.4595,6e-4,409,0.6023,0.4633,0,0.7722,0,Bayes-M10-med
Pendjwa,Mai-Ndombe,2,FALSE,3e-4,2e-4,3e-4,3e-4,0.0128,435,4e-4,NA,NA,NA,NA,NA,NA,0.4319,5e-4,420,0.7008,0.2124,0,0.8147,0,Bayes-M10-med
Yumbi,Mai-Ndombe,2,FALSE,3e-4,2e-4,4e-4,3e-4,0.0151,425,4e-4,NA,NA,NA,NA,NA,NA,0.2741,4e-4,436,0.4131,0.4015,0,0.2819,0,Bayes-M10-med
Bolobo,Mai-Ndombe,2,FALSE,3e-4,2e-4,4e-4,3e-4,0.0156,420,4e-4,NA,NA,NA,NA,NA,NA,0.3388,5e-4,422,0.6313,0.4981,0,0.2259,0,Bayes-M10-med
Bosobe,Mai-Ndombe,2,FALSE,3e-4,2e-4,4e-4,3e-4,0.0156,421,4e-4,NA,NA,NA,NA,NA,NA,0.4406,7e-4,407,0.4942,0.4093,0,0.8591,0,Bayes-M10-med
Mbaya,Sud-Ubangi,2,FALSE,3e-4,3e-4,4e-4,3e-4,0.0168,418,5e-4,NA,NA,NA,NA,NA,NA,0.3142,5e-4,423,0.3514,0.2239,0,0.6815,0,Bayes-M10-med
Bolenge,Equateur,2,FALSE,2e-4,1e-4,2e-4,2e-4,0.0078,454,2e-4,NA,NA,NA,NA,NA,NA,0.5391,4e-4,435,0.7954,0.8514,0,0.5097,0,Bayes-M10-med
Bomongo,Equateur,2,FALSE,2e-4,2e-4,3e-4,2e-4,0.0111,446,3e-4,NA,NA,NA,NA,NA,NA,0.5907,6e-4,414,0.9788,0.8475,0,0.5367,0,Bayes-M10-med
Kilela Balanda,Haut-Katanga,2,FALSE,2e-4,2e-4,3e-4,2e-4,0.0107,448,3e-4,NA,NA,NA,NA,NA,NA,0.3132,3e-4,446,0.9228,0.0927,0,0.2375,0,Bayes-M10-med
Vangu,Haut-Katanga,2,FALSE,2e-4,1e-4,2e-4,2e-4,0.0085,452,2e-4,NA,NA,NA,NA,NA,NA,0.1081,1e-4,460,0.1158,0.1699,0,0.1467,0,Bayes-M10-med
Bobozo,Kasaï-Central,2,FALSE,2e-4,2e-4,3e-4,2e-4,0.0115,444,3e-4,NA,NA,NA,NA,NA,NA,0.2336,3e-4,452,0.1602,0.2857,0,0.4884,0,Bayes-M10-med
Boma Bungu,Kongo-Central,2,FALSE,2e-4,2e-4,3e-4,2e-4,0.0106,449,3e-4,NA,NA,NA,NA,NA,NA,0.3209,3e-4,445,0.5811,0.5676,0,0.1351,0,Bayes-M10-med
Kinkonzi,Kongo-Central,2,FALSE,2e-4,2e-4,3e-4,2e-4,0.0108,447,3e-4,NA,NA,NA,NA,NA,NA,0.4252,4e-4,428,0.6236,0.8958,0,0.1815,0,Bayes-M10-med
Kuimba,Kongo-Central,2,FALSE,2e-4,2e-4,3e-4,2e-4,0.0115,443,3e-4,NA,NA,NA,NA,NA,NA,0.3069,3e-4,443,0.3784,0.8456,0,0.0039,0,Bayes-M10-med
Tshela,Kongo-Central,2,FALSE,2e-4,2e-4,3e-4,2e-4,0.012,441,3e-4,NA,NA,NA,NA,NA,NA,0.3282,4e-4,439,0.417,0.888,0,0.0077,0,Bayes-M10-med
Vaku,Kongo-Central,2,FALSE,2e-4,1e-4,2e-4,2e-4,0.0082,453,2e-4,NA,NA,NA,NA,NA,NA,0.4194,3e-4,444,0.5676,0.9421,0,0.168,0,Bayes-M10-med
Mangembo,Kongo-Central,2,FALSE,2e-4,2e-4,3e-4,2e-4,0.012,440,3e-4,NA,NA,NA,NA,NA,NA,0.3726,4e-4,431,0.5598,0.6641,0,0.2664,0,Bayes-M10-med
Nselo,Kongo-Central,2,FALSE,2e-4,2e-4,3e-4,2e-4,0.0115,445,3e-4,NA,NA,NA,NA,NA,NA,0.374,4e-4,434,0.6564,0.5347,0,0.305,0,Bayes-M10-med
Sona Bata,Kongo-Central,2,FALSE,2e-4,1e-4,2e-4,2e-4,0.0094,451,3e-4,NA,NA,NA,NA,NA,NA,0.43,4e-4,438,0.7259,0.7896,0,0.2046,0,Bayes-M10-med
Tembo,Kwango,2,FALSE,2e-4,2e-4,2e-4,2e-4,0.0096,450,3e-4,NA,NA,NA,NA,NA,NA,0.3205,3e-4,448,0.7876,0.3977,0,0.0965,0,Bayes-M10-med
Kitenda,Kwango,2,FALSE,2e-4,2e-4,3e-4,2e-4,0.0117,442,3e-4,NA,NA,NA,NA,NA,NA,0.376,4e-4,432,0.6641,0.4247,0,0.4151,0,Bayes-M10-med
Bunkeya,Lualaba,2,FALSE,2e-4,2e-4,3e-4,2e-4,0.0122,439,3e-4,NA,NA,NA,NA,NA,NA,0.4218,5e-4,424,0.8243,0.5019,0,0.361,0,Bayes-M10-med
Irebu,Equateur,2,FALSE,1e-4,0,1e-4,1e-4,0.0025,463,1e-4,NA,NA,NA,NA,NA,NA,0.5473,1e-4,457,0.9305,0.6776,0,0.5811,0,Bayes-M10-med
Lilanga Bobangi,Equateur,2,FALSE,1e-4,0,1e-4,1e-4,0.0031,461,1e-4,NA,NA,NA,NA,NA,NA,0.4117,1e-4,458,0.9382,0.2664,0,0.4421,0,Bayes-M10-med
Mampoko,Equateur,2,FALSE,1e-4,1e-4,1e-4,1e-4,0.0053,457,1e-4,NA,NA,NA,NA,NA,NA,0.5135,3e-4,451,0.8919,0.5058,0,0.6564,0,Bayes-M10-med
Ntondo,Equateur,2,FALSE,1e-4,1e-4,1e-4,1e-4,0.0052,458,1e-4,NA,NA,NA,NA,NA,NA,0.6125,3e-4,447,0.8996,0.7259,0,0.8243,0,Bayes-M10-med
Kamalondo,Haut-Katanga,2,FALSE,1e-4,0,1e-4,1e-4,0.003,462,1e-4,NA,NA,NA,NA,NA,NA,0.0352,0,464,0.029,0.0019,0,0.11,0,Bayes-M10-med
Kowe,Haut-Katanga,2,FALSE,1e-4,1e-4,1e-4,1e-4,0.0033,460,1e-4,NA,NA,NA,NA,NA,NA,0.07,0,463,0.0714,0.0811,0,0.1274,0,Bayes-M10-med
Kibunzi,Kongo-Central,2,FALSE,1e-4,1e-4,2e-4,1e-4,0.0062,455,2e-4,NA,NA,NA,NA,NA,NA,0.4175,2e-4,453,0.7046,0.5251,0,0.4402,0,Bayes-M10-med
Mutshatsha,Lualaba,2,FALSE,1e-4,1e-4,2e-4,1e-4,0.0061,456,2e-4,NA,NA,NA,NA,NA,NA,0.3808,2e-4,455,0.971,0.1023,0,0.4498,0,Bayes-M10-med
Mimia,Mai-Ndombe,2,FALSE,1e-4,1e-4,1e-4,1e-4,0.0043,459,1e-4,NA,NA,NA,NA,NA,NA,0.4841,2e-4,456,0.9614,0.0521,0,0.9228,0,Bayes-M10-med
Kitona,Kongo-Central,2,FALSE,0,0,0,0,0.0018,464,1e-4,NA,NA,NA,NA,NA,NA,0.293,1e-4,462,0.5907,0.5792,0,0.0019,0,Bayes-M10-med
Bokoro,Mai-Ndombe,2,FALSE,0,0,0,0,0,465,0,NA,NA,NA,NA,NA,NA,0.471,0,465,0.6873,0.5097,0,0.6873,0,Bayes-M10-med
Idjwi,Sud-Kivu,2,FALSE,0,0,0,0,0,465,0,NA,NA,NA,NA,NA,NA,0.3007,0,466,0.2992,0.8224,0,0.0811,0,Bayes-M10-med
Boma Mangbetu,Haut-Uele,2,TRUE,NA,NA,NA,NA,NA,NA,NA,NA,NA,NA,NA,NA,NA,0.4122,NA,NA,0.2857,0.5039,0,0.8591,0,Bayes-M10-med
Gombari,Haut-Uele,2,TRUE,NA,NA,NA,NA,NA,NA,NA,NA,NA,NA,NA,NA,NA,0.5772,NA,NA,0.9633,0.8012,0,0.5444,0,Bayes-M10-med
Isiro,Haut-Uele,2,TRUE,NA,NA,NA,NA,NA,NA,NA,NA,NA,NA,NA,NA,NA,0.5253,NA,NA,0.39,0.7587,0,0.9527,0,Bayes-M10-med
Pawa,Haut-Uele,2,TRUE,NA,NA,NA,NA,NA,NA,NA,NA,NA,NA,NA,NA,NA,0.4315,NA,NA,0.2934,0.5734,0,0.8591,0,Bayes-M10-med
Rungu,Haut-Uele,2,TRUE,NA,NA,NA,NA,NA,NA,NA,NA,NA,NA,NA,NA,NA,0.6474,NA,NA,0.8224,0.8031,0,0.9643,0,Bayes-M10-med
Wamba,Haut-Uele,2,TRUE,NA,NA,NA,NA,NA,NA,NA,NA,NA,NA,NA,NA,NA,0.4817,NA,NA,0.6737,0.4363,0,0.8166,0,Bayes-M10-med
Adja,Ituri,2,TRUE,NA,NA,NA,NA,NA,NA,NA,NA,NA,NA,NA,NA,NA,0.2645,NA,NA,0.249,0.4286,0,0.3803,0,Bayes-M10-med
Ariwara,Ituri,2,TRUE,NA,NA,NA,NA,NA,NA,NA,NA,NA,NA,NA,NA,NA,0.2862,NA,NA,0.1988,0.6988,0,0.2471,0,Bayes-M10-med
Aru,Ituri,2,TRUE,NA,NA,NA,NA,NA,NA,NA,NA,NA,NA,NA,NA,NA,0.3528,NA,NA,0.3012,0.8417,0,0.2683,0,Bayes-M10-med
Aungba,Ituri,2,TRUE,NA,NA,NA,NA,NA,NA,NA,NA,NA,NA,NA,NA,NA,0.3354,NA,NA,0.3108,0.6564,0,0.3745,0,Bayes-M10-med
Kambala,Ituri,2,TRUE,NA,NA,NA,NA,NA,NA,NA,NA,NA,NA,NA,NA,NA,0.347,NA,NA,0.3668,0.612,0,0.4093,0,Bayes-M10-med
Logo,Ituri,2,TRUE,NA,NA,NA,NA,NA,NA,NA,NA,NA,NA,NA,NA,NA,0.2384,NA,NA,0.1757,0.5927,0,0.1853,0,Bayes-M10-med
Mahagi,Ituri,2,TRUE,NA,NA,NA,NA,NA,NA,NA,NA,NA,NA,NA,NA,NA,0.2292,NA,NA,0.1718,0.6004,0,0.1448,0,Bayes-M10-med
Rimba,Ituri,2,TRUE,NA,NA,NA,NA,NA,NA,NA,NA,NA,NA,NA,NA,NA,0.306,NA,NA,0.2008,0.7124,0,0.3108,0,Bayes-M10-med
Bambu,Ituri,2,TRUE,NA,NA,NA,NA,NA,NA,NA,NA,NA,NA,NA,NA,NA,0.2399,NA,NA,0.2046,0.4691,0,0.2857,0,Bayes-M10-med
Boga,Ituri,2,TRUE,NA,NA,NA,NA,NA,NA,NA,NA,NA,NA,NA,NA,NA,0.264,NA,NA,0.3861,0.36870000000000003,0,0.3012,0,Bayes-M10-med
Bunia,Ituri,2,TRUE,NA,NA,NA,NA,NA,NA,NA,NA,NA,NA,NA,NA,NA,0.2326,NA,NA,0.1178,0.5637,0,0.249,0,Bayes-M10-med
Damas,Ituri,2,TRUE,NA,NA,NA,NA,NA,NA,NA,NA,NA,NA,NA,NA,NA,0.3224,NA,NA,0.4479,0.3282,0,0.5135,0,Bayes-M10-med
Drodro,Ituri,2,TRUE,NA,NA,NA,NA,NA,NA,NA,NA,NA,NA,NA,NA,NA,0.2674,NA,NA,0.2066,0.5907,0,0.2722,0,Bayes-M10-med
Fataki,Ituri,2,TRUE,NA,NA,NA,NA,NA,NA,NA,NA,NA,NA,NA,NA,NA,0.3185,NA,NA,0.2259,0.7201,0,0.3282,0,Bayes-M10-med
Gety,Ituri,2,TRUE,NA,NA,NA,NA,NA,NA,NA,NA,NA,NA,NA,NA,NA,0.2592,NA,NA,0.3359,0.2973,0,0.4035,0,Bayes-M10-med
Kilo,Ituri,2,TRUE,NA,NA,NA,NA,NA,NA,NA,NA,NA,NA,NA,NA,NA,0.1448,NA,NA,0.2201,0.0502,0,0.3089,0,Bayes-M10-med
Komanda,Ituri,2,TRUE,NA,NA,NA,NA,NA,NA,NA,NA,NA,NA,NA,NA,NA,0.2341,NA,NA,0.3089,0.1197,0,0.5077,0,Bayes-M10-med
Lita,Ituri,2,TRUE,NA,NA,NA,NA,NA,NA,NA,NA,NA,NA,NA,NA,NA,0.306,NA,NA,0.2761,0.7046,0,0.2432,0,Bayes-M10-med
Lolwa,Ituri,2,TRUE,NA,NA,NA,NA,NA,NA,NA,NA,NA,NA,NA,NA,NA,0.3205,NA,NA,0.6429,0,0,0.639,0,Bayes-M10-med
Mambasa,Ituri,2,TRUE,NA,NA,NA,NA,NA,NA,NA,NA,NA,NA,NA,NA,NA,0.4324,NA,NA,0.8842,0.2625,0,0.583,0,Bayes-M10-med
Mandima,Ituri,2,TRUE,NA,NA,NA,NA,NA,NA,NA,NA,NA,NA,NA,NA,NA,0.2659,NA,NA,0.4846,0.2896,0,0.2896,0,Bayes-M10-med
Mangala,Ituri,2,TRUE,NA,NA,NA,NA,NA,NA,NA,NA,NA,NA,NA,NA,NA,0.3021,NA,NA,0.305,0.6158,0,0.2876,0,Bayes-M10-med
Mongbwalu,Ituri,2,TRUE,NA,NA,NA,NA,NA,NA,NA,NA,NA,NA,NA,NA,NA,0.2616,NA,NA,0.4112,0.1834,0,0.4517,0,Bayes-M10-med
Nia Nia,Ituri,2,TRUE,NA,NA,NA,NA,NA,NA,NA,NA,NA,NA,NA,NA,NA,0.2978,NA,NA,0.666,0.0212,0,0.5039,0,Bayes-M10-med
Nizi,Ituri,2,TRUE,NA,NA,NA,NA,NA,NA,NA,NA,NA,NA,NA,NA,NA,0.1771,NA,NA,0.1544,0.3378,0,0.2162,0,Bayes-M10-med
Nyankunde,Ituri,2,TRUE,NA,NA,NA,NA,NA,NA,NA,NA,NA,NA,NA,NA,NA,0.2514,NA,NA,0.2838,0.2432,0,0.4788,0,Bayes-M10-med
Rwampara,Ituri,2,TRUE,NA,NA,NA,NA,NA,NA,NA,NA,NA,NA,NA,NA,NA,0.319,NA,NA,0.2375,0.7452,0,0.2934,0,Bayes-M10-med
Tchomia,Ituri,2,TRUE,NA,NA,NA,NA,NA,NA,NA,NA,NA,NA,NA,NA,NA,0.1998,NA,NA,0.2104,0.3745,0,0.2143,0,Bayes-M10-med
Beni,Nord-Kivu,2,TRUE,NA,NA,NA,NA,NA,NA,NA,NA,NA,NA,NA,NA,NA,0.1559,NA,NA,0.1525,0.2297,0,0.2413,0,Bayes-M10-med
Butembo,Nord-Kivu,2,TRUE,NA,NA,NA,NA,NA,NA,NA,NA,NA,NA,NA,NA,NA,0.1829,NA,NA,0.1139,0.388,0,0.2297,0,Bayes-M10-med
Kalunguta,Nord-Kivu,2,TRUE,NA,NA,NA,NA,NA,NA,NA,NA,NA,NA,NA,NA,NA,0.1559,NA,NA,0.195,0.2066,0,0.222,0,Bayes-M10-med
Katwa,Nord-Kivu,2,TRUE,NA,NA,NA,NA,NA,NA,NA,NA,NA,NA,NA,NA,NA,0.1998,NA,NA,0.0869,0.4846,0,0.2278,0,Bayes-M10-med
Kyondo,Nord-Kivu,2,TRUE,NA,NA,NA,NA,NA,NA,NA,NA,NA,NA,NA,NA,NA,0.3238,NA,NA,0.2954,0.7973,0,0.2027,0,Bayes-M10-med
Lubero,Nord-Kivu,2,TRUE,NA,NA,NA,NA,NA,NA,NA,NA,NA,NA,NA,NA,NA,0.4585,NA,NA,0.5734,0.9382,0,0.3224,0,Bayes-M10-med
Mabalako,Nord-Kivu,2,TRUE,NA,NA,NA,NA,NA,NA,NA,NA,NA,NA,NA,NA,NA,0.1573,NA,NA,0.1931,0.2046,0,0.2317,0,Bayes-M10-med
Masereka,Nord-Kivu,2,TRUE,NA,NA,NA,NA,NA,NA,NA,NA,NA,NA,NA,NA,NA,0.36870000000000003,NA,NA,0.2548,0.9807,0,0.2394,0,Bayes-M10-med
Musienene,Nord-Kivu,2,TRUE,NA,NA,NA,NA,NA,NA,NA,NA,NA,NA,NA,NA,NA,0.319,NA,NA,0.2645,0.7317,0,0.2799,0,Bayes-M10-med
Oicha,Nord-Kivu,2,TRUE,NA,NA,NA,NA,NA,NA,NA,NA,NA,NA,NA,NA,NA,0.3364,NA,NA,0.3243,0.7606,0,0.2606,0,Bayes-M10-med
Vuhovi,Nord-Kivu,2,TRUE,NA,NA,NA,NA,NA,NA,NA,NA,NA,NA,NA,NA,NA,0.2611,NA,NA,0.2027,0.6178,0,0.2239,0,Bayes-M10-med
Goma,Nord-Kivu,2,TRUE,NA,NA,NA,NA,NA,NA,NA,NA,NA,NA,NA,NA,NA,0.2669,NA,NA,0.1274,0.8977,0,0.0425,0,Bayes-M10-med
Miti Murhesa,Sud-Kivu,2,TRUE,NA,NA,NA,NA,NA,NA,NA,NA,NA,NA,NA,NA,NA,0.3277,NA,NA,0.2355,0.9131,0,0.1622,0,Bayes-M10-med
Bafwasende,Tshopo,2,TRUE,NA,NA,NA,NA,NA,NA,NA,NA,NA,NA,NA,NA,NA,0.4546,NA,NA,0.9073,0.2413,0,0.6699,0,Bayes-M10-med
Kabondo,Tshopo,2,TRUE,NA,NA,NA,NA,NA,NA,NA,NA,NA,NA,NA,NA,NA,0.18,NA,NA,0.1911,0.2722,0,0.2568,0,Bayes-M10-med
Lubunga (Tshopo),Tshopo,2,TRUE,NA,NA,NA,NA,NA,NA,NA,NA,NA,NA,NA,NA,NA,0.2288,NA,NA,0.2452,0.3436,0,0.3263,0,Bayes-M10-med
Makiso Kisangani,Tshopo,2,TRUE,NA,NA,NA,NA,NA,NA,NA,NA,NA,NA,NA,NA,NA,0.2355,NA,NA,0.1332,0.5309,0,0.278,0,Bayes-M10-med
Mangobo,Tshopo,2,TRUE,NA,NA,NA,NA,NA,NA,NA,NA,NA,NA,NA,NA,NA,0.2061,NA,NA,0.0792,0.4382,0,0.3069,0,Bayes-M10-med
Wanierukula,Tshopo,2,TRUE,NA,NA,NA,NA,NA,NA,NA,NA,NA,NA,NA,NA,NA,0.473,NA,NA,0.8436,0.5521,0,0.4961,0,Bayes-M10-med
