origin_date,target,horizon,location,target_end_date,output_type,output_type_id,value
2026-10-09,first confirmed case,1,Aba,2026-10-16,pmf,invasion,0.01143
2026-10-09,first confirmed case,1,Aba,2026-10-16,pmf,no invasion,0.98857
2026-10-09,first confirmed case,1,Abuzi,2026-10-16,pmf,invasion,0.000724
2026-10-09,first confirmed case,1,Abuzi,2026-10-16,pmf,no invasion,0.999276
2026-10-09,first confirmed case,1,Adi,2026-10-16,pmf,invasion,0.008724
2026-10-09,first confirmed case,1,Adi,2026-10-16,pmf,no invasion,0.991276
2026-10-09,first confirmed case,1,Aketi,2026-10-16,pmf,invasion,0.00325
2026-10-09,first confirmed case,1,Aketi,2026-10-16,pmf,no invasion,0.99675
2026-10-09,first confirmed case,1,Alunguli,2026-10-16,pmf,invasion,0.001011
2026-10-09,first confirmed case,1,Alunguli,2026-10-16,pmf,no invasion,0.998989
2026-10-09,first confirmed case,1,Angumu,2026-10-16,pmf,invasion,0.004825
2026-10-09,first confirmed case,1,Angumu,2026-10-16,pmf,no invasion,0.995175
2026-10-09,first confirmed case,1,Ankoro,2026-10-16,pmf,invasion,0.000398
2026-10-09,first confirmed case,1,Ankoro,2026-10-16,pmf,no invasion,0.999602
2026-10-09,first confirmed case,1,Bafwagbogbo,2026-10-16,pmf,invasion,0.012551
2026-10-09,first confirmed case,1,Bafwagbogbo,2026-10-16,pmf,no invasion,0.987449
2026-10-09,first confirmed case,1,Bagata,2026-10-16,pmf,invasion,0.000201
2026-10-09,first confirmed case,1,Bagata,2026-10-16,pmf,no invasion,0.999799
2026-10-09,first confirmed case,1,Bagira,2026-10-16,pmf,invasion,0.002113
2026-10-09,first confirmed case,1,Bagira,2026-10-16,pmf,no invasion,0.997887
2026-10-09,first confirmed case,1,Baka,2026-10-16,pmf,invasion,5.2e-05
2026-10-09,first confirmed case,1,Baka,2026-10-16,pmf,no invasion,0.999948
2026-10-09,first confirmed case,1,Bambo,2026-10-16,pmf,invasion,0.003607
2026-10-09,first confirmed case,1,Bambo,2026-10-16,pmf,no invasion,0.996393
2026-10-09,first confirmed case,1,Banalia,2026-10-16,pmf,invasion,0.016648
2026-10-09,first confirmed case,1,Banalia,2026-10-16,pmf,no invasion,0.983352
2026-10-09,first confirmed case,1,Bandalungwa,2026-10-16,pmf,invasion,0.000319
2026-10-09,first confirmed case,1,Bandalungwa,2026-10-16,pmf,no invasion,0.999681
2026-10-09,first confirmed case,1,Bandundu,2026-10-16,pmf,invasion,0.00013
2026-10-09,first confirmed case,1,Bandundu,2026-10-16,pmf,no invasion,0.99987
2026-10-09,first confirmed case,1,Banga Lubaka,2026-10-16,pmf,invasion,0.00011
2026-10-09,first confirmed case,1,Banga Lubaka,2026-10-16,pmf,no invasion,0.99989
2026-10-09,first confirmed case,1,Bangabola,2026-10-16,pmf,invasion,0.000286
2026-10-09,first confirmed case,1,Bangabola,2026-10-16,pmf,no invasion,0.999714
2026-10-09,first confirmed case,1,Banzow Moke,2026-10-16,pmf,invasion,9.7e-05
2026-10-09,first confirmed case,1,Banzow Moke,2026-10-16,pmf,no invasion,0.999903
2026-10-09,first confirmed case,1,Barumbu,2026-10-16,pmf,invasion,0.000337
2026-10-09,first confirmed case,1,Barumbu,2026-10-16,pmf,no invasion,0.999663
2026-10-09,first confirmed case,1,Basankusu,2026-10-16,pmf,invasion,0.000287
2026-10-09,first confirmed case,1,Basankusu,2026-10-16,pmf,no invasion,0.999713
2026-10-09,first confirmed case,1,Befale,2026-10-16,pmf,invasion,0.000282
2026-10-09,first confirmed case,1,Befale,2026-10-16,pmf,no invasion,0.999718
2026-10-09,first confirmed case,1,Bena Dibele,2026-10-16,pmf,invasion,0.000262
2026-10-09,first confirmed case,1,Bena Dibele,2026-10-16,pmf,no invasion,0.999738
2026-10-09,first confirmed case,1,Bena Leka,2026-10-16,pmf,invasion,0.000454
2026-10-09,first confirmed case,1,Bena Leka,2026-10-16,pmf,no invasion,0.999546
2026-10-09,first confirmed case,1,Bena Tshadi,2026-10-16,pmf,invasion,0.000141
2026-10-09,first confirmed case,1,Bena Tshadi,2026-10-16,pmf,no invasion,0.999859
2026-10-09,first confirmed case,1,Bengamisa,2026-10-16,pmf,invasion,0.004894
2026-10-09,first confirmed case,1,Bengamisa,2026-10-16,pmf,no invasion,0.995106
2026-10-09,first confirmed case,1,Bibanga,2026-10-16,pmf,invasion,0.000362
2026-10-09,first confirmed case,1,Bibanga,2026-10-16,pmf,no invasion,0.999638
2026-10-09,first confirmed case,1,Bikoro,2026-10-16,pmf,invasion,0.000135
2026-10-09,first confirmed case,1,Bikoro,2026-10-16,pmf,no invasion,0.999865
2026-10-09,first confirmed case,1,Bili (Bas-Uele),2026-10-16,pmf,invasion,0.002796
2026-10-09,first confirmed case,1,Bili (Bas-Uele),2026-10-16,pmf,no invasion,0.997204
2026-10-09,first confirmed case,1,Bili (Nord-Ubangi),2026-10-16,pmf,invasion,0.000748
2026-10-09,first confirmed case,1,Bili (Nord-Ubangi),2026-10-16,pmf,no invasion,0.999252
2026-10-09,first confirmed case,1,Bilomba,2026-10-16,pmf,invasion,0.000748
2026-10-09,first confirmed case,1,Bilomba,2026-10-16,pmf,no invasion,0.999252
2026-10-09,first confirmed case,1,Binga,2026-10-16,pmf,invasion,0.002531
2026-10-09,first confirmed case,1,Binga,2026-10-16,pmf,no invasion,0.997469
2026-10-09,first confirmed case,1,Binza,2026-10-16,pmf,invasion,0.002516
2026-10-09,first confirmed case,1,Binza,2026-10-16,pmf,no invasion,0.997484
2026-10-09,first confirmed case,1,Binza Meteo,2026-10-16,pmf,invasion,0.000432
2026-10-09,first confirmed case,1,Binza Meteo,2026-10-16,pmf,no invasion,0.999568
2026-10-09,first confirmed case,1,Binza Ozone,2026-10-16,pmf,invasion,0.00101
2026-10-09,first confirmed case,1,Binza Ozone,2026-10-16,pmf,no invasion,0.99899
2026-10-09,first confirmed case,1,Bipemba,2026-10-16,pmf,invasion,0.000352
2026-10-09,first confirmed case,1,Bipemba,2026-10-16,pmf,no invasion,0.999648
2026-10-09,first confirmed case,1,Birambizo,2026-10-16,pmf,invasion,0.001434
2026-10-09,first confirmed case,1,Birambizo,2026-10-16,pmf,no invasion,0.998566
2026-10-09,first confirmed case,1,Biringi,2026-10-16,pmf,invasion,0.022602
2026-10-09,first confirmed case,1,Biringi,2026-10-16,pmf,no invasion,0.977398
2026-10-09,first confirmed case,1,Biyela,2026-10-16,pmf,invasion,8.4e-05
2026-10-09,first confirmed case,1,Biyela,2026-10-16,pmf,no invasion,0.999916
2026-10-09,first confirmed case,1,Bobozo,2026-10-16,pmf,invasion,0.000155
2026-10-09,first confirmed case,1,Bobozo,2026-10-16,pmf,no invasion,0.999845
2026-10-09,first confirmed case,1,Boende,2026-10-16,pmf,invasion,0.000482
2026-10-09,first confirmed case,1,Boende,2026-10-16,pmf,no invasion,0.999518
2026-10-09,first confirmed case,1,Bogosenubea,2026-10-16,pmf,invasion,0.00052
2026-10-09,first confirmed case,1,Bogosenubea,2026-10-16,pmf,no invasion,0.99948
2026-10-09,first confirmed case,1,Boko,2026-10-16,pmf,invasion,0.000283
2026-10-09,first confirmed case,1,Boko,2026-10-16,pmf,no invasion,0.999717
2026-10-09,first confirmed case,1,Boko Kivulu,2026-10-16,pmf,invasion,0.000101
2026-10-09,first confirmed case,1,Boko Kivulu,2026-10-16,pmf,no invasion,0.999899
2026-10-09,first confirmed case,1,Bokonzi,2026-10-16,pmf,invasion,0.000166
2026-10-09,first confirmed case,1,Bokonzi,2026-10-16,pmf,no invasion,0.999834
2026-10-09,first confirmed case,1,Bokoro,2026-10-16,pmf,invasion,0.000398
2026-10-09,first confirmed case,1,Bokoro,2026-10-16,pmf,no invasion,0.999602
2026-10-09,first confirmed case,1,Bokungu,2026-10-16,pmf,invasion,0.001277
2026-10-09,first confirmed case,1,Bokungu,2026-10-16,pmf,no invasion,0.998723
2026-10-09,first confirmed case,1,Bolenge,2026-10-16,pmf,invasion,0.000176
2026-10-09,first confirmed case,1,Bolenge,2026-10-16,pmf,no invasion,0.999824
2026-10-09,first confirmed case,1,Bolobo,2026-10-16,pmf,invasion,0.000126
2026-10-09,first confirmed case,1,Bolobo,2026-10-16,pmf,no invasion,0.999874
2026-10-09,first confirmed case,1,Bolomba,2026-10-16,pmf,invasion,0.000277
2026-10-09,first confirmed case,1,Bolomba,2026-10-16,pmf,no invasion,0.999723
2026-10-09,first confirmed case,1,Boma,2026-10-16,pmf,invasion,5.4e-05
2026-10-09,first confirmed case,1,Boma,2026-10-16,pmf,no invasion,0.999946
2026-10-09,first confirmed case,1,Boma Bungu,2026-10-16,pmf,invasion,3.2e-05
2026-10-09,first confirmed case,1,Boma Bungu,2026-10-16,pmf,no invasion,0.999968
2026-10-09,first confirmed case,1,Bominenge,2026-10-16,pmf,invasion,0.00045
2026-10-09,first confirmed case,1,Bominenge,2026-10-16,pmf,no invasion,0.99955
2026-10-09,first confirmed case,1,Bomongo,2026-10-16,pmf,invasion,5.9e-05
2026-10-09,first confirmed case,1,Bomongo,2026-10-16,pmf,no invasion,0.999941
2026-10-09,first confirmed case,1,Bondo,2026-10-16,pmf,invasion,0.005026
2026-10-09,first confirmed case,1,Bondo,2026-10-16,pmf,no invasion,0.994974
2026-10-09,first confirmed case,1,Bongandanga,2026-10-16,pmf,invasion,0.000492
2026-10-09,first confirmed case,1,Bongandanga,2026-10-16,pmf,no invasion,0.999508
2026-10-09,first confirmed case,1,Bonzola,2026-10-16,pmf,invasion,0.000742
2026-10-09,first confirmed case,1,Bonzola,2026-10-16,pmf,no invasion,0.999258
2026-10-09,first confirmed case,1,Boso Manzi,2026-10-16,pmf,invasion,0.000328
2026-10-09,first confirmed case,1,Boso Manzi,2026-10-16,pmf,no invasion,0.999672
2026-10-09,first confirmed case,1,Boso Mondanda,2026-10-16,pmf,invasion,0.000208
2026-10-09,first confirmed case,1,Boso Mondanda,2026-10-16,pmf,no invasion,0.999792
2026-10-09,first confirmed case,1,Bosobe,2026-10-16,pmf,invasion,9.8e-05
2026-10-09,first confirmed case,1,Bosobe,2026-10-16,pmf,no invasion,0.999902
2026-10-09,first confirmed case,1,Bosobolo,2026-10-16,pmf,invasion,0.000299
2026-10-09,first confirmed case,1,Bosobolo,2026-10-16,pmf,no invasion,0.999701
2026-10-09,first confirmed case,1,Bosondjo,2026-10-16,pmf,invasion,0.00037
2026-10-09,first confirmed case,1,Bosondjo,2026-10-16,pmf,no invasion,0.99963
2026-10-09,first confirmed case,1,Boto,2026-10-16,pmf,invasion,0.000206
2026-10-09,first confirmed case,1,Boto,2026-10-16,pmf,no invasion,0.999794
2026-10-09,first confirmed case,1,Budjala,2026-10-16,pmf,invasion,0.006283
2026-10-09,first confirmed case,1,Budjala,2026-10-16,pmf,no invasion,0.993717
2026-10-09,first confirmed case,1,Bukama,2026-10-16,pmf,invasion,0.000306
2026-10-09,first confirmed case,1,Bukama,2026-10-16,pmf,no invasion,0.999694
2026-10-09,first confirmed case,1,Bulape,2026-10-16,pmf,invasion,0.000474
2026-10-09,first confirmed case,1,Bulape,2026-10-16,pmf,no invasion,0.999526
2026-10-09,first confirmed case,1,Bulungu,2026-10-16,pmf,invasion,0.00044
2026-10-09,first confirmed case,1,Bulungu,2026-10-16,pmf,no invasion,0.99956
2026-10-09,first confirmed case,1,Bumba,2026-10-16,pmf,invasion,0.003509
2026-10-09,first confirmed case,1,Bumba,2026-10-16,pmf,no invasion,0.996491
2026-10-09,first confirmed case,1,Bumbu,2026-10-16,pmf,invasion,5.6e-05
2026-10-09,first confirmed case,1,Bumbu,2026-10-16,pmf,no invasion,0.999944
2026-10-09,first confirmed case,1,Bunkeya,2026-10-16,pmf,invasion,4.7e-05
2026-10-09,first confirmed case,1,Bunkeya,2026-10-16,pmf,no invasion,0.999953
2026-10-09,first confirmed case,1,Bunkonde,2026-10-16,pmf,invasion,0.000568
2026-10-09,first confirmed case,1,Bunkonde,2026-10-16,pmf,no invasion,0.999432
2026-10-09,first confirmed case,1,Bunyakiri,2026-10-16,pmf,invasion,0.001559
2026-10-09,first confirmed case,1,Bunyakiri,2026-10-16,pmf,no invasion,0.998441
2026-10-09,first confirmed case,1,Busanga,2026-10-16,pmf,invasion,0.000162
2026-10-09,first confirmed case,1,Busanga,2026-10-16,pmf,no invasion,0.999838
2026-10-09,first confirmed case,1,Businga,2026-10-16,pmf,invasion,0.000537
2026-10-09,first confirmed case,1,Businga,2026-10-16,pmf,no invasion,0.999463
2026-10-09,first confirmed case,1,Butumba,2026-10-16,pmf,invasion,0.000306
2026-10-09,first confirmed case,1,Butumba,2026-10-16,pmf,no invasion,0.999694
2026-10-09,first confirmed case,1,Bwamanda,2026-10-16,pmf,invasion,0.000527
2026-10-09,first confirmed case,1,Bwamanda,2026-10-16,pmf,no invasion,0.999473
2026-10-09,first confirmed case,1,Cilundu,2026-10-16,pmf,invasion,0.001031
2026-10-09,first confirmed case,1,Cilundu,2026-10-16,pmf,no invasion,0.998969
2026-10-09,first confirmed case,1,Citenge,2026-10-16,pmf,invasion,0.000306
2026-10-09,first confirmed case,1,Citenge,2026-10-16,pmf,no invasion,0.999694
2026-10-09,first confirmed case,1,Dekese,2026-10-16,pmf,invasion,0.000188
2026-10-09,first confirmed case,1,Dekese,2026-10-16,pmf,no invasion,0.999812
2026-10-09,first confirmed case,1,Demba,2026-10-16,pmf,invasion,0.000438
2026-10-09,first confirmed case,1,Demba,2026-10-16,pmf,no invasion,0.999562
2026-10-09,first confirmed case,1,Dibaya,2026-10-16,pmf,invasion,0.001114
2026-10-09,first confirmed case,1,Dibaya,2026-10-16,pmf,no invasion,0.998886
2026-10-09,first confirmed case,1,Dibindi,2026-10-16,pmf,invasion,0.000274
2026-10-09,first confirmed case,1,Dibindi,2026-10-16,pmf,no invasion,0.999726
2026-10-09,first confirmed case,1,Dikungu,2026-10-16,pmf,invasion,0.000468
2026-10-09,first confirmed case,1,Dikungu,2026-10-16,pmf,no invasion,0.999532
2026-10-09,first confirmed case,1,Dilala,2026-10-16,pmf,invasion,0.000159
2026-10-09,first confirmed case,1,Dilala,2026-10-16,pmf,no invasion,0.999841
2026-10-09,first confirmed case,1,Dilolo,2026-10-16,pmf,invasion,1.3e-05
2026-10-09,first confirmed case,1,Dilolo,2026-10-16,pmf,no invasion,0.999987
2026-10-09,first confirmed case,1,Diulu,2026-10-16,pmf,invasion,0.000428
2026-10-09,first confirmed case,1,Diulu,2026-10-16,pmf,no invasion,0.999572
2026-10-09,first confirmed case,1,Djalo Ndjeka,2026-10-16,pmf,invasion,0.000247
2026-10-09,first confirmed case,1,Djalo Ndjeka,2026-10-16,pmf,no invasion,0.999753
2026-10-09,first confirmed case,1,Djolu,2026-10-16,pmf,invasion,0.001428
2026-10-09,first confirmed case,1,Djolu,2026-10-16,pmf,no invasion,0.998572
2026-10-09,first confirmed case,1,Djombo,2026-10-16,pmf,invasion,0.000337
2026-10-09,first confirmed case,1,Djombo,2026-10-16,pmf,no invasion,0.999663
2026-10-09,first confirmed case,1,Djuma,2026-10-16,pmf,invasion,0.000275
2026-10-09,first confirmed case,1,Djuma,2026-10-16,pmf,no invasion,0.999725
2026-10-09,first confirmed case,1,Doruma,2026-10-16,pmf,invasion,0.004306
2026-10-09,first confirmed case,1,Doruma,2026-10-16,pmf,no invasion,0.995694
2026-10-09,first confirmed case,1,Faradje,2026-10-16,pmf,invasion,0.009239
2026-10-09,first confirmed case,1,Faradje,2026-10-16,pmf,no invasion,0.990761
2026-10-09,first confirmed case,1,Ferekeni,2026-10-16,pmf,invasion,0.000382
2026-10-09,first confirmed case,1,Ferekeni,2026-10-16,pmf,no invasion,0.999618
2026-10-09,first confirmed case,1,Feshi,2026-10-16,pmf,invasion,0.000189
2026-10-09,first confirmed case,1,Feshi,2026-10-16,pmf,no invasion,0.999811
2026-10-09,first confirmed case,1,Fizi,2026-10-16,pmf,invasion,0.003231
2026-10-09,first confirmed case,1,Fizi,2026-10-16,pmf,no invasion,0.996769
2026-10-09,first confirmed case,1,Fungurume,2026-10-16,pmf,invasion,0.000209
2026-10-09,first confirmed case,1,Fungurume,2026-10-16,pmf,no invasion,0.999791
2026-10-09,first confirmed case,1,Gbadolite,2026-10-16,pmf,invasion,0.000183
2026-10-09,first confirmed case,1,Gbadolite,2026-10-16,pmf,no invasion,0.999817
2026-10-09,first confirmed case,1,Gemena,2026-10-16,pmf,invasion,0.002432
2026-10-09,first confirmed case,1,Gemena,2026-10-16,pmf,no invasion,0.997568
2026-10-09,first confirmed case,1,Gombe,2026-10-16,pmf,invasion,0.001477
2026-10-09,first confirmed case,1,Gombe,2026-10-16,pmf,no invasion,0.998523
2026-10-09,first confirmed case,1,Gombe Matadi,2026-10-16,pmf,invasion,0.000146
2026-10-09,first confirmed case,1,Gombe Matadi,2026-10-16,pmf,no invasion,0.999854
2026-10-09,first confirmed case,1,Gungu,2026-10-16,pmf,invasion,0.000297
2026-10-09,first confirmed case,1,Gungu,2026-10-16,pmf,no invasion,0.999703
2026-10-09,first confirmed case,1,Haut Plateau,2026-10-16,pmf,invasion,0.000711
2026-10-09,first confirmed case,1,Haut Plateau,2026-10-16,pmf,no invasion,0.999289
2026-10-09,first confirmed case,1,Ibanda,2026-10-16,pmf,invasion,0.00712
2026-10-09,first confirmed case,1,Ibanda,2026-10-16,pmf,no invasion,0.99288
2026-10-09,first confirmed case,1,Iboko,2026-10-16,pmf,invasion,0.000298
2026-10-09,first confirmed case,1,Iboko,2026-10-16,pmf,no invasion,0.999703
2026-10-09,first confirmed case,1,Idiofa,2026-10-16,pmf,invasion,0.00067
2026-10-09,first confirmed case,1,Idiofa,2026-10-16,pmf,no invasion,0.99933
2026-10-09,first confirmed case,1,Idjwi,2026-10-16,pmf,invasion,0.000738
2026-10-09,first confirmed case,1,Idjwi,2026-10-16,pmf,no invasion,0.999262
2026-10-09,first confirmed case,1,Ikela,2026-10-16,pmf,invasion,0.001401
2026-10-09,first confirmed case,1,Ikela,2026-10-16,pmf,no invasion,0.998599
2026-10-09,first confirmed case,1,Ilebo,2026-10-16,pmf,invasion,0.000222
2026-10-09,first confirmed case,1,Ilebo,2026-10-16,pmf,no invasion,0.999778
2026-10-09,first confirmed case,1,Inga,2026-10-16,pmf,invasion,5.2e-05
2026-10-09,first confirmed case,1,Inga,2026-10-16,pmf,no invasion,0.999948
2026-10-09,first confirmed case,1,Ingende,2026-10-16,pmf,invasion,0.000174
2026-10-09,first confirmed case,1,Ingende,2026-10-16,pmf,no invasion,0.999826
2026-10-09,first confirmed case,1,Inongo,2026-10-16,pmf,invasion,0.000167
2026-10-09,first confirmed case,1,Inongo,2026-10-16,pmf,no invasion,0.999833
2026-10-09,first confirmed case,1,Ipamu,2026-10-16,pmf,invasion,0.000316
2026-10-09,first confirmed case,1,Ipamu,2026-10-16,pmf,no invasion,0.999684
2026-10-09,first confirmed case,1,Irebu,2026-10-16,pmf,invasion,0.000102
2026-10-09,first confirmed case,1,Irebu,2026-10-16,pmf,no invasion,0.999898
2026-10-09,first confirmed case,1,Isangi,2026-10-16,pmf,invasion,0.005015
2026-10-09,first confirmed case,1,Isangi,2026-10-16,pmf,no invasion,0.994985
2026-10-09,first confirmed case,1,Itebero,2026-10-16,pmf,invasion,0.001066
2026-10-09,first confirmed case,1,Itebero,2026-10-16,pmf,no invasion,0.998934
2026-10-09,first confirmed case,1,Itombwe,2026-10-16,pmf,invasion,0.000361
2026-10-09,first confirmed case,1,Itombwe,2026-10-16,pmf,no invasion,0.999639
2026-10-09,first confirmed case,1,Jiba,2026-10-16,pmf,invasion,0.055055
2026-10-09,first confirmed case,1,Jiba,2026-10-16,pmf,no invasion,0.944945
2026-10-09,first confirmed case,1,Kabalo,2026-10-16,pmf,invasion,0.00114
2026-10-09,first confirmed case,1,Kabalo,2026-10-16,pmf,no invasion,0.99886
2026-10-09,first confirmed case,1,Kabambare,2026-10-16,pmf,invasion,0.000547
2026-10-09,first confirmed case,1,Kabambare,2026-10-16,pmf,no invasion,0.999453
2026-10-09,first confirmed case,1,Kabare,2026-10-16,pmf,invasion,0.002163
2026-10-09,first confirmed case,1,Kabare,2026-10-16,pmf,no invasion,0.997837
2026-10-09,first confirmed case,1,Kabeya Kamwanga,2026-10-16,pmf,invasion,0.000555
2026-10-09,first confirmed case,1,Kabeya Kamwanga,2026-10-16,pmf,no invasion,0.999445
2026-10-09,first confirmed case,1,Kabinda,2026-10-16,pmf,invasion,0.001415
2026-10-09,first confirmed case,1,Kabinda,2026-10-16,pmf,no invasion,0.998585
2026-10-09,first confirmed case,1,Kabondo Dianda,2026-10-16,pmf,invasion,0.000272
2026-10-09,first confirmed case,1,Kabondo Dianda,2026-10-16,pmf,no invasion,0.999728
2026-10-09,first confirmed case,1,Kabongo,2026-10-16,pmf,invasion,0.000693
2026-10-09,first confirmed case,1,Kabongo,2026-10-16,pmf,no invasion,0.999307
2026-10-09,first confirmed case,1,Kadutu,2026-10-16,pmf,invasion,0.004979
2026-10-09,first confirmed case,1,Kadutu,2026-10-16,pmf,no invasion,0.995021
2026-10-09,first confirmed case,1,Kafakumba,2026-10-16,pmf,invasion,0.000429
2026-10-09,first confirmed case,1,Kafakumba,2026-10-16,pmf,no invasion,0.999571
2026-10-09,first confirmed case,1,Kafubu,2026-10-16,pmf,invasion,0.000129
2026-10-09,first confirmed case,1,Kafubu,2026-10-16,pmf,no invasion,0.999871
2026-10-09,first confirmed case,1,Kahemba,2026-10-16,pmf,invasion,0.000138
2026-10-09,first confirmed case,1,Kahemba,2026-10-16,pmf,no invasion,0.999862
2026-10-09,first confirmed case,1,Kailo,2026-10-16,pmf,invasion,0.001156
2026-10-09,first confirmed case,1,Kailo,2026-10-16,pmf,no invasion,0.998844
2026-10-09,first confirmed case,1,Kajiji,2026-10-16,pmf,invasion,5.6e-05
2026-10-09,first confirmed case,1,Kajiji,2026-10-16,pmf,no invasion,0.999944
2026-10-09,first confirmed case,1,Kakenge,2026-10-16,pmf,invasion,0.000251
2026-10-09,first confirmed case,1,Kakenge,2026-10-16,pmf,no invasion,0.999749
2026-10-09,first confirmed case,1,Kalamba,2026-10-16,pmf,invasion,0.000169
2026-10-09,first confirmed case,1,Kalamba,2026-10-16,pmf,no invasion,0.999831
2026-10-09,first confirmed case,1,Kalambayi Kabanga,2026-10-16,pmf,invasion,0.000429
2026-10-09,first confirmed case,1,Kalambayi Kabanga,2026-10-16,pmf,no invasion,0.999571
2026-10-09,first confirmed case,1,Kalamu 1,2026-10-16,pmf,invasion,0.000471
2026-10-09,first confirmed case,1,Kalamu 1,2026-10-16,pmf,no invasion,0.999529
2026-10-09,first confirmed case,1,Kalamu 2,2026-10-16,pmf,invasion,0.000105
2026-10-09,first confirmed case,1,Kalamu 2,2026-10-16,pmf,no invasion,0.999895
2026-10-09,first confirmed case,1,Kalehe,2026-10-16,pmf,invasion,0.001511
2026-10-09,first confirmed case,1,Kalehe,2026-10-16,pmf,no invasion,0.998489
2026-10-09,first confirmed case,1,Kalemie,2026-10-16,pmf,invasion,0.001342
2026-10-09,first confirmed case,1,Kalemie,2026-10-16,pmf,no invasion,0.998658
2026-10-09,first confirmed case,1,Kalenda,2026-10-16,pmf,invasion,0.000438
2026-10-09,first confirmed case,1,Kalenda,2026-10-16,pmf,no invasion,0.999562
2026-10-09,first confirmed case,1,Kalima,2026-10-16,pmf,invasion,0.001738
2026-10-09,first confirmed case,1,Kalima,2026-10-16,pmf,no invasion,0.998262
2026-10-09,first confirmed case,1,Kalole,2026-10-16,pmf,invasion,0.001136
2026-10-09,first confirmed case,1,Kalole,2026-10-16,pmf,no invasion,0.998864
2026-10-09,first confirmed case,1,Kalomba,2026-10-16,pmf,invasion,0.000436
2026-10-09,first confirmed case,1,Kalomba,2026-10-16,pmf,no invasion,0.999564
2026-10-09,first confirmed case,1,Kalonda Est,2026-10-16,pmf,invasion,0.000339
2026-10-09,first confirmed case,1,Kalonda Est,2026-10-16,pmf,no invasion,0.999661
2026-10-09,first confirmed case,1,Kalonda Ouest,2026-10-16,pmf,invasion,0.000377
2026-10-09,first confirmed case,1,Kalonda Ouest,2026-10-16,pmf,no invasion,0.999623
2026-10-09,first confirmed case,1,Kalonge,2026-10-16,pmf,invasion,0.000776
2026-10-09,first confirmed case,1,Kalonge,2026-10-16,pmf,no invasion,0.999224
2026-10-09,first confirmed case,1,Kamalondo,2026-10-16,pmf,invasion,0.000135
2026-10-09,first confirmed case,1,Kamalondo,2026-10-16,pmf,no invasion,0.999865
2026-10-09,first confirmed case,1,Kamana,2026-10-16,pmf,invasion,0.000459
2026-10-09,first confirmed case,1,Kamana,2026-10-16,pmf,no invasion,0.999541
2026-10-09,first confirmed case,1,Kamango,2026-10-16,pmf,invasion,0.009326
2026-10-09,first confirmed case,1,Kamango,2026-10-16,pmf,no invasion,0.990674
2026-10-09,first confirmed case,1,Kambove,2026-10-16,pmf,invasion,0.00014
2026-10-09,first confirmed case,1,Kambove,2026-10-16,pmf,no invasion,0.99986
2026-10-09,first confirmed case,1,Kamiji,2026-10-16,pmf,invasion,0.000618
2026-10-09,first confirmed case,1,Kamiji,2026-10-16,pmf,no invasion,0.999382
2026-10-09,first confirmed case,1,Kamina,2026-10-16,pmf,invasion,0.000457
2026-10-09,first confirmed case,1,Kamina,2026-10-16,pmf,no invasion,0.999543
2026-10-09,first confirmed case,1,Kamituga,2026-10-16,pmf,invasion,0.000941
2026-10-09,first confirmed case,1,Kamituga,2026-10-16,pmf,no invasion,0.999059
2026-10-09,first confirmed case,1,Kamonia,2026-10-16,pmf,invasion,4.8e-05
2026-10-09,first confirmed case,1,Kamonia,2026-10-16,pmf,no invasion,0.999952
2026-10-09,first confirmed case,1,Kampemba,2026-10-16,pmf,invasion,0.000237
2026-10-09,first confirmed case,1,Kampemba,2026-10-16,pmf,no invasion,0.999763
2026-10-09,first confirmed case,1,Kampene,2026-10-16,pmf,invasion,0.001207
2026-10-09,first confirmed case,1,Kampene,2026-10-16,pmf,no invasion,0.998793
2026-10-09,first confirmed case,1,Kamwesha,2026-10-16,pmf,invasion,0.000466
2026-10-09,first confirmed case,1,Kamwesha,2026-10-16,pmf,no invasion,0.999534
2026-10-09,first confirmed case,1,Kananga,2026-10-16,pmf,invasion,0.000841
2026-10-09,first confirmed case,1,Kananga,2026-10-16,pmf,no invasion,0.999159
2026-10-09,first confirmed case,1,Kanda Kanda,2026-10-16,pmf,invasion,0.000528
2026-10-09,first confirmed case,1,Kanda Kanda,2026-10-16,pmf,no invasion,0.999472
2026-10-09,first confirmed case,1,Kangu,2026-10-16,pmf,invasion,4.3e-05
2026-10-09,first confirmed case,1,Kangu,2026-10-16,pmf,no invasion,0.999957
2026-10-09,first confirmed case,1,Kaniama,2026-10-16,pmf,invasion,0.000626
2026-10-09,first confirmed case,1,Kaniama,2026-10-16,pmf,no invasion,0.999374
2026-10-09,first confirmed case,1,Kaniola,2026-10-16,pmf,invasion,0.001269
2026-10-09,first confirmed case,1,Kaniola,2026-10-16,pmf,no invasion,0.998731
2026-10-09,first confirmed case,1,Kansele,2026-10-16,pmf,invasion,0.000283
2026-10-09,first confirmed case,1,Kansele,2026-10-16,pmf,no invasion,0.999717
2026-10-09,first confirmed case,1,Kansimba,2026-10-16,pmf,invasion,0.000429
2026-10-09,first confirmed case,1,Kansimba,2026-10-16,pmf,no invasion,0.999571
2026-10-09,first confirmed case,1,Kanzala,2026-10-16,pmf,invasion,0.000454
2026-10-09,first confirmed case,1,Kanzala,2026-10-16,pmf,no invasion,0.999546
2026-10-09,first confirmed case,1,Kanzenze,2026-10-16,pmf,invasion,6.8e-05
2026-10-09,first confirmed case,1,Kanzenze,2026-10-16,pmf,no invasion,0.999932
2026-10-09,first confirmed case,1,Kapanga,2026-10-16,pmf,invasion,0.000172
2026-10-09,first confirmed case,1,Kapanga,2026-10-16,pmf,no invasion,0.999828
2026-10-09,first confirmed case,1,Kapolowe,2026-10-16,pmf,invasion,0.000142
2026-10-09,first confirmed case,1,Kapolowe,2026-10-16,pmf,no invasion,0.999858
2026-10-09,first confirmed case,1,Karawa,2026-10-16,pmf,invasion,0.000548
2026-10-09,first confirmed case,1,Karawa,2026-10-16,pmf,no invasion,0.999452
2026-10-09,first confirmed case,1,Karisimbi,2026-10-16,pmf,invasion,0.004189
2026-10-09,first confirmed case,1,Karisimbi,2026-10-16,pmf,no invasion,0.995811
2026-10-09,first confirmed case,1,Kasa Vubu,2026-10-16,pmf,invasion,0.000506
2026-10-09,first confirmed case,1,Kasa Vubu,2026-10-16,pmf,no invasion,0.999494
2026-10-09,first confirmed case,1,Kasaji,2026-10-16,pmf,invasion,0.000225
2026-10-09,first confirmed case,1,Kasaji,2026-10-16,pmf,no invasion,0.999775
2026-10-09,first confirmed case,1,Kasansa,2026-10-16,pmf,invasion,0.000691
2026-10-09,first confirmed case,1,Kasansa,2026-10-16,pmf,no invasion,0.999309
2026-10-09,first confirmed case,1,Kasenga,2026-10-16,pmf,invasion,6.4e-05
2026-10-09,first confirmed case,1,Kasenga,2026-10-16,pmf,no invasion,0.999936
2026-10-09,first confirmed case,1,Kashobwe,2026-10-16,pmf,invasion,2.7e-05
2026-10-09,first confirmed case,1,Kashobwe,2026-10-16,pmf,no invasion,0.999973
2026-10-09,first confirmed case,1,Kasongo,2026-10-16,pmf,invasion,0.002426
2026-10-09,first confirmed case,1,Kasongo,2026-10-16,pmf,no invasion,0.997574
2026-10-09,first confirmed case,1,Kasongo Lunda,2026-10-16,pmf,invasion,3.9e-05
2026-10-09,first confirmed case,1,Kasongo Lunda,2026-10-16,pmf,no invasion,0.999961
2026-10-09,first confirmed case,1,Katako Kombe,2026-10-16,pmf,invasion,0.000505
2026-10-09,first confirmed case,1,Katako Kombe,2026-10-16,pmf,no invasion,0.999495
2026-10-09,first confirmed case,1,Katana,2026-10-16,pmf,invasion,0.002126
2026-10-09,first confirmed case,1,Katana,2026-10-16,pmf,no invasion,0.997874
2026-10-09,first confirmed case,1,Katende,2026-10-16,pmf,invasion,0.000382
2026-10-09,first confirmed case,1,Katende,2026-10-16,pmf,no invasion,0.999618
2026-10-09,first confirmed case,1,Katoka,2026-10-16,pmf,invasion,0.000442
2026-10-09,first confirmed case,1,Katoka,2026-10-16,pmf,no invasion,0.999558
2026-10-09,first confirmed case,1,Katoyi,2026-10-16,pmf,invasion,0.003799
2026-10-09,first confirmed case,1,Katoyi,2026-10-16,pmf,no invasion,0.996201
2026-10-09,first confirmed case,1,Katuba,2026-10-16,pmf,invasion,3.3e-05
2026-10-09,first confirmed case,1,Katuba,2026-10-16,pmf,no invasion,0.999967
2026-10-09,first confirmed case,1,Kayamba,2026-10-16,pmf,invasion,0.000162
2026-10-09,first confirmed case,1,Kayamba,2026-10-16,pmf,no invasion,0.999838
2026-10-09,first confirmed case,1,Kaziba,2026-10-16,pmf,invasion,0.000754
2026-10-09,first confirmed case,1,Kaziba,2026-10-16,pmf,no invasion,0.999246
2026-10-09,first confirmed case,1,Kenge,2026-10-16,pmf,invasion,0.000576
2026-10-09,first confirmed case,1,Kenge,2026-10-16,pmf,no invasion,0.999424
2026-10-09,first confirmed case,1,Kenya,2026-10-16,pmf,invasion,0.000203
2026-10-09,first confirmed case,1,Kenya,2026-10-16,pmf,no invasion,0.999797
2026-10-09,first confirmed case,1,Kiambi,2026-10-16,pmf,invasion,0.000414
2026-10-09,first confirmed case,1,Kiambi,2026-10-16,pmf,no invasion,0.999586
2026-10-09,first confirmed case,1,Kibirizi,2026-10-16,pmf,invasion,0.023214
2026-10-09,first confirmed case,1,Kibirizi,2026-10-16,pmf,no invasion,0.976786
2026-10-09,first confirmed case,1,Kibombo,2026-10-16,pmf,invasion,0.000606
2026-10-09,first confirmed case,1,Kibombo,2026-10-16,pmf,no invasion,0.999394
2026-10-09,first confirmed case,1,Kibua,2026-10-16,pmf,invasion,0.002003
2026-10-09,first confirmed case,1,Kibua,2026-10-16,pmf,no invasion,0.997997
2026-10-09,first confirmed case,1,Kibunzi,2026-10-16,pmf,invasion,2.8e-05
2026-10-09,first confirmed case,1,Kibunzi,2026-10-16,pmf,no invasion,0.999972
2026-10-09,first confirmed case,1,Kikimi,2026-10-16,pmf,invasion,0.000269
2026-10-09,first confirmed case,1,Kikimi,2026-10-16,pmf,no invasion,0.999731
2026-10-09,first confirmed case,1,Kikongo,2026-10-16,pmf,invasion,0.000185
2026-10-09,first confirmed case,1,Kikongo,2026-10-16,pmf,no invasion,0.999815
2026-10-09,first confirmed case,1,Kikula,2026-10-16,pmf,invasion,6.6e-05
2026-10-09,first confirmed case,1,Kikula,2026-10-16,pmf,no invasion,0.999934
2026-10-09,first confirmed case,1,Kikwit Nord,2026-10-16,pmf,invasion,0.000508
2026-10-09,first confirmed case,1,Kikwit Nord,2026-10-16,pmf,no invasion,0.999492
2026-10-09,first confirmed case,1,Kikwit Sud,2026-10-16,pmf,invasion,0.000332
2026-10-09,first confirmed case,1,Kikwit Sud,2026-10-16,pmf,no invasion,0.999668
2026-10-09,first confirmed case,1,Kilela Balanda,2026-10-16,pmf,invasion,2.7e-05
2026-10-09,first confirmed case,1,Kilela Balanda,2026-10-16,pmf,no invasion,0.999973
2026-10-09,first confirmed case,1,Kilwa,2026-10-16,pmf,invasion,0.000195
2026-10-09,first confirmed case,1,Kilwa,2026-10-16,pmf,no invasion,0.999805
2026-10-09,first confirmed case,1,Kimbanseke,2026-10-16,pmf,invasion,5.6e-05
2026-10-09,first confirmed case,1,Kimbanseke,2026-10-16,pmf,no invasion,0.999944
2026-10-09,first confirmed case,1,Kimbao,2026-10-16,pmf,invasion,0.000158
2026-10-09,first confirmed case,1,Kimbao,2026-10-16,pmf,no invasion,0.999842
2026-10-09,first confirmed case,1,Kimbi Lulenge,2026-10-16,pmf,invasion,0.001192
2026-10-09,first confirmed case,1,Kimbi Lulenge,2026-10-16,pmf,no invasion,0.998808
2026-10-09,first confirmed case,1,Kimpangu,2026-10-16,pmf,invasion,2.6e-05
2026-10-09,first confirmed case,1,Kimpangu,2026-10-16,pmf,no invasion,0.999974
2026-10-09,first confirmed case,1,Kimpese,2026-10-16,pmf,invasion,0.000145
2026-10-09,first confirmed case,1,Kimpese,2026-10-16,pmf,no invasion,0.999855
2026-10-09,first confirmed case,1,Kimputu,2026-10-16,pmf,invasion,0.00061
2026-10-09,first confirmed case,1,Kimputu,2026-10-16,pmf,no invasion,0.99939
2026-10-09,first confirmed case,1,Kimvula,2026-10-16,pmf,invasion,0.000234
2026-10-09,first confirmed case,1,Kimvula,2026-10-16,pmf,no invasion,0.999766
2026-10-09,first confirmed case,1,Kinda,2026-10-16,pmf,invasion,7.7e-05
2026-10-09,first confirmed case,1,Kinda,2026-10-16,pmf,no invasion,0.999923
2026-10-09,first confirmed case,1,Kindu,2026-10-16,pmf,invasion,0.008368
2026-10-09,first confirmed case,1,Kindu,2026-10-16,pmf,no invasion,0.991632
2026-10-09,first confirmed case,1,Kingabwa,2026-10-16,pmf,invasion,0.000257
2026-10-09,first confirmed case,1,Kingabwa,2026-10-16,pmf,no invasion,0.999743
2026-10-09,first confirmed case,1,Kingandu,2026-10-16,pmf,invasion,0.000119
2026-10-09,first confirmed case,1,Kingandu,2026-10-16,pmf,no invasion,0.999881
2026-10-09,first confirmed case,1,Kingasani,2026-10-16,pmf,invasion,0.000139
2026-10-09,first confirmed case,1,Kingasani,2026-10-16,pmf,no invasion,0.999861
2026-10-09,first confirmed case,1,Kinkondja,2026-10-16,pmf,invasion,0.000223
2026-10-09,first confirmed case,1,Kinkondja,2026-10-16,pmf,no invasion,0.999777
2026-10-09,first confirmed case,1,Kinkonzi,2026-10-16,pmf,invasion,2.3e-05
2026-10-09,first confirmed case,1,Kinkonzi,2026-10-16,pmf,no invasion,0.999977
2026-10-09,first confirmed case,1,Kinshasa,2026-10-16,pmf,invasion,0.000575
2026-10-09,first confirmed case,1,Kinshasa,2026-10-16,pmf,no invasion,0.999425
2026-10-09,first confirmed case,1,Kintambo,2026-10-16,pmf,invasion,0.000517
2026-10-09,first confirmed case,1,Kintambo,2026-10-16,pmf,no invasion,0.999483
2026-10-09,first confirmed case,1,Kipushi,2026-10-16,pmf,invasion,0.00013
2026-10-09,first confirmed case,1,Kipushi,2026-10-16,pmf,no invasion,0.99987
2026-10-09,first confirmed case,1,Kiri,2026-10-16,pmf,invasion,9.5e-05
2026-10-09,first confirmed case,1,Kiri,2026-10-16,pmf,no invasion,0.999905
2026-10-09,first confirmed case,1,Kirotshe,2026-10-16,pmf,invasion,0.006113
2026-10-09,first confirmed case,1,Kirotshe,2026-10-16,pmf,no invasion,0.993887
2026-10-09,first confirmed case,1,Kisanga,2026-10-16,pmf,invasion,0.000113
2026-10-09,first confirmed case,1,Kisanga,2026-10-16,pmf,no invasion,0.999887
2026-10-09,first confirmed case,1,Kisanji,2026-10-16,pmf,invasion,0.000103
2026-10-09,first confirmed case,1,Kisanji,2026-10-16,pmf,no invasion,0.999897
2026-10-09,first confirmed case,1,Kisantu,2026-10-16,pmf,invasion,0.000144
2026-10-09,first confirmed case,1,Kisantu,2026-10-16,pmf,no invasion,0.999856
2026-10-09,first confirmed case,1,Kisenso,2026-10-16,pmf,invasion,0.000126
2026-10-09,first confirmed case,1,Kisenso,2026-10-16,pmf,no invasion,0.999874
2026-10-09,first confirmed case,1,Kitangwa,2026-10-16,pmf,invasion,0.000545
2026-10-09,first confirmed case,1,Kitangwa,2026-10-16,pmf,no invasion,0.999455
2026-10-09,first confirmed case,1,Kitenda,2026-10-16,pmf,invasion,4.9e-05
2026-10-09,first confirmed case,1,Kitenda,2026-10-16,pmf,no invasion,0.999951
2026-10-09,first confirmed case,1,Kitenge,2026-10-16,pmf,invasion,0.000597
2026-10-09,first confirmed case,1,Kitenge,2026-10-16,pmf,no invasion,0.999403
2026-10-09,first confirmed case,1,Kitona,2026-10-16,pmf,invasion,3e-06
2026-10-09,first confirmed case,1,Kitona,2026-10-16,pmf,no invasion,0.999997
2026-10-09,first confirmed case,1,Kitutu,2026-10-16,pmf,invasion,0.000869
2026-10-09,first confirmed case,1,Kitutu,2026-10-16,pmf,no invasion,0.999131
2026-10-09,first confirmed case,1,Kizu,2026-10-16,pmf,invasion,1.4e-05
2026-10-09,first confirmed case,1,Kizu,2026-10-16,pmf,no invasion,0.999986
2026-10-09,first confirmed case,1,Kokolo,2026-10-16,pmf,invasion,0.000681
2026-10-09,first confirmed case,1,Kokolo,2026-10-16,pmf,no invasion,0.999319
2026-10-09,first confirmed case,1,Kole,2026-10-16,pmf,invasion,0.000255
2026-10-09,first confirmed case,1,Kole,2026-10-16,pmf,no invasion,0.999745
2026-10-09,first confirmed case,1,Kongolo,2026-10-16,pmf,invasion,0.001594
2026-10-09,first confirmed case,1,Kongolo,2026-10-16,pmf,no invasion,0.998406
2026-10-09,first confirmed case,1,Koshibanda,2026-10-16,pmf,invasion,0.000373
2026-10-09,first confirmed case,1,Koshibanda,2026-10-16,pmf,no invasion,0.999627
2026-10-09,first confirmed case,1,Kowe,2026-10-16,pmf,invasion,1.6e-05
2026-10-09,first confirmed case,1,Kowe,2026-10-16,pmf,no invasion,0.999984
2026-10-09,first confirmed case,1,Kuimba,2026-10-16,pmf,invasion,5e-06
2026-10-09,first confirmed case,1,Kuimba,2026-10-16,pmf,no invasion,0.999995
2026-10-09,first confirmed case,1,Kunda,2026-10-16,pmf,invasion,0.001666
2026-10-09,first confirmed case,1,Kunda,2026-10-16,pmf,no invasion,0.998334
2026-10-09,first confirmed case,1,Kungu,2026-10-16,pmf,invasion,0.000353
2026-10-09,first confirmed case,1,Kungu,2026-10-16,pmf,no invasion,0.999647
2026-10-09,first confirmed case,1,Kwamouth,2026-10-16,pmf,invasion,0.000112
2026-10-09,first confirmed case,1,Kwamouth,2026-10-16,pmf,no invasion,0.999888
2026-10-09,first confirmed case,1,Kwilu Ngongo,2026-10-16,pmf,invasion,0.000112
2026-10-09,first confirmed case,1,Kwilu Ngongo,2026-10-16,pmf,no invasion,0.999888
2026-10-09,first confirmed case,1,Laybo,2026-10-16,pmf,invasion,0.0075
2026-10-09,first confirmed case,1,Laybo,2026-10-16,pmf,no invasion,0.9925
2026-10-09,first confirmed case,1,Lemba,2026-10-16,pmf,invasion,0.000705
2026-10-09,first confirmed case,1,Lemba,2026-10-16,pmf,no invasion,0.999295
2026-10-09,first confirmed case,1,Lemera,2026-10-16,pmf,invasion,0.003175
2026-10-09,first confirmed case,1,Lemera,2026-10-16,pmf,no invasion,0.996825
2026-10-09,first confirmed case,1,Libenge,2026-10-16,pmf,invasion,0.000255
2026-10-09,first confirmed case,1,Libenge,2026-10-16,pmf,no invasion,0.999745
2026-10-09,first confirmed case,1,Likasi,2026-10-16,pmf,invasion,0.000103
2026-10-09,first confirmed case,1,Likasi,2026-10-16,pmf,no invasion,0.999897
2026-10-09,first confirmed case,1,Likati,2026-10-16,pmf,invasion,0.001214
2026-10-09,first confirmed case,1,Likati,2026-10-16,pmf,no invasion,0.998786
2026-10-09,first confirmed case,1,Lilanga Bobangi,2026-10-16,pmf,invasion,1.4e-05
2026-10-09,first confirmed case,1,Lilanga Bobangi,2026-10-16,pmf,no invasion,0.999986
2026-10-09,first confirmed case,1,Limete,2026-10-16,pmf,invasion,0.001001
2026-10-09,first confirmed case,1,Limete,2026-10-16,pmf,no invasion,0.998999
2026-10-09,first confirmed case,1,Linga,2026-10-16,pmf,invasion,0.047063
2026-10-09,first confirmed case,1,Linga,2026-10-16,pmf,no invasion,0.952937
2026-10-09,first confirmed case,1,Lingomo,2026-10-16,pmf,invasion,0.00067
2026-10-09,first confirmed case,1,Lingomo,2026-10-16,pmf,no invasion,0.99933
2026-10-09,first confirmed case,1,Lingwala,2026-10-16,pmf,invasion,0.000728
2026-10-09,first confirmed case,1,Lingwala,2026-10-16,pmf,no invasion,0.999272
2026-10-09,first confirmed case,1,Lisala,2026-10-16,pmf,invasion,0.001912
2026-10-09,first confirmed case,1,Lisala,2026-10-16,pmf,no invasion,0.998088
2026-10-09,first confirmed case,1,Lodja,2026-10-16,pmf,invasion,0.001362
2026-10-09,first confirmed case,1,Lodja,2026-10-16,pmf,no invasion,0.998638
2026-10-09,first confirmed case,1,Loko,2026-10-16,pmf,invasion,0.00026
2026-10-09,first confirmed case,1,Loko,2026-10-16,pmf,no invasion,0.99974
2026-10-09,first confirmed case,1,Lolo,2026-10-16,pmf,invasion,0.008854
2026-10-09,first confirmed case,1,Lolo,2026-10-16,pmf,no invasion,0.991146
2026-10-09,first confirmed case,1,Lomela,2026-10-16,pmf,invasion,0.000416
2026-10-09,first confirmed case,1,Lomela,2026-10-16,pmf,no invasion,0.999584
2026-10-09,first confirmed case,1,Lotumbe,2026-10-16,pmf,invasion,0.000104
2026-10-09,first confirmed case,1,Lotumbe,2026-10-16,pmf,no invasion,0.999896
2026-10-09,first confirmed case,1,Lowa,2026-10-16,pmf,invasion,0.001476
2026-10-09,first confirmed case,1,Lowa,2026-10-16,pmf,no invasion,0.998524
2026-10-09,first confirmed case,1,Lualaba,2026-10-16,pmf,invasion,0.00029
2026-10-09,first confirmed case,1,Lualaba,2026-10-16,pmf,no invasion,0.99971
2026-10-09,first confirmed case,1,Luambo,2026-10-16,pmf,invasion,0.000245
2026-10-09,first confirmed case,1,Luambo,2026-10-16,pmf,no invasion,0.999755
2026-10-09,first confirmed case,1,Lubao,2026-10-16,pmf,invasion,0.002261
2026-10-09,first confirmed case,1,Lubao,2026-10-16,pmf,no invasion,0.997739
2026-10-09,first confirmed case,1,Lubilanji,2026-10-16,pmf,invasion,0.000261
2026-10-09,first confirmed case,1,Lubilanji,2026-10-16,pmf,no invasion,0.999739
2026-10-09,first confirmed case,1,Lubondaie,2026-10-16,pmf,invasion,0.00066
2026-10-09,first confirmed case,1,Lubondaie,2026-10-16,pmf,no invasion,0.99934
2026-10-09,first confirmed case,1,Lubudi,2026-10-16,pmf,invasion,0.000143
2026-10-09,first confirmed case,1,Lubudi,2026-10-16,pmf,no invasion,0.999857
2026-10-09,first confirmed case,1,Lubumbashi,2026-10-16,pmf,invasion,0.000938
2026-10-09,first confirmed case,1,Lubumbashi,2026-10-16,pmf,no invasion,0.999062
2026-10-09,first confirmed case,1,Lubunga (Kasaï-Central),2026-10-16,pmf,invasion,0.000733
2026-10-09,first confirmed case,1,Lubunga (Kasaï-Central),2026-10-16,pmf,no invasion,0.999267
2026-10-09,first confirmed case,1,Lubutu,2026-10-16,pmf,invasion,0.004042
2026-10-09,first confirmed case,1,Lubutu,2026-10-16,pmf,no invasion,0.995958
2026-10-09,first confirmed case,1,Ludimbi Lukula,2026-10-16,pmf,invasion,0.00175
2026-10-09,first confirmed case,1,Ludimbi Lukula,2026-10-16,pmf,no invasion,0.99825
2026-10-09,first confirmed case,1,Luebo,2026-10-16,pmf,invasion,0.000516
2026-10-09,first confirmed case,1,Luebo,2026-10-16,pmf,no invasion,0.999484
2026-10-09,first confirmed case,1,Luiza,2026-10-16,pmf,invasion,0.000454
2026-10-09,first confirmed case,1,Luiza,2026-10-16,pmf,no invasion,0.999546
2026-10-09,first confirmed case,1,Lukafu,2026-10-16,pmf,invasion,9.1e-05
2026-10-09,first confirmed case,1,Lukafu,2026-10-16,pmf,no invasion,0.999909
2026-10-09,first confirmed case,1,Lukelenge,2026-10-16,pmf,invasion,0.000348
2026-10-09,first confirmed case,1,Lukelenge,2026-10-16,pmf,no invasion,0.999652
2026-10-09,first confirmed case,1,Lukolela,2026-10-16,pmf,invasion,0.000103
2026-10-09,first confirmed case,1,Lukolela,2026-10-16,pmf,no invasion,0.999897
2026-10-09,first confirmed case,1,Lukonga,2026-10-16,pmf,invasion,0.000501
2026-10-09,first confirmed case,1,Lukonga,2026-10-16,pmf,no invasion,0.999499
2026-10-09,first confirmed case,1,Lukula,2026-10-16,pmf,invasion,7.2e-05
2026-10-09,first confirmed case,1,Lukula,2026-10-16,pmf,no invasion,0.999928
2026-10-09,first confirmed case,1,Lulingu,2026-10-16,pmf,invasion,0.001503
2026-10-09,first confirmed case,1,Lulingu,2026-10-16,pmf,no invasion,0.998497
2026-10-09,first confirmed case,1,Luozi,2026-10-16,pmf,invasion,0.000233
2026-10-09,first confirmed case,1,Luozi,2026-10-16,pmf,no invasion,0.999767
2026-10-09,first confirmed case,1,Luputa,2026-10-16,pmf,invasion,0.00079
2026-10-09,first confirmed case,1,Luputa,2026-10-16,pmf,no invasion,0.99921
2026-10-09,first confirmed case,1,Lusambo,2026-10-16,pmf,invasion,0.000316
2026-10-09,first confirmed case,1,Lusambo,2026-10-16,pmf,no invasion,0.999684
2026-10-09,first confirmed case,1,Lusanga,2026-10-16,pmf,invasion,0.000509
2026-10-09,first confirmed case,1,Lusanga,2026-10-16,pmf,no invasion,0.999491
2026-10-09,first confirmed case,1,Lusangi,2026-10-16,pmf,invasion,0.000832
2026-10-09,first confirmed case,1,Lusangi,2026-10-16,pmf,no invasion,0.999168
2026-10-09,first confirmed case,1,Lwamba,2026-10-16,pmf,invasion,0.000502
2026-10-09,first confirmed case,1,Lwamba,2026-10-16,pmf,no invasion,0.999498
2026-10-09,first confirmed case,1,Makala,2026-10-16,pmf,invasion,0.000105
2026-10-09,first confirmed case,1,Makala,2026-10-16,pmf,no invasion,0.999895
2026-10-09,first confirmed case,1,Makanza,2026-10-16,pmf,invasion,0.000359
2026-10-09,first confirmed case,1,Makanza,2026-10-16,pmf,no invasion,0.999641
2026-10-09,first confirmed case,1,Makoro,2026-10-16,pmf,invasion,0.019463
2026-10-09,first confirmed case,1,Makoro,2026-10-16,pmf,no invasion,0.980537
2026-10-09,first confirmed case,1,Makota,2026-10-16,pmf,invasion,0.000323
2026-10-09,first confirmed case,1,Makota,2026-10-16,pmf,no invasion,0.999677
2026-10-09,first confirmed case,1,Malemba Nkulu,2026-10-16,pmf,invasion,0.00043
2026-10-09,first confirmed case,1,Malemba Nkulu,2026-10-16,pmf,no invasion,0.99957
2026-10-09,first confirmed case,1,Maluku 1,2026-10-16,pmf,invasion,0.00035
2026-10-09,first confirmed case,1,Maluku 1,2026-10-16,pmf,no invasion,0.99965
2026-10-09,first confirmed case,1,Maluku 2,2026-10-16,pmf,invasion,0.000249
2026-10-09,first confirmed case,1,Maluku 2,2026-10-16,pmf,no invasion,0.999751
2026-10-09,first confirmed case,1,Mampoko,2026-10-16,pmf,invasion,0.000114
2026-10-09,first confirmed case,1,Mampoko,2026-10-16,pmf,no invasion,0.999886
2026-10-09,first confirmed case,1,Mangembo,2026-10-16,pmf,invasion,0.000113
2026-10-09,first confirmed case,1,Mangembo,2026-10-16,pmf,no invasion,0.999887
2026-10-09,first confirmed case,1,Manika,2026-10-16,pmf,invasion,0.000392
2026-10-09,first confirmed case,1,Manika,2026-10-16,pmf,no invasion,0.999608
2026-10-09,first confirmed case,1,Manono,2026-10-16,pmf,invasion,0.000691
2026-10-09,first confirmed case,1,Manono,2026-10-16,pmf,no invasion,0.999309
2026-10-09,first confirmed case,1,Masi Manimba,2026-10-16,pmf,invasion,0.000338
2026-10-09,first confirmed case,1,Masi Manimba,2026-10-16,pmf,no invasion,0.999662
2026-10-09,first confirmed case,1,Masina 1,2026-10-16,pmf,invasion,0.000418
2026-10-09,first confirmed case,1,Masina 1,2026-10-16,pmf,no invasion,0.999582
2026-10-09,first confirmed case,1,Masina 2,2026-10-16,pmf,invasion,0.000232
2026-10-09,first confirmed case,1,Masina 2,2026-10-16,pmf,no invasion,0.999768
2026-10-09,first confirmed case,1,Masisi,2026-10-16,pmf,invasion,0.005915
2026-10-09,first confirmed case,1,Masisi,2026-10-16,pmf,no invasion,0.994085
2026-10-09,first confirmed case,1,Massa,2026-10-16,pmf,invasion,8e-05
2026-10-09,first confirmed case,1,Massa,2026-10-16,pmf,no invasion,0.99992
2026-10-09,first confirmed case,1,Masuika,2026-10-16,pmf,invasion,0.001421
2026-10-09,first confirmed case,1,Masuika,2026-10-16,pmf,no invasion,0.998579
2026-10-09,first confirmed case,1,Matadi,2026-10-16,pmf,invasion,0.000124
2026-10-09,first confirmed case,1,Matadi,2026-10-16,pmf,no invasion,0.999876
2026-10-09,first confirmed case,1,Matete,2026-10-16,pmf,invasion,0.000353
2026-10-09,first confirmed case,1,Matete,2026-10-16,pmf,no invasion,0.999647
2026-10-09,first confirmed case,1,Mawuya,2026-10-16,pmf,invasion,0.000246
2026-10-09,first confirmed case,1,Mawuya,2026-10-16,pmf,no invasion,0.999754
2026-10-09,first confirmed case,1,Mbandaka,2026-10-16,pmf,invasion,0.000314
2026-10-09,first confirmed case,1,Mbandaka,2026-10-16,pmf,no invasion,0.999686
2026-10-09,first confirmed case,1,Mbanza Ngungu,2026-10-16,pmf,invasion,0.00012
2026-10-09,first confirmed case,1,Mbanza Ngungu,2026-10-16,pmf,no invasion,0.99988
2026-10-09,first confirmed case,1,Mbaya,2026-10-16,pmf,invasion,0.006522
2026-10-09,first confirmed case,1,Mbaya,2026-10-16,pmf,no invasion,0.993478
2026-10-09,first confirmed case,1,Mbulula,2026-10-16,pmf,invasion,0.00115
2026-10-09,first confirmed case,1,Mbulula,2026-10-16,pmf,no invasion,0.99885
2026-10-09,first confirmed case,1,Miabi,2026-10-16,pmf,invasion,0.000224
2026-10-09,first confirmed case,1,Miabi,2026-10-16,pmf,no invasion,0.999776
2026-10-09,first confirmed case,1,Mikalayi,2026-10-16,pmf,invasion,0.000513
2026-10-09,first confirmed case,1,Mikalayi,2026-10-16,pmf,no invasion,0.999487
2026-10-09,first confirmed case,1,Mikope,2026-10-16,pmf,invasion,0.000212
2026-10-09,first confirmed case,1,Mikope,2026-10-16,pmf,no invasion,0.999788
2026-10-09,first confirmed case,1,Mimia,2026-10-16,pmf,invasion,7.9e-05
2026-10-09,first confirmed case,1,Mimia,2026-10-16,pmf,no invasion,0.999921
2026-10-09,first confirmed case,1,Minembwe,2026-10-16,pmf,invasion,0.001962
2026-10-09,first confirmed case,1,Minembwe,2026-10-16,pmf,no invasion,0.998038
2026-10-09,first confirmed case,1,Minga,2026-10-16,pmf,invasion,0.00042
2026-10-09,first confirmed case,1,Minga,2026-10-16,pmf,no invasion,0.99958
2026-10-09,first confirmed case,1,Minova,2026-10-16,pmf,invasion,0.003245
2026-10-09,first confirmed case,1,Minova,2026-10-16,pmf,no invasion,0.996755
2026-10-09,first confirmed case,1,Mitwaba,2026-10-16,pmf,invasion,0.00013
2026-10-09,first confirmed case,1,Mitwaba,2026-10-16,pmf,no invasion,0.99987
2026-10-09,first confirmed case,1,Moanza,2026-10-16,pmf,invasion,0.000365
2026-10-09,first confirmed case,1,Moanza,2026-10-16,pmf,no invasion,0.999635
2026-10-09,first confirmed case,1,Moba,2026-10-16,pmf,invasion,0.000616
2026-10-09,first confirmed case,1,Moba,2026-10-16,pmf,no invasion,0.999384
2026-10-09,first confirmed case,1,Mobayi Mbongo,2026-10-16,pmf,invasion,0.000218
2026-10-09,first confirmed case,1,Mobayi Mbongo,2026-10-16,pmf,no invasion,0.999782
2026-10-09,first confirmed case,1,Mokala,2026-10-16,pmf,invasion,0.000238
2026-10-09,first confirmed case,1,Mokala,2026-10-16,pmf,no invasion,0.999762
2026-10-09,first confirmed case,1,Mompono,2026-10-16,pmf,invasion,0.000984
2026-10-09,first confirmed case,1,Mompono,2026-10-16,pmf,no invasion,0.999016
2026-10-09,first confirmed case,1,Mondombe,2026-10-16,pmf,invasion,0.000508
2026-10-09,first confirmed case,1,Mondombe,2026-10-16,pmf,no invasion,0.999492
2026-10-09,first confirmed case,1,Monga,2026-10-16,pmf,invasion,0.000625
2026-10-09,first confirmed case,1,Monga,2026-10-16,pmf,no invasion,0.999375
2026-10-09,first confirmed case,1,Monieka,2026-10-16,pmf,invasion,9.1e-05
2026-10-09,first confirmed case,1,Monieka,2026-10-16,pmf,no invasion,0.999909
2026-10-09,first confirmed case,1,Monkoto,2026-10-16,pmf,invasion,0.0002
2026-10-09,first confirmed case,1,Monkoto,2026-10-16,pmf,no invasion,0.9998
2026-10-09,first confirmed case,1,Mont Ngafula 1,2026-10-16,pmf,invasion,0.000398
2026-10-09,first confirmed case,1,Mont Ngafula 1,2026-10-16,pmf,no invasion,0.999602
2026-10-09,first confirmed case,1,Mont Ngafula 2,2026-10-16,pmf,invasion,0.000309
2026-10-09,first confirmed case,1,Mont Ngafula 2,2026-10-16,pmf,no invasion,0.999691
2026-10-09,first confirmed case,1,Mosango,2026-10-16,pmf,invasion,0.000286
2026-10-09,first confirmed case,1,Mosango,2026-10-16,pmf,no invasion,0.999714
2026-10-09,first confirmed case,1,Mpokolo,2026-10-16,pmf,invasion,0.00082
2026-10-09,first confirmed case,1,Mpokolo,2026-10-16,pmf,no invasion,0.99918
2026-10-09,first confirmed case,1,Muanda,2026-10-16,pmf,invasion,8e-06
2026-10-09,first confirmed case,1,Muanda,2026-10-16,pmf,no invasion,0.999992
2026-10-09,first confirmed case,1,Mubumbano,2026-10-16,pmf,invasion,0.001456
2026-10-09,first confirmed case,1,Mubumbano,2026-10-16,pmf,no invasion,0.998544
2026-10-09,first confirmed case,1,Muetshi,2026-10-16,pmf,invasion,0.000266
2026-10-09,first confirmed case,1,Muetshi,2026-10-16,pmf,no invasion,0.999734
2026-10-09,first confirmed case,1,Mufunga Sampwe,2026-10-16,pmf,invasion,0.00059
2026-10-09,first confirmed case,1,Mufunga Sampwe,2026-10-16,pmf,no invasion,0.99941
2026-10-09,first confirmed case,1,Mukanga,2026-10-16,pmf,invasion,0.000298
2026-10-09,first confirmed case,1,Mukanga,2026-10-16,pmf,no invasion,0.999702
2026-10-09,first confirmed case,1,Mukedi,2026-10-16,pmf,invasion,0.000442
2026-10-09,first confirmed case,1,Mukedi,2026-10-16,pmf,no invasion,0.999558
2026-10-09,first confirmed case,1,Mukumbi,2026-10-16,pmf,invasion,0.000929
2026-10-09,first confirmed case,1,Mukumbi,2026-10-16,pmf,no invasion,0.999071
2026-10-09,first confirmed case,1,Mulongo,2026-10-16,pmf,invasion,0.000304
2026-10-09,first confirmed case,1,Mulongo,2026-10-16,pmf,no invasion,0.999696
2026-10-09,first confirmed case,1,Mulumba,2026-10-16,pmf,invasion,0.00078
2026-10-09,first confirmed case,1,Mulumba,2026-10-16,pmf,no invasion,0.99922
2026-10-09,first confirmed case,1,Mulungu,2026-10-16,pmf,invasion,0.00132
2026-10-09,first confirmed case,1,Mulungu,2026-10-16,pmf,no invasion,0.99868
2026-10-09,first confirmed case,1,Mumbunda,2026-10-16,pmf,invasion,0.000703
2026-10-09,first confirmed case,1,Mumbunda,2026-10-16,pmf,no invasion,0.999297
2026-10-09,first confirmed case,1,Mungindu,2026-10-16,pmf,invasion,0.000447
2026-10-09,first confirmed case,1,Mungindu,2026-10-16,pmf,no invasion,0.999553
2026-10-09,first confirmed case,1,Mushenge,2026-10-16,pmf,invasion,0.000173
2026-10-09,first confirmed case,1,Mushenge,2026-10-16,pmf,no invasion,0.999827
2026-10-09,first confirmed case,1,Mushie,2026-10-16,pmf,invasion,0.0001
2026-10-09,first confirmed case,1,Mushie,2026-10-16,pmf,no invasion,0.9999
2026-10-09,first confirmed case,1,Mutena,2026-10-16,pmf,invasion,0.000147
2026-10-09,first confirmed case,1,Mutena,2026-10-16,pmf,no invasion,0.999853
2026-10-09,first confirmed case,1,Mutoto,2026-10-16,pmf,invasion,0.000491
2026-10-09,first confirmed case,1,Mutoto,2026-10-16,pmf,no invasion,0.999509
2026-10-09,first confirmed case,1,Mutshatsha,2026-10-16,pmf,invasion,2.5e-05
2026-10-09,first confirmed case,1,Mutshatsha,2026-10-16,pmf,no invasion,0.999975
2026-10-09,first confirmed case,1,Muya,2026-10-16,pmf,invasion,0.000269
2026-10-09,first confirmed case,1,Muya,2026-10-16,pmf,no invasion,0.999731
2026-10-09,first confirmed case,1,Mwana,2026-10-16,pmf,invasion,0.00177
2026-10-09,first confirmed case,1,Mwana,2026-10-16,pmf,no invasion,0.99823
2026-10-09,first confirmed case,1,Mweka,2026-10-16,pmf,invasion,0.000519
2026-10-09,first confirmed case,1,Mweka,2026-10-16,pmf,no invasion,0.999481
2026-10-09,first confirmed case,1,Mwela Lembwa,2026-10-16,pmf,invasion,8.2e-05
2026-10-09,first confirmed case,1,Mwela Lembwa,2026-10-16,pmf,no invasion,0.999918
2026-10-09,first confirmed case,1,Mweneditu,2026-10-16,pmf,invasion,0.000763
2026-10-09,first confirmed case,1,Mweneditu,2026-10-16,pmf,no invasion,0.999237
2026-10-09,first confirmed case,1,Mwenga,2026-10-16,pmf,invasion,0.002211
2026-10-09,first confirmed case,1,Mwenga,2026-10-16,pmf,no invasion,0.997789
2026-10-09,first confirmed case,1,Mweso,2026-10-16,pmf,invasion,0.005279
2026-10-09,first confirmed case,1,Mweso,2026-10-16,pmf,no invasion,0.994721
2026-10-09,first confirmed case,1,Ndage,2026-10-16,pmf,invasion,0.001314
2026-10-09,first confirmed case,1,Ndage,2026-10-16,pmf,no invasion,0.998686
2026-10-09,first confirmed case,1,Ndekesha,2026-10-16,pmf,invasion,0.001154
2026-10-09,first confirmed case,1,Ndekesha,2026-10-16,pmf,no invasion,0.998846
2026-10-09,first confirmed case,1,Ndesha,2026-10-16,pmf,invasion,0.000122
2026-10-09,first confirmed case,1,Ndesha,2026-10-16,pmf,no invasion,0.999878
2026-10-09,first confirmed case,1,Ndjili,2026-10-16,pmf,invasion,0.000244
2026-10-09,first confirmed case,1,Ndjili,2026-10-16,pmf,no invasion,0.999756
2026-10-09,first confirmed case,1,Ndjoko Mpunda,2026-10-16,pmf,invasion,0.000794
2026-10-09,first confirmed case,1,Ndjoko Mpunda,2026-10-16,pmf,no invasion,0.999206
2026-10-09,first confirmed case,1,Ngaba,2026-10-16,pmf,invasion,5.7e-05
2026-10-09,first confirmed case,1,Ngaba,2026-10-16,pmf,no invasion,0.999943
2026-10-09,first confirmed case,1,Ngandajika,2026-10-16,pmf,invasion,0.001949
2026-10-09,first confirmed case,1,Ngandajika,2026-10-16,pmf,no invasion,0.998051
2026-10-09,first confirmed case,1,Ngidinga,2026-10-16,pmf,invasion,7.4e-05
2026-10-09,first confirmed case,1,Ngidinga,2026-10-16,pmf,no invasion,0.999926
2026-10-09,first confirmed case,1,Ngiri Ngiri,2026-10-16,pmf,invasion,0.00017
2026-10-09,first confirmed case,1,Ngiri Ngiri,2026-10-16,pmf,no invasion,0.99983
2026-10-09,first confirmed case,1,Niangara,2026-10-16,pmf,invasion,0.039091
2026-10-09,first confirmed case,1,Niangara,2026-10-16,pmf,no invasion,0.960909
2026-10-09,first confirmed case,1,Nioki,2026-10-16,pmf,invasion,0.000116
2026-10-09,first confirmed case,1,Nioki,2026-10-16,pmf,no invasion,0.999884
2026-10-09,first confirmed case,1,Nsele,2026-10-16,pmf,invasion,0.001297
2026-10-09,first confirmed case,1,Nsele,2026-10-16,pmf,no invasion,0.998703
2026-10-09,first confirmed case,1,Nselo,2026-10-16,pmf,invasion,3.7e-05
2026-10-09,first confirmed case,1,Nselo,2026-10-16,pmf,no invasion,0.999963
2026-10-09,first confirmed case,1,Nsona Mpangu,2026-10-16,pmf,invasion,0.000101
2026-10-09,first confirmed case,1,Nsona Mpangu,2026-10-16,pmf,no invasion,0.999899
2026-10-09,first confirmed case,1,Ntandembelo,2026-10-16,pmf,invasion,9.3e-05
2026-10-09,first confirmed case,1,Ntandembelo,2026-10-16,pmf,no invasion,0.999907
2026-10-09,first confirmed case,1,Ntondo,2026-10-16,pmf,invasion,9.7e-05
2026-10-09,first confirmed case,1,Ntondo,2026-10-16,pmf,no invasion,0.999903
2026-10-09,first confirmed case,1,Nundu,2026-10-16,pmf,invasion,0.002308
2026-10-09,first confirmed case,1,Nundu,2026-10-16,pmf,no invasion,0.997692
2026-10-09,first confirmed case,1,Nyanga,2026-10-16,pmf,invasion,0.000132
2026-10-09,first confirmed case,1,Nyanga,2026-10-16,pmf,no invasion,0.999868
2026-10-09,first confirmed case,1,Nyangezi,2026-10-16,pmf,invasion,0.001662
2026-10-09,first confirmed case,1,Nyangezi,2026-10-16,pmf,no invasion,0.998338
2026-10-09,first confirmed case,1,Nyantende,2026-10-16,pmf,invasion,0.001297
2026-10-09,first confirmed case,1,Nyantende,2026-10-16,pmf,no invasion,0.998703
2026-10-09,first confirmed case,1,Nyarambe,2026-10-16,pmf,invasion,0.007718
2026-10-09,first confirmed case,1,Nyarambe,2026-10-16,pmf,no invasion,0.992282
2026-10-09,first confirmed case,1,Nyemba,2026-10-16,pmf,invasion,0.002133
2026-10-09,first confirmed case,1,Nyemba,2026-10-16,pmf,no invasion,0.997867
2026-10-09,first confirmed case,1,Nyiragongo,2026-10-16,pmf,invasion,0.003267
2026-10-09,first confirmed case,1,Nyiragongo,2026-10-16,pmf,no invasion,0.996733
2026-10-09,first confirmed case,1,Nyunzu,2026-10-16,pmf,invasion,0.000907
2026-10-09,first confirmed case,1,Nyunzu,2026-10-16,pmf,no invasion,0.999093
2026-10-09,first confirmed case,1,Nzaba,2026-10-16,pmf,invasion,0.000546
2026-10-09,first confirmed case,1,Nzaba,2026-10-16,pmf,no invasion,0.999454
2026-10-09,first confirmed case,1,Nzanza,2026-10-16,pmf,invasion,2.7e-05
2026-10-09,first confirmed case,1,Nzanza,2026-10-16,pmf,no invasion,0.999973
2026-10-09,first confirmed case,1,Obokote,2026-10-16,pmf,invasion,0.000437
2026-10-09,first confirmed case,1,Obokote,2026-10-16,pmf,no invasion,0.999563
2026-10-09,first confirmed case,1,Omendjadi,2026-10-16,pmf,invasion,0.00133
2026-10-09,first confirmed case,1,Omendjadi,2026-10-16,pmf,no invasion,0.99867
2026-10-09,first confirmed case,1,Opala,2026-10-16,pmf,invasion,0.000851
2026-10-09,first confirmed case,1,Opala,2026-10-16,pmf,no invasion,0.999149
2026-10-09,first confirmed case,1,Opienge,2026-10-16,pmf,invasion,0.002855
2026-10-09,first confirmed case,1,Opienge,2026-10-16,pmf,no invasion,0.997145
2026-10-09,first confirmed case,1,Oshwe,2026-10-16,pmf,invasion,0.000131
2026-10-09,first confirmed case,1,Oshwe,2026-10-16,pmf,no invasion,0.999869
2026-10-09,first confirmed case,1,Ototo,2026-10-16,pmf,invasion,0.000401
2026-10-09,first confirmed case,1,Ototo,2026-10-16,pmf,no invasion,0.999599
2026-10-09,first confirmed case,1,Panda,2026-10-16,pmf,invasion,7.2e-05
2026-10-09,first confirmed case,1,Panda,2026-10-16,pmf,no invasion,0.999928
2026-10-09,first confirmed case,1,Pangi,2026-10-16,pmf,invasion,0.000347
2026-10-09,first confirmed case,1,Pangi,2026-10-16,pmf,no invasion,0.999653
2026-10-09,first confirmed case,1,Pania Mutombo,2026-10-16,pmf,invasion,0.000195
2026-10-09,first confirmed case,1,Pania Mutombo,2026-10-16,pmf,no invasion,0.999805
2026-10-09,first confirmed case,1,Panzi,2026-10-16,pmf,invasion,0.000172
2026-10-09,first confirmed case,1,Panzi,2026-10-16,pmf,no invasion,0.999828
2026-10-09,first confirmed case,1,Pay Kongila,2026-10-16,pmf,invasion,0.000191
2026-10-09,first confirmed case,1,Pay Kongila,2026-10-16,pmf,no invasion,0.999809
2026-10-09,first confirmed case,1,Pendjwa,2026-10-16,pmf,invasion,0.000228
2026-10-09,first confirmed case,1,Pendjwa,2026-10-16,pmf,no invasion,0.999772
2026-10-09,first confirmed case,1,Pimu,2026-10-16,pmf,invasion,0.000368
2026-10-09,first confirmed case,1,Pimu,2026-10-16,pmf,no invasion,0.999632
2026-10-09,first confirmed case,1,Pinga,2026-10-16,pmf,invasion,0.003458
2026-10-09,first confirmed case,1,Pinga,2026-10-16,pmf,no invasion,0.996542
2026-10-09,first confirmed case,1,Poko,2026-10-16,pmf,invasion,0.034053
2026-10-09,first confirmed case,1,Poko,2026-10-16,pmf,no invasion,0.965947
2026-10-09,first confirmed case,1,Police,2026-10-16,pmf,invasion,0.000146
2026-10-09,first confirmed case,1,Police,2026-10-16,pmf,no invasion,0.999854
2026-10-09,first confirmed case,1,Popokabaka,2026-10-16,pmf,invasion,0.000151
2026-10-09,first confirmed case,1,Popokabaka,2026-10-16,pmf,no invasion,0.999849
2026-10-09,first confirmed case,1,Punia,2026-10-16,pmf,invasion,0.001814
2026-10-09,first confirmed case,1,Punia,2026-10-16,pmf,no invasion,0.998186
2026-10-09,first confirmed case,1,Pweto,2026-10-16,pmf,invasion,0.000194
2026-10-09,first confirmed case,1,Pweto,2026-10-16,pmf,no invasion,0.999806
2026-10-09,first confirmed case,1,Rethy,2026-10-16,pmf,invasion,0.114467
2026-10-09,first confirmed case,1,Rethy,2026-10-16,pmf,no invasion,0.885533
2026-10-09,first confirmed case,1,Ruashi,2026-10-16,pmf,invasion,0.000144
2026-10-09,first confirmed case,1,Ruashi,2026-10-16,pmf,no invasion,0.999856
2026-10-09,first confirmed case,1,Rutshuru,2026-10-16,pmf,invasion,0.007656
2026-10-09,first confirmed case,1,Rutshuru,2026-10-16,pmf,no invasion,0.992344
2026-10-09,first confirmed case,1,Ruzizi,2026-10-16,pmf,invasion,0.005385
2026-10-09,first confirmed case,1,Ruzizi,2026-10-16,pmf,no invasion,0.994615
2026-10-09,first confirmed case,1,Rwanguba,2026-10-16,pmf,invasion,0.009563
2026-10-09,first confirmed case,1,Rwanguba,2026-10-16,pmf,no invasion,0.990437
2026-10-09,first confirmed case,1,Sakania,2026-10-16,pmf,invasion,0.000155
2026-10-09,first confirmed case,1,Sakania,2026-10-16,pmf,no invasion,0.999845
2026-10-09,first confirmed case,1,Samba,2026-10-16,pmf,invasion,0.000789
2026-10-09,first confirmed case,1,Samba,2026-10-16,pmf,no invasion,0.999211
2026-10-09,first confirmed case,1,Sandoa,2026-10-16,pmf,invasion,0.000183
2026-10-09,first confirmed case,1,Sandoa,2026-10-16,pmf,no invasion,0.999817
2026-10-09,first confirmed case,1,Saramabila,2026-10-16,pmf,invasion,0.001543
2026-10-09,first confirmed case,1,Saramabila,2026-10-16,pmf,no invasion,0.998457
2026-10-09,first confirmed case,1,Seke Banza,2026-10-16,pmf,invasion,7e-05
2026-10-09,first confirmed case,1,Seke Banza,2026-10-16,pmf,no invasion,0.99993
2026-10-09,first confirmed case,1,Selembao,2026-10-16,pmf,invasion,0.000286
2026-10-09,first confirmed case,1,Selembao,2026-10-16,pmf,no invasion,0.999714
2026-10-09,first confirmed case,1,Shabunda,2026-10-16,pmf,invasion,0.003197
2026-10-09,first confirmed case,1,Shabunda,2026-10-16,pmf,no invasion,0.996803
2026-10-09,first confirmed case,1,Sia,2026-10-16,pmf,invasion,0.00014
2026-10-09,first confirmed case,1,Sia,2026-10-16,pmf,no invasion,0.99986
2026-10-09,first confirmed case,1,Sona Bata,2026-10-16,pmf,invasion,6e-05
2026-10-09,first confirmed case,1,Sona Bata,2026-10-16,pmf,no invasion,0.99994
2026-10-09,first confirmed case,1,Songa,2026-10-16,pmf,invasion,0.000185
2026-10-09,first confirmed case,1,Songa,2026-10-16,pmf,no invasion,0.999815
2026-10-09,first confirmed case,1,Tandala,2026-10-16,pmf,invasion,0.000809
2026-10-09,first confirmed case,1,Tandala,2026-10-16,pmf,no invasion,0.999191
2026-10-09,first confirmed case,1,Tembo,2026-10-16,pmf,invasion,1.2e-05
2026-10-09,first confirmed case,1,Tembo,2026-10-16,pmf,no invasion,0.999988
2026-10-09,first confirmed case,1,Titule,2026-10-16,pmf,invasion,0.004166
2026-10-09,first confirmed case,1,Titule,2026-10-16,pmf,no invasion,0.995834
2026-10-09,first confirmed case,1,Tshamilemba,2026-10-16,pmf,invasion,0.000389
2026-10-09,first confirmed case,1,Tshamilemba,2026-10-16,pmf,no invasion,0.999611
2026-10-09,first confirmed case,1,Tshela,2026-10-16,pmf,invasion,7e-06
2026-10-09,first confirmed case,1,Tshela,2026-10-16,pmf,no invasion,0.999993
2026-10-09,first confirmed case,1,Tshibala,2026-10-16,pmf,invasion,0.000968
2026-10-09,first confirmed case,1,Tshibala,2026-10-16,pmf,no invasion,0.999032
2026-10-09,first confirmed case,1,Tshikaji,2026-10-16,pmf,invasion,0.000476
2026-10-09,first confirmed case,1,Tshikaji,2026-10-16,pmf,no invasion,0.999524
2026-10-09,first confirmed case,1,Tshikapa,2026-10-16,pmf,invasion,0.000448
2026-10-09,first confirmed case,1,Tshikapa,2026-10-16,pmf,no invasion,0.999552
2026-10-09,first confirmed case,1,Tshikula,2026-10-16,pmf,invasion,0.000253
2026-10-09,first confirmed case,1,Tshikula,2026-10-16,pmf,no invasion,0.999747
2026-10-09,first confirmed case,1,Tshilenge,2026-10-16,pmf,invasion,0.000411
2026-10-09,first confirmed case,1,Tshilenge,2026-10-16,pmf,no invasion,0.999589
2026-10-09,first confirmed case,1,Tshishimbi,2026-10-16,pmf,invasion,0.000231
2026-10-09,first confirmed case,1,Tshishimbi,2026-10-16,pmf,no invasion,0.999769
2026-10-09,first confirmed case,1,Tshofa,2026-10-16,pmf,invasion,0.001887
2026-10-09,first confirmed case,1,Tshofa,2026-10-16,pmf,no invasion,0.998113
2026-10-09,first confirmed case,1,Tshudi Loto,2026-10-16,pmf,invasion,0.00035
2026-10-09,first confirmed case,1,Tshudi Loto,2026-10-16,pmf,no invasion,0.99965
2026-10-09,first confirmed case,1,Tshumbe,2026-10-16,pmf,invasion,0.000441
2026-10-09,first confirmed case,1,Tshumbe,2026-10-16,pmf,no invasion,0.999559
2026-10-09,first confirmed case,1,Tunda,2026-10-16,pmf,invasion,0.000319
2026-10-09,first confirmed case,1,Tunda,2026-10-16,pmf,no invasion,0.999681
2026-10-09,first confirmed case,1,Ubundu,2026-10-16,pmf,invasion,0.002161
2026-10-09,first confirmed case,1,Ubundu,2026-10-16,pmf,no invasion,0.997839
2026-10-09,first confirmed case,1,Uvira,2026-10-16,pmf,invasion,0.009059
2026-10-09,first confirmed case,1,Uvira,2026-10-16,pmf,no invasion,0.990941
2026-10-09,first confirmed case,1,Vaku,2026-10-16,pmf,invasion,4e-05
2026-10-09,first confirmed case,1,Vaku,2026-10-16,pmf,no invasion,0.99996
2026-10-09,first confirmed case,1,Vanga,2026-10-16,pmf,invasion,0.000426
2026-10-09,first confirmed case,1,Vanga,2026-10-16,pmf,no invasion,0.999574
2026-10-09,first confirmed case,1,Vanga Kete,2026-10-16,pmf,invasion,0.000473
2026-10-09,first confirmed case,1,Vanga Kete,2026-10-16,pmf,no invasion,0.999527
2026-10-09,first confirmed case,1,Vangu,2026-10-16,pmf,invasion,2.1e-05
2026-10-09,first confirmed case,1,Vangu,2026-10-16,pmf,no invasion,0.999979
2026-10-09,first confirmed case,1,Walikale,2026-10-16,pmf,invasion,0.007784
2026-10-09,first confirmed case,1,Walikale,2026-10-16,pmf,no invasion,0.992216
2026-10-09,first confirmed case,1,Walungu,2026-10-16,pmf,invasion,0.002109
2026-10-09,first confirmed case,1,Walungu,2026-10-16,pmf,no invasion,0.997891
2026-10-09,first confirmed case,1,Wamba Lwadi,2026-10-16,pmf,invasion,0.000121
2026-10-09,first confirmed case,1,Wamba Lwadi,2026-10-16,pmf,no invasion,0.999879
2026-10-09,first confirmed case,1,Wangata,2026-10-16,pmf,invasion,0.000313
2026-10-09,first confirmed case,1,Wangata,2026-10-16,pmf,no invasion,0.999687
2026-10-09,first confirmed case,1,Wapinda,2026-10-16,pmf,invasion,0.000427
2026-10-09,first confirmed case,1,Wapinda,2026-10-16,pmf,no invasion,0.999573
2026-10-09,first confirmed case,1,Wasolo,2026-10-16,pmf,invasion,0.000696
2026-10-09,first confirmed case,1,Wasolo,2026-10-16,pmf,no invasion,0.999304
2026-10-09,first confirmed case,1,Watsa,2026-10-16,pmf,invasion,0.06445
2026-10-09,first confirmed case,1,Watsa,2026-10-16,pmf,no invasion,0.93555
2026-10-09,first confirmed case,1,Wema,2026-10-16,pmf,invasion,0.000137
2026-10-09,first confirmed case,1,Wema,2026-10-16,pmf,no invasion,0.999863
2026-10-09,first confirmed case,1,Wembo Nyama,2026-10-16,pmf,invasion,0.000355
2026-10-09,first confirmed case,1,Wembo Nyama,2026-10-16,pmf,no invasion,0.999645
2026-10-09,first confirmed case,1,Wikong,2026-10-16,pmf,invasion,0.000234
2026-10-09,first confirmed case,1,Wikong,2026-10-16,pmf,no invasion,0.999766
2026-10-09,first confirmed case,1,Yabaondo,2026-10-16,pmf,invasion,0.003077
2026-10-09,first confirmed case,1,Yabaondo,2026-10-16,pmf,no invasion,0.996923
2026-10-09,first confirmed case,1,Yahisuli,2026-10-16,pmf,invasion,0.001302
2026-10-09,first confirmed case,1,Yahisuli,2026-10-16,pmf,no invasion,0.998698
2026-10-09,first confirmed case,1,Yahuma,2026-10-16,pmf,invasion,0.001342
2026-10-09,first confirmed case,1,Yahuma,2026-10-16,pmf,no invasion,0.998658
2026-10-09,first confirmed case,1,Yakoma,2026-10-16,pmf,invasion,0.000638
2026-10-09,first confirmed case,1,Yakoma,2026-10-16,pmf,no invasion,0.999362
2026-10-09,first confirmed case,1,Yakusu,2026-10-16,pmf,invasion,0.035499
2026-10-09,first confirmed case,1,Yakusu,2026-10-16,pmf,no invasion,0.964501
2026-10-09,first confirmed case,1,Yaleko,2026-10-16,pmf,invasion,0.001742
2026-10-09,first confirmed case,1,Yaleko,2026-10-16,pmf,no invasion,0.998258
2026-10-09,first confirmed case,1,Yalifafu,2026-10-16,pmf,invasion,0.001296
2026-10-09,first confirmed case,1,Yalifafu,2026-10-16,pmf,no invasion,0.998704
2026-10-09,first confirmed case,1,Yalimbongo,2026-10-16,pmf,invasion,0.013366
2026-10-09,first confirmed case,1,Yalimbongo,2026-10-16,pmf,no invasion,0.986634
2026-10-09,first confirmed case,1,Yamaluka,2026-10-16,pmf,invasion,0.001419
2026-10-09,first confirmed case,1,Yamaluka,2026-10-16,pmf,no invasion,0.998581
2026-10-09,first confirmed case,1,Yambuku,2026-10-16,pmf,invasion,0.001311
2026-10-09,first confirmed case,1,Yambuku,2026-10-16,pmf,no invasion,0.998689
2026-10-09,first confirmed case,1,Yamongili,2026-10-16,pmf,invasion,0.001275
2026-10-09,first confirmed case,1,Yamongili,2026-10-16,pmf,no invasion,0.998725
2026-10-09,first confirmed case,1,Yangala,2026-10-16,pmf,invasion,0.000893
2026-10-09,first confirmed case,1,Yangala,2026-10-16,pmf,no invasion,0.999107
2026-10-09,first confirmed case,1,Yasa Bonga,2026-10-16,pmf,invasion,0.000296
2026-10-09,first confirmed case,1,Yasa Bonga,2026-10-16,pmf,no invasion,0.999704
2026-10-09,first confirmed case,1,Yumbi,2026-10-16,pmf,invasion,7.5e-05
2026-10-09,first confirmed case,1,Yumbi,2026-10-16,pmf,no invasion,0.999925
2026-10-09,first confirmed case,1,Zongo,2026-10-16,pmf,invasion,5.7e-05
2026-10-09,first confirmed case,1,Zongo,2026-10-16,pmf,no invasion,0.999943
2026-10-09,first confirmed case,2,Aba,2026-10-23,pmf,invasion,0.021092
2026-10-09,first confirmed case,2,Aba,2026-10-23,pmf,no invasion,0.978908
2026-10-09,first confirmed case,2,Abuzi,2026-10-23,pmf,invasion,0.001297
2026-10-09,first confirmed case,2,Abuzi,2026-10-23,pmf,no invasion,0.998703
2026-10-09,first confirmed case,2,Adi,2026-10-23,pmf,invasion,0.016726
2026-10-09,first confirmed case,2,Adi,2026-10-23,pmf,no invasion,0.983274
2026-10-09,first confirmed case,2,Aketi,2026-10-23,pmf,invasion,0.006079
2026-10-09,first confirmed case,2,Aketi,2026-10-23,pmf,no invasion,0.993921
2026-10-09,first confirmed case,2,Alunguli,2026-10-23,pmf,invasion,0.001962
2026-10-09,first confirmed case,2,Alunguli,2026-10-23,pmf,no invasion,0.998038
2026-10-09,first confirmed case,2,Angumu,2026-10-23,pmf,invasion,0.008479
2026-10-09,first confirmed case,2,Angumu,2026-10-23,pmf,no invasion,0.991521
2026-10-09,first confirmed case,2,Ankoro,2026-10-23,pmf,invasion,0.000725
2026-10-09,first confirmed case,2,Ankoro,2026-10-23,pmf,no invasion,0.999275
2026-10-09,first confirmed case,2,Bafwagbogbo,2026-10-23,pmf,invasion,0.02232
2026-10-09,first confirmed case,2,Bafwagbogbo,2026-10-23,pmf,no invasion,0.97768
2026-10-09,first confirmed case,2,Bagata,2026-10-23,pmf,invasion,0.00037
2026-10-09,first confirmed case,2,Bagata,2026-10-23,pmf,no invasion,0.99963
2026-10-09,first confirmed case,2,Bagira,2026-10-23,pmf,invasion,0.003832
2026-10-09,first confirmed case,2,Bagira,2026-10-23,pmf,no invasion,0.996168
2026-10-09,first confirmed case,2,Baka,2026-10-23,pmf,invasion,9.7e-05
2026-10-09,first confirmed case,2,Baka,2026-10-23,pmf,no invasion,0.999903
2026-10-09,first confirmed case,2,Bambo,2026-10-23,pmf,invasion,0.006479
2026-10-09,first confirmed case,2,Bambo,2026-10-23,pmf,no invasion,0.993521
2026-10-09,first confirmed case,2,Banalia,2026-10-23,pmf,invasion,0.029855
2026-10-09,first confirmed case,2,Banalia,2026-10-23,pmf,no invasion,0.970145
2026-10-09,first confirmed case,2,Bandalungwa,2026-10-23,pmf,invasion,0.000569
2026-10-09,first confirmed case,2,Bandalungwa,2026-10-23,pmf,no invasion,0.999431
2026-10-09,first confirmed case,2,Bandundu,2026-10-23,pmf,invasion,0.000241
2026-10-09,first confirmed case,2,Bandundu,2026-10-23,pmf,no invasion,0.999759
2026-10-09,first confirmed case,2,Banga Lubaka,2026-10-23,pmf,invasion,0.000202
2026-10-09,first confirmed case,2,Banga Lubaka,2026-10-23,pmf,no invasion,0.999798
2026-10-09,first confirmed case,2,Bangabola,2026-10-23,pmf,invasion,0.000504
2026-10-09,first confirmed case,2,Bangabola,2026-10-23,pmf,no invasion,0.999496
2026-10-09,first confirmed case,2,Banzow Moke,2026-10-23,pmf,invasion,0.000191
2026-10-09,first confirmed case,2,Banzow Moke,2026-10-23,pmf,no invasion,0.999809
2026-10-09,first confirmed case,2,Barumbu,2026-10-23,pmf,invasion,0.000593
2026-10-09,first confirmed case,2,Barumbu,2026-10-23,pmf,no invasion,0.999407
2026-10-09,first confirmed case,2,Basankusu,2026-10-23,pmf,invasion,0.000524
2026-10-09,first confirmed case,2,Basankusu,2026-10-23,pmf,no invasion,0.999476
2026-10-09,first confirmed case,2,Befale,2026-10-23,pmf,invasion,0.000553
2026-10-09,first confirmed case,2,Befale,2026-10-23,pmf,no invasion,0.999447
2026-10-09,first confirmed case,2,Bena Dibele,2026-10-23,pmf,invasion,0.000493
2026-10-09,first confirmed case,2,Bena Dibele,2026-10-23,pmf,no invasion,0.999507
2026-10-09,first confirmed case,2,Bena Leka,2026-10-23,pmf,invasion,0.000833
2026-10-09,first confirmed case,2,Bena Leka,2026-10-23,pmf,no invasion,0.999167
2026-10-09,first confirmed case,2,Bena Tshadi,2026-10-23,pmf,invasion,0.000265
2026-10-09,first confirmed case,2,Bena Tshadi,2026-10-23,pmf,no invasion,0.999735
2026-10-09,first confirmed case,2,Bengamisa,2026-10-23,pmf,invasion,0.008869
2026-10-09,first confirmed case,2,Bengamisa,2026-10-23,pmf,no invasion,0.991131
2026-10-09,first confirmed case,2,Bibanga,2026-10-23,pmf,invasion,0.000654
2026-10-09,first confirmed case,2,Bibanga,2026-10-23,pmf,no invasion,0.999346
2026-10-09,first confirmed case,2,Bikoro,2026-10-23,pmf,invasion,0.000251
2026-10-09,first confirmed case,2,Bikoro,2026-10-23,pmf,no invasion,0.999749
2026-10-09,first confirmed case,2,Bili (Bas-Uele),2026-10-23,pmf,invasion,0.004921
2026-10-09,first confirmed case,2,Bili (Bas-Uele),2026-10-23,pmf,no invasion,0.995079
2026-10-09,first confirmed case,2,Bili (Nord-Ubangi),2026-10-23,pmf,invasion,0.001338
2026-10-09,first confirmed case,2,Bili (Nord-Ubangi),2026-10-23,pmf,no invasion,0.998662
2026-10-09,first confirmed case,2,Bilomba,2026-10-23,pmf,invasion,0.001368
2026-10-09,first confirmed case,2,Bilomba,2026-10-23,pmf,no invasion,0.998632
2026-10-09,first confirmed case,2,Binga,2026-10-23,pmf,invasion,0.004265
2026-10-09,first confirmed case,2,Binga,2026-10-23,pmf,no invasion,0.995735
2026-10-09,first confirmed case,2,Binza,2026-10-23,pmf,invasion,0.004506
2026-10-09,first confirmed case,2,Binza,2026-10-23,pmf,no invasion,0.995494
2026-10-09,first confirmed case,2,Binza Meteo,2026-10-23,pmf,invasion,0.000762
2026-10-09,first confirmed case,2,Binza Meteo,2026-10-23,pmf,no invasion,0.999238
2026-10-09,first confirmed case,2,Binza Ozone,2026-10-23,pmf,invasion,0.001771
2026-10-09,first confirmed case,2,Binza Ozone,2026-10-23,pmf,no invasion,0.998229
2026-10-09,first confirmed case,2,Bipemba,2026-10-23,pmf,invasion,0.000654
2026-10-09,first confirmed case,2,Bipemba,2026-10-23,pmf,no invasion,0.999346
2026-10-09,first confirmed case,2,Birambizo,2026-10-23,pmf,invasion,0.002606
2026-10-09,first confirmed case,2,Birambizo,2026-10-23,pmf,no invasion,0.997394
2026-10-09,first confirmed case,2,Biringi,2026-10-23,pmf,invasion,0.039952
2026-10-09,first confirmed case,2,Biringi,2026-10-23,pmf,no invasion,0.960048
2026-10-09,first confirmed case,2,Biyela,2026-10-23,pmf,invasion,0.00015
2026-10-09,first confirmed case,2,Biyela,2026-10-23,pmf,no invasion,0.99985
2026-10-09,first confirmed case,2,Bobozo,2026-10-23,pmf,invasion,0.000279
2026-10-09,first confirmed case,2,Bobozo,2026-10-23,pmf,no invasion,0.999721
2026-10-09,first confirmed case,2,Boende,2026-10-23,pmf,invasion,0.000898
2026-10-09,first confirmed case,2,Boende,2026-10-23,pmf,no invasion,0.999102
2026-10-09,first confirmed case,2,Bogosenubea,2026-10-23,pmf,invasion,0.000957
2026-10-09,first confirmed case,2,Bogosenubea,2026-10-23,pmf,no invasion,0.999043
2026-10-09,first confirmed case,2,Boko,2026-10-23,pmf,invasion,0.000515
2026-10-09,first confirmed case,2,Boko,2026-10-23,pmf,no invasion,0.999485
2026-10-09,first confirmed case,2,Boko Kivulu,2026-10-23,pmf,invasion,0.000185
2026-10-09,first confirmed case,2,Boko Kivulu,2026-10-23,pmf,no invasion,0.999815
2026-10-09,first confirmed case,2,Bokonzi,2026-10-23,pmf,invasion,0.000308
2026-10-09,first confirmed case,2,Bokonzi,2026-10-23,pmf,no invasion,0.999692
2026-10-09,first confirmed case,2,Bokoro,2026-10-23,pmf,invasion,0.00074
2026-10-09,first confirmed case,2,Bokoro,2026-10-23,pmf,no invasion,0.99926
2026-10-09,first confirmed case,2,Bokungu,2026-10-23,pmf,invasion,0.002297
2026-10-09,first confirmed case,2,Bokungu,2026-10-23,pmf,no invasion,0.997703
2026-10-09,first confirmed case,2,Bolenge,2026-10-23,pmf,invasion,0.000313
2026-10-09,first confirmed case,2,Bolenge,2026-10-23,pmf,no invasion,0.999687
2026-10-09,first confirmed case,2,Bolobo,2026-10-23,pmf,invasion,0.000222
2026-10-09,first confirmed case,2,Bolobo,2026-10-23,pmf,no invasion,0.999778
2026-10-09,first confirmed case,2,Bolomba,2026-10-23,pmf,invasion,0.000522
2026-10-09,first confirmed case,2,Bolomba,2026-10-23,pmf,no invasion,0.999478
2026-10-09,first confirmed case,2,Boma,2026-10-23,pmf,invasion,9.8e-05
2026-10-09,first confirmed case,2,Boma,2026-10-23,pmf,no invasion,0.999902
2026-10-09,first confirmed case,2,Boma Bungu,2026-10-23,pmf,invasion,5.8e-05
2026-10-09,first confirmed case,2,Boma Bungu,2026-10-23,pmf,no invasion,0.999942
2026-10-09,first confirmed case,2,Bominenge,2026-10-23,pmf,invasion,0.000808
2026-10-09,first confirmed case,2,Bominenge,2026-10-23,pmf,no invasion,0.999192
2026-10-09,first confirmed case,2,Bomongo,2026-10-23,pmf,invasion,0.000109
2026-10-09,first confirmed case,2,Bomongo,2026-10-23,pmf,no invasion,0.999891
2026-10-09,first confirmed case,2,Bondo,2026-10-23,pmf,invasion,0.008895
2026-10-09,first confirmed case,2,Bondo,2026-10-23,pmf,no invasion,0.991105
2026-10-09,first confirmed case,2,Bongandanga,2026-10-23,pmf,invasion,0.000881
2026-10-09,first confirmed case,2,Bongandanga,2026-10-23,pmf,no invasion,0.999119
2026-10-09,first confirmed case,2,Bonzola,2026-10-23,pmf,invasion,0.001357
2026-10-09,first confirmed case,2,Bonzola,2026-10-23,pmf,no invasion,0.998643
2026-10-09,first confirmed case,2,Boso Manzi,2026-10-23,pmf,invasion,0.000621
2026-10-09,first confirmed case,2,Boso Manzi,2026-10-23,pmf,no invasion,0.999379
2026-10-09,first confirmed case,2,Boso Mondanda,2026-10-23,pmf,invasion,0.000377
2026-10-09,first confirmed case,2,Boso Mondanda,2026-10-23,pmf,no invasion,0.999623
2026-10-09,first confirmed case,2,Bosobe,2026-10-23,pmf,invasion,0.000186
2026-10-09,first confirmed case,2,Bosobe,2026-10-23,pmf,no invasion,0.999814
2026-10-09,first confirmed case,2,Bosobolo,2026-10-23,pmf,invasion,0.000565
2026-10-09,first confirmed case,2,Bosobolo,2026-10-23,pmf,no invasion,0.999435
2026-10-09,first confirmed case,2,Bosondjo,2026-10-23,pmf,invasion,0.000686
2026-10-09,first confirmed case,2,Bosondjo,2026-10-23,pmf,no invasion,0.999314
2026-10-09,first confirmed case,2,Boto,2026-10-23,pmf,invasion,0.000369
2026-10-09,first confirmed case,2,Boto,2026-10-23,pmf,no invasion,0.999631
2026-10-09,first confirmed case,2,Budjala,2026-10-23,pmf,invasion,0.010422
2026-10-09,first confirmed case,2,Budjala,2026-10-23,pmf,no invasion,0.989578
2026-10-09,first confirmed case,2,Bukama,2026-10-23,pmf,invasion,0.000586
2026-10-09,first confirmed case,2,Bukama,2026-10-23,pmf,no invasion,0.999414
2026-10-09,first confirmed case,2,Bulape,2026-10-23,pmf,invasion,0.000842
2026-10-09,first confirmed case,2,Bulape,2026-10-23,pmf,no invasion,0.999158
2026-10-09,first confirmed case,2,Bulungu,2026-10-23,pmf,invasion,0.00082
2026-10-09,first confirmed case,2,Bulungu,2026-10-23,pmf,no invasion,0.99918
2026-10-09,first confirmed case,2,Bumba,2026-10-23,pmf,invasion,0.006323
2026-10-09,first confirmed case,2,Bumba,2026-10-23,pmf,no invasion,0.993677
2026-10-09,first confirmed case,2,Bumbu,2026-10-23,pmf,invasion,0.000102
2026-10-09,first confirmed case,2,Bumbu,2026-10-23,pmf,no invasion,0.999898
2026-10-09,first confirmed case,2,Bunkeya,2026-10-23,pmf,invasion,8.8e-05
2026-10-09,first confirmed case,2,Bunkeya,2026-10-23,pmf,no invasion,0.999912
2026-10-09,first confirmed case,2,Bunkonde,2026-10-23,pmf,invasion,0.00102
2026-10-09,first confirmed case,2,Bunkonde,2026-10-23,pmf,no invasion,0.99898
2026-10-09,first confirmed case,2,Bunyakiri,2026-10-23,pmf,invasion,0.002824
2026-10-09,first confirmed case,2,Bunyakiri,2026-10-23,pmf,no invasion,0.997176
2026-10-09,first confirmed case,2,Busanga,2026-10-23,pmf,invasion,0.000325
2026-10-09,first confirmed case,2,Busanga,2026-10-23,pmf,no invasion,0.999675
2026-10-09,first confirmed case,2,Businga,2026-10-23,pmf,invasion,0.000956
2026-10-09,first confirmed case,2,Businga,2026-10-23,pmf,no invasion,0.999044
2026-10-09,first confirmed case,2,Butumba,2026-10-23,pmf,invasion,0.000543
2026-10-09,first confirmed case,2,Butumba,2026-10-23,pmf,no invasion,0.999457
2026-10-09,first confirmed case,2,Bwamanda,2026-10-23,pmf,invasion,0.000955
2026-10-09,first confirmed case,2,Bwamanda,2026-10-23,pmf,no invasion,0.999045
2026-10-09,first confirmed case,2,Cilundu,2026-10-23,pmf,invasion,0.001835
2026-10-09,first confirmed case,2,Cilundu,2026-10-23,pmf,no invasion,0.998165
2026-10-09,first confirmed case,2,Citenge,2026-10-23,pmf,invasion,0.00057
2026-10-09,first confirmed case,2,Citenge,2026-10-23,pmf,no invasion,0.99943
2026-10-09,first confirmed case,2,Dekese,2026-10-23,pmf,invasion,0.00034
2026-10-09,first confirmed case,2,Dekese,2026-10-23,pmf,no invasion,0.99966
2026-10-09,first confirmed case,2,Demba,2026-10-23,pmf,invasion,0.000808
2026-10-09,first confirmed case,2,Demba,2026-10-23,pmf,no invasion,0.999192
2026-10-09,first confirmed case,2,Dibaya,2026-10-23,pmf,invasion,0.00203
2026-10-09,first confirmed case,2,Dibaya,2026-10-23,pmf,no invasion,0.99797
2026-10-09,first confirmed case,2,Dibindi,2026-10-23,pmf,invasion,0.000512
2026-10-09,first confirmed case,2,Dibindi,2026-10-23,pmf,no invasion,0.999488
2026-10-09,first confirmed case,2,Dikungu,2026-10-23,pmf,invasion,0.000871
2026-10-09,first confirmed case,2,Dikungu,2026-10-23,pmf,no invasion,0.999129
2026-10-09,first confirmed case,2,Dilala,2026-10-23,pmf,invasion,0.000288
2026-10-09,first confirmed case,2,Dilala,2026-10-23,pmf,no invasion,0.999712
2026-10-09,first confirmed case,2,Dilolo,2026-10-23,pmf,invasion,2.5e-05
2026-10-09,first confirmed case,2,Dilolo,2026-10-23,pmf,no invasion,0.999975
2026-10-09,first confirmed case,2,Diulu,2026-10-23,pmf,invasion,0.000795
2026-10-09,first confirmed case,2,Diulu,2026-10-23,pmf,no invasion,0.999205
2026-10-09,first confirmed case,2,Djalo Ndjeka,2026-10-23,pmf,invasion,0.000464
2026-10-09,first confirmed case,2,Djalo Ndjeka,2026-10-23,pmf,no invasion,0.999536
2026-10-09,first confirmed case,2,Djolu,2026-10-23,pmf,invasion,0.002659
2026-10-09,first confirmed case,2,Djolu,2026-10-23,pmf,no invasion,0.997341
2026-10-09,first confirmed case,2,Djombo,2026-10-23,pmf,invasion,0.000602
2026-10-09,first confirmed case,2,Djombo,2026-10-23,pmf,no invasion,0.999398
2026-10-09,first confirmed case,2,Djuma,2026-10-23,pmf,invasion,0.000523
2026-10-09,first confirmed case,2,Djuma,2026-10-23,pmf,no invasion,0.999477
2026-10-09,first confirmed case,2,Doruma,2026-10-23,pmf,invasion,0.007667
2026-10-09,first confirmed case,2,Doruma,2026-10-23,pmf,no invasion,0.992332
2026-10-09,first confirmed case,2,Faradje,2026-10-23,pmf,invasion,0.017013
2026-10-09,first confirmed case,2,Faradje,2026-10-23,pmf,no invasion,0.982987
2026-10-09,first confirmed case,2,Ferekeni,2026-10-23,pmf,invasion,0.000756
2026-10-09,first confirmed case,2,Ferekeni,2026-10-23,pmf,no invasion,0.999244
2026-10-09,first confirmed case,2,Feshi,2026-10-23,pmf,invasion,0.000342
2026-10-09,first confirmed case,2,Feshi,2026-10-23,pmf,no invasion,0.999658
2026-10-09,first confirmed case,2,Fizi,2026-10-23,pmf,invasion,0.005826
2026-10-09,first confirmed case,2,Fizi,2026-10-23,pmf,no invasion,0.994174
2026-10-09,first confirmed case,2,Fungurume,2026-10-23,pmf,invasion,0.000379
2026-10-09,first confirmed case,2,Fungurume,2026-10-23,pmf,no invasion,0.999621
2026-10-09,first confirmed case,2,Gbadolite,2026-10-23,pmf,invasion,0.000338
2026-10-09,first confirmed case,2,Gbadolite,2026-10-23,pmf,no invasion,0.999662
2026-10-09,first confirmed case,2,Gemena,2026-10-23,pmf,invasion,0.004291
2026-10-09,first confirmed case,2,Gemena,2026-10-23,pmf,no invasion,0.995709
2026-10-09,first confirmed case,2,Gombe,2026-10-23,pmf,invasion,0.002589
2026-10-09,first confirmed case,2,Gombe,2026-10-23,pmf,no invasion,0.997411
2026-10-09,first confirmed case,2,Gombe Matadi,2026-10-23,pmf,invasion,0.000261
2026-10-09,first confirmed case,2,Gombe Matadi,2026-10-23,pmf,no invasion,0.999739
2026-10-09,first confirmed case,2,Gungu,2026-10-23,pmf,invasion,0.000565
2026-10-09,first confirmed case,2,Gungu,2026-10-23,pmf,no invasion,0.999435
2026-10-09,first confirmed case,2,Haut Plateau,2026-10-23,pmf,invasion,0.001361
2026-10-09,first confirmed case,2,Haut Plateau,2026-10-23,pmf,no invasion,0.998639
2026-10-09,first confirmed case,2,Ibanda,2026-10-23,pmf,invasion,0.012713
2026-10-09,first confirmed case,2,Ibanda,2026-10-23,pmf,no invasion,0.987287
2026-10-09,first confirmed case,2,Iboko,2026-10-23,pmf,invasion,0.000547
2026-10-09,first confirmed case,2,Iboko,2026-10-23,pmf,no invasion,0.999453
2026-10-09,first confirmed case,2,Idiofa,2026-10-23,pmf,invasion,0.001266
2026-10-09,first confirmed case,2,Idiofa,2026-10-23,pmf,no invasion,0.998734
2026-10-09,first confirmed case,2,Idjwi,2026-10-23,pmf,invasion,0.001338
2026-10-09,first confirmed case,2,Idjwi,2026-10-23,pmf,no invasion,0.998662
2026-10-09,first confirmed case,2,Ikela,2026-10-23,pmf,invasion,0.002519
2026-10-09,first confirmed case,2,Ikela,2026-10-23,pmf,no invasion,0.997481
2026-10-09,first confirmed case,2,Ilebo,2026-10-23,pmf,invasion,0.000412
2026-10-09,first confirmed case,2,Ilebo,2026-10-23,pmf,no invasion,0.999588
2026-10-09,first confirmed case,2,Inga,2026-10-23,pmf,invasion,9.5e-05
2026-10-09,first confirmed case,2,Inga,2026-10-23,pmf,no invasion,0.999905
2026-10-09,first confirmed case,2,Ingende,2026-10-23,pmf,invasion,0.000335
2026-10-09,first confirmed case,2,Ingende,2026-10-23,pmf,no invasion,0.999665
2026-10-09,first confirmed case,2,Inongo,2026-10-23,pmf,invasion,0.000305
2026-10-09,first confirmed case,2,Inongo,2026-10-23,pmf,no invasion,0.999695
2026-10-09,first confirmed case,2,Ipamu,2026-10-23,pmf,invasion,0.000583
2026-10-09,first confirmed case,2,Ipamu,2026-10-23,pmf,no invasion,0.999417
2026-10-09,first confirmed case,2,Irebu,2026-10-23,pmf,invasion,0.00018
2026-10-09,first confirmed case,2,Irebu,2026-10-23,pmf,no invasion,0.99982
2026-10-09,first confirmed case,2,Isangi,2026-10-23,pmf,invasion,0.00897
2026-10-09,first confirmed case,2,Isangi,2026-10-23,pmf,no invasion,0.99103
2026-10-09,first confirmed case,2,Itebero,2026-10-23,pmf,invasion,0.002059
2026-10-09,first confirmed case,2,Itebero,2026-10-23,pmf,no invasion,0.997941
2026-10-09,first confirmed case,2,Itombwe,2026-10-23,pmf,invasion,0.000684
2026-10-09,first confirmed case,2,Itombwe,2026-10-23,pmf,no invasion,0.999316
2026-10-09,first confirmed case,2,Jiba,2026-10-23,pmf,invasion,0.095475
2026-10-09,first confirmed case,2,Jiba,2026-10-23,pmf,no invasion,0.904525
2026-10-09,first confirmed case,2,Kabalo,2026-10-23,pmf,invasion,0.002075
2026-10-09,first confirmed case,2,Kabalo,2026-10-23,pmf,no invasion,0.997925
2026-10-09,first confirmed case,2,Kabambare,2026-10-23,pmf,invasion,0.001015
2026-10-09,first confirmed case,2,Kabambare,2026-10-23,pmf,no invasion,0.998985
2026-10-09,first confirmed case,2,Kabare,2026-10-23,pmf,invasion,0.003888
2026-10-09,first confirmed case,2,Kabare,2026-10-23,pmf,no invasion,0.996112
2026-10-09,first confirmed case,2,Kabeya Kamwanga,2026-10-23,pmf,invasion,0.001011
2026-10-09,first confirmed case,2,Kabeya Kamwanga,2026-10-23,pmf,no invasion,0.998989
2026-10-09,first confirmed case,2,Kabinda,2026-10-23,pmf,invasion,0.002699
2026-10-09,first confirmed case,2,Kabinda,2026-10-23,pmf,no invasion,0.997301
2026-10-09,first confirmed case,2,Kabondo Dianda,2026-10-23,pmf,invasion,0.000507
2026-10-09,first confirmed case,2,Kabondo Dianda,2026-10-23,pmf,no invasion,0.999493
2026-10-09,first confirmed case,2,Kabongo,2026-10-23,pmf,invasion,0.001283
2026-10-09,first confirmed case,2,Kabongo,2026-10-23,pmf,no invasion,0.998717
2026-10-09,first confirmed case,2,Kadutu,2026-10-23,pmf,invasion,0.008948
2026-10-09,first confirmed case,2,Kadutu,2026-10-23,pmf,no invasion,0.991052
2026-10-09,first confirmed case,2,Kafakumba,2026-10-23,pmf,invasion,0.000761
2026-10-09,first confirmed case,2,Kafakumba,2026-10-23,pmf,no invasion,0.999239
2026-10-09,first confirmed case,2,Kafubu,2026-10-23,pmf,invasion,0.000228
2026-10-09,first confirmed case,2,Kafubu,2026-10-23,pmf,no invasion,0.999772
2026-10-09,first confirmed case,2,Kahemba,2026-10-23,pmf,invasion,0.000249
2026-10-09,first confirmed case,2,Kahemba,2026-10-23,pmf,no invasion,0.999751
2026-10-09,first confirmed case,2,Kailo,2026-10-23,pmf,invasion,0.002195
2026-10-09,first confirmed case,2,Kailo,2026-10-23,pmf,no invasion,0.997805
2026-10-09,first confirmed case,2,Kajiji,2026-10-23,pmf,invasion,0.000102
2026-10-09,first confirmed case,2,Kajiji,2026-10-23,pmf,no invasion,0.999898
2026-10-09,first confirmed case,2,Kakenge,2026-10-23,pmf,invasion,0.00046
2026-10-09,first confirmed case,2,Kakenge,2026-10-23,pmf,no invasion,0.99954
2026-10-09,first confirmed case,2,Kalamba,2026-10-23,pmf,invasion,0.000308
2026-10-09,first confirmed case,2,Kalamba,2026-10-23,pmf,no invasion,0.999692
2026-10-09,first confirmed case,2,Kalambayi Kabanga,2026-10-23,pmf,invasion,0.000775
2026-10-09,first confirmed case,2,Kalambayi Kabanga,2026-10-23,pmf,no invasion,0.999225
2026-10-09,first confirmed case,2,Kalamu 1,2026-10-23,pmf,invasion,0.00083
2026-10-09,first confirmed case,2,Kalamu 1,2026-10-23,pmf,no invasion,0.99917
2026-10-09,first confirmed case,2,Kalamu 2,2026-10-23,pmf,invasion,0.000188
2026-10-09,first confirmed case,2,Kalamu 2,2026-10-23,pmf,no invasion,0.999812
2026-10-09,first confirmed case,2,Kalehe,2026-10-23,pmf,invasion,0.002703
2026-10-09,first confirmed case,2,Kalehe,2026-10-23,pmf,no invasion,0.997297
2026-10-09,first confirmed case,2,Kalemie,2026-10-23,pmf,invasion,0.002419
2026-10-09,first confirmed case,2,Kalemie,2026-10-23,pmf,no invasion,0.997581
2026-10-09,first confirmed case,2,Kalenda,2026-10-23,pmf,invasion,0.000815
2026-10-09,first confirmed case,2,Kalenda,2026-10-23,pmf,no invasion,0.999185
2026-10-09,first confirmed case,2,Kalima,2026-10-23,pmf,invasion,0.003212
2026-10-09,first confirmed case,2,Kalima,2026-10-23,pmf,no invasion,0.996788
2026-10-09,first confirmed case,2,Kalole,2026-10-23,pmf,invasion,0.002159
2026-10-09,first confirmed case,2,Kalole,2026-10-23,pmf,no invasion,0.997841
2026-10-09,first confirmed case,2,Kalomba,2026-10-23,pmf,invasion,0.000778
2026-10-09,first confirmed case,2,Kalomba,2026-10-23,pmf,no invasion,0.999222
2026-10-09,first confirmed case,2,Kalonda Est,2026-10-23,pmf,invasion,0.000619
2026-10-09,first confirmed case,2,Kalonda Est,2026-10-23,pmf,no invasion,0.999381
2026-10-09,first confirmed case,2,Kalonda Ouest,2026-10-23,pmf,invasion,0.000707
2026-10-09,first confirmed case,2,Kalonda Ouest,2026-10-23,pmf,no invasion,0.999293
2026-10-09,first confirmed case,2,Kalonge,2026-10-23,pmf,invasion,0.001396
2026-10-09,first confirmed case,2,Kalonge,2026-10-23,pmf,no invasion,0.998604
2026-10-09,first confirmed case,2,Kamalondo,2026-10-23,pmf,invasion,0.000239
2026-10-09,first confirmed case,2,Kamalondo,2026-10-23,pmf,no invasion,0.999761
2026-10-09,first confirmed case,2,Kamana,2026-10-23,pmf,invasion,0.000828
2026-10-09,first confirmed case,2,Kamana,2026-10-23,pmf,no invasion,0.999172
2026-10-09,first confirmed case,2,Kamango,2026-10-23,pmf,invasion,0.016574
2026-10-09,first confirmed case,2,Kamango,2026-10-23,pmf,no invasion,0.983426
2026-10-09,first confirmed case,2,Kambove,2026-10-23,pmf,invasion,0.000259
2026-10-09,first confirmed case,2,Kambove,2026-10-23,pmf,no invasion,0.999741
2026-10-09,first confirmed case,2,Kamiji,2026-10-23,pmf,invasion,0.001111
2026-10-09,first confirmed case,2,Kamiji,2026-10-23,pmf,no invasion,0.998889
2026-10-09,first confirmed case,2,Kamina,2026-10-23,pmf,invasion,0.000856
2026-10-09,first confirmed case,2,Kamina,2026-10-23,pmf,no invasion,0.999144
2026-10-09,first confirmed case,2,Kamituga,2026-10-23,pmf,invasion,0.0017
2026-10-09,first confirmed case,2,Kamituga,2026-10-23,pmf,no invasion,0.9983
2026-10-09,first confirmed case,2,Kamonia,2026-10-23,pmf,invasion,8.7e-05
2026-10-09,first confirmed case,2,Kamonia,2026-10-23,pmf,no invasion,0.999913
2026-10-09,first confirmed case,2,Kampemba,2026-10-23,pmf,invasion,0.000428
2026-10-09,first confirmed case,2,Kampemba,2026-10-23,pmf,no invasion,0.999572
2026-10-09,first confirmed case,2,Kampene,2026-10-23,pmf,invasion,0.002207
2026-10-09,first confirmed case,2,Kampene,2026-10-23,pmf,no invasion,0.997793
2026-10-09,first confirmed case,2,Kamwesha,2026-10-23,pmf,invasion,0.000849
2026-10-09,first confirmed case,2,Kamwesha,2026-10-23,pmf,no invasion,0.999151
2026-10-09,first confirmed case,2,Kananga,2026-10-23,pmf,invasion,0.001592
2026-10-09,first confirmed case,2,Kananga,2026-10-23,pmf,no invasion,0.998408
2026-10-09,first confirmed case,2,Kanda Kanda,2026-10-23,pmf,invasion,0.000989
2026-10-09,first confirmed case,2,Kanda Kanda,2026-10-23,pmf,no invasion,0.999011
2026-10-09,first confirmed case,2,Kangu,2026-10-23,pmf,invasion,7.8e-05
2026-10-09,first confirmed case,2,Kangu,2026-10-23,pmf,no invasion,0.999922
2026-10-09,first confirmed case,2,Kaniama,2026-10-23,pmf,invasion,0.001134
2026-10-09,first confirmed case,2,Kaniama,2026-10-23,pmf,no invasion,0.998866
2026-10-09,first confirmed case,2,Kaniola,2026-10-23,pmf,invasion,0.002321
2026-10-09,first confirmed case,2,Kaniola,2026-10-23,pmf,no invasion,0.997679
2026-10-09,first confirmed case,2,Kansele,2026-10-23,pmf,invasion,0.000542
2026-10-09,first confirmed case,2,Kansele,2026-10-23,pmf,no invasion,0.999458
2026-10-09,first confirmed case,2,Kansimba,2026-10-23,pmf,invasion,0.000789
2026-10-09,first confirmed case,2,Kansimba,2026-10-23,pmf,no invasion,0.999211
2026-10-09,first confirmed case,2,Kanzala,2026-10-23,pmf,invasion,0.000824
2026-10-09,first confirmed case,2,Kanzala,2026-10-23,pmf,no invasion,0.999176
2026-10-09,first confirmed case,2,Kanzenze,2026-10-23,pmf,invasion,0.000126
2026-10-09,first confirmed case,2,Kanzenze,2026-10-23,pmf,no invasion,0.999874
2026-10-09,first confirmed case,2,Kapanga,2026-10-23,pmf,invasion,0.000333
2026-10-09,first confirmed case,2,Kapanga,2026-10-23,pmf,no invasion,0.999667
2026-10-09,first confirmed case,2,Kapolowe,2026-10-23,pmf,invasion,0.000256
2026-10-09,first confirmed case,2,Kapolowe,2026-10-23,pmf,no invasion,0.999744
2026-10-09,first confirmed case,2,Karawa,2026-10-23,pmf,invasion,0.001027
2026-10-09,first confirmed case,2,Karawa,2026-10-23,pmf,no invasion,0.998973
2026-10-09,first confirmed case,2,Karisimbi,2026-10-23,pmf,invasion,0.007468
2026-10-09,first confirmed case,2,Karisimbi,2026-10-23,pmf,no invasion,0.992532
2026-10-09,first confirmed case,2,Kasa Vubu,2026-10-23,pmf,invasion,0.000892
2026-10-09,first confirmed case,2,Kasa Vubu,2026-10-23,pmf,no invasion,0.999108
2026-10-09,first confirmed case,2,Kasaji,2026-10-23,pmf,invasion,0.000409
2026-10-09,first confirmed case,2,Kasaji,2026-10-23,pmf,no invasion,0.999591
2026-10-09,first confirmed case,2,Kasansa,2026-10-23,pmf,invasion,0.001282
2026-10-09,first confirmed case,2,Kasansa,2026-10-23,pmf,no invasion,0.998718
2026-10-09,first confirmed case,2,Kasenga,2026-10-23,pmf,invasion,0.000115
2026-10-09,first confirmed case,2,Kasenga,2026-10-23,pmf,no invasion,0.999885
2026-10-09,first confirmed case,2,Kashobwe,2026-10-23,pmf,invasion,4.8e-05
2026-10-09,first confirmed case,2,Kashobwe,2026-10-23,pmf,no invasion,0.999952
2026-10-09,first confirmed case,2,Kasongo,2026-10-23,pmf,invasion,0.004626
2026-10-09,first confirmed case,2,Kasongo,2026-10-23,pmf,no invasion,0.995374
2026-10-09,first confirmed case,2,Kasongo Lunda,2026-10-23,pmf,invasion,7.2e-05
2026-10-09,first confirmed case,2,Kasongo Lunda,2026-10-23,pmf,no invasion,0.999928
2026-10-09,first confirmed case,2,Katako Kombe,2026-10-23,pmf,invasion,0.000946
2026-10-09,first confirmed case,2,Katako Kombe,2026-10-23,pmf,no invasion,0.999054
2026-10-09,first confirmed case,2,Katana,2026-10-23,pmf,invasion,0.003769
2026-10-09,first confirmed case,2,Katana,2026-10-23,pmf,no invasion,0.996231
2026-10-09,first confirmed case,2,Katende,2026-10-23,pmf,invasion,0.000705
2026-10-09,first confirmed case,2,Katende,2026-10-23,pmf,no invasion,0.999295
2026-10-09,first confirmed case,2,Katoka,2026-10-23,pmf,invasion,0.000843
2026-10-09,first confirmed case,2,Katoka,2026-10-23,pmf,no invasion,0.999157
2026-10-09,first confirmed case,2,Katoyi,2026-10-23,pmf,invasion,0.006833
2026-10-09,first confirmed case,2,Katoyi,2026-10-23,pmf,no invasion,0.993167
2026-10-09,first confirmed case,2,Katuba,2026-10-23,pmf,invasion,6.4e-05
2026-10-09,first confirmed case,2,Katuba,2026-10-23,pmf,no invasion,0.999936
2026-10-09,first confirmed case,2,Kayamba,2026-10-23,pmf,invasion,0.000292
2026-10-09,first confirmed case,2,Kayamba,2026-10-23,pmf,no invasion,0.999708
2026-10-09,first confirmed case,2,Kaziba,2026-10-23,pmf,invasion,0.001354
2026-10-09,first confirmed case,2,Kaziba,2026-10-23,pmf,no invasion,0.998646
2026-10-09,first confirmed case,2,Kenge,2026-10-23,pmf,invasion,0.001064
2026-10-09,first confirmed case,2,Kenge,2026-10-23,pmf,no invasion,0.998936
2026-10-09,first confirmed case,2,Kenya,2026-10-23,pmf,invasion,0.00036
2026-10-09,first confirmed case,2,Kenya,2026-10-23,pmf,no invasion,0.99964
2026-10-09,first confirmed case,2,Kiambi,2026-10-23,pmf,invasion,0.000753
2026-10-09,first confirmed case,2,Kiambi,2026-10-23,pmf,no invasion,0.999247
2026-10-09,first confirmed case,2,Kibirizi,2026-10-23,pmf,invasion,0.041169
2026-10-09,first confirmed case,2,Kibirizi,2026-10-23,pmf,no invasion,0.958831
2026-10-09,first confirmed case,2,Kibombo,2026-10-23,pmf,invasion,0.001132
2026-10-09,first confirmed case,2,Kibombo,2026-10-23,pmf,no invasion,0.998868
2026-10-09,first confirmed case,2,Kibua,2026-10-23,pmf,invasion,0.003639
2026-10-09,first confirmed case,2,Kibua,2026-10-23,pmf,no invasion,0.996361
2026-10-09,first confirmed case,2,Kibunzi,2026-10-23,pmf,invasion,5e-05
2026-10-09,first confirmed case,2,Kibunzi,2026-10-23,pmf,no invasion,0.99995
2026-10-09,first confirmed case,2,Kikimi,2026-10-23,pmf,invasion,0.000477
2026-10-09,first confirmed case,2,Kikimi,2026-10-23,pmf,no invasion,0.999523
2026-10-09,first confirmed case,2,Kikongo,2026-10-23,pmf,invasion,0.000339
2026-10-09,first confirmed case,2,Kikongo,2026-10-23,pmf,no invasion,0.999661
2026-10-09,first confirmed case,2,Kikula,2026-10-23,pmf,invasion,0.000122
2026-10-09,first confirmed case,2,Kikula,2026-10-23,pmf,no invasion,0.999878
2026-10-09,first confirmed case,2,Kikwit Nord,2026-10-23,pmf,invasion,0.000963
2026-10-09,first confirmed case,2,Kikwit Nord,2026-10-23,pmf,no invasion,0.999037
2026-10-09,first confirmed case,2,Kikwit Sud,2026-10-23,pmf,invasion,0.000655
2026-10-09,first confirmed case,2,Kikwit Sud,2026-10-23,pmf,no invasion,0.999345
2026-10-09,first confirmed case,2,Kilela Balanda,2026-10-23,pmf,invasion,4.9e-05
2026-10-09,first confirmed case,2,Kilela Balanda,2026-10-23,pmf,no invasion,0.999951
2026-10-09,first confirmed case,2,Kilwa,2026-10-23,pmf,invasion,0.000352
2026-10-09,first confirmed case,2,Kilwa,2026-10-23,pmf,no invasion,0.999648
2026-10-09,first confirmed case,2,Kimbanseke,2026-10-23,pmf,invasion,0.000102
2026-10-09,first confirmed case,2,Kimbanseke,2026-10-23,pmf,no invasion,0.999898
2026-10-09,first confirmed case,2,Kimbao,2026-10-23,pmf,invasion,0.000285
2026-10-09,first confirmed case,2,Kimbao,2026-10-23,pmf,no invasion,0.999715
2026-10-09,first confirmed case,2,Kimbi Lulenge,2026-10-23,pmf,invasion,0.002188
2026-10-09,first confirmed case,2,Kimbi Lulenge,2026-10-23,pmf,no invasion,0.997812
2026-10-09,first confirmed case,2,Kimpangu,2026-10-23,pmf,invasion,4.6e-05
2026-10-09,first confirmed case,2,Kimpangu,2026-10-23,pmf,no invasion,0.999954
2026-10-09,first confirmed case,2,Kimpese,2026-10-23,pmf,invasion,0.000264
2026-10-09,first confirmed case,2,Kimpese,2026-10-23,pmf,no invasion,0.999736
2026-10-09,first confirmed case,2,Kimputu,2026-10-23,pmf,invasion,0.001088
2026-10-09,first confirmed case,2,Kimputu,2026-10-23,pmf,no invasion,0.998912
2026-10-09,first confirmed case,2,Kimvula,2026-10-23,pmf,invasion,0.000415
2026-10-09,first confirmed case,2,Kimvula,2026-10-23,pmf,no invasion,0.999585
2026-10-09,first confirmed case,2,Kinda,2026-10-23,pmf,invasion,0.000141
2026-10-09,first confirmed case,2,Kinda,2026-10-23,pmf,no invasion,0.999859
2026-10-09,first confirmed case,2,Kindu,2026-10-23,pmf,invasion,0.014937
2026-10-09,first confirmed case,2,Kindu,2026-10-23,pmf,no invasion,0.985063
2026-10-09,first confirmed case,2,Kingabwa,2026-10-23,pmf,invasion,0.000451
2026-10-09,first confirmed case,2,Kingabwa,2026-10-23,pmf,no invasion,0.999549
2026-10-09,first confirmed case,2,Kingandu,2026-10-23,pmf,invasion,0.000216
2026-10-09,first confirmed case,2,Kingandu,2026-10-23,pmf,no invasion,0.999784
2026-10-09,first confirmed case,2,Kingasani,2026-10-23,pmf,invasion,0.000259
2026-10-09,first confirmed case,2,Kingasani,2026-10-23,pmf,no invasion,0.999741
2026-10-09,first confirmed case,2,Kinkondja,2026-10-23,pmf,invasion,0.000418
2026-10-09,first confirmed case,2,Kinkondja,2026-10-23,pmf,no invasion,0.999582
2026-10-09,first confirmed case,2,Kinkonzi,2026-10-23,pmf,invasion,4.2e-05
2026-10-09,first confirmed case,2,Kinkonzi,2026-10-23,pmf,no invasion,0.999958
2026-10-09,first confirmed case,2,Kinshasa,2026-10-23,pmf,invasion,0.001021
2026-10-09,first confirmed case,2,Kinshasa,2026-10-23,pmf,no invasion,0.998979
2026-10-09,first confirmed case,2,Kintambo,2026-10-23,pmf,invasion,0.000911
2026-10-09,first confirmed case,2,Kintambo,2026-10-23,pmf,no invasion,0.999089
2026-10-09,first confirmed case,2,Kipushi,2026-10-23,pmf,invasion,0.000231
2026-10-09,first confirmed case,2,Kipushi,2026-10-23,pmf,no invasion,0.999769
2026-10-09,first confirmed case,2,Kiri,2026-10-23,pmf,invasion,0.000178
2026-10-09,first confirmed case,2,Kiri,2026-10-23,pmf,no invasion,0.999822
2026-10-09,first confirmed case,2,Kirotshe,2026-10-23,pmf,invasion,0.011127
2026-10-09,first confirmed case,2,Kirotshe,2026-10-23,pmf,no invasion,0.988873
2026-10-09,first confirmed case,2,Kisanga,2026-10-23,pmf,invasion,0.000207
2026-10-09,first confirmed case,2,Kisanga,2026-10-23,pmf,no invasion,0.999793
2026-10-09,first confirmed case,2,Kisanji,2026-10-23,pmf,invasion,0.000191
2026-10-09,first confirmed case,2,Kisanji,2026-10-23,pmf,no invasion,0.999809
2026-10-09,first confirmed case,2,Kisantu,2026-10-23,pmf,invasion,0.000264
2026-10-09,first confirmed case,2,Kisantu,2026-10-23,pmf,no invasion,0.999736
2026-10-09,first confirmed case,2,Kisenso,2026-10-23,pmf,invasion,0.000225
2026-10-09,first confirmed case,2,Kisenso,2026-10-23,pmf,no invasion,0.999775
2026-10-09,first confirmed case,2,Kitangwa,2026-10-23,pmf,invasion,0.000968
2026-10-09,first confirmed case,2,Kitangwa,2026-10-23,pmf,no invasion,0.999032
2026-10-09,first confirmed case,2,Kitenda,2026-10-23,pmf,invasion,8.9e-05
2026-10-09,first confirmed case,2,Kitenda,2026-10-23,pmf,no invasion,0.999911
2026-10-09,first confirmed case,2,Kitenge,2026-10-23,pmf,invasion,0.001112
2026-10-09,first confirmed case,2,Kitenge,2026-10-23,pmf,no invasion,0.998888
2026-10-09,first confirmed case,2,Kitona,2026-10-23,pmf,invasion,6e-06
2026-10-09,first confirmed case,2,Kitona,2026-10-23,pmf,no invasion,0.999994
2026-10-09,first confirmed case,2,Kitutu,2026-10-23,pmf,invasion,0.00162
2026-10-09,first confirmed case,2,Kitutu,2026-10-23,pmf,no invasion,0.99838
2026-10-09,first confirmed case,2,Kizu,2026-10-23,pmf,invasion,2.6e-05
2026-10-09,first confirmed case,2,Kizu,2026-10-23,pmf,no invasion,0.999974
2026-10-09,first confirmed case,2,Kokolo,2026-10-23,pmf,invasion,0.001192
2026-10-09,first confirmed case,2,Kokolo,2026-10-23,pmf,no invasion,0.998808
2026-10-09,first confirmed case,2,Kole,2026-10-23,pmf,invasion,0.00047
2026-10-09,first confirmed case,2,Kole,2026-10-23,pmf,no invasion,0.99953
2026-10-09,first confirmed case,2,Kongolo,2026-10-23,pmf,invasion,0.002993
2026-10-09,first confirmed case,2,Kongolo,2026-10-23,pmf,no invasion,0.997007
2026-10-09,first confirmed case,2,Koshibanda,2026-10-23,pmf,invasion,0.00069
2026-10-09,first confirmed case,2,Koshibanda,2026-10-23,pmf,no invasion,0.99931
2026-10-09,first confirmed case,2,Kowe,2026-10-23,pmf,invasion,2.9e-05
2026-10-09,first confirmed case,2,Kowe,2026-10-23,pmf,no invasion,0.999971
2026-10-09,first confirmed case,2,Kuimba,2026-10-23,pmf,invasion,9e-06
2026-10-09,first confirmed case,2,Kuimba,2026-10-23,pmf,no invasion,0.999991
2026-10-09,first confirmed case,2,Kunda,2026-10-23,pmf,invasion,0.003031
2026-10-09,first confirmed case,2,Kunda,2026-10-23,pmf,no invasion,0.996969
2026-10-09,first confirmed case,2,Kungu,2026-10-23,pmf,invasion,0.000636
2026-10-09,first confirmed case,2,Kungu,2026-10-23,pmf,no invasion,0.999364
2026-10-09,first confirmed case,2,Kwamouth,2026-10-23,pmf,invasion,0.000201
2026-10-09,first confirmed case,2,Kwamouth,2026-10-23,pmf,no invasion,0.999799
2026-10-09,first confirmed case,2,Kwilu Ngongo,2026-10-23,pmf,invasion,0.000202
2026-10-09,first confirmed case,2,Kwilu Ngongo,2026-10-23,pmf,no invasion,0.999798
2026-10-09,first confirmed case,2,Laybo,2026-10-23,pmf,invasion,0.014315
2026-10-09,first confirmed case,2,Laybo,2026-10-23,pmf,no invasion,0.985685
2026-10-09,first confirmed case,2,Lemba,2026-10-23,pmf,invasion,0.001238
2026-10-09,first confirmed case,2,Lemba,2026-10-23,pmf,no invasion,0.998762
2026-10-09,first confirmed case,2,Lemera,2026-10-23,pmf,invasion,0.005818
2026-10-09,first confirmed case,2,Lemera,2026-10-23,pmf,no invasion,0.994182
2026-10-09,first confirmed case,2,Libenge,2026-10-23,pmf,invasion,0.000463
2026-10-09,first confirmed case,2,Libenge,2026-10-23,pmf,no invasion,0.999537
2026-10-09,first confirmed case,2,Likasi,2026-10-23,pmf,invasion,0.000192
2026-10-09,first confirmed case,2,Likasi,2026-10-23,pmf,no invasion,0.999808
2026-10-09,first confirmed case,2,Likati,2026-10-23,pmf,invasion,0.002234
2026-10-09,first confirmed case,2,Likati,2026-10-23,pmf,no invasion,0.997766
2026-10-09,first confirmed case,2,Lilanga Bobangi,2026-10-23,pmf,invasion,3e-05
2026-10-09,first confirmed case,2,Lilanga Bobangi,2026-10-23,pmf,no invasion,0.99997
2026-10-09,first confirmed case,2,Limete,2026-10-23,pmf,invasion,0.001765
2026-10-09,first confirmed case,2,Limete,2026-10-23,pmf,no invasion,0.998235
2026-10-09,first confirmed case,2,Linga,2026-10-23,pmf,invasion,0.081786
2026-10-09,first confirmed case,2,Linga,2026-10-23,pmf,no invasion,0.918214
2026-10-09,first confirmed case,2,Lingomo,2026-10-23,pmf,invasion,0.001276
2026-10-09,first confirmed case,2,Lingomo,2026-10-23,pmf,no invasion,0.998724
2026-10-09,first confirmed case,2,Lingwala,2026-10-23,pmf,invasion,0.001285
2026-10-09,first confirmed case,2,Lingwala,2026-10-23,pmf,no invasion,0.998715
2026-10-09,first confirmed case,2,Lisala,2026-10-23,pmf,invasion,0.003427
2026-10-09,first confirmed case,2,Lisala,2026-10-23,pmf,no invasion,0.996573
2026-10-09,first confirmed case,2,Lodja,2026-10-23,pmf,invasion,0.002519
2026-10-09,first confirmed case,2,Lodja,2026-10-23,pmf,no invasion,0.997481
2026-10-09,first confirmed case,2,Loko,2026-10-23,pmf,invasion,0.000492
2026-10-09,first confirmed case,2,Loko,2026-10-23,pmf,no invasion,0.999508
2026-10-09,first confirmed case,2,Lolo,2026-10-23,pmf,invasion,0.015991
2026-10-09,first confirmed case,2,Lolo,2026-10-23,pmf,no invasion,0.984009
2026-10-09,first confirmed case,2,Lomela,2026-10-23,pmf,invasion,0.000771
2026-10-09,first confirmed case,2,Lomela,2026-10-23,pmf,no invasion,0.999229
2026-10-09,first confirmed case,2,Lotumbe,2026-10-23,pmf,invasion,0.000198
2026-10-09,first confirmed case,2,Lotumbe,2026-10-23,pmf,no invasion,0.999802
2026-10-09,first confirmed case,2,Lowa,2026-10-23,pmf,invasion,0.002627
2026-10-09,first confirmed case,2,Lowa,2026-10-23,pmf,no invasion,0.997373
2026-10-09,first confirmed case,2,Lualaba,2026-10-23,pmf,invasion,0.000517
2026-10-09,first confirmed case,2,Lualaba,2026-10-23,pmf,no invasion,0.999483
2026-10-09,first confirmed case,2,Luambo,2026-10-23,pmf,invasion,0.000455
2026-10-09,first confirmed case,2,Luambo,2026-10-23,pmf,no invasion,0.999545
2026-10-09,first confirmed case,2,Lubao,2026-10-23,pmf,invasion,0.004073
2026-10-09,first confirmed case,2,Lubao,2026-10-23,pmf,no invasion,0.995927
2026-10-09,first confirmed case,2,Lubilanji,2026-10-23,pmf,invasion,0.000529
2026-10-09,first confirmed case,2,Lubilanji,2026-10-23,pmf,no invasion,0.999471
2026-10-09,first confirmed case,2,Lubondaie,2026-10-23,pmf,invasion,0.00118
2026-10-09,first confirmed case,2,Lubondaie,2026-10-23,pmf,no invasion,0.99882
2026-10-09,first confirmed case,2,Lubudi,2026-10-23,pmf,invasion,0.000258
2026-10-09,first confirmed case,2,Lubudi,2026-10-23,pmf,no invasion,0.999742
2026-10-09,first confirmed case,2,Lubumbashi,2026-10-23,pmf,invasion,0.00166
2026-10-09,first confirmed case,2,Lubumbashi,2026-10-23,pmf,no invasion,0.99834
2026-10-09,first confirmed case,2,Lubunga (Kasaï-Central),2026-10-23,pmf,invasion,0.001303
2026-10-09,first confirmed case,2,Lubunga (Kasaï-Central),2026-10-23,pmf,no invasion,0.998697
2026-10-09,first confirmed case,2,Lubutu,2026-10-23,pmf,invasion,0.007247
2026-10-09,first confirmed case,2,Lubutu,2026-10-23,pmf,no invasion,0.992753
2026-10-09,first confirmed case,2,Ludimbi Lukula,2026-10-23,pmf,invasion,0.003197
2026-10-09,first confirmed case,2,Ludimbi Lukula,2026-10-23,pmf,no invasion,0.996803
2026-10-09,first confirmed case,2,Luebo,2026-10-23,pmf,invasion,0.00097
2026-10-09,first confirmed case,2,Luebo,2026-10-23,pmf,no invasion,0.99903
2026-10-09,first confirmed case,2,Luiza,2026-10-23,pmf,invasion,0.000846
2026-10-09,first confirmed case,2,Luiza,2026-10-23,pmf,no invasion,0.999154
2026-10-09,first confirmed case,2,Lukafu,2026-10-23,pmf,invasion,0.000164
2026-10-09,first confirmed case,2,Lukafu,2026-10-23,pmf,no invasion,0.999836
2026-10-09,first confirmed case,2,Lukelenge,2026-10-23,pmf,invasion,0.000635
2026-10-09,first confirmed case,2,Lukelenge,2026-10-23,pmf,no invasion,0.999365
2026-10-09,first confirmed case,2,Lukolela,2026-10-23,pmf,invasion,0.000184
2026-10-09,first confirmed case,2,Lukolela,2026-10-23,pmf,no invasion,0.999816
2026-10-09,first confirmed case,2,Lukonga,2026-10-23,pmf,invasion,0.000917
2026-10-09,first confirmed case,2,Lukonga,2026-10-23,pmf,no invasion,0.999083
2026-10-09,first confirmed case,2,Lukula,2026-10-23,pmf,invasion,0.000131
2026-10-09,first confirmed case,2,Lukula,2026-10-23,pmf,no invasion,0.999869
2026-10-09,first confirmed case,2,Lulingu,2026-10-23,pmf,invasion,0.002705
2026-10-09,first confirmed case,2,Lulingu,2026-10-23,pmf,no invasion,0.997295
2026-10-09,first confirmed case,2,Luozi,2026-10-23,pmf,invasion,0.000417
2026-10-09,first confirmed case,2,Luozi,2026-10-23,pmf,no invasion,0.999583
2026-10-09,first confirmed case,2,Luputa,2026-10-23,pmf,invasion,0.001458
2026-10-09,first confirmed case,2,Luputa,2026-10-23,pmf,no invasion,0.998542
2026-10-09,first confirmed case,2,Lusambo,2026-10-23,pmf,invasion,0.000571
2026-10-09,first confirmed case,2,Lusambo,2026-10-23,pmf,no invasion,0.999429
2026-10-09,first confirmed case,2,Lusanga,2026-10-23,pmf,invasion,0.000929
2026-10-09,first confirmed case,2,Lusanga,2026-10-23,pmf,no invasion,0.999071
2026-10-09,first confirmed case,2,Lusangi,2026-10-23,pmf,invasion,0.001545
2026-10-09,first confirmed case,2,Lusangi,2026-10-23,pmf,no invasion,0.998455
2026-10-09,first confirmed case,2,Lwamba,2026-10-23,pmf,invasion,0.0009
2026-10-09,first confirmed case,2,Lwamba,2026-10-23,pmf,no invasion,0.9991
2026-10-09,first confirmed case,2,Makala,2026-10-23,pmf,invasion,0.00019
2026-10-09,first confirmed case,2,Makala,2026-10-23,pmf,no invasion,0.99981
2026-10-09,first confirmed case,2,Makanza,2026-10-23,pmf,invasion,0.000645
2026-10-09,first confirmed case,2,Makanza,2026-10-23,pmf,no invasion,0.999355
2026-10-09,first confirmed case,2,Makoro,2026-10-23,pmf,invasion,0.035598
2026-10-09,first confirmed case,2,Makoro,2026-10-23,pmf,no invasion,0.964402
2026-10-09,first confirmed case,2,Makota,2026-10-23,pmf,invasion,0.000616
2026-10-09,first confirmed case,2,Makota,2026-10-23,pmf,no invasion,0.999384
2026-10-09,first confirmed case,2,Malemba Nkulu,2026-10-23,pmf,invasion,0.000815
2026-10-09,first confirmed case,2,Malemba Nkulu,2026-10-23,pmf,no invasion,0.999185
2026-10-09,first confirmed case,2,Maluku 1,2026-10-23,pmf,invasion,0.000615
2026-10-09,first confirmed case,2,Maluku 1,2026-10-23,pmf,no invasion,0.999385
2026-10-09,first confirmed case,2,Maluku 2,2026-10-23,pmf,invasion,0.000459
2026-10-09,first confirmed case,2,Maluku 2,2026-10-23,pmf,no invasion,0.999541
2026-10-09,first confirmed case,2,Mampoko,2026-10-23,pmf,invasion,0.000202
2026-10-09,first confirmed case,2,Mampoko,2026-10-23,pmf,no invasion,0.999798
2026-10-09,first confirmed case,2,Mangembo,2026-10-23,pmf,invasion,0.000201
2026-10-09,first confirmed case,2,Mangembo,2026-10-23,pmf,no invasion,0.999799
2026-10-09,first confirmed case,2,Manika,2026-10-23,pmf,invasion,0.000703
2026-10-09,first confirmed case,2,Manika,2026-10-23,pmf,no invasion,0.999297
2026-10-09,first confirmed case,2,Manono,2026-10-23,pmf,invasion,0.001276
2026-10-09,first confirmed case,2,Manono,2026-10-23,pmf,no invasion,0.998724
2026-10-09,first confirmed case,2,Masi Manimba,2026-10-23,pmf,invasion,0.000662
2026-10-09,first confirmed case,2,Masi Manimba,2026-10-23,pmf,no invasion,0.999338
2026-10-09,first confirmed case,2,Masina 1,2026-10-23,pmf,invasion,0.000734
2026-10-09,first confirmed case,2,Masina 1,2026-10-23,pmf,no invasion,0.999266
2026-10-09,first confirmed case,2,Masina 2,2026-10-23,pmf,invasion,0.000413
2026-10-09,first confirmed case,2,Masina 2,2026-10-23,pmf,no invasion,0.999587
2026-10-09,first confirmed case,2,Masisi,2026-10-23,pmf,invasion,0.010715
2026-10-09,first confirmed case,2,Masisi,2026-10-23,pmf,no invasion,0.989286
2026-10-09,first confirmed case,2,Massa,2026-10-23,pmf,invasion,0.000142
2026-10-09,first confirmed case,2,Massa,2026-10-23,pmf,no invasion,0.999858
2026-10-09,first confirmed case,2,Masuika,2026-10-23,pmf,invasion,0.002548
2026-10-09,first confirmed case,2,Masuika,2026-10-23,pmf,no invasion,0.997452
2026-10-09,first confirmed case,2,Matadi,2026-10-23,pmf,invasion,0.000222
2026-10-09,first confirmed case,2,Matadi,2026-10-23,pmf,no invasion,0.999778
2026-10-09,first confirmed case,2,Matete,2026-10-23,pmf,invasion,0.000623
2026-10-09,first confirmed case,2,Matete,2026-10-23,pmf,no invasion,0.999377
2026-10-09,first confirmed case,2,Mawuya,2026-10-23,pmf,invasion,0.000441
2026-10-09,first confirmed case,2,Mawuya,2026-10-23,pmf,no invasion,0.999559
2026-10-09,first confirmed case,2,Mbandaka,2026-10-23,pmf,invasion,0.000561
2026-10-09,first confirmed case,2,Mbandaka,2026-10-23,pmf,no invasion,0.999439
2026-10-09,first confirmed case,2,Mbanza Ngungu,2026-10-23,pmf,invasion,0.000222
2026-10-09,first confirmed case,2,Mbanza Ngungu,2026-10-23,pmf,no invasion,0.999778
2026-10-09,first confirmed case,2,Mbaya,2026-10-23,pmf,invasion,0.01084
2026-10-09,first confirmed case,2,Mbaya,2026-10-23,pmf,no invasion,0.98916
2026-10-09,first confirmed case,2,Mbulula,2026-10-23,pmf,invasion,0.002134
2026-10-09,first confirmed case,2,Mbulula,2026-10-23,pmf,no invasion,0.997866
2026-10-09,first confirmed case,2,Miabi,2026-10-23,pmf,invasion,0.000419
2026-10-09,first confirmed case,2,Miabi,2026-10-23,pmf,no invasion,0.999581
2026-10-09,first confirmed case,2,Mikalayi,2026-10-23,pmf,invasion,0.000988
2026-10-09,first confirmed case,2,Mikalayi,2026-10-23,pmf,no invasion,0.999012
2026-10-09,first confirmed case,2,Mikope,2026-10-23,pmf,invasion,0.000384
2026-10-09,first confirmed case,2,Mikope,2026-10-23,pmf,no invasion,0.999616
2026-10-09,first confirmed case,2,Mimia,2026-10-23,pmf,invasion,0.000142
2026-10-09,first confirmed case,2,Mimia,2026-10-23,pmf,no invasion,0.999858
2026-10-09,first confirmed case,2,Minembwe,2026-10-23,pmf,invasion,0.00349
2026-10-09,first confirmed case,2,Minembwe,2026-10-23,pmf,no invasion,0.99651
2026-10-09,first confirmed case,2,Minga,2026-10-23,pmf,invasion,0.000784
2026-10-09,first confirmed case,2,Minga,2026-10-23,pmf,no invasion,0.999216
2026-10-09,first confirmed case,2,Minova,2026-10-23,pmf,invasion,0.005817
2026-10-09,first confirmed case,2,Minova,2026-10-23,pmf,no invasion,0.994183
2026-10-09,first confirmed case,2,Mitwaba,2026-10-23,pmf,invasion,0.000253
2026-10-09,first confirmed case,2,Mitwaba,2026-10-23,pmf,no invasion,0.999747
2026-10-09,first confirmed case,2,Moanza,2026-10-23,pmf,invasion,0.000657
2026-10-09,first confirmed case,2,Moanza,2026-10-23,pmf,no invasion,0.999343
2026-10-09,first confirmed case,2,Moba,2026-10-23,pmf,invasion,0.001113
2026-10-09,first confirmed case,2,Moba,2026-10-23,pmf,no invasion,0.998887
2026-10-09,first confirmed case,2,Mobayi Mbongo,2026-10-23,pmf,invasion,0.000407
2026-10-09,first confirmed case,2,Mobayi Mbongo,2026-10-23,pmf,no invasion,0.999593
2026-10-09,first confirmed case,2,Mokala,2026-10-23,pmf,invasion,0.000432
2026-10-09,first confirmed case,2,Mokala,2026-10-23,pmf,no invasion,0.999568
2026-10-09,first confirmed case,2,Mompono,2026-10-23,pmf,invasion,0.001752
2026-10-09,first confirmed case,2,Mompono,2026-10-23,pmf,no invasion,0.998248
2026-10-09,first confirmed case,2,Mondombe,2026-10-23,pmf,invasion,0.000942
2026-10-09,first confirmed case,2,Mondombe,2026-10-23,pmf,no invasion,0.999058
2026-10-09,first confirmed case,2,Monga,2026-10-23,pmf,invasion,0.00122
2026-10-09,first confirmed case,2,Monga,2026-10-23,pmf,no invasion,0.99878
2026-10-09,first confirmed case,2,Monieka,2026-10-23,pmf,invasion,0.000172
2026-10-09,first confirmed case,2,Monieka,2026-10-23,pmf,no invasion,0.999828
2026-10-09,first confirmed case,2,Monkoto,2026-10-23,pmf,invasion,0.000362
2026-10-09,first confirmed case,2,Monkoto,2026-10-23,pmf,no invasion,0.999638
2026-10-09,first confirmed case,2,Mont Ngafula 1,2026-10-23,pmf,invasion,0.000701
2026-10-09,first confirmed case,2,Mont Ngafula 1,2026-10-23,pmf,no invasion,0.999299
2026-10-09,first confirmed case,2,Mont Ngafula 2,2026-10-23,pmf,invasion,0.000544
2026-10-09,first confirmed case,2,Mont Ngafula 2,2026-10-23,pmf,no invasion,0.999456
2026-10-09,first confirmed case,2,Mosango,2026-10-23,pmf,invasion,0.000546
2026-10-09,first confirmed case,2,Mosango,2026-10-23,pmf,no invasion,0.999454
2026-10-09,first confirmed case,2,Mpokolo,2026-10-23,pmf,invasion,0.001478
2026-10-09,first confirmed case,2,Mpokolo,2026-10-23,pmf,no invasion,0.998522
2026-10-09,first confirmed case,2,Muanda,2026-10-23,pmf,invasion,1.5e-05
2026-10-09,first confirmed case,2,Muanda,2026-10-23,pmf,no invasion,0.999985
2026-10-09,first confirmed case,2,Mubumbano,2026-10-23,pmf,invasion,0.002711
2026-10-09,first confirmed case,2,Mubumbano,2026-10-23,pmf,no invasion,0.997289
2026-10-09,first confirmed case,2,Muetshi,2026-10-23,pmf,invasion,0.000493
2026-10-09,first confirmed case,2,Muetshi,2026-10-23,pmf,no invasion,0.999507
2026-10-09,first confirmed case,2,Mufunga Sampwe,2026-10-23,pmf,invasion,0.001054
2026-10-09,first confirmed case,2,Mufunga Sampwe,2026-10-23,pmf,no invasion,0.998946
2026-10-09,first confirmed case,2,Mukanga,2026-10-23,pmf,invasion,0.000548
2026-10-09,first confirmed case,2,Mukanga,2026-10-23,pmf,no invasion,0.999452
2026-10-09,first confirmed case,2,Mukedi,2026-10-23,pmf,invasion,0.000838
2026-10-09,first confirmed case,2,Mukedi,2026-10-23,pmf,no invasion,0.999162
2026-10-09,first confirmed case,2,Mukumbi,2026-10-23,pmf,invasion,0.001667
2026-10-09,first confirmed case,2,Mukumbi,2026-10-23,pmf,no invasion,0.998333
2026-10-09,first confirmed case,2,Mulongo,2026-10-23,pmf,invasion,0.000572
2026-10-09,first confirmed case,2,Mulongo,2026-10-23,pmf,no invasion,0.999428
2026-10-09,first confirmed case,2,Mulumba,2026-10-23,pmf,invasion,0.001531
2026-10-09,first confirmed case,2,Mulumba,2026-10-23,pmf,no invasion,0.998469
2026-10-09,first confirmed case,2,Mulungu,2026-10-23,pmf,invasion,0.002372
2026-10-09,first confirmed case,2,Mulungu,2026-10-23,pmf,no invasion,0.997628
2026-10-09,first confirmed case,2,Mumbunda,2026-10-23,pmf,invasion,0.001251
2026-10-09,first confirmed case,2,Mumbunda,2026-10-23,pmf,no invasion,0.998749
2026-10-09,first confirmed case,2,Mungindu,2026-10-23,pmf,invasion,0.0008
2026-10-09,first confirmed case,2,Mungindu,2026-10-23,pmf,no invasion,0.9992
2026-10-09,first confirmed case,2,Mushenge,2026-10-23,pmf,invasion,0.000338
2026-10-09,first confirmed case,2,Mushenge,2026-10-23,pmf,no invasion,0.999662
2026-10-09,first confirmed case,2,Mushie,2026-10-23,pmf,invasion,0.000184
2026-10-09,first confirmed case,2,Mushie,2026-10-23,pmf,no invasion,0.999816
2026-10-09,first confirmed case,2,Mutena,2026-10-23,pmf,invasion,0.00027
2026-10-09,first confirmed case,2,Mutena,2026-10-23,pmf,no invasion,0.99973
2026-10-09,first confirmed case,2,Mutoto,2026-10-23,pmf,invasion,0.000872
2026-10-09,first confirmed case,2,Mutoto,2026-10-23,pmf,no invasion,0.999128
2026-10-09,first confirmed case,2,Mutshatsha,2026-10-23,pmf,invasion,4.6e-05
2026-10-09,first confirmed case,2,Mutshatsha,2026-10-23,pmf,no invasion,0.999954
2026-10-09,first confirmed case,2,Muya,2026-10-23,pmf,invasion,0.000496
2026-10-09,first confirmed case,2,Muya,2026-10-23,pmf,no invasion,0.999504
2026-10-09,first confirmed case,2,Mwana,2026-10-23,pmf,invasion,0.003166
2026-10-09,first confirmed case,2,Mwana,2026-10-23,pmf,no invasion,0.996834
2026-10-09,first confirmed case,2,Mweka,2026-10-23,pmf,invasion,0.000981
2026-10-09,first confirmed case,2,Mweka,2026-10-23,pmf,no invasion,0.999019
2026-10-09,first confirmed case,2,Mwela Lembwa,2026-10-23,pmf,invasion,0.000159
2026-10-09,first confirmed case,2,Mwela Lembwa,2026-10-23,pmf,no invasion,0.999841
2026-10-09,first confirmed case,2,Mweneditu,2026-10-23,pmf,invasion,0.001435
2026-10-09,first confirmed case,2,Mweneditu,2026-10-23,pmf,no invasion,0.998565
2026-10-09,first confirmed case,2,Mwenga,2026-10-23,pmf,invasion,0.003928
2026-10-09,first confirmed case,2,Mwenga,2026-10-23,pmf,no invasion,0.996072
2026-10-09,first confirmed case,2,Mweso,2026-10-23,pmf,invasion,0.009536
2026-10-09,first confirmed case,2,Mweso,2026-10-23,pmf,no invasion,0.990464
2026-10-09,first confirmed case,2,Ndage,2026-10-23,pmf,invasion,0.002272
2026-10-09,first confirmed case,2,Ndage,2026-10-23,pmf,no invasion,0.997728
2026-10-09,first confirmed case,2,Ndekesha,2026-10-23,pmf,invasion,0.002127
2026-10-09,first confirmed case,2,Ndekesha,2026-10-23,pmf,no invasion,0.997873
2026-10-09,first confirmed case,2,Ndesha,2026-10-23,pmf,invasion,0.000226
2026-10-09,first confirmed case,2,Ndesha,2026-10-23,pmf,no invasion,0.999774
2026-10-09,first confirmed case,2,Ndjili,2026-10-23,pmf,invasion,0.000437
2026-10-09,first confirmed case,2,Ndjili,2026-10-23,pmf,no invasion,0.999563
2026-10-09,first confirmed case,2,Ndjoko Mpunda,2026-10-23,pmf,invasion,0.001415
2026-10-09,first confirmed case,2,Ndjoko Mpunda,2026-10-23,pmf,no invasion,0.998585
2026-10-09,first confirmed case,2,Ngaba,2026-10-23,pmf,invasion,0.000103
2026-10-09,first confirmed case,2,Ngaba,2026-10-23,pmf,no invasion,0.999897
2026-10-09,first confirmed case,2,Ngandajika,2026-10-23,pmf,invasion,0.003487
2026-10-09,first confirmed case,2,Ngandajika,2026-10-23,pmf,no invasion,0.996513
2026-10-09,first confirmed case,2,Ngidinga,2026-10-23,pmf,invasion,0.00014
2026-10-09,first confirmed case,2,Ngidinga,2026-10-23,pmf,no invasion,0.99986
2026-10-09,first confirmed case,2,Ngiri Ngiri,2026-10-23,pmf,invasion,0.000306
2026-10-09,first confirmed case,2,Ngiri Ngiri,2026-10-23,pmf,no invasion,0.999694
2026-10-09,first confirmed case,2,Niangara,2026-10-23,pmf,invasion,0.069049
2026-10-09,first confirmed case,2,Niangara,2026-10-23,pmf,no invasion,0.930951
2026-10-09,first confirmed case,2,Nioki,2026-10-23,pmf,invasion,0.000218
2026-10-09,first confirmed case,2,Nioki,2026-10-23,pmf,no invasion,0.999782
2026-10-09,first confirmed case,2,Nsele,2026-10-23,pmf,invasion,0.002275
2026-10-09,first confirmed case,2,Nsele,2026-10-23,pmf,no invasion,0.997725
2026-10-09,first confirmed case,2,Nselo,2026-10-23,pmf,invasion,6.7e-05
2026-10-09,first confirmed case,2,Nselo,2026-10-23,pmf,no invasion,0.999933
2026-10-09,first confirmed case,2,Nsona Mpangu,2026-10-23,pmf,invasion,0.00018
2026-10-09,first confirmed case,2,Nsona Mpangu,2026-10-23,pmf,no invasion,0.99982
2026-10-09,first confirmed case,2,Ntandembelo,2026-10-23,pmf,invasion,0.00018
2026-10-09,first confirmed case,2,Ntandembelo,2026-10-23,pmf,no invasion,0.99982
2026-10-09,first confirmed case,2,Ntondo,2026-10-23,pmf,invasion,0.000179
2026-10-09,first confirmed case,2,Ntondo,2026-10-23,pmf,no invasion,0.999821
2026-10-09,first confirmed case,2,Nundu,2026-10-23,pmf,invasion,0.004211
2026-10-09,first confirmed case,2,Nundu,2026-10-23,pmf,no invasion,0.995789
2026-10-09,first confirmed case,2,Nyanga,2026-10-23,pmf,invasion,0.000267
2026-10-09,first confirmed case,2,Nyanga,2026-10-23,pmf,no invasion,0.999733
2026-10-09,first confirmed case,2,Nyangezi,2026-10-23,pmf,invasion,0.003078
2026-10-09,first confirmed case,2,Nyangezi,2026-10-23,pmf,no invasion,0.996922
2026-10-09,first confirmed case,2,Nyantende,2026-10-23,pmf,invasion,0.002378
2026-10-09,first confirmed case,2,Nyantende,2026-10-23,pmf,no invasion,0.997622
2026-10-09,first confirmed case,2,Nyarambe,2026-10-23,pmf,invasion,0.013663
2026-10-09,first confirmed case,2,Nyarambe,2026-10-23,pmf,no invasion,0.986337
2026-10-09,first confirmed case,2,Nyemba,2026-10-23,pmf,invasion,0.003831
2026-10-09,first confirmed case,2,Nyemba,2026-10-23,pmf,no invasion,0.996169
2026-10-09,first confirmed case,2,Nyiragongo,2026-10-23,pmf,invasion,0.005815
2026-10-09,first confirmed case,2,Nyiragongo,2026-10-23,pmf,no invasion,0.994185
2026-10-09,first confirmed case,2,Nyunzu,2026-10-23,pmf,invasion,0.001674
2026-10-09,first confirmed case,2,Nyunzu,2026-10-23,pmf,no invasion,0.998326
2026-10-09,first confirmed case,2,Nzaba,2026-10-23,pmf,invasion,0.001012
2026-10-09,first confirmed case,2,Nzaba,2026-10-23,pmf,no invasion,0.998988
2026-10-09,first confirmed case,2,Nzanza,2026-10-23,pmf,invasion,4.9e-05
2026-10-09,first confirmed case,2,Nzanza,2026-10-23,pmf,no invasion,0.999951
2026-10-09,first confirmed case,2,Obokote,2026-10-23,pmf,invasion,0.000848
2026-10-09,first confirmed case,2,Obokote,2026-10-23,pmf,no invasion,0.999152
2026-10-09,first confirmed case,2,Omendjadi,2026-10-23,pmf,invasion,0.002404
2026-10-09,first confirmed case,2,Omendjadi,2026-10-23,pmf,no invasion,0.997596
2026-10-09,first confirmed case,2,Opala,2026-10-23,pmf,invasion,0.001539
2026-10-09,first confirmed case,2,Opala,2026-10-23,pmf,no invasion,0.998461
2026-10-09,first confirmed case,2,Opienge,2026-10-23,pmf,invasion,0.004999
2026-10-09,first confirmed case,2,Opienge,2026-10-23,pmf,no invasion,0.995001
2026-10-09,first confirmed case,2,Oshwe,2026-10-23,pmf,invasion,0.000236
2026-10-09,first confirmed case,2,Oshwe,2026-10-23,pmf,no invasion,0.999764
2026-10-09,first confirmed case,2,Ototo,2026-10-23,pmf,invasion,0.000767
2026-10-09,first confirmed case,2,Ototo,2026-10-23,pmf,no invasion,0.999233
2026-10-09,first confirmed case,2,Panda,2026-10-23,pmf,invasion,0.000131
2026-10-09,first confirmed case,2,Panda,2026-10-23,pmf,no invasion,0.999869
2026-10-09,first confirmed case,2,Pangi,2026-10-23,pmf,invasion,0.000654
2026-10-09,first confirmed case,2,Pangi,2026-10-23,pmf,no invasion,0.999346
2026-10-09,first confirmed case,2,Pania Mutombo,2026-10-23,pmf,invasion,0.000353
2026-10-09,first confirmed case,2,Pania Mutombo,2026-10-23,pmf,no invasion,0.999647
2026-10-09,first confirmed case,2,Panzi,2026-10-23,pmf,invasion,0.000314
2026-10-09,first confirmed case,2,Panzi,2026-10-23,pmf,no invasion,0.999686
2026-10-09,first confirmed case,2,Pay Kongila,2026-10-23,pmf,invasion,0.000348
2026-10-09,first confirmed case,2,Pay Kongila,2026-10-23,pmf,no invasion,0.999652
2026-10-09,first confirmed case,2,Pendjwa,2026-10-23,pmf,invasion,0.000409
2026-10-09,first confirmed case,2,Pendjwa,2026-10-23,pmf,no invasion,0.999591
2026-10-09,first confirmed case,2,Pimu,2026-10-23,pmf,invasion,0.00071
2026-10-09,first confirmed case,2,Pimu,2026-10-23,pmf,no invasion,0.99929
2026-10-09,first confirmed case,2,Pinga,2026-10-23,pmf,invasion,0.006246
2026-10-09,first confirmed case,2,Pinga,2026-10-23,pmf,no invasion,0.993754
2026-10-09,first confirmed case,2,Poko,2026-10-23,pmf,invasion,0.060155
2026-10-09,first confirmed case,2,Poko,2026-10-23,pmf,no invasion,0.939845
2026-10-09,first confirmed case,2,Police,2026-10-23,pmf,invasion,0.000259
2026-10-09,first confirmed case,2,Police,2026-10-23,pmf,no invasion,0.999741
2026-10-09,first confirmed case,2,Popokabaka,2026-10-23,pmf,invasion,0.000271
2026-10-09,first confirmed case,2,Popokabaka,2026-10-23,pmf,no invasion,0.999729
2026-10-09,first confirmed case,2,Punia,2026-10-23,pmf,invasion,0.003228
2026-10-09,first confirmed case,2,Punia,2026-10-23,pmf,no invasion,0.996772
2026-10-09,first confirmed case,2,Pweto,2026-10-23,pmf,invasion,0.000362
2026-10-09,first confirmed case,2,Pweto,2026-10-23,pmf,no invasion,0.999638
2026-10-09,first confirmed case,2,Rethy,2026-10-23,pmf,invasion,0.191321
2026-10-09,first confirmed case,2,Rethy,2026-10-23,pmf,no invasion,0.808679
2026-10-09,first confirmed case,2,Ruashi,2026-10-23,pmf,invasion,0.000265
2026-10-09,first confirmed case,2,Ruashi,2026-10-23,pmf,no invasion,0.999735
2026-10-09,first confirmed case,2,Rutshuru,2026-10-23,pmf,invasion,0.013776
2026-10-09,first confirmed case,2,Rutshuru,2026-10-23,pmf,no invasion,0.986224
2026-10-09,first confirmed case,2,Ruzizi,2026-10-23,pmf,invasion,0.010019
2026-10-09,first confirmed case,2,Ruzizi,2026-10-23,pmf,no invasion,0.989981
2026-10-09,first confirmed case,2,Rwanguba,2026-10-23,pmf,invasion,0.01699
2026-10-09,first confirmed case,2,Rwanguba,2026-10-23,pmf,no invasion,0.98301
2026-10-09,first confirmed case,2,Sakania,2026-10-23,pmf,invasion,0.000276
2026-10-09,first confirmed case,2,Sakania,2026-10-23,pmf,no invasion,0.999724
2026-10-09,first confirmed case,2,Samba,2026-10-23,pmf,invasion,0.001496
2026-10-09,first confirmed case,2,Samba,2026-10-23,pmf,no invasion,0.998504
2026-10-09,first confirmed case,2,Sandoa,2026-10-23,pmf,invasion,0.00033
2026-10-09,first confirmed case,2,Sandoa,2026-10-23,pmf,no invasion,0.99967
2026-10-09,first confirmed case,2,Saramabila,2026-10-23,pmf,invasion,0.002832
2026-10-09,first confirmed case,2,Saramabila,2026-10-23,pmf,no invasion,0.997168
2026-10-09,first confirmed case,2,Seke Banza,2026-10-23,pmf,invasion,0.000126
2026-10-09,first confirmed case,2,Seke Banza,2026-10-23,pmf,no invasion,0.999874
2026-10-09,first confirmed case,2,Selembao,2026-10-23,pmf,invasion,0.000511
2026-10-09,first confirmed case,2,Selembao,2026-10-23,pmf,no invasion,0.999489
2026-10-09,first confirmed case,2,Shabunda,2026-10-23,pmf,invasion,0.00576
2026-10-09,first confirmed case,2,Shabunda,2026-10-23,pmf,no invasion,0.99424
2026-10-09,first confirmed case,2,Sia,2026-10-23,pmf,invasion,0.000263
2026-10-09,first confirmed case,2,Sia,2026-10-23,pmf,no invasion,0.999737
2026-10-09,first confirmed case,2,Sona Bata,2026-10-23,pmf,invasion,0.000107
2026-10-09,first confirmed case,2,Sona Bata,2026-10-23,pmf,no invasion,0.999893
2026-10-09,first confirmed case,2,Songa,2026-10-23,pmf,invasion,0.000341
2026-10-09,first confirmed case,2,Songa,2026-10-23,pmf,no invasion,0.999659
2026-10-09,first confirmed case,2,Tandala,2026-10-23,pmf,invasion,0.001439
2026-10-09,first confirmed case,2,Tandala,2026-10-23,pmf,no invasion,0.998561
2026-10-09,first confirmed case,2,Tembo,2026-10-23,pmf,invasion,2.2e-05
2026-10-09,first confirmed case,2,Tembo,2026-10-23,pmf,no invasion,0.999978
2026-10-09,first confirmed case,2,Titule,2026-10-23,pmf,invasion,0.007587
2026-10-09,first confirmed case,2,Titule,2026-10-23,pmf,no invasion,0.992413
2026-10-09,first confirmed case,2,Tshamilemba,2026-10-23,pmf,invasion,0.000695
2026-10-09,first confirmed case,2,Tshamilemba,2026-10-23,pmf,no invasion,0.999305
2026-10-09,first confirmed case,2,Tshela,2026-10-23,pmf,invasion,1.2e-05
2026-10-09,first confirmed case,2,Tshela,2026-10-23,pmf,no invasion,0.999988
2026-10-09,first confirmed case,2,Tshibala,2026-10-23,pmf,invasion,0.001758
2026-10-09,first confirmed case,2,Tshibala,2026-10-23,pmf,no invasion,0.998242
2026-10-09,first confirmed case,2,Tshikaji,2026-10-23,pmf,invasion,0.000878
2026-10-09,first confirmed case,2,Tshikaji,2026-10-23,pmf,no invasion,0.999122
2026-10-09,first confirmed case,2,Tshikapa,2026-10-23,pmf,invasion,0.000811
2026-10-09,first confirmed case,2,Tshikapa,2026-10-23,pmf,no invasion,0.999189
2026-10-09,first confirmed case,2,Tshikula,2026-10-23,pmf,invasion,0.000496
2026-10-09,first confirmed case,2,Tshikula,2026-10-23,pmf,no invasion,0.999504
2026-10-09,first confirmed case,2,Tshilenge,2026-10-23,pmf,invasion,0.000758
2026-10-09,first confirmed case,2,Tshilenge,2026-10-23,pmf,no invasion,0.999242
2026-10-09,first confirmed case,2,Tshishimbi,2026-10-23,pmf,invasion,0.000429
2026-10-09,first confirmed case,2,Tshishimbi,2026-10-23,pmf,no invasion,0.999571
2026-10-09,first confirmed case,2,Tshofa,2026-10-23,pmf,invasion,0.003348
2026-10-09,first confirmed case,2,Tshofa,2026-10-23,pmf,no invasion,0.996652
2026-10-09,first confirmed case,2,Tshudi Loto,2026-10-23,pmf,invasion,0.000623
2026-10-09,first confirmed case,2,Tshudi Loto,2026-10-23,pmf,no invasion,0.999377
2026-10-09,first confirmed case,2,Tshumbe,2026-10-23,pmf,invasion,0.000855
2026-10-09,first confirmed case,2,Tshumbe,2026-10-23,pmf,no invasion,0.999145
2026-10-09,first confirmed case,2,Tunda,2026-10-23,pmf,invasion,0.000599
2026-10-09,first confirmed case,2,Tunda,2026-10-23,pmf,no invasion,0.999401
2026-10-09,first confirmed case,2,Ubundu,2026-10-23,pmf,invasion,0.003845
2026-10-09,first confirmed case,2,Ubundu,2026-10-23,pmf,no invasion,0.996155
2026-10-09,first confirmed case,2,Uvira,2026-10-23,pmf,invasion,0.016741
2026-10-09,first confirmed case,2,Uvira,2026-10-23,pmf,no invasion,0.983259
2026-10-09,first confirmed case,2,Vaku,2026-10-23,pmf,invasion,7.2e-05
2026-10-09,first confirmed case,2,Vaku,2026-10-23,pmf,no invasion,0.999928
2026-10-09,first confirmed case,2,Vanga,2026-10-23,pmf,invasion,0.000784
2026-10-09,first confirmed case,2,Vanga,2026-10-23,pmf,no invasion,0.999216
2026-10-09,first confirmed case,2,Vanga Kete,2026-10-23,pmf,invasion,0.000912
2026-10-09,first confirmed case,2,Vanga Kete,2026-10-23,pmf,no invasion,0.999088
2026-10-09,first confirmed case,2,Vangu,2026-10-23,pmf,invasion,3.9e-05
2026-10-09,first confirmed case,2,Vangu,2026-10-23,pmf,no invasion,0.999961
2026-10-09,first confirmed case,2,Walikale,2026-10-23,pmf,invasion,0.013778
2026-10-09,first confirmed case,2,Walikale,2026-10-23,pmf,no invasion,0.986222
2026-10-09,first confirmed case,2,Walungu,2026-10-23,pmf,invasion,0.003826
2026-10-09,first confirmed case,2,Walungu,2026-10-23,pmf,no invasion,0.996174
2026-10-09,first confirmed case,2,Wamba Lwadi,2026-10-23,pmf,invasion,0.000231
2026-10-09,first confirmed case,2,Wamba Lwadi,2026-10-23,pmf,no invasion,0.999769
2026-10-09,first confirmed case,2,Wangata,2026-10-23,pmf,invasion,0.000565
2026-10-09,first confirmed case,2,Wangata,2026-10-23,pmf,no invasion,0.999435
2026-10-09,first confirmed case,2,Wapinda,2026-10-23,pmf,invasion,0.000813
2026-10-09,first confirmed case,2,Wapinda,2026-10-23,pmf,no invasion,0.999187
2026-10-09,first confirmed case,2,Wasolo,2026-10-23,pmf,invasion,0.001309
2026-10-09,first confirmed case,2,Wasolo,2026-10-23,pmf,no invasion,0.998691
2026-10-09,first confirmed case,2,Watsa,2026-10-23,pmf,invasion,0.116371
2026-10-09,first confirmed case,2,Watsa,2026-10-23,pmf,no invasion,0.883629
2026-10-09,first confirmed case,2,Wema,2026-10-23,pmf,invasion,0.000249
2026-10-09,first confirmed case,2,Wema,2026-10-23,pmf,no invasion,0.999751
2026-10-09,first confirmed case,2,Wembo Nyama,2026-10-23,pmf,invasion,0.000649
2026-10-09,first confirmed case,2,Wembo Nyama,2026-10-23,pmf,no invasion,0.999351
2026-10-09,first confirmed case,2,Wikong,2026-10-23,pmf,invasion,0.000462
2026-10-09,first confirmed case,2,Wikong,2026-10-23,pmf,no invasion,0.999538
2026-10-09,first confirmed case,2,Yabaondo,2026-10-23,pmf,invasion,0.005593
2026-10-09,first confirmed case,2,Yabaondo,2026-10-23,pmf,no invasion,0.994407
2026-10-09,first confirmed case,2,Yahisuli,2026-10-23,pmf,invasion,0.002369
2026-10-09,first confirmed case,2,Yahisuli,2026-10-23,pmf,no invasion,0.997631
2026-10-09,first confirmed case,2,Yahuma,2026-10-23,pmf,invasion,0.002401
2026-10-09,first confirmed case,2,Yahuma,2026-10-23,pmf,no invasion,0.997599
2026-10-09,first confirmed case,2,Yakoma,2026-10-23,pmf,invasion,0.001271
2026-10-09,first confirmed case,2,Yakoma,2026-10-23,pmf,no invasion,0.998729
2026-10-09,first confirmed case,2,Yakusu,2026-10-23,pmf,invasion,0.059859
2026-10-09,first confirmed case,2,Yakusu,2026-10-23,pmf,no invasion,0.940141
2026-10-09,first confirmed case,2,Yaleko,2026-10-23,pmf,invasion,0.003171
2026-10-09,first confirmed case,2,Yaleko,2026-10-23,pmf,no invasion,0.996829
2026-10-09,first confirmed case,2,Yalifafu,2026-10-23,pmf,invasion,0.002344
2026-10-09,first confirmed case,2,Yalifafu,2026-10-23,pmf,no invasion,0.997656
2026-10-09,first confirmed case,2,Yalimbongo,2026-10-23,pmf,invasion,0.023515
2026-10-09,first confirmed case,2,Yalimbongo,2026-10-23,pmf,no invasion,0.976485
2026-10-09,first confirmed case,2,Yamaluka,2026-10-23,pmf,invasion,0.002531
2026-10-09,first confirmed case,2,Yamaluka,2026-10-23,pmf,no invasion,0.997469
2026-10-09,first confirmed case,2,Yambuku,2026-10-23,pmf,invasion,0.002438
2026-10-09,first confirmed case,2,Yambuku,2026-10-23,pmf,no invasion,0.997562
2026-10-09,first confirmed case,2,Yamongili,2026-10-23,pmf,invasion,0.002334
2026-10-09,first confirmed case,2,Yamongili,2026-10-23,pmf,no invasion,0.997666
2026-10-09,first confirmed case,2,Yangala,2026-10-23,pmf,invasion,0.001586
2026-10-09,first confirmed case,2,Yangala,2026-10-23,pmf,no invasion,0.998414
2026-10-09,first confirmed case,2,Yasa Bonga,2026-10-23,pmf,invasion,0.000543
2026-10-09,first confirmed case,2,Yasa Bonga,2026-10-23,pmf,no invasion,0.999457
2026-10-09,first confirmed case,2,Yumbi,2026-10-23,pmf,invasion,0.000137
2026-10-09,first confirmed case,2,Yumbi,2026-10-23,pmf,no invasion,0.999863
2026-10-09,first confirmed case,2,Zongo,2026-10-23,pmf,invasion,0.000104
2026-10-09,first confirmed case,2,Zongo,2026-10-23,pmf,no invasion,0.999896
